start,end,position,line,text,token
44.819,45.252,-1,0,<9>acchikocchidocchi</c>,chi
44.652,44.819,-1,0,<9>acchikocchidoc</c><12>chi</c>,doc
44.452,44.652,-1,0,<9>acchikocchi</c><12>docchi</c>,chi
44.251,44.452,-1,0,<9>acchikoc</c><12>chidocchi</c>,koc
44.051,44.251,-1,0,<9>acchi</c><12>kocchidocchi</c>,chi
43.851,44.051,-1,0,<9>ac</c><12>chikocchidocchi</c>,ac
163.037,163.669,-1,0,<24>ahh</c>,ahh
69.844,70.244,-1,0,<10>areyouready?</c>,dy?
69.543,69.844,-1,0,<10>areyourea</c><12>dy?</c>,rea
69.443,69.543,-1,0,<10>areyou</c><12>ready?</c>,you
69.243,69.443,-1,0,<10>are</c><12>youready?</c>,are
252.826,253.259,-1,0,<1>atogofuniyajuppunmatasete</c>,te
252.626,252.826,-1,0,<1>atogofuniyajuppunmatase</c><12>te</c>,se
252.226,252.626,-1,0,<1>atogofuniyajuppunmata</c><12>sete</c>,ta
252.026,252.226,-1,0,<1>atogofuniyajuppunma</c><12>tasete</c>,ma
251.825,252.026,-1,0,<1>atogofuniyajuppun</c><12>matasete</c>,pun
251.625,251.825,-1,0,<1>atogofuniyajup</c><12>punmatasete</c>,jup
251.425,251.625,-1,0,<1>atogofuniya</c><12>juppunmatasete</c>,ya
251.325,251.425,-1,0,<1>atogofuni</c><12>yajuppunmatasete</c>,i
250.424,251.325,-1,0,<1>atogofun</c><12>iyajuppunmatasete</c>,n
250.224,250.424,-1,0,<1>atogofu</c><12>niyajuppunmatasete</c>,fu
249.823,250.224,-1,0,<1>atogo</c><12>funiyajuppunmatasete</c>,go
249.623,249.823,-1,0,<1>ato</c><12>gofuniyajuppunmatasete</c>,to
249.423,249.623,-1,0,<1>a</c><12>togofuniyajuppunmatasete</c>,a
96.037,96.469,-1,0,<18>atogofuniyajuppunmatasete</c>,te
95.836,96.037,-1,0,<18>atogofuniyajuppunmatase</c><12>te</c>,se
95.436,95.836,-1,0,<18>atogofuniyajuppunmata</c><12>sete</c>,ta
95.269,95.436,-1,0,<18>atogofuniyajuppunma</c><12>tasete</c>,ma
95.036,95.269,-1,0,<18>atogofuniyajuppun</c><12>matasete</c>,pun
94.835,95.036,-1,0,<18>atogofuniyajup</c><12>punmatasete</c>,jup
94.635,94.835,-1,0,<18>atogofuniya</c><12>juppunmatasete</c>,ya
94.535,94.635,-1,0,<18>atogofuni</c><12>yajuppunmatasete</c>,i
93.634,94.535,-1,0,<18>atogofun</c><12>iyajuppunmatasete</c>,n
93.434,93.634,-1,0,<18>atogofu</c><12>niyajuppunmatasete</c>,fu
93.034,93.434,-1,0,<18>atogo</c><12>funiyajuppunmatasete</c>,go
92.833,93.034,-1,0,<18>ato</c><12>gofuniyajuppunmatasete</c>,to
92.633,92.833,-1,0,<18>a</c><12>togofuniyajuppunmatasete</c>,a
50.825,51.659,-1,0,<20>baasudeimadasakidesho?</c>,sho?
50.624,50.825,-1,0,<20>baasudeimadasakide</c><12>sho?</c>,de
50.458,50.624,-1,0,<20>baasudeimadasaki</c><12>desho?</c>,ki
50.224,50.458,-1,0,<20>baasudeimadasa</c><12>kidesho?</c>,sa
50.024,50.224,-1,0,<20>baasudeimada</c><12>sakidesho?</c>,da
49.824,50.024,-1,0,<20>baasudeima</c><12>dasakidesho?</c>,ma
49.223,49.824,-1,0,<20>baasudei</c><12>madasakidesho?</c>,dei
49.023,49.223,-1,0,<20>baasu</c><12>deimadasakidesho?</c>,su
48.422,49.023,-1,0,<20>baa</c><12>sudeimadasakidesho?</c>,baa
38.045,38.846,-1,0,<8>bakkuappuwamakasete</c>,te
37.845,38.045,-1,0,<8>bakkuappuwamakase</c><12>te</c>,se
37.645,37.845,-1,0,<8>bakkuappuwamaka</c><12>sete</c>,ka
37.445,37.645,-1,0,<8>bakkuappuwama</c><12>kasete</c>,ma
37.244,37.445,-1,0,<8>bakkuappuwa</c><12>makasete</c>,wa
37.044,37.244,-1,0,<8>bakkuappu</c><12>wamakasete</c>,pu
36.444,37.044,-1,0,<8>bakkuap</c><12>puwamakasete</c>,ap
36.243,36.444,-1,0,<8>bakku</c><12>appuwamakasete</c>,ku
35.643,36.243,-1,0,<8>bak</c><12>kuappuwamakasete</c>,bak
134.442,134.642,70,0,<21>butsukarebamataatarashiichishikihakkutsu</c>,tsu
134.241,134.442,73,0,<21>butsukarebamataatarashiichishikihakku</c><12>tsu</c>,ku
134.141,134.241,73,0,<21>butsukarebamataatarashiichishikihak</c><12>kutsu</c>,hak
134.041,134.141,73,0,<21>butsukarebamataatarashiichishiki</c><12>hakkutsu</c>,ki
133.941,134.041,73,0,<21>butsukarebamataatarashiichishi</c><12>kihakkutsu</c>,shi
133.841,133.941,73,0,<21>butsukarebamataatarashiichi</c><12>shikihakkutsu</c>,chi
133.741,133.841,73,0,<21>butsukarebamataatarashii</c><12>chishikihakkutsu</c>,i
133.641,133.741,73,0,<21>butsukarebamataatarashi</c><12>ichishikihakkutsu</c>,shi
133.541,133.641,73,0,<21>butsukarebamataatara</c><12>shiichishikihakkutsu</c>,ra
133.441,133.541,73,0,<21>butsukarebamataata</c><12>rashiichishikihakkutsu</c>,ta
133.34,133.441,73,0,<21>butsukarebamataa</c><12>tarashiichishikihakkutsu</c>,a
133.107,133.34,73,0,<21>butsukarebamata</c><12>atarashiichishikihakkutsu</c>,ta
133.04,133.107,73,0,<21>butsukarebama</c><12>taatarashiichishikihakkutsu</c>,ma
132.84,133.04,73,0,<21>butsukareba</c><12>mataatarashiichishikihakkutsu</c>,ba
132.74,132.84,73,0,<21>butsukare</c><12>bamataatarashiichishikihakkutsu</c>,re
132.64,132.74,73,0,<21>butsuka</c><12>rebamataatarashiichishikihakkutsu</c>,ka
132.54,132.64,73,0,<21>butsu</c><12>karebamataatarashiichishikihakkutsu</c>,tsu
132.44,132.54,73,0,<21>bu</c><12>tsukarebamataatarashiichishikihakkutsu</c>,bu
211.452,211.652,61,0,<13>chikyuunouragawamadebokuohakonde</c>,de
211.218,211.452,64,0,<13>chikyuunouragawamadebokuohakon</c><12>de</c>,n
211.051,211.218,64,0,<13>chikyuunouragawamadebokuohako</c><12>nde</c>,ko
210.751,211.051,64,0,<13>chikyuunouragawamadebokuoha</c><12>konde</c>,ha
210.618,210.751,64,0,<13>chikyuunouragawamadebokuo</c><12>hakonde</c>,o
210.451,210.618,64,0,<13>chikyuunouragawamadeboku</c><12>ohakonde</c>,ku
210.251,210.451,64,0,<13>chikyuunouragawamadebo</c><12>kuohakonde</c>,bo
210.017,210.251,64,0,<13>chikyuunouragawamade</c><12>bokuohakonde</c>,de
209.817,210.017,64,0,<13>chikyuunouragawama</c><12>debokuohakonde</c>,ma
209.65,209.817,64,0,<13>chikyuunouragawa</c><12>madebokuohakonde</c>,wa
209.45,209.65,64,0,<13>chikyuunouraga</c><12>wamadebokuohakonde</c>,ga
209.15,209.45,64,0,<13>chikyuunoura</c><12>gawamadebokuohakonde</c>,ra
209.016,209.15,64,0,<13>chikyuunou</c><12>ragawamadebokuohakonde</c>,u
208.816,209.016,64,0,<13>chikyuuno</c><12>uragawamadebokuohakonde</c>,no
208.649,208.816,64,0,<13>chikyuu</c><12>nouragawamadebokuohakonde</c>,kyuu
208.415,208.649,64,0,<13>chi</c><12>kyuunouragawamadebokuohakonde</c>,chi
147.455,147.655,61,0,<5>chikyuunouragawamadebokuohakonde</c>,de
147.254,147.455,64,0,<5>chikyuunouragawamadebokuohakon</c><12>de</c>,n
147.054,147.254,64,0,<5>chikyuunouragawamadebokuohako</c><12>nde</c>,ko
146.754,147.054,64,0,<5>chikyuunouragawamadebokuoha</c><12>konde</c>,ha
146.62,146.754,64,0,<5>chikyuunouragawamadebokuo</c><12>hakonde</c>,o
146.454,146.62,64,0,<5>chikyuunouragawamadeboku</c><12>ohakonde</c>,ku
146.253,146.454,64,0,<5>chikyuunouragawamadebo</c><12>kuohakonde</c>,bo
146.02,146.253,64,0,<5>chikyuunouragawamade</c><12>bokuohakonde</c>,de
145.82,146.02,64,0,<5>chikyuunouragawama</c><12>debokuohakonde</c>,ma
145.653,145.82,64,0,<5>chikyuunouragawa</c><12>madebokuohakonde</c>,wa
145.453,145.653,64,0,<5>chikyuunouraga</c><12>wamadebokuohakonde</c>,ga
145.152,145.453,64,0,<5>chikyuunoura</c><12>gawamadebokuohakonde</c>,ra
145.019,145.152,64,0,<5>chikyuunou</c><12>ragawamadebokuohakonde</c>,u
144.819,145.019,64,0,<5>chikyuuno</c><12>uragawamadebokuohakonde</c>,no
144.652,144.819,64,0,<5>chikyuu</c><12>nouragawamadebokuohakonde</c>,kyuu
144.418,144.652,64,0,<5>chi</c><12>kyuunouragawamadebokuohakonde</c>,chi
128.769,129.437,69,0,<4>choushininoridasudemosugunihekomidasu</c>,su
128.636,128.769,72,0,<4>choushininoridasudemosugunihekomida</c><12>su</c>,da
128.436,128.636,72,0,<4>choushininoridasudemosugunihekomi</c><12>dasu</c>,mi
128.269,128.436,72,0,<4>choushininoridasudemosuguniheko</c><12>midasu</c>,ko
128.035,128.269,72,0,<4>choushininoridasudemosugunihe</c><12>komidasu</c>,he
127.835,128.035,72,0,<4>choushininoridasudemosuguni</c><12>hekomidasu</c>,ni
127.635,127.835,72,0,<4>choushininoridasudemosugu</c><12>nihekomidasu</c>,gu
127.435,127.635,72,0,<4>choushininoridasudemosu</c><12>gunihekomidasu</c>,su
127.234,127.435,72,0,<4>choushininoridasudemo</c><12>sugunihekomidasu</c>,mo
127.068,127.234,72,0,<4>choushininoridasude</c><12>mosugunihekomidasu</c>,de
126.634,127.068,72,0,<4>choushininoridasu</c><12>demosugunihekomidasu</c>,su
126.434,126.634,72,0,<4>choushininorida</c><12>sudemosugunihekomidasu</c>,da
126.233,126.434,72,0,<4>choushininori</c><12>dasudemosugunihekomidasu</c>,ri
126.067,126.233,72,0,<4>choushinino</c><12>ridasudemosugunihekomidasu</c>,no
125.866,126.067,72,0,<4>choushini</c><12>noridasudemosugunihekomidasu</c>,ni
125.666,125.866,72,0,<4>choushi</c><12>ninoridasudemosugunihekomidasu</c>,shi
125.466,125.666,72,0,<4>chou</c><12>shininoridasudemosugunihekomidasu</c>,chou
136.143,136.444,61,0,<21>demochikaratsukiteshimaebasokomade</c>,de
136.01,136.143,64,0,<21>demochikaratsukiteshimaebasokoma</c><12>de</c>,ma
135.91,136.01,64,0,<21>demochikaratsukiteshimaebasoko</c><12>made</c>,ko
135.843,135.91,64,0,<21>demochikaratsukiteshimaebaso</c><12>komade</c>,so
135.743,135.843,64,0,<21>demochikaratsukiteshimaeba</c><12>sokomade</c>,ba
135.643,135.743,64,0,<21>demochikaratsukiteshimae</c><12>basokomade</c>,e
135.543,135.643,64,0,<21>demochikaratsukiteshima</c><12>ebasokomade</c>,ma
135.443,135.543,64,0,<21>demochikaratsukiteshi</c><12>maebasokomade</c>,shi
135.342,135.443,64,0,<21>demochikaratsukite</c><12>shimaebasokomade</c>,te
135.242,135.342,64,0,<21>demochikaratsuki</c><12>teshimaebasokomade</c>,ki
135.142,135.242,64,0,<21>demochikaratsu</c><12>kiteshimaebasokomade</c>,tsu
135.042,135.142,64,0,<21>demochikara</c><12>tsukiteshimaebasokomade</c>,ra
134.942,135.042,64,0,<21>demochika</c><12>ratsukiteshimaebasokomade</c>,ka
134.842,134.942,64,0,<21>demochi</c><12>karatsukiteshimaebasokomade</c>,chi
134.742,134.842,64,0,<21>demo</c><12>chikaratsukiteshimaebasokomade</c>,mo
134.642,134.742,64,0,<21>de</c><12>mochikaratsukiteshimaebasokomade</c>,de
236.343,236.644,-1,0,<1>dorayakiwashushokuninarenai</c>,i
236.243,236.343,-1,0,<1>dorayakiwashushokuninarena</c><12>i</c>,na
236.043,236.243,-1,0,<1>dorayakiwashushokuninare</c><12>nai</c>,re
235.843,236.043,-1,0,<1>dorayakiwashushokunina</c><12>renai</c>,na
235.643,235.843,-1,0,<1>dorayakiwashushokuni</c><12>narenai</c>,ni
235.442,235.643,-1,0,<1>dorayakiwashushoku</c><12>ninarenai</c>,ku
235.242,235.442,-1,0,<1>dorayakiwashusho</c><12>kuninarenai</c>,sho
235.042,235.242,-1,0,<1>dorayakiwashu</c><12>shokuninarenai</c>,shu
234.742,235.042,-1,0,<1>dorayakiwa</c><12>shushokuninarenai</c>,wa
234.642,234.742,-1,0,<1>dorayaki</c><12>washushokuninarenai</c>,ki
234.441,234.642,-1,0,<1>doraya</c><12>kiwashushokuninarenai</c>,ya
234.241,234.441,-1,0,<1>dora</c><12>yakiwashushokuninarenai</c>,ra
234.041,234.241,-1,0,<1>do</c><12>rayakiwashushokuninarenai</c>,do
79.553,79.854,-1,0,<17>dorayakiwashushokuninarenai</c>,i
79.453,79.553,-1,0,<17>dorayakiwashushokuninarena</c><12>i</c>,na
79.253,79.453,-1,0,<17>dorayakiwashushokuninare</c><12>nai</c>,re
79.053,79.253,-1,0,<17>dorayakiwashushokunina</c><12>renai</c>,na
78.853,79.053,-1,0,<17>dorayakiwashushokuni</c><12>narenai</c>,ni
78.686,78.853,-1,0,<17>dorayakiwashushoku</c><12>ninarenai</c>,ku
78.452,78.686,-1,0,<17>dorayakiwashusho</c><12>kuninarenai</c>,sho
78.252,78.452,-1,0,<17>dorayakiwashu</c><12>shokuninarenai</c>,shu
77.918,78.252,-1,0,<17>dorayakiwa</c><12>shushokuninarenai</c>,wa
77.818,77.918,-1,0,<17>dorayaki</c><12>washushokuninarenai</c>,ki
77.618,77.818,-1,0,<17>doraya</c><12>kiwashushokuninarenai</c>,ya
77.451,77.618,-1,0,<17>dora</c><12>yakiwashushokuninarenai</c>,ra
77.218,77.451,-1,0,<17>do</c><12>rayakiwashushokuninarenai</c>,do
15.556,15.856,-1,0,<1>dorayakiwashushokuninarenai</c>,i
15.456,15.556,-1,0,<1>dorayakiwashushokuninarena</c><12>i</c>,na
15.222,15.456,-1,0,<1>dorayakiwashushokuninare</c><12>nai</c>,re
15.056,15.222,-1,0,<1>dorayakiwashushokunina</c><12>renai</c>,na
14.822,15.056,-1,0,<1>dorayakiwashushokuni</c><12>narenai</c>,ni
14.655,14.822,-1,0,<1>dorayakiwashushoku</c><12>ninarenai</c>,ku
14.422,14.655,-1,0,<1>dorayakiwashusho</c><12>kuninarenai</c>,sho
14.188,14.422,-1,0,<1>dorayakiwashu</c><12>shokuninarenai</c>,shu
13.921,14.188,-1,0,<1>dorayakiwa</c><12>shushokuninarenai</c>,wa
13.821,13.921,-1,0,<1>dorayaki</c><12>washushokuninarenai</c>,ki
13.621,13.821,-1,0,<1>doraya</c><12>kiwashushokuninarenai</c>,ya
13.454,13.621,-1,0,<1>dora</c><12>yakiwashushokuninarenai</c>,ra
13.22,13.454,-1,0,<1>do</c><12>rayakiwashushokuninarenai</c>,do
176.45,182.855,66,0,<1>gojimajipfeat.kasaneteto-ochamekinou(coveredbyhololive)</c>,gojimajipfeat.kasaneteto-ochamekinou(coveredbyhololive)
43.651,43.851,-1,0,<9>hidarikaramigietodekigotoga</c>,ga
43.451,43.651,56,0,<9>hidarikaramigietodekigoto</c><12>ga</c>,to
42.85,43.451,56,0,<9>hidarikaramigietodekigo</c><12>toga</c>,go
42.616,42.85,56,0,<9>hidarikaramigietodeki</c><12>gotoga</c>,ki
42.049,42.616,56,0,<9>hidarikaramigietode</c><12>kigotoga</c>,de
41.248,42.049,56,0,<9>hidarikaramigieto</c><12>dekigotoga</c>,to
41.048,41.248,56,0,<9>hidarikaramigie</c><12>todekigotoga</c>,e
40.815,41.048,56,0,<9>hidarikaramigi</c><12>etodekigotoga</c>,gi
40.648,40.815,56,0,<9>hidarikarami</c><12>gietodekigotoga</c>,mi
40.448,40.648,56,0,<9>hidarikara</c><12>migietodekigotoga</c>,ra
40.214,40.448,56,0,<9>hidarika</c><12>ramigietodekigotoga</c>,ka
39.613,40.214,56,0,<9>hidari</c><12>karamigietodekigotoga</c>,ri
39.447,39.613,56,0,<9>hida</c><12>rikaramigietodekigotoga</c>,da
38.846,39.447,56,0,<9>hi</c><12>darikaramigietodekigotoga</c>,hi
102.043,102.843,-1,0,<2>hyakunengotsuzukunara</c>,ra
101.842,102.043,-1,0,<2>hyakunengotsuzukuna</c><12>ra</c>,na
101.642,101.842,-1,0,<2>hyakunengotsuzuku</c><12>nara</c>,ku
101.442,101.642,-1,0,<2>hyakunengotsuzu</c><12>kunara</c>,zu
101.275,101.442,-1,0,<2>hyakunengotsu</c><12>zukunara</c>,tsu
101.042,101.275,-1,0,<2>hyakunengo</c><12>tsuzukunara</c>,go
100.841,101.042,-1,0,<2>hyakunen</c><12>gotsuzukunara</c>,n
100.441,100.841,-1,0,<2>hyakune</c><12>ngotsuzukunara</c>,ne
100.241,100.441,-1,0,<2>hyaku</c><12>nengotsuzukunara</c>,ku
99.673,100.241,-1,0,<2>hya</c><12>kunengotsuzukunara</c>,hya
214.855,215.456,66,0,<13>ichibankireinahanaosagashiniikunda</c>,da
214.655,214.855,69,0,<13>ichibankireinahanaosagashiniikun</c><12>da</c>,n
214.455,214.655,69,0,<13>ichibankireinahanaosagashiniiku</c><12>nda</c>,ku
214.355,214.455,69,0,<13>ichibankireinahanaosagashinii</c><12>kunda</c>,i
214.255,214.355,69,0,<13>ichibankireinahanaosagashini</c><12>ikunda</c>,ni
213.787,214.255,69,0,<13>ichibankireinahanaosagashi</c><12>niikunda</c>,shi
213.654,213.787,69,0,<13>ichibankireinahanaosaga</c><12>shiniikunda</c>,ga
213.554,213.654,69,0,<13>ichibankireinahanaosa</c><12>gashiniikunda</c>,sa
213.454,213.554,69,0,<13>ichibankireinahanao</c><12>sagashiniikunda</c>,o
213.387,213.454,69,0,<13>ichibankireinahana</c><12>osagashiniikunda</c>,na
213.254,213.387,69,0,<13>ichibankireinaha</c><12>naosagashiniikunda</c>,ha
213.053,213.254,69,0,<13>ichibankireina</c><12>hanaosagashiniikunda</c>,na
212.853,213.053,69,0,<13>ichibankirei</c><12>nahanaosagashiniikunda</c>,i
212.653,212.853,69,0,<13>ichibankire</c><12>inahanaosagashiniikunda</c>,re
212.353,212.653,69,0,<13>ichibanki</c><12>reinahanaosagashiniikunda</c>,ki
212.253,212.353,69,0,<13>ichiban</c><12>kireinahanaosagashiniikunda</c>,n
212.052,212.253,69,0,<13>ichiba</c><12>nkireinahanaosagashiniikunda</c>,ba
211.852,212.052,69,0,<13>ichi</c><12>bankireinahanaosagashiniikunda</c>,chi
211.652,211.852,69,0,<13>i</c><12>chibankireinahanaosagashiniikunda</c>,i
150.825,151.459,66,0,<5>ichibankireinahanaosagashiniikunda</c>,da
150.658,150.825,69,0,<5>ichibankireinahanaosagashiniikun</c><12>da</c>,n
150.458,150.658,69,0,<5>ichibankireinahanaosagashiniiku</c><12>nda</c>,ku
150.357,150.458,69,0,<5>ichibankireinahanaosagashinii</c><12>kunda</c>,i
150.257,150.357,69,0,<5>ichibankireinahanaosagashini</c><12>ikunda</c>,ni
149.79,150.257,69,0,<5>ichibankireinahanaosagashi</c><12>niikunda</c>,shi
149.657,149.79,69,0,<5>ichibankireinahanaosaga</c><12>shiniikunda</c>,ga
149.557,149.657,69,0,<5>ichibankireinahanaosa</c><12>gashiniikunda</c>,sa
149.457,149.557,69,0,<5>ichibankireinahanao</c><12>sagashiniikunda</c>,o
149.39,149.457,69,0,<5>ichibankireinahana</c><12>osagashiniikunda</c>,na
149.256,149.39,69,0,<5>ichibankireinaha</c><12>naosagashiniikunda</c>,ha
149.056,149.256,69,0,<5>ichibankireina</c><12>hanaosagashiniikunda</c>,na
148.856,149.056,69,0,<5>ichibankirei</c><12>nahanaosagashiniikunda</c>,i
148.656,148.856,69,0,<5>ichibankire</c><12>inahanaosagashiniikunda</c>,re
148.355,148.656,69,0,<5>ichibanki</c><12>reinahanaosagashiniikunda</c>,ki
148.255,148.355,69,0,<5>ichiban</c><12>kireinahanaosagashiniikunda</c>,n
148.055,148.255,69,0,<5>ichiba</c><12>nkireinahanaosagashiniikunda</c>,ba
147.855,148.055,69,0,<5>ichi</c><12>bankireinahanaosagashiniikunda</c>,chi
147.655,147.855,69,0,<5>i</c><12>chibankireinahanaosagashiniikunda</c>,i
54.061,54.829,-1,0,<25>iikagennikoyubikara</c>,ra
53.861,54.061,-1,0,<25>iikagennikoyubika</c><12>ra</c>,ka
53.661,53.861,-1,0,<25>iikagennikoyubi</c><12>kara</c>,bi
53.461,53.661,-1,0,<25>iikagennikoyu</c><12>bikara</c>,yu
53.26,53.461,-1,0,<25>iikagenniko</c><12>yubikara</c>,ko
53.06,53.26,-1,0,<25>iikagenni</c><12>koyubikara</c>,ni
52.46,53.06,-1,0,<25>iikagen</c><12>nikoyubikara</c>,gen
52.259,52.46,-1,0,<25>iika</c><12>gennikoyubikara</c>,ka
51.659,52.259,-1,0,<25>ii</c><12>kagennikoyubikara</c>,ii
229.937,230.271,67,0,<1>itsudemoiloveyou.kiminitakekissme.</c>,me.
229.837,229.937,70,0,<1>itsudemoiloveyou.kiminitakekiss</c><12>me.</c>,ss
229.637,229.837,70,0,<1>itsudemoiloveyou.kiminitakeki</c><12>ssme.</c>,ki
229.436,229.637,70,0,<1>itsudemoiloveyou.kiminitake</c><12>kissme.</c>,ke
229.236,229.436,70,0,<1>itsudemoiloveyou.kiminita</c><12>kekissme.</c>,ta
229.036,229.236,70,0,<1>itsudemoiloveyou.kimini</c><12>takekissme.</c>,ni
228.836,229.036,70,0,<1>itsudemoiloveyou.kimi</c><12>nitakekissme.</c>,mi
228.636,228.836,70,0,<1>itsudemoiloveyou.ki</c><12>minitakekissme.</c>,ki
228.335,228.636,70,0,<1>itsudemoiloveyou.</c><12>kiminitakekissme.</c>,you.
228.235,228.335,70,0,<1>itsudemoilove</c><12>you.kiminitakekissme.</c>,love
227.835,228.235,70,0,<1>itsudemoi</c><12>loveyou.kiminitakekissme.</c>,i
227.635,227.835,70,0,<1>itsudemo</c><12>iloveyou.kiminitakekissme.</c>,mo
227.434,227.635,70,0,<1>itsude</c><12>moiloveyou.kiminitakekissme.</c>,de
227.234,227.434,70,0,<1>itsu</c><12>demoiloveyou.kiminitakekissme.</c>,tsu
227.034,227.234,70,0,<1>i</c><12>tsudemoiloveyou.kiminitakekissme.</c>,i
204.378,204.645,67,0,<19>itsudemoiloveyou.kiminitakekissme.</c>,me.
204.278,204.378,70,0,<19>itsudemoiloveyou.kiminitakekiss</c><12>me.</c>,ss
204.044,204.278,70,0,<19>itsudemoiloveyou.kiminitakeki</c><12>ssme.</c>,ki
203.844,204.044,70,0,<19>itsudemoiloveyou.kiminitake</c><12>kissme.</c>,ke
203.644,203.844,70,0,<19>itsudemoiloveyou.kiminita</c><12>kekissme.</c>,ta
203.444,203.644,70,0,<19>itsudemoiloveyou.kimini</c><12>takekissme.</c>,ni
203.244,203.444,70,0,<19>itsudemoiloveyou.kimi</c><12>nitakekissme.</c>,mi
203.043,203.244,70,0,<19>itsudemoiloveyou.ki</c><12>minitakekissme.</c>,ki
202.743,203.043,70,0,<19>itsudemoiloveyou.</c><12>kiminitakekissme.</c>,you.
202.643,202.743,70,0,<19>itsudemoilove</c><12>you.kiminitakekissme.</c>,love
202.243,202.643,70,0,<19>itsudemoi</c><12>loveyou.kiminitakekissme.</c>,i
202.042,202.243,70,0,<19>itsudemo</c><12>iloveyou.kiminitakekissme.</c>,mo
201.842,202.042,70,0,<19>itsude</c><12>moiloveyou.kiminitakekissme.</c>,de
201.642,201.842,70,0,<19>itsu</c><12>demoiloveyou.kiminitakekissme.</c>,tsu
201.475,201.642,70,0,<19>i</c><12>tsudemoiloveyou.kiminitakekissme.</c>,i
140.347,140.648,67,0,<3>itsudemoiloveyou.kiminitakekissme.</c>,me.
140.247,140.347,70,0,<3>itsudemoiloveyou.kiminitakekiss</c><12>me.</c>,ss
140.047,140.247,70,0,<3>itsudemoiloveyou.kiminitakeki</c><12>ssme.</c>,ki
139.847,140.047,70,0,<3>itsudemoiloveyou.kiminitake</c><12>kissme.</c>,ke
139.647,139.847,70,0,<3>itsudemoiloveyou.kiminita</c><12>kekissme.</c>,ta
139.413,139.647,70,0,<3>itsudemoiloveyou.kimini</c><12>takekissme.</c>,ni
139.246,139.413,70,0,<3>itsudemoiloveyou.kimi</c><12>nitakekissme.</c>,mi
139.046,139.246,70,0,<3>itsudemoiloveyou.ki</c><12>minitakekissme.</c>,ki
138.746,139.046,70,0,<3>itsudemoiloveyou.</c><12>kiminitakekissme.</c>,you.
138.646,138.746,70,0,<3>itsudemoilove</c><12>you.kiminitakekissme.</c>,love
138.245,138.646,70,0,<3>itsudemoi</c><12>loveyou.kiminitakekissme.</c>,i
138.045,138.245,70,0,<3>itsudemo</c><12>iloveyou.kiminitakekissme.</c>,mo
137.845,138.045,70,0,<3>itsude</c><12>moiloveyou.kiminitakekissme.</c>,de
137.645,137.845,70,0,<3>itsu</c><12>demoiloveyou.kiminitakekissme.</c>,tsu
137.445,137.645,70,0,<3>i</c><12>tsudemoiloveyou.kiminitakekissme.</c>,i
73.147,73.447,67,0,<26>itsudemoiloveyou.kiminitakekissme.</c>,me.
73.047,73.147,70,0,<26>itsudemoiloveyou.kiminitakekiss</c><12>me.</c>,ss
72.847,73.047,70,0,<26>itsudemoiloveyou.kiminitakeki</c><12>ssme.</c>,ki
72.646,72.847,70,0,<26>itsudemoiloveyou.kiminitake</c><12>kissme.</c>,ke
72.446,72.646,70,0,<26>itsudemoiloveyou.kiminita</c><12>kekissme.</c>,ta
72.279,72.446,70,0,<26>itsudemoiloveyou.kimini</c><12>takekissme.</c>,ni
72.046,72.279,70,0,<26>itsudemoiloveyou.kimi</c><12>nitakekissme.</c>,mi
71.846,72.046,70,0,<26>itsudemoiloveyou.ki</c><12>minitakekissme.</c>,ki
71.545,71.846,70,0,<26>itsudemoiloveyou.</c><12>kiminitakekissme.</c>,you.
71.412,71.545,70,0,<26>itsudemoilove</c><12>you.kiminitakekissme.</c>,love
71.078,71.412,70,0,<26>itsudemoi</c><12>loveyou.kiminitakekissme.</c>,i
70.845,71.078,70,0,<26>itsudemo</c><12>iloveyou.kiminitakekissme.</c>,mo
70.644,70.845,70,0,<26>itsude</c><12>moiloveyou.kiminitakekissme.</c>,de
70.444,70.644,70,0,<26>itsu</c><12>demoiloveyou.kiminitakekissme.</c>,tsu
70.244,70.444,70,0,<26>i</c><12>tsudemoiloveyou.kiminitakekissme.</c>,i
9.15,9.45,67,0,<1>itsudemoiloveyou.kiminitakekissme.</c>,me.
9.05,9.15,70,0,<1>itsudemoiloveyou.kiminitakekiss</c><12>me.</c>,ss
8.849,9.05,70,0,<1>itsudemoiloveyou.kiminitakeki</c><12>ssme.</c>,ki
8.649,8.849,70,0,<1>itsudemoiloveyou.kiminitake</c><12>kissme.</c>,ke
8.449,8.649,70,0,<1>itsudemoiloveyou.kiminita</c><12>kekissme.</c>,ta
8.249,8.449,70,0,<1>itsudemoiloveyou.kimini</c><12>takekissme.</c>,ni
8.049,8.249,70,0,<1>itsudemoiloveyou.kimi</c><12>nitakekissme.</c>,mi
7.848,8.049,70,0,<1>itsudemoiloveyou.ki</c><12>minitakekissme.</c>,ki
7.548,7.848,70,0,<1>itsudemoiloveyou.</c><12>kiminitakekissme.</c>,you.
7.415,7.548,70,0,<1>itsudemoilove</c><12>you.kiminitakekissme.</c>,love
7.048,7.415,70,0,<1>itsudemoi</c><12>loveyou.kiminitakekissme.</c>,i
6.847,7.048,70,0,<1>itsudemo</c><12>iloveyou.kiminitakekissme.</c>,mo
6.647,6.847,70,0,<1>itsude</c><12>moiloveyou.kiminitakekissme.</c>,de
6.447,6.647,70,0,<1>itsu</c><12>demoiloveyou.kiminitakekissme.</c>,tsu
6.247,6.447,70,0,<1>i</c><12>tsudemoiloveyou.kiminitakekissme.</c>,i
112.086,112.42,-1,0,<15>kanchigainotekipakiteki</c>,ki
111.886,112.086,-1,0,<15>kanchigainotekipakite</c><12>ki</c>,te
111.685,111.886,-1,0,<15>kanchigainotekipaki</c><12>teki</c>,ki
111.485,111.685,-1,0,<15>kanchigainotekipa</c><12>kiteki</c>,pa
111.285,111.485,-1,0,<15>kanchigainoteki</c><12>pakiteki</c>,ki
111.085,111.285,-1,0,<15>kanchigainote</c><12>kipakiteki</c>,te
110.885,111.085,-1,0,<15>kanchigaino</c><12>tekipakiteki</c>,no
110.684,110.885,-1,0,<15>kanchigai</c><12>notekipakiteki</c>,i
110.084,110.684,-1,0,<15>kanchiga</c><12>inotekipakiteki</c>,ga
109.884,110.084,-1,0,<15>kanchi</c><12>gainotekipakiteki</c>,chi
109.683,109.884,-1,0,<15>kan</c><12>chigainotekipakiteki</c>,n
109.25,109.683,-1,0,<15>ka</c><12>nchigainotekipakiteki</c>,ka
131.872,132.44,80,0,<4>kareinabousoudaregatometekuremasuka</c><21>beibee</c>,bee
131.639,131.872,81,0,<4>kareinabousoudaregatometekuremasuka</c><21>bei</c><12>bee</c>,bei
131.472,131.639,80,0,<4>kareinabousoudaregatometekuremasuka</c><12>beibee</c>,ka
131.372,131.472,80,0,<4>kareinabousoudaregatometekuremasu</c><12>kabeibee</c>,su
131.272,131.372,80,0,<4>kareinabousoudaregatometekurema</c><12>sukabeibee</c>,ma
131.138,131.272,80,0,<4>kareinabousoudaregatometekure</c><12>masukabeibee</c>,re
131.038,131.138,80,0,<4>kareinabousoudaregatometeku</c><12>remasukabeibee</c>,ku
130.938,131.038,80,0,<4>kareinabousoudaregatomete</c><12>kuremasukabeibee</c>,te
130.838,130.938,80,0,<4>kareinabousoudaregatome</c><12>tekuremasukabeibee</c>,me
130.771,130.838,80,0,<4>kareinabousoudaregato</c><12>metekuremasukabeibee</c>,to
130.638,130.771,80,0,<4>kareinabousoudarega</c><12>tometekuremasukabeibee</c>,ga
130.571,130.638,80,0,<4>kareinabousoudare</c><12>gatometekuremasukabeibee</c>,re
130.471,130.571,80,0,<4>kareinabousouda</c><12>regatometekuremasukabeibee</c>,da
130.237,130.471,80,0,<4>kareinabousou</c><12>daregatometekuremasukabeibee</c>,sou
130.037,130.237,80,0,<4>kareinabou</c><12>soudaregatometekuremasukabeibee</c>,bou
129.837,130.037,80,0,<4>kareina</c><12>bousoudaregatometekuremasukabeibee</c>,na
129.637,129.837,80,0,<4>karei</c><12>nabousoudaregatometekuremasukabeibee</c>,rei
129.437,129.637,80,0,<4>ka</c><12>reinabousoudaregatometekuremasukabeibee</c>,ka
60.668,61.068,56,0,<27>kawaitashinzounootoawaiuwagoto</c>,to
60.434,60.668,59,0,<27>kawaitashinzounootoawaiuwago</c><12>to</c>,go
60.267,60.434,59,0,<27>kawaitashinzounootoawaiuwa</c><12>goto</c>,wa
60.034,60.267,59,0,<27>kawaitashinzounootoawaiu</c><12>wagoto</c>,u
59.967,60.034,59,0,<27>kawaitashinzounootoawai</c><12>uwagoto</c>,i
59.867,59.967,59,0,<27>kawaitashinzounootoawa</c><12>iuwagoto</c>,wa
59.767,59.867,59,0,<27>kawaitashinzounootoa</c><12>waiuwagoto</c>,a
59.533,59.767,59,0,<27>kawaitashinzounooto</c><12>awaiuwagoto</c>,to
59.433,59.533,59,0,<27>kawaitashinzounoo</c><12>toawaiuwagoto</c>,o
59.233,59.433,59,0,<27>kawaitashinzouno</c><12>otoawaiuwagoto</c>,no
59.033,59.233,59,0,<27>kawaitashinzou</c><12>nootoawaiuwagoto</c>,zou
58.833,59.033,59,0,<27>kawaitashin</c><12>zounootoawaiuwagoto</c>,shin
58.666,58.833,59,0,<27>kawaita</c><12>shinzounootoawaiuwagoto</c>,ta
58.566,58.666,59,0,<27>kawai</c><12>tashinzounootoawaiuwagoto</c>,i
58.432,58.566,59,0,<27>kawa</c><12>itashinzounootoawaiuwagoto</c>,wa
58.232,58.432,59,0,<27>ka</c><12>waitashinzounootoawaiuwagoto</c>,ka
47.655,48.422,-1,0,<20>kimiwakokoniiruno?</c>,no?
47.455,47.655,-1,0,<20>kimiwakokoniiru</c><12>no?</c>,ru
47.254,47.455,-1,0,<20>kimiwakokonii</c><12>runo?</c>,i
47.054,47.254,-1,0,<20>kimiwakokoni</c><12>iruno?</c>,ni
46.854,47.054,-1,0,<20>kimiwakoko</c><12>niiruno?</c>,ko
46.654,46.854,-1,0,<20>kimiwako</c><12>koniiruno?</c>,ko
46.053,46.654,-1,0,<20>kimiwa</c><12>kokoniiruno?</c>,wa
45.853,46.053,-1,0,<20>kimi</c><12>wakokoniiruno?</c>,mi
45.252,45.853,-1,0,<20>ki</c><12>miwakokoniiruno?</c>,ki
108.449,109.25,-1,0,<15>machigattameerukara</c>,ra
108.249,108.449,-1,0,<15>machigattameeruka</c><12>ra</c>,ka
108.049,108.249,-1,0,<15>machigattameeru</c><12>kara</c>,ru
107.882,108.049,-1,0,<15>machigattamee</c><12>rukara</c>,e
107.648,107.882,-1,0,<15>machigattame</c><12>erukara</c>,me
107.448,107.648,-1,0,<15>machigatta</c><12>meerukara</c>,ta
106.847,107.448,-1,0,<15>machigat</c><12>tameerukara</c>,gat
106.647,106.847,-1,0,<15>machi</c><12>gattameerukara</c>,chi
106.047,106.647,-1,0,<15>ma</c><12>chigattameerukara</c>,ma
249.023,249.423,-1,0,<1>madaasawatappuriarukara</c>,ra
248.822,249.023,-1,0,<1>madaasawatappuriaruka</c><12>ra</c>,ka
248.622,248.822,-1,0,<1>madaasawatappuriaru</c><12>kara</c>,ru
248.422,248.622,-1,0,<1>madaasawatappuria</c><12>rukara</c>,a
248.222,248.422,-1,0,<1>madaasawatappuri</c><12>arukara</c>,ri
248.022,248.222,-1,0,<1>madaasawatappu</c><12>riarukara</c>,pu
247.821,248.022,-1,0,<1>madaasawatap</c><12>puriarukara</c>,tap
247.221,247.821,-1,0,<1>madaasawa</c><12>tappuriarukara</c>,wa
247.021,247.221,-1,0,<1>madaasa</c><12>watappuriarukara</c>,sa
246.82,247.021,-1,0,<1>madaa</c><12>sawatappuriarukara</c>,a
246.72,246.82,-1,0,<1>mada</c><12>asawatappuriarukara</c>,da
246.62,246.72,-1,0,<1>ma</c><12>daasawatappuriarukara</c>,ma
92.233,92.633,-1,0,<18>madaasawatappuriarukara</c>,ra
92.033,92.233,-1,0,<18>madaasawatappuriaruka</c><12>ra</c>,ka
91.832,92.033,-1,0,<18>madaasawatappuriaru</c><12>kara</c>,ru
91.632,91.832,-1,0,<18>madaasawatappuria</c><12>rukara</c>,a
91.432,91.632,-1,0,<18>madaasawatappuri</c><12>arukara</c>,ri
91.232,91.432,-1,0,<18>madaasawatappu</c><12>riarukara</c>,pu
91.032,91.232,-1,0,<18>madaasawatap</c><12>puriarukara</c>,tap
90.431,91.032,-1,0,<18>madaasawa</c><12>tappuriarukara</c>,wa
90.231,90.431,-1,0,<18>madaasa</c><12>watappuriarukara</c>,sa
90.064,90.231,-1,0,<18>madaa</c><12>sawatappuriarukara</c>,a
89.93,90.064,-1,0,<18>mada</c><12>asawatappuriarukara</c>,da
89.83,89.93,-1,0,<18>ma</c><12>daasawatappuriarukara</c>,ma
220.661,221.061,89,0,<16>madakiminoatsuiomoiwaomoiwahohonitsutaunamida</c>,da
220.561,220.661,92,0,<16>madakiminoatsuiomoiwaomoiwahohonitsutaunami</c><12>da</c>,mi
220.261,220.561,92,0,<16>madakiminoatsuiomoiwaomoiwahohonitsutauna</c><12>mida</c>,na
220.06,220.261,92,0,<16>madakiminoatsuiomoiwaomoiwahohonitsutau</c><12>namida</c>,u
219.86,220.06,92,0,<16>madakiminoatsuiomoiwaomoiwahohonitsuta</c><12>unamida</c>,ta
219.66,219.86,92,0,<16>madakiminoatsuiomoiwaomoiwahohonitsu</c><12>taunamida</c>,tsu
219.46,219.66,92,0,<16>madakiminoatsuiomoiwaomoiwahohoni</c><12>tsutaunamida</c>,ni
219.26,219.46,92,0,<16>madakiminoatsuiomoiwaomoiwahoho</c><12>nitsutaunamida</c>,ho
219.059,219.26,92,0,<16>madakiminoatsuiomoiwaomoiwaho</c><12>honitsutaunamida</c>,ho
217.858,219.059,92,0,<16>madakiminoatsuiomoiwaomoiwa</c><12>hohonitsutaunamida</c>,wa
217.691,217.858,92,0,<16>madakiminoatsuiomoiwaomoi</c><12>wahohonitsutaunamida</c>,i
217.458,217.691,92,0,<16>madakiminoatsuiomoiwaomo</c><12>iwahohonitsutaunamida</c>,mo
217.258,217.458,92,0,<16>madakiminoatsuiomoiwao</c><12>moiwahohonitsutaunamida</c>,o
217.057,217.258,92,0,<16>madakiminoatsuiomoiwa</c><12>omoiwahohonitsutaunamida</c>,wa
216.857,217.057,92,0,<16>madakiminoatsuiomoi</c><12>waomoiwahohonitsutaunamida</c>,i
216.69,216.857,92,0,<16>madakiminoatsuiomo</c><12>iwaomoiwahohonitsutaunamida</c>,mo
216.457,216.69,92,0,<16>madakiminoatsuio</c><12>moiwaomoiwahohonitsutaunamida</c>,o
216.39,216.457,92,0,<16>madakiminoatsui</c><12>omoiwaomoiwahohonitsutaunamida</c>,i
216.257,216.39,92,0,<16>madakiminoatsu</c><12>iomoiwaomoiwahohonitsutaunamida</c>,tsu
216.157,216.257,92,0,<16>madakiminoa</c><12>tsuiomoiwaomoiwahohonitsutaunamida</c>,a
216.056,216.157,92,0,<16>madakimino</c><12>atsuiomoiwaomoiwahohonitsutaunamida</c>,no
215.856,216.056,92,0,<16>madakimi</c><12>noatsuiomoiwaomoiwahohonitsutaunamida</c>,mi
215.656,215.856,92,0,<16>madaki</c><12>minoatsuiomoiwaomoiwahohonitsutaunamida</c>,ki
215.556,215.656,92,0,<16>mada</c><12>kiminoatsuiomoiwaomoiwahohonitsutaunamida</c>,da
215.456,215.556,92,0,<16>ma</c><12>dakiminoatsuiomoiwaomoiwahohonitsutaunamida</c>,ma
156.664,157.031,89,0,<6>madakiminoatsuiomoiwaomoiwahohonitsutaunamida</c>,da
156.564,156.664,92,0,<6>madakiminoatsuiomoiwaomoiwahohonitsutaunami</c><12>da</c>,mi
156.263,156.564,92,0,<6>madakiminoatsuiomoiwaomoiwahohonitsutauna</c><12>mida</c>,na
156.03,156.263,92,0,<6>madakiminoatsuiomoiwaomoiwahohonitsutau</c><12>namida</c>,u
155.863,156.03,92,0,<6>madakiminoatsuiomoiwaomoiwahohonitsuta</c><12>unamida</c>,ta
155.663,155.863,92,0,<6>madakiminoatsuiomoiwaomoiwahohonitsu</c><12>taunamida</c>,tsu
155.463,155.663,92,0,<6>madakiminoatsuiomoiwaomoiwahohoni</c><12>tsutaunamida</c>,ni
155.262,155.463,92,0,<6>madakiminoatsuiomoiwaomoiwahoho</c><12>nitsutaunamida</c>,ho
155.062,155.262,92,0,<6>madakiminoatsuiomoiwaomoiwaho</c><12>honitsutaunamida</c>,ho
153.828,155.062,92,0,<6>madakiminoatsuiomoiwaomoiwa</c><12>hohonitsutaunamida</c>,wa
153.661,153.828,92,0,<6>madakiminoatsuiomoiwaomoi</c><12>wahohonitsutaunamida</c>,i
153.461,153.661,92,0,<6>madakiminoatsuiomoiwaomo</c><12>iwahohonitsutaunamida</c>,mo
153.227,153.461,92,0,<6>madakiminoatsuiomoiwao</c><12>moiwahohonitsutaunamida</c>,o
153.06,153.227,92,0,<6>madakiminoatsuiomoiwa</c><12>omoiwahohonitsutaunamida</c>,wa
152.827,153.06,92,0,<6>madakiminoatsuiomoi</c><12>waomoiwahohonitsutaunamida</c>,i
152.66,152.827,92,0,<6>madakiminoatsuiomo</c><12>iwaomoiwahohonitsutaunamida</c>,mo
152.493,152.66,92,0,<6>madakiminoatsuio</c><12>moiwaomoiwahohonitsutaunamida</c>,o
152.359,152.493,92,0,<6>madakiminoatsui</c><12>omoiwaomoiwahohonitsutaunamida</c>,i
152.259,152.359,92,0,<6>madakiminoatsu</c><12>iomoiwaomoiwahohonitsutaunamida</c>,tsu
152.126,152.259,92,0,<6>madakiminoa</c><12>tsuiomoiwaomoiwahohonitsutaunamida</c>,a
152.026,152.126,92,0,<6>madakimino</c><12>atsuiomoiwaomoiwahohonitsutaunamida</c>,no
151.859,152.026,92,0,<6>madakimi</c><12>noatsuiomoiwaomoiwahohonitsutaunamida</c>,mi
151.659,151.859,92,0,<6>madaki</c><12>minoatsuiomoiwaomoiwahohonitsutaunamida</c>,ki
151.559,151.659,92,0,<6>mada</c><12>kiminoatsuiomoiwaomoiwahohonitsutaunamida</c>,da
151.459,151.559,92,0,<6>ma</c><12>dakiminoatsuiomoiwaomoiwahohonitsutaunamida</c>,ma
68.976,69.243,-1,0,<10>mazuwasasainaaisatsutokokara</c>,ra
68.843,68.976,56,0,<10>mazuwasasainaaisatsutokoka</c><12>ra</c>,ka
68.743,68.843,56,0,<10>mazuwasasainaaisatsutoko</c><12>kara</c>,ko
68.642,68.743,56,0,<10>mazuwasasainaaisatsuto</c><12>kokara</c>,to
68.576,68.642,56,0,<10>mazuwasasainaaisatsu</c><12>tokokara</c>,tsu
68.442,68.576,56,0,<10>mazuwasasainaaisa</c><12>tsutokokara</c>,sa
68.342,68.442,56,0,<10>mazuwasasainaai</c><12>satsutokokara</c>,i
68.242,68.342,56,0,<10>mazuwasasainaa</c><12>isatsutokokara</c>,a
68.042,68.242,56,0,<10>mazuwasasaina</c><12>aisatsutokokara</c>,na
67.942,68.042,56,0,<10>mazuwasasai</c><12>naaisatsutokokara</c>,i
67.842,67.942,56,0,<10>mazuwasasa</c><12>inaaisatsutokokara</c>,sa
67.742,67.842,56,0,<10>mazuwasa</c><12>sainaaisatsutokokara</c>,sa
67.608,67.742,56,0,<10>mazuwa</c><12>sasainaaisatsutokokara</c>,wa
67.541,67.608,56,0,<10>mazu</c><12>wasasainaaisatsutokokara</c>,zu
67.441,67.541,56,0,<10>ma</c><12>zuwasasainaaisatsutokokara</c>,ma
57.631,58.232,-1,0,<25>mienaiitoshuchoushinai</c>,i
57.431,57.631,-1,0,<25>mienaiitoshuchoushina</c><12>i</c>,na
57.231,57.431,-1,0,<25>mienaiitoshuchoushi</c><12>nai</c>,shi
56.998,57.231,-1,0,<25>mienaiitoshuchou</c><12>shinai</c>,u
56.797,56.998,-1,0,<25>mienaiitoshucho</c><12>ushinai</c>,cho
56.63,56.797,-1,0,<25>mienaiitoshu</c><12>choushinai</c>,shu
56.43,56.63,-1,0,<25>mienaiito</c><12>shuchoushinai</c>,to
56.23,56.43,-1,0,<25>mienaii</c><12>toshuchoushinai</c>,i
56.13,56.23,-1,0,<25>mienai</c><12>itoshuchoushinai</c>,i
55.629,56.13,-1,0,<25>miena</c><12>iitoshuchoushinai</c>,na
55.429,55.629,-1,0,<25>mie</c><12>naiitoshuchoushinai</c>,e
54.829,55.429,-1,0,<25>mi</c><12>enaiitoshuchoushinai</c>,mi
121.228,122.029,-1,0,<14>miteminufurisareta</c>,ta
121.062,121.228,-1,0,<14>miteminufurisare</c><12>ta</c>,re
120.861,121.062,-1,0,<14>miteminufurisa</c><12>reta</c>,sa
120.661,120.861,-1,0,<14>miteminufuri</c><12>sareta</c>,ri
120.428,120.661,-1,0,<14>miteminufu</c><12>risareta</c>,fu
120.227,120.428,-1,0,<14>miteminu</c><12>furisareta</c>,nu
119.627,120.227,-1,0,<14>mitemi</c><12>nufurisareta</c>,mi
119.427,119.627,-1,0,<14>mite</c><12>minufurisareta</c>,te
118.859,119.427,-1,0,<14>mi</c><12>teminufurisareta</c>,mi
240.447,241.048,67,0,<1>narabauwagakishichaebabokunoomoidoori</c>,ri
240.247,240.447,70,0,<1>narabauwagakishichaebabokunoomoidoo</c><12>ri</c>,o
240.047,240.247,70,0,<1>narabauwagakishichaebabokunoomoido</c><12>ori</c>,do
239.947,240.047,70,0,<1>narabauwagakishichaebabokunoomoi</c><12>doori</c>,i
239.847,239.947,70,0,<1>narabauwagakishichaebabokunoomo</c><12>idoori</c>,mo
239.446,239.847,70,0,<1>narabauwagakishichaebabokunoo</c><12>moidoori</c>,o
239.246,239.446,70,0,<1>narabauwagakishichaebabokuno</c><12>omoidoori</c>,no
239.113,239.246,70,0,<1>narabauwagakishichaebaboku</c><12>noomoidoori</c>,ku
238.846,239.113,70,0,<1>narabauwagakishichaebabo</c><12>kunoomoidoori</c>,bo
238.646,238.846,70,0,<1>narabauwagakishichaeba</c><12>bokunoomoidoori</c>,ba
238.445,238.646,70,0,<1>narabauwagakishichae</c><12>babokunoomoidoori</c>,e
238.245,238.445,70,0,<1>narabauwagakishicha</c><12>ebabokunoomoidoori</c>,cha
237.978,238.245,70,0,<1>narabauwagakishi</c><12>chaebabokunoomoidoori</c>,shi
237.845,237.978,70,0,<1>narabauwagaki</c><12>shichaebabokunoomoidoori</c>,ki
237.645,237.845,70,0,<1>narabauwaga</c><12>kishichaebabokunoomoidoori</c>,ga
237.444,237.645,70,0,<1>narabauwa</c><12>gakishichaebabokunoomoidoori</c>,wa
237.244,237.444,70,0,<1>narabau</c><12>wagakishichaebabokunoomoidoori</c>,u
237.044,237.244,70,0,<1>naraba</c><12>uwagakishichaebabokunoomoidoori</c>,ba
236.844,237.044,70,0,<1>nara</c><12>bauwagakishichaebabokunoomoidoori</c>,ra
236.644,236.844,70,0,<1>na</c><12>rabauwagakishichaebabokunoomoidoori</c>,na
83.657,84.225,67,0,<17>narabauwagakishichaebabokunoomoidoori</c>,ri
83.457,83.657,70,0,<17>narabauwagakishichaebabokunoomoidoo</c><12>ri</c>,o
83.224,83.457,70,0,<17>narabauwagakishichaebabokunoomoido</c><12>ori</c>,do
83.157,83.224,70,0,<17>narabauwagakishichaebabokunoomoi</c><12>doori</c>,i
83.024,83.157,70,0,<17>narabauwagakishichaebabokunoomo</c><12>idoori</c>,mo
82.656,83.024,70,0,<17>narabauwagakishichaebabokunoo</c><12>moidoori</c>,o
82.423,82.656,70,0,<17>narabauwagakishichaebabokuno</c><12>omoidoori</c>,no
82.323,82.423,70,0,<17>narabauwagakishichaebaboku</c><12>noomoidoori</c>,ku
82.056,82.323,70,0,<17>narabauwagakishichaebabo</c><12>kunoomoidoori</c>,bo
81.856,82.056,70,0,<17>narabauwagakishichaeba</c><12>bokunoomoidoori</c>,ba
81.655,81.856,70,0,<17>narabauwagakishichae</c><12>babokunoomoidoori</c>,e
81.455,81.655,70,0,<17>narabauwagakishicha</c><12>ebabokunoomoidoori</c>,cha
81.255,81.455,70,0,<17>narabauwagakishi</c><12>chaebabokunoomoidoori</c>,shi
81.155,81.255,70,0,<17>narabauwagaki</c><12>shichaebabokunoomoidoori</c>,ki
80.855,81.155,70,0,<17>narabauwaga</c><12>kishichaebabokunoomoidoori</c>,ga
80.654,80.855,70,0,<17>narabauwa</c><12>gakishichaebabokunoomoidoori</c>,wa
80.454,80.654,70,0,<17>narabau</c><12>wagakishichaebabokunoomoidoori</c>,u
80.254,80.454,70,0,<17>naraba</c><12>uwagakishichaebabokunoomoidoori</c>,ba
80.054,80.254,70,0,<17>nara</c><12>bauwagakishichaebabokunoomoidoori</c>,ra
79.854,80.054,70,0,<17>na</c><12>rabauwagakishichaebabokunoomoidoori</c>,na
19.66,20.059,67,0,<1>narabauwagakishichaebabokunoomoidoori</c>,ri
19.46,19.66,70,0,<1>narabauwagakishichaebabokunoomoidoo</c><12>ri</c>,o
19.26,19.46,70,0,<1>narabauwagakishichaebabokunoomoido</c><12>ori</c>,do
19.16,19.26,70,0,<1>narabauwagakishichaebabokunoomoi</c><12>doori</c>,i
19.06,19.16,70,0,<1>narabauwagakishichaebabokunoomo</c><12>idoori</c>,mo
18.626,19.06,70,0,<1>narabauwagakishichaebabokunoo</c><12>moidoori</c>,o
18.426,18.626,70,0,<1>narabauwagakishichaebabokuno</c><12>omoidoori</c>,no
18.292,18.426,70,0,<1>narabauwagakishichaebaboku</c><12>noomoidoori</c>,ku
18.059,18.292,70,0,<1>narabauwagakishichaebabo</c><12>kunoomoidoori</c>,bo
17.858,18.059,70,0,<1>narabauwagakishichaeba</c><12>bokunoomoidoori</c>,ba
17.658,17.858,70,0,<1>narabauwagakishichae</c><12>babokunoomoidoori</c>,e
17.458,17.658,70,0,<1>narabauwagakishicha</c><12>ebabokunoomoidoori</c>,cha
17.191,17.458,70,0,<1>narabauwagakishi</c><12>chaebabokunoomoidoori</c>,shi
17.058,17.191,70,0,<1>narabauwagaki</c><12>shichaebabokunoomoidoori</c>,ki
16.857,17.058,70,0,<1>narabauwaga</c><12>kishichaebabokunoomoidoori</c>,ga
16.657,16.857,70,0,<1>narabauwa</c><12>gakishichaebabokunoomoidoori</c>,wa
16.457,16.657,70,0,<1>narabau</c><12>wagakishichaebabokunoomoidoori</c>,u
16.257,16.457,70,0,<1>naraba</c><12>uwagakishichaebabokunoomoidoori</c>,ba
16.057,16.257,70,0,<1>nara</c><12>bauwagakishichaebabokunoomoidoori</c>,ra
15.856,16.057,70,0,<1>na</c><12>rabauwagakishichaebabokunoomoidoori</c>,na
246.253,246.62,-1,0,<1>nukumorinigenaide</c>,de
246.12,246.253,-1,0,<1>nukumorinigenai</c><12>de</c>,i
245.853,246.12,-1,0,<1>nukumorinigena</c><12>ide</c>,na
245.653,245.853,-1,0,<1>nukumorinige</c><12>naide</c>,ge
245.452,245.653,-1,0,<1>nukumorini</c><12>genaide</c>,ni
245.252,245.452,-1,0,<1>nukumori</c><12>nigenaide</c>,ri
245.052,245.252,-1,0,<1>nukumo</c><12>rinigenaide</c>,mo
244.852,245.052,-1,0,<1>nuku</c><12>morinigenaide</c>,ku
244.652,244.852,-1,0,<1>nu</c><12>kumorinigenaide</c>,nu
89.463,89.83,-1,0,<22>nukumorinigenaide</c>,de
89.33,89.463,-1,0,<22>nukumorinigenai</c><12>de</c>,i
89.063,89.33,-1,0,<22>nukumorinigena</c><12>ide</c>,na
88.863,89.063,-1,0,<22>nukumorinige</c><12>naide</c>,ge
88.662,88.863,-1,0,<22>nukumorini</c><12>genaide</c>,ni
88.462,88.662,-1,0,<22>nukumori</c><12>nigenaide</c>,ri
88.262,88.462,-1,0,<22>nukumo</c><12>rinigenaide</c>,mo
88.062,88.262,-1,0,<22>nuku</c><12>morinigenaide</c>,ku
87.862,88.062,-1,0,<22>nu</c><12>kumorinigenaide</c>,nu
137.044,137.445,-1,0,<21>ohmygod!</c>,god!
136.744,137.044,-1,0,<21>ohmy</c><12>god!</c>,my
136.444,136.744,-1,0,<21>oh</c><12>mygod!</c>,oh
208.048,208.415,69,0,<19>ohoshisamaninegaigotokanaetekuremasuka</c>,ka
207.948,208.048,72,0,<19>ohoshisamaninegaigotokanaetekuremasu</c><12>ka</c>,su
207.815,207.948,72,0,<19>ohoshisamaninegaigotokanaetekurema</c><12>suka</c>,ma
207.748,207.815,72,0,<19>ohoshisamaninegaigotokanaetekure</c><12>masuka</c>,re
207.448,207.748,72,0,<19>ohoshisamaninegaigotokanaeteku</c><12>remasuka</c>,ku
207.248,207.448,72,0,<19>ohoshisamaninegaigotokanaete</c><12>kuremasuka</c>,te
207.148,207.248,72,0,<19>ohoshisamaninegaigotokanae</c><12>tekuremasuka</c>,e
207.047,207.148,72,0,<19>ohoshisamaninegaigotokana</c><12>etekuremasuka</c>,na
206.814,207.047,72,0,<19>ohoshisamaninegaigotoka</c><12>naetekuremasuka</c>,ka
206.647,206.814,72,0,<19>ohoshisamaninegaigoto</c><12>kanaetekuremasuka</c>,to
206.447,206.647,72,0,<19>ohoshisamaninegaigo</c><12>tokanaetekuremasuka</c>,go
206.247,206.447,72,0,<19>ohoshisamaninegai</c><12>gotokanaetekuremasuka</c>,i
205.946,206.247,72,0,<19>ohoshisamaninega</c><12>igotokanaetekuremasuka</c>,ga
205.813,205.946,72,0,<19>ohoshisamanine</c><12>gaigotokanaetekuremasuka</c>,ne
205.646,205.813,72,0,<19>ohoshisamani</c><12>negaigotokanaetekuremasuka</c>,ni
205.446,205.646,72,0,<19>ohoshisama</c><12>ninegaigotokanaetekuremasuka</c>,ma
205.246,205.446,72,0,<19>ohoshisa</c><12>maninegaigotokanaetekuremasuka</c>,sa
205.045,205.246,72,0,<19>ohoshi</c><12>samaninegaigotokanaetekuremasuka</c>,shi
204.845,205.045,72,0,<19>oho</c><12>shisamaninegaigotokanaetekuremasuka</c>,ho
204.645,204.845,72,0,<19>o</c><12>hoshisamaninegaigotokanaetekuremasuka</c>,o
144.051,144.418,69,0,<3>ohoshisamaninegaigotokanaetekuremasuka</c>,ka
143.951,144.051,72,0,<3>ohoshisamaninegaigotokanaetekuremasu</c><12>ka</c>,su
143.818,143.951,72,0,<3>ohoshisamaninegaigotokanaetekurema</c><12>suka</c>,ma
143.751,143.818,72,0,<3>ohoshisamaninegaigotokanaetekure</c><12>masuka</c>,re
143.417,143.751,72,0,<3>ohoshisamaninegaigotokanaeteku</c><12>remasuka</c>,ku
143.217,143.417,72,0,<3>ohoshisamaninegaigotokanaete</c><12>kuremasuka</c>,te
143.15,143.217,72,0,<3>ohoshisamaninegaigotokanae</c><12>tekuremasuka</c>,e
143.05,143.15,72,0,<3>ohoshisamaninegaigotokana</c><12>etekuremasuka</c>,na
142.817,143.05,72,0,<3>ohoshisamaninegaigotoka</c><12>naetekuremasuka</c>,ka
142.65,142.817,72,0,<3>ohoshisamaninegaigoto</c><12>kanaetekuremasuka</c>,to
142.45,142.65,72,0,<3>ohoshisamaninegaigo</c><12>tokanaetekuremasuka</c>,go
142.249,142.45,72,0,<3>ohoshisamaninegai</c><12>gotokanaetekuremasuka</c>,i
141.949,142.249,72,0,<3>ohoshisamaninega</c><12>igotokanaetekuremasuka</c>,ga
141.816,141.949,72,0,<3>ohoshisamanine</c><12>gaigotokanaetekuremasuka</c>,ne
141.649,141.816,72,0,<3>ohoshisamani</c><12>negaigotokanaetekuremasuka</c>,ni
141.449,141.649,72,0,<3>ohoshisama</c><12>ninegaigotokanaetekuremasuka</c>,ma
141.248,141.449,72,0,<3>ohoshisa</c><12>maninegaigotokanaetekuremasuka</c>,sa
141.048,141.248,72,0,<3>ohoshi</c><12>samaninegaigotokanaetekuremasuka</c>,shi
140.848,141.048,72,0,<3>oho</c><12>shisamaninegaigotokanaetekuremasuka</c>,ho
140.648,140.848,72,0,<3>o</c><12>hoshisamaninegaigotokanaetekuremasuka</c>,o
124.832,125.466,-1,0,<14>sekaigabakuhatsushichau!!</c>,u!!
124.632,124.832,-1,0,<14>sekaigabakuhatsushicha</c><12>u!!</c>,cha
124.465,124.632,-1,0,<14>sekaigabakuhatsushi</c><12>chau!!</c>,shi
124.231,124.465,-1,0,<14>sekaigabakuhatsu</c><12>shichau!!</c>,tsu
124.031,124.231,-1,0,<14>sekaigabakuha</c><12>tsushichau!!</c>,ha
123.831,124.031,-1,0,<14>sekaigabaku</c><12>hatsushichau!!</c>,ku
123.631,123.831,-1,0,<14>sekaigaba</c><12>kuhatsushichau!!</c>,ba
123.397,123.631,-1,0,<14>sekaiga</c><12>bakuhatsushichau!!</c>,ga
122.83,123.397,-1,0,<14>sekai</c><12>gabakuhatsushichau!!</c>,i
122.63,122.83,-1,0,<14>seka</c><12>igabakuhatsushichau!!</c>,ka
122.029,122.63,-1,0,<14>se</c><12>kaigabakuhatsushichau!!</c>,se
63.871,64.171,89,0,<27>shakunisawarunantekinishiterukaranikimattenjan</c>,jan
63.671,63.871,92,0,<27>shakunisawarunantekinishiterukaranikimatten</c><12>jan</c>,ten
63.471,63.671,92,0,<27>shakunisawarunantekinishiterukaranikimat</c><12>tenjan</c>,mat
63.404,63.471,92,0,<27>shakunisawarunantekinishiterukaraniki</c><12>mattenjan</c>,ki
63.27,63.404,92,0,<27>shakunisawarunantekinishiterukarani</c><12>kimattenjan</c>,ni
63.17,63.27,92,0,<27>shakunisawarunantekinishiterukara</c><12>nikimattenjan</c>,ra
63.07,63.17,92,0,<27>shakunisawarunantekinishiteruka</c><12>ranikimattenjan</c>,ka
62.837,63.07,92,0,<27>shakunisawarunantekinishiteru</c><12>karanikimattenjan</c>,ru
62.77,62.837,92,0,<27>shakunisawarunantekinishite</c><12>rukaranikimattenjan</c>,te
62.67,62.77,92,0,<27>shakunisawarunantekinishi</c><12>terukaranikimattenjan</c>,shi
62.57,62.67,92,0,<27>shakunisawarunantekini</c><12>shiterukaranikimattenjan</c>,ni
62.47,62.57,92,0,<27>shakunisawarunanteki</c><12>nishiterukaranikimattenjan</c>,ki
62.269,62.47,92,0,<27>shakunisawarunante</c><12>kinishiterukaranikimattenjan</c>,te
62.036,62.269,92,0,<27>shakunisawarunan</c><12>tekinishiterukaranikimattenjan</c>,nan
61.869,62.036,92,0,<27>shakunisawaru</c><12>nantekinishiterukaranikimattenjan</c>,ru
61.635,61.869,92,0,<27>shakunisawa</c><12>runantekinishiterukaranikimattenjan</c>,wa
61.469,61.635,92,0,<27>shakunisa</c><12>warunantekinishiterukaranikimattenjan</c>,sa
61.268,61.469,92,0,<27>shakuni</c><12>sawarunantekinishiterukaranikimattenjan</c>,ni
61.202,61.268,92,0,<27>shaku</c><12>nisawarunantekinishiterukaranikimattenjan</c>,ku
61.068,61.202,92,0,<27>sha</c><12>kunisawarunantekinishiterukaranikimattenjan</c>,sha
221.061,223.831,-1,0,<11>shizukuwamunenitsutsunde</c>,shizukuwamunenitsutsunde
159.467,159.834,-1,0,<24>shizukuwamunenitsutsunde</c>,de
159.266,159.467,-1,0,<24>shizukuwamunenitsutsun</c><12>de</c>,n
159.066,159.266,-1,0,<24>shizukuwamunenitsutsu</c><12>nde</c>,tsu
158.833,159.066,-1,0,<24>shizukuwamunenitsu</c><12>tsunde</c>,tsu
158.632,158.833,-1,0,<24>shizukuwamuneni</c><12>tsutsunde</c>,ni
158.466,158.632,-1,0,<24>shizukuwamune</c><12>nitsutsunde</c>,ne
158.232,158.466,-1,0,<24>shizukuwamu</c><12>nenitsutsunde</c>,mu
157.665,158.232,-1,0,<24>shizukuwa</c><12>munenitsutsunde</c>,wa
157.565,157.665,-1,0,<24>shizuku</c><12>wamunenitsutsunde</c>,ku
157.431,157.565,-1,0,<24>shizu</c><12>kuwamunenitsutsunde</c>,zu
157.031,157.431,-1,0,<24>shi</c><12>zukuwamunenitsutsunde</c>,shi
67.041,67.441,88,0,<10>soredemoshinjiteshiawaseninaruyounireigitadashiku</c>,ku
66.941,67.041,91,0,<10>soredemoshinjiteshiawaseninaruyounireigitadashi</c><12>ku</c>,shi
66.841,66.941,91,0,<10>soredemoshinjiteshiawaseninaruyounireigitada</c><12>shiku</c>,da
66.741,66.841,91,0,<10>soredemoshinjiteshiawaseninaruyounireigita</c><12>dashiku</c>,ta
66.64,66.741,91,0,<10>soredemoshinjiteshiawaseninaruyounireigi</c><12>tadashiku</c>,gi
66.44,66.64,91,0,<10>soredemoshinjiteshiawaseninaruyounirei</c><12>gitadashiku</c>,rei
66.24,66.44,91,0,<10>soredemoshinjiteshiawaseninaruyouni</c><12>reigitadashiku</c>,ni
66.04,66.24,91,0,<10>soredemoshinjiteshiawaseninaruyou</c><12>nireigitadashiku</c>,you
65.973,66.04,91,0,<10>soredemoshinjiteshiawaseninaru</c><12>younireigitadashiku</c>,ru
65.84,65.973,91,0,<10>soredemoshinjiteshiawasenina</c><12>ruyounireigitadashiku</c>,na
65.606,65.84,91,0,<10>soredemoshinjiteshiawaseni</c><12>naruyounireigitadashiku</c>,ni
65.439,65.606,91,0,<10>soredemoshinjiteshiawase</c><12>ninaruyounireigitadashiku</c>,se
65.339,65.439,91,0,<10>soredemoshinjiteshiawa</c><12>seninaruyounireigitadashiku</c>,wa
65.239,65.339,91,0,<10>soredemoshinjiteshia</c><12>waseninaruyounireigitadashiku</c>,a
65.139,65.239,91,0,<10>soredemoshinjiteshi</c><12>awaseninaruyounireigitadashiku</c>,shi
65.039,65.139,91,0,<10>soredemoshinjite</c><12>shiawaseninaruyounireigitadashiku</c>,te
64.839,65.039,91,0,<10>soredemoshinji</c><12>teshiawaseninaruyounireigitadashiku</c>,ji
64.638,64.839,91,0,<10>soredemoshin</c><12>jiteshiawaseninaruyounireigitadashiku</c>,shin
64.438,64.638,91,0,<10>soredemo</c><12>shinjiteshiawaseninaruyounireigitadashiku</c>,mo
64.372,64.438,91,0,<10>sorede</c><12>moshinjiteshiawaseninaruyounireigitadashiku</c>,de
64.271,64.372,91,0,<10>sore</c><12>demoshinjiteshiawaseninaruyounireigitadashiku</c>,re
64.171,64.271,91,0,<10>so</c><12>redemoshinjiteshiawaseninaruyounireigitadashiku</c>,so
118.059,118.859,-1,0,<7>sukoshiwachigaudesho?</c>,sho?
117.858,118.059,-1,0,<7>sukoshiwachigaude</c><12>sho?</c>,de
117.658,117.858,-1,0,<7>sukoshiwachigau</c><12>desho?</c>,u
117.458,117.658,-1,0,<7>sukoshiwachiga</c><12>udesho?</c>,ga
117.224,117.458,-1,0,<7>sukoshiwachi</c><12>gaudesho?</c>,chi
117.058,117.224,-1,0,<7>sukoshiwa</c><12>chigaudesho?</c>,wa
116.424,117.058,-1,0,<7>sukoshi</c><12>wachigaudesho?</c>,shi
116.257,116.424,-1,0,<7>suko</c><12>shiwachigaudesho?</c>,ko
115.623,116.257,-1,0,<7>su</c><12>koshiwachigaudesho?</c>,su
114.822,115.623,-1,0,<7>sutoroonokuwaekata</c>,ta
114.622,114.822,-1,0,<7>sutoroonokuwaeka</c><12>ta</c>,ka
114.422,114.622,-1,0,<7>sutoroonokuwae</c><12>kata</c>,e
114.221,114.422,-1,0,<7>sutoroonokuwa</c><12>ekata</c>,wa
114.021,114.221,-1,0,<7>sutoroonoku</c><12>waekata</c>,ku
113.821,114.021,-1,0,<7>sutoroono</c><12>kuwaekata</c>,no
113.621,113.821,-1,0,<7>sutoroo</c><12>nokuwaekata</c>,o
113.22,113.621,-1,0,<7>sutoro</c><12>onokuwaekata</c>,ro
113.054,113.22,-1,0,<7>suto</c><12>roonokuwaekata</c>,to
112.42,113.054,-1,0,<7>su</c><12>toroonokuwaekata</c>,su
223.831,227.034,-1,0,<11>todokeruyosorani</c>,todokeruyosorani
161.836,163.037,-1,0,<24>todokeruyosorani</c>,ni
161.635,161.836,-1,0,<24>todokeruyosora</c><12>ni</c>,ra
161.435,161.635,-1,0,<24>todokeruyoso</c><12>rani</c>,so
160.835,161.435,-1,0,<24>todokeruyo</c><12>sorani</c>,yo
160.634,160.835,-1,0,<24>todokeru</c><12>yosorani</c>,ru
160.234,160.634,-1,0,<24>todoke</c><12>ruyosorani</c>,ke
160.034,160.234,-1,0,<24>todo</c><12>keruyosorani</c>,do
159.834,160.034,-1,0,<24>to</c><12>dokeruyosorani</c>,to
233.674,234.041,67,0,<1>wasurerarenaikarabokunodaijinamemorii</c>,rii
233.474,233.674,70,0,<1>wasurerarenaikarabokunodaijinamemo</c><12>rii</c>,mo
233.073,233.474,70,0,<1>wasurerarenaikarabokunodaijiname</c><12>morii</c>,me
232.873,233.073,70,0,<1>wasurerarenaikarabokunodaijina</c><12>memorii</c>,na
232.773,232.873,70,0,<1>wasurerarenaikarabokunodaiji</c><12>namemorii</c>,ji
232.706,232.773,70,0,<1>wasurerarenaikarabokunodai</c><12>jinamemorii</c>,i
232.473,232.706,70,0,<1>wasurerarenaikarabokunoda</c><12>ijinamemorii</c>,da
232.273,232.473,70,0,<1>wasurerarenaikarabokuno</c><12>daijinamemorii</c>,no
232.072,232.273,70,0,<1>wasurerarenaikaraboku</c><12>nodaijinamemorii</c>,ku
231.872,232.072,70,0,<1>wasurerarenaikarabo</c><12>kunodaijinamemorii</c>,bo
231.539,231.872,70,0,<1>wasurerarenaikara</c><12>bokunodaijinamemorii</c>,ra
231.438,231.539,70,0,<1>wasurerarenaika</c><12>rabokunodaijinamemorii</c>,ka
231.272,231.438,70,0,<1>wasurerarenai</c><12>karabokunodaijinamemorii</c>,nai
231.071,231.272,70,0,<1>wasurerare</c><12>naikarabokunodaijinamemorii</c>,re
230.871,231.071,70,0,<1>wasurera</c><12>renaikarabokunodaijinamemorii</c>,ra
230.671,230.871,70,0,<1>wasure</c><12>rarenaikarabokunodaijinamemorii</c>,re
230.471,230.671,70,0,<1>wasu</c><12>rerarenaikarabokunodaijinamemorii</c>,su
230.271,230.471,70,0,<1>wa</c><12>surerarenaikarabokunodaijinamemorii</c>,wa
76.851,77.218,67,0,<26>wasurerarenaikarabokunodaijinamemorii</c>,rii
76.65,76.851,70,0,<26>wasurerarenaikarabokunodaijinamemo</c><12>rii</c>,mo
76.25,76.65,70,0,<26>wasurerarenaikarabokunodaijiname</c><12>morii</c>,me
76.05,76.25,70,0,<26>wasurerarenaikarabokunodaijina</c><12>memorii</c>,na
75.95,76.05,70,0,<26>wasurerarenaikarabokunodaiji</c><12>namemorii</c>,ji
75.883,75.95,70,0,<26>wasurerarenaikarabokunodai</c><12>jinamemorii</c>,i
75.649,75.883,70,0,<26>wasurerarenaikarabokunoda</c><12>ijinamemorii</c>,da
75.449,75.649,70,0,<26>wasurerarenaikarabokuno</c><12>daijinamemorii</c>,no
75.249,75.449,70,0,<26>wasurerarenaikaraboku</c><12>nodaijinamemorii</c>,ku
75.049,75.249,70,0,<26>wasurerarenaikarabo</c><12>kunodaijinamemorii</c>,bo
74.715,75.049,70,0,<26>wasurerarenaikara</c><12>bokunodaijinamemorii</c>,ra
74.648,74.715,70,0,<26>wasurerarenaika</c><12>rabokunodaijinamemorii</c>,ka
74.415,74.648,70,0,<26>wasurerarenai</c><12>karabokunodaijinamemorii</c>,nai
74.248,74.415,70,0,<26>wasurerare</c><12>naikarabokunodaijinamemorii</c>,re
74.048,74.248,70,0,<26>wasurera</c><12>renaikarabokunodaijinamemorii</c>,ra
73.848,74.048,70,0,<26>wasure</c><12>rarenaikarabokunodaijinamemorii</c>,re
73.647,73.848,70,0,<26>wasu</c><12>rerarenaikarabokunodaijinamemorii</c>,su
73.447,73.647,70,0,<26>wa</c><12>surerarenaikarabokunodaijinamemorii</c>,wa
12.853,13.22,67,0,<1>wasurerarenaikarabokunodaijinamemorii</c>,rii
12.653,12.853,70,0,<1>wasurerarenaikarabokunodaijinamemo</c><12>rii</c>,mo
12.253,12.653,70,0,<1>wasurerarenaikarabokunodaijiname</c><12>morii</c>,me
12.053,12.253,70,0,<1>wasurerarenaikarabokunodaijina</c><12>memorii</c>,na
11.953,12.053,70,0,<1>wasurerarenaikarabokunodaiji</c><12>namemorii</c>,ji
11.886,11.953,70,0,<1>wasurerarenaikarabokunodai</c><12>jinamemorii</c>,i
11.652,11.886,70,0,<1>wasurerarenaikarabokunoda</c><12>ijinamemorii</c>,da
11.452,11.652,70,0,<1>wasurerarenaikarabokuno</c><12>daijinamemorii</c>,no
11.252,11.452,70,0,<1>wasurerarenaikaraboku</c><12>nodaijinamemorii</c>,ku
11.052,11.252,70,0,<1>wasurerarenaikarabo</c><12>kunodaijinamemorii</c>,bo
10.751,11.052,70,0,<1>wasurerarenaikara</c><12>bokunodaijinamemorii</c>,ra
10.651,10.751,70,0,<1>wasurerarenaika</c><12>rabokunodaijinamemorii</c>,ka
10.418,10.651,70,0,<1>wasurerarenai</c><12>karabokunodaijinamemorii</c>,nai
10.217,10.418,70,0,<1>wasurerare</c><12>naikarabokunodaijinamemorii</c>,re
10.051,10.217,70,0,<1>wasurera</c><12>renaikarabokunodaijinamemorii</c>,ra
9.85,10.051,70,0,<1>wasure</c><12>rarenaikarabokunodaijinamemorii</c>,re
9.65,9.85,70,0,<1>wasu</c><12>rerarenaikarabokunodaijinamemorii</c>,su
9.45,9.65,70,0,<1>wa</c><12>surerarenaikarabokunodaijinamemorii</c>,wa
105.246,106.047,-1,0,<2>yakusokuasshukushite</c>,te
105.046,105.246,-1,0,<2>yakusokuasshukushi</c><12>te</c>,shi
104.845,105.046,-1,0,<2>yakusokuasshuku</c><12>shite</c>,ku
104.645,104.845,-1,0,<2>yakusokuasshu</c><12>kushite</c>,shu
104.445,104.645,-1,0,<2>yakusokuas</c><12>shukushite</c>,as
104.245,104.445,-1,0,<2>yakusoku</c><12>asshukushite</c>,ku
103.644,104.245,-1,0,<2>yakuso</c><12>kuasshukushite</c>,so
103.444,103.644,-1,0,<2>yaku</c><12>sokuasshukushite</c>,ku
102.843,103.444,-1,0,<2>ya</c><12>kusokuasshukushite</c>,ya
243.45,244.652,58,0,<1>yumekarapipipisamenaidesamenaide</c>,de
243.25,243.45,61,0,<1>yumekarapipipisamenaidesamenai</c><12>de</c>,nai
243.017,243.25,61,0,<1>yumekarapipipisamenaidesame</c><12>naide</c>,me
242.85,243.017,61,0,<1>yumekarapipipisamenaidesa</c><12>menaide</c>,sa
242.616,242.85,61,0,<1>yumekarapipipisamenaide</c><12>samenaide</c>,de
242.449,242.616,61,0,<1>yumekarapipipisamenai</c><12>desamenaide</c>,nai
242.249,242.449,61,0,<1>yumekarapipipisame</c><12>naidesamenaide</c>,me
242.049,242.249,61,0,<1>yumekarapipipisa</c><12>menaidesamenaide</c>,sa
241.849,242.049,61,0,<1>yumekarapipipi</c><12>samenaidesamenaide</c>,pi
241.749,241.849,61,0,<1>yumekarapipi</c><12>pisamenaidesamenaide</c>,pi
241.615,241.749,61,0,<1>yumekarapi</c><12>pipisamenaidesamenaide</c>,pi
241.448,241.615,61,0,<1>yumekara</c><12>pipipisamenaidesamenaide</c>,ra
241.248,241.448,61,0,<1>yumeka</c><12>rapipipisamenaidesamenaide</c>,ka
241.148,241.248,61,0,<1>yume</c><12>karapipipisamenaidesamenaide</c>,me
241.048,241.148,61,0,<1>yu</c><12>mekarapipipisamenaidesamenaide</c>,yu
86.66,87.862,61,0,<22>yumekarapipipisamenaidesamenaide</c>,de
86.427,86.66,64,0,<22>yumekarapipipisamenaidesamenai</c><12>de</c>,nai
86.227,86.427,64,0,<22>yumekarapipipisamenaidesame</c><12>naide</c>,me
86.027,86.227,64,0,<22>yumekarapipipisamenaidesa</c><12>menaide</c>,sa
85.826,86.027,64,0,<22>yumekarapipipisamenaide</c><12>samenaide</c>,de
85.626,85.826,64,0,<22>yumekarapipipisamenai</c><12>desamenaide</c>,nai
85.459,85.626,64,0,<22>yumekarapipipisame</c><12>naidesamenaide</c>,me
85.259,85.459,64,0,<22>yumekarapipipisa</c><12>menaidesamenaide</c>,sa
85.059,85.259,64,0,<22>yumekarapipipi</c><12>samenaidesamenaide</c>,pi
84.925,85.059,64,0,<22>yumekarapipi</c><12>pisamenaidesamenaide</c>,pi
84.825,84.925,64,0,<22>yumekarapi</c><12>pipisamenaidesamenaide</c>,pi
84.625,84.825,64,0,<22>yumekara</c><12>pipipisamenaidesamenaide</c>,ra
84.425,84.625,64,0,<22>yumeka</c><12>rapipipisamenaidesamenaide</c>,ka
84.325,84.425,64,0,<22>yume</c><12>karapipipisamenaidesamenaide</c>,me
84.225,84.325,64,0,<22>yu</c><12>mekarapipipisamenaidesamenaide</c>,yu
34.842,35.643,-1,0,<8>zuttosobademiteruyo</c>,yo
34.642,34.842,-1,0,<8>zuttosobademiteru</c><12>yo</c>,ru
34.442,34.642,-1,0,<8>zuttosobademite</c><12>ruyo</c>,te
34.241,34.442,-1,0,<8>zuttosobademi</c><12>teruyo</c>,mi
34.041,34.241,-1,0,<8>zuttosobade</c><12>miteruyo</c>,de
33.841,34.041,-1,0,<8>zuttosoba</c><12>demiteruyo</c>,ba
33.24,33.841,-1,0,<8>zuttoso</c><12>bademiteruyo</c>,so
33.04,33.24,-1,0,<8>zutto</c><12>sobademiteruyo</c>,to
32.44,33.04,-1,0,<8>zut</c><12>tosobademiteruyo</c>,zut
