start,end,position,line,text,token
201.285,202.386,-1,0,<2></c><1>aidorudakara</c><2></c>,ra
200.951,201.285,-1,0,<2></c><1>aidorudaka</c><3>ra</c><2></c>,ka
200.584,200.951,-1,0,<2></c><1>aidoruda</c><3>kara</c><2></c>,da
200.384,200.584,-1,0,<2></c><1>aidoru</c><3>dakara</c><2></c>,ru
200.217,200.384,-1,0,<2></c><1>aido</c><3>rudakara</c><2></c>,do
200.017,200.217,-1,0,<2></c><1>ai</c><3>dorudakara</c><2></c>,i
199.85,200.017,-1,0,<2></c><1>a</c><3>idorudakara</c><2></c>,a
126.076,126.844,-1,0,<2></c><1>aidorudakara</c><2></c>,ra
125.742,126.076,-1,0,<2></c><1>aidorudaka</c><3>ra</c><2></c>,ka
125.375,125.742,-1,0,<2></c><1>aidoruda</c><3>kara</c><2></c>,da
125.209,125.375,-1,0,<2></c><1>aidoru</c><3>dakara</c><2></c>,ru
125.008,125.209,-1,0,<2></c><1>aido</c><3>rudakara</c><2></c>,do
124.808,125.008,-1,0,<2></c><1>ai</c><3>dorudakara</c><2></c>,i
124.641,124.808,-1,0,<2></c><1>a</c><3>idorudakara</c><2></c>,a
222.272,222.573,59,0,<2></c><1>aidorunankatoiukotobao</c><2></c>,o
222.072,222.272,59,0,<2></c><1>aidorunankatoiukotoba</c><3>o</c><2></c>,ba
221.905,222.072,59,0,<2></c><1>aidorunankatoiukoto</c><3>bao</c><2></c>,to
221.538,221.905,59,0,<2></c><1>aidorunankatoiuko</c><3>tobao</c><2></c>,ko
221.371,221.538,59,0,<2></c><1>aidorunankatoiu</c><3>kotobao</c><2></c>,u
221.205,221.371,59,0,<2></c><1>aidorunankatoi</c><3>ukotobao</c><2></c>,i
221.004,221.205,59,0,<2></c><1>aidorunankato</c><3>iukotobao</c><2></c>,to
220.804,221.004,59,0,<2></c><1>aidorunanka</c><3>toiukotobao</c><2></c>,ka
220.637,220.804,59,0,<2></c><1>aidorunan</c><3>katoiukotobao</c><2></c>,n
220.437,220.637,59,0,<2></c><1>aidoruna</c><3>nkatoiukotobao</c><2></c>,na
220.27,220.437,59,0,<2></c><1>aidoru</c><3>nankatoiukotobao</c><2></c>,ru
220.103,220.27,59,0,<2></c><1>aido</c><3>runankatoiukotobao</c><2></c>,do
219.903,220.103,59,0,<2></c><1>ai</c><3>dorunankatoiukotobao</c><2></c>,i
219.736,219.903,59,0,<2></c><1>a</c><3>idorunankatoiukotobao</c><2></c>,a
66.083,66.45,59,0,<2></c><1>aidorunankatoiukotobao</c><2></c>,o
65.916,66.083,59,0,<2></c><1>aidorunankatoiukotoba</c><3>o</c><2></c>,ba
65.749,65.916,59,0,<2></c><1>aidorunankatoiukoto</c><3>bao</c><2></c>,to
65.382,65.749,59,0,<2></c><1>aidorunankatoiuko</c><3>tobao</c><2></c>,ko
65.182,65.382,59,0,<2></c><1>aidorunankatoiu</c><3>kotobao</c><2></c>,u
65.015,65.182,59,0,<2></c><1>aidorunankatoi</c><3>ukotobao</c><2></c>,i
64.815,65.015,59,0,<2></c><1>aidorunankato</c><3>iukotobao</c><2></c>,to
64.648,64.815,59,0,<2></c><1>aidorunanka</c><3>toiukotobao</c><2></c>,ka
64.448,64.648,59,0,<2></c><1>aidorunan</c><3>katoiukotobao</c><2></c>,n
64.281,64.448,59,0,<2></c><1>aidoruna</c><3>nkatoiukotobao</c><2></c>,na
64.114,64.281,59,0,<2></c><1>aidoru</c><3>nankatoiukotobao</c><2></c>,ru
63.914,64.114,59,0,<2></c><1>aido</c><3>runankatoiukotobao</c><2></c>,do
63.714,63.914,59,0,<2></c><1>ai</c><3>dorunankatoiukotobao</c><2></c>,i
63.547,63.714,59,0,<2></c><1>a</c><3>idorunankatoiukotobao</c><2></c>,a
233.817,234.184,61,0,<2></c><1>aidorunankatoiukotobawa</c><2></c>,wa
233.617,233.817,61,0,<2></c><1>aidorunankatoiukotoba</c><3>wa</c><2></c>,ba
233.45,233.617,61,0,<2></c><1>aidorunankatoiukoto</c><3>bawa</c><2></c>,to
233.083,233.45,61,0,<2></c><1>aidorunankatoiuko</c><3>tobawa</c><2></c>,ko
232.883,233.083,61,0,<2></c><1>aidorunankatoiu</c><3>kotobawa</c><2></c>,u
232.716,232.883,61,0,<2></c><1>aidorunankatoi</c><3>ukotobawa</c><2></c>,i
232.549,232.716,61,0,<2></c><1>aidorunankato</c><3>iukotobawa</c><2></c>,to
232.349,232.549,61,0,<2></c><1>aidorunanka</c><3>toiukotobawa</c><2></c>,ka
232.182,232.349,61,0,<2></c><1>aidorunan</c><3>katoiukotobawa</c><2></c>,n
231.982,232.182,61,0,<2></c><1>aidoruna</c><3>nkatoiukotobawa</c><2></c>,na
231.815,231.982,61,0,<2></c><1>aidoru</c><3>nankatoiukotobawa</c><2></c>,ru
231.648,231.815,61,0,<2></c><1>aido</c><3>runankatoiukotobawa</c><2></c>,do
231.448,231.648,61,0,<2></c><1>ai</c><3>dorunankatoiukotobawa</c><2></c>,i
231.281,231.448,61,0,<2></c><1>a</c><3>idorunankatoiukotobawa</c><2></c>,a
147.064,147.431,61,0,<2></c><1>aidorunankatoiukotobawa</c><2></c>,wa
146.864,147.064,61,0,<2></c><1>aidorunankatoiukotoba</c><3>wa</c><2></c>,ba
146.697,146.864,61,0,<2></c><1>aidorunankatoiukoto</c><3>bawa</c><2></c>,to
146.33,146.697,61,0,<2></c><1>aidorunankatoiuko</c><3>tobawa</c><2></c>,ko
146.13,146.33,61,0,<2></c><1>aidorunankatoiu</c><3>kotobawa</c><2></c>,u
145.963,146.13,61,0,<2></c><1>aidorunankatoi</c><3>ukotobawa</c><2></c>,i
145.796,145.963,61,0,<2></c><1>aidorunankato</c><3>iukotobawa</c><2></c>,to
145.596,145.796,61,0,<2></c><1>aidorunanka</c><3>toiukotobawa</c><2></c>,ka
145.429,145.596,61,0,<2></c><1>aidorunan</c><3>katoiukotobawa</c><2></c>,n
145.262,145.429,61,0,<2></c><1>aidoruna</c><3>nkatoiukotobawa</c><2></c>,na
145.062,145.262,61,0,<2></c><1>aidoru</c><3>nankatoiukotobawa</c><2></c>,ru
144.895,145.062,61,0,<2></c><1>aido</c><3>runankatoiukotobawa</c><2></c>,do
144.695,144.895,61,0,<2></c><1>ai</c><3>dorunankatoiukotobawa</c><2></c>,i
144.528,144.695,61,0,<2></c><1>a</c><3>idorunankatoiukotobawa</c><2></c>,a
77.661,78.028,61,0,<2></c><1>aidorunankatoiukotobawa</c><2></c>,wa
77.461,77.661,61,0,<2></c><1>aidorunankatoiukotoba</c><3>wa</c><2></c>,ba
77.294,77.461,61,0,<2></c><1>aidorunankatoiukoto</c><3>bawa</c><2></c>,to
76.927,77.294,61,0,<2></c><1>aidorunankatoiuko</c><3>tobawa</c><2></c>,ko
76.727,76.927,61,0,<2></c><1>aidorunankatoiu</c><3>kotobawa</c><2></c>,u
76.56,76.727,61,0,<2></c><1>aidorunankatoi</c><3>ukotobawa</c><2></c>,i
76.393,76.56,61,0,<2></c><1>aidorunankato</c><3>iukotobawa</c><2></c>,to
76.193,76.393,61,0,<2></c><1>aidorunanka</c><3>toiukotobawa</c><2></c>,ka
76.026,76.193,61,0,<2></c><1>aidorunan</c><3>katoiukotobawa</c><2></c>,n
75.826,76.026,61,0,<2></c><1>aidoruna</c><3>nkatoiukotobawa</c><2></c>,na
75.659,75.826,61,0,<2></c><1>aidoru</c><3>nankatoiukotobawa</c><2></c>,ru
75.492,75.659,61,0,<2></c><1>aido</c><3>runankatoiukotobawa</c><2></c>,do
75.292,75.492,61,0,<2></c><1>ai</c><3>dorunankatoiukotobawa</c><2></c>,i
75.125,75.292,61,0,<2></c><1>a</c><3>idorunankatoiukotobawa</c><2></c>,a
195.479,196.947,-1,0,<2></c><1>akirarechattemo</c><2></c>,mo
195.145,195.479,-1,0,<2></c><1>akirarechatte</c><3>mo</c><2></c>,te
194.978,195.145,-1,0,<2></c><1>akirarechat</c><3>temo</c><2></c>,t
194.778,194.978,-1,0,<2></c><1>akirarecha</c><3>ttemo</c><2></c>,cha
194.578,194.778,-1,0,<2></c><1>akirare</c><3>chattemo</c><2></c>,re
194.411,194.578,-1,0,<2></c><1>akira</c><3>rechattemo</c><2></c>,ra
194.211,194.411,-1,0,<2></c><1>aki</c><3>rarechattemo</c><2></c>,ki
194.044,194.211,-1,0,<2></c><1>a</c><3>kirarechattemo</c><2></c>,a
108.759,109.827,-1,0,<2></c><1>arinomamanowatashio</c><2></c>,o
108.592,108.759,-1,0,<2></c><1>arinomamanowatashi</c><3>o</c><2></c>,shi
108.392,108.592,-1,0,<2></c><1>arinomamanowata</c><3>shio</c><2></c>,ta
108.192,108.392,-1,0,<2></c><1>arinomamanowa</c><3>tashio</c><2></c>,wa
107.858,108.192,-1,0,<2></c><1>arinomamano</c><3>watashio</c><2></c>,no
107.658,107.858,-1,0,<2></c><1>arinomama</c><3>nowatashio</c><2></c>,ma
107.491,107.658,-1,0,<2></c><1>arinoma</c><3>manowatashio</c><2></c>,ma
107.291,107.491,-1,0,<2></c><1>arino</c><3>mamanowatashio</c><2></c>,no
107.124,107.291,-1,0,<2></c><1>ari</c><3>nomamanowatashio</c><2></c>,ri
106.957,107.124,-1,0,<2></c><1>a</c><3>rinomamanowatashio</c><2></c>,a
204.922,205.255,-1,0,<2></c><1>atsuifannoaigaatte</c><2></c>,te
204.721,204.922,-1,0,<2></c><1>atsuifannoaigaat</c><3>te</c><2></c>,t
204.555,204.721,-1,0,<2></c><1>atsuifannoaigaa</c><3>tte</c><2></c>,a
204.188,204.555,-1,0,<2></c><1>atsuifannoaiga</c><3>atte</c><2></c>,ga
203.987,204.188,-1,0,<2></c><1>atsuifannoai</c><3>gaatte</c><2></c>,i
203.787,203.987,-1,0,<2></c><1>atsuifannoa</c><3>igaatte</c><2></c>,a
203.453,203.787,-1,0,<2></c><1>atsuifanno</c><3>aigaatte</c><2></c>,no
203.287,203.453,-1,0,<2></c><1>atsuifan</c><3>noaigaatte</c><2></c>,n
203.12,203.287,-1,0,<2></c><1>atsuifa</c><3>nnoaigaatte</c><2></c>,fa
202.753,203.12,-1,0,<2></c><1>atsui</c><3>fannoaigaatte</c><2></c>,i
202.553,202.753,-1,0,<2></c><1>atsu</c><3>ifannoaigaatte</c><2></c>,tsu
202.386,202.553,-1,0,<2></c><1>a</c><3>tsuifannoaigaatte</c><2></c>,a
216.466,216.833,61,0,<2></c><1>bakanisuruyatsuwakiraida</c><2></c>,da
216.266,216.466,61,0,<2></c><1>bakanisuruyatsuwakirai</c><3>da</c><2></c>,i
216.099,216.266,61,0,<2></c><1>bakanisuruyatsuwakira</c><3>ida</c><2></c>,ra
215.732,216.099,61,0,<2></c><1>bakanisuruyatsuwaki</c><3>raida</c><2></c>,ki
215.532,215.732,61,0,<2></c><1>bakanisuruyatsuwa</c><3>kiraida</c><2></c>,wa
215.399,215.532,61,0,<2></c><1>bakanisuruyatsu</c><3>wakiraida</c><2></c>,tsu
214.998,215.399,61,0,<2></c><1>bakanisuruya</c><3>tsuwakiraida</c><2></c>,ya
214.831,214.998,61,0,<2></c><1>bakanisuru</c><3>yatsuwakiraida</c><2></c>,ru
214.665,214.831,61,0,<2></c><1>bakanisu</c><3>ruyatsuwakiraida</c><2></c>,su
214.298,214.665,61,0,<2></c><1>bakani</c><3>suruyatsuwakiraida</c><2></c>,ni
214.097,214.298,61,0,<2></c><1>baka</c><3>nisuruyatsuwakiraida</c><2></c>,ka
213.931,214.097,61,0,<2></c><1>ba</c><3>kanisuruyatsuwakiraida</c><2></c>,ba
60.31,60.677,61,0,<2></c><1>bakanisuruyatsuwakiraida</c><2></c>,da
60.11,60.31,61,0,<2></c><1>bakanisuruyatsuwakirai</c><3>da</c><2></c>,i
59.943,60.11,61,0,<2></c><1>bakanisuruyatsuwakira</c><3>ida</c><2></c>,ra
59.576,59.943,61,0,<2></c><1>bakanisuruyatsuwaki</c><3>raida</c><2></c>,ki
59.376,59.576,61,0,<2></c><1>bakanisuruyatsuwa</c><3>kiraida</c><2></c>,wa
59.243,59.376,61,0,<2></c><1>bakanisuruyatsu</c><3>wakiraida</c><2></c>,tsu
58.842,59.243,61,0,<2></c><1>bakanisuruya</c><3>tsuwakiraida</c><2></c>,ya
58.675,58.842,61,0,<2></c><1>bakanisuru</c><3>yatsuwakiraida</c><2></c>,ru
58.509,58.675,61,0,<2></c><1>bakanisu</c><3>ruyatsuwakiraida</c><2></c>,su
58.142,58.509,61,0,<2></c><1>bakani</c><3>suruyatsuwakiraida</c><2></c>,ni
57.941,58.142,61,0,<2></c><1>baka</c><3>nisuruyatsuwakiraida</c><2></c>,ka
57.775,57.941,61,0,<2></c><1>ba</c><3>kanisuruyatsuwakiraida</c><2></c>,ba
102.953,104.054,-1,0,<2></c><1>damashichatteimasuka?</c><2></c>,ka?
102.786,102.953,-1,0,<2></c><1>damashichatteimasu</c><3>ka?</c><2></c>,su
102.586,102.786,-1,0,<2></c><1>damashichatteima</c><3>suka?</c><2></c>,ma
102.419,102.586,-1,0,<2></c><1>damashichattei</c><3>masuka?</c><2></c>,i
102.052,102.419,-1,0,<2></c><1>damashichatte</c><3>imasuka?</c><2></c>,te
101.885,102.052,-1,0,<2></c><1>damashichat</c><3>teimasuka?</c><2></c>,t
101.718,101.885,-1,0,<2></c><1>damashicha</c><3>tteimasuka?</c><2></c>,cha
101.518,101.718,-1,0,<2></c><1>damashi</c><3>chatteimasuka?</c><2></c>,shi
101.318,101.518,-1,0,<2></c><1>dama</c><3>shichatteimasuka?</c><2></c>,ma
101.151,101.318,-1,0,<2></c><1>da</c><3>mashichatteimasuka?</c><2></c>,da
106.59,106.957,61,0,<2></c><1>demohonkidesuhonkinandesu</c><2></c>,su
106.423,106.59,61,0,<2></c><1>demohonkidesuhonkinande</c><3>su</c><2></c>,de
106.256,106.423,61,0,<2></c><1>demohonkidesuhonkinan</c><3>desu</c><2></c>,n
106.056,106.256,61,0,<2></c><1>demohonkidesuhonkina</c><3>ndesu</c><2></c>,na
105.889,106.056,61,0,<2></c><1>demohonkidesuhonki</c><3>nandesu</c><2></c>,ki
105.689,105.889,61,0,<2></c><1>demohonkidesuhon</c><3>kinandesu</c><2></c>,n
105.522,105.689,61,0,<2></c><1>demohonkidesuho</c><3>nkinandesu</c><2></c>,ho
105.155,105.522,61,0,<2></c><1>demohonkidesu</c><3>honkinandesu</c><2></c>,su
104.955,105.155,61,0,<2></c><1>demohonkide</c><3>suhonkinandesu</c><2></c>,de
104.788,104.955,61,0,<2></c><1>demohonki</c><3>desuhonkinandesu</c><2></c>,ki
104.588,104.788,61,0,<2></c><1>demohon</c><3>kidesuhonkinandesu</c><2></c>,n
104.421,104.588,61,0,<2></c><1>demoho</c><3>nkidesuhonkinandesu</c><2></c>,ho
104.221,104.421,61,0,<2></c><1>demo</c><3>honkidesuhonkinandesu</c><2></c>,mo
104.054,104.221,61,0,<2></c><1>de</c><3>mohonkidesuhonkinandesu</c><2></c>,de
42.826,43.327,58,0,<2></c><1>furitsuketokafansatokamo</c><2></c>,mo
42.626,42.826,58,0,<2></c><1>furitsuketokafansatoka</c><3>mo</c><2></c>,ka
42.459,42.626,58,0,<2></c><1>furitsuketokafansato</c><3>kamo</c><2></c>,to
42.259,42.459,58,0,<2></c><1>furitsuketokafansa</c><3>tokamo</c><2></c>,sa
42.092,42.259,58,0,<2></c><1>furitsuketokafan</c><3>satokamo</c><2></c>,n
41.892,42.092,58,0,<2></c><1>furitsuketokafa</c><3>nsatokamo</c><2></c>,fa
41.358,41.892,58,0,<2></c><1>furitsuketoka</c><3>fansatokamo</c><2></c>,ka
41.191,41.358,58,0,<2></c><1>furitsuketo</c><3>kafansatokamo</c><2></c>,to
40.991,41.191,58,0,<2></c><1>furitsuke</c><3>tokafansatokamo</c><2></c>,ke
40.824,40.991,58,0,<2></c><1>furitsu</c><3>ketokafansatokamo</c><2></c>,tsu
40.624,40.824,58,0,<2></c><1>furi</c><3>tsuketokafansatokamo</c><2></c>,ri
40.457,40.624,58,0,<2></c><1>fu</c><3>ritsuketokafansatokamo</c><2></c>,fu
228.045,228.378,-1,0,<2></c><1>ganbariotouzentoiuna</c><2></c>,na
227.844,228.045,-1,0,<2></c><1>ganbariotouzentoiu</c><3>na</c><2></c>,u
227.678,227.844,-1,0,<2></c><1>ganbariotouzentoi</c><3>una</c><2></c>,i
227.311,227.678,-1,0,<2></c><1>ganbariotouzento</c><3>iuna</c><2></c>,to
227.144,227.311,-1,0,<2></c><1>ganbariotouzen</c><3>toiuna</c><2></c>,n
226.944,227.144,-1,0,<2></c><1>ganbariotouze</c><3>ntoiuna</c><2></c>,ze
226.777,226.944,-1,0,<2></c><1>ganbariotou</c><3>zentoiuna</c><2></c>,u
226.577,226.777,-1,0,<2></c><1>ganbarioto</c><3>uzentoiuna</c><2></c>,to
226.41,226.577,-1,0,<2></c><1>ganbario</c><3>touzentoiuna</c><2></c>,o
226.21,226.41,-1,0,<2></c><1>ganbari</c><3>otouzentoiuna</c><2></c>,ri
225.876,226.21,-1,0,<2></c><1>ganba</c><3>riotouzentoiuna</c><2></c>,ba
225.676,225.876,-1,0,<2></c><1>gan</c><3>bariotouzentoiuna</c><2></c>,n
225.509,225.676,-1,0,<2></c><1>ga</c><3>nbariotouzentoiuna</c><2></c>,ga
71.889,72.256,-1,0,<2></c><1>ganbariotouzentoiuna</c><2></c>,na
71.722,71.889,-1,0,<2></c><1>ganbariotouzentoiu</c><3>na</c><2></c>,u
71.522,71.722,-1,0,<2></c><1>ganbariotouzentoi</c><3>una</c><2></c>,i
71.155,71.522,-1,0,<2></c><1>ganbariotouzento</c><3>iuna</c><2></c>,to
70.988,71.155,-1,0,<2></c><1>ganbariotouzen</c><3>toiuna</c><2></c>,n
70.788,70.988,-1,0,<2></c><1>ganbariotouze</c><3>ntoiuna</c><2></c>,ze
70.621,70.788,-1,0,<2></c><1>ganbariotou</c><3>zentoiuna</c><2></c>,u
70.421,70.621,-1,0,<2></c><1>ganbarioto</c><3>uzentoiuna</c><2></c>,to
70.254,70.421,-1,0,<2></c><1>ganbario</c><3>touzentoiuna</c><2></c>,o
70.054,70.254,-1,0,<2></c><1>ganbari</c><3>otouzentoiuna</c><2></c>,ri
69.72,70.054,-1,0,<2></c><1>ganba</c><3>riotouzentoiuna</c><2></c>,ba
69.52,69.72,-1,0,<2></c><1>gan</c><3>bariotouzentoiuna</c><2></c>,n
69.353,69.52,-1,0,<2></c><1>ga</c><3>nbariotouzentoiuna</c><2></c>,ga
176.226,176.693,77,0,<2></c><1>genkiageruhazugamorattebakaridashi</c><2></c>,shi
176.093,176.226,77,0,<2></c><1>genkiageruhazugamorattebakarida</c><3>shi</c><2></c>,da
175.993,176.093,77,0,<2></c><1>genkiageruhazugamorattebakari</c><3>dashi</c><2></c>,ri
175.893,175.993,77,0,<2></c><1>genkiageruhazugamorattebaka</c><3>ridashi</c><2></c>,ka
175.759,175.893,77,0,<2></c><1>genkiageruhazugamoratteba</c><3>karidashi</c><2></c>,ba
175.626,175.759,77,0,<2></c><1>genkiageruhazugamoratte</c><3>bakaridashi</c><2></c>,te
175.492,175.626,77,0,<2></c><1>genkiageruhazugamorat</c><3>tebakaridashi</c><2></c>,t
175.392,175.492,77,0,<2></c><1>genkiageruhazugamora</c><3>ttebakaridashi</c><2></c>,ra
175.259,175.392,77,0,<2></c><1>genkiageruhazugamo</c><3>rattebakaridashi</c><2></c>,mo
174.791,175.259,77,0,<2></c><1>genkiageruhazuga</c><3>morattebakaridashi</c><2></c>,ga
174.691,174.791,77,0,<2></c><1>genkiageruhazu</c><3>gamorattebakaridashi</c><2></c>,zu
174.558,174.691,77,0,<2></c><1>genkiageruha</c><3>zugamorattebakaridashi</c><2></c>,ha
174.424,174.558,77,0,<2></c><1>genkiageru</c><3>hazugamorattebakaridashi</c><2></c>,ru
174.324,174.424,77,0,<2></c><1>genkiage</c><3>ruhazugamorattebakaridashi</c><2></c>,ge
174.191,174.324,77,0,<2></c><1>genkia</c><3>geruhazugamorattebakaridashi</c><2></c>,a
174.091,174.191,77,0,<2></c><1>genki</c><3>ageruhazugamorattebakaridashi</c><2></c>,ki
173.957,174.091,77,0,<2></c><1>gen</c><3>kiageruhazugamorattebakaridashi</c><2></c>,n
173.824,173.957,77,0,<2></c><1>ge</c><3>nkiageruhazugamorattebakaridashi</c><2></c>,ge
129.713,130.08,56,0,<2></c><1>hinikuiuyatsuwakiraida</c><2></c>,da
129.513,129.713,56,0,<2></c><1>hinikuiuyatsuwakirai</c><3>da</c><2></c>,i
129.346,129.513,56,0,<2></c><1>hinikuiuyatsuwakira</c><3>ida</c><2></c>,ra
128.979,129.346,56,0,<2></c><1>hinikuiuyatsuwaki</c><3>raida</c><2></c>,ki
128.779,128.979,56,0,<2></c><1>hinikuiuyatsuwa</c><3>kiraida</c><2></c>,wa
128.612,128.779,56,0,<2></c><1>hinikuiuyatsu</c><3>wakiraida</c><2></c>,tsu
128.278,128.612,56,0,<2></c><1>hinikuiuya</c><3>tsuwakiraida</c><2></c>,ya
128.078,128.278,56,0,<2></c><1>hinikuiu</c><3>yatsuwakiraida</c><2></c>,u
127.911,128.078,56,0,<2></c><1>hinikui</c><3>uyatsuwakiraida</c><2></c>,i
127.544,127.911,56,0,<2></c><1>hiniku</c><3>iuyatsuwakiraida</c><2></c>,ku
127.344,127.544,56,0,<2></c><1>hini</c><3>kuiuyatsuwakiraida</c><2></c>,ni
127.177,127.344,56,0,<2></c><1>hi</c><3>nikuiuyatsuwakiraida</c><2></c>,hi
155.205,155.739,-1,0,<2></c><1>hokoritakakiaidoru</c><2></c>,ru
155.005,155.205,-1,0,<2></c><1>hokoritakakiaido</c><3>ru</c><2></c>,do
154.838,155.005,-1,0,<2></c><1>hokoritakakiai</c><3>doru</c><2></c>,i
154.671,154.838,-1,0,<2></c><1>hokoritakakia</c><3>idoru</c><2></c>,a
154.471,154.671,-1,0,<2></c><1>hokoritakaki</c><3>aidoru</c><2></c>,ki
154.304,154.471,-1,0,<2></c><1>hokoritaka</c><3>kiaidoru</c><2></c>,ka
154.138,154.304,-1,0,<2></c><1>hokorita</c><3>kakiaidoru</c><2></c>,ta
153.937,154.138,-1,0,<2></c><1>hokori</c><3>takakiaidoru</c><2></c>,ri
153.77,153.937,-1,0,<2></c><1>hoko</c><3>ritakakiaidoru</c><2></c>,ko
153.57,153.77,-1,0,<2></c><1>ho</c><3>koritakakiaidoru</c><2></c>,ho
11.895,23.107,61,0,<2></c><1>honeyworks-hokoritakakiidol</c><2></c>,honeyworks-hokoritakakiidol
132.616,132.983,-1,0,<2></c><1>iiwakebakarimokiraida</c><2></c>,da
132.416,132.616,-1,0,<2></c><1>iiwakebakarimokirai</c><3>da</c><2></c>,i
132.216,132.416,-1,0,<2></c><1>iiwakebakarimokira</c><3>ida</c><2></c>,ra
131.882,132.216,-1,0,<2></c><1>iiwakebakarimoki</c><3>raida</c><2></c>,ki
131.682,131.882,-1,0,<2></c><1>iiwakebakarimo</c><3>kiraida</c><2></c>,mo
131.515,131.682,-1,0,<2></c><1>iiwakebakari</c><3>mokiraida</c><2></c>,ri
131.148,131.515,-1,0,<2></c><1>iiwakebaka</c><3>rimokiraida</c><2></c>,ka
130.981,131.148,-1,0,<2></c><1>iiwakeba</c><3>karimokiraida</c><2></c>,ba
130.814,130.981,-1,0,<2></c><1>iiwake</c><3>bakarimokiraida</c><2></c>,ke
130.414,130.814,-1,0,<2></c><1>iiwa</c><3>kebakarimokiraida</c><2></c>,wa
130.247,130.414,-1,0,<2></c><1>ii</c><3>wakebakarimokiraida</c><2></c>,i
130.08,130.247,-1,0,<2></c><1>i</c><3>iwakebakarimokiraida</c><2></c>,i
213.163,213.397,-1,0,<2></c><1>ikiteruaidoru</c><2></c>,ru
213.063,213.163,-1,0,<2></c><1>ikiteruaido</c><3>ru</c><2></c>,do
212.963,213.063,-1,0,<2></c><1>ikiteruai</c><3>doru</c><2></c>,i
212.863,212.963,-1,0,<2></c><1>ikiterua</c><3>idoru</c><2></c>,a
211.595,212.863,-1,0,<2></c><1>ikiteru</c><3>aidoru</c><2></c>,ru
211.395,211.595,-1,0,<2></c><1>ikite</c><3>ruaidoru</c><2></c>,te
211.228,211.395,-1,0,<2></c><1>iki</c><3>teruaidoru</c><2></c>,ki
211.028,211.228,-1,0,<2></c><1>i</c><3>kiteruaidoru</c><2></c>,i
230.914,231.281,56,0,<2></c><1>imeejitokakyouseisuruna</c><2></c>,na
230.714,230.914,56,0,<2></c><1>imeejitokakyouseisuru</c><3>na</c><2></c>,ru
230.547,230.714,56,0,<2></c><1>imeejitokakyouseisu</c><3>runa</c><2></c>,su
230.38,230.547,56,0,<2></c><1>imeejitokakyousei</c><3>suruna</c><2></c>,i
230.18,230.38,56,0,<2></c><1>imeejitokakyouse</c><3>isuruna</c><2></c>,se
230.013,230.18,56,0,<2></c><1>imeejitokakyou</c><3>seisuruna</c><2></c>,u
229.813,230.013,56,0,<2></c><1>imeejitokakyo</c><3>useisuruna</c><2></c>,kyo
229.446,229.813,56,0,<2></c><1>imeejitoka</c><3>kyouseisuruna</c><2></c>,ka
229.279,229.446,56,0,<2></c><1>imeejito</c><3>kakyouseisuruna</c><2></c>,to
229.112,229.279,56,0,<2></c><1>imeeji</c><3>tokakyouseisuruna</c><2></c>,ji
228.745,229.112,56,0,<2></c><1>imee</c><3>jitokakyouseisuruna</c><2></c>,e
228.545,228.745,56,0,<2></c><1>ime</c><3>ejitokakyouseisuruna</c><2></c>,me
228.378,228.545,56,0,<2></c><1>i</c><3>meejitokakyouseisuruna</c><2></c>,i
74.792,75.125,56,0,<2></c><1>imeejitokakyouseisuruna</c><2></c>,na
74.591,74.792,56,0,<2></c><1>imeejitokakyouseisuru</c><3>na</c><2></c>,ru
74.425,74.591,56,0,<2></c><1>imeejitokakyouseisu</c><3>runa</c><2></c>,su
74.258,74.425,56,0,<2></c><1>imeejitokakyousei</c><3>suruna</c><2></c>,i
74.058,74.258,56,0,<2></c><1>imeejitokakyouse</c><3>isuruna</c><2></c>,se
73.891,74.058,56,0,<2></c><1>imeejitokakyou</c><3>seisuruna</c><2></c>,u
73.724,73.891,56,0,<2></c><1>imeejitokakyo</c><3>useisuruna</c><2></c>,kyo
73.323,73.724,56,0,<2></c><1>imeejitoka</c><3>kyouseisuruna</c><2></c>,ka
73.157,73.323,56,0,<2></c><1>imeejito</c><3>kakyouseisuruna</c><2></c>,to
72.99,73.157,56,0,<2></c><1>imeeji</c><3>tokakyouseisuruna</c><2></c>,ji
72.623,72.99,56,0,<2></c><1>imee</c><3>jitokakyouseisuruna</c><2></c>,e
72.423,72.623,56,0,<2></c><1>ime</c><3>ejitokakyouseisuruna</c><2></c>,me
72.256,72.423,56,0,<2></c><1>i</c><3>meejitokakyouseisuruna</c><2></c>,i
36.987,37.554,56,0,<2></c><1>ishoudatokameikudatoka</c><2></c>,ka
36.82,36.987,56,0,<2></c><1>ishoudatokameikudato</c><3>ka</c><2></c>,to
36.62,36.82,56,0,<2></c><1>ishoudatokameikuda</c><3>toka</c><2></c>,da
36.487,36.62,56,0,<2></c><1>ishoudatokameiku</c><3>datoka</c><2></c>,ku
36.286,36.487,56,0,<2></c><1>ishoudatokamei</c><3>kudatoka</c><2></c>,i
36.086,36.286,56,0,<2></c><1>ishoudatokame</c><3>ikudatoka</c><2></c>,me
35.552,36.086,56,0,<2></c><1>ishoudatoka</c><3>meikudatoka</c><2></c>,ka
35.386,35.552,56,0,<2></c><1>ishoudato</c><3>kameikudatoka</c><2></c>,to
35.185,35.386,56,0,<2></c><1>ishouda</c><3>tokameikudatoka</c><2></c>,da
35.019,35.185,56,0,<2></c><1>ishou</c><3>datokameikudatoka</c><2></c>,u
34.818,35.019,56,0,<2></c><1>isho</c><3>udatokameikudatoka</c><2></c>,sho
34.651,34.818,56,0,<2></c><1>i</c><3>shoudatokameikudatoka</c><2></c>,i
210.694,211.028,56,0,<2></c><1>itsumokazokunoaigaatte</c><2></c>,te
210.494,210.694,56,0,<2></c><1>itsumokazokunoaigaat</c><3>te</c><2></c>,t
210.327,210.494,56,0,<2></c><1>itsumokazokunoaigaa</c><3>tte</c><2></c>,a
209.96,210.327,56,0,<2></c><1>itsumokazokunoaiga</c><3>atte</c><2></c>,ga
209.76,209.96,56,0,<2></c><1>itsumokazokunoai</c><3>gaatte</c><2></c>,i
209.593,209.76,56,0,<2></c><1>itsumokazokunoa</c><3>igaatte</c><2></c>,a
209.226,209.593,56,0,<2></c><1>itsumokazokuno</c><3>aigaatte</c><2></c>,no
209.059,209.226,56,0,<2></c><1>itsumokazoku</c><3>noaigaatte</c><2></c>,ku
208.859,209.059,56,0,<2></c><1>itsumokazo</c><3>kunoaigaatte</c><2></c>,zo
208.692,208.859,56,0,<2></c><1>itsumoka</c><3>zokunoaigaatte</c><2></c>,ka
208.525,208.692,56,0,<2></c><1>itsumo</c><3>kazokunoaigaatte</c><2></c>,mo
208.325,208.525,56,0,<2></c><1>itsu</c><3>mokazokunoaigaatte</c><2></c>,tsu
208.158,208.325,56,0,<2></c><1>i</c><3>tsumokazokunoaigaatte</c><2></c>,i
193.343,194.044,-1,0,<2></c><1>kanseigahettemo</c><2></c>,mo
192.976,193.343,-1,0,<2></c><1>kanseigahette</c><3>mo</c><2></c>,te
192.609,192.976,-1,0,<2></c><1>kanseigahet</c><3>temo</c><2></c>,t
192.276,192.609,-1,0,<2></c><1>kanseigahe</c><3>ttemo</c><2></c>,he
191.875,192.276,-1,0,<2></c><1>kanseiga</c><3>hettemo</c><2></c>,ga
191.708,191.875,-1,0,<2></c><1>kansei</c><3>gahettemo</c><2></c>,i
191.508,191.708,-1,0,<2></c><1>kanse</c><3>igahettemo</c><2></c>,se
191.341,191.508,-1,0,<2></c><1>kan</c><3>seigahettemo</c><2></c>,n
191.175,191.341,-1,0,<2></c><1>ka</c><3>nseigahettemo</c><2></c>,ka
138.388,138.755,61,0,<2></c><1>karugarushikukuchinisuruna</c><2></c>,na
138.188,138.388,61,0,<2></c><1>karugarushikukuchinisuru</c><3>na</c><2></c>,ru
138.055,138.188,61,0,<2></c><1>karugarushikukuchinisu</c><3>runa</c><2></c>,su
137.654,138.055,61,0,<2></c><1>karugarushikukuchini</c><3>suruna</c><2></c>,ni
137.488,137.654,61,0,<2></c><1>karugarushikukuchi</c><3>nisuruna</c><2></c>,chi
137.287,137.488,61,0,<2></c><1>karugarushikuku</c><3>chinisuruna</c><2></c>,ku
136.954,137.287,61,0,<2></c><1>karugarushiku</c><3>kuchinisuruna</c><2></c>,ku
136.787,136.954,61,0,<2></c><1>karugarushi</c><3>kukuchinisuruna</c><2></c>,shi
136.587,136.787,61,0,<2></c><1>karugaru</c><3>shikukuchinisuruna</c><2></c>,ru
136.22,136.587,61,0,<2></c><1>karuga</c><3>rushikukuchinisuruna</c><2></c>,ga
136.019,136.22,61,0,<2></c><1>karu</c><3>garushikukuchinisuruna</c><2></c>,ru
135.853,136.019,61,0,<2></c><1>ka</c><3>rugarushikukuchinisuruna</c><2></c>,ka
141.291,141.625,-1,0,<2></c><1>kattenigenkaikimeruna</c><2></c>,na
141.091,141.291,-1,0,<2></c><1>kattenigenkaikimeru</c><3>na</c><2></c>,ru
140.924,141.091,-1,0,<2></c><1>kattenigenkaikime</c><3>runa</c><2></c>,me
140.557,140.924,-1,0,<2></c><1>kattenigenkaiki</c><3>meruna</c><2></c>,ki
140.39,140.557,-1,0,<2></c><1>kattenigenkai</c><3>kimeruna</c><2></c>,i
140.19,140.39,-1,0,<2></c><1>kattenigenka</c><3>ikimeruna</c><2></c>,ka
139.857,140.19,-1,0,<2></c><1>kattenigen</c><3>kaikimeruna</c><2></c>,n
139.656,139.857,-1,0,<2></c><1>kattenige</c><3>nkaikimeruna</c><2></c>,ge
139.49,139.656,-1,0,<2></c><1>katteni</c><3>genkaikimeruna</c><2></c>,ni
139.123,139.49,-1,0,<2></c><1>katte</c><3>nigenkaikimeruna</c><2></c>,te
138.922,139.123,-1,0,<2></c><1>kat</c><3>tenigenkaikimeruna</c><2></c>,t
138.755,138.922,-1,0,<2></c><1>ka</c><3>ttenigenkaikimeruna</c><2></c>,ka
39.356,40.457,-1,0,<2></c><1>kawaikumietemasuka?</c><2></c>,ka?
39.189,39.356,-1,0,<2></c><1>kawaikumietemasu</c><3>ka?</c><2></c>,su
38.989,39.189,-1,0,<2></c><1>kawaikumietema</c><3>suka?</c><2></c>,ma
38.822,38.989,-1,0,<2></c><1>kawaikumiete</c><3>masuka?</c><2></c>,te
38.455,38.822,-1,0,<2></c><1>kawaikumie</c><3>temasuka?</c><2></c>,e
38.288,38.455,-1,0,<2></c><1>kawaikumi</c><3>etemasuka?</c><2></c>,mi
38.088,38.288,-1,0,<2></c><1>kawaiku</c><3>mietemasuka?</c><2></c>,ku
37.921,38.088,-1,0,<2></c><1>kawai</c><3>kumietemasuka?</c><2></c>,i
37.721,37.921,-1,0,<2></c><1>kawa</c><3>ikumietemasuka?</c><2></c>,wa
37.554,37.721,-1,0,<2></c><1>ka</c><3>waikumietemasuka?</c><2></c>,ka
27.778,28.846,-1,0,<2></c><1>kawaikumietemasuka?</c><2></c>,ka?
27.578,27.778,-1,0,<2></c><1>kawaikumietemasu</c><3>ka?</c><2></c>,su
27.411,27.578,-1,0,<2></c><1>kawaikumietema</c><3>suka?</c><2></c>,ma
27.244,27.411,-1,0,<2></c><1>kawaikumiete</c><3>masuka?</c><2></c>,te
26.844,27.244,-1,0,<2></c><1>kawaikumie</c><3>temasuka?</c><2></c>,e
26.677,26.844,-1,0,<2></c><1>kawaikumi</c><3>etemasuka?</c><2></c>,mi
26.51,26.677,-1,0,<2></c><1>kawaiku</c><3>mietemasuka?</c><2></c>,ku
26.343,26.51,-1,0,<2></c><1>kawai</c><3>kumietemasuka?</c><2></c>,i
26.143,26.343,-1,0,<2></c><1>kawa</c><3>ikumietemasuka?</c><2></c>,wa
25.976,26.143,-1,0,<2></c><1>ka</c><3>waikumietemasuka?</c><2></c>,ka
118.135,118.869,-1,0,<2></c><1>kittokawaikunai</c><2></c>,i
117.801,118.135,-1,0,<2></c><1>kittokawaikuna</c><3>i</c><2></c>,na
117.434,117.801,-1,0,<2></c><1>kittokawaiku</c><3>nai</c><2></c>,ku
117.067,117.434,-1,0,<2></c><1>kittokawai</c><3>kunai</c><2></c>,i
116.733,117.067,-1,0,<2></c><1>kittokawa</c><3>ikunai</c><2></c>,wa
116.533,116.733,-1,0,<2></c><1>kittoka</c><3>waikunai</c><2></c>,ka
116.366,116.533,-1,0,<2></c><1>kitto</c><3>kawaikunai</c><2></c>,to
116.166,116.366,-1,0,<2></c><1>kit</c><3>tokawaikunai</c><2></c>,t
115.999,116.166,-1,0,<2></c><1>ki</c><3>ttokawaikunai</c><2></c>,ki
135.486,135.853,59,0,<2></c><1>konnamonkatoiukotobao</c><2></c>,o
135.319,135.486,59,0,<2></c><1>konnamonkatoiukotoba</c><3>o</c><2></c>,ba
135.119,135.319,59,0,<2></c><1>konnamonkatoiukoto</c><3>bao</c><2></c>,to
134.751,135.119,59,0,<2></c><1>konnamonkatoiuko</c><3>tobao</c><2></c>,ko
134.585,134.751,59,0,<2></c><1>konnamonkatoiu</c><3>kotobao</c><2></c>,u
134.418,134.585,59,0,<2></c><1>konnamonkatoi</c><3>ukotobao</c><2></c>,i
134.218,134.418,59,0,<2></c><1>konnamonkato</c><3>iukotobao</c><2></c>,to
134.051,134.218,59,0,<2></c><1>konnamonka</c><3>toiukotobao</c><2></c>,ka
133.851,134.051,59,0,<2></c><1>konnamon</c><3>katoiukotobao</c><2></c>,n
133.684,133.851,59,0,<2></c><1>konnamo</c><3>nkatoiukotobao</c><2></c>,mo
133.317,133.684,59,0,<2></c><1>konna</c><3>monkatoiukotobao</c><2></c>,na
133.15,133.317,59,0,<2></c><1>kon</c><3>namonkatoiukotobao</c><2></c>,n
132.983,133.15,59,0,<2></c><1>ko</c><3>nnamonkatoiukotobao</c><2></c>,ko
236.72,237.421,59,0,<2></c><1>konoyodeichibandaikiraida</c><2></c>,da
236.52,236.72,59,0,<2></c><1>konoyodeichibandaikirai</c><3>da</c><2></c>,i
236.353,236.52,59,0,<2></c><1>konoyodeichibandaikira</c><3>ida</c><2></c>,ra
235.986,236.353,59,0,<2></c><1>konoyodeichibandaiki</c><3>raida</c><2></c>,ki
235.786,235.986,59,0,<2></c><1>konoyodeichibandai</c><3>kiraida</c><2></c>,i
235.619,235.786,59,0,<2></c><1>konoyodeichibanda</c><3>ikiraida</c><2></c>,da
235.452,235.619,59,0,<2></c><1>konoyodeichiban</c><3>daikiraida</c><2></c>,n
235.252,235.452,59,0,<2></c><1>konoyodeichiba</c><3>ndaikiraida</c><2></c>,ba
235.085,235.252,59,0,<2></c><1>konoyodeichi</c><3>bandaikiraida</c><2></c>,chi
234.918,235.085,59,0,<2></c><1>konoyodei</c><3>chibandaikiraida</c><2></c>,i
234.718,234.918,59,0,<2></c><1>konoyode</c><3>ichibandaikiraida</c><2></c>,de
234.551,234.718,59,0,<2></c><1>konoyo</c><3>deichibandaikiraida</c><2></c>,yo
234.351,234.551,59,0,<2></c><1>kono</c><3>yodeichibandaikiraida</c><2></c>,no
234.184,234.351,59,0,<2></c><1>ko</c><3>noyodeichibandaikiraida</c><2></c>,ko
149.967,150.667,59,0,<2></c><1>konoyodeichibandaikiraida</c><2></c>,da
149.766,149.967,59,0,<2></c><1>konoyodeichibandaikirai</c><3>da</c><2></c>,i
149.6,149.766,59,0,<2></c><1>konoyodeichibandaikira</c><3>ida</c><2></c>,ra
149.233,149.6,59,0,<2></c><1>konoyodeichibandaiki</c><3>raida</c><2></c>,ki
149.066,149.233,59,0,<2></c><1>konoyodeichibandai</c><3>kiraida</c><2></c>,i
148.866,149.066,59,0,<2></c><1>konoyodeichibanda</c><3>ikiraida</c><2></c>,da
148.699,148.866,59,0,<2></c><1>konoyodeichiban</c><3>daikiraida</c><2></c>,n
148.499,148.699,59,0,<2></c><1>konoyodeichiba</c><3>ndaikiraida</c><2></c>,ba
148.332,148.499,59,0,<2></c><1>konoyodeichi</c><3>bandaikiraida</c><2></c>,chi
148.132,148.332,59,0,<2></c><1>konoyodei</c><3>chibandaikiraida</c><2></c>,i
147.965,148.132,59,0,<2></c><1>konoyode</c><3>ichibandaikiraida</c><2></c>,de
147.798,147.965,59,0,<2></c><1>konoyo</c><3>deichibandaikiraida</c><2></c>,yo
147.598,147.798,59,0,<2></c><1>kono</c><3>yodeichibandaikiraida</c><2></c>,no
147.431,147.598,59,0,<2></c><1>ko</c><3>noyodeichibandaikiraida</c><2></c>,ko
80.564,81.298,59,0,<2></c><1>konoyodeichibandaikiraida</c><2></c>,da
80.364,80.564,59,0,<2></c><1>konoyodeichibandaikirai</c><3>da</c><2></c>,i
80.197,80.364,59,0,<2></c><1>konoyodeichibandaikira</c><3>ida</c><2></c>,ra
79.83,80.197,59,0,<2></c><1>konoyodeichibandaiki</c><3>raida</c><2></c>,ki
79.63,79.83,59,0,<2></c><1>konoyodeichibandai</c><3>kiraida</c><2></c>,i
79.463,79.63,59,0,<2></c><1>konoyodeichibanda</c><3>ikiraida</c><2></c>,da
79.296,79.463,59,0,<2></c><1>konoyodeichiban</c><3>daikiraida</c><2></c>,n
79.096,79.296,59,0,<2></c><1>konoyodeichiba</c><3>ndaikiraida</c><2></c>,ba
78.929,79.096,59,0,<2></c><1>konoyodeichi</c><3>bandaikiraida</c><2></c>,chi
78.762,78.929,59,0,<2></c><1>konoyodei</c><3>chibandaikiraida</c><2></c>,i
78.562,78.762,59,0,<2></c><1>konoyode</c><3>ichibandaikiraida</c><2></c>,de
78.395,78.562,59,0,<2></c><1>konoyo</c><3>deichibandaikiraida</c><2></c>,yo
78.228,78.395,59,0,<2></c><1>kono</c><3>yodeichibandaikiraida</c><2></c>,no
78.028,78.228,59,0,<2></c><1>ko</c><3>noyodeichibandaikiraida</c><2></c>,ko
161.912,162.412,-1,0,<2></c><1>mezasouze</c><2></c>,ze
161.712,161.912,-1,0,<2></c><1>mezasou</c><3>ze</c><2></c>,u
161.545,161.712,-1,0,<2></c><1>mezaso</c><3>uze</c><2></c>,so
161.345,161.545,-1,0,<2></c><1>meza</c><3>souze</c><2></c>,za
161.178,161.345,-1,0,<2></c><1>me</c><3>zasouze</c><2></c>,me
219.369,219.736,56,0,<2></c><1>mikudasarerunomokiraida</c><2></c>,da
219.169,219.369,56,0,<2></c><1>mikudasarerunomokirai</c><3>da</c><2></c>,i
219.002,219.169,56,0,<2></c><1>mikudasarerunomokira</c><3>ida</c><2></c>,ra
218.635,219.002,56,0,<2></c><1>mikudasarerunomoki</c><3>raida</c><2></c>,ki
218.468,218.635,56,0,<2></c><1>mikudasarerunomo</c><3>kiraida</c><2></c>,mo
218.268,218.468,56,0,<2></c><1>mikudasareruno</c><3>mokiraida</c><2></c>,no
217.935,218.268,56,0,<2></c><1>mikudasareru</c><3>nomokiraida</c><2></c>,ru
217.734,217.935,56,0,<2></c><1>mikudasare</c><3>runomokiraida</c><2></c>,re
217.568,217.734,56,0,<2></c><1>mikudasa</c><3>rerunomokiraida</c><2></c>,sa
217.201,217.568,56,0,<2></c><1>mikuda</c><3>sarerunomokiraida</c><2></c>,da
217.0,217.201,56,0,<2></c><1>miku</c><3>dasarerunomokiraida</c><2></c>,ku
216.833,217.0,56,0,<2></c><1>mi</c><3>kudasarerunomokiraida</c><2></c>,mi
63.213,63.547,56,0,<2></c><1>mikudasarerunomokiraida</c><2></c>,da
63.013,63.213,56,0,<2></c><1>mikudasarerunomokirai</c><3>da</c><2></c>,i
62.846,63.013,56,0,<2></c><1>mikudasarerunomokira</c><3>ida</c><2></c>,ra
62.479,62.846,56,0,<2></c><1>mikudasarerunomoki</c><3>raida</c><2></c>,ki
62.312,62.479,56,0,<2></c><1>mikudasarerunomo</c><3>kiraida</c><2></c>,mo
62.112,62.312,56,0,<2></c><1>mikudasareruno</c><3>mokiraida</c><2></c>,no
61.779,62.112,56,0,<2></c><1>mikudasareru</c><3>nomokiraida</c><2></c>,ru
61.578,61.779,56,0,<2></c><1>mikudasare</c><3>runomokiraida</c><2></c>,re
61.412,61.578,56,0,<2></c><1>mikudasa</c><3>rerunomokiraida</c><2></c>,sa
61.045,61.412,56,0,<2></c><1>mikuda</c><3>sarerunomokiraida</c><2></c>,da
60.844,61.045,56,0,<2></c><1>miku</c><3>dasarerunomokiraida</c><2></c>,ku
60.677,60.844,56,0,<2></c><1>mi</c><3>kudasarerunomokiraida</c><2></c>,mi
225.108,225.509,-1,0,<2></c><1>mitemoinaikuseniiuna</c><2></c>,na
224.942,225.108,-1,0,<2></c><1>mitemoinaikuseniiu</c><3>na</c><2></c>,u
224.741,224.942,-1,0,<2></c><1>mitemoinaikusenii</c><3>una</c><2></c>,i
224.408,224.741,-1,0,<2></c><1>mitemoinaikuseni</c><3>iuna</c><2></c>,ni
224.241,224.408,-1,0,<2></c><1>mitemoinaikuse</c><3>niiuna</c><2></c>,se
224.041,224.241,-1,0,<2></c><1>mitemoinaiku</c><3>seniiuna</c><2></c>,ku
223.674,224.041,-1,0,<2></c><1>mitemoinai</c><3>kuseniiuna</c><2></c>,i
223.507,223.674,-1,0,<2></c><1>mitemoina</c><3>ikuseniiuna</c><2></c>,na
223.307,223.507,-1,0,<2></c><1>mitemoi</c><3>naikuseniiuna</c><2></c>,i
222.973,223.307,-1,0,<2></c><1>mitemo</c><3>inaikuseniiuna</c><2></c>,mo
222.773,222.973,-1,0,<2></c><1>mite</c><3>moinaikuseniiuna</c><2></c>,te
222.573,222.773,-1,0,<2></c><1>mi</c><3>temoinaikuseniiuna</c><2></c>,mi
68.986,69.353,-1,0,<2></c><1>mitemoinaikuseniiuna</c><2></c>,na
68.786,68.986,-1,0,<2></c><1>mitemoinaikuseniiu</c><3>na</c><2></c>,u
68.619,68.786,-1,0,<2></c><1>mitemoinaikusenii</c><3>una</c><2></c>,i
68.252,68.619,-1,0,<2></c><1>mitemoinaikuseni</c><3>iuna</c><2></c>,ni
68.085,68.252,-1,0,<2></c><1>mitemoinaikuse</c><3>niiuna</c><2></c>,se
67.885,68.085,-1,0,<2></c><1>mitemoinaiku</c><3>seniiuna</c><2></c>,ku
67.551,67.885,-1,0,<2></c><1>mitemoinai</c><3>kuseniiuna</c><2></c>,i
67.351,67.551,-1,0,<2></c><1>mitemoina</c><3>ikuseniiuna</c><2></c>,na
67.151,67.351,-1,0,<2></c><1>mitemoi</c><3>naikuseniiuna</c><2></c>,i
66.817,67.151,-1,0,<2></c><1>mitemo</c><3>inaikuseniiuna</c><2></c>,mo
66.617,66.817,-1,0,<2></c><1>mite</c><3>moinaikuseniiuna</c><2></c>,te
66.45,66.617,-1,0,<2></c><1>mi</c><3>temoinaikuseniiuna</c><2></c>,mi
152.302,153.57,-1,0,<2></c><1>mukaikazeokirisake</c><2></c>,ke
152.102,152.302,-1,0,<2></c><1>mukaikazeokirisa</c><3>ke</c><2></c>,sa
151.935,152.102,-1,0,<2></c><1>mukaikazeokiri</c><3>sake</c><2></c>,ri
151.768,151.935,-1,0,<2></c><1>mukaikazeoki</c><3>risake</c><2></c>,ki
151.568,151.768,-1,0,<2></c><1>mukaikazeo</c><3>kirisake</c><2></c>,o
151.401,151.568,-1,0,<2></c><1>mukaikaze</c><3>okirisake</c><2></c>,ze
151.201,151.401,-1,0,<2></c><1>mukaika</c><3>zeokirisake</c><2></c>,ka
151.034,151.201,-1,0,<2></c><1>mukai</c><3>kazeokirisake</c><2></c>,i
150.868,151.034,-1,0,<2></c><1>muka</c><3>ikazeokirisake</c><2></c>,ka
150.667,150.868,-1,0,<2></c><1>mu</c><3>kaikazeokirisake</c><2></c>,mu
179.596,182.499,63,0,<2></c><1>ongaeshidekiruhimademattete</c><2></c>,te
179.229,179.596,63,0,<2></c><1>ongaeshidekiruhimadematte</c><3>te</c><2></c>,te
179.029,179.229,63,0,<2></c><1>ongaeshidekiruhimademat</c><3>tete</c><2></c>,t
178.862,179.029,63,0,<2></c><1>ongaeshidekiruhimadema</c><3>ttete</c><2></c>,ma
178.128,178.862,63,0,<2></c><1>ongaeshidekiruhimade</c><3>mattete</c><2></c>,de
178.028,178.128,63,0,<2></c><1>ongaeshidekiruhima</c><3>demattete</c><2></c>,ma
177.794,178.028,63,0,<2></c><1>ongaeshidekiruhi</c><3>mademattete</c><2></c>,hi
177.661,177.794,63,0,<2></c><1>ongaeshidekiru</c><3>himademattete</c><2></c>,ru
177.528,177.661,63,0,<2></c><1>ongaeshideki</c><3>ruhimademattete</c><2></c>,ki
177.427,177.528,63,0,<2></c><1>ongaeshide</c><3>kiruhimademattete</c><2></c>,de
177.294,177.427,63,0,<2></c><1>ongaeshi</c><3>dekiruhimademattete</c><2></c>,shi
177.094,177.294,63,0,<2></c><1>ongae</c><3>shidekiruhimademattete</c><2></c>,e
176.927,177.094,63,0,<2></c><1>onga</c><3>eshidekiruhimademattete</c><2></c>,ga
176.827,176.927,63,0,<2></c><1>on</c><3>gaeshidekiruhimademattete</c><2></c>,n
176.693,176.827,63,0,<2></c><1>o</c><3>ngaeshidekiruhimademattete</c><2></c>,o
170.587,170.921,66,0,<2></c><1>ouenganakerebakatsudoudekinai</c><2></c>,i
170.187,170.587,66,0,<2></c><1>ouenganakerebakatsudoudekina</c><3>i</c><2></c>,na
170.087,170.187,66,0,<2></c><1>ouenganakerebakatsudoudeki</c><3>nai</c><2></c>,ki
169.953,170.087,66,0,<2></c><1>ouenganakerebakatsudoude</c><3>kinai</c><2></c>,de
169.853,169.953,66,0,<2></c><1>ouenganakerebakatsudou</c><3>dekinai</c><2></c>,u
169.72,169.853,66,0,<2></c><1>ouenganakerebakatsudo</c><3>udekinai</c><2></c>,do
169.586,169.72,66,0,<2></c><1>ouenganakerebakatsu</c><3>doudekinai</c><2></c>,tsu
169.453,169.586,66,0,<2></c><1>ouenganakerebaka</c><3>tsudoudekinai</c><2></c>,ka
168.986,169.453,66,0,<2></c><1>ouenganakereba</c><3>katsudoudekinai</c><2></c>,ba
168.886,168.986,66,0,<2></c><1>ouenganakere</c><3>bakatsudoudekinai</c><2></c>,re
168.752,168.886,66,0,<2></c><1>ouenganake</c><3>rebakatsudoudekinai</c><2></c>,ke
168.619,168.752,66,0,<2></c><1>ouengana</c><3>kerebakatsudoudekinai</c><2></c>,na
168.519,168.619,66,0,<2></c><1>ouenga</c><3>nakerebakatsudoudekinai</c><2></c>,ga
168.418,168.519,66,0,<2></c><1>ouen</c><3>ganakerebakatsudoudekinai</c><2></c>,n
168.285,168.418,66,0,<2></c><1>oue</c><3>nganakerebakatsudoudekinai</c><2></c>,e
168.152,168.285,66,0,<2></c><1>ou</c><3>enganakerebakatsudoudekinai</c><2></c>,u
168.018,168.152,66,0,<2></c><1>o</c><3>uenganakerebakatsudoudekinai</c><2></c>,o
94.812,95.379,-1,0,<2></c><1>puraibeetomienaikara</c><2></c>,ra
94.645,94.812,-1,0,<2></c><1>puraibeetomienaika</c><3>ra</c><2></c>,ka
94.478,94.645,-1,0,<2></c><1>puraibeetomienai</c><3>kara</c><2></c>,i
94.278,94.478,-1,0,<2></c><1>puraibeetomiena</c><3>ikara</c><2></c>,na
94.111,94.278,-1,0,<2></c><1>puraibeetomie</c><3>naikara</c><2></c>,e
93.911,94.111,-1,0,<2></c><1>puraibeetomi</c><3>enaikara</c><2></c>,mi
93.377,93.911,-1,0,<2></c><1>puraibeeto</c><3>mienaikara</c><2></c>,to
93.21,93.377,-1,0,<2></c><1>puraibee</c><3>tomienaikara</c><2></c>,e
93.01,93.21,-1,0,<2></c><1>puraibe</c><3>etomienaikara</c><2></c>,be
92.843,93.01,-1,0,<2></c><1>purai</c><3>beetomienaikara</c><2></c>,i
92.643,92.843,-1,0,<2></c><1>pura</c><3>ibeetomienaikara</c><2></c>,ra
92.476,92.643,-1,0,<2></c><1>pu</c><3>raibeetomienaikara</c><2></c>,pu
100.818,101.151,56,0,<2></c><1>seikakutokawaruihoudesu</c><2></c>,su
100.617,100.818,56,0,<2></c><1>seikakutokawaruihoude</c><3>su</c><2></c>,de
100.451,100.617,56,0,<2></c><1>seikakutokawaruihou</c><3>desu</c><2></c>,u
100.284,100.451,56,0,<2></c><1>seikakutokawaruiho</c><3>udesu</c><2></c>,ho
100.084,100.284,56,0,<2></c><1>seikakutokawarui</c><3>houdesu</c><2></c>,i
99.917,100.084,56,0,<2></c><1>seikakutokawaru</c><3>ihoudesu</c><2></c>,ru
99.75,99.917,56,0,<2></c><1>seikakutokawa</c><3>ruihoudesu</c><2></c>,wa
99.183,99.75,56,0,<2></c><1>seikakutoka</c><3>waruihoudesu</c><2></c>,ka
99.016,99.183,56,0,<2></c><1>seikakuto</c><3>kawaruihoudesu</c><2></c>,to
98.849,99.016,56,0,<2></c><1>seikaku</c><3>tokawaruihoudesu</c><2></c>,ku
98.649,98.849,56,0,<2></c><1>seika</c><3>kutokawaruihoudesu</c><2></c>,ka
98.449,98.649,56,0,<2></c><1>sei</c><3>kakutokawaruihoudesu</c><2></c>,i
98.282,98.449,56,0,<2></c><1>se</c><3>ikakutokawaruihoudesu</c><2></c>,se
124.274,124.641,-1,0,<2></c><1>soredemosukaretetai</c><2></c>,i
123.907,124.274,-1,0,<2></c><1>soredemosukareteta</c><3>i</c><2></c>,ta
123.574,123.907,-1,0,<2></c><1>soredemosukarete</c><3>tai</c><2></c>,te
123.24,123.574,-1,0,<2></c><1>soredemosukare</c><3>tetai</c><2></c>,re
122.84,123.24,-1,0,<2></c><1>soredemosuka</c><3>retetai</c><2></c>,ka
122.506,122.84,-1,0,<2></c><1>soredemosu</c><3>karetetai</c><2></c>,su
122.339,122.506,-1,0,<2></c><1>soredemo</c><3>sukaretetai</c><2></c>,mo
122.139,122.339,-1,0,<2></c><1>sorede</c><3>mosukaretetai</c><2></c>,de
121.939,122.139,-1,0,<2></c><1>sore</c><3>demosukaretetai</c><2></c>,re
121.772,121.939,-1,0,<2></c><1>so</c><3>redemosukaretetai</c><2></c>,so
56.707,57.775,66,0,<2></c><1>soredemotatakaitaiaidorudakara</c><2></c>,ra
56.34,56.707,66,0,<2></c><1>soredemotatakaitaiaidorudaka</c><3>ra</c><2></c>,ka
56.006,56.34,66,0,<2></c><1>soredemotatakaitaiaidoruda</c><3>kara</c><2></c>,da
55.806,56.006,66,0,<2></c><1>soredemotatakaitaiaidoru</c><3>dakara</c><2></c>,ru
55.606,55.806,66,0,<2></c><1>soredemotatakaitaiaido</c><3>rudakara</c><2></c>,do
55.406,55.606,66,0,<2></c><1>soredemotatakaitaiai</c><3>dorudakara</c><2></c>,i
55.272,55.406,66,0,<2></c><1>soredemotatakaitaia</c><3>idorudakara</c><2></c>,a
54.905,55.272,66,0,<2></c><1>soredemotatakaitai</c><3>aidorudakara</c><2></c>,i
54.538,54.905,66,0,<2></c><1>soredemotatakaita</c><3>iaidorudakara</c><2></c>,ta
54.204,54.538,66,0,<2></c><1>soredemotatakai</c><3>taiaidorudakara</c><2></c>,i
53.804,54.204,66,0,<2></c><1>soredemotataka</c><3>itaiaidorudakara</c><2></c>,ka
53.437,53.804,66,0,<2></c><1>soredemotata</c><3>kaitaiaidorudakara</c><2></c>,ta
53.103,53.437,66,0,<2></c><1>soredemota</c><3>takaitaiaidorudakara</c><2></c>,ta
52.903,53.103,66,0,<2></c><1>soredemo</c><3>tatakaitaiaidorudakara</c><2></c>,mo
52.736,52.903,66,0,<2></c><1>sorede</c><3>motatakaitaiaidorudakara</c><2></c>,de
52.536,52.736,66,0,<2></c><1>sore</c><3>demotatakaitaiaidorudakara</c><2></c>,re
52.369,52.536,66,0,<2></c><1>so</c><3>redemotatakaitaiaidorudakara</c><2></c>,so
199.483,199.85,-1,0,<2></c><1>soredemowaratteitai</c><2></c>,i
199.116,199.483,-1,0,<2></c><1>soredemowaratteita</c><3>i</c><2></c>,ta
198.749,199.116,-1,0,<2></c><1>soredemowarattei</c><3>tai</c><2></c>,i
198.382,198.749,-1,0,<2></c><1>soredemowaratte</c><3>itai</c><2></c>,te
198.215,198.382,-1,0,<2></c><1>soredemowarat</c><3>teitai</c><2></c>,t
198.015,198.215,-1,0,<2></c><1>soredemowara</c><3>tteitai</c><2></c>,ra
197.681,198.015,-1,0,<2></c><1>soredemowa</c><3>ratteitai</c><2></c>,wa
197.481,197.681,-1,0,<2></c><1>soredemo</c><3>waratteitai</c><2></c>,mo
197.314,197.481,-1,0,<2></c><1>sorede</c><3>mowaratteitai</c><2></c>,de
197.114,197.314,-1,0,<2></c><1>sore</c><3>demowaratteitai</c><2></c>,re
196.947,197.114,-1,0,<2></c><1>so</c><3>redemowaratteitai</c><2></c>,so
114.531,115.265,-1,0,<2></c><1>sorettewagamamadesuka?</c><2></c>,ka?
114.364,114.531,-1,0,<2></c><1>sorettewagamamadesu</c><3>ka?</c><2></c>,su
114.164,114.364,-1,0,<2></c><1>sorettewagamamade</c><3>suka?</c><2></c>,de
113.997,114.164,-1,0,<2></c><1>sorettewagamama</c><3>desuka?</c><2></c>,ma
113.797,113.997,-1,0,<2></c><1>sorettewagama</c><3>madesuka?</c><2></c>,ma
113.63,113.797,-1,0,<2></c><1>sorettewaga</c><3>mamadesuka?</c><2></c>,ga
113.43,113.63,-1,0,<2></c><1>sorettewa</c><3>gamamadesuka?</c><2></c>,wa
113.263,113.43,-1,0,<2></c><1>sorette</c><3>wagamamadesuka?</c><2></c>,te
113.097,113.263,-1,0,<2></c><1>soret</c><3>tewagamamadesuka?</c><2></c>,t
112.896,113.097,-1,0,<2></c><1>sore</c><3>ttewagamamadesuka?</c><2></c>,re
112.729,112.896,-1,0,<2></c><1>so</c><3>rettewagamamadesuka?</c><2></c>,so
173.457,173.824,70,0,<2></c><1>sukinakotobakarijaikitehaikenai</c><2></c>,i
173.09,173.457,70,0,<2></c><1>sukinakotobakarijaikitehaikena</c><3>i</c><2></c>,na
172.956,173.09,70,0,<2></c><1>sukinakotobakarijaikitehaike</c><3>nai</c><2></c>,ke
172.856,172.956,70,0,<2></c><1>sukinakotobakarijaikitehai</c><3>kenai</c><2></c>,i
172.723,172.856,70,0,<2></c><1>sukinakotobakarijaikiteha</c><3>ikenai</c><2></c>,ha
172.589,172.723,70,0,<2></c><1>sukinakotobakarijaikite</c><3>haikenai</c><2></c>,te
172.489,172.589,70,0,<2></c><1>sukinakotobakarijaiki</c><3>tehaikenai</c><2></c>,ki
172.356,172.489,70,0,<2></c><1>sukinakotobakarijai</c><3>kitehaikenai</c><2></c>,i
171.889,172.356,70,0,<2></c><1>sukinakotobakarija</c><3>ikitehaikenai</c><2></c>,ja
171.788,171.889,70,0,<2></c><1>sukinakotobakari</c><3>jaikitehaikenai</c><2></c>,ri
171.622,171.788,70,0,<2></c><1>sukinakotobaka</c><3>rijaikitehaikenai</c><2></c>,ka
171.522,171.622,70,0,<2></c><1>sukinakotoba</c><3>karijaikitehaikenai</c><2></c>,ba
171.388,171.522,70,0,<2></c><1>sukinakoto</c><3>bakarijaikitehaikenai</c><2></c>,to
171.288,171.388,70,0,<2></c><1>sukinako</c><3>tobakarijaikitehaikenai</c><2></c>,ko
171.188,171.288,70,0,<2></c><1>sukina</c><3>kotobakarijaikitehaikenai</c><2></c>,na
171.054,171.188,70,0,<2></c><1>suki</c><3>nakotobakarijaikitehaikenai</c><2></c>,ki
170.921,171.054,70,0,<2></c><1>su</c><3>kinakotobakarijaikitehaikenai</c><2></c>,su
112.362,112.729,58,0,<2></c><1>sukininatteoshitekudasai</c><2></c>,i
112.162,112.362,58,0,<2></c><1>sukininatteoshitekudasa</c><3>i</c><2></c>,sa
111.995,112.162,58,0,<2></c><1>sukininatteoshitekuda</c><3>sai</c><2></c>,da
111.795,111.995,58,0,<2></c><1>sukininatteoshiteku</c><3>dasai</c><2></c>,ku
111.628,111.795,58,0,<2></c><1>sukininatteoshite</c><3>kudasai</c><2></c>,te
111.462,111.628,58,0,<2></c><1>sukininatteoshi</c><3>tekudasai</c><2></c>,shi
111.261,111.462,58,0,<2></c><1>sukininatteo</c><3>shitekudasai</c><2></c>,o
110.727,111.261,58,0,<2></c><1>sukininatte</c><3>oshitekudasai</c><2></c>,te
110.527,110.727,58,0,<2></c><1>sukininat</c><3>teoshitekudasai</c><2></c>,t
110.36,110.527,58,0,<2></c><1>sukinina</c><3>tteoshitekudasai</c><2></c>,na
110.16,110.36,58,0,<2></c><1>sukini</c><3>natteoshitekudasai</c><2></c>,ni
109.993,110.16,58,0,<2></c><1>suki</c><3>ninatteoshitekudasai</c><2></c>,ki
109.827,109.993,58,0,<2></c><1>su</c><3>kininatteoshitekudasai</c><2></c>,su
207.791,208.158,-1,0,<2></c><1>sutaffu-sannoaigaatte</c><2></c>,te
207.624,207.791,-1,0,<2></c><1>sutaffu-sannoaigaat</c><3>te</c><2></c>,t
207.457,207.624,-1,0,<2></c><1>sutaffu-sannoaigaa</c><3>tte</c><2></c>,a
207.09,207.457,-1,0,<2></c><1>sutaffu-sannoaiga</c><3>atte</c><2></c>,ga
206.89,207.09,-1,0,<2></c><1>sutaffu-sannoai</c><3>gaatte</c><2></c>,i
206.69,206.89,-1,0,<2></c><1>sutaffu-sannoa</c><3>igaatte</c><2></c>,a
206.356,206.69,-1,0,<2></c><1>sutaffu-sanno</c><3>aigaatte</c><2></c>,no
206.19,206.356,-1,0,<2></c><1>sutaffu-san</c><3>noaigaatte</c><2></c>,n
205.989,206.19,-1,0,<2></c><1>sutaffu-sa</c><3>nnoaigaatte</c><2></c>,sa
205.822,205.989,-1,0,<2></c><1>sutaffu-</c><3>sannoaigaatte</c><2></c>,fu-
205.622,205.822,-1,0,<2></c><1>sutaf</c><3>fu-sannoaigaatte</c><2></c>,f
205.455,205.622,-1,0,<2></c><1>suta</c><3>ffu-sannoaigaatte</c><2></c>,ta
205.255,205.455,-1,0,<2></c><1>su</c><3>taffu-sannoaigaatte</c><2></c>,su
50.934,52.369,72,0,<2></c><1>tewatsumetakunatteashiwafurueru</c><2></c>,ru
50.567,50.934,72,0,<2></c><1>tewatsumetakunatteashiwafurue</c><3>ru</c><2></c>,e
50.2,50.567,72,0,<2></c><1>tewatsumetakunatteashiwafuru</c><3>eru</c><2></c>,ru
50.034,50.2,72,0,<2></c><1>tewatsumetakunatteashiwafu</c><3>rueru</c><2></c>,fu
49.833,50.034,72,0,<2></c><1>tewatsumetakunatteashiwa</c><3>furueru</c><2></c>,wa
49.666,49.833,72,0,<2></c><1>tewatsumetakunatteashi</c><3>wafurueru</c><2></c>,shi
49.5,49.666,72,0,<2></c><1>tewatsumetakunattea</c><3>shiwafurueru</c><2></c>,a
48.766,49.5,72,0,<2></c><1>tewatsumetakunatte</c><3>ashiwafurueru</c><2></c>,te
48.365,48.766,72,0,<2></c><1>tewatsumetakunat</c><3>teashiwafurueru</c><2></c>,t
48.032,48.365,72,0,<2></c><1>tewatsumetakuna</c><3>tteashiwafurueru</c><2></c>,na
47.698,48.032,72,0,<2></c><1>tewatsumetaku</c><3>natteashiwafurueru</c><2></c>,ku
47.331,47.698,72,0,<2></c><1>tewatsumeta</c><3>kunatteashiwafurueru</c><2></c>,ta
47.131,47.331,72,0,<2></c><1>tewatsume</c><3>takunatteashiwafurueru</c><2></c>,me
46.964,47.131,72,0,<2></c><1>tewatsu</c><3>metakunatteashiwafurueru</c><2></c>,tsu
46.764,46.964,72,0,<2></c><1>tewa</c><3>tsumetakunatteashiwafurueru</c><2></c>,wa
46.597,46.764,72,0,<2></c><1>te</c><3>watsumetakunatteashiwafurueru</c><2></c>,te
33.584,34.651,-1,0,<2></c><1>umakuutaetemasuka?</c><2></c>,ka?
33.417,33.584,-1,0,<2></c><1>umakuutaetemasu</c><3>ka?</c><2></c>,su
33.217,33.417,-1,0,<2></c><1>umakuutaetema</c><3>suka?</c><2></c>,ma
33.05,33.217,-1,0,<2></c><1>umakuutaete</c><3>masuka?</c><2></c>,te
32.683,33.05,-1,0,<2></c><1>umakuutae</c><3>temasuka?</c><2></c>,e
32.516,32.683,-1,0,<2></c><1>umakuuta</c><3>etemasuka?</c><2></c>,ta
32.316,32.516,-1,0,<2></c><1>umakuu</c><3>taetemasuka?</c><2></c>,u
32.149,32.316,-1,0,<2></c><1>umaku</c><3>utaetemasuka?</c><2></c>,ku
31.949,32.149,-1,0,<2></c><1>uma</c><3>kuutaetemasuka?</c><2></c>,ma
31.782,31.949,-1,0,<2></c><1>u</c><3>makuutaetemasuka?</c><2></c>,u
97.181,98.282,-1,0,<2></c><1>wakaranaitoomoimasu</c><2></c>,su
97.014,97.181,-1,0,<2></c><1>wakaranaitoomoima</c><3>su</c><2></c>,ma
96.814,97.014,-1,0,<2></c><1>wakaranaitoomoi</c><3>masu</c><2></c>,i
96.647,96.814,-1,0,<2></c><1>wakaranaitoomo</c><3>imasu</c><2></c>,mo
96.447,96.647,-1,0,<2></c><1>wakaranaitoo</c><3>moimasu</c><2></c>,o
96.313,96.447,-1,0,<2></c><1>wakaranaito</c><3>omoimasu</c><2></c>,to
96.113,96.313,-1,0,<2></c><1>wakaranai</c><3>toomoimasu</c><2></c>,i
95.913,96.113,-1,0,<2></c><1>wakarana</c><3>itoomoimasu</c><2></c>,na
95.746,95.913,-1,0,<2></c><1>wakara</c><3>naitoomoimasu</c><2></c>,ra
95.579,95.746,-1,0,<2></c><1>waka</c><3>ranaitoomoimasu</c><2></c>,ka
95.379,95.579,-1,0,<2></c><1>wa</c><3>karanaitoomoimasu</c><2></c>,wa
144.161,144.528,-1,0,<2></c><1>waraimononinantesuruna</c><2></c>,na
143.994,144.161,-1,0,<2></c><1>waraimononinantesuru</c><3>na</c><2></c>,ru
143.794,143.994,-1,0,<2></c><1>waraimononinantesu</c><3>runa</c><2></c>,su
143.427,143.794,-1,0,<2></c><1>waraimononinante</c><3>suruna</c><2></c>,te
143.26,143.427,-1,0,<2></c><1>waraimononinan</c><3>tesuruna</c><2></c>,n
143.06,143.26,-1,0,<2></c><1>waraimononina</c><3>ntesuruna</c><2></c>,na
142.726,143.06,-1,0,<2></c><1>waraimononi</c><3>nantesuruna</c><2></c>,ni
142.526,142.726,-1,0,<2></c><1>waraimono</c><3>ninantesuruna</c><2></c>,no
142.359,142.526,-1,0,<2></c><1>waraimo</c><3>noninantesuruna</c><2></c>,mo
141.992,142.359,-1,0,<2></c><1>warai</c><3>mononinantesuruna</c><2></c>,i
141.792,141.992,-1,0,<2></c><1>wara</c><3>imononinantesuruna</c><2></c>,ra
141.625,141.792,-1,0,<2></c><1>wa</c><3>raimononinantesuruna</c><2></c>,wa
25.442,25.976,61,0,<2></c><1>watashinokotoshittemasuka?</c><2></c>,ka?
25.275,25.442,61,0,<2></c><1>watashinokotoshittemasu</c><3>ka?</c><2></c>,su
25.109,25.275,61,0,<2></c><1>watashinokotoshittema</c><3>suka?</c><2></c>,ma
24.908,25.109,61,0,<2></c><1>watashinokotoshitte</c><3>masuka?</c><2></c>,te
24.742,24.908,61,0,<2></c><1>watashinokotoshit</c><3>temasuka?</c><2></c>,t
24.541,24.742,61,0,<2></c><1>watashinokotoshi</c><3>ttemasuka?</c><2></c>,shi
24.008,24.541,61,0,<2></c><1>watashinokoto</c><3>shittemasuka?</c><2></c>,to
23.841,24.008,61,0,<2></c><1>watashinoko</c><3>toshittemasuka?</c><2></c>,ko
23.64,23.841,61,0,<2></c><1>watashino</c><3>kotoshittemasuka?</c><2></c>,no
23.474,23.64,61,0,<2></c><1>watashi</c><3>nokotoshittemasuka?</c><2></c>,shi
23.273,23.474,61,0,<2></c><1>wata</c><3>shinokotoshittemasuka?</c><2></c>,ta
23.107,23.273,61,0,<2></c><1>wa</c><3>tashinokotoshittemasuka?</c><2></c>,wa
31.215,31.782,56,0,<2></c><1>watashinoutadoudarouna</c><2></c>,na
31.015,31.215,56,0,<2></c><1>watashinoutadoudarou</c><3>na</c><2></c>,u
30.848,31.015,56,0,<2></c><1>watashinoutadoudaro</c><3>una</c><2></c>,ro
30.681,30.848,56,0,<2></c><1>watashinoutadouda</c><3>rouna</c><2></c>,da
30.481,30.681,56,0,<2></c><1>watashinoutadou</c><3>darouna</c><2></c>,u
30.314,30.481,56,0,<2></c><1>watashinoutado</c><3>udarouna</c><2></c>,do
29.78,30.314,56,0,<2></c><1>watashinouta</c><3>doudarouna</c><2></c>,ta
29.58,29.78,56,0,<2></c><1>watashinou</c><3>tadoudarouna</c><2></c>,u
29.413,29.58,56,0,<2></c><1>watashino</c><3>utadoudarouna</c><2></c>,no
29.213,29.413,56,0,<2></c><1>watashi</c><3>noutadoudarouna</c><2></c>,shi
29.046,29.213,56,0,<2></c><1>wata</c><3>shinoutadoudarouna</c><2></c>,ta
28.846,29.046,56,0,<2></c><1>wa</c><3>tashinoutadoudarouna</c><2></c>,wa
45.129,46.597,-1,0,<2></c><1>yorokondemoraemasuka?</c><2></c>,ka?
44.962,45.129,-1,0,<2></c><1>yorokondemoraemasu</c><3>ka?</c><2></c>,su
44.762,44.962,-1,0,<2></c><1>yorokondemoraema</c><3>suka?</c><2></c>,ma
44.595,44.762,-1,0,<2></c><1>yorokondemorae</c><3>masuka?</c><2></c>,e
44.395,44.595,-1,0,<2></c><1>yorokondemora</c><3>emasuka?</c><2></c>,ra
44.228,44.395,-1,0,<2></c><1>yorokondemo</c><3>raemasuka?</c><2></c>,mo
44.061,44.228,-1,0,<2></c><1>yorokonde</c><3>moraemasuka?</c><2></c>,de
43.861,44.061,-1,0,<2></c><1>yorokon</c><3>demoraemasuka?</c><2></c>,n
43.694,43.861,-1,0,<2></c><1>yoroko</c><3>ndemoraemasuka?</c><2></c>,ko
43.494,43.694,-1,0,<2></c><1>yoro</c><3>kondemoraemasuka?</c><2></c>,ro
43.327,43.494,-1,0,<2></c><1>yo</c><3>rokondemoraemasuka?</c><2></c>,yo
120.304,121.772,-1,0,<2></c><1>zenbuwakatteru</c><2></c>,ru
119.937,120.304,-1,0,<2></c><1>zenbuwakatte</c><3>ru</c><2></c>,te
119.77,119.937,-1,0,<2></c><1>zenbuwakat</c><3>teru</c><2></c>,t
119.603,119.77,-1,0,<2></c><1>zenbuwaka</c><3>tteru</c><2></c>,ka
119.403,119.603,-1,0,<2></c><1>zenbuwa</c><3>katteru</c><2></c>,wa
119.236,119.403,-1,0,<2></c><1>zenbu</c><3>wakatteru</c><2></c>,bu
119.036,119.236,-1,0,<2></c><1>zen</c><3>buwakatteru</c><2></c>,n
118.869,119.036,-1,0,<2></c><1>ze</c><3>nbuwakatteru</c><2></c>,ze
