start,end,position,line,text,token
72.723,73.757,-1,0,<1></c><3>darknesswillfadeaway</c><1></c>,way
72.256,72.723,-1,0,<1></c><3>darknesswillfadea</c><2>way</c><1></c>,a
71.722,72.256,-1,0,<1></c><3>darknesswillfade</c><2>away</c><1></c>,fade
71.555,71.722,-1,0,<1></c><3>darknesswill</c><2>fadeaway</c><1></c>,will
71.288,71.555,-1,0,<1></c><3>darkness</c><2>willfadeaway</c><1></c>,ness
71.021,71.288,-1,0,<1></c><3>dark</c><2>nesswillfadeaway</c><1></c>,dark
5.155,6.156,-1,0,<1></c><3>darknesswillfadeaway</c><1></c>,way
4.621,5.155,-1,0,<1></c><3>darknesswillfadea</c><2>way</c><1></c>,a
4.121,4.621,-1,0,<1></c><3>darknesswillfade</c><2>away</c><1></c>,fade
3.954,4.121,-1,0,<1></c><3>darknesswill</c><2>fadeaway</c><1></c>,will
3.687,3.954,-1,0,<1></c><3>darkness</c><2>willfadeaway</c><1></c>,ness
3.387,3.687,-1,0,<1></c><3>dark</c><2>nesswillfadeaway</c><1></c>,dark
13.664,15.499,78,0,<1></c><3>hopehasdescendedandyouarenotalone.</c><1></c>,lone.
13.397,13.664,78,0,<1></c><3>hopehasdescendedandyouarenota</c><2>lone.</c><1></c>,a
12.229,13.397,78,0,<1></c><3>hopehasdescendedandyouarenot</c><2>alone.</c><1></c>,not
11.996,12.229,78,0,<1></c><3>hopehasdescendedandyouare</c><2>notalone.</c><1></c>,are
11.362,11.996,78,0,<1></c><3>hopehasdescendedandyou</c><2>arenotalone.</c><1></c>,you
10.661,11.362,78,0,<1></c><3>hopehasdescendedand</c><2>youarenotalone.</c><1></c>,and
10.294,10.661,78,0,<1></c><3>hopehasdescended</c><2>andyouarenotalone.</c><1></c>,ed
9.96,10.294,78,0,<1></c><3>hopehasdescend</c><2>edandyouarenotalone.</c><1></c>,scend
9.593,9.96,78,0,<1></c><3>hopehasde</c><2>scendedandyouarenotalone.</c><1></c>,de
9.293,9.593,78,0,<1></c><3>hopehas</c><2>descendedandyouarenotalone.</c><1></c>,has
8.926,9.293,78,0,<1></c><3>hope</c><2>hasdescendedandyouarenotalone.</c><1></c>,hope
75.459,76.527,-1,0,<1></c><3>hopewillleadyourway.</c><1></c>,way.
74.925,75.459,-1,0,<1></c><3>hopewillleadyour</c><2>way.</c><1></c>,your
74.458,74.925,-1,0,<1></c><3>hopewilllead</c><2>yourway.</c><1></c>,lead
74.091,74.458,-1,0,<1></c><3>hopewill</c><2>leadyourway.</c><1></c>,will
73.757,74.091,-1,0,<1></c><3>hope</c><2>willleadyourway.</c><1></c>,hope
82.032,84.034,75,0,<1></c><3>i\'mheretochantthemelodiesforyou-</c><1></c>,you-
81.031,82.032,75,0,<1></c><3>i\'mheretochantthemelodiesfor</c><2>you-</c><1></c>,for
80.33,81.031,75,0,<1></c><3>i\'mheretochantthemelodies</c><2>foryou-</c><1></c>,dies
79.63,80.33,75,0,<1></c><3>i\'mheretochantthemelo</c><2>diesforyou-</c><1></c>,o
78.962,79.63,75,0,<1></c><3>i\'mheretochantthemel</c><2>odiesforyou-</c><1></c>,mel
78.262,78.962,75,0,<1></c><3>i\'mheretochantthe</c><2>melodiesforyou-</c><1></c>,the
77.594,78.262,75,0,<1></c><3>i\'mheretochant</c><2>themelodiesforyou-</c><1></c>,chant
77.227,77.594,75,0,<1></c><3>i\'mhereto</c><2>chantthemelodiesforyou-</c><1></c>,to
76.86,77.227,75,0,<1></c><3>i\'mhere</c><2>tochantthemelodiesforyou-</c><1></c>,here
76.527,76.86,75,0,<1></c><3>i\'m</c><2>heretochantthemelodiesforyou-</c><1></c>,i\'m
16.533,22.039,-1,0,<1></c><3>irys-caesuraofdespair</c><1></c>,irys-caesuraofdespair
64.815,65.482,70,0,<1></c><3>kittodespairhareruyouniutaukara</c><1></c>,ra
64.615,64.815,70,0,<1></c><3>kittodespairhareruyouniutauka</c><2>ra</c><1></c>,ka
64.114,64.615,70,0,<1></c><3>kittodespairhareruyouniutau</c><2>kara</c><1></c>,u
63.947,64.114,70,0,<1></c><3>kittodespairhareruyouniuta</c><2>ukara</c><1></c>,ta
63.447,63.947,70,0,<1></c><3>kittodespairhareruyouniu</c><2>taukara</c><1></c>,u
63.08,63.447,70,0,<1></c><3>kittodespairhareruyouni</c><2>utaukara</c><1></c>,ni
62.913,63.08,70,0,<1></c><3>kittodespairhareruyou</c><2>niutaukara</c><1></c>,u
62.746,62.913,70,0,<1></c><3>kittodespairhareruyo</c><2>uniutaukara</c><1></c>,yo
62.379,62.746,70,0,<1></c><3>kittodespairhareru</c><2>youniutaukara</c><1></c>,ru
62.046,62.379,70,0,<1></c><3>kittodespairhare</c><2>ruyouniutaukara</c><1></c>,re
61.812,62.046,70,0,<1></c><3>kittodespairha</c><2>reruyouniutaukara</c><1></c>,ha
61.178,61.812,70,0,<1></c><3>kittodespair</c><2>hareruyouniutaukara</c><1></c>,pair
60.644,61.178,70,0,<1></c><3>kittodes</c><2>pairhareruyouniutaukara</c><1></c>,des
60.31,60.644,70,0,<1></c><3>kitto</c><2>despairhareruyouniutaukara</c><1></c>,to
60.077,60.31,70,0,<1></c><3>kit</c><2>todespairhareruyouniutaukara</c><1></c>,t
59.91,60.077,70,0,<1></c><3>ki</c><2>ttodespairhareruyouniutaukara</c><1></c>,ki
54.471,54.972,91,0,<1></c><3>koboreochitatasogare&lt;ragnarok&gt;noerejiikooru</c><1></c>,ru
54.371,54.471,91,0,<1></c><3>koboreochitatasogare&lt;ragnarok&gt;noerejiikoo</c><2>ru</c><1></c>,o
54.271,54.371,91,0,<1></c><3>koboreochitatasogare&lt;ragnarok&gt;noerejiiko</c><2>oru</c><1></c>,ko
53.604,54.271,91,0,<1></c><3>koboreochitatasogare&lt;ragnarok&gt;noerejii</c><2>kooru</c><1></c>,jii
53.27,53.604,91,0,<1></c><3>koboreochitatasogare&lt;ragnarok&gt;noere</c><2>jiikooru</c><1></c>,re
52.903,53.27,91,0,<1></c><3>koboreochitatasogare&lt;ragnarok&gt;noe</c><2>rejiikooru</c><1></c>,e
52.703,52.903,91,0,<1></c><3>koboreochitatasogare&lt;ragnarok&gt;no</c><2>erejiikooru</c><1></c>,no
52.202,52.703,91,0,<1></c><3>koboreochitatasogare&lt;ragnarok&gt;</c><2>noerejiikooru</c><1></c>,re&lt;ragnarok&gt;
52.036,52.202,94,0,<1></c><3>koboreochitatasoga</c><2>re</c><3>&lt;ragnarok&gt;</c><2>noerejiikooru</c><1></c>,ga
51.869,52.036,94,0,<1></c><3>koboreochitataso</c><2>gare</c><3>&lt;ragnarok&gt;</c><2>noerejiikooru</c><1></c>,so
51.668,51.869,94,0,<1></c><3>koboreochitata</c><2>sogare</c><3>&lt;ragnarok&gt;</c><2>noerejiikooru</c><1></c>,ta
50.834,51.668,94,0,<1></c><3>koboreochita</c><2>tasogare</c><3>&lt;ragnarok&gt;</c><2>noerejiikooru</c><1></c>,ta
50.467,50.834,94,0,<1></c><3>koboreochi</c><2>tatasogare</c><3>&lt;ragnarok&gt;</c><2>noerejiikooru</c><1></c>,chi
50.134,50.467,94,0,<1></c><3>koboreo</c><2>chitatasogare</c><3>&lt;ragnarok&gt;</c><2>noerejiikooru</c><1></c>,o
49.967,50.134,94,0,<1></c><3>kobore</c><2>ochitatasogare</c><3>&lt;ragnarok&gt;</c><2>noerejiikooru</c><1></c>,re
49.633,49.967,94,0,<1></c><3>kobo</c><2>reochitatasogare</c><3>&lt;ragnarok&gt;</c><2>noerejiikooru</c><1></c>,bo
49.433,49.633,94,0,<1></c><3>ko</c><2>boreochitatasogare</c><3>&lt;ragnarok&gt;</c><2>noerejiikooru</c><1></c>,ko
59.109,59.91,67,0,<1></c><3>kogoetakakotonamidanisayonara</c><1></c>,ra
58.776,59.109,67,0,<1></c><3>kogoetakakotonamidanisayona</c><2>ra</c><1></c>,na
58.442,58.776,67,0,<1></c><3>kogoetakakotonamidanisayo</c><2>nara</c><1></c>,yo
58.242,58.442,67,0,<1></c><3>kogoetakakotonamidanisa</c><2>yonara</c><1></c>,sa
57.741,58.242,67,0,<1></c><3>kogoetakakotonamidani</c><2>sayonara</c><1></c>,ni
57.541,57.741,67,0,<1></c><3>kogoetakakotonamida</c><2>nisayonara</c><1></c>,da
57.408,57.541,67,0,<1></c><3>kogoetakakotonami</c><2>danisayonara</c><1></c>,mi
57.207,57.408,67,0,<1></c><3>kogoetakakotona</c><2>midanisayonara</c><1></c>,na
56.373,57.207,67,0,<1></c><3>kogoetakakoto</c><2>namidanisayonara</c><1></c>,to
56.006,56.373,67,0,<1></c><3>kogoetakako</c><2>tonamidanisayonara</c><1></c>,ko
55.672,56.006,67,0,<1></c><3>kogoetaka</c><2>kotonamidanisayonara</c><1></c>,ka
55.506,55.672,67,0,<1></c><3>kogoeta</c><2>kakotonamidanisayonara</c><1></c>,ta
55.339,55.506,67,0,<1></c><3>kogoe</c><2>takakotonamidanisayonara</c><1></c>,e
55.172,55.339,67,0,<1></c><3>kogo</c><2>etakakotonamidanisayonara</c><1></c>,go
54.972,55.172,67,0,<1></c><3>ko</c><2>goetakakotonamidanisayonara</c><1></c>,ko
42.393,43.794,56,0,<1></c><3>kokoniiruyoutatteiruyo</c><1></c>,yo
41.859,42.393,56,0,<1></c><3>kokoniiruyoutatteiru</c><2>yo</c><1></c>,ru
41.692,41.859,56,0,<1></c><3>kokoniiruyoutattei</c><2>ruyo</c><1></c>,i
41.358,41.692,56,0,<1></c><3>kokoniiruyoutatte</c><2>iruyo</c><1></c>,te
41.025,41.358,56,0,<1></c><3>kokoniiruyoutat</c><2>teiruyo</c><1></c>,tat
40.657,41.025,56,0,<1></c><3>kokoniiruyou</c><2>tatteiruyo</c><1></c>,u
39.623,40.657,56,0,<1></c><3>kokoniiruyo</c><2>utatteiruyo</c><1></c>,yo
39.189,39.623,56,0,<1></c><3>kokoniiru</c><2>youtatteiruyo</c><1></c>,ru
38.589,39.189,56,0,<1></c><3>kokonii</c><2>ruyoutatteiruyo</c><1></c>,i
38.222,38.589,56,0,<1></c><3>kokoni</c><2>iruyoutatteiruyo</c><1></c>,ni
38.055,38.222,56,0,<1></c><3>koko</c><2>niiruyoutatteiruyo</c><1></c>,ko
37.888,38.055,56,0,<1></c><3>ko</c><2>koniiruyoutatteiruyo</c><1></c>,ko
7.891,8.926,-1,0,<1></c><3>lightwillguideyourway.</c><1></c>,way.
7.358,7.891,-1,0,<1></c><3>lightwillguideyour</c><2>way.</c><1></c>,your
6.857,7.358,-1,0,<1></c><3>lightwillguide</c><2>yourway.</c><1></c>,guide
6.523,6.857,-1,0,<1></c><3>lightwill</c><2>guideyourway.</c><1></c>,will
6.156,6.523,-1,0,<1></c><3>light</c><2>willguideyourway.</c><1></c>,light
31.548,32.816,67,0,<1></c><3>nijitoamegaorinasukontorasuto</c><1></c>,to
31.382,31.548,67,0,<1></c><3>nijitoamegaorinasukontorasu</c><2>to</c><1></c>,su
31.181,31.382,67,0,<1></c><3>nijitoamegaorinasukontora</c><2>suto</c><1></c>,ra
31.115,31.181,67,0,<1></c><3>nijitoamegaorinasukonto</c><2>rasuto</c><1></c>,to
30.881,31.115,67,0,<1></c><3>nijitoamegaorinasukon</c><2>torasuto</c><1></c>,n
30.647,30.881,67,0,<1></c><3>nijitoamegaorinasuko</c><2>ntorasuto</c><1></c>,ko
30.214,30.647,67,0,<1></c><3>nijitoamegaorinasu</c><2>kontorasuto</c><1></c>,su
29.813,30.214,67,0,<1></c><3>nijitoamegaorina</c><2>sukontorasuto</c><1></c>,na
29.446,29.813,67,0,<1></c><3>nijitoamegaori</c><2>nasukontorasuto</c><1></c>,ri
29.113,29.446,67,0,<1></c><3>nijitoamegao</c><2>rinasukontorasuto</c><1></c>,o
28.746,29.113,67,0,<1></c><3>nijitoamega</c><2>orinasukontorasuto</c><1></c>,ga
28.345,28.746,67,0,<1></c><3>nijitoame</c><2>gaorinasukontorasuto</c><1></c>,me
28.078,28.345,67,0,<1></c><3>nijitoa</c><2>megaorinasukontorasuto</c><1></c>,a
27.878,28.078,67,0,<1></c><3>nijito</c><2>amegaorinasukontorasuto</c><1></c>,to
27.511,27.878,67,0,<1></c><3>niji</c><2>toamegaorinasukontorasuto</c><1></c>,ji
27.378,27.511,67,0,<1></c><3>ni</c><2>jitoamegaorinasukontorasuto</c><1></c>,ni
70.32,71.021,80,0,<1></c><3>soshitemakeawishadeyakanikazarukara</c><1></c>,ra
70.12,70.32,80,0,<1></c><3>soshitemakeawishadeyakanikazaruka</c><2>ra</c><1></c>,ka
69.62,70.12,80,0,<1></c><3>soshitemakeawishadeyakanikazaru</c><2>kara</c><1></c>,ru
69.453,69.62,80,0,<1></c><3>soshitemakeawishadeyakanikaza</c><2>rukara</c><1></c>,za
68.919,69.453,80,0,<1></c><3>soshitemakeawishadeyakanika</c><2>zarukara</c><1></c>,ka
68.619,68.919,80,0,<1></c><3>soshitemakeawishadeyakani</c><2>kazarukara</c><1></c>,ni
68.252,68.619,80,0,<1></c><3>soshitemakeawishadeyaka</c><2>nikazarukara</c><1></c>,ka
67.885,68.252,80,0,<1></c><3>soshitemakeawishadeya</c><2>kanikazarukara</c><1></c>,ya
67.551,67.885,80,0,<1></c><3>soshitemakeawishade</c><2>yakanikazarukara</c><1></c>,de
67.351,67.551,80,0,<1></c><3>soshitemakeawisha</c><2>deyakanikazarukara</c><1></c>,a
66.85,67.351,80,0,<1></c><3>soshitemakeawish</c><2>adeyakanikazarukara</c><1></c>,wish
66.683,66.85,80,0,<1></c><3>soshitemakea</c><2>wishadeyakanikazarukara</c><1></c>,a
66.15,66.683,80,0,<1></c><3>soshitemake</c><2>awishadeyakanikazarukara</c><1></c>,make
65.816,66.15,80,0,<1></c><3>soshite</c><2>makeawishadeyakanikazarukara</c><1></c>,te
65.649,65.816,80,0,<1></c><3>soshi</c><2>temakeawishadeyakanikazarukara</c><1></c>,shi
65.482,65.649,80,0,<1></c><3>so</c><2>shitemakeawishadeyakanikazarukara</c><1></c>,so
46.53,47.898,-1,0,<1></c><3>yoakenohateo</c><1></c>,o
45.829,46.53,-1,0,<1></c><3>yoakenohate</c><2>o</c><1></c>,te
45.195,45.829,-1,0,<1></c><3>yoakenoha</c><2>teo</c><1></c>,ha
44.862,45.195,-1,0,<1></c><3>yoakeno</c><2>hateo</c><1></c>,no
44.461,44.862,-1,0,<1></c><3>yoake</c><2>nohateo</c><1></c>,ke
44.128,44.461,-1,0,<1></c><3>yoa</c><2>kenohateo</c><1></c>,a
43.794,44.128,-1,0,<1></c><3>yo</c><2>akenohateo</c><1></c>,yo
37.054,37.888,63,0,<1></c><3>zetsubounoowarionegauyouni</c><1></c>,ni
36.854,37.054,63,0,<1></c><3>zetsubounoowarionegauyou</c><2>ni</c><1></c>,u
36.72,36.854,63,0,<1></c><3>zetsubounoowarionegauyo</c><2>uni</c><1></c>,yo
36.387,36.72,63,0,<1></c><3>zetsubounoowarionegau</c><2>youni</c><1></c>,u
36.186,36.387,63,0,<1></c><3>zetsubounoowarionega</c><2>uyouni</c><1></c>,ga
35.686,36.186,63,0,<1></c><3>zetsubounoowarione</c><2>gauyouni</c><1></c>,ne
35.319,35.686,63,0,<1></c><3>zetsubounoowario</c><2>negauyouni</c><1></c>,o
34.985,35.319,63,0,<1></c><3>zetsubounoowari</c><2>onegauyouni</c><1></c>,ri
34.651,34.985,63,0,<1></c><3>zetsubounoowa</c><2>rionegauyouni</c><1></c>,wa
34.284,34.651,63,0,<1></c><3>zetsubounoo</c><2>warionegauyouni</c><1></c>,o
33.984,34.284,63,0,<1></c><3>zetsubouno</c><2>owarionegauyouni</c><1></c>,no
33.65,33.984,63,0,<1></c><3>zetsubou</c><2>noowarionegauyouni</c><1></c>,u
33.45,33.65,63,0,<1></c><3>zetsubo</c><2>unoowarionegauyouni</c><1></c>,bo
33.05,33.45,63,0,<1></c><3>zetsu</c><2>bounoowarionegauyouni</c><1></c>,tsu
32.816,33.05,63,0,<1></c><3>ze</c><2>tsubounoowarionegauyouni</c><1></c>,ze
