start,end,position,line,text,token
28.612,29.279,78,0,<157></c><220>aahontouniaishiteyamanaianatanokoto</c><157></c>,to
28.245,28.612,78,0,<157></c><220>aahontouniaishiteyamanaianatanoko</c><230>to</c><157></c>,ko
28.078,28.245,78,0,<157></c><220>aahontouniaishiteyamanaianatano</c><230>koto</c><157></c>,no
27.678,28.078,78,0,<157></c><220>aahontouniaishiteyamanaianata</c><230>nokoto</c><157></c>,ta
27.344,27.678,78,0,<157></c><220>aahontouniaishiteyamanaiana</c><230>tanokoto</c><157></c>,na
27.144,27.344,78,0,<157></c><220>aahontouniaishiteyamanaia</c><230>natanokoto</c><157></c>,a
26.877,27.144,78,0,<157></c><220>aahontouniaishiteyamanai</c><230>anatanokoto</c><157></c>,i
26.777,26.877,78,0,<157></c><220>aahontouniaishiteyamana</c><230>ianatanokoto</c><157></c>,na
26.61,26.777,78,0,<157></c><220>aahontouniaishiteyama</c><230>naianatanokoto</c><157></c>,ma
26.41,26.61,78,0,<157></c><220>aahontouniaishiteya</c><230>manaianatanokoto</c><157></c>,ya
26.243,26.41,78,0,<157></c><220>aahontouniaishite</c><230>yamanaianatanokoto</c><157></c>,te
26.076,26.243,78,0,<157></c><220>aahontouniaishi</c><230>teyamanaianatanokoto</c><157></c>,shi
25.876,26.076,78,0,<157></c><220>aahontouniai</c><230>shiteyamanaianatanokoto</c><157></c>,i
25.676,25.876,78,0,<157></c><220>aahontounia</c><230>ishiteyamanaianatanokoto</c><157></c>,a
25.476,25.676,78,0,<157></c><220>aahontouni</c><230>aishiteyamanaianatanokoto</c><157></c>,ni
25.309,25.476,78,0,<157></c><220>aahontou</c><230>niaishiteyamanaianatanokoto</c><157></c>,u
25.142,25.309,78,0,<157></c><220>aahonto</c><230>uniaishiteyamanaianatanokoto</c><157></c>,to
24.808,25.142,78,0,<157></c><220>aahon</c><230>touniaishiteyamanaianatanokoto</c><157></c>,n
24.441,24.808,78,0,<157></c><220>aaho</c><230>ntouniaishiteyamanaianatanokoto</c><157></c>,ho
24.241,24.441,78,0,<157></c><220>aa</c><230>hontouniaishiteyamanaianatanokoto</c><157></c>,a
24.041,24.241,78,0,<157></c><220>a</c><230>ahontouniaishiteyamanaianatanokoto</c><157></c>,a
127.511,128.412,77,0,<157></c><1>aahontouniaishiteyamanaikiminokoto</c><157></c>,to
126.944,127.511,77,0,<157></c><1>aahontouniaishiteyamanaikiminoko</c><230>to</c><157></c>,ko
126.61,126.944,77,0,<157></c><1>aahontouniaishiteyamanaikimino</c><230>koto</c><157></c>,no
126.243,126.61,77,0,<157></c><1>aahontouniaishiteyamanaikimi</c><230>nokoto</c><157></c>,mi
126.043,126.243,77,0,<157></c><1>aahontouniaishiteyamanaiki</c><230>minokoto</c><157></c>,ki
125.876,126.043,77,0,<157></c><1>aahontouniaishiteyamanai</c><230>kiminokoto</c><157></c>,i
125.709,125.876,77,0,<157></c><1>aahontouniaishiteyamana</c><230>ikiminokoto</c><157></c>,na
125.509,125.709,77,0,<157></c><1>aahontouniaishiteyama</c><230>naikiminokoto</c><157></c>,ma
125.342,125.509,77,0,<157></c><1>aahontouniaishiteya</c><230>manaikiminokoto</c><157></c>,ya
125.175,125.342,77,0,<157></c><1>aahontouniaishite</c><230>yamanaikiminokoto</c><157></c>,te
124.975,125.175,77,0,<157></c><1>aahontouniaishi</c><230>teyamanaikiminokoto</c><157></c>,shi
124.775,124.975,77,0,<157></c><1>aahontouniai</c><230>shiteyamanaikiminokoto</c><157></c>,i
124.575,124.775,77,0,<157></c><1>aahontounia</c><230>ishiteyamanaikiminokoto</c><157></c>,a
124.408,124.575,77,0,<157></c><1>aahontouni</c><230>aishiteyamanaikiminokoto</c><157></c>,ni
124.241,124.408,77,0,<157></c><1>aahontou</c><230>niaishiteyamanaikiminokoto</c><157></c>,u
124.041,124.241,77,0,<157></c><1>aahonto</c><230>uniaishiteyamanaikiminokoto</c><157></c>,to
123.74,124.041,77,0,<157></c><1>aahon</c><230>touniaishiteyamanaikiminokoto</c><157></c>,n
123.34,123.74,77,0,<157></c><1>aaho</c><230>ntouniaishiteyamanaikiminokoto</c><157></c>,ho
123.14,123.34,77,0,<157></c><1>aa</c><230>hontouniaishiteyamanaikiminokoto</c><157></c>,a
122.973,123.14,77,0,<157></c><1>a</c><230>ahontouniaishiteyamanaikiminokoto</c><157></c>,a
157.107,158.242,-1,0,<157></c><1>akirerunaa</c><157></c>,a
156.807,157.107,-1,0,<157></c><1>akireruna</c><230>a</c><157></c>,na
156.44,156.807,-1,0,<157></c><1>akireru</c><230>naa</c><157></c>,ru
156.073,156.44,-1,0,<157></c><1>akire</c><230>runaa</c><157></c>,re
155.672,156.073,-1,0,<157></c><1>aki</c><230>rerunaa</c><157></c>,ki
155.372,155.672,-1,0,<157></c><1>a</c><230>kirerunaa</c><157></c>,a
58.342,59.276,-1,0,<157></c><220>akirerunaa</c><157></c>,a
57.875,58.342,-1,0,<157></c><220>akireruna</c><230>a</c><157></c>,na
57.508,57.875,-1,0,<157></c><220>akireru</c><230>naa</c><157></c>,ru
57.174,57.508,-1,0,<157></c><220>akire</c><230>runaa</c><157></c>,re
56.807,57.174,-1,0,<157></c><220>aki</c><230>rerunaa</c><157></c>,ki
56.44,56.807,-1,0,<157></c><220>a</c><230>kirerunaa</c><157></c>,a
266.984,267.351,66,0,<157></c><220>a</c><219>m</c><209>a</c><202>i</c><194></c><187>m</c><179>u</c><173>s</c><165>u</c><159>k</c><150>u</c><145></c><138>n</c><132>o</c><124></c><116>k</c><110>a</c><106>o</c><97>r</c><89>i</c><82></c><77>g</c><72>a</c><64></c><56>s</c><50>h</c><43>i</c><38>t</c><29>a</c><21>n</c><14></c><4>d</c><1>a</c><157></c>,amaimusukunokaorigashitanda
266.984,267.351,66,0,<157></c><220>a</c><219>m</c><209>a</c><202>i</c><194></c><187>m</c><179>u</c><173>s</c><165>u</c><159>k</c><150>u</c><145></c><138>n</c><132>o</c><124></c><235>k</c>a<225>o</c><97>r</c><89>i</c><82></c><77>g</c><72>a</c><64></c><56>s</c><50>h</c><43>i</c><38>t</c><29>a</c><21>n</c><14></c><4>d</c><1>a</c><157></c>,da
266.783,266.984,66,0,<157></c><220>a</c><219>m</c><209>a</c><202>i</c><194></c><187>m</c><179>u</c><173>s</c><165>u</c><159>k</c><150>u</c><145></c><138>n</c><132>o</c><124></c><116>k</c><110>a</c><106>o</c><97>r</c><89>i</c><82></c><77>g</c><72>a</c><64></c><56>s</c><50>h</c><43>i</c><38>t</c><29>a</c><21>n</c><14></c><230>da</c><157></c>,da
266.783,266.984,66,0,<157></c><220>a</c><219>m</c><209>a</c><202>i</c><194></c><187>m</c><179>u</c><173>s</c><165>u</c><159>k</c><150>u</c><145></c><138>n</c><132>o</c><124></c><235>k</c>a<225>o</c><97>r</c><89>i</c><82></c><77>g</c><72>a</c><64></c><56>s</c><50>h</c><43>i</c><38>t</c><29>a</c><21>n</c><14></c><230>da</c><157></c>,n
266.583,266.783,66,0,<157></c><220>a</c><219>m</c><209>a</c><202>i</c><194></c><187>m</c><179>u</c><173>s</c><165>u</c><159>k</c><150>u</c><145></c><138>n</c><132>o</c><124></c><116>k</c><110>a</c><106>o</c><97>r</c><89>i</c><82></c><77>g</c><72>a</c><64></c><56>s</c><50>h</c><43>i</c><38>t</c><29>a</c><230>nda</c><157></c>,nda
266.583,266.783,66,0,<157></c><220>a</c><219>m</c><209>a</c><202>i</c><194></c><187>m</c><179>u</c><173>s</c><165>u</c><159>k</c><150>u</c><145></c><138>n</c><132>o</c><124></c><235>k</c>a<225>o</c><97>r</c><89>i</c><82></c><77>g</c><72>a</c><64></c><56>s</c><50>h</c><43>i</c><38>t</c><29>a</c><230>nda</c><157></c>,ta
266.416,266.583,66,0,<157></c><220>a</c><219>m</c><209>a</c><202>i</c><194></c><187>m</c><179>u</c><173>s</c><165>u</c><159>k</c><150>u</c><145></c><138>n</c><132>o</c><124></c><116>k</c><110>a</c><106>o</c><97>r</c><89>i</c><82></c><77>g</c><72>a</c><64></c><56>s</c><50>h</c><43>i</c><230>tanda</c><157></c>,tanda
266.416,266.583,66,0,<157></c><220>a</c><219>m</c><209>a</c><202>i</c><194></c><187>m</c><179>u</c><173>s</c><165>u</c><159>k</c><150>u</c><145></c><138>n</c><132>o</c><124></c><235>k</c>a<225>o</c><97>r</c><89>i</c><82></c><77>g</c><72>a</c><64></c><56>s</c><50>h</c><43>i</c><230>tanda</c><157></c>,shi
266.25,266.416,66,0,<157></c><220>a</c><219>m</c><209>a</c><202>i</c><194></c><187>m</c><179>u</c><173>s</c><165>u</c><159>k</c><150>u</c><145></c><138>n</c><132>o</c><124></c><116>k</c><110>a</c><106>o</c><97>r</c><89>i</c><82></c><77>g</c><72>a</c><64></c><230>shitanda</c><157></c>,shitanda
266.25,266.416,66,0,<157></c><220>a</c><219>m</c><209>a</c><202>i</c><194></c><187>m</c><179>u</c><173>s</c><165>u</c><159>k</c><150>u</c><145></c><138>n</c><132>o</c><124></c><235>k</c>a<225>o</c><97>r</c><89>i</c><82></c><77>g</c><72>a</c><64></c><230>shitanda</c><157></c>,ga
266.049,266.25,66,0,<157></c><220>a</c><219>m</c><209>a</c><202>i</c><194></c><187>m</c><179>u</c><173>s</c><165>u</c><159>k</c><150>u</c><145></c><138>n</c><132>o</c><124></c><116>k</c><110>a</c><106>o</c><97>r</c><89>i</c><82></c><230>gashitanda</c><157></c>,gashitanda
266.049,266.25,66,0,<157></c><220>a</c><219>m</c><209>a</c><202>i</c><194></c><187>m</c><179>u</c><173>s</c><165>u</c><159>k</c><150>u</c><145></c><138>n</c><132>o</c><124></c><235>k</c>a<225>o</c><97>r</c><89>i</c><82></c><230>gashitanda</c><157></c>,ri
265.649,266.049,66,0,<157></c><220>a</c><219>m</c><209>a</c><202>i</c><194></c><187>m</c><179>u</c><173>s</c><165>u</c><159>k</c><150>u</c><145></c><138>n</c><132>o</c><124></c><116>k</c><110>a</c><106>o</c><230>rigashitanda</c><157></c>,rigashitanda
265.649,266.049,66,0,<157></c><220>a</c><219>m</c><209>a</c><202>i</c><194></c><187>m</c><179>u</c><173>s</c><165>u</c><159>k</c><150>u</c><145></c><138>n</c><132>o</c><124></c><235>k</c>a<225>o</c><230>rigashitanda</c><157></c>,o
265.315,265.649,66,0,<157></c><220>a</c><219>m</c><209>a</c><202>i</c><194></c><187>m</c><179>u</c><173>s</c><165>u</c><159>k</c><150>u</c><145></c><138>n</c><132>o</c><124></c><116>k</c><110>a</c><230>origashitanda</c><157></c>,a
265.315,265.649,66,0,<157></c><220>a</c><219>m</c><209>a</c><202>i</c><194></c><187>m</c><179>u</c><173>s</c><165>u</c><159>k</c><150>u</c><145></c><138>n</c><132>o</c><124></c><235>k</c>a<230>origashitanda</c><157></c>,k
264.948,265.315,66,0,<157></c><220>a</c><219>m</c><209>a</c><202>i</c><194></c><187>m</c><179>u</c><173>s</c><165>u</c><159>k</c><150>u</c><145></c><138>n</c><132>o</c><124></c><230>kaorigashitanda</c><157></c>,no
264.748,264.948,66,0,<157></c><220>a</c><219>m</c><209>a</c><202>i</c><194></c><187>m</c><179>u</c><173>s</c><165>u</c><159>k</c><150>u</c><145></c><230>nokaorigashitanda</c><157></c>,ku
264.581,264.748,66,0,<157></c><220>a</c><219>m</c><209>a</c><202>i</c><194></c><187>m</c><179>u</c><173>s</c><165>u</c><230>kunokaorigashitanda</c><157></c>,su
264.414,264.581,66,0,<157></c><220>a</c><219>m</c><209>a</c><202>i</c><194></c><187>m</c><179>u</c><230>sukunokaorigashitanda</c><157></c>,mu
264.214,264.414,66,0,<157></c><220>a</c><219>m</c><209>a</c><202>i</c><194></c><230>musukunokaorigashitanda</c><157></c>,i
264.047,264.214,66,0,<157></c><220>a</c><219>m</c><209>a</c><230>imusukunokaorigashitanda</c><157></c>,ma
263.88,264.047,66,0,<157></c><220>a</c><230>maimusukunokaorigashitanda</c><157></c>,a
73.524,73.857,-1,0,<157></c><220>anatagahoshikute</c><157></c>,te
73.157,73.524,-1,0,<157></c><220>anatagahoshiku</c><230>te</c><157></c>,ku
72.79,73.157,-1,0,<157></c><220>anatagahoshi</c><230>kute</c><157></c>,shi
72.222,72.79,-1,0,<157></c><220>anatagaho</c><230>shikute</c><157></c>,ho
71.889,72.222,-1,0,<157></c><220>anataga</c><230>hoshikute</c><157></c>,ga
71.522,71.889,-1,0,<157></c><220>anata</c><230>gahoshikute</c><157></c>,ta
71.321,71.522,-1,0,<157></c><220>ana</c><230>tagahoshikute</c><157></c>,na
70.954,71.321,-1,0,<157></c><220>a</c><230>natagahoshikute</c><157></c>,a
246.63,248.932,-1,0,<157></c><220>anatagasukinano</c><157></c>,no
246.263,246.63,-1,0,<157></c><220>anatagasukina</c><230>no</c><157></c>,na
245.896,246.263,-1,0,<157></c><220>anatagasuki</c><230>nano</c><157></c>,ki
245.329,245.896,-1,0,<157></c><220>anatagasu</c><230>kinano</c><157></c>,su
244.995,245.329,-1,0,<157></c><220>anataga</c><230>sukinano</c><157></c>,ga
244.628,244.995,-1,0,<157></c><220>anata</c><230>gasukinano</c><157></c>,ta
244.428,244.628,-1,0,<157></c><220>ana</c><230>tagasukinano</c><157></c>,na
244.061,244.428,-1,0,<157></c><220>a</c><230>natagasukinano</c><157></c>,a
211.728,212.162,70,0,<157></c><220>anatanianatanosoudanoshitanda</c><157></c>,da
211.562,211.728,70,0,<157></c><220>anatanianatanosoudanoshitan</c><230>da</c><157></c>,n
211.361,211.562,70,0,<157></c><220>anatanianatanosoudanoshita</c><230>nda</c><157></c>,ta
211.161,211.361,70,0,<157></c><220>anatanianatanosoudanoshi</c><230>tanda</c><157></c>,shi
210.961,211.161,70,0,<157></c><220>anatanianatanosoudano</c><230>shitanda</c><157></c>,o
210.794,210.961,70,0,<157></c><220>anatanianatanosoudan</c><230>oshitanda</c><157></c>,n
210.627,210.794,70,0,<157></c><220>anatanianatanosouda</c><230>noshitanda</c><157></c>,da
210.46,210.627,70,0,<157></c><220>anatanianatanosou</c><230>danoshitanda</c><157></c>,u
210.26,210.46,70,0,<157></c><220>anatanianatanoso</c><230>udanoshitanda</c><157></c>,so
209.893,210.26,70,0,<157></c><220>anatanianatano</c><230>soudanoshitanda</c><157></c>,no
209.526,209.893,70,0,<157></c><220>anatanianata</c><230>nosoudanoshitanda</c><157></c>,ta
208.792,209.526,70,0,<157></c><220>anataniana</c><230>tanosoudanoshitanda</c><157></c>,na
208.592,208.792,70,0,<157></c><220>anatania</c><230>natanosoudanoshitanda</c><157></c>,a
208.225,208.592,70,0,<157></c><220>anatani</c><230>anatanosoudanoshitanda</c><157></c>,ni
208.058,208.225,70,0,<157></c><220>anata</c><230>nianatanosoudanoshitanda</c><157></c>,ta
207.691,208.058,70,0,<157></c><220>ana</c><230>tanianatanosoudanoshitanda</c><157></c>,na
207.524,207.691,70,0,<157></c><220>a</c><230>natanianatanosoudanoshitanda</c><157></c>,a
76.794,77.528,56,0,<157></c><220>anatanomononinaritakute</c><157></c>,te
76.593,76.794,56,0,<157></c><220>anatanomononinaritaku</c><230>te</c><157></c>,ku
76.393,76.593,56,0,<157></c><220>anatanomononinarita</c><230>kute</c><157></c>,ta
76.226,76.393,56,0,<157></c><220>anatanomononinari</c><230>takute</c><157></c>,ri
76.026,76.226,56,0,<157></c><220>anatanomononina</c><230>ritakute</c><157></c>,na
75.692,76.026,56,0,<157></c><220>anatanomononi</c><230>naritakute</c><157></c>,ni
75.325,75.692,56,0,<157></c><220>anatanomono</c><230>ninaritakute</c><157></c>,no
75.125,75.325,56,0,<157></c><220>anatanomo</c><230>noninaritakute</c><157></c>,mo
74.758,75.125,56,0,<157></c><220>anatano</c><230>mononinaritakute</c><157></c>,no
74.425,74.758,56,0,<157></c><220>anata</c><230>nomononinaritakute</c><157></c>,ta
74.224,74.425,56,0,<157></c><220>ana</c><230>tanomononinaritakute</c><157></c>,na
73.857,74.224,56,0,<157></c><220>a</c><230>natanomononinaritakute</c><157></c>,a
85.135,85.536,-1,0,<157></c><220>anataokangaenagara</c><157></c>,ra
84.968,85.135,-1,0,<157></c><220>anataokangaenaga</c><230>ra</c><157></c>,ga
84.768,84.968,-1,0,<157></c><220>anataokangaena</c><230>gara</c><157></c>,na
84.601,84.768,-1,0,<157></c><220>anataokangae</c><230>nagara</c><157></c>,e
84.435,84.601,-1,0,<157></c><220>anataokanga</c><230>enagara</c><157></c>,ga
84.234,84.435,-1,0,<157></c><220>anataokan</c><230>gaenagara</c><157></c>,n
83.834,84.234,-1,0,<157></c><220>anataoka</c><230>ngaenagara</c><157></c>,ka
83.667,83.834,-1,0,<157></c><220>anatao</c><230>kangaenagara</c><157></c>,o
83.5,83.667,-1,0,<157></c><220>anata</c><230>okangaenagara</c><157></c>,ta
83.333,83.5,-1,0,<157></c><220>ana</c><230>taokangaenagara</c><157></c>,na
83.133,83.333,-1,0,<157></c><220>a</c><230>nataokangaenagara</c><157></c>,a
122.606,122.973,58,0,<157></c><1>angainamidamoroitokotoka</c><157></c>,ka
122.439,122.606,58,0,<157></c><1>angainamidamoroitokoto</c><230>ka</c><157></c>,to
122.272,122.439,58,0,<157></c><1>angainamidamoroitoko</c><230>toka</c><157></c>,ko
122.072,122.272,58,0,<157></c><1>angainamidamoroito</c><230>kotoka</c><157></c>,to
121.905,122.072,58,0,<157></c><1>angainamidamoroi</c><230>tokotoka</c><157></c>,i
121.705,121.905,58,0,<157></c><1>angainamidamoro</c><230>itokotoka</c><157></c>,ro
121.505,121.705,58,0,<157></c><1>angainamidamo</c><230>roitokotoka</c><157></c>,mo
121.338,121.505,58,0,<157></c><1>angainamida</c><230>moroitokotoka</c><157></c>,da
121.171,121.338,58,0,<157></c><1>angainami</c><230>damoroitokotoka</c><157></c>,mi
120.971,121.171,58,0,<157></c><1>angaina</c><230>midamoroitokotoka</c><157></c>,na
120.804,120.971,58,0,<157></c><1>angai</c><230>namidamoroitokotoka</c><157></c>,i
120.604,120.804,58,0,<157></c><1>anga</c><230>inamidamoroitokotoka</c><157></c>,ga
120.437,120.604,58,0,<157></c><1>an</c><230>gainamidamoroitokotoka</c><157></c>,n
120.237,120.437,58,0,<157></c><1>a</c><230>ngainamidamoroitokotoka</c><157></c>,a
258.242,259.309,-1,0,<157></c><1></c><11>a</c><23>s</c><37>h</c><46>i</c><58>t</c><71>a</c><81></c><91>k</c><105>o</c><114>s</c><128>o</c><139></c><148>w</c><163>a</c><174></c><183></c><198>t</c><210>t</c><220>e</c><157></c>,ashitakosowatte
258.242,259.309,-1,0,<157></c><1></c><11>a</c><23>s</c><37>h</c><46>i</c><58>t</c><71>a</c><81></c><91>k</c><226>o</c><236>s</c><128>o</c><139></c><148>w</c><163>a</c><174></c><183></c><198>t</c><210>t</c><220>e</c><157></c>,tte
257.874,258.242,-1,0,<157></c><1></c><11>a</c><23>s</c><37>h</c><46>i</c><58>t</c><71>a</c><81></c><91>k</c><105>o</c><114>s</c><128>o</c><139></c><148>w</c><163>a</c><174></c><183></c><230>tte</c><157></c>,tte
257.874,258.242,-1,0,<157></c><1></c><11>a</c><23>s</c><37>h</c><46>i</c><58>t</c><71>a</c><81></c><91>k</c><226>o</c><236>s</c><128>o</c><139></c><148>w</c><163>a</c><174></c><183></c><230>tte</c><157></c>,wa
257.507,257.874,-1,0,<157></c><1></c><11>a</c><23>s</c><37>h</c><46>i</c><58>t</c><71>a</c><81></c><91>k</c><105>o</c><114>s</c><128>o</c><139></c><230>watte</c><157></c>,watte
257.507,257.874,-1,0,<157></c><1></c><11>a</c><23>s</c><37>h</c><46>i</c><58>t</c><71>a</c><81></c><91>k</c><226>o</c><236>s</c><128>o</c><139></c><230>watte</c><157></c>,so
256.94,257.507,-1,0,<157></c><1></c><11>a</c><23>s</c><37>h</c><46>i</c><58>t</c><71>a</c><81></c><91>k</c><105>o</c><230>sowatte</c><157></c>,sowatte
256.94,257.507,-1,0,<157></c><1></c><11>a</c><23>s</c><37>h</c><46>i</c><58>t</c><71>a</c><81></c><91>k</c><226>o</c><230>sowatte</c><157></c>,ko
256.773,256.94,-1,0,<157></c><1></c><11>a</c><23>s</c><37>h</c><46>i</c><58>t</c><71>a</c><81></c><230>kosowatte</c><157></c>,ta
256.573,256.773,-1,0,<157></c><1></c><11>a</c><23>s</c><37>h</c><46>i</c><230>takosowatte</c><157></c>,shi
256.406,256.573,-1,0,<157></c><1></c><11>a</c><230>shitakosowatte</c><157></c>,a
178.262,178.929,-1,0,<157></c><1>ashitakosowatte</c><157></c>,tte
177.895,178.262,-1,0,<157></c><1>ashitakosowa</c><230>tte</c><157></c>,wa
177.528,177.895,-1,0,<157></c><1>ashitakoso</c><230>watte</c><157></c>,so
176.96,177.528,-1,0,<157></c><1>ashitako</c><230>sowatte</c><157></c>,ko
176.793,176.96,-1,0,<157></c><1>ashita</c><230>kosowatte</c><157></c>,ta
176.593,176.793,-1,0,<157></c><1>ashi</c><230>takosowatte</c><157></c>,shi
176.426,176.593,-1,0,<157></c><1>a</c><230>shitakosowatte</c><157></c>,a
79.329,80.097,-1,0,<157></c><220>ashitakosowatte</c><157></c>,tte
78.996,79.329,-1,0,<157></c><220>ashitakosowa</c><230>tte</c><157></c>,wa
78.629,78.996,-1,0,<157></c><220>ashitakoso</c><230>watte</c><157></c>,so
78.062,78.629,-1,0,<157></c><220>ashitako</c><230>sowatte</c><157></c>,ko
77.895,78.062,-1,0,<157></c><220>ashita</c><230>kosowatte</c><157></c>,ta
77.694,77.895,-1,0,<157></c><220>ashi</c><230>takosowatte</c><157></c>,shi
77.528,77.694,-1,0,<157></c><220>a</c><230>shitakosowatte</c><157></c>,a
145.863,146.43,-1,0,<157></c><1>baibaittehitorigoto</c><157></c>,to
145.696,145.863,-1,0,<157></c><1>baibaittehitorigo</c><230>to</c><157></c>,go
145.496,145.696,-1,0,<157></c><1>baibaittehitori</c><230>goto</c><157></c>,ri
145.329,145.496,-1,0,<157></c><1>baibaittehito</c><230>rigoto</c><157></c>,to
145.095,145.329,-1,0,<157></c><1>baibaittehi</c><230>torigoto</c><157></c>,hi
144.761,145.095,-1,0,<157></c><1>baibaitte</c><230>hitorigoto</c><157></c>,tte
144.428,144.761,-1,0,<157></c><1>baibai</c><230>ttehitorigoto</c><157></c>,i
144.294,144.428,-1,0,<157></c><1>baiba</c><230>ittehitorigoto</c><157></c>,ba
144.194,144.294,-1,0,<157></c><1>bai</c><230>baittehitorigoto</c><157></c>,i
144.061,144.194,-1,0,<157></c><1>ba</c><230>ibaittehitorigoto</c><157></c>,ba
82.633,83.133,58,0,<157></c><220>beddonouedeshimyureeshon</c><157></c>,n
82.266,82.633,58,0,<157></c><220>beddonouedeshimyureesho</c><230>n</c><157></c>,sho
82.099,82.266,58,0,<157></c><220>beddonouedeshimyuree</c><230>shon</c><157></c>,e
81.899,82.099,58,0,<157></c><220>beddonouedeshimyure</c><230>eshon</c><157></c>,re
81.698,81.899,58,0,<157></c><220>beddonouedeshimyu</c><230>reeshon</c><157></c>,myu
81.532,81.698,58,0,<157></c><220>beddonouedeshi</c><230>myureeshon</c><157></c>,shi
81.365,81.532,58,0,<157></c><220>beddonouede</c><230>shimyureeshon</c><157></c>,de
80.998,81.365,58,0,<157></c><220>beddonoue</c><230>deshimyureeshon</c><157></c>,e
80.798,80.998,58,0,<157></c><220>beddonou</c><230>edeshimyureeshon</c><157></c>,u
80.631,80.798,58,0,<157></c><220>beddono</c><230>uedeshimyureeshon</c><157></c>,no
80.431,80.631,58,0,<157></c><220>beddo</c><230>nouedeshimyureeshon</c><157></c>,do
80.264,80.431,58,0,<157></c><220>bed</c><230>donouedeshimyureeshon</c><157></c>,d
80.097,80.264,58,0,<157></c><220>be</c><230>ddonouedeshimyureeshon</c><157></c>,be
137.154,137.688,63,0,<157></c><1>benkyoutokaoshieteagetaishi</c><157></c>,shi
136.987,137.154,63,0,<157></c><1>benkyoutokaoshieteagetai</c><230>shi</c><157></c>,i
136.787,136.987,63,0,<157></c><1>benkyoutokaoshieteageta</c><230>ishi</c><157></c>,ta
136.62,136.787,63,0,<157></c><1>benkyoutokaoshieteage</c><230>taishi</c><157></c>,ge
136.453,136.62,63,0,<157></c><1>benkyoutokaoshietea</c><230>getaishi</c><157></c>,a
136.253,136.453,63,0,<157></c><1>benkyoutokaoshiete</c><230>agetaishi</c><157></c>,te
136.019,136.253,63,0,<157></c><1>benkyoutokaoshie</c><230>teagetaishi</c><157></c>,e
135.853,136.019,63,0,<157></c><1>benkyoutokaoshi</c><230>eteagetaishi</c><157></c>,shi
135.686,135.853,63,0,<157></c><1>benkyoutokao</c><230>shieteagetaishi</c><157></c>,o
135.486,135.686,63,0,<157></c><1>benkyoutoka</c><230>oshieteagetaishi</c><157></c>,ka
135.352,135.486,63,0,<157></c><1>benkyouto</c><230>kaoshieteagetaishi</c><157></c>,to
135.152,135.352,63,0,<157></c><1>benkyou</c><230>tokaoshieteagetaishi</c><157></c>,u
134.952,135.152,63,0,<157></c><1>benkyo</c><230>utokaoshieteagetaishi</c><157></c>,kyo
134.785,134.952,63,0,<157></c><1>ben</c><230>kyoutokaoshieteagetaishi</c><157></c>,n
134.618,134.785,63,0,<157></c><1>be</c><230>nkyoutokaoshieteagetaishi</c><157></c>,be
169.52,169.887,-1,0,<157></c><1>betobetoninacchatte</c><157></c>,te
169.353,169.52,-1,0,<157></c><1>betobetoninacchat</c><230>te</c><157></c>,t
169.153,169.353,-1,0,<157></c><1>betobetoninaccha</c><230>tte</c><157></c>,cha
168.785,169.153,-1,0,<157></c><1>betobetoninac</c><230>chatte</c><157></c>,c
168.252,168.785,-1,0,<157></c><1>betobetonina</c><230>cchatte</c><157></c>,na
168.051,168.252,-1,0,<157></c><1>betobetoni</c><230>nacchatte</c><157></c>,ni
167.851,168.051,-1,0,<157></c><1>betobeto</c><230>ninacchatte</c><157></c>,to
167.684,167.851,-1,0,<157></c><1>betobe</c><230>toninacchatte</c><157></c>,be
167.484,167.684,-1,0,<157></c><1>beto</c><230>betoninacchatte</c><157></c>,to
167.317,167.484,-1,0,<157></c><1>be</c><230>tobetoninacchatte</c><157></c>,be
133.15,134.618,73,0,<157></c><1>bokudakenohiroinninaranaikana</c><157></c>,na
132.95,133.15,73,0,<157></c><1>bokudakenohiroinninaranaika</c><230>na</c><157></c>,ka
132.783,132.95,73,0,<157></c><1>bokudakenohiroinninaranai</c><230>kana</c><157></c>,i
132.416,132.783,73,0,<157></c><1>bokudakenohiroinninarana</c><230>ikana</c><157></c>,na
132.049,132.416,73,0,<157></c><1>bokudakenohiroinninara</c><230>naikana</c><157></c>,ra
131.882,132.049,73,0,<157></c><1>bokudakenohiroinnina</c><230>ranaikana</c><157></c>,na
130.981,131.882,73,0,<157></c><1>bokudakenohiroinni</c><230>naranaikana</c><157></c>,ni
130.814,130.981,73,0,<157></c><1>bokudakenohiroin</c><230>ninaranaikana</c><157></c>,n
130.614,130.814,73,0,<157></c><1>bokudakenohiroi</c><230>nninaranaikana</c><157></c>,i
129.847,130.614,73,0,<157></c><1>bokudakenohiro</c><230>inninaranaikana</c><157></c>,ro
129.68,129.847,73,0,<157></c><1>bokudakenohi</c><230>roinninaranaikana</c><157></c>,hi
129.179,129.68,73,0,<157></c><1>bokudakeno</c><230>hiroinninaranaikana</c><157></c>,no
128.979,129.179,73,0,<157></c><1>bokudake</c><230>nohiroinninaranaikana</c><157></c>,ke
128.779,128.979,73,0,<157></c><1>bokuda</c><230>kenohiroinninaranaikana</c><157></c>,da
128.579,128.779,73,0,<157></c><1>boku</c><230>dakenohiroinninaranaikana</c><157></c>,ku
128.412,128.579,73,0,<157></c><1>bo</c><230>kudakenohiroinninaranaikana</c><157></c>,bo
108.592,108.792,75,0,<157></c><1>darekanibakanisaretemonantomonai</c><157></c>,i
108.425,108.592,75,0,<157></c><1>darekanibakanisaretemonantomona</c><230>i</c><157></c>,na
108.225,108.425,75,0,<157></c><1>darekanibakanisaretemonantomo</c><230>nai</c><157></c>,mo
108.058,108.225,75,0,<157></c><1>darekanibakanisaretemonanto</c><230>monai</c><157></c>,to
107.891,108.058,75,0,<157></c><1>darekanibakanisaretemonan</c><230>tomonai</c><157></c>,n
107.691,107.891,75,0,<157></c><1>darekanibakanisaretemona</c><230>ntomonai</c><157></c>,na
107.524,107.691,75,0,<157></c><1>darekanibakanisaretemo</c><230>nantomonai</c><157></c>,mo
107.324,107.524,75,0,<157></c><1>darekanibakanisarete</c><230>monantomonai</c><157></c>,te
107.124,107.324,75,0,<157></c><1>darekanibakanisare</c><230>temonantomonai</c><157></c>,re
106.957,107.124,75,0,<157></c><1>darekanibakanisa</c><230>retemonantomonai</c><157></c>,sa
106.79,106.957,75,0,<157></c><1>darekanibakani</c><230>saretemonantomonai</c><157></c>,ni
106.59,106.79,75,0,<157></c><1>darekanibaka</c><230>nisaretemonantomonai</c><157></c>,ka
106.423,106.59,75,0,<157></c><1>darekaniba</c><230>kanisaretemonantomonai</c><157></c>,ba
106.256,106.423,75,0,<157></c><1>darekani</c><230>bakanisaretemonantomonai</c><157></c>,ni
106.056,106.256,75,0,<157></c><1>dareka</c><230>nibakanisaretemonantomonai</c><157></c>,ka
105.856,106.056,75,0,<157></c><1>dare</c><230>kanibakanisaretemonantomonai</c><157></c>,re
105.689,105.856,75,0,<157></c><1>da</c><230>rekanibakanisaretemonantomonai</c><157></c>,da
9.727,9.893,75,0,<157></c><220>darekanibakanisaretemonantomonai</c><157></c>,i
9.526,9.727,75,0,<157></c><220>darekanibakanisaretemonantomona</c><230>i</c><157></c>,na
9.326,9.526,75,0,<157></c><220>darekanibakanisaretemonantomo</c><230>nai</c><157></c>,mo
9.159,9.326,75,0,<157></c><220>darekanibakanisaretemonanto</c><230>monai</c><157></c>,to
8.993,9.159,75,0,<157></c><220>darekanibakanisaretemonan</c><230>tomonai</c><157></c>,n
8.792,8.993,75,0,<157></c><220>darekanibakanisaretemona</c><230>ntomonai</c><157></c>,na
8.625,8.792,75,0,<157></c><220>darekanibakanisaretemo</c><230>nantomonai</c><157></c>,mo
8.425,8.625,75,0,<157></c><220>darekanibakanisarete</c><230>monantomonai</c><157></c>,te
8.225,8.425,75,0,<157></c><220>darekanibakanisare</c><230>temonantomonai</c><157></c>,re
8.058,8.225,75,0,<157></c><220>darekanibakanisa</c><230>retemonantomonai</c><157></c>,sa
7.891,8.058,75,0,<157></c><220>darekanibakani</c><230>saretemonantomonai</c><157></c>,ni
7.691,7.891,75,0,<157></c><220>darekanibaka</c><230>nisaretemonantomonai</c><157></c>,ka
7.524,7.691,75,0,<157></c><220>darekaniba</c><230>kanisaretemonantomonai</c><157></c>,ba
7.358,7.524,75,0,<157></c><220>darekani</c><230>bakanisaretemonantomonai</c><157></c>,ni
7.157,7.358,75,0,<157></c><220>dareka</c><230>nibakanisaretemonantomonai</c><157></c>,ka
6.991,7.157,75,0,<157></c><220>dare</c><230>kanibakanisaretemonantomonai</c><157></c>,re
6.79,6.991,75,0,<157></c><220>da</c><230>rekanibakanisaretemonantomonai</c><157></c>,da
111.161,111.528,-1,0,<157></c><1>dattebokunohiroin</c><157></c>,n
110.994,111.161,-1,0,<157></c><1>dattebokunohiroi</c><230>n</c><157></c>,i
110.227,110.994,-1,0,<157></c><1>dattebokunohiro</c><230>in</c><157></c>,ro
110.06,110.227,-1,0,<157></c><1>dattebokunohi</c><230>roin</c><157></c>,hi
109.893,110.06,-1,0,<157></c><1>dattebokuno</c><230>hiroin</c><157></c>,no
109.693,109.893,-1,0,<157></c><1>datteboku</c><230>nohiroin</c><157></c>,ku
109.526,109.693,-1,0,<157></c><1>dattebo</c><230>kunohiroin</c><157></c>,bo
109.159,109.526,-1,0,<157></c><1>datte</c><230>bokunohiroin</c><157></c>,te
108.959,109.159,-1,0,<157></c><1>dat</c><230>tebokunohiroin</c><157></c>,t
108.792,108.959,-1,0,<157></c><1>da</c><230>ttebokunohiroin</c><157></c>,da
12.129,12.796,-1,0,<157></c><220>dattewatashinohiiroo</c><157></c>,o
11.895,12.129,-1,0,<157></c><220>dattewatashinohiiro</c><230>o</c><157></c>,ro
11.528,11.895,-1,0,<157></c><220>dattewatashinohii</c><230>roo</c><157></c>,i
11.161,11.528,-1,0,<157></c><220>dattewatashinohi</c><230>iroo</c><157></c>,hi
10.961,11.161,-1,0,<157></c><220>dattewatashino</c><230>hiiroo</c><157></c>,no
10.794,10.961,-1,0,<157></c><220>dattewatashi</c><230>nohiiroo</c><157></c>,shi
10.627,10.794,-1,0,<157></c><220>dattewata</c><230>shinohiiroo</c><157></c>,ta
10.427,10.627,-1,0,<157></c><220>dattewa</c><230>tashinohiiroo</c><157></c>,wa
10.26,10.427,-1,0,<157></c><220>datte</c><230>watashinohiiroo</c><157></c>,te
10.06,10.26,-1,0,<157></c><220>dat</c><230>tewatashinohiiroo</c><157></c>,t
9.893,10.06,-1,0,<157></c><220>da</c><230>ttewatashinohiiroo</c><157></c>,da
234.952,235.319,-1,0,<157></c><220>f</c><211>u</c><197>r</c><182>i</c><171>m</c><158>u</c><146>i</c><135>t</c><122>e</c><110></c><98>h</c><85>o</c><74>s</c><62>h</c><49>i</c><39>k</c><24>u</c><10>t</c><1>e</c><157></c>,furimuitehoshikute
234.952,235.319,-1,0,<157></c><220>f</c><211>u</c><197>r</c><182>i</c><171>m</c><158>u</c><146>i</c><135>t</c><122>e</c><98>h</c><85>o</c><74>s</c><62>h</c><49>i</c><39>k</c><24>u</c><10>t</c><1>e</c><157></c>,te
234.585,234.952,-1,0,<157></c><220>f</c><211>u</c><197>r</c><182>i</c><171>m</c><158>u</c><146>i</c><135>t</c><122>e</c><110></c><98>h</c><85>o</c><74>s</c><62>h</c><49>i</c><39>k</c><24>u</c><230>te</c><157></c>,te
234.585,234.952,-1,0,<157></c><220>f</c><211>u</c><197>r</c><182>i</c><171>m</c><158>u</c><146>i</c><135>t</c><122>e</c><98>h</c><85>o</c><74>s</c><62>h</c><49>i</c><39>k</c><24>u</c><230>te</c><157></c>,ku
234.218,234.585,-1,0,<157></c><220>f</c><211>u</c><197>r</c><182>i</c><171>m</c><158>u</c><146>i</c><135>t</c><122>e</c><110></c><98>h</c><85>o</c><74>s</c><62>h</c><49>i</c><230>kute</c><157></c>,kute
234.218,234.585,-1,0,<157></c><220>f</c><211>u</c><197>r</c><182>i</c><171>m</c><158>u</c><146>i</c><135>t</c><122>e</c><98>h</c><85>o</c><74>s</c><62>h</c><49>i</c><230>kute</c><157></c>,shi
233.684,234.218,-1,0,<157></c><220>f</c><211>u</c><197>r</c><182>i</c><171>m</c><158>u</c><146>i</c><135>t</c><122>e</c><110></c><98>h</c><85>o</c><230>shikute</c><157></c>,shikute
233.684,234.218,-1,0,<157></c><220>f</c><211>u</c><197>r</c><182>i</c><171>m</c><158>u</c><146>i</c><135>t</c><122>e</c><98>h</c><85>o</c><230>shikute</c><157></c>,ho
233.317,233.684,-1,0,<157></c><220>f</c><211>u</c><197>r</c><182>i</c><171>m</c><158>u</c><146>i</c><135>t</c><122>e</c><110></c><230>hoshikute</c><157></c>,hoshikute
233.317,233.684,-1,0,<157></c><220>f</c><211>u</c><197>r</c><182>i</c><171>m</c><158>u</c><146>i</c><135>t</c><122>e</c><230>hoshikute</c><157></c>,te
233.15,233.317,-1,0,<157></c><220>f</c><211>u</c><197>r</c><182>i</c><171>m</c><158>u</c><146>i</c><230>tehoshikute</c><157></c>,i
232.95,233.15,-1,0,<157></c><220>f</c><211>u</c><197>r</c><182>i</c><171>m</c><158>u</c><230>itehoshikute</c><157></c>,mu
232.783,232.95,-1,0,<157></c><220>f</c><211>u</c><197>r</c><182>i</c><230>muitehoshikute</c><157></c>,ri
232.416,232.783,-1,0,<157></c><220>f</c><211>u</c><230>rimuitehoshikute</c><157></c>,fu
160.777,161.178,-1,0,<157></c><1>furimuitehoshikute</c><157></c>,te
160.41,160.777,-1,0,<157></c><1>furimuitehoshiku</c><230>te</c><157></c>,ku
160.043,160.41,-1,0,<157></c><1>furimuitehoshi</c><230>kute</c><157></c>,shi
159.51,160.043,-1,0,<157></c><1>furimuiteho</c><230>shikute</c><157></c>,ho
159.143,159.51,-1,0,<157></c><1>furimuite</c><230>hoshikute</c><157></c>,te
158.976,159.143,-1,0,<157></c><1>furimui</c><230>tehoshikute</c><157></c>,i
158.775,158.976,-1,0,<157></c><1>furimu</c><230>itehoshikute</c><157></c>,mu
158.609,158.775,-1,0,<157></c><1>furi</c><230>muitehoshikute</c><157></c>,ri
158.242,158.609,-1,0,<157></c><1>fu</c><230>rimuitehoshikute</c><157></c>,fu
61.845,62.246,-1,0,<157></c><220>furimuitehoshikute</c><157></c>,te
61.512,61.845,-1,0,<157></c><220>furimuitehoshiku</c><230>te</c><157></c>,ku
61.145,61.512,-1,0,<157></c><220>furimuitehoshi</c><230>kute</c><157></c>,shi
60.577,61.145,-1,0,<157></c><220>furimuiteho</c><230>shikute</c><157></c>,ho
60.244,60.577,-1,0,<157></c><220>furimuite</c><230>hoshikute</c><157></c>,te
60.044,60.244,-1,0,<157></c><220>furimui</c><230>tehoshikute</c><157></c>,i
59.843,60.044,-1,0,<157></c><220>furimu</c><230>itehoshikute</c><157></c>,mu
59.676,59.843,-1,0,<157></c><220>furi</c><230>muitehoshikute</c><157></c>,ri
59.276,59.676,-1,0,<157></c><220>fu</c><230>rimuitehoshikute</c><157></c>,fu
181.498,182.065,61,0,<157></c><1>futonnonakadeshimyureeshon</c><157></c>,n
181.165,181.498,61,0,<157></c><1>futonnonakadeshimyureesho</c><230>n</c><157></c>,sho
180.964,181.165,61,0,<157></c><1>futonnonakadeshimyuree</c><230>shon</c><157></c>,e
180.764,180.964,61,0,<157></c><1>futonnonakadeshimyure</c><230>eshon</c><157></c>,re
180.597,180.764,61,0,<157></c><1>futonnonakadeshimyu</c><230>reeshon</c><157></c>,myu
180.43,180.597,61,0,<157></c><1>futonnonakadeshi</c><230>myureeshon</c><157></c>,shi
180.23,180.43,61,0,<157></c><1>futonnonakade</c><230>shimyureeshon</c><157></c>,de
179.863,180.23,61,0,<157></c><1>futonnonaka</c><230>deshimyureeshon</c><157></c>,ka
179.696,179.863,61,0,<157></c><1>futonnona</c><230>kadeshimyureeshon</c><157></c>,na
179.496,179.696,61,0,<157></c><1>futonno</c><230>nakadeshimyureeshon</c><157></c>,no
179.329,179.496,61,0,<157></c><1>futon</c><230>nonakadeshimyureeshon</c><157></c>,n
179.129,179.329,61,0,<157></c><1>futo</c><230>nnonakadeshimyureeshon</c><157></c>,to
178.929,179.129,61,0,<157></c><1>fu</c><230>tonnonakadeshimyureeshon</c><157></c>,fu
70.587,70.954,-1,0,<157></c><220>hitoridemusete</c><157></c>,te
70.254,70.587,-1,0,<157></c><220>hitoridemuse</c><230>te</c><157></c>,se
69.887,70.254,-1,0,<157></c><220>hitoridemu</c><230>sete</c><157></c>,mu
69.319,69.887,-1,0,<157></c><220>hitoride</c><230>musete</c><157></c>,de
69.153,69.319,-1,0,<157></c><220>hitori</c><230>demusete</c><157></c>,ri
68.952,69.153,-1,0,<157></c><220>hito</c><230>ridemusete</c><157></c>,to
68.786,68.952,-1,0,<157></c><220>hi</c><230>toridemusete</c><157></c>,hi
226.977,227.311,64,0,<157></c><1>hokanootokoninanteikunayo</c><157></c>,yo
226.777,226.977,64,0,<157></c><1>hokanootokoninanteikuna</c><230>yo</c><157></c>,na
226.543,226.777,64,0,<157></c><1>hokanootokoninanteiku</c><230>nayo</c><157></c>,ku
226.376,226.543,64,0,<157></c><1>hokanootokoninantei</c><230>kunayo</c><157></c>,i
226.043,226.376,64,0,<157></c><1>hokanootokoninante</c><230>ikunayo</c><157></c>,te
225.876,226.043,64,0,<157></c><1>hokanootokoninan</c><230>teikunayo</c><157></c>,n
225.709,225.876,64,0,<157></c><1>hokanootokonina</c><230>nteikunayo</c><157></c>,na
225.509,225.709,64,0,<157></c><1>hokanootokoni</c><230>nanteikunayo</c><157></c>,ni
225.309,225.509,64,0,<157></c><1>hokanootoko</c><230>ninanteikunayo</c><157></c>,ko
225.175,225.309,64,0,<157></c><1>hokanooto</c><230>koninanteikunayo</c><157></c>,to
224.975,225.175,64,0,<157></c><1>hokanoo</c><230>tokoninanteikunayo</c><157></c>,o
224.775,224.975,64,0,<157></c><1>hokano</c><230>otokoninanteikunayo</c><157></c>,no
224.575,224.775,64,0,<157></c><1>hoka</c><230>nootokoninanteikunayo</c><157></c>,ka
224.408,224.575,64,0,<157></c><1>ho</c><230>kanootokoninanteikunayo</c><157></c>,ho
44.595,44.962,63,0,<157></c><220>houkagobukatsuniikuanatani</c><157></c>,ni
44.428,44.595,63,0,<157></c><220>houkagobukatsuniikuanata</c><230>ni</c><157></c>,ta
44.261,44.428,63,0,<157></c><220>houkagobukatsuniikuana</c><230>tani</c><157></c>,na
44.061,44.261,63,0,<157></c><220>houkagobukatsuniikua</c><230>natani</c><157></c>,a
43.727,44.061,63,0,<157></c><220>houkagobukatsuniiku</c><230>anatani</c><157></c>,ku
43.36,43.727,63,0,<157></c><220>houkagobukatsunii</c><230>kuanatani</c><157></c>,i
43.127,43.36,63,0,<157></c><220>houkagobukatsuni</c><230>ikuanatani</c><157></c>,ni
42.96,43.127,63,0,<157></c><220>houkagobukatsu</c><230>niikuanatani</c><157></c>,tsu
42.76,42.96,63,0,<157></c><220>houkagobuka</c><230>tsuniikuanatani</c><157></c>,ka
42.626,42.76,63,0,<157></c><220>houkagobu</c><230>katsuniikuanatani</c><157></c>,bu
42.426,42.626,63,0,<157></c><220>houkago</c><230>bukatsuniikuanatani</c><157></c>,go
42.259,42.426,63,0,<157></c><220>houka</c><230>gobukatsuniikuanatani</c><157></c>,ka
42.059,42.259,63,0,<157></c><220>hou</c><230>kagobukatsuniikuanatani</c><157></c>,u
41.892,42.059,63,0,<157></c><220>ho</c><230>ukagobukatsuniikuanatani</c><157></c>,ho
143.327,144.061,67,0,<157></c><1>houkagotomodachitowaraukimini</c><157></c>,ni
143.16,143.327,67,0,<157></c><1>houkagotomodachitowaraukimi</c><230>ni</c><157></c>,mi
142.96,143.16,67,0,<157></c><1>houkagotomodachitowarauki</c><230>mini</c><157></c>,ki
142.793,142.96,67,0,<157></c><1>houkagotomodachitowarau</c><230>kimini</c><157></c>,u
142.593,142.793,67,0,<157></c><1>houkagotomodachitowara</c><230>ukimini</c><157></c>,ra
142.426,142.593,67,0,<157></c><1>houkagotomodachitowa</c><230>raukimini</c><157></c>,wa
142.259,142.426,67,0,<157></c><1>houkagotomodachito</c><230>waraukimini</c><157></c>,to
142.059,142.259,67,0,<157></c><1>houkagotomodachi</c><230>towaraukimini</c><157></c>,chi
141.859,142.059,67,0,<157></c><1>houkagotomoda</c><230>chitowaraukimini</c><157></c>,da
141.692,141.859,67,0,<157></c><1>houkagotomo</c><230>dachitowaraukimini</c><157></c>,mo
141.492,141.692,67,0,<157></c><1>houkagoto</c><230>modachitowaraukimini</c><157></c>,to
141.325,141.492,67,0,<157></c><1>houkago</c><230>tomodachitowaraukimini</c><157></c>,go
141.158,141.325,67,0,<157></c><1>houka</c><230>gotomodachitowaraukimini</c><157></c>,ka
140.958,141.158,67,0,<157></c><1>hou</c><230>kagotomodachitowaraukimini</c><157></c>,u
140.791,140.958,67,0,<157></c><1>ho</c><230>ukagotomodachitowaraukimini</c><157></c>,ho
23.707,24.041,73,0,<157></c><220>inunomaedewaderederenatokotoka</c><157></c>,ka
23.507,23.707,73,0,<157></c><220>inunomaedewaderederenatokoto</c><230>ka</c><157></c>,to
23.34,23.507,73,0,<157></c><220>inunomaedewaderederenatoko</c><230>toka</c><157></c>,ko
23.14,23.34,73,0,<157></c><220>inunomaedewaderederenato</c><230>kotoka</c><157></c>,to
22.973,23.14,73,0,<157></c><220>inunomaedewaderederena</c><230>tokotoka</c><157></c>,na
22.773,22.973,73,0,<157></c><220>inunomaedewaderedere</c><230>natokotoka</c><157></c>,re
22.606,22.773,73,0,<157></c><220>inunomaedewaderede</c><230>renatokotoka</c><157></c>,de
22.406,22.606,73,0,<157></c><220>inunomaedewadere</c><230>derenatokotoka</c><157></c>,re
22.239,22.406,73,0,<157></c><220>inunomaedewade</c><230>rederenatokotoka</c><157></c>,de
22.039,22.239,73,0,<157></c><220>inunomaedewa</c><230>derederenatokotoka</c><157></c>,wa
21.872,22.039,73,0,<157></c><220>inunomaede</c><230>waderederenatokotoka</c><157></c>,de
21.705,21.872,73,0,<157></c><220>inunomae</c><230>dewaderederenatokotoka</c><157></c>,e
21.538,21.705,73,0,<157></c><220>inunoma</c><230>edewaderederenatokotoka</c><157></c>,ma
21.338,21.538,73,0,<157></c><220>inuno</c><230>maedewaderederenatokotoka</c><157></c>,no
21.171,21.338,73,0,<157></c><220>inu</c><230>nomaedewaderederenatokotoka</c><157></c>,nu
20.971,21.171,73,0,<157></c><220>i</c><230>nunomaedewaderederenatokotoka</c><157></c>,i
237.854,238.956,-1,0,<157></c><1>i</c><9>s</c><20>h</c><32>i</c><42>k</c><53>i</c><63></c><74>s</c><84>h</c><95>i</c><107>t</c><113>e</c><125></c><136>h</c><146>o</c><156>s</c><168>h</c><178>i</c><189>k</c><200>u</c><212>t</c><220>e</c><157></c>,ishikishitehoshikute
237.854,238.956,-1,0,<157></c><1>i</c><9>s</c><20>h</c><32>i</c><42>k</c><53>i</c><63></c><74>s</c><84>h</c><95>i</c><227>t</c><237>e</c><125></c><136>h</c><146>o</c><156>s</c><168>h</c><178>i</c><189>k</c><200>u</c><212>t</c><220>e</c><157></c>,te
237.487,237.854,-1,0,<157></c><1>i</c><9>s</c><20>h</c><32>i</c><42>k</c><53>i</c><63></c><74>s</c><84>h</c><95>i</c><107>t</c><113>e</c><125></c><136>h</c><146>o</c><156>s</c><168>h</c><178>i</c><189>k</c><200>u</c><230>te</c><157></c>,te
237.487,237.854,-1,0,<157></c><1>i</c><9>s</c><20>h</c><32>i</c><42>k</c><53>i</c><63></c><74>s</c><84>h</c><95>i</c><227>t</c><237>e</c><125></c><136>h</c><146>o</c><156>s</c><168>h</c><178>i</c><189>k</c><200>u</c><230>te</c><157></c>,ku
237.12,237.487,-1,0,<157></c><1>i</c><9>s</c><20>h</c><32>i</c><42>k</c><53>i</c><63></c><74>s</c><84>h</c><95>i</c><107>t</c><113>e</c><125></c><136>h</c><146>o</c><156>s</c><168>h</c><178>i</c><230>kute</c><157></c>,kute
237.12,237.487,-1,0,<157></c><1>i</c><9>s</c><20>h</c><32>i</c><42>k</c><53>i</c><63></c><74>s</c><84>h</c><95>i</c><227>t</c><237>e</c><125></c><136>h</c><146>o</c><156>s</c><168>h</c><178>i</c><230>kute</c><157></c>,shi
236.587,237.12,-1,0,<157></c><1>i</c><9>s</c><20>h</c><32>i</c><42>k</c><53>i</c><63></c><74>s</c><84>h</c><95>i</c><107>t</c><113>e</c><125></c><136>h</c><146>o</c><230>shikute</c><157></c>,shikute
236.587,237.12,-1,0,<157></c><1>i</c><9>s</c><20>h</c><32>i</c><42>k</c><53>i</c><63></c><74>s</c><84>h</c><95>i</c><227>t</c><237>e</c><125></c><136>h</c><146>o</c><230>shikute</c><157></c>,ho
236.22,236.587,-1,0,<157></c><1>i</c><9>s</c><20>h</c><32>i</c><42>k</c><53>i</c><63></c><74>s</c><84>h</c><95>i</c><107>t</c><113>e</c><125></c><230>hoshikute</c><157></c>,hoshikute
236.22,236.587,-1,0,<157></c><1>i</c><9>s</c><20>h</c><32>i</c><42>k</c><53>i</c><63></c><74>s</c><84>h</c><95>i</c><227>t</c><237>e</c><125></c><230>hoshikute</c><157></c>,te
235.886,236.22,-1,0,<157></c><1>i</c><9>s</c><20>h</c><32>i</c><42>k</c><53>i</c><63></c><74>s</c><84>h</c><95>i</c><230>tehoshikute</c><157></c>,shi
235.686,235.886,-1,0,<157></c><1>i</c><9>s</c><20>h</c><32>i</c><42>k</c><53>i</c><63></c><230>shitehoshikute</c><157></c>,ki
235.485,235.686,-1,0,<157></c><1>i</c><9>s</c><20>h</c><32>i</c><230>kishitehoshikute</c><157></c>,shi
235.319,235.485,-1,0,<157></c><1>i</c><230>shikishitehoshikute</c><157></c>,i
163.714,164.781,-1,0,<157></c><1>ishikishitehoshikute</c><157></c>,te
163.347,163.714,-1,0,<157></c><1>ishikishitehoshiku</c><230>te</c><157></c>,ku
162.98,163.347,-1,0,<157></c><1>ishikishitehoshi</c><230>kute</c><157></c>,shi
162.446,162.98,-1,0,<157></c><1>ishikishiteho</c><230>shikute</c><157></c>,ho
162.079,162.446,-1,0,<157></c><1>ishikishite</c><230>hoshikute</c><157></c>,te
161.745,162.079,-1,0,<157></c><1>ishikishi</c><230>tehoshikute</c><157></c>,shi
161.545,161.745,-1,0,<157></c><1>ishiki</c><230>shitehoshikute</c><157></c>,ki
161.345,161.545,-1,0,<157></c><1>ishi</c><230>kishitehoshikute</c><157></c>,shi
161.178,161.345,-1,0,<157></c><1>i</c><230>shikishitehoshikute</c><157></c>,i
64.782,65.849,-1,0,<157></c><220>ishikishitehoshikute</c><157></c>,te
64.415,64.782,-1,0,<157></c><220>ishikishitehoshiku</c><230>te</c><157></c>,ku
64.048,64.415,-1,0,<157></c><220>ishikishitehoshi</c><230>kute</c><157></c>,shi
63.514,64.048,-1,0,<157></c><220>ishikishiteho</c><230>shikute</c><157></c>,ho
63.147,63.514,-1,0,<157></c><220>ishikishite</c><230>hoshikute</c><157></c>,te
62.813,63.147,-1,0,<157></c><220>ishikishi</c><230>tehoshikute</c><157></c>,shi
62.613,62.813,-1,0,<157></c><220>ishiki</c><230>shitehoshikute</c><157></c>,ki
62.413,62.613,-1,0,<157></c><220>ishi</c><230>kishitehoshikute</c><157></c>,shi
62.246,62.413,-1,0,<157></c><220>i</c><230>shikishitehoshikute</c><157></c>,i
140.39,140.791,67,0,<157></c><1>isshonieigatokaminiikitaiyo</c><157></c>,yo
140.257,140.39,67,0,<157></c><1>isshonieigatokaminiikitai</c><230>yo</c><157></c>,i
140.057,140.257,67,0,<157></c><1>isshonieigatokaminiikita</c><230>iyo</c><157></c>,ta
139.857,140.057,67,0,<157></c><1>isshonieigatokaminiiki</c><230>taiyo</c><157></c>,ki
139.69,139.857,67,0,<157></c><1>isshonieigatokaminii</c><230>kitaiyo</c><157></c>,i
139.523,139.69,67,0,<157></c><1>isshonieigatokamini</c><230>ikitaiyo</c><157></c>,ni
139.323,139.523,67,0,<157></c><1>isshonieigatokami</c><230>niikitaiyo</c><157></c>,mi
139.156,139.323,67,0,<157></c><1>isshonieigatoka</c><230>miniikitaiyo</c><157></c>,ka
138.956,139.156,67,0,<157></c><1>isshonieigato</c><230>kaminiikitaiyo</c><157></c>,to
138.755,138.956,67,0,<157></c><1>isshonieiga</c><230>tokaminiikitaiyo</c><157></c>,ga
138.622,138.755,67,0,<157></c><1>isshoniei</c><230>gatokaminiikitaiyo</c><157></c>,i
138.455,138.622,67,0,<157></c><1>isshonie</c><230>igatokaminiikitaiyo</c><157></c>,e
138.255,138.455,67,0,<157></c><1>isshoni</c><230>eigatokaminiikitaiyo</c><157></c>,ni
138.055,138.255,67,0,<157></c><1>issho</c><230>nieigatokaminiikitaiyo</c><157></c>,sho
137.855,138.055,67,0,<157></c><1>is</c><230>shonieigatokaminiikitaiyo</c><157></c>,s
137.688,137.855,67,0,<157></c><1>i</c><230>sshonieigatokaminiikitaiyo</c><157></c>,i
41.525,41.892,56,0,<157></c><220>isshonikaettarishitaiyo</c><157></c>,yo
41.325,41.525,56,0,<157></c><220>isshonikaettarishitai</c><230>yo</c><157></c>,i
41.125,41.325,56,0,<157></c><220>isshonikaettarishita</c><230>iyo</c><157></c>,ta
40.991,41.125,56,0,<157></c><220>isshonikaettarishi</c><230>taiyo</c><157></c>,shi
40.791,40.991,56,0,<157></c><220>isshonikaettari</c><230>shitaiyo</c><157></c>,ri
40.391,40.791,56,0,<157></c><220>isshonikaetta</c><230>rishitaiyo</c><157></c>,ta
40.224,40.391,56,0,<157></c><220>isshonikaet</c><230>tarishitaiyo</c><157></c>,t
40.057,40.224,56,0,<157></c><220>isshonikae</c><230>ttarishitaiyo</c><157></c>,e
39.857,40.057,56,0,<157></c><220>isshonika</c><230>ettarishitaiyo</c><157></c>,ka
39.523,39.857,56,0,<157></c><220>isshoni</c><230>kaettarishitaiyo</c><157></c>,ni
39.323,39.523,56,0,<157></c><220>issho</c><230>nikaettarishitaiyo</c><157></c>,sho
39.156,39.323,56,0,<157></c><220>is</c><230>shonikaettarishitaiyo</c><157></c>,s
38.956,39.156,56,0,<157></c><220>i</c><230>sshonikaettarishitaiyo</c><157></c>,i
14.965,15.499,59,0,<157></c><220>itsumonemuitteiukuseni</c><157></c>,ni
14.798,14.965,59,0,<157></c><220>itsumonemuitteiukuse</c><230>ni</c><157></c>,se
14.631,14.798,59,0,<157></c><220>itsumonemuitteiuku</c><230>seni</c><157></c>,ku
14.465,14.631,59,0,<157></c><220>itsumonemuitteiu</c><230>kuseni</c><157></c>,u
14.264,14.465,59,0,<157></c><220>itsumonemuittei</c><230>ukuseni</c><157></c>,i
14.064,14.264,59,0,<157></c><220>itsumonemuitte</c><230>iukuseni</c><157></c>,tte
13.697,14.064,59,0,<157></c><220>itsumonemui</c><230>tteiukuseni</c><157></c>,i
13.497,13.697,59,0,<157></c><220>itsumonemu</c><230>itteiukuseni</c><157></c>,mu
13.33,13.497,59,0,<157></c><220>itsumone</c><230>muitteiukuseni</c><157></c>,ne
13.163,13.33,59,0,<157></c><220>itsumo</c><230>nemuitteiukuseni</c><157></c>,mo
12.963,13.163,59,0,<157></c><220>itsu</c><230>monemuitteiukuseni</c><157></c>,tsu
12.796,12.963,59,0,<157></c><220>i</c><230>tsumonemuitteiukuseni</c><157></c>,i
17.868,18.235,59,0,<157></c><220>jugyouwaokiteirutokotoka</c><157></c>,ka
17.668,17.868,59,0,<157></c><220>jugyouwaokiteirutokoto</c><230>ka</c><157></c>,to
17.501,17.668,59,0,<157></c><220>jugyouwaokiteirutoko</c><230>toka</c><157></c>,ko
17.301,17.501,59,0,<157></c><220>jugyouwaokiteiruto</c><230>kotoka</c><157></c>,to
16.967,17.301,59,0,<157></c><220>jugyouwaokiteiru</c><230>tokotoka</c><157></c>,ru
16.767,16.967,59,0,<157></c><220>jugyouwaokitei</c><230>rutokotoka</c><157></c>,i
16.633,16.767,59,0,<157></c><220>jugyouwaokite</c><230>irutokotoka</c><157></c>,te
16.433,16.633,59,0,<157></c><220>jugyouwaoki</c><230>teirutokotoka</c><157></c>,ki
16.233,16.433,59,0,<157></c><220>jugyouwao</c><230>kiteirutokotoka</c><157></c>,o
16.033,16.233,59,0,<157></c><220>jugyouwa</c><230>okiteirutokotoka</c><157></c>,wa
15.866,16.033,59,0,<157></c><220>jugyou</c><230>waokiteirutokotoka</c><157></c>,u
15.666,15.866,59,0,<157></c><220>jugyo</c><230>uwaokiteirutokotoka</c><157></c>,gyo
15.499,15.666,59,0,<157></c><220>ju</c><230>gyouwaokiteirutokotoka</c><157></c>,ju
3.487,3.854,56,0,<157></c><220>kakkoiikarasukinanjanai</c><157></c>,i
3.32,3.487,56,0,<157></c><220>kakkoiikarasukinanjana</c><230>i</c><157></c>,na
3.12,3.32,56,0,<157></c><220>kakkoiikarasukinanja</c><230>nai</c><157></c>,ja
2.92,3.12,56,0,<157></c><220>kakkoiikarasukinan</c><230>janai</c><157></c>,n
2.753,2.92,56,0,<157></c><220>kakkoiikarasukina</c><230>njanai</c><157></c>,na
2.586,2.753,56,0,<157></c><220>kakkoiikarasuki</c><230>nanjanai</c><157></c>,ki
2.386,2.586,56,0,<157></c><220>kakkoiikarasu</c><230>kinanjanai</c><157></c>,su
2.219,2.386,56,0,<157></c><220>kakkoiikara</c><230>sukinanjanai</c><157></c>,ra
2.052,2.219,56,0,<157></c><220>kakkoiika</c><230>rasukinanjanai</c><157></c>,ka
1.852,2.052,56,0,<157></c><220>kakkoii</c><230>karasukinanjanai</c><157></c>,i
1.685,1.852,56,0,<157></c><220>kakkoi</c><230>ikarasukinanjanai</c><157></c>,i
1.518,1.685,56,0,<157></c><220>kakko</c><230>iikarasukinanjanai</c><157></c>,ko
1.318,1.518,56,0,<157></c><220>kak</c><230>koiikarasukinanjanai</c><157></c>,k
1.151,1.318,56,0,<157></c><220>ka</c><230>kkoiikarasukinanjanai</c><157></c>,ka
102.419,102.786,-1,0,<157></c><1>kawaiikarasukinanjanai</c><157></c>,i
102.252,102.419,-1,0,<157></c><1>kawaiikarasukinanjana</c><230>i</c><157></c>,na
102.086,102.252,-1,0,<157></c><1>kawaiikarasukinanja</c><230>nai</c><157></c>,ja
101.919,102.086,-1,0,<157></c><1>kawaiikarasukinan</c><230>janai</c><157></c>,n
101.718,101.919,-1,0,<157></c><1>kawaiikarasukina</c><230>njanai</c><157></c>,na
101.552,101.718,-1,0,<157></c><1>kawaiikarasuki</c><230>nanjanai</c><157></c>,ki
101.351,101.552,-1,0,<157></c><1>kawaiikarasu</c><230>kinanjanai</c><157></c>,su
101.185,101.351,-1,0,<157></c><1>kawaiikara</c><230>sukinanjanai</c><157></c>,ra
100.984,101.185,-1,0,<157></c><1>kawaiika</c><230>rasukinanjanai</c><157></c>,ka
100.651,100.984,-1,0,<157></c><1>kawaii</c><230>karasukinanjanai</c><157></c>,i
100.451,100.651,-1,0,<157></c><1>kawai</c><230>ikarasukinanjanai</c><157></c>,i
100.284,100.451,-1,0,<157></c><1>kawa</c><230>iikarasukinanjanai</c><157></c>,wa
100.084,100.284,-1,0,<157></c><1>ka</c><230>waiikarasukinanjanai</c><157></c>,ka
116.767,117.167,67,0,<157></c><1>kekkyokujugyoudenerutokotoka</c><157></c>,ka
116.6,116.767,67,0,<157></c><1>kekkyokujugyoudenerutokoto</c><230>ka</c><157></c>,to
116.4,116.6,67,0,<157></c><1>kekkyokujugyoudenerutoko</c><230>toka</c><157></c>,ko
116.233,116.4,67,0,<157></c><1>kekkyokujugyoudeneruto</c><230>kotoka</c><157></c>,to
116.033,116.233,67,0,<157></c><1>kekkyokujugyoudeneru</c><230>tokotoka</c><157></c>,ru
115.866,116.033,67,0,<157></c><1>kekkyokujugyoudene</c><230>rutokotoka</c><157></c>,ne
115.699,115.866,67,0,<157></c><1>kekkyokujugyoude</c><230>nerutokotoka</c><157></c>,de
115.499,115.699,67,0,<157></c><1>kekkyokujugyou</c><230>denerutokotoka</c><157></c>,u
115.332,115.499,67,0,<157></c><1>kekkyokujugyo</c><230>udenerutokotoka</c><157></c>,gyo
115.132,115.332,67,0,<157></c><1>kekkyokuju</c><230>gyoudenerutokotoka</c><157></c>,ju
114.932,115.132,67,0,<157></c><1>kekkyoku</c><230>jugyoudenerutokotoka</c><157></c>,ku
114.731,114.932,67,0,<157></c><1>kekkyo</c><230>kujugyoudenerutokotoka</c><157></c>,kyo
114.598,114.731,67,0,<157></c><1>kek</c><230>kyokujugyoudenerutokotoka</c><157></c>,k
114.398,114.598,67,0,<157></c><1>ke</c><230>kkyokujugyoudenerutokotoka</c><157></c>,ke
172.422,172.789,-1,0,<157></c><1>kimigahoshikute</c><157></c>,te
172.055,172.422,-1,0,<157></c><1>kimigahoshiku</c><230>te</c><157></c>,ku
171.722,172.055,-1,0,<157></c><1>kimigahoshi</c><230>kute</c><157></c>,shi
171.155,171.722,-1,0,<157></c><1>kimigaho</c><230>shikute</c><157></c>,ho
170.787,171.155,-1,0,<157></c><1>kimiga</c><230>hoshikute</c><157></c>,ga
170.454,170.787,-1,0,<157></c><1>kimi</c><230>gahoshikute</c><157></c>,mi
169.887,170.454,-1,0,<157></c><1>ki</c><230>migahoshikute</c><157></c>,ki
217.868,219.269,77,0,<157></c><1>kimigaotokonosoudanoshitekitanda</c><157></c>,da
217.734,217.868,77,0,<157></c><1>kimigaotokonosoudanoshitekitan</c><230>da</c><157></c>,n
217.534,217.734,77,0,<157></c><1>kimigaotokonosoudanoshitekita</c><230>nda</c><157></c>,ta
217.334,217.534,77,0,<157></c><1>kimigaotokonosoudanoshiteki</c><230>tanda</c><157></c>,ki
217.134,217.334,77,0,<157></c><1>kimigaotokonosoudanoshite</c><230>kitanda</c><157></c>,te
216.967,217.134,77,0,<157></c><1>kimigaotokonosoudanoshi</c><230>tekitanda</c><157></c>,shi
216.8,216.967,77,0,<157></c><1>kimigaotokonosoudano</c><230>shitekitanda</c><157></c>,o
216.633,216.8,77,0,<157></c><1>kimigaotokonosoudan</c><230>oshitekitanda</c><157></c>,n
216.4,216.633,77,0,<157></c><1>kimigaotokonosouda</c><230>noshitekitanda</c><157></c>,da
216.233,216.4,77,0,<157></c><1>kimigaotokonosou</c><230>danoshitekitanda</c><157></c>,u
216.066,216.233,77,0,<157></c><1>kimigaotokonoso</c><230>udanoshitekitanda</c><157></c>,so
215.666,216.066,77,0,<157></c><1>kimigaotokono</c><230>soudanoshitekitanda</c><157></c>,no
215.332,215.666,77,0,<157></c><1>kimigaotoko</c><230>nosoudanoshitekitanda</c><157></c>,ko
214.598,215.332,77,0,<157></c><1>kimigaoto</c><230>konosoudanoshitekitanda</c><157></c>,to
214.364,214.598,77,0,<157></c><1>kimigao</c><230>tokonosoudanoshitekitanda</c><157></c>,o
214.064,214.364,77,0,<157></c><1>kimiga</c><230>otokonosoudanoshitekitanda</c><157></c>,ga
213.83,214.064,77,0,<157></c><1>kimi</c><230>gaotokonosoudanoshitekitanda</c><157></c>,mi
213.53,213.83,77,0,<157></c><1>ki</c><230>migaotokonosoudanoshitekitanda</c><157></c>,ki
175.692,176.426,-1,0,<157></c><1>kiminomononinaritakute</c><157></c>,te
175.526,175.692,-1,0,<157></c><1>kiminomononinaritaku</c><230>te</c><157></c>,ku
175.325,175.526,-1,0,<157></c><1>kiminomononinarita</c><230>kute</c><157></c>,ta
175.125,175.325,-1,0,<157></c><1>kiminomononinari</c><230>takute</c><157></c>,ri
174.958,175.125,-1,0,<157></c><1>kiminomononina</c><230>ritakute</c><157></c>,na
174.591,174.958,-1,0,<157></c><1>kiminomononi</c><230>naritakute</c><157></c>,ni
174.057,174.591,-1,0,<157></c><1>kiminomono</c><230>ninaritakute</c><157></c>,no
173.69,174.057,-1,0,<157></c><1>kiminomo</c><230>noninaritakute</c><157></c>,mo
173.323,173.69,-1,0,<157></c><1>kimino</c><230>mononinaritakute</c><157></c>,no
173.123,173.323,-1,0,<157></c><1>kimi</c><230>nomononinaritakute</c><157></c>,mi
172.789,173.123,-1,0,<157></c><1>ki</c><230>minomononinaritakute</c><157></c>,ki
148.799,148.966,63,0,<157></c><1>kiminosutooriininoritaishi</c><157></c>,shi
148.632,148.799,63,0,<157></c><1>kiminosutooriininoritai</c><230>shi</c><157></c>,i
148.432,148.632,63,0,<157></c><1>kiminosutooriininorita</c><230>ishi</c><157></c>,ta
148.265,148.432,63,0,<157></c><1>kiminosutooriininori</c><230>taishi</c><157></c>,ri
148.065,148.265,63,0,<157></c><1>kiminosutooriinino</c><230>ritaishi</c><157></c>,no
147.898,148.065,63,0,<157></c><1>kiminosutooriini</c><230>noritaishi</c><157></c>,ni
147.698,147.898,63,0,<157></c><1>kiminosutoorii</c><230>ninoritaishi</c><157></c>,i
147.531,147.698,63,0,<157></c><1>kiminosutoori</c><230>ininoritaishi</c><157></c>,ri
147.331,147.531,63,0,<157></c><1>kiminosutoo</c><230>riininoritaishi</c><157></c>,o
147.197,147.331,63,0,<157></c><1>kiminosuto</c><230>oriininoritaishi</c><157></c>,to
146.997,147.197,63,0,<157></c><1>kiminosu</c><230>tooriininoritaishi</c><157></c>,su
146.797,146.997,63,0,<157></c><1>kimino</c><230>sutooriininoritaishi</c><157></c>,no
146.63,146.797,63,0,<157></c><1>kimi</c><230>nosutooriininoritaishi</c><157></c>,mi
146.43,146.63,63,0,<157></c><1>ki</c><230>minosutooriininoritaishi</c><157></c>,ki
252.402,254.972,-1,0,<157></c><1>kimioitooshikuomouyo</c><157></c>,yo
252.069,252.402,-1,0,<157></c><1>kimioitooshikuomou</c><230>yo</c><157></c>,u
251.668,252.069,-1,0,<157></c><1>kimioitooshikuomo</c><230>uyo</c><157></c>,mo
251.134,251.668,-1,0,<157></c><1>kimioitooshikuo</c><230>mouyo</c><157></c>,o
250.767,251.134,-1,0,<157></c><1>kimioitooshiku</c><230>omouyo</c><157></c>,ku
250.4,250.767,-1,0,<157></c><1>kimioitooshi</c><230>kuomouyo</c><157></c>,shi
250.133,250.4,-1,0,<157></c><1>kimioitoo</c><230>shikuomouyo</c><157></c>,o
249.866,250.133,-1,0,<157></c><1>kimioito</c><230>oshikuomouyo</c><157></c>,to
249.7,249.866,-1,0,<157></c><1>kimioi</c><230>tooshikuomouyo</c><157></c>,i
249.333,249.7,-1,0,<157></c><1>kimio</c><230>itooshikuomouyo</c><157></c>,o
249.132,249.333,-1,0,<157></c><1>kimi</c><230>oitooshikuomouyo</c><157></c>,mi
248.932,249.132,-1,0,<157></c><1>ki</c><230>mioitooshikuomouyo</c><157></c>,ki
184.067,184.434,-1,0,<157></c><1>kimiokangaenagara</c><157></c>,ra
183.901,184.067,-1,0,<157></c><1>kimiokangaenaga</c><230>ra</c><157></c>,ga
183.7,183.901,-1,0,<157></c><1>kimiokangaena</c><230>gara</c><157></c>,na
183.534,183.7,-1,0,<157></c><1>kimiokangae</c><230>nagara</c><157></c>,e
183.3,183.534,-1,0,<157></c><1>kimiokanga</c><230>enagara</c><157></c>,ga
182.799,183.3,-1,0,<157></c><1>kimiokan</c><230>gaenagara</c><157></c>,n
182.599,182.799,-1,0,<157></c><1>kimioka</c><230>ngaenagara</c><157></c>,ka
182.432,182.599,-1,0,<157></c><1>kimio</c><230>kangaenagara</c><157></c>,o
182.232,182.432,-1,0,<157></c><1>kimi</c><230>okangaenagara</c><157></c>,mi
182.065,182.232,-1,0,<157></c><1>ki</c><230>miokangaenagara</c><157></c>,ki
263.714,263.88,-1,0,<157></c><1>k</c><14>i</c><29>m</c><43>i</c><56></c><72>t</c><82>o</c><97></c><110>n</c><124>o</c><138></c><150>k</c><165>o</c><179>i</c><194></c><209>w</c><220>a</c><157></c>,kimitonokoiwa
263.714,263.88,-1,0,<157></c><1>k</c><14>i</c><29>m</c><43>i</c><56></c><72>t</c><82>o</c><97></c>n<124>o</c><138></c><150>k</c><165>o</c><179>i</c><194></c><209>w</c><220>a</c><157></c>,wa
263.347,263.714,-1,0,<157></c><1>k</c><14>i</c><29>m</c><43>i</c><56></c><72>t</c><82>o</c><97></c><110>n</c><124>o</c><138></c><150>k</c><165>o</c><179>i</c><194></c><230>wa</c><157></c>,wa
263.347,263.714,-1,0,<157></c><1>k</c><14>i</c><29>m</c><43>i</c><56></c><72>t</c><82>o</c><97></c>n<124>o</c><138></c><150>k</c><165>o</c><179>i</c><194></c><230>wa</c><157></c>,i
262.779,263.347,-1,0,<157></c><1>k</c><14>i</c><29>m</c><43>i</c><56></c><72>t</c><82>o</c><97></c><110>n</c><124>o</c><138></c><150>k</c><165>o</c><230>iwa</c><157></c>,iwa
262.779,263.347,-1,0,<157></c><1>k</c><14>i</c><29>m</c><43>i</c><56></c><72>t</c><82>o</c><97></c>n<124>o</c><138></c><150>k</c><165>o</c><230>iwa</c><157></c>,ko
262.613,262.779,-1,0,<157></c><1>k</c><14>i</c><29>m</c><43>i</c><56></c><72>t</c><82>o</c><97></c><110>n</c><124>o</c><138></c><230>koiwa</c><157></c>,koiwa
262.613,262.779,-1,0,<157></c><1>k</c><14>i</c><29>m</c><43>i</c><56></c><72>t</c><82>o</c><97></c>n<124>o</c><138></c><230>koiwa</c><157></c>,no
262.412,262.613,-1,0,<157></c><1>k</c><14>i</c><29>m</c><43>i</c><56></c><72>t</c><82>o</c><97></c><230>nokoiwa</c><157></c>,to
262.212,262.412,-1,0,<157></c><1>k</c><14>i</c><29>m</c><43>i</c><56></c><230>tonokoiwa</c><157></c>,mi
262.045,262.212,-1,0,<157></c><1>k</c><14>i</c><230>mitonokoiwa</c><157></c>,ki
155.172,155.372,64,0,<157></c><1>kokuhakunankadekisouninakute</c><157></c>,te
154.972,155.172,64,0,<157></c><1>kokuhakunankadekisouninaku</c><230>te</c><157></c>,ku
154.805,154.972,64,0,<157></c><1>kokuhakunankadekisounina</c><230>kute</c><157></c>,na
154.638,154.805,64,0,<157></c><1>kokuhakunankadekisouni</c><230>nakute</c><157></c>,ni
154.471,154.638,64,0,<157></c><1>kokuhakunankadekisou</c><230>ninakute</c><157></c>,u
154.271,154.471,64,0,<157></c><1>kokuhakunankadekiso</c><230>uninakute</c><157></c>,so
154.104,154.271,64,0,<157></c><1>kokuhakunankadeki</c><230>souninakute</c><157></c>,ki
153.904,154.104,64,0,<157></c><1>kokuhakunankade</c><230>kisouninakute</c><157></c>,de
153.504,153.904,64,0,<157></c><1>kokuhakunanka</c><230>dekisouninakute</c><157></c>,ka
153.337,153.504,64,0,<157></c><1>kokuhakunan</c><230>kadekisouninakute</c><157></c>,n
153.17,153.337,64,0,<157></c><1>kokuhakuna</c><230>nkadekisouninakute</c><157></c>,na
153.003,153.17,64,0,<157></c><1>kokuhaku</c><230>nankadekisouninakute</c><157></c>,ku
152.803,153.003,64,0,<157></c><1>kokuha</c><230>kunankadekisouninakute</c><157></c>,ha
152.603,152.803,64,0,<157></c><1>koku</c><230>hakunankadekisouninakute</c><157></c>,ku
152.436,152.603,64,0,<157></c><1>ko</c><230>kuhakunankadekisouninakute</c><157></c>,ko
67.684,68.786,-1,0,<157></c><220>kousuiotsukete</c><157></c>,te
67.317,67.684,-1,0,<157></c><220>kousuiotsuke</c><230>te</c><157></c>,ke
67.151,67.317,-1,0,<157></c><220>kousuiotsu</c><230>kete</c><157></c>,tsu
66.95,67.151,-1,0,<157></c><220>kousuio</c><230>tsukete</c><157></c>,o
66.417,66.95,-1,0,<157></c><220>kousui</c><230>otsukete</c><157></c>,i
66.25,66.417,-1,0,<157></c><220>kousu</c><230>iotsukete</c><157></c>,su
66.05,66.25,-1,0,<157></c><220>kou</c><230>suiotsukete</c><157></c>,u
65.849,66.05,-1,0,<157></c><220>ko</c><230>usuiotsukete</c><157></c>,ko
113.897,114.398,66,0,<157></c><1>kyoukosookiru!tteiukuseni</c><157></c>,ni
113.73,113.897,66,0,<157></c><1>kyoukosookiru!tteiukuse</c><230>ni</c><157></c>,se
113.53,113.73,66,0,<157></c><1>kyoukosookiru!tteiuku</c><230>seni</c><157></c>,ku
113.33,113.53,66,0,<157></c><1>kyoukosookiru!tteiu</c><230>kuseni</c><157></c>,u
113.163,113.33,66,0,<157></c><1>kyoukosookiru!ttei</c><230>ukuseni</c><157></c>,i
112.963,113.163,66,0,<157></c><1>kyoukosookiru!tte</c><230>iukuseni</c><157></c>,tte
112.629,112.963,66,0,<157></c><1>kyoukosookiru!</c><230>tteiukuseni</c><157></c>,ru!
112.429,112.629,66,0,<157></c><1>kyoukosooki</c><230>ru!tteiukuseni</c><157></c>,ki
112.262,112.429,66,0,<157></c><1>kyoukosoo</c><230>kiru!tteiukuseni</c><157></c>,o
112.096,112.262,66,0,<157></c><1>kyoukoso</c><230>okiru!tteiukuseni</c><157></c>,so
111.895,112.096,66,0,<157></c><1>kyouko</c><230>sookiru!tteiukuseni</c><157></c>,ko
111.728,111.895,66,0,<157></c><1>kyou</c><230>kosookiru!tteiukuseni</c><157></c>,u
111.528,111.728,66,0,<157></c><1>kyo</c><230>ukosookiru!tteiukuseni</c><157></c>,kyo
261.445,262.045,-1,0,<157></c><220>k</c><213>y</c><199>o</c><188>u</c><176></c><165>m</c><152>o</c><142></c><133>s</c><120>h</c><110>i</c><100>m</c><87>y</c><78>u</c><68>r</c><56>e</c><45>e</c><33>s</c><22>h</c><8>o</c><1>n</c><157></c>,kyoumoshimyureeshon
261.445,262.045,-1,0,<157></c><220>k</c><213>y</c><199>o</c><188>u</c><176></c><165>m</c><152>o</c><142></c><133>s</c><120>h</c>i<100>m</c><87>y</c><78>u</c><68>r</c><56>e</c><45>e</c><33>s</c><22>h</c><8>o</c><1>n</c><157></c>,n
261.144,261.445,-1,0,<157></c><220>k</c><213>y</c><199>o</c><188>u</c><176></c><165>m</c><152>o</c><142></c><133>s</c><120>h</c><110>i</c><100>m</c><87>y</c><78>u</c><68>r</c><56>e</c><45>e</c><33>s</c><22>h</c><8>o</c><230>n</c><157></c>,n
261.144,261.445,-1,0,<157></c><220>k</c><213>y</c><199>o</c><188>u</c><176></c><165>m</c><152>o</c><142></c><133>s</c><120>h</c>i<100>m</c><87>y</c><78>u</c><68>r</c><56>e</c><45>e</c><33>s</c><22>h</c><8>o</c><230>n</c><157></c>,sho
260.944,261.144,-1,0,<157></c><220>k</c><213>y</c><199>o</c><188>u</c><176></c><165>m</c><152>o</c><142></c><133>s</c><120>h</c><110>i</c><100>m</c><87>y</c><78>u</c><68>r</c><56>e</c><45>e</c><230>shon</c><157></c>,shon
260.944,261.144,-1,0,<157></c><220>k</c><213>y</c><199>o</c><188>u</c><176></c><165>m</c><152>o</c><142></c><133>s</c><120>h</c>i<100>m</c><87>y</c><78>u</c><68>r</c><56>e</c><45>e</c><230>shon</c><157></c>,e
260.777,260.944,-1,0,<157></c><220>k</c><213>y</c><199>o</c><188>u</c><176></c><165>m</c><152>o</c><142></c><133>s</c><120>h</c><110>i</c><100>m</c><87>y</c><78>u</c><68>r</c><56>e</c><230>eshon</c><157></c>,eshon
260.777,260.944,-1,0,<157></c><220>k</c><213>y</c><199>o</c><188>u</c><176></c><165>m</c><152>o</c><142></c><133>s</c><120>h</c>i<100>m</c><87>y</c><78>u</c><68>r</c><56>e</c><230>eshon</c><157></c>,re
260.41,260.777,-1,0,<157></c><220>k</c><213>y</c><199>o</c><188>u</c><176></c><165>m</c><152>o</c><142></c><133>s</c><120>h</c><110>i</c><100>m</c><87>y</c><78>u</c><230>reeshon</c><157></c>,reeshon
260.41,260.777,-1,0,<157></c><220>k</c><213>y</c><199>o</c><188>u</c><176></c><165>m</c><152>o</c><142></c><133>s</c><120>h</c>i<100>m</c><87>y</c><78>u</c><230>reeshon</c><157></c>,myu
259.843,260.41,-1,0,<157></c><220>k</c><213>y</c><199>o</c><188>u</c><176></c><165>m</c><152>o</c><142></c><133>s</c><120>h</c><110>i</c><230>myureeshon</c><157></c>,i
259.843,260.41,-1,0,<157></c><220>k</c><213>y</c><199>o</c><188>u</c><176></c><165>m</c><152>o</c><142></c><133>s</c><120>h</c>i<230>myureeshon</c><157></c>,sh
259.676,259.843,-1,0,<157></c><220>k</c><213>y</c><199>o</c><188>u</c><176></c><165>m</c><152>o</c><142></c><230>shimyureeshon</c><157></c>,mo
259.476,259.676,-1,0,<157></c><220>k</c><213>y</c><199>o</c><188>u</c><176></c><230>moshimyureeshon</c><157></c>,u
259.309,259.476,-1,0,<157></c><220>k</c><213>y</c><199>o</c><230>umoshimyureeshon</c><157></c>,kyo
38.255,38.956,-1,0,<157></c><220>linedatteshiteitaishi</c><157></c>,shi
38.055,38.255,-1,0,<157></c><220>linedatteshiteitai</c><230>shi</c><157></c>,i
37.855,38.055,-1,0,<157></c><220>linedatteshiteita</c><230>ishi</c><157></c>,ta
37.688,37.855,-1,0,<157></c><220>linedatteshitei</c><230>taishi</c><157></c>,i
37.521,37.688,-1,0,<157></c><220>linedatteshite</c><230>itaishi</c><157></c>,te
37.321,37.521,-1,0,<157></c><220>linedatteshi</c><230>teitaishi</c><157></c>,shi
36.954,37.321,-1,0,<157></c><220>linedatte</c><230>shiteitaishi</c><157></c>,te
36.787,36.954,-1,0,<157></c><220>linedat</c><230>teshiteitaishi</c><157></c>,t
36.62,36.787,-1,0,<157></c><220>lineda</c><230>tteshiteitaishi</c><157></c>,da
36.053,36.62,-1,0,<157></c><220>line</c><230>datteshiteitaishi</c><157></c>,line
185.536,187.337,-1,0,<157></c><1>mataashita</c><157></c>,ta
185.269,185.536,-1,0,<157></c><1>mataashi</c><230>ta</c><157></c>,shi
184.968,185.269,-1,0,<157></c><1>mataa</c><230>shita</c><157></c>,a
184.801,184.968,-1,0,<157></c><1>mata</c><230>ashita</c><157></c>,ta
184.434,184.801,-1,0,<157></c><1>ma</c><230>taashita</c><157></c>,ma
86.603,88.439,-1,0,<157></c><220>mataashita</c><157></c>,ta
86.403,86.603,-1,0,<157></c><220>mataashi</c><230>ta</c><157></c>,shi
86.07,86.403,-1,0,<157></c><220>mataa</c><230>shita</c><157></c>,a
85.869,86.07,-1,0,<157></c><220>mata</c><230>ashita</c><157></c>,ta
85.536,85.869,-1,0,<157></c><220>ma</c><230>taashita</c><157></c>,ma
46.964,47.698,-1,0,<157></c><220>matanettehitorigoto</c><157></c>,to
46.764,46.964,-1,0,<157></c><220>matanettehitorigo</c><230>to</c><157></c>,go
46.597,46.764,-1,0,<157></c><220>matanettehitori</c><230>goto</c><157></c>,ri
46.397,46.597,-1,0,<157></c><220>matanettehito</c><230>rigoto</c><157></c>,to
46.23,46.397,-1,0,<157></c><220>matanettehi</c><230>torigoto</c><157></c>,hi
45.863,46.23,-1,0,<157></c><220>matanette</c><230>hitorigoto</c><157></c>,tte
45.295,45.863,-1,0,<157></c><220>matane</c><230>ttehitorigoto</c><157></c>,ne
45.129,45.295,-1,0,<157></c><220>mata</c><230>nettehitorigoto</c><157></c>,ta
44.962,45.129,-1,0,<157></c><220>ma</c><230>tanettehitorigoto</c><157></c>,ma
20.804,20.971,63,0,<157></c><220>minnanomaedewakuurunanoni</c><157></c>,ni
20.604,20.804,63,0,<157></c><220>minnanomaedewakuurunano</c><230>ni</c><157></c>,no
20.437,20.604,63,0,<157></c><220>minnanomaedewakuuruna</c><230>noni</c><157></c>,na
20.237,20.437,63,0,<157></c><220>minnanomaedewakuuru</c><230>nanoni</c><157></c>,ru
20.104,20.237,63,0,<157></c><220>minnanomaedewakuu</c><230>runanoni</c><157></c>,u
19.87,20.104,63,0,<157></c><220>minnanomaedewaku</c><230>urunanoni</c><157></c>,ku
19.57,19.87,63,0,<157></c><220>minnanomaedewa</c><230>kuurunanoni</c><157></c>,wa
19.336,19.57,63,0,<157></c><220>minnanomaede</c><230>wakuurunanoni</c><157></c>,de
19.136,19.336,63,0,<157></c><220>minnanomae</c><230>dewakuurunanoni</c><157></c>,e
18.969,19.136,63,0,<157></c><220>minnanoma</c><230>edewakuurunanoni</c><157></c>,ma
18.769,18.969,63,0,<157></c><220>minnano</c><230>maedewakuurunanoni</c><157></c>,no
18.569,18.769,63,0,<157></c><220>minna</c><230>nomaedewakuurunanoni</c><157></c>,na
18.402,18.569,63,0,<157></c><220>min</c><230>nanomaedewakuurunanoni</c><157></c>,n
18.235,18.402,63,0,<157></c><220>mi</c><230>nnanomaedewakuurunanoni</c><157></c>,mi
119.703,120.237,66,0,<157></c><1>minnanomaedewaotenbananoni</c><157></c>,ni
119.536,119.703,66,0,<157></c><1>minnanomaedewaotenbanano</c><230>ni</c><157></c>,no
119.369,119.536,66,0,<157></c><1>minnanomaedewaotenbana</c><230>noni</c><157></c>,na
119.169,119.369,66,0,<157></c><1>minnanomaedewaotenba</c><230>nanoni</c><157></c>,ba
119.002,119.169,66,0,<157></c><1>minnanomaedewaoten</c><230>bananoni</c><157></c>,n
118.769,119.002,66,0,<157></c><1>minnanomaedewaote</c><230>nbananoni</c><157></c>,te
118.602,118.769,66,0,<157></c><1>minnanomaedewao</c><230>tenbananoni</c><157></c>,o
118.435,118.602,66,0,<157></c><1>minnanomaedewa</c><230>otenbananoni</c><157></c>,wa
118.268,118.435,66,0,<157></c><1>minnanomaede</c><230>waotenbananoni</c><157></c>,de
118.102,118.268,66,0,<157></c><1>minnanomae</c><230>dewaotenbananoni</c><157></c>,e
117.901,118.102,66,0,<157></c><1>minnanoma</c><230>edewaotenbananoni</c><157></c>,ma
117.701,117.901,66,0,<157></c><1>minnano</c><230>maedewaotenbananoni</c><157></c>,no
117.534,117.701,66,0,<157></c><1>minna</c><230>nomaedewaotenbananoni</c><157></c>,na
117.334,117.534,66,0,<157></c><1>min</c><230>nanomaedewaotenbananoni</c><157></c>,n
117.167,117.334,66,0,<157></c><1>mi</c><230>nnanomaedewaotenbananoni</c><157></c>,mi
53.337,53.537,64,0,<157></c><220>neochidenwamoshitemitaikedo</c><157></c>,do
53.17,53.337,64,0,<157></c><220>neochidenwamoshitemitaike</c><230>do</c><157></c>,ke
52.97,53.17,64,0,<157></c><220>neochidenwamoshitemitai</c><230>kedo</c><157></c>,i
52.803,52.97,64,0,<157></c><220>neochidenwamoshitemita</c><230>ikedo</c><157></c>,ta
52.436,52.803,64,0,<157></c><220>neochidenwamoshitemi</c><230>taikedo</c><157></c>,mi
52.236,52.436,64,0,<157></c><220>neochidenwamoshite</c><230>mitaikedo</c><157></c>,te
52.069,52.236,64,0,<157></c><220>neochidenwamoshi</c><230>temitaikedo</c><157></c>,shi
51.869,52.069,64,0,<157></c><220>neochidenwamo</c><230>shitemitaikedo</c><157></c>,mo
51.702,51.869,64,0,<157></c><220>neochidenwa</c><230>moshitemitaikedo</c><157></c>,wa
51.435,51.702,64,0,<157></c><220>neochiden</c><230>wamoshitemitaikedo</c><157></c>,n
51.168,51.435,64,0,<157></c><220>neochide</c><230>nwamoshitemitaikedo</c><157></c>,de
50.734,51.168,64,0,<157></c><220>neochi</c><230>denwamoshitemitaikedo</c><157></c>,chi
50.601,50.734,64,0,<157></c><220>neo</c><230>chidenwamoshitemitaikedo</c><157></c>,o
50.434,50.601,64,0,<157></c><220>ne</c><230>ochidenwamoshitemitaikedo</c><157></c>,ne
152.236,152.436,78,0,<157></c><1>orenokanojojimanmoshitemitaikedo</c><157></c>,do
152.102,152.236,78,0,<157></c><1>orenokanojojimanmoshitemitaike</c><230>do</c><157></c>,ke
151.902,152.102,78,0,<157></c><1>orenokanojojimanmoshitemitai</c><230>kedo</c><157></c>,i
151.702,151.902,78,0,<157></c><1>orenokanojojimanmoshitemita</c><230>ikedo</c><157></c>,ta
151.335,151.702,78,0,<157></c><1>orenokanojojimanmoshitemi</c><230>taikedo</c><157></c>,mi
151.135,151.335,78,0,<157></c><1>orenokanojojimanmoshite</c><230>mitaikedo</c><157></c>,te
151.001,151.135,78,0,<157></c><1>orenokanojojimanmoshi</c><230>temitaikedo</c><157></c>,shi
150.601,151.001,78,0,<157></c><1>orenokanojojimanmo</c><230>shitemitaikedo</c><157></c>,mo
150.434,150.601,78,0,<157></c><1>orenokanojojiman</c><230>moshitemitaikedo</c><157></c>,n
150.267,150.434,78,0,<157></c><1>orenokanojojima</c><230>nmoshitemitaikedo</c><157></c>,ma
150.067,150.267,78,0,<157></c><1>orenokanojoji</c><230>manmoshitemitaikedo</c><157></c>,ji
149.9,150.067,78,0,<157></c><1>orenokanojo</c><230>jimanmoshitemitaikedo</c><157></c>,jo
149.7,149.9,78,0,<157></c><1>orenokano</c><230>jojimanmoshitemitaikedo</c><157></c>,no
149.533,149.7,78,0,<157></c><1>orenoka</c><230>nojojimanmoshitemitaikedo</c><157></c>,ka
149.333,149.533,78,0,<157></c><1>oreno</c><230>kanojojimanmoshitemitaikedo</c><157></c>,no
149.166,149.333,78,0,<157></c><1>ore</c><230>nokanojojimanmoshitemitaikedo</c><157></c>,re
148.966,149.166,78,0,<157></c><1>o</c><230>renokanojojimanmoshitemitaikedo</c><157></c>,o
56.073,56.44,61,0,<157></c><220>sonnayuukiwachittomonakute</c><157></c>,te
55.873,56.073,61,0,<157></c><220>sonnayuukiwachittomonaku</c><230>te</c><157></c>,ku
55.739,55.873,61,0,<157></c><220>sonnayuukiwachittomona</c><230>kute</c><157></c>,na
55.539,55.739,61,0,<157></c><220>sonnayuukiwachittomo</c><230>nakute</c><157></c>,mo
55.339,55.539,61,0,<157></c><220>sonnayuukiwachitto</c><230>monakute</c><157></c>,to
55.205,55.339,61,0,<157></c><220>sonnayuukiwachit</c><230>tomonakute</c><157></c>,t
55.005,55.205,61,0,<157></c><220>sonnayuukiwachi</c><230>ttomonakute</c><157></c>,chi
54.772,55.005,61,0,<157></c><220>sonnayuukiwa</c><230>chittomonakute</c><157></c>,wa
54.605,54.772,61,0,<157></c><220>sonnayuuki</c><230>wachittomonakute</c><157></c>,ki
54.438,54.605,61,0,<157></c><220>sonnayuu</c><230>kiwachittomonakute</c><157></c>,u
54.271,54.438,61,0,<157></c><220>sonnayu</c><230>ukiwachittomonakute</c><157></c>,yu
53.904,54.271,61,0,<157></c><220>sonna</c><230>yuukiwachittomonakute</c><157></c>,na
53.704,53.904,61,0,<157></c><220>son</c><230>nayuukiwachittomonakute</c><157></c>,n
53.537,53.704,61,0,<157></c><220>so</c><230>nnayuukiwachittomonakute</c><157></c>,so
6.056,6.79,56,0,<157></c><220>sukidakarakakkoiindayo</c><157></c>,yo
5.889,6.056,56,0,<157></c><220>sukidakarakakkoiinda</c><230>yo</c><157></c>,da
5.689,5.889,56,0,<157></c><220>sukidakarakakkoiin</c><230>dayo</c><157></c>,n
5.489,5.689,56,0,<157></c><220>sukidakarakakkoii</c><230>ndayo</c><157></c>,i
5.322,5.489,56,0,<157></c><220>sukidakarakakkoi</c><230>indayo</c><157></c>,i
5.122,5.322,56,0,<157></c><220>sukidakarakakko</c><230>iindayo</c><157></c>,ko
4.955,5.122,56,0,<157></c><220>sukidakarakak</c><230>koiindayo</c><157></c>,k
4.755,4.955,56,0,<157></c><220>sukidakaraka</c><230>kkoiindayo</c><157></c>,ka
4.588,4.755,56,0,<157></c><220>sukidakara</c><230>kakkoiindayo</c><157></c>,ra
4.421,4.588,56,0,<157></c><220>sukidaka</c><230>rakakkoiindayo</c><157></c>,ka
4.221,4.421,56,0,<157></c><220>sukida</c><230>karakakkoiindayo</c><157></c>,da
4.021,4.221,56,0,<157></c><220>suki</c><230>dakarakakkoiindayo</c><157></c>,ki
3.854,4.021,56,0,<157></c><220>su</c><230>kidakarakakkoiindayo</c><157></c>,su
105.022,105.689,-1,0,<157></c><1>sukidakarakawaiindayo</c><157></c>,yo
104.788,105.022,-1,0,<157></c><1>sukidakarakawaiinda</c><230>yo</c><157></c>,da
104.621,104.788,-1,0,<157></c><1>sukidakarakawaiin</c><230>dayo</c><157></c>,n
104.488,104.621,-1,0,<157></c><1>sukidakarakawaii</c><230>ndayo</c><157></c>,i
104.354,104.488,-1,0,<157></c><1>sukidakarakawai</c><230>indayo</c><157></c>,i
103.921,104.354,-1,0,<157></c><1>sukidakarakawa</c><230>iindayo</c><157></c>,wa
103.72,103.921,-1,0,<157></c><1>sukidakaraka</c><230>waiindayo</c><157></c>,ka
103.52,103.72,-1,0,<157></c><1>sukidakara</c><230>kawaiindayo</c><157></c>,ra
103.353,103.52,-1,0,<157></c><1>sukidaka</c><230>rakawaiindayo</c><157></c>,ka
103.153,103.353,-1,0,<157></c><1>sukida</c><230>karakawaiindayo</c><157></c>,da
102.986,103.153,-1,0,<157></c><1>suki</c><230>dakarakawaiindayo</c><157></c>,ki
102.786,102.986,-1,0,<157></c><1>su</c><230>kidakarakawaiindayo</c><157></c>,su
166.55,167.317,-1,0,<157></c><1>wakkusuotsukete</c><157></c>,te
166.216,166.55,-1,0,<157></c><1>wakkusuotsuke</c><230>te</c><157></c>,ke
166.016,166.216,-1,0,<157></c><1>wakkusuotsu</c><230>kete</c><157></c>,tsu
165.849,166.016,-1,0,<157></c><1>wakkusuo</c><230>tsukete</c><157></c>,o
165.315,165.849,-1,0,<157></c><1>wakkusu</c><230>otsukete</c><157></c>,su
165.149,165.315,-1,0,<157></c><1>wakku</c><230>suotsukete</c><157></c>,ku
164.948,165.149,-1,0,<157></c><1>wak</c><230>kusuotsukete</c><157></c>,k
164.781,164.948,-1,0,<157></c><1>wa</c><230>kkusuotsukete</c><157></c>,wa
34.385,36.053,70,0,<157></c><220>watashidakenohiirooninatteyo</c><157></c>,yo
33.851,34.385,70,0,<157></c><220>watashidakenohiirooninatte</c><230>yo</c><157></c>,te
33.484,33.851,70,0,<157></c><220>watashidakenohiirooninat</c><230>teyo</c><157></c>,t
33.15,33.484,70,0,<157></c><220>watashidakenohiiroonina</c><230>tteyo</c><157></c>,na
32.082,33.15,70,0,<157></c><220>watashidakenohiirooni</c><230>natteyo</c><157></c>,ni
31.882,32.082,70,0,<157></c><220>watashidakenohiiroo</c><230>ninatteyo</c><157></c>,o
31.682,31.882,70,0,<157></c><220>watashidakenohiiro</c><230>oninatteyo</c><157></c>,ro
31.215,31.682,70,0,<157></c><220>watashidakenohii</c><230>rooninatteyo</c><157></c>,i
30.981,31.215,70,0,<157></c><220>watashidakenohi</c><230>irooninatteyo</c><157></c>,hi
30.247,30.981,70,0,<157></c><220>watashidakeno</c><230>hiirooninatteyo</c><157></c>,no
30.047,30.247,70,0,<157></c><220>watashidake</c><230>nohiirooninatteyo</c><157></c>,ke
29.847,30.047,70,0,<157></c><220>watashida</c><230>kenohiirooninatteyo</c><157></c>,da
29.68,29.847,70,0,<157></c><220>watashi</c><230>dakenohiirooninatteyo</c><157></c>,shi
29.513,29.68,70,0,<157></c><220>wata</c><230>shidakenohiirooninatteyo</c><157></c>,ta
29.279,29.513,70,0,<157></c><220>wa</c><230>tashidakenohiirooninatteyo</c><157></c>,wa
223.34,224.408,58,0,<157></c><220>yametokenanteiwanaideyo</c><157></c>,yo
223.173,223.34,58,0,<157></c><220>yametokenanteiwanaide</c><230>yo</c><157></c>,de
223.006,223.173,58,0,<157></c><220>yametokenanteiwanai</c><230>deyo</c><157></c>,i
222.806,223.006,58,0,<157></c><220>yametokenanteiwana</c><230>ideyo</c><157></c>,na
222.239,222.806,58,0,<157></c><220>yametokenanteiwa</c><230>naideyo</c><157></c>,wa
222.039,222.239,58,0,<157></c><220>yametokenantei</c><230>wanaideyo</c><157></c>,i
221.171,222.039,58,0,<157></c><220>yametokenante</c><230>iwanaideyo</c><157></c>,te
220.904,221.171,58,0,<157></c><220>yametokenan</c><230>teiwanaideyo</c><157></c>,n
220.437,220.904,58,0,<157></c><220>yametokena</c><230>nteiwanaideyo</c><157></c>,na
220.237,220.437,58,0,<157></c><220>yametoke</c><230>nanteiwanaideyo</c><157></c>,ke
219.87,220.237,58,0,<157></c><220>yameto</c><230>kenanteiwanaideyo</c><157></c>,to
219.67,219.87,58,0,<157></c><220>yame</c><230>tokenanteiwanaideyo</c><157></c>,me
219.269,219.67,58,0,<157></c><220>ya</c><230>metokenanteiwanaideyo</c><157></c>,ya
49.9,50.434,58,0,<157></c><220>yasuminohidatteaitaishi</c><157></c>,shi
49.733,49.9,58,0,<157></c><220>yasuminohidatteaitai</c><230>shi</c><157></c>,i
49.533,49.733,58,0,<157></c><220>yasuminohidatteaita</c><230>ishi</c><157></c>,ta
49.333,49.533,58,0,<157></c><220>yasuminohidatteai</c><230>taishi</c><157></c>,i
49.133,49.333,58,0,<157></c><220>yasuminohidattea</c><230>itaishi</c><157></c>,a
48.966,49.133,58,0,<157></c><220>yasuminohidatte</c><230>aitaishi</c><157></c>,te
48.799,48.966,58,0,<157></c><220>yasuminohidat</c><230>teaitaishi</c><157></c>,t
48.632,48.799,58,0,<157></c><220>yasuminohida</c><230>tteaitaishi</c><157></c>,da
48.432,48.632,58,0,<157></c><220>yasuminohi</c><230>datteaitaishi</c><157></c>,hi
48.265,48.432,58,0,<157></c><220>yasumino</c><230>hidatteaitaishi</c><157></c>,no
48.065,48.265,58,0,<157></c><220>yasumi</c><230>nohidatteaitaishi</c><157></c>,mi
47.865,48.065,58,0,<157></c><220>yasu</c><230>minohidatteaitaishi</c><157></c>,su
47.698,47.865,58,0,<157></c><220>ya</c><230>suminohidatteaitaishi</c><157></c>,ya
267.351,278.962,-1,0,<157></c><220>y</c><211>u</c><197>i</c><182>k</c><171>a</c><158></c><146>-</c><135></c><122>s</c><110>u</c><98>k</c><85>i</c><74></c><62>d</c><49>a</c><39>k</c><24>a</c><10>r</c><1>a.</c><157></c>,yuika-sukidakara.
267.351,278.962,-1,0,<157></c><220>y</c><211>u</c><197>i</c><182>k</c><171>a</c><158></c><146>-</c><135></c><122>s</c>u<98>k</c><85>i</c><74></c><62>d</c><49>a</c><39>k</c><24>a</c><10>r</c><1>a.</c><157></c>,yuika-sukidakara.
243.66,244.061,64,0,<157></c><220>z</c><217>u</c><207>t</c><200>t</c><192>o</c><184></c><177>t</c><170>o</c><164>n</c><154>a</c><147>r</c><141>i</c><135></c><127>n</c><121>i</c><112></c><108>i</c><99>t</c><92>e</c><85></c><79>k</c><73>u</c><65>r</c><57>e</c><51>m</c><44>a</c><36>s</c><28>e</c><20>n</c><13></c><3>k</c><1>a</c><157></c>,zuttotonariniitekuremasenka
243.66,244.061,64,0,<157></c><220>z</c><217>u</c><207>t</c><200>t</c><192>o</c><184></c><177>t</c><170>o</c><164>n</c><154>a</c><147>r</c><141>i</c><135></c><127>n</c><121>i</c><238></c><228>i</c><99>t</c><92>e</c><85></c><79>k</c><73>u</c><65>r</c><57>e</c><51>m</c><44>a</c><36>s</c><28>e</c><20>n</c><13></c><3>k</c><1>a</c><157></c>,ka
243.327,243.66,64,0,<157></c><220>z</c><217>u</c><207>t</c><200>t</c><192>o</c><184></c><177>t</c><170>o</c><164>n</c><154>a</c><147>r</c><141>i</c><135></c><127>n</c><121>i</c><112></c><108>i</c><99>t</c><92>e</c><85></c><79>k</c><73>u</c><65>r</c><57>e</c><51>m</c><44>a</c><36>s</c><28>e</c><20>n</c><13></c><230>ka</c><157></c>,ka
243.327,243.66,64,0,<157></c><220>z</c><217>u</c><207>t</c><200>t</c><192>o</c><184></c><177>t</c><170>o</c><164>n</c><154>a</c><147>r</c><141>i</c><135></c><127>n</c><121>i</c><238></c><228>i</c><99>t</c><92>e</c><85></c><79>k</c><73>u</c><65>r</c><57>e</c><51>m</c><44>a</c><36>s</c><28>e</c><20>n</c><13></c><230>ka</c><157></c>,n
242.96,243.327,64,0,<157></c><220>z</c><217>u</c><207>t</c><200>t</c><192>o</c><184></c><177>t</c><170>o</c><164>n</c><154>a</c><147>r</c><141>i</c><135></c><127>n</c><121>i</c><112></c><108>i</c><99>t</c><92>e</c><85></c><79>k</c><73>u</c><65>r</c><57>e</c><51>m</c><44>a</c><36>s</c><28>e</c><230>nka</c><157></c>,nka
242.96,243.327,64,0,<157></c><220>z</c><217>u</c><207>t</c><200>t</c><192>o</c><184></c><177>t</c><170>o</c><164>n</c><154>a</c><147>r</c><141>i</c><135></c><127>n</c><121>i</c><238></c><228>i</c><99>t</c><92>e</c><85></c><79>k</c><73>u</c><65>r</c><57>e</c><51>m</c><44>a</c><36>s</c><28>e</c><230>nka</c><157></c>,se
242.426,242.96,64,0,<157></c><220>z</c><217>u</c><207>t</c><200>t</c><192>o</c><184></c><177>t</c><170>o</c><164>n</c><154>a</c><147>r</c><141>i</c><135></c><127>n</c><121>i</c><112></c><108>i</c><99>t</c><92>e</c><85></c><79>k</c><73>u</c><65>r</c><57>e</c><51>m</c><44>a</c><230>senka</c><157></c>,senka
242.426,242.96,64,0,<157></c><220>z</c><217>u</c><207>t</c><200>t</c><192>o</c><184></c><177>t</c><170>o</c><164>n</c><154>a</c><147>r</c><141>i</c><135></c><127>n</c><121>i</c><238></c><228>i</c><99>t</c><92>e</c><85></c><79>k</c><73>u</c><65>r</c><57>e</c><51>m</c><44>a</c><230>senka</c><157></c>,ma
242.059,242.426,64,0,<157></c><220>z</c><217>u</c><207>t</c><200>t</c><192>o</c><184></c><177>t</c><170>o</c><164>n</c><154>a</c><147>r</c><141>i</c><135></c><127>n</c><121>i</c><112></c><108>i</c><99>t</c><92>e</c><85></c><79>k</c><73>u</c><65>r</c><57>e</c><230>masenka</c><157></c>,masenka
242.059,242.426,64,0,<157></c><220>z</c><217>u</c><207>t</c><200>t</c><192>o</c><184></c><177>t</c><170>o</c><164>n</c><154>a</c><147>r</c><141>i</c><135></c><127>n</c><121>i</c><238></c><228>i</c><99>t</c><92>e</c><85></c><79>k</c><73>u</c><65>r</c><57>e</c><230>masenka</c><157></c>,re
241.658,242.059,64,0,<157></c><220>z</c><217>u</c><207>t</c><200>t</c><192>o</c><184></c><177>t</c><170>o</c><164>n</c><154>a</c><147>r</c><141>i</c><135></c><127>n</c><121>i</c><112></c><108>i</c><99>t</c><92>e</c><85></c><79>k</c><73>u</c><230>remasenka</c><157></c>,remasenka
241.658,242.059,64,0,<157></c><220>z</c><217>u</c><207>t</c><200>t</c><192>o</c><184></c><177>t</c><170>o</c><164>n</c><154>a</c><147>r</c><141>i</c><135></c><127>n</c><121>i</c><238></c><228>i</c><99>t</c><92>e</c><85></c><79>k</c><73>u</c><230>remasenka</c><157></c>,ku
241.491,241.658,64,0,<157></c><220>z</c><217>u</c><207>t</c><200>t</c><192>o</c><184></c><177>t</c><170>o</c><164>n</c><154>a</c><147>r</c><141>i</c><135></c><127>n</c><121>i</c><112></c><108>i</c><99>t</c><92>e</c><85></c><230>kuremasenka</c><157></c>,kuremasenka
241.491,241.658,64,0,<157></c><220>z</c><217>u</c><207>t</c><200>t</c><192>o</c><184></c><177>t</c><170>o</c><164>n</c><154>a</c><147>r</c><141>i</c><135></c><127>n</c><121>i</c><238></c><228>i</c><99>t</c><92>e</c><85></c><230>kuremasenka</c><157></c>,te
241.124,241.491,64,0,<157></c><220>z</c><217>u</c><207>t</c><200>t</c><192>o</c><184></c><177>t</c><170>o</c><164>n</c><154>a</c><147>r</c><141>i</c><135></c><127>n</c><121>i</c><112></c><108>i</c><230>tekuremasenka</c><157></c>,tekuremasenka
241.124,241.491,64,0,<157></c><220>z</c><217>u</c><207>t</c><200>t</c><192>o</c><184></c><177>t</c><170>o</c><164>n</c><154>a</c><147>r</c><141>i</c><135></c><127>n</c><121>i</c><238></c><228>i</c><230>tekuremasenka</c><157></c>,i
240.757,241.124,64,0,<157></c><220>z</c><217>u</c><207>t</c><200>t</c><192>o</c><184></c><177>t</c><170>o</c><164>n</c><154>a</c><147>r</c><141>i</c><135></c><127>n</c><121>i</c><112></c><230>itekuremasenka</c><157></c>,itekuremasenka
240.757,241.124,64,0,<157></c><220>z</c><217>u</c><207>t</c><200>t</c><192>o</c><184></c><177>t</c><170>o</c><164>n</c><154>a</c><147>r</c><141>i</c><135></c><127>n</c><121>i</c><238></c><230>itekuremasenka</c><157></c>,ni
240.424,240.757,64,0,<157></c><220>z</c><217>u</c><207>t</c><200>t</c><192>o</c><184></c><177>t</c><170>o</c><164>n</c><154>a</c><147>r</c><141>i</c><135></c><230>niitekuremasenka</c><157></c>,ri
240.023,240.424,64,0,<157></c><220>z</c><217>u</c><207>t</c><200>t</c><192>o</c><184></c><177>t</c><170>o</c><164>n</c><154>a</c><230>riniitekuremasenka</c><157></c>,na
239.523,240.023,64,0,<157></c><220>z</c><217>u</c><207>t</c><200>t</c><192>o</c><184></c><177>t</c><170>o</c><230>nariniitekuremasenka</c><157></c>,to
239.323,239.523,64,0,<157></c><220>z</c><217>u</c><207>t</c><200>t</c><192>o</c><184></c><230>tonariniitekuremasenka</c><157></c>,to
239.122,239.323,64,0,<157></c><220>z</c><217>u</c><207>t</c><230>totonariniitekuremasenka</c><157></c>,t
238.956,239.122,64,0,<157></c><220>z</c><217>u</c><230>ttotonariniitekuremasenka</c><157></c>,zu
229.346,229.813,-1,0,<157></c><1>z</c><9>u</c><20>t</c><32>t</c><42>o</c><53></c><63>z</c><74>u</c><84>t</c><95>t</c><107>o</c><113></c><125>m</c><136>i</c><146>t</c><156>e</c><168>i</c><178>t</c><189>e</c><200></c><212>y</c><220>o</c><157></c>,zuttozuttomiteiteyo
229.346,229.813,-1,0,<157></c><1>z</c><9>u</c><20>t</c><32>t</c><42>o</c><53></c><63>z</c><74>u</c><84>t</c><95>t</c><227>o</c><237></c><125>m</c><136>i</c><146>t</c><156>e</c><168>i</c><178>t</c><189>e</c><200></c><212>y</c><220>o</c><157></c>,yo
229.146,229.346,-1,0,<157></c><1>z</c><9>u</c><20>t</c><32>t</c><42>o</c><53></c><63>z</c><74>u</c><84>t</c><95>t</c><107>o</c><113></c><125>m</c><136>i</c><146>t</c><156>e</c><168>i</c><178>t</c><189>e</c><200></c><230>yo</c><157></c>,yo
229.146,229.346,-1,0,<157></c><1>z</c><9>u</c><20>t</c><32>t</c><42>o</c><53></c><63>z</c><74>u</c><84>t</c><95>t</c><227>o</c><237></c><125>m</c><136>i</c><146>t</c><156>e</c><168>i</c><178>t</c><189>e</c><200></c><230>yo</c><157></c>,te
228.946,229.146,-1,0,<157></c><1>z</c><9>u</c><20>t</c><32>t</c><42>o</c><53></c><63>z</c><74>u</c><84>t</c><95>t</c><107>o</c><113></c><125>m</c><136>i</c><146>t</c><156>e</c><168>i</c><230>teyo</c><157></c>,teyo
228.946,229.146,-1,0,<157></c><1>z</c><9>u</c><20>t</c><32>t</c><42>o</c><53></c><63>z</c><74>u</c><84>t</c><95>t</c><227>o</c><237></c><125>m</c><136>i</c><146>t</c><156>e</c><168>i</c><230>teyo</c><157></c>,i
228.779,228.946,-1,0,<157></c><1>z</c><9>u</c><20>t</c><32>t</c><42>o</c><53></c><63>z</c><74>u</c><84>t</c><95>t</c><107>o</c><113></c><125>m</c><136>i</c><146>t</c><156>e</c><230>iteyo</c><157></c>,iteyo
228.779,228.946,-1,0,<157></c><1>z</c><9>u</c><20>t</c><32>t</c><42>o</c><53></c><63>z</c><74>u</c><84>t</c><95>t</c><227>o</c><237></c><125>m</c><136>i</c><146>t</c><156>e</c><230>iteyo</c><157></c>,te
228.579,228.779,-1,0,<157></c><1>z</c><9>u</c><20>t</c><32>t</c><42>o</c><53></c><63>z</c><74>u</c><84>t</c><95>t</c><107>o</c><113></c><125>m</c><136>i</c><230>teiteyo</c><157></c>,teiteyo
228.579,228.779,-1,0,<157></c><1>z</c><9>u</c><20>t</c><32>t</c><42>o</c><53></c><63>z</c><74>u</c><84>t</c><95>t</c><227>o</c><237></c><125>m</c><136>i</c><230>teiteyo</c><157></c>,mi
228.412,228.579,-1,0,<157></c><1>z</c><9>u</c><20>t</c><32>t</c><42>o</c><53></c><63>z</c><74>u</c><84>t</c><95>t</c><107>o</c><113></c><230>miteiteyo</c><157></c>,miteiteyo
228.412,228.579,-1,0,<157></c><1>z</c><9>u</c><20>t</c><32>t</c><42>o</c><53></c><63>z</c><74>u</c><84>t</c><95>t</c><227>o</c><237></c><230>miteiteyo</c><157></c>,to
228.245,228.412,-1,0,<157></c><1>z</c><9>u</c><20>t</c><32>t</c><42>o</c><53></c><63>z</c><74>u</c><84>t</c><230>tomiteiteyo</c><157></c>,t
228.078,228.245,-1,0,<157></c><1>z</c><9>u</c><20>t</c><32>t</c><42>o</c><53></c><63>z</c><74>u</c><230>ttomiteiteyo</c><157></c>,zu
227.711,228.078,-1,0,<157></c><1>z</c><9>u</c><20>t</c><32>t</c><42>o</c><53></c><230>zuttomiteiteyo</c><157></c>,to
227.511,227.711,-1,0,<157></c><1>z</c><9>u</c><20>t</c><230>tozuttomiteiteyo</c><157></c>,t
227.311,227.511,-1,0,<157></c><1>z</c><9>u</c><230>ttozuttomiteiteyo</c><157></c>,zu
