start,end,position,line,text,token
113.964,114.898,-1,7,<1></c><3>(cannotbelieve)</c><1></c>,lieve)
113.797,113.964,-1,7,<1></c><3>(cannotbe</c><2>lieve)</c><1></c>,be
113.63,113.797,-1,7,<1></c><3>(cannot</c><2>believe)</c><1></c>,not
113.464,113.63,-1,7,<1></c><3>(can</c><2>notbelieve)</c><1></c>,(can
233.951,234.418,-1,7,<1></c><3>(don\'trescuemetonight)</c><1></c>,night)
233.784,233.951,-1,7,<1></c><3>(don\'trescuemeto</c><2>night)</c><1></c>,to
233.317,233.784,-1,7,<1></c><3>(don\'trescueme</c><2>tonight)</c><1></c>,me
233.15,233.317,-1,7,<1></c><3>(don\'trescue</c><2>metonight)</c><1></c>,cue
232.683,233.15,-1,7,<1></c><3>(don\'tres</c><2>cuemetonight)</c><1></c>,res
232.382,232.683,-1,7,<1></c><3>(don\'t</c><2>rescuemetonight)</c><1></c>,(don\'t
116.5,117.101,-1,7,<1></c><3>(gotattracted)</c><1></c>,ed)
116.3,116.5,-1,7,<1></c><3>(gotattract</c><2>ed)</c><1></c>,tract
115.999,116.3,-1,7,<1></c><3>(gotat</c><2>tracted)</c><1></c>,at
115.699,115.999,-1,7,<1></c><3>(got</c><2>attracted)</c><1></c>,(got
225.742,226.376,-1,7,<1></c><3>(helpme)</c><1></c>,me)
225.142,225.742,-1,7,<1></c><3>(help</c><2>me)</c><1></c>,(help
228.312,228.912,-1,7,<1></c><3>(rescueme)</c><1></c>,me)
228.111,228.312,-1,7,<1></c><3>(rescue</c><2>me)</c><1></c>,cue
227.644,228.111,-1,7,<1></c><3>(res</c><2>cueme)</c><1></c>,(res
230.814,231.448,-1,7,<1></c><3>(saveme)</c><1></c>,me)
230.18,230.814,-1,7,<1></c><3>(save</c><2>me)</c><1></c>,(save
80.164,80.931,-1,0,<1></c><3>aamouhelpme...</c><1></c>,me...
79.83,80.164,-1,0,<1></c><3>aamouhelp</c><2>me...</c><1></c>,help
79.53,79.83,-1,0,<1></c><3>aamou</c><2>helpme...</c><1></c>,mou
78.595,79.53,-1,0,<1></c><3>aa</c><2>mouhelpme...</c><1></c>,aa
130.681,131.515,-1,0,<1></c><3>aamourescueme...</c><1></c>,me...
130.581,130.681,-1,0,<1></c><3>aamourescue</c><2>me...</c><1></c>,cue
130.38,130.581,-1,0,<1></c><3>aamoures</c><2>cueme...</c><1></c>,res
130.047,130.38,-1,0,<1></c><3>aamou</c><2>rescueme...</c><1></c>,mou
129.113,130.047,-1,0,<1></c><3>aa</c><2>mourescueme...</c><1></c>,aa
222.906,223.84,-1,0,<1></c><3>aamousaveme...</c><1></c>,me...
222.606,222.906,-1,0,<1></c><3>aamousave</c><2>me...</c><1></c>,save
222.272,222.606,-1,0,<1></c><3>aamou</c><2>saveme...</c><1></c>,mou
221.338,222.272,-1,0,<1></c><3>aa</c><2>mousaveme...</c><1></c>,aa
58.842,60.11,-1,0,<1></c><3>ahhamatteageyouka</c><1></c>,ka
58.509,58.842,-1,0,<1></c><3>ahhamatteageyou</c><2>ka</c><1></c>,u
58.308,58.509,-1,0,<1></c><3>ahhamatteageyo</c><2>uka</c><1></c>,yo
58.075,58.308,-1,0,<1></c><3>ahhamatteage</c><2>youka</c><1></c>,ge
57.741,58.075,-1,0,<1></c><3>ahhamattea</c><2>geyouka</c><1></c>,a
57.408,57.741,-1,0,<1></c><3>ahhamatte</c><2>ageyouka</c><1></c>,te
57.074,57.408,-1,0,<1></c><3>ahhamat</c><2>teageyouka</c><1></c>,t
56.94,57.074,-1,0,<1></c><3>ahhama</c><2>tteageyouka</c><1></c>,ma
56.74,56.94,-1,0,<1></c><3>ahha</c><2>matteageyouka</c><1></c>,ha
55.839,56.74,-1,0,<1></c><3>ah</c><2>hamatteageyouka</c><1></c>,ah
64.681,65.649,58,0,<1></c><3>ahjizainikontoroorushite</c><1></c>,te
64.548,64.681,58,0,<1></c><3>ahjizainikontoroorushi</c><2>te</c><1></c>,shi
64.381,64.548,58,0,<1></c><3>ahjizainikontorooru</c><2>shite</c><1></c>,ru
63.447,64.381,58,0,<1></c><3>ahjizainikontoroo</c><2>rushite</c><1></c>,o
63.28,63.447,58,0,<1></c><3>ahjizainikontoro</c><2>orushite</c><1></c>,ro
62.98,63.28,58,0,<1></c><3>ahjizainikonto</c><2>roorushite</c><1></c>,to
62.813,62.98,58,0,<1></c><3>ahjizainikon</c><2>toroorushite</c><1></c>,n
62.646,62.813,58,0,<1></c><3>ahjizainiko</c><2>ntoroorushite</c><1></c>,ko
62.479,62.646,58,0,<1></c><3>ahjizaini</c><2>kontoroorushite</c><1></c>,ni
62.179,62.479,58,0,<1></c><3>ahjizai</c><2>nikontoroorushite</c><1></c>,i
62.046,62.179,58,0,<1></c><3>ahjiza</c><2>inikontoroorushite</c><1></c>,za
61.845,62.046,58,0,<1></c><3>ahji</c><2>zainikontoroorushite</c><1></c>,ji
60.911,61.845,58,0,<1></c><3>ah</c><2>jizainikontoroorushite</c><1></c>,ah
54.538,55.839,-1,0,<1></c><3>ahmiesuitaamaiwana</c><1></c>,na
54.271,54.538,-1,0,<1></c><3>ahmiesuitaamaiwa</c><2>na</c><1></c>,wa
54.004,54.271,-1,0,<1></c><3>ahmiesuitaamai</c><2>wana</c><1></c>,i
53.17,54.004,-1,0,<1></c><3>ahmiesuitaama</c><2>iwana</c><1></c>,ma
52.836,53.17,-1,0,<1></c><3>ahmiesuitaa</c><2>maiwana</c><1></c>,a
52.536,52.836,-1,0,<1></c><3>ahmiesuita</c><2>amaiwana</c><1></c>,ta
52.369,52.536,-1,0,<1></c><3>ahmiesui</c><2>taamaiwana</c><1></c>,i
52.036,52.369,-1,0,<1></c><3>ahmiesu</c><2>itaamaiwana</c><1></c>,su
51.902,52.036,-1,0,<1></c><3>ahmie</c><2>suitaamaiwana</c><1></c>,e
51.769,51.902,-1,0,<1></c><3>ahmi</c><2>esuitaamaiwana</c><1></c>,mi
50.801,51.769,-1,0,<1></c><3>ah</c><2>miesuitaamaiwana</c><1></c>,ah
218.168,218.669,-1,0,<1></c><3>amainioisasoware</c><1></c>,re
218.001,218.168,-1,0,<1></c><3>amainioisasowa</c><2>re</c><1></c>,wa
217.534,218.001,-1,0,<1></c><3>amainioisaso</c><2>ware</c><1></c>,so
217.367,217.534,-1,0,<1></c><3>amainioisa</c><2>soware</c><1></c>,sa
217.067,217.367,-1,0,<1></c><3>amainioi</c><2>sasoware</c><1></c>,i
216.9,217.067,-1,0,<1></c><3>amainio</c><2>isasoware</c><1></c>,o
216.767,216.9,-1,0,<1></c><3>amaini</c><2>oisasoware</c><1></c>,ni
216.567,216.767,-1,0,<1></c><3>amai</c><2>nioisasoware</c><1></c>,i
216.266,216.567,-1,0,<1></c><3>ama</c><2>inioisasoware</c><1></c>,ma
216.099,216.266,-1,0,<1></c><3>a</c><2>mainioisasoware</c><1></c>,a
75.459,75.893,-1,0,<1></c><3>amainioisasoware</c><1></c>,re
75.292,75.459,-1,0,<1></c><3>amainioisasowa</c><2>re</c><1></c>,wa
74.725,75.292,-1,0,<1></c><3>amainioisaso</c><2>ware</c><1></c>,so
74.591,74.725,-1,0,<1></c><3>amainioisa</c><2>soware</c><1></c>,sa
74.358,74.591,-1,0,<1></c><3>amainioi</c><2>sasoware</c><1></c>,i
74.191,74.358,-1,0,<1></c><3>amainio</c><2>isasoware</c><1></c>,o
74.024,74.191,-1,0,<1></c><3>amaini</c><2>oisasoware</c><1></c>,ni
73.857,74.024,-1,0,<1></c><3>amai</c><2>nioisasoware</c><1></c>,i
73.557,73.857,-1,0,<1></c><3>ama</c><2>inioisasoware</c><1></c>,ma
73.39,73.557,-1,0,<1></c><3>a</c><2>mainioisasoware</c><1></c>,a
50.467,50.801,63,0,<1></c><3>anatanokokoronihaittetaino</c><1></c>,no
50.3,50.467,63,0,<1></c><3>anatanokokoronihaittetai</c><2>no</c><1></c>,i
50.167,50.3,63,0,<1></c><3>anatanokokoronihaitteta</c><2>ino</c><1></c>,ta
50.0,50.167,63,0,<1></c><3>anatanokokoronihaitte</c><2>taino</c><1></c>,te
49.833,50.0,63,0,<1></c><3>anatanokokoronihait</c><2>tetaino</c><1></c>,it
49.666,49.833,63,0,<1></c><3>anatanokokoroniha</c><2>ittetaino</c><1></c>,ha
49.4,49.666,63,0,<1></c><3>anatanokokoroni</c><2>haittetaino</c><1></c>,ni
49.066,49.4,63,0,<1></c><3>anatanokokoro</c><2>nihaittetaino</c><1></c>,ro
48.766,49.066,63,0,<1></c><3>anatanokoko</c><2>ronihaittetaino</c><1></c>,ko
48.565,48.766,63,0,<1></c><3>anatanoko</c><2>koronihaittetaino</c><1></c>,ko
48.265,48.565,63,0,<1></c><3>anatano</c><2>kokoronihaittetaino</c><1></c>,no
48.132,48.265,63,0,<1></c><3>anata</c><2>nokokoronihaittetaino</c><1></c>,ta
47.931,48.132,63,0,<1></c><3>ana</c><2>tanokokoronihaittetaino</c><1></c>,na
47.798,47.931,63,0,<1></c><3>a</c><2>natanokokoronihaittetaino</c><1></c>,a
136.52,136.687,-1,0,<1></c><3>atashiokomarasete</c><1></c>,te
136.053,136.52,-1,0,<1></c><3>atashiokomarase</c><2>te</c><1></c>,se
135.886,136.053,-1,0,<1></c><3>atashiokomara</c><2>sete</c><1></c>,ra
135.452,135.886,-1,0,<1></c><3>atashiokoma</c><2>rasete</c><1></c>,ma
135.285,135.452,-1,0,<1></c><3>atashioko</c><2>marasete</c><1></c>,ko
134.818,135.285,-1,0,<1></c><3>atashio</c><2>komarasete</c><1></c>,o
134.618,134.818,-1,0,<1></c><3>atashi</c><2>okomarasete</c><1></c>,shi
134.184,134.618,-1,0,<1></c><3>ata</c><2>shiokomarasete</c><1></c>,ta
134.017,134.184,-1,0,<1></c><3>a</c><2>tashiokomarasete</c><1></c>,a
37.388,37.688,-1,0,<1></c><3>babynantemiryokuteki</c><1></c>,ki
37.221,37.388,-1,0,<1></c><3>babynantemiryokute</c><2>ki</c><1></c>,te
37.054,37.221,-1,0,<1></c><3>babynantemiryoku</c><2>teki</c><1></c>,ku
36.92,37.054,-1,0,<1></c><3>babynantemiryo</c><2>kuteki</c><1></c>,ryo
36.754,36.92,-1,0,<1></c><3>babynantemi</c><2>ryokuteki</c><1></c>,mi
36.587,36.754,-1,0,<1></c><3>babynante</c><2>miryokuteki</c><1></c>,te
36.42,36.587,-1,0,<1></c><3>babynan</c><2>temiryokuteki</c><1></c>,n
36.286,36.42,-1,0,<1></c><3>babyna</c><2>ntemiryokuteki</c><1></c>,na
35.953,36.286,-1,0,<1></c><3>baby</c><2>nantemiryokuteki</c><1></c>,by
35.652,35.953,-1,0,<1></c><3>ba</c><2>bynantemiryokuteki</c><1></c>,ba
208.058,208.525,-1,0,<1></c><3>cryochitsukubasho</c><1></c>,sho
207.925,208.058,-1,0,<1></c><3>cryochitsukuba</c><2>sho</c><1></c>,ba
207.457,207.925,-1,0,<1></c><3>cryochitsuku</c><2>basho</c><1></c>,ku
207.291,207.457,-1,0,<1></c><3>cryochitsu</c><2>kubasho</c><1></c>,tsu
207.124,207.291,-1,0,<1></c><3>cryochi</c><2>tsukubasho</c><1></c>,chi
206.99,207.124,-1,0,<1></c><3>cryo</c><2>chitsukubasho</c><1></c>,o
206.123,206.99,-1,0,<1></c><3>cry</c><2>ochitsukubasho</c><1></c>,cry
236.153,236.486,-1,0,<1></c><3>dattemoutokedasuyouna</c><1></c>,na
235.986,236.153,-1,0,<1></c><3>dattemoutokedasuyou</c><2>na</c><1></c>,u
235.852,235.986,-1,0,<1></c><3>dattemoutokedasuyo</c><2>una</c><1></c>,yo
235.686,235.852,-1,0,<1></c><3>dattemoutokedasu</c><2>youna</c><1></c>,su
235.519,235.686,-1,0,<1></c><3>dattemoutokeda</c><2>suyouna</c><1></c>,da
235.219,235.519,-1,0,<1></c><3>dattemoutoke</c><2>dasuyouna</c><1></c>,ke
235.052,235.219,-1,0,<1></c><3>dattemouto</c><2>kedasuyouna</c><1></c>,to
234.718,235.052,-1,0,<1></c><3>dattemou</c><2>tokedasuyouna</c><1></c>,u
234.585,234.718,-1,0,<1></c><3>dattemo</c><2>utokedasuyouna</c><1></c>,mo
234.418,234.585,-1,0,<1></c><3>datte</c><2>moutokedasuyouna</c><1></c>,te
234.284,234.418,-1,0,<1></c><3>dat</c><2>temoutokedasuyouna</c><1></c>,t
233.951,234.284,-1,0,<1></c><3>da</c><2>ttemoutokedasuyouna</c><1></c>,da
123.74,124.074,-1,0,<1></c><3>dattemoutokedasuyouna</c><1></c>,na
123.574,123.74,-1,0,<1></c><3>dattemoutokedasuyou</c><2>na</c><1></c>,u
123.44,123.574,-1,0,<1></c><3>dattemoutokedasuyo</c><2>una</c><1></c>,yo
123.273,123.44,-1,0,<1></c><3>dattemoutokedasu</c><2>youna</c><1></c>,su
123.107,123.273,-1,0,<1></c><3>dattemoutokeda</c><2>suyouna</c><1></c>,da
122.806,123.107,-1,0,<1></c><3>dattemoutoke</c><2>dasuyouna</c><1></c>,ke
122.639,122.806,-1,0,<1></c><3>dattemouto</c><2>kedasuyouna</c><1></c>,to
122.306,122.639,-1,0,<1></c><3>dattemou</c><2>tokedasuyouna</c><1></c>,u
122.172,122.306,-1,0,<1></c><3>dattemo</c><2>utokedasuyouna</c><1></c>,mo
122.005,122.172,-1,0,<1></c><3>datte</c><2>moutokedasuyouna</c><1></c>,te
121.872,122.005,-1,0,<1></c><3>dat</c><2>temoutokedasuyouna</c><1></c>,t
121.538,121.872,-1,0,<1></c><3>da</c><2>ttemoutokedasuyouna</c><1></c>,da
221.004,221.338,-1,0,<1></c><3>furafuratteyottechauwa</c><1></c>,wa
220.871,221.004,-1,0,<1></c><3>furafuratteyottechau</c><2>wa</c><1></c>,u
220.671,220.871,-1,0,<1></c><3>furafuratteyottecha</c><2>uwa</c><1></c>,cha
220.404,220.671,-1,0,<1></c><3>furafuratteyotte</c><2>chauwa</c><1></c>,te
220.07,220.404,-1,0,<1></c><3>furafuratteyot</c><2>techauwa</c><1></c>,yot
219.937,220.07,-1,0,<1></c><3>furafuratte</c><2>yottechauwa</c><1></c>,tte
219.436,219.937,-1,0,<1></c><3>furafura</c><2>tteyottechauwa</c><1></c>,ra
219.303,219.436,-1,0,<1></c><3>furafu</c><2>ratteyottechauwa</c><1></c>,fu
218.802,219.303,-1,0,<1></c><3>fura</c><2>furatteyottechauwa</c><1></c>,ra
218.669,218.802,-1,0,<1></c><3>fu</c><2>rafuratteyottechauwa</c><1></c>,fu
78.262,78.595,-1,0,<1></c><3>furafuratteyottechauwa</c><1></c>,wa
78.128,78.262,-1,0,<1></c><3>furafuratteyottechau</c><2>wa</c><1></c>,u
77.928,78.128,-1,0,<1></c><3>furafuratteyottecha</c><2>uwa</c><1></c>,cha
77.628,77.928,-1,0,<1></c><3>furafuratteyotte</c><2>chauwa</c><1></c>,te
77.327,77.628,-1,0,<1></c><3>furafuratteyot</c><2>techauwa</c><1></c>,yot
77.161,77.327,-1,0,<1></c><3>furafuratte</c><2>yottechauwa</c><1></c>,tte
76.693,77.161,-1,0,<1></c><3>furafura</c><2>tteyottechauwa</c><1></c>,ra
76.56,76.693,-1,0,<1></c><3>furafu</c><2>ratteyottechauwa</c><1></c>,fu
76.06,76.56,-1,0,<1></c><3>fura</c><2>furatteyottechauwa</c><1></c>,ra
75.893,76.06,-1,0,<1></c><3>fu</c><2>rafuratteyottechauwa</c><1></c>,fu
224.474,225.142,-1,0,<1></c><3>helpme</c><1></c>,me
223.84,224.474,-1,0,<1></c><3>help</c><2>me</c><1></c>,help
90.908,91.208,-1,0,<1></c><3>helpmeshite</c><1></c>,te
90.741,90.908,-1,0,<1></c><3>helpmeshi</c><2>te</c><1></c>,shi
90.274,90.741,-1,0,<1></c><3>helpme</c><2>shite</c><1></c>,me
89.94,90.274,-1,0,<1></c><3>help</c><2>meshite</c><1></c>,help
47.498,47.798,-1,0,<1></c><3>heyheymottojirashiteyo</c><1></c>,yo
47.331,47.498,-1,0,<1></c><3>heyheymottojirashite</c><2>yo</c><1></c>,te
47.197,47.331,-1,0,<1></c><3>heyheymottojirashi</c><2>teyo</c><1></c>,shi
47.031,47.197,-1,0,<1></c><3>heyheymottojira</c><2>shiteyo</c><1></c>,ra
46.83,47.031,-1,0,<1></c><3>heyheymottoji</c><2>rashiteyo</c><1></c>,ji
46.697,46.83,-1,0,<1></c><3>heyheymotto</c><2>jirashiteyo</c><1></c>,to
46.397,46.697,-1,0,<1></c><3>heyheymot</c><2>tojirashiteyo</c><1></c>,mot
46.063,46.397,-1,0,<1></c><3>heyhey</c><2>mottojirashiteyo</c><1></c>,hey
45.763,46.063,-1,0,<1></c><3>hey</c><2>heymottojirashiteyo</c><1></c>,hey
187.07,187.538,-1,0,<1></c><3>hiteishitekowarechaukedo</c><1></c>,do
186.904,187.07,-1,0,<1></c><3>hiteishitekowarechauke</c><2>do</c><1></c>,ke
186.703,186.904,-1,0,<1></c><3>hiteishitekowarechau</c><2>kedo</c><1></c>,u
186.403,186.703,-1,0,<1></c><3>hiteishitekowarecha</c><2>ukedo</c><1></c>,cha
186.27,186.403,-1,0,<1></c><3>hiteishitekoware</c><2>chaukedo</c><1></c>,re
185.936,186.27,-1,0,<1></c><3>hiteishitekowa</c><2>rechaukedo</c><1></c>,wa
185.802,185.936,-1,0,<1></c><3>hiteishiteko</c><2>warechaukedo</c><1></c>,ko
185.636,185.802,-1,0,<1></c><3>hiteishite</c><2>kowarechaukedo</c><1></c>,te
185.469,185.636,-1,0,<1></c><3>hiteishi</c><2>tekowarechaukedo</c><1></c>,shi
185.335,185.469,-1,0,<1></c><3>hitei</c><2>shitekowarechaukedo</c><1></c>,i
185.169,185.335,-1,0,<1></c><3>hite</c><2>ishitekowarechaukedo</c><1></c>,te
185.002,185.169,-1,0,<1></c><3>hi</c><2>teishitekowarechaukedo</c><1></c>,hi
184.535,185.002,-1,0,<1></c><3>honraiwaangaikantanni</c><1></c>,ni
184.368,184.535,-1,0,<1></c><3>honraiwaangaikantan</c><2>ni</c><1></c>,n
184.201,184.368,-1,0,<1></c><3>honraiwaangaikanta</c><2>nni</c><1></c>,ta
184.001,184.201,-1,0,<1></c><3>honraiwaangaikan</c><2>tanni</c><1></c>,n
183.867,184.001,-1,0,<1></c><3>honraiwaangaika</c><2>ntanni</c><1></c>,ka
183.734,183.867,-1,0,<1></c><3>honraiwaangai</c><2>kantanni</c><1></c>,i
183.567,183.734,-1,0,<1></c><3>honraiwaanga</c><2>ikantanni</c><1></c>,ga
183.433,183.567,-1,0,<1></c><3>honraiwaan</c><2>gaikantanni</c><1></c>,n
183.267,183.433,-1,0,<1></c><3>honraiwaa</c><2>ngaikantanni</c><1></c>,a
183.066,183.267,-1,0,<1></c><3>honraiwa</c><2>angaikantanni</c><1></c>,wa
182.933,183.066,-1,0,<1></c><3>honrai</c><2>waangaikantanni</c><1></c>,i
182.766,182.933,-1,0,<1></c><3>honra</c><2>iwaangaikantanni</c><1></c>,ra
182.633,182.766,-1,0,<1></c><3>hon</c><2>raiwaangaikantanni</c><1></c>,n
182.466,182.633,-1,0,<1></c><3>ho</c><2>nraiwaangaikantanni</c><1></c>,ho
212.796,213.564,-1,0,<1></c><3>horamayday</c><1></c>,day
212.496,212.796,-1,0,<1></c><3>horamay</c><2>day</c><1></c>,may
212.329,212.496,-1,0,<1></c><3>hora</c><2>mayday</c><1></c>,ra
212.162,212.329,-1,0,<1></c><3>ho</c><2>ramayday</c><1></c>,ho
111.261,111.428,80,0,<1></c><3>imadokinogirlwamouchomemochomechome</c><1></c>,me
111.061,111.261,80,0,<1></c><3>imadokinogirlwamouchomemochomecho</c><2>me</c><1></c>,cho
110.961,111.061,80,0,<1></c><3>imadokinogirlwamouchomemochome</c><2>chome</c><1></c>,me
110.761,110.961,80,0,<1></c><3>imadokinogirlwamouchomemocho</c><2>mechome</c><1></c>,cho
110.627,110.761,80,0,<1></c><3>imadokinogirlwamouchomemo</c><2>chomechome</c><1></c>,mo
110.494,110.627,80,0,<1></c><3>imadokinogirlwamouchome</c><2>mochomechome</c><1></c>,me
110.294,110.494,80,0,<1></c><3>imadokinogirlwamoucho</c><2>memochomechome</c><1></c>,cho
109.96,110.294,80,0,<1></c><3>imadokinogirlwamou</c><2>chomemochomechome</c><1></c>,mou
109.693,109.96,80,0,<1></c><3>imadokinogirlwa</c><2>mouchomemochomechome</c><1></c>,wa
109.393,109.693,80,0,<1></c><3>imadokinogirl</c><2>wamouchomemochomechome</c><1></c>,girl
109.193,109.393,80,0,<1></c><3>imadokino</c><2>girlwamouchomemochomechome</c><1></c>,no
108.892,109.193,80,0,<1></c><3>imadoki</c><2>nogirlwamouchomemochomechome</c><1></c>,ki
108.725,108.892,80,0,<1></c><3>imado</c><2>kinogirlwamouchomemochomechome</c><1></c>,do
108.559,108.725,80,0,<1></c><3>ima</c><2>dokinogirlwamouchomemochomechome</c><1></c>,ma
108.425,108.559,80,0,<1></c><3>i</c><2>madokinogirlwamouchomemochomechome</c><1></c>,i
69.586,70.087,-1,0,<1></c><3>itahazunanoni</c><1></c>,ni
69.453,69.586,-1,0,<1></c><3>itahazunano</c><2>ni</c><1></c>,no
68.352,69.453,-1,0,<1></c><3>itahazuna</c><2>noni</c><1></c>,na
68.185,68.352,-1,0,<1></c><3>itahazu</c><2>nanoni</c><1></c>,zu
67.851,68.185,-1,0,<1></c><3>itaha</c><2>zunanoni</c><1></c>,ha
65.983,67.851,-1,0,<1></c><3>ita</c><2>hazunanoni</c><1></c>,ta
65.649,65.983,-1,0,<1></c><3>i</c><2>tahazunanoni</c><1></c>,i
205.856,206.123,-1,0,<1></c><3>itaikokoniitaino</c><1></c>,no
205.689,205.856,-1,0,<1></c><3>itaikokoniitai</c><2>no</c><1></c>,i
205.556,205.689,-1,0,<1></c><3>itaikokoniita</c><2>ino</c><1></c>,ta
205.255,205.556,-1,0,<1></c><3>itaikokonii</c><2>taino</c><1></c>,i
204.922,205.255,-1,0,<1></c><3>itaikokoni</c><2>itaino</c><1></c>,ni
204.755,204.922,-1,0,<1></c><3>itaikoko</c><2>niitaino</c><1></c>,ko
204.588,204.755,-1,0,<1></c><3>itaiko</c><2>koniitaino</c><1></c>,ko
203.887,204.588,-1,0,<1></c><3>itai</c><2>kokoniitaino</c><1></c>,i
203.62,203.887,-1,0,<1></c><3>ita</c><2>ikokoniitaino</c><1></c>,ta
203.32,203.62,-1,0,<1></c><3>i</c><2>taikokoniitaino</c><1></c>,i
133.851,134.017,58,0,<1></c><3>iyaiyattemorechaukuraini</c><1></c>,ni
133.684,133.851,58,0,<1></c><3>iyaiyattemorechaukurai</c><2>ni</c><1></c>,i
133.55,133.684,58,0,<1></c><3>iyaiyattemorechaukura</c><2>ini</c><1></c>,ra
133.45,133.55,58,0,<1></c><3>iyaiyattemorechauku</c><2>raini</c><1></c>,ku
133.35,133.45,58,0,<1></c><3>iyaiyattemorechau</c><2>kuraini</c><1></c>,u
133.217,133.35,58,0,<1></c><3>iyaiyattemorecha</c><2>ukuraini</c><1></c>,cha
133.083,133.217,58,0,<1></c><3>iyaiyattemore</c><2>chaukuraini</c><1></c>,re
132.916,133.083,58,0,<1></c><3>iyaiyattemo</c><2>rechaukuraini</c><1></c>,mo
132.749,132.916,58,0,<1></c><3>iyaiyatte</c><2>morechaukuraini</c><1></c>,tte
132.249,132.749,58,0,<1></c><3>iyaiya</c><2>ttemorechaukuraini</c><1></c>,ya
132.116,132.249,58,0,<1></c><3>iyai</c><2>yattemorechaukuraini</c><1></c>,i
131.648,132.116,58,0,<1></c><3>iya</c><2>iyattemorechaukuraini</c><1></c>,ya
131.515,131.648,58,0,<1></c><3>i</c><2>yaiyattemorechaukuraini</c><1></c>,i
194.645,195.112,64,0,<1></c><3>kigatsukebateonobashichatte</c><1></c>,te
194.478,194.645,64,0,<1></c><3>kigatsukebateonobashichat</c><2>te</c><1></c>,t
194.311,194.478,64,0,<1></c><3>kigatsukebateonobashicha</c><2>tte</c><1></c>,cha
194.178,194.311,64,0,<1></c><3>kigatsukebateonobashi</c><2>chatte</c><1></c>,shi
194.011,194.178,64,0,<1></c><3>kigatsukebateonoba</c><2>shichatte</c><1></c>,ba
193.844,194.011,64,0,<1></c><3>kigatsukebateono</c><2>bashichatte</c><1></c>,no
193.71,193.844,64,0,<1></c><3>kigatsukebateo</c><2>nobashichatte</c><1></c>,o
193.377,193.71,64,0,<1></c><3>kigatsukebate</c><2>onobashichatte</c><1></c>,te
193.21,193.377,64,0,<1></c><3>kigatsukeba</c><2>teonobashichatte</c><1></c>,ba
193.043,193.21,64,0,<1></c><3>kigatsuke</c><2>bateonobashichatte</c><1></c>,ke
192.91,193.043,64,0,<1></c><3>kigatsu</c><2>kebateonobashichatte</c><1></c>,tsu
192.743,192.91,64,0,<1></c><3>kiga</c><2>tsukebateonobashichatte</c><1></c>,ga
192.576,192.743,64,0,<1></c><3>ki</c><2>gatsukebateonobashichatte</c><1></c>,ki
200.984,202.553,66,0,<1></c><3>kimimoteonobashitekuretara...</c><1></c>,ra...
200.784,200.984,66,0,<1></c><3>kimimoteonobashitekureta</c><2>ra...</c><1></c>,ta
199.683,200.784,66,0,<1></c><3>kimimoteonobashitekure</c><2>tara...</c><1></c>,re
199.55,199.683,66,0,<1></c><3>kimimoteonobashiteku</c><2>retara...</c><1></c>,ku
199.383,199.55,66,0,<1></c><3>kimimoteonobashite</c><2>kuretara...</c><1></c>,te
199.283,199.383,66,0,<1></c><3>kimimoteonobashi</c><2>tekuretara...</c><1></c>,shi
199.049,199.283,66,0,<1></c><3>kimimoteonoba</c><2>shitekuretara...</c><1></c>,ba
198.782,199.049,66,0,<1></c><3>kimimoteono</c><2>bashitekuretara...</c><1></c>,no
198.448,198.782,66,0,<1></c><3>kimimoteo</c><2>nobashitekuretara...</c><1></c>,o
198.248,198.448,66,0,<1></c><3>kimimote</c><2>onobashitekuretara...</c><1></c>,te
197.948,198.248,66,0,<1></c><3>kimimo</c><2>teonobashitekuretara...</c><1></c>,mo
197.781,197.948,66,0,<1></c><3>kimi</c><2>moteonobashitekuretara...</c><1></c>,mi
197.648,197.781,66,0,<1></c><3>ki</c><2>mimoteonobashitekuretara...</c><1></c>,ki
105.622,106.39,63,0,<1></c><3>kimochigamoyattoharenaishi</c><1></c>,shi
105.422,105.622,63,0,<1></c><3>kimochigamoyattoharenai</c><2>shi</c><1></c>,i
105.289,105.422,63,0,<1></c><3>kimochigamoyattoharena</c><2>ishi</c><1></c>,na
105.122,105.289,63,0,<1></c><3>kimochigamoyattohare</c><2>naishi</c><1></c>,re
104.888,105.122,63,0,<1></c><3>kimochigamoyattoha</c><2>renaishi</c><1></c>,ha
104.655,104.888,63,0,<1></c><3>kimochigamoyatto</c><2>harenaishi</c><1></c>,tto
104.354,104.655,63,0,<1></c><3>kimochigamoya</c><2>ttoharenaishi</c><1></c>,ya
104.188,104.354,63,0,<1></c><3>kimochigamo</c><2>yattoharenaishi</c><1></c>,mo
103.854,104.188,63,0,<1></c><3>kimochiga</c><2>moyattoharenaishi</c><1></c>,ga
103.72,103.854,63,0,<1></c><3>kimochi</c><2>gamoyattoharenaishi</c><1></c>,chi
103.554,103.72,63,0,<1></c><3>kimo</c><2>chigamoyattoharenaishi</c><1></c>,mo
103.387,103.554,63,0,<1></c><3>ki</c><2>mochigamoyattoharenaishi</c><1></c>,ki
242.626,242.793,67,0,<1></c><3>kittosouafuredashitandamou...</c><1></c>,u...
242.459,242.626,67,0,<1></c><3>kittosouafuredashitandamo</c><2>u...</c><1></c>,mo
241.525,242.459,67,0,<1></c><3>kittosouafuredashitanda</c><2>mou...</c><1></c>,da
241.358,241.525,67,0,<1></c><3>kittosouafuredashitan</c><2>damou...</c><1></c>,n
241.225,241.358,67,0,<1></c><3>kittosouafuredashita</c><2>ndamou...</c><1></c>,ta
241.058,241.225,67,0,<1></c><3>kittosouafuredashi</c><2>tandamou...</c><1></c>,shi
240.891,241.058,67,0,<1></c><3>kittosouafureda</c><2>shitandamou...</c><1></c>,da
240.557,240.891,67,0,<1></c><3>kittosouafure</c><2>dashitandamou...</c><1></c>,re
240.257,240.557,67,0,<1></c><3>kittosouafu</c><2>redashitandamou...</c><1></c>,fu
240.123,240.257,67,0,<1></c><3>kittosoua</c><2>furedashitandamou...</c><1></c>,a
239.756,240.123,67,0,<1></c><3>kittosou</c><2>afuredashitandamou...</c><1></c>,u
239.656,239.756,67,0,<1></c><3>kittoso</c><2>uafuredashitandamou...</c><1></c>,so
239.456,239.656,67,0,<1></c><3>kitto</c><2>souafuredashitandamou...</c><1></c>,to
239.323,239.456,67,0,<1></c><3>kit</c><2>tosouafuredashitandamou...</c><1></c>,t
238.989,239.323,67,0,<1></c><3>ki</c><2>ttosouafuredashitandamou...</c><1></c>,ki
189.573,191.475,-1,0,<1></c><3>kizudarakenokokorowa...</c><1></c>,wa...
189.306,189.573,-1,0,<1></c><3>kizudarakenokokoro</c><2>wa...</c><1></c>,ro
188.972,189.306,-1,0,<1></c><3>kizudarakenokoko</c><2>rowa...</c><1></c>,ko
188.639,188.972,-1,0,<1></c><3>kizudarakenoko</c><2>korowa...</c><1></c>,ko
188.338,188.639,-1,0,<1></c><3>kizudarakeno</c><2>kokorowa...</c><1></c>,no
188.172,188.338,-1,0,<1></c><3>kizudarake</c><2>nokokorowa...</c><1></c>,ke
188.038,188.172,-1,0,<1></c><3>kizudara</c><2>kenokokorowa...</c><1></c>,ra
187.871,188.038,-1,0,<1></c><3>kizuda</c><2>rakenokokorowa...</c><1></c>,da
187.704,187.871,-1,0,<1></c><3>kizu</c><2>darakenokokorowa...</c><1></c>,zu
187.538,187.704,-1,0,<1></c><3>ki</c><2>zudarakenokokorowa...</c><1></c>,ki
35.152,35.652,58,0,<1></c><3>kokorogazukitoitaimitai</c><1></c>,i
34.852,35.152,58,0,<1></c><3>kokorogazukitoitaimita</c><2>i</c><1></c>,ta
34.685,34.852,58,0,<1></c><3>kokorogazukitoitaimi</c><2>tai</c><1></c>,mi
34.518,34.685,58,0,<1></c><3>kokorogazukitoitai</c><2>mitai</c><1></c>,i
34.351,34.518,58,0,<1></c><3>kokorogazukitoita</c><2>imitai</c><1></c>,ta
34.218,34.351,58,0,<1></c><3>kokorogazukitoi</c><2>taimitai</c><1></c>,i
33.917,34.218,58,0,<1></c><3>kokorogazukito</c><2>itaimitai</c><1></c>,to
33.55,33.917,58,0,<1></c><3>kokorogazuki</c><2>toitaimitai</c><1></c>,ki
33.417,33.55,58,0,<1></c><3>kokorogazu</c><2>kitoitaimitai</c><1></c>,zu
33.083,33.417,58,0,<1></c><3>kokoroga</c><2>zukitoitaimitai</c><1></c>,ga
32.95,33.083,58,0,<1></c><3>kokoro</c><2>gazukitoitaimitai</c><1></c>,ro
32.783,32.95,58,0,<1></c><3>koko</c><2>rogazukitoitaimitai</c><1></c>,ko
32.616,32.783,58,0,<1></c><3>ko</c><2>korogazukitoitaimitai</c><1></c>,ko
86.003,86.17,-1,0,<1></c><3>korekuraigachoudoiiwa</c><1></c>,wa
85.702,86.003,-1,0,<1></c><3>korekuraigachoudoii</c><2>wa</c><1></c>,i
85.569,85.702,-1,0,<1></c><3>korekuraigachoudoi</c><2>iwa</c><1></c>,i
85.369,85.569,-1,0,<1></c><3>korekuraigachoudo</c><2>iiwa</c><1></c>,do
85.202,85.369,-1,0,<1></c><3>korekuraigachou</c><2>doiiwa</c><1></c>,u
84.902,85.202,-1,0,<1></c><3>korekuraigacho</c><2>udoiiwa</c><1></c>,cho
84.735,84.902,-1,0,<1></c><3>korekuraiga</c><2>choudoiiwa</c><1></c>,ga
84.435,84.735,-1,0,<1></c><3>korekurai</c><2>gachoudoiiwa</c><1></c>,i
84.268,84.435,-1,0,<1></c><3>korekura</c><2>igachoudoiiwa</c><1></c>,ra
84.134,84.268,-1,0,<1></c><3>koreku</c><2>raigachoudoiiwa</c><1></c>,ku
83.634,84.134,-1,0,<1></c><3>kore</c><2>kuraigachoudoiiwa</c><1></c>,re
83.567,83.634,-1,0,<1></c><3>ko</c><2>rekuraigachoudoiiwa</c><1></c>,ko
215.933,216.099,-1,0,<1></c><3>kurakuratteyocchaisouna</c><1></c>,na
215.799,215.933,-1,0,<1></c><3>kurakuratteyocchaisou</c><2>na</c><1></c>,u
215.632,215.799,-1,0,<1></c><3>kurakuratteyocchaiso</c><2>una</c><1></c>,so
215.499,215.632,-1,0,<1></c><3>kurakuratteyocchai</c><2>souna</c><1></c>,i
215.299,215.499,-1,0,<1></c><3>kurakuratteyoccha</c><2>isouna</c><1></c>,cha
214.998,215.299,-1,0,<1></c><3>kurakuratteyoc</c><2>chaisouna</c><1></c>,yoc
214.831,214.998,-1,0,<1></c><3>kurakuratte</c><2>yocchaisouna</c><1></c>,tte
214.364,214.831,-1,0,<1></c><3>kurakura</c><2>tteyocchaisouna</c><1></c>,ra
214.231,214.364,-1,0,<1></c><3>kuraku</c><2>ratteyocchaisouna</c><1></c>,ku
213.73,214.231,-1,0,<1></c><3>kura</c><2>kuratteyocchaisouna</c><1></c>,ra
213.564,213.73,-1,0,<1></c><3>ku</c><2>rakuratteyocchaisouna</c><1></c>,ku
73.223,73.39,-1,0,<1></c><3>kurakuratteyocchaisouna</c><1></c>,na
73.057,73.223,-1,0,<1></c><3>kurakuratteyocchaisou</c><2>na</c><1></c>,u
72.923,73.057,-1,0,<1></c><3>kurakuratteyocchaiso</c><2>una</c><1></c>,so
72.756,72.923,-1,0,<1></c><3>kurakuratteyocchai</c><2>souna</c><1></c>,i
72.623,72.756,-1,0,<1></c><3>kurakuratteyoccha</c><2>isouna</c><1></c>,cha
72.289,72.623,-1,0,<1></c><3>kurakuratteyoc</c><2>chaisouna</c><1></c>,yoc
72.156,72.289,-1,0,<1></c><3>kurakuratte</c><2>yocchaisouna</c><1></c>,tte
71.655,72.156,-1,0,<1></c><3>kurakura</c><2>tteyocchaisouna</c><1></c>,ra
71.522,71.655,-1,0,<1></c><3>kuraku</c><2>ratteyocchaisouna</c><1></c>,ku
71.021,71.522,-1,0,<1></c><3>kura</c><2>kuratteyocchaisouna</c><1></c>,ra
70.888,71.021,-1,0,<1></c><3>ku</c><2>rakuratteyocchaisouna</c><1></c>,ku
108.292,108.425,-1,0,<1></c><3>ladynankajairarenai</c><1></c>,i
108.092,108.292,-1,0,<1></c><3>ladynankajairarena</c><2>i</c><1></c>,na
107.958,108.092,-1,0,<1></c><3>ladynankajairare</c><2>nai</c><1></c>,re
107.825,107.958,-1,0,<1></c><3>ladynankajaira</c><2>renai</c><1></c>,ra
107.658,107.825,-1,0,<1></c><3>ladynankajai</c><2>rarenai</c><1></c>,i
107.491,107.658,-1,0,<1></c><3>ladynankaja</c><2>irarenai</c><1></c>,ja
107.324,107.491,-1,0,<1></c><3>ladynanka</c><2>jairarenai</c><1></c>,ka
107.191,107.324,-1,0,<1></c><3>ladynan</c><2>kajairarenai</c><1></c>,n
107.024,107.191,-1,0,<1></c><3>ladyna</c><2>nkajairarenai</c><1></c>,na
106.69,107.024,-1,0,<1></c><3>lady</c><2>nankajairarenai</c><1></c>,dy
106.39,106.69,-1,0,<1></c><3>la</c><2>dynankajairarenai</c><1></c>,la
232.082,232.382,-1,0,<1></c><3>mayday</c><1></c>,day
231.448,232.082,-1,0,<1></c><3>may</c><2>day</c><1></c>,may
103.053,103.387,-1,0,<1></c><3>maydaykajigatorenaino</c><1></c>,no
102.92,103.053,-1,0,<1></c><3>maydaykajigatorenai</c><2>no</c><1></c>,i
102.753,102.92,-1,0,<1></c><3>maydaykajigatorena</c><2>ino</c><1></c>,na
102.586,102.753,-1,0,<1></c><3>maydaykajigatore</c><2>naino</c><1></c>,re
102.453,102.586,-1,0,<1></c><3>maydaykajigato</c><2>renaino</c><1></c>,to
102.286,102.453,-1,0,<1></c><3>maydaykajiga</c><2>torenaino</c><1></c>,ga
102.119,102.286,-1,0,<1></c><3>maydaykaji</c><2>gatorenaino</c><1></c>,ji
101.919,102.119,-1,0,<1></c><3>maydayka</c><2>jigatorenaino</c><1></c>,ka
101.618,101.919,-1,0,<1></c><3>mayday</c><2>kajigatorenaino</c><1></c>,day
101.318,101.618,-1,0,<1></c><3>may</c><2>daykajigatorenaino</c><1></c>,may
32.316,32.616,-1,0,<1></c><3>maydaykoewatodoiteru?</c><1></c>,ru?
32.149,32.316,-1,0,<1></c><3>maydaykoewatodoite</c><2>ru?</c><1></c>,te
32.016,32.149,-1,0,<1></c><3>maydaykoewatodoi</c><2>teru?</c><1></c>,i
31.849,32.016,-1,0,<1></c><3>maydaykoewatodo</c><2>iteru?</c><1></c>,do
31.682,31.849,-1,0,<1></c><3>maydaykoewato</c><2>doiteru?</c><1></c>,to
31.548,31.682,-1,0,<1></c><3>maydaykoewa</c><2>todoiteru?</c><1></c>,wa
31.281,31.548,-1,0,<1></c><3>maydaykoe</c><2>watodoiteru?</c><1></c>,e
31.181,31.281,-1,0,<1></c><3>maydayko</c><2>ewatodoiteru?</c><1></c>,ko
30.914,31.181,-1,0,<1></c><3>mayday</c><2>koewatodoiteru?</c><1></c>,day
30.581,30.914,-1,0,<1></c><3>may</c><2>daykoewatodoiteru?</c><1></c>,may
10.06,10.394,-1,0,<1></c><3>maydaymayday</c><1></c>,day
9.76,10.06,-1,0,<1></c><3>maydaymay</c><2>day</c><1></c>,may
9.426,9.76,-1,0,<1></c><3>mayday</c><2>mayday</c><1></c>,day
9.126,9.426,-1,0,<1></c><3>may</c><2>daymayday</c><1></c>,may
42.593,42.693,-1,0,<1></c><3>maydaysorejamonotarinai</c><1></c>,i
42.426,42.593,-1,0,<1></c><3>maydaysorejamonotarina</c><2>i</c><1></c>,na
42.259,42.426,-1,0,<1></c><3>maydaysorejamonotari</c><2>nai</c><1></c>,ri
42.126,42.259,-1,0,<1></c><3>maydaysorejamonota</c><2>rinai</c><1></c>,ta
41.959,42.126,-1,0,<1></c><3>maydaysorejamono</c><2>tarinai</c><1></c>,no
41.825,41.959,-1,0,<1></c><3>maydaysorejamo</c><2>notarinai</c><1></c>,mo
41.658,41.825,-1,0,<1></c><3>maydaysoreja</c><2>monotarinai</c><1></c>,ja
41.492,41.658,-1,0,<1></c><3>maydaysore</c><2>jamonotarinai</c><1></c>,re
41.325,41.492,-1,0,<1></c><3>maydayso</c><2>rejamonotarinai</c><1></c>,so
40.991,41.325,-1,0,<1></c><3>mayday</c><2>sorejamonotarinai</c><1></c>,day
40.691,40.991,-1,0,<1></c><3>may</c><2>daysorejamonotarinai</c><1></c>,may
40.524,40.691,70,0,<1></c><3>miserutekunikkuwasugunikurakura</c><1></c>,ra
40.391,40.524,70,0,<1></c><3>miserutekunikkuwasugunikuraku</c><2>ra</c><1></c>,ku
40.224,40.391,70,0,<1></c><3>miserutekunikkuwasugunikura</c><2>kura</c><1></c>,ra
40.09,40.224,70,0,<1></c><3>miserutekunikkuwasuguniku</c><2>rakura</c><1></c>,ku
39.923,40.09,70,0,<1></c><3>miserutekunikkuwasuguni</c><2>kurakura</c><1></c>,ni
39.757,39.923,70,0,<1></c><3>miserutekunikkuwasugu</c><2>nikurakura</c><1></c>,gu
39.623,39.757,70,0,<1></c><3>miserutekunikkuwasu</c><2>gunikurakura</c><1></c>,su
39.289,39.623,70,0,<1></c><3>miserutekunikkuwa</c><2>sugunikurakura</c><1></c>,wa
38.956,39.289,70,0,<1></c><3>miserutekunikku</c><2>wasugunikurakura</c><1></c>,ku
38.822,38.956,70,0,<1></c><3>miserutekunik</c><2>kuwasugunikurakura</c><1></c>,k
38.655,38.822,70,0,<1></c><3>miserutekuni</c><2>kkuwasugunikurakura</c><1></c>,ni
38.522,38.655,70,0,<1></c><3>miseruteku</c><2>nikkuwasugunikurakura</c><1></c>,ku
38.188,38.522,70,0,<1></c><3>miserute</c><2>kunikkuwasugunikurakura</c><1></c>,te
38.055,38.188,70,0,<1></c><3>miseru</c><2>tekunikkuwasugunikurakura</c><1></c>,ru
37.855,38.055,70,0,<1></c><3>mise</c><2>rutekunikkuwasugunikurakura</c><1></c>,se
37.688,37.855,70,0,<1></c><3>mi</c><2>serutekunikkuwasugunikurakura</c><1></c>,mi
128.779,129.113,58,0,<1></c><3>nankahenatashijanaimitai</c><1></c>,tai
128.679,128.779,58,0,<1></c><3>nankahenatashijanaimi</c><2>tai</c><1></c>,mi
128.479,128.679,58,0,<1></c><3>nankahenatashijanai</c><2>mitai</c><1></c>,nai
128.145,128.479,58,0,<1></c><3>nankahenatashija</c><2>naimitai</c><1></c>,ja
128.011,128.145,58,0,<1></c><3>nankahenatashi</c><2>janaimitai</c><1></c>,shi
127.845,128.011,58,0,<1></c><3>nankahenata</c><2>shijanaimitai</c><1></c>,ta
127.678,127.845,58,0,<1></c><3>nankahena</c><2>tashijanaimitai</c><1></c>,a
127.344,127.678,58,0,<1></c><3>nankahen</c><2>atashijanaimitai</c><1></c>,n
127.211,127.344,58,0,<1></c><3>nankahe</c><2>natashijanaimitai</c><1></c>,he
127.044,127.211,58,0,<1></c><3>nanka</c><2>henatashijanaimitai</c><1></c>,ka
126.877,127.044,58,0,<1></c><3>nan</c><2>kahenatashijanaimitai</c><1></c>,n
126.577,126.877,58,0,<1></c><3>na</c><2>nkahenatashijanaimitai</c><1></c>,na
139.99,140.491,66,0,<1></c><3>nankamoatashikarawazettai...</c><1></c>,i...
139.523,139.99,66,0,<1></c><3>nankamoatashikarawazetta</c><2>i...</c><1></c>,ta
139.356,139.523,66,0,<1></c><3>nankamoatashikarawazet</c><2>tai...</c><1></c>,t
139.189,139.356,66,0,<1></c><3>nankamoatashikarawaze</c><2>ttai...</c><1></c>,ze
138.889,139.189,66,0,<1></c><3>nankamoatashikarawa</c><2>zettai...</c><1></c>,wa
138.555,138.889,66,0,<1></c><3>nankamoatashikara</c><2>wazettai...</c><1></c>,ra
138.255,138.555,66,0,<1></c><3>nankamoatashika</c><2>rawazettai...</c><1></c>,ka
138.122,138.255,66,0,<1></c><3>nankamoatashi</c><2>karawazettai...</c><1></c>,shi
137.955,138.122,66,0,<1></c><3>nankamoata</c><2>shikarawazettai...</c><1></c>,ta
137.788,137.955,66,0,<1></c><3>nankamoa</c><2>tashikarawazettai...</c><1></c>,a
137.321,137.788,66,0,<1></c><3>nankamo</c><2>atashikarawazettai...</c><1></c>,mo
137.154,137.321,66,0,<1></c><3>nanka</c><2>moatashikarawazettai...</c><1></c>,ka
136.954,137.154,66,0,<1></c><3>nan</c><2>kamoatashikarawazettai...</c><1></c>,n
136.687,136.954,66,0,<1></c><3>na</c><2>nkamoatashikarawazettai...</c><1></c>,na
89.44,89.94,67,0,<1></c><3>nantemoukiminomaejazettai...</c><1></c>,i...
89.006,89.44,67,0,<1></c><3>nantemoukiminomaejazetta</c><2>i...</c><1></c>,ta
88.872,89.006,67,0,<1></c><3>nantemoukiminomaejazet</c><2>tai...</c><1></c>,t
88.705,88.872,67,0,<1></c><3>nantemoukiminomaejaze</c><2>ttai...</c><1></c>,ze
88.372,88.705,67,0,<1></c><3>nantemoukiminomaeja</c><2>zettai...</c><1></c>,ja
88.205,88.372,67,0,<1></c><3>nantemoukiminomae</c><2>jazettai...</c><1></c>,e
88.072,88.205,67,0,<1></c><3>nantemoukiminoma</c><2>ejazettai...</c><1></c>,ma
87.738,88.072,67,0,<1></c><3>nantemoukimino</c><2>maejazettai...</c><1></c>,no
87.438,87.738,67,0,<1></c><3>nantemoukimi</c><2>nomaejazettai...</c><1></c>,mi
87.271,87.438,67,0,<1></c><3>nantemouki</c><2>minomaejazettai...</c><1></c>,ki
86.804,87.271,67,0,<1></c><3>nantemou</c><2>kiminomaejazettai...</c><1></c>,mou
86.637,86.804,67,0,<1></c><3>nante</c><2>moukiminomaejazettai...</c><1></c>,te
86.17,86.637,67,0,<1></c><3>nan</c><2>temoukiminomaejazettai...</c><1></c>,nan
159.443,159.91,73,0,<1></c><3>needoushiteaiwaitazurasurundarou</c><1></c>,u
159.276,159.443,73,0,<1></c><3>needoushiteaiwaitazurasurundaro</c><2>u</c><1></c>,ro
159.109,159.276,73,0,<1></c><3>needoushiteaiwaitazurasurunda</c><2>rou</c><1></c>,da
158.942,159.109,73,0,<1></c><3>needoushiteaiwaitazurasurun</c><2>darou</c><1></c>,n
158.142,158.942,73,0,<1></c><3>needoushiteaiwaitazurasuru</c><2>ndarou</c><1></c>,ru
158.008,158.142,73,0,<1></c><3>needoushiteaiwaitazurasu</c><2>rundarou</c><1></c>,su
157.541,158.008,73,0,<1></c><3>needoushiteaiwaitazura</c><2>surundarou</c><1></c>,ra
157.407,157.541,73,0,<1></c><3>needoushiteaiwaitazu</c><2>rasurundarou</c><1></c>,zu
156.874,157.407,73,0,<1></c><3>needoushiteaiwaita</c><2>zurasurundarou</c><1></c>,ta
156.74,156.874,73,0,<1></c><3>needoushiteaiwai</c><2>tazurasurundarou</c><1></c>,i
156.573,156.74,73,0,<1></c><3>needoushiteaiwa</c><2>itazurasurundarou</c><1></c>,wa
156.34,156.573,73,0,<1></c><3>needoushiteai</c><2>waitazurasurundarou</c><1></c>,i
155.939,156.34,73,0,<1></c><3>needoushitea</c><2>iwaitazurasurundarou</c><1></c>,a
154.204,155.939,73,0,<1></c><3>needoushite</c><2>aiwaitazurasurundarou</c><1></c>,te
153.904,154.204,73,0,<1></c><3>needoushi</c><2>teaiwaitazurasurundarou</c><1></c>,shi
153.403,153.904,73,0,<1></c><3>needou</c><2>shiteaiwaitazurasurundarou</c><1></c>,u
153.103,153.403,73,0,<1></c><3>needo</c><2>ushiteaiwaitazurasurundarou</c><1></c>,do
152.136,153.103,73,0,<1></c><3>nee</c><2>doushiteaiwaitazurasurundarou</c><1></c>,e
151.835,152.136,73,0,<1></c><3>ne</c><2>edoushiteaiwaitazurasurundarou</c><1></c>,ne
170.621,171.155,70,0,<1></c><3>neeitsukawakonoitamimokieruno</c><1></c>,no
170.454,170.621,70,0,<1></c><3>neeitsukawakonoitamimokieru</c><2>no</c><1></c>,ru
169.52,170.454,70,0,<1></c><3>neeitsukawakonoitamimokie</c><2>runo</c><1></c>,e
169.186,169.52,70,0,<1></c><3>neeitsukawakonoitamimoki</c><2>eruno</c><1></c>,ki
168.085,169.186,70,0,<1></c><3>neeitsukawakonoitamimo</c><2>kieruno</c><1></c>,mo
167.918,168.085,70,0,<1></c><3>neeitsukawakonoitami</c><2>mokieruno</c><1></c>,mi
166.984,167.918,70,0,<1></c><3>neeitsukawakonoita</c><2>mimokieruno</c><1></c>,ta
166.65,166.984,70,0,<1></c><3>neeitsukawakonoi</c><2>tamimokieruno</c><1></c>,i
166.383,166.65,70,0,<1></c><3>neeitsukawakono</c><2>itamimokieruno</c><1></c>,no
166.016,166.383,70,0,<1></c><3>neeitsukawako</c><2>noitamimokieruno</c><1></c>,ko
164.314,166.016,70,0,<1></c><3>neeitsukawa</c><2>konoitamimokieruno</c><1></c>,wa
164.148,164.314,70,0,<1></c><3>neeitsuka</c><2>wakonoitamimokieruno</c><1></c>,ka
163.981,164.148,70,0,<1></c><3>neeitsu</c><2>kawakonoitamimokieruno</c><1></c>,tsu
163.18,163.981,70,0,<1></c><3>neei</c><2>tsukawakonoitamimokieruno</c><1></c>,i
162.112,163.18,70,0,<1></c><3>nee</c><2>itsukawakonoitamimokieruno</c><1></c>,e
161.945,162.112,70,0,<1></c><3>ne</c><2>eitsukawakonoitamimokieruno</c><1></c>,ne
83.3,83.567,-1,0,<1></c><3>nogaretaiwakejanakute</c><1></c>,te
83.167,83.3,-1,0,<1></c><3>nogaretaiwakejanaku</c><2>te</c><1></c>,ku
83.0,83.167,-1,0,<1></c><3>nogaretaiwakejana</c><2>kute</c><1></c>,na
82.666,83.0,-1,0,<1></c><3>nogaretaiwakeja</c><2>nakute</c><1></c>,ja
82.366,82.666,-1,0,<1></c><3>nogaretaiwake</c><2>janakute</c><1></c>,ke
82.199,82.366,-1,0,<1></c><3>nogaretaiwa</c><2>kejanakute</c><1></c>,wa
81.899,82.199,-1,0,<1></c><3>nogaretai</c><2>wakejanakute</c><1></c>,i
81.732,81.899,-1,0,<1></c><3>nogareta</c><2>iwakejanakute</c><1></c>,ta
81.565,81.732,-1,0,<1></c><3>nogare</c><2>taiwakejanakute</c><1></c>,re
81.098,81.565,-1,0,<1></c><3>noga</c><2>retaiwakejanakute</c><1></c>,ga
80.931,81.098,-1,0,<1></c><3>no</c><2>garetaiwakejanakute</c><1></c>,no
121.271,121.538,-1,0,<1></c><3>odorasareteirukonokanji</c><1></c>,ji
121.038,121.271,-1,0,<1></c><3>odorasareteirukonokan</c><2>ji</c><1></c>,n
120.904,121.038,-1,0,<1></c><3>odorasareteirukonoka</c><2>nji</c><1></c>,ka
120.737,120.904,-1,0,<1></c><3>odorasareteirukono</c><2>kanji</c><1></c>,no
120.571,120.737,-1,0,<1></c><3>odorasareteiruko</c><2>nokanji</c><1></c>,ko
120.27,120.571,-1,0,<1></c><3>odorasareteiru</c><2>konokanji</c><1></c>,ru
120.104,120.27,-1,0,<1></c><3>odorasaretei</c><2>rukonokanji</c><1></c>,i
119.636,120.104,-1,0,<1></c><3>odorasarete</c><2>irukonokanji</c><1></c>,te
119.47,119.636,-1,0,<1></c><3>odorasare</c><2>teirukonokanji</c><1></c>,re
119.002,119.47,-1,0,<1></c><3>odorasa</c><2>reteirukonokanji</c><1></c>,sa
118.836,119.002,-1,0,<1></c><3>odora</c><2>sareteirukonokanji</c><1></c>,ra
118.702,118.836,-1,0,<1></c><3>odo</c><2>rasareteirukonokanji</c><1></c>,do
118.535,118.702,-1,0,<1></c><3>o</c><2>dorasareteirukonokanji</c><1></c>,o
227.01,227.644,-1,0,<1></c><3>rescueme</c><1></c>,me
226.843,227.01,-1,0,<1></c><3>rescue</c><2>me</c><1></c>,cue
226.376,226.843,-1,0,<1></c><3>res</c><2>cueme</c><1></c>,res
245.162,245.596,-1,0,<1></c><3>rescuemeshite</c><1></c>,te
244.928,245.162,-1,0,<1></c><3>rescuemeshi</c><2>te</c><1></c>,shi
243.093,244.928,-1,0,<1></c><3>rescueme</c><2>shite</c><1></c>,me
242.96,243.093,-1,0,<1></c><3>rescue</c><2>meshite</c><1></c>,cue
242.793,242.96,-1,0,<1></c><3>res</c><2>cuemeshite</c><1></c>,res
141.458,142.025,-1,0,<1></c><3>rescuemeshite</c><1></c>,te
141.291,141.458,-1,0,<1></c><3>rescuemeshi</c><2>te</c><1></c>,shi
140.824,141.291,-1,0,<1></c><3>rescueme</c><2>shite</c><1></c>,me
140.657,140.824,-1,0,<1></c><3>rescue</c><2>meshite</c><1></c>,cue
140.491,140.657,-1,0,<1></c><3>res</c><2>cuemeshite</c><1></c>,res
118.235,118.535,-1,0,<1></c><3>rongaitenohiranouede</c><1></c>,de
118.068,118.235,-1,0,<1></c><3>rongaitenohiranoue</c><2>de</c><1></c>,e
117.935,118.068,-1,0,<1></c><3>rongaitenohiranou</c><2>ede</c><1></c>,u
117.768,117.935,-1,0,<1></c><3>rongaitenohirano</c><2>uede</c><1></c>,no
117.601,117.768,-1,0,<1></c><3>rongaitenohira</c><2>nouede</c><1></c>,ra
117.434,117.601,-1,0,<1></c><3>rongaitenohi</c><2>ranouede</c><1></c>,hi
117.301,117.434,-1,0,<1></c><3>rongaiteno</c><2>hiranouede</c><1></c>,no
117.101,117.301,-1,0,<1></c><3>rongaite</c><2>nohiranouede</c><1></c>,te
116.967,117.101,-1,0,<1></c><3>rongai</c><2>tenohiranouede</c><1></c>,i
116.8,116.967,-1,0,<1></c><3>ronga</c><2>itenohiranouede</c><1></c>,ga
116.667,116.8,-1,0,<1></c><3>ron</c><2>gaitenohiranouede</c><1></c>,n
116.5,116.667,-1,0,<1></c><3>ro</c><2>ngaitenohiranouede</c><1></c>,ro
229.546,230.18,-1,0,<1></c><3>saveme</c><1></c>,me
228.912,229.546,-1,0,<1></c><3>save</c><2>me</c><1></c>,save
211.228,212.162,-1,0,<1></c><3>sonotedefureteyo</c><1></c>,yo
210.894,211.228,-1,0,<1></c><3>sonotedefurete</c><2>yo</c><1></c>,te
210.594,210.894,-1,0,<1></c><3>sonotedefure</c><2>teyo</c><1></c>,re
210.327,210.594,-1,0,<1></c><3>sonotedefu</c><2>reteyo</c><1></c>,fu
209.96,210.327,-1,0,<1></c><3>sonotede</c><2>fureteyo</c><1></c>,de
209.626,209.96,-1,0,<1></c><3>sonote</c><2>defureteyo</c><1></c>,te
208.692,209.626,-1,0,<1></c><3>sono</c><2>tedefureteyo</c><1></c>,no
208.525,208.692,-1,0,<1></c><3>so</c><2>notedefureteyo</c><1></c>,so
197.147,197.648,-1,0,<1></c><3>sonotoosakurushikute</c><1></c>,te
197.014,197.147,-1,0,<1></c><3>sonotoosakurushiku</c><2>te</c><1></c>,ku
196.513,197.014,-1,0,<1></c><3>sonotoosakurushi</c><2>kute</c><1></c>,shi
196.213,196.513,-1,0,<1></c><3>sonotoosakuru</c><2>shikute</c><1></c>,ru
195.913,196.213,-1,0,<1></c><3>sonotoosaku</c><2>rushikute</c><1></c>,ku
195.712,195.913,-1,0,<1></c><3>sonotoosa</c><2>kurushikute</c><1></c>,sa
195.579,195.712,-1,0,<1></c><3>sonotoo</c><2>sakurushikute</c><1></c>,o
195.445,195.579,-1,0,<1></c><3>sonoto</c><2>osakurushikute</c><1></c>,to
195.279,195.445,-1,0,<1></c><3>sono</c><2>toosakurushikute</c><1></c>,no
195.112,195.279,-1,0,<1></c><3>so</c><2>notoosakurushikute</c><1></c>,so
253.537,256.073,63,0,<1></c><3>specialthanks:わためいと／watamates</c><1></c>,specialthanks:わためいと／watamates
45.329,45.763,70,0,<1></c><3>sugunimottomottoyokubarusutairu</c><1></c>,ru
45.129,45.329,70,0,<1></c><3>sugunimottomottoyokubarusutai</c><2>ru</c><1></c>,i
44.962,45.129,70,0,<1></c><3>sugunimottomottoyokubarusuta</c><2>iru</c><1></c>,ta
44.795,44.962,70,0,<1></c><3>sugunimottomottoyokubarusu</c><2>tairu</c><1></c>,su
44.661,44.795,70,0,<1></c><3>sugunimottomottoyokubaru</c><2>sutairu</c><1></c>,ru
44.495,44.661,70,0,<1></c><3>sugunimottomottoyokuba</c><2>rusutairu</c><1></c>,ba
44.361,44.495,70,0,<1></c><3>sugunimottomottoyoku</c><2>barusutairu</c><1></c>,ku
44.261,44.361,70,0,<1></c><3>sugunimottomottoyo</c><2>kubarusutairu</c><1></c>,yo
44.028,44.261,70,0,<1></c><3>sugunimottomotto</c><2>yokubarusutairu</c><1></c>,to
43.694,44.028,70,0,<1></c><3>sugunimottomot</c><2>toyokubarusutairu</c><1></c>,mot
43.527,43.694,70,0,<1></c><3>sugunimotto</c><2>mottoyokubarusutairu</c><1></c>,to
43.227,43.527,70,0,<1></c><3>sugunimot</c><2>tomottoyokubarusutairu</c><1></c>,mot
43.06,43.227,70,0,<1></c><3>suguni</c><2>mottomottoyokubarusutairu</c><1></c>,ni
42.893,43.06,70,0,<1></c><3>sugu</c><2>nimottomottoyokubarusutairu</c><1></c>,gu
42.693,42.893,70,0,<1></c><3>su</c><2>gunimottomottoyokubarusutairu</c><1></c>,su
238.855,238.989,-1,0,<1></c><3>taionnimimaware</c><1></c>,re
238.388,238.855,-1,0,<1></c><3>taionnimimawa</c><2>re</c><1></c>,wa
238.222,238.388,-1,0,<1></c><3>taionnimima</c><2>ware</c><1></c>,ma
237.754,238.222,-1,0,<1></c><3>taionnimi</c><2>maware</c><1></c>,mi
237.588,237.754,-1,0,<1></c><3>taionni</c><2>mimaware</c><1></c>,ni
237.421,237.588,-1,0,<1></c><3>taion</c><2>nimimaware</c><1></c>,n
237.12,237.421,-1,0,<1></c><3>taio</c><2>nnimimaware</c><1></c>,o
236.954,237.12,-1,0,<1></c><3>tai</c><2>onnimimaware</c><1></c>,i
236.486,236.954,-1,0,<1></c><3>ta</c><2>ionnimimaware</c><1></c>,ta
126.41,126.577,-1,0,<1></c><3>taionnimimaware</c><1></c>,re
125.976,126.41,-1,0,<1></c><3>taionnimimawa</c><2>re</c><1></c>,wa
125.809,125.976,-1,0,<1></c><3>taionnimima</c><2>ware</c><1></c>,ma
125.342,125.809,-1,0,<1></c><3>taionnimi</c><2>maware</c><1></c>,mi
125.175,125.342,-1,0,<1></c><3>taionni</c><2>mimaware</c><1></c>,ni
125.008,125.175,-1,0,<1></c><3>taion</c><2>nimimaware</c><1></c>,n
124.708,125.008,-1,0,<1></c><3>taio</c><2>nnimimaware</c><1></c>,o
124.541,124.708,-1,0,<1></c><3>tai</c><2>onnimimaware</c><1></c>,i
124.074,124.541,-1,0,<1></c><3>ta</c><2>ionnimimaware</c><1></c>,ta
251.001,253.537,-1,0,<1></c><3>tsunomakiproductionteam</c><1></c>,tsunomakiproductionteam
10.394,20.504,64,0,<1></c><3>tsunomakiwatame-maydaymayday</c><1></c>,tsunomakiwatame-maydaymayday
113.33,113.964,-1,0,<1></c><3>zettaiaruwakenaijanai</c><1></c>,i
113.163,113.33,-1,0,<1></c><3>zettaiaruwakenaijana</c><2>i</c><1></c>,na
112.996,113.163,-1,0,<1></c><3>zettaiaruwakenaija</c><2>nai</c><1></c>,ja
112.863,112.996,-1,0,<1></c><3>zettaiaruwakenai</c><2>janai</c><1></c>,i
112.696,112.863,-1,0,<1></c><3>zettaiaruwakena</c><2>ijanai</c><1></c>,na
112.529,112.696,-1,0,<1></c><3>zettaiaruwake</c><2>naijanai</c><1></c>,ke
112.396,112.529,-1,0,<1></c><3>zettaiaruwa</c><2>kenaijanai</c><1></c>,wa
112.229,112.396,-1,0,<1></c><3>zettaiaru</c><2>wakenaijanai</c><1></c>,ru
112.062,112.229,-1,0,<1></c><3>zettaia</c><2>ruwakenaijanai</c><1></c>,a
111.929,112.062,-1,0,<1></c><3>zettai</c><2>aruwakenaijanai</c><1></c>,i
111.762,111.929,-1,0,<1></c><3>zetta</c><2>iaruwakenaijanai</c><1></c>,ta
111.595,111.762,-1,0,<1></c><3>zet</c><2>taiaruwakenaijanai</c><1></c>,t
111.428,111.595,-1,0,<1></c><3>ze</c><2>ttaiaruwakenaijanai</c><1></c>,ze
115.866,116.5,56,0,<1></c><3>zettainitadanokanchigai</c><1></c>,i
115.699,115.866,56,0,<1></c><3>zettainitadanokanchiga</c><2>i</c><1></c>,ga
115.532,115.699,56,0,<1></c><3>zettainitadanokanchi</c><2>gai</c><1></c>,chi
115.399,115.532,56,0,<1></c><3>zettainitadanokan</c><2>chigai</c><1></c>,n
115.199,115.399,56,0,<1></c><3>zettainitadanoka</c><2>nchigai</c><1></c>,ka
115.065,115.199,56,0,<1></c><3>zettainitadano</c><2>kanchigai</c><1></c>,no
114.898,115.065,56,0,<1></c><3>zettainitada</c><2>nokanchigai</c><1></c>,da
114.731,114.898,56,0,<1></c><3>zettainita</c><2>danokanchigai</c><1></c>,ta
114.598,114.731,56,0,<1></c><3>zettaini</c><2>tadanokanchigai</c><1></c>,ni
114.465,114.598,56,0,<1></c><3>zettai</c><2>nitadanokanchigai</c><1></c>,i
114.264,114.465,56,0,<1></c><3>zetta</c><2>initadanokanchigai</c><1></c>,ta
114.131,114.264,56,0,<1></c><3>zet</c><2>tainitadanokanchigai</c><1></c>,t
113.964,114.131,56,0,<1></c><3>ze</c><2>ttainitadanokanchigai</c><1></c>,ze
