start,end,position,line,text,token
242.492,243.22,-1,0,<15>...yakusokudazo.</c>,zo.
242.326,242.492,-1,0,<15>...yakusokuda</c><42>zo.</c>,da
242.259,242.326,-1,0,<15>...yakusoku</c><42>dazo.</c>,ku
242.159,242.259,-1,0,<15>...yakuso</c><42>kudazo.</c>,so
242.025,242.159,-1,0,<15>...yaku</c><42>sokudazo.</c>,ku
241.825,242.025,-1,0,<15>...ya</c><42>kusokudazo.</c>,...ya
122.406,123.073,-1,0,<40>aimainanjanai</c>,nai
122.206,122.406,-1,0,<40>aimainanja</c><42>nai</c>,ja
121.972,122.206,-1,0,<40>aimainan</c><42>janai</c>,n
121.738,121.972,-1,0,<40>aimaina</c><42>njanai</c>,na
121.305,121.738,-1,0,<40>aimai</c><42>nanjanai</c>,mai
120.871,121.305,-1,0,<40>ai</c><42>mainanjanai</c>,ai
123.073,123.08,-1,0,<40>aimainanjanai</c><35>ko</c><42>nokimochiwamachigaijanai</c>,aimainanjanaikonokimochiwamachigaijanai
266.416,267.1,-1,0,<49>aimainantenai</c>,nai
266.183,266.416,-1,0,<49>aimainante</c><42>nai</c>,te
265.749,266.183,-1,0,<49>aimainan</c><42>tenai</c>,nan
265.315,265.749,-1,0,<49>aimai</c><42>nantenai</c>,mai
264.848,265.315,-1,0,<49>ai</c><42>mainantenai</c>,ai
143.594,143.98,-1,0,<71>ainikitekureruyone?</c>,ne?
143.46,143.594,-1,0,<71>ainikitekureruyo</c><42>ne?</c>,yo
143.327,143.46,-1,0,<71>ainikitekureru</c><42>yone?</c>,ru
143.193,143.327,-1,0,<71>ainikitekure</c><42>ruyone?</c>,re
143.06,143.193,-1,0,<71>ainikiteku</c><42>reruyone?</c>,ku
142.926,143.06,-1,0,<71>ainikite</c><42>kureruyone?</c>,te
142.826,142.926,-1,0,<71>ainiki</c><42>tekureruyone?</c>,ki
142.693,142.826,-1,0,<71>aini</c><42>kitekureruyone?</c>,ni
142.559,142.693,-1,0,<71>ai</c><42>nikitekureruyone?</c>,i
142.426,142.559,-1,0,<71>a</c><42>inikitekureruyone?</c>,a
172.222,172.87,-1,0,<71>aitakunacchauna.</c>,na.
171.955,172.222,-1,0,<71>aitakunacchau</c><42>na.</c>,u
171.722,171.955,-1,0,<71>aitakunaccha</c><42>una.</c>,cha
171.321,171.722,-1,0,<71>aitakunac</c><42>chauna.</c>,nac
171.088,171.321,-1,0,<71>aitaku</c><42>nacchauna.</c>,ku
170.621,171.088,-1,0,<71>aita</c><42>kunacchauna.</c>,ta
170.521,170.621,-1,0,<71>ai</c><42>takunacchauna.</c>,i
170.42,170.521,-1,0,<71>a</c><42>itakunacchauna.</c>,a
252.169,252.836,-1,0,<44>akaiitogamiechaukamo</c>,mo
251.969,252.169,-1,0,<44>akaiitogamiechauka</c><42>mo</c>,ka
251.735,251.969,-1,0,<44>akaiitogamiechau</c><42>kamo</c>,u
251.268,251.735,-1,0,<44>akaiitogamiecha</c><42>ukamo</c>,cha
251.101,251.268,-1,0,<44>akaiitogamie</c><42>chaukamo</c>,e
250.634,251.101,-1,0,<44>akaiitogami</c><42>echaukamo</c>,mi
250.434,250.634,-1,0,<44>akaiitoga</c><42>miechaukamo</c>,ga
250.167,250.434,-1,0,<44>akaiito</c><42>gamiechaukamo</c>,to
249.967,250.167,-1,0,<44>akaii</c><42>togamiechaukamo</c>,i
249.766,249.967,-1,0,<44>akai</c><42>itogamiechaukamo</c>,i
249.533,249.766,-1,0,<44>aka</c><42>iitogamiechaukamo</c>,ka
249.31,249.533,-1,0,<44>a</c><42>kaiitogamiechaukamo</c>,a
252.836,252.85,56,0,<44>akaiitogamiechaukamo</c><41>hon</c><42>tounohontouwabareterunokamo</c>,akaiitogamiechaukamohontounohontouwabareterunokamo
72.656,72.89,-1,0,<72>amarupazuru</c>,ru
72.389,72.656,-1,0,<72>amarupazu</c><42>ru</c>,zu
71.955,72.389,-1,0,<72>amarupa</c><42>zuru</c>,pa
71.755,71.955,-1,0,<72>amaru</c><42>pazuru</c>,ru
71.522,71.755,-1,0,<72>ama</c><42>rupazuru</c>,ma
71.288,71.522,-1,0,<72>a</c><42>marupazuru</c>,a
150.901,151.53,-1,0,<13>angainakimushi</c>,shi
150.534,150.901,-1,0,<13>angainakimu</c><42>shi</c>,mu
150.2,150.534,-1,0,<13>angainaki</c><42>mushi</c>,ki
149.967,150.2,-1,0,<13>angaina</c><42>kimushi</c>,na
149.766,149.967,-1,0,<13>angai</c><42>nakimushi</c>,gai
149.533,149.766,-1,0,<13>an</c><42>gainakimushi</c>,an
37.31,40.87,-1,0,<68>art:fuumi</c><34>videoediting:karasawa</c>,art:fuumivideoediting:karasawa
161.578,162.179,-1,0,<26>atarimaenoyouni</c><45>kyuntteshichau</c>,chau
161.445,161.578,-1,0,<26>atarimaenoyouni</c><45>kyuntteshi</c><42>chau</c>,shi
161.311,161.445,-1,0,<26>atarimaenoyouni</c><45>kyuntte</c><42>shichau</c>,tte
160.611,161.311,-1,0,<26>atarimaenoyouni</c><45>kyun</c><42>tteshichau</c>,kyun
160.444,160.611,-1,0,<26>atarimaenoyouni</c><42>kyuntteshichau</c>,ni
160.244,160.444,-1,0,<26>atarimaenoyou</c><42>nikyuntteshichau</c>,u
160.043,160.244,-1,0,<26>atarimaenoyo</c><42>unikyuntteshichau</c>,yo
159.776,160.043,-1,0,<26>atarimaeno</c><42>younikyuntteshichau</c>,no
159.51,159.776,-1,0,<26>atarimae</c><42>noyounikyuntteshichau</c>,e
159.309,159.51,-1,0,<26>atarima</c><42>enoyounikyuntteshichau</c>,ma
159.076,159.309,-1,0,<26>atari</c><42>maenoyounikyuntteshichau</c>,ri
158.876,159.076,-1,0,<26>ata</c><42>rimaenoyounikyuntteshichau</c>,ta
158.642,158.876,-1,0,<26>a</c><42>tarimaenoyounikyuntteshichau</c>,a
162.179,162.19,56,0,<26>atarimaenoyouni</c><45>kyuntteshichau</c><46>ki</c><42>migainaitogakkarishichau</c>,atarimaenoyounikyuntteshichaukimigainaitogakkarishichau
19.103,19.536,-1,0,<71>a~amatayacchatta</c>,ta
18.869,19.103,-1,0,<71>a~amatayacchat</c><42>ta</c>,chat
18.635,18.869,-1,0,<71>a~amatayac</c><42>chatta</c>,yac
18.535,18.635,-1,0,<71>a~amata</c><42>yacchatta</c>,ta
18.435,18.535,-1,0,<71>a~ama</c><42>tayacchatta</c>,ma
18.268,18.435,-1,0,<71>a~a</c><42>matayacchatta</c>,a
18.002,18.268,-1,0,<71>a~</c><42>amatayacchatta</c>,a~
29.78,30.21,-1,0,<71>dattehazukashiindamon.</c>,mon.
29.68,29.78,-1,0,<71>dattehazukashiinda</c><42>mon.</c>,da
29.646,29.68,-1,0,<71>dattehazukashiin</c><42>damon.</c>,n
29.546,29.646,-1,0,<71>dattehazukashii</c><42>ndamon.</c>,shii
29.346,29.546,-1,0,<71>dattehazuka</c><42>shiindamon.</c>,ka
29.246,29.346,-1,0,<71>dattehazu</c><42>kashiindamon.</c>,zu
29.113,29.246,-1,0,<71>datteha</c><42>zukashiindamon.</c>,ha
28.946,29.113,-1,0,<71>datte</c><42>hazukashiindamon.</c>,te
28.679,28.946,-1,0,<71>dat</c><42>tehazukashiindamon.</c>,dat
78.195,79.58,-1,0,<59>fuwafuwaukabuyumemigokochi</c>,chi
77.728,78.195,-1,0,<59>fuwafuwaukabuyumemigoko</c><42>chi</c>,ko
77.294,77.728,-1,0,<59>fuwafuwaukabuyumemigo</c><42>kochi</c>,go
76.894,77.294,-1,0,<59>fuwafuwaukabuyumemi</c><42>gokochi</c>,mi
76.427,76.894,-1,0,<59>fuwafuwaukabuyume</c><42>migokochi</c>,me
75.926,76.427,-1,0,<59>fuwafuwaukabuyu</c><42>memigokochi</c>,yu
75.526,75.926,-1,0,<59>fuwafuwaukabu</c><42>yumemigokochi</c>,bu
75.092,75.526,-1,0,<59>fuwafuwauka</c><42>buyumemigokochi</c>,ka
74.625,75.092,-1,0,<59>fuwafuwau</c><42>kabuyumemigokochi</c>,u
74.224,74.625,-1,0,<59>fuwafuwa</c><42>ukabuyumemigokochi</c>,wa
73.791,74.224,-1,0,<59>fuwafu</c><42>waukabuyumemigokochi</c>,fu
73.357,73.791,-1,0,<59>fuwa</c><42>fuwaukabuyumemigokochi</c>,wa
72.89,73.357,-1,0,<59>fu</c><42>wafuwaukabuyumemigokochi</c>,fu
157.975,158.64,-1,0,<47>ganraikimibakka!</c>,ka!
157.641,157.975,-1,0,<47>ganraikimibak</c><42>ka!</c>,bak
157.541,157.641,-1,0,<47>ganraikimi</c><42>bakka!</c>,mi
157.307,157.541,-1,0,<47>ganraiki</c><42>mibakka!</c>,ki
157.141,157.307,-1,0,<47>ganrai</c><42>kimibakka!</c>,i
156.874,157.141,-1,0,<47>ganra</c><42>ikimibakka!</c>,ra
156.64,156.874,-1,0,<47>gan</c><42>raikimibakka!</c>,gan
92.376,93.777,-1,0,<50>hisokanimebaetakonokimochi</c>,chi
91.975,92.376,-1,0,<50>hisokanimebaetakonokimo</c><42>chi</c>,mo
91.508,91.975,-1,0,<50>hisokanimebaetakonoki</c><42>mochi</c>,ki
91.108,91.508,-1,0,<50>hisokanimebaetakono</c><42>kimochi</c>,no
90.641,91.108,-1,0,<50>hisokanimebaetako</c><42>nokimochi</c>,ko
90.207,90.641,-1,0,<50>hisokanimebaeta</c><42>konokimochi</c>,ta
89.773,90.207,-1,0,<50>hisokanimebae</c><42>takonokimochi</c>,e
89.339,89.773,-1,0,<50>hisokanimeba</c><42>etakonokimochi</c>,ba
88.872,89.339,-1,0,<50>hisokanime</c><42>baetakonokimochi</c>,me
88.405,88.872,-1,0,<50>hisokani</c><42>mebaetakonokimochi</c>,ni
87.971,88.405,-1,0,<50>hisoka</c><42>nimebaetakonokimochi</c>,ka
87.538,87.971,-1,0,<50>hiso</c><42>kanimebaetakonokimochi</c>,so
87.104,87.538,-1,0,<50>hi</c><42>sokanimebaetakonokimochi</c>,hi
93.777,93.79,-1,0,<50>hisokanimebaetakonokimochima</c><42>ssugumitsumenaide</c>,hisokanimebaetakonokimochimassugumitsumenaide
85.302,85.7,-1,0,<59>hitotsuhitotsukazoeteoyasuminasai</c>,sai
84.868,85.302,56,0,<59>hitotsuhitotsukazoeteoyasumina</c><42>sai</c>,na
84.435,84.868,56,0,<59>hitotsuhitotsukazoeteoyasumi</c><42>nasai</c>,mi
83.867,84.435,56,0,<59>hitotsuhitotsukazoeteoyasu</c><42>minasai</c>,su
83.534,83.867,56,0,<59>hitotsuhitotsukazoeteoya</c><42>suminasai</c>,ya
83.3,83.534,56,0,<59>hitotsuhitotsukazoeteo</c><42>yasuminasai</c>,o
83.1,83.3,56,0,<59>hitotsuhitotsukazoete</c><42>oyasuminasai</c>,te
82.666,83.1,56,0,<59>hitotsuhitotsukazoe</c><42>teoyasuminasai</c>,e
82.199,82.666,56,0,<59>hitotsuhitotsukazo</c><42>eteoyasuminasai</c>,zo
81.765,82.199,56,0,<59>hitotsuhitotsuka</c><42>zoeteoyasuminasai</c>,ka
81.265,81.765,56,0,<59>hitotsuhitotsu</c><42>kazoeteoyasuminasai</c>,tsu
80.864,81.265,56,0,<59>hitotsuhito</c><42>tsukazoeteoyasuminasai</c>,to
80.431,80.864,56,0,<59>hitotsuhi</c><42>totsukazoeteoyasuminasai</c>,hi
80.297,80.431,56,0,<59>hitotsu</c><42>hitotsukazoeteoyasuminasai</c>,tsu
79.963,80.297,56,0,<59>hito</c><42>tsuhitotsukazoeteoyasuminasai</c>,to
79.596,79.963,56,0,<59>hi</c><42>totsuhitotsukazoeteoyasuminasai</c>,hi
147.464,147.98,-1,0,<24>honraiokubyoude</c>,de
147.297,147.464,-1,0,<24>honraiokubyou</c><42>de</c>,u
146.964,147.297,-1,0,<24>honraiokubyo</c><42>ude</c>,byo
146.864,146.964,-1,0,<24>honraioku</c><42>byoude</c>,ku
146.63,146.864,-1,0,<24>honraio</c><42>kubyoude</c>,o
146.43,146.63,-1,0,<24>honrai</c><42>okubyoude</c>,i
146.196,146.43,-1,0,<24>honra</c><42>iokubyoude</c>,ra
145.996,146.196,-1,0,<24>hon</c><42>raiokubyoude</c>,hon
169.319,170.41,63,0,<11>hontouno</c><53>hontouni</c><22>shonborishichauwa</c>,wa
169.086,169.319,63,0,<11>hontouno</c><53>hontouni</c><22>shonborishichau</c><42>wa</c>,u
168.619,169.086,63,0,<11>hontouno</c><53>hontouni</c><22>shonborishicha</c><42>uwa</c>,cha
168.318,168.619,63,0,<11>hontouno</c><53>hontouni</c><22>shonborishi</c><42>chauwa</c>,shi
167.784,168.318,63,0,<11>hontouno</c><53>hontouni</c><22>shonbori</c><42>shichauwa</c>,ri
167.518,167.784,63,0,<11>hontouno</c><53>hontouni</c><22>shonbo</c><42>rishichauwa</c>,bo
167.384,167.518,63,0,<11>hontouno</c><53>hontouni</c><22>shon</c><42>borishichauwa</c>,n
167.117,167.384,63,0,<11>hontouno</c><53>hontouni</c><22>sho</c><42>nborishichauwa</c>,sho
166.884,167.117,63,0,<11>hontouno</c><53>hontouni</c><42>shonborishichauwa</c>,ni
166.617,166.884,63,0,<11>hontouno</c><53>hontou</c><42>nishonborishichauwa</c>,tou
166.416,166.617,63,0,<11>hontouno</c><53>hon</c><42>tounishonborishichauwa</c>,hon
166.216,166.416,63,0,<11>hontouno</c><42>hontounishonborishichauwa</c>,no
165.983,166.216,63,0,<11>hontou</c><42>nohontounishonborishichauwa</c>,tou
165.749,165.983,63,0,<11>hon</c><42>tounohontounishonborishichauwa</c>,hon
255.772,257.54,58,0,<41>hontounohontouwa</c><9>bareterunokamo</c>,mo
255.505,255.772,58,0,<41>hontounohontouwa</c><9>bareterunoka</c><42>mo</c>,ka
255.305,255.505,58,0,<41>hontounohontouwa</c><9>bareteruno</c><42>kamo</c>,no
254.871,255.305,58,0,<41>hontounohontouwa</c><9>bareteru</c><42>nokamo</c>,ru
254.638,254.871,58,0,<41>hontounohontouwa</c><9>barete</c><42>runokamo</c>,te
254.438,254.638,58,0,<41>hontounohontouwa</c><9>bare</c><42>terunokamo</c>,re
254.204,254.438,58,0,<41>hontounohontouwa</c><9>ba</c><42>reterunokamo</c>,ba
253.971,254.204,58,0,<41>hontounohontouwa</c><42>bareterunokamo</c>,wa
253.77,253.971,58,0,<41>hontounohontou</c><42>wabareterunokamo</c>,tou
253.503,253.77,58,0,<41>hontounohon</c><42>touwabareterunokamo</c>,hon
253.303,253.503,58,0,<41>hontouno</c><42>hontouwabareterunokamo</c>,no
253.103,253.303,58,0,<41>hontou</c><42>nohontouwabareterunokamo</c>,tou
252.85,253.103,58,0,<41>hon</c><42>tounohontouwabareterunokamo</c>,hon
112.396,113.53,66,0,<8>hontouno</c><53>hontouwa</c><56>kakushitainjanaino</c>,no
112.196,112.396,66,0,<8>hontouno</c><53>hontouwa</c><56>kakushitainjanai</c><42>no</c>,i
111.728,112.196,66,0,<8>hontouno</c><53>hontouwa</c><56>kakushitainjana</c><42>ino</c>,na
111.528,111.728,66,0,<8>hontouno</c><53>hontouwa</c><56>kakushitainja</c><42>naino</c>,ja
111.361,111.528,66,0,<8>hontouno</c><53>hontouwa</c><56>kakushitain</c><42>janaino</c>,n
110.861,111.361,66,0,<8>hontouno</c><53>hontouwa</c><56>kakushitai</c><42>njanaino</c>,tai
110.627,110.861,66,0,<8>hontouno</c><53>hontouwa</c><56>kakushi</c><42>tainjanaino</c>,shi
110.527,110.627,66,0,<8>hontouno</c><53>hontouwa</c><56>kaku</c><42>shitainjanaino</c>,ku
110.194,110.527,66,0,<8>hontouno</c><53>hontouwa</c><56>ka</c><42>kushitainjanaino</c>,ka
109.96,110.194,66,0,<8>hontouno</c><53>hontouwa</c><42>kakushitainjanaino</c>,wa
109.76,109.96,66,0,<8>hontouno</c><53>hontou</c><42>wakakushitainjanaino</c>,tou
109.526,109.76,66,0,<8>hontouno</c><53>hon</c><42>touwakakushitainjanaino</c>,hon
109.326,109.526,66,0,<8>hontouno</c><42>hontouwakakushitainjanaino</c>,no
109.126,109.326,66,0,<8>hontou</c><42>nohontouwakakushitainjanaino</c>,tou
108.859,109.126,66,0,<8>hon</c><42>tounohontouwakakushitainjanaino</c>,hon
244.861,245.31,-1,0,<63>icchatta///</c>,ta///
244.428,244.861,-1,0,<63>icchat</c><42>ta///</c>,chat
243.994,244.428,-1,0,<63>ic</c><42>chatta///</c>,ic
51.335,51.95,-1,0,<66>igaitoamaenbo</c>,bo
51.201,51.335,-1,0,<66>igaitoamaen</c><42>bo</c>,n
51.035,51.201,-1,0,<66>igaitoamae</c><42>nbo</c>,e
50.901,51.035,-1,0,<66>igaitoama</c><42>enbo</c>,ma
50.667,50.901,-1,0,<66>igaitoa</c><42>maenbo</c>,a
50.434,50.667,-1,0,<66>igaito</c><42>amaenbo</c>,to
50.2,50.434,-1,0,<66>igai</c><42>toamaenbo</c>,i
50.1,50.2,-1,0,<66>iga</c><42>itoamaenbo</c>,ga
50.0,50.1,-1,0,<66>i</c><42>gaitoamaenbo</c>,i
54.938,55.51,-1,0,<66>igaitoawatenbo</c>,bo
54.805,54.938,-1,0,<66>igaitoawaten</c><42>bo</c>,n
54.538,54.805,-1,0,<66>igaitoawate</c><42>nbo</c>,te
54.405,54.538,-1,0,<66>igaitoawa</c><42>tenbo</c>,wa
54.171,54.405,-1,0,<66>igaitoa</c><42>watenbo</c>,a
53.971,54.171,-1,0,<66>igaito</c><42>awatenbo</c>,to
53.771,53.971,-1,0,<66>igai</c><42>toawatenbo</c>,i
53.637,53.771,-1,0,<66>iga</c><42>itoawatenbo</c>,ga
53.537,53.637,-1,0,<66>i</c><42>gaitoawatenbo</c>,i
47.865,48.41,-1,0,<66>igaitosabishinbo</c>,bo
47.698,47.865,-1,0,<66>igaitosabishin</c><42>bo</c>,n
47.498,47.698,-1,0,<66>igaitosabishi</c><42>nbo</c>,shi
47.364,47.498,-1,0,<66>igaitosabi</c><42>shinbo</c>,bi
47.097,47.364,-1,0,<66>igaitosa</c><42>bishinbo</c>,sa
46.864,47.097,-1,0,<66>igaito</c><42>sabishinbo</c>,to
46.663,46.864,-1,0,<66>igai</c><42>tosabishinbo</c>,i
46.53,46.663,-1,0,<66>iga</c><42>itosabishinbo</c>,ga
46.43,46.53,-1,0,<66>i</c><42>gaitosabishinbo</c>,i
58.442,59.08,-1,0,<66>igaitotereya</c>,ya
58.142,58.442,-1,0,<66>igaitotere</c><42>ya</c>,re
57.775,58.142,-1,0,<66>igaitote</c><42>reya</c>,te
57.541,57.775,-1,0,<66>igaito</c><42>tereya</c>,to
57.307,57.541,-1,0,<66>igai</c><42>totereya</c>,i
57.207,57.307,-1,0,<66>iga</c><42>itotereya</c>,ga
57.107,57.207,-1,0,<66>i</c><42>gaitotereya</c>,i
232.649,233.3,-1,0,<60>itsumademowaraiattari</c>,ri
232.416,232.649,-1,0,<60>itsumademowaraiatta</c><42>ri</c>,ta
231.782,232.416,-1,0,<60>itsumademowaraiat</c><42>tari</c>,at
231.582,231.782,-1,0,<60>itsumademowarai</c><42>attari</c>,i
231.081,231.582,-1,0,<60>itsumademowara</c><42>iattari</c>,ra
230.847,231.081,-1,0,<60>itsumademowa</c><42>raiattari</c>,wa
230.647,230.847,-1,0,<60>itsumademo</c><42>waraiattari</c>,mo
230.414,230.647,-1,0,<60>itsumade</c><42>mowaraiattari</c>,de
230.214,230.414,-1,0,<60>itsuma</c><42>demowaraiattari</c>,ma
229.947,230.214,-1,0,<60>itsu</c><42>mademowaraiattari</c>,tsu
229.78,229.947,-1,0,<60>i</c><42>tsumademowaraiattari</c>,i
22.639,23.107,-1,0,<71>kakushitetawakejanaino</c>,no
22.539,22.639,-1,0,<71>kakushitetawakejanai</c><42>no</c>,i
22.439,22.539,-1,0,<71>kakushitetawakejana</c><42>ino</c>,na
22.339,22.439,-1,0,<71>kakushitetawakeja</c><42>naino</c>,ja
22.206,22.339,-1,0,<71>kakushitetawake</c><42>janaino</c>,ke
22.072,22.206,-1,0,<71>kakushitetawa</c><42>kejanaino</c>,wa
22.039,22.072,-1,0,<71>kakushiteta</c><42>wakejanaino</c>,ta
21.972,22.039,-1,0,<71>kakushite</c><42>tawakejanaino</c>,te
21.805,21.972,-1,0,<71>kakushi</c><42>tetawakejanaino</c>,shi
21.705,21.805,-1,0,<71>kaku</c><42>shitetawakejanaino</c>,ku
21.538,21.705,-1,0,<71>ka</c><42>kushitetawakejanaino</c>,ka
133.283,133.74,-1,0,<71>kanaridojikkode</c>,de
133.117,133.283,-1,0,<71>kanaridojikko</c><42>de</c>,kko
132.749,133.117,-1,0,<71>kanaridoji</c><42>kkode</c>,ji
132.416,132.749,-1,0,<71>kanarido</c><42>jikkode</c>,do
132.249,132.416,-1,0,<71>kanari</c><42>dojikkode</c>,ri
132.015,132.249,-1,0,<71>kana</c><42>ridojikkode</c>,na
131.748,132.015,-1,0,<71>ka</c><42>naridojikkode</c>,ka
165.082,165.74,-1,0,<46>kimi</c><4>gainaitogakkarishichau</c>,chau
164.748,165.082,-1,0,<46>kimi</c><4>gainaitogakkarishi</c><42>chau</c>,shi
164.248,164.748,-1,0,<46>kimi</c><4>gainaitogakkari</c><42>shichau</c>,ri
163.981,164.248,-1,0,<46>kimi</c><4>gainaitogakka</c><42>rishichau</c>,ka
163.547,163.981,-1,0,<46>kimi</c><4>gainaitogak</c><42>karishichau</c>,gak
163.313,163.547,-1,0,<46>kimi</c><4>gainaito</c><42>gakkarishichau</c>,to
163.08,163.313,-1,0,<46>kimi</c><4>gainai</c><42>togakkarishichau</c>,nai
162.913,163.08,-1,0,<46>kimi</c><4>gai</c><42>naitogakkarishichau</c>,i
162.646,162.913,-1,0,<46>kimi</c><4>ga</c><42>inaitogakkarishichau</c>,ga
162.446,162.646,-1,0,<46>kimi</c><42>gainaitogakkarishichau</c>,mi
162.19,162.446,-1,0,<46>ki</c><42>migainaitogakkarishichau</c>,ki
26.577,26.977,-1,0,<71>kittotadaittenaidake</c>,ke
26.443,26.577,-1,0,<71>kittotadaittenaida</c><42>ke</c>,da
26.276,26.443,-1,0,<71>kittotadaittenai</c><42>dake</c>,i
26.11,26.276,-1,0,<71>kittotadaittena</c><42>idake</c>,na
25.976,26.11,-1,0,<71>kittotadaitte</c><42>naidake</c>,te
25.776,25.976,-1,0,<71>kittotadait</c><42>tenaidake</c>,it
25.676,25.776,-1,0,<71>kittotada</c><42>ittenaidake</c>,da
25.542,25.676,-1,0,<71>kittota</c><42>daittenaidake</c>,ta
25.309,25.542,-1,0,<71>kitto</c><42>tadaittenaidake</c>,to
25.075,25.309,-1,0,<71>kit</c><42>totadaittenaidake</c>,kit
126.743,127.08,-1,0,<35>konokimochiwa</c><37>machigaijanai</c>,i
125.976,126.743,-1,0,<35>konokimochiwa</c><37>machigaijana</c><42>i</c>,na
125.742,125.976,-1,0,<35>konokimochiwa</c><37>machigaija</c><42>nai</c>,ja
125.075,125.742,-1,0,<35>konokimochiwa</c><37>machigai</c><42>janai</c>,i
124.875,125.075,-1,0,<35>konokimochiwa</c><37>machiga</c><42>ijanai</c>,ga
124.775,124.875,-1,0,<35>konokimochiwa</c><37>machi</c><42>gaijanai</c>,chi
124.441,124.775,-1,0,<35>konokimochiwa</c><37>ma</c><42>chigaijanai</c>,ma
124.174,124.441,-1,0,<35>konokimochiwa</c><42>machigaijanai</c>,wa
123.974,124.174,-1,0,<35>konokimochi</c><42>wamachigaijanai</c>,chi
123.774,123.974,-1,0,<35>konokimo</c><42>chiwamachigaijanai</c>,mo
123.54,123.774,-1,0,<35>konoki</c><42>mochiwamachigaijanai</c>,ki
123.307,123.54,-1,0,<35>kono</c><42>kimochiwamachigaijanai</c>,no
123.08,123.307,-1,0,<35>ko</c><42>nokimochiwamachigaijanai</c>,ko
182.9,183.97,-1,0,<3>kono</c><32>kokoromo</c><20>yuukidashichae</c>,e
182.633,182.9,-1,0,<3>kono</c><32>kokoromo</c><20>yuukidashicha</c><42>e</c>,cha
182.499,182.633,-1,0,<3>kono</c><32>kokoromo</c><20>yuukidashi</c><42>chae</c>,shi
181.999,182.499,-1,0,<3>kono</c><32>kokoromo</c><20>yuukida</c><42>shichae</c>,da
181.765,181.999,-1,0,<3>kono</c><32>kokoromo</c><20>yuuki</c><42>dashichae</c>,ki
181.532,181.765,-1,0,<3>kono</c><32>kokoromo</c><20>yuu</c><42>kidashichae</c>,u
181.265,181.532,-1,0,<3>kono</c><32>kokoromo</c><20>yu</c><42>ukidashichae</c>,yu
181.064,181.265,-1,0,<3>kono</c><32>kokoromo</c><42>yuukidashichae</c>,mo
180.864,181.064,-1,0,<3>kono</c><32>kokoro</c><42>moyuukidashichae</c>,ro
180.631,180.864,-1,0,<3>kono</c><32>koko</c><42>romoyuukidashichae</c>,ko
180.397,180.631,-1,0,<3>kono</c><32>ko</c><42>koromoyuukidashichae</c>,ko
180.23,180.397,-1,0,<3>kono</c><42>kokoromoyuukidashichae</c>,no
179.97,180.23,-1,0,<3>ko</c><42>nokokoromoyuukidashichae</c>,ko
186.17,186.49,-1,0,<48>konoyubitomare</c>,re
185.969,186.17,-1,0,<48>konoyubitoma</c><42>re</c>,ma
185.736,185.969,-1,0,<48>konoyubito</c><42>mare</c>,to
185.502,185.736,-1,0,<48>konoyubi</c><42>tomare</c>,bi
185.302,185.502,-1,0,<48>konoyu</c><42>bitomare</c>,yu
185.202,185.302,-1,0,<48>kono</c><42>yubitomare</c>,no
185.102,185.202,-1,0,<48>ko</c><42>noyubitomare</c>,ko
104.655,105.32,58,0,<31>kotobani</c><18>shichauto</c><52>kittosoujanai</c>,nai
104.421,104.655,58,0,<31>kotobani</c><18>shichauto</c><52>kittosouja</c><42>nai</c>,ja
104.188,104.421,58,0,<31>kotobani</c><18>shichauto</c><52>kittosou</c><42>janai</c>,u
103.754,104.188,58,0,<31>kotobani</c><18>shichauto</c><52>kittoso</c><42>ujanai</c>,so
103.52,103.754,58,0,<31>kotobani</c><18>shichauto</c><52>kitto</c><42>soujanai</c>,to
103.087,103.52,58,0,<31>kotobani</c><18>shichauto</c><52>kit</c><42>tosoujanai</c>,kit
102.886,103.087,58,0,<31>kotobani</c><18>shichauto</c><42>kittosoujanai</c>,to
102.653,102.886,58,0,<31>kotobani</c><18>shichau</c><42>tokittosoujanai</c>,chau
102.553,102.653,58,0,<31>kotobani</c><18>shi</c><42>chautokittosoujanai</c>,shi
102.453,102.553,58,0,<31>kotobani</c><42>shichautokittosoujanai</c>,ni
102.186,102.453,58,0,<31>kotoba</c><42>nishichautokittosoujanai</c>,ba
101.985,102.186,58,0,<31>koto</c><42>banishichautokittosoujanai</c>,to
101.718,101.985,58,0,<31>ko</c><42>tobanishichautokittosoujanai</c>,ko
179.329,179.963,-1,0,<16>koukaibakkashichau</c>,chau
179.196,179.329,-1,0,<16>koukaibakkashi</c><42>chau</c>,shi
179.096,179.196,-1,0,<16>koukaibakka</c><42>shichau</c>,ka
178.662,179.096,-1,0,<16>koukaibak</c><42>kashichau</c>,bak
178.195,178.662,-1,0,<16>koukai</c><42>bakkashichau</c>,kai
177.761,178.195,-1,0,<16>kou</c><42>kaibakkashichau</c>,kou
179.963,179.97,-1,0,<16>koukaibakkashichau</c><3>ko</c><42>nokokoromoyuukidashichae</c>,koukaibakkashichaukonokokoromoyuukidashichae
33.76,37.31,-1,0,<71>lyricscomposition:junky</c>,lyricscomposition:junky
62.146,62.64,-1,0,<1>maruihikoukigumo</c>,mo
61.979,62.146,-1,0,<1>maruihikoukigu</c><42>mo</c>,gu
61.678,61.979,-1,0,<1>maruihikouki</c><42>gumo</c>,ki
61.311,61.678,-1,0,<1>maruihikou</c><42>kigumo</c>,kou
61.211,61.311,-1,0,<1>maruihi</c><42>koukigumo</c>,hi
61.078,61.211,-1,0,<1>marui</c><42>hikoukigumo</c>,i
60.878,61.078,-1,0,<1>maru</c><42>ihikoukigumo</c>,ru
60.644,60.878,-1,0,<1>ma</c><42>ruihikoukigumo</c>,ma
97.781,99.7,-1,0,<50>massugumitsumenaide</c>,de
97.314,97.781,-1,0,<50>massugumitsumenai</c><42>de</c>,i
96.847,97.314,-1,0,<50>massugumitsumena</c><42>ide</c>,na
96.413,96.847,-1,0,<50>massugumitsume</c><42>naide</c>,me
95.946,96.413,-1,0,<50>massugumitsu</c><42>menaide</c>,tsu
95.546,95.946,-1,0,<50>massugumi</c><42>tsumenaide</c>,mi
95.079,95.546,-1,0,<50>massugu</c><42>mitsumenaide</c>,gu
94.645,95.079,-1,0,<50>massu</c><42>gumitsumenaide</c>,su
94.211,94.645,-1,0,<50>mas</c><42>sugumitsumenaide</c>,s
93.79,94.211,-1,0,<50>ma</c><42>ssugumitsumenaide</c>,ma
259.543,261.3,-1,0,<71>meawaserannaikamo</c>,mo
259.309,259.543,-1,0,<71>meawaserannaika</c><42>mo</c>,ka
258.875,259.309,-1,0,<71>meawaserannai</c><42>kamo</c>,nai
258.408,258.875,-1,0,<71>meawaseran</c><42>naikamo</c>,ran
258.175,258.408,-1,0,<71>meawase</c><42>rannaikamo</c>,se
257.975,258.175,-1,0,<71>meawa</c><42>serannaikamo</c>,wa
257.741,257.975,-1,0,<71>mea</c><42>waserannaikamo</c>,a
257.541,257.741,-1,0,<71>me</c><42>awaserannaikamo</c>,me
248.665,249.299,-1,0,<21>moshikashitaraunmeikamo</c>,mo
248.398,248.665,-1,0,<21>moshikashitaraunmeika</c><42>mo</c>,ka
247.965,248.398,-1,0,<21>moshikashitaraunmei</c><42>kamo</c>,i
247.531,247.965,-1,0,<21>moshikashitaraunme</c><42>ikamo</c>,me
247.097,247.531,-1,0,<21>moshikashitaraun</c><42>meikamo</c>,un
246.897,247.097,-1,0,<21>moshikashitara</c><42>unmeikamo</c>,ra
246.63,246.897,-1,0,<21>moshikashita</c><42>raunmeikamo</c>,ta
246.496,246.63,-1,0,<21>moshikashi</c><42>taraunmeikamo</c>,shi
246.196,246.496,-1,0,<21>moshika</c><42>shitaraunmeikamo</c>,ka
246.063,246.196,-1,0,<21>moshi</c><42>kashitaraunmeikamo</c>,shi
245.762,246.063,-1,0,<21>mo</c><42>shikashitaraunmeikamo</c>,mo
249.299,249.31,-1,0,<21>moshikashitaraunmeikamo</c><44>a</c><42>kaiitogamiechaukamo</c>,moshikashitaraunmeikamoakaiitogamiechaukamo
115.299,116.41,-1,0,<71>mousoujanainonina.</c>,na.
115.065,115.299,-1,0,<71>mousoujanainoni</c><42>na.</c>,ni
114.865,115.065,-1,0,<71>mousoujanaino</c><42>nina.</c>,no
114.398,114.865,-1,0,<71>mousoujanai</c><42>nonina.</c>,nai
114.164,114.398,-1,0,<71>mousouja</c><42>nainonina.</c>,ja
113.764,114.164,-1,0,<71>mousou</c><42>janainonina.</c>,sou
113.53,113.764,-1,0,<71>mou</c><42>soujanainonina.</c>,mou
100.818,101.31,-1,0,<54>nandakke...///</c>,kke...///
100.417,100.818,-1,0,<54>nanda</c><42>kke...///</c>,da
100.084,100.417,-1,0,<54>nan</c><42>dakke...///</c>,nan
225.609,227.54,-1,0,<38>sabishisagototsutsumaretari</c>,ri
225.309,225.609,-1,0,<38>sabishisagototsutsumareta</c><42>ri</c>,ta
224.675,225.309,-1,0,<38>sabishisagototsutsumare</c><42>tari</c>,re
224.474,224.675,-1,0,<38>sabishisagototsutsuma</c><42>retari</c>,ma
224.341,224.474,-1,0,<38>sabishisagototsutsu</c><42>maretari</c>,tsu
223.974,224.341,-1,0,<38>sabishisagototsu</c><42>tsumaretari</c>,tsu
223.774,223.974,-1,0,<38>sabishisagoto</c><42>tsutsumaretari</c>,to
223.54,223.774,-1,0,<38>sabishisago</c><42>totsutsumaretari</c>,go
223.34,223.54,-1,0,<38>sabishisa</c><42>gototsutsumaretari</c>,sa
223.106,223.34,-1,0,<38>sabishi</c><42>sagototsutsumaretari</c>,shi
222.906,223.106,-1,0,<38>sabi</c><42>shisagototsutsumaretari</c>,bi
222.573,222.906,-1,0,<38>sa</c><42>bishisagototsutsumaretari</c>,sa
69.253,69.76,-1,0,<28>sankaimekondishonaa</c>,naa
69.086,69.253,-1,0,<28>sankaimekondisho</c><42>naa</c>,sho
68.786,69.086,-1,0,<28>sankaimekondi</c><42>shonaa</c>,di
68.619,68.786,-1,0,<28>sankaimekon</c><42>dishonaa</c>,n
68.419,68.619,-1,0,<28>sankaimeko</c><42>ndishonaa</c>,ko
68.218,68.419,-1,0,<28>sankaime</c><42>kondishonaa</c>,me
67.985,68.218,-1,0,<28>sankai</c><42>mekondishonaa</c>,kai
67.718,67.985,-1,0,<28>san</c><42>kaimekondishonaa</c>,san
269.953,274.65,-1,0,<62>takusanwatashiomitete!</c>,te!
269.72,269.953,-1,0,<62>takusanwatashiomite</c><42>te!</c>,te
269.119,269.72,-1,0,<62>takusanwatashiomi</c><42>tete!</c>,mi
268.852,269.119,-1,0,<62>takusanwatashio</c><42>mitete!</c>,o
268.385,268.852,-1,0,<62>takusanwatashi</c><42>omitete!</c>,shi
268.185,268.385,-1,0,<62>takusanwata</c><42>shiomitete!</c>,ta
267.951,268.185,-1,0,<62>takusanwa</c><42>tashiomitete!</c>,wa
267.517,267.951,-1,0,<62>takusan</c><42>watashiomitete!</c>,san
267.417,267.517,-1,0,<62>taku</c><42>sanwatashiomitete!</c>,ku
267.117,267.417,-1,0,<62>ta</c><42>kusanwatashiomitete!</c>,ta
236.253,236.853,-1,0,<25>tamaniwamuttokenkaoshitari</c>,ri
235.986,236.253,-1,0,<25>tamaniwamuttokenkaoshita</c><42>ri</c>,ta
235.786,235.986,-1,0,<25>tamaniwamuttokenkaoshi</c><42>tari</c>,shi
235.319,235.786,-1,0,<25>tamaniwamuttokenkao</c><42>shitari</c>,o
235.085,235.319,-1,0,<25>tamaniwamuttokenka</c><42>oshitari</c>,ka
234.851,235.085,-1,0,<25>tamaniwamuttoken</c><42>kaoshitari</c>,n
234.618,234.851,-1,0,<25>tamaniwamuttoke</c><42>nkaoshitari</c>,ke
234.418,234.618,-1,0,<25>tamaniwamutto</c><42>kenkaoshitari</c>,to
234.184,234.418,-1,0,<25>tamaniwamut</c><42>tokenkaoshitari</c>,mut
233.984,234.184,-1,0,<25>tamaniwa</c><42>muttokenkaoshitari</c>,wa
233.784,233.984,-1,0,<25>tamani</c><42>wamuttokenkaoshitari</c>,ni
233.55,233.784,-1,0,<25>tama</c><42>niwamuttokenkaoshitari</c>,ma
233.317,233.55,-1,0,<25>ta</c><42>maniwamuttokenkaoshitari</c>,ta
236.853,236.86,-1,0,<25>tamaniwamuttokenkaoshitari</c><70>zut</c><42>tozuttosobaniitehoshii</c>,tamaniwamuttokenkaoshitarizuttozuttosobaniitehoshii
108.158,108.85,-1,0,<51>terechaudake</c><55>ocharakechaujanai</c>,nai
107.925,108.158,-1,0,<51>terechaudake</c><55>ocharakechauja</c><42>nai</c>,ja
107.724,107.925,-1,0,<51>terechaudake</c><55>ocharakechau</c><42>janai</c>,u
107.291,107.724,-1,0,<51>terechaudake</c><55>ocharakecha</c><42>ujanai</c>,cha
107.091,107.291,-1,0,<51>terechaudake</c><55>ocharake</c><42>chaujanai</c>,ke
106.89,107.091,-1,0,<51>terechaudake</c><55>ochara</c><42>kechaujanai</c>,ra
106.657,106.89,-1,0,<51>terechaudake</c><55>ocha</c><42>rakechaujanai</c>,cha
106.557,106.657,-1,0,<51>terechaudake</c><55>o</c><42>charakechaujanai</c>,o
106.39,106.557,-1,0,<51>terechaudake</c><42>ocharakechaujanai</c>,ke
106.19,106.39,-1,0,<51>terechauda</c><42>keocharakechaujanai</c>,da
106.023,106.19,-1,0,<51>terechau</c><42>dakeocharakechaujanai</c>,u
105.722,106.023,-1,0,<51>terecha</c><42>udakeocharakechaujanai</c>,cha
105.556,105.722,-1,0,<51>tere</c><42>chaudakeocharakechaujanai</c>,re
105.322,105.556,-1,0,<51>te</c><42>rechaudakeocharakechaujanai</c>,te
65.516,66.19,-1,0,<65>tobidashitakappukeeki</c>,ki
65.249,65.516,-1,0,<65>tobidashitakappukee</c><42>ki</c>,kee
65.049,65.249,-1,0,<65>tobidashitakappu</c><42>keeki</c>,pu
64.848,65.049,-1,0,<65>tobidashitakap</c><42>pukeeki</c>,kap
64.615,64.848,-1,0,<65>tobidashita</c><42>kappukeeki</c>,ta
64.515,64.615,-1,0,<65>tobidashi</c><42>takappukeeki</c>,shi
64.415,64.515,-1,0,<65>tobida</c><42>shitakappukeeki</c>,da
64.314,64.415,-1,0,<65>tobi</c><42>dashitakappukeeki</c>,bi
64.181,64.314,-1,0,<65>to</c><42>bidashitakappukeeki</c>,to
30.21,33.76,-1,0,<64>tsunomakiwatame-ai-maichocolate</c>,tsunomakiwatame-ai-maichocolate
43.97,44.04,-1,0,<61>vocal:tsunomakiwatame</c>,vocal:tsunomakiwatame
43.83,43.91,-1,0,<61>vocal:tsunomakiwatame</c>,vocal:tsunomakiwatame
43.71,43.77,-1,0,<61>vocal:tsunomakiwatame</c>,vocal:tsunomakiwatame
43.6,43.66,-1,0,<61>vocal:tsunomakiwatame</c>,vocal:tsunomakiwatame
40.87,43.55,-1,0,<61>vocal:tsunomakiwatame</c>,vocal:tsunomakiwatame
28.19,28.69,-1,0,<71>wowoh!wowoh!oh!</c>,oh!
27.86,28.19,-1,0,<19>wowoh!wowoh!</c><42>oh!</c>,oh!
27.52,27.86,-1,0,<17>wowoh!wow</c><42>oh!oh!</c>,wow
26.977,27.52,-1,0,<36>wowoh!</c><42>wowoh!oh!</c>,oh!
26.643,26.977,-1,0,<36>wow</c><42>oh!wowoh!oh!</c>,wow
24.6,25.09,-1,0,<2>wowoh!wowoh!oh!</c>,oh!
24.27,24.6,-1,0,<27>wowoh!wowoh!</c><42>oh!</c>,oh!
23.92,24.27,-1,0,<7>wowoh!wow</c><42>oh!oh!</c>,wow
23.407,23.92,-1,0,<12>wowoh!</c><42>wowoh!oh!</c>,oh!
23.107,23.407,-1,0,<12>wow</c><42>oh!wowoh!oh!</c>,wow
21.02,21.55,-1,0,<2>wowoh!wowoh!oh!</c>,oh!
20.69,21.02,-1,0,<6>wowoh!wowoh!</c><42>oh!</c>,oh!
20.34,20.69,-1,0,<5>wowoh!wow</c><42>oh!oh!</c>,wow
19.87,20.34,-1,0,<29>wowoh!</c><42>wowoh!oh!</c>,oh!
19.536,19.87,-1,0,<29>wow</c><42>oh!wowoh!oh!</c>,wow
17.5,18.01,-1,0,<2>wowoh!wowoh!oh!</c>,oh!
17.17,17.5,-1,0,<33>wowoh!wowoh!</c><42>oh!</c>,oh!
16.82,17.17,-1,0,<30>wowoh!wow</c><42>oh!oh!</c>,wow
16.3,16.82,-1,0,<10>wowoh!</c><42>wowoh!oh!</c>,oh!
15.966,16.3,-1,0,<10>wow</c><42>oh!wowoh!oh!</c>,wow
13.97,14.66,-1,0,<14>wowoh!wowoh!oh!</c>,oh!
13.63,13.97,-1,0,<43>wowoh!wowoh!</c><42>oh!</c>,oh!
13.297,13.63,-1,0,<43>wowoh!wow</c><42>oh!oh!</c>,wow
12.73,13.297,-1,0,<43>wowoh!</c><42>wowoh!oh!</c>,oh!
12.429,12.73,-1,0,<43>wow</c><42>oh!wowoh!oh!</c>,wow
10.41,10.98,-1,0,<39>wowoh!wowoh!oh!</c>,oh!
10.094,10.41,-1,0,<23>wowoh!wowoh!</c><42>oh!</c>,oh!
9.76,10.094,-1,0,<23>wowoh!wow</c><42>oh!oh!</c>,wow
9.193,9.76,-1,0,<23>wowoh!</c><42>wowoh!oh!</c>,oh!
8.859,9.193,-1,0,<23>wow</c><42>oh!wowoh!oh!</c>,wow
6.85,7.54,-1,0,<43>wowoh!wowoh!oh!</c>,oh!
6.523,6.85,-1,0,<14>wowoh!wowoh!</c><42>oh!</c>,oh!
6.19,6.523,-1,0,<14>wowoh!wow</c><42>oh!oh!</c>,wow
5.656,6.19,-1,0,<14>wowoh!</c><42>wowoh!oh!</c>,oh!
5.289,5.656,-1,0,<14>wow</c><42>oh!wowoh!oh!</c>,wow
3.31,3.87,-1,0,<23>wowoh!wowoh!oh!</c>,oh!
2.987,3.31,-1,0,<39>wowoh!wowoh!</c><42>oh!</c>,oh!
2.653,2.987,-1,0,<39>wowoh!wow</c><42>oh!oh!</c>,wow
2.086,2.653,-1,0,<39>wowoh!</c><42>wowoh!oh!</c>,oh!
1.752,2.086,-1,0,<39>wow</c><42>oh!wowoh!oh!</c>,wow
218.468,220.44,-1,0,<69>yowaitokorokizukaretari</c>,ri
218.235,218.468,-1,0,<69>yowaitokorokizukareta</c><42>ri</c>,ta
217.568,218.235,-1,0,<69>yowaitokorokizukare</c><42>tari</c>,re
217.334,217.568,-1,0,<69>yowaitokorokizuka</c><42>retari</c>,ka
217.201,217.334,-1,0,<69>yowaitokorokizu</c><42>karetari</c>,zu
216.833,217.201,-1,0,<69>yowaitokoroki</c><42>zukaretari</c>,ki
216.667,216.833,-1,0,<69>yowaitokoro</c><42>kizukaretari</c>,ro
216.433,216.667,-1,0,<69>yowaitoko</c><42>rokizukaretari</c>,ko
216.233,216.433,-1,0,<69>yowaito</c><42>korokizukaretari</c>,to
215.966,216.233,-1,0,<69>yowai</c><42>tokorokizukaretari</c>,i
215.766,215.966,-1,0,<69>yowa</c><42>itokorokizukaretari</c>,wa
215.499,215.766,-1,0,<69>yo</c><42>waitokorokizukaretari</c>,yo
129.279,129.75,-1,0,<57>yubikirigenman</c>,man
129.113,129.279,-1,0,<57>yubikirigen</c><42>man</c>,n
128.846,129.113,-1,0,<57>yubikirige</c><42>nman</c>,ge
128.645,128.846,-1,0,<57>yubikiri</c><42>genman</c>,ri
128.445,128.645,-1,0,<57>yubiki</c><42>rigenman</c>,ki
128.312,128.445,-1,0,<57>yubi</c><42>kirigenman</c>,bi
128.212,128.312,-1,0,<57>yu</c><42>bikirigenman</c>,yu
276.393,276.75,-1,0,<67>yubikitta!</c>,ta!
275.959,276.393,-1,0,<67>yubikit</c><42>ta!</c>,kit
275.792,275.959,-1,0,<67>yubi</c><42>kitta!</c>,bi
275.559,275.792,-1,0,<67>yu</c><42>bikitta!</c>,yu
136.653,137.31,-1,0,<71>yuujuufudandemo</c>,mo
136.553,136.653,-1,0,<71>yuujuufudande</c><42>mo</c>,de
136.386,136.553,-1,0,<71>yuujuufudan</c><42>demo</c>,n
136.22,136.386,-1,0,<71>yuujuufuda</c><42>ndemo</c>,da
135.986,136.22,-1,0,<71>yuujuufu</c><42>dandemo</c>,fu
135.786,135.986,-1,0,<71>yuujuu</c><42>fudandemo</c>,u
135.586,135.786,-1,0,<71>yuuju</c><42>ufudandemo</c>,ju
135.352,135.586,-1,0,<71>yuu</c><42>juufudandemo</c>,yuu
154.505,155.09,-1,0,<58>zenzenkawarazuni</c>,ni
154.371,154.505,-1,0,<58>zenzenkawarazu</c><42>ni</c>,zu
154.104,154.371,-1,0,<58>zenzenkawara</c><42>zuni</c>,ra
153.971,154.104,-1,0,<58>zenzenkawa</c><42>razuni</c>,wa
153.737,153.971,-1,0,<58>zenzenka</c><42>warazuni</c>,ka
153.537,153.737,-1,0,<58>zenzen</c><42>kawarazuni</c>,n
153.303,153.537,-1,0,<58>zenze</c><42>nkawarazuni</c>,ze
153.07,153.303,-1,0,<58>zen</c><42>zenkawarazuni</c>,zen
140.29,140.88,-1,0,<71>zettainimainichi</c>,chi
140.09,140.29,-1,0,<71>zettainimaini</c><42>chi</c>,ni
139.89,140.09,-1,0,<71>zettainimai</c><42>nichi</c>,i
139.556,139.89,-1,0,<71>zettainima</c><42>inichi</c>,ma
139.389,139.556,-1,0,<71>zettaini</c><42>mainichi</c>,ni
139.256,139.389,-1,0,<71>zettai</c><42>nimainichi</c>,i
139.123,139.256,-1,0,<71>zetta</c><42>inimainichi</c>,ta
138.889,139.123,-1,0,<71>zet</c><42>tainimainichi</c>,zet
239.99,241.49,-1,0,<70>zuttozuttosobaniitehoshii</c>,i
239.756,239.99,-1,0,<70>zuttozuttosobaniitehoshi</c><42>i</c>,shi
239.523,239.756,-1,0,<70>zuttozuttosobaniiteho</c><42>shii</c>,ho
238.889,239.523,-1,0,<70>zuttozuttosobaniite</c><42>hoshii</c>,te
238.755,238.889,-1,0,<70>zuttozuttosobanii</c><42>tehoshii</c>,i
238.655,238.755,-1,0,<70>zuttozuttosobani</c><42>itehoshii</c>,ni
238.455,238.655,-1,0,<70>zuttozuttosoba</c><42>niitehoshii</c>,ba
238.188,238.455,-1,0,<70>zuttozuttoso</c><42>baniitehoshii</c>,so
237.955,238.188,-1,0,<70>zuttozutto</c><42>sobaniitehoshii</c>,to
237.554,237.955,-1,0,<70>zuttozut</c><42>tosobaniitehoshii</c>,zut
237.321,237.554,-1,0,<70>zutto</c><42>zuttosobaniitehoshii</c>,to
236.86,237.321,-1,0,<70>zut</c><42>tozuttosobaniitehoshii</c>,zut
