start,end,position,line,text,token
161.211,162.146,58,0,<32></c><24>amegadoshaburinakyoudemo</c><32></c>,mo
160.978,161.211,58,0,<32></c><24>amegadoshaburinakyoude</c><80>mo</c><32></c>,de
160.711,160.978,58,0,<32></c><24>amegadoshaburinakyou</c><80>demo</c><32></c>,u
160.511,160.711,58,0,<32></c><24>amegadoshaburinakyo</c><80>udemo</c><32></c>,kyo
160.177,160.511,58,0,<32></c><24>amegadoshaburina</c><80>kyoudemo</c><32></c>,na
159.943,160.177,58,0,<32></c><24>amegadoshaburi</c><80>nakyoudemo</c><32></c>,ri
159.71,159.943,58,0,<32></c><24>amegadoshabu</c><80>rinakyoudemo</c><32></c>,bu
159.476,159.71,58,0,<32></c><24>amegadosha</c><80>burinakyoudemo</c><32></c>,sha
159.309,159.476,58,0,<32></c><24>amegado</c><80>shaburinakyoudemo</c><32></c>,do
158.876,159.309,58,0,<32></c><24>amega</c><80>doshaburinakyoudemo</c><32></c>,ga
158.642,158.876,58,0,<32></c><24>ame</c><80>gadoshaburinakyoudemo</c><32></c>,me
158.375,158.642,58,0,<32></c><24>a</c><80>megadoshaburinakyoudemo</c><32></c>,a
28.779,29.013,67,0,<32></c><24>batabatamainichiisogashiikedo</c><32></c>,do
28.645,28.779,67,0,<32></c><24>batabatamainichiisogashiike</c><80>do</c><32></c>,ke
28.512,28.645,67,0,<32></c><24>batabatamainichiisogashii</c><80>kedo</c><32></c>,i
28.412,28.512,67,0,<32></c><24>batabatamainichiisogashi</c><80>ikedo</c><32></c>,shi
28.312,28.412,67,0,<32></c><24>batabatamainichiisoga</c><80>shiikedo</c><32></c>,ga
28.178,28.312,67,0,<32></c><24>batabatamainichiiso</c><80>gashiikedo</c><32></c>,so
28.078,28.178,67,0,<32></c><24>batabatamainichii</c><80>sogashiikedo</c><32></c>,i
27.945,28.078,67,0,<32></c><24>batabatamainichi</c><80>isogashiikedo</c><32></c>,chi
27.811,27.945,67,0,<32></c><24>batabatamaini</c><80>chiisogashiikedo</c><32></c>,ni
27.745,27.811,67,0,<32></c><24>batabatamai</c><80>nichiisogashiikedo</c><32></c>,i
27.578,27.745,67,0,<32></c><24>batabatama</c><80>inichiisogashiikedo</c><32></c>,ma
27.478,27.578,67,0,<32></c><24>batabata</c><80>mainichiisogashiikedo</c><32></c>,ta
27.378,27.478,67,0,<32></c><24>bataba</c><80>tamainichiisogashiikedo</c><32></c>,ba
27.277,27.378,67,0,<32></c><24>bata</c><80>batamainichiisogashiikedo</c><32></c>,ta
27.144,27.277,67,0,<32></c><24>ba</c><80>tabatamainichiisogashiikedo</c><32></c>,ba
101.485,102.152,-1,0,<32></c><24>dekoreishon!</c><32></c>,shon!
101.218,101.485,-1,0,<32></c><24>dekorei</c><80>shon!</c><32></c>,rei
100.751,101.218,-1,0,<32></c><24>deko</c><80>reishon!</c><32></c>,ko
100.284,100.751,-1,0,<32></c><24>de</c><80>koreishon!</c><32></c>,de
30.214,30.914,-1,0,<32></c><24>dekoreishon!</c><32></c>,shon!
29.947,30.214,-1,0,<32></c><24>dekorei</c><80>shon!</c><32></c>,rei
29.48,29.947,-1,0,<32></c><24>deko</c><80>reishon!</c><32></c>,ko
29.013,29.48,-1,0,<32></c><24>de</c><80>koreishon!</c><32></c>,de
134.985,135.786,-1,0,<32></c><24>egaoatsumetahanatabao</c><32></c>,o
134.718,134.985,-1,0,<32></c><24>egaoatsumetahanataba</c><80>o</c><32></c>,ba
134.485,134.718,-1,0,<32></c><24>egaoatsumetahanata</c><80>bao</c><32></c>,ta
134.251,134.485,-1,0,<32></c><24>egaoatsumetahana</c><80>tabao</c><32></c>,na
133.951,134.251,-1,0,<32></c><24>egaoatsumetaha</c><80>natabao</c><32></c>,ha
133.684,133.951,-1,0,<32></c><24>egaoatsumeta</c><80>hanatabao</c><32></c>,ta
133.484,133.684,-1,0,<32></c><24>egaoatsume</c><80>tahanatabao</c><32></c>,me
133.317,133.484,-1,0,<32></c><24>egaoatsu</c><80>metahanatabao</c><32></c>,tsu
133.083,133.317,-1,0,<32></c><24>egaoa</c><80>tsumetahanatabao</c><32></c>,a
132.616,133.083,-1,0,<32></c><24>egao</c><80>atsumetahanatabao</c><32></c>,o
132.382,132.616,-1,0,<32></c><24>ega</c><80>oatsumetahanatabao</c><32></c>,ga
132.149,132.382,-1,0,<32></c><24>e</c><80>gaoatsumetahanatabao</c><32></c>,e
129.713,132.149,73,0,<32></c><24>hanagamaihirakarerupastelteatime</c><32></c>,time
129.346,129.713,73,0,<32></c><24>hanagamaihirakarerupasteltea</c><80>time</c><32></c>,tea
129.113,129.346,73,0,<32></c><24>hanagamaihirakarerupastel</c><80>teatime</c><32></c>,l
128.879,129.113,73,0,<32></c><24>hanagamaihirakarerupaste</c><80>lteatime</c><32></c>,te
128.645,128.879,73,0,<32></c><24>hanagamaihirakarerupas</c><80>telteatime</c><32></c>,s
128.178,128.645,73,0,<32></c><24>hanagamaihirakarerupa</c><80>stelteatime</c><32></c>,pa
127.478,128.178,73,0,<32></c><24>hanagamaihirakareru</c><80>pastelteatime</c><32></c>,ru
127.244,127.478,73,0,<32></c><24>hanagamaihirakare</c><80>rupastelteatime</c><32></c>,re
127.01,127.244,73,0,<32></c><24>hanagamaihiraka</c><80>rerupastelteatime</c><32></c>,ka
126.777,127.01,73,0,<32></c><24>hanagamaihira</c><80>karerupastelteatime</c><32></c>,ra
126.31,126.777,73,0,<32></c><24>hanagamaihi</c><80>rakarerupastelteatime</c><32></c>,hi
125.609,126.31,73,0,<32></c><24>hanagamai</c><80>hirakarerupastelteatime</c><32></c>,i
125.342,125.609,73,0,<32></c><24>hanagama</c><80>ihirakarerupastelteatime</c><32></c>,ma
125.109,125.342,73,0,<32></c><24>hanaga</c><80>maihirakarerupastelteatime</c><32></c>,ga
124.908,125.109,73,0,<32></c><24>hana</c><80>gamaihirakarerupastelteatime</c><32></c>,na
124.408,124.908,73,0,<32></c><24>ha</c><80>nagamaihirakarerupastelteatime</c><32></c>,ha
58.442,60.878,75,0,<32></c><24>hanagasakihirakarerupastelteatime</c><32></c>,time
58.075,58.442,75,0,<32></c><24>hanagasakihirakarerupasteltea</c><80>time</c><32></c>,tea
57.875,58.075,75,0,<32></c><24>hanagasakihirakarerupastel</c><80>teatime</c><32></c>,l
57.608,57.875,75,0,<32></c><24>hanagasakihirakarerupaste</c><80>lteatime</c><32></c>,te
57.307,57.608,75,0,<32></c><24>hanagasakihirakarerupas</c><80>telteatime</c><32></c>,s
56.907,57.307,75,0,<32></c><24>hanagasakihirakarerupa</c><80>stelteatime</c><32></c>,pa
56.206,56.907,75,0,<32></c><24>hanagasakihirakareru</c><80>pastelteatime</c><32></c>,ru
55.973,56.206,75,0,<32></c><24>hanagasakihirakare</c><80>rupastelteatime</c><32></c>,re
55.739,55.973,75,0,<32></c><24>hanagasakihiraka</c><80>rerupastelteatime</c><32></c>,ka
55.506,55.739,75,0,<32></c><24>hanagasakihira</c><80>karerupastelteatime</c><32></c>,ra
55.039,55.506,75,0,<32></c><24>hanagasakihi</c><80>rakarerupastelteatime</c><32></c>,hi
54.338,55.039,75,0,<32></c><24>hanagasaki</c><80>hirakarerupastelteatime</c><32></c>,ki
54.104,54.338,75,0,<32></c><24>hanagasa</c><80>kihirakarerupastelteatime</c><32></c>,sa
53.871,54.104,75,0,<32></c><24>hanaga</c><80>sakihirakarerupastelteatime</c><32></c>,ga
53.637,53.871,75,0,<32></c><24>hana</c><80>gasakihirakarerupastelteatime</c><32></c>,na
53.17,53.637,75,0,<32></c><24>ha</c><80>nagasakihirakarerupastelteatime</c><32></c>,ha
21.271,21.505,66,0,<32></c><24>hanashitaikotogatakusanatte</c><32></c>,te
21.005,21.271,66,0,<32></c><24>hanashitaikotogatakusanat</c><80>te</c><32></c>,at
20.771,21.005,66,0,<32></c><24>hanashitaikotogatakusan</c><80>atte</c><32></c>,san
20.704,20.771,66,0,<32></c><24>hanashitaikotogataku</c><80>sanatte</c><32></c>,ku
20.571,20.704,66,0,<32></c><24>hanashitaikotogata</c><80>kusanatte</c><32></c>,ta
20.437,20.571,66,0,<32></c><24>hanashitaikotoga</c><80>takusanatte</c><32></c>,ga
20.337,20.437,66,0,<32></c><24>hanashitaikoto</c><80>gatakusanatte</c><32></c>,to
20.237,20.337,66,0,<32></c><24>hanashitaiko</c><80>togatakusanatte</c><32></c>,ko
20.104,20.237,66,0,<32></c><24>hanashitai</c><80>kotogatakusanatte</c><32></c>,i
20.004,20.104,66,0,<32></c><24>hanashita</c><80>ikotogatakusanatte</c><32></c>,ta
19.87,20.004,66,0,<32></c><24>hanashi</c><80>taikotogatakusanatte</c><32></c>,shi
19.77,19.87,66,0,<32></c><24>hana</c><80>shitaikotogatakusanatte</c><32></c>,na
19.636,19.77,66,0,<32></c><24>ha</c><80>nashitaikotogatakusanatte</c><32></c>,ha
164.948,165.616,56,0,<32></c><24>haretamabushiiashitademo</c><32></c>,mo
164.715,164.948,56,0,<32></c><24>haretamabushiiashitade</c><80>mo</c><32></c>,de
164.481,164.715,56,0,<32></c><24>haretamabushiiashita</c><80>demo</c><32></c>,ta
164.181,164.481,56,0,<32></c><24>haretamabushiiashi</c><80>tademo</c><32></c>,shi
163.914,164.181,56,0,<32></c><24>haretamabushiia</c><80>shitademo</c><32></c>,a
163.647,163.914,56,0,<32></c><24>haretamabushii</c><80>ashitademo</c><32></c>,i
163.48,163.647,56,0,<32></c><24>haretamabushi</c><80>iashitademo</c><32></c>,shi
163.313,163.48,56,0,<32></c><24>haretamabu</c><80>shiiashitademo</c><32></c>,bu
163.08,163.313,56,0,<32></c><24>haretama</c><80>bushiiashitademo</c><32></c>,ma
162.613,163.08,56,0,<32></c><24>hareta</c><80>mabushiiashitademo</c><32></c>,ta
162.379,162.613,56,0,<32></c><24>hare</c><80>tamabushiiashitademo</c><32></c>,re
162.146,162.379,56,0,<32></c><24>ha</c><80>retamabushiiashitademo</c><32></c>,ha
119.97,120.804,58,0,<32></c><24>hirarifuriruotsuketanara</c><32></c>,ra
119.736,119.97,58,0,<32></c><24>hirarifuriruotsuketana</c><80>ra</c><32></c>,na
119.503,119.736,58,0,<32></c><24>hirarifuriruotsuketa</c><80>nara</c><32></c>,ta
119.269,119.503,58,0,<32></c><24>hirarifuriruotsuke</c><80>tanara</c><32></c>,ke
118.969,119.269,58,0,<32></c><24>hirarifuriruotsu</c><80>ketanara</c><32></c>,tsu
118.702,118.969,58,0,<32></c><24>hirarifuriruo</c><80>tsuketanara</c><32></c>,o
118.502,118.702,58,0,<32></c><24>hirarifuriru</c><80>otsuketanara</c><32></c>,ru
118.268,118.502,58,0,<32></c><24>hirarifuri</c><80>ruotsuketanara</c><32></c>,ri
118.102,118.268,58,0,<32></c><24>hirarifu</c><80>riruotsuketanara</c><32></c>,fu
117.634,118.102,58,0,<32></c><24>hirari</c><80>furiruotsuketanara</c><32></c>,ri
117.401,117.634,58,0,<32></c><24>hira</c><80>rifuriruotsuketanara</c><32></c>,ra
117.167,117.401,58,0,<32></c><24>hi</c><80>rarifuriruotsuketanara</c><32></c>,hi
48.699,49.566,-1,0,<32></c><24>hirariribonoyurashitara</c><32></c>,ra
48.465,48.699,-1,0,<32></c><24>hirariribonoyurashita</c><80>ra</c><32></c>,ta
48.165,48.465,-1,0,<32></c><24>hirariribonoyurashi</c><80>tara</c><32></c>,shi
47.998,48.165,-1,0,<32></c><24>hirariribonoyura</c><80>shitara</c><32></c>,ra
47.698,47.998,-1,0,<32></c><24>hirariribonoyu</c><80>rashitara</c><32></c>,yu
47.431,47.698,-1,0,<32></c><24>hirariribono</c><80>yurashitara</c><32></c>,o
47.231,47.431,-1,0,<32></c><24>hirariribon</c><80>oyurashitara</c><32></c>,n
47.064,47.231,-1,0,<32></c><24>hirariribo</c><80>noyurashitara</c><32></c>,bo
46.83,47.064,-1,0,<32></c><24>hirariri</c><80>bonoyurashitara</c><32></c>,ri
46.363,46.83,-1,0,<32></c><24>hirari</c><80>ribonoyurashitara</c><32></c>,ri
46.13,46.363,-1,0,<32></c><24>hira</c><80>riribonoyurashitara</c><32></c>,ra
45.896,46.13,-1,0,<32></c><24>hi</c><80>rariribonoyurashitara</c><32></c>,hi
43.794,44.628,77,0,<32></c><24>hitofuridekokorogotoohimesamaninaru</c><32></c>,ru
43.427,43.794,77,0,<32></c><24>hitofuridekokorogotoohimesamanina</c><80>ru</c><32></c>,na
43.293,43.427,77,0,<32></c><24>hitofuridekokorogotoohimesamani</c><80>naru</c><32></c>,ni
43.093,43.293,77,0,<32></c><24>hitofuridekokorogotoohimesama</c><80>ninaru</c><32></c>,ma
42.86,43.093,77,0,<32></c><24>hitofuridekokorogotoohimesa</c><80>maninaru</c><32></c>,sa
42.593,42.86,77,0,<32></c><24>hitofuridekokorogotoohime</c><80>samaninaru</c><32></c>,me
42.359,42.593,77,0,<32></c><24>hitofuridekokorogotoohi</c><80>mesamaninaru</c><32></c>,hi
41.892,42.359,77,0,<32></c><24>hitofuridekokorogotoo</c><80>himesamaninaru</c><32></c>,o
41.191,41.892,77,0,<32></c><24>hitofuridekokorogoto</c><80>ohimesamaninaru</c><32></c>,to
40.958,41.191,77,0,<32></c><24>hitofuridekokorogo</c><80>toohimesamaninaru</c><32></c>,go
40.724,40.958,77,0,<32></c><24>hitofuridekokoro</c><80>gotoohimesamaninaru</c><32></c>,ro
40.491,40.724,77,0,<32></c><24>hitofuridekoko</c><80>rogotoohimesamaninaru</c><32></c>,ko
40.024,40.491,77,0,<32></c><24>hitofurideko</c><80>korogotoohimesamaninaru</c><32></c>,ko
39.323,40.024,77,0,<32></c><24>hitofuride</c><80>kokorogotoohimesamaninaru</c><32></c>,de
39.089,39.323,77,0,<32></c><24>hitofuri</c><80>dekokorogotoohimesamaninaru</c><32></c>,ri
38.856,39.089,77,0,<32></c><24>hitofu</c><80>ridekokorogotoohimesamaninaru</c><32></c>,fu
38.622,38.856,77,0,<32></c><24>hito</c><80>furidekokorogotoohimesamaninaru</c><32></c>,to
38.188,38.622,77,0,<32></c><24>hi</c><80>tofuridekokorogotoohimesamaninaru</c><32></c>,hi
115.032,115.766,77,0,<32></c><24>hitonuridekokyuugotoohimesamaninaru</c><32></c>,ru
114.698,115.032,77,0,<32></c><24>hitonuridekokyuugotoohimesamanina</c><80>ru</c><32></c>,na
114.565,114.698,77,0,<32></c><24>hitonuridekokyuugotoohimesamani</c><80>naru</c><32></c>,ni
114.331,114.565,77,0,<32></c><24>hitonuridekokyuugotoohimesama</c><80>ninaru</c><32></c>,ma
114.131,114.331,77,0,<32></c><24>hitonuridekokyuugotoohimesa</c><80>maninaru</c><32></c>,sa
113.864,114.131,77,0,<32></c><24>hitonuridekokyuugotoohime</c><80>samaninaru</c><32></c>,me
113.63,113.864,77,0,<32></c><24>hitonuridekokyuugotoohi</c><80>mesamaninaru</c><32></c>,hi
113.163,113.63,77,0,<32></c><24>hitonuridekokyuugotoo</c><80>himesamaninaru</c><32></c>,o
112.463,113.163,77,0,<32></c><24>hitonuridekokyuugoto</c><80>ohimesamaninaru</c><32></c>,to
112.229,112.463,77,0,<32></c><24>hitonuridekokyuugo</c><80>toohimesamaninaru</c><32></c>,go
111.995,112.229,77,0,<32></c><24>hitonuridekokyuu</c><80>gotoohimesamaninaru</c><32></c>,u
111.728,111.995,77,0,<32></c><24>hitonuridekokyu</c><80>ugotoohimesamaninaru</c><32></c>,kyu
111.261,111.728,77,0,<32></c><24>hitonurideko</c><80>kyuugotoohimesamaninaru</c><32></c>,ko
110.594,111.261,77,0,<32></c><24>hitonuride</c><80>kokyuugotoohimesamaninaru</c><32></c>,de
110.36,110.594,77,0,<32></c><24>hitonuri</c><80>dekokyuugotoohimesamaninaru</c><32></c>,ri
110.127,110.36,77,0,<32></c><24>hitonu</c><80>ridekokyuugotoohimesamaninaru</c><32></c>,nu
109.86,110.127,77,0,<32></c><24>hito</c><80>nuridekokyuugotoohimesamaninaru</c><32></c>,to
109.393,109.86,77,0,<32></c><24>hi</c><80>tonuridekokyuugotoohimesamaninaru</c><32></c>,hi
67.217,67.451,56,0,<32></c><24>hitotsudakejasamishikute</c><32></c>,te
66.95,67.217,56,0,<32></c><24>hitotsudakejasamishiku</c><80>te</c><32></c>,ku
66.683,66.95,56,0,<32></c><24>hitotsudakejasamishi</c><80>kute</c><32></c>,shi
66.417,66.683,56,0,<32></c><24>hitotsudakejasami</c><80>shikute</c><32></c>,mi
66.183,66.417,56,0,<32></c><24>hitotsudakejasa</c><80>mishikute</c><32></c>,sa
65.949,66.183,56,0,<32></c><24>hitotsudakeja</c><80>samishikute</c><32></c>,ja
65.783,65.949,56,0,<32></c><24>hitotsudake</c><80>jasamishikute</c><32></c>,ke
65.582,65.783,56,0,<32></c><24>hitotsuda</c><80>kejasamishikute</c><32></c>,da
65.082,65.582,56,0,<32></c><24>hitotsu</c><80>dakejasamishikute</c><32></c>,tsu
64.848,65.082,56,0,<32></c><24>hito</c><80>tsudakejasamishikute</c><32></c>,to
64.515,64.848,56,0,<32></c><24>hi</c><80>totsudakejasamishikute</c><32></c>,hi
90.407,90.874,56,0,<32></c><24>ironnayoteigayattekuru</c><32></c>,ru
90.274,90.407,56,0,<32></c><24>ironnayoteigayatteku</c><80>ru</c><32></c>,ku
90.174,90.274,56,0,<32></c><24>ironnayoteigayatte</c><80>kuru</c><32></c>,te
90.074,90.174,56,0,<32></c><24>ironnayoteigayat</c><80>tekuru</c><32></c>,t
89.973,90.074,56,0,<32></c><24>ironnayoteigaya</c><80>ttekuru</c><32></c>,ya
89.807,89.973,56,0,<32></c><24>ironnayoteiga</c><80>yattekuru</c><32></c>,ga
89.706,89.807,56,0,<32></c><24>ironnayotei</c><80>gayattekuru</c><32></c>,i
89.606,89.706,56,0,<32></c><24>ironnayote</c><80>igayattekuru</c><32></c>,te
89.473,89.606,56,0,<32></c><24>ironnayo</c><80>teigayattekuru</c><32></c>,yo
89.339,89.473,56,0,<32></c><24>ironna</c><80>yoteigayattekuru</c><32></c>,na
89.239,89.339,56,0,<32></c><24>iron</c><80>nayoteigayattekuru</c><32></c>,n
89.139,89.239,56,0,<32></c><24>iro</c><80>nnayoteigayattekuru</c><32></c>,ro
89.006,89.139,56,0,<32></c><24>i</c><80>ronnayoteigayattekuru</c><32></c>,i
187.437,188.172,-1,0,<32></c><24>itsumademoarigatou</c><32></c>,u
187.204,187.437,-1,0,<32></c><24>itsumademoarigato</c><80>u</c><32></c>,to
186.97,187.204,-1,0,<32></c><24>itsumademoariga</c><80>tou</c><32></c>,ga
186.737,186.97,-1,0,<32></c><24>itsumademoari</c><80>gatou</c><32></c>,ri
186.27,186.737,-1,0,<32></c><24>itsumademoa</c><80>rigatou</c><32></c>,a
185.569,186.27,-1,0,<32></c><24>itsumademo</c><80>arigatou</c><32></c>,mo
185.335,185.569,-1,0,<32></c><24>itsumade</c><80>moarigatou</c><32></c>,de
185.068,185.335,-1,0,<32></c><24>itsuma</c><80>demoarigatou</c><32></c>,ma
184.835,185.068,-1,0,<32></c><24>itsu</c><80>mademoarigatou</c><32></c>,tsu
184.401,184.835,-1,0,<32></c><24>i</c><80>tsumademoarigatou</c><32></c>,i
176.226,177.027,-1,0,<32></c><24>kimitopastelteatimede</c><32></c>,de
175.959,176.226,-1,0,<32></c><24>kimitopastelteatime</c><80>de</c><32></c>,me
175.726,175.959,-1,0,<32></c><24>kimitopastelteati</c><80>mede</c><32></c>,i
175.492,175.726,-1,0,<32></c><24>kimitopastelteat</c><80>imede</c><32></c>,t
175.192,175.492,-1,0,<32></c><24>kimitopasteltea</c><80>timede</c><32></c>,tea
174.925,175.192,-1,0,<32></c><24>kimitopastel</c><80>teatimede</c><32></c>,l
174.758,174.925,-1,0,<32></c><24>kimitopaste</c><80>lteatimede</c><32></c>,te
174.558,174.758,-1,0,<32></c><24>kimitopas</c><80>telteatimede</c><32></c>,s
174.324,174.558,-1,0,<32></c><24>kimitopa</c><80>stelteatimede</c><32></c>,pa
173.857,174.324,-1,0,<32></c><24>kimito</c><80>pastelteatimede</c><32></c>,to
173.624,173.857,-1,0,<32></c><24>kimi</c><80>topastelteatimede</c><32></c>,mi
173.39,173.624,-1,0,<32></c><24>ki</c><80>mitopastelteatimede</c><32></c>,ki
63.68,64.515,-1,0,<32></c><24>kokoroodoruamaiokashi</c><32></c>,shi
63.447,63.68,-1,0,<32></c><24>kokoroodoruamaioka</c><80>shi</c><32></c>,ka
63.213,63.447,-1,0,<32></c><24>kokoroodoruamaio</c><80>kashi</c><32></c>,o
62.98,63.213,-1,0,<32></c><24>kokoroodoruamai</c><80>okashi</c><32></c>,i
62.679,62.98,-1,0,<32></c><24>kokoroodoruama</c><80>iokashi</c><32></c>,ma
62.413,62.679,-1,0,<32></c><24>kokoroodorua</c><80>maiokashi</c><32></c>,a
62.212,62.413,-1,0,<32></c><24>kokoroodoru</c><80>amaiokashi</c><32></c>,ru
62.046,62.212,-1,0,<32></c><24>kokoroodo</c><80>ruamaiokashi</c><32></c>,do
61.812,62.046,-1,0,<32></c><24>kokoroo</c><80>doruamaiokashi</c><32></c>,o
61.345,61.812,-1,0,<32></c><24>kokoro</c><80>odoruamaiokashi</c><32></c>,ro
61.111,61.345,-1,0,<32></c><24>koko</c><80>roodoruamaiokashi</c><32></c>,ko
60.878,61.111,-1,0,<32></c><24>ko</c><80>koroodoruamaiokashi</c><32></c>,ko
97.915,98.382,61,0,<32></c><24>korokoromakaronkorogashite</c><32></c>,te
97.815,97.915,61,0,<32></c><24>korokoromakaronkorogashi</c><80>te</c><32></c>,shi
97.681,97.815,61,0,<32></c><24>korokoromakaronkoroga</c><80>shite</c><32></c>,ga
97.548,97.681,61,0,<32></c><24>korokoromakaronkoro</c><80>gashite</c><32></c>,ro
97.448,97.548,61,0,<32></c><24>korokoromakaronko</c><80>rogashite</c><32></c>,ko
97.347,97.448,61,0,<32></c><24>korokoromakaron</c><80>korogashite</c><32></c>,n
97.214,97.347,61,0,<32></c><24>korokoromakaro</c><80>nkorogashite</c><32></c>,ro
97.114,97.214,61,0,<32></c><24>korokoromaka</c><80>ronkorogashite</c><32></c>,ka
96.98,97.114,61,0,<32></c><24>korokoroma</c><80>karonkorogashite</c><32></c>,ma
96.847,96.98,61,0,<32></c><24>korokoro</c><80>makaronkorogashite</c><32></c>,ro
96.747,96.847,61,0,<32></c><24>koroko</c><80>romakaronkorogashite</c><32></c>,ko
96.613,96.747,61,0,<32></c><24>koro</c><80>koromakaronkorogashite</c><32></c>,ro
96.513,96.613,61,0,<32></c><24>ko</c><80>rokoromakaronkorogashite</c><32></c>,ko
24.808,25.275,-1,0,<32></c><24>kouenshitarachoujikan</c><32></c>,n
24.675,24.808,-1,0,<32></c><24>kouenshitarachoujika</c><80>n</c><32></c>,ka
24.575,24.675,-1,0,<32></c><24>kouenshitarachouji</c><80>kan</c><32></c>,ji
24.341,24.575,-1,0,<32></c><24>kouenshitarachou</c><80>jikan</c><32></c>,chou
24.108,24.341,-1,0,<32></c><24>kouenshitara</c><80>choujikan</c><32></c>,ra
24.008,24.108,-1,0,<32></c><24>kouenshita</c><80>rachoujikan</c><32></c>,ta
23.874,24.008,-1,0,<32></c><24>kouenshi</c><80>tarachoujikan</c><32></c>,shi
23.807,23.874,-1,0,<32></c><24>kouen</c><80>shitarachoujikan</c><32></c>,n
23.64,23.807,-1,0,<32></c><24>koue</c><80>nshitarachoujikan</c><32></c>,e
23.54,23.64,-1,0,<32></c><24>kou</c><80>enshitarachoujikan</c><32></c>,u
23.407,23.54,-1,0,<32></c><24>ko</c><80>uenshitarachoujikan</c><32></c>,ko
100.117,100.284,67,0,<32></c><24>kyoumoashitamohoippusuteppu</c><32></c>,pu
99.917,100.117,67,0,<32></c><24>kyoumoashitamohoippusutep</c><80>pu</c><32></c>,tep
99.783,99.917,67,0,<32></c><24>kyoumoashitamohoippusu</c><80>teppu</c><32></c>,su
99.65,99.783,67,0,<32></c><24>kyoumoashitamohoippu</c><80>suteppu</c><32></c>,pu
99.45,99.65,67,0,<32></c><24>kyoumoashitamohoip</c><80>pusuteppu</c><32></c>,ip
99.316,99.45,67,0,<32></c><24>kyoumoashitamoho</c><80>ippusuteppu</c><32></c>,ho
99.216,99.316,67,0,<32></c><24>kyoumoashitamo</c><80>hoippusuteppu</c><32></c>,mo
99.083,99.216,67,0,<32></c><24>kyoumoashita</c><80>mohoippusuteppu</c><32></c>,ta
98.949,99.083,67,0,<32></c><24>kyoumoashi</c><80>tamohoippusuteppu</c><32></c>,shi
98.849,98.949,67,0,<32></c><24>kyoumoa</c><80>shitamohoippusuteppu</c><32></c>,a
98.615,98.849,67,0,<32></c><24>kyoumo</c><80>ashitamohoippusuteppu</c><32></c>,mo
98.515,98.615,67,0,<32></c><24>kyou</c><80>moashitamohoippusuteppu</c><32></c>,u
98.382,98.515,67,0,<32></c><24>kyo</c><80>umoashitamohoippusuteppu</c><32></c>,kyo
94.144,94.645,70,0,<32></c><24>mahounikakarujikanmohitsuyou!</c><32></c>,you!
94.044,94.144,70,0,<32></c><24>mahounikakarujikanmohitsu</c><80>you!</c><32></c>,tsu
93.944,94.044,70,0,<32></c><24>mahounikakarujikanmohi</c><80>tsuyou!</c><32></c>,hi
93.844,93.944,70,0,<32></c><24>mahounikakarujikanmo</c><80>hitsuyou!</c><32></c>,mo
93.777,93.844,70,0,<32></c><24>mahounikakarujikan</c><80>mohitsuyou!</c><32></c>,n
93.677,93.777,70,0,<32></c><24>mahounikakarujika</c><80>nmohitsuyou!</c><32></c>,ka
93.577,93.677,70,0,<32></c><24>mahounikakaruji</c><80>kanmohitsuyou!</c><32></c>,ji
93.444,93.577,70,0,<32></c><24>mahounikakaru</c><80>jikanmohitsuyou!</c><32></c>,ru
93.343,93.444,70,0,<32></c><24>mahounikaka</c><80>rujikanmohitsuyou!</c><32></c>,ka
93.243,93.343,70,0,<32></c><24>mahounika</c><80>karujikanmohitsuyou!</c><32></c>,ka
93.11,93.243,70,0,<32></c><24>mahouni</c><80>kakarujikanmohitsuyou!</c><32></c>,ni
93.01,93.11,70,0,<32></c><24>mahou</c><80>nikakarujikanmohitsuyou!</c><32></c>,u
92.91,93.01,70,0,<32></c><24>maho</c><80>unikakarujikanmohitsuyou!</c><32></c>,ho
92.776,92.91,70,0,<32></c><24>ma</c><80>hounikakarujikanmohitsuyou!</c><32></c>,ma
191.909,195.479,56,0,<32></c><24>mataashitamoyoroshikune</c><32></c>,ne
191.441,191.909,56,0,<32></c><24>mataashitamoyoroshiku</c><80>ne</c><32></c>,ku
190.974,191.441,56,0,<32></c><24>mataashitamoyoroshi</c><80>kune</c><32></c>,shi
190.507,190.974,56,0,<32></c><24>mataashitamoyoro</c><80>shikune</c><32></c>,ro
190.04,190.507,56,0,<32></c><24>mataashitamoyo</c><80>roshikune</c><32></c>,yo
189.773,190.04,56,0,<32></c><24>mataashitamo</c><80>yoroshikune</c><32></c>,mo
189.339,189.773,56,0,<32></c><24>mataashita</c><80>moyoroshikune</c><32></c>,ta
189.072,189.339,56,0,<32></c><24>mataashi</c><80>tamoyoroshikune</c><32></c>,shi
188.872,189.072,56,0,<32></c><24>mataa</c><80>shitamoyoroshikune</c><32></c>,a
188.639,188.872,56,0,<32></c><24>mata</c><80>ashitamoyoroshikune</c><32></c>,ta
188.172,188.639,56,0,<32></c><24>ma</c><80>taashitamoyoroshikune</c><32></c>,ma
72.156,73.257,77,0,<32></c><24>matahoobaruyokuseninarusweetnight</c><32></c>,night
71.622,72.156,77,0,<32></c><24>matahoobaruyokuseninarusweet</c><80>night</c><32></c>,sweet
71.221,71.622,77,0,<32></c><24>matahoobaruyokuseninaru</c><80>sweetnight</c><32></c>,ru
70.988,71.221,77,0,<32></c><24>matahoobaruyokusenina</c><80>rusweetnight</c><32></c>,na
70.721,70.988,77,0,<32></c><24>matahoobaruyokuseni</c><80>narusweetnight</c><32></c>,ni
70.487,70.721,77,0,<32></c><24>matahoobaruyokuse</c><80>ninarusweetnight</c><32></c>,se
70.02,70.487,77,0,<32></c><24>matahoobaruyoku</c><80>seninarusweetnight</c><32></c>,ku
69.319,70.02,77,0,<32></c><24>matahoobaruyo</c><80>kuseninarusweetnight</c><32></c>,yo
69.086,69.319,77,0,<32></c><24>matahoobaru</c><80>yokuseninarusweetnight</c><32></c>,ru
68.852,69.086,77,0,<32></c><24>matahooba</c><80>ruyokuseninarusweetnight</c><32></c>,ba
68.619,68.852,77,0,<32></c><24>matahoo</c><80>baruyokuseninarusweetnight</c><32></c>,o
68.152,68.619,77,0,<32></c><24>mataho</c><80>obaruyokuseninarusweetnight</c><32></c>,ho
67.684,68.152,77,0,<32></c><24>mata</c><80>hoobaruyokuseninarusweetnight</c><32></c>,ta
67.451,67.684,77,0,<32></c><24>ma</c><80>tahoobaruyokuseninarusweetnight</c><32></c>,ma
143.427,144.795,67,0,<32></c><24>mataomoidasuatatakaisweetnight</c><32></c>,night
142.893,143.427,67,0,<32></c><24>mataomoidasuatatakaisweet</c><80>night</c><32></c>,sweet
142.459,142.893,67,0,<32></c><24>mataomoidasuatatakai</c><80>sweetnight</c><32></c>,i
142.226,142.459,67,0,<32></c><24>mataomoidasuatataka</c><80>isweetnight</c><32></c>,ka
141.992,142.226,67,0,<32></c><24>mataomoidasuatata</c><80>kaisweetnight</c><32></c>,ta
141.758,141.992,67,0,<32></c><24>mataomoidasuata</c><80>takaisweetnight</c><32></c>,ta
141.291,141.758,67,0,<32></c><24>mataomoidasua</c><80>tatakaisweetnight</c><32></c>,a
140.557,141.291,67,0,<32></c><24>mataomoidasu</c><80>atatakaisweetnight</c><32></c>,su
140.357,140.557,67,0,<32></c><24>mataomoida</c><80>suatatakaisweetnight</c><32></c>,da
140.09,140.357,67,0,<32></c><24>mataomoi</c><80>dasuatatakaisweetnight</c><32></c>,i
139.89,140.09,67,0,<32></c><24>mataomo</c><80>idasuatatakaisweetnight</c><32></c>,mo
139.423,139.89,67,0,<32></c><24>matao</c><80>moidasuatatakaisweetnight</c><32></c>,o
138.956,139.423,67,0,<32></c><24>mata</c><80>omoidasuatatakaisweetnight</c><32></c>,ta
138.722,138.956,67,0,<32></c><24>ma</c><80>taomoidasuatatakaisweetnight</c><32></c>,ma
183.7,184.401,56,0,<32></c><24>matautaeruyoganbareruyo</c><32></c>,yo
183.467,183.7,56,0,<32></c><24>matautaeruyoganbareru</c><80>yo</c><32></c>,ru
183.233,183.467,56,0,<32></c><24>matautaeruyoganbare</c><80>ruyo</c><32></c>,re
183.0,183.233,56,0,<32></c><24>matautaeruyoganba</c><80>reruyo</c><32></c>,ba
182.766,183.0,56,0,<32></c><24>matautaeruyogan</c><80>bareruyo</c><32></c>,n
182.566,182.766,56,0,<32></c><24>matautaeruyoga</c><80>nbareruyo</c><32></c>,ga
181.832,182.566,56,0,<32></c><24>matautaeruyo</c><80>ganbareruyo</c><32></c>,yo
181.598,181.832,56,0,<32></c><24>matautaeru</c><80>yoganbareruyo</c><32></c>,ru
181.365,181.598,56,0,<32></c><24>matautae</c><80>ruyoganbareruyo</c><32></c>,e
181.131,181.365,56,0,<32></c><24>matauta</c><80>eruyoganbareruyo</c><32></c>,ta
180.664,181.131,56,0,<32></c><24>matau</c><80>taeruyoganbareruyo</c><32></c>,u
180.197,180.664,56,0,<32></c><24>mata</c><80>utaeruyoganbareruyo</c><32></c>,ta
179.963,180.197,56,0,<32></c><24>ma</c><80>tautaeruyoganbareruyo</c><32></c>,ma
37.688,38.188,-1,0,<32></c><24>matottehoraoshareni</c><32></c>,ni
37.221,37.688,-1,0,<32></c><24>matottehoraoshare</c><80>ni</c><32></c>,re
36.787,37.221,-1,0,<32></c><24>matottehoraosha</c><80>reni</c><32></c>,sha
36.286,36.787,-1,0,<32></c><24>matottehorao</c><80>shareni</c><32></c>,o
35.953,36.286,-1,0,<32></c><24>matottehora</c><80>oshareni</c><32></c>,ra
35.586,35.953,-1,0,<32></c><24>matotteho</c><80>raoshareni</c><32></c>,ho
35.352,35.586,-1,0,<32></c><24>matotte</c><80>horaoshareni</c><32></c>,te
35.152,35.352,-1,0,<32></c><24>matot</c><80>tehoraoshareni</c><32></c>,t
34.885,35.152,-1,0,<32></c><24>mato</c><80>ttehoraoshareni</c><32></c>,to
34.418,34.885,-1,0,<32></c><24>ma</c><80>tottehoraoshareni</c><32></c>,ma
22.906,23.407,64,0,<32></c><24>naniohanashitakawasurechau</c><32></c>,u
22.806,22.906,64,0,<32></c><24>naniohanashitakawasurecha</c><80>u</c><32></c>,cha
22.673,22.806,64,0,<32></c><24>naniohanashitakawasure</c><80>chau</c><32></c>,re
22.573,22.673,64,0,<32></c><24>naniohanashitakawasu</c><80>rechau</c><32></c>,su
22.439,22.573,64,0,<32></c><24>naniohanashitakawa</c><80>surechau</c><32></c>,wa
22.339,22.439,64,0,<32></c><24>naniohanashitaka</c><80>wasurechau</c><32></c>,ka
22.206,22.339,64,0,<32></c><24>naniohanashita</c><80>kawasurechau</c><32></c>,ta
22.106,22.206,64,0,<32></c><24>naniohanashi</c><80>takawasurechau</c><32></c>,shi
21.972,22.106,64,0,<32></c><24>naniohana</c><80>shitakawasurechau</c><32></c>,na
21.872,21.972,64,0,<32></c><24>nanioha</c><80>nashitakawasurechau</c><32></c>,ha
21.739,21.872,64,0,<32></c><24>nanio</c><80>hanashitakawasurechau</c><32></c>,o
21.672,21.739,64,0,<32></c><24>nani</c><80>ohanashitakawasurechau</c><32></c>,ni
21.505,21.672,64,0,<32></c><24>na</c><80>niohanashitakawasurechau</c><32></c>,na
138.455,138.722,-1,0,<32></c><24>nijinogarasuninarabete</c><32></c>,te
138.222,138.455,-1,0,<32></c><24>nijinogarasuninarabe</c><80>te</c><32></c>,be
137.988,138.222,-1,0,<32></c><24>nijinogarasuninara</c><80>bete</c><32></c>,ra
137.688,137.988,-1,0,<32></c><24>nijinogarasunina</c><80>rabete</c><32></c>,na
137.421,137.688,-1,0,<32></c><24>nijinogarasuni</c><80>narabete</c><32></c>,ni
137.221,137.421,-1,0,<32></c><24>nijinogarasu</c><80>ninarabete</c><32></c>,su
137.054,137.221,-1,0,<32></c><24>nijinogara</c><80>suninarabete</c><32></c>,ra
136.82,137.054,-1,0,<32></c><24>nijinoga</c><80>rasuninarabete</c><32></c>,ga
136.353,136.82,-1,0,<32></c><24>nijino</c><80>garasuninarabete</c><32></c>,no
136.086,136.353,-1,0,<32></c><24>niji</c><80>nogarasuninarabete</c><32></c>,ji
135.786,136.086,-1,0,<32></c><24>ni</c><80>jinogarasuninarabete</c><32></c>,ni
17.634,17.768,66,0,<32></c><24>odoketakaodeitsumowazachou</c><32></c>,u
17.534,17.634,66,0,<32></c><24>odoketakaodeitsumowazacho</c><80>u</c><32></c>,cho
17.301,17.534,66,0,<32></c><24>odoketakaodeitsumowaza</c><80>chou</c><32></c>,za
17.167,17.301,66,0,<32></c><24>odoketakaodeitsumowa</c><80>zachou</c><32></c>,wa
17.067,17.167,66,0,<32></c><24>odoketakaodeitsumo</c><80>wazachou</c><32></c>,mo
16.967,17.067,66,0,<32></c><24>odoketakaodeitsu</c><80>mowazachou</c><32></c>,tsu
16.834,16.967,66,0,<32></c><24>odoketakaodei</c><80>tsumowazachou</c><32></c>,i
16.6,16.834,66,0,<32></c><24>odoketakaode</c><80>itsumowazachou</c><32></c>,de
16.533,16.6,66,0,<32></c><24>odoketakao</c><80>deitsumowazachou</c><32></c>,o
16.367,16.533,66,0,<32></c><24>odoketaka</c><80>odeitsumowazachou</c><32></c>,ka
16.266,16.367,66,0,<32></c><24>odoketa</c><80>kaodeitsumowazachou</c><32></c>,ta
16.133,16.266,66,0,<32></c><24>odoke</c><80>takaodeitsumowazachou</c><32></c>,ke
16.033,16.133,66,0,<32></c><24>odo</c><80>ketakaodeitsumowazachou</c><32></c>,do
15.899,16.033,66,0,<32></c><24>o</c><80>doketakaodeitsumowazachou</c><32></c>,o
0.951,12.096,59,0,<32></c><55>omarupolka-pastelteatime</c><32></c>,omarupolka-pastelteatime
26.844,27.144,67,0,<32></c><24>owattaatoniwa\'konnajikan!?\'</c><32></c>,n!?\'
26.677,26.844,67,0,<32></c><24>owattaatoniwa\'konnajika</c><80>n!?\'</c><32></c>,ka
26.543,26.677,67,0,<32></c><24>owattaatoniwa\'konnaji</c><80>kan!?\'</c><32></c>,ji
26.41,26.543,67,0,<32></c><24>owattaatoniwa\'konna</c><80>jikan!?\'</c><32></c>,na
26.343,26.41,67,0,<32></c><24>owattaatoniwa\'kon</c><80>najikan!?\'</c><32></c>,n
26.21,26.343,67,0,<32></c><24>owattaatoniwa\'ko</c><80>nnajikan!?\'</c><32></c>,\'ko
26.11,26.21,67,0,<32></c><24>owattaatoniwa</c><80>\'konnajikan!?\'</c><32></c>,wa
25.976,26.11,67,0,<32></c><24>owattaatoni</c><80>wa\'konnajikan!?\'</c><32></c>,ni
25.876,25.976,67,0,<32></c><24>owattaato</c><80>niwa\'konnajikan!?\'</c><32></c>,to
25.743,25.876,67,0,<32></c><24>owattaa</c><80>toniwa\'konnajikan!?\'</c><32></c>,a
25.642,25.743,67,0,<32></c><24>owatta</c><80>atoniwa\'konnajikan!?\'</c><32></c>,ta
25.442,25.642,67,0,<32></c><24>owat</c><80>taatoniwa\'konnajikan!?\'</c><32></c>,wat
25.275,25.442,67,0,<32></c><24>o</c><80>wattaatoniwa\'konnajikan!?\'</c><32></c>,o
96.28,96.513,66,0,<32></c><24>pachipachifuwafuwaaisukuriimu</c><32></c>,mu
96.046,96.28,66,0,<32></c><24>pachipachifuwafuwaaisukurii</c><80>mu</c><32></c>,rii
95.946,96.046,66,0,<32></c><24>pachipachifuwafuwaaisuku</c><80>riimu</c><32></c>,ku
95.813,95.946,66,0,<32></c><24>pachipachifuwafuwaaisu</c><80>kuriimu</c><32></c>,su
95.679,95.813,66,0,<32></c><24>pachipachifuwafuwaai</c><80>sukuriimu</c><32></c>,i
95.579,95.679,66,0,<32></c><24>pachipachifuwafuwaa</c><80>isukuriimu</c><32></c>,a
95.412,95.579,66,0,<32></c><24>pachipachifuwafuwa</c><80>aisukuriimu</c><32></c>,wa
95.345,95.412,66,0,<32></c><24>pachipachifuwafu</c><80>waaisukuriimu</c><32></c>,fu
95.212,95.345,66,0,<32></c><24>pachipachifuwa</c><80>fuwaaisukuriimu</c><32></c>,wa
95.112,95.212,66,0,<32></c><24>pachipachifu</c><80>wafuwaaisukuriimu</c><32></c>,fu
94.978,95.112,66,0,<32></c><24>pachipachi</c><80>fuwafuwaaisukuriimu</c><32></c>,chi
94.912,94.978,66,0,<32></c><24>pachipa</c><80>chifuwafuwaaisukuriimu</c><32></c>,pa
94.778,94.912,66,0,<32></c><24>pachi</c><80>pachifuwafuwaaisukuriimu</c><32></c>,chi
94.645,94.778,66,0,<32></c><24>pa</c><80>chipachifuwafuwaaisukuriimu</c><32></c>,pa
123.707,124.408,-1,0,<32></c><24>sararimeikuonosetanara</c><32></c>,ra
123.474,123.707,-1,0,<32></c><24>sararimeikuonosetana</c><80>ra</c><32></c>,na
123.207,123.474,-1,0,<32></c><24>sararimeikuonoseta</c><80>nara</c><32></c>,ta
122.94,123.207,-1,0,<32></c><24>sararimeikuonose</c><80>tanara</c><32></c>,se
122.673,122.94,-1,0,<32></c><24>sararimeikuono</c><80>setanara</c><32></c>,no
122.406,122.673,-1,0,<32></c><24>sararimeikuo</c><80>nosetanara</c><32></c>,o
122.206,122.406,-1,0,<32></c><24>sararimeiku</c><80>onosetanara</c><32></c>,ku
122.005,122.206,-1,0,<32></c><24>sararimei</c><80>kuonosetanara</c><32></c>,i
121.839,122.005,-1,0,<32></c><24>sararime</c><80>ikuonosetanara</c><32></c>,me
121.371,121.839,-1,0,<32></c><24>sarari</c><80>meikuonosetanara</c><32></c>,ri
121.138,121.371,-1,0,<32></c><24>sara</c><80>rimeikuonosetanara</c><32></c>,ra
120.804,121.138,-1,0,<32></c><24>sa</c><80>rarimeikuonosetanara</c><32></c>,sa
52.469,53.17,-1,0,<32></c><24>sararimitsuamihodoitara</c><32></c>,ra
52.236,52.469,-1,0,<32></c><24>sararimitsuamihodoita</c><80>ra</c><32></c>,ta
52.002,52.236,-1,0,<32></c><24>sararimitsuamihodoi</c><80>tara</c><32></c>,i
51.769,52.002,-1,0,<32></c><24>sararimitsuamihodo</c><80>itara</c><32></c>,do
51.502,51.769,-1,0,<32></c><24>sararimitsuamiho</c><80>doitara</c><32></c>,ho
51.201,51.502,-1,0,<32></c><24>sararimitsuami</c><80>hodoitara</c><32></c>,mi
50.968,51.201,-1,0,<32></c><24>sararimitsua</c><80>mihodoitara</c><32></c>,a
50.801,50.968,-1,0,<32></c><24>sararimitsu</c><80>amihodoitara</c><32></c>,tsu
50.567,50.801,-1,0,<32></c><24>sararimi</c><80>tsuamihodoitara</c><32></c>,mi
50.134,50.567,-1,0,<32></c><24>sarari</c><80>mitsuamihodoitara</c><32></c>,ri
49.9,50.134,-1,0,<32></c><24>sara</c><80>rimitsuamihodoitara</c><32></c>,ra
49.566,49.9,-1,0,<32></c><24>sa</c><80>rarimitsuamihodoitara</c><32></c>,sa
116.667,117.167,-1,0,<32></c><24>seeno</c><32></c>,no
116.2,116.667,-1,0,<32></c><24>see</c><80>no</c><32></c>,see
45.429,45.896,-1,0,<32></c><24>seeno</c><32></c>,no
44.962,45.429,-1,0,<32></c><24>see</c><80>no</c><32></c>,see
171.288,173.39,70,0,<32></c><24>shiawaseosekaietotodoketaikara</c><32></c>,ra
170.954,171.288,70,0,<32></c><24>shiawaseosekaietotodoketaika</c><80>ra</c><32></c>,ka
170.587,170.954,70,0,<32></c><24>shiawaseosekaietotodoketai</c><80>kara</c><32></c>,i
170.354,170.587,70,0,<32></c><24>shiawaseosekaietotodoketa</c><80>ikara</c><32></c>,ta
170.12,170.354,70,0,<32></c><24>shiawaseosekaietotodoke</c><80>taikara</c><32></c>,ke
169.887,170.12,70,0,<32></c><24>shiawaseosekaietotodo</c><80>ketaikara</c><32></c>,do
169.419,169.887,70,0,<32></c><24>shiawaseosekaietoto</c><80>doketaikara</c><32></c>,to
168.719,169.419,70,0,<32></c><24>shiawaseosekaieto</c><80>todoketaikara</c><32></c>,to
168.485,168.719,70,0,<32></c><24>shiawaseosekaie</c><80>totodoketaikara</c><32></c>,e
168.252,168.485,70,0,<32></c><24>shiawaseosekai</c><80>etotodoketaikara</c><32></c>,i
168.018,168.252,70,0,<32></c><24>shiawaseoseka</c><80>ietotodoketaikara</c><32></c>,ka
167.551,168.018,70,0,<32></c><24>shiawaseose</c><80>kaietotodoketaikara</c><32></c>,se
166.85,167.551,70,0,<32></c><24>shiawaseo</c><80>sekaietotodoketaikara</c><32></c>,o
166.583,166.85,70,0,<32></c><24>shiawase</c><80>osekaietotodoketaikara</c><32></c>,se
166.35,166.583,70,0,<32></c><24>shiawa</c><80>seosekaietotodoketaikara</c><32></c>,wa
166.15,166.35,70,0,<32></c><24>shia</c><80>waseosekaietotodoketaikara</c><32></c>,a
165.616,166.15,70,0,<32></c><24>shi</c><80>awaseosekaietotodoketaikara</c><32></c>,shi
92.309,92.776,58,0,<32></c><24>suiminjikankanarijuuyou!</c><32></c>,you!
92.176,92.309,58,0,<32></c><24>suiminjikankanarijuu</c><80>you!</c><32></c>,u
92.042,92.176,58,0,<32></c><24>suiminjikankanariju</c><80>uyou!</c><32></c>,ju
91.909,92.042,58,0,<32></c><24>suiminjikankanari</c><80>juuyou!</c><32></c>,ri
91.809,91.909,58,0,<32></c><24>suiminjikankana</c><80>rijuuyou!</c><32></c>,na
91.708,91.809,58,0,<32></c><24>suiminjikanka</c><80>narijuuyou!</c><32></c>,ka
91.575,91.708,58,0,<32></c><24>suiminjikan</c><80>kanarijuuyou!</c><32></c>,n
91.475,91.575,58,0,<32></c><24>suiminjika</c><80>nkanarijuuyou!</c><32></c>,ka
91.341,91.475,58,0,<32></c><24>suiminji</c><80>kankanarijuuyou!</c><32></c>,ji
91.241,91.341,58,0,<32></c><24>suimin</c><80>jikankanarijuuyou!</c><32></c>,n
91.108,91.241,58,0,<32></c><24>suimi</c><80>njikankanarijuuyou!</c><32></c>,mi
91.008,91.108,58,0,<32></c><24>sui</c><80>minjikankanarijuuyou!</c><32></c>,i
90.874,91.008,58,0,<32></c><24>su</c><80>iminjikankanarijuuyou!</c><32></c>,su
105.322,105.656,-1,0,<32></c><24>usumomoironisomerurippu</c><32></c>,pu
104.955,105.322,-1,0,<32></c><24>usumomoironisomerurip</c><80>pu</c><32></c>,rip
104.755,104.955,-1,0,<32></c><24>usumomoironisomeru</c><80>rippu</c><32></c>,ru
104.488,104.755,-1,0,<32></c><24>usumomoironisome</c><80>rurippu</c><32></c>,me
104.288,104.488,-1,0,<32></c><24>usumomoironiso</c><80>merurippu</c><32></c>,so
103.787,104.288,-1,0,<32></c><24>usumomoironi</c><80>somerurippu</c><32></c>,ni
103.487,103.787,-1,0,<32></c><24>usumomoiro</c><80>nisomerurippu</c><32></c>,ro
103.087,103.487,-1,0,<32></c><24>usumomoi</c><80>ronisomerurippu</c><32></c>,i
102.853,103.087,-1,0,<32></c><24>usumomo</c><80>ironisomerurippu</c><32></c>,mo
102.653,102.853,-1,0,<32></c><24>usumo</c><80>moironisomerurippu</c><32></c>,mo
102.419,102.653,-1,0,<32></c><24>usu</c><80>momoironisomerurippu</c><32></c>,su
102.152,102.419,-1,0,<32></c><24>u</c><80>sumomoironisomerurippu</c><32></c>,u
88.539,89.006,-1,0,<32></c><24>yaritaikotogaoosugite</c><32></c>,te
88.405,88.539,-1,0,<32></c><24>yaritaikotogaoosugi</c><80>te</c><32></c>,gi
88.238,88.405,-1,0,<32></c><24>yaritaikotogaoosu</c><80>gite</c><32></c>,su
88.172,88.238,-1,0,<32></c><24>yaritaikotogaoo</c><80>sugite</c><32></c>,o
88.072,88.172,-1,0,<32></c><24>yaritaikotogao</c><80>osugite</c><32></c>,o
87.838,88.072,-1,0,<32></c><24>yaritaikotoga</c><80>oosugite</c><32></c>,ga
87.704,87.838,-1,0,<32></c><24>yaritaikoto</c><80>gaoosugite</c><32></c>,to
87.604,87.704,-1,0,<32></c><24>yaritaiko</c><80>togaoosugite</c><32></c>,ko
87.471,87.604,-1,0,<32></c><24>yaritai</c><80>kotogaoosugite</c><32></c>,i
87.371,87.471,-1,0,<32></c><24>yarita</c><80>ikotogaoosugite</c><32></c>,ta
87.237,87.371,-1,0,<32></c><24>yari</c><80>taikotogaoosugite</c><32></c>,ri
87.137,87.237,-1,0,<32></c><24>ya</c><80>ritaikotogaoosugite</c><32></c>,ya
108.926,109.393,-1,0,<32></c><24>yubisakiniwabarairo</c><32></c>,ro
108.459,108.926,-1,0,<32></c><24>yubisakiniwabarai</c><80>ro</c><32></c>,i
107.991,108.459,-1,0,<32></c><24>yubisakiniwabara</c><80>iro</c><32></c>,ra
107.524,107.991,-1,0,<32></c><24>yubisakiniwaba</c><80>rairo</c><32></c>,ba
107.191,107.524,-1,0,<32></c><24>yubisakiniwa</c><80>barairo</c><32></c>,wa
106.824,107.191,-1,0,<32></c><24>yubisakini</c><80>wabarairo</c><32></c>,ni
106.623,106.824,-1,0,<32></c><24>yubisaki</c><80>niwabarairo</c><32></c>,ki
106.39,106.623,-1,0,<32></c><24>yubisa</c><80>kiniwabarairo</c><32></c>,sa
106.156,106.39,-1,0,<32></c><24>yubi</c><80>sakiniwabarairo</c><32></c>,bi
105.656,106.156,-1,0,<32></c><24>yu</c><80>bisakiniwabarairo</c><32></c>,yu
34.051,34.418,58,0,<32></c><24>yumenoyounapasuterukaraa</c><32></c>,raa
33.717,34.051,58,0,<32></c><24>yumenoyounapasuteruka</c><80>raa</c><32></c>,ka
33.484,33.717,58,0,<32></c><24>yumenoyounapasuteru</c><80>karaa</c><32></c>,ru
33.25,33.484,58,0,<32></c><24>yumenoyounapasute</c><80>rukaraa</c><32></c>,te
33.017,33.25,58,0,<32></c><24>yumenoyounapasu</c><80>terukaraa</c><32></c>,su
32.549,33.017,58,0,<32></c><24>yumenoyounapa</c><80>suterukaraa</c><32></c>,pa
32.182,32.549,58,0,<32></c><24>yumenoyouna</c><80>pasuterukaraa</c><32></c>,na
31.849,32.182,58,0,<32></c><24>yumenoyou</c><80>napasuterukaraa</c><32></c>,u
31.582,31.849,58,0,<32></c><24>yumenoyo</c><80>unapasuterukaraa</c><32></c>,yo
31.382,31.582,58,0,<32></c><24>yumeno</c><80>younapasuterukaraa</c><32></c>,no
31.148,31.382,58,0,<32></c><24>yume</c><80>noyounapasuterukaraa</c><32></c>,me
30.914,31.148,58,0,<32></c><24>yu</c><80>menoyounapasuterukaraa</c><32></c>,yu
179.73,179.963,-1,0,<32></c><24>yumeotakusanatsumete</c><32></c>,te
179.463,179.73,-1,0,<32></c><24>yumeotakusanatsume</c><80>te</c><32></c>,me
179.229,179.463,-1,0,<32></c><24>yumeotakusanatsu</c><80>mete</c><32></c>,tsu
178.929,179.229,-1,0,<32></c><24>yumeotakusana</c><80>tsumete</c><32></c>,a
178.695,178.929,-1,0,<32></c><24>yumeotakusan</c><80>atsumete</c><32></c>,n
178.462,178.695,-1,0,<32></c><24>yumeotakusa</c><80>natsumete</c><32></c>,sa
178.295,178.462,-1,0,<32></c><24>yumeotaku</c><80>sanatsumete</c><32></c>,ku
178.095,178.295,-1,0,<32></c><24>yumeota</c><80>kusanatsumete</c><32></c>,ta
177.594,178.095,-1,0,<32></c><24>yumeo</c><80>takusanatsumete</c><32></c>,o
177.394,177.594,-1,0,<32></c><24>yume</c><80>otakusanatsumete</c><32></c>,me
177.027,177.394,-1,0,<32></c><24>yu</c><80>meotakusanatsumete</c><32></c>,yu
19.136,19.636,59,0,<32></c><24>zaintoisshonizekkouchou</c><32></c>,chou
18.936,19.136,59,0,<32></c><24>zaintoisshonizekkou</c><80>chou</c><32></c>,kou
18.702,18.936,59,0,<32></c><24>zaintoisshonizek</c><80>kouchou</c><32></c>,zek
18.569,18.702,59,0,<32></c><24>zaintoisshoni</c><80>zekkouchou</c><32></c>,ni
18.469,18.569,59,0,<32></c><24>zaintoissho</c><80>nizekkouchou</c><32></c>,sho
18.235,18.469,59,0,<32></c><24>zaintois</c><80>shonizekkouchou</c><32></c>,is
18.135,18.235,59,0,<32></c><24>zainto</c><80>isshonizekkouchou</c><32></c>,to
18.068,18.135,59,0,<32></c><24>zain</c><80>toisshonizekkouchou</c><32></c>,n
18.002,18.068,59,0,<32></c><24>zai</c><80>ntoisshonizekkouchou</c><32></c>,i
17.768,18.002,59,0,<32></c><24>za</c><80>intoisshonizekkouchou</c><32></c>,za
