start,end,position,line,text,token
112.996,114.331,61,0,<1></c><4>chottoutsumuitakimiemukete</c><1></c>,te
112.863,112.996,61,0,<1></c><4>chottoutsumuitakimiemuke</c><2>te</c><1></c>,ke
112.496,112.863,61,0,<1></c><4>chottoutsumuitakimiemu</c><2>kete</c><1></c>,mu
112.329,112.496,61,0,<1></c><4>chottoutsumuitakimie</c><2>mukete</c><1></c>,e
111.995,112.329,61,0,<1></c><4>chottoutsumuitakimi</c><2>emukete</c><1></c>,mi
111.862,111.995,61,0,<1></c><4>chottoutsumuitaki</c><2>miemukete</c><1></c>,ki
111.195,111.862,61,0,<1></c><4>chottoutsumuita</c><2>kimiemukete</c><1></c>,ta
110.994,111.195,61,0,<1></c><4>chottoutsumui</c><2>takimiemukete</c><1></c>,i
110.828,110.994,61,0,<1></c><4>chottoutsumu</c><2>itakimiemukete</c><1></c>,mu
110.661,110.828,61,0,<1></c><4>chottoutsu</c><2>muitakimiemukete</c><1></c>,tsu
110.494,110.661,61,0,<1></c><4>chottou</c><2>tsumuitakimiemukete</c><1></c>,u
109.993,110.494,61,0,<1></c><4>chotto</c><2>utsumuitakimiemukete</c><1></c>,to
109.626,109.993,61,0,<1></c><4>chot</c><2>toutsumuitakimiemukete</c><1></c>,chot
184.968,186.003,59,0,<1></c><4>chuuyagyakutenotanoshimuno</c><1></c>,no
184.801,184.968,59,0,<1></c><4>chuuyagyakutenotanoshimu</c><2>no</c><1></c>,mu
184.468,184.801,59,0,<1></c><4>chuuyagyakutenotanoshi</c><2>muno</c><1></c>,shi
184.301,184.468,59,0,<1></c><4>chuuyagyakutenotano</c><2>shimuno</c><1></c>,no
183.967,184.301,59,0,<1></c><4>chuuyagyakutenota</c><2>noshimuno</c><1></c>,ta
183.3,183.967,59,0,<1></c><4>chuuyagyakuteno</c><2>tanoshimuno</c><1></c>,o
183.2,183.3,59,0,<1></c><4>chuuyagyakuten</c><2>otanoshimuno</c><1></c>,n
182.966,183.2,59,0,<1></c><4>chuuyagyakute</c><2>notanoshimuno</c><1></c>,te
182.799,182.966,59,0,<1></c><4>chuuyagyaku</c><2>tenotanoshimuno</c><1></c>,ku
182.466,182.799,59,0,<1></c><4>chuuyagya</c><2>kutenotanoshimuno</c><1></c>,gya
181.965,182.466,59,0,<1></c><4>chuuya</c><2>gyakutenotanoshimuno</c><1></c>,ya
181.598,181.965,59,0,<1></c><4>chuu</c><2>yagyakutenotanoshimuno</c><1></c>,chuu
75.659,76.66,59,0,<1></c><4>chuuyagyakutenotanoshimuno</c><1></c>,no
75.492,75.659,59,0,<1></c><4>chuuyagyakutenotanoshimu</c><2>no</c><1></c>,mu
75.159,75.492,59,0,<1></c><4>chuuyagyakutenotanoshi</c><2>muno</c><1></c>,shi
74.992,75.159,59,0,<1></c><4>chuuyagyakutenotano</c><2>shimuno</c><1></c>,no
74.658,74.992,59,0,<1></c><4>chuuyagyakutenota</c><2>noshimuno</c><1></c>,ta
73.991,74.658,59,0,<1></c><4>chuuyagyakuteno</c><2>tanoshimuno</c><1></c>,o
73.891,73.991,59,0,<1></c><4>chuuyagyakuten</c><2>otanoshimuno</c><1></c>,n
73.624,73.891,59,0,<1></c><4>chuuyagyakute</c><2>notanoshimuno</c><1></c>,te
73.49,73.624,59,0,<1></c><4>chuuyagyaku</c><2>tenotanoshimuno</c><1></c>,ku
73.157,73.49,59,0,<1></c><4>chuuyagya</c><2>kutenotanoshimuno</c><1></c>,gya
72.656,73.157,59,0,<1></c><4>chuuya</c><2>gyakutenotanoshimuno</c><1></c>,ya
72.289,72.656,59,0,<1></c><4>chuu</c><2>yagyakutenotanoshimuno</c><1></c>,chuu
36.987,38.322,59,0,<1></c><4>ettoashitawayasumidakara</c><1></c>,ra
36.82,36.987,59,0,<1></c><4>ettoashitawayasumidaka</c><2>ra</c><1></c>,ka
36.453,36.82,59,0,<1></c><4>ettoashitawayasumida</c><2>kara</c><1></c>,da
36.32,36.453,59,0,<1></c><4>ettoashitawayasumi</c><2>dakara</c><1></c>,mi
35.986,36.32,59,0,<1></c><4>ettoashitawayasu</c><2>midakara</c><1></c>,su
35.753,35.986,59,0,<1></c><4>ettoashitawaya</c><2>sumidakara</c><1></c>,ya
35.152,35.753,59,0,<1></c><4>ettoashitawa</c><2>yasumidakara</c><1></c>,wa
34.985,35.152,59,0,<1></c><4>ettoashita</c><2>wayasumidakara</c><1></c>,ta
34.785,34.985,59,0,<1></c><4>ettoashi</c><2>tawayasumidakara</c><1></c>,shi
34.618,34.785,59,0,<1></c><4>ettoa</c><2>shitawayasumidakara</c><1></c>,a
33.984,34.618,59,0,<1></c><4>etto</c><2>ashitawayasumidakara</c><1></c>,to
33.617,33.984,59,0,<1></c><4>et</c><2>toashitawayasumidakara</c><1></c>,et
59.176,59.977,63,0,<1></c><4>hanashitaiyohanashitannaino</c><1></c>,no
59.009,59.176,63,0,<1></c><4>hanashitaiyohanashitannai</c><2>no</c><1></c>,i
58.842,59.009,63,0,<1></c><4>hanashitaiyohanashitanna</c><2>ino</c><1></c>,na
58.675,58.842,63,0,<1></c><4>hanashitaiyohanashitan</c><2>naino</c><1></c>,n
58.509,58.675,63,0,<1></c><4>hanashitaiyohanashita</c><2>nnaino</c><1></c>,ta
58.308,58.509,63,0,<1></c><4>hanashitaiyohanashi</c><2>tannaino</c><1></c>,shi
58.175,58.308,63,0,<1></c><4>hanashitaiyohana</c><2>shitannaino</c><1></c>,na
58.008,58.175,63,0,<1></c><4>hanashitaiyoha</c><2>nashitannaino</c><1></c>,ha
57.508,58.008,63,0,<1></c><4>hanashitaiyo</c><2>hanashitannaino</c><1></c>,yo
57.341,57.508,63,0,<1></c><4>hanashitai</c><2>yohanashitannaino</c><1></c>,i
57.174,57.341,63,0,<1></c><4>hanashita</c><2>iyohanashitannaino</c><1></c>,ta
57.007,57.174,63,0,<1></c><4>hanashi</c><2>taiyohanashitannaino</c><1></c>,shi
56.84,57.007,63,0,<1></c><4>hana</c><2>shitaiyohanashitannaino</c><1></c>,na
56.673,56.84,63,0,<1></c><4>ha</c><2>nashitaiyohanashitannaino</c><1></c>,ha
42.326,43.327,56,0,<1></c><4>hitobanjuukimitoisshoni</c><1></c>,ni
42.159,42.326,56,0,<1></c><4>hitobanjuukimitoissho</c><2>ni</c><1></c>,sho
41.825,42.159,56,0,<1></c><4>hitobanjuukimitois</c><2>shoni</c><1></c>,is
41.658,41.825,56,0,<1></c><4>hitobanjuukimito</c><2>isshoni</c><1></c>,to
41.325,41.658,56,0,<1></c><4>hitobanjuukimi</c><2>toisshoni</c><1></c>,mi
41.158,41.325,56,0,<1></c><4>hitobanjuuki</c><2>mitoisshoni</c><1></c>,ki
40.357,41.158,56,0,<1></c><4>hitobanjuu</c><2>kimitoisshoni</c><1></c>,u
40.157,40.357,56,0,<1></c><4>hitobanju</c><2>ukimitoisshoni</c><1></c>,ju
39.857,40.157,56,0,<1></c><4>hitoban</c><2>juukimitoisshoni</c><1></c>,n
39.323,39.857,56,0,<1></c><4>hitoba</c><2>njuukimitoisshoni</c><1></c>,ba
38.655,39.323,56,0,<1></c><4>hito</c><2>banjuukimitoisshoni</c><1></c>,to
38.322,38.655,56,0,<1></c><4>hi</c><2>tobanjuukimitoisshoni</c><1></c>,hi
118.335,119.336,-1,0,<1></c><4>hitobanjuuutattemoii</c><1></c>,i
118.168,118.335,-1,0,<1></c><4>hitobanjuuutattemoi</c><2>i</c><1></c>,i
117.835,118.168,-1,0,<1></c><4>hitobanjuuutattemo</c><2>ii</c><1></c>,mo
117.668,117.835,-1,0,<1></c><4>hitobanjuuutatte</c><2>moii</c><1></c>,te
117.334,117.668,-1,0,<1></c><4>hitobanjuuutat</c><2>temoii</c><1></c>,tat
117.167,117.334,-1,0,<1></c><4>hitobanjuuu</c><2>tattemoii</c><1></c>,u
116.333,117.167,-1,0,<1></c><4>hitobanjuu</c><2>utattemoii</c><1></c>,u
116.166,116.333,-1,0,<1></c><4>hitobanju</c><2>uutattemoii</c><1></c>,ju
115.833,116.166,-1,0,<1></c><4>hitoban</c><2>juuutattemoii</c><1></c>,n
115.332,115.833,-1,0,<1></c><4>hitoba</c><2>njuuutattemoii</c><1></c>,ba
114.665,115.332,-1,0,<1></c><4>hito</c><2>banjuuutattemoii</c><1></c>,to
114.331,114.665,-1,0,<1></c><4>hi</c><2>tobanjuuutattemoii</c><1></c>,hi
81.498,82.166,-1,0,<1></c><4>hoshinonakasanposhite</c><1></c>,te
81.165,81.498,-1,0,<1></c><4>hoshinonakasanposhi</c><2>te</c><1></c>,shi
80.964,81.165,-1,0,<1></c><4>hoshinonakasanpo</c><2>shite</c><1></c>,po
80.831,80.964,-1,0,<1></c><4>hoshinonakasan</c><2>poshite</c><1></c>,n
80.664,80.831,-1,0,<1></c><4>hoshinonakasa</c><2>nposhite</c><1></c>,sa
80.497,80.664,-1,0,<1></c><4>hoshinonaka</c><2>sanposhite</c><1></c>,ka
80.33,80.497,-1,0,<1></c><4>hoshinona</c><2>kasanposhite</c><1></c>,na
80.197,80.33,-1,0,<1></c><4>hoshino</c><2>nakasanposhite</c><1></c>,no
80.03,80.197,-1,0,<1></c><4>hoshi</c><2>nonakasanposhite</c><1></c>,shi
79.863,80.03,-1,0,<1></c><4>ho</c><2>shinonakasanposhite</c><1></c>,ho
146.663,149.333,-1,0,<1></c><4>illustration:ekuuekura</c><1></c>,illustration:ekuuekura
186.503,187.004,-1,0,<1></c><4>imadake...</c><1></c>,ke...
186.336,186.503,-1,0,<1></c><4>imada</c><2>ke...</c><1></c>,da
186.17,186.336,-1,0,<1></c><4>ima</c><2>dake...</c><1></c>,ma
186.003,186.17,-1,0,<1></c><4>i</c><2>madake...</c><1></c>,i
77.161,77.661,-1,0,<1></c><4>imadake...</c><1></c>,ke...
76.994,77.161,-1,0,<1></c><4>imada</c><2>ke...</c><1></c>,da
76.827,76.994,-1,0,<1></c><4>ima</c><2>dake...</c><1></c>,ma
76.66,76.827,-1,0,<1></c><4>i</c><2>madake...</c><1></c>,i
93.143,95.145,-1,0,<1></c><4>itsumademo</c><1></c>,mo
92.976,93.143,-1,0,<1></c><4>itsumade</c><2>mo</c><1></c>,de
92.643,92.976,-1,0,<1></c><4>itsuma</c><2>demo</c><1></c>,ma
92.276,92.643,-1,0,<1></c><4>itsu</c><2>mademo</c><1></c>,tsu
91.975,92.276,-1,0,<1></c><4>i</c><2>tsumademo</c><1></c>,i
87.838,89.606,-1,0,<1></c><4>itsumademo</c><1></c>,mo
87.671,87.838,-1,0,<1></c><4>itsumade</c><2>mo</c><1></c>,de
87.337,87.671,-1,0,<1></c><4>itsuma</c><2>demo</c><1></c>,ma
86.97,87.337,-1,0,<1></c><4>itsu</c><2>mademo</c><1></c>,tsu
86.67,86.97,-1,0,<1></c><4>i</c><2>tsumademo</c><1></c>,i
141.325,143.327,-1,0,<1></c><4>kimitoasamade</c><1></c>,de
140.624,141.325,-1,0,<1></c><4>kimitoasama</c><2>de</c><1></c>,ma
139.623,140.624,-1,0,<1></c><4>kimitoasa</c><2>made</c><1></c>,sa
139.123,139.623,-1,0,<1></c><4>kimitoa</c><2>samade</c><1></c>,a
138.622,139.123,-1,0,<1></c><4>kimito</c><2>asamade</c><1></c>,to
138.355,138.622,-1,0,<1></c><4>kimi</c><2>toasamade</c><1></c>,mi
137.988,138.355,-1,0,<1></c><4>ki</c><2>mitoasamade</c><1></c>,ki
180.164,181.598,-1,0,<1></c><4>kimitorizumuawase</c><1></c>,se
179.83,180.164,-1,0,<1></c><4>kimitorizumuawa</c><2>se</c><1></c>,wa
179.63,179.83,-1,0,<1></c><4>kimitorizumua</c><2>wase</c><1></c>,a
179.296,179.63,-1,0,<1></c><4>kimitorizumu</c><2>awase</c><1></c>,mu
179.129,179.296,-1,0,<1></c><4>kimitorizu</c><2>muawase</c><1></c>,zu
178.962,179.129,-1,0,<1></c><4>kimitori</c><2>zumuawase</c><1></c>,ri
178.795,178.962,-1,0,<1></c><4>kimito</c><2>rizumuawase</c><1></c>,to
178.629,178.795,-1,0,<1></c><4>kimi</c><2>torizumuawase</c><1></c>,mi
178.462,178.629,-1,0,<1></c><4>ki</c><2>mitorizumuawase</c><1></c>,ki
70.821,72.289,-1,0,<1></c><4>kimitorizumuawase</c><1></c>,se
70.487,70.821,-1,0,<1></c><4>kimitorizumuawa</c><2>se</c><1></c>,wa
70.287,70.487,-1,0,<1></c><4>kimitorizumua</c><2>wase</c><1></c>,a
69.987,70.287,-1,0,<1></c><4>kimitorizumu</c><2>awase</c><1></c>,mu
69.853,69.987,-1,0,<1></c><4>kimitorizu</c><2>muawase</c><1></c>,zu
69.653,69.853,-1,0,<1></c><4>kimitori</c><2>zumuawase</c><1></c>,ri
69.52,69.653,-1,0,<1></c><4>kimito</c><2>rizumuawase</c><1></c>,to
69.353,69.52,-1,0,<1></c><4>kimi</c><2>torizumuawase</c><1></c>,mi
69.186,69.353,-1,0,<1></c><4>ki</c><2>mitorizumuawase</c><1></c>,ki
102.319,103.32,61,0,<1></c><4>kittohanasunomowaraunomo</c><1></c>,mo
102.119,102.319,61,0,<1></c><4>kittohanasunomowarauno</c><2>mo</c><1></c>,no
101.852,102.119,61,0,<1></c><4>kittohanasunomowarau</c><2>nomo</c><1></c>,u
101.652,101.852,61,0,<1></c><4>kittohanasunomowara</c><2>unomo</c><1></c>,ra
101.318,101.652,61,0,<1></c><4>kittohanasunomowa</c><2>raunomo</c><1></c>,wa
100.517,101.318,61,0,<1></c><4>kittohanasunomo</c><2>waraunomo</c><1></c>,mo
100.317,100.517,61,0,<1></c><4>kittohanasuno</c><2>mowaraunomo</c><1></c>,no
100.15,100.317,61,0,<1></c><4>kittohanasu</c><2>nomowaraunomo</c><1></c>,su
99.983,100.15,61,0,<1></c><4>kittohana</c><2>sunomowaraunomo</c><1></c>,na
99.817,99.983,61,0,<1></c><4>kittoha</c><2>nasunomowaraunomo</c><1></c>,ha
99.316,99.817,61,0,<1></c><4>kitto</c><2>hanasunomowaraunomo</c><1></c>,to
98.949,99.316,61,0,<1></c><4>kit</c><2>tohanasunomowaraunomo</c><1></c>,kit
197.314,199.316,-1,0,<1></c><4>kokodeaou</c><1></c>,u
197.181,197.314,-1,0,<1></c><4>kokodeao</c><2>u</c><1></c>,o
196.98,197.181,-1,0,<1></c><4>kokodea</c><2>ou</c><1></c>,a
196.647,196.98,-1,0,<1></c><4>kokode</c><2>aou</c><1></c>,de
196.313,196.647,-1,0,<1></c><4>koko</c><2>deaou</c><1></c>,ko
195.979,196.313,-1,0,<1></c><4>ko</c><2>kodeaou</c><1></c>,ko
66.483,66.65,-1,0,<1></c><3>konyawa...</c><1></c>,wa...
66.35,66.483,-1,0,<1></c><3>konya</c><2>wa...</c><1></c>,ya
66.183,66.35,-1,0,<1></c><3>kon</c><2>yawa...</c><1></c>,n
66.016,66.183,-1,0,<1></c><3>ko</c><2>nyawa...</c><1></c>,ko
52.97,54.671,-1,0,<1></c><4>madamadaasobitai</c><1></c>,i
52.803,52.97,-1,0,<1></c><4>madamadaasobita</c><2>i</c><1></c>,ta
52.503,52.803,-1,0,<1></c><4>madamadaasobi</c><2>tai</c><1></c>,bi
52.336,52.503,-1,0,<1></c><4>madamadaaso</c><2>bitai</c><1></c>,so
51.969,52.336,-1,0,<1></c><4>madamadaa</c><2>sobitai</c><1></c>,a
51.835,51.969,-1,0,<1></c><4>madamada</c><2>asobitai</c><1></c>,da
51.668,51.835,-1,0,<1></c><4>madama</c><2>daasobitai</c><1></c>,ma
51.468,51.668,-1,0,<1></c><4>mada</c><2>madaasobitai</c><1></c>,da
51.301,51.468,-1,0,<1></c><4>ma</c><2>damadaasobitai</c><1></c>,ma
207.991,210.661,-1,0,<1></c><4>mataashita</c><1></c>,ta
207.658,207.991,-1,0,<1></c><4>mataashi</c><2>ta</c><1></c>,shi
207.324,207.658,-1,0,<1></c><4>mataa</c><2>shita</c><1></c>,a
206.99,207.324,-1,0,<1></c><4>mata</c><2>ashita</c><1></c>,ta
206.623,206.99,-1,0,<1></c><4>ma</c><2>taashita</c><1></c>,ma
202.653,205.322,-1,0,<1></c><4>mataashita</c><1></c>,ta
202.319,202.653,-1,0,<1></c><4>mataashi</c><2>ta</c><1></c>,shi
201.985,202.319,-1,0,<1></c><4>mataa</c><2>shita</c><1></c>,a
201.652,201.985,-1,0,<1></c><4>mata</c><2>ashita</c><1></c>,ta
201.285,201.652,-1,0,<1></c><4>ma</c><2>taashita</c><1></c>,ma
144.027,146.663,63,0,<1></c><4>mixingengineer:nnzn(ofutone)</c><1></c>,mixingengineer:nnzn(ofutone)
107.658,108.992,61,0,<1></c><4>mottodarekatotsunagarutame</c><1></c>,me
107.491,107.658,61,0,<1></c><4>mottodarekatotsunagaruta</c><2>me</c><1></c>,ta
107.157,107.491,61,0,<1></c><4>mottodarekatotsunagaru</c><2>tame</c><1></c>,ru
106.957,107.157,61,0,<1></c><4>mottodarekatotsunaga</c><2>rutame</c><1></c>,ga
106.623,106.957,61,0,<1></c><4>mottodarekatotsuna</c><2>garutame</c><1></c>,na
106.423,106.623,61,0,<1></c><4>mottodarekatotsu</c><2>nagarutame</c><1></c>,tsu
105.823,106.423,61,0,<1></c><4>mottodarekato</c><2>tsunagarutame</c><1></c>,to
105.622,105.823,61,0,<1></c><4>mottodareka</c><2>totsunagarutame</c><1></c>,ka
105.456,105.622,61,0,<1></c><4>mottodare</c><2>katotsunagarutame</c><1></c>,re
105.322,105.456,61,0,<1></c><4>mottoda</c><2>rekatotsunagarutame</c><1></c>,da
104.655,105.322,61,0,<1></c><4>motto</c><2>darekatotsunagarutame</c><1></c>,to
104.288,104.655,61,0,<1></c><4>mot</c><2>todarekatotsunagarutame</c><1></c>,mot
175.626,175.993,-1,0,<1></c><3>mousukoshi...</c><1></c>,shi...
175.325,175.626,-1,0,<1></c><3>mousuko</c><2>shi...</c><1></c>,ko
175.025,175.325,-1,0,<1></c><3>mousu</c><2>koshi...</c><1></c>,su
174.625,175.025,-1,0,<1></c><3>mou</c><2>sukoshi...</c><1></c>,mou
149.333,152.002,-1,0,<1></c><4>movie:kombu</c><1></c><4>tsunomakiproductionteam</c><1></c>,movie:kombutsunomakiproductionteam
48.198,49.333,-1,0,<1></c><4>nemukunaiyonemukunaino</c><1></c>,no
48.032,48.198,-1,0,<1></c><4>nemukunaiyonemukunai</c><2>no</c><1></c>,i
47.865,48.032,-1,0,<1></c><4>nemukunaiyonemukuna</c><2>ino</c><1></c>,na
47.698,47.865,-1,0,<1></c><4>nemukunaiyonemuku</c><2>naino</c><1></c>,ku
47.531,47.698,-1,0,<1></c><4>nemukunaiyonemu</c><2>kunaino</c><1></c>,mu
47.331,47.531,-1,0,<1></c><4>nemukunaiyone</c><2>mukunaino</c><1></c>,ne
46.897,47.331,-1,0,<1></c><4>nemukunaiyo</c><2>nemukunaino</c><1></c>,yo
46.697,46.897,-1,0,<1></c><4>nemukunai</c><2>yonemukunaino</c><1></c>,i
46.53,46.697,-1,0,<1></c><4>nemukuna</c><2>iyonemukunaino</c><1></c>,na
46.33,46.53,-1,0,<1></c><4>nemuku</c><2>naiyonemukunaino</c><1></c>,ku
46.163,46.33,-1,0,<1></c><4>nemu</c><2>kunaiyonemukunaino</c><1></c>,mu
45.963,46.163,-1,0,<1></c><4>ne</c><2>mukunaiyonemukunaino</c><1></c>,ne
124.174,125.342,-1,0,<1></c><4>nemuranaiyonemuranaino</c><1></c>,no
124.007,124.174,-1,0,<1></c><4>nemuranaiyonemuranai</c><2>no</c><1></c>,i
123.841,124.007,-1,0,<1></c><4>nemuranaiyonemurana</c><2>ino</c><1></c>,na
123.674,123.841,-1,0,<1></c><4>nemuranaiyonemura</c><2>naino</c><1></c>,ra
123.507,123.674,-1,0,<1></c><4>nemuranaiyonemu</c><2>ranaino</c><1></c>,mu
123.307,123.507,-1,0,<1></c><4>nemuranaiyone</c><2>muranaino</c><1></c>,ne
122.84,123.307,-1,0,<1></c><4>nemuranaiyo</c><2>nemuranaino</c><1></c>,yo
122.673,122.84,-1,0,<1></c><4>nemuranai</c><2>yonemuranaino</c><1></c>,i
122.506,122.673,-1,0,<1></c><4>nemurana</c><2>iyonemuranaino</c><1></c>,na
122.339,122.506,-1,0,<1></c><4>nemura</c><2>naiyonemuranaino</c><1></c>,ra
122.139,122.339,-1,0,<1></c><4>nemu</c><2>ranaiyonemuranaino</c><1></c>,mu
121.972,122.139,-1,0,<1></c><4>ne</c><2>muranaiyonemuranaino</c><1></c>,ne
188.639,189.106,-1,0,<1></c><4>nena~inemuranai</c><1></c>,nai
188.305,188.639,-1,0,<1></c><4>nena~inemura</c><2>nai</c><1></c>,ra
188.172,188.305,-1,0,<1></c><4>nena~inemu</c><2>ranai</c><1></c>,mu
187.838,188.172,-1,0,<1></c><4>nena~ine</c><2>muranai</c><1></c>,ne
187.671,187.838,-1,0,<1></c><4>nena~i</c><2>nemuranai</c><1></c>,i
187.337,187.671,-1,0,<1></c><4>nena~</c><2>inemuranai</c><1></c>,na~
187.004,187.337,-1,0,<1></c><4>ne</c><2>na~inemuranai</c><1></c>,ne
177.961,178.462,-1,0,<1></c><4>nena~inemuranai</c><1></c>,nai
177.661,177.961,-1,0,<1></c><4>nena~inemura</c><2>nai</c><1></c>,ra
177.494,177.661,-1,0,<1></c><4>nena~inemu</c><2>ranai</c><1></c>,mu
177.161,177.494,-1,0,<1></c><4>nena~ine</c><2>muranai</c><1></c>,ne
177.027,177.161,-1,0,<1></c><4>nena~i</c><2>nemuranai</c><1></c>,i
176.66,177.027,-1,0,<1></c><4>nena~</c><2>inemuranai</c><1></c>,na~
176.326,176.66,-1,0,<1></c><4>ne</c><2>na~inemuranai</c><1></c>,ne
79.329,79.863,-1,0,<1></c><4>nena~inemuranai</c><1></c>,nai
78.962,79.329,-1,0,<1></c><4>nena~inemura</c><2>nai</c><1></c>,ra
78.829,78.962,-1,0,<1></c><4>nena~inemu</c><2>ranai</c><1></c>,mu
78.495,78.829,-1,0,<1></c><4>nena~ine</c><2>muranai</c><1></c>,ne
78.328,78.495,-1,0,<1></c><4>nena~i</c><2>nemuranai</c><1></c>,i
77.961,78.328,-1,0,<1></c><4>nena~</c><2>inemuranai</c><1></c>,na~
77.661,77.961,-1,0,<1></c><4>ne</c><2>na~inemuranai</c><1></c>,ne
68.652,69.186,-1,0,<1></c><4>nena~inemuranai</c><1></c>,nai
68.318,68.652,-1,0,<1></c><4>nena~inemura</c><2>nai</c><1></c>,ra
68.152,68.318,-1,0,<1></c><4>nena~inemu</c><2>ranai</c><1></c>,mu
67.851,68.152,-1,0,<1></c><4>nena~ine</c><2>muranai</c><1></c>,ne
67.718,67.851,-1,0,<1></c><4>nena~i</c><2>nemuranai</c><1></c>,i
67.317,67.718,-1,0,<1></c><4>nena~</c><2>inemuranai</c><1></c>,na~
66.95,67.317,-1,0,<1></c><4>ne</c><2>na~inemuranai</c><1></c>,ne
167.818,167.985,-1,0,<1></c><4>pajamanomamadeonegai</c><1></c>,i
167.651,167.818,-1,0,<1></c><4>pajamanomamadeonega</c><2>i</c><1></c>,ga
167.317,167.651,-1,0,<1></c><4>pajamanomamadeone</c><2>gai</c><1></c>,ne
166.984,167.317,-1,0,<1></c><4>pajamanomamadeo</c><2>negai</c><1></c>,o
164.515,166.984,-1,0,<1></c><4>pajamanomamade</c><2>onegai</c><1></c>,de
164.314,164.515,-1,0,<1></c><4>pajamanomama</c><2>deonegai</c><1></c>,ma
164.148,164.314,-1,0,<1></c><4>pajamanoma</c><2>madeonegai</c><1></c>,ma
163.981,164.148,-1,0,<1></c><4>pajamano</c><2>mamadeonegai</c><1></c>,no
163.814,163.981,-1,0,<1></c><4>pajama</c><2>nomamadeonegai</c><1></c>,ma
163.28,163.814,-1,0,<1></c><4>paja</c><2>manomamadeonegai</c><1></c>,ja
162.98,163.28,-1,0,<1></c><4>pa</c><2>jamanomamadeonegai</c><1></c>,pa
141.325,144.027,88,0,<1></c><4>recordingengineer:yotaishizuka(hifumiinc.)</c><1></c>,recordingengineer:yotaishizuka(hifumiinc.)
135.152,135.986,63,0,<1></c><4>shaberitaiyoshaberitannaino</c><1></c>,no
134.985,135.152,63,0,<1></c><4>shaberitaiyoshaberitannai</c><2>no</c><1></c>,i
134.818,134.985,63,0,<1></c><4>shaberitaiyoshaberitanna</c><2>ino</c><1></c>,na
134.651,134.818,63,0,<1></c><4>shaberitaiyoshaberitan</c><2>naino</c><1></c>,n
134.485,134.651,63,0,<1></c><4>shaberitaiyoshaberita</c><2>nnaino</c><1></c>,ta
134.318,134.485,63,0,<1></c><4>shaberitaiyoshaberi</c><2>tannaino</c><1></c>,ri
134.151,134.318,63,0,<1></c><4>shaberitaiyoshabe</c><2>ritannaino</c><1></c>,be
133.951,134.151,63,0,<1></c><4>shaberitaiyosha</c><2>beritannaino</c><1></c>,sha
133.484,133.951,63,0,<1></c><4>shaberitaiyo</c><2>shaberitannaino</c><1></c>,yo
133.317,133.484,63,0,<1></c><4>shaberitai</c><2>yoshaberitannaino</c><1></c>,i
133.15,133.317,63,0,<1></c><4>shaberita</c><2>iyoshaberitannaino</c><1></c>,ta
132.983,133.15,63,0,<1></c><4>shaberi</c><2>taiyoshaberitannaino</c><1></c>,ri
132.816,132.983,63,0,<1></c><4>shabe</c><2>ritaiyoshaberitannaino</c><1></c>,be
132.616,132.816,63,0,<1></c><4>sha</c><2>beritaiyoshaberitannaino</c><1></c>,sha
190.807,191.475,-1,0,<1></c><4>shiramusoramiokutte</c><1></c>,te
190.474,190.807,-1,0,<1></c><4>shiramusoramiokut</c><2>te</c><1></c>,kut
190.274,190.474,-1,0,<1></c><4>shiramusoramio</c><2>kutte</c><1></c>,o
189.973,190.274,-1,0,<1></c><4>shiramusorami</c><2>okutte</c><1></c>,mi
189.806,189.973,-1,0,<1></c><4>shiramusora</c><2>miokutte</c><1></c>,ra
189.673,189.806,-1,0,<1></c><4>shiramuso</c><2>ramiokutte</c><1></c>,so
189.506,189.673,-1,0,<1></c><4>shiramu</c><2>soramiokutte</c><1></c>,mu
189.306,189.506,-1,0,<1></c><4>shira</c><2>musoramiokutte</c><1></c>,ra
189.106,189.306,-1,0,<1></c><4>shi</c><2>ramusoramiokutte</c><1></c>,shi
26.343,28.345,66,0,<1></c><4>sottohinoshizumuakanenosora</c><1></c>,ra
26.21,26.343,66,0,<1></c><4>sottohinoshizumuakanenoso</c><2>ra</c><1></c>,so
25.843,26.21,66,0,<1></c><4>sottohinoshizumuakaneno</c><2>sora</c><1></c>,no
25.676,25.843,66,0,<1></c><4>sottohinoshizumuakane</c><2>nosora</c><1></c>,ne
25.342,25.676,66,0,<1></c><4>sottohinoshizumuaka</c><2>nenosora</c><1></c>,ka
25.142,25.342,66,0,<1></c><4>sottohinoshizumua</c><2>kanenosora</c><1></c>,a
24.508,25.142,66,0,<1></c><4>sottohinoshizumu</c><2>akanenosora</c><1></c>,mu
24.375,24.508,66,0,<1></c><4>sottohinoshizu</c><2>muakanenosora</c><1></c>,zu
24.208,24.375,66,0,<1></c><4>sottohinoshi</c><2>zumuakanenosora</c><1></c>,shi
24.008,24.208,66,0,<1></c><4>sottohino</c><2>shizumuakanenosora</c><1></c>,no
23.907,24.008,66,0,<1></c><4>sottohi</c><2>noshizumuakanenosora</c><1></c>,hi
23.34,23.907,66,0,<1></c><4>sotto</c><2>hinoshizumuakanenosora</c><1></c>,to
23.007,23.34,66,0,<1></c><4>sot</c><2>tohinoshizumuakanenosora</c><1></c>,sot
218.669,224.074,63,0,<1></c><4>specialthanks:わためいと/watamates</c><1></c>,specialthanks:わためいと/watamates
159.143,159.676,66,0,<1></c><4>tsukimoshiranainaishobanashio</c><1></c>,o
158.976,159.143,66,0,<1></c><4>tsukimoshiranainaishobanashi</c><2>o</c><1></c>,shi
158.809,158.976,66,0,<1></c><4>tsukimoshiranainaishobana</c><2>shio</c><1></c>,na
158.642,158.809,66,0,<1></c><4>tsukimoshiranainaishoba</c><2>nashio</c><1></c>,ba
158.475,158.642,66,0,<1></c><4>tsukimoshiranainaisho</c><2>banashio</c><1></c>,sho
157.975,158.475,66,0,<1></c><4>tsukimoshiranainai</c><2>shobanashio</c><1></c>,i
157.641,157.975,66,0,<1></c><4>tsukimoshiranaina</c><2>ishobanashio</c><1></c>,na
153.804,157.641,66,0,<1></c><4>tsukimoshiranai</c><2>naishobanashio</c><1></c>,i
153.637,153.804,66,0,<1></c><4>tsukimoshirana</c><2>inaishobanashio</c><1></c>,na
153.504,153.637,66,0,<1></c><4>tsukimoshira</c><2>nainaishobanashio</c><1></c>,ra
153.303,153.504,66,0,<1></c><4>tsukimoshi</c><2>ranainaishobanashio</c><1></c>,shi
153.137,153.303,66,0,<1></c><4>tsukimo</c><2>shiranainaishobanashio</c><1></c>,mo
152.636,153.137,66,0,<1></c><4>tsuki</c><2>moshiranainaishobanashio</c><1></c>,ki
152.269,152.636,66,0,<1></c><4>tsu</c><2>kimoshiranainaishobanashio</c><1></c>,tsu
20.004,22.673,84,0,<1></c><4>tsunomakiwatame-sweetnightsweettime...</c><1></c>,tsunomakiwatame-sweetnightsweettime...
17.334,20.004,84,0,<1></c><4>tsunomakiwatame-sweetnightsweettime...</c><1></c><4>arrangement:ryoheisataka(hifumiinc.)</c><1></c>,tsunomakiwatame-sweetnightsweettime...arrangement:ryoheisataka(hifumiinc.)
14.665,17.334,84,0,<1></c><4>tsunomakiwatame-sweetnightsweettime...</c><1></c><4>composition:ryoheisataka(hifumiinc.)</c><1></c>,tsunomakiwatame-sweetnightsweettime...composition:ryoheisataka(hifumiinc.)
11.996,14.665,84,0,<1></c><4>tsunomakiwatame-sweetnightsweettime...</c><1></c><4>lyrics:ryoheisataka（hifumiinc.）</c><1></c>,tsunomakiwatame-sweetnightsweettime...lyrics:ryoheisataka（hifumiinc.）
31.682,33.617,61,0,<1></c><4>yattomezametakiminiaisatsu</c><1></c>,tsu
31.515,31.682,61,0,<1></c><4>yattomezametakiminiaisa</c><2>tsu</c><1></c>,sa
31.181,31.515,61,0,<1></c><4>yattomezametakiminiai</c><2>satsu</c><1></c>,ai
30.981,31.181,61,0,<1></c><4>yattomezametakimini</c><2>aisatsu</c><1></c>,ni
30.681,30.981,61,0,<1></c><4>yattomezametakimi</c><2>niaisatsu</c><1></c>,mi
30.481,30.681,61,0,<1></c><4>yattomezametaki</c><2>miniaisatsu</c><1></c>,ki
29.847,30.481,61,0,<1></c><4>yattomezameta</c><2>kiminiaisatsu</c><1></c>,ta
29.646,29.847,61,0,<1></c><4>yattomezame</c><2>takiminiaisatsu</c><1></c>,me
29.513,29.646,61,0,<1></c><4>yattomeza</c><2>metakiminiaisatsu</c><1></c>,za
29.313,29.513,61,0,<1></c><4>yattome</c><2>zametakiminiaisatsu</c><1></c>,me
28.679,29.313,61,0,<1></c><4>yatto</c><2>mezametakiminiaisatsu</c><1></c>,to
28.345,28.679,61,0,<1></c><4>yat</c><2>tomezametakiminiaisatsu</c><1></c>,yat
86.303,86.67,-1,0,<1></c><4>yorugadoukaakenaiyouni</c><1></c>,ni
86.136,86.303,-1,0,<1></c><4>yorugadoukaakenaiyou</c><2>ni</c><1></c>,u
85.969,86.136,-1,0,<1></c><4>yorugadoukaakenaiyo</c><2>uni</c><1></c>,yo
85.669,85.969,-1,0,<1></c><4>yorugadoukaakenai</c><2>youni</c><1></c>,i
85.169,85.669,-1,0,<1></c><4>yorugadoukaakena</c><2>iyouni</c><1></c>,na
85.002,85.169,-1,0,<1></c><4>yorugadoukaake</c><2>naiyouni</c><1></c>,ke
84.835,85.002,-1,0,<1></c><4>yorugadoukaa</c><2>kenaiyouni</c><1></c>,a
83.867,84.835,-1,0,<1></c><4>yorugadouka</c><2>akenaiyouni</c><1></c>,ka
83.667,83.867,-1,0,<1></c><4>yorugadou</c><2>kaakenaiyouni</c><1></c>,u
83.534,83.667,-1,0,<1></c><4>yorugado</c><2>ukaakenaiyouni</c><1></c>,do
82.533,83.534,-1,0,<1></c><4>yoruga</c><2>doukaakenaiyouni</c><1></c>,ga
82.332,82.533,-1,0,<1></c><4>yoru</c><2>gadoukaakenaiyouni</c><1></c>,ru
82.166,82.332,-1,0,<1></c><4>yo</c><2>rugadoukaakenaiyouni</c><1></c>,yo
129.046,130.647,-1,0,<1></c><4>yorugotoasobitai</c><1></c>,i
128.846,129.046,-1,0,<1></c><4>yorugotoasobita</c><2>i</c><1></c>,ta
128.545,128.846,-1,0,<1></c><4>yorugotoasobi</c><2>tai</c><1></c>,bi
128.345,128.545,-1,0,<1></c><4>yorugotoaso</c><2>bitai</c><1></c>,so
127.978,128.345,-1,0,<1></c><4>yorugotoa</c><2>sobitai</c><1></c>,a
127.811,127.978,-1,0,<1></c><4>yorugoto</c><2>asobitai</c><1></c>,to
127.678,127.811,-1,0,<1></c><4>yorugo</c><2>toasobitai</c><1></c>,go
127.478,127.678,-1,0,<1></c><4>yoru</c><2>gotoasobitai</c><1></c>,ru
127.311,127.478,-1,0,<1></c><4>yo</c><2>rugotoasobitai</c><1></c>,yo
195.646,195.979,58,0,<1></c><4>yoruokoeyoumataashitamo</c><1></c>,mo
195.312,195.646,58,0,<1></c><4>yoruokoeyoumataashita</c><2>mo</c><1></c>,ta
194.978,195.312,58,0,<1></c><4>yoruokoeyoumataashi</c><2>tamo</c><1></c>,shi
194.511,194.978,58,0,<1></c><4>yoruokoeyoumataa</c><2>shitamo</c><1></c>,a
194.344,194.511,58,0,<1></c><4>yoruokoeyoumata</c><2>ashitamo</c><1></c>,ta
194.211,194.344,58,0,<1></c><4>yoruokoeyouma</c><2>taashitamo</c><1></c>,ma
193.177,194.211,58,0,<1></c><4>yoruokoeyou</c><2>mataashitamo</c><1></c>,you
192.976,193.177,58,0,<1></c><4>yoruokoe</c><2>youmataashitamo</c><1></c>,e
192.809,192.976,58,0,<1></c><4>yoruoko</c><2>eyoumataashitamo</c><1></c>,ko
191.808,192.809,58,0,<1></c><4>yoruo</c><2>koeyoumataashitamo</c><1></c>,o
191.642,191.808,58,0,<1></c><4>yoru</c><2>okoeyoumataashitamo</c><1></c>,ru
191.475,191.642,58,0,<1></c><4>yo</c><2>ruokoeyoumataashitamo</c><1></c>,yo
171.655,173.357,64,0,<1></c><4>yumenonakajamonotarinaikara</c><1></c>,ra
171.522,171.655,64,0,<1></c><4>yumenonakajamonotarinaika</c><2>ra</c><1></c>,ka
171.355,171.522,64,0,<1></c><4>yumenonakajamonotarinai</c><2>kara</c><1></c>,i
171.155,171.355,64,0,<1></c><4>yumenonakajamonotarina</c><2>ikara</c><1></c>,na
170.988,171.155,64,0,<1></c><4>yumenonakajamonotari</c><2>naikara</c><1></c>,ri
170.821,170.988,64,0,<1></c><4>yumenonakajamonota</c><2>rinaikara</c><1></c>,ta
170.654,170.821,64,0,<1></c><4>yumenonakajamono</c><2>tarinaikara</c><1></c>,no
170.487,170.654,64,0,<1></c><4>yumenonakajamo</c><2>notarinaikara</c><1></c>,mo
168.986,170.487,64,0,<1></c><4>yumenonakaja</c><2>monotarinaikara</c><1></c>,ja
168.819,168.986,64,0,<1></c><4>yumenonaka</c><2>jamonotarinaikara</c><1></c>,ka
168.519,168.819,64,0,<1></c><4>yumenona</c><2>kajamonotarinaikara</c><1></c>,na
168.352,168.519,64,0,<1></c><4>yumeno</c><2>nakajamonotarinaikara</c><1></c>,no
168.152,168.352,64,0,<1></c><4>yume</c><2>nonakajamonotarinaikara</c><1></c>,me
167.985,168.152,64,0,<1></c><4>yu</c><2>menonakajamonotarinaikara</c><1></c>,yu
63.68,65.349,64,0,<1></c><4>yumenonakajamonotarinaikara</c><1></c>,ra
63.48,63.68,64,0,<1></c><4>yumenonakajamonotarinaika</c><2>ra</c><1></c>,ka
63.313,63.48,64,0,<1></c><4>yumenonakajamonotarinai</c><2>kara</c><1></c>,i
63.147,63.313,64,0,<1></c><4>yumenonakajamonotarina</c><2>ikara</c><1></c>,na
62.946,63.147,64,0,<1></c><4>yumenonakajamonotari</c><2>naikara</c><1></c>,ri
62.78,62.946,64,0,<1></c><4>yumenonakajamonota</c><2>rinaikara</c><1></c>,ta
62.613,62.78,64,0,<1></c><4>yumenonakajamono</c><2>tarinaikara</c><1></c>,no
62.413,62.613,64,0,<1></c><4>yumenonakajamo</c><2>notarinaikara</c><1></c>,mo
60.978,62.413,64,0,<1></c><4>yumenonakaja</c><2>monotarinaikara</c><1></c>,ja
60.811,60.978,64,0,<1></c><4>yumenonaka</c><2>jamonotarinaikara</c><1></c>,ka
60.477,60.811,64,0,<1></c><4>yumenona</c><2>kajamonotarinaikara</c><1></c>,na
60.277,60.477,64,0,<1></c><4>yumeno</c><2>nakajamonotarinaikara</c><1></c>,no
60.11,60.277,64,0,<1></c><4>yume</c><2>nonakajamonotarinaikara</c><1></c>,me
59.977,60.11,64,0,<1></c><4>yu</c><2>menonakajamonotarinaikara</c><1></c>,yu
