start,end,position,line,text,token
50.834,51.435,59,0,<4>anosakanamitainiswimmingswimming</c>,ming
50.434,50.834,63,0,<4>anosakanamitainiswimmingswim</c><79>ming</c>,swim
50.0,50.434,63,0,<4>anosakanamitainiswimming</c><79>swimming</c>,ming
49.6,50.0,63,0,<4>anosakanamitainiswim</c><79>mingswimming</c>,swim
49.4,49.6,63,0,<4>anosakanamitaini</c><79>swimmingswimming</c>,ni
49.299,49.4,63,0,<4>anosakanamitai</c><79>niswimmingswimming</c>,i
49.199,49.299,63,0,<4>anosakanamita</c><79>iniswimmingswimming</c>,ta
49.099,49.199,63,0,<4>anosakanami</c><79>tainiswimmingswimming</c>,mi
48.899,49.099,63,0,<4>anosakana</c><79>mitainiswimmingswimming</c>,na
48.699,48.899,63,0,<4>anosaka</c><79>namitainiswimmingswimming</c>,ka
48.565,48.699,63,0,<4>anosa</c><79>kanamitainiswimmingswimming</c>,sa
48.365,48.565,63,0,<4>ano</c><79>sakanamitainiswimmingswimming</c>,no
48.165,48.365,63,0,<4>a</c><79>nosakanamitainiswimmingswimming</c>,a
110.861,120.804,80,43,<1>blueclapper</c>,blueclapper
103.387,104.021,-1,0,<2>clapyourhandshibikimasuyouni</c>,ni
103.187,103.387,-1,0,<2>clapyourhandshibikimasuyou</c><79>ni</c>,you
102.953,103.187,-1,0,<2>clapyourhandshibikimasu</c><79>youni</c>,su
102.753,102.953,-1,0,<2>clapyourhandshibikima</c><79>suyouni</c>,ma
102.553,102.753,-1,0,<2>clapyourhandshibiki</c><79>masuyouni</c>,ki
102.386,102.553,-1,0,<2>clapyourhandshibi</c><79>kimasuyouni</c>,bi
102.152,102.386,-1,0,<2>clapyourhandshi</c><79>bikimasuyouni</c>,hi
101.752,102.152,-1,0,<2>clapyourhands</c><79>hibikimasuyouni</c>,hands
101.318,101.752,-1,0,<2>clapyour</c><79>handshibikimasuyouni</c>,your
100.918,101.318,-1,0,<2>clap</c><79>yourhandshibikimasuyouni</c>,clap
22.306,22.94,-1,0,<2>clapyourhandshibikimasuyouni</c>,ni
22.106,22.306,-1,0,<2>clapyourhandshibikimasuyou</c><79>ni</c>,you
21.872,22.106,-1,0,<2>clapyourhandshibikimasu</c><79>youni</c>,su
21.672,21.872,-1,0,<2>clapyourhandshibikima</c><79>suyouni</c>,ma
21.472,21.672,-1,0,<2>clapyourhandshibiki</c><79>masuyouni</c>,ki
21.305,21.472,-1,0,<2>clapyourhandshibi</c><79>kimasuyouni</c>,bi
21.071,21.305,-1,0,<2>clapyourhandshi</c><79>bikimasuyouni</c>,hi
20.671,21.071,-1,0,<2>clapyourhands</c><79>hibikimasuyouni</c>,hands
20.237,20.671,-1,0,<2>clapyour</c><79>handshibikimasuyouni</c>,your
19.837,20.237,-1,0,<2>clap</c><79>yourhandshibikimasuyouni</c>,clap
100.484,100.918,-1,0,<2>clapyourhandssoranomukoumade</c>,de
100.084,100.484,58,0,<2>clapyourhandssoranomukouma</c><79>de</c>,ma
99.883,100.084,58,0,<2>clapyourhandssoranomukou</c><79>made</c>,u
99.683,99.883,58,0,<2>clapyourhandssoranomuko</c><79>umade</c>,ko
99.45,99.683,58,0,<2>clapyourhandssoranomu</c><79>koumade</c>,mu
99.249,99.45,58,0,<2>clapyourhandssorano</c><79>mukoumade</c>,no
99.049,99.249,58,0,<2>clapyourhandssora</c><79>nomukoumade</c>,ra
98.849,99.049,58,0,<2>clapyourhandsso</c><79>ranomukoumade</c>,so
98.415,98.849,58,0,<2>clapyourhands</c><79>soranomukoumade</c>,hands
98.015,98.415,58,0,<2>clapyour</c><79>handssoranomukoumade</c>,your
97.614,98.015,58,0,<2>clap</c><79>yourhandssoranomukoumade</c>,clap
19.403,19.837,-1,0,<2>clapyourhandssoranomukoumade</c>,de
19.003,19.403,58,0,<2>clapyourhandssoranomukouma</c><79>de</c>,ma
18.769,19.003,58,0,<2>clapyourhandssoranomukou</c><79>made</c>,u
18.569,18.769,58,0,<2>clapyourhandssoranomuko</c><79>umade</c>,ko
18.335,18.569,58,0,<2>clapyourhandssoranomu</c><79>koumade</c>,mu
18.168,18.335,58,0,<2>clapyourhandssorano</c><79>mukoumade</c>,no
17.935,18.168,58,0,<2>clapyourhandssora</c><79>nomukoumade</c>,ra
17.735,17.935,58,0,<2>clapyourhandsso</c><79>ranomukoumade</c>,so
17.334,17.735,58,0,<2>clapyourhands</c><79>soranomukoumade</c>,hands
16.9,17.334,58,0,<2>clapyour</c><79>handssoranomukoumade</c>,your
16.5,16.9,58,0,<2>clap</c><79>yourhandssoranomukoumade</c>,clap
90.174,90.808,-1,0,<2>clapyourhandstodokimasuyouni</c>,ni
89.94,90.174,-1,0,<2>clapyourhandstodokimasuyou</c><79>ni</c>,you
89.74,89.94,-1,0,<2>clapyourhandstodokimasu</c><79>youni</c>,su
89.54,89.74,-1,0,<2>clapyourhandstodokima</c><79>suyouni</c>,ma
89.306,89.54,-1,0,<2>clapyourhandstodoki</c><79>masuyouni</c>,ki
89.106,89.306,-1,0,<2>clapyourhandstodo</c><79>kimasuyouni</c>,do
88.906,89.106,-1,0,<2>clapyourhandsto</c><79>dokimasuyouni</c>,to
88.505,88.906,-1,0,<2>clapyourhands</c><79>todokimasuyouni</c>,hands
88.072,88.505,-1,0,<2>clapyour</c><79>handstodokimasuyouni</c>,your
87.671,88.072,-1,0,<2>clap</c><79>yourhandstodokimasuyouni</c>,clap
9.059,9.693,-1,0,<2>clapyourhandstodokimasuyouni</c>,ni
8.859,9.059,-1,0,<2>clapyourhandstodokimasuyou</c><79>ni</c>,you
8.659,8.859,-1,0,<2>clapyourhandstodokimasu</c><79>youni</c>,su
8.459,8.659,-1,0,<2>clapyourhandstodokima</c><79>suyouni</c>,ma
8.225,8.459,-1,0,<2>clapyourhandstodoki</c><79>masuyouni</c>,ki
8.025,8.225,-1,0,<2>clapyourhandstodo</c><79>kimasuyouni</c>,do
7.825,8.025,-1,0,<2>clapyourhandsto</c><79>dokimasuyouni</c>,to
7.424,7.825,-1,0,<2>clapyourhands</c><79>todokimasuyouni</c>,hands
6.991,7.424,-1,0,<2>clapyour</c><79>handstodokimasuyouni</c>,your
6.59,6.991,-1,0,<2>clap</c><79>yourhandstodokimasuyouni</c>,clap
87.271,87.671,-1,0,<2>clapyourhandsuminomukoumade</c>,de
86.87,87.271,56,0,<2>clapyourhandsuminomukouma</c><79>de</c>,ma
86.67,86.87,56,0,<2>clapyourhandsuminomukou</c><79>made</c>,u
86.437,86.67,56,0,<2>clapyourhandsuminomuko</c><79>umade</c>,ko
86.236,86.437,56,0,<2>clapyourhandsuminomu</c><79>koumade</c>,mu
86.036,86.236,56,0,<2>clapyourhandsumino</c><79>mukoumade</c>,no
85.836,86.036,56,0,<2>clapyourhandsumi</c><79>nomukoumade</c>,mi
85.636,85.836,56,0,<2>clapyourhandsu</c><79>minomukoumade</c>,u
85.202,85.636,56,0,<2>clapyourhands</c><79>uminomukoumade</c>,hands
84.768,85.202,56,0,<2>clapyour</c><79>handsuminomukoumade</c>,your
84.368,84.768,56,0,<2>clap</c><79>yourhandsuminomukoumade</c>,clap
6.19,6.59,-1,0,<2>clapyourhandsuminomukoumade</c>,de
5.789,6.19,56,0,<2>clapyourhandsuminomukouma</c><79>de</c>,ma
5.589,5.789,56,0,<2>clapyourhandsuminomukou</c><79>made</c>,u
5.356,5.589,56,0,<2>clapyourhandsuminomuko</c><79>umade</c>,ko
5.122,5.356,56,0,<2>clapyourhandsuminomu</c><79>koumade</c>,mu
4.922,5.122,56,0,<2>clapyourhandsumino</c><79>mukoumade</c>,no
4.755,4.922,56,0,<2>clapyourhandsumi</c><79>nomukoumade</c>,mi
4.521,4.755,56,0,<2>clapyourhandsu</c><79>minomukoumade</c>,u
4.121,4.521,56,0,<2>clapyourhands</c><79>uminomukoumade</c>,hands
3.687,4.121,56,0,<2>clapyour</c><79>handsuminomukoumade</c>,your
3.287,3.687,56,0,<2>clap</c><79>yourhandsuminomukoumade</c>,clap
82.499,82.733,98,0,<4>d</c><8>a</c><11>t</c><17>t</c><22>e</c><26>k</c><30>i</c><35>m</c><38>i</c><44>n</c><48>i</c><53>z</c><57>u</c><61>t</c><65>t</c><70>o</c><74>m</c><78>i</c><84>t</c><88>e</c><93>h</c><98>o</c><102>s</c><106>h</c><110>i</c><115>i</c><120>k</c><125>a</c><128>r</c><132>a</c>,ra
82.299,82.499,97,0,<4>d</c><8>a</c><11>t</c><17>t</c><22>e</c><26>k</c><30>i</c><35>m</c><38>i</c><44>n</c><48>i</c><53>z</c><57>u</c><61>t</c><65>t</c><70>o</c><74>m</c><78>i</c><84>t</c><88>e</c><93>h</c><98>o</c><102>s</c><106>h</c><110>i</c><115>i</c><120>k</c><125>a</c><79>ra</c>,ka
81.065,82.299,97,0,<4>d</c><8>a</c><11>t</c><17>t</c><22>e</c><26>k</c><30>i</c><35>m</c><38>i</c><44>n</c><48>i</c><53>z</c><57>u</c><61>t</c><65>t</c><70>o</c><74>m</c><78>i</c><84>t</c><88>e</c><93>h</c><98>o</c><102>s</c><106>h</c><110>i</c><115>i</c><79>kara</c>,i
80.864,81.065,98,0,<4>d</c><8>a</c><11>t</c><17>t</c><22>e</c><26>k</c><30>i</c><35>m</c><38>i</c><44>n</c><48>i</c><53>z</c><57>u</c><61>t</c><65>t</c><70>o</c><74>m</c><78>i</c><84>t</c><88>e</c><93>h</c><98>o</c><102>s</c><106>h</c><110>i</c><79>ikara</c>,shi
80.631,80.864,94,0,<4>d</c><8>a</c><11>t</c><17>t</c><22>e</c><26>k</c><30>i</c><35>m</c><38>i</c><44>n</c><48>i</c><53>z</c><57>u</c><61>t</c><65>t</c><70>o</c><74>m</c><78>i</c><84>t</c><88>e</c><93>h</c><98>o</c><79>shiikara</c>,ho
80.431,80.631,91,0,<4>d</c><8>a</c><11>t</c><17>t</c><22>e</c><26>k</c><30>i</c><35>m</c><38>i</c><44>n</c><48>i</c><53>z</c><57>u</c><61>t</c><65>t</c><70>o</c><74>m</c><78>i</c><84>t</c><88>e</c><79>hoshiikara</c>,te
80.23,80.431,88,0,<4>d</c><8>a</c><11>t</c><17>t</c><22>e</c><26>k</c><30>i</c><35>m</c><38>i</c><44>n</c><48>i</c><53>z</c><57>u</c><61>t</c><65>t</c><70>o</c><74>m</c><78>i</c><79>tehoshiikara</c>,mi
80.13,80.23,84,0,<4>d</c><8>a</c><11>t</c><17>t</c><22>e</c><26>k</c><30>i</c><35>m</c><38>i</c><44>n</c><48>i</c><53>z</c><57>u</c><61>t</c><65>t</c><70>o</c><79>mitehoshiikara</c>,to
79.83,80.13,81,0,<4>d</c><8>a</c><11>t</c><17>t</c><22>e</c><26>k</c><30>i</c><35>m</c><38>i</c><44>n</c><48>i</c><53>z</c><57>u</c><61>t</c><79>tomitehoshiikara</c>,t
79.596,79.83,80,0,<4>d</c><8>a</c><11>t</c><17>t</c><22>e</c><26>k</c><30>i</c><35>m</c><38>i</c><44>n</c><48>i</c><53>z</c><57>u</c><79>ttomitehoshiikara</c>,zu
78.996,79.596,77,0,<4>d</c><8>a</c><11>t</c><17>t</c><22>e</c><26>k</c><30>i</c><35>m</c><38>i</c><44>n</c><48>i</c><79>zuttomitehoshiikara</c>,ni
78.796,78.996,73,0,<4>d</c><8>a</c><11>t</c><17>t</c><22>e</c><26>k</c><30>i</c><35>m</c><38>i</c><79>nizuttomitehoshiikara</c>,mi
78.595,78.796,70,0,<4>d</c><8>a</c><11>t</c><17>t</c><22>e</c><26>k</c><30>i</c><79>minizuttomitehoshiikara</c>,ki
78.462,78.595,67,0,<4>d</c><8>a</c><11>t</c><17>t</c><22>e</c><79>kiminizuttomitehoshiikara</c>,te
78.162,78.462,64,0,<4>d</c><8>a</c><11>t</c><79>tekiminizuttomitehoshiikara</c>,t
77.961,78.162,63,0,<4>d</c><8>a</c><79>ttekiminizuttomitehoshiikara</c>,da
64.114,64.715,61,0,<131>demotamanitomattethinkingthinking</c>,ing
63.714,64.114,64,0,<131>demotamanitomattethinkingthink</c><79>ing</c>,think
63.247,63.714,64,0,<131>demotamanitomattethinking</c><79>thinking</c>,ing
62.813,63.247,64,0,<131>demotamanitomattethink</c><79>ingthinking</c>,think
62.646,62.813,64,0,<131>demotamanitomatte</c><79>thinkingthinking</c>,te
62.446,62.646,64,0,<131>demotamanitomat</c><79>tethinkingthinking</c>,mat
62.346,62.446,64,0,<131>demotamanito</c><79>mattethinkingthinking</c>,to
62.146,62.346,64,0,<131>demotamani</c><79>tomattethinkingthinking</c>,ni
61.945,62.146,64,0,<131>demotama</c><79>nitomattethinkingthinking</c>,ma
61.812,61.945,64,0,<131>demota</c><79>manitomattethinkingthinking</c>,ta
61.612,61.812,64,0,<131>demo</c><79>tamanitomattethinkingthinking</c>,mo
61.412,61.612,64,0,<131>de</c><79>motamanitomattethinkingthinking</c>,de
97.414,97.614,-1,0,<131>e</c><116>v</c><100>e</c><83>r</c><66>y</c><49>b</c><32>o</c><16>d</c><3>y</c>,y
97.214,97.414,-1,0,<131>e</c><116>v</c><100>e</c><83>r</c><66>y</c><49>b</c><32>o</c><16>d</c><79>y</c>,bod
97.014,97.214,-1,0,<131>e</c><116>v</c><100>e</c><83>r</c><66>y</c><79>body</c>,ry
96.814,97.014,-1,0,<131>e</c><116>v</c><100>e</c><79>rybody</c>,eve
16.3,16.5,-1,0,<131>e</c><116>v</c><100>e</c><83>r</c><66>y</c><49>b</c><32>o</c><16>d</c><3>y</c>,y
16.1,16.3,-1,0,<131>e</c><116>v</c><100>e</c><83>r</c><66>y</c><49>b</c><32>o</c><16>d</c><79>y</c>,bod
15.899,16.1,-1,0,<131>e</c><116>v</c><100>e</c><83>r</c><66>y</c><79>body</c>,ry
15.699,15.899,-1,0,<131>e</c><116>v</c><100>e</c><79>rybody</c>,eve
67.618,68.018,-1,0,<4>fumidasunosastepping</c>,ping
67.384,67.618,-1,0,<4>fumidasunosastep</c><79>ping</c>,step
67.117,67.384,-1,0,<4>fumidasunosa</c><79>stepping</c>,sa
66.917,67.117,-1,0,<4>fumidasuno</c><79>sastepping</c>,no
66.784,66.917,-1,0,<4>fumidasu</c><79>nosastepping</c>,su
66.583,66.784,-1,0,<4>fumida</c><79>sunosastepping</c>,da
66.517,66.583,-1,0,<4>fumi</c><79>dasunosastepping</c>,mi
66.383,66.517,-1,0,<4>fu</c><79>midasunosastepping</c>,fu
46.096,46.497,-1,0,<131>hajimeyoukasaadiving</c>,ing
45.896,46.096,-1,0,<131>hajimeyoukasaadiv</c><79>ing</c>,div
45.796,45.896,-1,0,<131>hajimeyoukasaa</c><79>diving</c>,saa
45.629,45.796,-1,0,<131>hajimeyouka</c><79>saadiving</c>,ka
45.396,45.629,-1,0,<131>hajimeyou</c><79>kasaadiving</c>,you
45.229,45.396,-1,0,<131>hajime</c><79>youkasaadiving</c>,me
45.062,45.229,-1,0,<131>haji</c><79>meyoukasaadiving</c>,ji
44.862,45.062,-1,0,<131>ha</c><79>jimeyoukasaadiving</c>,ha
111.095,111.295,-1,0,<2>hikarisasubokutachinomirai</c>,i
110.727,111.095,-1,0,<2>hikarisasubokutachinomira</c><79>i</c>,ra
110.661,110.727,-1,0,<2>hikarisasubokutachinomi</c><79>rai</c>,mi
110.461,110.661,-1,0,<2>hikarisasubokutachino</c><79>mirai</c>,no
110.26,110.461,-1,0,<2>hikarisasubokutachi</c><79>nomirai</c>,chi
110.027,110.26,-1,0,<2>hikarisasubokuta</c><79>chinomirai</c>,ta
109.927,110.027,-1,0,<2>hikarisasuboku</c><79>tachinomirai</c>,ku
109.827,109.927,-1,0,<2>hikarisasubo</c><79>kutachinomirai</c>,bo
109.226,109.827,-1,0,<2>hikarisasu</c><79>bokutachinomirai</c>,su
108.792,109.226,-1,0,<2>hikarisa</c><79>subokutachinomirai</c>,sa
108.392,108.792,-1,0,<2>hikari</c><79>sasubokutachinomirai</c>,ri
107.958,108.392,-1,0,<2>hika</c><79>risasubokutachinomirai</c>,ka
107.558,107.958,-1,0,<2>hi</c><79>karisasubokutachinomirai</c>,hi
29.98,30.18,-1,0,<2>hikarisasubokutachinomirai</c>,i
29.613,29.98,-1,0,<2>hikarisasubokutachinomira</c><79>i</c>,ra
29.546,29.613,-1,0,<2>hikarisasubokutachinomi</c><79>rai</c>,mi
29.346,29.546,-1,0,<2>hikarisasubokutachino</c><79>mirai</c>,no
29.146,29.346,-1,0,<2>hikarisasubokutachi</c><79>nomirai</c>,chi
28.912,29.146,-1,0,<2>hikarisasubokuta</c><79>chinomirai</c>,ta
28.812,28.912,-1,0,<2>hikarisasuboku</c><79>tachinomirai</c>,ku
28.712,28.812,-1,0,<2>hikarisasubo</c><79>kutachinomirai</c>,bo
28.112,28.712,-1,0,<2>hikarisasu</c><79>bokutachinomirai</c>,su
27.678,28.112,-1,0,<2>hikarisa</c><79>subokutachinomirai</c>,sa
27.277,27.678,-1,0,<2>hikari</c><79>sasubokutachinomirai</c>,ri
26.844,27.277,-1,0,<2>hika</c><79>risasubokutachinomirai</c>,ka
26.443,26.844,-1,0,<2>hi</c><79>karisasubokutachinomirai</c>,hi
52.736,53.137,-1,0,<132>hikiyoserunolighting</c>,ing
52.503,52.736,-1,0,<132>hikiyoserunolight</c><79>ing</c>,light
52.403,52.503,-1,0,<132>hikiyoseruno</c><79>lighting</c>,no
52.202,52.403,-1,0,<132>hikiyoseru</c><79>nolighting</c>,ru
52.002,52.202,-1,0,<132>hikiyose</c><79>runolighting</c>,se
51.869,52.002,-1,0,<132>hikiyo</c><79>serunolighting</c>,yo
51.668,51.869,-1,0,<132>hiki</c><79>yoserunolighting</c>,ki
51.435,51.668,-1,0,<132>hi</c><79>kiyoserunolighting</c>,hi
110.861,120.804,34,43,<130>hololiveidolproject</c>,hololiveidolproject
95.746,96.814,-1,0,<4>h</c><15>o</c><28>r</c><42>a</c><55>i</c><68>s</c><80>s</c><94>h</c><108>o</c><121>n</c><132>i</c>,ni
95.446,95.746,-1,0,<4>h</c><15>o</c><28>r</c><42>a</c><55>i</c><68>s</c><80>s</c><94>h</c><108>o</c><79>ni</c>,sho
95.145,95.446,-1,0,<4>h</c><15>o</c><28>r</c><42>a</c><55>i</c><68>s</c><79>shoni</c>,is
94.711,95.145,-1,0,<4>h</c><15>o</c><28>r</c><42>a</c><79>isshoni</c>,ra
94.311,94.711,-1,0,<4>h</c><15>o</c><79>raisshoni</c>,ho
14.665,15.699,-1,0,<4>h</c><15>o</c><28>r</c><42>a</c><55>i</c><68>s</c><80>s</c><94>h</c><108>o</c><121>n</c><132>i</c>,ni
14.365,14.665,-1,0,<4>h</c><15>o</c><28>r</c><42>a</c><55>i</c><68>s</c><80>s</c><94>h</c><108>o</c><79>ni</c>,sho
14.031,14.365,-1,0,<4>h</c><15>o</c><28>r</c><42>a</c><55>i</c><68>s</c><79>shoni</c>,is
13.63,14.031,-1,0,<4>h</c><15>o</c><28>r</c><42>a</c><79>isshoni</c>,ra
13.197,13.63,-1,0,<4>h</c><15>o</c><79>raisshoni</c>,ho
65.983,66.383,-1,0,<3>kaetemiseruchange</c>,ge
65.749,65.983,-1,0,<3>kaetemiseruchan</c><79>ge</c>,chan
65.649,65.749,-1,0,<3>kaetemiseru</c><79>change</c>,ru
65.382,65.649,-1,0,<3>kaetemise</c><79>ruchange</c>,se
65.215,65.382,-1,0,<3>kaetemi</c><79>seruchange</c>,mi
65.149,65.215,-1,0,<3>kaete</c><79>miseruchange</c>,te
64.915,65.149,-1,0,<3>kae</c><79>temiseruchange</c>,e
64.715,64.915,-1,0,<3>ka</c><79>etemiseruchange</c>,ka
77.294,77.961,94,0,<131>k</c><126>a</c><123>n</c><118>a</c><113>u</c><107>h</c><101>i</c><96>m</c><91>a</c><86>d</c><82>e</c><75>s</c><71>t</c><66>o</c><60>r</c><56>y</c><50>t</c><46>s</c><41>u</c><36>n</c><31>a</c><25>g</c><19>u</c><14>k</c><10>a</c><7>r</c><3>a</c>,ra
77.127,77.294,92,0,<131>k</c><126>a</c><123>n</c><118>a</c><113>u</c><107>h</c><101>i</c><96>m</c><91>a</c><86>d</c><82>e</c><75>s</c><71>t</c><66>o</c><60>r</c><56>y</c><50>t</c><46>s</c><41>u</c><36>n</c><31>a</c><25>g</c><19>u</c><14>k</c><10>a</c><79>ra</c>,ka
76.927,77.127,89,0,<131>k</c><126>a</c><123>n</c><118>a</c><113>u</c><107>h</c><101>i</c><96>m</c><91>a</c><86>d</c><82>e</c><75>s</c><71>t</c><66>o</c><60>r</c><56>y</c><50>t</c><46>s</c><41>u</c><36>n</c><31>a</c><25>g</c><19>u</c><79>kara</c>,gu
76.493,76.927,86,0,<131>k</c><126>a</c><123>n</c><118>a</c><113>u</c><107>h</c><101>i</c><96>m</c><91>a</c><86>d</c><82>e</c><75>s</c><71>t</c><66>o</c><60>r</c><56>y</c><50>t</c><46>s</c><41>u</c><36>n</c><31>a</c><79>gukara</c>,na
76.293,76.493,83,0,<131>k</c><126>a</c><123>n</c><118>a</c><113>u</c><107>h</c><101>i</c><96>m</c><91>a</c><86>d</c><82>e</c><75>s</c><71>t</c><66>o</c><60>r</c><56>y</c><50>t</c><46>s</c><41>u</c><79>nagukara</c>,tsu
75.059,76.293,78,0,<131>k</c><126>a</c><123>n</c><118>a</c><113>u</c><107>h</c><101>i</c><96>m</c><91>a</c><86>d</c><82>e</c><75>s</c><71>t</c><66>o</c><60>r</c><56>y</c><79>tsunagukara</c>,ry
74.425,75.059,75,0,<131>k</c><126>a</c><123>n</c><118>a</c><113>u</c><107>h</c><101>i</c><96>m</c><91>a</c><86>d</c><82>e</c><75>s</c><71>t</c><66>o</c><79>rytsunagukara</c>,sto
74.224,74.425,70,0,<131>k</c><126>a</c><123>n</c><118>a</c><113>u</c><107>h</c><101>i</c><96>m</c><91>a</c><86>d</c><82>e</c><79>storytsunagukara</c>,de
74.024,74.224,67,0,<131>k</c><126>a</c><123>n</c><118>a</c><113>u</c><107>h</c><101>i</c><96>m</c><91>a</c><79>destorytsunagukara</c>,ma
73.791,74.024,64,0,<131>k</c><126>a</c><123>n</c><118>a</c><113>u</c><107>h</c><101>i</c><79>madestorytsunagukara</c>,hi
73.59,73.791,61,0,<131>k</c><126>a</c><123>n</c><118>a</c><113>u</c><79>himadestorytsunagukara</c>,u
73.19,73.59,59,0,<131>k</c><126>a</c><123>n</c><118>a</c><79>uhimadestorytsunagukara</c>,na
72.99,73.19,56,0,<131>k</c><126>a</c><79>nauhimadestorytsunagukara</c>,ka
57.508,58.075,-1,0,<3>konosakiniwananigaaruno?</c>,no?
57.074,57.508,-1,0,<3>konosakiniwananigaaru</c><79>no?</c>,ru
56.673,57.074,-1,0,<3>konosakiniwananigaa</c><79>runo?</c>,a
56.24,56.673,-1,0,<3>konosakiniwananiga</c><79>aruno?</c>,ga
56.04,56.24,-1,0,<3>konosakiniwanani</c><79>gaaruno?</c>,ni
55.839,56.04,-1,0,<3>konosakiniwana</c><79>nigaaruno?</c>,na
55.706,55.839,-1,0,<3>konosakiniwa</c><79>nanigaaruno?</c>,wa
55.572,55.706,-1,0,<3>konosakini</c><79>wananigaaruno?</c>,ni
55.339,55.572,-1,0,<3>konosaki</c><79>niwananigaaruno?</c>,ki
55.205,55.339,-1,0,<3>konosa</c><79>kiniwananigaaruno?</c>,sa
55.005,55.205,-1,0,<3>kono</c><79>sakiniwananigaaruno?</c>,no
54.805,55.005,-1,0,<3>ko</c><79>nosakiniwananigaaruno?</c>,ko
114.164,120.804,-1,0,<130>lyricscomposition:</c><1>pandaboy</c>,lyricscomposition:pandaboy
59.343,59.743,-1,0,<4>madahayaiyotakeit</c>,it
59.143,59.343,-1,0,<4>madahayaiyotake</c><79>it</c>,take
59.009,59.143,-1,0,<4>madahayaiyo</c><79>takeit</c>,yo
58.842,59.009,-1,0,<4>madahayai</c><79>yotakeit</c>,i
58.642,58.842,-1,0,<4>madahaya</c><79>iyotakeit</c>,ya
58.542,58.642,-1,0,<4>madaha</c><79>yaiyotakeit</c>,ha
58.308,58.542,-1,0,<4>mada</c><79>hayaiyotakeit</c>,da
58.075,58.308,-1,0,<4>ma</c><79>dahayaiyotakeit</c>,ma
54.371,54.805,-1,0,<131>madamienaiyomaybe</c>,be
54.138,54.371,-1,0,<131>madamienaiyomay</c><79>be</c>,may
54.038,54.138,-1,0,<131>madamienaiyo</c><79>maybe</c>,yo
53.937,54.038,-1,0,<131>madamienai</c><79>yomaybe</c>,i
53.837,53.937,-1,0,<131>madamiena</c><79>iyomaybe</c>,na
53.637,53.837,-1,0,<131>madamie</c><79>naiyomaybe</c>,e
53.537,53.637,-1,0,<131>madami</c><79>enaiyomaybe</c>,mi
53.337,53.537,-1,0,<131>mada</c><79>mienaiyomaybe</c>,da
53.137,53.337,-1,0,<131>ma</c><79>damienaiyomaybe</c>,ma
47.731,48.165,-1,0,<3>mattemoiminaitiming</c>,ing
47.531,47.731,-1,0,<3>mattemoiminaitim</c><79>ing</c>,tim
47.431,47.531,-1,0,<3>mattemoiminai</c><79>timing</c>,i
47.297,47.431,-1,0,<3>mattemoimina</c><79>itiming</c>,na
47.231,47.297,-1,0,<3>mattemoimi</c><79>naitiming</c>,mi
47.031,47.231,-1,0,<3>mattemoi</c><79>minaitiming</c>,i
46.897,47.031,-1,0,<3>mattemo</c><79>iminaitiming</c>,mo
46.697,46.897,-1,0,<3>matte</c><79>moiminaitiming</c>,te
46.497,46.697,-1,0,<3>mat</c><79>temoiminaitiming</c>,mat
60.978,61.412,-1,0,<132>oitsukumadeshaking</c>,ing
60.778,60.978,-1,0,<132>oitsukumadeshak</c><79>ing</c>,shak
60.677,60.778,-1,0,<132>oitsukumade</c><79>shaking</c>,de
60.477,60.677,-1,0,<132>oitsukuma</c><79>deshaking</c>,ma
60.377,60.477,-1,0,<132>oitsuku</c><79>madeshaking</c>,ku
60.277,60.377,-1,0,<132>oitsu</c><79>kumadeshaking</c>,tsu
59.943,60.277,-1,0,<132>oi</c><79>tsukumadeshaking</c>,i
59.743,59.943,-1,0,<132>o</c><79>itsukumadeshaking</c>,o
84.201,84.368,-1,0,<2>teoagete</c>,te
84.001,84.201,-1,0,<2>teoage</c><79>te</c>,ge
83.801,84.001,-1,0,<2>teoa</c><79>gete</c>,a
83.567,83.801,-1,0,<2>teo</c><79>agete</c>,o
83.367,83.567,-1,0,<2>te</c><79>oagete</c>,te
3.087,3.287,-1,0,<2>teoagete</c>,te
2.886,3.087,-1,0,<2>teoage</c><79>te</c>,ge
2.686,2.886,-1,0,<2>teoa</c><79>gete</c>,a
2.453,2.686,-1,0,<2>teo</c><79>agete</c>,o
2.252,2.453,-1,0,<2>te</c><79>oagete</c>,te
106.323,106.723,-1,0,<132>teotatakou</c>,kou
106.09,106.323,-1,0,<132>teotata</c><79>kou</c>,ta
105.889,106.09,-1,0,<132>teota</c><79>takou</c>,ta
105.789,105.889,-1,0,<132>teo</c><79>tatakou</c>,o
105.689,105.789,-1,0,<132>te</c><79>otatakou</c>,te
104.621,105.055,-1,0,<4>teotatakou</c>,kou
104.421,104.621,-1,0,<4>teotata</c><79>kou</c>,ta
104.254,104.421,-1,0,<4>teota</c><79>takou</c>,ta
104.121,104.254,-1,0,<4>teo</c><79>tatakou</c>,o
104.021,104.121,-1,0,<4>te</c><79>otatakou</c>,te
93.043,93.477,-1,0,<3>teotatakou</c>,kou
92.843,93.043,-1,0,<3>teotata</c><79>kou</c>,ta
92.643,92.843,-1,0,<3>teota</c><79>takou</c>,ta
92.543,92.643,-1,0,<3>teo</c><79>tatakou</c>,o
92.443,92.543,-1,0,<3>te</c><79>otatakou</c>,te
91.442,91.809,-1,0,<131>teotatakou</c>,kou
91.208,91.442,-1,0,<131>teotata</c><79>kou</c>,ta
91.008,91.208,-1,0,<131>teota</c><79>takou</c>,ta
90.908,91.008,-1,0,<131>teo</c><79>tatakou</c>,o
90.808,90.908,-1,0,<131>te</c><79>otatakou</c>,te
25.175,25.609,-1,0,<132>teotatakou</c>,kou
24.975,25.175,-1,0,<132>teotata</c><79>kou</c>,ta
24.775,24.975,-1,0,<132>teota</c><79>takou</c>,ta
24.675,24.775,-1,0,<132>teo</c><79>tatakou</c>,o
24.575,24.675,-1,0,<132>te</c><79>otatakou</c>,te
23.54,23.974,-1,0,<4>teotatakou</c>,kou
23.34,23.54,-1,0,<4>teotata</c><79>kou</c>,ta
23.14,23.34,-1,0,<4>teota</c><79>takou</c>,ta
23.04,23.14,-1,0,<4>teo</c><79>tatakou</c>,o
22.94,23.04,-1,0,<4>te</c><79>otatakou</c>,te
11.962,12.396,-1,0,<3>teotatakou</c>,kou
11.762,11.962,-1,0,<3>teotata</c><79>kou</c>,ta
11.562,11.762,-1,0,<3>teota</c><79>takou</c>,ta
11.428,11.562,-1,0,<3>teo</c><79>tatakou</c>,o
11.328,11.428,-1,0,<3>te</c><79>otatakou</c>,te
10.327,10.728,-1,0,<131>teotatakou</c>,kou
10.127,10.327,-1,0,<131>teotata</c><79>kou</c>,ta
9.927,10.127,-1,0,<131>teota</c><79>takou</c>,ta
9.793,9.927,-1,0,<131>teo</c><79>tatakou</c>,o
9.693,9.793,-1,0,<131>te</c><79>otatakou</c>,te
71.755,72.99,56,0,<132>tsukandemiseruyokirakiramydream</c>,dream
71.121,71.755,59,0,<132>tsukandemiseruyokirakiramy</c><79>dream</c>,my
70.721,71.121,59,0,<132>tsukandemiseruyokirakira</c><79>mydream</c>,ra
70.32,70.721,59,0,<132>tsukandemiseruyokiraki</c><79>ramydream</c>,ki
69.887,70.32,59,0,<132>tsukandemiseruyokira</c><79>kiramydream</c>,ra
69.453,69.887,59,0,<132>tsukandemiseruyoki</c><79>rakiramydream</c>,ki
69.253,69.453,59,0,<132>tsukandemiseruyo</c><79>kirakiramydream</c>,yo
69.053,69.253,59,0,<132>tsukandemiseru</c><79>yokirakiramydream</c>,ru
68.952,69.053,59,0,<132>tsukandemise</c><79>ruyokirakiramydream</c>,se
68.752,68.952,59,0,<132>tsukandemi</c><79>seruyokirakiramydream</c>,mi
68.552,68.752,59,0,<132>tsukande</c><79>miseruyokirakiramydream</c>,de
68.385,68.552,59,0,<132>tsukan</c><79>demiseruyokirakiramydream</c>,n
68.218,68.385,59,0,<132>tsuka</c><79>ndemiseruyokirakiramydream</c>,ka
68.018,68.218,59,0,<132>tsu</c><79>kandemiseruyokirakiramydream</c>,tsu
