start,end,position,line,text,token
171.755,171.855,-1,0,<1></c><2>ainoyounikierukie</c><6>ru</c><1></c>,ru
171.588,171.755,-1,0,<1></c><2>ainoyounikieruki</c><6>e</c><3>ru</c><1></c>,e
171.421,171.588,-1,0,<1></c><2>ainoyounikieru</c><6>ki</c><3>eru</c><1></c>,ki
171.054,171.421,-1,0,<1></c><2>ainoyounikie</c><6>ru</c><3>kieru</c><1></c>,ru
170.854,171.054,-1,0,<1></c><2>ainoyouniki</c><6>e</c><3>rukieru</c><1></c>,e
170.687,170.854,-1,0,<1></c><2>ainoyouni</c><6>ki</c><3>erukieru</c><1></c>,ki
170.187,170.687,-1,0,<1></c><2>ainoyou</c><6>ni</c><3>kierukieru</c><1></c>,ni
169.987,170.187,-1,0,<1></c><2>ainoyo</c><6>u</c><3>nikierukieru</c><1></c>,u
169.453,169.987,-1,0,<1></c><2>aino</c><6>yo</c><3>unikierukieru</c><1></c>,yo
169.119,169.453,-1,0,<1></c><2>ai</c><6>no</c><3>younikierukieru</c><1></c>,no
168.952,169.119,-1,0,<1></c><2>a</c><6>i</c><3>noyounikierukieru</c><1></c>,i
168.685,168.952,-1,0,<1></c><6>a</c><3>inoyounikierukieru</c><1></c>,a
72.923,72.99,-1,0,<1></c><2>ainoyounikierukie</c><6>ru</c><1></c>,ru
72.79,72.923,-1,0,<1></c><2>ainoyounikieruki</c><6>e</c><3>ru</c><1></c>,e
72.589,72.79,-1,0,<1></c><2>ainoyounikieru</c><6>ki</c><3>eru</c><1></c>,ki
72.222,72.589,-1,0,<1></c><2>ainoyounikie</c><6>ru</c><3>kieru</c><1></c>,ru
72.056,72.222,-1,0,<1></c><2>ainoyouniki</c><6>e</c><3>rukieru</c><1></c>,e
71.855,72.056,-1,0,<1></c><2>ainoyouni</c><6>ki</c><3>erukieru</c><1></c>,ki
71.355,71.855,-1,0,<1></c><2>ainoyou</c><6>ni</c><3>kierukieru</c><1></c>,ni
71.188,71.355,-1,0,<1></c><2>ainoyo</c><6>u</c><3>nikierukieru</c><1></c>,u
70.587,71.188,-1,0,<1></c><2>aino</c><6>yo</c><3>unikierukieru</c><1></c>,yo
70.32,70.587,-1,0,<1></c><2>ai</c><6>no</c><3>younikierukieru</c><1></c>,no
70.12,70.32,-1,0,<1></c><2>a</c><6>i</c><3>noyounikierukieru</c><1></c>,i
69.887,70.12,-1,0,<1></c><6>a</c><3>inoyounikierukieru</c><1></c>,a
84.735,85.869,-1,0,<1></c><2>antipathy</c><6>world</c><1></c>,world
84.401,84.735,-1,0,<1></c><2>antipa</c><6>thy</c><3>world</c><1></c>,thy
84.201,84.401,-1,0,<1></c><2>anti</c><6>pa</c><3>thyworld</c><1></c>,pa
84.034,84.201,-1,0,<1></c><2>an</c><6>ti</c><3>pathyworld</c><1></c>,ti
83.667,84.034,-1,0,<1></c><6>an</c><3>tipathyworld</c><1></c>,an
11.362,11.695,-1,0,<1></c><2>antipathy</c><6>world</c><1></c>,world
10.995,11.362,-1,0,<1></c><2>antipa</c><6>thy</c><3>world</c><1></c>,thy
10.828,10.995,-1,0,<1></c><2>anti</c><6>pa</c><3>thyworld</c><1></c>,pa
10.661,10.828,-1,0,<1></c><2>an</c><6>ti</c><3>pathyworld</c><1></c>,ti
10.26,10.661,-1,0,<1></c><6>an</c><3>tipathyworld</c><1></c>,an
165.015,165.449,-1,0,<1></c><2>atashittenandak</c><6>ke</c><1></c>,ke
164.681,165.015,-1,0,<1></c><2>atashittenan</c><6>dak</c><3>ke</c><1></c>,dak
164.348,164.681,-1,0,<1></c><2>atashitte</c><6>nan</c><3>dakke</c><1></c>,nan
164.181,164.348,-1,0,<1></c><2>atashi</c><6>tte</c><3>nandakke</c><1></c>,tte
163.814,164.181,-1,0,<1></c><2>ata</c><6>shi</c><3>ttenandakke</c><1></c>,shi
163.647,163.814,-1,0,<1></c><2>a</c><6>ta</c><3>shittenandakke</c><1></c>,ta
163.447,163.647,-1,0,<1></c><6>a</c><3>tashittenandakke</c><1></c>,a
163.247,163.447,-1,0,<1></c><3>atashittenandakke</c><1></c>,atashittenandakke
66.183,66.75,-1,0,<1></c><2>atashittenandak</c><6>ke</c><1></c>,ke
65.849,66.183,-1,0,<1></c><2>atashittenan</c><6>dak</c><3>ke</c><1></c>,dak
65.516,65.849,-1,0,<1></c><2>atashitte</c><6>nan</c><3>dakke</c><1></c>,nan
65.349,65.516,-1,0,<1></c><2>atashi</c><6>tte</c><3>nandakke</c><1></c>,tte
64.982,65.349,-1,0,<1></c><2>ata</c><6>shi</c><3>ttenandakke</c><1></c>,shi
64.815,64.982,-1,0,<1></c><2>a</c><6>ta</c><3>shittenandakke</c><1></c>,ta
64.615,64.815,-1,0,<1></c><6>a</c><3>tashittenandakke</c><1></c>,a
106.623,106.857,66,0,<1></c><2>dareshimogamimachigattafei</c><6>ku</c><1></c>,ku
106.29,106.623,67,0,<1></c><2>dareshimogamimachigatta</c><6>fei</c><3>ku</c><1></c>,fei
106.09,106.29,67,0,<1></c><2>dareshimogamimachigat</c><6>ta</c><3>feiku</c><1></c>,ta
105.789,106.09,67,0,<1></c><2>dareshimogamimachi</c><6>gat</c><3>tafeiku</c><1></c>,gat
105.589,105.789,67,0,<1></c><2>dareshimogamima</c><6>chi</c><3>gattafeiku</c><1></c>,chi
105.422,105.589,67,0,<1></c><2>dareshimogami</c><6>ma</c><3>chigattafeiku</c><1></c>,ma
105.222,105.422,67,0,<1></c><2>dareshimoga</c><6>mi</c><3>machigattafeiku</c><1></c>,mi
105.055,105.222,67,0,<1></c><2>dareshimo</c><6>ga</c><3>mimachigattafeiku</c><1></c>,ga
104.855,105.055,67,0,<1></c><2>dareshi</c><6>mo</c><3>gamimachigattafeiku</c><1></c>,mo
104.688,104.855,67,0,<1></c><2>dare</c><6>shi</c><3>mogamimachigattafeiku</c><1></c>,shi
104.521,104.688,67,0,<1></c><2>da</c><6>re</c><3>shimogamimachigattafeiku</c><1></c>,re
104.354,104.521,66,0,<1></c><6>da</c><3>reshimogamimachigattafeiku</c><1></c>,da
104.288,104.354,66,0,<1></c><3>dareshimogamimachigattafeiku</c><1></c>,dareshimogamimachigattafeiku
110.027,110.127,67,0,<1></c><2>doushiteainantemononimuraga</c><6>ri</c><1></c>,ri
109.827,110.027,69,0,<1></c><2>doushiteainantemononimura</c><6>ga</c><3>ri</c><1></c>,ga
109.66,109.827,69,0,<1></c><2>doushiteainantemononimu</c><6>ra</c><3>gari</c><1></c>,ra
109.46,109.66,69,0,<1></c><2>doushiteainantemononi</c><6>mu</c><3>ragari</c><1></c>,mu
109.326,109.46,69,0,<1></c><2>doushiteainantemono</c><6>ni</c><3>muragari</c><1></c>,ni
109.159,109.326,69,0,<1></c><2>doushiteainantemo</c><6>no</c><3>nimuragari</c><1></c>,no
108.926,109.159,69,0,<1></c><2>doushiteainante</c><6>mo</c><3>nonimuragari</c><1></c>,mo
108.592,108.926,69,0,<1></c><2>doushiteainan</c><6>te</c><3>mononimuragari</c><1></c>,te
108.358,108.592,69,0,<1></c><2>doushiteai</c><6>nan</c><3>temononimuragari</c><1></c>,nan
108.092,108.358,69,0,<1></c><2>doushitea</c><6>i</c><3>nantemononimuragari</c><1></c>,i
107.891,108.092,69,0,<1></c><2>doushite</c><6>a</c><3>inantemononimuragari</c><1></c>,a
107.391,107.891,69,0,<1></c><2>doushi</c><6>te</c><3>ainantemononimuragari</c><1></c>,te
107.257,107.391,69,0,<1></c><2>dou</c><6>shi</c><3>teainantemononimuragari</c><1></c>,shi
107.024,107.257,67,0,<1></c><6>dou</c><3>shiteainantemononimuragari</c><1></c>,dou
176.36,176.76,-1,0,<1></c><2>fo</c><6>nii</c><1></c>,nii
176.16,176.36,-1,0,<1></c><6>fo</c><3>nii</c><1></c>,fo
175.659,176.16,-1,0,<1></c><3>fonii</c><1></c>,nii
175.459,175.659,-1,0,<1></c><6>fo</c><3>nii</c><1></c>,fo
175.392,175.459,-1,0,<1></c><3>fonii</c><1></c>,fonii
174.925,175.292,-1,0,<1></c><2>fo</c><6>nii</c><1></c>,nii
174.758,174.925,-1,0,<1></c><6>fo</c><3>nii</c><1></c>,fo
174.691,174.758,-1,0,<1></c><3>fonii</c><1></c>,fonii
156.64,157.107,-1,0,<1></c><2>fo</c><6>nii</c><1></c>,nii
156.44,156.64,-1,0,<1></c><6>fo</c><3>nii</c><1></c>,fo
155.939,156.44,-1,0,<1></c><3>fonii</c><1></c>,nii
155.672,155.939,-1,0,<1></c><6>fo</c><3>nii</c><1></c>,fo
155.205,155.672,-1,0,<1></c><3>fonii</c><1></c>,nii
154.972,155.205,-1,0,<1></c><6>fo</c><3>nii</c><1></c>,fo
154.938,154.972,-1,0,<1></c><3>fonii</c><1></c>,fonii
77.528,77.895,-1,0,<1></c><2>fo</c><6>nii</c><1></c>,nii
77.327,77.528,-1,0,<1></c><6>fo</c><3>nii</c><1></c>,fo
76.86,77.327,-1,0,<1></c><3>fonii</c><1></c>,nii
76.66,76.86,-1,0,<1></c><6>fo</c><3>nii</c><1></c>,fo
76.593,76.66,-1,0,<1></c><3>fonii</c><1></c>,fonii
76.126,76.493,-1,0,<1></c><2>fo</c><6>nii</c><1></c>,nii
75.926,76.126,-1,0,<1></c><6>fo</c><3>nii</c><1></c>,fo
75.893,75.926,-1,0,<1></c><3>fonii</c><1></c>,fonii
100.984,101.518,59,0,<1></c><2>ironomegaanataotoitei</c><6>ru</c><1></c>,ru
100.818,100.984,61,0,<1></c><2>ironomegaanataotoite</c><6>i</c><3>ru</c><1></c>,i
100.651,100.818,61,0,<1></c><2>ironomegaanataotoi</c><6>te</c><3>iru</c><1></c>,te
100.451,100.651,61,0,<1></c><2>ironomegaanataoto</c><6>i</c><3>teiru</c><1></c>,i
100.117,100.451,61,0,<1></c><2>ironomegaanatao</c><6>to</c><3>iteiru</c><1></c>,to
99.95,100.117,61,0,<1></c><2>ironomegaanata</c><6>o</c><3>toiteiru</c><1></c>,o
99.783,99.95,61,0,<1></c><2>ironomegaana</c><6>ta</c><3>otoiteiru</c><1></c>,ta
99.583,99.783,61,0,<1></c><2>ironomegaa</c><6>na</c><3>taotoiteiru</c><1></c>,na
99.516,99.583,61,0,<1></c><2>ironomega</c><6>a</c><3>nataotoiteiru</c><1></c>,a
99.416,99.516,61,0,<1></c><2>ironome</c><6>ga</c><3>anataotoiteiru</c><1></c>,ga
99.249,99.416,61,0,<1></c><2>irono</c><6>me</c><3>gaanataotoiteiru</c><1></c>,me
99.083,99.249,61,0,<1></c><2>iro</c><6>no</c><3>megaanataotoiteiru</c><1></c>,no
98.882,99.083,61,0,<1></c><2>i</c><6>ro</c><3>nomegaanataotoiteiru</c><1></c>,ro
98.715,98.882,59,0,<1></c><6>i</c><3>ronomegaanataotoiteiru</c><1></c>,i
98.615,98.715,59,0,<1></c><3>ironomegaanataotoiteiru</c><1></c>,ironomegaanataotoiteiru
41.692,42.026,73,0,<1></c><2>itsushikakotonohawatounikarekit</c><6>te</c><1></c>,te
41.358,41.692,75,0,<1></c><2>itsushikakotonohawatounikare</c><6>kit</c><3>te</c><1></c>,kit
41.191,41.358,75,0,<1></c><2>itsushikakotonohawatounika</c><6>re</c><3>kitte</c><1></c>,re
40.824,41.191,75,0,<1></c><2>itsushikakotonohawatouni</c><6>ka</c><3>rekitte</c><1></c>,ka
40.624,40.824,75,0,<1></c><2>itsushikakotonohawatou</c><6>ni</c><3>karekitte</c><1></c>,ni
40.29,40.624,75,0,<1></c><2>itsushikakotonohawa</c><6>tou</c><3>nikarekitte</c><1></c>,tou
40.124,40.29,75,0,<1></c><2>itsushikakotonoha</c><6>wa</c><3>tounikarekitte</c><1></c>,wa
39.957,40.124,75,0,<1></c><2>itsushikakotono</c><6>ha</c><3>watounikarekitte</c><1></c>,ha
39.79,39.957,75,0,<1></c><2>itsushikakoto</c><6>no</c><3>hawatounikarekitte</c><1></c>,no
39.59,39.79,75,0,<1></c><2>itsushikako</c><6>to</c><3>nohawatounikarekitte</c><1></c>,to
39.423,39.59,75,0,<1></c><2>itsushika</c><6>ko</c><3>tonohawatounikarekitte</c><1></c>,ko
39.223,39.423,75,0,<1></c><2>itsushi</c><6>ka</c><3>kotonohawatounikarekitte</c><1></c>,ka
39.056,39.223,75,0,<1></c><2>itsu</c><6>shi</c><3>kakotonohawatounikarekitte</c><1></c>,shi
38.856,39.056,75,0,<1></c><2>i</c><6>tsu</c><3>shikakotonohawatounikarekitte</c><1></c>,tsu
38.689,38.856,73,0,<1></c><6>i</c><3>tsushikakotonohawatounikarekitte</c><1></c>,i
98.148,98.449,75,0,<1></c><2>itsushikasoranonegaiyaninariat</c><6>te</c><1></c>,te
97.815,98.148,77,0,<1></c><2>itsushikasoranonegaiyaninari</c><6>at</c><3>te</c><1></c>,at
97.648,97.815,77,0,<1></c><2>itsushikasoranonegaiyanina</c><6>ri</c><3>atte</c><1></c>,ri
97.281,97.648,77,0,<1></c><2>itsushikasoranonegaiyani</c><6>na</c><3>riatte</c><1></c>,na
97.114,97.281,77,0,<1></c><2>itsushikasoranonegaiya</c><6>ni</c><3>nariatte</c><1></c>,ni
96.947,97.114,77,0,<1></c><2>itsushikasoranonegai</c><6>ya</c><3>ninariatte</c><1></c>,ya
96.78,96.947,77,0,<1></c><2>itsushikasoranonega</c><6>i</c><3>yaninariatte</c><1></c>,i
96.58,96.78,77,0,<1></c><2>itsushikasoranone</c><6>ga</c><3>iyaninariatte</c><1></c>,ga
96.413,96.58,77,0,<1></c><2>itsushikasorano</c><6>ne</c><3>gaiyaninariatte</c><1></c>,ne
96.246,96.413,77,0,<1></c><2>itsushikasora</c><6>no</c><3>negaiyaninariatte</c><1></c>,no
96.08,96.246,77,0,<1></c><2>itsushikaso</c><6>ra</c><3>nonegaiyaninariatte</c><1></c>,ra
95.879,96.08,77,0,<1></c><2>itsushika</c><6>so</c><3>ranonegaiyaninariatte</c><1></c>,so
95.679,95.879,77,0,<1></c><2>itsushi</c><6>ka</c><3>soranonegaiyaninariatte</c><1></c>,ka
95.512,95.679,77,0,<1></c><2>itsu</c><6>shi</c><3>kasoranonegaiyaninariatte</c><1></c>,shi
95.345,95.512,77,0,<1></c><2>i</c><6>tsu</c><3>shikasoranonegaiyaninariatte</c><1></c>,tsu
95.112,95.345,75,0,<1></c><6>i</c><3>tsushikasoranonegaiyaninariatte</c><1></c>,i
47.364,47.498,59,0,<1></c><2>kagaminiutsuriusooegai</c><6>te</c><1></c>,te
47.197,47.364,61,0,<1></c><2>kagaminiutsuriusooega</c><6>i</c><3>te</c><1></c>,i
47.031,47.197,61,0,<1></c><2>kagaminiutsuriusooe</c><6>ga</c><3>ite</c><1></c>,ga
46.797,47.031,61,0,<1></c><2>kagaminiutsuriusoo</c><6>e</c><3>gaite</c><1></c>,e
46.663,46.797,61,0,<1></c><2>kagaminiutsuriuso</c><6>o</c><3>egaite</c><1></c>,o
46.43,46.663,61,0,<1></c><2>kagaminiutsuriu</c><6>so</c><3>oegaite</c><1></c>,so
46.296,46.43,61,0,<1></c><2>kagaminiutsuri</c><6>u</c><3>sooegaite</c><1></c>,u
46.13,46.296,61,0,<1></c><2>kagaminiutsu</c><6>ri</c><3>usooegaite</c><1></c>,ri
45.963,46.13,61,0,<1></c><2>kagaminiu</c><6>tsu</c><3>riusooegaite</c><1></c>,tsu
45.796,45.963,61,0,<1></c><2>kagamini</c><6>u</c><3>tsuriusooegaite</c><1></c>,u
45.596,45.796,61,0,<1></c><2>kagami</c><6>ni</c><3>utsuriusooegaite</c><1></c>,ni
45.429,45.596,61,0,<1></c><2>kaga</c><6>mi</c><3>niutsuriusooegaite</c><1></c>,mi
45.229,45.429,61,0,<1></c><2>ka</c><6>ga</c><3>miniutsuriusooegaite</c><1></c>,ga
45.095,45.229,59,0,<1></c><6>ka</c><3>gaminiutsuriusooegaite</c><1></c>,ka
103.787,104.021,63,0,<1></c><2>kagaminiutsuruatashiokai</c><6>te</c><1></c>,te
103.42,103.787,64,0,<1></c><2>kagaminiutsuruatashio</c><6>kai</c><3>te</c><1></c>,kai
103.287,103.42,64,0,<1></c><2>kagaminiutsuruatashi</c><6>o</c><3>kaite</c><1></c>,o
103.187,103.287,64,0,<1></c><2>kagaminiutsuruata</c><6>shi</c><3>okaite</c><1></c>,shi
102.953,103.187,64,0,<1></c><2>kagaminiutsurua</c><6>ta</c><3>shiokaite</c><1></c>,ta
102.753,102.953,64,0,<1></c><2>kagaminiutsuru</c><6>a</c><3>tashiokaite</c><1></c>,a
102.553,102.753,64,0,<1></c><2>kagaminiutsu</c><6>ru</c><3>atashiokaite</c><1></c>,ru
102.386,102.553,64,0,<1></c><2>kagaminiu</c><6>tsu</c><3>ruatashiokaite</c><1></c>,tsu
102.219,102.386,64,0,<1></c><2>kagamini</c><6>u</c><3>tsuruatashiokaite</c><1></c>,u
102.052,102.219,64,0,<1></c><2>kagami</c><6>ni</c><3>utsuruatashiokaite</c><1></c>,ni
101.885,102.052,64,0,<1></c><2>kaga</c><6>mi</c><3>niutsuruatashiokaite</c><1></c>,mi
101.685,101.885,64,0,<1></c><2>ka</c><6>ga</c><3>miniutsuruatashiokaite</c><1></c>,ga
101.518,101.685,63,0,<1></c><6>ka</c><3>gaminiutsuruatashiokaite</c><1></c>,ka
163.113,163.247,61,0,<1></c><2>kantannakotomowakaranai</c><6>wa</c><1></c>,wa
162.946,163.113,63,0,<1></c><2>kantannakotomowakarana</c><6>i</c><3>wa</c><1></c>,i
162.779,162.946,63,0,<1></c><2>kantannakotomowakara</c><6>na</c><3>iwa</c><1></c>,na
162.613,162.779,63,0,<1></c><2>kantannakotomowaka</c><6>ra</c><3>naiwa</c><1></c>,ra
162.412,162.613,63,0,<1></c><2>kantannakotomowa</c><6>ka</c><3>ranaiwa</c><1></c>,ka
162.246,162.412,63,0,<1></c><2>kantannakotomo</c><6>wa</c><3>karanaiwa</c><1></c>,wa
162.079,162.246,63,0,<1></c><2>kantannakoto</c><6>mo</c><3>wakaranaiwa</c><1></c>,mo
161.879,162.079,63,0,<1></c><2>kantannako</c><6>to</c><3>mowakaranaiwa</c><1></c>,to
161.678,161.879,63,0,<1></c><2>kantanna</c><6>ko</c><3>tomowakaranaiwa</c><1></c>,ko
161.345,161.678,63,0,<1></c><2>kantan</c><6>na</c><3>kotomowakaranaiwa</c><1></c>,na
161.011,161.345,63,0,<1></c><2>kan</c><6>tan</c><3>nakotomowakaranaiwa</c><1></c>,tan
160.611,161.011,61,0,<1></c><6>kan</c><3>tannakotomowakaranaiwa</c><1></c>,kan
64.248,64.615,61,0,<1></c><2>kantannakotomowakaranai</c><6>wa</c><1></c>,wa
64.114,64.248,63,0,<1></c><2>kantannakotomowakarana</c><6>i</c><3>wa</c><1></c>,i
63.914,64.114,63,0,<1></c><2>kantannakotomowakara</c><6>na</c><3>iwa</c><1></c>,na
63.747,63.914,63,0,<1></c><2>kantannakotomowaka</c><6>ra</c><3>naiwa</c><1></c>,ra
63.547,63.747,63,0,<1></c><2>kantannakotomowa</c><6>ka</c><3>ranaiwa</c><1></c>,ka
63.38,63.547,63,0,<1></c><2>kantannakotomo</c><6>wa</c><3>karanaiwa</c><1></c>,wa
63.213,63.38,63,0,<1></c><2>kantannakoto</c><6>mo</c><3>wakaranaiwa</c><1></c>,mo
63.047,63.213,63,0,<1></c><2>kantannako</c><6>to</c><3>mowakaranaiwa</c><1></c>,to
62.846,63.047,63,0,<1></c><2>kantanna</c><6>ko</c><3>tomowakaranaiwa</c><1></c>,ko
62.479,62.846,63,0,<1></c><2>kantan</c><6>na</c><3>kotomowakaranaiwa</c><1></c>,na
62.179,62.479,63,0,<1></c><2>kan</c><6>tan</c><3>nakotomowakaranaiwa</c><1></c>,tan
61.779,62.179,61,0,<1></c><6>kan</c><3>tannakotomowakaranaiwa</c><1></c>,kan
5.656,6.023,84,0,<1></c><2>konoyodezoukayorikireinahanawanai</c><6>wa</c><1></c>,wa
5.522,5.656,86,0,<1></c><2>konoyodezoukayorikireinahanawana</c><6>i</c><3>wa</c><1></c>,i
5.356,5.522,86,0,<1></c><2>konoyodezoukayorikireinahanawa</c><6>na</c><3>iwa</c><1></c>,na
5.189,5.356,86,0,<1></c><2>konoyodezoukayorikireinahana</c><6>wa</c><3>naiwa</c><1></c>,wa
4.989,5.189,86,0,<1></c><2>konoyodezoukayorikireinaha</c><6>na</c><3>wanaiwa</c><1></c>,na
4.655,4.989,86,0,<1></c><2>konoyodezoukayorikireina</c><6>ha</c><3>nawanaiwa</c><1></c>,ha
4.288,4.655,86,0,<1></c><2>konoyodezoukayorikirei</c><6>na</c><3>hanawanaiwa</c><1></c>,na
3.921,4.288,86,0,<1></c><2>konoyodezoukayorikire</c><6>i</c><3>nahanawanaiwa</c><1></c>,i
3.587,3.921,86,0,<1></c><2>konoyodezoukayoriki</c><6>re</c><3>inahanawanaiwa</c><1></c>,re
3.187,3.587,86,0,<1></c><2>konoyodezoukayori</c><6>ki</c><3>reinahanawanaiwa</c><1></c>,ki
2.853,3.187,86,0,<1></c><2>konoyodezoukayo</c><6>ri</c><3>kireinahanawanaiwa</c><1></c>,ri
2.686,2.853,86,0,<1></c><2>konoyodezouka</c><6>yo</c><3>rikireinahanawanaiwa</c><1></c>,yo
2.519,2.686,86,0,<1></c><2>konoyodezou</c><6>ka</c><3>yorikireinahanawanaiwa</c><1></c>,ka
2.186,2.519,86,0,<1></c><2>konoyode</c><6>zou</c><3>kayorikireinahanawanaiwa</c><1></c>,zou
2.019,2.186,86,0,<1></c><2>konoyo</c><6>de</c><3>zoukayorikireinahanawanaiwa</c><1></c>,de
1.752,2.019,86,0,<1></c><2>kono</c><6>yo</c><3>dezoukayorikireinahanawanaiwa</c><1></c>,yo
1.485,1.752,86,0,<1></c><2>ko</c><6>no</c><3>yodezoukayorikireinahanawanaiwa</c><1></c>,no
1.051,1.485,84,0,<1></c><6>ko</c><3>noyodezoukayorikireinahanawanaiwa</c><1></c>,ko
44.561,44.795,64,0,<1></c><2>kotonomigaatashiniuretei</c><6>ru</c><1></c>,ru
44.361,44.561,66,0,<1></c><2>kotonomigaatashiniurete</c><6>i</c><3>ru</c><1></c>,i
44.161,44.361,66,0,<1></c><2>kotonomigaatashiniure</c><6>te</c><3>iru</c><1></c>,te
43.994,44.161,66,0,<1></c><2>kotonomigaatashiniu</c><6>re</c><3>teiru</c><1></c>,re
43.66,43.994,66,0,<1></c><2>kotonomigaatashini</c><6>u</c><3>reteiru</c><1></c>,u
43.494,43.66,66,0,<1></c><2>kotonomigaatashi</c><6>ni</c><3>ureteiru</c><1></c>,ni
43.26,43.494,66,0,<1></c><2>kotonomigaata</c><6>shi</c><3>niureteiru</c><1></c>,shi
43.127,43.26,66,0,<1></c><2>kotonomigaa</c><6>ta</c><3>shiniureteiru</c><1></c>,ta
43.06,43.127,66,0,<1></c><2>kotonomiga</c><6>a</c><3>tashiniureteiru</c><1></c>,a
42.96,43.06,66,0,<1></c><2>kotonomi</c><6>ga</c><3>atashiniureteiru</c><1></c>,ga
42.76,42.96,66,0,<1></c><2>kotono</c><6>mi</c><3>gaatashiniureteiru</c><1></c>,mi
42.593,42.76,66,0,<1></c><2>koto</c><6>no</c><3>migaatashiniureteiru</c><1></c>,no
42.426,42.593,66,0,<1></c><2>ko</c><6>to</c><3>nomigaatashiniureteiru</c><1></c>,to
42.192,42.426,64,0,<1></c><6>ko</c><3>tonomigaatashiniureteiru</c><1></c>,ko
117.067,117.301,92,0,<1></c><2>kyoumooyoideiruyorunodenshagatoorisattei</c><6>ku</c><1></c>,ku
116.7,117.067,94,0,<1></c><2>kyoumooyoideiruyorunodenshagatoorisat</c><6>tei</c><3>ku</c><1></c>,tei
116.366,116.7,94,0,<1></c><2>kyoumooyoideiruyorunodenshagatoori</c><6>sat</c><3>teiku</c><1></c>,sat
116.2,116.366,94,0,<1></c><2>kyoumooyoideiruyorunodenshagatoo</c><6>ri</c><3>satteiku</c><1></c>,ri
116.033,116.2,94,0,<1></c><2>kyoumooyoideiruyorunodenshagato</c><6>o</c><3>risatteiku</c><1></c>,o
115.833,116.033,94,0,<1></c><2>kyoumooyoideiruyorunodenshaga</c><6>to</c><3>orisatteiku</c><1></c>,to
115.666,115.833,94,0,<1></c><2>kyoumooyoideiruyorunodensha</c><6>ga</c><3>toorisatteiku</c><1></c>,ga
115.432,115.666,94,0,<1></c><2>kyoumooyoideiruyorunoden</c><6>sha</c><3>gatoorisatteiku</c><1></c>,sha
115.299,115.432,94,0,<1></c><2>kyoumooyoideiruyorunode</c><6>n</c><3>shagatoorisatteiku</c><1></c>,n
115.132,115.299,94,0,<1></c><2>kyoumooyoideiruyoruno</c><6>de</c><3>nshagatoorisatteiku</c><1></c>,de
114.965,115.132,94,0,<1></c><2>kyoumooyoideiruyoru</c><6>no</c><3>denshagatoorisatteiku</c><1></c>,no
114.798,114.965,94,0,<1></c><2>kyoumooyoideiruyo</c><6>ru</c><3>nodenshagatoorisatteiku</c><1></c>,ru
114.598,114.798,94,0,<1></c><2>kyoumooyoideiru</c><6>yo</c><3>runodenshagatoorisatteiku</c><1></c>,yo
114.231,114.598,94,0,<1></c><2>kyoumooyoidei</c><6>ru</c><3>yorunodenshagatoorisatteiku</c><1></c>,ru
113.997,114.231,94,0,<1></c><2>kyoumooyoi</c><6>dei</c><3>ruyorunodenshagatoorisatteiku</c><1></c>,dei
113.664,113.997,94,0,<1></c><2>kyoumoo</c><6>yoi</c><3>deiruyorunodenshagatoorisatteiku</c><1></c>,yoi
113.53,113.664,94,0,<1></c><2>kyoumo</c><6>o</c><3>yoideiruyorunodenshagatoorisatteiku</c><1></c>,o
112.996,113.53,94,0,<1></c><2>kyou</c><6>mo</c><3>oyoideiruyorunodenshagatoorisatteiku</c><1></c>,mo
112.663,112.996,92,0,<1></c><6>kyou</c><3>mooyoideiruyorunodenshagatoorisatteiku</c><1></c>,kyou
112.563,112.663,92,0,<1></c><3>kyoumooyoideiruyorunodenshagatoorisatteiku</c><1></c>,kyoumooyoideiruyorunodenshagatoorisatteiku
50.167,50.534,58,0,<1></c><2>mizukaraomiushinattamei</c><6>ku</c><1></c>,ku
49.833,50.167,59,0,<1></c><2>mizukaraomiushinatta</c><6>mei</c><3>ku</c><1></c>,mei
49.666,49.833,59,0,<1></c><2>mizukaraomiushinat</c><6>ta</c><3>meiku</c><1></c>,ta
49.299,49.666,59,0,<1></c><2>mizukaraomiushi</c><6>nat</c><3>tameiku</c><1></c>,nat
49.099,49.299,59,0,<1></c><2>mizukaraomiu</c><6>shi</c><3>nattameiku</c><1></c>,shi
48.966,49.099,59,0,<1></c><2>mizukaraomi</c><6>u</c><3>shinattameiku</c><1></c>,u
48.766,48.966,59,0,<1></c><2>mizukarao</c><6>mi</c><3>ushinattameiku</c><1></c>,mi
48.632,48.766,59,0,<1></c><2>mizukara</c><6>o</c><3>miushinattameiku</c><1></c>,o
48.432,48.632,59,0,<1></c><2>mizuka</c><6>ra</c><3>omiushinattameiku</c><1></c>,ra
48.232,48.432,59,0,<1></c><2>mizu</c><6>ka</c><3>raomiushinattameiku</c><1></c>,ka
48.065,48.232,59,0,<1></c><2>mi</c><6>zu</c><3>karaomiushinattameiku</c><1></c>,zu
47.865,48.065,58,0,<1></c><6>mi</c><3>zukaraomiushinattameiku</c><1></c>,mi
9.96,10.094,73,0,<1></c><2>nazenarabasubetewausodedekitei</c><6>ru</c><1></c>,ru
9.76,9.96,75,0,<1></c><2>nazenarabasubetewausodedekite</c><6>i</c><3>ru</c><1></c>,i
9.593,9.76,75,0,<1></c><2>nazenarabasubetewausodedeki</c><6>te</c><3>iru</c><1></c>,te
9.226,9.593,75,0,<1></c><2>nazenarabasubetewausodede</c><6>ki</c><3>teiru</c><1></c>,ki
8.859,9.226,75,0,<1></c><2>nazenarabasubetewausode</c><6>de</c><3>kiteiru</c><1></c>,de
8.559,8.859,75,0,<1></c><2>nazenarabasubetewauso</c><6>de</c><3>dekiteiru</c><1></c>,de
8.359,8.559,75,0,<1></c><2>nazenarabasubetewau</c><6>so</c><3>dedekiteiru</c><1></c>,so
8.158,8.359,75,0,<1></c><2>nazenarabasubetewa</c><6>u</c><3>sodedekiteiru</c><1></c>,u
7.825,8.158,75,0,<1></c><2>nazenarabasubete</c><6>wa</c><3>usodedekiteiru</c><1></c>,wa
7.658,7.825,75,0,<1></c><2>nazenarabasube</c><6>te</c><3>wausodedekiteiru</c><1></c>,te
7.458,7.658,75,0,<1></c><2>nazenarabasu</c><6>be</c><3>tewausodedekiteiru</c><1></c>,be
7.124,7.458,75,0,<1></c><2>nazenaraba</c><6>su</c><3>betewausodedekiteiru</c><1></c>,su
6.957,7.124,75,0,<1></c><2>nazenara</c><6>ba</c><3>subetewausodedekiteiru</c><1></c>,ba
6.79,6.957,75,0,<1></c><2>nazena</c><6>ra</c><3>basubetewausodedekiteiru</c><1></c>,ra
6.59,6.79,75,0,<1></c><2>naze</c><6>na</c><3>rabasubetewausodedekiteiru</c><1></c>,na
6.423,6.59,75,0,<1></c><2>na</c><6>ze</c><3>narabasubetewausodedekiteiru</c><1></c>,ze
6.223,6.423,73,0,<1></c><6>na</c><3>zenarabasubetewausodedekiteiru</c><1></c>,na
61.445,61.779,67,0,<1></c><2>nazenazekokodeodotteirude</c><6>shou</c><1></c>,shou
61.311,61.445,69,0,<1></c><2>nazenazekokodeodotteiru</c><6>de</c><3>shou</c><1></c>,de
61.111,61.311,69,0,<1></c><2>nazenazekokodeodottei</c><6>ru</c><3>deshou</c><1></c>,ru
60.944,61.111,69,0,<1></c><2>nazenazekokodeodot</c><6>tei</c><3>rudeshou</c><1></c>,tei
60.577,60.944,69,0,<1></c><2>nazenazekokodeo</c><6>dot</c><3>teirudeshou</c><1></c>,dot
60.411,60.577,69,0,<1></c><2>nazenazekokode</c><6>o</c><3>dotteirudeshou</c><1></c>,o
60.044,60.411,69,0,<1></c><2>nazenazekoko</c><6>de</c><3>odotteirudeshou</c><1></c>,de
59.877,60.044,69,0,<1></c><2>nazenazeko</c><6>ko</c><3>deodotteirudeshou</c><1></c>,ko
59.71,59.877,69,0,<1></c><2>nazenaze</c><6>ko</c><3>kodeodotteirudeshou</c><1></c>,ko
59.343,59.71,69,0,<1></c><2>nazena</c><6>ze</c><3>kokodeodotteirudeshou</c><1></c>,ze
58.976,59.343,69,0,<1></c><2>naze</c><6>na</c><3>zekokodeodotteirudeshou</c><1></c>,na
58.642,58.976,69,0,<1></c><2>na</c><6>ze</c><3>nazekokodeodotteirudeshou</c><1></c>,ze
58.275,58.642,67,0,<1></c><6>na</c><3>zenazekokodeodotteirudeshou</c><1></c>,na
58.208,58.275,67,0,<1></c><3>nazenazekokodeodotteirudeshou</c><1></c>,nazenazekokodeodotteirudeshou
129.213,129.88,66,0,<1></c><2>nazenazekokogaitamunode</c><6>shou</c><1></c>,shou
129.079,129.213,67,0,<1></c><2>nazenazekokogaitamuno</c><6>de</c><3>shou</c><1></c>,de
128.879,129.079,67,0,<1></c><2>nazenazekokogaitamu</c><6>no</c><3>deshou</c><1></c>,no
128.679,128.879,67,0,<1></c><2>nazenazekokogaita</c><6>mu</c><3>nodeshou</c><1></c>,mu
128.345,128.679,67,0,<1></c><2>nazenazekokogai</c><6>ta</c><3>munodeshou</c><1></c>,ta
128.145,128.345,67,0,<1></c><2>nazenazekokoga</c><6>i</c><3>tamunodeshou</c><1></c>,i
127.845,128.145,67,0,<1></c><2>nazenazekoko</c><6>ga</c><3>itamunodeshou</c><1></c>,ga
127.644,127.845,67,0,<1></c><2>nazenazeko</c><6>ko</c><3>gaitamunodeshou</c><1></c>,ko
127.444,127.644,67,0,<1></c><2>nazenaze</c><6>ko</c><3>kogaitamunodeshou</c><1></c>,ko
127.111,127.444,67,0,<1></c><2>nazena</c><6>ze</c><3>kokogaitamunodeshou</c><1></c>,ze
126.743,127.111,67,0,<1></c><2>naze</c><6>na</c><3>zekokogaitamunodeshou</c><1></c>,na
126.41,126.743,67,0,<1></c><2>na</c><6>ze</c><3>nazekokogaitamunodeshou</c><1></c>,ze
126.076,126.41,66,0,<1></c><6>na</c><3>zenazekokogaitamunodeshou</c><1></c>,na
126.009,126.076,66,0,<1></c><3>nazenazekokogaitamunodeshou</c><1></c>,nazenazekokogaitamunodeshou
123.54,123.907,59,0,<1></c><2>nazonazodamashiteutaima</c><6>shou</c><1></c>,shou
123.373,123.54,61,0,<1></c><2>nazonazodamashiteutai</c><6>ma</c><3>shou</c><1></c>,ma
123.24,123.373,61,0,<1></c><2>nazonazodamashiteuta</c><6>i</c><3>mashou</c><1></c>,i
123.006,123.24,61,0,<1></c><2>nazonazodamashiteu</c><6>ta</c><3>imashou</c><1></c>,ta
122.673,123.006,61,0,<1></c><2>nazonazodamashite</c><6>u</c><3>taimashou</c><1></c>,u
122.506,122.673,61,0,<1></c><2>nazonazodamashi</c><6>te</c><3>utaimashou</c><1></c>,te
122.139,122.506,61,0,<1></c><2>nazonazodama</c><6>shi</c><3>teutaimashou</c><1></c>,shi
121.972,122.139,61,0,<1></c><2>nazonazoda</c><6>ma</c><3>shiteutaimashou</c><1></c>,ma
121.805,121.972,61,0,<1></c><2>nazonazo</c><6>da</c><3>mashiteutaimashou</c><1></c>,da
121.405,121.805,61,0,<1></c><2>nazona</c><6>zo</c><3>damashiteutaimashou</c><1></c>,zo
121.071,121.405,61,0,<1></c><2>nazo</c><6>na</c><3>zodamashiteutaimashou</c><1></c>,na
120.737,121.071,61,0,<1></c><2>na</c><6>zo</c><3>nazodamashiteutaimashou</c><1></c>,zo
120.404,120.737,59,0,<1></c><6>na</c><3>zonazodamashiteutaimashou</c><1></c>,na
120.337,120.404,59,0,<1></c><3>nazonazodamashiteutaimashou</c><1></c>,nazonazodamashiteutaimashou
55.773,56.14,58,0,<1></c><2>nazonazokazoeteasobima</c><6>shou</c><1></c>,shou
55.639,55.773,59,0,<1></c><2>nazonazokazoeteasobi</c><6>ma</c><3>shou</c><1></c>,ma
55.439,55.639,59,0,<1></c><2>nazonazokazoeteaso</c><6>bi</c><3>mashou</c><1></c>,bi
55.239,55.439,59,0,<1></c><2>nazonazokazoetea</c><6>so</c><3>bimashou</c><1></c>,so
54.938,55.239,59,0,<1></c><2>nazonazokazoete</c><6>a</c><3>sobimashou</c><1></c>,a
54.738,54.938,59,0,<1></c><2>nazonazokazoe</c><6>te</c><3>asobimashou</c><1></c>,te
54.371,54.738,59,0,<1></c><2>nazonazokazo</c><6>e</c><3>teasobimashou</c><1></c>,e
54.204,54.371,59,0,<1></c><2>nazonazoka</c><6>zo</c><3>eteasobimashou</c><1></c>,zo
54.038,54.204,59,0,<1></c><2>nazonazo</c><6>ka</c><3>zoeteasobimashou</c><1></c>,ka
53.67,54.038,59,0,<1></c><2>nazona</c><6>zo</c><3>kazoeteasobimashou</c><1></c>,zo
53.303,53.67,59,0,<1></c><2>nazo</c><6>na</c><3>zokazoeteasobimashou</c><1></c>,na
52.97,53.303,59,0,<1></c><2>na</c><6>zo</c><3>nazokazoeteasobimashou</c><1></c>,zo
52.536,52.97,58,0,<1></c><6>na</c><3>zonazokazoeteasobimashou</c><1></c>,na
118.502,118.602,-1,0,<1></c><2>odoriakase</c><6>yo</c><1></c>,yo
118.268,118.502,-1,0,<1></c><2>odoriaka</c><6>se</c><3>yo</c><1></c>,se
118.102,118.268,-1,0,<1></c><2>odoria</c><6>ka</c><3>seyo</c><1></c>,ka
117.935,118.102,-1,0,<1></c><2>odori</c><6>a</c><3>kaseyo</c><1></c>,a
117.768,117.935,-1,0,<1></c><2>odo</c><6>ri</c><3>akaseyo</c><1></c>,ri
117.568,117.768,-1,0,<1></c><2>o</c><6>do</c><3>riakaseyo</c><1></c>,do
117.401,117.568,-1,0,<1></c><6>o</c><3>doriakaseyo</c><1></c>,o
117.301,117.401,-1,0,<1></c><3>odoriakaseyo</c><1></c>,odoriakaseyo
143.36,143.694,61,0,<1></c><2>sanzannahibiwakawaranai</c><6>wa</c><1></c>,wa
143.193,143.36,63,0,<1></c><2>sanzannahibiwakawarana</c><6>i</c><3>wa</c><1></c>,i
142.993,143.193,63,0,<1></c><2>sanzannahibiwakawara</c><6>na</c><3>iwa</c><1></c>,na
142.86,142.993,63,0,<1></c><2>sanzannahibiwakawa</c><6>ra</c><3>naiwa</c><1></c>,ra
142.659,142.86,63,0,<1></c><2>sanzannahibiwaka</c><6>wa</c><3>ranaiwa</c><1></c>,wa
142.459,142.659,63,0,<1></c><2>sanzannahibiwa</c><6>ka</c><3>waranaiwa</c><1></c>,ka
142.292,142.459,63,0,<1></c><2>sanzannahibi</c><6>wa</c><3>kawaranaiwa</c><1></c>,wa
142.126,142.292,63,0,<1></c><2>sanzannahi</c><6>bi</c><3>wakawaranaiwa</c><1></c>,bi
141.925,142.126,63,0,<1></c><2>sanzanna</c><6>hi</c><3>biwakawaranaiwa</c><1></c>,hi
141.592,141.925,63,0,<1></c><2>sanzan</c><6>na</c><3>hibiwakawaranaiwa</c><1></c>,na
141.225,141.592,63,0,<1></c><2>san</c><6>zan</c><3>nahibiwakawaranaiwa</c><1></c>,zan
140.858,141.225,61,0,<1></c><6>san</c><3>zannahibiwakawaranaiwa</c><1></c>,san
174.391,174.591,63,0,<1></c><2>sayounaramatanetotsubuyai</c><6>ta</c><1></c>,ta
174.224,174.391,64,0,<1></c><2>sayounaramatanetotsubuya</c><6>i</c><3>ta</c><1></c>,i
174.024,174.224,64,0,<1></c><2>sayounaramatanetotsubu</c><6>ya</c><3>ita</c><1></c>,ya
173.857,174.024,64,0,<1></c><2>sayounaramatanetotsu</c><6>bu</c><3>yaita</c><1></c>,bu
173.69,173.857,64,0,<1></c><2>sayounaramataneto</c><6>tsu</c><3>buyaita</c><1></c>,tsu
173.524,173.69,64,0,<1></c><2>sayounaramatane</c><6>to</c><3>tsubuyaita</c><1></c>,to
173.323,173.524,64,0,<1></c><2>sayounaramata</c><6>ne</c><3>totsubuyaita</c><1></c>,ne
173.157,173.323,64,0,<1></c><2>sayounarama</c><6>ta</c><3>netotsubuyaita</c><1></c>,ta
172.99,173.157,64,0,<1></c><2>sayounara</c><6>ma</c><3>tanetotsubuyaita</c><1></c>,ma
172.656,172.99,64,0,<1></c><2>sayouna</c><6>ra</c><3>matanetotsubuyaita</c><1></c>,ra
172.289,172.656,64,0,<1></c><2>sayou</c><6>na</c><3>ramatanetotsubuyaita</c><1></c>,na
172.122,172.289,64,0,<1></c><2>sa</c><6>you</c><3>naramatanetotsubuyaita</c><1></c>,you
171.922,172.122,63,0,<1></c><6>sa</c><3>younaramatanetotsubuyaita</c><1></c>,sa
171.855,171.922,63,0,<1></c><3>sayounaramatanetotsubuyaita</c><1></c>,sayounaramatanetotsubuyaita
154.605,154.771,58,0,<1></c><2>sayounaramoienumamanai</c><6>ta</c><1></c>,ta
154.471,154.605,59,0,<1></c><2>sayounaramoienumamana</c><6>i</c><3>ta</c><1></c>,i
154.271,154.471,59,0,<1></c><2>sayounaramoienumama</c><6>na</c><3>ita</c><1></c>,na
154.104,154.271,59,0,<1></c><2>sayounaramoienuma</c><6>ma</c><3>naita</c><1></c>,ma
153.937,154.104,59,0,<1></c><2>sayounaramoienu</c><6>ma</c><3>manaita</c><1></c>,ma
153.737,153.937,59,0,<1></c><2>sayounaramoie</c><6>nu</c><3>mamanaita</c><1></c>,nu
153.57,153.737,59,0,<1></c><2>sayounaramoi</c><6>e</c><3>numamanaita</c><1></c>,e
153.403,153.57,59,0,<1></c><2>sayounaramo</c><6>i</c><3>enumamanaita</c><1></c>,i
153.203,153.403,59,0,<1></c><2>sayounara</c><6>mo</c><3>ienumamanaita</c><1></c>,mo
152.87,153.203,59,0,<1></c><2>sayouna</c><6>ra</c><3>moienumamanaita</c><1></c>,ra
152.503,152.87,59,0,<1></c><2>sayou</c><6>na</c><3>ramoienumamanaita</c><1></c>,na
152.302,152.503,59,0,<1></c><2>sa</c><6>you</c><3>naramoienumamanaita</c><1></c>,you
152.102,152.302,58,0,<1></c><6>sa</c><3>younaramoienumamanaita</c><1></c>,sa
75.559,75.793,58,0,<1></c><2>sayounaramoienumamanai</c><6>ta</c><1></c>,ta
75.426,75.559,59,0,<1></c><2>sayounaramoienumamana</c><6>i</c><3>ta</c><1></c>,i
75.225,75.426,59,0,<1></c><2>sayounaramoienumama</c><6>na</c><3>ita</c><1></c>,na
75.059,75.225,59,0,<1></c><2>sayounaramoienuma</c><6>ma</c><3>naita</c><1></c>,ma
74.892,75.059,59,0,<1></c><2>sayounaramoienu</c><6>ma</c><3>manaita</c><1></c>,ma
74.725,74.892,59,0,<1></c><2>sayounaramoie</c><6>nu</c><3>mamanaita</c><1></c>,nu
74.525,74.725,59,0,<1></c><2>sayounaramoi</c><6>e</c><3>numamanaita</c><1></c>,e
74.358,74.525,59,0,<1></c><2>sayounaramo</c><6>i</c><3>enumamanaita</c><1></c>,i
74.158,74.358,59,0,<1></c><2>sayounara</c><6>mo</c><3>ienumamanaita</c><1></c>,mo
73.824,74.158,59,0,<1></c><2>sayouna</c><6>ra</c><3>moienumamanaita</c><1></c>,ra
73.457,73.824,59,0,<1></c><2>sayou</c><6>na</c><3>ramoienumamanaita</c><1></c>,na
73.257,73.457,59,0,<1></c><2>sa</c><6>you</c><3>naramoienumamanaita</c><1></c>,you
73.057,73.257,58,0,<1></c><6>sa</c><3>younaramoienumamanaita</c><1></c>,sa
36.787,36.954,70,0,<1></c><2>shimerasumaegamitokokoronorime</c><6>n</c><1></c>,n
36.387,36.787,72,0,<1></c><2>shimerasumaegamitokokoronori</c><6>me</c><3>n</c><1></c>,me
36.02,36.387,72,0,<1></c><2>shimerasumaegamitokokorono</c><6>ri</c><3>men</c><1></c>,ri
35.686,36.02,72,0,<1></c><2>shimerasumaegamitokokoro</c><6>no</c><3>rimen</c><1></c>,no
35.352,35.686,72,0,<1></c><2>shimerasumaegamitokoko</c><6>ro</c><3>norimen</c><1></c>,ro
35.152,35.352,72,0,<1></c><2>shimerasumaegamitoko</c><6>ko</c><3>ronorimen</c><1></c>,ko
34.985,35.152,72,0,<1></c><2>shimerasumaegamito</c><6>ko</c><3>koronorimen</c><1></c>,ko
34.651,34.985,72,0,<1></c><2>shimerasumaegami</c><6>to</c><3>kokoronorimen</c><1></c>,to
34.485,34.651,72,0,<1></c><2>shimerasumaega</c><6>mi</c><3>tokokoronorimen</c><1></c>,mi
34.284,34.485,72,0,<1></c><2>shimerasumae</c><6>ga</c><3>mitokokoronorimen</c><1></c>,ga
33.951,34.284,72,0,<1></c><2>shimerasuma</c><6>e</c><3>gamitokokoronorimen</c><1></c>,e
33.784,33.951,72,0,<1></c><2>shimerasu</c><6>ma</c><3>egamitokokoronorimen</c><1></c>,ma
33.55,33.784,72,0,<1></c><2>shimera</c><6>su</c><3>maegamitokokoronorimen</c><1></c>,su
33.417,33.55,72,0,<1></c><2>shime</c><6>ra</c><3>sumaegamitokokoronorimen</c><1></c>,ra
33.217,33.417,72,0,<1></c><2>shi</c><6>me</c><3>rasumaegamitokokoronorimen</c><1></c>,me
32.983,33.217,70,0,<1></c><6>shi</c><3>merasumaegamitokokoronorimen</c><1></c>,shi
112.329,112.563,56,0,<1></c><2>soreohosshiteikiruno</c><6>da</c><1></c>,da
112.129,112.329,58,0,<1></c><2>soreohosshiteikiru</c><6>no</c><3>da</c><1></c>,no
111.962,112.129,58,0,<1></c><2>soreohosshiteiki</c><6>ru</c><3>noda</c><1></c>,ru
111.762,111.962,58,0,<1></c><2>soreohosshitei</c><6>ki</c><3>runoda</c><1></c>,ki
111.428,111.762,58,0,<1></c><2>soreohosshite</c><6>i</c><3>kirunoda</c><1></c>,i
111.261,111.428,58,0,<1></c><2>soreohosshi</c><6>te</c><3>ikirunoda</c><1></c>,te
111.028,111.261,58,0,<1></c><2>soreohos</c><6>shi</c><3>teikirunoda</c><1></c>,shi
110.727,111.028,58,0,<1></c><2>soreo</c><6>hos</c><3>shiteikirunoda</c><1></c>,hos
110.527,110.727,58,0,<1></c><2>sore</c><6>o</c><3>hosshiteikirunoda</c><1></c>,o
110.36,110.527,58,0,<1></c><2>so</c><6>re</c><3>ohosshiteikirunoda</c><1></c>,re
110.194,110.36,56,0,<1></c><6>so</c><3>reohosshiteikirunoda</c><1></c>,so
110.127,110.194,56,0,<1></c><3>soreohosshiteikirunoda</c><1></c>,soreohosshiteikirunoda
168.352,168.685,67,0,<1></c><2>soresurayorunotenihodasare</c><6>te</c><1></c>,te
168.218,168.352,69,0,<1></c><2>soresurayorunotenihodasa</c><6>re</c><3>te</c><1></c>,re
168.018,168.218,69,0,<1></c><2>soresurayorunotenihoda</c><6>sa</c><3>rete</c><1></c>,sa
167.851,168.018,69,0,<1></c><2>soresurayorunoteniho</c><6>da</c><3>sarete</c><1></c>,da
167.651,167.851,69,0,<1></c><2>soresurayorunoteni</c><6>ho</c><3>dasarete</c><1></c>,ho
167.317,167.651,69,0,<1></c><2>soresurayorunote</c><6>ni</c><3>hodasarete</c><1></c>,ni
167.151,167.317,69,0,<1></c><2>soresurayoruno</c><6>te</c><3>nihodasarete</c><1></c>,te
166.984,167.151,69,0,<1></c><2>soresurayoru</c><6>no</c><3>tenihodasarete</c><1></c>,no
166.817,166.984,69,0,<1></c><2>soresurayo</c><6>ru</c><3>notenihodasarete</c><1></c>,ru
166.617,166.817,69,0,<1></c><2>soresura</c><6>yo</c><3>runotenihodasarete</c><1></c>,yo
166.45,166.617,69,0,<1></c><2>soresu</c><6>ra</c><3>yorunotenihodasarete</c><1></c>,ra
166.283,166.45,69,0,<1></c><2>sore</c><6>su</c><3>rayorunotenihodasarete</c><1></c>,su
166.083,166.283,69,0,<1></c><2>so</c><6>re</c><3>surayorunotenihodasarete</c><1></c>,re
165.883,166.083,67,0,<1></c><6>so</c><3>resurayorunotenihodasarete</c><1></c>,so
165.716,165.883,67,0,<1></c><3>soresurayorunotenihodasarete</c><1></c>,soresurayorunotenihodasarete
69.553,69.887,67,0,<1></c><2>soresurayorunotenihodasare</c><6>te</c><1></c>,te
69.42,69.553,69,0,<1></c><2>soresurayorunotenihodasa</c><6>re</c><3>te</c><1></c>,re
69.219,69.42,69,0,<1></c><2>soresurayorunotenihoda</c><6>sa</c><3>rete</c><1></c>,sa
69.053,69.219,69,0,<1></c><2>soresurayorunoteniho</c><6>da</c><3>sarete</c><1></c>,da
68.852,69.053,69,0,<1></c><2>soresurayorunoteni</c><6>ho</c><3>dasarete</c><1></c>,ho
68.519,68.852,69,0,<1></c><2>soresurayorunote</c><6>ni</c><3>hodasarete</c><1></c>,ni
68.352,68.519,69,0,<1></c><2>soresurayoruno</c><6>te</c><3>nihodasarete</c><1></c>,te
68.185,68.352,69,0,<1></c><2>soresurayoru</c><6>no</c><3>tenihodasarete</c><1></c>,no
68.018,68.185,69,0,<1></c><2>soresurayo</c><6>ru</c><3>notenihodasarete</c><1></c>,ru
67.818,68.018,69,0,<1></c><2>soresura</c><6>yo</c><3>runotenihodasarete</c><1></c>,yo
67.651,67.818,69,0,<1></c><2>soresu</c><6>ra</c><3>yorunotenihodasarete</c><1></c>,ra
67.484,67.651,69,0,<1></c><2>sore</c><6>su</c><3>rayorunotenihodasarete</c><1></c>,su
67.284,67.484,69,0,<1></c><2>so</c><6>re</c><3>surayorunotenihodasarete</c><1></c>,re
67.084,67.284,67,0,<1></c><6>so</c><3>resurayorunotenihodasarete</c><1></c>,so
67.017,67.084,67,0,<1></c><3>soresurayorunotenihodasarete</c><1></c>,soresurayorunotenihodasarete
180.764,182.065,69,0,<1></c><2>usonikaramatteiruatashiwafo</c><6>nii</c><1></c>,nii
180.43,180.764,70,0,<1></c><2>usonikaramatteiruatashiwa</c><6>fo</c><3>nii</c><1></c>,fo
180.063,180.43,70,0,<1></c><2>usonikaramatteiruatashi</c><6>wa</c><3>fonii</c><1></c>,wa
179.696,180.063,70,0,<1></c><2>usonikaramatteiruata</c><6>shi</c><3>wafonii</c><1></c>,shi
179.363,179.696,70,0,<1></c><2>usonikaramatteirua</c><6>ta</c><3>shiwafonii</c><1></c>,ta
178.896,179.363,70,0,<1></c><2>usonikaramatteiru</c><6>a</c><3>tashiwafonii</c><1></c>,a
178.662,178.896,70,0,<1></c><2>usonikaramattei</c><6>ru</c><3>atashiwafonii</c><1></c>,ru
178.495,178.662,70,0,<1></c><2>usonikaramatte</c><6>i</c><3>ruatashiwafonii</c><1></c>,i
178.295,178.495,70,0,<1></c><2>usonikaramat</c><6>te</c><3>iruatashiwafonii</c><1></c>,te
177.961,178.295,70,0,<1></c><2>usonikara</c><6>mat</c><3>teiruatashiwafonii</c><1></c>,mat
177.794,177.961,70,0,<1></c><2>usonika</c><6>ra</c><3>matteiruatashiwafonii</c><1></c>,ra
177.594,177.794,70,0,<1></c><2>usoni</c><6>ka</c><3>ramatteiruatashiwafonii</c><1></c>,ka
177.427,177.594,70,0,<1></c><2>uso</c><6>ni</c><3>karamatteiruatashiwafonii</c><1></c>,ni
177.227,177.427,70,0,<1></c><2>u</c><6>so</c><3>nikaramatteiruatashiwafonii</c><1></c>,so
176.827,177.227,69,0,<1></c><6>u</c><3>sonikaramatteiruatashiwafonii</c><1></c>,u
81.932,83.3,69,0,<1></c><2>usonikaramatteiruatashiwafo</c><6>nii</c><1></c>,nii
81.532,81.932,70,0,<1></c><2>usonikaramatteiruatashiwa</c><6>fo</c><3>nii</c><1></c>,fo
81.198,81.532,70,0,<1></c><2>usonikaramatteiruatashi</c><6>wa</c><3>fonii</c><1></c>,wa
80.831,81.198,70,0,<1></c><2>usonikaramatteiruata</c><6>shi</c><3>wafonii</c><1></c>,shi
80.497,80.831,70,0,<1></c><2>usonikaramatteirua</c><6>ta</c><3>shiwafonii</c><1></c>,ta
80.064,80.497,70,0,<1></c><2>usonikaramatteiru</c><6>a</c><3>tashiwafonii</c><1></c>,a
79.797,80.064,70,0,<1></c><2>usonikaramattei</c><6>ru</c><3>atashiwafonii</c><1></c>,ru
79.63,79.797,70,0,<1></c><2>usonikaramatte</c><6>i</c><3>ruatashiwafonii</c><1></c>,i
79.43,79.63,70,0,<1></c><2>usonikaramat</c><6>te</c><3>iruatashiwafonii</c><1></c>,te
79.096,79.43,70,0,<1></c><2>usonikara</c><6>mat</c><3>teiruatashiwafonii</c><1></c>,mat
78.929,79.096,70,0,<1></c><2>usonika</c><6>ra</c><3>matteiruatashiwafonii</c><1></c>,ra
78.729,78.929,70,0,<1></c><2>usoni</c><6>ka</c><3>ramatteiruatashiwafonii</c><1></c>,ka
78.562,78.729,70,0,<1></c><2>uso</c><6>ni</c><3>karamatteiruatashiwafonii</c><1></c>,ni
78.362,78.562,70,0,<1></c><2>u</c><6>so</c><3>nikaramatteiruatashiwafonii</c><1></c>,so
77.995,78.362,69,0,<1></c><6>u</c><3>sonikaramatteiruatashiwafonii</c><1></c>,u
159.61,160.611,-1,0,<1></c><4>uso</c><2>nikaramatteiruta</c><6>da</c><1></c>,da
159.243,159.61,-1,0,<1></c><4>uso</c><2>nikaramatteiru</c><6>ta</c><3>da</c><1></c>,ta
158.876,159.243,-1,0,<1></c><4>uso</c><2>nikaramattei</c><6>ru</c><3>tada</c><1></c>,ru
158.742,158.876,-1,0,<1></c><4>uso</c><2>nikaramatte</c><6>i</c><3>rutada</c><1></c>,i
158.542,158.742,-1,0,<1></c><4>uso</c><2>nikaramat</c><6>te</c><3>irutada</c><1></c>,te
158.175,158.542,-1,0,<1></c><4>uso</c><2>nikara</c><6>mat</c><3>teirutada</c><1></c>,mat
158.041,158.175,-1,0,<1></c><4>uso</c><2>nika</c><6>ra</c><3>matteirutada</c><1></c>,ra
157.841,158.041,-1,0,<1></c><4>uso</c><2>ni</c><6>ka</c><3>ramatteirutada</c><1></c>,ka
157.674,157.841,-1,0,<1></c><4>uso</c><6>ni</c><3>karamatteirutada</c><1></c>,ni
157.474,157.674,-1,0,<1></c><4>u</c><6>so</c><3>nikaramatteirutada</c><1></c>,so
157.107,157.474,-1,0,<1></c><6>u</c><3>sonikaramatteirutada</c><1></c>,u
38.188,38.389,-1,0,<1></c><2>wazurawashii</c><6>wa</c><1></c>,wa
37.821,38.188,-1,0,<1></c><2>wazurawa</c><6>shii</c><3>wa</c><1></c>,shii
37.654,37.821,-1,0,<1></c><2>wazura</c><6>wa</c><3>shiiwa</c><1></c>,wa
37.454,37.654,-1,0,<1></c><2>wazu</c><6>ra</c><3>washiiwa</c><1></c>,ra
37.287,37.454,-1,0,<1></c><2>wa</c><6>zu</c><3>rawashiiwa</c><1></c>,zu
37.087,37.287,-1,0,<1></c><6>wa</c><3>zurawashiiwa</c><1></c>,wa
37.021,37.087,-1,0,<1></c><3>wazurawashiiwa</c><1></c>,wazurawashiiwa
32.516,32.816,80,0,<1></c><2>zetsubounoamewaatashinokasaotsui</c><6>te</c><1></c>,te
32.316,32.516,81,0,<1></c><2>zetsubounoamewaatashinokasaotsu</c><6>i</c><3>te</c><1></c>,i
32.149,32.316,81,0,<1></c><2>zetsubounoamewaatashinokasao</c><6>tsu</c><3>ite</c><1></c>,tsu
31.982,32.149,81,0,<1></c><2>zetsubounoamewaatashinokasa</c><6>o</c><3>tsuite</c><1></c>,o
31.782,31.982,81,0,<1></c><2>zetsubounoamewaatashinoka</c><6>sa</c><3>otsuite</c><1></c>,sa
31.448,31.782,81,0,<1></c><2>zetsubounoamewaatashino</c><6>ka</c><3>saotsuite</c><1></c>,ka
31.081,31.448,81,0,<1></c><2>zetsubounoamewaatashi</c><6>no</c><3>kasaotsuite</c><1></c>,no
30.714,31.081,81,0,<1></c><2>zetsubounoamewaata</c><6>shi</c><3>nokasaotsuite</c><1></c>,shi
30.381,30.714,81,0,<1></c><2>zetsubounoamewaa</c><6>ta</c><3>shinokasaotsuite</c><1></c>,ta
30.047,30.381,81,0,<1></c><2>zetsubounoamewa</c><6>a</c><3>tashinokasaotsuite</c><1></c>,a
29.68,30.047,81,0,<1></c><2>zetsubounoame</c><6>wa</c><3>atashinokasaotsuite</c><1></c>,wa
29.513,29.68,81,0,<1></c><2>zetsubounoa</c><6>me</c><3>waatashinokasaotsuite</c><1></c>,me
29.346,29.513,81,0,<1></c><2>zetsubouno</c><6>a</c><3>mewaatashinokasaotsuite</c><1></c>,a
28.979,29.346,81,0,<1></c><2>zetsubou</c><6>no</c><3>amewaatashinokasaotsuite</c><1></c>,no
28.812,28.979,81,0,<1></c><2>zetsubo</c><6>u</c><3>noamewaatashinokasaotsuite</c><1></c>,u
28.612,28.812,81,0,<1></c><2>zetsu</c><6>bo</c><3>unoamewaatashinokasaotsuite</c><1></c>,bo
28.245,28.612,81,0,<1></c><2>ze</c><6>tsu</c><3>bounoamewaatashinokasaotsuite</c><1></c>,tsu
28.045,28.245,80,0,<1></c><6>ze</c><3>tsubounoamewaatashinokasaotsuite</c><1></c>,ze
149.032,149.299,59,0,<1></c><2>zetsubounoamewayamanai</c><6>wa</c><1></c>,wa
148.832,149.032,61,0,<1></c><2>zetsubounoamewayamana</c><6>i</c><3>wa</c><1></c>,i
148.632,148.832,61,0,<1></c><2>zetsubounoamewayama</c><6>na</c><3>iwa</c><1></c>,na
148.465,148.632,61,0,<1></c><2>zetsubounoamewaya</c><6>ma</c><3>naiwa</c><1></c>,ma
148.298,148.465,61,0,<1></c><2>zetsubounoamewa</c><6>ya</c><3>manaiwa</c><1></c>,ya
147.965,148.298,61,0,<1></c><2>zetsubounoame</c><6>wa</c><3>yamanaiwa</c><1></c>,wa
147.764,147.965,61,0,<1></c><2>zetsubounoa</c><6>me</c><3>wayamanaiwa</c><1></c>,me
147.598,147.764,61,0,<1></c><2>zetsubouno</c><6>a</c><3>mewayamanaiwa</c><1></c>,a
147.264,147.598,61,0,<1></c><2>zetsubou</c><6>no</c><3>amewayamanaiwa</c><1></c>,no
146.897,147.264,61,0,<1></c><2>zetsu</c><6>bou</c><3>noamewayamanaiwa</c><1></c>,bou
146.763,146.897,61,0,<1></c><2>ze</c><6>tsu</c><3>bounoamewayamanaiwa</c><1></c>,tsu
146.497,146.763,59,0,<1></c><6>ze</c><3>tsubounoamewayamanaiwa</c><1></c>,ze
186.403,186.737,77,0,<1></c><2>zoukadakegashitteiruhimitsunofo</c><6>nii</c><1></c>,nii
186.069,186.403,78,0,<1></c><2>zoukadakegashitteiruhimitsuno</c><6>fo</c><3>nii</c><1></c>,fo
185.702,186.069,78,0,<1></c><2>zoukadakegashitteiruhimitsu</c><6>no</c><3>fonii</c><1></c>,no
185.335,185.702,78,0,<1></c><2>zoukadakegashitteiruhimi</c><6>tsu</c><3>nofonii</c><1></c>,tsu
185.002,185.335,78,0,<1></c><2>zoukadakegashitteiruhi</c><6>mi</c><3>tsunofonii</c><1></c>,mi
184.635,185.002,78,0,<1></c><2>zoukadakegashitteiru</c><6>hi</c><3>mitsunofonii</c><1></c>,hi
184.301,184.635,78,0,<1></c><2>zoukadakegashittei</c><6>ru</c><3>himitsunofonii</c><1></c>,ru
184.168,184.301,78,0,<1></c><2>zoukadakegashitte</c><6>i</c><3>ruhimitsunofonii</c><1></c>,i
183.934,184.168,78,0,<1></c><2>zoukadakegashit</c><6>te</c><3>iruhimitsunofonii</c><1></c>,te
183.534,183.934,78,0,<1></c><2>zoukadakega</c><6>shit</c><3>teiruhimitsunofonii</c><1></c>,shit
183.4,183.534,78,0,<1></c><2>zoukadake</c><6>ga</c><3>shitteiruhimitsunofonii</c><1></c>,ga
183.2,183.4,78,0,<1></c><2>zoukada</c><6>ke</c><3>gashitteiruhimitsunofonii</c><1></c>,ke
183.066,183.2,78,0,<1></c><2>zouka</c><6>da</c><3>kegashitteiruhimitsunofonii</c><1></c>,da
182.866,183.066,78,0,<1></c><2>zou</c><6>ka</c><3>dakegashitteiruhimitsunofonii</c><1></c>,ka
182.533,182.866,77,0,<1></c><6>zou</c><3>kadakegashitteiruhimitsunofonii</c><1></c>,zou
182.466,182.533,77,0,<1></c><3>zoukadakegashitteiruhimitsunofonii</c><1></c>,zoukadakegashitteiruhimitsunofonii
