start,end,position,line,text,token
91.108,92.309,63,7,<1></c><3>ashiatooawasetearuitemitara</c><1></c>,ra
90.774,91.108,63,7,<1></c><3>ashiatooawasetearuitemita</c><4>ra</c><1></c>,ta
90.441,90.774,63,7,<1></c><3>ashiatooawasetearuitemi</c><4>tara</c><1></c>,mi
90.107,90.441,63,7,<1></c><3>ashiatooawasetearuite</c><4>mitara</c><1></c>,te
89.807,90.107,63,7,<1></c><3>ashiatooawasetearui</c><4>temitara</c><1></c>,i
89.606,89.807,63,7,<1></c><3>ashiatooawasetearu</c><4>itemitara</c><1></c>,ru
89.273,89.606,63,7,<1></c><3>ashiatooawasetea</c><4>ruitemitara</c><1></c>,a
89.106,89.273,63,7,<1></c><3>ashiatooawasete</c><4>aruitemitara</c><1></c>,te
88.939,89.106,63,7,<1></c><3>ashiatooawase</c><4>tearuitemitara</c><1></c>,se
88.439,88.939,63,7,<1></c><3>ashiatooawa</c><4>setearuitemitara</c><1></c>,wa
88.105,88.439,63,7,<1></c><3>ashiatooa</c><4>wasetearuitemitara</c><1></c>,a
87.805,88.105,63,7,<1></c><3>ashiatoo</c><4>awasetearuitemitara</c><1></c>,o
87.604,87.805,63,7,<1></c><3>ashiato</c><4>oawasetearuitemitara</c><1></c>,to
87.271,87.604,63,7,<1></c><3>ashia</c><4>tooawasetearuitemitara</c><1></c>,a
87.171,87.271,63,7,<1></c><3>ashi</c><4>atooawasetearuitemitara</c><1></c>,shi
86.937,87.171,63,7,<1></c><3>a</c><4>shiatooawasetearuitemitara</c><1></c>,a
73.557,75.259,89,7,<1></c><5>fecellemiennepheiseirelilutiaeifinceq</c><1></c>,finceq
73.257,73.557,89,7,<1></c><5>fecellemiennepheiseirelilutiaei</c><2>finceq</c><1></c>,ei
71.922,73.257,89,7,<1></c><5>fecellemiennepheiseirelilutia</c><2>eifinceq</c><1></c>,lilutia
70.587,71.922,89,7,<1></c><5>fecellemiennepheiseire</c><2>lilutiaeifinceq</c><1></c>,seire
69.253,70.587,89,7,<1></c><5>fecellemiennephei</c><2>seirelilutiaeifinceq</c><1></c>,phei
67.918,69.253,89,7,<1></c><5>fecellemienne</c><2>pheiseirelilutiaeifinceq</c><1></c>,lemienne
66.617,67.918,89,7,<1></c><5>fecel</c><2>lemiennepheiseirelilutiaeifinceq</c><1></c>,cel
66.25,66.617,89,7,<1></c><5>fe</c><2>cellemiennepheiseirelilutiaeifinceq</c><1></c>,fe
164.281,169.586,75,7,<1></c><3>hanaganeruyorunaminiutsuttahoshi</c><1></c>,hanaganeruyorunaminiutsuttahoshi
16.5,17.601,75,7,<1></c><5>hanaganeruyorunaminiutsuttahoshi</c><1></c>,shi
16.133,16.5,75,7,<1></c><5>hanaganeruyorunaminiutsuttaho</c><2>shi</c><1></c>,ho
15.799,16.133,75,7,<1></c><5>hanaganeruyorunaminiutsutta</c><2>hoshi</c><1></c>,ta
15.499,15.799,75,7,<1></c><5>hanaganeruyorunaminiutsut</c><2>tahoshi</c><1></c>,tsut
15.132,15.499,75,7,<1></c><5>hanaganeruyorunaminiu</c><2>tsuttahoshi</c><1></c>,u
14.932,15.132,75,7,<1></c><5>hanaganeruyorunamini</c><2>utsuttahoshi</c><1></c>,ni
14.565,14.932,75,7,<1></c><5>hanaganeruyorunami</c><2>niutsuttahoshi</c><1></c>,mi
14.264,14.565,75,7,<1></c><5>hanaganeruyoruna</c><2>miniutsuttahoshi</c><1></c>,na
13.831,14.264,75,7,<1></c><5>hanaganeruyoru</c><2>naminiutsuttahoshi</c><1></c>,ru
13.464,13.831,75,7,<1></c><5>hanaganeruyo</c><2>runaminiutsuttahoshi</c><1></c>,yo
13.13,13.464,75,7,<1></c><5>hanaganeru</c><2>yorunaminiutsuttahoshi</c><1></c>,ru
12.93,13.13,75,7,<1></c><5>hanagane</c><2>ruyorunaminiutsuttahoshi</c><1></c>,ne
12.596,12.93,75,7,<1></c><5>hanaga</c><2>neruyorunaminiutsuttahoshi</c><1></c>,ga
12.429,12.596,75,7,<1></c><5>hana</c><2>ganeruyorunaminiutsuttahoshi</c><1></c>,na
12.262,12.429,75,7,<1></c><5>ha</c><2>naganeruyorunaminiutsuttahoshi</c><1></c>,ha
80.497,81.632,69,7,<1></c><3>hikariutauyorumeniutsuttasora</c><1></c>,ra
80.13,80.497,69,7,<1></c><3>hikariutauyorumeniutsuttaso</c><4>ra</c><1></c>,so
79.797,80.13,69,7,<1></c><3>hikariutauyorumeniutsutta</c><4>sora</c><1></c>,ta
79.496,79.797,69,7,<1></c><3>hikariutauyorumeniutsut</c><4>tasora</c><1></c>,tsut
79.096,79.496,69,7,<1></c><3>hikariutauyorumeniu</c><4>tsuttasora</c><1></c>,u
78.929,79.096,69,7,<1></c><3>hikariutauyorumeni</c><4>utsuttasora</c><1></c>,ni
78.595,78.929,69,7,<1></c><3>hikariutauyorume</c><4>niutsuttasora</c><1></c>,me
78.262,78.595,69,7,<1></c><3>hikariutauyoru</c><4>meniutsuttasora</c><1></c>,ru
77.795,78.262,69,7,<1></c><3>hikariutauyo</c><4>rumeniutsuttasora</c><1></c>,yo
77.461,77.795,69,7,<1></c><3>hikariutau</c><4>yorumeniutsuttasora</c><1></c>,u
77.127,77.461,69,7,<1></c><3>hikariuta</c><4>uyorumeniutsuttasora</c><1></c>,ta
76.927,77.127,69,7,<1></c><3>hikariu</c><4>tauyorumeniutsuttasora</c><1></c>,u
76.593,76.927,69,7,<1></c><3>hikari</c><4>utauyorumeniutsuttasora</c><1></c>,ri
76.46,76.593,69,7,<1></c><3>hika</c><4>riutauyorumeniutsuttasora</c><1></c>,ka
76.26,76.46,69,7,<1></c><3>hi</c><4>kariutauyorumeniutsuttasora</c><1></c>,hi
172.923,173.79,-1,7,<1></c><3>hikattatsukigakieteyuku</c><1></c>,ku
172.589,172.923,-1,7,<1></c><3>hikattatsukigakieteyu</c><4>ku</c><1></c>,yu
172.289,172.589,-1,7,<1></c><3>hikattatsukigakiete</c><4>yuku</c><1></c>,te
171.922,172.289,-1,7,<1></c><3>hikattatsukigakie</c><4>teyuku</c><1></c>,e
171.655,171.922,-1,7,<1></c><3>hikattatsukigaki</c><4>eteyuku</c><1></c>,ki
171.121,171.655,-1,7,<1></c><3>hikattatsukiga</c><4>kieteyuku</c><1></c>,ga
170.787,171.121,-1,7,<1></c><3>hikattatsuki</c><4>gakieteyuku</c><1></c>,ki
170.454,170.787,-1,7,<1></c><3>hikattatsu</c><4>kigakieteyuku</c><1></c>,tsu
170.12,170.454,-1,7,<1></c><3>hikatta</c><4>tsukigakieteyuku</c><1></c>,ta
169.753,170.12,-1,7,<1></c><3>hikat</c><4>tatsukigakieteyuku</c><1></c>,kat
169.586,169.753,-1,7,<1></c><3>hi</c><4>kattatsukigakieteyuku</c><1></c>,hi
37.721,38.122,83,7,<1></c><3>imateotsunaidemoseiippaidakishimetemo</c><1></c>,mo
37.421,37.721,83,7,<1></c><3>imateotsunaidemoseiippaidakishimete</c><4>mo</c><1></c>,te
37.087,37.421,83,7,<1></c><3>imateotsunaidemoseiippaidakishime</c><4>temo</c><1></c>,me
36.92,37.087,83,7,<1></c><3>imateotsunaidemoseiippaidakishi</c><4>metemo</c><1></c>,shi
36.787,36.92,83,7,<1></c><3>imateotsunaidemoseiippaidaki</c><4>shimetemo</c><1></c>,ki
36.587,36.787,83,7,<1></c><3>imateotsunaidemoseiippaida</c><4>kishimetemo</c><1></c>,da
36.42,36.587,83,7,<1></c><3>imateotsunaidemoseiippai</c><4>dakishimetemo</c><1></c>,i
36.253,36.42,83,7,<1></c><3>imateotsunaidemoseiippa</c><4>idakishimetemo</c><1></c>,pa
36.086,36.253,83,7,<1></c><3>imateotsunaidemoseiip</c><4>paidakishimetemo</c><1></c>,p
35.953,36.086,83,7,<1></c><3>imateotsunaidemoseii</c><4>ppaidakishimetemo</c><1></c>,i
35.786,35.953,83,7,<1></c><3>imateotsunaidemosei</c><4>ippaidakishimetemo</c><1></c>,i
35.619,35.786,83,7,<1></c><3>imateotsunaidemose</c><4>iippaidakishimetemo</c><1></c>,se
34.785,35.619,83,7,<1></c><3>imateotsunaidemo</c><4>seiippaidakishimetemo</c><1></c>,mo
34.418,34.785,83,7,<1></c><3>imateotsunaide</c><4>moseiippaidakishimetemo</c><1></c>,de
34.284,34.418,83,7,<1></c><3>imateotsunai</c><4>demoseiippaidakishimetemo</c><1></c>,i
34.118,34.284,83,7,<1></c><3>imateotsuna</c><4>idemoseiippaidakishimetemo</c><1></c>,na
33.917,34.118,83,7,<1></c><3>imateotsu</c><4>naidemoseiippaidakishimetemo</c><1></c>,tsu
33.717,33.917,83,7,<1></c><3>imateo</c><4>tsunaidemoseiippaidakishimetemo</c><1></c>,o
33.55,33.717,83,7,<1></c><3>imate</c><4>otsunaidemoseiippaidakishimetemo</c><1></c>,te
33.25,33.55,83,7,<1></c><3>ima</c><4>teotsunaidemoseiippaidakishimetemo</c><1></c>,ma
32.95,33.25,83,7,<1></c><3>i</c><4>mateotsunaidemoseiippaidakishimetemo</c><1></c>,i
59.777,60.944,69,7,<1></c><3>katamattanegaisaehanaretaimawa</c><1></c>,wa
59.443,59.777,69,7,<1></c><3>katamattanegaisaehanaretaima</c><4>wa</c><1></c>,ma
59.109,59.443,69,7,<1></c><3>katamattanegaisaehanaretai</c><4>mawa</c><1></c>,i
58.776,59.109,69,7,<1></c><3>katamattanegaisaehanareta</c><4>imawa</c><1></c>,ta
58.575,58.776,69,7,<1></c><3>katamattanegaisaehanare</c><4>taimawa</c><1></c>,re
58.442,58.575,69,7,<1></c><3>katamattanegaisaehana</c><4>retaimawa</c><1></c>,na
58.275,58.442,69,7,<1></c><3>katamattanegaisaeha</c><4>naretaimawa</c><1></c>,ha
57.141,58.275,69,7,<1></c><3>katamattanegaisae</c><4>hanaretaimawa</c><1></c>,e
56.94,57.141,69,7,<1></c><3>katamattanegaisa</c><4>ehanaretaimawa</c><1></c>,sa
56.607,56.94,69,7,<1></c><3>katamattanegai</c><4>saehanaretaimawa</c><1></c>,i
56.273,56.607,69,7,<1></c><3>katamattanega</c><4>isaehanaretaimawa</c><1></c>,ga
55.806,56.273,69,7,<1></c><3>katamattane</c><4>gaisaehanaretaimawa</c><1></c>,ne
55.606,55.806,69,7,<1></c><3>katamatta</c><4>negaisaehanaretaimawa</c><1></c>,ta
55.472,55.606,69,7,<1></c><3>katamat</c><4>tanegaisaehanaretaimawa</c><1></c>,t
55.272,55.472,69,7,<1></c><3>katama</c><4>ttanegaisaehanaretaimawa</c><1></c>,ma
54.972,55.272,69,7,<1></c><3>kata</c><4>mattanegaisaehanaretaimawa</c><1></c>,ta
54.605,54.972,69,7,<1></c><3>ka</c><4>tamattanegaisaehanaretaimawa</c><1></c>,ka
118.102,118.602,-1,7,<1></c><3>kawaitairoonurashite</c><1></c>,te
117.801,118.102,-1,7,<1></c><3>kawaitairoonurashi</c><4>te</c><1></c>,shi
117.434,117.801,-1,7,<1></c><3>kawaitairoonura</c><4>shite</c><1></c>,ra
117.201,117.434,-1,7,<1></c><3>kawaitairoonu</c><4>rashite</c><1></c>,nu
116.266,117.201,-1,7,<1></c><3>kawaitairoo</c><4>nurashite</c><1></c>,o
116.133,116.266,-1,7,<1></c><3>kawaitairo</c><4>onurashite</c><1></c>,ro
115.599,116.133,-1,7,<1></c><3>kawaitai</c><4>roonurashite</c><1></c>,i
115.199,115.599,-1,7,<1></c><3>kawaita</c><4>iroonurashite</c><1></c>,ta
114.898,115.199,-1,7,<1></c><3>kawai</c><4>tairoonurashite</c><1></c>,i
114.264,114.898,-1,7,<1></c><3>kawa</c><4>itairoonurashite</c><1></c>,wa
113.931,114.264,-1,7,<1></c><3>ka</c><4>waitairoonurashite</c><1></c>,ka
112.93,113.931,70,7,<1></c><3>kimioyobidashitakoenokatachiga</c><1></c>,ga
112.596,112.93,70,7,<1></c><3>kimioyobidashitakoenokatachi</c><4>ga</c><1></c>,chi
112.262,112.596,70,7,<1></c><3>kimioyobidashitakoenokata</c><4>chiga</c><1></c>,ta
111.929,112.262,70,7,<1></c><3>kimioyobidashitakoenoka</c><4>tachiga</c><1></c>,ka
111.595,111.929,70,7,<1></c><3>kimioyobidashitakoeno</c><4>katachiga</c><1></c>,no
110.461,111.595,70,7,<1></c><3>kimioyobidashitakoe</c><4>nokatachiga</c><1></c>,e
110.294,110.461,70,7,<1></c><3>kimioyobidashitako</c><4>enokatachiga</c><1></c>,ko
109.927,110.294,70,7,<1></c><3>kimioyobidashita</c><4>koenokatachiga</c><1></c>,ta
109.593,109.927,70,7,<1></c><3>kimioyobidashi</c><4>takoenokatachiga</c><1></c>,shi
109.093,109.593,70,7,<1></c><3>kimioyobida</c><4>shitakoenokatachiga</c><1></c>,da
108.926,109.093,70,7,<1></c><3>kimioyobi</c><4>dashitakoenokatachiga</c><1></c>,bi
108.592,108.926,70,7,<1></c><3>kimioyo</c><4>bidashitakoenokatachiga</c><1></c>,yo
108.258,108.592,70,7,<1></c><3>kimio</c><4>yobidashitakoenokatachiga</c><1></c>,o
107.925,108.258,70,7,<1></c><3>kimi</c><4>oyobidashitakoenokatachiga</c><1></c>,mi
107.591,107.925,70,7,<1></c><3>ki</c><4>mioyobidashitakoenokatachiga</c><1></c>,ki
142.126,142.426,-1,7,<1></c><5>kimiwawakatterukana</c><1></c>,na
141.892,142.126,-1,7,<1></c><5>kimiwawakatteruka</c><2>na</c><1></c>,ka
141.792,141.892,-1,7,<1></c><5>kimiwawakatteru</c><2>kana</c><1></c>,ru
141.592,141.792,-1,7,<1></c><5>kimiwawakatte</c><2>rukana</c><1></c>,te
140.924,141.592,-1,7,<1></c><5>kimiwawakat</c><2>terukana</c><1></c>,kat
140.557,140.924,-1,7,<1></c><5>kimiwawa</c><2>katterukana</c><1></c>,wa
140.257,140.557,-1,7,<1></c><5>kimiwa</c><2>wakatterukana</c><1></c>,wa
139.923,140.257,-1,7,<1></c><5>kimi</c><2>wawakatterukana</c><1></c>,mi
139.59,139.923,-1,7,<1></c><5>ki</c><2>miwawakatterukana</c><1></c>,ki
190.44,191.608,66,7,<1></c><3>kumogaegaitaresshasoyogukami</c><1></c>,mi
190.107,190.44,66,7,<1></c><3>kumogaegaitaresshasoyoguka</c><4>mi</c><1></c>,ka
189.773,190.107,66,7,<1></c><3>kumogaegaitaresshasoyogu</c><4>kami</c><1></c>,gu
189.439,189.773,66,7,<1></c><3>kumogaegaitaresshasoyo</c><4>gukami</c><1></c>,yo
189.239,189.439,66,7,<1></c><3>kumogaegaitaresshaso</c><4>yogukami</c><1></c>,so
187.905,189.239,66,7,<1></c><3>kumogaegaitaressha</c><4>soyogukami</c><1></c>,sha
187.738,187.905,66,7,<1></c><3>kumogaegaitares</c><4>shasoyogukami</c><1></c>,s
187.571,187.738,66,7,<1></c><3>kumogaegaitare</c><4>sshasoyogukami</c><1></c>,re
187.237,187.571,66,7,<1></c><3>kumogaegaita</c><4>resshasoyogukami</c><1></c>,ta
186.904,187.237,66,7,<1></c><3>kumogaegai</c><4>taresshasoyogukami</c><1></c>,i
186.436,186.904,66,7,<1></c><3>kumogaega</c><4>itaresshasoyogukami</c><1></c>,ga
186.236,186.436,66,7,<1></c><3>kumogae</c><4>gaitaresshasoyogukami</c><1></c>,e
185.903,186.236,66,7,<1></c><3>kumoga</c><4>egaitaresshasoyogukami</c><1></c>,ga
185.602,185.903,66,7,<1></c><3>kumo</c><4>gaegaitaresshasoyogukami</c><1></c>,mo
185.269,185.602,66,7,<1></c><3>ku</c><4>mogaegaitaresshasoyogukami</c><1></c>,ku
31.715,32.616,73,7,<1></c><3>miminisasayaitakiminitodokukana</c><1></c>,na
31.548,31.715,73,7,<1></c><3>miminisasayaitakiminitodokuka</c><4>na</c><1></c>,ka
31.382,31.548,73,7,<1></c><3>miminisasayaitakiminitodoku</c><4>kana</c><1></c>,ku
31.115,31.382,73,7,<1></c><3>miminisasayaitakiminitodo</c><4>kukana</c><1></c>,do
30.881,31.115,73,7,<1></c><3>miminisasayaitakiminito</c><4>dokukana</c><1></c>,to
30.581,30.881,73,7,<1></c><3>miminisasayaitakimini</c><4>todokukana</c><1></c>,ni
30.414,30.581,73,7,<1></c><3>miminisasayaitakimi</c><4>nitodokukana</c><1></c>,mi
30.247,30.414,73,7,<1></c><3>miminisasayaitaki</c><4>minitodokukana</c><1></c>,ki
29.747,30.247,73,7,<1></c><3>miminisasayaita</c><4>kiminitodokukana</c><1></c>,ta
29.546,29.747,73,7,<1></c><3>miminisasayai</c><4>takiminitodokukana</c><1></c>,i
29.413,29.546,73,7,<1></c><3>miminisasaya</c><4>itakiminitodokukana</c><1></c>,ya
29.113,29.413,73,7,<1></c><3>miminisasa</c><4>yaitakiminitodokukana</c><1></c>,sa
28.879,29.113,73,7,<1></c><3>miminisa</c><4>sayaitakiminitodokukana</c><1></c>,sa
28.612,28.879,73,7,<1></c><3>mimini</c><4>sasayaitakiminitodokukana</c><1></c>,ni
28.412,28.612,73,7,<1></c><3>mimi</c><4>nisasayaitakiminitodokukana</c><1></c>,mi
28.245,28.412,73,7,<1></c><3>mi</c><4>minisasayaitakiminitodokukana</c><1></c>,mi
148.899,151.902,59,7,<1></c><5>modoranaisonoshiawasewa...</c><1></c>,wa...
148.599,148.899,59,7,<1></c><5>modoranaisonoshiawase</c><2>wa...</c><1></c>,se
148.265,148.599,59,7,<1></c><5>modoranaisonoshiawa</c><2>sewa...</c><1></c>,wa
147.931,148.265,59,7,<1></c><5>modoranaisonoshia</c><2>wasewa...</c><1></c>,a
147.598,147.931,59,7,<1></c><5>modoranaisonoshi</c><2>awasewa...</c><1></c>,shi
147.264,147.598,59,7,<1></c><5>modoranaisono</c><2>shiawasewa...</c><1></c>,no
146.93,147.264,59,7,<1></c><5>modoranaiso</c><2>noshiawasewa...</c><1></c>,so
146.697,146.93,59,7,<1></c><5>modoranai</c><2>sonoshiawasewa...</c><1></c>,i
146.263,146.697,59,7,<1></c><5>modorana</c><2>isonoshiawasewa...</c><1></c>,na
145.929,146.263,59,7,<1></c><5>modora</c><2>naisonoshiawasewa...</c><1></c>,ra
145.596,145.929,59,7,<1></c><5>modo</c><2>ranaisonoshiawasewa...</c><1></c>,do
145.262,145.596,59,7,<1></c><5>mo</c><2>doranaisonoshiawasewa...</c><1></c>,mo
27.111,28.245,69,7,<1></c><3>nagareruhikarinisotteittemitara</c><1></c>,ra
26.777,27.111,69,7,<1></c><3>nagareruhikarinisotteittemita</c><4>ra</c><1></c>,ta
26.443,26.777,69,7,<1></c><3>nagareruhikarinisotteittemi</c><4>tara</c><1></c>,mi
26.11,26.443,69,7,<1></c><3>nagareruhikarinisotteitte</c><4>mitara</c><1></c>,te
25.776,26.11,69,7,<1></c><3>nagareruhikarinisotteit</c><4>temitara</c><1></c>,it
25.609,25.776,69,7,<1></c><3>nagareruhikarinisotte</c><4>ittemitara</c><1></c>,te
25.275,25.609,69,7,<1></c><3>nagareruhikarinisot</c><4>teittemitara</c><1></c>,sot
24.942,25.275,69,7,<1></c><3>nagareruhikarini</c><4>sotteittemitara</c><1></c>,ni
24.441,24.942,69,7,<1></c><3>nagareruhikari</c><4>nisotteittemitara</c><1></c>,ri
24.108,24.441,69,7,<1></c><3>nagareruhika</c><4>rinisotteittemitara</c><1></c>,ka
23.774,24.108,69,7,<1></c><3>nagareruhi</c><4>karinisotteittemitara</c><1></c>,hi
23.607,23.774,69,7,<1></c><3>nagareru</c><4>hikarinisotteittemitara</c><1></c>,ru
23.273,23.607,69,7,<1></c><3>nagare</c><4>ruhikarinisotteittemitara</c><1></c>,re
23.14,23.273,69,7,<1></c><3>naga</c><4>reruhikarinisotteittemitara</c><1></c>,ga
22.94,23.14,69,7,<1></c><3>na</c><4>gareruhikarinisotteittemitara</c><1></c>,na
144.761,145.262,-1,7,<1></c><5>oshietekureta</c><1></c>,ta
144.595,144.761,-1,7,<1></c><5>oshietekure</c><2>ta</c><1></c>,re
144.261,144.595,-1,7,<1></c><5>oshieteku</c><2>reta</c><1></c>,ku
143.594,144.261,-1,7,<1></c><5>oshiete</c><2>kureta</c><1></c>,te
143.093,143.594,-1,7,<1></c><5>oshie</c><2>tekureta</c><1></c>,e
142.593,143.093,-1,7,<1></c><5>oshi</c><2>etekureta</c><1></c>,shi
142.426,142.593,-1,7,<1></c><5>o</c><2>shietekureta</c><1></c>,o
84.968,86.937,58,7,<1></c><3>sawayakanakaorigakusuguru</c><1></c>,ru
84.768,84.968,58,7,<1></c><3>sawayakanakaorigakusugu</c><4>ru</c><1></c>,gu
84.501,84.768,58,7,<1></c><3>sawayakanakaorigakusu</c><4>guru</c><1></c>,su
84.268,84.501,58,7,<1></c><3>sawayakanakaorigaku</c><4>suguru</c><1></c>,ku
83.934,84.268,58,7,<1></c><3>sawayakanakaoriga</c><4>kusuguru</c><1></c>,ga
83.6,83.934,58,7,<1></c><3>sawayakanakaori</c><4>gakusuguru</c><1></c>,ri
83.133,83.6,58,7,<1></c><3>sawayakanakao</c><4>rigakusuguru</c><1></c>,o
82.833,83.133,58,7,<1></c><3>sawayakanaka</c><4>origakusuguru</c><1></c>,ka
82.466,82.833,58,7,<1></c><3>sawayakana</c><4>kaorigakusuguru</c><1></c>,na
82.266,82.466,58,7,<1></c><3>sawayaka</c><4>nakaorigakusuguru</c><1></c>,ka
81.932,82.266,58,7,<1></c><3>sawaya</c><4>kanakaorigakusuguru</c><1></c>,ya
81.799,81.932,58,7,<1></c><3>sawa</c><4>yakanakaorigakusuguru</c><1></c>,wa
81.632,81.799,58,7,<1></c><3>sa</c><4>wayakanakaorigakusuguru</c><1></c>,sa
195.812,196.146,-1,7,<1></c><5>shitteruyo</c><1></c>,yo
195.612,195.812,-1,7,<1></c><5>shitteru</c><2>yo</c><1></c>,ru
195.279,195.612,-1,7,<1></c><5>shitte</c><2>ruyo</c><1></c>,te
194.945,195.279,-1,7,<1></c><5>shit</c><2>teruyo</c><1></c>,shit
128.245,131.949,-1,7,<1></c><3>shitteruyo</c><1></c>,shitteruyo
65.082,65.282,-1,7,<1></c><5>shitteruyo</c><1></c>,yo
64.882,65.082,-1,7,<1></c><5>shitteru</c><2>yo</c><1></c>,ru
64.548,64.882,-1,7,<1></c><5>shitte</c><2>ruyo</c><1></c>,te
64.148,64.548,-1,7,<1></c><5>shit</c><2>teruyo</c><1></c>,shit
192.943,194.945,-1,7,<1></c><3>sonoegaoo</c><1></c>,o
192.609,192.943,-1,7,<1></c><3>sonoegao</c><4>o</c><1></c>,o
192.276,192.609,-1,7,<1></c><3>sonoega</c><4>oo</c><1></c>,ga
191.975,192.276,-1,7,<1></c><3>sonoe</c><4>gaoo</c><1></c>,e
191.775,191.975,-1,7,<1></c><3>sono</c><4>egaoo</c><1></c>,no
191.608,191.775,-1,7,<1></c><3>so</c><4>noegaoo</c><1></c>,so
62.279,64.148,-1,7,<1></c><3>sonoegaoo</c><1></c>,o
61.945,62.279,-1,7,<1></c><3>sonoegao</c><4>o</c><1></c>,o
61.612,61.945,-1,7,<1></c><3>sonoega</c><4>oo</c><1></c>,ga
61.311,61.612,-1,7,<1></c><3>sonoe</c><4>gaoo</c><1></c>,e
61.111,61.311,-1,7,<1></c><3>sono</c><4>egaoo</c><1></c>,no
60.944,61.111,-1,7,<1></c><3>so</c><4>noegaoo</c><1></c>,so
126.31,128.245,-1,7,<1></c><3>sonokotobao</c><1></c>,o
125.943,126.31,-1,7,<1></c><3>sonokotoba</c><4>o</c><1></c>,ba
125.609,125.943,-1,7,<1></c><3>sonokoto</c><4>bao</c><1></c>,to
125.275,125.609,-1,7,<1></c><3>sonoko</c><4>tobao</c><1></c>,ko
125.109,125.275,-1,7,<1></c><3>sono</c><4>kotobao</c><1></c>,no
124.942,125.109,-1,7,<1></c><3>so</c><4>nokotobao</c><1></c>,so
40.958,42.926,56,7,<1></c><3>sorawaakinimichirunda</c><1></c>,da
40.758,40.958,56,7,<1></c><3>sorawaakinimichirun</c><4>da</c><1></c>,n
40.591,40.758,56,7,<1></c><3>sorawaakinimichiru</c><4>nda</c><1></c>,ru
40.257,40.591,56,7,<1></c><3>sorawaakinimichi</c><4>runda</c><1></c>,chi
39.757,40.257,56,7,<1></c><3>sorawaakinimi</c><4>chirunda</c><1></c>,mi
39.623,39.757,56,7,<1></c><3>sorawaakini</c><4>michirunda</c><1></c>,ni
39.123,39.623,56,7,<1></c><3>sorawaaki</c><4>nimichirunda</c><1></c>,ki
38.889,39.123,56,7,<1></c><3>sorawaa</c><4>kinimichirunda</c><1></c>,a
38.589,38.889,56,7,<1></c><3>sorawa</c><4>akinimichirunda</c><1></c>,wa
38.255,38.589,56,7,<1></c><3>sora</c><4>waakinimichirunda</c><1></c>,ra
38.122,38.255,56,7,<1></c><3>so</c><4>rawaakinimichirunda</c><1></c>,so
104.988,106.924,-1,7,<1></c><5>sorawaamenisomarunda</c><1></c>,da
104.788,104.988,-1,7,<1></c><5>sorawaamenisomarun</c><2>da</c><1></c>,n
104.588,104.788,-1,7,<1></c><5>sorawaamenisomaru</c><2>nda</c><1></c>,ru
104.254,104.588,-1,7,<1></c><5>sorawaamenisoma</c><2>runda</c><1></c>,ma
103.821,104.254,-1,7,<1></c><5>sorawaameniso</c><2>marunda</c><1></c>,so
103.62,103.821,-1,7,<1></c><5>sorawaameni</c><2>somarunda</c><1></c>,ni
103.153,103.62,-1,7,<1></c><5>sorawaame</c><2>nisomarunda</c><1></c>,me
102.92,103.153,-1,7,<1></c><5>sorawaa</c><2>menisomarunda</c><1></c>,a
102.419,102.92,-1,7,<1></c><5>sorawa</c><2>amenisomarunda</c><1></c>,wa
102.286,102.419,-1,7,<1></c><5>sora</c><2>waamenisomarunda</c><1></c>,ra
102.119,102.286,-1,7,<1></c><5>so</c><2>rawaamenisomarunda</c><1></c>,so
184.801,185.269,67,7,<1></c><3>tomattatokeinoharinifumikonda</c><1></c>,da
184.668,184.801,67,7,<1></c><3>tomattatokeinoharinifumikon</c><4>da</c><1></c>,n
184.434,184.668,67,7,<1></c><3>tomattatokeinoharinifumiko</c><4>nda</c><1></c>,ko
184.134,184.434,67,7,<1></c><3>tomattatokeinoharinifumi</c><4>konda</c><1></c>,mi
183.934,184.134,67,7,<1></c><3>tomattatokeinoharinifu</c><4>mikonda</c><1></c>,fu
183.767,183.934,67,7,<1></c><3>tomattatokeinoharini</c><4>fumikonda</c><1></c>,ni
183.6,183.767,67,7,<1></c><3>tomattatokeinohari</c><4>nifumikonda</c><1></c>,ri
183.433,183.6,67,7,<1></c><3>tomattatokeinoha</c><4>rinifumikonda</c><1></c>,ha
182.933,183.433,67,7,<1></c><3>tomattatokeino</c><4>harinifumikonda</c><1></c>,no
182.733,182.933,67,7,<1></c><3>tomattatokei</c><4>noharinifumikonda</c><1></c>,i
182.232,182.733,67,7,<1></c><3>tomattatoke</c><4>inoharinifumikonda</c><1></c>,ke
181.932,182.232,67,7,<1></c><3>tomattato</c><4>keinoharinifumikonda</c><1></c>,to
181.598,181.932,67,7,<1></c><3>tomatta</c><4>tokeinoharinifumikonda</c><1></c>,ta
181.298,181.598,67,7,<1></c><3>tomat</c><4>tatokeinoharinifumikonda</c><1></c>,t
180.931,181.298,67,7,<1></c><3>toma</c><4>ttatokeinoharinifumikonda</c><1></c>,ma
180.597,180.931,67,7,<1></c><3>to</c><4>mattatokeinoharinifumikonda</c><1></c>,to
54.138,54.605,67,7,<1></c><3>tomattatokeinoharinifumikonda</c><1></c>,da
54.004,54.138,67,7,<1></c><3>tomattatokeinoharinifumikon</c><4>da</c><1></c>,n
53.804,54.004,67,7,<1></c><3>tomattatokeinoharinifumiko</c><4>nda</c><1></c>,ko
53.504,53.804,67,7,<1></c><3>tomattatokeinoharinifumi</c><4>konda</c><1></c>,mi
53.303,53.504,67,7,<1></c><3>tomattatokeinoharinifu</c><4>mikonda</c><1></c>,fu
53.103,53.303,67,7,<1></c><3>tomattatokeinoharini</c><4>fumikonda</c><1></c>,ni
52.936,53.103,67,7,<1></c><3>tomattatokeinohari</c><4>nifumikonda</c><1></c>,ri
52.803,52.936,67,7,<1></c><3>tomattatokeinoha</c><4>rinifumikonda</c><1></c>,ha
52.269,52.803,67,7,<1></c><3>tomattatokeino</c><4>harinifumikonda</c><1></c>,no
52.069,52.269,67,7,<1></c><3>tomattatokei</c><4>noharinifumikonda</c><1></c>,i
51.602,52.069,67,7,<1></c><3>tomattatoke</c><4>inoharinifumikonda</c><1></c>,ke
51.268,51.602,67,7,<1></c><3>tomattato</c><4>keinoharinifumikonda</c><1></c>,to
50.934,51.268,67,7,<1></c><3>tomatta</c><4>tokeinoharinifumikonda</c><1></c>,ta
50.601,50.934,67,7,<1></c><3>tomat</c><4>tatokeinoharinifumikonda</c><1></c>,t
50.267,50.601,67,7,<1></c><3>toma</c><4>ttatokeinoharinifumikonda</c><1></c>,ma
49.933,50.267,67,7,<1></c><3>to</c><4>mattatokeinoharinifumikonda</c><1></c>,to
123.74,124.942,77,7,<1></c><3>tsuyokusakendakoegachirabattaimawa</c><1></c>,wa
123.373,123.74,77,7,<1></c><3>tsuyokusakendakoegachirabattaima</c><4>wa</c><1></c>,ma
123.107,123.373,77,7,<1></c><3>tsuyokusakendakoegachirabattai</c><4>mawa</c><1></c>,i
122.806,123.107,77,7,<1></c><3>tsuyokusakendakoegachirabatta</c><4>imawa</c><1></c>,ta
122.573,122.806,77,7,<1></c><3>tsuyokusakendakoegachirabat</c><4>taimawa</c><1></c>,bat
122.439,122.573,77,7,<1></c><3>tsuyokusakendakoegachira</c><4>battaimawa</c><1></c>,ra
122.272,122.439,77,7,<1></c><3>tsuyokusakendakoegachi</c><4>rabattaimawa</c><1></c>,chi
121.071,122.272,77,7,<1></c><3>tsuyokusakendakoega</c><4>chirabattaimawa</c><1></c>,ga
120.904,121.071,77,7,<1></c><3>tsuyokusakendakoe</c><4>gachirabattaimawa</c><1></c>,e
120.571,120.904,77,7,<1></c><3>tsuyokusakendako</c><4>egachirabattaimawa</c><1></c>,ko
120.27,120.571,77,7,<1></c><3>tsuyokusakenda</c><4>koegachirabattaimawa</c><1></c>,da
120.104,120.27,77,7,<1></c><3>tsuyokusaken</c><4>dakoegachirabattaimawa</c><1></c>,n
119.77,120.104,77,7,<1></c><3>tsuyokusake</c><4>ndakoegachirabattaimawa</c><1></c>,ke
119.57,119.77,77,7,<1></c><3>tsuyokusa</c><4>kendakoegachirabattaimawa</c><1></c>,sa
119.269,119.57,77,7,<1></c><3>tsuyoku</c><4>sakendakoegachirabattaimawa</c><1></c>,ku
118.936,119.269,77,7,<1></c><3>tsuyo</c><4>kusakendakoegachirabattaimawa</c><1></c>,yo
118.602,118.936,77,7,<1></c><3>tsu</c><4>yokusakendakoegachirabattaimawa</c><1></c>,tsu
20.938,22.94,61,7,<1></c><5>unerutsukigaashiokusuguru</c><1></c>,ru
20.804,20.938,61,7,<1></c><5>unerutsukigaashiokusugu</c><2>ru</c><1></c>,gu
20.471,20.804,61,7,<1></c><5>unerutsukigaashiokusu</c><2>guru</c><1></c>,su
20.27,20.471,61,7,<1></c><5>unerutsukigaashioku</c><2>suguru</c><1></c>,ku
19.937,20.27,61,7,<1></c><5>unerutsukigaashio</c><2>kusuguru</c><1></c>,o
19.77,19.937,61,7,<1></c><5>unerutsukigaashi</c><2>okusuguru</c><1></c>,shi
19.603,19.77,61,7,<1></c><5>unerutsukigaa</c><2>shiokusuguru</c><1></c>,a
19.136,19.603,61,7,<1></c><5>unerutsukiga</c><2>ashiokusuguru</c><1></c>,ga
18.802,19.136,61,7,<1></c><5>unerutsuki</c><2>gaashiokusuguru</c><1></c>,ki
18.502,18.802,61,7,<1></c><5>unerutsu</c><2>kigaashiokusuguru</c><1></c>,tsu
18.135,18.502,61,7,<1></c><5>uneru</c><2>tsukigaashiokusuguru</c><1></c>,ru
17.935,18.135,61,7,<1></c><5>une</c><2>rutsukigaashiokusuguru</c><1></c>,ne
17.601,17.935,61,7,<1></c><5>u</c><2>nerutsukigaashiokusuguru</c><1></c>,u
1.251,11.962,-1,7,<1></c><3>violet</c><1></c>,violet
95.813,96.647,73,7,<1></c><3>watashiomiteitakiminitodokukana</c><1></c>,na
95.612,95.813,73,7,<1></c><3>watashiomiteitakiminitodokuka</c><4>na</c><1></c>,ka
95.412,95.612,73,7,<1></c><3>watashiomiteitakiminitodoku</c><4>kana</c><1></c>,ku
95.145,95.412,73,7,<1></c><3>watashiomiteitakiminitodo</c><4>kukana</c><1></c>,do
94.978,95.145,73,7,<1></c><3>watashiomiteitakiminito</c><4>dokukana</c><1></c>,to
94.611,94.978,73,7,<1></c><3>watashiomiteitakimini</c><4>todokukana</c><1></c>,ni
94.445,94.611,73,7,<1></c><3>watashiomiteitakimi</c><4>nitodokukana</c><1></c>,mi
94.278,94.445,73,7,<1></c><3>watashiomiteitaki</c><4>minitodokukana</c><1></c>,ki
93.811,94.278,73,7,<1></c><3>watashiomiteita</c><4>kiminitodokukana</c><1></c>,ta
93.61,93.811,73,7,<1></c><3>watashiomitei</c><4>takiminitodokukana</c><1></c>,i
93.477,93.61,73,7,<1></c><3>watashiomite</c><4>itakiminitodokukana</c><1></c>,te
93.177,93.477,73,7,<1></c><3>watashiomi</c><4>teitakiminitodokukana</c><1></c>,mi
92.976,93.177,73,7,<1></c><3>watashio</c><4>miteitakiminitodokukana</c><1></c>,o
92.609,92.976,73,7,<1></c><3>watashi</c><4>omiteitakiminitodokukana</c><1></c>,shi
92.476,92.609,73,7,<1></c><3>wata</c><4>shiomiteitakiminitodokukana</c><1></c>,ta
92.309,92.476,73,7,<1></c><3>wa</c><4>tashiomiteitakiminitodokukana</c><1></c>,wa
179.596,180.597,72,7,<1></c><3>yubisakideyurayuratosonougokiga</c><1></c>,ga
179.296,179.596,72,7,<1></c><3>yubisakideyurayuratosonougoki</c><4>ga</c><1></c>,ki
178.962,179.296,72,7,<1></c><3>yubisakideyurayuratosonougo</c><4>kiga</c><1></c>,go
178.662,178.962,72,7,<1></c><3>yubisakideyurayuratosonou</c><4>gokiga</c><1></c>,u
178.428,178.662,72,7,<1></c><3>yubisakideyurayuratosono</c><4>ugokiga</c><1></c>,no
178.295,178.428,72,7,<1></c><3>yubisakideyurayuratoso</c><4>nougokiga</c><1></c>,so
177.127,178.295,72,7,<1></c><3>yubisakideyurayurato</c><4>sonougokiga</c><1></c>,to
176.927,177.127,72,7,<1></c><3>yubisakideyurayura</c><4>tosonougokiga</c><1></c>,ra
176.593,176.927,72,7,<1></c><3>yubisakideyurayu</c><4>ratosonougokiga</c><1></c>,yu
176.26,176.593,72,7,<1></c><3>yubisakideyura</c><4>yuratosonougokiga</c><1></c>,ra
175.792,176.26,72,7,<1></c><3>yubisakideyu</c><4>rayuratosonougokiga</c><1></c>,yu
175.592,175.792,72,7,<1></c><3>yubisakide</c><4>yurayuratosonougokiga</c><1></c>,de
175.259,175.592,72,7,<1></c><3>yubisaki</c><4>deyurayuratosonougokiga</c><1></c>,ki
174.958,175.259,72,7,<1></c><3>yubisa</c><4>kideyurayuratosonougokiga</c><1></c>,sa
174.625,174.958,72,7,<1></c><3>yubi</c><4>sakideyurayuratosonougokiga</c><1></c>,bi
174.291,174.625,72,7,<1></c><3>yu</c><4>bisakideyurayuratosonougokiga</c><1></c>,yu
48.966,49.933,72,7,<1></c><3>yubisakideyurayuratosonougokiga</c><1></c>,ga
48.599,48.966,72,7,<1></c><3>yubisakideyurayuratosonougoki</c><4>ga</c><1></c>,ki
48.298,48.599,72,7,<1></c><3>yubisakideyurayuratosonougo</c><4>kiga</c><1></c>,go
47.998,48.298,72,7,<1></c><3>yubisakideyurayuratosonou</c><4>gokiga</c><1></c>,u
47.798,47.998,72,7,<1></c><3>yubisakideyurayuratosono</c><4>ugokiga</c><1></c>,no
47.598,47.798,72,7,<1></c><3>yubisakideyurayuratoso</c><4>nougokiga</c><1></c>,so
46.463,47.598,72,7,<1></c><3>yubisakideyurayurato</c><4>sonougokiga</c><1></c>,to
46.263,46.463,72,7,<1></c><3>yubisakideyurayura</c><4>tosonougokiga</c><1></c>,ra
45.929,46.263,72,7,<1></c><3>yubisakideyurayu</c><4>ratosonougokiga</c><1></c>,yu
45.596,45.929,72,7,<1></c><3>yubisakideyura</c><4>yuratosonougokiga</c><1></c>,ra
45.129,45.596,72,7,<1></c><3>yubisakideyu</c><4>rayuratosonougokiga</c><1></c>,yu
44.928,45.129,72,7,<1></c><3>yubisakide</c><4>yurayuratosonougokiga</c><1></c>,de
44.595,44.928,72,7,<1></c><3>yubisaki</c><4>deyurayuratosonougokiga</c><1></c>,ki
44.261,44.595,72,7,<1></c><3>yubisa</c><4>kideyurayuratosonougokiga</c><1></c>,sa
43.927,44.261,72,7,<1></c><3>yubi</c><4>sakideyurayuratosonougokiga</c><1></c>,bi
43.594,43.927,72,7,<1></c><3>yu</c><4>bisakideyurayuratosonougokiga</c><1></c>,yu
101.819,102.119,91,7,<1></c><5>zuttoteotsunaidemokiminitsuiteittemitemo</c><1></c>,mo
101.452,101.819,91,7,<1></c><5>zuttoteotsunaidemokiminitsuiteittemite</c><2>mo</c><1></c>,te
101.151,101.452,91,7,<1></c><5>zuttoteotsunaidemokiminitsuiteittemi</c><2>temo</c><1></c>,mi
100.951,101.151,91,7,<1></c><5>zuttoteotsunaidemokiminitsuiteitte</c><2>mitemo</c><1></c>,te
100.818,100.951,91,7,<1></c><5>zuttoteotsunaidemokiminitsuiteit</c><2>temitemo</c><1></c>,it
100.617,100.818,91,7,<1></c><5>zuttoteotsunaidemokiminitsuite</c><2>ittemitemo</c><1></c>,te
100.451,100.617,91,7,<1></c><5>zuttoteotsunaidemokiminitsui</c><2>teittemitemo</c><1></c>,i
100.284,100.451,91,7,<1></c><5>zuttoteotsunaidemokiminitsu</c><2>iteittemitemo</c><1></c>,tsu
99.95,100.284,91,7,<1></c><5>zuttoteotsunaidemokimini</c><2>tsuiteittemitemo</c><1></c>,ni
99.783,99.95,91,7,<1></c><5>zuttoteotsunaidemokimi</c><2>nitsuiteittemitemo</c><1></c>,mi
99.65,99.783,91,7,<1></c><5>zuttoteotsunaidemoki</c><2>minitsuiteittemitemo</c><1></c>,ki
98.916,99.65,91,7,<1></c><5>zuttoteotsunaidemo</c><2>kiminitsuiteittemitemo</c><1></c>,mo
98.482,98.916,91,7,<1></c><5>zuttoteotsunaide</c><2>mokiminitsuiteittemitemo</c><1></c>,de
98.315,98.482,91,7,<1></c><5>zuttoteotsunai</c><2>demokiminitsuiteittemitemo</c><1></c>,i
98.148,98.315,91,7,<1></c><5>zuttoteotsuna</c><2>idemokiminitsuiteittemitemo</c><1></c>,na
97.948,98.148,91,7,<1></c><5>zuttoteotsu</c><2>naidemokiminitsuiteittemitemo</c><1></c>,tsu
97.781,97.948,91,7,<1></c><5>zuttoteo</c><2>tsunaidemokiminitsuiteittemitemo</c><1></c>,o
97.614,97.781,91,7,<1></c><5>zuttote</c><2>otsunaidemokiminitsuiteittemitemo</c><1></c>,te
97.281,97.614,91,7,<1></c><5>zutto</c><2>teotsunaidemokiminitsuiteittemitemo</c><1></c>,to
97.014,97.281,91,7,<1></c><5>zut</c><2>toteotsunaidemokiminitsuiteittemitemo</c><1></c>,zut
