start,end,position,line,text,token
79.463,79.863,-1,7,<2></c><3>(atimeandplace)</c><2></c>,place)
79.363,79.463,-1,7,<2></c><3>(atimeand</c><4>place)</c><2></c>,and
79.129,79.363,-1,7,<2></c><3>(atime</c><4>andplace)</c><2></c>,time
78.896,79.129,-1,7,<2></c><3>(a</c><4>timeandplace)</c><2></c>,(a
196.613,196.98,-1,7,<2></c><3>(beginagain)</c><2></c>,gain)
196.513,196.613,-1,7,<2></c><3>(begina</c><4>gain)</c><2></c>,a
196.246,196.513,-1,7,<2></c><3>(begin</c><4>again)</c><2></c>,in
196.013,196.246,-1,7,<2></c><3>(beg</c><4>inagain)</c><2></c>,(beg
150.534,150.868,-1,7,<2></c><3>(beginagain)</c><2></c>,gain)
150.4,150.534,-1,7,<2></c><3>(begina</c><4>gain)</c><2></c>,a
150.167,150.4,-1,7,<2></c><3>(begin</c><4>again)</c><2></c>,in
149.933,150.167,-1,7,<2></c><3>(beg</c><4>inagain)</c><2></c>,(beg
58.375,58.742,-1,7,<2></c><3>(begintofall)</c><2></c>,fall)
58.242,58.375,-1,7,<2></c><3>(beginto</c><4>fall)</c><2></c>,to
58.008,58.242,-1,7,<2></c><3>(begin</c><4>tofall)</c><2></c>,in
57.775,58.008,-1,7,<2></c><3>(beg</c><4>intofall)</c><2></c>,(beg
81.432,81.765,-1,7,<2></c><3>(fordarkerdays)</c><2></c>,days)
81.298,81.432,-1,7,<2></c><3>(fordarker</c><4>days)</c><2></c>,er
81.065,81.298,-1,7,<2></c><3>(fordark</c><4>erdays)</c><2></c>,dark
80.831,81.065,-1,7,<2></c><3>(for</c><4>darkerdays)</c><2></c>,(for
217.768,218.101,-1,7,<2></c><3>(nomatterwhere)</c><2></c>,where)
217.634,217.768,-1,7,<2></c><3>(nomatter</c><4>where)</c><2></c>,ter
217.401,217.634,-1,7,<2></c><3>(nomat</c><4>terwhere)</c><2></c>,mat
217.134,217.401,-1,7,<2></c><3>(no</c><4>matterwhere)</c><2></c>,(no
171.655,171.989,-1,7,<2></c><3>(nomatterwhere)</c><2></c>,where)
171.522,171.655,-1,7,<2></c><3>(nomatter</c><4>where)</c><2></c>,ter
171.288,171.522,-1,7,<2></c><3>(nomat</c><4>terwhere)</c><2></c>,mat
171.054,171.288,-1,7,<2></c><3>(no</c><4>matterwhere)</c><2></c>,(no
202.386,202.719,-1,7,<2></c><3>(oncehand-in-hand)</c><2></c>,hand)
202.252,202.386,-1,7,<2></c><3>(oncehand-in-</c><4>hand)</c><2></c>,in-
202.019,202.252,-1,7,<2></c><3>(oncehand-</c><4>in-hand)</c><2></c>,hand-
201.752,202.019,-1,7,<2></c><3>(once</c><4>hand-in-hand)</c><2></c>,(once
148.599,148.966,-1,7,<2></c><3>(onestoryends)</c><2></c>,ends)
148.465,148.599,-1,7,<2></c><3>(onestory</c><4>ends)</c><2></c>,ry
148.265,148.465,-1,7,<2></c><3>(onesto</c><4>ryends)</c><2></c>,sto
147.998,148.265,-1,7,<2></c><3>(one</c><4>storyends)</c><2></c>,(one
194.711,195.045,-1,7,<2></c><3>(ourstoryends)</c><2></c>,ends)
194.578,194.711,-1,7,<2></c><3>(ourstory</c><4>ends)</c><2></c>,ry
194.344,194.578,-1,7,<2></c><3>(oursto</c><4>ryends)</c><2></c>,sto
194.011,194.344,-1,7,<2></c><3>(our</c><4>storyends)</c><2></c>,(our
66.05,66.417,-1,7,<2></c><3>(unleashthemall)</c><2></c>,all)
65.949,66.05,-1,7,<2></c><3>(unleashthem</c><4>all)</c><2></c>,them
65.682,65.949,-1,7,<2></c><3>(unleash</c><4>themall)</c><2></c>,leash
65.449,65.682,-1,7,<2></c><3>(un</c><4>leashthemall)</c><2></c>,(un
204.288,204.621,-1,7,<2></c><3>(untiltheend)</c><2></c>,end)
204.154,204.288,-1,7,<2></c><3>(untilthe</c><4>end)</c><2></c>,the
203.921,204.154,-1,7,<2></c><3>(until</c><4>theend)</c><2></c>,til
203.687,203.921,-1,7,<2></c><3>(un</c><4>tiltheend)</c><2></c>,(un
158.208,158.575,-1,7,<2></c><3>(untiltheend)</c><2></c>,end)
158.075,158.208,-1,7,<2></c><3>(untilthe</c><4>end)</c><2></c>,the
157.841,158.075,-1,7,<2></c><3>(until</c><4>theend)</c><2></c>,til
157.608,157.841,-1,7,<2></c><3>(un</c><4>tiltheend)</c><2></c>,(un
219.67,220.003,-1,7,<2></c><3>(watchoverme)</c><2></c>,me)
219.503,219.67,-1,7,<2></c><3>(watchover</c><4>me)</c><2></c>,ver
219.269,219.503,-1,7,<2></c><3>(watcho</c><4>verme)</c><2></c>,o
219.036,219.269,-1,7,<2></c><3>(watch</c><4>overme)</c><2></c>,(watch
173.557,173.924,-1,7,<2></c><3>(watchoverme)</c><2></c>,me)
173.423,173.557,-1,7,<2></c><3>(watchover</c><4>me)</c><2></c>,ver
173.19,173.423,-1,7,<2></c><3>(watcho</c><4>verme)</c><2></c>,o
172.956,173.19,-1,7,<2></c><3>(watch</c><4>overme)</c><2></c>,(watch
156.34,156.64,-1,7,<2></c><3>(whilehand-in-hand)</c><2></c>,hand)
156.173,156.34,-1,7,<2></c><3>(whilehand-in-</c><4>hand)</c><2></c>,in-
155.939,156.173,-1,7,<2></c><3>(whilehand-</c><4>in-hand)</c><2></c>,hand-
155.706,155.939,-1,7,<2></c><3>(while</c><4>hand-in-hand)</c><2></c>,(while
64.148,64.481,-1,7,<2></c><3>(yourdarkestthoughts)</c><2></c>,thoughts)
64.014,64.148,-1,7,<2></c><3>(yourdarkest</c><4>thoughts)</c><2></c>,est
63.747,64.014,-1,7,<2></c><3>(yourdark</c><4>estthoughts)</c><2></c>,dark
63.547,63.747,-1,7,<2></c><3>(your</c><4>darkestthoughts)</c><2></c>,(your
56.473,56.807,-1,7,<2></c><3>(yourtiredeyes)</c><2></c>,eyes)
56.34,56.473,-1,7,<2></c><3>(yourtired</c><4>eyes)</c><2></c>,red
56.073,56.34,-1,7,<2></c><3>(yourti</c><4>redeyes)</c><2></c>,ti
55.839,56.073,-1,7,<2></c><3>(your</c><4>tiredeyes)</c><2></c>,(your
38.389,38.589,64,0,<2></c><1>aawatashiwawaruisamedesu</c><2></c>,su
37.121,38.389,64,0,<2></c><1>aawatashiwawaruisamede</c><4>su</c><2></c>,de
36.387,37.121,64,0,<2></c><1>aawatashiwawaruisame</c><4>desu</c><2></c>,me
36.186,36.387,64,0,<2></c><1>aawatashiwawaruisa</c><4>medesu</c><2></c>,sa
35.786,36.186,64,0,<2></c><1>aawatashiwawarui</c><4>samedesu</c><2></c>,i
35.452,35.786,64,0,<2></c><1>aawatashiwawaru</c><4>isamedesu</c><2></c>,ru
35.185,35.452,64,0,<2></c><1>aawatashiwawa</c><4>ruisamedesu</c><2></c>,wa
34.785,35.185,64,0,<2></c><1>aawatashiwa</c><4>waruisamedesu</c><2></c>,wa
34.485,34.785,64,0,<2></c><1>aawatashi</c><4>wawaruisamedesu</c><2></c>,shi
34.385,34.485,64,0,<2></c><1>aawata</c><4>shiwawaruisamedesu</c><2></c>,ta
34.251,34.385,64,0,<2></c><1>aawa</c><4>tashiwawaruisamedesu</c><2></c>,wa
33.517,34.251,64,0,<2></c><1>aa</c><4>watashiwawaruisamedesu</c><2></c>,a
33.05,33.517,64,0,<2></c><1>a</c><4>awatashiwawaruisamedesu</c><2></c>,a
46.964,47.698,-1,0,<2></c><1>akakuhikarusonome</c><2></c>,me
46.73,46.964,-1,0,<2></c><1>akakuhikarusono</c><4>me</c><2></c>,no
46.363,46.73,-1,0,<2></c><1>akakuhikaruso</c><4>nome</c><2></c>,so
45.996,46.363,-1,0,<2></c><1>akakuhikaru</c><4>sonome</c><2></c>,ru
45.763,45.996,-1,0,<2></c><1>akakuhika</c><4>rusonome</c><2></c>,ka
45.396,45.763,-1,0,<2></c><1>akakuhi</c><4>karusonome</c><2></c>,hi
45.029,45.396,-1,0,<2></c><1>akaku</c><4>hikarusonome</c><2></c>,ku
44.795,45.029,-1,0,<2></c><1>aka</c><4>kuhikarusonome</c><2></c>,ka
44.561,44.795,-1,0,<2></c><1>a</c><4>kakuhikarusonome</c><2></c>,a
130.38,130.981,-1,7,<2></c><3>akirameterakuninarou</c><2></c>,u
130.214,130.38,-1,7,<2></c><3>akirameterakuninaro</c><4>u</c><2></c>,ro
130.047,130.214,-1,7,<2></c><3>akirameterakunina</c><4>rou</c><2></c>,na
129.88,130.047,-1,7,<2></c><3>akirameterakuni</c><4>narou</c><2></c>,ni
129.713,129.88,-1,7,<2></c><3>akirameteraku</c><4>ninarou</c><2></c>,ku
129.546,129.713,-1,7,<2></c><3>akirametera</c><4>kuninarou</c><2></c>,ra
129.379,129.546,-1,7,<2></c><3>akiramete</c><4>rakuninarou</c><2></c>,te
129.079,129.379,-1,7,<2></c><3>akirame</c><4>terakuninarou</c><2></c>,me
128.946,129.079,-1,7,<2></c><3>akira</c><4>meterakuninarou</c><2></c>,ra
128.745,128.946,-1,7,<2></c><3>aki</c><4>rameterakuninarou</c><2></c>,ki
128.579,128.745,-1,7,<2></c><3>a</c><4>kirameterakuninarou</c><2></c>,a
157.241,158.575,-1,0,<2></c><1>anataga</c><2></c>,ga
157.107,157.241,-1,0,<2></c><1>anata</c><4>ga</c><2></c>,ta
156.874,157.107,-1,0,<2></c><1>ana</c><4>taga</c><2></c>,na
156.64,156.874,-1,0,<2></c><1>a</c><4>nataga</c><2></c>,a
215.832,216.166,63,0,<2></c><1>anatanokotowawasurenaikara</c><2></c>,ra
215.699,215.832,63,0,<2></c><1>anatanokotowawasurenaika</c><4>ra</c><2></c>,ka
215.465,215.699,63,0,<2></c><1>anatanokotowawasurenai</c><4>kara</c><2></c>,i
215.199,215.465,63,0,<2></c><1>anatanokotowawasurena</c><4>ikara</c><2></c>,na
214.965,215.199,63,0,<2></c><1>anatanokotowawasure</c><4>naikara</c><2></c>,re
214.865,214.965,63,0,<2></c><1>anatanokotowawasu</c><4>renaikara</c><2></c>,su
214.698,214.865,63,0,<2></c><1>anatanokotowawa</c><4>surenaikara</c><2></c>,wa
214.398,214.698,63,0,<2></c><1>anatanokotowa</c><4>wasurenaikara</c><2></c>,wa
214.231,214.398,63,0,<2></c><1>anatanokoto</c><4>wawasurenaikara</c><2></c>,to
213.997,214.231,63,0,<2></c><1>anatanoko</c><4>towawasurenaikara</c><2></c>,ko
213.764,213.997,63,0,<2></c><1>anatano</c><4>kotowawasurenaikara</c><2></c>,no
213.53,213.764,63,0,<2></c><1>anata</c><4>nokotowawasurenaikara</c><2></c>,ta
213.397,213.53,63,0,<2></c><1>ana</c><4>tanokotowawasurenaikara</c><2></c>,na
213.263,213.397,63,0,<2></c><1>a</c><4>natanokotowawasurenaikara</c><2></c>,a
126.51,126.977,-1,7,<2></c><3>anatarashisa</c><2></c>,sa
126.21,126.51,-1,7,<2></c><3>anatarashi</c><4>sa</c><2></c>,shi
126.009,126.21,-1,7,<2></c><3>anatara</c><4>shisa</c><2></c>,ra
125.542,126.009,-1,7,<2></c><3>anata</c><4>rashisa</c><2></c>,ta
125.242,125.542,-1,7,<2></c><3>ana</c><4>tarashisa</c><2></c>,na
125.075,125.242,-1,7,<2></c><3>a</c><4>natarashisa</c><2></c>,a
203.353,204.621,-1,0,<2></c><1>arigatou</c><2></c>,tou
203.187,203.353,-1,0,<2></c><1>ariga</c><4>tou</c><2></c>,ga
202.986,203.187,-1,0,<2></c><1>ari</c><4>gatou</c><2></c>,ri
202.719,202.986,-1,0,<2></c><1>a</c><4>rigatou</c><2></c>,a
195.646,196.98,-1,0,<2></c><1>arigatou</c><2></c>,tou
195.512,195.646,-1,0,<2></c><1>ariga</c><4>tou</c><2></c>,ga
195.245,195.512,-1,0,<2></c><1>ari</c><4>gatou</c><2></c>,ri
195.045,195.245,-1,0,<2></c><1>a</c><4>rigatou</c><2></c>,a
128.112,128.579,-1,7,<2></c><3>arunokashira?</c><2></c>,ra?
127.945,128.112,-1,7,<2></c><3>arunokashi</c><4>ra?</c><2></c>,shi
127.611,127.945,-1,7,<2></c><3>arunoka</c><4>shira?</c><2></c>,ka
127.444,127.611,-1,7,<2></c><3>aruno</c><4>kashira?</c><2></c>,no
127.144,127.444,-1,7,<2></c><3>aru</c><4>nokashira?</c><2></c>,ru
126.977,127.144,-1,7,<2></c><3>a</c><4>runokashira?</c><2></c>,a
193.01,193.844,59,7,<2></c><3>asharkisallyou’lleverbe</c><2></c>,be
192.743,193.01,59,7,<2></c><3>asharkisallyou’llever</c><4>be</c><2></c>,er
192.576,192.743,59,7,<2></c><3>asharkisallyou’llev</c><4>erbe</c><2></c>,ev
192.242,192.576,59,7,<2></c><3>asharkisallyou’ll</c><4>everbe</c><2></c>,you’ll
191.909,192.242,59,7,<2></c><3>asharkisall</c><4>you’lleverbe</c><2></c>,all
191.775,191.909,59,7,<2></c><3>asharkis</c><4>allyou’lleverbe</c><2></c>,is
191.441,191.775,59,7,<2></c><3>ashark</c><4>isallyou’lleverbe</c><2></c>,shark
191.308,191.441,59,7,<2></c><3>a</c><4>sharkisallyou’lleverbe</c><2></c>,a
109.093,109.193,-1,7,<2></c><3>daikirai</c><2></c>,i
108.892,109.093,-1,7,<2></c><3>daikira</c><4>i</c><2></c>,ra
108.692,108.892,-1,7,<2></c><3>daiki</c><4>rai</c><2></c>,ki
108.559,108.692,-1,7,<2></c><3>dai</c><4>kirai</c><2></c>,i
108.425,108.559,-1,7,<2></c><3>da</c><4>ikirai</c><2></c>,da
218.702,220.003,-1,0,<2></c><1>dokodemo</c><2></c>,mo
218.569,218.702,-1,0,<2></c><1>dokode</c><4>mo</c><2></c>,de
218.302,218.569,-1,0,<2></c><1>doko</c><4>demo</c><2></c>,ko
218.101,218.302,-1,0,<2></c><1>do</c><4>kodemo</c><2></c>,do
80.464,81.765,-1,0,<2></c><1>dokokade</c><2></c>,de
80.33,80.464,-1,0,<2></c><1>dokoka</c><4>de</c><2></c>,ka
80.097,80.33,-1,0,<2></c><1>doko</c><4>kade</c><2></c>,ko
79.863,80.097,-1,0,<2></c><1>do</c><4>kokade</c><2></c>,do
55.506,56.807,-1,0,<2></c><1>doushite</c><2></c>,te
55.372,55.506,-1,0,<2></c><1>doushi</c><4>te</c><2></c>,shi
55.139,55.372,-1,0,<2></c><1>dou</c><4>shite</c><2></c>,u
54.905,55.139,-1,0,<2></c><1>do</c><4>ushite</c><2></c>,do
17.201,24.908,-1,0,<2></c><1>gawrgura-reflect</c><2></c>,gawrgura-reflect
187.604,188.071,-1,7,<2></c><3>goingwithoutme?</c><2></c>,me?
187.137,187.604,-1,7,<2></c><3>goingwithout</c><4>me?</c><2></c>,out
187.004,187.137,-1,7,<2></c><3>goingwith</c><4>outme?</c><2></c>,with
186.87,187.004,-1,7,<2></c><3>going</c><4>withoutme?</c><2></c>,ing
186.637,186.87,-1,7,<2></c><3>go</c><4>ingwithoutme?</c><2></c>,go
147.664,148.966,-1,0,<2></c><1>gomenne</c><2></c>,ne
147.531,147.664,-1,0,<2></c><1>gomen</c><4>ne</c><2></c>,n
147.297,147.531,-1,0,<2></c><1>gome</c><4>nne</c><2></c>,me
147.03,147.297,-1,0,<2></c><1>go</c><4>menne</c><2></c>,go
120.137,120.737,72,7,<2></c><3>heh!risoudoorijanakyaiminantenai</c><2></c>,i
119.937,120.137,72,7,<2></c><3>heh!risoudoorijanakyaiminantena</c><4>i</c><2></c>,na
119.77,119.937,72,7,<2></c><3>heh!risoudoorijanakyaiminante</c><4>nai</c><2></c>,te
119.603,119.77,72,7,<2></c><3>heh!risoudoorijanakyaiminan</c><4>tenai</c><2></c>,n
119.436,119.603,72,7,<2></c><3>heh!risoudoorijanakyaimina</c><4>ntenai</c><2></c>,na
119.303,119.436,72,7,<2></c><3>heh!risoudoorijanakyaimi</c><4>nantenai</c><2></c>,mi
118.969,119.303,72,7,<2></c><3>heh!risoudoorijanakyai</c><4>minantenai</c><2></c>,i
118.802,118.969,72,7,<2></c><3>heh!risoudoorijanakya</c><4>iminantenai</c><2></c>,kya
118.502,118.802,72,7,<2></c><3>heh!risoudoorijana</c><4>kyaiminantenai</c><2></c>,na
118.302,118.502,72,7,<2></c><3>heh!risoudoorija</c><4>nakyaiminantenai</c><2></c>,ja
118.168,118.302,72,7,<2></c><3>heh!risoudoori</c><4>janakyaiminantenai</c><2></c>,ri
118.001,118.168,72,7,<2></c><3>heh!risoudoo</c><4>rijanakyaiminantenai</c><2></c>,o
117.868,118.001,72,7,<2></c><3>heh!risoudo</c><4>orijanakyaiminantenai</c><2></c>,do
117.401,117.868,72,7,<2></c><3>heh!risou</c><4>doorijanakyaiminantenai</c><2></c>,u
117.067,117.401,72,7,<2></c><3>heh!riso</c><4>udoorijanakyaiminantenai</c><2></c>,so
116.867,117.067,72,7,<2></c><3>heh!ri</c><4>soudoorijanakyaiminantenai</c><2></c>,ri
116.4,116.867,72,7,<2></c><3>heh!</c><4>risoudoorijanakyaiminantenai</c><2></c>,heh!
101.118,101.685,-1,7,<2></c><3>hehitshows</c><2></c>,shows
100.951,101.118,-1,7,<2></c><3>hehit</c><4>shows</c><2></c>,it
100.717,100.951,-1,7,<2></c><3>heh</c><4>itshows</c><2></c>,heh
77.561,77.928,67,0,<2></c><1>honnewaiwanaihougarakujanai?</c><2></c>,nai?
77.428,77.561,67,0,<2></c><1>honnewaiwanaihougarakuja</c><4>nai?</c><2></c>,ja
77.227,77.428,67,0,<2></c><1>honnewaiwanaihougaraku</c><4>janai?</c><2></c>,ku
76.96,77.227,67,0,<2></c><1>honnewaiwanaihougara</c><4>kujanai?</c><2></c>,ra
76.727,76.96,67,0,<2></c><1>honnewaiwanaihouga</c><4>rakujanai?</c><2></c>,ga
76.593,76.727,67,0,<2></c><1>honnewaiwanaihou</c><4>garakujanai?</c><2></c>,u
76.427,76.593,67,0,<2></c><1>honnewaiwanaiho</c><4>ugarakujanai?</c><2></c>,ho
76.126,76.427,67,0,<2></c><1>honnewaiwanai</c><4>hougarakujanai?</c><2></c>,nai
75.993,76.126,67,0,<2></c><1>honnewaiwa</c><4>naihougarakujanai?</c><2></c>,wa
75.759,75.993,67,0,<2></c><1>honnewai</c><4>wanaihougarakujanai?</c><2></c>,i
75.526,75.759,67,0,<2></c><1>honnewa</c><4>iwanaihougarakujanai?</c><2></c>,wa
75.292,75.526,67,0,<2></c><1>honne</c><4>waiwanaihougarakujanai?</c><2></c>,ne
75.159,75.292,67,0,<2></c><1>hon</c><4>newaiwanaihougarakujanai?</c><2></c>,n
75.025,75.159,67,0,<2></c><1>ho</c><4>nnewaiwanaihougarakujanai?</c><2></c>,ho
62.212,62.579,67,0,<2></c><1>hoshiimononarazenbuteniireta</c><2></c>,ta
62.079,62.212,67,0,<2></c><1>hoshiimononarazenbuteniire</c><4>ta</c><2></c>,re
61.845,62.079,67,0,<2></c><1>hoshiimononarazenbutenii</c><4>reta</c><2></c>,i
61.378,61.845,67,0,<2></c><1>hoshiimononarazenbuteni</c><4>ireta</c><2></c>,ni
61.111,61.378,67,0,<2></c><1>hoshiimononarazenbute</c><4>niireta</c><2></c>,te
60.878,61.111,67,0,<2></c><1>hoshiimononarazenbu</c><4>teniireta</c><2></c>,bu
60.644,60.878,67,0,<2></c><1>hoshiimononarazen</c><4>buteniireta</c><2></c>,n
60.277,60.644,67,0,<2></c><1>hoshiimononaraze</c><4>nbuteniireta</c><2></c>,ze
60.044,60.277,67,0,<2></c><1>hoshiimononara</c><4>zenbuteniireta</c><2></c>,ra
59.81,60.044,67,0,<2></c><1>hoshiimonona</c><4>razenbuteniireta</c><2></c>,na
59.676,59.81,67,0,<2></c><1>hoshiimono</c><4>narazenbuteniireta</c><2></c>,no
59.443,59.676,67,0,<2></c><1>hoshiimo</c><4>nonarazenbuteniireta</c><2></c>,mo
59.209,59.443,67,0,<2></c><1>hoshii</c><4>mononarazenbuteniireta</c><2></c>,i
58.942,59.209,67,0,<2></c><1>hoshi</c><4>imononarazenbuteniireta</c><2></c>,shi
58.742,58.942,67,0,<2></c><1>ho</c><4>shiimononarazenbuteniireta</c><2></c>,ho
189.239,190.24,69,0,<2></c><1>idon’tknowwhatyou’rethinking!!</c><2></c>,ing!!
188.972,189.239,69,0,<2></c><1>idon’tknowwhatyou’rethink</c><4>ing!!</c><2></c>,think
188.772,188.972,69,0,<2></c><1>idon’tknowwhatyou’re</c><4>thinking!!</c><2></c>,you’re
188.639,188.772,69,0,<2></c><1>idon’tknowwhat</c><4>you’rethinking!!</c><2></c>,what
188.505,188.639,69,0,<2></c><1>idon’tknow</c><4>whatyou’rethinking!!</c><2></c>,know
188.338,188.505,69,0,<2></c><1>idon’t</c><4>knowwhatyou’rethinking!!</c><2></c>,don’t
188.071,188.338,69,0,<2></c><1>i</c><4>don’tknowwhatyou’rethinking!!</c><2></c>,i
149.6,150.868,-1,0,<2></c><1>imamade</c><2></c>,de
149.466,149.6,-1,0,<2></c><1>imama</c><4>de</c><2></c>,ma
149.233,149.466,-1,0,<2></c><1>ima</c><4>made</c><2></c>,ma
148.966,149.233,-1,0,<2></c><1>i</c><4>mamade</c><2></c>,i
161.945,162.646,70,0,<2></c><1>itekuretakaraimanowatashigairu</c><2></c>,ru
161.812,161.945,70,0,<2></c><1>itekuretakaraimanowatashigai</c><4>ru</c><2></c>,i
161.578,161.812,70,0,<2></c><1>itekuretakaraimanowatashiga</c><4>iru</c><2></c>,ga
161.445,161.578,70,0,<2></c><1>itekuretakaraimanowatashi</c><4>gairu</c><2></c>,shi
161.211,161.445,70,0,<2></c><1>itekuretakaraimanowata</c><4>shigairu</c><2></c>,ta
160.944,161.211,70,0,<2></c><1>itekuretakaraimanowa</c><4>tashigairu</c><2></c>,wa
160.744,160.944,70,0,<2></c><1>itekuretakaraimano</c><4>watashigairu</c><2></c>,no
160.477,160.744,70,0,<2></c><1>itekuretakaraima</c><4>nowatashigairu</c><2></c>,ma
160.11,160.477,70,0,<2></c><1>itekuretakarai</c><4>manowatashigairu</c><2></c>,i
159.91,160.11,70,0,<2></c><1>itekuretakara</c><4>imanowatashigairu</c><2></c>,ra
159.643,159.91,70,0,<2></c><1>itekuretaka</c><4>raimanowatashigairu</c><2></c>,ka
159.543,159.643,70,0,<2></c><1>itekureta</c><4>karaimanowatashigairu</c><2></c>,ta
159.309,159.543,70,0,<2></c><1>itekure</c><4>takaraimanowatashigairu</c><2></c>,re
159.042,159.309,70,0,<2></c><1>iteku</c><4>retakaraimanowatashigairu</c><2></c>,ku
158.809,159.042,70,0,<2></c><1>ite</c><4>kuretakaraimanowatashigairu</c><2></c>,te
158.575,158.809,70,0,<2></c><1>i</c><4>tekuretakaraimanowatashigairu</c><2></c>,i
216.8,218.101,-1,0,<2></c><1>itsudemo</c><2></c>,mo
216.667,216.8,-1,0,<2></c><1>itsude</c><4>mo</c><2></c>,de
216.433,216.667,-1,0,<2></c><1>itsu</c><4>demo</c><2></c>,tsu
216.166,216.433,-1,0,<2></c><1>i</c><4>tsudemo</c><2></c>,i
78.529,79.863,-1,0,<2></c><1>itsukawa</c><2></c>,wa
78.395,78.529,-1,0,<2></c><1>itsuka</c><4>wa</c><2></c>,ka
78.162,78.395,-1,0,<2></c><1>itsu</c><4>kawa</c><2></c>,tsu
77.928,78.162,-1,0,<2></c><1>i</c><4>tsukawa</c><2></c>,i
145.896,146.63,67,0,<2></c><1>jibunniwausowatsukitakunaino</c><2></c>,no
145.596,145.896,67,0,<2></c><1>jibunniwausowatsukitakunai</c><4>no</c><2></c>,i
143.961,145.596,67,0,<2></c><1>jibunniwausowatsukitakuna</c><4>ino</c><2></c>,na
143.694,143.961,67,0,<2></c><1>jibunniwausowatsukitaku</c><4>naino</c><2></c>,ku
143.327,143.694,67,0,<2></c><1>jibunniwausowatsukita</c><4>kunaino</c><2></c>,ta
142.96,143.327,67,0,<2></c><1>jibunniwausowatsuki</c><4>takunaino</c><2></c>,ki
142.693,142.96,67,0,<2></c><1>jibunniwausowatsu</c><4>kitakunaino</c><2></c>,tsu
142.359,142.693,67,0,<2></c><1>jibunniwausowa</c><4>tsukitakunaino</c><2></c>,wa
142.025,142.359,67,0,<2></c><1>jibunniwauso</c><4>watsukitakunaino</c><2></c>,so
141.792,142.025,67,0,<2></c><1>jibunniwau</c><4>sowatsukitakunaino</c><2></c>,u
141.058,141.792,67,0,<2></c><1>jibunniwa</c><4>usowatsukitakunaino</c><2></c>,wa
140.824,141.058,67,0,<2></c><1>jibunni</c><4>wausowatsukitakunaino</c><2></c>,ni
140.457,140.824,67,0,<2></c><1>jibun</c><4>niwausowatsukitakunaino</c><2></c>,n
140.09,140.457,67,0,<2></c><1>jibu</c><4>nniwausowatsukitakunaino</c><2></c>,bu
139.823,140.09,67,0,<2></c><1>ji</c><4>bunniwausowatsukitakunaino</c><2></c>,ji
184.501,184.968,69,7,<2></c><3>justgonnaleavelikeit\'snothing?</c><2></c>,ing?
184.268,184.501,69,7,<2></c><3>justgonnaleavelikeit\'snoth</c><4>ing?</c><2></c>,noth
184.101,184.268,69,7,<2></c><3>justgonnaleavelikeit\'s</c><4>nothing?</c><2></c>,it\'s
183.934,184.101,69,7,<2></c><3>justgonnaleavelike</c><4>it\'snothing?</c><2></c>,like
183.534,183.934,69,7,<2></c><3>justgonnaleave</c><4>likeit\'snothing?</c><2></c>,leave
183.4,183.534,69,7,<2></c><3>justgonna</c><4>leavelikeit\'snothing?</c><2></c>,na
183.267,183.4,69,7,<2></c><3>justgon</c><4>naleavelikeit\'snothing?</c><2></c>,gon
182.966,183.267,69,7,<2></c><3>just</c><4>gonnaleavelikeit\'snothing?</c><2></c>,just
165.883,167.217,66,0,<2></c><1>kakowairanai?sonnakotowanai</c><2></c>,nai
165.749,165.883,66,0,<2></c><1>kakowairanai?sonnakotowa</c><4>nai</c><2></c>,wa
165.549,165.749,66,0,<2></c><1>kakowairanai?sonnakoto</c><4>wanai</c><2></c>,to
165.282,165.549,66,0,<2></c><1>kakowairanai?sonnako</c><4>towanai</c><2></c>,ko
165.048,165.282,66,0,<2></c><1>kakowairanai?sonna</c><4>kotowanai</c><2></c>,na
164.915,165.048,66,0,<2></c><1>kakowairanai?son</c><4>nakotowanai</c><2></c>,n
164.815,164.915,66,0,<2></c><1>kakowairanai?so</c><4>nnakotowanai</c><2></c>,so
164.448,164.815,66,0,<2></c><1>kakowairanai?</c><4>sonnakotowanai</c><2></c>,nai?
164.348,164.448,66,0,<2></c><1>kakowaira</c><4>nai?sonnakotowanai</c><2></c>,ra
164.114,164.348,66,0,<2></c><1>kakowai</c><4>ranai?sonnakotowanai</c><2></c>,i
163.847,164.114,66,0,<2></c><1>kakowa</c><4>iranai?sonnakotowanai</c><2></c>,wa
163.58,163.847,66,0,<2></c><1>kako</c><4>wairanai?sonnakotowanai</c><2></c>,ko
163.347,163.58,66,0,<2></c><1>ka</c><4>kowairanai?sonnakotowanai</c><2></c>,ka
200.484,200.784,64,0,<2></c><1>kakushiteitawatashiwamouinai</c><2></c>,i
200.35,200.484,64,0,<2></c><1>kakushiteitawatashiwamouina</c><4>i</c><2></c>,na
200.117,200.35,64,0,<2></c><1>kakushiteitawatashiwamoui</c><4>nai</c><2></c>,i
199.616,200.117,64,0,<2></c><1>kakushiteitawatashiwamou</c><4>inai</c><2></c>,u
199.383,199.616,64,0,<2></c><1>kakushiteitawatashiwamo</c><4>uinai</c><2></c>,mo
199.116,199.383,64,0,<2></c><1>kakushiteitawatashiwa</c><4>mouinai</c><2></c>,wa
198.882,199.116,64,0,<2></c><1>kakushiteitawatashi</c><4>wamouinai</c><2></c>,shi
198.515,198.882,64,0,<2></c><1>kakushiteitawata</c><4>shiwamouinai</c><2></c>,ta
198.315,198.515,64,0,<2></c><1>kakushiteitawa</c><4>tashiwamouinai</c><2></c>,wa
198.081,198.315,64,0,<2></c><1>kakushiteita</c><4>watashiwamouinai</c><2></c>,ta
197.915,198.081,64,0,<2></c><1>kakushitei</c><4>tawatashiwamouinai</c><2></c>,i
197.714,197.915,64,0,<2></c><1>kakushite</c><4>itawatashiwamouinai</c><2></c>,te
197.481,197.714,64,0,<2></c><1>kakushi</c><4>teitawatashiwamouinai</c><2></c>,shi
197.214,197.481,64,0,<2></c><1>kaku</c><4>shiteitawatashiwamouinai</c><2></c>,ku
196.98,197.214,64,0,<2></c><1>ka</c><4>kushiteitawatashiwamouinai</c><2></c>,ka
122.606,122.739,-1,7,<2></c><3>kiboumoyumesuranakute</c><2></c>,te
122.339,122.606,-1,7,<2></c><3>kiboumoyumesuranaku</c><4>te</c><2></c>,ku
122.172,122.339,-1,7,<2></c><3>kiboumoyumesurana</c><4>kute</c><2></c>,na
121.872,122.172,-1,7,<2></c><3>kiboumoyumesura</c><4>nakute</c><2></c>,ra
121.705,121.872,-1,7,<2></c><3>kiboumoyumesu</c><4>ranakute</c><2></c>,su
121.538,121.705,-1,7,<2></c><3>kiboumoyume</c><4>suranakute</c><2></c>,me
121.371,121.538,-1,7,<2></c><3>kiboumoyu</c><4>mesuranakute</c><2></c>,yu
121.171,121.371,-1,7,<2></c><3>kiboumo</c><4>yumesuranakute</c><2></c>,mo
121.038,121.171,-1,7,<2></c><3>kibou</c><4>moyumesuranakute</c><2></c>,u
120.904,121.038,-1,7,<2></c><3>kibo</c><4>umoyumesuranakute</c><2></c>,bo
120.737,120.904,-1,7,<2></c><3>ki</c><4>boumoyumesuranakute</c><2></c>,ki
108.092,109.193,-1,0,<2></c><1>kimetsukewamoudaikirai</c><2></c>,i
107.925,108.092,-1,0,<2></c><1>kimetsukewamoudaikira</c><4>i</c><2></c>,ra
107.724,107.925,-1,0,<2></c><1>kimetsukewamoudaiki</c><4>rai</c><2></c>,ki
107.624,107.724,-1,0,<2></c><1>kimetsukewamoudai</c><4>kirai</c><2></c>,i
107.424,107.624,-1,0,<2></c><1>kimetsukewamouda</c><4>ikirai</c><2></c>,da
106.957,107.424,-1,0,<2></c><1>kimetsukewamou</c><4>daikirai</c><2></c>,mou
106.824,106.957,-1,0,<2></c><1>kimetsukewa</c><4>moudaikirai</c><2></c>,wa
106.49,106.824,-1,0,<2></c><1>kimetsuke</c><4>wamoudaikirai</c><2></c>,ke
106.323,106.49,-1,0,<2></c><1>kimetsu</c><4>kewamoudaikirai</c><2></c>,tsu
106.156,106.323,-1,0,<2></c><1>kime</c><4>tsukewamoudaikirai</c><2></c>,me
105.989,106.156,-1,0,<2></c><1>ki</c><4>metsukewamoudaikirai</c><2></c>,ki
154.371,154.738,69,0,<2></c><1>kizukanakattakotogaarundakedo</c><2></c>,do
154.238,154.371,69,0,<2></c><1>kizukanakattakotogaarundake</c><4>do</c><2></c>,ke
154.004,154.238,69,0,<2></c><1>kizukanakattakotogaarunda</c><4>kedo</c><2></c>,da
153.77,154.004,69,0,<2></c><1>kizukanakattakotogaarun</c><4>dakedo</c><2></c>,n
153.504,153.77,69,0,<2></c><1>kizukanakattakotogaaru</c><4>ndakedo</c><2></c>,ru
153.27,153.504,69,0,<2></c><1>kizukanakattakotogaa</c><4>rundakedo</c><2></c>,a
153.036,153.27,69,0,<2></c><1>kizukanakattakotoga</c><4>arundakedo</c><2></c>,ga
152.803,153.036,69,0,<2></c><1>kizukanakattakoto</c><4>gaarundakedo</c><2></c>,to
152.436,152.803,69,0,<2></c><1>kizukanakattako</c><4>togaarundakedo</c><2></c>,ko
152.202,152.436,69,0,<2></c><1>kizukanakatta</c><4>kotogaarundakedo</c><2></c>,ta
152.002,152.202,69,0,<2></c><1>kizukanakat</c><4>takotogaarundakedo</c><2></c>,t
151.835,152.002,69,0,<2></c><1>kizukanaka</c><4>ttakotogaarundakedo</c><2></c>,ka
151.602,151.835,69,0,<2></c><1>kizukana</c><4>kattakotogaarundakedo</c><2></c>,na
151.335,151.602,69,0,<2></c><1>kizuka</c><4>nakattakotogaarundakedo</c><2></c>,ka
151.101,151.335,69,0,<2></c><1>kizu</c><4>kanakattakotogaarundakedo</c><2></c>,zu
150.868,151.101,69,0,<2></c><1>ki</c><4>zukanakattakotogaarundakedo</c><2></c>,ki
170.687,171.989,-1,0,<2></c><1>kokokara</c><2></c>,ra
170.554,170.687,-1,0,<2></c><1>kokoka</c><4>ra</c><2></c>,ka
170.32,170.554,-1,0,<2></c><1>koko</c><4>kara</c><2></c>,ko
170.087,170.32,-1,0,<2></c><1>ko</c><4>kokara</c><2></c>,ko
155.339,156.64,-1,0,<2></c><1>koushite</c><2></c>,te
155.205,155.339,-1,0,<2></c><1>koushi</c><4>te</c><2></c>,shi
154.972,155.205,-1,0,<2></c><1>kou</c><4>shite</c><2></c>,u
154.738,154.972,-1,0,<2></c><1>ko</c><4>ushite</c><2></c>,ko
95.446,95.946,75,7,<2></c><3>lookatthisso-called“gemofthesea”</c><2></c>,sea”
95.312,95.446,75,7,<2></c><3>lookatthisso-called“gemofthe</c><4>sea”</c><2></c>,the
95.212,95.312,75,7,<2></c><3>lookatthisso-called“gemof</c><4>thesea”</c><2></c>,of
94.945,95.212,75,7,<2></c><3>lookatthisso-called“gem</c><4>ofthesea”</c><2></c>,“gem
94.711,94.945,75,7,<2></c><3>lookatthisso-called</c><4>“gemofthesea”</c><2></c>,called
94.578,94.711,75,7,<2></c><3>lookatthisso-</c><4>called“gemofthesea”</c><2></c>,so-
94.344,94.578,75,7,<2></c><3>lookatthis</c><4>so-called“gemofthesea”</c><2></c>,this
94.111,94.344,75,7,<2></c><3>lookat</c><4>thisso-called“gemofthesea”</c><2></c>,at
94.011,94.111,75,7,<2></c><3>look</c><4>atthisso-called“gemofthesea”</c><2></c>,look
29.48,30.647,61,0,<2></c><1>minamoniutsurujibungaitta</c><2></c>,ta
29.213,29.48,61,0,<2></c><1>minamoniutsurujibungait</c><4>ta</c><2></c>,t
29.079,29.213,61,0,<2></c><1>minamoniutsurujibungai</c><4>tta</c><2></c>,i
28.746,29.079,61,0,<2></c><1>minamoniutsurujibunga</c><4>itta</c><2></c>,ga
28.545,28.746,61,0,<2></c><1>minamoniutsurujibun</c><4>gaitta</c><2></c>,n
28.145,28.545,61,0,<2></c><1>minamoniutsurujibu</c><4>ngaitta</c><2></c>,bu
27.778,28.145,61,0,<2></c><1>minamoniutsuruji</c><4>bungaitta</c><2></c>,ji
27.544,27.778,61,0,<2></c><1>minamoniutsuru</c><4>jibungaitta</c><2></c>,ru
27.177,27.544,61,0,<2></c><1>minamoniutsu</c><4>rujibungaitta</c><2></c>,tsu
26.844,27.177,61,0,<2></c><1>minamoniu</c><4>tsurujibungaitta</c><2></c>,u
26.677,26.844,61,0,<2></c><1>minamoni</c><4>utsurujibungaitta</c><2></c>,ni
26.543,26.677,61,0,<2></c><1>minamo</c><4>niutsurujibungaitta</c><2></c>,mo
25.876,26.543,61,0,<2></c><1>mina</c><4>moniutsurujibungaitta</c><2></c>,na
25.376,25.876,61,0,<2></c><1>mi</c><4>namoniutsurujibungaitta</c><2></c>,mi
169.72,170.087,69,0,<2></c><1>miraiwamienaihougamashijanai?</c><2></c>,nai?
169.62,169.72,69,0,<2></c><1>miraiwamienaihougamashija</c><4>nai?</c><2></c>,ja
169.386,169.62,69,0,<2></c><1>miraiwamienaihougamashi</c><4>janai?</c><2></c>,shi
169.153,169.386,69,0,<2></c><1>miraiwamienaihougama</c><4>shijanai?</c><2></c>,ma
168.886,169.153,69,0,<2></c><1>miraiwamienaihouga</c><4>mashijanai?</c><2></c>,ga
168.785,168.886,69,0,<2></c><1>miraiwamienaihou</c><4>gamashijanai?</c><2></c>,u
168.652,168.785,69,0,<2></c><1>miraiwamienaiho</c><4>ugamashijanai?</c><2></c>,ho
168.285,168.652,69,0,<2></c><1>miraiwamienai</c><4>hougamashijanai?</c><2></c>,nai
168.185,168.285,69,0,<2></c><1>miraiwamie</c><4>naihougamashijanai?</c><2></c>,e
167.951,168.185,69,0,<2></c><1>miraiwami</c><4>enaihougamashijanai?</c><2></c>,mi
167.684,167.951,69,0,<2></c><1>miraiwa</c><4>mienaihougamashijanai?</c><2></c>,wa
167.451,167.684,69,0,<2></c><1>mirai</c><4>wamienaihougamashijanai?</c><2></c>,i
167.351,167.451,69,0,<2></c><1>mira</c><4>iwamienaihougamashijanai?</c><2></c>,ra
167.217,167.351,69,0,<2></c><1>mi</c><4>raiwamienaihougamashijanai?</c><2></c>,mi
57.408,58.742,-1,0,<2></c><1>nakunoyo</c><2></c>,yo
57.274,57.408,-1,0,<2></c><1>nakuno</c><4>yo</c><2></c>,no
57.041,57.274,-1,0,<2></c><1>naku</c><4>noyo</c><2></c>,ku
56.807,57.041,-1,0,<2></c><1>na</c><4>kunoyo</c><2></c>,na
69.753,70.487,67,0,<2></c><1>nozondeitawatashininaretakana</c><2></c>,na
69.653,69.753,67,0,<2></c><1>nozondeitawatashininaretaka</c><4>na</c><2></c>,ka
69.386,69.653,67,0,<2></c><1>nozondeitawatashininareta</c><4>kana</c><2></c>,ta
69.053,69.386,67,0,<2></c><1>nozondeitawatashininare</c><4>takana</c><2></c>,re
68.786,69.053,67,0,<2></c><1>nozondeitawatashinina</c><4>retakana</c><2></c>,na
68.552,68.786,67,0,<2></c><1>nozondeitawatashini</c><4>naretakana</c><2></c>,ni
68.318,68.552,67,0,<2></c><1>nozondeitawatashi</c><4>ninaretakana</c><2></c>,shi
67.985,68.318,67,0,<2></c><1>nozondeitawata</c><4>shininaretakana</c><2></c>,ta
67.718,67.985,67,0,<2></c><1>nozondeitawa</c><4>tashininaretakana</c><2></c>,wa
67.484,67.718,67,0,<2></c><1>nozondeita</c><4>watashininaretakana</c><2></c>,ta
67.351,67.484,67,0,<2></c><1>nozondei</c><4>tawatashininaretakana</c><2></c>,i
67.117,67.351,67,0,<2></c><1>nozonde</c><4>itawatashininaretakana</c><2></c>,de
66.884,67.117,67,0,<2></c><1>nozon</c><4>deitawatashininaretakana</c><2></c>,n
66.65,66.884,67,0,<2></c><1>nozo</c><4>ndeitawatashininaretakana</c><2></c>,zo
66.417,66.65,67,0,<2></c><1>no</c><4>zondeitawatashininaretakana</c><2></c>,no
97.347,97.748,78,7,<2></c><3>odd&amp;scrawnydon’tyouseewhatimean?</c><2></c>,mean?
97.181,97.347,78,7,<2></c><3>odd&amp;scrawnydon’tyouseewhati</c><4>mean?</c><2></c>,i
97.014,97.181,78,7,<2></c><3>odd&amp;scrawnydon’tyouseewhat</c><4>imean?</c><2></c>,what
96.914,97.014,78,7,<2></c><3>odd&amp;scrawnydon’tyousee</c><4>whatimean?</c><2></c>,see
96.78,96.914,78,7,<2></c><3>odd&amp;scrawnydon’tyou</c><4>seewhatimean?</c><2></c>,you
96.713,96.78,78,7,<2></c><3>odd&amp;scrawnydon’t</c><4>youseewhatimean?</c><2></c>,don’t
96.68,96.713,78,7,<2></c><3>odd&amp;scrawny</c><4>don’tyouseewhatimean?</c><2></c>,ny
96.413,96.68,78,7,<2></c><3>odd&amp;scraw</c><4>nydon’tyouseewhatimean?</c><2></c>,scraw
96.213,96.413,78,7,<2></c><3>odd&amp;</c><4>scrawnydon’tyouseewhatimean?</c><2></c>,&amp;
95.946,96.213,78,7,<2></c><3>odd</c><4>&amp;scrawnydon’tyouseewhatimean?</c><2></c>,odd
63.18,64.481,-1,0,<2></c><1>oshiete</c><2></c>,te
63.047,63.18,-1,0,<2></c><1>oshie</c><4>te</c><2></c>,e
62.78,63.047,-1,0,<2></c><1>oshi</c><4>ete</c><2></c>,shi
62.579,62.78,-1,0,<2></c><1>o</c><4>shiete</c><2></c>,o
190.941,191.308,-1,7,<2></c><3>returntothesea</c><2></c>,sea
190.807,190.941,-1,7,<2></c><3>returntothe</c><4>sea</c><2></c>,the
190.674,190.807,-1,7,<2></c><3>returnto</c><4>thesea</c><2></c>,to
190.44,190.674,-1,7,<2></c><3>return</c><4>tothesea</c><2></c>,turn
190.24,190.44,-1,7,<2></c><3>re</c><4>turntothesea</c><2></c>,re
99.55,100.717,86,7,<2></c><3>returntowhatyouknowitain\'tmuchiknow.</c><2></c>,know.
99.383,99.55,86,7,<2></c><3>returntowhatyouknowitain\'tmuchi</c><4>know.</c><2></c>,i
99.149,99.383,86,7,<2></c><3>returntowhatyouknowitain\'tmuch</c><4>iknow.</c><2></c>,much
98.949,99.149,86,7,<2></c><3>returntowhatyouknowitain\'t</c><4>muchiknow.</c><2></c>,ain\'t
98.816,98.949,86,7,<2></c><3>returntowhatyouknowit</c><4>ain\'tmuchiknow.</c><2></c>,it
98.582,98.816,86,7,<2></c><3>returntowhatyouknow</c><4>itain\'tmuchiknow.</c><2></c>,know
98.382,98.582,86,7,<2></c><3>returntowhatyou</c><4>knowitain\'tmuchiknow.</c><2></c>,you
98.215,98.382,86,7,<2></c><3>returntowhat</c><4>youknowitain\'tmuchiknow.</c><2></c>,what
98.115,98.215,86,7,<2></c><3>returnto</c><4>whatyouknowitain\'tmuchiknow.</c><2></c>,to
97.848,98.115,86,7,<2></c><3>return</c><4>towhatyouknowitain\'tmuchiknow.</c><2></c>,turn
97.748,97.848,86,7,<2></c><3>re</c><4>turntowhatyouknowitain\'tmuchiknow.</c><2></c>,re
111.528,111.762,61,0,<2></c><1>risounosugatajanakuteiino</c><2></c>,no
111.395,111.528,61,0,<2></c><1>risounosugatajanakuteii</c><4>no</c><2></c>,i
111.295,111.395,61,0,<2></c><1>risounosugatajanakutei</c><4>ino</c><2></c>,i
111.095,111.295,61,0,<2></c><1>risounosugatajanakute</c><4>iino</c><2></c>,te
110.961,111.095,61,0,<2></c><1>risounosugatajanaku</c><4>teiino</c><2></c>,ku
110.794,110.961,61,0,<2></c><1>risounosugatajana</c><4>kuteiino</c><2></c>,na
110.627,110.794,61,0,<2></c><1>risounosugataja</c><4>nakuteiino</c><2></c>,ja
110.461,110.627,61,0,<2></c><1>risounosugata</c><4>janakuteiino</c><2></c>,ta
110.26,110.461,61,0,<2></c><1>risounosuga</c><4>tajanakuteiino</c><2></c>,ga
110.06,110.26,61,0,<2></c><1>risounosu</c><4>gatajanakuteiino</c><2></c>,su
109.726,110.06,61,0,<2></c><1>risouno</c><4>sugatajanakuteiino</c><2></c>,no
109.56,109.726,61,0,<2></c><1>risou</c><4>nosugatajanakuteiino</c><2></c>,u
109.359,109.56,61,0,<2></c><1>riso</c><4>unosugatajanakuteiino</c><2></c>,so
109.193,109.359,61,0,<2></c><1>ri</c><4>sounosugatajanakuteiino</c><2></c>,ri
131.715,132.649,-1,7,<2></c><3>saa</c><2></c>,a
130.981,131.715,-1,7,<2></c><3>sa</c><4>a</c><2></c>,sa
201.418,202.719,-1,0,<2></c><1>sayonara</c><2></c>,ra
201.285,201.418,-1,0,<2></c><1>sayona</c><4>ra</c><2></c>,na
201.051,201.285,-1,0,<2></c><1>sayo</c><4>nara</c><2></c>,yo
200.784,201.051,-1,0,<2></c><1>sa</c><4>yonara</c><2></c>,sa
193.744,195.045,-1,0,<2></c><1>sayonara</c><2></c>,ra
193.61,193.744,-1,0,<2></c><1>sayona</c><4>ra</c><2></c>,na
193.41,193.61,-1,0,<2></c><1>sayo</c><4>nara</c><2></c>,yo
193.143,193.41,-1,0,<2></c><1>sa</c><4>yonara</c><2></c>,sa
172.589,173.924,-1,0,<2></c><1>shizukani</c><2></c>,ni
172.456,172.589,-1,0,<2></c><1>shizuka</c><4>ni</c><2></c>,ka
172.222,172.456,-1,0,<2></c><1>shizu</c><4>kani</c><2></c>,zu
171.989,172.222,-1,0,<2></c><1>shi</c><4>zukani</c><2></c>,shi
181.064,181.732,59,7,<2></c><3>soyouthinkthat’sallhuh?</c><2></c>,huh?
180.597,181.064,59,7,<2></c><3>soyouthinkthat’sall</c><4>huh?</c><2></c>,all
180.364,180.597,59,7,<2></c><3>soyouthinkthat’s</c><4>allhuh?</c><2></c>,that’s
180.13,180.364,59,7,<2></c><3>soyouthink</c><4>that’sallhuh?</c><2></c>,think
179.997,180.13,59,7,<2></c><3>soyou</c><4>thinkthat’sallhuh?</c><2></c>,you
179.429,179.997,59,7,<2></c><3>so</c><4>youthinkthat’sallhuh?</c><2></c>,so
208.025,208.725,59,0,<2></c><1>subeteukeireteikiteikukara</c><2></c>,ra
207.891,208.025,59,0,<2></c><1>subeteukeireteikiteikuka</c><4>ra</c><2></c>,ka
207.658,207.891,59,0,<2></c><1>subeteukeireteikiteiku</c><4>kara</c><2></c>,ku
207.357,207.658,59,0,<2></c><1>subeteukeireteikitei</c><4>kukara</c><2></c>,i
207.057,207.357,59,0,<2></c><1>subeteukeireteikite</c><4>ikukara</c><2></c>,te
206.823,207.057,59,0,<2></c><1>subeteukeireteiki</c><4>teikukara</c><2></c>,ki
206.557,206.823,59,0,<2></c><1>subeteukeiretei</c><4>kiteikukara</c><2></c>,i
206.223,206.557,59,0,<2></c><1>subeteukeirete</c><4>ikiteikukara</c><2></c>,te
205.989,206.223,59,0,<2></c><1>subeteukeire</c><4>teikiteikukara</c><2></c>,re
205.756,205.989,59,0,<2></c><1>subeteukei</c><4>reteikiteikukara</c><2></c>,i
205.622,205.756,59,0,<2></c><1>subeteuke</c><4>ireteikiteikukara</c><2></c>,ke
205.355,205.622,59,0,<2></c><1>subeteu</c><4>keireteikiteikukara</c><2></c>,u
205.155,205.355,59,0,<2></c><1>subete</c><4>ukeireteikiteikukara</c><2></c>,te
204.888,205.155,59,0,<2></c><1>sube</c><4>teukeireteikiteikukara</c><2></c>,be
204.621,204.888,59,0,<2></c><1>su</c><4>beteukeireteikiteikukara</c><2></c>,su
114.998,115.132,56,0,<2></c><1>tadawakattehoshiidakeyo</c><2></c>,yo
114.832,114.998,56,0,<2></c><1>tadawakattehoshiidake</c><4>yo</c><2></c>,ke
114.665,114.832,56,0,<2></c><1>tadawakattehoshiida</c><4>keyo</c><2></c>,da
114.498,114.665,56,0,<2></c><1>tadawakattehoshii</c><4>dakeyo</c><2></c>,i
114.364,114.498,56,0,<2></c><1>tadawakattehoshi</c><4>idakeyo</c><2></c>,shi
114.164,114.364,56,0,<2></c><1>tadawakatteho</c><4>shiidakeyo</c><2></c>,ho
113.997,114.164,56,0,<2></c><1>tadawakatte</c><4>hoshiidakeyo</c><2></c>,te
113.864,113.997,56,0,<2></c><1>tadawakat</c><4>tehoshiidakeyo</c><2></c>,t
113.697,113.864,56,0,<2></c><1>tadawaka</c><4>ttehoshiidakeyo</c><2></c>,ka
113.564,113.697,56,0,<2></c><1>tadawa</c><4>kattehoshiidakeyo</c><2></c>,wa
113.397,113.564,56,0,<2></c><1>tada</c><4>wakattehoshiidakeyo</c><2></c>,da
113.23,113.397,56,0,<2></c><1>ta</c><4>dawakattehoshiidakeyo</c><2></c>,ta
124.374,124.741,56,7,<2></c><3>tsuraitsuraitsuraitsurai</c><2></c>,i
124.274,124.374,56,7,<2></c><3>tsuraitsuraitsuraitsura</c><4>i</c><2></c>,ra
124.174,124.274,56,7,<2></c><3>tsuraitsuraitsuraitsu</c><4>rai</c><2></c>,tsu
123.907,124.174,56,7,<2></c><3>tsuraitsuraitsurai</c><4>tsurai</c><2></c>,i
123.807,123.907,56,7,<2></c><3>tsuraitsuraitsura</c><4>itsurai</c><2></c>,ra
123.674,123.807,56,7,<2></c><3>tsuraitsuraitsu</c><4>raitsurai</c><2></c>,tsu
123.407,123.674,56,7,<2></c><3>tsuraitsurai</c><4>tsuraitsurai</c><2></c>,i
123.307,123.407,56,7,<2></c><3>tsuraitsura</c><4>itsuraitsurai</c><2></c>,ra
123.207,123.307,56,7,<2></c><3>tsuraitsu</c><4>raitsuraitsurai</c><2></c>,tsu
122.94,123.207,56,7,<2></c><3>tsurai</c><4>tsuraitsuraitsurai</c><2></c>,i
122.84,122.94,56,7,<2></c><3>tsura</c><4>itsuraitsuraitsurai</c><2></c>,ra
122.739,122.84,56,7,<2></c><3>tsu</c><4>raitsuraitsuraitsurai</c><2></c>,tsu
53.704,54.905,64,0,<2></c><1>uminosokokurayaminikieteiku</c><2></c>,ku
53.47,53.704,64,0,<2></c><1>uminosokokurayaminikietei</c><4>ku</c><2></c>,i
51.769,53.47,64,0,<2></c><1>uminosokokurayaminikiete</c><4>iku</c><2></c>,te
51.535,51.769,64,0,<2></c><1>uminosokokurayaminikie</c><4>teiku</c><2></c>,e
51.135,51.535,64,0,<2></c><1>uminosokokurayaminiki</c><4>eteiku</c><2></c>,ki
50.834,51.135,64,0,<2></c><1>uminosokokurayamini</c><4>kieteiku</c><2></c>,ni
50.567,50.834,64,0,<2></c><1>uminosokokurayami</c><4>nikieteiku</c><2></c>,mi
50.234,50.567,64,0,<2></c><1>uminosokokuraya</c><4>minikieteiku</c><2></c>,ya
49.867,50.234,64,0,<2></c><1>uminosokokura</c><4>yaminikieteiku</c><2></c>,ra
49.6,49.867,64,0,<2></c><1>uminosokoku</c><4>rayaminikieteiku</c><2></c>,ku
48.899,49.6,64,0,<2></c><1>uminosoko</c><4>kurayaminikieteiku</c><2></c>,ko
48.599,48.899,64,0,<2></c><1>uminoso</c><4>kokurayaminikieteiku</c><2></c>,so
48.298,48.599,64,0,<2></c><1>umino</c><4>sokokurayaminikieteiku</c><2></c>,no
47.931,48.298,64,0,<2></c><1>umi</c><4>nosokokurayaminikieteiku</c><2></c>,mi
47.698,47.931,64,0,<2></c><1>u</c><4>minosokokurayaminikieteiku</c><2></c>,u
211.995,213.263,61,0,<2></c><1>uminosokowatsumaranaikedo</c><2></c>,do
211.862,211.995,61,0,<2></c><1>uminosokowatsumaranaike</c><4>do</c><2></c>,ke
211.595,211.862,61,0,<2></c><1>uminosokowatsumaranai</c><4>kedo</c><2></c>,i
211.361,211.595,61,0,<2></c><1>uminosokowatsumarana</c><4>ikedo</c><2></c>,na
211.128,211.361,61,0,<2></c><1>uminosokowatsumara</c><4>naikedo</c><2></c>,ra
210.994,211.128,61,0,<2></c><1>uminosokowatsuma</c><4>ranaikedo</c><2></c>,ma
210.894,210.994,61,0,<2></c><1>uminosokowatsu</c><4>maranaikedo</c><2></c>,tsu
210.527,210.894,61,0,<2></c><1>uminosokowa</c><4>tsumaranaikedo</c><2></c>,wa
210.394,210.527,61,0,<2></c><1>uminosoko</c><4>watsumaranaikedo</c><2></c>,ko
210.194,210.394,61,0,<2></c><1>uminoso</c><4>kowatsumaranaikedo</c><2></c>,so
209.927,210.194,61,0,<2></c><1>umino</c><4>sokowatsumaranaikedo</c><2></c>,no
209.693,209.927,61,0,<2></c><1>umi</c><4>nosokowatsumaranaikedo</c><2></c>,mi
209.426,209.693,61,0,<2></c><1>u</c><4>minosokowatsumaranaikedo</c><2></c>,u
73.724,75.025,66,0,<2></c><1>usowatsukanaidemohontoujanai</c><2></c>,nai
73.59,73.724,66,0,<2></c><1>usowatsukanaidemohontouja</c><4>nai</c><2></c>,ja
73.357,73.59,66,0,<2></c><1>usowatsukanaidemohontou</c><4>janai</c><2></c>,tou
73.157,73.357,66,0,<2></c><1>usowatsukanaidemohon</c><4>toujanai</c><2></c>,n
72.89,73.157,66,0,<2></c><1>usowatsukanaidemoho</c><4>ntoujanai</c><2></c>,ho
72.756,72.89,66,0,<2></c><1>usowatsukanaidemo</c><4>hontoujanai</c><2></c>,mo
72.656,72.756,66,0,<2></c><1>usowatsukanaide</c><4>mohontoujanai</c><2></c>,de
72.289,72.656,66,0,<2></c><1>usowatsukanai</c><4>demohontoujanai</c><2></c>,nai
72.156,72.289,66,0,<2></c><1>usowatsuka</c><4>naidemohontoujanai</c><2></c>,ka
71.955,72.156,66,0,<2></c><1>usowatsu</c><4>kanaidemohontoujanai</c><2></c>,tsu
71.688,71.955,66,0,<2></c><1>usowa</c><4>tsukanaidemohontoujanai</c><2></c>,wa
71.455,71.688,66,0,<2></c><1>uso</c><4>watsukanaidemohontoujanai</c><2></c>,so
71.221,71.455,66,0,<2></c><1>u</c><4>sowatsukanaidemohontoujanai</c><2></c>,u
84.301,86.336,58,0,<2></c><1>wakariaerutokigakuruno?</c><2></c>,no?
84.168,84.301,58,0,<2></c><1>wakariaerutokigakuru</c><4>no?</c><2></c>,ru
83.901,84.168,58,0,<2></c><1>wakariaerutokigaku</c><4>runo?</c><2></c>,ku
83.667,83.901,58,0,<2></c><1>wakariaerutokiga</c><4>kuruno?</c><2></c>,ga
83.3,83.667,58,0,<2></c><1>wakariaerutoki</c><4>gakuruno?</c><2></c>,ki
83.067,83.3,58,0,<2></c><1>wakariaeruto</c><4>kigakuruno?</c><2></c>,to
82.833,83.067,58,0,<2></c><1>wakariaeru</c><4>tokigakuruno?</c><2></c>,ru
82.666,82.833,58,0,<2></c><1>wakariae</c><4>rutokigakuruno?</c><2></c>,e
82.466,82.666,58,0,<2></c><1>wakaria</c><4>erutokigakuruno?</c><2></c>,a
82.232,82.466,58,0,<2></c><1>wakari</c><4>aerutokigakuruno?</c><2></c>,ri
81.999,82.232,58,0,<2></c><1>waka</c><4>riaerutokigakuruno?</c><2></c>,ka
81.765,81.999,58,0,<2></c><1>wa</c><4>kariaerutokigakuruno?</c><2></c>,wa
139.189,139.823,-1,0,<2></c><1>watashinarinokotae</c><2></c>,e
138.889,139.189,-1,0,<2></c><1>watashinarinokota</c><4>e</c><2></c>,ta
138.522,138.889,-1,0,<2></c><1>watashinarinoko</c><4>tae</c><2></c>,ko
138.222,138.522,-1,0,<2></c><1>watashinarino</c><4>kotae</c><2></c>,no
137.888,138.222,-1,0,<2></c><1>watashinari</c><4>nokotae</c><2></c>,ri
137.554,137.888,-1,0,<2></c><1>watashina</c><4>rinokotae</c><2></c>,na
137.221,137.554,-1,0,<2></c><1>watashi</c><4>narinokotae</c><2></c>,shi
136.92,137.221,-1,0,<2></c><1>wata</c><4>shinarinokotae</c><2></c>,ta
136.587,136.92,-1,0,<2></c><1>wa</c><4>tashinarinokotae</c><2></c>,wa
176.46,177.995,-1,0,<2></c><1>watashiomimamotteitene</c><2></c>,ne
176.326,176.46,-1,0,<2></c><1>watashiomimamotteite</c><4>ne</c><2></c>,te
176.093,176.326,-1,0,<2></c><1>watashiomimamottei</c><4>tene</c><2></c>,i
175.826,176.093,-1,0,<2></c><1>watashiomimamotte</c><4>itene</c><2></c>,te
175.459,175.826,-1,0,<2></c><1>watashiomimamot</c><4>teitene</c><2></c>,t
175.259,175.459,-1,0,<2></c><1>watashiomimamo</c><4>tteitene</c><2></c>,mo
174.992,175.259,-1,0,<2></c><1>watashiomima</c><4>motteitene</c><2></c>,ma
174.892,174.992,-1,0,<2></c><1>watashiomi</c><4>mamotteitene</c><2></c>,mi
174.625,174.892,-1,0,<2></c><1>watashio</c><4>mimamotteitene</c><2></c>,o
174.391,174.625,-1,0,<2></c><1>watashi</c><4>omimamotteitene</c><2></c>,shi
174.158,174.391,-1,0,<2></c><1>wata</c><4>shiomimamotteitene</c><2></c>,ta
173.924,174.158,-1,0,<2></c><1>wa</c><4>tashiomimamotteitene</c><2></c>,wa
113.063,113.23,-1,0,<2></c><1>watashirashikuareba</c><2></c>,ba
112.863,113.063,-1,0,<2></c><1>watashirashikuare</c><4>ba</c><2></c>,re
112.763,112.863,-1,0,<2></c><1>watashirashikua</c><4>reba</c><2></c>,a
112.563,112.763,-1,0,<2></c><1>watashirashiku</c><4>areba</c><2></c>,ku
112.429,112.563,-1,0,<2></c><1>watashirashi</c><4>kuareba</c><2></c>,shi
112.229,112.429,-1,0,<2></c><1>watashira</c><4>shikuareba</c><2></c>,ra
112.029,112.229,-1,0,<2></c><1>watashi</c><4>rashikuareba</c><2></c>,shi
111.895,112.029,-1,0,<2></c><1>wata</c><4>shirashikuareba</c><2></c>,ta
111.762,111.895,-1,0,<2></c><1>wa</c><4>tashirashikuareba</c><2></c>,wa
222.639,224.575,-1,0,<2></c><1>watashirashikuikiteikou</c><2></c>,u
222.406,222.639,-1,0,<2></c><1>watashirashikuikiteiko</c><4>u</c><2></c>,ko
222.172,222.406,-1,0,<2></c><1>watashirashikuikitei</c><4>kou</c><2></c>,i
221.939,222.172,-1,0,<2></c><1>watashirashikuikite</c><4>ikou</c><2></c>,te
221.538,221.939,-1,0,<2></c><1>watashirashikuiki</c><4>teikou</c><2></c>,ki
221.338,221.538,-1,0,<2></c><1>watashirashikui</c><4>kiteikou</c><2></c>,i
221.071,221.338,-1,0,<2></c><1>watashirashiku</c><4>ikiteikou</c><2></c>,ku
220.938,221.071,-1,0,<2></c><1>watashirashi</c><4>kuikiteikou</c><2></c>,shi
220.737,220.938,-1,0,<2></c><1>watashira</c><4>shikuikiteikou</c><2></c>,ra
220.47,220.737,-1,0,<2></c><1>watashi</c><4>rashikuikiteikou</c><2></c>,shi
220.237,220.47,-1,0,<2></c><1>wata</c><4>shirashikuikiteikou</c><2></c>,ta
220.003,220.237,-1,0,<2></c><1>wa</c><4>tashirashikuikiteikou</c><2></c>,wa
65.082,66.417,-1,0,<2></c><1>watashiwa</c><2></c>,wa
64.948,65.082,-1,0,<2></c><1>watashi</c><4>wa</c><2></c>,shi
64.715,64.948,-1,0,<2></c><1>wata</c><4>shiwa</c><2></c>,ta
64.481,64.715,-1,0,<2></c><1>wa</c><4>tashiwa</c><2></c>,wa
104.555,105.055,64,0,<2></c><1>watashiwaanatatowachigauno</c><2></c>,no
104.321,104.555,64,0,<2></c><1>watashiwaanatatowachigau</c><4>no</c><2></c>,u
104.088,104.321,64,0,<2></c><1>watashiwaanatatowachiga</c><4>uno</c><2></c>,ga
103.887,104.088,64,0,<2></c><1>watashiwaanatatowachi</c><4>gauno</c><2></c>,chi
103.587,103.887,64,0,<2></c><1>watashiwaanatatowa</c><4>chigauno</c><2></c>,wa
103.42,103.587,64,0,<2></c><1>watashiwaanatato</c><4>wachigauno</c><2></c>,to
103.12,103.42,64,0,<2></c><1>watashiwaanata</c><4>towachigauno</c><2></c>,ta
102.92,103.12,64,0,<2></c><1>watashiwaana</c><4>tatowachigauno</c><2></c>,na
102.653,102.92,64,0,<2></c><1>watashiwaa</c><4>natatowachigauno</c><2></c>,a
102.453,102.653,64,0,<2></c><1>watashiwa</c><4>anatatowachigauno</c><2></c>,wa
102.319,102.453,64,0,<2></c><1>watashi</c><4>waanatatowachigauno</c><2></c>,shi
102.152,102.319,64,0,<2></c><1>wata</c><4>shiwaanatatowachigauno</c><2></c>,ta
101.985,102.152,64,0,<2></c><1>wa</c><4>tashiwaanatatowachigauno</c><2></c>,wa
105.522,105.989,-1,0,<2></c><1>yameteyo</c><2></c>,yo
105.355,105.522,-1,0,<2></c><1>yamete</c><4>yo</c><2></c>,te
105.222,105.355,-1,0,<2></c><1>yame</c><4>teyo</c><2></c>,me
105.055,105.222,-1,0,<2></c><1>ya</c><4>meteyo</c><2></c>,ya
135.285,136.587,-1,0,<2></c><1>zuttooimotometa</c><2></c>,ta
134.985,135.285,-1,0,<2></c><1>zuttooimotome</c><4>ta</c><2></c>,me
134.651,134.985,-1,0,<2></c><1>zuttooimoto</c><4>meta</c><2></c>,to
134.351,134.651,-1,0,<2></c><1>zuttooimo</c><4>tometa</c><2></c>,mo
134.017,134.351,-1,0,<2></c><1>zuttooi</c><4>motometa</c><2></c>,i
133.65,134.017,-1,0,<2></c><1>zuttoo</c><4>imotometa</c><2></c>,o
133.35,133.65,-1,0,<2></c><1>zutto</c><4>oimotometa</c><2></c>,to
133.083,133.35,-1,0,<2></c><1>zut</c><4>tooimotometa</c><2></c>,t
132.649,133.083,-1,0,<2></c><1>zu</c><4>ttooimotometa</c><2></c>,zu
43.127,44.561,-1,0,<2></c><1>zuttoosoreteita</c><2></c>,ta
42.893,43.127,-1,0,<2></c><1>zuttoosoretei</c><4>ta</c><2></c>,i
42.526,42.893,-1,0,<2></c><1>zuttoosorete</c><4>ita</c><2></c>,te
42.192,42.526,-1,0,<2></c><1>zuttoosore</c><4>teita</c><2></c>,re
41.925,42.192,-1,0,<2></c><1>zuttooso</c><4>reteita</c><2></c>,so
41.592,41.925,-1,0,<2></c><1>zuttoo</c><4>soreteita</c><2></c>,o
41.225,41.592,-1,0,<2></c><1>zutto</c><4>osoreteita</c><2></c>,to
40.991,41.225,-1,0,<2></c><1>zut</c><4>toosoreteita</c><2></c>,t
40.691,40.991,-1,0,<2></c><1>zu</c><4>ttoosoreteita</c><2></c>,zu
8.692,9.526,61,7,<2></c><3>εκλόγουάλλοςεκβαίνειλόγος.</c><2></c>,γος.
8.459,8.692,61,7,<2></c><3>εκλόγουάλλοςεκβαίνειλό</c><4>γος.</c><2></c>,λό
8.225,8.459,61,7,<2></c><3>εκλόγουάλλοςεκβαίνει</c><4>λόγος.</c><2></c>,νει
8.025,8.225,61,7,<2></c><3>εκλόγουάλλοςεκβαί</c><4>νειλόγος.</c><2></c>,βαί
7.858,8.025,61,7,<2></c><3>εκλόγουάλλοςεκ</c><4>βαίνειλόγος.</c><2></c>,εκ
7.091,7.858,61,7,<2></c><3>εκλόγουάλλος</c><4>εκβαίνειλόγος.</c><2></c>,λος
6.89,7.091,61,7,<2></c><3>εκλόγουάλ</c><4>λοςεκβαίνειλόγος.</c><2></c>,άλ
6.357,6.89,61,7,<2></c><3>εκλόγου</c><4>άλλοςεκβαίνειλόγος.</c><2></c>,γου
6.056,6.357,61,7,<2></c><3>εκλό</c><4>γουάλλοςεκβαίνειλόγος.</c><2></c>,λό
5.789,6.056,61,7,<2></c><3>εκ</c><4>λόγουάλλοςεκβαίνειλόγος.</c><2></c>,εκ
238.956,239.957,-1,7,<2></c><3>ουδένκακόναμιγέςκαλού.</c><2></c>,ού.
238.655,238.956,-1,7,<2></c><3>ουδένκακόναμιγέςκαλ</c><4>ού.</c><2></c>,καλ
238.288,238.655,-1,7,<2></c><3>ουδένκακόναμιγές</c><4>καλού.</c><2></c>,ές
237.988,238.288,-1,7,<2></c><3>ουδένκακόναμιγ</c><4>έςκαλού.</c><2></c>,ιγ
237.854,237.988,-1,7,<2></c><3>ουδένκακόναμ</c><4>ιγέςκαλού.</c><2></c>,αμ
236.787,237.854,-1,7,<2></c><3>ουδένκακόν</c><4>αμιγέςκαλού.</c><2></c>,κόν
236.62,236.787,-1,7,<2></c><3>ουδένκα</c><4>κόναμιγέςκαλού.</c><2></c>,κα
236.32,236.62,-1,7,<2></c><3>ουδέν</c><4>κακόναμιγέςκαλού.</c><2></c>,δέν
236.086,236.32,-1,7,<2></c><3>ου</c><4>δένκακόναμιγέςκαλού.</c><2></c>,ου
