start,end,line,unformatted,remainder,prev_remainder,prev_unformatted,token
200.717,202.819,85,lalalalalalalala,la,,,la
200.517,200.717,85,lalalalalalalala,lala,la,lalalalalalalala,la
199.983,200.517,85,lalalalalalalala,lalala,lala,lalalalalalalala,la
199.65,199.983,85,lalalalalalalala,lalalala,lalala,lalalalalalalala,la
199.283,199.65,85,lalalalalalalala,lalalalala,lalalala,lalalalalalalala,la
198.916,199.283,85,lalalalalalalala,lalalalalala,lalalalala,lalalalalalalala,la
198.549,198.916,85,lalalalalalalala,lalalalalalala,lalalalalala,lalalalalalalala,la
198.382,198.549,85,lalalalalalalala,lalalalalalalala,lalalalalalala,lalalalalalalala,la
197.848,198.382,85,lalalalalalalala,la,lalalalalalalala,lalalalalalalala,la
197.648,197.848,85,lalalalalalalala,lala,la,lalalalalalalala,la
197.114,197.648,85,lalalalalalalala,lalala,lala,lalalalalalalala,la
196.747,197.114,85,lalalalalalalala,lalalala,lalala,lalalalalalalala,la
196.413,196.747,85,lalalalalalalala,lalalalala,lalalala,lalalalalalalala,la
196.046,196.413,85,lalalalalalalala,lalalalalala,lalalalala,lalalalalalalala,la
195.679,196.046,85,lalalalalalalala,lalalalalalala,lalalalalala,lalalalalalalala,la
195.512,195.679,85,lalalalalalalala,lalalalalalalala,lalalalalalala,lalalalalalalala,la
189.273,191.375,85,lalalalalalalala,la,lalalalalalalala,lalalalalalalala,la
189.072,189.273,85,lalalalalalalala,lala,la,lalalalalalalala,la
188.539,189.072,85,lalalalalalalala,lalala,lala,lalalalalalalala,la
188.205,188.539,85,lalalalalalalala,lalalala,lalala,lalalalalalalala,la
187.838,188.205,85,lalalalalalalala,lalalalala,lalalala,lalalalalalalala,la
187.471,187.838,85,lalalalalalalala,lalalalalala,lalalalala,lalalalalalalala,la
187.104,187.471,85,lalalalalalalala,lalalalalalala,lalalalalala,lalalalalalalala,la
186.937,187.104,85,lalalalalalalala,lalalalalalalala,lalalalalalala,lalalalalalalala,la
186.403,186.937,85,lalalalalalalala,la,lalalalalalalala,lalalalalalalala,la
186.203,186.403,85,lalalalalalalala,lala,la,lalalalalalalala,la
185.669,186.203,85,lalalalalalalala,lalala,lala,lalalalalalalala,la
185.302,185.669,85,lalalalalalalala,lalalala,lalala,lalalalalalalala,la
184.968,185.302,85,lalalalalalalala,lalalalala,lalalala,lalalalalalalala,la
184.601,184.968,85,lalalalalalalala,lalalalalala,lalalalala,lalalalalalalala,la
184.234,184.601,85,lalalalalalalala,lalalalalalala,lalalalalala,lalalalalalalala,la
184.067,184.234,85,lalalalalalalala,lalalalalalalala,lalalalalalala,lalalalalalalala,la
9.96,11.395,91,recording&amp;mixingengineer：菊池司（arterefact）,recording&amp;mixingengineer：菊池司（arterefact）,lalalalalalalala,lalalalalalalala,recording&amp;mixingengineer：菊池司（arterefact）
127.478,129.947,-1,この気(き)持(も)ち言(こと)葉(ば)すら越(こ)えて届(とど)けるのさ,さ,recording&amp;mixingengineer：菊池司（arterefact）,recording&amp;mixingengineer：菊池司（arterefact）,さ
127.311,127.478,-1,この気(き)持(も)ち言(こと)葉(ば)すら越(こ)えて届(とど)けるのさ,のさ,さ,この気(き)持(も)ち言(こと)葉(ば)すら越(こ)えて届(とど)けるのさ,の
126.944,127.311,-1,この気(き)持(も)ち言(こと)葉(ば)すら越(こ)えて届(とど)けるのさ,るのさ,のさ,この気(き)持(も)ち言(こと)葉(ば)すら越(こ)えて届(とど)けるのさ,る
126.777,126.944,-1,この気(き)持(も)ち言(こと)葉(ば)すら越(こ)えて届(とど)けるのさ,けるのさ,るのさ,この気(き)持(も)ち言(こと)葉(ば)すら越(こ)えて届(とど)けるのさ,け
126.21,126.777,-1,この気(き)持(も)ち言(こと)葉(ば)すら越(こ)えて届(とど)けるのさ,届(とど)けるのさ,けるのさ,この気(き)持(も)ち言(こと)葉(ば)すら越(こ)えて届(とど)けるのさ,届(とど)
125.676,126.21,-1,この気(き)持(も)ち言(こと)葉(ば)すら越(こ)えて届(とど)けるのさ,て届(とど)けるのさ,届(とど)けるのさ,この気(き)持(も)ち言(こと)葉(ば)すら越(こ)えて届(とど)けるのさ,て
125.342,125.676,-1,この気(き)持(も)ち言(こと)葉(ば)すら越(こ)えて届(とど)けるのさ,えて届(とど)けるのさ,て届(とど)けるのさ,この気(き)持(も)ち言(こと)葉(ば)すら越(こ)えて届(とど)けるのさ,え
124.975,125.342,-1,この気(き)持(も)ち言(こと)葉(ば)すら越(こ)えて届(とど)けるのさ,越(こ)えて届(とど)けるのさ,えて届(とど)けるのさ,この気(き)持(も)ち言(こと)葉(ば)すら越(こ)えて届(とど)けるのさ,越(こ)
124.608,124.975,-1,この気(き)持(も)ち言(こと)葉(ば)すら越(こ)えて届(とど)けるのさ,ら越(こ)えて届(とど)けるのさ,越(こ)えて届(とど)けるのさ,この気(き)持(も)ち言(こと)葉(ば)すら越(こ)えて届(とど)けるのさ,ら
124.274,124.608,-1,この気(き)持(も)ち言(こと)葉(ば)すら越(こ)えて届(とど)けるのさ,すら越(こ)えて届(とど)けるのさ,ら越(こ)えて届(とど)けるのさ,この気(き)持(も)ち言(こと)葉(ば)すら越(こ)えて届(とど)けるのさ,す
123.907,124.274,-1,この気(き)持(も)ち言(こと)葉(ば)すら越(こ)えて届(とど)けるのさ,葉(ば)すら越(こ)えて届(とど)けるのさ,すら越(こ)えて届(とど)けるのさ,この気(き)持(も)ち言(こと)葉(ば)すら越(こ)えて届(とど)けるのさ,葉(ば)
123.173,123.907,-1,この気(き)持(も)ち言(こと)葉(ば)すら越(こ)えて届(とど)けるのさ,言(こと)葉(ば)すら越(こ)えて届(とど)けるのさ,葉(ば)すら越(こ)えて届(とど)けるのさ,この気(き)持(も)ち言(こと)葉(ば)すら越(こ)えて届(とど)けるのさ,言(こと)
122.84,123.173,-1,この気(き)持(も)ち言(こと)葉(ば)すら越(こ)えて届(とど)けるのさ,ち言(こと)葉(ば)すら越(こ)えて届(とど)けるのさ,言(こと)葉(ば)すら越(こ)えて届(とど)けるのさ,この気(き)持(も)ち言(こと)葉(ば)すら越(こ)えて届(とど)けるのさ,ち
122.473,122.84,-1,この気(き)持(も)ち言(こと)葉(ば)すら越(こ)えて届(とど)けるのさ,持(も)ち言(こと)葉(ば)すら越(こ)えて届(とど)けるのさ,ち言(こと)葉(ば)すら越(こ)えて届(とど)けるのさ,この気(き)持(も)ち言(こと)葉(ば)すら越(こ)えて届(とど)けるのさ,持(も)
122.106,122.473,-1,この気(き)持(も)ち言(こと)葉(ば)すら越(こ)えて届(とど)けるのさ,気(き)持(も)ち言(こと)葉(ば)すら越(こ)えて届(とど)けるのさ,持(も)ち言(こと)葉(ば)すら越(こ)えて届(とど)けるのさ,この気(き)持(も)ち言(こと)葉(ば)すら越(こ)えて届(とど)けるのさ,気(き)
121.772,122.106,-1,この気(き)持(も)ち言(こと)葉(ば)すら越(こ)えて届(とど)けるのさ,の気(き)持(も)ち言(こと)葉(ば)すら越(こ)えて届(とど)けるのさ,気(き)持(も)ち言(こと)葉(ば)すら越(こ)えて届(とど)けるのさ,この気(き)持(も)ち言(こと)葉(ば)すら越(こ)えて届(とど)けるのさ,の
121.405,121.772,-1,この気(き)持(も)ち言(こと)葉(ば)すら越(こ)えて届(とど)けるのさ,この気(き)持(も)ち言(こと)葉(ば)すら越(こ)えて届(とど)けるのさ,の気(き)持(も)ち言(こと)葉(ば)すら越(こ)えて届(とど)けるのさ,この気(き)持(も)ち言(こと)葉(ば)すら越(こ)えて届(とど)けるのさ,こ
217.634,218.902,-1,これからもずっとありがとう,う,この気(き)持(も)ち言(こと)葉(ば)すら越(こ)えて届(とど)けるのさ,この気(き)持(も)ち言(こと)葉(ば)すら越(こ)えて届(とど)けるのさ,う
217.501,217.634,-1,これからもずっとありがとう,とう,う,これからもずっとありがとう,と
217.301,217.501,-1,これからもずっとありがとう,がとう,とう,これからもずっとありがとう,が
216.934,217.301,-1,これからもずっとありがとう,りがとう,がとう,これからもずっとありがとう,り
216.767,216.934,-1,これからもずっとありがとう,ありがとう,りがとう,これからもずっとありがとう,あ
216.567,216.767,-1,これからもずっとありがとう,とありがとう,ありがとう,これからもずっとありがとう,と
216.4,216.567,-1,これからもずっとありがとう,っとありがとう,とありがとう,これからもずっとありがとう,っ
216.233,216.4,-1,これからもずっとありがとう,ずっとありがとう,っとありがとう,これからもずっとありがとう,ず
216.066,216.233,-1,これからもずっとありがとう,もずっとありがとう,ずっとありがとう,これからもずっとありがとう,も
215.866,216.066,-1,これからもずっとありがとう,らもずっとありがとう,もずっとありがとう,これからもずっとありがとう,ら
215.699,215.866,-1,これからもずっとありがとう,からもずっとありがとう,らもずっとありがとう,これからもずっとありがとう,か
215.599,215.699,-1,これからもずっとありがとう,れからもずっとありがとう,からもずっとありがとう,これからもずっとありがとう,れ
215.499,215.599,-1,これからもずっとありがとう,これからもずっとありがとう,れからもずっとありがとう,これからもずっとありがとう,こ
149.066,149.766,-1,これからも後(こう)悔(かい)なんてさせないよ　見(み)ててね,ね,これからもずっとありがとう,これからもずっとありがとう,ね
148.899,149.066,-1,これからも後(こう)悔(かい)なんてさせないよ　見(み)ててね,てね,ね,これからも後(こう)悔(かい)なんてさせないよ　見(み)ててね,て
148.699,148.899,-1,これからも後(こう)悔(かい)なんてさせないよ　見(み)ててね,ててね,てね,これからも後(こう)悔(かい)なんてさせないよ　見(み)ててね,て
148.365,148.699,-1,これからも後(こう)悔(かい)なんてさせないよ　見(み)ててね,見(み)ててね,ててね,これからも後(こう)悔(かい)なんてさせないよ　見(み)ててね,見(み)
147.998,148.365,-1,これからも後(こう)悔(かい)なんてさせないよ　見(み)ててね,よ　見(み)ててね,見(み)ててね,これからも後(こう)悔(かい)なんてさせないよ　見(み)ててね,よ　
147.664,147.998,-1,これからも後(こう)悔(かい)なんてさせないよ　見(み)ててね,いよ　見(み)ててね,よ　見(み)ててね,これからも後(こう)悔(かい)なんてさせないよ　見(み)ててね,い
147.464,147.664,-1,これからも後(こう)悔(かい)なんてさせないよ　見(み)ててね,ないよ　見(み)ててね,いよ　見(み)ててね,これからも後(こう)悔(かい)なんてさせないよ　見(み)ててね,な
147.097,147.464,-1,これからも後(こう)悔(かい)なんてさせないよ　見(み)ててね,せないよ　見(み)ててね,ないよ　見(み)ててね,これからも後(こう)悔(かい)なんてさせないよ　見(み)ててね,せ
146.93,147.097,-1,これからも後(こう)悔(かい)なんてさせないよ　見(み)ててね,させないよ　見(み)ててね,せないよ　見(み)ててね,これからも後(こう)悔(かい)なんてさせないよ　見(み)ててね,さ
146.563,146.93,-1,これからも後(こう)悔(かい)なんてさせないよ　見(み)ててね,てさせないよ　見(み)ててね,させないよ　見(み)ててね,これからも後(こう)悔(かい)なんてさせないよ　見(み)ててね,て
146.396,146.563,-1,これからも後(こう)悔(かい)なんてさせないよ　見(み)ててね,んてさせないよ　見(み)ててね,てさせないよ　見(み)ててね,これからも後(こう)悔(かい)なんてさせないよ　見(み)ててね,ん
146.196,146.396,-1,これからも後(こう)悔(かい)なんてさせないよ　見(み)ててね,なんてさせないよ　見(み)ててね,んてさせないよ　見(み)ててね,これからも後(こう)悔(かい)なんてさせないよ　見(み)ててね,な
145.863,146.196,-1,これからも後(こう)悔(かい)なんてさせないよ　見(み)ててね,悔(かい)なんてさせないよ　見(み)ててね,なんてさせないよ　見(み)ててね,これからも後(こう)悔(かい)なんてさせないよ　見(み)ててね,悔(かい)
145.496,145.863,-1,これからも後(こう)悔(かい)なんてさせないよ　見(み)ててね,後(こう)悔(かい)なんてさせないよ　見(み)ててね,悔(かい)なんてさせないよ　見(み)ててね,これからも後(こう)悔(かい)なんてさせないよ　見(み)ててね,後(こう)
145.129,145.496,-1,これからも後(こう)悔(かい)なんてさせないよ　見(み)ててね,も後(こう)悔(かい)なんてさせないよ　見(み)ててね,後(こう)悔(かい)なんてさせないよ　見(み)ててね,これからも後(こう)悔(かい)なんてさせないよ　見(み)ててね,も
144.795,145.129,-1,これからも後(こう)悔(かい)なんてさせないよ　見(み)ててね,らも後(こう)悔(かい)なんてさせないよ　見(み)ててね,も後(こう)悔(かい)なんてさせないよ　見(み)ててね,これからも後(こう)悔(かい)なんてさせないよ　見(み)ててね,ら
144.628,144.795,-1,これからも後(こう)悔(かい)なんてさせないよ　見(み)ててね,からも後(こう)悔(かい)なんてさせないよ　見(み)ててね,らも後(こう)悔(かい)なんてさせないよ　見(み)ててね,これからも後(こう)悔(かい)なんてさせないよ　見(み)ててね,か
144.261,144.628,-1,これからも後(こう)悔(かい)なんてさせないよ　見(み)ててね,れからも後(こう)悔(かい)なんてさせないよ　見(み)ててね,からも後(こう)悔(かい)なんてさせないよ　見(み)ててね,これからも後(こう)悔(かい)なんてさせないよ　見(み)ててね,れ
144.061,144.261,-1,これからも後(こう)悔(かい)なんてさせないよ　見(み)ててね,これからも後(こう)悔(かい)なんてさせないよ　見(み)ててね,れからも後(こう)悔(かい)なんてさせないよ　見(み)ててね,これからも後(こう)悔(かい)なんてさせないよ　見(み)ててね,こ
70.32,72.089,-1,これからも春(はる)風(かぜ)に乗(の)って伸(の)びてくのさ,さ,これからも後(こう)悔(かい)なんてさせないよ　見(み)ててね,これからも後(こう)悔(かい)なんてさせないよ　見(み)ててね,さ
70.12,70.32,-1,これからも春(はる)風(かぜ)に乗(の)って伸(の)びてくのさ,のさ,さ,これからも春(はる)風(かぜ)に乗(の)って伸(の)びてくのさ,の
69.753,70.12,-1,これからも春(はる)風(かぜ)に乗(の)って伸(の)びてくのさ,くのさ,のさ,これからも春(はる)風(かぜ)に乗(の)って伸(の)びてくのさ,く
69.586,69.753,-1,これからも春(はる)風(かぜ)に乗(の)って伸(の)びてくのさ,てくのさ,くのさ,これからも春(はる)風(かぜ)に乗(の)って伸(の)びてくのさ,て
69.219,69.586,-1,これからも春(はる)風(かぜ)に乗(の)って伸(の)びてくのさ,びてくのさ,てくのさ,これからも春(はる)風(かぜ)に乗(の)って伸(の)びてくのさ,び
69.053,69.219,-1,これからも春(はる)風(かぜ)に乗(の)って伸(の)びてくのさ,伸(の)びてくのさ,びてくのさ,これからも春(はる)風(かぜ)に乗(の)って伸(の)びてくのさ,伸(の)
68.519,69.053,-1,これからも春(はる)風(かぜ)に乗(の)って伸(の)びてくのさ,て伸(の)びてくのさ,伸(の)びてくのさ,これからも春(はる)風(かぜ)に乗(の)って伸(の)びてくのさ,て
68.185,68.519,-1,これからも春(はる)風(かぜ)に乗(の)って伸(の)びてくのさ,って伸(の)びてくのさ,て伸(の)びてくのさ,これからも春(はる)風(かぜ)に乗(の)って伸(の)びてくのさ,っ
67.818,68.185,-1,これからも春(はる)風(かぜ)に乗(の)って伸(の)びてくのさ,乗(の)って伸(の)びてくのさ,って伸(の)びてくのさ,これからも春(はる)風(かぜ)に乗(の)って伸(の)びてくのさ,乗(の)
67.451,67.818,-1,これからも春(はる)風(かぜ)に乗(の)って伸(の)びてくのさ,に乗(の)って伸(の)びてくのさ,乗(の)って伸(の)びてくのさ,これからも春(はる)風(かぜ)に乗(の)って伸(の)びてくのさ,に
66.717,67.451,-1,これからも春(はる)風(かぜ)に乗(の)って伸(の)びてくのさ,風(かぜ)に乗(の)って伸(の)びてくのさ,に乗(の)って伸(の)びてくのさ,これからも春(はる)風(かぜ)に乗(の)って伸(の)びてくのさ,風(かぜ)
66.016,66.717,-1,これからも春(はる)風(かぜ)に乗(の)って伸(の)びてくのさ,春(はる)風(かぜ)に乗(の)って伸(の)びてくのさ,風(かぜ)に乗(の)って伸(の)びてくのさ,これからも春(はる)風(かぜ)に乗(の)って伸(の)びてくのさ,春(はる)
65.649,66.016,-1,これからも春(はる)風(かぜ)に乗(の)って伸(の)びてくのさ,も春(はる)風(かぜ)に乗(の)って伸(の)びてくのさ,春(はる)風(かぜ)に乗(の)って伸(の)びてくのさ,これからも春(はる)風(かぜ)に乗(の)って伸(の)びてくのさ,も
65.315,65.649,-1,これからも春(はる)風(かぜ)に乗(の)って伸(の)びてくのさ,らも春(はる)風(かぜ)に乗(の)って伸(の)びてくのさ,も春(はる)風(かぜ)に乗(の)って伸(の)びてくのさ,これからも春(はる)風(かぜ)に乗(の)って伸(の)びてくのさ,ら
64.948,65.315,-1,これからも春(はる)風(かぜ)に乗(の)って伸(の)びてくのさ,からも春(はる)風(かぜ)に乗(の)って伸(の)びてくのさ,らも春(はる)風(かぜ)に乗(の)って伸(の)びてくのさ,これからも春(はる)風(かぜ)に乗(の)って伸(の)びてくのさ,か
64.581,64.948,-1,これからも春(はる)風(かぜ)に乗(の)って伸(の)びてくのさ,れからも春(はる)風(かぜ)に乗(の)って伸(の)びてくのさ,からも春(はる)風(かぜ)に乗(の)って伸(の)びてくのさ,これからも春(はる)風(かぜ)に乗(の)って伸(の)びてくのさ,れ
64.248,64.581,-1,これからも春(はる)風(かぜ)に乗(の)って伸(の)びてくのさ,これからも春(はる)風(かぜ)に乗(の)って伸(の)びてくのさ,れからも春(はる)風(かぜ)に乗(の)って伸(の)びてくのさ,これからも春(はる)風(かぜ)に乗(の)って伸(の)びてくのさ,こ
23.14,24.074,-1,これまで起(お)こした奇(き)跡(せき)を,を,これからも春(はる)風(かぜ)に乗(の)って伸(の)びてくのさ,これからも春(はる)風(かぜ)に乗(の)って伸(の)びてくのさ,を
22.639,23.14,-1,これまで起(お)こした奇(き)跡(せき)を,跡(せき)を,を,これまで起(お)こした奇(き)跡(せき)を,跡(せき)
22.439,22.639,-1,これまで起(お)こした奇(き)跡(せき)を,奇(き)跡(せき)を,跡(せき)を,これまで起(お)こした奇(き)跡(せき)を,奇(き)
22.272,22.439,-1,これまで起(お)こした奇(き)跡(せき)を,た奇(き)跡(せき)を,奇(き)跡(せき)を,これまで起(お)こした奇(き)跡(せき)を,た
22.139,22.272,-1,これまで起(お)こした奇(き)跡(せき)を,した奇(き)跡(せき)を,た奇(き)跡(せき)を,これまで起(お)こした奇(き)跡(せき)を,し
21.905,22.139,-1,これまで起(お)こした奇(き)跡(せき)を,こした奇(き)跡(せき)を,した奇(き)跡(せき)を,これまで起(お)こした奇(き)跡(せき)を,こ
21.705,21.905,-1,これまで起(お)こした奇(き)跡(せき)を,起(お)こした奇(き)跡(せき)を,こした奇(き)跡(せき)を,これまで起(お)こした奇(き)跡(せき)を,起(お)
21.572,21.705,-1,これまで起(お)こした奇(き)跡(せき)を,で起(お)こした奇(き)跡(せき)を,起(お)こした奇(き)跡(せき)を,これまで起(お)こした奇(き)跡(せき)を,で
21.372,21.572,-1,これまで起(お)こした奇(き)跡(せき)を,まで起(お)こした奇(き)跡(せき)を,で起(お)こした奇(き)跡(せき)を,これまで起(お)こした奇(き)跡(せき)を,ま
21.271,21.372,-1,これまで起(お)こした奇(き)跡(せき)を,れまで起(お)こした奇(き)跡(せき)を,まで起(お)こした奇(き)跡(せき)を,これまで起(お)こした奇(き)跡(せき)を,れ
21.205,21.271,-1,これまで起(お)こした奇(き)跡(せき)を,これまで起(お)こした奇(き)跡(せき)を,れまで起(お)こした奇(き)跡(せき)を,これまで起(お)こした奇(き)跡(せき)を,こ
184.601,186.403,-1,こんなにも陽(ひ)だまりのような場(ば)所(しょ)になったよ,よ,これまで起(お)こした奇(き)跡(せき)を,これまで起(お)こした奇(き)跡(せき)を,よ
184.434,184.601,-1,こんなにも陽(ひ)だまりのような場(ば)所(しょ)になったよ,たよ,よ,こんなにも陽(ひ)だまりのような場(ば)所(しょ)になったよ,た
184.234,184.434,-1,こんなにも陽(ひ)だまりのような場(ば)所(しょ)になったよ,ったよ,たよ,こんなにも陽(ひ)だまりのような場(ば)所(しょ)になったよ,っ
184.067,184.234,-1,こんなにも陽(ひ)だまりのような場(ば)所(しょ)になったよ,なったよ,ったよ,こんなにも陽(ひ)だまりのような場(ば)所(しょ)になったよ,な
183.901,184.067,-1,こんなにも陽(ひ)だまりのような場(ば)所(しょ)になったよ,になったよ,なったよ,こんなにも陽(ひ)だまりのような場(ば)所(しょ)になったよ,に
183.534,183.901,-1,こんなにも陽(ひ)だまりのような場(ば)所(しょ)になったよ,所(しょ)になったよ,になったよ,こんなにも陽(ひ)だまりのような場(ば)所(しょ)になったよ,所(しょ)
183.333,183.534,-1,こんなにも陽(ひ)だまりのような場(ば)所(しょ)になったよ,場(ば)所(しょ)になったよ,所(しょ)になったよ,こんなにも陽(ひ)だまりのような場(ば)所(しょ)になったよ,場(ば)
182.833,183.333,-1,こんなにも陽(ひ)だまりのような場(ば)所(しょ)になったよ,な場(ば)所(しょ)になったよ,場(ば)所(しょ)になったよ,こんなにも陽(ひ)だまりのような場(ば)所(しょ)になったよ,な
182.466,182.833,-1,こんなにも陽(ひ)だまりのような場(ば)所(しょ)になったよ,うな場(ば)所(しょ)になったよ,な場(ば)所(しょ)になったよ,こんなにも陽(ひ)だまりのような場(ば)所(しょ)になったよ,う
182.099,182.466,-1,こんなにも陽(ひ)だまりのような場(ば)所(しょ)になったよ,ような場(ば)所(しょ)になったよ,うな場(ば)所(しょ)になったよ,こんなにも陽(ひ)だまりのような場(ば)所(しょ)になったよ,よ
181.732,182.099,-1,こんなにも陽(ひ)だまりのような場(ば)所(しょ)になったよ,のような場(ば)所(しょ)になったよ,ような場(ば)所(しょ)になったよ,こんなにも陽(ひ)だまりのような場(ば)所(しょ)になったよ,の
181.398,181.732,-1,こんなにも陽(ひ)だまりのような場(ば)所(しょ)になったよ,りのような場(ば)所(しょ)になったよ,のような場(ば)所(しょ)になったよ,こんなにも陽(ひ)だまりのような場(ば)所(しょ)になったよ,り
181.031,181.398,-1,こんなにも陽(ひ)だまりのような場(ば)所(しょ)になったよ,まりのような場(ば)所(しょ)になったよ,りのような場(ば)所(しょ)になったよ,こんなにも陽(ひ)だまりのような場(ば)所(しょ)になったよ,ま
180.664,181.031,-1,こんなにも陽(ひ)だまりのような場(ば)所(しょ)になったよ,だまりのような場(ば)所(しょ)になったよ,まりのような場(ば)所(しょ)になったよ,こんなにも陽(ひ)だまりのような場(ば)所(しょ)になったよ,だ
180.297,180.664,-1,こんなにも陽(ひ)だまりのような場(ば)所(しょ)になったよ,陽(ひ)だまりのような場(ば)所(しょ)になったよ,だまりのような場(ば)所(しょ)になったよ,こんなにも陽(ひ)だまりのような場(ば)所(しょ)になったよ,陽(ひ)
179.963,180.297,-1,こんなにも陽(ひ)だまりのような場(ば)所(しょ)になったよ,も陽(ひ)だまりのような場(ば)所(しょ)になったよ,陽(ひ)だまりのような場(ば)所(しょ)になったよ,こんなにも陽(ひ)だまりのような場(ば)所(しょ)になったよ,も
179.596,179.963,-1,こんなにも陽(ひ)だまりのような場(ば)所(しょ)になったよ,にも陽(ひ)だまりのような場(ば)所(しょ)になったよ,も陽(ひ)だまりのような場(ば)所(しょ)になったよ,こんなにも陽(ひ)だまりのような場(ば)所(しょ)になったよ,に
179.229,179.596,-1,こんなにも陽(ひ)だまりのような場(ば)所(しょ)になったよ,なにも陽(ひ)だまりのような場(ば)所(しょ)になったよ,にも陽(ひ)だまりのような場(ば)所(しょ)になったよ,こんなにも陽(ひ)だまりのような場(ば)所(しょ)になったよ,な
178.896,179.229,-1,こんなにも陽(ひ)だまりのような場(ば)所(しょ)になったよ,んなにも陽(ひ)だまりのような場(ば)所(しょ)になったよ,なにも陽(ひ)だまりのような場(ば)所(しょ)になったよ,こんなにも陽(ひ)だまりのような場(ば)所(しょ)になったよ,ん
178.529,178.896,-1,こんなにも陽(ひ)だまりのような場(ば)所(しょ)になったよ,こんなにも陽(ひ)だまりのような場(ば)所(しょ)になったよ,んなにも陽(ひ)だまりのような場(ば)所(しょ)になったよ,こんなにも陽(ひ)だまりのような場(ば)所(しょ)になったよ,こ
212.095,212.829,-1,こんなに素(す)敵(てき)な未(み)来(らい),来(らい),こんなにも陽(ひ)だまりのような場(ば)所(しょ)になったよ,こんなにも陽(ひ)だまりのような場(ば)所(しょ)になったよ,来(らい)
211.929,212.095,-1,こんなに素(す)敵(てき)な未(み)来(らい),未(み)来(らい),来(らい),こんなに素(す)敵(てき)な未(み)来(らい),未(み)
211.395,211.929,-1,こんなに素(す)敵(てき)な未(み)来(らい),な未(み)来(らい),未(み)来(らい),こんなに素(す)敵(てき)な未(み)来(らい),な
211.028,211.395,-1,こんなに素(す)敵(てき)な未(み)来(らい),敵(てき)な未(み)来(らい),な未(み)来(らい),こんなに素(す)敵(てき)な未(み)来(らい),敵(てき)
210.861,211.028,-1,こんなに素(す)敵(てき)な未(み)来(らい),素(す)敵(てき)な未(み)来(らい),敵(てき)な未(み)来(らい),こんなに素(す)敵(てき)な未(み)来(らい),素(す)
210.661,210.861,-1,こんなに素(す)敵(てき)な未(み)来(らい),に素(す)敵(てき)な未(み)来(らい),素(す)敵(てき)な未(み)来(らい),こんなに素(す)敵(てき)な未(み)来(らい),に
210.527,210.661,-1,こんなに素(す)敵(てき)な未(み)来(らい),なに素(す)敵(てき)な未(み)来(らい),に素(す)敵(てき)な未(み)来(らい),こんなに素(す)敵(てき)な未(み)来(らい),な
210.327,210.527,-1,こんなに素(す)敵(てき)な未(み)来(らい),んなに素(す)敵(てき)な未(み)来(らい),なに素(す)敵(てき)な未(み)来(らい),こんなに素(す)敵(てき)な未(み)来(らい),ん
209.96,210.327,-1,こんなに素(す)敵(てき)な未(み)来(らい),こんなに素(す)敵(てき)な未(み)来(らい),んなに素(す)敵(てき)な未(み)来(らい),こんなに素(す)敵(てき)な未(み)来(らい),こ
214.998,215.499,-1,さあ　まだまだ続(つづ)くよ,よ,こんなに素(す)敵(てき)な未(み)来(らい),こんなに素(す)敵(てき)な未(み)来(らい),よ
214.798,214.998,-1,さあ　まだまだ続(つづ)くよ,くよ,よ,さあ　まだまだ続(つづ)くよ,く
214.097,214.798,-1,さあ　まだまだ続(つづ)くよ,続(つづ)くよ,くよ,さあ　まだまだ続(つづ)くよ,続(つづ)
213.897,214.097,-1,さあ　まだまだ続(つづ)くよ,だ続(つづ)くよ,続(つづ)くよ,さあ　まだまだ続(つづ)くよ,だ
213.73,213.897,-1,さあ　まだまだ続(つづ)くよ,まだ続(つづ)くよ,だ続(つづ)くよ,さあ　まだまだ続(つづ)くよ,ま
213.53,213.73,-1,さあ　まだまだ続(つづ)くよ,だまだ続(つづ)くよ,まだ続(つづ)くよ,さあ　まだまだ続(つづ)くよ,だ
213.397,213.53,-1,さあ　まだまだ続(つづ)くよ,まだまだ続(つづ)くよ,だまだ続(つづ)くよ,さあ　まだまだ続(つづ)くよ,ま
212.996,213.397,-1,さあ　まだまだ続(つづ)くよ,あ　まだまだ続(つづ)くよ,まだまだ続(つづ)くよ,さあ　まだまだ続(つづ)くよ,あ　
212.829,212.996,-1,さあ　まだまだ続(つづ)くよ,さあ　まだまだ続(つづ)くよ,あ　まだまだ続(つづ)くよ,さあ　まだまだ続(つづ)くよ,さ
20.671,21.205,-1,さあ　数(かぞ)えてみようか,か,さあ　まだまだ続(つづ)くよ,さあ　まだまだ続(つづ)くよ,か
20.504,20.671,-1,さあ　数(かぞ)えてみようか,うか,か,さあ　数(かぞ)えてみようか,う
19.97,20.504,-1,さあ　数(かぞ)えてみようか,ようか,うか,さあ　数(かぞ)えてみようか,よ
19.77,19.97,-1,さあ　数(かぞ)えてみようか,みようか,ようか,さあ　数(かぞ)えてみようか,み
19.603,19.77,-1,さあ　数(かぞ)えてみようか,てみようか,みようか,さあ　数(かぞ)えてみようか,て
19.436,19.603,-1,さあ　数(かぞ)えてみようか,えてみようか,てみようか,さあ　数(かぞ)えてみようか,え
19.103,19.436,-1,さあ　数(かぞ)えてみようか,数(かぞ)えてみようか,えてみようか,さあ　数(かぞ)えてみようか,数(かぞ)
18.702,19.103,-1,さあ　数(かぞ)えてみようか,あ　数(かぞ)えてみようか,数(かぞ)えてみようか,さあ　数(かぞ)えてみようか,あ　
18.535,18.702,-1,さあ　数(かぞ)えてみようか,さあ　数(かぞ)えてみようか,あ　数(かぞ)えてみようか,さあ　数(かぞ)えてみようか,さ
103.554,104.088,-1,ずっと強(つよ)くなれたんだ,だ,さあ　数(かぞ)えてみようか,さあ　数(かぞ)えてみようか,だ
103.387,103.554,-1,ずっと強(つよ)くなれたんだ,んだ,だ,ずっと強(つよ)くなれたんだ,ん
102.853,103.387,-1,ずっと強(つよ)くなれたんだ,たんだ,んだ,ずっと強(つよ)くなれたんだ,た
102.653,102.853,-1,ずっと強(つよ)くなれたんだ,れたんだ,たんだ,ずっと強(つよ)くなれたんだ,れ
102.486,102.653,-1,ずっと強(つよ)くなれたんだ,なれたんだ,れたんだ,ずっと強(つよ)くなれたんだ,な
102.286,102.486,-1,ずっと強(つよ)くなれたんだ,くなれたんだ,なれたんだ,ずっと強(つよ)くなれたんだ,く
101.952,102.286,-1,ずっと強(つよ)くなれたんだ,強(つよ)くなれたんだ,くなれたんだ,ずっと強(つよ)くなれたんだ,強(つよ)
101.418,101.952,-1,ずっと強(つよ)くなれたんだ,と強(つよ)くなれたんだ,強(つよ)くなれたんだ,ずっと強(つよ)くなれたんだ,と
101.218,101.418,-1,ずっと強(つよ)くなれたんだ,っと強(つよ)くなれたんだ,と強(つよ)くなれたんだ,ずっと強(つよ)くなれたんだ,っ
101.051,101.218,-1,ずっと強(つよ)くなれたんだ,ずっと強(つよ)くなれたんだ,っと強(つよ)くなれたんだ,ずっと強(つよ)くなれたんだ,ず
17.801,18.535,-1,そっと涙(なみだ)した日(ひ)を,を,ずっと強(つよ)くなれたんだ,ずっと強(つよ)くなれたんだ,を
17.601,17.801,-1,そっと涙(なみだ)した日(ひ)を,日(ひ)を,を,そっと涙(なみだ)した日(ひ)を,日(ひ)
17.101,17.601,-1,そっと涙(なみだ)した日(ひ)を,た日(ひ)を,日(ひ)を,そっと涙(なみだ)した日(ひ)を,た
16.934,17.101,-1,そっと涙(なみだ)した日(ひ)を,した日(ひ)を,た日(ひ)を,そっと涙(なみだ)した日(ひ)を,し
16.367,16.934,-1,そっと涙(なみだ)した日(ひ)を,涙(なみだ)した日(ひ)を,した日(ひ)を,そっと涙(なみだ)した日(ひ)を,涙(なみだ)
16.2,16.367,-1,そっと涙(なみだ)した日(ひ)を,と涙(なみだ)した日(ひ)を,涙(なみだ)した日(ひ)を,そっと涙(なみだ)した日(ひ)を,と
15.833,16.2,-1,そっと涙(なみだ)した日(ひ)を,っと涙(なみだ)した日(ひ)を,と涙(なみだ)した日(ひ)を,そっと涙(なみだ)した日(ひ)を,っ
15.666,15.833,-1,そっと涙(なみだ)した日(ひ)を,そっと涙(なみだ)した日(ひ)を,っと涙(なみだ)した日(ひ)を,そっと涙(なみだ)した日(ひ)を,そ
172.122,172.656,-1,そろそろぼくも　一(いっ)歩(ぽ)踏(ふ)みこむよ,よ,そっと涙(なみだ)した日(ひ)を,そっと涙(なみだ)した日(ひ)を,よ
171.922,172.122,-1,そろそろぼくも　一(いっ)歩(ぽ)踏(ふ)みこむよ,むよ,よ,そろそろぼくも　一(いっ)歩(ぽ)踏(ふ)みこむよ,む
171.421,171.922,-1,そろそろぼくも　一(いっ)歩(ぽ)踏(ふ)みこむよ,こむよ,むよ,そろそろぼくも　一(いっ)歩(ぽ)踏(ふ)みこむよ,こ
171.054,171.421,-1,そろそろぼくも　一(いっ)歩(ぽ)踏(ふ)みこむよ,みこむよ,こむよ,そろそろぼくも　一(いっ)歩(ぽ)踏(ふ)みこむよ,み
170.687,171.054,-1,そろそろぼくも　一(いっ)歩(ぽ)踏(ふ)みこむよ,踏(ふ)みこむよ,みこむよ,そろそろぼくも　一(いっ)歩(ぽ)踏(ふ)みこむよ,踏(ふ)
170.32,170.687,-1,そろそろぼくも　一(いっ)歩(ぽ)踏(ふ)みこむよ,歩(ぽ)踏(ふ)みこむよ,踏(ふ)みこむよ,そろそろぼくも　一(いっ)歩(ぽ)踏(ふ)みこむよ,歩(ぽ)
169.62,170.32,-1,そろそろぼくも　一(いっ)歩(ぽ)踏(ふ)みこむよ,一(いっ)歩(ぽ)踏(ふ)みこむよ,歩(ぽ)踏(ふ)みこむよ,そろそろぼくも　一(いっ)歩(ぽ)踏(ふ)みこむよ,一(いっ)
169.253,169.62,-1,そろそろぼくも　一(いっ)歩(ぽ)踏(ふ)みこむよ,も　一(いっ)歩(ぽ)踏(ふ)みこむよ,一(いっ)歩(ぽ)踏(ふ)みこむよ,そろそろぼくも　一(いっ)歩(ぽ)踏(ふ)みこむよ,も　
168.919,169.253,-1,そろそろぼくも　一(いっ)歩(ぽ)踏(ふ)みこむよ,くも　一(いっ)歩(ぽ)踏(ふ)みこむよ,も　一(いっ)歩(ぽ)踏(ふ)みこむよ,そろそろぼくも　一(いっ)歩(ぽ)踏(ふ)みこむよ,く
168.552,168.919,-1,そろそろぼくも　一(いっ)歩(ぽ)踏(ふ)みこむよ,ぼくも　一(いっ)歩(ぽ)踏(ふ)みこむよ,くも　一(いっ)歩(ぽ)踏(ふ)みこむよ,そろそろぼくも　一(いっ)歩(ぽ)踏(ふ)みこむよ,ぼ
168.185,168.552,-1,そろそろぼくも　一(いっ)歩(ぽ)踏(ふ)みこむよ,ろぼくも　一(いっ)歩(ぽ)踏(ふ)みこむよ,ぼくも　一(いっ)歩(ぽ)踏(ふ)みこむよ,そろそろぼくも　一(いっ)歩(ぽ)踏(ふ)みこむよ,ろ
167.818,168.185,-1,そろそろぼくも　一(いっ)歩(ぽ)踏(ふ)みこむよ,そろぼくも　一(いっ)歩(ぽ)踏(ふ)みこむよ,ろぼくも　一(いっ)歩(ぽ)踏(ふ)みこむよ,そろそろぼくも　一(いっ)歩(ぽ)踏(ふ)みこむよ,そ
167.451,167.818,-1,そろそろぼくも　一(いっ)歩(ぽ)踏(ふ)みこむよ,ろそろぼくも　一(いっ)歩(ぽ)踏(ふ)みこむよ,そろぼくも　一(いっ)歩(ぽ)踏(ふ)みこむよ,そろそろぼくも　一(いっ)歩(ぽ)踏(ふ)みこむよ,ろ
167.117,167.451,-1,そろそろぼくも　一(いっ)歩(ぽ)踏(ふ)みこむよ,そろそろぼくも　一(いっ)歩(ぽ)踏(ふ)みこむよ,ろそろぼくも　一(いっ)歩(ぽ)踏(ふ)みこむよ,そろそろぼくも　一(いっ)歩(ぽ)踏(ふ)みこむよ,そ
14.965,15.666,-1,ねぇ　思(おも)い出(だ)したんだ,だ,そろそろぼくも　一(いっ)歩(ぽ)踏(ふ)みこむよ,そろそろぼくも　一(いっ)歩(ぽ)踏(ふ)みこむよ,だ
14.798,14.965,-1,ねぇ　思(おも)い出(だ)したんだ,んだ,だ,ねぇ　思(おも)い出(だ)したんだ,ん
14.264,14.798,-1,ねぇ　思(おも)い出(だ)したんだ,たんだ,んだ,ねぇ　思(おも)い出(だ)したんだ,た
14.064,14.264,-1,ねぇ　思(おも)い出(だ)したんだ,したんだ,たんだ,ねぇ　思(おも)い出(だ)したんだ,し
13.897,14.064,-1,ねぇ　思(おも)い出(だ)したんだ,出(だ)したんだ,したんだ,ねぇ　思(おも)い出(だ)したんだ,出(だ)
13.731,13.897,-1,ねぇ　思(おも)い出(だ)したんだ,い出(だ)したんだ,出(だ)したんだ,ねぇ　思(おも)い出(だ)したんだ,い
13.364,13.731,-1,ねぇ　思(おも)い出(だ)したんだ,思(おも)い出(だ)したんだ,い出(だ)したんだ,ねぇ　思(おも)い出(だ)したんだ,思(おも)
13.03,13.364,-1,ねぇ　思(おも)い出(だ)したんだ,ぇ　思(おも)い出(だ)したんだ,思(おも)い出(だ)したんだ,ねぇ　思(おも)い出(だ)したんだ,ぇ　
12.83,13.03,-1,ねぇ　思(おも)い出(だ)したんだ,ねぇ　思(おも)い出(だ)したんだ,ぇ　思(おも)い出(だ)したんだ,ねぇ　思(おも)い出(だ)したんだ,ね
209.259,209.96,-1,ねぇ　見(み)せてくれたよね,ね,ねぇ　思(おも)い出(だ)したんだ,ねぇ　思(おも)い出(だ)したんだ,ね
209.092,209.259,-1,ねぇ　見(み)せてくれたよね,よね,ね,ねぇ　見(み)せてくれたよね,よ
208.559,209.092,-1,ねぇ　見(み)せてくれたよね,たよね,よね,ねぇ　見(み)せてくれたよね,た
208.392,208.559,-1,ねぇ　見(み)せてくれたよね,れたよね,たよね,ねぇ　見(み)せてくれたよね,れ
208.192,208.392,-1,ねぇ　見(み)せてくれたよね,くれたよね,れたよね,ねぇ　見(み)せてくれたよね,く
207.991,208.192,-1,ねぇ　見(み)せてくれたよね,てくれたよね,くれたよね,ねぇ　見(み)せてくれたよね,て
207.824,207.991,-1,ねぇ　見(み)せてくれたよね,せてくれたよね,てくれたよね,ねぇ　見(み)せてくれたよね,せ
207.658,207.824,-1,ねぇ　見(み)せてくれたよね,見(み)せてくれたよね,せてくれたよね,ねぇ　見(み)せてくれたよね,見(み)
207.291,207.658,-1,ねぇ　見(み)せてくれたよね,ぇ　見(み)せてくれたよね,見(み)せてくれたよね,ねぇ　見(み)せてくれたよね,ぇ　
207.124,207.291,-1,ねぇ　見(み)せてくれたよね,ねぇ　見(み)せてくれたよね,ぇ　見(み)せてくれたよね,ねぇ　見(み)せてくれたよね,ね
26.377,26.944,-1,ひとつ　とまらない脚(あし)で,で,ねぇ　見(み)せてくれたよね,ねぇ　見(み)せてくれたよね,で
25.676,26.377,-1,ひとつ　とまらない脚(あし)で,脚(あし)で,で,ひとつ　とまらない脚(あし)で,脚(あし)
25.509,25.676,-1,ひとつ　とまらない脚(あし)で,い脚(あし)で,脚(あし)で,ひとつ　とまらない脚(あし)で,い
25.309,25.509,-1,ひとつ　とまらない脚(あし)で,ない脚(あし)で,い脚(あし)で,ひとつ　とまらない脚(あし)で,な
25.142,25.309,-1,ひとつ　とまらない脚(あし)で,らない脚(あし)で,ない脚(あし)で,ひとつ　とまらない脚(あし)で,ら
24.942,25.142,-1,ひとつ　とまらない脚(あし)で,まらない脚(あし)で,らない脚(あし)で,ひとつ　とまらない脚(あし)で,ま
24.775,24.942,-1,ひとつ　とまらない脚(あし)で,とまらない脚(あし)で,まらない脚(あし)で,ひとつ　とまらない脚(あし)で,と
24.508,24.775,-1,ひとつ　とまらない脚(あし)で,つ　とまらない脚(あし)で,とまらない脚(あし)で,ひとつ　とまらない脚(あし)で,つ　
24.241,24.508,-1,ひとつ　とまらない脚(あし)で,とつ　とまらない脚(あし)で,つ　とまらない脚(あし)で,ひとつ　とまらない脚(あし)で,と
24.074,24.241,-1,ひとつ　とまらない脚(あし)で,ひとつ　とまらない脚(あし)で,とつ　とまらない脚(あし)で,ひとつ　とまらない脚(あし)で,ひ
83.567,84.068,-1,ひとつ　涙(なみだ)こぼれたら,ら,ひとつ　とまらない脚(あし)で,ひとつ　とまらない脚(あし)で,ら
83.367,83.567,-1,ひとつ　涙(なみだ)こぼれたら,たら,ら,ひとつ　涙(なみだ)こぼれたら,た
82.833,83.367,-1,ひとつ　涙(なみだ)こぼれたら,れたら,たら,ひとつ　涙(なみだ)こぼれたら,れ
82.666,82.833,-1,ひとつ　涙(なみだ)こぼれたら,ぼれたら,れたら,ひとつ　涙(なみだ)こぼれたら,ぼ
82.466,82.666,-1,ひとつ　涙(なみだ)こぼれたら,こぼれたら,ぼれたら,ひとつ　涙(なみだ)こぼれたら,こ
81.932,82.466,-1,ひとつ　涙(なみだ)こぼれたら,涙(なみだ)こぼれたら,こぼれたら,ひとつ　涙(なみだ)こぼれたら,涙(なみだ)
81.598,81.932,-1,ひとつ　涙(なみだ)こぼれたら,つ　涙(なみだ)こぼれたら,涙(なみだ)こぼれたら,ひとつ　涙(なみだ)こぼれたら,つ　
81.398,81.598,-1,ひとつ　涙(なみだ)こぼれたら,とつ　涙(なみだ)こぼれたら,つ　涙(なみだ)こぼれたら,ひとつ　涙(なみだ)こぼれたら,と
81.231,81.398,-1,ひとつ　涙(なみだ)こぼれたら,ひとつ　涙(なみだ)こぼれたら,とつ　涙(なみだ)こぼれたら,ひとつ　涙(なみだ)こぼれたら,ひ
29.279,29.98,-1,ふたつ　こえていく夢(ゆめ)も,も,ひとつ　涙(なみだ)こぼれたら,ひとつ　涙(なみだ)こぼれたら,も
28.579,29.279,-1,ふたつ　こえていく夢(ゆめ)も,夢(ゆめ)も,も,ふたつ　こえていく夢(ゆめ)も,夢(ゆめ)
28.379,28.579,-1,ふたつ　こえていく夢(ゆめ)も,く夢(ゆめ)も,夢(ゆめ)も,ふたつ　こえていく夢(ゆめ)も,く
28.212,28.379,-1,ふたつ　こえていく夢(ゆめ)も,いく夢(ゆめ)も,く夢(ゆめ)も,ふたつ　こえていく夢(ゆめ)も,い
28.012,28.212,-1,ふたつ　こえていく夢(ゆめ)も,ていく夢(ゆめ)も,いく夢(ゆめ)も,ふたつ　こえていく夢(ゆめ)も,て
27.845,28.012,-1,ふたつ　こえていく夢(ゆめ)も,えていく夢(ゆめ)も,ていく夢(ゆめ)も,ふたつ　こえていく夢(ゆめ)も,え
27.678,27.845,-1,ふたつ　こえていく夢(ゆめ)も,こえていく夢(ゆめ)も,えていく夢(ゆめ)も,ふたつ　こえていく夢(ゆめ)も,こ
27.378,27.678,-1,ふたつ　こえていく夢(ゆめ)も,つ　こえていく夢(ゆめ)も,こえていく夢(ゆめ)も,ふたつ　こえていく夢(ゆめ)も,つ　
27.111,27.378,-1,ふたつ　こえていく夢(ゆめ)も,たつ　こえていく夢(ゆめ)も,つ　こえていく夢(ゆめ)も,ふたつ　こえていく夢(ゆめ)も,た
26.944,27.111,-1,ふたつ　こえていく夢(ゆめ)も,ふたつ　こえていく夢(ゆめ)も,たつ　こえていく夢(ゆめ)も,ふたつ　こえていく夢(ゆめ)も,ふ
86.37,87.104,-1,ふたつ　両(りょう)手(て)を叩(たた)いて,て,ふたつ　こえていく夢(ゆめ)も,ふたつ　こえていく夢(ゆめ)も,て
86.203,86.37,-1,ふたつ　両(りょう)手(て)を叩(たた)いて,いて,て,ふたつ　両(りょう)手(て)を叩(たた)いて,い
85.502,86.203,-1,ふたつ　両(りょう)手(て)を叩(たた)いて,叩(たた)いて,いて,ふたつ　両(りょう)手(て)を叩(たた)いて,叩(たた)
85.335,85.502,-1,ふたつ　両(りょう)手(て)を叩(たた)いて,を叩(たた)いて,叩(たた)いて,ふたつ　両(りょう)手(て)を叩(たた)いて,を
85.135,85.335,-1,ふたつ　両(りょう)手(て)を叩(たた)いて,手(て)を叩(たた)いて,を叩(たた)いて,ふたつ　両(りょう)手(て)を叩(たた)いて,手(て)
84.768,85.135,-1,ふたつ　両(りょう)手(て)を叩(たた)いて,両(りょう)手(て)を叩(たた)いて,手(て)を叩(たた)いて,ふたつ　両(りょう)手(て)を叩(たた)いて,両(りょう)
84.468,84.768,-1,ふたつ　両(りょう)手(て)を叩(たた)いて,つ　両(りょう)手(て)を叩(たた)いて,両(りょう)手(て)を叩(たた)いて,ふたつ　両(りょう)手(て)を叩(たた)いて,つ　
84.234,84.468,-1,ふたつ　両(りょう)手(て)を叩(たた)いて,たつ　両(りょう)手(て)を叩(たた)いて,つ　両(りょう)手(て)を叩(たた)いて,ふたつ　両(りょう)手(て)を叩(たた)いて,た
84.068,84.234,-1,ふたつ　両(りょう)手(て)を叩(たた)いて,ふたつ　両(りょう)手(て)を叩(たた)いて,たつ　両(りょう)手(て)を叩(たた)いて,ふたつ　両(りょう)手(て)を叩(たた)いて,ふ
63.547,64.248,-1,ぼくらが繋(つな)いだ大(おお)きな木(き)は　まだ,だ,ふたつ　両(りょう)手(て)を叩(たた)いて,ふたつ　両(りょう)手(て)を叩(たた)いて,だ
63.38,63.547,-1,ぼくらが繋(つな)いだ大(おお)きな木(き)は　まだ,まだ,だ,ぼくらが繋(つな)いだ大(おお)きな木(き)は　まだ,ま
62.846,63.38,-1,ぼくらが繋(つな)いだ大(おお)きな木(き)は　まだ,は　まだ,まだ,ぼくらが繋(つな)いだ大(おお)きな木(き)は　まだ,は　
62.479,62.846,-1,ぼくらが繋(つな)いだ大(おお)きな木(き)は　まだ,木(き)は　まだ,は　まだ,ぼくらが繋(つな)いだ大(おお)きな木(き)は　まだ,木(き)
62.146,62.479,-1,ぼくらが繋(つな)いだ大(おお)きな木(き)は　まだ,な木(き)は　まだ,木(き)は　まだ,ぼくらが繋(つな)いだ大(おお)きな木(き)は　まだ,な
61.779,62.146,-1,ぼくらが繋(つな)いだ大(おお)きな木(き)は　まだ,きな木(き)は　まだ,な木(き)は　まだ,ぼくらが繋(つな)いだ大(おお)きな木(き)は　まだ,き
61.245,61.779,-1,ぼくらが繋(つな)いだ大(おお)きな木(き)は　まだ,大(おお)きな木(き)は　まだ,きな木(き)は　まだ,ぼくらが繋(つな)いだ大(おお)きな木(き)は　まだ,大(おお)
60.711,61.245,-1,ぼくらが繋(つな)いだ大(おお)きな木(き)は　まだ,だ大(おお)きな木(き)は　まだ,大(おお)きな木(き)は　まだ,ぼくらが繋(つな)いだ大(おお)きな木(き)は　まだ,だ
60.511,60.711,-1,ぼくらが繋(つな)いだ大(おお)きな木(き)は　まだ,いだ大(おお)きな木(き)は　まだ,だ大(おお)きな木(き)は　まだ,ぼくらが繋(つな)いだ大(おお)きな木(き)は　まだ,い
59.61,60.511,-1,ぼくらが繋(つな)いだ大(おお)きな木(き)は　まだ,繋(つな)いだ大(おお)きな木(き)は　まだ,いだ大(おお)きな木(き)は　まだ,ぼくらが繋(つな)いだ大(おお)きな木(き)は　まだ,繋(つな)
59.276,59.61,-1,ぼくらが繋(つな)いだ大(おお)きな木(き)は　まだ,が繋(つな)いだ大(おお)きな木(き)は　まだ,繋(つな)いだ大(おお)きな木(き)は　まだ,ぼくらが繋(つな)いだ大(おお)きな木(き)は　まだ,が
58.909,59.276,-1,ぼくらが繋(つな)いだ大(おお)きな木(き)は　まだ,らが繋(つな)いだ大(おお)きな木(き)は　まだ,が繋(つな)いだ大(おお)きな木(き)は　まだ,ぼくらが繋(つな)いだ大(おお)きな木(き)は　まだ,ら
58.542,58.909,-1,ぼくらが繋(つな)いだ大(おお)きな木(き)は　まだ,くらが繋(つな)いだ大(おお)きな木(き)は　まだ,らが繋(つな)いだ大(おお)きな木(き)は　まだ,ぼくらが繋(つな)いだ大(おお)きな木(き)は　まだ,く
58.375,58.542,-1,ぼくらが繋(つな)いだ大(おお)きな木(き)は　まだ,ぼくらが繋(つな)いだ大(おお)きな木(き)は　まだ,くらが繋(つな)いだ大(おお)きな木(き)は　まだ,ぼくらが繋(つな)いだ大(おお)きな木(き)は　まだ,ぼ
177.828,178.529,-1,ぼくらが育(そだ)てた大(おお)きな木(き)は　ほら,ら,ぼくらが繋(つな)いだ大(おお)きな木(き)は　まだ,ぼくらが繋(つな)いだ大(おお)きな木(き)は　まだ,ら
177.661,177.828,-1,ぼくらが育(そだ)てた大(おお)きな木(き)は　ほら,ほら,ら,ぼくらが育(そだ)てた大(おお)きな木(き)は　ほら,ほ
177.127,177.661,-1,ぼくらが育(そだ)てた大(おお)きな木(き)は　ほら,は　ほら,ほら,ぼくらが育(そだ)てた大(おお)きな木(き)は　ほら,は　
176.76,177.127,-1,ぼくらが育(そだ)てた大(おお)きな木(き)は　ほら,木(き)は　ほら,は　ほら,ぼくらが育(そだ)てた大(おお)きな木(き)は　ほら,木(き)
176.426,176.76,-1,ぼくらが育(そだ)てた大(おお)きな木(き)は　ほら,な木(き)は　ほら,木(き)は　ほら,ぼくらが育(そだ)てた大(おお)きな木(き)は　ほら,な
176.059,176.426,-1,ぼくらが育(そだ)てた大(おお)きな木(き)は　ほら,きな木(き)は　ほら,な木(き)は　ほら,ぼくらが育(そだ)てた大(おお)きな木(き)は　ほら,き
175.526,176.059,-1,ぼくらが育(そだ)てた大(おお)きな木(き)は　ほら,大(おお)きな木(き)は　ほら,きな木(き)は　ほら,ぼくらが育(そだ)てた大(おお)きな木(き)は　ほら,大(おお)
174.992,175.526,-1,ぼくらが育(そだ)てた大(おお)きな木(き)は　ほら,た大(おお)きな木(き)は　ほら,大(おお)きな木(き)は　ほら,ぼくらが育(そだ)てた大(おお)きな木(き)は　ほら,た
174.791,174.992,-1,ぼくらが育(そだ)てた大(おお)きな木(き)は　ほら,てた大(おお)きな木(き)は　ほら,た大(おお)きな木(き)は　ほら,ぼくらが育(そだ)てた大(おお)きな木(き)は　ほら,て
173.891,174.791,-1,ぼくらが育(そだ)てた大(おお)きな木(き)は　ほら,育(そだ)てた大(おお)きな木(き)は　ほら,てた大(おお)きな木(き)は　ほら,ぼくらが育(そだ)てた大(おお)きな木(き)は　ほら,育(そだ)
173.557,173.891,-1,ぼくらが育(そだ)てた大(おお)きな木(き)は　ほら,が育(そだ)てた大(おお)きな木(き)は　ほら,育(そだ)てた大(おお)きな木(き)は　ほら,ぼくらが育(そだ)てた大(おお)きな木(き)は　ほら,が
173.19,173.557,-1,ぼくらが育(そだ)てた大(おお)きな木(き)は　ほら,らが育(そだ)てた大(おお)きな木(き)は　ほら,が育(そだ)てた大(おお)きな木(き)は　ほら,ぼくらが育(そだ)てた大(おお)きな木(き)は　ほら,ら
172.823,173.19,-1,ぼくらが育(そだ)てた大(おお)きな木(き)は　ほら,くらが育(そだ)てた大(おお)きな木(き)は　ほら,らが育(そだ)てた大(おお)きな木(き)は　ほら,ぼくらが育(そだ)てた大(おお)きな木(き)は　ほら,く
172.656,172.823,-1,ぼくらが育(そだ)てた大(おお)きな木(き)は　ほら,ぼくらが育(そだ)てた大(おお)きな木(き)は　ほら,くらが育(そだ)てた大(おお)きな木(き)は　ほら,ぼくらが育(そだ)てた大(おお)きな木(き)は　ほら,ぼ
43.56,43.894,-1,まだ見(み)たことのない,い,ぼくらが育(そだ)てた大(おお)きな木(き)は　ほら,ぼくらが育(そだ)てた大(おお)きな木(き)は　ほら,い
43.193,43.56,-1,まだ見(み)たことのない,ない,い,まだ見(み)たことのない,な
42.86,43.193,-1,まだ見(み)たことのない,のない,ない,まだ見(み)たことのない,の
42.659,42.86,-1,まだ見(み)たことのない,とのない,のない,まだ見(み)たことのない,と
42.493,42.659,-1,まだ見(み)たことのない,ことのない,とのない,まだ見(み)たことのない,こ
42.126,42.493,-1,まだ見(み)たことのない,たことのない,ことのない,まだ見(み)たことのない,た
41.959,42.126,-1,まだ見(み)たことのない,見(み)たことのない,たことのない,まだ見(み)たことのない,見(み)
41.425,41.959,-1,まだ見(み)たことのない,だ見(み)たことのない,見(み)たことのない,まだ見(み)たことのない,だ
41.225,41.425,-1,まだ見(み)たことのない,まだ見(み)たことのない,だ見(み)たことのない,まだ見(み)たことのない,ま
32.116,32.649,-1,みっつ　つながる絆(きずな)は,は,まだ見(み)たことのない,まだ見(み)たことのない,は
31.215,32.116,-1,みっつ　つながる絆(きずな)は,絆(きずな)は,は,みっつ　つながる絆(きずな)は,絆(きずな)
31.048,31.215,-1,みっつ　つながる絆(きずな)は,る絆(きずな)は,絆(きずな)は,みっつ　つながる絆(きずな)は,る
30.881,31.048,-1,みっつ　つながる絆(きずな)は,がる絆(きずな)は,る絆(きずな)は,みっつ　つながる絆(きずな)は,が
30.681,30.881,-1,みっつ　つながる絆(きずな)は,ながる絆(きずな)は,がる絆(きずな)は,みっつ　つながる絆(きずな)は,な
30.514,30.681,-1,みっつ　つながる絆(きずな)は,つながる絆(きずな)は,ながる絆(きずな)は,みっつ　つながる絆(きずな)は,つ
30.347,30.514,-1,みっつ　つながる絆(きずな)は,つ　つながる絆(きずな)は,つながる絆(きずな)は,みっつ　つながる絆(きずな)は,つ　
30.147,30.347,-1,みっつ　つながる絆(きずな)は,っつ　つながる絆(きずな)は,つ　つながる絆(きずな)は,みっつ　つながる絆(きずな)は,っ
29.98,30.147,-1,みっつ　つながる絆(きずな)は,みっつ　つながる絆(きずな)は,っつ　つながる絆(きずな)は,みっつ　つながる絆(きずな)は,み
89.406,89.807,-1,みっつ　数(かぞ)えて始(はじ)めよう,う,みっつ　つながる絆(きずな)は,みっつ　つながる絆(きずな)は,う
89.239,89.406,-1,みっつ　数(かぞ)えて始(はじ)めよう,よう,う,みっつ　数(かぞ)えて始(はじ)めよう,よ
89.073,89.239,-1,みっつ　数(かぞ)えて始(はじ)めよう,めよう,よう,みっつ　数(かぞ)えて始(はじ)めよう,め
88.338,89.073,-1,みっつ　数(かぞ)えて始(はじ)めよう,始(はじ)めよう,めよう,みっつ　数(かぞ)えて始(はじ)めよう,始(はじ)
88.172,88.338,-1,みっつ　数(かぞ)えて始(はじ)めよう,て始(はじ)めよう,始(はじ)めよう,みっつ　数(かぞ)えて始(はじ)めよう,て
87.971,88.172,-1,みっつ　数(かぞ)えて始(はじ)めよう,えて始(はじ)めよう,て始(はじ)めよう,みっつ　数(かぞ)えて始(はじ)めよう,え
87.638,87.971,-1,みっつ　数(かぞ)えて始(はじ)めよう,数(かぞ)えて始(はじ)めよう,えて始(はじ)めよう,みっつ　数(かぞ)えて始(はじ)めよう,数(かぞ)
87.471,87.638,-1,みっつ　数(かぞ)えて始(はじ)めよう,つ　数(かぞ)えて始(はじ)めよう,数(かぞ)えて始(はじ)めよう,みっつ　数(かぞ)えて始(はじ)めよう,つ　
87.271,87.471,-1,みっつ　数(かぞ)えて始(はじ)めよう,っつ　数(かぞ)えて始(はじ)めよう,つ　数(かぞ)えて始(はじ)めよう,みっつ　数(かぞ)えて始(はじ)めよう,っ
87.104,87.271,-1,みっつ　数(かぞ)えて始(はじ)めよう,みっつ　数(かぞ)えて始(はじ)めよう,っつ　数(かぞ)えて始(はじ)めよう,みっつ　数(かぞ)えて始(はじ)めよう,み
156.907,158.008,-1,もっと君(きみ)を,を,みっつ　数(かぞ)えて始(はじ)めよう,みっつ　数(かぞ)えて始(はじ)めよう,を
156.54,156.907,-1,もっと君(きみ)を,君(きみ)を,を,もっと君(きみ)を,君(きみ)
155.672,156.54,-1,もっと君(きみ)を,と君(きみ)を,君(きみ)を,もっと君(きみ)を,と
155.472,155.672,-1,もっと君(きみ)を,っと君(きみ)を,と君(きみ)を,もっと君(きみ)を,っ
155.305,155.472,-1,もっと君(きみ)を,もっと君(きみ)を,っと君(きみ)を,もっと君(きみ)を,も
7.091,12.83,0,アワーツリー／さくらみこ,アワーツリー／さくらみこ,もっと君(きみ)を,もっと君(きみ)を,アワーツリー／さくらみこ
37.454,38.355,-1,何(なん)度(ど)でも咲(さ)くように,に,アワーツリー／さくらみこ,アワーツリー／さくらみこ,に
37.287,37.454,-1,何(なん)度(ど)でも咲(さ)くように,うに,に,何(なん)度(ど)でも咲(さ)くように,う
36.92,37.287,-1,何(なん)度(ど)でも咲(さ)くように,ように,うに,何(なん)度(ど)でも咲(さ)くように,よ
36.754,36.92,-1,何(なん)度(ど)でも咲(さ)くように,くように,ように,何(なん)度(ど)でも咲(さ)くように,く
36.587,36.754,-1,何(なん)度(ど)でも咲(さ)くように,咲(さ)くように,くように,何(なん)度(ど)でも咲(さ)くように,咲(さ)
36.22,36.587,-1,何(なん)度(ど)でも咲(さ)くように,も咲(さ)くように,咲(さ)くように,何(なん)度(ど)でも咲(さ)くように,も
36.053,36.22,-1,何(なん)度(ど)でも咲(さ)くように,でも咲(さ)くように,も咲(さ)くように,何(なん)度(ど)でも咲(さ)くように,で
35.853,36.053,-1,何(なん)度(ど)でも咲(さ)くように,度(ど)でも咲(さ)くように,でも咲(さ)くように,何(なん)度(ど)でも咲(さ)くように,度(ど)
35.486,35.853,-1,何(なん)度(ど)でも咲(さ)くように,何(なん)度(ど)でも咲(さ)くように,度(ど)でも咲(さ)くように,何(なん)度(ど)でも咲(さ)くように,何(なん)
7.091,8.525,-1,作曲・編曲：ハム,作曲・編曲：ハム,何(なん)度(ど)でも咲(さ)くように,何(なん)度(ど)でも咲(さ)くように,作曲・編曲：ハム
8.525,9.96,-1,作詞：さくらみこ、ハム,作詞：さくらみこ、ハム,作曲・編曲：ハム,作曲・編曲：ハム,作詞：さくらみこ、ハム
143.36,144.061,-1,冴(さ)えない私(わたし)を好(す)きになってくれたこと,と,作詞：さくらみこ、ハム,作詞：さくらみこ、ハム,と
143.193,143.36,-1,冴(さ)えない私(わたし)を好(す)きになってくれたこと,こと,と,冴(さ)えない私(わたし)を好(す)きになってくれたこと,こ
142.993,143.193,-1,冴(さ)えない私(わたし)を好(す)きになってくれたこと,たこと,こと,冴(さ)えない私(わたし)を好(す)きになってくれたこと,た
142.659,142.993,-1,冴(さ)えない私(わたし)を好(す)きになってくれたこと,れたこと,たこと,冴(さ)えない私(わたし)を好(す)きになってくれたこと,れ
142.459,142.659,-1,冴(さ)えない私(わたし)を好(す)きになってくれたこと,くれたこと,れたこと,冴(さ)えない私(わたし)を好(す)きになってくれたこと,く
142.292,142.459,-1,冴(さ)えない私(わたし)を好(す)きになってくれたこと,てくれたこと,くれたこと,冴(さ)えない私(わたし)を好(す)きになってくれたこと,て
142.092,142.292,-1,冴(さ)えない私(わたし)を好(す)きになってくれたこと,ってくれたこと,てくれたこと,冴(さ)えない私(わたし)を好(す)きになってくれたこと,っ
141.925,142.092,-1,冴(さ)えない私(わたし)を好(す)きになってくれたこと,なってくれたこと,ってくれたこと,冴(さ)えない私(わたし)を好(す)きになってくれたこと,な
141.758,141.925,-1,冴(さ)えない私(わたし)を好(す)きになってくれたこと,になってくれたこと,なってくれたこと,冴(さ)えない私(わたし)を好(す)きになってくれたこと,に
141.391,141.758,-1,冴(さ)えない私(わたし)を好(す)きになってくれたこと,きになってくれたこと,になってくれたこと,冴(さ)えない私(わたし)を好(す)きになってくれたこと,き
141.225,141.391,-1,冴(さ)えない私(わたし)を好(す)きになってくれたこと,好(す)きになってくれたこと,きになってくれたこと,冴(さ)えない私(わたし)を好(す)きになってくれたこと,好(す)
140.357,141.225,-1,冴(さ)えない私(わたし)を好(す)きになってくれたこと,を好(す)きになってくれたこと,好(す)きになってくれたこと,冴(さ)えない私(わたし)を好(す)きになってくれたこと,を
139.423,140.357,-1,冴(さ)えない私(わたし)を好(す)きになってくれたこと,私(わたし)を好(す)きになってくれたこと,を好(す)きになってくれたこと,冴(さ)えない私(わたし)を好(す)きになってくれたこと,私(わたし)
139.089,139.423,-1,冴(さ)えない私(わたし)を好(す)きになってくれたこと,い私(わたし)を好(す)きになってくれたこと,私(わたし)を好(す)きになってくれたこと,冴(さ)えない私(わたし)を好(す)きになってくれたこと,い
138.889,139.089,-1,冴(さ)えない私(わたし)を好(す)きになってくれたこと,ない私(わたし)を好(す)きになってくれたこと,い私(わたし)を好(す)きになってくれたこと,冴(さ)えない私(わたし)を好(す)きになってくれたこと,な
138.522,138.889,-1,冴(さ)えない私(わたし)を好(す)きになってくれたこと,えない私(わたし)を好(す)きになってくれたこと,ない私(わたし)を好(す)きになってくれたこと,冴(さ)えない私(わたし)を好(す)きになってくれたこと,え
138.355,138.522,-1,冴(さ)えない私(わたし)を好(す)きになってくれたこと,冴(さ)えない私(わたし)を好(す)きになってくれたこと,えない私(わたし)を好(す)きになってくれたこと,冴(さ)えない私(わたし)を好(す)きになってくれたこと,冴(さ)
91.742,92.676,-1,君(きみ)といれば大(だい)丈(じょう)夫(ぶ),夫(ぶ),冴(さ)えない私(わたし)を好(す)きになってくれたこと,冴(さ)えない私(わたし)を好(す)きになってくれたこと,夫(ぶ)
91.241,91.742,-1,君(きみ)といれば大(だい)丈(じょう)夫(ぶ),丈(じょう)夫(ぶ),夫(ぶ),君(きみ)といれば大(だい)丈(じょう)夫(ぶ),丈(じょう)
90.874,91.241,-1,君(きみ)といれば大(だい)丈(じょう)夫(ぶ),大(だい)丈(じょう)夫(ぶ),丈(じょう)夫(ぶ),君(きみ)といれば大(だい)丈(じょう)夫(ぶ),大(だい)
90.507,90.874,-1,君(きみ)といれば大(だい)丈(じょう)夫(ぶ),ば大(だい)丈(じょう)夫(ぶ),大(だい)丈(じょう)夫(ぶ),君(きみ)といれば大(だい)丈(じょう)夫(ぶ),ば
90.34,90.507,-1,君(きみ)といれば大(だい)丈(じょう)夫(ぶ),れば大(だい)丈(じょう)夫(ぶ),ば大(だい)丈(じょう)夫(ぶ),君(きみ)といれば大(だい)丈(じょう)夫(ぶ),れ
90.174,90.34,-1,君(きみ)といれば大(だい)丈(じょう)夫(ぶ),いれば大(だい)丈(じょう)夫(ぶ),れば大(だい)丈(じょう)夫(ぶ),君(きみ)といれば大(だい)丈(じょう)夫(ぶ),い
89.973,90.174,-1,君(きみ)といれば大(だい)丈(じょう)夫(ぶ),といれば大(だい)丈(じょう)夫(ぶ),いれば大(だい)丈(じょう)夫(ぶ),君(きみ)といれば大(だい)丈(じょう)夫(ぶ),と
89.807,89.973,-1,君(きみ)といれば大(だい)丈(じょう)夫(ぶ),君(きみ)といれば大(だい)丈(じょう)夫(ぶ),といれば大(だい)丈(じょう)夫(ぶ),君(きみ)といれば大(だい)丈(じょう)夫(ぶ),君(きみ)
34.618,35.486,-1,君(きみ)とひろげてきたんだよ,よ,君(きみ)といれば大(だい)丈(じょう)夫(ぶ),君(きみ)といれば大(だい)丈(じょう)夫(ぶ),よ
34.451,34.618,-1,君(きみ)とひろげてきたんだよ,だよ,よ,君(きみ)とひろげてきたんだよ,だ
34.284,34.451,-1,君(きみ)とひろげてきたんだよ,んだよ,だよ,君(きみ)とひろげてきたんだよ,ん
34.084,34.284,-1,君(きみ)とひろげてきたんだよ,たんだよ,んだよ,君(きみ)とひろげてきたんだよ,た
33.884,34.084,-1,君(きみ)とひろげてきたんだよ,きたんだよ,たんだよ,君(きみ)とひろげてきたんだよ,き
33.717,33.884,-1,君(きみ)とひろげてきたんだよ,てきたんだよ,きたんだよ,君(きみ)とひろげてきたんだよ,て
33.384,33.717,-1,君(きみ)とひろげてきたんだよ,げてきたんだよ,てきたんだよ,君(きみ)とひろげてきたんだよ,げ
33.183,33.384,-1,君(きみ)とひろげてきたんだよ,ろげてきたんだよ,げてきたんだよ,君(きみ)とひろげてきたんだよ,ろ
33.017,33.183,-1,君(きみ)とひろげてきたんだよ,ひろげてきたんだよ,ろげてきたんだよ,君(きみ)とひろげてきたんだよ,ひ
32.85,33.017,-1,君(きみ)とひろげてきたんだよ,とひろげてきたんだよ,ひろげてきたんだよ,君(きみ)とひろげてきたんだよ,と
32.649,32.85,-1,君(きみ)とひろげてきたんだよ,君(きみ)とひろげてきたんだよ,とひろげてきたんだよ,君(きみ)とひろげてきたんだよ,君(きみ)
94.611,95.512,-1,弱(よわ)音(ね)と本(ほん)音(ね)で泣(な)いたり,り,君(きみ)とひろげてきたんだよ,君(きみ)とひろげてきたんだよ,り
94.445,94.611,-1,弱(よわ)音(ね)と本(ほん)音(ね)で泣(な)いたり,たり,り,弱(よわ)音(ね)と本(ほん)音(ね)で泣(な)いたり,た
94.278,94.445,-1,弱(よわ)音(ね)と本(ほん)音(ね)で泣(な)いたり,いたり,たり,弱(よわ)音(ね)と本(ほん)音(ね)で泣(な)いたり,い
94.078,94.278,-1,弱(よわ)音(ね)と本(ほん)音(ね)で泣(な)いたり,泣(な)いたり,いたり,弱(よわ)音(ね)と本(ほん)音(ね)で泣(な)いたり,泣(な)
93.911,94.078,-1,弱(よわ)音(ね)と本(ほん)音(ね)で泣(な)いたり,で泣(な)いたり,泣(な)いたり,弱(よわ)音(ね)と本(ほん)音(ね)で泣(な)いたり,で
93.744,93.911,-1,弱(よわ)音(ね)と本(ほん)音(ね)で泣(な)いたり,音(ね)で泣(な)いたり,で泣(な)いたり,弱(よわ)音(ね)と本(ほん)音(ね)で泣(な)いたり,音(ね)
93.377,93.744,-1,弱(よわ)音(ね)と本(ほん)音(ね)で泣(な)いたり,本(ほん)音(ね)で泣(な)いたり,音(ね)で泣(な)いたり,弱(よわ)音(ね)と本(ほん)音(ね)で泣(な)いたり,本(ほん)
93.21,93.377,-1,弱(よわ)音(ね)と本(ほん)音(ね)で泣(な)いたり,と本(ほん)音(ね)で泣(な)いたり,本(ほん)音(ね)で泣(な)いたり,弱(よわ)音(ね)と本(ほん)音(ね)で泣(な)いたり,と
93.01,93.21,-1,弱(よわ)音(ね)と本(ほん)音(ね)で泣(な)いたり,音(ね)と本(ほん)音(ね)で泣(な)いたり,と本(ほん)音(ね)で泣(な)いたり,弱(よわ)音(ね)と本(ほん)音(ね)で泣(な)いたり,音(ね)
92.676,93.01,-1,弱(よわ)音(ね)と本(ほん)音(ね)で泣(な)いたり,弱(よわ)音(ね)と本(ほん)音(ね)で泣(な)いたり,音(ね)と本(ほん)音(ね)で泣(な)いたり,弱(よわ)音(ね)と本(ほん)音(ね)で泣(な)いたり,弱(よわ)
154.938,155.305,-1,強(つよ)く大(おお)きくなったでしょう？,う？,弱(よわ)音(ね)と本(ほん)音(ね)で泣(な)いたり,弱(よわ)音(ね)と本(ほん)音(ね)で泣(な)いたり,う？
154.771,154.938,-1,強(つよ)く大(おお)きくなったでしょう？,しょう？,う？,強(つよ)く大(おお)きくなったでしょう？,しょ
154.571,154.771,-1,強(つよ)く大(おお)きくなったでしょう？,でしょう？,しょう？,強(つよ)く大(おお)きくなったでしょう？,で
154.404,154.571,-1,強(つよ)く大(おお)きくなったでしょう？,たでしょう？,でしょう？,強(つよ)く大(おお)きくなったでしょう？,た
154.238,154.404,-1,強(つよ)く大(おお)きくなったでしょう？,ったでしょう？,たでしょう？,強(つよ)く大(おお)きくなったでしょう？,っ
154.071,154.238,-1,強(つよ)く大(おお)きくなったでしょう？,なったでしょう？,ったでしょう？,強(つよ)く大(おお)きくなったでしょう？,な
153.871,154.071,-1,強(つよ)く大(おお)きくなったでしょう？,くなったでしょう？,なったでしょう？,強(つよ)く大(おお)きくなったでしょう？,く
153.704,153.871,-1,強(つよ)く大(おお)きくなったでしょう？,きくなったでしょう？,くなったでしょう？,強(つよ)く大(おお)きくなったでしょう？,き
153.17,153.704,-1,強(つよ)く大(おお)きくなったでしょう？,大(おお)きくなったでしょう？,きくなったでしょう？,強(つよ)く大(おお)きくなったでしょう？,大(おお)
152.97,153.17,-1,強(つよ)く大(おお)きくなったでしょう？,く大(おお)きくなったでしょう？,大(おお)きくなったでしょう？,強(つよ)く大(おお)きくなったでしょう？,く
152.636,152.97,-1,強(つよ)く大(おお)きくなったでしょう？,強(つよ)く大(おお)きくなったでしょう？,く大(おお)きくなったでしょう？,強(つよ)く大(おお)きくなったでしょう？,強(つよ)
151.869,152.636,-1,意(い)地(じ)を張(は)ってた頃(ころ)よりも,も,強(つよ)く大(おお)きくなったでしょう？,強(つよ)く大(おお)きくなったでしょう？,も
151.702,151.869,-1,意(い)地(じ)を張(は)ってた頃(ころ)よりも,りも,も,意(い)地(じ)を張(は)ってた頃(ころ)よりも,り
151.502,151.702,-1,意(い)地(じ)を張(は)ってた頃(ころ)よりも,よりも,りも,意(い)地(じ)を張(は)ってた頃(ころ)よりも,よ
151.168,151.502,-1,意(い)地(じ)を張(は)ってた頃(ころ)よりも,頃(ころ)よりも,よりも,意(い)地(じ)を張(は)ってた頃(ころ)よりも,頃(ころ)
151.001,151.168,-1,意(い)地(じ)を張(は)ってた頃(ころ)よりも,た頃(ころ)よりも,頃(ころ)よりも,意(い)地(じ)を張(は)ってた頃(ころ)よりも,た
150.801,151.001,-1,意(い)地(じ)を張(は)ってた頃(ころ)よりも,てた頃(ころ)よりも,た頃(ころ)よりも,意(い)地(じ)を張(は)ってた頃(ころ)よりも,て
150.634,150.801,-1,意(い)地(じ)を張(は)ってた頃(ころ)よりも,ってた頃(ころ)よりも,てた頃(ころ)よりも,意(い)地(じ)を張(は)ってた頃(ころ)よりも,っ
150.467,150.634,-1,意(い)地(じ)を張(は)ってた頃(ころ)よりも,張(は)ってた頃(ころ)よりも,ってた頃(ころ)よりも,意(い)地(じ)を張(は)ってた頃(ころ)よりも,張(は)
150.267,150.467,-1,意(い)地(じ)を張(は)ってた頃(ころ)よりも,を張(は)ってた頃(ころ)よりも,張(は)ってた頃(ころ)よりも,意(い)地(じ)を張(は)ってた頃(ころ)よりも,を
149.933,150.267,-1,意(い)地(じ)を張(は)ってた頃(ころ)よりも,地(じ)を張(は)ってた頃(ころ)よりも,を張(は)ってた頃(ころ)よりも,意(い)地(じ)を張(は)ってた頃(ころ)よりも,地(じ)
149.766,149.933,-1,意(い)地(じ)を張(は)ってた頃(ころ)よりも,意(い)地(じ)を張(は)ってた頃(ころ)よりも,地(じ)を張(は)ってた頃(ころ)よりも,意(い)地(じ)を張(は)ってた頃(ころ)よりも,意(い)
120.704,121.405,-1,手(て)と手(て)を合(あ)わせた形(かたち)は花(はな)びら,ら,意(い)地(じ)を張(は)ってた頃(ころ)よりも,意(い)地(じ)を張(は)ってた頃(ころ)よりも,ら
120.504,120.704,-1,手(て)と手(て)を合(あ)わせた形(かたち)は花(はな)びら,びら,ら,手(て)と手(て)を合(あ)わせた形(かたち)は花(はな)びら,び
119.603,120.504,-1,手(て)と手(て)を合(あ)わせた形(かたち)は花(はな)びら,花(はな)びら,びら,手(て)と手(て)を合(あ)わせた形(かたち)は花(はな)びら,花(はな)
119.236,119.603,-1,手(て)と手(て)を合(あ)わせた形(かたち)は花(はな)びら,は花(はな)びら,花(はな)びら,手(て)と手(て)を合(あ)わせた形(かたち)は花(はな)びら,は
118.368,119.236,-1,手(て)と手(て)を合(あ)わせた形(かたち)は花(はな)びら,形(かたち)は花(はな)びら,は花(はな)びら,手(て)と手(て)を合(あ)わせた形(かたち)は花(はな)びら,形(かたち)
117.835,118.368,-1,手(て)と手(て)を合(あ)わせた形(かたち)は花(はな)びら,た形(かたち)は花(はな)びら,形(かたち)は花(はな)びら,手(て)と手(て)を合(あ)わせた形(かたち)は花(はな)びら,た
117.634,117.835,-1,手(て)と手(て)を合(あ)わせた形(かたち)は花(はな)びら,せた形(かたち)は花(はな)びら,た形(かたち)は花(はな)びら,手(て)と手(て)を合(あ)わせた形(かたち)は花(はな)びら,せ
117.134,117.634,-1,手(て)と手(て)を合(あ)わせた形(かたち)は花(はな)びら,わせた形(かたち)は花(はな)びら,せた形(かたち)は花(はな)びら,手(て)と手(て)を合(あ)わせた形(かたち)は花(はな)びら,わ
116.767,117.134,-1,手(て)と手(て)を合(あ)わせた形(かたち)は花(はな)びら,合(あ)わせた形(かたち)は花(はな)びら,わせた形(かたち)は花(はな)びら,手(て)と手(て)を合(あ)わせた形(かたち)は花(はな)びら,合(あ)
116.4,116.767,-1,手(て)と手(て)を合(あ)わせた形(かたち)は花(はな)びら,を合(あ)わせた形(かたち)は花(はな)びら,合(あ)わせた形(かたち)は花(はな)びら,手(て)と手(て)を合(あ)わせた形(かたち)は花(はな)びら,を
116.033,116.4,-1,手(て)と手(て)を合(あ)わせた形(かたち)は花(はな)びら,手(て)を合(あ)わせた形(かたち)は花(はな)びら,を合(あ)わせた形(かたち)は花(はな)びら,手(て)と手(て)を合(あ)わせた形(かたち)は花(はな)びら,手(て)
115.666,116.033,-1,手(て)と手(て)を合(あ)わせた形(かたち)は花(はな)びら,と手(て)を合(あ)わせた形(かたち)は花(はな)びら,手(て)を合(あ)わせた形(かたち)は花(はな)びら,手(て)と手(て)を合(あ)わせた形(かたち)は花(はな)びら,と
115.499,115.666,-1,手(て)と手(て)を合(あ)わせた形(かたち)は花(はな)びら,手(て)と手(て)を合(あ)わせた形(かたち)は花(はな)びら,と手(て)を合(あ)わせた形(かたち)は花(はな)びら,手(て)と手(て)を合(あ)わせた形(かたち)は花(はな)びら,手(て)
100.684,101.051,-1,振(ふ)り返(かえ)って笑(わら)うように,に,手(て)と手(て)を合(あ)わせた形(かたち)は花(はな)びら,手(て)と手(て)を合(あ)わせた形(かたち)は花(はな)びら,に
100.484,100.684,-1,振(ふ)り返(かえ)って笑(わら)うように,うに,に,振(ふ)り返(かえ)って笑(わら)うように,う
100.317,100.484,-1,振(ふ)り返(かえ)って笑(わら)うように,ように,うに,振(ふ)り返(かえ)って笑(わら)うように,よ
100.117,100.317,-1,振(ふ)り返(かえ)って笑(わら)うように,うように,ように,振(ふ)り返(かえ)って笑(わら)うように,う
99.783,100.117,-1,振(ふ)り返(かえ)って笑(わら)うように,笑(わら)うように,うように,振(ふ)り返(かえ)って笑(わら)うように,笑(わら)
99.583,99.783,-1,振(ふ)り返(かえ)って笑(わら)うように,て笑(わら)うように,笑(わら)うように,振(ふ)り返(かえ)って笑(わら)うように,て
99.416,99.583,-1,振(ふ)り返(かえ)って笑(わら)うように,って笑(わら)うように,て笑(わら)うように,振(ふ)り返(かえ)って笑(わら)うように,っ
99.083,99.416,-1,振(ふ)り返(かえ)って笑(わら)うように,返(かえ)って笑(わら)うように,って笑(わら)うように,振(ふ)り返(かえ)って笑(わら)うように,返(かえ)
98.515,99.083,-1,振(ふ)り返(かえ)って笑(わら)うように,り返(かえ)って笑(わら)うように,返(かえ)って笑(わら)うように,振(ふ)り返(かえ)って笑(わら)うように,り
98.348,98.515,-1,振(ふ)り返(かえ)って笑(わら)うように,振(ふ)り返(かえ)って笑(わら)うように,り返(かえ)って笑(わら)うように,振(ふ)り返(かえ)って笑(わら)うように,振(ふ)
160.31,161.211,-1,支(ささ)える側(がわ)になりたいから,ら,振(ふ)り返(かえ)って笑(わら)うように,振(ふ)り返(かえ)って笑(わら)うように,ら
160.11,160.31,-1,支(ささ)える側(がわ)になりたいから,から,ら,支(ささ)える側(がわ)になりたいから,か
159.943,160.11,-1,支(ささ)える側(がわ)になりたいから,いから,から,支(ささ)える側(がわ)になりたいから,い
159.776,159.943,-1,支(ささ)える側(がわ)になりたいから,たいから,いから,支(ささ)える側(がわ)になりたいから,た
159.61,159.776,-1,支(ささ)える側(がわ)になりたいから,りたいから,たいから,支(ささ)える側(がわ)になりたいから,り
159.409,159.61,-1,支(ささ)える側(がわ)になりたいから,なりたいから,りたいから,支(ささ)える側(がわ)になりたいから,な
159.243,159.409,-1,支(ささ)える側(がわ)になりたいから,になりたいから,なりたいから,支(ささ)える側(がわ)になりたいから,に
158.876,159.243,-1,支(ささ)える側(がわ)になりたいから,側(がわ)になりたいから,になりたいから,支(ささ)える側(がわ)になりたいから,側(がわ)
158.709,158.876,-1,支(ささ)える側(がわ)になりたいから,る側(がわ)になりたいから,側(がわ)になりたいから,支(ささ)える側(がわ)になりたいから,る
158.342,158.709,-1,支(ささ)える側(がわ)になりたいから,える側(がわ)になりたいから,る側(がわ)になりたいから,支(ささ)える側(がわ)になりたいから,え
158.008,158.342,-1,支(ささ)える側(がわ)になりたいから,支(ささ)える側(がわ)になりたいから,える側(がわ)になりたいから,支(ささ)える側(がわ)になりたいから,支(ささ)
114.965,115.499,-1,支(ささ)え合(あ)えたら大(たい)樹(じゅ)になれるよ,よ,支(ささ)える側(がわ)になりたいから,支(ささ)える側(がわ)になりたいから,よ
114.798,114.965,-1,支(ささ)え合(あ)えたら大(たい)樹(じゅ)になれるよ,るよ,よ,支(ささ)え合(あ)えたら大(たい)樹(じゅ)になれるよ,る
114.264,114.798,-1,支(ささ)え合(あ)えたら大(たい)樹(じゅ)になれるよ,れるよ,るよ,支(ささ)え合(あ)えたら大(たい)樹(じゅ)になれるよ,れ
113.897,114.264,-1,支(ささ)え合(あ)えたら大(たい)樹(じゅ)になれるよ,なれるよ,れるよ,支(ささ)え合(あ)えたら大(たい)樹(じゅ)になれるよ,な
113.53,113.897,-1,支(ささ)え合(あ)えたら大(たい)樹(じゅ)になれるよ,になれるよ,なれるよ,支(ささ)え合(あ)えたら大(たい)樹(じゅ)になれるよ,に
113.163,113.53,-1,支(ささ)え合(あ)えたら大(たい)樹(じゅ)になれるよ,樹(じゅ)になれるよ,になれるよ,支(ささ)え合(あ)えたら大(たい)樹(じゅ)になれるよ,樹(じゅ)
112.463,113.163,-1,支(ささ)え合(あ)えたら大(たい)樹(じゅ)になれるよ,大(たい)樹(じゅ)になれるよ,樹(じゅ)になれるよ,支(ささ)え合(あ)えたら大(たい)樹(じゅ)になれるよ,大(たい)
112.096,112.463,-1,支(ささ)え合(あ)えたら大(たい)樹(じゅ)になれるよ,ら大(たい)樹(じゅ)になれるよ,大(たい)樹(じゅ)になれるよ,支(ささ)え合(あ)えたら大(たい)樹(じゅ)になれるよ,ら
111.762,112.096,-1,支(ささ)え合(あ)えたら大(たい)樹(じゅ)になれるよ,たら大(たい)樹(じゅ)になれるよ,ら大(たい)樹(じゅ)になれるよ,支(ささ)え合(あ)えたら大(たい)樹(じゅ)になれるよ,た
111.395,111.762,-1,支(ささ)え合(あ)えたら大(たい)樹(じゅ)になれるよ,えたら大(たい)樹(じゅ)になれるよ,たら大(たい)樹(じゅ)になれるよ,支(ささ)え合(あ)えたら大(たい)樹(じゅ)になれるよ,え
111.028,111.395,-1,支(ささ)え合(あ)えたら大(たい)樹(じゅ)になれるよ,合(あ)えたら大(たい)樹(じゅ)になれるよ,えたら大(たい)樹(じゅ)になれるよ,支(ささ)え合(あ)えたら大(たい)樹(じゅ)になれるよ,合(あ)
110.694,111.028,-1,支(ささ)え合(あ)えたら大(たい)樹(じゅ)になれるよ,え合(あ)えたら大(たい)樹(じゅ)になれるよ,合(あ)えたら大(たい)樹(じゅ)になれるよ,支(ささ)え合(あ)えたら大(たい)樹(じゅ)になれるよ,え
109.96,110.694,-1,支(ささ)え合(あ)えたら大(たい)樹(じゅ)になれるよ,支(ささ)え合(あ)えたら大(たい)樹(じゅ)になれるよ,え合(あ)えたら大(たい)樹(じゅ)になれるよ,支(ささ)え合(あ)えたら大(たい)樹(じゅ)になれるよ,支(ささ)
57.841,58.375,-1,支(ささ)え合(あ)えたら桜(さくら)になれるよ,よ,支(ささ)え合(あ)えたら大(たい)樹(じゅ)になれるよ,支(ささ)え合(あ)えたら大(たい)樹(じゅ)になれるよ,よ
57.641,57.841,-1,支(ささ)え合(あ)えたら桜(さくら)になれるよ,るよ,よ,支(ささ)え合(あ)えたら桜(さくら)になれるよ,る
57.141,57.641,-1,支(ささ)え合(あ)えたら桜(さくら)になれるよ,れるよ,るよ,支(ささ)え合(あ)えたら桜(さくら)になれるよ,れ
56.774,57.141,-1,支(ささ)え合(あ)えたら桜(さくら)になれるよ,なれるよ,れるよ,支(ささ)え合(あ)えたら桜(さくら)になれるよ,な
56.407,56.774,-1,支(ささ)え合(あ)えたら桜(さくら)になれるよ,になれるよ,なれるよ,支(ささ)え合(あ)えたら桜(さくら)になれるよ,に
55.339,56.407,-1,支(ささ)え合(あ)えたら桜(さくら)になれるよ,桜(さくら)になれるよ,になれるよ,支(ささ)え合(あ)えたら桜(さくら)になれるよ,桜(さくら)
54.972,55.339,-1,支(ささ)え合(あ)えたら桜(さくら)になれるよ,ら桜(さくら)になれるよ,桜(さくら)になれるよ,支(ささ)え合(あ)えたら桜(さくら)になれるよ,ら
54.605,54.972,-1,支(ささ)え合(あ)えたら桜(さくら)になれるよ,たら桜(さくら)になれるよ,ら桜(さくら)になれるよ,支(ささ)え合(あ)えたら桜(さくら)になれるよ,た
54.271,54.605,-1,支(ささ)え合(あ)えたら桜(さくら)になれるよ,えたら桜(さくら)になれるよ,たら桜(さくら)になれるよ,支(ささ)え合(あ)えたら桜(さくら)になれるよ,え
53.904,54.271,-1,支(ささ)え合(あ)えたら桜(さくら)になれるよ,合(あ)えたら桜(さくら)になれるよ,えたら桜(さくら)になれるよ,支(ささ)え合(あ)えたら桜(さくら)になれるよ,合(あ)
53.57,53.904,-1,支(ささ)え合(あ)えたら桜(さくら)になれるよ,え合(あ)えたら桜(さくら)になれるよ,合(あ)えたら桜(さくら)になれるよ,支(ささ)え合(あ)えたら桜(さくら)になれるよ,え
52.836,53.57,-1,支(ささ)え合(あ)えたら桜(さくら)になれるよ,支(ささ)え合(あ)えたら桜(さくら)になれるよ,え合(あ)えたら桜(さくら)になれるよ,支(ささ)え合(あ)えたら桜(さくら)になれるよ,支(ささ)
46.563,46.93,-1,景(け)色(しき)を探(さが)しにゆこう,う,支(ささ)え合(あ)えたら桜(さくら)になれるよ,支(ささ)え合(あ)えたら桜(さくら)になれるよ,う
46.397,46.563,-1,景(け)色(しき)を探(さが)しにゆこう,こう,う,景(け)色(しき)を探(さが)しにゆこう,こ
46.23,46.397,-1,景(け)色(しき)を探(さが)しにゆこう,ゆこう,こう,景(け)色(しき)を探(さが)しにゆこう,ゆ
45.696,46.23,-1,景(け)色(しき)を探(さが)しにゆこう,にゆこう,ゆこう,景(け)色(しき)を探(さが)しにゆこう,に
45.496,45.696,-1,景(け)色(しき)を探(さが)しにゆこう,しにゆこう,にゆこう,景(け)色(しき)を探(さが)しにゆこう,し
45.129,45.496,-1,景(け)色(しき)を探(さが)しにゆこう,探(さが)しにゆこう,しにゆこう,景(け)色(しき)を探(さが)しにゆこう,探(さが)
44.962,45.129,-1,景(け)色(しき)を探(さが)しにゆこう,を探(さが)しにゆこう,探(さが)しにゆこう,景(け)色(しき)を探(さが)しにゆこう,を
44.261,44.962,-1,景(け)色(しき)を探(さが)しにゆこう,色(しき)を探(さが)しにゆこう,を探(さが)しにゆこう,景(け)色(しき)を探(さが)しにゆこう,色(しき)
43.894,44.261,-1,景(け)色(しき)を探(さが)しにゆこう,景(け)色(しき)を探(さが)しにゆこう,色(しき)を探(さが)しにゆこう,景(け)色(しき)を探(さが)しにゆこう,景(け)
109.259,109.96,-1,枝(えだ)ひとつずつじゃ　くじけそうでも　ほら,ら,景(け)色(しき)を探(さが)しにゆこう,景(け)色(しき)を探(さが)しにゆこう,ら
109.093,109.259,-1,枝(えだ)ひとつずつじゃ　くじけそうでも　ほら,ほら,ら,枝(えだ)ひとつずつじゃ　くじけそうでも　ほら,ほ
108.559,109.093,-1,枝(えだ)ひとつずつじゃ　くじけそうでも　ほら,も　ほら,ほら,枝(えだ)ひとつずつじゃ　くじけそうでも　ほら,も　
108.192,108.559,-1,枝(えだ)ひとつずつじゃ　くじけそうでも　ほら,でも　ほら,も　ほら,枝(えだ)ひとつずつじゃ　くじけそうでも　ほら,で
108.025,108.192,-1,枝(えだ)ひとつずつじゃ　くじけそうでも　ほら,うでも　ほら,でも　ほら,枝(えだ)ひとつずつじゃ　くじけそうでも　ほら,う
107.858,108.025,-1,枝(えだ)ひとつずつじゃ　くじけそうでも　ほら,そうでも　ほら,うでも　ほら,枝(えだ)ひとつずつじゃ　くじけそうでも　ほら,そ
107.491,107.858,-1,枝(えだ)ひとつずつじゃ　くじけそうでも　ほら,けそうでも　ほら,そうでも　ほら,枝(えだ)ひとつずつじゃ　くじけそうでも　ほら,け
107.124,107.491,-1,枝(えだ)ひとつずつじゃ　くじけそうでも　ほら,じけそうでも　ほら,けそうでも　ほら,枝(えだ)ひとつずつじゃ　くじけそうでも　ほら,じ
106.957,107.124,-1,枝(えだ)ひとつずつじゃ　くじけそうでも　ほら,くじけそうでも　ほら,じけそうでも　ほら,枝(えだ)ひとつずつじゃ　くじけそうでも　ほら,く
106.423,106.957,-1,枝(えだ)ひとつずつじゃ　くじけそうでも　ほら,じゃ　くじけそうでも　ほら,くじけそうでも　ほら,枝(えだ)ひとつずつじゃ　くじけそうでも　ほら,じゃ　
106.223,106.423,-1,枝(えだ)ひとつずつじゃ　くじけそうでも　ほら,つじゃ　くじけそうでも　ほら,じゃ　くじけそうでも　ほら,枝(えだ)ひとつずつじゃ　くじけそうでも　ほら,つ
105.689,106.223,-1,枝(えだ)ひとつずつじゃ　くじけそうでも　ほら,ずつじゃ　くじけそうでも　ほら,つじゃ　くじけそうでも　ほら,枝(えだ)ひとつずつじゃ　くじけそうでも　ほら,ず
105.355,105.689,-1,枝(えだ)ひとつずつじゃ　くじけそうでも　ほら,つずつじゃ　くじけそうでも　ほら,ずつじゃ　くじけそうでも　ほら,枝(えだ)ひとつずつじゃ　くじけそうでも　ほら,つ
104.988,105.355,-1,枝(えだ)ひとつずつじゃ　くじけそうでも　ほら,とつずつじゃ　くじけそうでも　ほら,つずつじゃ　くじけそうでも　ほら,枝(えだ)ひとつずつじゃ　くじけそうでも　ほら,と
104.621,104.988,-1,枝(えだ)ひとつずつじゃ　くじけそうでも　ほら,ひとつずつじゃ　くじけそうでも　ほら,とつずつじゃ　くじけそうでも　ほら,枝(えだ)ひとつずつじゃ　くじけそうでも　ほら,ひ
104.088,104.621,-1,枝(えだ)ひとつずつじゃ　くじけそうでも　ほら,枝(えだ)ひとつずつじゃ　くじけそうでも　ほら,ひとつずつじゃ　くじけそうでも　ほら,枝(えだ)ひとつずつじゃ　くじけそうでも　ほら,枝(えだ)
11.395,12.83,-1,歌唱：さくらみこ,歌唱：さくらみこ,枝(えだ)ひとつずつじゃ　くじけそうでも　ほら,枝(えだ)ひとつずつじゃ　くじけそうでも　ほら,歌唱：さくらみこ
166.383,167.117,-1,空(そら)に願(ねが)う星(ほし)　涙(なみだ)をあずけて,て,歌唱：さくらみこ,歌唱：さくらみこ,て
166.216,166.383,-1,空(そら)に願(ねが)う星(ほし)　涙(なみだ)をあずけて,けて,て,空(そら)に願(ねが)う星(ほし)　涙(なみだ)をあずけて,け
165.682,166.216,-1,空(そら)に願(ねが)う星(ほし)　涙(なみだ)をあずけて,ずけて,けて,空(そら)に願(ねが)う星(ほし)　涙(なみだ)をあずけて,ず
165.315,165.682,-1,空(そら)に願(ねが)う星(ほし)　涙(なみだ)をあずけて,あずけて,ずけて,空(そら)に願(ねが)う星(ほし)　涙(なみだ)をあずけて,あ
164.948,165.315,-1,空(そら)に願(ねが)う星(ほし)　涙(なみだ)をあずけて,をあずけて,あずけて,空(そら)に願(ねが)う星(ほし)　涙(なみだ)をあずけて,を
164.081,164.948,-1,空(そら)に願(ねが)う星(ほし)　涙(なみだ)をあずけて,涙(なみだ)をあずけて,をあずけて,空(そら)に願(ねが)う星(ほし)　涙(なみだ)をあずけて,涙(なみだ)
163.547,164.081,-1,空(そら)に願(ねが)う星(ほし)　涙(なみだ)をあずけて,　涙(なみだ)をあずけて,涙(なみだ)をあずけて,空(そら)に願(ねが)う星(ほし)　涙(なみだ)をあずけて,　
163.347,163.547,-1,空(そら)に願(ねが)う星(ほし)　涙(なみだ)をあずけて,星(ほし)　涙(なみだ)をあずけて,　涙(なみだ)をあずけて,空(そら)に願(ねが)う星(ほし)　涙(なみだ)をあずけて,星(ほし)
162.813,163.347,-1,空(そら)に願(ねが)う星(ほし)　涙(なみだ)をあずけて,う星(ほし)　涙(なみだ)をあずけて,星(ほし)　涙(なみだ)をあずけて,空(そら)に願(ねが)う星(ほし)　涙(なみだ)をあずけて,う
162.112,162.813,-1,空(そら)に願(ねが)う星(ほし)　涙(なみだ)をあずけて,願(ねが)う星(ほし)　涙(なみだ)をあずけて,う星(ほし)　涙(なみだ)をあずけて,空(そら)に願(ねが)う星(ほし)　涙(なみだ)をあずけて,願(ねが)
161.745,162.112,-1,空(そら)に願(ねが)う星(ほし)　涙(なみだ)をあずけて,に願(ねが)う星(ほし)　涙(なみだ)をあずけて,願(ねが)う星(ほし)　涙(なみだ)をあずけて,空(そら)に願(ねが)う星(ほし)　涙(なみだ)をあずけて,に
161.211,161.745,-1,空(そら)に願(ねが)う星(ほし)　涙(なみだ)をあずけて,空(そら)に願(ねが)う星(ほし)　涙(なみだ)をあずけて,に願(ねが)う星(ほし)　涙(なみだ)をあずけて,空(そら)に願(ねが)う星(ほし)　涙(なみだ)をあずけて,空(そら)
40.324,41.225,-1,続(つづ)いてくこの物(ストー)語(リー),語(リー),空(そら)に願(ねが)う星(ほし)　涙(なみだ)をあずけて,空(そら)に願(ねが)う星(ほし)　涙(なみだ)をあずけて,語(リー)
39.69,40.324,-1,続(つづ)いてくこの物(ストー)語(リー),物(ストー)語(リー),語(リー),続(つづ)いてくこの物(ストー)語(リー),物(ストー)
39.59,39.69,-1,続(つづ)いてくこの物(ストー)語(リー),の物(ストー)語(リー),物(ストー)語(リー),続(つづ)いてくこの物(ストー)語(リー),の
39.423,39.59,-1,続(つづ)いてくこの物(ストー)語(リー),この物(ストー)語(リー),の物(ストー)語(リー),続(つづ)いてくこの物(ストー)語(リー),こ
39.056,39.423,-1,続(つづ)いてくこの物(ストー)語(リー),くこの物(ストー)語(リー),この物(ストー)語(リー),続(つづ)いてくこの物(ストー)語(リー),く
38.889,39.056,-1,続(つづ)いてくこの物(ストー)語(リー),てくこの物(ストー)語(リー),くこの物(ストー)語(リー),続(つづ)いてくこの物(ストー)語(リー),て
38.722,38.889,-1,続(つづ)いてくこの物(ストー)語(リー),いてくこの物(ストー)語(リー),てくこの物(ストー)語(リー),続(つづ)いてくこの物(ストー)語(リー),い
38.355,38.722,-1,続(つづ)いてくこの物(ストー)語(リー),続(つづ)いてくこの物(ストー)語(リー),いてくこの物(ストー)語(リー),続(つづ)いてくこの物(ストー)語(リー),続(つづ)
52.136,52.836,-1,花(はな)ひとつずつが小(ちい)さくても　ほら,ら,続(つづ)いてくこの物(ストー)語(リー),続(つづ)いてくこの物(ストー)語(リー),ら
51.935,52.136,-1,花(はな)ひとつずつが小(ちい)さくても　ほら,ほら,ら,花(はな)ひとつずつが小(ちい)さくても　ほら,ほ
51.402,51.935,-1,花(はな)ひとつずつが小(ちい)さくても　ほら,も　ほら,ほら,花(はな)ひとつずつが小(ちい)さくても　ほら,も　
51.068,51.402,-1,花(はな)ひとつずつが小(ちい)さくても　ほら,ても　ほら,も　ほら,花(はな)ひとつずつが小(ちい)さくても　ほら,て
50.701,51.068,-1,花(はな)ひとつずつが小(ちい)さくても　ほら,くても　ほら,ても　ほら,花(はな)ひとつずつが小(ちい)さくても　ほら,く
50.334,50.701,-1,花(はな)ひとつずつが小(ちい)さくても　ほら,さくても　ほら,くても　ほら,花(はな)ひとつずつが小(ちい)さくても　ほら,さ
49.8,50.334,-1,花(はな)ひとつずつが小(ちい)さくても　ほら,小(ちい)さくても　ほら,さくても　ほら,花(はな)ひとつずつが小(ちい)さくても　ほら,小(ちい)
49.266,49.8,-1,花(はな)ひとつずつが小(ちい)さくても　ほら,が小(ちい)さくても　ほら,小(ちい)さくても　ほら,花(はな)ひとつずつが小(ちい)さくても　ほら,が
49.099,49.266,-1,花(はな)ひとつずつが小(ちい)さくても　ほら,つが小(ちい)さくても　ほら,が小(ちい)さくても　ほら,花(はな)ひとつずつが小(ちい)さくても　ほら,つ
48.565,49.099,-1,花(はな)ひとつずつが小(ちい)さくても　ほら,ずつが小(ちい)さくても　ほら,つが小(ちい)さくても　ほら,花(はな)ひとつずつが小(ちい)さくても　ほら,ず
48.198,48.565,-1,花(はな)ひとつずつが小(ちい)さくても　ほら,つずつが小(ちい)さくても　ほら,ずつが小(ちい)さくても　ほら,花(はな)ひとつずつが小(ちい)さくても　ほら,つ
47.831,48.198,-1,花(はな)ひとつずつが小(ちい)さくても　ほら,とつずつが小(ちい)さくても　ほら,つずつが小(ちい)さくても　ほら,花(はな)ひとつずつが小(ちい)さくても　ほら,と
47.498,47.831,-1,花(はな)ひとつずつが小(ちい)さくても　ほら,ひとつずつが小(ちい)さくても　ほら,とつずつが小(ちい)さくても　ほら,花(はな)ひとつずつが小(ちい)さくても　ほら,ひ
46.93,47.498,-1,花(はな)ひとつずつが小(ちい)さくても　ほら,花(はな)ひとつずつが小(ちい)さくても　ほら,ひとつずつが小(ちい)さくても　ほら,花(はな)ひとつずつが小(ちい)さくても　ほら,花(はな)
97.481,98.348,-1,諦(あきら)めかけた分(ルー)岐(ト)も,も,花(はな)ひとつずつが小(ちい)さくても　ほら,花(はな)ひとつずつが小(ちい)さくても　ほら,も
97.314,97.481,-1,諦(あきら)めかけた分(ルー)岐(ト)も,岐(ト)も,も,諦(あきら)めかけた分(ルー)岐(ト)も,岐(ト)
96.947,97.314,-1,諦(あきら)めかけた分(ルー)岐(ト)も,分(ルー)岐(ト)も,岐(ト)も,諦(あきら)めかけた分(ルー)岐(ト)も,分(ルー)
96.78,96.947,-1,諦(あきら)めかけた分(ルー)岐(ト)も,た分(ルー)岐(ト)も,分(ルー)岐(ト)も,諦(あきら)めかけた分(ルー)岐(ト)も,た
96.58,96.78,-1,諦(あきら)めかけた分(ルー)岐(ト)も,けた分(ルー)岐(ト)も,た分(ルー)岐(ト)も,諦(あきら)めかけた分(ルー)岐(ト)も,け
96.246,96.58,-1,諦(あきら)めかけた分(ルー)岐(ト)も,かけた分(ルー)岐(ト)も,けた分(ルー)岐(ト)も,諦(あきら)めかけた分(ルー)岐(ト)も,か
96.08,96.246,-1,諦(あきら)めかけた分(ルー)岐(ト)も,めかけた分(ルー)岐(ト)も,かけた分(ルー)岐(ト)も,諦(あきら)めかけた分(ルー)岐(ト)も,め
95.512,96.08,-1,諦(あきら)めかけた分(ルー)岐(ト)も,諦(あきら)めかけた分(ルー)岐(ト)も,めかけた分(ルー)岐(ト)も,諦(あきら)めかけた分(ルー)岐(ト)も,諦(あきら)
156.373,156.907,85,（もっと）,と）,諦(あきら)めかけた分(ルー)岐(ト)も,諦(あきら)めかけた分(ルー)岐(ト)も,と）
156.206,156.373,85,（もっと）,っと）,と）,（もっと）,っ
156.039,156.206,85,（もっと）,（もっと）,っと）,（もっと）,（も
157.674,158.008,85,（君(きみ)を）,を）,（もっと）,（もっと）,を）
157.307,157.674,85,（君(きみ)を）,（君(きみ)を）,を）,（君(きみ)を）,（君(きみ)
