start,end,line,unformatted,remainder,prev_remainder,prev_unformatted,token
211.628,211.962,7,ahh,ahh,,,ahh
211.028,211.328,7,ahh,ahh,ahh,ahh,ahh
210.394,210.694,7,ahh,ahh,ahh,ahh,ahh
209.76,210.06,7,ahh,ahh,ahh,ahh,ahh
209.159,209.459,7,ahh,ahh,ahh,ahh,ahh
202.252,202.553,7,ahh,ahh,ahh,ahh,ahh
201.652,201.952,7,ahh,ahh,ahh,ahh,ahh
201.018,201.318,7,ahh,ahh,ahh,ahh,ahh
200.384,200.684,7,ahh,ahh,ahh,ahh,ahh
199.75,200.05,7,ahh,ahh,ahh,ahh,ahh
199.149,199.449,7,ahh,ahh,ahh,ahh,ahh
161.645,161.912,7,ahh,ahh,ahh,ahh,ahh
161.011,161.311,7,ahh,ahh,ahh,ahh,ahh
160.377,160.677,7,ahh,ahh,ahh,ahh,ahh
159.776,160.077,7,ahh,ahh,ahh,ahh,ahh
159.143,159.443,7,ahh,ahh,ahh,ahh,ahh
152.269,152.569,7,ahh,ahh,ahh,ahh,ahh
151.635,151.935,7,ahh,ahh,ahh,ahh,ahh
151.001,151.301,7,ahh,ahh,ahh,ahh,ahh
150.367,150.667,7,ahh,ahh,ahh,ahh,ahh
149.766,150.067,7,ahh,ahh,ahh,ahh,ahh
149.133,149.433,7,ahh,ahh,ahh,ahh,ahh
66.65,66.95,7,ahh,ahh,ahh,ahh,ahh
66.016,66.316,7,ahh,ahh,ahh,ahh,ahh
65.382,65.682,7,ahh,ahh,ahh,ahh,ahh
64.748,65.049,7,ahh,ahh,ahh,ahh,ahh
64.148,64.448,7,ahh,ahh,ahh,ahh,ahh
57.274,57.574,7,ahh,ahh,ahh,ahh,ahh
56.64,56.94,7,ahh,ahh,ahh,ahh,ahh
56.006,56.306,7,ahh,ahh,ahh,ahh,ahh
55.406,55.706,7,ahh,ahh,ahh,ahh,ahh
54.772,55.072,7,ahh,ahh,ahh,ahh,ahh
54.138,54.438,7,ahh,ahh,ahh,ahh,ahh
5.856,8.525,-1,mix、master：tkn,mix、master：tkn,ahh,ahh,mix、master：tkn
3.52,13.497,0,mumei／七詩ムメイ,mumei／七詩ムメイ,mix、master：tkn,mix、master：tkn,mumei／七詩ムメイ
8.525,11.028,-1,mv：大鳥,mv：大鳥,mumei／七詩ムメイ,mumei／七詩ムメイ,mv：大鳥
170.521,171.021,-1,あたりは一(いち)面(めん)真(ま)っ暗(くら)な世(せ)界(かい),界(かい),mv：大鳥,mv：大鳥,界(かい)
170.387,170.521,-1,あたりは一(いち)面(めん)真(ま)っ暗(くら)な世(せ)界(かい),世(せ)界(かい),界(かい),あたりは一(いち)面(めん)真(ま)っ暗(くら)な世(せ)界(かい),世(せ)
170.22,170.387,-1,あたりは一(いち)面(めん)真(ま)っ暗(くら)な世(せ)界(かい),な世(せ)界(かい),世(せ)界(かい),あたりは一(いち)面(めん)真(ま)っ暗(くら)な世(せ)界(かい),な
169.92,170.22,-1,あたりは一(いち)面(めん)真(ま)っ暗(くら)な世(せ)界(かい),暗(くら)な世(せ)界(かい),な世(せ)界(かい),あたりは一(いち)面(めん)真(ま)っ暗(くら)な世(せ)界(かい),暗(くら)
169.786,169.92,-1,あたりは一(いち)面(めん)真(ま)っ暗(くら)な世(せ)界(かい),っ暗(くら)な世(せ)界(かい),暗(くら)な世(せ)界(かい),あたりは一(いち)面(めん)真(ま)っ暗(くら)な世(せ)界(かい),っ
169.62,169.786,-1,あたりは一(いち)面(めん)真(ま)っ暗(くら)な世(せ)界(かい),真(ま)っ暗(くら)な世(せ)界(かい),っ暗(くら)な世(せ)界(かい),あたりは一(いち)面(めん)真(ま)っ暗(くら)な世(せ)界(かい),真(ま)
169.319,169.62,-1,あたりは一(いち)面(めん)真(ま)っ暗(くら)な世(せ)界(かい),面(めん)真(ま)っ暗(くら)な世(せ)界(かい),真(ま)っ暗(くら)な世(せ)界(かい),あたりは一(いち)面(めん)真(ま)っ暗(くら)な世(せ)界(かい),面(めん)
168.986,169.319,-1,あたりは一(いち)面(めん)真(ま)っ暗(くら)な世(せ)界(かい),一(いち)面(めん)真(ま)っ暗(くら)な世(せ)界(かい),面(めん)真(ま)っ暗(くら)な世(せ)界(かい),あたりは一(いち)面(めん)真(ま)っ暗(くら)な世(せ)界(かい),一(いち)
168.852,168.986,-1,あたりは一(いち)面(めん)真(ま)っ暗(くら)な世(せ)界(かい),は一(いち)面(めん)真(ま)っ暗(くら)な世(せ)界(かい),一(いち)面(めん)真(ま)っ暗(くら)な世(せ)界(かい),あたりは一(いち)面(めん)真(ま)っ暗(くら)な世(せ)界(かい),は
168.685,168.852,-1,あたりは一(いち)面(めん)真(ま)っ暗(くら)な世(せ)界(かい),りは一(いち)面(めん)真(ま)っ暗(くら)な世(せ)界(かい),は一(いち)面(めん)真(ま)っ暗(くら)な世(せ)界(かい),あたりは一(いち)面(めん)真(ま)っ暗(くら)な世(せ)界(かい),り
168.519,168.685,-1,あたりは一(いち)面(めん)真(ま)っ暗(くら)な世(せ)界(かい),たりは一(いち)面(めん)真(ま)っ暗(くら)な世(せ)界(かい),りは一(いち)面(めん)真(ま)っ暗(くら)な世(せ)界(かい),あたりは一(いち)面(めん)真(ま)っ暗(くら)な世(せ)界(かい),た
168.352,168.519,-1,あたりは一(いち)面(めん)真(ま)っ暗(くら)な世(せ)界(かい),あたりは一(いち)面(めん)真(ま)っ暗(くら)な世(せ)界(かい),たりは一(いち)面(めん)真(ま)っ暗(くら)な世(せ)界(かい),あたりは一(いち)面(めん)真(ま)っ暗(くら)な世(せ)界(かい),あ
182.733,183.367,-1,この胸(むね)に空(あ)いた穴(あな)に今(いま),今(いま),あたりは一(いち)面(めん)真(ま)っ暗(くら)な世(せ)界(かい),あたりは一(いち)面(めん)真(ま)っ暗(くら)な世(せ)界(かい),今(いま)
182.566,182.733,-1,この胸(むね)に空(あ)いた穴(あな)に今(いま),に今(いま),今(いま),この胸(むね)に空(あ)いた穴(あな)に今(いま),に
182.232,182.566,-1,この胸(むね)に空(あ)いた穴(あな)に今(いま),穴(あな)に今(いま),に今(いま),この胸(むね)に空(あ)いた穴(あな)に今(いま),穴(あな)
182.065,182.232,-1,この胸(むね)に空(あ)いた穴(あな)に今(いま),た穴(あな)に今(いま),穴(あな)に今(いま),この胸(むね)に空(あ)いた穴(あな)に今(いま),た
181.932,182.065,-1,この胸(むね)に空(あ)いた穴(あな)に今(いま),いた穴(あな)に今(いま),た穴(あな)に今(いま),この胸(むね)に空(あ)いた穴(あな)に今(いま),い
181.798,181.932,-1,この胸(むね)に空(あ)いた穴(あな)に今(いま),空(あ)いた穴(あな)に今(いま),いた穴(あな)に今(いま),この胸(むね)に空(あ)いた穴(あな)に今(いま),空(あ)
181.632,181.798,-1,この胸(むね)に空(あ)いた穴(あな)に今(いま),に空(あ)いた穴(あな)に今(いま),空(あ)いた穴(あな)に今(いま),この胸(むね)に空(あ)いた穴(あな)に今(いま),に
181.298,181.632,-1,この胸(むね)に空(あ)いた穴(あな)に今(いま),胸(むね)に空(あ)いた穴(あな)に今(いま),に空(あ)いた穴(あな)に今(いま),この胸(むね)に空(あ)いた穴(あな)に今(いま),胸(むね)
181.165,181.298,-1,この胸(むね)に空(あ)いた穴(あな)に今(いま),の胸(むね)に空(あ)いた穴(あな)に今(いま),胸(むね)に空(あ)いた穴(あな)に今(いま),この胸(むね)に空(あ)いた穴(あな)に今(いま),の
180.998,181.165,-1,この胸(むね)に空(あ)いた穴(あな)に今(いま),この胸(むね)に空(あ)いた穴(あな)に今(いま),の胸(むね)に空(あ)いた穴(あな)に今(いま),この胸(むね)に空(あ)いた穴(あな)に今(いま),こ
134.785,135.719,-1,さよならしてしまえば終(お)わりだ,だ,この胸(むね)に空(あ)いた穴(あな)に今(いま),この胸(むね)に空(あ)いた穴(あな)に今(いま),だ
134.485,134.785,-1,さよならしてしまえば終(お)わりだ,りだ,だ,さよならしてしまえば終(お)わりだ,り
134.151,134.485,-1,さよならしてしまえば終(お)わりだ,わりだ,りだ,さよならしてしまえば終(お)わりだ,わ
133.851,134.151,-1,さよならしてしまえば終(お)わりだ,終(お)わりだ,わりだ,さよならしてしまえば終(お)わりだ,終(お)
133.517,133.851,-1,さよならしてしまえば終(お)わりだ,ば終(お)わりだ,終(お)わりだ,さよならしてしまえば終(お)わりだ,ば
133.217,133.517,-1,さよならしてしまえば終(お)わりだ,えば終(お)わりだ,ば終(お)わりだ,さよならしてしまえば終(お)わりだ,え
132.916,133.217,-1,さよならしてしまえば終(お)わりだ,まえば終(お)わりだ,えば終(お)わりだ,さよならしてしまえば終(お)わりだ,ま
132.583,132.916,-1,さよならしてしまえば終(お)わりだ,しまえば終(お)わりだ,まえば終(お)わりだ,さよならしてしまえば終(お)わりだ,し
132.282,132.583,-1,さよならしてしまえば終(お)わりだ,てしまえば終(お)わりだ,しまえば終(お)わりだ,さよならしてしまえば終(お)わりだ,て
131.949,132.282,-1,さよならしてしまえば終(お)わりだ,してしまえば終(お)わりだ,てしまえば終(お)わりだ,さよならしてしまえば終(お)わりだ,し
131.048,131.949,-1,さよならしてしまえば終(お)わりだ,らしてしまえば終(お)わりだ,してしまえば終(お)わりだ,さよならしてしまえば終(お)わりだ,ら
130.714,131.048,-1,さよならしてしまえば終(お)わりだ,ならしてしまえば終(お)わりだ,らしてしまえば終(お)わりだ,さよならしてしまえば終(お)わりだ,な
130.414,130.714,-1,さよならしてしまえば終(お)わりだ,よならしてしまえば終(お)わりだ,ならしてしまえば終(お)わりだ,さよならしてしまえば終(お)わりだ,よ
130.114,130.414,-1,さよならしてしまえば終(お)わりだ,さよならしてしまえば終(お)わりだ,よならしてしまえば終(お)わりだ,さよならしてしまえば終(お)わりだ,さ
180.731,180.998,-1,それでも君(きみ)が求(もと)めるのなら,ら,さよならしてしまえば終(お)わりだ,さよならしてしまえば終(お)わりだ,ら
180.564,180.731,-1,それでも君(きみ)が求(もと)めるのなら,なら,ら,それでも君(きみ)が求(もと)めるのなら,な
180.397,180.564,-1,それでも君(きみ)が求(もと)めるのなら,のなら,なら,それでも君(きみ)が求(もと)めるのなら,の
180.264,180.397,-1,それでも君(きみ)が求(もと)めるのなら,るのなら,のなら,それでも君(きみ)が求(もと)めるのなら,る
180.097,180.264,-1,それでも君(きみ)が求(もと)めるのなら,めるのなら,るのなら,それでも君(きみ)が求(もと)めるのなら,め
179.63,180.097,-1,それでも君(きみ)が求(もと)めるのなら,求(もと)めるのなら,めるのなら,それでも君(きみ)が求(もと)めるのなら,求(もと)
179.463,179.63,-1,それでも君(きみ)が求(もと)めるのなら,が求(もと)めるのなら,求(もと)めるのなら,それでも君(きみ)が求(もと)めるのなら,が
179.163,179.463,-1,それでも君(きみ)が求(もと)めるのなら,君(きみ)が求(もと)めるのなら,が求(もと)めるのなら,それでも君(きみ)が求(もと)めるのなら,君(きみ)
178.996,179.163,-1,それでも君(きみ)が求(もと)めるのなら,も君(きみ)が求(もと)めるのなら,君(きみ)が求(もと)めるのなら,それでも君(きみ)が求(もと)めるのなら,も
178.829,178.996,-1,それでも君(きみ)が求(もと)めるのなら,でも君(きみ)が求(もと)めるのなら,も君(きみ)が求(もと)めるのなら,それでも君(きみ)が求(もと)めるのなら,で
178.695,178.829,-1,それでも君(きみ)が求(もと)めるのなら,れでも君(きみ)が求(もと)めるのなら,でも君(きみ)が求(もと)めるのなら,それでも君(きみ)が求(もと)めるのなら,れ
178.529,178.695,-1,それでも君(きみ)が求(もと)めるのなら,それでも君(きみ)が求(もと)めるのなら,れでも君(きみ)が求(もと)めるのなら,それでも君(きみ)が求(もと)めるのなら,そ
42.292,42.593,-1,なんだか懐(なつ)かしいような気(き)がした,た,それでも君(きみ)が求(もと)めるのなら,それでも君(きみ)が求(もと)めるのなら,た
41.959,42.292,-1,なんだか懐(なつ)かしいような気(き)がした,した,た,なんだか懐(なつ)かしいような気(き)がした,し
41.658,41.959,-1,なんだか懐(なつ)かしいような気(き)がした,がした,した,なんだか懐(なつ)かしいような気(き)がした,が
41.325,41.658,-1,なんだか懐(なつ)かしいような気(き)がした,気(き)がした,がした,なんだか懐(なつ)かしいような気(き)がした,気(き)
41.025,41.325,-1,なんだか懐(なつ)かしいような気(き)がした,な気(き)がした,気(き)がした,なんだか懐(なつ)かしいような気(き)がした,な
40.891,41.025,-1,なんだか懐(なつ)かしいような気(き)がした,うな気(き)がした,な気(き)がした,なんだか懐(なつ)かしいような気(き)がした,う
40.724,40.891,-1,なんだか懐(なつ)かしいような気(き)がした,ような気(き)がした,うな気(き)がした,なんだか懐(なつ)かしいような気(き)がした,よ
40.391,40.724,-1,なんだか懐(なつ)かしいような気(き)がした,いような気(き)がした,ような気(き)がした,なんだか懐(なつ)かしいような気(き)がした,い
40.09,40.391,-1,なんだか懐(なつ)かしいような気(き)がした,しいような気(き)がした,いような気(き)がした,なんだか懐(なつ)かしいような気(き)がした,し
39.757,40.09,-1,なんだか懐(なつ)かしいような気(き)がした,かしいような気(き)がした,しいような気(き)がした,なんだか懐(なつ)かしいような気(き)がした,か
39.156,39.757,-1,なんだか懐(なつ)かしいような気(き)がした,懐(なつ)かしいような気(き)がした,かしいような気(き)がした,なんだか懐(なつ)かしいような気(き)がした,懐(なつ)
38.522,39.156,-1,なんだか懐(なつ)かしいような気(き)がした,か懐(なつ)かしいような気(き)がした,懐(なつ)かしいような気(き)がした,なんだか懐(なつ)かしいような気(き)がした,か
38.222,38.522,-1,なんだか懐(なつ)かしいような気(き)がした,だか懐(なつ)かしいような気(き)がした,か懐(なつ)かしいような気(き)がした,なんだか懐(なつ)かしいような気(き)がした,だ
37.888,38.222,-1,なんだか懐(なつ)かしいような気(き)がした,んだか懐(なつ)かしいような気(き)がした,だか懐(なつ)かしいような気(き)がした,なんだか懐(なつ)かしいような気(き)がした,ん
37.588,37.888,-1,なんだか懐(なつ)かしいような気(き)がした,なんだか懐(なつ)かしいような気(き)がした,んだか懐(なつ)かしいような気(き)がした,なんだか懐(なつ)かしいような気(き)がした,な
52.302,53.203,-1,ふざけあって笑(わら)いあって,て,なんだか懐(なつ)かしいような気(き)がした,なんだか懐(なつ)かしいような気(き)がした,て
52.002,52.302,-1,ふざけあって笑(わら)いあって,って,て,ふざけあって笑(わら)いあって,っ
51.502,52.002,-1,ふざけあって笑(わら)いあって,あって,って,ふざけあって笑(わら)いあって,あ
51.335,51.502,-1,ふざけあって笑(わら)いあって,いあって,あって,ふざけあって笑(わら)いあって,い
50.667,51.335,-1,ふざけあって笑(わら)いあって,笑(わら)いあって,いあって,ふざけあって笑(わら)いあって,笑(わら)
49.8,50.667,-1,ふざけあって笑(わら)いあって,て笑(わら)いあって,笑(わら)いあって,ふざけあって笑(わら)いあって,て
49.466,49.8,-1,ふざけあって笑(わら)いあって,って笑(わら)いあって,て笑(わら)いあって,ふざけあって笑(わら)いあって,っ
49.166,49.466,-1,ふざけあって笑(わら)いあって,あって笑(わら)いあって,って笑(わら)いあって,ふざけあって笑(わら)いあって,あ
48.832,49.166,-1,ふざけあって笑(わら)いあって,けあって笑(わら)いあって,あって笑(わら)いあって,ふざけあって笑(わら)いあって,け
48.532,48.832,-1,ふざけあって笑(わら)いあって,ざけあって笑(わら)いあって,けあって笑(わら)いあって,ふざけあって笑(わら)いあって,ざ
48.165,48.532,-1,ふざけあって笑(わら)いあって,ふざけあって笑(わら)いあって,ざけあって笑(わら)いあって,ふざけあって笑(わら)いあって,ふ
31.048,32.583,-1,ぽかりと空(あ)いた穴(あな)の先(さき)で君(きみ)と出(で)会(あ)った,た,ふざけあって笑(わら)いあって,ふざけあって笑(わら)いあって,た
30.714,31.048,-1,ぽかりと空(あ)いた穴(あな)の先(さき)で君(きみ)と出(で)会(あ)った,った,た,ぽかりと空(あ)いた穴(あな)の先(さき)で君(きみ)と出(で)会(あ)った,っ
30.414,30.714,-1,ぽかりと空(あ)いた穴(あな)の先(さき)で君(きみ)と出(で)会(あ)った,会(あ)った,った,ぽかりと空(あ)いた穴(あな)の先(さき)で君(きみ)と出(で)会(あ)った,会(あ)
30.114,30.414,-1,ぽかりと空(あ)いた穴(あな)の先(さき)で君(きみ)と出(で)会(あ)った,出(で)会(あ)った,会(あ)った,ぽかりと空(あ)いた穴(あな)の先(さき)で君(きみ)と出(で)会(あ)った,出(で)
29.446,30.114,-1,ぽかりと空(あ)いた穴(あな)の先(さき)で君(きみ)と出(で)会(あ)った,と出(で)会(あ)った,出(で)会(あ)った,ぽかりと空(あ)いた穴(あな)の先(さき)で君(きみ)と出(で)会(あ)った,と
28.812,29.446,-1,ぽかりと空(あ)いた穴(あな)の先(さき)で君(きみ)と出(で)会(あ)った,君(きみ)と出(で)会(あ)った,と出(で)会(あ)った,ぽかりと空(あ)いた穴(あな)の先(さき)で君(きみ)と出(で)会(あ)った,君(きみ)
28.212,28.812,-1,ぽかりと空(あ)いた穴(あな)の先(さき)で君(きみ)と出(で)会(あ)った,で君(きみ)と出(で)会(あ)った,君(きみ)と出(で)会(あ)った,ぽかりと空(あ)いた穴(あな)の先(さき)で君(きみ)と出(で)会(あ)った,で
27.578,28.212,-1,ぽかりと空(あ)いた穴(あな)の先(さき)で君(きみ)と出(で)会(あ)った,先(さき)で君(きみ)と出(で)会(あ)った,で君(きみ)と出(で)会(あ)った,ぽかりと空(あ)いた穴(あな)の先(さき)で君(きみ)と出(で)会(あ)った,先(さき)
27.244,27.578,-1,ぽかりと空(あ)いた穴(あな)の先(さき)で君(きみ)と出(で)会(あ)った,の先(さき)で君(きみ)と出(で)会(あ)った,先(さき)で君(きみ)と出(で)会(あ)った,ぽかりと空(あ)いた穴(あな)の先(さき)で君(きみ)と出(で)会(あ)った,の
26.01,27.244,-1,ぽかりと空(あ)いた穴(あな)の先(さき)で君(きみ)と出(で)会(あ)った,穴(あな)の先(さき)で君(きみ)と出(で)会(あ)った,の先(さき)で君(きみ)と出(で)会(あ)った,ぽかりと空(あ)いた穴(あな)の先(さき)で君(きみ)と出(で)会(あ)った,穴(あな)
25.709,26.01,-1,ぽかりと空(あ)いた穴(あな)の先(さき)で君(きみ)と出(で)会(あ)った,た穴(あな)の先(さき)で君(きみ)と出(で)会(あ)った,穴(あな)の先(さき)で君(きみ)と出(で)会(あ)った,ぽかりと空(あ)いた穴(あな)の先(さき)で君(きみ)と出(で)会(あ)った,た
25.409,25.709,-1,ぽかりと空(あ)いた穴(あな)の先(さき)で君(きみ)と出(で)会(あ)った,いた穴(あな)の先(さき)で君(きみ)と出(で)会(あ)った,た穴(あな)の先(さき)で君(きみ)と出(で)会(あ)った,ぽかりと空(あ)いた穴(あな)の先(さき)で君(きみ)と出(で)会(あ)った,い
25.075,25.409,-1,ぽかりと空(あ)いた穴(あな)の先(さき)で君(きみ)と出(で)会(あ)った,空(あ)いた穴(あな)の先(さき)で君(きみ)と出(で)会(あ)った,いた穴(あな)の先(さき)で君(きみ)と出(で)会(あ)った,ぽかりと空(あ)いた穴(あな)の先(さき)で君(きみ)と出(で)会(あ)った,空(あ)
24.775,25.075,-1,ぽかりと空(あ)いた穴(あな)の先(さき)で君(きみ)と出(で)会(あ)った,と空(あ)いた穴(あな)の先(さき)で君(きみ)と出(で)会(あ)った,空(あ)いた穴(あな)の先(さき)で君(きみ)と出(で)会(あ)った,ぽかりと空(あ)いた穴(あな)の先(さき)で君(きみ)と出(で)会(あ)った,と
24.475,24.775,-1,ぽかりと空(あ)いた穴(あな)の先(さき)で君(きみ)と出(で)会(あ)った,りと空(あ)いた穴(あな)の先(さき)で君(きみ)と出(で)会(あ)った,と空(あ)いた穴(あな)の先(さき)で君(きみ)と出(で)会(あ)った,ぽかりと空(あ)いた穴(あな)の先(さき)で君(きみ)と出(で)会(あ)った,り
24.141,24.475,-1,ぽかりと空(あ)いた穴(あな)の先(さき)で君(きみ)と出(で)会(あ)った,かりと空(あ)いた穴(あな)の先(さき)で君(きみ)と出(で)会(あ)った,りと空(あ)いた穴(あな)の先(さき)で君(きみ)と出(で)会(あ)った,ぽかりと空(あ)いた穴(あな)の先(さき)で君(きみ)と出(で)会(あ)った,か
23.841,24.141,-1,ぽかりと空(あ)いた穴(あな)の先(さき)で君(きみ)と出(で)会(あ)った,ぽかりと空(あ)いた穴(あな)の先(さき)で君(きみ)と出(で)会(あ)った,かりと空(あ)いた穴(あな)の先(さき)で君(きみ)と出(で)会(あ)った,ぽかりと空(あ)いた穴(あな)の先(さき)で君(きみ)と出(で)会(あ)った,ぽ
188.505,189.773,91,一(いち)羽(わ)の鳥(とり)が今(いま)君(きみ)の元(もと)へと行(い)く,く,ぽかりと空(あ)いた穴(あな)の先(さき)で君(きみ)と出(で)会(あ)った,ぽかりと空(あ)いた穴(あな)の先(さき)で君(きみ)と出(で)会(あ)った,く
188.372,188.505,91,一(いち)羽(わ)の鳥(とり)が今(いま)君(きみ)の元(もと)へと行(い)く,行(い)く,く,一(いち)羽(わ)の鳥(とり)が今(いま)君(きみ)の元(もと)へと行(い)く,行(い)
188.205,188.372,91,一(いち)羽(わ)の鳥(とり)が今(いま)君(きみ)の元(もと)へと行(い)く,と行(い)く,行(い)く,一(いち)羽(わ)の鳥(とり)が今(いま)君(きみ)の元(もと)へと行(い)く,と
188.038,188.205,91,一(いち)羽(わ)の鳥(とり)が今(いま)君(きみ)の元(もと)へと行(い)く,へと行(い)く,と行(い)く,一(いち)羽(わ)の鳥(とり)が今(いま)君(きみ)の元(もと)へと行(い)く,へ
187.738,188.038,91,一(いち)羽(わ)の鳥(とり)が今(いま)君(きみ)の元(もと)へと行(い)く,元(もと)へと行(い)く,へと行(い)く,一(いち)羽(わ)の鳥(とり)が今(いま)君(きみ)の元(もと)へと行(い)く,元(もと)
187.604,187.738,91,一(いち)羽(わ)の鳥(とり)が今(いま)君(きみ)の元(もと)へと行(い)く,の元(もと)へと行(い)く,元(もと)へと行(い)く,一(いち)羽(わ)の鳥(とり)が今(いま)君(きみ)の元(もと)へと行(い)く,の
187.271,187.604,91,一(いち)羽(わ)の鳥(とり)が今(いま)君(きみ)の元(もと)へと行(い)く,君(きみ)の元(もと)へと行(い)く,の元(もと)へと行(い)く,一(いち)羽(わ)の鳥(とり)が今(いま)君(きみ)の元(もと)へと行(い)く,君(きみ)
186.97,187.271,91,一(いち)羽(わ)の鳥(とり)が今(いま)君(きみ)の元(もと)へと行(い)く,今(いま)君(きみ)の元(もと)へと行(い)く,君(きみ)の元(もと)へと行(い)く,一(いち)羽(わ)の鳥(とり)が今(いま)君(きみ)の元(もと)へと行(い)く,今(いま)
186.803,186.97,91,一(いち)羽(わ)の鳥(とり)が今(いま)君(きみ)の元(もと)へと行(い)く,が今(いま)君(きみ)の元(もと)へと行(い)く,今(いま)君(きみ)の元(もと)へと行(い)く,一(いち)羽(わ)の鳥(とり)が今(いま)君(きみ)の元(もと)へと行(い)く,が
186.503,186.803,91,一(いち)羽(わ)の鳥(とり)が今(いま)君(きみ)の元(もと)へと行(い)く,鳥(とり)が今(いま)君(きみ)の元(もと)へと行(い)く,が今(いま)君(きみ)の元(もと)へと行(い)く,一(いち)羽(わ)の鳥(とり)が今(いま)君(きみ)の元(もと)へと行(い)く,鳥(とり)
186.336,186.503,91,一(いち)羽(わ)の鳥(とり)が今(いま)君(きみ)の元(もと)へと行(い)く,の鳥(とり)が今(いま)君(きみ)の元(もと)へと行(い)く,鳥(とり)が今(いま)君(きみ)の元(もと)へと行(い)く,一(いち)羽(わ)の鳥(とり)が今(いま)君(きみ)の元(もと)へと行(い)く,の
186.17,186.336,91,一(いち)羽(わ)の鳥(とり)が今(いま)君(きみ)の元(もと)へと行(い)く,羽(わ)の鳥(とり)が今(いま)君(きみ)の元(もと)へと行(い)く,の鳥(とり)が今(いま)君(きみ)の元(もと)へと行(い)く,一(いち)羽(わ)の鳥(とり)が今(いま)君(きみ)の元(もと)へと行(い)く,羽(わ)
185.869,186.17,91,一(いち)羽(わ)の鳥(とり)が今(いま)君(きみ)の元(もと)へと行(い)く,一(いち)羽(わ)の鳥(とり)が今(いま)君(きみ)の元(もと)へと行(い)く,羽(わ)の鳥(とり)が今(いま)君(きみ)の元(もと)へと行(い)く,一(いち)羽(わ)の鳥(とり)が今(いま)君(きみ)の元(もと)へと行(い)く,一(いち)
207.591,208.225,-1,世(せ)界(かい)のどこかにいる君(きみ)のため,め,一(いち)羽(わ)の鳥(とり)が今(いま)君(きみ)の元(もと)へと行(い)く,一(いち)羽(わ)の鳥(とり)が今(いま)君(きみ)の元(もと)へと行(い)く,め
207.257,207.591,-1,世(せ)界(かい)のどこかにいる君(きみ)のため,ため,め,世(せ)界(かい)のどこかにいる君(きみ)のため,た
206.623,207.257,-1,世(せ)界(かい)のどこかにいる君(きみ)のため,のため,ため,世(せ)界(かい)のどこかにいる君(きみ)のため,の
205.722,206.623,-1,世(せ)界(かい)のどこかにいる君(きみ)のため,君(きみ)のため,のため,世(せ)界(かい)のどこかにいる君(きみ)のため,君(きみ)
205.389,205.722,-1,世(せ)界(かい)のどこかにいる君(きみ)のため,る君(きみ)のため,君(きみ)のため,世(せ)界(かい)のどこかにいる君(きみ)のため,る
205.088,205.389,-1,世(せ)界(かい)のどこかにいる君(きみ)のため,いる君(きみ)のため,る君(きみ)のため,世(せ)界(かい)のどこかにいる君(きみ)のため,い
204.755,205.088,-1,世(せ)界(かい)のどこかにいる君(きみ)のため,にいる君(きみ)のため,いる君(きみ)のため,世(せ)界(かい)のどこかにいる君(きみ)のため,に
204.121,204.755,-1,世(せ)界(かい)のどこかにいる君(きみ)のため,かにいる君(きみ)のため,にいる君(きみ)のため,世(せ)界(かい)のどこかにいる君(きみ)のため,か
203.52,204.121,-1,世(せ)界(かい)のどこかにいる君(きみ)のため,こかにいる君(きみ)のため,かにいる君(きみ)のため,世(せ)界(かい)のどこかにいる君(きみ)のため,こ
203.22,203.52,-1,世(せ)界(かい)のどこかにいる君(きみ)のため,どこかにいる君(きみ)のため,こかにいる君(きみ)のため,世(せ)界(かい)のどこかにいる君(きみ)のため,ど
202.886,203.22,-1,世(せ)界(かい)のどこかにいる君(きみ)のため,のどこかにいる君(きみ)のため,どこかにいる君(きみ)のため,世(せ)界(かい)のどこかにいる君(きみ)のため,の
198.515,202.886,-1,世(せ)界(かい)のどこかにいる君(きみ)のため,界(かい)のどこかにいる君(きみ)のため,のどこかにいる君(きみ)のため,世(せ)界(かい)のどこかにいる君(きみ)のため,界(かい)
198.215,198.515,-1,世(せ)界(かい)のどこかにいる君(きみ)のため,世(せ)界(かい)のどこかにいる君(きみ)のため,界(かい)のどこかにいる君(きみ)のため,世(せ)界(かい)のどこかにいる君(きみ)のため,世(せ)
62.579,63.213,-1,世(せ)界(かい)のどこかにいる君(きみ)のため,め,世(せ)界(かい)のどこかにいる君(きみ)のため,世(せ)界(かい)のどこかにいる君(きみ)のため,め
62.246,62.579,-1,世(せ)界(かい)のどこかにいる君(きみ)のため,ため,め,世(せ)界(かい)のどこかにいる君(きみ)のため,た
61.612,62.246,-1,世(せ)界(かい)のどこかにいる君(きみ)のため,のため,ため,世(せ)界(かい)のどこかにいる君(きみ)のため,の
60.677,61.612,-1,世(せ)界(かい)のどこかにいる君(きみ)のため,君(きみ)のため,のため,世(せ)界(かい)のどこかにいる君(きみ)のため,君(きみ)
60.377,60.677,-1,世(せ)界(かい)のどこかにいる君(きみ)のため,る君(きみ)のため,君(きみ)のため,世(せ)界(かい)のどこかにいる君(きみ)のため,る
60.077,60.377,-1,世(せ)界(かい)のどこかにいる君(きみ)のため,いる君(きみ)のため,る君(きみ)のため,世(せ)界(かい)のどこかにいる君(きみ)のため,い
59.777,60.077,-1,世(せ)界(かい)のどこかにいる君(きみ)のため,にいる君(きみ)のため,いる君(きみ)のため,世(せ)界(かい)のどこかにいる君(きみ)のため,に
59.143,59.777,-1,世(せ)界(かい)のどこかにいる君(きみ)のため,かにいる君(きみ)のため,にいる君(きみ)のため,世(せ)界(かい)のどこかにいる君(きみ)のため,か
58.509,59.143,-1,世(せ)界(かい)のどこかにいる君(きみ)のため,こかにいる君(きみ)のため,かにいる君(きみ)のため,世(せ)界(かい)のどこかにいる君(きみ)のため,こ
58.208,58.509,-1,世(せ)界(かい)のどこかにいる君(きみ)のため,どこかにいる君(きみ)のため,こかにいる君(きみ)のため,世(せ)界(かい)のどこかにいる君(きみ)のため,ど
57.875,58.208,-1,世(せ)界(かい)のどこかにいる君(きみ)のため,のどこかにいる君(きみ)のため,どこかにいる君(きみ)のため,世(せ)界(かい)のどこかにいる君(きみ)のため,の
53.537,57.875,-1,世(せ)界(かい)のどこかにいる君(きみ)のため,界(かい)のどこかにいる君(きみ)のため,のどこかにいる君(きみ)のため,世(せ)界(かい)のどこかにいる君(きみ)のため,界(かい)
53.203,53.537,-1,世(せ)界(かい)のどこかにいる君(きみ)のため,世(せ)界(かい)のどこかにいる君(きみ)のため,界(かい)のどこかにいる君(きみ)のため,世(せ)界(かい)のどこかにいる君(きみ)のため,世(せ)
157.574,158.175,-1,世(せ)界(かい)のどこかにいる君(きみ)はどこ,こ,世(せ)界(かい)のどこかにいる君(きみ)のため,世(せ)界(かい)のどこかにいる君(きみ)のため,こ
157.274,157.574,-1,世(せ)界(かい)のどこかにいる君(きみ)はどこ,どこ,こ,世(せ)界(かい)のどこかにいる君(きみ)はどこ,ど
156.573,157.274,-1,世(せ)界(かい)のどこかにいる君(きみ)はどこ,はどこ,どこ,世(せ)界(かい)のどこかにいる君(きみ)はどこ,は
155.606,156.573,-1,世(せ)界(かい)のどこかにいる君(きみ)はどこ,君(きみ)はどこ,はどこ,世(せ)界(かい)のどこかにいる君(きみ)はどこ,君(きみ)
155.339,155.606,-1,世(せ)界(かい)のどこかにいる君(きみ)はどこ,る君(きみ)はどこ,君(きみ)はどこ,世(せ)界(かい)のどこかにいる君(きみ)はどこ,る
155.072,155.339,-1,世(せ)界(かい)のどこかにいる君(きみ)はどこ,いる君(きみ)はどこ,る君(きみ)はどこ,世(せ)界(かい)のどこかにいる君(きみ)はどこ,い
154.738,155.072,-1,世(せ)界(かい)のどこかにいる君(きみ)はどこ,にいる君(きみ)はどこ,いる君(きみ)はどこ,世(せ)界(かい)のどこかにいる君(きみ)はどこ,に
154.104,154.738,-1,世(せ)界(かい)のどこかにいる君(きみ)はどこ,かにいる君(きみ)はどこ,にいる君(きみ)はどこ,世(せ)界(かい)のどこかにいる君(きみ)はどこ,か
153.504,154.104,-1,世(せ)界(かい)のどこかにいる君(きみ)はどこ,こかにいる君(きみ)はどこ,かにいる君(きみ)はどこ,世(せ)界(かい)のどこかにいる君(きみ)はどこ,こ
153.203,153.504,-1,世(せ)界(かい)のどこかにいる君(きみ)はどこ,どこかにいる君(きみ)はどこ,こかにいる君(きみ)はどこ,世(せ)界(かい)のどこかにいる君(きみ)はどこ,ど
152.87,153.203,-1,世(せ)界(かい)のどこかにいる君(きみ)はどこ,のどこかにいる君(きみ)はどこ,どこかにいる君(きみ)はどこ,世(せ)界(かい)のどこかにいる君(きみ)はどこ,の
148.499,152.87,-1,世(せ)界(かい)のどこかにいる君(きみ)はどこ,界(かい)のどこかにいる君(きみ)はどこ,のどこかにいる君(きみ)はどこ,世(せ)界(かい)のどこかにいる君(きみ)はどこ,界(かい)
148.198,148.499,-1,世(せ)界(かい)のどこかにいる君(きみ)はどこ,世(せ)界(かい)のどこかにいる君(きみ)はどこ,界(かい)のどこかにいる君(きみ)はどこ,世(せ)界(かい)のどこかにいる君(きみ)はどこ,世(せ)
47.331,48.165,-1,互(たが)いに穴(あな)埋(う)めていくように,に,世(せ)界(かい)のどこかにいる君(きみ)はどこ,世(せ)界(かい)のどこかにいる君(きみ)はどこ,に
46.997,47.331,-1,互(たが)いに穴(あな)埋(う)めていくように,うに,に,互(たが)いに穴(あな)埋(う)めていくように,う
46.663,46.997,-1,互(たが)いに穴(あな)埋(う)めていくように,ように,うに,互(たが)いに穴(あな)埋(う)めていくように,よ
46.33,46.663,-1,互(たが)いに穴(あな)埋(う)めていくように,くように,ように,互(たが)いに穴(あな)埋(う)めていくように,く
46.03,46.33,-1,互(たが)いに穴(あな)埋(う)めていくように,いくように,くように,互(たが)いに穴(あな)埋(う)めていくように,い
45.729,46.03,-1,互(たが)いに穴(あな)埋(う)めていくように,ていくように,いくように,互(たが)いに穴(あな)埋(う)めていくように,て
45.396,45.729,-1,互(たが)いに穴(あな)埋(う)めていくように,めていくように,ていくように,互(たが)いに穴(あな)埋(う)めていくように,め
45.095,45.396,-1,互(たが)いに穴(あな)埋(う)めていくように,埋(う)めていくように,めていくように,互(たが)いに穴(あな)埋(う)めていくように,埋(う)
44.461,45.095,-1,互(たが)いに穴(あな)埋(う)めていくように,穴(あな)埋(う)めていくように,埋(う)めていくように,互(たが)いに穴(あな)埋(う)めていくように,穴(あな)
43.527,44.461,-1,互(たが)いに穴(あな)埋(う)めていくように,に穴(あな)埋(う)めていくように,穴(あな)埋(う)めていくように,互(たが)いに穴(あな)埋(う)めていくように,に
43.227,43.527,-1,互(たが)いに穴(あな)埋(う)めていくように,いに穴(あな)埋(う)めていくように,に穴(あな)埋(う)めていくように,互(たが)いに穴(あな)埋(う)めていくように,い
42.593,43.227,-1,互(たが)いに穴(あな)埋(う)めていくように,互(たが)いに穴(あな)埋(う)めていくように,いに穴(あな)埋(う)めていくように,互(たが)いに穴(あな)埋(う)めていくように,互(たが)
167.284,168.352,-1,今(いま)ここにいるよ私(あたし)無(む)名(めい),名(めい),互(たが)いに穴(あな)埋(う)めていくように,互(たが)いに穴(あな)埋(う)めていくように,名(めい)
166.917,167.284,-1,今(いま)ここにいるよ私(あたし)無(む)名(めい),無(む)名(めい),名(めい),今(いま)ここにいるよ私(あたし)無(む)名(めい),無(む)
164.448,166.917,-1,今(いま)ここにいるよ私(あたし)無(む)名(めい),私(あたし)無(む)名(めい),無(む)名(めい),今(いま)ここにいるよ私(あたし)無(む)名(めい),私(あたし)
163.514,164.448,-1,今(いま)ここにいるよ私(あたし)無(む)名(めい),よ私(あたし)無(む)名(めい),私(あたし)無(む)名(めい),今(いま)ここにいるよ私(あたし)無(む)名(めい),よ
163.18,163.514,-1,今(いま)ここにいるよ私(あたし)無(む)名(めい),るよ私(あたし)無(む)名(めい),よ私(あたし)無(む)名(めい),今(いま)ここにいるよ私(あたし)無(む)名(めい),る
162.846,163.18,-1,今(いま)ここにいるよ私(あたし)無(む)名(めい),いるよ私(あたし)無(む)名(めい),るよ私(あたし)無(む)名(めい),今(いま)ここにいるよ私(あたし)無(む)名(めい),い
162.546,162.846,-1,今(いま)ここにいるよ私(あたし)無(む)名(めい),にいるよ私(あたし)無(む)名(めい),いるよ私(あたし)無(む)名(めい),今(いま)ここにいるよ私(あたし)無(む)名(めい),に
162.246,162.546,-1,今(いま)ここにいるよ私(あたし)無(む)名(めい),こにいるよ私(あたし)無(む)名(めい),にいるよ私(あたし)無(む)名(めい),今(いま)ここにいるよ私(あたし)無(む)名(めい),こ
161.912,162.246,-1,今(いま)ここにいるよ私(あたし)無(む)名(めい),ここにいるよ私(あたし)無(む)名(めい),こにいるよ私(あたし)無(む)名(めい),今(いま)ここにいるよ私(あたし)無(む)名(めい),こ
158.175,161.912,-1,今(いま)ここにいるよ私(あたし)無(む)名(めい),今(いま)ここにいるよ私(あたし)無(む)名(めい),ここにいるよ私(あたし)無(む)名(めい),今(いま)ここにいるよ私(あたし)無(む)名(めい),今(いま)
218.535,219.136,-1,今(いま)生(い)きていくよ私(あたし)ムメイのまま,ま,今(いま)ここにいるよ私(あたし)無(む)名(めい),今(いま)ここにいるよ私(あたし)無(む)名(めい),ま
218.202,218.535,-1,今(いま)生(い)きていくよ私(あたし)ムメイのまま,まま,ま,今(いま)生(い)きていくよ私(あたし)ムメイのまま,ま
217.901,218.202,-1,今(いま)生(い)きていくよ私(あたし)ムメイのまま,のまま,まま,今(いま)生(い)きていくよ私(あたし)ムメイのまま,の
217.634,217.901,-1,今(いま)生(い)きていくよ私(あたし)ムメイのまま,イのまま,のまま,今(いま)生(い)きていくよ私(あたし)ムメイのまま,イ
217.234,217.634,-1,今(いま)生(い)きていくよ私(あたし)ムメイのまま,メイのまま,イのまま,今(いま)生(い)きていくよ私(あたし)ムメイのまま,メ
216.934,217.234,-1,今(いま)生(い)きていくよ私(あたし)ムメイのまま,ムメイのまま,メイのまま,今(いま)生(い)きていくよ私(あたし)ムメイのまま,ム
214.464,216.934,-1,今(いま)生(い)きていくよ私(あたし)ムメイのまま,私(あたし)ムメイのまま,ムメイのまま,今(いま)生(い)きていくよ私(あたし)ムメイのまま,私(あたし)
213.53,214.464,-1,今(いま)生(い)きていくよ私(あたし)ムメイのまま,よ私(あたし)ムメイのまま,私(あたし)ムメイのまま,今(いま)生(い)きていくよ私(あたし)ムメイのまま,よ
213.23,213.53,-1,今(いま)生(い)きていくよ私(あたし)ムメイのまま,くよ私(あたし)ムメイのまま,よ私(あたし)ムメイのまま,今(いま)生(い)きていくよ私(あたし)ムメイのまま,く
212.896,213.23,-1,今(いま)生(い)きていくよ私(あたし)ムメイのまま,いくよ私(あたし)ムメイのまま,くよ私(あたし)ムメイのまま,今(いま)生(い)きていくよ私(あたし)ムメイのまま,い
212.596,212.896,-1,今(いま)生(い)きていくよ私(あたし)ムメイのまま,ていくよ私(あたし)ムメイのまま,いくよ私(あたし)ムメイのまま,今(いま)生(い)きていくよ私(あたし)ムメイのまま,て
212.296,212.596,-1,今(いま)生(い)きていくよ私(あたし)ムメイのまま,きていくよ私(あたし)ムメイのまま,ていくよ私(あたし)ムメイのまま,今(いま)生(い)きていくよ私(あたし)ムメイのまま,き
211.962,212.296,-1,今(いま)生(い)きていくよ私(あたし)ムメイのまま,生(い)きていくよ私(あたし)ムメイのまま,きていくよ私(あたし)ムメイのまま,今(いま)生(い)きていくよ私(あたし)ムメイのまま,生(い)
208.225,211.962,-1,今(いま)生(い)きていくよ私(あたし)ムメイのまま,今(いま)生(い)きていくよ私(あたし)ムメイのまま,生(い)きていくよ私(あたし)ムメイのまま,今(いま)生(い)きていくよ私(あたし)ムメイのまま,今(いま)
73.524,75.726,-1,今(いま)生(い)きているよ僕(ぼく)ら無(む)名(めい)のまま,ま,今(いま)生(い)きていくよ私(あたし)ムメイのまま,今(いま)生(い)きていくよ私(あたし)ムメイのまま,ま
73.223,73.524,-1,今(いま)生(い)きているよ僕(ぼく)ら無(む)名(めい)のまま,まま,ま,今(いま)生(い)きているよ僕(ぼく)ら無(む)名(めい)のまま,ま
72.89,73.223,-1,今(いま)生(い)きているよ僕(ぼく)ら無(む)名(めい)のまま,のまま,まま,今(いま)生(い)きているよ僕(ぼく)ら無(む)名(めい)のまま,の
72.256,72.89,-1,今(いま)生(い)きているよ僕(ぼく)ら無(む)名(めい)のまま,名(めい)のまま,のまま,今(いま)生(い)きているよ僕(ぼく)ら無(む)名(めい)のまま,名(めい)
71.889,72.256,-1,今(いま)生(い)きているよ僕(ぼく)ら無(む)名(めい)のまま,無(む)名(めい)のまま,名(めい)のまま,今(いま)生(い)きているよ僕(ぼく)ら無(む)名(めい)のまま,無(む)
70.054,71.889,-1,今(いま)生(い)きているよ僕(ぼく)ら無(む)名(めい)のまま,ら無(む)名(めい)のまま,無(む)名(めい)のまま,今(いま)生(い)きているよ僕(ぼく)ら無(む)名(めい)のまま,ら
69.453,70.054,-1,今(いま)生(い)きているよ僕(ぼく)ら無(む)名(めい)のまま,僕(ぼく)ら無(む)名(めい)のまま,ら無(む)名(めい)のまま,今(いま)生(い)きているよ僕(ぼく)ら無(む)名(めい)のまま,僕(ぼく)
68.519,69.453,-1,今(いま)生(い)きているよ僕(ぼく)ら無(む)名(めい)のまま,よ僕(ぼく)ら無(む)名(めい)のまま,僕(ぼく)ら無(む)名(めい)のまま,今(いま)生(い)きているよ僕(ぼく)ら無(む)名(めい)のまま,よ
68.218,68.519,-1,今(いま)生(い)きているよ僕(ぼく)ら無(む)名(めい)のまま,るよ僕(ぼく)ら無(む)名(めい)のまま,よ僕(ぼく)ら無(む)名(めい)のまま,今(いま)生(い)きているよ僕(ぼく)ら無(む)名(めい)のまま,る
67.885,68.218,-1,今(いま)生(い)きているよ僕(ぼく)ら無(む)名(めい)のまま,いるよ僕(ぼく)ら無(む)名(めい)のまま,るよ僕(ぼく)ら無(む)名(めい)のまま,今(いま)生(い)きているよ僕(ぼく)ら無(む)名(めい)のまま,い
67.584,67.885,-1,今(いま)生(い)きているよ僕(ぼく)ら無(む)名(めい)のまま,ているよ僕(ぼく)ら無(む)名(めい)のまま,いるよ僕(ぼく)ら無(む)名(めい)のまま,今(いま)生(い)きているよ僕(ぼく)ら無(む)名(めい)のまま,て
67.284,67.584,-1,今(いま)生(い)きているよ僕(ぼく)ら無(む)名(めい)のまま,きているよ僕(ぼく)ら無(む)名(めい)のまま,ているよ僕(ぼく)ら無(む)名(めい)のまま,今(いま)生(い)きているよ僕(ぼく)ら無(む)名(めい)のまま,き
66.95,67.284,-1,今(いま)生(い)きているよ僕(ぼく)ら無(む)名(めい)のまま,生(い)きているよ僕(ぼく)ら無(む)名(めい)のまま,きているよ僕(ぼく)ら無(む)名(めい)のまま,今(いま)生(い)きているよ僕(ぼく)ら無(む)名(めい)のまま,生(い)
63.213,66.95,-1,今(いま)生(い)きているよ僕(ぼく)ら無(む)名(めい)のまま,今(いま)生(い)きているよ僕(ぼく)ら無(む)名(めい)のまま,生(い)きているよ僕(ぼく)ら無(む)名(めい)のまま,今(いま)生(い)きているよ僕(ぼく)ら無(む)名(めい)のまま,今(いま)
3.52,5.856,-1,作詞・作曲：tkn,作詞・作曲：tkn,今(いま)生(い)きているよ僕(ぼく)ら無(む)名(めい)のまま,今(いま)生(い)きているよ僕(ぼく)ら無(む)名(めい)のまま,作詞・作曲：tkn
113.53,116.333,-1,例(たと)えばこれが映(うつ)し出(だ)された幻(まぼろし)でも,も,作詞・作曲：tkn,作詞・作曲：tkn,も
113.23,113.53,-1,例(たと)えばこれが映(うつ)し出(だ)された幻(まぼろし)でも,でも,も,例(たと)えばこれが映(うつ)し出(だ)された幻(まぼろし)でも,で
111.962,113.23,-1,例(たと)えばこれが映(うつ)し出(だ)された幻(まぼろし)でも,幻(まぼろし)でも,でも,例(たと)えばこれが映(うつ)し出(だ)された幻(まぼろし)でも,幻(まぼろし)
111.662,111.962,-1,例(たと)えばこれが映(うつ)し出(だ)された幻(まぼろし)でも,た幻(まぼろし)でも,幻(まぼろし)でも,例(たと)えばこれが映(うつ)し出(だ)された幻(まぼろし)でも,た
111.328,111.662,-1,例(たと)えばこれが映(うつ)し出(だ)された幻(まぼろし)でも,れた幻(まぼろし)でも,た幻(まぼろし)でも,例(たと)えばこれが映(うつ)し出(だ)された幻(まぼろし)でも,れ
111.028,111.328,-1,例(たと)えばこれが映(うつ)し出(だ)された幻(まぼろし)でも,された幻(まぼろし)でも,れた幻(まぼろし)でも,例(たと)えばこれが映(うつ)し出(だ)された幻(まぼろし)でも,さ
110.694,111.028,-1,例(たと)えばこれが映(うつ)し出(だ)された幻(まぼろし)でも,出(だ)された幻(まぼろし)でも,された幻(まぼろし)でも,例(たと)えばこれが映(うつ)し出(だ)された幻(まぼろし)でも,出(だ)
110.394,110.694,-1,例(たと)えばこれが映(うつ)し出(だ)された幻(まぼろし)でも,し出(だ)された幻(まぼろし)でも,出(だ)された幻(まぼろし)でも,例(たと)えばこれが映(うつ)し出(だ)された幻(まぼろし)でも,し
109.46,110.394,-1,例(たと)えばこれが映(うつ)し出(だ)された幻(まぼろし)でも,映(うつ)し出(だ)された幻(まぼろし)でも,し出(だ)された幻(まぼろし)でも,例(たと)えばこれが映(うつ)し出(だ)された幻(まぼろし)でも,映(うつ)
108.525,109.46,-1,例(たと)えばこれが映(うつ)し出(だ)された幻(まぼろし)でも,が映(うつ)し出(だ)された幻(まぼろし)でも,映(うつ)し出(だ)された幻(まぼろし)でも,例(たと)えばこれが映(うつ)し出(だ)された幻(まぼろし)でも,が
108.225,108.525,-1,例(たと)えばこれが映(うつ)し出(だ)された幻(まぼろし)でも,れが映(うつ)し出(だ)された幻(まぼろし)でも,が映(うつ)し出(だ)された幻(まぼろし)でも,例(たと)えばこれが映(うつ)し出(だ)された幻(まぼろし)でも,れ
107.891,108.225,-1,例(たと)えばこれが映(うつ)し出(だ)された幻(まぼろし)でも,これが映(うつ)し出(だ)された幻(まぼろし)でも,れが映(うつ)し出(だ)された幻(まぼろし)でも,例(たと)えばこれが映(うつ)し出(だ)された幻(まぼろし)でも,こ
107.291,107.891,-1,例(たと)えばこれが映(うつ)し出(だ)された幻(まぼろし)でも,ばこれが映(うつ)し出(だ)された幻(まぼろし)でも,これが映(うつ)し出(だ)された幻(まぼろし)でも,例(たと)えばこれが映(うつ)し出(だ)された幻(まぼろし)でも,ば
106.99,107.291,-1,例(たと)えばこれが映(うつ)し出(だ)された幻(まぼろし)でも,えばこれが映(うつ)し出(だ)された幻(まぼろし)でも,ばこれが映(うつ)し出(だ)された幻(まぼろし)でも,例(たと)えばこれが映(うつ)し出(だ)された幻(まぼろし)でも,え
106.323,106.99,-1,例(たと)えばこれが映(うつ)し出(だ)された幻(まぼろし)でも,例(たと)えばこれが映(うつ)し出(だ)された幻(まぼろし)でも,えばこれが映(うつ)し出(だ)された幻(まぼろし)でも,例(たと)えばこれが映(うつ)し出(だ)された幻(まぼろし)でも,例(たと)
129.413,130.114,-1,名(な)前(まえ)も顔(かお)もわからない君(きみ),君(きみ),例(たと)えばこれが映(うつ)し出(だ)された幻(まぼろし)でも,例(たと)えばこれが映(うつ)し出(だ)された幻(まぼろし)でも,君(きみ)
129.113,129.413,-1,名(な)前(まえ)も顔(かお)もわからない君(きみ),い君(きみ),君(きみ),名(な)前(まえ)も顔(かお)もわからない君(きみ),い
128.812,129.113,-1,名(な)前(まえ)も顔(かお)もわからない君(きみ),ない君(きみ),い君(きみ),名(な)前(まえ)も顔(かお)もわからない君(きみ),な
128.512,128.812,-1,名(な)前(まえ)も顔(かお)もわからない君(きみ),らない君(きみ),ない君(きみ),名(な)前(まえ)も顔(かお)もわからない君(きみ),ら
128.212,128.512,-1,名(な)前(まえ)も顔(かお)もわからない君(きみ),からない君(きみ),らない君(きみ),名(な)前(まえ)も顔(かお)もわからない君(きみ),か
127.845,128.212,-1,名(な)前(まえ)も顔(かお)もわからない君(きみ),わからない君(きみ),からない君(きみ),名(な)前(まえ)も顔(かお)もわからない君(きみ),わ
127.244,127.845,-1,名(な)前(まえ)も顔(かお)もわからない君(きみ),もわからない君(きみ),わからない君(きみ),名(な)前(まえ)も顔(かお)もわからない君(きみ),も
126.643,127.244,-1,名(な)前(まえ)も顔(かお)もわからない君(きみ),顔(かお)もわからない君(きみ),もわからない君(きみ),名(な)前(まえ)も顔(かお)もわからない君(きみ),顔(かお)
126.009,126.643,-1,名(な)前(まえ)も顔(かお)もわからない君(きみ),も顔(かお)もわからない君(きみ),顔(かお)もわからない君(きみ),名(な)前(まえ)も顔(かお)もわからない君(きみ),も
125.375,126.009,-1,名(な)前(まえ)も顔(かお)もわからない君(きみ),前(まえ)も顔(かお)もわからない君(きみ),も顔(かお)もわからない君(きみ),名(な)前(まえ)も顔(かお)もわからない君(きみ),前(まえ)
125.075,125.375,-1,名(な)前(まえ)も顔(かお)もわからない君(きみ),名(な)前(まえ)も顔(かお)もわからない君(きみ),前(まえ)も顔(かお)もわからない君(きみ),名(な)前(まえ)も顔(かお)もわからない君(きみ),名(な)
36.92,37.588,-1,名(な)前(まえ)も顔(かお)もわからない君(きみ),君(きみ),名(な)前(まえ)も顔(かお)もわからない君(きみ),名(な)前(まえ)も顔(かお)もわからない君(きみ),君(きみ)
36.62,36.92,-1,名(な)前(まえ)も顔(かお)もわからない君(きみ),い君(きみ),君(きみ),名(な)前(まえ)も顔(かお)もわからない君(きみ),い
36.32,36.62,-1,名(な)前(まえ)も顔(かお)もわからない君(きみ),ない君(きみ),い君(きみ),名(な)前(まえ)も顔(かお)もわからない君(きみ),な
36.02,36.32,-1,名(な)前(まえ)も顔(かお)もわからない君(きみ),らない君(きみ),ない君(きみ),名(な)前(まえ)も顔(かお)もわからない君(きみ),ら
35.686,36.02,-1,名(な)前(まえ)も顔(かお)もわからない君(きみ),からない君(きみ),らない君(きみ),名(な)前(まえ)も顔(かお)もわからない君(きみ),か
35.386,35.686,-1,名(な)前(まえ)も顔(かお)もわからない君(きみ),わからない君(きみ),からない君(きみ),名(な)前(まえ)も顔(かお)もわからない君(きみ),わ
34.752,35.386,-1,名(な)前(まえ)も顔(かお)もわからない君(きみ),もわからない君(きみ),わからない君(きみ),名(な)前(まえ)も顔(かお)もわからない君(きみ),も
34.084,34.752,-1,名(な)前(まえ)も顔(かお)もわからない君(きみ),顔(かお)もわからない君(きみ),もわからない君(きみ),名(な)前(まえ)も顔(かお)もわからない君(きみ),顔(かお)
33.517,34.084,-1,名(な)前(まえ)も顔(かお)もわからない君(きみ),も顔(かお)もわからない君(きみ),顔(かお)もわからない君(きみ),名(な)前(まえ)も顔(かお)もわからない君(きみ),も
32.883,33.517,-1,名(な)前(まえ)も顔(かお)もわからない君(きみ),前(まえ)も顔(かお)もわからない君(きみ),も顔(かお)もわからない君(きみ),名(な)前(まえ)も顔(かお)もわからない君(きみ),前(まえ)
32.583,32.883,-1,名(な)前(まえ)も顔(かお)もわからない君(きみ),名(な)前(まえ)も顔(かお)もわからない君(きみ),前(まえ)も顔(かお)もわからない君(きみ),名(な)前(まえ)も顔(かお)もわからない君(きみ),名(な)
185.702,185.869,-1,君(きみ)から私(あたし)へ風(かぜ)は通(とお)り抜(ぬ)け,け,名(な)前(まえ)も顔(かお)もわからない君(きみ),名(な)前(まえ)も顔(かお)もわからない君(きみ),け
185.536,185.702,-1,君(きみ)から私(あたし)へ風(かぜ)は通(とお)り抜(ぬ)け,抜(ぬ)け,け,君(きみ)から私(あたし)へ風(かぜ)は通(とお)り抜(ぬ)け,抜(ぬ)
185.402,185.536,-1,君(きみ)から私(あたし)へ風(かぜ)は通(とお)り抜(ぬ)け,り抜(ぬ)け,抜(ぬ)け,君(きみ)から私(あたし)へ風(かぜ)は通(とお)り抜(ぬ)け,り
185.068,185.402,-1,君(きみ)から私(あたし)へ風(かぜ)は通(とお)り抜(ぬ)け,通(とお)り抜(ぬ)け,り抜(ぬ)け,君(きみ)から私(あたし)へ風(かぜ)は通(とお)り抜(ぬ)け,通(とお)
184.902,185.068,-1,君(きみ)から私(あたし)へ風(かぜ)は通(とお)り抜(ぬ)け,は通(とお)り抜(ぬ)け,通(とお)り抜(ぬ)け,君(きみ)から私(あたし)へ風(かぜ)は通(とお)り抜(ぬ)け,は
184.635,184.902,-1,君(きみ)から私(あたし)へ風(かぜ)は通(とお)り抜(ぬ)け,風(かぜ)は通(とお)り抜(ぬ)け,は通(とお)り抜(ぬ)け,君(きみ)から私(あたし)へ風(かぜ)は通(とお)り抜(ぬ)け,風(かぜ)
184.468,184.635,-1,君(きみ)から私(あたし)へ風(かぜ)は通(とお)り抜(ぬ)け,へ風(かぜ)は通(とお)り抜(ぬ)け,風(かぜ)は通(とお)り抜(ぬ)け,君(きみ)から私(あたし)へ風(かぜ)は通(とお)り抜(ぬ)け,へ
183.967,184.468,-1,君(きみ)から私(あたし)へ風(かぜ)は通(とお)り抜(ぬ)け,私(あたし)へ風(かぜ)は通(とお)り抜(ぬ)け,へ風(かぜ)は通(とお)り抜(ぬ)け,君(きみ)から私(あたし)へ風(かぜ)は通(とお)り抜(ぬ)け,私(あたし)
183.834,183.967,-1,君(きみ)から私(あたし)へ風(かぜ)は通(とお)り抜(ぬ)け,ら私(あたし)へ風(かぜ)は通(とお)り抜(ぬ)け,私(あたし)へ風(かぜ)は通(とお)り抜(ぬ)け,君(きみ)から私(あたし)へ風(かぜ)は通(とお)り抜(ぬ)け,ら
183.667,183.834,-1,君(きみ)から私(あたし)へ風(かぜ)は通(とお)り抜(ぬ)け,から私(あたし)へ風(かぜ)は通(とお)り抜(ぬ)け,ら私(あたし)へ風(かぜ)は通(とお)り抜(ぬ)け,君(きみ)から私(あたし)へ風(かぜ)は通(とお)り抜(ぬ)け,か
183.367,183.667,-1,君(きみ)から私(あたし)へ風(かぜ)は通(とお)り抜(ぬ)け,君(きみ)から私(あたし)へ風(かぜ)は通(とお)り抜(ぬ)け,から私(あたし)へ風(かぜ)は通(とお)り抜(ぬ)け,君(きみ)から私(あたし)へ風(かぜ)は通(とお)り抜(ぬ)け,君(きみ)
139.79,140.657,-1,君(きみ)がいなきゃ穴(あな)は大(おお)きくなる,る,君(きみ)から私(あたし)へ風(かぜ)は通(とお)り抜(ぬ)け,君(きみ)から私(あたし)へ風(かぜ)は通(とお)り抜(ぬ)け,る
139.456,139.79,-1,君(きみ)がいなきゃ穴(あな)は大(おお)きくなる,なる,る,君(きみ)がいなきゃ穴(あな)は大(おお)きくなる,な
138.956,139.456,-1,君(きみ)がいなきゃ穴(あな)は大(おお)きくなる,くなる,なる,君(きみ)がいなきゃ穴(あな)は大(おお)きくなる,く
138.789,138.956,-1,君(きみ)がいなきゃ穴(あな)は大(おお)きくなる,きくなる,くなる,君(きみ)がいなきゃ穴(あな)は大(おお)きくなる,き
138.522,138.789,-1,君(きみ)がいなきゃ穴(あな)は大(おお)きくなる,大(おお)きくなる,きくなる,君(きみ)がいなきゃ穴(あな)は大(おお)きくなる,大(おお)
138.188,138.522,-1,君(きみ)がいなきゃ穴(あな)は大(おお)きくなる,は大(おお)きくなる,大(おお)きくなる,君(きみ)がいなきゃ穴(あな)は大(おお)きくなる,は
137.588,138.188,-1,君(きみ)がいなきゃ穴(あな)は大(おお)きくなる,穴(あな)は大(おお)きくなる,は大(おお)きくなる,君(きみ)がいなきゃ穴(あな)は大(おお)きくなる,穴(あな)
137.287,137.588,-1,君(きみ)がいなきゃ穴(あな)は大(おお)きくなる,きゃ穴(あな)は大(おお)きくなる,穴(あな)は大(おお)きくなる,君(きみ)がいなきゃ穴(あな)は大(おお)きくなる,きゃ
136.987,137.287,-1,君(きみ)がいなきゃ穴(あな)は大(おお)きくなる,なきゃ穴(あな)は大(おお)きくなる,きゃ穴(あな)は大(おお)きくなる,君(きみ)がいなきゃ穴(あな)は大(おお)きくなる,な
136.553,136.987,-1,君(きみ)がいなきゃ穴(あな)は大(おお)きくなる,いなきゃ穴(あな)は大(おお)きくなる,なきゃ穴(あな)は大(おお)きくなる,君(きみ)がいなきゃ穴(あな)は大(おお)きくなる,い
136.353,136.553,-1,君(きみ)がいなきゃ穴(あな)は大(おお)きくなる,がいなきゃ穴(あな)は大(おお)きくなる,いなきゃ穴(あな)は大(おお)きくなる,君(きみ)がいなきゃ穴(あな)は大(おお)きくなる,が
135.719,136.353,-1,君(きみ)がいなきゃ穴(あな)は大(おお)きくなる,君(きみ)がいなきゃ穴(あな)は大(おお)きくなる,がいなきゃ穴(あな)は大(おお)きくなる,君(きみ)がいなきゃ穴(あな)は大(おお)きくなる,君(きみ)
21.038,23.841,-1,忘(わす)れてしまったことだけを覚(おぼ)えている,る,君(きみ)がいなきゃ穴(あな)は大(おお)きくなる,君(きみ)がいなきゃ穴(あな)は大(おお)きくなる,る
20.704,21.038,-1,忘(わす)れてしまったことだけを覚(おぼ)えている,いる,る,忘(わす)れてしまったことだけを覚(おぼ)えている,い
20.404,20.704,-1,忘(わす)れてしまったことだけを覚(おぼ)えている,ている,いる,忘(わす)れてしまったことだけを覚(おぼ)えている,て
20.07,20.404,-1,忘(わす)れてしまったことだけを覚(おぼ)えている,えている,ている,忘(わす)れてしまったことだけを覚(おぼ)えている,え
19.436,20.07,-1,忘(わす)れてしまったことだけを覚(おぼ)えている,覚(おぼ)えている,えている,忘(わす)れてしまったことだけを覚(おぼ)えている,覚(おぼ)
19.136,19.436,-1,忘(わす)れてしまったことだけを覚(おぼ)えている,を覚(おぼ)えている,覚(おぼ)えている,忘(わす)れてしまったことだけを覚(おぼ)えている,を
18.836,19.136,-1,忘(わす)れてしまったことだけを覚(おぼ)えている,けを覚(おぼ)えている,を覚(おぼ)えている,忘(わす)れてしまったことだけを覚(おぼ)えている,け
18.502,18.836,-1,忘(わす)れてしまったことだけを覚(おぼ)えている,だけを覚(おぼ)えている,けを覚(おぼ)えている,忘(わす)れてしまったことだけを覚(おぼ)えている,だ
17.901,18.502,-1,忘(わす)れてしまったことだけを覚(おぼ)えている,とだけを覚(おぼ)えている,だけを覚(おぼ)えている,忘(わす)れてしまったことだけを覚(おぼ)えている,と
17.301,17.901,-1,忘(わす)れてしまったことだけを覚(おぼ)えている,ことだけを覚(おぼ)えている,とだけを覚(おぼ)えている,忘(わす)れてしまったことだけを覚(おぼ)えている,こ
16.033,17.301,-1,忘(わす)れてしまったことだけを覚(おぼ)えている,たことだけを覚(おぼ)えている,ことだけを覚(おぼ)えている,忘(わす)れてしまったことだけを覚(おぼ)えている,た
15.699,16.033,-1,忘(わす)れてしまったことだけを覚(おぼ)えている,ったことだけを覚(おぼ)えている,たことだけを覚(おぼ)えている,忘(わす)れてしまったことだけを覚(おぼ)えている,っ
15.399,15.699,-1,忘(わす)れてしまったことだけを覚(おぼ)えている,まったことだけを覚(おぼ)えている,ったことだけを覚(おぼ)えている,忘(わす)れてしまったことだけを覚(おぼ)えている,ま
15.099,15.399,-1,忘(わす)れてしまったことだけを覚(おぼ)えている,しまったことだけを覚(おぼ)えている,まったことだけを覚(おぼ)えている,忘(わす)れてしまったことだけを覚(おぼ)えている,し
14.765,15.099,-1,忘(わす)れてしまったことだけを覚(おぼ)えている,てしまったことだけを覚(おぼ)えている,しまったことだけを覚(おぼ)えている,忘(わす)れてしまったことだけを覚(おぼ)えている,て
14.465,14.765,-1,忘(わす)れてしまったことだけを覚(おぼ)えている,れてしまったことだけを覚(おぼ)えている,てしまったことだけを覚(おぼ)えている,忘(わす)れてしまったことだけを覚(おぼ)えている,れ
13.831,14.465,-1,忘(わす)れてしまったことだけを覚(おぼ)えている,忘(わす)れてしまったことだけを覚(おぼ)えている,れてしまったことだけを覚(おぼ)えている,忘(わす)れてしまったことだけを覚(おぼ)えている,忘(わす)
177.594,178.529,-1,忘(わす)れられ消(き)えちゃうの,の,忘(わす)れてしまったことだけを覚(おぼ)えている,忘(わす)れてしまったことだけを覚(おぼ)えている,の
177.427,177.594,-1,忘(わす)れられ消(き)えちゃうの,うの,の,忘(わす)れられ消(き)えちゃうの,う
177.261,177.427,-1,忘(わす)れられ消(き)えちゃうの,ちゃうの,うの,忘(わす)れられ消(き)えちゃうの,ちゃ
177.094,177.261,-1,忘(わす)れられ消(き)えちゃうの,えちゃうの,ちゃうの,忘(わす)れられ消(き)えちゃうの,え
176.927,177.094,-1,忘(わす)れられ消(き)えちゃうの,消(き)えちゃうの,えちゃうの,忘(わす)れられ消(き)えちゃうの,消(き)
176.66,176.927,-1,忘(わす)れられ消(き)えちゃうの,れ消(き)えちゃうの,消(き)えちゃうの,忘(わす)れられ消(き)えちゃうの,れ
176.493,176.66,-1,忘(わす)れられ消(き)えちゃうの,られ消(き)えちゃうの,れ消(き)えちゃうの,忘(わす)れられ消(き)えちゃうの,ら
176.326,176.493,-1,忘(わす)れられ消(き)えちゃうの,れられ消(き)えちゃうの,られ消(き)えちゃうの,忘(わす)れられ消(き)えちゃうの,れ
176.026,176.326,-1,忘(わす)れられ消(き)えちゃうの,忘(わす)れられ消(き)えちゃうの,れられ消(き)えちゃうの,忘(わす)れられ消(き)えちゃうの,忘(わす)
144.761,146.063,-1,構(かま)わないさすぐ見(み)つかる,る,忘(わす)れられ消(き)えちゃうの,忘(わす)れられ消(き)えちゃうの,る
144.394,144.761,-1,構(かま)わないさすぐ見(み)つかる,かる,る,構(かま)わないさすぐ見(み)つかる,か
144.027,144.394,-1,構(かま)わないさすぐ見(み)つかる,つかる,かる,構(かま)わないさすぐ見(み)つかる,つ
143.827,144.027,-1,構(かま)わないさすぐ見(み)つかる,見(み)つかる,つかる,構(かま)わないさすぐ見(み)つかる,見(み)
143.527,143.827,-1,構(かま)わないさすぐ見(み)つかる,ぐ見(み)つかる,見(み)つかる,構(かま)わないさすぐ見(み)つかる,ぐ
143.093,143.527,-1,構(かま)わないさすぐ見(み)つかる,すぐ見(み)つかる,ぐ見(み)つかる,構(かま)わないさすぐ見(み)つかる,す
142.259,143.093,-1,構(かま)わないさすぐ見(み)つかる,さすぐ見(み)つかる,すぐ見(み)つかる,構(かま)わないさすぐ見(み)つかる,さ
141.892,142.259,-1,構(かま)わないさすぐ見(み)つかる,いさすぐ見(み)つかる,さすぐ見(み)つかる,構(かま)わないさすぐ見(み)つかる,い
141.492,141.892,-1,構(かま)わないさすぐ見(み)つかる,ないさすぐ見(み)つかる,いさすぐ見(み)つかる,構(かま)わないさすぐ見(み)つかる,な
141.325,141.492,-1,構(かま)わないさすぐ見(み)つかる,わないさすぐ見(み)つかる,ないさすぐ見(み)つかる,構(かま)わないさすぐ見(み)つかる,わ
140.657,141.325,-1,構(かま)わないさすぐ見(み)つかる,構(かま)わないさすぐ見(み)つかる,わないさすぐ見(み)つかる,構(かま)わないさすぐ見(み)つかる,構(かま)
11.028,13.497,-1,歌唱：七詩ムメイ,歌唱：七詩ムメイ,構(かま)わないさすぐ見(み)つかる,構(かま)わないさすぐ見(み)つかる,歌唱：七詩ムメイ
175.392,176.026,-1,無(む)名(めい)だからこの世(せ)界(かい)には,は,歌唱：七詩ムメイ,歌唱：七詩ムメイ,は
175.225,175.392,-1,無(む)名(めい)だからこの世(せ)界(かい)には,には,は,無(む)名(めい)だからこの世(せ)界(かい)には,に
174.925,175.225,-1,無(む)名(めい)だからこの世(せ)界(かい)には,界(かい)には,には,無(む)名(めい)だからこの世(せ)界(かい)には,界(かい)
174.791,174.925,-1,無(む)名(めい)だからこの世(せ)界(かい)には,世(せ)界(かい)には,界(かい)には,無(む)名(めい)だからこの世(せ)界(かい)には,世(せ)
174.625,174.791,-1,無(む)名(めい)だからこの世(せ)界(かい)には,の世(せ)界(かい)には,世(せ)界(かい)には,無(む)名(めい)だからこの世(せ)界(かい)には,の
174.458,174.625,-1,無(む)名(めい)だからこの世(せ)界(かい)には,この世(せ)界(かい)には,の世(せ)界(かい)には,無(む)名(めい)だからこの世(せ)界(かい)には,こ
174.158,174.458,-1,無(む)名(めい)だからこの世(せ)界(かい)には,らこの世(せ)界(かい)には,この世(せ)界(かい)には,無(む)名(めい)だからこの世(せ)界(かい)には,ら
173.991,174.158,-1,無(む)名(めい)だからこの世(せ)界(かい)には,からこの世(せ)界(かい)には,らこの世(せ)界(かい)には,無(む)名(めい)だからこの世(せ)界(かい)には,か
173.824,173.991,-1,無(む)名(めい)だからこの世(せ)界(かい)には,だからこの世(せ)界(かい)には,からこの世(せ)界(かい)には,無(む)名(めい)だからこの世(せ)界(かい)には,だ
173.524,173.824,-1,無(む)名(めい)だからこの世(せ)界(かい)には,名(めい)だからこの世(せ)界(かい)には,だからこの世(せ)界(かい)には,無(む)名(めい)だからこの世(せ)界(かい)には,名(めい)
173.357,173.524,-1,無(む)名(めい)だからこの世(せ)界(かい)には,無(む)名(めい)だからこの世(せ)界(かい)には,名(めい)だからこの世(せ)界(かい)には,無(む)名(めい)だからこの世(せ)界(かい)には,無(む)
172.89,173.357,-1,真(ま)っ逆(さか)さまに落(お)ちていく,く,無(む)名(めい)だからこの世(せ)界(かい)には,無(む)名(めい)だからこの世(せ)界(かい)には,く
172.723,172.89,-1,真(ま)っ逆(さか)さまに落(お)ちていく,いく,く,真(ま)っ逆(さか)さまに落(お)ちていく,い
172.556,172.723,-1,真(ま)っ逆(さか)さまに落(お)ちていく,ていく,いく,真(ま)っ逆(さか)さまに落(お)ちていく,て
172.389,172.556,-1,真(ま)っ逆(さか)さまに落(お)ちていく,ちていく,ていく,真(ま)っ逆(さか)さまに落(お)ちていく,ち
172.122,172.389,-1,真(ま)っ逆(さか)さまに落(お)ちていく,落(お)ちていく,ちていく,真(ま)っ逆(さか)さまに落(お)ちていく,落(お)
171.955,172.122,-1,真(ま)っ逆(さか)さまに落(お)ちていく,に落(お)ちていく,落(お)ちていく,真(ま)っ逆(さか)さまに落(お)ちていく,に
171.788,171.955,-1,真(ま)っ逆(さか)さまに落(お)ちていく,まに落(お)ちていく,に落(お)ちていく,真(ま)っ逆(さか)さまに落(お)ちていく,ま
171.655,171.788,-1,真(ま)っ逆(さか)さまに落(お)ちていく,さまに落(お)ちていく,まに落(お)ちていく,真(ま)っ逆(さか)さまに落(お)ちていく,さ
171.321,171.655,-1,真(ま)っ逆(さか)さまに落(お)ちていく,逆(さか)さまに落(お)ちていく,さまに落(お)ちていく,真(ま)っ逆(さか)さまに落(お)ちていく,逆(さか)
171.155,171.321,-1,真(ま)っ逆(さか)さまに落(お)ちていく,っ逆(さか)さまに落(お)ちていく,逆(さか)さまに落(お)ちていく,真(ま)っ逆(さか)さまに落(お)ちていく,っ
171.021,171.155,-1,真(ま)っ逆(さか)さまに落(お)ちていく,真(ま)っ逆(さか)さまに落(お)ちていく,っ逆(さか)さまに落(お)ちていく,真(ま)っ逆(さか)さまに落(お)ちていく,真(ま)
123.507,125.075,-1,確(たし)かに感(かん)じる今(いま)君(きみ)がそこにいること,と,真(ま)っ逆(さか)さまに落(お)ちていく,真(ま)っ逆(さか)さまに落(お)ちていく,と
123.207,123.507,-1,確(たし)かに感(かん)じる今(いま)君(きみ)がそこにいること,こと,と,確(たし)かに感(かん)じる今(いま)君(きみ)がそこにいること,こ
122.906,123.207,-1,確(たし)かに感(かん)じる今(いま)君(きみ)がそこにいること,ること,こと,確(たし)かに感(かん)じる今(いま)君(きみ)がそこにいること,る
122.539,122.906,-1,確(たし)かに感(かん)じる今(いま)君(きみ)がそこにいること,いること,ること,確(たし)かに感(かん)じる今(いま)君(きみ)がそこにいること,い
122.005,122.539,-1,確(たし)かに感(かん)じる今(いま)君(きみ)がそこにいること,にいること,いること,確(たし)かに感(かん)じる今(いま)君(きみ)がそこにいること,に
121.638,122.005,-1,確(たし)かに感(かん)じる今(いま)君(きみ)がそこにいること,こにいること,にいること,確(たし)かに感(かん)じる今(いま)君(きみ)がそこにいること,こ
121.271,121.638,-1,確(たし)かに感(かん)じる今(いま)君(きみ)がそこにいること,そこにいること,こにいること,確(たし)かに感(かん)じる今(いま)君(きみ)がそこにいること,そ
120.704,121.271,-1,確(たし)かに感(かん)じる今(いま)君(きみ)がそこにいること,がそこにいること,そこにいること,確(たし)かに感(かん)じる今(いま)君(きみ)がそこにいること,が
120.037,120.704,-1,確(たし)かに感(かん)じる今(いま)君(きみ)がそこにいること,君(きみ)がそこにいること,がそこにいること,確(たし)かに感(かん)じる今(いま)君(きみ)がそこにいること,君(きみ)
119.136,120.037,-1,確(たし)かに感(かん)じる今(いま)君(きみ)がそこにいること,今(いま)君(きみ)がそこにいること,君(きみ)がそこにいること,確(たし)かに感(かん)じる今(いま)君(きみ)がそこにいること,今(いま)
118.535,119.136,-1,確(たし)かに感(かん)じる今(いま)君(きみ)がそこにいること,る今(いま)君(きみ)がそこにいること,今(いま)君(きみ)がそこにいること,確(たし)かに感(かん)じる今(いま)君(きみ)がそこにいること,る
118.202,118.535,-1,確(たし)かに感(かん)じる今(いま)君(きみ)がそこにいること,じる今(いま)君(きみ)がそこにいること,る今(いま)君(きみ)がそこにいること,確(たし)かに感(かん)じる今(いま)君(きみ)がそこにいること,じ
117.568,118.202,-1,確(たし)かに感(かん)じる今(いま)君(きみ)がそこにいること,感(かん)じる今(いま)君(きみ)がそこにいること,じる今(いま)君(きみ)がそこにいること,確(たし)かに感(かん)じる今(いま)君(きみ)がそこにいること,感(かん)
117.267,117.568,-1,確(たし)かに感(かん)じる今(いま)君(きみ)がそこにいること,に感(かん)じる今(いま)君(きみ)がそこにいること,感(かん)じる今(いま)君(きみ)がそこにいること,確(たし)かに感(かん)じる今(いま)君(きみ)がそこにいること,に
116.934,117.267,-1,確(たし)かに感(かん)じる今(いま)君(きみ)がそこにいること,かに感(かん)じる今(いま)君(きみ)がそこにいること,に感(かん)じる今(いま)君(きみ)がそこにいること,確(たし)かに感(かん)じる今(いま)君(きみ)がそこにいること,か
116.333,116.934,-1,確(たし)かに感(かん)じる今(いま)君(きみ)がそこにいること,確(たし)かに感(かん)じる今(いま)君(きみ)がそこにいること,かに感(かん)じる今(いま)君(きみ)がそこにいること,確(たし)かに感(かん)じる今(いま)君(きみ)がそこにいること,確(たし)
