start,end,position,line,text
00:00:02.586,00:00:02.753,-1,92,"<1>つ</c><2>かまえて、ほらこのshootingstar</c>"
00:00:02.586,00:00:02.753,-1,0,"<1>つ</c><2>かまえて、ほらこのshootingstar</c>"
00:00:02.753,00:00:02.953,-1,92,"<1>つか</c><2>まえて、ほらこのshootingstar</c>"
00:00:02.753,00:00:02.953,-1,0,"<1>つか</c><2>まえて、ほらこのshootingstar</c>"
00:00:02.953,00:00:03.120,-1,92,"<1>つかま</c><2>えて、ほらこのshootingstar</c>"
00:00:02.953,00:00:03.120,-1,0,"<1>つかま</c><2>えて、ほらこのshootingstar</c>"
00:00:03.120,00:00:03.387,-1,92,"<1>つかまえ</c><2>て、ほらこのshootingstar</c>"
00:00:03.120,00:00:03.387,-1,0,"<1>つかまえ</c><2>て、ほらこのshootingstar</c>"
00:00:03.387,00:00:04.421,-1,92,"<1>つかまえて、</c><2>ほらこのshootingstar</c>"
00:00:03.387,00:00:04.421,-1,0,"<1>つかまえて、</c><2>ほらこのshootingstar</c>"
00:00:04.421,00:00:04.588,-1,92,"<1>つかまえて、ほ</c><2>らこのshootingstar</c>"
00:00:04.421,00:00:04.588,-1,0,"<1>つかまえて、ほ</c><2>らこのshootingstar</c>"
00:00:04.588,00:00:05.322,-1,92,"<1>つかまえて、ほら</c><2>このshootingstar</c>"
00:00:04.588,00:00:05.322,-1,0,"<1>つかまえて、ほら</c><2>このshootingstar</c>"
00:00:05.322,00:00:05.522,-1,92,"<1>つかまえて、ほらこ</c><2>のshootingstar</c>"
00:00:05.322,00:00:05.522,-1,0,"<1>つかまえて、ほらこ</c><2>のshootingstar</c>"
00:00:05.522,00:00:05.823,-1,92,"<1>つかまえて、ほらこの</c><2>shootingstar</c>"
00:00:05.522,00:00:05.823,-1,0,"<1>つかまえて、ほらこの</c><2>shootingstar</c>"
00:00:05.823,00:00:06.857,-1,92,"<1>つかまえて、ほらこのshoot</c><2>ingstar</c>"
00:00:05.823,00:00:06.857,-1,0,"<1>つかまえて、ほらこのshoot</c><2>ingstar</c>"
00:00:06.857,00:00:07.091,-1,92,"<1>つかまえて、ほらこのshooting</c><2>star</c>"
00:00:06.857,00:00:07.091,-1,0,"<1>つかまえて、ほらこのshooting</c><2>star</c>"
00:00:07.091,00:00:08.125,-1,92,"<1>つかまえて、ほらこのshootingstar</c>"
00:00:07.091,00:00:08.125,-1,0,"<1>つかまえて、ほらこのshootingstar</c>"
00:00:08.125,00:00:08.425,-1,92,"<1>A</c><2>worldofourfictionawaits...</c>"
00:00:08.125,00:00:12.262,-1,0,"<1>僕らの描いた世界が待ってるんだ</c>"
00:00:08.425,00:00:08.892,-1,92,"<1>Aworld</c><2>ofourfictionawaits...</c>"
00:00:08.892,00:00:09.360,-1,92,"<1>Aworldof</c><2>ourfictionawaits...</c>"
00:00:09.360,00:00:09.660,-1,92,"<1>Aworldofour</c><2>fictionawaits...</c>"
00:00:09.660,00:00:10.127,-1,92,"<1>Aworldofourfic</c><2>tionawaits...</c>"
00:00:10.127,00:00:10.561,-1,92,"<1>Aworldofourfiction</c><2>awaits...</c>"
00:00:10.561,00:00:10.894,-1,92,"<1>Aworldofourfictiona</c><2>waits...</c>"
00:00:10.894,00:00:12.262,-1,92,"<1>Aworldofourfictionawaits...</c>"
00:00:12.262,00:00:12.329,-1,92,"<1>Aworldofourfictionawaits...</c>"
00:00:12.262,00:00:12.329,-1,0,"<1>僕らの描いた世界が待ってるんだ</c>"
00:00:12.329,00:00:12.396,-1,92,"<1>Aworldofourfictionawaits...</c>"
00:00:12.329,00:00:12.396,-1,0,"<1>僕らの描いた世界が待ってるんだ</c>"
00:00:12.396,00:00:12.463,-1,92,"<1>Aworldofourfictionawaits...</c>"
00:00:12.396,00:00:12.463,-1,0,"<1>僕らの描いた世界が待ってるんだ</c>"
00:00:12.463,00:00:12.529,-1,92,"<1>Aworldofourfictionawaits...</c>"
00:00:12.463,00:00:12.529,-1,0,"<1>僕らの描いた世界が待ってるんだ</c>"
00:00:12.529,00:00:12.596,-1,92,"<1>Aworldofourfictionawaits...</c>"
00:00:12.529,00:00:12.596,-1,0,"<1>僕らの描いた世界が待ってるんだ</c>"
00:00:12.596,00:00:12.663,-1,92,"<1>Aworldofourfictionawaits...</c>"
00:00:12.596,00:00:12.663,-1,0,"<1>僕らの描いた世界が待ってるんだ</c>"
00:00:12.663,00:00:12.730,-1,92,"<1>Aworldofourfictionawaits...</c>"
00:00:12.663,00:00:12.730,-1,0,"<1>僕らの描いた世界が待ってるんだ</c>"
00:00:12.730,00:00:12.796,-1,92,"<1>Aworldofourfictionawaits...</c>"
00:00:12.730,00:00:12.796,-1,0,"<1>僕らの描いた世界が待ってるんだ</c>"
00:00:12.796,00:00:12.863,-1,92,"<1>Aworldofourfictionawaits...</c>"
00:00:12.796,00:00:12.863,-1,0,"<1>僕らの描いた世界が待ってるんだ</c>"
00:00:12.863,00:00:12.930,-1,92,"<1>Aworldofourfictionawaits...</c>"
00:00:12.863,00:00:12.930,-1,0,"<1>僕らの描いた世界が待ってるんだ</c>"
00:00:12.930,00:00:12.997,-1,92,"<1>Aworldofourfictionawaits...</c>"
00:00:12.930,00:00:12.997,-1,0,"<1>僕らの描いた世界が待ってるんだ</c>"
00:00:12.997,00:00:13.063,-1,92,"<1>Aworldofourfictionawaits...</c>"
00:00:12.997,00:00:13.063,-1,0,"<1>僕らの描いた世界が待ってるんだ</c>"
00:00:13.063,00:00:13.130,-1,92,"<1>Aworldofourfictionawaits...</c>"
00:00:13.063,00:00:13.130,-1,0,"<1>僕らの描いた世界が待ってるんだ</c>"
00:00:13.130,00:00:13.197,-1,92,"<1>Aworldofourfictionawaits...</c>"
00:00:13.130,00:00:13.197,-1,0,"<1>僕らの描いた世界が待ってるんだ</c>"
00:00:13.197,00:00:13.263,-1,92,"<1>Aworldofourfictionawaits...</c>"
00:00:13.197,00:00:13.263,-1,0,"<1>僕らの描いた世界が待ってるんだ</c>"
00:00:27.644,00:00:28.045,-1,92,"<1>ずっ</c><2>と同じ毎日に迷いがあっても</c>"
00:00:27.644,00:00:28.045,-1,0,"<1>ずっ</c><2>とおなじまいにちにまよいがあっても</c>"
00:00:28.045,00:00:28.946,-1,92,"<1>ずっと</c><2>同じ毎日に迷いがあっても</c>"
00:00:28.045,00:00:28.946,-1,0,"<1>ずっと</c><2>おなじまいにちにまよいがあっても</c>"
00:00:28.946,00:00:29.079,-1,92,"<1>ずっと同</c><2>じ毎日に迷いがあっても</c>"
00:00:28.946,00:00:29.079,-1,0,"<1>ずっとお</c><2>なじまいにちにまよいがあっても</c>"
00:00:29.079,00:00:29.279,-1,92,"<1>ずっと同</c><2>じ毎日に迷いがあっても</c>"
00:00:29.079,00:00:29.279,-1,0,"<1>ずっとおな</c><2>じまいにちにまよいがあっても</c>"
00:00:29.279,00:00:29.413,-1,92,"<1>ずっと同じ</c><2>毎日に迷いがあっても</c>"
00:00:29.279,00:00:29.413,-1,0,"<1>ずっとおなじ</c><2>まいにちにまよいがあっても</c>"
00:00:29.413,00:00:29.680,-1,92,"<1>ずっと同じ毎</c><2>日に迷いがあっても</c>"
00:00:29.413,00:00:29.680,-1,0,"<1>ずっとおなじま</c><2>いにちにまよいがあっても</c>"
00:00:29.680,00:00:29.980,-1,92,"<1>ずっと同じ毎</c><2>日に迷いがあっても</c>"
00:00:29.680,00:00:29.980,-1,0,"<1>ずっとおなじまい</c><2>にちにまよいがあっても</c>"
00:00:29.980,00:00:30.280,-1,92,"<1>ずっと同じ毎日</c><2>に迷いがあっても</c>"
00:00:29.980,00:00:30.280,-1,0,"<1>ずっとおなじまいに</c><2>ちにまよいがあっても</c>"
00:00:30.280,00:00:30.514,-1,92,"<1>ずっと同じ毎日</c><2>に迷いがあっても</c>"
00:00:30.280,00:00:30.514,-1,0,"<1>ずっとおなじまいにち</c><2>にまよいがあっても</c>"
00:00:30.514,00:00:30.814,-1,92,"<1>ずっと同じ毎日に</c><2>迷いがあっても</c>"
00:00:30.514,00:00:30.814,-1,0,"<1>ずっとおなじまいにちに</c><2>まよいがあっても</c>"
00:00:30.814,00:00:30.948,-1,92,"<1>ずっと同じ毎日に迷</c><2>いがあっても</c>"
00:00:30.814,00:00:30.948,-1,0,"<1>ずっとおなじまいにちにま</c><2>よいがあっても</c>"
00:00:30.948,00:00:31.281,-1,92,"<1>ずっと同じ毎日に迷</c><2>いがあっても</c>"
00:00:30.948,00:00:31.281,-1,0,"<1>ずっとおなじまいにちにまよ</c><2>いがあっても</c>"
00:00:31.281,00:00:31.582,-1,92,"<1>ずっと同じ毎日に迷い</c><2>があっても</c>"
00:00:31.281,00:00:31.582,-1,0,"<1>ずっとおなじまいにちにまよい</c><2>があっても</c>"
00:00:31.582,00:00:31.982,-1,92,"<1>ずっと同じ毎日に迷いが</c><2>あっても</c>"
00:00:31.582,00:00:31.982,-1,0,"<1>ずっとおなじまいにちにまよいが</c><2>あっても</c>"
00:00:31.982,00:00:32.182,-1,92,"<1>ずっと同じ毎日に迷いがあ</c><2>っても</c>"
00:00:31.982,00:00:32.182,-1,0,"<1>ずっとおなじまいにちにまよいがあ</c><2>っても</c>"
00:00:32.182,00:00:32.449,-1,92,"<1>ずっと同じ毎日に迷いがあっ</c><2>ても</c>"
00:00:32.182,00:00:32.449,-1,0,"<1>ずっとおなじまいにちにまよいがあっ</c><2>ても</c>"
00:00:32.449,00:00:32.783,-1,92,"<1>ずっと同じ毎日に迷いがあって</c><2>も</c>"
00:00:32.449,00:00:32.783,-1,0,"<1>ずっとおなじまいにちにまよいがあって</c><2>も</c>"
00:00:32.783,00:00:33.550,-1,92,"<1>ずっと同じ毎日に迷いがあっても</c>"
00:00:32.783,00:00:33.550,-1,0,"<1>ずっとおなじまいにちにまよいがあっても</c>"
00:00:33.550,00:00:33.684,-1,92,"<1>気</c><2>づかないふりをしてたんだ</c>"
00:00:33.550,00:00:33.684,-1,0,"<1>き</c><2>づかないふりをしてたんだ</c>"
00:00:33.684,00:00:33.851,-1,92,"<1>気づ</c><2>かないふりをしてたんだ</c>"
00:00:33.684,00:00:33.851,-1,0,"<1>きづ</c><2>かないふりをしてたんだ</c>"
00:00:33.851,00:00:34.018,-1,92,"<1>気づか</c><2>ないふりをしてたんだ</c>"
00:00:33.851,00:00:34.018,-1,0,"<1>きづか</c><2>ないふりをしてたんだ</c>"
00:00:34.018,00:00:34.385,-1,92,"<1>気づかな</c><2>いふりをしてたんだ</c>"
00:00:34.018,00:00:34.385,-1,0,"<1>きづかな</c><2>いふりをしてたんだ</c>"
00:00:34.385,00:00:34.618,-1,92,"<1>気づかない</c><2>ふりをしてたんだ</c>"
00:00:34.385,00:00:34.618,-1,0,"<1>きづかない</c><2>ふりをしてたんだ</c>"
00:00:34.618,00:00:34.918,-1,92,"<1>気づかないふ</c><2>りをしてたんだ</c>"
00:00:34.618,00:00:34.918,-1,0,"<1>きづかないふ</c><2>りをしてたんだ</c>"
00:00:34.918,00:00:35.185,-1,92,"<1>気づかないふり</c><2>をしてたんだ</c>"
00:00:34.918,00:00:35.185,-1,0,"<1>きづかないふり</c><2>をしてたんだ</c>"
00:00:35.185,00:00:35.386,-1,92,"<1>気づかないふりを</c><2>してたんだ</c>"
00:00:35.185,00:00:35.386,-1,0,"<1>きづかないふりを</c><2>してたんだ</c>"
00:00:35.386,00:00:35.686,-1,92,"<1>気づかないふりをし</c><2>てたんだ</c>"
00:00:35.386,00:00:35.686,-1,0,"<1>きづかないふりをし</c><2>てたんだ</c>"
00:00:35.686,00:00:35.853,-1,92,"<1>気づかないふりをして</c><2>たんだ</c>"
00:00:35.686,00:00:35.853,-1,0,"<1>きづかないふりをして</c><2>たんだ</c>"
00:00:35.853,00:00:36.153,-1,92,"<1>気づかないふりをしてた</c><2>んだ</c>"
00:00:35.853,00:00:36.153,-1,0,"<1>きづかないふりをしてた</c><2>んだ</c>"
00:00:36.153,00:00:36.453,-1,92,"<1>気づかないふりをしてたん</c><2>だ</c>"
00:00:36.153,00:00:36.453,-1,0,"<1>きづかないふりをしてたん</c><2>だ</c>"
00:00:36.453,00:00:37.521,-1,92,"<1>気づかないふりをしてたんだ</c>"
00:00:36.453,00:00:37.521,-1,0,"<1>きづかないふりをしてたんだ</c>"
00:00:37.521,00:00:37.688,-1,92,"<1>ほ</c><2>んのちょっとの勇気がまだ出せなくって</c>"
00:00:37.521,00:00:37.688,-1,0,"<1>ほ</c><2>んのちょっとのゆうきがまだだせなくって</c>"
00:00:37.688,00:00:37.855,-1,92,"<1>ほん</c><2>のちょっとの勇気がまだ出せなくって</c>"
00:00:37.688,00:00:37.855,-1,0,"<1>ほん</c><2>のちょっとのゆうきがまだだせなくって</c>"
00:00:37.855,00:00:38.689,-1,92,"<1>ほんの</c><2>ちょっとの勇気がまだ出せなくって</c>"
00:00:37.855,00:00:38.689,-1,0,"<1>ほんの</c><2>ちょっとのゆうきがまだだせなくって</c>"
00:00:38.689,00:00:39.023,-1,92,"<1>ほんのちょっ</c><2>との勇気がまだ出せなくって</c>"
00:00:38.689,00:00:39.023,-1,0,"<1>ほんのちょっ</c><2>とのゆうきがまだだせなくって</c>"
00:00:39.023,00:00:39.223,-1,92,"<1>ほんのちょっと</c><2>の勇気がまだ出せなくって</c>"
00:00:39.023,00:00:39.223,-1,0,"<1>ほんのちょっと</c><2>のゆうきがまだだせなくって</c>"
00:00:39.223,00:00:39.523,-1,92,"<1>ほんのちょっとの</c><2>勇気がまだ出せなくって</c>"
00:00:39.223,00:00:39.523,-1,0,"<1>ほんのちょっとの</c><2>ゆうきがまだだせなくって</c>"
00:00:39.523,00:00:39.823,-1,92,"<1>ほんのちょっとの勇</c><2>気がまだ出せなくって</c>"
00:00:39.523,00:00:39.823,-1,0,"<1>ほんのちょっとのゆ</c><2>うきがまだだせなくって</c>"
00:00:39.823,00:00:40.090,-1,92,"<1>ほんのちょっとの勇</c><2>気がまだ出せなくって</c>"
00:00:39.823,00:00:40.090,-1,0,"<1>ほんのちょっとのゆう</c><2>きがまだだせなくって</c>"
00:00:40.090,00:00:40.290,-1,92,"<1>ほんのちょっとの勇気</c><2>がまだ出せなくって</c>"
00:00:40.090,00:00:40.290,-1,0,"<1>ほんのちょっとのゆうき</c><2>がまだだせなくって</c>"
00:00:40.290,00:00:40.591,-1,92,"<1>ほんのちょっとの勇気が</c><2>まだ出せなくって</c>"
00:00:40.290,00:00:40.591,-1,0,"<1>ほんのちょっとのゆうきが</c><2>まだだせなくって</c>"
00:00:40.591,00:00:40.724,-1,92,"<1>ほんのちょっとの勇気がま</c><2>だ出せなくって</c>"
00:00:40.591,00:00:40.724,-1,0,"<1>ほんのちょっとのゆうきがま</c><2>だだせなくって</c>"
00:00:40.724,00:00:41.058,-1,92,"<1>ほんのちょっとの勇気がまだ</c><2>出せなくって</c>"
00:00:40.724,00:00:41.058,-1,0,"<1>ほんのちょっとのゆうきがまだ</c><2>だせなくって</c>"
00:00:41.058,00:00:41.358,-1,92,"<1>ほんのちょっとの勇気がまだ出</c><2>せなくって</c>"
00:00:41.058,00:00:41.358,-1,0,"<1>ほんのちょっとのゆうきがまだだ</c><2>せなくって</c>"
00:00:41.358,00:00:41.658,-1,92,"<1>ほんのちょっとの勇気がまだ出せ</c><2>なくって</c>"
00:00:41.358,00:00:41.658,-1,0,"<1>ほんのちょっとのゆうきがまだだせ</c><2>なくって</c>"
00:00:41.658,00:00:41.925,-1,92,"<1>ほんのちょっとの勇気がまだ出せな</c><2>くって</c>"
00:00:41.658,00:00:41.925,-1,0,"<1>ほんのちょっとのゆうきがまだだせな</c><2>くって</c>"
00:00:41.925,00:00:42.259,-1,92,"<1>ほんのちょっとの勇気がまだ出せなく</c><2>って</c>"
00:00:41.925,00:00:42.259,-1,0,"<1>ほんのちょっとのゆうきがまだだせなく</c><2>って</c>"
00:00:42.259,00:00:42.559,-1,92,"<1>ほんのちょっとの勇気がまだ出せなくっ</c><2>て</c>"
00:00:42.259,00:00:42.559,-1,0,"<1>ほんのちょっとのゆうきがまだだせなくっ</c><2>て</c>"
00:00:42.559,00:00:43.327,-1,92,"<1>ほんのちょっとの勇気がまだ出せなくって</c>"
00:00:42.559,00:00:43.327,-1,0,"<1>ほんのちょっとのゆうきがまだだせなくって</c>"
00:00:43.327,00:00:43.494,-1,92,"<1>ま</c><2>どろむ宇宙で彷徨っていた</c>"
00:00:43.327,00:00:43.494,-1,0,"<1>ま</c><2>どろむうちゅうでさまよっていた</c>"
00:00:43.494,00:00:43.627,-1,92,"<1>まど</c><2>ろむ宇宙で彷徨っていた</c>"
00:00:43.494,00:00:43.627,-1,0,"<1>まど</c><2>ろむうちゅうでさまよっていた</c>"
00:00:43.627,00:00:43.794,-1,92,"<1>まどろ</c><2>む宇宙で彷徨っていた</c>"
00:00:43.627,00:00:43.794,-1,0,"<1>まどろ</c><2>むうちゅうでさまよっていた</c>"
00:00:43.794,00:00:44.094,-1,92,"<1>まどろむ</c><2>宇宙で彷徨っていた</c>"
00:00:43.794,00:00:44.094,-1,0,"<1>まどろむ</c><2>うちゅうでさまよっていた</c>"
00:00:44.094,00:00:44.395,-1,92,"<1>まどろむ宇</c><2>宙で彷徨っていた</c>"
00:00:44.094,00:00:44.395,-1,0,"<1>まどろむう</c><2>ちゅうでさまよっていた</c>"
00:00:44.395,00:00:44.695,-1,92,"<1>まどろむ宇宙</c><2>で彷徨っていた</c>"
00:00:44.395,00:00:44.695,-1,0,"<1>まどろむうちゅ</c><2>うでさまよっていた</c>"
00:00:44.695,00:00:45.029,-1,92,"<1>まどろむ宇宙</c><2>で彷徨っていた</c>"
00:00:44.695,00:00:45.029,-1,0,"<1>まどろむうちゅう</c><2>でさまよっていた</c>"
00:00:45.029,00:00:45.796,-1,92,"<1>まどろむ宇宙で</c><2>彷徨っていた</c>"
00:00:45.029,00:00:45.796,-1,0,"<1>まどろむうちゅうで</c><2>さまよっていた</c>"
00:00:45.796,00:00:45.929,-1,92,"<1>まどろむ宇宙で彷</c><2>徨っていた</c>"
00:00:45.796,00:00:45.929,-1,0,"<1>まどろむうちゅうでさ</c><2>まよっていた</c>"
00:00:45.929,00:00:46.230,-1,92,"<1>まどろむ宇宙で彷</c><2>徨っていた</c>"
00:00:45.929,00:00:46.230,-1,0,"<1>まどろむうちゅうでさま</c><2>よっていた</c>"
00:00:46.230,00:00:46.563,-1,92,"<1>まどろむ宇宙で彷徨</c><2>っていた</c>"
00:00:46.230,00:00:46.563,-1,0,"<1>まどろむうちゅうでさまよ</c><2>っていた</c>"
00:00:46.563,00:00:46.830,-1,92,"<1>まどろむ宇宙で彷徨っ</c><2>ていた</c>"
00:00:46.563,00:00:46.830,-1,0,"<1>まどろむうちゅうでさまよっ</c><2>ていた</c>"
00:00:46.830,00:00:47.131,-1,92,"<1>まどろむ宇宙で彷徨って</c><2>いた</c>"
00:00:46.830,00:00:47.131,-1,0,"<1>まどろむうちゅうでさまよって</c><2>いた</c>"
00:00:47.131,00:00:47.631,-1,92,"<1>まどろむ宇宙で彷徨ってい</c><2>た</c>"
00:00:47.131,00:00:47.631,-1,0,"<1>まどろむうちゅうでさまよってい</c><2>た</c>"
00:00:47.631,00:00:49.133,-1,92,"<1>まどろむ宇宙で彷徨っていた</c>"
00:00:47.631,00:00:49.133,-1,0,"<1>まどろむうちゅうでさまよっていた</c>"
00:00:49.133,00:00:49.500,-1,92,"<1>夜</c><2>空に浮かぶ</c>"
00:00:49.133,00:00:49.500,-1,0,"<1>よ</c><2>ぞらにうかぶ</c>"
00:00:49.500,00:00:50.100,-1,92,"<1>夜空</c><2>に浮かぶ</c>"
00:00:49.500,00:00:50.100,-1,0,"<1>よぞ</c><2>らにうかぶ</c>"
00:00:50.100,00:00:50.401,-1,92,"<1>夜空</c><2>に浮かぶ</c>"
00:00:50.100,00:00:50.401,-1,0,"<1>よぞら</c><2>にうかぶ</c>"
00:00:50.401,00:00:50.567,-1,92,"<1>夜空に</c><2>浮かぶ</c>"
00:00:50.401,00:00:50.567,-1,0,"<1>よぞらに</c><2>うかぶ</c>"
00:00:50.567,00:00:50.868,-1,92,"<1>夜空に浮</c><2>かぶ</c>"
00:00:50.567,00:00:50.868,-1,0,"<1>よぞらにう</c><2>かぶ</c>"
00:00:50.868,00:00:51.368,-1,92,"<1>夜空に浮か</c><2>ぶ</c>"
00:00:50.868,00:00:51.368,-1,0,"<1>よぞらにうか</c><2>ぶ</c>"
00:00:51.368,00:00:52.202,-1,92,"<1>夜空に浮かぶ</c>"
00:00:51.368,00:00:52.202,-1,0,"<1>よぞらにうかぶ</c>"
00:00:52.202,00:00:52.536,-1,92,"<1>星</c><2>に願いをかけるんだ</c>"
00:00:52.202,00:00:52.536,-1,0,"<1>ほ</c><2>しにねがいをかけるんだ</c>"
00:00:52.536,00:00:53.137,-1,92,"<1>星</c><2>に願いをかけるんだ</c>"
00:00:52.536,00:00:53.137,-1,0,"<1>ほし</c><2>にねがいをかけるんだ</c>"
00:00:53.137,00:00:53.437,-1,92,"<1>星に</c><2>願いをかけるんだ</c>"
00:00:53.137,00:00:53.437,-1,0,"<1>ほしに</c><2>ねがいをかけるんだ</c>"
00:00:53.437,00:00:53.737,-1,92,"<1>星に願</c><2>いをかけるんだ</c>"
00:00:53.437,00:00:53.737,-1,0,"<1>ほしにね</c><2>がいをかけるんだ</c>"
00:00:53.737,00:00:54.371,-1,92,"<1>星に願</c><2>いをかけるんだ</c>"
00:00:53.737,00:00:54.371,-1,0,"<1>ほしにねが</c><2>いをかけるんだ</c>"
00:00:54.371,00:00:54.671,-1,92,"<1>星に願い</c><2>をかけるんだ</c>"
00:00:54.371,00:00:54.671,-1,0,"<1>ほしにねがい</c><2>をかけるんだ</c>"
00:00:54.671,00:00:54.972,-1,92,"<1>星に願いを</c><2>かけるんだ</c>"
00:00:54.671,00:00:54.972,-1,0,"<1>ほしにねがいを</c><2>かけるんだ</c>"
00:00:54.972,00:00:55.272,-1,92,"<1>星に願いをか</c><2>けるんだ</c>"
00:00:54.972,00:00:55.272,-1,0,"<1>ほしにねがいをか</c><2>けるんだ</c>"
00:00:55.272,00:00:55.472,-1,92,"<1>星に願いをかけ</c><2>るんだ</c>"
00:00:55.272,00:00:55.472,-1,0,"<1>ほしにねがいをかけ</c><2>るんだ</c>"
00:00:55.472,00:00:55.906,-1,92,"<1>星に願いをかける</c><2>んだ</c>"
00:00:55.472,00:00:55.906,-1,0,"<1>ほしにねがいをかける</c><2>んだ</c>"
00:00:55.906,00:00:56.173,-1,92,"<1>星に願いをかけるん</c><2>だ</c>"
00:00:55.906,00:00:56.173,-1,0,"<1>ほしにねがいをかけるん</c><2>だ</c>"
00:00:56.173,00:00:57.107,-1,92,"<1>星に願いをかけるんだ</c>"
00:00:56.173,00:00:57.107,-1,0,"<1>ほしにねがいをかけるんだ</c>"
00:00:57.107,00:00:57.408,-1,92,"<1>I</c><2>hope...</c>"
00:00:57.107,00:00:57.408,-1,0,"<1>I</c><2>hope...</c>"
00:00:57.408,00:00:58.942,-1,92,"<1>Ihope...</c>"
00:00:57.408,00:00:58.942,-1,0,"<1>Ihope...</c>"
00:00:58.942,00:00:59.243,-1,92,"<1>抱</c><2>いてる夢を</c>"
00:00:58.942,00:00:59.243,-1,0,"<1>い</c><2>だいてるゆめを</c>"
00:00:59.243,00:00:59.576,-1,92,"<1>抱</c><2>いてる夢を</c>"
00:00:59.243,00:00:59.576,-1,0,"<1>いだ</c><2>いてるゆめを</c>"
00:00:59.576,00:00:59.877,-1,92,"<1>抱い</c><2>てる夢を</c>"
00:00:59.576,00:00:59.877,-1,0,"<1>いだい</c><2>てるゆめを</c>"
00:00:59.877,00:01:00.177,-1,92,"<1>抱いて</c><2>る夢を</c>"
00:00:59.877,00:01:00.177,-1,0,"<1>いだいて</c><2>るゆめを</c>"
00:01:00.177,00:01:00.377,-1,92,"<1>抱いてる</c><2>夢を</c>"
00:01:00.177,00:01:00.377,-1,0,"<1>いだいてる</c><2>ゆめを</c>"
00:01:00.377,00:01:00.644,-1,92,"<1>抱いてる夢</c><2>を</c>"
00:01:00.377,00:01:00.644,-1,0,"<1>いだいてるゆ</c><2>めを</c>"
00:01:00.644,00:01:00.944,-1,92,"<1>抱いてる夢</c><2>を</c>"
00:01:00.644,00:01:00.944,-1,0,"<1>いだいてるゆめ</c><2>を</c>"
00:01:00.944,00:01:01.412,-1,92,"<1>抱いてる夢を</c>"
00:01:00.944,00:01:01.412,-1,0,"<1>いだいてるゆめを</c>"
00:01:01.412,00:01:01.712,-1,92,"<1>絶</c><2>対諦めたくない</c>"
00:01:01.412,00:01:01.712,-1,0,"<1>ぜ</c><2>ったいあきらめたくない</c>"
00:01:01.712,00:01:02.012,-1,92,"<1>絶</c><2>対諦めたくない</c>"
00:01:01.712,00:01:02.012,-1,0,"<1>ぜっ</c><2>たいあきらめたくない</c>"
00:01:02.012,00:01:02.312,-1,92,"<1>絶対</c><2>諦めたくない</c>"
00:01:02.012,00:01:02.312,-1,0,"<1>ぜった</c><2>いあきらめたくない</c>"
00:01:02.312,00:01:02.613,-1,92,"<1>絶対</c><2>諦めたくない</c>"
00:01:02.312,00:01:02.613,-1,0,"<1>ぜったい</c><2>あきらめたくない</c>"
00:01:02.613,00:01:02.813,-1,92,"<1>絶対諦</c><2>めたくない</c>"
00:01:02.613,00:01:02.813,-1,0,"<1>ぜったいあ</c><2>きらめたくない</c>"
00:01:02.813,00:01:03.080,-1,92,"<1>絶対諦</c><2>めたくない</c>"
00:01:02.813,00:01:03.080,-1,0,"<1>ぜったいあき</c><2>らめたくない</c>"
00:01:03.080,00:01:03.414,-1,92,"<1>絶対諦</c><2>めたくない</c>"
00:01:03.080,00:01:03.414,-1,0,"<1>ぜったいあきら</c><2>めたくない</c>"
00:01:03.414,00:01:03.680,-1,92,"<1>絶対諦め</c><2>たくない</c>"
00:01:03.414,00:01:03.680,-1,0,"<1>ぜったいあきらめ</c><2>たくない</c>"
00:01:03.680,00:01:03.981,-1,92,"<1>絶対諦めた</c><2>くない</c>"
00:01:03.680,00:01:03.981,-1,0,"<1>ぜったいあきらめた</c><2>くない</c>"
00:01:03.981,00:01:04.314,-1,92,"<1>絶対諦めたく</c><2>ない</c>"
00:01:03.981,00:01:04.314,-1,0,"<1>ぜったいあきらめたく</c><2>ない</c>"
00:01:04.314,00:01:04.615,-1,92,"<1>絶対諦めたくな</c><2>い</c>"
00:01:04.314,00:01:04.615,-1,0,"<1>ぜったいあきらめたくな</c><2>い</c>"
00:01:04.615,00:01:05.349,-1,92,"<1>絶対諦めたくない</c>"
00:01:04.615,00:01:05.349,-1,0,"<1>ぜったいあきらめたくない</c>"
00:01:05.349,00:01:05.482,-1,92,"<1>走</c><2>りだすから</c>"
00:01:05.349,00:01:05.482,-1,0,"<1>は</c><2>しりだすから</c>"
00:01:05.482,00:01:05.649,-1,92,"<1>走</c><2>りだすから</c>"
00:01:05.482,00:01:05.649,-1,0,"<1>はし</c><2>りだすから</c>"
00:01:05.649,00:01:05.816,-1,92,"<1>走り</c><2>だすから</c>"
00:01:05.649,00:01:05.816,-1,0,"<1>はしり</c><2>だすから</c>"
00:01:05.816,00:01:06.116,-1,92,"<1>走りだ</c><2>すから</c>"
00:01:05.816,00:01:06.116,-1,0,"<1>はしりだ</c><2>すから</c>"
00:01:06.116,00:01:06.417,-1,92,"<1>走りだす</c><2>から</c>"
00:01:06.116,00:01:06.417,-1,0,"<1>はしりだす</c><2>から</c>"
00:01:06.417,00:01:06.750,-1,92,"<1>走りだすか</c><2>ら</c>"
00:01:06.417,00:01:06.750,-1,0,"<1>はしりだすか</c><2>ら</c>"
00:01:06.750,00:01:07.217,-1,92,"<1>走りだすから</c>"
00:01:06.750,00:01:07.217,-1,0,"<1>はしりだすから</c>"
00:01:08.819,00:01:08.952,-1,92,"<1>追</c><2>いかけて今　あのshootingstar</c>"
00:01:08.819,00:01:08.952,-1,0,"<1>お</c><2>いかけていまあのshootingstar</c>"
00:01:08.952,00:01:09.119,-1,92,"<1>追い</c><2>かけて今　あのshootingstar</c>"
00:01:08.952,00:01:09.119,-1,0,"<1>おい</c><2>かけていまあのshootingstar</c>"
00:01:09.119,00:01:09.286,-1,92,"<1>追いか</c><2>けて今　あのshootingstar</c>"
00:01:09.119,00:01:09.286,-1,0,"<1>おいか</c><2>けていまあのshootingstar</c>"
00:01:09.286,00:01:09.586,-1,92,"<1>追いかけ</c><2>て今　あのshootingstar</c>"
00:01:09.286,00:01:09.586,-1,0,"<1>おいかけ</c><2>ていまあのshootingstar</c>"
00:01:09.586,00:01:10.621,-1,92,"<1>追いかけて</c><2>今　あのshootingstar</c>"
00:01:09.586,00:01:10.621,-1,0,"<1>おいかけて</c><2>いまあのshootingstar</c>"
00:01:10.621,00:01:10.821,-1,92,"<1>追いかけて今</c><2>　あのshootingstar</c>"
00:01:10.621,00:01:10.821,-1,0,"<1>おいかけてい</c><2>まあのshootingstar</c>"
00:01:10.821,00:01:11.555,-1,92,"<1>追いかけて今　</c><2>あのshootingstar</c>"
00:01:10.821,00:01:11.555,-1,0,"<1>おいかけていま</c><2>あのshootingstar</c>"
00:01:11.555,00:01:11.755,-1,92,"<1>追いかけて今　あ</c><2>のshootingstar</c>"
00:01:11.555,00:01:11.755,-1,0,"<1>おいかけていまあ</c><2>のshootingstar</c>"
00:01:11.755,00:01:12.056,-1,92,"<1>追いかけて今　あの</c><2>shootingstar</c>"
00:01:11.755,00:01:12.056,-1,0,"<1>おいかけていまあの</c><2>shootingstar</c>"
00:01:12.056,00:01:13.090,-1,92,"<1>追いかけて今　あのshoot</c><2>ingstar</c>"
00:01:12.056,00:01:13.090,-1,0,"<1>おいかけていまあのshoot</c><2>ingstar</c>"
00:01:13.090,00:01:13.290,-1,92,"<1>追いかけて今　あのshooting</c><2>star</c>"
00:01:13.090,00:01:13.290,-1,0,"<1>おいかけていまあのshooting</c><2>star</c>"
00:01:13.290,00:01:14.291,-1,92,"<1>追いかけて今　あのshootingstar</c>"
00:01:13.290,00:01:14.291,-1,0,"<1>おいかけていまあのshootingstar</c>"
00:01:14.291,00:01:14.458,-1,92,"<1>見</c><2>たことのないストーリー進んでいくんだ</c>"
00:01:14.291,00:01:14.458,-1,0,"<1>み</c><2>たことのないすとーりーすすんでいくんだ</c>"
00:01:14.458,00:01:14.758,-1,92,"<1>見た</c><2>ことのないストーリー進んでいくんだ</c>"
00:01:14.458,00:01:14.758,-1,0,"<1>みた</c><2>ことのないすとーりーすすんでいくんだ</c>"
00:01:14.758,00:01:14.925,-1,92,"<1>見たこ</c><2>とのないストーリー進んでいくんだ</c>"
00:01:14.758,00:01:14.925,-1,0,"<1>みたこ</c><2>とのないすとーりーすすんでいくんだ</c>"
00:01:14.925,00:01:15.092,-1,92,"<1>見たこと</c><2>のないストーリー進んでいくんだ</c>"
00:01:14.925,00:01:15.092,-1,0,"<1>みたこと</c><2>のないすとーりーすすんでいくんだ</c>"
00:01:15.092,00:01:15.225,-1,92,"<1>見たことの</c><2>ないストーリー進んでいくんだ</c>"
00:01:15.092,00:01:15.225,-1,0,"<1>みたことの</c><2>ないすとーりーすすんでいくんだ</c>"
00:01:15.225,00:01:15.492,-1,92,"<1>見たことのな</c><2>いストーリー進んでいくんだ</c>"
00:01:15.225,00:01:15.492,-1,0,"<1>みたことのな</c><2>いすとーりーすすんでいくんだ</c>"
00:01:15.492,00:01:15.692,-1,92,"<1>見たことのない</c><2>ストーリー進んでいくんだ</c>"
00:01:15.492,00:01:15.692,-1,0,"<1>みたことのない</c><2>すとーりーすすんでいくんだ</c>"
00:01:15.692,00:01:15.993,-1,92,"<1>見たことのないス</c><2>トーリー進んでいくんだ</c>"
00:01:15.692,00:01:15.993,-1,0,"<1>みたことのないす</c><2>とーりーすすんでいくんだ</c>"
00:01:15.993,00:01:16.160,-1,92,"<1>見たことのないスト</c><2>ーリー進んでいくんだ</c>"
00:01:15.993,00:01:16.160,-1,0,"<1>みたことのないすと</c><2>ーりーすすんでいくんだ</c>"
00:01:16.160,00:01:16.593,-1,92,"<1>見たことのないストー</c><2>リー進んでいくんだ</c>"
00:01:16.160,00:01:16.593,-1,0,"<1>みたことのないすとー</c><2>りーすすんでいくんだ</c>"
00:01:16.593,00:01:16.927,-1,92,"<1>見たことのないストーリ</c><2>ー進んでいくんだ</c>"
00:01:16.593,00:01:16.927,-1,0,"<1>みたことのないすとーり</c><2>ーすすんでいくんだ</c>"
00:01:16.927,00:01:17.661,-1,92,"<1>見たことのないストーリー</c><2>進んでいくんだ</c>"
00:01:16.927,00:01:17.661,-1,0,"<1>みたことのないすとーりー</c><2>すすんでいくんだ</c>"
00:01:17.661,00:01:17.828,-1,92,"<1>見たことのないストーリー進</c><2>んでいくんだ</c>"
00:01:17.661,00:01:17.828,-1,0,"<1>みたことのないすとーりーす</c><2>すんでいくんだ</c>"
00:01:17.828,00:01:17.961,-1,92,"<1>見たことのないストーリー進</c><2>んでいくんだ</c>"
00:01:17.828,00:01:17.961,-1,0,"<1>みたことのないすとーりーすす</c><2>んでいくんだ</c>"
00:01:17.961,00:01:18.128,-1,92,"<1>見たことのないストーリー進ん</c><2>でいくんだ</c>"
00:01:17.961,00:01:18.128,-1,0,"<1>みたことのないすとーりーすすん</c><2>でいくんだ</c>"
00:01:18.128,00:01:18.462,-1,92,"<1>見たことのないストーリー進んで</c><2>いくんだ</c>"
00:01:18.128,00:01:18.462,-1,0,"<1>みたことのないすとーりーすすんで</c><2>いくんだ</c>"
00:01:18.462,00:01:18.762,-1,92,"<1>見たことのないストーリー進んでい</c><2>くんだ</c>"
00:01:18.462,00:01:18.762,-1,0,"<1>みたことのないすとーりーすすんでい</c><2>くんだ</c>"
00:01:18.762,00:01:19.096,-1,92,"<1>見たことのないストーリー進んでいく</c><2>んだ</c>"
00:01:18.762,00:01:19.096,-1,0,"<1>みたことのないすとーりーすすんでいく</c><2>んだ</c>"
00:01:19.096,00:01:19.363,-1,92,"<1>見たことのないストーリー進んでいくん</c><2>だ</c>"
00:01:19.096,00:01:19.363,-1,0,"<1>みたことのないすとーりーすすんでいくん</c><2>だ</c>"
00:01:19.363,00:01:21.031,-1,92,"<1>見たことのないストーリー進んでいくんだ</c>"
00:01:19.363,00:01:21.031,-1,0,"<1>みたことのないすとーりーすすんでいくんだ</c>"
00:01:21.031,00:01:21.198,-1,92,"<1>い</c><2>つの日にかきっと</c>"
00:01:21.031,00:01:21.198,-1,0,"<1>い</c><2>つのひにかきっと</c>"
00:01:21.198,00:01:21.365,-1,92,"<1>いつ</c><2>の日にかきっと</c>"
00:01:21.198,00:01:21.365,-1,0,"<1>いつ</c><2>のひにかきっと</c>"
00:01:21.365,00:01:21.498,-1,92,"<1>いつの</c><2>日にかきっと</c>"
00:01:21.365,00:01:21.498,-1,0,"<1>いつの</c><2>ひにかきっと</c>"
00:01:21.498,00:01:21.799,-1,92,"<1>いつの日</c><2>にかきっと</c>"
00:01:21.498,00:01:21.799,-1,0,"<1>いつのひ</c><2>にかきっと</c>"
00:01:21.799,00:01:22.132,-1,92,"<1>いつの日に</c><2>かきっと</c>"
00:01:21.799,00:01:22.132,-1,0,"<1>いつのひに</c><2>かきっと</c>"
00:01:22.132,00:01:22.433,-1,92,"<1>いつの日にか</c><2>きっと</c>"
00:01:22.132,00:01:22.433,-1,0,"<1>いつのひにか</c><2>きっと</c>"
00:01:22.433,00:01:22.733,-1,92,"<1>いつの日にかき</c><2>っと</c>"
00:01:22.433,00:01:22.733,-1,0,"<1>いつのひにかき</c><2>っと</c>"
00:01:22.733,00:01:23.033,-1,92,"<1>いつの日にかきっ</c><2>と</c>"
00:01:22.733,00:01:23.033,-1,0,"<1>いつのひにかきっ</c><2>と</c>"
00:01:23.033,00:01:25.202,-1,92,"<1>いつの日にかきっと</c>"
00:01:23.033,00:01:25.202,-1,0,"<1>いつのひにかきっと</c>"
00:01:25.202,00:01:25.335,-1,92,"<1>描</c><2>いたセカイへ　辿り着けるように</c>"
00:01:25.202,00:01:25.335,-1,0,"<1>え</c><2>がいたせかいへたどりつけるように</c>"
00:01:25.335,00:01:25.469,-1,92,"<1>描</c><2>いたセカイへ　辿り着けるように</c>"
00:01:25.335,00:01:25.469,-1,0,"<1>えが</c><2>いたせかいへたどりつけるように</c>"
00:01:25.469,00:01:25.669,-1,92,"<1>描い</c><2>たセカイへ　辿り着けるように</c>"
00:01:25.469,00:01:25.669,-1,0,"<1>えがい</c><2>たせかいへたどりつけるように</c>"
00:01:25.669,00:01:25.969,-1,92,"<1>描いた</c><2>セカイへ　辿り着けるように</c>"
00:01:25.669,00:01:25.969,-1,0,"<1>えがいた</c><2>せかいへたどりつけるように</c>"
00:01:25.969,00:01:26.103,-1,92,"<1>描いたセ</c><2>カイへ　辿り着けるように</c>"
00:01:25.969,00:01:26.103,-1,0,"<1>えがいたせ</c><2>かいへたどりつけるように</c>"
00:01:26.103,00:01:26.437,-1,92,"<1>描いたセカ</c><2>イへ　辿り着けるように</c>"
00:01:26.103,00:01:26.437,-1,0,"<1>えがいたせか</c><2>いへたどりつけるように</c>"
00:01:26.437,00:01:26.737,-1,92,"<1>描いたセカイ</c><2>へ　辿り着けるように</c>"
00:01:26.437,00:01:26.737,-1,0,"<1>えがいたせかい</c><2>へたどりつけるように</c>"
00:01:26.737,00:01:27.638,-1,92,"<1>描いたセカイへ　</c><2>辿り着けるように</c>"
00:01:26.737,00:01:27.638,-1,0,"<1>えがいたせかいへ</c><2>たどりつけるように</c>"
00:01:27.638,00:01:27.805,-1,92,"<1>描いたセカイへ　辿</c><2>り着けるように</c>"
00:01:27.638,00:01:27.805,-1,0,"<1>えがいたせかいへた</c><2>どりつけるように</c>"
00:01:27.805,00:01:27.938,-1,92,"<1>描いたセカイへ　辿</c><2>り着けるように</c>"
00:01:27.805,00:01:27.938,-1,0,"<1>えがいたせかいへたど</c><2>りつけるように</c>"
00:01:27.938,00:01:28.105,-1,92,"<1>描いたセカイへ　辿り</c><2>着けるように</c>"
00:01:27.938,00:01:28.105,-1,0,"<1>えがいたせかいへたどり</c><2>つけるように</c>"
00:01:28.105,00:01:28.405,-1,92,"<1>描いたセカイへ　辿り着</c><2>けるように</c>"
00:01:28.105,00:01:28.405,-1,0,"<1>えがいたせかいへたどりつ</c><2>けるように</c>"
00:01:28.405,00:01:28.572,-1,92,"<1>描いたセカイへ　辿り着け</c><2>るように</c>"
00:01:28.405,00:01:28.572,-1,0,"<1>えがいたせかいへたどりつけ</c><2>るように</c>"
00:01:28.572,00:01:28.839,-1,92,"<1>描いたセカイへ　辿り着ける</c><2>ように</c>"
00:01:28.572,00:01:28.839,-1,0,"<1>えがいたせかいへたどりつける</c><2>ように</c>"
00:01:28.839,00:01:29.073,-1,92,"<1>描いたセカイへ　辿り着けるよ</c><2>うに</c>"
00:01:28.839,00:01:29.073,-1,0,"<1>えがいたせかいへたどりつけるよ</c><2>うに</c>"
00:01:29.073,00:01:29.306,-1,92,"<1>描いたセカイへ　辿り着けるよう</c><2>に</c>"
00:01:29.073,00:01:29.306,-1,0,"<1>えがいたせかいへたどりつけるよう</c><2>に</c>"
00:01:29.306,00:01:30.741,-1,92,"<1>描いたセカイへ　辿り着けるように</c>"
00:01:29.306,00:01:30.741,-1,0,"<1>えがいたせかいへたどりつけるように</c>"
00:01:30.741,00:01:30.808,-1,92,"<1>描いたセカイへ　辿り着けるように</c>"
00:01:30.741,00:01:30.808,-1,0,"<1>えがいたせかいへたどりつけるように</c>"
00:01:30.808,00:01:30.874,-1,92,"<1>描いたセカイへ　辿り着けるように</c>"
00:01:30.808,00:01:30.874,-1,0,"<1>えがいたせかいへたどりつけるように</c>"
00:01:30.874,00:01:30.941,-1,92,"<1>描いたセカイへ　辿り着けるように</c>"
00:01:30.874,00:01:30.941,-1,0,"<1>えがいたせかいへたどりつけるように</c>"
00:01:30.941,00:01:31.008,-1,92,"<1>描いたセカイへ　辿り着けるように</c>"
00:01:30.941,00:01:31.008,-1,0,"<1>えがいたせかいへたどりつけるように</c>"
00:01:31.008,00:01:31.075,-1,92,"<1>描いたセカイへ　辿り着けるように</c>"
00:01:31.008,00:01:31.075,-1,0,"<1>えがいたせかいへたどりつけるように</c>"
00:01:31.075,00:01:31.141,-1,92,"<1>描いたセカイへ　辿り着けるように</c>"
00:01:31.075,00:01:31.141,-1,0,"<1>えがいたせかいへたどりつけるように</c>"
00:01:31.141,00:01:31.208,-1,92,"<1>描いたセカイへ　辿り着けるように</c>"
00:01:31.141,00:01:31.208,-1,0,"<1>えがいたせかいへたどりつけるように</c>"
00:01:31.208,00:01:31.275,-1,92,"<1>描いたセカイへ　辿り着けるように</c>"
00:01:31.208,00:01:31.275,-1,0,"<1>えがいたせかいへたどりつけるように</c>"
00:01:31.275,00:01:31.341,-1,92,"<1>描いたセカイへ　辿り着けるように</c>"
00:01:31.275,00:01:31.341,-1,0,"<1>えがいたせかいへたどりつけるように</c>"
00:01:31.341,00:01:31.408,-1,92,"<1>描いたセカイへ　辿り着けるように</c>"
00:01:31.341,00:01:31.408,-1,0,"<1>えがいたせかいへたどりつけるように</c>"
00:01:31.408,00:01:31.475,-1,92,"<1>描いたセカイへ　辿り着けるように</c>"
00:01:31.408,00:01:31.475,-1,0,"<1>えがいたせかいへたどりつけるように</c>"
00:01:31.475,00:01:31.542,-1,92,"<1>描いたセカイへ　辿り着けるように</c>"
00:01:31.475,00:01:31.542,-1,0,"<1>えがいたせかいへたどりつけるように</c>"
00:01:31.542,00:01:31.608,-1,92,"<1>描いたセカイへ　辿り着けるように</c>"
00:01:31.542,00:01:31.608,-1,0,"<1>えがいたせかいへたどりつけるように</c>"
00:01:31.608,00:01:31.675,-1,92,"<1>描いたセカイへ　辿り着けるように</c>"
00:01:31.608,00:01:31.675,-1,0,"<1>えがいたせかいへたどりつけるように</c>"
00:01:31.675,00:01:31.742,-1,92,"<1>描いたセカイへ　辿り着けるように</c>"
00:01:31.675,00:01:31.742,-1,0,"<1>えがいたせかいへたどりつけるように</c>"
