start,end,position,line,text
00:00:03.387,00:00:03.687,-1,0,"<1></c><3>Dark</c><2>nesswillfadeaway</c><1></c>"
00:00:03.387,00:00:03.687,-1,0,"<1></c><3>Dark</c><2>nesswillfadeaway</c><1></c>"
00:00:03.387,00:00:03.687,-1,-1,"<1></c><3>Dark</c><2>nesswillfadeaway</c><1></c>"
00:00:03.387,00:00:03.687,-1,-1,"<1></c><3>Dark</c><2>nesswillfadeaway</c><1></c>"
00:00:03.687,00:00:03.954,-1,0,"<1></c><3>Darkness</c><2>willfadeaway</c><1></c>"
00:00:03.687,00:00:03.954,-1,0,"<1></c><3>Darkness</c><2>willfadeaway</c><1></c>"
00:00:03.687,00:00:03.954,-1,-1,"<1></c><3>Darkness</c><2>willfadeaway</c><1></c>"
00:00:03.687,00:00:03.954,-1,-1,"<1></c><3>Darkness</c><2>willfadeaway</c><1></c>"
00:00:03.954,00:00:04.121,-1,0,"<1></c><3>Darknesswill</c><2>fadeaway</c><1></c>"
00:00:03.954,00:00:04.121,-1,0,"<1></c><3>Darknesswill</c><2>fadeaway</c><1></c>"
00:00:03.954,00:00:04.121,-1,-1,"<1></c><3>Darknesswill</c><2>fadeaway</c><1></c>"
00:00:03.954,00:00:04.121,-1,-1,"<1></c><3>Darknesswill</c><2>fadeaway</c><1></c>"
00:00:04.121,00:00:04.621,-1,0,"<1></c><3>Darknesswillfade</c><2>away</c><1></c>"
00:00:04.121,00:00:04.621,-1,0,"<1></c><3>Darknesswillfade</c><2>away</c><1></c>"
00:00:04.121,00:00:04.621,-1,-1,"<1></c><3>Darknesswillfade</c><2>away</c><1></c>"
00:00:04.121,00:00:04.621,-1,-1,"<1></c><3>Darknesswillfade</c><2>away</c><1></c>"
00:00:04.621,00:00:05.155,-1,0,"<1></c><3>Darknesswillfadea</c><2>way</c><1></c>"
00:00:04.621,00:00:05.155,-1,0,"<1></c><3>Darknesswillfadea</c><2>way</c><1></c>"
00:00:04.621,00:00:05.155,-1,-1,"<1></c><3>Darknesswillfadea</c><2>way</c><1></c>"
00:00:04.621,00:00:05.155,-1,-1,"<1></c><3>Darknesswillfadea</c><2>way</c><1></c>"
00:00:05.155,00:00:06.156,-1,0,"<1></c><3>Darknesswillfadeaway</c><1></c>"
00:00:05.155,00:00:06.156,-1,0,"<1></c><3>Darknesswillfadeaway</c><1></c>"
00:00:05.155,00:00:06.156,-1,-1,"<1></c><3>Darknesswillfadeaway</c><1></c>"
00:00:05.155,00:00:06.156,-1,-1,"<1></c><3>Darknesswillfadeaway</c><1></c>"
00:00:06.156,00:00:06.523,-1,0,"<1></c><3>light</c><2>willguideyourway.</c><1></c>"
00:00:06.156,00:00:06.523,-1,0,"<1></c><3>light</c><2>willguideyourway.</c><1></c>"
00:00:06.156,00:00:06.523,-1,-1,"<1></c><3>light</c><2>willguideyourway.</c><1></c>"
00:00:06.156,00:00:06.523,-1,-1,"<1></c><3>light</c><2>willguideyourway.</c><1></c>"
00:00:06.523,00:00:06.857,-1,0,"<1></c><3>lightwill</c><2>guideyourway.</c><1></c>"
00:00:06.523,00:00:06.857,-1,0,"<1></c><3>lightwill</c><2>guideyourway.</c><1></c>"
00:00:06.523,00:00:06.857,-1,-1,"<1></c><3>lightwill</c><2>guideyourway.</c><1></c>"
00:00:06.523,00:00:06.857,-1,-1,"<1></c><3>lightwill</c><2>guideyourway.</c><1></c>"
00:00:06.857,00:00:07.358,-1,0,"<1></c><3>lightwillguide</c><2>yourway.</c><1></c>"
00:00:06.857,00:00:07.358,-1,0,"<1></c><3>lightwillguide</c><2>yourway.</c><1></c>"
00:00:06.857,00:00:07.358,-1,-1,"<1></c><3>lightwillguide</c><2>yourway.</c><1></c>"
00:00:06.857,00:00:07.358,-1,-1,"<1></c><3>lightwillguide</c><2>yourway.</c><1></c>"
00:00:07.358,00:00:07.891,-1,0,"<1></c><3>lightwillguideyour</c><2>way.</c><1></c>"
00:00:07.358,00:00:07.891,-1,0,"<1></c><3>lightwillguideyour</c><2>way.</c><1></c>"
00:00:07.358,00:00:07.891,-1,-1,"<1></c><3>lightwillguideyour</c><2>way.</c><1></c>"
00:00:07.358,00:00:07.891,-1,-1,"<1></c><3>lightwillguideyour</c><2>way.</c><1></c>"
00:00:07.891,00:00:08.926,-1,0,"<1></c><3>lightwillguideyourway.</c><1></c>"
00:00:07.891,00:00:08.926,-1,0,"<1></c><3>lightwillguideyourway.</c><1></c>"
00:00:07.891,00:00:08.926,-1,-1,"<1></c><3>lightwillguideyourway.</c><1></c>"
00:00:07.891,00:00:08.926,-1,-1,"<1></c><3>lightwillguideyourway.</c><1></c>"
00:00:08.926,00:00:09.293,78,0,"<1></c><3>Hope</c><2>hasdescendedandyouarenotalone.</c><1></c>"
00:00:08.926,00:00:09.293,78,0,"<1></c><3>Hope</c><2>hasdescendedandyouarenotalone.</c><1></c>"
00:00:08.926,00:00:09.293,78,-1,"<1></c><3>Hope</c><2>hasdescendedandyouarenotalone.</c><1></c>"
00:00:08.926,00:00:09.293,78,-1,"<1></c><3>Hope</c><2>hasdescendedandyouarenotalone.</c><1></c>"
00:00:09.293,00:00:09.593,78,0,"<1></c><3>Hopehas</c><2>descendedandyouarenotalone.</c><1></c>"
00:00:09.293,00:00:09.593,78,0,"<1></c><3>Hopehas</c><2>descendedandyouarenotalone.</c><1></c>"
00:00:09.293,00:00:09.593,78,-1,"<1></c><3>Hopehas</c><2>descendedandyouarenotalone.</c><1></c>"
00:00:09.293,00:00:09.593,78,-1,"<1></c><3>Hopehas</c><2>descendedandyouarenotalone.</c><1></c>"
00:00:09.593,00:00:09.960,78,0,"<1></c><3>Hopehasde</c><2>scendedandyouarenotalone.</c><1></c>"
00:00:09.593,00:00:09.960,78,0,"<1></c><3>Hopehasde</c><2>scendedandyouarenotalone.</c><1></c>"
00:00:09.593,00:00:09.960,78,-1,"<1></c><3>Hopehasde</c><2>scendedandyouarenotalone.</c><1></c>"
00:00:09.593,00:00:09.960,78,-1,"<1></c><3>Hopehasde</c><2>scendedandyouarenotalone.</c><1></c>"
00:00:09.960,00:00:10.294,78,0,"<1></c><3>Hopehasdescend</c><2>edandyouarenotalone.</c><1></c>"
00:00:09.960,00:00:10.294,78,0,"<1></c><3>Hopehasdescend</c><2>edandyouarenotalone.</c><1></c>"
00:00:09.960,00:00:10.294,78,-1,"<1></c><3>Hopehasdescend</c><2>edandyouarenotalone.</c><1></c>"
00:00:09.960,00:00:10.294,78,-1,"<1></c><3>Hopehasdescend</c><2>edandyouarenotalone.</c><1></c>"
00:00:10.294,00:00:10.661,78,0,"<1></c><3>Hopehasdescended</c><2>andyouarenotalone.</c><1></c>"
00:00:10.294,00:00:10.661,78,0,"<1></c><3>Hopehasdescended</c><2>andyouarenotalone.</c><1></c>"
00:00:10.294,00:00:10.661,78,-1,"<1></c><3>Hopehasdescended</c><2>andyouarenotalone.</c><1></c>"
00:00:10.294,00:00:10.661,78,-1,"<1></c><3>Hopehasdescended</c><2>andyouarenotalone.</c><1></c>"
00:00:10.661,00:00:11.362,78,0,"<1></c><3>Hopehasdescendedand</c><2>youarenotalone.</c><1></c>"
00:00:10.661,00:00:11.362,78,0,"<1></c><3>Hopehasdescendedand</c><2>youarenotalone.</c><1></c>"
00:00:10.661,00:00:11.362,78,-1,"<1></c><3>Hopehasdescendedand</c><2>youarenotalone.</c><1></c>"
00:00:10.661,00:00:11.362,78,-1,"<1></c><3>Hopehasdescendedand</c><2>youarenotalone.</c><1></c>"
00:00:11.362,00:00:11.996,78,0,"<1></c><3>Hopehasdescendedandyou</c><2>arenotalone.</c><1></c>"
00:00:11.362,00:00:11.996,78,0,"<1></c><3>Hopehasdescendedandyou</c><2>arenotalone.</c><1></c>"
00:00:11.362,00:00:11.996,78,-1,"<1></c><3>Hopehasdescendedandyou</c><2>arenotalone.</c><1></c>"
00:00:11.362,00:00:11.996,78,-1,"<1></c><3>Hopehasdescendedandyou</c><2>arenotalone.</c><1></c>"
00:00:11.996,00:00:12.229,78,0,"<1></c><3>Hopehasdescendedandyouare</c><2>notalone.</c><1></c>"
00:00:11.996,00:00:12.229,78,0,"<1></c><3>Hopehasdescendedandyouare</c><2>notalone.</c><1></c>"
00:00:11.996,00:00:12.229,78,-1,"<1></c><3>Hopehasdescendedandyouare</c><2>notalone.</c><1></c>"
00:00:11.996,00:00:12.229,78,-1,"<1></c><3>Hopehasdescendedandyouare</c><2>notalone.</c><1></c>"
00:00:12.229,00:00:13.397,78,0,"<1></c><3>Hopehasdescendedandyouarenot</c><2>alone.</c><1></c>"
00:00:12.229,00:00:13.397,78,0,"<1></c><3>Hopehasdescendedandyouarenot</c><2>alone.</c><1></c>"
00:00:12.229,00:00:13.397,78,-1,"<1></c><3>Hopehasdescendedandyouarenot</c><2>alone.</c><1></c>"
00:00:12.229,00:00:13.397,78,-1,"<1></c><3>Hopehasdescendedandyouarenot</c><2>alone.</c><1></c>"
00:00:13.397,00:00:13.664,78,0,"<1></c><3>Hopehasdescendedandyouarenota</c><2>lone.</c><1></c>"
00:00:13.397,00:00:13.664,78,0,"<1></c><3>Hopehasdescendedandyouarenota</c><2>lone.</c><1></c>"
00:00:13.397,00:00:13.664,78,-1,"<1></c><3>Hopehasdescendedandyouarenota</c><2>lone.</c><1></c>"
00:00:13.397,00:00:13.664,78,-1,"<1></c><3>Hopehasdescendedandyouarenota</c><2>lone.</c><1></c>"
00:00:13.664,00:00:15.499,78,0,"<1></c><3>Hopehasdescendedandyouarenotalone.</c><1></c>"
00:00:13.664,00:00:15.499,78,0,"<1></c><3>Hopehasdescendedandyouarenotalone.</c><1></c>"
00:00:13.664,00:00:15.499,78,-1,"<1></c><3>Hopehasdescendedandyouarenotalone.</c><1></c>"
00:00:13.664,00:00:15.499,78,-1,"<1></c><3>Hopehasdescendedandyouarenotalone.</c><1></c>"
00:00:16.533,00:00:22.039,-1,0,"<1></c><3>IRyS-CaesuraofDespair</c><1></c>"
00:00:16.533,00:00:22.039,-1,0,"<1></c><3>IRyS-CaesuraofDespair</c><1></c>"
00:00:16.533,00:00:17.901,-1,-1,"<1></c><3>歌唱:IRyS</c><1></c>"
00:00:16.533,00:00:17.901,-1,-1,"<1></c><3>歌唱:IRyS</c><1></c>"
00:00:17.901,00:00:19.269,-1,-1,"<1></c><3>作詞作曲:buzzG</c><1></c>"
00:00:17.901,00:00:19.269,-1,-1,"<1></c><3>作詞作曲:buzzG</c><1></c>"
00:00:19.269,00:00:20.671,-1,-1,"<1></c><3>編曲:Coch</c><1></c>"
00:00:19.269,00:00:20.671,-1,-1,"<1></c><3>編曲:Coch</c><1></c>"
00:00:20.671,00:00:22.039,-1,-1,"<1></c><3>プロデュース:オメガα</c><1></c>"
00:00:20.671,00:00:22.039,-1,-1,"<1></c><3>プロデュース:オメガα</c><1></c>"
00:00:27.378,00:00:27.511,-1,0,"<1></c><3>に</c><2>じとあめがおりなすこんとらすと</c><1></c>"
00:00:27.378,00:00:27.511,-1,0,"<1></c><3>に</c><2>じとあめがおりなすこんとらすと</c><1></c>"
00:00:27.378,00:00:27.511,-1,-1,"<1></c><3>虹</c><2>と雨が織り成すコントラスト</c><1></c>"
00:00:27.378,00:00:27.511,-1,-1,"<1></c><3>虹</c><2>と雨が織り成すコントラスト</c><1></c>"
00:00:27.511,00:00:27.878,-1,0,"<1></c><3>にじ</c><2>とあめがおりなすこんとらすと</c><1></c>"
00:00:27.511,00:00:27.878,-1,0,"<1></c><3>にじ</c><2>とあめがおりなすこんとらすと</c><1></c>"
00:00:27.511,00:00:27.878,-1,-1,"<1></c><3>虹</c><2>と雨が織り成すコントラスト</c><1></c>"
00:00:27.511,00:00:27.878,-1,-1,"<1></c><3>虹</c><2>と雨が織り成すコントラスト</c><1></c>"
00:00:27.878,00:00:28.078,-1,0,"<1></c><3>にじと</c><2>あめがおりなすこんとらすと</c><1></c>"
00:00:27.878,00:00:28.078,-1,0,"<1></c><3>にじと</c><2>あめがおりなすこんとらすと</c><1></c>"
00:00:27.878,00:00:28.078,-1,-1,"<1></c><3>虹と</c><2>雨が織り成すコントラスト</c><1></c>"
00:00:27.878,00:00:28.078,-1,-1,"<1></c><3>虹と</c><2>雨が織り成すコントラスト</c><1></c>"
00:00:28.078,00:00:28.345,-1,0,"<1></c><3>にじとあ</c><2>めがおりなすこんとらすと</c><1></c>"
00:00:28.078,00:00:28.345,-1,0,"<1></c><3>にじとあ</c><2>めがおりなすこんとらすと</c><1></c>"
00:00:28.078,00:00:28.345,-1,-1,"<1></c><3>虹と雨</c><2>が織り成すコントラスト</c><1></c>"
00:00:28.078,00:00:28.345,-1,-1,"<1></c><3>虹と雨</c><2>が織り成すコントラスト</c><1></c>"
00:00:28.345,00:00:28.746,-1,0,"<1></c><3>にじとあめ</c><2>がおりなすこんとらすと</c><1></c>"
00:00:28.345,00:00:28.746,-1,0,"<1></c><3>にじとあめ</c><2>がおりなすこんとらすと</c><1></c>"
00:00:28.345,00:00:28.746,-1,-1,"<1></c><3>虹と雨</c><2>が織り成すコントラスト</c><1></c>"
00:00:28.345,00:00:28.746,-1,-1,"<1></c><3>虹と雨</c><2>が織り成すコントラスト</c><1></c>"
00:00:28.746,00:00:29.113,-1,0,"<1></c><3>にじとあめが</c><2>おりなすこんとらすと</c><1></c>"
00:00:28.746,00:00:29.113,-1,0,"<1></c><3>にじとあめが</c><2>おりなすこんとらすと</c><1></c>"
00:00:28.746,00:00:29.113,-1,-1,"<1></c><3>虹と雨が</c><2>織り成すコントラスト</c><1></c>"
00:00:28.746,00:00:29.113,-1,-1,"<1></c><3>虹と雨が</c><2>織り成すコントラスト</c><1></c>"
00:00:29.113,00:00:29.446,-1,0,"<1></c><3>にじとあめがお</c><2>りなすこんとらすと</c><1></c>"
00:00:29.113,00:00:29.446,-1,0,"<1></c><3>にじとあめがお</c><2>りなすこんとらすと</c><1></c>"
00:00:29.113,00:00:29.446,-1,-1,"<1></c><3>虹と雨が織</c><2>り成すコントラスト</c><1></c>"
00:00:29.113,00:00:29.446,-1,-1,"<1></c><3>虹と雨が織</c><2>り成すコントラスト</c><1></c>"
00:00:29.446,00:00:29.813,-1,0,"<1></c><3>にじとあめがおり</c><2>なすこんとらすと</c><1></c>"
00:00:29.446,00:00:29.813,-1,0,"<1></c><3>にじとあめがおり</c><2>なすこんとらすと</c><1></c>"
00:00:29.446,00:00:29.813,-1,-1,"<1></c><3>虹と雨が織り</c><2>成すコントラスト</c><1></c>"
00:00:29.446,00:00:29.813,-1,-1,"<1></c><3>虹と雨が織り</c><2>成すコントラスト</c><1></c>"
00:00:29.813,00:00:30.214,-1,0,"<1></c><3>にじとあめがおりな</c><2>すこんとらすと</c><1></c>"
00:00:29.813,00:00:30.214,-1,0,"<1></c><3>にじとあめがおりな</c><2>すこんとらすと</c><1></c>"
00:00:29.813,00:00:30.214,-1,-1,"<1></c><3>虹と雨が織り成</c><2>すコントラスト</c><1></c>"
00:00:29.813,00:00:30.214,-1,-1,"<1></c><3>虹と雨が織り成</c><2>すコントラスト</c><1></c>"
00:00:30.214,00:00:30.647,-1,0,"<1></c><3>にじとあめがおりなす</c><2>こんとらすと</c><1></c>"
00:00:30.214,00:00:30.647,-1,0,"<1></c><3>にじとあめがおりなす</c><2>こんとらすと</c><1></c>"
00:00:30.214,00:00:30.647,-1,-1,"<1></c><3>虹と雨が織り成す</c><2>コントラスト</c><1></c>"
00:00:30.214,00:00:30.647,-1,-1,"<1></c><3>虹と雨が織り成す</c><2>コントラスト</c><1></c>"
00:00:30.647,00:00:30.881,-1,0,"<1></c><3>にじとあめがおりなすこ</c><2>んとらすと</c><1></c>"
00:00:30.647,00:00:30.881,-1,0,"<1></c><3>にじとあめがおりなすこ</c><2>んとらすと</c><1></c>"
00:00:30.647,00:00:30.881,-1,-1,"<1></c><3>虹と雨が織り成すコ</c><2>ントラスト</c><1></c>"
00:00:30.647,00:00:30.881,-1,-1,"<1></c><3>虹と雨が織り成すコ</c><2>ントラスト</c><1></c>"
00:00:30.881,00:00:31.115,-1,0,"<1></c><3>にじとあめがおりなすこん</c><2>とらすと</c><1></c>"
00:00:30.881,00:00:31.115,-1,0,"<1></c><3>にじとあめがおりなすこん</c><2>とらすと</c><1></c>"
00:00:30.881,00:00:31.115,-1,-1,"<1></c><3>虹と雨が織り成すコン</c><2>トラスト</c><1></c>"
00:00:30.881,00:00:31.115,-1,-1,"<1></c><3>虹と雨が織り成すコン</c><2>トラスト</c><1></c>"
00:00:31.115,00:00:31.181,-1,0,"<1></c><3>にじとあめがおりなすこんと</c><2>らすと</c><1></c>"
00:00:31.115,00:00:31.181,-1,0,"<1></c><3>にじとあめがおりなすこんと</c><2>らすと</c><1></c>"
00:00:31.115,00:00:31.181,-1,-1,"<1></c><3>虹と雨が織り成すコント</c><2>ラスト</c><1></c>"
00:00:31.115,00:00:31.181,-1,-1,"<1></c><3>虹と雨が織り成すコント</c><2>ラスト</c><1></c>"
00:00:31.181,00:00:31.382,-1,0,"<1></c><3>にじとあめがおりなすこんとら</c><2>すと</c><1></c>"
00:00:31.181,00:00:31.382,-1,0,"<1></c><3>にじとあめがおりなすこんとら</c><2>すと</c><1></c>"
00:00:31.181,00:00:31.382,-1,-1,"<1></c><3>虹と雨が織り成すコントラ</c><2>スト</c><1></c>"
00:00:31.181,00:00:31.382,-1,-1,"<1></c><3>虹と雨が織り成すコントラ</c><2>スト</c><1></c>"
00:00:31.382,00:00:31.548,-1,0,"<1></c><3>にじとあめがおりなすこんとらす</c><2>と</c><1></c>"
00:00:31.382,00:00:31.548,-1,0,"<1></c><3>にじとあめがおりなすこんとらす</c><2>と</c><1></c>"
00:00:31.382,00:00:31.548,-1,-1,"<1></c><3>虹と雨が織り成すコントラス</c><2>ト</c><1></c>"
00:00:31.382,00:00:31.548,-1,-1,"<1></c><3>虹と雨が織り成すコントラス</c><2>ト</c><1></c>"
00:00:31.548,00:00:32.816,-1,0,"<1></c><3>にじとあめがおりなすこんとらすと</c><1></c>"
00:00:31.548,00:00:32.816,-1,0,"<1></c><3>にじとあめがおりなすこんとらすと</c><1></c>"
00:00:31.548,00:00:32.816,-1,-1,"<1></c><3>虹と雨が織り成すコントラスト</c><1></c>"
00:00:31.548,00:00:32.816,-1,-1,"<1></c><3>虹と雨が織り成すコントラスト</c><1></c>"
00:00:32.816,00:00:33.050,-1,0,"<1></c><3>ぜ</c><2>つぼうのおわりをねがうように</c><1></c>"
00:00:32.816,00:00:33.050,-1,0,"<1></c><3>ぜ</c><2>つぼうのおわりをねがうように</c><1></c>"
00:00:32.816,00:00:33.050,-1,-1,"<1></c><3>絶</c><2>望の終わりを願うように</c><1></c>"
00:00:32.816,00:00:33.050,-1,-1,"<1></c><3>絶</c><2>望の終わりを願うように</c><1></c>"
00:00:33.050,00:00:33.450,-1,0,"<1></c><3>ぜつ</c><2>ぼうのおわりをねがうように</c><1></c>"
00:00:33.050,00:00:33.450,-1,0,"<1></c><3>ぜつ</c><2>ぼうのおわりをねがうように</c><1></c>"
00:00:33.050,00:00:33.450,-1,-1,"<1></c><3>絶</c><2>望の終わりを願うように</c><1></c>"
00:00:33.050,00:00:33.450,-1,-1,"<1></c><3>絶</c><2>望の終わりを願うように</c><1></c>"
00:00:33.450,00:00:33.650,-1,0,"<1></c><3>ぜつぼ</c><2>うのおわりをねがうように</c><1></c>"
00:00:33.450,00:00:33.650,-1,0,"<1></c><3>ぜつぼ</c><2>うのおわりをねがうように</c><1></c>"
00:00:33.450,00:00:33.650,-1,-1,"<1></c><3>絶望</c><2>の終わりを願うように</c><1></c>"
00:00:33.450,00:00:33.650,-1,-1,"<1></c><3>絶望</c><2>の終わりを願うように</c><1></c>"
00:00:33.650,00:00:33.984,-1,0,"<1></c><3>ぜつぼう</c><2>のおわりをねがうように</c><1></c>"
00:00:33.650,00:00:33.984,-1,0,"<1></c><3>ぜつぼう</c><2>のおわりをねがうように</c><1></c>"
00:00:33.650,00:00:33.984,-1,-1,"<1></c><3>絶望</c><2>の終わりを願うように</c><1></c>"
00:00:33.650,00:00:33.984,-1,-1,"<1></c><3>絶望</c><2>の終わりを願うように</c><1></c>"
00:00:33.984,00:00:34.284,-1,0,"<1></c><3>ぜつぼうの</c><2>おわりをねがうように</c><1></c>"
00:00:33.984,00:00:34.284,-1,0,"<1></c><3>ぜつぼうの</c><2>おわりをねがうように</c><1></c>"
00:00:33.984,00:00:34.284,-1,-1,"<1></c><3>絶望の</c><2>終わりを願うように</c><1></c>"
00:00:33.984,00:00:34.284,-1,-1,"<1></c><3>絶望の</c><2>終わりを願うように</c><1></c>"
00:00:34.284,00:00:34.651,-1,0,"<1></c><3>ぜつぼうのお</c><2>わりをねがうように</c><1></c>"
00:00:34.284,00:00:34.651,-1,0,"<1></c><3>ぜつぼうのお</c><2>わりをねがうように</c><1></c>"
00:00:34.284,00:00:34.651,-1,-1,"<1></c><3>絶望の終</c><2>わりを願うように</c><1></c>"
00:00:34.284,00:00:34.651,-1,-1,"<1></c><3>絶望の終</c><2>わりを願うように</c><1></c>"
00:00:34.651,00:00:34.985,-1,0,"<1></c><3>ぜつぼうのおわ</c><2>りをねがうように</c><1></c>"
00:00:34.651,00:00:34.985,-1,0,"<1></c><3>ぜつぼうのおわ</c><2>りをねがうように</c><1></c>"
00:00:34.651,00:00:34.985,-1,-1,"<1></c><3>絶望の終わ</c><2>りを願うように</c><1></c>"
00:00:34.651,00:00:34.985,-1,-1,"<1></c><3>絶望の終わ</c><2>りを願うように</c><1></c>"
00:00:34.985,00:00:35.319,-1,0,"<1></c><3>ぜつぼうのおわり</c><2>をねがうように</c><1></c>"
00:00:34.985,00:00:35.319,-1,0,"<1></c><3>ぜつぼうのおわり</c><2>をねがうように</c><1></c>"
00:00:34.985,00:00:35.319,-1,-1,"<1></c><3>絶望の終わり</c><2>を願うように</c><1></c>"
00:00:34.985,00:00:35.319,-1,-1,"<1></c><3>絶望の終わり</c><2>を願うように</c><1></c>"
00:00:35.319,00:00:35.686,-1,0,"<1></c><3>ぜつぼうのおわりを</c><2>ねがうように</c><1></c>"
00:00:35.319,00:00:35.686,-1,0,"<1></c><3>ぜつぼうのおわりを</c><2>ねがうように</c><1></c>"
00:00:35.319,00:00:35.686,-1,-1,"<1></c><3>絶望の終わりを</c><2>願うように</c><1></c>"
00:00:35.319,00:00:35.686,-1,-1,"<1></c><3>絶望の終わりを</c><2>願うように</c><1></c>"
00:00:35.686,00:00:36.186,-1,0,"<1></c><3>ぜつぼうのおわりをね</c><2>がうように</c><1></c>"
00:00:35.686,00:00:36.186,-1,0,"<1></c><3>ぜつぼうのおわりをね</c><2>がうように</c><1></c>"
00:00:35.686,00:00:36.186,-1,-1,"<1></c><3>絶望の終わりを願</c><2>うように</c><1></c>"
00:00:35.686,00:00:36.186,-1,-1,"<1></c><3>絶望の終わりを願</c><2>うように</c><1></c>"
00:00:36.186,00:00:36.387,-1,0,"<1></c><3>ぜつぼうのおわりをねが</c><2>うように</c><1></c>"
00:00:36.186,00:00:36.387,-1,0,"<1></c><3>ぜつぼうのおわりをねが</c><2>うように</c><1></c>"
00:00:36.186,00:00:36.387,-1,-1,"<1></c><3>絶望の終わりを願</c><2>うように</c><1></c>"
00:00:36.186,00:00:36.387,-1,-1,"<1></c><3>絶望の終わりを願</c><2>うように</c><1></c>"
00:00:36.387,00:00:36.720,-1,0,"<1></c><3>ぜつぼうのおわりをねがう</c><2>ように</c><1></c>"
00:00:36.387,00:00:36.720,-1,0,"<1></c><3>ぜつぼうのおわりをねがう</c><2>ように</c><1></c>"
00:00:36.387,00:00:36.720,-1,-1,"<1></c><3>絶望の終わりを願う</c><2>ように</c><1></c>"
00:00:36.387,00:00:36.720,-1,-1,"<1></c><3>絶望の終わりを願う</c><2>ように</c><1></c>"
00:00:36.720,00:00:36.854,-1,0,"<1></c><3>ぜつぼうのおわりをねがうよ</c><2>うに</c><1></c>"
00:00:36.720,00:00:36.854,-1,0,"<1></c><3>ぜつぼうのおわりをねがうよ</c><2>うに</c><1></c>"
00:00:36.720,00:00:36.854,-1,-1,"<1></c><3>絶望の終わりを願うよ</c><2>うに</c><1></c>"
00:00:36.720,00:00:36.854,-1,-1,"<1></c><3>絶望の終わりを願うよ</c><2>うに</c><1></c>"
00:00:36.854,00:00:37.054,-1,0,"<1></c><3>ぜつぼうのおわりをねがうよう</c><2>に</c><1></c>"
00:00:36.854,00:00:37.054,-1,0,"<1></c><3>ぜつぼうのおわりをねがうよう</c><2>に</c><1></c>"
00:00:36.854,00:00:37.054,-1,-1,"<1></c><3>絶望の終わりを願うよう</c><2>に</c><1></c>"
00:00:36.854,00:00:37.054,-1,-1,"<1></c><3>絶望の終わりを願うよう</c><2>に</c><1></c>"
00:00:37.054,00:00:37.888,-1,0,"<1></c><3>ぜつぼうのおわりをねがうように</c><1></c>"
00:00:37.054,00:00:37.888,-1,0,"<1></c><3>ぜつぼうのおわりをねがうように</c><1></c>"
00:00:37.054,00:00:37.888,-1,-1,"<1></c><3>絶望の終わりを願うように</c><1></c>"
00:00:37.054,00:00:37.888,-1,-1,"<1></c><3>絶望の終わりを願うように</c><1></c>"
00:00:37.888,00:00:38.055,-1,0,"<1></c><3>こ</c><2>こにいるようたっているよ</c><1></c>"
00:00:37.888,00:00:38.055,-1,0,"<1></c><3>こ</c><2>こにいるようたっているよ</c><1></c>"
00:00:37.888,00:00:38.055,-1,-1,"<1></c><3>こ</c><2>こにいるよ　歌っているよ</c><1></c>"
00:00:37.888,00:00:38.055,-1,-1,"<1></c><3>こ</c><2>こにいるよ　歌っているよ</c><1></c>"
00:00:38.055,00:00:38.222,-1,0,"<1></c><3>ここ</c><2>にいるようたっているよ</c><1></c>"
00:00:38.055,00:00:38.222,-1,0,"<1></c><3>ここ</c><2>にいるようたっているよ</c><1></c>"
00:00:38.055,00:00:38.222,-1,-1,"<1></c><3>ここ</c><2>にいるよ　歌っているよ</c><1></c>"
00:00:38.055,00:00:38.222,-1,-1,"<1></c><3>ここ</c><2>にいるよ　歌っているよ</c><1></c>"
00:00:38.222,00:00:38.589,-1,0,"<1></c><3>ここに</c><2>いるようたっているよ</c><1></c>"
00:00:38.222,00:00:38.589,-1,0,"<1></c><3>ここに</c><2>いるようたっているよ</c><1></c>"
00:00:38.222,00:00:38.589,-1,-1,"<1></c><3>ここに</c><2>いるよ　歌っているよ</c><1></c>"
00:00:38.222,00:00:38.589,-1,-1,"<1></c><3>ここに</c><2>いるよ　歌っているよ</c><1></c>"
00:00:38.589,00:00:39.189,-1,0,"<1></c><3>ここにい</c><2>るようたっているよ</c><1></c>"
00:00:38.589,00:00:39.189,-1,0,"<1></c><3>ここにい</c><2>るようたっているよ</c><1></c>"
00:00:38.589,00:00:39.189,-1,-1,"<1></c><3>ここにい</c><2>るよ　歌っているよ</c><1></c>"
00:00:38.589,00:00:39.189,-1,-1,"<1></c><3>ここにい</c><2>るよ　歌っているよ</c><1></c>"
00:00:39.189,00:00:39.623,-1,0,"<1></c><3>ここにいる</c><2>ようたっているよ</c><1></c>"
00:00:39.189,00:00:39.623,-1,0,"<1></c><3>ここにいる</c><2>ようたっているよ</c><1></c>"
00:00:39.189,00:00:39.623,-1,-1,"<1></c><3>ここにいる</c><2>よ　歌っているよ</c><1></c>"
00:00:39.189,00:00:39.623,-1,-1,"<1></c><3>ここにいる</c><2>よ　歌っているよ</c><1></c>"
00:00:39.623,00:00:40.657,-1,0,"<1></c><3>ここにいるよ</c><2>うたっているよ</c><1></c>"
00:00:39.623,00:00:40.657,-1,0,"<1></c><3>ここにいるよ</c><2>うたっているよ</c><1></c>"
00:00:39.623,00:00:40.657,-1,-1,"<1></c><3>ここにいるよ　</c><2>歌っているよ</c><1></c>"
00:00:39.623,00:00:40.657,-1,-1,"<1></c><3>ここにいるよ　</c><2>歌っているよ</c><1></c>"
00:00:40.657,00:00:41.025,-1,0,"<1></c><3>ここにいるよう</c><2>たっているよ</c><1></c>"
00:00:40.657,00:00:41.025,-1,0,"<1></c><3>ここにいるよう</c><2>たっているよ</c><1></c>"
00:00:40.657,00:00:41.025,-1,-1,"<1></c><3>ここにいるよ　歌っ</c><2>ているよ</c><1></c>"
00:00:40.657,00:00:41.025,-1,-1,"<1></c><3>ここにいるよ　歌っ</c><2>ているよ</c><1></c>"
00:00:41.025,00:00:41.358,-1,0,"<1></c><3>ここにいるようたっ</c><2>ているよ</c><1></c>"
00:00:41.025,00:00:41.358,-1,0,"<1></c><3>ここにいるようたっ</c><2>ているよ</c><1></c>"
00:00:41.025,00:00:41.358,-1,-1,"<1></c><3>ここにいるよ　歌っ</c><2>ているよ</c><1></c>"
00:00:41.025,00:00:41.358,-1,-1,"<1></c><3>ここにいるよ　歌っ</c><2>ているよ</c><1></c>"
00:00:41.358,00:00:41.692,-1,0,"<1></c><3>ここにいるようたって</c><2>いるよ</c><1></c>"
00:00:41.358,00:00:41.692,-1,0,"<1></c><3>ここにいるようたって</c><2>いるよ</c><1></c>"
00:00:41.358,00:00:41.692,-1,-1,"<1></c><3>ここにいるよ　歌って</c><2>いるよ</c><1></c>"
00:00:41.358,00:00:41.692,-1,-1,"<1></c><3>ここにいるよ　歌って</c><2>いるよ</c><1></c>"
00:00:41.692,00:00:41.859,-1,0,"<1></c><3>ここにいるようたってい</c><2>るよ</c><1></c>"
00:00:41.692,00:00:41.859,-1,0,"<1></c><3>ここにいるようたってい</c><2>るよ</c><1></c>"
00:00:41.692,00:00:41.859,-1,-1,"<1></c><3>ここにいるよ　歌ってい</c><2>るよ</c><1></c>"
00:00:41.692,00:00:41.859,-1,-1,"<1></c><3>ここにいるよ　歌ってい</c><2>るよ</c><1></c>"
00:00:41.859,00:00:42.393,-1,0,"<1></c><3>ここにいるようたっている</c><2>よ</c><1></c>"
00:00:41.859,00:00:42.393,-1,0,"<1></c><3>ここにいるようたっている</c><2>よ</c><1></c>"
00:00:41.859,00:00:42.393,-1,-1,"<1></c><3>ここにいるよ　歌っている</c><2>よ</c><1></c>"
00:00:41.859,00:00:42.393,-1,-1,"<1></c><3>ここにいるよ　歌っている</c><2>よ</c><1></c>"
00:00:42.393,00:00:43.794,-1,0,"<1></c><3>ここにいるようたっているよ</c><1></c>"
00:00:42.393,00:00:43.794,-1,0,"<1></c><3>ここにいるようたっているよ</c><1></c>"
00:00:42.393,00:00:43.794,-1,-1,"<1></c><3>ここにいるよ　歌っているよ</c><1></c>"
00:00:42.393,00:00:43.794,-1,-1,"<1></c><3>ここにいるよ　歌っているよ</c><1></c>"
00:00:43.794,00:00:44.128,-1,0,"<1></c><3>よ</c><2>あけのはてを</c><1></c>"
00:00:43.794,00:00:44.128,-1,0,"<1></c><3>よ</c><2>あけのはてを</c><1></c>"
00:00:43.794,00:00:44.128,-1,-1,"<1></c><3>夜</c><2>明けの果てを</c><1></c>"
00:00:43.794,00:00:44.128,-1,-1,"<1></c><3>夜</c><2>明けの果てを</c><1></c>"
00:00:44.128,00:00:44.461,-1,0,"<1></c><3>よあ</c><2>けのはてを</c><1></c>"
00:00:44.128,00:00:44.461,-1,0,"<1></c><3>よあ</c><2>けのはてを</c><1></c>"
00:00:44.128,00:00:44.461,-1,-1,"<1></c><3>夜明</c><2>けの果てを</c><1></c>"
00:00:44.128,00:00:44.461,-1,-1,"<1></c><3>夜明</c><2>けの果てを</c><1></c>"
00:00:44.461,00:00:44.862,-1,0,"<1></c><3>よあけ</c><2>のはてを</c><1></c>"
00:00:44.461,00:00:44.862,-1,0,"<1></c><3>よあけ</c><2>のはてを</c><1></c>"
00:00:44.461,00:00:44.862,-1,-1,"<1></c><3>夜明け</c><2>の果てを</c><1></c>"
00:00:44.461,00:00:44.862,-1,-1,"<1></c><3>夜明け</c><2>の果てを</c><1></c>"
00:00:44.862,00:00:45.195,-1,0,"<1></c><3>よあけの</c><2>はてを</c><1></c>"
00:00:44.862,00:00:45.195,-1,0,"<1></c><3>よあけの</c><2>はてを</c><1></c>"
00:00:44.862,00:00:45.195,-1,-1,"<1></c><3>夜明けの</c><2>果てを</c><1></c>"
00:00:44.862,00:00:45.195,-1,-1,"<1></c><3>夜明けの</c><2>果てを</c><1></c>"
00:00:45.195,00:00:45.829,-1,0,"<1></c><3>よあけのは</c><2>てを</c><1></c>"
00:00:45.195,00:00:45.829,-1,0,"<1></c><3>よあけのは</c><2>てを</c><1></c>"
00:00:45.195,00:00:45.829,-1,-1,"<1></c><3>夜明けの果</c><2>てを</c><1></c>"
00:00:45.195,00:00:45.829,-1,-1,"<1></c><3>夜明けの果</c><2>てを</c><1></c>"
00:00:45.829,00:00:46.530,-1,0,"<1></c><3>よあけのはて</c><2>を</c><1></c>"
00:00:45.829,00:00:46.530,-1,0,"<1></c><3>よあけのはて</c><2>を</c><1></c>"
00:00:45.829,00:00:46.530,-1,-1,"<1></c><3>夜明けの果て</c><2>を</c><1></c>"
00:00:45.829,00:00:46.530,-1,-1,"<1></c><3>夜明けの果て</c><2>を</c><1></c>"
00:00:46.530,00:00:47.898,-1,0,"<1></c><3>よあけのはてを</c><1></c>"
00:00:46.530,00:00:47.898,-1,0,"<1></c><3>よあけのはてを</c><1></c>"
00:00:46.530,00:00:47.898,-1,-1,"<1></c><3>夜明けの果てを</c><1></c>"
00:00:46.530,00:00:47.898,-1,-1,"<1></c><3>夜明けの果てを</c><1></c>"
00:00:49.433,00:00:49.633,64,0,"<1></c><3>こ</c><2>ぼれおちたたそがれ</c><3>＜ラグナロク＞</c><2>のえれじーこーる</c><1></c>"
00:00:49.433,00:00:49.633,64,0,"<1></c><3>こ</c><2>ぼれおちたたそがれ</c><3>＜ラグナロク＞</c><2>のえれじーこーる</c><1></c>"
00:00:49.433,00:00:49.633,-1,-1,"<1></c><3>零</c><2>れ落ちた黄昏のエレジーコール</c><1></c>"
00:00:49.433,00:00:49.633,-1,-1,"<1></c><3>零</c><2>れ落ちた黄昏のエレジーコール</c><1></c>"
00:00:49.633,00:00:49.967,64,0,"<1></c><3>こぼ</c><2>れおちたたそがれ</c><3>＜ラグナロク＞</c><2>のえれじーこーる</c><1></c>"
00:00:49.633,00:00:49.967,64,0,"<1></c><3>こぼ</c><2>れおちたたそがれ</c><3>＜ラグナロク＞</c><2>のえれじーこーる</c><1></c>"
00:00:49.633,00:00:49.967,-1,-1,"<1></c><3>零</c><2>れ落ちた黄昏のエレジーコール</c><1></c>"
00:00:49.633,00:00:49.967,-1,-1,"<1></c><3>零</c><2>れ落ちた黄昏のエレジーコール</c><1></c>"
00:00:49.967,00:00:50.134,64,0,"<1></c><3>こぼれ</c><2>おちたたそがれ</c><3>＜ラグナロク＞</c><2>のえれじーこーる</c><1></c>"
00:00:49.967,00:00:50.134,64,0,"<1></c><3>こぼれ</c><2>おちたたそがれ</c><3>＜ラグナロク＞</c><2>のえれじーこーる</c><1></c>"
00:00:49.967,00:00:50.134,-1,-1,"<1></c><3>零れ</c><2>落ちた黄昏のエレジーコール</c><1></c>"
00:00:49.967,00:00:50.134,-1,-1,"<1></c><3>零れ</c><2>落ちた黄昏のエレジーコール</c><1></c>"
00:00:50.134,00:00:50.467,64,0,"<1></c><3>こぼれお</c><2>ちたたそがれ</c><3>＜ラグナロク＞</c><2>のえれじーこーる</c><1></c>"
00:00:50.134,00:00:50.467,64,0,"<1></c><3>こぼれお</c><2>ちたたそがれ</c><3>＜ラグナロク＞</c><2>のえれじーこーる</c><1></c>"
00:00:50.134,00:00:50.467,-1,-1,"<1></c><3>零れ落</c><2>ちた黄昏のエレジーコール</c><1></c>"
00:00:50.134,00:00:50.467,-1,-1,"<1></c><3>零れ落</c><2>ちた黄昏のエレジーコール</c><1></c>"
00:00:50.467,00:00:50.834,64,0,"<1></c><3>こぼれおち</c><2>たたそがれ</c><3>＜ラグナロク＞</c><2>のえれじーこーる</c><1></c>"
00:00:50.467,00:00:50.834,64,0,"<1></c><3>こぼれおち</c><2>たたそがれ</c><3>＜ラグナロク＞</c><2>のえれじーこーる</c><1></c>"
00:00:50.467,00:00:50.834,-1,-1,"<1></c><3>零れ落ち</c><2>た黄昏のエレジーコール</c><1></c>"
00:00:50.467,00:00:50.834,-1,-1,"<1></c><3>零れ落ち</c><2>た黄昏のエレジーコール</c><1></c>"
00:00:50.834,00:00:51.668,64,0,"<1></c><3>こぼれおちた</c><2>たそがれ</c><3>＜ラグナロク＞</c><2>のえれじーこーる</c><1></c>"
00:00:50.834,00:00:51.668,64,0,"<1></c><3>こぼれおちた</c><2>たそがれ</c><3>＜ラグナロク＞</c><2>のえれじーこーる</c><1></c>"
00:00:50.834,00:00:51.668,-1,-1,"<1></c><3>零れ落ちた</c><2>黄昏のエレジーコール</c><1></c>"
00:00:50.834,00:00:51.668,-1,-1,"<1></c><3>零れ落ちた</c><2>黄昏のエレジーコール</c><1></c>"
00:00:51.668,00:00:51.869,64,0,"<1></c><3>こぼれおちたた</c><2>そがれ</c><3>＜ラグナロク＞</c><2>のえれじーこーる</c><1></c>"
00:00:51.668,00:00:51.869,64,0,"<1></c><3>こぼれおちたた</c><2>そがれ</c><3>＜ラグナロク＞</c><2>のえれじーこーる</c><1></c>"
00:00:51.668,00:00:51.869,-1,-1,"<1></c><3>零れ落ちた黄</c><2>昏のエレジーコール</c><1></c>"
00:00:51.668,00:00:51.869,-1,-1,"<1></c><3>零れ落ちた黄</c><2>昏のエレジーコール</c><1></c>"
00:00:51.869,00:00:52.036,64,0,"<1></c><3>こぼれおちたたそ</c><2>がれ</c><3>＜ラグナロク＞</c><2>のえれじーこーる</c><1></c>"
00:00:51.869,00:00:52.036,64,0,"<1></c><3>こぼれおちたたそ</c><2>がれ</c><3>＜ラグナロク＞</c><2>のえれじーこーる</c><1></c>"
00:00:51.869,00:00:52.036,-1,-1,"<1></c><3>零れ落ちた黄</c><2>昏のエレジーコール</c><1></c>"
00:00:51.869,00:00:52.036,-1,-1,"<1></c><3>零れ落ちた黄</c><2>昏のエレジーコール</c><1></c>"
00:00:52.036,00:00:52.202,64,0,"<1></c><3>こぼれおちたたそが</c><2>れ</c><3>＜ラグナロク＞</c><2>のえれじーこーる</c><1></c>"
00:00:52.036,00:00:52.202,64,0,"<1></c><3>こぼれおちたたそが</c><2>れ</c><3>＜ラグナロク＞</c><2>のえれじーこーる</c><1></c>"
00:00:52.036,00:00:52.202,-1,-1,"<1></c><3>零れ落ちた黄昏</c><2>のエレジーコール</c><1></c>"
00:00:52.036,00:00:52.202,-1,-1,"<1></c><3>零れ落ちた黄昏</c><2>のエレジーコール</c><1></c>"
00:00:52.202,00:00:52.703,61,0,"<1></c><3>こぼれおちたたそがれ＜ラグナロク＞</c><2>のえれじーこーる</c><1></c>"
00:00:52.202,00:00:52.703,61,0,"<1></c><3>こぼれおちたたそがれ＜ラグナロク＞</c><2>のえれじーこーる</c><1></c>"
00:00:52.202,00:00:52.703,-1,-1,"<1></c><3>零れ落ちた黄昏</c><2>のエレジーコール</c><1></c>"
00:00:52.202,00:00:52.703,-1,-1,"<1></c><3>零れ落ちた黄昏</c><2>のエレジーコール</c><1></c>"
00:00:52.703,00:00:52.903,61,0,"<1></c><3>こぼれおちたたそがれ＜ラグナロク＞の</c><2>えれじーこーる</c><1></c>"
00:00:52.703,00:00:52.903,61,0,"<1></c><3>こぼれおちたたそがれ＜ラグナロク＞の</c><2>えれじーこーる</c><1></c>"
00:00:52.703,00:00:52.903,-1,-1,"<1></c><3>零れ落ちた黄昏の</c><2>エレジーコール</c><1></c>"
00:00:52.703,00:00:52.903,-1,-1,"<1></c><3>零れ落ちた黄昏の</c><2>エレジーコール</c><1></c>"
00:00:52.903,00:00:53.270,61,0,"<1></c><3>こぼれおちたたそがれ＜ラグナロク＞のえ</c><2>れじーこーる</c><1></c>"
00:00:52.903,00:00:53.270,61,0,"<1></c><3>こぼれおちたたそがれ＜ラグナロク＞のえ</c><2>れじーこーる</c><1></c>"
00:00:52.903,00:00:53.270,-1,-1,"<1></c><3>零れ落ちた黄昏のエ</c><2>レジーコール</c><1></c>"
00:00:52.903,00:00:53.270,-1,-1,"<1></c><3>零れ落ちた黄昏のエ</c><2>レジーコール</c><1></c>"
00:00:53.270,00:00:53.604,61,0,"<1></c><3>こぼれおちたたそがれ＜ラグナロク＞のえれ</c><2>じーこーる</c><1></c>"
00:00:53.270,00:00:53.604,61,0,"<1></c><3>こぼれおちたたそがれ＜ラグナロク＞のえれ</c><2>じーこーる</c><1></c>"
00:00:53.270,00:00:53.604,-1,-1,"<1></c><3>零れ落ちた黄昏のエレ</c><2>ジーコール</c><1></c>"
00:00:53.270,00:00:53.604,-1,-1,"<1></c><3>零れ落ちた黄昏のエレ</c><2>ジーコール</c><1></c>"
00:00:53.604,00:00:54.271,61,0,"<1></c><3>こぼれおちたたそがれ＜ラグナロク＞のえれじー</c><2>こーる</c><1></c>"
00:00:53.604,00:00:54.271,61,0,"<1></c><3>こぼれおちたたそがれ＜ラグナロク＞のえれじー</c><2>こーる</c><1></c>"
00:00:53.604,00:00:54.271,-1,-1,"<1></c><3>零れ落ちた黄昏のエレジー</c><2>コール</c><1></c>"
00:00:53.604,00:00:54.271,-1,-1,"<1></c><3>零れ落ちた黄昏のエレジー</c><2>コール</c><1></c>"
00:00:54.271,00:00:54.371,61,0,"<1></c><3>こぼれおちたたそがれ＜ラグナロク＞のえれじーこ</c><2>ーる</c><1></c>"
00:00:54.271,00:00:54.371,61,0,"<1></c><3>こぼれおちたたそがれ＜ラグナロク＞のえれじーこ</c><2>ーる</c><1></c>"
00:00:54.271,00:00:54.371,-1,-1,"<1></c><3>零れ落ちた黄昏のエレジーコ</c><2>ール</c><1></c>"
00:00:54.271,00:00:54.371,-1,-1,"<1></c><3>零れ落ちた黄昏のエレジーコ</c><2>ール</c><1></c>"
00:00:54.371,00:00:54.471,61,0,"<1></c><3>こぼれおちたたそがれ＜ラグナロク＞のえれじーこー</c><2>る</c><1></c>"
00:00:54.371,00:00:54.471,61,0,"<1></c><3>こぼれおちたたそがれ＜ラグナロク＞のえれじーこー</c><2>る</c><1></c>"
00:00:54.371,00:00:54.471,-1,-1,"<1></c><3>零れ落ちた黄昏のエレジーコー</c><2>ル</c><1></c>"
00:00:54.371,00:00:54.471,-1,-1,"<1></c><3>零れ落ちた黄昏のエレジーコー</c><2>ル</c><1></c>"
00:00:54.471,00:00:54.972,61,0,"<1></c><3>こぼれおちたたそがれ＜ラグナロク＞のえれじーこーる</c><1></c>"
00:00:54.471,00:00:54.972,61,0,"<1></c><3>こぼれおちたたそがれ＜ラグナロク＞のえれじーこーる</c><1></c>"
00:00:54.471,00:00:54.972,-1,-1,"<1></c><3>零れ落ちた黄昏のエレジーコール</c><1></c>"
00:00:54.471,00:00:54.972,-1,-1,"<1></c><3>零れ落ちた黄昏のエレジーコール</c><1></c>"
00:00:54.972,00:00:55.172,-1,0,"<1></c><3>こ</c><2>ごえたかことなみだにさよなら</c><1></c>"
00:00:54.972,00:00:55.172,-1,0,"<1></c><3>こ</c><2>ごえたかことなみだにさよなら</c><1></c>"
00:00:54.972,00:00:55.172,-1,-1,"<1></c><3>凍</c><2>えた過去と涙にさよなら</c><1></c>"
00:00:54.972,00:00:55.172,-1,-1,"<1></c><3>凍</c><2>えた過去と涙にさよなら</c><1></c>"
00:00:55.172,00:00:55.339,-1,0,"<1></c><3>こご</c><2>えたかことなみだにさよなら</c><1></c>"
00:00:55.172,00:00:55.339,-1,0,"<1></c><3>こご</c><2>えたかことなみだにさよなら</c><1></c>"
00:00:55.172,00:00:55.339,-1,-1,"<1></c><3>凍</c><2>えた過去と涙にさよなら</c><1></c>"
00:00:55.172,00:00:55.339,-1,-1,"<1></c><3>凍</c><2>えた過去と涙にさよなら</c><1></c>"
00:00:55.339,00:00:55.506,-1,0,"<1></c><3>こごえ</c><2>たかことなみだにさよなら</c><1></c>"
00:00:55.339,00:00:55.506,-1,0,"<1></c><3>こごえ</c><2>たかことなみだにさよなら</c><1></c>"
00:00:55.339,00:00:55.506,-1,-1,"<1></c><3>凍え</c><2>た過去と涙にさよなら</c><1></c>"
00:00:55.339,00:00:55.506,-1,-1,"<1></c><3>凍え</c><2>た過去と涙にさよなら</c><1></c>"
00:00:55.506,00:00:55.672,-1,0,"<1></c><3>こごえた</c><2>かことなみだにさよなら</c><1></c>"
00:00:55.506,00:00:55.672,-1,0,"<1></c><3>こごえた</c><2>かことなみだにさよなら</c><1></c>"
00:00:55.506,00:00:55.672,-1,-1,"<1></c><3>凍えた</c><2>過去と涙にさよなら</c><1></c>"
00:00:55.506,00:00:55.672,-1,-1,"<1></c><3>凍えた</c><2>過去と涙にさよなら</c><1></c>"
00:00:55.672,00:00:56.006,-1,0,"<1></c><3>こごえたか</c><2>ことなみだにさよなら</c><1></c>"
00:00:55.672,00:00:56.006,-1,0,"<1></c><3>こごえたか</c><2>ことなみだにさよなら</c><1></c>"
00:00:55.672,00:00:56.006,-1,-1,"<1></c><3>凍えた過</c><2>去と涙にさよなら</c><1></c>"
00:00:55.672,00:00:56.006,-1,-1,"<1></c><3>凍えた過</c><2>去と涙にさよなら</c><1></c>"
00:00:56.006,00:00:56.373,-1,0,"<1></c><3>こごえたかこ</c><2>となみだにさよなら</c><1></c>"
00:00:56.006,00:00:56.373,-1,0,"<1></c><3>こごえたかこ</c><2>となみだにさよなら</c><1></c>"
00:00:56.006,00:00:56.373,-1,-1,"<1></c><3>凍えた過去</c><2>と涙にさよなら</c><1></c>"
00:00:56.006,00:00:56.373,-1,-1,"<1></c><3>凍えた過去</c><2>と涙にさよなら</c><1></c>"
00:00:56.373,00:00:57.207,-1,0,"<1></c><3>こごえたかこと</c><2>なみだにさよなら</c><1></c>"
00:00:56.373,00:00:57.207,-1,0,"<1></c><3>こごえたかこと</c><2>なみだにさよなら</c><1></c>"
00:00:56.373,00:00:57.207,-1,-1,"<1></c><3>凍えた過去と</c><2>涙にさよなら</c><1></c>"
00:00:56.373,00:00:57.207,-1,-1,"<1></c><3>凍えた過去と</c><2>涙にさよなら</c><1></c>"
00:00:57.207,00:00:57.408,-1,0,"<1></c><3>こごえたかことな</c><2>みだにさよなら</c><1></c>"
00:00:57.207,00:00:57.408,-1,0,"<1></c><3>こごえたかことな</c><2>みだにさよなら</c><1></c>"
00:00:57.207,00:00:57.408,-1,-1,"<1></c><3>凍えた過去と涙</c><2>にさよなら</c><1></c>"
00:00:57.207,00:00:57.408,-1,-1,"<1></c><3>凍えた過去と涙</c><2>にさよなら</c><1></c>"
00:00:57.408,00:00:57.541,-1,0,"<1></c><3>こごえたかことなみ</c><2>だにさよなら</c><1></c>"
00:00:57.408,00:00:57.541,-1,0,"<1></c><3>こごえたかことなみ</c><2>だにさよなら</c><1></c>"
00:00:57.408,00:00:57.541,-1,-1,"<1></c><3>凍えた過去と涙</c><2>にさよなら</c><1></c>"
00:00:57.408,00:00:57.541,-1,-1,"<1></c><3>凍えた過去と涙</c><2>にさよなら</c><1></c>"
00:00:57.541,00:00:57.741,-1,0,"<1></c><3>こごえたかことなみだ</c><2>にさよなら</c><1></c>"
00:00:57.541,00:00:57.741,-1,0,"<1></c><3>こごえたかことなみだ</c><2>にさよなら</c><1></c>"
00:00:57.541,00:00:57.741,-1,-1,"<1></c><3>凍えた過去と涙</c><2>にさよなら</c><1></c>"
00:00:57.541,00:00:57.741,-1,-1,"<1></c><3>凍えた過去と涙</c><2>にさよなら</c><1></c>"
00:00:57.741,00:00:58.242,-1,0,"<1></c><3>こごえたかことなみだに</c><2>さよなら</c><1></c>"
00:00:57.741,00:00:58.242,-1,0,"<1></c><3>こごえたかことなみだに</c><2>さよなら</c><1></c>"
00:00:57.741,00:00:58.242,-1,-1,"<1></c><3>凍えた過去と涙に</c><2>さよなら</c><1></c>"
00:00:57.741,00:00:58.242,-1,-1,"<1></c><3>凍えた過去と涙に</c><2>さよなら</c><1></c>"
00:00:58.242,00:00:58.442,-1,0,"<1></c><3>こごえたかことなみだにさ</c><2>よなら</c><1></c>"
00:00:58.242,00:00:58.442,-1,0,"<1></c><3>こごえたかことなみだにさ</c><2>よなら</c><1></c>"
00:00:58.242,00:00:58.442,-1,-1,"<1></c><3>凍えた過去と涙にさ</c><2>よなら</c><1></c>"
00:00:58.242,00:00:58.442,-1,-1,"<1></c><3>凍えた過去と涙にさ</c><2>よなら</c><1></c>"
00:00:58.442,00:00:58.776,-1,0,"<1></c><3>こごえたかことなみだにさよ</c><2>なら</c><1></c>"
00:00:58.442,00:00:58.776,-1,0,"<1></c><3>こごえたかことなみだにさよ</c><2>なら</c><1></c>"
00:00:58.442,00:00:58.776,-1,-1,"<1></c><3>凍えた過去と涙にさよ</c><2>なら</c><1></c>"
00:00:58.442,00:00:58.776,-1,-1,"<1></c><3>凍えた過去と涙にさよ</c><2>なら</c><1></c>"
00:00:58.776,00:00:59.109,-1,0,"<1></c><3>こごえたかことなみだにさよな</c><2>ら</c><1></c>"
00:00:58.776,00:00:59.109,-1,0,"<1></c><3>こごえたかことなみだにさよな</c><2>ら</c><1></c>"
00:00:58.776,00:00:59.109,-1,-1,"<1></c><3>凍えた過去と涙にさよな</c><2>ら</c><1></c>"
00:00:58.776,00:00:59.109,-1,-1,"<1></c><3>凍えた過去と涙にさよな</c><2>ら</c><1></c>"
00:00:59.109,00:00:59.910,-1,0,"<1></c><3>こごえたかことなみだにさよなら</c><1></c>"
00:00:59.109,00:00:59.910,-1,0,"<1></c><3>こごえたかことなみだにさよなら</c><1></c>"
00:00:59.109,00:00:59.910,-1,-1,"<1></c><3>凍えた過去と涙にさよなら</c><1></c>"
00:00:59.109,00:00:59.910,-1,-1,"<1></c><3>凍えた過去と涙にさよなら</c><1></c>"
00:00:59.910,00:01:00.077,-1,0,"<1></c><3>き</c><2>っとDespairはれるようにうたうから</c><1></c>"
00:00:59.910,00:01:00.077,-1,0,"<1></c><3>き</c><2>っとDespairはれるようにうたうから</c><1></c>"
00:00:59.910,00:01:00.077,-1,-1,"<1></c><3>き</c><2>っとDespair　晴れるように歌うから</c><1></c>"
00:00:59.910,00:01:00.077,-1,-1,"<1></c><3>き</c><2>っとDespair　晴れるように歌うから</c><1></c>"
00:01:00.077,00:01:00.310,-1,0,"<1></c><3>きっ</c><2>とDespairはれるようにうたうから</c><1></c>"
00:01:00.077,00:01:00.310,-1,0,"<1></c><3>きっ</c><2>とDespairはれるようにうたうから</c><1></c>"
00:01:00.077,00:01:00.310,-1,-1,"<1></c><3>きっ</c><2>とDespair　晴れるように歌うから</c><1></c>"
00:01:00.077,00:01:00.310,-1,-1,"<1></c><3>きっ</c><2>とDespair　晴れるように歌うから</c><1></c>"
00:01:00.310,00:01:00.644,-1,0,"<1></c><3>きっと</c><2>Despairはれるようにうたうから</c><1></c>"
00:01:00.310,00:01:00.644,-1,0,"<1></c><3>きっと</c><2>Despairはれるようにうたうから</c><1></c>"
00:01:00.310,00:01:00.644,-1,-1,"<1></c><3>きっと</c><2>Despair　晴れるように歌うから</c><1></c>"
00:01:00.310,00:01:00.644,-1,-1,"<1></c><3>きっと</c><2>Despair　晴れるように歌うから</c><1></c>"
00:01:00.644,00:01:01.178,-1,0,"<1></c><3>きっとDes</c><2>pairはれるようにうたうから</c><1></c>"
00:01:00.644,00:01:01.178,-1,0,"<1></c><3>きっとDes</c><2>pairはれるようにうたうから</c><1></c>"
00:01:00.644,00:01:01.178,-1,-1,"<1></c><3>きっとDes</c><2>pair　晴れるように歌うから</c><1></c>"
00:01:00.644,00:01:01.178,-1,-1,"<1></c><3>きっとDes</c><2>pair　晴れるように歌うから</c><1></c>"
00:01:01.178,00:01:01.812,-1,0,"<1></c><3>きっとDespair</c><2>はれるようにうたうから</c><1></c>"
00:01:01.178,00:01:01.812,-1,0,"<1></c><3>きっとDespair</c><2>はれるようにうたうから</c><1></c>"
00:01:01.178,00:01:01.812,-1,-1,"<1></c><3>きっとDespair　</c><2>晴れるように歌うから</c><1></c>"
00:01:01.178,00:01:01.812,-1,-1,"<1></c><3>きっとDespair　</c><2>晴れるように歌うから</c><1></c>"
00:01:01.812,00:01:02.046,-1,0,"<1></c><3>きっとDespairは</c><2>れるようにうたうから</c><1></c>"
00:01:01.812,00:01:02.046,-1,0,"<1></c><3>きっとDespairは</c><2>れるようにうたうから</c><1></c>"
00:01:01.812,00:01:02.046,-1,-1,"<1></c><3>きっとDespair　晴</c><2>れるように歌うから</c><1></c>"
00:01:01.812,00:01:02.046,-1,-1,"<1></c><3>きっとDespair　晴</c><2>れるように歌うから</c><1></c>"
00:01:02.046,00:01:02.379,-1,0,"<1></c><3>きっとDespairはれ</c><2>るようにうたうから</c><1></c>"
00:01:02.046,00:01:02.379,-1,0,"<1></c><3>きっとDespairはれ</c><2>るようにうたうから</c><1></c>"
00:01:02.046,00:01:02.379,-1,-1,"<1></c><3>きっとDespair　晴れ</c><2>るように歌うから</c><1></c>"
00:01:02.046,00:01:02.379,-1,-1,"<1></c><3>きっとDespair　晴れ</c><2>るように歌うから</c><1></c>"
00:01:02.379,00:01:02.746,-1,0,"<1></c><3>きっとDespairはれる</c><2>ようにうたうから</c><1></c>"
00:01:02.379,00:01:02.746,-1,0,"<1></c><3>きっとDespairはれる</c><2>ようにうたうから</c><1></c>"
00:01:02.379,00:01:02.746,-1,-1,"<1></c><3>きっとDespair　晴れる</c><2>ように歌うから</c><1></c>"
00:01:02.379,00:01:02.746,-1,-1,"<1></c><3>きっとDespair　晴れる</c><2>ように歌うから</c><1></c>"
00:01:02.746,00:01:02.913,-1,0,"<1></c><3>きっとDespairはれるよ</c><2>うにうたうから</c><1></c>"
00:01:02.746,00:01:02.913,-1,0,"<1></c><3>きっとDespairはれるよ</c><2>うにうたうから</c><1></c>"
00:01:02.746,00:01:02.913,-1,-1,"<1></c><3>きっとDespair　晴れるよ</c><2>うに歌うから</c><1></c>"
00:01:02.746,00:01:02.913,-1,-1,"<1></c><3>きっとDespair　晴れるよ</c><2>うに歌うから</c><1></c>"
00:01:02.913,00:01:03.080,-1,0,"<1></c><3>きっとDespairはれるよう</c><2>にうたうから</c><1></c>"
00:01:02.913,00:01:03.080,-1,0,"<1></c><3>きっとDespairはれるよう</c><2>にうたうから</c><1></c>"
00:01:02.913,00:01:03.080,-1,-1,"<1></c><3>きっとDespair　晴れるよう</c><2>に歌うから</c><1></c>"
00:01:02.913,00:01:03.080,-1,-1,"<1></c><3>きっとDespair　晴れるよう</c><2>に歌うから</c><1></c>"
00:01:03.080,00:01:03.447,-1,0,"<1></c><3>きっとDespairはれるように</c><2>うたうから</c><1></c>"
00:01:03.080,00:01:03.447,-1,0,"<1></c><3>きっとDespairはれるように</c><2>うたうから</c><1></c>"
00:01:03.080,00:01:03.447,-1,-1,"<1></c><3>きっとDespair　晴れるように</c><2>歌うから</c><1></c>"
00:01:03.080,00:01:03.447,-1,-1,"<1></c><3>きっとDespair　晴れるように</c><2>歌うから</c><1></c>"
00:01:03.447,00:01:03.947,-1,0,"<1></c><3>きっとDespairはれるようにう</c><2>たうから</c><1></c>"
00:01:03.447,00:01:03.947,-1,0,"<1></c><3>きっとDespairはれるようにう</c><2>たうから</c><1></c>"
00:01:03.447,00:01:03.947,-1,-1,"<1></c><3>きっとDespair　晴れるように歌</c><2>うから</c><1></c>"
00:01:03.447,00:01:03.947,-1,-1,"<1></c><3>きっとDespair　晴れるように歌</c><2>うから</c><1></c>"
00:01:03.947,00:01:04.114,-1,0,"<1></c><3>きっとDespairはれるようにうた</c><2>うから</c><1></c>"
00:01:03.947,00:01:04.114,-1,0,"<1></c><3>きっとDespairはれるようにうた</c><2>うから</c><1></c>"
00:01:03.947,00:01:04.114,-1,-1,"<1></c><3>きっとDespair　晴れるように歌</c><2>うから</c><1></c>"
00:01:03.947,00:01:04.114,-1,-1,"<1></c><3>きっとDespair　晴れるように歌</c><2>うから</c><1></c>"
00:01:04.114,00:01:04.615,-1,0,"<1></c><3>きっとDespairはれるようにうたう</c><2>から</c><1></c>"
00:01:04.114,00:01:04.615,-1,0,"<1></c><3>きっとDespairはれるようにうたう</c><2>から</c><1></c>"
00:01:04.114,00:01:04.615,-1,-1,"<1></c><3>きっとDespair　晴れるように歌う</c><2>から</c><1></c>"
00:01:04.114,00:01:04.615,-1,-1,"<1></c><3>きっとDespair　晴れるように歌う</c><2>から</c><1></c>"
00:01:04.615,00:01:04.815,-1,0,"<1></c><3>きっとDespairはれるようにうたうか</c><2>ら</c><1></c>"
00:01:04.615,00:01:04.815,-1,0,"<1></c><3>きっとDespairはれるようにうたうか</c><2>ら</c><1></c>"
00:01:04.615,00:01:04.815,-1,-1,"<1></c><3>きっとDespair　晴れるように歌うか</c><2>ら</c><1></c>"
00:01:04.615,00:01:04.815,-1,-1,"<1></c><3>きっとDespair　晴れるように歌うか</c><2>ら</c><1></c>"
00:01:04.815,00:01:05.482,-1,0,"<1></c><3>きっとDespairはれるようにうたうから</c><1></c>"
00:01:04.815,00:01:05.482,-1,0,"<1></c><3>きっとDespairはれるようにうたうから</c><1></c>"
00:01:04.815,00:01:05.482,-1,-1,"<1></c><3>きっとDespair　晴れるように歌うから</c><1></c>"
00:01:04.815,00:01:05.482,-1,-1,"<1></c><3>きっとDespair　晴れるように歌うから</c><1></c>"
00:01:05.482,00:01:05.649,59,0,"<1></c><3>そ</c><2>してMakeawishあでやかにかざるから</c><1></c>"
00:01:05.482,00:01:05.649,59,0,"<1></c><3>そ</c><2>してMakeawishあでやかにかざるから</c><1></c>"
00:01:05.482,00:01:05.649,-1,-1,"<1></c><3>そ</c><2>してMakeawish　艶やかに飾るから</c><1></c>"
00:01:05.482,00:01:05.649,-1,-1,"<1></c><3>そ</c><2>してMakeawish　艶やかに飾るから</c><1></c>"
00:01:05.649,00:01:05.816,59,0,"<1></c><3>そし</c><2>てMakeawishあでやかにかざるから</c><1></c>"
00:01:05.649,00:01:05.816,59,0,"<1></c><3>そし</c><2>てMakeawishあでやかにかざるから</c><1></c>"
00:01:05.649,00:01:05.816,-1,-1,"<1></c><3>そし</c><2>てMakeawish　艶やかに飾るから</c><1></c>"
00:01:05.649,00:01:05.816,-1,-1,"<1></c><3>そし</c><2>てMakeawish　艶やかに飾るから</c><1></c>"
00:01:05.816,00:01:06.150,59,0,"<1></c><3>そして</c><2>Makeawishあでやかにかざるから</c><1></c>"
00:01:05.816,00:01:06.150,59,0,"<1></c><3>そして</c><2>Makeawishあでやかにかざるから</c><1></c>"
00:01:05.816,00:01:06.150,-1,-1,"<1></c><3>そして</c><2>Makeawish　艶やかに飾るから</c><1></c>"
00:01:05.816,00:01:06.150,-1,-1,"<1></c><3>そして</c><2>Makeawish　艶やかに飾るから</c><1></c>"
00:01:06.150,00:01:06.683,59,0,"<1></c><3>そしてMake</c><2>awishあでやかにかざるから</c><1></c>"
00:01:06.150,00:01:06.683,59,0,"<1></c><3>そしてMake</c><2>awishあでやかにかざるから</c><1></c>"
00:01:06.150,00:01:06.683,-1,-1,"<1></c><3>そしてMake</c><2>awish　艶やかに飾るから</c><1></c>"
00:01:06.150,00:01:06.683,-1,-1,"<1></c><3>そしてMake</c><2>awish　艶やかに飾るから</c><1></c>"
00:01:06.683,00:01:06.850,59,0,"<1></c><3>そしてMakea</c><2>wishあでやかにかざるから</c><1></c>"
00:01:06.683,00:01:06.850,59,0,"<1></c><3>そしてMakea</c><2>wishあでやかにかざるから</c><1></c>"
00:01:06.683,00:01:06.850,-1,-1,"<1></c><3>そしてMakea</c><2>wish　艶やかに飾るから</c><1></c>"
00:01:06.683,00:01:06.850,-1,-1,"<1></c><3>そしてMakea</c><2>wish　艶やかに飾るから</c><1></c>"
00:01:06.850,00:01:07.351,59,0,"<1></c><3>そしてMakeawish</c><2>あでやかにかざるから</c><1></c>"
00:01:06.850,00:01:07.351,59,0,"<1></c><3>そしてMakeawish</c><2>あでやかにかざるから</c><1></c>"
00:01:06.850,00:01:07.351,-1,-1,"<1></c><3>そしてMakeawish　</c><2>艶やかに飾るから</c><1></c>"
00:01:06.850,00:01:07.351,-1,-1,"<1></c><3>そしてMakeawish　</c><2>艶やかに飾るから</c><1></c>"
00:01:07.351,00:01:07.551,59,0,"<1></c><3>そしてMakeawishあ</c><2>でやかにかざるから</c><1></c>"
00:01:07.351,00:01:07.551,59,0,"<1></c><3>そしてMakeawishあ</c><2>でやかにかざるから</c><1></c>"
00:01:07.351,00:01:07.551,-1,-1,"<1></c><3>そしてMakeawish　艶</c><2>やかに飾るから</c><1></c>"
00:01:07.351,00:01:07.551,-1,-1,"<1></c><3>そしてMakeawish　艶</c><2>やかに飾るから</c><1></c>"
00:01:07.551,00:01:07.885,59,0,"<1></c><3>そしてMakeawishあで</c><2>やかにかざるから</c><1></c>"
00:01:07.551,00:01:07.885,59,0,"<1></c><3>そしてMakeawishあで</c><2>やかにかざるから</c><1></c>"
00:01:07.551,00:01:07.885,-1,-1,"<1></c><3>そしてMakeawish　艶</c><2>やかに飾るから</c><1></c>"
00:01:07.551,00:01:07.885,-1,-1,"<1></c><3>そしてMakeawish　艶</c><2>やかに飾るから</c><1></c>"
00:01:07.885,00:01:08.252,59,0,"<1></c><3>そしてMakeawishあでや</c><2>かにかざるから</c><1></c>"
00:01:07.885,00:01:08.252,59,0,"<1></c><3>そしてMakeawishあでや</c><2>かにかざるから</c><1></c>"
00:01:07.885,00:01:08.252,-1,-1,"<1></c><3>そしてMakeawish　艶や</c><2>かに飾るから</c><1></c>"
00:01:07.885,00:01:08.252,-1,-1,"<1></c><3>そしてMakeawish　艶や</c><2>かに飾るから</c><1></c>"
00:01:08.252,00:01:08.619,59,0,"<1></c><3>そしてMakeawishあでやか</c><2>にかざるから</c><1></c>"
00:01:08.252,00:01:08.619,59,0,"<1></c><3>そしてMakeawishあでやか</c><2>にかざるから</c><1></c>"
00:01:08.252,00:01:08.619,-1,-1,"<1></c><3>そしてMakeawish　艶やか</c><2>に飾るから</c><1></c>"
00:01:08.252,00:01:08.619,-1,-1,"<1></c><3>そしてMakeawish　艶やか</c><2>に飾るから</c><1></c>"
00:01:08.619,00:01:08.919,59,0,"<1></c><3>そしてMakeawishあでやかに</c><2>かざるから</c><1></c>"
00:01:08.619,00:01:08.919,59,0,"<1></c><3>そしてMakeawishあでやかに</c><2>かざるから</c><1></c>"
00:01:08.619,00:01:08.919,-1,-1,"<1></c><3>そしてMakeawish　艶やかに</c><2>飾るから</c><1></c>"
00:01:08.619,00:01:08.919,-1,-1,"<1></c><3>そしてMakeawish　艶やかに</c><2>飾るから</c><1></c>"
00:01:08.919,00:01:09.453,59,0,"<1></c><3>そしてMakeawishあでやかにか</c><2>ざるから</c><1></c>"
00:01:08.919,00:01:09.453,59,0,"<1></c><3>そしてMakeawishあでやかにか</c><2>ざるから</c><1></c>"
00:01:08.919,00:01:09.453,-1,-1,"<1></c><3>そしてMakeawish　艶やかに飾</c><2>るから</c><1></c>"
00:01:08.919,00:01:09.453,-1,-1,"<1></c><3>そしてMakeawish　艶やかに飾</c><2>るから</c><1></c>"
00:01:09.453,00:01:09.620,59,0,"<1></c><3>そしてMakeawishあでやかにかざ</c><2>るから</c><1></c>"
00:01:09.453,00:01:09.620,59,0,"<1></c><3>そしてMakeawishあでやかにかざ</c><2>るから</c><1></c>"
00:01:09.453,00:01:09.620,-1,-1,"<1></c><3>そしてMakeawish　艶やかに飾</c><2>るから</c><1></c>"
00:01:09.453,00:01:09.620,-1,-1,"<1></c><3>そしてMakeawish　艶やかに飾</c><2>るから</c><1></c>"
00:01:09.620,00:01:10.120,59,0,"<1></c><3>そしてMakeawishあでやかにかざる</c><2>から</c><1></c>"
00:01:09.620,00:01:10.120,59,0,"<1></c><3>そしてMakeawishあでやかにかざる</c><2>から</c><1></c>"
00:01:09.620,00:01:10.120,-1,-1,"<1></c><3>そしてMakeawish　艶やかに飾る</c><2>から</c><1></c>"
00:01:09.620,00:01:10.120,-1,-1,"<1></c><3>そしてMakeawish　艶やかに飾る</c><2>から</c><1></c>"
00:01:10.120,00:01:10.320,59,0,"<1></c><3>そしてMakeawishあでやかにかざるか</c><2>ら</c><1></c>"
00:01:10.120,00:01:10.320,59,0,"<1></c><3>そしてMakeawishあでやかにかざるか</c><2>ら</c><1></c>"
00:01:10.120,00:01:10.320,-1,-1,"<1></c><3>そしてMakeawish　艶やかに飾るか</c><2>ら</c><1></c>"
00:01:10.120,00:01:10.320,-1,-1,"<1></c><3>そしてMakeawish　艶やかに飾るか</c><2>ら</c><1></c>"
00:01:10.320,00:01:11.021,59,0,"<1></c><3>そしてMakeawishあでやかにかざるから</c><1></c>"
00:01:10.320,00:01:11.021,59,0,"<1></c><3>そしてMakeawishあでやかにかざるから</c><1></c>"
00:01:10.320,00:01:11.021,-1,-1,"<1></c><3>そしてMakeawish　艶やかに飾るから</c><1></c>"
00:01:10.320,00:01:11.021,-1,-1,"<1></c><3>そしてMakeawish　艶やかに飾るから</c><1></c>"
00:01:11.021,00:01:11.288,-1,0,"<1></c><3>Dark</c><2>nesswillfadeaway</c><1></c>"
00:01:11.021,00:01:11.288,-1,0,"<1></c><3>Dark</c><2>nesswillfadeaway</c><1></c>"
00:01:11.021,00:01:11.288,-1,-1,"<1></c><3>Dark</c><2>nesswillfadeaway</c><1></c>"
00:01:11.021,00:01:11.288,-1,-1,"<1></c><3>Dark</c><2>nesswillfadeaway</c><1></c>"
00:01:11.288,00:01:11.555,-1,0,"<1></c><3>Darkness</c><2>willfadeaway</c><1></c>"
00:01:11.288,00:01:11.555,-1,0,"<1></c><3>Darkness</c><2>willfadeaway</c><1></c>"
00:01:11.288,00:01:11.555,-1,-1,"<1></c><3>Darkness</c><2>willfadeaway</c><1></c>"
00:01:11.288,00:01:11.555,-1,-1,"<1></c><3>Darkness</c><2>willfadeaway</c><1></c>"
00:01:11.555,00:01:11.722,-1,0,"<1></c><3>Darknesswill</c><2>fadeaway</c><1></c>"
00:01:11.555,00:01:11.722,-1,0,"<1></c><3>Darknesswill</c><2>fadeaway</c><1></c>"
00:01:11.555,00:01:11.722,-1,-1,"<1></c><3>Darknesswill</c><2>fadeaway</c><1></c>"
00:01:11.555,00:01:11.722,-1,-1,"<1></c><3>Darknesswill</c><2>fadeaway</c><1></c>"
00:01:11.722,00:01:12.256,-1,0,"<1></c><3>Darknesswillfade</c><2>away</c><1></c>"
00:01:11.722,00:01:12.256,-1,0,"<1></c><3>Darknesswillfade</c><2>away</c><1></c>"
00:01:11.722,00:01:12.256,-1,-1,"<1></c><3>Darknesswillfade</c><2>away</c><1></c>"
00:01:11.722,00:01:12.256,-1,-1,"<1></c><3>Darknesswillfade</c><2>away</c><1></c>"
00:01:12.256,00:01:12.723,-1,0,"<1></c><3>Darknesswillfadea</c><2>way</c><1></c>"
00:01:12.256,00:01:12.723,-1,0,"<1></c><3>Darknesswillfadea</c><2>way</c><1></c>"
00:01:12.256,00:01:12.723,-1,-1,"<1></c><3>Darknesswillfadea</c><2>way</c><1></c>"
00:01:12.256,00:01:12.723,-1,-1,"<1></c><3>Darknesswillfadea</c><2>way</c><1></c>"
00:01:12.723,00:01:13.757,-1,0,"<1></c><3>Darknesswillfadeaway</c><1></c>"
00:01:12.723,00:01:13.757,-1,0,"<1></c><3>Darknesswillfadeaway</c><1></c>"
00:01:12.723,00:01:13.757,-1,-1,"<1></c><3>Darknesswillfadeaway</c><1></c>"
00:01:12.723,00:01:13.757,-1,-1,"<1></c><3>Darknesswillfadeaway</c><1></c>"
00:01:13.757,00:01:14.091,-1,0,"<1></c><3>hope</c><2>willleadyourway.</c><1></c>"
00:01:13.757,00:01:14.091,-1,0,"<1></c><3>hope</c><2>willleadyourway.</c><1></c>"
00:01:13.757,00:01:14.091,-1,-1,"<1></c><3>hope</c><2>willleadyourway.</c><1></c>"
00:01:13.757,00:01:14.091,-1,-1,"<1></c><3>hope</c><2>willleadyourway.</c><1></c>"
00:01:14.091,00:01:14.458,-1,0,"<1></c><3>hopewill</c><2>leadyourway.</c><1></c>"
00:01:14.091,00:01:14.458,-1,0,"<1></c><3>hopewill</c><2>leadyourway.</c><1></c>"
00:01:14.091,00:01:14.458,-1,-1,"<1></c><3>hopewill</c><2>leadyourway.</c><1></c>"
00:01:14.091,00:01:14.458,-1,-1,"<1></c><3>hopewill</c><2>leadyourway.</c><1></c>"
00:01:14.458,00:01:14.925,-1,0,"<1></c><3>hopewilllead</c><2>yourway.</c><1></c>"
00:01:14.458,00:01:14.925,-1,0,"<1></c><3>hopewilllead</c><2>yourway.</c><1></c>"
00:01:14.458,00:01:14.925,-1,-1,"<1></c><3>hopewilllead</c><2>yourway.</c><1></c>"
00:01:14.458,00:01:14.925,-1,-1,"<1></c><3>hopewilllead</c><2>yourway.</c><1></c>"
00:01:14.925,00:01:15.459,-1,0,"<1></c><3>hopewillleadyour</c><2>way.</c><1></c>"
00:01:14.925,00:01:15.459,-1,0,"<1></c><3>hopewillleadyour</c><2>way.</c><1></c>"
00:01:14.925,00:01:15.459,-1,-1,"<1></c><3>hopewillleadyour</c><2>way.</c><1></c>"
00:01:14.925,00:01:15.459,-1,-1,"<1></c><3>hopewillleadyour</c><2>way.</c><1></c>"
00:01:15.459,00:01:16.527,-1,0,"<1></c><3>hopewillleadyourway.</c><1></c>"
00:01:15.459,00:01:16.527,-1,0,"<1></c><3>hopewillleadyourway.</c><1></c>"
00:01:15.459,00:01:16.527,-1,-1,"<1></c><3>hopewillleadyourway.</c><1></c>"
00:01:15.459,00:01:16.527,-1,-1,"<1></c><3>hopewillleadyourway.</c><1></c>"
00:01:16.527,00:01:16.860,75,0,"<1></c><3>I'm</c><2>heretochantthemelodiesforyou-</c><1></c>"
00:01:16.527,00:01:16.860,75,0,"<1></c><3>I'm</c><2>heretochantthemelodiesforyou-</c><1></c>"
00:01:16.527,00:01:16.860,75,-1,"<1></c><3>I'm</c><2>heretochantthemelodiesforyou-</c><1></c>"
00:01:16.527,00:01:16.860,75,-1,"<1></c><3>I'm</c><2>heretochantthemelodiesforyou-</c><1></c>"
00:01:16.860,00:01:17.227,75,0,"<1></c><3>I'mhere</c><2>tochantthemelodiesforyou-</c><1></c>"
00:01:16.860,00:01:17.227,75,0,"<1></c><3>I'mhere</c><2>tochantthemelodiesforyou-</c><1></c>"
00:01:16.860,00:01:17.227,75,-1,"<1></c><3>I'mhere</c><2>tochantthemelodiesforyou-</c><1></c>"
00:01:16.860,00:01:17.227,75,-1,"<1></c><3>I'mhere</c><2>tochantthemelodiesforyou-</c><1></c>"
00:01:17.227,00:01:17.594,75,0,"<1></c><3>I'mhereto</c><2>chantthemelodiesforyou-</c><1></c>"
00:01:17.227,00:01:17.594,75,0,"<1></c><3>I'mhereto</c><2>chantthemelodiesforyou-</c><1></c>"
00:01:17.227,00:01:17.594,75,-1,"<1></c><3>I'mhereto</c><2>chantthemelodiesforyou-</c><1></c>"
00:01:17.227,00:01:17.594,75,-1,"<1></c><3>I'mhereto</c><2>chantthemelodiesforyou-</c><1></c>"
00:01:17.594,00:01:18.262,75,0,"<1></c><3>I'mheretochant</c><2>themelodiesforyou-</c><1></c>"
00:01:17.594,00:01:18.262,75,0,"<1></c><3>I'mheretochant</c><2>themelodiesforyou-</c><1></c>"
00:01:17.594,00:01:18.262,75,-1,"<1></c><3>I'mheretochant</c><2>themelodiesforyou-</c><1></c>"
00:01:17.594,00:01:18.262,75,-1,"<1></c><3>I'mheretochant</c><2>themelodiesforyou-</c><1></c>"
00:01:18.262,00:01:18.962,75,0,"<1></c><3>I'mheretochantthe</c><2>melodiesforyou-</c><1></c>"
00:01:18.262,00:01:18.962,75,0,"<1></c><3>I'mheretochantthe</c><2>melodiesforyou-</c><1></c>"
00:01:18.262,00:01:18.962,75,-1,"<1></c><3>I'mheretochantthe</c><2>melodiesforyou-</c><1></c>"
00:01:18.262,00:01:18.962,75,-1,"<1></c><3>I'mheretochantthe</c><2>melodiesforyou-</c><1></c>"
00:01:18.962,00:01:19.630,75,0,"<1></c><3>I'mheretochantthemel</c><2>odiesforyou-</c><1></c>"
00:01:18.962,00:01:19.630,75,0,"<1></c><3>I'mheretochantthemel</c><2>odiesforyou-</c><1></c>"
00:01:18.962,00:01:19.630,75,-1,"<1></c><3>I'mheretochantthemel</c><2>odiesforyou-</c><1></c>"
00:01:18.962,00:01:19.630,75,-1,"<1></c><3>I'mheretochantthemel</c><2>odiesforyou-</c><1></c>"
00:01:19.630,00:01:20.330,75,0,"<1></c><3>I'mheretochantthemelo</c><2>diesforyou-</c><1></c>"
00:01:19.630,00:01:20.330,75,0,"<1></c><3>I'mheretochantthemelo</c><2>diesforyou-</c><1></c>"
00:01:19.630,00:01:20.330,75,-1,"<1></c><3>I'mheretochantthemelo</c><2>diesforyou-</c><1></c>"
00:01:19.630,00:01:20.330,75,-1,"<1></c><3>I'mheretochantthemelo</c><2>diesforyou-</c><1></c>"
00:01:20.330,00:01:21.031,75,0,"<1></c><3>I'mheretochantthemelodies</c><2>foryou-</c><1></c>"
00:01:20.330,00:01:21.031,75,0,"<1></c><3>I'mheretochantthemelodies</c><2>foryou-</c><1></c>"
00:01:20.330,00:01:21.031,75,-1,"<1></c><3>I'mheretochantthemelodies</c><2>foryou-</c><1></c>"
00:01:20.330,00:01:21.031,75,-1,"<1></c><3>I'mheretochantthemelodies</c><2>foryou-</c><1></c>"
00:01:21.031,00:01:22.032,75,0,"<1></c><3>I'mheretochantthemelodiesfor</c><2>you-</c><1></c>"
00:01:21.031,00:01:22.032,75,0,"<1></c><3>I'mheretochantthemelodiesfor</c><2>you-</c><1></c>"
00:01:21.031,00:01:22.032,75,-1,"<1></c><3>I'mheretochantthemelodiesfor</c><2>you-</c><1></c>"
00:01:21.031,00:01:22.032,75,-1,"<1></c><3>I'mheretochantthemelodiesfor</c><2>you-</c><1></c>"
00:01:22.032,00:01:24.034,75,0,"<1></c><3>I'mheretochantthemelodiesforyou-</c><1></c>"
00:01:22.032,00:01:24.034,75,0,"<1></c><3>I'mheretochantthemelodiesforyou-</c><1></c>"
00:01:22.032,00:01:24.034,75,-1,"<1></c><3>I'mheretochantthemelodiesforyou-</c><1></c>"
00:01:22.032,00:01:24.034,75,-1,"<1></c><3>I'mheretochantthemelodiesforyou-</c><1></c>"
