start,end,line,unformatted,segments,ref_start,ref_end,common_number,remainder
209.726,212.696,-1,ah,"[(1, ''), (2, 'ah'), (1, '')]",True,True,0,ah
11.161,21.772,0,motto☆いちごオレ／monafeat.honeyworks(coveredbyさくらみこ),"[(1, ''), (2, 'motto☆いちごオレ／monafeat.honeyworks'), (1, ''), (2, '(coveredbyさくらみこ)'), (1, '')]",True,True,0,motto☆いちごオレ／monafeat.honeyworks(coveredbyさくらみこ)
106.29,106.623,-1,ohoh,"[(1, ''), (2, 'ohoh'), (1, '')]",True,False,3,ohoh
105.956,106.29,-1,ohoh,"[(1, ''), (2, 'oh'), (3, 'oh'), (1, '')]",False,True,3,oh
193.61,194.111,-1,ohohohoh,"[(1, ''), (2, 'ohohohoh'), (1, '')]",True,False,3,ohohohoh
193.31,193.61,-1,ohohohoh,"[(1, ''), (2, 'ohohoh'), (3, 'oh'), (1, '')]",False,False,3,oh
192.976,193.31,-1,ohohohoh,"[(1, ''), (2, 'ohoh'), (3, 'ohoh'), (1, '')]",False,False,3,ohoh
192.643,192.976,-1,ohohohoh,"[(1, ''), (2, 'oh'), (3, 'ohohoh'), (1, '')]",False,False,3,ohohoh
148.565,149.032,-1,ohohohoh,"[(1, ''), (2, 'ohohohoh'), (1, '')]",False,False,3,ohohohoh
148.232,148.565,-1,ohohohoh,"[(1, ''), (2, 'ohohoh'), (3, 'oh'), (1, '')]",False,False,3,oh
147.898,148.232,-1,ohohohoh,"[(1, ''), (2, 'ohoh'), (3, 'ohoh'), (1, '')]",False,False,3,ohoh
147.564,147.898,-1,ohohohoh,"[(1, ''), (2, 'oh'), (3, 'ohohoh'), (1, '')]",False,False,3,ohohoh
74.324,74.792,-1,ohohohoh,"[(1, ''), (2, 'ohohohoh'), (1, '')]",False,False,3,ohohohoh
74.024,74.324,-1,ohohohoh,"[(1, ''), (2, 'ohohoh'), (3, 'oh'), (1, '')]",False,False,3,oh
73.657,74.024,-1,ohohohoh,"[(1, ''), (2, 'ohoh'), (3, 'ohoh'), (1, '')]",False,False,3,ohoh
73.357,73.657,-1,ohohohoh,"[(1, ''), (2, 'oh'), (3, 'ohohoh'), (1, '')]",False,True,3,ohohoh
128.846,130.147,-1,ohohoh…,"[(1, ''), (2, 'ohohoh…'), (1, '')]",True,False,3,ohohoh…
128.479,128.846,-1,ohohoh…,"[(1, ''), (2, 'ohoh'), (3, 'oh…'), (1, '')]",False,False,3,oh…
127.511,128.479,-1,ohohoh…,"[(1, ''), (2, 'oh'), (3, 'ohoh…'), (1, '')]",False,False,3,ohoh…
123.54,124.842,-1,ohohoh…,"[(1, ''), (2, 'ohohoh…'), (1, '')]",False,False,3,ohohoh…
123.173,123.54,-1,ohohoh…,"[(1, ''), (2, 'ohoh'), (3, 'oh…'), (1, '')]",False,False,3,oh…
122.206,123.173,-1,ohohoh…,"[(1, ''), (2, 'oh'), (3, 'ohoh…'), (1, '')]",False,False,3,ohoh…
118.235,119.503,-1,ohohoh…,"[(1, ''), (2, 'ohohoh…'), (1, '')]",False,False,3,ohohoh…
117.868,118.235,-1,ohohoh…,"[(1, ''), (2, 'ohoh'), (3, 'oh…'), (1, '')]",False,False,3,oh…
116.9,117.868,-1,ohohoh…,"[(1, ''), (2, 'oh'), (3, 'ohoh…'), (1, '')]",False,False,3,ohoh…
54.605,55.906,-1,ohohoh…,"[(1, ''), (2, 'ohohoh…'), (1, '')]",False,False,3,ohohoh…
54.238,54.605,-1,ohohoh…,"[(1, ''), (2, 'ohoh'), (3, 'oh…'), (1, '')]",False,False,3,oh…
53.237,54.238,-1,ohohoh…,"[(1, ''), (2, 'oh'), (3, 'ohoh…'), (1, '')]",False,False,3,ohoh…
49.333,50.601,-1,ohohoh…,"[(1, ''), (2, 'ohohoh…'), (1, '')]",False,False,3,ohohoh…
48.932,49.333,-1,ohohoh…,"[(1, ''), (2, 'ohoh'), (3, 'oh…'), (1, '')]",False,False,3,oh…
47.965,48.932,-1,ohohoh…,"[(1, ''), (2, 'oh'), (3, 'ohoh…'), (1, '')]",False,False,3,ohoh…
43.961,45.295,-1,ohohoh…,"[(1, ''), (2, 'ohohoh…'), (1, '')]",False,False,3,ohohoh…
43.627,43.961,-1,ohohoh…,"[(1, ''), (2, 'ohoh'), (3, 'oh…'), (1, '')]",False,False,3,oh…
42.626,43.627,-1,ohohoh…,"[(1, ''), (2, 'oh'), (3, 'ohoh…'), (1, '')]",False,True,3,ohoh…
164.615,165.315,-1,yeah,"[(1, ''), (2, 'yeah'), (1, '')]",True,True,0,yeah
63.347,63.714,-1,あなたには,"[(1, ''), (2, 'あなたには'), (1, '')]",True,False,3,あなたには
63.213,63.347,-1,あなたには,"[(1, ''), (2, 'あなたに'), (3, 'は'), (1, '')]",False,False,3,は
63.047,63.213,-1,あなたには,"[(1, ''), (2, 'あなた'), (3, 'には'), (1, '')]",False,False,3,には
62.88,63.047,-1,あなたには,"[(1, ''), (2, 'あな'), (3, 'たには'), (1, '')]",False,False,3,たには
62.713,62.88,-1,あなたには,"[(1, ''), (2, 'あ'), (3, 'なたには'), (1, '')]",False,True,3,なたには
137.554,137.788,-1,おしまいよ,"[(1, ''), (2, 'おしまいよ'), (1, '')]",True,False,3,おしまいよ
137.454,137.554,-1,おしまいよ,"[(1, ''), (2, 'おしまい'), (3, 'よ'), (1, '')]",False,False,3,よ
137.354,137.454,-1,おしまいよ,"[(1, ''), (2, 'おしま'), (3, 'いよ'), (1, '')]",False,False,3,いよ
137.221,137.354,-1,おしまいよ,"[(1, ''), (2, 'おし'), (3, 'まいよ'), (1, '')]",False,False,3,まいよ
137.087,137.221,-1,おしまいよ,"[(1, ''), (2, 'お'), (3, 'しまいよ'), (1, '')]",False,True,3,しまいよ
58.242,58.542,-1,ちょっぴりシャイな甘(あま)党(とう)だけど,"[(1, ''), (2, 'ちょっぴりシャイな甘(あま)党(とう)だけど'), (1, '')]",True,False,3,ちょっぴりシャイな甘(あま)党(とう)だけど
58.075,58.242,-1,ちょっぴりシャイな甘(あま)党(とう)だけど,"[(1, ''), (2, 'ちょっぴりシャイな甘(あま)党(とう)だけ'), (3, 'ど'), (1, '')]",False,False,3,ど
57.908,58.075,-1,ちょっぴりシャイな甘(あま)党(とう)だけど,"[(1, ''), (2, 'ちょっぴりシャイな甘(あま)党(とう)だ'), (3, 'けど'), (1, '')]",False,False,3,けど
57.574,57.908,-1,ちょっぴりシャイな甘(あま)党(とう)だけど,"[(1, ''), (2, 'ちょっぴりシャイな甘(あま)党(とう)'), (3, 'だけど'), (1, '')]",False,False,3,だけど
57.241,57.574,-1,ちょっぴりシャイな甘(あま)党(とう)だけど,"[(1, ''), (2, 'ちょっぴりシャイな甘(あま)'), (3, '党(とう)だけど'), (1, '')]",False,False,3,党(とう)だけど
56.907,57.241,-1,ちょっぴりシャイな甘(あま)党(とう)だけど,"[(1, ''), (2, 'ちょっぴりシャイな'), (3, '甘(あま)党(とう)だけど'), (1, '')]",False,False,3,甘(あま)党(とう)だけど
56.774,56.907,-1,ちょっぴりシャイな甘(あま)党(とう)だけど,"[(1, ''), (2, 'ちょっぴりシャイ'), (3, 'な甘(あま)党(とう)だけど'), (1, '')]",False,False,3,な甘(あま)党(とう)だけど
56.607,56.774,-1,ちょっぴりシャイな甘(あま)党(とう)だけど,"[(1, ''), (2, 'ちょっぴりシャ'), (3, 'イな甘(あま)党(とう)だけど'), (1, '')]",False,False,3,イな甘(あま)党(とう)だけど
56.407,56.607,-1,ちょっぴりシャイな甘(あま)党(とう)だけど,"[(1, ''), (2, 'ちょっぴり'), (3, 'シャイな甘(あま)党(とう)だけど'), (1, '')]",False,False,3,シャイな甘(あま)党(とう)だけど
56.24,56.407,-1,ちょっぴりシャイな甘(あま)党(とう)だけど,"[(1, ''), (2, 'ちょっぴ'), (3, 'りシャイな甘(あま)党(とう)だけど'), (1, '')]",False,False,3,りシャイな甘(あま)党(とう)だけど
56.073,56.24,-1,ちょっぴりシャイな甘(あま)党(とう)だけど,"[(1, ''), (2, 'ちょっ'), (3, 'ぴりシャイな甘(あま)党(とう)だけど'), (1, '')]",False,False,3,ぴりシャイな甘(あま)党(とう)だけど
55.906,56.073,-1,ちょっぴりシャイな甘(あま)党(とう)だけど,"[(1, ''), (2, 'ちょ'), (3, 'っぴりシャイな甘(あま)党(とう)だけど'), (1, '')]",False,True,3,っぴりシャイな甘(あま)党(とう)だけど
139.59,141.091,-1,ど派(は)手(で)にね,"[(1, ''), (2, 'ど派(は)手(で)にね'), (1, '')]",True,False,3,ど派(は)手(で)にね
139.456,139.59,-1,ど派(は)手(で)にね,"[(1, ''), (2, 'ど派(は)手(で)に'), (3, 'ね'), (1, '')]",False,False,3,ね
139.123,139.456,-1,ど派(は)手(で)にね,"[(1, ''), (2, 'ど派(は)手(で)'), (3, 'にね'), (1, '')]",False,False,3,にね
138.755,139.123,-1,ど派(は)手(で)にね,"[(1, ''), (2, 'ど派(は)'), (3, '手(で)にね'), (1, '')]",False,False,3,手(で)にね
138.455,138.755,-1,ど派(は)手(で)にね,"[(1, ''), (2, 'ど'), (3, '派(は)手(で)にね'), (1, '')]",False,True,3,派(は)手(で)にね
191.475,192.643,-1,ぶちかまそう愛(あい)を謳(うた)おうぜ,"[(1, ''), (2, 'ぶちかまそう愛(あい)を謳(うた)おうぜ'), (1, '')]",True,False,3,ぶちかまそう愛(あい)を謳(うた)おうぜ
191.308,191.475,-1,ぶちかまそう愛(あい)を謳(うた)おうぜ,"[(1, ''), (2, 'ぶちかまそう愛(あい)を謳(うた)おう'), (3, 'ぜ'), (1, '')]",False,False,3,ぜ
190.974,191.308,-1,ぶちかまそう愛(あい)を謳(うた)おうぜ,"[(1, ''), (2, 'ぶちかまそう愛(あい)を謳(うた)お'), (3, 'うぜ'), (1, '')]",False,False,3,うぜ
190.641,190.974,-1,ぶちかまそう愛(あい)を謳(うた)おうぜ,"[(1, ''), (2, 'ぶちかまそう愛(あい)を謳(うた)'), (3, 'おうぜ'), (1, '')]",False,False,3,おうぜ
190.44,190.641,-1,ぶちかまそう愛(あい)を謳(うた)おうぜ,"[(1, ''), (2, 'ぶちかまそう愛(あい)を'), (3, '謳(うた)おうぜ'), (1, '')]",False,False,3,謳(うた)おうぜ
189.973,190.44,-1,ぶちかまそう愛(あい)を謳(うた)おうぜ,"[(1, ''), (2, 'ぶちかまそう愛(あい)'), (3, 'を謳(うた)おうぜ'), (1, '')]",False,False,3,を謳(うた)おうぜ
189.64,189.973,-1,ぶちかまそう愛(あい)を謳(うた)おうぜ,"[(1, ''), (2, 'ぶちかまそう'), (3, '愛(あい)を謳(うた)おうぜ'), (1, '')]",False,False,3,愛(あい)を謳(うた)おうぜ
189.473,189.64,-1,ぶちかまそう愛(あい)を謳(うた)おうぜ,"[(1, ''), (2, 'ぶちかまそ'), (3, 'う愛(あい)を謳(うた)おうぜ'), (1, '')]",False,False,3,う愛(あい)を謳(うた)おうぜ
189.306,189.473,-1,ぶちかまそう愛(あい)を謳(うた)おうぜ,"[(1, ''), (2, 'ぶちかま'), (3, 'そう愛(あい)を謳(うた)おうぜ'), (1, '')]",False,False,3,そう愛(あい)を謳(うた)おうぜ
189.139,189.306,-1,ぶちかまそう愛(あい)を謳(うた)おうぜ,"[(1, ''), (2, 'ぶちか'), (3, 'まそう愛(あい)を謳(うた)おうぜ'), (1, '')]",False,False,3,まそう愛(あい)を謳(うた)おうぜ
188.972,189.139,-1,ぶちかまそう愛(あい)を謳(うた)おうぜ,"[(1, ''), (2, 'ぶち'), (3, 'かまそう愛(あい)を謳(うた)おうぜ'), (1, '')]",False,False,3,かまそう愛(あい)を謳(うた)おうぜ
188.805,188.972,-1,ぶちかまそう愛(あい)を謳(うた)おうぜ,"[(1, ''), (2, 'ぶ'), (3, 'ちかまそう愛(あい)を謳(うた)おうぜ'), (1, '')]",False,False,3,ちかまそう愛(あい)を謳(うた)おうぜ
72.122,73.357,-1,ぶちかまそう愛(あい)を謳(うた)おうぜ,"[(1, ''), (2, 'ぶちかまそう愛(あい)を謳(うた)おうぜ'), (1, '')]",False,False,3,ぶちかまそう愛(あい)を謳(うた)おうぜ
71.989,72.122,-1,ぶちかまそう愛(あい)を謳(うた)おうぜ,"[(1, ''), (2, 'ぶちかまそう愛(あい)を謳(うた)おう'), (3, 'ぜ'), (1, '')]",False,False,3,ぜ
71.655,71.989,-1,ぶちかまそう愛(あい)を謳(うた)おうぜ,"[(1, ''), (2, 'ぶちかまそう愛(あい)を謳(うた)お'), (3, 'うぜ'), (1, '')]",False,False,3,うぜ
71.321,71.655,-1,ぶちかまそう愛(あい)を謳(うた)おうぜ,"[(1, ''), (2, 'ぶちかまそう愛(あい)を謳(うた)'), (3, 'おうぜ'), (1, '')]",False,False,3,おうぜ
71.121,71.321,-1,ぶちかまそう愛(あい)を謳(うた)おうぜ,"[(1, ''), (2, 'ぶちかまそう愛(あい)を'), (3, '謳(うた)おうぜ'), (1, '')]",False,False,3,謳(うた)おうぜ
70.654,71.121,-1,ぶちかまそう愛(あい)を謳(うた)おうぜ,"[(1, ''), (2, 'ぶちかまそう愛(あい)'), (3, 'を謳(うた)おうぜ'), (1, '')]",False,False,3,を謳(うた)おうぜ
70.32,70.654,-1,ぶちかまそう愛(あい)を謳(うた)おうぜ,"[(1, ''), (2, 'ぶちかまそう'), (3, '愛(あい)を謳(うた)おうぜ'), (1, '')]",False,False,3,愛(あい)を謳(うた)おうぜ
70.154,70.32,-1,ぶちかまそう愛(あい)を謳(うた)おうぜ,"[(1, ''), (2, 'ぶちかまそ'), (3, 'う愛(あい)を謳(うた)おうぜ'), (1, '')]",False,False,3,う愛(あい)を謳(うた)おうぜ
69.987,70.154,-1,ぶちかまそう愛(あい)を謳(うた)おうぜ,"[(1, ''), (2, 'ぶちかま'), (3, 'そう愛(あい)を謳(うた)おうぜ'), (1, '')]",False,False,3,そう愛(あい)を謳(うた)おうぜ
69.82,69.987,-1,ぶちかまそう愛(あい)を謳(うた)おうぜ,"[(1, ''), (2, 'ぶちか'), (3, 'まそう愛(あい)を謳(うた)おうぜ'), (1, '')]",False,False,3,まそう愛(あい)を謳(うた)おうぜ
69.653,69.82,-1,ぶちかまそう愛(あい)を謳(うた)おうぜ,"[(1, ''), (2, 'ぶち'), (3, 'かまそう愛(あい)を謳(うた)おうぜ'), (1, '')]",False,False,3,かまそう愛(あい)を謳(うた)おうぜ
69.486,69.653,-1,ぶちかまそう愛(あい)を謳(うた)おうぜ,"[(1, ''), (2, 'ぶ'), (3, 'ちかまそう愛(あい)を謳(うた)おうぜ'), (1, '')]",False,True,3,ちかまそう愛(あい)を謳(うた)おうぜ
180.397,180.731,-1,また聞(き)こえる聞(き)こえる,"[(1, ''), (2, 'また聞(き)こえる聞(き)こえる'), (1, '')]",True,False,3,また聞(き)こえる聞(き)こえる
180.03,180.397,-1,また聞(き)こえる聞(き)こえる,"[(1, ''), (2, 'また聞(き)こえる聞(き)こえ'), (3, 'る'), (1, '')]",False,False,3,る
179.696,180.03,-1,また聞(き)こえる聞(き)こえる,"[(1, ''), (2, 'また聞(き)こえる聞(き)こ'), (3, 'える'), (1, '')]",False,False,3,える
179.363,179.696,-1,また聞(き)こえる聞(き)こえる,"[(1, ''), (2, 'また聞(き)こえる聞(き)'), (3, 'こえる'), (1, '')]",False,False,3,こえる
179.062,179.363,-1,また聞(き)こえる聞(き)こえる,"[(1, ''), (2, 'また聞(き)こえる'), (3, '聞(き)こえる'), (1, '')]",False,False,3,聞(き)こえる
178.729,179.062,-1,また聞(き)こえる聞(き)こえる,"[(1, ''), (2, 'また聞(き)こえ'), (3, 'る聞(き)こえる'), (1, '')]",False,False,3,る聞(き)こえる
178.395,178.729,-1,また聞(き)こえる聞(き)こえる,"[(1, ''), (2, 'また聞(き)こ'), (3, 'える聞(き)こえる'), (1, '')]",False,False,3,える聞(き)こえる
178.228,178.395,-1,また聞(き)こえる聞(き)こえる,"[(1, ''), (2, 'また聞(き)'), (3, 'こえる聞(き)こえる'), (1, '')]",False,False,3,こえる聞(き)こえる
178.061,178.228,-1,また聞(き)こえる聞(き)こえる,"[(1, ''), (2, 'また'), (3, '聞(き)こえる聞(き)こえる'), (1, '')]",False,False,3,聞(き)こえる聞(き)こえる
177.895,178.061,-1,また聞(き)こえる聞(き)こえる,"[(1, ''), (2, 'ま'), (3, 'た聞(き)こえる聞(き)こえる'), (1, '')]",False,True,3,た聞(き)こえる聞(き)こえる
150.2,151.702,-1,みこウィンク,"[(1, ''), (2, 'みこウィンク'), (1, '')]",True,False,3,みこウィンク
150.033,150.2,-1,みこウィンク,"[(1, ''), (2, 'みこウィン'), (3, 'ク'), (1, '')]",False,False,3,ク
149.7,150.033,-1,みこウィンク,"[(1, ''), (2, 'みこウィ'), (3, 'ンク'), (1, '')]",False,False,3,ンク
149.366,149.7,-1,みこウィンク,"[(1, ''), (2, 'みこ'), (3, 'ウィンク'), (1, '')]",False,False,3,ウィンク
149.032,149.366,-1,みこウィンク,"[(1, ''), (2, 'み'), (3, 'こウィンク'), (1, '')]",False,True,3,こウィンク
195.279,196.78,-1,みこビーム,"[(1, ''), (2, 'みこビーム'), (1, '')]",True,False,3,みこビーム
195.112,195.279,-1,みこビーム,"[(1, ''), (2, 'みこビー'), (3, 'ム'), (1, '')]",False,False,3,ム
194.778,195.112,-1,みこビーム,"[(1, ''), (2, 'みこビ'), (3, 'ーム'), (1, '')]",False,False,3,ーム
194.444,194.778,-1,みこビーム,"[(1, ''), (2, 'みこ'), (3, 'ビーム'), (1, '')]",False,False,3,ビーム
194.111,194.444,-1,みこビーム,"[(1, ''), (2, 'み'), (3, 'こビーム'), (1, '')]",False,False,3,こビーム
75.959,77.461,-1,みこビーム,"[(1, ''), (2, 'みこビーム'), (1, '')]",False,False,3,みこビーム
75.793,75.959,-1,みこビーム,"[(1, ''), (2, 'みこビー'), (3, 'ム'), (1, '')]",False,False,3,ム
75.459,75.793,-1,みこビーム,"[(1, ''), (2, 'みこビ'), (3, 'ーム'), (1, '')]",False,False,3,ーム
75.125,75.459,-1,みこビーム,"[(1, ''), (2, 'みこ'), (3, 'ビーム'), (1, '')]",False,False,3,ビーム
74.792,75.125,-1,みこビーム,"[(1, ''), (2, 'み'), (3, 'こビーム'), (1, '')]",False,True,3,こビーム
132.483,132.816,-1,ガッカリさせないヒロインだから,"[(1, ''), (2, 'ガッカリさせないヒロインだから'), (1, '')]",True,False,3,ガッカリさせないヒロインだから
132.316,132.483,-1,ガッカリさせないヒロインだから,"[(1, ''), (2, 'ガッカリさせないヒロインだか'), (3, 'ら'), (1, '')]",False,False,3,ら
132.149,132.316,-1,ガッカリさせないヒロインだから,"[(1, ''), (2, 'ガッカリさせないヒロインだ'), (3, 'から'), (1, '')]",False,False,3,から
131.982,132.149,-1,ガッカリさせないヒロインだから,"[(1, ''), (2, 'ガッカリさせないヒロイン'), (3, 'だから'), (1, '')]",False,False,3,だから
131.815,131.982,-1,ガッカリさせないヒロインだから,"[(1, ''), (2, 'ガッカリさせないヒロイ'), (3, 'ンだから'), (1, '')]",False,False,3,ンだから
131.648,131.815,-1,ガッカリさせないヒロインだから,"[(1, ''), (2, 'ガッカリさせないヒロ'), (3, 'インだから'), (1, '')]",False,False,3,インだから
131.482,131.648,-1,ガッカリさせないヒロインだから,"[(1, ''), (2, 'ガッカリさせないヒ'), (3, 'ロインだから'), (1, '')]",False,False,3,ロインだから
131.315,131.482,-1,ガッカリさせないヒロインだから,"[(1, ''), (2, 'ガッカリさせない'), (3, 'ヒロインだから'), (1, '')]",False,False,3,ヒロインだから
131.148,131.315,-1,ガッカリさせないヒロインだから,"[(1, ''), (2, 'ガッカリさせな'), (3, 'いヒロインだから'), (1, '')]",False,False,3,いヒロインだから
130.981,131.148,-1,ガッカリさせないヒロインだから,"[(1, ''), (2, 'ガッカリさせ'), (3, 'ないヒロインだから'), (1, '')]",False,False,3,ないヒロインだから
130.814,130.981,-1,ガッカリさせないヒロインだから,"[(1, ''), (2, 'ガッカリさ'), (3, 'せないヒロインだから'), (1, '')]",False,False,3,せないヒロインだから
130.647,130.814,-1,ガッカリさせないヒロインだから,"[(1, ''), (2, 'ガッカリ'), (3, 'させないヒロインだから'), (1, '')]",False,False,3,させないヒロインだから
130.481,130.647,-1,ガッカリさせないヒロインだから,"[(1, ''), (2, 'ガッカ'), (3, 'リさせないヒロインだから'), (1, '')]",False,False,3,リさせないヒロインだから
130.314,130.481,-1,ガッカリさせないヒロインだから,"[(1, ''), (2, 'ガッ'), (3, 'カリさせないヒロインだから'), (1, '')]",False,False,3,カリさせないヒロインだから
130.147,130.314,-1,ガッカリさせないヒロインだから,"[(1, ''), (2, 'ガ'), (3, 'ッカリさせないヒロインだから'), (1, '')]",False,True,3,ッカリさせないヒロインだから
184.701,186.17,-1,ハート撃(う)て,"[(1, ''), (2, 'ハート撃(う)て'), (1, '')]",True,False,3,ハート撃(う)て
184.501,184.701,-1,ハート撃(う)て,"[(1, ''), (2, 'ハート撃(う)'), (3, 'て'), (1, '')]",False,False,3,て
184.201,184.501,-1,ハート撃(う)て,"[(1, ''), (2, 'ハート'), (3, '撃(う)て'), (1, '')]",False,False,3,撃(う)て
183.901,184.201,-1,ハート撃(う)て,"[(1, ''), (2, 'ハー'), (3, 'ト撃(う)て'), (1, '')]",False,False,3,ト撃(う)て
183.534,183.901,-1,ハート撃(う)て,"[(1, ''), (2, 'ハ'), (3, 'ート撃(う)て'), (1, '')]",False,False,3,ート撃(う)て
65.382,66.85,-1,ハート撃(う)て,"[(1, ''), (2, 'ハート撃(う)て'), (1, '')]",False,False,3,ハート撃(う)て
65.182,65.382,-1,ハート撃(う)て,"[(1, ''), (2, 'ハート撃(う)'), (3, 'て'), (1, '')]",False,False,3,て
64.882,65.182,-1,ハート撃(う)て,"[(1, ''), (2, 'ハート'), (3, '撃(う)て'), (1, '')]",False,False,3,撃(う)て
64.548,64.882,-1,ハート撃(う)て,"[(1, ''), (2, 'ハー'), (3, 'ト撃(う)て'), (1, '')]",False,False,3,ト撃(う)て
64.214,64.548,-1,ハート撃(う)て,"[(1, ''), (2, 'ハ'), (3, 'ート撃(う)て'), (1, '')]",False,True,3,ート撃(う)て
108.592,109.293,-1,ピンク色(いろ)纏(まと)った,"[(1, ''), (2, 'ピンク色(いろ)纏(まと)った'), (1, '')]",True,False,3,ピンク色(いろ)纏(まと)った
108.459,108.592,-1,ピンク色(いろ)纏(まと)った,"[(1, ''), (2, 'ピンク色(いろ)纏(まと)っ'), (3, 'た'), (1, '')]",False,False,3,た
108.092,108.459,-1,ピンク色(いろ)纏(まと)った,"[(1, ''), (2, 'ピンク色(いろ)纏(まと)'), (3, 'った'), (1, '')]",False,False,3,った
107.458,108.092,-1,ピンク色(いろ)纏(まと)った,"[(1, ''), (2, 'ピンク色(いろ)'), (3, '纏(まと)った'), (1, '')]",False,False,3,纏(まと)った
107.124,107.458,-1,ピンク色(いろ)纏(まと)った,"[(1, ''), (2, 'ピンク'), (3, '色(いろ)纏(まと)った'), (1, '')]",False,False,3,色(いろ)纏(まと)った
106.957,107.124,-1,ピンク色(いろ)纏(まと)った,"[(1, ''), (2, 'ピン'), (3, 'ク色(いろ)纏(まと)った'), (1, '')]",False,False,3,ク色(いろ)纏(まと)った
106.623,106.957,-1,ピンク色(いろ)纏(まと)った,"[(1, ''), (2, 'ピ'), (3, 'ンク色(いろ)纏(まと)った'), (1, '')]",False,False,3,ンク色(いろ)纏(まと)った
34.385,35.019,-1,ピンク色(いろ)纏(まと)った,"[(1, ''), (2, 'ピンク色(いろ)纏(まと)った'), (1, '')]",False,False,3,ピンク色(いろ)纏(まと)った
34.218,34.385,-1,ピンク色(いろ)纏(まと)った,"[(1, ''), (2, 'ピンク色(いろ)纏(まと)っ'), (3, 'た'), (1, '')]",False,False,3,た
33.851,34.218,-1,ピンク色(いろ)纏(まと)った,"[(1, ''), (2, 'ピンク色(いろ)纏(まと)'), (3, 'った'), (1, '')]",False,False,3,った
33.217,33.851,-1,ピンク色(いろ)纏(まと)った,"[(1, ''), (2, 'ピンク色(いろ)'), (3, '纏(まと)った'), (1, '')]",False,False,3,纏(まと)った
32.883,33.217,-1,ピンク色(いろ)纏(まと)った,"[(1, ''), (2, 'ピンク'), (3, '色(いろ)纏(まと)った'), (1, '')]",False,False,3,色(いろ)纏(まと)った
32.716,32.883,-1,ピンク色(いろ)纏(まと)った,"[(1, ''), (2, 'ピン'), (3, 'ク色(いろ)纏(まと)った'), (1, '')]",False,False,3,ク色(いろ)纏(まと)った
32.383,32.716,-1,ピンク色(いろ)纏(まと)った,"[(1, ''), (2, 'ピ'), (3, 'ンク色(いろ)纏(まと)った'), (1, '')]",False,True,3,ンク色(いろ)纏(まと)った
103.32,103.62,-1,ワルモノを裁(さば)いて,"[(1, ''), (2, 'ワルモノを裁(さば)いて'), (1, '')]",True,False,3,ワルモノを裁(さば)いて
103.12,103.32,-1,ワルモノを裁(さば)いて,"[(1, ''), (2, 'ワルモノを裁(さば)い'), (3, 'て'), (1, '')]",False,False,3,て
102.786,103.12,-1,ワルモノを裁(さば)いて,"[(1, ''), (2, 'ワルモノを裁(さば)'), (3, 'いて'), (1, '')]",False,False,3,いて
102.319,102.786,-1,ワルモノを裁(さば)いて,"[(1, ''), (2, 'ワルモノを'), (3, '裁(さば)いて'), (1, '')]",False,False,3,裁(さば)いて
102.152,102.319,-1,ワルモノを裁(さば)いて,"[(1, ''), (2, 'ワルモノ'), (3, 'を裁(さば)いて'), (1, '')]",False,False,3,を裁(さば)いて
101.819,102.152,-1,ワルモノを裁(さば)いて,"[(1, ''), (2, 'ワルモ'), (3, 'ノを裁(さば)いて'), (1, '')]",False,False,3,ノを裁(さば)いて
101.652,101.819,-1,ワルモノを裁(さば)いて,"[(1, ''), (2, 'ワル'), (3, 'モノを裁(さば)いて'), (1, '')]",False,False,3,モノを裁(さば)いて
101.318,101.652,-1,ワルモノを裁(さば)いて,"[(1, ''), (2, 'ワ'), (3, 'ルモノを裁(さば)いて'), (1, '')]",False,True,3,ルモノを裁(さば)いて
100.684,101.318,-1,ヴィーナスに祈(いの)った,"[(1, ''), (2, 'ヴィーナスに祈(いの)った'), (1, '')]",True,False,3,ヴィーナスに祈(いの)った
100.517,100.684,-1,ヴィーナスに祈(いの)った,"[(1, ''), (2, 'ヴィーナスに祈(いの)っ'), (3, 'た'), (1, '')]",False,False,3,た
100.184,100.517,-1,ヴィーナスに祈(いの)った,"[(1, ''), (2, 'ヴィーナスに祈(いの)'), (3, 'った'), (1, '')]",False,False,3,った
99.683,100.184,-1,ヴィーナスに祈(いの)った,"[(1, ''), (2, 'ヴィーナスに'), (3, '祈(いの)った'), (1, '')]",False,False,3,祈(いの)った
99.516,99.683,-1,ヴィーナスに祈(いの)った,"[(1, ''), (2, 'ヴィーナス'), (3, 'に祈(いの)った'), (1, '')]",False,False,3,に祈(いの)った
99.183,99.516,-1,ヴィーナスに祈(いの)った,"[(1, ''), (2, 'ヴィーナ'), (3, 'スに祈(いの)った'), (1, '')]",False,False,3,スに祈(いの)った
99.016,99.183,-1,ヴィーナスに祈(いの)った,"[(1, ''), (2, 'ヴィー'), (3, 'ナスに祈(いの)った'), (1, '')]",False,False,3,ナスに祈(いの)った
98.682,99.016,-1,ヴィーナスに祈(いの)った,"[(1, ''), (2, 'ヴィ'), (3, 'ーナスに祈(いの)った'), (1, '')]",False,True,3,ーナスに祈(いの)った
197.915,199.416,-1,乱(みだ)れ撃(う)ち,"[(1, ''), (2, '乱(みだ)れ撃(う)ち'), (1, '')]",True,False,3,乱(みだ)れ撃(う)ち
197.781,197.915,-1,乱(みだ)れ撃(う)ち,"[(1, ''), (2, '乱(みだ)れ撃(う)'), (3, 'ち'), (1, '')]",False,False,3,ち
197.447,197.781,-1,乱(みだ)れ撃(う)ち,"[(1, ''), (2, '乱(みだ)れ'), (3, '撃(う)ち'), (1, '')]",False,False,3,撃(う)ち
196.78,197.447,-1,乱(みだ)れ撃(う)ち,"[(1, ''), (2, '乱(みだ)'), (3, 'れ撃(う)ち'), (1, '')]",False,False,3,れ撃(う)ち
78.629,80.097,-1,乱(みだ)れ撃(う)ち,"[(1, ''), (2, '乱(みだ)れ撃(う)ち'), (1, '')]",False,False,3,乱(みだ)れ撃(う)ち
78.462,78.629,-1,乱(みだ)れ撃(う)ち,"[(1, ''), (2, '乱(みだ)れ撃(う)'), (3, 'ち'), (1, '')]",False,False,3,ち
78.128,78.462,-1,乱(みだ)れ撃(う)ち,"[(1, ''), (2, '乱(みだ)れ'), (3, '撃(う)ち'), (1, '')]",False,False,3,撃(う)ち
77.461,78.128,-1,乱(みだ)れ撃(う)ち,"[(1, ''), (2, '乱(みだ)'), (3, 'れ撃(う)ち'), (1, '')]",False,True,3,れ撃(う)ち
135.786,137.087,-1,二(に)度(ど)と悪(わる)ささせない捕(つか)まえた…,"[(1, ''), (2, '二(に)度(ど)と悪(わる)ささせない捕(つか)まえた…'), (1, '')]",True,False,3,二(に)度(ど)と悪(わる)ささせない捕(つか)まえた…
135.452,135.786,-1,二(に)度(ど)と悪(わる)ささせない捕(つか)まえた…,"[(1, ''), (2, '二(に)度(ど)と悪(わる)ささせない捕(つか)まえ'), (3, 'た…'), (1, '')]",False,False,3,た…
135.119,135.452,-1,二(に)度(ど)と悪(わる)ささせない捕(つか)まえた…,"[(1, ''), (2, '二(に)度(ど)と悪(わる)ささせない捕(つか)ま'), (3, 'えた…'), (1, '')]",False,False,3,えた…
134.451,135.119,-1,二(に)度(ど)と悪(わる)ささせない捕(つか)まえた…,"[(1, ''), (2, '二(に)度(ど)と悪(わる)ささせない捕(つか)'), (3, 'まえた…'), (1, '')]",False,False,3,まえた…
134.318,134.451,-1,二(に)度(ど)と悪(わる)ささせない捕(つか)まえた…,"[(1, ''), (2, '二(に)度(ど)と悪(わる)ささせない'), (3, '捕(つか)まえた…'), (1, '')]",False,False,3,捕(つか)まえた…
134.151,134.318,-1,二(に)度(ど)と悪(わる)ささせない捕(つか)まえた…,"[(1, ''), (2, '二(に)度(ど)と悪(わる)ささせな'), (3, 'い捕(つか)まえた…'), (1, '')]",False,False,3,い捕(つか)まえた…
133.984,134.151,-1,二(に)度(ど)と悪(わる)ささせない捕(つか)まえた…,"[(1, ''), (2, '二(に)度(ど)と悪(わる)ささせ'), (3, 'ない捕(つか)まえた…'), (1, '')]",False,False,3,ない捕(つか)まえた…
133.817,133.984,-1,二(に)度(ど)と悪(わる)ささせない捕(つか)まえた…,"[(1, ''), (2, '二(に)度(ど)と悪(わる)ささ'), (3, 'せない捕(つか)まえた…'), (1, '')]",False,False,3,せない捕(つか)まえた…
133.65,133.817,-1,二(に)度(ど)と悪(わる)ささせない捕(つか)まえた…,"[(1, ''), (2, '二(に)度(ど)と悪(わる)さ'), (3, 'させない捕(つか)まえた…'), (1, '')]",False,False,3,させない捕(つか)まえた…
133.317,133.65,-1,二(に)度(ど)と悪(わる)ささせない捕(つか)まえた…,"[(1, ''), (2, '二(に)度(ど)と悪(わる)'), (3, 'ささせない捕(つか)まえた…'), (1, '')]",False,False,3,ささせない捕(つか)まえた…
133.15,133.317,-1,二(に)度(ど)と悪(わる)ささせない捕(つか)まえた…,"[(1, ''), (2, '二(に)度(ど)と'), (3, '悪(わる)ささせない捕(つか)まえた…'), (1, '')]",False,False,3,悪(わる)ささせない捕(つか)まえた…
132.983,133.15,-1,二(に)度(ど)と悪(わる)ささせない捕(つか)まえた…,"[(1, ''), (2, '二(に)度(ど)'), (3, 'と悪(わる)ささせない捕(つか)まえた…'), (1, '')]",False,False,3,と悪(わる)ささせない捕(つか)まえた…
132.816,132.983,-1,二(に)度(ど)と悪(わる)ささせない捕(つか)まえた…,"[(1, ''), (2, '二(に)'), (3, '度(ど)と悪(わる)ささせない捕(つか)まえた…'), (1, '')]",False,True,3,度(ど)と悪(わる)ささせない捕(つか)まえた…
39.656,39.99,-1,人(ひと)々(びと)はすがって,"[(1, ''), (2, '人(ひと)々(びと)はすがって'), (1, '')]",True,False,3,人(ひと)々(びと)はすがって
39.523,39.656,-1,人(ひと)々(びと)はすがって,"[(1, ''), (2, '人(ひと)々(びと)はすがっ'), (3, 'て'), (1, '')]",False,False,3,て
39.323,39.523,-1,人(ひと)々(びと)はすがって,"[(1, ''), (2, '人(ひと)々(びと)はすが'), (3, 'って'), (1, '')]",False,False,3,って
39.156,39.323,-1,人(ひと)々(びと)はすがって,"[(1, ''), (2, '人(ひと)々(びと)はす'), (3, 'がって'), (1, '')]",False,False,3,がって
38.655,39.156,-1,人(ひと)々(びと)はすがって,"[(1, ''), (2, '人(ひと)々(びと)は'), (3, 'すがって'), (1, '')]",False,False,3,すがって
38.188,38.655,-1,人(ひと)々(びと)はすがって,"[(1, ''), (2, '人(ひと)々(びと)'), (3, 'はすがって'), (1, '')]",False,False,3,はすがって
37.688,38.188,-1,人(ひと)々(びと)はすがって,"[(1, ''), (2, '人(ひと)'), (3, '々(びと)はすがって'), (1, '')]",False,True,3,々(びと)はすがって
29.079,29.413,-1,人(ひと)々(びと)は嘆(なげ)いて,"[(1, ''), (2, '人(ひと)々(びと)は嘆(なげ)いて'), (1, '')]",True,False,3,人(ひと)々(びと)は嘆(なげ)いて
28.912,29.079,-1,人(ひと)々(びと)は嘆(なげ)いて,"[(1, ''), (2, '人(ひと)々(びと)は嘆(なげ)い'), (3, 'て'), (1, '')]",False,False,3,て
28.579,28.912,-1,人(ひと)々(びと)は嘆(なげ)いて,"[(1, ''), (2, '人(ひと)々(びと)は嘆(なげ)'), (3, 'いて'), (1, '')]",False,False,3,いて
28.078,28.579,-1,人(ひと)々(びと)は嘆(なげ)いて,"[(1, ''), (2, '人(ひと)々(びと)は'), (3, '嘆(なげ)いて'), (1, '')]",False,False,3,嘆(なげ)いて
27.578,28.078,-1,人(ひと)々(びと)は嘆(なげ)いて,"[(1, ''), (2, '人(ひと)々(びと)'), (3, 'は嘆(なげ)いて'), (1, '')]",False,False,3,は嘆(なげ)いて
27.077,27.578,-1,人(ひと)々(びと)は嘆(なげ)いて,"[(1, ''), (2, '人(ひと)'), (3, '々(びと)は嘆(なげ)いて'), (1, '')]",False,True,3,々(びと)は嘆(なげ)いて
177.561,177.895,-1,休(きゅう)息(そく)ない美(び)少(しょう)女(じょ),"[(1, ''), (2, '休(きゅう)息(そく)ない美(び)少(しょう)女(じょ)'), (1, '')]",True,False,3,休(きゅう)息(そく)ない美(び)少(しょう)女(じょ)
177.227,177.561,-1,休(きゅう)息(そく)ない美(び)少(しょう)女(じょ),"[(1, ''), (2, '休(きゅう)息(そく)ない美(び)少(しょう)'), (3, '女(じょ)'), (1, '')]",False,False,3,女(じょ)
177.06,177.227,-1,休(きゅう)息(そく)ない美(び)少(しょう)女(じょ),"[(1, ''), (2, '休(きゅう)息(そく)ない美(び)'), (3, '少(しょう)女(じょ)'), (1, '')]",False,False,3,少(しょう)女(じょ)
176.693,177.06,-1,休(きゅう)息(そく)ない美(び)少(しょう)女(じょ),"[(1, ''), (2, '休(きゅう)息(そく)ない'), (3, '美(び)少(しょう)女(じょ)'), (1, '')]",False,False,3,美(び)少(しょう)女(じょ)
176.56,176.693,-1,休(きゅう)息(そく)ない美(び)少(しょう)女(じょ),"[(1, ''), (2, '休(きゅう)息(そく)な'), (3, 'い美(び)少(しょう)女(じょ)'), (1, '')]",False,False,3,い美(び)少(しょう)女(じょ)
176.093,176.56,-1,休(きゅう)息(そく)ない美(び)少(しょう)女(じょ),"[(1, ''), (2, '休(きゅう)息(そく)'), (3, 'ない美(び)少(しょう)女(じょ)'), (1, '')]",False,False,3,ない美(び)少(しょう)女(じょ)
175.559,176.093,-1,休(きゅう)息(そく)ない美(び)少(しょう)女(じょ),"[(1, ''), (2, '休(きゅう)'), (3, '息(そく)ない美(び)少(しょう)女(じょ)'), (1, '')]",False,True,3,息(そく)ない美(び)少(しょう)女(じょ)
13.831,16.467,-1,作曲：gom,"[(1, ''), (2, '作曲：gom'), (1, '')]",True,True,0,作曲：gom
11.161,13.831,-1,作詞：gomshito,"[(1, ''), (2, '作詞：gomshito'), (1, '')]",True,True,0,作詞：gomshito
111.295,111.929,-1,傷(きず)ついた美(び)少(しょう)女(じょ),"[(1, ''), (2, '傷(きず)ついた美(び)少(しょう)女(じょ)'), (1, '')]",True,False,3,傷(きず)ついた美(び)少(しょう)女(じょ)
110.928,111.295,-1,傷(きず)ついた美(び)少(しょう)女(じょ),"[(1, ''), (2, '傷(きず)ついた美(び)少(しょう)'), (3, '女(じょ)'), (1, '')]",False,False,3,女(じょ)
110.794,110.928,-1,傷(きず)ついた美(び)少(しょう)女(じょ),"[(1, ''), (2, '傷(きず)ついた美(び)'), (3, '少(しょう)女(じょ)'), (1, '')]",False,False,3,少(しょう)女(じょ)
110.26,110.794,-1,傷(きず)ついた美(び)少(しょう)女(じょ),"[(1, ''), (2, '傷(きず)ついた'), (3, '美(び)少(しょう)女(じょ)'), (1, '')]",False,False,3,美(び)少(しょう)女(じょ)
110.127,110.26,-1,傷(きず)ついた美(び)少(しょう)女(じょ),"[(1, ''), (2, '傷(きず)つい'), (3, 'た美(び)少(しょう)女(じょ)'), (1, '')]",False,False,3,た美(び)少(しょう)女(じょ)
109.827,110.127,-1,傷(きず)ついた美(び)少(しょう)女(じょ),"[(1, ''), (2, '傷(きず)つ'), (3, 'いた美(び)少(しょう)女(じょ)'), (1, '')]",False,False,3,いた美(び)少(しょう)女(じょ)
109.293,109.827,-1,傷(きず)ついた美(び)少(しょう)女(じょ),"[(1, ''), (2, '傷(きず)'), (3, 'ついた美(び)少(しょう)女(じょ)'), (1, '')]",False,True,3,ついた美(び)少(しょう)女(じょ)
172.122,172.923,-1,光(ひかり)の裏(うら)には,"[(1, ''), (2, '光(ひかり)の裏(うら)には'), (1, '')]",True,False,3,光(ひかり)の裏(うら)には
171.922,172.122,-1,光(ひかり)の裏(うら)には,"[(1, ''), (2, '光(ひかり)の裏(うら)に'), (3, 'は'), (1, '')]",False,False,3,は
171.588,171.922,-1,光(ひかり)の裏(うら)には,"[(1, ''), (2, '光(ひかり)の裏(うら)'), (3, 'には'), (1, '')]",False,False,3,には
171.121,171.588,-1,光(ひかり)の裏(うら)には,"[(1, ''), (2, '光(ひかり)の'), (3, '裏(うら)には'), (1, '')]",False,False,3,裏(うら)には
170.287,171.121,-1,光(ひかり)の裏(うら)には,"[(1, ''), (2, '光(ひかり)'), (3, 'の裏(うら)には'), (1, '')]",False,True,3,の裏(うら)には
116.6,116.9,-1,全(すべ)ての願(ねが)いが委(ゆだ)ねられた,"[(1, ''), (2, '全(すべ)ての願(ねが)いが委(ゆだ)ねられた'), (1, '')]",True,False,3,全(すべ)ての願(ねが)いが委(ゆだ)ねられた
116.4,116.6,-1,全(すべ)ての願(ねが)いが委(ゆだ)ねられた,"[(1, ''), (2, '全(すべ)ての願(ねが)いが委(ゆだ)ねられ'), (3, 'た'), (1, '')]",False,False,3,た
116.166,116.4,-1,全(すべ)ての願(ねが)いが委(ゆだ)ねられた,"[(1, ''), (2, '全(すべ)ての願(ねが)いが委(ゆだ)ねら'), (3, 'れた'), (1, '')]",False,False,3,れた
115.899,116.166,-1,全(すべ)ての願(ねが)いが委(ゆだ)ねられた,"[(1, ''), (2, '全(すべ)ての願(ねが)いが委(ゆだ)ね'), (3, 'られた'), (1, '')]",False,False,3,られた
115.599,115.899,-1,全(すべ)ての願(ねが)いが委(ゆだ)ねられた,"[(1, ''), (2, '全(すべ)ての願(ねが)いが委(ゆだ)'), (3, 'ねられた'), (1, '')]",False,False,3,ねられた
115.432,115.599,-1,全(すべ)ての願(ねが)いが委(ゆだ)ねられた,"[(1, ''), (2, '全(すべ)ての願(ねが)いが'), (3, '委(ゆだ)ねられた'), (1, '')]",False,False,3,委(ゆだ)ねられた
115.265,115.432,-1,全(すべ)ての願(ねが)いが委(ゆだ)ねられた,"[(1, ''), (2, '全(すべ)ての願(ねが)い'), (3, 'が委(ゆだ)ねられた'), (1, '')]",False,False,3,が委(ゆだ)ねられた
114.932,115.265,-1,全(すべ)ての願(ねが)いが委(ゆだ)ねられた,"[(1, ''), (2, '全(すべ)ての願(ねが)'), (3, 'いが委(ゆだ)ねられた'), (1, '')]",False,False,3,いが委(ゆだ)ねられた
114.765,114.932,-1,全(すべ)ての願(ねが)いが委(ゆだ)ねられた,"[(1, ''), (2, '全(すべ)ての'), (3, '願(ねが)いが委(ゆだ)ねられた'), (1, '')]",False,False,3,願(ねが)いが委(ゆだ)ねられた
114.598,114.765,-1,全(すべ)ての願(ねが)いが委(ゆだ)ねられた,"[(1, ''), (2, '全(すべ)て'), (3, 'の願(ねが)いが委(ゆだ)ねられた'), (1, '')]",False,False,3,の願(ねが)いが委(ゆだ)ねられた
114.264,114.598,-1,全(すべ)ての願(ねが)いが委(ゆだ)ねられた,"[(1, ''), (2, '全(すべ)'), (3, 'ての願(ねが)いが委(ゆだ)ねられた'), (1, '')]",False,True,3,ての願(ねが)いが委(ゆだ)ねられた
42.326,42.626,-1,全(すべ)ては彼(かの)女(じょ)に委(ゆだ)ねられた,"[(1, ''), (2, '全(すべ)ては彼(かの)女(じょ)に委(ゆだ)ねられた'), (1, '')]",True,False,3,全(すべ)ては彼(かの)女(じょ)に委(ゆだ)ねられた
42.126,42.326,-1,全(すべ)ては彼(かの)女(じょ)に委(ゆだ)ねられた,"[(1, ''), (2, '全(すべ)ては彼(かの)女(じょ)に委(ゆだ)ねられ'), (3, 'た'), (1, '')]",False,False,3,た
41.892,42.126,-1,全(すべ)ては彼(かの)女(じょ)に委(ゆだ)ねられた,"[(1, ''), (2, '全(すべ)ては彼(かの)女(じょ)に委(ゆだ)ねら'), (3, 'れた'), (1, '')]",False,False,3,れた
41.658,41.892,-1,全(すべ)ては彼(かの)女(じょ)に委(ゆだ)ねられた,"[(1, ''), (2, '全(すべ)ては彼(かの)女(じょ)に委(ゆだ)ね'), (3, 'られた'), (1, '')]",False,False,3,られた
41.325,41.658,-1,全(すべ)ては彼(かの)女(じょ)に委(ゆだ)ねられた,"[(1, ''), (2, '全(すべ)ては彼(かの)女(じょ)に委(ゆだ)'), (3, 'ねられた'), (1, '')]",False,False,3,ねられた
41.158,41.325,-1,全(すべ)ては彼(かの)女(じょ)に委(ゆだ)ねられた,"[(1, ''), (2, '全(すべ)ては彼(かの)女(じょ)に'), (3, '委(ゆだ)ねられた'), (1, '')]",False,False,3,委(ゆだ)ねられた
40.991,41.158,-1,全(すべ)ては彼(かの)女(じょ)に委(ゆだ)ねられた,"[(1, ''), (2, '全(すべ)ては彼(かの)女(じょ)'), (3, 'に委(ゆだ)ねられた'), (1, '')]",False,False,3,に委(ゆだ)ねられた
40.657,40.991,-1,全(すべ)ては彼(かの)女(じょ)に委(ゆだ)ねられた,"[(1, ''), (2, '全(すべ)ては彼(かの)'), (3, '女(じょ)に委(ゆだ)ねられた'), (1, '')]",False,False,3,女(じょ)に委(ゆだ)ねられた
40.491,40.657,-1,全(すべ)ては彼(かの)女(じょ)に委(ゆだ)ねられた,"[(1, ''), (2, '全(すべ)ては'), (3, '彼(かの)女(じょ)に委(ゆだ)ねられた'), (1, '')]",False,False,3,彼(かの)女(じょ)に委(ゆだ)ねられた
40.324,40.491,-1,全(すべ)ては彼(かの)女(じょ)に委(ゆだ)ねられた,"[(1, ''), (2, '全(すべ)て'), (3, 'は彼(かの)女(じょ)に委(ゆだ)ねられた'), (1, '')]",False,False,3,は彼(かの)女(じょ)に委(ゆだ)ねられた
39.99,40.324,-1,全(すべ)ては彼(かの)女(じょ)に委(ゆだ)ねられた,"[(1, ''), (2, '全(すべ)'), (3, 'ては彼(かの)女(じょ)に委(ゆだ)ねられた'), (1, '')]",False,True,3,ては彼(かの)女(じょ)に委(ゆだ)ねられた
146.396,147.564,-1,全(ぜん)人(じん)類(るい)打(う)ち上(あ)げろ花(はな)火(び),"[(1, ''), (2, '全(ぜん)人(じん)類(るい)打(う)ち上(あ)げろ花(はな)火(び)'), (1, '')]",True,False,3,全(ぜん)人(じん)類(るい)打(う)ち上(あ)げろ花(はな)火(び)
145.896,146.396,-1,全(ぜん)人(じん)類(るい)打(う)ち上(あ)げろ花(はな)火(び),"[(1, ''), (2, '全(ぜん)人(じん)類(るい)打(う)ち上(あ)げろ花(はな)'), (3, '火(び)'), (1, '')]",False,False,3,火(び)
145.729,145.896,-1,全(ぜん)人(じん)類(るい)打(う)ち上(あ)げろ花(はな)火(び),"[(1, ''), (2, '全(ぜん)人(じん)類(るい)打(う)ち上(あ)げろ'), (3, '花(はな)火(び)'), (1, '')]",False,False,3,花(はな)火(び)
145.562,145.729,-1,全(ぜん)人(じん)類(るい)打(う)ち上(あ)げろ花(はな)火(び),"[(1, ''), (2, '全(ぜん)人(じん)類(るい)打(う)ち上(あ)げ'), (3, 'ろ花(はな)火(び)'), (1, '')]",False,False,3,ろ花(はな)火(び)
145.362,145.562,-1,全(ぜん)人(じん)類(るい)打(う)ち上(あ)げろ花(はな)火(び),"[(1, ''), (2, '全(ぜん)人(じん)類(るい)打(う)ち上(あ)'), (3, 'げろ花(はな)火(び)'), (1, '')]",False,False,3,げろ花(はな)火(び)
145.262,145.362,-1,全(ぜん)人(じん)類(るい)打(う)ち上(あ)げろ花(はな)火(び),"[(1, ''), (2, '全(ぜん)人(じん)類(るい)打(う)ち'), (3, '上(あ)げろ花(はな)火(び)'), (1, '')]",False,False,3,上(あ)げろ花(はな)火(び)
144.895,145.262,-1,全(ぜん)人(じん)類(るい)打(う)ち上(あ)げろ花(はな)火(び),"[(1, ''), (2, '全(ぜん)人(じん)類(るい)打(う)'), (3, 'ち上(あ)げろ花(はな)火(び)'), (1, '')]",False,False,3,ち上(あ)げろ花(はな)火(び)
144.394,144.895,-1,全(ぜん)人(じん)類(るい)打(う)ち上(あ)げろ花(はな)火(び),"[(1, ''), (2, '全(ぜん)人(じん)類(るい)'), (3, '打(う)ち上(あ)げろ花(はな)火(び)'), (1, '')]",False,False,3,打(う)ち上(あ)げろ花(はな)火(び)
144.061,144.394,-1,全(ぜん)人(じん)類(るい)打(う)ち上(あ)げろ花(はな)火(び),"[(1, ''), (2, '全(ぜん)人(じん)'), (3, '類(るい)打(う)ち上(あ)げろ花(はな)火(び)'), (1, '')]",False,False,3,類(るい)打(う)ち上(あ)げろ花(はな)火(び)
143.727,144.061,-1,全(ぜん)人(じん)類(るい)打(う)ち上(あ)げろ花(はな)火(び),"[(1, ''), (2, '全(ぜん)'), (3, '人(じん)類(るい)打(う)ち上(あ)げろ花(はな)火(び)'), (1, '')]",False,True,3,人(じん)類(るい)打(う)ち上(あ)げろ花(はな)火(び)
32.049,32.383,-1,助(たす)けを求(もと)めて声(こえ)をあげる,"[(1, ''), (2, '助(たす)けを求(もと)めて声(こえ)をあげる'), (1, '')]",True,False,3,助(たす)けを求(もと)めて声(こえ)をあげる
31.715,32.049,-1,助(たす)けを求(もと)めて声(こえ)をあげる,"[(1, ''), (2, '助(たす)けを求(もと)めて声(こえ)をあげ'), (3, 'る'), (1, '')]",False,False,3,る
31.382,31.715,-1,助(たす)けを求(もと)めて声(こえ)をあげる,"[(1, ''), (2, '助(たす)けを求(もと)めて声(こえ)をあ'), (3, 'げる'), (1, '')]",False,False,3,げる
31.048,31.382,-1,助(たす)けを求(もと)めて声(こえ)をあげる,"[(1, ''), (2, '助(たす)けを求(もと)めて声(こえ)を'), (3, 'あげる'), (1, '')]",False,False,3,あげる
30.748,31.048,-1,助(たす)けを求(もと)めて声(こえ)をあげる,"[(1, ''), (2, '助(たす)けを求(もと)めて声(こえ)'), (3, 'をあげる'), (1, '')]",False,False,3,をあげる
30.581,30.748,-1,助(たす)けを求(もと)めて声(こえ)をあげる,"[(1, ''), (2, '助(たす)けを求(もと)めて'), (3, '声(こえ)をあげる'), (1, '')]",False,False,3,声(こえ)をあげる
30.381,30.581,-1,助(たす)けを求(もと)めて声(こえ)をあげる,"[(1, ''), (2, '助(たす)けを求(もと)め'), (3, 'て声(こえ)をあげる'), (1, '')]",False,False,3,て声(こえ)をあげる
30.08,30.381,-1,助(たす)けを求(もと)めて声(こえ)をあげる,"[(1, ''), (2, '助(たす)けを求(もと)'), (3, 'めて声(こえ)をあげる'), (1, '')]",False,False,3,めて声(こえ)をあげる
29.847,30.08,-1,助(たす)けを求(もと)めて声(こえ)をあげる,"[(1, ''), (2, '助(たす)けを'), (3, '求(もと)めて声(こえ)をあげる'), (1, '')]",False,False,3,求(もと)めて声(こえ)をあげる
29.747,29.847,-1,助(たす)けを求(もと)めて声(こえ)をあげる,"[(1, ''), (2, '助(たす)け'), (3, 'を求(もと)めて声(こえ)をあげる'), (1, '')]",False,False,3,を求(もと)めて声(こえ)をあげる
29.413,29.747,-1,助(たす)けを求(もと)めて声(こえ)をあげる,"[(1, ''), (2, '助(たす)'), (3, 'けを求(もと)めて声(こえ)をあげる'), (1, '')]",False,True,3,けを求(もと)めて声(こえ)をあげる
204.721,207.491,-1,勝(しょう)利(り)のいちごオレ,"[(1, ''), (2, '勝(しょう)利(り)のいちごオレ'), (1, '')]",True,False,3,勝(しょう)利(り)のいちごオレ
204.221,204.721,-1,勝(しょう)利(り)のいちごオレ,"[(1, ''), (2, '勝(しょう)利(り)のいちごオ'), (3, 'レ'), (1, '')]",False,False,3,レ
203.921,204.221,-1,勝(しょう)利(り)のいちごオレ,"[(1, ''), (2, '勝(しょう)利(り)のいちご'), (3, 'オレ'), (1, '')]",False,False,3,オレ
203.554,203.921,-1,勝(しょう)利(り)のいちごオレ,"[(1, ''), (2, '勝(しょう)利(り)のいち'), (3, 'ごオレ'), (1, '')]",False,False,3,ごオレ
203.253,203.554,-1,勝(しょう)利(り)のいちごオレ,"[(1, ''), (2, '勝(しょう)利(り)のい'), (3, 'ちごオレ'), (1, '')]",False,False,3,ちごオレ
202.92,203.253,-1,勝(しょう)利(り)のいちごオレ,"[(1, ''), (2, '勝(しょう)利(り)の'), (3, 'いちごオレ'), (1, '')]",False,False,3,いちごオレ
202.586,202.92,-1,勝(しょう)利(り)のいちごオレ,"[(1, ''), (2, '勝(しょう)利(り)'), (3, 'のいちごオレ'), (1, '')]",False,False,3,のいちごオレ
201.919,202.586,-1,勝(しょう)利(り)のいちごオレ,"[(1, ''), (2, '勝(しょう)'), (3, '利(り)のいちごオレ'), (1, '')]",False,False,3,利(り)のいちごオレ
85.402,87.438,-1,勝(しょう)利(り)のいちごオレ,"[(1, ''), (2, '勝(しょう)利(り)のいちごオレ'), (1, '')]",False,False,3,勝(しょう)利(り)のいちごオレ
84.902,85.402,-1,勝(しょう)利(り)のいちごオレ,"[(1, ''), (2, '勝(しょう)利(り)のいちごオ'), (3, 'レ'), (1, '')]",False,False,3,レ
84.601,84.902,-1,勝(しょう)利(り)のいちごオレ,"[(1, ''), (2, '勝(しょう)利(り)のいちご'), (3, 'オレ'), (1, '')]",False,False,3,オレ
84.234,84.601,-1,勝(しょう)利(り)のいちごオレ,"[(1, ''), (2, '勝(しょう)利(り)のいち'), (3, 'ごオレ'), (1, '')]",False,False,3,ごオレ
83.934,84.234,-1,勝(しょう)利(り)のいちごオレ,"[(1, ''), (2, '勝(しょう)利(り)のい'), (3, 'ちごオレ'), (1, '')]",False,False,3,ちごオレ
83.6,83.934,-1,勝(しょう)利(り)のいちごオレ,"[(1, ''), (2, '勝(しょう)利(り)の'), (3, 'いちごオレ'), (1, '')]",False,False,3,いちごオレ
83.267,83.6,-1,勝(しょう)利(り)のいちごオレ,"[(1, ''), (2, '勝(しょう)利(り)'), (3, 'のいちごオレ'), (1, '')]",False,False,3,のいちごオレ
82.599,83.267,-1,勝(しょう)利(り)のいちごオレ,"[(1, ''), (2, '勝(しょう)'), (3, '利(り)のいちごオレ'), (1, '')]",False,True,3,利(り)のいちごオレ
142.259,143.727,-1,可愛(かわい)くね,"[(1, ''), (2, '可愛(かわい)くね'), (1, '')]",True,False,3,可愛(かわい)くね
142.092,142.259,-1,可愛(かわい)くね,"[(1, ''), (2, '可愛(かわい)く'), (3, 'ね'), (1, '')]",False,False,3,ね
141.091,142.092,-1,可愛(かわい)くね,"[(1, ''), (2, '可愛(かわい)'), (3, 'くね'), (1, '')]",False,True,3,くね
159.51,162.312,-1,回(かい)復(ふく)ミルクティー,"[(1, ''), (2, '回(かい)復(ふく)ミルクティー'), (1, '')]",True,False,3,回(かい)復(ふく)ミルクティー
159.176,159.51,-1,回(かい)復(ふく)ミルクティー,"[(1, ''), (2, '回(かい)復(ふく)ミルクティ'), (3, 'ー'), (1, '')]",False,False,3,ー
158.842,159.176,-1,回(かい)復(ふく)ミルクティー,"[(1, ''), (2, '回(かい)復(ふく)ミルク'), (3, 'ティー'), (1, '')]",False,False,3,ティー
158.509,158.842,-1,回(かい)復(ふく)ミルクティー,"[(1, ''), (2, '回(かい)復(ふく)ミル'), (3, 'クティー'), (1, '')]",False,False,3,クティー
158.142,158.509,-1,回(かい)復(ふく)ミルクティー,"[(1, ''), (2, '回(かい)復(ふく)ミ'), (3, 'ルクティー'), (1, '')]",False,False,3,ルクティー
157.508,158.142,-1,回(かい)復(ふく)ミルクティー,"[(1, ''), (2, '回(かい)復(ふく)'), (3, 'ミルクティー'), (1, '')]",False,False,3,ミルクティー
156.84,157.508,-1,回(かい)復(ふく)ミルクティー,"[(1, ''), (2, '回(かい)'), (3, '復(ふく)ミルクティー'), (1, '')]",False,True,3,復(ふく)ミルクティー
52.936,53.237,-1,孤(こ)独(どく)泣(な)かない戦(せん)士(し),"[(1, ''), (2, '孤(こ)独(どく)泣(な)かない戦(せん)士(し)'), (1, '')]",True,False,3,孤(こ)独(どく)泣(な)かない戦(せん)士(し)
52.603,52.936,-1,孤(こ)独(どく)泣(な)かない戦(せん)士(し),"[(1, ''), (2, '孤(こ)独(どく)泣(な)かない戦(せん)'), (3, '士(し)'), (1, '')]",False,False,3,士(し)
52.436,52.603,-1,孤(こ)独(どく)泣(な)かない戦(せん)士(し),"[(1, ''), (2, '孤(こ)独(どく)泣(な)かない'), (3, '戦(せん)士(し)'), (1, '')]",False,False,3,戦(せん)士(し)
52.269,52.436,-1,孤(こ)独(どく)泣(な)かない戦(せん)士(し),"[(1, ''), (2, '孤(こ)独(どく)泣(な)かな'), (3, 'い戦(せん)士(し)'), (1, '')]",False,False,3,い戦(せん)士(し)
52.102,52.269,-1,孤(こ)独(どく)泣(な)かない戦(せん)士(し),"[(1, ''), (2, '孤(こ)独(どく)泣(な)か'), (3, 'ない戦(せん)士(し)'), (1, '')]",False,False,3,ない戦(せん)士(し)
51.969,52.102,-1,孤(こ)独(どく)泣(な)かない戦(せん)士(し),"[(1, ''), (2, '孤(こ)独(どく)泣(な)'), (3, 'かない戦(せん)士(し)'), (1, '')]",False,False,3,かない戦(せん)士(し)
50.768,51.969,-1,孤(こ)独(どく)泣(な)かない戦(せん)士(し),"[(1, ''), (2, '孤(こ)独(どく)'), (3, '泣(な)かない戦(せん)士(し)'), (1, '')]",False,False,3,泣(な)かない戦(せん)士(し)
50.601,50.768,-1,孤(こ)独(どく)泣(な)かない戦(せん)士(し),"[(1, ''), (2, '孤(こ)'), (3, '独(どく)泣(な)かない戦(せん)士(し)'), (1, '')]",False,True,3,独(どく)泣(な)かない戦(せん)士(し)
47.431,47.965,-1,弱(よわ)きを助(たす)け悪(あく)を成(せい)敗(ばい)♡,"[(1, ''), (2, '弱(よわ)きを助(たす)け悪(あく)を成(せい)敗(ばい)♡'), (1, '')]",True,False,3,弱(よわ)きを助(たす)け悪(あく)を成(せい)敗(ばい)♡
47.131,47.431,-1,弱(よわ)きを助(たす)け悪(あく)を成(せい)敗(ばい)♡,"[(1, ''), (2, '弱(よわ)きを助(たす)け悪(あく)を成(せい)'), (3, '敗(ばい)'), (2, '♡'), (1, '')]",False,False,3,敗(ばい)♡
46.93,47.131,-1,弱(よわ)きを助(たす)け悪(あく)を成(せい)敗(ばい)♡,"[(1, ''), (2, '弱(よわ)きを助(たす)け悪(あく)を'), (3, '成(せい)敗(ばい)'), (2, '♡'), (1, '')]",False,False,3,成(せい)敗(ばい)♡
46.63,46.93,-1,弱(よわ)きを助(たす)け悪(あく)を成(せい)敗(ばい)♡,"[(1, ''), (2, '弱(よわ)きを助(たす)け悪(あく)'), (3, 'を成(せい)敗(ばい)'), (2, '♡'), (1, '')]",False,False,3,を成(せい)敗(ばい)♡
46.263,46.63,-1,弱(よわ)きを助(たす)け悪(あく)を成(せい)敗(ばい)♡,"[(1, ''), (2, '弱(よわ)きを助(たす)け'), (3, '悪(あく)を成(せい)敗(ばい)'), (2, '♡'), (1, '')]",False,False,3,悪(あく)を成(せい)敗(ばい)♡
45.963,46.263,-1,弱(よわ)きを助(たす)け悪(あく)を成(せい)敗(ばい)♡,"[(1, ''), (2, '弱(よわ)きを助(たす)'), (3, 'け悪(あく)を成(せい)敗(ばい)'), (2, '♡'), (1, '')]",False,False,3,け悪(あく)を成(せい)敗(ばい)♡
45.796,45.963,-1,弱(よわ)きを助(たす)け悪(あく)を成(せい)敗(ばい)♡,"[(1, ''), (2, '弱(よわ)きを'), (3, '助(たす)け悪(あく)を成(せい)敗(ばい)'), (2, '♡'), (1, '')]",False,False,3,助(たす)け悪(あく)を成(せい)敗(ばい)♡
45.629,45.796,-1,弱(よわ)きを助(たす)け悪(あく)を成(せい)敗(ばい)♡,"[(1, ''), (2, '弱(よわ)き'), (3, 'を助(たす)け悪(あく)を成(せい)敗(ばい)'), (2, '♡'), (1, '')]",False,False,3,を助(たす)け悪(あく)を成(せい)敗(ばい)♡
45.295,45.629,-1,弱(よわ)きを助(たす)け悪(あく)を成(せい)敗(ばい)♡,"[(1, ''), (2, '弱(よわ)'), (3, 'きを助(たす)け悪(あく)を成(せい)敗(ばい)'), (2, '♡'), (1, '')]",False,True,3,きを助(たす)け悪(あく)を成(せい)敗(ばい)♡
174.591,175.559,-1,影(かげ)が生(う)まれる,"[(1, ''), (2, '影(かげ)が生(う)まれる'), (1, '')]",True,False,3,影(かげ)が生(う)まれる
174.424,174.591,-1,影(かげ)が生(う)まれる,"[(1, ''), (2, '影(かげ)が生(う)まれ'), (3, 'る'), (1, '')]",False,False,3,る
174.258,174.424,-1,影(かげ)が生(う)まれる,"[(1, ''), (2, '影(かげ)が生(う)ま'), (3, 'れる'), (1, '')]",False,False,3,れる
174.091,174.258,-1,影(かげ)が生(う)まれる,"[(1, ''), (2, '影(かげ)が生(う)'), (3, 'まれる'), (1, '')]",False,False,3,まれる
173.423,174.091,-1,影(かげ)が生(う)まれる,"[(1, ''), (2, '影(かげ)が'), (3, '生(う)まれる'), (1, '')]",False,False,3,生(う)まれる
172.923,173.423,-1,影(かげ)が生(う)まれる,"[(1, ''), (2, '影(かげ)'), (3, 'が生(う)まれる'), (1, '')]",False,True,3,が生(う)まれる
98.015,98.682,-1,忠(ちゅう)誠(せい)を誓(ちか)った,"[(1, ''), (2, '忠(ちゅう)誠(せい)を誓(ちか)った'), (1, '')]",True,False,3,忠(ちゅう)誠(せい)を誓(ちか)った
97.848,98.015,-1,忠(ちゅう)誠(せい)を誓(ちか)った,"[(1, ''), (2, '忠(ちゅう)誠(せい)を誓(ちか)っ'), (3, 'た'), (1, '')]",False,False,3,た
97.481,97.848,-1,忠(ちゅう)誠(せい)を誓(ちか)った,"[(1, ''), (2, '忠(ちゅう)誠(せい)を誓(ちか)'), (3, 'った'), (1, '')]",False,False,3,った
97.014,97.481,-1,忠(ちゅう)誠(せい)を誓(ちか)った,"[(1, ''), (2, '忠(ちゅう)誠(せい)を'), (3, '誓(ちか)った'), (1, '')]",False,False,3,誓(ちか)った
96.513,97.014,-1,忠(ちゅう)誠(せい)を誓(ちか)った,"[(1, ''), (2, '忠(ちゅう)誠(せい)'), (3, 'を誓(ちか)った'), (1, '')]",False,False,3,を誓(ちか)った
96.013,96.513,-1,忠(ちゅう)誠(せい)を誓(ちか)った,"[(1, ''), (2, '忠(ちゅう)'), (3, '誠(せい)を誓(ちか)った'), (1, '')]",False,True,3,誠(せい)を誓(ちか)った
152.87,154.338,-1,愛(あい)してね,"[(1, ''), (2, '愛(あい)してね'), (1, '')]",True,False,3,愛(あい)してね
152.703,152.87,-1,愛(あい)してね,"[(1, ''), (2, '愛(あい)して'), (3, 'ね'), (1, '')]",False,False,3,ね
152.369,152.703,-1,愛(あい)してね,"[(1, ''), (2, '愛(あい)し'), (3, 'てね'), (1, '')]",False,False,3,てね
151.702,152.369,-1,愛(あい)してね,"[(1, ''), (2, '愛(あい)'), (3, 'してね'), (1, '')]",False,True,3,してね
201.585,201.919,-1,捨(す)て身(み)覚(かく)悟(ご)予(よ)測(そく)は不(ふ)能(のう),"[(1, ''), (2, '捨(す)て身(み)覚(かく)悟(ご)予(よ)測(そく)は不(ふ)能(のう)'), (1, '')]",True,False,3,捨(す)て身(み)覚(かく)悟(ご)予(よ)測(そく)は不(ふ)能(のう)
201.418,201.585,-1,捨(す)て身(み)覚(かく)悟(ご)予(よ)測(そく)は不(ふ)能(のう),"[(1, ''), (2, '捨(す)て身(み)覚(かく)悟(ご)予(よ)測(そく)は不(ふ)'), (3, '能(のう)'), (1, '')]",False,False,3,能(のう)
201.251,201.418,-1,捨(す)て身(み)覚(かく)悟(ご)予(よ)測(そく)は不(ふ)能(のう),"[(1, ''), (2, '捨(す)て身(み)覚(かく)悟(ご)予(よ)測(そく)は'), (3, '不(ふ)能(のう)'), (1, '')]",False,False,3,不(ふ)能(のう)
200.918,201.251,-1,捨(す)て身(み)覚(かく)悟(ご)予(よ)測(そく)は不(ふ)能(のう),"[(1, ''), (2, '捨(す)て身(み)覚(かく)悟(ご)予(よ)測(そく)'), (3, 'は不(ふ)能(のう)'), (1, '')]",False,False,3,は不(ふ)能(のう)
200.584,200.918,-1,捨(す)て身(み)覚(かく)悟(ご)予(よ)測(そく)は不(ふ)能(のう),"[(1, ''), (2, '捨(す)て身(み)覚(かく)悟(ご)予(よ)'), (3, '測(そく)は不(ふ)能(のう)'), (1, '')]",False,False,3,測(そく)は不(ふ)能(のう)
200.284,200.584,-1,捨(す)て身(み)覚(かく)悟(ご)予(よ)測(そく)は不(ふ)能(のう),"[(1, ''), (2, '捨(す)て身(み)覚(かく)悟(ご)'), (3, '予(よ)測(そく)は不(ふ)能(のう)'), (1, '')]",False,False,3,予(よ)測(そく)は不(ふ)能(のう)
199.917,200.284,-1,捨(す)て身(み)覚(かく)悟(ご)予(よ)測(そく)は不(ふ)能(のう),"[(1, ''), (2, '捨(す)て身(み)覚(かく)'), (3, '悟(ご)予(よ)測(そく)は不(ふ)能(のう)'), (1, '')]",False,False,3,悟(ご)予(よ)測(そく)は不(ふ)能(のう)
199.75,199.917,-1,捨(す)て身(み)覚(かく)悟(ご)予(よ)測(そく)は不(ふ)能(のう),"[(1, ''), (2, '捨(す)て身(み)'), (3, '覚(かく)悟(ご)予(よ)測(そく)は不(ふ)能(のう)'), (1, '')]",False,False,3,覚(かく)悟(ご)予(よ)測(そく)は不(ふ)能(のう)
199.583,199.75,-1,捨(す)て身(み)覚(かく)悟(ご)予(よ)測(そく)は不(ふ)能(のう),"[(1, ''), (2, '捨(す)て'), (3, '身(み)覚(かく)悟(ご)予(よ)測(そく)は不(ふ)能(のう)'), (1, '')]",False,False,3,身(み)覚(かく)悟(ご)予(よ)測(そく)は不(ふ)能(のう)
199.416,199.583,-1,捨(す)て身(み)覚(かく)悟(ご)予(よ)測(そく)は不(ふ)能(のう),"[(1, ''), (2, '捨(す)'), (3, 'て身(み)覚(かく)悟(ご)予(よ)測(そく)は不(ふ)能(のう)'), (1, '')]",False,False,3,て身(み)覚(かく)悟(ご)予(よ)測(そく)は不(ふ)能(のう)
82.232,82.599,-1,捨(す)て身(み)覚(かく)悟(ご)予(よ)測(そく)は不(ふ)能(のう),"[(1, ''), (2, '捨(す)て身(み)覚(かく)悟(ご)予(よ)測(そく)は不(ふ)能(のう)'), (1, '')]",False,False,3,捨(す)て身(み)覚(かく)悟(ご)予(よ)測(そく)は不(ふ)能(のう)
82.066,82.232,-1,捨(す)て身(み)覚(かく)悟(ご)予(よ)測(そく)は不(ふ)能(のう),"[(1, ''), (2, '捨(す)て身(み)覚(かく)悟(ご)予(よ)測(そく)は不(ふ)'), (3, '能(のう)'), (1, '')]",False,False,3,能(のう)
81.899,82.066,-1,捨(す)て身(み)覚(かく)悟(ご)予(よ)測(そく)は不(ふ)能(のう),"[(1, ''), (2, '捨(す)て身(み)覚(かく)悟(ご)予(よ)測(そく)は'), (3, '不(ふ)能(のう)'), (1, '')]",False,False,3,不(ふ)能(のう)
81.598,81.899,-1,捨(す)て身(み)覚(かく)悟(ご)予(よ)測(そく)は不(ふ)能(のう),"[(1, ''), (2, '捨(す)て身(み)覚(かく)悟(ご)予(よ)測(そく)'), (3, 'は不(ふ)能(のう)'), (1, '')]",False,False,3,は不(ふ)能(のう)
81.265,81.598,-1,捨(す)て身(み)覚(かく)悟(ご)予(よ)測(そく)は不(ふ)能(のう),"[(1, ''), (2, '捨(す)て身(み)覚(かく)悟(ご)予(よ)'), (3, '測(そく)は不(ふ)能(のう)'), (1, '')]",False,False,3,測(そく)は不(ふ)能(のう)
80.931,81.265,-1,捨(す)て身(み)覚(かく)悟(ご)予(よ)測(そく)は不(ふ)能(のう),"[(1, ''), (2, '捨(す)て身(み)覚(かく)悟(ご)'), (3, '予(よ)測(そく)は不(ふ)能(のう)'), (1, '')]",False,False,3,予(よ)測(そく)は不(ふ)能(のう)
80.597,80.931,-1,捨(す)て身(み)覚(かく)悟(ご)予(よ)測(そく)は不(ふ)能(のう),"[(1, ''), (2, '捨(す)て身(み)覚(かく)'), (3, '悟(ご)予(よ)測(そく)は不(ふ)能(のう)'), (1, '')]",False,False,3,悟(ご)予(よ)測(そく)は不(ふ)能(のう)
80.431,80.597,-1,捨(す)て身(み)覚(かく)悟(ご)予(よ)測(そく)は不(ふ)能(のう),"[(1, ''), (2, '捨(す)て身(み)'), (3, '覚(かく)悟(ご)予(よ)測(そく)は不(ふ)能(のう)'), (1, '')]",False,False,3,覚(かく)悟(ご)予(よ)測(そく)は不(ふ)能(のう)
80.264,80.431,-1,捨(す)て身(み)覚(かく)悟(ご)予(よ)測(そく)は不(ふ)能(のう),"[(1, ''), (2, '捨(す)て'), (3, '身(み)覚(かく)悟(ご)予(よ)測(そく)は不(ふ)能(のう)'), (1, '')]",False,False,3,身(み)覚(かく)悟(ご)予(よ)測(そく)は不(ふ)能(のう)
80.097,80.264,-1,捨(す)て身(み)覚(かく)悟(ご)予(よ)測(そく)は不(ふ)能(のう),"[(1, ''), (2, '捨(す)'), (3, 'て身(み)覚(かく)悟(ご)予(よ)測(そく)は不(ふ)能(のう)'), (1, '')]",False,True,3,て身(み)覚(かく)悟(ご)予(よ)測(そく)は不(ふ)能(のう)
23.741,24.408,-1,暗(あん)黒(こく)に染(そ)まった,"[(1, ''), (2, '暗(あん)黒(こく)に染(そ)まった'), (1, '')]",True,False,3,暗(あん)黒(こく)に染(そ)まった
23.574,23.741,-1,暗(あん)黒(こく)に染(そ)まった,"[(1, ''), (2, '暗(あん)黒(こく)に染(そ)まっ'), (3, 'た'), (1, '')]",False,False,3,た
23.407,23.574,-1,暗(あん)黒(こく)に染(そ)まった,"[(1, ''), (2, '暗(あん)黒(こく)に染(そ)ま'), (3, 'った'), (1, '')]",False,False,3,った
23.273,23.407,-1,暗(あん)黒(こく)に染(そ)まった,"[(1, ''), (2, '暗(あん)黒(こく)に染(そ)'), (3, 'まった'), (1, '')]",False,False,3,まった
22.773,23.273,-1,暗(あん)黒(こく)に染(そ)まった,"[(1, ''), (2, '暗(あん)黒(こく)に'), (3, '染(そ)まった'), (1, '')]",False,False,3,染(そ)まった
22.272,22.773,-1,暗(あん)黒(こく)に染(そ)まった,"[(1, ''), (2, '暗(あん)黒(こく)'), (3, 'に染(そ)まった'), (1, '')]",False,False,3,に染(そ)まった
21.772,22.272,-1,暗(あん)黒(こく)に染(そ)まった,"[(1, ''), (2, '暗(あん)'), (3, '黒(こく)に染(そ)まった'), (1, '')]",False,True,3,黒(こく)に染(そ)まった
113.864,114.264,-1,最(さい)大(だい)のピンチ,"[(1, ''), (2, '最(さい)大(だい)のピンチ'), (1, '')]",True,False,3,最(さい)大(だい)のピンチ
113.564,113.864,-1,最(さい)大(だい)のピンチ,"[(1, ''), (2, '最(さい)大(だい)のピン'), (3, 'チ'), (1, '')]",False,False,3,チ
113.397,113.564,-1,最(さい)大(だい)のピンチ,"[(1, ''), (2, '最(さい)大(だい)のピ'), (3, 'ンチ'), (1, '')]",False,False,3,ンチ
112.896,113.397,-1,最(さい)大(だい)のピンチ,"[(1, ''), (2, '最(さい)大(だい)の'), (3, 'ピンチ'), (1, '')]",False,False,3,ピンチ
112.429,112.896,-1,最(さい)大(だい)のピンチ,"[(1, ''), (2, '最(さい)大(だい)'), (3, 'のピンチ'), (1, '')]",False,False,3,のピンチ
111.929,112.429,-1,最(さい)大(だい)のピンチ,"[(1, ''), (2, '最(さい)'), (3, '大(だい)のピンチ'), (1, '')]",False,True,3,大(だい)のピンチ
156.34,156.84,-1,最(さい)強(きょう)だよ一(いっ)騎(き)当(とう)千(せん),"[(1, ''), (2, '最(さい)強(きょう)だよ一(いっ)騎(き)当(とう)千(せん)'), (1, '')]",True,False,3,最(さい)強(きょう)だよ一(いっ)騎(き)当(とう)千(せん)
156.006,156.34,-1,最(さい)強(きょう)だよ一(いっ)騎(き)当(とう)千(せん),"[(1, ''), (2, '最(さい)強(きょう)だよ一(いっ)騎(き)当(とう)'), (3, '千(せん)'), (1, '')]",False,False,3,千(せん)
155.839,156.006,-1,最(さい)強(きょう)だよ一(いっ)騎(き)当(とう)千(せん),"[(1, ''), (2, '最(さい)強(きょう)だよ一(いっ)騎(き)'), (3, '当(とう)千(せん)'), (1, '')]",False,False,3,当(とう)千(せん)
155.506,155.839,-1,最(さい)強(きょう)だよ一(いっ)騎(き)当(とう)千(せん),"[(1, ''), (2, '最(さい)強(きょう)だよ一(いっ)'), (3, '騎(き)当(とう)千(せん)'), (1, '')]",False,False,3,騎(き)当(とう)千(せん)
155.205,155.506,-1,最(さい)強(きょう)だよ一(いっ)騎(き)当(とう)千(せん),"[(1, ''), (2, '最(さい)強(きょう)だよ'), (3, '一(いっ)騎(き)当(とう)千(せん)'), (1, '')]",False,False,3,一(いっ)騎(き)当(とう)千(せん)
155.005,155.205,-1,最(さい)強(きょう)だよ一(いっ)騎(き)当(とう)千(せん),"[(1, ''), (2, '最(さい)強(きょう)だ'), (3, 'よ一(いっ)騎(き)当(とう)千(せん)'), (1, '')]",False,False,3,よ一(いっ)騎(き)当(とう)千(せん)
154.671,155.005,-1,最(さい)強(きょう)だよ一(いっ)騎(き)当(とう)千(せん),"[(1, ''), (2, '最(さい)強(きょう)'), (3, 'だよ一(いっ)騎(き)当(とう)千(せん)'), (1, '')]",False,False,3,だよ一(いっ)騎(き)当(とう)千(せん)
154.338,154.671,-1,最(さい)強(きょう)だよ一(いっ)騎(き)当(とう)千(せん),"[(1, ''), (2, '最(さい)'), (3, '強(きょう)だよ一(いっ)騎(き)当(とう)千(せん)'), (1, '')]",False,True,3,強(きょう)だよ一(いっ)騎(き)当(とう)千(せん)
19.103,21.772,-1,歌唱：さくらみこ,"[(1, ''), (2, '歌唱：さくらみこ'), (1, '')]",True,True,0,歌唱：さくらみこ
187.337,188.805,-1,狙(ねら)い撃(う)て,"[(1, ''), (2, '狙(ねら)い撃(う)て'), (1, '')]",True,False,3,狙(ねら)い撃(う)て
187.171,187.337,-1,狙(ねら)い撃(う)て,"[(1, ''), (2, '狙(ねら)い撃(う)'), (3, 'て'), (1, '')]",False,False,3,て
186.837,187.171,-1,狙(ねら)い撃(う)て,"[(1, ''), (2, '狙(ねら)い'), (3, '撃(う)て'), (1, '')]",False,False,3,撃(う)て
186.17,186.837,-1,狙(ねら)い撃(う)て,"[(1, ''), (2, '狙(ねら)'), (3, 'い撃(う)て'), (1, '')]",False,False,3,い撃(う)て
68.018,69.486,-1,狙(ねら)い撃(う)て,"[(1, ''), (2, '狙(ねら)い撃(う)て'), (1, '')]",False,False,3,狙(ねら)い撃(う)て
67.818,68.018,-1,狙(ねら)い撃(う)て,"[(1, ''), (2, '狙(ねら)い撃(う)'), (3, 'て'), (1, '')]",False,False,3,て
67.518,67.818,-1,狙(ねら)い撃(う)て,"[(1, ''), (2, '狙(ねら)い'), (3, '撃(う)て'), (1, '')]",False,False,3,撃(う)て
66.85,67.518,-1,狙(ねら)い撃(う)て,"[(1, ''), (2, '狙(ねら)'), (3, 'い撃(う)て'), (1, '')]",False,True,3,い撃(う)て
181.698,182.199,-1,祈(いの)りが,"[(1, ''), (2, '祈(いの)りが'), (1, '')]",True,False,3,祈(いの)りが
181.398,181.698,-1,祈(いの)りが,"[(1, ''), (2, '祈(いの)り'), (3, 'が'), (1, '')]",False,False,3,が
180.731,181.398,-1,祈(いの)りが,"[(1, ''), (2, '祈(いの)'), (3, 'りが'), (1, '')]",False,True,3,りが
127.144,127.511,-1,窮(きゅう)鼠(そ)猫(ねこ)を噛(か)みます,"[(1, ''), (2, '窮(きゅう)鼠(そ)猫(ねこ)を噛(か)みます'), (1, '')]",True,False,3,窮(きゅう)鼠(そ)猫(ねこ)を噛(か)みます
126.977,127.144,-1,窮(きゅう)鼠(そ)猫(ねこ)を噛(か)みます,"[(1, ''), (2, '窮(きゅう)鼠(そ)猫(ねこ)を噛(か)みま'), (3, 'す'), (1, '')]",False,False,3,す
126.844,126.977,-1,窮(きゅう)鼠(そ)猫(ねこ)を噛(か)みます,"[(1, ''), (2, '窮(きゅう)鼠(そ)猫(ねこ)を噛(か)み'), (3, 'ます'), (1, '')]",False,False,3,ます
126.677,126.844,-1,窮(きゅう)鼠(そ)猫(ねこ)を噛(か)みます,"[(1, ''), (2, '窮(きゅう)鼠(そ)猫(ねこ)を噛(か)'), (3, 'みます'), (1, '')]",False,False,3,みます
126.477,126.677,-1,窮(きゅう)鼠(そ)猫(ねこ)を噛(か)みます,"[(1, ''), (2, '窮(きゅう)鼠(そ)猫(ねこ)を'), (3, '噛(か)みます'), (1, '')]",False,False,3,噛(か)みます
126.176,126.477,-1,窮(きゅう)鼠(そ)猫(ねこ)を噛(か)みます,"[(1, ''), (2, '窮(きゅう)鼠(そ)猫(ねこ)'), (3, 'を噛(か)みます'), (1, '')]",False,False,3,を噛(か)みます
125.209,126.176,-1,窮(きゅう)鼠(そ)猫(ねこ)を噛(か)みます,"[(1, ''), (2, '窮(きゅう)鼠(そ)'), (3, '猫(ねこ)を噛(か)みます'), (1, '')]",False,False,3,猫(ねこ)を噛(か)みます
124.842,125.209,-1,窮(きゅう)鼠(そ)猫(ねこ)を噛(か)みます,"[(1, ''), (2, '窮(きゅう)'), (3, '鼠(そ)猫(ねこ)を噛(か)みます'), (1, '')]",False,True,3,鼠(そ)猫(ねこ)を噛(か)みます
16.467,19.103,-1,編曲：honeyworks,"[(1, ''), (2, '編曲：honeyworks'), (1, '')]",True,True,0,編曲：honeyworks
105.622,105.956,-1,自(じ)由(ゆう)を求(もと)めて戦(たたか)え！,"[(1, ''), (2, '自(じ)由(ゆう)を求(もと)めて戦(たたか)え！'), (1, '')]",True,False,3,自(じ)由(ゆう)を求(もと)めて戦(たたか)え！
104.955,105.622,-1,自(じ)由(ゆう)を求(もと)めて戦(たたか)え！,"[(1, ''), (2, '自(じ)由(ゆう)を求(もと)めて戦(たたか)'), (3, 'え！'), (1, '')]",False,False,3,え！
104.788,104.955,-1,自(じ)由(ゆう)を求(もと)めて戦(たたか)え！,"[(1, ''), (2, '自(じ)由(ゆう)を求(もと)めて'), (3, '戦(たたか)え！'), (1, '')]",False,False,3,戦(たたか)え！
104.621,104.788,-1,自(じ)由(ゆう)を求(もと)めて戦(たたか)え！,"[(1, ''), (2, '自(じ)由(ゆう)を求(もと)め'), (3, 'て戦(たたか)え！'), (1, '')]",False,False,3,て戦(たたか)え！
104.288,104.621,-1,自(じ)由(ゆう)を求(もと)めて戦(たたか)え！,"[(1, ''), (2, '自(じ)由(ゆう)を求(もと)'), (3, 'めて戦(たたか)え！'), (1, '')]",False,False,3,めて戦(たたか)え！
104.121,104.288,-1,自(じ)由(ゆう)を求(もと)めて戦(たたか)え！,"[(1, ''), (2, '自(じ)由(ゆう)を'), (3, '求(もと)めて戦(たたか)え！'), (1, '')]",False,False,3,求(もと)めて戦(たたか)え！
103.787,104.121,-1,自(じ)由(ゆう)を求(もと)めて戦(たたか)え！,"[(1, ''), (2, '自(じ)由(ゆう)'), (3, 'を求(もと)めて戦(たたか)え！'), (1, '')]",False,False,3,を求(もと)めて戦(たたか)え！
103.62,103.787,-1,自(じ)由(ゆう)を求(もと)めて戦(たたか)え！,"[(1, ''), (2, '自(じ)'), (3, '由(ゆう)を求(もと)めて戦(たたか)え！'), (1, '')]",False,True,3,由(ゆう)を求(もと)めて戦(たたか)え！
37.021,37.688,-1,謎(なぞ)めいた美(び)少(しょう)女(じょ),"[(1, ''), (2, '謎(なぞ)めいた美(び)少(しょう)女(じょ)'), (1, '')]",True,False,3,謎(なぞ)めいた美(び)少(しょう)女(じょ)
36.687,37.021,-1,謎(なぞ)めいた美(び)少(しょう)女(じょ),"[(1, ''), (2, '謎(なぞ)めいた美(び)少(しょう)'), (3, '女(じょ)'), (1, '')]",False,False,3,女(じょ)
36.487,36.687,-1,謎(なぞ)めいた美(び)少(しょう)女(じょ),"[(1, ''), (2, '謎(なぞ)めいた美(び)'), (3, '少(しょう)女(じょ)'), (1, '')]",False,False,3,少(しょう)女(じょ)
36.02,36.487,-1,謎(なぞ)めいた美(び)少(しょう)女(じょ),"[(1, ''), (2, '謎(なぞ)めいた'), (3, '美(び)少(しょう)女(じょ)'), (1, '')]",False,False,3,美(び)少(しょう)女(じょ)
35.853,36.02,-1,謎(なぞ)めいた美(び)少(しょう)女(じょ),"[(1, ''), (2, '謎(なぞ)めい'), (3, 'た美(び)少(しょう)女(じょ)'), (1, '')]",False,False,3,た美(び)少(しょう)女(じょ)
35.519,35.853,-1,謎(なぞ)めいた美(び)少(しょう)女(じょ),"[(1, ''), (2, '謎(なぞ)め'), (3, 'いた美(び)少(しょう)女(じょ)'), (1, '')]",False,False,3,いた美(び)少(しょう)女(じょ)
35.019,35.519,-1,謎(なぞ)めいた美(び)少(しょう)女(じょ),"[(1, ''), (2, '謎(なぞ)'), (3, 'めいた美(び)少(しょう)女(じょ)'), (1, '')]",False,True,3,めいた美(び)少(しょう)女(じょ)
61.545,62.713,-1,辛(から)口(くち)なお仕(し)置(お)きが必(ひつ)要(よう)ね…,"[(1, ''), (2, '辛(から)口(くち)なお仕(し)置(お)きが必(ひつ)要(よう)ね…'), (1, '')]",True,False,3,辛(から)口(くち)なお仕(し)置(お)きが必(ひつ)要(よう)ね…
60.878,61.545,-1,辛(から)口(くち)なお仕(し)置(お)きが必(ひつ)要(よう)ね…,"[(1, ''), (2, '辛(から)口(くち)なお仕(し)置(お)きが必(ひつ)要(よう)'), (3, 'ね…'), (1, '')]",False,False,3,ね…
60.21,60.878,-1,辛(から)口(くち)なお仕(し)置(お)きが必(ひつ)要(よう)ね…,"[(1, ''), (2, '辛(から)口(くち)なお仕(し)置(お)きが必(ひつ)'), (3, '要(よう)ね…'), (1, '')]",False,False,3,要(よう)ね…
60.044,60.21,-1,辛(から)口(くち)なお仕(し)置(お)きが必(ひつ)要(よう)ね…,"[(1, ''), (2, '辛(から)口(くち)なお仕(し)置(お)きが'), (3, '必(ひつ)要(よう)ね…'), (1, '')]",False,False,3,必(ひつ)要(よう)ね…
59.877,60.044,-1,辛(から)口(くち)なお仕(し)置(お)きが必(ひつ)要(よう)ね…,"[(1, ''), (2, '辛(から)口(くち)なお仕(し)置(お)き'), (3, 'が必(ひつ)要(よう)ね…'), (1, '')]",False,False,3,が必(ひつ)要(よう)ね…
59.71,59.877,-1,辛(から)口(くち)なお仕(し)置(お)きが必(ひつ)要(よう)ね…,"[(1, ''), (2, '辛(から)口(くち)なお仕(し)置(お)'), (3, 'きが必(ひつ)要(よう)ね…'), (1, '')]",False,False,3,きが必(ひつ)要(よう)ね…
59.543,59.71,-1,辛(から)口(くち)なお仕(し)置(お)きが必(ひつ)要(よう)ね…,"[(1, ''), (2, '辛(から)口(くち)なお仕(し)'), (3, '置(お)きが必(ひつ)要(よう)ね…'), (1, '')]",False,False,3,置(お)きが必(ひつ)要(よう)ね…
59.376,59.543,-1,辛(から)口(くち)なお仕(し)置(お)きが必(ひつ)要(よう)ね…,"[(1, ''), (2, '辛(から)口(くち)なお'), (3, '仕(し)置(お)きが必(ひつ)要(よう)ね…'), (1, '')]",False,False,3,仕(し)置(お)きが必(ひつ)要(よう)ね…
59.209,59.376,-1,辛(から)口(くち)なお仕(し)置(お)きが必(ひつ)要(よう)ね…,"[(1, ''), (2, '辛(から)口(くち)な'), (3, 'お仕(し)置(お)きが必(ひつ)要(よう)ね…'), (1, '')]",False,False,3,お仕(し)置(お)きが必(ひつ)要(よう)ね…
58.876,59.209,-1,辛(から)口(くち)なお仕(し)置(お)きが必(ひつ)要(よう)ね…,"[(1, ''), (2, '辛(から)口(くち)'), (3, 'なお仕(し)置(お)きが必(ひつ)要(よう)ね…'), (1, '')]",False,False,3,なお仕(し)置(お)きが必(ひつ)要(よう)ね…
58.542,58.876,-1,辛(から)口(くち)なお仕(し)置(お)きが必(ひつ)要(よう)ね…,"[(1, ''), (2, '辛(から)'), (3, '口(くち)なお仕(し)置(お)きが必(ひつ)要(よう)ね…'), (1, '')]",False,True,3,口(くち)なお仕(し)置(お)きが必(ひつ)要(よう)ね…
121.872,122.206,-1,辛(つら)い時(とき)こそ笑(え)顔(がお)を見(み)せて,"[(1, ''), (2, '辛(つら)い時(とき)こそ笑(え)顔(がお)を見(み)せて'), (1, '')]",True,False,3,辛(つら)い時(とき)こそ笑(え)顔(がお)を見(み)せて
121.738,121.872,-1,辛(つら)い時(とき)こそ笑(え)顔(がお)を見(み)せて,"[(1, ''), (2, '辛(つら)い時(とき)こそ笑(え)顔(がお)を見(み)せ'), (3, 'て'), (1, '')]",False,False,3,て
121.538,121.738,-1,辛(つら)い時(とき)こそ笑(え)顔(がお)を見(み)せて,"[(1, ''), (2, '辛(つら)い時(とき)こそ笑(え)顔(がお)を見(み)'), (3, 'せて'), (1, '')]",False,False,3,せて
121.371,121.538,-1,辛(つら)い時(とき)こそ笑(え)顔(がお)を見(み)せて,"[(1, ''), (2, '辛(つら)い時(とき)こそ笑(え)顔(がお)を'), (3, '見(み)せて'), (1, '')]",False,False,3,見(み)せて
121.038,121.371,-1,辛(つら)い時(とき)こそ笑(え)顔(がお)を見(み)せて,"[(1, ''), (2, '辛(つら)い時(とき)こそ笑(え)顔(がお)'), (3, 'を見(み)せて'), (1, '')]",False,False,3,を見(み)せて
120.871,121.038,-1,辛(つら)い時(とき)こそ笑(え)顔(がお)を見(み)せて,"[(1, ''), (2, '辛(つら)い時(とき)こそ笑(え)'), (3, '顔(がお)を見(み)せて'), (1, '')]",False,False,3,顔(がお)を見(み)せて
120.571,120.871,-1,辛(つら)い時(とき)こそ笑(え)顔(がお)を見(み)せて,"[(1, ''), (2, '辛(つら)い時(とき)こそ'), (3, '笑(え)顔(がお)を見(み)せて'), (1, '')]",False,False,3,笑(え)顔(がお)を見(み)せて
120.37,120.571,-1,辛(つら)い時(とき)こそ笑(え)顔(がお)を見(み)せて,"[(1, ''), (2, '辛(つら)い時(とき)こ'), (3, 'そ笑(え)顔(がお)を見(み)せて'), (1, '')]",False,False,3,そ笑(え)顔(がお)を見(み)せて
120.07,120.37,-1,辛(つら)い時(とき)こそ笑(え)顔(がお)を見(み)せて,"[(1, ''), (2, '辛(つら)い時(とき)'), (3, 'こそ笑(え)顔(がお)を見(み)せて'), (1, '')]",False,False,3,こそ笑(え)顔(がお)を見(み)せて
119.903,120.07,-1,辛(つら)い時(とき)こそ笑(え)顔(がお)を見(み)せて,"[(1, ''), (2, '辛(つら)い'), (3, '時(とき)こそ笑(え)顔(がお)を見(み)せて'), (1, '')]",False,False,3,時(とき)こそ笑(え)顔(がお)を見(み)せて
119.503,119.903,-1,辛(つら)い時(とき)こそ笑(え)顔(がお)を見(み)せて,"[(1, ''), (2, '辛(つら)'), (3, 'い時(とき)こそ笑(え)顔(がお)を見(み)せて'), (1, '')]",False,True,3,い時(とき)こそ笑(え)顔(がお)を見(み)せて
26.41,27.077,-1,首(しゅ)都(と)陥(かん)落(らく)困(こま)った,"[(1, ''), (2, '首(しゅ)都(と)陥(かん)落(らく)困(こま)った'), (1, '')]",True,False,3,首(しゅ)都(と)陥(かん)落(らく)困(こま)った
26.243,26.41,-1,首(しゅ)都(と)陥(かん)落(らく)困(こま)った,"[(1, ''), (2, '首(しゅ)都(と)陥(かん)落(らく)困(こま)っ'), (3, 'た'), (1, '')]",False,False,3,た
25.909,26.243,-1,首(しゅ)都(と)陥(かん)落(らく)困(こま)った,"[(1, ''), (2, '首(しゅ)都(と)陥(かん)落(らく)困(こま)'), (3, 'った'), (1, '')]",False,False,3,った
25.409,25.909,-1,首(しゅ)都(と)陥(かん)落(らく)困(こま)った,"[(1, ''), (2, '首(しゅ)都(と)陥(かん)落(らく)'), (3, '困(こま)った'), (1, '')]",False,False,3,困(こま)った
24.942,25.409,-1,首(しゅ)都(と)陥(かん)落(らく)困(こま)った,"[(1, ''), (2, '首(しゅ)都(と)陥(かん)'), (3, '落(らく)困(こま)った'), (1, '')]",False,False,3,落(らく)困(こま)った
24.742,24.942,-1,首(しゅ)都(と)陥(かん)落(らく)困(こま)った,"[(1, ''), (2, '首(しゅ)都(と)'), (3, '陥(かん)落(らく)困(こま)った'), (1, '')]",False,False,3,陥(かん)落(らく)困(こま)った
24.408,24.742,-1,首(しゅ)都(と)陥(かん)落(らく)困(こま)った,"[(1, ''), (2, '首(しゅ)'), (3, '都(と)陥(かん)落(らく)困(こま)った'), (1, '')]",False,True,3,都(と)陥(かん)落(らく)困(こま)った
199.116,199.416,85,（motto☆motto）,"[(1, ''), (2, '（motto☆motto）'), (1, '')]",True,False,3,（motto☆motto）
198.949,199.116,85,（motto☆motto）,"[(1, ''), (2, '（motto☆mot'), (3, 'to）'), (1, '')]",False,False,3,to）
198.782,198.949,85,（motto☆motto）,"[(1, ''), (2, '（motto☆mo'), (3, 'tto）'), (1, '')]",False,False,3,tto）
198.649,198.782,85,（motto☆motto）,"[(1, ''), (2, '（motto☆'), (3, 'motto）'), (1, '')]",False,False,3,motto）
198.448,198.649,85,（motto☆motto）,"[(1, ''), (2, '（mot'), (3, 'to'), (2, '☆'), (3, 'motto）'), (1, '')]",False,False,3,to☆motto）
198.282,198.448,85,（motto☆motto）,"[(1, ''), (2, '（mo'), (3, 'tto'), (2, '☆'), (3, 'motto）'), (1, '')]",False,False,3,tto☆motto）
196.48,196.78,85,（motto☆motto）,"[(1, ''), (2, '（motto☆motto）'), (1, '')]",False,False,3,（motto☆motto）
196.313,196.48,85,（motto☆motto）,"[(1, ''), (2, '（motto☆mot'), (3, 'to）'), (1, '')]",False,False,3,to）
196.146,196.313,85,（motto☆motto）,"[(1, ''), (2, '（motto☆mo'), (3, 'tto）'), (1, '')]",False,False,3,tto）
195.979,196.146,85,（motto☆motto）,"[(1, ''), (2, '（motto☆'), (3, 'motto）'), (1, '')]",False,False,3,motto）
195.812,195.979,85,（motto☆motto）,"[(1, ''), (2, '（mot'), (3, 'to'), (2, '☆'), (3, 'motto）'), (1, '')]",False,False,3,to☆motto）
195.646,195.812,85,（motto☆motto）,"[(1, ''), (2, '（mo'), (3, 'tto'), (2, '☆'), (3, 'motto）'), (1, '')]",False,False,3,tto☆motto）
188.472,188.805,85,（motto☆motto）,"[(1, ''), (2, '（motto☆motto）'), (1, '')]",False,False,3,（motto☆motto）
188.338,188.472,85,（motto☆motto）,"[(1, ''), (2, '（motto☆mot'), (3, 'to）'), (1, '')]",False,False,3,to）
188.172,188.338,85,（motto☆motto）,"[(1, ''), (2, '（motto☆mo'), (3, 'tto）'), (1, '')]",False,False,3,tto）
188.005,188.172,85,（motto☆motto）,"[(1, ''), (2, '（motto☆'), (3, 'motto）'), (1, '')]",False,False,3,motto）
187.838,188.005,85,（motto☆motto）,"[(1, ''), (2, '（mot'), (3, 'to'), (2, '☆'), (3, 'motto）'), (1, '')]",False,False,3,to☆motto）
187.671,187.838,85,（motto☆motto）,"[(1, ''), (2, '（mo'), (3, 'tto'), (2, '☆'), (3, 'motto）'), (1, '')]",False,False,3,tto☆motto）
185.836,186.17,85,（motto☆motto）,"[(1, ''), (2, '（motto☆motto）'), (1, '')]",False,False,3,（motto☆motto）
185.702,185.836,85,（motto☆motto）,"[(1, ''), (2, '（motto☆mot'), (3, 'to）'), (1, '')]",False,False,3,to）
185.536,185.702,85,（motto☆motto）,"[(1, ''), (2, '（motto☆mo'), (3, 'tto）'), (1, '')]",False,False,3,tto）
185.335,185.536,85,（motto☆motto）,"[(1, ''), (2, '（motto☆'), (3, 'motto）'), (1, '')]",False,False,3,motto）
185.169,185.335,85,（motto☆motto）,"[(1, ''), (2, '（mot'), (3, 'to'), (2, '☆'), (3, 'motto）'), (1, '')]",False,False,3,to☆motto）
185.002,185.169,85,（motto☆motto）,"[(1, ''), (2, '（mo'), (3, 'tto'), (2, '☆'), (3, 'motto）'), (1, '')]",False,False,3,tto☆motto）
154.037,154.338,85,（motto☆motto）,"[(1, ''), (2, '（motto☆motto）'), (1, '')]",False,False,3,（motto☆motto）
153.871,154.037,85,（motto☆motto）,"[(1, ''), (2, '（motto☆mot'), (3, 'to）'), (1, '')]",False,False,3,to）
153.704,153.871,85,（motto☆motto）,"[(1, ''), (2, '（motto☆mo'), (3, 'tto）'), (1, '')]",False,False,3,tto）
153.537,153.704,85,（motto☆motto）,"[(1, ''), (2, '（motto☆'), (3, 'motto）'), (1, '')]",False,False,3,motto）
153.37,153.537,85,（motto☆motto）,"[(1, ''), (2, '（mot'), (3, 'to'), (2, '☆'), (3, 'motto）'), (1, '')]",False,False,3,to☆motto）
153.203,153.37,85,（motto☆motto）,"[(1, ''), (2, '（mo'), (3, 'tto'), (2, '☆'), (3, 'motto）'), (1, '')]",False,False,3,tto☆motto）
151.368,151.702,85,（motto☆motto）,"[(1, ''), (2, '（motto☆motto）'), (1, '')]",False,False,3,（motto☆motto）
151.201,151.368,85,（motto☆motto）,"[(1, ''), (2, '（motto☆mot'), (3, 'to）'), (1, '')]",False,False,3,to）
151.034,151.201,85,（motto☆motto）,"[(1, ''), (2, '（motto☆mo'), (3, 'tto）'), (1, '')]",False,False,3,tto）
150.868,151.034,85,（motto☆motto）,"[(1, ''), (2, '（motto☆'), (3, 'motto）'), (1, '')]",False,False,3,motto）
150.701,150.868,85,（motto☆motto）,"[(1, ''), (2, '（mot'), (3, 'to'), (2, '☆'), (3, 'motto）'), (1, '')]",False,False,3,to☆motto）
150.534,150.701,85,（motto☆motto）,"[(1, ''), (2, '（mo'), (3, 'tto'), (2, '☆'), (3, 'motto）'), (1, '')]",False,False,3,tto☆motto）
143.427,143.727,85,（motto☆motto）,"[(1, ''), (2, '（motto☆motto）'), (1, '')]",False,False,3,（motto☆motto）
143.26,143.427,85,（motto☆motto）,"[(1, ''), (2, '（motto☆mot'), (3, 'to）'), (1, '')]",False,False,3,to）
143.093,143.26,85,（motto☆motto）,"[(1, ''), (2, '（motto☆mo'), (3, 'tto）'), (1, '')]",False,False,3,tto）
142.893,143.093,85,（motto☆motto）,"[(1, ''), (2, '（motto☆'), (3, 'motto）'), (1, '')]",False,False,3,motto）
142.726,142.893,85,（motto☆motto）,"[(1, ''), (2, '（mot'), (3, 'to'), (2, '☆'), (3, 'motto）'), (1, '')]",False,False,3,to☆motto）
142.559,142.726,85,（motto☆motto）,"[(1, ''), (2, '（mo'), (3, 'tto'), (2, '☆'), (3, 'motto）'), (1, '')]",False,False,3,tto☆motto）
140.791,141.091,85,（motto☆motto）,"[(1, ''), (2, '（motto☆motto）'), (1, '')]",False,False,3,（motto☆motto）
140.624,140.791,85,（motto☆motto）,"[(1, ''), (2, '（motto☆mot'), (3, 'to）'), (1, '')]",False,False,3,to）
140.457,140.624,85,（motto☆motto）,"[(1, ''), (2, '（motto☆mo'), (3, 'tto）'), (1, '')]",False,False,3,tto）
140.29,140.457,85,（motto☆motto）,"[(1, ''), (2, '（motto☆'), (3, 'motto）'), (1, '')]",False,False,3,motto）
140.124,140.29,85,（motto☆motto）,"[(1, ''), (2, '（mot'), (3, 'to'), (2, '☆'), (3, 'motto）'), (1, '')]",False,False,3,to☆motto）
139.957,140.124,85,（motto☆motto）,"[(1, ''), (2, '（mo'), (3, 'tto'), (2, '☆'), (3, 'motto）'), (1, '')]",False,False,3,tto☆motto）
79.763,80.097,85,（motto☆motto）,"[(1, ''), (2, '（motto☆motto）'), (1, '')]",False,False,3,（motto☆motto）
79.63,79.763,85,（motto☆motto）,"[(1, ''), (2, '（motto☆mot'), (3, 'to）'), (1, '')]",False,False,3,to）
79.463,79.63,85,（motto☆motto）,"[(1, ''), (2, '（motto☆mo'), (3, 'tto）'), (1, '')]",False,False,3,tto）
79.296,79.463,85,（motto☆motto）,"[(1, ''), (2, '（motto☆'), (3, 'motto）'), (1, '')]",False,False,3,motto）
79.129,79.296,85,（motto☆motto）,"[(1, ''), (2, '（mot'), (3, 'to'), (2, '☆'), (3, 'motto）'), (1, '')]",False,False,3,to☆motto）
78.962,79.129,85,（motto☆motto）,"[(1, ''), (2, '（mo'), (3, 'tto'), (2, '☆'), (3, 'motto）'), (1, '')]",False,False,3,tto☆motto）
77.127,77.461,85,（motto☆motto）,"[(1, ''), (2, '（motto☆motto）'), (1, '')]",False,False,3,（motto☆motto）
76.96,77.127,85,（motto☆motto）,"[(1, ''), (2, '（motto☆mot'), (3, 'to）'), (1, '')]",False,False,3,to）
76.794,76.96,85,（motto☆motto）,"[(1, ''), (2, '（motto☆mo'), (3, 'tto）'), (1, '')]",False,False,3,tto）
76.627,76.794,85,（motto☆motto）,"[(1, ''), (2, '（motto☆'), (3, 'motto）'), (1, '')]",False,False,3,motto）
76.46,76.627,85,（motto☆motto）,"[(1, ''), (2, '（mot'), (3, 'to'), (2, '☆'), (3, 'motto）'), (1, '')]",False,False,3,to☆motto）
76.293,76.46,85,（motto☆motto）,"[(1, ''), (2, '（mo'), (3, 'tto'), (2, '☆'), (3, 'motto）'), (1, '')]",False,False,3,tto☆motto）
69.153,69.486,85,（motto☆motto）,"[(1, ''), (2, '（motto☆motto）'), (1, '')]",False,False,3,（motto☆motto）
69.019,69.153,85,（motto☆motto）,"[(1, ''), (2, '（motto☆mot'), (3, 'to）'), (1, '')]",False,False,3,to）
68.852,69.019,85,（motto☆motto）,"[(1, ''), (2, '（motto☆mo'), (3, 'tto）'), (1, '')]",False,False,3,tto）
68.685,68.852,85,（motto☆motto）,"[(1, ''), (2, '（motto☆'), (3, 'motto）'), (1, '')]",False,False,3,motto）
68.519,68.685,85,（motto☆motto）,"[(1, ''), (2, '（mot'), (3, 'to'), (2, '☆'), (3, 'motto）'), (1, '')]",False,False,3,to☆motto）
68.352,68.519,85,（motto☆motto）,"[(1, ''), (2, '（mo'), (3, 'tto'), (2, '☆'), (3, 'motto）'), (1, '')]",False,False,3,tto☆motto）
66.517,66.85,85,（motto☆motto）,"[(1, ''), (2, '（motto☆motto）'), (1, '')]",False,False,3,（motto☆motto）
66.383,66.517,85,（motto☆motto）,"[(1, ''), (2, '（motto☆mot'), (3, 'to）'), (1, '')]",False,False,3,to）
66.216,66.383,85,（motto☆motto）,"[(1, ''), (2, '（motto☆mo'), (3, 'tto）'), (1, '')]",False,False,3,tto）
66.016,66.216,85,（motto☆motto）,"[(1, ''), (2, '（motto☆'), (3, 'motto）'), (1, '')]",False,False,3,motto）
65.849,66.016,85,（motto☆motto）,"[(1, ''), (2, '（mot'), (3, 'to'), (2, '☆'), (3, 'motto）'), (1, '')]",False,False,3,to☆motto）
65.682,65.849,85,（motto☆motto）,"[(1, ''), (2, '（mo'), (3, 'tto'), (2, '☆'), (3, 'motto）'), (1, '')]",False,True,3,tto☆motto）
