start,end,line,unformatted,segments,ref_start,ref_end,common_number,remainder
14.732,15.666,-1,bemyguest,"[(2, ''), (1, 'bemyguest'), (2, '')]",True,False,3,bemyguest
14.298,14.732,-1,bemyguest,"[(2, ''), (1, 'bemy'), (3, 'guest'), (2, '')]",False,False,3,guest
13.831,14.298,-1,bemyguest,"[(2, ''), (1, 'be'), (3, 'myguest'), (2, '')]",False,True,3,myguest
82.599,86.303,0,bemyguest／azari(coveredbyオーロ・クロニー),"[(2, ''), (1, 'bemyguest／azari'), (2, ''), (1, '(coveredbyオーロ・クロニー)'), (2, '')]",True,True,0,bemyguest／azari(coveredbyオーロ・クロニー)
84.435,86.303,85,illustrations：朔,"[(2, ''), (1, 'illustrations：朔'), (2, '')]",True,True,0,illustrations：朔
82.599,84.435,85,mix/edit：よしけん,"[(2, ''), (1, 'mix/edit：よしけん'), (2, '')]",True,True,0,mix/edit：よしけん
89.973,91.809,85,mv：rumskii,"[(2, ''), (1, 'mv：rumskii'), (2, '')]",True,True,0,mv：rumskii
91.809,93.677,85,vocals：オーロ・クロニー,"[(2, ''), (1, 'vocals：オーロ・クロニー'), (2, '')]",True,True,0,vocals：オーロ・クロニー
55.439,55.839,-1,あなたを連(つ)れてsnap\'nsnap\'nsnap,"[(2, ''), (1, ""あなたを連(つ)れてsnap\\'nsnap\\'nsnap""), (2, '')]",True,False,3,あなたを連(つ)れてsnap\'nsnap\'nsnap
55.239,55.439,-1,あなたを連(つ)れてsnap\'nsnap\'nsnap,"[(2, ''), (1, ""あなたを連(つ)れてsnap\\'nsnap\\'n""), (3, 'snap'), (2, '')]",False,False,3,snap
54.905,55.239,-1,あなたを連(つ)れてsnap\'nsnap\'nsnap,"[(2, ''), (1, ""あなたを連(つ)れてsnap\\'nsnap""), (3, ""\\'nsnap""), (2, '')]",False,False,3,\'nsnap
54.772,54.905,-1,あなたを連(つ)れてsnap\'nsnap\'nsnap,"[(2, ''), (1, ""あなたを連(つ)れてsnap\\'n""), (3, ""snap\\'nsnap""), (2, '')]",False,False,3,snap\'nsnap
54.438,54.772,-1,あなたを連(つ)れてsnap\'nsnap\'nsnap,"[(2, ''), (1, 'あなたを連(つ)れてsnap'), (3, ""\\'nsnap\\'nsnap""), (2, '')]",False,False,3,\'nsnap\'nsnap
54.238,54.438,-1,あなたを連(つ)れてsnap\'nsnap\'nsnap,"[(2, ''), (1, 'あなたを連(つ)れて'), (3, ""snap\\'nsnap\\'nsnap""), (2, '')]",False,False,3,snap\'nsnap\'nsnap
53.971,54.238,-1,あなたを連(つ)れてsnap\'nsnap\'nsnap,"[(2, ''), (1, 'あなたを連(つ)れ'), (3, ""てsnap\\'nsnap\\'nsnap""), (2, '')]",False,False,3,てsnap\'nsnap\'nsnap
53.771,53.971,-1,あなたを連(つ)れてsnap\'nsnap\'nsnap,"[(2, ''), (1, 'あなたを連(つ)'), (3, ""れてsnap\\'nsnap\\'nsnap""), (2, '')]",False,False,3,れてsnap\'nsnap\'nsnap
53.537,53.771,-1,あなたを連(つ)れてsnap\'nsnap\'nsnap,"[(2, ''), (1, 'あなたを'), (3, ""連(つ)れてsnap\\'nsnap\\'nsnap""), (2, '')]",False,False,3,連(つ)れてsnap\'nsnap\'nsnap
53.37,53.537,-1,あなたを連(つ)れてsnap\'nsnap\'nsnap,"[(2, ''), (1, 'あなた'), (3, ""を連(つ)れてsnap\\'nsnap\\'nsnap""), (2, '')]",False,False,3,を連(つ)れてsnap\'nsnap\'nsnap
53.07,53.37,-1,あなたを連(つ)れてsnap\'nsnap\'nsnap,"[(2, ''), (1, 'あな'), (3, ""たを連(つ)れてsnap\\'nsnap\\'nsnap""), (2, '')]",False,False,3,たを連(つ)れてsnap\'nsnap\'nsnap
52.903,53.07,-1,あなたを連(つ)れてsnap\'nsnap\'nsnap,"[(2, ''), (1, 'あ'), (3, ""なたを連(つ)れてsnap\\'nsnap\\'nsnap""), (2, '')]",False,True,3,なたを連(つ)れてsnap\'nsnap\'nsnap
88.605,89.973,-1,お利(り)口(こう)に諦(あきら)めるあなたもbemyguest,"[(2, ''), (1, 'お利(り)口(こう)に諦(あきら)めるあなたもbemyguest'), (2, '')]",True,False,3,お利(り)口(こう)に諦(あきら)めるあなたもbemyguest
88.138,88.605,-1,お利(り)口(こう)に諦(あきら)めるあなたもbemyguest,"[(2, ''), (1, 'お利(り)口(こう)に諦(あきら)めるあなたもbemy'), (3, 'guest'), (2, '')]",False,False,3,guest
87.704,88.138,-1,お利(り)口(こう)に諦(あきら)めるあなたもbemyguest,"[(2, ''), (1, 'お利(り)口(こう)に諦(あきら)めるあなたもbe'), (3, 'myguest'), (2, '')]",False,False,3,myguest
87.204,87.704,-1,お利(り)口(こう)に諦(あきら)めるあなたもbemyguest,"[(2, ''), (1, 'お利(り)口(こう)に諦(あきら)めるあなたも'), (3, 'bemyguest'), (2, '')]",False,False,3,bemyguest
86.77,87.204,-1,お利(り)口(こう)に諦(あきら)めるあなたもbemyguest,"[(2, ''), (1, 'お利(り)口(こう)に諦(あきら)めるあなた'), (3, 'もbemyguest'), (2, '')]",False,False,3,もbemyguest
86.603,86.77,-1,お利(り)口(こう)に諦(あきら)めるあなたもbemyguest,"[(2, ''), (1, 'お利(り)口(こう)に諦(あきら)めるあな'), (3, 'たもbemyguest'), (2, '')]",False,False,3,たもbemyguest
86.303,86.603,-1,お利(り)口(こう)に諦(あきら)めるあなたもbemyguest,"[(2, ''), (1, 'お利(り)口(こう)に諦(あきら)めるあ'), (3, 'なたもbemyguest'), (2, '')]",False,False,3,なたもbemyguest
85.836,86.303,-1,お利(り)口(こう)に諦(あきら)めるあなたもbemyguest,"[(2, ''), (1, 'お利(り)口(こう)に諦(あきら)める'), (3, 'あなたもbemyguest'), (2, '')]",False,False,3,あなたもbemyguest
85.369,85.836,-1,お利(り)口(こう)に諦(あきら)めるあなたもbemyguest,"[(2, ''), (1, 'お利(り)口(こう)に諦(あきら)め'), (3, 'るあなたもbemyguest'), (2, '')]",False,False,3,るあなたもbemyguest
84.435,85.369,-1,お利(り)口(こう)に諦(あきら)めるあなたもbemyguest,"[(2, ''), (1, 'お利(り)口(こう)に諦(あきら)'), (3, 'めるあなたもbemyguest'), (2, '')]",False,False,3,めるあなたもbemyguest
84.001,84.435,-1,お利(り)口(こう)に諦(あきら)めるあなたもbemyguest,"[(2, ''), (1, 'お利(り)口(こう)に'), (3, '諦(あきら)めるあなたもbemyguest'), (2, '')]",False,False,3,諦(あきら)めるあなたもbemyguest
83.067,84.001,-1,お利(り)口(こう)に諦(あきら)めるあなたもbemyguest,"[(2, ''), (1, 'お利(り)口(こう)'), (3, 'に諦(あきら)めるあなたもbemyguest'), (2, '')]",False,False,3,に諦(あきら)めるあなたもbemyguest
82.9,83.067,-1,お利(り)口(こう)に諦(あきら)めるあなたもbemyguest,"[(2, ''), (1, 'お利(り)'), (3, '口(こう)に諦(あきら)めるあなたもbemyguest'), (2, '')]",False,False,3,口(こう)に諦(あきら)めるあなたもbemyguest
82.599,82.9,-1,お利(り)口(こう)に諦(あきら)めるあなたもbemyguest,"[(2, ''), (1, 'お'), (3, '利(り)口(こう)に諦(あきら)めるあなたもbemyguest'), (2, '')]",False,True,3,利(り)口(こう)に諦(あきら)めるあなたもbemyguest
67.351,67.818,-1,お見(み)積(つ)もりにサポートまで明(めい)確(かく)に,"[(2, ''), (1, 'お見(み)積(つ)もりにサポートまで明(めい)確(かく)に'), (2, '')]",True,False,3,お見(み)積(つ)もりにサポートまで明(めい)確(かく)に
66.917,67.351,-1,お見(み)積(つ)もりにサポートまで明(めい)確(かく)に,"[(2, ''), (1, 'お見(み)積(つ)もりにサポートまで明(めい)確(かく)'), (3, 'に'), (2, '')]",False,False,3,に
66.45,66.917,-1,お見(み)積(つ)もりにサポートまで明(めい)確(かく)に,"[(2, ''), (1, 'お見(み)積(つ)もりにサポートまで明(めい)'), (3, '確(かく)に'), (2, '')]",False,False,3,確(かく)に
66.25,66.45,-1,お見(み)積(つ)もりにサポートまで明(めい)確(かく)に,"[(2, ''), (1, 'お見(み)積(つ)もりにサポートまで'), (3, '明(めい)確(かく)に'), (2, '')]",False,False,3,明(めい)確(かく)に
65.983,66.25,-1,お見(み)積(つ)もりにサポートまで明(めい)確(かく)に,"[(2, ''), (1, 'お見(み)積(つ)もりにサポートま'), (3, 'で明(めい)確(かく)に'), (2, '')]",False,False,3,で明(めい)確(かく)に
65.816,65.983,-1,お見(み)積(つ)もりにサポートまで明(めい)確(かく)に,"[(2, ''), (1, 'お見(み)積(つ)もりにサポート'), (3, 'まで明(めい)確(かく)に'), (2, '')]",False,False,3,まで明(めい)確(かく)に
65.649,65.816,-1,お見(み)積(つ)もりにサポートまで明(めい)確(かく)に,"[(2, ''), (1, 'お見(み)積(つ)もりにサポー'), (3, 'トまで明(めい)確(かく)に'), (2, '')]",False,False,3,トまで明(めい)確(かく)に
65.516,65.649,-1,お見(み)積(つ)もりにサポートまで明(めい)確(かく)に,"[(2, ''), (1, 'お見(み)積(つ)もりにサポ'), (3, 'ートまで明(めい)確(かく)に'), (2, '')]",False,False,3,ートまで明(めい)確(かく)に
65.349,65.516,-1,お見(み)積(つ)もりにサポートまで明(めい)確(かく)に,"[(2, ''), (1, 'お見(み)積(つ)もりにサ'), (3, 'ポートまで明(めい)確(かく)に'), (2, '')]",False,False,3,ポートまで明(めい)確(かく)に
65.049,65.349,-1,お見(み)積(つ)もりにサポートまで明(めい)確(かく)に,"[(2, ''), (1, 'お見(み)積(つ)もりに'), (3, 'サポートまで明(めい)確(かく)に'), (2, '')]",False,False,3,サポートまで明(めい)確(かく)に
64.915,65.049,-1,お見(み)積(つ)もりにサポートまで明(めい)確(かく)に,"[(2, ''), (1, 'お見(み)積(つ)もり'), (3, 'にサポートまで明(めい)確(かく)に'), (2, '')]",False,False,3,にサポートまで明(めい)確(かく)に
64.615,64.915,-1,お見(み)積(つ)もりにサポートまで明(めい)確(かく)に,"[(2, ''), (1, 'お見(み)積(つ)も'), (3, 'りにサポートまで明(めい)確(かく)に'), (2, '')]",False,False,3,りにサポートまで明(めい)確(かく)に
64.448,64.615,-1,お見(み)積(つ)もりにサポートまで明(めい)確(かく)に,"[(2, ''), (1, 'お見(み)積(つ)'), (3, 'もりにサポートまで明(めい)確(かく)に'), (2, '')]",False,False,3,もりにサポートまで明(めい)確(かく)に
64.148,64.448,-1,お見(み)積(つ)もりにサポートまで明(めい)確(かく)に,"[(2, ''), (1, 'お見(み)'), (3, '積(つ)もりにサポートまで明(めい)確(かく)に'), (2, '')]",False,False,3,積(つ)もりにサポートまで明(めい)確(かく)に
63.981,64.148,-1,お見(み)積(つ)もりにサポートまで明(めい)確(かく)に,"[(2, ''), (1, 'お'), (3, '見(み)積(つ)もりにサポートまで明(めい)確(かく)に'), (2, '')]",False,True,3,見(み)積(つ)もりにサポートまで明(めい)確(かく)に
63.647,63.981,-1,こう見(み)えて弊(へい)社(しゃ)はあくまで平(へい)和(わ)主(しゅ)義(ぎ),"[(2, ''), (1, 'こう見(み)えて弊(へい)社(しゃ)はあくまで平(へい)和(わ)主(しゅ)義(ぎ)'), (2, '')]",True,False,3,こう見(み)えて弊(へい)社(しゃ)はあくまで平(へい)和(わ)主(しゅ)義(ぎ)
63.48,63.647,-1,こう見(み)えて弊(へい)社(しゃ)はあくまで平(へい)和(わ)主(しゅ)義(ぎ),"[(2, ''), (1, 'こう見(み)えて弊(へい)社(しゃ)はあくまで平(へい)和(わ)主(しゅ)'), (3, '義(ぎ)'), (2, '')]",False,False,3,義(ぎ)
63.213,63.48,-1,こう見(み)えて弊(へい)社(しゃ)はあくまで平(へい)和(わ)主(しゅ)義(ぎ),"[(2, ''), (1, 'こう見(み)えて弊(へい)社(しゃ)はあくまで平(へい)和(わ)'), (3, '主(しゅ)義(ぎ)'), (2, '')]",False,False,3,主(しゅ)義(ぎ)
62.746,63.213,-1,こう見(み)えて弊(へい)社(しゃ)はあくまで平(へい)和(わ)主(しゅ)義(ぎ),"[(2, ''), (1, 'こう見(み)えて弊(へい)社(しゃ)はあくまで平(へい)'), (3, '和(わ)主(しゅ)義(ぎ)'), (2, '')]",False,False,3,和(わ)主(しゅ)義(ぎ)
62.546,62.746,-1,こう見(み)えて弊(へい)社(しゃ)はあくまで平(へい)和(わ)主(しゅ)義(ぎ),"[(2, ''), (1, 'こう見(み)えて弊(へい)社(しゃ)はあくまで'), (3, '平(へい)和(わ)主(しゅ)義(ぎ)'), (2, '')]",False,False,3,平(へい)和(わ)主(しゅ)義(ぎ)
62.279,62.546,-1,こう見(み)えて弊(へい)社(しゃ)はあくまで平(へい)和(わ)主(しゅ)義(ぎ),"[(2, ''), (1, 'こう見(み)えて弊(へい)社(しゃ)はあくま'), (3, 'で平(へい)和(わ)主(しゅ)義(ぎ)'), (2, '')]",False,False,3,で平(へい)和(わ)主(しゅ)義(ぎ)
62.079,62.279,-1,こう見(み)えて弊(へい)社(しゃ)はあくまで平(へい)和(わ)主(しゅ)義(ぎ),"[(2, ''), (1, 'こう見(み)えて弊(へい)社(しゃ)はあく'), (3, 'まで平(へい)和(わ)主(しゅ)義(ぎ)'), (2, '')]",False,False,3,まで平(へい)和(わ)主(しゅ)義(ぎ)
61.812,62.079,-1,こう見(み)えて弊(へい)社(しゃ)はあくまで平(へい)和(わ)主(しゅ)義(ぎ),"[(2, ''), (1, 'こう見(み)えて弊(へい)社(しゃ)はあ'), (3, 'くまで平(へい)和(わ)主(しゅ)義(ぎ)'), (2, '')]",False,False,3,くまで平(へい)和(わ)主(しゅ)義(ぎ)
61.678,61.812,-1,こう見(み)えて弊(へい)社(しゃ)はあくまで平(へい)和(わ)主(しゅ)義(ぎ),"[(2, ''), (1, 'こう見(み)えて弊(へい)社(しゃ)は'), (3, 'あくまで平(へい)和(わ)主(しゅ)義(ぎ)'), (2, '')]",False,False,3,あくまで平(へい)和(わ)主(しゅ)義(ぎ)
61.345,61.678,-1,こう見(み)えて弊(へい)社(しゃ)はあくまで平(へい)和(わ)主(しゅ)義(ぎ),"[(2, ''), (1, 'こう見(み)えて弊(へい)社(しゃ)'), (3, 'はあくまで平(へい)和(わ)主(しゅ)義(ぎ)'), (2, '')]",False,False,3,はあくまで平(へい)和(わ)主(しゅ)義(ぎ)
60.911,61.345,-1,こう見(み)えて弊(へい)社(しゃ)はあくまで平(へい)和(わ)主(しゅ)義(ぎ),"[(2, ''), (1, 'こう見(み)えて弊(へい)'), (3, '社(しゃ)はあくまで平(へい)和(わ)主(しゅ)義(ぎ)'), (2, '')]",False,False,3,社(しゃ)はあくまで平(へい)和(わ)主(しゅ)義(ぎ)
60.744,60.911,-1,こう見(み)えて弊(へい)社(しゃ)はあくまで平(へい)和(わ)主(しゅ)義(ぎ),"[(2, ''), (1, 'こう見(み)えて'), (3, '弊(へい)社(しゃ)はあくまで平(へい)和(わ)主(しゅ)義(ぎ)'), (2, '')]",False,False,3,弊(へい)社(しゃ)はあくまで平(へい)和(わ)主(しゅ)義(ぎ)
60.511,60.744,-1,こう見(み)えて弊(へい)社(しゃ)はあくまで平(へい)和(わ)主(しゅ)義(ぎ),"[(2, ''), (1, 'こう見(み)え'), (3, 'て弊(へい)社(しゃ)はあくまで平(へい)和(わ)主(しゅ)義(ぎ)'), (2, '')]",False,False,3,て弊(へい)社(しゃ)はあくまで平(へい)和(わ)主(しゅ)義(ぎ)
60.244,60.511,-1,こう見(み)えて弊(へい)社(しゃ)はあくまで平(へい)和(わ)主(しゅ)義(ぎ),"[(2, ''), (1, 'こう見(み)'), (3, 'えて弊(へい)社(しゃ)はあくまで平(へい)和(わ)主(しゅ)義(ぎ)'), (2, '')]",False,False,3,えて弊(へい)社(しゃ)はあくまで平(へい)和(わ)主(しゅ)義(ぎ)
59.977,60.244,-1,こう見(み)えて弊(へい)社(しゃ)はあくまで平(へい)和(わ)主(しゅ)義(ぎ),"[(2, ''), (1, 'こう'), (3, '見(み)えて弊(へい)社(しゃ)はあくまで平(へい)和(わ)主(しゅ)義(ぎ)'), (2, '')]",False,False,3,見(み)えて弊(へい)社(しゃ)はあくまで平(へい)和(わ)主(しゅ)義(ぎ)
59.71,59.977,-1,こう見(み)えて弊(へい)社(しゃ)はあくまで平(へい)和(わ)主(しゅ)義(ぎ),"[(2, ''), (1, 'こ'), (3, 'う見(み)えて弊(へい)社(しゃ)はあくまで平(へい)和(わ)主(しゅ)義(ぎ)'), (2, '')]",False,True,3,う見(み)えて弊(へい)社(しゃ)はあくまで平(へい)和(わ)主(しゅ)義(ぎ)
71.055,71.522,-1,ただ始(はじ)めたなら手(て)加(か)減(げん)は無(む)理(り),"[(2, ''), (1, 'ただ始(はじ)めたなら手(て)加(か)減(げん)は無(む)理(り)'), (2, '')]",True,False,3,ただ始(はじ)めたなら手(て)加(か)減(げん)は無(む)理(り)
70.888,71.055,-1,ただ始(はじ)めたなら手(て)加(か)減(げん)は無(む)理(り),"[(2, ''), (1, 'ただ始(はじ)めたなら手(て)加(か)減(げん)は無(む)'), (3, '理(り)'), (2, '')]",False,False,3,理(り)
70.587,70.888,-1,ただ始(はじ)めたなら手(て)加(か)減(げん)は無(む)理(り),"[(2, ''), (1, 'ただ始(はじ)めたなら手(て)加(か)減(げん)は'), (3, '無(む)理(り)'), (2, '')]",False,False,3,無(む)理(り)
70.12,70.587,-1,ただ始(はじ)めたなら手(て)加(か)減(げん)は無(む)理(り),"[(2, ''), (1, 'ただ始(はじ)めたなら手(て)加(か)減(げん)'), (3, 'は無(む)理(り)'), (2, '')]",False,False,3,は無(む)理(り)
69.953,70.12,-1,ただ始(はじ)めたなら手(て)加(か)減(げん)は無(む)理(り),"[(2, ''), (1, 'ただ始(はじ)めたなら手(て)加(か)'), (3, '減(げん)は無(む)理(り)'), (2, '')]",False,False,3,減(げん)は無(む)理(り)
69.653,69.953,-1,ただ始(はじ)めたなら手(て)加(か)減(げん)は無(む)理(り),"[(2, ''), (1, 'ただ始(はじ)めたなら手(て)'), (3, '加(か)減(げん)は無(む)理(り)'), (2, '')]",False,False,3,加(か)減(げん)は無(む)理(り)
69.52,69.653,-1,ただ始(はじ)めたなら手(て)加(か)減(げん)は無(む)理(り),"[(2, ''), (1, 'ただ始(はじ)めたなら'), (3, '手(て)加(か)減(げん)は無(む)理(り)'), (2, '')]",False,False,3,手(て)加(か)減(げん)は無(む)理(り)
69.186,69.52,-1,ただ始(はじ)めたなら手(て)加(か)減(げん)は無(む)理(り),"[(2, ''), (1, 'ただ始(はじ)めたな'), (3, 'ら手(て)加(か)減(げん)は無(む)理(り)'), (2, '')]",False,False,3,ら手(て)加(か)減(げん)は無(む)理(り)
69.053,69.186,-1,ただ始(はじ)めたなら手(て)加(か)減(げん)は無(む)理(り),"[(2, ''), (1, 'ただ始(はじ)めた'), (3, 'なら手(て)加(か)減(げん)は無(む)理(り)'), (2, '')]",False,False,3,なら手(て)加(か)減(げん)は無(む)理(り)
68.752,69.053,-1,ただ始(はじ)めたなら手(て)加(か)減(げん)は無(む)理(り),"[(2, ''), (1, 'ただ始(はじ)め'), (3, 'たなら手(て)加(か)減(げん)は無(む)理(り)'), (2, '')]",False,False,3,たなら手(て)加(か)減(げん)は無(む)理(り)
68.285,68.752,-1,ただ始(はじ)めたなら手(て)加(か)減(げん)は無(む)理(り),"[(2, ''), (1, 'ただ始(はじ)'), (3, 'めたなら手(て)加(か)減(げん)は無(む)理(り)'), (2, '')]",False,False,3,めたなら手(て)加(か)減(げん)は無(む)理(り)
68.118,68.285,-1,ただ始(はじ)めたなら手(て)加(か)減(げん)は無(む)理(り),"[(2, ''), (1, 'ただ'), (3, '始(はじ)めたなら手(て)加(か)減(げん)は無(む)理(り)'), (2, '')]",False,False,3,始(はじ)めたなら手(て)加(か)減(げん)は無(む)理(り)
67.818,68.118,-1,ただ始(はじ)めたなら手(て)加(か)減(げん)は無(む)理(り),"[(2, ''), (1, 'た'), (3, 'だ始(はじ)めたなら手(て)加(か)減(げん)は無(む)理(り)'), (2, '')]",False,True,3,だ始(はじ)めたなら手(て)加(か)減(げん)は無(む)理(り)
74.758,75.292,-1,どうか今(こん)夜(や)は遅(おそ)くまでstayupplease,"[(2, ''), (1, 'どうか今(こん)夜(や)は遅(おそ)くまでstayupplease'), (2, '')]",True,False,3,どうか今(こん)夜(や)は遅(おそ)くまでstayupplease
74.291,74.758,-1,どうか今(こん)夜(や)は遅(おそ)くまでstayupplease,"[(2, ''), (1, 'どうか今(こん)夜(や)は遅(おそ)くまでstayup'), (3, 'please'), (2, '')]",False,False,3,please
73.857,74.291,-1,どうか今(こん)夜(や)は遅(おそ)くまでstayupplease,"[(2, ''), (1, 'どうか今(こん)夜(や)は遅(おそ)くまでstay'), (3, 'upplease'), (2, '')]",False,False,3,upplease
73.657,73.857,-1,どうか今(こん)夜(や)は遅(おそ)くまでstayupplease,"[(2, ''), (1, 'どうか今(こん)夜(や)は遅(おそ)くまで'), (3, 'stayupplease'), (2, '')]",False,False,3,stayupplease
73.357,73.657,-1,どうか今(こん)夜(や)は遅(おそ)くまでstayupplease,"[(2, ''), (1, 'どうか今(こん)夜(や)は遅(おそ)くま'), (3, 'でstayupplease'), (2, '')]",False,False,3,でstayupplease
73.223,73.357,-1,どうか今(こん)夜(や)は遅(おそ)くまでstayupplease,"[(2, ''), (1, 'どうか今(こん)夜(や)は遅(おそ)く'), (3, 'までstayupplease'), (2, '')]",False,False,3,までstayupplease
72.756,73.223,-1,どうか今(こん)夜(や)は遅(おそ)くまでstayupplease,"[(2, ''), (1, 'どうか今(こん)夜(や)は遅(おそ)'), (3, 'くまでstayupplease'), (2, '')]",False,False,3,くまでstayupplease
72.456,72.756,-1,どうか今(こん)夜(や)は遅(おそ)くまでstayupplease,"[(2, ''), (1, 'どうか今(こん)夜(や)は'), (3, '遅(おそ)くまでstayupplease'), (2, '')]",False,False,3,遅(おそ)くまでstayupplease
72.289,72.456,-1,どうか今(こん)夜(や)は遅(おそ)くまでstayupplease,"[(2, ''), (1, 'どうか今(こん)夜(や)'), (3, 'は遅(おそ)くまでstayupplease'), (2, '')]",False,False,3,は遅(おそ)くまでstayupplease
71.989,72.289,-1,どうか今(こん)夜(や)は遅(おそ)くまでstayupplease,"[(2, ''), (1, 'どうか今(こん)'), (3, '夜(や)は遅(おそ)くまでstayupplease'), (2, '')]",False,False,3,夜(や)は遅(おそ)くまでstayupplease
71.822,71.989,-1,どうか今(こん)夜(や)は遅(おそ)くまでstayupplease,"[(2, ''), (1, 'どうか'), (3, '今(こん)夜(や)は遅(おそ)くまでstayupplease'), (2, '')]",False,False,3,今(こん)夜(や)は遅(おそ)くまでstayupplease
71.688,71.822,-1,どうか今(こん)夜(や)は遅(おそ)くまでstayupplease,"[(2, ''), (1, 'どう'), (3, 'か今(こん)夜(や)は遅(おそ)くまでstayupplease'), (2, '')]",False,False,3,か今(こん)夜(や)は遅(おそ)くまでstayupplease
71.522,71.688,-1,どうか今(こん)夜(や)は遅(おそ)くまでstayupplease,"[(2, ''), (1, 'ど'), (3, 'うか今(こん)夜(や)は遅(おそ)くまでstayupplease'), (2, '')]",False,True,3,うか今(こん)夜(や)は遅(おそ)くまでstayupplease
95.979,97.381,-1,みんな分(ぶん)あったのにひとつ足(た)りない？,"[(2, ''), (1, 'みんな分(ぶん)あったのにひとつ足(た)りない？'), (2, '')]",True,False,3,みんな分(ぶん)あったのにひとつ足(た)りない？
95.512,95.979,-1,みんな分(ぶん)あったのにひとつ足(た)りない？,"[(2, ''), (1, 'みんな分(ぶん)あったのにひとつ足(た)りな'), (3, 'い？'), (2, '')]",False,False,3,い？
95.045,95.512,-1,みんな分(ぶん)あったのにひとつ足(た)りない？,"[(2, ''), (1, 'みんな分(ぶん)あったのにひとつ足(た)り'), (3, 'ない？'), (2, '')]",False,False,3,ない？
94.578,95.045,-1,みんな分(ぶん)あったのにひとつ足(た)りない？,"[(2, ''), (1, 'みんな分(ぶん)あったのにひとつ足(た)'), (3, 'りない？'), (2, '')]",False,False,3,りない？
94.111,94.578,-1,みんな分(ぶん)あったのにひとつ足(た)りない？,"[(2, ''), (1, 'みんな分(ぶん)あったのにひとつ'), (3, '足(た)りない？'), (2, '')]",False,False,3,足(た)りない？
93.944,94.111,-1,みんな分(ぶん)あったのにひとつ足(た)りない？,"[(2, ''), (1, 'みんな分(ぶん)あったのにひと'), (3, 'つ足(た)りない？'), (2, '')]",False,False,3,つ足(た)りない？
93.677,93.944,-1,みんな分(ぶん)あったのにひとつ足(た)りない？,"[(2, ''), (1, 'みんな分(ぶん)あったのにひ'), (3, 'とつ足(た)りない？'), (2, '')]",False,False,3,とつ足(た)りない？
93.21,93.677,-1,みんな分(ぶん)あったのにひとつ足(た)りない？,"[(2, ''), (1, 'みんな分(ぶん)あったのに'), (3, 'ひとつ足(た)りない？'), (2, '')]",False,False,3,ひとつ足(た)りない？
92.743,93.21,-1,みんな分(ぶん)あったのにひとつ足(た)りない？,"[(2, ''), (1, 'みんな分(ぶん)あったの'), (3, 'にひとつ足(た)りない？'), (2, '')]",False,False,3,にひとつ足(た)りない？
92.309,92.743,-1,みんな分(ぶん)あったのにひとつ足(た)りない？,"[(2, ''), (1, 'みんな分(ぶん)あった'), (3, 'のにひとつ足(た)りない？'), (2, '')]",False,False,3,のにひとつ足(た)りない？
92.109,92.309,-1,みんな分(ぶん)あったのにひとつ足(た)りない？,"[(2, ''), (1, 'みんな分(ぶん)あっ'), (3, 'たのにひとつ足(た)りない？'), (2, '')]",False,False,3,たのにひとつ足(た)りない？
91.809,92.109,-1,みんな分(ぶん)あったのにひとつ足(た)りない？,"[(2, ''), (1, 'みんな分(ぶん)あ'), (3, 'ったのにひとつ足(た)りない？'), (2, '')]",False,False,3,ったのにひとつ足(た)りない？
90.908,91.809,-1,みんな分(ぶん)あったのにひとつ足(た)りない？,"[(2, ''), (1, 'みんな分(ぶん)'), (3, 'あったのにひとつ足(た)りない？'), (2, '')]",False,False,3,あったのにひとつ足(た)りない？
90.441,90.908,-1,みんな分(ぶん)あったのにひとつ足(た)りない？,"[(2, ''), (1, 'みんな'), (3, '分(ぶん)あったのにひとつ足(た)りない？'), (2, '')]",False,False,3,分(ぶん)あったのにひとつ足(た)りない？
90.274,90.441,-1,みんな分(ぶん)あったのにひとつ足(た)りない？,"[(2, ''), (1, 'みん'), (3, 'な分(ぶん)あったのにひとつ足(た)りない？'), (2, '')]",False,False,3,な分(ぶん)あったのにひとつ足(た)りない？
89.973,90.274,-1,みんな分(ぶん)あったのにひとつ足(た)りない？,"[(2, ''), (1, 'み'), (3, 'んな分(ぶん)あったのにひとつ足(た)りない？'), (2, '')]",False,True,3,んな分(ぶん)あったのにひとつ足(た)りない？
21.672,23.507,-1,よく出(で)来(き)たハリボテの綺(き)麗(れい)な笑(え)顔(がお)？,"[(2, ''), (1, 'よく出(で)来(き)たハリボテの綺(き)麗(れい)な笑(え)顔(がお)？'), (2, '')]",True,False,3,よく出(で)来(き)たハリボテの綺(き)麗(れい)な笑(え)顔(がお)？
21.205,21.672,-1,よく出(で)来(き)たハリボテの綺(き)麗(れい)な笑(え)顔(がお)？,"[(2, ''), (1, 'よく出(で)来(き)たハリボテの綺(き)麗(れい)な笑(え)'), (3, '顔(がお)？'), (2, '')]",False,False,3,顔(がお)？
20.738,21.205,-1,よく出(で)来(き)たハリボテの綺(き)麗(れい)な笑(え)顔(がお)？,"[(2, ''), (1, 'よく出(で)来(き)たハリボテの綺(き)麗(れい)な'), (3, '笑(え)顔(がお)？'), (2, '')]",False,False,3,笑(え)顔(がお)？
20.137,20.738,-1,よく出(で)来(き)たハリボテの綺(き)麗(れい)な笑(え)顔(がお)？,"[(2, ''), (1, 'よく出(で)来(き)たハリボテの綺(き)麗(れい)'), (3, 'な笑(え)顔(がお)？'), (2, '')]",False,False,3,な笑(え)顔(がお)？
19.803,20.137,-1,よく出(で)来(き)たハリボテの綺(き)麗(れい)な笑(え)顔(がお)？,"[(2, ''), (1, 'よく出(で)来(き)たハリボテの綺(き)'), (3, '麗(れい)な笑(え)顔(がお)？'), (2, '')]",False,False,3,麗(れい)な笑(え)顔(がお)？
19.37,19.803,-1,よく出(で)来(き)たハリボテの綺(き)麗(れい)な笑(え)顔(がお)？,"[(2, ''), (1, 'よく出(で)来(き)たハリボテの'), (3, '綺(き)麗(れい)な笑(え)顔(がお)？'), (2, '')]",False,False,3,綺(き)麗(れい)な笑(え)顔(がお)？
18.869,19.37,-1,よく出(で)来(き)たハリボテの綺(き)麗(れい)な笑(え)顔(がお)？,"[(2, ''), (1, 'よく出(で)来(き)たハリボテ'), (3, 'の綺(き)麗(れい)な笑(え)顔(がお)？'), (2, '')]",False,False,3,の綺(き)麗(れい)な笑(え)顔(がお)？
18.435,18.869,-1,よく出(で)来(き)たハリボテの綺(き)麗(れい)な笑(え)顔(がお)？,"[(2, ''), (1, 'よく出(で)来(き)たハリボ'), (3, 'テの綺(き)麗(れい)な笑(え)顔(がお)？'), (2, '')]",False,False,3,テの綺(き)麗(れい)な笑(え)顔(がお)？
18.268,18.435,-1,よく出(で)来(き)たハリボテの綺(き)麗(れい)な笑(え)顔(がお)？,"[(2, ''), (1, 'よく出(で)来(き)たハリ'), (3, 'ボテの綺(き)麗(れい)な笑(え)顔(がお)？'), (2, '')]",False,False,3,ボテの綺(き)麗(れい)な笑(え)顔(がお)？
17.968,18.268,-1,よく出(で)来(き)たハリボテの綺(き)麗(れい)な笑(え)顔(がお)？,"[(2, ''), (1, 'よく出(で)来(き)たハ'), (3, 'リボテの綺(き)麗(れい)な笑(え)顔(がお)？'), (2, '')]",False,False,3,リボテの綺(き)麗(れい)な笑(え)顔(がお)？
17.468,17.968,-1,よく出(で)来(き)たハリボテの綺(き)麗(れい)な笑(え)顔(がお)？,"[(2, ''), (1, 'よく出(で)来(き)た'), (3, 'ハリボテの綺(き)麗(れい)な笑(え)顔(がお)？'), (2, '')]",False,False,3,ハリボテの綺(き)麗(れい)な笑(え)顔(がお)？
17.034,17.468,-1,よく出(で)来(き)たハリボテの綺(き)麗(れい)な笑(え)顔(がお)？,"[(2, ''), (1, 'よく出(で)来(き)'), (3, 'たハリボテの綺(き)麗(れい)な笑(え)顔(がお)？'), (2, '')]",False,False,3,たハリボテの綺(き)麗(れい)な笑(え)顔(がお)？
16.6,17.034,-1,よく出(で)来(き)たハリボテの綺(き)麗(れい)な笑(え)顔(がお)？,"[(2, ''), (1, 'よく出(で)'), (3, '来(き)たハリボテの綺(き)麗(れい)な笑(え)顔(がお)？'), (2, '')]",False,False,3,来(き)たハリボテの綺(き)麗(れい)な笑(え)顔(がお)？
16.433,16.6,-1,よく出(で)来(き)たハリボテの綺(き)麗(れい)な笑(え)顔(がお)？,"[(2, ''), (1, 'よく'), (3, '出(で)来(き)たハリボテの綺(き)麗(れい)な笑(え)顔(がお)？'), (2, '')]",False,False,3,出(で)来(き)たハリボテの綺(き)麗(れい)な笑(え)顔(がお)？
16.033,16.433,-1,よく出(で)来(き)たハリボテの綺(き)麗(れい)な笑(え)顔(がお)？,"[(2, ''), (1, 'よ'), (3, 'く出(で)来(き)たハリボテの綺(き)麗(れい)な笑(え)顔(がお)？'), (2, '')]",False,True,3,く出(で)来(き)たハリボテの綺(き)麗(れい)な笑(え)顔(がお)？
29.513,30.914,-1,人(ひと)前(まえ)じゃ崩(くず)せないあなたもbemyguest,"[(2, ''), (1, '人(ひと)前(まえ)じゃ崩(くず)せないあなたもbemyguest'), (2, '')]",True,False,3,人(ひと)前(まえ)じゃ崩(くず)せないあなたもbemyguest
29.013,29.513,-1,人(ひと)前(まえ)じゃ崩(くず)せないあなたもbemyguest,"[(2, ''), (1, '人(ひと)前(まえ)じゃ崩(くず)せないあなたもbemy'), (3, 'guest'), (2, '')]",False,False,3,guest
28.579,29.013,-1,人(ひと)前(まえ)じゃ崩(くず)せないあなたもbemyguest,"[(2, ''), (1, '人(ひと)前(まえ)じゃ崩(くず)せないあなたもbe'), (3, 'myguest'), (2, '')]",False,False,3,myguest
28.112,28.579,-1,人(ひと)前(まえ)じゃ崩(くず)せないあなたもbemyguest,"[(2, ''), (1, '人(ひと)前(まえ)じゃ崩(くず)せないあなたも'), (3, 'bemyguest'), (2, '')]",False,False,3,bemyguest
27.644,28.112,-1,人(ひと)前(まえ)じゃ崩(くず)せないあなたもbemyguest,"[(2, ''), (1, '人(ひと)前(まえ)じゃ崩(くず)せないあなた'), (3, 'もbemyguest'), (2, '')]",False,False,3,もbemyguest
27.511,27.644,-1,人(ひと)前(まえ)じゃ崩(くず)せないあなたもbemyguest,"[(2, ''), (1, '人(ひと)前(まえ)じゃ崩(くず)せないあな'), (3, 'たもbemyguest'), (2, '')]",False,False,3,たもbemyguest
27.177,27.511,-1,人(ひと)前(まえ)じゃ崩(くず)せないあなたもbemyguest,"[(2, ''), (1, '人(ひと)前(まえ)じゃ崩(くず)せないあ'), (3, 'なたもbemyguest'), (2, '')]",False,False,3,なたもbemyguest
26.744,27.177,-1,人(ひと)前(まえ)じゃ崩(くず)せないあなたもbemyguest,"[(2, ''), (1, '人(ひと)前(まえ)じゃ崩(くず)せない'), (3, 'あなたもbemyguest'), (2, '')]",False,False,3,あなたもbemyguest
26.276,26.744,-1,人(ひと)前(まえ)じゃ崩(くず)せないあなたもbemyguest,"[(2, ''), (1, '人(ひと)前(まえ)じゃ崩(くず)せな'), (3, 'いあなたもbemyguest'), (2, '')]",False,False,3,いあなたもbemyguest
25.809,26.276,-1,人(ひと)前(まえ)じゃ崩(くず)せないあなたもbemyguest,"[(2, ''), (1, '人(ひと)前(まえ)じゃ崩(くず)せ'), (3, 'ないあなたもbemyguest'), (2, '')]",False,False,3,ないあなたもbemyguest
25.342,25.809,-1,人(ひと)前(まえ)じゃ崩(くず)せないあなたもbemyguest,"[(2, ''), (1, '人(ひと)前(まえ)じゃ崩(くず)'), (3, 'せないあなたもbemyguest'), (2, '')]",False,False,3,せないあなたもbemyguest
24.875,25.342,-1,人(ひと)前(まえ)じゃ崩(くず)せないあなたもbemyguest,"[(2, ''), (1, '人(ひと)前(まえ)じゃ'), (3, '崩(くず)せないあなたもbemyguest'), (2, '')]",False,False,3,崩(くず)せないあなたもbemyguest
23.974,24.875,-1,人(ひと)前(まえ)じゃ崩(くず)せないあなたもbemyguest,"[(2, ''), (1, '人(ひと)前(まえ)'), (3, 'じゃ崩(くず)せないあなたもbemyguest'), (2, '')]",False,False,3,じゃ崩(くず)せないあなたもbemyguest
23.507,23.974,-1,人(ひと)前(まえ)じゃ崩(くず)せないあなたもbemyguest,"[(2, ''), (1, '人(ひと)'), (3, '前(まえ)じゃ崩(くず)せないあなたもbemyguest'), (2, '')]",False,False,3,前(まえ)じゃ崩(くず)せないあなたもbemyguest
5.055,5.489,-1,傘(かさ)も差(さ)せずにnono,"[(2, ''), (1, '傘(かさ)も差(さ)せずにnono'), (2, '')]",True,False,3,傘(かさ)も差(さ)せずにnono
4.588,5.055,-1,傘(かさ)も差(さ)せずにnono,"[(2, ''), (1, '傘(かさ)も差(さ)せずにno'), (3, 'no'), (2, '')]",False,False,3,no
4.121,4.588,-1,傘(かさ)も差(さ)せずにnono,"[(2, ''), (1, '傘(かさ)も差(さ)せずに'), (3, 'nono'), (2, '')]",False,False,3,nono
3.654,4.121,-1,傘(かさ)も差(さ)せずにnono,"[(2, ''), (1, '傘(かさ)も差(さ)せず'), (3, 'にnono'), (2, '')]",False,False,3,にnono
3.22,3.654,-1,傘(かさ)も差(さ)せずにnono,"[(2, ''), (1, '傘(かさ)も差(さ)せ'), (3, 'ずにnono'), (2, '')]",False,False,3,ずにnono
2.72,3.22,-1,傘(かさ)も差(さ)せずにnono,"[(2, ''), (1, '傘(かさ)も差(さ)'), (3, 'せずにnono'), (2, '')]",False,False,3,せずにnono
2.286,2.72,-1,傘(かさ)も差(さ)せずにnono,"[(2, ''), (1, '傘(かさ)も'), (3, '差(さ)せずにnono'), (2, '')]",False,False,3,差(さ)せずにnono
1.318,2.286,-1,傘(かさ)も差(さ)せずにnono,"[(2, ''), (1, '傘(かさ)'), (3, 'も差(さ)せずにnono'), (2, '')]",False,False,3,も差(さ)せずにnono
81.198,82.599,-1,友(とも)達(だち)じゃないけれど離(はな)れられない？,"[(2, ''), (1, '友(とも)達(だち)じゃないけれど離(はな)れられない？'), (2, '')]",True,False,3,友(とも)達(だち)じゃないけれど離(はな)れられない？
80.764,81.198,-1,友(とも)達(だち)じゃないけれど離(はな)れられない？,"[(2, ''), (1, '友(とも)達(だち)じゃないけれど離(はな)れられな'), (3, 'い？'), (2, '')]",False,False,3,い？
80.297,80.764,-1,友(とも)達(だち)じゃないけれど離(はな)れられない？,"[(2, ''), (1, '友(とも)達(だち)じゃないけれど離(はな)れられ'), (3, 'ない？'), (2, '')]",False,False,3,ない？
79.797,80.297,-1,友(とも)達(だち)じゃないけれど離(はな)れられない？,"[(2, ''), (1, '友(とも)達(だち)じゃないけれど離(はな)れら'), (3, 'れない？'), (2, '')]",False,False,3,れない？
79.363,79.797,-1,友(とも)達(だち)じゃないけれど離(はな)れられない？,"[(2, ''), (1, '友(とも)達(だち)じゃないけれど離(はな)れ'), (3, 'られない？'), (2, '')]",False,False,3,られない？
78.896,79.363,-1,友(とも)達(だち)じゃないけれど離(はな)れられない？,"[(2, ''), (1, '友(とも)達(だち)じゃないけれど離(はな)'), (3, 'れられない？'), (2, '')]",False,False,3,れられない？
78.429,78.896,-1,友(とも)達(だち)じゃないけれど離(はな)れられない？,"[(2, ''), (1, '友(とも)達(だち)じゃないけれど'), (3, '離(はな)れられない？'), (2, '')]",False,False,3,離(はな)れられない？
77.928,78.429,-1,友(とも)達(だち)じゃないけれど離(はな)れられない？,"[(2, ''), (1, '友(とも)達(だち)じゃないけれ'), (3, 'ど離(はな)れられない？'), (2, '')]",False,False,3,ど離(はな)れられない？
77.528,77.928,-1,友(とも)達(だち)じゃないけれど離(はな)れられない？,"[(2, ''), (1, '友(とも)達(だち)じゃないけ'), (3, 'れど離(はな)れられない？'), (2, '')]",False,False,3,れど離(はな)れられない？
77.361,77.528,-1,友(とも)達(だち)じゃないけれど離(はな)れられない？,"[(2, ''), (1, '友(とも)達(だち)じゃない'), (3, 'けれど離(はな)れられない？'), (2, '')]",False,False,3,けれど離(はな)れられない？
77.061,77.361,-1,友(とも)達(だち)じゃないけれど離(はな)れられない？,"[(2, ''), (1, '友(とも)達(だち)じゃな'), (3, 'いけれど離(はな)れられない？'), (2, '')]",False,False,3,いけれど離(はな)れられない？
76.593,77.061,-1,友(とも)達(だち)じゃないけれど離(はな)れられない？,"[(2, ''), (1, '友(とも)達(だち)じゃ'), (3, 'ないけれど離(はな)れられない？'), (2, '')]",False,False,3,ないけれど離(はな)れられない？
75.659,76.593,-1,友(とも)達(だち)じゃないけれど離(はな)れられない？,"[(2, ''), (1, '友(とも)達(だち)'), (3, 'じゃないけれど離(はな)れられない？'), (2, '')]",False,False,3,じゃないけれど離(はな)れられない？
75.292,75.659,-1,友(とも)達(だち)じゃないけれど離(はな)れられない？,"[(2, ''), (1, '友(とも)'), (3, '達(だち)じゃないけれど離(はな)れられない？'), (2, '')]",False,False,3,達(だち)じゃないけれど離(はな)れられない？
7.358,8.826,-1,塞(ふさ)がるeyes,"[(2, ''), (1, '塞(ふさ)がるeyes'), (2, '')]",True,False,3,塞(ふさ)がるeyes
6.89,7.358,-1,塞(ふさ)がるeyes,"[(2, ''), (1, '塞(ふさ)がる'), (3, 'eyes'), (2, '')]",False,False,3,eyes
6.39,6.89,-1,塞(ふさ)がるeyes,"[(2, ''), (1, '塞(ふさ)が'), (3, 'るeyes'), (2, '')]",False,False,3,るeyes
5.489,6.39,-1,塞(ふさ)がるeyes,"[(2, ''), (1, '塞(ふさ)'), (3, 'がるeyes'), (2, '')]",False,False,3,がるeyes
44.328,44.962,-1,屋(おく)上(じょう)から出(で)られないあなたもbemyguest,"[(2, ''), (1, '屋(おく)上(じょう)から出(で)られないあなたもbemyguest'), (2, '')]",True,False,3,屋(おく)上(じょう)から出(で)られないあなたもbemyguest
43.827,44.328,-1,屋(おく)上(じょう)から出(で)られないあなたもbemyguest,"[(2, ''), (1, '屋(おく)上(じょう)から出(で)られないあなたもbemy'), (3, 'guest'), (2, '')]",False,False,3,guest
43.36,43.827,-1,屋(おく)上(じょう)から出(で)られないあなたもbemyguest,"[(2, ''), (1, '屋(おく)上(じょう)から出(で)られないあなたもbe'), (3, 'myguest'), (2, '')]",False,False,3,myguest
42.893,43.36,-1,屋(おく)上(じょう)から出(で)られないあなたもbemyguest,"[(2, ''), (1, '屋(おく)上(じょう)から出(で)られないあなたも'), (3, 'bemyguest'), (2, '')]",False,False,3,bemyguest
42.459,42.893,-1,屋(おく)上(じょう)から出(で)られないあなたもbemyguest,"[(2, ''), (1, '屋(おく)上(じょう)から出(で)られないあなた'), (3, 'もbemyguest'), (2, '')]",False,False,3,もbemyguest
42.292,42.459,-1,屋(おく)上(じょう)から出(で)られないあなたもbemyguest,"[(2, ''), (1, '屋(おく)上(じょう)から出(で)られないあな'), (3, 'たもbemyguest'), (2, '')]",False,False,3,たもbemyguest
41.959,42.292,-1,屋(おく)上(じょう)から出(で)られないあなたもbemyguest,"[(2, ''), (1, '屋(おく)上(じょう)から出(で)られないあ'), (3, 'なたもbemyguest'), (2, '')]",False,False,3,なたもbemyguest
41.525,41.959,-1,屋(おく)上(じょう)から出(で)られないあなたもbemyguest,"[(2, ''), (1, '屋(おく)上(じょう)から出(で)られない'), (3, 'あなたもbemyguest'), (2, '')]",False,False,3,あなたもbemyguest
41.058,41.525,-1,屋(おく)上(じょう)から出(で)られないあなたもbemyguest,"[(2, ''), (1, '屋(おく)上(じょう)から出(で)られな'), (3, 'いあなたもbemyguest'), (2, '')]",False,False,3,いあなたもbemyguest
40.591,41.058,-1,屋(おく)上(じょう)から出(で)られないあなたもbemyguest,"[(2, ''), (1, '屋(おく)上(じょう)から出(で)られ'), (3, 'ないあなたもbemyguest'), (2, '')]",False,False,3,ないあなたもbemyguest
40.424,40.591,-1,屋(おく)上(じょう)から出(で)られないあなたもbemyguest,"[(2, ''), (1, '屋(おく)上(じょう)から出(で)ら'), (3, 'れないあなたもbemyguest'), (2, '')]",False,False,3,れないあなたもbemyguest
40.124,40.424,-1,屋(おく)上(じょう)から出(で)られないあなたもbemyguest,"[(2, ''), (1, '屋(おく)上(じょう)から出(で)'), (3, 'られないあなたもbemyguest'), (2, '')]",False,False,3,られないあなたもbemyguest
39.69,40.124,-1,屋(おく)上(じょう)から出(で)られないあなたもbemyguest,"[(2, ''), (1, '屋(おく)上(じょう)から'), (3, '出(で)られないあなたもbemyguest'), (2, '')]",False,False,3,出(で)られないあなたもbemyguest
39.189,39.69,-1,屋(おく)上(じょう)から出(で)られないあなたもbemyguest,"[(2, ''), (1, '屋(おく)上(じょう)か'), (3, 'ら出(で)られないあなたもbemyguest'), (2, '')]",False,False,3,ら出(で)られないあなたもbemyguest
38.756,39.189,-1,屋(おく)上(じょう)から出(で)られないあなたもbemyguest,"[(2, ''), (1, '屋(おく)上(じょう)'), (3, 'から出(で)られないあなたもbemyguest'), (2, '')]",False,False,3,から出(で)られないあなたもbemyguest
38.288,38.756,-1,屋(おく)上(じょう)から出(で)られないあなたもbemyguest,"[(2, ''), (1, '屋(おく)'), (3, '上(じょう)から出(で)られないあなたもbemyguest'), (2, '')]",False,False,3,上(じょう)から出(で)られないあなたもbemyguest
114.431,115.766,-1,帰(かえ)り道(みち)回(まわ)り道(みち)バターの香(かお)り,"[(2, ''), (1, '帰(かえ)り道(みち)回(まわ)り道(みち)バターの香(かお)り'), (2, '')]",True,False,3,帰(かえ)り道(みち)回(まわ)り道(みち)バターの香(かお)り
113.497,114.431,-1,帰(かえ)り道(みち)回(まわ)り道(みち)バターの香(かお)り,"[(2, ''), (1, '帰(かえ)り道(みち)回(まわ)り道(みち)バターの香(かお)'), (3, 'り'), (2, '')]",False,False,3,り
113.03,113.497,-1,帰(かえ)り道(みち)回(まわ)り道(みち)バターの香(かお)り,"[(2, ''), (1, '帰(かえ)り道(みち)回(まわ)り道(みち)バターの'), (3, '香(かお)り'), (2, '')]",False,False,3,香(かお)り
112.596,113.03,-1,帰(かえ)り道(みち)回(まわ)り道(みち)バターの香(かお)り,"[(2, ''), (1, '帰(かえ)り道(みち)回(まわ)り道(みち)バター'), (3, 'の香(かお)り'), (2, '')]",False,False,3,の香(かお)り
112.429,112.596,-1,帰(かえ)り道(みち)回(まわ)り道(みち)バターの香(かお)り,"[(2, ''), (1, '帰(かえ)り道(みち)回(まわ)り道(みち)バタ'), (3, 'ーの香(かお)り'), (2, '')]",False,False,3,ーの香(かお)り
112.129,112.429,-1,帰(かえ)り道(みち)回(まわ)り道(みち)バターの香(かお)り,"[(2, ''), (1, '帰(かえ)り道(みち)回(まわ)り道(みち)バ'), (3, 'ターの香(かお)り'), (2, '')]",False,False,3,ターの香(かお)り
111.195,112.129,-1,帰(かえ)り道(みち)回(まわ)り道(みち)バターの香(かお)り,"[(2, ''), (1, '帰(かえ)り道(みち)回(まわ)り道(みち)'), (3, 'バターの香(かお)り'), (2, '')]",False,False,3,バターの香(かお)り
110.761,111.195,-1,帰(かえ)り道(みち)回(まわ)り道(みち)バターの香(かお)り,"[(2, ''), (1, '帰(かえ)り道(みち)回(まわ)り'), (3, '道(みち)バターの香(かお)り'), (2, '')]",False,False,3,道(みち)バターの香(かお)り
110.26,110.761,-1,帰(かえ)り道(みち)回(まわ)り道(みち)バターの香(かお)り,"[(2, ''), (1, '帰(かえ)り道(みち)回(まわ)'), (3, 'り道(みち)バターの香(かお)り'), (2, '')]",False,False,3,り道(みち)バターの香(かお)り
109.359,110.26,-1,帰(かえ)り道(みち)回(まわ)り道(みち)バターの香(かお)り,"[(2, ''), (1, '帰(かえ)り道(みち)'), (3, '回(まわ)り道(みち)バターの香(かお)り'), (2, '')]",False,False,3,回(まわ)り道(みち)バターの香(かお)り
108.892,109.359,-1,帰(かえ)り道(みち)回(まわ)り道(みち)バターの香(かお)り,"[(2, ''), (1, '帰(かえ)り'), (3, '道(みち)回(まわ)り道(みち)バターの香(かお)り'), (2, '')]",False,False,3,道(みち)回(まわ)り道(みち)バターの香(かお)り
108.425,108.892,-1,帰(かえ)り道(みち)回(まわ)り道(みち)バターの香(かお)り,"[(2, ''), (1, '帰(かえ)'), (3, 'り道(みち)回(まわ)り道(みち)バターの香(かお)り'), (2, '')]",False,False,3,り道(みち)回(まわ)り道(みち)バターの香(かお)り
13.364,13.831,-1,帰(かえ)れないならあなたも,"[(2, ''), (1, '帰(かえ)れないならあなたも'), (2, '')]",True,False,3,帰(かえ)れないならあなたも
12.896,13.364,-1,帰(かえ)れないならあなたも,"[(2, ''), (1, '帰(かえ)れないならあなた'), (3, 'も'), (2, '')]",False,False,3,も
12.429,12.896,-1,帰(かえ)れないならあなたも,"[(2, ''), (1, '帰(かえ)れないならあな'), (3, 'たも'), (2, '')]",False,False,3,たも
11.962,12.429,-1,帰(かえ)れないならあなたも,"[(2, ''), (1, '帰(かえ)れないならあ'), (3, 'なたも'), (2, '')]",False,False,3,なたも
11.528,11.962,-1,帰(かえ)れないならあなたも,"[(2, ''), (1, '帰(かえ)れないなら'), (3, 'あなたも'), (2, '')]",False,False,3,あなたも
11.061,11.528,-1,帰(かえ)れないならあなたも,"[(2, ''), (1, '帰(かえ)れないな'), (3, 'らあなたも'), (2, '')]",False,False,3,らあなたも
10.561,11.061,-1,帰(かえ)れないならあなたも,"[(2, ''), (1, '帰(かえ)れない'), (3, 'ならあなたも'), (2, '')]",False,False,3,ならあなたも
10.127,10.561,-1,帰(かえ)れないならあなたも,"[(2, ''), (1, '帰(かえ)れな'), (3, 'いならあなたも'), (2, '')]",False,False,3,いならあなたも
9.693,10.127,-1,帰(かえ)れないならあなたも,"[(2, ''), (1, '帰(かえ)れ'), (3, 'ないならあなたも'), (2, '')]",False,False,3,ないならあなたも
8.826,9.693,-1,帰(かえ)れないならあなたも,"[(2, ''), (1, '帰(かえ)'), (3, 'れないならあなたも'), (2, '')]",False,False,3,れないならあなたも
51.702,52.136,-1,手(て)当(あ)たり次(し)第(だい)にtap\'ntap\'ntap,"[(2, ''), (1, ""手(て)当(あ)たり次(し)第(だい)にtap\\'ntap\\'ntap""), (2, '')]",True,False,3,手(て)当(あ)たり次(し)第(だい)にtap\'ntap\'ntap
51.535,51.702,-1,手(て)当(あ)たり次(し)第(だい)にtap\'ntap\'ntap,"[(2, ''), (1, ""手(て)当(あ)たり次(し)第(だい)にtap\\'ntap\\'n""), (3, 'tap'), (2, '')]",False,False,3,tap
51.201,51.535,-1,手(て)当(あ)たり次(し)第(だい)にtap\'ntap\'ntap,"[(2, ''), (1, ""手(て)当(あ)たり次(し)第(だい)にtap\\'ntap""), (3, ""\\'ntap""), (2, '')]",False,False,3,\'ntap
51.035,51.201,-1,手(て)当(あ)たり次(し)第(だい)にtap\'ntap\'ntap,"[(2, ''), (1, ""手(て)当(あ)たり次(し)第(だい)にtap\\'n""), (3, ""tap\\'ntap""), (2, '')]",False,False,3,tap\'ntap
50.768,51.035,-1,手(て)当(あ)たり次(し)第(だい)にtap\'ntap\'ntap,"[(2, ''), (1, '手(て)当(あ)たり次(し)第(だい)にtap'), (3, ""\\'ntap\\'ntap""), (2, '')]",False,False,3,\'ntap\'ntap
50.567,50.768,-1,手(て)当(あ)たり次(し)第(だい)にtap\'ntap\'ntap,"[(2, ''), (1, '手(て)当(あ)たり次(し)第(だい)に'), (3, ""tap\\'ntap\\'ntap""), (2, '')]",False,False,3,tap\'ntap\'ntap
50.267,50.567,-1,手(て)当(あ)たり次(し)第(だい)にtap\'ntap\'ntap,"[(2, ''), (1, '手(て)当(あ)たり次(し)第(だい)'), (3, ""にtap\\'ntap\\'ntap""), (2, '')]",False,False,3,にtap\'ntap\'ntap
50.1,50.267,-1,手(て)当(あ)たり次(し)第(だい)にtap\'ntap\'ntap,"[(2, ''), (1, '手(て)当(あ)たり次(し)'), (3, ""第(だい)にtap\\'ntap\\'ntap""), (2, '')]",False,False,3,第(だい)にtap\'ntap\'ntap
49.833,50.1,-1,手(て)当(あ)たり次(し)第(だい)にtap\'ntap\'ntap,"[(2, ''), (1, '手(て)当(あ)たり'), (3, ""次(し)第(だい)にtap\\'ntap\\'ntap""), (2, '')]",False,False,3,次(し)第(だい)にtap\'ntap\'ntap
49.666,49.833,-1,手(て)当(あ)たり次(し)第(だい)にtap\'ntap\'ntap,"[(2, ''), (1, '手(て)当(あ)た'), (3, ""り次(し)第(だい)にtap\\'ntap\\'ntap""), (2, '')]",False,False,3,り次(し)第(だい)にtap\'ntap\'ntap
49.366,49.666,-1,手(て)当(あ)たり次(し)第(だい)にtap\'ntap\'ntap,"[(2, ''), (1, '手(て)当(あ)'), (3, ""たり次(し)第(だい)にtap\\'ntap\\'ntap""), (2, '')]",False,False,3,たり次(し)第(だい)にtap\'ntap\'ntap
49.199,49.366,-1,手(て)当(あ)たり次(し)第(だい)にtap\'ntap\'ntap,"[(2, ''), (1, '手(て)'), (3, ""当(あ)たり次(し)第(だい)にtap\\'ntap\\'ntap""), (2, '')]",False,True,3,当(あ)たり次(し)第(だい)にtap\'ntap\'ntap
121.805,122.306,-1,暖(あたた)かい笑(わら)い声(ごえ)いつかはbemyguest,"[(2, ''), (1, '暖(あたた)かい笑(わら)い声(ごえ)いつかはbemyguest'), (2, '')]",True,False,3,暖(あたた)かい笑(わら)い声(ごえ)いつかはbemyguest
121.338,121.805,-1,暖(あたた)かい笑(わら)い声(ごえ)いつかはbemyguest,"[(2, ''), (1, '暖(あたた)かい笑(わら)い声(ごえ)いつかはbemy'), (3, 'guest'), (2, '')]",False,False,3,guest
120.871,121.338,-1,暖(あたた)かい笑(わら)い声(ごえ)いつかはbemyguest,"[(2, ''), (1, '暖(あたた)かい笑(わら)い声(ごえ)いつかはbe'), (3, 'myguest'), (2, '')]",False,False,3,myguest
120.404,120.871,-1,暖(あたた)かい笑(わら)い声(ごえ)いつかはbemyguest,"[(2, ''), (1, '暖(あたた)かい笑(わら)い声(ごえ)いつかは'), (3, 'bemyguest'), (2, '')]",False,False,3,bemyguest
119.937,120.404,-1,暖(あたた)かい笑(わら)い声(ごえ)いつかはbemyguest,"[(2, ''), (1, '暖(あたた)かい笑(わら)い声(ごえ)いつか'), (3, 'はbemyguest'), (2, '')]",False,False,3,はbemyguest
119.703,119.937,-1,暖(あたた)かい笑(わら)い声(ごえ)いつかはbemyguest,"[(2, ''), (1, '暖(あたた)かい笑(わら)い声(ごえ)いつ'), (3, 'かはbemyguest'), (2, '')]",False,False,3,かはbemyguest
119.436,119.703,-1,暖(あたた)かい笑(わら)い声(ごえ)いつかはbemyguest,"[(2, ''), (1, '暖(あたた)かい笑(わら)い声(ごえ)い'), (3, 'つかはbemyguest'), (2, '')]",False,False,3,つかはbemyguest
118.569,119.436,-1,暖(あたた)かい笑(わら)い声(ごえ)いつかはbemyguest,"[(2, ''), (1, '暖(あたた)かい笑(わら)い声(ごえ)'), (3, 'いつかはbemyguest'), (2, '')]",False,False,3,いつかはbemyguest
118.102,118.569,-1,暖(あたた)かい笑(わら)い声(ごえ)いつかはbemyguest,"[(2, ''), (1, '暖(あたた)かい笑(わら)い'), (3, '声(ごえ)いつかはbemyguest'), (2, '')]",False,False,3,声(ごえ)いつかはbemyguest
117.668,118.102,-1,暖(あたた)かい笑(わら)い声(ごえ)いつかはbemyguest,"[(2, ''), (1, '暖(あたた)かい笑(わら)'), (3, 'い声(ごえ)いつかはbemyguest'), (2, '')]",False,False,3,い声(ごえ)いつかはbemyguest
117.201,117.668,-1,暖(あたた)かい笑(わら)い声(ごえ)いつかはbemyguest,"[(2, ''), (1, '暖(あたた)かい'), (3, '笑(わら)い声(ごえ)いつかはbemyguest'), (2, '')]",False,False,3,笑(わら)い声(ごえ)いつかはbemyguest
116.7,117.201,-1,暖(あたた)かい笑(わら)い声(ごえ)いつかはbemyguest,"[(2, ''), (1, '暖(あたた)か'), (3, 'い笑(わら)い声(ごえ)いつかはbemyguest'), (2, '')]",False,False,3,い笑(わら)い声(ごえ)いつかはbemyguest
115.766,116.7,-1,暖(あたた)かい笑(わら)い声(ごえ)いつかはbemyguest,"[(2, ''), (1, '暖(あたた)'), (3, 'かい笑(わら)い声(ごえ)いつかはbemyguest'), (2, '')]",False,False,3,かい笑(わら)い声(ごえ)いつかはbemyguest
36.92,38.288,-1,約(やく)束(そく)の時(じ)間(かん)でも迎(むか)えが来(こ)ない？,"[(2, ''), (1, '約(やく)束(そく)の時(じ)間(かん)でも迎(むか)えが来(こ)ない？'), (2, '')]",True,False,3,約(やく)束(そく)の時(じ)間(かん)でも迎(むか)えが来(こ)ない？
36.453,36.92,-1,約(やく)束(そく)の時(じ)間(かん)でも迎(むか)えが来(こ)ない？,"[(2, ''), (1, '約(やく)束(そく)の時(じ)間(かん)でも迎(むか)えが来(こ)な'), (3, 'い？'), (2, '')]",False,False,3,い？
35.986,36.453,-1,約(やく)束(そく)の時(じ)間(かん)でも迎(むか)えが来(こ)ない？,"[(2, ''), (1, '約(やく)束(そく)の時(じ)間(かん)でも迎(むか)えが来(こ)'), (3, 'ない？'), (2, '')]",False,False,3,ない？
35.519,35.986,-1,約(やく)束(そく)の時(じ)間(かん)でも迎(むか)えが来(こ)ない？,"[(2, ''), (1, '約(やく)束(そく)の時(じ)間(かん)でも迎(むか)えが'), (3, '来(こ)ない？'), (2, '')]",False,False,3,来(こ)ない？
35.052,35.519,-1,約(やく)束(そく)の時(じ)間(かん)でも迎(むか)えが来(こ)ない？,"[(2, ''), (1, '約(やく)束(そく)の時(じ)間(かん)でも迎(むか)え'), (3, 'が来(こ)ない？'), (2, '')]",False,False,3,が来(こ)ない？
34.585,35.052,-1,約(やく)束(そく)の時(じ)間(かん)でも迎(むか)えが来(こ)ない？,"[(2, ''), (1, '約(やく)束(そく)の時(じ)間(かん)でも迎(むか)'), (3, 'えが来(こ)ない？'), (2, '')]",False,False,3,えが来(こ)ない？
34.151,34.585,-1,約(やく)束(そく)の時(じ)間(かん)でも迎(むか)えが来(こ)ない？,"[(2, ''), (1, '約(やく)束(そく)の時(じ)間(かん)でも'), (3, '迎(むか)えが来(こ)ない？'), (2, '')]",False,False,3,迎(むか)えが来(こ)ない？
33.684,34.151,-1,約(やく)束(そく)の時(じ)間(かん)でも迎(むか)えが来(こ)ない？,"[(2, ''), (1, '約(やく)束(そく)の時(じ)間(かん)で'), (3, 'も迎(むか)えが来(こ)ない？'), (2, '')]",False,False,3,も迎(むか)えが来(こ)ない？
33.05,33.684,-1,約(やく)束(そく)の時(じ)間(かん)でも迎(むか)えが来(こ)ない？,"[(2, ''), (1, '約(やく)束(そく)の時(じ)間(かん)'), (3, 'でも迎(むか)えが来(こ)ない？'), (2, '')]",False,False,3,でも迎(むか)えが来(こ)ない？
32.75,33.05,-1,約(やく)束(そく)の時(じ)間(かん)でも迎(むか)えが来(こ)ない？,"[(2, ''), (1, '約(やく)束(そく)の時(じ)'), (3, '間(かん)でも迎(むか)えが来(こ)ない？'), (2, '')]",False,False,3,間(かん)でも迎(むか)えが来(こ)ない？
32.282,32.75,-1,約(やく)束(そく)の時(じ)間(かん)でも迎(むか)えが来(こ)ない？,"[(2, ''), (1, '約(やく)束(そく)の'), (3, '時(じ)間(かん)でも迎(むか)えが来(こ)ない？'), (2, '')]",False,False,3,時(じ)間(かん)でも迎(むか)えが来(こ)ない？
31.382,32.282,-1,約(やく)束(そく)の時(じ)間(かん)でも迎(むか)えが来(こ)ない？,"[(2, ''), (1, '約(やく)束(そく)'), (3, 'の時(じ)間(かん)でも迎(むか)えが来(こ)ない？'), (2, '')]",False,False,3,の時(じ)間(かん)でも迎(むか)えが来(こ)ない？
30.914,31.382,-1,約(やく)束(そく)の時(じ)間(かん)でも迎(むか)えが来(こ)ない？,"[(2, ''), (1, '約(やく)'), (3, '束(そく)の時(じ)間(かん)でも迎(むか)えが来(こ)ない？'), (2, '')]",False,False,3,束(そく)の時(じ)間(かん)でも迎(むか)えが来(こ)ない？
103.353,103.821,-1,誰(だれ)一(ひと)人(り)疑(うたが)えないあなたもbemyguest,"[(2, ''), (1, '誰(だれ)一(ひと)人(り)疑(うたが)えないあなたもbemyguest'), (2, '')]",True,False,3,誰(だれ)一(ひと)人(り)疑(うたが)えないあなたもbemyguest
102.886,103.353,-1,誰(だれ)一(ひと)人(り)疑(うたが)えないあなたもbemyguest,"[(2, ''), (1, '誰(だれ)一(ひと)人(り)疑(うたが)えないあなたもbemy'), (3, 'guest'), (2, '')]",False,False,3,guest
102.419,102.886,-1,誰(だれ)一(ひと)人(り)疑(うたが)えないあなたもbemyguest,"[(2, ''), (1, '誰(だれ)一(ひと)人(り)疑(うたが)えないあなたもbe'), (3, 'myguest'), (2, '')]",False,False,3,myguest
101.952,102.419,-1,誰(だれ)一(ひと)人(り)疑(うたが)えないあなたもbemyguest,"[(2, ''), (1, '誰(だれ)一(ひと)人(り)疑(うたが)えないあなたも'), (3, 'bemyguest'), (2, '')]",False,False,3,bemyguest
101.518,101.952,-1,誰(だれ)一(ひと)人(り)疑(うたが)えないあなたもbemyguest,"[(2, ''), (1, '誰(だれ)一(ひと)人(り)疑(うたが)えないあなた'), (3, 'もbemyguest'), (2, '')]",False,False,3,もbemyguest
101.351,101.518,-1,誰(だれ)一(ひと)人(り)疑(うたが)えないあなたもbemyguest,"[(2, ''), (1, '誰(だれ)一(ひと)人(り)疑(うたが)えないあな'), (3, 'たもbemyguest'), (2, '')]",False,False,3,たもbemyguest
101.051,101.351,-1,誰(だれ)一(ひと)人(り)疑(うたが)えないあなたもbemyguest,"[(2, ''), (1, '誰(だれ)一(ひと)人(り)疑(うたが)えないあ'), (3, 'なたもbemyguest'), (2, '')]",False,False,3,なたもbemyguest
100.717,101.051,-1,誰(だれ)一(ひと)人(り)疑(うたが)えないあなたもbemyguest,"[(2, ''), (1, '誰(だれ)一(ひと)人(り)疑(うたが)えない'), (3, 'あなたもbemyguest'), (2, '')]",False,False,3,あなたもbemyguest
100.584,100.717,-1,誰(だれ)一(ひと)人(り)疑(うたが)えないあなたもbemyguest,"[(2, ''), (1, '誰(だれ)一(ひと)人(り)疑(うたが)えな'), (3, 'いあなたもbemyguest'), (2, '')]",False,False,3,いあなたもbemyguest
100.117,100.584,-1,誰(だれ)一(ひと)人(り)疑(うたが)えないあなたもbemyguest,"[(2, ''), (1, '誰(だれ)一(ひと)人(り)疑(うたが)え'), (3, 'ないあなたもbemyguest'), (2, '')]",False,False,3,ないあなたもbemyguest
99.183,100.117,-1,誰(だれ)一(ひと)人(り)疑(うたが)えないあなたもbemyguest,"[(2, ''), (1, '誰(だれ)一(ひと)人(り)疑(うたが)'), (3, 'えないあなたもbemyguest'), (2, '')]",False,False,3,えないあなたもbemyguest
98.749,99.183,-1,誰(だれ)一(ひと)人(り)疑(うたが)えないあなたもbemyguest,"[(2, ''), (1, '誰(だれ)一(ひと)人(り)'), (3, '疑(うたが)えないあなたもbemyguest'), (2, '')]",False,False,3,疑(うたが)えないあなたもbemyguest
97.815,98.749,-1,誰(だれ)一(ひと)人(り)疑(うたが)えないあなたもbemyguest,"[(2, ''), (1, '誰(だれ)一(ひと)'), (3, '人(り)疑(うたが)えないあなたもbemyguest'), (2, '')]",False,False,3,人(り)疑(うたが)えないあなたもbemyguest
97.381,97.815,-1,誰(だれ)一(ひと)人(り)疑(うたが)えないあなたもbemyguest,"[(2, ''), (1, '誰(だれ)'), (3, '一(ひと)人(り)疑(うたが)えないあなたもbemyguest'), (2, '')]",False,False,3,一(ひと)人(り)疑(うたが)えないあなたもbemyguest
59.076,59.71,-1,踊(おど)り慣(な)れた足(あし)取(ど)り,"[(2, ''), (1, '踊(おど)り慣(な)れた足(あし)取(ど)り'), (2, '')]",True,False,3,踊(おど)り慣(な)れた足(あし)取(ど)り
58.609,59.076,-1,踊(おど)り慣(な)れた足(あし)取(ど)り,"[(2, ''), (1, '踊(おど)り慣(な)れた足(あし)取(ど)'), (3, 'り'), (2, '')]",False,False,3,り
57.975,58.609,-1,踊(おど)り慣(な)れた足(あし)取(ど)り,"[(2, ''), (1, '踊(おど)り慣(な)れた足(あし)'), (3, '取(ど)り'), (2, '')]",False,False,3,取(ど)り
57.741,57.975,-1,踊(おど)り慣(な)れた足(あし)取(ど)り,"[(2, ''), (1, '踊(おど)り慣(な)れた'), (3, '足(あし)取(ど)り'), (2, '')]",False,False,3,足(あし)取(ど)り
57.541,57.741,-1,踊(おど)り慣(な)れた足(あし)取(ど)り,"[(2, ''), (1, '踊(おど)り慣(な)れ'), (3, 'た足(あし)取(ど)り'), (2, '')]",False,False,3,た足(あし)取(ど)り
57.207,57.541,-1,踊(おど)り慣(な)れた足(あし)取(ど)り,"[(2, ''), (1, '踊(おど)り慣(な)'), (3, 'れた足(あし)取(ど)り'), (2, '')]",False,False,3,れた足(あし)取(ど)り
57.041,57.207,-1,踊(おど)り慣(な)れた足(あし)取(ど)り,"[(2, ''), (1, '踊(おど)り'), (3, '慣(な)れた足(あし)取(ど)り'), (2, '')]",False,False,3,慣(な)れた足(あし)取(ど)り
56.573,57.041,-1,踊(おど)り慣(な)れた足(あし)取(ど)り,"[(2, ''), (1, '踊(おど)'), (3, 'り慣(な)れた足(あし)取(ど)り'), (2, '')]",False,False,3,り慣(な)れた足(あし)取(ど)り
48.032,48.432,-1,黒(くろ)猫(ねこ)のようにstep\'nstep\'nstep,"[(2, ''), (1, ""黒(くろ)猫(ねこ)のようにstep\\'nstep\\'nstep""), (2, '')]",True,False,3,黒(くろ)猫(ねこ)のようにstep\'nstep\'nstep
47.831,48.032,-1,黒(くろ)猫(ねこ)のようにstep\'nstep\'nstep,"[(2, ''), (1, ""黒(くろ)猫(ねこ)のようにstep\\'nstep\\'n""), (3, 'step'), (2, '')]",False,False,3,step
47.498,47.831,-1,黒(くろ)猫(ねこ)のようにstep\'nstep\'nstep,"[(2, ''), (1, ""黒(くろ)猫(ねこ)のようにstep\\'nstep""), (3, ""\\'nstep""), (2, '')]",False,False,3,\'nstep
47.364,47.498,-1,黒(くろ)猫(ねこ)のようにstep\'nstep\'nstep,"[(2, ''), (1, ""黒(くろ)猫(ねこ)のようにstep\\'n""), (3, ""step\\'nstep""), (2, '')]",False,False,3,step\'nstep
47.064,47.364,-1,黒(くろ)猫(ねこ)のようにstep\'nstep\'nstep,"[(2, ''), (1, '黒(くろ)猫(ねこ)のようにstep'), (3, ""\\'nstep\\'nstep""), (2, '')]",False,False,3,\'nstep\'nstep
46.897,47.064,-1,黒(くろ)猫(ねこ)のようにstep\'nstep\'nstep,"[(2, ''), (1, '黒(くろ)猫(ねこ)のように'), (3, ""step\\'nstep\\'nstep""), (2, '')]",False,False,3,step\'nstep\'nstep
46.764,46.897,-1,黒(くろ)猫(ねこ)のようにstep\'nstep\'nstep,"[(2, ''), (1, '黒(くろ)猫(ねこ)のよう'), (3, ""にstep\\'nstep\\'nstep""), (2, '')]",False,False,3,にstep\'nstep\'nstep
46.597,46.764,-1,黒(くろ)猫(ねこ)のようにstep\'nstep\'nstep,"[(2, ''), (1, '黒(くろ)猫(ねこ)のよ'), (3, ""うにstep\\'nstep\\'nstep""), (2, '')]",False,False,3,うにstep\'nstep\'nstep
46.43,46.597,-1,黒(くろ)猫(ねこ)のようにstep\'nstep\'nstep,"[(2, ''), (1, '黒(くろ)猫(ねこ)の'), (3, ""ようにstep\\'nstep\\'nstep""), (2, '')]",False,False,3,ようにstep\'nstep\'nstep
45.963,46.43,-1,黒(くろ)猫(ねこ)のようにstep\'nstep\'nstep,"[(2, ''), (1, '黒(くろ)猫(ねこ)'), (3, ""のようにstep\\'nstep\\'nstep""), (2, '')]",False,False,3,のようにstep\'nstep\'nstep
45.462,45.963,-1,黒(くろ)猫(ねこ)のようにstep\'nstep\'nstep,"[(2, ''), (1, '黒(くろ)'), (3, ""猫(ねこ)のようにstep\\'nstep\\'nstep""), (2, '')]",False,False,3,猫(ねこ)のようにstep\'nstep\'nstep
