start,end,position,line,text,unformatted
1.785,1.952,-1,-1,<3></c><2>は</c><4>ーい注(ちゅう)目(もく)</c><3></c>,はーい注(ちゅう)目(もく)
1.952,2.086,-1,-1,<3></c><2>はー</c><4>い注(ちゅう)目(もく)</c><3></c>,はーい注(ちゅう)目(もく)
2.086,2.252,-1,-1,<3></c><2>はーい</c><4>注(ちゅう)目(もく)</c><3></c>,はーい注(ちゅう)目(もく)
2.252,2.686,-1,-1,<3></c><2>はーい注(ちゅう)</c><4>目(もく)</c><3></c>,はーい注(ちゅう)目(もく)
2.686,3.02,-1,-1,<3></c><2>はーい注(ちゅう)目(もく)</c><3></c>,はーい注(ちゅう)目(もく)
3.02,3.12,-1,-1,<3></c><2>ま</c><4>あいっちょ踊(おど)ってこうか？</c><3></c>,まあいっちょ踊(おど)ってこうか？
3.12,3.354,-1,-1,<3></c><2>まあ</c><4>いっちょ踊(おど)ってこうか？</c><3></c>,まあいっちょ踊(おど)ってこうか？
3.354,3.587,-1,-1,<3></c><2>まあい</c><4>っちょ踊(おど)ってこうか？</c><3></c>,まあいっちょ踊(おど)ってこうか？
3.587,3.787,-1,-1,<3></c><2>まあいっ</c><4>ちょ踊(おど)ってこうか？</c><3></c>,まあいっちょ踊(おど)ってこうか？
3.787,3.887,-1,-1,<3></c><2>まあいっちょ</c><4>踊(おど)ってこうか？</c><3></c>,まあいっちょ踊(おど)ってこうか？
3.887,4.154,-1,-1,<3></c><2>まあいっちょ踊(おど)</c><4>ってこうか？</c><3></c>,まあいっちょ踊(おど)ってこうか？
4.154,4.254,-1,-1,<3></c><2>まあいっちょ踊(おど)っ</c><4>てこうか？</c><3></c>,まあいっちょ踊(おど)ってこうか？
4.254,4.455,-1,-1,<3></c><2>まあいっちょ踊(おど)って</c><4>こうか？</c><3></c>,まあいっちょ踊(おど)ってこうか？
4.455,4.621,-1,-1,<3></c><2>まあいっちょ踊(おど)ってこ</c><4>うか？</c><3></c>,まあいっちょ踊(おど)ってこうか？
4.621,4.755,-1,-1,<3></c><2>まあいっちょ踊(おど)ってこう</c><4>か？</c><3></c>,まあいっちょ踊(おど)ってこうか？
4.755,5.155,-1,-1,<3></c><2>まあいっちょ踊(おど)ってこうか？</c><3></c>,まあいっちょ踊(おど)ってこうか？
5.155,5.356,56,-1,<3></c><2>視(し)</c><4>線(せん)牛(ぎゅう)耳(じ)ってんのは...</c><3></c>,視(し)線(せん)牛(ぎゅう)耳(じ)ってんのは...
5.356,5.823,56,-1,<3></c><2>視(し)線(せん)</c><4>牛(ぎゅう)耳(じ)ってんのは...</c><3></c>,視(し)線(せん)牛(ぎゅう)耳(じ)ってんのは...
5.823,6.256,56,-1,<3></c><2>視(し)線(せん)牛(ぎゅう)</c><4>耳(じ)ってんのは...</c><3></c>,視(し)線(せん)牛(ぎゅう)耳(じ)ってんのは...
6.256,6.423,56,-1,<3></c><2>視(し)線(せん)牛(ぎゅう)耳(じ)</c><4>ってんのは...</c><3></c>,視(し)線(せん)牛(ぎゅう)耳(じ)ってんのは...
6.423,6.59,56,-1,<3></c><2>視(し)線(せん)牛(ぎゅう)耳(じ)っ</c><4>てんのは...</c><3></c>,視(し)線(せん)牛(ぎゅう)耳(じ)ってんのは...
6.59,6.724,56,-1,<3></c><2>視(し)線(せん)牛(ぎゅう)耳(じ)って</c><4>んのは...</c><3></c>,視(し)線(せん)牛(ぎゅう)耳(じ)ってんのは...
6.724,6.89,56,-1,<3></c><2>視(し)線(せん)牛(ぎゅう)耳(じ)ってん</c><4>のは...</c><3></c>,視(し)線(せん)牛(ぎゅう)耳(じ)ってんのは...
6.89,7.124,56,-1,<3></c><2>視(し)線(せん)牛(ぎゅう)耳(じ)ってんの</c><4>は...</c><3></c>,視(し)線(せん)牛(ぎゅう)耳(じ)ってんのは...
7.124,7.825,56,-1,<3></c><2>視(し)線(せん)牛(ぎゅう)耳(じ)ってんのは...</c><3></c>,視(し)線(せん)牛(ぎゅう)耳(じ)ってんのは...
7.825,8.292,-1,-1,<3></c><2>i</c><4>ii</c><3></c>,iii
8.292,8.492,-1,-1,<3></c><2>ii</c><4>i</c><3></c>,iii
8.492,8.859,-1,-1,<3></c><2>iii</c><3></c>,iii
8.859,9.026,-1,-1,<3></c><5>あ</c><4>れ～？</c><3></c>,あれ～？
9.026,9.626,-1,-1,<3></c><5>あれ～？</c><3></c>,あれ～？
9.626,9.827,-1,-1,<3></c><5>君(きみ)</c><4>たちの声(こえ)</c><3></c>,君(きみ)たちの声(こえ)
9.827,9.927,-1,-1,<3></c><5>君(きみ)た</c><4>ちの声(こえ)</c><3></c>,君(きみ)たちの声(こえ)
9.927,10.027,-1,-1,<3></c><5>君(きみ)たち</c><4>の声(こえ)</c><3></c>,君(きみ)たちの声(こえ)
10.027,10.194,-1,-1,<3></c><5>君(きみ)たちの</c><4>声(こえ)</c><3></c>,君(きみ)たちの声(こえ)
10.194,10.527,-1,-1,<3></c><5>君(きみ)たちの声(こえ)</c><3></c>,君(きみ)たちの声(こえ)
10.527,10.627,-1,-1,<3></c><5>ま</c><4>だ足(た)りてないんじゃないの～？</c><3></c>,まだ足(た)りてないんじゃないの～？
10.627,10.861,-1,-1,<3></c><5>まだ</c><4>足(た)りてないんじゃないの～？</c><3></c>,まだ足(た)りてないんじゃないの～？
10.861,10.961,-1,-1,<3></c><5>まだ足(た)</c><4>りてないんじゃないの～？</c><3></c>,まだ足(た)りてないんじゃないの～？
10.961,11.061,-1,-1,<3></c><5>まだ足(た)り</c><4>てないんじゃないの～？</c><3></c>,まだ足(た)りてないんじゃないの～？
11.061,11.161,-1,-1,<3></c><5>まだ足(た)りて</c><4>ないんじゃないの～？</c><3></c>,まだ足(た)りてないんじゃないの～？
11.161,11.228,-1,-1,<3></c><5>まだ足(た)りてな</c><4>いんじゃないの～？</c><3></c>,まだ足(た)りてないんじゃないの～？
11.228,11.295,-1,-1,<3></c><5>まだ足(た)りてない</c><4>んじゃないの～？</c><3></c>,まだ足(た)りてないんじゃないの～？
11.295,11.362,-1,-1,<3></c><5>まだ足(た)りてないん</c><4>じゃないの～？</c><3></c>,まだ足(た)りてないんじゃないの～？
11.362,11.462,-1,-1,<3></c><5>まだ足(た)りてないんじゃ</c><4>ないの～？</c><3></c>,まだ足(た)りてないんじゃないの～？
11.462,11.562,-1,-1,<3></c><5>まだ足(た)りてないんじゃな</c><4>いの～？</c><3></c>,まだ足(た)りてないんじゃないの～？
11.562,11.662,-1,-1,<3></c><5>まだ足(た)りてないんじゃない</c><4>の～？</c><3></c>,まだ足(た)りてないんじゃないの～？
11.662,12.529,-1,-1,<3></c><5>まだ足(た)りてないんじゃないの～？</c><3></c>,まだ足(た)りてないんじゃないの～？
12.529,12.997,-1,-1,<3></c><1>our</c><4>night’sjustbegun</c><3></c>,ournight’sjustbegun
12.529,14.098,-1,0,<3></c><1>夜は始まったばかり</c><3></c>,夜は始まったばかり
12.997,13.43,-1,-1,<3></c><1>ournight’s</c><4>justbegun</c><3></c>,ournight’sjustbegun
13.43,13.664,-1,-1,<3></c><1>ournight’sjust</c><4>begun</c><3></c>,ournight’sjustbegun
13.664,13.764,-1,-1,<3></c><1>ournight’sjustbe</c><4>gun</c><3></c>,ournight’sjustbegun
13.764,14.098,-1,-1,<3></c><1>ournight’sjustbegun</c><3></c>,ournight’sjustbegun
14.098,14.565,-1,-1,<3></c><1>aye</c><4>let’sblastit!</c><3></c>,ayelet’sblastit!
14.098,16.333,-1,0,<3></c><1>アゲてこうぜ！</c><3></c>,アゲてこうぜ！
14.565,14.999,-1,-1,<3></c><1>ayelet’s</c><4>blastit!</c><3></c>,ayelet’sblastit!
14.999,15.432,-1,-1,<3></c><1>ayelet’sblast</c><4>it!</c><3></c>,ayelet’sblastit!
15.432,16.333,-1,-1,<3></c><1>ayelet’sblastit!</c><3></c>,ayelet’sblastit!
16.333,16.8,-1,-1,<3></c><5>赤(あか)</c><4>く火(ほ)照(て)るface</c><3></c>,赤(あか)く火(ほ)照(て)るface
16.8,17.034,-1,-1,<3></c><5>赤(あか)く</c><4>火(ほ)照(て)るface</c><3></c>,赤(あか)く火(ほ)照(て)るface
17.034,17.234,-1,-1,<3></c><5>赤(あか)く火(ほ)</c><4>照(て)るface</c><3></c>,赤(あか)く火(ほ)照(て)るface
17.234,17.468,-1,-1,<3></c><5>赤(あか)く火(ほ)照(て)</c><4>るface</c><3></c>,赤(あか)く火(ほ)照(て)るface
17.468,17.701,-1,-1,<3></c><5>赤(あか)く火(ほ)照(て)る</c><4>face</c><3></c>,赤(あか)く火(ほ)照(て)るface
17.701,19.003,-1,-1,<3></c><5>赤(あか)く火(ほ)照(て)るface</c><3></c>,赤(あか)く火(ほ)照(て)るface
19.003,19.103,-1,-1,<3></c><5>ヒ</c><4>ートアップしちゃって絡(から)むsweat</c><3></c>,ヒートアップしちゃって絡(から)むsweat
19.103,19.236,-1,-1,<3></c><5>ヒー</c><4>トアップしちゃって絡(から)むsweat</c><3></c>,ヒートアップしちゃって絡(から)むsweat
19.236,19.47,-1,-1,<3></c><5>ヒート</c><4>アップしちゃって絡(から)むsweat</c><3></c>,ヒートアップしちゃって絡(から)むsweat
19.47,19.57,-1,-1,<3></c><5>ヒートア</c><4>ップしちゃって絡(から)むsweat</c><3></c>,ヒートアップしちゃって絡(から)むsweat
19.57,19.703,-1,-1,<3></c><5>ヒートアッ</c><4>プしちゃって絡(から)むsweat</c><3></c>,ヒートアップしちゃって絡(から)むsweat
19.703,19.903,-1,-1,<3></c><5>ヒートアップ</c><4>しちゃって絡(から)むsweat</c><3></c>,ヒートアップしちゃって絡(から)むsweat
19.903,20.137,-1,-1,<3></c><5>ヒートアップし</c><4>ちゃって絡(から)むsweat</c><3></c>,ヒートアップしちゃって絡(から)むsweat
20.137,20.237,-1,-1,<3></c><5>ヒートアップしちゃ</c><4>って絡(から)むsweat</c><3></c>,ヒートアップしちゃって絡(から)むsweat
20.237,20.371,-1,-1,<3></c><5>ヒートアップしちゃっ</c><4>て絡(から)むsweat</c><3></c>,ヒートアップしちゃって絡(から)むsweat
20.371,20.571,-1,-1,<3></c><5>ヒートアップしちゃって</c><4>絡(から)むsweat</c><3></c>,ヒートアップしちゃって絡(から)むsweat
20.571,21.038,-1,-1,<3></c><5>ヒートアップしちゃって絡(から)</c><4>むsweat</c><3></c>,ヒートアップしちゃって絡(から)むsweat
21.038,21.271,-1,-1,<3></c><5>ヒートアップしちゃって絡(から)む</c><4>sweat</c><3></c>,ヒートアップしちゃって絡(から)むsweat
21.271,22.573,-1,-1,<3></c><5>ヒートアップしちゃって絡(から)むsweat</c><3></c>,ヒートアップしちゃって絡(から)むsweat
22.573,22.94,-1,-1,<3></c><5>渇(かわ)</c><4>いた喉(のど)潤(うるお)す</c><3></c>,渇(かわ)いた喉(のど)潤(うるお)す
22.94,23.04,-1,-1,<3></c><5>渇(かわ)い</c><4>た喉(のど)潤(うるお)す</c><3></c>,渇(かわ)いた喉(のど)潤(うるお)す
23.04,23.273,-1,-1,<3></c><5>渇(かわ)いた</c><4>喉(のど)潤(うるお)す</c><3></c>,渇(かわ)いた喉(のど)潤(うるお)す
23.273,23.707,-1,-1,<3></c><5>渇(かわ)いた喉(のど)</c><4>潤(うるお)す</c><3></c>,渇(かわ)いた喉(のど)潤(うるお)す
23.707,24.375,-1,-1,<3></c><5>渇(かわ)いた喉(のど)潤(うるお)</c><4>す</c><3></c>,渇(かわ)いた喉(のど)潤(うるお)す
24.375,24.842,-1,-1,<3></c><5>渇(かわ)いた喉(のど)潤(うるお)す</c><3></c>,渇(かわ)いた喉(のど)潤(うるお)す
24.842,25.075,-1,-1,<3></c><5>オ</c><4>アシスよマリンブルー</c><3></c>,オアシスよマリンブルー
25.075,25.275,-1,-1,<3></c><5>オア</c><4>シスよマリンブルー</c><3></c>,オアシスよマリンブルー
25.275,25.409,-1,-1,<3></c><5>オアシ</c><4>スよマリンブルー</c><3></c>,オアシスよマリンブルー
25.409,25.542,-1,-1,<3></c><5>オアシス</c><4>よマリンブルー</c><3></c>,オアシスよマリンブルー
25.542,25.743,-1,-1,<3></c><5>オアシスよ</c><4>マリンブルー</c><3></c>,オアシスよマリンブルー
25.743,25.976,-1,-1,<3></c><5>オアシスよマ</c><4>リンブルー</c><3></c>,オアシスよマリンブルー
25.976,26.143,-1,-1,<3></c><5>オアシスよマリ</c><4>ンブルー</c><3></c>,オアシスよマリンブルー
26.143,26.31,-1,-1,<3></c><5>オアシスよマリン</c><4>ブルー</c><3></c>,オアシスよマリンブルー
26.31,26.41,-1,-1,<3></c><5>オアシスよマリンブ</c><4>ルー</c><3></c>,オアシスよマリンブルー
26.41,26.51,-1,-1,<3></c><5>オアシスよマリンブル</c><4>ー</c><3></c>,オアシスよマリンブルー
26.51,26.61,-1,-1,<3></c><5>オアシスよマリンブルー</c><3></c>,オアシスよマリンブルー
26.61,26.71,-1,-1,<3></c><5>あ</c><4>っはーん！</c><3></c>,あっはーん！
26.71,27.077,-1,-1,<3></c><5>あっ</c><4>はーん！</c><3></c>,あっはーん！
27.077,27.277,-1,-1,<3></c><5>あっは</c><4>ーん！</c><3></c>,あっはーん！
27.277,27.945,-1,-1,<3></c><5>あっはー</c><4>ん！</c><3></c>,あっはーん！
27.945,28.445,-1,-1,<3></c><5>あっはーん！</c><3></c>,あっはーん！
28.445,28.645,-1,-1,<3></c><5>た</c><4>まらないんでしょ？</c><3></c>,たまらないんでしょ？
28.645,28.879,-1,-1,<3></c><5>たま</c><4>らないんでしょ？</c><3></c>,たまらないんでしょ？
28.879,29.013,-1,-1,<3></c><5>たまら</c><4>ないんでしょ？</c><3></c>,たまらないんでしょ？
29.013,29.113,-1,-1,<3></c><5>たまらな</c><4>いんでしょ？</c><3></c>,たまらないんでしょ？
29.113,29.213,-1,-1,<3></c><5>たまらない</c><4>んでしょ？</c><3></c>,たまらないんでしょ？
29.213,29.313,-1,-1,<3></c><5>たまらないん</c><4>でしょ？</c><3></c>,たまらないんでしょ？
29.313,29.546,-1,-1,<3></c><5>たまらないんで</c><4>しょ？</c><3></c>,たまらないんでしょ？
29.546,30.447,-1,-1,<3></c><5>たまらないんでしょ？</c><3></c>,たまらないんでしょ？
29.713,29.847,-1,85,<3></c><5>(ば</c><4>っきゅん♡)</c><3></c>,(ばっきゅん♡)
29.847,29.98,-1,85,<3></c><5>(ばっ</c><4>きゅん♡)</c><3></c>,(ばっきゅん♡)
29.98,30.114,-1,85,<3></c><5>(ばっきゅ</c><4>ん♡)</c><3></c>,(ばっきゅん♡)
30.114,30.447,-1,85,<3></c><5>(ばっきゅん♡)</c><3></c>,(ばっきゅん♡)
30.447,30.914,-1,-1,<3></c><1>from</c><4>shoretoshore</c><3></c>,fromshoretoshore
30.447,31.782,-1,0,<3></c><1>海岸から海岸</c><3></c>,海岸から海岸
30.914,31.115,-1,-1,<3></c><1>fromshore</c><4>toshore</c><3></c>,fromshoretoshore
31.115,31.348,-1,-1,<3></c><1>fromshoreto</c><4>shore</c><3></c>,fromshoretoshore
31.348,31.782,-1,-1,<3></c><1>fromshoretoshore</c><3></c>,fromshoretoshore
31.782,32.016,72,-1,<3></c><1>my</c><4>movesbringthestormtothefloor</c><3></c>,mymovesbringthestormtothefloor
31.782,33.584,-1,0,<3></c><1>踊ればフロアに嵐が起こる</c><3></c>,踊ればフロアに嵐が起こる
32.016,32.249,72,-1,<3></c><1>mymoves</c><4>bringthestormtothefloor</c><3></c>,mymovesbringthestormtothefloor
32.249,32.483,72,-1,<3></c><1>mymovesbring</c><4>thestormtothefloor</c><3></c>,mymovesbringthestormtothefloor
32.483,32.683,72,-1,<3></c><1>mymovesbringthe</c><4>stormtothefloor</c><3></c>,mymovesbringthestormtothefloor
32.683,32.916,72,-1,<3></c><1>mymovesbringthestorm</c><4>tothefloor</c><3></c>,mymovesbringthestormtothefloor
32.916,33.017,72,-1,<3></c><1>mymovesbringthestormto</c><4>thefloor</c><3></c>,mymovesbringthestormtothefloor
33.017,33.117,72,-1,<3></c><1>mymovesbringthestormtothe</c><4>floor</c><3></c>,mymovesbringthestormtothefloor
33.117,33.584,72,-1,<3></c><1>mymovesbringthestormtothefloor</c><3></c>,mymovesbringthestormtothefloor
33.584,33.817,63,-1,<3></c><1>thun</c><4>derraysblastasonicboom</c><3></c>,thunderraysblastasonicboom
33.584,35.586,-1,0,<3></c><1>稲妻でブッ飛ぶソニックブーム</c><3></c>,稲妻でブッ飛ぶソニックブーム
33.817,34.051,63,-1,<3></c><1>thunder</c><4>raysblastasonicboom</c><3></c>,thunderraysblastasonicboom
34.051,34.485,63,-1,<3></c><1>thunderrays</c><4>blastasonicboom</c><3></c>,thunderraysblastasonicboom
34.485,34.718,63,-1,<3></c><1>thunderraysblast</c><4>asonicboom</c><3></c>,thunderraysblastasonicboom
34.718,34.918,63,-1,<3></c><1>thunderraysblasta</c><4>sonicboom</c><3></c>,thunderraysblastasonicboom
34.918,35.152,63,-1,<3></c><1>thunderraysblastason</c><4>icboom</c><3></c>,thunderraysblastasonicboom
35.152,35.352,63,-1,<3></c><1>thunderraysblastasonic</c><4>boom</c><3></c>,thunderraysblastasonicboom
35.352,35.586,63,-1,<3></c><1>thunderraysblastasonicboom</c><3></c>,thunderraysblastasonicboom
35.586,35.819,83,-1,<3></c><1>i</c><4>ridethebeatlikei’msurfingshockwaves</c><3></c>,iridethebeatlikei’msurfingshockwaves
35.586,38.255,-1,0,<3></c><1>リズム乗る様は衝撃波のサーフィン</c><3></c>,リズム乗る様は衝撃波のサーフィン
35.819,35.953,83,-1,<3></c><1>iride</c><4>thebeatlikei’msurfingshockwaves</c><3></c>,iridethebeatlikei’msurfingshockwaves
35.953,36.153,83,-1,<3></c><1>iridethe</c><4>beatlikei’msurfingshockwaves</c><3></c>,iridethebeatlikei’msurfingshockwaves
36.153,36.32,83,-1,<3></c><1>iridethebeat</c><4>likei’msurfingshockwaves</c><3></c>,iridethebeatlikei’msurfingshockwaves
36.32,36.487,83,-1,<3></c><1>iridethebeatlike</c><4>i’msurfingshockwaves</c><3></c>,iridethebeatlikei’msurfingshockwaves
36.487,36.72,83,-1,<3></c><1>iridethebeatlikei’m</c><4>surfingshockwaves</c><3></c>,iridethebeatlikei’msurfingshockwaves
36.72,36.92,83,-1,<3></c><1>iridethebeatlikei’msurf</c><4>ingshockwaves</c><3></c>,iridethebeatlikei’msurfingshockwaves
36.92,37.121,83,-1,<3></c><1>iridethebeatlikei’msurfing</c><4>shockwaves</c><3></c>,iridethebeatlikei’msurfingshockwaves
37.121,37.354,83,-1,<3></c><1>iridethebeatlikei’msurfingshock</c><4>waves</c><3></c>,iridethebeatlikei’msurfingshockwaves
37.354,38.255,83,-1,<3></c><1>iridethebeatlikei’msurfingshockwaves</c><3></c>,iridethebeatlikei’msurfingshockwaves
38.255,38.522,-1,-1,<3></c><1>don’t</c><4>neednosunblock</c><3></c>,don’tneednosunblock
38.255,39.39,-1,0,<3></c><1>日焼け止めなんか不要</c><3></c>,日焼け止めなんか不要
38.522,38.722,-1,-1,<3></c><1>don’tneed</c><4>nosunblock</c><3></c>,don’tneednosunblock
38.722,38.856,-1,-1,<3></c><1>don’tneedno</c><4>sunblock</c><3></c>,don’tneednosunblock
38.856,39.056,-1,-1,<3></c><1>don’tneednosun</c><4>block</c><3></c>,don’tneednosunblock
39.056,39.39,-1,-1,<3></c><1>don’tneednosunblock</c><3></c>,don’tneednosunblock
39.39,39.523,84,-1,<3></c><1>i</c><4>canmakeitrain‘causeyouhitthejackpot</c><3></c>,icanmakeitrain‘causeyouhitthejackpot
39.39,41.158,-1,0,<3></c><1>ジャックポットの雨あられをあげる</c><3></c>,ジャックポットの雨あられをあげる
39.523,39.623,84,-1,<3></c><1>ican</c><4>makeitrain‘causeyouhitthejackpot</c><3></c>,icanmakeitrain‘causeyouhitthejackpot
39.623,39.723,84,-1,<3></c><1>icanmake</c><4>itrain‘causeyouhitthejackpot</c><3></c>,icanmakeitrain‘causeyouhitthejackpot
39.723,39.823,84,-1,<3></c><1>icanmakeit</c><4>rain‘causeyouhitthejackpot</c><3></c>,icanmakeitrain‘causeyouhitthejackpot
39.823,40.057,84,-1,<3></c><1>icanmakeitrain</c><4>‘causeyouhitthejackpot</c><3></c>,icanmakeitrain‘causeyouhitthejackpot
40.057,40.19,84,-1,<3></c><1>icanmakeitrain‘cause</c><4>youhitthejackpot</c><3></c>,icanmakeitrain‘causeyouhitthejackpot
40.19,40.29,84,-1,<3></c><1>icanmakeitrain‘causeyou</c><4>hitthejackpot</c><3></c>,icanmakeitrain‘causeyouhitthejackpot
40.29,40.491,84,-1,<3></c><1>icanmakeitrain‘causeyouhit</c><4>thejackpot</c><3></c>,icanmakeitrain‘causeyouhitthejackpot
40.491,40.624,84,-1,<3></c><1>icanmakeitrain‘causeyouhitthe</c><4>jackpot</c><3></c>,icanmakeitrain‘causeyouhitthejackpot
40.624,40.858,84,-1,<3></c><1>icanmakeitrain‘causeyouhitthejack</c><4>pot</c><3></c>,icanmakeitrain‘causeyouhitthejackpot
40.858,41.158,84,-1,<3></c><1>icanmakeitrain‘causeyouhitthejackpot</c><3></c>,icanmakeitrain‘causeyouhitthejackpot
41.158,41.258,-1,-1,<3></c><1>ba</c><4>bygetready</c><3></c>,babygetready
41.158,42.526,-1,0,<3></c><1>立ちなベイビー</c><3></c>,立ちなベイビー
41.258,41.825,-1,-1,<3></c><1>baby</c><4>getready</c><3></c>,babygetready
41.825,42.059,-1,-1,<3></c><1>babyget</c><4>ready</c><3></c>,babygetready
42.059,42.192,-1,-1,<3></c><1>babygetread</c><4>y</c><3></c>,babygetready
42.192,42.526,-1,-1,<3></c><1>babygetready</c><3></c>,babygetready
42.526,42.626,66,-1,<3></c><1>if</c><4>youwannarideonwiththeogs</c><3></c>,ifyouwannarideonwiththeogs
42.526,44.762,-1,0,<3></c><1>ウチらとノッてみたいなら</c><3></c>,ウチらとノッてみたいなら
42.626,42.76,66,-1,<3></c><1>ifyou</c><4>wannarideonwiththeogs</c><3></c>,ifyouwannarideonwiththeogs
42.76,42.86,66,-1,<3></c><1>ifyouwan</c><4>narideonwiththeogs</c><3></c>,ifyouwannarideonwiththeogs
42.86,42.993,66,-1,<3></c><1>ifyouwanna</c><4>rideonwiththeogs</c><3></c>,ifyouwannarideonwiththeogs
42.993,43.193,66,-1,<3></c><1>ifyouwannaride</c><4>onwiththeogs</c><3></c>,ifyouwannarideonwiththeogs
43.193,43.36,66,-1,<3></c><1>ifyouwannarideon</c><4>withtheogs</c><3></c>,ifyouwannarideonwiththeogs
43.36,43.56,66,-1,<3></c><1>ifyouwannarideonwith</c><4>theogs</c><3></c>,ifyouwannarideonwiththeogs
43.56,43.627,66,-1,<3></c><1>ifyouwannarideonwiththe</c><4>ogs</c><3></c>,ifyouwannarideonwiththeogs
43.627,43.861,66,-1,<3></c><1>ifyouwannarideonwiththeo</c><4>gs</c><3></c>,ifyouwannarideonwiththeogs
43.861,44.762,66,-1,<3></c><1>ifyouwannarideonwiththeogs</c><3></c>,ifyouwannarideonwiththeogs
44.762,44.995,-1,-1,<3></c><2>ア</c><4>ーゥチチな二(ふた)人(り)はだぁれ？</c><3></c>,アーゥチチな二(ふた)人(り)はだぁれ？
44.995,45.229,-1,-1,<3></c><2>アー</c><4>ゥチチな二(ふた)人(り)はだぁれ？</c><3></c>,アーゥチチな二(ふた)人(り)はだぁれ？
45.229,45.429,-1,-1,<3></c><2>アーゥ</c><4>チチな二(ふた)人(り)はだぁれ？</c><3></c>,アーゥチチな二(ふた)人(り)はだぁれ？
45.429,45.662,-1,-1,<3></c><2>アーゥチ</c><4>チな二(ふた)人(り)はだぁれ？</c><3></c>,アーゥチチな二(ふた)人(り)はだぁれ？
45.662,45.863,-1,-1,<3></c><2>アーゥチチ</c><4>な二(ふた)人(り)はだぁれ？</c><3></c>,アーゥチチな二(ふた)人(り)はだぁれ？
45.863,46.096,-1,-1,<3></c><2>アーゥチチな</c><4>二(ふた)人(り)はだぁれ？</c><3></c>,アーゥチチな二(ふた)人(り)はだぁれ？
46.096,46.663,-1,-1,<3></c><2>アーゥチチな二(ふた)</c><4>人(り)はだぁれ？</c><3></c>,アーゥチチな二(ふた)人(り)はだぁれ？
46.663,46.797,-1,-1,<3></c><2>アーゥチチな二(ふた)人(り)</c><4>はだぁれ？</c><3></c>,アーゥチチな二(ふた)人(り)はだぁれ？
46.797,46.997,-1,-1,<3></c><2>アーゥチチな二(ふた)人(り)は</c><4>だぁれ？</c><3></c>,アーゥチチな二(ふた)人(り)はだぁれ？
46.997,47.197,-1,-1,<3></c><2>アーゥチチな二(ふた)人(り)はだ</c><4>ぁれ？</c><3></c>,アーゥチチな二(ふた)人(り)はだぁれ？
47.197,47.464,-1,-1,<3></c><2>アーゥチチな二(ふた)人(り)はだぁ</c><4>れ？</c><3></c>,アーゥチチな二(ふた)人(り)はだぁれ？
47.464,48.332,-1,-1,<3></c><2>アーゥチチな二(ふた)人(り)はだぁれ？</c><3></c>,アーゥチチな二(ふた)人(り)はだぁれ？
47.698,47.898,-1,85,<3></c><2>(yeah</c><4>baby)</c><3></c>,(yeahbaby)
47.898,48.032,-1,85,<3></c><2>(yeahba</c><4>by)</c><3></c>,(yeahbaby)
48.032,48.332,-1,85,<3></c><2>(yeahbaby)</c><3></c>,(yeahbaby)
48.332,48.999,-1,-1,<3></c><2>hands</c><4>upぶち上(あ)げたまえ！</c><3></c>,handsupぶち上(あ)げたまえ！
48.999,49.266,-1,-1,<3></c><2>handsup</c><4>ぶち上(あ)げたまえ！</c><3></c>,handsupぶち上(あ)げたまえ！
49.266,49.5,-1,-1,<3></c><2>handsupぶ</c><4>ち上(あ)げたまえ！</c><3></c>,handsupぶち上(あ)げたまえ！
49.5,49.7,-1,-1,<3></c><2>handsupぶち</c><4>上(あ)げたまえ！</c><3></c>,handsupぶち上(あ)げたまえ！
49.7,49.933,-1,-1,<3></c><2>handsupぶち上(あ)</c><4>げたまえ！</c><3></c>,handsupぶち上(あ)げたまえ！
49.933,50.367,-1,-1,<3></c><2>handsupぶち上(あ)げ</c><4>たまえ！</c><3></c>,handsupぶち上(あ)げたまえ！
50.367,50.567,-1,-1,<3></c><2>handsupぶち上(あ)げた</c><4>まえ！</c><3></c>,handsupぶち上(あ)げたまえ！
50.567,51.035,-1,-1,<3></c><2>handsupぶち上(あ)げたま</c><4>え！</c><3></c>,handsupぶち上(あ)げたまえ！
51.035,51.935,-1,-1,<3></c><2>handsupぶち上(あ)げたまえ！</c><3></c>,handsupぶち上(あ)げたまえ！
51.235,51.468,-1,85,<3></c><2>(oh</c><4>baby)</c><3></c>,(ohbaby)
51.468,51.602,-1,85,<3></c><2>(ohba</c><4>by)</c><3></c>,(ohbaby)
51.602,51.935,-1,85,<3></c><2>(ohbaby)</c><3></c>,(ohbaby)
51.935,52.036,-1,-1,<3></c><5>ク</c><4>ラッときちゃう様(よう)な</c><3></c>,クラッときちゃう様(よう)な
52.036,52.169,-1,-1,<3></c><5>クラ</c><4>ッときちゃう様(よう)な</c><3></c>,クラッときちゃう様(よう)な
52.169,52.369,-1,-1,<3></c><5>クラッ</c><4>ときちゃう様(よう)な</c><3></c>,クラッときちゃう様(よう)な
52.369,52.703,-1,-1,<3></c><5>クラッと</c><4>きちゃう様(よう)な</c><3></c>,クラッときちゃう様(よう)な
52.703,52.836,-1,-1,<3></c><5>クラッとき</c><4>ちゃう様(よう)な</c><3></c>,クラッときちゃう様(よう)な
52.836,53.037,-1,-1,<3></c><5>クラッときちゃ</c><4>う様(よう)な</c><3></c>,クラッときちゃう様(よう)な
53.037,53.17,-1,-1,<3></c><5>クラッときちゃう</c><4>様(よう)な</c><3></c>,クラッときちゃう様(よう)な
53.17,53.537,-1,-1,<3></c><5>クラッときちゃう様(よう)</c><4>な</c><3></c>,クラッときちゃう様(よう)な
53.537,53.937,-1,-1,<3></c><5>クラッときちゃう様(よう)な</c><3></c>,クラッときちゃう様(よう)な
53.937,54.405,-1,-1,<3></c><5>熱(ねつ)</c><4>が足(た)りない</c><3></c>,熱(ねつ)が足(た)りない
54.405,54.605,-1,-1,<3></c><5>熱(ねつ)が</c><4>足(た)りない</c><3></c>,熱(ねつ)が足(た)りない
54.605,54.838,-1,-1,<3></c><5>熱(ねつ)が足(た)</c><4>りない</c><3></c>,熱(ねつ)が足(た)りない
54.838,55.072,-1,-1,<3></c><5>熱(ねつ)が足(た)り</c><4>ない</c><3></c>,熱(ねつ)が足(た)りない
55.072,55.205,-1,-1,<3></c><5>熱(ねつ)が足(た)りな</c><4>い</c><3></c>,熱(ねつ)が足(た)りない
55.205,55.506,-1,-1,<3></c><5>熱(ねつ)が足(た)りない</c><3></c>,熱(ねつ)が足(た)りない
55.506,55.973,-1,-1,<3></c><1>our</c><4>night’sjustbegun</c><3></c>,ournight’sjustbegun
55.506,57.107,-1,0,<3></c><1>夜は始まったばかり</c><3></c>,夜は始まったばかり
55.973,56.407,-1,-1,<3></c><1>ournight’s</c><4>justbegun</c><3></c>,ournight’sjustbegun
56.407,56.64,-1,-1,<3></c><1>ournight’sjust</c><4>begun</c><3></c>,ournight’sjustbegun
56.64,56.774,-1,-1,<3></c><1>ournight’sjustbe</c><4>gun</c><3></c>,ournight’sjustbegun
56.774,57.107,-1,-1,<3></c><1>ournight’sjustbegun</c><3></c>,ournight’sjustbegun
57.107,57.574,-1,-1,<3></c><1>aye</c><4>let’sblastit!</c><3></c>,ayelet’sblastit!
57.107,59.076,-1,0,<3></c><1>アゲてこうぜ！</c><3></c>,アゲてこうぜ！
57.574,58.008,-1,-1,<3></c><1>ayelet’s</c><4>blastit!</c><3></c>,ayelet’sblastit!
58.008,58.442,-1,-1,<3></c><1>ayelet’sblast</c><4>it!</c><3></c>,ayelet’sblastit!
58.442,59.076,-1,-1,<3></c><1>ayelet’sblastit!</c><3></c>,ayelet’sblastit!
59.076,59.743,-1,-1,<3></c><2>ハ</c><4>ジけて派(は)手(で)にいったーれ！</c><3></c>,ハジけて派(は)手(で)にいったーれ！
59.743,59.977,-1,-1,<3></c><2>ハジ</c><4>けて派(は)手(で)にいったーれ！</c><3></c>,ハジけて派(は)手(で)にいったーれ！
59.977,60.21,-1,-1,<3></c><2>ハジけ</c><4>て派(は)手(で)にいったーれ！</c><3></c>,ハジけて派(は)手(で)にいったーれ！
60.21,60.411,-1,-1,<3></c><2>ハジけて</c><4>派(は)手(で)にいったーれ！</c><3></c>,ハジけて派(は)手(で)にいったーれ！
60.411,60.644,-1,-1,<3></c><2>ハジけて派(は)</c><4>手(で)にいったーれ！</c><3></c>,ハジけて派(は)手(で)にいったーれ！
60.644,61.111,-1,-1,<3></c><2>ハジけて派(は)手(で)</c><4>にいったーれ！</c><3></c>,ハジけて派(は)手(で)にいったーれ！
61.111,61.178,-1,-1,<3></c><2>ハジけて派(は)手(で)に</c><4>いったーれ！</c><3></c>,ハジけて派(は)手(で)にいったーれ！
61.178,61.211,-1,-1,<3></c><2>ハジけて派(は)手(で)にい</c><4>ったーれ！</c><3></c>,ハジけて派(は)手(で)にいったーれ！
61.211,61.311,-1,-1,<3></c><2>ハジけて派(は)手(で)にいっ</c><4>たーれ！</c><3></c>,ハジけて派(は)手(で)にいったーれ！
61.311,61.545,-1,-1,<3></c><2>ハジけて派(は)手(で)にいった</c><4>ーれ！</c><3></c>,ハジけて派(は)手(で)にいったーれ！
61.545,61.779,-1,-1,<3></c><2>ハジけて派(は)手(で)にいったー</c><4>れ！</c><3></c>,ハジけて派(は)手(で)にいったーれ！
61.779,62.646,-1,-1,<3></c><2>ハジけて派(は)手(で)にいったーれ！</c><3></c>,ハジけて派(は)手(で)にいったーれ！
62.012,62.212,-1,85,<3></c><2>(yeah</c><4>baby)</c><3></c>,(yeahbaby)
62.212,62.346,-1,85,<3></c><2>(yeahba</c><4>by)</c><3></c>,(yeahbaby)
62.346,62.646,-1,85,<3></c><2>(yeahbaby)</c><3></c>,(yeahbaby)
62.646,63.347,-1,-1,<3></c><2>来(らい)</c><4>世(せ)までwewannaparty</c><3></c>,来(らい)世(せ)までwewannaparty
63.347,63.547,-1,-1,<3></c><2>来(らい)世(せ)</c><4>までwewannaparty</c><3></c>,来(らい)世(せ)までwewannaparty
63.547,63.781,-1,-1,<3></c><2>来(らい)世(せ)ま</c><4>でwewannaparty</c><3></c>,来(らい)世(せ)までwewannaparty
63.781,64.014,-1,-1,<3></c><2>来(らい)世(せ)まで</c><4>wewannaparty</c><3></c>,来(らい)世(せ)までwewannaparty
64.014,64.248,-1,-1,<3></c><2>来(らい)世(せ)までwe</c><4>wannaparty</c><3></c>,来(らい)世(せ)までwewannaparty
64.248,64.681,-1,-1,<3></c><2>来(らい)世(せ)までwewan</c><4>naparty</c><3></c>,来(らい)世(せ)までwewannaparty
64.681,64.882,-1,-1,<3></c><2>来(らい)世(せ)までwewanna</c><4>party</c><3></c>,来(らい)世(せ)までwewannaparty
64.882,65.349,-1,-1,<3></c><2>来(らい)世(せ)までwewannapar</c><4>ty</c><3></c>,来(らい)世(せ)までwewannaparty
65.349,66.216,-1,-1,<3></c><2>来(らい)世(せ)までwewannaparty</c><3></c>,来(らい)世(せ)までwewannaparty
65.582,65.783,-1,85,<3></c><2>(oh</c><4>baby)</c><3></c>,(ohbaby)
65.783,65.916,-1,85,<3></c><2>(ohba</c><4>by)</c><3></c>,(ohbaby)
65.916,66.216,-1,85,<3></c><2>(ohbaby)</c><3></c>,(ohbaby)
66.216,66.65,-1,-1,<3></c><1>all</c><4>eyesonme</c><3></c>,alleyesonme
66.216,67.785,-1,0,<3></c><1>視線は独占</c><3></c>,視線は独占
66.65,67.117,-1,-1,<3></c><1>alleyes</c><4>onme</c><3></c>,alleyesonme
67.117,67.484,-1,-1,<3></c><1>alleyeson</c><4>me</c><3></c>,alleyesonme
67.484,67.785,-1,-1,<3></c><1>alleyesonme</c><3></c>,alleyesonme
67.785,68.252,-1,-1,<3></c><1>i</c><4>cantastethehigh</c><3></c>,icantastethehigh
67.785,69.82,-1,0,<3></c><1>味わう最高潮</c><3></c>,味わう最高潮
68.252,68.485,-1,-1,<3></c><1>ican</c><4>tastethehigh</c><3></c>,icantastethehigh
68.485,68.719,-1,-1,<3></c><1>icantaste</c><4>thehigh</c><3></c>,icantastethehigh
68.719,68.919,-1,-1,<3></c><1>icantastethe</c><4>high</c><3></c>,icantastethehigh
68.919,69.82,-1,-1,<3></c><1>icantastethehigh</c><3></c>,icantastethehigh
69.82,70.287,-1,-1,<3></c><5>aye</c><4>まだまだ沸(わ)いてこうぜ</c><3></c>,ayeまだまだ沸(わ)いてこうぜ
70.287,70.687,-1,-1,<3></c><5>ayeま</c><4>だまだ沸(わ)いてこうぜ</c><3></c>,ayeまだまだ沸(わ)いてこうぜ
70.687,70.954,-1,-1,<3></c><5>ayeまだ</c><4>まだ沸(わ)いてこうぜ</c><3></c>,ayeまだまだ沸(わ)いてこうぜ
70.954,71.055,-1,-1,<3></c><5>ayeまだま</c><4>だ沸(わ)いてこうぜ</c><3></c>,ayeまだまだ沸(わ)いてこうぜ
71.055,71.422,-1,-1,<3></c><5>ayeまだまだ</c><4>沸(わ)いてこうぜ</c><3></c>,ayeまだまだ沸(わ)いてこうぜ
71.422,71.622,-1,-1,<3></c><5>ayeまだまだ沸(わ)</c><4>いてこうぜ</c><3></c>,ayeまだまだ沸(わ)いてこうぜ
71.622,71.855,-1,-1,<3></c><5>ayeまだまだ沸(わ)い</c><4>てこうぜ</c><3></c>,ayeまだまだ沸(わ)いてこうぜ
71.855,72.289,-1,-1,<3></c><5>ayeまだまだ沸(わ)いて</c><4>こうぜ</c><3></c>,ayeまだまだ沸(わ)いてこうぜ
72.289,72.523,-1,-1,<3></c><5>ayeまだまだ沸(わ)いてこ</c><4>うぜ</c><3></c>,ayeまだまだ沸(わ)いてこうぜ
72.523,72.756,-1,-1,<3></c><5>ayeまだまだ沸(わ)いてこう</c><4>ぜ</c><3></c>,ayeまだまだ沸(わ)いてこうぜ
72.756,73.424,-1,-1,<3></c><5>ayeまだまだ沸(わ)いてこうぜ</c><3></c>,ayeまだまだ沸(わ)いてこうぜ
73.424,73.59,-1,-1,<3></c><2>は</c><4>ーい注(ちゅう)目(もく)</c><3></c>,はーい注(ちゅう)目(もく)
73.59,73.724,-1,-1,<3></c><2>はー</c><4>い注(ちゅう)目(もく)</c><3></c>,はーい注(ちゅう)目(もく)
73.724,73.891,-1,-1,<3></c><2>はーい</c><4>注(ちゅう)目(もく)</c><3></c>,はーい注(ちゅう)目(もく)
73.891,74.324,-1,-1,<3></c><2>はーい注(ちゅう)</c><4>目(もく)</c><3></c>,はーい注(ちゅう)目(もく)
74.324,74.658,-1,-1,<3></c><2>はーい注(ちゅう)目(もく)</c><3></c>,はーい注(ちゅう)目(もく)
74.658,74.758,-1,-1,<3></c><2>ま</c><4>あいっちょ踊(おど)ってこうか？</c><3></c>,まあいっちょ踊(おど)ってこうか？
74.758,74.992,-1,-1,<3></c><2>まあ</c><4>いっちょ踊(おど)ってこうか？</c><3></c>,まあいっちょ踊(おど)ってこうか？
74.992,75.225,-1,-1,<3></c><2>まあい</c><4>っちょ踊(おど)ってこうか？</c><3></c>,まあいっちょ踊(おど)ってこうか？
75.225,75.426,-1,-1,<3></c><2>まあいっ</c><4>ちょ踊(おど)ってこうか？</c><3></c>,まあいっちょ踊(おど)ってこうか？
75.426,75.526,-1,-1,<3></c><2>まあいっちょ</c><4>踊(おど)ってこうか？</c><3></c>,まあいっちょ踊(おど)ってこうか？
75.526,75.793,-1,-1,<3></c><2>まあいっちょ踊(おど)</c><4>ってこうか？</c><3></c>,まあいっちょ踊(おど)ってこうか？
75.793,75.893,-1,-1,<3></c><2>まあいっちょ踊(おど)っ</c><4>てこうか？</c><3></c>,まあいっちょ踊(おど)ってこうか？
75.893,76.093,-1,-1,<3></c><2>まあいっちょ踊(おど)って</c><4>こうか？</c><3></c>,まあいっちょ踊(おど)ってこうか？
76.093,76.26,-1,-1,<3></c><2>まあいっちょ踊(おど)ってこ</c><4>うか？</c><3></c>,まあいっちょ踊(おど)ってこうか？
76.26,76.427,-1,-1,<3></c><2>まあいっちょ踊(おど)ってこう</c><4>か？</c><3></c>,まあいっちょ踊(おど)ってこうか？
76.427,76.794,-1,-1,<3></c><2>まあいっちょ踊(おど)ってこうか？</c><3></c>,まあいっちょ踊(おど)ってこうか？
76.794,76.994,56,-1,<3></c><2>視(し)</c><4>線(せん)牛(ぎゅう)耳(じ)ってんのは...</c><3></c>,視(し)線(せん)牛(ぎゅう)耳(じ)ってんのは...
76.994,77.461,56,-1,<3></c><2>視(し)線(せん)</c><4>牛(ぎゅう)耳(じ)ってんのは...</c><3></c>,視(し)線(せん)牛(ぎゅう)耳(じ)ってんのは...
77.461,77.895,56,-1,<3></c><2>視(し)線(せん)牛(ぎゅう)</c><4>耳(じ)ってんのは...</c><3></c>,視(し)線(せん)牛(ぎゅう)耳(じ)ってんのは...
77.895,78.095,56,-1,<3></c><2>視(し)線(せん)牛(ぎゅう)耳(じ)</c><4>ってんのは...</c><3></c>,視(し)線(せん)牛(ぎゅう)耳(じ)ってんのは...
78.095,78.262,56,-1,<3></c><2>視(し)線(せん)牛(ぎゅう)耳(じ)っ</c><4>てんのは...</c><3></c>,視(し)線(せん)牛(ぎゅう)耳(じ)ってんのは...
78.262,78.429,56,-1,<3></c><2>視(し)線(せん)牛(ぎゅう)耳(じ)って</c><4>んのは...</c><3></c>,視(し)線(せん)牛(ぎゅう)耳(じ)ってんのは...
78.429,78.595,56,-1,<3></c><2>視(し)線(せん)牛(ぎゅう)耳(じ)ってん</c><4>のは...</c><3></c>,視(し)線(せん)牛(ぎゅう)耳(じ)ってんのは...
78.595,78.796,56,-1,<3></c><2>視(し)線(せん)牛(ぎゅう)耳(じ)ってんの</c><4>は...</c><3></c>,視(し)線(せん)牛(ぎゅう)耳(じ)ってんのは...
78.796,79.463,56,-1,<3></c><2>視(し)線(せん)牛(ぎゅう)耳(じ)ってんのは...</c><3></c>,視(し)線(せん)牛(ぎゅう)耳(じ)ってんのは...
79.463,79.93,-1,-1,<3></c><2>i</c><4>ii</c><3></c>,iii
79.93,80.13,-1,-1,<3></c><2>ii</c><4>i</c><3></c>,iii
80.13,80.597,-1,-1,<3></c><2>iii</c><3></c>,iii
84.835,84.935,-1,-1,<3></c><5>よ</c><4>そ見(み)しちゃやーん</c><3></c>,よそ見(み)しちゃやーん
84.935,85.035,-1,-1,<3></c><5>よそ</c><4>見(み)しちゃやーん</c><3></c>,よそ見(み)しちゃやーん
85.035,85.169,-1,-1,<3></c><5>よそ見(み)</c><4>しちゃやーん</c><3></c>,よそ見(み)しちゃやーん
85.169,85.269,-1,-1,<3></c><5>よそ見(み)し</c><4>ちゃやーん</c><3></c>,よそ見(み)しちゃやーん
85.269,85.402,-1,-1,<3></c><5>よそ見(み)しちゃ</c><4>やーん</c><3></c>,よそ見(み)しちゃやーん
85.402,85.502,-1,-1,<3></c><5>よそ見(み)しちゃや</c><4>ーん</c><3></c>,よそ見(み)しちゃやーん
85.502,85.602,-1,-1,<3></c><5>よそ見(み)しちゃやー</c><4>ん</c><3></c>,よそ見(み)しちゃやーん
85.602,85.969,-1,-1,<3></c><5>よそ見(み)しちゃやーん</c><3></c>,よそ見(み)しちゃやーん
85.969,86.103,-1,-1,<3></c><5>マ</c><4>リンがbestestgirlじゃん？</c><3></c>,マリンがbestestgirlじゃん？
86.103,86.203,-1,-1,<3></c><5>マリ</c><4>ンがbestestgirlじゃん？</c><3></c>,マリンがbestestgirlじゃん？
86.203,86.303,-1,-1,<3></c><5>マリン</c><4>がbestestgirlじゃん？</c><3></c>,マリンがbestestgirlじゃん？
86.303,86.403,-1,-1,<3></c><5>マリンが</c><4>bestestgirlじゃん？</c><3></c>,マリンがbestestgirlじゃん？
86.403,86.637,-1,-1,<3></c><5>マリンがbest</c><4>estgirlじゃん？</c><3></c>,マリンがbestestgirlじゃん？
86.637,86.87,-1,-1,<3></c><5>マリンがbestest</c><4>girlじゃん？</c><3></c>,マリンがbestestgirlじゃん？
86.87,87.204,-1,-1,<3></c><5>マリンがbestestgirl</c><4>じゃん？</c><3></c>,マリンがbestestgirlじゃん？
87.204,87.404,-1,-1,<3></c><5>マリンがbestestgirlじゃ</c><4>ん？</c><3></c>,マリンがbestestgirlじゃん？
87.404,87.538,-1,-1,<3></c><5>マリンがbestestgirlじゃん？</c><3></c>,マリンがbestestgirlじゃん？
87.538,87.871,56,-1,<3></c><5>砂(すな)</c><4>の数(かず)よりも魅(み)力(りょく)がある</c><3></c>,砂(すな)の数(かず)よりも魅(み)力(りょく)がある
87.871,88.005,56,-1,<3></c><5>砂(すな)の</c><4>数(かず)よりも魅(み)力(りょく)がある</c><3></c>,砂(すな)の数(かず)よりも魅(み)力(りょく)がある
88.005,88.205,56,-1,<3></c><5>砂(すな)の数(かず)</c><4>よりも魅(み)力(りょく)がある</c><3></c>,砂(すな)の数(かず)よりも魅(み)力(りょく)がある
88.205,88.305,56,-1,<3></c><5>砂(すな)の数(かず)よ</c><4>りも魅(み)力(りょく)がある</c><3></c>,砂(すな)の数(かず)よりも魅(み)力(りょく)がある
88.305,88.439,56,-1,<3></c><5>砂(すな)の数(かず)より</c><4>も魅(み)力(りょく)がある</c><3></c>,砂(すな)の数(かず)よりも魅(み)力(りょく)がある
88.439,88.572,56,-1,<3></c><5>砂(すな)の数(かず)よりも</c><4>魅(み)力(りょく)がある</c><3></c>,砂(すな)の数(かず)よりも魅(み)力(りょく)がある
88.572,88.639,56,-1,<3></c><5>砂(すな)の数(かず)よりも魅(み)</c><4>力(りょく)がある</c><3></c>,砂(すな)の数(かず)よりも魅(み)力(りょく)がある
88.639,88.906,56,-1,<3></c><5>砂(すな)の数(かず)よりも魅(み)力(りょく)</c><4>がある</c><3></c>,砂(すな)の数(かず)よりも魅(み)力(りょく)がある
88.906,89.006,56,-1,<3></c><5>砂(すな)の数(かず)よりも魅(み)力(りょく)が</c><4>ある</c><3></c>,砂(すな)の数(かず)よりも魅(み)力(りょく)がある
89.006,89.106,56,-1,<3></c><5>砂(すな)の数(かず)よりも魅(み)力(りょく)があ</c><4>る</c><3></c>,砂(すな)の数(かず)よりも魅(み)力(りょく)がある
89.106,89.306,56,-1,<3></c><5>砂(すな)の数(かず)よりも魅(み)力(りょく)がある</c><3></c>,砂(すな)の数(かず)よりも魅(み)力(りょく)がある
89.306,89.406,-1,-1,<3></c><5>キ</c><4>ミたちもう</c><3></c>,キミたちもう
89.406,89.506,-1,-1,<3></c><5>キミ</c><4>たちもう</c><3></c>,キミたちもう
89.506,89.64,-1,-1,<3></c><5>キミた</c><4>ちもう</c><3></c>,キミたちもう
89.64,89.773,-1,-1,<3></c><5>キミたち</c><4>もう</c><3></c>,キミたちもう
89.773,89.873,-1,-1,<3></c><5>キミたちも</c><4>う</c><3></c>,キミたちもう
89.873,90.007,-1,-1,<3></c><5>キミたちもう</c><3></c>,キミたちもう
90.007,90.107,-1,-1,<3></c><5>ね</c><4>ぇ、虜(とりこ)でしょ？</c><3></c>,ねぇ、虜(とりこ)でしょ？
90.107,90.207,-1,-1,<3></c><5>ねぇ、</c><4>虜(とりこ)でしょ？</c><3></c>,ねぇ、虜(とりこ)でしょ？
90.207,90.541,-1,-1,<3></c><5>ねぇ、虜(とりこ)</c><4>でしょ？</c><3></c>,ねぇ、虜(とりこ)でしょ？
90.541,90.674,-1,-1,<3></c><5>ねぇ、虜(とりこ)で</c><4>しょ？</c><3></c>,ねぇ、虜(とりこ)でしょ？
90.674,91.008,-1,-1,<3></c><5>ねぇ、虜(とりこ)でしょ？</c><3></c>,ねぇ、虜(とりこ)でしょ？
91.008,91.308,66,-1,<3></c><5>は？</c><4>年(とし)の数(かず)程(ほど)って誰(だれ)か言(い)った？</c><3></c>,は？年(とし)の数(かず)程(ほど)って誰(だれ)か言(い)った？
91.308,91.508,66,-1,<3></c><5>は？年(とし)</c><4>の数(かず)程(ほど)って誰(だれ)か言(い)った？</c><3></c>,は？年(とし)の数(かず)程(ほど)って誰(だれ)か言(い)った？
91.508,91.642,66,-1,<3></c><5>は？年(とし)の</c><4>数(かず)程(ほど)って誰(だれ)か言(い)った？</c><3></c>,は？年(とし)の数(かず)程(ほど)って誰(だれ)か言(い)った？
91.642,91.775,66,-1,<3></c><5>は？年(とし)の数(かず)</c><4>程(ほど)って誰(だれ)か言(い)った？</c><3></c>,は？年(とし)の数(かず)程(ほど)って誰(だれ)か言(い)った？
91.775,92.009,66,-1,<3></c><5>は？年(とし)の数(かず)程(ほど)</c><4>って誰(だれ)か言(い)った？</c><3></c>,は？年(とし)の数(かず)程(ほど)って誰(だれ)か言(い)った？
92.009,92.209,66,-1,<3></c><5>は？年(とし)の数(かず)程(ほど)って</c><4>誰(だれ)か言(い)った？</c><3></c>,は？年(とし)の数(かず)程(ほど)って誰(だれ)か言(い)った？
92.209,92.376,66,-1,<3></c><5>は？年(とし)の数(かず)程(ほど)って誰(だれ)</c><4>か言(い)った？</c><3></c>,は？年(とし)の数(かず)程(ほど)って誰(だれ)か言(い)った？
92.376,92.443,66,-1,<3></c><5>は？年(とし)の数(かず)程(ほど)って誰(だれ)か</c><4>言(い)った？</c><3></c>,は？年(とし)の数(かず)程(ほど)って誰(だれ)か言(い)った？
92.443,92.509,66,-1,<3></c><5>は？年(とし)の数(かず)程(ほど)って誰(だれ)か言(い)</c><4>った？</c><3></c>,は？年(とし)の数(かず)程(ほど)って誰(だれ)か言(い)った？
92.509,92.543,66,-1,<3></c><5>は？年(とし)の数(かず)程(ほど)って誰(だれ)か言(い)っ</c><4>た？</c><3></c>,は？年(とし)の数(かず)程(ほど)って誰(だれ)か言(い)った？
92.543,92.81,66,-1,<3></c><5>は？年(とし)の数(かず)程(ほど)って誰(だれ)か言(い)った？</c><3></c>,は？年(とし)の数(かず)程(ほど)って誰(だれ)か言(い)った？
92.81,92.91,-1,-1,<3></c><5>(う</c><4>ふん)大人(おとな)の魅(み)力(りょく)よ♡</c><3></c>,(うふん)大人(おとな)の魅(み)力(りょく)よ♡
92.91,93.01,-1,-1,<3></c><5>(うふ</c><4>ん)大人(おとな)の魅(み)力(りょく)よ♡</c><3></c>,(うふん)大人(おとな)の魅(み)力(りょく)よ♡
93.01,93.143,-1,-1,<3></c><5>(うふん)</c><4>大人(おとな)の魅(み)力(りょく)よ♡</c><3></c>,(うふん)大人(おとな)の魅(み)力(りょく)よ♡
93.143,93.477,-1,-1,<3></c><5>(うふん)大人(おとな)</c><4>の魅(み)力(りょく)よ♡</c><3></c>,(うふん)大人(おとな)の魅(み)力(りょく)よ♡
93.477,93.577,-1,-1,<3></c><5>(うふん)大人(おとな)の</c><4>魅(み)力(りょく)よ♡</c><3></c>,(うふん)大人(おとな)の魅(み)力(りょく)よ♡
93.577,93.677,-1,-1,<3></c><5>(うふん)大人(おとな)の魅(み)</c><4>力(りょく)よ♡</c><3></c>,(うふん)大人(おとな)の魅(み)力(りょく)よ♡
93.677,93.877,-1,-1,<3></c><5>(うふん)大人(おとな)の魅(み)力(りょく)</c><4>よ♡</c><3></c>,(うふん)大人(おとな)の魅(み)力(りょく)よ♡
93.877,94.178,-1,-1,<3></c><5>(うふん)大人(おとな)の魅(み)力(りょく)よ♡</c><3></c>,(うふん)大人(おとな)の魅(み)力(りょく)よ♡
94.178,94.278,-1,-1,<3></c><5>って</c><4>おいゴラァ！</c><3></c>,っておいゴラァ！
94.278,94.378,-1,-1,<3></c><5>ってお</c><4>いゴラァ！</c><3></c>,っておいゴラァ！
94.378,94.478,-1,-1,<3></c><5>っておい</c><4>ゴラァ！</c><3></c>,っておいゴラァ！
94.478,94.578,-1,-1,<3></c><5>っておいゴ</c><4>ラァ！</c><3></c>,っておいゴラァ！
94.578,94.645,-1,-1,<3></c><5>っておいゴラ</c><4>ァ！</c><3></c>,っておいゴラァ！
94.645,94.912,-1,-1,<3></c><5>っておいゴラァ！</c><3></c>,っておいゴラァ！
94.912,95.012,-1,-1,<3></c><5>マ</c><4>リンは１(じゅう)７(なな)たい♡</c><3></c>,マリンは１(じゅう)７(なな)たい♡
95.012,95.145,-1,-1,<3></c><5>マリ</c><4>ンは１(じゅう)７(なな)たい♡</c><3></c>,マリンは１(じゅう)７(なな)たい♡
95.145,95.245,-1,-1,<3></c><5>マリン</c><4>は１(じゅう)７(なな)たい♡</c><3></c>,マリンは１(じゅう)７(なな)たい♡
95.245,95.379,-1,-1,<3></c><5>マリンは</c><4>１(じゅう)７(なな)たい♡</c><3></c>,マリンは１(じゅう)７(なな)たい♡
95.379,95.546,-1,-1,<3></c><5>マリンは１(じゅう)</c><4>７(なな)たい♡</c><3></c>,マリンは１(じゅう)７(なな)たい♡
95.546,95.779,-1,-1,<3></c><5>マリンは１(じゅう)７(なな)</c><4>たい♡</c><3></c>,マリンは１(じゅう)７(なな)たい♡
95.779,95.879,-1,-1,<3></c><5>マリンは１(じゅう)７(なな)た</c><4>い♡</c><3></c>,マリンは１(じゅう)７(なな)たい♡
95.879,95.979,-1,-1,<3></c><5>マリンは１(じゅう)７(なな)たい♡</c><3></c>,マリンは１(じゅう)７(なな)たい♡
95.979,96.046,-1,-1,<3></c><5>って</c><4>おい聞(き)けや！！</c><3></c>,っておい聞(き)けや！！
96.046,96.146,-1,-1,<3></c><5>ってお</c><4>い聞(き)けや！！</c><3></c>,っておい聞(き)けや！！
96.146,96.246,-1,-1,<3></c><5>っておい</c><4>聞(き)けや！！</c><3></c>,っておい聞(き)けや！！
96.246,96.38,-1,-1,<3></c><5>っておい聞(き)</c><4>けや！！</c><3></c>,っておい聞(き)けや！！
96.38,96.513,-1,-1,<3></c><5>っておい聞(き)け</c><4>や！！</c><3></c>,っておい聞(き)けや！！
96.513,96.713,-1,-1,<3></c><5>っておい聞(き)けや！！</c><3></c>,っておい聞(き)けや！！
96.713,96.847,-1,-1,<3></c><5>我(が)</c><4>慢(まん)の限(げん)界(かい)かな</c><3></c>,我(が)慢(まん)の限(げん)界(かい)かな
96.847,97.047,-1,-1,<3></c><5>我(が)慢(まん)</c><4>の限(げん)界(かい)かな</c><3></c>,我(が)慢(まん)の限(げん)界(かい)かな
97.047,97.181,-1,-1,<3></c><5>我(が)慢(まん)の</c><4>限(げん)界(かい)かな</c><3></c>,我(が)慢(まん)の限(げん)界(かい)かな
97.181,97.381,-1,-1,<3></c><5>我(が)慢(まん)の限(げん)</c><4>界(かい)かな</c><3></c>,我(が)慢(まん)の限(げん)界(かい)かな
97.381,97.614,-1,-1,<3></c><5>我(が)慢(まん)の限(げん)界(かい)</c><4>かな</c><3></c>,我(が)慢(まん)の限(げん)界(かい)かな
97.614,97.714,-1,-1,<3></c><5>我(が)慢(まん)の限(げん)界(かい)か</c><4>な</c><3></c>,我(が)慢(まん)の限(げん)界(かい)かな
97.714,98.048,-1,-1,<3></c><5>我(が)慢(まん)の限(げん)界(かい)かな</c><3></c>,我(が)慢(まん)の限(げん)界(かい)かな
98.048,98.182,-1,-1,<3></c><5>と</c><4>かって、きゃ♡</c><3></c>,とかって、きゃ♡
98.182,98.382,-1,-1,<3></c><5>とか</c><4>って、きゃ♡</c><3></c>,とかって、きゃ♡
98.382,98.515,-1,-1,<3></c><5>とかって、</c><4>きゃ♡</c><3></c>,とかって、きゃ♡
98.515,98.949,-1,-1,<3></c><5>とかって、きゃ♡</c><3></c>,とかって、きゃ♡
98.949,99.083,84,-1,<3></c><1>bring</c><4>intheheatthatcan’tbesplashedaway</c><3></c>,bringintheheatthatcan’tbesplashedaway
98.949,102.519,-1,0,<3></c><1>波でもかき消せない熱をちょうだい</c><3></c>,波でもかき消せない熱をちょうだい
99.083,99.283,84,-1,<3></c><1>bringin</c><4>theheatthatcan’tbesplashedaway</c><3></c>,bringintheheatthatcan’tbesplashedaway
99.283,99.416,84,-1,<3></c><1>bringinthe</c><4>heatthatcan’tbesplashedaway</c><3></c>,bringintheheatthatcan’tbesplashedaway
99.416,99.616,84,-1,<3></c><1>bringintheheat</c><4>thatcan’tbesplashedaway</c><3></c>,bringintheheatthatcan’tbesplashedaway
99.616,99.85,84,-1,<3></c><1>bringintheheatthat</c><4>can’tbesplashedaway</c><3></c>,bringintheheatthatcan’tbesplashedaway
99.85,100.084,84,-1,<3></c><1>bringintheheatthatcan’t</c><4>besplashedaway</c><3></c>,bringintheheatthatcan’tbesplashedaway
100.084,100.284,84,-1,<3></c><1>bringintheheatthatcan’tbe</c><4>splashedaway</c><3></c>,bringintheheatthatcan’tbesplashedaway
100.284,100.517,84,-1,<3></c><1>bringintheheatthatcan’tbesplashed</c><4>away</c><3></c>,bringintheheatthatcan’tbesplashedaway
100.517,100.751,84,-1,<3></c><1>bringintheheatthatcan’tbesplasheda</c><4>way</c><3></c>,bringintheheatthatcan’tbesplashedaway
100.751,102.519,84,-1,<3></c><1>bringintheheatthatcan’tbesplashedaway</c><3></c>,bringintheheatthatcan’tbesplashedaway
102.519,102.686,80,-1,<3></c><1>fish</c><4>ingabigcatchthestardomideserve</c><3></c>,fishingabigcatchthestardomideserve
102.519,104.988,-1,0,<3></c><1>スターダムという大物を釣りあげる</c><3></c>,スターダムという大物を釣りあげる
102.686,102.853,80,-1,<3></c><1>fishing</c><4>abigcatchthestardomideserve</c><3></c>,fishingabigcatchthestardomideserve
102.853,102.986,80,-1,<3></c><1>fishinga</c><4>bigcatchthestardomideserve</c><3></c>,fishingabigcatchthestardomideserve
102.986,103.187,80,-1,<3></c><1>fishingabig</c><4>catchthestardomideserve</c><3></c>,fishingabigcatchthestardomideserve
103.187,103.42,80,-1,<3></c><1>fishingabigcatch</c><4>thestardomideserve</c><3></c>,fishingabigcatchthestardomideserve
103.42,103.654,80,-1,<3></c><1>fishingabigcatchthe</c><4>stardomideserve</c><3></c>,fishingabigcatchthestardomideserve
103.654,104.088,80,-1,<3></c><1>fishingabigcatchthestar</c><4>domideserve</c><3></c>,fishingabigcatchthestardomideserve
104.088,104.321,80,-1,<3></c><1>fishingabigcatchthestardom</c><4>ideserve</c><3></c>,fishingabigcatchthestardomideserve
104.321,104.555,80,-1,<3></c><1>fishingabigcatchthestardomi</c><4>deserve</c><3></c>,fishingabigcatchthestardomideserve
104.555,104.755,80,-1,<3></c><1>fishingabigcatchthestardomide</c><4>serve</c><3></c>,fishingabigcatchthestardomideserve
104.755,104.988,80,-1,<3></c><1>fishingabigcatchthestardomideserve</c><3></c>,fishingabigcatchthestardomideserve
104.988,105.189,-1,-1,<3></c><1>but</c><4>i’mjustchilling</c><3></c>,buti’mjustchilling
104.988,106.356,-1,0,<3></c><1>でもチルに</c><3></c>,でもチルに
105.189,105.456,-1,-1,<3></c><1>buti’m</c><4>justchilling</c><3></c>,buti’mjustchilling
105.456,105.656,-1,-1,<3></c><1>buti’mjust</c><4>chilling</c><3></c>,buti’mjustchilling
105.656,105.889,-1,-1,<3></c><1>buti’mjustchill</c><4>ing</c><3></c>,buti’mjustchilling
105.889,106.356,-1,-1,<3></c><1>buti’mjustchilling</c><3></c>,buti’mjustchilling
106.356,106.59,-1,-1,<3></c><1>a</c><4>mocktailmaitaisipping</c><3></c>,amocktailmaitaisipping
106.356,108.125,-1,0,<3></c><1>ノンアルのマイタイを飲む</c><3></c>,ノンアルのマイタイを飲む
106.59,106.79,-1,-1,<3></c><1>amock</c><4>tailmaitaisipping</c><3></c>,amocktailmaitaisipping
106.79,107.024,-1,-1,<3></c><1>amocktail</c><4>maitaisipping</c><3></c>,amocktailmaitaisipping
107.024,107.257,-1,-1,<3></c><1>amocktailmai</c><4>taisipping</c><3></c>,amocktailmaitaisipping
107.257,107.491,-1,-1,<3></c><1>amocktailmaitai</c><4>sipping</c><3></c>,amocktailmaitaisipping
107.491,107.691,-1,-1,<3></c><1>amocktailmaitaisip</c><4>ping</c><3></c>,amocktailmaitaisipping
107.691,108.125,-1,-1,<3></c><1>amocktailmaitaisipping</c><3></c>,amocktailmaitaisipping
108.125,108.325,-1,-1,<3></c><1>‘cause</c><4>igotthatjuice</c><3></c>,‘causeigotthatjuice
108.125,110.828,-1,0,<3></c><1>果汁も滴るイイ女</c><3></c>,果汁も滴るイイ女
108.325,108.625,-1,-1,<3></c><1>‘causei</c><4>gotthatjuice</c><3></c>,‘causeigotthatjuice
108.625,108.792,-1,-1,<3></c><1>‘causeigot</c><4>thatjuice</c><3></c>,‘causeigotthatjuice
108.792,109.026,-1,-1,<3></c><1>‘causeigotthat</c><4>juice</c><3></c>,‘causeigotthatjuice
109.026,110.828,-1,-1,<3></c><1>‘causeigotthatjuice</c><3></c>,‘causeigotthatjuice
110.828,111.495,-1,-1,<3></c><1>might</c><4>letyouhaveataste</c><3></c>,mightletyouhaveataste
110.828,113.297,-1,0,<3></c><1>ひと口あげちゃおうか</c><3></c>,ひと口あげちゃおうか
111.495,111.662,-1,-1,<3></c><1>mightlet</c><4>youhaveataste</c><3></c>,mightletyouhaveataste
111.662,111.962,-1,-1,<3></c><1>mightletyou</c><4>haveataste</c><3></c>,mightletyouhaveataste
111.962,112.162,-1,-1,<3></c><1>mightletyouhave</c><4>ataste</c><3></c>,mightletyouhaveataste
112.162,112.396,-1,-1,<3></c><1>mightletyouhavea</c><4>taste</c><3></c>,mightletyouhaveataste
112.396,113.297,-1,-1,<3></c><1>mightletyouhaveataste</c><3></c>,mightletyouhaveataste
113.297,113.497,-1,-1,<3></c><5>み</c><4>てこのbody</c><3></c>,みてこのbody
113.497,113.697,-1,-1,<3></c><5>みて</c><4>このbody</c><3></c>,みてこのbody
113.697,113.964,-1,-1,<3></c><5>みてこ</c><4>のbody</c><3></c>,みてこのbody
113.964,114.198,-1,-1,<3></c><5>みてこの</c><4>body</c><3></c>,みてこのbody
114.198,114.431,-1,-1,<3></c><5>みてこのbod</c><4>y</c><3></c>,みてこのbody
114.431,115.065,-1,-1,<3></c><5>みてこのbody</c><3></c>,みてこのbody
115.065,115.265,-1,-1,<3></c><5>mon</c><4>eyでしょ、honey</c><3></c>,moneyでしょ、honey
115.265,115.499,-1,-1,<3></c><5>money</c><4>でしょ、honey</c><3></c>,moneyでしょ、honey
115.499,115.732,-1,-1,<3></c><5>moneyで</c><4>しょ、honey</c><3></c>,moneyでしょ、honey
115.732,115.933,-1,-1,<3></c><5>moneyでしょ、</c><4>honey</c><3></c>,moneyでしょ、honey
115.933,116.166,-1,-1,<3></c><5>moneyでしょ、hon</c><4>ey</c><3></c>,moneyでしょ、honey
116.166,116.667,-1,-1,<3></c><5>moneyでしょ、honey</c><3></c>,moneyでしょ、honey
116.667,116.867,-1,-1,<3></c><5>秘(ひ)</c><4>宝(ほう)な素(す)肌(はだ)ね</c><3></c>,秘(ひ)宝(ほう)な素(す)肌(はだ)ね
116.867,117.101,-1,-1,<3></c><5>秘(ひ)宝(ほう)</c><4>な素(す)肌(はだ)ね</c><3></c>,秘(ひ)宝(ほう)な素(す)肌(はだ)ね
117.101,117.334,-1,-1,<3></c><5>秘(ひ)宝(ほう)な</c><4>素(す)肌(はだ)ね</c><3></c>,秘(ひ)宝(ほう)な素(す)肌(はだ)ね
117.334,117.534,-1,-1,<3></c><5>秘(ひ)宝(ほう)な素(す)</c><4>肌(はだ)ね</c><3></c>,秘(ひ)宝(ほう)な素(す)肌(はだ)ね
117.534,118.001,-1,-1,<3></c><5>秘(ひ)宝(ほう)な素(す)肌(はだ)</c><4>ね</c><3></c>,秘(ひ)宝(ほう)な素(す)肌(はだ)ね
118.001,118.602,-1,-1,<3></c><5>秘(ひ)宝(ほう)な素(す)肌(はだ)ね</c><3></c>,秘(ひ)宝(ほう)な素(す)肌(はだ)ね
118.602,118.802,-1,-1,<3></c><5>や</c><4>ん！見(み)ないで、待(ま)って</c><3></c>,やん！見(み)ないで、待(ま)って
118.802,118.902,-1,-1,<3></c><5>やん！</c><4>見(み)ないで、待(ま)って</c><3></c>,やん！見(み)ないで、待(ま)って
118.902,119.103,-1,-1,<3></c><5>やん！見(み)</c><4>ないで、待(ま)って</c><3></c>,やん！見(み)ないで、待(ま)って
119.103,119.203,-1,-1,<3></c><5>やん！見(み)な</c><4>いで、待(ま)って</c><3></c>,やん！見(み)ないで、待(ま)って
119.203,119.336,-1,-1,<3></c><5>やん！見(み)ない</c><4>で、待(ま)って</c><3></c>,やん！見(み)ないで、待(ま)って
119.336,119.57,-1,-1,<3></c><5>やん！見(み)ないで、</c><4>待(ま)って</c><3></c>,やん！見(み)ないで、待(ま)って
119.57,119.67,-1,-1,<3></c><5>やん！見(み)ないで、待(ま)</c><4>って</c><3></c>,やん！見(み)ないで、待(ま)って
119.67,119.77,-1,-1,<3></c><5>やん！見(み)ないで、待(ま)っ</c><4>て</c><3></c>,やん！見(み)ないで、待(ま)って
119.77,120.204,-1,-1,<3></c><5>やん！見(み)ないで、待(ま)って</c><3></c>,やん！見(み)ないで、待(ま)って
120.204,120.437,-1,-1,<3></c><1>be</c><4>sideabonfire</c><3></c>,besideabonfire
120.204,122.005,-1,0,<3></c><1>燃えあがる</c><3></c>,燃えあがる
120.437,120.637,-1,-1,<3></c><1>beside</c><4>abonfire</c><3></c>,besideabonfire
120.637,120.904,-1,-1,<3></c><1>besidea</c><4>bonfire</c><3></c>,besideabonfire
120.904,121.205,-1,-1,<3></c><1>besideabon</c><4>fire</c><3></c>,besideabonfire
121.205,121.572,-1,-1,<3></c><1>besideabonfi</c><4>re</c><3></c>,besideabonfire
121.572,122.005,-1,-1,<3></c><1>besideabonfire</c><3></c>,besideabonfire
122.005,122.239,66,-1,<3></c><1>our</c><4>luringsmoketakesyouhigher</c><3></c>,ourluringsmoketakesyouhigher
122.005,125.142,-1,0,<3></c><1>この熱気でキミを高みへ誘う</c><3></c>,この熱気でキミを高みへ誘う
122.239,122.473,66,-1,<3></c><1>ourlur</c><4>ingsmoketakesyouhigher</c><3></c>,ourluringsmoketakesyouhigher
122.473,122.673,66,-1,<3></c><1>ourluring</c><4>smoketakesyouhigher</c><3></c>,ourluringsmoketakesyouhigher
122.673,123.04,66,-1,<3></c><1>ourluringsmoke</c><4>takesyouhigher</c><3></c>,ourluringsmoketakesyouhigher
123.04,123.34,66,-1,<3></c><1>ourluringsmoketakes</c><4>youhigher</c><3></c>,ourluringsmoketakesyouhigher
123.34,123.574,66,-1,<3></c><1>ourluringsmoketakesyou</c><4>higher</c><3></c>,ourluringsmoketakesyouhigher
123.574,124.475,66,-1,<3></c><1>ourluringsmoketakesyouhigh</c><4>er</c><3></c>,ourluringsmoketakesyouhigher
124.475,125.142,66,-1,<3></c><1>ourluringsmoketakesyouhigher</c><3></c>,ourluringsmoketakesyouhigher
125.142,125.576,-1,-1,<3></c><1>ね？</c><4>wedriveyoucrazy</c><3></c>,ね？wedriveyoucrazy
125.142,130.747,-1,0,<3></c><1>ね？トばせてやるよ</c><3></c>,ね？トばせてやるよ
125.576,125.809,-1,-1,<3></c><1>ね？we</c><4>driveyoucrazy</c><3></c>,ね？wedriveyoucrazy
125.809,126.043,-1,-1,<3></c><1>ね？wedrive</c><4>youcrazy</c><3></c>,ね？wedriveyoucrazy
126.043,126.276,-1,-1,<3></c><1>ね？wedriveyou</c><4>crazy</c><3></c>,ね？wedriveyoucrazy
126.276,127.177,-1,-1,<3></c><1>ね？wedriveyoucra</c><4>zy</c><3></c>,ね？wedriveyoucrazy
127.177,130.747,-1,-1,<3></c><1>ね？wedriveyoucrazy</c><3></c>,ね？wedriveyoucrazy
130.747,131.181,-1,-1,<3></c><5>a</c><4>hoy</c><3></c>,ahoy
131.181,132.749,-1,-1,<3></c><5>ahoy</c><3></c>,ahoy
132.749,133.217,-1,-1,<3></c><5>熱(あつ)</c><4>苦(くる)しくなってこう</c><3></c>,熱(あつ)苦(くる)しくなってこう
133.217,133.55,-1,-1,<3></c><5>熱(あつ)苦(くる)</c><4>しくなってこう</c><3></c>,熱(あつ)苦(くる)しくなってこう
133.55,133.65,-1,-1,<3></c><5>熱(あつ)苦(くる)し</c><4>くなってこう</c><3></c>,熱(あつ)苦(くる)しくなってこう
133.65,133.851,-1,-1,<3></c><5>熱(あつ)苦(くる)しく</c><4>なってこう</c><3></c>,熱(あつ)苦(くる)しくなってこう
133.851,133.984,-1,-1,<3></c><5>熱(あつ)苦(くる)しくな</c><4>ってこう</c><3></c>,熱(あつ)苦(くる)しくなってこう
133.984,134.084,-1,-1,<3></c><5>熱(あつ)苦(くる)しくなっ</c><4>てこう</c><3></c>,熱(あつ)苦(くる)しくなってこう
134.084,134.318,-1,-1,<3></c><5>熱(あつ)苦(くる)しくなって</c><4>こう</c><3></c>,熱(あつ)苦(くる)しくなってこう
134.318,134.418,-1,-1,<3></c><5>熱(あつ)苦(くる)しくなってこ</c><4>う</c><3></c>,熱(あつ)苦(くる)しくなってこう
134.418,134.785,-1,-1,<3></c><5>熱(あつ)苦(くる)しくなってこう</c><3></c>,熱(あつ)苦(くる)しくなってこう
134.785,134.918,-1,-1,<3></c><5>も</c><4>うどうしようもない</c><3></c>,もうどうしようもない
134.918,135.219,-1,-1,<3></c><5>もう</c><4>どうしようもない</c><3></c>,もうどうしようもない
135.219,135.352,-1,-1,<3></c><5>もうど</c><4>うしようもない</c><3></c>,もうどうしようもない
135.352,135.452,-1,-1,<3></c><5>もうどう</c><4>しようもない</c><3></c>,もうどうしようもない
135.452,135.552,-1,-1,<3></c><5>もうどうし</c><4>ようもない</c><3></c>,もうどうしようもない
135.552,135.719,-1,-1,<3></c><5>もうどうしよ</c><4>うもない</c><3></c>,もうどうしようもない
135.719,135.886,-1,-1,<3></c><5>もうどうしよう</c><4>もない</c><3></c>,もうどうしようもない
135.886,136.12,-1,-1,<3></c><5>もうどうしようも</c><4>ない</c><3></c>,もうどうしようもない
136.12,136.32,-1,-1,<3></c><5>もうどうしようも</c><2>な</c><4>い</c><3></c>,もうどうしようもない
136.32,136.52,-1,-1,<3></c><5>もうどうしようも</c><2>ない</c><3></c>,もうどうしようもない
136.52,136.987,-1,-1,<3></c><2>my</c><4>brightspotlight</c><3></c>,mybrightspotlight
136.52,137.855,-1,0,<3></c><2>私照らすスポットライト</c><3></c>,私照らすスポットライト
136.987,137.321,-1,-1,<3></c><2>mybright</c><4>spotlight</c><3></c>,mybrightspotlight
137.321,137.621,-1,-1,<3></c><2>mybrightspot</c><4>light</c><3></c>,mybrightspotlight
137.621,137.855,-1,-1,<3></c><2>mybrightspotlight</c><3></c>,mybrightspotlight
137.855,138.055,-1,-1,<3></c><2>ど</c><4>んどん新(しん)境(きょう)地(ち)イっちゃいそ？</c><3></c>,どんどん新(しん)境(きょう)地(ち)イっちゃいそ？
138.055,138.322,-1,-1,<3></c><2>どん</c><4>どん新(しん)境(きょう)地(ち)イっちゃいそ？</c><3></c>,どんどん新(しん)境(きょう)地(ち)イっちゃいそ？
138.322,138.589,-1,-1,<3></c><2>どんど</c><4>ん新(しん)境(きょう)地(ち)イっちゃいそ？</c><3></c>,どんどん新(しん)境(きょう)地(ち)イっちゃいそ？
138.589,138.755,-1,-1,<3></c><2>どんどん</c><4>新(しん)境(きょう)地(ち)イっちゃいそ？</c><3></c>,どんどん新(しん)境(きょう)地(ち)イっちゃいそ？
138.755,139.089,-1,-1,<3></c><2>どんどん新(しん)</c><4>境(きょう)地(ち)イっちゃいそ？</c><3></c>,どんどん新(しん)境(きょう)地(ち)イっちゃいそ？
139.089,139.456,-1,-1,<3></c><2>どんどん新(しん)境(きょう)</c><4>地(ち)イっちゃいそ？</c><3></c>,どんどん新(しん)境(きょう)地(ち)イっちゃいそ？
139.456,139.69,-1,-1,<3></c><2>どんどん新(しん)境(きょう)地(ち)</c><4>イっちゃいそ？</c><3></c>,どんどん新(しん)境(きょう)地(ち)イっちゃいそ？
139.69,139.857,-1,-1,<3></c><2>どんどん新(しん)境(きょう)地(ち)イ</c><4>っちゃいそ？</c><3></c>,どんどん新(しん)境(きょう)地(ち)イっちゃいそ？
139.857,139.99,-1,-1,<3></c><2>どんどん新(しん)境(きょう)地(ち)イっ</c><4>ちゃいそ？</c><3></c>,どんどん新(しん)境(きょう)地(ち)イっちゃいそ？
139.99,140.157,-1,-1,<3></c><2>どんどん新(しん)境(きょう)地(ち)イっちゃ</c><4>いそ？</c><3></c>,どんどん新(しん)境(きょう)地(ち)イっちゃいそ？
140.157,140.324,-1,-1,<3></c><2>どんどん新(しん)境(きょう)地(ち)イっちゃい</c><4>そ？</c><3></c>,どんどん新(しん)境(きょう)地(ち)イっちゃいそ？
140.324,140.791,-1,-1,<3></c><2>どんどん新(しん)境(きょう)地(ち)イっちゃいそ？</c><3></c>,どんどん新(しん)境(きょう)地(ち)イっちゃいそ？
140.791,141.024,-1,85,<3></c><2>(oh</c><4>baby)</c><3></c>,(ohbaby)
141.024,141.158,-1,85,<3></c><2>(ohba</c><4>by)</c><3></c>,(ohbaby)
141.158,141.492,-1,85,<3></c><2>(ohbaby)</c><3></c>,(ohbaby)
141.492,141.725,-1,-1,<3></c><2>ア</c><4>ーゥチチな二(ふた)人(り)はだぁれ？</c><3></c>,アーゥチチな二(ふた)人(り)はだぁれ？
141.725,141.959,-1,-1,<3></c><2>アー</c><4>ゥチチな二(ふた)人(り)はだぁれ？</c><3></c>,アーゥチチな二(ふた)人(り)はだぁれ？
141.959,142.159,-1,-1,<3></c><2>アーゥ</c><4>チチな二(ふた)人(り)はだぁれ？</c><3></c>,アーゥチチな二(ふた)人(り)はだぁれ？
142.159,142.392,-1,-1,<3></c><2>アーゥチ</c><4>チな二(ふた)人(り)はだぁれ？</c><3></c>,アーゥチチな二(ふた)人(り)はだぁれ？
142.392,142.593,-1,-1,<3></c><2>アーゥチチ</c><4>な二(ふた)人(り)はだぁれ？</c><3></c>,アーゥチチな二(ふた)人(り)はだぁれ？
142.593,142.826,-1,-1,<3></c><2>アーゥチチな</c><4>二(ふた)人(り)はだぁれ？</c><3></c>,アーゥチチな二(ふた)人(り)はだぁれ？
142.826,143.393,-1,-1,<3></c><2>アーゥチチな二(ふた)</c><4>人(り)はだぁれ？</c><3></c>,アーゥチチな二(ふた)人(り)はだぁれ？
143.393,143.527,-1,-1,<3></c><2>アーゥチチな二(ふた)人(り)</c><4>はだぁれ？</c><3></c>,アーゥチチな二(ふた)人(り)はだぁれ？
143.527,143.727,-1,-1,<3></c><2>アーゥチチな二(ふた)人(り)は</c><4>だぁれ？</c><3></c>,アーゥチチな二(ふた)人(り)はだぁれ？
143.727,143.927,-1,-1,<3></c><2>アーゥチチな二(ふた)人(り)はだ</c><4>ぁれ？</c><3></c>,アーゥチチな二(ふた)人(り)はだぁれ？
143.927,144.194,-1,-1,<3></c><2>アーゥチチな二(ふた)人(り)はだぁ</c><4>れ？</c><3></c>,アーゥチチな二(ふた)人(り)はだぁれ？
144.194,145.028,-1,-1,<3></c><2>アーゥチチな二(ふた)人(り)はだぁれ？</c><3></c>,アーゥチチな二(ふた)人(り)はだぁれ？
144.394,144.595,-1,85,<3></c><2>(yeah</c><4>baby)</c><3></c>,(yeahbaby)
144.595,144.728,-1,85,<3></c><2>(yeahba</c><4>by)</c><3></c>,(yeahbaby)
144.728,145.028,-1,85,<3></c><2>(yeahbaby)</c><3></c>,(yeahbaby)
145.028,145.696,-1,-1,<3></c><2>hands</c><4>upぶち上(あ)げたまえ！</c><3></c>,handsupぶち上(あ)げたまえ！
145.696,145.963,-1,-1,<3></c><2>handsup</c><4>ぶち上(あ)げたまえ！</c><3></c>,handsupぶち上(あ)げたまえ！
145.963,146.163,-1,-1,<3></c><2>handsupぶ</c><4>ち上(あ)げたまえ！</c><3></c>,handsupぶち上(あ)げたまえ！
146.163,146.363,-1,-1,<3></c><2>handsupぶち</c><4>上(あ)げたまえ！</c><3></c>,handsupぶち上(あ)げたまえ！
146.363,146.63,-1,-1,<3></c><2>handsupぶち上(あ)</c><4>げたまえ！</c><3></c>,handsupぶち上(あ)げたまえ！
146.63,147.064,-1,-1,<3></c><2>handsupぶち上(あ)げ</c><4>たまえ！</c><3></c>,handsupぶち上(あ)げたまえ！
147.064,147.264,-1,-1,<3></c><2>handsupぶち上(あ)げた</c><4>まえ！</c><3></c>,handsupぶち上(あ)げたまえ！
147.264,147.731,-1,-1,<3></c><2>handsupぶち上(あ)げたま</c><4>え！</c><3></c>,handsupぶち上(あ)げたまえ！
147.731,148.632,-1,-1,<3></c><2>handsupぶち上(あ)げたまえ！</c><3></c>,handsupぶち上(あ)げたまえ！
147.965,148.198,-1,85,<3></c><2>(oh</c><4>baby)</c><3></c>,(ohbaby)
148.198,148.332,-1,85,<3></c><2>(ohba</c><4>by)</c><3></c>,(ohbaby)
148.332,148.632,-1,85,<3></c><2>(ohbaby)</c><3></c>,(ohbaby)
148.632,148.732,-1,-1,<3></c><5>ク</c><4>ラッときちゃう様(よう)な</c><3></c>,クラッときちゃう様(よう)な
148.732,148.866,-1,-1,<3></c><5>クラ</c><4>ッときちゃう様(よう)な</c><3></c>,クラッときちゃう様(よう)な
148.866,149.066,-1,-1,<3></c><5>クラッ</c><4>ときちゃう様(よう)な</c><3></c>,クラッときちゃう様(よう)な
149.066,149.399,-1,-1,<3></c><5>クラッと</c><4>きちゃう様(よう)な</c><3></c>,クラッときちゃう様(よう)な
149.399,149.533,-1,-1,<3></c><5>クラッとき</c><4>ちゃう様(よう)な</c><3></c>,クラッときちゃう様(よう)な
149.533,149.733,-1,-1,<3></c><5>クラッときちゃ</c><4>う様(よう)な</c><3></c>,クラッときちゃう様(よう)な
149.733,149.867,-1,-1,<3></c><5>クラッときちゃう</c><4>様(よう)な</c><3></c>,クラッときちゃう様(よう)な
149.867,150.2,-1,-1,<3></c><5>クラッときちゃう様(よう)</c><4>な</c><3></c>,クラッときちゃう様(よう)な
150.2,150.634,-1,-1,<3></c><5>クラッときちゃう様(よう)な</c><3></c>,クラッときちゃう様(よう)な
150.634,151.101,-1,-1,<3></c><5>熱(ねつ)</c><4>が足(た)りない</c><3></c>,熱(ねつ)が足(た)りない
151.101,151.301,-1,-1,<3></c><5>熱(ねつ)が</c><4>足(た)りない</c><3></c>,熱(ねつ)が足(た)りない
151.301,151.568,-1,-1,<3></c><5>熱(ねつ)が足(た)</c><4>りない</c><3></c>,熱(ねつ)が足(た)りない
151.568,151.768,-1,-1,<3></c><5>熱(ねつ)が足(た)り</c><4>ない</c><3></c>,熱(ねつ)が足(た)りない
151.768,151.902,-1,-1,<3></c><5>熱(ねつ)が足(た)りな</c><4>い</c><3></c>,熱(ねつ)が足(た)りない
151.902,152.236,-1,-1,<3></c><5>熱(ねつ)が足(た)りない</c><3></c>,熱(ねつ)が足(た)りない
152.236,152.703,-1,-1,<3></c><1>our</c><4>night’sjustbegun</c><3></c>,ournight’sjustbegun
152.236,153.804,-1,0,<3></c><1>夜は始まったばかり</c><3></c>,夜は始まったばかり
152.703,153.137,-1,-1,<3></c><1>ournight’s</c><4>justbegun</c><3></c>,ournight’sjustbegun
153.137,153.37,-1,-1,<3></c><1>ournight’sjust</c><4>begun</c><3></c>,ournight’sjustbegun
153.37,153.504,-1,-1,<3></c><1>ournight’sjustbe</c><4>gun</c><3></c>,ournight’sjustbegun
153.504,153.804,-1,-1,<3></c><1>ournight’sjustbegun</c><3></c>,ournight’sjustbegun
153.804,154.271,-1,-1,<3></c><1>aye</c><4>let’sblastit!</c><3></c>,ayelet’sblastit!
153.804,155.806,-1,0,<3></c><1>アゲてこうぜ！</c><3></c>,アゲてこうぜ！
154.271,154.705,-1,-1,<3></c><1>ayelet’s</c><4>blastit!</c><3></c>,ayelet’sblastit!
154.705,155.139,-1,-1,<3></c><1>ayelet’sblast</c><4>it!</c><3></c>,ayelet’sblastit!
155.139,155.806,-1,-1,<3></c><1>ayelet’sblastit!</c><3></c>,ayelet’sblastit!
155.806,156.473,-1,-1,<3></c><2>ハ</c><4>ジけて派(は)手(で)にいったーれ！</c><3></c>,ハジけて派(は)手(で)にいったーれ！
156.473,156.707,-1,-1,<3></c><2>ハジ</c><4>けて派(は)手(で)にいったーれ！</c><3></c>,ハジけて派(は)手(で)にいったーれ！
156.707,156.94,-1,-1,<3></c><2>ハジけ</c><4>て派(は)手(で)にいったーれ！</c><3></c>,ハジけて派(は)手(で)にいったーれ！
156.94,157.141,-1,-1,<3></c><2>ハジけて</c><4>派(は)手(で)にいったーれ！</c><3></c>,ハジけて派(は)手(で)にいったーれ！
157.141,157.374,-1,-1,<3></c><2>ハジけて派(は)</c><4>手(で)にいったーれ！</c><3></c>,ハジけて派(は)手(で)にいったーれ！
157.374,157.841,-1,-1,<3></c><2>ハジけて派(は)手(で)</c><4>にいったーれ！</c><3></c>,ハジけて派(は)手(で)にいったーれ！
157.841,157.908,-1,-1,<3></c><2>ハジけて派(は)手(で)に</c><4>いったーれ！</c><3></c>,ハジけて派(は)手(で)にいったーれ！
157.908,157.941,-1,-1,<3></c><2>ハジけて派(は)手(で)にい</c><4>ったーれ！</c><3></c>,ハジけて派(は)手(で)にいったーれ！
157.941,158.041,-1,-1,<3></c><2>ハジけて派(は)手(で)にいっ</c><4>たーれ！</c><3></c>,ハジけて派(は)手(で)にいったーれ！
158.041,158.275,-1,-1,<3></c><2>ハジけて派(は)手(で)にいった</c><4>ーれ！</c><3></c>,ハジけて派(は)手(で)にいったーれ！
158.275,158.509,-1,-1,<3></c><2>ハジけて派(は)手(で)にいったー</c><4>れ！</c><3></c>,ハジけて派(は)手(で)にいったーれ！
158.509,159.409,-1,-1,<3></c><2>ハジけて派(は)手(で)にいったーれ！</c><3></c>,ハジけて派(は)手(で)にいったーれ！
158.709,158.942,-1,85,<3></c><2>(yeah</c><4>baby)</c><3></c>,(yeahbaby)
158.942,159.076,-1,85,<3></c><2>(yeahba</c><4>by)</c><3></c>,(yeahbaby)
159.076,159.409,-1,85,<3></c><2>(yeahbaby)</c><3></c>,(yeahbaby)
159.409,160.077,-1,-1,<3></c><2>来(らい)</c><4>世(せ)までwewannaparty</c><3></c>,来(らい)世(せ)までwewannaparty
160.077,160.277,-1,-1,<3></c><2>来(らい)世(せ)</c><4>までwewannaparty</c><3></c>,来(らい)世(せ)までwewannaparty
160.277,160.544,-1,-1,<3></c><2>来(らい)世(せ)ま</c><4>でwewannaparty</c><3></c>,来(らい)世(せ)までwewannaparty
160.544,160.744,-1,-1,<3></c><2>来(らい)世(せ)まで</c><4>wewannaparty</c><3></c>,来(らい)世(せ)までwewannaparty
160.744,160.978,-1,-1,<3></c><2>来(らい)世(せ)までwe</c><4>wannaparty</c><3></c>,来(らい)世(せ)までwewannaparty
160.978,161.411,-1,-1,<3></c><2>来(らい)世(せ)までwewan</c><4>naparty</c><3></c>,来(らい)世(せ)までwewannaparty
161.411,161.612,-1,-1,<3></c><2>来(らい)世(せ)までwewanna</c><4>party</c><3></c>,来(らい)世(せ)までwewannaparty
161.612,162.079,-1,-1,<3></c><2>来(らい)世(せ)までwewannapar</c><4>ty</c><3></c>,来(らい)世(せ)までwewannaparty
162.079,162.98,-1,-1,<3></c><2>来(らい)世(せ)までwewannaparty</c><3></c>,来(らい)世(せ)までwewannaparty
162.312,162.513,-1,85,<3></c><2>(oh</c><4>baby)</c><3></c>,(ohbaby)
162.513,162.646,-1,85,<3></c><2>(ohba</c><4>by)</c><3></c>,(ohbaby)
162.646,162.98,-1,85,<3></c><2>(ohbaby)</c><3></c>,(ohbaby)
162.98,163.413,-1,-1,<3></c><1>all</c><4>eyesonme</c><3></c>,alleyesonme
162.98,164.548,-1,0,<3></c><1>視線は独占</c><3></c>,視線は独占
163.413,163.881,-1,-1,<3></c><1>alleyes</c><4>onme</c><3></c>,alleyesonme
163.881,164.214,-1,-1,<3></c><1>alleyeson</c><4>me</c><3></c>,alleyesonme
164.214,164.548,-1,-1,<3></c><1>alleyesonme</c><3></c>,alleyesonme
164.548,164.982,-1,-1,<3></c><1>i</c><4>cantastethehigh</c><3></c>,icantastethehigh
164.548,166.55,-1,0,<3></c><1>味わう最高潮</c><3></c>,味わう最高潮
164.982,165.215,-1,-1,<3></c><1>ican</c><4>tastethehigh</c><3></c>,icantastethehigh
165.215,165.449,-1,-1,<3></c><1>icantaste</c><4>thehigh</c><3></c>,icantastethehigh
165.449,165.649,-1,-1,<3></c><1>icantastethe</c><4>high</c><3></c>,icantastethehigh
165.649,166.55,-1,-1,<3></c><1>icantastethehigh</c><3></c>,icantastethehigh
166.55,167.017,-1,-1,<3></c><5>aye</c><4>まだまだ沸(わ)いてこうぜ</c><3></c>,ayeまだまだ沸(わ)いてこうぜ
167.017,167.417,-1,-1,<3></c><5>ayeま</c><4>だまだ沸(わ)いてこうぜ</c><3></c>,ayeまだまだ沸(わ)いてこうぜ
167.417,167.684,-1,-1,<3></c><5>ayeまだ</c><4>まだ沸(わ)いてこうぜ</c><3></c>,ayeまだまだ沸(わ)いてこうぜ
167.684,167.784,-1,-1,<3></c><5>ayeまだま</c><4>だ沸(わ)いてこうぜ</c><3></c>,ayeまだまだ沸(わ)いてこうぜ
167.784,168.152,-1,-1,<3></c><5>ayeまだまだ</c><4>沸(わ)いてこうぜ</c><3></c>,ayeまだまだ沸(わ)いてこうぜ
168.152,168.352,-1,-1,<3></c><5>ayeまだまだ沸(わ)</c><4>いてこうぜ</c><3></c>,ayeまだまだ沸(わ)いてこうぜ
168.352,168.585,-1,-1,<3></c><5>ayeまだまだ沸(わ)い</c><4>てこうぜ</c><3></c>,ayeまだまだ沸(わ)いてこうぜ
168.585,169.019,-1,-1,<3></c><5>ayeまだまだ沸(わ)いて</c><4>こうぜ</c><3></c>,ayeまだまだ沸(わ)いてこうぜ
169.019,169.253,-1,-1,<3></c><5>ayeまだまだ沸(わ)いてこ</c><4>うぜ</c><3></c>,ayeまだまだ沸(わ)いてこうぜ
169.253,169.486,-1,-1,<3></c><5>ayeまだまだ沸(わ)いてこう</c><4>ぜ</c><3></c>,ayeまだまだ沸(わ)いてこうぜ
169.486,170.154,-1,-1,<3></c><5>ayeまだまだ沸(わ)いてこうぜ</c><3></c>,ayeまだまだ沸(わ)いてこうぜ
170.154,170.32,-1,-1,<3></c><2>は</c><4>ーい注(ちゅう)目(もく)</c><3></c>,はーい注(ちゅう)目(もく)
170.32,170.454,-1,-1,<3></c><2>はー</c><4>い注(ちゅう)目(もく)</c><3></c>,はーい注(ちゅう)目(もく)
170.454,170.587,-1,-1,<3></c><2>はーい</c><4>注(ちゅう)目(もく)</c><3></c>,はーい注(ちゅう)目(もく)
170.587,171.021,-1,-1,<3></c><2>はーい注(ちゅう)</c><4>目(もく)</c><3></c>,はーい注(ちゅう)目(もく)
171.021,171.388,-1,-1,<3></c><2>はーい注(ちゅう)目(もく)</c><3></c>,はーい注(ちゅう)目(もく)
171.388,171.488,-1,-1,<3></c><2>ま</c><4>あいっちょ踊(おど)ってこうか？</c><3></c>,まあいっちょ踊(おど)ってこうか？
171.488,171.722,-1,-1,<3></c><2>まあ</c><4>いっちょ踊(おど)ってこうか？</c><3></c>,まあいっちょ踊(おど)ってこうか？
171.722,171.955,-1,-1,<3></c><2>まあい</c><4>っちょ踊(おど)ってこうか？</c><3></c>,まあいっちょ踊(おど)ってこうか？
171.955,172.156,-1,-1,<3></c><2>まあいっ</c><4>ちょ踊(おど)ってこうか？</c><3></c>,まあいっちょ踊(おど)ってこうか？
172.156,172.256,-1,-1,<3></c><2>まあいっちょ</c><4>踊(おど)ってこうか？</c><3></c>,まあいっちょ踊(おど)ってこうか？
172.256,172.489,-1,-1,<3></c><2>まあいっちょ踊(おど)</c><4>ってこうか？</c><3></c>,まあいっちょ踊(おど)ってこうか？
172.489,172.623,-1,-1,<3></c><2>まあいっちょ踊(おど)っ</c><4>てこうか？</c><3></c>,まあいっちょ踊(おど)ってこうか？
172.623,172.823,-1,-1,<3></c><2>まあいっちょ踊(おど)って</c><4>こうか？</c><3></c>,まあいっちょ踊(おど)ってこうか？
172.823,172.99,-1,-1,<3></c><2>まあいっちょ踊(おど)ってこ</c><4>うか？</c><3></c>,まあいっちょ踊(おど)ってこうか？
172.99,173.123,-1,-1,<3></c><2>まあいっちょ踊(おど)ってこう</c><4>か？</c><3></c>,まあいっちょ踊(おど)ってこうか？
173.123,173.524,-1,-1,<3></c><2>まあいっちょ踊(おど)ってこうか？</c><3></c>,まあいっちょ踊(おど)ってこうか？
173.524,173.724,56,-1,<3></c><2>視(し)</c><4>線(せん)牛(ぎゅう)耳(じ)ってんのは...</c><3></c>,視(し)線(せん)牛(ぎゅう)耳(じ)ってんのは...
173.724,174.191,56,-1,<3></c><2>視(し)線(せん)</c><4>牛(ぎゅう)耳(じ)ってんのは...</c><3></c>,視(し)線(せん)牛(ぎゅう)耳(じ)ってんのは...
174.191,174.625,56,-1,<3></c><2>視(し)線(せん)牛(ぎゅう)</c><4>耳(じ)ってんのは...</c><3></c>,視(し)線(せん)牛(ぎゅう)耳(じ)ってんのは...
174.625,174.791,56,-1,<3></c><2>視(し)線(せん)牛(ぎゅう)耳(じ)</c><4>ってんのは...</c><3></c>,視(し)線(せん)牛(ぎゅう)耳(じ)ってんのは...
174.791,174.958,56,-1,<3></c><2>視(し)線(せん)牛(ぎゅう)耳(じ)っ</c><4>てんのは...</c><3></c>,視(し)線(せん)牛(ぎゅう)耳(じ)ってんのは...
174.958,175.125,56,-1,<3></c><2>視(し)線(せん)牛(ぎゅう)耳(じ)って</c><4>んのは...</c><3></c>,視(し)線(せん)牛(ぎゅう)耳(じ)ってんのは...
175.125,175.292,56,-1,<3></c><2>視(し)線(せん)牛(ぎゅう)耳(じ)ってん</c><4>のは...</c><3></c>,視(し)線(せん)牛(ぎゅう)耳(じ)ってんのは...
175.292,175.492,56,-1,<3></c><2>視(し)線(せん)牛(ぎゅう)耳(じ)ってんの</c><4>は...</c><3></c>,視(し)線(せん)牛(ぎゅう)耳(じ)ってんのは...
175.492,175.726,56,-1,<3></c><2>視(し)線(せん)牛(ぎゅう)耳(じ)ってんのは...</c><3></c>,視(し)線(せん)牛(ぎゅう)耳(じ)ってんのは...
175.726,175.826,-1,-1,<3></c><1>bring</c><4>itback</c><3></c>,bringitback
175.726,176.16,-1,0,<3></c><1>最後に</c><3></c>,最後に
175.826,175.959,-1,-1,<3></c><1>bringit</c><4>back</c><3></c>,bringitback
175.959,176.16,-1,-1,<3></c><1>bringitback</c><3></c>,bringitback
176.16,176.393,-1,-1,<3></c><1>let’s</c><4>hitit</c><3></c>,let’shitit
176.16,176.627,-1,0,<3></c><1>さあ</c><3></c>,さあ
176.393,176.493,-1,-1,<3></c><1>let’shit</c><4>it</c><3></c>,let’shitit
176.493,176.627,-1,-1,<3></c><1>let’shitit</c><3></c>,let’shitit
176.627,176.827,-1,-1,<3></c><1>one</c><4>lasttime!</c><3></c>,onelasttime!
176.627,177.294,-1,0,<3></c><1>もういっちょ！</c><3></c>,もういっちょ！
176.827,177.094,-1,-1,<3></c><1>onelast</c><4>time!</c><3></c>,onelasttime!
177.094,177.294,-1,-1,<3></c><1>onelasttime!</c><3></c>,onelasttime!
177.294,177.761,-1,-1,<3></c><5>ア</c><4>タシたち</c><3></c>,アタシたち
177.761,178.028,-1,-1,<3></c><5>アタ</c><4>シたち</c><3></c>,アタシたち
178.028,178.195,-1,-1,<3></c><5>アタシ</c><4>たち</c><3></c>,アタシたち
178.195,178.529,-1,-1,<3></c><5>アタシた</c><4>ち</c><3></c>,アタシたち
178.529,178.862,-1,-1,<3></c><5>アタシたち</c><3></c>,アタシたち
178.862,179.096,-1,-1,<3></c><5>マ</c><4>ジで最(さい)強(きょう)じゃん？</c><3></c>,マジで最(さい)強(きょう)じゃん？
179.096,179.329,-1,-1,<3></c><5>マジ</c><4>で最(さい)強(きょう)じゃん？</c><3></c>,マジで最(さい)強(きょう)じゃん？
179.329,179.53,-1,-1,<3></c><5>マジで</c><4>最(さい)強(きょう)じゃん？</c><3></c>,マジで最(さい)強(きょう)じゃん？
179.53,179.997,-1,-1,<3></c><5>マジで最(さい)</c><4>強(きょう)じゃん？</c><3></c>,マジで最(さい)強(きょう)じゃん？
179.997,180.33,-1,-1,<3></c><5>マジで最(さい)強(きょう)</c><4>じゃん？</c><3></c>,マジで最(さい)強(きょう)じゃん？
180.33,180.531,-1,-1,<3></c><5>マジで最(さい)強(きょう)じゃ</c><4>ん？</c><3></c>,マジで最(さい)強(きょう)じゃん？
180.531,180.898,-1,-1,<3></c><5>マジで最(さい)強(きょう)じゃん？</c><3></c>,マジで最(さい)強(きょう)じゃん？
180.898,181.365,-1,-1,<3></c><1>just</c><4>twobestiessofly!</c><3></c>,justtwobestiessofly!
180.898,183.367,-1,0,<3></c><1>このコンビしか勝たん！</c><3></c>,このコンビしか勝たん！
181.365,181.798,-1,-1,<3></c><1>justtwo</c><4>bestiessofly!</c><3></c>,justtwobestiessofly!
181.798,182.132,-1,-1,<3></c><1>justtwobest</c><4>iessofly!</c><3></c>,justtwobestiessofly!
182.132,182.466,-1,-1,<3></c><1>justtwobesties</c><4>sofly!</c><3></c>,justtwobestiessofly!
182.466,182.699,-1,-1,<3></c><1>justtwobestiesso</c><4>fly!</c><3></c>,justtwobestiessofly!
182.699,183.367,-1,-1,<3></c><1>justtwobestiessofly!</c><3></c>,justtwobestiessofly!
183.367,183.767,-1,-1,<3></c><2>ah-</c><4>ah-ah</c><3></c>,ah-ah-ah
183.767,184.034,-1,-1,<3></c><2>ah-ah-</c><4>ah</c><3></c>,ah-ah-ah
184.034,184.735,-1,-1,<3></c><2>ah-ah-ah</c><3></c>,ah-ah-ah
184.735,188.338,-1,0,<3></c><4>iii／</c><5>宝鐘マリン</c><4>、</c><1>こぼ・かなえる</c><3></c>,iii／宝鐘マリン、こぼ・かなえる
184.735,185.636,-1,-1,<3></c><4>作詞：senakiryuin</c><3></c>,作詞：senakiryuin
185.636,186.537,-1,-1,<3></c><4>作曲：giga</c><3></c>,作曲：giga
186.537,187.437,-1,-1,<3></c><4>編曲：giga</c><3></c>,編曲：giga
187.437,188.338,-1,-1,<3></c><4>歌唱：</c><5>宝鐘マリン</c><4>、</c><1>こぼ・かなえる</c><3></c>,歌唱：宝鐘マリン、こぼ・かなえる
