start,end,position,line,text,unformatted
11.161,21.772,66,0,<1></c><2>motto☆いちごオレ／monafeat.honeyworks</c><1></c><2>(coveredbyさくらみこ)</c><1></c>,motto☆いちごオレ／monafeat.honeyworks(coveredbyさくらみこ)
11.161,13.831,-1,-1,<1></c><2>作詞：gomshito</c><1></c>,作詞：gomshito
13.831,16.467,-1,-1,<1></c><2>作曲：gom</c><1></c>,作曲：gom
16.467,19.103,-1,-1,<1></c><2>編曲：honeyworks</c><1></c>,編曲：honeyworks
19.103,21.772,-1,-1,<1></c><2>歌唱：さくらみこ</c><1></c>,歌唱：さくらみこ
21.772,22.272,-1,-1,<1></c><2>暗(あん)</c><3>黒(こく)に染(そ)まった</c><1></c>,暗(あん)黒(こく)に染(そ)まった
22.272,22.773,-1,-1,<1></c><2>暗(あん)黒(こく)</c><3>に染(そ)まった</c><1></c>,暗(あん)黒(こく)に染(そ)まった
22.773,23.273,-1,-1,<1></c><2>暗(あん)黒(こく)に</c><3>染(そ)まった</c><1></c>,暗(あん)黒(こく)に染(そ)まった
23.273,23.407,-1,-1,<1></c><2>暗(あん)黒(こく)に染(そ)</c><3>まった</c><1></c>,暗(あん)黒(こく)に染(そ)まった
23.407,23.574,-1,-1,<1></c><2>暗(あん)黒(こく)に染(そ)ま</c><3>った</c><1></c>,暗(あん)黒(こく)に染(そ)まった
23.574,23.741,-1,-1,<1></c><2>暗(あん)黒(こく)に染(そ)まっ</c><3>た</c><1></c>,暗(あん)黒(こく)に染(そ)まった
23.741,24.408,-1,-1,<1></c><2>暗(あん)黒(こく)に染(そ)まった</c><1></c>,暗(あん)黒(こく)に染(そ)まった
24.408,24.742,-1,-1,<1></c><2>首(しゅ)</c><3>都(と)陥(かん)落(らく)困(こま)った</c><1></c>,首(しゅ)都(と)陥(かん)落(らく)困(こま)った
24.742,24.942,-1,-1,<1></c><2>首(しゅ)都(と)</c><3>陥(かん)落(らく)困(こま)った</c><1></c>,首(しゅ)都(と)陥(かん)落(らく)困(こま)った
24.942,25.409,-1,-1,<1></c><2>首(しゅ)都(と)陥(かん)</c><3>落(らく)困(こま)った</c><1></c>,首(しゅ)都(と)陥(かん)落(らく)困(こま)った
25.409,25.909,-1,-1,<1></c><2>首(しゅ)都(と)陥(かん)落(らく)</c><3>困(こま)った</c><1></c>,首(しゅ)都(と)陥(かん)落(らく)困(こま)った
25.909,26.243,-1,-1,<1></c><2>首(しゅ)都(と)陥(かん)落(らく)困(こま)</c><3>った</c><1></c>,首(しゅ)都(と)陥(かん)落(らく)困(こま)った
26.243,26.41,-1,-1,<1></c><2>首(しゅ)都(と)陥(かん)落(らく)困(こま)っ</c><3>た</c><1></c>,首(しゅ)都(と)陥(かん)落(らく)困(こま)った
26.41,27.077,-1,-1,<1></c><2>首(しゅ)都(と)陥(かん)落(らく)困(こま)った</c><1></c>,首(しゅ)都(と)陥(かん)落(らく)困(こま)った
27.077,27.578,-1,-1,<1></c><2>人(ひと)</c><3>々(びと)は嘆(なげ)いて</c><1></c>,人(ひと)々(びと)は嘆(なげ)いて
27.578,28.078,-1,-1,<1></c><2>人(ひと)々(びと)</c><3>は嘆(なげ)いて</c><1></c>,人(ひと)々(びと)は嘆(なげ)いて
28.078,28.579,-1,-1,<1></c><2>人(ひと)々(びと)は</c><3>嘆(なげ)いて</c><1></c>,人(ひと)々(びと)は嘆(なげ)いて
28.579,28.912,-1,-1,<1></c><2>人(ひと)々(びと)は嘆(なげ)</c><3>いて</c><1></c>,人(ひと)々(びと)は嘆(なげ)いて
28.912,29.079,-1,-1,<1></c><2>人(ひと)々(びと)は嘆(なげ)い</c><3>て</c><1></c>,人(ひと)々(びと)は嘆(なげ)いて
29.079,29.413,-1,-1,<1></c><2>人(ひと)々(びと)は嘆(なげ)いて</c><1></c>,人(ひと)々(びと)は嘆(なげ)いて
29.413,29.747,-1,-1,<1></c><2>助(たす)</c><3>けを求(もと)めて声(こえ)をあげる</c><1></c>,助(たす)けを求(もと)めて声(こえ)をあげる
29.747,29.847,-1,-1,<1></c><2>助(たす)け</c><3>を求(もと)めて声(こえ)をあげる</c><1></c>,助(たす)けを求(もと)めて声(こえ)をあげる
29.847,30.08,-1,-1,<1></c><2>助(たす)けを</c><3>求(もと)めて声(こえ)をあげる</c><1></c>,助(たす)けを求(もと)めて声(こえ)をあげる
30.08,30.381,-1,-1,<1></c><2>助(たす)けを求(もと)</c><3>めて声(こえ)をあげる</c><1></c>,助(たす)けを求(もと)めて声(こえ)をあげる
30.381,30.581,-1,-1,<1></c><2>助(たす)けを求(もと)め</c><3>て声(こえ)をあげる</c><1></c>,助(たす)けを求(もと)めて声(こえ)をあげる
30.581,30.748,-1,-1,<1></c><2>助(たす)けを求(もと)めて</c><3>声(こえ)をあげる</c><1></c>,助(たす)けを求(もと)めて声(こえ)をあげる
30.748,31.048,-1,-1,<1></c><2>助(たす)けを求(もと)めて声(こえ)</c><3>をあげる</c><1></c>,助(たす)けを求(もと)めて声(こえ)をあげる
31.048,31.382,-1,-1,<1></c><2>助(たす)けを求(もと)めて声(こえ)を</c><3>あげる</c><1></c>,助(たす)けを求(もと)めて声(こえ)をあげる
31.382,31.715,-1,-1,<1></c><2>助(たす)けを求(もと)めて声(こえ)をあ</c><3>げる</c><1></c>,助(たす)けを求(もと)めて声(こえ)をあげる
31.715,32.049,-1,-1,<1></c><2>助(たす)けを求(もと)めて声(こえ)をあげ</c><3>る</c><1></c>,助(たす)けを求(もと)めて声(こえ)をあげる
32.049,32.383,-1,-1,<1></c><2>助(たす)けを求(もと)めて声(こえ)をあげる</c><1></c>,助(たす)けを求(もと)めて声(こえ)をあげる
32.383,32.716,-1,-1,<1></c><2>ピ</c><3>ンク色(いろ)纏(まと)った</c><1></c>,ピンク色(いろ)纏(まと)った
32.716,32.883,-1,-1,<1></c><2>ピン</c><3>ク色(いろ)纏(まと)った</c><1></c>,ピンク色(いろ)纏(まと)った
32.883,33.217,-1,-1,<1></c><2>ピンク</c><3>色(いろ)纏(まと)った</c><1></c>,ピンク色(いろ)纏(まと)った
33.217,33.851,-1,-1,<1></c><2>ピンク色(いろ)</c><3>纏(まと)った</c><1></c>,ピンク色(いろ)纏(まと)った
33.851,34.218,-1,-1,<1></c><2>ピンク色(いろ)纏(まと)</c><3>った</c><1></c>,ピンク色(いろ)纏(まと)った
34.218,34.385,-1,-1,<1></c><2>ピンク色(いろ)纏(まと)っ</c><3>た</c><1></c>,ピンク色(いろ)纏(まと)った
34.385,35.019,-1,-1,<1></c><2>ピンク色(いろ)纏(まと)った</c><1></c>,ピンク色(いろ)纏(まと)った
35.019,35.519,-1,-1,<1></c><2>謎(なぞ)</c><3>めいた美(び)少(しょう)女(じょ)</c><1></c>,謎(なぞ)めいた美(び)少(しょう)女(じょ)
35.519,35.853,-1,-1,<1></c><2>謎(なぞ)め</c><3>いた美(び)少(しょう)女(じょ)</c><1></c>,謎(なぞ)めいた美(び)少(しょう)女(じょ)
35.853,36.02,-1,-1,<1></c><2>謎(なぞ)めい</c><3>た美(び)少(しょう)女(じょ)</c><1></c>,謎(なぞ)めいた美(び)少(しょう)女(じょ)
36.02,36.487,-1,-1,<1></c><2>謎(なぞ)めいた</c><3>美(び)少(しょう)女(じょ)</c><1></c>,謎(なぞ)めいた美(び)少(しょう)女(じょ)
36.487,36.687,-1,-1,<1></c><2>謎(なぞ)めいた美(び)</c><3>少(しょう)女(じょ)</c><1></c>,謎(なぞ)めいた美(び)少(しょう)女(じょ)
36.687,37.021,-1,-1,<1></c><2>謎(なぞ)めいた美(び)少(しょう)</c><3>女(じょ)</c><1></c>,謎(なぞ)めいた美(び)少(しょう)女(じょ)
37.021,37.688,-1,-1,<1></c><2>謎(なぞ)めいた美(び)少(しょう)女(じょ)</c><1></c>,謎(なぞ)めいた美(び)少(しょう)女(じょ)
37.688,38.188,-1,-1,<1></c><2>人(ひと)</c><3>々(びと)はすがって</c><1></c>,人(ひと)々(びと)はすがって
38.188,38.655,-1,-1,<1></c><2>人(ひと)々(びと)</c><3>はすがって</c><1></c>,人(ひと)々(びと)はすがって
38.655,39.156,-1,-1,<1></c><2>人(ひと)々(びと)は</c><3>すがって</c><1></c>,人(ひと)々(びと)はすがって
39.156,39.323,-1,-1,<1></c><2>人(ひと)々(びと)はす</c><3>がって</c><1></c>,人(ひと)々(びと)はすがって
39.323,39.523,-1,-1,<1></c><2>人(ひと)々(びと)はすが</c><3>って</c><1></c>,人(ひと)々(びと)はすがって
39.523,39.656,-1,-1,<1></c><2>人(ひと)々(びと)はすがっ</c><3>て</c><1></c>,人(ひと)々(びと)はすがって
39.656,39.99,-1,-1,<1></c><2>人(ひと)々(びと)はすがって</c><1></c>,人(ひと)々(びと)はすがって
39.99,40.324,56,-1,<1></c><2>全(すべ)</c><3>ては彼(かの)女(じょ)に委(ゆだ)ねられた</c><1></c>,全(すべ)ては彼(かの)女(じょ)に委(ゆだ)ねられた
40.324,40.491,56,-1,<1></c><2>全(すべ)て</c><3>は彼(かの)女(じょ)に委(ゆだ)ねられた</c><1></c>,全(すべ)ては彼(かの)女(じょ)に委(ゆだ)ねられた
40.491,40.657,56,-1,<1></c><2>全(すべ)ては</c><3>彼(かの)女(じょ)に委(ゆだ)ねられた</c><1></c>,全(すべ)ては彼(かの)女(じょ)に委(ゆだ)ねられた
40.657,40.991,56,-1,<1></c><2>全(すべ)ては彼(かの)</c><3>女(じょ)に委(ゆだ)ねられた</c><1></c>,全(すべ)ては彼(かの)女(じょ)に委(ゆだ)ねられた
40.991,41.158,56,-1,<1></c><2>全(すべ)ては彼(かの)女(じょ)</c><3>に委(ゆだ)ねられた</c><1></c>,全(すべ)ては彼(かの)女(じょ)に委(ゆだ)ねられた
41.158,41.325,56,-1,<1></c><2>全(すべ)ては彼(かの)女(じょ)に</c><3>委(ゆだ)ねられた</c><1></c>,全(すべ)ては彼(かの)女(じょ)に委(ゆだ)ねられた
41.325,41.658,56,-1,<1></c><2>全(すべ)ては彼(かの)女(じょ)に委(ゆだ)</c><3>ねられた</c><1></c>,全(すべ)ては彼(かの)女(じょ)に委(ゆだ)ねられた
41.658,41.892,56,-1,<1></c><2>全(すべ)ては彼(かの)女(じょ)に委(ゆだ)ね</c><3>られた</c><1></c>,全(すべ)ては彼(かの)女(じょ)に委(ゆだ)ねられた
41.892,42.126,56,-1,<1></c><2>全(すべ)ては彼(かの)女(じょ)に委(ゆだ)ねら</c><3>れた</c><1></c>,全(すべ)ては彼(かの)女(じょ)に委(ゆだ)ねられた
42.126,42.326,56,-1,<1></c><2>全(すべ)ては彼(かの)女(じょ)に委(ゆだ)ねられ</c><3>た</c><1></c>,全(すべ)ては彼(かの)女(じょ)に委(ゆだ)ねられた
42.326,42.626,56,-1,<1></c><2>全(すべ)ては彼(かの)女(じょ)に委(ゆだ)ねられた</c><1></c>,全(すべ)ては彼(かの)女(じょ)に委(ゆだ)ねられた
42.626,43.627,-1,-1,<1></c><2>oh</c><3>ohoh…</c><1></c>,ohohoh…
43.627,43.961,-1,-1,<1></c><2>ohoh</c><3>oh…</c><1></c>,ohohoh…
43.961,45.295,-1,-1,<1></c><2>ohohoh…</c><1></c>,ohohoh…
45.295,45.629,61,-1,<1></c><2>弱(よわ)</c><3>きを助(たす)け悪(あく)を成(せい)敗(ばい)</c><2>♡</c><1></c>,弱(よわ)きを助(たす)け悪(あく)を成(せい)敗(ばい)♡
45.629,45.796,61,-1,<1></c><2>弱(よわ)き</c><3>を助(たす)け悪(あく)を成(せい)敗(ばい)</c><2>♡</c><1></c>,弱(よわ)きを助(たす)け悪(あく)を成(せい)敗(ばい)♡
45.796,45.963,61,-1,<1></c><2>弱(よわ)きを</c><3>助(たす)け悪(あく)を成(せい)敗(ばい)</c><2>♡</c><1></c>,弱(よわ)きを助(たす)け悪(あく)を成(せい)敗(ばい)♡
45.963,46.263,61,-1,<1></c><2>弱(よわ)きを助(たす)</c><3>け悪(あく)を成(せい)敗(ばい)</c><2>♡</c><1></c>,弱(よわ)きを助(たす)け悪(あく)を成(せい)敗(ばい)♡
46.263,46.63,61,-1,<1></c><2>弱(よわ)きを助(たす)け</c><3>悪(あく)を成(せい)敗(ばい)</c><2>♡</c><1></c>,弱(よわ)きを助(たす)け悪(あく)を成(せい)敗(ばい)♡
46.63,46.93,61,-1,<1></c><2>弱(よわ)きを助(たす)け悪(あく)</c><3>を成(せい)敗(ばい)</c><2>♡</c><1></c>,弱(よわ)きを助(たす)け悪(あく)を成(せい)敗(ばい)♡
46.93,47.131,61,-1,<1></c><2>弱(よわ)きを助(たす)け悪(あく)を</c><3>成(せい)敗(ばい)</c><2>♡</c><1></c>,弱(よわ)きを助(たす)け悪(あく)を成(せい)敗(ばい)♡
47.131,47.431,61,-1,<1></c><2>弱(よわ)きを助(たす)け悪(あく)を成(せい)</c><3>敗(ばい)</c><2>♡</c><1></c>,弱(よわ)きを助(たす)け悪(あく)を成(せい)敗(ばい)♡
47.431,47.965,61,-1,<1></c><2>弱(よわ)きを助(たす)け悪(あく)を成(せい)敗(ばい)♡</c><1></c>,弱(よわ)きを助(たす)け悪(あく)を成(せい)敗(ばい)♡
47.965,48.932,-1,-1,<1></c><2>oh</c><3>ohoh…</c><1></c>,ohohoh…
48.932,49.333,-1,-1,<1></c><2>ohoh</c><3>oh…</c><1></c>,ohohoh…
49.333,50.601,-1,-1,<1></c><2>ohohoh…</c><1></c>,ohohoh…
50.601,50.768,-1,-1,<1></c><2>孤(こ)</c><3>独(どく)泣(な)かない戦(せん)士(し)</c><1></c>,孤(こ)独(どく)泣(な)かない戦(せん)士(し)
50.768,51.969,-1,-1,<1></c><2>孤(こ)独(どく)</c><3>泣(な)かない戦(せん)士(し)</c><1></c>,孤(こ)独(どく)泣(な)かない戦(せん)士(し)
51.969,52.102,-1,-1,<1></c><2>孤(こ)独(どく)泣(な)</c><3>かない戦(せん)士(し)</c><1></c>,孤(こ)独(どく)泣(な)かない戦(せん)士(し)
52.102,52.269,-1,-1,<1></c><2>孤(こ)独(どく)泣(な)か</c><3>ない戦(せん)士(し)</c><1></c>,孤(こ)独(どく)泣(な)かない戦(せん)士(し)
52.269,52.436,-1,-1,<1></c><2>孤(こ)独(どく)泣(な)かな</c><3>い戦(せん)士(し)</c><1></c>,孤(こ)独(どく)泣(な)かない戦(せん)士(し)
52.436,52.603,-1,-1,<1></c><2>孤(こ)独(どく)泣(な)かない</c><3>戦(せん)士(し)</c><1></c>,孤(こ)独(どく)泣(な)かない戦(せん)士(し)
52.603,52.936,-1,-1,<1></c><2>孤(こ)独(どく)泣(な)かない戦(せん)</c><3>士(し)</c><1></c>,孤(こ)独(どく)泣(な)かない戦(せん)士(し)
52.936,53.237,-1,-1,<1></c><2>孤(こ)独(どく)泣(な)かない戦(せん)士(し)</c><1></c>,孤(こ)独(どく)泣(な)かない戦(せん)士(し)
53.237,54.238,-1,-1,<1></c><2>oh</c><3>ohoh…</c><1></c>,ohohoh…
54.238,54.605,-1,-1,<1></c><2>ohoh</c><3>oh…</c><1></c>,ohohoh…
54.605,55.906,-1,-1,<1></c><2>ohohoh…</c><1></c>,ohohoh…
55.906,56.073,-1,-1,<1></c><2>ちょ</c><3>っぴりシャイな甘(あま)党(とう)だけど</c><1></c>,ちょっぴりシャイな甘(あま)党(とう)だけど
56.073,56.24,-1,-1,<1></c><2>ちょっ</c><3>ぴりシャイな甘(あま)党(とう)だけど</c><1></c>,ちょっぴりシャイな甘(あま)党(とう)だけど
56.24,56.407,-1,-1,<1></c><2>ちょっぴ</c><3>りシャイな甘(あま)党(とう)だけど</c><1></c>,ちょっぴりシャイな甘(あま)党(とう)だけど
56.407,56.607,-1,-1,<1></c><2>ちょっぴり</c><3>シャイな甘(あま)党(とう)だけど</c><1></c>,ちょっぴりシャイな甘(あま)党(とう)だけど
56.607,56.774,-1,-1,<1></c><2>ちょっぴりシャ</c><3>イな甘(あま)党(とう)だけど</c><1></c>,ちょっぴりシャイな甘(あま)党(とう)だけど
56.774,56.907,-1,-1,<1></c><2>ちょっぴりシャイ</c><3>な甘(あま)党(とう)だけど</c><1></c>,ちょっぴりシャイな甘(あま)党(とう)だけど
56.907,57.241,-1,-1,<1></c><2>ちょっぴりシャイな</c><3>甘(あま)党(とう)だけど</c><1></c>,ちょっぴりシャイな甘(あま)党(とう)だけど
57.241,57.574,-1,-1,<1></c><2>ちょっぴりシャイな甘(あま)</c><3>党(とう)だけど</c><1></c>,ちょっぴりシャイな甘(あま)党(とう)だけど
57.574,57.908,-1,-1,<1></c><2>ちょっぴりシャイな甘(あま)党(とう)</c><3>だけど</c><1></c>,ちょっぴりシャイな甘(あま)党(とう)だけど
57.908,58.075,-1,-1,<1></c><2>ちょっぴりシャイな甘(あま)党(とう)だ</c><3>けど</c><1></c>,ちょっぴりシャイな甘(あま)党(とう)だけど
58.075,58.242,-1,-1,<1></c><2>ちょっぴりシャイな甘(あま)党(とう)だけ</c><3>ど</c><1></c>,ちょっぴりシャイな甘(あま)党(とう)だけど
58.242,58.542,-1,-1,<1></c><2>ちょっぴりシャイな甘(あま)党(とう)だけど</c><1></c>,ちょっぴりシャイな甘(あま)党(とう)だけど
58.542,58.876,67,-1,<1></c><2>辛(から)</c><3>口(くち)なお仕(し)置(お)きが必(ひつ)要(よう)ね…</c><1></c>,辛(から)口(くち)なお仕(し)置(お)きが必(ひつ)要(よう)ね…
58.876,59.209,67,-1,<1></c><2>辛(から)口(くち)</c><3>なお仕(し)置(お)きが必(ひつ)要(よう)ね…</c><1></c>,辛(から)口(くち)なお仕(し)置(お)きが必(ひつ)要(よう)ね…
59.209,59.376,67,-1,<1></c><2>辛(から)口(くち)な</c><3>お仕(し)置(お)きが必(ひつ)要(よう)ね…</c><1></c>,辛(から)口(くち)なお仕(し)置(お)きが必(ひつ)要(よう)ね…
59.376,59.543,67,-1,<1></c><2>辛(から)口(くち)なお</c><3>仕(し)置(お)きが必(ひつ)要(よう)ね…</c><1></c>,辛(から)口(くち)なお仕(し)置(お)きが必(ひつ)要(よう)ね…
59.543,59.71,67,-1,<1></c><2>辛(から)口(くち)なお仕(し)</c><3>置(お)きが必(ひつ)要(よう)ね…</c><1></c>,辛(から)口(くち)なお仕(し)置(お)きが必(ひつ)要(よう)ね…
59.71,59.877,67,-1,<1></c><2>辛(から)口(くち)なお仕(し)置(お)</c><3>きが必(ひつ)要(よう)ね…</c><1></c>,辛(から)口(くち)なお仕(し)置(お)きが必(ひつ)要(よう)ね…
59.877,60.044,67,-1,<1></c><2>辛(から)口(くち)なお仕(し)置(お)き</c><3>が必(ひつ)要(よう)ね…</c><1></c>,辛(から)口(くち)なお仕(し)置(お)きが必(ひつ)要(よう)ね…
60.044,60.21,67,-1,<1></c><2>辛(から)口(くち)なお仕(し)置(お)きが</c><3>必(ひつ)要(よう)ね…</c><1></c>,辛(から)口(くち)なお仕(し)置(お)きが必(ひつ)要(よう)ね…
60.21,60.878,67,-1,<1></c><2>辛(から)口(くち)なお仕(し)置(お)きが必(ひつ)</c><3>要(よう)ね…</c><1></c>,辛(から)口(くち)なお仕(し)置(お)きが必(ひつ)要(よう)ね…
60.878,61.545,67,-1,<1></c><2>辛(から)口(くち)なお仕(し)置(お)きが必(ひつ)要(よう)</c><3>ね…</c><1></c>,辛(から)口(くち)なお仕(し)置(お)きが必(ひつ)要(よう)ね…
61.545,62.713,67,-1,<1></c><2>辛(から)口(くち)なお仕(し)置(お)きが必(ひつ)要(よう)ね…</c><1></c>,辛(から)口(くち)なお仕(し)置(お)きが必(ひつ)要(よう)ね…
62.713,62.88,-1,-1,<1></c><2>あ</c><3>なたには</c><1></c>,あなたには
62.88,63.047,-1,-1,<1></c><2>あな</c><3>たには</c><1></c>,あなたには
63.047,63.213,-1,-1,<1></c><2>あなた</c><3>には</c><1></c>,あなたには
63.213,63.347,-1,-1,<1></c><2>あなたに</c><3>は</c><1></c>,あなたには
63.347,63.714,-1,-1,<1></c><2>あなたには</c><1></c>,あなたには
64.214,64.548,-1,-1,<1></c><2>ハ</c><3>ート撃(う)て</c><1></c>,ハート撃(う)て
64.548,64.882,-1,-1,<1></c><2>ハー</c><3>ト撃(う)て</c><1></c>,ハート撃(う)て
64.882,65.182,-1,-1,<1></c><2>ハート</c><3>撃(う)て</c><1></c>,ハート撃(う)て
65.182,65.382,-1,-1,<1></c><2>ハート撃(う)</c><3>て</c><1></c>,ハート撃(う)て
65.382,66.85,-1,-1,<1></c><2>ハート撃(う)て</c><1></c>,ハート撃(う)て
65.682,65.849,-1,85,<1></c><2>（mo</c><3>tto</c><2>☆</c><3>motto）</c><1></c>,（motto☆motto）
65.849,66.016,-1,85,<1></c><2>（mot</c><3>to</c><2>☆</c><3>motto）</c><1></c>,（motto☆motto）
66.016,66.216,-1,85,<1></c><2>（motto☆</c><3>motto）</c><1></c>,（motto☆motto）
66.216,66.383,-1,85,<1></c><2>（motto☆mo</c><3>tto）</c><1></c>,（motto☆motto）
66.383,66.517,-1,85,<1></c><2>（motto☆mot</c><3>to）</c><1></c>,（motto☆motto）
66.517,66.85,-1,85,<1></c><2>（motto☆motto）</c><1></c>,（motto☆motto）
66.85,67.518,-1,-1,<1></c><2>狙(ねら)</c><3>い撃(う)て</c><1></c>,狙(ねら)い撃(う)て
67.518,67.818,-1,-1,<1></c><2>狙(ねら)い</c><3>撃(う)て</c><1></c>,狙(ねら)い撃(う)て
67.818,68.018,-1,-1,<1></c><2>狙(ねら)い撃(う)</c><3>て</c><1></c>,狙(ねら)い撃(う)て
68.018,69.486,-1,-1,<1></c><2>狙(ねら)い撃(う)て</c><1></c>,狙(ねら)い撃(う)て
68.352,68.519,-1,85,<1></c><2>（mo</c><3>tto</c><2>☆</c><3>motto）</c><1></c>,（motto☆motto）
68.519,68.685,-1,85,<1></c><2>（mot</c><3>to</c><2>☆</c><3>motto）</c><1></c>,（motto☆motto）
68.685,68.852,-1,85,<1></c><2>（motto☆</c><3>motto）</c><1></c>,（motto☆motto）
68.852,69.019,-1,85,<1></c><2>（motto☆mo</c><3>tto）</c><1></c>,（motto☆motto）
69.019,69.153,-1,85,<1></c><2>（motto☆mot</c><3>to）</c><1></c>,（motto☆motto）
69.153,69.486,-1,85,<1></c><2>（motto☆motto）</c><1></c>,（motto☆motto）
69.486,69.653,-1,-1,<1></c><2>ぶ</c><3>ちかまそう愛(あい)を謳(うた)おうぜ</c><1></c>,ぶちかまそう愛(あい)を謳(うた)おうぜ
69.653,69.82,-1,-1,<1></c><2>ぶち</c><3>かまそう愛(あい)を謳(うた)おうぜ</c><1></c>,ぶちかまそう愛(あい)を謳(うた)おうぜ
69.82,69.987,-1,-1,<1></c><2>ぶちか</c><3>まそう愛(あい)を謳(うた)おうぜ</c><1></c>,ぶちかまそう愛(あい)を謳(うた)おうぜ
69.987,70.154,-1,-1,<1></c><2>ぶちかま</c><3>そう愛(あい)を謳(うた)おうぜ</c><1></c>,ぶちかまそう愛(あい)を謳(うた)おうぜ
70.154,70.32,-1,-1,<1></c><2>ぶちかまそ</c><3>う愛(あい)を謳(うた)おうぜ</c><1></c>,ぶちかまそう愛(あい)を謳(うた)おうぜ
70.32,70.654,-1,-1,<1></c><2>ぶちかまそう</c><3>愛(あい)を謳(うた)おうぜ</c><1></c>,ぶちかまそう愛(あい)を謳(うた)おうぜ
70.654,71.121,-1,-1,<1></c><2>ぶちかまそう愛(あい)</c><3>を謳(うた)おうぜ</c><1></c>,ぶちかまそう愛(あい)を謳(うた)おうぜ
71.121,71.321,-1,-1,<1></c><2>ぶちかまそう愛(あい)を</c><3>謳(うた)おうぜ</c><1></c>,ぶちかまそう愛(あい)を謳(うた)おうぜ
71.321,71.655,-1,-1,<1></c><2>ぶちかまそう愛(あい)を謳(うた)</c><3>おうぜ</c><1></c>,ぶちかまそう愛(あい)を謳(うた)おうぜ
71.655,71.989,-1,-1,<1></c><2>ぶちかまそう愛(あい)を謳(うた)お</c><3>うぜ</c><1></c>,ぶちかまそう愛(あい)を謳(うた)おうぜ
71.989,72.122,-1,-1,<1></c><2>ぶちかまそう愛(あい)を謳(うた)おう</c><3>ぜ</c><1></c>,ぶちかまそう愛(あい)を謳(うた)おうぜ
72.122,73.357,-1,-1,<1></c><2>ぶちかまそう愛(あい)を謳(うた)おうぜ</c><1></c>,ぶちかまそう愛(あい)を謳(うた)おうぜ
73.357,73.657,-1,-1,<1></c><2>oh</c><3>ohohoh</c><1></c>,ohohohoh
73.657,74.024,-1,-1,<1></c><2>ohoh</c><3>ohoh</c><1></c>,ohohohoh
74.024,74.324,-1,-1,<1></c><2>ohohoh</c><3>oh</c><1></c>,ohohohoh
74.324,74.792,-1,-1,<1></c><2>ohohohoh</c><1></c>,ohohohoh
74.792,75.125,-1,-1,<1></c><2>み</c><3>こビーム</c><1></c>,みこビーム
75.125,75.459,-1,-1,<1></c><2>みこ</c><3>ビーム</c><1></c>,みこビーム
75.459,75.793,-1,-1,<1></c><2>みこビ</c><3>ーム</c><1></c>,みこビーム
75.793,75.959,-1,-1,<1></c><2>みこビー</c><3>ム</c><1></c>,みこビーム
75.959,77.461,-1,-1,<1></c><2>みこビーム</c><1></c>,みこビーム
76.293,76.46,-1,85,<1></c><2>（mo</c><3>tto</c><2>☆</c><3>motto）</c><1></c>,（motto☆motto）
76.46,76.627,-1,85,<1></c><2>（mot</c><3>to</c><2>☆</c><3>motto）</c><1></c>,（motto☆motto）
76.627,76.794,-1,85,<1></c><2>（motto☆</c><3>motto）</c><1></c>,（motto☆motto）
76.794,76.96,-1,85,<1></c><2>（motto☆mo</c><3>tto）</c><1></c>,（motto☆motto）
76.96,77.127,-1,85,<1></c><2>（motto☆mot</c><3>to）</c><1></c>,（motto☆motto）
77.127,77.461,-1,85,<1></c><2>（motto☆motto）</c><1></c>,（motto☆motto）
77.461,78.128,-1,-1,<1></c><2>乱(みだ)</c><3>れ撃(う)ち</c><1></c>,乱(みだ)れ撃(う)ち
78.128,78.462,-1,-1,<1></c><2>乱(みだ)れ</c><3>撃(う)ち</c><1></c>,乱(みだ)れ撃(う)ち
78.462,78.629,-1,-1,<1></c><2>乱(みだ)れ撃(う)</c><3>ち</c><1></c>,乱(みだ)れ撃(う)ち
78.629,80.097,-1,-1,<1></c><2>乱(みだ)れ撃(う)ち</c><1></c>,乱(みだ)れ撃(う)ち
78.962,79.129,-1,85,<1></c><2>（mo</c><3>tto</c><2>☆</c><3>motto）</c><1></c>,（motto☆motto）
79.129,79.296,-1,85,<1></c><2>（mot</c><3>to</c><2>☆</c><3>motto）</c><1></c>,（motto☆motto）
79.296,79.463,-1,85,<1></c><2>（motto☆</c><3>motto）</c><1></c>,（motto☆motto）
79.463,79.63,-1,85,<1></c><2>（motto☆mo</c><3>tto）</c><1></c>,（motto☆motto）
79.63,79.763,-1,85,<1></c><2>（motto☆mot</c><3>to）</c><1></c>,（motto☆motto）
79.763,80.097,-1,85,<1></c><2>（motto☆motto）</c><1></c>,（motto☆motto）
80.097,80.264,73,-1,<1></c><2>捨(す)</c><3>て身(み)覚(かく)悟(ご)予(よ)測(そく)は不(ふ)能(のう)</c><1></c>,捨(す)て身(み)覚(かく)悟(ご)予(よ)測(そく)は不(ふ)能(のう)
80.264,80.431,73,-1,<1></c><2>捨(す)て</c><3>身(み)覚(かく)悟(ご)予(よ)測(そく)は不(ふ)能(のう)</c><1></c>,捨(す)て身(み)覚(かく)悟(ご)予(よ)測(そく)は不(ふ)能(のう)
80.431,80.597,73,-1,<1></c><2>捨(す)て身(み)</c><3>覚(かく)悟(ご)予(よ)測(そく)は不(ふ)能(のう)</c><1></c>,捨(す)て身(み)覚(かく)悟(ご)予(よ)測(そく)は不(ふ)能(のう)
80.597,80.931,73,-1,<1></c><2>捨(す)て身(み)覚(かく)</c><3>悟(ご)予(よ)測(そく)は不(ふ)能(のう)</c><1></c>,捨(す)て身(み)覚(かく)悟(ご)予(よ)測(そく)は不(ふ)能(のう)
80.931,81.265,73,-1,<1></c><2>捨(す)て身(み)覚(かく)悟(ご)</c><3>予(よ)測(そく)は不(ふ)能(のう)</c><1></c>,捨(す)て身(み)覚(かく)悟(ご)予(よ)測(そく)は不(ふ)能(のう)
81.265,81.598,73,-1,<1></c><2>捨(す)て身(み)覚(かく)悟(ご)予(よ)</c><3>測(そく)は不(ふ)能(のう)</c><1></c>,捨(す)て身(み)覚(かく)悟(ご)予(よ)測(そく)は不(ふ)能(のう)
81.598,81.899,73,-1,<1></c><2>捨(す)て身(み)覚(かく)悟(ご)予(よ)測(そく)</c><3>は不(ふ)能(のう)</c><1></c>,捨(す)て身(み)覚(かく)悟(ご)予(よ)測(そく)は不(ふ)能(のう)
81.899,82.066,73,-1,<1></c><2>捨(す)て身(み)覚(かく)悟(ご)予(よ)測(そく)は</c><3>不(ふ)能(のう)</c><1></c>,捨(す)て身(み)覚(かく)悟(ご)予(よ)測(そく)は不(ふ)能(のう)
82.066,82.232,73,-1,<1></c><2>捨(す)て身(み)覚(かく)悟(ご)予(よ)測(そく)は不(ふ)</c><3>能(のう)</c><1></c>,捨(す)て身(み)覚(かく)悟(ご)予(よ)測(そく)は不(ふ)能(のう)
82.232,82.599,73,-1,<1></c><2>捨(す)て身(み)覚(かく)悟(ご)予(よ)測(そく)は不(ふ)能(のう)</c><1></c>,捨(す)て身(み)覚(かく)悟(ご)予(よ)測(そく)は不(ふ)能(のう)
82.599,83.267,-1,-1,<1></c><2>勝(しょう)</c><3>利(り)のいちごオレ</c><1></c>,勝(しょう)利(り)のいちごオレ
83.267,83.6,-1,-1,<1></c><2>勝(しょう)利(り)</c><3>のいちごオレ</c><1></c>,勝(しょう)利(り)のいちごオレ
83.6,83.934,-1,-1,<1></c><2>勝(しょう)利(り)の</c><3>いちごオレ</c><1></c>,勝(しょう)利(り)のいちごオレ
83.934,84.234,-1,-1,<1></c><2>勝(しょう)利(り)のい</c><3>ちごオレ</c><1></c>,勝(しょう)利(り)のいちごオレ
84.234,84.601,-1,-1,<1></c><2>勝(しょう)利(り)のいち</c><3>ごオレ</c><1></c>,勝(しょう)利(り)のいちごオレ
84.601,84.902,-1,-1,<1></c><2>勝(しょう)利(り)のいちご</c><3>オレ</c><1></c>,勝(しょう)利(り)のいちごオレ
84.902,85.402,-1,-1,<1></c><2>勝(しょう)利(り)のいちごオ</c><3>レ</c><1></c>,勝(しょう)利(り)のいちごオレ
85.402,87.438,-1,-1,<1></c><2>勝(しょう)利(り)のいちごオレ</c><1></c>,勝(しょう)利(り)のいちごオレ
96.013,96.513,-1,-1,<1></c><2>忠(ちゅう)</c><3>誠(せい)を誓(ちか)った</c><1></c>,忠(ちゅう)誠(せい)を誓(ちか)った
96.513,97.014,-1,-1,<1></c><2>忠(ちゅう)誠(せい)</c><3>を誓(ちか)った</c><1></c>,忠(ちゅう)誠(せい)を誓(ちか)った
97.014,97.481,-1,-1,<1></c><2>忠(ちゅう)誠(せい)を</c><3>誓(ちか)った</c><1></c>,忠(ちゅう)誠(せい)を誓(ちか)った
97.481,97.848,-1,-1,<1></c><2>忠(ちゅう)誠(せい)を誓(ちか)</c><3>った</c><1></c>,忠(ちゅう)誠(せい)を誓(ちか)った
97.848,98.015,-1,-1,<1></c><2>忠(ちゅう)誠(せい)を誓(ちか)っ</c><3>た</c><1></c>,忠(ちゅう)誠(せい)を誓(ちか)った
98.015,98.682,-1,-1,<1></c><2>忠(ちゅう)誠(せい)を誓(ちか)った</c><1></c>,忠(ちゅう)誠(せい)を誓(ちか)った
98.682,99.016,-1,-1,<1></c><2>ヴィ</c><3>ーナスに祈(いの)った</c><1></c>,ヴィーナスに祈(いの)った
99.016,99.183,-1,-1,<1></c><2>ヴィー</c><3>ナスに祈(いの)った</c><1></c>,ヴィーナスに祈(いの)った
99.183,99.516,-1,-1,<1></c><2>ヴィーナ</c><3>スに祈(いの)った</c><1></c>,ヴィーナスに祈(いの)った
99.516,99.683,-1,-1,<1></c><2>ヴィーナス</c><3>に祈(いの)った</c><1></c>,ヴィーナスに祈(いの)った
99.683,100.184,-1,-1,<1></c><2>ヴィーナスに</c><3>祈(いの)った</c><1></c>,ヴィーナスに祈(いの)った
100.184,100.517,-1,-1,<1></c><2>ヴィーナスに祈(いの)</c><3>った</c><1></c>,ヴィーナスに祈(いの)った
100.517,100.684,-1,-1,<1></c><2>ヴィーナスに祈(いの)っ</c><3>た</c><1></c>,ヴィーナスに祈(いの)った
100.684,101.318,-1,-1,<1></c><2>ヴィーナスに祈(いの)った</c><1></c>,ヴィーナスに祈(いの)った
101.318,101.652,-1,-1,<1></c><2>ワ</c><3>ルモノを裁(さば)いて</c><1></c>,ワルモノを裁(さば)いて
101.652,101.819,-1,-1,<1></c><2>ワル</c><3>モノを裁(さば)いて</c><1></c>,ワルモノを裁(さば)いて
101.819,102.152,-1,-1,<1></c><2>ワルモ</c><3>ノを裁(さば)いて</c><1></c>,ワルモノを裁(さば)いて
102.152,102.319,-1,-1,<1></c><2>ワルモノ</c><3>を裁(さば)いて</c><1></c>,ワルモノを裁(さば)いて
102.319,102.786,-1,-1,<1></c><2>ワルモノを</c><3>裁(さば)いて</c><1></c>,ワルモノを裁(さば)いて
102.786,103.12,-1,-1,<1></c><2>ワルモノを裁(さば)</c><3>いて</c><1></c>,ワルモノを裁(さば)いて
103.12,103.32,-1,-1,<1></c><2>ワルモノを裁(さば)い</c><3>て</c><1></c>,ワルモノを裁(さば)いて
103.32,103.62,-1,-1,<1></c><2>ワルモノを裁(さば)いて</c><1></c>,ワルモノを裁(さば)いて
103.62,103.787,-1,-1,<1></c><2>自(じ)</c><3>由(ゆう)を求(もと)めて戦(たたか)え！</c><1></c>,自(じ)由(ゆう)を求(もと)めて戦(たたか)え！
103.787,104.121,-1,-1,<1></c><2>自(じ)由(ゆう)</c><3>を求(もと)めて戦(たたか)え！</c><1></c>,自(じ)由(ゆう)を求(もと)めて戦(たたか)え！
104.121,104.288,-1,-1,<1></c><2>自(じ)由(ゆう)を</c><3>求(もと)めて戦(たたか)え！</c><1></c>,自(じ)由(ゆう)を求(もと)めて戦(たたか)え！
104.288,104.621,-1,-1,<1></c><2>自(じ)由(ゆう)を求(もと)</c><3>めて戦(たたか)え！</c><1></c>,自(じ)由(ゆう)を求(もと)めて戦(たたか)え！
104.621,104.788,-1,-1,<1></c><2>自(じ)由(ゆう)を求(もと)め</c><3>て戦(たたか)え！</c><1></c>,自(じ)由(ゆう)を求(もと)めて戦(たたか)え！
104.788,104.955,-1,-1,<1></c><2>自(じ)由(ゆう)を求(もと)めて</c><3>戦(たたか)え！</c><1></c>,自(じ)由(ゆう)を求(もと)めて戦(たたか)え！
104.955,105.622,-1,-1,<1></c><2>自(じ)由(ゆう)を求(もと)めて戦(たたか)</c><3>え！</c><1></c>,自(じ)由(ゆう)を求(もと)めて戦(たたか)え！
105.622,105.956,-1,-1,<1></c><2>自(じ)由(ゆう)を求(もと)めて戦(たたか)え！</c><1></c>,自(じ)由(ゆう)を求(もと)めて戦(たたか)え！
105.956,106.29,-1,-1,<1></c><2>oh</c><3>oh</c><1></c>,ohoh
106.29,106.623,-1,-1,<1></c><2>ohoh</c><1></c>,ohoh
106.623,106.957,-1,-1,<1></c><2>ピ</c><3>ンク色(いろ)纏(まと)った</c><1></c>,ピンク色(いろ)纏(まと)った
106.957,107.124,-1,-1,<1></c><2>ピン</c><3>ク色(いろ)纏(まと)った</c><1></c>,ピンク色(いろ)纏(まと)った
107.124,107.458,-1,-1,<1></c><2>ピンク</c><3>色(いろ)纏(まと)った</c><1></c>,ピンク色(いろ)纏(まと)った
107.458,108.092,-1,-1,<1></c><2>ピンク色(いろ)</c><3>纏(まと)った</c><1></c>,ピンク色(いろ)纏(まと)った
108.092,108.459,-1,-1,<1></c><2>ピンク色(いろ)纏(まと)</c><3>った</c><1></c>,ピンク色(いろ)纏(まと)った
108.459,108.592,-1,-1,<1></c><2>ピンク色(いろ)纏(まと)っ</c><3>た</c><1></c>,ピンク色(いろ)纏(まと)った
108.592,109.293,-1,-1,<1></c><2>ピンク色(いろ)纏(まと)った</c><1></c>,ピンク色(いろ)纏(まと)った
109.293,109.827,-1,-1,<1></c><2>傷(きず)</c><3>ついた美(び)少(しょう)女(じょ)</c><1></c>,傷(きず)ついた美(び)少(しょう)女(じょ)
109.827,110.127,-1,-1,<1></c><2>傷(きず)つ</c><3>いた美(び)少(しょう)女(じょ)</c><1></c>,傷(きず)ついた美(び)少(しょう)女(じょ)
110.127,110.26,-1,-1,<1></c><2>傷(きず)つい</c><3>た美(び)少(しょう)女(じょ)</c><1></c>,傷(きず)ついた美(び)少(しょう)女(じょ)
110.26,110.794,-1,-1,<1></c><2>傷(きず)ついた</c><3>美(び)少(しょう)女(じょ)</c><1></c>,傷(きず)ついた美(び)少(しょう)女(じょ)
110.794,110.928,-1,-1,<1></c><2>傷(きず)ついた美(び)</c><3>少(しょう)女(じょ)</c><1></c>,傷(きず)ついた美(び)少(しょう)女(じょ)
110.928,111.295,-1,-1,<1></c><2>傷(きず)ついた美(び)少(しょう)</c><3>女(じょ)</c><1></c>,傷(きず)ついた美(び)少(しょう)女(じょ)
111.295,111.929,-1,-1,<1></c><2>傷(きず)ついた美(び)少(しょう)女(じょ)</c><1></c>,傷(きず)ついた美(び)少(しょう)女(じょ)
111.929,112.429,-1,-1,<1></c><2>最(さい)</c><3>大(だい)のピンチ</c><1></c>,最(さい)大(だい)のピンチ
112.429,112.896,-1,-1,<1></c><2>最(さい)大(だい)</c><3>のピンチ</c><1></c>,最(さい)大(だい)のピンチ
112.896,113.397,-1,-1,<1></c><2>最(さい)大(だい)の</c><3>ピンチ</c><1></c>,最(さい)大(だい)のピンチ
113.397,113.564,-1,-1,<1></c><2>最(さい)大(だい)のピ</c><3>ンチ</c><1></c>,最(さい)大(だい)のピンチ
113.564,113.864,-1,-1,<1></c><2>最(さい)大(だい)のピン</c><3>チ</c><1></c>,最(さい)大(だい)のピンチ
113.864,114.264,-1,-1,<1></c><2>最(さい)大(だい)のピンチ</c><1></c>,最(さい)大(だい)のピンチ
114.264,114.598,-1,-1,<1></c><2>全(すべ)</c><3>ての願(ねが)いが委(ゆだ)ねられた</c><1></c>,全(すべ)ての願(ねが)いが委(ゆだ)ねられた
114.598,114.765,-1,-1,<1></c><2>全(すべ)て</c><3>の願(ねが)いが委(ゆだ)ねられた</c><1></c>,全(すべ)ての願(ねが)いが委(ゆだ)ねられた
114.765,114.932,-1,-1,<1></c><2>全(すべ)ての</c><3>願(ねが)いが委(ゆだ)ねられた</c><1></c>,全(すべ)ての願(ねが)いが委(ゆだ)ねられた
114.932,115.265,-1,-1,<1></c><2>全(すべ)ての願(ねが)</c><3>いが委(ゆだ)ねられた</c><1></c>,全(すべ)ての願(ねが)いが委(ゆだ)ねられた
115.265,115.432,-1,-1,<1></c><2>全(すべ)ての願(ねが)い</c><3>が委(ゆだ)ねられた</c><1></c>,全(すべ)ての願(ねが)いが委(ゆだ)ねられた
115.432,115.599,-1,-1,<1></c><2>全(すべ)ての願(ねが)いが</c><3>委(ゆだ)ねられた</c><1></c>,全(すべ)ての願(ねが)いが委(ゆだ)ねられた
115.599,115.899,-1,-1,<1></c><2>全(すべ)ての願(ねが)いが委(ゆだ)</c><3>ねられた</c><1></c>,全(すべ)ての願(ねが)いが委(ゆだ)ねられた
115.899,116.166,-1,-1,<1></c><2>全(すべ)ての願(ねが)いが委(ゆだ)ね</c><3>られた</c><1></c>,全(すべ)ての願(ねが)いが委(ゆだ)ねられた
116.166,116.4,-1,-1,<1></c><2>全(すべ)ての願(ねが)いが委(ゆだ)ねら</c><3>れた</c><1></c>,全(すべ)ての願(ねが)いが委(ゆだ)ねられた
116.4,116.6,-1,-1,<1></c><2>全(すべ)ての願(ねが)いが委(ゆだ)ねられ</c><3>た</c><1></c>,全(すべ)ての願(ねが)いが委(ゆだ)ねられた
116.6,116.9,-1,-1,<1></c><2>全(すべ)ての願(ねが)いが委(ゆだ)ねられた</c><1></c>,全(すべ)ての願(ねが)いが委(ゆだ)ねられた
116.9,117.868,-1,-1,<1></c><2>oh</c><3>ohoh…</c><1></c>,ohohoh…
117.868,118.235,-1,-1,<1></c><2>ohoh</c><3>oh…</c><1></c>,ohohoh…
118.235,119.503,-1,-1,<1></c><2>ohohoh…</c><1></c>,ohohoh…
119.503,119.903,59,-1,<1></c><2>辛(つら)</c><3>い時(とき)こそ笑(え)顔(がお)を見(み)せて</c><1></c>,辛(つら)い時(とき)こそ笑(え)顔(がお)を見(み)せて
119.903,120.07,59,-1,<1></c><2>辛(つら)い</c><3>時(とき)こそ笑(え)顔(がお)を見(み)せて</c><1></c>,辛(つら)い時(とき)こそ笑(え)顔(がお)を見(み)せて
120.07,120.37,59,-1,<1></c><2>辛(つら)い時(とき)</c><3>こそ笑(え)顔(がお)を見(み)せて</c><1></c>,辛(つら)い時(とき)こそ笑(え)顔(がお)を見(み)せて
120.37,120.571,59,-1,<1></c><2>辛(つら)い時(とき)こ</c><3>そ笑(え)顔(がお)を見(み)せて</c><1></c>,辛(つら)い時(とき)こそ笑(え)顔(がお)を見(み)せて
120.571,120.871,59,-1,<1></c><2>辛(つら)い時(とき)こそ</c><3>笑(え)顔(がお)を見(み)せて</c><1></c>,辛(つら)い時(とき)こそ笑(え)顔(がお)を見(み)せて
120.871,121.038,59,-1,<1></c><2>辛(つら)い時(とき)こそ笑(え)</c><3>顔(がお)を見(み)せて</c><1></c>,辛(つら)い時(とき)こそ笑(え)顔(がお)を見(み)せて
121.038,121.371,59,-1,<1></c><2>辛(つら)い時(とき)こそ笑(え)顔(がお)</c><3>を見(み)せて</c><1></c>,辛(つら)い時(とき)こそ笑(え)顔(がお)を見(み)せて
121.371,121.538,59,-1,<1></c><2>辛(つら)い時(とき)こそ笑(え)顔(がお)を</c><3>見(み)せて</c><1></c>,辛(つら)い時(とき)こそ笑(え)顔(がお)を見(み)せて
121.538,121.738,59,-1,<1></c><2>辛(つら)い時(とき)こそ笑(え)顔(がお)を見(み)</c><3>せて</c><1></c>,辛(つら)い時(とき)こそ笑(え)顔(がお)を見(み)せて
121.738,121.872,59,-1,<1></c><2>辛(つら)い時(とき)こそ笑(え)顔(がお)を見(み)せ</c><3>て</c><1></c>,辛(つら)い時(とき)こそ笑(え)顔(がお)を見(み)せて
121.872,122.206,59,-1,<1></c><2>辛(つら)い時(とき)こそ笑(え)顔(がお)を見(み)せて</c><1></c>,辛(つら)い時(とき)こそ笑(え)顔(がお)を見(み)せて
122.206,123.173,-1,-1,<1></c><2>oh</c><3>ohoh…</c><1></c>,ohohoh…
123.173,123.54,-1,-1,<1></c><2>ohoh</c><3>oh…</c><1></c>,ohohoh…
123.54,124.842,-1,-1,<1></c><2>ohohoh…</c><1></c>,ohohoh…
124.842,125.209,-1,-1,<1></c><2>窮(きゅう)</c><3>鼠(そ)猫(ねこ)を噛(か)みます</c><1></c>,窮(きゅう)鼠(そ)猫(ねこ)を噛(か)みます
125.209,126.176,-1,-1,<1></c><2>窮(きゅう)鼠(そ)</c><3>猫(ねこ)を噛(か)みます</c><1></c>,窮(きゅう)鼠(そ)猫(ねこ)を噛(か)みます
126.176,126.477,-1,-1,<1></c><2>窮(きゅう)鼠(そ)猫(ねこ)</c><3>を噛(か)みます</c><1></c>,窮(きゅう)鼠(そ)猫(ねこ)を噛(か)みます
126.477,126.677,-1,-1,<1></c><2>窮(きゅう)鼠(そ)猫(ねこ)を</c><3>噛(か)みます</c><1></c>,窮(きゅう)鼠(そ)猫(ねこ)を噛(か)みます
126.677,126.844,-1,-1,<1></c><2>窮(きゅう)鼠(そ)猫(ねこ)を噛(か)</c><3>みます</c><1></c>,窮(きゅう)鼠(そ)猫(ねこ)を噛(か)みます
126.844,126.977,-1,-1,<1></c><2>窮(きゅう)鼠(そ)猫(ねこ)を噛(か)み</c><3>ます</c><1></c>,窮(きゅう)鼠(そ)猫(ねこ)を噛(か)みます
126.977,127.144,-1,-1,<1></c><2>窮(きゅう)鼠(そ)猫(ねこ)を噛(か)みま</c><3>す</c><1></c>,窮(きゅう)鼠(そ)猫(ねこ)を噛(か)みます
127.144,127.511,-1,-1,<1></c><2>窮(きゅう)鼠(そ)猫(ねこ)を噛(か)みます</c><1></c>,窮(きゅう)鼠(そ)猫(ねこ)を噛(か)みます
127.511,128.479,-1,-1,<1></c><2>oh</c><3>ohoh…</c><1></c>,ohohoh…
128.479,128.846,-1,-1,<1></c><2>ohoh</c><3>oh…</c><1></c>,ohohoh…
128.846,130.147,-1,-1,<1></c><2>ohohoh…</c><1></c>,ohohoh…
130.147,130.314,-1,-1,<1></c><2>ガ</c><3>ッカリさせないヒロインだから</c><1></c>,ガッカリさせないヒロインだから
130.314,130.481,-1,-1,<1></c><2>ガッ</c><3>カリさせないヒロインだから</c><1></c>,ガッカリさせないヒロインだから
130.481,130.647,-1,-1,<1></c><2>ガッカ</c><3>リさせないヒロインだから</c><1></c>,ガッカリさせないヒロインだから
130.647,130.814,-1,-1,<1></c><2>ガッカリ</c><3>させないヒロインだから</c><1></c>,ガッカリさせないヒロインだから
130.814,130.981,-1,-1,<1></c><2>ガッカリさ</c><3>せないヒロインだから</c><1></c>,ガッカリさせないヒロインだから
130.981,131.148,-1,-1,<1></c><2>ガッカリさせ</c><3>ないヒロインだから</c><1></c>,ガッカリさせないヒロインだから
131.148,131.315,-1,-1,<1></c><2>ガッカリさせな</c><3>いヒロインだから</c><1></c>,ガッカリさせないヒロインだから
131.315,131.482,-1,-1,<1></c><2>ガッカリさせない</c><3>ヒロインだから</c><1></c>,ガッカリさせないヒロインだから
131.482,131.648,-1,-1,<1></c><2>ガッカリさせないヒ</c><3>ロインだから</c><1></c>,ガッカリさせないヒロインだから
131.648,131.815,-1,-1,<1></c><2>ガッカリさせないヒロ</c><3>インだから</c><1></c>,ガッカリさせないヒロインだから
131.815,131.982,-1,-1,<1></c><2>ガッカリさせないヒロイ</c><3>ンだから</c><1></c>,ガッカリさせないヒロインだから
131.982,132.149,-1,-1,<1></c><2>ガッカリさせないヒロイン</c><3>だから</c><1></c>,ガッカリさせないヒロインだから
132.149,132.316,-1,-1,<1></c><2>ガッカリさせないヒロインだ</c><3>から</c><1></c>,ガッカリさせないヒロインだから
132.316,132.483,-1,-1,<1></c><2>ガッカリさせないヒロインだか</c><3>ら</c><1></c>,ガッカリさせないヒロインだから
132.483,132.816,-1,-1,<1></c><2>ガッカリさせないヒロインだから</c><1></c>,ガッカリさせないヒロインだから
132.816,132.983,58,-1,<1></c><2>二(に)</c><3>度(ど)と悪(わる)ささせない捕(つか)まえた…</c><1></c>,二(に)度(ど)と悪(わる)ささせない捕(つか)まえた…
132.983,133.15,58,-1,<1></c><2>二(に)度(ど)</c><3>と悪(わる)ささせない捕(つか)まえた…</c><1></c>,二(に)度(ど)と悪(わる)ささせない捕(つか)まえた…
133.15,133.317,58,-1,<1></c><2>二(に)度(ど)と</c><3>悪(わる)ささせない捕(つか)まえた…</c><1></c>,二(に)度(ど)と悪(わる)ささせない捕(つか)まえた…
133.317,133.65,58,-1,<1></c><2>二(に)度(ど)と悪(わる)</c><3>ささせない捕(つか)まえた…</c><1></c>,二(に)度(ど)と悪(わる)ささせない捕(つか)まえた…
133.65,133.817,58,-1,<1></c><2>二(に)度(ど)と悪(わる)さ</c><3>させない捕(つか)まえた…</c><1></c>,二(に)度(ど)と悪(わる)ささせない捕(つか)まえた…
133.817,133.984,58,-1,<1></c><2>二(に)度(ど)と悪(わる)ささ</c><3>せない捕(つか)まえた…</c><1></c>,二(に)度(ど)と悪(わる)ささせない捕(つか)まえた…
133.984,134.151,58,-1,<1></c><2>二(に)度(ど)と悪(わる)ささせ</c><3>ない捕(つか)まえた…</c><1></c>,二(に)度(ど)と悪(わる)ささせない捕(つか)まえた…
134.151,134.318,58,-1,<1></c><2>二(に)度(ど)と悪(わる)ささせな</c><3>い捕(つか)まえた…</c><1></c>,二(に)度(ど)と悪(わる)ささせない捕(つか)まえた…
134.318,134.451,58,-1,<1></c><2>二(に)度(ど)と悪(わる)ささせない</c><3>捕(つか)まえた…</c><1></c>,二(に)度(ど)と悪(わる)ささせない捕(つか)まえた…
134.451,135.119,58,-1,<1></c><2>二(に)度(ど)と悪(わる)ささせない捕(つか)</c><3>まえた…</c><1></c>,二(に)度(ど)と悪(わる)ささせない捕(つか)まえた…
135.119,135.452,58,-1,<1></c><2>二(に)度(ど)と悪(わる)ささせない捕(つか)ま</c><3>えた…</c><1></c>,二(に)度(ど)と悪(わる)ささせない捕(つか)まえた…
135.452,135.786,58,-1,<1></c><2>二(に)度(ど)と悪(わる)ささせない捕(つか)まえ</c><3>た…</c><1></c>,二(に)度(ど)と悪(わる)ささせない捕(つか)まえた…
135.786,137.087,58,-1,<1></c><2>二(に)度(ど)と悪(わる)ささせない捕(つか)まえた…</c><1></c>,二(に)度(ど)と悪(わる)ささせない捕(つか)まえた…
137.087,137.221,-1,-1,<1></c><2>お</c><3>しまいよ</c><1></c>,おしまいよ
137.221,137.354,-1,-1,<1></c><2>おし</c><3>まいよ</c><1></c>,おしまいよ
137.354,137.454,-1,-1,<1></c><2>おしま</c><3>いよ</c><1></c>,おしまいよ
137.454,137.554,-1,-1,<1></c><2>おしまい</c><3>よ</c><1></c>,おしまいよ
137.554,137.788,-1,-1,<1></c><2>おしまいよ</c><1></c>,おしまいよ
138.455,138.755,-1,-1,<1></c><2>ど</c><3>派(は)手(で)にね</c><1></c>,ど派(は)手(で)にね
138.755,139.123,-1,-1,<1></c><2>ど派(は)</c><3>手(で)にね</c><1></c>,ど派(は)手(で)にね
139.123,139.456,-1,-1,<1></c><2>ど派(は)手(で)</c><3>にね</c><1></c>,ど派(は)手(で)にね
139.456,139.59,-1,-1,<1></c><2>ど派(は)手(で)に</c><3>ね</c><1></c>,ど派(は)手(で)にね
139.59,141.091,-1,-1,<1></c><2>ど派(は)手(で)にね</c><1></c>,ど派(は)手(で)にね
139.957,140.124,-1,85,<1></c><2>（mo</c><3>tto</c><2>☆</c><3>motto）</c><1></c>,（motto☆motto）
140.124,140.29,-1,85,<1></c><2>（mot</c><3>to</c><2>☆</c><3>motto）</c><1></c>,（motto☆motto）
140.29,140.457,-1,85,<1></c><2>（motto☆</c><3>motto）</c><1></c>,（motto☆motto）
140.457,140.624,-1,85,<1></c><2>（motto☆mo</c><3>tto）</c><1></c>,（motto☆motto）
140.624,140.791,-1,85,<1></c><2>（motto☆mot</c><3>to）</c><1></c>,（motto☆motto）
140.791,141.091,-1,85,<1></c><2>（motto☆motto）</c><1></c>,（motto☆motto）
141.091,142.092,-1,-1,<1></c><2>可愛(かわい)</c><3>くね</c><1></c>,可愛(かわい)くね
142.092,142.259,-1,-1,<1></c><2>可愛(かわい)く</c><3>ね</c><1></c>,可愛(かわい)くね
142.259,143.727,-1,-1,<1></c><2>可愛(かわい)くね</c><1></c>,可愛(かわい)くね
142.559,142.726,-1,85,<1></c><2>（mo</c><3>tto</c><2>☆</c><3>motto）</c><1></c>,（motto☆motto）
142.726,142.893,-1,85,<1></c><2>（mot</c><3>to</c><2>☆</c><3>motto）</c><1></c>,（motto☆motto）
142.893,143.093,-1,85,<1></c><2>（motto☆</c><3>motto）</c><1></c>,（motto☆motto）
143.093,143.26,-1,85,<1></c><2>（motto☆mo</c><3>tto）</c><1></c>,（motto☆motto）
143.26,143.427,-1,85,<1></c><2>（motto☆mot</c><3>to）</c><1></c>,（motto☆motto）
143.427,143.727,-1,85,<1></c><2>（motto☆motto）</c><1></c>,（motto☆motto）
143.727,144.061,70,-1,<1></c><2>全(ぜん)</c><3>人(じん)類(るい)打(う)ち上(あ)げろ花(はな)火(び)</c><1></c>,全(ぜん)人(じん)類(るい)打(う)ち上(あ)げろ花(はな)火(び)
144.061,144.394,70,-1,<1></c><2>全(ぜん)人(じん)</c><3>類(るい)打(う)ち上(あ)げろ花(はな)火(び)</c><1></c>,全(ぜん)人(じん)類(るい)打(う)ち上(あ)げろ花(はな)火(び)
144.394,144.895,70,-1,<1></c><2>全(ぜん)人(じん)類(るい)</c><3>打(う)ち上(あ)げろ花(はな)火(び)</c><1></c>,全(ぜん)人(じん)類(るい)打(う)ち上(あ)げろ花(はな)火(び)
144.895,145.262,70,-1,<1></c><2>全(ぜん)人(じん)類(るい)打(う)</c><3>ち上(あ)げろ花(はな)火(び)</c><1></c>,全(ぜん)人(じん)類(るい)打(う)ち上(あ)げろ花(はな)火(び)
145.262,145.362,70,-1,<1></c><2>全(ぜん)人(じん)類(るい)打(う)ち</c><3>上(あ)げろ花(はな)火(び)</c><1></c>,全(ぜん)人(じん)類(るい)打(う)ち上(あ)げろ花(はな)火(び)
145.362,145.562,70,-1,<1></c><2>全(ぜん)人(じん)類(るい)打(う)ち上(あ)</c><3>げろ花(はな)火(び)</c><1></c>,全(ぜん)人(じん)類(るい)打(う)ち上(あ)げろ花(はな)火(び)
145.562,145.729,70,-1,<1></c><2>全(ぜん)人(じん)類(るい)打(う)ち上(あ)げ</c><3>ろ花(はな)火(び)</c><1></c>,全(ぜん)人(じん)類(るい)打(う)ち上(あ)げろ花(はな)火(び)
145.729,145.896,70,-1,<1></c><2>全(ぜん)人(じん)類(るい)打(う)ち上(あ)げろ</c><3>花(はな)火(び)</c><1></c>,全(ぜん)人(じん)類(るい)打(う)ち上(あ)げろ花(はな)火(び)
145.896,146.396,70,-1,<1></c><2>全(ぜん)人(じん)類(るい)打(う)ち上(あ)げろ花(はな)</c><3>火(び)</c><1></c>,全(ぜん)人(じん)類(るい)打(う)ち上(あ)げろ花(はな)火(び)
146.396,147.564,70,-1,<1></c><2>全(ぜん)人(じん)類(るい)打(う)ち上(あ)げろ花(はな)火(び)</c><1></c>,全(ぜん)人(じん)類(るい)打(う)ち上(あ)げろ花(はな)火(び)
147.564,147.898,-1,-1,<1></c><2>oh</c><3>ohohoh</c><1></c>,ohohohoh
147.898,148.232,-1,-1,<1></c><2>ohoh</c><3>ohoh</c><1></c>,ohohohoh
148.232,148.565,-1,-1,<1></c><2>ohohoh</c><3>oh</c><1></c>,ohohohoh
148.565,149.032,-1,-1,<1></c><2>ohohohoh</c><1></c>,ohohohoh
149.032,149.366,-1,-1,<1></c><2>み</c><3>こウィンク</c><1></c>,みこウィンク
149.366,149.7,-1,-1,<1></c><2>みこ</c><3>ウィンク</c><1></c>,みこウィンク
149.7,150.033,-1,-1,<1></c><2>みこウィ</c><3>ンク</c><1></c>,みこウィンク
150.033,150.2,-1,-1,<1></c><2>みこウィン</c><3>ク</c><1></c>,みこウィンク
150.2,151.702,-1,-1,<1></c><2>みこウィンク</c><1></c>,みこウィンク
150.534,150.701,-1,85,<1></c><2>（mo</c><3>tto</c><2>☆</c><3>motto）</c><1></c>,（motto☆motto）
150.701,150.868,-1,85,<1></c><2>（mot</c><3>to</c><2>☆</c><3>motto）</c><1></c>,（motto☆motto）
150.868,151.034,-1,85,<1></c><2>（motto☆</c><3>motto）</c><1></c>,（motto☆motto）
151.034,151.201,-1,85,<1></c><2>（motto☆mo</c><3>tto）</c><1></c>,（motto☆motto）
151.201,151.368,-1,85,<1></c><2>（motto☆mot</c><3>to）</c><1></c>,（motto☆motto）
151.368,151.702,-1,85,<1></c><2>（motto☆motto）</c><1></c>,（motto☆motto）
151.702,152.369,-1,-1,<1></c><2>愛(あい)</c><3>してね</c><1></c>,愛(あい)してね
152.369,152.703,-1,-1,<1></c><2>愛(あい)し</c><3>てね</c><1></c>,愛(あい)してね
152.703,152.87,-1,-1,<1></c><2>愛(あい)して</c><3>ね</c><1></c>,愛(あい)してね
152.87,154.338,-1,-1,<1></c><2>愛(あい)してね</c><1></c>,愛(あい)してね
153.203,153.37,-1,85,<1></c><2>（mo</c><3>tto</c><2>☆</c><3>motto）</c><1></c>,（motto☆motto）
153.37,153.537,-1,85,<1></c><2>（mot</c><3>to</c><2>☆</c><3>motto）</c><1></c>,（motto☆motto）
153.537,153.704,-1,85,<1></c><2>（motto☆</c><3>motto）</c><1></c>,（motto☆motto）
153.704,153.871,-1,85,<1></c><2>（motto☆mo</c><3>tto）</c><1></c>,（motto☆motto）
153.871,154.037,-1,85,<1></c><2>（motto☆mot</c><3>to）</c><1></c>,（motto☆motto）
154.037,154.338,-1,85,<1></c><2>（motto☆motto）</c><1></c>,（motto☆motto）
154.338,154.671,64,-1,<1></c><2>最(さい)</c><3>強(きょう)だよ一(いっ)騎(き)当(とう)千(せん)</c><1></c>,最(さい)強(きょう)だよ一(いっ)騎(き)当(とう)千(せん)
154.671,155.005,64,-1,<1></c><2>最(さい)強(きょう)</c><3>だよ一(いっ)騎(き)当(とう)千(せん)</c><1></c>,最(さい)強(きょう)だよ一(いっ)騎(き)当(とう)千(せん)
155.005,155.205,64,-1,<1></c><2>最(さい)強(きょう)だ</c><3>よ一(いっ)騎(き)当(とう)千(せん)</c><1></c>,最(さい)強(きょう)だよ一(いっ)騎(き)当(とう)千(せん)
155.205,155.506,64,-1,<1></c><2>最(さい)強(きょう)だよ</c><3>一(いっ)騎(き)当(とう)千(せん)</c><1></c>,最(さい)強(きょう)だよ一(いっ)騎(き)当(とう)千(せん)
155.506,155.839,64,-1,<1></c><2>最(さい)強(きょう)だよ一(いっ)</c><3>騎(き)当(とう)千(せん)</c><1></c>,最(さい)強(きょう)だよ一(いっ)騎(き)当(とう)千(せん)
155.839,156.006,64,-1,<1></c><2>最(さい)強(きょう)だよ一(いっ)騎(き)</c><3>当(とう)千(せん)</c><1></c>,最(さい)強(きょう)だよ一(いっ)騎(き)当(とう)千(せん)
156.006,156.34,64,-1,<1></c><2>最(さい)強(きょう)だよ一(いっ)騎(き)当(とう)</c><3>千(せん)</c><1></c>,最(さい)強(きょう)だよ一(いっ)騎(き)当(とう)千(せん)
156.34,156.84,64,-1,<1></c><2>最(さい)強(きょう)だよ一(いっ)騎(き)当(とう)千(せん)</c><1></c>,最(さい)強(きょう)だよ一(いっ)騎(き)当(とう)千(せん)
156.84,157.508,-1,-1,<1></c><2>回(かい)</c><3>復(ふく)ミルクティー</c><1></c>,回(かい)復(ふく)ミルクティー
157.508,158.142,-1,-1,<1></c><2>回(かい)復(ふく)</c><3>ミルクティー</c><1></c>,回(かい)復(ふく)ミルクティー
158.142,158.509,-1,-1,<1></c><2>回(かい)復(ふく)ミ</c><3>ルクティー</c><1></c>,回(かい)復(ふく)ミルクティー
158.509,158.842,-1,-1,<1></c><2>回(かい)復(ふく)ミル</c><3>クティー</c><1></c>,回(かい)復(ふく)ミルクティー
158.842,159.176,-1,-1,<1></c><2>回(かい)復(ふく)ミルク</c><3>ティー</c><1></c>,回(かい)復(ふく)ミルクティー
159.176,159.51,-1,-1,<1></c><2>回(かい)復(ふく)ミルクティ</c><3>ー</c><1></c>,回(かい)復(ふく)ミルクティー
159.51,162.312,-1,-1,<1></c><2>回(かい)復(ふく)ミルクティー</c><1></c>,回(かい)復(ふく)ミルクティー
164.615,165.315,-1,-1,<1></c><2>yeah</c><1></c>,yeah
170.287,171.121,-1,-1,<1></c><2>光(ひかり)</c><3>の裏(うら)には</c><1></c>,光(ひかり)の裏(うら)には
171.121,171.588,-1,-1,<1></c><2>光(ひかり)の</c><3>裏(うら)には</c><1></c>,光(ひかり)の裏(うら)には
171.588,171.922,-1,-1,<1></c><2>光(ひかり)の裏(うら)</c><3>には</c><1></c>,光(ひかり)の裏(うら)には
171.922,172.122,-1,-1,<1></c><2>光(ひかり)の裏(うら)に</c><3>は</c><1></c>,光(ひかり)の裏(うら)には
172.122,172.923,-1,-1,<1></c><2>光(ひかり)の裏(うら)には</c><1></c>,光(ひかり)の裏(うら)には
172.923,173.423,-1,-1,<1></c><2>影(かげ)</c><3>が生(う)まれる</c><1></c>,影(かげ)が生(う)まれる
173.423,174.091,-1,-1,<1></c><2>影(かげ)が</c><3>生(う)まれる</c><1></c>,影(かげ)が生(う)まれる
174.091,174.258,-1,-1,<1></c><2>影(かげ)が生(う)</c><3>まれる</c><1></c>,影(かげ)が生(う)まれる
174.258,174.424,-1,-1,<1></c><2>影(かげ)が生(う)ま</c><3>れる</c><1></c>,影(かげ)が生(う)まれる
174.424,174.591,-1,-1,<1></c><2>影(かげ)が生(う)まれ</c><3>る</c><1></c>,影(かげ)が生(う)まれる
174.591,175.559,-1,-1,<1></c><2>影(かげ)が生(う)まれる</c><1></c>,影(かげ)が生(う)まれる
175.559,176.093,58,-1,<1></c><2>休(きゅう)</c><3>息(そく)ない美(び)少(しょう)女(じょ)</c><1></c>,休(きゅう)息(そく)ない美(び)少(しょう)女(じょ)
176.093,176.56,58,-1,<1></c><2>休(きゅう)息(そく)</c><3>ない美(び)少(しょう)女(じょ)</c><1></c>,休(きゅう)息(そく)ない美(び)少(しょう)女(じょ)
176.56,176.693,58,-1,<1></c><2>休(きゅう)息(そく)な</c><3>い美(び)少(しょう)女(じょ)</c><1></c>,休(きゅう)息(そく)ない美(び)少(しょう)女(じょ)
176.693,177.06,58,-1,<1></c><2>休(きゅう)息(そく)ない</c><3>美(び)少(しょう)女(じょ)</c><1></c>,休(きゅう)息(そく)ない美(び)少(しょう)女(じょ)
177.06,177.227,58,-1,<1></c><2>休(きゅう)息(そく)ない美(び)</c><3>少(しょう)女(じょ)</c><1></c>,休(きゅう)息(そく)ない美(び)少(しょう)女(じょ)
177.227,177.561,58,-1,<1></c><2>休(きゅう)息(そく)ない美(び)少(しょう)</c><3>女(じょ)</c><1></c>,休(きゅう)息(そく)ない美(び)少(しょう)女(じょ)
177.561,177.895,58,-1,<1></c><2>休(きゅう)息(そく)ない美(び)少(しょう)女(じょ)</c><1></c>,休(きゅう)息(そく)ない美(び)少(しょう)女(じょ)
177.895,178.061,-1,-1,<1></c><2>ま</c><3>た聞(き)こえる聞(き)こえる</c><1></c>,また聞(き)こえる聞(き)こえる
178.061,178.228,-1,-1,<1></c><2>また</c><3>聞(き)こえる聞(き)こえる</c><1></c>,また聞(き)こえる聞(き)こえる
178.228,178.395,-1,-1,<1></c><2>また聞(き)</c><3>こえる聞(き)こえる</c><1></c>,また聞(き)こえる聞(き)こえる
178.395,178.729,-1,-1,<1></c><2>また聞(き)こ</c><3>える聞(き)こえる</c><1></c>,また聞(き)こえる聞(き)こえる
178.729,179.062,-1,-1,<1></c><2>また聞(き)こえ</c><3>る聞(き)こえる</c><1></c>,また聞(き)こえる聞(き)こえる
179.062,179.363,-1,-1,<1></c><2>また聞(き)こえる</c><3>聞(き)こえる</c><1></c>,また聞(き)こえる聞(き)こえる
179.363,179.696,-1,-1,<1></c><2>また聞(き)こえる聞(き)</c><3>こえる</c><1></c>,また聞(き)こえる聞(き)こえる
179.696,180.03,-1,-1,<1></c><2>また聞(き)こえる聞(き)こ</c><3>える</c><1></c>,また聞(き)こえる聞(き)こえる
180.03,180.397,-1,-1,<1></c><2>また聞(き)こえる聞(き)こえ</c><3>る</c><1></c>,また聞(き)こえる聞(き)こえる
180.397,180.731,-1,-1,<1></c><2>また聞(き)こえる聞(き)こえる</c><1></c>,また聞(き)こえる聞(き)こえる
180.731,181.398,-1,-1,<1></c><2>祈(いの)</c><3>りが</c><1></c>,祈(いの)りが
181.398,181.698,-1,-1,<1></c><2>祈(いの)り</c><3>が</c><1></c>,祈(いの)りが
181.698,182.199,-1,-1,<1></c><2>祈(いの)りが</c><1></c>,祈(いの)りが
183.534,183.901,-1,-1,<1></c><2>ハ</c><3>ート撃(う)て</c><1></c>,ハート撃(う)て
183.901,184.201,-1,-1,<1></c><2>ハー</c><3>ト撃(う)て</c><1></c>,ハート撃(う)て
184.201,184.501,-1,-1,<1></c><2>ハート</c><3>撃(う)て</c><1></c>,ハート撃(う)て
184.501,184.701,-1,-1,<1></c><2>ハート撃(う)</c><3>て</c><1></c>,ハート撃(う)て
184.701,186.17,-1,-1,<1></c><2>ハート撃(う)て</c><1></c>,ハート撃(う)て
185.002,185.169,-1,85,<1></c><2>（mo</c><3>tto</c><2>☆</c><3>motto）</c><1></c>,（motto☆motto）
185.169,185.335,-1,85,<1></c><2>（mot</c><3>to</c><2>☆</c><3>motto）</c><1></c>,（motto☆motto）
185.335,185.536,-1,85,<1></c><2>（motto☆</c><3>motto）</c><1></c>,（motto☆motto）
185.536,185.702,-1,85,<1></c><2>（motto☆mo</c><3>tto）</c><1></c>,（motto☆motto）
185.702,185.836,-1,85,<1></c><2>（motto☆mot</c><3>to）</c><1></c>,（motto☆motto）
185.836,186.17,-1,85,<1></c><2>（motto☆motto）</c><1></c>,（motto☆motto）
186.17,186.837,-1,-1,<1></c><2>狙(ねら)</c><3>い撃(う)て</c><1></c>,狙(ねら)い撃(う)て
186.837,187.171,-1,-1,<1></c><2>狙(ねら)い</c><3>撃(う)て</c><1></c>,狙(ねら)い撃(う)て
187.171,187.337,-1,-1,<1></c><2>狙(ねら)い撃(う)</c><3>て</c><1></c>,狙(ねら)い撃(う)て
187.337,188.805,-1,-1,<1></c><2>狙(ねら)い撃(う)て</c><1></c>,狙(ねら)い撃(う)て
187.671,187.838,-1,85,<1></c><2>（mo</c><3>tto</c><2>☆</c><3>motto）</c><1></c>,（motto☆motto）
187.838,188.005,-1,85,<1></c><2>（mot</c><3>to</c><2>☆</c><3>motto）</c><1></c>,（motto☆motto）
188.005,188.172,-1,85,<1></c><2>（motto☆</c><3>motto）</c><1></c>,（motto☆motto）
188.172,188.338,-1,85,<1></c><2>（motto☆mo</c><3>tto）</c><1></c>,（motto☆motto）
188.338,188.472,-1,85,<1></c><2>（motto☆mot</c><3>to）</c><1></c>,（motto☆motto）
188.472,188.805,-1,85,<1></c><2>（motto☆motto）</c><1></c>,（motto☆motto）
188.805,188.972,-1,-1,<1></c><2>ぶ</c><3>ちかまそう愛(あい)を謳(うた)おうぜ</c><1></c>,ぶちかまそう愛(あい)を謳(うた)おうぜ
188.972,189.139,-1,-1,<1></c><2>ぶち</c><3>かまそう愛(あい)を謳(うた)おうぜ</c><1></c>,ぶちかまそう愛(あい)を謳(うた)おうぜ
189.139,189.306,-1,-1,<1></c><2>ぶちか</c><3>まそう愛(あい)を謳(うた)おうぜ</c><1></c>,ぶちかまそう愛(あい)を謳(うた)おうぜ
189.306,189.473,-1,-1,<1></c><2>ぶちかま</c><3>そう愛(あい)を謳(うた)おうぜ</c><1></c>,ぶちかまそう愛(あい)を謳(うた)おうぜ
189.473,189.64,-1,-1,<1></c><2>ぶちかまそ</c><3>う愛(あい)を謳(うた)おうぜ</c><1></c>,ぶちかまそう愛(あい)を謳(うた)おうぜ
189.64,189.973,-1,-1,<1></c><2>ぶちかまそう</c><3>愛(あい)を謳(うた)おうぜ</c><1></c>,ぶちかまそう愛(あい)を謳(うた)おうぜ
189.973,190.44,-1,-1,<1></c><2>ぶちかまそう愛(あい)</c><3>を謳(うた)おうぜ</c><1></c>,ぶちかまそう愛(あい)を謳(うた)おうぜ
190.44,190.641,-1,-1,<1></c><2>ぶちかまそう愛(あい)を</c><3>謳(うた)おうぜ</c><1></c>,ぶちかまそう愛(あい)を謳(うた)おうぜ
190.641,190.974,-1,-1,<1></c><2>ぶちかまそう愛(あい)を謳(うた)</c><3>おうぜ</c><1></c>,ぶちかまそう愛(あい)を謳(うた)おうぜ
190.974,191.308,-1,-1,<1></c><2>ぶちかまそう愛(あい)を謳(うた)お</c><3>うぜ</c><1></c>,ぶちかまそう愛(あい)を謳(うた)おうぜ
191.308,191.475,-1,-1,<1></c><2>ぶちかまそう愛(あい)を謳(うた)おう</c><3>ぜ</c><1></c>,ぶちかまそう愛(あい)を謳(うた)おうぜ
191.475,192.643,-1,-1,<1></c><2>ぶちかまそう愛(あい)を謳(うた)おうぜ</c><1></c>,ぶちかまそう愛(あい)を謳(うた)おうぜ
192.643,192.976,-1,-1,<1></c><2>oh</c><3>ohohoh</c><1></c>,ohohohoh
192.976,193.31,-1,-1,<1></c><2>ohoh</c><3>ohoh</c><1></c>,ohohohoh
193.31,193.61,-1,-1,<1></c><2>ohohoh</c><3>oh</c><1></c>,ohohohoh
193.61,194.111,-1,-1,<1></c><2>ohohohoh</c><1></c>,ohohohoh
194.111,194.444,-1,-1,<1></c><2>み</c><3>こビーム</c><1></c>,みこビーム
194.444,194.778,-1,-1,<1></c><2>みこ</c><3>ビーム</c><1></c>,みこビーム
194.778,195.112,-1,-1,<1></c><2>みこビ</c><3>ーム</c><1></c>,みこビーム
195.112,195.279,-1,-1,<1></c><2>みこビー</c><3>ム</c><1></c>,みこビーム
195.279,196.78,-1,-1,<1></c><2>みこビーム</c><1></c>,みこビーム
195.646,195.812,-1,85,<1></c><2>（mo</c><3>tto</c><2>☆</c><3>motto）</c><1></c>,（motto☆motto）
195.812,195.979,-1,85,<1></c><2>（mot</c><3>to</c><2>☆</c><3>motto）</c><1></c>,（motto☆motto）
195.979,196.146,-1,85,<1></c><2>（motto☆</c><3>motto）</c><1></c>,（motto☆motto）
196.146,196.313,-1,85,<1></c><2>（motto☆mo</c><3>tto）</c><1></c>,（motto☆motto）
196.313,196.48,-1,85,<1></c><2>（motto☆mot</c><3>to）</c><1></c>,（motto☆motto）
196.48,196.78,-1,85,<1></c><2>（motto☆motto）</c><1></c>,（motto☆motto）
196.78,197.447,-1,-1,<1></c><2>乱(みだ)</c><3>れ撃(う)ち</c><1></c>,乱(みだ)れ撃(う)ち
197.447,197.781,-1,-1,<1></c><2>乱(みだ)れ</c><3>撃(う)ち</c><1></c>,乱(みだ)れ撃(う)ち
197.781,197.915,-1,-1,<1></c><2>乱(みだ)れ撃(う)</c><3>ち</c><1></c>,乱(みだ)れ撃(う)ち
197.915,199.416,-1,-1,<1></c><2>乱(みだ)れ撃(う)ち</c><1></c>,乱(みだ)れ撃(う)ち
198.282,198.448,-1,85,<1></c><2>（mo</c><3>tto</c><2>☆</c><3>motto）</c><1></c>,（motto☆motto）
198.448,198.649,-1,85,<1></c><2>（mot</c><3>to</c><2>☆</c><3>motto）</c><1></c>,（motto☆motto）
198.649,198.782,-1,85,<1></c><2>（motto☆</c><3>motto）</c><1></c>,（motto☆motto）
198.782,198.949,-1,85,<1></c><2>（motto☆mo</c><3>tto）</c><1></c>,（motto☆motto）
198.949,199.116,-1,85,<1></c><2>（motto☆mot</c><3>to）</c><1></c>,（motto☆motto）
199.116,199.416,-1,85,<1></c><2>（motto☆motto）</c><1></c>,（motto☆motto）
199.416,199.583,73,-1,<1></c><2>捨(す)</c><3>て身(み)覚(かく)悟(ご)予(よ)測(そく)は不(ふ)能(のう)</c><1></c>,捨(す)て身(み)覚(かく)悟(ご)予(よ)測(そく)は不(ふ)能(のう)
199.583,199.75,73,-1,<1></c><2>捨(す)て</c><3>身(み)覚(かく)悟(ご)予(よ)測(そく)は不(ふ)能(のう)</c><1></c>,捨(す)て身(み)覚(かく)悟(ご)予(よ)測(そく)は不(ふ)能(のう)
199.75,199.917,73,-1,<1></c><2>捨(す)て身(み)</c><3>覚(かく)悟(ご)予(よ)測(そく)は不(ふ)能(のう)</c><1></c>,捨(す)て身(み)覚(かく)悟(ご)予(よ)測(そく)は不(ふ)能(のう)
199.917,200.284,73,-1,<1></c><2>捨(す)て身(み)覚(かく)</c><3>悟(ご)予(よ)測(そく)は不(ふ)能(のう)</c><1></c>,捨(す)て身(み)覚(かく)悟(ご)予(よ)測(そく)は不(ふ)能(のう)
200.284,200.584,73,-1,<1></c><2>捨(す)て身(み)覚(かく)悟(ご)</c><3>予(よ)測(そく)は不(ふ)能(のう)</c><1></c>,捨(す)て身(み)覚(かく)悟(ご)予(よ)測(そく)は不(ふ)能(のう)
200.584,200.918,73,-1,<1></c><2>捨(す)て身(み)覚(かく)悟(ご)予(よ)</c><3>測(そく)は不(ふ)能(のう)</c><1></c>,捨(す)て身(み)覚(かく)悟(ご)予(よ)測(そく)は不(ふ)能(のう)
200.918,201.251,73,-1,<1></c><2>捨(す)て身(み)覚(かく)悟(ご)予(よ)測(そく)</c><3>は不(ふ)能(のう)</c><1></c>,捨(す)て身(み)覚(かく)悟(ご)予(よ)測(そく)は不(ふ)能(のう)
201.251,201.418,73,-1,<1></c><2>捨(す)て身(み)覚(かく)悟(ご)予(よ)測(そく)は</c><3>不(ふ)能(のう)</c><1></c>,捨(す)て身(み)覚(かく)悟(ご)予(よ)測(そく)は不(ふ)能(のう)
201.418,201.585,73,-1,<1></c><2>捨(す)て身(み)覚(かく)悟(ご)予(よ)測(そく)は不(ふ)</c><3>能(のう)</c><1></c>,捨(す)て身(み)覚(かく)悟(ご)予(よ)測(そく)は不(ふ)能(のう)
201.585,201.919,73,-1,<1></c><2>捨(す)て身(み)覚(かく)悟(ご)予(よ)測(そく)は不(ふ)能(のう)</c><1></c>,捨(す)て身(み)覚(かく)悟(ご)予(よ)測(そく)は不(ふ)能(のう)
201.919,202.586,-1,-1,<1></c><2>勝(しょう)</c><3>利(り)のいちごオレ</c><1></c>,勝(しょう)利(り)のいちごオレ
202.586,202.92,-1,-1,<1></c><2>勝(しょう)利(り)</c><3>のいちごオレ</c><1></c>,勝(しょう)利(り)のいちごオレ
202.92,203.253,-1,-1,<1></c><2>勝(しょう)利(り)の</c><3>いちごオレ</c><1></c>,勝(しょう)利(り)のいちごオレ
203.253,203.554,-1,-1,<1></c><2>勝(しょう)利(り)のい</c><3>ちごオレ</c><1></c>,勝(しょう)利(り)のいちごオレ
203.554,203.921,-1,-1,<1></c><2>勝(しょう)利(り)のいち</c><3>ごオレ</c><1></c>,勝(しょう)利(り)のいちごオレ
203.921,204.221,-1,-1,<1></c><2>勝(しょう)利(り)のいちご</c><3>オレ</c><1></c>,勝(しょう)利(り)のいちごオレ
204.221,204.721,-1,-1,<1></c><2>勝(しょう)利(り)のいちごオ</c><3>レ</c><1></c>,勝(しょう)利(り)のいちごオレ
204.721,207.491,-1,-1,<1></c><2>勝(しょう)利(り)のいちごオレ</c><1></c>,勝(しょう)利(り)のいちごオレ
209.726,212.696,-1,-1,<1></c><2>ah</c><1></c>,ah
