start,end,position,line,text,unformatted
1.352,12.296,-1,0,<1></c><2>nowonstep／角巻わため</c><1></c>,nowonstep／角巻わため
1.352,4.088,-1,-1,<1></c><2>作詞：佐藤陽介</c><1></c>,作詞：佐藤陽介
4.088,6.824,-1,-1,<1></c><2>作曲：佐藤陽介</c><1></c>,作曲：佐藤陽介
6.824,9.56,-1,-1,<1></c><2>編曲：佐藤陽介</c><1></c>,編曲：佐藤陽介
9.56,12.296,-1,-1,<1></c><2>歌唱：角巻わため</c><1></c>,歌唱：角巻わため
12.429,12.629,-1,-1,<1></c><2>ス</c><3>レスレ波(なみ)打(うつ)カップの上(うえ)</c><1></c>,スレスレ波(なみ)打(うつ)カップの上(うえ)
12.629,12.997,-1,-1,<1></c><2>スレ</c><3>スレ波(なみ)打(うつ)カップの上(うえ)</c><1></c>,スレスレ波(なみ)打(うつ)カップの上(うえ)
12.997,13.163,-1,-1,<1></c><2>スレス</c><3>レ波(なみ)打(うつ)カップの上(うえ)</c><1></c>,スレスレ波(なみ)打(うつ)カップの上(うえ)
13.163,13.464,-1,-1,<1></c><2>スレスレ</c><3>波(なみ)打(うつ)カップの上(うえ)</c><1></c>,スレスレ波(なみ)打(うつ)カップの上(うえ)
13.464,13.864,-1,-1,<1></c><2>スレスレ波(なみ)</c><3>打(うつ)カップの上(うえ)</c><1></c>,スレスレ波(なみ)打(うつ)カップの上(うえ)
13.864,14.198,-1,-1,<1></c><2>スレスレ波(なみ)打(うつ)</c><3>カップの上(うえ)</c><1></c>,スレスレ波(なみ)打(うつ)カップの上(うえ)
14.198,14.365,-1,-1,<1></c><2>スレスレ波(なみ)打(うつ)カ</c><3>ップの上(うえ)</c><1></c>,スレスレ波(なみ)打(うつ)カップの上(うえ)
14.365,14.698,-1,-1,<1></c><2>スレスレ波(なみ)打(うつ)カッ</c><3>プの上(うえ)</c><1></c>,スレスレ波(なみ)打(うつ)カップの上(うえ)
14.698,14.865,-1,-1,<1></c><2>スレスレ波(なみ)打(うつ)カップ</c><3>の上(うえ)</c><1></c>,スレスレ波(なみ)打(うつ)カップの上(うえ)
14.865,15.065,-1,-1,<1></c><2>スレスレ波(なみ)打(うつ)カップの</c><3>上(うえ)</c><1></c>,スレスレ波(なみ)打(うつ)カップの上(うえ)
15.065,15.399,-1,-1,<1></c><2>スレスレ波(なみ)打(うつ)カップの上(うえ)</c><1></c>,スレスレ波(なみ)打(うつ)カップの上(うえ)
17.968,18.135,-1,-1,<1></c><2>ズ</c><3>レズレもつれた拍(ひょう)子(し)の上(うえ)</c><1></c>,ズレズレもつれた拍(ひょう)子(し)の上(うえ)
18.135,18.502,-1,-1,<1></c><2>ズレ</c><3>ズレもつれた拍(ひょう)子(し)の上(うえ)</c><1></c>,ズレズレもつれた拍(ひょう)子(し)の上(うえ)
18.502,18.669,-1,-1,<1></c><2>ズレズ</c><3>レもつれた拍(ひょう)子(し)の上(うえ)</c><1></c>,ズレズレもつれた拍(ひょう)子(し)の上(うえ)
18.669,18.969,-1,-1,<1></c><2>ズレズレ</c><3>もつれた拍(ひょう)子(し)の上(うえ)</c><1></c>,ズレズレもつれた拍(ひょう)子(し)の上(うえ)
18.969,19.169,-1,-1,<1></c><2>ズレズレも</c><3>つれた拍(ひょう)子(し)の上(うえ)</c><1></c>,ズレズレもつれた拍(ひょう)子(し)の上(うえ)
19.169,19.336,-1,-1,<1></c><2>ズレズレもつ</c><3>れた拍(ひょう)子(し)の上(うえ)</c><1></c>,ズレズレもつれた拍(ひょう)子(し)の上(うえ)
19.336,19.503,-1,-1,<1></c><2>ズレズレもつれ</c><3>た拍(ひょう)子(し)の上(うえ)</c><1></c>,ズレズレもつれた拍(ひょう)子(し)の上(うえ)
19.503,19.703,-1,-1,<1></c><2>ズレズレもつれた</c><3>拍(ひょう)子(し)の上(うえ)</c><1></c>,ズレズレもつれた拍(ひょう)子(し)の上(うえ)
19.703,20.204,-1,-1,<1></c><2>ズレズレもつれた拍(ひょう)</c><3>子(し)の上(うえ)</c><1></c>,ズレズレもつれた拍(ひょう)子(し)の上(うえ)
20.204,20.404,-1,-1,<1></c><2>ズレズレもつれた拍(ひょう)子(し)</c><3>の上(うえ)</c><1></c>,ズレズレもつれた拍(ひょう)子(し)の上(うえ)
20.404,20.537,-1,-1,<1></c><2>ズレズレもつれた拍(ひょう)子(し)の</c><3>上(うえ)</c><1></c>,ズレズレもつれた拍(ひょう)子(し)の上(うえ)
20.537,20.871,-1,-1,<1></c><2>ズレズレもつれた拍(ひょう)子(し)の上(うえ)</c><1></c>,ズレズレもつれた拍(ひょう)子(し)の上(うえ)
23.44,23.607,-1,-1,<1></c><2>ド</c><3>ドドドドドライブして</c><1></c>,ドドドドドドライブして
23.607,23.807,-1,-1,<1></c><2>ドド</c><3>ドドドドライブして</c><1></c>,ドドドドドドライブして
23.807,23.974,-1,-1,<1></c><2>ドドド</c><3>ドドドライブして</c><1></c>,ドドドドドドライブして
23.974,24.141,-1,-1,<1></c><2>ドドドド</c><3>ドドライブして</c><1></c>,ドドドドドドライブして
24.141,24.475,-1,-1,<1></c><2>ドドドドド</c><3>ドライブして</c><1></c>,ドドドドドドライブして
24.475,24.641,-1,-1,<1></c><2>ドドドドドド</c><3>ライブして</c><1></c>,ドドドドドドライブして
24.641,24.842,-1,-1,<1></c><2>ドドドドドドラ</c><3>イブして</c><1></c>,ドドドドドドライブして
24.842,24.975,-1,-1,<1></c><2>ドドドドドドライ</c><3>ブして</c><1></c>,ドドドドドドライブして
24.975,25.075,-1,-1,<1></c><2>ドドドドドドライブ</c><3>して</c><1></c>,ドドドドドドライブして
25.075,25.175,-1,-1,<1></c><2>ドドドドドドライブし</c><3>て</c><1></c>,ドドドドドドライブして
25.175,26.21,-1,-1,<1></c><2>ドドドドドドライブして</c><1></c>,ドドドドドドライブして
26.21,26.377,-1,-1,<1></c><2>ギ</c><3>ギギギギギア入(い)れて</c><1></c>,ギギギギギギア入(い)れて
26.377,26.577,-1,-1,<1></c><2>ギギ</c><3>ギギギギア入(い)れて</c><1></c>,ギギギギギギア入(い)れて
26.577,26.71,-1,-1,<1></c><2>ギギギ</c><3>ギギギア入(い)れて</c><1></c>,ギギギギギギア入(い)れて
26.71,26.877,-1,-1,<1></c><2>ギギギギ</c><3>ギギア入(い)れて</c><1></c>,ギギギギギギア入(い)れて
26.877,27.244,-1,-1,<1></c><2>ギギギギギ</c><3>ギア入(い)れて</c><1></c>,ギギギギギギア入(い)れて
27.244,27.411,-1,-1,<1></c><2>ギギギギギギ</c><3>ア入(い)れて</c><1></c>,ギギギギギギア入(い)れて
27.411,27.578,-1,-1,<1></c><2>ギギギギギギア</c><3>入(い)れて</c><1></c>,ギギギギギギア入(い)れて
27.578,27.745,-1,-1,<1></c><2>ギギギギギギア入(い)</c><3>れて</c><1></c>,ギギギギギギア入(い)れて
27.745,27.911,-1,-1,<1></c><2>ギギギギギギア入(い)れ</c><3>て</c><1></c>,ギギギギギギア入(い)れて
27.911,28.946,-1,-1,<1></c><2>ギギギギギギア入(い)れて</c><1></c>,ギギギギギギア入(い)れて
28.946,29.113,-1,-1,<1></c><2>パ</c><3>パパパっと片(かた)付(づ)けて</c><1></c>,パパパパっと片(かた)付(づ)けて
29.113,29.279,-1,-1,<1></c><2>パパ</c><3>パパっと片(かた)付(づ)けて</c><1></c>,パパパパっと片(かた)付(づ)けて
29.279,29.48,-1,-1,<1></c><2>パパパ</c><3>パっと片(かた)付(づ)けて</c><1></c>,パパパパっと片(かた)付(づ)けて
29.48,29.613,-1,-1,<1></c><2>パパパパ</c><3>っと片(かた)付(づ)けて</c><1></c>,パパパパっと片(かた)付(づ)けて
29.613,29.813,-1,-1,<1></c><2>パパパパっ</c><3>と片(かた)付(づ)けて</c><1></c>,パパパパっと片(かた)付(づ)けて
29.813,29.98,-1,-1,<1></c><2>パパパパっと</c><3>片(かた)付(づ)けて</c><1></c>,パパパパっと片(かた)付(づ)けて
29.98,30.314,-1,-1,<1></c><2>パパパパっと片(かた)</c><3>付(づ)けて</c><1></c>,パパパパっと片(かた)付(づ)けて
30.314,30.481,-1,-1,<1></c><2>パパパパっと片(かた)付(づ)</c><3>けて</c><1></c>,パパパパっと片(かた)付(づ)けて
30.481,30.647,-1,-1,<1></c><2>パパパパっと片(かた)付(づ)け</c><3>て</c><1></c>,パパパパっと片(かた)付(づ)けて
30.647,31.148,-1,-1,<1></c><2>パパパパっと片(かた)付(づ)けて</c><1></c>,パパパパっと片(かた)付(づ)けて
31.148,31.315,-1,-1,<1></c><2>さ</c><3>ぁ踊(おど)りましょう</c><1></c>,さぁ踊(おど)りましょう
31.315,31.482,-1,-1,<1></c><2>さぁ</c><3>踊(おど)りましょう</c><1></c>,さぁ踊(おど)りましょう
31.482,32.182,-1,-1,<1></c><2>さぁ踊(おど)</c><3>りましょう</c><1></c>,さぁ踊(おど)りましょう
32.182,32.516,-1,-1,<1></c><2>さぁ踊(おど)り</c><3>ましょう</c><1></c>,さぁ踊(おど)りましょう
32.516,32.85,-1,-1,<1></c><2>さぁ踊(おど)りま</c><3>しょう</c><1></c>,さぁ踊(おど)りましょう
32.85,32.983,-1,-1,<1></c><2>さぁ踊(おど)りましょ</c><3>う</c><1></c>,さぁ踊(おど)りましょう
32.983,33.417,-1,-1,<1></c><2>さぁ踊(おど)りましょう</c><1></c>,さぁ踊(おど)りましょう
33.417,33.751,-1,-1,<1></c><2>誰(だれ)</c><3>よりも没(ぼっ)頭(とう)もっと</c><1></c>,誰(だれ)よりも没(ぼっ)頭(とう)もっと
33.751,33.917,-1,-1,<1></c><2>誰(だれ)よ</c><3>りも没(ぼっ)頭(とう)もっと</c><1></c>,誰(だれ)よりも没(ぼっ)頭(とう)もっと
33.917,34.084,-1,-1,<1></c><2>誰(だれ)より</c><3>も没(ぼっ)頭(とう)もっと</c><1></c>,誰(だれ)よりも没(ぼっ)頭(とう)もっと
34.084,34.284,-1,-1,<1></c><2>誰(だれ)よりも</c><3>没(ぼっ)頭(とう)もっと</c><1></c>,誰(だれ)よりも没(ぼっ)頭(とう)もっと
34.284,34.618,-1,-1,<1></c><2>誰(だれ)よりも没(ぼっ)</c><3>頭(とう)もっと</c><1></c>,誰(だれ)よりも没(ぼっ)頭(とう)もっと
34.618,35.119,-1,-1,<1></c><2>誰(だれ)よりも没(ぼっ)頭(とう)</c><3>もっと</c><1></c>,誰(だれ)よりも没(ぼっ)頭(とう)もっと
35.119,35.285,-1,-1,<1></c><2>誰(だれ)よりも没(ぼっ)頭(とう)も</c><3>っと</c><1></c>,誰(だれ)よりも没(ぼっ)頭(とう)もっと
35.285,35.452,-1,-1,<1></c><2>誰(だれ)よりも没(ぼっ)頭(とう)もっ</c><3>と</c><1></c>,誰(だれ)よりも没(ぼっ)頭(とう)もっと
35.452,36.12,-1,-1,<1></c><2>誰(だれ)よりも没(ぼっ)頭(とう)もっと</c><1></c>,誰(だれ)よりも没(ぼっ)頭(とう)もっと
36.12,36.487,-1,-1,<1></c><2>点(てん)</c><3>々(てん)はドットドット</c><1></c>,点(てん)々(てん)はドットドット
36.487,36.82,-1,-1,<1></c><2>点(てん)々(てん)</c><3>はドットドット</c><1></c>,点(てん)々(てん)はドットドット
36.82,36.987,-1,-1,<1></c><2>点(てん)々(てん)は</c><3>ドットドット</c><1></c>,点(てん)々(てん)はドットドット
36.987,37.154,-1,-1,<1></c><2>点(てん)々(てん)はド</c><3>ットドット</c><1></c>,点(てん)々(てん)はドットドット
37.154,37.321,-1,-1,<1></c><2>点(てん)々(てん)はドッ</c><3>トドット</c><1></c>,点(てん)々(てん)はドットドット
37.321,37.855,-1,-1,<1></c><2>点(てん)々(てん)はドット</c><3>ドット</c><1></c>,点(てん)々(てん)はドットドット
37.855,38.022,-1,-1,<1></c><2>点(てん)々(てん)はドットド</c><3>ット</c><1></c>,点(てん)々(てん)はドットドット
38.022,38.188,-1,-1,<1></c><2>点(てん)々(てん)はドットドッ</c><3>ト</c><1></c>,点(てん)々(てん)はドットドット
38.188,38.889,-1,-1,<1></c><2>点(てん)々(てん)はドットドット</c><1></c>,点(てん)々(てん)はドットドット
38.889,39.223,-1,-1,<1></c><2>今(いま)</c><3>すぐにダイビング飛(と)び込(こ)んでけ</c><1></c>,今(いま)すぐにダイビング飛(と)び込(こ)んでけ
39.223,39.423,-1,-1,<1></c><2>今(いま)す</c><3>ぐにダイビング飛(と)び込(こ)んでけ</c><1></c>,今(いま)すぐにダイビング飛(と)び込(こ)んでけ
39.423,39.59,-1,-1,<1></c><2>今(いま)すぐ</c><3>にダイビング飛(と)び込(こ)んでけ</c><1></c>,今(いま)すぐにダイビング飛(と)び込(こ)んでけ
39.59,39.757,-1,-1,<1></c><2>今(いま)すぐに</c><3>ダイビング飛(と)び込(こ)んでけ</c><1></c>,今(いま)すぐにダイビング飛(と)び込(こ)んでけ
39.757,40.257,-1,-1,<1></c><2>今(いま)すぐにダ</c><3>イビング飛(と)び込(こ)んでけ</c><1></c>,今(いま)すぐにダイビング飛(と)び込(こ)んでけ
40.257,40.424,-1,-1,<1></c><2>今(いま)すぐにダイ</c><3>ビング飛(と)び込(こ)んでけ</c><1></c>,今(いま)すぐにダイビング飛(と)び込(こ)んでけ
40.424,40.591,-1,-1,<1></c><2>今(いま)すぐにダイビ</c><3>ング飛(と)び込(こ)んでけ</c><1></c>,今(いま)すぐにダイビング飛(と)び込(こ)んでけ
40.591,40.758,-1,-1,<1></c><2>今(いま)すぐにダイビン</c><3>グ飛(と)び込(こ)んでけ</c><1></c>,今(いま)すぐにダイビング飛(と)び込(こ)んでけ
40.758,40.958,-1,-1,<1></c><2>今(いま)すぐにダイビング</c><3>飛(と)び込(こ)んでけ</c><1></c>,今(いま)すぐにダイビング飛(と)び込(こ)んでけ
40.958,41.125,-1,-1,<1></c><2>今(いま)すぐにダイビング飛(と)</c><3>び込(こ)んでけ</c><1></c>,今(いま)すぐにダイビング飛(と)び込(こ)んでけ
41.125,41.458,-1,-1,<1></c><2>今(いま)すぐにダイビング飛(と)び</c><3>込(こ)んでけ</c><1></c>,今(いま)すぐにダイビング飛(と)び込(こ)んでけ
41.458,41.792,-1,-1,<1></c><2>今(いま)すぐにダイビング飛(と)び込(こ)</c><3>んでけ</c><1></c>,今(いま)すぐにダイビング飛(と)び込(こ)んでけ
41.792,41.992,-1,-1,<1></c><2>今(いま)すぐにダイビング飛(と)び込(こ)ん</c><3>でけ</c><1></c>,今(いま)すぐにダイビング飛(と)び込(こ)んでけ
41.992,42.292,-1,-1,<1></c><2>今(いま)すぐにダイビング飛(と)び込(こ)んで</c><3>け</c><1></c>,今(いま)すぐにダイビング飛(と)び込(こ)んでけ
42.292,44.028,-1,-1,<1></c><2>今(いま)すぐにダイビング飛(と)び込(こ)んでけ</c><1></c>,今(いま)すぐにダイビング飛(と)び込(こ)んでけ
44.028,44.194,-1,-1,<1></c><2>ダ</c><3>ダダダダダダ</c><1></c>,ダダダダダダダ
44.194,44.361,-1,-1,<1></c><2>ダダ</c><3>ダダダダダ</c><1></c>,ダダダダダダダ
44.361,44.528,-1,-1,<1></c><2>ダダダ</c><3>ダダダダ</c><1></c>,ダダダダダダダ
44.528,44.728,-1,-1,<1></c><2>ダダダダ</c><3>ダダダ</c><1></c>,ダダダダダダダ
44.728,44.862,-1,-1,<1></c><2>ダダダダダ</c><3>ダダ</c><1></c>,ダダダダダダダ
44.862,45.062,-1,-1,<1></c><2>ダダダダダダ</c><3>ダ</c><1></c>,ダダダダダダダ
45.062,45.229,-1,-1,<1></c><2>ダダダダダダダ</c><1></c>,ダダダダダダダ
45.229,45.396,-1,-1,<1></c><2>ダ</c><3>ンシンただ踊(おど)ったって</c><1></c>,ダンシンただ踊(おど)ったって
45.396,45.562,-1,-1,<1></c><2>ダン</c><3>シンただ踊(おど)ったって</c><1></c>,ダンシンただ踊(おど)ったって
45.562,45.729,-1,-1,<1></c><2>ダンシ</c><3>ンただ踊(おど)ったって</c><1></c>,ダンシンただ踊(おど)ったって
45.729,45.896,-1,-1,<1></c><2>ダンシン</c><3>ただ踊(おど)ったって</c><1></c>,ダンシンただ踊(おど)ったって
45.896,46.096,-1,-1,<1></c><2>ダンシンた</c><3>だ踊(おど)ったって</c><1></c>,ダンシンただ踊(おど)ったって
46.096,46.263,-1,-1,<1></c><2>ダンシンただ</c><3>踊(おど)ったって</c><1></c>,ダンシンただ踊(おど)ったって
46.263,46.597,-1,-1,<1></c><2>ダンシンただ踊(おど)</c><3>ったって</c><1></c>,ダンシンただ踊(おど)ったって
46.597,46.764,-1,-1,<1></c><2>ダンシンただ踊(おど)っ</c><3>たって</c><1></c>,ダンシンただ踊(おど)ったって
46.764,46.93,-1,-1,<1></c><2>ダンシンただ踊(おど)った</c><3>って</c><1></c>,ダンシンただ踊(おど)ったって
46.93,47.097,-1,-1,<1></c><2>ダンシンただ踊(おど)ったっ</c><3>て</c><1></c>,ダンシンただ踊(おど)ったって
47.097,47.464,-1,-1,<1></c><2>ダンシンただ踊(おど)ったって</c><1></c>,ダンシンただ踊(おど)ったって
47.464,47.631,58,-1,<1></c><2>ま</c><3>まま満(まん)身(しん)創(そう)痍(い)なったって</c><1></c>,ままま満(まん)身(しん)創(そう)痍(い)なったって
47.631,47.798,58,-1,<1></c><2>まま</c><3>ま満(まん)身(しん)創(そう)痍(い)なったって</c><1></c>,ままま満(まん)身(しん)創(そう)痍(い)なったって
47.798,47.965,58,-1,<1></c><2>ままま</c><3>満(まん)身(しん)創(そう)痍(い)なったって</c><1></c>,ままま満(まん)身(しん)創(そう)痍(い)なったって
47.965,48.332,58,-1,<1></c><2>ままま満(まん)</c><3>身(しん)創(そう)痍(い)なったって</c><1></c>,ままま満(まん)身(しん)創(そう)痍(い)なったって
48.332,48.665,58,-1,<1></c><2>ままま満(まん)身(しん)</c><3>創(そう)痍(い)なったって</c><1></c>,ままま満(まん)身(しん)創(そう)痍(い)なったって
48.665,48.999,58,-1,<1></c><2>ままま満(まん)身(しん)創(そう)</c><3>痍(い)なったって</c><1></c>,ままま満(まん)身(しん)創(そう)痍(い)なったって
48.999,49.166,58,-1,<1></c><2>ままま満(まん)身(しん)創(そう)痍(い)</c><3>なったって</c><1></c>,ままま満(まん)身(しん)創(そう)痍(い)なったって
49.166,49.333,58,-1,<1></c><2>ままま満(まん)身(しん)創(そう)痍(い)な</c><3>ったって</c><1></c>,ままま満(まん)身(しん)創(そう)痍(い)なったって
49.333,49.5,58,-1,<1></c><2>ままま満(まん)身(しん)創(そう)痍(い)なっ</c><3>たって</c><1></c>,ままま満(まん)身(しん)創(そう)痍(い)なったって
49.5,49.666,58,-1,<1></c><2>ままま満(まん)身(しん)創(そう)痍(い)なった</c><3>って</c><1></c>,ままま満(まん)身(しん)創(そう)痍(い)なったって
49.666,49.833,58,-1,<1></c><2>ままま満(まん)身(しん)創(そう)痍(い)なったっ</c><3>て</c><1></c>,ままま満(まん)身(しん)創(そう)痍(い)なったって
49.833,50.467,58,-1,<1></c><2>ままま満(まん)身(しん)創(そう)痍(い)なったって</c><1></c>,ままま満(まん)身(しん)創(そう)痍(い)なったって
50.467,50.734,-1,-1,<1></c><2>s</c><3>tep捨(す)て身(み)ですれ違(ちが)って</c><1></c>,step捨(す)て身(み)ですれ違(ちが)って
50.734,51.035,-1,-1,<1></c><2>step</c><3>捨(す)て身(み)ですれ違(ちが)って</c><1></c>,step捨(す)て身(み)ですれ違(ちが)って
51.035,51.235,-1,-1,<1></c><2>step捨(す)</c><3>て身(み)ですれ違(ちが)って</c><1></c>,step捨(す)て身(み)ですれ違(ちが)って
51.235,51.568,-1,-1,<1></c><2>step捨(す)て</c><3>身(み)ですれ違(ちが)って</c><1></c>,step捨(す)て身(み)ですれ違(ちが)って
51.568,51.902,-1,-1,<1></c><2>step捨(す)て身(み)</c><3>ですれ違(ちが)って</c><1></c>,step捨(す)て身(み)ですれ違(ちが)って
51.902,52.436,-1,-1,<1></c><2>step捨(す)て身(み)で</c><3>すれ違(ちが)って</c><1></c>,step捨(す)て身(み)ですれ違(ちが)って
52.436,52.77,-1,-1,<1></c><2>step捨(す)て身(み)です</c><3>れ違(ちが)って</c><1></c>,step捨(す)て身(み)ですれ違(ちが)って
52.77,53.103,-1,-1,<1></c><2>step捨(す)て身(み)ですれ</c><3>違(ちが)って</c><1></c>,step捨(す)て身(み)ですれ違(ちが)って
53.103,53.804,-1,-1,<1></c><2>step捨(す)て身(み)ですれ違(ちが)</c><3>って</c><1></c>,step捨(す)て身(み)ですれ違(ちが)って
53.804,53.971,-1,-1,<1></c><2>step捨(す)て身(み)ですれ違(ちが)っ</c><3>て</c><1></c>,step捨(す)て身(み)ですれ違(ちが)って
53.804,53.904,-1,85,<1></c><2>（オ</c><3>ッケー！踊(おど)っちゃって）</c><1></c>,（オッケー！踊(おど)っちゃって）
53.904,53.971,-1,85,<1></c><2>（オッ</c><3>ケー！踊(おど)っちゃって）</c><1></c>,（オッケー！踊(おど)っちゃって）
53.971,54.671,-1,-1,<1></c><2>step捨(す)て身(み)ですれ違(ちが)って</c><1></c>,step捨(す)て身(み)ですれ違(ちが)って
53.971,54.138,-1,85,<1></c><2>（オッケ</c><3>ー！踊(おど)っちゃって）</c><1></c>,（オッケー！踊(おど)っちゃって）
54.138,54.304,-1,85,<1></c><2>（オッケー！</c><3>踊(おど)っちゃって）</c><1></c>,（オッケー！踊(おど)っちゃって）
54.304,54.838,-1,85,<1></c><2>（オッケー！踊(おど)</c><3>っちゃって）</c><1></c>,（オッケー！踊(おど)っちゃって）
54.838,54.972,-1,85,<1></c><2>（オッケー！踊(おど)っ</c><3>ちゃって）</c><1></c>,（オッケー！踊(おど)っちゃって）
54.972,55.172,-1,85,<1></c><2>（オッケー！踊(おど)っちゃ</c><3>って）</c><1></c>,（オッケー！踊(おど)っちゃって）
55.172,55.339,-1,85,<1></c><2>（オッケー！踊(おど)っちゃっ</c><3>て）</c><1></c>,（オッケー！踊(おど)っちゃって）
55.339,56.04,-1,85,<1></c><2>（オッケー！踊(おど)っちゃって）</c><1></c>,（オッケー！踊(おど)っちゃって）
55.672,55.873,-1,-1,<1></c><2>ジャ</c><3>ジャジャジャンケンポンで勝(か)っちゃって</c><1></c>,ジャジャジャジャンケンポンで勝(か)っちゃって
55.873,56.04,-1,-1,<1></c><2>ジャジャ</c><3>ジャジャンケンポンで勝(か)っちゃって</c><1></c>,ジャジャジャジャンケンポンで勝(か)っちゃって
56.04,56.173,-1,-1,<1></c><2>ジャジャジャ</c><3>ジャンケンポンで勝(か)っちゃって</c><1></c>,ジャジャジャジャンケンポンで勝(か)っちゃって
56.173,56.34,-1,-1,<1></c><2>ジャジャジャジャ</c><3>ンケンポンで勝(か)っちゃって</c><1></c>,ジャジャジャジャンケンポンで勝(か)っちゃって
56.34,56.54,-1,-1,<1></c><2>ジャジャジャジャン</c><3>ケンポンで勝(か)っちゃって</c><1></c>,ジャジャジャジャンケンポンで勝(か)っちゃって
56.54,56.707,-1,-1,<1></c><2>ジャジャジャジャンケ</c><3>ンポンで勝(か)っちゃって</c><1></c>,ジャジャジャジャンケンポンで勝(か)っちゃって
56.707,56.907,-1,-1,<1></c><2>ジャジャジャジャンケン</c><3>ポンで勝(か)っちゃって</c><1></c>,ジャジャジャジャンケンポンで勝(か)っちゃって
56.907,57.074,-1,-1,<1></c><2>ジャジャジャジャンケンポ</c><3>ンで勝(か)っちゃって</c><1></c>,ジャジャジャジャンケンポンで勝(か)っちゃって
57.074,57.207,-1,-1,<1></c><2>ジャジャジャジャンケンポン</c><3>で勝(か)っちゃって</c><1></c>,ジャジャジャジャンケンポンで勝(か)っちゃって
57.207,57.408,-1,-1,<1></c><2>ジャジャジャジャンケンポンで</c><3>勝(か)っちゃって</c><1></c>,ジャジャジャジャンケンポンで勝(か)っちゃって
57.408,57.574,-1,-1,<1></c><2>ジャジャジャジャンケンポンで勝(か)</c><3>っちゃって</c><1></c>,ジャジャジャジャンケンポンで勝(か)っちゃって
57.574,57.708,-1,-1,<1></c><2>ジャジャジャジャンケンポンで勝(か)っ</c><3>ちゃって</c><1></c>,ジャジャジャジャンケンポンで勝(か)っちゃって
57.708,57.908,-1,-1,<1></c><2>ジャジャジャジャンケンポンで勝(か)っちゃ</c><3>って</c><1></c>,ジャジャジャジャンケンポンで勝(か)っちゃって
57.908,58.108,-1,-1,<1></c><2>ジャジャジャジャンケンポンで勝(か)っちゃっ</c><3>て</c><1></c>,ジャジャジャジャンケンポンで勝(か)っちゃって
58.108,58.442,-1,-1,<1></c><2>ジャジャジャジャンケンポンで勝(か)っちゃって</c><1></c>,ジャジャジャジャンケンポンで勝(か)っちゃって
58.442,58.609,-1,-1,<1></c><2>ケ</c><3>ケケケンケンパ進(すす)んじゃって</c><1></c>,ケケケケンケンパ進(すす)んじゃって
58.609,58.776,-1,-1,<1></c><2>ケケ</c><3>ケケンケンパ進(すす)んじゃって</c><1></c>,ケケケケンケンパ進(すす)んじゃって
58.776,58.942,-1,-1,<1></c><2>ケケケ</c><3>ケンケンパ進(すす)んじゃって</c><1></c>,ケケケケンケンパ進(すす)んじゃって
58.942,59.109,-1,-1,<1></c><2>ケケケケ</c><3>ンケンパ進(すす)んじゃって</c><1></c>,ケケケケンケンパ進(すす)んじゃって
59.109,59.309,-1,-1,<1></c><2>ケケケケン</c><3>ケンパ進(すす)んじゃって</c><1></c>,ケケケケンケンパ進(すす)んじゃって
59.309,59.443,-1,-1,<1></c><2>ケケケケンケ</c><3>ンパ進(すす)んじゃって</c><1></c>,ケケケケンケンパ進(すす)んじゃって
59.443,59.643,-1,-1,<1></c><2>ケケケケンケン</c><3>パ進(すす)んじゃって</c><1></c>,ケケケケンケンパ進(すす)んじゃって
59.643,59.977,-1,-1,<1></c><2>ケケケケンケンパ</c><3>進(すす)んじゃって</c><1></c>,ケケケケンケンパ進(すす)んじゃって
59.977,60.31,-1,-1,<1></c><2>ケケケケンケンパ進(すす)</c><3>んじゃって</c><1></c>,ケケケケンケンパ進(すす)んじゃって
60.31,60.477,-1,-1,<1></c><2>ケケケケンケンパ進(すす)ん</c><3>じゃって</c><1></c>,ケケケケンケンパ進(すす)んじゃって
60.477,60.644,-1,-1,<1></c><2>ケケケケンケンパ進(すす)んじゃ</c><3>って</c><1></c>,ケケケケンケンパ進(すす)んじゃって
60.644,60.844,-1,-1,<1></c><2>ケケケケンケンパ進(すす)んじゃっ</c><3>て</c><1></c>,ケケケケンケンパ進(すす)んじゃって
60.844,61.512,-1,-1,<1></c><2>ケケケケンケンパ進(すす)んじゃって</c><1></c>,ケケケケンケンパ進(すす)んじゃって
61.512,61.678,58,-1,<1></c><2>か</c><3>まって可(か)能(のう)性(せい)感(かん)じちゃって</c><1></c>,かまって可(か)能(のう)性(せい)感(かん)じちゃって
61.678,61.845,58,-1,<1></c><2>かま</c><3>って可(か)能(のう)性(せい)感(かん)じちゃって</c><1></c>,かまって可(か)能(のう)性(せい)感(かん)じちゃって
61.845,62.012,58,-1,<1></c><2>かまっ</c><3>て可(か)能(のう)性(せい)感(かん)じちゃって</c><1></c>,かまって可(か)能(のう)性(せい)感(かん)じちゃって
62.012,62.179,58,-1,<1></c><2>かまって</c><3>可(か)能(のう)性(せい)感(かん)じちゃって</c><1></c>,かまって可(か)能(のう)性(せい)感(かん)じちゃって
62.179,62.546,58,-1,<1></c><2>かまって可(か)</c><3>能(のう)性(せい)感(かん)じちゃって</c><1></c>,かまって可(か)能(のう)性(せい)感(かん)じちゃって
62.546,62.913,58,-1,<1></c><2>かまって可(か)能(のう)</c><3>性(せい)感(かん)じちゃって</c><1></c>,かまって可(か)能(のう)性(せい)感(かん)じちゃって
62.913,63.38,58,-1,<1></c><2>かまって可(か)能(のう)性(せい)</c><3>感(かん)じちゃって</c><1></c>,かまって可(か)能(のう)性(せい)感(かん)じちゃって
63.38,64.048,58,-1,<1></c><2>かまって可(か)能(のう)性(せい)感(かん)</c><3>じちゃって</c><1></c>,かまって可(か)能(のう)性(せい)感(かん)じちゃって
64.048,64.415,58,-1,<1></c><2>かまって可(か)能(のう)性(せい)感(かん)じ</c><3>ちゃって</c><1></c>,かまって可(か)能(のう)性(せい)感(かん)じちゃって
64.415,64.748,58,-1,<1></c><2>かまって可(か)能(のう)性(せい)感(かん)じちゃ</c><3>って</c><1></c>,かまって可(か)能(のう)性(せい)感(かん)じちゃって
64.748,64.948,58,-1,<1></c><2>かまって可(か)能(のう)性(せい)感(かん)じちゃっ</c><3>て</c><1></c>,かまって可(か)能(のう)性(せい)感(かん)じちゃって
64.948,65.949,58,-1,<1></c><2>かまって可(か)能(のう)性(せい)感(かん)じちゃって</c><1></c>,かまって可(か)能(のう)性(せい)感(かん)じちゃって
65.949,66.116,-1,-1,<1></c><2>つ</c><3>まりnowonstep</c><1></c>,つまりnowonstep
66.116,66.316,-1,-1,<1></c><2>つま</c><3>りnowonstep</c><1></c>,つまりnowonstep
66.316,66.483,-1,-1,<1></c><2>つまり</c><3>nowonstep</c><1></c>,つまりnowonstep
66.483,66.784,-1,-1,<1></c><2>つまりnow</c><3>onstep</c><1></c>,つまりnowonstep
66.784,67.151,-1,-1,<1></c><2>つまりnowon</c><3>step</c><1></c>,つまりnowonstep
67.151,67.518,-1,-1,<1></c><2>つまりnowonstep</c><1></c>,つまりnowonstep
78.262,78.829,61,-1,<1></c><2>徒(つれ)</c><3>然(づれ)半(はん)分(ぶん)ビートの上(うえ)</c><1></c>,徒(つれ)然(づれ)半(はん)分(ぶん)ビートの上(うえ)
78.829,79.329,61,-1,<1></c><2>徒(つれ)然(づれ)</c><3>半(はん)分(ぶん)ビートの上(うえ)</c><1></c>,徒(つれ)然(づれ)半(はん)分(ぶん)ビートの上(うえ)
79.329,79.696,61,-1,<1></c><2>徒(つれ)然(づれ)半(はん)</c><3>分(ぶん)ビートの上(うえ)</c><1></c>,徒(つれ)然(づれ)半(はん)分(ぶん)ビートの上(うえ)
79.696,80.03,61,-1,<1></c><2>徒(つれ)然(づれ)半(はん)分(ぶん)</c><3>ビートの上(うえ)</c><1></c>,徒(つれ)然(づれ)半(はん)分(ぶん)ビートの上(うえ)
80.03,80.197,61,-1,<1></c><2>徒(つれ)然(づれ)半(はん)分(ぶん)ビ</c><3>ートの上(うえ)</c><1></c>,徒(つれ)然(づれ)半(はん)分(ぶん)ビートの上(うえ)
80.197,80.531,61,-1,<1></c><2>徒(つれ)然(づれ)半(はん)分(ぶん)ビー</c><3>トの上(うえ)</c><1></c>,徒(つれ)然(づれ)半(はん)分(ぶん)ビートの上(うえ)
80.531,80.697,61,-1,<1></c><2>徒(つれ)然(づれ)半(はん)分(ぶん)ビート</c><3>の上(うえ)</c><1></c>,徒(つれ)然(づれ)半(はん)分(ぶん)ビートの上(うえ)
80.697,80.864,61,-1,<1></c><2>徒(つれ)然(づれ)半(はん)分(ぶん)ビートの</c><3>上(うえ)</c><1></c>,徒(つれ)然(づれ)半(はん)分(ぶん)ビートの上(うえ)
80.864,81.231,61,-1,<1></c><2>徒(つれ)然(づれ)半(はん)分(ぶん)ビートの上(うえ)</c><1></c>,徒(つれ)然(づれ)半(はん)分(ぶん)ビートの上(うえ)
83.767,83.967,-1,-1,<1></c><2>そ</c><3>れぞれゆらしてくこの場(ば)で</c><1></c>,それぞれゆらしてくこの場(ば)で
83.967,84.301,-1,-1,<1></c><2>それ</c><3>ぞれゆらしてくこの場(ば)で</c><1></c>,それぞれゆらしてくこの場(ば)で
84.301,84.501,-1,-1,<1></c><2>それぞ</c><3>れゆらしてくこの場(ば)で</c><1></c>,それぞれゆらしてくこの場(ば)で
84.501,84.835,-1,-1,<1></c><2>それぞれ</c><3>ゆらしてくこの場(ば)で</c><1></c>,それぞれゆらしてくこの場(ば)で
84.835,85.002,-1,-1,<1></c><2>それぞれゆ</c><3>らしてくこの場(ば)で</c><1></c>,それぞれゆらしてくこの場(ば)で
85.002,85.169,-1,-1,<1></c><2>それぞれゆら</c><3>してくこの場(ば)で</c><1></c>,それぞれゆらしてくこの場(ば)で
85.169,85.369,-1,-1,<1></c><2>それぞれゆらし</c><3>てくこの場(ば)で</c><1></c>,それぞれゆらしてくこの場(ば)で
85.369,85.536,-1,-1,<1></c><2>それぞれゆらして</c><3>くこの場(ば)で</c><1></c>,それぞれゆらしてくこの場(ば)で
85.536,86.036,-1,-1,<1></c><2>それぞれゆらしてく</c><3>この場(ば)で</c><1></c>,それぞれゆらしてくこの場(ば)で
86.036,86.203,-1,-1,<1></c><2>それぞれゆらしてくこ</c><3>の場(ば)で</c><1></c>,それぞれゆらしてくこの場(ば)で
86.203,86.37,-1,-1,<1></c><2>それぞれゆらしてくこの</c><3>場(ば)で</c><1></c>,それぞれゆらしてくこの場(ば)で
86.37,86.57,-1,-1,<1></c><2>それぞれゆらしてくこの場(ば)</c><3>で</c><1></c>,それぞれゆらしてくこの場(ば)で
86.57,86.737,-1,-1,<1></c><2>それぞれゆらしてくこの場(ば)で</c><1></c>,それぞれゆらしてくこの場(ば)で
89.206,89.473,-1,-1,<1></c><2>ス</c><3>スススススライドして</c><1></c>,ススススススライドして
89.473,89.64,-1,-1,<1></c><2>スス</c><3>ススススライドして</c><1></c>,ススススススライドして
89.64,89.807,-1,-1,<1></c><2>ススス</c><3>スススライドして</c><1></c>,ススススススライドして
89.807,89.973,-1,-1,<1></c><2>スススス</c><3>ススライドして</c><1></c>,ススススススライドして
89.973,90.307,-1,-1,<1></c><2>ススススス</c><3>スライドして</c><1></c>,ススススススライドして
90.307,90.507,-1,-1,<1></c><2>スススススス</c><3>ライドして</c><1></c>,ススススススライドして
90.507,90.674,-1,-1,<1></c><2>ススススススラ</c><3>イドして</c><1></c>,ススススススライドして
90.674,90.841,-1,-1,<1></c><2>ススススススライ</c><3>ドして</c><1></c>,ススススススライドして
90.841,90.941,-1,-1,<1></c><2>ススススススライド</c><3>して</c><1></c>,ススススススライドして
90.941,91.041,-1,-1,<1></c><2>ススススススライドし</c><3>て</c><1></c>,ススススススライドして
91.041,92.009,-1,-1,<1></c><2>ススススススライドして</c><1></c>,ススススススライドして
92.009,92.176,-1,-1,<1></c><2>つ</c><3>つつつつつま弾(び)いて</c><1></c>,つつつつつつま弾(び)いて
92.176,92.342,-1,-1,<1></c><2>つつ</c><3>つつつつま弾(び)いて</c><1></c>,つつつつつつま弾(び)いて
92.342,92.543,-1,-1,<1></c><2>つつつ</c><3>つつつま弾(び)いて</c><1></c>,つつつつつつま弾(び)いて
92.543,92.676,-1,-1,<1></c><2>つつつつ</c><3>つつま弾(び)いて</c><1></c>,つつつつつつま弾(び)いて
92.676,93.01,-1,-1,<1></c><2>つつつつつ</c><3>つま弾(び)いて</c><1></c>,つつつつつつま弾(び)いて
93.01,93.21,-1,-1,<1></c><2>つつつつつつ</c><3>ま弾(び)いて</c><1></c>,つつつつつつま弾(び)いて
93.21,93.41,-1,-1,<1></c><2>つつつつつつま</c><3>弾(び)いて</c><1></c>,つつつつつつま弾(び)いて
93.41,93.577,-1,-1,<1></c><2>つつつつつつま弾(び)</c><3>いて</c><1></c>,つつつつつつま弾(び)いて
93.577,93.744,-1,-1,<1></c><2>つつつつつつま弾(び)い</c><3>て</c><1></c>,つつつつつつま弾(び)いて
93.744,94.778,-1,-1,<1></c><2>つつつつつつま弾(び)いて</c><1></c>,つつつつつつま弾(び)いて
94.778,94.945,-1,-1,<1></c><2>こ</c><3>ここここ今(こん)晩(ばん)も</c><1></c>,こここここ今(こん)晩(ばん)も
94.945,95.112,-1,-1,<1></c><2>ここ</c><3>こここ今(こん)晩(ばん)も</c><1></c>,こここここ今(こん)晩(ばん)も
95.112,95.279,-1,-1,<1></c><2>こここ</c><3>ここ今(こん)晩(ばん)も</c><1></c>,こここここ今(こん)晩(ばん)も
95.279,95.446,-1,-1,<1></c><2>ここここ</c><3>こ今(こん)晩(ばん)も</c><1></c>,こここここ今(こん)晩(ばん)も
95.446,95.779,-1,-1,<1></c><2>こここここ</c><3>今(こん)晩(ばん)も</c><1></c>,こここここ今(こん)晩(ばん)も
95.779,96.146,-1,-1,<1></c><2>こここここ今(こん)</c><3>晩(ばん)も</c><1></c>,こここここ今(こん)晩(ばん)も
96.146,96.48,-1,-1,<1></c><2>こここここ今(こん)晩(ばん)</c><3>も</c><1></c>,こここここ今(こん)晩(ばん)も
96.48,96.98,-1,-1,<1></c><2>こここここ今(こん)晩(ばん)も</c><1></c>,こここここ今(こん)晩(ばん)も
96.98,97.147,-1,-1,<1></c><2>さ</c><3>ぁ踊(おど)りましょう</c><1></c>,さぁ踊(おど)りましょう
97.147,97.314,-1,-1,<1></c><2>さぁ</c><3>踊(おど)りましょう</c><1></c>,さぁ踊(おど)りましょう
97.314,98.015,-1,-1,<1></c><2>さぁ踊(おど)</c><3>りましょう</c><1></c>,さぁ踊(おど)りましょう
98.015,98.348,-1,-1,<1></c><2>さぁ踊(おど)り</c><3>ましょう</c><1></c>,さぁ踊(おど)りましょう
98.348,98.682,-1,-1,<1></c><2>さぁ踊(おど)りま</c><3>しょう</c><1></c>,さぁ踊(おど)りましょう
98.682,98.816,-1,-1,<1></c><2>さぁ踊(おど)りましょ</c><3>う</c><1></c>,さぁ踊(おど)りましょう
98.816,99.249,-1,-1,<1></c><2>さぁ踊(おど)りましょう</c><1></c>,さぁ踊(おど)りましょう
99.249,99.583,-1,-1,<1></c><2>音(おと)</c><3>鳴(な)らせもっともっと</c><1></c>,音(おと)鳴(な)らせもっともっと
99.583,99.75,-1,-1,<1></c><2>音(おと)鳴(な)</c><3>らせもっともっと</c><1></c>,音(おと)鳴(な)らせもっともっと
99.75,99.917,-1,-1,<1></c><2>音(おと)鳴(な)ら</c><3>せもっともっと</c><1></c>,音(おと)鳴(な)らせもっともっと
99.917,100.084,-1,-1,<1></c><2>音(おと)鳴(な)らせ</c><3>もっともっと</c><1></c>,音(おと)鳴(な)らせもっともっと
100.084,100.25,-1,-1,<1></c><2>音(おと)鳴(な)らせも</c><3>っともっと</c><1></c>,音(おと)鳴(な)らせもっともっと
100.25,100.417,-1,-1,<1></c><2>音(おと)鳴(な)らせもっ</c><3>ともっと</c><1></c>,音(おと)鳴(な)らせもっともっと
100.417,100.951,-1,-1,<1></c><2>音(おと)鳴(な)らせもっと</c><3>もっと</c><1></c>,音(おと)鳴(な)らせもっともっと
100.951,101.118,-1,-1,<1></c><2>音(おと)鳴(な)らせもっとも</c><3>っと</c><1></c>,音(おと)鳴(な)らせもっともっと
101.118,101.285,-1,-1,<1></c><2>音(おと)鳴(な)らせもっともっ</c><3>と</c><1></c>,音(おと)鳴(な)らせもっともっと
101.285,101.952,-1,-1,<1></c><2>音(おと)鳴(な)らせもっともっと</c><1></c>,音(おと)鳴(な)らせもっともっと
101.952,102.319,-1,-1,<1></c><2>神(かみ)</c><3>様(さま)はゴッドゴッド</c><1></c>,神(かみ)様(さま)はゴッドゴッド
102.319,102.619,-1,-1,<1></c><2>神(かみ)様(さま)</c><3>はゴッドゴッド</c><1></c>,神(かみ)様(さま)はゴッドゴッド
102.619,102.786,-1,-1,<1></c><2>神(かみ)様(さま)は</c><3>ゴッドゴッド</c><1></c>,神(かみ)様(さま)はゴッドゴッド
102.786,102.92,-1,-1,<1></c><2>神(かみ)様(さま)はゴ</c><3>ッドゴッド</c><1></c>,神(かみ)様(さま)はゴッドゴッド
102.92,103.153,-1,-1,<1></c><2>神(かみ)様(さま)はゴッ</c><3>ドゴッド</c><1></c>,神(かみ)様(さま)はゴッドゴッド
103.153,103.687,-1,-1,<1></c><2>神(かみ)様(さま)はゴッド</c><3>ゴッド</c><1></c>,神(かみ)様(さま)はゴッドゴッド
103.687,103.821,-1,-1,<1></c><2>神(かみ)様(さま)はゴッドゴ</c><3>ッド</c><1></c>,神(かみ)様(さま)はゴッドゴッド
103.821,104.021,-1,-1,<1></c><2>神(かみ)様(さま)はゴッドゴッ</c><3>ド</c><1></c>,神(かみ)様(さま)はゴッドゴッド
104.021,104.721,-1,-1,<1></c><2>神(かみ)様(さま)はゴッドゴッド</c><1></c>,神(かみ)様(さま)はゴッドゴッド
104.721,105.055,56,-1,<1></c><2>楽(たの)</c><3>しみたいならフロアへ直(ちょっ)行(こう)</c><1></c>,楽(たの)しみたいならフロアへ直(ちょっ)行(こう)
105.055,105.255,56,-1,<1></c><2>楽(たの)し</c><3>みたいならフロアへ直(ちょっ)行(こう)</c><1></c>,楽(たの)しみたいならフロアへ直(ちょっ)行(こう)
105.255,105.422,56,-1,<1></c><2>楽(たの)しみ</c><3>たいならフロアへ直(ちょっ)行(こう)</c><1></c>,楽(たの)しみたいならフロアへ直(ちょっ)行(こう)
105.422,105.556,56,-1,<1></c><2>楽(たの)しみた</c><3>いならフロアへ直(ちょっ)行(こう)</c><1></c>,楽(たの)しみたいならフロアへ直(ちょっ)行(こう)
105.556,106.09,56,-1,<1></c><2>楽(たの)しみたい</c><3>ならフロアへ直(ちょっ)行(こう)</c><1></c>,楽(たの)しみたいならフロアへ直(ちょっ)行(こう)
106.09,106.256,56,-1,<1></c><2>楽(たの)しみたいな</c><3>らフロアへ直(ちょっ)行(こう)</c><1></c>,楽(たの)しみたいならフロアへ直(ちょっ)行(こう)
106.256,106.79,56,-1,<1></c><2>楽(たの)しみたいなら</c><3>フロアへ直(ちょっ)行(こう)</c><1></c>,楽(たの)しみたいならフロアへ直(ちょっ)行(こう)
106.79,106.957,56,-1,<1></c><2>楽(たの)しみたいならフ</c><3>ロアへ直(ちょっ)行(こう)</c><1></c>,楽(たの)しみたいならフロアへ直(ちょっ)行(こう)
106.957,107.291,56,-1,<1></c><2>楽(たの)しみたいならフロ</c><3>アへ直(ちょっ)行(こう)</c><1></c>,楽(たの)しみたいならフロアへ直(ちょっ)行(こう)
107.291,107.624,56,-1,<1></c><2>楽(たの)しみたいならフロア</c><3>へ直(ちょっ)行(こう)</c><1></c>,楽(たの)しみたいならフロアへ直(ちょっ)行(こう)
107.624,107.791,56,-1,<1></c><2>楽(たの)しみたいならフロアへ</c><3>直(ちょっ)行(こう)</c><1></c>,楽(たの)しみたいならフロアへ直(ちょっ)行(こう)
107.791,108.158,56,-1,<1></c><2>楽(たの)しみたいならフロアへ直(ちょっ)</c><3>行(こう)</c><1></c>,楽(たの)しみたいならフロアへ直(ちょっ)行(こう)
108.158,109.86,56,-1,<1></c><2>楽(たの)しみたいならフロアへ直(ちょっ)行(こう)</c><1></c>,楽(たの)しみたいならフロアへ直(ちょっ)行(こう)
109.86,110.027,-1,-1,<1></c><2>ダ</c><3>ダダダダダダ</c><1></c>,ダダダダダダダ
110.027,110.194,-1,-1,<1></c><2>ダダ</c><3>ダダダダダ</c><1></c>,ダダダダダダダ
110.194,110.36,-1,-1,<1></c><2>ダダダ</c><3>ダダダダ</c><1></c>,ダダダダダダダ
110.36,110.561,-1,-1,<1></c><2>ダダダダ</c><3>ダダダ</c><1></c>,ダダダダダダダ
110.561,110.727,-1,-1,<1></c><2>ダダダダダ</c><3>ダダ</c><1></c>,ダダダダダダダ
110.727,110.894,-1,-1,<1></c><2>ダダダダダダ</c><3>ダ</c><1></c>,ダダダダダダダ
110.894,111.061,-1,-1,<1></c><2>ダダダダダダダ</c><1></c>,ダダダダダダダ
111.061,111.228,-1,-1,<1></c><2>ダ</c><3>ンシンまだ踊(おど)っちゃって</c><1></c>,ダンシンまだ踊(おど)っちゃって
111.228,111.395,-1,-1,<1></c><2>ダン</c><3>シンまだ踊(おど)っちゃって</c><1></c>,ダンシンまだ踊(おど)っちゃって
111.395,111.562,-1,-1,<1></c><2>ダンシ</c><3>ンまだ踊(おど)っちゃって</c><1></c>,ダンシンまだ踊(おど)っちゃって
111.562,111.728,-1,-1,<1></c><2>ダンシン</c><3>まだ踊(おど)っちゃって</c><1></c>,ダンシンまだ踊(おど)っちゃって
111.728,111.929,-1,-1,<1></c><2>ダンシンま</c><3>だ踊(おど)っちゃって</c><1></c>,ダンシンまだ踊(おど)っちゃって
111.929,112.096,-1,-1,<1></c><2>ダンシンまだ</c><3>踊(おど)っちゃって</c><1></c>,ダンシンまだ踊(おど)っちゃって
112.096,112.429,-1,-1,<1></c><2>ダンシンまだ踊(おど)</c><3>っちゃって</c><1></c>,ダンシンまだ踊(おど)っちゃって
112.429,112.563,-1,-1,<1></c><2>ダンシンまだ踊(おど)っ</c><3>ちゃって</c><1></c>,ダンシンまだ踊(おど)っちゃって
112.563,112.729,-1,-1,<1></c><2>ダンシンまだ踊(おど)っちゃ</c><3>って</c><1></c>,ダンシンまだ踊(おど)っちゃって
112.729,112.93,-1,-1,<1></c><2>ダンシンまだ踊(おど)っちゃっ</c><3>て</c><1></c>,ダンシンまだ踊(おど)っちゃって
112.93,113.297,-1,-1,<1></c><2>ダンシンまだ踊(おど)っちゃって</c><1></c>,ダンシンまだ踊(おど)っちゃって
113.297,113.464,-1,-1,<1></c><2>か</c><3>かか関(かん)係(けい)ない朝(あさ)まで</c><1></c>,かかか関(かん)係(けい)ない朝(あさ)まで
113.464,113.63,-1,-1,<1></c><2>かか</c><3>か関(かん)係(けい)ない朝(あさ)まで</c><1></c>,かかか関(かん)係(けい)ない朝(あさ)まで
113.63,113.797,-1,-1,<1></c><2>かかか</c><3>関(かん)係(けい)ない朝(あさ)まで</c><1></c>,かかか関(かん)係(けい)ない朝(あさ)まで
113.797,114.131,-1,-1,<1></c><2>かかか関(かん)</c><3>係(けい)ない朝(あさ)まで</c><1></c>,かかか関(かん)係(けい)ない朝(あさ)まで
114.131,114.498,-1,-1,<1></c><2>かかか関(かん)係(けい)</c><3>ない朝(あさ)まで</c><1></c>,かかか関(かん)係(けい)ない朝(あさ)まで
114.498,114.665,-1,-1,<1></c><2>かかか関(かん)係(けい)な</c><3>い朝(あさ)まで</c><1></c>,かかか関(かん)係(けい)ない朝(あさ)まで
114.665,114.798,-1,-1,<1></c><2>かかか関(かん)係(けい)ない</c><3>朝(あさ)まで</c><1></c>,かかか関(かん)係(けい)ない朝(あさ)まで
114.798,115.332,-1,-1,<1></c><2>かかか関(かん)係(けい)ない朝(あさ)</c><3>まで</c><1></c>,かかか関(かん)係(けい)ない朝(あさ)まで
115.332,115.699,-1,-1,<1></c><2>かかか関(かん)係(けい)ない朝(あさ)ま</c><3>で</c><1></c>,かかか関(かん)係(けい)ない朝(あさ)まで
115.699,116.366,-1,-1,<1></c><2>かかか関(かん)係(けい)ない朝(あさ)まで</c><1></c>,かかか関(かん)係(けい)ない朝(あさ)まで
116.366,116.533,-1,-1,<1></c><2>s</c><3>tepスベっても気(き)にしないで</c><1></c>,stepスベっても気(き)にしないで
116.533,116.9,-1,-1,<1></c><2>step</c><3>スベっても気(き)にしないで</c><1></c>,stepスベっても気(き)にしないで
116.9,117.067,-1,-1,<1></c><2>stepス</c><3>ベっても気(き)にしないで</c><1></c>,stepスベっても気(き)にしないで
117.067,117.234,-1,-1,<1></c><2>stepスベ</c><3>っても気(き)にしないで</c><1></c>,stepスベっても気(き)にしないで
117.234,117.401,-1,-1,<1></c><2>stepスベっ</c><3>ても気(き)にしないで</c><1></c>,stepスベっても気(き)にしないで
117.401,117.734,-1,-1,<1></c><2>stepスベって</c><3>も気(き)にしないで</c><1></c>,stepスベっても気(き)にしないで
117.734,118.268,-1,-1,<1></c><2>stepスベっても</c><3>気(き)にしないで</c><1></c>,stepスベっても気(き)にしないで
118.268,118.602,-1,-1,<1></c><2>stepスベっても気(き)</c><3>にしないで</c><1></c>,stepスベっても気(き)にしないで
118.602,118.936,-1,-1,<1></c><2>stepスベっても気(き)に</c><3>しないで</c><1></c>,stepスベっても気(き)にしないで
118.936,119.303,-1,-1,<1></c><2>stepスベっても気(き)にし</c><3>ないで</c><1></c>,stepスベっても気(き)にしないで
119.303,119.603,-1,-1,<1></c><2>stepスベっても気(き)にしな</c><3>いで</c><1></c>,stepスベっても気(き)にしないで
119.603,119.803,-1,-1,<1></c><2>stepスベっても気(き)にしない</c><3>で</c><1></c>,stepスベっても気(き)にしないで
119.636,119.736,-1,85,<1></c><2>（オ</c><3>ッケー！踊(おど)っちゃって）</c><1></c>,（オッケー！踊(おど)っちゃって）
119.736,119.803,-1,85,<1></c><2>（オッ</c><3>ケー！踊(おど)っちゃって）</c><1></c>,（オッケー！踊(おど)っちゃって）
119.803,120.471,-1,-1,<1></c><2>stepスベっても気(き)にしないで</c><1></c>,stepスベっても気(き)にしないで
119.803,119.97,-1,85,<1></c><2>（オッケ</c><3>ー！踊(おど)っちゃって）</c><1></c>,（オッケー！踊(おど)っちゃって）
119.97,120.137,-1,85,<1></c><2>（オッケー！</c><3>踊(おど)っちゃって）</c><1></c>,（オッケー！踊(おど)っちゃって）
120.137,120.671,-1,85,<1></c><2>（オッケー！踊(おど)</c><3>っちゃって）</c><1></c>,（オッケー！踊(おど)っちゃって）
120.671,120.838,-1,85,<1></c><2>（オッケー！踊(おど)っ</c><3>ちゃって）</c><1></c>,（オッケー！踊(おど)っちゃって）
120.838,121.004,-1,85,<1></c><2>（オッケー！踊(おど)っちゃ</c><3>って）</c><1></c>,（オッケー！踊(おど)っちゃって）
121.004,121.171,-1,85,<1></c><2>（オッケー！踊(おど)っちゃっ</c><3>て）</c><1></c>,（オッケー！踊(おど)っちゃって）
121.171,121.872,-1,85,<1></c><2>（オッケー！踊(おど)っちゃって）</c><1></c>,（オッケー！踊(おど)っちゃって）
121.505,121.705,-1,-1,<1></c><2>ざ</c><3>ざざ斬(ざん)新(しん)ただ笑(わら)っちゃって</c><1></c>,ざざざ斬(ざん)新(しん)ただ笑(わら)っちゃって
121.705,121.872,-1,-1,<1></c><2>ざざ</c><3>ざ斬(ざん)新(しん)ただ笑(わら)っちゃって</c><1></c>,ざざざ斬(ざん)新(しん)ただ笑(わら)っちゃって
121.872,122.039,-1,-1,<1></c><2>ざざざ</c><3>斬(ざん)新(しん)ただ笑(わら)っちゃって</c><1></c>,ざざざ斬(ざん)新(しん)ただ笑(わら)っちゃって
122.039,122.372,-1,-1,<1></c><2>ざざざ斬(ざん)</c><3>新(しん)ただ笑(わら)っちゃって</c><1></c>,ざざざ斬(ざん)新(しん)ただ笑(わら)っちゃって
122.372,122.706,-1,-1,<1></c><2>ざざざ斬(ざん)新(しん)</c><3>ただ笑(わら)っちゃって</c><1></c>,ざざざ斬(ざん)新(しん)ただ笑(わら)っちゃって
122.706,122.906,-1,-1,<1></c><2>ざざざ斬(ざん)新(しん)た</c><3>だ笑(わら)っちゃって</c><1></c>,ざざざ斬(ざん)新(しん)ただ笑(わら)っちゃって
122.906,123.073,-1,-1,<1></c><2>ざざざ斬(ざん)新(しん)ただ</c><3>笑(わら)っちゃって</c><1></c>,ざざざ斬(ざん)新(しん)ただ笑(わら)っちゃって
123.073,123.373,-1,-1,<1></c><2>ざざざ斬(ざん)新(しん)ただ笑(わら)</c><3>っちゃって</c><1></c>,ざざざ斬(ざん)新(しん)ただ笑(わら)っちゃって
123.373,123.54,-1,-1,<1></c><2>ざざざ斬(ざん)新(しん)ただ笑(わら)っ</c><3>ちゃって</c><1></c>,ざざざ斬(ざん)新(しん)ただ笑(わら)っちゃって
123.54,123.74,-1,-1,<1></c><2>ざざざ斬(ざん)新(しん)ただ笑(わら)っちゃ</c><3>って</c><1></c>,ざざざ斬(ざん)新(しん)ただ笑(わら)っちゃって
123.74,123.941,-1,-1,<1></c><2>ざざざ斬(ざん)新(しん)ただ笑(わら)っちゃっ</c><3>て</c><1></c>,ざざざ斬(ざん)新(しん)ただ笑(わら)っちゃって
123.941,124.274,-1,-1,<1></c><2>ざざざ斬(ざん)新(しん)ただ笑(わら)っちゃって</c><1></c>,ざざざ斬(ざん)新(しん)ただ笑(わら)っちゃって
124.274,124.441,-1,-1,<1></c><2>て</c><3>てて天(てん)然(ねん)だってハッピーで</c><1></c>,ててて天(てん)然(ねん)だってハッピーで
124.441,124.608,-1,-1,<1></c><2>てて</c><3>て天(てん)然(ねん)だってハッピーで</c><1></c>,ててて天(てん)然(ねん)だってハッピーで
124.608,124.775,-1,-1,<1></c><2>ててて</c><3>天(てん)然(ねん)だってハッピーで</c><1></c>,ててて天(てん)然(ねん)だってハッピーで
124.775,125.109,-1,-1,<1></c><2>ててて天(てん)</c><3>然(ねん)だってハッピーで</c><1></c>,ててて天(てん)然(ねん)だってハッピーで
125.109,125.442,-1,-1,<1></c><2>ててて天(てん)然(ねん)</c><3>だってハッピーで</c><1></c>,ててて天(てん)然(ねん)だってハッピーで
125.442,125.609,-1,-1,<1></c><2>ててて天(てん)然(ねん)だ</c><3>ってハッピーで</c><1></c>,ててて天(てん)然(ねん)だってハッピーで
125.609,125.809,-1,-1,<1></c><2>ててて天(てん)然(ねん)だっ</c><3>てハッピーで</c><1></c>,ててて天(てん)然(ねん)だってハッピーで
125.809,125.976,-1,-1,<1></c><2>ててて天(てん)然(ねん)だって</c><3>ハッピーで</c><1></c>,ててて天(てん)然(ねん)だってハッピーで
125.976,126.143,-1,-1,<1></c><2>ててて天(てん)然(ねん)だってハ</c><3>ッピーで</c><1></c>,ててて天(てん)然(ねん)だってハッピーで
126.143,126.31,-1,-1,<1></c><2>ててて天(てん)然(ねん)だってハッ</c><3>ピーで</c><1></c>,ててて天(てん)然(ねん)だってハッピーで
126.31,126.477,-1,-1,<1></c><2>ててて天(てん)然(ねん)だってハッピ</c><3>ーで</c><1></c>,ててて天(てん)然(ねん)だってハッピーで
126.477,126.643,-1,-1,<1></c><2>ててて天(てん)然(ねん)だってハッピー</c><3>で</c><1></c>,ててて天(てん)然(ねん)だってハッピーで
126.643,127.344,-1,-1,<1></c><2>ててて天(てん)然(ねん)だってハッピーで</c><1></c>,ててて天(てん)然(ねん)だってハッピーで
127.344,127.678,66,-1,<1></c><2>回(まわ)</c><3>って万(ばん)能(のう)性(せい)感(かん)じちゃって</c><1></c>,回(まわ)って万(ばん)能(のう)性(せい)感(かん)じちゃって
127.678,127.845,66,-1,<1></c><2>回(まわ)っ</c><3>て万(ばん)能(のう)性(せい)感(かん)じちゃって</c><1></c>,回(まわ)って万(ばん)能(のう)性(せい)感(かん)じちゃって
127.845,128.045,66,-1,<1></c><2>回(まわ)って</c><3>万(ばん)能(のう)性(せい)感(かん)じちゃって</c><1></c>,回(まわ)って万(ばん)能(のう)性(せい)感(かん)じちゃって
128.045,128.378,66,-1,<1></c><2>回(まわ)って万(ばん)</c><3>能(のう)性(せい)感(かん)じちゃって</c><1></c>,回(まわ)って万(ばん)能(のう)性(せい)感(かん)じちゃって
128.378,128.712,66,-1,<1></c><2>回(まわ)って万(ばん)能(のう)</c><3>性(せい)感(かん)じちゃって</c><1></c>,回(まわ)って万(ばん)能(のう)性(せい)感(かん)じちゃって
128.712,129.213,66,-1,<1></c><2>回(まわ)って万(ばん)能(のう)性(せい)</c><3>感(かん)じちゃって</c><1></c>,回(まわ)って万(ばん)能(のう)性(せい)感(かん)じちゃって
129.213,129.913,66,-1,<1></c><2>回(まわ)って万(ばん)能(のう)性(せい)感(かん)</c><3>じちゃって</c><1></c>,回(まわ)って万(ばん)能(のう)性(せい)感(かん)じちゃって
129.913,130.214,66,-1,<1></c><2>回(まわ)って万(ばん)能(のう)性(せい)感(かん)じ</c><3>ちゃって</c><1></c>,回(まわ)って万(ばん)能(のう)性(せい)感(かん)じちゃって
130.214,130.514,66,-1,<1></c><2>回(まわ)って万(ばん)能(のう)性(せい)感(かん)じちゃ</c><3>って</c><1></c>,回(まわ)って万(ばん)能(のう)性(せい)感(かん)じちゃって
130.514,130.781,66,-1,<1></c><2>回(まわ)って万(ばん)能(のう)性(せい)感(かん)じちゃっ</c><3>て</c><1></c>,回(まわ)って万(ばん)能(のう)性(せい)感(かん)じちゃって
130.781,131.782,66,-1,<1></c><2>回(まわ)って万(ばん)能(のう)性(せい)感(かん)じちゃって</c><1></c>,回(まわ)って万(ばん)能(のう)性(せい)感(かん)じちゃって
131.782,131.949,-1,-1,<1></c><2>つ</c><3>まりnowonstep</c><1></c>,つまりnowonstep
131.949,132.149,-1,-1,<1></c><2>つま</c><3>りnowonstep</c><1></c>,つまりnowonstep
132.149,132.316,-1,-1,<1></c><2>つまり</c><3>nowonstep</c><1></c>,つまりnowonstep
132.316,132.649,-1,-1,<1></c><2>つまりnow</c><3>onstep</c><1></c>,つまりnowonstep
132.649,132.983,-1,-1,<1></c><2>つまりnowon</c><3>step</c><1></c>,つまりnowonstep
132.983,133.35,-1,-1,<1></c><2>つまりnowonstep</c><1></c>,つまりnowonstep
133.35,133.684,-1,85,<1></c><2>（おっ</c><3>おー）</c><1></c>,（おっおー）
133.684,134.218,-1,85,<1></c><2>（おっおー）</c><1></c>,（おっおー）
134.218,134.551,-1,-1,<1></c><2>踊(おど)</c><3>ってる？</c><1></c>,踊(おど)ってる？
134.551,134.718,-1,-1,<1></c><2>踊(おど)っ</c><3>てる？</c><1></c>,踊(おど)ってる？
134.718,134.885,-1,-1,<1></c><2>踊(おど)って</c><3>る？</c><1></c>,踊(おど)ってる？
134.885,136.086,-1,-1,<1></c><2>踊(おど)ってる？</c><1></c>,踊(おど)ってる？
136.086,136.453,-1,85,<1></c><2>（おっ</c><3>おー）</c><1></c>,（おっおー）
136.453,136.92,-1,85,<1></c><2>（おっおー）</c><1></c>,（おっおー）
136.92,137.087,-1,-1,<1></c><2>ゆ</c><3>らいでる？</c><1></c>,ゆらいでる？
137.087,137.254,-1,-1,<1></c><2>ゆら</c><3>いでる？</c><1></c>,ゆらいでる？
137.254,137.454,-1,-1,<1></c><2>ゆらい</c><3>でる？</c><1></c>,ゆらいでる？
137.454,137.621,-1,-1,<1></c><2>ゆらいで</c><3>る？</c><1></c>,ゆらいでる？
137.621,138.655,-1,-1,<1></c><2>ゆらいでる？</c><1></c>,ゆらいでる？
138.655,138.822,-1,-1,<1></c><2>ミ</c><3>ラーボールが回(まわ)ってる</c><1></c>,ミラーボールが回(まわ)ってる
138.822,138.989,-1,-1,<1></c><2>ミラ</c><3>ーボールが回(まわ)ってる</c><1></c>,ミラーボールが回(まわ)ってる
138.989,139.156,-1,-1,<1></c><2>ミラー</c><3>ボールが回(まわ)ってる</c><1></c>,ミラーボールが回(まわ)ってる
139.156,139.323,-1,-1,<1></c><2>ミラーボ</c><3>ールが回(まわ)ってる</c><1></c>,ミラーボールが回(まわ)ってる
139.323,139.49,-1,-1,<1></c><2>ミラーボー</c><3>ルが回(まわ)ってる</c><1></c>,ミラーボールが回(まわ)ってる
139.49,139.656,-1,-1,<1></c><2>ミラーボール</c><3>が回(まわ)ってる</c><1></c>,ミラーボールが回(まわ)ってる
139.656,139.823,-1,-1,<1></c><2>ミラーボールが</c><3>回(まわ)ってる</c><1></c>,ミラーボールが回(まわ)ってる
139.823,140.524,-1,-1,<1></c><2>ミラーボールが回(まわ)</c><3>ってる</c><1></c>,ミラーボールが回(まわ)ってる
140.524,140.891,-1,-1,<1></c><2>ミラーボールが回(まわ)っ</c><3>てる</c><1></c>,ミラーボールが回(まわ)ってる
140.891,141.225,-1,-1,<1></c><2>ミラーボールが回(まわ)って</c><3>る</c><1></c>,ミラーボールが回(まわ)ってる
141.225,142.092,-1,-1,<1></c><2>ミラーボールが回(まわ)ってる</c><1></c>,ミラーボールが回(まわ)ってる
141.558,141.725,-1,85,<1></c><2>（も</c><3>っと踊(おど)ってたい）</c><1></c>,（もっと踊(おど)ってたい）
141.725,141.892,-1,85,<1></c><2>（もっ</c><3>と踊(おど)ってたい）</c><1></c>,（もっと踊(おど)ってたい）
141.892,142.226,-1,85,<1></c><2>（もっと</c><3>踊(おど)ってたい）</c><1></c>,（もっと踊(おど)ってたい）
142.226,142.593,-1,85,<1></c><2>（もっと踊(おど)</c><3>ってたい）</c><1></c>,（もっと踊(おど)ってたい）
142.593,142.759,-1,85,<1></c><2>（もっと踊(おど)っ</c><3>てたい）</c><1></c>,（もっと踊(おど)ってたい）
142.759,142.926,-1,85,<1></c><2>（もっと踊(おど)って</c><3>たい）</c><1></c>,（もっと踊(おど)ってたい）
142.926,143.127,-1,85,<1></c><2>（もっと踊(おど)ってた</c><3>い）</c><1></c>,（もっと踊(おど)ってたい）
143.127,144.328,-1,85,<1></c><2>（もっと踊(おど)ってたい）</c><1></c>,（もっと踊(おど)ってたい）
144.328,144.661,-1,85,<1></c><2>（おっ</c><3>おー）</c><1></c>,（おっおー）
144.661,145.162,-1,85,<1></c><2>（おっおー）</c><1></c>,（おっおー）
145.162,145.496,-1,-1,<1></c><2>踊(おど)</c><3>ってる？</c><1></c>,踊(おど)ってる？
145.496,145.662,-1,-1,<1></c><2>踊(おど)っ</c><3>てる？</c><1></c>,踊(おど)ってる？
145.662,145.863,-1,-1,<1></c><2>踊(おど)って</c><3>る？</c><1></c>,踊(おど)ってる？
145.863,147.064,-1,-1,<1></c><2>踊(おど)ってる？</c><1></c>,踊(おど)ってる？
147.064,147.397,-1,85,<1></c><2>（おっ</c><3>おー）</c><1></c>,（おっおー）
147.397,147.898,-1,85,<1></c><2>（おっおー）</c><1></c>,（おっおー）
147.898,148.232,-1,-1,<1></c><2>踊(おど)</c><3>ってよ</c><1></c>,踊(おど)ってよ
148.232,148.398,-1,-1,<1></c><2>踊(おど)っ</c><3>てよ</c><1></c>,踊(おど)ってよ
148.398,148.599,-1,-1,<1></c><2>踊(おど)って</c><3>よ</c><1></c>,踊(おど)ってよ
148.599,149.466,-1,-1,<1></c><2>踊(おど)ってよ</c><1></c>,踊(おど)ってよ
149.466,149.633,-1,-1,<1></c><2>終(お)</c><3>わりが来(く)るまでずっと</c><1></c>,終(お)わりが来(く)るまでずっと
149.633,149.8,-1,-1,<1></c><2>終(お)わ</c><3>りが来(く)るまでずっと</c><1></c>,終(お)わりが来(く)るまでずっと
149.8,150.0,-1,-1,<1></c><2>終(お)わり</c><3>が来(く)るまでずっと</c><1></c>,終(お)わりが来(く)るまでずっと
150.0,150.3,-1,-1,<1></c><2>終(お)わりが</c><3>来(く)るまでずっと</c><1></c>,終(お)わりが来(く)るまでずっと
150.3,150.501,-1,-1,<1></c><2>終(お)わりが来(く)</c><3>るまでずっと</c><1></c>,終(お)わりが来(く)るまでずっと
150.501,150.667,-1,-1,<1></c><2>終(お)わりが来(く)る</c><3>までずっと</c><1></c>,終(お)わりが来(く)るまでずっと
150.667,151.168,-1,-1,<1></c><2>終(お)わりが来(く)るま</c><3>でずっと</c><1></c>,終(お)わりが来(く)るまでずっと
151.168,151.568,-1,-1,<1></c><2>終(お)わりが来(く)るまで</c><3>ずっと</c><1></c>,終(お)わりが来(く)るまでずっと
151.568,151.702,-1,-1,<1></c><2>終(お)わりが来(く)るまでず</c><3>っと</c><1></c>,終(お)わりが来(く)るまでずっと
151.702,152.035,-1,-1,<1></c><2>終(お)わりが来(く)るまでずっ</c><3>と</c><1></c>,終(お)わりが来(く)るまでずっと
152.035,153.07,-1,-1,<1></c><2>終(お)わりが来(く)るまでずっと</c><1></c>,終(お)わりが来(く)るまでずっと
153.07,153.403,-1,-1,<1></c><2>踊(おど)</c><3>りあかそう</c><1></c>,踊(おど)りあかそう
153.403,153.904,-1,-1,<1></c><2>踊(おど)り</c><3>あかそう</c><1></c>,踊(おど)りあかそう
153.904,154.271,-1,-1,<1></c><2>踊(おど)りあ</c><3>かそう</c><1></c>,踊(おど)りあかそう
154.271,154.605,-1,-1,<1></c><2>踊(おど)りあか</c><3>そう</c><1></c>,踊(おど)りあかそう
154.605,154.938,-1,-1,<1></c><2>踊(おど)りあかそ</c><3>う</c><1></c>,踊(おど)りあかそう
154.938,157.674,-1,-1,<1></c><2>踊(おど)りあかそう</c><1></c>,踊(おど)りあかそう
176.026,176.36,-1,-1,<1></c><2>誰(だれ)</c><3>よりも没(ぼっ)頭(とう)もっと</c><1></c>,誰(だれ)よりも没(ぼっ)頭(とう)もっと
176.36,176.527,-1,-1,<1></c><2>誰(だれ)よ</c><3>りも没(ぼっ)頭(とう)もっと</c><1></c>,誰(だれ)よりも没(ぼっ)頭(とう)もっと
176.527,176.693,-1,-1,<1></c><2>誰(だれ)より</c><3>も没(ぼっ)頭(とう)もっと</c><1></c>,誰(だれ)よりも没(ぼっ)頭(とう)もっと
176.693,176.86,-1,-1,<1></c><2>誰(だれ)よりも</c><3>没(ぼっ)頭(とう)もっと</c><1></c>,誰(だれ)よりも没(ぼっ)頭(とう)もっと
176.86,177.194,-1,-1,<1></c><2>誰(だれ)よりも没(ぼっ)</c><3>頭(とう)もっと</c><1></c>,誰(だれ)よりも没(ぼっ)頭(とう)もっと
177.194,177.728,-1,-1,<1></c><2>誰(だれ)よりも没(ぼっ)頭(とう)</c><3>もっと</c><1></c>,誰(だれ)よりも没(ぼっ)頭(とう)もっと
177.728,177.895,-1,-1,<1></c><2>誰(だれ)よりも没(ぼっ)頭(とう)も</c><3>っと</c><1></c>,誰(だれ)よりも没(ぼっ)頭(とう)もっと
177.895,178.061,-1,-1,<1></c><2>誰(だれ)よりも没(ぼっ)頭(とう)もっ</c><3>と</c><1></c>,誰(だれ)よりも没(ぼっ)頭(とう)もっと
178.061,178.762,-1,-1,<1></c><2>誰(だれ)よりも没(ぼっ)頭(とう)もっと</c><1></c>,誰(だれ)よりも没(ぼっ)頭(とう)もっと
178.762,179.096,-1,-1,<1></c><2>点(てん)</c><3>々(てん)はドットドット</c><1></c>,点(てん)々(てん)はドットドット
179.096,179.429,-1,-1,<1></c><2>点(てん)々(てん)</c><3>はドットドット</c><1></c>,点(てん)々(てん)はドットドット
179.429,179.63,-1,-1,<1></c><2>点(てん)々(てん)は</c><3>ドットドット</c><1></c>,点(てん)々(てん)はドットドット
179.63,179.763,-1,-1,<1></c><2>点(てん)々(てん)はド</c><3>ットドット</c><1></c>,点(てん)々(てん)はドットドット
179.763,179.963,-1,-1,<1></c><2>点(てん)々(てん)はドッ</c><3>トドット</c><1></c>,点(てん)々(てん)はドットドット
179.963,180.464,-1,-1,<1></c><2>点(てん)々(てん)はドット</c><3>ドット</c><1></c>,点(てん)々(てん)はドットドット
180.464,180.631,-1,-1,<1></c><2>点(てん)々(てん)はドットド</c><3>ット</c><1></c>,点(てん)々(てん)はドットドット
180.631,180.797,-1,-1,<1></c><2>点(てん)々(てん)はドットドッ</c><3>ト</c><1></c>,点(てん)々(てん)はドットドット
180.797,181.498,-1,-1,<1></c><2>点(てん)々(てん)はドットドット</c><1></c>,点(てん)々(てん)はドットドット
181.498,181.832,-1,-1,<1></c><2>今(いま)</c><3>すぐにダイビング飛(と)び込(こ)んでけ</c><1></c>,今(いま)すぐにダイビング飛(と)び込(こ)んでけ
181.832,181.999,-1,-1,<1></c><2>今(いま)す</c><3>ぐにダイビング飛(と)び込(こ)んでけ</c><1></c>,今(いま)すぐにダイビング飛(と)び込(こ)んでけ
181.999,182.199,-1,-1,<1></c><2>今(いま)すぐ</c><3>にダイビング飛(と)び込(こ)んでけ</c><1></c>,今(いま)すぐにダイビング飛(と)び込(こ)んでけ
182.199,182.366,-1,-1,<1></c><2>今(いま)すぐに</c><3>ダイビング飛(と)び込(こ)んでけ</c><1></c>,今(いま)すぐにダイビング飛(と)び込(こ)んでけ
182.366,182.866,-1,-1,<1></c><2>今(いま)すぐにダ</c><3>イビング飛(と)び込(こ)んでけ</c><1></c>,今(いま)すぐにダイビング飛(と)び込(こ)んでけ
182.866,183.033,-1,-1,<1></c><2>今(いま)すぐにダイ</c><3>ビング飛(と)び込(こ)んでけ</c><1></c>,今(いま)すぐにダイビング飛(と)び込(こ)んでけ
183.033,183.2,-1,-1,<1></c><2>今(いま)すぐにダイビ</c><3>ング飛(と)び込(こ)んでけ</c><1></c>,今(いま)すぐにダイビング飛(と)び込(こ)んでけ
183.2,183.367,-1,-1,<1></c><2>今(いま)すぐにダイビン</c><3>グ飛(と)び込(こ)んでけ</c><1></c>,今(いま)すぐにダイビング飛(と)び込(こ)んでけ
183.367,183.534,-1,-1,<1></c><2>今(いま)すぐにダイビング</c><3>飛(と)び込(こ)んでけ</c><1></c>,今(いま)すぐにダイビング飛(と)び込(こ)んでけ
183.534,183.734,-1,-1,<1></c><2>今(いま)すぐにダイビング飛(と)</c><3>び込(こ)んでけ</c><1></c>,今(いま)すぐにダイビング飛(と)び込(こ)んでけ
183.734,184.067,-1,-1,<1></c><2>今(いま)すぐにダイビング飛(と)び</c><3>込(こ)んでけ</c><1></c>,今(いま)すぐにダイビング飛(と)び込(こ)んでけ
184.067,184.401,-1,-1,<1></c><2>今(いま)すぐにダイビング飛(と)び込(こ)</c><3>んでけ</c><1></c>,今(いま)すぐにダイビング飛(と)び込(こ)んでけ
184.401,184.601,-1,-1,<1></c><2>今(いま)すぐにダイビング飛(と)び込(こ)ん</c><3>でけ</c><1></c>,今(いま)すぐにダイビング飛(と)び込(こ)んでけ
184.601,184.902,-1,-1,<1></c><2>今(いま)すぐにダイビング飛(と)び込(こ)んで</c><3>け</c><1></c>,今(いま)すぐにダイビング飛(と)び込(こ)んでけ
184.902,186.637,-1,-1,<1></c><2>今(いま)すぐにダイビング飛(と)び込(こ)んでけ</c><1></c>,今(いま)すぐにダイビング飛(と)び込(こ)んでけ
186.637,186.803,-1,-1,<1></c><2>ダ</c><3>ダダダダダダ</c><1></c>,ダダダダダダダ
186.803,186.97,-1,-1,<1></c><2>ダダ</c><3>ダダダダダ</c><1></c>,ダダダダダダダ
186.97,187.137,-1,-1,<1></c><2>ダダダ</c><3>ダダダダ</c><1></c>,ダダダダダダダ
187.137,187.337,-1,-1,<1></c><2>ダダダダ</c><3>ダダダ</c><1></c>,ダダダダダダダ
187.337,187.504,-1,-1,<1></c><2>ダダダダダ</c><3>ダダ</c><1></c>,ダダダダダダダ
187.504,187.671,-1,-1,<1></c><2>ダダダダダダ</c><3>ダ</c><1></c>,ダダダダダダダ
187.671,187.838,-1,-1,<1></c><2>ダダダダダダダ</c><1></c>,ダダダダダダダ
187.838,188.005,-1,-1,<1></c><2>ダ</c><3>ンシンただ踊(おど)ったって</c><1></c>,ダンシンただ踊(おど)ったって
188.005,188.172,-1,-1,<1></c><2>ダン</c><3>シンただ踊(おど)ったって</c><1></c>,ダンシンただ踊(おど)ったって
188.172,188.338,-1,-1,<1></c><2>ダンシ</c><3>ンただ踊(おど)ったって</c><1></c>,ダンシンただ踊(おど)ったって
188.338,188.505,-1,-1,<1></c><2>ダンシン</c><3>ただ踊(おど)ったって</c><1></c>,ダンシンただ踊(おど)ったって
188.505,188.705,-1,-1,<1></c><2>ダンシンた</c><3>だ踊(おど)ったって</c><1></c>,ダンシンただ踊(おど)ったって
188.705,188.872,-1,-1,<1></c><2>ダンシンただ</c><3>踊(おど)ったって</c><1></c>,ダンシンただ踊(おど)ったって
188.872,189.206,-1,-1,<1></c><2>ダンシンただ踊(おど)</c><3>ったって</c><1></c>,ダンシンただ踊(おど)ったって
189.206,189.373,-1,-1,<1></c><2>ダンシンただ踊(おど)っ</c><3>たって</c><1></c>,ダンシンただ踊(おど)ったって
189.373,189.54,-1,-1,<1></c><2>ダンシンただ踊(おど)った</c><3>って</c><1></c>,ダンシンただ踊(おど)ったって
189.54,189.706,-1,-1,<1></c><2>ダンシンただ踊(おど)ったっ</c><3>て</c><1></c>,ダンシンただ踊(おど)ったって
189.706,190.073,-1,-1,<1></c><2>ダンシンただ踊(おど)ったって</c><1></c>,ダンシンただ踊(おど)ったって
190.073,190.24,58,-1,<1></c><2>ま</c><3>まま満(まん)身(しん)創(そう)痍(い)なったって</c><1></c>,ままま満(まん)身(しん)創(そう)痍(い)なったって
190.24,190.407,58,-1,<1></c><2>まま</c><3>ま満(まん)身(しん)創(そう)痍(い)なったって</c><1></c>,ままま満(まん)身(しん)創(そう)痍(い)なったって
190.407,190.574,58,-1,<1></c><2>ままま</c><3>満(まん)身(しん)創(そう)痍(い)なったって</c><1></c>,ままま満(まん)身(しん)創(そう)痍(い)なったって
190.574,190.908,58,-1,<1></c><2>ままま満(まん)</c><3>身(しん)創(そう)痍(い)なったって</c><1></c>,ままま満(まん)身(しん)創(そう)痍(い)なったって
190.908,191.275,58,-1,<1></c><2>ままま満(まん)身(しん)</c><3>創(そう)痍(い)なったって</c><1></c>,ままま満(まん)身(しん)創(そう)痍(い)なったって
191.275,191.608,58,-1,<1></c><2>ままま満(まん)身(しん)創(そう)</c><3>痍(い)なったって</c><1></c>,ままま満(まん)身(しん)創(そう)痍(い)なったって
191.608,191.775,58,-1,<1></c><2>ままま満(まん)身(しん)創(そう)痍(い)</c><3>なったって</c><1></c>,ままま満(まん)身(しん)創(そう)痍(い)なったって
191.775,191.942,58,-1,<1></c><2>ままま満(まん)身(しん)創(そう)痍(い)な</c><3>ったって</c><1></c>,ままま満(まん)身(しん)創(そう)痍(い)なったって
191.942,192.109,58,-1,<1></c><2>ままま満(まん)身(しん)創(そう)痍(い)なっ</c><3>たって</c><1></c>,ままま満(まん)身(しん)創(そう)痍(い)なったって
192.109,192.309,58,-1,<1></c><2>ままま満(まん)身(しん)創(そう)痍(い)なった</c><3>って</c><1></c>,ままま満(まん)身(しん)創(そう)痍(い)なったって
192.309,192.476,58,-1,<1></c><2>ままま満(まん)身(しん)創(そう)痍(い)なったっ</c><3>て</c><1></c>,ままま満(まん)身(しん)創(そう)痍(い)なったって
192.476,193.143,58,-1,<1></c><2>ままま満(まん)身(しん)創(そう)痍(い)なったって</c><1></c>,ままま満(まん)身(しん)創(そう)痍(い)なったって
193.143,193.343,-1,-1,<1></c><2>s</c><3>tep捨(す)て身(み)ですれ違(ちが)って</c><1></c>,step捨(す)て身(み)ですれ違(ちが)って
193.343,193.677,-1,-1,<1></c><2>step</c><3>捨(す)て身(み)ですれ違(ちが)って</c><1></c>,step捨(す)て身(み)ですれ違(ちが)って
193.677,193.877,-1,-1,<1></c><2>step捨(す)</c><3>て身(み)ですれ違(ちが)って</c><1></c>,step捨(す)て身(み)ですれ違(ちが)って
193.877,194.211,-1,-1,<1></c><2>step捨(す)て</c><3>身(み)ですれ違(ちが)って</c><1></c>,step捨(す)て身(み)ですれ違(ちが)って
194.211,194.545,-1,-1,<1></c><2>step捨(す)て身(み)</c><3>ですれ違(ちが)って</c><1></c>,step捨(す)て身(み)ですれ違(ちが)って
194.545,195.078,-1,-1,<1></c><2>step捨(す)て身(み)で</c><3>すれ違(ちが)って</c><1></c>,step捨(す)て身(み)ですれ違(ちが)って
195.078,195.379,-1,-1,<1></c><2>step捨(す)て身(み)です</c><3>れ違(ちが)って</c><1></c>,step捨(す)て身(み)ですれ違(ちが)って
195.379,195.712,-1,-1,<1></c><2>step捨(す)て身(み)ですれ</c><3>違(ちが)って</c><1></c>,step捨(す)て身(み)ですれ違(ちが)って
195.712,196.413,-1,-1,<1></c><2>step捨(す)て身(み)ですれ違(ちが)</c><3>って</c><1></c>,step捨(す)て身(み)ですれ違(ちが)って
196.413,196.58,-1,-1,<1></c><2>step捨(す)て身(み)ですれ違(ちが)っ</c><3>て</c><1></c>,step捨(す)て身(み)ですれ違(ちが)って
196.446,196.547,-1,85,<1></c><2>（オ</c><3>ッケー！踊(おど)っちゃって）</c><1></c>,（オッケー！踊(おど)っちゃって）
196.547,196.613,-1,85,<1></c><2>（オッ</c><3>ケー！踊(おど)っちゃって）</c><1></c>,（オッケー！踊(おど)っちゃって）
196.58,197.281,-1,-1,<1></c><2>step捨(す)て身(み)ですれ違(ちが)って</c><1></c>,step捨(す)て身(み)ですれ違(ちが)って
196.613,196.78,-1,85,<1></c><2>（オッケ</c><3>ー！踊(おど)っちゃって）</c><1></c>,（オッケー！踊(おど)っちゃって）
196.78,196.947,-1,85,<1></c><2>（オッケー！</c><3>踊(おど)っちゃって）</c><1></c>,（オッケー！踊(おど)っちゃって）
196.947,197.481,-1,85,<1></c><2>（オッケー！踊(おど)</c><3>っちゃって）</c><1></c>,（オッケー！踊(おど)っちゃって）
197.481,197.614,-1,85,<1></c><2>（オッケー！踊(おど)っ</c><3>ちゃって）</c><1></c>,（オッケー！踊(おど)っちゃって）
197.614,197.814,-1,85,<1></c><2>（オッケー！踊(おど)っちゃ</c><3>って）</c><1></c>,（オッケー！踊(おど)っちゃって）
197.814,197.981,-1,85,<1></c><2>（オッケー！踊(おど)っちゃっ</c><3>て）</c><1></c>,（オッケー！踊(おど)っちゃって）
197.981,198.615,-1,85,<1></c><2>（オッケー！踊(おど)っちゃって）</c><1></c>,（オッケー！踊(おど)っちゃって）
198.282,198.448,-1,-1,<1></c><2>ジャ</c><3>ジャジャジャンケンポンで勝(か)っちゃって</c><1></c>,ジャジャジャジャンケンポンで勝(か)っちゃって
198.448,198.615,-1,-1,<1></c><2>ジャジャ</c><3>ジャジャンケンポンで勝(か)っちゃって</c><1></c>,ジャジャジャジャンケンポンで勝(か)っちゃって
198.615,198.782,-1,-1,<1></c><2>ジャジャジャ</c><3>ジャンケンポンで勝(か)っちゃって</c><1></c>,ジャジャジャジャンケンポンで勝(か)っちゃって
198.782,198.949,-1,-1,<1></c><2>ジャジャジャジャ</c><3>ンケンポンで勝(か)っちゃって</c><1></c>,ジャジャジャジャンケンポンで勝(か)っちゃって
198.949,199.149,-1,-1,<1></c><2>ジャジャジャジャン</c><3>ケンポンで勝(か)っちゃって</c><1></c>,ジャジャジャジャンケンポンで勝(か)っちゃって
199.149,199.316,-1,-1,<1></c><2>ジャジャジャジャンケ</c><3>ンポンで勝(か)っちゃって</c><1></c>,ジャジャジャジャンケンポンで勝(か)っちゃって
199.316,199.516,-1,-1,<1></c><2>ジャジャジャジャンケン</c><3>ポンで勝(か)っちゃって</c><1></c>,ジャジャジャジャンケンポンで勝(か)っちゃって
199.516,199.683,-1,-1,<1></c><2>ジャジャジャジャンケンポ</c><3>ンで勝(か)っちゃって</c><1></c>,ジャジャジャジャンケンポンで勝(か)っちゃって
199.683,199.85,-1,-1,<1></c><2>ジャジャジャジャンケンポン</c><3>で勝(か)っちゃって</c><1></c>,ジャジャジャジャンケンポンで勝(か)っちゃって
199.85,200.017,-1,-1,<1></c><2>ジャジャジャジャンケンポンで</c><3>勝(か)っちゃって</c><1></c>,ジャジャジャジャンケンポンで勝(か)っちゃって
200.017,200.184,-1,-1,<1></c><2>ジャジャジャジャンケンポンで勝(か)</c><3>っちゃって</c><1></c>,ジャジャジャジャンケンポンで勝(か)っちゃって
200.184,200.317,-1,-1,<1></c><2>ジャジャジャジャンケンポンで勝(か)っ</c><3>ちゃって</c><1></c>,ジャジャジャジャンケンポンで勝(か)っちゃって
200.317,200.517,-1,-1,<1></c><2>ジャジャジャジャンケンポンで勝(か)っちゃ</c><3>って</c><1></c>,ジャジャジャジャンケンポンで勝(か)っちゃって
200.517,200.717,-1,-1,<1></c><2>ジャジャジャジャンケンポンで勝(か)っちゃっ</c><3>て</c><1></c>,ジャジャジャジャンケンポンで勝(か)っちゃって
200.717,201.051,-1,-1,<1></c><2>ジャジャジャジャンケンポンで勝(か)っちゃって</c><1></c>,ジャジャジャジャンケンポンで勝(か)っちゃって
201.051,201.218,-1,-1,<1></c><2>ケ</c><3>ケケケンケンパ進(すす)んじゃって</c><1></c>,ケケケケンケンパ進(すす)んじゃって
201.218,201.385,-1,-1,<1></c><2>ケケ</c><3>ケケンケンパ進(すす)んじゃって</c><1></c>,ケケケケンケンパ進(すす)んじゃって
201.385,201.552,-1,-1,<1></c><2>ケケケ</c><3>ケンケンパ進(すす)んじゃって</c><1></c>,ケケケケンケンパ進(すす)んじゃって
201.552,201.718,-1,-1,<1></c><2>ケケケケ</c><3>ンケンパ進(すす)んじゃって</c><1></c>,ケケケケンケンパ進(すす)んじゃって
201.718,201.919,-1,-1,<1></c><2>ケケケケン</c><3>ケンパ進(すす)んじゃって</c><1></c>,ケケケケンケンパ進(すす)んじゃって
201.919,202.052,-1,-1,<1></c><2>ケケケケンケ</c><3>ンパ進(すす)んじゃって</c><1></c>,ケケケケンケンパ進(すす)んじゃって
202.052,202.252,-1,-1,<1></c><2>ケケケケンケン</c><3>パ進(すす)んじゃって</c><1></c>,ケケケケンケンパ進(すす)んじゃって
202.252,202.586,-1,-1,<1></c><2>ケケケケンケンパ</c><3>進(すす)んじゃって</c><1></c>,ケケケケンケンパ進(すす)んじゃって
202.586,202.92,-1,-1,<1></c><2>ケケケケンケンパ進(すす)</c><3>んじゃって</c><1></c>,ケケケケンケンパ進(すす)んじゃって
202.92,203.086,-1,-1,<1></c><2>ケケケケンケンパ進(すす)ん</c><3>じゃって</c><1></c>,ケケケケンケンパ進(すす)んじゃって
203.086,203.253,-1,-1,<1></c><2>ケケケケンケンパ進(すす)んじゃ</c><3>って</c><1></c>,ケケケケンケンパ進(すす)んじゃって
203.253,203.453,-1,-1,<1></c><2>ケケケケンケンパ進(すす)んじゃっ</c><3>て</c><1></c>,ケケケケンケンパ進(すす)んじゃって
203.453,204.154,-1,-1,<1></c><2>ケケケケンケンパ進(すす)んじゃって</c><1></c>,ケケケケンケンパ進(すす)んじゃって
204.154,204.321,58,-1,<1></c><2>か</c><3>まって可(か)能(のう)性(せい)感(かん)じちゃって</c><1></c>,かまって可(か)能(のう)性(せい)感(かん)じちゃって
204.321,204.488,58,-1,<1></c><2>かま</c><3>って可(か)能(のう)性(せい)感(かん)じちゃって</c><1></c>,かまって可(か)能(のう)性(せい)感(かん)じちゃって
204.488,204.655,58,-1,<1></c><2>かまっ</c><3>て可(か)能(のう)性(せい)感(かん)じちゃって</c><1></c>,かまって可(か)能(のう)性(せい)感(かん)じちゃって
204.655,204.821,58,-1,<1></c><2>かまって</c><3>可(か)能(のう)性(せい)感(かん)じちゃって</c><1></c>,かまって可(か)能(のう)性(せい)感(かん)じちゃって
204.821,205.189,58,-1,<1></c><2>かまって可(か)</c><3>能(のう)性(せい)感(かん)じちゃって</c><1></c>,かまって可(か)能(のう)性(せい)感(かん)じちゃって
205.189,205.556,58,-1,<1></c><2>かまって可(か)能(のう)</c><3>性(せい)感(かん)じちゃって</c><1></c>,かまって可(か)能(のう)性(せい)感(かん)じちゃって
205.556,206.023,58,-1,<1></c><2>かまって可(か)能(のう)性(せい)</c><3>感(かん)じちゃって</c><1></c>,かまって可(か)能(のう)性(せい)感(かん)じちゃって
206.023,206.69,58,-1,<1></c><2>かまって可(か)能(のう)性(せい)感(かん)</c><3>じちゃって</c><1></c>,かまって可(か)能(のう)性(せい)感(かん)じちゃって
206.69,207.024,58,-1,<1></c><2>かまって可(か)能(のう)性(せい)感(かん)じ</c><3>ちゃって</c><1></c>,かまって可(か)能(のう)性(せい)感(かん)じちゃって
207.024,207.391,58,-1,<1></c><2>かまって可(か)能(のう)性(せい)感(かん)じちゃ</c><3>って</c><1></c>,かまって可(か)能(のう)性(せい)感(かん)じちゃって
207.391,207.591,58,-1,<1></c><2>かまって可(か)能(のう)性(せい)感(かん)じちゃっ</c><3>て</c><1></c>,かまって可(か)能(のう)性(せい)感(かん)じちゃって
207.591,208.559,58,-1,<1></c><2>かまって可(か)能(のう)性(せい)感(かん)じちゃって</c><1></c>,かまって可(か)能(のう)性(せい)感(かん)じちゃって
208.559,208.759,-1,-1,<1></c><2>つ</c><3>まりnowonstep</c><1></c>,つまりnowonstep
208.759,208.926,-1,-1,<1></c><2>つま</c><3>りnowonstep</c><1></c>,つまりnowonstep
208.926,209.092,-1,-1,<1></c><2>つまり</c><3>nowonstep</c><1></c>,つまりnowonstep
209.092,209.426,-1,-1,<1></c><2>つまりnow</c><3>onstep</c><1></c>,つまりnowonstep
209.426,209.76,-1,-1,<1></c><2>つまりnowon</c><3>step</c><1></c>,つまりnowonstep
209.76,210.127,-1,-1,<1></c><2>つまりnowonstep</c><1></c>,つまりnowonstep
210.127,210.46,-1,85,<1></c><2>（おっ</c><3>おー）</c><1></c>,（おっおー）
210.46,210.994,-1,85,<1></c><2>（おっおー）</c><1></c>,（おっおー）
210.994,211.295,-1,-1,<1></c><2>踊(おど)</c><3>ってよう</c><1></c>,踊(おど)ってよう
211.295,211.495,-1,-1,<1></c><2>踊(おど)っ</c><3>てよう</c><1></c>,踊(おど)ってよう
211.495,211.662,-1,-1,<1></c><2>踊(おど)って</c><3>よう</c><1></c>,踊(おど)ってよう
211.662,211.828,-1,-1,<1></c><2>踊(おど)ってよ</c><3>う</c><1></c>,踊(おど)ってよう
211.828,212.863,-1,-1,<1></c><2>踊(おど)ってよう</c><1></c>,踊(おど)ってよう
212.863,213.197,-1,85,<1></c><2>（おっ</c><3>おー）</c><1></c>,（おっおー）
213.197,213.73,-1,85,<1></c><2>（おっおー）</c><1></c>,（おっおー）
213.73,214.064,-1,-1,<1></c><2>踊(おど)</c><3>ってよ</c><1></c>,踊(おど)ってよ
214.064,214.264,-1,-1,<1></c><2>踊(おど)っ</c><3>てよ</c><1></c>,踊(おど)ってよ
214.264,214.431,-1,-1,<1></c><2>踊(おど)って</c><3>よ</c><1></c>,踊(おど)ってよ
214.431,215.632,-1,-1,<1></c><2>踊(おど)ってよ</c><1></c>,踊(おど)ってよ
215.632,215.966,-1,85,<1></c><2>（おっ</c><3>おー）</c><1></c>,（おっおー）
215.966,216.466,-1,85,<1></c><2>（おっおー）</c><1></c>,（おっおー）
216.466,216.8,-1,-1,<1></c><2>踊(おど)</c><3>ってよう</c><1></c>,踊(おど)ってよう
216.8,217.0,-1,-1,<1></c><2>踊(おど)っ</c><3>てよう</c><1></c>,踊(おど)ってよう
217.0,217.167,-1,-1,<1></c><2>踊(おど)って</c><3>よう</c><1></c>,踊(おど)ってよう
217.167,217.301,-1,-1,<1></c><2>踊(おど)ってよ</c><3>う</c><1></c>,踊(おど)ってよう
217.301,218.335,-1,-1,<1></c><2>踊(おど)ってよう</c><1></c>,踊(おど)ってよう
218.335,218.669,-1,85,<1></c><2>（おっ</c><3>おー）</c><1></c>,（おっおー）
218.669,219.203,-1,85,<1></c><2>（おっおー）</c><1></c>,（おっおー）
219.203,219.536,-1,-1,<1></c><2>踊(おど)</c><3>ってよ</c><1></c>,踊(おど)ってよ
219.536,219.736,-1,-1,<1></c><2>踊(おど)っ</c><3>てよ</c><1></c>,踊(おど)ってよ
219.736,219.903,-1,-1,<1></c><2>踊(おど)って</c><3>よ</c><1></c>,踊(おど)ってよ
219.903,221.104,-1,-1,<1></c><2>踊(おど)ってよ</c><1></c>,踊(おど)ってよ
221.104,221.438,-1,85,<1></c><2>（おっ</c><3>おー）</c><1></c>,（おっおー）
221.438,221.939,-1,85,<1></c><2>（おっおー）</c><1></c>,（おっおー）
221.939,222.272,-1,-1,<1></c><2>踊(おど)</c><3>ってよう</c><1></c>,踊(おど)ってよう
222.272,222.472,-1,-1,<1></c><2>踊(おど)っ</c><3>てよう</c><1></c>,踊(おど)ってよう
222.472,222.639,-1,-1,<1></c><2>踊(おど)って</c><3>よう</c><1></c>,踊(おど)ってよう
222.639,222.773,-1,-1,<1></c><2>踊(おど)ってよ</c><3>う</c><1></c>,踊(おど)ってよう
222.773,223.84,-1,-1,<1></c><2>踊(おど)ってよう</c><1></c>,踊(おど)ってよう
223.84,224.174,-1,85,<1></c><2>（おっ</c><3>おー）</c><1></c>,（おっおー）
224.174,224.708,-1,85,<1></c><2>（おっおー）</c><1></c>,（おっおー）
224.708,225.008,-1,-1,<1></c><2>踊(おど)</c><3>ってよ</c><1></c>,踊(おど)ってよ
225.008,225.209,-1,-1,<1></c><2>踊(おど)っ</c><3>てよ</c><1></c>,踊(おど)ってよ
225.209,225.375,-1,-1,<1></c><2>踊(おど)って</c><3>よ</c><1></c>,踊(おど)ってよ
225.375,226.577,-1,-1,<1></c><2>踊(おど)ってよ</c><1></c>,踊(おど)ってよ
226.577,226.91,-1,85,<1></c><2>（おっ</c><3>おー）</c><1></c>,（おっおー）
226.91,227.444,-1,85,<1></c><2>（おっおー）</c><1></c>,（おっおー）
227.444,227.778,-1,-1,<1></c><2>踊(おど)</c><3>ってよう</c><1></c>,踊(おど)ってよう
227.778,227.978,-1,-1,<1></c><2>踊(おど)っ</c><3>てよう</c><1></c>,踊(おど)ってよう
227.978,228.145,-1,-1,<1></c><2>踊(おど)って</c><3>よう</c><1></c>,踊(おど)ってよう
228.145,228.312,-1,-1,<1></c><2>踊(おど)ってよ</c><3>う</c><1></c>,踊(おど)ってよう
228.312,229.313,-1,-1,<1></c><2>踊(おど)ってよう</c><1></c>,踊(おど)ってよう
229.313,229.68,-1,85,<1></c><2>（おっ</c><3>おー）</c><1></c>,（おっおー）
229.68,230.18,-1,85,<1></c><2>（おっおー）</c><1></c>,（おっおー）
230.18,230.514,-1,-1,<1></c><2>踊(おど)</c><3>ってよ</c><1></c>,踊(おど)ってよ
230.514,230.714,-1,-1,<1></c><2>踊(おど)っ</c><3>てよ</c><1></c>,踊(おど)ってよ
230.714,230.881,-1,-1,<1></c><2>踊(おど)って</c><3>よ</c><1></c>,踊(おど)ってよ
230.881,231.415,-1,-1,<1></c><2>踊(おど)ってよ</c><1></c>,踊(おど)ってよ
