start,end,position,line,text,unformatted
10.661,11.128,-1,-1,<2></c><1>eve</c><3>ryemotionshasafin</c><2></c>,everyemotionshasafin
11.128,11.562,-1,-1,<2></c><1>every</c><3>emotionshasafin</c><2></c>,everyemotionshasafin
11.562,12.029,-1,-1,<2></c><1>everye</c><3>motionshasafin</c><2></c>,everyemotionshasafin
12.029,12.496,-1,-1,<2></c><1>everyemo</c><3>tionshasafin</c><2></c>,everyemotionshasafin
12.496,12.93,-1,-1,<2></c><1>everyemotions</c><3>hasafin</c><2></c>,everyemotionshasafin
12.93,13.397,-1,-1,<2></c><1>everyemotionshas</c><3>afin</c><2></c>,everyemotionshasafin
13.397,13.831,-1,-1,<2></c><1>everyemotionshasa</c><3>fin</c><2></c>,everyemotionshasafin
13.831,16.567,-1,-1,<2></c><1>everyemotionshasafin</c><2></c>,everyemotionshasafin
17.901,18.369,63,-1,<2></c><1>it</c><3>takesmetobeautifulplaces</c><2></c>,ittakesmetobeautifulplaces
18.369,18.802,63,-1,<2></c><1>ittakes</c><3>metobeautifulplaces</c><2></c>,ittakesmetobeautifulplaces
18.802,19.236,63,-1,<2></c><1>ittakesme</c><3>tobeautifulplaces</c><2></c>,ittakesmetobeautifulplaces
19.236,19.703,63,-1,<2></c><1>ittakesmeto</c><3>beautifulplaces</c><2></c>,ittakesmetobeautifulplaces
19.703,20.17,63,-1,<2></c><1>ittakesmetobeau</c><3>tifulplaces</c><2></c>,ittakesmetobeautifulplaces
20.17,20.604,63,-1,<2></c><1>ittakesmetobeauti</c><3>fulplaces</c><2></c>,ittakesmetobeautifulplaces
20.604,21.038,63,-1,<2></c><1>ittakesmetobeautiful</c><3>places</c><2></c>,ittakesmetobeautifulplaces
21.038,23.674,63,-1,<2></c><1>ittakesmetobeautifulplaces</c><2></c>,ittakesmetobeautifulplaces
24.408,24.742,56,-1,<2></c><1>心(こころ)</c><3>　泳(およ)ぐ感(かん)情(じょう)たちは</c><2></c>,心(こころ)　泳(およ)ぐ感(かん)情(じょう)たちは
24.742,25.009,56,-1,<2></c><1>心(こころ)</c><3>　泳(およ)ぐ感(かん)情(じょう)たちは</c><2></c>,心(こころ)　泳(およ)ぐ感(かん)情(じょう)たちは
25.009,26.243,56,-1,<2></c><1>心(こころ)</c><3>　泳(およ)ぐ感(かん)情(じょう)たちは</c><2></c>,心(こころ)　泳(およ)ぐ感(かん)情(じょう)たちは
26.243,26.51,56,-1,<2></c><1>心(こころ)　泳(およ)</c><3>ぐ感(かん)情(じょう)たちは</c><2></c>,心(こころ)　泳(およ)ぐ感(かん)情(じょう)たちは
26.51,26.744,56,-1,<2></c><1>心(こころ)　泳(およ)</c><3>ぐ感(かん)情(じょう)たちは</c><2></c>,心(こころ)　泳(およ)ぐ感(かん)情(じょう)たちは
26.744,28.012,56,-1,<2></c><1>心(こころ)　泳(およ)ぐ</c><3>感(かん)情(じょう)たちは</c><2></c>,心(こころ)　泳(およ)ぐ感(かん)情(じょう)たちは
28.012,28.278,56,-1,<2></c><1>心(こころ)　泳(およ)ぐ感(かん)</c><3>情(じょう)たちは</c><2></c>,心(こころ)　泳(およ)ぐ感(かん)情(じょう)たちは
28.278,28.645,56,-1,<2></c><1>心(こころ)　泳(およ)ぐ感(かん)</c><3>情(じょう)たちは</c><2></c>,心(こころ)　泳(およ)ぐ感(かん)情(じょう)たちは
28.645,28.779,56,-1,<2></c><1>心(こころ)　泳(およ)ぐ感(かん)情(じょう)</c><3>たちは</c><2></c>,心(こころ)　泳(およ)ぐ感(かん)情(じょう)たちは
28.779,29.813,56,-1,<2></c><1>心(こころ)　泳(およ)ぐ感(かん)情(じょう)</c><3>たちは</c><2></c>,心(こころ)　泳(およ)ぐ感(かん)情(じょう)たちは
29.813,30.08,56,-1,<2></c><1>心(こころ)　泳(およ)ぐ感(かん)情(じょう)た</c><3>ちは</c><2></c>,心(こころ)　泳(およ)ぐ感(かん)情(じょう)たちは
30.08,30.347,56,-1,<2></c><1>心(こころ)　泳(およ)ぐ感(かん)情(じょう)たち</c><3>は</c><2></c>,心(こころ)　泳(およ)ぐ感(かん)情(じょう)たちは
30.347,31.615,56,-1,<2></c><1>心(こころ)　泳(およ)ぐ感(かん)情(じょう)たちは</c><2></c>,心(こころ)　泳(およ)ぐ感(かん)情(じょう)たちは
31.615,31.915,-1,-1,<2></c><1>ま</c><3>るで銀(ぎん)の渦(うず)の鰯(いわし)</c><2></c>,まるで銀(ぎん)の渦(うず)の鰯(いわし)
31.915,32.182,-1,-1,<2></c><1>まる</c><3>で銀(ぎん)の渦(うず)の鰯(いわし)</c><2></c>,まるで銀(ぎん)の渦(うず)の鰯(いわし)
32.182,33.484,-1,-1,<2></c><1>まるで</c><3>銀(ぎん)の渦(うず)の鰯(いわし)</c><2></c>,まるで銀(ぎん)の渦(うず)の鰯(いわし)
33.484,33.751,-1,-1,<2></c><1>まるで銀(ぎん)</c><3>の渦(うず)の鰯(いわし)</c><2></c>,まるで銀(ぎん)の渦(うず)の鰯(いわし)
33.751,33.984,-1,-1,<2></c><1>まるで銀(ぎん)</c><3>の渦(うず)の鰯(いわし)</c><2></c>,まるで銀(ぎん)の渦(うず)の鰯(いわし)
33.984,35.285,-1,-1,<2></c><1>まるで銀(ぎん)の</c><3>渦(うず)の鰯(いわし)</c><2></c>,まるで銀(ぎん)の渦(うず)の鰯(いわし)
35.285,35.586,-1,-1,<2></c><1>まるで銀(ぎん)の渦(うず)</c><3>の鰯(いわし)</c><2></c>,まるで銀(ぎん)の渦(うず)の鰯(いわし)
35.586,35.853,-1,-1,<2></c><1>まるで銀(ぎん)の渦(うず)</c><3>の鰯(いわし)</c><2></c>,まるで銀(ぎん)の渦(うず)の鰯(いわし)
35.853,37.087,-1,-1,<2></c><1>まるで銀(ぎん)の渦(うず)の</c><3>鰯(いわし)</c><2></c>,まるで銀(ぎん)の渦(うず)の鰯(いわし)
37.087,37.321,-1,-1,<2></c><1>まるで銀(ぎん)の渦(うず)の鰯(いわし)</c><2></c>,まるで銀(ぎん)の渦(うず)の鰯(いわし)
37.321,38.856,-1,-1,<2></c><1>まるで銀(ぎん)の渦(うず)の鰯(いわし)</c><2></c>,まるで銀(ぎん)の渦(うず)の鰯(いわし)
38.856,39.089,-1,-1,<2></c><1>未(いま)</c><3>だ形(かたち)　定(さだ)まらずに</c><2></c>,未(いま)だ形(かたち)　定(さだ)まらずに
39.089,39.39,-1,-1,<2></c><1>未(いま)</c><3>だ形(かたち)　定(さだ)まらずに</c><2></c>,未(いま)だ形(かたち)　定(さだ)まらずに
39.39,40.691,-1,-1,<2></c><1>未(いま)だ</c><3>形(かたち)　定(さだ)まらずに</c><2></c>,未(いま)だ形(かたち)　定(さだ)まらずに
40.691,40.891,-1,-1,<2></c><1>未(いま)だ形(かたち)</c><3>　定(さだ)まらずに</c><2></c>,未(いま)だ形(かたち)　定(さだ)まらずに
40.891,41.291,-1,-1,<2></c><1>未(いま)だ形(かたち)</c><3>　定(さだ)まらずに</c><2></c>,未(いま)だ形(かたち)　定(さだ)まらずに
41.291,42.493,-1,-1,<2></c><1>未(いま)だ形(かたち)　</c><3>定(さだ)まらずに</c><2></c>,未(いま)だ形(かたち)　定(さだ)まらずに
42.493,42.726,-1,-1,<2></c><1>未(いま)だ形(かたち)　定(さだ)</c><3>まらずに</c><2></c>,未(いま)だ形(かたち)　定(さだ)まらずに
42.726,43.06,-1,-1,<2></c><1>未(いま)だ形(かたち)　定(さだ)</c><3>まらずに</c><2></c>,未(いま)だ形(かたち)　定(さだ)まらずに
43.06,44.294,-1,-1,<2></c><1>未(いま)だ形(かたち)　定(さだ)ま</c><3>らずに</c><2></c>,未(いま)だ形(かたち)　定(さだ)まらずに
44.294,44.528,-1,-1,<2></c><1>未(いま)だ形(かたち)　定(さだ)まら</c><3>ずに</c><2></c>,未(いま)だ形(かたち)　定(さだ)まらずに
44.528,44.828,-1,-1,<2></c><1>未(いま)だ形(かたち)　定(さだ)まらず</c><3>に</c><2></c>,未(いま)だ形(かたち)　定(さだ)まらずに
44.828,46.096,-1,-1,<2></c><1>未(いま)だ形(かたち)　定(さだ)まらずに</c><2></c>,未(いま)だ形(かたち)　定(さだ)まらずに
46.096,46.33,63,-1,<2></c><1>水(みず)</c><3>に跳(は)ねる光(ひかり)の粒(つぶ)を追(お)って</c><2></c>,水(みず)に跳(は)ねる光(ひかり)の粒(つぶ)を追(お)って
46.33,46.663,63,-1,<2></c><1>水(みず)</c><3>に跳(は)ねる光(ひかり)の粒(つぶ)を追(お)って</c><2></c>,水(みず)に跳(は)ねる光(ひかり)の粒(つぶ)を追(お)って
46.663,47.031,63,-1,<2></c><1>水(みず)に</c><3>跳(は)ねる光(ひかり)の粒(つぶ)を追(お)って</c><2></c>,水(みず)に跳(は)ねる光(ひかり)の粒(つぶ)を追(お)って
47.031,47.231,63,-1,<2></c><1>水(みず)に跳(は)</c><3>ねる光(ひかり)の粒(つぶ)を追(お)って</c><2></c>,水(みず)に跳(は)ねる光(ひかり)の粒(つぶ)を追(お)って
47.231,47.598,63,-1,<2></c><1>水(みず)に跳(は)ね</c><3>る光(ひかり)の粒(つぶ)を追(お)って</c><2></c>,水(みず)に跳(は)ねる光(ひかり)の粒(つぶ)を追(お)って
47.598,47.898,63,-1,<2></c><1>水(みず)に跳(は)ねる</c><3>光(ひかり)の粒(つぶ)を追(お)って</c><2></c>,水(みず)に跳(は)ねる光(ひかり)の粒(つぶ)を追(お)って
47.898,48.132,63,-1,<2></c><1>水(みず)に跳(は)ねる光(ひかり)</c><3>の粒(つぶ)を追(お)って</c><2></c>,水(みず)に跳(は)ねる光(ひかり)の粒(つぶ)を追(お)って
48.132,48.499,63,-1,<2></c><1>水(みず)に跳(は)ねる光(ひかり)</c><3>の粒(つぶ)を追(お)って</c><2></c>,水(みず)に跳(は)ねる光(ひかり)の粒(つぶ)を追(お)って
48.499,48.832,63,-1,<2></c><1>水(みず)に跳(は)ねる光(ひかり)</c><3>の粒(つぶ)を追(お)って</c><2></c>,水(みず)に跳(は)ねる光(ひかり)の粒(つぶ)を追(お)って
48.832,49.033,63,-1,<2></c><1>水(みず)に跳(は)ねる光(ひかり)の</c><3>粒(つぶ)を追(お)って</c><2></c>,水(みず)に跳(は)ねる光(ひかり)の粒(つぶ)を追(お)って
49.033,49.4,63,-1,<2></c><1>水(みず)に跳(は)ねる光(ひかり)の粒(つぶ)</c><3>を追(お)って</c><2></c>,水(みず)に跳(は)ねる光(ひかり)の粒(つぶ)を追(お)って
49.4,49.7,63,-1,<2></c><1>水(みず)に跳(は)ねる光(ひかり)の粒(つぶ)</c><3>を追(お)って</c><2></c>,水(みず)に跳(は)ねる光(ひかり)の粒(つぶ)を追(お)って
49.7,49.933,63,-1,<2></c><1>水(みず)に跳(は)ねる光(ひかり)の粒(つぶ)を</c><3>追(お)って</c><2></c>,水(みず)に跳(は)ねる光(ひかり)の粒(つぶ)を追(お)って
49.933,50.267,63,-1,<2></c><1>水(みず)に跳(は)ねる光(ひかり)の粒(つぶ)を追(お)</c><3>って</c><2></c>,水(みず)に跳(は)ねる光(ひかり)の粒(つぶ)を追(お)って
50.267,50.601,63,-1,<2></c><1>水(みず)に跳(は)ねる光(ひかり)の粒(つぶ)を追(お)っ</c><3>て</c><2></c>,水(みず)に跳(は)ねる光(ひかり)の粒(つぶ)を追(お)って
50.601,52.436,63,-1,<2></c><1>水(みず)に跳(は)ねる光(ひかり)の粒(つぶ)を追(お)って</c><2></c>,水(みず)に跳(は)ねる光(ひかり)の粒(つぶ)を追(お)って
52.436,52.636,-1,-1,<2></c><1>そ</c><3>れじゃ気(き)まま過(す)ぎると</c><2></c>,それじゃ気(き)まま過(す)ぎると
52.636,52.87,-1,-1,<2></c><1>それ</c><3>じゃ気(き)まま過(す)ぎると</c><2></c>,それじゃ気(き)まま過(す)ぎると
52.87,53.303,-1,-1,<2></c><1>それじゃ</c><3>気(き)まま過(す)ぎると</c><2></c>,それじゃ気(き)まま過(す)ぎると
53.303,53.537,-1,-1,<2></c><1>それじゃ気(き)</c><3>まま過(す)ぎると</c><2></c>,それじゃ気(き)まま過(す)ぎると
53.537,53.771,-1,-1,<2></c><1>それじゃ気(き)ま</c><3>ま過(す)ぎると</c><2></c>,それじゃ気(き)まま過(す)ぎると
53.771,53.971,-1,-1,<2></c><1>それじゃ気(き)まま</c><3>過(す)ぎると</c><2></c>,それじゃ気(き)まま過(す)ぎると
53.971,54.438,-1,-1,<2></c><1>それじゃ気(き)まま過(す)</c><3>ぎると</c><2></c>,それじゃ気(き)まま過(す)ぎると
54.438,54.805,-1,-1,<2></c><1>それじゃ気(き)まま過(す)ぎ</c><3>ると</c><2></c>,それじゃ気(き)まま過(す)ぎると
54.805,55.105,-1,-1,<2></c><1>それじゃ気(き)まま過(す)ぎる</c><3>と</c><2></c>,それじゃ気(き)まま過(す)ぎると
55.105,56.907,-1,-1,<2></c><1>それじゃ気(き)まま過(す)ぎると</c><2></c>,それじゃ気(き)まま過(す)ぎると
56.907,57.141,-1,-1,<2></c><1>僕(ぼく)</c><3>を責(せ)めるかい？</c><2></c>,僕(ぼく)を責(せ)めるかい？
57.141,57.374,-1,-1,<2></c><1>僕(ぼく)</c><3>を責(せ)めるかい？</c><2></c>,僕(ぼく)を責(せ)めるかい？
57.374,57.574,-1,-1,<2></c><1>僕(ぼく)を</c><3>責(せ)めるかい？</c><2></c>,僕(ぼく)を責(せ)めるかい？
57.574,57.808,-1,-1,<2></c><1>僕(ぼく)を責(せ)</c><3>めるかい？</c><2></c>,僕(ぼく)を責(せ)めるかい？
57.808,58.042,-1,-1,<2></c><1>僕(ぼく)を責(せ)め</c><3>るかい？</c><2></c>,僕(ぼく)を責(せ)めるかい？
58.042,58.375,-1,-1,<2></c><1>僕(ぼく)を責(せ)める</c><3>かい？</c><2></c>,僕(ぼく)を責(せ)めるかい？
58.375,58.742,-1,-1,<2></c><1>僕(ぼく)を責(せ)めるか</c><3>い？</c><2></c>,僕(ぼく)を責(せ)めるかい？
58.742,59.643,-1,-1,<2></c><1>僕(ぼく)を責(せ)めるかい？</c><2></c>,僕(ぼく)を責(せ)めるかい？
59.643,59.877,-1,-1,<2></c><1>ま</c><3>るで予(よ)測(そく)不(ふ)能(のう)</c><2></c>,まるで予(よ)測(そく)不(ふ)能(のう)
59.877,60.077,-1,-1,<2></c><1>まる</c><3>で予(よ)測(そく)不(ふ)能(のう)</c><2></c>,まるで予(よ)測(そく)不(ふ)能(のう)
60.077,60.544,-1,-1,<2></c><1>まるで</c><3>予(よ)測(そく)不(ふ)能(のう)</c><2></c>,まるで予(よ)測(そく)不(ふ)能(のう)
60.544,60.778,-1,-1,<2></c><1>まるで予(よ)</c><3>測(そく)不(ふ)能(のう)</c><2></c>,まるで予(よ)測(そく)不(ふ)能(のう)
60.778,61.011,-1,-1,<2></c><1>まるで予(よ)測(そく)</c><3>不(ふ)能(のう)</c><2></c>,まるで予(よ)測(そく)不(ふ)能(のう)
61.011,61.211,-1,-1,<2></c><1>まるで予(よ)測(そく)</c><3>不(ふ)能(のう)</c><2></c>,まるで予(よ)測(そく)不(ふ)能(のう)
61.211,61.445,-1,-1,<2></c><1>まるで予(よ)測(そく)不(ふ)</c><3>能(のう)</c><2></c>,まるで予(よ)測(そく)不(ふ)能(のう)
61.445,62.346,-1,-1,<2></c><1>まるで予(よ)測(そく)不(ふ)能(のう)</c><2></c>,まるで予(よ)測(そく)不(ふ)能(のう)
62.346,62.579,-1,-1,<2></c><1>i</c><3>don’tknowwheretogo?</c><2></c>,idon’tknowwheretogo?
62.579,63.047,-1,-1,<2></c><1>idon’t</c><3>knowwheretogo?</c><2></c>,idon’tknowwheretogo?
63.047,63.213,-1,-1,<2></c><1>idon’tknow</c><3>wheretogo?</c><2></c>,idon’tknowwheretogo?
63.213,63.714,-1,-1,<2></c><1>idon’tknowwhere</c><3>togo?</c><2></c>,idon’tknowwheretogo?
63.714,64.181,-1,-1,<2></c><1>idon’tknowwhereto</c><3>go?</c><2></c>,idon’tknowwheretogo?
64.181,66.183,-1,-1,<2></c><1>idon’tknowwheretogo?</c><2></c>,idon’tknowwheretogo?
67.317,67.551,-1,-1,<2></c><4>い</c><3>つかは大(おお)きなソウルになるかな</c><2></c>,いつかは大(おお)きなソウルになるかな
67.551,67.785,-1,-1,<2></c><4>いつ</c><3>かは大(おお)きなソウルになるかな</c><2></c>,いつかは大(おお)きなソウルになるかな
67.785,67.985,-1,-1,<2></c><4>いつか</c><3>は大(おお)きなソウルになるかな</c><2></c>,いつかは大(おお)きなソウルになるかな
67.985,68.652,-1,-1,<2></c><4>いつかは</c><3>大(おお)きなソウルになるかな</c><2></c>,いつかは大(おお)きなソウルになるかな
68.652,69.119,-1,-1,<2></c><4>いつかは大(おお)</c><3>きなソウルになるかな</c><2></c>,いつかは大(おお)きなソウルになるかな
69.119,69.553,-1,-1,<2></c><4>いつかは大(おお)</c><3>きなソウルになるかな</c><2></c>,いつかは大(おお)きなソウルになるかな
69.553,70.02,-1,-1,<2></c><4>いつかは大(おお)き</c><3>なソウルになるかな</c><2></c>,いつかは大(おお)きなソウルになるかな
70.02,70.921,-1,-1,<2></c><4>いつかは大(おお)きな</c><3>ソウルになるかな</c><2></c>,いつかは大(おお)きなソウルになるかな
70.921,71.155,-1,-1,<2></c><4>いつかは大(おお)きなソ</c><3>ウルになるかな</c><2></c>,いつかは大(おお)きなソウルになるかな
71.155,71.388,-1,-1,<2></c><4>いつかは大(おお)きなソウ</c><3>ルになるかな</c><2></c>,いつかは大(おお)きなソウルになるかな
71.388,71.588,-1,-1,<2></c><4>いつかは大(おお)きなソウル</c><3>になるかな</c><2></c>,いつかは大(おお)きなソウルになるかな
71.588,72.289,-1,-1,<2></c><4>いつかは大(おお)きなソウルに</c><3>なるかな</c><2></c>,いつかは大(おお)きなソウルになるかな
72.289,72.723,-1,-1,<2></c><4>いつかは大(おお)きなソウルにな</c><3>るかな</c><2></c>,いつかは大(おお)きなソウルになるかな
72.723,73.157,-1,-1,<2></c><4>いつかは大(おお)きなソウルになる</c><3>かな</c><2></c>,いつかは大(おお)きなソウルになるかな
73.157,73.624,-1,-1,<2></c><4>いつかは大(おお)きなソウルになるか</c><3>な</c><2></c>,いつかは大(おお)きなソウルになるかな
73.624,74.525,-1,-1,<2></c><4>いつかは大(おお)きなソウルになるかな</c><2></c>,いつかは大(おお)きなソウルになるかな
74.525,74.725,-1,-1,<2></c><4>僕(ぼく)</c><3>という輪(りん)郭(かく)を</c><2></c>,僕(ぼく)という輪(りん)郭(かく)を
74.725,74.958,-1,-1,<2></c><4>僕(ぼく)</c><3>という輪(りん)郭(かく)を</c><2></c>,僕(ぼく)という輪(りん)郭(かく)を
74.958,75.192,-1,-1,<2></c><4>僕(ぼく)と</c><3>いう輪(りん)郭(かく)を</c><2></c>,僕(ぼく)という輪(りん)郭(かく)を
75.192,75.325,-1,-1,<2></c><4>僕(ぼく)とい</c><3>う輪(りん)郭(かく)を</c><2></c>,僕(ぼく)という輪(りん)郭(かく)を
75.325,76.326,-1,-1,<2></c><4>僕(ぼく)という</c><3>輪(りん)郭(かく)を</c><2></c>,僕(ぼく)という輪(りん)郭(かく)を
76.326,76.56,-1,-1,<2></c><4>僕(ぼく)という輪(りん)</c><3>郭(かく)を</c><2></c>,僕(ぼく)という輪(りん)郭(かく)を
76.56,76.76,-1,-1,<2></c><4>僕(ぼく)という輪(りん)</c><3>郭(かく)を</c><2></c>,僕(ぼく)という輪(りん)郭(かく)を
76.76,76.994,-1,-1,<2></c><4>僕(ぼく)という輪(りん)郭(かく)</c><3>を</c><2></c>,僕(ぼく)という輪(りん)郭(かく)を
76.994,77.127,-1,-1,<2></c><4>僕(ぼく)という輪(りん)郭(かく)</c><3>を</c><2></c>,僕(ぼく)という輪(りん)郭(かく)を
77.127,78.495,-1,-1,<2></c><4>僕(ぼく)という輪(りん)郭(かく)を</c><2></c>,僕(ぼく)という輪(りん)郭(かく)を
78.495,78.595,-1,-1,<2></c><4>強(つよ)</c><3>く強(つよ)く描(えが)くの</c><2></c>,強(つよ)く強(つよ)く描(えが)くの
78.595,78.796,-1,-1,<2></c><4>強(つよ)</c><3>く強(つよ)く描(えが)くの</c><2></c>,強(つよ)く強(つよ)く描(えが)くの
78.796,79.463,-1,-1,<2></c><4>強(つよ)く</c><3>強(つよ)く描(えが)くの</c><2></c>,強(つよ)く強(つよ)く描(えが)くの
79.463,79.53,-1,-1,<2></c><4>強(つよ)く強(つよ)</c><3>く描(えが)くの</c><2></c>,強(つよ)く強(つよ)く描(えが)くの
79.53,79.696,-1,-1,<2></c><4>強(つよ)く強(つよ)</c><3>く描(えが)くの</c><2></c>,強(つよ)く強(つよ)く描(えが)くの
79.696,80.397,-1,-1,<2></c><4>強(つよ)く強(つよ)く</c><3>描(えが)くの</c><2></c>,強(つよ)く強(つよ)く描(えが)くの
80.397,80.597,-1,-1,<2></c><4>強(つよ)く強(つよ)く描(えが)</c><3>くの</c><2></c>,強(つよ)く強(つよ)く描(えが)くの
80.597,81.065,-1,-1,<2></c><4>強(つよ)く強(つよ)く描(えが)</c><3>くの</c><2></c>,強(つよ)く強(つよ)く描(えが)くの
81.065,81.498,-1,-1,<2></c><4>強(つよ)く強(つよ)く描(えが)く</c><3>の</c><2></c>,強(つよ)く強(つよ)く描(えが)くの
81.498,81.698,-1,-1,<2></c><4>強(つよ)く強(つよ)く描(えが)くの</c><2></c>,強(つよ)く強(つよ)く描(えが)くの
81.698,81.965,-1,-1,<2></c><4>水面(みなも)</c><3>を飛(と)び出(だ)し</c><2></c>,水面(みなも)を飛(と)び出(だ)し
81.965,82.166,-1,-1,<2></c><4>水面(みなも)</c><3>を飛(と)び出(だ)し</c><2></c>,水面(みなも)を飛(と)び出(だ)し
82.166,82.399,-1,-1,<2></c><4>水面(みなも)</c><3>を飛(と)び出(だ)し</c><2></c>,水面(みなも)を飛(と)び出(だ)し
82.399,83.067,-1,-1,<2></c><4>水面(みなも)を</c><3>飛(と)び出(だ)し</c><2></c>,水面(みなも)を飛(と)び出(だ)し
83.067,83.534,-1,-1,<2></c><4>水面(みなも)を飛(と)</c><3>び出(だ)し</c><2></c>,水面(みなも)を飛(と)び出(だ)し
83.534,83.967,-1,-1,<2></c><4>水面(みなも)を飛(と)び</c><3>出(だ)し</c><2></c>,水面(みなも)を飛(と)び出(だ)し
83.967,84.435,-1,-1,<2></c><4>水面(みなも)を飛(と)び出(だ)</c><3>し</c><2></c>,水面(みなも)を飛(と)び出(だ)し
84.435,85.335,-1,-1,<2></c><4>水面(みなも)を飛(と)び出(だ)し</c><2></c>,水面(みなも)を飛(と)び出(だ)し
85.335,85.569,-1,-1,<2></c><4>翻(ひるがえ)</c><3>ってみせる</c><2></c>,翻(ひるがえ)ってみせる
85.569,85.803,-1,-1,<2></c><4>翻(ひるがえ)</c><3>ってみせる</c><2></c>,翻(ひるがえ)ってみせる
85.803,86.003,-1,-1,<2></c><4>翻(ひるがえ)</c><3>ってみせる</c><2></c>,翻(ひるがえ)ってみせる
86.003,86.17,-1,-1,<2></c><4>翻(ひるがえ)</c><3>ってみせる</c><2></c>,翻(ひるがえ)ってみせる
86.17,86.703,-1,-1,<2></c><4>翻(ひるがえ)っ</c><3>てみせる</c><2></c>,翻(ひるがえ)ってみせる
86.703,87.171,-1,-1,<2></c><4>翻(ひるがえ)って</c><3>みせる</c><2></c>,翻(ひるがえ)ってみせる
87.171,87.604,-1,-1,<2></c><4>翻(ひるがえ)ってみ</c><3>せる</c><2></c>,翻(ひるがえ)ってみせる
87.604,88.038,-1,-1,<2></c><4>翻(ひるがえ)ってみせ</c><3>る</c><2></c>,翻(ひるがえ)ってみせる
88.038,88.972,-1,-1,<2></c><4>翻(ひるがえ)ってみせる</c><2></c>,翻(ひるがえ)ってみせる
88.972,89.206,-1,-1,<2></c><4>豪(ごう)</c><3>快(かい)な水(みず)飛沫(しぶき)</c><2></c>,豪(ごう)快(かい)な水(みず)飛沫(しぶき)
89.206,89.44,-1,-1,<2></c><4>豪(ごう)</c><3>快(かい)な水(みず)飛沫(しぶき)</c><2></c>,豪(ごう)快(かい)な水(みず)飛沫(しぶき)
89.44,89.64,-1,-1,<2></c><4>豪(ごう)快(かい)</c><3>な水(みず)飛沫(しぶき)</c><2></c>,豪(ごう)快(かい)な水(みず)飛沫(しぶき)
89.64,89.773,-1,-1,<2></c><4>豪(ごう)快(かい)</c><3>な水(みず)飛沫(しぶき)</c><2></c>,豪(ごう)快(かい)な水(みず)飛沫(しぶき)
89.773,90.741,-1,-1,<2></c><4>豪(ごう)快(かい)な</c><3>水(みず)飛沫(しぶき)</c><2></c>,豪(ごう)快(かい)な水(みず)飛沫(しぶき)
90.741,91.008,-1,-1,<2></c><4>豪(ごう)快(かい)な水(みず)</c><3>飛沫(しぶき)</c><2></c>,豪(ごう)快(かい)な水(みず)飛沫(しぶき)
91.008,91.241,-1,-1,<2></c><4>豪(ごう)快(かい)な水(みず)</c><3>飛沫(しぶき)</c><2></c>,豪(ごう)快(かい)な水(みず)飛沫(しぶき)
91.241,91.442,-1,-1,<2></c><4>豪(ごう)快(かい)な水(みず)飛沫(しぶき)</c><2></c>,豪(ごう)快(かい)な水(みず)飛沫(しぶき)
91.442,93.01,-1,-1,<2></c><4>豪(ごう)快(かい)な水(みず)飛沫(しぶき)</c><2></c>,豪(ごう)快(かい)な水(みず)飛沫(しぶき)
93.01,93.243,66,-1,<2></c><4>今日(きょう)</c><3>の涙(なみだ)と共(とも)に空(そら)高(たか)くへ</c><2></c>,今日(きょう)の涙(なみだ)と共(とも)に空(そら)高(たか)くへ
93.243,93.577,66,-1,<2></c><4>今日(きょう)</c><3>の涙(なみだ)と共(とも)に空(そら)高(たか)くへ</c><2></c>,今日(きょう)の涙(なみだ)と共(とも)に空(そら)高(たか)くへ
93.577,93.911,66,-1,<2></c><4>今日(きょう)の</c><3>涙(なみだ)と共(とも)に空(そら)高(たか)くへ</c><2></c>,今日(きょう)の涙(なみだ)と共(とも)に空(そら)高(たか)くへ
93.911,94.144,66,-1,<2></c><4>今日(きょう)の涙(なみだ)</c><3>と共(とも)に空(そら)高(たか)くへ</c><2></c>,今日(きょう)の涙(なみだ)と共(とも)に空(そら)高(たか)くへ
94.144,94.445,66,-1,<2></c><4>今日(きょう)の涙(なみだ)</c><3>と共(とも)に空(そら)高(たか)くへ</c><2></c>,今日(きょう)の涙(なみだ)と共(とも)に空(そら)高(たか)くへ
94.445,94.812,66,-1,<2></c><4>今日(きょう)の涙(なみだ)</c><3>と共(とも)に空(そら)高(たか)くへ</c><2></c>,今日(きょう)の涙(なみだ)と共(とも)に空(そら)高(たか)くへ
94.812,95.045,66,-1,<2></c><4>今日(きょう)の涙(なみだ)と</c><3>共(とも)に空(そら)高(たか)くへ</c><2></c>,今日(きょう)の涙(なみだ)と共(とも)に空(そら)高(たか)くへ
95.045,95.379,66,-1,<2></c><4>今日(きょう)の涙(なみだ)と共(とも)</c><3>に空(そら)高(たか)くへ</c><2></c>,今日(きょう)の涙(なみだ)と共(とも)に空(そら)高(たか)くへ
95.379,95.712,66,-1,<2></c><4>今日(きょう)の涙(なみだ)と共(とも)</c><3>に空(そら)高(たか)くへ</c><2></c>,今日(きょう)の涙(なみだ)と共(とも)に空(そら)高(たか)くへ
95.712,96.146,66,-1,<2></c><4>今日(きょう)の涙(なみだ)と共(とも)に</c><3>空(そら)高(たか)くへ</c><2></c>,今日(きょう)の涙(なみだ)と共(とも)に空(そら)高(たか)くへ
96.146,96.38,66,-1,<2></c><4>今日(きょう)の涙(なみだ)と共(とも)に空(そら)</c><3>高(たか)くへ</c><2></c>,今日(きょう)の涙(なみだ)と共(とも)に空(そら)高(たか)くへ
96.38,96.613,66,-1,<2></c><4>今日(きょう)の涙(なみだ)と共(とも)に空(そら)</c><3>高(たか)くへ</c><2></c>,今日(きょう)の涙(なみだ)と共(とも)に空(そら)高(たか)くへ
96.613,96.847,66,-1,<2></c><4>今日(きょう)の涙(なみだ)と共(とも)に空(そら)高(たか)</c><3>くへ</c><2></c>,今日(きょう)の涙(なみだ)と共(とも)に空(そら)高(たか)くへ
96.847,96.98,66,-1,<2></c><4>今日(きょう)の涙(なみだ)と共(とも)に空(そら)高(たか)</c><3>くへ</c><2></c>,今日(きょう)の涙(なみだ)と共(とも)に空(そら)高(たか)くへ
96.98,97.281,66,-1,<2></c><4>今日(きょう)の涙(なみだ)と共(とも)に空(そら)高(たか)く</c><3>へ</c><2></c>,今日(きょう)の涙(なみだ)と共(とも)に空(そら)高(たか)くへ
97.281,99.683,66,-1,<2></c><4>今日(きょう)の涙(なみだ)と共(とも)に空(そら)高(たか)くへ</c><2></c>,今日(きょう)の涙(なみだ)と共(とも)に空(そら)高(たか)くへ
103.854,104.054,-1,-1,<2></c><1>い</c><3>つも迷(まよ)う感(かん)情(じょう)たちが</c><2></c>,いつも迷(まよ)う感(かん)情(じょう)たちが
104.054,104.388,-1,-1,<2></c><1>いつ</c><3>も迷(まよ)う感(かん)情(じょう)たちが</c><2></c>,いつも迷(まよ)う感(かん)情(じょう)たちが
104.388,105.656,-1,-1,<2></c><1>いつも</c><3>迷(まよ)う感(かん)情(じょう)たちが</c><2></c>,いつも迷(まよ)う感(かん)情(じょう)たちが
105.656,105.856,-1,-1,<2></c><1>いつも迷(まよ)</c><3>う感(かん)情(じょう)たちが</c><2></c>,いつも迷(まよ)う感(かん)情(じょう)たちが
105.856,106.256,-1,-1,<2></c><1>いつも迷(まよ)</c><3>う感(かん)情(じょう)たちが</c><2></c>,いつも迷(まよ)う感(かん)情(じょう)たちが
106.256,107.458,-1,-1,<2></c><1>いつも迷(まよ)う</c><3>感(かん)情(じょう)たちが</c><2></c>,いつも迷(まよ)う感(かん)情(じょう)たちが
107.458,107.658,-1,-1,<2></c><1>いつも迷(まよ)う感(かん)</c><3>情(じょう)たちが</c><2></c>,いつも迷(まよ)う感(かん)情(じょう)たちが
107.658,108.058,-1,-1,<2></c><1>いつも迷(まよ)う感(かん)</c><3>情(じょう)たちが</c><2></c>,いつも迷(まよ)う感(かん)情(じょう)たちが
108.058,108.258,-1,-1,<2></c><1>いつも迷(まよ)う感(かん)情(じょう)</c><3>たちが</c><2></c>,いつも迷(まよ)う感(かん)情(じょう)たちが
108.258,109.259,-1,-1,<2></c><1>いつも迷(まよ)う感(かん)情(じょう)</c><3>たちが</c><2></c>,いつも迷(まよ)う感(かん)情(じょう)たちが
109.259,109.46,-1,-1,<2></c><1>いつも迷(まよ)う感(かん)情(じょう)た</c><3>ちが</c><2></c>,いつも迷(まよ)う感(かん)情(じょう)たちが
109.46,109.827,-1,-1,<2></c><1>いつも迷(まよ)う感(かん)情(じょう)たち</c><3>が</c><2></c>,いつも迷(まよ)う感(かん)情(じょう)たちが
109.827,111.061,-1,-1,<2></c><1>いつも迷(まよ)う感(かん)情(じょう)たちが</c><2></c>,いつも迷(まよ)う感(かん)情(じょう)たちが
111.061,111.295,63,-1,<2></c><1>隠(かく)</c><3>している意(い)思(し)をただ聞(き)き取(と)って</c><2></c>,隠(かく)している意(い)思(し)をただ聞(き)き取(と)って
111.295,111.528,63,-1,<2></c><1>隠(かく)</c><3>している意(い)思(し)をただ聞(き)き取(と)って</c><2></c>,隠(かく)している意(い)思(し)をただ聞(き)き取(と)って
111.528,111.995,63,-1,<2></c><1>隠(かく)し</c><3>ている意(い)思(し)をただ聞(き)き取(と)って</c><2></c>,隠(かく)している意(い)思(し)をただ聞(き)き取(と)って
111.995,112.196,63,-1,<2></c><1>隠(かく)して</c><3>いる意(い)思(し)をただ聞(き)き取(と)って</c><2></c>,隠(かく)している意(い)思(し)をただ聞(き)き取(と)って
112.196,112.563,63,-1,<2></c><1>隠(かく)してい</c><3>る意(い)思(し)をただ聞(き)き取(と)って</c><2></c>,隠(かく)している意(い)思(し)をただ聞(き)き取(と)って
112.563,112.863,63,-1,<2></c><1>隠(かく)している</c><3>意(い)思(し)をただ聞(き)き取(と)って</c><2></c>,隠(かく)している意(い)思(し)をただ聞(き)き取(と)って
112.863,113.097,63,-1,<2></c><1>隠(かく)している意(い)</c><3>思(し)をただ聞(き)き取(と)って</c><2></c>,隠(かく)している意(い)思(し)をただ聞(き)き取(と)って
113.097,113.464,63,-1,<2></c><1>隠(かく)している意(い)思(し)</c><3>をただ聞(き)き取(と)って</c><2></c>,隠(かく)している意(い)思(し)をただ聞(き)き取(と)って
113.464,113.797,63,-1,<2></c><1>隠(かく)している意(い)思(し)を</c><3>ただ聞(き)き取(と)って</c><2></c>,隠(かく)している意(い)思(し)をただ聞(き)き取(と)って
113.797,113.997,63,-1,<2></c><1>隠(かく)している意(い)思(し)をた</c><3>だ聞(き)き取(と)って</c><2></c>,隠(かく)している意(い)思(し)をただ聞(き)き取(と)って
113.997,114.331,63,-1,<2></c><1>隠(かく)している意(い)思(し)をただ</c><3>聞(き)き取(と)って</c><2></c>,隠(かく)している意(い)思(し)をただ聞(き)き取(と)って
114.331,114.698,63,-1,<2></c><1>隠(かく)している意(い)思(し)をただ聞(き)</c><3>き取(と)って</c><2></c>,隠(かく)している意(い)思(し)をただ聞(き)き取(と)って
114.698,114.898,63,-1,<2></c><1>隠(かく)している意(い)思(し)をただ聞(き)き</c><3>取(と)って</c><2></c>,隠(かく)している意(い)思(し)をただ聞(き)き取(と)って
114.898,115.265,63,-1,<2></c><1>隠(かく)している意(い)思(し)をただ聞(き)き取(と)</c><3>って</c><2></c>,隠(かく)している意(い)思(し)をただ聞(き)き取(と)って
115.265,115.599,63,-1,<2></c><1>隠(かく)している意(い)思(し)をただ聞(き)き取(と)っ</c><3>て</c><2></c>,隠(かく)している意(い)思(し)をただ聞(き)き取(と)って
115.599,117.401,63,-1,<2></c><1>隠(かく)している意(い)思(し)をただ聞(き)き取(と)って</c><2></c>,隠(かく)している意(い)思(し)をただ聞(き)き取(と)って
117.401,117.601,-1,-1,<2></c><1>そ</c><3>れが導(みちび)く先(さき)が</c><2></c>,それが導(みちび)く先(さき)が
117.601,117.835,-1,-1,<2></c><1>それ</c><3>が導(みちび)く先(さき)が</c><2></c>,それが導(みちび)く先(さき)が
117.835,118.302,-1,-1,<2></c><1>それが</c><3>導(みちび)く先(さき)が</c><2></c>,それが導(みちび)く先(さき)が
118.302,118.535,-1,-1,<2></c><1>それが導(みちび)</c><3>く先(さき)が</c><2></c>,それが導(みちび)く先(さき)が
118.535,118.769,-1,-1,<2></c><1>それが導(みちび)</c><3>く先(さき)が</c><2></c>,それが導(みちび)く先(さき)が
118.769,118.969,-1,-1,<2></c><1>それが導(みちび)</c><3>く先(さき)が</c><2></c>,それが導(みちび)く先(さき)が
118.969,119.403,-1,-1,<2></c><1>それが導(みちび)く</c><3>先(さき)が</c><2></c>,それが導(みちび)く先(さき)が
119.403,119.736,-1,-1,<2></c><1>それが導(みちび)く先(さき)</c><3>が</c><2></c>,それが導(みちび)く先(さき)が
119.736,120.104,-1,-1,<2></c><1>それが導(みちび)く先(さき)</c><3>が</c><2></c>,それが導(みちび)く先(さき)が
120.104,121.905,-1,-1,<2></c><1>それが導(みちび)く先(さき)が</c><2></c>,それが導(みちび)く先(さき)が
121.905,122.139,-1,-1,<2></c><1>理(り)</c><3>想(そう)と違(ちが)っても</c><2></c>,理(り)想(そう)と違(ちが)っても
122.139,122.339,-1,-1,<2></c><1>理(り)想(そう)</c><3>と違(ちが)っても</c><2></c>,理(り)想(そう)と違(ちが)っても
122.339,122.573,-1,-1,<2></c><1>理(り)想(そう)</c><3>と違(ちが)っても</c><2></c>,理(り)想(そう)と違(ちが)っても
122.573,122.806,-1,-1,<2></c><1>理(り)想(そう)と</c><3>違(ちが)っても</c><2></c>,理(り)想(そう)と違(ちが)っても
122.806,123.04,-1,-1,<2></c><1>理(り)想(そう)と違(ちが)</c><3>っても</c><2></c>,理(り)想(そう)と違(ちが)っても
123.04,123.24,-1,-1,<2></c><1>理(り)想(そう)と違(ちが)</c><3>っても</c><2></c>,理(り)想(そう)と違(ちが)っても
123.24,123.373,-1,-1,<2></c><1>理(り)想(そう)と違(ちが)っ</c><3>ても</c><2></c>,理(り)想(そう)と違(ちが)っても
123.373,123.707,-1,-1,<2></c><1>理(り)想(そう)と違(ちが)って</c><3>も</c><2></c>,理(り)想(そう)と違(ちが)っても
123.707,124.575,-1,-1,<2></c><1>理(り)想(そう)と違(ちが)っても</c><2></c>,理(り)想(そう)と違(ちが)っても
124.575,124.808,-1,-1,<2></c><1>遠(とお)</c><3>く彼方(かなた)であるならいい</c><2></c>,遠(とお)く彼方(かなた)であるならいい
124.808,125.042,-1,-1,<2></c><1>遠(とお)</c><3>く彼方(かなた)であるならいい</c><2></c>,遠(とお)く彼方(かなた)であるならいい
125.042,125.476,-1,-1,<2></c><1>遠(とお)く</c><3>彼方(かなた)であるならいい</c><2></c>,遠(とお)く彼方(かなた)であるならいい
125.476,125.709,-1,-1,<2></c><1>遠(とお)く彼方(かなた)</c><3>であるならいい</c><2></c>,遠(とお)く彼方(かなた)であるならいい
125.709,126.143,-1,-1,<2></c><1>遠(とお)く彼方(かなた)</c><3>であるならいい</c><2></c>,遠(とお)く彼方(かなた)であるならいい
126.143,126.376,-1,-1,<2></c><1>遠(とお)く彼方(かなた)</c><3>であるならいい</c><2></c>,遠(とお)く彼方(かなた)であるならいい
126.376,127.277,-1,-1,<2></c><1>遠(とお)く彼方(かなた)で</c><3>あるならいい</c><2></c>,遠(とお)く彼方(かなた)であるならいい
127.277,127.511,-1,-1,<2></c><1>遠(とお)く彼方(かなた)であ</c><3>るならいい</c><2></c>,遠(とお)く彼方(かなた)であるならいい
127.511,127.945,-1,-1,<2></c><1>遠(とお)く彼方(かなた)である</c><3>ならいい</c><2></c>,遠(とお)く彼方(かなた)であるならいい
127.945,128.178,-1,-1,<2></c><1>遠(とお)く彼方(かなた)であるな</c><3>らいい</c><2></c>,遠(とお)く彼方(かなた)であるならいい
128.178,128.612,-1,-1,<2></c><1>遠(とお)く彼方(かなた)であるなら</c><3>いい</c><2></c>,遠(とお)く彼方(かなた)であるならいい
128.612,129.113,-1,-1,<2></c><1>遠(とお)く彼方(かなた)であるならい</c><3>い</c><2></c>,遠(とお)く彼方(かなた)であるならいい
129.113,131.115,-1,-1,<2></c><1>遠(とお)く彼方(かなた)であるならいい</c><2></c>,遠(とお)く彼方(かなた)であるならいい
132.249,132.516,-1,-1,<2></c><4>巨(きょ)</c><3>大(だい)なハリケーン</c><2></c>,巨(きょ)大(だい)なハリケーン
132.516,132.716,-1,-1,<2></c><4>巨(きょ)大(だい)</c><3>なハリケーン</c><2></c>,巨(きょ)大(だい)なハリケーン
132.716,132.95,-1,-1,<2></c><4>巨(きょ)大(だい)</c><3>なハリケーン</c><2></c>,巨(きょ)大(だい)なハリケーン
132.95,133.584,-1,-1,<2></c><4>巨(きょ)大(だい)な</c><3>ハリケーン</c><2></c>,巨(きょ)大(だい)なハリケーン
133.584,134.084,-1,-1,<2></c><4>巨(きょ)大(だい)なハ</c><3>リケーン</c><2></c>,巨(きょ)大(だい)なハリケーン
134.084,134.518,-1,-1,<2></c><4>巨(きょ)大(だい)なハリ</c><3>ケーン</c><2></c>,巨(きょ)大(だい)なハリケーン
134.518,134.985,-1,-1,<2></c><4>巨(きょ)大(だい)なハリケ</c><3>ーン</c><2></c>,巨(きょ)大(だい)なハリケーン
134.985,135.219,-1,-1,<2></c><4>巨(きょ)大(だい)なハリケー</c><3>ン</c><2></c>,巨(きょ)大(だい)なハリケーン
135.219,135.886,-1,-1,<2></c><4>巨(きょ)大(だい)なハリケーン</c><2></c>,巨(きょ)大(だい)なハリケーン
135.886,136.086,-1,-1,<2></c><4>不(ふ)</c><3>穏(おん)な未(み)来(らい)は</c><2></c>,不(ふ)穏(おん)な未(み)来(らい)は
136.086,136.32,-1,-1,<2></c><4>不(ふ)穏(おん)</c><3>な未(み)来(らい)は</c><2></c>,不(ふ)穏(おん)な未(み)来(らい)は
136.32,136.553,-1,-1,<2></c><4>不(ふ)穏(おん)</c><3>な未(み)来(らい)は</c><2></c>,不(ふ)穏(おん)な未(み)来(らい)は
136.553,137.221,-1,-1,<2></c><4>不(ふ)穏(おん)な</c><3>未(み)来(らい)は</c><2></c>,不(ふ)穏(おん)な未(み)来(らい)は
137.221,137.654,-1,-1,<2></c><4>不(ふ)穏(おん)な未(み)</c><3>来(らい)は</c><2></c>,不(ふ)穏(おん)な未(み)来(らい)は
137.654,138.088,-1,-1,<2></c><4>不(ふ)穏(おん)な未(み)来(らい)</c><3>は</c><2></c>,不(ふ)穏(おん)な未(み)来(らい)は
138.088,138.555,-1,-1,<2></c><4>不(ふ)穏(おん)な未(み)来(らい)</c><3>は</c><2></c>,不(ふ)穏(おん)な未(み)来(らい)は
138.555,139.49,-1,-1,<2></c><4>不(ふ)穏(おん)な未(み)来(らい)は</c><2></c>,不(ふ)穏(おん)な未(み)来(らい)は
139.49,139.69,-1,-1,<2></c><4>ギ</c><3>ラついた目(め)で睨(にら)む</c><2></c>,ギラついた目(め)で睨(にら)む
139.69,139.957,-1,-1,<2></c><4>ギラ</c><3>ついた目(め)で睨(にら)む</c><2></c>,ギラついた目(め)で睨(にら)む
139.957,140.157,-1,-1,<2></c><4>ギラつ</c><3>いた目(め)で睨(にら)む</c><2></c>,ギラついた目(め)で睨(にら)む
140.157,140.324,-1,-1,<2></c><4>ギラつい</c><3>た目(め)で睨(にら)む</c><2></c>,ギラついた目(め)で睨(にら)む
140.324,141.258,-1,-1,<2></c><4>ギラついた</c><3>目(め)で睨(にら)む</c><2></c>,ギラついた目(め)で睨(にら)む
141.258,141.492,-1,-1,<2></c><4>ギラついた目(め)</c><3>で睨(にら)む</c><2></c>,ギラついた目(め)で睨(にら)む
141.492,141.725,-1,-1,<2></c><4>ギラついた目(め)で</c><3>睨(にら)む</c><2></c>,ギラついた目(め)で睨(にら)む
141.725,141.959,-1,-1,<2></c><4>ギラついた目(め)で睨(にら)</c><3>む</c><2></c>,ギラついた目(め)で睨(にら)む
141.959,142.126,-1,-1,<2></c><4>ギラついた目(め)で睨(にら)</c><3>む</c><2></c>,ギラついた目(め)で睨(にら)む
142.126,143.527,-1,-1,<2></c><4>ギラついた目(め)で睨(にら)む</c><2></c>,ギラついた目(め)で睨(にら)む
143.527,143.66,-1,-1,<2></c><4>怯(おび)</c><3>えながらそれでも</c><2></c>,怯(おび)えながらそれでも
143.66,143.76,-1,-1,<2></c><4>怯(おび)</c><3>えながらそれでも</c><2></c>,怯(おび)えながらそれでも
143.76,144.428,-1,-1,<2></c><4>怯(おび)え</c><3>ながらそれでも</c><2></c>,怯(おび)えながらそれでも
144.428,144.561,-1,-1,<2></c><4>怯(おび)えな</c><3>がらそれでも</c><2></c>,怯(おび)えながらそれでも
144.561,144.661,-1,-1,<2></c><4>怯(おび)えなが</c><3>らそれでも</c><2></c>,怯(おび)えながらそれでも
144.661,145.362,-1,-1,<2></c><4>怯(おび)えながら</c><3>それでも</c><2></c>,怯(おび)えながらそれでも
145.362,145.562,-1,-1,<2></c><4>怯(おび)えながらそ</c><3>れでも</c><2></c>,怯(おび)えながらそれでも
145.562,145.996,-1,-1,<2></c><4>怯(おび)えながらそれ</c><3>でも</c><2></c>,怯(おび)えながらそれでも
145.996,146.463,-1,-1,<2></c><4>怯(おび)えながらそれで</c><3>も</c><2></c>,怯(おび)えながらそれでも
146.463,146.697,-1,-1,<2></c><4>怯(おび)えながらそれでも</c><2></c>,怯(おび)えながらそれでも
146.697,146.93,-1,-1,<2></c><4>そ</c><3>いつとダンスを踊(おど)るということさ</c><2></c>,そいつとダンスを踊(おど)るということさ
146.93,147.131,-1,-1,<2></c><4>そい</c><3>つとダンスを踊(おど)るということさ</c><2></c>,そいつとダンスを踊(おど)るということさ
147.131,147.364,-1,-1,<2></c><4>そいつ</c><3>とダンスを踊(おど)るということさ</c><2></c>,そいつとダンスを踊(おど)るということさ
147.364,148.065,-1,-1,<2></c><4>そいつと</c><3>ダンスを踊(おど)るということさ</c><2></c>,そいつとダンスを踊(おど)るということさ
148.065,148.532,-1,-1,<2></c><4>そいつとダ</c><3>ンスを踊(おど)るということさ</c><2></c>,そいつとダンスを踊(おど)るということさ
148.532,148.966,-1,-1,<2></c><4>そいつとダン</c><3>スを踊(おど)るということさ</c><2></c>,そいつとダンスを踊(おど)るということさ
148.966,149.399,-1,-1,<2></c><4>そいつとダンス</c><3>を踊(おど)るということさ</c><2></c>,そいつとダンスを踊(おど)るということさ
149.399,150.3,-1,-1,<2></c><4>そいつとダンスを</c><3>踊(おど)るということさ</c><2></c>,そいつとダンスを踊(おど)るということさ
150.3,150.534,-1,-1,<2></c><4>そいつとダンスを踊(おど)</c><3>るということさ</c><2></c>,そいつとダンスを踊(おど)るということさ
150.534,150.767,-1,-1,<2></c><4>そいつとダンスを踊(おど)</c><3>るということさ</c><2></c>,そいつとダンスを踊(おど)るということさ
150.767,150.968,-1,-1,<2></c><4>そいつとダンスを踊(おど)る</c><3>ということさ</c><2></c>,そいつとダンスを踊(おど)るということさ
150.968,151.668,-1,-1,<2></c><4>そいつとダンスを踊(おど)ると</c><3>いうことさ</c><2></c>,そいつとダンスを踊(おど)るということさ
151.668,151.869,-1,-1,<2></c><4>そいつとダンスを踊(おど)るとい</c><3>うことさ</c><2></c>,そいつとダンスを踊(おど)るということさ
151.869,152.102,-1,-1,<2></c><4>そいつとダンスを踊(おど)るという</c><3>ことさ</c><2></c>,そいつとダンスを踊(おど)るということさ
152.102,152.569,-1,-1,<2></c><4>そいつとダンスを踊(おど)るというこ</c><3>とさ</c><2></c>,そいつとダンスを踊(おど)るということさ
152.569,153.003,-1,-1,<2></c><4>そいつとダンスを踊(おど)るということ</c><3>さ</c><2></c>,そいつとダンスを踊(おど)るということさ
153.003,153.904,-1,-1,<2></c><4>そいつとダンスを踊(おど)るということさ</c><2></c>,そいつとダンスを踊(おど)るということさ
153.904,154.138,-1,-1,<2></c><4>簡(かん)</c><3>単(たん)じゃないけれど</c><2></c>,簡(かん)単(たん)じゃないけれど
154.138,154.371,-1,-1,<2></c><4>簡(かん)</c><3>単(たん)じゃないけれど</c><2></c>,簡(かん)単(たん)じゃないけれど
154.371,154.571,-1,-1,<2></c><4>簡(かん)単(たん)</c><3>じゃないけれど</c><2></c>,簡(かん)単(たん)じゃないけれど
154.571,154.771,-1,-1,<2></c><4>簡(かん)単(たん)</c><3>じゃないけれど</c><2></c>,簡(かん)単(たん)じゃないけれど
154.771,155.706,-1,-1,<2></c><4>簡(かん)単(たん)じゃ</c><3>ないけれど</c><2></c>,簡(かん)単(たん)じゃないけれど
155.706,155.939,-1,-1,<2></c><4>簡(かん)単(たん)じゃな</c><3>いけれど</c><2></c>,簡(かん)単(たん)じゃないけれど
155.939,156.173,-1,-1,<2></c><4>簡(かん)単(たん)じゃない</c><3>けれど</c><2></c>,簡(かん)単(たん)じゃないけれど
156.173,156.373,-1,-1,<2></c><4>簡(かん)単(たん)じゃないけ</c><3>れど</c><2></c>,簡(かん)単(たん)じゃないけれど
156.373,156.54,-1,-1,<2></c><4>簡(かん)単(たん)じゃないけれ</c><3>ど</c><2></c>,簡(かん)単(たん)じゃないけれど
156.54,157.975,-1,-1,<2></c><4>簡(かん)単(たん)じゃないけれど</c><2></c>,簡(かん)単(たん)じゃないけれど
157.975,158.208,67,-1,<2></c><4>手(て)</c><3>を差(さ)し出(だ)し優(ゆう)雅(が)に誘(さそ)うマナー</c><2></c>,手(て)を差(さ)し出(だ)し優(ゆう)雅(が)に誘(さそ)うマナー
158.208,158.542,67,-1,<2></c><4>手(て)を</c><3>差(さ)し出(だ)し優(ゆう)雅(が)に誘(さそ)うマナー</c><2></c>,手(て)を差(さ)し出(だ)し優(ゆう)雅(が)に誘(さそ)うマナー
158.542,158.876,67,-1,<2></c><4>手(て)を差(さ)</c><3>し出(だ)し優(ゆう)雅(が)に誘(さそ)うマナー</c><2></c>,手(て)を差(さ)し出(だ)し優(ゆう)雅(が)に誘(さそ)うマナー
158.876,159.109,67,-1,<2></c><4>手(て)を差(さ)し</c><3>出(だ)し優(ゆう)雅(が)に誘(さそ)うマナー</c><2></c>,手(て)を差(さ)し出(だ)し優(ゆう)雅(が)に誘(さそ)うマナー
159.109,159.443,67,-1,<2></c><4>手(て)を差(さ)し出(だ)</c><3>し優(ゆう)雅(が)に誘(さそ)うマナー</c><2></c>,手(て)を差(さ)し出(だ)し優(ゆう)雅(が)に誘(さそ)うマナー
159.443,159.81,67,-1,<2></c><4>手(て)を差(さ)し出(だ)し</c><3>優(ゆう)雅(が)に誘(さそ)うマナー</c><2></c>,手(て)を差(さ)し出(だ)し優(ゆう)雅(が)に誘(さそ)うマナー
159.81,160.01,67,-1,<2></c><4>手(て)を差(さ)し出(だ)し優(ゆう)</c><3>雅(が)に誘(さそ)うマナー</c><2></c>,手(て)を差(さ)し出(だ)し優(ゆう)雅(が)に誘(さそ)うマナー
160.01,160.344,67,-1,<2></c><4>手(て)を差(さ)し出(だ)し優(ゆう)</c><3>雅(が)に誘(さそ)うマナー</c><2></c>,手(て)を差(さ)し出(だ)し優(ゆう)雅(が)に誘(さそ)うマナー
160.344,160.711,67,-1,<2></c><4>手(て)を差(さ)し出(だ)し優(ゆう)雅(が)</c><3>に誘(さそ)うマナー</c><2></c>,手(て)を差(さ)し出(だ)し優(ゆう)雅(が)に誘(さそ)うマナー
160.711,161.111,67,-1,<2></c><4>手(て)を差(さ)し出(だ)し優(ゆう)雅(が)に</c><3>誘(さそ)うマナー</c><2></c>,手(て)を差(さ)し出(だ)し優(ゆう)雅(が)に誘(さそ)うマナー
161.111,161.345,67,-1,<2></c><4>手(て)を差(さ)し出(だ)し優(ゆう)雅(が)に誘(さそ)</c><3>うマナー</c><2></c>,手(て)を差(さ)し出(だ)し優(ゆう)雅(が)に誘(さそ)うマナー
161.345,161.578,67,-1,<2></c><4>手(て)を差(さ)し出(だ)し優(ゆう)雅(が)に誘(さそ)</c><3>うマナー</c><2></c>,手(て)を差(さ)し出(だ)し優(ゆう)雅(が)に誘(さそ)うマナー
161.578,161.812,67,-1,<2></c><4>手(て)を差(さ)し出(だ)し優(ゆう)雅(が)に誘(さそ)う</c><3>マナー</c><2></c>,手(て)を差(さ)し出(だ)し優(ゆう)雅(が)に誘(さそ)うマナー
161.812,161.979,67,-1,<2></c><4>手(て)を差(さ)し出(だ)し優(ゆう)雅(が)に誘(さそ)うマ</c><3>ナー</c><2></c>,手(て)を差(さ)し出(だ)し優(ゆう)雅(が)に誘(さそ)うマナー
161.979,162.246,67,-1,<2></c><4>手(て)を差(さ)し出(だ)し優(ゆう)雅(が)に誘(さそ)うマナ</c><3>ー</c><2></c>,手(て)を差(さ)し出(だ)し優(ゆう)雅(が)に誘(さそ)うマナー
162.246,164.047,67,-1,<2></c><4>手(て)を差(さ)し出(だ)し優(ゆう)雅(が)に誘(さそ)うマナー</c><2></c>,手(て)を差(さ)し出(だ)し優(ゆう)雅(が)に誘(さそ)うマナー
165.415,165.749,63,-1,<2></c><1>生(い)</c><3>きてく理(り)由(ゆう)に思(おも)いを巡(めぐ)らせ</c><2></c>,生(い)きてく理(り)由(ゆう)に思(おも)いを巡(めぐ)らせ
165.749,166.083,63,-1,<2></c><1>生(い)き</c><3>てく理(り)由(ゆう)に思(おも)いを巡(めぐ)らせ</c><2></c>,生(い)きてく理(り)由(ゆう)に思(おも)いを巡(めぐ)らせ
166.083,166.316,63,-1,<2></c><1>生(い)きて</c><3>く理(り)由(ゆう)に思(おも)いを巡(めぐ)らせ</c><2></c>,生(い)きてく理(り)由(ゆう)に思(おも)いを巡(めぐ)らせ
166.316,167.217,63,-1,<2></c><1>生(い)きてく</c><3>理(り)由(ゆう)に思(おも)いを巡(めぐ)らせ</c><2></c>,生(い)きてく理(り)由(ゆう)に思(おも)いを巡(めぐ)らせ
167.217,167.551,63,-1,<2></c><1>生(い)きてく理(り)</c><3>由(ゆう)に思(おも)いを巡(めぐ)らせ</c><2></c>,生(い)きてく理(り)由(ゆう)に思(おも)いを巡(めぐ)らせ
167.551,167.885,63,-1,<2></c><1>生(い)きてく理(り)由(ゆう)</c><3>に思(おも)いを巡(めぐ)らせ</c><2></c>,生(い)きてく理(り)由(ゆう)に思(おも)いを巡(めぐ)らせ
167.885,168.118,63,-1,<2></c><1>生(い)きてく理(り)由(ゆう)</c><3>に思(おも)いを巡(めぐ)らせ</c><2></c>,生(い)きてく理(り)由(ゆう)に思(おも)いを巡(めぐ)らせ
168.118,169.019,63,-1,<2></c><1>生(い)きてく理(り)由(ゆう)に</c><3>思(おも)いを巡(めぐ)らせ</c><2></c>,生(い)きてく理(り)由(ゆう)に思(おも)いを巡(めぐ)らせ
169.019,169.353,63,-1,<2></c><1>生(い)きてく理(り)由(ゆう)に思(おも)</c><3>いを巡(めぐ)らせ</c><2></c>,生(い)きてく理(り)由(ゆう)に思(おも)いを巡(めぐ)らせ
169.353,169.72,63,-1,<2></c><1>生(い)きてく理(り)由(ゆう)に思(おも)</c><3>いを巡(めぐ)らせ</c><2></c>,生(い)きてく理(り)由(ゆう)に思(おも)いを巡(めぐ)らせ
169.72,169.92,63,-1,<2></c><1>生(い)きてく理(り)由(ゆう)に思(おも)い</c><3>を巡(めぐ)らせ</c><2></c>,生(い)きてく理(り)由(ゆう)に思(おも)いを巡(めぐ)らせ
169.92,170.821,63,-1,<2></c><1>生(い)きてく理(り)由(ゆう)に思(おも)いを</c><3>巡(めぐ)らせ</c><2></c>,生(い)きてく理(り)由(ゆう)に思(おも)いを巡(めぐ)らせ
170.821,171.188,63,-1,<2></c><1>生(い)きてく理(り)由(ゆう)に思(おも)いを巡(めぐ)</c><3>らせ</c><2></c>,生(い)きてく理(り)由(ゆう)に思(おも)いを巡(めぐ)らせ
171.188,171.522,63,-1,<2></c><1>生(い)きてく理(り)由(ゆう)に思(おも)いを巡(めぐ)</c><3>らせ</c><2></c>,生(い)きてく理(り)由(ゆう)に思(おも)いを巡(めぐ)らせ
171.522,171.722,63,-1,<2></c><1>生(い)きてく理(り)由(ゆう)に思(おも)いを巡(めぐ)ら</c><3>せ</c><2></c>,生(い)きてく理(り)由(ゆう)に思(おも)いを巡(めぐ)らせ
171.722,172.623,63,-1,<2></c><1>生(い)きてく理(り)由(ゆう)に思(おも)いを巡(めぐ)らせ</c><2></c>,生(い)きてく理(り)由(ゆう)に思(おも)いを巡(めぐ)らせ
172.623,172.956,-1,-1,<2></c><1>生(う)</c><3>まれたからだと断(だん)言(げん)してみる</c><2></c>,生(う)まれたからだと断(だん)言(げん)してみる
172.956,173.29,-1,-1,<2></c><1>生(う)ま</c><3>れたからだと断(だん)言(げん)してみる</c><2></c>,生(う)まれたからだと断(だん)言(げん)してみる
173.29,173.524,-1,-1,<2></c><1>生(う)まれ</c><3>たからだと断(だん)言(げん)してみる</c><2></c>,生(う)まれたからだと断(だん)言(げん)してみる
173.524,174.424,-1,-1,<2></c><1>生(う)まれた</c><3>からだと断(だん)言(げん)してみる</c><2></c>,生(う)まれたからだと断(だん)言(げん)してみる
174.424,174.758,-1,-1,<2></c><1>生(う)まれたか</c><3>らだと断(だん)言(げん)してみる</c><2></c>,生(う)まれたからだと断(だん)言(げん)してみる
174.758,175.092,-1,-1,<2></c><1>生(う)まれたから</c><3>だと断(だん)言(げん)してみる</c><2></c>,生(う)まれたからだと断(だん)言(げん)してみる
175.092,175.325,-1,-1,<2></c><1>生(う)まれたからだ</c><3>と断(だん)言(げん)してみる</c><2></c>,生(う)まれたからだと断(だん)言(げん)してみる
175.325,176.226,-1,-1,<2></c><1>生(う)まれたからだと</c><3>断(だん)言(げん)してみる</c><2></c>,生(う)まれたからだと断(だん)言(げん)してみる
176.226,176.46,-1,-1,<2></c><1>生(う)まれたからだと断(だん)</c><3>言(げん)してみる</c><2></c>,生(う)まれたからだと断(だん)言(げん)してみる
176.46,176.894,-1,-1,<2></c><1>生(う)まれたからだと断(だん)</c><3>言(げん)してみる</c><2></c>,生(う)まれたからだと断(だん)言(げん)してみる
176.894,177.161,-1,-1,<2></c><1>生(う)まれたからだと断(だん)言(げん)</c><3>してみる</c><2></c>,生(う)まれたからだと断(だん)言(げん)してみる
177.161,178.028,-1,-1,<2></c><1>生(う)まれたからだと断(だん)言(げん)</c><3>してみる</c><2></c>,生(う)まれたからだと断(だん)言(げん)してみる
178.028,178.395,-1,-1,<2></c><1>生(う)まれたからだと断(だん)言(げん)し</c><3>てみる</c><2></c>,生(う)まれたからだと断(だん)言(げん)してみる
178.395,178.729,-1,-1,<2></c><1>生(う)まれたからだと断(だん)言(げん)して</c><3>みる</c><2></c>,生(う)まれたからだと断(だん)言(げん)してみる
178.729,178.929,-1,-1,<2></c><1>生(う)まれたからだと断(だん)言(げん)してみ</c><3>る</c><2></c>,生(う)まれたからだと断(だん)言(げん)してみる
178.929,179.396,-1,-1,<2></c><1>生(う)まれたからだと断(だん)言(げん)してみる</c><2></c>,生(う)まれたからだと断(だん)言(げん)してみる
179.396,179.63,61,-1,<2></c><1>そ</c><3>れは深(ふか)い海(かい)流(りゅう)のようなフィロソフィ</c><2></c>,それは深(ふか)い海(かい)流(りゅう)のようなフィロソフィ
179.63,180.063,61,-1,<2></c><1>それ</c><3>は深(ふか)い海(かい)流(りゅう)のようなフィロソフィ</c><2></c>,それは深(ふか)い海(かい)流(りゅう)のようなフィロソフィ
180.063,181.198,61,-1,<2></c><1>それは</c><3>深(ふか)い海(かい)流(りゅう)のようなフィロソフィ</c><2></c>,それは深(ふか)い海(かい)流(りゅう)のようなフィロソフィ
181.198,181.431,61,-1,<2></c><1>それは深(ふか)</c><3>い海(かい)流(りゅう)のようなフィロソフィ</c><2></c>,それは深(ふか)い海(かい)流(りゅう)のようなフィロソフィ
181.431,181.899,61,-1,<2></c><1>それは深(ふか)</c><3>い海(かい)流(りゅう)のようなフィロソフィ</c><2></c>,それは深(ふか)い海(かい)流(りゅう)のようなフィロソフィ
181.899,183.0,61,-1,<2></c><1>それは深(ふか)い</c><3>海(かい)流(りゅう)のようなフィロソフィ</c><2></c>,それは深(ふか)い海(かい)流(りゅう)のようなフィロソフィ
183.0,183.233,61,-1,<2></c><1>それは深(ふか)い海(かい)</c><3>流(りゅう)のようなフィロソフィ</c><2></c>,それは深(ふか)い海(かい)流(りゅう)のようなフィロソフィ
183.233,183.667,61,-1,<2></c><1>それは深(ふか)い海(かい)</c><3>流(りゅう)のようなフィロソフィ</c><2></c>,それは深(ふか)い海(かい)流(りゅう)のようなフィロソフィ
183.667,183.901,61,-1,<2></c><1>それは深(ふか)い海(かい)流(りゅう)</c><3>のようなフィロソフィ</c><2></c>,それは深(ふか)い海(かい)流(りゅう)のようなフィロソフィ
183.901,184.134,61,-1,<2></c><1>それは深(ふか)い海(かい)流(りゅう)</c><3>のようなフィロソフィ</c><2></c>,それは深(ふか)い海(かい)流(りゅう)のようなフィロソフィ
184.134,184.568,61,-1,<2></c><1>それは深(ふか)い海(かい)流(りゅう)の</c><3>ようなフィロソフィ</c><2></c>,それは深(ふか)い海(かい)流(りゅう)のようなフィロソフィ
184.568,184.801,61,-1,<2></c><1>それは深(ふか)い海(かい)流(りゅう)のよ</c><3>うなフィロソフィ</c><2></c>,それは深(ふか)い海(かい)流(りゅう)のようなフィロソフィ
184.801,185.035,61,-1,<2></c><1>それは深(ふか)い海(かい)流(りゅう)のよう</c><3>なフィロソフィ</c><2></c>,それは深(ふか)い海(かい)流(りゅう)のようなフィロソフィ
185.035,185.502,61,-1,<2></c><1>それは深(ふか)い海(かい)流(りゅう)のような</c><3>フィロソフィ</c><2></c>,それは深(ふか)い海(かい)流(りゅう)のようなフィロソフィ
185.502,185.936,61,-1,<2></c><1>それは深(ふか)い海(かい)流(りゅう)のようなフィ</c><3>ロソフィ</c><2></c>,それは深(ふか)い海(かい)流(りゅう)のようなフィロソフィ
185.936,186.17,61,-1,<2></c><1>それは深(ふか)い海(かい)流(りゅう)のようなフィロ</c><3>ソフィ</c><2></c>,それは深(ふか)い海(かい)流(りゅう)のようなフィロソフィ
186.17,186.37,61,-1,<2></c><1>それは深(ふか)い海(かい)流(りゅう)のようなフィロソ</c><3>フィ</c><2></c>,それは深(ふか)い海(かい)流(りゅう)のようなフィロソフィ
186.37,186.837,61,-1,<2></c><1>それは深(ふか)い海(かい)流(りゅう)のようなフィロソフィ</c><2></c>,それは深(ふか)い海(かい)流(りゅう)のようなフィロソフィ
186.837,187.07,61,-1,<2></c><1>僕(ぼく)</c><3>は漂(ひょう)流(りゅう)してるばかりじゃないんだ</c><2></c>,僕(ぼく)は漂(ひょう)流(りゅう)してるばかりじゃないんだ
187.07,187.304,61,-1,<2></c><1>僕(ぼく)</c><3>は漂(ひょう)流(りゅう)してるばかりじゃないんだ</c><2></c>,僕(ぼく)は漂(ひょう)流(りゅう)してるばかりじゃないんだ
187.304,188.405,61,-1,<2></c><1>僕(ぼく)は</c><3>漂(ひょう)流(りゅう)してるばかりじゃないんだ</c><2></c>,僕(ぼく)は漂(ひょう)流(りゅう)してるばかりじゃないんだ
188.405,188.639,61,-1,<2></c><1>僕(ぼく)は漂(ひょう)</c><3>流(りゅう)してるばかりじゃないんだ</c><2></c>,僕(ぼく)は漂(ひょう)流(りゅう)してるばかりじゃないんだ
188.639,188.872,61,-1,<2></c><1>僕(ぼく)は漂(ひょう)</c><3>流(りゅう)してるばかりじゃないんだ</c><2></c>,僕(ぼく)は漂(ひょう)流(りゅう)してるばかりじゃないんだ
188.872,189.106,61,-1,<2></c><1>僕(ぼく)は漂(ひょう)流(りゅう)</c><3>してるばかりじゃないんだ</c><2></c>,僕(ぼく)は漂(ひょう)流(りゅう)してるばかりじゃないんだ
189.106,190.207,61,-1,<2></c><1>僕(ぼく)は漂(ひょう)流(りゅう)</c><3>してるばかりじゃないんだ</c><2></c>,僕(ぼく)は漂(ひょう)流(りゅう)してるばかりじゃないんだ
190.207,190.44,61,-1,<2></c><1>僕(ぼく)は漂(ひょう)流(りゅう)し</c><3>てるばかりじゃないんだ</c><2></c>,僕(ぼく)は漂(ひょう)流(りゅう)してるばかりじゃないんだ
190.44,190.874,61,-1,<2></c><1>僕(ぼく)は漂(ひょう)流(りゅう)して</c><3>るばかりじゃないんだ</c><2></c>,僕(ぼく)は漂(ひょう)流(りゅう)してるばかりじゃないんだ
190.874,191.341,61,-1,<2></c><1>僕(ぼく)は漂(ひょう)流(りゅう)してる</c><3>ばかりじゃないんだ</c><2></c>,僕(ぼく)は漂(ひょう)流(りゅう)してるばかりじゃないんだ
191.341,191.808,61,-1,<2></c><1>僕(ぼく)は漂(ひょう)流(りゅう)してるば</c><3>かりじゃないんだ</c><2></c>,僕(ぼく)は漂(ひょう)流(りゅう)してるばかりじゃないんだ
191.808,192.242,61,-1,<2></c><1>僕(ぼく)は漂(ひょう)流(りゅう)してるばか</c><3>りじゃないんだ</c><2></c>,僕(ぼく)は漂(ひょう)流(りゅう)してるばかりじゃないんだ
192.242,192.709,61,-1,<2></c><1>僕(ぼく)は漂(ひょう)流(りゅう)してるばかり</c><3>じゃないんだ</c><2></c>,僕(ぼく)は漂(ひょう)流(りゅう)してるばかりじゃないんだ
192.709,193.143,61,-1,<2></c><1>僕(ぼく)は漂(ひょう)流(りゅう)してるばかりじゃ</c><3>ないんだ</c><2></c>,僕(ぼく)は漂(ひょう)流(りゅう)してるばかりじゃないんだ
193.143,193.61,61,-1,<2></c><1>僕(ぼく)は漂(ひょう)流(りゅう)してるばかりじゃな</c><3>いんだ</c><2></c>,僕(ぼく)は漂(ひょう)流(りゅう)してるばかりじゃないんだ
193.61,193.844,61,-1,<2></c><1>僕(ぼく)は漂(ひょう)流(りゅう)してるばかりじゃない</c><3>んだ</c><2></c>,僕(ぼく)は漂(ひょう)流(りゅう)してるばかりじゃないんだ
193.844,194.044,61,-1,<2></c><1>僕(ぼく)は漂(ひょう)流(りゅう)してるばかりじゃないん</c><3>だ</c><2></c>,僕(ぼく)は漂(ひょう)流(りゅう)してるばかりじゃないんだ
194.044,196.513,61,-1,<2></c><1>僕(ぼく)は漂(ひょう)流(りゅう)してるばかりじゃないんだ</c><2></c>,僕(ぼく)は漂(ひょう)流(りゅう)してるばかりじゃないんだ
198.315,198.782,-1,-1,<2></c><4>eve</c><3>ryemotionshasafin</c><2></c>,everyemotionshasafin
198.782,199.216,-1,-1,<2></c><4>every</c><3>emotionshasafin</c><2></c>,everyemotionshasafin
199.216,199.683,-1,-1,<2></c><4>everye</c><3>motionshasafin</c><2></c>,everyemotionshasafin
199.683,200.15,-1,-1,<2></c><4>everyemo</c><3>tionshasafin</c><2></c>,everyemotionshasafin
200.15,200.584,-1,-1,<2></c><4>everyemotions</c><3>hasafin</c><2></c>,everyemotionshasafin
200.584,201.051,-1,-1,<2></c><4>everyemotionshas</c><3>afin</c><2></c>,everyemotionshasafin
201.051,201.485,-1,-1,<2></c><4>everyemotionshasa</c><3>fin</c><2></c>,everyemotionshasafin
201.485,205.556,-1,-1,<2></c><4>everyemotionshasafin</c><2></c>,everyemotionshasafin
205.556,206.023,63,-1,<2></c><4>it</c><3>takesmetobeautifulplaces</c><2></c>,ittakesmetobeautifulplaces
206.023,206.456,63,-1,<2></c><4>ittakes</c><3>metobeautifulplaces</c><2></c>,ittakesmetobeautifulplaces
206.456,206.924,63,-1,<2></c><4>ittakesme</c><3>tobeautifulplaces</c><2></c>,ittakesmetobeautifulplaces
206.924,207.391,63,-1,<2></c><4>ittakesmeto</c><3>beautifulplaces</c><2></c>,ittakesmetobeautifulplaces
207.391,207.824,63,-1,<2></c><4>ittakesmetobeau</c><3>tifulplaces</c><2></c>,ittakesmetobeautifulplaces
207.824,208.258,63,-1,<2></c><4>ittakesmetobeauti</c><3>fulplaces</c><2></c>,ittakesmetobeautifulplaces
208.258,208.725,63,-1,<2></c><4>ittakesmetobeautiful</c><3>places</c><2></c>,ittakesmetobeautifulplaces
208.725,211.495,63,-1,<2></c><4>ittakesmetobeautifulplaces</c><2></c>,ittakesmetobeautifulplaces
212.563,212.796,-1,-1,<2></c><4>い</c><3>つかは大(おお)きなソウルになるかな</c><2></c>,いつかは大(おお)きなソウルになるかな
212.796,213.03,-1,-1,<2></c><4>いつ</c><3>かは大(おお)きなソウルになるかな</c><2></c>,いつかは大(おお)きなソウルになるかな
213.03,213.23,-1,-1,<2></c><4>いつか</c><3>は大(おお)きなソウルになるかな</c><2></c>,いつかは大(おお)きなソウルになるかな
213.23,213.897,-1,-1,<2></c><4>いつかは</c><3>大(おお)きなソウルになるかな</c><2></c>,いつかは大(おお)きなソウルになるかな
213.897,214.364,-1,-1,<2></c><4>いつかは大(おお)</c><3>きなソウルになるかな</c><2></c>,いつかは大(おお)きなソウルになるかな
214.364,214.798,-1,-1,<2></c><4>いつかは大(おお)</c><3>きなソウルになるかな</c><2></c>,いつかは大(おお)きなソウルになるかな
214.798,215.265,-1,-1,<2></c><4>いつかは大(おお)き</c><3>なソウルになるかな</c><2></c>,いつかは大(おお)きなソウルになるかな
215.265,216.166,-1,-1,<2></c><4>いつかは大(おお)きな</c><3>ソウルになるかな</c><2></c>,いつかは大(おお)きなソウルになるかな
216.166,216.4,-1,-1,<2></c><4>いつかは大(おお)きなソ</c><3>ウルになるかな</c><2></c>,いつかは大(おお)きなソウルになるかな
216.4,216.633,-1,-1,<2></c><4>いつかは大(おお)きなソウ</c><3>ルになるかな</c><2></c>,いつかは大(おお)きなソウルになるかな
216.633,216.833,-1,-1,<2></c><4>いつかは大(おお)きなソウル</c><3>になるかな</c><2></c>,いつかは大(おお)きなソウルになるかな
216.833,217.534,-1,-1,<2></c><4>いつかは大(おお)きなソウルに</c><3>なるかな</c><2></c>,いつかは大(おお)きなソウルになるかな
217.534,217.968,-1,-1,<2></c><4>いつかは大(おお)きなソウルにな</c><3>るかな</c><2></c>,いつかは大(おお)きなソウルになるかな
217.968,218.402,-1,-1,<2></c><4>いつかは大(おお)きなソウルになる</c><3>かな</c><2></c>,いつかは大(おお)きなソウルになるかな
218.402,218.869,-1,-1,<2></c><4>いつかは大(おお)きなソウルになるか</c><3>な</c><2></c>,いつかは大(おお)きなソウルになるかな
218.869,219.77,-1,-1,<2></c><4>いつかは大(おお)きなソウルになるかな</c><2></c>,いつかは大(おお)きなソウルになるかな
219.77,219.97,-1,-1,<2></c><4>僕(ぼく)</c><3>という輪(りん)郭(かく)を</c><2></c>,僕(ぼく)という輪(りん)郭(かく)を
219.97,220.204,-1,-1,<2></c><4>僕(ぼく)</c><3>という輪(りん)郭(かく)を</c><2></c>,僕(ぼく)という輪(りん)郭(かく)を
220.204,220.437,-1,-1,<2></c><4>僕(ぼく)と</c><3>いう輪(りん)郭(かく)を</c><2></c>,僕(ぼく)という輪(りん)郭(かく)を
220.437,220.571,-1,-1,<2></c><4>僕(ぼく)とい</c><3>う輪(りん)郭(かく)を</c><2></c>,僕(ぼく)という輪(りん)郭(かく)を
220.571,221.572,-1,-1,<2></c><4>僕(ぼく)という</c><3>輪(りん)郭(かく)を</c><2></c>,僕(ぼく)という輪(りん)郭(かく)を
221.572,221.805,-1,-1,<2></c><4>僕(ぼく)という輪(りん)</c><3>郭(かく)を</c><2></c>,僕(ぼく)という輪(りん)郭(かく)を
221.805,222.005,-1,-1,<2></c><4>僕(ぼく)という輪(りん)</c><3>郭(かく)を</c><2></c>,僕(ぼく)という輪(りん)郭(かく)を
222.005,222.239,-1,-1,<2></c><4>僕(ぼく)という輪(りん)郭(かく)</c><3>を</c><2></c>,僕(ぼく)という輪(りん)郭(かく)を
222.239,222.372,-1,-1,<2></c><4>僕(ぼく)という輪(りん)郭(かく)</c><3>を</c><2></c>,僕(ぼく)という輪(りん)郭(かく)を
222.372,223.874,-1,-1,<2></c><4>僕(ぼく)という輪(りん)郭(かく)を</c><2></c>,僕(ぼく)という輪(りん)郭(かく)を
223.874,223.941,-1,-1,<2></c><4>強(つよ)</c><3>く強(つよ)く描(えが)くの</c><2></c>,強(つよ)く強(つよ)く描(えが)くの
223.941,224.041,-1,-1,<2></c><4>強(つよ)</c><3>く強(つよ)く描(えが)くの</c><2></c>,強(つよ)く強(つよ)く描(えが)くの
224.041,224.741,-1,-1,<2></c><4>強(つよ)く</c><3>強(つよ)く描(えが)くの</c><2></c>,強(つよ)く強(つよ)く描(えが)くの
224.741,224.808,-1,-1,<2></c><4>強(つよ)く強(つよ)</c><3>く描(えが)くの</c><2></c>,強(つよ)く強(つよ)く描(えが)くの
224.808,224.975,-1,-1,<2></c><4>強(つよ)く強(つよ)</c><3>く描(えが)くの</c><2></c>,強(つよ)く強(つよ)く描(えが)くの
224.975,225.642,-1,-1,<2></c><4>強(つよ)く強(つよ)く</c><3>描(えが)くの</c><2></c>,強(つよ)く強(つよ)く描(えが)くの
225.642,225.876,-1,-1,<2></c><4>強(つよ)く強(つよ)く描(えが)</c><3>くの</c><2></c>,強(つよ)く強(つよ)く描(えが)くの
225.876,226.31,-1,-1,<2></c><4>強(つよ)く強(つよ)く描(えが)</c><3>くの</c><2></c>,強(つよ)く強(つよ)く描(えが)くの
226.31,226.743,-1,-1,<2></c><4>強(つよ)く強(つよ)く描(えが)く</c><3>の</c><2></c>,強(つよ)く強(つよ)く描(えが)くの
226.743,227.01,-1,-1,<2></c><4>強(つよ)く強(つよ)く描(えが)くの</c><2></c>,強(つよ)く強(つよ)く描(えが)くの
227.01,227.244,-1,-1,<2></c><4>水面(みなも)</c><3>を飛(と)び出(だ)し</c><2></c>,水面(みなも)を飛(と)び出(だ)し
227.244,227.444,-1,-1,<2></c><4>水面(みなも)</c><3>を飛(と)び出(だ)し</c><2></c>,水面(みなも)を飛(と)び出(だ)し
227.444,227.678,-1,-1,<2></c><4>水面(みなも)</c><3>を飛(と)び出(だ)し</c><2></c>,水面(みなも)を飛(と)び出(だ)し
227.678,228.345,-1,-1,<2></c><4>水面(みなも)を</c><3>飛(と)び出(だ)し</c><2></c>,水面(みなも)を飛(と)び出(だ)し
228.345,228.812,-1,-1,<2></c><4>水面(みなも)を飛(と)</c><3>び出(だ)し</c><2></c>,水面(みなも)を飛(と)び出(だ)し
228.812,229.246,-1,-1,<2></c><4>水面(みなも)を飛(と)び</c><3>出(だ)し</c><2></c>,水面(みなも)を飛(と)び出(だ)し
229.246,229.746,-1,-1,<2></c><4>水面(みなも)を飛(と)び出(だ)</c><3>し</c><2></c>,水面(みなも)を飛(と)び出(だ)し
229.746,230.614,-1,-1,<2></c><4>水面(みなも)を飛(と)び出(だ)し</c><2></c>,水面(みなも)を飛(と)び出(だ)し
230.614,230.847,-1,-1,<2></c><4>翻(ひるがえ)</c><3>ってみせる</c><2></c>,翻(ひるがえ)ってみせる
230.847,231.081,-1,-1,<2></c><4>翻(ひるがえ)</c><3>ってみせる</c><2></c>,翻(ひるがえ)ってみせる
231.081,231.281,-1,-1,<2></c><4>翻(ひるがえ)</c><3>ってみせる</c><2></c>,翻(ひるがえ)ってみせる
231.281,231.448,-1,-1,<2></c><4>翻(ひるがえ)</c><3>ってみせる</c><2></c>,翻(ひるがえ)ってみせる
231.448,231.982,-1,-1,<2></c><4>翻(ひるがえ)っ</c><3>てみせる</c><2></c>,翻(ひるがえ)ってみせる
231.982,232.449,-1,-1,<2></c><4>翻(ひるがえ)って</c><3>みせる</c><2></c>,翻(ひるがえ)ってみせる
232.449,232.883,-1,-1,<2></c><4>翻(ひるがえ)ってみ</c><3>せる</c><2></c>,翻(ひるがえ)ってみせる
232.883,233.317,-1,-1,<2></c><4>翻(ひるがえ)ってみせ</c><3>る</c><2></c>,翻(ひるがえ)ってみせる
233.317,234.218,-1,-1,<2></c><4>翻(ひるがえ)ってみせる</c><2></c>,翻(ひるがえ)ってみせる
234.218,234.451,-1,-1,<2></c><4>豪(ごう)</c><3>快(かい)な水(みず)飛沫(しぶき)</c><2></c>,豪(ごう)快(かい)な水(みず)飛沫(しぶき)
234.451,234.685,-1,-1,<2></c><4>豪(ごう)</c><3>快(かい)な水(みず)飛沫(しぶき)</c><2></c>,豪(ごう)快(かい)な水(みず)飛沫(しぶき)
234.685,234.885,-1,-1,<2></c><4>豪(ごう)快(かい)</c><3>な水(みず)飛沫(しぶき)</c><2></c>,豪(ごう)快(かい)な水(みず)飛沫(しぶき)
234.885,235.018,-1,-1,<2></c><4>豪(ごう)快(かい)</c><3>な水(みず)飛沫(しぶき)</c><2></c>,豪(ごう)快(かい)な水(みず)飛沫(しぶき)
235.018,235.986,-1,-1,<2></c><4>豪(ごう)快(かい)な</c><3>水(みず)飛沫(しぶき)</c><2></c>,豪(ごう)快(かい)な水(みず)飛沫(しぶき)
235.986,236.253,-1,-1,<2></c><4>豪(ごう)快(かい)な水(みず)</c><3>飛沫(しぶき)</c><2></c>,豪(ごう)快(かい)な水(みず)飛沫(しぶき)
236.253,236.486,-1,-1,<2></c><4>豪(ごう)快(かい)な水(みず)</c><3>飛沫(しぶき)</c><2></c>,豪(ごう)快(かい)な水(みず)飛沫(しぶき)
236.486,236.687,-1,-1,<2></c><4>豪(ごう)快(かい)な水(みず)飛沫(しぶき)</c><2></c>,豪(ごう)快(かい)な水(みず)飛沫(しぶき)
236.687,238.288,-1,-1,<2></c><4>豪(ごう)快(かい)な水(みず)飛沫(しぶき)</c><2></c>,豪(ごう)快(かい)な水(みず)飛沫(しぶき)
238.288,238.488,66,-1,<2></c><4>今日(きょう)</c><3>の涙(なみだ)と共(とも)に空(そら)高(たか)くへ</c><2></c>,今日(きょう)の涙(なみだ)と共(とも)に空(そら)高(たか)くへ
238.488,238.855,66,-1,<2></c><4>今日(きょう)</c><3>の涙(なみだ)と共(とも)に空(そら)高(たか)くへ</c><2></c>,今日(きょう)の涙(なみだ)と共(とも)に空(そら)高(たか)くへ
238.855,239.189,66,-1,<2></c><4>今日(きょう)の</c><3>涙(なみだ)と共(とも)に空(そら)高(たか)くへ</c><2></c>,今日(きょう)の涙(なみだ)と共(とも)に空(そら)高(たか)くへ
239.189,239.389,66,-1,<2></c><4>今日(きょう)の涙(なみだ)</c><3>と共(とも)に空(そら)高(たか)くへ</c><2></c>,今日(きょう)の涙(なみだ)と共(とも)に空(そら)高(たか)くへ
239.389,239.723,66,-1,<2></c><4>今日(きょう)の涙(なみだ)</c><3>と共(とも)に空(そら)高(たか)くへ</c><2></c>,今日(きょう)の涙(なみだ)と共(とも)に空(そら)高(たか)くへ
239.723,240.09,66,-1,<2></c><4>今日(きょう)の涙(なみだ)</c><3>と共(とも)に空(そら)高(たか)くへ</c><2></c>,今日(きょう)の涙(なみだ)と共(とも)に空(そら)高(たか)くへ
240.09,240.324,66,-1,<2></c><4>今日(きょう)の涙(なみだ)と</c><3>共(とも)に空(そら)高(たか)くへ</c><2></c>,今日(きょう)の涙(なみだ)と共(とも)に空(そら)高(たか)くへ
240.324,240.624,66,-1,<2></c><4>今日(きょう)の涙(なみだ)と共(とも)</c><3>に空(そら)高(たか)くへ</c><2></c>,今日(きょう)の涙(なみだ)と共(とも)に空(そら)高(たか)くへ
240.624,240.991,66,-1,<2></c><4>今日(きょう)の涙(なみだ)と共(とも)</c><3>に空(そら)高(たか)くへ</c><2></c>,今日(きょう)の涙(なみだ)と共(とも)に空(そら)高(たか)くへ
240.991,241.458,66,-1,<2></c><4>今日(きょう)の涙(なみだ)と共(とも)に</c><3>空(そら)高(たか)くへ</c><2></c>,今日(きょう)の涙(なみだ)と共(とも)に空(そら)高(たか)くへ
241.458,241.658,66,-1,<2></c><4>今日(きょう)の涙(なみだ)と共(とも)に空(そら)</c><3>高(たか)くへ</c><2></c>,今日(きょう)の涙(なみだ)と共(とも)に空(そら)高(たか)くへ
241.658,241.892,66,-1,<2></c><4>今日(きょう)の涙(なみだ)と共(とも)に空(そら)</c><3>高(たか)くへ</c><2></c>,今日(きょう)の涙(なみだ)と共(とも)に空(そら)高(たか)くへ
241.892,242.125,66,-1,<2></c><4>今日(きょう)の涙(なみだ)と共(とも)に空(そら)高(たか)</c><3>くへ</c><2></c>,今日(きょう)の涙(なみだ)と共(とも)に空(そら)高(たか)くへ
242.125,242.259,66,-1,<2></c><4>今日(きょう)の涙(なみだ)と共(とも)に空(そら)高(たか)</c><3>くへ</c><2></c>,今日(きょう)の涙(なみだ)と共(とも)に空(そら)高(たか)くへ
242.259,242.559,66,-1,<2></c><4>今日(きょう)の涙(なみだ)と共(とも)に空(そら)高(たか)く</c><3>へ</c><2></c>,今日(きょう)の涙(なみだ)と共(とも)に空(そら)高(たか)くへ
242.559,242.726,66,-1,<2></c><4>今日(きょう)の涙(なみだ)と共(とも)に空(そら)高(たか)くへ</c><2></c>,今日(きょう)の涙(なみだ)と共(とも)に空(そら)高(たか)くへ
242.726,242.793,66,-1,<2></c><4>今日(きょう)の涙(なみだ)と共(とも)に空(そら)高(たか)くへ</c><2></c>,今日(きょう)の涙(なみだ)と共(とも)に空(そら)高(たか)くへ
242.793,242.859,66,-1,<2></c><4>今日(きょう)の涙(なみだ)と共(とも)に空(そら)高(たか)くへ</c><2></c>,今日(きょう)の涙(なみだ)と共(とも)に空(そら)高(たか)くへ
242.859,242.926,66,-1,<2></c><4>今日(きょう)の涙(なみだ)と共(とも)に空(そら)高(たか)くへ</c><2></c>,今日(きょう)の涙(なみだ)と共(とも)に空(そら)高(たか)くへ
242.926,242.993,66,-1,<2></c><4>今日(きょう)の涙(なみだ)と共(とも)に空(そら)高(たか)くへ</c><2></c>,今日(きょう)の涙(なみだ)と共(とも)に空(そら)高(たか)くへ
242.993,243.06,66,-1,<2></c><4>今日(きょう)の涙(なみだ)と共(とも)に空(そら)高(たか)くへ</c><2></c>,今日(きょう)の涙(なみだ)と共(とも)に空(そら)高(たか)くへ
243.06,243.126,66,-1,<2></c><4>今日(きょう)の涙(なみだ)と共(とも)に空(そら)高(たか)くへ</c><2></c>,今日(きょう)の涙(なみだ)と共(とも)に空(そら)高(たか)くへ
243.126,243.193,66,-1,<2></c><4>今日(きょう)の涙(なみだ)と共(とも)に空(そら)高(たか)くへ</c><2></c>,今日(きょう)の涙(なみだ)と共(とも)に空(そら)高(たか)くへ
243.193,243.26,66,-1,<2></c><4>今日(きょう)の涙(なみだ)と共(とも)に空(そら)高(たか)くへ</c><2></c>,今日(きょう)の涙(なみだ)と共(とも)に空(そら)高(たか)くへ
243.26,243.327,66,-1,<2></c><4>今日(きょう)の涙(なみだ)と共(とも)に空(そら)高(たか)くへ</c><2></c>,今日(きょう)の涙(なみだ)と共(とも)に空(そら)高(たか)くへ
243.327,243.393,66,-1,<2></c><4>今日(きょう)の涙(なみだ)と共(とも)に空(そら)高(たか)くへ</c><2></c>,今日(きょう)の涙(なみだ)と共(とも)に空(そら)高(たか)くへ
243.393,243.46,66,-1,<2></c><4>今日(きょう)の涙(なみだ)と共(とも)に空(そら)高(たか)くへ</c><2></c>,今日(きょう)の涙(なみだ)と共(とも)に空(そら)高(たか)くへ
243.46,243.527,66,-1,<2></c><4>今日(きょう)の涙(なみだ)と共(とも)に空(そら)高(たか)くへ</c><2></c>,今日(きょう)の涙(なみだ)と共(とも)に空(そら)高(たか)くへ
243.527,243.594,66,-1,<2></c><4>今日(きょう)の涙(なみだ)と共(とも)に空(そら)高(たか)くへ</c><2></c>,今日(きょう)の涙(なみだ)と共(とも)に空(そら)高(たか)くへ
243.594,243.66,66,-1,<2></c><4>今日(きょう)の涙(なみだ)と共(とも)に空(そら)高(たか)くへ</c><2></c>,今日(きょう)の涙(なみだ)と共(とも)に空(そら)高(たか)くへ
243.66,243.727,66,-1,<2></c><4>今日(きょう)の涙(なみだ)と共(とも)に空(そら)高(たか)くへ</c><2></c>,今日(きょう)の涙(なみだ)と共(とも)に空(そら)高(たか)くへ
243.727,243.794,66,-1,<2></c><4>今日(きょう)の涙(なみだ)と共(とも)に空(そら)高(たか)くへ</c><2></c>,今日(きょう)の涙(なみだ)と共(とも)に空(そら)高(たか)くへ
243.794,243.86,66,-1,<2></c><4>今日(きょう)の涙(なみだ)と共(とも)に空(そら)高(たか)くへ</c><2></c>,今日(きょう)の涙(なみだ)と共(とも)に空(そら)高(たか)くへ
243.86,243.927,66,-1,<2></c><4>今日(きょう)の涙(なみだ)と共(とも)に空(そら)高(たか)くへ</c><2></c>,今日(きょう)の涙(なみだ)と共(とも)に空(そら)高(たか)くへ
243.927,243.994,66,-1,<2></c><4>今日(きょう)の涙(なみだ)と共(とも)に空(そら)高(たか)くへ</c><2></c>,今日(きょう)の涙(なみだ)と共(とも)に空(そら)高(たか)くへ
243.994,244.061,66,-1,<2></c><4>今日(きょう)の涙(なみだ)と共(とも)に空(そら)高(たか)くへ</c><2></c>,今日(きょう)の涙(なみだ)と共(とも)に空(そら)高(たか)くへ
244.061,244.127,66,-1,<2></c><4>今日(きょう)の涙(なみだ)と共(とも)に空(そら)高(たか)くへ</c><2></c>,今日(きょう)の涙(なみだ)と共(とも)に空(そら)高(たか)くへ
244.127,244.194,66,-1,<2></c><4>今日(きょう)の涙(なみだ)と共(とも)に空(そら)高(たか)くへ</c><2></c>,今日(きょう)の涙(なみだ)と共(とも)に空(そら)高(たか)くへ
244.194,244.261,66,-1,<2></c><4>今日(きょう)の涙(なみだ)と共(とも)に空(そら)高(たか)くへ</c><2></c>,今日(きょう)の涙(なみだ)と共(とも)に空(そら)高(たか)くへ
244.261,244.328,66,-1,<2></c><4>今日(きょう)の涙(なみだ)と共(とも)に空(そら)高(たか)くへ</c><2></c>,今日(きょう)の涙(なみだ)と共(とも)に空(そら)高(たか)くへ
244.328,244.394,66,-1,<2></c><4>今日(きょう)の涙(なみだ)と共(とも)に空(そら)高(たか)くへ</c><2></c>,今日(きょう)の涙(なみだ)と共(とも)に空(そら)高(たか)くへ
244.394,244.461,66,-1,<2></c><4>今日(きょう)の涙(なみだ)と共(とも)に空(そら)高(たか)くへ</c><2></c>,今日(きょう)の涙(なみだ)と共(とも)に空(そら)高(たか)くへ
244.461,244.528,66,-1,<2></c><4>今日(きょう)の涙(なみだ)と共(とも)に空(そら)高(たか)くへ</c><2></c>,今日(きょう)の涙(なみだ)と共(とも)に空(そら)高(たか)くへ
244.528,244.595,66,-1,<2></c><4>今日(きょう)の涙(なみだ)と共(とも)に空(そら)高(たか)くへ</c><2></c>,今日(きょう)の涙(なみだ)と共(とも)に空(そら)高(たか)くへ
244.595,244.661,66,-1,<2></c><4>今日(きょう)の涙(なみだ)と共(とも)に空(そら)高(たか)くへ</c><2></c>,今日(きょう)の涙(なみだ)と共(とも)に空(そら)高(たか)くへ
244.661,244.728,66,-1,<2></c><4>今日(きょう)の涙(なみだ)と共(とも)に空(そら)高(たか)くへ</c><2></c>,今日(きょう)の涙(なみだ)と共(とも)に空(そら)高(たか)くへ
244.728,244.795,66,-1,<2></c><4>今日(きょう)の涙(なみだ)と共(とも)に空(そら)高(たか)くへ</c><2></c>,今日(きょう)の涙(なみだ)と共(とも)に空(そら)高(たか)くへ
244.795,244.861,66,-1,<2></c><4>今日(きょう)の涙(なみだ)と共(とも)に空(そら)高(たか)くへ</c><2></c>,今日(きょう)の涙(なみだ)と共(とも)に空(そら)高(たか)くへ
244.861,244.928,66,-1,<2></c><4>今日(きょう)の涙(なみだ)と共(とも)に空(そら)高(たか)くへ</c><2></c>,今日(きょう)の涙(なみだ)と共(とも)に空(そら)高(たか)くへ
244.928,244.995,66,-1,<2></c><4>今日(きょう)の涙(なみだ)と共(とも)に空(そら)高(たか)くへ</c><2></c>,今日(きょう)の涙(なみだ)と共(とも)に空(そら)高(たか)くへ
244.995,245.062,66,-1,<2></c><4>今日(きょう)の涙(なみだ)と共(とも)に空(そら)高(たか)くへ</c><2></c>,今日(きょう)の涙(なみだ)と共(とも)に空(そら)高(たか)くへ
245.062,245.128,66,-1,<2></c><4>今日(きょう)の涙(なみだ)と共(とも)に空(そら)高(たか)くへ</c><2></c>,今日(きょう)の涙(なみだ)と共(とも)に空(そら)高(たか)くへ
245.128,245.195,66,-1,<2></c><4>今日(きょう)の涙(なみだ)と共(とも)に空(そら)高(たか)くへ</c><2></c>,今日(きょう)の涙(なみだ)と共(とも)に空(そら)高(たか)くへ
245.195,245.262,66,-1,<2></c><4>今日(きょう)の涙(なみだ)と共(とも)に空(そら)高(たか)くへ</c><2></c>,今日(きょう)の涙(なみだ)と共(とも)に空(そら)高(たか)くへ
245.262,245.329,66,-1,<2></c><4>今日(きょう)の涙(なみだ)と共(とも)に空(そら)高(たか)くへ</c><2></c>,今日(きょう)の涙(なみだ)と共(とも)に空(そら)高(たか)くへ
245.329,245.395,66,-1,<2></c><4>今日(きょう)の涙(なみだ)と共(とも)に空(そら)高(たか)くへ</c><2></c>,今日(きょう)の涙(なみだ)と共(とも)に空(そら)高(たか)くへ
245.395,245.462,66,-1,<2></c><4>今日(きょう)の涙(なみだ)と共(とも)に空(そら)高(たか)くへ</c><2></c>,今日(きょう)の涙(なみだ)と共(とも)に空(そら)高(たか)くへ
245.462,245.529,66,-1,<2></c><4>今日(きょう)の涙(なみだ)と共(とも)に空(そら)高(たか)くへ</c><2></c>,今日(きょう)の涙(なみだ)と共(とも)に空(そら)高(たか)くへ
245.529,245.596,66,-1,<2></c><4>今日(きょう)の涙(なみだ)と共(とも)に空(そら)高(たか)くへ</c><2></c>,今日(きょう)の涙(なみだ)と共(とも)に空(そら)高(たか)くへ
245.596,245.662,66,-1,<2></c><4>今日(きょう)の涙(なみだ)と共(とも)に空(そら)高(たか)くへ</c><2></c>,今日(きょう)の涙(なみだ)と共(とも)に空(そら)高(たか)くへ
245.662,245.729,66,-1,<2></c><4>今日(きょう)の涙(なみだ)と共(とも)に空(そら)高(たか)くへ</c><2></c>,今日(きょう)の涙(なみだ)と共(とも)に空(そら)高(たか)くへ
256.54,270.988,-1,0,<2></c><1>fins／</c><4>角巻わため</c><2></c>,fins／角巻わため
256.54,260.177,-1,-1,<2></c><1>作曲：</c><4>岡野昭仁tasuku</c><2></c>,作曲：岡野昭仁tasuku
260.177,263.78,-1,-1,<2></c><1>作詞：</c><4>新藤晴一</c><2></c>,作詞：新藤晴一
263.78,267.384,-1,-1,<2></c><1>編曲：</c><4>tasuku</c><2></c>,編曲：tasuku
267.384,270.988,-1,-1,<2></c><1>歌：</c><4>角巻わため</c><2></c>,歌：角巻わため
