start,end,position,line,text,unformatted
1.318,1.785,-1,-1,<2></c><1>傘(かさ)</c><3>も差(さ)せずにnono</c><2></c>,傘(かさ)も差(さ)せずにnono
1.785,2.286,-1,-1,<2></c><1>傘(かさ)</c><3>も差(さ)せずにnono</c><2></c>,傘(かさ)も差(さ)せずにnono
2.286,2.72,-1,-1,<2></c><1>傘(かさ)も</c><3>差(さ)せずにnono</c><2></c>,傘(かさ)も差(さ)せずにnono
2.72,3.22,-1,-1,<2></c><1>傘(かさ)も差(さ)</c><3>せずにnono</c><2></c>,傘(かさ)も差(さ)せずにnono
3.22,3.654,-1,-1,<2></c><1>傘(かさ)も差(さ)せ</c><3>ずにnono</c><2></c>,傘(かさ)も差(さ)せずにnono
3.654,4.121,-1,-1,<2></c><1>傘(かさ)も差(さ)せず</c><3>にnono</c><2></c>,傘(かさ)も差(さ)せずにnono
4.121,4.588,-1,-1,<2></c><1>傘(かさ)も差(さ)せずに</c><3>nono</c><2></c>,傘(かさ)も差(さ)せずにnono
4.588,5.055,-1,-1,<2></c><1>傘(かさ)も差(さ)せずにno</c><3>no</c><2></c>,傘(かさ)も差(さ)せずにnono
5.055,5.489,-1,-1,<2></c><1>傘(かさ)も差(さ)せずにnono</c><2></c>,傘(かさ)も差(さ)せずにnono
5.489,5.956,-1,-1,<2></c><1>塞(ふさ)</c><3>がるeyes</c><2></c>,塞(ふさ)がるeyes
5.956,6.39,-1,-1,<2></c><1>塞(ふさ)</c><3>がるeyes</c><2></c>,塞(ふさ)がるeyes
6.39,6.89,-1,-1,<2></c><1>塞(ふさ)が</c><3>るeyes</c><2></c>,塞(ふさ)がるeyes
6.89,7.358,-1,-1,<2></c><1>塞(ふさ)がる</c><3>eyes</c><2></c>,塞(ふさ)がるeyes
7.358,8.826,-1,-1,<2></c><1>塞(ふさ)がるeyes</c><2></c>,塞(ふさ)がるeyes
8.826,9.193,-1,-1,<2></c><1>帰(かえ)</c><3>れないならあなたも</c><2></c>,帰(かえ)れないならあなたも
9.193,9.693,-1,-1,<2></c><1>帰(かえ)</c><3>れないならあなたも</c><2></c>,帰(かえ)れないならあなたも
9.693,10.127,-1,-1,<2></c><1>帰(かえ)れ</c><3>ないならあなたも</c><2></c>,帰(かえ)れないならあなたも
10.127,10.561,-1,-1,<2></c><1>帰(かえ)れな</c><3>いならあなたも</c><2></c>,帰(かえ)れないならあなたも
10.561,11.061,-1,-1,<2></c><1>帰(かえ)れない</c><3>ならあなたも</c><2></c>,帰(かえ)れないならあなたも
11.061,11.528,-1,-1,<2></c><1>帰(かえ)れないな</c><3>らあなたも</c><2></c>,帰(かえ)れないならあなたも
11.528,11.962,-1,-1,<2></c><1>帰(かえ)れないなら</c><3>あなたも</c><2></c>,帰(かえ)れないならあなたも
11.962,12.429,-1,-1,<2></c><1>帰(かえ)れないならあ</c><3>なたも</c><2></c>,帰(かえ)れないならあなたも
12.429,12.896,-1,-1,<2></c><1>帰(かえ)れないならあな</c><3>たも</c><2></c>,帰(かえ)れないならあなたも
12.896,13.364,-1,-1,<2></c><1>帰(かえ)れないならあなた</c><3>も</c><2></c>,帰(かえ)れないならあなたも
13.364,13.831,-1,-1,<2></c><1>帰(かえ)れないならあなたも</c><2></c>,帰(かえ)れないならあなたも
13.831,14.298,-1,-1,<2></c><1>be</c><3>myguest</c><2></c>,bemyguest
14.298,14.732,-1,-1,<2></c><1>bemy</c><3>guest</c><2></c>,bemyguest
14.732,15.666,-1,-1,<2></c><1>bemyguest</c><2></c>,bemyguest
16.033,16.433,72,-1,<2></c><1>よ</c><3>く出(で)来(き)たハリボテの綺(き)麗(れい)な笑(え)顔(がお)？</c><2></c>,よく出(で)来(き)たハリボテの綺(き)麗(れい)な笑(え)顔(がお)？
16.433,16.6,72,-1,<2></c><1>よく</c><3>出(で)来(き)たハリボテの綺(き)麗(れい)な笑(え)顔(がお)？</c><2></c>,よく出(で)来(き)たハリボテの綺(き)麗(れい)な笑(え)顔(がお)？
16.6,17.034,72,-1,<2></c><1>よく出(で)</c><3>来(き)たハリボテの綺(き)麗(れい)な笑(え)顔(がお)？</c><2></c>,よく出(で)来(き)たハリボテの綺(き)麗(れい)な笑(え)顔(がお)？
17.034,17.468,72,-1,<2></c><1>よく出(で)来(き)</c><3>たハリボテの綺(き)麗(れい)な笑(え)顔(がお)？</c><2></c>,よく出(で)来(き)たハリボテの綺(き)麗(れい)な笑(え)顔(がお)？
17.468,17.968,72,-1,<2></c><1>よく出(で)来(き)た</c><3>ハリボテの綺(き)麗(れい)な笑(え)顔(がお)？</c><2></c>,よく出(で)来(き)たハリボテの綺(き)麗(れい)な笑(え)顔(がお)？
17.968,18.268,72,-1,<2></c><1>よく出(で)来(き)たハ</c><3>リボテの綺(き)麗(れい)な笑(え)顔(がお)？</c><2></c>,よく出(で)来(き)たハリボテの綺(き)麗(れい)な笑(え)顔(がお)？
18.268,18.435,72,-1,<2></c><1>よく出(で)来(き)たハリ</c><3>ボテの綺(き)麗(れい)な笑(え)顔(がお)？</c><2></c>,よく出(で)来(き)たハリボテの綺(き)麗(れい)な笑(え)顔(がお)？
18.435,18.869,72,-1,<2></c><1>よく出(で)来(き)たハリボ</c><3>テの綺(き)麗(れい)な笑(え)顔(がお)？</c><2></c>,よく出(で)来(き)たハリボテの綺(き)麗(れい)な笑(え)顔(がお)？
18.869,19.37,72,-1,<2></c><1>よく出(で)来(き)たハリボテ</c><3>の綺(き)麗(れい)な笑(え)顔(がお)？</c><2></c>,よく出(で)来(き)たハリボテの綺(き)麗(れい)な笑(え)顔(がお)？
19.37,19.803,72,-1,<2></c><1>よく出(で)来(き)たハリボテの</c><3>綺(き)麗(れい)な笑(え)顔(がお)？</c><2></c>,よく出(で)来(き)たハリボテの綺(き)麗(れい)な笑(え)顔(がお)？
19.803,20.137,72,-1,<2></c><1>よく出(で)来(き)たハリボテの綺(き)</c><3>麗(れい)な笑(え)顔(がお)？</c><2></c>,よく出(で)来(き)たハリボテの綺(き)麗(れい)な笑(え)顔(がお)？
20.137,20.304,72,-1,<2></c><1>よく出(で)来(き)たハリボテの綺(き)麗(れい)</c><3>な笑(え)顔(がお)？</c><2></c>,よく出(で)来(き)たハリボテの綺(き)麗(れい)な笑(え)顔(がお)？
20.304,20.738,72,-1,<2></c><1>よく出(で)来(き)たハリボテの綺(き)麗(れい)</c><3>な笑(え)顔(がお)？</c><2></c>,よく出(で)来(き)たハリボテの綺(き)麗(れい)な笑(え)顔(がお)？
20.738,21.205,72,-1,<2></c><1>よく出(で)来(き)たハリボテの綺(き)麗(れい)な</c><3>笑(え)顔(がお)？</c><2></c>,よく出(で)来(き)たハリボテの綺(き)麗(れい)な笑(え)顔(がお)？
21.205,21.672,72,-1,<2></c><1>よく出(で)来(き)たハリボテの綺(き)麗(れい)な笑(え)</c><3>顔(がお)？</c><2></c>,よく出(で)来(き)たハリボテの綺(き)麗(れい)な笑(え)顔(がお)？
21.672,23.507,72,-1,<2></c><1>よく出(で)来(き)たハリボテの綺(き)麗(れい)な笑(え)顔(がお)？</c><2></c>,よく出(で)来(き)たハリボテの綺(き)麗(れい)な笑(え)顔(がお)？
23.507,23.774,72,-1,<2></c><1>人(ひと)</c><3>前(まえ)じゃ崩(くず)せないあなたもbemyguest</c><2></c>,人(ひと)前(まえ)じゃ崩(くず)せないあなたもbemyguest
23.774,23.974,72,-1,<2></c><1>人(ひと)</c><3>前(まえ)じゃ崩(くず)せないあなたもbemyguest</c><2></c>,人(ひと)前(まえ)じゃ崩(くず)せないあなたもbemyguest
23.974,24.408,72,-1,<2></c><1>人(ひと)前(まえ)</c><3>じゃ崩(くず)せないあなたもbemyguest</c><2></c>,人(ひと)前(まえ)じゃ崩(くず)せないあなたもbemyguest
24.408,24.875,72,-1,<2></c><1>人(ひと)前(まえ)</c><3>じゃ崩(くず)せないあなたもbemyguest</c><2></c>,人(ひと)前(まえ)じゃ崩(くず)せないあなたもbemyguest
24.875,25.342,72,-1,<2></c><1>人(ひと)前(まえ)じゃ</c><3>崩(くず)せないあなたもbemyguest</c><2></c>,人(ひと)前(まえ)じゃ崩(くず)せないあなたもbemyguest
25.342,25.642,72,-1,<2></c><1>人(ひと)前(まえ)じゃ崩(くず)</c><3>せないあなたもbemyguest</c><2></c>,人(ひと)前(まえ)じゃ崩(くず)せないあなたもbemyguest
25.642,25.809,72,-1,<2></c><1>人(ひと)前(まえ)じゃ崩(くず)</c><3>せないあなたもbemyguest</c><2></c>,人(ひと)前(まえ)じゃ崩(くず)せないあなたもbemyguest
25.809,26.276,72,-1,<2></c><1>人(ひと)前(まえ)じゃ崩(くず)せ</c><3>ないあなたもbemyguest</c><2></c>,人(ひと)前(まえ)じゃ崩(くず)せないあなたもbemyguest
26.276,26.744,72,-1,<2></c><1>人(ひと)前(まえ)じゃ崩(くず)せな</c><3>いあなたもbemyguest</c><2></c>,人(ひと)前(まえ)じゃ崩(くず)せないあなたもbemyguest
26.744,27.177,72,-1,<2></c><1>人(ひと)前(まえ)じゃ崩(くず)せない</c><3>あなたもbemyguest</c><2></c>,人(ひと)前(まえ)じゃ崩(くず)せないあなたもbemyguest
27.177,27.511,72,-1,<2></c><1>人(ひと)前(まえ)じゃ崩(くず)せないあ</c><3>なたもbemyguest</c><2></c>,人(ひと)前(まえ)じゃ崩(くず)せないあなたもbemyguest
27.511,27.644,72,-1,<2></c><1>人(ひと)前(まえ)じゃ崩(くず)せないあな</c><3>たもbemyguest</c><2></c>,人(ひと)前(まえ)じゃ崩(くず)せないあなたもbemyguest
27.644,28.112,72,-1,<2></c><1>人(ひと)前(まえ)じゃ崩(くず)せないあなた</c><3>もbemyguest</c><2></c>,人(ひと)前(まえ)じゃ崩(くず)せないあなたもbemyguest
28.112,28.579,72,-1,<2></c><1>人(ひと)前(まえ)じゃ崩(くず)せないあなたも</c><3>bemyguest</c><2></c>,人(ひと)前(まえ)じゃ崩(くず)せないあなたもbemyguest
28.579,29.013,72,-1,<2></c><1>人(ひと)前(まえ)じゃ崩(くず)せないあなたもbe</c><3>myguest</c><2></c>,人(ひと)前(まえ)じゃ崩(くず)せないあなたもbemyguest
29.013,29.513,72,-1,<2></c><1>人(ひと)前(まえ)じゃ崩(くず)せないあなたもbemy</c><3>guest</c><2></c>,人(ひと)前(まえ)じゃ崩(くず)せないあなたもbemyguest
29.513,30.914,72,-1,<2></c><1>人(ひと)前(まえ)じゃ崩(くず)せないあなたもbemyguest</c><2></c>,人(ひと)前(まえ)じゃ崩(くず)せないあなたもbemyguest
30.914,31.248,72,-1,<2></c><1>約(やく)</c><3>束(そく)の時(じ)間(かん)でも迎(むか)えが来(こ)ない？</c><2></c>,約(やく)束(そく)の時(じ)間(かん)でも迎(むか)えが来(こ)ない？
31.248,31.382,72,-1,<2></c><1>約(やく)</c><3>束(そく)の時(じ)間(かん)でも迎(むか)えが来(こ)ない？</c><2></c>,約(やく)束(そく)の時(じ)間(かん)でも迎(むか)えが来(こ)ない？
31.382,31.849,72,-1,<2></c><1>約(やく)束(そく)</c><3>の時(じ)間(かん)でも迎(むか)えが来(こ)ない？</c><2></c>,約(やく)束(そく)の時(じ)間(かん)でも迎(むか)えが来(こ)ない？
31.849,32.282,72,-1,<2></c><1>約(やく)束(そく)</c><3>の時(じ)間(かん)でも迎(むか)えが来(こ)ない？</c><2></c>,約(やく)束(そく)の時(じ)間(かん)でも迎(むか)えが来(こ)ない？
32.282,32.75,72,-1,<2></c><1>約(やく)束(そく)の</c><3>時(じ)間(かん)でも迎(むか)えが来(こ)ない？</c><2></c>,約(やく)束(そく)の時(じ)間(かん)でも迎(むか)えが来(こ)ない？
32.75,33.05,72,-1,<2></c><1>約(やく)束(そく)の時(じ)</c><3>間(かん)でも迎(むか)えが来(こ)ない？</c><2></c>,約(やく)束(そく)の時(じ)間(かん)でも迎(むか)えが来(こ)ない？
33.05,33.217,72,-1,<2></c><1>約(やく)束(そく)の時(じ)間(かん)</c><3>でも迎(むか)えが来(こ)ない？</c><2></c>,約(やく)束(そく)の時(じ)間(かん)でも迎(むか)えが来(こ)ない？
33.217,33.684,72,-1,<2></c><1>約(やく)束(そく)の時(じ)間(かん)</c><3>でも迎(むか)えが来(こ)ない？</c><2></c>,約(やく)束(そく)の時(じ)間(かん)でも迎(むか)えが来(こ)ない？
33.684,34.151,72,-1,<2></c><1>約(やく)束(そく)の時(じ)間(かん)で</c><3>も迎(むか)えが来(こ)ない？</c><2></c>,約(やく)束(そく)の時(じ)間(かん)でも迎(むか)えが来(こ)ない？
34.151,34.585,72,-1,<2></c><1>約(やく)束(そく)の時(じ)間(かん)でも</c><3>迎(むか)えが来(こ)ない？</c><2></c>,約(やく)束(そく)の時(じ)間(かん)でも迎(むか)えが来(こ)ない？
34.585,34.885,72,-1,<2></c><1>約(やく)束(そく)の時(じ)間(かん)でも迎(むか)</c><3>えが来(こ)ない？</c><2></c>,約(やく)束(そく)の時(じ)間(かん)でも迎(むか)えが来(こ)ない？
34.885,35.052,72,-1,<2></c><1>約(やく)束(そく)の時(じ)間(かん)でも迎(むか)</c><3>えが来(こ)ない？</c><2></c>,約(やく)束(そく)の時(じ)間(かん)でも迎(むか)えが来(こ)ない？
35.052,35.519,72,-1,<2></c><1>約(やく)束(そく)の時(じ)間(かん)でも迎(むか)え</c><3>が来(こ)ない？</c><2></c>,約(やく)束(そく)の時(じ)間(かん)でも迎(むか)えが来(こ)ない？
35.519,35.986,72,-1,<2></c><1>約(やく)束(そく)の時(じ)間(かん)でも迎(むか)えが</c><3>来(こ)ない？</c><2></c>,約(やく)束(そく)の時(じ)間(かん)でも迎(むか)えが来(こ)ない？
35.986,36.453,72,-1,<2></c><1>約(やく)束(そく)の時(じ)間(かん)でも迎(むか)えが来(こ)</c><3>ない？</c><2></c>,約(やく)束(そく)の時(じ)間(かん)でも迎(むか)えが来(こ)ない？
36.453,36.92,72,-1,<2></c><1>約(やく)束(そく)の時(じ)間(かん)でも迎(むか)えが来(こ)な</c><3>い？</c><2></c>,約(やく)束(そく)の時(じ)間(かん)でも迎(むか)えが来(こ)ない？
36.92,38.288,72,-1,<2></c><1>約(やく)束(そく)の時(じ)間(かん)でも迎(むか)えが来(こ)ない？</c><2></c>,約(やく)束(そく)の時(じ)間(かん)でも迎(むか)えが来(こ)ない？
38.288,38.589,73,-1,<2></c><1>屋(おく)</c><3>上(じょう)から出(で)られないあなたもbemyguest</c><2></c>,屋(おく)上(じょう)から出(で)られないあなたもbemyguest
38.589,38.756,73,-1,<2></c><1>屋(おく)</c><3>上(じょう)から出(で)られないあなたもbemyguest</c><2></c>,屋(おく)上(じょう)から出(で)られないあなたもbemyguest
38.756,39.056,73,-1,<2></c><1>屋(おく)上(じょう)</c><3>から出(で)られないあなたもbemyguest</c><2></c>,屋(おく)上(じょう)から出(で)られないあなたもbemyguest
39.056,39.189,73,-1,<2></c><1>屋(おく)上(じょう)</c><3>から出(で)られないあなたもbemyguest</c><2></c>,屋(おく)上(じょう)から出(で)られないあなたもbemyguest
39.189,39.69,73,-1,<2></c><1>屋(おく)上(じょう)か</c><3>ら出(で)られないあなたもbemyguest</c><2></c>,屋(おく)上(じょう)から出(で)られないあなたもbemyguest
39.69,40.124,73,-1,<2></c><1>屋(おく)上(じょう)から</c><3>出(で)られないあなたもbemyguest</c><2></c>,屋(おく)上(じょう)から出(で)られないあなたもbemyguest
40.124,40.424,73,-1,<2></c><1>屋(おく)上(じょう)から出(で)</c><3>られないあなたもbemyguest</c><2></c>,屋(おく)上(じょう)から出(で)られないあなたもbemyguest
40.424,40.591,73,-1,<2></c><1>屋(おく)上(じょう)から出(で)ら</c><3>れないあなたもbemyguest</c><2></c>,屋(おく)上(じょう)から出(で)られないあなたもbemyguest
40.591,41.058,73,-1,<2></c><1>屋(おく)上(じょう)から出(で)られ</c><3>ないあなたもbemyguest</c><2></c>,屋(おく)上(じょう)から出(で)られないあなたもbemyguest
41.058,41.525,73,-1,<2></c><1>屋(おく)上(じょう)から出(で)られな</c><3>いあなたもbemyguest</c><2></c>,屋(おく)上(じょう)から出(で)られないあなたもbemyguest
41.525,41.959,73,-1,<2></c><1>屋(おく)上(じょう)から出(で)られない</c><3>あなたもbemyguest</c><2></c>,屋(おく)上(じょう)から出(で)られないあなたもbemyguest
41.959,42.292,73,-1,<2></c><1>屋(おく)上(じょう)から出(で)られないあ</c><3>なたもbemyguest</c><2></c>,屋(おく)上(じょう)から出(で)られないあなたもbemyguest
42.292,42.459,73,-1,<2></c><1>屋(おく)上(じょう)から出(で)られないあな</c><3>たもbemyguest</c><2></c>,屋(おく)上(じょう)から出(で)られないあなたもbemyguest
42.459,42.893,73,-1,<2></c><1>屋(おく)上(じょう)から出(で)られないあなた</c><3>もbemyguest</c><2></c>,屋(おく)上(じょう)から出(で)られないあなたもbemyguest
42.893,43.36,73,-1,<2></c><1>屋(おく)上(じょう)から出(で)られないあなたも</c><3>bemyguest</c><2></c>,屋(おく)上(じょう)から出(で)られないあなたもbemyguest
43.36,43.827,73,-1,<2></c><1>屋(おく)上(じょう)から出(で)られないあなたもbe</c><3>myguest</c><2></c>,屋(おく)上(じょう)から出(で)られないあなたもbemyguest
43.827,44.328,73,-1,<2></c><1>屋(おく)上(じょう)から出(で)られないあなたもbemy</c><3>guest</c><2></c>,屋(おく)上(じょう)から出(で)られないあなたもbemyguest
44.328,44.962,73,-1,<2></c><1>屋(おく)上(じょう)から出(で)られないあなたもbemyguest</c><2></c>,屋(おく)上(じょう)から出(で)られないあなたもbemyguest
45.462,45.696,66,-1,<2></c><1>黒(くろ)</c><3>猫(ねこ)のようにstep\'nstep\'nstep</c><2></c>,黒(くろ)猫(ねこ)のようにstep\'nstep\'nstep
45.696,45.963,66,-1,<2></c><1>黒(くろ)</c><3>猫(ねこ)のようにstep\'nstep\'nstep</c><2></c>,黒(くろ)猫(ねこ)のようにstep\'nstep\'nstep
45.963,46.13,66,-1,<2></c><1>黒(くろ)猫(ねこ)</c><3>のようにstep\'nstep\'nstep</c><2></c>,黒(くろ)猫(ねこ)のようにstep\'nstep\'nstep
46.13,46.43,66,-1,<2></c><1>黒(くろ)猫(ねこ)</c><3>のようにstep\'nstep\'nstep</c><2></c>,黒(くろ)猫(ねこ)のようにstep\'nstep\'nstep
46.43,46.597,66,-1,<2></c><1>黒(くろ)猫(ねこ)の</c><3>ようにstep\'nstep\'nstep</c><2></c>,黒(くろ)猫(ねこ)のようにstep\'nstep\'nstep
46.597,46.764,66,-1,<2></c><1>黒(くろ)猫(ねこ)のよ</c><3>うにstep\'nstep\'nstep</c><2></c>,黒(くろ)猫(ねこ)のようにstep\'nstep\'nstep
46.764,46.897,66,-1,<2></c><1>黒(くろ)猫(ねこ)のよう</c><3>にstep\'nstep\'nstep</c><2></c>,黒(くろ)猫(ねこ)のようにstep\'nstep\'nstep
46.897,47.064,66,-1,<2></c><1>黒(くろ)猫(ねこ)のように</c><3>step\'nstep\'nstep</c><2></c>,黒(くろ)猫(ねこ)のようにstep\'nstep\'nstep
47.064,47.364,66,-1,<2></c><1>黒(くろ)猫(ねこ)のようにstep</c><3>\'nstep\'nstep</c><2></c>,黒(くろ)猫(ねこ)のようにstep\'nstep\'nstep
47.364,47.498,66,-1,<2></c><1>黒(くろ)猫(ねこ)のようにstep\'n</c><3>step\'nstep</c><2></c>,黒(くろ)猫(ねこ)のようにstep\'nstep\'nstep
47.498,47.831,66,-1,<2></c><1>黒(くろ)猫(ねこ)のようにstep\'nstep</c><3>\'nstep</c><2></c>,黒(くろ)猫(ねこ)のようにstep\'nstep\'nstep
47.831,48.032,66,-1,<2></c><1>黒(くろ)猫(ねこ)のようにstep\'nstep\'n</c><3>step</c><2></c>,黒(くろ)猫(ねこ)のようにstep\'nstep\'nstep
48.032,48.432,66,-1,<2></c><1>黒(くろ)猫(ねこ)のようにstep\'nstep\'nstep</c><2></c>,黒(くろ)猫(ねこ)のようにstep\'nstep\'nstep
49.199,49.366,70,-1,<2></c><1>手(て)</c><3>当(あ)たり次(し)第(だい)にtap\'ntap\'ntap</c><2></c>,手(て)当(あ)たり次(し)第(だい)にtap\'ntap\'ntap
49.366,49.666,70,-1,<2></c><1>手(て)当(あ)</c><3>たり次(し)第(だい)にtap\'ntap\'ntap</c><2></c>,手(て)当(あ)たり次(し)第(だい)にtap\'ntap\'ntap
49.666,49.833,70,-1,<2></c><1>手(て)当(あ)た</c><3>り次(し)第(だい)にtap\'ntap\'ntap</c><2></c>,手(て)当(あ)たり次(し)第(だい)にtap\'ntap\'ntap
49.833,50.1,70,-1,<2></c><1>手(て)当(あ)たり</c><3>次(し)第(だい)にtap\'ntap\'ntap</c><2></c>,手(て)当(あ)たり次(し)第(だい)にtap\'ntap\'ntap
50.1,50.267,70,-1,<2></c><1>手(て)当(あ)たり次(し)</c><3>第(だい)にtap\'ntap\'ntap</c><2></c>,手(て)当(あ)たり次(し)第(だい)にtap\'ntap\'ntap
50.267,50.434,70,-1,<2></c><1>手(て)当(あ)たり次(し)第(だい)</c><3>にtap\'ntap\'ntap</c><2></c>,手(て)当(あ)たり次(し)第(だい)にtap\'ntap\'ntap
50.434,50.567,70,-1,<2></c><1>手(て)当(あ)たり次(し)第(だい)</c><3>にtap\'ntap\'ntap</c><2></c>,手(て)当(あ)たり次(し)第(だい)にtap\'ntap\'ntap
50.567,50.768,70,-1,<2></c><1>手(て)当(あ)たり次(し)第(だい)に</c><3>tap\'ntap\'ntap</c><2></c>,手(て)当(あ)たり次(し)第(だい)にtap\'ntap\'ntap
50.768,51.035,70,-1,<2></c><1>手(て)当(あ)たり次(し)第(だい)にtap</c><3>\'ntap\'ntap</c><2></c>,手(て)当(あ)たり次(し)第(だい)にtap\'ntap\'ntap
51.035,51.201,70,-1,<2></c><1>手(て)当(あ)たり次(し)第(だい)にtap\'n</c><3>tap\'ntap</c><2></c>,手(て)当(あ)たり次(し)第(だい)にtap\'ntap\'ntap
51.201,51.535,70,-1,<2></c><1>手(て)当(あ)たり次(し)第(だい)にtap\'ntap</c><3>\'ntap</c><2></c>,手(て)当(あ)たり次(し)第(だい)にtap\'ntap\'ntap
51.535,51.702,70,-1,<2></c><1>手(て)当(あ)たり次(し)第(だい)にtap\'ntap\'n</c><3>tap</c><2></c>,手(て)当(あ)たり次(し)第(だい)にtap\'ntap\'ntap
51.702,52.136,70,-1,<2></c><1>手(て)当(あ)たり次(し)第(だい)にtap\'ntap\'ntap</c><2></c>,手(て)当(あ)たり次(し)第(だい)にtap\'ntap\'ntap
52.903,53.07,59,-1,<2></c><1>あ</c><3>なたを連(つ)れてsnap\'nsnap\'nsnap</c><2></c>,あなたを連(つ)れてsnap\'nsnap\'nsnap
53.07,53.37,59,-1,<2></c><1>あな</c><3>たを連(つ)れてsnap\'nsnap\'nsnap</c><2></c>,あなたを連(つ)れてsnap\'nsnap\'nsnap
53.37,53.537,59,-1,<2></c><1>あなた</c><3>を連(つ)れてsnap\'nsnap\'nsnap</c><2></c>,あなたを連(つ)れてsnap\'nsnap\'nsnap
53.537,53.771,59,-1,<2></c><1>あなたを</c><3>連(つ)れてsnap\'nsnap\'nsnap</c><2></c>,あなたを連(つ)れてsnap\'nsnap\'nsnap
53.771,53.971,59,-1,<2></c><1>あなたを連(つ)</c><3>れてsnap\'nsnap\'nsnap</c><2></c>,あなたを連(つ)れてsnap\'nsnap\'nsnap
53.971,54.238,59,-1,<2></c><1>あなたを連(つ)れ</c><3>てsnap\'nsnap\'nsnap</c><2></c>,あなたを連(つ)れてsnap\'nsnap\'nsnap
54.238,54.438,59,-1,<2></c><1>あなたを連(つ)れて</c><3>snap\'nsnap\'nsnap</c><2></c>,あなたを連(つ)れてsnap\'nsnap\'nsnap
54.438,54.772,59,-1,<2></c><1>あなたを連(つ)れてsnap</c><3>\'nsnap\'nsnap</c><2></c>,あなたを連(つ)れてsnap\'nsnap\'nsnap
54.772,54.905,59,-1,<2></c><1>あなたを連(つ)れてsnap\'n</c><3>snap\'nsnap</c><2></c>,あなたを連(つ)れてsnap\'nsnap\'nsnap
54.905,55.239,59,-1,<2></c><1>あなたを連(つ)れてsnap\'nsnap</c><3>\'nsnap</c><2></c>,あなたを連(つ)れてsnap\'nsnap\'nsnap
55.239,55.439,59,-1,<2></c><1>あなたを連(つ)れてsnap\'nsnap\'n</c><3>snap</c><2></c>,あなたを連(つ)れてsnap\'nsnap\'nsnap
55.439,55.839,59,-1,<2></c><1>あなたを連(つ)れてsnap\'nsnap\'nsnap</c><2></c>,あなたを連(つ)れてsnap\'nsnap\'nsnap
56.573,56.74,-1,-1,<2></c><1>踊(おど)</c><3>り慣(な)れた足(あし)取(ど)り</c><2></c>,踊(おど)り慣(な)れた足(あし)取(ど)り
56.74,57.041,-1,-1,<2></c><1>踊(おど)</c><3>り慣(な)れた足(あし)取(ど)り</c><2></c>,踊(おど)り慣(な)れた足(あし)取(ど)り
57.041,57.207,-1,-1,<2></c><1>踊(おど)り</c><3>慣(な)れた足(あし)取(ど)り</c><2></c>,踊(おど)り慣(な)れた足(あし)取(ど)り
57.207,57.541,-1,-1,<2></c><1>踊(おど)り慣(な)</c><3>れた足(あし)取(ど)り</c><2></c>,踊(おど)り慣(な)れた足(あし)取(ど)り
57.541,57.741,-1,-1,<2></c><1>踊(おど)り慣(な)れ</c><3>た足(あし)取(ど)り</c><2></c>,踊(おど)り慣(な)れた足(あし)取(ど)り
57.741,57.975,-1,-1,<2></c><1>踊(おど)り慣(な)れた</c><3>足(あし)取(ど)り</c><2></c>,踊(おど)り慣(な)れた足(あし)取(ど)り
57.975,58.175,-1,-1,<2></c><1>踊(おど)り慣(な)れた足(あし)</c><3>取(ど)り</c><2></c>,踊(おど)り慣(な)れた足(あし)取(ど)り
58.175,58.609,-1,-1,<2></c><1>踊(おど)り慣(な)れた足(あし)</c><3>取(ど)り</c><2></c>,踊(おど)り慣(な)れた足(あし)取(ど)り
58.609,59.076,-1,-1,<2></c><1>踊(おど)り慣(な)れた足(あし)取(ど)</c><3>り</c><2></c>,踊(おど)り慣(な)れた足(あし)取(ど)り
59.076,59.71,-1,-1,<2></c><1>踊(おど)り慣(な)れた足(あし)取(ど)り</c><2></c>,踊(おど)り慣(な)れた足(あし)取(ど)り
59.71,59.977,78,-1,<2></c><1>こ</c><3>う見(み)えて弊(へい)社(しゃ)はあくまで平(へい)和(わ)主(しゅ)義(ぎ)</c><2></c>,こう見(み)えて弊(へい)社(しゃ)はあくまで平(へい)和(わ)主(しゅ)義(ぎ)
59.977,60.244,78,-1,<2></c><1>こう</c><3>見(み)えて弊(へい)社(しゃ)はあくまで平(へい)和(わ)主(しゅ)義(ぎ)</c><2></c>,こう見(み)えて弊(へい)社(しゃ)はあくまで平(へい)和(わ)主(しゅ)義(ぎ)
60.244,60.511,78,-1,<2></c><1>こう見(み)</c><3>えて弊(へい)社(しゃ)はあくまで平(へい)和(わ)主(しゅ)義(ぎ)</c><2></c>,こう見(み)えて弊(へい)社(しゃ)はあくまで平(へい)和(わ)主(しゅ)義(ぎ)
60.511,60.744,78,-1,<2></c><1>こう見(み)え</c><3>て弊(へい)社(しゃ)はあくまで平(へい)和(わ)主(しゅ)義(ぎ)</c><2></c>,こう見(み)えて弊(へい)社(しゃ)はあくまで平(へい)和(わ)主(しゅ)義(ぎ)
60.744,60.911,78,-1,<2></c><1>こう見(み)えて</c><3>弊(へい)社(しゃ)はあくまで平(へい)和(わ)主(しゅ)義(ぎ)</c><2></c>,こう見(み)えて弊(へい)社(しゃ)はあくまで平(へい)和(わ)主(しゅ)義(ぎ)
60.911,61.211,78,-1,<2></c><1>こう見(み)えて弊(へい)</c><3>社(しゃ)はあくまで平(へい)和(わ)主(しゅ)義(ぎ)</c><2></c>,こう見(み)えて弊(へい)社(しゃ)はあくまで平(へい)和(わ)主(しゅ)義(ぎ)
61.211,61.345,78,-1,<2></c><1>こう見(み)えて弊(へい)</c><3>社(しゃ)はあくまで平(へい)和(わ)主(しゅ)義(ぎ)</c><2></c>,こう見(み)えて弊(へい)社(しゃ)はあくまで平(へい)和(わ)主(しゅ)義(ぎ)
61.345,61.678,78,-1,<2></c><1>こう見(み)えて弊(へい)社(しゃ)</c><3>はあくまで平(へい)和(わ)主(しゅ)義(ぎ)</c><2></c>,こう見(み)えて弊(へい)社(しゃ)はあくまで平(へい)和(わ)主(しゅ)義(ぎ)
61.678,61.812,78,-1,<2></c><1>こう見(み)えて弊(へい)社(しゃ)は</c><3>あくまで平(へい)和(わ)主(しゅ)義(ぎ)</c><2></c>,こう見(み)えて弊(へい)社(しゃ)はあくまで平(へい)和(わ)主(しゅ)義(ぎ)
61.812,62.079,78,-1,<2></c><1>こう見(み)えて弊(へい)社(しゃ)はあ</c><3>くまで平(へい)和(わ)主(しゅ)義(ぎ)</c><2></c>,こう見(み)えて弊(へい)社(しゃ)はあくまで平(へい)和(わ)主(しゅ)義(ぎ)
62.079,62.279,78,-1,<2></c><1>こう見(み)えて弊(へい)社(しゃ)はあく</c><3>まで平(へい)和(わ)主(しゅ)義(ぎ)</c><2></c>,こう見(み)えて弊(へい)社(しゃ)はあくまで平(へい)和(わ)主(しゅ)義(ぎ)
62.279,62.546,78,-1,<2></c><1>こう見(み)えて弊(へい)社(しゃ)はあくま</c><3>で平(へい)和(わ)主(しゅ)義(ぎ)</c><2></c>,こう見(み)えて弊(へい)社(しゃ)はあくまで平(へい)和(わ)主(しゅ)義(ぎ)
62.546,62.746,78,-1,<2></c><1>こう見(み)えて弊(へい)社(しゃ)はあくまで</c><3>平(へい)和(わ)主(しゅ)義(ぎ)</c><2></c>,こう見(み)えて弊(へい)社(しゃ)はあくまで平(へい)和(わ)主(しゅ)義(ぎ)
62.746,63.047,78,-1,<2></c><1>こう見(み)えて弊(へい)社(しゃ)はあくまで平(へい)</c><3>和(わ)主(しゅ)義(ぎ)</c><2></c>,こう見(み)えて弊(へい)社(しゃ)はあくまで平(へい)和(わ)主(しゅ)義(ぎ)
63.047,63.213,78,-1,<2></c><1>こう見(み)えて弊(へい)社(しゃ)はあくまで平(へい)</c><3>和(わ)主(しゅ)義(ぎ)</c><2></c>,こう見(み)えて弊(へい)社(しゃ)はあくまで平(へい)和(わ)主(しゅ)義(ぎ)
63.213,63.48,78,-1,<2></c><1>こう見(み)えて弊(へい)社(しゃ)はあくまで平(へい)和(わ)</c><3>主(しゅ)義(ぎ)</c><2></c>,こう見(み)えて弊(へい)社(しゃ)はあくまで平(へい)和(わ)主(しゅ)義(ぎ)
63.48,63.647,78,-1,<2></c><1>こう見(み)えて弊(へい)社(しゃ)はあくまで平(へい)和(わ)主(しゅ)</c><3>義(ぎ)</c><2></c>,こう見(み)えて弊(へい)社(しゃ)はあくまで平(へい)和(わ)主(しゅ)義(ぎ)
63.647,63.981,78,-1,<2></c><1>こう見(み)えて弊(へい)社(しゃ)はあくまで平(へい)和(わ)主(しゅ)義(ぎ)</c><2></c>,こう見(み)えて弊(へい)社(しゃ)はあくまで平(へい)和(わ)主(しゅ)義(ぎ)
63.981,64.148,59,-1,<2></c><1>お</c><3>見(み)積(つ)もりにサポートまで明(めい)確(かく)に</c><2></c>,お見(み)積(つ)もりにサポートまで明(めい)確(かく)に
64.148,64.448,59,-1,<2></c><1>お見(み)</c><3>積(つ)もりにサポートまで明(めい)確(かく)に</c><2></c>,お見(み)積(つ)もりにサポートまで明(めい)確(かく)に
64.448,64.615,59,-1,<2></c><1>お見(み)積(つ)</c><3>もりにサポートまで明(めい)確(かく)に</c><2></c>,お見(み)積(つ)もりにサポートまで明(めい)確(かく)に
64.615,64.915,59,-1,<2></c><1>お見(み)積(つ)も</c><3>りにサポートまで明(めい)確(かく)に</c><2></c>,お見(み)積(つ)もりにサポートまで明(めい)確(かく)に
64.915,65.049,59,-1,<2></c><1>お見(み)積(つ)もり</c><3>にサポートまで明(めい)確(かく)に</c><2></c>,お見(み)積(つ)もりにサポートまで明(めい)確(かく)に
65.049,65.349,59,-1,<2></c><1>お見(み)積(つ)もりに</c><3>サポートまで明(めい)確(かく)に</c><2></c>,お見(み)積(つ)もりにサポートまで明(めい)確(かく)に
65.349,65.516,59,-1,<2></c><1>お見(み)積(つ)もりにサ</c><3>ポートまで明(めい)確(かく)に</c><2></c>,お見(み)積(つ)もりにサポートまで明(めい)確(かく)に
65.516,65.649,59,-1,<2></c><1>お見(み)積(つ)もりにサポ</c><3>ートまで明(めい)確(かく)に</c><2></c>,お見(み)積(つ)もりにサポートまで明(めい)確(かく)に
65.649,65.816,59,-1,<2></c><1>お見(み)積(つ)もりにサポー</c><3>トまで明(めい)確(かく)に</c><2></c>,お見(み)積(つ)もりにサポートまで明(めい)確(かく)に
65.816,65.983,59,-1,<2></c><1>お見(み)積(つ)もりにサポート</c><3>まで明(めい)確(かく)に</c><2></c>,お見(み)積(つ)もりにサポートまで明(めい)確(かく)に
65.983,66.25,59,-1,<2></c><1>お見(み)積(つ)もりにサポートま</c><3>で明(めい)確(かく)に</c><2></c>,お見(み)積(つ)もりにサポートまで明(めい)確(かく)に
66.25,66.45,59,-1,<2></c><1>お見(み)積(つ)もりにサポートまで</c><3>明(めい)確(かく)に</c><2></c>,お見(み)積(つ)もりにサポートまで明(めい)確(かく)に
66.45,66.75,59,-1,<2></c><1>お見(み)積(つ)もりにサポートまで明(めい)</c><3>確(かく)に</c><2></c>,お見(み)積(つ)もりにサポートまで明(めい)確(かく)に
66.75,66.917,59,-1,<2></c><1>お見(み)積(つ)もりにサポートまで明(めい)</c><3>確(かく)に</c><2></c>,お見(み)積(つ)もりにサポートまで明(めい)確(かく)に
66.917,67.217,59,-1,<2></c><1>お見(み)積(つ)もりにサポートまで明(めい)確(かく)</c><3>に</c><2></c>,お見(み)積(つ)もりにサポートまで明(めい)確(かく)に
67.217,67.351,59,-1,<2></c><1>お見(み)積(つ)もりにサポートまで明(めい)確(かく)</c><3>に</c><2></c>,お見(み)積(つ)もりにサポートまで明(めい)確(かく)に
67.351,67.818,59,-1,<2></c><1>お見(み)積(つ)もりにサポートまで明(めい)確(かく)に</c><2></c>,お見(み)積(つ)もりにサポートまで明(めい)確(かく)に
67.818,68.118,66,-1,<2></c><1>た</c><3>だ始(はじ)めたなら手(て)加(か)減(げん)は無(む)理(り)</c><2></c>,ただ始(はじ)めたなら手(て)加(か)減(げん)は無(む)理(り)
68.118,68.285,66,-1,<2></c><1>ただ</c><3>始(はじ)めたなら手(て)加(か)減(げん)は無(む)理(り)</c><2></c>,ただ始(はじ)めたなら手(て)加(か)減(げん)は無(む)理(り)
68.285,68.585,66,-1,<2></c><1>ただ始(はじ)</c><3>めたなら手(て)加(か)減(げん)は無(む)理(り)</c><2></c>,ただ始(はじ)めたなら手(て)加(か)減(げん)は無(む)理(り)
68.585,68.752,66,-1,<2></c><1>ただ始(はじ)</c><3>めたなら手(て)加(か)減(げん)は無(む)理(り)</c><2></c>,ただ始(はじ)めたなら手(て)加(か)減(げん)は無(む)理(り)
68.752,69.053,66,-1,<2></c><1>ただ始(はじ)め</c><3>たなら手(て)加(か)減(げん)は無(む)理(り)</c><2></c>,ただ始(はじ)めたなら手(て)加(か)減(げん)は無(む)理(り)
69.053,69.186,66,-1,<2></c><1>ただ始(はじ)めた</c><3>なら手(て)加(か)減(げん)は無(む)理(り)</c><2></c>,ただ始(はじ)めたなら手(て)加(か)減(げん)は無(む)理(り)
69.186,69.52,66,-1,<2></c><1>ただ始(はじ)めたな</c><3>ら手(て)加(か)減(げん)は無(む)理(り)</c><2></c>,ただ始(はじ)めたなら手(て)加(か)減(げん)は無(む)理(り)
69.52,69.653,66,-1,<2></c><1>ただ始(はじ)めたなら</c><3>手(て)加(か)減(げん)は無(む)理(り)</c><2></c>,ただ始(はじ)めたなら手(て)加(か)減(げん)は無(む)理(り)
69.653,69.953,66,-1,<2></c><1>ただ始(はじ)めたなら手(て)</c><3>加(か)減(げん)は無(む)理(り)</c><2></c>,ただ始(はじ)めたなら手(て)加(か)減(げん)は無(む)理(り)
69.953,70.12,66,-1,<2></c><1>ただ始(はじ)めたなら手(て)加(か)</c><3>減(げん)は無(む)理(り)</c><2></c>,ただ始(はじ)めたなら手(て)加(か)減(げん)は無(む)理(り)
70.12,70.421,66,-1,<2></c><1>ただ始(はじ)めたなら手(て)加(か)減(げん)</c><3>は無(む)理(り)</c><2></c>,ただ始(はじ)めたなら手(て)加(か)減(げん)は無(む)理(り)
70.421,70.587,66,-1,<2></c><1>ただ始(はじ)めたなら手(て)加(か)減(げん)</c><3>は無(む)理(り)</c><2></c>,ただ始(はじ)めたなら手(て)加(か)減(げん)は無(む)理(り)
70.587,70.888,66,-1,<2></c><1>ただ始(はじ)めたなら手(て)加(か)減(げん)は</c><3>無(む)理(り)</c><2></c>,ただ始(はじ)めたなら手(て)加(か)減(げん)は無(む)理(り)
70.888,71.055,66,-1,<2></c><1>ただ始(はじ)めたなら手(て)加(か)減(げん)は無(む)</c><3>理(り)</c><2></c>,ただ始(はじ)めたなら手(て)加(か)減(げん)は無(む)理(り)
71.055,71.522,66,-1,<2></c><1>ただ始(はじ)めたなら手(て)加(か)減(げん)は無(む)理(り)</c><2></c>,ただ始(はじ)めたなら手(て)加(か)減(げん)は無(む)理(り)
71.522,71.688,70,-1,<2></c><1>ど</c><3>うか今(こん)夜(や)は遅(おそ)くまでstayupplease</c><2></c>,どうか今(こん)夜(や)は遅(おそ)くまでstayupplease
71.688,71.822,70,-1,<2></c><1>どう</c><3>か今(こん)夜(や)は遅(おそ)くまでstayupplease</c><2></c>,どうか今(こん)夜(や)は遅(おそ)くまでstayupplease
71.822,71.989,70,-1,<2></c><1>どうか</c><3>今(こん)夜(や)は遅(おそ)くまでstayupplease</c><2></c>,どうか今(こん)夜(や)は遅(おそ)くまでstayupplease
71.989,72.156,70,-1,<2></c><1>どうか今(こん)</c><3>夜(や)は遅(おそ)くまでstayupplease</c><2></c>,どうか今(こん)夜(や)は遅(おそ)くまでstayupplease
72.156,72.289,70,-1,<2></c><1>どうか今(こん)</c><3>夜(や)は遅(おそ)くまでstayupplease</c><2></c>,どうか今(こん)夜(や)は遅(おそ)くまでstayupplease
72.289,72.456,70,-1,<2></c><1>どうか今(こん)夜(や)</c><3>は遅(おそ)くまでstayupplease</c><2></c>,どうか今(こん)夜(や)は遅(おそ)くまでstayupplease
72.456,72.756,70,-1,<2></c><1>どうか今(こん)夜(や)は</c><3>遅(おそ)くまでstayupplease</c><2></c>,どうか今(こん)夜(や)は遅(おそ)くまでstayupplease
72.756,72.923,70,-1,<2></c><1>どうか今(こん)夜(や)は遅(おそ)</c><3>くまでstayupplease</c><2></c>,どうか今(こん)夜(や)は遅(おそ)くまでstayupplease
72.923,73.223,70,-1,<2></c><1>どうか今(こん)夜(や)は遅(おそ)</c><3>くまでstayupplease</c><2></c>,どうか今(こん)夜(や)は遅(おそ)くまでstayupplease
73.223,73.357,70,-1,<2></c><1>どうか今(こん)夜(や)は遅(おそ)く</c><3>までstayupplease</c><2></c>,どうか今(こん)夜(や)は遅(おそ)くまでstayupplease
73.357,73.657,70,-1,<2></c><1>どうか今(こん)夜(や)は遅(おそ)くま</c><3>でstayupplease</c><2></c>,どうか今(こん)夜(や)は遅(おそ)くまでstayupplease
73.657,73.857,70,-1,<2></c><1>どうか今(こん)夜(や)は遅(おそ)くまで</c><3>stayupplease</c><2></c>,どうか今(こん)夜(や)は遅(おそ)くまでstayupplease
73.857,74.291,70,-1,<2></c><1>どうか今(こん)夜(や)は遅(おそ)くまでstay</c><3>upplease</c><2></c>,どうか今(こん)夜(や)は遅(おそ)くまでstayupplease
74.291,74.758,70,-1,<2></c><1>どうか今(こん)夜(や)は遅(おそ)くまでstayup</c><3>please</c><2></c>,どうか今(こん)夜(や)は遅(おそ)くまでstayupplease
74.758,75.292,70,-1,<2></c><1>どうか今(こん)夜(や)は遅(おそ)くまでstayupplease</c><2></c>,どうか今(こん)夜(や)は遅(おそ)くまでstayupplease
75.292,75.526,59,-1,<2></c><1>友(とも)</c><3>達(だち)じゃないけれど離(はな)れられない？</c><2></c>,友(とも)達(だち)じゃないけれど離(はな)れられない？
75.526,75.659,59,-1,<2></c><1>友(とも)</c><3>達(だち)じゃないけれど離(はな)れられない？</c><2></c>,友(とも)達(だち)じゃないけれど離(はな)れられない？
75.659,76.126,59,-1,<2></c><1>友(とも)達(だち)</c><3>じゃないけれど離(はな)れられない？</c><2></c>,友(とも)達(だち)じゃないけれど離(はな)れられない？
76.126,76.593,59,-1,<2></c><1>友(とも)達(だち)</c><3>じゃないけれど離(はな)れられない？</c><2></c>,友(とも)達(だち)じゃないけれど離(はな)れられない？
76.593,77.061,59,-1,<2></c><1>友(とも)達(だち)じゃ</c><3>ないけれど離(はな)れられない？</c><2></c>,友(とも)達(だち)じゃないけれど離(はな)れられない？
77.061,77.361,59,-1,<2></c><1>友(とも)達(だち)じゃな</c><3>いけれど離(はな)れられない？</c><2></c>,友(とも)達(だち)じゃないけれど離(はな)れられない？
77.361,77.528,59,-1,<2></c><1>友(とも)達(だち)じゃない</c><3>けれど離(はな)れられない？</c><2></c>,友(とも)達(だち)じゃないけれど離(はな)れられない？
77.528,77.928,59,-1,<2></c><1>友(とも)達(だち)じゃないけ</c><3>れど離(はな)れられない？</c><2></c>,友(とも)達(だち)じゃないけれど離(はな)れられない？
77.928,78.429,59,-1,<2></c><1>友(とも)達(だち)じゃないけれ</c><3>ど離(はな)れられない？</c><2></c>,友(とも)達(だち)じゃないけれど離(はな)れられない？
78.429,78.896,59,-1,<2></c><1>友(とも)達(だち)じゃないけれど</c><3>離(はな)れられない？</c><2></c>,友(とも)達(だち)じゃないけれど離(はな)れられない？
78.896,79.229,59,-1,<2></c><1>友(とも)達(だち)じゃないけれど離(はな)</c><3>れられない？</c><2></c>,友(とも)達(だち)じゃないけれど離(はな)れられない？
79.229,79.363,59,-1,<2></c><1>友(とも)達(だち)じゃないけれど離(はな)</c><3>れられない？</c><2></c>,友(とも)達(だち)じゃないけれど離(はな)れられない？
79.363,79.797,59,-1,<2></c><1>友(とも)達(だち)じゃないけれど離(はな)れ</c><3>られない？</c><2></c>,友(とも)達(だち)じゃないけれど離(はな)れられない？
79.797,80.297,59,-1,<2></c><1>友(とも)達(だち)じゃないけれど離(はな)れら</c><3>れない？</c><2></c>,友(とも)達(だち)じゃないけれど離(はな)れられない？
80.297,80.764,59,-1,<2></c><1>友(とも)達(だち)じゃないけれど離(はな)れられ</c><3>ない？</c><2></c>,友(とも)達(だち)じゃないけれど離(はな)れられない？
80.764,81.198,59,-1,<2></c><1>友(とも)達(だち)じゃないけれど離(はな)れられな</c><3>い？</c><2></c>,友(とも)達(だち)じゃないけれど離(はな)れられない？
81.198,82.599,59,-1,<2></c><1>友(とも)達(だち)じゃないけれど離(はな)れられない？</c><2></c>,友(とも)達(だち)じゃないけれど離(はな)れられない？
82.599,86.303,-1,0,<2></c><1>bemyguest／azari</c><2></c><1>(coveredbyオーロ・クロニー)</c><2></c>,bemyguest／azari(coveredbyオーロ・クロニー)
82.599,84.435,-1,85,<2></c><1>mix/edit：よしけん</c><2></c>,mix/edit：よしけん
82.599,82.9,70,-1,<2></c><1>お</c><3>利(り)口(こう)に諦(あきら)めるあなたもbemyguest</c><2></c>,お利(り)口(こう)に諦(あきら)めるあなたもbemyguest
82.9,83.067,70,-1,<2></c><1>お利(り)</c><3>口(こう)に諦(あきら)めるあなたもbemyguest</c><2></c>,お利(り)口(こう)に諦(あきら)めるあなたもbemyguest
83.067,83.534,70,-1,<2></c><1>お利(り)口(こう)</c><3>に諦(あきら)めるあなたもbemyguest</c><2></c>,お利(り)口(こう)に諦(あきら)めるあなたもbemyguest
83.534,84.001,70,-1,<2></c><1>お利(り)口(こう)</c><3>に諦(あきら)めるあなたもbemyguest</c><2></c>,お利(り)口(こう)に諦(あきら)めるあなたもbemyguest
84.001,84.435,70,-1,<2></c><1>お利(り)口(こう)に</c><3>諦(あきら)めるあなたもbemyguest</c><2></c>,お利(り)口(こう)に諦(あきら)めるあなたもbemyguest
84.435,86.303,-1,85,<2></c><1>illustrations：朔</c><2></c>,illustrations：朔
84.435,84.768,70,-1,<2></c><1>お利(り)口(こう)に諦(あきら)</c><3>めるあなたもbemyguest</c><2></c>,お利(り)口(こう)に諦(あきら)めるあなたもbemyguest
84.768,84.902,70,-1,<2></c><1>お利(り)口(こう)に諦(あきら)</c><3>めるあなたもbemyguest</c><2></c>,お利(り)口(こう)に諦(あきら)めるあなたもbemyguest
84.902,85.369,70,-1,<2></c><1>お利(り)口(こう)に諦(あきら)</c><3>めるあなたもbemyguest</c><2></c>,お利(り)口(こう)に諦(あきら)めるあなたもbemyguest
85.369,85.836,70,-1,<2></c><1>お利(り)口(こう)に諦(あきら)め</c><3>るあなたもbemyguest</c><2></c>,お利(り)口(こう)に諦(あきら)めるあなたもbemyguest
85.836,86.303,70,-1,<2></c><1>お利(り)口(こう)に諦(あきら)める</c><3>あなたもbemyguest</c><2></c>,お利(り)口(こう)に諦(あきら)めるあなたもbemyguest
86.303,86.603,70,-1,<2></c><1>お利(り)口(こう)に諦(あきら)めるあ</c><3>なたもbemyguest</c><2></c>,お利(り)口(こう)に諦(あきら)めるあなたもbemyguest
86.603,86.77,70,-1,<2></c><1>お利(り)口(こう)に諦(あきら)めるあな</c><3>たもbemyguest</c><2></c>,お利(り)口(こう)に諦(あきら)めるあなたもbemyguest
86.77,87.204,70,-1,<2></c><1>お利(り)口(こう)に諦(あきら)めるあなた</c><3>もbemyguest</c><2></c>,お利(り)口(こう)に諦(あきら)めるあなたもbemyguest
87.204,87.704,70,-1,<2></c><1>お利(り)口(こう)に諦(あきら)めるあなたも</c><3>bemyguest</c><2></c>,お利(り)口(こう)に諦(あきら)めるあなたもbemyguest
87.704,88.138,70,-1,<2></c><1>お利(り)口(こう)に諦(あきら)めるあなたもbe</c><3>myguest</c><2></c>,お利(り)口(こう)に諦(あきら)めるあなたもbemyguest
88.138,88.605,70,-1,<2></c><1>お利(り)口(こう)に諦(あきら)めるあなたもbemy</c><3>guest</c><2></c>,お利(り)口(こう)に諦(あきら)めるあなたもbemyguest
88.605,89.973,70,-1,<2></c><1>お利(り)口(こう)に諦(あきら)めるあなたもbemyguest</c><2></c>,お利(り)口(こう)に諦(あきら)めるあなたもbemyguest
89.973,91.809,-1,85,<2></c><1>mv：rumskii</c><2></c>,mv：rumskii
89.973,90.274,-1,-1,<2></c><1>み</c><3>んな分(ぶん)あったのにひとつ足(た)りない？</c><2></c>,みんな分(ぶん)あったのにひとつ足(た)りない？
90.274,90.441,-1,-1,<2></c><1>みん</c><3>な分(ぶん)あったのにひとつ足(た)りない？</c><2></c>,みんな分(ぶん)あったのにひとつ足(た)りない？
90.441,90.908,-1,-1,<2></c><1>みんな</c><3>分(ぶん)あったのにひとつ足(た)りない？</c><2></c>,みんな分(ぶん)あったのにひとつ足(た)りない？
90.908,91.341,-1,-1,<2></c><1>みんな分(ぶん)</c><3>あったのにひとつ足(た)りない？</c><2></c>,みんな分(ぶん)あったのにひとつ足(た)りない？
91.341,91.809,-1,-1,<2></c><1>みんな分(ぶん)</c><3>あったのにひとつ足(た)りない？</c><2></c>,みんな分(ぶん)あったのにひとつ足(た)りない？
91.809,93.677,-1,85,<2></c><1>vocals：オーロ・クロニー</c><2></c>,vocals：オーロ・クロニー
91.809,92.109,-1,-1,<2></c><1>みんな分(ぶん)あ</c><3>ったのにひとつ足(た)りない？</c><2></c>,みんな分(ぶん)あったのにひとつ足(た)りない？
92.109,92.309,-1,-1,<2></c><1>みんな分(ぶん)あっ</c><3>たのにひとつ足(た)りない？</c><2></c>,みんな分(ぶん)あったのにひとつ足(た)りない？
92.309,92.743,-1,-1,<2></c><1>みんな分(ぶん)あった</c><3>のにひとつ足(た)りない？</c><2></c>,みんな分(ぶん)あったのにひとつ足(た)りない？
92.743,93.21,-1,-1,<2></c><1>みんな分(ぶん)あったの</c><3>にひとつ足(た)りない？</c><2></c>,みんな分(ぶん)あったのにひとつ足(た)りない？
93.21,93.677,-1,-1,<2></c><1>みんな分(ぶん)あったのに</c><3>ひとつ足(た)りない？</c><2></c>,みんな分(ぶん)あったのにひとつ足(た)りない？
93.677,93.944,-1,-1,<2></c><1>みんな分(ぶん)あったのにひ</c><3>とつ足(た)りない？</c><2></c>,みんな分(ぶん)あったのにひとつ足(た)りない？
93.944,94.111,-1,-1,<2></c><1>みんな分(ぶん)あったのにひと</c><3>つ足(た)りない？</c><2></c>,みんな分(ぶん)あったのにひとつ足(た)りない？
94.111,94.578,-1,-1,<2></c><1>みんな分(ぶん)あったのにひとつ</c><3>足(た)りない？</c><2></c>,みんな分(ぶん)あったのにひとつ足(た)りない？
94.578,95.045,-1,-1,<2></c><1>みんな分(ぶん)あったのにひとつ足(た)</c><3>りない？</c><2></c>,みんな分(ぶん)あったのにひとつ足(た)りない？
95.045,95.512,-1,-1,<2></c><1>みんな分(ぶん)あったのにひとつ足(た)り</c><3>ない？</c><2></c>,みんな分(ぶん)あったのにひとつ足(た)りない？
95.512,95.979,-1,-1,<2></c><1>みんな分(ぶん)あったのにひとつ足(た)りな</c><3>い？</c><2></c>,みんな分(ぶん)あったのにひとつ足(た)りない？
95.979,97.381,-1,-1,<2></c><1>みんな分(ぶん)あったのにひとつ足(た)りない？</c><2></c>,みんな分(ぶん)あったのにひとつ足(た)りない？
97.381,97.681,77,-1,<2></c><1>誰(だれ)</c><3>一(ひと)人(り)疑(うたが)えないあなたもbemyguest</c><2></c>,誰(だれ)一(ひと)人(り)疑(うたが)えないあなたもbemyguest
97.681,97.815,77,-1,<2></c><1>誰(だれ)</c><3>一(ひと)人(り)疑(うたが)えないあなたもbemyguest</c><2></c>,誰(だれ)一(ひと)人(り)疑(うたが)えないあなたもbemyguest
97.815,98.248,77,-1,<2></c><1>誰(だれ)一(ひと)</c><3>人(り)疑(うたが)えないあなたもbemyguest</c><2></c>,誰(だれ)一(ひと)人(り)疑(うたが)えないあなたもbemyguest
98.248,98.749,77,-1,<2></c><1>誰(だれ)一(ひと)</c><3>人(り)疑(うたが)えないあなたもbemyguest</c><2></c>,誰(だれ)一(ひと)人(り)疑(うたが)えないあなたもbemyguest
98.749,99.183,77,-1,<2></c><1>誰(だれ)一(ひと)人(り)</c><3>疑(うたが)えないあなたもbemyguest</c><2></c>,誰(だれ)一(ひと)人(り)疑(うたが)えないあなたもbemyguest
99.183,99.483,77,-1,<2></c><1>誰(だれ)一(ひと)人(り)疑(うたが)</c><3>えないあなたもbemyguest</c><2></c>,誰(だれ)一(ひと)人(り)疑(うたが)えないあなたもbemyguest
99.483,99.65,77,-1,<2></c><1>誰(だれ)一(ひと)人(り)疑(うたが)</c><3>えないあなたもbemyguest</c><2></c>,誰(だれ)一(ひと)人(り)疑(うたが)えないあなたもbemyguest
99.65,100.117,77,-1,<2></c><1>誰(だれ)一(ひと)人(り)疑(うたが)</c><3>えないあなたもbemyguest</c><2></c>,誰(だれ)一(ひと)人(り)疑(うたが)えないあなたもbemyguest
100.117,100.584,77,-1,<2></c><1>誰(だれ)一(ひと)人(り)疑(うたが)え</c><3>ないあなたもbemyguest</c><2></c>,誰(だれ)一(ひと)人(り)疑(うたが)えないあなたもbemyguest
100.584,100.717,77,-1,<2></c><1>誰(だれ)一(ひと)人(り)疑(うたが)えな</c><3>いあなたもbemyguest</c><2></c>,誰(だれ)一(ひと)人(り)疑(うたが)えないあなたもbemyguest
100.717,101.051,77,-1,<2></c><1>誰(だれ)一(ひと)人(り)疑(うたが)えない</c><3>あなたもbemyguest</c><2></c>,誰(だれ)一(ひと)人(り)疑(うたが)えないあなたもbemyguest
101.051,101.351,77,-1,<2></c><1>誰(だれ)一(ひと)人(り)疑(うたが)えないあ</c><3>なたもbemyguest</c><2></c>,誰(だれ)一(ひと)人(り)疑(うたが)えないあなたもbemyguest
101.351,101.518,77,-1,<2></c><1>誰(だれ)一(ひと)人(り)疑(うたが)えないあな</c><3>たもbemyguest</c><2></c>,誰(だれ)一(ひと)人(り)疑(うたが)えないあなたもbemyguest
101.518,101.952,77,-1,<2></c><1>誰(だれ)一(ひと)人(り)疑(うたが)えないあなた</c><3>もbemyguest</c><2></c>,誰(だれ)一(ひと)人(り)疑(うたが)えないあなたもbemyguest
101.952,102.419,77,-1,<2></c><1>誰(だれ)一(ひと)人(り)疑(うたが)えないあなたも</c><3>bemyguest</c><2></c>,誰(だれ)一(ひと)人(り)疑(うたが)えないあなたもbemyguest
102.419,102.886,77,-1,<2></c><1>誰(だれ)一(ひと)人(り)疑(うたが)えないあなたもbe</c><3>myguest</c><2></c>,誰(だれ)一(ひと)人(り)疑(うたが)えないあなたもbemyguest
102.886,103.353,77,-1,<2></c><1>誰(だれ)一(ひと)人(り)疑(うたが)えないあなたもbemy</c><3>guest</c><2></c>,誰(だれ)一(ひと)人(り)疑(うたが)えないあなたもbemyguest
103.353,103.821,77,-1,<2></c><1>誰(だれ)一(ひと)人(り)疑(うたが)えないあなたもbemyguest</c><2></c>,誰(だれ)一(ひと)人(り)疑(うたが)えないあなたもbemyguest
108.425,108.692,67,-1,<2></c><1>帰(かえ)</c><3>り道(みち)回(まわ)り道(みち)バターの香(かお)り</c><2></c>,帰(かえ)り道(みち)回(まわ)り道(みち)バターの香(かお)り
108.692,108.892,67,-1,<2></c><1>帰(かえ)</c><3>り道(みち)回(まわ)り道(みち)バターの香(かお)り</c><2></c>,帰(かえ)り道(みち)回(まわ)り道(みち)バターの香(かお)り
108.892,109.359,67,-1,<2></c><1>帰(かえ)り</c><3>道(みち)回(まわ)り道(みち)バターの香(かお)り</c><2></c>,帰(かえ)り道(みち)回(まわ)り道(みち)バターの香(かお)り
109.359,109.827,67,-1,<2></c><1>帰(かえ)り道(みち)</c><3>回(まわ)り道(みち)バターの香(かお)り</c><2></c>,帰(かえ)り道(みち)回(まわ)り道(みち)バターの香(かお)り
109.827,110.26,67,-1,<2></c><1>帰(かえ)り道(みち)</c><3>回(まわ)り道(みち)バターの香(かお)り</c><2></c>,帰(かえ)り道(みち)回(まわ)り道(みち)バターの香(かお)り
110.26,110.594,67,-1,<2></c><1>帰(かえ)り道(みち)回(まわ)</c><3>り道(みち)バターの香(かお)り</c><2></c>,帰(かえ)り道(みち)回(まわ)り道(みち)バターの香(かお)り
110.594,110.761,67,-1,<2></c><1>帰(かえ)り道(みち)回(まわ)</c><3>り道(みち)バターの香(かお)り</c><2></c>,帰(かえ)り道(みち)回(まわ)り道(みち)バターの香(かお)り
110.761,111.195,67,-1,<2></c><1>帰(かえ)り道(みち)回(まわ)り</c><3>道(みち)バターの香(かお)り</c><2></c>,帰(かえ)り道(みち)回(まわ)り道(みち)バターの香(かお)り
111.195,111.662,67,-1,<2></c><1>帰(かえ)り道(みち)回(まわ)り道(みち)</c><3>バターの香(かお)り</c><2></c>,帰(かえ)り道(みち)回(まわ)り道(みち)バターの香(かお)り
111.662,112.129,67,-1,<2></c><1>帰(かえ)り道(みち)回(まわ)り道(みち)</c><3>バターの香(かお)り</c><2></c>,帰(かえ)り道(みち)回(まわ)り道(みち)バターの香(かお)り
112.129,112.429,67,-1,<2></c><1>帰(かえ)り道(みち)回(まわ)り道(みち)バ</c><3>ターの香(かお)り</c><2></c>,帰(かえ)り道(みち)回(まわ)り道(みち)バターの香(かお)り
112.429,112.596,67,-1,<2></c><1>帰(かえ)り道(みち)回(まわ)り道(みち)バタ</c><3>ーの香(かお)り</c><2></c>,帰(かえ)り道(みち)回(まわ)り道(みち)バターの香(かお)り
112.596,113.03,67,-1,<2></c><1>帰(かえ)り道(みち)回(まわ)り道(みち)バター</c><3>の香(かお)り</c><2></c>,帰(かえ)り道(みち)回(まわ)り道(みち)バターの香(かお)り
113.03,113.497,67,-1,<2></c><1>帰(かえ)り道(みち)回(まわ)り道(みち)バターの</c><3>香(かお)り</c><2></c>,帰(かえ)り道(みち)回(まわ)り道(みち)バターの香(かお)り
113.497,113.964,67,-1,<2></c><1>帰(かえ)り道(みち)回(まわ)り道(みち)バターの香(かお)</c><3>り</c><2></c>,帰(かえ)り道(みち)回(まわ)り道(みち)バターの香(かお)り
113.964,114.431,67,-1,<2></c><1>帰(かえ)り道(みち)回(まわ)り道(みち)バターの香(かお)</c><3>り</c><2></c>,帰(かえ)り道(みち)回(まわ)り道(みち)バターの香(かお)り
114.431,115.766,67,-1,<2></c><1>帰(かえ)り道(みち)回(まわ)り道(みち)バターの香(かお)り</c><2></c>,帰(かえ)り道(みち)回(まわ)り道(みち)バターの香(かお)り
115.766,116.1,70,-1,<2></c><1>暖(あたた)</c><3>かい笑(わら)い声(ごえ)いつかはbemyguest</c><2></c>,暖(あたた)かい笑(わら)い声(ごえ)いつかはbemyguest
116.1,116.266,70,-1,<2></c><1>暖(あたた)</c><3>かい笑(わら)い声(ごえ)いつかはbemyguest</c><2></c>,暖(あたた)かい笑(わら)い声(ごえ)いつかはbemyguest
116.266,116.7,70,-1,<2></c><1>暖(あたた)</c><3>かい笑(わら)い声(ごえ)いつかはbemyguest</c><2></c>,暖(あたた)かい笑(わら)い声(ごえ)いつかはbemyguest
116.7,117.201,70,-1,<2></c><1>暖(あたた)か</c><3>い笑(わら)い声(ごえ)いつかはbemyguest</c><2></c>,暖(あたた)かい笑(わら)い声(ごえ)いつかはbemyguest
117.201,117.668,70,-1,<2></c><1>暖(あたた)かい</c><3>笑(わら)い声(ごえ)いつかはbemyguest</c><2></c>,暖(あたた)かい笑(わら)い声(ごえ)いつかはbemyguest
117.668,117.968,70,-1,<2></c><1>暖(あたた)かい笑(わら)</c><3>い声(ごえ)いつかはbemyguest</c><2></c>,暖(あたた)かい笑(わら)い声(ごえ)いつかはbemyguest
117.968,118.102,70,-1,<2></c><1>暖(あたた)かい笑(わら)</c><3>い声(ごえ)いつかはbemyguest</c><2></c>,暖(あたた)かい笑(わら)い声(ごえ)いつかはbemyguest
118.102,118.569,70,-1,<2></c><1>暖(あたた)かい笑(わら)い</c><3>声(ごえ)いつかはbemyguest</c><2></c>,暖(あたた)かい笑(わら)い声(ごえ)いつかはbemyguest
118.569,119.036,70,-1,<2></c><1>暖(あたた)かい笑(わら)い声(ごえ)</c><3>いつかはbemyguest</c><2></c>,暖(あたた)かい笑(わら)い声(ごえ)いつかはbemyguest
119.036,119.436,70,-1,<2></c><1>暖(あたた)かい笑(わら)い声(ごえ)</c><3>いつかはbemyguest</c><2></c>,暖(あたた)かい笑(わら)い声(ごえ)いつかはbemyguest
119.436,119.703,70,-1,<2></c><1>暖(あたた)かい笑(わら)い声(ごえ)い</c><3>つかはbemyguest</c><2></c>,暖(あたた)かい笑(わら)い声(ごえ)いつかはbemyguest
119.703,119.937,70,-1,<2></c><1>暖(あたた)かい笑(わら)い声(ごえ)いつ</c><3>かはbemyguest</c><2></c>,暖(あたた)かい笑(わら)い声(ごえ)いつかはbemyguest
119.937,120.404,70,-1,<2></c><1>暖(あたた)かい笑(わら)い声(ごえ)いつか</c><3>はbemyguest</c><2></c>,暖(あたた)かい笑(わら)い声(ごえ)いつかはbemyguest
120.404,120.871,70,-1,<2></c><1>暖(あたた)かい笑(わら)い声(ごえ)いつかは</c><3>bemyguest</c><2></c>,暖(あたた)かい笑(わら)い声(ごえ)いつかはbemyguest
120.871,121.338,70,-1,<2></c><1>暖(あたた)かい笑(わら)い声(ごえ)いつかはbe</c><3>myguest</c><2></c>,暖(あたた)かい笑(わら)い声(ごえ)いつかはbemyguest
121.338,121.805,70,-1,<2></c><1>暖(あたた)かい笑(わら)い声(ごえ)いつかはbemy</c><3>guest</c><2></c>,暖(あたた)かい笑(わら)い声(ごえ)いつかはbemyguest
121.805,122.306,70,-1,<2></c><1>暖(あたた)かい笑(わら)い声(ごえ)いつかはbemyguest</c><2></c>,暖(あたた)かい笑(わら)い声(ごえ)いつかはbemyguest
