start,end,position,line,text,unformatted
7.057,7.257,-1,92,<1></c><2>hey</c><3>unhappyworld</c><1></c>,heyunhappyworld
7.257,7.424,-1,92,<1></c><2>heyun</c><3>happyworld</c><1></c>,heyunhappyworld
7.424,7.624,-1,92,<1></c><2>heyunhap</c><3>pyworld</c><1></c>,heyunhappyworld
7.624,7.825,-1,92,<1></c><2>heyunhappy</c><3>world</c><1></c>,heyunhappyworld
7.825,8.225,-1,92,<1></c><2>heyunhappyworld</c><1></c>,heyunhappyworld
8.225,8.392,-1,92,<1></c><2>よう</c><3>こそ楽(らく)園(えん)へ</c><1></c>,ようこそ楽(らく)園(えん)へ
8.392,8.592,-1,92,<1></c><2>ようこ</c><3>そ楽(らく)園(えん)へ</c><1></c>,ようこそ楽(らく)園(えん)へ
8.592,8.792,-1,92,<1></c><2>ようこそ</c><3>楽(らく)園(えん)へ</c><1></c>,ようこそ楽(らく)園(えん)へ
8.792,8.959,-1,92,<1></c><2>ようこそ楽(らく)</c><3>園(えん)へ</c><1></c>,ようこそ楽(らく)園(えん)へ
8.959,9.159,-1,92,<1></c><2>ようこそ楽(らく)</c><3>園(えん)へ</c><1></c>,ようこそ楽(らく)園(えん)へ
9.159,9.36,-1,92,<1></c><2>ようこそ楽(らく)園(えん)</c><3>へ</c><1></c>,ようこそ楽(らく)園(えん)へ
9.36,9.526,-1,92,<1></c><2>ようこそ楽(らく)園(えん)</c><3>へ</c><1></c>,ようこそ楽(らく)園(えん)へ
9.526,10.094,-1,92,<1></c><2>ようこそ楽(らく)園(えん)へ</c><1></c>,ようこそ楽(らく)園(えん)へ
10.094,10.26,-1,92,<1></c><2>in</c><3>todisorder</c><1></c>,intodisorder
10.26,10.461,-1,92,<1></c><2>into</c><3>disorder</c><1></c>,intodisorder
10.461,10.661,-1,92,<1></c><2>intodis</c><3>order</c><1></c>,intodisorder
10.661,10.861,-1,92,<1></c><2>intodisor</c><3>der</c><1></c>,intodisorder
10.861,11.228,-1,92,<1></c><2>intodisorder</c><1></c>,intodisorder
11.228,11.395,-1,92,<1></c><2>吸(す)</c><3>い込(こ)まれていく</c><1></c>,吸(す)い込(こ)まれていく
11.395,11.595,-1,92,<1></c><2>吸(す)い</c><3>込(こ)まれていく</c><1></c>,吸(す)い込(こ)まれていく
11.595,11.795,-1,92,<1></c><2>吸(す)い込(こ)</c><3>まれていく</c><1></c>,吸(す)い込(こ)まれていく
11.795,11.962,-1,92,<1></c><2>吸(す)い込(こ)ま</c><3>れていく</c><1></c>,吸(す)い込(こ)まれていく
11.962,12.162,-1,92,<1></c><2>吸(す)い込(こ)まれ</c><3>ていく</c><1></c>,吸(す)い込(こ)まれていく
12.162,12.296,-1,92,<1></c><2>吸(す)い込(こ)まれて</c><3>いく</c><1></c>,吸(す)い込(こ)まれていく
12.296,12.429,-1,92,<1></c><2>吸(す)い込(こ)まれてい</c><3>く</c><1></c>,吸(す)い込(こ)まれていく
12.429,13.063,-1,92,<1></c><2>吸(す)い込(こ)まれていく</c><1></c>,吸(す)い込(こ)まれていく
13.063,13.163,58,92,<1></c><2>地(ち)</c><3>球(きゅう)もそろそろ回(まわ)り疲(つか)れて</c><1></c>,地(ち)球(きゅう)もそろそろ回(まわ)り疲(つか)れて
13.163,13.297,58,92,<1></c><2>地(ち)球(きゅう)</c><3>もそろそろ回(まわ)り疲(つか)れて</c><1></c>,地(ち)球(きゅう)もそろそろ回(まわ)り疲(つか)れて
13.297,13.464,58,92,<1></c><2>地(ち)球(きゅう)</c><3>もそろそろ回(まわ)り疲(つか)れて</c><1></c>,地(ち)球(きゅう)もそろそろ回(まわ)り疲(つか)れて
13.464,13.664,58,92,<1></c><2>地(ち)球(きゅう)も</c><3>そろそろ回(まわ)り疲(つか)れて</c><1></c>,地(ち)球(きゅう)もそろそろ回(まわ)り疲(つか)れて
13.664,13.831,58,92,<1></c><2>地(ち)球(きゅう)もそ</c><3>ろそろ回(まわ)り疲(つか)れて</c><1></c>,地(ち)球(きゅう)もそろそろ回(まわ)り疲(つか)れて
13.831,14.031,58,92,<1></c><2>地(ち)球(きゅう)もそろ</c><3>そろ回(まわ)り疲(つか)れて</c><1></c>,地(ち)球(きゅう)もそろそろ回(まわ)り疲(つか)れて
14.031,14.198,58,92,<1></c><2>地(ち)球(きゅう)もそろそ</c><3>ろ回(まわ)り疲(つか)れて</c><1></c>,地(ち)球(きゅう)もそろそろ回(まわ)り疲(つか)れて
14.198,14.398,58,92,<1></c><2>地(ち)球(きゅう)もそろそろ</c><3>回(まわ)り疲(つか)れて</c><1></c>,地(ち)球(きゅう)もそろそろ回(まわ)り疲(つか)れて
14.398,14.598,58,92,<1></c><2>地(ち)球(きゅう)もそろそろ回(まわ)</c><3>り疲(つか)れて</c><1></c>,地(ち)球(きゅう)もそろそろ回(まわ)り疲(つか)れて
14.598,14.765,58,92,<1></c><2>地(ち)球(きゅう)もそろそろ回(まわ)</c><3>り疲(つか)れて</c><1></c>,地(ち)球(きゅう)もそろそろ回(まわ)り疲(つか)れて
14.765,14.932,58,92,<1></c><2>地(ち)球(きゅう)もそろそろ回(まわ)り</c><3>疲(つか)れて</c><1></c>,地(ち)球(きゅう)もそろそろ回(まわ)り疲(つか)れて
14.932,15.132,58,92,<1></c><2>地(ち)球(きゅう)もそろそろ回(まわ)り疲(つか)</c><3>れて</c><1></c>,地(ち)球(きゅう)もそろそろ回(まわ)り疲(つか)れて
15.132,15.332,58,92,<1></c><2>地(ち)球(きゅう)もそろそろ回(まわ)り疲(つか)</c><3>れて</c><1></c>,地(ち)球(きゅう)もそろそろ回(まわ)り疲(つか)れて
15.332,15.532,58,92,<1></c><2>地(ち)球(きゅう)もそろそろ回(まわ)り疲(つか)れ</c><3>て</c><1></c>,地(ち)球(きゅう)もそろそろ回(まわ)り疲(つか)れて
15.532,15.699,58,92,<1></c><2>地(ち)球(きゅう)もそろそろ回(まわ)り疲(つか)れて</c><1></c>,地(ち)球(きゅう)もそろそろ回(まわ)り疲(つか)れて
15.699,15.866,-1,92,<1></c><2>飽(あ)</c><3>きちゃう</c><1></c>,飽(あ)きちゃう
15.866,16.433,-1,92,<1></c><2>飽(あ)き</c><3>ちゃう</c><1></c>,飽(あ)きちゃう
16.433,16.667,-1,92,<1></c><2>飽(あ)きちゃ</c><3>う</c><1></c>,飽(あ)きちゃう
16.667,17.167,-1,92,<1></c><2>飽(あ)きちゃう</c><1></c>,飽(あ)きちゃう
17.167,17.267,-1,92,<1></c><2>ね</c><3>ぇいつまで転(ころ)がる？</c><1></c>,ねぇいつまで転(ころ)がる？
17.267,17.368,-1,92,<1></c><2>ねぇ</c><3>いつまで転(ころ)がる？</c><1></c>,ねぇいつまで転(ころ)がる？
17.368,17.501,-1,92,<1></c><2>ねぇい</c><3>つまで転(ころ)がる？</c><1></c>,ねぇいつまで転(ころ)がる？
17.501,17.735,-1,92,<1></c><2>ねぇいつ</c><3>まで転(ころ)がる？</c><1></c>,ねぇいつまで転(ころ)がる？
17.735,17.868,-1,92,<1></c><2>ねぇいつま</c><3>で転(ころ)がる？</c><1></c>,ねぇいつまで転(ころ)がる？
17.868,18.135,-1,92,<1></c><2>ねぇいつまで</c><3>転(ころ)がる？</c><1></c>,ねぇいつまで転(ころ)がる？
18.135,18.268,-1,92,<1></c><2>ねぇいつまで転(ころ)</c><3>がる？</c><1></c>,ねぇいつまで転(ころ)がる？
18.268,18.369,-1,92,<1></c><2>ねぇいつまで転(ころ)</c><3>がる？</c><1></c>,ねぇいつまで転(ころ)がる？
18.369,18.535,-1,92,<1></c><2>ねぇいつまで転(ころ)が</c><3>る？</c><1></c>,ねぇいつまで転(ころ)がる？
18.535,19.269,-1,92,<1></c><2>ねぇいつまで転(ころ)がる？</c><1></c>,ねぇいつまで転(ころ)がる？
19.269,19.47,77,92,<1></c><2>輪(りん)</c><3>廻(ね)転(てん)生(せい)繰(く)り返(かえ)される営(いとな)み</c><1></c>,輪(りん)廻(ね)転(てん)生(せい)繰(く)り返(かえ)される営(いとな)み
19.47,19.636,77,92,<1></c><2>輪(りん)廻(ね)</c><3>転(てん)生(せい)繰(く)り返(かえ)される営(いとな)み</c><1></c>,輪(りん)廻(ね)転(てん)生(せい)繰(く)り返(かえ)される営(いとな)み
19.636,19.837,77,92,<1></c><2>輪(りん)廻(ね)転(てん)</c><3>生(せい)繰(く)り返(かえ)される営(いとな)み</c><1></c>,輪(りん)廻(ね)転(てん)生(せい)繰(く)り返(かえ)される営(いとな)み
19.837,20.037,77,92,<1></c><2>輪(りん)廻(ね)転(てん)生(せい)</c><3>繰(く)り返(かえ)される営(いとな)み</c><1></c>,輪(りん)廻(ね)転(てん)生(せい)繰(く)り返(かえ)される営(いとな)み
20.037,20.17,77,92,<1></c><2>輪(りん)廻(ね)転(てん)生(せい)繰(く)</c><3>り返(かえ)される営(いとな)み</c><1></c>,輪(りん)廻(ね)転(てん)生(せい)繰(く)り返(かえ)される営(いとな)み
20.17,20.371,77,92,<1></c><2>輪(りん)廻(ね)転(てん)生(せい)繰(く)り</c><3>返(かえ)される営(いとな)み</c><1></c>,輪(りん)廻(ね)転(てん)生(せい)繰(く)り返(かえ)される営(いとな)み
20.371,20.571,77,92,<1></c><2>輪(りん)廻(ね)転(てん)生(せい)繰(く)り返(かえ)</c><3>される営(いとな)み</c><1></c>,輪(りん)廻(ね)転(てん)生(せい)繰(く)り返(かえ)される営(いとな)み
20.571,20.771,77,92,<1></c><2>輪(りん)廻(ね)転(てん)生(せい)繰(く)り返(かえ)</c><3>される営(いとな)み</c><1></c>,輪(りん)廻(ね)転(てん)生(せい)繰(く)り返(かえ)される営(いとな)み
20.771,20.971,77,92,<1></c><2>輪(りん)廻(ね)転(てん)生(せい)繰(く)り返(かえ)さ</c><3>れる営(いとな)み</c><1></c>,輪(りん)廻(ね)転(てん)生(せい)繰(く)り返(かえ)される営(いとな)み
20.971,21.338,77,92,<1></c><2>輪(りん)廻(ね)転(てん)生(せい)繰(く)り返(かえ)され</c><3>る営(いとな)み</c><1></c>,輪(りん)廻(ね)転(てん)生(せい)繰(く)り返(かえ)される営(いとな)み
21.338,21.505,77,92,<1></c><2>輪(りん)廻(ね)転(てん)生(せい)繰(く)り返(かえ)される</c><3>営(いとな)み</c><1></c>,輪(りん)廻(ね)転(てん)生(せい)繰(く)り返(かえ)される営(いとな)み
21.505,21.705,77,92,<1></c><2>輪(りん)廻(ね)転(てん)生(せい)繰(く)り返(かえ)される営(いとな)</c><3>み</c><1></c>,輪(りん)廻(ね)転(てん)生(せい)繰(く)り返(かえ)される営(いとな)み
21.705,22.106,77,92,<1></c><2>輪(りん)廻(ね)転(てん)生(せい)繰(く)り返(かえ)される営(いとな)</c><3>み</c><1></c>,輪(りん)廻(ね)転(てん)生(せい)繰(く)り返(かえ)される営(いとな)み
22.106,22.272,77,92,<1></c><2>輪(りん)廻(ね)転(てん)生(せい)繰(く)り返(かえ)される営(いとな)</c><3>み</c><1></c>,輪(りん)廻(ね)転(てん)生(せい)繰(く)り返(かえ)される営(いとな)み
22.272,22.806,77,92,<1></c><2>輪(りん)廻(ね)転(てん)生(せい)繰(く)り返(かえ)される営(いとな)み</c><1></c>,輪(りん)廻(ね)転(てん)生(せい)繰(く)り返(かえ)される営(いとな)み
22.806,23.007,56,92,<1></c><2>つ</c><3>まんない整(せい)数(すう)と統(とう)制(せい)</c><1></c>,つまんない整(せい)数(すう)と統(とう)制(せい)
23.007,23.107,56,92,<1></c><2>つま</c><3>んない整(せい)数(すう)と統(とう)制(せい)</c><1></c>,つまんない整(せい)数(すう)と統(とう)制(せい)
23.107,23.173,56,92,<1></c><2>つまん</c><3>ない整(せい)数(すう)と統(とう)制(せい)</c><1></c>,つまんない整(せい)数(すう)と統(とう)制(せい)
23.173,23.273,56,92,<1></c><2>つまんな</c><3>い整(せい)数(すう)と統(とう)制(せい)</c><1></c>,つまんない整(せい)数(すう)と統(とう)制(せい)
23.273,23.407,56,92,<1></c><2>つまんない</c><3>整(せい)数(すう)と統(とう)制(せい)</c><1></c>,つまんない整(せい)数(すう)と統(とう)制(せい)
23.407,23.674,56,92,<1></c><2>つまんない整(せい)</c><3>数(すう)と統(とう)制(せい)</c><1></c>,つまんない整(せい)数(すう)と統(とう)制(せい)
23.674,23.941,56,92,<1></c><2>つまんない整(せい)数(すう)</c><3>と統(とう)制(せい)</c><1></c>,つまんない整(せい)数(すう)と統(とう)制(せい)
23.941,24.141,56,92,<1></c><2>つまんない整(せい)数(すう)と</c><3>統(とう)制(せい)</c><1></c>,つまんない整(せい)数(すう)と統(とう)制(せい)
24.141,24.274,56,92,<1></c><2>つまんない整(せい)数(すう)と統(とう)</c><3>制(せい)</c><1></c>,つまんない整(せい)数(すう)と統(とう)制(せい)
24.274,24.441,56,92,<1></c><2>つまんない整(せい)数(すう)と統(とう)</c><3>制(せい)</c><1></c>,つまんない整(せい)数(すう)と統(とう)制(せい)
24.441,25.075,56,92,<1></c><2>つまんない整(せい)数(すう)と統(とう)制(せい)</c><1></c>,つまんない整(せい)数(すう)と統(とう)制(せい)
25.075,25.142,64,92,<1></c><2>奇(き)</c><3>と正(せい)をごちゃまぜ混(こん)沌(とん)めしあがれ</c><1></c>,奇(き)と正(せい)をごちゃまぜ混(こん)沌(とん)めしあがれ
25.142,25.242,64,92,<1></c><2>奇(き)と</c><3>正(せい)をごちゃまぜ混(こん)沌(とん)めしあがれ</c><1></c>,奇(き)と正(せい)をごちゃまぜ混(こん)沌(とん)めしあがれ
25.242,25.409,64,92,<1></c><2>奇(き)と正(せい)</c><3>をごちゃまぜ混(こん)沌(とん)めしあがれ</c><1></c>,奇(き)と正(せい)をごちゃまぜ混(こん)沌(とん)めしあがれ
25.409,25.642,64,92,<1></c><2>奇(き)と正(せい)を</c><3>ごちゃまぜ混(こん)沌(とん)めしあがれ</c><1></c>,奇(き)と正(せい)をごちゃまぜ混(こん)沌(とん)めしあがれ
25.642,25.809,64,92,<1></c><2>奇(き)と正(せい)をご</c><3>ちゃまぜ混(こん)沌(とん)めしあがれ</c><1></c>,奇(き)と正(せい)をごちゃまぜ混(こん)沌(とん)めしあがれ
25.809,26.043,64,92,<1></c><2>奇(き)と正(せい)をごちゃ</c><3>まぜ混(こん)沌(とん)めしあがれ</c><1></c>,奇(き)と正(せい)をごちゃまぜ混(こん)沌(とん)めしあがれ
26.043,26.21,64,92,<1></c><2>奇(き)と正(せい)をごちゃま</c><3>ぜ混(こん)沌(とん)めしあがれ</c><1></c>,奇(き)と正(せい)をごちゃまぜ混(こん)沌(とん)めしあがれ
26.21,26.377,64,92,<1></c><2>奇(き)と正(せい)をごちゃまぜ</c><3>混(こん)沌(とん)めしあがれ</c><1></c>,奇(き)と正(せい)をごちゃまぜ混(こん)沌(とん)めしあがれ
26.377,26.577,64,92,<1></c><2>奇(き)と正(せい)をごちゃまぜ混(こん)</c><3>沌(とん)めしあがれ</c><1></c>,奇(き)と正(せい)をごちゃまぜ混(こん)沌(とん)めしあがれ
26.577,26.777,64,92,<1></c><2>奇(き)と正(せい)をごちゃまぜ混(こん)沌(とん)</c><3>めしあがれ</c><1></c>,奇(き)と正(せい)をごちゃまぜ混(こん)沌(とん)めしあがれ
26.777,26.944,64,92,<1></c><2>奇(き)と正(せい)をごちゃまぜ混(こん)沌(とん)め</c><3>しあがれ</c><1></c>,奇(き)と正(せい)をごちゃまぜ混(こん)沌(とん)めしあがれ
26.944,27.144,64,92,<1></c><2>奇(き)と正(せい)をごちゃまぜ混(こん)沌(とん)めし</c><3>あがれ</c><1></c>,奇(き)と正(せい)をごちゃまぜ混(こん)沌(とん)めしあがれ
27.144,27.311,64,92,<1></c><2>奇(き)と正(せい)をごちゃまぜ混(こん)沌(とん)めしあ</c><3>がれ</c><1></c>,奇(き)と正(せい)をごちゃまぜ混(こん)沌(とん)めしあがれ
27.311,27.511,64,92,<1></c><2>奇(き)と正(せい)をごちゃまぜ混(こん)沌(とん)めしあが</c><3>れ</c><1></c>,奇(き)と正(せい)をごちゃまぜ混(こん)沌(とん)めしあがれ
27.511,27.878,64,92,<1></c><2>奇(き)と正(せい)をごちゃまぜ混(こん)沌(とん)めしあがれ</c><1></c>,奇(き)と正(せい)をごちゃまぜ混(こん)沌(とん)めしあがれ
27.878,28.012,-1,92,<1></c><2>悪(あく)</c><3>意(い)が僕(ぼく)をさ</c><1></c>,悪(あく)意(い)が僕(ぼく)をさ
28.012,28.245,-1,92,<1></c><2>悪(あく)</c><3>意(い)が僕(ぼく)をさ</c><1></c>,悪(あく)意(い)が僕(ぼく)をさ
28.245,28.379,-1,92,<1></c><2>悪(あく)意(い)</c><3>が僕(ぼく)をさ</c><1></c>,悪(あく)意(い)が僕(ぼく)をさ
28.379,28.645,-1,92,<1></c><2>悪(あく)意(い)が</c><3>僕(ぼく)をさ</c><1></c>,悪(あく)意(い)が僕(ぼく)をさ
28.645,28.746,-1,92,<1></c><2>悪(あく)意(い)が僕(ぼく)</c><3>をさ</c><1></c>,悪(あく)意(い)が僕(ぼく)をさ
28.746,28.846,-1,92,<1></c><2>悪(あく)意(い)が僕(ぼく)</c><3>をさ</c><1></c>,悪(あく)意(い)が僕(ぼく)をさ
28.846,29.013,-1,92,<1></c><2>悪(あく)意(い)が僕(ぼく)を</c><3>さ</c><1></c>,悪(あく)意(い)が僕(ぼく)をさ
29.013,29.38,-1,92,<1></c><2>悪(あく)意(い)が僕(ぼく)をさ</c><1></c>,悪(あく)意(い)が僕(ぼく)をさ
29.38,29.546,-1,92,<1></c><2>魅(み)</c><3>了(りょう)してやまない</c><1></c>,魅(み)了(りょう)してやまない
29.546,29.646,-1,92,<1></c><2>魅(み)了(りょう)</c><3>してやまない</c><1></c>,魅(み)了(りょう)してやまない
29.646,29.747,-1,92,<1></c><2>魅(み)了(りょう)</c><3>してやまない</c><1></c>,魅(み)了(りょう)してやまない
29.747,29.913,-1,92,<1></c><2>魅(み)了(りょう)し</c><3>てやまない</c><1></c>,魅(み)了(りょう)してやまない
29.913,30.147,-1,92,<1></c><2>魅(み)了(りょう)して</c><3>やまない</c><1></c>,魅(み)了(りょう)してやまない
30.147,30.28,-1,92,<1></c><2>魅(み)了(りょう)してや</c><3>まない</c><1></c>,魅(み)了(りょう)してやまない
30.28,30.414,-1,92,<1></c><2>魅(み)了(りょう)してやま</c><3>ない</c><1></c>,魅(み)了(りょう)してやまない
30.414,30.547,-1,92,<1></c><2>魅(み)了(りょう)してやまな</c><3>い</c><1></c>,魅(み)了(りょう)してやまない
30.547,30.914,-1,92,<1></c><2>魅(み)了(りょう)してやまない</c><1></c>,魅(み)了(りょう)してやまない
31.281,31.415,-1,92,<1></c><2>ガ</c><3>ラスの靴(くつ)だわ</c><1></c>,ガラスの靴(くつ)だわ
31.415,31.515,-1,92,<1></c><2>ガラ</c><3>スの靴(くつ)だわ</c><1></c>,ガラスの靴(くつ)だわ
31.515,31.648,-1,92,<1></c><2>ガラス</c><3>の靴(くつ)だわ</c><1></c>,ガラスの靴(くつ)だわ
31.648,31.915,-1,92,<1></c><2>ガラスの</c><3>靴(くつ)だわ</c><1></c>,ガラスの靴(くつ)だわ
31.915,32.016,-1,92,<1></c><2>ガラスの靴(くつ)</c><3>だわ</c><1></c>,ガラスの靴(くつ)だわ
32.016,32.282,-1,92,<1></c><2>ガラスの靴(くつ)</c><3>だわ</c><1></c>,ガラスの靴(くつ)だわ
32.282,32.416,-1,92,<1></c><2>ガラスの靴(くつ)だ</c><3>わ</c><1></c>,ガラスの靴(くつ)だわ
32.416,32.783,-1,92,<1></c><2>ガラスの靴(くつ)だわ</c><1></c>,ガラスの靴(くつ)だわ
32.783,32.916,-1,92,<1></c><2>履(は)</c><3>いたら綺(き)麗(れい)ね</c><1></c>,履(は)いたら綺(き)麗(れい)ね
32.916,33.05,-1,92,<1></c><2>履(は)い</c><3>たら綺(き)麗(れい)ね</c><1></c>,履(は)いたら綺(き)麗(れい)ね
33.05,33.183,-1,92,<1></c><2>履(は)いた</c><3>ら綺(き)麗(れい)ね</c><1></c>,履(は)いたら綺(き)麗(れい)ね
33.183,33.384,-1,92,<1></c><2>履(は)いたら</c><3>綺(き)麗(れい)ね</c><1></c>,履(は)いたら綺(き)麗(れい)ね
33.384,33.55,-1,92,<1></c><2>履(は)いたら綺(き)</c><3>麗(れい)ね</c><1></c>,履(は)いたら綺(き)麗(れい)ね
33.55,33.751,-1,92,<1></c><2>履(は)いたら綺(き)麗(れい)</c><3>ね</c><1></c>,履(は)いたら綺(き)麗(れい)ね
33.751,33.917,-1,92,<1></c><2>履(は)いたら綺(き)麗(れい)</c><3>ね</c><1></c>,履(は)いたら綺(き)麗(れい)ね
33.917,34.318,-1,92,<1></c><2>履(は)いたら綺(き)麗(れい)ね</c><1></c>,履(は)いたら綺(き)麗(れい)ね
34.318,34.418,64,92,<1></c><2>罪(つみ)</c><3>の重(おも)さで木(こ)っ端(ぱ)微(み)塵(じん)</c><1></c>,罪(つみ)の重(おも)さで木(こ)っ端(ぱ)微(み)塵(じん)
34.418,34.551,64,92,<1></c><2>罪(つみ)</c><3>の重(おも)さで木(こ)っ端(ぱ)微(み)塵(じん)</c><1></c>,罪(つみ)の重(おも)さで木(こ)っ端(ぱ)微(み)塵(じん)
34.551,34.651,64,92,<1></c><2>罪(つみ)の</c><3>重(おも)さで木(こ)っ端(ぱ)微(み)塵(じん)</c><1></c>,罪(つみ)の重(おも)さで木(こ)っ端(ぱ)微(み)塵(じん)
34.651,34.918,64,92,<1></c><2>罪(つみ)の重(おも)</c><3>さで木(こ)っ端(ぱ)微(み)塵(じん)</c><1></c>,罪(つみ)の重(おも)さで木(こ)っ端(ぱ)微(み)塵(じん)
34.918,35.052,64,92,<1></c><2>罪(つみ)の重(おも)</c><3>さで木(こ)っ端(ぱ)微(み)塵(じん)</c><1></c>,罪(つみ)の重(おも)さで木(こ)っ端(ぱ)微(み)塵(じん)
35.052,35.285,64,92,<1></c><2>罪(つみ)の重(おも)さ</c><3>で木(こ)っ端(ぱ)微(み)塵(じん)</c><1></c>,罪(つみ)の重(おも)さで木(こ)っ端(ぱ)微(み)塵(じん)
35.285,35.386,64,92,<1></c><2>罪(つみ)の重(おも)さで</c><3>木(こ)っ端(ぱ)微(み)塵(じん)</c><1></c>,罪(つみ)の重(おも)さで木(こ)っ端(ぱ)微(み)塵(じん)
35.386,35.586,64,92,<1></c><2>罪(つみ)の重(おも)さで木(こ)</c><3>っ端(ぱ)微(み)塵(じん)</c><1></c>,罪(つみ)の重(おも)さで木(こ)っ端(ぱ)微(み)塵(じん)
35.586,35.786,64,92,<1></c><2>罪(つみ)の重(おも)さで木(こ)っ</c><3>端(ぱ)微(み)塵(じん)</c><1></c>,罪(つみ)の重(おも)さで木(こ)っ端(ぱ)微(み)塵(じん)
35.786,36.153,64,92,<1></c><2>罪(つみ)の重(おも)さで木(こ)っ端(ぱ)</c><3>微(み)塵(じん)</c><1></c>,罪(つみ)の重(おも)さで木(こ)っ端(ぱ)微(み)塵(じん)
36.153,36.553,64,92,<1></c><2>罪(つみ)の重(おも)さで木(こ)っ端(ぱ)微(み)</c><3>塵(じん)</c><1></c>,罪(つみ)の重(おも)さで木(こ)っ端(ぱ)微(み)塵(じん)
36.553,37.287,64,92,<1></c><2>罪(つみ)の重(おも)さで木(こ)っ端(ぱ)微(み)塵(じん)</c><1></c>,罪(つみ)の重(おも)さで木(こ)っ端(ぱ)微(み)塵(じん)
37.287,37.421,-1,92,<1></c><2>愛(あい)</c><3>したいな生(い)かしたいな</c><1></c>,愛(あい)したいな生(い)かしたいな
37.421,37.554,-1,92,<1></c><2>愛(あい)</c><3>したいな生(い)かしたいな</c><1></c>,愛(あい)したいな生(い)かしたいな
37.554,37.654,-1,92,<1></c><2>愛(あい)し</c><3>たいな生(い)かしたいな</c><1></c>,愛(あい)したいな生(い)かしたいな
37.654,37.821,-1,92,<1></c><2>愛(あい)した</c><3>いな生(い)かしたいな</c><1></c>,愛(あい)したいな生(い)かしたいな
37.821,37.921,-1,92,<1></c><2>愛(あい)したい</c><3>な生(い)かしたいな</c><1></c>,愛(あい)したいな生(い)かしたいな
37.921,38.022,-1,92,<1></c><2>愛(あい)したいな</c><3>生(い)かしたいな</c><1></c>,愛(あい)したいな生(い)かしたいな
38.022,38.155,-1,92,<1></c><2>愛(あい)したいな生(い)</c><3>かしたいな</c><1></c>,愛(あい)したいな生(い)かしたいな
38.155,38.322,-1,92,<1></c><2>愛(あい)したいな生(い)か</c><3>したいな</c><1></c>,愛(あい)したいな生(い)かしたいな
38.322,38.422,-1,92,<1></c><2>愛(あい)したいな生(い)かし</c><3>たいな</c><1></c>,愛(あい)したいな生(い)かしたいな
38.422,38.555,-1,92,<1></c><2>愛(あい)したいな生(い)かした</c><3>いな</c><1></c>,愛(あい)したいな生(い)かしたいな
38.555,38.655,-1,92,<1></c><2>愛(あい)したいな生(い)かしたい</c><3>な</c><1></c>,愛(あい)したいな生(い)かしたいな
38.655,38.756,-1,92,<1></c><2>愛(あい)したいな生(い)かしたいな</c><1></c>,愛(あい)したいな生(い)かしたいな
38.756,38.889,-1,92,<1></c><2>壊(こわ)</c><3>したいな殺(あや)めたいな</c><1></c>,壊(こわ)したいな殺(あや)めたいな
38.889,39.023,-1,92,<1></c><2>壊(こわ)</c><3>したいな殺(あや)めたいな</c><1></c>,壊(こわ)したいな殺(あや)めたいな
39.023,39.123,-1,92,<1></c><2>壊(こわ)し</c><3>たいな殺(あや)めたいな</c><1></c>,壊(こわ)したいな殺(あや)めたいな
39.123,39.323,-1,92,<1></c><2>壊(こわ)した</c><3>いな殺(あや)めたいな</c><1></c>,壊(こわ)したいな殺(あや)めたいな
39.323,39.423,-1,92,<1></c><2>壊(こわ)したい</c><3>な殺(あや)めたいな</c><1></c>,壊(こわ)したいな殺(あや)めたいな
39.423,39.523,-1,92,<1></c><2>壊(こわ)したいな</c><3>殺(あや)めたいな</c><1></c>,壊(こわ)したいな殺(あや)めたいな
39.523,39.623,-1,92,<1></c><2>壊(こわ)したいな殺(あや)</c><3>めたいな</c><1></c>,壊(こわ)したいな殺(あや)めたいな
39.623,39.723,-1,92,<1></c><2>壊(こわ)したいな殺(あや)</c><3>めたいな</c><1></c>,壊(こわ)したいな殺(あや)めたいな
39.723,39.89,-1,92,<1></c><2>壊(こわ)したいな殺(あや)め</c><3>たいな</c><1></c>,壊(こわ)したいな殺(あや)めたいな
39.89,40.024,-1,92,<1></c><2>壊(こわ)したいな殺(あや)めた</c><3>いな</c><1></c>,壊(こわ)したいな殺(あや)めたいな
40.024,40.124,-1,92,<1></c><2>壊(こわ)したいな殺(あや)めたい</c><3>な</c><1></c>,壊(こわ)したいな殺(あや)めたいな
40.124,40.29,-1,92,<1></c><2>壊(こわ)したいな殺(あや)めたいな</c><1></c>,壊(こわ)したいな殺(あや)めたいな
40.29,40.424,58,92,<1></c><2>世(せ)</c><3>界(かい)が僕(ぼく)らを嫌(きら)うならoh</c><1></c>,世(せ)界(かい)が僕(ぼく)らを嫌(きら)うならoh
40.424,40.557,58,92,<1></c><2>世(せ)界(かい)</c><3>が僕(ぼく)らを嫌(きら)うならoh</c><1></c>,世(せ)界(かい)が僕(ぼく)らを嫌(きら)うならoh
40.557,40.657,58,92,<1></c><2>世(せ)界(かい)</c><3>が僕(ぼく)らを嫌(きら)うならoh</c><1></c>,世(せ)界(かい)が僕(ぼく)らを嫌(きら)うならoh
40.657,40.924,58,92,<1></c><2>世(せ)界(かい)が</c><3>僕(ぼく)らを嫌(きら)うならoh</c><1></c>,世(せ)界(かい)が僕(ぼく)らを嫌(きら)うならoh
40.924,41.058,58,92,<1></c><2>世(せ)界(かい)が僕(ぼく)</c><3>らを嫌(きら)うならoh</c><1></c>,世(せ)界(かい)が僕(ぼく)らを嫌(きら)うならoh
41.058,41.291,58,92,<1></c><2>世(せ)界(かい)が僕(ぼく)</c><3>らを嫌(きら)うならoh</c><1></c>,世(せ)界(かい)が僕(ぼく)らを嫌(きら)うならoh
41.291,41.425,58,92,<1></c><2>世(せ)界(かい)が僕(ぼく)ら</c><3>を嫌(きら)うならoh</c><1></c>,世(せ)界(かい)が僕(ぼく)らを嫌(きら)うならoh
41.425,41.759,58,92,<1></c><2>世(せ)界(かい)が僕(ぼく)らを</c><3>嫌(きら)うならoh</c><1></c>,世(せ)界(かい)が僕(ぼく)らを嫌(きら)うならoh
41.759,42.159,58,92,<1></c><2>世(せ)界(かい)が僕(ぼく)らを嫌(きら)</c><3>うならoh</c><1></c>,世(せ)界(かい)が僕(ぼく)らを嫌(きら)うならoh
42.159,42.393,58,92,<1></c><2>世(せ)界(かい)が僕(ぼく)らを嫌(きら)</c><3>うならoh</c><1></c>,世(せ)界(かい)が僕(ぼく)らを嫌(きら)うならoh
42.393,42.526,58,92,<1></c><2>世(せ)界(かい)が僕(ぼく)らを嫌(きら)う</c><3>ならoh</c><1></c>,世(せ)界(かい)が僕(ぼく)らを嫌(きら)うならoh
42.526,42.926,58,92,<1></c><2>世(せ)界(かい)が僕(ぼく)らを嫌(きら)うな</c><3>らoh</c><1></c>,世(せ)界(かい)が僕(ぼく)らを嫌(きら)うならoh
42.926,44.395,58,92,<1></c><2>世(せ)界(かい)が僕(ぼく)らを嫌(きら)うなら</c><3>oh</c><1></c>,世(せ)界(かい)が僕(ぼく)らを嫌(きら)うならoh
44.395,47.398,58,92,<1></c><2>世(せ)界(かい)が僕(ぼく)らを嫌(きら)うならoh</c><1></c>,世(せ)界(かい)が僕(ぼく)らを嫌(きら)うならoh
47.731,48.132,66,92,<1></c><2>左(ひだり)</c><3>胸(むね)で踊(おど)り狂(くる)う臓(ぞう)器(き)</c><1></c>,左(ひだり)胸(むね)で踊(おど)り狂(くる)う臓(ぞう)器(き)
48.132,48.532,66,92,<1></c><2>左(ひだり)</c><3>胸(むね)で踊(おど)り狂(くる)う臓(ぞう)器(き)</c><1></c>,左(ひだり)胸(むね)で踊(おど)り狂(くる)う臓(ぞう)器(き)
48.532,48.699,66,92,<1></c><2>左(ひだり)</c><3>胸(むね)で踊(おど)り狂(くる)う臓(ぞう)器(き)</c><1></c>,左(ひだり)胸(むね)で踊(おど)り狂(くる)う臓(ぞう)器(き)
48.699,49.099,66,92,<1></c><2>左(ひだり)胸(むね)</c><3>で踊(おど)り狂(くる)う臓(ぞう)器(き)</c><1></c>,左(ひだり)胸(むね)で踊(おど)り狂(くる)う臓(ぞう)器(き)
49.099,49.266,66,92,<1></c><2>左(ひだり)胸(むね)</c><3>で踊(おど)り狂(くる)う臓(ぞう)器(き)</c><1></c>,左(ひだり)胸(むね)で踊(おど)り狂(くる)う臓(ぞう)器(き)
49.266,49.466,66,92,<1></c><2>左(ひだり)胸(むね)で</c><3>踊(おど)り狂(くる)う臓(ぞう)器(き)</c><1></c>,左(ひだり)胸(むね)で踊(おど)り狂(くる)う臓(ぞう)器(き)
49.466,49.633,66,92,<1></c><2>左(ひだり)胸(むね)で踊(おど)</c><3>り狂(くる)う臓(ぞう)器(き)</c><1></c>,左(ひだり)胸(むね)で踊(おど)り狂(くる)う臓(ぞう)器(き)
49.633,49.833,66,92,<1></c><2>左(ひだり)胸(むね)で踊(おど)</c><3>り狂(くる)う臓(ぞう)器(き)</c><1></c>,左(ひだり)胸(むね)で踊(おど)り狂(くる)う臓(ぞう)器(き)
49.833,50.034,66,92,<1></c><2>左(ひだり)胸(むね)で踊(おど)り</c><3>狂(くる)う臓(ぞう)器(き)</c><1></c>,左(ひだり)胸(むね)で踊(おど)り狂(くる)う臓(ぞう)器(き)
50.034,50.234,66,92,<1></c><2>左(ひだり)胸(むね)で踊(おど)り狂(くる)</c><3>う臓(ぞう)器(き)</c><1></c>,左(ひだり)胸(むね)で踊(おど)り狂(くる)う臓(ぞう)器(き)
50.234,50.601,66,92,<1></c><2>左(ひだり)胸(むね)で踊(おど)り狂(くる)</c><3>う臓(ぞう)器(き)</c><1></c>,左(ひだり)胸(むね)で踊(おど)り狂(くる)う臓(ぞう)器(き)
50.601,50.968,66,92,<1></c><2>左(ひだり)胸(むね)で踊(おど)り狂(くる)う</c><3>臓(ぞう)器(き)</c><1></c>,左(ひだり)胸(むね)で踊(おど)り狂(くる)う臓(ぞう)器(き)
50.968,51.135,66,92,<1></c><2>左(ひだり)胸(むね)で踊(おど)り狂(くる)う臓(ぞう)</c><3>器(き)</c><1></c>,左(ひだり)胸(むね)で踊(おど)り狂(くる)う臓(ぞう)器(き)
51.135,51.301,66,92,<1></c><2>左(ひだり)胸(むね)で踊(おど)り狂(くる)う臓(ぞう)</c><3>器(き)</c><1></c>,左(ひだり)胸(むね)で踊(おど)り狂(くる)う臓(ぞう)器(き)
51.301,51.702,66,92,<1></c><2>左(ひだり)胸(むね)で踊(おど)り狂(くる)う臓(ぞう)器(き)</c><1></c>,左(ひだり)胸(むね)で踊(おど)り狂(くる)う臓(ぞう)器(き)
51.702,52.102,-1,92,<1></c><2>今(いま)</c><3>際(わ)にしがみついて昂(たかぶ)る</c><1></c>,今(いま)際(わ)にしがみついて昂(たかぶ)る
52.102,52.269,-1,92,<1></c><2>今(いま)</c><3>際(わ)にしがみついて昂(たかぶ)る</c><1></c>,今(いま)際(わ)にしがみついて昂(たかぶ)る
52.269,52.469,-1,92,<1></c><2>今(いま)際(わ)</c><3>にしがみついて昂(たかぶ)る</c><1></c>,今(いま)際(わ)にしがみついて昂(たかぶ)る
52.469,52.669,-1,92,<1></c><2>今(いま)際(わ)に</c><3>しがみついて昂(たかぶ)る</c><1></c>,今(いま)際(わ)にしがみついて昂(たかぶ)る
52.669,52.836,-1,92,<1></c><2>今(いま)際(わ)にし</c><3>がみついて昂(たかぶ)る</c><1></c>,今(いま)際(わ)にしがみついて昂(たかぶ)る
52.836,53.037,-1,92,<1></c><2>今(いま)際(わ)にしが</c><3>みついて昂(たかぶ)る</c><1></c>,今(いま)際(わ)にしがみついて昂(たかぶ)る
53.037,53.203,-1,92,<1></c><2>今(いま)際(わ)にしがみ</c><3>ついて昂(たかぶ)る</c><1></c>,今(いま)際(わ)にしがみついて昂(たかぶ)る
53.203,53.404,-1,92,<1></c><2>今(いま)際(わ)にしがみつ</c><3>いて昂(たかぶ)る</c><1></c>,今(いま)際(わ)にしがみついて昂(たかぶ)る
53.404,53.604,-1,92,<1></c><2>今(いま)際(わ)にしがみつい</c><3>て昂(たかぶ)る</c><1></c>,今(いま)際(わ)にしがみついて昂(たかぶ)る
53.604,53.771,-1,92,<1></c><2>今(いま)際(わ)にしがみついて</c><3>昂(たかぶ)る</c><1></c>,今(いま)際(わ)にしがみついて昂(たかぶ)る
53.771,53.971,-1,92,<1></c><2>今(いま)際(わ)にしがみついて昂(たかぶ)</c><3>る</c><1></c>,今(いま)際(わ)にしがみついて昂(たかぶ)る
53.971,54.338,-1,92,<1></c><2>今(いま)際(わ)にしがみついて昂(たかぶ)</c><3>る</c><1></c>,今(いま)際(わ)にしがみついて昂(たかぶ)る
54.338,54.738,-1,92,<1></c><2>今(いま)際(わ)にしがみついて昂(たかぶ)</c><3>る</c><1></c>,今(いま)際(わ)にしがみついて昂(たかぶ)る
54.738,56.206,-1,92,<1></c><2>今(いま)際(わ)にしがみついて昂(たかぶ)る</c><1></c>,今(いま)際(わ)にしがみついて昂(たかぶ)る
55.272,55.939,-1,85,<1></c><2>(wow</c><3>wow)</c><1></c>,(wowwow)
55.939,56.573,-1,85,<1></c><2>(wowwow)</c><1></c>,(wowwow)
56.206,56.573,-1,92,<1></c><2>赤(あか)</c><3>い目(め)しておどけさわぐ</c><1></c>,赤(あか)い目(め)しておどけさわぐ
56.573,56.774,-1,92,<1></c><2>赤(あか)</c><3>い目(め)しておどけさわぐ</c><1></c>,赤(あか)い目(め)しておどけさわぐ
56.774,56.974,-1,92,<1></c><2>赤(あか)い</c><3>目(め)しておどけさわぐ</c><1></c>,赤(あか)い目(め)しておどけさわぐ
56.974,57.341,-1,92,<1></c><2>赤(あか)い目(め)</c><3>しておどけさわぐ</c><1></c>,赤(あか)い目(め)しておどけさわぐ
57.341,57.741,-1,92,<1></c><2>赤(あか)い目(め)し</c><3>ておどけさわぐ</c><1></c>,赤(あか)い目(め)しておどけさわぐ
57.741,58.509,-1,92,<1></c><2>赤(あか)い目(め)して</c><3>おどけさわぐ</c><1></c>,赤(あか)い目(め)しておどけさわぐ
58.075,58.275,-1,85,<1></c><2>(wake</c><3>meup)</c><1></c>,(wakemeup)
58.275,58.475,-1,85,<1></c><2>(wakeme</c><3>up)</c><1></c>,(wakemeup)
58.475,58.642,-1,85,<1></c><2>(wakemeup)</c><1></c>,(wakemeup)
58.509,58.842,-1,92,<1></c><2>赤(あか)い目(め)してお</c><3>どけさわぐ</c><1></c>,赤(あか)い目(め)しておどけさわぐ
58.842,59.043,-1,92,<1></c><2>赤(あか)い目(め)しておど</c><3>けさわぐ</c><1></c>,赤(あか)い目(め)しておどけさわぐ
59.043,59.243,-1,92,<1></c><2>赤(あか)い目(め)しておどけ</c><3>さわぐ</c><1></c>,赤(あか)い目(め)しておどけさわぐ
59.243,59.61,-1,92,<1></c><2>赤(あか)い目(め)しておどけさ</c><3>わぐ</c><1></c>,赤(あか)い目(め)しておどけさわぐ
59.61,59.777,-1,92,<1></c><2>赤(あか)い目(め)しておどけさわ</c><3>ぐ</c><1></c>,赤(あか)い目(め)しておどけさわぐ
59.777,60.344,-1,92,<1></c><2>赤(あか)い目(め)しておどけさわぐ</c><1></c>,赤(あか)い目(め)しておどけさわぐ
60.344,60.544,-1,92,<1></c><2>残(ざん)</c><3>酷(こく)は天(てん)使(し)のツラして</c><1></c>,残(ざん)酷(こく)は天(てん)使(し)のツラして
60.544,60.711,-1,92,<1></c><2>残(ざん)</c><3>酷(こく)は天(てん)使(し)のツラして</c><1></c>,残(ざん)酷(こく)は天(てん)使(し)のツラして
60.711,61.078,-1,92,<1></c><2>残(ざん)酷(こく)</c><3>は天(てん)使(し)のツラして</c><1></c>,残(ざん)酷(こく)は天(てん)使(し)のツラして
61.078,61.278,-1,92,<1></c><2>残(ざん)酷(こく)</c><3>は天(てん)使(し)のツラして</c><1></c>,残(ざん)酷(こく)は天(てん)使(し)のツラして
61.278,61.478,-1,92,<1></c><2>残(ざん)酷(こく)は</c><3>天(てん)使(し)のツラして</c><1></c>,残(ざん)酷(こく)は天(てん)使(し)のツラして
61.478,61.645,-1,92,<1></c><2>残(ざん)酷(こく)は天(てん)</c><3>使(し)のツラして</c><1></c>,残(ざん)酷(こく)は天(てん)使(し)のツラして
61.645,61.812,-1,92,<1></c><2>残(ざん)酷(こく)は天(てん)</c><3>使(し)のツラして</c><1></c>,残(ざん)酷(こく)は天(てん)使(し)のツラして
61.812,62.012,-1,92,<1></c><2>残(ざん)酷(こく)は天(てん)使(し)</c><3>のツラして</c><1></c>,残(ざん)酷(こく)は天(てん)使(し)のツラして
62.012,62.212,-1,92,<1></c><2>残(ざん)酷(こく)は天(てん)使(し)の</c><3>ツラして</c><1></c>,残(ざん)酷(こく)は天(てん)使(し)のツラして
62.212,62.579,-1,92,<1></c><2>残(ざん)酷(こく)は天(てん)使(し)のツ</c><3>ラして</c><1></c>,残(ざん)酷(こく)は天(てん)使(し)のツラして
62.579,62.946,-1,92,<1></c><2>残(ざん)酷(こく)は天(てん)使(し)のツラ</c><3>して</c><1></c>,残(ざん)酷(こく)は天(てん)使(し)のツラして
62.946,63.347,-1,92,<1></c><2>残(ざん)酷(こく)は天(てん)使(し)のツラし</c><3>て</c><1></c>,残(ざん)酷(こく)は天(てん)使(し)のツラして
63.347,63.714,-1,92,<1></c><2>残(ざん)酷(こく)は天(てん)使(し)のツラして</c><1></c>,残(ざん)酷(こく)は天(てん)使(し)のツラして
63.714,64.081,-1,92,<1></c><2>憂(うれ)</c><3>いながら弄(もてあそ)んだ</c><1></c>,憂(うれ)いながら弄(もてあそ)んだ
64.081,64.281,-1,92,<1></c><2>憂(うれ)</c><3>いながら弄(もてあそ)んだ</c><1></c>,憂(うれ)いながら弄(もてあそ)んだ
64.281,64.481,-1,92,<1></c><2>憂(うれ)い</c><3>ながら弄(もてあそ)んだ</c><1></c>,憂(うれ)いながら弄(もてあそ)んだ
64.481,64.648,-1,92,<1></c><2>憂(うれ)いな</c><3>がら弄(もてあそ)んだ</c><1></c>,憂(うれ)いながら弄(もてあそ)んだ
64.648,64.848,-1,92,<1></c><2>憂(うれ)いなが</c><3>ら弄(もてあそ)んだ</c><1></c>,憂(うれ)いながら弄(もてあそ)んだ
64.848,65.015,-1,92,<1></c><2>憂(うれ)いながら</c><3>弄(もてあそ)んだ</c><1></c>,憂(うれ)いながら弄(もてあそ)んだ
65.015,65.215,-1,92,<1></c><2>憂(うれ)いながら弄(もてあそ)</c><3>んだ</c><1></c>,憂(うれ)いながら弄(もてあそ)んだ
65.215,65.582,-1,92,<1></c><2>憂(うれ)いながら弄(もてあそ)</c><3>んだ</c><1></c>,憂(うれ)いながら弄(もてあそ)んだ
65.582,65.949,-1,92,<1></c><2>憂(うれ)いながら弄(もてあそ)</c><3>んだ</c><1></c>,憂(うれ)いながら弄(もてあそ)んだ
65.949,66.35,-1,92,<1></c><2>憂(うれ)いながら弄(もてあそ)</c><3>んだ</c><1></c>,憂(うれ)いながら弄(もてあそ)んだ
66.35,66.717,-1,92,<1></c><2>憂(うれ)いながら弄(もてあそ)ん</c><3>だ</c><1></c>,憂(うれ)いながら弄(もてあそ)んだ
66.717,68.585,-1,92,<1></c><2>憂(うれ)いながら弄(もてあそ)んだ</c><1></c>,憂(うれ)いながら弄(もてあそ)んだ
67.251,67.951,-1,85,<1></c><2>(wow</c><3>wowoh)</c><1></c>,(wowwowoh)
67.951,68.585,-1,85,<1></c><2>(wowwow</c><3>oh)</c><1></c>,(wowwowoh)
68.585,69.887,-1,85,<1></c><2>(wowwowoh)</c><1></c>,(wowwowoh)
69.887,70.054,-1,92,<1></c><2>弱(じゃく)</c><3>者(しゃ)敗(はい)者(しゃ)ふみつけて</c><1></c>,弱(じゃく)者(しゃ)敗(はい)者(しゃ)ふみつけて
70.054,70.187,-1,92,<1></c><2>弱(じゃく)</c><3>者(しゃ)敗(はい)者(しゃ)ふみつけて</c><1></c>,弱(じゃく)者(しゃ)敗(はい)者(しゃ)ふみつけて
70.187,70.32,-1,92,<1></c><2>弱(じゃく)者(しゃ)</c><3>敗(はい)者(しゃ)ふみつけて</c><1></c>,弱(じゃく)者(しゃ)敗(はい)者(しゃ)ふみつけて
70.32,70.421,-1,92,<1></c><2>弱(じゃく)者(しゃ)敗(はい)</c><3>者(しゃ)ふみつけて</c><1></c>,弱(じゃく)者(しゃ)敗(はい)者(しゃ)ふみつけて
70.421,70.554,-1,92,<1></c><2>弱(じゃく)者(しゃ)敗(はい)</c><3>者(しゃ)ふみつけて</c><1></c>,弱(じゃく)者(しゃ)敗(はい)者(しゃ)ふみつけて
70.554,70.654,-1,92,<1></c><2>弱(じゃく)者(しゃ)敗(はい)者(しゃ)</c><3>ふみつけて</c><1></c>,弱(じゃく)者(しゃ)敗(はい)者(しゃ)ふみつけて
70.654,70.821,-1,92,<1></c><2>弱(じゃく)者(しゃ)敗(はい)者(しゃ)ふ</c><3>みつけて</c><1></c>,弱(じゃく)者(しゃ)敗(はい)者(しゃ)ふみつけて
70.821,70.921,-1,92,<1></c><2>弱(じゃく)者(しゃ)敗(はい)者(しゃ)ふみ</c><3>つけて</c><1></c>,弱(じゃく)者(しゃ)敗(はい)者(しゃ)ふみつけて
70.921,71.021,-1,92,<1></c><2>弱(じゃく)者(しゃ)敗(はい)者(しゃ)ふみつ</c><3>けて</c><1></c>,弱(じゃく)者(しゃ)敗(はい)者(しゃ)ふみつけて
71.021,71.422,-1,92,<1></c><2>弱(じゃく)者(しゃ)敗(はい)者(しゃ)ふみつけ</c><3>て</c><1></c>,弱(じゃく)者(しゃ)敗(はい)者(しゃ)ふみつけて
71.422,72.022,-1,92,<1></c><2>弱(じゃく)者(しゃ)敗(はい)者(しゃ)ふみつけて</c><1></c>,弱(じゃく)者(しゃ)敗(はい)者(しゃ)ふみつけて
72.022,72.389,-1,92,<1></c><2>psy(サイ)</c><3>cho(コ)さぁ行(い)こう</c><1></c>,psy(サイ)cho(コ)さぁ行(い)こう
72.389,72.556,-1,92,<1></c><2>psy(サイ)cho(コ)</c><3>さぁ行(い)こう</c><1></c>,psy(サイ)cho(コ)さぁ行(い)こう
72.556,72.723,-1,92,<1></c><2>psy(サイ)cho(コ)さぁ</c><3>行(い)こう</c><1></c>,psy(サイ)cho(コ)さぁ行(い)こう
72.723,72.89,-1,92,<1></c><2>psy(サイ)cho(コ)さぁ行(い)</c><3>こう</c><1></c>,psy(サイ)cho(コ)さぁ行(い)こう
72.89,73.123,-1,92,<1></c><2>psy(サイ)cho(コ)さぁ行(い)こ</c><3>う</c><1></c>,psy(サイ)cho(コ)さぁ行(い)こう
73.29,73.49,-1,92,<1></c><2>psy(サイ)cho(コ)さぁ行(い)こう</c><1></c>,psy(サイ)cho(コ)さぁ行(い)こう
73.657,73.991,-1,92,<1></c><2>psy(サイ)cho(コ)さぁ行(い)こう</c><1></c>,psy(サイ)cho(コ)さぁ行(い)こう
74.558,74.725,-1,92,<1></c><2>治(ち)</c><3>療(りょう)してよ</c><1></c>,治(ち)療(りょう)してよ
74.725,74.858,-1,92,<1></c><2>治(ち)療(りょう)</c><3>してよ</c><1></c>,治(ち)療(りょう)してよ
74.858,74.992,-1,92,<1></c><2>治(ち)療(りょう)</c><3>してよ</c><1></c>,治(ち)療(りょう)してよ
74.992,75.159,-1,92,<1></c><2>治(ち)療(りょう)し</c><3>てよ</c><1></c>,治(ち)療(りょう)してよ
75.159,75.359,-1,92,<1></c><2>治(ち)療(りょう)して</c><3>よ</c><1></c>,治(ち)療(りょう)してよ
75.359,75.759,-1,92,<1></c><2>治(ち)療(りょう)してよ</c><1></c>,治(ち)療(りょう)してよ
75.759,75.926,-1,92,<1></c><2>カ</c><3>ルテはめちゃくちゃ</c><1></c>,カルテはめちゃくちゃ
75.926,76.16,-1,92,<1></c><2>カル</c><3>テはめちゃくちゃ</c><1></c>,カルテはめちゃくちゃ
76.16,76.293,-1,92,<1></c><2>カルテ</c><3>はめちゃくちゃ</c><1></c>,カルテはめちゃくちゃ
76.293,76.493,-1,92,<1></c><2>カルテは</c><3>めちゃくちゃ</c><1></c>,カルテはめちゃくちゃ
76.493,76.66,-1,92,<1></c><2>カルテはめ</c><3>ちゃくちゃ</c><1></c>,カルテはめちゃくちゃ
76.66,76.894,-1,92,<1></c><2>カルテはめちゃ</c><3>くちゃ</c><1></c>,カルテはめちゃくちゃ
76.894,77.027,-1,92,<1></c><2>カルテはめちゃく</c><3>ちゃ</c><1></c>,カルテはめちゃくちゃ
77.027,77.561,-1,92,<1></c><2>カルテはめちゃくちゃ</c><1></c>,カルテはめちゃくちゃ
77.561,77.795,-1,92,<1></c><2>刺(さ)</c><3>してホラ</c><1></c>,刺(さ)してホラ
77.795,78.028,-1,92,<1></c><2>刺(さ)し</c><3>てホラ</c><1></c>,刺(さ)してホラ
78.028,78.162,-1,92,<1></c><2>刺(さ)して</c><3>ホラ</c><1></c>,刺(さ)してホラ
78.162,78.328,-1,92,<1></c><2>刺(さ)してホ</c><3>ラ</c><1></c>,刺(さ)してホラ
78.328,78.695,-1,92,<1></c><2>刺(さ)してホラ</c><1></c>,刺(さ)してホラ
78.695,78.896,-1,92,<1></c><2>そ</c><3>の細(ほそ)い針(はり)</c><1></c>,その細(ほそ)い針(はり)
78.896,79.163,-1,92,<1></c><2>その</c><3>細(ほそ)い針(はり)</c><1></c>,その細(ほそ)い針(はり)
79.163,79.296,-1,92,<1></c><2>その細(ほそ)</c><3>い針(はり)</c><1></c>,その細(ほそ)い針(はり)
79.296,79.53,-1,92,<1></c><2>その細(ほそ)</c><3>い針(はり)</c><1></c>,その細(ほそ)い針(はり)
79.53,79.663,-1,92,<1></c><2>その細(ほそ)い</c><3>針(はり)</c><1></c>,その細(ほそ)い針(はり)
79.663,80.631,-1,92,<1></c><2>その細(ほそ)い針(はり)</c><1></c>,その細(ほそ)い針(はり)
80.631,80.764,63,92,<1></c><2>“不(ふ)</c><3>可(か)解(かい)”つたない落(らく)書(が)きでも</c><1></c>,“不(ふ)可(か)解(かい)”つたない落(らく)書(が)きでも
80.764,80.998,63,92,<1></c><2>“不(ふ)可(か)</c><3>解(かい)”つたない落(らく)書(が)きでも</c><1></c>,“不(ふ)可(か)解(かい)”つたない落(らく)書(が)きでも
80.998,81.165,63,92,<1></c><2>“不(ふ)可(か)解(かい)”</c><3>つたない落(らく)書(が)きでも</c><1></c>,“不(ふ)可(か)解(かい)”つたない落(らく)書(が)きでも
81.165,81.398,63,92,<1></c><2>“不(ふ)可(か)解(かい)”</c><3>つたない落(らく)書(が)きでも</c><1></c>,“不(ふ)可(か)解(かい)”つたない落(らく)書(が)きでも
81.398,81.532,63,92,<1></c><2>“不(ふ)可(か)解(かい)”つ</c><3>たない落(らく)書(が)きでも</c><1></c>,“不(ふ)可(か)解(かい)”つたない落(らく)書(が)きでも
81.532,81.765,63,92,<1></c><2>“不(ふ)可(か)解(かい)”つた</c><3>ない落(らく)書(が)きでも</c><1></c>,“不(ふ)可(か)解(かい)”つたない落(らく)書(が)きでも
81.765,81.899,63,92,<1></c><2>“不(ふ)可(か)解(かい)”つたな</c><3>い落(らく)書(が)きでも</c><1></c>,“不(ふ)可(か)解(かい)”つたない落(らく)書(が)きでも
81.899,82.132,63,92,<1></c><2>“不(ふ)可(か)解(かい)”つたない</c><3>落(らく)書(が)きでも</c><1></c>,“不(ふ)可(か)解(かい)”つたない落(らく)書(が)きでも
82.132,82.266,63,92,<1></c><2>“不(ふ)可(か)解(かい)”つたない落(らく)</c><3>書(が)きでも</c><1></c>,“不(ふ)可(か)解(かい)”つたない落(らく)書(が)きでも
82.266,82.499,63,92,<1></c><2>“不(ふ)可(か)解(かい)”つたない落(らく)</c><3>書(が)きでも</c><1></c>,“不(ふ)可(か)解(かい)”つたない落(らく)書(が)きでも
82.499,82.633,63,92,<1></c><2>“不(ふ)可(か)解(かい)”つたない落(らく)書(が)</c><3>きでも</c><1></c>,“不(ふ)可(か)解(かい)”つたない落(らく)書(が)きでも
82.633,82.866,63,92,<1></c><2>“不(ふ)可(か)解(かい)”つたない落(らく)書(が)き</c><3>でも</c><1></c>,“不(ふ)可(か)解(かい)”つたない落(らく)書(が)きでも
82.866,83.033,63,92,<1></c><2>“不(ふ)可(か)解(かい)”つたない落(らく)書(が)きで</c><3>も</c><1></c>,“不(ふ)可(か)解(かい)”つたない落(らく)書(が)きでも
83.033,83.367,63,92,<1></c><2>“不(ふ)可(か)解(かい)”つたない落(らく)書(が)きでも</c><1></c>,“不(ふ)可(か)解(かい)”つたない落(らく)書(が)きでも
83.367,83.567,-1,92,<1></c><2>純(じゅん)</c><3>真(しん)無(む)垢(く)でしょ？</c><1></c>,純(じゅん)真(しん)無(む)垢(く)でしょ？
83.567,83.767,-1,92,<1></c><2>純(じゅん)</c><3>真(しん)無(む)垢(く)でしょ？</c><1></c>,純(じゅん)真(しん)無(む)垢(く)でしょ？
83.767,83.967,-1,92,<1></c><2>純(じゅん)真(しん)</c><3>無(む)垢(く)でしょ？</c><1></c>,純(じゅん)真(しん)無(む)垢(く)でしょ？
83.967,84.134,-1,92,<1></c><2>純(じゅん)真(しん)</c><3>無(む)垢(く)でしょ？</c><1></c>,純(じゅん)真(しん)無(む)垢(く)でしょ？
84.134,84.268,-1,92,<1></c><2>純(じゅん)真(しん)無(む)</c><3>垢(く)でしょ？</c><1></c>,純(じゅん)真(しん)無(む)垢(く)でしょ？
84.268,84.401,-1,92,<1></c><2>純(じゅん)真(しん)無(む)垢(く)</c><3>でしょ？</c><1></c>,純(じゅん)真(しん)無(む)垢(く)でしょ？
84.401,84.535,-1,92,<1></c><2>純(じゅん)真(しん)無(む)垢(く)で</c><3>しょ？</c><1></c>,純(じゅん)真(しん)無(む)垢(く)でしょ？
84.535,84.902,-1,92,<1></c><2>純(じゅん)真(しん)無(む)垢(く)でしょ？</c><1></c>,純(じゅん)真(しん)無(む)垢(く)でしょ？
84.902,85.035,-1,92,<1></c><2>こ</c><3>れがお好(す)きでしょ？</c><1></c>,これがお好(す)きでしょ？
85.035,85.269,-1,92,<1></c><2>これ</c><3>がお好(す)きでしょ？</c><1></c>,これがお好(す)きでしょ？
85.269,85.402,-1,92,<1></c><2>これが</c><3>お好(す)きでしょ？</c><1></c>,これがお好(す)きでしょ？
85.402,85.669,-1,92,<1></c><2>これがお</c><3>好(す)きでしょ？</c><1></c>,これがお好(す)きでしょ？
85.669,85.769,-1,92,<1></c><2>これがお好(す)</c><3>きでしょ？</c><1></c>,これがお好(す)きでしょ？
85.769,85.903,-1,92,<1></c><2>これがお好(す)き</c><3>でしょ？</c><1></c>,これがお好(す)きでしょ？
85.903,86.07,-1,92,<1></c><2>これがお好(す)きで</c><3>しょ？</c><1></c>,これがお好(す)きでしょ？
86.07,86.77,-1,92,<1></c><2>これがお好(す)きでしょ？</c><1></c>,これがお好(す)きでしょ？
86.77,86.904,-1,92,<1></c><2>毒(どく)</c><3>に染(そ)まる愛(あい)</c><1></c>,毒(どく)に染(そ)まる愛(あい)
86.904,87.037,-1,92,<1></c><2>毒(どく)</c><3>に染(そ)まる愛(あい)</c><1></c>,毒(どく)に染(そ)まる愛(あい)
87.037,87.137,-1,92,<1></c><2>毒(どく)に</c><3>染(そ)まる愛(あい)</c><1></c>,毒(どく)に染(そ)まる愛(あい)
87.137,87.404,-1,92,<1></c><2>毒(どく)に染(そ)</c><3>まる愛(あい)</c><1></c>,毒(どく)に染(そ)まる愛(あい)
87.404,87.538,-1,92,<1></c><2>毒(どく)に染(そ)ま</c><3>る愛(あい)</c><1></c>,毒(どく)に染(そ)まる愛(あい)
87.538,87.738,-1,92,<1></c><2>毒(どく)に染(そ)まる</c><3>愛(あい)</c><1></c>,毒(どく)に染(そ)まる愛(あい)
87.738,88.272,-1,92,<1></c><2>毒(どく)に染(そ)まる愛(あい)</c><1></c>,毒(どく)に染(そ)まる愛(あい)
88.272,88.405,-1,92,<1></c><2>直(ちょく)</c><3>情(じょう)的(てき)な恋(こい)</c><1></c>,直(ちょく)情(じょう)的(てき)な恋(こい)
88.405,88.505,-1,92,<1></c><2>直(ちょく)</c><3>情(じょう)的(てき)な恋(こい)</c><1></c>,直(ちょく)情(じょう)的(てき)な恋(こい)
88.505,88.639,-1,92,<1></c><2>直(ちょく)情(じょう)</c><3>的(てき)な恋(こい)</c><1></c>,直(ちょく)情(じょう)的(てき)な恋(こい)
88.639,88.872,-1,92,<1></c><2>直(ちょく)情(じょう)</c><3>的(てき)な恋(こい)</c><1></c>,直(ちょく)情(じょう)的(てき)な恋(こい)
88.872,89.006,-1,92,<1></c><2>直(ちょく)情(じょう)的(てき)</c><3>な恋(こい)</c><1></c>,直(ちょく)情(じょう)的(てき)な恋(こい)
89.006,89.239,-1,92,<1></c><2>直(ちょく)情(じょう)的(てき)</c><3>な恋(こい)</c><1></c>,直(ちょく)情(じょう)的(てき)な恋(こい)
89.239,89.339,-1,92,<1></c><2>直(ちょく)情(じょう)的(てき)な</c><3>恋(こい)</c><1></c>,直(ちょく)情(じょう)的(てき)な恋(こい)
89.339,89.773,-1,92,<1></c><2>直(ちょく)情(じょう)的(てき)な恋(こい)</c><1></c>,直(ちょく)情(じょう)的(てき)な恋(こい)
89.773,89.873,-1,92,<1></c><2>僕(ぼく)</c><3>はどこまでいけるのか</c><1></c>,僕(ぼく)はどこまでいけるのか
89.873,89.973,-1,92,<1></c><2>僕(ぼく)</c><3>はどこまでいけるのか</c><1></c>,僕(ぼく)はどこまでいけるのか
89.973,90.14,-1,92,<1></c><2>僕(ぼく)は</c><3>どこまでいけるのか</c><1></c>,僕(ぼく)はどこまでいけるのか
90.14,90.407,-1,92,<1></c><2>僕(ぼく)はど</c><3>こまでいけるのか</c><1></c>,僕(ぼく)はどこまでいけるのか
90.407,90.507,-1,92,<1></c><2>僕(ぼく)はどこ</c><3>までいけるのか</c><1></c>,僕(ぼく)はどこまでいけるのか
90.507,90.741,-1,92,<1></c><2>僕(ぼく)はどこま</c><3>でいけるのか</c><1></c>,僕(ぼく)はどこまでいけるのか
90.741,90.808,-1,92,<1></c><2>僕(ぼく)はどこまで</c><3>いけるのか</c><1></c>,僕(ぼく)はどこまでいけるのか
90.808,90.908,-1,92,<1></c><2>僕(ぼく)はどこまでい</c><3>けるのか</c><1></c>,僕(ぼく)はどこまでいけるのか
90.908,91.308,-1,92,<1></c><2>僕(ぼく)はどこまでいけ</c><3>るのか</c><1></c>,僕(ぼく)はどこまでいけるのか
91.308,91.642,-1,92,<1></c><2>僕(ぼく)はどこまでいける</c><3>のか</c><1></c>,僕(ぼく)はどこまでいけるのか
91.642,92.042,-1,92,<1></c><2>僕(ぼく)はどこまでいけるの</c><3>か</c><1></c>,僕(ぼく)はどこまでいけるのか
92.042,92.709,-1,92,<1></c><2>僕(ぼく)はどこまでいけるのか</c><1></c>,僕(ぼく)はどこまでいけるのか
92.709,92.876,-1,92,<1></c><2>醜(みにく)</c><3>いな汚(きたな)いな</c><1></c>,醜(みにく)いな汚(きたな)いな
92.876,92.976,-1,92,<1></c><2>醜(みにく)</c><3>いな汚(きたな)いな</c><1></c>,醜(みにく)いな汚(きたな)いな
92.976,93.143,-1,92,<1></c><2>醜(みにく)</c><3>いな汚(きたな)いな</c><1></c>,醜(みにく)いな汚(きたな)いな
93.143,93.377,-1,92,<1></c><2>醜(みにく)い</c><3>な汚(きたな)いな</c><1></c>,醜(みにく)いな汚(きたな)いな
93.377,93.51,-1,92,<1></c><2>醜(みにく)いな</c><3>汚(きたな)いな</c><1></c>,醜(みにく)いな汚(きたな)いな
93.51,93.644,-1,92,<1></c><2>醜(みにく)いな汚(きたな)</c><3>いな</c><1></c>,醜(みにく)いな汚(きたな)いな
93.644,93.777,-1,92,<1></c><2>醜(みにく)いな汚(きたな)</c><3>いな</c><1></c>,醜(みにく)いな汚(きたな)いな
93.777,93.877,-1,92,<1></c><2>醜(みにく)いな汚(きたな)</c><3>いな</c><1></c>,醜(みにく)いな汚(きたな)いな
93.877,94.078,-1,92,<1></c><2>醜(みにく)いな汚(きたな)い</c><3>な</c><1></c>,醜(みにく)いな汚(きたな)いな
94.078,94.278,-1,92,<1></c><2>醜(みにく)いな汚(きたな)いな</c><1></c>,醜(みにく)いな汚(きたな)いな
94.278,94.411,-1,92,<1></c><2>美(うつく)</c><3>しいな素(す)晴(ば)らしいな</c><1></c>,美(うつく)しいな素(す)晴(ば)らしいな
94.411,94.511,-1,92,<1></c><2>美(うつく)</c><3>しいな素(す)晴(ば)らしいな</c><1></c>,美(うつく)しいな素(す)晴(ば)らしいな
94.511,94.645,-1,92,<1></c><2>美(うつく)</c><3>しいな素(す)晴(ば)らしいな</c><1></c>,美(うつく)しいな素(す)晴(ば)らしいな
94.645,94.778,-1,92,<1></c><2>美(うつく)し</c><3>いな素(す)晴(ば)らしいな</c><1></c>,美(うつく)しいな素(す)晴(ば)らしいな
94.778,94.878,-1,92,<1></c><2>美(うつく)しい</c><3>な素(す)晴(ば)らしいな</c><1></c>,美(うつく)しいな素(す)晴(ば)らしいな
94.878,95.045,-1,92,<1></c><2>美(うつく)しいな</c><3>素(す)晴(ば)らしいな</c><1></c>,美(うつく)しいな素(す)晴(ば)らしいな
95.045,95.145,-1,92,<1></c><2>美(うつく)しいな素(す)</c><3>晴(ば)らしいな</c><1></c>,美(うつく)しいな素(す)晴(ば)らしいな
95.145,95.245,-1,92,<1></c><2>美(うつく)しいな素(す)晴(ば)</c><3>らしいな</c><1></c>,美(うつく)しいな素(す)晴(ば)らしいな
95.245,95.379,-1,92,<1></c><2>美(うつく)しいな素(す)晴(ば)ら</c><3>しいな</c><1></c>,美(うつく)しいな素(す)晴(ば)らしいな
95.379,95.546,-1,92,<1></c><2>美(うつく)しいな素(す)晴(ば)らし</c><3>いな</c><1></c>,美(うつく)しいな素(す)晴(ば)らしいな
95.546,95.646,-1,92,<1></c><2>美(うつく)しいな素(す)晴(ば)らしい</c><3>な</c><1></c>,美(うつく)しいな素(す)晴(ば)らしいな
95.646,95.746,-1,92,<1></c><2>美(うつく)しいな素(す)晴(ば)らしいな</c><1></c>,美(うつく)しいな素(す)晴(ば)らしいな
95.746,95.879,56,92,<1></c><2>時(じ)</c><3>代(だい)よ僕(ぼく)を受(う)けとめてah</c><1></c>,時(じ)代(だい)よ僕(ぼく)を受(う)けとめてah
95.879,96.013,56,92,<1></c><2>時(じ)代(だい)</c><3>よ僕(ぼく)を受(う)けとめてah</c><1></c>,時(じ)代(だい)よ僕(ぼく)を受(う)けとめてah
96.013,96.113,56,92,<1></c><2>時(じ)代(だい)</c><3>よ僕(ぼく)を受(う)けとめてah</c><1></c>,時(じ)代(だい)よ僕(ぼく)を受(う)けとめてah
96.113,96.413,56,92,<1></c><2>時(じ)代(だい)よ</c><3>僕(ぼく)を受(う)けとめてah</c><1></c>,時(じ)代(だい)よ僕(ぼく)を受(う)けとめてah
96.413,96.513,56,92,<1></c><2>時(じ)代(だい)よ僕(ぼく)</c><3>を受(う)けとめてah</c><1></c>,時(じ)代(だい)よ僕(ぼく)を受(う)けとめてah
96.513,96.78,56,92,<1></c><2>時(じ)代(だい)よ僕(ぼく)</c><3>を受(う)けとめてah</c><1></c>,時(じ)代(だい)よ僕(ぼく)を受(う)けとめてah
96.78,96.914,56,92,<1></c><2>時(じ)代(だい)よ僕(ぼく)を</c><3>受(う)けとめてah</c><1></c>,時(じ)代(だい)よ僕(ぼく)を受(う)けとめてah
96.914,97.247,56,92,<1></c><2>時(じ)代(だい)よ僕(ぼく)を受(う)</c><3>けとめてah</c><1></c>,時(じ)代(だい)よ僕(ぼく)を受(う)けとめてah
97.247,97.648,56,92,<1></c><2>時(じ)代(だい)よ僕(ぼく)を受(う)け</c><3>とめてah</c><1></c>,時(じ)代(だい)よ僕(ぼく)を受(う)けとめてah
97.648,98.015,56,92,<1></c><2>時(じ)代(だい)よ僕(ぼく)を受(う)けと</c><3>めてah</c><1></c>,時(じ)代(だい)よ僕(ぼく)を受(う)けとめてah
98.015,98.382,56,92,<1></c><2>時(じ)代(だい)よ僕(ぼく)を受(う)けとめ</c><3>てah</c><1></c>,時(じ)代(だい)よ僕(ぼく)を受(う)けとめてah
98.382,101.351,56,92,<1></c><2>時(じ)代(だい)よ僕(ぼく)を受(う)けとめて</c><3>ah</c><1></c>,時(じ)代(だい)よ僕(ぼく)を受(う)けとめてah
101.351,103.987,56,92,<1></c><2>時(じ)代(だい)よ僕(ぼく)を受(う)けとめてah</c><1></c>,時(じ)代(だい)よ僕(ぼく)を受(う)けとめてah
104.388,113.397,-1,0,<1></c><2>psycho／ハコス・ベールズ</c><1></c>,psycho／ハコス・ベールズ
104.388,105.522,-1,92,<1></c><2>vocals:hakosbaelz</c><1></c>,vocals:hakosbaelz
105.522,107.391,-1,92,<1></c><2>lyrics:zaq</c><1></c>,lyrics:zaq
107.391,108.525,-1,92,<1></c><2>music:タカハシヒビキtom-h@ck</c><1></c>,music:タカハシヒビキtom-h@ck
108.525,110.394,-1,92,<1></c><2>arrangement:タカハシヒビキ</c><1></c>,arrangement:タカハシヒビキ
110.394,111.528,-1,92,<1></c><2>illustrations:dino</c><1></c>,illustrations:dino
111.528,113.397,-1,92,<1></c><2>movie:kotose</c><1></c>,movie:kotose
115.599,115.833,56,92,<1></c><2>う</c><3>るさいさっきも聞(き)いたよ愚(おろ)か者(もの)</c><1></c>,うるさいさっきも聞(き)いたよ愚(おろ)か者(もの)
115.833,116.033,56,92,<1></c><2>うる</c><3>さいさっきも聞(き)いたよ愚(おろ)か者(もの)</c><1></c>,うるさいさっきも聞(き)いたよ愚(おろ)か者(もの)
116.033,116.166,56,92,<1></c><2>うるさ</c><3>いさっきも聞(き)いたよ愚(おろ)か者(もの)</c><1></c>,うるさいさっきも聞(き)いたよ愚(おろ)か者(もの)
116.166,116.4,56,92,<1></c><2>うるさい</c><3>さっきも聞(き)いたよ愚(おろ)か者(もの)</c><1></c>,うるさいさっきも聞(き)いたよ愚(おろ)か者(もの)
116.4,116.5,56,92,<1></c><2>うるさいさ</c><3>っきも聞(き)いたよ愚(おろ)か者(もの)</c><1></c>,うるさいさっきも聞(き)いたよ愚(おろ)か者(もの)
116.5,116.733,56,92,<1></c><2>うるさいさっ</c><3>きも聞(き)いたよ愚(おろ)か者(もの)</c><1></c>,うるさいさっきも聞(き)いたよ愚(おろ)か者(もの)
116.733,116.934,56,92,<1></c><2>うるさいさっき</c><3>も聞(き)いたよ愚(おろ)か者(もの)</c><1></c>,うるさいさっきも聞(き)いたよ愚(おろ)か者(もの)
116.934,117.134,56,92,<1></c><2>うるさいさっきも</c><3>聞(き)いたよ愚(おろ)か者(もの)</c><1></c>,うるさいさっきも聞(き)いたよ愚(おろ)か者(もの)
117.134,117.267,56,92,<1></c><2>うるさいさっきも聞(き)</c><3>いたよ愚(おろ)か者(もの)</c><1></c>,うるさいさっきも聞(き)いたよ愚(おろ)か者(もの)
117.267,117.501,56,92,<1></c><2>うるさいさっきも聞(き)い</c><3>たよ愚(おろ)か者(もの)</c><1></c>,うるさいさっきも聞(き)いたよ愚(おろ)か者(もの)
117.501,117.701,56,92,<1></c><2>うるさいさっきも聞(き)いた</c><3>よ愚(おろ)か者(もの)</c><1></c>,うるさいさっきも聞(き)いたよ愚(おろ)か者(もの)
117.701,118.068,56,92,<1></c><2>うるさいさっきも聞(き)いたよ</c><3>愚(おろ)か者(もの)</c><1></c>,うるさいさっきも聞(き)いたよ愚(おろ)か者(もの)
118.068,118.268,56,92,<1></c><2>うるさいさっきも聞(き)いたよ愚(おろ)</c><3>か者(もの)</c><1></c>,うるさいさっきも聞(き)いたよ愚(おろ)か者(もの)
118.268,118.435,56,92,<1></c><2>うるさいさっきも聞(き)いたよ愚(おろ)</c><3>か者(もの)</c><1></c>,うるさいさっきも聞(き)いたよ愚(おろ)か者(もの)
118.435,118.635,56,92,<1></c><2>うるさいさっきも聞(き)いたよ愚(おろ)か</c><3>者(もの)</c><1></c>,うるさいさっきも聞(き)いたよ愚(おろ)か者(もの)
118.635,119.603,56,92,<1></c><2>うるさいさっきも聞(き)いたよ愚(おろ)か者(もの)</c><1></c>,うるさいさっきも聞(き)いたよ愚(おろ)か者(もの)
119.603,119.77,-1,92,<1></c><2>ス</c><3>トレス社(しゃ)会(かい)あっそほんで？</c><1></c>,ストレス社(しゃ)会(かい)あっそほんで？
119.77,119.97,-1,92,<1></c><2>スト</c><3>レス社(しゃ)会(かい)あっそほんで？</c><1></c>,ストレス社(しゃ)会(かい)あっそほんで？
119.97,120.17,-1,92,<1></c><2>ストレ</c><3>ス社(しゃ)会(かい)あっそほんで？</c><1></c>,ストレス社(しゃ)会(かい)あっそほんで？
120.17,120.337,-1,92,<1></c><2>ストレス</c><3>社(しゃ)会(かい)あっそほんで？</c><1></c>,ストレス社(しゃ)会(かい)あっそほんで？
120.337,120.537,-1,92,<1></c><2>ストレス社(しゃ)</c><3>会(かい)あっそほんで？</c><1></c>,ストレス社(しゃ)会(かい)あっそほんで？
120.537,120.771,-1,92,<1></c><2>ストレス社(しゃ)会(かい)</c><3>あっそほんで？</c><1></c>,ストレス社(しゃ)会(かい)あっそほんで？
120.771,121.105,-1,92,<1></c><2>ストレス社(しゃ)会(かい)</c><3>あっそほんで？</c><1></c>,ストレス社(しゃ)会(かい)あっそほんで？
121.105,121.271,-1,92,<1></c><2>ストレス社(しゃ)会(かい)あ</c><3>っそほんで？</c><1></c>,ストレス社(しゃ)会(かい)あっそほんで？
121.271,121.472,-1,92,<1></c><2>ストレス社(しゃ)会(かい)あっ</c><3>そほんで？</c><1></c>,ストレス社(しゃ)会(かい)あっそほんで？
121.472,121.672,-1,92,<1></c><2>ストレス社(しゃ)会(かい)あっそ</c><3>ほんで？</c><1></c>,ストレス社(しゃ)会(かい)あっそほんで？
121.672,121.839,-1,92,<1></c><2>ストレス社(しゃ)会(かい)あっそほ</c><3>んで？</c><1></c>,ストレス社(しゃ)会(かい)あっそほんで？
121.839,122.039,-1,92,<1></c><2>ストレス社(しゃ)会(かい)あっそほん</c><3>で？</c><1></c>,ストレス社(しゃ)会(かい)あっそほんで？
122.039,122.606,-1,92,<1></c><2>ストレス社(しゃ)会(かい)あっそほんで？</c><1></c>,ストレス社(しゃ)会(かい)あっそほんで？
122.606,122.773,-1,92,<1></c><2>僕(ぼく)</c><3>はひたすらこの楽(らく)園(えん)を</c><1></c>,僕(ぼく)はひたすらこの楽(らく)園(えん)を
122.773,122.973,-1,92,<1></c><2>僕(ぼく)</c><3>はひたすらこの楽(らく)園(えん)を</c><1></c>,僕(ぼく)はひたすらこの楽(らく)園(えん)を
122.973,123.173,-1,92,<1></c><2>僕(ぼく)は</c><3>ひたすらこの楽(らく)園(えん)を</c><1></c>,僕(ぼく)はひたすらこの楽(らく)園(えん)を
123.173,123.34,-1,92,<1></c><2>僕(ぼく)はひ</c><3>たすらこの楽(らく)園(えん)を</c><1></c>,僕(ぼく)はひたすらこの楽(らく)園(えん)を
123.34,123.54,-1,92,<1></c><2>僕(ぼく)はひた</c><3>すらこの楽(らく)園(えん)を</c><1></c>,僕(ぼく)はひたすらこの楽(らく)園(えん)を
123.54,123.707,-1,92,<1></c><2>僕(ぼく)はひたす</c><3>らこの楽(らく)園(えん)を</c><1></c>,僕(ぼく)はひたすらこの楽(らく)園(えん)を
123.707,123.907,-1,92,<1></c><2>僕(ぼく)はひたすら</c><3>この楽(らく)園(えん)を</c><1></c>,僕(ぼく)はひたすらこの楽(らく)園(えん)を
123.907,124.108,-1,92,<1></c><2>僕(ぼく)はひたすらこ</c><3>の楽(らく)園(えん)を</c><1></c>,僕(ぼく)はひたすらこの楽(らく)園(えん)を
124.108,124.274,-1,92,<1></c><2>僕(ぼく)はひたすらこの</c><3>楽(らく)園(えん)を</c><1></c>,僕(ぼく)はひたすらこの楽(らく)園(えん)を
124.274,124.475,-1,92,<1></c><2>僕(ぼく)はひたすらこの楽(らく)</c><3>園(えん)を</c><1></c>,僕(ぼく)はひたすらこの楽(らく)園(えん)を
124.475,124.675,-1,92,<1></c><2>僕(ぼく)はひたすらこの楽(らく)</c><3>園(えん)を</c><1></c>,僕(ぼく)はひたすらこの楽(らく)園(えん)を
124.675,124.842,-1,92,<1></c><2>僕(ぼく)はひたすらこの楽(らく)園(えん)</c><3>を</c><1></c>,僕(ぼく)はひたすらこの楽(らく)園(えん)を
124.842,125.042,-1,92,<1></c><2>僕(ぼく)はひたすらこの楽(らく)園(えん)</c><3>を</c><1></c>,僕(ぼく)はひたすらこの楽(らく)園(えん)を
125.042,125.576,-1,92,<1></c><2>僕(ぼく)はひたすらこの楽(らく)園(えん)を</c><1></c>,僕(ぼく)はひたすらこの楽(らく)園(えん)を
125.576,125.943,-1,92,<1></c><2>生(い)</c><3>き抜(ぬ)いてやる</c><1></c>,生(い)き抜(ぬ)いてやる
125.943,126.143,-1,92,<1></c><2>生(い)き</c><3>抜(ぬ)いてやる</c><1></c>,生(い)き抜(ぬ)いてやる
126.143,126.31,-1,92,<1></c><2>生(い)き抜(ぬ)</c><3>いてやる</c><1></c>,生(い)き抜(ぬ)いてやる
126.31,126.51,-1,92,<1></c><2>生(い)き抜(ぬ)い</c><3>てやる</c><1></c>,生(い)き抜(ぬ)いてやる
126.51,126.677,-1,92,<1></c><2>生(い)き抜(ぬ)いて</c><3>やる</c><1></c>,生(い)き抜(ぬ)いてやる
126.677,126.877,-1,92,<1></c><2>生(い)き抜(ぬ)いてや</c><3>る</c><1></c>,生(い)き抜(ぬ)いてやる
126.877,127.277,-1,92,<1></c><2>生(い)き抜(ぬ)いてやる</c><1></c>,生(い)き抜(ぬ)いてやる
127.277,127.644,66,92,<1></c><2>左(ひだり)</c><3>胸(むね)で踊(おど)り狂(くる)う臓(ぞう)器(き)</c><1></c>,左(ひだり)胸(むね)で踊(おど)り狂(くる)う臓(ぞう)器(き)
127.644,128.045,66,92,<1></c><2>左(ひだり)</c><3>胸(むね)で踊(おど)り狂(くる)う臓(ぞう)器(き)</c><1></c>,左(ひだり)胸(むね)で踊(おど)り狂(くる)う臓(ぞう)器(き)
128.045,128.212,66,92,<1></c><2>左(ひだり)</c><3>胸(むね)で踊(おど)り狂(くる)う臓(ぞう)器(き)</c><1></c>,左(ひだり)胸(むね)で踊(おど)り狂(くる)う臓(ぞう)器(き)
128.212,128.612,66,92,<1></c><2>左(ひだり)胸(むね)</c><3>で踊(おど)り狂(くる)う臓(ぞう)器(き)</c><1></c>,左(ひだり)胸(むね)で踊(おど)り狂(くる)う臓(ぞう)器(き)
128.612,128.779,66,92,<1></c><2>左(ひだり)胸(むね)</c><3>で踊(おど)り狂(くる)う臓(ぞう)器(き)</c><1></c>,左(ひだり)胸(むね)で踊(おど)り狂(くる)う臓(ぞう)器(き)
128.779,128.979,66,92,<1></c><2>左(ひだり)胸(むね)で</c><3>踊(おど)り狂(くる)う臓(ぞう)器(き)</c><1></c>,左(ひだり)胸(むね)で踊(おど)り狂(くる)う臓(ぞう)器(き)
128.979,129.146,66,92,<1></c><2>左(ひだり)胸(むね)で踊(おど)</c><3>り狂(くる)う臓(ぞう)器(き)</c><1></c>,左(ひだり)胸(むね)で踊(おど)り狂(くる)う臓(ぞう)器(き)
129.146,129.346,66,92,<1></c><2>左(ひだり)胸(むね)で踊(おど)</c><3>り狂(くる)う臓(ぞう)器(き)</c><1></c>,左(ひだり)胸(むね)で踊(おど)り狂(くる)う臓(ぞう)器(き)
129.346,129.513,66,92,<1></c><2>左(ひだり)胸(むね)で踊(おど)り</c><3>狂(くる)う臓(ぞう)器(き)</c><1></c>,左(ひだり)胸(むね)で踊(おど)り狂(くる)う臓(ぞう)器(き)
129.513,129.713,66,92,<1></c><2>左(ひだり)胸(むね)で踊(おど)り狂(くる)</c><3>う臓(ぞう)器(き)</c><1></c>,左(ひだり)胸(むね)で踊(おど)り狂(くる)う臓(ぞう)器(き)
129.713,130.114,66,92,<1></c><2>左(ひだり)胸(むね)で踊(おど)り狂(くる)</c><3>う臓(ぞう)器(き)</c><1></c>,左(ひだり)胸(むね)で踊(おど)り狂(くる)う臓(ぞう)器(き)
130.114,130.481,66,92,<1></c><2>左(ひだり)胸(むね)で踊(おど)り狂(くる)う</c><3>臓(ぞう)器(き)</c><1></c>,左(ひだり)胸(むね)で踊(おど)り狂(くる)う臓(ぞう)器(き)
130.481,130.647,66,92,<1></c><2>左(ひだり)胸(むね)で踊(おど)り狂(くる)う臓(ぞう)</c><3>器(き)</c><1></c>,左(ひだり)胸(むね)で踊(おど)り狂(くる)う臓(ぞう)器(き)
130.647,130.814,66,92,<1></c><2>左(ひだり)胸(むね)で踊(おど)り狂(くる)う臓(ぞう)</c><3>器(き)</c><1></c>,左(ひだり)胸(むね)で踊(おど)り狂(くる)う臓(ぞう)器(き)
130.814,131.215,66,92,<1></c><2>左(ひだり)胸(むね)で踊(おど)り狂(くる)う臓(ぞう)器(き)</c><1></c>,左(ひだり)胸(むね)で踊(おど)り狂(くる)う臓(ぞう)器(き)
131.215,131.582,-1,92,<1></c><2>今(いま)</c><3>際(わ)にしがみついて昂(たかぶ)る</c><1></c>,今(いま)際(わ)にしがみついて昂(たかぶ)る
131.582,131.782,-1,92,<1></c><2>今(いま)</c><3>際(わ)にしがみついて昂(たかぶ)る</c><1></c>,今(いま)際(わ)にしがみついて昂(たかぶ)る
131.782,131.982,-1,92,<1></c><2>今(いま)際(わ)</c><3>にしがみついて昂(たかぶ)る</c><1></c>,今(いま)際(わ)にしがみついて昂(たかぶ)る
131.982,132.149,-1,92,<1></c><2>今(いま)際(わ)に</c><3>しがみついて昂(たかぶ)る</c><1></c>,今(いま)際(わ)にしがみついて昂(たかぶ)る
132.149,132.349,-1,92,<1></c><2>今(いま)際(わ)にし</c><3>がみついて昂(たかぶ)る</c><1></c>,今(いま)際(わ)にしがみついて昂(たかぶ)る
132.349,132.549,-1,92,<1></c><2>今(いま)際(わ)にしが</c><3>みついて昂(たかぶ)る</c><1></c>,今(いま)際(わ)にしがみついて昂(たかぶ)る
132.549,132.716,-1,92,<1></c><2>今(いま)際(わ)にしがみ</c><3>ついて昂(たかぶ)る</c><1></c>,今(いま)際(わ)にしがみついて昂(たかぶ)る
132.716,132.916,-1,92,<1></c><2>今(いま)際(わ)にしがみつ</c><3>いて昂(たかぶ)る</c><1></c>,今(いま)際(わ)にしがみついて昂(たかぶ)る
132.916,133.117,-1,92,<1></c><2>今(いま)際(わ)にしがみつい</c><3>て昂(たかぶ)る</c><1></c>,今(いま)際(わ)にしがみついて昂(たかぶ)る
133.117,133.25,-1,92,<1></c><2>今(いま)際(わ)にしがみついて</c><3>昂(たかぶ)る</c><1></c>,今(いま)際(わ)にしがみついて昂(たかぶ)る
133.25,133.484,-1,92,<1></c><2>今(いま)際(わ)にしがみついて昂(たかぶ)</c><3>る</c><1></c>,今(いま)際(わ)にしがみついて昂(たかぶ)る
133.484,133.851,-1,92,<1></c><2>今(いま)際(わ)にしがみついて昂(たかぶ)</c><3>る</c><1></c>,今(いま)際(わ)にしがみついて昂(たかぶ)る
133.851,134.251,-1,92,<1></c><2>今(いま)際(わ)にしがみついて昂(たかぶ)</c><3>る</c><1></c>,今(いま)際(わ)にしがみついて昂(たかぶ)る
134.251,135.686,-1,92,<1></c><2>今(いま)際(わ)にしがみついて昂(たかぶ)る</c><1></c>,今(いま)際(わ)にしがみついて昂(たかぶ)る
134.751,135.519,-1,85,<1></c><2>(wow</c><3>wow)</c><1></c>,(wowwow)
135.519,136.053,-1,85,<1></c><2>(wowwow)</c><1></c>,(wowwow)
135.686,136.053,58,92,<1></c><2>赤(あか)</c><3>い目(め)して血(ち)沸(わ)き踊(おど)れ</c><1></c>,赤(あか)い目(め)して血(ち)沸(わ)き踊(おど)れ
136.053,136.253,58,92,<1></c><2>赤(あか)</c><3>い目(め)して血(ち)沸(わ)き踊(おど)れ</c><1></c>,赤(あか)い目(め)して血(ち)沸(わ)き踊(おど)れ
136.253,136.453,58,92,<1></c><2>赤(あか)い</c><3>目(め)して血(ち)沸(わ)き踊(おど)れ</c><1></c>,赤(あか)い目(め)して血(ち)沸(わ)き踊(おど)れ
136.453,136.787,58,92,<1></c><2>赤(あか)い目(め)</c><3>して血(ち)沸(わ)き踊(おど)れ</c><1></c>,赤(あか)い目(め)して血(ち)沸(わ)き踊(おど)れ
136.787,137.221,58,92,<1></c><2>赤(あか)い目(め)し</c><3>て血(ち)沸(わ)き踊(おど)れ</c><1></c>,赤(あか)い目(め)して血(ち)沸(わ)き踊(おど)れ
137.221,137.955,58,92,<1></c><2>赤(あか)い目(め)して</c><3>血(ち)沸(わ)き踊(おど)れ</c><1></c>,赤(あか)い目(め)して血(ち)沸(わ)き踊(おど)れ
137.588,137.788,-1,85,<1></c><2>(wake</c><3>meup)</c><1></c>,(wakemeup)
137.788,137.988,-1,85,<1></c><2>(wakeme</c><3>up)</c><1></c>,(wakemeup)
137.955,138.322,58,92,<1></c><2>赤(あか)い目(め)して血(ち)</c><3>沸(わ)き踊(おど)れ</c><1></c>,赤(あか)い目(め)して血(ち)沸(わ)き踊(おど)れ
137.988,138.155,-1,85,<1></c><2>(wakemeup)</c><1></c>,(wakemeup)
138.322,138.522,58,92,<1></c><2>赤(あか)い目(め)して血(ち)沸(わ)</c><3>き踊(おど)れ</c><1></c>,赤(あか)い目(め)して血(ち)沸(わ)き踊(おど)れ
138.522,138.722,58,92,<1></c><2>赤(あか)い目(め)して血(ち)沸(わ)き</c><3>踊(おど)れ</c><1></c>,赤(あか)い目(め)して血(ち)沸(わ)き踊(おど)れ
138.722,139.089,58,92,<1></c><2>赤(あか)い目(め)して血(ち)沸(わ)き踊(おど)</c><3>れ</c><1></c>,赤(あか)い目(め)して血(ち)沸(わ)き踊(おど)れ
139.089,139.256,58,92,<1></c><2>赤(あか)い目(め)して血(ち)沸(わ)き踊(おど)</c><3>れ</c><1></c>,赤(あか)い目(め)して血(ち)沸(わ)き踊(おど)れ
139.256,139.823,58,92,<1></c><2>赤(あか)い目(め)して血(ち)沸(わ)き踊(おど)れ</c><1></c>,赤(あか)い目(め)して血(ち)沸(わ)き踊(おど)れ
139.823,140.023,-1,92,<1></c><2>残(ざん)</c><3>酷(こく)は天(てん)使(し)のツラして</c><1></c>,残(ざん)酷(こく)は天(てん)使(し)のツラして
140.023,140.19,-1,92,<1></c><2>残(ざん)</c><3>酷(こく)は天(てん)使(し)のツラして</c><1></c>,残(ざん)酷(こく)は天(てん)使(し)のツラして
140.19,140.557,-1,92,<1></c><2>残(ざん)酷(こく)</c><3>は天(てん)使(し)のツラして</c><1></c>,残(ざん)酷(こく)は天(てん)使(し)のツラして
140.557,140.757,-1,92,<1></c><2>残(ざん)酷(こく)</c><3>は天(てん)使(し)のツラして</c><1></c>,残(ざん)酷(こく)は天(てん)使(し)のツラして
140.757,140.958,-1,92,<1></c><2>残(ざん)酷(こく)は</c><3>天(てん)使(し)のツラして</c><1></c>,残(ざん)酷(こく)は天(てん)使(し)のツラして
140.958,141.125,-1,92,<1></c><2>残(ざん)酷(こく)は天(てん)</c><3>使(し)のツラして</c><1></c>,残(ざん)酷(こく)は天(てん)使(し)のツラして
141.125,141.291,-1,92,<1></c><2>残(ざん)酷(こく)は天(てん)</c><3>使(し)のツラして</c><1></c>,残(ざん)酷(こく)は天(てん)使(し)のツラして
141.291,141.492,-1,92,<1></c><2>残(ざん)酷(こく)は天(てん)使(し)</c><3>のツラして</c><1></c>,残(ざん)酷(こく)は天(てん)使(し)のツラして
141.492,141.692,-1,92,<1></c><2>残(ざん)酷(こく)は天(てん)使(し)の</c><3>ツラして</c><1></c>,残(ざん)酷(こく)は天(てん)使(し)のツラして
141.692,142.059,-1,92,<1></c><2>残(ざん)酷(こく)は天(てん)使(し)のツ</c><3>ラして</c><1></c>,残(ざん)酷(こく)は天(てん)使(し)のツラして
142.059,142.426,-1,92,<1></c><2>残(ざん)酷(こく)は天(てん)使(し)のツラ</c><3>して</c><1></c>,残(ざん)酷(こく)は天(てん)使(し)のツラして
142.426,142.826,-1,92,<1></c><2>残(ざん)酷(こく)は天(てん)使(し)のツラし</c><3>て</c><1></c>,残(ざん)酷(こく)は天(てん)使(し)のツラして
142.826,143.227,-1,92,<1></c><2>残(ざん)酷(こく)は天(てん)使(し)のツラして</c><1></c>,残(ざん)酷(こく)は天(てん)使(し)のツラして
143.227,143.594,-1,92,<1></c><2>憂(うれ)</c><3>いながら弄(もてあそ)んだ</c><1></c>,憂(うれ)いながら弄(もてあそ)んだ
143.594,143.794,-1,92,<1></c><2>憂(うれ)</c><3>いながら弄(もてあそ)んだ</c><1></c>,憂(うれ)いながら弄(もてあそ)んだ
143.794,143.994,-1,92,<1></c><2>憂(うれ)い</c><3>ながら弄(もてあそ)んだ</c><1></c>,憂(うれ)いながら弄(もてあそ)んだ
143.994,144.161,-1,92,<1></c><2>憂(うれ)いな</c><3>がら弄(もてあそ)んだ</c><1></c>,憂(うれ)いながら弄(もてあそ)んだ
144.161,144.361,-1,92,<1></c><2>憂(うれ)いなが</c><3>ら弄(もてあそ)んだ</c><1></c>,憂(うれ)いながら弄(もてあそ)んだ
144.361,144.528,-1,92,<1></c><2>憂(うれ)いながら</c><3>弄(もてあそ)んだ</c><1></c>,憂(うれ)いながら弄(もてあそ)んだ
144.528,144.728,-1,92,<1></c><2>憂(うれ)いながら弄(もてあそ)</c><3>んだ</c><1></c>,憂(うれ)いながら弄(もてあそ)んだ
144.728,145.095,-1,92,<1></c><2>憂(うれ)いながら弄(もてあそ)</c><3>んだ</c><1></c>,憂(うれ)いながら弄(もてあそ)んだ
145.095,145.462,-1,92,<1></c><2>憂(うれ)いながら弄(もてあそ)</c><3>んだ</c><1></c>,憂(うれ)いながら弄(もてあそ)んだ
145.462,145.863,-1,92,<1></c><2>憂(うれ)いながら弄(もてあそ)</c><3>んだ</c><1></c>,憂(うれ)いながら弄(もてあそ)んだ
145.863,146.23,-1,92,<1></c><2>憂(うれ)いながら弄(もてあそ)ん</c><3>だ</c><1></c>,憂(うれ)いながら弄(もてあそ)んだ
146.23,148.265,-1,92,<1></c><2>憂(うれ)いながら弄(もてあそ)んだ</c><1></c>,憂(うれ)いながら弄(もてあそ)んだ
146.763,147.431,-1,85,<1></c><2>(wow</c><3>wowoh)</c><1></c>,(wowwowoh)
147.431,148.098,-1,85,<1></c><2>(wowwow</c><3>oh)</c><1></c>,(wowwowoh)
148.098,149.366,-1,85,<1></c><2>(wowwowoh)</c><1></c>,(wowwowoh)
149.366,149.566,-1,92,<1></c><2>僕(ぼく)</c><3>がいつか飽(あ)きるまで</c><1></c>,僕(ぼく)がいつか飽(あ)きるまで
149.566,149.666,-1,92,<1></c><2>僕(ぼく)</c><3>がいつか飽(あ)きるまで</c><1></c>,僕(ぼく)がいつか飽(あ)きるまで
149.666,149.766,-1,92,<1></c><2>僕(ぼく)が</c><3>いつか飽(あ)きるまで</c><1></c>,僕(ぼく)がいつか飽(あ)きるまで
149.766,149.933,-1,92,<1></c><2>僕(ぼく)がい</c><3>つか飽(あ)きるまで</c><1></c>,僕(ぼく)がいつか飽(あ)きるまで
149.933,150.033,-1,92,<1></c><2>僕(ぼく)がいつ</c><3>か飽(あ)きるまで</c><1></c>,僕(ぼく)がいつか飽(あ)きるまで
150.033,150.167,-1,92,<1></c><2>僕(ぼく)がいつか</c><3>飽(あ)きるまで</c><1></c>,僕(ぼく)がいつか飽(あ)きるまで
150.167,150.3,-1,92,<1></c><2>僕(ぼく)がいつか飽(あ)</c><3>きるまで</c><1></c>,僕(ぼく)がいつか飽(あ)きるまで
150.3,150.4,-1,92,<1></c><2>僕(ぼく)がいつか飽(あ)き</c><3>るまで</c><1></c>,僕(ぼく)がいつか飽(あ)きるまで
150.4,150.501,-1,92,<1></c><2>僕(ぼく)がいつか飽(あ)きる</c><3>まで</c><1></c>,僕(ぼく)がいつか飽(あ)きるまで
150.501,150.868,-1,92,<1></c><2>僕(ぼく)がいつか飽(あ)きるま</c><3>で</c><1></c>,僕(ぼく)がいつか飽(あ)きるまで
150.868,151.535,-1,92,<1></c><2>僕(ぼく)がいつか飽(あ)きるまで</c><1></c>,僕(ぼく)がいつか飽(あ)きるまで
151.535,151.668,-1,92,<1></c><2>た</c><3>だ遊(あそ)べ</c><1></c>,ただ遊(あそ)べ
151.668,151.902,-1,92,<1></c><2>ただ</c><3>遊(あそ)べ</c><1></c>,ただ遊(あそ)べ
151.902,152.069,-1,92,<1></c><2>ただ遊(あそ)</c><3>べ</c><1></c>,ただ遊(あそ)べ
152.069,152.402,-1,92,<1></c><2>ただ遊(あそ)</c><3>べ</c><1></c>,ただ遊(あそ)べ
152.402,155.405,-1,92,<1></c><2>ただ遊(あそ)べ</c><1></c>,ただ遊(あそ)べ
155.405,155.672,61,92,<1></c><2>hey</c><3>losersthisismyparadise</c><1></c>,heylosersthisismyparadise
155.672,155.973,61,92,<1></c><2>heylos</c><3>ersthisismyparadise</c><1></c>,heylosersthisismyparadise
155.973,156.54,61,92,<1></c><2>heylosers</c><3>thisismyparadise</c><1></c>,heylosersthisismyparadise
156.54,156.707,61,92,<1></c><2>heylosersthis</c><3>ismyparadise</c><1></c>,heylosersthisismyparadise
156.707,156.874,61,92,<1></c><2>heylosersthisis</c><3>myparadise</c><1></c>,heylosersthisismyparadise
156.874,157.141,61,92,<1></c><2>heylosersthisismy</c><3>paradise</c><1></c>,heylosersthisismyparadise
157.141,157.274,61,92,<1></c><2>heylosersthisismypar</c><3>adise</c><1></c>,heylosersthisismyparadise
157.274,157.441,61,92,<1></c><2>heylosersthisismypara</c><3>dise</c><1></c>,heylosersthisismyparadise
157.441,157.841,61,92,<1></c><2>heylosersthisismyparadise</c><1></c>,heylosersthisismyparadise
161.378,161.545,-1,92,<1></c><2>弱(じゃく)</c><3>者(しゃ)敗(はい)者(しゃ)ふみつけて</c><1></c>,弱(じゃく)者(しゃ)敗(はい)者(しゃ)ふみつけて
161.545,161.645,-1,92,<1></c><2>弱(じゃく)</c><3>者(しゃ)敗(はい)者(しゃ)ふみつけて</c><1></c>,弱(じゃく)者(しゃ)敗(はい)者(しゃ)ふみつけて
161.645,161.778,-1,92,<1></c><2>弱(じゃく)者(しゃ)</c><3>敗(はい)者(しゃ)ふみつけて</c><1></c>,弱(じゃく)者(しゃ)敗(はい)者(しゃ)ふみつけて
161.778,161.912,-1,92,<1></c><2>弱(じゃく)者(しゃ)敗(はい)</c><3>者(しゃ)ふみつけて</c><1></c>,弱(じゃく)者(しゃ)敗(はい)者(しゃ)ふみつけて
161.912,162.012,-1,92,<1></c><2>弱(じゃく)者(しゃ)敗(はい)</c><3>者(しゃ)ふみつけて</c><1></c>,弱(じゃく)者(しゃ)敗(はい)者(しゃ)ふみつけて
162.012,162.146,-1,92,<1></c><2>弱(じゃく)者(しゃ)敗(はい)者(しゃ)</c><3>ふみつけて</c><1></c>,弱(じゃく)者(しゃ)敗(はい)者(しゃ)ふみつけて
162.146,162.279,-1,92,<1></c><2>弱(じゃく)者(しゃ)敗(はい)者(しゃ)ふ</c><3>みつけて</c><1></c>,弱(じゃく)者(しゃ)敗(はい)者(しゃ)ふみつけて
162.279,162.412,-1,92,<1></c><2>弱(じゃく)者(しゃ)敗(はい)者(しゃ)ふみ</c><3>つけて</c><1></c>,弱(じゃく)者(しゃ)敗(はい)者(しゃ)ふみつけて
162.412,162.513,-1,92,<1></c><2>弱(じゃく)者(しゃ)敗(はい)者(しゃ)ふみつ</c><3>けて</c><1></c>,弱(じゃく)者(しゃ)敗(はい)者(しゃ)ふみつけて
162.513,162.88,-1,92,<1></c><2>弱(じゃく)者(しゃ)敗(はい)者(しゃ)ふみつけ</c><3>て</c><1></c>,弱(じゃく)者(しゃ)敗(はい)者(しゃ)ふみつけて
162.88,163.514,-1,92,<1></c><2>弱(じゃく)者(しゃ)敗(はい)者(しゃ)ふみつけて</c><1></c>,弱(じゃく)者(しゃ)敗(はい)者(しゃ)ふみつけて
163.514,163.881,-1,92,<1></c><2>psy(サイ)</c><3>cho(コ)最(さい)高(こう)</c><1></c>,psy(サイ)cho(コ)最(さい)高(こう)
163.881,164.014,-1,92,<1></c><2>psy(サイ)cho(コ)</c><3>最(さい)高(こう)</c><1></c>,psy(サイ)cho(コ)最(さい)高(こう)
164.014,164.381,-1,92,<1></c><2>psy(サイ)cho(コ)最(さい)</c><3>高(こう)</c><1></c>,psy(サイ)cho(コ)最(さい)高(こう)
164.381,166.617,-1,92,<1></c><2>psy(サイ)cho(コ)最(さい)高(こう)</c><1></c>,psy(サイ)cho(コ)最(さい)高(こう)
