start,end,position,line,text,unformatted
0.317,6.156,-1,0,<2></c><1>glorydays／ロボ子さん</c><2></c>,glorydays／ロボ子さん
0.317,1.785,-1,-1,<2></c><1>歌詞・作曲・編曲：toriena</c><2></c>,歌詞・作曲・編曲：toriena
1.785,3.22,58,-1,<2></c><1>mixingengineer：fukuitakumi</c><2></c>,mixingengineer：fukuitakumi
3.22,4.688,-1,-1,<2></c><1>イラスト：夏炉</c><2></c>,イラスト：夏炉
4.688,6.156,-1,-1,<2></c><1>動画：ritz</c><2></c>,動画：ritz
6.156,7.591,-1,-1,<2></c><1>ロゴ：いもけんぴ</c><2></c>,ロゴ：いもけんぴ
7.591,9.059,-1,-1,<2></c><1>歌：ロボ子さん</c><2></c>,歌：ロボ子さん
11.962,12.129,-1,-1,<2></c><1>ね</c><3>えねえ言(い)いたいことが</c><2></c>,ねえねえ言(い)いたいことが
12.129,12.329,-1,-1,<2></c><1>ねえ</c><3>ねえ言(い)いたいことが</c><2></c>,ねえねえ言(い)いたいことが
12.329,12.529,-1,-1,<2></c><1>ねえね</c><3>え言(い)いたいことが</c><2></c>,ねえねえ言(い)いたいことが
12.529,12.696,-1,-1,<2></c><1>ねえねえ</c><3>言(い)いたいことが</c><2></c>,ねえねえ言(い)いたいことが
12.696,12.863,-1,-1,<2></c><1>ねえねえ言(い)</c><3>いたいことが</c><2></c>,ねえねえ言(い)いたいことが
12.863,13.03,-1,-1,<2></c><1>ねえねえ言(い)い</c><3>たいことが</c><2></c>,ねえねえ言(い)いたいことが
13.03,13.23,-1,-1,<2></c><1>ねえねえ言(い)いた</c><3>いことが</c><2></c>,ねえねえ言(い)いたいことが
13.23,13.397,-1,-1,<2></c><1>ねえねえ言(い)いたい</c><3>ことが</c><2></c>,ねえねえ言(い)いたいことが
13.397,13.597,-1,-1,<2></c><1>ねえねえ言(い)いたいこ</c><3>とが</c><2></c>,ねえねえ言(い)いたいことが
13.597,13.764,-1,-1,<2></c><1>ねえねえ言(い)いたいこと</c><3>が</c><2></c>,ねえねえ言(い)いたいことが
13.764,14.331,-1,-1,<2></c><1>ねえねえ言(い)いたいことが</c><2></c>,ねえねえ言(い)いたいことが
14.331,14.498,-1,-1,<2></c><1>た</c><3>くさんあるけどオーバーヒート</c><2></c>,たくさんあるけどオーバーヒート
14.498,14.698,-1,-1,<2></c><1>たく</c><3>さんあるけどオーバーヒート</c><2></c>,たくさんあるけどオーバーヒート
14.698,14.898,-1,-1,<2></c><1>たくさ</c><3>んあるけどオーバーヒート</c><2></c>,たくさんあるけどオーバーヒート
14.898,15.265,-1,-1,<2></c><1>たくさん</c><3>あるけどオーバーヒート</c><2></c>,たくさんあるけどオーバーヒート
15.265,15.432,-1,-1,<2></c><1>たくさんあ</c><3>るけどオーバーヒート</c><2></c>,たくさんあるけどオーバーヒート
15.432,15.599,-1,-1,<2></c><1>たくさんある</c><3>けどオーバーヒート</c><2></c>,たくさんあるけどオーバーヒート
15.599,15.766,-1,-1,<2></c><1>たくさんあるけ</c><3>どオーバーヒート</c><2></c>,たくさんあるけどオーバーヒート
15.766,15.966,-1,-1,<2></c><1>たくさんあるけど</c><3>オーバーヒート</c><2></c>,たくさんあるけどオーバーヒート
15.966,16.166,-1,-1,<2></c><1>たくさんあるけどオ</c><3>ーバーヒート</c><2></c>,たくさんあるけどオーバーヒート
16.166,16.333,-1,-1,<2></c><1>たくさんあるけどオー</c><3>バーヒート</c><2></c>,たくさんあるけどオーバーヒート
16.333,16.5,-1,-1,<2></c><1>たくさんあるけどオーバ</c><3>ーヒート</c><2></c>,たくさんあるけどオーバーヒート
16.5,16.7,-1,-1,<2></c><1>たくさんあるけどオーバー</c><3>ヒート</c><2></c>,たくさんあるけどオーバーヒート
16.7,16.867,-1,-1,<2></c><1>たくさんあるけどオーバーヒ</c><3>ート</c><2></c>,たくさんあるけどオーバーヒート
16.867,17.067,-1,-1,<2></c><1>たくさんあるけどオーバーヒー</c><3>ト</c><2></c>,たくさんあるけどオーバーヒート
17.067,17.768,-1,-1,<2></c><1>たくさんあるけどオーバーヒート</c><2></c>,たくさんあるけどオーバーヒート
17.768,17.935,-1,-1,<2></c><1>ぐ</c><3>るぐる回(まわ)る頭(あたま)の中(なか)</c><2></c>,ぐるぐる回(まわ)る頭(あたま)の中(なか)
17.935,18.135,-1,-1,<2></c><1>ぐる</c><3>ぐる回(まわ)る頭(あたま)の中(なか)</c><2></c>,ぐるぐる回(まわ)る頭(あたま)の中(なか)
18.135,18.302,-1,-1,<2></c><1>ぐるぐ</c><3>る回(まわ)る頭(あたま)の中(なか)</c><2></c>,ぐるぐる回(まわ)る頭(あたま)の中(なか)
18.302,18.502,-1,-1,<2></c><1>ぐるぐる</c><3>回(まわ)る頭(あたま)の中(なか)</c><2></c>,ぐるぐる回(まわ)る頭(あたま)の中(なか)
18.502,18.702,-1,-1,<2></c><1>ぐるぐる回(まわ)</c><3>る頭(あたま)の中(なか)</c><2></c>,ぐるぐる回(まわ)る頭(あたま)の中(なか)
18.702,18.869,-1,-1,<2></c><1>ぐるぐる回(まわ)</c><3>る頭(あたま)の中(なか)</c><2></c>,ぐるぐる回(まわ)る頭(あたま)の中(なか)
18.869,19.036,-1,-1,<2></c><1>ぐるぐる回(まわ)る</c><3>頭(あたま)の中(なか)</c><2></c>,ぐるぐる回(まわ)る頭(あたま)の中(なか)
19.036,19.436,-1,-1,<2></c><1>ぐるぐる回(まわ)る頭(あたま)</c><3>の中(なか)</c><2></c>,ぐるぐる回(まわ)る頭(あたま)の中(なか)
19.436,19.603,-1,-1,<2></c><1>ぐるぐる回(まわ)る頭(あたま)</c><3>の中(なか)</c><2></c>,ぐるぐる回(まわ)る頭(あたま)の中(なか)
19.603,19.77,-1,-1,<2></c><1>ぐるぐる回(まわ)る頭(あたま)</c><3>の中(なか)</c><2></c>,ぐるぐる回(まわ)る頭(あたま)の中(なか)
19.77,19.937,-1,-1,<2></c><1>ぐるぐる回(まわ)る頭(あたま)の</c><3>中(なか)</c><2></c>,ぐるぐる回(まわ)る頭(あたま)の中(なか)
19.937,20.471,-1,-1,<2></c><1>ぐるぐる回(まわ)る頭(あたま)の中(なか)</c><2></c>,ぐるぐる回(まわ)る頭(あたま)の中(なか)
20.471,20.671,-1,-1,<2></c><1>転(ころ)</c><3>んでも笑(わら)ってそばにいてね</c><2></c>,転(ころ)んでも笑(わら)ってそばにいてね
20.671,20.838,-1,-1,<2></c><1>転(ころ)</c><3>んでも笑(わら)ってそばにいてね</c><2></c>,転(ころ)んでも笑(わら)ってそばにいてね
20.838,21.038,-1,-1,<2></c><1>転(ころ)ん</c><3>でも笑(わら)ってそばにいてね</c><2></c>,転(ころ)んでも笑(わら)ってそばにいてね
21.038,21.205,-1,-1,<2></c><1>転(ころ)んで</c><3>も笑(わら)ってそばにいてね</c><2></c>,転(ころ)んでも笑(わら)ってそばにいてね
21.205,21.405,-1,-1,<2></c><1>転(ころ)んでも</c><3>笑(わら)ってそばにいてね</c><2></c>,転(ころ)んでも笑(わら)ってそばにいてね
21.405,21.605,-1,-1,<2></c><1>転(ころ)んでも笑(わら)</c><3>ってそばにいてね</c><2></c>,転(ころ)んでも笑(わら)ってそばにいてね
21.605,21.772,-1,-1,<2></c><1>転(ころ)んでも笑(わら)</c><3>ってそばにいてね</c><2></c>,転(ころ)んでも笑(わら)ってそばにいてね
21.772,21.972,-1,-1,<2></c><1>転(ころ)んでも笑(わら)っ</c><3>てそばにいてね</c><2></c>,転(ころ)んでも笑(わら)ってそばにいてね
21.972,22.272,-1,-1,<2></c><1>転(ころ)んでも笑(わら)って</c><3>そばにいてね</c><2></c>,転(ころ)んでも笑(わら)ってそばにいてね
22.272,22.473,-1,-1,<2></c><1>転(ころ)んでも笑(わら)ってそ</c><3>ばにいてね</c><2></c>,転(ころ)んでも笑(わら)ってそばにいてね
22.473,22.673,-1,-1,<2></c><1>転(ころ)んでも笑(わら)ってそば</c><3>にいてね</c><2></c>,転(ころ)んでも笑(わら)ってそばにいてね
22.673,22.873,-1,-1,<2></c><1>転(ころ)んでも笑(わら)ってそばに</c><3>いてね</c><2></c>,転(ころ)んでも笑(わら)ってそばにいてね
22.873,23.04,-1,-1,<2></c><1>転(ころ)んでも笑(わら)ってそばにい</c><3>てね</c><2></c>,転(ころ)んでも笑(わら)ってそばにいてね
23.04,23.173,-1,-1,<2></c><1>転(ころ)んでも笑(わら)ってそばにいて</c><3>ね</c><2></c>,転(ころ)んでも笑(わら)ってそばにいてね
23.173,23.607,-1,-1,<2></c><1>転(ころ)んでも笑(わら)ってそばにいてね</c><2></c>,転(ころ)んでも笑(わら)ってそばにいてね
23.607,23.807,-1,-1,<2></c><1>ぜ</c><3>んぜん足(た)りないスペック</c><2></c>,ぜんぜん足(た)りないスペック
23.807,23.974,-1,-1,<2></c><1>ぜん</c><3>ぜん足(た)りないスペック</c><2></c>,ぜんぜん足(た)りないスペック
23.974,24.141,-1,-1,<2></c><1>ぜんぜ</c><3>ん足(た)りないスペック</c><2></c>,ぜんぜん足(た)りないスペック
24.141,24.341,-1,-1,<2></c><1>ぜんぜん</c><3>足(た)りないスペック</c><2></c>,ぜんぜん足(た)りないスペック
24.341,24.508,-1,-1,<2></c><1>ぜんぜん足(た)</c><3>りないスペック</c><2></c>,ぜんぜん足(た)りないスペック
24.508,24.675,-1,-1,<2></c><1>ぜんぜん足(た)り</c><3>ないスペック</c><2></c>,ぜんぜん足(た)りないスペック
24.675,24.842,-1,-1,<2></c><1>ぜんぜん足(た)りな</c><3>いスペック</c><2></c>,ぜんぜん足(た)りないスペック
24.842,24.942,-1,-1,<2></c><1>ぜんぜん足(た)りない</c><3>スペック</c><2></c>,ぜんぜん足(た)りないスペック
24.942,25.042,-1,-1,<2></c><1>ぜんぜん足(た)りないス</c><3>ペック</c><2></c>,ぜんぜん足(た)りないスペック
25.042,25.209,-1,-1,<2></c><1>ぜんぜん足(た)りないスペ</c><3>ック</c><2></c>,ぜんぜん足(た)りないスペック
25.209,25.342,-1,-1,<2></c><1>ぜんぜん足(た)りないスペッ</c><3>ク</c><2></c>,ぜんぜん足(た)りないスペック
25.342,25.576,-1,-1,<2></c><1>ぜんぜん足(た)りないスペック</c><2></c>,ぜんぜん足(た)りないスペック
25.576,25.743,69,-1,<2></c><1>で</c><3>も気(き)合(あい)万(ばん)全(ぜん)やる気(き)も満(まん)タン</c><2></c>,でも気(き)合(あい)万(ばん)全(ぜん)やる気(き)も満(まん)タン
25.743,25.943,69,-1,<2></c><1>でも</c><3>気(き)合(あい)万(ばん)全(ぜん)やる気(き)も満(まん)タン</c><2></c>,でも気(き)合(あい)万(ばん)全(ぜん)やる気(き)も満(まん)タン
25.943,26.11,69,-1,<2></c><1>でも気(き)</c><3>合(あい)万(ばん)全(ぜん)やる気(き)も満(まん)タン</c><2></c>,でも気(き)合(あい)万(ばん)全(ぜん)やる気(き)も満(まん)タン
26.11,26.31,69,-1,<2></c><1>でも気(き)合(あい)</c><3>万(ばん)全(ぜん)やる気(き)も満(まん)タン</c><2></c>,でも気(き)合(あい)万(ばん)全(ぜん)やる気(き)も満(まん)タン
26.31,26.477,69,-1,<2></c><1>でも気(き)合(あい)</c><3>万(ばん)全(ぜん)やる気(き)も満(まん)タン</c><2></c>,でも気(き)合(あい)万(ばん)全(ぜん)やる気(き)も満(まん)タン
26.477,26.643,69,-1,<2></c><1>でも気(き)合(あい)万(ばん)</c><3>全(ぜん)やる気(き)も満(まん)タン</c><2></c>,でも気(き)合(あい)万(ばん)全(ぜん)やる気(き)も満(まん)タン
26.643,26.844,69,-1,<2></c><1>でも気(き)合(あい)万(ばん)</c><3>全(ぜん)やる気(き)も満(まん)タン</c><2></c>,でも気(き)合(あい)万(ばん)全(ぜん)やる気(き)も満(まん)タン
26.844,27.011,69,-1,<2></c><1>でも気(き)合(あい)万(ばん)全(ぜん)</c><3>やる気(き)も満(まん)タン</c><2></c>,でも気(き)合(あい)万(ばん)全(ぜん)やる気(き)も満(まん)タン
27.011,27.177,69,-1,<2></c><1>でも気(き)合(あい)万(ばん)全(ぜん)</c><3>やる気(き)も満(まん)タン</c><2></c>,でも気(き)合(あい)万(ばん)全(ぜん)やる気(き)も満(まん)タン
27.177,27.411,69,-1,<2></c><1>でも気(き)合(あい)万(ばん)全(ぜん)や</c><3>る気(き)も満(まん)タン</c><2></c>,でも気(き)合(あい)万(ばん)全(ぜん)やる気(き)も満(まん)タン
27.411,27.578,69,-1,<2></c><1>でも気(き)合(あい)万(ばん)全(ぜん)やる</c><3>気(き)も満(まん)タン</c><2></c>,でも気(き)合(あい)万(ばん)全(ぜん)やる気(き)も満(まん)タン
27.578,27.745,69,-1,<2></c><1>でも気(き)合(あい)万(ばん)全(ぜん)やる気(き)</c><3>も満(まん)タン</c><2></c>,でも気(き)合(あい)万(ばん)全(ぜん)やる気(き)も満(まん)タン
27.745,27.945,69,-1,<2></c><1>でも気(き)合(あい)万(ばん)全(ぜん)やる気(き)も</c><3>満(まん)タン</c><2></c>,でも気(き)合(あい)万(ばん)全(ぜん)やる気(き)も満(まん)タン
27.945,28.112,69,-1,<2></c><1>でも気(き)合(あい)万(ばん)全(ぜん)やる気(き)も満(まん)</c><3>タン</c><2></c>,でも気(き)合(あい)万(ばん)全(ぜん)やる気(き)も満(まん)タン
28.112,28.312,69,-1,<2></c><1>でも気(き)合(あい)万(ばん)全(ぜん)やる気(き)も満(まん)</c><3>タン</c><2></c>,でも気(き)合(あい)万(ばん)全(ぜん)やる気(き)も満(まん)タン
28.312,28.379,69,-1,<2></c><1>でも気(き)合(あい)万(ばん)全(ぜん)やる気(き)も満(まん)タ</c><3>ン</c><2></c>,でも気(き)合(あい)万(ばん)全(ぜん)やる気(き)も満(まん)タン
28.379,28.479,69,-1,<2></c><1>でも気(き)合(あい)万(ばん)全(ぜん)やる気(き)も満(まん)タン</c><2></c>,でも気(き)合(あい)万(ばん)全(ぜん)やる気(き)も満(まん)タン
28.479,28.679,-1,-1,<2></c><1>伝(つた)</c><3>わるといいな君(きみ)にforyou</c><2></c>,伝(つた)わるといいな君(きみ)にforyou
28.679,28.846,-1,-1,<2></c><1>伝(つた)</c><3>わるといいな君(きみ)にforyou</c><2></c>,伝(つた)わるといいな君(きみ)にforyou
28.846,29.046,-1,-1,<2></c><1>伝(つた)わ</c><3>るといいな君(きみ)にforyou</c><2></c>,伝(つた)わるといいな君(きみ)にforyou
29.046,29.213,-1,-1,<2></c><1>伝(つた)わる</c><3>といいな君(きみ)にforyou</c><2></c>,伝(つた)わるといいな君(きみ)にforyou
29.213,29.413,-1,-1,<2></c><1>伝(つた)わると</c><3>いいな君(きみ)にforyou</c><2></c>,伝(つた)わるといいな君(きみ)にforyou
29.413,29.613,-1,-1,<2></c><1>伝(つた)わるとい</c><3>いな君(きみ)にforyou</c><2></c>,伝(つた)わるといいな君(きみ)にforyou
29.613,29.78,-1,-1,<2></c><1>伝(つた)わるといい</c><3>な君(きみ)にforyou</c><2></c>,伝(つた)わるといいな君(きみ)にforyou
29.78,29.98,-1,-1,<2></c><1>伝(つた)わるといいな</c><3>君(きみ)にforyou</c><2></c>,伝(つた)わるといいな君(きみ)にforyou
29.98,30.147,-1,-1,<2></c><1>伝(つた)わるといいな君(きみ)</c><3>にforyou</c><2></c>,伝(つた)わるといいな君(きみ)にforyou
30.147,30.314,-1,-1,<2></c><1>伝(つた)わるといいな君(きみ)</c><3>にforyou</c><2></c>,伝(つた)わるといいな君(きみ)にforyou
30.314,30.481,-1,-1,<2></c><1>伝(つた)わるといいな君(きみ)に</c><3>foryou</c><2></c>,伝(つた)わるといいな君(きみ)にforyou
30.481,30.881,-1,-1,<2></c><1>伝(つた)わるといいな君(きみ)にfor</c><3>you</c><2></c>,伝(つた)わるといいな君(きみ)にforyou
30.881,31.448,-1,-1,<2></c><1>伝(つた)わるといいな君(きみ)にforyou</c><2></c>,伝(つた)わるといいな君(きみ)にforyou
31.448,31.615,-1,-1,<2></c><1>po</c><3>nでもきらきらに輝(かがや)きたい</c><2></c>,ponでもきらきらに輝(かがや)きたい
31.615,31.782,-1,-1,<2></c><1>pon</c><3>でもきらきらに輝(かがや)きたい</c><2></c>,ponでもきらきらに輝(かがや)きたい
31.782,31.949,-1,-1,<2></c><1>ponで</c><3>もきらきらに輝(かがや)きたい</c><2></c>,ponでもきらきらに輝(かがや)きたい
31.949,32.116,-1,-1,<2></c><1>ponでも</c><3>きらきらに輝(かがや)きたい</c><2></c>,ponでもきらきらに輝(かがや)きたい
32.116,32.349,-1,-1,<2></c><1>ponでもき</c><3>らきらに輝(かがや)きたい</c><2></c>,ponでもきらきらに輝(かがや)きたい
32.349,32.483,-1,-1,<2></c><1>ponでもきら</c><3>きらに輝(かがや)きたい</c><2></c>,ponでもきらきらに輝(かがや)きたい
32.483,32.683,-1,-1,<2></c><1>ponでもきらき</c><3>らに輝(かがや)きたい</c><2></c>,ponでもきらきらに輝(かがや)きたい
32.683,32.883,-1,-1,<2></c><1>ponでもきらきら</c><3>に輝(かがや)きたい</c><2></c>,ponでもきらきらに輝(かがや)きたい
32.883,33.05,-1,-1,<2></c><1>ponでもきらきらに</c><3>輝(かがや)きたい</c><2></c>,ponでもきらきらに輝(かがや)きたい
33.05,33.25,-1,-1,<2></c><1>ponでもきらきらに輝(かがや)</c><3>きたい</c><2></c>,ponでもきらきらに輝(かがや)きたい
33.25,33.417,-1,-1,<2></c><1>ponでもきらきらに輝(かがや)</c><3>きたい</c><2></c>,ponでもきらきらに輝(かがや)きたい
33.417,33.584,-1,-1,<2></c><1>ponでもきらきらに輝(かがや)</c><3>きたい</c><2></c>,ponでもきらきらに輝(かがや)きたい
33.584,33.784,-1,-1,<2></c><1>ponでもきらきらに輝(かがや)き</c><3>たい</c><2></c>,ponでもきらきらに輝(かがや)きたい
33.784,33.984,-1,-1,<2></c><1>ponでもきらきらに輝(かがや)きた</c><3>い</c><2></c>,ponでもきらきらに輝(かがや)きたい
33.984,34.118,-1,-1,<2></c><1>ponでもきらきらに輝(かがや)きたい</c><2></c>,ponでもきらきらに輝(かがや)きたい
34.118,34.284,-1,-1,<2></c><1>g</c><3>lorydays</c><2></c>,glorydays
34.284,34.685,-1,-1,<2></c><1>glo</c><3>rydays</c><2></c>,glorydays
34.685,35.052,-1,-1,<2></c><1>glory</c><3>days</c><2></c>,glorydays
35.052,35.786,-1,-1,<2></c><1>glorydays</c><2></c>,glorydays
35.586,35.786,-1,85,<2></c><1>g</c><3>lorydays</c><2></c>,glorydays
35.786,36.153,-1,85,<2></c><1>glo</c><3>rydays</c><2></c>,glorydays
36.153,36.52,-1,85,<2></c><1>glory</c><3>days</c><2></c>,glorydays
36.52,37.087,-1,85,<2></c><1>glorydays</c><2></c>,glorydays
37.087,37.287,-1,85,<2></c><1>g</c><3>lorydays</c><2></c>,glorydays
37.287,37.621,-1,85,<2></c><1>glo</c><3>rydays</c><2></c>,glorydays
37.621,37.988,-1,85,<2></c><1>glory</c><3>days</c><2></c>,glorydays
37.988,38.522,-1,85,<2></c><1>glorydays</c><2></c>,glorydays
38.522,38.689,-1,85,<2></c><1>g</c><3>lorydays</c><2></c>,glorydays
38.689,39.023,-1,85,<2></c><1>glo</c><3>rydays</c><2></c>,glorydays
39.023,39.423,-1,85,<2></c><1>glory</c><3>days</c><2></c>,glorydays
39.423,39.957,-1,85,<2></c><1>glorydays</c><2></c>,glorydays
39.957,40.157,-1,85,<2></c><1>g</c><3>lorydays</c><2></c>,glorydays
40.157,40.524,-1,85,<2></c><1>glo</c><3>rydays</c><2></c>,glorydays
40.524,40.891,-1,85,<2></c><1>glory</c><3>days</c><2></c>,glorydays
40.891,41.625,-1,85,<2></c><1>glorydays</c><2></c>,glorydays
46.83,47.064,-1,-1,<2></c><1>な</c><3>んだかな躓(つまず)いちゃうの</c><2></c>,なんだかな躓(つまず)いちゃうの
47.064,47.231,-1,-1,<2></c><1>なん</c><3>だかな躓(つまず)いちゃうの</c><2></c>,なんだかな躓(つまず)いちゃうの
47.231,47.398,-1,-1,<2></c><1>なんだ</c><3>かな躓(つまず)いちゃうの</c><2></c>,なんだかな躓(つまず)いちゃうの
47.398,47.598,-1,-1,<2></c><1>なんだか</c><3>な躓(つまず)いちゃうの</c><2></c>,なんだかな躓(つまず)いちゃうの
47.598,47.898,-1,-1,<2></c><1>なんだかな</c><3>躓(つまず)いちゃうの</c><2></c>,なんだかな躓(つまず)いちゃうの
47.898,48.132,-1,-1,<2></c><1>なんだかな躓(つまず)</c><3>いちゃうの</c><2></c>,なんだかな躓(つまず)いちゃうの
48.132,48.265,-1,-1,<2></c><1>なんだかな躓(つまず)</c><3>いちゃうの</c><2></c>,なんだかな躓(つまず)いちゃうの
48.265,48.465,-1,-1,<2></c><1>なんだかな躓(つまず)</c><3>いちゃうの</c><2></c>,なんだかな躓(つまず)いちゃうの
48.465,48.665,-1,-1,<2></c><1>なんだかな躓(つまず)い</c><3>ちゃうの</c><2></c>,なんだかな躓(つまず)いちゃうの
48.665,48.866,-1,-1,<2></c><1>なんだかな躓(つまず)いちゃ</c><3>うの</c><2></c>,なんだかな躓(つまず)いちゃうの
48.866,49.033,-1,-1,<2></c><1>なんだかな躓(つまず)いちゃう</c><3>の</c><2></c>,なんだかな躓(つまず)いちゃうの
49.033,49.199,-1,-1,<2></c><1>なんだかな躓(つまず)いちゃうの</c><2></c>,なんだかな躓(つまず)いちゃうの
49.199,49.366,-1,-1,<2></c><1>パ</c><3>ーフェクトにクールにしたいのに</c><2></c>,パーフェクトにクールにしたいのに
49.366,49.6,-1,-1,<2></c><1>パー</c><3>フェクトにクールにしたいのに</c><2></c>,パーフェクトにクールにしたいのに
49.6,49.767,-1,-1,<2></c><1>パーフェ</c><3>クトにクールにしたいのに</c><2></c>,パーフェクトにクールにしたいのに
49.767,49.933,-1,-1,<2></c><1>パーフェク</c><3>トにクールにしたいのに</c><2></c>,パーフェクトにクールにしたいのに
49.933,50.1,-1,-1,<2></c><1>パーフェクト</c><3>にクールにしたいのに</c><2></c>,パーフェクトにクールにしたいのに
50.1,50.334,-1,-1,<2></c><1>パーフェクトに</c><3>クールにしたいのに</c><2></c>,パーフェクトにクールにしたいのに
50.334,50.501,-1,-1,<2></c><1>パーフェクトにク</c><3>ールにしたいのに</c><2></c>,パーフェクトにクールにしたいのに
50.501,50.701,-1,-1,<2></c><1>パーフェクトにクー</c><3>ルにしたいのに</c><2></c>,パーフェクトにクールにしたいのに
50.701,50.868,-1,-1,<2></c><1>パーフェクトにクール</c><3>にしたいのに</c><2></c>,パーフェクトにクールにしたいのに
50.868,51.001,-1,-1,<2></c><1>パーフェクトにクールに</c><3>したいのに</c><2></c>,パーフェクトにクールにしたいのに
51.001,51.201,-1,-1,<2></c><1>パーフェクトにクールにし</c><3>たいのに</c><2></c>,パーフェクトにクールにしたいのに
51.201,51.402,-1,-1,<2></c><1>パーフェクトにクールにした</c><3>いのに</c><2></c>,パーフェクトにクールにしたいのに
51.402,51.568,-1,-1,<2></c><1>パーフェクトにクールにしたい</c><3>のに</c><2></c>,パーフェクトにクールにしたいのに
51.568,51.735,-1,-1,<2></c><1>パーフェクトにクールにしたいの</c><3>に</c><2></c>,パーフェクトにクールにしたいのに
51.735,51.935,-1,-1,<2></c><1>パーフェクトにクールにしたいのに</c><2></c>,パーフェクトにクールにしたいのに
51.935,52.136,59,-1,<2></c><1>こ</c><3>んがらがる配(はい)線(せん)もつれる手(て)足(あし)</c><2></c>,こんがらがる配(はい)線(せん)もつれる手(て)足(あし)
52.136,52.302,59,-1,<2></c><1>こん</c><3>がらがる配(はい)線(せん)もつれる手(て)足(あし)</c><2></c>,こんがらがる配(はい)線(せん)もつれる手(て)足(あし)
52.302,52.503,59,-1,<2></c><1>こんが</c><3>らがる配(はい)線(せん)もつれる手(て)足(あし)</c><2></c>,こんがらがる配(はい)線(せん)もつれる手(て)足(あし)
52.503,52.703,59,-1,<2></c><1>こんがら</c><3>がる配(はい)線(せん)もつれる手(て)足(あし)</c><2></c>,こんがらがる配(はい)線(せん)もつれる手(て)足(あし)
52.703,52.87,59,-1,<2></c><1>こんがらが</c><3>る配(はい)線(せん)もつれる手(て)足(あし)</c><2></c>,こんがらがる配(はい)線(せん)もつれる手(て)足(あし)
52.87,53.037,59,-1,<2></c><1>こんがらがる</c><3>配(はい)線(せん)もつれる手(て)足(あし)</c><2></c>,こんがらがる配(はい)線(せん)もつれる手(て)足(あし)
53.037,53.203,59,-1,<2></c><1>こんがらがる配(はい)</c><3>線(せん)もつれる手(て)足(あし)</c><2></c>,こんがらがる配(はい)線(せん)もつれる手(て)足(あし)
53.203,53.404,59,-1,<2></c><1>こんがらがる配(はい)</c><3>線(せん)もつれる手(て)足(あし)</c><2></c>,こんがらがる配(はい)線(せん)もつれる手(て)足(あし)
53.404,53.57,59,-1,<2></c><1>こんがらがる配(はい)線(せん)</c><3>もつれる手(て)足(あし)</c><2></c>,こんがらがる配(はい)線(せん)もつれる手(て)足(あし)
53.57,53.737,59,-1,<2></c><1>こんがらがる配(はい)線(せん)</c><3>もつれる手(て)足(あし)</c><2></c>,こんがらがる配(はい)線(せん)もつれる手(て)足(あし)
53.737,53.904,59,-1,<2></c><1>こんがらがる配(はい)線(せん)も</c><3>つれる手(て)足(あし)</c><2></c>,こんがらがる配(はい)線(せん)もつれる手(て)足(あし)
53.904,54.138,59,-1,<2></c><1>こんがらがる配(はい)線(せん)もつ</c><3>れる手(て)足(あし)</c><2></c>,こんがらがる配(はい)線(せん)もつれる手(て)足(あし)
54.138,54.304,59,-1,<2></c><1>こんがらがる配(はい)線(せん)もつれ</c><3>る手(て)足(あし)</c><2></c>,こんがらがる配(はい)線(せん)もつれる手(て)足(あし)
54.304,54.505,59,-1,<2></c><1>こんがらがる配(はい)線(せん)もつれる</c><3>手(て)足(あし)</c><2></c>,こんがらがる配(はい)線(せん)もつれる手(て)足(あし)
54.505,54.705,59,-1,<2></c><1>こんがらがる配(はい)線(せん)もつれる手(て)</c><3>足(あし)</c><2></c>,こんがらがる配(はい)線(せん)もつれる手(て)足(あし)
54.705,55.005,59,-1,<2></c><1>こんがらがる配(はい)線(せん)もつれる手(て)足(あし)</c><2></c>,こんがらがる配(はい)線(せん)もつれる手(て)足(あし)
55.005,55.205,69,-1,<2></c><1>始(し)</c><3>終(じゅう)こんなんじゃ満(まん)身(しん)創(そう)痍(い)</c><2></c>,始(し)終(じゅう)こんなんじゃ満(まん)身(しん)創(そう)痍(い)
55.205,55.406,69,-1,<2></c><1>始(し)終(じゅう)</c><3>こんなんじゃ満(まん)身(しん)創(そう)痍(い)</c><2></c>,始(し)終(じゅう)こんなんじゃ満(まん)身(しん)創(そう)痍(い)
55.406,55.606,69,-1,<2></c><1>始(し)終(じゅう)</c><3>こんなんじゃ満(まん)身(しん)創(そう)痍(い)</c><2></c>,始(し)終(じゅう)こんなんじゃ満(まん)身(しん)創(そう)痍(い)
55.606,55.739,69,-1,<2></c><1>始(し)終(じゅう)こ</c><3>んなんじゃ満(まん)身(しん)創(そう)痍(い)</c><2></c>,始(し)終(じゅう)こんなんじゃ満(まん)身(しん)創(そう)痍(い)
55.739,55.839,69,-1,<2></c><1>始(し)終(じゅう)こん</c><3>なんじゃ満(まん)身(しん)創(そう)痍(い)</c><2></c>,始(し)終(じゅう)こんなんじゃ満(まん)身(しん)創(そう)痍(い)
55.839,55.973,69,-1,<2></c><1>始(し)終(じゅう)こんな</c><3>んじゃ満(まん)身(しん)創(そう)痍(い)</c><2></c>,始(し)終(じゅう)こんなんじゃ満(まん)身(しん)創(そう)痍(い)
55.973,56.106,69,-1,<2></c><1>始(し)終(じゅう)こんなん</c><3>じゃ満(まん)身(しん)創(そう)痍(い)</c><2></c>,始(し)終(じゅう)こんなんじゃ満(まん)身(しん)創(そう)痍(い)
56.106,56.273,69,-1,<2></c><1>始(し)終(じゅう)こんなんじゃ</c><3>満(まん)身(しん)創(そう)痍(い)</c><2></c>,始(し)終(じゅう)こんなんじゃ満(まん)身(しん)創(そう)痍(い)
56.273,56.507,69,-1,<2></c><1>始(し)終(じゅう)こんなんじゃ満(まん)</c><3>身(しん)創(そう)痍(い)</c><2></c>,始(し)終(じゅう)こんなんじゃ満(まん)身(しん)創(そう)痍(い)
56.507,56.673,69,-1,<2></c><1>始(し)終(じゅう)こんなんじゃ満(まん)身(しん)</c><3>創(そう)痍(い)</c><2></c>,始(し)終(じゅう)こんなんじゃ満(まん)身(しん)創(そう)痍(い)
56.673,56.84,69,-1,<2></c><1>始(し)終(じゅう)こんなんじゃ満(まん)身(しん)</c><3>創(そう)痍(い)</c><2></c>,始(し)終(じゅう)こんなんじゃ満(まん)身(しん)創(そう)痍(い)
56.84,56.94,69,-1,<2></c><1>始(し)終(じゅう)こんなんじゃ満(まん)身(しん)創(そう)</c><3>痍(い)</c><2></c>,始(し)終(じゅう)こんなんじゃ満(まん)身(しん)創(そう)痍(い)
56.94,57.074,69,-1,<2></c><1>始(し)終(じゅう)こんなんじゃ満(まん)身(しん)創(そう)</c><3>痍(い)</c><2></c>,始(し)終(じゅう)こんなんじゃ満(まん)身(しん)創(そう)痍(い)
57.074,57.608,69,-1,<2></c><1>始(し)終(じゅう)こんなんじゃ満(まん)身(しん)創(そう)痍(い)</c><2></c>,始(し)終(じゅう)こんなんじゃ満(まん)身(しん)創(そう)痍(い)
57.608,57.775,-1,-1,<2></c><1>た</c><3>まには高(こう)性(せい)能(のう)っていわれたい</c><2></c>,たまには高(こう)性(せい)能(のう)っていわれたい
57.775,57.975,-1,-1,<2></c><1>たま</c><3>には高(こう)性(せい)能(のう)っていわれたい</c><2></c>,たまには高(こう)性(せい)能(のう)っていわれたい
57.975,58.142,-1,-1,<2></c><1>たまに</c><3>は高(こう)性(せい)能(のう)っていわれたい</c><2></c>,たまには高(こう)性(せい)能(のう)っていわれたい
58.142,58.342,-1,-1,<2></c><1>たまには</c><3>高(こう)性(せい)能(のう)っていわれたい</c><2></c>,たまには高(こう)性(せい)能(のう)っていわれたい
58.342,58.509,-1,-1,<2></c><1>たまには高(こう)</c><3>性(せい)能(のう)っていわれたい</c><2></c>,たまには高(こう)性(せい)能(のう)っていわれたい
58.509,58.709,-1,-1,<2></c><1>たまには高(こう)</c><3>性(せい)能(のう)っていわれたい</c><2></c>,たまには高(こう)性(せい)能(のう)っていわれたい
58.709,58.876,-1,-1,<2></c><1>たまには高(こう)性(せい)</c><3>能(のう)っていわれたい</c><2></c>,たまには高(こう)性(せい)能(のう)っていわれたい
58.876,59.076,-1,-1,<2></c><1>たまには高(こう)性(せい)</c><3>能(のう)っていわれたい</c><2></c>,たまには高(こう)性(せい)能(のう)っていわれたい
59.076,59.243,-1,-1,<2></c><1>たまには高(こう)性(せい)能(のう)</c><3>っていわれたい</c><2></c>,たまには高(こう)性(せい)能(のう)っていわれたい
59.243,59.41,-1,-1,<2></c><1>たまには高(こう)性(せい)能(のう)</c><3>っていわれたい</c><2></c>,たまには高(こう)性(せい)能(のう)っていわれたい
59.41,59.576,-1,-1,<2></c><1>たまには高(こう)性(せい)能(のう)って</c><3>いわれたい</c><2></c>,たまには高(こう)性(せい)能(のう)っていわれたい
59.576,59.777,-1,-1,<2></c><1>たまには高(こう)性(せい)能(のう)ってい</c><3>われたい</c><2></c>,たまには高(こう)性(せい)能(のう)っていわれたい
59.777,59.943,-1,-1,<2></c><1>たまには高(こう)性(せい)能(のう)っていわ</c><3>れたい</c><2></c>,たまには高(こう)性(せい)能(のう)っていわれたい
59.943,60.177,-1,-1,<2></c><1>たまには高(こう)性(せい)能(のう)っていわれ</c><3>たい</c><2></c>,たまには高(こう)性(せい)能(のう)っていわれたい
60.177,60.344,-1,-1,<2></c><1>たまには高(こう)性(せい)能(のう)っていわれた</c><3>い</c><2></c>,たまには高(こう)性(せい)能(のう)っていわれたい
60.344,60.544,-1,-1,<2></c><1>たまには高(こう)性(せい)能(のう)っていわれたい</c><2></c>,たまには高(こう)性(せい)能(のう)っていわれたい
60.544,60.677,59,-1,<2></c><1>意(い)</c><3>地(じ)悪(わる)だってしちゃいたいねえいいでしょ</c><2></c>,意(い)地(じ)悪(わる)だってしちゃいたいねえいいでしょ
60.677,60.878,59,-1,<2></c><1>意(い)地(じ)</c><3>悪(わる)だってしちゃいたいねえいいでしょ</c><2></c>,意(い)地(じ)悪(わる)だってしちゃいたいねえいいでしょ
60.878,61.078,59,-1,<2></c><1>意(い)地(じ)悪(わる)</c><3>だってしちゃいたいねえいいでしょ</c><2></c>,意(い)地(じ)悪(わる)だってしちゃいたいねえいいでしょ
61.078,61.245,59,-1,<2></c><1>意(い)地(じ)悪(わる)</c><3>だってしちゃいたいねえいいでしょ</c><2></c>,意(い)地(じ)悪(わる)だってしちゃいたいねえいいでしょ
61.245,61.412,59,-1,<2></c><1>意(い)地(じ)悪(わる)だ</c><3>ってしちゃいたいねえいいでしょ</c><2></c>,意(い)地(じ)悪(わる)だってしちゃいたいねえいいでしょ
61.412,61.612,59,-1,<2></c><1>意(い)地(じ)悪(わる)だっ</c><3>てしちゃいたいねえいいでしょ</c><2></c>,意(い)地(じ)悪(わる)だってしちゃいたいねえいいでしょ
61.612,61.779,59,-1,<2></c><1>意(い)地(じ)悪(わる)だって</c><3>しちゃいたいねえいいでしょ</c><2></c>,意(い)地(じ)悪(わる)だってしちゃいたいねえいいでしょ
61.779,61.945,59,-1,<2></c><1>意(い)地(じ)悪(わる)だってし</c><3>ちゃいたいねえいいでしょ</c><2></c>,意(い)地(じ)悪(わる)だってしちゃいたいねえいいでしょ
61.945,62.146,59,-1,<2></c><1>意(い)地(じ)悪(わる)だってしちゃ</c><3>いたいねえいいでしょ</c><2></c>,意(い)地(じ)悪(わる)だってしちゃいたいねえいいでしょ
62.146,62.312,59,-1,<2></c><1>意(い)地(じ)悪(わる)だってしちゃい</c><3>たいねえいいでしょ</c><2></c>,意(い)地(じ)悪(わる)だってしちゃいたいねえいいでしょ
62.312,62.513,59,-1,<2></c><1>意(い)地(じ)悪(わる)だってしちゃいた</c><3>いねえいいでしょ</c><2></c>,意(い)地(じ)悪(わる)だってしちゃいたいねえいいでしょ
62.513,62.713,59,-1,<2></c><1>意(い)地(じ)悪(わる)だってしちゃいたい</c><3>ねえいいでしょ</c><2></c>,意(い)地(じ)悪(わる)だってしちゃいたいねえいいでしょ
62.713,62.88,59,-1,<2></c><1>意(い)地(じ)悪(わる)だってしちゃいたいね</c><3>えいいでしょ</c><2></c>,意(い)地(じ)悪(わる)だってしちゃいたいねえいいでしょ
62.88,63.08,59,-1,<2></c><1>意(い)地(じ)悪(わる)だってしちゃいたいねえ</c><3>いいでしょ</c><2></c>,意(い)地(じ)悪(わる)だってしちゃいたいねえいいでしょ
63.08,63.247,59,-1,<2></c><1>意(い)地(じ)悪(わる)だってしちゃいたいねえい</c><3>いでしょ</c><2></c>,意(い)地(じ)悪(わる)だってしちゃいたいねえいいでしょ
63.247,63.414,59,-1,<2></c><1>意(い)地(じ)悪(わる)だってしちゃいたいねえいい</c><3>でしょ</c><2></c>,意(い)地(じ)悪(わる)だってしちゃいたいねえいいでしょ
63.414,63.58,59,-1,<2></c><1>意(い)地(じ)悪(わる)だってしちゃいたいねえいいで</c><3>しょ</c><2></c>,意(い)地(じ)悪(わる)だってしちゃいたいねえいいでしょ
63.58,64.148,59,-1,<2></c><1>意(い)地(じ)悪(わる)だってしちゃいたいねえいいでしょ</c><2></c>,意(い)地(じ)悪(わる)だってしちゃいたいねえいいでしょ
64.148,64.314,-1,-1,<2></c><1>モ</c><3>ロバレのブラフでもわからないふりをして</c><2></c>,モロバレのブラフでもわからないふりをして
64.314,64.515,-1,-1,<2></c><1>モロ</c><3>バレのブラフでもわからないふりをして</c><2></c>,モロバレのブラフでもわからないふりをして
64.515,64.681,-1,-1,<2></c><1>モロバ</c><3>レのブラフでもわからないふりをして</c><2></c>,モロバレのブラフでもわからないふりをして
64.681,64.848,-1,-1,<2></c><1>モロバレ</c><3>のブラフでもわからないふりをして</c><2></c>,モロバレのブラフでもわからないふりをして
64.848,64.982,-1,-1,<2></c><1>モロバレの</c><3>ブラフでもわからないふりをして</c><2></c>,モロバレのブラフでもわからないふりをして
64.982,65.049,-1,-1,<2></c><1>モロバレのブ</c><3>ラフでもわからないふりをして</c><2></c>,モロバレのブラフでもわからないふりをして
65.049,65.215,-1,-1,<2></c><1>モロバレのブラ</c><3>フでもわからないふりをして</c><2></c>,モロバレのブラフでもわからないふりをして
65.215,65.416,-1,-1,<2></c><1>モロバレのブラフ</c><3>でもわからないふりをして</c><2></c>,モロバレのブラフでもわからないふりをして
65.416,65.582,-1,-1,<2></c><1>モロバレのブラフで</c><3>もわからないふりをして</c><2></c>,モロバレのブラフでもわからないふりをして
65.582,65.783,-1,-1,<2></c><1>モロバレのブラフでも</c><3>わからないふりをして</c><2></c>,モロバレのブラフでもわからないふりをして
65.783,65.983,-1,-1,<2></c><1>モロバレのブラフでもわ</c><3>からないふりをして</c><2></c>,モロバレのブラフでもわからないふりをして
65.983,66.15,-1,-1,<2></c><1>モロバレのブラフでもわか</c><3>らないふりをして</c><2></c>,モロバレのブラフでもわからないふりをして
66.15,66.316,-1,-1,<2></c><1>モロバレのブラフでもわから</c><3>ないふりをして</c><2></c>,モロバレのブラフでもわからないふりをして
66.316,66.483,-1,-1,<2></c><1>モロバレのブラフでもわからな</c><3>いふりをして</c><2></c>,モロバレのブラフでもわからないふりをして
66.483,66.884,-1,-1,<2></c><1>モロバレのブラフでもわからない</c><3>ふりをして</c><2></c>,モロバレのブラフでもわからないふりをして
66.884,67.051,-1,-1,<2></c><1>モロバレのブラフでもわからないふ</c><3>りをして</c><2></c>,モロバレのブラフでもわからないふりをして
67.051,67.217,-1,-1,<2></c><1>モロバレのブラフでもわからないふり</c><3>をして</c><2></c>,モロバレのブラフでもわからないふりをして
67.217,67.418,-1,-1,<2></c><1>モロバレのブラフでもわからないふりを</c><3>して</c><2></c>,モロバレのブラフでもわからないふりをして
67.418,67.584,-1,-1,<2></c><1>モロバレのブラフでもわからないふりをし</c><3>て</c><2></c>,モロバレのブラフでもわからないふりをして
67.584,67.951,-1,-1,<2></c><1>モロバレのブラフでもわからないふりをして</c><2></c>,モロバレのブラフでもわからないふりをして
67.951,68.118,-1,-1,<2></c><1>ボ</c><3>クに騙(だま)されてよ</c><2></c>,ボクに騙(だま)されてよ
68.118,68.285,-1,-1,<2></c><1>ボク</c><3>に騙(だま)されてよ</c><2></c>,ボクに騙(だま)されてよ
68.285,68.485,-1,-1,<2></c><1>ボクに</c><3>騙(だま)されてよ</c><2></c>,ボクに騙(だま)されてよ
68.485,68.685,-1,-1,<2></c><1>ボクに騙(だま)</c><3>されてよ</c><2></c>,ボクに騙(だま)されてよ
68.685,68.852,-1,-1,<2></c><1>ボクに騙(だま)</c><3>されてよ</c><2></c>,ボクに騙(だま)されてよ
68.852,69.053,-1,-1,<2></c><1>ボクに騙(だま)さ</c><3>れてよ</c><2></c>,ボクに騙(だま)されてよ
69.053,69.219,-1,-1,<2></c><1>ボクに騙(だま)され</c><3>てよ</c><2></c>,ボクに騙(だま)されてよ
69.219,69.42,-1,-1,<2></c><1>ボクに騙(だま)されて</c><3>よ</c><2></c>,ボクに騙(だま)されてよ
69.42,70.154,-1,-1,<2></c><1>ボクに騙(だま)されてよ</c><2></c>,ボクに騙(だま)されてよ
70.154,70.32,-1,-1,<2></c><1>ね</c><3>えねえ言(い)いたいことが</c><2></c>,ねえねえ言(い)いたいことが
70.32,70.521,-1,-1,<2></c><1>ねえ</c><3>ねえ言(い)いたいことが</c><2></c>,ねえねえ言(い)いたいことが
70.521,70.721,-1,-1,<2></c><1>ねえね</c><3>え言(い)いたいことが</c><2></c>,ねえねえ言(い)いたいことが
70.721,70.888,-1,-1,<2></c><1>ねえねえ</c><3>言(い)いたいことが</c><2></c>,ねえねえ言(い)いたいことが
70.888,71.055,-1,-1,<2></c><1>ねえねえ言(い)</c><3>いたいことが</c><2></c>,ねえねえ言(い)いたいことが
71.055,71.221,-1,-1,<2></c><1>ねえねえ言(い)い</c><3>たいことが</c><2></c>,ねえねえ言(い)いたいことが
71.221,71.422,-1,-1,<2></c><1>ねえねえ言(い)いた</c><3>いことが</c><2></c>,ねえねえ言(い)いたいことが
71.422,71.622,-1,-1,<2></c><1>ねえねえ言(い)いたい</c><3>ことが</c><2></c>,ねえねえ言(い)いたいことが
71.622,71.789,-1,-1,<2></c><1>ねえねえ言(い)いたいこ</c><3>とが</c><2></c>,ねえねえ言(い)いたいことが
71.789,71.955,-1,-1,<2></c><1>ねえねえ言(い)いたいこと</c><3>が</c><2></c>,ねえねえ言(い)いたいことが
71.955,72.523,-1,-1,<2></c><1>ねえねえ言(い)いたいことが</c><2></c>,ねえねえ言(い)いたいことが
72.523,72.689,-1,-1,<2></c><1>た</c><3>くさんあるけどオーバーヒート</c><2></c>,たくさんあるけどオーバーヒート
72.689,72.89,-1,-1,<2></c><1>たく</c><3>さんあるけどオーバーヒート</c><2></c>,たくさんあるけどオーバーヒート
72.89,73.09,-1,-1,<2></c><1>たくさ</c><3>んあるけどオーバーヒート</c><2></c>,たくさんあるけどオーバーヒート
73.09,73.424,-1,-1,<2></c><1>たくさん</c><3>あるけどオーバーヒート</c><2></c>,たくさんあるけどオーバーヒート
73.424,73.624,-1,-1,<2></c><1>たくさんあ</c><3>るけどオーバーヒート</c><2></c>,たくさんあるけどオーバーヒート
73.624,73.791,-1,-1,<2></c><1>たくさんある</c><3>けどオーバーヒート</c><2></c>,たくさんあるけどオーバーヒート
73.791,73.957,-1,-1,<2></c><1>たくさんあるけ</c><3>どオーバーヒート</c><2></c>,たくさんあるけどオーバーヒート
73.957,74.158,-1,-1,<2></c><1>たくさんあるけど</c><3>オーバーヒート</c><2></c>,たくさんあるけどオーバーヒート
74.158,74.358,-1,-1,<2></c><1>たくさんあるけどオ</c><3>ーバーヒート</c><2></c>,たくさんあるけどオーバーヒート
74.358,74.525,-1,-1,<2></c><1>たくさんあるけどオー</c><3>バーヒート</c><2></c>,たくさんあるけどオーバーヒート
74.525,74.691,-1,-1,<2></c><1>たくさんあるけどオーバ</c><3>ーヒート</c><2></c>,たくさんあるけどオーバーヒート
74.691,74.858,-1,-1,<2></c><1>たくさんあるけどオーバー</c><3>ヒート</c><2></c>,たくさんあるけどオーバーヒート
74.858,75.059,-1,-1,<2></c><1>たくさんあるけどオーバーヒ</c><3>ート</c><2></c>,たくさんあるけどオーバーヒート
75.059,75.259,-1,-1,<2></c><1>たくさんあるけどオーバーヒー</c><3>ト</c><2></c>,たくさんあるけどオーバーヒート
75.259,75.993,-1,-1,<2></c><1>たくさんあるけどオーバーヒート</c><2></c>,たくさんあるけどオーバーヒート
75.993,76.16,-1,-1,<2></c><1>ぐ</c><3>るぐる回(まわ)る頭(あたま)の中(なか)</c><2></c>,ぐるぐる回(まわ)る頭(あたま)の中(なか)
76.16,76.326,-1,-1,<2></c><1>ぐる</c><3>ぐる回(まわ)る頭(あたま)の中(なか)</c><2></c>,ぐるぐる回(まわ)る頭(あたま)の中(なか)
76.326,76.527,-1,-1,<2></c><1>ぐるぐ</c><3>る回(まわ)る頭(あたま)の中(なか)</c><2></c>,ぐるぐる回(まわ)る頭(あたま)の中(なか)
76.527,76.727,-1,-1,<2></c><1>ぐるぐる</c><3>回(まわ)る頭(あたま)の中(なか)</c><2></c>,ぐるぐる回(まわ)る頭(あたま)の中(なか)
76.727,76.894,-1,-1,<2></c><1>ぐるぐる回(まわ)</c><3>る頭(あたま)の中(なか)</c><2></c>,ぐるぐる回(まわ)る頭(あたま)の中(なか)
76.894,77.061,-1,-1,<2></c><1>ぐるぐる回(まわ)</c><3>る頭(あたま)の中(なか)</c><2></c>,ぐるぐる回(まわ)る頭(あたま)の中(なか)
77.061,77.261,-1,-1,<2></c><1>ぐるぐる回(まわ)る</c><3>頭(あたま)の中(なか)</c><2></c>,ぐるぐる回(まわ)る頭(あたま)の中(なか)
77.261,77.628,-1,-1,<2></c><1>ぐるぐる回(まわ)る頭(あたま)</c><3>の中(なか)</c><2></c>,ぐるぐる回(まわ)る頭(あたま)の中(なか)
77.628,77.795,-1,-1,<2></c><1>ぐるぐる回(まわ)る頭(あたま)</c><3>の中(なか)</c><2></c>,ぐるぐる回(まわ)る頭(あたま)の中(なか)
77.795,77.961,-1,-1,<2></c><1>ぐるぐる回(まわ)る頭(あたま)</c><3>の中(なか)</c><2></c>,ぐるぐる回(まわ)る頭(あたま)の中(なか)
77.961,78.128,-1,-1,<2></c><1>ぐるぐる回(まわ)る頭(あたま)の</c><3>中(なか)</c><2></c>,ぐるぐる回(まわ)る頭(あたま)の中(なか)
78.128,78.695,-1,-1,<2></c><1>ぐるぐる回(まわ)る頭(あたま)の中(なか)</c><2></c>,ぐるぐる回(まわ)る頭(あたま)の中(なか)
78.695,78.862,-1,-1,<2></c><1>転(ころ)</c><3>んでも笑(わら)ってそばにいてね</c><2></c>,転(ころ)んでも笑(わら)ってそばにいてね
78.862,79.063,-1,-1,<2></c><1>転(ころ)</c><3>んでも笑(わら)ってそばにいてね</c><2></c>,転(ころ)んでも笑(わら)ってそばにいてね
79.063,79.229,-1,-1,<2></c><1>転(ころ)ん</c><3>でも笑(わら)ってそばにいてね</c><2></c>,転(ころ)んでも笑(わら)ってそばにいてね
79.229,79.43,-1,-1,<2></c><1>転(ころ)んで</c><3>も笑(わら)ってそばにいてね</c><2></c>,転(ころ)んでも笑(わら)ってそばにいてね
79.43,79.596,-1,-1,<2></c><1>転(ころ)んでも</c><3>笑(わら)ってそばにいてね</c><2></c>,転(ころ)んでも笑(わら)ってそばにいてね
79.596,79.797,-1,-1,<2></c><1>転(ころ)んでも笑(わら)</c><3>ってそばにいてね</c><2></c>,転(ころ)んでも笑(わら)ってそばにいてね
79.797,79.93,-1,-1,<2></c><1>転(ころ)んでも笑(わら)</c><3>ってそばにいてね</c><2></c>,転(ころ)んでも笑(わら)ってそばにいてね
79.93,80.164,-1,-1,<2></c><1>転(ころ)んでも笑(わら)っ</c><3>てそばにいてね</c><2></c>,転(ころ)んでも笑(わら)ってそばにいてね
80.164,80.464,-1,-1,<2></c><1>転(ころ)んでも笑(わら)って</c><3>そばにいてね</c><2></c>,転(ころ)んでも笑(わら)ってそばにいてね
80.464,80.664,-1,-1,<2></c><1>転(ころ)んでも笑(わら)ってそ</c><3>ばにいてね</c><2></c>,転(ころ)んでも笑(わら)ってそばにいてね
80.664,80.898,-1,-1,<2></c><1>転(ころ)んでも笑(わら)ってそば</c><3>にいてね</c><2></c>,転(ころ)んでも笑(わら)ってそばにいてね
80.898,81.065,-1,-1,<2></c><1>転(ころ)んでも笑(わら)ってそばに</c><3>いてね</c><2></c>,転(ころ)んでも笑(わら)ってそばにいてね
81.065,81.231,-1,-1,<2></c><1>転(ころ)んでも笑(わら)ってそばにい</c><3>てね</c><2></c>,転(ころ)んでも笑(わら)ってそばにいてね
81.231,81.398,-1,-1,<2></c><1>転(ころ)んでも笑(わら)ってそばにいて</c><3>ね</c><2></c>,転(ころ)んでも笑(わら)ってそばにいてね
81.398,81.765,-1,-1,<2></c><1>転(ころ)んでも笑(わら)ってそばにいてね</c><2></c>,転(ころ)んでも笑(わら)ってそばにいてね
81.765,81.965,-1,-1,<2></c><1>ぜ</c><3>んぜん足(た)りないスペック</c><2></c>,ぜんぜん足(た)りないスペック
81.965,82.132,-1,-1,<2></c><1>ぜん</c><3>ぜん足(た)りないスペック</c><2></c>,ぜんぜん足(た)りないスペック
82.132,82.299,-1,-1,<2></c><1>ぜんぜ</c><3>ん足(た)りないスペック</c><2></c>,ぜんぜん足(た)りないスペック
82.299,82.499,-1,-1,<2></c><1>ぜんぜん</c><3>足(た)りないスペック</c><2></c>,ぜんぜん足(た)りないスペック
82.499,82.666,-1,-1,<2></c><1>ぜんぜん足(た)</c><3>りないスペック</c><2></c>,ぜんぜん足(た)りないスペック
82.666,82.833,-1,-1,<2></c><1>ぜんぜん足(た)り</c><3>ないスペック</c><2></c>,ぜんぜん足(た)りないスペック
82.833,83.0,-1,-1,<2></c><1>ぜんぜん足(た)りな</c><3>いスペック</c><2></c>,ぜんぜん足(た)りないスペック
83.0,83.1,-1,-1,<2></c><1>ぜんぜん足(た)りない</c><3>スペック</c><2></c>,ぜんぜん足(た)りないスペック
83.1,83.2,-1,-1,<2></c><1>ぜんぜん足(た)りないス</c><3>ペック</c><2></c>,ぜんぜん足(た)りないスペック
83.2,83.367,-1,-1,<2></c><1>ぜんぜん足(た)りないスペ</c><3>ック</c><2></c>,ぜんぜん足(た)りないスペック
83.367,83.5,-1,-1,<2></c><1>ぜんぜん足(た)りないスペッ</c><3>ク</c><2></c>,ぜんぜん足(た)りないスペック
83.5,83.767,-1,-1,<2></c><1>ぜんぜん足(た)りないスペック</c><2></c>,ぜんぜん足(た)りないスペック
83.767,83.934,69,-1,<2></c><1>で</c><3>も気(き)合(あい)万(ばん)全(ぜん)やる気(き)も満(まん)タン</c><2></c>,でも気(き)合(あい)万(ばん)全(ぜん)やる気(き)も満(まん)タン
83.934,84.134,69,-1,<2></c><1>でも</c><3>気(き)合(あい)万(ばん)全(ぜん)やる気(き)も満(まん)タン</c><2></c>,でも気(き)合(あい)万(ばん)全(ぜん)やる気(き)も満(まん)タン
84.134,84.301,69,-1,<2></c><1>でも気(き)</c><3>合(あい)万(ばん)全(ぜん)やる気(き)も満(まん)タン</c><2></c>,でも気(き)合(あい)万(ばん)全(ぜん)やる気(き)も満(まん)タン
84.301,84.501,69,-1,<2></c><1>でも気(き)合(あい)</c><3>万(ばん)全(ぜん)やる気(き)も満(まん)タン</c><2></c>,でも気(き)合(あい)万(ばん)全(ぜん)やる気(き)も満(まん)タン
84.501,84.701,69,-1,<2></c><1>でも気(き)合(あい)</c><3>万(ばん)全(ぜん)やる気(き)も満(まん)タン</c><2></c>,でも気(き)合(あい)万(ばん)全(ぜん)やる気(き)も満(まん)タン
84.701,84.835,69,-1,<2></c><1>でも気(き)合(あい)万(ばん)</c><3>全(ぜん)やる気(き)も満(まん)タン</c><2></c>,でも気(き)合(あい)万(ばん)全(ぜん)やる気(き)も満(まん)タン
84.835,85.035,69,-1,<2></c><1>でも気(き)合(あい)万(ばん)</c><3>全(ぜん)やる気(き)も満(まん)タン</c><2></c>,でも気(き)合(あい)万(ばん)全(ぜん)やる気(き)も満(まん)タン
85.035,85.202,69,-1,<2></c><1>でも気(き)合(あい)万(ばん)全(ぜん)</c><3>やる気(き)も満(まん)タン</c><2></c>,でも気(き)合(あい)万(ばん)全(ぜん)やる気(き)も満(まん)タン
85.202,85.369,69,-1,<2></c><1>でも気(き)合(あい)万(ばん)全(ぜん)</c><3>やる気(き)も満(まん)タン</c><2></c>,でも気(き)合(あい)万(ばん)全(ぜん)やる気(き)も満(まん)タン
85.369,85.602,69,-1,<2></c><1>でも気(き)合(あい)万(ばん)全(ぜん)や</c><3>る気(き)も満(まん)タン</c><2></c>,でも気(き)合(あい)万(ばん)全(ぜん)やる気(き)も満(まん)タン
85.602,85.769,69,-1,<2></c><1>でも気(き)合(あい)万(ばん)全(ぜん)やる</c><3>気(き)も満(まん)タン</c><2></c>,でも気(き)合(あい)万(ばん)全(ぜん)やる気(き)も満(まん)タン
85.769,85.936,69,-1,<2></c><1>でも気(き)合(あい)万(ばん)全(ぜん)やる気(き)</c><3>も満(まん)タン</c><2></c>,でも気(き)合(あい)万(ばん)全(ぜん)やる気(き)も満(まん)タン
85.936,86.136,69,-1,<2></c><1>でも気(き)合(あい)万(ばん)全(ぜん)やる気(き)も</c><3>満(まん)タン</c><2></c>,でも気(き)合(あい)万(ばん)全(ぜん)やる気(き)も満(まん)タン
86.136,86.303,69,-1,<2></c><1>でも気(き)合(あい)万(ばん)全(ぜん)やる気(き)も満(まん)</c><3>タン</c><2></c>,でも気(き)合(あい)万(ばん)全(ぜん)やる気(き)も満(まん)タン
86.303,86.503,69,-1,<2></c><1>でも気(き)合(あい)万(ばん)全(ぜん)やる気(き)も満(まん)</c><3>タン</c><2></c>,でも気(き)合(あい)万(ばん)全(ぜん)やる気(き)も満(まん)タン
86.503,86.57,69,-1,<2></c><1>でも気(き)合(あい)万(ばん)全(ぜん)やる気(き)も満(まん)タ</c><3>ン</c><2></c>,でも気(き)合(あい)万(ばん)全(ぜん)やる気(き)も満(まん)タン
86.57,86.67,69,-1,<2></c><1>でも気(き)合(あい)万(ばん)全(ぜん)やる気(き)も満(まん)タン</c><2></c>,でも気(き)合(あい)万(ばん)全(ぜん)やる気(き)も満(まん)タン
86.67,86.87,-1,-1,<2></c><1>伝(つた)</c><3>わるといいな君(きみ)にforyou</c><2></c>,伝(つた)わるといいな君(きみ)にforyou
86.87,87.071,-1,-1,<2></c><1>伝(つた)</c><3>わるといいな君(きみ)にforyou</c><2></c>,伝(つた)わるといいな君(きみ)にforyou
87.071,87.237,-1,-1,<2></c><1>伝(つた)わ</c><3>るといいな君(きみ)にforyou</c><2></c>,伝(つた)わるといいな君(きみ)にforyou
87.237,87.438,-1,-1,<2></c><1>伝(つた)わる</c><3>といいな君(きみ)にforyou</c><2></c>,伝(つた)わるといいな君(きみ)にforyou
87.438,87.638,-1,-1,<2></c><1>伝(つた)わると</c><3>いいな君(きみ)にforyou</c><2></c>,伝(つた)わるといいな君(きみ)にforyou
87.638,87.805,-1,-1,<2></c><1>伝(つた)わるとい</c><3>いな君(きみ)にforyou</c><2></c>,伝(つた)わるといいな君(きみ)にforyou
87.805,87.971,-1,-1,<2></c><1>伝(つた)わるといい</c><3>な君(きみ)にforyou</c><2></c>,伝(つた)わるといいな君(きみ)にforyou
87.971,88.172,-1,-1,<2></c><1>伝(つた)わるといいな</c><3>君(きみ)にforyou</c><2></c>,伝(つた)わるといいな君(きみ)にforyou
88.172,88.338,-1,-1,<2></c><1>伝(つた)わるといいな君(きみ)</c><3>にforyou</c><2></c>,伝(つた)わるといいな君(きみ)にforyou
88.338,88.505,-1,-1,<2></c><1>伝(つた)わるといいな君(きみ)</c><3>にforyou</c><2></c>,伝(つた)わるといいな君(きみ)にforyou
88.505,88.672,-1,-1,<2></c><1>伝(つた)わるといいな君(きみ)に</c><3>foryou</c><2></c>,伝(つた)わるといいな君(きみ)にforyou
88.672,89.073,-1,-1,<2></c><1>伝(つた)わるといいな君(きみ)にfor</c><3>you</c><2></c>,伝(つた)わるといいな君(きみ)にforyou
89.073,89.606,-1,-1,<2></c><1>伝(つた)わるといいな君(きみ)にforyou</c><2></c>,伝(つた)わるといいな君(きみ)にforyou
89.606,89.773,-1,-1,<2></c><1>po</c><3>nでもきらきらに輝(かがや)きたい</c><2></c>,ponでもきらきらに輝(かがや)きたい
89.773,89.94,-1,-1,<2></c><1>pon</c><3>でもきらきらに輝(かがや)きたい</c><2></c>,ponでもきらきらに輝(かがや)きたい
89.94,90.14,-1,-1,<2></c><1>ponで</c><3>もきらきらに輝(かがや)きたい</c><2></c>,ponでもきらきらに輝(かがや)きたい
90.14,90.307,-1,-1,<2></c><1>ponでも</c><3>きらきらに輝(かがや)きたい</c><2></c>,ponでもきらきらに輝(かがや)きたい
90.307,90.507,-1,-1,<2></c><1>ponでもき</c><3>らきらに輝(かがや)きたい</c><2></c>,ponでもきらきらに輝(かがや)きたい
90.507,90.674,-1,-1,<2></c><1>ponでもきら</c><3>きらに輝(かがや)きたい</c><2></c>,ponでもきらきらに輝(かがや)きたい
90.674,90.874,-1,-1,<2></c><1>ponでもきらき</c><3>らに輝(かがや)きたい</c><2></c>,ponでもきらきらに輝(かがや)きたい
90.874,91.041,-1,-1,<2></c><1>ponでもきらきら</c><3>に輝(かがや)きたい</c><2></c>,ponでもきらきらに輝(かがや)きたい
91.041,91.208,-1,-1,<2></c><1>ponでもきらきらに</c><3>輝(かがや)きたい</c><2></c>,ponでもきらきらに輝(かがや)きたい
91.208,91.442,-1,-1,<2></c><1>ponでもきらきらに輝(かがや)</c><3>きたい</c><2></c>,ponでもきらきらに輝(かがや)きたい
91.442,91.608,-1,-1,<2></c><1>ponでもきらきらに輝(かがや)</c><3>きたい</c><2></c>,ponでもきらきらに輝(かがや)きたい
91.608,91.775,-1,-1,<2></c><1>ponでもきらきらに輝(かがや)</c><3>きたい</c><2></c>,ponでもきらきらに輝(かがや)きたい
91.775,91.975,-1,-1,<2></c><1>ponでもきらきらに輝(かがや)き</c><3>たい</c><2></c>,ponでもきらきらに輝(かがや)きたい
91.975,92.176,-1,-1,<2></c><1>ponでもきらきらに輝(かがや)きた</c><3>い</c><2></c>,ponでもきらきらに輝(かがや)きたい
92.176,92.342,-1,-1,<2></c><1>ponでもきらきらに輝(かがや)きたい</c><2></c>,ponでもきらきらに輝(かがや)きたい
92.342,92.509,-1,-1,<2></c><1>g</c><3>lorydays</c><2></c>,glorydays
92.509,92.91,-1,-1,<2></c><1>glo</c><3>rydays</c><2></c>,glorydays
92.91,93.243,-1,-1,<2></c><1>glory</c><3>days</c><2></c>,glorydays
93.243,94.144,-1,-1,<2></c><1>glorydays</c><2></c>,glorydays
105.055,105.222,-1,-1,<2></c><1>現(げん)</c><3>実(じつ)もゲームのように</c><2></c>,現(げん)実(じつ)もゲームのように
105.222,105.422,-1,-1,<2></c><1>現(げん)</c><3>実(じつ)もゲームのように</c><2></c>,現(げん)実(じつ)もゲームのように
105.422,105.589,-1,-1,<2></c><1>現(げん)実(じつ)</c><3>もゲームのように</c><2></c>,現(げん)実(じつ)もゲームのように
105.589,105.756,-1,-1,<2></c><1>現(げん)実(じつ)</c><3>もゲームのように</c><2></c>,現(げん)実(じつ)もゲームのように
105.756,106.123,-1,-1,<2></c><1>現(げん)実(じつ)も</c><3>ゲームのように</c><2></c>,現(げん)実(じつ)もゲームのように
106.123,106.29,-1,-1,<2></c><1>現(げん)実(じつ)もゲ</c><3>ームのように</c><2></c>,現(げん)実(じつ)もゲームのように
106.29,106.49,-1,-1,<2></c><1>現(げん)実(じつ)もゲー</c><3>ムのように</c><2></c>,現(げん)実(じつ)もゲームのように
106.49,106.657,-1,-1,<2></c><1>現(げん)実(じつ)もゲーム</c><3>のように</c><2></c>,現(げん)実(じつ)もゲームのように
106.657,106.89,-1,-1,<2></c><1>現(げん)実(じつ)もゲームの</c><3>ように</c><2></c>,現(げん)実(じつ)もゲームのように
106.89,107.057,-1,-1,<2></c><1>現(げん)実(じつ)もゲームのよ</c><3>うに</c><2></c>,現(げん)実(じつ)もゲームのように
107.057,107.224,-1,-1,<2></c><1>現(げん)実(じつ)もゲームのよう</c><3>に</c><2></c>,現(げん)実(じつ)もゲームのように
107.224,107.424,-1,-1,<2></c><1>現(げん)実(じつ)もゲームのように</c><2></c>,現(げん)実(じつ)もゲームのように
107.424,107.558,-1,-1,<2></c><1>バ</c><3>チッと決(き)めていけたらいいのになあ</c><2></c>,バチッと決(き)めていけたらいいのになあ
107.558,107.791,-1,-1,<2></c><1>バチ</c><3>ッと決(き)めていけたらいいのになあ</c><2></c>,バチッと決(き)めていけたらいいのになあ
107.791,107.925,-1,-1,<2></c><1>バチッ</c><3>と決(き)めていけたらいいのになあ</c><2></c>,バチッと決(き)めていけたらいいのになあ
107.925,108.125,-1,-1,<2></c><1>バチッと</c><3>決(き)めていけたらいいのになあ</c><2></c>,バチッと決(き)めていけたらいいのになあ
108.125,108.292,-1,-1,<2></c><1>バチッと決(き)</c><3>めていけたらいいのになあ</c><2></c>,バチッと決(き)めていけたらいいのになあ
108.292,108.492,-1,-1,<2></c><1>バチッと決(き)め</c><3>ていけたらいいのになあ</c><2></c>,バチッと決(き)めていけたらいいのになあ
108.492,108.692,-1,-1,<2></c><1>バチッと決(き)めて</c><3>いけたらいいのになあ</c><2></c>,バチッと決(き)めていけたらいいのになあ
108.692,108.859,-1,-1,<2></c><1>バチッと決(き)めてい</c><3>けたらいいのになあ</c><2></c>,バチッと決(き)めていけたらいいのになあ
108.859,109.059,-1,-1,<2></c><1>バチッと決(き)めていけ</c><3>たらいいのになあ</c><2></c>,バチッと決(き)めていけたらいいのになあ
109.059,109.226,-1,-1,<2></c><1>バチッと決(き)めていけた</c><3>らいいのになあ</c><2></c>,バチッと決(き)めていけたらいいのになあ
109.226,109.393,-1,-1,<2></c><1>バチッと決(き)めていけたら</c><3>いいのになあ</c><2></c>,バチッと決(き)めていけたらいいのになあ
109.393,109.593,-1,-1,<2></c><1>バチッと決(き)めていけたらい</c><3>いのになあ</c><2></c>,バチッと決(き)めていけたらいいのになあ
109.593,109.76,-1,-1,<2></c><1>バチッと決(き)めていけたらいい</c><3>のになあ</c><2></c>,バチッと決(き)めていけたらいいのになあ
109.76,109.96,-1,-1,<2></c><1>バチッと決(き)めていけたらいいの</c><3>になあ</c><2></c>,バチッと決(き)めていけたらいいのになあ
109.96,110.127,-1,-1,<2></c><1>バチッと決(き)めていけたらいいのに</c><3>なあ</c><2></c>,バチッと決(き)めていけたらいいのになあ
110.127,110.294,-1,-1,<2></c><1>バチッと決(き)めていけたらいいのにな</c><3>あ</c><2></c>,バチッと決(き)めていけたらいいのになあ
110.294,110.828,-1,-1,<2></c><1>バチッと決(き)めていけたらいいのになあ</c><2></c>,バチッと決(き)めていけたらいいのになあ
110.828,111.028,59,-1,<2></c><1>焦(しょう)</c><3>燥(そう)感(かん)積(つ)み木(き)メンタル</c><2></c>,焦(しょう)燥(そう)感(かん)積(つ)み木(き)メンタル
111.028,111.195,59,-1,<2></c><1>焦(しょう)</c><3>燥(そう)感(かん)積(つ)み木(き)メンタル</c><2></c>,焦(しょう)燥(そう)感(かん)積(つ)み木(き)メンタル
111.195,111.395,59,-1,<2></c><1>焦(しょう)燥(そう)</c><3>感(かん)積(つ)み木(き)メンタル</c><2></c>,焦(しょう)燥(そう)感(かん)積(つ)み木(き)メンタル
111.395,111.595,59,-1,<2></c><1>焦(しょう)燥(そう)</c><3>感(かん)積(つ)み木(き)メンタル</c><2></c>,焦(しょう)燥(そう)感(かん)積(つ)み木(き)メンタル
111.595,111.795,59,-1,<2></c><1>焦(しょう)燥(そう)感(かん)</c><3>積(つ)み木(き)メンタル</c><2></c>,焦(しょう)燥(そう)感(かん)積(つ)み木(き)メンタル
111.795,111.995,59,-1,<2></c><1>焦(しょう)燥(そう)感(かん)</c><3>積(つ)み木(き)メンタル</c><2></c>,焦(しょう)燥(そう)感(かん)積(つ)み木(き)メンタル
111.995,112.162,59,-1,<2></c><1>焦(しょう)燥(そう)感(かん)積(つ)</c><3>み木(き)メンタル</c><2></c>,焦(しょう)燥(そう)感(かん)積(つ)み木(き)メンタル
112.162,112.329,59,-1,<2></c><1>焦(しょう)燥(そう)感(かん)積(つ)み</c><3>木(き)メンタル</c><2></c>,焦(しょう)燥(そう)感(かん)積(つ)み木(き)メンタル
112.329,112.696,59,-1,<2></c><1>焦(しょう)燥(そう)感(かん)積(つ)み木(き)</c><3>メンタル</c><2></c>,焦(しょう)燥(そう)感(かん)積(つ)み木(き)メンタル
112.696,112.863,59,-1,<2></c><1>焦(しょう)燥(そう)感(かん)積(つ)み木(き)メ</c><3>ンタル</c><2></c>,焦(しょう)燥(そう)感(かん)積(つ)み木(き)メンタル
112.863,113.03,59,-1,<2></c><1>焦(しょう)燥(そう)感(かん)積(つ)み木(き)メン</c><3>タル</c><2></c>,焦(しょう)燥(そう)感(かん)積(つ)み木(き)メンタル
113.03,113.197,59,-1,<2></c><1>焦(しょう)燥(そう)感(かん)積(つ)み木(き)メンタ</c><3>ル</c><2></c>,焦(しょう)燥(そう)感(かん)積(つ)み木(き)メンタル
113.197,113.397,59,-1,<2></c><1>焦(しょう)燥(そう)感(かん)積(つ)み木(き)メンタル</c><2></c>,焦(しょう)燥(そう)感(かん)積(つ)み木(き)メンタル
113.397,113.597,64,-1,<2></c><1>今(け)</c><3>朝(さ)胡(こ)椒(しょう)を嗅(か)いだらむせちゃった</c><2></c>,今(け)朝(さ)胡(こ)椒(しょう)を嗅(か)いだらむせちゃった
113.597,113.764,64,-1,<2></c><1>今(け)朝(さ)</c><3>胡(こ)椒(しょう)を嗅(か)いだらむせちゃった</c><2></c>,今(け)朝(さ)胡(こ)椒(しょう)を嗅(か)いだらむせちゃった
113.764,113.964,64,-1,<2></c><1>今(け)朝(さ)胡(こ)</c><3>椒(しょう)を嗅(か)いだらむせちゃった</c><2></c>,今(け)朝(さ)胡(こ)椒(しょう)を嗅(か)いだらむせちゃった
113.964,114.164,64,-1,<2></c><1>今(け)朝(さ)胡(こ)椒(しょう)</c><3>を嗅(か)いだらむせちゃった</c><2></c>,今(け)朝(さ)胡(こ)椒(しょう)を嗅(か)いだらむせちゃった
114.164,114.298,64,-1,<2></c><1>今(け)朝(さ)胡(こ)椒(しょう)</c><3>を嗅(か)いだらむせちゃった</c><2></c>,今(け)朝(さ)胡(こ)椒(しょう)を嗅(か)いだらむせちゃった
114.298,114.531,64,-1,<2></c><1>今(け)朝(さ)胡(こ)椒(しょう)を</c><3>嗅(か)いだらむせちゃった</c><2></c>,今(け)朝(さ)胡(こ)椒(しょう)を嗅(か)いだらむせちゃった
114.531,114.731,64,-1,<2></c><1>今(け)朝(さ)胡(こ)椒(しょう)を嗅(か)</c><3>いだらむせちゃった</c><2></c>,今(け)朝(さ)胡(こ)椒(しょう)を嗅(か)いだらむせちゃった
114.731,114.898,64,-1,<2></c><1>今(け)朝(さ)胡(こ)椒(しょう)を嗅(か)い</c><3>だらむせちゃった</c><2></c>,今(け)朝(さ)胡(こ)椒(しょう)を嗅(か)いだらむせちゃった
114.898,115.065,64,-1,<2></c><1>今(け)朝(さ)胡(こ)椒(しょう)を嗅(か)いだ</c><3>らむせちゃった</c><2></c>,今(け)朝(さ)胡(こ)椒(しょう)を嗅(か)いだらむせちゃった
115.065,115.265,64,-1,<2></c><1>今(け)朝(さ)胡(こ)椒(しょう)を嗅(か)いだら</c><3>むせちゃった</c><2></c>,今(け)朝(さ)胡(こ)椒(しょう)を嗅(か)いだらむせちゃった
115.265,115.432,64,-1,<2></c><1>今(け)朝(さ)胡(こ)椒(しょう)を嗅(か)いだらむ</c><3>せちゃった</c><2></c>,今(け)朝(さ)胡(こ)椒(しょう)を嗅(か)いだらむせちゃった
115.432,115.632,64,-1,<2></c><1>今(け)朝(さ)胡(こ)椒(しょう)を嗅(か)いだらむせ</c><3>ちゃった</c><2></c>,今(け)朝(さ)胡(こ)椒(しょう)を嗅(か)いだらむせちゃった
115.632,115.799,64,-1,<2></c><1>今(け)朝(さ)胡(こ)椒(しょう)を嗅(か)いだらむせちゃ</c><3>った</c><2></c>,今(け)朝(さ)胡(こ)椒(しょう)を嗅(か)いだらむせちゃった
115.799,115.966,64,-1,<2></c><1>今(け)朝(さ)胡(こ)椒(しょう)を嗅(か)いだらむせちゃっ</c><3>た</c><2></c>,今(け)朝(さ)胡(こ)椒(しょう)を嗅(か)いだらむせちゃった
115.966,116.333,64,-1,<2></c><1>今(け)朝(さ)胡(こ)椒(しょう)を嗅(か)いだらむせちゃった</c><2></c>,今(け)朝(さ)胡(こ)椒(しょう)を嗅(か)いだらむせちゃった
116.333,116.7,-1,-1,<2></c><1>oh</c><3>ahジーニアス手(て)元(もと)にペンデュラム</c><2></c>,ohahジーニアス手(て)元(もと)にペンデュラム
116.7,117.401,-1,-1,<2></c><1>ohah</c><3>ジーニアス手(て)元(もと)にペンデュラム</c><2></c>,ohahジーニアス手(て)元(もと)にペンデュラム
117.401,117.601,-1,-1,<2></c><1>ohahジ</c><3>ーニアス手(て)元(もと)にペンデュラム</c><2></c>,ohahジーニアス手(て)元(もと)にペンデュラム
117.601,117.768,-1,-1,<2></c><1>ohahジー</c><3>ニアス手(て)元(もと)にペンデュラム</c><2></c>,ohahジーニアス手(て)元(もと)にペンデュラム
117.768,117.968,-1,-1,<2></c><1>ohahジーニ</c><3>アス手(て)元(もと)にペンデュラム</c><2></c>,ohahジーニアス手(て)元(もと)にペンデュラム
117.968,118.168,-1,-1,<2></c><1>ohahジーニア</c><3>ス手(て)元(もと)にペンデュラム</c><2></c>,ohahジーニアス手(て)元(もと)にペンデュラム
118.168,118.335,-1,-1,<2></c><1>ohahジーニアス</c><3>手(て)元(もと)にペンデュラム</c><2></c>,ohahジーニアス手(て)元(もと)にペンデュラム
118.335,118.435,-1,-1,<2></c><1>ohahジーニアス手(て)</c><3>元(もと)にペンデュラム</c><2></c>,ohahジーニアス手(て)元(もと)にペンデュラム
118.435,118.502,-1,-1,<2></c><1>ohahジーニアス手(て)元(もと)</c><3>にペンデュラム</c><2></c>,ohahジーニアス手(て)元(もと)にペンデュラム
118.502,118.669,-1,-1,<2></c><1>ohahジーニアス手(て)元(もと)</c><3>にペンデュラム</c><2></c>,ohahジーニアス手(て)元(もと)にペンデュラム
118.669,118.836,-1,-1,<2></c><1>ohahジーニアス手(て)元(もと)に</c><3>ペンデュラム</c><2></c>,ohahジーニアス手(て)元(もと)にペンデュラム
118.836,119.036,-1,-1,<2></c><1>ohahジーニアス手(て)元(もと)にペ</c><3>ンデュラム</c><2></c>,ohahジーニアス手(て)元(もと)にペンデュラム
119.036,119.203,-1,-1,<2></c><1>ohahジーニアス手(て)元(もと)にペン</c><3>デュラム</c><2></c>,ohahジーニアス手(て)元(もと)にペンデュラム
119.203,119.403,-1,-1,<2></c><1>ohahジーニアス手(て)元(もと)にペンデュ</c><3>ラム</c><2></c>,ohahジーニアス手(て)元(もと)にペンデュラム
119.403,119.603,-1,-1,<2></c><1>ohahジーニアス手(て)元(もと)にペンデュラ</c><3>ム</c><2></c>,ohahジーニアス手(て)元(もと)にペンデュラム
119.603,119.77,-1,-1,<2></c><1>ohahジーニアス手(て)元(もと)にペンデュラム</c><2></c>,ohahジーニアス手(て)元(もと)にペンデュラム
119.77,119.937,-1,-1,<2></c><1>指(さ)</c><3>し示(しめ)せ行(い)くべき道(みち)を</c><2></c>,指(さ)し示(しめ)せ行(い)くべき道(みち)を
119.937,120.137,-1,-1,<2></c><1>指(さ)し</c><3>示(しめ)せ行(い)くべき道(みち)を</c><2></c>,指(さ)し示(しめ)せ行(い)くべき道(みち)を
120.137,120.337,-1,-1,<2></c><1>指(さ)し示(しめ)</c><3>せ行(い)くべき道(みち)を</c><2></c>,指(さ)し示(しめ)せ行(い)くべき道(みち)を
120.337,120.537,-1,-1,<2></c><1>指(さ)し示(しめ)</c><3>せ行(い)くべき道(みち)を</c><2></c>,指(さ)し示(しめ)せ行(い)くべき道(みち)を
120.537,120.671,-1,-1,<2></c><1>指(さ)し示(しめ)せ</c><3>行(い)くべき道(みち)を</c><2></c>,指(さ)し示(しめ)せ行(い)くべき道(みち)を
120.671,120.838,-1,-1,<2></c><1>指(さ)し示(しめ)せ行(い)</c><3>くべき道(みち)を</c><2></c>,指(さ)し示(しめ)せ行(い)くべき道(みち)を
120.838,121.038,-1,-1,<2></c><1>指(さ)し示(しめ)せ行(い)く</c><3>べき道(みち)を</c><2></c>,指(さ)し示(しめ)せ行(い)くべき道(みち)を
121.038,121.238,-1,-1,<2></c><1>指(さ)し示(しめ)せ行(い)くべ</c><3>き道(みち)を</c><2></c>,指(さ)し示(しめ)せ行(い)くべき道(みち)を
121.238,121.405,-1,-1,<2></c><1>指(さ)し示(しめ)せ行(い)くべき</c><3>道(みち)を</c><2></c>,指(さ)し示(しめ)せ行(い)くべき道(みち)を
121.405,121.538,-1,-1,<2></c><1>指(さ)し示(しめ)せ行(い)くべき道(みち)</c><3>を</c><2></c>,指(さ)し示(しめ)せ行(い)くべき道(みち)を
121.538,121.772,-1,-1,<2></c><1>指(さ)し示(しめ)せ行(い)くべき道(みち)</c><3>を</c><2></c>,指(さ)し示(しめ)せ行(い)くべき道(みち)を
121.772,122.506,-1,-1,<2></c><1>指(さ)し示(しめ)せ行(い)くべき道(みち)を</c><2></c>,指(さ)し示(しめ)せ行(い)くべき道(みち)を
122.506,122.673,-1,-1,<2></c><1>難(むずか)</c><3>しすぎてわからないままで</c><2></c>,難(むずか)しすぎてわからないままで
122.673,122.873,-1,-1,<2></c><1>難(むずか)</c><3>しすぎてわからないままで</c><2></c>,難(むずか)しすぎてわからないままで
122.873,123.073,-1,-1,<2></c><1>難(むずか)</c><3>しすぎてわからないままで</c><2></c>,難(むずか)しすぎてわからないままで
123.073,123.407,-1,-1,<2></c><1>難(むずか)し</c><3>すぎてわからないままで</c><2></c>,難(むずか)しすぎてわからないままで
123.407,123.574,-1,-1,<2></c><1>難(むずか)しす</c><3>ぎてわからないままで</c><2></c>,難(むずか)しすぎてわからないままで
123.574,123.774,-1,-1,<2></c><1>難(むずか)しすぎ</c><3>てわからないままで</c><2></c>,難(むずか)しすぎてわからないままで
123.774,123.941,-1,-1,<2></c><1>難(むずか)しすぎて</c><3>わからないままで</c><2></c>,難(むずか)しすぎてわからないままで
123.941,124.141,-1,-1,<2></c><1>難(むずか)しすぎてわ</c><3>からないままで</c><2></c>,難(むずか)しすぎてわからないままで
124.141,124.341,-1,-1,<2></c><1>難(むずか)しすぎてわか</c><3>らないままで</c><2></c>,難(むずか)しすぎてわからないままで
124.341,124.508,-1,-1,<2></c><1>難(むずか)しすぎてわから</c><3>ないままで</c><2></c>,難(むずか)しすぎてわからないままで
124.508,124.875,-1,-1,<2></c><1>難(むずか)しすぎてわからな</c><3>いままで</c><2></c>,難(むずか)しすぎてわからないままで
124.875,125.042,-1,-1,<2></c><1>難(むずか)しすぎてわからない</c><3>ままで</c><2></c>,難(むずか)しすぎてわからないままで
125.042,125.242,-1,-1,<2></c><1>難(むずか)しすぎてわからないま</c><3>まで</c><2></c>,難(むずか)しすぎてわからないままで
125.242,125.409,-1,-1,<2></c><1>難(むずか)しすぎてわからないまま</c><3>で</c><2></c>,難(むずか)しすぎてわからないままで
125.409,125.976,-1,-1,<2></c><1>難(むずか)しすぎてわからないままで</c><2></c>,難(むずか)しすぎてわからないままで
125.976,126.143,-1,-1,<2></c><1>ま</c><3>たponしちゃうよ</c><2></c>,またponしちゃうよ
126.143,126.477,-1,-1,<2></c><1>また</c><3>ponしちゃうよ</c><2></c>,またponしちゃうよ
126.477,126.877,-1,-1,<2></c><1>またpo</c><3>nしちゃうよ</c><2></c>,またponしちゃうよ
126.877,127.044,-1,-1,<2></c><1>またpon</c><3>しちゃうよ</c><2></c>,またponしちゃうよ
127.044,127.211,-1,-1,<2></c><1>またponし</c><3>ちゃうよ</c><2></c>,またponしちゃうよ
127.211,127.411,-1,-1,<2></c><1>またponしちゃ</c><3>うよ</c><2></c>,またponしちゃうよ
127.411,127.611,-1,-1,<2></c><1>またponしちゃう</c><3>よ</c><2></c>,またponしちゃうよ
127.611,128.345,-1,-1,<2></c><1>またponしちゃうよ</c><2></c>,またponしちゃうよ
128.345,128.512,-1,-1,<2></c><1>ね</c><3>えねえ言(い)いたいことが</c><2></c>,ねえねえ言(い)いたいことが
128.512,128.712,-1,-1,<2></c><1>ねえ</c><3>ねえ言(い)いたいことが</c><2></c>,ねえねえ言(い)いたいことが
128.712,128.912,-1,-1,<2></c><1>ねえね</c><3>え言(い)いたいことが</c><2></c>,ねえねえ言(い)いたいことが
128.912,129.079,-1,-1,<2></c><1>ねえねえ</c><3>言(い)いたいことが</c><2></c>,ねえねえ言(い)いたいことが
129.079,129.246,-1,-1,<2></c><1>ねえねえ言(い)</c><3>いたいことが</c><2></c>,ねえねえ言(い)いたいことが
129.246,129.413,-1,-1,<2></c><1>ねえねえ言(い)い</c><3>たいことが</c><2></c>,ねえねえ言(い)いたいことが
129.413,129.613,-1,-1,<2></c><1>ねえねえ言(い)いた</c><3>いことが</c><2></c>,ねえねえ言(い)いたいことが
129.613,129.78,-1,-1,<2></c><1>ねえねえ言(い)いたい</c><3>ことが</c><2></c>,ねえねえ言(い)いたいことが
129.78,129.98,-1,-1,<2></c><1>ねえねえ言(い)いたいこ</c><3>とが</c><2></c>,ねえねえ言(い)いたいことが
129.98,130.147,-1,-1,<2></c><1>ねえねえ言(い)いたいこと</c><3>が</c><2></c>,ねえねえ言(い)いたいことが
130.147,130.681,-1,-1,<2></c><1>ねえねえ言(い)いたいことが</c><2></c>,ねえねえ言(い)いたいことが
130.681,130.848,-1,-1,<2></c><1>た</c><3>くさんあるけどオーバーヒート</c><2></c>,たくさんあるけどオーバーヒート
130.848,131.048,-1,-1,<2></c><1>たく</c><3>さんあるけどオーバーヒート</c><2></c>,たくさんあるけどオーバーヒート
131.048,131.248,-1,-1,<2></c><1>たくさ</c><3>んあるけどオーバーヒート</c><2></c>,たくさんあるけどオーバーヒート
131.248,131.582,-1,-1,<2></c><1>たくさん</c><3>あるけどオーバーヒート</c><2></c>,たくさんあるけどオーバーヒート
131.582,131.782,-1,-1,<2></c><1>たくさんあ</c><3>るけどオーバーヒート</c><2></c>,たくさんあるけどオーバーヒート
131.782,131.949,-1,-1,<2></c><1>たくさんある</c><3>けどオーバーヒート</c><2></c>,たくさんあるけどオーバーヒート
131.949,132.116,-1,-1,<2></c><1>たくさんあるけ</c><3>どオーバーヒート</c><2></c>,たくさんあるけどオーバーヒート
132.116,132.316,-1,-1,<2></c><1>たくさんあるけど</c><3>オーバーヒート</c><2></c>,たくさんあるけどオーバーヒート
132.316,132.516,-1,-1,<2></c><1>たくさんあるけどオ</c><3>ーバーヒート</c><2></c>,たくさんあるけどオーバーヒート
132.516,132.683,-1,-1,<2></c><1>たくさんあるけどオー</c><3>バーヒート</c><2></c>,たくさんあるけどオーバーヒート
132.683,132.85,-1,-1,<2></c><1>たくさんあるけどオーバ</c><3>ーヒート</c><2></c>,たくさんあるけどオーバーヒート
132.85,133.016,-1,-1,<2></c><1>たくさんあるけどオーバー</c><3>ヒート</c><2></c>,たくさんあるけどオーバーヒート
133.016,133.217,-1,-1,<2></c><1>たくさんあるけどオーバーヒ</c><3>ート</c><2></c>,たくさんあるけどオーバーヒート
133.217,133.417,-1,-1,<2></c><1>たくさんあるけどオーバーヒー</c><3>ト</c><2></c>,たくさんあるけどオーバーヒート
133.417,134.151,-1,-1,<2></c><1>たくさんあるけどオーバーヒート</c><2></c>,たくさんあるけどオーバーヒート
134.151,134.318,-1,-1,<2></c><1>ぐ</c><3>るぐる回(まわ)る頭(あたま)の中(なか)</c><2></c>,ぐるぐる回(まわ)る頭(あたま)の中(なか)
134.318,134.518,-1,-1,<2></c><1>ぐる</c><3>ぐる回(まわ)る頭(あたま)の中(なか)</c><2></c>,ぐるぐる回(まわ)る頭(あたま)の中(なか)
134.518,134.685,-1,-1,<2></c><1>ぐるぐ</c><3>る回(まわ)る頭(あたま)の中(なか)</c><2></c>,ぐるぐる回(まわ)る頭(あたま)の中(なか)
134.685,134.885,-1,-1,<2></c><1>ぐるぐる</c><3>回(まわ)る頭(あたま)の中(なか)</c><2></c>,ぐるぐる回(まわ)る頭(あたま)の中(なか)
134.885,135.052,-1,-1,<2></c><1>ぐるぐる回(まわ)</c><3>る頭(あたま)の中(なか)</c><2></c>,ぐるぐる回(まわ)る頭(あたま)の中(なか)
135.052,135.219,-1,-1,<2></c><1>ぐるぐる回(まわ)</c><3>る頭(あたま)の中(なか)</c><2></c>,ぐるぐる回(まわ)る頭(あたま)の中(なか)
135.219,135.419,-1,-1,<2></c><1>ぐるぐる回(まわ)る</c><3>頭(あたま)の中(なか)</c><2></c>,ぐるぐる回(まわ)る頭(あたま)の中(なか)
135.419,135.786,-1,-1,<2></c><1>ぐるぐる回(まわ)る頭(あたま)</c><3>の中(なか)</c><2></c>,ぐるぐる回(まわ)る頭(あたま)の中(なか)
135.786,135.953,-1,-1,<2></c><1>ぐるぐる回(まわ)る頭(あたま)</c><3>の中(なか)</c><2></c>,ぐるぐる回(まわ)る頭(あたま)の中(なか)
135.953,136.153,-1,-1,<2></c><1>ぐるぐる回(まわ)る頭(あたま)</c><3>の中(なか)</c><2></c>,ぐるぐる回(まわ)る頭(あたま)の中(なか)
136.153,136.32,-1,-1,<2></c><1>ぐるぐる回(まわ)る頭(あたま)の</c><3>中(なか)</c><2></c>,ぐるぐる回(まわ)る頭(あたま)の中(なか)
136.32,136.854,-1,-1,<2></c><1>ぐるぐる回(まわ)る頭(あたま)の中(なか)</c><2></c>,ぐるぐる回(まわ)る頭(あたま)の中(なか)
136.854,137.054,-1,-1,<2></c><1>転(ころ)</c><3>んでも笑(わら)ってそばにいてね</c><2></c>,転(ころ)んでも笑(わら)ってそばにいてね
137.054,137.221,-1,-1,<2></c><1>転(ころ)</c><3>んでも笑(わら)ってそばにいてね</c><2></c>,転(ころ)んでも笑(わら)ってそばにいてね
137.221,137.421,-1,-1,<2></c><1>転(ころ)ん</c><3>でも笑(わら)ってそばにいてね</c><2></c>,転(ころ)んでも笑(わら)ってそばにいてね
137.421,137.588,-1,-1,<2></c><1>転(ころ)んで</c><3>も笑(わら)ってそばにいてね</c><2></c>,転(ころ)んでも笑(わら)ってそばにいてね
137.588,137.788,-1,-1,<2></c><1>転(ころ)んでも</c><3>笑(わら)ってそばにいてね</c><2></c>,転(ころ)んでも笑(わら)ってそばにいてね
137.788,137.955,-1,-1,<2></c><1>転(ころ)んでも笑(わら)</c><3>ってそばにいてね</c><2></c>,転(ころ)んでも笑(わら)ってそばにいてね
137.955,138.122,-1,-1,<2></c><1>転(ころ)んでも笑(わら)</c><3>ってそばにいてね</c><2></c>,転(ころ)んでも笑(わら)ってそばにいてね
138.122,138.355,-1,-1,<2></c><1>転(ころ)んでも笑(わら)っ</c><3>てそばにいてね</c><2></c>,転(ころ)んでも笑(わら)ってそばにいてね
138.355,138.655,-1,-1,<2></c><1>転(ころ)んでも笑(わら)って</c><3>そばにいてね</c><2></c>,転(ころ)んでも笑(わら)ってそばにいてね
138.655,138.822,-1,-1,<2></c><1>転(ころ)んでも笑(わら)ってそ</c><3>ばにいてね</c><2></c>,転(ころ)んでも笑(わら)ってそばにいてね
138.822,139.089,-1,-1,<2></c><1>転(ころ)んでも笑(わら)ってそば</c><3>にいてね</c><2></c>,転(ころ)んでも笑(わら)ってそばにいてね
139.089,139.223,-1,-1,<2></c><1>転(ころ)んでも笑(わら)ってそばに</c><3>いてね</c><2></c>,転(ころ)んでも笑(わら)ってそばにいてね
139.223,139.389,-1,-1,<2></c><1>転(ころ)んでも笑(わら)ってそばにい</c><3>てね</c><2></c>,転(ころ)んでも笑(わら)ってそばにいてね
139.389,139.59,-1,-1,<2></c><1>転(ころ)んでも笑(わら)ってそばにいて</c><3>ね</c><2></c>,転(ころ)んでも笑(わら)ってそばにいてね
139.59,139.957,-1,-1,<2></c><1>転(ころ)んでも笑(わら)ってそばにいてね</c><2></c>,転(ころ)んでも笑(わら)ってそばにいてね
139.957,140.157,-1,-1,<2></c><1>ぜ</c><3>んぜん足(た)りないスペック</c><2></c>,ぜんぜん足(た)りないスペック
140.157,140.324,-1,-1,<2></c><1>ぜん</c><3>ぜん足(た)りないスペック</c><2></c>,ぜんぜん足(た)りないスペック
140.324,140.491,-1,-1,<2></c><1>ぜんぜ</c><3>ん足(た)りないスペック</c><2></c>,ぜんぜん足(た)りないスペック
140.491,140.691,-1,-1,<2></c><1>ぜんぜん</c><3>足(た)りないスペック</c><2></c>,ぜんぜん足(た)りないスペック
140.691,140.858,-1,-1,<2></c><1>ぜんぜん足(た)</c><3>りないスペック</c><2></c>,ぜんぜん足(た)りないスペック
140.858,141.024,-1,-1,<2></c><1>ぜんぜん足(た)り</c><3>ないスペック</c><2></c>,ぜんぜん足(た)りないスペック
141.024,141.191,-1,-1,<2></c><1>ぜんぜん足(た)りな</c><3>いスペック</c><2></c>,ぜんぜん足(た)りないスペック
141.191,141.291,-1,-1,<2></c><1>ぜんぜん足(た)りない</c><3>スペック</c><2></c>,ぜんぜん足(た)りないスペック
141.291,141.425,-1,-1,<2></c><1>ぜんぜん足(た)りないス</c><3>ペック</c><2></c>,ぜんぜん足(た)りないスペック
141.425,141.558,-1,-1,<2></c><1>ぜんぜん足(た)りないスペ</c><3>ック</c><2></c>,ぜんぜん足(た)りないスペック
141.558,141.692,-1,-1,<2></c><1>ぜんぜん足(た)りないスペッ</c><3>ク</c><2></c>,ぜんぜん足(た)りないスペック
141.692,141.959,-1,-1,<2></c><1>ぜんぜん足(た)りないスペック</c><2></c>,ぜんぜん足(た)りないスペック
141.959,142.126,69,-1,<2></c><1>で</c><3>も気(き)合(あい)万(ばん)全(ぜん)やる気(き)も満(まん)タン</c><2></c>,でも気(き)合(あい)万(ばん)全(ぜん)やる気(き)も満(まん)タン
142.126,142.326,69,-1,<2></c><1>でも</c><3>気(き)合(あい)万(ばん)全(ぜん)やる気(き)も満(まん)タン</c><2></c>,でも気(き)合(あい)万(ばん)全(ぜん)やる気(き)も満(まん)タン
142.326,142.493,69,-1,<2></c><1>でも気(き)</c><3>合(あい)万(ばん)全(ぜん)やる気(き)も満(まん)タン</c><2></c>,でも気(き)合(あい)万(ばん)全(ぜん)やる気(き)も満(まん)タン
142.493,142.659,69,-1,<2></c><1>でも気(き)合(あい)</c><3>万(ばん)全(ぜん)やる気(き)も満(まん)タン</c><2></c>,でも気(き)合(あい)万(ばん)全(ぜん)やる気(き)も満(まん)タン
142.659,142.86,69,-1,<2></c><1>でも気(き)合(あい)</c><3>万(ばん)全(ぜん)やる気(き)も満(まん)タン</c><2></c>,でも気(き)合(あい)万(ばん)全(ぜん)やる気(き)も満(まん)タン
142.86,143.026,69,-1,<2></c><1>でも気(き)合(あい)万(ばん)</c><3>全(ぜん)やる気(き)も満(まん)タン</c><2></c>,でも気(き)合(あい)万(ばん)全(ぜん)やる気(き)も満(まん)タン
143.026,143.227,69,-1,<2></c><1>でも気(き)合(あい)万(ばん)</c><3>全(ぜん)やる気(き)も満(まん)タン</c><2></c>,でも気(き)合(あい)万(ばん)全(ぜん)やる気(き)も満(まん)タン
143.227,143.393,69,-1,<2></c><1>でも気(き)合(あい)万(ばん)全(ぜん)</c><3>やる気(き)も満(まん)タン</c><2></c>,でも気(き)合(あい)万(ばん)全(ぜん)やる気(き)も満(まん)タン
143.393,143.56,69,-1,<2></c><1>でも気(き)合(あい)万(ばん)全(ぜん)</c><3>やる気(き)も満(まん)タン</c><2></c>,でも気(き)合(あい)万(ばん)全(ぜん)やる気(き)も満(まん)タン
143.56,143.794,69,-1,<2></c><1>でも気(き)合(あい)万(ばん)全(ぜん)や</c><3>る気(き)も満(まん)タン</c><2></c>,でも気(き)合(あい)万(ばん)全(ぜん)やる気(き)も満(まん)タン
143.794,143.961,69,-1,<2></c><1>でも気(き)合(あい)万(ばん)全(ぜん)やる</c><3>気(き)も満(まん)タン</c><2></c>,でも気(き)合(あい)万(ばん)全(ぜん)やる気(き)も満(まん)タン
143.961,144.128,69,-1,<2></c><1>でも気(き)合(あい)万(ばん)全(ぜん)やる気(き)</c><3>も満(まん)タン</c><2></c>,でも気(き)合(あい)万(ばん)全(ぜん)やる気(き)も満(まん)タン
144.128,144.328,69,-1,<2></c><1>でも気(き)合(あい)万(ばん)全(ぜん)やる気(き)も</c><3>満(まん)タン</c><2></c>,でも気(き)合(あい)万(ばん)全(ぜん)やる気(き)も満(まん)タン
144.328,144.495,69,-1,<2></c><1>でも気(き)合(あい)万(ばん)全(ぜん)やる気(き)も満(まん)</c><3>タン</c><2></c>,でも気(き)合(あい)万(ばん)全(ぜん)やる気(き)も満(まん)タン
144.495,144.695,69,-1,<2></c><1>でも気(き)合(あい)万(ばん)全(ぜん)やる気(き)も満(まん)</c><3>タン</c><2></c>,でも気(き)合(あい)万(ばん)全(ぜん)やる気(き)も満(まん)タン
144.695,144.761,69,-1,<2></c><1>でも気(き)合(あい)万(ばん)全(ぜん)やる気(き)も満(まん)タ</c><3>ン</c><2></c>,でも気(き)合(あい)万(ばん)全(ぜん)やる気(き)も満(まん)タン
144.761,144.828,69,-1,<2></c><1>でも気(き)合(あい)万(ばん)全(ぜん)やる気(き)も満(まん)タン</c><2></c>,でも気(き)合(あい)万(ばん)全(ぜん)やる気(き)も満(まん)タン
144.828,145.062,-1,-1,<2></c><1>伝(つた)</c><3>わるといいな君(きみ)にforyou</c><2></c>,伝(つた)わるといいな君(きみ)にforyou
145.062,145.229,-1,-1,<2></c><1>伝(つた)</c><3>わるといいな君(きみ)にforyou</c><2></c>,伝(つた)わるといいな君(きみ)にforyou
145.229,145.395,-1,-1,<2></c><1>伝(つた)わ</c><3>るといいな君(きみ)にforyou</c><2></c>,伝(つた)わるといいな君(きみ)にforyou
145.395,145.596,-1,-1,<2></c><1>伝(つた)わる</c><3>といいな君(きみ)にforyou</c><2></c>,伝(つた)わるといいな君(きみ)にforyou
145.596,145.796,-1,-1,<2></c><1>伝(つた)わると</c><3>いいな君(きみ)にforyou</c><2></c>,伝(つた)わるといいな君(きみ)にforyou
145.796,145.963,-1,-1,<2></c><1>伝(つた)わるとい</c><3>いな君(きみ)にforyou</c><2></c>,伝(つた)わるといいな君(きみ)にforyou
145.963,146.13,-1,-1,<2></c><1>伝(つた)わるといい</c><3>な君(きみ)にforyou</c><2></c>,伝(つた)わるといいな君(きみ)にforyou
146.13,146.33,-1,-1,<2></c><1>伝(つた)わるといいな</c><3>君(きみ)にforyou</c><2></c>,伝(つた)わるといいな君(きみ)にforyou
146.33,146.497,-1,-1,<2></c><1>伝(つた)わるといいな君(きみ)</c><3>にforyou</c><2></c>,伝(つた)わるといいな君(きみ)にforyou
146.497,146.663,-1,-1,<2></c><1>伝(つた)わるといいな君(きみ)</c><3>にforyou</c><2></c>,伝(つた)わるといいな君(きみ)にforyou
146.663,146.864,-1,-1,<2></c><1>伝(つた)わるといいな君(きみ)に</c><3>foryou</c><2></c>,伝(つた)わるといいな君(きみ)にforyou
146.864,147.264,-1,-1,<2></c><1>伝(つた)わるといいな君(きみ)にfor</c><3>you</c><2></c>,伝(つた)わるといいな君(きみ)にforyou
147.264,147.798,-1,-1,<2></c><1>伝(つた)わるといいな君(きみ)にforyou</c><2></c>,伝(つた)わるといいな君(きみ)にforyou
147.798,147.965,-1,-1,<2></c><1>po</c><3>nでもきらきらに輝(かがや)きたい</c><2></c>,ponでもきらきらに輝(かがや)きたい
147.965,148.132,-1,-1,<2></c><1>pon</c><3>でもきらきらに輝(かがや)きたい</c><2></c>,ponでもきらきらに輝(かがや)きたい
148.132,148.332,-1,-1,<2></c><1>ponで</c><3>もきらきらに輝(かがや)きたい</c><2></c>,ponでもきらきらに輝(かがや)きたい
148.332,148.465,-1,-1,<2></c><1>ponでも</c><3>きらきらに輝(かがや)きたい</c><2></c>,ponでもきらきらに輝(かがや)きたい
148.465,148.699,-1,-1,<2></c><1>ponでもき</c><3>らきらに輝(かがや)きたい</c><2></c>,ponでもきらきらに輝(かがや)きたい
148.699,148.866,-1,-1,<2></c><1>ponでもきら</c><3>きらに輝(かがや)きたい</c><2></c>,ponでもきらきらに輝(かがや)きたい
148.866,149.066,-1,-1,<2></c><1>ponでもきらき</c><3>らに輝(かがや)きたい</c><2></c>,ponでもきらきらに輝(かがや)きたい
149.066,149.233,-1,-1,<2></c><1>ponでもきらきら</c><3>に輝(かがや)きたい</c><2></c>,ponでもきらきらに輝(かがや)きたい
149.233,149.433,-1,-1,<2></c><1>ponでもきらきらに</c><3>輝(かがや)きたい</c><2></c>,ponでもきらきらに輝(かがや)きたい
149.433,149.6,-1,-1,<2></c><1>ponでもきらきらに輝(かがや)</c><3>きたい</c><2></c>,ponでもきらきらに輝(かがや)きたい
149.6,149.8,-1,-1,<2></c><1>ponでもきらきらに輝(かがや)</c><3>きたい</c><2></c>,ponでもきらきらに輝(かがや)きたい
149.8,149.967,-1,-1,<2></c><1>ponでもきらきらに輝(かがや)</c><3>きたい</c><2></c>,ponでもきらきらに輝(かがや)きたい
149.967,150.167,-1,-1,<2></c><1>ponでもきらきらに輝(かがや)き</c><3>たい</c><2></c>,ponでもきらきらに輝(かがや)きたい
150.167,150.334,-1,-1,<2></c><1>ponでもきらきらに輝(かがや)きた</c><3>い</c><2></c>,ponでもきらきらに輝(かがや)きたい
150.334,150.501,-1,-1,<2></c><1>ponでもきらきらに輝(かがや)きたい</c><2></c>,ponでもきらきらに輝(かがや)きたい
150.501,150.667,-1,-1,<2></c><1>g</c><3>lorydays</c><2></c>,glorydays
150.667,151.068,-1,-1,<2></c><1>glo</c><3>rydays</c><2></c>,glorydays
151.068,151.401,-1,-1,<2></c><1>glory</c><3>days</c><2></c>,glorydays
151.401,152.503,-1,-1,<2></c><1>glorydays</c><2></c>,glorydays
152.002,152.169,-1,85,<2></c><1>g</c><3>lorydays</c><2></c>,glorydays
152.169,152.503,-1,85,<2></c><1>glo</c><3>rydays</c><2></c>,glorydays
152.503,152.87,-1,85,<2></c><1>glory</c><3>days</c><2></c>,glorydays
152.87,153.437,-1,85,<2></c><1>glorydays</c><2></c>,glorydays
153.437,153.637,-1,85,<2></c><1>g</c><3>lorydays</c><2></c>,glorydays
153.637,153.971,-1,85,<2></c><1>glo</c><3>rydays</c><2></c>,glorydays
153.971,154.338,-1,85,<2></c><1>glory</c><3>days</c><2></c>,glorydays
154.338,154.838,-1,85,<2></c><1>glorydays</c><2></c>,glorydays
154.838,155.038,-1,85,<2></c><1>g</c><3>lorydays</c><2></c>,glorydays
155.038,155.405,-1,85,<2></c><1>glo</c><3>rydays</c><2></c>,glorydays
155.405,155.772,-1,85,<2></c><1>glory</c><3>days</c><2></c>,glorydays
155.772,156.306,-1,85,<2></c><1>glorydays</c><2></c>,glorydays
156.306,156.507,-1,85,<2></c><1>g</c><3>lorydays</c><2></c>,glorydays
156.507,156.874,-1,85,<2></c><1>glo</c><3>rydays</c><2></c>,glorydays
156.874,157.241,-1,85,<2></c><1>glory</c><3>days</c><2></c>,glorydays
157.241,158.342,-1,85,<2></c><1>glorydays</c><2></c>,glorydays
