start,end,position,line,text,unformatted
0.217,8.192,-1,0,<2></c><3>忘れじの言の葉／未来古代楽団</c><2></c>,忘れじの言の葉／未来古代楽団
0.217,2.886,-1,91,<2></c><3>作詞：taketerusunamori</c><2></c><3>(miraikodaiorchestra)</c><2></c>,作詞：taketerusunamori(miraikodaiorchestra)
2.886,5.522,-1,91,<2></c><3>作曲、編曲：miyakomatsuoka</c><2></c><3>(miraikodaiorchestra)</c><2></c>,作曲、編曲：miyakomatsuoka(miraikodaiorchestra)
5.522,8.192,-1,-1,<2></c><3>歌唱：</c><1>セシリア・イマーグリーン</c><2></c>,歌唱：セシリア・イマーグリーン
10.427,11.695,-1,-1,<2></c><1>言(こと)</c><3>の葉(は)を紡(つむ)いで</c><2></c>,言(こと)の葉(は)を紡(つむ)いで
11.695,12.196,-1,-1,<2></c><1>言(こと)の</c><3>葉(は)を紡(つむ)いで</c><2></c>,言(こと)の葉(は)を紡(つむ)いで
12.196,13.097,-1,-1,<2></c><1>言(こと)の葉(は)</c><3>を紡(つむ)いで</c><2></c>,言(こと)の葉(は)を紡(つむ)いで
13.097,13.53,-1,-1,<2></c><1>言(こと)の葉(は)を</c><3>紡(つむ)いで</c><2></c>,言(こと)の葉(は)を紡(つむ)いで
13.53,14.431,-1,-1,<2></c><1>言(こと)の葉(は)を紡(つむ)</c><3>いで</c><2></c>,言(こと)の葉(は)を紡(つむ)いで
14.431,14.865,-1,-1,<2></c><1>言(こと)の葉(は)を紡(つむ)い</c><3>で</c><2></c>,言(こと)の葉(は)を紡(つむ)いで
14.865,15.766,-1,-1,<2></c><1>言(こと)の葉(は)を紡(つむ)いで</c><2></c>,言(こと)の葉(は)を紡(つむ)いで
15.766,16.0,-1,-1,<2></c><1>ま</c><3>どろんだ泡(うた)沫(かた)</c><2></c>,まどろんだ泡(うた)沫(かた)
16.0,16.233,-1,-1,<2></c><1>まど</c><3>ろんだ泡(うた)沫(かた)</c><2></c>,まどろんだ泡(うた)沫(かた)
16.233,16.9,-1,-1,<2></c><1>まどろ</c><3>んだ泡(うた)沫(かた)</c><2></c>,まどろんだ泡(うた)沫(かた)
16.9,17.101,-1,-1,<2></c><1>まどろん</c><3>だ泡(うた)沫(かた)</c><2></c>,まどろんだ泡(うた)沫(かた)
17.101,17.568,-1,-1,<2></c><1>まどろんだ</c><3>泡(うた)沫(かた)</c><2></c>,まどろんだ泡(うた)沫(かた)
17.568,18.469,-1,-1,<2></c><1>まどろんだ泡(うた)</c><3>沫(かた)</c><2></c>,まどろんだ泡(うた)沫(かた)
18.469,21.105,-1,-1,<2></c><1>まどろんだ泡(うた)沫(かた)</c><2></c>,まどろんだ泡(うた)沫(かた)
21.105,22.439,-1,-1,<2></c><1>旅(たび)</c><3>人(びと)迷(まよ)いこむ</c><2></c>,旅(たび)人(びと)迷(まよ)いこむ
22.439,23.741,-1,-1,<2></c><1>旅(たび)人(びと)</c><3>迷(まよ)いこむ</c><2></c>,旅(たび)人(びと)迷(まよ)いこむ
23.741,24.908,-1,-1,<2></c><1>旅(たび)人(びと)迷(まよ)</c><3>いこむ</c><2></c>,旅(たび)人(びと)迷(まよ)いこむ
24.908,25.175,-1,-1,<2></c><1>旅(たび)人(びと)迷(まよ)い</c><3>こむ</c><2></c>,旅(たび)人(びと)迷(まよ)いこむ
25.175,25.542,-1,-1,<2></c><1>旅(たび)人(びと)迷(まよ)いこ</c><3>む</c><2></c>,旅(たび)人(びと)迷(まよ)いこむ
25.542,26.443,-1,-1,<2></c><1>旅(たび)人(びと)迷(まよ)いこむ</c><2></c>,旅(たび)人(びと)迷(まよ)いこむ
26.443,26.677,-1,-1,<2></c><1>お</c><3>とぎの深(ふか)い霧(きり)</c><2></c>,おとぎの深(ふか)い霧(きり)
26.677,26.944,-1,-1,<2></c><1>おと</c><3>ぎの深(ふか)い霧(きり)</c><2></c>,おとぎの深(ふか)い霧(きり)
26.944,27.511,-1,-1,<2></c><1>おとぎ</c><3>の深(ふか)い霧(きり)</c><2></c>,おとぎの深(ふか)い霧(きり)
27.511,27.778,-1,-1,<2></c><1>おとぎの</c><3>深(ふか)い霧(きり)</c><2></c>,おとぎの深(ふか)い霧(きり)
27.778,28.645,-1,-1,<2></c><1>おとぎの深(ふか)</c><3>い霧(きり)</c><2></c>,おとぎの深(ふか)い霧(きり)
28.645,29.079,-1,-1,<2></c><1>おとぎの深(ふか)い</c><3>霧(きり)</c><2></c>,おとぎの深(ふか)い霧(きり)
29.079,31.782,-1,-1,<2></c><1>おとぎの深(ふか)い霧(きり)</c><2></c>,おとぎの深(ふか)い霧(きり)
31.782,32.216,-1,-1,<2></c><1>差(さ)</c><3>し伸(の)べた手(て)のひら</c><2></c>,差(さ)し伸(の)べた手(て)のひら
32.216,33.05,-1,-1,<2></c><1>差(さ)し</c><3>伸(の)べた手(て)のひら</c><2></c>,差(さ)し伸(の)べた手(て)のひら
33.05,33.517,-1,-1,<2></c><1>差(さ)し伸(の)</c><3>べた手(て)のひら</c><2></c>,差(さ)し伸(の)べた手(て)のひら
33.517,34.418,-1,-1,<2></c><1>差(さ)し伸(の)べ</c><3>た手(て)のひら</c><2></c>,差(さ)し伸(の)べた手(て)のひら
34.418,34.885,-1,-1,<2></c><1>差(さ)し伸(の)べた</c><3>手(て)のひら</c><2></c>,差(さ)し伸(の)べた手(て)のひら
34.885,35.552,-1,-1,<2></c><1>差(さ)し伸(の)べた手(て)</c><3>のひら</c><2></c>,差(さ)し伸(の)べた手(て)のひら
35.552,35.819,-1,-1,<2></c><1>差(さ)し伸(の)べた手(て)の</c><3>ひら</c><2></c>,差(さ)し伸(の)べた手(て)のひら
35.819,36.253,-1,-1,<2></c><1>差(さ)し伸(の)べた手(て)のひ</c><3>ら</c><2></c>,差(さ)し伸(の)べた手(て)のひら
36.253,37.121,-1,-1,<2></c><1>差(さ)し伸(の)べた手(て)のひら</c><2></c>,差(さ)し伸(の)べた手(て)のひら
37.121,37.321,-1,-1,<2></c><1>そ</c><3>っと触(ふ)れる予(よ)感(かん)</c><2></c>,そっと触(ふ)れる予(よ)感(かん)
37.321,37.554,-1,-1,<2></c><1>そっ</c><3>と触(ふ)れる予(よ)感(かん)</c><2></c>,そっと触(ふ)れる予(よ)感(かん)
37.554,38.222,-1,-1,<2></c><1>そっと</c><3>触(ふ)れる予(よ)感(かん)</c><2></c>,そっと触(ふ)れる予(よ)感(かん)
38.222,38.489,-1,-1,<2></c><1>そっと触(ふ)</c><3>れる予(よ)感(かん)</c><2></c>,そっと触(ふ)れる予(よ)感(かん)
38.489,38.922,-1,-1,<2></c><1>そっと触(ふ)れ</c><3>る予(よ)感(かん)</c><2></c>,そっと触(ふ)れる予(よ)感(かん)
38.922,39.289,-1,-1,<2></c><1>そっと触(ふ)れる</c><3>予(よ)感(かん)</c><2></c>,そっと触(ふ)れる予(よ)感(かん)
39.289,39.79,-1,-1,<2></c><1>そっと触(ふ)れる予(よ)</c><3>感(かん)</c><2></c>,そっと触(ふ)れる予(よ)感(かん)
39.79,42.426,-1,-1,<2></c><1>そっと触(ふ)れる予(よ)感(かん)</c><2></c>,そっと触(ふ)れる予(よ)感(かん)
42.426,42.893,-1,-1,<2></c><1>受(う)</c><3>けとめてこぼれた</c><2></c>,受(う)けとめてこぼれた
42.893,43.761,-1,-1,<2></c><1>受(う)け</c><3>とめてこぼれた</c><2></c>,受(う)けとめてこぼれた
43.761,44.194,-1,-1,<2></c><1>受(う)けと</c><3>めてこぼれた</c><2></c>,受(う)けとめてこぼれた
44.194,45.062,-1,-1,<2></c><1>受(う)けとめ</c><3>てこぼれた</c><2></c>,受(う)けとめてこぼれた
45.062,45.529,-1,-1,<2></c><1>受(う)けとめて</c><3>こぼれた</c><2></c>,受(う)けとめてこぼれた
45.529,46.163,-1,-1,<2></c><1>受(う)けとめてこ</c><3>ぼれた</c><2></c>,受(う)けとめてこぼれた
46.163,46.397,-1,-1,<2></c><1>受(う)けとめてこぼ</c><3>れた</c><2></c>,受(う)けとめてこぼれた
46.397,46.83,-1,-1,<2></c><1>受(う)けとめてこぼれ</c><3>た</c><2></c>,受(う)けとめてこぼれた
46.83,47.798,-1,-1,<2></c><1>受(う)けとめてこぼれた</c><2></c>,受(う)けとめてこぼれた
47.798,48.899,-1,-1,<2></c><1>光(ひかり)</c><3>の一(ひと)滴(しずく)</c><2></c>,光(ひかり)の一(ひと)滴(しずく)
48.899,49.133,-1,-1,<2></c><1>光(ひかり)の</c><3>一(ひと)滴(しずく)</c><2></c>,光(ひかり)の一(ひと)滴(しずく)
49.133,49.933,-1,-1,<2></c><1>光(ひかり)の一(ひと)</c><3>滴(しずく)</c><2></c>,光(ひかり)の一(ひと)滴(しずく)
49.933,52.169,-1,-1,<2></c><1>光(ひかり)の一(ひと)滴(しずく)</c><2></c>,光(ひかり)の一(ひと)滴(しずく)
61.078,62.413,-1,-1,<2></c><1>面(おも)</c><3>影(かげ)虚(うつ)ろって</c><2></c>,面(おも)影(かげ)虚(うつ)ろって
62.413,63.747,-1,-1,<2></c><1>面(おも)影(かげ)</c><3>虚(うつ)ろって</c><2></c>,面(おも)影(かげ)虚(うつ)ろって
63.747,64.882,-1,-1,<2></c><1>面(おも)影(かげ)虚(うつ)</c><3>ろって</c><2></c>,面(おも)影(かげ)虚(うつ)ろって
64.882,65.082,-1,-1,<2></c><1>面(おも)影(かげ)虚(うつ)ろ</c><3>って</c><2></c>,面(おも)影(かげ)虚(うつ)ろって
65.082,65.582,-1,-1,<2></c><1>面(おも)影(かげ)虚(うつ)ろっ</c><3>て</c><2></c>,面(おも)影(かげ)虚(うつ)ろって
65.582,66.45,-1,-1,<2></c><1>面(おも)影(かげ)虚(うつ)ろって</c><2></c>,面(おも)影(かげ)虚(うつ)ろって
66.45,67.651,-1,-1,<2></c><1>微笑(ほほえ)</c><3>んだ幻(まぼろし)</c><2></c>,微笑(ほほえ)んだ幻(まぼろし)
67.651,67.851,-1,-1,<2></c><1>微笑(ほほえ)ん</c><3>だ幻(まぼろし)</c><2></c>,微笑(ほほえ)んだ幻(まぼろし)
67.851,68.285,-1,-1,<2></c><1>微笑(ほほえ)んだ</c><3>幻(まぼろし)</c><2></c>,微笑(ほほえ)んだ幻(まぼろし)
68.285,71.722,-1,-1,<2></c><1>微笑(ほほえ)んだ幻(まぼろし)</c><2></c>,微笑(ほほえ)んだ幻(まぼろし)
71.722,73.123,-1,-1,<2></c><1>想(おも)</c><3>いの果(は)てる場(ば)所(しょ)</c><2></c>,想(おも)いの果(は)てる場(ば)所(しょ)
73.123,73.524,-1,-1,<2></c><1>想(おも)い</c><3>の果(は)てる場(ば)所(しょ)</c><2></c>,想(おも)いの果(は)てる場(ば)所(しょ)
73.524,74.425,-1,-1,<2></c><1>想(おも)いの</c><3>果(は)てる場(ば)所(しょ)</c><2></c>,想(おも)いの果(は)てる場(ば)所(しょ)
74.425,74.892,-1,-1,<2></c><1>想(おも)いの果(は)</c><3>てる場(ば)所(しょ)</c><2></c>,想(おも)いの果(は)てる場(ば)所(しょ)
74.892,75.592,-1,-1,<2></c><1>想(おも)いの果(は)て</c><3>る場(ば)所(しょ)</c><2></c>,想(おも)いの果(は)てる場(ば)所(しょ)
75.592,75.793,-1,-1,<2></c><1>想(おも)いの果(は)てる</c><3>場(ば)所(しょ)</c><2></c>,想(おも)いの果(は)てる場(ば)所(しょ)
75.793,76.226,-1,-1,<2></c><1>想(おも)いの果(は)てる場(ば)</c><3>所(しょ)</c><2></c>,想(おも)いの果(は)てる場(ば)所(しょ)
76.226,77.061,-1,-1,<2></c><1>想(おも)いの果(は)てる場(ば)所(しょ)</c><2></c>,想(おも)いの果(は)てる場(ば)所(しょ)
77.061,77.294,-1,-1,<2></c><1>ま</c><3>だ遙(はる)か遠(とお)くて</c><2></c>,まだ遙(はる)か遠(とお)くて
77.294,77.561,-1,-1,<2></c><1>まだ</c><3>遙(はる)か遠(とお)くて</c><2></c>,まだ遙(はる)か遠(とお)くて
77.561,78.462,-1,-1,<2></c><1>まだ遙(はる)</c><3>か遠(とお)くて</c><2></c>,まだ遙(はる)か遠(とお)くて
78.462,78.896,-1,-1,<2></c><1>まだ遙(はる)か</c><3>遠(とお)くて</c><2></c>,まだ遙(はる)か遠(とお)くて
78.896,79.73,-1,-1,<2></c><1>まだ遙(はる)か遠(とお)</c><3>くて</c><2></c>,まだ遙(はる)か遠(とお)くて
79.73,80.23,-1,-1,<2></c><1>まだ遙(はる)か遠(とお)く</c><3>て</c><2></c>,まだ遙(はる)か遠(とお)くて
80.23,82.466,-1,-1,<2></c><1>まだ遙(はる)か遠(とお)くて</c><2></c>,まだ遙(はる)か遠(とお)くて
82.466,82.9,-1,-1,<2></c><1>求(もと)</c><3>め探(さが)して彷徨(さまよ)って</c><2></c>,求(もと)め探(さが)して彷徨(さまよ)って
82.9,83.367,-1,-1,<2></c><1>求(もと)め</c><3>探(さが)して彷徨(さまよ)って</c><2></c>,求(もと)め探(さが)して彷徨(さまよ)って
83.367,83.801,-1,-1,<2></c><1>求(もと)め探(さが)</c><3>して彷徨(さまよ)って</c><2></c>,求(もと)め探(さが)して彷徨(さまよ)って
83.801,84.001,-1,-1,<2></c><1>求(もと)め探(さが)し</c><3>て彷徨(さまよ)って</c><2></c>,求(もと)め探(さが)して彷徨(さまよ)って
84.001,84.234,-1,-1,<2></c><1>求(もと)め探(さが)して</c><3>彷徨(さまよ)って</c><2></c>,求(もと)め探(さが)して彷徨(さまよ)って
84.234,85.069,-1,-1,<2></c><1>求(もと)め探(さが)して彷徨(さまよ)</c><3>って</c><2></c>,求(もと)め探(さが)して彷徨(さまよ)って
85.069,85.302,-1,-1,<2></c><1>求(もと)め探(さが)して彷徨(さまよ)っ</c><3>て</c><2></c>,求(もと)め探(さが)して彷徨(さまよ)って
85.302,85.536,-1,-1,<2></c><1>求(もと)め探(さが)して彷徨(さまよ)って</c><2></c>,求(もと)め探(さが)して彷徨(さまよ)って
85.536,85.969,-1,-1,<2></c><1>や</c><3>がて歌(うた)われて</c><2></c>,やがて歌(うた)われて
85.969,86.203,-1,-1,<2></c><1>やが</c><3>て歌(うた)われて</c><2></c>,やがて歌(うた)われて
86.203,86.437,-1,-1,<2></c><1>やがて</c><3>歌(うた)われて</c><2></c>,やがて歌(うた)われて
86.437,86.87,-1,-1,<2></c><1>やがて歌(うた)</c><3>われて</c><2></c>,やがて歌(うた)われて
86.87,87.071,-1,-1,<2></c><1>やがて歌(うた)わ</c><3>れて</c><2></c>,やがて歌(うた)われて
87.071,87.304,-1,-1,<2></c><1>やがて歌(うた)われ</c><3>て</c><2></c>,やがて歌(うた)われて
87.304,87.771,-1,-1,<2></c><1>やがて歌(うた)われて</c><2></c>,やがて歌(うた)われて
87.771,88.238,63,-1,<2></c><1>幾(いく)</c><3>千(せん)幾(いく)万(まん)幾(いく)億(おく)の</c><2></c>,幾(いく)千(せん)幾(いく)万(まん)幾(いく)億(おく)の
88.238,88.672,63,-1,<2></c><1>幾(いく)千(せん)</c><3>幾(いく)万(まん)幾(いく)億(おく)の</c><2></c>,幾(いく)千(せん)幾(いく)万(まん)幾(いく)億(おく)の
88.672,89.106,63,-1,<2></c><1>幾(いく)千(せん)幾(いく)</c><3>万(まん)幾(いく)億(おく)の</c><2></c>,幾(いく)千(せん)幾(いく)万(まん)幾(いく)億(おく)の
89.106,89.573,63,-1,<2></c><1>幾(いく)千(せん)幾(いく)万(まん)</c><3>幾(いく)億(おく)の</c><2></c>,幾(いく)千(せん)幾(いく)万(まん)幾(いく)億(おく)の
89.573,90.174,63,-1,<2></c><1>幾(いく)千(せん)幾(いく)万(まん)幾(いく)</c><3>億(おく)の</c><2></c>,幾(いく)千(せん)幾(いく)万(まん)幾(いく)億(おく)の
90.174,90.607,63,-1,<2></c><1>幾(いく)千(せん)幾(いく)万(まん)幾(いく)億(おく)</c><3>の</c><2></c>,幾(いく)千(せん)幾(いく)万(まん)幾(いく)億(おく)の
90.607,90.874,63,-1,<2></c><1>幾(いく)千(せん)幾(いく)万(まん)幾(いく)億(おく)の</c><2></c>,幾(いく)千(せん)幾(いく)万(まん)幾(いく)億(おく)の
90.874,91.275,-1,-1,<2></c><1>旋(せん)</c><3>律(りつ)となる</c><2></c>,旋(せん)律(りつ)となる
91.275,91.742,-1,-1,<2></c><1>旋(せん)律(りつ)</c><3>となる</c><2></c>,旋(せん)律(りつ)となる
91.742,91.975,-1,-1,<2></c><1>旋(せん)律(りつ)と</c><3>なる</c><2></c>,旋(せん)律(りつ)となる
91.975,92.209,-1,-1,<2></c><1>旋(せん)律(りつ)とな</c><3>る</c><2></c>,旋(せん)律(りつ)となる
92.209,93.077,-1,-1,<2></c><1>旋(せん)律(りつ)となる</c><2></c>,旋(せん)律(りつ)となる
93.077,93.31,-1,-1,<2></c><1>い</c><3>つか失(うしな)い奪(うば)われて</c><2></c>,いつか失(うしな)い奪(うば)われて
93.31,93.544,-1,-1,<2></c><1>いつ</c><3>か失(うしな)い奪(うば)われて</c><2></c>,いつか失(うしな)い奪(うば)われて
93.544,93.944,-1,-1,<2></c><1>いつか</c><3>失(うしな)い奪(うば)われて</c><2></c>,いつか失(うしな)い奪(うば)われて
93.944,94.645,-1,-1,<2></c><1>いつか失(うしな)</c><3>い奪(うば)われて</c><2></c>,いつか失(うしな)い奪(うば)われて
94.645,94.845,-1,-1,<2></c><1>いつか失(うしな)い</c><3>奪(うば)われて</c><2></c>,いつか失(うしな)い奪(うば)われて
94.845,95.479,-1,-1,<2></c><1>いつか失(うしな)い奪(うば)</c><3>われて</c><2></c>,いつか失(うしな)い奪(うば)われて
95.479,95.679,-1,-1,<2></c><1>いつか失(うしな)い奪(うば)わ</c><3>れて</c><2></c>,いつか失(うしな)い奪(うば)われて
95.679,95.913,-1,-1,<2></c><1>いつか失(うしな)い奪(うば)われ</c><3>て</c><2></c>,いつか失(うしな)い奪(うば)われて
95.913,96.246,-1,-1,<2></c><1>いつか失(うしな)い奪(うば)われて</c><2></c>,いつか失(うしな)い奪(うば)われて
96.246,96.647,-1,-1,<2></c><1>消(き)</c><3>える運(さだ)命(め)でも</c><2></c>,消(き)える運(さだ)命(め)でも
96.647,96.847,-1,-1,<2></c><1>消(き)え</c><3>る運(さだ)命(め)でも</c><2></c>,消(き)える運(さだ)命(め)でも
96.847,97.081,-1,-1,<2></c><1>消(き)える</c><3>運(さだ)命(め)でも</c><2></c>,消(き)える運(さだ)命(め)でも
97.081,97.514,-1,-1,<2></c><1>消(き)える運(さだ)</c><3>命(め)でも</c><2></c>,消(き)える運(さだ)命(め)でも
97.514,97.748,-1,-1,<2></c><1>消(き)える運(さだ)命(め)</c><3>でも</c><2></c>,消(き)える運(さだ)命(め)でも
97.748,97.981,-1,-1,<2></c><1>消(き)える運(さだ)命(め)で</c><3>も</c><2></c>,消(き)える運(さだ)命(め)でも
97.981,98.449,-1,-1,<2></c><1>消(き)える運(さだ)命(め)でも</c><2></c>,消(き)える運(さだ)命(め)でも
98.449,98.649,56,-1,<2></c><1>そ</c><3>れは忘(わす)れられることなき物(もの)語(がたり)</c><2></c>,それは忘(わす)れられることなき物(もの)語(がたり)
98.649,98.882,56,-1,<2></c><1>それ</c><3>は忘(わす)れられることなき物(もの)語(がたり)</c><2></c>,それは忘(わす)れられることなき物(もの)語(がたり)
98.882,99.316,56,-1,<2></c><1>それは</c><3>忘(わす)れられることなき物(もの)語(がたり)</c><2></c>,それは忘(わす)れられることなき物(もの)語(がたり)
99.316,99.75,56,-1,<2></c><1>それは忘(わす)</c><3>れられることなき物(もの)語(がたり)</c><2></c>,それは忘(わす)れられることなき物(もの)語(がたり)
99.75,99.95,56,-1,<2></c><1>それは忘(わす)れ</c><3>られることなき物(もの)語(がたり)</c><2></c>,それは忘(わす)れられることなき物(もの)語(がたり)
99.95,100.217,56,-1,<2></c><1>それは忘(わす)れら</c><3>れることなき物(もの)語(がたり)</c><2></c>,それは忘(わす)れられることなき物(もの)語(がたり)
100.217,100.651,56,-1,<2></c><1>それは忘(わす)れられ</c><3>ることなき物(もの)語(がたり)</c><2></c>,それは忘(わす)れられることなき物(もの)語(がたり)
100.651,100.884,56,-1,<2></c><1>それは忘(わす)れられる</c><3>ことなき物(もの)語(がたり)</c><2></c>,それは忘(わす)れられることなき物(もの)語(がたり)
100.884,101.085,56,-1,<2></c><1>それは忘(わす)れられるこ</c><3>となき物(もの)語(がたり)</c><2></c>,それは忘(わす)れられることなき物(もの)語(がたり)
101.085,101.285,56,-1,<2></c><1>それは忘(わす)れられること</c><3>なき物(もの)語(がたり)</c><2></c>,それは忘(わす)れられることなき物(もの)語(がたり)
101.285,101.518,56,-1,<2></c><1>それは忘(わす)れられることな</c><3>き物(もの)語(がたり)</c><2></c>,それは忘(わす)れられることなき物(もの)語(がたり)
101.518,103.287,56,-1,<2></c><1>それは忘(わす)れられることなき</c><3>物(もの)語(がたり)</c><2></c>,それは忘(わす)れられることなき物(もの)語(がたり)
103.287,103.754,56,-1,<2></c><1>それは忘(わす)れられることなき物(もの)</c><3>語(がたり)</c><2></c>,それは忘(わす)れられることなき物(もの)語(がたり)
103.754,105.522,56,-1,<2></c><1>それは忘(わす)れられることなき物(もの)語(がたり)</c><2></c>,それは忘(わす)れられることなき物(もの)語(がたり)
114.431,115.699,-1,-1,<2></c><1>指(ゆび)</c><3>先(さき)を絡(から)めて</c><2></c>,指(ゆび)先(さき)を絡(から)めて
115.699,117.067,-1,-1,<2></c><1>指(ゆび)先(さき)</c><3>を絡(から)めて</c><2></c>,指(ゆび)先(さき)を絡(から)めて
117.067,117.534,-1,-1,<2></c><1>指(ゆび)先(さき)を</c><3>絡(から)めて</c><2></c>,指(ゆび)先(さき)を絡(から)めて
117.534,118.402,-1,-1,<2></c><1>指(ゆび)先(さき)を絡(から)</c><3>めて</c><2></c>,指(ゆび)先(さき)を絡(から)めて
118.402,118.869,-1,-1,<2></c><1>指(ゆび)先(さき)を絡(から)め</c><3>て</c><2></c>,指(ゆび)先(さき)を絡(から)めて
118.869,119.803,-1,-1,<2></c><1>指(ゆび)先(さき)を絡(から)めて</c><2></c>,指(ゆび)先(さき)を絡(から)めて
119.803,119.97,-1,-1,<2></c><1>触(ふ)</c><3>れる誰(だれ)かの夢(ゆめ)</c><2></c>,触(ふ)れる誰(だれ)かの夢(ゆめ)
119.97,120.204,-1,-1,<2></c><1>触(ふ)れ</c><3>る誰(だれ)かの夢(ゆめ)</c><2></c>,触(ふ)れる誰(だれ)かの夢(ゆめ)
120.204,120.838,-1,-1,<2></c><1>触(ふ)れる</c><3>誰(だれ)かの夢(ゆめ)</c><2></c>,触(ふ)れる誰(だれ)かの夢(ゆめ)
120.838,121.538,-1,-1,<2></c><1>触(ふ)れる誰(だれ)</c><3>かの夢(ゆめ)</c><2></c>,触(ふ)れる誰(だれ)かの夢(ゆめ)
121.538,121.972,-1,-1,<2></c><1>触(ふ)れる誰(だれ)か</c><3>の夢(ゆめ)</c><2></c>,触(ふ)れる誰(だれ)かの夢(ゆめ)
121.972,122.439,-1,-1,<2></c><1>触(ふ)れる誰(だれ)かの</c><3>夢(ゆめ)</c><2></c>,触(ふ)れる誰(だれ)かの夢(ゆめ)
122.439,125.109,-1,-1,<2></c><1>触(ふ)れる誰(だれ)かの夢(ゆめ)</c><2></c>,触(ふ)れる誰(だれ)かの夢(ゆめ)
125.109,126.41,-1,-1,<2></c><1>刻(きざ)</c><3>まれた想(おも)いの</c><2></c>,刻(きざ)まれた想(おも)いの
126.41,126.844,-1,-1,<2></c><1>刻(きざ)ま</c><3>れた想(おも)いの</c><2></c>,刻(きざ)まれた想(おも)いの
126.844,127.744,-1,-1,<2></c><1>刻(きざ)まれ</c><3>た想(おも)いの</c><2></c>,刻(きざ)まれた想(おも)いの
127.744,128.212,-1,-1,<2></c><1>刻(きざ)まれた</c><3>想(おも)いの</c><2></c>,刻(きざ)まれた想(おも)いの
128.212,129.146,-1,-1,<2></c><1>刻(きざ)まれた想(おも)</c><3>いの</c><2></c>,刻(きざ)まれた想(おも)いの
129.146,129.546,-1,-1,<2></c><1>刻(きざ)まれた想(おも)い</c><3>の</c><2></c>,刻(きざ)まれた想(おも)いの
129.546,130.414,-1,-1,<2></c><1>刻(きざ)まれた想(おも)いの</c><2></c>,刻(きざ)まれた想(おも)いの
130.414,130.647,-1,-1,<2></c><1>木(こ)</c><3>霊(だま)だけは響(ひび)く</c><2></c>,木(こ)霊(だま)だけは響(ひび)く
130.647,131.515,-1,-1,<2></c><1>木(こ)霊(だま)</c><3>だけは響(ひび)く</c><2></c>,木(こ)霊(だま)だけは響(ひび)く
131.515,131.748,-1,-1,<2></c><1>木(こ)霊(だま)だ</c><3>けは響(ひび)く</c><2></c>,木(こ)霊(だま)だけは響(ひび)く
131.748,132.182,-1,-1,<2></c><1>木(こ)霊(だま)だけ</c><3>は響(ひび)く</c><2></c>,木(こ)霊(だま)だけは響(ひび)く
132.182,132.616,-1,-1,<2></c><1>木(こ)霊(だま)だけは</c><3>響(ひび)く</c><2></c>,木(こ)霊(だま)だけは響(ひび)く
132.616,133.55,-1,-1,<2></c><1>木(こ)霊(だま)だけは響(ひび)</c><3>く</c><2></c>,木(こ)霊(だま)だけは響(ひび)く
133.55,135.786,-1,-1,<2></c><1>木(こ)霊(だま)だけは響(ひび)く</c><2></c>,木(こ)霊(だま)だけは響(ひび)く
135.786,137.054,-1,-1,<2></c><1>言(こと)</c><3>の葉(は)を紡(つむ)いで</c><2></c>,言(こと)の葉(は)を紡(つむ)いで
137.054,137.554,-1,-1,<2></c><1>言(こと)の</c><3>葉(は)を紡(つむ)いで</c><2></c>,言(こと)の葉(は)を紡(つむ)いで
137.554,138.422,-1,-1,<2></c><1>言(こと)の葉(は)</c><3>を紡(つむ)いで</c><2></c>,言(こと)の葉(は)を紡(つむ)いで
138.422,138.889,-1,-1,<2></c><1>言(こと)の葉(は)を</c><3>紡(つむ)いで</c><2></c>,言(こと)の葉(は)を紡(つむ)いで
138.889,139.79,-1,-1,<2></c><1>言(こと)の葉(は)を紡(つむ)</c><3>いで</c><2></c>,言(こと)の葉(は)を紡(つむ)いで
139.79,140.224,-1,-1,<2></c><1>言(こと)の葉(は)を紡(つむ)い</c><3>で</c><2></c>,言(こと)の葉(は)を紡(つむ)いで
140.224,141.091,-1,-1,<2></c><1>言(こと)の葉(は)を紡(つむ)いで</c><2></c>,言(こと)の葉(は)を紡(つむ)いで
141.091,141.325,-1,-1,<2></c><1>ま</c><3>どろんだ泡(うた)沫(かた)</c><2></c>,まどろんだ泡(うた)沫(かた)
141.325,141.558,-1,-1,<2></c><1>まど</c><3>ろんだ泡(うた)沫(かた)</c><2></c>,まどろんだ泡(うた)沫(かた)
141.558,142.226,-1,-1,<2></c><1>まどろ</c><3>んだ泡(うた)沫(かた)</c><2></c>,まどろんだ泡(うた)沫(かた)
142.226,142.426,-1,-1,<2></c><1>まどろん</c><3>だ泡(うた)沫(かた)</c><2></c>,まどろんだ泡(うた)沫(かた)
142.426,142.893,-1,-1,<2></c><1>まどろんだ</c><3>泡(うた)沫(かた)</c><2></c>,まどろんだ泡(うた)沫(かた)
142.893,143.794,-1,-1,<2></c><1>まどろんだ泡(うた)</c><3>沫(かた)</c><2></c>,まどろんだ泡(うた)沫(かた)
143.794,146.396,-1,-1,<2></c><1>まどろんだ泡(うた)沫(かた)</c><2></c>,まどろんだ泡(うた)沫(かた)
146.396,147.764,-1,-1,<2></c><1>旅(たび)</c><3>人(びと)の名(な)前(まえ)を</c><2></c>,旅(たび)人(びと)の名(な)前(まえ)を
147.764,149.066,-1,-1,<2></c><1>旅(たび)人(びと)</c><3>の名(な)前(まえ)を</c><2></c>,旅(たび)人(びと)の名(な)前(まえ)を
149.066,149.533,-1,-1,<2></c><1>旅(たび)人(びと)の</c><3>名(な)前(まえ)を</c><2></c>,旅(たび)人(びと)の名(な)前(まえ)を
149.533,150.234,-1,-1,<2></c><1>旅(たび)人(びと)の名(な)</c><3>前(まえ)を</c><2></c>,旅(たび)人(びと)の名(な)前(まえ)を
150.234,150.868,-1,-1,<2></c><1>旅(たび)人(びと)の名(な)前(まえ)</c><3>を</c><2></c>,旅(たび)人(びと)の名(な)前(まえ)を
150.868,151.768,-1,-1,<2></c><1>旅(たび)人(びと)の名(な)前(まえ)を</c><2></c>,旅(たび)人(びと)の名(な)前(まえ)を
151.768,152.002,-1,-1,<2></c><1>お</c><3>とぎばなしという</c><2></c>,おとぎばなしという
152.002,152.236,-1,-1,<2></c><1>おと</c><3>ぎばなしという</c><2></c>,おとぎばなしという
152.236,152.87,-1,-1,<2></c><1>おとぎ</c><3>ばなしという</c><2></c>,おとぎばなしという
152.87,153.103,-1,-1,<2></c><1>おとぎば</c><3>なしという</c><2></c>,おとぎばなしという
153.103,153.537,-1,-1,<2></c><1>おとぎばな</c><3>しという</c><2></c>,おとぎばなしという
153.537,154.004,-1,-1,<2></c><1>おとぎばなし</c><3>という</c><2></c>,おとぎばなしという
154.004,154.404,-1,-1,<2></c><1>おとぎばなしと</c><3>いう</c><2></c>,おとぎばなしという
154.404,154.872,-1,-1,<2></c><1>おとぎばなしとい</c><3>う</c><2></c>,おとぎばなしという
154.872,156.206,-1,-1,<2></c><1>おとぎばなしという</c><2></c>,おとぎばなしという
167.784,168.218,-1,-1,<2></c><1>求(もと)</c><3>め探(さが)して彷徨(さまよ)って</c><2></c>,求(もと)め探(さが)して彷徨(さまよ)って
168.218,168.652,-1,-1,<2></c><1>求(もと)め</c><3>探(さが)して彷徨(さまよ)って</c><2></c>,求(もと)め探(さが)して彷徨(さまよ)って
168.652,169.119,-1,-1,<2></c><1>求(もと)め探(さが)</c><3>して彷徨(さまよ)って</c><2></c>,求(もと)め探(さが)して彷徨(さまよ)って
169.119,169.286,-1,-1,<2></c><1>求(もと)め探(さが)し</c><3>て彷徨(さまよ)って</c><2></c>,求(もと)め探(さが)して彷徨(さまよ)って
169.286,169.553,-1,-1,<2></c><1>求(もと)め探(さが)して</c><3>彷徨(さまよ)って</c><2></c>,求(もと)め探(さが)して彷徨(さまよ)って
169.553,170.287,-1,-1,<2></c><1>求(もと)め探(さが)して彷徨(さまよ)</c><3>って</c><2></c>,求(もと)め探(さが)して彷徨(さまよ)って
170.287,170.621,-1,-1,<2></c><1>求(もと)め探(さが)して彷徨(さまよ)っ</c><3>て</c><2></c>,求(もと)め探(さが)して彷徨(さまよ)って
170.621,170.854,-1,-1,<2></c><1>求(もと)め探(さが)して彷徨(さまよ)って</c><2></c>,求(もと)め探(さが)して彷徨(さまよ)って
170.854,171.288,-1,-1,<2></c><1>や</c><3>がて道(みち)となり</c><2></c>,やがて道(みち)となり
171.288,171.522,-1,-1,<2></c><1>やが</c><3>て道(みち)となり</c><2></c>,やがて道(みち)となり
171.522,171.755,-1,-1,<2></c><1>やがて</c><3>道(みち)となり</c><2></c>,やがて道(みち)となり
171.755,172.222,-1,-1,<2></c><1>やがて道(みち)</c><3>となり</c><2></c>,やがて道(みち)となり
172.222,172.422,-1,-1,<2></c><1>やがて道(みち)と</c><3>なり</c><2></c>,やがて道(みち)となり
172.422,172.656,-1,-1,<2></c><1>やがて道(みち)とな</c><3>り</c><2></c>,やがて道(みち)となり
172.656,173.157,-1,-1,<2></c><1>やがて道(みち)となり</c><2></c>,やがて道(みち)となり
173.157,173.624,63,-1,<2></c><1>幾(いく)</c><3>千(せん)幾(いく)万(まん)幾(いく)億(おく)の</c><2></c>,幾(いく)千(せん)幾(いく)万(まん)幾(いく)億(おく)の
173.624,174.024,63,-1,<2></c><1>幾(いく)千(せん)</c><3>幾(いく)万(まん)幾(いく)億(おく)の</c><2></c>,幾(いく)千(せん)幾(いく)万(まん)幾(いく)億(おく)の
174.024,174.458,63,-1,<2></c><1>幾(いく)千(せん)幾(いく)</c><3>万(まん)幾(いく)億(おく)の</c><2></c>,幾(いく)千(せん)幾(いく)万(まん)幾(いく)億(おく)の
174.458,174.925,63,-1,<2></c><1>幾(いく)千(せん)幾(いく)万(まん)</c><3>幾(いく)億(おく)の</c><2></c>,幾(いく)千(せん)幾(いく)万(まん)幾(いく)億(おく)の
174.925,175.526,63,-1,<2></c><1>幾(いく)千(せん)幾(いく)万(まん)幾(いく)</c><3>億(おく)の</c><2></c>,幾(いく)千(せん)幾(いく)万(まん)幾(いく)億(おく)の
175.526,175.993,63,-1,<2></c><1>幾(いく)千(せん)幾(いく)万(まん)幾(いく)億(おく)</c><3>の</c><2></c>,幾(いく)千(せん)幾(いく)万(まん)幾(いく)億(おく)の
175.993,176.226,63,-1,<2></c><1>幾(いく)千(せん)幾(いく)万(まん)幾(いく)億(おく)の</c><2></c>,幾(いく)千(せん)幾(いく)万(まん)幾(いく)億(おく)の
176.226,176.66,-1,-1,<2></c><1>英(えい)</c><3>雄(ゆう)は征(ゆ)く</c><2></c>,英(えい)雄(ゆう)は征(ゆ)く
176.66,177.06,-1,-1,<2></c><1>英(えい)雄(ゆう)</c><3>は征(ゆ)く</c><2></c>,英(えい)雄(ゆう)は征(ゆ)く
177.06,177.294,-1,-1,<2></c><1>英(えい)雄(ゆう)は</c><3>征(ゆ)く</c><2></c>,英(えい)雄(ゆう)は征(ゆ)く
177.294,177.561,-1,-1,<2></c><1>英(えい)雄(ゆう)は征(ゆ)</c><3>く</c><2></c>,英(えい)雄(ゆう)は征(ゆ)く
177.561,178.395,-1,-1,<2></c><1>英(えい)雄(ゆう)は征(ゆ)く</c><2></c>,英(えい)雄(ゆう)は征(ゆ)く
178.395,178.629,-1,-1,<2></c><1>い</c><3>つか失(うしな)い奪(うば)われて</c><2></c>,いつか失(うしな)い奪(うば)われて
178.629,178.862,-1,-1,<2></c><1>いつ</c><3>か失(うしな)い奪(うば)われて</c><2></c>,いつか失(うしな)い奪(うば)われて
178.862,179.396,-1,-1,<2></c><1>いつか</c><3>失(うしな)い奪(うば)われて</c><2></c>,いつか失(うしな)い奪(うば)われて
179.396,179.963,-1,-1,<2></c><1>いつか失(うしな)</c><3>い奪(うば)われて</c><2></c>,いつか失(うしな)い奪(うば)われて
179.963,180.197,-1,-1,<2></c><1>いつか失(うしな)い</c><3>奪(うば)われて</c><2></c>,いつか失(うしな)い奪(うば)われて
180.197,180.864,-1,-1,<2></c><1>いつか失(うしな)い奪(うば)</c><3>われて</c><2></c>,いつか失(うしな)い奪(うば)われて
180.864,181.064,-1,-1,<2></c><1>いつか失(うしな)い奪(うば)わ</c><3>れて</c><2></c>,いつか失(うしな)い奪(うば)われて
181.064,181.298,-1,-1,<2></c><1>いつか失(うしな)い奪(うば)われ</c><3>て</c><2></c>,いつか失(うしな)い奪(うば)われて
181.298,181.565,-1,-1,<2></c><1>いつか失(うしな)い奪(うば)われて</c><2></c>,いつか失(うしな)い奪(うば)われて
181.565,181.965,-1,-1,<2></c><1>消(き)</c><3>える運(さだ)命(め)でも</c><2></c>,消(き)える運(さだ)命(め)でも
181.965,182.166,-1,-1,<2></c><1>消(き)え</c><3>る運(さだ)命(め)でも</c><2></c>,消(き)える運(さだ)命(め)でも
182.166,182.399,-1,-1,<2></c><1>消(き)える</c><3>運(さだ)命(め)でも</c><2></c>,消(き)える運(さだ)命(め)でも
182.399,182.833,-1,-1,<2></c><1>消(き)える運(さだ)</c><3>命(め)でも</c><2></c>,消(き)える運(さだ)命(め)でも
182.833,183.066,-1,-1,<2></c><1>消(き)える運(さだ)命(め)</c><3>でも</c><2></c>,消(き)える運(さだ)命(め)でも
183.066,183.267,-1,-1,<2></c><1>消(き)える運(さだ)命(め)で</c><3>も</c><2></c>,消(き)える運(さだ)命(め)でも
183.267,183.734,-1,-1,<2></c><1>消(き)える運(さだ)命(め)でも</c><2></c>,消(き)える運(さだ)命(め)でも
183.734,183.934,-1,-1,<2></c><1>そ</c><3>れは忘(わす)れられることなく</c><2></c>,それは忘(わす)れられることなく
183.934,184.134,-1,-1,<2></c><1>それ</c><3>は忘(わす)れられることなく</c><2></c>,それは忘(わす)れられることなく
184.134,184.635,-1,-1,<2></c><1>それは</c><3>忘(わす)れられることなく</c><2></c>,それは忘(わす)れられることなく
184.635,185.068,-1,-1,<2></c><1>それは忘(わす)</c><3>れられることなく</c><2></c>,それは忘(わす)れられることなく
185.068,185.269,-1,-1,<2></c><1>それは忘(わす)れ</c><3>られることなく</c><2></c>,それは忘(わす)れられることなく
185.269,185.502,-1,-1,<2></c><1>それは忘(わす)れら</c><3>れることなく</c><2></c>,それは忘(わす)れられることなく
185.502,185.936,-1,-1,<2></c><1>それは忘(わす)れられ</c><3>ることなく</c><2></c>,それは忘(わす)れられることなく
185.936,186.17,-1,-1,<2></c><1>それは忘(わす)れられる</c><3>ことなく</c><2></c>,それは忘(わす)れられることなく
186.17,186.37,-1,-1,<2></c><1>それは忘(わす)れられるこ</c><3>となく</c><2></c>,それは忘(わす)れられることなく
186.37,186.603,-1,-1,<2></c><1>それは忘(わす)れられること</c><3>なく</c><2></c>,それは忘(わす)れられることなく
186.603,186.87,-1,-1,<2></c><1>それは忘(わす)れられることな</c><3>く</c><2></c>,それは忘(わす)れられることなく
186.87,187.337,-1,-1,<2></c><1>それは忘(わす)れられることなく</c><2></c>,それは忘(わす)れられることなく
187.337,187.571,-1,-1,<2></c><1>こ</c><3>こにある</c><2></c>,ここにある
187.571,187.804,-1,-1,<2></c><1>ここ</c><3>にある</c><2></c>,ここにある
187.804,188.005,-1,-1,<2></c><1>ここに</c><3>ある</c><2></c>,ここにある
188.005,188.238,-1,-1,<2></c><1>ここにあ</c><3>る</c><2></c>,ここにある
188.238,189.106,-1,-1,<2></c><1>ここにある</c><2></c>,ここにある
189.106,189.54,-1,-1,<2></c><1>求(もと)</c><3>め探(さが)して彷徨(さまよ)って</c><2></c>,求(もと)め探(さが)して彷徨(さまよ)って
189.54,190.007,-1,-1,<2></c><1>求(もと)め</c><3>探(さが)して彷徨(さまよ)って</c><2></c>,求(もと)め探(さが)して彷徨(さまよ)って
190.007,190.44,-1,-1,<2></c><1>求(もと)め探(さが)</c><3>して彷徨(さまよ)って</c><2></c>,求(もと)め探(さが)して彷徨(さまよ)って
190.44,190.641,-1,-1,<2></c><1>求(もと)め探(さが)し</c><3>て彷徨(さまよ)って</c><2></c>,求(もと)め探(さが)して彷徨(さまよ)って
190.641,190.908,-1,-1,<2></c><1>求(もと)め探(さが)して</c><3>彷徨(さまよ)って</c><2></c>,求(もと)め探(さが)して彷徨(さまよ)って
190.908,191.742,-1,-1,<2></c><1>求(もと)め探(さが)して彷徨(さまよ)</c><3>って</c><2></c>,求(もと)め探(さが)して彷徨(さまよ)って
191.742,191.942,-1,-1,<2></c><1>求(もと)め探(さが)して彷徨(さまよ)っ</c><3>て</c><2></c>,求(もと)め探(さが)して彷徨(さまよ)って
191.942,192.176,-1,-1,<2></c><1>求(もと)め探(さが)して彷徨(さまよ)って</c><2></c>,求(もと)め探(さが)して彷徨(さまよ)って
192.176,192.643,-1,-1,<2></c><1>や</c><3>がて歌(うた)われて</c><2></c>,やがて歌(うた)われて
192.643,192.843,-1,-1,<2></c><1>やが</c><3>て歌(うた)われて</c><2></c>,やがて歌(うた)われて
192.843,193.076,-1,-1,<2></c><1>やがて</c><3>歌(うた)われて</c><2></c>,やがて歌(うた)われて
193.076,193.544,-1,-1,<2></c><1>やがて歌(うた)</c><3>われて</c><2></c>,やがて歌(うた)われて
193.544,193.744,-1,-1,<2></c><1>やがて歌(うた)わ</c><3>れて</c><2></c>,やがて歌(うた)われて
193.744,193.977,-1,-1,<2></c><1>やがて歌(うた)われ</c><3>て</c><2></c>,やがて歌(うた)われて
193.977,194.411,-1,-1,<2></c><1>やがて歌(うた)われて</c><2></c>,やがて歌(うた)われて
194.411,194.878,63,-1,<2></c><1>幾(いく)</c><3>千(せん)幾(いく)万(まん)幾(いく)億(おく)の</c><2></c>,幾(いく)千(せん)幾(いく)万(まん)幾(いく)億(おく)の
194.878,195.312,63,-1,<2></c><1>幾(いく)千(せん)</c><3>幾(いく)万(まん)幾(いく)億(おく)の</c><2></c>,幾(いく)千(せん)幾(いく)万(まん)幾(いく)億(おく)の
195.312,195.746,63,-1,<2></c><1>幾(いく)千(せん)幾(いく)</c><3>万(まん)幾(いく)億(おく)の</c><2></c>,幾(いく)千(せん)幾(いく)万(まん)幾(いく)億(おく)の
195.746,196.18,63,-1,<2></c><1>幾(いく)千(せん)幾(いく)万(まん)</c><3>幾(いく)億(おく)の</c><2></c>,幾(いく)千(せん)幾(いく)万(まん)幾(いく)億(おく)の
196.18,196.78,63,-1,<2></c><1>幾(いく)千(せん)幾(いく)万(まん)幾(いく)</c><3>億(おく)の</c><2></c>,幾(いく)千(せん)幾(いく)万(まん)幾(いく)億(おく)の
196.78,197.247,63,-1,<2></c><1>幾(いく)千(せん)幾(いく)万(まん)幾(いく)億(おく)</c><3>の</c><2></c>,幾(いく)千(せん)幾(いく)万(まん)幾(いく)億(おく)の
197.247,197.548,63,-1,<2></c><1>幾(いく)千(せん)幾(いく)万(まん)幾(いく)億(おく)の</c><2></c>,幾(いく)千(せん)幾(いく)万(まん)幾(いく)億(おく)の
197.548,197.948,-1,-1,<2></c><1>旋(せん)</c><3>律(りつ)となる</c><2></c>,旋(せん)律(りつ)となる
197.948,198.448,-1,-1,<2></c><1>旋(せん)律(りつ)</c><3>となる</c><2></c>,旋(せん)律(りつ)となる
198.448,198.649,-1,-1,<2></c><1>旋(せん)律(りつ)と</c><3>なる</c><2></c>,旋(せん)律(りつ)となる
198.649,198.882,-1,-1,<2></c><1>旋(せん)律(りつ)とな</c><3>る</c><2></c>,旋(せん)律(りつ)となる
198.882,199.75,-1,-1,<2></c><1>旋(せん)律(りつ)となる</c><2></c>,旋(せん)律(りつ)となる
199.75,199.983,-1,-1,<2></c><1>い</c><3>つか失(うしな)い奪(うば)われて</c><2></c>,いつか失(うしな)い奪(うば)われて
199.983,200.217,-1,-1,<2></c><1>いつ</c><3>か失(うしな)い奪(うば)われて</c><2></c>,いつか失(うしな)い奪(うば)われて
200.217,200.651,-1,-1,<2></c><1>いつか</c><3>失(うしな)い奪(うば)われて</c><2></c>,いつか失(うしな)い奪(うば)われて
200.651,201.318,-1,-1,<2></c><1>いつか失(うしな)</c><3>い奪(うば)われて</c><2></c>,いつか失(うしな)い奪(うば)われて
201.318,201.518,-1,-1,<2></c><1>いつか失(うしな)い</c><3>奪(うば)われて</c><2></c>,いつか失(うしな)い奪(うば)われて
201.518,202.152,-1,-1,<2></c><1>いつか失(うしな)い奪(うば)</c><3>われて</c><2></c>,いつか失(うしな)い奪(うば)われて
202.152,202.386,-1,-1,<2></c><1>いつか失(うしな)い奪(うば)わ</c><3>れて</c><2></c>,いつか失(うしな)い奪(うば)われて
202.386,202.619,-1,-1,<2></c><1>いつか失(うしな)い奪(うば)われ</c><3>て</c><2></c>,いつか失(うしな)い奪(うば)われて
202.619,202.886,-1,-1,<2></c><1>いつか失(うしな)い奪(うば)われて</c><2></c>,いつか失(うしな)い奪(うば)われて
202.886,203.287,-1,-1,<2></c><1>消(き)</c><3>える運(さだ)命(め)でも</c><2></c>,消(き)える運(さだ)命(め)でも
203.287,203.487,-1,-1,<2></c><1>消(き)え</c><3>る運(さだ)命(め)でも</c><2></c>,消(き)える運(さだ)命(め)でも
203.487,203.72,-1,-1,<2></c><1>消(き)える</c><3>運(さだ)命(め)でも</c><2></c>,消(き)える運(さだ)命(め)でも
203.72,204.154,-1,-1,<2></c><1>消(き)える運(さだ)</c><3>命(め)でも</c><2></c>,消(き)える運(さだ)命(め)でも
204.154,204.388,-1,-1,<2></c><1>消(き)える運(さだ)命(め)</c><3>でも</c><2></c>,消(き)える運(さだ)命(め)でも
204.388,204.621,-1,-1,<2></c><1>消(き)える運(さだ)命(め)で</c><3>も</c><2></c>,消(き)える運(さだ)命(め)でも
204.621,205.088,-1,-1,<2></c><1>消(き)える運(さだ)命(め)でも</c><2></c>,消(き)える運(さだ)命(め)でも
205.088,205.289,56,-1,<2></c><1>そ</c><3>れは忘(わす)れられることなき物(もの)語(がたり)</c><2></c>,それは忘(わす)れられることなき物(もの)語(がたり)
205.289,205.556,56,-1,<2></c><1>それ</c><3>は忘(わす)れられることなき物(もの)語(がたり)</c><2></c>,それは忘(わす)れられることなき物(もの)語(がたり)
205.556,205.923,56,-1,<2></c><1>それは</c><3>忘(わす)れられることなき物(もの)語(がたり)</c><2></c>,それは忘(わす)れられることなき物(もの)語(がたり)
205.923,206.423,56,-1,<2></c><1>それは忘(わす)</c><3>れられることなき物(もの)語(がたり)</c><2></c>,それは忘(わす)れられることなき物(もの)語(がたり)
206.423,206.623,56,-1,<2></c><1>それは忘(わす)れ</c><3>られることなき物(もの)語(がたり)</c><2></c>,それは忘(わす)れられることなき物(もの)語(がたり)
206.623,206.823,56,-1,<2></c><1>それは忘(わす)れら</c><3>れることなき物(もの)語(がたり)</c><2></c>,それは忘(わす)れられることなき物(もの)語(がたり)
206.823,207.291,56,-1,<2></c><1>それは忘(わす)れられ</c><3>ることなき物(もの)語(がたり)</c><2></c>,それは忘(わす)れられることなき物(もの)語(がたり)
207.291,207.491,56,-1,<2></c><1>それは忘(わす)れられる</c><3>ことなき物(もの)語(がたり)</c><2></c>,それは忘(わす)れられることなき物(もの)語(がたり)
207.491,207.724,56,-1,<2></c><1>それは忘(わす)れられるこ</c><3>となき物(もの)語(がたり)</c><2></c>,それは忘(わす)れられることなき物(もの)語(がたり)
207.724,207.925,56,-1,<2></c><1>それは忘(わす)れられること</c><3>なき物(もの)語(がたり)</c><2></c>,それは忘(わす)れられることなき物(もの)語(がたり)
207.925,208.192,56,-1,<2></c><1>それは忘(わす)れられることな</c><3>き物(もの)語(がたり)</c><2></c>,それは忘(わす)れられることなき物(もの)語(がたり)
208.192,209.927,56,-1,<2></c><1>それは忘(わす)れられることなき</c><3>物(もの)語(がたり)</c><2></c>,それは忘(わす)れられることなき物(もの)語(がたり)
209.927,210.394,56,-1,<2></c><1>それは忘(わす)れられることなき物(もの)</c><3>語(がたり)</c><2></c>,それは忘(わす)れられることなき物(もの)語(がたり)
210.394,213.53,56,-1,<2></c><1>それは忘(わす)れられることなき物(もの)語(がたり)</c><2></c>,それは忘(わす)れられることなき物(もの)語(がたり)
