start,end,position,line,text,token
1.785,16.0,-1,0,<2></c><7>角巻わため-キミだけのメロディ</c><2></c>,角巻わため-キミだけのメロディ
1.785,3.554,83,-1,<2></c><7>作詞:saji(hifumiinc.)おぐらあすか(hifumiinc.)</c><2></c>,作詞:saji(hifumiinc.)おぐらあすか(hifumiinc.)
3.554,5.322,-1,-1,<2></c><7>作曲編曲:彦田元気(hifumiinc.)</c><2></c>,作曲編曲:彦田元気(hifumiinc.)
5.322,7.091,92,-1,<2></c><7>electricguitaracousticguitar:三代(hifumiinc.)</c><2></c>,electricguitaracousticguitar:三代(hifumiinc.)
7.091,8.892,-1,-1,<2></c><7>bass:須長和広</c><2></c><7>drums:masuke</c><2></c>,bass:須長和広drums:masuke
8.892,10.661,73,-1,<2></c><7>recordingengineer:石塚陽大(hifumiinc.)</c><2></c>,recordingengineer:石塚陽大(hifumiinc.)
10.661,12.429,69,-1,<2></c><7>mixingengineer:石塚陽大(hifumiinc.)</c><2></c>,mixingengineer:石塚陽大(hifumiinc.)
12.429,14.198,-1,-1,<2></c><7>イラスト:チェリ子(@chie_rico)</c><2></c><7>movie:quro(@nicoquro)</c><2></c>,イラスト:チェリ子(@chie_rico)movie:quro(@nicoquro)
14.198,16.0,-1,-1,<2></c><7>角巻productionteam</c><2></c>,角巻productionteam
16.533,16.9,-1,0,<2></c><7>す</c><4>ごしてきたたくさんのひび</c><2></c>,す
16.533,16.9,-1,-1,<2></c><7>過</c><4>ごしてきたたくさんの日々</c><2></c>,過
16.9,17.201,-1,0,<2></c><7>すご</c><4>してきたたくさんのひび</c><2></c>,ご
16.9,17.201,-1,-1,<2></c><7>過ご</c><4>してきたたくさんの日々</c><2></c>,ご
17.201,17.568,-1,0,<2></c><7>すごし</c><4>てきたたくさんのひび</c><2></c>,し
17.201,17.568,-1,-1,<2></c><7>過ごし</c><4>てきたたくさんの日々</c><2></c>,し
17.568,17.968,-1,0,<2></c><7>すごして</c><4>きたたくさんのひび</c><2></c>,て
17.568,17.968,-1,-1,<2></c><7>過ごして</c><4>きたたくさんの日々</c><2></c>,て
17.968,18.435,-1,0,<2></c><7>すごしてき</c><4>たたくさんのひび</c><2></c>,き
17.968,18.435,-1,-1,<2></c><7>過ごしてき</c><4>たたくさんの日々</c><2></c>,き
18.435,19.103,-1,0,<2></c><7>すごしてきた</c><4>たくさんのひび</c><2></c>,た
18.435,19.103,-1,-1,<2></c><7>過ごしてきた</c><4>たくさんの日々</c><2></c>,た
19.103,19.336,-1,0,<2></c><7>すごしてきたた</c><4>くさんのひび</c><2></c>,た
19.103,19.336,-1,-1,<2></c><7>過ごしてきたた</c><4>くさんの日々</c><2></c>,た
19.336,19.57,-1,0,<2></c><7>すごしてきたたく</c><4>さんのひび</c><2></c>,く
19.336,19.57,-1,-1,<2></c><7>過ごしてきたたく</c><4>さんの日々</c><2></c>,く
19.57,20.004,-1,0,<2></c><7>すごしてきたたくさ</c><4>んのひび</c><2></c>,さ
19.57,20.004,-1,-1,<2></c><7>過ごしてきたたくさ</c><4>んの日々</c><2></c>,さ
20.004,20.237,-1,0,<2></c><7>すごしてきたたくさん</c><4>のひび</c><2></c>,ん
20.004,20.237,-1,-1,<2></c><7>過ごしてきたたくさん</c><4>の日々</c><2></c>,ん
20.237,20.671,-1,0,<2></c><7>すごしてきたたくさんの</c><4>ひび</c><2></c>,の
20.237,20.671,-1,-1,<2></c><7>過ごしてきたたくさんの</c><4>日々</c><2></c>,の
20.671,21.105,-1,0,<2></c><7>すごしてきたたくさんのひ</c><4>び</c><2></c>,ひ
20.671,21.105,-1,-1,<2></c><7>過ごしてきたたくさんの日</c><4>々</c><2></c>,日
21.105,23.774,-1,0,<2></c><7>すごしてきたたくさんのひび</c><2></c>,び
21.105,23.774,-1,-1,<2></c><7>過ごしてきたたくさんの日々</c><2></c>,々
23.774,24.008,-1,0,<2></c><7>あ</c><4>るいてきたはてしないみち</c><2></c>,あ
23.774,24.341,-1,-1,<2></c><7>歩</c><4>いてきた果てしない道</c><2></c>,歩
24.008,24.341,-1,0,<2></c><7>ある</c><4>いてきたはてしないみち</c><2></c>,る
24.341,24.675,-1,0,<2></c><7>あるい</c><4>てきたはてしないみち</c><2></c>,い
24.341,24.675,-1,-1,<2></c><7>歩い</c><4>てきた果てしない道</c><2></c>,い
24.675,25.075,-1,0,<2></c><7>あるいて</c><4>きたはてしないみち</c><2></c>,て
24.675,25.075,-1,-1,<2></c><7>歩いて</c><4>きた果てしない道</c><2></c>,て
25.075,25.576,-1,0,<2></c><7>あるいてき</c><4>たはてしないみち</c><2></c>,き
25.075,25.576,-1,-1,<2></c><7>歩いてき</c><4>た果てしない道</c><2></c>,き
25.576,26.176,-1,0,<2></c><7>あるいてきた</c><4>はてしないみち</c><2></c>,た
25.576,26.176,-1,-1,<2></c><7>歩いてきた</c><4>果てしない道</c><2></c>,た
26.176,26.443,-1,0,<2></c><7>あるいてきたは</c><4>てしないみち</c><2></c>,は
26.176,26.443,-1,-1,<2></c><7>歩いてきた果</c><4>てしない道</c><2></c>,果
26.443,26.677,-1,0,<2></c><7>あるいてきたはて</c><4>しないみち</c><2></c>,て
26.443,26.677,-1,-1,<2></c><7>歩いてきた果て</c><4>しない道</c><2></c>,て
26.677,27.111,-1,0,<2></c><7>あるいてきたはてし</c><4>ないみち</c><2></c>,し
26.677,27.111,-1,-1,<2></c><7>歩いてきた果てし</c><4>ない道</c><2></c>,し
27.111,27.378,-1,0,<2></c><7>あるいてきたはてしな</c><4>いみち</c><2></c>,な
27.111,27.378,-1,-1,<2></c><7>歩いてきた果てしな</c><4>い道</c><2></c>,な
27.378,27.778,-1,0,<2></c><7>あるいてきたはてしない</c><4>みち</c><2></c>,い
27.378,27.778,-1,-1,<2></c><7>歩いてきた果てしない</c><4>道</c><2></c>,い
27.778,28.178,-1,0,<2></c><7>あるいてきたはてしないみ</c><4>ち</c><2></c>,み
27.778,29.646,-1,-1,<2></c><7>歩いてきた果てしない道</c><2></c>,道
28.178,29.646,-1,0,<2></c><7>あるいてきたはてしないみち</c><2></c>,ち
30.848,31.081,-1,0,<2></c><7>ゆ</c><4>めのけしきたどりつくため</c><2></c>,ゆ
30.848,31.081,-1,-1,<2></c><7>ユ</c><4>メの景色たどり着くため</c><2></c>,ユ
31.081,31.415,-1,0,<2></c><7>ゆめ</c><4>のけしきたどりつくため</c><2></c>,め
31.081,31.415,-1,-1,<2></c><7>ユメ</c><4>の景色たどり着くため</c><2></c>,メ
31.415,31.815,-1,0,<2></c><7>ゆめの</c><4>けしきたどりつくため</c><2></c>,の
31.415,31.815,-1,-1,<2></c><7>ユメの</c><4>景色たどり着くため</c><2></c>,の
31.815,32.216,-1,0,<2></c><7>ゆめのけ</c><4>しきたどりつくため</c><2></c>,け
31.815,32.216,-1,-1,<2></c><7>ユメの景</c><4>色たどり着くため</c><2></c>,景
32.216,32.649,-1,0,<2></c><7>ゆめのけし</c><4>きたどりつくため</c><2></c>,し
32.216,33.283,-1,-1,<2></c><7>ユメの景色</c><4>たどり着くため</c><2></c>,色
32.649,33.283,-1,0,<2></c><7>ゆめのけしき</c><4>たどりつくため</c><2></c>,き
33.283,33.55,-1,0,<2></c><7>ゆめのけしきた</c><4>どりつくため</c><2></c>,た
33.283,33.55,-1,-1,<2></c><7>ユメの景色た</c><4>どり着くため</c><2></c>,た
33.55,33.784,-1,0,<2></c><7>ゆめのけしきたど</c><4>りつくため</c><2></c>,ど
33.55,33.784,-1,-1,<2></c><7>ユメの景色たど</c><4>り着くため</c><2></c>,ど
33.784,34.184,-1,0,<2></c><7>ゆめのけしきたどり</c><4>つくため</c><2></c>,り
33.784,34.184,-1,-1,<2></c><7>ユメの景色たどり</c><4>着くため</c><2></c>,り
34.184,34.451,-1,0,<2></c><7>ゆめのけしきたどりつ</c><4>くため</c><2></c>,つ
34.184,34.451,-1,-1,<2></c><7>ユメの景色たどり着</c><4>くため</c><2></c>,着
34.451,34.885,-1,0,<2></c><7>ゆめのけしきたどりつく</c><4>ため</c><2></c>,く
34.451,34.885,-1,-1,<2></c><7>ユメの景色たどり着く</c><4>ため</c><2></c>,く
34.885,35.319,-1,0,<2></c><7>ゆめのけしきたどりつくた</c><4>め</c><2></c>,た
34.885,35.319,-1,-1,<2></c><7>ユメの景色たどり着くた</c><4>め</c><2></c>,た
35.319,37.988,-1,0,<2></c><7>ゆめのけしきたどりつくため</c><2></c>,め
35.319,37.988,-1,-1,<2></c><7>ユメの景色たどり着くため</c><2></c>,め
37.988,38.222,-1,0,<2></c><7>も</c><4>のがたりはまだつづいてく</c><2></c>,も
37.988,38.555,-1,-1,<2></c><7>物</c><4>語はまだ続いてく</c><2></c>,物
38.222,38.555,-1,0,<2></c><7>もの</c><4>がたりはまだつづいてく</c><2></c>,の
38.555,38.889,-1,0,<2></c><7>ものが</c><4>たりはまだつづいてく</c><2></c>,が
38.555,39.79,-1,-1,<2></c><7>物語</c><4>はまだ続いてく</c><2></c>,語
38.889,39.323,-1,0,<2></c><7>ものがた</c><4>りはまだつづいてく</c><2></c>,た
39.323,39.79,-1,0,<2></c><7>ものがたり</c><4>はまだつづいてく</c><2></c>,り
39.79,40.424,-1,0,<2></c><7>ものがたりは</c><4>まだつづいてく</c><2></c>,は
39.79,40.424,-1,-1,<2></c><7>物語は</c><4>まだ続いてく</c><2></c>,は
40.424,40.858,-1,0,<2></c><7>ものがたりはま</c><4>だつづいてく</c><2></c>,ま
40.424,40.858,-1,-1,<2></c><7>物語はま</c><4>だ続いてく</c><2></c>,ま
40.858,42.393,-1,0,<2></c><7>ものがたりはまだ</c><4>つづいてく</c><2></c>,だ
40.858,42.393,-1,-1,<2></c><7>物語はまだ</c><4>続いてく</c><2></c>,だ
42.393,42.659,-1,0,<2></c><7>ものがたりはまだつ</c><4>づいてく</c><2></c>,つ
42.393,42.96,-1,-1,<2></c><7>物語はまだ続</c><4>いてく</c><2></c>,続
42.659,42.96,-1,0,<2></c><7>ものがたりはまだつづ</c><4>いてく</c><2></c>,づ
42.96,43.293,-1,0,<2></c><7>ものがたりはまだつづい</c><4>てく</c><2></c>,い
42.96,43.293,-1,-1,<2></c><7>物語はまだ続い</c><4>てく</c><2></c>,い
43.293,43.494,-1,0,<2></c><7>ものがたりはまだつづいて</c><4>く</c><2></c>,て
43.293,43.494,-1,-1,<2></c><7>物語はまだ続いて</c><4>く</c><2></c>,て
43.494,44.194,-1,0,<2></c><7>ものがたりはまだつづいてく</c><2></c>,く
43.494,44.194,-1,-1,<2></c><7>物語はまだ続いてく</c><2></c>,く
44.194,44.428,-1,0,<2></c><7>き</c><4>っとぼくはじぶんだけじゃかがやけない</c><2></c>,き
44.194,44.428,-1,-1,<2></c><7>き</c><4>っとボクは自分だけじゃ輝けない</c><2></c>,き
44.428,44.762,-1,0,<2></c><7>きっ</c><4>とぼくはじぶんだけじゃかがやけない</c><2></c>,っ
44.428,44.762,-1,-1,<2></c><7>きっ</c><4>とボクは自分だけじゃ輝けない</c><2></c>,っ
44.762,45.129,-1,0,<2></c><7>きっと</c><4>ぼくはじぶんだけじゃかがやけない</c><2></c>,と
44.762,45.129,-1,-1,<2></c><7>きっと</c><4>ボクは自分だけじゃ輝けない</c><2></c>,と
45.129,45.329,-1,0,<2></c><7>きっとぼ</c><4>くはじぶんだけじゃかがやけない</c><2></c>,ぼ
45.129,45.329,-1,-1,<2></c><7>きっとボ</c><4>クは自分だけじゃ輝けない</c><2></c>,ボ
45.329,45.662,-1,0,<2></c><7>きっとぼく</c><4>はじぶんだけじゃかがやけない</c><2></c>,く
45.329,45.662,-1,-1,<2></c><7>きっとボク</c><4>は自分だけじゃ輝けない</c><2></c>,ク
45.662,45.996,-1,0,<2></c><7>きっとぼくは</c><4>じぶんだけじゃかがやけない</c><2></c>,は
45.662,45.996,-1,-1,<2></c><7>きっとボクは</c><4>自分だけじゃ輝けない</c><2></c>,は
45.996,46.23,-1,0,<2></c><7>きっとぼくはじ</c><4>ぶんだけじゃかがやけない</c><2></c>,じ
45.996,46.23,-1,-1,<2></c><7>きっとボクは自</c><4>分だけじゃ輝けない</c><2></c>,自
46.23,46.563,-1,0,<2></c><7>きっとぼくはじぶん</c><4>だけじゃかがやけない</c><2></c>,ぶん
46.23,46.563,-1,-1,<2></c><7>きっとボクは自分</c><4>だけじゃ輝けない</c><2></c>,分
46.563,46.897,-1,0,<2></c><7>きっとぼくはじぶんだ</c><4>けじゃかがやけない</c><2></c>,だ
46.563,46.897,-1,-1,<2></c><7>きっとボクは自分だ</c><4>けじゃ輝けない</c><2></c>,だ
46.897,47.297,-1,0,<2></c><7>きっとぼくはじぶんだけ</c><4>じゃかがやけない</c><2></c>,け
46.897,47.297,-1,-1,<2></c><7>きっとボクは自分だけ</c><4>じゃ輝けない</c><2></c>,け
47.297,47.765,-1,0,<2></c><7>きっとぼくはじぶんだけじゃ</c><4>かがやけない</c><2></c>,じゃ
47.297,47.765,-1,-1,<2></c><7>きっとボクは自分だけじゃ</c><4>輝けない</c><2></c>,じゃ
47.765,47.998,-1,0,<2></c><7>きっとぼくはじぶんだけじゃか</c><4>がやけない</c><2></c>,か
47.765,48.665,-1,-1,<2></c><7>きっとボクは自分だけじゃ輝</c><4>けない</c><2></c>,輝
47.998,48.332,-1,0,<2></c><7>きっとぼくはじぶんだけじゃかが</c><4>やけない</c><2></c>,が
48.332,48.665,-1,0,<2></c><7>きっとぼくはじぶんだけじゃかがや</c><4>けない</c><2></c>,や
48.665,49.099,-1,0,<2></c><7>きっとぼくはじぶんだけじゃかがやけ</c><4>ない</c><2></c>,け
48.665,49.099,-1,-1,<2></c><7>きっとボクは自分だけじゃ輝け</c><4>ない</c><2></c>,け
49.099,49.6,-1,0,<2></c><7>きっとぼくはじぶんだけじゃかがやけな</c><4>い</c><2></c>,な
49.099,49.6,-1,-1,<2></c><7>きっとボクは自分だけじゃ輝けな</c><4>い</c><2></c>,な
49.6,51.335,-1,0,<2></c><7>きっとぼくはじぶんだけじゃかがやけない</c><2></c>,い
49.6,51.335,-1,-1,<2></c><7>きっとボクは自分だけじゃ輝けない</c><2></c>,い
51.335,51.568,-1,0,<2></c><7>そ</c><4>れはまるでよぞらのつきのようで…</c><2></c>,そ
51.335,51.568,-1,-1,<2></c><7>そ</c><4>れはまるで夜空の月のようで…</c><2></c>,そ
51.568,51.869,-1,0,<2></c><7>それ</c><4>はまるでよぞらのつきのようで…</c><2></c>,れ
51.568,51.869,-1,-1,<2></c><7>それ</c><4>はまるで夜空の月のようで…</c><2></c>,れ
51.869,52.202,-1,0,<2></c><7>それは</c><4>まるでよぞらのつきのようで…</c><2></c>,は
51.869,52.202,-1,-1,<2></c><7>それは</c><4>まるで夜空の月のようで…</c><2></c>,は
52.202,52.436,-1,0,<2></c><7>それはま</c><4>るでよぞらのつきのようで…</c><2></c>,ま
52.202,52.436,-1,-1,<2></c><7>それはま</c><4>るで夜空の月のようで…</c><2></c>,ま
52.436,52.77,-1,0,<2></c><7>それはまる</c><4>でよぞらのつきのようで…</c><2></c>,る
52.436,52.77,-1,-1,<2></c><7>それはまる</c><4>で夜空の月のようで…</c><2></c>,る
52.77,53.103,-1,0,<2></c><7>それはまるで</c><4>よぞらのつきのようで…</c><2></c>,で
52.77,53.103,-1,-1,<2></c><7>それはまるで</c><4>夜空の月のようで…</c><2></c>,で
53.103,53.303,-1,0,<2></c><7>それはまるでよ</c><4>ぞらのつきのようで…</c><2></c>,よ
53.103,53.303,-1,-1,<2></c><7>それはまるで夜</c><4>空の月のようで…</c><2></c>,夜
53.303,53.67,-1,0,<2></c><7>それはまるでよぞ</c><4>らのつきのようで…</c><2></c>,ぞ
53.303,53.971,-1,-1,<2></c><7>それはまるで夜空</c><4>の月のようで…</c><2></c>,空
53.67,53.971,-1,0,<2></c><7>それはまるでよぞら</c><4>のつきのようで…</c><2></c>,ら
53.971,54.438,-1,0,<2></c><7>それはまるでよぞらの</c><4>つきのようで…</c><2></c>,の
53.971,54.438,-1,-1,<2></c><7>それはまるで夜空の</c><4>月のようで…</c><2></c>,の
54.438,54.872,-1,0,<2></c><7>それはまるでよぞらの</c><6>つ</c><4>きのようで…</c><2></c>,つ
54.438,55.105,-1,-1,<2></c><7>それはまるで夜空の</c><6>月</c><4>のようで…</c><2></c>,月
54.872,55.105,-1,0,<2></c><7>それはまるでよぞらの</c><6>つき</c><4>のようで…</c><2></c>,き
55.105,56.206,56,0,<2></c><7>それはまるでよぞらの</c><6>つき</c><7>の</c><4>ようで…</c><2></c>,の
55.105,56.206,-1,-1,<2></c><7>それはまるで夜空の</c><6>月</c><7>の</c><4>ようで…</c><2></c>,の
56.206,56.44,56,0,<2></c><7>それはまるでよぞらの</c><6>つき</c><7>のよ</c><4>うで…</c><2></c>,よ
56.206,56.44,-1,-1,<2></c><7>それはまるで夜空の</c><6>月</c><7>のよ</c><4>うで…</c><2></c>,よ
56.44,56.673,56,0,<2></c><7>それはまるでよぞらの</c><6>つき</c><7>のよう</c><4>で…</c><2></c>,う
56.44,56.673,-1,-1,<2></c><7>それはまるで夜空の</c><6>月</c><7>のよう</c><4>で…</c><2></c>,う
56.673,57.541,-1,0,<2></c><7>それはまるでよぞらの</c><6>つき</c><7>のようで…</c><2></c>,で…
56.673,57.541,-1,-1,<2></c><7>それはまるで夜空の</c><6>月</c><7>のようで…</c><2></c>,で…
57.541,57.775,-1,0,<2></c><7>つ</c><4>まずいてもきずついても</c><2></c>,つ
57.541,57.775,-1,-1,<2></c><7>つ</c><4>まずいても傷ついても</c><2></c>,つ
57.775,58.008,-1,0,<2></c><7>つま</c><4>ずいてもきずついても</c><2></c>,ま
57.775,58.008,-1,-1,<2></c><7>つま</c><4>ずいても傷ついても</c><2></c>,ま
58.008,58.208,-1,0,<2></c><7>つまず</c><4>いてもきずついても</c><2></c>,ず
58.008,58.208,-1,-1,<2></c><7>つまず</c><4>いても傷ついても</c><2></c>,ず
58.208,58.442,-1,0,<2></c><7>つまずい</c><4>てもきずついても</c><2></c>,い
58.208,58.442,-1,-1,<2></c><7>つまずい</c><4>ても傷ついても</c><2></c>,い
58.442,58.675,-1,0,<2></c><7>つまずいて</c><4>もきずついても</c><2></c>,て
58.442,58.675,-1,-1,<2></c><7>つまずいて</c><4>も傷ついても</c><2></c>,て
58.675,59.309,-1,0,<2></c><7>つまずいても</c><4>きずついても</c><2></c>,も
58.675,59.309,-1,-1,<2></c><7>つまずいても</c><4>傷ついても</c><2></c>,も
59.309,59.543,-1,0,<2></c><7>つまずいてもき</c><4>ずついても</c><2></c>,き
59.309,59.777,-1,-1,<2></c><7>つまずいても傷</c><4>ついても</c><2></c>,傷
59.543,59.777,-1,0,<2></c><7>つまずいてもきず</c><4>ついても</c><2></c>,ず
59.777,59.977,-1,0,<2></c><7>つまずいてもきずつ</c><4>いても</c><2></c>,つ
59.777,59.977,-1,-1,<2></c><7>つまずいても傷つ</c><4>いても</c><2></c>,つ
59.977,60.21,-1,0,<2></c><7>つまずいてもきずつい</c><4>ても</c><2></c>,い
59.977,60.21,-1,-1,<2></c><7>つまずいても傷つい</c><4>ても</c><2></c>,い
60.21,60.444,-1,0,<2></c><7>つまずいてもきずついて</c><4>も</c><2></c>,て
60.21,60.444,-1,-1,<2></c><7>つまずいても傷ついて</c><4>も</c><2></c>,て
60.444,61.111,-1,0,<2></c><7>つまずいてもきずついても</c><2></c>,も
60.444,61.111,-1,-1,<2></c><7>つまずいても傷ついても</c><2></c>,も
61.111,61.311,-1,0,<2></c><5>こ</c><4>こからまたはじめよう</c><2></c>,こ
61.111,61.311,-1,-1,<2></c><5>此</c><4>処からまた始めよう</c><2></c>,此
61.311,61.545,-1,0,<2></c><5>ここ</c><4>からまたはじめよう</c><2></c>,こ
61.311,61.545,-1,-1,<2></c><5>此処</c><4>からまた始めよう</c><2></c>,処
61.545,61.779,-1,0,<2></c><5>ここ</c><7>か</c><4>らまたはじめよう</c><2></c>,か
61.545,61.779,-1,-1,<2></c><5>此処</c><7>か</c><4>らまた始めよう</c><2></c>,か
61.779,61.979,-1,0,<2></c><5>ここ</c><7>から</c><4>またはじめよう</c><2></c>,ら
61.779,61.979,-1,-1,<2></c><5>此処</c><7>から</c><4>また始めよう</c><2></c>,ら
61.979,62.212,-1,0,<2></c><5>ここ</c><7>からま</c><4>たはじめよう</c><2></c>,ま
61.979,62.212,-1,-1,<2></c><5>此処</c><7>からま</c><4>た始めよう</c><2></c>,ま
62.212,62.646,-1,0,<2></c><5>ここ</c><7>からまた</c><4>はじめよう</c><2></c>,た
62.212,62.646,-1,-1,<2></c><5>此処</c><7>からまた</c><4>始めよう</c><2></c>,た
62.646,62.913,-1,0,<2></c><5>ここ</c><7>からまたは</c><4>じめよう</c><2></c>,は
62.646,63.347,-1,-1,<2></c><5>此処</c><7>からまた始</c><4>めよう</c><2></c>,始
62.913,63.347,-1,0,<2></c><5>ここ</c><7>からまたはじ</c><4>めよう</c><2></c>,じ
63.347,63.747,-1,0,<2></c><5>ここ</c><7>からまたはじめ</c><4>よう</c><2></c>,め
63.347,63.747,-1,-1,<2></c><5>此処</c><7>からまた始め</c><4>よう</c><2></c>,め
63.747,63.981,-1,0,<2></c><5>ここ</c><7>からまたはじめよ</c><4>う</c><2></c>,よ
63.747,63.981,-1,-1,<2></c><5>此処</c><7>からまた始めよ</c><4>う</c><2></c>,よ
63.981,64.648,-1,0,<2></c><5>ここ</c><7>からまたはじめよう</c><2></c>,う
63.981,64.648,-1,-1,<2></c><5>此処</c><7>からまた始めよう</c><2></c>,う
64.648,64.848,-1,0,<2></c><7>ぶ</c><4>きようでもちいさくても</c><2></c>,ぶ
64.648,64.848,-1,-1,<2></c><7>不</c><4>器用でも小さくても</c><2></c>,不
64.848,65.082,-1,0,<2></c><7>ぶき</c><4>ようでもちいさくても</c><2></c>,き
64.848,65.082,-1,-1,<2></c><7>不器</c><4>用でも小さくても</c><2></c>,器
65.082,65.315,-1,0,<2></c><7>ぶきよ</c><4>うでもちいさくても</c><2></c>,よ
65.082,65.516,-1,-1,<2></c><7>不器用</c><4>でも小さくても</c><2></c>,用
65.315,65.516,-1,0,<2></c><7>ぶきよう</c><4>でもちいさくても</c><2></c>,う
65.516,65.749,-1,0,<2></c><7>ぶきようで</c><4>もちいさくても</c><2></c>,で
65.516,65.749,-1,-1,<2></c><7>不器用で</c><4>も小さくても</c><2></c>,で
65.749,66.35,-1,0,<2></c><7>ぶきようでも</c><4>ちいさくても</c><2></c>,も
65.749,66.35,-1,-1,<2></c><7>不器用でも</c><4>小さくても</c><2></c>,も
66.35,66.617,-1,0,<2></c><7>ぶきようでもち</c><4>いさくても</c><2></c>,ち
66.35,66.85,-1,-1,<2></c><7>不器用でも小</c><4>さくても</c><2></c>,小
66.617,66.85,-1,0,<2></c><7>ぶきようでもちい</c><4>さくても</c><2></c>,い
66.85,67.051,-1,0,<2></c><7>ぶきようでもちいさ</c><4>くても</c><2></c>,さ
66.85,67.051,-1,-1,<2></c><7>不器用でも小さ</c><4>くても</c><2></c>,さ
67.051,67.317,-1,0,<2></c><7>ぶきようでもちいさく</c><4>ても</c><2></c>,く
67.051,67.317,-1,-1,<2></c><7>不器用でも小さく</c><4>ても</c><2></c>,く
67.317,67.518,-1,0,<2></c><7>ぶきようでもちいさくて</c><4>も</c><2></c>,て
67.317,67.518,-1,-1,<2></c><7>不器用でも小さくて</c><4>も</c><2></c>,て
67.518,68.218,-1,0,<2></c><7>ぶきようでもちいさくても</c><2></c>,も
67.518,68.218,-1,-1,<2></c><7>不器用でも小さくても</c><2></c>,も
68.218,68.452,-1,0,<2></c><7>う</c><4>たをうたいつづけよう</c><2></c>,う
68.218,68.652,-1,-1,<2></c><7>詩</c><4>を唄い続けよう</c><2></c>,詩
68.452,68.652,-1,0,<2></c><7>うた</c><4>をうたいつづけよう</c><2></c>,た
68.652,68.886,-1,0,<2></c><7>うたを</c><4>うたいつづけよう</c><2></c>,を
68.652,68.886,-1,-1,<2></c><7>詩を</c><4>唄い続けよう</c><2></c>,を
68.886,69.086,-1,0,<2></c><7>うたをう</c><4>たいつづけよう</c><2></c>,う
68.886,69.319,-1,-1,<2></c><7>詩を唄</c><4>い続けよう</c><2></c>,唄
69.086,69.319,-1,0,<2></c><7>うたをうた</c><4>いつづけよう</c><2></c>,た
69.319,69.753,-1,0,<2></c><7>うたをうたい</c><4>つづけよう</c><2></c>,い
69.319,69.753,-1,-1,<2></c><7>詩を唄い</c><4>続けよう</c><2></c>,い
69.753,69.987,-1,0,<2></c><7>うたをうたいつ</c><4>づけよう</c><2></c>,つ
69.753,70.454,-1,-1,<2></c><7>詩を唄い続</c><4>けよう</c><2></c>,続
69.987,70.454,-1,0,<2></c><7>うたをうたいつづ</c><4>けよう</c><2></c>,づ
70.454,70.888,-1,0,<2></c><7>うたをうたいつづけ</c><4>よう</c><2></c>,け
70.454,70.888,-1,-1,<2></c><7>詩を唄い続け</c><4>よう</c><2></c>,け
70.888,71.121,-1,0,<2></c><7>うたをうたいつづけよ</c><4>う</c><2></c>,よ
70.888,71.121,-1,-1,<2></c><7>詩を唄い続けよ</c><4>う</c><2></c>,よ
71.121,71.989,-1,0,<2></c><7>うたをうたいつづけよう</c><2></c>,う
71.121,71.989,-1,-1,<2></c><7>詩を唄い続けよう</c><2></c>,う
71.989,72.222,-1,0,<2></c><7>き</c><4>っとほら</c><2></c>,き
71.989,72.222,-1,-1,<2></c><7>き</c><4>っとほら</c><2></c>,き
72.222,72.656,-1,0,<2></c><7>きっ</c><4>とほら</c><2></c>,っ
72.222,72.656,-1,-1,<2></c><7>きっ</c><4>とほら</c><2></c>,っ
72.656,74.224,-1,0,<2></c><7>きっと</c><4>ほら</c><2></c>,と
72.656,74.224,-1,-1,<2></c><7>きっと</c><4>ほら</c><2></c>,と
74.224,74.458,-1,0,<2></c><7>きっとほ</c><4>ら</c><2></c>,ほ
74.224,74.458,-1,-1,<2></c><7>きっとほ</c><4>ら</c><2></c>,ほ
74.458,75.526,-1,0,<2></c><7>きっとほら</c><2></c>,ら
74.458,75.526,-1,-1,<2></c><7>きっとほら</c><2></c>,ら
75.526,75.759,-1,0,<2></c><7>と</c><4>どくから</c><2></c>,と
75.526,76.193,-1,-1,<2></c><7>届</c><4>くから</c><2></c>,届
75.759,76.193,-1,0,<2></c><7>とど</c><4>くから</c><2></c>,ど
76.193,77.761,-1,0,<2></c><7>とどく</c><4>から</c><2></c>,く
76.193,77.761,-1,-1,<2></c><7>届く</c><4>から</c><2></c>,く
77.761,77.995,-1,0,<2></c><7>とどくか</c><4>ら</c><2></c>,か
77.761,77.995,-1,-1,<2></c><7>届くか</c><4>ら</c><2></c>,か
77.995,79.096,-1,0,<2></c><7>とどくから</c><2></c>,ら
77.995,79.096,-1,-1,<2></c><7>届くから</c><2></c>,ら
79.096,79.463,-1,0,<2></c><7>ひ</c><4>びけ</c><2></c>,ひ
79.096,79.763,-1,-1,<2></c><7>響</c><4>け</c><2></c>,響
79.463,79.763,-1,0,<2></c><7>ひび</c><4>け</c><2></c>,び
79.763,82.199,-1,0,<2></c><7>ひびけ</c><2></c>,け
79.763,82.199,-1,-1,<2></c><7>響け</c><2></c>,け
82.666,83.3,-1,64,<2></c><7>響</c><4>け</c><2></c>,響
82.666,83.0,-1,28,<2></c><7>ひ</c><4>びけ</c><2></c>,ひ
83.0,83.3,-1,28,<2></c><7>ひび</c><4>け</c><2></c>,び
83.3,85.335,-1,64,<2></c><7>響け</c><2></c>,け
83.3,85.335,-1,28,<2></c><7>ひびけ</c><2></c>,け
87.771,87.971,-1,0,<2></c><7>で</c><4>あいのひはいわいのうたを</c><2></c>,で
87.771,87.971,-1,-1,<2></c><7>出</c><4>会いの日は祝いの詩を</c><2></c>,出
87.971,88.305,-1,0,<2></c><7>であ</c><4>いのひはいわいのうたを</c><2></c>,あ
87.971,88.305,-1,-1,<2></c><7>出会</c><4>いの日は祝いの詩を</c><2></c>,会
88.305,88.672,-1,0,<2></c><7>であい</c><4>のひはいわいのうたを</c><2></c>,い
88.305,88.672,-1,-1,<2></c><7>出会い</c><4>の日は祝いの詩を</c><2></c>,い
88.672,89.039,-1,0,<2></c><7>であいの</c><4>ひはいわいのうたを</c><2></c>,の
88.672,89.039,-1,-1,<2></c><7>出会いの</c><4>日は祝いの詩を</c><2></c>,の
89.039,89.54,-1,0,<2></c><7>であいのひ</c><4>はいわいのうたを</c><2></c>,ひ
89.039,89.54,-1,-1,<2></c><7>出会いの日</c><4>は祝いの詩を</c><2></c>,日
89.54,90.207,-1,0,<2></c><7>であいのひは</c><4>いわいのうたを</c><2></c>,は
89.54,90.207,-1,-1,<2></c><7>出会いの日は</c><4>祝いの詩を</c><2></c>,は
90.207,90.407,-1,0,<2></c><7>であいのひはい</c><4>わいのうたを</c><2></c>,い
90.207,90.674,-1,-1,<2></c><7>出会いの日は祝</c><4>いの詩を</c><2></c>,祝
90.407,90.674,-1,0,<2></c><7>であいのひはいわ</c><4>いのうたを</c><2></c>,わ
90.674,91.075,-1,0,<2></c><7>であいのひはいわい</c><4>のうたを</c><2></c>,い
90.674,91.075,-1,-1,<2></c><7>出会いの日は祝い</c><4>の詩を</c><2></c>,い
91.075,91.308,-1,0,<2></c><7>であいのひはいわいの</c><4>うたを</c><2></c>,の
91.075,91.308,-1,-1,<2></c><7>出会いの日は祝いの</c><4>詩を</c><2></c>,の
91.308,91.775,-1,0,<2></c><7>であいのひはいわいのう</c><4>たを</c><2></c>,う
91.308,92.209,-1,-1,<2></c><7>出会いの日は祝いの詩</c><4>を</c><2></c>,詩
91.775,92.209,-1,0,<2></c><7>であいのひはいわいのうた</c><4>を</c><2></c>,た
92.209,94.912,-1,0,<2></c><7>であいのひはいわいのうたを</c><2></c>,を
92.209,94.912,-1,-1,<2></c><7>出会いの日は祝いの詩を</c><2></c>,を
94.912,95.112,-1,0,<2></c><7>わ</c><4>かれのひはたびだちのうたを</c><2></c>,わ
94.912,95.446,-1,-1,<2></c><7>別</c><4>れの日は旅立ちの詩を</c><2></c>,別
95.112,95.446,-1,0,<2></c><7>わか</c><4>れのひはたびだちのうたを</c><2></c>,か
95.446,95.779,-1,0,<2></c><7>わかれ</c><4>のひはたびだちのうたを</c><2></c>,れ
95.446,95.779,-1,-1,<2></c><7>別れ</c><4>の日は旅立ちの詩を</c><2></c>,れ
95.779,96.18,-1,0,<2></c><7>わかれの</c><4>ひはたびだちのうたを</c><2></c>,の
95.779,96.18,-1,-1,<2></c><7>別れの</c><4>日は旅立ちの詩を</c><2></c>,の
96.18,96.647,-1,0,<2></c><7>わかれのひ</c><4>はたびだちのうたを</c><2></c>,ひ
96.18,96.647,-1,-1,<2></c><7>別れの日</c><4>は旅立ちの詩を</c><2></c>,日
96.647,97.347,-1,0,<2></c><7>わかれのひは</c><4>たびだちのうたを</c><2></c>,は
96.647,97.347,-1,-1,<2></c><7>別れの日は</c><4>旅立ちの詩を</c><2></c>,は
97.347,97.548,-1,0,<2></c><7>わかれのひはた</c><4>びだちのうたを</c><2></c>,た
97.347,97.781,-1,-1,<2></c><7>別れの日は旅</c><4>立ちの詩を</c><2></c>,旅
97.548,97.781,-1,0,<2></c><7>わかれのひはたび</c><4>だちのうたを</c><2></c>,び
97.781,98.082,-1,0,<2></c><7>わかれのひはたびだ</c><4>ちのうたを</c><2></c>,だ
97.781,98.082,-1,-1,<2></c><7>別れの日は旅立</c><4>ちの詩を</c><2></c>,立
98.082,98.215,-1,0,<2></c><7>わかれのひはたびだち</c><4>のうたを</c><2></c>,ち
98.082,98.215,-1,-1,<2></c><7>別れの日は旅立ち</c><4>の詩を</c><2></c>,ち
98.215,98.449,-1,0,<2></c><7>わかれのひはたびだちの</c><4>うたを</c><2></c>,の
98.215,98.449,-1,-1,<2></c><7>別れの日は旅立ちの</c><4>詩を</c><2></c>,の
98.449,98.916,-1,0,<2></c><7>わかれのひはたびだちのう</c><4>たを</c><2></c>,う
98.449,99.349,-1,-1,<2></c><7>別れの日は旅立ちの詩</c><4>を</c><2></c>,詩
98.916,99.349,-1,0,<2></c><7>わかれのひはたびだちのうた</c><4>を</c><2></c>,た
99.349,100.884,-1,0,<2></c><7>わかれのひはたびだちのうたを</c><2></c>,を
99.349,100.884,-1,-1,<2></c><7>別れの日は旅立ちの詩を</c><2></c>,を
102.019,102.186,-1,0,<2></c><7>き</c><4>みのためにとくべつなうたを</c><2></c>,き
102.019,102.186,-1,-1,<2></c><7>キ</c><4>ミのためにトクベツな詩を</c><2></c>,キ
102.186,102.553,-1,0,<2></c><7>きみ</c><4>のためにとくべつなうたを</c><2></c>,み
102.186,102.553,-1,-1,<2></c><7>キミ</c><4>のためにトクベツな詩を</c><2></c>,ミ
102.553,102.886,-1,0,<2></c><7>きみの</c><4>ためにとくべつなうたを</c><2></c>,の
102.553,102.886,-1,-1,<2></c><7>キミの</c><4>ためにトクベツな詩を</c><2></c>,の
102.886,103.32,-1,0,<2></c><7>きみのた</c><4>めにとくべつなうたを</c><2></c>,た
102.886,103.32,-1,-1,<2></c><7>キミのた</c><4>めにトクベツな詩を</c><2></c>,た
103.32,103.754,-1,0,<2></c><7>きみのため</c><4>にとくべつなうたを</c><2></c>,め
103.32,103.754,-1,-1,<2></c><7>キミのため</c><4>にトクベツな詩を</c><2></c>,め
103.754,104.421,-1,0,<2></c><7>きみのために</c><4>とくべつなうたを</c><2></c>,に
103.754,104.421,-1,-1,<2></c><7>キミのために</c><4>トクベツな詩を</c><2></c>,に
104.421,104.655,-1,0,<2></c><7>きみのためにと</c><4>くべつなうたを</c><2></c>,と
104.421,104.655,-1,-1,<2></c><7>キミのためにト</c><4>クベツな詩を</c><2></c>,ト
104.655,104.888,-1,0,<2></c><7>きみのためにとく</c><4>べつなうたを</c><2></c>,く
104.655,104.888,-1,-1,<2></c><7>キミのためにトク</c><4>ベツな詩を</c><2></c>,ク
104.888,105.222,-1,0,<2></c><7>きみのためにとくべ</c><4>つなうたを</c><2></c>,べ
104.888,105.222,-1,-1,<2></c><7>キミのためにトクベ</c><4>ツな詩を</c><2></c>,ベ
105.222,105.322,-1,0,<2></c><7>きみのためにとくべつ</c><4>なうたを</c><2></c>,つ
105.222,105.322,-1,-1,<2></c><7>キミのためにトクベツ</c><4>な詩を</c><2></c>,ツ
105.322,105.556,-1,0,<2></c><7>きみのためにとくべつな</c><4>うたを</c><2></c>,な
105.322,105.556,-1,-1,<2></c><7>キミのためにトクベツな</c><4>詩を</c><2></c>,な
105.556,105.956,-1,0,<2></c><7>きみのためにとくべつなう</c><4>たを</c><2></c>,う
105.556,106.457,-1,-1,<2></c><7>キミのためにトクベツな詩</c><4>を</c><2></c>,詩
105.956,106.457,-1,0,<2></c><7>きみのためにとくべつなうた</c><4>を</c><2></c>,た
106.457,109.126,-1,0,<2></c><7>きみのためにとくべつなうたを</c><2></c>,を
106.457,109.126,-1,-1,<2></c><7>キミのためにトクベツな詩を</c><2></c>,を
109.126,109.326,-1,0,<2></c><7>つ</c><4>むぎだそうさぁひびけきみだけのめろでぃ</c><2></c>,つ
109.126,109.693,-1,-1,<2></c><7>紡</c><4>ぎだそうさぁ響けキミだけのメロディ</c><2></c>,紡
109.326,109.693,-1,0,<2></c><7>つむ</c><4>ぎだそうさぁひびけきみだけのめろでぃ</c><2></c>,む
109.693,110.027,-1,0,<2></c><7>つむぎ</c><4>だそうさぁひびけきみだけのめろでぃ</c><2></c>,ぎ
109.693,110.027,-1,-1,<2></c><7>紡ぎ</c><4>だそうさぁ響けキミだけのメロディ</c><2></c>,ぎ
110.027,110.427,-1,0,<2></c><7>つむぎだ</c><4>そうさぁひびけきみだけのめろでぃ</c><2></c>,だ
110.027,110.427,-1,-1,<2></c><7>紡ぎだ</c><4>そうさぁ響けキミだけのメロディ</c><2></c>,だ
110.427,110.894,-1,0,<2></c><7>つむぎだそ</c><4>うさぁひびけきみだけのめろでぃ</c><2></c>,そ
110.427,110.894,-1,-1,<2></c><7>紡ぎだそ</c><4>うさぁ響けキミだけのメロディ</c><2></c>,そ
110.894,111.528,-1,0,<2></c><7>つむぎだそう</c><4>さぁひびけきみだけのめろでぃ</c><2></c>,う
110.894,111.528,-1,-1,<2></c><7>紡ぎだそう</c><4>さぁ響けキミだけのメロディ</c><2></c>,う
111.528,111.995,-1,0,<2></c><7>つむぎだそうさ</c><4>ぁひびけきみだけのめろでぃ</c><2></c>,さ
111.528,111.995,-1,-1,<2></c><7>紡ぎだそうさ</c><4>ぁ響けキミだけのメロディ</c><2></c>,さ
111.995,113.263,-1,0,<2></c><7>つむぎだそうさぁ</c><4>ひびけきみだけのめろでぃ</c><2></c>,ぁ
111.995,113.263,-1,-1,<2></c><7>紡ぎだそうさぁ</c><4>響けキミだけのメロディ</c><2></c>,ぁ
113.263,113.564,-1,0,<2></c><7>つむぎだそうさぁひ</c><4>びけきみだけのめろでぃ</c><2></c>,ひ
113.263,113.764,-1,-1,<2></c><7>紡ぎだそうさぁ響</c><4>けキミだけのメロディ</c><2></c>,響
113.564,113.764,-1,0,<2></c><7>つむぎだそうさぁひび</c><4>けきみだけのめろでぃ</c><2></c>,び
113.764,113.997,-1,0,<2></c><7>つむぎだそうさぁひびけ</c><4>きみだけのめろでぃ</c><2></c>,け
113.764,113.997,-1,-1,<2></c><7>紡ぎだそうさぁ響け</c><4>キミだけのメロディ</c><2></c>,け
113.997,114.198,-1,0,<2></c><7>つむぎだそうさぁひびけき</c><4>みだけのめろでぃ</c><2></c>,き
113.997,114.198,-1,-1,<2></c><7>紡ぎだそうさぁ響けキ</c><4>ミだけのメロディ</c><2></c>,キ
114.198,114.431,-1,0,<2></c><7>つむぎだそうさぁひびけきみ</c><4>だけのめろでぃ</c><2></c>,み
114.198,114.431,-1,-1,<2></c><7>紡ぎだそうさぁ響けキミ</c><4>だけのメロディ</c><2></c>,ミ
114.431,114.631,-1,0,<2></c><7>つむぎだそうさぁひびけきみだ</c><4>けのめろでぃ</c><2></c>,だ
114.431,114.631,-1,-1,<2></c><7>紡ぎだそうさぁ響けキミだ</c><4>けのメロディ</c><2></c>,だ
114.631,114.865,-1,0,<2></c><7>つむぎだそうさぁひびけきみだけ</c><4>のめろでぃ</c><2></c>,け
114.631,114.865,-1,-1,<2></c><7>紡ぎだそうさぁ響けキミだけ</c><4>のメロディ</c><2></c>,け
114.865,115.099,-1,0,<2></c><7>つむぎだそうさぁひびけきみだけの</c><4>めろでぃ</c><2></c>,の
114.865,115.099,-1,-1,<2></c><7>紡ぎだそうさぁ響けキミだけの</c><4>メロディ</c><2></c>,の
115.099,115.332,-1,0,<2></c><7>つむぎだそうさぁひびけきみだけのめ</c><4>ろでぃ</c><2></c>,め
115.099,115.332,-1,-1,<2></c><7>紡ぎだそうさぁ響けキミだけのメ</c><4>ロディ</c><2></c>,メ
115.332,115.532,-1,0,<2></c><7>つむぎだそうさぁひびけきみだけのめろ</c><4>でぃ</c><2></c>,ろ
115.332,115.532,-1,-1,<2></c><7>紡ぎだそうさぁ響けキミだけのメロ</c><4>ディ</c><2></c>,ロ
115.532,117.334,-1,0,<2></c><7>つむぎだそうさぁひびけきみだけのめろでぃ</c><2></c>,でぃ
115.532,117.334,-1,-1,<2></c><7>紡ぎだそうさぁ響けキミだけのメロディ</c><2></c>,ディ
120.404,120.871,-1,0,<2></c><7>ら</c><4>ら</c><2></c>,ら
120.404,120.871,-1,-1,<2></c><7>ラ</c><4>ラ</c><2></c>,ラ
120.871,123.974,-1,0,<2></c><7>らら</c><2></c>,ら
120.871,123.974,-1,-1,<2></c><7>ララ</c><2></c>,ラ
123.974,124.208,-1,0,<2></c><7>ら</c><4>らら…</c><2></c>,ら
123.974,124.208,-1,-1,<2></c><7>ラ</c><4>ララ…</c><2></c>,ラ
124.208,124.441,-1,0,<2></c><7>らら</c><4>ら…</c><2></c>,ら
124.208,124.441,-1,-1,<2></c><7>ララ</c><4>ラ…</c><2></c>,ラ
124.441,127.978,-1,0,<2></c><7>ららら…</c><2></c>,ら…
124.441,127.978,-1,-1,<2></c><7>ラララ…</c><2></c>,ラ…
131.315,131.548,-1,0,<2></c><7>き</c><4>っときみもひとりではかがやけない</c><2></c>,き
131.315,131.548,-1,-1,<2></c><7>き</c><4>っとキミもひとりでは輝けない</c><2></c>,き
131.548,131.882,-1,0,<2></c><7>きっ</c><4>ときみもひとりではかがやけない</c><2></c>,っ
131.548,131.882,-1,-1,<2></c><7>きっ</c><4>とキミもひとりでは輝けない</c><2></c>,っ
131.882,132.216,-1,0,<2></c><7>きっと</c><4>きみもひとりではかがやけない</c><2></c>,と
131.882,132.216,-1,-1,<2></c><7>きっと</c><4>キミもひとりでは輝けない</c><2></c>,と
132.216,132.416,-1,0,<2></c><7>きっとき</c><4>みもひとりではかがやけない</c><2></c>,き
132.216,132.416,-1,-1,<2></c><7>きっとキ</c><4>ミもひとりでは輝けない</c><2></c>,キ
132.416,132.783,-1,0,<2></c><7>きっときみ</c><4>もひとりではかがやけない</c><2></c>,み
132.416,132.783,-1,-1,<2></c><7>きっとキミ</c><4>もひとりでは輝けない</c><2></c>,ミ
132.783,133.083,-1,0,<2></c><7>きっときみも</c><4>ひとりではかがやけない</c><2></c>,も
132.783,133.083,-1,-1,<2></c><7>きっとキミも</c><4>ひとりでは輝けない</c><2></c>,も
133.083,133.317,-1,0,<2></c><7>きっときみもひ</c><4>とりではかがやけない</c><2></c>,ひ
133.083,133.317,-1,-1,<2></c><7>きっとキミもひ</c><4>とりでは輝けない</c><2></c>,ひ
133.317,133.65,-1,0,<2></c><7>きっときみもひと</c><4>りではかがやけない</c><2></c>,と
133.317,133.65,-1,-1,<2></c><7>きっとキミもひと</c><4>りでは輝けない</c><2></c>,と
133.65,133.984,-1,0,<2></c><7>きっときみもひとり</c><4>ではかがやけない</c><2></c>,り
133.65,133.984,-1,-1,<2></c><7>きっとキミもひとり</c><4>では輝けない</c><2></c>,り
133.984,134.418,-1,0,<2></c><7>きっときみもひとりで</c><4>はかがやけない</c><2></c>,で
133.984,134.418,-1,-1,<2></c><7>きっとキミもひとりで</c><4>は輝けない</c><2></c>,で
134.418,134.852,-1,0,<2></c><7>きっときみもひとりでは</c><4>かがやけない</c><2></c>,は
134.418,134.852,-1,-1,<2></c><7>きっとキミもひとりでは</c><4>輝けない</c><2></c>,は
134.852,135.119,-1,0,<2></c><7>きっときみもひとりではか</c><4>がやけない</c><2></c>,か
134.852,135.752,-1,-1,<2></c><7>きっとキミもひとりでは輝</c><4>けない</c><2></c>,輝
135.119,135.452,-1,0,<2></c><7>きっときみもひとりではかが</c><4>やけない</c><2></c>,が
135.452,135.752,-1,0,<2></c><7>きっときみもひとりではかがや</c><4>けない</c><2></c>,や
135.752,136.22,-1,0,<2></c><7>きっときみもひとりではかがやけ</c><4>ない</c><2></c>,け
135.752,136.22,-1,-1,<2></c><7>きっとキミもひとりでは輝け</c><4>ない</c><2></c>,け
136.22,136.653,-1,0,<2></c><7>きっときみもひとりではかがやけな</c><4>い</c><2></c>,な
136.22,136.653,-1,-1,<2></c><7>きっとキミもひとりでは輝けな</c><4>い</c><2></c>,な
136.653,138.455,-1,0,<2></c><7>きっときみもひとりではかがやけない</c><2></c>,い
136.653,138.455,-1,-1,<2></c><7>きっとキミもひとりでは輝けない</c><2></c>,い
138.455,138.655,-1,0,<2></c><7>だ</c><4>からぼくがずっととなりにいよう</c><2></c>,だ
138.455,138.655,-1,-1,<2></c><7>だ</c><4>からボクがずっと隣にいよう</c><2></c>,だ
138.655,138.989,-1,0,<2></c><7>だか</c><4>らぼくがずっととなりにいよう</c><2></c>,か
138.655,138.989,-1,-1,<2></c><7>だか</c><4>らボクがずっと隣にいよう</c><2></c>,か
138.989,139.323,-1,0,<2></c><7>だから</c><4>ぼくがずっととなりにいよう</c><2></c>,ら
138.989,139.323,-1,-1,<2></c><7>だから</c><4>ボクがずっと隣にいよう</c><2></c>,ら
139.323,139.556,-1,0,<2></c><7>だからぼ</c><4>くがずっととなりにいよう</c><2></c>,ぼ
139.323,139.556,-1,-1,<2></c><7>だからボ</c><4>クがずっと隣にいよう</c><2></c>,ボ
139.556,139.89,-1,0,<2></c><7>だからぼく</c><4>がずっととなりにいよう</c><2></c>,く
139.556,139.89,-1,-1,<2></c><7>だからボク</c><4>がずっと隣にいよう</c><2></c>,ク
139.89,140.224,-1,0,<2></c><7>だからぼくが</c><4>ずっととなりにいよう</c><2></c>,が
139.89,140.224,-1,-1,<2></c><7>だからボクが</c><4>ずっと隣にいよう</c><2></c>,が
140.224,140.457,-1,0,<2></c><7>だからぼくがず</c><4>っととなりにいよう</c><2></c>,ず
140.224,140.457,-1,-1,<2></c><7>だからボクがず</c><4>っと隣にいよう</c><2></c>,ず
140.457,140.757,-1,0,<2></c><7>だからぼくがずっ</c><4>ととなりにいよう</c><2></c>,っ
140.457,140.757,-1,-1,<2></c><7>だからボクがずっ</c><4>と隣にいよう</c><2></c>,っ
140.757,141.091,-1,0,<2></c><7>だからぼくがずっと</c><4>となりにいよう</c><2></c>,と
140.757,141.091,-1,-1,<2></c><7>だからボクがずっと</c><4>隣にいよう</c><2></c>,と
141.091,141.558,-1,0,<2></c><7>だからぼくがずっとと</c><4>なりにいよう</c><2></c>,と
141.091,142.192,-1,-1,<2></c><7>だからボクがずっと隣</c><4>にいよう</c><2></c>,隣
141.558,141.992,-1,0,<2></c><7>だからぼくがずっととな</c><4>りにいよう</c><2></c>,な
141.992,142.192,-1,0,<2></c><7>だからぼくがずっととなり</c><4>にいよう</c><2></c>,り
142.192,143.327,-1,0,<2></c><7>だからぼくがずっととなりに</c><4>いよう</c><2></c>,に
142.192,143.327,-1,-1,<2></c><7>だからボクがずっと隣に</c><4>いよう</c><2></c>,に
143.327,143.527,-1,0,<2></c><7>だからぼくがずっととなりにい</c><4>よう</c><2></c>,い
143.327,143.527,-1,-1,<2></c><7>だからボクがずっと隣にい</c><4>よう</c><2></c>,い
143.527,143.76,-1,0,<2></c><7>だからぼくがずっととなりにいよ</c><4>う</c><2></c>,よ
143.527,143.76,-1,-1,<2></c><7>だからボクがずっと隣にいよ</c><4>う</c><2></c>,よ
143.76,144.661,-1,0,<2></c><7>だからぼくがずっととなりにいよう</c><2></c>,う
143.76,144.661,-1,-1,<2></c><7>だからボクがずっと隣にいよう</c><2></c>,う
144.661,144.862,-1,0,<2></c><7>み</c><4>てきたものかんじたこと</c><2></c>,み
144.661,144.862,-1,-1,<2></c><7>見</c><4>てきたモノ感じたコト</c><2></c>,見
144.862,145.129,-1,0,<2></c><7>みて</c><4>きたものかんじたこと</c><2></c>,て
144.862,145.129,-1,-1,<2></c><7>見て</c><4>きたモノ感じたコト</c><2></c>,て
145.129,145.329,-1,0,<2></c><7>みてき</c><4>たものかんじたこと</c><2></c>,き
145.129,145.329,-1,-1,<2></c><7>見てき</c><4>たモノ感じたコト</c><2></c>,き
145.329,145.562,-1,0,<2></c><7>みてきた</c><4>ものかんじたこと</c><2></c>,た
145.329,145.562,-1,-1,<2></c><7>見てきた</c><4>モノ感じたコト</c><2></c>,た
145.562,145.796,-1,0,<2></c><7>みてきたも</c><4>のかんじたこと</c><2></c>,も
145.562,145.796,-1,-1,<2></c><7>見てきたモ</c><4>ノ感じたコト</c><2></c>,モ
145.796,146.43,-1,0,<2></c><7>みてきたもの</c><4>かんじたこと</c><2></c>,の
145.796,146.43,-1,-1,<2></c><7>見てきたモノ</c><4>感じたコト</c><2></c>,ノ
146.43,146.663,-1,0,<2></c><7>みてきたものか</c><4>んじたこと</c><2></c>,か
146.43,146.864,-1,-1,<2></c><7>見てきたモノ感</c><4>じたコト</c><2></c>,感
146.663,146.864,-1,0,<2></c><7>みてきたものかん</c><4>じたこと</c><2></c>,ん
146.864,147.097,-1,0,<2></c><7>みてきたものかんじ</c><4>たこと</c><2></c>,じ
146.864,147.097,-1,-1,<2></c><7>見てきたモノ感じ</c><4>たコト</c><2></c>,じ
147.097,147.331,-1,0,<2></c><7>みてきたものかんじた</c><4>こと</c><2></c>,た
147.097,147.331,-1,-1,<2></c><7>見てきたモノ感じた</c><4>コト</c><2></c>,た
147.331,147.564,-1,0,<2></c><7>みてきたものかんじたこ</c><4>と</c><2></c>,こ
147.331,147.564,-1,-1,<2></c><7>見てきたモノ感じたコ</c><4>ト</c><2></c>,コ
147.564,148.198,-1,0,<2></c><7>みてきたものかんじたこと</c><2></c>,と
147.564,148.198,-1,-1,<2></c><7>見てきたモノ感じたコト</c><2></c>,ト
148.198,148.398,-1,0,<2></c><7>こ</c><4>とばにできなくても</c><2></c>,こ
148.198,148.665,-1,-1,<2></c><7>言</c><4>葉にできなくても</c><2></c>,言
148.398,148.665,-1,0,<2></c><7>こと</c><4>ばにできなくても</c><2></c>,と
148.665,148.832,-1,0,<2></c><7>ことば</c><4>にできなくても</c><2></c>,ば
148.665,148.832,-1,-1,<2></c><7>言葉</c><4>にできなくても</c><2></c>,葉
148.832,149.099,-1,0,<2></c><7>ことばに</c><4>できなくても</c><2></c>,に
148.832,149.099,-1,-1,<2></c><7>言葉に</c><4>できなくても</c><2></c>,に
149.099,149.299,-1,0,<2></c><7>ことばにで</c><4>きなくても</c><2></c>,で
149.099,149.299,-1,-1,<2></c><7>言葉にで</c><4>きなくても</c><2></c>,で
149.299,149.733,-1,0,<2></c><7>ことばにでき</c><4>なくても</c><2></c>,き
149.299,149.733,-1,-1,<2></c><7>言葉にでき</c><4>なくても</c><2></c>,き
149.733,150.0,-1,0,<2></c><7>ことばにできな</c><4>くても</c><2></c>,な
149.733,150.0,-1,-1,<2></c><7>言葉にできな</c><4>くても</c><2></c>,な
150.0,150.4,-1,0,<2></c><7>ことばにできなく</c><4>ても</c><2></c>,く
150.0,150.4,-1,-1,<2></c><7>言葉にできなく</c><4>ても</c><2></c>,く
150.4,150.868,-1,0,<2></c><7>ことばにできなくて</c><4>も</c><2></c>,て
150.4,150.868,-1,-1,<2></c><7>言葉にできなくて</c><4>も</c><2></c>,て
150.868,151.768,-1,0,<2></c><7>ことばにできなくても</c><2></c>,も
150.868,151.768,-1,-1,<2></c><7>言葉にできなくても</c><2></c>,も
151.768,151.969,-1,0,<2></c><7>こ</c><4>のおもいをはるかかなた</c><2></c>,こ
151.768,151.969,-1,-1,<2></c><7>こ</c><4>の思いを遥か彼方</c><2></c>,こ
151.969,152.202,-1,0,<2></c><7>この</c><4>おもいをはるかかなた</c><2></c>,の
151.969,152.202,-1,-1,<2></c><7>この</c><4>思いを遥か彼方</c><2></c>,の
152.202,152.436,-1,0,<2></c><7>このお</c><4>もいをはるかかなた</c><2></c>,お
152.202,152.669,-1,-1,<2></c><7>この思</c><4>いを遥か彼方</c><2></c>,思
152.436,152.669,-1,0,<2></c><7>このおも</c><4>いをはるかかなた</c><2></c>,も
152.669,152.903,-1,0,<2></c><7>このおもい</c><4>をはるかかなた</c><2></c>,い
152.669,152.903,-1,-1,<2></c><7>この思い</c><4>を遥か彼方</c><2></c>,い
152.903,153.504,-1,0,<2></c><7>このおもいを</c><4>はるかかなた</c><2></c>,を
152.903,153.504,-1,-1,<2></c><7>この思いを</c><4>遥か彼方</c><2></c>,を
153.504,153.77,-1,0,<2></c><7>このおもいをは</c><4>るかかなた</c><2></c>,は
153.504,154.004,-1,-1,<2></c><7>この思いを遥</c><4>か彼方</c><2></c>,遥
153.77,154.004,-1,0,<2></c><7>このおもいをはる</c><4>かかなた</c><2></c>,る
154.004,154.204,-1,0,<2></c><7>このおもいをはるか</c><4>かなた</c><2></c>,か
154.004,154.204,-1,-1,<2></c><7>この思いを遥か</c><4>彼方</c><2></c>,か
154.204,154.438,-1,0,<2></c><7>このおもいをはるか</c><1>か</c><4>なた</c><2></c>,か
154.204,154.671,-1,-1,<2></c><7>この思いを遥か</c><1>彼</c><4>方</c><2></c>,彼
154.438,154.671,-1,0,<2></c><7>このおもいをはるか</c><1>かな</c><4>た</c><2></c>,な
154.671,155.339,-1,0,<2></c><7>このおもいをはるか</c><1>かなた</c><2></c>,た
154.671,155.339,-1,-1,<2></c><7>この思いを遥か</c><1>彼方</c><2></c>,方
155.339,155.539,-1,0,<2></c><7>う</c><4>たにのせてとどけよう</c><2></c>,う
155.339,155.772,-1,-1,<2></c><7>詩</c><4>に乗せて届けよう</c><2></c>,詩
155.539,155.772,-1,0,<2></c><7>うた</c><4>にのせてとどけよう</c><2></c>,た
155.772,155.973,-1,0,<2></c><7>うたに</c><4>のせてとどけよう</c><2></c>,に
155.772,155.973,-1,-1,<2></c><7>詩に</c><4>乗せて届けよう</c><2></c>,に
155.973,156.206,-1,0,<2></c><7>うたにの</c><4>せてとどけよう</c><2></c>,の
155.973,156.206,-1,-1,<2></c><7>詩に乗</c><4>せて届けよう</c><2></c>,乗
156.206,156.44,-1,0,<2></c><7>うたにのせ</c><4>てとどけよう</c><2></c>,せ
156.206,156.44,-1,-1,<2></c><7>詩に乗せ</c><4>て届けよう</c><2></c>,せ
156.44,156.874,-1,0,<2></c><7>うたにのせて</c><4>とどけよう</c><2></c>,て
156.44,156.874,-1,-1,<2></c><7>詩に乗せて</c><4>届けよう</c><2></c>,て
156.874,157.107,-1,0,<2></c><7>うたにのせてと</c><4>どけよう</c><2></c>,と
156.874,157.541,-1,-1,<2></c><7>詩に乗せて届</c><4>けよう</c><2></c>,届
157.107,157.541,-1,0,<2></c><7>うたにのせてとど</c><4>けよう</c><2></c>,ど
157.541,157.975,-1,0,<2></c><7>うたにのせてとどけ</c><4>よう</c><2></c>,け
157.541,157.975,-1,-1,<2></c><7>詩に乗せて届け</c><4>よう</c><2></c>,け
157.975,158.208,-1,0,<2></c><7>うたにのせてとどけよ</c><4>う</c><2></c>,よ
157.975,158.208,-1,-1,<2></c><7>詩に乗せて届けよ</c><4>う</c><2></c>,よ
158.208,158.876,-1,0,<2></c><7>うたにのせてとどけよう</c><2></c>,う
158.208,158.876,-1,-1,<2></c><7>詩に乗せて届けよう</c><2></c>,う
158.876,159.076,-1,0,<2></c><7>こ</c><4>れからさきこのたびじで</c><2></c>,こ
158.876,159.076,-1,-1,<2></c><7>こ</c><4>れから先この旅路で</c><2></c>,こ
159.076,159.309,-1,0,<2></c><7>これ</c><4>からさきこのたびじで</c><2></c>,れ
159.076,159.309,-1,-1,<2></c><7>これ</c><4>から先この旅路で</c><2></c>,れ
159.309,159.543,-1,0,<2></c><7>これか</c><4>らさきこのたびじで</c><2></c>,か
159.309,159.543,-1,-1,<2></c><7>これか</c><4>ら先この旅路で</c><2></c>,か
159.543,159.743,-1,0,<2></c><7>これから</c><4>さきこのたびじで</c><2></c>,ら
159.543,159.743,-1,-1,<2></c><7>これから</c><4>先この旅路で</c><2></c>,ら
159.743,159.977,-1,0,<2></c><7>これからさ</c><4>きこのたびじで</c><2></c>,さ
159.743,160.611,-1,-1,<2></c><7>これから先</c><4>この旅路で</c><2></c>,先
159.977,160.611,-1,0,<2></c><7>これからさき</c><4>このたびじで</c><2></c>,き
160.611,160.844,-1,0,<2></c><7>これからさきこ</c><4>のたびじで</c><2></c>,こ
160.611,160.844,-1,-1,<2></c><7>これから先こ</c><4>の旅路で</c><2></c>,こ
160.844,161.078,-1,0,<2></c><7>これからさきこの</c><4>たびじで</c><2></c>,の
160.844,161.078,-1,-1,<2></c><7>これから先この</c><4>旅路で</c><2></c>,の
161.078,161.311,-1,0,<2></c><7>これからさきこのた</c><4>びじで</c><2></c>,た
161.078,161.512,-1,-1,<2></c><7>これから先この旅</c><4>路で</c><2></c>,旅
161.311,161.512,-1,0,<2></c><7>これからさきこのたび</c><4>じで</c><2></c>,び
161.512,161.778,-1,0,<2></c><7>これからさきこのたびじ</c><4>で</c><2></c>,じ
161.512,161.778,-1,-1,<2></c><7>これから先この旅路</c><4>で</c><2></c>,路
161.778,162.446,-1,0,<2></c><7>これからさきこのたびじで</c><2></c>,で
161.778,162.446,-1,-1,<2></c><7>これから先この旅路で</c><2></c>,で
162.446,162.646,-1,0,<2></c><7>ど</c><4>んなあらしがおそってきても</c><2></c>,ど
162.446,162.646,-1,-1,<2></c><7>ど</c><4>んな嵐が襲ってきても</c><2></c>,ど
162.646,162.88,-1,0,<2></c><7>どん</c><4>なあらしがおそってきても</c><2></c>,ん
162.646,162.88,-1,-1,<2></c><7>どん</c><4>な嵐が襲ってきても</c><2></c>,ん
162.88,163.08,-1,0,<2></c><7>どんな</c><4>あらしがおそってきても</c><2></c>,な
162.88,163.08,-1,-1,<2></c><7>どんな</c><4>嵐が襲ってきても</c><2></c>,な
163.08,163.347,-1,0,<2></c><7>どんなあ</c><4>らしがおそってきても</c><2></c>,あ
163.08,163.881,-1,-1,<2></c><7>どんな嵐</c><4>が襲ってきても</c><2></c>,嵐
163.347,163.547,-1,0,<2></c><7>どんなあら</c><4>しがおそってきても</c><2></c>,ら
163.547,163.881,-1,0,<2></c><7>どんなあらし</c><4>がおそってきても</c><2></c>,し
163.881,164.181,-1,0,<2></c><7>どんなあらしが</c><4>おそってきても</c><2></c>,が
163.881,164.181,-1,-1,<2></c><7>どんな嵐が</c><4>襲ってきても</c><2></c>,が
164.181,164.414,-1,0,<2></c><7>どんなあらしがお</c><4>そってきても</c><2></c>,お
164.181,164.781,-1,-1,<2></c><7>どんな嵐が襲っ</c><4>てきても</c><2></c>,襲っ
164.414,164.781,-1,0,<2></c><7>どんなあらしがおそっ</c><4>てきても</c><2></c>,そっ
164.781,164.982,-1,0,<2></c><7>どんなあらしがおそって</c><4>きても</c><2></c>,て
164.781,164.982,-1,-1,<2></c><7>どんな嵐が襲って</c><4>きても</c><2></c>,て
164.982,165.082,-1,0,<2></c><7>どんなあらしがおそってき</c><4>ても</c><2></c>,き
164.982,165.082,-1,-1,<2></c><7>どんな嵐が襲ってき</c><4>ても</c><2></c>,き
165.082,165.315,-1,0,<2></c><7>どんなあらしがおそってきて</c><4>も</c><2></c>,て
165.082,165.315,-1,-1,<2></c><7>どんな嵐が襲ってきて</c><4>も</c><2></c>,て
165.315,165.983,-1,0,<2></c><7>どんなあらしがおそってきても</c><2></c>,も
165.315,165.983,-1,-1,<2></c><7>どんな嵐が襲ってきても</c><2></c>,も
165.983,166.216,-1,0,<2></c><7>だ</c><4>いじょうぶきみといっしょに</c><2></c>,だ
165.983,166.55,-1,-1,<2></c><7>大</c><4>丈夫キミと一緒に</c><2></c>,大
166.216,166.55,-1,0,<2></c><7>だい</c><4>じょうぶきみといっしょに</c><2></c>,い
166.55,166.884,-1,0,<2></c><7>だいじょ</c><4>うぶきみといっしょに</c><2></c>,じょ
166.55,167.117,-1,-1,<2></c><7>大丈</c><4>夫キミと一緒に</c><2></c>,丈
166.884,167.117,-1,0,<2></c><7>だいじょう</c><4>ぶきみといっしょに</c><2></c>,う
167.117,167.751,-1,0,<2></c><7>だいじょうぶ</c><4>きみといっしょに</c><2></c>,ぶ
167.117,167.751,-1,-1,<2></c><7>大丈夫</c><4>キミと一緒に</c><2></c>,夫
167.751,167.951,-1,0,<2></c><7>だいじょうぶき</c><4>みといっしょに</c><2></c>,き
167.751,167.951,-1,-1,<2></c><7>大丈夫キ</c><4>ミと一緒に</c><2></c>,キ
167.951,168.318,-1,0,<2></c><7>だいじょうぶきみ</c><4>といっしょに</c><2></c>,み
167.951,168.318,-1,-1,<2></c><7>大丈夫キミ</c><4>と一緒に</c><2></c>,ミ
168.318,168.652,-1,0,<2></c><7>だいじょうぶきみと</c><4>いっしょに</c><2></c>,と
168.318,168.652,-1,-1,<2></c><7>大丈夫キミと</c><4>一緒に</c><2></c>,と
168.652,168.886,-1,0,<2></c><7>だいじょうぶきみとい</c><4>っしょに</c><2></c>,い
168.652,168.986,-1,-1,<2></c><7>大丈夫キミと一</c><4>緒に</c><2></c>,一
168.886,168.986,-1,0,<2></c><7>だいじょうぶきみといっ</c><4>しょに</c><2></c>,っ
168.986,169.119,-1,0,<2></c><7>だいじょうぶきみといっしょ</c><4>に</c><2></c>,しょ
168.986,169.119,-1,-1,<2></c><7>大丈夫キミと一緒</c><4>に</c><2></c>,緒
169.119,169.52,-1,0,<2></c><7>だいじょうぶきみといっしょに</c><2></c>,に
169.119,169.52,-1,-1,<2></c><7>大丈夫キミと一緒に</c><2></c>,に
169.52,169.753,-1,0,<2></c><7>う</c><4>たをうたいつづけよう</c><2></c>,う
169.52,169.987,-1,-1,<2></c><7>詩</c><4>を歌い続けよう</c><2></c>,詩
169.753,169.987,-1,0,<2></c><7>うた</c><4>をうたいつづけよう</c><2></c>,た
169.987,170.187,-1,0,<2></c><7>うたを</c><4>うたいつづけよう</c><2></c>,を
169.987,170.187,-1,-1,<2></c><7>詩を</c><4>歌い続けよう</c><2></c>,を
170.187,170.42,-1,0,<2></c><7>うたをう</c><4>たいつづけよう</c><2></c>,う
170.187,170.654,-1,-1,<2></c><7>詩を歌</c><4>い続けよう</c><2></c>,歌
170.42,170.654,-1,0,<2></c><7>うたをうた</c><4>いつづけよう</c><2></c>,た
170.654,171.088,-1,0,<2></c><7>うたをうたい</c><4>つづけよう</c><2></c>,い
170.654,171.088,-1,-1,<2></c><7>詩を歌い</c><4>続けよう</c><2></c>,い
171.088,171.321,-1,0,<2></c><7>うたをうたいつ</c><4>づけよう</c><2></c>,つ
171.088,171.755,-1,-1,<2></c><7>詩を歌い続</c><4>けよう</c><2></c>,続
171.321,171.755,-1,0,<2></c><7>うたをうたいつづ</c><4>けよう</c><2></c>,づ
171.755,172.189,-1,0,<2></c><7>うたをうたいつづけ</c><4>よう</c><2></c>,け
171.755,172.189,-1,-1,<2></c><7>詩を歌い続け</c><4>よう</c><2></c>,け
172.189,172.389,-1,0,<2></c><7>うたをうたいつづけよ</c><4>う</c><2></c>,よ
172.189,172.389,-1,-1,<2></c><7>詩を歌い続けよ</c><4>う</c><2></c>,よ
172.389,173.29,-1,0,<2></c><7>うたをうたいつづけよう</c><2></c>,う
172.389,173.29,-1,-1,<2></c><7>詩を歌い続けよう</c><2></c>,う
173.29,173.524,-1,0,<2></c><7>と</c><4>どくように</c><2></c>,と
173.29,173.957,-1,-1,<2></c><7>届</c><4>くように</c><2></c>,届
173.524,173.957,-1,0,<2></c><7>とど</c><4>くように</c><2></c>,ど
173.957,175.492,-1,0,<2></c><7>とどく</c><4>ように</c><2></c>,く
173.957,175.492,-1,-1,<2></c><7>届く</c><4>ように</c><2></c>,く
175.492,175.626,-1,0,<2></c><7>とどくよ</c><4>うに</c><2></c>,よ
175.492,175.626,-1,-1,<2></c><7>届くよ</c><4>うに</c><2></c>,よ
175.626,175.759,-1,0,<2></c><7>とどくよう</c><4>に</c><2></c>,う
175.626,175.759,-1,-1,<2></c><7>届くよう</c><4>に</c><2></c>,う
175.759,176.827,-1,0,<2></c><7>とどくように</c><2></c>,に
175.759,176.827,-1,-1,<2></c><7>届くように</c><2></c>,に
176.827,177.094,-1,0,<2></c><7>こ</c><4>ころから</c><2></c>,こ
176.827,179.062,-1,-1,<2></c><7>心</c><4>から</c><2></c>,心
177.094,177.528,-1,0,<2></c><7>ここ</c><4>ろから</c><2></c>,こ
177.528,179.062,-1,0,<2></c><7>こころ</c><4>から</c><2></c>,ろ
179.062,179.329,-1,0,<2></c><7>こころか</c><4>ら</c><2></c>,か
179.062,179.329,-1,-1,<2></c><7>心か</c><4>ら</c><2></c>,か
179.329,180.43,-1,0,<2></c><7>こころから</c><2></c>,ら
179.329,180.43,-1,-1,<2></c><7>心から</c><2></c>,ら
180.43,180.764,-1,0,<2></c><3>と</c><4>わに</c><2></c>,と
180.43,180.764,-1,-1,<2></c><3>永</c><4>遠に</c><2></c>,永
180.764,181.098,-1,0,<2></c><3>とわ</c><4>に</c><2></c>,わ
180.764,181.098,-1,-1,<2></c><3>永遠</c><4>に</c><2></c>,遠
181.098,183.967,-1,0,<2></c><3>とわ</c><7>に</c><2></c>,に
181.098,183.967,-1,-1,<2></c><3>永遠</c><7>に</c><2></c>,に
183.967,184.334,-1,0,<2></c><7>ひ</c><4>びけほら</c><2></c>,ひ
183.967,184.635,-1,-1,<2></c><7>響</c><4>けほら</c><2></c>,響
184.334,184.635,-1,0,<2></c><7>ひび</c><4>けほら</c><2></c>,び
184.635,186.17,-1,0,<2></c><7>ひびけ</c><4>ほら</c><2></c>,け
184.635,186.17,-1,-1,<2></c><7>響け</c><4>ほら</c><2></c>,け
186.17,186.436,-1,0,<2></c><7>ひびけほ</c><4>ら</c><2></c>,ほ
186.17,186.436,-1,-1,<2></c><7>響けほ</c><4>ら</c><2></c>,ほ
186.436,187.304,-1,0,<2></c><7>ひびけほら</c><2></c>,ら
186.436,187.304,-1,-1,<2></c><7>響けほら</c><2></c>,ら
187.304,187.437,-1,0,<2></c><7>こ</c><4>のめろでぃ</c><2></c>,こ
187.304,187.437,-1,-1,<2></c><7>こ</c><4>のメロディ</c><2></c>,こ
187.437,187.538,-1,0,<2></c><7>この</c><4>めろでぃ</c><2></c>,の
187.437,187.538,-1,-1,<2></c><7>この</c><4>メロディ</c><2></c>,の
187.538,187.871,-1,0,<2></c><7>このめ</c><4>ろでぃ</c><2></c>,め
187.538,187.871,-1,-1,<2></c><7>このメ</c><4>ロディ</c><2></c>,メ
187.871,188.205,-1,0,<2></c><7>このめろ</c><4>でぃ</c><2></c>,ろ
187.871,188.205,-1,-1,<2></c><7>このメロ</c><4>ディ</c><2></c>,ロ
188.205,191.542,-1,0,<2></c><7>このめろでぃ</c><2></c>,でぃ
188.205,191.542,-1,-1,<2></c><7>このメロディ</c><2></c>,ディ
191.542,192.009,-1,0,<2></c><7>ら</c><4>ら</c><2></c>,ら
191.542,192.009,-1,-1,<2></c><7>ラ</c><4>ラ</c><2></c>,ラ
192.009,195.078,-1,0,<2></c><7>らら</c><2></c>,ら
192.009,195.078,-1,-1,<2></c><7>ララ</c><2></c>,ラ
195.078,195.312,-1,0,<2></c><7>ら</c><4>らら…</c><2></c>,ら
195.078,195.312,-1,-1,<2></c><7>ラ</c><4>ララ…</c><2></c>,ラ
195.312,195.546,-1,0,<2></c><7>らら</c><4>ら…</c><2></c>,ら
195.312,195.546,-1,-1,<2></c><7>ララ</c><4>ラ…</c><2></c>,ラ
195.546,199.082,-1,0,<2></c><7>ららら…</c><2></c>,ら…
195.546,199.082,-1,-1,<2></c><7>ラララ…</c><2></c>,ラ…
199.082,202.653,-1,0,<2></c><7>specialthanks:わためいと</c><2></c>,specialthanks:わためいと
