start,end,position,line,text,token
1.752,2.086,-1,0,<39>wow</c><42>oh!wowoh!oh!</c>,wow
2.086,2.653,-1,0,<39>wowoh!</c><42>wowoh!oh!</c>,oh!
2.653,2.987,-1,0,<39>wowoh!wow</c><42>oh!oh!</c>,wow
2.987,3.31,-1,0,<39>wowoh!wowoh!</c><42>oh!</c>,oh!
3.31,3.87,-1,0,<23>wowoh!wowoh!oh!</c>,oh!
5.289,5.656,-1,0,<14>wow</c><42>oh!wowoh!oh!</c>,wow
5.656,6.19,-1,0,<14>wowoh!</c><42>wowoh!oh!</c>,oh!
6.19,6.523,-1,0,<14>wowoh!wow</c><42>oh!oh!</c>,wow
6.523,6.85,-1,0,<14>wowoh!wowoh!</c><42>oh!</c>,oh!
6.85,7.54,-1,0,<43>wowoh!wowoh!oh!</c>,oh!
8.859,9.193,-1,0,<23>wow</c><42>oh!wowoh!oh!</c>,wow
9.193,9.76,-1,0,<23>wowoh!</c><42>wowoh!oh!</c>,oh!
9.76,10.094,-1,0,<23>wowoh!wow</c><42>oh!oh!</c>,wow
10.094,10.41,-1,0,<23>wowoh!wowoh!</c><42>oh!</c>,oh!
10.41,10.98,-1,0,<39>wowoh!wowoh!oh!</c>,oh!
12.429,12.73,-1,0,<43>wow</c><42>oh!wowoh!oh!</c>,wow
12.73,13.297,-1,0,<43>wowoh!</c><42>wowoh!oh!</c>,oh!
13.297,13.63,-1,0,<43>wowoh!wow</c><42>oh!oh!</c>,wow
13.63,13.97,-1,0,<43>wowoh!wowoh!</c><42>oh!</c>,oh!
13.97,14.66,-1,0,<14>wowoh!wowoh!oh!</c>,oh!
15.966,16.3,-1,0,<10>wow</c><42>oh!wowoh!oh!</c>,wow
16.3,16.82,-1,0,<10>wowoh!</c><42>wowoh!oh!</c>,oh!
16.82,17.17,-1,0,<30>wowoh!wow</c><42>oh!oh!</c>,wow
17.17,17.5,-1,0,<33>wowoh!wowoh!</c><42>oh!</c>,oh!
17.5,18.002,-1,0,<2>wowoh!wowoh!oh!</c>,oh!
18.002,18.268,-1,0,<71>あ～</c><42>あまたやっちゃった</c>,あ～
18.002,18.268,-1,-1,<71>あ～</c><42>あまたやっちゃった</c>,あ～
18.268,18.435,-1,0,<71>あ～あ</c><42>またやっちゃった</c>,あ
18.268,18.435,-1,-1,<71>あ～あ</c><42>またやっちゃった</c>,あ
18.435,18.535,-1,0,<71>あ～あま</c><42>たやっちゃった</c>,ま
18.435,18.535,-1,-1,<71>あ～あま</c><42>たやっちゃった</c>,ま
18.535,18.635,-1,0,<71>あ～あまた</c><42>やっちゃった</c>,た
18.535,18.635,-1,-1,<71>あ～あまた</c><42>やっちゃった</c>,た
18.635,18.869,-1,0,<71>あ～あまたやっ</c><42>ちゃった</c>,やっ
18.635,18.869,-1,-1,<71>あ～あまたやっ</c><42>ちゃった</c>,やっ
18.869,19.103,-1,0,<71>あ～あまたやっちゃっ</c><42>た</c>,ちゃっ
18.869,19.103,-1,-1,<71>あ～あまたやっちゃっ</c><42>た</c>,ちゃっ
19.103,19.536,-1,0,<71>あ～あまたやっちゃった</c>,た
19.103,19.536,-1,-1,<71>あ～あまたやっちゃった</c>,た
19.536,19.87,-1,0,<29>wow</c><42>oh!wowoh!oh!</c>,wow
19.87,20.34,-1,0,<29>wowoh!</c><42>wowoh!oh!</c>,oh!
20.34,20.69,-1,0,<5>wowoh!wow</c><42>oh!oh!</c>,wow
20.69,21.02,-1,0,<6>wowoh!wowoh!</c><42>oh!</c>,oh!
21.02,21.538,-1,0,<2>wowoh!wowoh!oh!</c>,oh!
21.538,21.705,-1,0,<71>か</c><42>くしてたわけじゃないの</c>,か
21.538,21.805,-1,-1,<71>隠</c><42>してたわけじゃないの</c>,隠
21.705,21.805,-1,0,<71>かく</c><42>してたわけじゃないの</c>,く
21.805,21.972,-1,0,<71>かくし</c><42>てたわけじゃないの</c>,し
21.805,21.972,-1,-1,<71>隠し</c><42>てたわけじゃないの</c>,し
21.972,22.039,-1,0,<71>かくして</c><42>たわけじゃないの</c>,て
21.972,22.039,-1,-1,<71>隠して</c><42>たわけじゃないの</c>,て
22.039,22.072,-1,0,<71>かくしてた</c><42>わけじゃないの</c>,た
22.039,22.072,-1,-1,<71>隠してた</c><42>わけじゃないの</c>,た
22.072,22.206,-1,0,<71>かくしてたわ</c><42>けじゃないの</c>,わ
22.072,22.206,-1,-1,<71>隠してたわ</c><42>けじゃないの</c>,わ
22.206,22.339,-1,0,<71>かくしてたわけ</c><42>じゃないの</c>,け
22.206,22.339,-1,-1,<71>隠してたわけ</c><42>じゃないの</c>,け
22.339,22.439,-1,0,<71>かくしてたわけじゃ</c><42>ないの</c>,じゃ
22.339,22.439,-1,-1,<71>隠してたわけじゃ</c><42>ないの</c>,じゃ
22.439,22.539,-1,0,<71>かくしてたわけじゃな</c><42>いの</c>,な
22.439,22.539,-1,-1,<71>隠してたわけじゃな</c><42>いの</c>,な
22.539,22.639,-1,0,<71>かくしてたわけじゃない</c><42>の</c>,い
22.539,22.639,-1,-1,<71>隠してたわけじゃない</c><42>の</c>,い
22.639,23.107,-1,0,<71>かくしてたわけじゃないの</c>,の
22.639,23.107,-1,-1,<71>隠してたわけじゃないの</c>,の
23.107,23.407,-1,0,<12>wow</c><42>oh!wowoh!oh!</c>,wow
23.407,23.92,-1,0,<12>wowoh!</c><42>wowoh!oh!</c>,oh!
23.92,24.27,-1,0,<7>wowoh!wow</c><42>oh!oh!</c>,wow
24.27,24.6,-1,0,<27>wowoh!wowoh!</c><42>oh!</c>,oh!
24.6,25.075,-1,0,<2>wowoh!wowoh!oh!</c>,oh!
25.075,25.309,-1,0,<71>きっ</c><42>とただいってないだけ</c>,きっ
25.075,25.309,-1,-1,<71>きっ</c><42>とただ言ってないだけ</c>,きっ
25.309,25.542,-1,0,<71>きっと</c><42>ただいってないだけ</c>,と
25.309,25.542,-1,-1,<71>きっと</c><42>ただ言ってないだけ</c>,と
25.542,25.676,-1,0,<71>きっとた</c><42>だいってないだけ</c>,た
25.542,25.676,-1,-1,<71>きっとた</c><42>だ言ってないだけ</c>,た
25.676,25.776,-1,0,<71>きっとただ</c><42>いってないだけ</c>,だ
25.676,25.776,-1,-1,<71>きっとただ</c><42>言ってないだけ</c>,だ
25.776,25.976,-1,0,<71>きっとただいっ</c><42>てないだけ</c>,いっ
25.776,25.976,-1,-1,<71>きっとただ言っ</c><42>てないだけ</c>,言っ
25.976,26.11,-1,0,<71>きっとただいって</c><42>ないだけ</c>,て
25.976,26.11,-1,-1,<71>きっとただ言って</c><42>ないだけ</c>,て
26.11,26.276,-1,0,<71>きっとただいってな</c><42>いだけ</c>,な
26.11,26.276,-1,-1,<71>きっとただ言ってな</c><42>いだけ</c>,な
26.276,26.443,-1,0,<71>きっとただいってない</c><42>だけ</c>,い
26.276,26.443,-1,-1,<71>きっとただ言ってない</c><42>だけ</c>,い
26.443,26.577,-1,0,<71>きっとただいってないだ</c><42>け</c>,だ
26.443,26.577,-1,-1,<71>きっとただ言ってないだ</c><42>け</c>,だ
26.577,26.977,-1,0,<71>きっとただいってないだけ</c>,け
26.577,26.977,-1,-1,<71>きっとただ言ってないだけ</c>,け
26.643,26.977,-1,0,<36>wow</c><42>oh!wowoh!oh!</c>,wow
26.977,27.52,-1,0,<36>wowoh!</c><42>wowoh!oh!</c>,oh!
27.52,27.86,-1,0,<17>wowoh!wow</c><42>oh!oh!</c>,wow
27.86,28.19,-1,0,<19>wowoh!wowoh!</c><42>oh!</c>,oh!
28.19,28.679,-1,0,<71>wowoh!wowoh!oh!</c>,oh!
28.679,28.946,-1,0,<71>だっ</c><42>て、はずかしいんだもん。</c>,だっ
28.679,28.946,-1,-1,<71>だっ</c><42>て、恥ずかしいんだもん。</c>,だっ
28.946,29.113,-1,0,<71>だって、</c><42>はずかしいんだもん。</c>,て、
28.946,29.113,-1,-1,<71>だって、</c><42>恥ずかしいんだもん。</c>,て、
29.113,29.246,-1,0,<71>だって、は</c><42>ずかしいんだもん。</c>,は
29.113,29.246,-1,-1,<71>だって、恥</c><42>ずかしいんだもん。</c>,恥
29.246,29.346,-1,0,<71>だって、はず</c><42>かしいんだもん。</c>,ず
29.246,29.346,-1,-1,<71>だって、恥ず</c><42>かしいんだもん。</c>,ず
29.346,29.546,-1,0,<71>だって、はずか</c><42>しいんだもん。</c>,か
29.346,29.546,-1,-1,<71>だって、恥ずか</c><42>しいんだもん。</c>,か
29.546,29.646,-1,0,<71>だって、はずかしい</c><42>んだもん。</c>,しい
29.546,29.646,-1,-1,<71>だって、恥ずかしい</c><42>んだもん。</c>,しい
29.646,29.68,-1,0,<71>だって、はずかしいん</c><42>だもん。</c>,ん
29.646,29.68,-1,-1,<71>だって、恥ずかしいん</c><42>だもん。</c>,ん
29.68,29.78,-1,0,<71>だって、はずかしいんだ</c><42>もん。</c>,だ
29.68,29.78,-1,-1,<71>だって、恥ずかしいんだ</c><42>もん。</c>,だ
29.78,30.21,-1,0,<71>だって、はずかしいんだもん。</c>,もん。
29.78,30.21,-1,-1,<71>だって、恥ずかしいんだもん。</c>,もん。
30.21,33.76,-1,0,<64>角巻わため-愛昧ショコラーテ</c>,角巻わため-愛昧ショコラーテ
33.76,37.31,-1,0,<71>作詞・作曲:junky</c>,作詞・作曲:junky
37.31,40.87,-1,0,<68>イラスト:ふーみ</c><34>動画編集:カラサワ</c>,イラスト:ふーみ動画編集:カラサワ
40.87,43.55,-1,0,<61>歌:角巻わため</c>,歌:角巻わため
43.6,43.66,-1,0,<61>歌:角巻わため</c>,歌:角巻わため
43.71,43.77,-1,0,<61>歌:角巻わため</c>,歌:角巻わため
43.83,43.91,-1,0,<61>歌:角巻わため</c>,歌:角巻わため
43.97,44.04,-1,0,<61>歌:角巻わため</c>,歌:角巻わため
46.43,46.53,-1,0,<66>い</c><42>がいとさびしんぼ</c>,い
46.43,46.53,-1,-1,<66>意</c><42>外と寂しんぼ</c>,意
46.53,46.663,-1,0,<66>いが</c><42>いとさびしんぼ</c>,が
46.53,46.864,-1,-1,<66>意外</c><42>と寂しんぼ</c>,外
46.663,46.864,-1,0,<66>いがい</c><42>とさびしんぼ</c>,い
46.864,47.097,-1,0,<66>いがいと</c><42>さびしんぼ</c>,と
46.864,47.097,-1,-1,<66>意外と</c><42>寂しんぼ</c>,と
47.097,47.364,-1,0,<66>いがいとさ</c><42>びしんぼ</c>,さ
47.097,47.498,-1,-1,<66>意外と寂</c><42>しんぼ</c>,寂
47.364,47.498,-1,0,<66>いがいとさび</c><42>しんぼ</c>,び
47.498,47.698,-1,0,<66>いがいとさびし</c><42>んぼ</c>,し
47.498,47.698,-1,-1,<66>意外と寂し</c><42>んぼ</c>,し
47.698,47.865,-1,0,<66>いがいとさびしん</c><42>ぼ</c>,ん
47.698,47.865,-1,-1,<66>意外と寂しん</c><42>ぼ</c>,ん
47.865,48.41,-1,0,<66>いがいとさびしんぼ</c>,ぼ
47.865,48.41,-1,-1,<66>意外と寂しんぼ</c>,ぼ
50.0,50.1,-1,0,<66>い</c><42>がいとあまえんぼ</c>,い
50.0,50.1,-1,-1,<66>意</c><42>外と甘えんぼ</c>,意
50.1,50.2,-1,0,<66>いが</c><42>いとあまえんぼ</c>,が
50.1,50.434,-1,-1,<66>意外</c><42>と甘えんぼ</c>,外
50.2,50.434,-1,0,<66>いがい</c><42>とあまえんぼ</c>,い
50.434,50.667,-1,0,<66>いがいと</c><42>あまえんぼ</c>,と
50.434,50.667,-1,-1,<66>意外と</c><42>甘えんぼ</c>,と
50.667,50.901,-1,0,<66>いがいとあ</c><42>まえんぼ</c>,あ
50.667,51.035,-1,-1,<66>意外と甘</c><42>えんぼ</c>,甘
50.901,51.035,-1,0,<66>いがいとあま</c><42>えんぼ</c>,ま
51.035,51.201,-1,0,<66>いがいとあまえ</c><42>んぼ</c>,え
51.035,51.201,-1,-1,<66>意外と甘え</c><42>んぼ</c>,え
51.201,51.335,-1,0,<66>いがいとあまえん</c><42>ぼ</c>,ん
51.201,51.335,-1,-1,<66>意外と甘えん</c><42>ぼ</c>,ん
51.335,51.95,-1,0,<66>いがいとあまえんぼ</c>,ぼ
51.335,51.95,-1,-1,<66>意外と甘えんぼ</c>,ぼ
53.537,53.637,-1,0,<66>い</c><42>がいとあわてんぼ</c>,い
53.537,53.637,-1,-1,<66>意</c><42>外と慌てんぼ</c>,意
53.637,53.771,-1,0,<66>いが</c><42>いとあわてんぼ</c>,が
53.637,53.971,-1,-1,<66>意外</c><42>と慌てんぼ</c>,外
53.771,53.971,-1,0,<66>いがい</c><42>とあわてんぼ</c>,い
53.971,54.171,-1,0,<66>いがいと</c><42>あわてんぼ</c>,と
53.971,54.171,-1,-1,<66>意外と</c><42>慌てんぼ</c>,と
54.171,54.405,-1,0,<66>いがいとあ</c><42>わてんぼ</c>,あ
54.171,54.538,-1,-1,<66>意外と慌</c><42>てんぼ</c>,慌
54.405,54.538,-1,0,<66>いがいとあわ</c><42>てんぼ</c>,わ
54.538,54.805,-1,0,<66>いがいとあわて</c><42>んぼ</c>,て
54.538,54.805,-1,-1,<66>意外と慌て</c><42>んぼ</c>,て
54.805,54.938,-1,0,<66>いがいとあわてん</c><42>ぼ</c>,ん
54.805,54.938,-1,-1,<66>意外と慌てん</c><42>ぼ</c>,ん
54.938,55.51,-1,0,<66>いがいとあわてんぼ</c>,ぼ
54.938,55.51,-1,-1,<66>意外と慌てんぼ</c>,ぼ
57.107,57.207,-1,0,<66>い</c><42>がいとてれや</c>,い
57.107,57.207,-1,-1,<66>意</c><42>外と照れ屋</c>,意
57.207,57.307,-1,0,<66>いが</c><42>いとてれや</c>,が
57.207,57.541,-1,-1,<66>意外</c><42>と照れ屋</c>,外
57.307,57.541,-1,0,<66>いがい</c><42>とてれや</c>,い
57.541,57.775,-1,0,<66>いがいと</c><42>てれや</c>,と
57.541,57.775,-1,-1,<66>意外と</c><42>照れ屋</c>,と
57.775,58.142,-1,0,<66>いがいとて</c><42>れや</c>,て
57.775,58.142,-1,-1,<66>意外と照</c><42>れ屋</c>,照
58.142,58.442,-1,0,<66>いがいとてれ</c><42>や</c>,れ
58.142,58.442,-1,-1,<66>意外と照れ</c><42>屋</c>,れ
58.442,59.08,-1,0,<66>いがいとてれや</c>,や
58.442,59.08,-1,-1,<66>意外と照れ屋</c>,屋
60.644,60.878,-1,0,<1>ま</c><42>るいひこうきぐも</c>,ま
60.644,61.078,-1,-1,<1>丸</c><42>い飛行機雲</c>,丸
60.878,61.078,-1,0,<1>まる</c><42>いひこうきぐも</c>,る
61.078,61.211,-1,0,<1>まるい</c><42>ひこうきぐも</c>,い
61.078,61.211,-1,-1,<1>丸い</c><42>飛行機雲</c>,い
61.211,61.311,-1,0,<1>まるいひ</c><42>こうきぐも</c>,ひ
61.211,61.311,-1,-1,<1>丸い飛</c><42>行機雲</c>,飛
61.311,61.678,-1,0,<1>まるいひこう</c><42>きぐも</c>,こう
61.311,61.678,-1,-1,<1>丸い飛行</c><42>機雲</c>,行
61.678,61.979,-1,0,<1>まるいひこうき</c><42>ぐも</c>,き
61.678,61.979,-1,-1,<1>丸い飛行機</c><42>雲</c>,機
61.979,62.146,-1,0,<1>まるいひこうきぐ</c><42>も</c>,ぐ
61.979,62.64,-1,-1,<1>丸い飛行機雲</c>,雲
62.146,62.64,-1,0,<1>まるいひこうきぐも</c>,も
64.181,64.314,-1,0,<65>と</c><42>びだしたかっぷけーき</c>,と
64.181,64.314,-1,-1,<65>飛</c><42>び出したカップケーキ</c>,飛
64.314,64.415,-1,0,<65>とび</c><42>だしたかっぷけーき</c>,び
64.314,64.415,-1,-1,<65>飛び</c><42>出したカップケーキ</c>,び
64.415,64.515,-1,0,<65>とびだ</c><42>したかっぷけーき</c>,だ
64.415,64.515,-1,-1,<65>飛び出</c><42>したカップケーキ</c>,出
64.515,64.615,-1,0,<65>とびだし</c><42>たかっぷけーき</c>,し
64.515,64.615,-1,-1,<65>飛び出し</c><42>たカップケーキ</c>,し
64.615,64.848,-1,0,<65>とびだした</c><42>かっぷけーき</c>,た
64.615,64.848,-1,-1,<65>飛び出した</c><42>カップケーキ</c>,た
64.848,65.049,-1,0,<65>とびだしたかっ</c><42>ぷけーき</c>,かっ
64.848,65.049,-1,-1,<65>飛び出したカッ</c><42>プケーキ</c>,カッ
65.049,65.249,-1,0,<65>とびだしたかっぷ</c><42>けーき</c>,ぷ
65.049,65.249,-1,-1,<65>飛び出したカップ</c><42>ケーキ</c>,プ
65.249,65.516,-1,0,<65>とびだしたかっぷけー</c><42>き</c>,けー
65.249,65.516,-1,-1,<65>飛び出したカップケー</c><42>キ</c>,ケー
65.516,66.19,-1,0,<65>とびだしたかっぷけーき</c>,き
65.516,66.19,-1,-1,<65>飛び出したカップケーキ</c>,キ
67.718,67.985,-1,0,<28>さん</c><42>かいめこんでぃしょなー</c>,さん
67.718,67.985,-1,-1,<28>３</c><42>回目コンディショナー</c>,３
67.985,68.218,-1,0,<28>さんかい</c><42>めこんでぃしょなー</c>,かい
67.985,68.218,-1,-1,<28>３回</c><42>目コンディショナー</c>,回
68.218,68.419,-1,0,<28>さんかいめ</c><42>こんでぃしょなー</c>,め
68.218,68.419,-1,-1,<28>３回目</c><42>コンディショナー</c>,目
68.419,68.619,-1,0,<28>さんかいめこ</c><42>んでぃしょなー</c>,こ
68.419,68.619,-1,-1,<28>３回目コ</c><42>ンディショナー</c>,コ
68.619,68.786,-1,0,<28>さんかいめこん</c><42>でぃしょなー</c>,ん
68.619,68.786,-1,-1,<28>３回目コン</c><42>ディショナー</c>,ン
68.786,69.086,-1,0,<28>さんかいめこんでぃ</c><42>しょなー</c>,でぃ
68.786,69.086,-1,-1,<28>３回目コンディ</c><42>ショナー</c>,ディ
69.086,69.253,-1,0,<28>さんかいめこんでぃしょ</c><42>なー</c>,しょ
69.086,69.253,-1,-1,<28>３回目コンディショ</c><42>ナー</c>,ショ
69.253,69.76,-1,0,<28>さんかいめこんでぃしょなー</c>,なー
69.253,69.76,-1,-1,<28>３回目コンディショナー</c>,ナー
71.288,71.522,-1,0,<72>あ</c><42>まるぱずる</c>,あ
71.288,71.755,-1,-1,<72>余</c><42>るパズル</c>,余
71.522,71.755,-1,0,<72>あま</c><42>るぱずる</c>,ま
71.755,71.955,-1,0,<72>あまる</c><42>ぱずる</c>,る
71.755,71.955,-1,-1,<72>余る</c><42>パズル</c>,る
71.955,72.389,-1,0,<72>あまるぱ</c><42>ずる</c>,ぱ
71.955,72.389,-1,-1,<72>余るパ</c><42>ズル</c>,パ
72.389,72.656,-1,0,<72>あまるぱず</c><42>る</c>,ず
72.389,72.656,-1,-1,<72>余るパズ</c><42>ル</c>,ズ
72.656,72.89,-1,0,<72>あまるぱずる</c>,る
72.656,72.89,-1,-1,<72>余るパズル</c>,ル
72.89,73.357,-1,0,<59>ふ</c><42>わふわうかぶゆめみごこち</c>,ふ
72.89,73.357,-1,-1,<59>ふ</c><42>わふわ浮かぶ夢見心地</c>,ふ
73.357,73.791,-1,0,<59>ふわ</c><42>ふわうかぶゆめみごこち</c>,わ
73.357,73.791,-1,-1,<59>ふわ</c><42>ふわ浮かぶ夢見心地</c>,わ
73.791,74.224,-1,0,<59>ふわふ</c><42>わうかぶゆめみごこち</c>,ふ
73.791,74.224,-1,-1,<59>ふわふ</c><42>わ浮かぶ夢見心地</c>,ふ
74.224,74.625,-1,0,<59>ふわふわ</c><42>うかぶゆめみごこち</c>,わ
74.224,74.625,-1,-1,<59>ふわふわ</c><42>浮かぶ夢見心地</c>,わ
74.625,75.092,-1,0,<59>ふわふわう</c><42>かぶゆめみごこち</c>,う
74.625,75.092,-1,-1,<59>ふわふわ浮</c><42>かぶ夢見心地</c>,浮
75.092,75.526,-1,0,<59>ふわふわうか</c><42>ぶゆめみごこち</c>,か
75.092,75.526,-1,-1,<59>ふわふわ浮か</c><42>ぶ夢見心地</c>,か
75.526,75.926,-1,0,<59>ふわふわうかぶ</c><42>ゆめみごこち</c>,ぶ
75.526,75.926,-1,-1,<59>ふわふわ浮かぶ</c><42>夢見心地</c>,ぶ
75.926,76.427,-1,0,<59>ふわふわうかぶゆ</c><42>めみごこち</c>,ゆ
75.926,76.894,-1,-1,<59>ふわふわ浮かぶ夢</c><42>見心地</c>,夢
76.427,76.894,-1,0,<59>ふわふわうかぶゆめ</c><42>みごこち</c>,め
76.894,77.294,-1,0,<59>ふわふわうかぶゆめみ</c><42>ごこち</c>,み
76.894,77.294,-1,-1,<59>ふわふわ浮かぶ夢見</c><42>心地</c>,見
77.294,77.728,-1,0,<59>ふわふわうかぶゆめみご</c><42>こち</c>,ご
77.294,78.195,-1,-1,<59>ふわふわ浮かぶ夢見心</c><42>地</c>,心
77.728,78.195,-1,0,<59>ふわふわうかぶゆめみごこ</c><42>ち</c>,こ
78.195,79.596,-1,0,<59>ふわふわうかぶゆめみごこち</c>,ち
78.195,79.596,-1,-1,<59>ふわふわ浮かぶ夢見心地</c>,地
79.596,79.963,-1,0,<59>ひ</c><42>とつひとつかぞえておやすみなさい</c>,ひ
79.596,79.963,-1,-1,<59>ひ</c><42>とつひとつ数えておやすみなさい</c>,ひ
79.963,80.297,-1,0,<59>ひと</c><42>つひとつかぞえておやすみなさい</c>,と
79.963,80.297,-1,-1,<59>ひと</c><42>つひとつ数えておやすみなさい</c>,と
80.297,80.431,-1,0,<59>ひとつ</c><42>ひとつかぞえておやすみなさい</c>,つ
80.297,80.431,-1,-1,<59>ひとつ</c><42>ひとつ数えておやすみなさい</c>,つ
80.431,80.864,-1,0,<59>ひとつひ</c><42>とつかぞえておやすみなさい</c>,ひ
80.431,80.864,-1,-1,<59>ひとつひ</c><42>とつ数えておやすみなさい</c>,ひ
80.864,81.265,-1,0,<59>ひとつひと</c><42>つかぞえておやすみなさい</c>,と
80.864,81.265,-1,-1,<59>ひとつひと</c><42>つ数えておやすみなさい</c>,と
81.265,81.765,-1,0,<59>ひとつひとつ</c><42>かぞえておやすみなさい</c>,つ
81.265,81.765,-1,-1,<59>ひとつひとつ</c><42>数えておやすみなさい</c>,つ
81.765,82.199,-1,0,<59>ひとつひとつか</c><42>ぞえておやすみなさい</c>,か
81.765,82.666,-1,-1,<59>ひとつひとつ数</c><42>えておやすみなさい</c>,数
82.199,82.666,-1,0,<59>ひとつひとつかぞ</c><42>えておやすみなさい</c>,ぞ
82.666,83.1,-1,0,<59>ひとつひとつかぞえ</c><42>ておやすみなさい</c>,え
82.666,83.1,-1,-1,<59>ひとつひとつ数え</c><42>ておやすみなさい</c>,え
83.1,83.3,-1,0,<59>ひとつひとつかぞえて</c><42>おやすみなさい</c>,て
83.1,83.3,-1,-1,<59>ひとつひとつ数えて</c><42>おやすみなさい</c>,て
83.3,83.534,-1,0,<59>ひとつひとつかぞえてお</c><42>やすみなさい</c>,お
83.3,83.534,-1,-1,<59>ひとつひとつ数えてお</c><42>やすみなさい</c>,お
83.534,83.867,-1,0,<59>ひとつひとつかぞえておや</c><42>すみなさい</c>,や
83.534,83.867,-1,-1,<59>ひとつひとつ数えておや</c><42>すみなさい</c>,や
83.867,84.435,-1,0,<59>ひとつひとつかぞえておやす</c><42>みなさい</c>,す
83.867,84.435,-1,-1,<59>ひとつひとつ数えておやす</c><42>みなさい</c>,す
84.435,84.868,-1,0,<59>ひとつひとつかぞえておやすみ</c><42>なさい</c>,み
84.435,84.868,-1,-1,<59>ひとつひとつ数えておやすみ</c><42>なさい</c>,み
84.868,85.302,-1,0,<59>ひとつひとつかぞえておやすみな</c><42>さい</c>,な
84.868,85.302,-1,-1,<59>ひとつひとつ数えておやすみな</c><42>さい</c>,な
85.302,85.7,-1,0,<59>ひとつひとつかぞえておやすみなさい</c>,さい
85.302,85.7,-1,-1,<59>ひとつひとつ数えておやすみなさい</c>,さい
87.104,87.538,-1,0,<50>ひ</c><42>そかにめばえたこのきもち</c>,ひ
87.104,87.971,-1,-1,<50>密</c><42>かに芽生えたこのキモチ</c>,密
87.538,87.971,-1,0,<50>ひそ</c><42>かにめばえたこのきもち</c>,そ
87.971,88.405,-1,0,<50>ひそか</c><42>にめばえたこのきもち</c>,か
87.971,88.405,-1,-1,<50>密か</c><42>に芽生えたこのキモチ</c>,か
88.405,88.872,-1,0,<50>ひそかに</c><42>めばえたこのきもち</c>,に
88.405,88.872,-1,-1,<50>密かに</c><42>芽生えたこのキモチ</c>,に
88.872,89.339,-1,0,<50>ひそかにめ</c><42>ばえたこのきもち</c>,め
88.872,89.339,-1,-1,<50>密かに芽</c><42>生えたこのキモチ</c>,芽
89.339,89.773,-1,0,<50>ひそかにめば</c><42>えたこのきもち</c>,ば
89.339,89.773,-1,-1,<50>密かに芽生</c><42>えたこのキモチ</c>,生
89.773,90.207,-1,0,<50>ひそかにめばえ</c><42>たこのきもち</c>,え
89.773,90.207,-1,-1,<50>密かに芽生え</c><42>たこのキモチ</c>,え
90.207,90.641,-1,0,<50>ひそかにめばえた</c><42>このきもち</c>,た
90.207,90.641,-1,-1,<50>密かに芽生えた</c><42>このキモチ</c>,た
90.641,91.108,-1,0,<50>ひそかにめばえたこ</c><42>のきもち</c>,こ
90.641,91.108,-1,-1,<50>密かに芽生えたこ</c><42>のキモチ</c>,こ
91.108,91.508,-1,0,<50>ひそかにめばえたこの</c><42>きもち</c>,の
91.108,91.508,-1,-1,<50>密かに芽生えたこの</c><42>キモチ</c>,の
91.508,91.975,-1,0,<50>ひそかにめばえたこのき</c><42>もち</c>,き
91.508,91.975,-1,-1,<50>密かに芽生えたこのキ</c><42>モチ</c>,キ
91.975,92.376,-1,0,<50>ひそかにめばえたこのきも</c><42>ち</c>,も
91.975,92.376,-1,-1,<50>密かに芽生えたこのキモ</c><42>チ</c>,モ
92.376,93.777,-1,0,<50>ひそかにめばえたこのきもち</c>,ち
92.376,93.777,-1,-1,<50>密かに芽生えたこのキモチ</c>,チ
93.777,94.211,-1,0,<50>ま</c><42>っすぐみつめないで</c>,ま
93.777,94.211,-1,-1,<50>ま</c><42>っすぐ見つめないで</c>,ま
94.211,94.645,-1,0,<50>まっ</c><42>すぐみつめないで</c>,っ
94.211,94.645,-1,-1,<50>まっ</c><42>すぐ見つめないで</c>,っ
94.645,95.079,-1,0,<50>まっす</c><42>ぐみつめないで</c>,す
94.645,95.079,-1,-1,<50>まっす</c><42>ぐ見つめないで</c>,す
95.079,95.546,-1,0,<50>まっすぐ</c><42>みつめないで</c>,ぐ
95.079,95.546,-1,-1,<50>まっすぐ</c><42>見つめないで</c>,ぐ
95.546,95.946,-1,0,<50>まっすぐみ</c><42>つめないで</c>,み
95.546,95.946,-1,-1,<50>まっすぐ見</c><42>つめないで</c>,見
95.946,96.413,-1,0,<50>まっすぐみつ</c><42>めないで</c>,つ
95.946,96.413,-1,-1,<50>まっすぐ見つ</c><42>めないで</c>,つ
96.413,96.847,-1,0,<50>まっすぐみつめ</c><42>ないで</c>,め
96.413,96.847,-1,-1,<50>まっすぐ見つめ</c><42>ないで</c>,め
96.847,97.314,-1,0,<50>まっすぐみつめな</c><42>いで</c>,な
96.847,97.314,-1,-1,<50>まっすぐ見つめな</c><42>いで</c>,な
97.314,97.781,-1,0,<50>まっすぐみつめない</c><42>で</c>,い
97.314,97.781,-1,-1,<50>まっすぐ見つめない</c><42>で</c>,い
97.781,99.7,-1,0,<50>まっすぐみつめないで</c>,で
97.781,99.7,-1,-1,<50>まっすぐ見つめないで</c>,で
100.084,100.417,-1,0,<54>「なん</c><42>だっけ…///」</c>,「なん
100.084,100.417,-1,-1,<54>「なん</c><42>だっけ…///」</c>,「なん
100.417,100.818,-1,0,<54>「なんだ</c><42>っけ…///」</c>,だ
100.417,100.818,-1,-1,<54>「なんだ</c><42>っけ…///」</c>,だ
100.818,101.31,-1,0,<54>「なんだっけ…///」</c>,っけ…///」
100.818,101.31,-1,-1,<54>「なんだっけ…///」</c>,っけ…///」
101.718,101.985,-1,0,<31>こ</c><42>とばにしちゃうときっとそうじゃない</c>,こ
101.718,102.186,-1,-1,<31>言</c><42>葉にしちゃうときっとそうじゃない</c>,言
101.985,102.186,-1,0,<31>こと</c><42>ばにしちゃうときっとそうじゃない</c>,と
102.186,102.453,-1,0,<31>ことば</c><42>にしちゃうときっとそうじゃない</c>,ば
102.186,102.453,-1,-1,<31>言葉</c><42>にしちゃうときっとそうじゃない</c>,葉
102.453,102.553,-1,0,<31>ことばに</c><42>しちゃうときっとそうじゃない</c>,に
102.453,102.553,-1,-1,<31>言葉に</c><42>しちゃうときっとそうじゃない</c>,に
102.553,102.653,-1,0,<31>ことばに</c><18>し</c><42>ちゃうときっとそうじゃない</c>,し
102.553,102.653,-1,-1,<31>言葉に</c><18>し</c><42>ちゃうときっとそうじゃない</c>,し
102.653,102.886,-1,0,<31>ことばに</c><18>しちゃう</c><42>ときっとそうじゃない</c>,ちゃう
102.653,102.886,-1,-1,<31>言葉に</c><18>しちゃう</c><42>ときっとそうじゃない</c>,ちゃう
102.886,103.087,-1,0,<31>ことばに</c><18>しちゃうと</c><42>きっとそうじゃない</c>,と
102.886,103.087,-1,-1,<31>言葉に</c><18>しちゃうと</c><42>きっとそうじゃない</c>,と
103.087,103.52,-1,0,<31>ことばに</c><18>しちゃうと</c><52>きっ</c><42>とそうじゃない</c>,きっ
103.087,103.52,-1,-1,<31>言葉に</c><18>しちゃうと</c><52>きっ</c><42>とそうじゃない</c>,きっ
103.52,103.754,-1,0,<31>ことばに</c><18>しちゃうと</c><52>きっと</c><42>そうじゃない</c>,と
103.52,103.754,-1,-1,<31>言葉に</c><18>しちゃうと</c><52>きっと</c><42>そうじゃない</c>,と
103.754,104.188,-1,0,<31>ことばに</c><18>しちゃうと</c><52>きっとそ</c><42>うじゃない</c>,そ
103.754,104.188,-1,-1,<31>言葉に</c><18>しちゃうと</c><52>きっとそ</c><42>うじゃない</c>,そ
104.188,104.421,-1,0,<31>ことばに</c><18>しちゃうと</c><52>きっとそう</c><42>じゃない</c>,う
104.188,104.421,-1,-1,<31>言葉に</c><18>しちゃうと</c><52>きっとそう</c><42>じゃない</c>,う
104.421,104.655,-1,0,<31>ことばに</c><18>しちゃうと</c><52>きっとそうじゃ</c><42>ない</c>,じゃ
104.421,104.655,-1,-1,<31>言葉に</c><18>しちゃうと</c><52>きっとそうじゃ</c><42>ない</c>,じゃ
104.655,105.322,-1,0,<31>ことばに</c><18>しちゃうと</c><52>きっとそうじゃない</c>,ない
104.655,105.322,-1,-1,<31>言葉に</c><18>しちゃうと</c><52>きっとそうじゃない</c>,ない
105.322,105.556,-1,0,<51>て</c><42>れちゃうだけおちゃらけちゃうじゃない</c>,て
105.322,105.556,-1,-1,<51>照</c><42>れちゃうだけおちゃらけちゃうじゃない</c>,照
105.556,105.722,-1,0,<51>てれ</c><42>ちゃうだけおちゃらけちゃうじゃない</c>,れ
105.556,105.722,-1,-1,<51>照れ</c><42>ちゃうだけおちゃらけちゃうじゃない</c>,れ
105.722,106.023,-1,0,<51>てれちゃ</c><42>うだけおちゃらけちゃうじゃない</c>,ちゃ
105.722,106.023,-1,-1,<51>照れちゃ</c><42>うだけおちゃらけちゃうじゃない</c>,ちゃ
106.023,106.19,-1,0,<51>てれちゃう</c><42>だけおちゃらけちゃうじゃない</c>,う
106.023,106.19,-1,-1,<51>照れちゃう</c><42>だけおちゃらけちゃうじゃない</c>,う
106.19,106.39,-1,0,<51>てれちゃうだ</c><42>けおちゃらけちゃうじゃない</c>,だ
106.19,106.39,-1,-1,<51>照れちゃうだ</c><42>けおちゃらけちゃうじゃない</c>,だ
106.39,106.557,-1,0,<51>てれちゃうだけ</c><42>おちゃらけちゃうじゃない</c>,け
106.39,106.557,-1,-1,<51>照れちゃうだけ</c><42>おちゃらけちゃうじゃない</c>,け
106.557,106.657,-1,0,<51>てれちゃうだけ</c><55>お</c><42>ちゃらけちゃうじゃない</c>,お
106.557,106.657,-1,-1,<51>照れちゃうだけ</c><55>お</c><42>ちゃらけちゃうじゃない</c>,お
106.657,106.89,-1,0,<51>てれちゃうだけ</c><55>おちゃ</c><42>らけちゃうじゃない</c>,ちゃ
106.657,106.89,-1,-1,<51>照れちゃうだけ</c><55>おちゃ</c><42>らけちゃうじゃない</c>,ちゃ
106.89,107.091,-1,0,<51>てれちゃうだけ</c><55>おちゃら</c><42>けちゃうじゃない</c>,ら
106.89,107.091,-1,-1,<51>照れちゃうだけ</c><55>おちゃら</c><42>けちゃうじゃない</c>,ら
107.091,107.291,-1,0,<51>てれちゃうだけ</c><55>おちゃらけ</c><42>ちゃうじゃない</c>,け
107.091,107.291,-1,-1,<51>照れちゃうだけ</c><55>おちゃらけ</c><42>ちゃうじゃない</c>,け
107.291,107.724,-1,0,<51>てれちゃうだけ</c><55>おちゃらけちゃ</c><42>うじゃない</c>,ちゃ
107.291,107.724,-1,-1,<51>照れちゃうだけ</c><55>おちゃらけちゃ</c><42>うじゃない</c>,ちゃ
107.724,107.925,-1,0,<51>てれちゃうだけ</c><55>おちゃらけちゃう</c><42>じゃない</c>,う
107.724,107.925,-1,-1,<51>照れちゃうだけ</c><55>おちゃらけちゃう</c><42>じゃない</c>,う
107.925,108.158,-1,0,<51>てれちゃうだけ</c><55>おちゃらけちゃうじゃ</c><42>ない</c>,じゃ
107.925,108.158,-1,-1,<51>照れちゃうだけ</c><55>おちゃらけちゃうじゃ</c><42>ない</c>,じゃ
108.158,108.859,-1,0,<51>てれちゃうだけ</c><55>おちゃらけちゃうじゃない</c>,ない
108.158,108.859,-1,-1,<51>照れちゃうだけ</c><55>おちゃらけちゃうじゃない</c>,ない
108.859,109.126,-1,0,<8>ほん</c><42>とうのほんとうはかくしたいんじゃないの</c>,ほん
108.859,109.126,-1,-1,<8>本</c><42>当の本当は隠したいんじゃないの</c>,本
109.126,109.326,-1,0,<8>ほんとう</c><42>のほんとうはかくしたいんじゃないの</c>,とう
109.126,109.326,-1,-1,<8>本当</c><42>の本当は隠したいんじゃないの</c>,当
109.326,109.526,-1,0,<8>ほんとうの</c><42>ほんとうはかくしたいんじゃないの</c>,の
109.326,109.526,-1,-1,<8>本当の</c><42>本当は隠したいんじゃないの</c>,の
109.526,109.76,-1,0,<8>ほんとうの</c><53>ほん</c><42>とうはかくしたいんじゃないの</c>,ほん
109.526,109.76,-1,-1,<8>本当の</c><53>本</c><42>当は隠したいんじゃないの</c>,本
109.76,109.96,-1,0,<8>ほんとうの</c><53>ほんとう</c><42>はかくしたいんじゃないの</c>,とう
109.76,109.96,-1,-1,<8>本当の</c><53>本当</c><42>は隠したいんじゃないの</c>,当
109.96,110.194,-1,0,<8>ほんとうの</c><53>ほんとうは</c><42>かくしたいんじゃないの</c>,は
109.96,110.194,-1,-1,<8>本当の</c><53>本当は</c><42>隠したいんじゃないの</c>,は
110.194,110.527,-1,0,<8>ほんとうの</c><53>ほんとうは</c><56>か</c><42>くしたいんじゃないの</c>,か
110.194,110.627,-1,-1,<8>本当の</c><53>本当は</c><56>隠</c><42>したいんじゃないの</c>,隠
110.527,110.627,-1,0,<8>ほんとうの</c><53>ほんとうは</c><56>かく</c><42>したいんじゃないの</c>,く
110.627,110.861,-1,0,<8>ほんとうの</c><53>ほんとうは</c><56>かくし</c><42>たいんじゃないの</c>,し
110.627,110.861,-1,-1,<8>本当の</c><53>本当は</c><56>隠し</c><42>たいんじゃないの</c>,し
110.861,111.361,-1,0,<8>ほんとうの</c><53>ほんとうは</c><56>かくしたい</c><42>んじゃないの</c>,たい
110.861,111.361,-1,-1,<8>本当の</c><53>本当は</c><56>隠したい</c><42>んじゃないの</c>,たい
111.361,111.528,-1,0,<8>ほんとうの</c><53>ほんとうは</c><56>かくしたいん</c><42>じゃないの</c>,ん
111.361,111.528,-1,-1,<8>本当の</c><53>本当は</c><56>隠したいん</c><42>じゃないの</c>,ん
111.528,111.728,-1,0,<8>ほんとうの</c><53>ほんとうは</c><56>かくしたいんじゃ</c><42>ないの</c>,じゃ
111.528,111.728,-1,-1,<8>本当の</c><53>本当は</c><56>隠したいんじゃ</c><42>ないの</c>,じゃ
111.728,112.196,-1,0,<8>ほんとうの</c><53>ほんとうは</c><56>かくしたいんじゃな</c><42>いの</c>,な
111.728,112.196,-1,-1,<8>本当の</c><53>本当は</c><56>隠したいんじゃな</c><42>いの</c>,な
112.196,112.396,-1,0,<8>ほんとうの</c><53>ほんとうは</c><56>かくしたいんじゃない</c><42>の</c>,い
112.196,112.396,-1,-1,<8>本当の</c><53>本当は</c><56>隠したいんじゃない</c><42>の</c>,い
112.396,113.53,-1,0,<8>ほんとうの</c><53>ほんとうは</c><56>かくしたいんじゃないの</c>,の
112.396,113.53,-1,-1,<8>本当の</c><53>本当は</c><56>隠したいんじゃないの</c>,の
113.53,113.764,-1,0,<71>もー、</c><42>そうじゃないのになぁ。</c>,もー、
113.53,113.764,-1,-1,<71>もー、</c><42>そうじゃないのになぁ。</c>,もー、
113.764,114.164,-1,0,<71>もー、そう</c><42>じゃないのになぁ。</c>,そう
113.764,114.164,-1,-1,<71>もー、そう</c><42>じゃないのになぁ。</c>,そう
114.164,114.398,-1,0,<71>もー、そうじゃ</c><42>ないのになぁ。</c>,じゃ
114.164,114.398,-1,-1,<71>もー、そうじゃ</c><42>ないのになぁ。</c>,じゃ
114.398,114.865,-1,0,<71>もー、そうじゃない</c><42>のになぁ。</c>,ない
114.398,114.865,-1,-1,<71>もー、そうじゃない</c><42>のになぁ。</c>,ない
114.865,115.065,-1,0,<71>もー、そうじゃないの</c><42>になぁ。</c>,の
114.865,115.065,-1,-1,<71>もー、そうじゃないの</c><42>になぁ。</c>,の
115.065,115.299,-1,0,<71>もー、そうじゃないのに</c><42>なぁ。</c>,に
115.065,115.299,-1,-1,<71>もー、そうじゃないのに</c><42>なぁ。</c>,に
115.299,116.41,-1,0,<71>もー、そうじゃないのになぁ。</c>,なぁ。
115.299,116.41,-1,-1,<71>もー、そうじゃないのになぁ。</c>,なぁ。
120.871,121.305,-1,0,<40>あい</c><42>まいなんじゃない</c>,あい
120.871,121.305,-1,-1,<40>曖</c><42>昧なんじゃない</c>,曖
121.305,121.738,-1,0,<40>あいまい</c><42>なんじゃない</c>,まい
121.305,121.738,-1,-1,<40>曖昧</c><42>なんじゃない</c>,昧
121.738,121.972,-1,0,<40>あいまいな</c><42>んじゃない</c>,な
121.738,121.972,-1,-1,<40>曖昧な</c><42>んじゃない</c>,な
121.972,122.206,-1,0,<40>あいまいなん</c><42>じゃない</c>,ん
121.972,122.206,-1,-1,<40>曖昧なん</c><42>じゃない</c>,ん
122.206,122.406,-1,0,<40>あいまいなんじゃ</c><42>ない</c>,じゃ
122.206,122.406,-1,-1,<40>曖昧なんじゃ</c><42>ない</c>,じゃ
122.406,123.073,-1,0,<40>あいまいなんじゃない</c>,ない
122.406,123.073,-1,-1,<40>曖昧なんじゃない</c>,ない
123.073,123.307,-1,0,<35>こ</c><42>のきもちはまちがいじゃない</c>,こ
123.073,123.307,-1,-1,<35>こ</c><42>のキモチは間違いじゃない</c>,こ
123.307,123.54,-1,0,<35>この</c><42>きもちはまちがいじゃない</c>,の
123.307,123.54,-1,-1,<35>この</c><42>キモチは間違いじゃない</c>,の
123.54,123.774,-1,0,<35>このき</c><42>もちはまちがいじゃない</c>,き
123.54,123.774,-1,-1,<35>このキ</c><42>モチは間違いじゃない</c>,キ
123.774,123.974,-1,0,<35>このきも</c><42>ちはまちがいじゃない</c>,も
123.774,123.974,-1,-1,<35>このキモ</c><42>チは間違いじゃない</c>,モ
123.974,124.174,-1,0,<35>このきもち</c><42>はまちがいじゃない</c>,ち
123.974,124.174,-1,-1,<35>このキモチ</c><42>は間違いじゃない</c>,チ
124.174,124.441,-1,0,<35>このきもちは</c><42>まちがいじゃない</c>,は
124.174,124.441,-1,-1,<35>このキモチは</c><42>間違いじゃない</c>,は
124.441,124.775,-1,0,<35>このきもちは</c><37>ま</c><42>ちがいじゃない</c>,ま
124.441,124.775,-1,-1,<35>このキモチは</c><37>間</c><42>違いじゃない</c>,間
124.775,124.875,-1,0,<35>このきもちは</c><37>まち</c><42>がいじゃない</c>,ち
124.775,125.075,-1,-1,<35>このキモチは</c><37>間違</c><42>いじゃない</c>,違
124.875,125.075,-1,0,<35>このきもちは</c><37>まちが</c><42>いじゃない</c>,が
125.075,125.742,-1,0,<35>このきもちは</c><37>まちがい</c><42>じゃない</c>,い
125.075,125.742,-1,-1,<35>このキモチは</c><37>間違い</c><42>じゃない</c>,い
125.742,125.976,-1,0,<35>このきもちは</c><37>まちがいじゃ</c><42>ない</c>,じゃ
125.742,125.976,-1,-1,<35>このキモチは</c><37>間違いじゃ</c><42>ない</c>,じゃ
125.976,126.743,-1,0,<35>このきもちは</c><37>まちがいじゃな</c><42>い</c>,な
125.976,126.743,-1,-1,<35>このキモチは</c><37>間違いじゃな</c><42>い</c>,な
126.743,127.08,-1,0,<35>このきもちは</c><37>まちがいじゃない</c>,い
126.743,127.08,-1,-1,<35>このキモチは</c><37>間違いじゃない</c>,い
128.212,128.312,-1,0,<57>ゆ</c><42>びきりげんまん</c>,ゆ
128.212,128.445,-1,-1,<57>指</c><42>切りげんまん</c>,指
128.312,128.445,-1,0,<57>ゆび</c><42>きりげんまん</c>,び
128.445,128.645,-1,0,<57>ゆびき</c><42>りげんまん</c>,き
128.445,128.645,-1,-1,<57>指切</c><42>りげんまん</c>,切
128.645,128.846,-1,0,<57>ゆびきり</c><42>げんまん</c>,り
128.645,128.846,-1,-1,<57>指切り</c><42>げんまん</c>,り
128.846,129.113,-1,0,<57>ゆびきりげ</c><42>んまん</c>,げ
128.846,129.113,-1,-1,<57>指切りげ</c><42>んまん</c>,げ
129.113,129.279,-1,0,<57>ゆびきりげん</c><42>まん</c>,ん
129.113,129.279,-1,-1,<57>指切りげん</c><42>まん</c>,ん
129.279,129.75,-1,0,<57>ゆびきりげんまん</c>,まん
129.279,129.75,-1,-1,<57>指切りげんまん</c>,まん
131.748,132.015,-1,0,<71>か</c><42>なりどじっこで</c>,か
131.748,132.015,-1,-1,<71>か</c><42>なりドジっ子で</c>,か
132.015,132.249,-1,0,<71>かな</c><42>りどじっこで</c>,な
132.015,132.249,-1,-1,<71>かな</c><42>りドジっ子で</c>,な
132.249,132.416,-1,0,<71>かなり</c><42>どじっこで</c>,り
132.249,132.416,-1,-1,<71>かなり</c><42>ドジっ子で</c>,り
132.416,132.749,-1,0,<71>かなりど</c><42>じっこで</c>,ど
132.416,132.749,-1,-1,<71>かなりド</c><42>ジっ子で</c>,ド
132.749,133.117,-1,0,<71>かなりどじ</c><42>っこで</c>,じ
132.749,133.117,-1,-1,<71>かなりドジ</c><42>っ子で</c>,ジ
133.117,133.283,-1,0,<71>かなりどじっこ</c><42>で</c>,っこ
133.117,133.283,-1,-1,<71>かなりドジっ子</c><42>で</c>,っ子
133.283,133.74,-1,0,<71>かなりどじっこで</c>,で
133.283,133.74,-1,-1,<71>かなりドジっ子で</c>,で
135.352,135.586,-1,0,<71>ゆう</c><42>じゅうふだんでも</c>,ゆう
135.352,135.586,-1,-1,<71>優</c><42>柔不断でも</c>,優
135.586,135.786,-1,0,<71>ゆうじゅ</c><42>うふだんでも</c>,じゅ
135.586,135.986,-1,-1,<71>優柔</c><42>不断でも</c>,柔
135.786,135.986,-1,0,<71>ゆうじゅう</c><42>ふだんでも</c>,う
135.986,136.22,-1,0,<71>ゆうじゅうふ</c><42>だんでも</c>,ふ
135.986,136.22,-1,-1,<71>優柔不</c><42>断でも</c>,不
136.22,136.386,-1,0,<71>ゆうじゅうふだ</c><42>んでも</c>,だ
136.22,136.553,-1,-1,<71>優柔不断</c><42>でも</c>,断
136.386,136.553,-1,0,<71>ゆうじゅうふだん</c><42>でも</c>,ん
136.553,136.653,-1,0,<71>ゆうじゅうふだんで</c><42>も</c>,で
136.553,136.653,-1,-1,<71>優柔不断で</c><42>も</c>,で
136.653,137.31,-1,0,<71>ゆうじゅうふだんでも</c>,も
136.653,137.31,-1,-1,<71>優柔不断でも</c>,も
138.889,139.123,-1,0,<71>ぜっ</c><42>たいにまいにち</c>,ぜっ
138.889,139.123,-1,-1,<71>絶</c><42>対に毎日</c>,絶
139.123,139.256,-1,0,<71>ぜった</c><42>いにまいにち</c>,た
139.123,139.389,-1,-1,<71>絶対</c><42>に毎日</c>,対
139.256,139.389,-1,0,<71>ぜったい</c><42>にまいにち</c>,い
139.389,139.556,-1,0,<71>ぜったいに</c><42>まいにち</c>,に
139.389,139.556,-1,-1,<71>絶対に</c><42>毎日</c>,に
139.556,139.89,-1,0,<71>ぜったいにま</c><42>いにち</c>,ま
139.556,140.09,-1,-1,<71>絶対に毎</c><42>日</c>,毎
139.89,140.09,-1,0,<71>ぜったいにまい</c><42>にち</c>,い
140.09,140.29,-1,0,<71>ぜったいにまいに</c><42>ち</c>,に
140.09,140.88,-1,-1,<71>絶対に毎日</c>,日
140.29,140.88,-1,0,<71>ぜったいにまいにち</c>,ち
142.426,142.559,-1,0,<71>あ</c><42>いにきてくれるよねぇ？</c>,あ
142.426,142.559,-1,-1,<71>会</c><42>いに来てくれるよねぇ？</c>,会
142.559,142.693,-1,0,<71>あい</c><42>にきてくれるよねぇ？</c>,い
142.559,142.693,-1,-1,<71>会い</c><42>に来てくれるよねぇ？</c>,い
142.693,142.826,-1,0,<71>あいに</c><42>きてくれるよねぇ？</c>,に
142.693,142.826,-1,-1,<71>会いに</c><42>来てくれるよねぇ？</c>,に
142.826,142.926,-1,0,<71>あいにき</c><42>てくれるよねぇ？</c>,き
142.826,142.926,-1,-1,<71>会いに来</c><42>てくれるよねぇ？</c>,来
142.926,143.06,-1,0,<71>あいにきて</c><42>くれるよねぇ？</c>,て
142.926,143.06,-1,-1,<71>会いに来て</c><42>くれるよねぇ？</c>,て
143.06,143.193,-1,0,<71>あいにきてく</c><42>れるよねぇ？</c>,く
143.06,143.193,-1,-1,<71>会いに来てく</c><42>れるよねぇ？</c>,く
143.193,143.327,-1,0,<71>あいにきてくれ</c><42>るよねぇ？</c>,れ
143.193,143.327,-1,-1,<71>会いに来てくれ</c><42>るよねぇ？</c>,れ
143.327,143.46,-1,0,<71>あいにきてくれる</c><42>よねぇ？</c>,る
143.327,143.46,-1,-1,<71>会いに来てくれる</c><42>よねぇ？</c>,る
143.46,143.594,-1,0,<71>あいにきてくれるよ</c><42>ねぇ？</c>,よ
143.46,143.594,-1,-1,<71>会いに来てくれるよ</c><42>ねぇ？</c>,よ
143.594,143.98,-1,0,<71>あいにきてくれるよねぇ？</c>,ねぇ？
143.594,143.98,-1,-1,<71>会いに来てくれるよねぇ？</c>,ねぇ？
145.996,146.196,-1,0,<24>ほん</c><42>らいおくびょうで</c>,ほん
145.996,146.196,-1,-1,<24>本</c><42>来臆病で</c>,本
146.196,146.43,-1,0,<24>ほんら</c><42>いおくびょうで</c>,ら
146.196,146.63,-1,-1,<24>本来</c><42>臆病で</c>,来
146.43,146.63,-1,0,<24>ほんらい</c><42>おくびょうで</c>,い
146.63,146.864,-1,0,<24>ほんらいお</c><42>くびょうで</c>,お
146.63,146.964,-1,-1,<24>本来臆</c><42>病で</c>,臆
146.864,146.964,-1,0,<24>ほんらいおく</c><42>びょうで</c>,く
146.964,147.297,-1,0,<24>ほんらいおくびょ</c><42>うで</c>,びょ
146.964,147.464,-1,-1,<24>本来臆病</c><42>で</c>,病
147.297,147.464,-1,0,<24>ほんらいおくびょう</c><42>で</c>,う
147.464,147.98,-1,0,<24>ほんらいおくびょうで</c>,で
147.464,147.98,-1,-1,<24>本来臆病で</c>,で
149.533,149.766,-1,0,<13>あん</c><42>がいなきむし</c>,あん
149.533,149.766,-1,-1,<13>案</c><42>外泣き虫</c>,案
149.766,149.967,-1,0,<13>あんがい</c><42>なきむし</c>,がい
149.766,149.967,-1,-1,<13>案外</c><42>泣き虫</c>,外
149.967,150.2,-1,0,<13>あんがいな</c><42>きむし</c>,な
149.967,150.2,-1,-1,<13>案外泣</c><42>き虫</c>,泣
150.2,150.534,-1,0,<13>あんがいなき</c><42>むし</c>,き
150.2,150.534,-1,-1,<13>案外泣き</c><42>虫</c>,き
150.534,150.901,-1,0,<13>あんがいなきむ</c><42>し</c>,む
150.534,151.53,-1,-1,<13>案外泣き虫</c>,虫
150.901,151.53,-1,0,<13>あんがいなきむし</c>,し
153.07,153.303,-1,0,<58>ぜん</c><42>ぜんかわらずに</c>,ぜん
153.07,153.303,-1,-1,<58>全</c><42>然変わらずに</c>,全
153.303,153.537,-1,0,<58>ぜんぜ</c><42>んかわらずに</c>,ぜ
153.303,153.737,-1,-1,<58>全然</c><42>変わらずに</c>,然
153.537,153.737,-1,0,<58>ぜんぜん</c><42>かわらずに</c>,ん
153.737,153.971,-1,0,<58>ぜんぜんか</c><42>わらずに</c>,か
153.737,153.971,-1,-1,<58>全然変</c><42>わらずに</c>,変
153.971,154.104,-1,0,<58>ぜんぜんかわ</c><42>らずに</c>,わ
153.971,154.104,-1,-1,<58>全然変わ</c><42>らずに</c>,わ
154.104,154.371,-1,0,<58>ぜんぜんかわら</c><42>ずに</c>,ら
154.104,154.371,-1,-1,<58>全然変わら</c><42>ずに</c>,ら
154.371,154.505,-1,0,<58>ぜんぜんかわらず</c><42>に</c>,ず
154.371,154.505,-1,-1,<58>全然変わらず</c><42>に</c>,ず
154.505,155.09,-1,0,<58>ぜんぜんかわらずに</c>,に
154.505,155.09,-1,-1,<58>全然変わらずに</c>,に
156.64,156.874,-1,0,<47>がん</c><42>らいきみばっか！</c>,がん
156.64,156.874,-1,-1,<47>元</c><42>来キミばっか！</c>,元
156.874,157.141,-1,0,<47>がんら</c><42>いきみばっか！</c>,ら
156.874,157.307,-1,-1,<47>元来</c><42>キミばっか！</c>,来
157.141,157.307,-1,0,<47>がんらい</c><42>きみばっか！</c>,い
157.307,157.541,-1,0,<47>がんらいき</c><42>みばっか！</c>,き
157.307,157.541,-1,-1,<47>元来キ</c><42>ミばっか！</c>,キ
157.541,157.641,-1,0,<47>がんらいきみ</c><42>ばっか！</c>,み
157.541,157.641,-1,-1,<47>元来キミ</c><42>ばっか！</c>,ミ
157.641,157.975,-1,0,<47>がんらいきみばっ</c><42>か！</c>,ばっ
157.641,157.975,-1,-1,<47>元来キミばっ</c><42>か！</c>,ばっ
157.975,158.642,-1,0,<47>がんらいきみばっか！</c>,か！
157.975,158.642,-1,-1,<47>元来キミばっか！</c>,か！
158.642,158.876,-1,0,<26>あ</c><42>たりまえのようにきゅんってしちゃう</c>,あ
158.642,158.876,-1,-1,<26>当</c><42>たり前のようにキュンってしちゃう</c>,当
158.876,159.076,-1,0,<26>あた</c><42>りまえのようにきゅんってしちゃう</c>,た
158.876,159.076,-1,-1,<26>当た</c><42>り前のようにキュンってしちゃう</c>,た
159.076,159.309,-1,0,<26>あたり</c><42>まえのようにきゅんってしちゃう</c>,り
159.076,159.309,-1,-1,<26>当たり</c><42>前のようにキュンってしちゃう</c>,り
159.309,159.51,-1,0,<26>あたりま</c><42>えのようにきゅんってしちゃう</c>,ま
159.309,159.776,-1,-1,<26>当たり前</c><42>のようにキュンってしちゃう</c>,前
159.51,159.776,-1,0,<26>あたりまえ</c><42>のようにきゅんってしちゃう</c>,え
159.776,160.043,-1,0,<26>あたりまえの</c><42>ようにきゅんってしちゃう</c>,の
159.776,160.043,-1,-1,<26>当たり前の</c><42>ようにキュンってしちゃう</c>,の
160.043,160.244,-1,0,<26>あたりまえのよ</c><42>うにきゅんってしちゃう</c>,よ
160.043,160.244,-1,-1,<26>当たり前のよ</c><42>うにキュンってしちゃう</c>,よ
160.244,160.444,-1,0,<26>あたりまえのよう</c><42>にきゅんってしちゃう</c>,う
160.244,160.444,-1,-1,<26>当たり前のよう</c><42>にキュンってしちゃう</c>,う
160.444,160.611,-1,0,<26>あたりまえのように</c><42>きゅんってしちゃう</c>,に
160.444,160.611,-1,-1,<26>当たり前のように</c><42>キュンってしちゃう</c>,に
160.611,161.311,-1,0,<26>あたりまえのように</c><45>きゅん</c><42>ってしちゃう</c>,きゅん
160.611,161.311,-1,-1,<26>当たり前のように</c><45>キュン</c><42>ってしちゃう</c>,キュン
161.311,161.445,-1,0,<26>あたりまえのように</c><45>きゅんって</c><42>しちゃう</c>,って
161.311,161.445,-1,-1,<26>当たり前のように</c><45>キュンって</c><42>しちゃう</c>,って
161.445,161.578,-1,0,<26>あたりまえのように</c><45>きゅんってし</c><42>ちゃう</c>,し
161.445,161.578,-1,-1,<26>当たり前のように</c><45>キュンってし</c><42>ちゃう</c>,し
161.578,162.179,-1,0,<26>あたりまえのように</c><45>きゅんってしちゃう</c>,ちゃう
161.578,162.179,-1,-1,<26>当たり前のように</c><45>キュンってしちゃう</c>,ちゃう
162.179,162.446,-1,0,<46>き</c><42>みがいないとがっかりしちゃう</c>,き
162.179,162.446,-1,-1,<46>キ</c><42>ミがいないとガッカリしちゃう</c>,キ
162.446,162.646,-1,0,<46>きみ</c><42>がいないとがっかりしちゃう</c>,み
162.446,162.646,-1,-1,<46>キミ</c><42>がいないとガッカリしちゃう</c>,ミ
162.646,162.913,-1,0,<46>きみ</c><4>が</c><42>いないとがっかりしちゃう</c>,が
162.646,162.913,-1,-1,<46>キミ</c><4>が</c><42>いないとガッカリしちゃう</c>,が
162.913,163.08,-1,0,<46>きみ</c><4>がい</c><42>ないとがっかりしちゃう</c>,い
162.913,163.08,-1,-1,<46>キミ</c><4>がい</c><42>ないとガッカリしちゃう</c>,い
163.08,163.313,-1,0,<46>きみ</c><4>がいない</c><42>とがっかりしちゃう</c>,ない
163.08,163.313,-1,-1,<46>キミ</c><4>がいない</c><42>とガッカリしちゃう</c>,ない
163.313,163.547,-1,0,<46>きみ</c><4>がいないと</c><42>がっかりしちゃう</c>,と
163.313,163.547,-1,-1,<46>キミ</c><4>がいないと</c><42>ガッカリしちゃう</c>,と
163.547,163.981,-1,0,<46>きみ</c><4>がいないとがっ</c><42>かりしちゃう</c>,がっ
163.547,163.981,-1,-1,<46>キミ</c><4>がいないとガッ</c><42>カリしちゃう</c>,ガッ
163.981,164.248,-1,0,<46>きみ</c><4>がいないとがっか</c><42>りしちゃう</c>,か
163.981,164.248,-1,-1,<46>キミ</c><4>がいないとガッカ</c><42>リしちゃう</c>,カ
164.248,164.748,-1,0,<46>きみ</c><4>がいないとがっかり</c><42>しちゃう</c>,り
164.248,164.748,-1,-1,<46>キミ</c><4>がいないとガッカリ</c><42>しちゃう</c>,リ
164.748,165.082,-1,0,<46>きみ</c><4>がいないとがっかりし</c><42>ちゃう</c>,し
164.748,165.082,-1,-1,<46>キミ</c><4>がいないとガッカリし</c><42>ちゃう</c>,し
165.082,165.749,-1,0,<46>きみ</c><4>がいないとがっかりしちゃう</c>,ちゃう
165.082,165.749,-1,-1,<46>キミ</c><4>がいないとガッカリしちゃう</c>,ちゃう
165.749,165.983,-1,0,<11>ほん</c><42>とうのほんとうにしょんぼりしちゃうわ</c>,ほん
165.749,165.983,-1,-1,<11>本</c><42>当の本当にしょんぼりしちゃうわ</c>,本
165.983,166.216,-1,0,<11>ほんとう</c><42>のほんとうにしょんぼりしちゃうわ</c>,とう
165.983,166.216,-1,-1,<11>本当</c><42>の本当にしょんぼりしちゃうわ</c>,当
166.216,166.416,-1,0,<11>ほんとうの</c><42>ほんとうにしょんぼりしちゃうわ</c>,の
166.216,166.416,-1,-1,<11>本当の</c><42>本当にしょんぼりしちゃうわ</c>,の
166.416,166.617,-1,0,<11>ほんとうの</c><53>ほん</c><42>とうにしょんぼりしちゃうわ</c>,ほん
166.416,166.617,-1,-1,<11>本当の</c><53>本</c><42>当にしょんぼりしちゃうわ</c>,本
166.617,166.884,-1,0,<11>ほんとうの</c><53>ほんとう</c><42>にしょんぼりしちゃうわ</c>,とう
166.617,166.884,-1,-1,<11>本当の</c><53>本当</c><42>にしょんぼりしちゃうわ</c>,当
166.884,167.117,-1,0,<11>ほんとうの</c><53>ほんとうに</c><42>しょんぼりしちゃうわ</c>,に
166.884,167.117,-1,-1,<11>本当の</c><53>本当に</c><42>しょんぼりしちゃうわ</c>,に
167.117,167.384,-1,0,<11>ほんとうの</c><53>ほんとうに</c><22>しょ</c><42>んぼりしちゃうわ</c>,しょ
167.117,167.384,-1,-1,<11>本当の</c><53>本当に</c><22>しょ</c><42>んぼりしちゃうわ</c>,しょ
167.384,167.518,-1,0,<11>ほんとうの</c><53>ほんとうに</c><22>しょん</c><42>ぼりしちゃうわ</c>,ん
167.384,167.518,-1,-1,<11>本当の</c><53>本当に</c><22>しょん</c><42>ぼりしちゃうわ</c>,ん
167.518,167.784,-1,0,<11>ほんとうの</c><53>ほんとうに</c><22>しょんぼ</c><42>りしちゃうわ</c>,ぼ
167.518,167.784,-1,-1,<11>本当の</c><53>本当に</c><22>しょんぼ</c><42>りしちゃうわ</c>,ぼ
167.784,168.318,-1,0,<11>ほんとうの</c><53>ほんとうに</c><22>しょんぼり</c><42>しちゃうわ</c>,り
167.784,168.318,-1,-1,<11>本当の</c><53>本当に</c><22>しょんぼり</c><42>しちゃうわ</c>,り
168.318,168.619,-1,0,<11>ほんとうの</c><53>ほんとうに</c><22>しょんぼりし</c><42>ちゃうわ</c>,し
168.318,168.619,-1,-1,<11>本当の</c><53>本当に</c><22>しょんぼりし</c><42>ちゃうわ</c>,し
168.619,169.086,-1,0,<11>ほんとうの</c><53>ほんとうに</c><22>しょんぼりしちゃ</c><42>うわ</c>,ちゃ
168.619,169.086,-1,-1,<11>本当の</c><53>本当に</c><22>しょんぼりしちゃ</c><42>うわ</c>,ちゃ
169.086,169.319,-1,0,<11>ほんとうの</c><53>ほんとうに</c><22>しょんぼりしちゃう</c><42>わ</c>,う
169.086,169.319,-1,-1,<11>本当の</c><53>本当に</c><22>しょんぼりしちゃう</c><42>わ</c>,う
169.319,170.42,-1,0,<11>ほんとうの</c><53>ほんとうに</c><22>しょんぼりしちゃうわ</c>,わ
169.319,170.42,-1,-1,<11>本当の</c><53>本当に</c><22>しょんぼりしちゃうわ</c>,わ
170.42,170.521,-1,0,<71>あ</c><42>いたくなっちゃうなぁ。</c>,あ
170.42,170.521,-1,-1,<71>会</c><42>いたくなっちゃうなぁ。</c>,会
170.521,170.621,-1,0,<71>あい</c><42>たくなっちゃうなぁ。</c>,い
170.521,170.621,-1,-1,<71>会い</c><42>たくなっちゃうなぁ。</c>,い
170.621,171.088,-1,0,<71>あいた</c><42>くなっちゃうなぁ。</c>,た
170.621,171.088,-1,-1,<71>会いた</c><42>くなっちゃうなぁ。</c>,た
171.088,171.321,-1,0,<71>あいたく</c><42>なっちゃうなぁ。</c>,く
171.088,171.321,-1,-1,<71>会いたく</c><42>なっちゃうなぁ。</c>,く
171.321,171.722,-1,0,<71>あいたくなっ</c><42>ちゃうなぁ。</c>,なっ
171.321,171.722,-1,-1,<71>会いたくなっ</c><42>ちゃうなぁ。</c>,なっ
171.722,171.955,-1,0,<71>あいたくなっちゃ</c><42>うなぁ。</c>,ちゃ
171.722,171.955,-1,-1,<71>会いたくなっちゃ</c><42>うなぁ。</c>,ちゃ
171.955,172.222,-1,0,<71>あいたくなっちゃう</c><42>なぁ。</c>,う
171.955,172.222,-1,-1,<71>会いたくなっちゃう</c><42>なぁ。</c>,う
172.222,172.87,-1,0,<71>あいたくなっちゃうなぁ。</c>,なぁ。
172.222,172.87,-1,-1,<71>会いたくなっちゃうなぁ。</c>,なぁ。
177.761,178.195,-1,0,<16>こう</c><42>かいばっかしちゃう</c>,こう
177.761,178.195,-1,-1,<16>後</c><42>悔ばっかしちゃう</c>,後
178.195,178.662,-1,0,<16>こうかい</c><42>ばっかしちゃう</c>,かい
178.195,178.662,-1,-1,<16>後悔</c><42>ばっかしちゃう</c>,悔
178.662,179.096,-1,0,<16>こうかいばっ</c><42>かしちゃう</c>,ばっ
178.662,179.096,-1,-1,<16>後悔ばっ</c><42>かしちゃう</c>,ばっ
179.096,179.196,-1,0,<16>こうかいばっか</c><42>しちゃう</c>,か
179.096,179.196,-1,-1,<16>後悔ばっか</c><42>しちゃう</c>,か
179.196,179.329,-1,0,<16>こうかいばっかし</c><42>ちゃう</c>,し
179.196,179.329,-1,-1,<16>後悔ばっかし</c><42>ちゃう</c>,し
179.329,179.963,-1,0,<16>こうかいばっかしちゃう</c>,ちゃう
179.329,179.963,-1,-1,<16>後悔ばっかしちゃう</c>,ちゃう
179.963,180.23,-1,0,<3>こ</c><42>のこころもゆうきだしちゃえ</c>,こ
179.963,180.23,-1,-1,<3>こ</c><42>のココロも勇気だしちゃえ</c>,こ
180.23,180.397,-1,0,<3>この</c><42>こころもゆうきだしちゃえ</c>,の
180.23,180.397,-1,-1,<3>この</c><42>ココロも勇気だしちゃえ</c>,の
180.397,180.631,-1,0,<3>この</c><32>こ</c><42>ころもゆうきだしちゃえ</c>,こ
180.397,180.631,-1,-1,<3>この</c><32>コ</c><42>コロも勇気だしちゃえ</c>,コ
180.631,180.864,-1,0,<3>この</c><32>ここ</c><42>ろもゆうきだしちゃえ</c>,こ
180.631,180.864,-1,-1,<3>この</c><32>ココ</c><42>ロも勇気だしちゃえ</c>,コ
180.864,181.064,-1,0,<3>この</c><32>こころ</c><42>もゆうきだしちゃえ</c>,ろ
180.864,181.064,-1,-1,<3>この</c><32>ココロ</c><42>も勇気だしちゃえ</c>,ロ
181.064,181.265,-1,0,<3>この</c><32>こころも</c><42>ゆうきだしちゃえ</c>,も
181.064,181.265,-1,-1,<3>この</c><32>ココロも</c><42>勇気だしちゃえ</c>,も
181.265,181.532,-1,0,<3>この</c><32>こころも</c><20>ゆ</c><42>うきだしちゃえ</c>,ゆ
181.265,181.765,-1,-1,<3>この</c><32>ココロも</c><20>勇</c><42>気だしちゃえ</c>,勇
181.532,181.765,-1,0,<3>この</c><32>こころも</c><20>ゆう</c><42>きだしちゃえ</c>,う
181.765,181.999,-1,0,<3>この</c><32>こころも</c><20>ゆうき</c><42>だしちゃえ</c>,き
181.765,181.999,-1,-1,<3>この</c><32>ココロも</c><20>勇気</c><42>だしちゃえ</c>,気
181.999,182.499,-1,0,<3>この</c><32>こころも</c><20>ゆうきだ</c><42>しちゃえ</c>,だ
181.999,182.499,-1,-1,<3>この</c><32>ココロも</c><20>勇気だ</c><42>しちゃえ</c>,だ
182.499,182.633,-1,0,<3>この</c><32>こころも</c><20>ゆうきだし</c><42>ちゃえ</c>,し
182.499,182.633,-1,-1,<3>この</c><32>ココロも</c><20>勇気だし</c><42>ちゃえ</c>,し
182.633,182.9,-1,0,<3>この</c><32>こころも</c><20>ゆうきだしちゃ</c><42>え</c>,ちゃ
182.633,182.9,-1,-1,<3>この</c><32>ココロも</c><20>勇気だしちゃ</c><42>え</c>,ちゃ
182.9,183.97,-1,0,<3>この</c><32>こころも</c><20>ゆうきだしちゃえ</c>,え
182.9,183.97,-1,-1,<3>この</c><32>ココロも</c><20>勇気だしちゃえ</c>,え
185.102,185.202,-1,0,<48>こ</c><42>のゆびとまれ</c>,こ
185.102,185.202,-1,-1,<48>こ</c><42>の指とまれ</c>,こ
185.202,185.302,-1,0,<48>この</c><42>ゆびとまれ</c>,の
185.202,185.302,-1,-1,<48>この</c><42>指とまれ</c>,の
185.302,185.502,-1,0,<48>このゆ</c><42>びとまれ</c>,ゆ
185.302,185.736,-1,-1,<48>この指</c><42>とまれ</c>,指
185.502,185.736,-1,0,<48>このゆび</c><42>とまれ</c>,び
185.736,185.969,-1,0,<48>このゆびと</c><42>まれ</c>,と
185.736,185.969,-1,-1,<48>この指と</c><42>まれ</c>,と
185.969,186.17,-1,0,<48>このゆびとま</c><42>れ</c>,ま
185.969,186.17,-1,-1,<48>この指とま</c><42>れ</c>,ま
186.17,186.49,-1,0,<48>このゆびとまれ</c>,れ
186.17,186.49,-1,-1,<48>この指とまれ</c>,れ
215.499,215.766,-1,0,<69>よ</c><42>わいところきづかれたり</c>,よ
215.499,215.966,-1,-1,<69>弱</c><42>いところ気付かれたり</c>,弱
215.766,215.966,-1,0,<69>よわ</c><42>いところきづかれたり</c>,わ
215.966,216.233,-1,0,<69>よわい</c><42>ところきづかれたり</c>,い
215.966,216.233,-1,-1,<69>弱い</c><42>ところ気付かれたり</c>,い
216.233,216.433,-1,0,<69>よわいと</c><42>ころきづかれたり</c>,と
216.233,216.433,-1,-1,<69>弱いと</c><42>ころ気付かれたり</c>,と
216.433,216.667,-1,0,<69>よわいとこ</c><42>ろきづかれたり</c>,こ
216.433,216.667,-1,-1,<69>弱いとこ</c><42>ろ気付かれたり</c>,こ
216.667,216.833,-1,0,<69>よわいところ</c><42>きづかれたり</c>,ろ
216.667,216.833,-1,-1,<69>弱いところ</c><42>気付かれたり</c>,ろ
216.833,217.201,-1,0,<69>よわいところき</c><42>づかれたり</c>,き
216.833,217.201,-1,-1,<69>弱いところ気</c><42>付かれたり</c>,気
217.201,217.334,-1,0,<69>よわいところきづ</c><42>かれたり</c>,づ
217.201,217.334,-1,-1,<69>弱いところ気付</c><42>かれたり</c>,付
217.334,217.568,-1,0,<69>よわいところきづか</c><42>れたり</c>,か
217.334,217.568,-1,-1,<69>弱いところ気付か</c><42>れたり</c>,か
217.568,218.235,-1,0,<69>よわいところきづかれ</c><42>たり</c>,れ
217.568,218.235,-1,-1,<69>弱いところ気付かれ</c><42>たり</c>,れ
218.235,218.468,-1,0,<69>よわいところきづかれた</c><42>り</c>,た
218.235,218.468,-1,-1,<69>弱いところ気付かれた</c><42>り</c>,た
218.468,220.44,-1,0,<69>よわいところきづかれたり</c>,り
218.468,220.44,-1,-1,<69>弱いところ気付かれたり</c>,り
222.573,222.906,-1,0,<38>さ</c><42>びしさごとつつまれたり</c>,さ
222.573,223.106,-1,-1,<38>寂</c><42>しさごと包まれたり</c>,寂
222.906,223.106,-1,0,<38>さび</c><42>しさごとつつまれたり</c>,び
223.106,223.34,-1,0,<38>さびし</c><42>さごとつつまれたり</c>,し
223.106,223.34,-1,-1,<38>寂し</c><42>さごと包まれたり</c>,し
223.34,223.54,-1,0,<38>さびしさ</c><42>ごとつつまれたり</c>,さ
223.34,223.54,-1,-1,<38>寂しさ</c><42>ごと包まれたり</c>,さ
223.54,223.774,-1,0,<38>さびしさご</c><42>とつつまれたり</c>,ご
223.54,223.774,-1,-1,<38>寂しさご</c><42>と包まれたり</c>,ご
223.774,223.974,-1,0,<38>さびしさごと</c><42>つつまれたり</c>,と
223.774,223.974,-1,-1,<38>寂しさごと</c><42>包まれたり</c>,と
223.974,224.341,-1,0,<38>さびしさごとつ</c><42>つまれたり</c>,つ
223.974,224.474,-1,-1,<38>寂しさごと包</c><42>まれたり</c>,包
224.341,224.474,-1,0,<38>さびしさごとつつ</c><42>まれたり</c>,つ
224.474,224.675,-1,0,<38>さびしさごとつつま</c><42>れたり</c>,ま
224.474,224.675,-1,-1,<38>寂しさごと包ま</c><42>れたり</c>,ま
224.675,225.309,-1,0,<38>さびしさごとつつまれ</c><42>たり</c>,れ
224.675,225.309,-1,-1,<38>寂しさごと包まれ</c><42>たり</c>,れ
225.309,225.609,-1,0,<38>さびしさごとつつまれた</c><42>り</c>,た
225.309,225.609,-1,-1,<38>寂しさごと包まれた</c><42>り</c>,た
225.609,227.54,-1,0,<38>さびしさごとつつまれたり</c>,り
225.609,227.54,-1,-1,<38>寂しさごと包まれたり</c>,り
229.78,229.947,-1,0,<60>い</c><42>つまでもわらいあったり</c>,い
229.78,229.947,-1,-1,<60>い</c><42>つまでも笑いあったり</c>,い
229.947,230.214,-1,0,<60>いつ</c><42>までもわらいあったり</c>,つ
229.947,230.214,-1,-1,<60>いつ</c><42>までも笑いあったり</c>,つ
230.214,230.414,-1,0,<60>いつま</c><42>でもわらいあったり</c>,ま
230.214,230.414,-1,-1,<60>いつま</c><42>でも笑いあったり</c>,ま
230.414,230.647,-1,0,<60>いつまで</c><42>もわらいあったり</c>,で
230.414,230.647,-1,-1,<60>いつまで</c><42>も笑いあったり</c>,で
230.647,230.847,-1,0,<60>いつまでも</c><42>わらいあったり</c>,も
230.647,230.847,-1,-1,<60>いつまでも</c><42>笑いあったり</c>,も
230.847,231.081,-1,0,<60>いつまでもわ</c><42>らいあったり</c>,わ
230.847,231.582,-1,-1,<60>いつまでも笑</c><42>いあったり</c>,笑
231.081,231.582,-1,0,<60>いつまでもわら</c><42>いあったり</c>,ら
231.582,231.782,-1,0,<60>いつまでもわらい</c><42>あったり</c>,い
231.582,231.782,-1,-1,<60>いつまでも笑い</c><42>あったり</c>,い
231.782,232.416,-1,0,<60>いつまでもわらいあっ</c><42>たり</c>,あっ
231.782,232.416,-1,-1,<60>いつまでも笑いあっ</c><42>たり</c>,あっ
232.416,232.649,-1,0,<60>いつまでもわらいあった</c><42>り</c>,た
232.416,232.649,-1,-1,<60>いつまでも笑いあった</c><42>り</c>,た
232.649,233.317,-1,0,<60>いつまでもわらいあったり</c>,り
232.649,233.317,-1,-1,<60>いつまでも笑いあったり</c>,り
233.317,233.55,-1,0,<25>た</c><42>まにはむっとけんかをしたり</c>,た
233.317,233.55,-1,-1,<25>た</c><42>まにはムッとケンカをしたり</c>,た
233.55,233.784,-1,0,<25>たま</c><42>にはむっとけんかをしたり</c>,ま
233.55,233.784,-1,-1,<25>たま</c><42>にはムッとケンカをしたり</c>,ま
233.784,233.984,-1,0,<25>たまに</c><42>はむっとけんかをしたり</c>,に
233.784,233.984,-1,-1,<25>たまに</c><42>はムッとケンカをしたり</c>,に
233.984,234.184,-1,0,<25>たまには</c><42>むっとけんかをしたり</c>,は
233.984,234.184,-1,-1,<25>たまには</c><42>ムッとケンカをしたり</c>,は
234.184,234.418,-1,0,<25>たまにはむっ</c><42>とけんかをしたり</c>,むっ
234.184,234.418,-1,-1,<25>たまにはムッ</c><42>とケンカをしたり</c>,ムッ
234.418,234.618,-1,0,<25>たまにはむっと</c><42>けんかをしたり</c>,と
234.418,234.618,-1,-1,<25>たまにはムッと</c><42>ケンカをしたり</c>,と
234.618,234.851,-1,0,<25>たまにはむっとけ</c><42>んかをしたり</c>,け
234.618,234.851,-1,-1,<25>たまにはムッとケ</c><42>ンカをしたり</c>,ケ
234.851,235.085,-1,0,<25>たまにはむっとけん</c><42>かをしたり</c>,ん
234.851,235.085,-1,-1,<25>たまにはムッとケン</c><42>カをしたり</c>,ン
235.085,235.319,-1,0,<25>たまにはむっとけんか</c><42>をしたり</c>,か
235.085,235.319,-1,-1,<25>たまにはムッとケンカ</c><42>をしたり</c>,カ
235.319,235.786,-1,0,<25>たまにはむっとけんかを</c><42>したり</c>,を
235.319,235.786,-1,-1,<25>たまにはムッとケンカを</c><42>したり</c>,を
235.786,235.986,-1,0,<25>たまにはむっとけんかをし</c><42>たり</c>,し
235.786,235.986,-1,-1,<25>たまにはムッとケンカをし</c><42>たり</c>,し
235.986,236.253,-1,0,<25>たまにはむっとけんかをした</c><42>り</c>,た
235.986,236.253,-1,-1,<25>たまにはムッとケンカをした</c><42>り</c>,た
236.253,236.853,-1,0,<25>たまにはむっとけんかをしたり</c>,り
236.253,236.853,-1,-1,<25>たまにはムッとケンカをしたり</c>,り
236.853,237.321,-1,0,<70>ずっ</c><42>とずっとそばにいてほしい</c>,ずっ
236.853,237.321,-1,-1,<70>ずっ</c><42>とずっと傍にいてほしい</c>,ずっ
237.321,237.554,-1,0,<70>ずっと</c><42>ずっとそばにいてほしい</c>,と
237.321,237.554,-1,-1,<70>ずっと</c><42>ずっと傍にいてほしい</c>,と
237.554,237.955,-1,0,<70>ずっとずっ</c><42>とそばにいてほしい</c>,ずっ
237.554,237.955,-1,-1,<70>ずっとずっ</c><42>と傍にいてほしい</c>,ずっ
237.955,238.188,-1,0,<70>ずっとずっと</c><42>そばにいてほしい</c>,と
237.955,238.188,-1,-1,<70>ずっとずっと</c><42>傍にいてほしい</c>,と
238.188,238.455,-1,0,<70>ずっとずっとそ</c><42>ばにいてほしい</c>,そ
238.188,238.655,-1,-1,<70>ずっとずっと傍</c><42>にいてほしい</c>,傍
238.455,238.655,-1,0,<70>ずっとずっとそば</c><42>にいてほしい</c>,ば
238.655,238.755,-1,0,<70>ずっとずっとそばに</c><42>いてほしい</c>,に
238.655,238.755,-1,-1,<70>ずっとずっと傍に</c><42>いてほしい</c>,に
238.755,238.889,-1,0,<70>ずっとずっとそばにい</c><42>てほしい</c>,い
238.755,238.889,-1,-1,<70>ずっとずっと傍にい</c><42>てほしい</c>,い
238.889,239.523,-1,0,<70>ずっとずっとそばにいて</c><42>ほしい</c>,て
238.889,239.523,-1,-1,<70>ずっとずっと傍にいて</c><42>ほしい</c>,て
239.523,239.756,-1,0,<70>ずっとずっとそばにいてほ</c><42>しい</c>,ほ
239.523,239.756,-1,-1,<70>ずっとずっと傍にいてほ</c><42>しい</c>,ほ
239.756,239.99,-1,0,<70>ずっとずっとそばにいてほし</c><42>い</c>,し
239.756,239.99,-1,-1,<70>ずっとずっと傍にいてほし</c><42>い</c>,し
239.99,241.49,-1,0,<70>ずっとずっとそばにいてほしい</c>,い
239.99,241.49,-1,-1,<70>ずっとずっと傍にいてほしい</c>,い
241.825,242.025,-1,0,<15>…や</c><42>くそくだぞっ。</c>,…や
241.825,242.159,-1,-1,<15>…約</c><42>束だぞっ。</c>,…約
242.025,242.159,-1,0,<15>…やく</c><42>そくだぞっ。</c>,く
242.159,242.259,-1,0,<15>…やくそ</c><42>くだぞっ。</c>,そ
242.159,242.326,-1,-1,<15>…約束</c><42>だぞっ。</c>,束
242.259,242.326,-1,0,<15>…やくそく</c><42>だぞっ。</c>,く
242.326,242.492,-1,0,<15>…やくそくだ</c><42>ぞっ。</c>,だ
242.326,242.492,-1,-1,<15>…約束だ</c><42>ぞっ。</c>,だ
242.492,243.22,-1,0,<15>…やくそくだぞっ。</c>,ぞっ。
242.492,243.22,-1,-1,<15>…約束だぞっ。</c>,ぞっ。
243.994,244.428,-1,0,<63>「いっ</c><42>ちゃった///」</c>,「いっ
243.994,244.428,-1,-1,<63>「いっ</c><42>ちゃった///」</c>,「いっ
244.428,244.861,-1,0,<63>「いっちゃっ</c><42>た///」</c>,ちゃっ
244.428,244.861,-1,-1,<63>「いっちゃっ</c><42>た///」</c>,ちゃっ
244.861,245.31,-1,0,<63>「いっちゃった///」</c>,た///」
244.861,245.31,-1,-1,<63>「いっちゃった///」</c>,た///」
245.762,246.063,-1,0,<21>も</c><42>しかしたらうんめいかも</c>,も
245.762,246.063,-1,-1,<21>も</c><42>しかしたら運命かも</c>,も
246.063,246.196,-1,0,<21>もし</c><42>かしたらうんめいかも</c>,し
246.063,246.196,-1,-1,<21>もし</c><42>かしたら運命かも</c>,し
246.196,246.496,-1,0,<21>もしか</c><42>したらうんめいかも</c>,か
246.196,246.496,-1,-1,<21>もしか</c><42>したら運命かも</c>,か
246.496,246.63,-1,0,<21>もしかし</c><42>たらうんめいかも</c>,し
246.496,246.63,-1,-1,<21>もしかし</c><42>たら運命かも</c>,し
246.63,246.897,-1,0,<21>もしかした</c><42>らうんめいかも</c>,た
246.63,246.897,-1,-1,<21>もしかした</c><42>ら運命かも</c>,た
246.897,247.097,-1,0,<21>もしかしたら</c><42>うんめいかも</c>,ら
246.897,247.097,-1,-1,<21>もしかしたら</c><42>運命かも</c>,ら
247.097,247.531,-1,0,<21>もしかしたらうん</c><42>めいかも</c>,うん
247.097,247.531,-1,-1,<21>もしかしたら運</c><42>命かも</c>,運
247.531,247.965,-1,0,<21>もしかしたらうんめ</c><42>いかも</c>,め
247.531,248.398,-1,-1,<21>もしかしたら運命</c><42>かも</c>,命
247.965,248.398,-1,0,<21>もしかしたらうんめい</c><42>かも</c>,い
248.398,248.665,-1,0,<21>もしかしたらうんめいか</c><42>も</c>,か
248.398,248.665,-1,-1,<21>もしかしたら運命か</c><42>も</c>,か
248.665,249.299,-1,0,<21>もしかしたらうんめいかも</c>,も
248.665,249.299,-1,-1,<21>もしかしたら運命かも</c>,も
249.299,249.533,-1,0,<44>あ</c><42>かいいとがみえちゃうかも</c>,あ
249.299,249.766,-1,-1,<44>赤</c><42>い糸が見えちゃうかも</c>,赤
249.533,249.766,-1,0,<44>あか</c><42>いいとがみえちゃうかも</c>,か
249.766,249.967,-1,0,<44>あかい</c><42>いとがみえちゃうかも</c>,い
249.766,249.967,-1,-1,<44>赤い</c><42>糸が見えちゃうかも</c>,い
249.967,250.167,-1,0,<44>あかいい</c><42>とがみえちゃうかも</c>,い
249.967,250.434,-1,-1,<44>赤い糸</c><42>が見えちゃうかも</c>,糸
250.167,250.434,-1,0,<44>あかいいと</c><42>がみえちゃうかも</c>,と
250.434,250.634,-1,0,<44>あかいいとが</c><42>みえちゃうかも</c>,が
250.434,250.634,-1,-1,<44>赤い糸が</c><42>見えちゃうかも</c>,が
250.634,251.101,-1,0,<44>あかいいとがみ</c><42>えちゃうかも</c>,み
250.634,251.101,-1,-1,<44>赤い糸が見</c><42>えちゃうかも</c>,見
251.101,251.268,-1,0,<44>あかいいとがみえ</c><42>ちゃうかも</c>,え
251.101,251.268,-1,-1,<44>赤い糸が見え</c><42>ちゃうかも</c>,え
251.268,251.735,-1,0,<44>あかいいとがみえちゃ</c><42>うかも</c>,ちゃ
251.268,251.735,-1,-1,<44>赤い糸が見えちゃ</c><42>うかも</c>,ちゃ
251.735,251.969,-1,0,<44>あかいいとがみえちゃう</c><42>かも</c>,う
251.735,251.969,-1,-1,<44>赤い糸が見えちゃう</c><42>かも</c>,う
251.969,252.169,-1,0,<44>あかいいとがみえちゃうか</c><42>も</c>,か
251.969,252.169,-1,-1,<44>赤い糸が見えちゃうか</c><42>も</c>,か
252.169,252.836,-1,0,<44>あかいいとがみえちゃうかも</c>,も
252.169,252.836,-1,-1,<44>赤い糸が見えちゃうかも</c>,も
252.836,253.103,-1,0,<41>ほん</c><42>とうのほんとうはばれてるのかも</c>,ほん
252.836,253.103,-1,-1,<41>本</c><42>当の本当はバレてるのかも</c>,本
253.103,253.303,-1,0,<41>ほんとう</c><42>のほんとうはばれてるのかも</c>,とう
253.103,253.303,-1,-1,<41>本当</c><42>の本当はバレてるのかも</c>,当
253.303,253.503,-1,0,<41>ほんとうの</c><42>ほんとうはばれてるのかも</c>,の
253.303,253.503,-1,-1,<41>本当の</c><42>本当はバレてるのかも</c>,の
253.503,253.77,-1,0,<41>ほんとうのほん</c><42>とうはばれてるのかも</c>,ほん
253.503,253.77,-1,-1,<41>本当の本</c><42>当はバレてるのかも</c>,本
253.77,253.971,-1,0,<41>ほんとうのほんとう</c><42>はばれてるのかも</c>,とう
253.77,253.971,-1,-1,<41>本当の本当</c><42>はバレてるのかも</c>,当
253.971,254.204,-1,0,<41>ほんとうのほんとうは</c><42>ばれてるのかも</c>,は
253.971,254.204,-1,-1,<41>本当の本当は</c><42>バレてるのかも</c>,は
254.204,254.438,-1,0,<41>ほんとうのほんとうは</c><9>ば</c><42>れてるのかも</c>,ば
254.204,254.438,-1,-1,<41>本当の本当は</c><9>バ</c><42>レてるのかも</c>,バ
254.438,254.638,-1,0,<41>ほんとうのほんとうは</c><9>ばれ</c><42>てるのかも</c>,れ
254.438,254.638,-1,-1,<41>本当の本当は</c><9>バレ</c><42>てるのかも</c>,レ
254.638,254.871,-1,0,<41>ほんとうのほんとうは</c><9>ばれて</c><42>るのかも</c>,て
254.638,254.871,-1,-1,<41>本当の本当は</c><9>バレて</c><42>るのかも</c>,て
254.871,255.305,-1,0,<41>ほんとうのほんとうは</c><9>ばれてる</c><42>のかも</c>,る
254.871,255.305,-1,-1,<41>本当の本当は</c><9>バレてる</c><42>のかも</c>,る
255.305,255.505,-1,0,<41>ほんとうのほんとうは</c><9>ばれてるの</c><42>かも</c>,の
255.305,255.505,-1,-1,<41>本当の本当は</c><9>バレてるの</c><42>かも</c>,の
255.505,255.772,-1,0,<41>ほんとうのほんとうは</c><9>ばれてるのか</c><42>も</c>,か
255.505,255.772,-1,-1,<41>本当の本当は</c><9>バレてるのか</c><42>も</c>,か
255.772,257.541,-1,0,<41>ほんとうのほんとうは</c><9>ばれてるのかも</c>,も
255.772,257.541,-1,-1,<41>本当の本当は</c><9>バレてるのかも</c>,も
257.541,257.741,-1,0,<71>め</c><42>あわせらんないかも</c>,め
257.541,257.741,-1,-1,<71>目</c><42>合わせらんないかも</c>,目
257.741,257.975,-1,0,<71>めあ</c><42>わせらんないかも</c>,あ
257.741,257.975,-1,-1,<71>目合</c><42>わせらんないかも</c>,合
257.975,258.175,-1,0,<71>めあわ</c><42>せらんないかも</c>,わ
257.975,258.175,-1,-1,<71>目合わ</c><42>せらんないかも</c>,わ
258.175,258.408,-1,0,<71>めあわせ</c><42>らんないかも</c>,せ
258.175,258.408,-1,-1,<71>目合わせ</c><42>らんないかも</c>,せ
258.408,258.875,-1,0,<71>めあわせらん</c><42>ないかも</c>,らん
258.408,258.875,-1,-1,<71>目合わせらん</c><42>ないかも</c>,らん
258.875,259.309,-1,0,<71>めあわせらんない</c><42>かも</c>,ない
258.875,259.309,-1,-1,<71>目合わせらんない</c><42>かも</c>,ない
259.309,259.543,-1,0,<71>めあわせらんないか</c><42>も</c>,か
259.309,259.543,-1,-1,<71>目合わせらんないか</c><42>も</c>,か
259.543,261.3,-1,0,<71>めあわせらんないかも</c>,も
259.543,261.3,-1,-1,<71>目合わせらんないかも</c>,も
264.848,265.315,-1,0,<49>あい</c><42>まいなんてない</c>,あい
264.848,265.315,-1,-1,<49>曖</c><42>昧なんてない</c>,曖
265.315,265.749,-1,0,<49>あいまい</c><42>なんてない</c>,まい
265.315,265.749,-1,-1,<49>曖昧</c><42>なんてない</c>,昧
265.749,266.183,-1,0,<49>あいまいなん</c><42>てない</c>,なん
265.749,266.183,-1,-1,<49>曖昧なん</c><42>てない</c>,なん
266.183,266.416,-1,0,<49>あいまいなんて</c><42>ない</c>,て
266.183,266.416,-1,-1,<49>曖昧なんて</c><42>ない</c>,て
266.416,267.117,-1,0,<49>あいまいなんてない</c>,ない
266.416,267.117,-1,-1,<49>曖昧なんてない</c>,ない
267.117,267.417,-1,0,<62>た</c><42>くさんわたしをみてて！</c>,た
267.117,267.417,-1,-1,<62>た</c><42>くさん私を見てて！</c>,た
267.417,267.517,-1,0,<62>たく</c><42>さんわたしをみてて！</c>,く
267.417,267.517,-1,-1,<62>たく</c><42>さん私を見てて！</c>,く
267.517,267.951,-1,0,<62>たくさん</c><42>わたしをみてて！</c>,さん
267.517,267.951,-1,-1,<62>たくさん</c><42>私を見てて！</c>,さん
267.951,268.185,-1,0,<62>たくさんわ</c><42>たしをみてて！</c>,わ
267.951,268.852,-1,-1,<62>たくさん私</c><42>を見てて！</c>,私
268.185,268.385,-1,0,<62>たくさんわた</c><42>しをみてて！</c>,た
268.385,268.852,-1,0,<62>たくさんわたし</c><42>をみてて！</c>,し
268.852,269.119,-1,0,<62>たくさんわたしを</c><42>みてて！</c>,を
268.852,269.119,-1,-1,<62>たくさん私を</c><42>見てて！</c>,を
269.119,269.72,-1,0,<62>たくさんわたしをみ</c><42>てて！</c>,み
269.119,269.72,-1,-1,<62>たくさん私を見</c><42>てて！</c>,見
269.72,269.953,-1,0,<62>たくさんわたしをみて</c><42>て！</c>,て
269.72,269.953,-1,-1,<62>たくさん私を見て</c><42>て！</c>,て
269.953,274.65,-1,0,<62>たくさんわたしをみてて！</c>,て！
269.953,274.65,-1,-1,<62>たくさん私を見てて！</c>,て！
275.559,275.792,-1,0,<67>ゆ</c><42>び、きった！</c>,ゆ
275.559,275.959,-1,-1,<67>指、</c><42>切った！</c>,指、
275.792,275.959,-1,0,<67>ゆび、</c><42>きった！</c>,び、
275.959,276.393,-1,0,<67>ゆび、きっ</c><42>た！</c>,きっ
275.959,276.393,-1,-1,<67>指、切っ</c><42>た！</c>,切っ
276.393,276.75,-1,0,<67>ゆび、きった！</c>,た！
276.393,276.75,-1,-1,<67>指、切った！</c>,た！
