start,end,position,line,text,token
0.741,1.108,-1,0,<11>せ</c><6>かいはなんてふくざつなんですか</c>,せ
0.741,1.108,-1,-1,<11>世</c><6>界はなんて複雑なんですか</c>,世
1.108,1.375,-1,0,<11>せか</c><6>いはなんてふくざつなんですか</c>,か
1.108,1.642,-1,-1,<11>世界</c><6>はなんて複雑なんですか</c>,界
1.375,1.642,-1,0,<11>せかい</c><6>はなんてふくざつなんですか</c>,い
1.642,1.909,-1,0,<11>せかいは</c><6>なんてふくざつなんですか</c>,は
1.642,1.909,-1,-1,<11>世界は</c><6>なんて複雑なんですか</c>,は
1.909,2.143,-1,0,<11>せかいはな</c><6>んてふくざつなんですか</c>,な
1.909,2.143,-1,-1,<11>世界はな</c><6>んて複雑なんですか</c>,な
2.143,2.476,-1,0,<11>せかいはなん</c><6>てふくざつなんですか</c>,ん
2.143,2.476,-1,-1,<11>世界はなん</c><6>て複雑なんですか</c>,ん
2.476,3.01,-1,0,<11>せかいはなんて</c><6>ふくざつなんですか</c>,て
2.476,3.01,-1,-1,<11>世界はなんて</c><6>複雑なんですか</c>,て
3.01,3.311,-1,0,<11>せかいはなんてふ</c><6>くざつなんですか</c>,ふ
3.01,3.577,-1,-1,<11>世界はなんて複</c><6>雑なんですか</c>,複
3.311,3.577,-1,0,<11>せかいはなんてふく</c><6>ざつなんですか</c>,く
3.577,3.844,-1,0,<11>せかいはなんてふくざ</c><6>つなんですか</c>,ざ
3.577,4.078,-1,-1,<11>世界はなんて複雑</c><6>なんですか</c>,雑
3.844,4.078,-1,0,<11>せかいはなんてふくざつ</c><6>なんですか</c>,つ
4.078,4.278,-1,0,<11>せかいはなんてふくざつな</c><6>んですか</c>,な
4.078,4.278,-1,-1,<11>世界はなんて複雑な</c><6>んですか</c>,な
4.278,4.378,-1,0,<11>せかいはなんてふくざつなん</c><6>ですか</c>,ん
4.278,4.378,-1,-1,<11>世界はなんて複雑なん</c><6>ですか</c>,ん
4.378,4.545,-1,0,<11>せかいはなんてふくざつなんで</c><6>すか</c>,で
4.378,4.545,-1,-1,<11>世界はなんて複雑なんで</c><6>すか</c>,で
4.545,4.645,-1,0,<11>せかいはなんてふくざつなんです</c><6>か</c>,す
4.545,4.645,-1,-1,<11>世界はなんて複雑なんです</c><6>か</c>,す
4.645,5.212,-1,0,<11>せかいはなんてふくざつなんですか</c>,か
4.645,5.212,-1,-1,<11>世界はなんて複雑なんですか</c>,か
5.212,5.479,-1,0,<11>ひ</c><6>みつのことばおしえてほしい</c>,ひ
5.212,5.479,-1,-1,<11>秘</c><6>密の言葉教えてほしい</c>,秘
5.479,5.713,-1,0,<11>ひみ</c><6>つのことばおしえてほしい</c>,み
5.479,6.013,-1,-1,<11>秘密</c><6>の言葉教えてほしい</c>,密
5.713,6.013,-1,0,<11>ひみつ</c><6>のことばおしえてほしい</c>,つ
6.013,6.28,-1,0,<11>ひみつの</c><6>ことばおしえてほしい</c>,の
6.013,6.28,-1,-1,<11>秘密の</c><6>言葉教えてほしい</c>,の
6.28,6.58,-1,0,<11>ひみつのこ</c><6>とばおしえてほしい</c>,こ
6.28,6.847,-1,-1,<11>秘密の言</c><6>葉教えてほしい</c>,言
6.58,6.847,-1,0,<11>ひみつのこと</c><6>ばおしえてほしい</c>,と
6.847,7.081,-1,0,<11>ひみつのことば</c><6>おしえてほしい</c>,ば
6.847,7.081,-1,-1,<11>秘密の言葉</c><6>教えてほしい</c>,葉
7.081,7.281,-1,0,<11>ひみつのことばお</c><6>しえてほしい</c>,お
7.081,7.381,-1,-1,<11>秘密の言葉教</c><6>えてほしい</c>,教
7.281,7.381,-1,0,<11>ひみつのことばおし</c><6>えてほしい</c>,し
7.381,7.648,-1,0,<11>ひみつのことばおしえ</c><6>てほしい</c>,え
7.381,7.648,-1,-1,<11>秘密の言葉教え</c><6>てほしい</c>,え
7.648,7.949,-1,0,<11>ひみつのことばおしえて</c><6>ほしい</c>,て
7.648,7.949,-1,-1,<11>秘密の言葉教えて</c><6>ほしい</c>,て
7.949,8.215,-1,0,<11>ひみつのことばおしえてほ</c><6>しい</c>,ほ
7.949,8.215,-1,-1,<11>秘密の言葉教えてほ</c><6>しい</c>,ほ
8.215,8.449,-1,0,<11>ひみつのことばおしえてほし</c><6>い</c>,し
8.215,8.449,-1,-1,<11>秘密の言葉教えてほし</c><6>い</c>,し
8.449,9.55,-1,0,<11>ひみつのことばおしえてほしい</c>,い
8.449,9.55,-1,-1,<11>秘密の言葉教えてほしい</c>,い
9.55,9.817,-1,0,<11>が</c><6>んばれわたし！いつもいじょうに</c>,が
9.55,9.817,-1,-1,<11>が</c><6>んばれ私！いつも以上に</c>,が
9.817,10.084,-1,0,<11>がん</c><6>ばれわたし！いつもいじょうに</c>,ん
9.817,10.084,-1,-1,<11>がん</c><6>ばれ私！いつも以上に</c>,ん
10.084,10.318,-1,0,<11>がんば</c><6>れわたし！いつもいじょうに</c>,ば
10.084,10.318,-1,-1,<11>がんば</c><6>れ私！いつも以上に</c>,ば
10.318,10.618,-1,0,<11>がんばれ</c><6>わたし！いつもいじょうに</c>,れ
10.318,10.618,-1,-1,<11>がんばれ</c><6>私！いつも以上に</c>,れ
10.618,10.918,-1,0,<11>がんばれわ</c><6>たし！いつもいじょうに</c>,わ
10.618,11.719,-1,-1,<11>がんばれ私！</c><6>いつも以上に</c>,私！
10.918,11.185,-1,0,<11>がんばれわた</c><6>し！いつもいじょうに</c>,た
11.185,11.719,-1,0,<11>がんばれわたし！</c><6>いつもいじょうに</c>,し！
11.719,11.953,-1,0,<11>がんばれわたし！い</c><6>つもいじょうに</c>,い
11.719,11.953,-1,-1,<11>がんばれ私！い</c><6>つも以上に</c>,い
11.953,12.286,-1,0,<11>がんばれわたし！いつ</c><6>もいじょうに</c>,つ
11.953,12.286,-1,-1,<11>がんばれ私！いつ</c><6>も以上に</c>,つ
12.286,12.52,-1,0,<11>がんばれわたし！いつも</c><6>いじょうに</c>,も
12.286,12.52,-1,-1,<11>がんばれ私！いつも</c><6>以上に</c>,も
12.52,12.82,-1,0,<11>がんばれわたし！いつもい</c><6>じょうに</c>,い
12.52,12.82,-1,-1,<11>がんばれ私！いつも以</c><6>上に</c>,以
12.82,13.087,-1,0,<11>がんばれわたし！いつもいじょ</c><6>うに</c>,じょ
12.82,13.387,-1,-1,<11>がんばれ私！いつも以上</c><6>に</c>,上
13.087,13.387,-1,0,<11>がんばれわたし！いつもいじょう</c><6>に</c>,う
13.387,13.921,-1,0,<11>がんばれわたし！いつもいじょうに</c>,に
13.387,13.921,-1,-1,<11>がんばれ私！いつも以上に</c>,に
13.921,14.221,-1,0,<11>きょ</c><6>うもあしたもせかいはまわる</c>,きょ
13.921,14.488,-1,-1,<11>今日</c><6>も明日も世界は回る</c>,今日
14.221,14.488,-1,0,<11>きょう</c><6>もあしたもせかいはまわる</c>,う
14.488,14.722,-1,0,<11>きょうも</c><6>あしたもせかいはまわる</c>,も
14.488,14.722,-1,-1,<11>今日も</c><6>明日も世界は回る</c>,も
14.722,14.989,-1,0,<11>きょうもあ</c><6>したもせかいはまわる</c>,あ
14.722,15.556,-1,-1,<11>今日も明日</c><6>も世界は回る</c>,明日
14.989,15.289,-1,0,<11>きょうもあし</c><6>たもせかいはまわる</c>,し
15.289,15.556,-1,0,<11>きょうもあした</c><6>もせかいはまわる</c>,た
15.556,15.756,-1,0,<11>きょうもあしたも</c><6>せかいはまわる</c>,も
15.556,15.756,-1,-1,<11>今日も明日も</c><6>世界は回る</c>,も
15.756,15.957,-1,0,<11>きょうもあしたもせ</c><6>かいはまわる</c>,せ
15.756,15.957,-1,-1,<11>今日も明日も世</c><6>界は回る</c>,世
15.957,16.09,-1,0,<11>きょうもあしたもせか</c><6>いはまわる</c>,か
15.957,16.357,-1,-1,<11>今日も明日も世界</c><6>は回る</c>,界
16.09,16.357,-1,0,<11>きょうもあしたもせかい</c><6>はまわる</c>,い
16.357,16.624,-1,0,<11>きょうもあしたもせかいは</c><6>まわる</c>,は
16.357,16.624,-1,-1,<11>今日も明日も世界は</c><6>回る</c>,は
16.624,16.891,-1,0,<11>きょうもあしたもせかいはま</c><6>わる</c>,ま
16.624,17.191,-1,-1,<11>今日も明日も世界は回</c><6>る</c>,回
16.891,17.191,-1,0,<11>きょうもあしたもせかいはまわ</c><6>る</c>,わ
17.191,18.292,-1,0,<11>きょうもあしたもせかいはまわる</c>,る
17.191,18.292,-1,-1,<11>今日も明日も世界は回る</c>,る
18.292,20.461,-1,0,<12>リンゼ・シルエスカ(福緒唯)-バブルラブ</c>,リンゼ・シルエスカ(福緒唯)-バブルラブ
20.461,22.662,-1,0,<12>リンゼ・シルエスカ(福緒唯)-バブルラブ作詞・作曲:junky</c>,リンゼ・シルエスカ(福緒唯)-バブルラブ作詞・作曲:junky
35.776,36.243,-1,0,<11>きょ</c><6>うもおんなじひがくるなら</c>,きょ
35.776,36.811,-1,-1,<11>今日</c><6>もおんなじ日が来るなら</c>,今日
36.243,36.811,-1,0,<11>きょう</c><6>もおんなじひがくるなら</c>,う
36.811,37.645,-1,0,<11>きょうも</c><6>おんなじひがくるなら</c>,も
36.811,37.645,-1,-1,<11>今日も</c><6>おんなじ日が来るなら</c>,も
37.645,37.945,-1,0,<11>きょうもおん</c><6>なじひがくるなら</c>,おん
37.645,37.945,-1,-1,<11>今日もおん</c><6>なじ日が来るなら</c>,おん
37.945,38.179,-1,0,<11>きょうもおんな</c><6>じひがくるなら</c>,な
37.945,38.179,-1,-1,<11>今日もおんな</c><6>じ日が来るなら</c>,な
38.179,38.412,-1,0,<11>きょうもおんなじ</c><6>ひがくるなら</c>,じ
38.179,38.412,-1,-1,<11>今日もおんなじ</c><6>日が来るなら</c>,じ
38.412,38.713,-1,0,<11>きょうもおんなじひ</c><6>がくるなら</c>,ひ
38.412,38.713,-1,-1,<11>今日もおんなじ日</c><6>が来るなら</c>,日
38.713,39.547,-1,0,<11>きょうもおんなじひが</c><6>くるなら</c>,が
38.713,39.547,-1,-1,<11>今日もおんなじ日が</c><6>来るなら</c>,が
39.547,39.747,-1,0,<11>きょうもおんなじひがく</c><6>るなら</c>,く
39.547,39.747,-1,-1,<11>今日もおんなじ日が来</c><6>るなら</c>,来
39.747,39.814,-1,0,<11>きょうもおんなじひがくる</c><6>なら</c>,る
39.747,39.814,-1,-1,<11>今日もおんなじ日が来る</c><6>なら</c>,る
39.814,40.014,-1,0,<11>きょうもおんなじひがくるな</c><6>ら</c>,な
39.814,40.014,-1,-1,<11>今日もおんなじ日が来るな</c><6>ら</c>,な
40.014,40.114,-1,0,<11>きょうもおんなじひがくるなら</c>,ら
40.014,40.114,-1,-1,<11>今日もおんなじ日が来るなら</c>,ら
40.114,40.348,-1,0,<11>い</c><6>つもいじょうにしなくちゃ、</c>,い
40.114,40.348,-1,-1,<11>い</c><6>つも以上にしなくちゃ、</c>,い
40.348,40.648,-1,0,<11>いつ</c><6>もいじょうにしなくちゃ、</c>,つ
40.348,40.648,-1,-1,<11>いつ</c><6>も以上にしなくちゃ、</c>,つ
40.648,40.881,-1,0,<11>いつも</c><6>いじょうにしなくちゃ、</c>,も
40.648,40.881,-1,-1,<11>いつも</c><6>以上にしなくちゃ、</c>,も
40.881,41.148,-1,0,<11>いつもい</c><6>じょうにしなくちゃ、</c>,い
40.881,41.148,-1,-1,<11>いつも以</c><6>上にしなくちゃ、</c>,以
41.148,41.983,-1,0,<11>いつもいじょう</c><6>にしなくちゃ、</c>,じょう
41.148,41.983,-1,-1,<11>いつも以上</c><6>にしなくちゃ、</c>,上
41.983,42.283,-1,0,<11>いつもいじょうに</c><6>しなくちゃ、</c>,に
41.983,42.283,-1,-1,<11>いつも以上に</c><6>しなくちゃ、</c>,に
42.283,42.516,-1,0,<11>いつもいじょうにし</c><6>なくちゃ、</c>,し
42.283,42.516,-1,-1,<11>いつも以上にし</c><6>なくちゃ、</c>,し
42.516,42.783,-1,0,<11>いつもいじょうにしな</c><6>くちゃ、</c>,な
42.516,42.783,-1,-1,<11>いつも以上にしな</c><6>くちゃ、</c>,な
42.783,43.017,-1,0,<11>いつもいじょうにしなく</c><6>ちゃ、</c>,く
42.783,43.017,-1,-1,<11>いつも以上にしなく</c><6>ちゃ、</c>,く
43.017,43.651,-1,0,<11>いつもいじょうにしなくちゃ、</c>,ちゃ、
43.017,43.651,-1,-1,<11>いつも以上にしなくちゃ、</c>,ちゃ、
43.651,44.452,-1,0,<11>です</c>,です
43.651,44.452,-1,-1,<11>です</c>,です
44.452,44.719,-1,0,<11>か</c><6>いわって、あぁむずかしい</c>,か
44.452,44.986,-1,-1,<11>会</c><6>話って、あぁ難しい</c>,会
44.719,44.986,-1,0,<11>かい</c><6>わって、あぁむずかしい</c>,い
44.986,45.486,-1,0,<11>かいわ</c><6>って、あぁむずかしい</c>,わ
44.986,45.486,-1,-1,<11>会話</c><6>って、あぁ難しい</c>,話
45.486,46.32,-1,0,<11>かいわって、</c><6>あぁむずかしい</c>,って、
45.486,46.32,-1,-1,<11>会話って、</c><6>あぁ難しい</c>,って、
46.32,46.654,-1,0,<11>かいわって、あぁ</c><6>むずかしい</c>,あぁ
46.32,46.654,-1,-1,<11>会話って、あぁ</c><6>難しい</c>,あぁ
46.654,46.887,-1,0,<11>かいわって、あぁむ</c><6>ずかしい</c>,む
46.654,47.455,-1,-1,<11>会話って、あぁ難</c><6>しい</c>,難
46.887,47.154,-1,0,<11>かいわって、あぁむず</c><6>かしい</c>,ず
47.154,47.455,-1,0,<11>かいわって、あぁむずか</c><6>しい</c>,か
47.455,48.255,-1,0,<11>かいわって、あぁむずかしい</c>,しい
47.455,48.255,-1,-1,<11>会話って、あぁ難しい</c>,しい
48.255,48.422,-1,0,<11>な</c><6>んでもつたわるのにぶきよう</c>,な
48.255,48.422,-1,-1,<11>な</c><6>んでも伝わるのに不器用</c>,な
48.422,48.556,-1,0,<11>なん</c><6>でもつたわるのにぶきよう</c>,ん
48.422,48.556,-1,-1,<11>なん</c><6>でも伝わるのに不器用</c>,ん
48.556,48.689,-1,0,<11>なんで</c><6>もつたわるのにぶきよう</c>,で
48.556,48.689,-1,-1,<11>なんで</c><6>も伝わるのに不器用</c>,で
48.689,48.789,-1,0,<11>なんでも</c><6>つたわるのにぶきよう</c>,も
48.689,48.789,-1,-1,<11>なんでも</c><6>伝わるのに不器用</c>,も
48.789,49.09,-1,0,<11>なんでもつ</c><6>たわるのにぶきよう</c>,つ
48.789,49.357,-1,-1,<11>なんでも伝</c><6>わるのに不器用</c>,伝
49.09,49.357,-1,0,<11>なんでもつた</c><6>わるのにぶきよう</c>,た
49.357,49.623,-1,0,<11>なんでもつたわ</c><6>るのにぶきよう</c>,わ
49.357,49.623,-1,-1,<11>なんでも伝わ</c><6>るのに不器用</c>,わ
49.623,49.89,-1,0,<11>なんでもつたわる</c><6>のにぶきよう</c>,る
49.623,49.89,-1,-1,<11>なんでも伝わる</c><6>のに不器用</c>,る
49.89,50.725,-1,0,<11>なんでもつたわるの</c><6>にぶきよう</c>,の
49.89,50.725,-1,-1,<11>なんでも伝わるの</c><6>に不器用</c>,の
50.725,51.025,-1,0,<11>なんでもつたわるのに</c><6>ぶきよう</c>,に
50.725,51.025,-1,-1,<11>なんでも伝わるのに</c><6>不器用</c>,に
51.025,51.258,-1,0,<11>なんでもつたわるのにぶ</c><6>きよう</c>,ぶ
51.025,51.258,-1,-1,<11>なんでも伝わるのに不</c><6>器用</c>,不
51.258,51.559,-1,0,<11>なんでもつたわるのにぶき</c><6>よう</c>,き
51.258,51.559,-1,-1,<11>なんでも伝わるのに不器</c><6>用</c>,器
51.559,51.826,-1,0,<11>なんでもつたわるのにぶきよ</c><6>う</c>,よ
51.559,52.358,-1,-1,<11>なんでも伝わるのに不器用</c>,用
51.826,52.358,-1,0,<11>なんでもつたわるのにぶきよう</c>,う
53.194,53.461,-1,0,<16>な</c><6>んどもなんどもがんばるのに</c>,な
53.194,53.761,-1,-1,<16>何</c><6>度も何度もがんばるのに</c>,何
53.461,53.761,-1,0,<16>なん</c><6>どもなんどもがんばるのに</c>,ん
53.761,53.995,-1,0,<16>なんど</c><6>もなんどもがんばるのに</c>,ど
53.761,53.995,-1,-1,<16>何度</c><6>も何度もがんばるのに</c>,度
53.995,54.295,-1,0,<16>なんども</c><6>なんどもがんばるのに</c>,も
53.995,54.295,-1,-1,<16>何度も</c><6>何度もがんばるのに</c>,も
54.295,54.562,-1,0,<16>なんどもな</c><6>んどもがんばるのに</c>,な
54.295,54.829,-1,-1,<16>何度も何</c><6>度もがんばるのに</c>,何
54.562,54.829,-1,0,<16>なんどもなん</c><6>どもがんばるのに</c>,ん
54.829,55.096,-1,0,<16>なんどもなんど</c><6>もがんばるのに</c>,ど
54.829,55.096,-1,-1,<16>何度も何度</c><6>もがんばるのに</c>,度
55.096,55.363,-1,0,<16>なんどもなんども</c><6>がんばるのに</c>,も
55.096,55.363,-1,-1,<16>何度も何度も</c><6>がんばるのに</c>,も
55.363,55.529,-1,0,<16>なんどもなんども</c><11>が</c><6>んばるのに</c>,が
55.363,55.529,-1,-1,<16>何度も何度も</c><11>が</c><6>んばるのに</c>,が
55.529,55.663,-1,0,<16>なんどもなんども</c><11>がん</c><6>ばるのに</c>,ん
55.529,55.663,-1,-1,<16>何度も何度も</c><11>がん</c><6>ばるのに</c>,ん
55.663,55.796,-1,0,<16>なんどもなんども</c><11>がんば</c><6>るのに</c>,ば
55.663,55.796,-1,-1,<16>何度も何度も</c><11>がんば</c><6>るのに</c>,ば
55.796,55.93,-1,0,<16>なんどもなんども</c><11>がんばる</c><6>のに</c>,る
55.796,55.93,-1,-1,<16>何度も何度も</c><11>がんばる</c><6>のに</c>,る
55.93,56.197,-1,0,<16>なんどもなんども</c><11>がんばるの</c><6>に</c>,の
55.93,56.197,-1,-1,<16>何度も何度も</c><11>がんばるの</c><6>に</c>,の
56.197,56.729,-1,0,<16>なんどもなんども</c><11>がんばるのに</c>,に
56.197,56.729,-1,-1,<16>何度も何度も</c><11>がんばるのに</c>,に
57.531,57.832,-1,0,<16>で</c><6>きないこともあるかもなんて</c>,で
57.531,57.832,-1,-1,<16>出</c><6>来ないこともあるかもなんて</c>,出
57.832,58.099,-1,0,<16>でき</c><6>ないこともあるかもなんて</c>,き
57.832,58.099,-1,-1,<16>出来</c><6>ないこともあるかもなんて</c>,来
58.099,58.366,-1,0,<16>できな</c><6>いこともあるかもなんて</c>,な
58.099,58.366,-1,-1,<16>出来な</c><6>いこともあるかもなんて</c>,な
58.366,58.632,-1,0,<16>できない</c><6>こともあるかもなんて</c>,い
58.366,58.632,-1,-1,<16>出来ない</c><6>こともあるかもなんて</c>,い
58.632,58.899,-1,0,<16>できないこ</c><6>ともあるかもなんて</c>,こ
58.632,58.899,-1,-1,<16>出来ないこ</c><6>ともあるかもなんて</c>,こ
58.899,59.166,-1,0,<16>できないこと</c><6>もあるかもなんて</c>,と
58.899,59.166,-1,-1,<16>出来ないこと</c><6>もあるかもなんて</c>,と
59.166,59.734,-1,0,<16>できないことも</c><6>あるかもなんて</c>,も
59.166,59.734,-1,-1,<16>出来ないことも</c><6>あるかもなんて</c>,も
59.734,59.9,-1,0,<16>できないことも</c><8>あ</c><6>るかもなんて</c>,あ
59.734,59.9,-1,-1,<16>出来ないことも</c><8>あ</c><6>るかもなんて</c>,あ
59.9,60.001,-1,0,<16>できないことも</c><8>ある</c><6>かもなんて</c>,る
59.9,60.001,-1,-1,<16>出来ないことも</c><8>ある</c><6>かもなんて</c>,る
60.001,60.167,-1,0,<16>できないことも</c><8>あるか</c><6>もなんて</c>,か
60.001,60.167,-1,-1,<16>出来ないことも</c><8>あるか</c><6>もなんて</c>,か
60.167,60.267,-1,0,<16>できないことも</c><8>あるかも</c><6>なんて</c>,も
60.167,60.267,-1,-1,<16>出来ないことも</c><8>あるかも</c><6>なんて</c>,も
60.267,60.468,-1,0,<16>できないことも</c><8>あるかもな</c><6>んて</c>,な
60.267,60.468,-1,-1,<16>出来ないことも</c><8>あるかもな</c><6>んて</c>,な
60.468,60.568,-1,0,<16>できないことも</c><8>あるかもなん</c><6>て</c>,ん
60.468,60.568,-1,-1,<16>出来ないことも</c><8>あるかもなん</c><6>て</c>,ん
60.568,61.102,-1,0,<16>できないことも</c><8>あるかもなんて</c>,て
60.568,61.102,-1,-1,<16>出来ないことも</c><8>あるかもなんて</c>,て
61.102,61.369,-1,0,<2>そ</c><6>こであきらめなければいつかはきっと</c>,そ
61.102,61.369,-1,-1,<2>そ</c><6>こで諦めなければいつかはきっと</c>,そ
61.369,61.669,-1,0,<2>そこ</c><6>であきらめなければいつかはきっと</c>,こ
61.369,61.669,-1,-1,<2>そこ</c><6>で諦めなければいつかはきっと</c>,こ
61.669,61.902,-1,0,<2>そこで</c><6>あきらめなければいつかはきっと</c>,で
61.669,61.902,-1,-1,<2>そこで</c><6>諦めなければいつかはきっと</c>,で
61.902,62.203,-1,0,<2>そこであ</c><6>きらめなければいつかはきっと</c>,あ
61.902,62.737,-1,-1,<2>そこで諦</c><6>めなければいつかはきっと</c>,諦
62.203,62.47,-1,0,<2>そこであき</c><6>らめなければいつかはきっと</c>,き
62.47,62.737,-1,0,<2>そこであきら</c><6>めなければいつかはきっと</c>,ら
62.737,63.004,-1,0,<2>そこであきらめ</c><6>なければいつかはきっと</c>,め
62.737,63.004,-1,-1,<2>そこで諦め</c><6>なければいつかはきっと</c>,め
63.004,63.27,-1,0,<2>そこであきらめな</c><6>ければいつかはきっと</c>,な
63.004,63.27,-1,-1,<2>そこで諦めな</c><6>ければいつかはきっと</c>,な
63.27,63.571,-1,0,<2>そこであきらめなけ</c><6>ればいつかはきっと</c>,け
63.27,63.571,-1,-1,<2>そこで諦めなけ</c><6>ればいつかはきっと</c>,け
63.571,63.838,-1,0,<2>そこであきらめなけれ</c><6>ばいつかはきっと</c>,れ
63.571,63.838,-1,-1,<2>そこで諦めなけれ</c><6>ばいつかはきっと</c>,れ
63.838,64.105,-1,0,<2>そこであきらめなければ</c><6>いつかはきっと</c>,ば
63.838,64.105,-1,-1,<2>そこで諦めなければ</c><6>いつかはきっと</c>,ば
64.105,64.271,-1,0,<2>そこであきらめなければい</c><6>つかはきっと</c>,い
64.105,64.271,-1,-1,<2>そこで諦めなければい</c><6>つかはきっと</c>,い
64.271,64.372,-1,0,<2>そこであきらめなければいつ</c><6>かはきっと</c>,つ
64.271,64.372,-1,-1,<2>そこで諦めなければいつ</c><6>かはきっと</c>,つ
64.372,64.538,-1,0,<2>そこであきらめなければいつか</c><6>はきっと</c>,か
64.372,64.538,-1,-1,<2>そこで諦めなければいつか</c><6>はきっと</c>,か
64.538,64.638,-1,0,<2>そこであきらめなければいつかは</c><6>きっと</c>,は
64.538,64.638,-1,-1,<2>そこで諦めなければいつかは</c><6>きっと</c>,は
64.638,64.905,-1,0,<2>そこであきらめなければいつかはきっ</c><6>と</c>,きっ
64.638,64.905,-1,-1,<2>そこで諦めなければいつかはきっ</c><6>と</c>,きっ
64.905,65.439,-1,0,<2>そこであきらめなければいつかはきっと</c>,と
64.905,65.439,-1,-1,<2>そこで諦めなければいつかはきっと</c>,と
65.439,65.706,-1,0,<11>き</c><6>みまでとどくから</c>,き
65.439,66.007,-1,-1,<11>君</c><6>まで届くから</c>,君
65.706,66.007,-1,0,<11>きみ</c><6>までとどくから</c>,み
66.007,66.273,-1,0,<11>きみま</c><6>でとどくから</c>,ま
66.007,66.273,-1,-1,<11>君ま</c><6>で届くから</c>,ま
66.273,67.074,-1,0,<11>きみまで</c><6>とどくから</c>,で
66.273,67.074,-1,-1,<11>君まで</c><6>届くから</c>,で
67.074,67.341,-1,0,<11>きみまでと</c><6>どくから</c>,と
67.074,67.641,-1,-1,<11>君まで届</c><6>くから</c>,届
67.341,67.641,-1,0,<11>きみまでとど</c><6>くから</c>,ど
67.641,67.908,-1,0,<11>きみまでとどく</c><6>から</c>,く
67.641,67.908,-1,-1,<11>君まで届く</c><6>から</c>,く
67.908,68.175,-1,0,<11>きみまでとどくか</c><6>ら</c>,か
67.908,68.175,-1,-1,<11>君まで届くか</c><6>ら</c>,か
68.175,68.741,-1,0,<11>きみまでとどくから</c>,ら
68.175,68.741,-1,-1,<11>君まで届くから</c>,ら
70.077,70.277,-1,0,<1>も</c><6>じならどうしてもたんじゅんに</c>,も
70.077,70.277,-1,-1,<1>文</c><6>字ならどうしても単純に</c>,文
70.277,70.411,-1,0,<1>もじ</c><6>ならどうしてもたんじゅんに</c>,じ
70.277,70.411,-1,-1,<1>文字</c><6>ならどうしても単純に</c>,字
70.411,70.544,-1,0,<1>もじな</c><6>らどうしてもたんじゅんに</c>,な
70.411,70.544,-1,-1,<1>文字な</c><6>らどうしても単純に</c>,な
70.544,70.644,-1,0,<1>もじなら</c><6>どうしてもたんじゅんに</c>,ら
70.544,70.644,-1,-1,<1>文字なら</c><6>どうしても単純に</c>,ら
70.644,70.878,-1,0,<1>もじならど</c><6>うしてもたんじゅんに</c>,ど
70.644,70.878,-1,-1,<1>文字ならど</c><6>うしても単純に</c>,ど
70.878,71.045,-1,0,<1>もじならどう</c><6>してもたんじゅんに</c>,う
70.878,71.045,-1,-1,<1>文字ならどう</c><6>しても単純に</c>,う
71.045,71.178,-1,0,<1>もじならどうし</c><6>てもたんじゅんに</c>,し
71.045,71.178,-1,-1,<1>文字ならどうし</c><6>ても単純に</c>,し
71.178,71.445,-1,0,<1>もじならどうして</c><6>もたんじゅんに</c>,て
71.178,71.445,-1,-1,<1>文字ならどうして</c><6>も単純に</c>,て
71.445,71.712,-1,0,<1>もじならどうしても</c><6>たんじゅんに</c>,も
71.445,71.712,-1,-1,<1>文字ならどうしても</c><6>単純に</c>,も
71.712,71.879,-1,0,<1>もじならどうしてもた</c><6>んじゅんに</c>,た
71.712,71.979,-1,-1,<1>文字ならどうしても単</c><6>純に</c>,単
71.879,71.979,-1,0,<1>もじならどうしてもたん</c><6>じゅんに</c>,ん
71.979,72.146,-1,0,<1>もじならどうしてもたんじゅ</c><6>んに</c>,じゅ
71.979,72.279,-1,-1,<1>文字ならどうしても単純</c><6>に</c>,純
72.146,72.279,-1,0,<1>もじならどうしてもたんじゅん</c><6>に</c>,ん
72.279,72.813,-1,0,<1>もじならどうしてもたんじゅんに</c>,に
72.279,72.813,-1,-1,<1>文字ならどうしても単純に</c>,に
72.813,73.047,-1,0,<1>なっ</c><6>ちゃいそうなかんじょうは</c>,なっ
72.813,73.047,-1,-1,<1>なっ</c><6>ちゃいそうな感情は</c>,なっ
73.047,73.247,-1,0,<1>なっちゃ</c><6>いそうなかんじょうは</c>,ちゃ
73.047,73.247,-1,-1,<1>なっちゃ</c><6>いそうな感情は</c>,ちゃ
73.247,73.347,-1,0,<1>なっちゃい</c><6>そうなかんじょうは</c>,い
73.247,73.347,-1,-1,<1>なっちゃい</c><6>そうな感情は</c>,い
73.347,73.514,-1,0,<1>なっちゃいそ</c><6>うなかんじょうは</c>,そ
73.347,73.514,-1,-1,<1>なっちゃいそ</c><6>うな感情は</c>,そ
73.514,73.647,-1,0,<1>なっちゃいそう</c><6>なかんじょうは</c>,う
73.514,73.647,-1,-1,<1>なっちゃいそう</c><6>な感情は</c>,う
73.647,73.881,-1,0,<1>なっちゃいそうな</c><6>かんじょうは</c>,な
73.647,73.881,-1,-1,<1>なっちゃいそうな</c><6>感情は</c>,な
73.881,74.081,-1,0,<1>なっちゃいそうなか</c><6>んじょうは</c>,か
73.881,74.181,-1,-1,<1>なっちゃいそうな感</c><6>情は</c>,感
74.081,74.181,-1,0,<1>なっちゃいそうなかん</c><6>じょうは</c>,ん
74.181,74.382,-1,0,<1>なっちゃいそうなかんじょ</c><6>うは</c>,じょ
74.181,74.448,-1,-1,<1>なっちゃいそうな感情</c><6>は</c>,情
74.382,74.448,-1,0,<1>なっちゃいそうなかんじょう</c><6>は</c>,う
74.448,74.982,-1,0,<1>なっちゃいそうなかんじょうは</c>,は
74.448,74.982,-1,-1,<1>なっちゃいそうな感情は</c>,は
74.982,75.249,-1,0,<11>な</c><6>いしょのまほうとなえてほしい？</c>,な
74.982,75.549,-1,-1,<11>内</c><6>緒の魔法唱えてほしい？</c>,内
75.249,75.549,-1,0,<11>ない</c><6>しょのまほうとなえてほしい？</c>,い
75.549,75.816,-1,0,<11>ないしょ</c><6>のまほうとなえてほしい？</c>,しょ
75.549,75.816,-1,-1,<11>内緒</c><6>の魔法唱えてほしい？</c>,緒
75.816,76.083,-1,0,<11>ないしょの</c><6>まほうとなえてほしい？</c>,の
75.816,76.083,-1,-1,<11>内緒の</c><6>魔法唱えてほしい？</c>,の
76.083,76.35,-1,0,<11>ないしょのま</c><6>ほうとなえてほしい？</c>,ま
76.083,76.35,-1,-1,<11>内緒の魔</c><6>法唱えてほしい？</c>,魔
76.35,76.617,-1,0,<11>ないしょのまほ</c><6>うとなえてほしい？</c>,ほ
76.35,76.884,-1,-1,<11>内緒の魔法</c><6>唱えてほしい？</c>,法
76.617,76.884,-1,0,<11>ないしょのまほう</c><6>となえてほしい？</c>,う
76.884,77.051,-1,0,<11>ないしょのまほうと</c><6>なえてほしい？</c>,と
76.884,77.151,-1,-1,<11>内緒の魔法唱</c><6>えてほしい？</c>,唱
77.051,77.151,-1,0,<11>ないしょのまほうとな</c><6>えてほしい？</c>,な
77.151,77.451,-1,0,<11>ないしょのまほうとなえ</c><6>てほしい？</c>,え
77.151,77.451,-1,-1,<11>内緒の魔法唱え</c><6>てほしい？</c>,え
77.451,77.718,-1,0,<11>ないしょのまほうとなえて</c><6>ほしい？</c>,て
77.451,77.718,-1,-1,<11>内緒の魔法唱えて</c><6>ほしい？</c>,て
77.718,77.985,-1,0,<11>ないしょのまほうとなえてほ</c><6>しい？</c>,ほ
77.718,77.985,-1,-1,<11>内緒の魔法唱えてほ</c><6>しい？</c>,ほ
77.985,78.252,-1,0,<11>ないしょのまほうとなえてほし</c><6>い？</c>,し
77.985,78.252,-1,-1,<11>内緒の魔法唱えてほし</c><6>い？</c>,し
78.252,79.353,-1,0,<11>ないしょのまほうとなえてほしい？</c>,い？
78.252,79.353,-1,-1,<11>内緒の魔法唱えてほしい？</c>,い？
79.353,79.62,-1,0,<11>が</c><6>んばれわたし！ときにはだいたんに</c>,が
79.353,79.62,-1,-1,<11>が</c><6>んばれ私！時には大胆に</c>,が
79.62,79.887,-1,0,<11>がん</c><6>ばれわたし！ときにはだいたんに</c>,ん
79.62,79.887,-1,-1,<11>がん</c><6>ばれ私！時には大胆に</c>,ん
79.887,80.187,-1,0,<11>がんば</c><6>れわたし！ときにはだいたんに</c>,ば
79.887,80.187,-1,-1,<11>がんば</c><6>れ私！時には大胆に</c>,ば
80.187,80.454,-1,0,<11>がんばれ</c><6>わたし！ときにはだいたんに</c>,れ
80.187,80.454,-1,-1,<11>がんばれ</c><6>私！時には大胆に</c>,れ
80.454,80.721,-1,0,<11>がんばれわ</c><6>たし！ときにはだいたんに</c>,わ
80.454,81.522,-1,-1,<11>がんばれ私！</c><6>時には大胆に</c>,私！
80.721,80.921,-1,0,<11>がんばれわた</c><6>し！ときにはだいたんに</c>,た
80.921,81.522,-1,0,<11>がんばれわたし！</c><6>ときにはだいたんに</c>,し！
81.522,81.822,-1,0,<11>がんばれわたし！と</c><6>きにはだいたんに</c>,と
81.522,82.089,-1,-1,<11>がんばれ私！時</c><6>には大胆に</c>,時
81.822,82.089,-1,0,<11>がんばれわたし！とき</c><6>にはだいたんに</c>,き
82.089,82.356,-1,0,<11>がんばれわたし！ときに</c><6>はだいたんに</c>,に
82.089,82.356,-1,-1,<11>がんばれ私！時に</c><6>は大胆に</c>,に
82.356,82.623,-1,0,<11>がんばれわたし！ときには</c><6>だいたんに</c>,は
82.356,82.623,-1,-1,<11>がんばれ私！時には</c><6>大胆に</c>,は
82.623,82.823,-1,0,<11>がんばれわたし！ときにはだ</c><6>いたんに</c>,だ
82.623,82.89,-1,-1,<11>がんばれ私！時には大</c><6>胆に</c>,大
82.823,82.89,-1,0,<11>がんばれわたし！ときにはだい</c><6>たんに</c>,い
82.89,83.09,-1,0,<11>がんばれわたし！ときにはだいた</c><6>んに</c>,た
82.89,83.19,-1,-1,<11>がんばれ私！時には大胆</c><6>に</c>,胆
83.09,83.19,-1,0,<11>がんばれわたし！ときにはだいたん</c><6>に</c>,ん
83.19,83.691,-1,0,<11>がんばれわたし！ときにはだいたんに</c>,に
83.19,83.691,-1,-1,<11>がんばれ私！時には大胆に</c>,に
83.691,83.991,-1,0,<11>きょ</c><6>うもとなりでせかいをあるく</c>,きょ
83.691,84.291,-1,-1,<11>今日</c><6>も隣で世界を歩く</c>,今日
83.991,84.291,-1,0,<11>きょう</c><6>もとなりでせかいをあるく</c>,う
84.291,84.525,-1,0,<11>きょうも</c><6>となりでせかいをあるく</c>,も
84.291,84.525,-1,-1,<11>今日も</c><6>隣で世界を歩く</c>,も
84.525,84.792,-1,0,<11>きょうもと</c><6>なりでせかいをあるく</c>,と
84.525,85.359,-1,-1,<11>今日も隣</c><6>で世界を歩く</c>,隣
84.792,85.092,-1,0,<11>きょうもとな</c><6>りでせかいをあるく</c>,な
85.092,85.359,-1,0,<11>きょうもとなり</c><6>でせかいをあるく</c>,り
85.359,85.559,-1,0,<11>きょうもとなりで</c><6>せかいをあるく</c>,で
85.359,85.559,-1,-1,<11>今日も隣で</c><6>世界を歩く</c>,で
85.559,85.76,-1,0,<11>きょうもとなりでせ</c><6>かいをあるく</c>,せ
85.559,85.76,-1,-1,<11>今日も隣で世</c><6>界を歩く</c>,世
85.76,85.893,-1,0,<11>きょうもとなりでせか</c><6>いをあるく</c>,か
85.76,86.16,-1,-1,<11>今日も隣で世界</c><6>を歩く</c>,界
85.893,86.16,-1,0,<11>きょうもとなりでせかい</c><6>をあるく</c>,い
86.16,86.427,-1,0,<11>きょうもとなりでせかいを</c><6>あるく</c>,を
86.16,86.427,-1,-1,<11>今日も隣で世界を</c><6>歩く</c>,を
86.427,86.727,-1,0,<11>きょうもとなりでせかいをあ</c><6>るく</c>,あ
86.427,86.994,-1,-1,<11>今日も隣で世界を歩</c><6>く</c>,歩
86.727,86.994,-1,0,<11>きょうもとなりでせかいをある</c><6>く</c>,る
86.994,88.094,-1,0,<11>きょうもとなりでせかいをあるく</c>,く
86.994,88.094,-1,-1,<11>今日も隣で世界を歩く</c>,く
105.513,106.08,-1,0,<11>じ</c><6>つはおこるとこわかったり</c>,じ
105.513,106.614,-1,-1,<11>実</c><6>は怒ると怖かったり</c>,実
106.08,106.614,-1,0,<11>じつ</c><6>はおこるとこわかったり</c>,つ
106.614,107.448,-1,0,<11>じつは</c><6>おこるとこわかったり</c>,は
106.614,107.448,-1,-1,<11>実は</c><6>怒ると怖かったり</c>,は
107.448,107.615,-1,0,<11>じつはお</c><6>こるとこわかったり</c>,お
107.448,107.748,-1,-1,<11>実は怒</c><6>ると怖かったり</c>,怒
107.615,107.748,-1,0,<11>じつはおこ</c><6>るとこわかったり</c>,こ
107.748,107.982,-1,0,<11>じつはおこる</c><6>とこわかったり</c>,る
107.748,107.982,-1,-1,<11>実は怒る</c><6>と怖かったり</c>,る
107.982,108.282,-1,0,<11>じつはおこると</c><6>こわかったり</c>,と
107.982,108.282,-1,-1,<11>実は怒ると</c><6>怖かったり</c>,と
108.282,108.549,-1,0,<11>じつはおこるとこ</c><6>わかったり</c>,こ
108.282,109.35,-1,-1,<11>実は怒ると怖</c><6>かったり</c>,怖
108.549,109.35,-1,0,<11>じつはおこるとこわ</c><6>かったり</c>,わ
109.35,109.517,-1,0,<11>じつはおこるとこわか</c><6>ったり</c>,か
109.35,109.517,-1,-1,<11>実は怒ると怖か</c><6>ったり</c>,か
109.517,109.65,-1,0,<11>じつはおこるとこわかっ</c><6>たり</c>,っ
109.517,109.65,-1,-1,<11>実は怒ると怖かっ</c><6>たり</c>,っ
109.65,109.784,-1,0,<11>じつはおこるとこわかった</c><6>り</c>,た
109.65,109.784,-1,-1,<11>実は怒ると怖かった</c><6>り</c>,た
109.784,109.917,-1,0,<11>じつはおこるとこわかったり</c>,り
109.784,109.917,-1,-1,<11>実は怒ると怖かったり</c>,り
109.917,110.184,-1,0,<3>しっ</c><6>としたりしちゃいます、</c>,しっ
109.917,110.184,-1,-1,<3>嫉</c><6>妬したりしちゃいます、</c>,嫉
110.184,110.451,-1,0,<3>しっと</c><6>したりしちゃいます、</c>,と
110.184,110.451,-1,-1,<3>嫉妬</c><6>したりしちゃいます、</c>,妬
110.451,110.718,-1,0,<3>しっとし</c><6>たりしちゃいます、</c>,し
110.451,110.718,-1,-1,<3>嫉妬し</c><6>たりしちゃいます、</c>,し
110.718,110.985,-1,0,<3>しっとした</c><6>りしちゃいます、</c>,た
110.718,110.985,-1,-1,<3>嫉妬した</c><6>りしちゃいます、</c>,た
110.985,111.786,-1,0,<3>しっとしたり</c><6>しちゃいます、</c>,り
110.985,111.786,-1,-1,<3>嫉妬したり</c><6>しちゃいます、</c>,り
111.786,112.086,-1,0,<3>しっとしたりし</c><6>ちゃいます、</c>,し
111.786,112.086,-1,-1,<3>嫉妬したりし</c><6>ちゃいます、</c>,し
112.086,112.386,-1,0,<3>しっとしたりしちゃ</c><6>います、</c>,ちゃ
112.086,112.386,-1,-1,<3>嫉妬したりしちゃ</c><6>います、</c>,ちゃ
112.386,112.62,-1,0,<3>しっとしたりしちゃい</c><6>ます、</c>,い
112.386,112.62,-1,-1,<3>嫉妬したりしちゃい</c><6>ます、</c>,い
112.62,112.92,-1,0,<3>しっとしたりしちゃいま</c><6>す、</c>,ま
112.62,112.92,-1,-1,<3>嫉妬したりしちゃいま</c><6>す、</c>,ま
112.92,113.421,-1,0,<3>しっとしたりしちゃいます、</c>,す、
112.92,113.421,-1,-1,<3>嫉妬したりしちゃいます、</c>,す、
113.421,114.288,-1,0,<3>はい</c>,はい
113.421,114.288,-1,-1,<3>はい</c>,はい
114.288,114.822,-1,0,<1>あぁ</c><6>いいなぁあまいまほう</c>,あぁ
114.288,114.822,-1,-1,<1>あぁ</c><6>いいなぁ甘い魔法</c>,あぁ
114.822,115.322,-1,0,<1>あぁいい</c><6>なぁあまいまほう</c>,いい
114.822,115.322,-1,-1,<1>あぁいい</c><6>なぁ甘い魔法</c>,いい
115.322,116.19,-1,0,<1>あぁいいなぁ</c><6>あまいまほう</c>,なぁ
115.322,116.19,-1,-1,<1>あぁいいなぁ</c><6>甘い魔法</c>,なぁ
116.19,116.357,-1,0,<1>あぁいいなぁあ</c><6>まいまほう</c>,あ
116.19,116.457,-1,-1,<1>あぁいいなぁ甘</c><6>い魔法</c>,甘
116.357,116.457,-1,0,<1>あぁいいなぁあま</c><6>いまほう</c>,ま
116.457,116.724,-1,0,<1>あぁいいなぁあまい</c><6>まほう</c>,い
116.457,116.724,-1,-1,<1>あぁいいなぁ甘い</c><6>魔法</c>,い
116.724,116.991,-1,0,<1>あぁいいなぁあまいま</c><6>ほう</c>,ま
116.724,116.991,-1,-1,<1>あぁいいなぁ甘い魔</c><6>法</c>,魔
116.991,117.258,-1,0,<1>あぁいいなぁあまいまほ</c><6>う</c>,ほ
116.991,118.092,-1,-1,<1>あぁいいなぁ甘い魔法</c>,法
117.258,118.092,-1,0,<1>あぁいいなぁあまいまほう</c>,う
118.092,118.292,-1,0,<1>み</c><6>たこともないようなあいすくりーむ</c>,み
118.092,118.292,-1,-1,<1>み</c><6>た事もないようなアイスクリーム</c>,み
118.292,118.392,-1,0,<1>みた</c><6>こともないようなあいすくりーむ</c>,た
118.292,118.392,-1,-1,<1>みた</c><6>事もないようなアイスクリーム</c>,た
118.392,118.559,-1,0,<1>みたこ</c><6>ともないようなあいすくりーむ</c>,こ
118.392,118.659,-1,-1,<1>みた事</c><6>もないようなアイスクリーム</c>,事
118.559,118.659,-1,0,<1>みたこと</c><6>もないようなあいすくりーむ</c>,と
118.659,118.926,-1,0,<1>みたことも</c><6>ないようなあいすくりーむ</c>,も
118.659,118.926,-1,-1,<1>みた事も</c><6>ないようなアイスクリーム</c>,も
118.926,119.193,-1,0,<1>みたこともな</c><6>いようなあいすくりーむ</c>,な
118.926,119.193,-1,-1,<1>みた事もな</c><6>いようなアイスクリーム</c>,な
119.193,119.427,-1,0,<1>みたこともない</c><6>ようなあいすくりーむ</c>,い
119.193,119.427,-1,-1,<1>みた事もない</c><6>ようなアイスクリーム</c>,い
119.427,119.727,-1,0,<1>みたこともないよう</c><6>なあいすくりーむ</c>,よう
119.427,119.727,-1,-1,<1>みた事もないよう</c><6>なアイスクリーム</c>,よう
119.727,120.561,-1,0,<1>みたこともないような</c><6>あいすくりーむ</c>,な
119.727,120.561,-1,-1,<1>みた事もないような</c><6>アイスクリーム</c>,な
120.561,120.694,-1,0,<1>みたこともないようなあ</c><6>いすくりーむ</c>,あ
120.561,120.694,-1,-1,<1>みた事もないようなア</c><6>イスクリーム</c>,ア
120.694,120.828,-1,0,<1>みたこともないようなあい</c><6>すくりーむ</c>,い
120.694,120.828,-1,-1,<1>みた事もないようなアイ</c><6>スクリーム</c>,イ
120.828,121.095,-1,0,<1>みたこともないようなあいす</c><6>くりーむ</c>,す
120.828,121.095,-1,-1,<1>みた事もないようなアイス</c><6>クリーム</c>,ス
121.095,121.395,-1,0,<1>みたこともないようなあいすく</c><6>りーむ</c>,く
121.095,121.395,-1,-1,<1>みた事もないようなアイスク</c><6>リーム</c>,ク
121.395,121.662,-1,0,<1>みたこともないようなあいすくりー</c><6>む</c>,りー
121.395,121.662,-1,-1,<1>みた事もないようなアイスクリー</c><6>ム</c>,リー
121.662,122.161,-1,0,<1>みたこともないようなあいすくりーむ</c>,む
121.662,122.161,-1,-1,<1>みた事もないようなアイスクリーム</c>,ム
122.997,123.264,-1,0,<16>ひ</c><6>めたおもいはときどきどきどき</c>,ひ
122.997,123.264,-1,-1,<16>秘</c><6>めた想いは時々ドキドキ</c>,秘
123.264,123.564,-1,0,<16>ひめ</c><6>たおもいはときどきどきどき</c>,め
123.264,123.564,-1,-1,<16>秘め</c><6>た想いは時々ドキドキ</c>,め
123.564,123.798,-1,0,<16>ひめた</c><6>おもいはときどきどきどき</c>,た
123.564,123.798,-1,-1,<16>秘めた</c><6>想いは時々ドキドキ</c>,た
123.798,124.098,-1,0,<16>ひめたお</c><6>もいはときどきどきどき</c>,お
123.798,124.365,-1,-1,<16>秘めた想</c><6>いは時々ドキドキ</c>,想
124.098,124.365,-1,0,<16>ひめたおも</c><6>いはときどきどきどき</c>,も
124.365,124.565,-1,0,<16>ひめたおもい</c><6>はときどきどきどき</c>,い
124.365,124.565,-1,-1,<16>秘めた想い</c><6>は時々ドキドキ</c>,い
124.565,125.199,-1,0,<16>ひめたおもいは</c><6>ときどきどきどき</c>,は
124.565,125.199,-1,-1,<16>秘めた想いは</c><6>時々ドキドキ</c>,は
125.199,125.366,-1,0,<16>ひめたおもいは</c><13>と</c><6>きどきどきどき</c>,と
125.199,125.466,-1,-1,<16>秘めた想いは</c><13>時</c><6>々ドキドキ</c>,時
125.366,125.466,-1,0,<16>ひめたおもいは</c><13>とき</c><6>どきどきどき</c>,き
125.466,125.633,-1,0,<16>ひめたおもいは</c><13>ときど</c><6>きどきどき</c>,ど
125.466,125.733,-1,-1,<16>秘めた想いは</c><13>時々</c><6>ドキドキ</c>,々
125.633,125.733,-1,0,<16>ひめたおもいは</c><13>ときどき</c><6>どきどき</c>,き
125.733,125.933,-1,0,<16>ひめたおもいは</c><13>ときどきど</c><6>きどき</c>,ど
125.733,125.933,-1,-1,<16>秘めた想いは</c><13>時々ド</c><6>キドキ</c>,ド
125.933,126.0,-1,0,<16>ひめたおもいは</c><13>ときどきどき</c><6>どき</c>,き
125.933,126.0,-1,-1,<16>秘めた想いは</c><13>時々ドキ</c><6>ドキ</c>,キ
126.0,126.167,-1,0,<16>ひめたおもいは</c><13>ときどきどきど</c><6>き</c>,ど
126.0,126.167,-1,-1,<16>秘めた想いは</c><13>時々ドキド</c><6>キ</c>,ド
126.167,126.299,-1,0,<16>ひめたおもいは</c><13>ときどきどきどき</c>,き
126.167,126.299,-1,-1,<16>秘めた想いは</c><13>時々ドキドキ</c>,キ
127.368,127.635,-1,0,<16>あ</c><6>ふれたことばにまっかになって</c>,あ
127.368,127.902,-1,-1,<16>溢</c><6>れた言葉に真っ赤になって</c>,溢
127.635,127.902,-1,0,<16>あふ</c><6>れたことばにまっかになって</c>,ふ
127.902,128.169,-1,0,<16>あふれ</c><6>たことばにまっかになって</c>,れ
127.902,128.169,-1,-1,<16>溢れ</c><6>た言葉に真っ赤になって</c>,れ
128.169,128.436,-1,0,<16>あふれた</c><6>ことばにまっかになって</c>,た
128.169,128.436,-1,-1,<16>溢れた</c><6>言葉に真っ赤になって</c>,た
128.436,128.702,-1,0,<16>あふれたこ</c><6>とばにまっかになって</c>,こ
128.436,128.869,-1,-1,<16>溢れた言</c><6>葉に真っ赤になって</c>,言
128.702,128.869,-1,0,<16>あふれたこと</c><6>ばにまっかになって</c>,と
128.869,129.27,-1,0,<16>あふれたことば</c><6>にまっかになって</c>,ば
128.869,129.27,-1,-1,<16>溢れた言葉</c><6>に真っ赤になって</c>,葉
129.27,129.537,-1,0,<16>あふれたことばに</c><6>まっかになって</c>,に
129.27,129.537,-1,-1,<16>溢れた言葉に</c><6>真っ赤になって</c>,に
129.537,129.804,-1,0,<16>あふれたことばに</c><7>まっ</c><6>かになって</c>,まっ
129.537,129.804,-1,-1,<16>溢れた言葉に</c><7>真っ</c><6>赤になって</c>,真っ
129.804,129.97,-1,0,<16>あふれたことばに</c><7>まっか</c><6>になって</c>,か
129.804,129.97,-1,-1,<16>溢れた言葉に</c><7>真っ赤</c><6>になって</c>,赤
129.97,130.104,-1,0,<16>あふれたことばに</c><7>まっかに</c><6>なって</c>,に
129.97,130.104,-1,-1,<16>溢れた言葉に</c><7>真っ赤に</c><6>なって</c>,に
130.104,130.371,-1,0,<16>あふれたことばに</c><7>まっかになっ</c><6>て</c>,なっ
130.104,130.371,-1,-1,<16>溢れた言葉に</c><7>真っ赤になっ</c><6>て</c>,なっ
130.371,130.938,-1,0,<16>あふれたことばに</c><7>まっかになって</c>,て
130.371,130.938,-1,-1,<16>溢れた言葉に</c><7>真っ赤になって</c>,て
130.938,131.205,-1,0,<4>み</c><6>んながいいとかうまくいえないけど</c>,み
130.938,131.739,-1,-1,<4>皆</c><6>がいいとか上手く言えないけど</c>,皆
131.205,131.472,-1,0,<4>みん</c><6>ながいいとかうまくいえないけど</c>,ん
131.472,131.739,-1,0,<4>みんな</c><6>がいいとかうまくいえないけど</c>,な
131.739,132.006,-1,0,<4>みんなが</c><6>いいとかうまくいえないけど</c>,が
131.739,132.006,-1,-1,<4>皆が</c><6>いいとか上手く言えないけど</c>,が
132.006,132.306,-1,0,<4>みんながい</c><6>いとかうまくいえないけど</c>,い
132.006,132.306,-1,-1,<4>皆がい</c><6>いとか上手く言えないけど</c>,い
132.306,132.573,-1,0,<4>みんながいい</c><6>とかうまくいえないけど</c>,い
132.306,132.573,-1,-1,<4>皆がいい</c><6>とか上手く言えないけど</c>,い
132.573,132.706,-1,0,<4>みんながいいと</c><6>かうまくいえないけど</c>,と
132.573,132.706,-1,-1,<4>皆がいいと</c><6>か上手く言えないけど</c>,と
132.706,132.84,-1,0,<4>みんながいいとか</c><6>うまくいえないけど</c>,か
132.706,132.84,-1,-1,<4>皆がいいとか</c><6>上手く言えないけど</c>,か
132.84,133.107,-1,0,<4>みんながいいとかう</c><6>まくいえないけど</c>,う
132.84,133.107,-1,-1,<4>皆がいいとか上</c><6>手く言えないけど</c>,上
133.107,133.307,-1,0,<4>みんながいいとかうま</c><6>くいえないけど</c>,ま
133.107,133.307,-1,-1,<4>皆がいいとか上手</c><6>く言えないけど</c>,手
133.307,133.941,-1,0,<4>みんながいいとかうまく</c><6>いえないけど</c>,く
133.307,133.941,-1,-1,<4>皆がいいとか上手く</c><6>言えないけど</c>,く
133.941,134.075,-1,0,<4>みんながいいとかうまくい</c><6>えないけど</c>,い
133.941,134.075,-1,-1,<4>皆がいいとか上手く言</c><6>えないけど</c>,言
134.075,134.208,-1,0,<4>みんながいいとかうまくいえ</c><6>ないけど</c>,え
134.075,134.208,-1,-1,<4>皆がいいとか上手く言え</c><6>ないけど</c>,え
134.208,134.375,-1,0,<4>みんながいいとかうまくいえな</c><6>いけど</c>,な
134.208,134.375,-1,-1,<4>皆がいいとか上手く言えな</c><6>いけど</c>,な
134.375,134.475,-1,0,<4>みんながいいとかうまくいえない</c><6>けど</c>,い
134.375,134.475,-1,-1,<4>皆がいいとか上手く言えない</c><6>けど</c>,い
134.475,134.742,-1,0,<4>みんながいいとかうまくいえないけ</c><6>ど</c>,け
134.475,134.742,-1,-1,<4>皆がいいとか上手く言えないけ</c><6>ど</c>,け
134.742,135.276,-1,0,<4>みんながいいとかうまくいえないけど</c>,ど
134.742,135.276,-1,-1,<4>皆がいいとか上手く言えないけど</c>,ど
135.276,135.576,-1,0,<13>そ</c><6>れでもいっしょがいいな</c>,そ
135.276,135.576,-1,-1,<13>そ</c><6>れでも一緒がいいな</c>,そ
135.576,135.843,-1,0,<13>それ</c><6>でもいっしょがいいな</c>,れ
135.576,135.843,-1,-1,<13>それ</c><6>でも一緒がいいな</c>,れ
135.843,136.11,-1,0,<13>それで</c><6>もいっしょがいいな</c>,で
135.843,136.11,-1,-1,<13>それで</c><6>も一緒がいいな</c>,で
136.11,136.944,-1,0,<13>それでも</c><6>いっしょがいいな</c>,も
136.11,136.944,-1,-1,<13>それでも</c><6>一緒がいいな</c>,も
136.944,137.178,-1,0,<13>それでもいっ</c><6>しょがいいな</c>,いっ
136.944,137.178,-1,-1,<13>それでも一</c><6>緒がいいな</c>,一
137.178,137.478,-1,0,<13>それでもいっしょ</c><6>がいいな</c>,しょ
137.178,137.478,-1,-1,<13>それでも一緒</c><6>がいいな</c>,緒
137.478,137.745,-1,0,<13>それでもいっしょが</c><6>いいな</c>,が
137.478,137.745,-1,-1,<13>それでも一緒が</c><6>いいな</c>,が
137.745,137.945,-1,0,<13>それでもいっしょがい</c><6>いな</c>,い
137.745,137.945,-1,-1,<13>それでも一緒がい</c><6>いな</c>,い
137.945,138.012,-1,0,<13>それでもいっしょがいい</c><6>な</c>,い
137.945,138.012,-1,-1,<13>それでも一緒がいい</c><6>な</c>,い
138.012,138.544,-1,0,<13>それでもいっしょがいいな</c>,な
138.012,138.544,-1,-1,<13>それでも一緒がいいな</c>,な
139.914,140.047,-1,0,<1>こ</c><6>とばはなんでこんなにこんなんで</c>,こ
139.914,140.181,-1,-1,<1>言</c><6>葉はなんでこんなに困難で</c>,言
140.047,140.181,-1,0,<1>こと</c><6>ばはなんでこんなにこんなんで</c>,と
140.181,140.347,-1,0,<1>ことば</c><6>はなんでこんなにこんなんで</c>,ば
140.181,140.347,-1,-1,<1>言葉</c><6>はなんでこんなに困難で</c>,葉
140.347,140.448,-1,0,<1>ことばは</c><6>なんでこんなにこんなんで</c>,は
140.347,140.448,-1,-1,<1>言葉は</c><6>なんでこんなに困難で</c>,は
140.448,140.648,-1,0,<1>ことばはな</c><6>んでこんなにこんなんで</c>,な
140.448,140.648,-1,-1,<1>言葉はな</c><6>んでこんなに困難で</c>,な
140.648,140.714,-1,0,<1>ことばはなん</c><6>でこんなにこんなんで</c>,ん
140.648,140.714,-1,-1,<1>言葉はなん</c><6>でこんなに困難で</c>,ん
140.714,141.015,-1,0,<1>ことばはなんで</c><6>こんなにこんなんで</c>,で
140.714,141.015,-1,-1,<1>言葉はなんで</c><6>こんなに困難で</c>,で
141.015,141.182,-1,0,<1>ことばはなんでこ</c><6>んなにこんなんで</c>,こ
141.015,141.182,-1,-1,<1>言葉はなんでこ</c><6>んなに困難で</c>,こ
141.182,141.282,-1,0,<1>ことばはなんでこん</c><6>なにこんなんで</c>,ん
141.182,141.282,-1,-1,<1>言葉はなんでこん</c><6>なに困難で</c>,ん
141.282,141.449,-1,0,<1>ことばはなんでこんな</c><6>にこんなんで</c>,な
141.282,141.449,-1,-1,<1>言葉はなんでこんな</c><6>に困難で</c>,な
141.449,141.549,-1,0,<1>ことばはなんでこんなに</c><6>こんなんで</c>,に
141.449,141.549,-1,-1,<1>言葉はなんでこんなに</c><6>困難で</c>,に
141.549,141.715,-1,0,<1>ことばはなんでこんなにこ</c><6>んなんで</c>,こ
141.549,141.849,-1,-1,<1>言葉はなんでこんなに困</c><6>難で</c>,困
141.715,141.849,-1,0,<1>ことばはなんでこんなにこん</c><6>なんで</c>,ん
141.849,141.982,-1,0,<1>ことばはなんでこんなにこんな</c><6>んで</c>,な
141.849,142.083,-1,-1,<1>言葉はなんでこんなに困難</c><6>で</c>,難
141.982,142.083,-1,0,<1>ことばはなんでこんなにこんなん</c><6>で</c>,ん
142.083,142.65,-1,0,<1>ことばはなんでこんなにこんなんで</c>,で
142.083,142.65,-1,-1,<1>言葉はなんでこんなに困難で</c>,で
142.65,142.917,-1,0,<1>ふ</c><6>くざつなんですか</c>,ふ
142.65,143.184,-1,-1,<1>複</c><6>雑なんですか</c>,複
142.917,143.184,-1,0,<1>ふく</c><6>ざつなんですか</c>,く
143.184,143.451,-1,0,<1>ふくざ</c><6>つなんですか</c>,ざ
143.184,143.717,-1,-1,<1>複雑</c><6>なんですか</c>,雑
143.451,143.717,-1,0,<1>ふくざつ</c><6>なんですか</c>,つ
143.717,143.918,-1,0,<1>ふくざつな</c><6>んですか</c>,な
143.717,143.918,-1,-1,<1>複雑な</c><6>んですか</c>,な
143.918,144.018,-1,0,<1>ふくざつなん</c><6>ですか</c>,ん
143.918,144.018,-1,-1,<1>複雑なん</c><6>ですか</c>,ん
144.018,144.185,-1,0,<1>ふくざつなんで</c><6>すか</c>,で
144.018,144.185,-1,-1,<1>複雑なんで</c><6>すか</c>,で
144.185,144.285,-1,0,<1>ふくざつなんです</c><6>か</c>,す
144.185,144.285,-1,-1,<1>複雑なんです</c><6>か</c>,す
144.285,144.819,-1,0,<1>ふくざつなんですか</c>,か
144.285,144.819,-1,-1,<1>複雑なんですか</c>,か
144.819,145.119,-1,0,<9>ひ</c><6>みつのことばおしえてほしい</c>,ひ
144.819,145.119,-1,-1,<9>秘</c><6>密の言葉教えてほしい</c>,秘
145.119,145.352,-1,0,<9>ひみ</c><6>つのことばおしえてほしい</c>,み
145.119,145.619,-1,-1,<9>秘密</c><6>の言葉教えてほしい</c>,密
145.352,145.619,-1,0,<9>ひみつ</c><6>のことばおしえてほしい</c>,つ
145.619,145.92,-1,0,<9>ひみつの</c><6>ことばおしえてほしい</c>,の
145.619,145.92,-1,-1,<9>秘密の</c><6>言葉教えてほしい</c>,の
145.92,146.187,-1,0,<9>ひみつのこ</c><6>とばおしえてほしい</c>,こ
145.92,146.454,-1,-1,<9>秘密の言</c><6>葉教えてほしい</c>,言
146.187,146.454,-1,0,<9>ひみつのこと</c><6>ばおしえてほしい</c>,と
146.454,146.72,-1,0,<9>ひみつのことば</c><6>おしえてほしい</c>,ば
146.454,146.72,-1,-1,<9>秘密の言葉</c><6>教えてほしい</c>,葉
146.72,146.887,-1,0,<9>ひみつのことばお</c><6>しえてほしい</c>,お
146.72,147.021,-1,-1,<9>秘密の言葉教</c><6>えてほしい</c>,教
146.887,147.021,-1,0,<9>ひみつのことばおし</c><6>えてほしい</c>,し
147.021,147.254,-1,0,<9>ひみつのことばおしえ</c><6>てほしい</c>,え
147.021,147.254,-1,-1,<9>秘密の言葉教え</c><6>てほしい</c>,え
147.254,147.555,-1,0,<9>ひみつのことばおしえて</c><6>ほしい</c>,て
147.254,147.555,-1,-1,<9>秘密の言葉教えて</c><6>ほしい</c>,て
147.555,147.822,-1,0,<9>ひみつのことばおしえてほ</c><6>しい</c>,ほ
147.555,147.822,-1,-1,<9>秘密の言葉教えてほ</c><6>しい</c>,ほ
147.822,148.055,-1,0,<9>ひみつのことばおしえてほし</c><6>い</c>,し
147.822,148.055,-1,-1,<9>秘密の言葉教えてほし</c><6>い</c>,し
148.055,149.19,-1,0,<9>ひみつのことばおしえてほしい</c>,い
148.055,149.19,-1,-1,<9>秘密の言葉教えてほしい</c>,い
149.19,149.457,-1,0,<1>が</c><6>んばれわたし！いつもいじょうに</c>,が
149.19,149.457,-1,-1,<1>が</c><6>んばれ私！いつも以上に</c>,が
149.457,149.723,-1,0,<1>がん</c><6>ばれわたし！いつもいじょうに</c>,ん
149.457,149.723,-1,-1,<1>がん</c><6>ばれ私！いつも以上に</c>,ん
149.723,149.99,-1,0,<1>がんば</c><6>れわたし！いつもいじょうに</c>,ば
149.723,149.99,-1,-1,<1>がんば</c><6>れ私！いつも以上に</c>,ば
149.99,150.257,-1,0,<1>がんばれ</c><6>わたし！いつもいじょうに</c>,れ
149.99,150.257,-1,-1,<1>がんばれ</c><6>私！いつも以上に</c>,れ
150.257,150.558,-1,0,<1>がんばれわ</c><6>たし！いつもいじょうに</c>,わ
150.257,151.358,-1,-1,<1>がんばれ私！</c><6>いつも以上に</c>,私！
150.558,150.825,-1,0,<1>がんばれわた</c><6>し！いつもいじょうに</c>,た
150.825,151.358,-1,0,<1>がんばれわたし！</c><6>いつもいじょうに</c>,し！
151.358,151.592,-1,0,<1>がんばれわたし！い</c><6>つもいじょうに</c>,い
151.358,151.592,-1,-1,<1>がんばれ私！い</c><6>つも以上に</c>,い
151.592,151.926,-1,0,<1>がんばれわたし！いつ</c><6>もいじょうに</c>,つ
151.592,151.926,-1,-1,<1>がんばれ私！いつ</c><6>も以上に</c>,つ
151.926,152.159,-1,0,<1>がんばれわたし！いつも</c><6>いじょうに</c>,も
151.926,152.159,-1,-1,<1>がんばれ私！いつも</c><6>以上に</c>,も
152.159,152.46,-1,0,<1>がんばれわたし！いつもい</c><6>じょうに</c>,い
152.159,152.46,-1,-1,<1>がんばれ私！いつも以</c><6>上に</c>,以
152.46,152.726,-1,0,<1>がんばれわたし！いつもいじょ</c><6>うに</c>,じょ
152.46,153.027,-1,-1,<1>がんばれ私！いつも以上</c><6>に</c>,上
152.726,153.027,-1,0,<1>がんばれわたし！いつもいじょう</c><6>に</c>,う
153.027,153.561,-1,0,<1>がんばれわたし！いつもいじょうに</c>,に
153.027,153.561,-1,-1,<1>がんばれ私！いつも以上に</c>,に
153.561,153.861,-1,0,<1>きょ</c><6>うもあしたもせかいはまわる</c>,きょ
153.561,154.128,-1,-1,<1>今日</c><6>も明日も世界は回る</c>,今日
153.861,154.128,-1,0,<1>きょう</c><6>もあしたもせかいはまわる</c>,う
154.128,154.361,-1,0,<1>きょうも</c><6>あしたもせかいはまわる</c>,も
154.128,154.361,-1,-1,<1>今日も</c><6>明日も世界は回る</c>,も
154.361,154.628,-1,0,<1>きょうもあ</c><6>したもせかいはまわる</c>,あ
154.361,155.196,-1,-1,<1>今日も明日</c><6>も世界は回る</c>,明日
154.628,154.929,-1,0,<1>きょうもあし</c><6>たもせかいはまわる</c>,し
154.929,155.196,-1,0,<1>きょうもあした</c><6>もせかいはまわる</c>,た
155.196,155.396,-1,0,<1>きょうもあしたも</c><6>せかいはまわる</c>,も
155.196,155.396,-1,-1,<1>今日も明日も</c><6>世界は回る</c>,も
155.396,155.629,-1,0,<1>きょうもあしたもせ</c><6>かいはまわる</c>,せ
155.396,155.629,-1,-1,<1>今日も明日も世</c><6>界は回る</c>,世
155.629,155.729,-1,0,<1>きょうもあしたもせか</c><6>いはまわる</c>,か
155.629,155.996,-1,-1,<1>今日も明日も世界</c><6>は回る</c>,界
155.729,155.996,-1,0,<1>きょうもあしたもせかい</c><6>はまわる</c>,い
155.996,156.263,-1,0,<1>きょうもあしたもせかいは</c><6>まわる</c>,は
155.996,156.263,-1,-1,<1>今日も明日も世界は</c><6>回る</c>,は
156.263,156.564,-1,0,<1>きょうもあしたもせかいはま</c><6>わる</c>,ま
156.263,156.831,-1,-1,<1>今日も明日も世界は回</c><6>る</c>,回
156.564,156.831,-1,0,<1>きょうもあしたもせかいはまわ</c><6>る</c>,わ
156.831,157.93,-1,0,<1>きょうもあしたもせかいはまわる</c>,る
156.831,157.93,-1,-1,<1>今日も明日も世界は回る</c>,る
175.616,175.916,-1,0,<5>ずっ</c><6>とこれからもだいすきなみんなと</c>,ずっ
175.616,175.916,-1,-1,<5>ずっ</c><6>とこれからも大好きな皆と</c>,ずっ
175.916,176.217,-1,0,<5>ずっと</c><6>これからもだいすきなみんなと</c>,と
175.916,176.217,-1,-1,<5>ずっと</c><6>これからも大好きな皆と</c>,と
176.217,176.317,-1,0,<5>ずっとこ</c><6>れからもだいすきなみんなと</c>,こ
176.217,176.317,-1,-1,<5>ずっとこ</c><6>れからも大好きな皆と</c>,こ
176.317,176.45,-1,0,<5>ずっとこれ</c><6>からもだいすきなみんなと</c>,れ
176.317,176.45,-1,-1,<5>ずっとこれ</c><6>からも大好きな皆と</c>,れ
176.45,176.717,-1,0,<5>ずっとこれか</c><6>らもだいすきなみんなと</c>,か
176.45,176.717,-1,-1,<5>ずっとこれか</c><6>らも大好きな皆と</c>,か
176.717,176.984,-1,0,<5>ずっとこれから</c><6>もだいすきなみんなと</c>,ら
176.717,176.984,-1,-1,<5>ずっとこれから</c><6>も大好きな皆と</c>,ら
176.984,177.785,-1,0,<5>ずっとこれからも</c><6>だいすきなみんなと</c>,も
176.984,177.785,-1,-1,<5>ずっとこれからも</c><6>大好きな皆と</c>,も
177.785,177.985,-1,0,<5>ずっとこれからもだ</c><6>いすきなみんなと</c>,だ
177.785,178.085,-1,-1,<5>ずっとこれからも大</c><6>好きな皆と</c>,大
177.985,178.085,-1,0,<5>ずっとこれからもだい</c><6>すきなみんなと</c>,い
178.085,178.285,-1,0,<5>ずっとこれからもだいす</c><6>きなみんなと</c>,す
178.085,178.285,-1,-1,<5>ずっとこれからも大好</c><6>きな皆と</c>,好
178.285,178.385,-1,0,<5>ずっとこれからもだいすき</c><6>なみんなと</c>,き
178.285,178.385,-1,-1,<5>ずっとこれからも大好き</c><6>な皆と</c>,き
178.385,178.652,-1,0,<5>ずっとこれからもだいすきな</c><6>みんなと</c>,な
178.385,178.652,-1,-1,<5>ずっとこれからも大好きな</c><6>皆と</c>,な
178.652,178.819,-1,0,<5>ずっとこれからもだいすきなみ</c><6>んなと</c>,み
178.652,179.186,-1,-1,<5>ずっとこれからも大好きな皆</c><6>と</c>,皆
178.819,178.886,-1,0,<5>ずっとこれからもだいすきなみん</c><6>なと</c>,ん
178.886,179.186,-1,0,<5>ずっとこれからもだいすきなみんな</c><6>と</c>,な
179.186,179.987,-1,0,<5>ずっとこれからもだいすきなみんなと</c>,と
179.186,179.987,-1,-1,<5>ずっとこれからも大好きな皆と</c>,と
179.987,180.187,-1,0,<5>け</c><6>んかしたりなかなおりしたりもっと</c>,け
179.987,180.187,-1,-1,<5>ケ</c><6>ンカしたり仲直りしたりもっと</c>,ケ
180.187,180.287,-1,0,<5>けん</c><6>かしたりなかなおりしたりもっと</c>,ん
180.187,180.287,-1,-1,<5>ケン</c><6>カしたり仲直りしたりもっと</c>,ン
180.287,180.454,-1,0,<5>けんか</c><6>したりなかなおりしたりもっと</c>,か
180.287,180.454,-1,-1,<5>ケンカ</c><6>したり仲直りしたりもっと</c>,カ
180.454,180.554,-1,0,<5>けんかし</c><6>たりなかなおりしたりもっと</c>,し
180.454,180.554,-1,-1,<5>ケンカし</c><6>たり仲直りしたりもっと</c>,し
180.554,180.721,-1,0,<5>けんかした</c><6>りなかなおりしたりもっと</c>,た
180.554,180.721,-1,-1,<5>ケンカした</c><6>り仲直りしたりもっと</c>,た
180.721,180.821,-1,0,<5>けんかしたり</c><6>なかなおりしたりもっと</c>,り
180.721,180.821,-1,-1,<5>ケンカしたり</c><6>仲直りしたりもっと</c>,り
180.821,180.988,-1,0,<5>けんかしたりな</c><6>かなおりしたりもっと</c>,な
180.821,181.088,-1,-1,<5>ケンカしたり仲</c><6>直りしたりもっと</c>,仲
180.988,181.088,-1,0,<5>けんかしたりなか</c><6>なおりしたりもっと</c>,か
181.088,181.222,-1,0,<5>けんかしたりなかな</c><6>おりしたりもっと</c>,な
181.088,181.355,-1,-1,<5>ケンカしたり仲直</c><6>りしたりもっと</c>,直
181.222,181.355,-1,0,<5>けんかしたりなかなお</c><6>りしたりもっと</c>,お
181.355,181.522,-1,0,<5>けんかしたりなかなおり</c><6>したりもっと</c>,り
181.355,181.522,-1,-1,<5>ケンカしたり仲直り</c><6>したりもっと</c>,り
181.522,181.655,-1,0,<5>けんかしたりなかなおりし</c><6>たりもっと</c>,し
181.522,181.655,-1,-1,<5>ケンカしたり仲直りし</c><6>たりもっと</c>,し
181.655,181.822,-1,0,<5>けんかしたりなかなおりした</c><6>りもっと</c>,た
181.655,181.822,-1,-1,<5>ケンカしたり仲直りした</c><6>りもっと</c>,た
181.822,181.889,-1,0,<5>けんかしたりなかなおりしたり</c><6>もっと</c>,り
181.822,181.889,-1,-1,<5>ケンカしたり仲直りしたり</c><6>もっと</c>,り
181.889,182.423,-1,0,<5>けんかしたりなかなおりしたりもっ</c><6>と</c>,もっ
181.889,182.423,-1,-1,<5>ケンカしたり仲直りしたりもっ</c><6>と</c>,もっ
182.423,182.99,-1,0,<5>けんかしたりなかなおりしたりもっと</c>,と
182.423,182.99,-1,-1,<5>ケンカしたり仲直りしたりもっと</c>,と
182.99,183.524,-1,0,<3>もっ</c><6>と</c>,もっ
182.99,183.524,-1,-1,<3>もっ</c><6>と</c>,もっ
183.524,184.09,-1,0,<3>もっと</c>,と
183.524,184.09,-1,-1,<3>もっと</c>,と
184.358,184.558,-1,0,<13>そ</c><6>んなへいおんがつづいていけば</c>,そ
184.358,184.558,-1,-1,<13>そ</c><6>んな平穏が続いていけば</c>,そ
184.558,184.658,-1,0,<13>そん</c><6>なへいおんがつづいていけば</c>,ん
184.558,184.658,-1,-1,<13>そん</c><6>な平穏が続いていけば</c>,ん
184.658,184.892,-1,0,<13>そんな</c><6>へいおんがつづいていけば</c>,な
184.658,184.892,-1,-1,<13>そんな</c><6>平穏が続いていけば</c>,な
184.892,185.092,-1,0,<13>そんなへ</c><6>いおんがつづいていけば</c>,へ
184.892,185.192,-1,-1,<13>そんな平</c><6>穏が続いていけば</c>,平
185.092,185.192,-1,0,<13>そんなへい</c><6>おんがつづいていけば</c>,い
185.192,185.459,-1,0,<13>そんなへいお</c><6>んがつづいていけば</c>,お
185.192,185.726,-1,-1,<13>そんな平穏</c><6>が続いていけば</c>,穏
185.459,185.726,-1,0,<13>そんなへいおん</c><6>がつづいていけば</c>,ん
185.726,186.56,-1,0,<13>そんなへいおんが</c><6>つづいていけば</c>,が
185.726,186.56,-1,-1,<13>そんな平穏が</c><6>続いていけば</c>,が
186.56,186.827,-1,0,<13>そんなへいおんがつ</c><6>づいていけば</c>,つ
186.56,187.094,-1,-1,<13>そんな平穏が続</c><6>いていけば</c>,続
186.827,187.094,-1,0,<13>そんなへいおんがつづ</c><6>いていけば</c>,づ
187.094,187.394,-1,0,<13>そんなへいおんがつづい</c><6>ていけば</c>,い
187.094,187.394,-1,-1,<13>そんな平穏が続い</c><6>ていけば</c>,い
187.394,187.661,-1,0,<13>そんなへいおんがつづいて</c><6>いけば</c>,て
187.394,187.661,-1,-1,<13>そんな平穏が続いて</c><6>いけば</c>,て
187.661,187.928,-1,0,<13>そんなへいおんがつづいてい</c><6>けば</c>,い
187.661,187.928,-1,-1,<13>そんな平穏が続いてい</c><6>けば</c>,い
187.928,188.462,-1,0,<13>そんなへいおんがつづいていけ</c><6>ば</c>,け
187.928,188.462,-1,-1,<13>そんな平穏が続いていけ</c><6>ば</c>,け
188.462,190.73,-1,0,<13>そんなへいおんがつづいていけば</c>,ば
188.462,190.73,-1,-1,<13>そんな平穏が続いていけば</c>,ば
191.165,191.732,-1,0,<17>い</c><6>いな</c>,い
191.165,191.732,-1,-1,<17>い</c><6>いな</c>,い
191.732,192.266,-1,0,<17>いい</c><6>な</c>,い
191.732,192.266,-1,-1,<17>いい</c><6>な</c>,い
192.266,192.8,-1,0,<17>いいな</c>,な
192.266,192.8,-1,-1,<17>いいな</c>,な
192.8,193.067,-1,0,<13>も</c><6>じだとたんじゅんに</c>,も
192.8,193.067,-1,-1,<13>文</c><6>字だと単純に</c>,文
193.067,193.367,-1,0,<13>もじ</c><6>だとたんじゅんに</c>,じ
193.067,193.367,-1,-1,<13>文字</c><6>だと単純に</c>,字
193.367,193.634,-1,0,<13>もじだ</c><6>とたんじゅんに</c>,だ
193.367,193.634,-1,-1,<13>文字だ</c><6>と単純に</c>,だ
193.634,193.901,-1,0,<13>もじだと</c><6>たんじゅんに</c>,と
193.634,193.901,-1,-1,<13>文字だと</c><6>単純に</c>,と
193.901,194.101,-1,0,<13>もじだとた</c><6>んじゅんに</c>,た
193.901,194.168,-1,-1,<13>文字だと単</c><6>純に</c>,単
194.101,194.168,-1,0,<13>もじだとたん</c><6>じゅんに</c>,ん
194.168,194.368,-1,0,<13>もじだとたんじゅ</c><6>んに</c>,じゅ
194.168,194.468,-1,-1,<13>文字だと単純</c><6>に</c>,純
194.368,194.468,-1,0,<13>もじだとたんじゅん</c><6>に</c>,ん
194.468,195.002,-1,0,<13>もじだとたんじゅんに</c>,に
194.468,195.002,-1,-1,<13>文字だと単純に</c>,に
195.002,195.269,-1,0,<13>なっ</c><6>ちゃいそうなかんじょうは</c>,なっ
195.002,195.269,-1,-1,<13>なっ</c><6>ちゃいそうな感情は</c>,なっ
195.269,195.436,-1,0,<13>なっちゃ</c><6>いそうなかんじょうは</c>,ちゃ
195.269,195.436,-1,-1,<13>なっちゃ</c><6>いそうな感情は</c>,ちゃ
195.436,195.569,-1,0,<13>なっちゃい</c><6>そうなかんじょうは</c>,い
195.436,195.569,-1,-1,<13>なっちゃい</c><6>そうな感情は</c>,い
195.569,195.703,-1,0,<13>なっちゃいそ</c><6>うなかんじょうは</c>,そ
195.569,195.703,-1,-1,<13>なっちゃいそ</c><6>うな感情は</c>,そ
195.703,195.836,-1,0,<13>なっちゃいそう</c><6>なかんじょうは</c>,う
195.703,195.836,-1,-1,<13>なっちゃいそう</c><6>な感情は</c>,う
195.836,196.07,-1,0,<13>なっちゃいそうな</c><6>かんじょうは</c>,な
195.836,196.07,-1,-1,<13>なっちゃいそうな</c><6>感情は</c>,な
196.07,196.27,-1,0,<13>なっちゃいそうなか</c><6>んじょうは</c>,か
196.07,196.37,-1,-1,<13>なっちゃいそうな感</c><6>情は</c>,感
196.27,196.37,-1,0,<13>なっちゃいそうなかん</c><6>じょうは</c>,ん
196.37,196.57,-1,0,<13>なっちゃいそうなかんじょ</c><6>うは</c>,じょ
196.37,196.637,-1,-1,<13>なっちゃいそうな感情</c><6>は</c>,情
196.57,196.637,-1,0,<13>なっちゃいそうなかんじょう</c><6>は</c>,う
196.637,197.204,-1,0,<13>なっちゃいそうなかんじょうは</c>,は
196.637,197.204,-1,-1,<13>なっちゃいそうな感情は</c>,は
197.204,197.471,-1,0,<13>な</c><6>いしょのまほうとなえてほしい？</c>,な
197.204,197.771,-1,-1,<13>内</c><6>緒の魔法唱えてほしい？</c>,内
197.471,197.771,-1,0,<13>ない</c><6>しょのまほうとなえてほしい？</c>,い
197.771,198.038,-1,0,<13>ないしょ</c><6>のまほうとなえてほしい？</c>,しょ
197.771,198.038,-1,-1,<13>内緒</c><6>の魔法唱えてほしい？</c>,緒
198.038,198.272,-1,0,<13>ないしょの</c><6>まほうとなえてほしい？</c>,の
198.038,198.272,-1,-1,<13>内緒の</c><6>魔法唱えてほしい？</c>,の
198.272,198.572,-1,0,<13>ないしょのま</c><6>ほうとなえてほしい？</c>,ま
198.272,198.572,-1,-1,<13>内緒の魔</c><6>法唱えてほしい？</c>,魔
198.572,198.839,-1,0,<13>ないしょのまほ</c><6>うとなえてほしい？</c>,ほ
198.572,199.106,-1,-1,<13>内緒の魔法</c><6>唱えてほしい？</c>,法
198.839,199.106,-1,0,<13>ないしょのまほう</c><6>となえてほしい？</c>,う
199.106,199.24,-1,0,<13>ないしょのまほうと</c><6>なえてほしい？</c>,と
199.106,199.373,-1,-1,<13>内緒の魔法唱</c><6>えてほしい？</c>,唱
199.24,199.373,-1,0,<13>ないしょのまほうとな</c><6>えてほしい？</c>,な
199.373,199.64,-1,0,<13>ないしょのまほうとなえ</c><6>てほしい？</c>,え
199.373,199.64,-1,-1,<13>内緒の魔法唱え</c><6>てほしい？</c>,え
199.64,199.907,-1,0,<13>ないしょのまほうとなえて</c><6>ほしい？</c>,て
199.64,199.907,-1,-1,<13>内緒の魔法唱えて</c><6>ほしい？</c>,て
199.907,200.207,-1,0,<13>ないしょのまほうとなえてほ</c><6>しい？</c>,ほ
199.907,200.207,-1,-1,<13>内緒の魔法唱えてほ</c><6>しい？</c>,ほ
200.207,200.441,-1,0,<13>ないしょのまほうとなえてほし</c><6>い？</c>,し
200.207,200.441,-1,-1,<13>内緒の魔法唱えてほし</c><6>い？</c>,し
200.441,201.542,-1,0,<13>ないしょのまほうとなえてほしい？</c>,い？
200.441,201.542,-1,-1,<13>内緒の魔法唱えてほしい？</c>,い？
201.542,201.809,-1,0,<13>が</c><6>んばれわたし！ときにはだいたんに</c>,が
201.542,201.809,-1,-1,<13>が</c><6>んばれ私！時には大胆に</c>,が
201.809,202.076,-1,0,<13>がん</c><6>ばれわたし！ときにはだいたんに</c>,ん
201.809,202.076,-1,-1,<13>がん</c><6>ばれ私！時には大胆に</c>,ん
202.076,202.376,-1,0,<13>がんば</c><6>れわたし！ときにはだいたんに</c>,ば
202.076,202.376,-1,-1,<13>がんば</c><6>れ私！時には大胆に</c>,ば
202.376,202.643,-1,0,<13>がんばれ</c><6>わたし！ときにはだいたんに</c>,れ
202.376,202.643,-1,-1,<13>がんばれ</c><6>私！時には大胆に</c>,れ
202.643,202.91,-1,0,<13>がんばれわ</c><6>たし！ときにはだいたんに</c>,わ
202.643,203.711,-1,-1,<13>がんばれ私！</c><6>時には大胆に</c>,私！
202.91,203.11,-1,0,<13>がんばれわた</c><6>し！ときにはだいたんに</c>,た
203.11,203.711,-1,0,<13>がんばれわたし！</c><6>ときにはだいたんに</c>,し！
203.711,204.011,-1,0,<13>がんばれわたし！と</c><6>きにはだいたんに</c>,と
203.711,204.278,-1,-1,<13>がんばれ私！時</c><6>には大胆に</c>,時
204.011,204.278,-1,0,<13>がんばれわたし！とき</c><6>にはだいたんに</c>,き
204.278,204.545,-1,0,<13>がんばれわたし！ときに</c><6>はだいたんに</c>,に
204.278,204.545,-1,-1,<13>がんばれ私！時に</c><6>は大胆に</c>,に
204.545,204.812,-1,0,<13>がんばれわたし！ときには</c><6>だいたんに</c>,は
204.545,204.812,-1,-1,<13>がんばれ私！時には</c><6>大胆に</c>,は
204.812,205.012,-1,0,<13>がんばれわたし！ときにはだ</c><6>いたんに</c>,だ
204.812,205.079,-1,-1,<13>がんばれ私！時には大</c><6>胆に</c>,大
205.012,205.079,-1,0,<13>がんばれわたし！ときにはだい</c><6>たんに</c>,い
205.079,205.312,-1,0,<13>がんばれわたし！ときにはだいた</c><6>んに</c>,た
205.079,205.379,-1,-1,<13>がんばれ私！時には大胆</c><6>に</c>,胆
205.312,205.379,-1,0,<13>がんばれわたし！ときにはだいたん</c><6>に</c>,ん
205.379,205.88,-1,0,<13>がんばれわたし！ときにはだいたんに</c>,に
205.379,205.88,-1,-1,<13>がんばれ私！時には大胆に</c>,に
205.88,206.147,-1,0,<13>きょ</c><6>うもとなりでせかいをあるかせて</c>,きょ
205.88,206.413,-1,-1,<13>今日</c><6>も隣で世界を歩かせて</c>,今日
206.147,206.413,-1,0,<13>きょう</c><6>もとなりでせかいをあるかせて</c>,う
206.413,206.714,-1,0,<13>きょうも</c><6>となりでせかいをあるかせて</c>,も
206.413,206.714,-1,-1,<13>今日も</c><6>隣で世界を歩かせて</c>,も
206.714,206.981,-1,0,<13>きょうもと</c><6>なりでせかいをあるかせて</c>,と
206.714,207.548,-1,-1,<13>今日も隣</c><6>で世界を歩かせて</c>,隣
206.981,207.248,-1,0,<13>きょうもとな</c><6>りでせかいをあるかせて</c>,な
207.248,207.548,-1,0,<13>きょうもとなり</c><6>でせかいをあるかせて</c>,り
207.548,207.815,-1,0,<13>きょうもとなりで</c><6>せかいをあるかせて</c>,で
207.548,207.815,-1,-1,<13>今日も隣で</c><6>世界を歩かせて</c>,で
207.815,207.915,-1,0,<13>きょうもとなりでせ</c><6>かいをあるかせて</c>,せ
207.815,207.915,-1,-1,<13>今日も隣で世</c><6>界を歩かせて</c>,世
207.915,208.082,-1,0,<13>きょうもとなりでせか</c><6>いをあるかせて</c>,か
207.915,208.349,-1,-1,<13>今日も隣で世界</c><6>を歩かせて</c>,界
208.082,208.349,-1,0,<13>きょうもとなりでせかい</c><6>をあるかせて</c>,い
208.349,208.616,-1,0,<13>きょうもとなりでせかいを</c><6>あるかせて</c>,を
208.349,208.616,-1,-1,<13>今日も隣で世界を</c><6>歩かせて</c>,を
208.616,208.782,-1,0,<13>きょうもとなりでせかいをあ</c><6>るかせて</c>,あ
208.616,208.883,-1,-1,<13>今日も隣で世界を歩</c><6>かせて</c>,歩
208.782,208.883,-1,0,<13>きょうもとなりでせかいをある</c><6>かせて</c>,る
208.883,209.016,-1,0,<13>きょうもとなりでせかいをあるか</c><6>せて</c>,か
208.883,209.016,-1,-1,<13>今日も隣で世界を歩か</c><6>せて</c>,か
209.016,209.183,-1,0,<13>きょうもとなりでせかいをあるかせ</c><6>て</c>,せ
209.016,209.183,-1,-1,<13>今日も隣で世界を歩かせ</c><6>て</c>,せ
209.183,209.749,-1,0,<13>きょうもとなりでせかいをあるかせて</c>,て
209.183,209.749,-1,-1,<13>今日も隣で世界を歩かせて</c>,て
210.284,210.551,-1,0,<15>せ</c><6>かいはなんてうつくしいんですか</c>,せ
210.284,210.551,-1,-1,<15>世</c><6>界はなんて美しいんですか</c>,世
210.551,210.851,-1,0,<15>せか</c><6>いはなんてうつくしいんですか</c>,か
210.551,211.085,-1,-1,<15>世界</c><6>はなんて美しいんですか</c>,界
210.851,211.085,-1,0,<15>せかい</c><6>はなんてうつくしいんですか</c>,い
211.085,211.352,-1,0,<15>せかいは</c><6>なんてうつくしいんですか</c>,は
211.085,211.352,-1,-1,<15>世界は</c><6>なんて美しいんですか</c>,は
211.352,211.652,-1,0,<15>せかいはな</c><6>んてうつくしいんですか</c>,な
211.352,211.652,-1,-1,<15>世界はな</c><6>んて美しいんですか</c>,な
211.652,211.919,-1,0,<15>せかいはなん</c><6>てうつくしいんですか</c>,ん
211.652,211.919,-1,-1,<15>世界はなん</c><6>て美しいんですか</c>,ん
211.919,212.453,-1,0,<15>せかいはなんて</c><6>うつくしいんですか</c>,て
211.919,212.453,-1,-1,<15>世界はなんて</c><6>美しいんですか</c>,て
212.453,212.72,-1,0,<15>せかいはなんてう</c><6>つくしいんですか</c>,う
212.453,213.287,-1,-1,<15>世界はなんて美</c><6>しいんですか</c>,美
212.72,213.02,-1,0,<15>せかいはなんてうつ</c><6>くしいんですか</c>,つ
213.02,213.287,-1,0,<15>せかいはなんてうつく</c><6>しいんですか</c>,く
213.287,213.554,-1,0,<15>せかいはなんてうつくし</c><6>いんですか</c>,し
213.287,213.554,-1,-1,<15>世界はなんて美し</c><6>いんですか</c>,し
213.554,213.754,-1,0,<15>せかいはなんてうつくしい</c><6>んですか</c>,い
213.554,213.754,-1,-1,<15>世界はなんて美しい</c><6>んですか</c>,い
213.754,213.821,-1,0,<15>せかいはなんてうつくしいん</c><6>ですか</c>,ん
213.754,213.821,-1,-1,<15>世界はなんて美しいん</c><6>ですか</c>,ん
213.821,213.988,-1,0,<15>せかいはなんてうつくしいんで</c><6>すか</c>,で
213.821,213.988,-1,-1,<15>世界はなんて美しいんで</c><6>すか</c>,で
213.988,214.121,-1,0,<15>せかいはなんてうつくしいんです</c><6>か</c>,す
213.988,214.121,-1,-1,<15>世界はなんて美しいんです</c><6>か</c>,す
214.121,214.622,-1,0,<15>せかいはなんてうつくしいんですか</c>,か
214.121,214.622,-1,-1,<15>世界はなんて美しいんですか</c>,か
214.622,214.889,-1,0,<10>ひ</c><6>みつのことばおしえてほしい</c>,ひ
214.622,214.889,-1,-1,<10>秘</c><6>密の言葉教えてほしい</c>,秘
214.889,215.189,-1,0,<10>ひみ</c><6>つのことばおしえてほしい</c>,み
214.889,215.456,-1,-1,<10>秘密</c><6>の言葉教えてほしい</c>,密
215.189,215.456,-1,0,<10>ひみつ</c><6>のことばおしえてほしい</c>,つ
215.456,215.723,-1,0,<10>ひみつの</c><6>ことばおしえてほしい</c>,の
215.456,215.723,-1,-1,<10>秘密の</c><6>言葉教えてほしい</c>,の
215.723,215.99,-1,0,<10>ひみつのこ</c><6>とばおしえてほしい</c>,こ
215.723,216.29,-1,-1,<10>秘密の言</c><6>葉教えてほしい</c>,言
215.99,216.29,-1,0,<10>ひみつのこと</c><6>ばおしえてほしい</c>,と
216.29,216.557,-1,0,<10>ひみつのことば</c><6>おしえてほしい</c>,ば
216.29,216.557,-1,-1,<10>秘密の言葉</c><6>教えてほしい</c>,葉
216.557,216.724,-1,0,<10>ひみつのことばお</c><6>しえてほしい</c>,お
216.557,216.824,-1,-1,<10>秘密の言葉教</c><6>えてほしい</c>,教
216.724,216.824,-1,0,<10>ひみつのことばおし</c><6>えてほしい</c>,し
216.824,217.091,-1,0,<10>ひみつのことばおしえ</c><6>てほしい</c>,え
216.824,217.091,-1,-1,<10>秘密の言葉教え</c><6>てほしい</c>,え
217.091,217.358,-1,0,<10>ひみつのことばおしえて</c><6>ほしい</c>,て
217.091,217.358,-1,-1,<10>秘密の言葉教えて</c><6>ほしい</c>,て
217.358,217.658,-1,0,<10>ひみつのことばおしえてほ</c><6>しい</c>,ほ
217.358,217.658,-1,-1,<10>秘密の言葉教えてほ</c><6>しい</c>,ほ
217.658,217.892,-1,0,<10>ひみつのことばおしえてほし</c><6>い</c>,し
217.658,217.892,-1,-1,<10>秘密の言葉教えてほし</c><6>い</c>,し
217.892,218.993,-1,0,<10>ひみつのことばおしえてほしい</c>,い
217.892,218.993,-1,-1,<10>秘密の言葉教えてほしい</c>,い
218.993,219.26,-1,0,<1>が</c><6>んばれわたし！いつもいじょうに</c>,が
218.993,219.26,-1,-1,<1>が</c><6>んばれ私！いつも以上に</c>,が
219.26,219.527,-1,0,<1>がん</c><6>ばれわたし！いつもいじょうに</c>,ん
219.26,219.527,-1,-1,<1>がん</c><6>ばれ私！いつも以上に</c>,ん
219.527,219.793,-1,0,<1>がんば</c><6>れわたし！いつもいじょうに</c>,ば
219.527,219.793,-1,-1,<1>がんば</c><6>れ私！いつも以上に</c>,ば
219.793,220.06,-1,0,<1>がんばれ</c><6>わたし！いつもいじょうに</c>,れ
219.793,220.06,-1,-1,<1>がんばれ</c><6>私！いつも以上に</c>,れ
220.06,220.361,-1,0,<1>がんばれわ</c><6>たし！いつもいじょうに</c>,わ
220.06,221.162,-1,-1,<1>がんばれ私！</c><6>いつも以上に</c>,私！
220.361,220.628,-1,0,<1>がんばれわた</c><6>し！いつもいじょうに</c>,た
220.628,221.162,-1,0,<1>がんばれわたし！</c><6>いつもいじょうに</c>,し！
221.162,221.395,-1,0,<1>がんばれわたし！い</c><6>つもいじょうに</c>,い
221.162,221.395,-1,-1,<1>がんばれ私！い</c><6>つも以上に</c>,い
221.395,221.729,-1,0,<1>がんばれわたし！いつ</c><6>もいじょうに</c>,つ
221.395,221.729,-1,-1,<1>がんばれ私！いつ</c><6>も以上に</c>,つ
221.729,221.962,-1,0,<1>がんばれわたし！いつも</c><6>いじょうに</c>,も
221.729,221.962,-1,-1,<1>がんばれ私！いつも</c><6>以上に</c>,も
221.962,222.263,-1,0,<1>がんばれわたし！いつもい</c><6>じょうに</c>,い
221.962,222.263,-1,-1,<1>がんばれ私！いつも以</c><6>上に</c>,以
222.263,222.53,-1,0,<1>がんばれわたし！いつもいじょ</c><6>うに</c>,じょ
222.263,222.83,-1,-1,<1>がんばれ私！いつも以上</c><6>に</c>,上
222.53,222.83,-1,0,<1>がんばれわたし！いつもいじょう</c><6>に</c>,う
222.83,223.364,-1,0,<1>がんばれわたし！いつもいじょうに</c>,に
222.83,223.364,-1,-1,<1>がんばれ私！いつも以上に</c>,に
223.364,223.664,-1,0,<5>きょ</c><6>うもあしたもせかいはまわる</c>,きょ
223.364,223.931,-1,-1,<5>今日</c><6>も明日も世界は回る</c>,今日
223.664,223.931,-1,0,<5>きょう</c><6>もあしたもせかいはまわる</c>,う
223.931,224.165,-1,0,<5>きょうも</c><6>あしたもせかいはまわる</c>,も
223.931,224.165,-1,-1,<5>今日も</c><6>明日も世界は回る</c>,も
224.165,224.431,-1,0,<5>きょうもあ</c><6>したもせかいはまわる</c>,あ
224.165,224.999,-1,-1,<5>今日も明日</c><6>も世界は回る</c>,明日
224.431,224.732,-1,0,<5>きょうもあし</c><6>たもせかいはまわる</c>,し
224.732,224.999,-1,0,<5>きょうもあした</c><6>もせかいはまわる</c>,た
224.999,225.232,-1,0,<5>きょうもあしたも</c><6>せかいはまわる</c>,も
224.999,225.232,-1,-1,<5>今日も明日も</c><6>世界は回る</c>,も
225.232,225.399,-1,0,<5>きょうもあしたもせ</c><6>かいはまわる</c>,せ
225.232,225.399,-1,-1,<5>今日も明日も世</c><6>界は回る</c>,世
225.399,225.533,-1,0,<5>きょうもあしたもせか</c><6>いはまわる</c>,か
225.399,225.799,-1,-1,<5>今日も明日も世界</c><6>は回る</c>,界
225.533,225.799,-1,0,<5>きょうもあしたもせかい</c><6>はまわる</c>,い
225.799,226.1,-1,0,<5>きょうもあしたもせかいは</c><6>まわる</c>,は
225.799,226.1,-1,-1,<5>今日も明日も世界は</c><6>回る</c>,は
226.1,226.333,-1,0,<5>きょうもあしたもせかいはま</c><6>わる</c>,ま
226.1,226.634,-1,-1,<5>今日も明日も世界は回</c><6>る</c>,回
226.333,226.634,-1,0,<5>きょうもあしたもせかいはまわ</c><6>る</c>,わ
226.634,227.701,-1,0,<5>きょうもあしたもせかいはまわる</c>,る
226.634,227.701,-1,-1,<5>今日も明日も世界は回る</c>,る
227.701,227.968,-1,0,<1>きょ</c><6>うもみんなとせかいをあるく</c>,きょ
227.701,228.235,-1,-1,<1>今日</c><6>も皆と世界を歩く</c>,今日
227.968,228.235,-1,0,<1>きょう</c><6>もみんなとせかいをあるく</c>,う
228.235,228.536,-1,0,<1>きょうも</c><6>みんなとせかいをあるく</c>,も
228.235,228.536,-1,-1,<1>今日も</c><6>皆と世界を歩く</c>,も
228.536,228.802,-1,0,<1>きょうもみ</c><6>んなとせかいをあるく</c>,み
228.536,229.37,-1,-1,<1>今日も皆</c><6>と世界を歩く</c>,皆
228.802,229.103,-1,0,<1>きょうもみん</c><6>なとせかいをあるく</c>,ん
229.103,229.37,-1,0,<1>きょうもみんな</c><6>とせかいをあるく</c>,な
229.37,229.637,-1,0,<1>きょうもみんなと</c><6>せかいをあるく</c>,と
229.37,229.637,-1,-1,<1>今日も皆と</c><6>世界を歩く</c>,と
229.637,229.77,-1,0,<1>きょうもみんなと</c><13>せ</c><6>かいをあるく</c>,せ
229.637,229.77,-1,-1,<1>今日も皆と</c><13>世</c><6>界を歩く</c>,世
229.77,229.904,-1,0,<1>きょうもみんなと</c><13>せか</c><6>いをあるく</c>,か
229.77,230.171,-1,-1,<1>今日も皆と</c><13>世界</c><6>を歩く</c>,界
229.904,230.171,-1,0,<1>きょうもみんなと</c><13>せかい</c><6>をあるく</c>,い
230.171,230.437,-1,0,<1>きょうもみんなと</c><13>せかいを</c><6>あるく</c>,を
230.171,230.437,-1,-1,<1>今日も皆と</c><13>世界を</c><6>歩く</c>,を
230.437,230.704,-1,0,<1>きょうもみんなと</c><13>せかいをあ</c><6>るく</c>,あ
230.437,230.971,-1,-1,<1>今日も皆と</c><13>世界を歩</c><6>く</c>,歩
230.704,230.971,-1,0,<1>きょうもみんなと</c><13>せかいをある</c><6>く</c>,る
230.971,232.106,-1,0,<1>きょうもみんなと</c><13>せかいをあるく</c>,く
230.971,232.106,-1,-1,<1>今日も皆と</c><13>世界を歩く</c>,く
232.106,236.443,-1,0,<12>ミックス:じゃんパイセン</c>,ミックス:じゃんパイセン
236.443,240.814,-1,0,<12>絵&amp;動画:ある</c>,絵&amp;動画:ある
240.814,245.184,-1,0,<12>お歌:角巻わため</c>,お歌:角巻わため
248.722,252.158,-1,0,<14>おわり♫</c>,おわり♫
