start,end,position,line,text,token
8.249,8.616,-1,0,<2>ぜん</c><1>ぜんつかめないきみのこと</c>,ぜん
8.249,8.616,-1,-1,<2>全</c><1>然つかめないきみのこと</c>,全
8.616,9.083,-1,0,<2>ぜんぜん</c><1>つかめないきみのこと</c>,ぜん
8.616,9.083,-1,-1,<2>全然</c><1>つかめないきみのこと</c>,然
9.083,9.216,-1,0,<2>ぜんぜんつ</c><1>かめないきみのこと</c>,つ
9.083,9.216,-1,-1,<2>全然つ</c><1>かめないきみのこと</c>,つ
9.216,9.45,-1,0,<2>ぜんぜんつか</c><1>めないきみのこと</c>,か
9.216,9.45,-1,-1,<2>全然つか</c><1>めないきみのこと</c>,か
9.45,9.684,-1,0,<2>ぜんぜんつかめ</c><1>ないきみのこと</c>,め
9.45,9.684,-1,-1,<2>全然つかめ</c><1>ないきみのこと</c>,め
9.684,10.084,-1,0,<2>ぜんぜんつかめない</c><1>きみのこと</c>,ない
9.684,10.084,-1,-1,<2>全然つかめない</c><1>きみのこと</c>,ない
10.084,10.451,-1,0,<2>ぜんぜんつかめないき</c><1>みのこと</c>,き
10.084,10.451,-1,-1,<2>全然つかめないき</c><1>みのこと</c>,き
10.451,10.651,-1,0,<2>ぜんぜんつかめないきみ</c><1>のこと</c>,み
10.451,10.651,-1,-1,<2>全然つかめないきみ</c><1>のこと</c>,み
10.651,11.052,-1,0,<2>ぜんぜんつかめないきみの</c><1>こと</c>,の
10.651,11.052,-1,-1,<2>全然つかめないきみの</c><1>こと</c>,の
11.052,11.285,-1,0,<2>ぜんぜんつかめないきみのこ</c><1>と</c>,こ
11.052,11.285,-1,-1,<2>全然つかめないきみのこ</c><1>と</c>,こ
11.285,11.519,-1,0,<2>ぜんぜんつかめないきみのこと</c>,と
11.285,11.519,-1,-1,<2>全然つかめないきみのこと</c>,と
11.519,11.919,-1,0,<2>ぜん</c><1>ぜんしらないうちに</c>,ぜん
11.519,11.919,-1,-1,<2>全</c><1>然しらないうちに</c>,全
11.919,12.353,-1,0,<2>ぜんぜん</c><1>しらないうちに</c>,ぜん
11.919,12.353,-1,-1,<2>全然</c><1>しらないうちに</c>,然
12.353,12.52,-1,0,<2>ぜんぜんし</c><1>らないうちに</c>,し
12.353,12.52,-1,-1,<2>全然し</c><1>らないうちに</c>,し
12.52,12.72,-1,0,<2>ぜんぜんしら</c><1>ないうちに</c>,ら
12.52,12.72,-1,-1,<2>全然しら</c><1>ないうちに</c>,ら
12.72,12.92,-1,0,<2>ぜんぜんしらな</c><1>いうちに</c>,な
12.72,12.92,-1,-1,<2>全然しらな</c><1>いうちに</c>,な
12.92,13.387,-1,0,<2>ぜんぜんしらない</c><1>うちに</c>,い
12.92,13.387,-1,-1,<2>全然しらない</c><1>うちに</c>,い
13.387,13.587,-1,0,<2>ぜんぜんしらないう</c><1>ちに</c>,う
13.387,13.587,-1,-1,<2>全然しらないう</c><1>ちに</c>,う
13.587,13.988,-1,0,<2>ぜんぜんしらないうち</c><1>に</c>,ち
13.587,13.988,-1,-1,<2>全然しらないうち</c><1>に</c>,ち
13.988,14.388,-1,0,<2>ぜんぜんしらないうちに</c>,に
13.988,14.388,-1,-1,<2>全然しらないうちに</c>,に
14.388,14.789,-1,0,<2>yeah!</c>,yeah!
14.388,14.789,-1,-1,<2>yeah!</c>,yeah!
14.789,15.022,-1,0,<2>コ</c><1>コロうばわれるなんてこと</c>,コ
14.789,15.022,-1,-1,<2>コ</c><1>コロ奪われるなんてこと</c>,コ
15.022,15.189,-1,0,<2>ココ</c><1>ロうばわれるなんてこと</c>,コ
15.022,15.189,-1,-1,<2>ココ</c><1>ロ奪われるなんてこと</c>,コ
15.189,15.389,-1,0,<2>ココロ</c><1>うばわれるなんてこと</c>,ロ
15.189,15.389,-1,-1,<2>ココロ</c><1>奪われるなんてこと</c>,ロ
15.389,15.623,-1,0,<2>ココロう</c><1>ばわれるなんてこと</c>,う
15.389,15.823,-1,-1,<2>ココロ奪</c><1>われるなんてこと</c>,奪
15.623,15.823,-1,0,<2>ココロうば</c><1>われるなんてこと</c>,ば
15.823,16.023,-1,0,<2>ココロうばわ</c><1>れるなんてこと</c>,わ
15.823,16.023,-1,-1,<2>ココロ奪わ</c><1>れるなんてこと</c>,わ
16.023,16.223,-1,0,<2>ココロうばわれ</c><1>るなんてこと</c>,れ
16.023,16.223,-1,-1,<2>ココロ奪われ</c><1>るなんてこと</c>,れ
16.223,16.624,-1,0,<2>ココロうばわれる</c><1>なんてこと</c>,る
16.223,16.624,-1,-1,<2>ココロ奪われる</c><1>なんてこと</c>,る
16.624,17.058,-1,0,<2>ココロうばわれるな</c><1>んてこと</c>,な
16.624,17.058,-1,-1,<2>ココロ奪われるな</c><1>んてこと</c>,な
17.058,17.258,-1,0,<2>ココロうばわれるなん</c><1>てこと</c>,ん
17.058,17.258,-1,-1,<2>ココロ奪われるなん</c><1>てこと</c>,ん
17.258,17.625,-1,0,<2>ココロうばわれるなんて</c><1>こと</c>,て
17.258,17.625,-1,-1,<2>ココロ奪われるなんて</c><1>こと</c>,て
17.625,17.858,-1,0,<2>ココロうばわれるなんてこ</c><1>と</c>,こ
17.625,17.858,-1,-1,<2>ココロ奪われるなんてこ</c><1>と</c>,こ
17.858,18.059,-1,0,<2>ココロうばわれるなんてこと</c>,と
17.858,18.059,-1,-1,<2>ココロ奪われるなんてこと</c>,と
18.059,18.492,-1,0,<2>あ</c><1>るはずないでしょ</c>,あ
18.059,18.492,-1,-1,<2>あ</c><1>るはずないでしょ</c>,あ
18.492,18.893,-1,0,<2>ある</c><1>はずないでしょ</c>,る
18.492,18.893,-1,-1,<2>ある</c><1>はずないでしょ</c>,る
18.893,19.36,-1,0,<2>あるは</c><1>ずないでしょ</c>,は
18.893,19.36,-1,-1,<2>あるは</c><1>ずないでしょ</c>,は
19.36,19.694,-1,0,<2>あるはず</c><1>ないでしょ</c>,ず
19.36,19.694,-1,-1,<2>あるはず</c><1>ないでしょ</c>,ず
19.694,20.328,-1,0,<2>あるはずない</c><1>でしょ</c>,ない
19.694,20.328,-1,-1,<2>あるはずない</c><1>でしょ</c>,ない
20.328,20.561,-1,0,<2>あるはずないで</c><1>しょ</c>,で
20.328,20.561,-1,-1,<2>あるはずないで</c><1>しょ</c>,で
20.561,21.362,-1,0,<2>あるはずないでしょ</c>,しょ
20.561,21.362,-1,-1,<2>あるはずないでしょ</c>,しょ
21.362,24.632,66,0,<2>junkyfeat.鏡音リン-メランコリック-wataameremix-</c>,junkyfeat.鏡音リン-メランコリック-wataameremix-
24.632,26.267,-1,0,<2>作詞・作曲:junky</c>,作詞・作曲:junky
26.267,27.935,-1,0,<2>作詞・作曲:junky編曲:じゃんパイセン</c>,作詞・作曲:junky編曲:じゃんパイセン
27.935,29.57,-1,0,<2>イラスト・アニメーション:篠月しのぶ</c>,イラスト・アニメーション:篠月しのぶ
29.57,31.205,-1,0,<2>イラスト・アニメーション:篠月しのぶ動画:カラサワ</c>,イラスト・アニメーション:篠月しのぶ動画:カラサワ
31.205,34.507,-1,0,<2>歌:角巻わため</c>,歌:角巻わため
35.543,35.743,-1,0,<2>そ</c><1>れはぶあいそうなえがおだったり</c>,そ
35.543,35.743,-1,-1,<2>そ</c><1>れは無愛想な笑顔だったり</c>,そ
35.743,35.943,-1,0,<2>それ</c><1>はぶあいそうなえがおだったり</c>,れ
35.743,35.943,-1,-1,<2>それ</c><1>は無愛想な笑顔だったり</c>,れ
35.943,36.544,-1,0,<2>それは</c><1>ぶあいそうなえがおだったり</c>,は
35.943,36.544,-1,-1,<2>それは</c><1>無愛想な笑顔だったり</c>,は
36.544,36.978,-1,0,<2>それはぶ</c><1>あいそうなえがおだったり</c>,ぶ
36.544,36.978,-1,-1,<2>それは無</c><1>愛想な笑顔だったり</c>,無
36.978,37.411,-1,0,<2>それはぶあ</c><1>いそうなえがおだったり</c>,あ
36.978,37.778,-1,-1,<2>それは無愛</c><1>想な笑顔だったり</c>,愛
37.411,37.778,-1,0,<2>それはぶあい</c><1>そうなえがおだったり</c>,い
37.778,38.179,-1,0,<2>それはぶあいそ</c><1>うなえがおだったり</c>,そ
37.778,38.579,-1,-1,<2>それは無愛想</c><1>な笑顔だったり</c>,想
38.179,38.579,-1,0,<2>それはぶあいそう</c><1>なえがおだったり</c>,う
38.579,39.213,-1,0,<2>それはぶあいそうな</c><1>えがおだったり</c>,な
38.579,39.213,-1,-1,<2>それは無愛想な</c><1>笑顔だったり</c>,な
39.213,39.447,-1,0,<2>それはぶあいそうなえ</c><1>がおだったり</c>,え
39.213,39.447,-1,-1,<2>それは無愛想な笑</c><1>顔だったり</c>,笑
39.447,39.847,-1,0,<2>それはぶあいそうなえが</c><1>おだったり</c>,が
39.447,40.247,-1,-1,<2>それは無愛想な笑顔</c><1>だったり</c>,顔
39.847,40.247,-1,0,<2>それはぶあいそうなえがお</c><1>だったり</c>,お
40.247,40.648,-1,0,<2>それはぶあいそうなえがおだっ</c><1>たり</c>,だっ
40.247,40.648,-1,-1,<2>それは無愛想な笑顔だっ</c><1>たり</c>,だっ
40.648,40.881,-1,0,<2>それはぶあいそうなえがおだった</c><1>り</c>,た
40.648,40.881,-1,-1,<2>それは無愛想な笑顔だった</c><1>り</c>,た
40.881,42.049,-1,0,<2>それはぶあいそうなえがおだったり</c>,り
40.881,42.049,-1,-1,<2>それは無愛想な笑顔だったり</c>,り
42.049,42.316,-1,0,<2>そ</c><1>れはにちようびのひぐれだったり</c>,そ
42.049,42.316,-1,-1,<2>そ</c><1>れは日曜日の日暮れだったり</c>,そ
42.316,42.516,-1,0,<2>それ</c><1>はにちようびのひぐれだったり</c>,れ
42.316,42.516,-1,-1,<2>それ</c><1>は日曜日の日暮れだったり</c>,れ
42.516,43.15,-1,0,<2>それは</c><1>にちようびのひぐれだったり</c>,は
42.516,43.15,-1,-1,<2>それは</c><1>日曜日の日暮れだったり</c>,は
43.15,43.517,-1,0,<2>それはに</c><1>ちようびのひぐれだったり</c>,に
43.15,43.918,-1,-1,<2>それは日</c><1>曜日の日暮れだったり</c>,日
43.517,43.918,-1,0,<2>それはにち</c><1>ようびのひぐれだったり</c>,ち
43.918,44.352,-1,0,<2>それはにちよ</c><1>うびのひぐれだったり</c>,よ
43.918,44.785,-1,-1,<2>それは日曜</c><1>日の日暮れだったり</c>,曜
44.352,44.785,-1,0,<2>それはにちよう</c><1>びのひぐれだったり</c>,う
44.785,44.986,-1,0,<2>それはにちようび</c><1>のひぐれだったり</c>,び
44.785,44.986,-1,-1,<2>それは日曜日</c><1>の日暮れだったり</c>,日
44.986,45.753,-1,0,<2>それはにちようびの</c><1>ひぐれだったり</c>,の
44.986,45.753,-1,-1,<2>それは日曜日の</c><1>日暮れだったり</c>,の
45.753,45.987,-1,0,<2>それはにちようびのひ</c><1>ぐれだったり</c>,ひ
45.753,45.987,-1,-1,<2>それは日曜日の日</c><1>暮れだったり</c>,日
45.987,46.42,-1,0,<2>それはにちようびのひぐ</c><1>れだったり</c>,ぐ
45.987,46.42,-1,-1,<2>それは日曜日の日暮</c><1>れだったり</c>,暮
46.42,46.854,-1,0,<2>それはにちようびのひぐれ</c><1>だったり</c>,れ
46.42,46.854,-1,-1,<2>それは日曜日の日暮れ</c><1>だったり</c>,れ
46.854,47.054,-1,0,<2>それはにちようびのひぐれだ</c><1>ったり</c>,だ
46.854,47.054,-1,-1,<2>それは日曜日の日暮れだ</c><1>ったり</c>,だ
47.054,47.254,-1,0,<2>それはにちようびのひぐれだっ</c><1>たり</c>,っ
47.054,47.254,-1,-1,<2>それは日曜日の日暮れだっ</c><1>たり</c>,っ
47.254,47.488,-1,0,<2>それはにちようびのひぐれだった</c><1>り</c>,た
47.254,47.488,-1,-1,<2>それは日曜日の日暮れだった</c><1>り</c>,た
47.488,48.723,-1,0,<2>それはにちようびのひぐれだったり</c>,り
47.488,48.723,-1,-1,<2>それは日曜日の日暮れだったり</c>,り
48.723,48.923,-1,0,<2>そ</c><1>れはテストばっかのきかんだったり</c>,そ
48.723,48.923,-1,-1,<2>そ</c><1>れはテスト∞の期間だったり</c>,そ
48.923,49.123,-1,0,<2>それ</c><1>はテストばっかのきかんだったり</c>,れ
48.923,49.123,-1,-1,<2>それ</c><1>はテスト∞の期間だったり</c>,れ
49.123,49.69,-1,0,<2>それは</c><1>テストばっかのきかんだったり</c>,は
49.123,49.69,-1,-1,<2>それは</c><1>テスト∞の期間だったり</c>,は
49.69,50.091,-1,0,<2>それはテ</c><1>ストばっかのきかんだったり</c>,テ
49.69,50.091,-1,-1,<2>それはテ</c><1>スト∞の期間だったり</c>,テ
50.091,50.491,-1,0,<2>それはテス</c><1>トばっかのきかんだったり</c>,ス
50.091,50.491,-1,-1,<2>それはテス</c><1>ト∞の期間だったり</c>,ス
50.491,50.925,-1,0,<2>それはテスト</c><1>ばっかのきかんだったり</c>,ト
50.491,50.925,-1,-1,<2>それはテスト</c><1>∞の期間だったり</c>,ト
50.925,51.359,-1,0,<2>それはテストばっ</c><1>かのきかんだったり</c>,ばっ
50.925,51.559,-1,-1,<2>それはテスト∞</c><1>の期間だったり</c>,∞
51.359,51.559,-1,0,<2>それはテストばっか</c><1>のきかんだったり</c>,か
51.559,52.36,-1,0,<2>それはテストばっかの</c><1>きかんだったり</c>,の
51.559,52.36,-1,-1,<2>それはテスト∞の</c><1>期間だったり</c>,の
52.36,52.56,-1,0,<2>それはテストばっかのき</c><1>かんだったり</c>,き
52.36,52.56,-1,-1,<2>それはテスト∞の期</c><1>間だったり</c>,期
52.56,52.994,-1,0,<2>それはテストばっかのきか</c><1>んだったり</c>,か
52.56,53.394,-1,-1,<2>それはテスト∞の期間</c><1>だったり</c>,間
52.994,53.394,-1,0,<2>それはテストばっかのきかん</c><1>だったり</c>,ん
53.394,53.828,-1,0,<2>それはテストばっかのきかんだっ</c><1>たり</c>,だっ
53.394,53.828,-1,-1,<2>それはテスト∞の期間だっ</c><1>たり</c>,だっ
53.828,54.028,-1,0,<2>それはテストばっかのきかんだった</c><1>り</c>,た
53.828,54.028,-1,-1,<2>それはテスト∞の期間だった</c><1>り</c>,た
54.028,55.229,-1,0,<2>それはテストばっかのきかんだったり</c>,り
54.028,55.229,-1,-1,<2>それはテスト∞の期間だったり</c>,り
55.229,55.429,-1,0,<2>そ</c><1>れはきみとゆうなのメランコリンニスト。</c>,そ
55.229,55.429,-1,-1,<2>そ</c><1>れはきみとゆう名のメランコリンニスト。</c>,そ
55.429,55.663,-1,0,<2>それ</c><1>はきみとゆうなのメランコリンニスト。</c>,れ
55.429,55.663,-1,-1,<2>それ</c><1>はきみとゆう名のメランコリンニスト。</c>,れ
55.663,56.263,-1,0,<2>それは</c><1>きみとゆうなのメランコリンニスト。</c>,は
55.663,56.263,-1,-1,<2>それは</c><1>きみとゆう名のメランコリンニスト。</c>,は
56.263,56.697,-1,0,<2>それはき</c><1>みとゆうなのメランコリンニスト。</c>,き
56.263,56.697,-1,-1,<2>それはき</c><1>みとゆう名のメランコリンニスト。</c>,き
56.697,57.098,-1,0,<2>それはきみ</c><1>とゆうなのメランコリンニスト。</c>,み
56.697,57.098,-1,-1,<2>それはきみ</c><1>とゆう名のメランコリンニスト。</c>,み
57.098,57.531,-1,0,<2>それはきみと</c><1>ゆうなのメランコリンニスト。</c>,と
57.098,57.531,-1,-1,<2>それはきみと</c><1>ゆう名のメランコリンニスト。</c>,と
57.531,57.732,-1,0,<2>それはきみとゆ</c><1>うなのメランコリンニスト。</c>,ゆ
57.531,57.732,-1,-1,<2>それはきみとゆ</c><1>う名のメランコリンニスト。</c>,ゆ
57.732,57.898,-1,0,<2>それはきみとゆう</c><1>なのメランコリンニスト。</c>,う
57.732,57.898,-1,-1,<2>それはきみとゆう</c><1>名のメランコリンニスト。</c>,う
57.898,58.132,-1,0,<2>それはきみとゆうな</c><1>のメランコリンニスト。</c>,な
57.898,58.132,-1,-1,<2>それはきみとゆう名</c><1>のメランコリンニスト。</c>,名
58.132,59.0,-1,0,<2>それはきみとゆうなの</c><1>メランコリンニスト。</c>,の
58.132,59.0,-1,-1,<2>それはきみとゆう名の</c><1>メランコリンニスト。</c>,の
59.0,59.166,-1,0,<2>それはきみとゆうなのメ</c><1>ランコリンニスト。</c>,メ
59.0,59.166,-1,-1,<2>それはきみとゆう名のメ</c><1>ランコリンニスト。</c>,メ
59.166,59.367,-1,0,<2>それはきみとゆうなのメラ</c><1>ンコリンニスト。</c>,ラ
59.166,59.367,-1,-1,<2>それはきみとゆう名のメラ</c><1>ンコリンニスト。</c>,ラ
59.367,59.567,-1,0,<2>それはきみとゆうなのメラン</c><1>コリンニスト。</c>,ン
59.367,59.567,-1,-1,<2>それはきみとゆう名のメラン</c><1>コリンニスト。</c>,ン
59.567,60.001,-1,0,<2>それはきみとゆうなのメランコ</c><1>リンニスト。</c>,コ
59.567,60.001,-1,-1,<2>それはきみとゆう名のメランコ</c><1>リンニスト。</c>,コ
60.001,60.167,-1,0,<2>それはきみとゆうなのメランコリン</c><1>ニスト。</c>,リン
60.001,60.167,-1,-1,<2>それはきみとゆう名のメランコリン</c><1>ニスト。</c>,リン
60.167,60.434,-1,0,<2>それはきみとゆうなのメランコリンニ</c><1>スト。</c>,ニ
60.167,60.434,-1,-1,<2>それはきみとゆう名のメランコリンニ</c><1>スト。</c>,ニ
60.434,60.601,-1,0,<2>それはきみとゆうなのメランコリンニス</c><1>ト。</c>,ス
60.434,60.601,-1,-1,<2>それはきみとゆう名のメランコリンニス</c><1>ト。</c>,ス
60.601,61.2,-1,0,<2>それはきみとゆうなのメランコリンニスト。</c>,ト。
60.601,61.2,-1,-1,<2>それはきみとゆう名のメランコリンニスト。</c>,ト。
61.802,62.003,-1,0,<2>て</c><1>あたりしだいつよきでぶつかっても</c>,て
61.802,62.003,-1,-1,<2>手</c><1>当たり次第強気でぶつかっても</c>,手
62.003,62.236,-1,0,<2>てあ</c><1>たりしだいつよきでぶつかっても</c>,あ
62.003,62.236,-1,-1,<2>手当</c><1>たり次第強気でぶつかっても</c>,当
62.236,62.336,-1,0,<2>てあた</c><1>りしだいつよきでぶつかっても</c>,た
62.236,62.336,-1,-1,<2>手当た</c><1>り次第強気でぶつかっても</c>,た
62.336,62.47,-1,0,<2>てあたり</c><1>しだいつよきでぶつかっても</c>,り
62.336,62.47,-1,-1,<2>手当たり</c><1>次第強気でぶつかっても</c>,り
62.47,62.67,-1,0,<2>てあたりし</c><1>だいつよきでぶつかっても</c>,し
62.47,62.67,-1,-1,<2>手当たり次</c><1>第強気でぶつかっても</c>,次
62.67,62.803,-1,0,<2>てあたりしだ</c><1>いつよきでぶつかっても</c>,だ
62.67,62.87,-1,-1,<2>手当たり次第</c><1>強気でぶつかっても</c>,第
62.803,62.87,-1,0,<2>てあたりしだい</c><1>つよきでぶつかっても</c>,い
62.87,62.97,-1,0,<2>てあたりしだいつ</c><1>よきでぶつかっても</c>,つ
62.87,63.07,-1,-1,<2>手当たり次第強</c><1>気でぶつかっても</c>,強
62.97,63.07,-1,0,<2>てあたりしだいつよ</c><1>きでぶつかっても</c>,よ
63.07,63.17,-1,0,<2>てあたりしだいつよき</c><1>でぶつかっても</c>,き
63.07,63.17,-1,-1,<2>手当たり次第強気</c><1>でぶつかっても</c>,気
63.17,63.27,-1,0,<2>てあたりしだいつよきで</c><1>ぶつかっても</c>,で
63.17,63.27,-1,-1,<2>手当たり次第強気で</c><1>ぶつかっても</c>,で
63.27,63.371,-1,0,<2>てあたりしだいつよきでぶ</c><1>つかっても</c>,ぶ
63.27,63.371,-1,-1,<2>手当たり次第強気でぶ</c><1>つかっても</c>,ぶ
63.371,63.471,-1,0,<2>てあたりしだいつよきでぶつ</c><1>かっても</c>,つ
63.371,63.471,-1,-1,<2>手当たり次第強気でぶつ</c><1>かっても</c>,つ
63.471,63.871,-1,0,<2>てあたりしだいつよきでぶつかっ</c><1>ても</c>,かっ
63.471,63.871,-1,-1,<2>手当たり次第強気でぶつかっ</c><1>ても</c>,かっ
63.871,64.005,-1,0,<2>てあたりしだいつよきでぶつかって</c><1>も</c>,て
63.871,64.005,-1,-1,<2>手当たり次第強気でぶつかって</c><1>も</c>,て
64.005,64.105,-1,0,<2>てあたりしだいつよきでぶつかっても</c>,も
64.005,64.105,-1,-1,<2>手当たり次第強気でぶつかっても</c>,も
64.105,64.271,-1,0,<2>なん</c><1>にもてにはのこらないっておもいこんでる</c>,なん
64.105,64.271,-1,-1,<2>なん</c><1>にも手には残らないって思い込んでる</c>,なん
64.271,64.372,-1,0,<2>なんに</c><1>もてにはのこらないっておもいこんでる</c>,に
64.271,64.372,-1,-1,<2>なんに</c><1>も手には残らないって思い込んでる</c>,に
64.372,64.505,-1,0,<2>なんにも</c><1>てにはのこらないっておもいこんでる</c>,も
64.372,64.505,-1,-1,<2>なんにも</c><1>手には残らないって思い込んでる</c>,も
64.505,64.739,-1,0,<2>なんにもて</c><1>にはのこらないっておもいこんでる</c>,て
64.505,64.739,-1,-1,<2>なんにも手</c><1>には残らないって思い込んでる</c>,手
64.739,64.805,-1,0,<2>なんにもてに</c><1>はのこらないっておもいこんでる</c>,に
64.739,64.805,-1,-1,<2>なんにも手に</c><1>は残らないって思い込んでる</c>,に
64.805,64.905,-1,0,<2>なんにもてには</c><1>のこらないっておもいこんでる</c>,は
64.805,64.905,-1,-1,<2>なんにも手には</c><1>残らないって思い込んでる</c>,は
64.905,65.006,-1,0,<2>なんにもてにはの</c><1>こらないっておもいこんでる</c>,の
64.905,65.106,-1,-1,<2>なんにも手には残</c><1>らないって思い込んでる</c>,残
65.006,65.106,-1,0,<2>なんにもてにはのこ</c><1>らないっておもいこんでる</c>,こ
65.106,65.239,-1,0,<2>なんにもてにはのこら</c><1>ないっておもいこんでる</c>,ら
65.106,65.239,-1,-1,<2>なんにも手には残ら</c><1>ないって思い込んでる</c>,ら
65.239,65.339,-1,0,<2>なんにもてにはのこらな</c><1>いっておもいこんでる</c>,な
65.239,65.339,-1,-1,<2>なんにも手には残らな</c><1>いって思い込んでる</c>,な
65.339,65.539,-1,0,<2>なんにもてにはのこらないっ</c><1>ておもいこんでる</c>,いっ
65.339,65.539,-1,-1,<2>なんにも手には残らないっ</c><1>て思い込んでる</c>,いっ
65.539,65.639,-1,0,<2>なんにもてにはのこらないって</c><1>おもいこんでる</c>,て
65.539,65.639,-1,-1,<2>なんにも手には残らないって</c><1>思い込んでる</c>,て
65.639,65.773,-1,0,<2>なんにもてにはのこらないってお</c><1>もいこんでる</c>,お
65.639,66.307,-1,-1,<2>なんにも手には残らないって思</c><1>い込んでる</c>,思
65.773,66.307,-1,0,<2>なんにもてにはのこらないっておも</c><1>いこんでる</c>,も
66.307,66.574,-1,0,<2>なんにもてにはのこらないっておもい</c><1>こんでる</c>,い
66.307,66.574,-1,-1,<2>なんにも手には残らないって思い</c><1>込んでる</c>,い
66.574,66.807,-1,0,<2>なんにもてにはのこらないっておもいこ</c><1>んでる</c>,こ
66.574,66.807,-1,-1,<2>なんにも手には残らないって思い込</c><1>んでる</c>,込
66.807,67.174,-1,0,<2>なんにもてにはのこらないっておもいこん</c><1>でる</c>,ん
66.807,67.174,-1,-1,<2>なんにも手には残らないって思い込ん</c><1>でる</c>,ん
67.174,67.408,-1,0,<2>なんにもてにはのこらないっておもいこんで</c><1>る</c>,で
67.174,67.408,-1,-1,<2>なんにも手には残らないって思い込んで</c><1>る</c>,で
67.408,69.01,-1,0,<2>なんにもてにはのこらないっておもいこんでる</c>,る
67.408,69.01,-1,-1,<2>なんにも手には残らないって思い込んでる</c>,る
69.01,69.31,-1,0,<2>ちょっ</c><1>とぐらいのゆうきにだって</c>,ちょっ
69.01,69.31,-1,-1,<2>ちょっ</c><1>とぐらいの勇気にだって</c>,ちょっ
69.31,69.41,-1,0,<2>ちょっと</c><1>ぐらいのゆうきにだって</c>,と
69.31,69.41,-1,-1,<2>ちょっと</c><1>ぐらいの勇気にだって</c>,と
69.41,69.477,-1,0,<2>ちょっとぐ</c><1>らいのゆうきにだって</c>,ぐ
69.41,69.477,-1,-1,<2>ちょっとぐ</c><1>らいの勇気にだって</c>,ぐ
69.477,69.577,-1,0,<2>ちょっとぐら</c><1>いのゆうきにだって</c>,ら
69.477,69.577,-1,-1,<2>ちょっとぐら</c><1>いの勇気にだって</c>,ら
69.577,69.677,-1,0,<2>ちょっとぐらい</c><1>のゆうきにだって</c>,い
69.577,69.677,-1,-1,<2>ちょっとぐらい</c><1>の勇気にだって</c>,い
69.677,69.844,-1,0,<2>ちょっとぐらいの</c><1>ゆうきにだって</c>,の
69.677,69.844,-1,-1,<2>ちょっとぐらいの</c><1>勇気にだって</c>,の
69.844,69.944,-1,0,<2>ちょっとぐらいのゆ</c><1>うきにだって</c>,ゆ
69.844,70.077,-1,-1,<2>ちょっとぐらいの勇</c><1>気にだって</c>,勇
69.944,70.077,-1,0,<2>ちょっとぐらいのゆう</c><1>きにだって</c>,う
70.077,70.177,-1,0,<2>ちょっとぐらいのゆうき</c><1>にだって</c>,き
70.077,70.177,-1,-1,<2>ちょっとぐらいの勇気</c><1>にだって</c>,気
70.177,70.277,-1,0,<2>ちょっとぐらいのゆうきに</c><1>だって</c>,に
70.177,70.277,-1,-1,<2>ちょっとぐらいの勇気に</c><1>だって</c>,に
70.277,70.478,-1,0,<2>ちょっとぐらいのゆうきにだっ</c><1>て</c>,だっ
70.277,70.478,-1,-1,<2>ちょっとぐらいの勇気にだっ</c><1>て</c>,だっ
70.478,70.644,-1,0,<2>ちょっとぐらいのゆうきにだって</c>,て
70.478,70.644,-1,-1,<2>ちょっとぐらいの勇気にだって</c>,て
70.644,70.845,-1,0,<2>ちっ</c><1>ちゃくなってふさぎこんでる</c>,ちっ
70.644,70.845,-1,-1,<2>ちっ</c><1>ちゃくなって塞ぎこんでる</c>,ちっ
70.845,71.012,-1,0,<2>ちっちゃ</c><1>くなってふさぎこんでる</c>,ちゃ
70.845,71.012,-1,-1,<2>ちっちゃ</c><1>くなって塞ぎこんでる</c>,ちゃ
71.012,71.078,-1,0,<2>ちっちゃく</c><1>なってふさぎこんでる</c>,く
71.012,71.078,-1,-1,<2>ちっちゃく</c><1>なって塞ぎこんでる</c>,く
71.078,71.278,-1,0,<2>ちっちゃくなっ</c><1>てふさぎこんでる</c>,なっ
71.078,71.278,-1,-1,<2>ちっちゃくなっ</c><1>て塞ぎこんでる</c>,なっ
71.278,71.379,-1,0,<2>ちっちゃくなって</c><1>ふさぎこんでる</c>,て
71.278,71.379,-1,-1,<2>ちっちゃくなって</c><1>塞ぎこんでる</c>,て
71.379,71.479,-1,0,<2>ちっちゃくなってふ</c><1>さぎこんでる</c>,ふ
71.379,71.679,-1,-1,<2>ちっちゃくなって塞</c><1>ぎこんでる</c>,塞
71.479,71.679,-1,0,<2>ちっちゃくなってふさ</c><1>ぎこんでる</c>,さ
71.679,71.812,-1,0,<2>ちっちゃくなってふさぎ</c><1>こんでる</c>,ぎ
71.679,71.812,-1,-1,<2>ちっちゃくなって塞ぎ</c><1>こんでる</c>,ぎ
71.812,71.879,-1,0,<2>ちっちゃくなってふさぎこ</c><1>んでる</c>,こ
71.812,71.879,-1,-1,<2>ちっちゃくなって塞ぎこ</c><1>んでる</c>,こ
71.879,72.113,-1,0,<2>ちっちゃくなってふさぎこん</c><1>でる</c>,ん
71.879,72.113,-1,-1,<2>ちっちゃくなって塞ぎこん</c><1>でる</c>,ん
72.113,72.246,-1,0,<2>ちっちゃくなってふさぎこんで</c><1>る</c>,で
72.113,72.246,-1,-1,<2>ちっちゃくなって塞ぎこんで</c><1>る</c>,で
72.246,72.38,-1,0,<2>ちっちゃくなってふさぎこんでる</c>,る
72.246,72.38,-1,-1,<2>ちっちゃくなって塞ぎこんでる</c>,る
72.38,72.68,-1,0,<2>わ</c><1>たしだから</c>,わ
72.38,72.68,-1,-1,<2>わ</c><1>たしだから</c>,わ
72.68,72.98,-1,0,<2>わた</c><1>しだから</c>,た
72.68,72.98,-1,-1,<2>わた</c><1>しだから</c>,た
72.98,73.147,-1,0,<2>わたし</c><1>だから</c>,し
72.98,73.147,-1,-1,<2>わたし</c><1>だから</c>,し
73.147,73.748,-1,0,<2>わたしだ</c><1>から</c>,だ
73.147,73.748,-1,-1,<2>わたしだ</c><1>から</c>,だ
73.748,73.948,-1,0,<2>わたしだか</c><1>ら</c>,か
73.748,73.948,-1,-1,<2>わたしだか</c><1>ら</c>,か
73.948,75.181,-1,0,<2>わたしだから</c>,ら
73.948,75.181,-1,-1,<2>わたしだから</c>,ら
75.616,76.017,-1,0,<2>ぜん</c><1>ぜんつかめないきみのこと</c>,ぜん
75.616,76.017,-1,-1,<2>全</c><1>然つかめないきみのこと</c>,全
76.017,76.417,-1,0,<2>ぜんぜん</c><1>つかめないきみのこと</c>,ぜん
76.017,76.417,-1,-1,<2>全然</c><1>つかめないきみのこと</c>,然
76.417,76.65,-1,0,<2>ぜんぜんつ</c><1>かめないきみのこと</c>,つ
76.417,76.65,-1,-1,<2>全然つ</c><1>かめないきみのこと</c>,つ
76.65,76.851,-1,0,<2>ぜんぜんつか</c><1>めないきみのこと</c>,か
76.65,76.851,-1,-1,<2>全然つか</c><1>めないきみのこと</c>,か
76.851,77.018,-1,0,<2>ぜんぜんつかめ</c><1>ないきみのこと</c>,め
76.851,77.018,-1,-1,<2>全然つかめ</c><1>ないきみのこと</c>,め
77.018,77.451,-1,0,<2>ぜんぜんつかめない</c><1>きみのこと</c>,ない
77.018,77.451,-1,-1,<2>全然つかめない</c><1>きみのこと</c>,ない
77.451,77.852,-1,0,<2>ぜんぜんつかめないき</c><1>みのこと</c>,き
77.451,77.852,-1,-1,<2>全然つかめないき</c><1>みのこと</c>,き
77.852,78.085,-1,0,<2>ぜんぜんつかめないきみ</c><1>のこと</c>,み
77.852,78.085,-1,-1,<2>全然つかめないきみ</c><1>のこと</c>,み
78.085,78.452,-1,0,<2>ぜんぜんつかめないきみの</c><1>こと</c>,の
78.085,78.452,-1,-1,<2>全然つかめないきみの</c><1>こと</c>,の
78.452,78.686,-1,0,<2>ぜんぜんつかめないきみのこ</c><1>と</c>,こ
78.452,78.686,-1,-1,<2>全然つかめないきみのこ</c><1>と</c>,こ
78.686,78.886,-1,0,<2>ぜんぜんつかめないきみのこと</c>,と
78.686,78.886,-1,-1,<2>全然つかめないきみのこと</c>,と
78.886,79.286,-1,0,<2>ぜん</c><1>ぜんしらないうちに</c>,ぜん
78.886,79.286,-1,-1,<2>全</c><1>然しらないうちに</c>,全
79.286,79.687,-1,0,<2>ぜんぜん</c><1>しらないうちに</c>,ぜん
79.286,79.687,-1,-1,<2>全然</c><1>しらないうちに</c>,然
79.687,79.887,-1,0,<2>ぜんぜんし</c><1>らないうちに</c>,し
79.687,79.887,-1,-1,<2>全然し</c><1>らないうちに</c>,し
79.887,80.087,-1,0,<2>ぜんぜんしら</c><1>ないうちに</c>,ら
79.887,80.087,-1,-1,<2>全然しら</c><1>ないうちに</c>,ら
80.087,80.287,-1,0,<2>ぜんぜんしらな</c><1>いうちに</c>,な
80.087,80.287,-1,-1,<2>全然しらな</c><1>いうちに</c>,な
80.287,80.755,-1,0,<2>ぜんぜんしらない</c><1>うちに</c>,い
80.287,80.755,-1,-1,<2>全然しらない</c><1>うちに</c>,い
80.755,80.921,-1,0,<2>ぜんぜんしらないう</c><1>ちに</c>,う
80.755,80.921,-1,-1,<2>全然しらないう</c><1>ちに</c>,う
80.921,81.122,-1,0,<2>ぜんぜんしらないうち</c><1>に</c>,ち
80.921,81.122,-1,-1,<2>全然しらないうち</c><1>に</c>,ち
81.122,81.756,-1,0,<2>ぜんぜんしらないうちに</c>,に
81.122,81.756,-1,-1,<2>全然しらないうちに</c>,に
81.756,82.189,-1,0,<2>yeah!</c>,yeah!
81.756,82.189,-1,-1,<2>yeah!</c>,yeah!
82.189,82.423,-1,0,<2>コ</c><1>コロうばわれるなんてこと</c>,コ
82.189,82.423,-1,-1,<2>コ</c><1>コロ奪われるなんてこと</c>,コ
82.423,82.59,-1,0,<2>ココ</c><1>ロうばわれるなんてこと</c>,コ
82.423,82.59,-1,-1,<2>ココ</c><1>ロ奪われるなんてこと</c>,コ
82.59,82.79,-1,0,<2>ココロ</c><1>うばわれるなんてこと</c>,ロ
82.59,82.79,-1,-1,<2>ココロ</c><1>奪われるなんてこと</c>,ロ
82.79,83.024,-1,0,<2>ココロう</c><1>ばわれるなんてこと</c>,う
82.79,83.224,-1,-1,<2>ココロ奪</c><1>われるなんてこと</c>,奪
83.024,83.224,-1,0,<2>ココロうば</c><1>われるなんてこと</c>,ば
83.224,83.424,-1,0,<2>ココロうばわ</c><1>れるなんてこと</c>,わ
83.224,83.424,-1,-1,<2>ココロ奪わ</c><1>れるなんてこと</c>,わ
83.424,83.624,-1,0,<2>ココロうばわれ</c><1>るなんてこと</c>,れ
83.424,83.624,-1,-1,<2>ココロ奪われ</c><1>るなんてこと</c>,れ
83.624,84.025,-1,0,<2>ココロうばわれる</c><1>なんてこと</c>,る
83.624,84.025,-1,-1,<2>ココロ奪われる</c><1>なんてこと</c>,る
84.025,84.458,-1,0,<2>ココロうばわれるな</c><1>んてこと</c>,な
84.025,84.458,-1,-1,<2>ココロ奪われるな</c><1>んてこと</c>,な
84.458,84.658,-1,0,<2>ココロうばわれるなん</c><1>てこと</c>,ん
84.458,84.658,-1,-1,<2>ココロ奪われるなん</c><1>てこと</c>,ん
84.658,85.026,-1,0,<2>ココロうばわれるなんて</c><1>こと</c>,て
84.658,85.026,-1,-1,<2>ココロ奪われるなんて</c><1>こと</c>,て
85.026,85.259,-1,0,<2>ココロうばわれるなんてこ</c><1>と</c>,こ
85.026,85.259,-1,-1,<2>ココロ奪われるなんてこ</c><1>と</c>,こ
85.259,85.459,-1,0,<2>ココロうばわれるなんてこと</c>,と
85.259,85.459,-1,-1,<2>ココロ奪われるなんてこと</c>,と
85.459,85.893,-1,0,<2>あ</c><1>るはずないでしょ</c>,あ
85.459,85.893,-1,-1,<2>あ</c><1>るはずないでしょ</c>,あ
85.893,86.293,-1,0,<2>ある</c><1>はずないでしょ</c>,る
85.893,86.293,-1,-1,<2>ある</c><1>はずないでしょ</c>,る
86.293,86.694,-1,0,<2>あるは</c><1>ずないでしょ</c>,は
86.293,86.694,-1,-1,<2>あるは</c><1>ずないでしょ</c>,は
86.694,87.094,-1,0,<2>あるはず</c><1>ないでしょ</c>,ず
86.694,87.094,-1,-1,<2>あるはず</c><1>ないでしょ</c>,ず
87.094,87.728,-1,0,<2>あるはずない</c><1>でしょ</c>,ない
87.094,87.728,-1,-1,<2>あるはずない</c><1>でしょ</c>,ない
87.728,87.928,-1,0,<2>あるはずないで</c><1>しょ</c>,で
87.728,87.928,-1,-1,<2>あるはずないで</c><1>しょ</c>,で
87.928,88.729,-1,0,<2>あるはずないでしょ</c>,しょ
87.928,88.729,-1,-1,<2>あるはずないでしょ</c>,しょ
88.729,89.13,-1,0,<2>ぜん</c><1>ぜんきづかないきみなんて</c>,ぜん
88.729,89.13,-1,-1,<2>全</c><1>然気づかないきみなんて</c>,全
89.13,89.53,-1,0,<2>ぜんぜん</c><1>きづかないきみなんて</c>,ぜん
89.13,89.53,-1,-1,<2>全然</c><1>気づかないきみなんて</c>,然
89.53,89.764,-1,0,<2>ぜんぜんき</c><1>づかないきみなんて</c>,き
89.53,89.764,-1,-1,<2>全然気</c><1>づかないきみなんて</c>,気
89.764,89.964,-1,0,<2>ぜんぜんきづ</c><1>かないきみなんて</c>,づ
89.764,89.964,-1,-1,<2>全然気づ</c><1>かないきみなんて</c>,づ
89.964,90.164,-1,0,<2>ぜんぜんきづか</c><1>ないきみなんて</c>,か
89.964,90.164,-1,-1,<2>全然気づか</c><1>ないきみなんて</c>,か
90.164,90.564,-1,0,<2>ぜんぜんきづかない</c><1>きみなんて</c>,ない
90.164,90.564,-1,-1,<2>全然気づかない</c><1>きみなんて</c>,ない
90.564,90.998,-1,0,<2>ぜんぜんきづかないき</c><1>みなんて</c>,き
90.564,90.998,-1,-1,<2>全然気づかないき</c><1>みなんて</c>,き
90.998,91.165,-1,0,<2>ぜんぜんきづかないきみ</c><1>なんて</c>,み
90.998,91.165,-1,-1,<2>全然気づかないきみ</c><1>なんて</c>,み
91.165,91.599,-1,0,<2>ぜんぜんきづかないきみな</c><1>んて</c>,な
91.165,91.599,-1,-1,<2>全然気づかないきみな</c><1>んて</c>,な
91.599,91.799,-1,0,<2>ぜんぜんきづかないきみなん</c><1>て</c>,ん
91.599,91.799,-1,-1,<2>全然気づかないきみなん</c><1>て</c>,ん
91.799,92.033,-1,0,<2>ぜんぜんきづかないきみなんて</c>,て
91.799,92.033,-1,-1,<2>全然気づかないきみなんて</c>,て
92.033,92.466,-1,0,<2>ぜん</c><1>ぜんしらないしらないもん</c>,ぜん
92.033,92.466,-1,-1,<2>全</c><1>然知らない×知らないもん</c>,全
92.466,92.867,-1,0,<2>ぜんぜん</c><1>しらないしらないもん</c>,ぜん
92.466,92.867,-1,-1,<2>全然</c><1>知らない×知らないもん</c>,然
92.867,93.1,-1,0,<2>ぜんぜんし</c><1>らないしらないもん</c>,し
92.867,93.1,-1,-1,<2>全然知</c><1>らない×知らないもん</c>,知
93.1,93.3,-1,0,<2>ぜんぜんしら</c><1>ないしらないもん</c>,ら
93.1,93.3,-1,-1,<2>全然知ら</c><1>ない×知らないもん</c>,ら
93.3,93.467,-1,0,<2>ぜんぜんしらな</c><1>いしらないもん</c>,な
93.3,93.467,-1,-1,<2>全然知らな</c><1>い×知らないもん</c>,な
93.467,93.868,-1,0,<2>ぜんぜんしらない</c><1>しらないもん</c>,い
93.467,93.868,-1,-1,<2>全然知らない×</c><1>知らないもん</c>,い×
93.868,94.101,-1,0,<2>ぜんぜんしらないし</c><1>らないもん</c>,し
93.868,94.101,-1,-1,<2>全然知らない×知</c><1>らないもん</c>,知
94.101,94.301,-1,0,<2>ぜんぜんしらないしら</c><1>ないもん</c>,ら
94.101,94.301,-1,-1,<2>全然知らない×知ら</c><1>ないもん</c>,ら
94.301,94.735,-1,0,<2>ぜんぜんしらないしらな</c><1>いもん</c>,な
94.301,94.735,-1,-1,<2>全然知らない×知らな</c><1>いもん</c>,な
94.735,94.935,-1,0,<2>ぜんぜんしらないしらない</c><1>もん</c>,い
94.735,94.935,-1,-1,<2>全然知らない×知らない</c><1>もん</c>,い
94.935,95.202,-1,0,<2>ぜんぜんしらないしらないも</c><1>ん</c>,も
94.935,95.202,-1,-1,<2>全然知らない×知らないも</c><1>ん</c>,も
95.202,95.336,-1,0,<2>ぜんぜんしらないしらないもん</c>,ん
95.202,95.336,-1,-1,<2>全然知らない×知らないもん</c>,ん
95.336,95.736,-1,0,<2>「ねぇ</c><1>ねぇ」じゃないわこのえがお</c>,「ねぇ
95.336,95.736,-1,-1,<2>「ねぇ</c><1>ねぇ」じゃないわこの笑顔</c>,「ねぇ
95.736,96.137,-1,0,<2>「ねぇねぇ」</c><1>じゃないわこのえがお</c>,ねぇ」
95.736,96.137,-1,-1,<2>「ねぇねぇ」</c><1>じゃないわこの笑顔</c>,ねぇ」
96.137,96.337,-1,0,<2>「ねぇねぇ」じゃ</c><1>ないわこのえがお</c>,じゃ
96.137,96.337,-1,-1,<2>「ねぇねぇ」じゃ</c><1>ないわこの笑顔</c>,じゃ
96.337,96.537,-1,0,<2>「ねぇねぇ」じゃな</c><1>いわこのえがお</c>,な
96.337,96.537,-1,-1,<2>「ねぇねぇ」じゃな</c><1>いわこの笑顔</c>,な
96.537,96.737,-1,0,<2>「ねぇねぇ」じゃない</c><1>わこのえがお</c>,い
96.537,96.737,-1,-1,<2>「ねぇねぇ」じゃない</c><1>わこの笑顔</c>,い
96.737,97.171,-1,0,<2>「ねぇねぇ」じゃないわ</c><1>このえがお</c>,わ
96.737,97.171,-1,-1,<2>「ねぇねぇ」じゃないわ</c><1>この笑顔</c>,わ
97.171,97.571,-1,0,<2>「ねぇねぇ」じゃないわこ</c><1>のえがお</c>,こ
97.171,97.571,-1,-1,<2>「ねぇねぇ」じゃないわこ</c><1>の笑顔</c>,こ
97.571,97.772,-1,0,<2>「ねぇねぇ」じゃないわこの</c><1>えがお</c>,の
97.571,97.772,-1,-1,<2>「ねぇねぇ」じゃないわこの</c><1>笑顔</c>,の
97.772,98.172,-1,0,<2>「ねぇねぇ」じゃないわこのえ</c><1>がお</c>,え
97.772,98.172,-1,-1,<2>「ねぇねぇ」じゃないわこの笑</c><1>顔</c>,笑
98.172,98.406,-1,0,<2>「ねぇねぇ」じゃないわこのえが</c><1>お</c>,が
98.172,98.606,-1,-1,<2>「ねぇねぇ」じゃないわこの笑顔</c>,顔
98.406,98.606,-1,0,<2>「ねぇねぇ」じゃないわこのえがお</c>,お
98.606,99.006,-1,0,<2>ま</c><1>たねむれないでしょ</c>,ま
98.606,99.006,-1,-1,<2>ま</c><1>た眠れないでしょ</c>,ま
99.006,99.44,-1,0,<2>また</c><1>ねむれないでしょ</c>,た
99.006,99.44,-1,-1,<2>また</c><1>眠れないでしょ</c>,た
99.44,99.74,-1,0,<2>またね</c><1>むれないでしょ</c>,ね
99.44,99.84,-1,-1,<2>また眠</c><1>れないでしょ</c>,眠
99.74,99.84,-1,0,<2>またねむ</c><1>れないでしょ</c>,む
99.84,100.241,-1,0,<2>またねむれ</c><1>ないでしょ</c>,れ
99.84,100.241,-1,-1,<2>また眠れ</c><1>ないでしょ</c>,れ
100.241,100.674,-1,0,<2>またねむれな</c><1>いでしょ</c>,な
100.241,100.674,-1,-1,<2>また眠れな</c><1>いでしょ</c>,な
100.674,100.841,-1,0,<2>またねむれない</c><1>でしょ</c>,い
100.674,100.841,-1,-1,<2>また眠れない</c><1>でしょ</c>,い
100.841,101.042,-1,0,<2>またねむれないで</c><1>しょ</c>,で
100.841,101.042,-1,-1,<2>また眠れないで</c><1>しょ</c>,で
101.042,101.908,-1,0,<2>またねむれないでしょ</c>,しょ
101.042,101.908,-1,-1,<2>また眠れないでしょ</c>,しょ
115.456,115.723,-1,0,<2>あ</c><1>したもおんなじわたしがいるのかな</c>,あ
115.456,116.49,-1,-1,<2>明日</c><1>もおんなじわたしがいるのかな</c>,明日
115.723,116.057,-1,0,<2>あし</c><1>たもおんなじわたしがいるのかな</c>,し
116.057,116.49,-1,0,<2>あした</c><1>もおんなじわたしがいるのかな</c>,た
116.49,117.124,-1,0,<2>あしたも</c><1>おんなじわたしがいるのかな</c>,も
116.49,117.124,-1,-1,<2>明日も</c><1>おんなじわたしがいるのかな</c>,も
117.124,117.291,-1,0,<2>あしたもお</c><1>んなじわたしがいるのかな</c>,お
117.124,117.291,-1,-1,<2>明日もお</c><1>んなじわたしがいるのかな</c>,お
117.291,117.725,-1,0,<2>あしたもおん</c><1>なじわたしがいるのかな</c>,ん
117.291,117.725,-1,-1,<2>明日もおん</c><1>なじわたしがいるのかな</c>,ん
117.725,118.125,-1,0,<2>あしたもおんな</c><1>じわたしがいるのかな</c>,な
117.725,118.125,-1,-1,<2>明日もおんな</c><1>じわたしがいるのかな</c>,な
118.125,118.726,-1,0,<2>あしたもおんなじ</c><1>わたしがいるのかな</c>,じ
118.125,118.726,-1,-1,<2>明日もおんなじ</c><1>わたしがいるのかな</c>,じ
118.726,118.959,-1,0,<2>あしたもおんなじわ</c><1>たしがいるのかな</c>,わ
118.726,118.959,-1,-1,<2>明日もおんなじわ</c><1>たしがいるのかな</c>,わ
118.959,119.393,-1,0,<2>あしたもおんなじわた</c><1>しがいるのかな</c>,た
118.959,119.393,-1,-1,<2>明日もおんなじわた</c><1>しがいるのかな</c>,た
119.393,119.794,-1,0,<2>あしたもおんなじわたし</c><1>がいるのかな</c>,し
119.393,119.794,-1,-1,<2>明日もおんなじわたし</c><1>がいるのかな</c>,し
119.794,120.394,-1,0,<2>あしたもおんなじわたしが</c><1>いるのかな</c>,が
119.794,120.394,-1,-1,<2>明日もおんなじわたしが</c><1>いるのかな</c>,が
120.394,120.594,-1,0,<2>あしたもおんなじわたしがい</c><1>るのかな</c>,い
120.394,120.594,-1,-1,<2>明日もおんなじわたしがい</c><1>るのかな</c>,い
120.594,120.995,-1,0,<2>あしたもおんなじわたしがいる</c><1>のかな</c>,る
120.594,120.995,-1,-1,<2>明日もおんなじわたしがいる</c><1>のかな</c>,る
120.995,121.195,-1,0,<2>あしたもおんなじわたしがいるの</c><1>かな</c>,の
120.995,121.195,-1,-1,<2>明日もおんなじわたしがいるの</c><1>かな</c>,の
121.195,121.395,-1,0,<2>あしたもおんなじわたしがいるのか</c><1>な</c>,か
121.195,121.395,-1,-1,<2>明日もおんなじわたしがいるのか</c><1>な</c>,か
121.395,121.962,-1,0,<2>あしたもおんなじわたしがいるのかな</c>,な
121.395,121.962,-1,-1,<2>明日もおんなじわたしがいるのかな</c>,な
121.962,122.229,-1,0,<2>ぶ</c><1>あいそうでむくちなままのカワいくないヤツ</c>,ぶ
121.962,122.229,-1,-1,<2>無</c><1>愛想で無口なままのカワいくないヤツ</c>,無
122.229,122.63,-1,0,<2>ぶあい</c><1>そうでむくちなままのカワいくないヤツ</c>,あい
122.229,122.63,-1,-1,<2>無愛</c><1>想で無口なままのカワいくないヤツ</c>,愛
122.63,123.064,-1,0,<2>ぶあいそう</c><1>でむくちなままのカワいくないヤツ</c>,そう
122.63,123.064,-1,-1,<2>無愛想</c><1>で無口なままのカワいくないヤツ</c>,想
123.064,123.631,-1,0,<2>ぶあいそうで</c><1>むくちなままのカワいくないヤツ</c>,で
123.064,123.631,-1,-1,<2>無愛想で</c><1>無口なままのカワいくないヤツ</c>,で
123.631,123.864,-1,0,<2>ぶあいそうでむ</c><1>くちなままのカワいくないヤツ</c>,む
123.631,123.864,-1,-1,<2>無愛想で無</c><1>口なままのカワいくないヤツ</c>,無
123.864,124.265,-1,0,<2>ぶあいそうでむく</c><1>ちなままのカワいくないヤツ</c>,く
123.864,124.665,-1,-1,<2>無愛想で無口</c><1>なままのカワいくないヤツ</c>,口
124.265,124.665,-1,0,<2>ぶあいそうでむくち</c><1>なままのカワいくないヤツ</c>,ち
124.665,124.899,-1,0,<2>ぶあいそうでむくちな</c><1>ままのカワいくないヤツ</c>,な
124.665,124.899,-1,-1,<2>無愛想で無口な</c><1>ままのカワいくないヤツ</c>,な
124.899,125.499,-1,0,<2>ぶあいそうでむくちなま</c><1>まのカワいくないヤツ</c>,ま
124.899,125.499,-1,-1,<2>無愛想で無口なま</c><1>まのカワいくないヤツ</c>,ま
125.499,125.733,-1,0,<2>ぶあいそうでむくちなまま</c><1>のカワいくないヤツ</c>,ま
125.499,125.733,-1,-1,<2>無愛想で無口なまま</c><1>のカワいくないヤツ</c>,ま
125.733,126.367,-1,0,<2>ぶあいそうでむくちなままの</c><1>カワいくないヤツ</c>,の
125.733,126.367,-1,-1,<2>無愛想で無口なままの</c><1>カワいくないヤツ</c>,の
126.367,126.567,-1,0,<2>ぶあいそうでむくちなままのカ</c><1>ワいくないヤツ</c>,カ
126.367,126.567,-1,-1,<2>無愛想で無口なままのカ</c><1>ワいくないヤツ</c>,カ
126.567,126.901,-1,0,<2>ぶあいそうでむくちなままのカワ</c><1>いくないヤツ</c>,ワ
126.567,126.901,-1,-1,<2>無愛想で無口なままのカワ</c><1>いくないヤツ</c>,ワ
126.901,127.134,-1,0,<2>ぶあいそうでむくちなままのカワい</c><1>くないヤツ</c>,い
126.901,127.134,-1,-1,<2>無愛想で無口なままのカワい</c><1>くないヤツ</c>,い
127.134,127.334,-1,0,<2>ぶあいそうでむくちなままのカワいく</c><1>ないヤツ</c>,く
127.134,127.334,-1,-1,<2>無愛想で無口なままのカワいく</c><1>ないヤツ</c>,く
127.334,127.735,-1,0,<2>ぶあいそうでむくちなままのカワいくな</c><1>いヤツ</c>,な
127.334,127.735,-1,-1,<2>無愛想で無口なままのカワいくな</c><1>いヤツ</c>,な
127.735,128.002,-1,0,<2>ぶあいそうでむくちなままのカワいくない</c><1>ヤツ</c>,い
127.735,128.002,-1,-1,<2>無愛想で無口なままのカワいくない</c><1>ヤツ</c>,い
128.002,128.169,-1,0,<2>ぶあいそうでむくちなままのカワいくないヤ</c><1>ツ</c>,ヤ
128.002,128.169,-1,-1,<2>無愛想で無口なままのカワいくないヤ</c><1>ツ</c>,ヤ
128.169,129.403,-1,0,<2>ぶあいそうでむくちなままのカワいくないヤツ</c>,ツ
128.169,129.403,-1,-1,<2>無愛想で無口なままのカワいくないヤツ</c>,ツ
129.403,130.269,-1,0,<2>ahh!</c>,ahh!
129.403,130.269,-1,-1,<2>ahh!</c>,ahh!
131.505,132.273,-1,0,<2>あ</c><1>のゆめにきみがでてきたときから</c>,あ
131.505,132.273,-1,-1,<2>あ</c><1>の夢にきみが出てきたときから</c>,あ
132.273,133.14,-1,0,<2>あの</c><1>ゆめにきみがでてきたときから</c>,の
132.273,133.14,-1,-1,<2>あの</c><1>夢にきみが出てきたときから</c>,の
133.14,133.541,-1,0,<2>あのゆ</c><1>めにきみがでてきたときから</c>,ゆ
133.14,133.774,-1,-1,<2>あの夢</c><1>にきみが出てきたときから</c>,夢
133.541,133.774,-1,0,<2>あのゆめ</c><1>にきみがでてきたときから</c>,め
133.774,134.175,-1,0,<2>あのゆめに</c><1>きみがでてきたときから</c>,に
133.774,134.175,-1,-1,<2>あの夢に</c><1>きみが出てきたときから</c>,に
134.175,134.375,-1,0,<2>あのゆめにき</c><1>みがでてきたときから</c>,き
134.175,134.375,-1,-1,<2>あの夢にき</c><1>みが出てきたときから</c>,き
134.375,134.575,-1,0,<2>あのゆめにきみ</c><1>がでてきたときから</c>,み
134.375,134.575,-1,-1,<2>あの夢にきみ</c><1>が出てきたときから</c>,み
134.575,135.609,-1,0,<2>あのゆめにきみが</c><1>でてきたときから</c>,が
134.575,135.609,-1,-1,<2>あの夢にきみが</c><1>出てきたときから</c>,が
135.609,135.81,-1,0,<2>あのゆめにきみがで</c><1>てきたときから</c>,で
135.609,135.81,-1,-1,<2>あの夢にきみが出</c><1>てきたときから</c>,出
135.81,136.01,-1,0,<2>あのゆめにきみがでて</c><1>きたときから</c>,て
135.81,136.01,-1,-1,<2>あの夢にきみが出て</c><1>きたときから</c>,て
136.01,136.21,-1,0,<2>あのゆめにきみがでてき</c><1>たときから</c>,き
136.01,136.21,-1,-1,<2>あの夢にきみが出てき</c><1>たときから</c>,き
136.21,136.844,-1,0,<2>あのゆめにきみがでてきた</c><1>ときから</c>,た
136.21,136.844,-1,-1,<2>あの夢にきみが出てきた</c><1>ときから</c>,た
136.844,137.244,-1,0,<2>あのゆめにきみがでてきたと</c><1>きから</c>,と
136.844,137.244,-1,-1,<2>あの夢にきみが出てきたと</c><1>きから</c>,と
137.244,137.645,-1,0,<2>あのゆめにきみがでてきたとき</c><1>から</c>,き
137.244,137.645,-1,-1,<2>あの夢にきみが出てきたとき</c><1>から</c>,き
137.645,137.878,-1,0,<2>あのゆめにきみがでてきたときか</c><1>ら</c>,か
137.645,137.878,-1,-1,<2>あの夢にきみが出てきたときか</c><1>ら</c>,か
137.878,139.647,-1,0,<2>あのゆめにきみがでてきたときから</c>,ら
137.878,139.647,-1,-1,<2>あの夢にきみが出てきたときから</c>,ら
139.647,140.514,-1,0,<2>す</c><1>なおじゃないの</c>,す
139.647,140.514,-1,-1,<2>素</c><1>直じゃないの</c>,素
140.514,141.348,-1,0,<2>すな</c><1>おじゃないの</c>,な
140.514,142.183,-1,-1,<2>素直</c><1>じゃないの</c>,直
141.348,142.183,-1,0,<2>すなお</c><1>じゃないの</c>,お
142.183,143.017,-1,0,<2>すなおじゃ</c><1>ないの</c>,じゃ
142.183,143.017,-1,-1,<2>素直じゃ</c><1>ないの</c>,じゃ
143.017,144.351,-1,0,<2>すなおじゃな</c><1>いの</c>,な
143.017,144.351,-1,-1,<2>素直じゃな</c><1>いの</c>,な
144.351,144.618,-1,0,<2>すなおじゃない</c><1>の</c>,い
144.351,144.618,-1,-1,<2>素直じゃない</c><1>の</c>,い
144.618,145.852,-1,0,<2>すなおじゃないの</c>,の
144.618,145.852,-1,-1,<2>素直じゃないの</c>,の
146.253,146.654,-1,0,<2>ぜん</c><1>ぜんつかめないきみのこと</c>,ぜん
146.253,146.654,-1,-1,<2>全</c><1>然つかめないきみのこと</c>,全
146.654,147.054,-1,0,<2>ぜんぜん</c><1>つかめないきみのこと</c>,ぜん
146.654,147.054,-1,-1,<2>全然</c><1>つかめないきみのこと</c>,然
147.054,147.288,-1,0,<2>ぜんぜんつ</c><1>かめないきみのこと</c>,つ
147.054,147.288,-1,-1,<2>全然つ</c><1>かめないきみのこと</c>,つ
147.288,147.521,-1,0,<2>ぜんぜんつか</c><1>めないきみのこと</c>,か
147.288,147.521,-1,-1,<2>全然つか</c><1>めないきみのこと</c>,か
147.521,147.721,-1,0,<2>ぜんぜんつかめ</c><1>ないきみのこと</c>,め
147.521,147.721,-1,-1,<2>全然つかめ</c><1>ないきみのこと</c>,め
147.721,148.122,-1,0,<2>ぜんぜんつかめない</c><1>きみのこと</c>,ない
147.721,148.122,-1,-1,<2>全然つかめない</c><1>きみのこと</c>,ない
148.122,148.522,-1,0,<2>ぜんぜんつかめないき</c><1>みのこと</c>,き
148.122,148.522,-1,-1,<2>全然つかめないき</c><1>みのこと</c>,き
148.522,148.722,-1,0,<2>ぜんぜんつかめないきみ</c><1>のこと</c>,み
148.522,148.722,-1,-1,<2>全然つかめないきみ</c><1>のこと</c>,み
148.722,149.123,-1,0,<2>ぜんぜんつかめないきみの</c><1>こと</c>,の
148.722,149.123,-1,-1,<2>全然つかめないきみの</c><1>こと</c>,の
149.123,149.356,-1,0,<2>ぜんぜんつかめないきみのこ</c><1>と</c>,こ
149.123,149.356,-1,-1,<2>全然つかめないきみのこ</c><1>と</c>,こ
149.356,149.557,-1,0,<2>ぜんぜんつかめないきみのこと</c>,と
149.356,149.557,-1,-1,<2>全然つかめないきみのこと</c>,と
149.557,149.957,-1,0,<2>ぜん</c><1>ぜんしらないうちに</c>,ぜん
149.557,149.957,-1,-1,<2>全</c><1>然しらないうちに</c>,全
149.957,150.291,-1,0,<2>ぜんぜん</c><1>しらないうちに</c>,ぜん
149.957,150.291,-1,-1,<2>全然</c><1>しらないうちに</c>,然
150.291,150.591,-1,0,<2>ぜんぜんし</c><1>らないうちに</c>,し
150.291,150.591,-1,-1,<2>全然し</c><1>らないうちに</c>,し
150.591,150.791,-1,0,<2>ぜんぜんしら</c><1>ないうちに</c>,ら
150.591,150.791,-1,-1,<2>全然しら</c><1>ないうちに</c>,ら
150.791,150.958,-1,0,<2>ぜんぜんしらな</c><1>いうちに</c>,な
150.791,150.958,-1,-1,<2>全然しらな</c><1>いうちに</c>,な
150.958,151.425,-1,0,<2>ぜんぜんしらない</c><1>うちに</c>,い
150.958,151.425,-1,-1,<2>全然しらない</c><1>うちに</c>,い
151.425,151.592,-1,0,<2>ぜんぜんしらないう</c><1>ちに</c>,う
151.425,151.592,-1,-1,<2>全然しらないう</c><1>ちに</c>,う
151.592,151.792,-1,0,<2>ぜんぜんしらないうち</c><1>に</c>,ち
151.592,151.792,-1,-1,<2>全然しらないうち</c><1>に</c>,ち
151.792,152.46,-1,0,<2>ぜんぜんしらないうちに</c>,に
151.792,152.46,-1,-1,<2>全然しらないうちに</c>,に
152.46,152.86,-1,0,<2>yeah!</c>,yeah!
152.46,152.86,-1,-1,<2>yeah!</c>,yeah!
152.86,153.06,-1,0,<2>こ</c><1>ころうばおうとしてたのは</c>,こ
152.86,153.06,-1,-1,<2>こ</c><1>ころ奪おうとしてたのは</c>,こ
153.06,153.26,-1,0,<2>ここ</c><1>ろうばおうとしてたのは</c>,こ
153.06,153.26,-1,-1,<2>ここ</c><1>ろ奪おうとしてたのは</c>,こ
153.26,153.494,-1,0,<2>こころ</c><1>うばおうとしてたのは</c>,ろ
153.26,153.494,-1,-1,<2>こころ</c><1>奪おうとしてたのは</c>,ろ
153.494,153.661,-1,0,<2>こころう</c><1>ばおうとしてたのは</c>,う
153.494,153.861,-1,-1,<2>こころ奪</c><1>おうとしてたのは</c>,奪
153.661,153.861,-1,0,<2>こころうば</c><1>おうとしてたのは</c>,ば
153.861,154.028,-1,0,<2>こころうばお</c><1>うとしてたのは</c>,お
153.861,154.028,-1,-1,<2>こころ奪お</c><1>うとしてたのは</c>,お
154.028,154.295,-1,0,<2>こころうばおう</c><1>としてたのは</c>,う
154.028,154.295,-1,-1,<2>こころ奪おう</c><1>としてたのは</c>,う
154.295,154.695,-1,0,<2>こころうばおうと</c><1>してたのは</c>,と
154.295,154.695,-1,-1,<2>こころ奪おうと</c><1>してたのは</c>,と
154.695,155.096,-1,0,<2>こころうばおうとし</c><1>てたのは</c>,し
154.695,155.096,-1,-1,<2>こころ奪おうとし</c><1>てたのは</c>,し
155.096,155.296,-1,0,<2>こころうばおうとして</c><1>たのは</c>,て
155.096,155.296,-1,-1,<2>こころ奪おうとして</c><1>たのは</c>,て
155.296,155.729,-1,0,<2>こころうばおうとしてた</c><1>のは</c>,た
155.296,155.729,-1,-1,<2>こころ奪おうとしてた</c><1>のは</c>,た
155.729,155.93,-1,0,<2>こころうばおうとしてたの</c><1>は</c>,の
155.729,155.93,-1,-1,<2>こころ奪おうとしてたの</c><1>は</c>,の
155.93,156.13,-1,0,<2>こころうばおうとしてたのは</c>,は
155.93,156.13,-1,-1,<2>こころ奪おうとしてたのは</c>,は
156.13,156.53,-1,0,<2>わ</c><1>たしのほうだもん</c>,わ
156.13,156.53,-1,-1,<2>わ</c><1>たしのほうだもん×××</c>,わ
156.53,156.864,-1,0,<2>わた</c><1>しのほうだもん</c>,た
156.53,156.864,-1,-1,<2>わた</c><1>しのほうだもん×××</c>,た
156.864,157.364,-1,0,<2>わたし</c><1>のほうだもん</c>,し
156.864,157.364,-1,-1,<2>わたし</c><1>のほうだもん×××</c>,し
157.364,157.765,-1,0,<2>わたしの</c><1>ほうだもん</c>,の
157.364,157.765,-1,-1,<2>わたしの</c><1>ほうだもん×××</c>,の
157.765,158.065,-1,0,<2>わたしのほ</c><1>うだもん</c>,ほ
157.765,158.065,-1,-1,<2>わたしのほ</c><1>うだもん×××</c>,ほ
158.065,158.399,-1,0,<2>わたしのほう</c><1>だもん</c>,う
158.065,158.399,-1,-1,<2>わたしのほう</c><1>だもん×××</c>,う
158.399,158.566,-1,0,<2>わたしのほうだ</c><1>もん</c>,だ
158.399,158.566,-1,-1,<2>わたしのほうだ</c><1>もん×××</c>,だ
158.566,159.031,-1,0,<2>わたしのほうだもん</c>,もん
158.566,159.031,-1,-1,<2>わたしのほうだもん×××</c>,もん×××
165.973,166.173,-1,0,<2>そ</c><1>ういうじきなの</c>,そ
165.973,166.173,-1,-1,<2>そ</c><1>ういう時期なの</c>,そ
166.173,166.34,-1,0,<2>そう</c><1>いうじきなの</c>,う
166.173,166.34,-1,-1,<2>そう</c><1>いう時期なの</c>,う
166.34,166.407,-1,0,<2>そうい</c><1>うじきなの</c>,い
166.34,166.407,-1,-1,<2>そうい</c><1>う時期なの</c>,い
166.407,166.774,-1,0,<2>そういう</c><1>じきなの</c>,う
166.407,166.774,-1,-1,<2>そういう</c><1>時期なの</c>,う
166.774,167.007,-1,0,<2>そういうじ</c><1>きなの</c>,じ
166.774,167.007,-1,-1,<2>そういう時</c><1>期なの</c>,時
167.007,167.208,-1,0,<2>そういうじき</c><1>なの</c>,き
167.007,167.208,-1,-1,<2>そういう時期</c><1>なの</c>,期
167.208,167.441,-1,0,<2>そういうじきな</c><1>の</c>,な
167.208,167.441,-1,-1,<2>そういう時期な</c><1>の</c>,な
167.441,167.842,-1,0,<2>そういうじきなの</c>,の
167.441,167.842,-1,-1,<2>そういう時期なの</c>,の
167.842,168.075,-1,0,<2>お</c><1>ぼれたいのいとしの</c>,お
167.842,168.075,-1,-1,<2>お</c><1>ぼれたいのいとしの</c>,お
168.075,168.242,-1,0,<2>おぼ</c><1>れたいのいとしの</c>,ぼ
168.075,168.242,-1,-1,<2>おぼ</c><1>れたいのいとしの</c>,ぼ
168.242,168.676,-1,0,<2>おぼれ</c><1>たいのいとしの</c>,れ
168.242,168.676,-1,-1,<2>おぼれ</c><1>たいのいとしの</c>,れ
168.676,168.876,-1,0,<2>おぼれた</c><1>いのいとしの</c>,た
168.676,168.876,-1,-1,<2>おぼれた</c><1>いのいとしの</c>,た
168.876,169.11,-1,0,<2>おぼれたい</c><1>のいとしの</c>,い
168.876,169.11,-1,-1,<2>おぼれたい</c><1>のいとしの</c>,い
169.11,169.31,-1,0,<2>おぼれたいの</c><1>いとしの</c>,の
169.11,169.31,-1,-1,<2>おぼれたいの</c><1>いとしの</c>,の
169.31,169.71,-1,0,<2>おぼれたいのい</c><1>としの</c>,い
169.31,169.71,-1,-1,<2>おぼれたいのい</c><1>としの</c>,い
169.71,170.111,-1,0,<2>おぼれたいのいと</c><1>しの</c>,と
169.71,170.111,-1,-1,<2>おぼれたいのいと</c><1>しの</c>,と
170.111,170.511,-1,0,<2>おぼれたいのいとし</c><1>の</c>,し
170.111,170.511,-1,-1,<2>おぼれたいのいとし</c><1>の</c>,し
170.511,170.711,-1,0,<2>おぼれたいのいとしの</c>,の
170.511,170.711,-1,-1,<2>おぼれたいのいとしの</c>,の
170.711,170.911,-1,0,<2>メ</c><1>ランコリー</c>,メ
170.711,170.911,-1,-1,<2>メ</c><1>ランコリー</c>,メ
170.911,171.345,-1,0,<2>メラ</c><1>ンコリー</c>,ラ
170.911,171.345,-1,-1,<2>メラ</c><1>ンコリー</c>,ラ
171.345,171.512,-1,0,<2>メラン</c><1>コリー</c>,ン
171.345,171.512,-1,-1,<2>メラン</c><1>コリー</c>,ン
171.512,171.745,-1,0,<2>メランコ</c><1>リー</c>,コ
171.512,171.745,-1,-1,<2>メランコ</c><1>リー</c>,コ
171.745,172.146,-1,0,<2>メランコリ</c><1>ー</c>,リ
171.745,172.146,-1,-1,<2>メランコリ</c><1>ー</c>,リ
172.146,172.578,-1,0,<2>メランコリー</c>,ー
172.146,172.578,-1,-1,<2>メランコリー</c>,ー
