start,end,position,line,text,token
2.419,5.356,-1,0,<1></c><2>常闇トワ-palette</c><1></c>,常闇トワ-palette
5.356,8.325,-1,0,<1></c><2>作曲編曲mixマスタリング:niki</c><1></c>,作曲編曲mixマスタリング:niki
8.325,11.261,-1,0,<1></c><2>illust絵コンテアニメーション:かかげ</c><1></c>,illust絵コンテアニメーション:かかげ
11.261,14.198,-1,0,<1></c><2>vocal作詞:常闇トワ</c><1></c>,vocal作詞:常闇トワ
14.565,14.765,-1,0,<1></c><2>か</c><37>ぜにふかれてだれもきづかぬよう</c><1></c>,か
14.565,14.965,-1,-1,<1></c><2>風</c><37>に吹かれて　誰も気づかぬよう</c><1></c>,風
14.765,14.965,-1,0,<1></c><2>かぜ</c><37>にふかれてだれもきづかぬよう</c><1></c>,ぜ
14.965,15.499,-1,0,<1></c><2>かぜに</c><37>ふかれてだれもきづかぬよう</c><1></c>,に
14.965,15.499,-1,-1,<1></c><2>風に</c><37>吹かれて　誰も気づかぬよう</c><1></c>,に
15.499,15.699,-1,0,<1></c><2>かぜにふ</c><37>かれてだれもきづかぬよう</c><1></c>,ふ
15.499,15.699,-1,-1,<1></c><2>風に吹</c><37>かれて　誰も気づかぬよう</c><1></c>,吹
15.699,15.866,-1,0,<1></c><2>かぜにふか</c><37>れてだれもきづかぬよう</c><1></c>,か
15.699,15.866,-1,-1,<1></c><2>風に吹か</c><37>れて　誰も気づかぬよう</c><1></c>,か
15.866,16.066,-1,0,<1></c><2>かぜにふかれ</c><37>てだれもきづかぬよう</c><1></c>,れ
15.866,16.066,-1,-1,<1></c><2>風に吹かれ</c><37>て　誰も気づかぬよう</c><1></c>,れ
16.066,17.501,-1,0,<1></c><2>かぜにふかれて</c><37>だれもきづかぬよう</c><1></c>,て
16.066,17.167,-1,-1,<1></c><2>風に吹かれて</c><37>　誰も気づかぬよう</c><1></c>,て
17.167,17.501,-1,-1,<1></c><2>風に吹かれて　</c><37>誰も気づかぬよう</c><1></c>,　
17.501,17.701,-1,0,<1></c><2>かぜにふかれてだ</c><37>れもきづかぬよう</c><1></c>,だ
17.501,17.901,-1,-1,<1></c><2>風に吹かれて　誰</c><37>も気づかぬよう</c><1></c>,誰
17.701,17.901,-1,0,<1></c><2>かぜにふかれてだれ</c><37>もきづかぬよう</c><1></c>,れ
17.901,18.435,-1,0,<1></c><2>かぜにふかれてだれも</c><37>きづかぬよう</c><1></c>,も
17.901,18.435,-1,-1,<1></c><2>風に吹かれて　誰も</c><37>気づかぬよう</c><1></c>,も
18.435,18.602,-1,0,<1></c><2>かぜにふかれてだれもき</c><37>づかぬよう</c><1></c>,き
18.435,18.602,-1,-1,<1></c><2>風に吹かれて　誰も気</c><37>づかぬよう</c><1></c>,気
18.602,19.036,-1,0,<1></c><2>かぜにふかれてだれもきづ</c><37>かぬよう</c><1></c>,づ
18.602,19.036,-1,-1,<1></c><2>風に吹かれて　誰も気づ</c><37>かぬよう</c><1></c>,づ
19.036,19.37,-1,0,<1></c><2>かぜにふかれてだれもきづか</c><37>ぬよう</c><1></c>,か
19.036,19.37,-1,-1,<1></c><2>風に吹かれて　誰も気づか</c><37>ぬよう</c><1></c>,か
19.37,19.737,-1,0,<1></c><2>かぜにふかれてだれもきづかぬ</c><37>よう</c><1></c>,ぬ
19.37,19.737,-1,-1,<1></c><2>風に吹かれて　誰も気づかぬ</c><37>よう</c><1></c>,ぬ
19.737,19.903,-1,0,<1></c><2>かぜにふかれてだれもきづかぬよ</c><37>う</c><1></c>,よ
19.737,19.903,-1,-1,<1></c><2>風に吹かれて　誰も気づかぬよ</c><37>う</c><1></c>,よ
19.903,20.504,-1,0,<1></c><2>かぜにふかれてだれもきづかぬよう</c><1></c>,う
19.903,20.504,-1,-1,<1></c><2>風に吹かれて　誰も気づかぬよう</c><1></c>,う
20.504,20.637,-1,0,<1></c><2>く</c><37>べつがつかないものくろのせかい</c><1></c>,く
20.504,20.637,-1,-1,<1></c><2>区</c><37>別がつかない　モノクロの世界</c><1></c>,区
20.637,20.804,-1,0,<1></c><2>くべ</c><37>つがつかないものくろのせかい</c><1></c>,べ
20.637,21.405,-1,-1,<1></c><2>区別</c><37>がつかない　モノクロの世界</c><1></c>,別
20.804,21.405,-1,0,<1></c><2>くべつ</c><37>がつかないものくろのせかい</c><1></c>,つ
21.405,21.572,-1,0,<1></c><2>くべつが</c><37>つかないものくろのせかい</c><1></c>,が
21.405,21.572,-1,-1,<1></c><2>区別が</c><37>つかない　モノクロの世界</c><1></c>,が
21.572,21.772,-1,0,<1></c><2>くべつがつ</c><37>かないものくろのせかい</c><1></c>,つ
21.572,21.772,-1,-1,<1></c><2>区別がつ</c><37>かない　モノクロの世界</c><1></c>,つ
21.772,21.972,-1,0,<1></c><2>くべつがつか</c><37>ないものくろのせかい</c><1></c>,か
21.772,21.972,-1,-1,<1></c><2>区別がつか</c><37>ない　モノクロの世界</c><1></c>,か
21.972,22.706,-1,0,<1></c><2>くべつがつかな</c><37>いものくろのせかい</c><1></c>,な
21.972,22.706,-1,-1,<1></c><2>区別がつかな</c><37>い　モノクロの世界</c><1></c>,な
22.706,23.34,-1,0,<1></c><2>くべつがつかない</c><37>ものくろのせかい</c><1></c>,い
22.706,23.04,-1,-1,<1></c><2>区別がつかない</c><37>　モノクロの世界</c><1></c>,い
23.04,23.34,-1,-1,<1></c><2>区別がつかない　</c><37>モノクロの世界</c><1></c>,　
23.34,23.54,-1,0,<1></c><2>くべつがつかないも</c><37>のくろのせかい</c><1></c>,も
23.34,23.54,-1,-1,<1></c><2>区別がつかない　モ</c><37>ノクロの世界</c><1></c>,モ
23.54,23.807,-1,0,<1></c><2>くべつがつかないもの</c><37>くろのせかい</c><1></c>,の
23.54,23.807,-1,-1,<1></c><2>区別がつかない　モノ</c><37>クロの世界</c><1></c>,ノ
23.807,24.341,-1,0,<1></c><2>くべつがつかないものく</c><37>ろのせかい</c><1></c>,く
23.807,24.341,-1,-1,<1></c><2>区別がつかない　モノク</c><37>ロの世界</c><1></c>,ク
24.341,24.541,-1,0,<1></c><2>くべつがつかないものくろ</c><37>のせかい</c><1></c>,ろ
24.341,24.541,-1,-1,<1></c><2>区別がつかない　モノクロ</c><37>の世界</c><1></c>,ロ
24.541,24.875,-1,0,<1></c><2>くべつがつかないものくろの</c><37>せかい</c><1></c>,の
24.541,24.875,-1,-1,<1></c><2>区別がつかない　モノクロの</c><37>世界</c><1></c>,の
24.875,25.242,-1,0,<1></c><2>くべつがつかないものくろのせ</c><37>かい</c><1></c>,せ
24.875,25.242,-1,-1,<1></c><2>区別がつかない　モノクロの世</c><37>界</c><1></c>,世
25.242,25.609,-1,0,<1></c><2>くべつがつかないものくろのせか</c><37>い</c><1></c>,か
25.242,26.343,-1,-1,<1></c><2>区別がつかない　モノクロの世界</c><1></c>,界
25.609,26.343,-1,0,<1></c><2>くべつがつかないものくろのせかい</c><1></c>,い
26.343,26.51,-1,0,<1></c><2>い</c><37>ろをたしてもなにもみえなくて</c><1></c>,い
26.343,26.71,-1,-1,<1></c><2>色</c><37>を足しても　何も見えなくて</c><1></c>,色
26.51,26.71,-1,0,<1></c><2>いろ</c><37>をたしてもなにもみえなくて</c><1></c>,ろ
26.71,27.277,-1,0,<1></c><2>いろを</c><37>たしてもなにもみえなくて</c><1></c>,を
26.71,27.277,-1,-1,<1></c><2>色を</c><37>足しても　何も見えなくて</c><1></c>,を
27.277,27.411,-1,0,<1></c><2>いろをた</c><37>してもなにもみえなくて</c><1></c>,た
27.277,27.411,-1,-1,<1></c><2>色を足</c><37>しても　何も見えなくて</c><1></c>,足
27.411,27.644,-1,0,<1></c><2>いろをたし</c><37>てもなにもみえなくて</c><1></c>,し
27.411,27.644,-1,-1,<1></c><2>色を足し</c><37>ても　何も見えなくて</c><1></c>,し
27.644,27.811,-1,0,<1></c><2>いろをたして</c><37>もなにもみえなくて</c><1></c>,て
27.644,27.811,-1,-1,<1></c><2>色を足して</c><37>も　何も見えなくて</c><1></c>,て
27.811,29.313,-1,0,<1></c><2>いろをたしても</c><37>なにもみえなくて</c><1></c>,も
27.811,28.912,-1,-1,<1></c><2>色を足しても</c><37>　何も見えなくて</c><1></c>,も
28.912,29.313,-1,-1,<1></c><2>色を足しても　</c><37>何も見えなくて</c><1></c>,　
29.313,29.446,-1,0,<1></c><2>いろをたしてもな</c><37>にもみえなくて</c><1></c>,な
29.313,29.613,-1,-1,<1></c><2>色を足しても　何</c><37>も見えなくて</c><1></c>,何
29.446,29.613,-1,0,<1></c><2>いろをたしてもなに</c><37>もみえなくて</c><1></c>,に
29.613,30.214,-1,0,<1></c><2>いろをたしてもなにも</c><37>みえなくて</c><1></c>,も
29.613,30.214,-1,-1,<1></c><2>色を足しても　何も</c><37>見えなくて</c><1></c>,も
30.214,30.414,-1,0,<1></c><2>いろをたしてもなにもみ</c><37>えなくて</c><1></c>,み
30.214,30.414,-1,-1,<1></c><2>色を足しても　何も見</c><37>えなくて</c><1></c>,見
30.414,30.781,-1,0,<1></c><2>いろをたしてもなにもみえ</c><37>なくて</c><1></c>,え
30.414,30.781,-1,-1,<1></c><2>色を足しても　何も見え</c><37>なくて</c><1></c>,え
30.781,31.115,-1,0,<1></c><2>いろをたしてもなにもみえな</c><37>くて</c><1></c>,な
30.781,31.115,-1,-1,<1></c><2>色を足しても　何も見えな</c><37>くて</c><1></c>,な
31.115,31.482,-1,0,<1></c><2>いろをたしてもなにもみえなく</c><37>て</c><1></c>,く
31.115,31.482,-1,-1,<1></c><2>色を足しても　何も見えなく</c><37>て</c><1></c>,く
31.482,32.249,-1,0,<1></c><2>いろをたしてもなにもみえなくて</c><1></c>,て
31.482,32.249,-1,-1,<1></c><2>色を足しても　何も見えなくて</c><1></c>,て
32.249,32.483,-1,0,<1></c><2>ま</c><37>るでわたしはいきをとめていた</c><1></c>,ま
32.249,32.483,-1,-1,<1></c><2>ま</c><37>るで私は　息を止めていた</c><1></c>,ま
32.483,32.616,-1,0,<1></c><2>まる</c><37>でわたしはいきをとめていた</c><1></c>,る
32.483,32.616,-1,-1,<1></c><2>まる</c><37>で私は　息を止めていた</c><1></c>,る
32.616,33.183,-1,0,<1></c><2>まるで</c><37>わたしはいきをとめていた</c><1></c>,で
32.616,33.183,-1,-1,<1></c><2>まるで</c><37>私は　息を止めていた</c><1></c>,で
33.183,33.384,-1,0,<1></c><2>まるでわ</c><37>たしはいきをとめていた</c><1></c>,わ
33.183,33.717,-1,-1,<1></c><2>まるで私</c><37>は　息を止めていた</c><1></c>,私
33.384,33.584,-1,0,<1></c><2>まるでわた</c><37>しはいきをとめていた</c><1></c>,た
33.584,33.717,-1,0,<1></c><2>まるでわたし</c><37>はいきをとめていた</c><1></c>,し
33.717,35.185,-1,0,<1></c><2>まるでわたしは</c><37>いきをとめていた</c><1></c>,は
33.717,34.818,-1,-1,<1></c><2>まるで私は</c><37>　息を止めていた</c><1></c>,は
34.818,35.185,-1,-1,<1></c><2>まるで私は　</c><37>息を止めていた</c><1></c>,　
35.185,35.386,-1,0,<1></c><2>まるでわたしはい</c><37>きをとめていた</c><1></c>,い
35.185,35.552,-1,-1,<1></c><2>まるで私は　息</c><37>を止めていた</c><1></c>,息
35.386,35.552,-1,0,<1></c><2>まるでわたしはいき</c><37>をとめていた</c><1></c>,き
35.552,36.12,-1,0,<1></c><2>まるでわたしはいきを</c><37>とめていた</c><1></c>,を
35.552,36.12,-1,-1,<1></c><2>まるで私は　息を</c><37>止めていた</c><1></c>,を
36.12,36.32,-1,0,<1></c><2>まるでわたしはいきをと</c><37>めていた</c><1></c>,と
36.12,36.32,-1,-1,<1></c><2>まるで私は　息を止</c><37>めていた</c><1></c>,止
36.32,36.687,-1,0,<1></c><2>まるでわたしはいきをとめ</c><37>ていた</c><1></c>,め
36.32,36.687,-1,-1,<1></c><2>まるで私は　息を止め</c><37>ていた</c><1></c>,め
36.687,37.021,-1,0,<1></c><2>まるでわたしはいきをとめて</c><37>いた</c><1></c>,て
36.687,37.021,-1,-1,<1></c><2>まるで私は　息を止めて</c><37>いた</c><1></c>,て
37.021,37.388,-1,0,<1></c><2>まるでわたしはいきをとめてい</c><37>た</c><1></c>,い
37.021,37.388,-1,-1,<1></c><2>まるで私は　息を止めてい</c><37>た</c><1></c>,い
37.388,39.957,-1,0,<1></c><2>まるでわたしはいきをとめていた</c><1></c>,た
37.388,39.957,-1,-1,<1></c><2>まるで私は　息を止めていた</c><1></c>,た
42.526,42.726,-1,0,<1></c><2>も</c><37>ういいよ</c><1></c>,も
42.526,42.726,-1,-1,<1></c><2>も</c><37>ういいよ</c><1></c>,も
42.726,42.926,-1,0,<1></c><2>もう</c><37>いいよ</c><1></c>,う
42.726,42.926,-1,-1,<1></c><2>もう</c><37>いいよ</c><1></c>,う
42.926,43.127,-1,0,<1></c><2>もうい</c><37>いよ</c><1></c>,い
42.926,43.127,-1,-1,<1></c><2>もうい</c><37>いよ</c><1></c>,い
43.127,43.293,-1,0,<1></c><2>もういい</c><37>よ</c><1></c>,い
43.127,43.293,-1,-1,<1></c><2>もういい</c><37>よ</c><1></c>,い
43.293,44.028,-1,0,<1></c><2>もういいよ</c><1></c>,よ
43.293,44.028,-1,-1,<1></c><2>もういいよ</c><1></c>,よ
44.028,44.161,-1,0,<1></c><2>と</c><37>おくてもかなえたいわたしは</c><1></c>,と
44.028,44.395,-1,-1,<1></c><2>遠</c><37>くても　叶えたい　私は</c><1></c>,遠
44.161,44.395,-1,0,<1></c><2>とお</c><37>くてもかなえたいわたしは</c><1></c>,お
44.395,44.561,-1,0,<1></c><2>とおく</c><37>てもかなえたいわたしは</c><1></c>,く
44.395,44.561,-1,-1,<1></c><2>遠く</c><37>ても　叶えたい　私は</c><1></c>,く
44.561,44.762,-1,0,<1></c><2>とおくて</c><37>もかなえたいわたしは</c><1></c>,て
44.561,44.762,-1,-1,<1></c><2>遠くて</c><37>も　叶えたい　私は</c><1></c>,て
44.762,45.496,-1,0,<1></c><2>とおくても</c><37>かなえたいわたしは</c><1></c>,も
44.762,45.496,-1,-1,<1></c><2>遠くても　</c><37>叶えたい　私は</c><1></c>,も　
45.496,45.863,-1,0,<1></c><2>とおくてもか</c><37>なえたいわたしは</c><1></c>,か
45.496,46.063,-1,-1,<1></c><2>遠くても　叶</c><37>えたい　私は</c><1></c>,叶
45.863,46.063,-1,0,<1></c><2>とおくてもかな</c><37>えたいわたしは</c><1></c>,な
46.063,46.23,-1,0,<1></c><2>とおくてもかなえ</c><37>たいわたしは</c><1></c>,え
46.063,46.23,-1,-1,<1></c><2>遠くても　叶え</c><37>たい　私は</c><1></c>,え
46.23,46.563,-1,0,<1></c><2>とおくてもかなえた</c><37>いわたしは</c><1></c>,た
46.23,46.563,-1,-1,<1></c><2>遠くても　叶えた</c><37>い　私は</c><1></c>,た
46.563,46.964,-1,0,<1></c><2>とおくてもかなえたい</c><37>わたしは</c><1></c>,い
46.563,46.964,-1,-1,<1></c><2>遠くても　叶えたい　</c><37>私は</c><1></c>,い　
46.964,47.331,-1,0,<1></c><2>とおくてもかなえたいわ</c><37>たしは</c><1></c>,わ
46.964,47.731,-1,-1,<1></c><2>遠くても　叶えたい　私</c><37>は</c><1></c>,私
47.331,47.531,-1,0,<1></c><2>とおくてもかなえたいわた</c><37>しは</c><1></c>,た
47.531,47.731,-1,0,<1></c><2>とおくてもかなえたいわたし</c><37>は</c><1></c>,し
47.731,48.432,-1,0,<1></c><2>とおくてもかなえたいわたしは</c><1></c>,は
47.731,48.432,-1,-1,<1></c><2>遠くても　叶えたい　私は</c><1></c>,は
48.432,48.799,-1,0,<1></c><2>こ</c><37>んなせかいおもいもだきしめていたいのに</c><1></c>,こ
48.432,48.799,-1,-1,<1></c><2>こ</c><37>んな世界　想いも抱きしめていたいのに</c><1></c>,こ
48.799,49.366,-1,0,<1></c><2>こん</c><37>なせかいおもいもだきしめていたいのに</c><1></c>,ん
48.799,49.366,-1,-1,<1></c><2>こん</c><37>な世界　想いも抱きしめていたいのに</c><1></c>,ん
49.366,49.566,-1,0,<1></c><2>こんな</c><37>せかいおもいもだきしめていたいのに</c><1></c>,な
49.366,49.566,-1,-1,<1></c><2>こんな</c><37>世界　想いも抱きしめていたいのに</c><1></c>,な
49.566,49.8,-1,0,<1></c><2>こんなせ</c><37>かいおもいもだきしめていたいのに</c><1></c>,せ
49.566,49.8,-1,-1,<1></c><2>こんな世</c><37>界　想いも抱きしめていたいのに</c><1></c>,世
49.8,49.933,-1,0,<1></c><2>こんなせか</c><37>いおもいもだきしめていたいのに</c><1></c>,か
49.8,50.467,-1,-1,<1></c><2>こんな世界</c><37>　想いも抱きしめていたいのに</c><1></c>,界
49.933,50.634,-1,0,<1></c><2>こんなせかい</c><37>おもいもだきしめていたいのに</c><1></c>,い
50.467,50.634,-1,-1,<1></c><2>こんな世界　</c><37>想いも抱きしめていたいのに</c><1></c>,　
50.634,50.868,-1,0,<1></c><2>こんなせかいお</c><37>もいもだきしめていたいのに</c><1></c>,お
50.634,51.168,-1,-1,<1></c><2>こんな世界　想</c><37>いも抱きしめていたいのに</c><1></c>,想
50.868,51.168,-1,0,<1></c><2>こんなせかいおも</c><37>いもだきしめていたいのに</c><1></c>,も
51.168,51.368,-1,0,<1></c><2>こんなせかいおもい</c><37>もだきしめていたいのに</c><1></c>,い
51.168,51.368,-1,-1,<1></c><2>こんな世界　想い</c><37>も抱きしめていたいのに</c><1></c>,い
51.368,52.102,-1,0,<1></c><2>こんなせかいおもいも</c><37>だきしめていたいのに</c><1></c>,も
51.368,52.102,-1,-1,<1></c><2>こんな世界　想いも</c><37>抱きしめていたいのに</c><1></c>,も
52.102,52.469,-1,0,<1></c><2>こんなせかいおもいもだ</c><37>きしめていたいのに</c><1></c>,だ
52.102,52.469,-1,-1,<1></c><2>こんな世界　想いも抱</c><37>きしめていたいのに</c><1></c>,抱
52.469,52.87,-1,0,<1></c><2>こんなせかいおもいもだき</c><37>しめていたいのに</c><1></c>,き
52.469,52.87,-1,-1,<1></c><2>こんな世界　想いも抱き</c><37>しめていたいのに</c><1></c>,き
52.87,53.237,-1,0,<1></c><2>こんなせかいおもいもだきし</c><37>めていたいのに</c><1></c>,し
52.87,53.237,-1,-1,<1></c><2>こんな世界　想いも抱きし</c><37>めていたいのに</c><1></c>,し
53.237,53.604,-1,0,<1></c><2>こんなせかいおもいもだきしめ</c><37>ていたいのに</c><1></c>,め
53.237,53.604,-1,-1,<1></c><2>こんな世界　想いも抱きしめ</c><37>ていたいのに</c><1></c>,め
53.604,53.737,-1,0,<1></c><2>こんなせかいおもいもだきしめて</c><37>いたいのに</c><1></c>,て
53.604,53.737,-1,-1,<1></c><2>こんな世界　想いも抱きしめて</c><37>いたいのに</c><1></c>,て
53.737,53.971,-1,0,<1></c><2>こんなせかいおもいもだきしめてい</c><37>たいのに</c><1></c>,い
53.737,53.971,-1,-1,<1></c><2>こんな世界　想いも抱きしめてい</c><37>たいのに</c><1></c>,い
53.971,54.538,-1,0,<1></c><2>こんなせかいおもいもだきしめていた</c><37>いのに</c><1></c>,た
53.971,54.538,-1,-1,<1></c><2>こんな世界　想いも抱きしめていた</c><37>いのに</c><1></c>,た
54.538,54.671,-1,0,<1></c><2>こんなせかいおもいもだきしめていたい</c><37>のに</c><1></c>,い
54.538,54.671,-1,-1,<1></c><2>こんな世界　想いも抱きしめていたい</c><37>のに</c><1></c>,い
54.671,54.872,-1,0,<1></c><2>こんなせかいおもいもだきしめていたいの</c><37>に</c><1></c>,の
54.671,54.872,-1,-1,<1></c><2>こんな世界　想いも抱きしめていたいの</c><37>に</c><1></c>,の
54.872,55.272,-1,0,<1></c><2>こんなせかいおもいもだきしめていたいのに</c><1></c>,に
54.872,55.272,-1,-1,<1></c><2>こんな世界　想いも抱きしめていたいのに</c><1></c>,に
55.272,55.439,-1,0,<1></c><2>ゆ</c><37>めのきゃんばすに&nbsp;&nbsp;いつづけるいみは</c><1></c>,ゆ
55.272,55.839,-1,-1,<1></c><2>夢</c><37>のキャンバスに　居続ける意味は</c><1></c>,夢
55.439,55.839,-1,0,<1></c><2>ゆめ</c><37>のきゃんばすに&nbsp;&nbsp;いつづけるいみは</c><1></c>,め
55.839,56.006,-1,0,<1></c><2>ゆめの</c><37>きゃんばすに&nbsp;&nbsp;いつづけるいみは</c><1></c>,の
55.839,56.006,-1,-1,<1></c><2>夢の</c><37>キャンバスに　居続ける意味は</c><1></c>,の
56.006,56.54,-1,0,<1></c><2>ゆめのきゃ</c><37>んばすに&nbsp;&nbsp;いつづけるいみは</c><1></c>,きゃ
56.006,56.54,-1,-1,<1></c><2>夢のキャ</c><37>ンバスに　居続ける意味は</c><1></c>,キャ
56.54,56.707,-1,0,<1></c><2>ゆめのきゃん</c><37>ばすに&nbsp;&nbsp;いつづけるいみは</c><1></c>,ん
56.54,56.707,-1,-1,<1></c><2>夢のキャン</c><37>バスに　居続ける意味は</c><1></c>,ン
56.707,57.274,-1,0,<1></c><2>ゆめのきゃんば</c><37>すに&nbsp;&nbsp;いつづけるいみは</c><1></c>,ば
56.707,57.274,-1,-1,<1></c><2>夢のキャンバ</c><37>スに　居続ける意味は</c><1></c>,バ
57.274,57.474,-1,0,<1></c><2>ゆめのきゃんばす</c><37>に&nbsp;&nbsp;いつづけるいみは</c><1></c>,す
57.274,57.474,-1,-1,<1></c><2>夢のキャンバス</c><37>に　居続ける意味は</c><1></c>,ス
57.474,58.008,-1,0,<1></c><2>ゆめのきゃんばすに</c><37>いつづけるいみは</c><1></c>,ゆめのきゃんばすにいつづけるいみは
57.474,58.008,-1,-1,<1></c><2>夢のキャンバスに</c><37>　居続ける意味は</c><1></c>,に
58.008,58.208,-1,0,<1></c><2>ゆめのきゃんばすに&nbsp;&nbsp;</c><37>いつづけるいみは</c><1></c>,に&nbsp;&nbsp;
58.008,58.208,-1,-1,<1></c><2>夢のキャンバスに　</c><37>居続ける意味は</c><1></c>,　
58.208,58.375,-1,0,<1></c><2>ゆめのきゃんばすに&nbsp;&nbsp;い</c><37>つづけるいみは</c><1></c>,い
58.208,58.375,-1,-1,<1></c><2>夢のキャンバスに　居</c><37>続ける意味は</c><1></c>,居
58.375,58.742,-1,0,<1></c><2>ゆめのきゃんばすに&nbsp;&nbsp;いつ</c><37>づけるいみは</c><1></c>,つ
58.375,58.909,-1,-1,<1></c><2>夢のキャンバスに　居続</c><37>ける意味は</c><1></c>,続
58.742,58.909,-1,0,<1></c><2>ゆめのきゃんばすに&nbsp;&nbsp;いつづ</c><37>けるいみは</c><1></c>,づ
58.909,59.51,-1,0,<1></c><2>ゆめのきゃんばすに&nbsp;&nbsp;いつづけ</c><37>るいみは</c><1></c>,け
58.909,59.51,-1,-1,<1></c><2>夢のキャンバスに　居続け</c><37>る意味は</c><1></c>,け
59.51,59.676,-1,0,<1></c><2>ゆめのきゃんばすに&nbsp;&nbsp;いつづける</c><37>いみは</c><1></c>,る
59.51,59.676,-1,-1,<1></c><2>夢のキャンバスに　居続ける</c><37>意味は</c><1></c>,る
59.676,60.244,-1,0,<1></c><2>ゆめのきゃんばすに&nbsp;&nbsp;いつづけるい</c><37>みは</c><1></c>,い
59.676,60.244,-1,-1,<1></c><2>夢のキャンバスに　居続ける意</c><37>味は</c><1></c>,意
60.244,60.477,-1,0,<1></c><2>ゆめのきゃんばすに&nbsp;&nbsp;いつづけるいみ</c><37>は</c><1></c>,み
60.244,60.477,-1,-1,<1></c><2>夢のキャンバスに　居続ける意味</c><37>は</c><1></c>,味
60.477,61.311,-1,0,<1></c><2>ゆめのきゃんばすに&nbsp;&nbsp;いつづけるいみは</c><1></c>,は
60.477,61.311,-1,-1,<1></c><2>夢のキャンバスに　居続ける意味は</c><1></c>,は
61.311,61.712,-1,0,<1></c><2>こ</c><37>のむねにかがやいているすとーりー</c><1></c>,こ
61.311,61.712,-1,-1,<1></c><2>こ</c><37>の胸に　輝いている　ストーリー</c><1></c>,こ
61.712,61.879,-1,0,<1></c><2>この</c><37>むねにかがやいているすとーりー</c><1></c>,の
61.712,61.879,-1,-1,<1></c><2>この</c><37>胸に　輝いている　ストーリー</c><1></c>,の
61.879,62.413,-1,0,<1></c><2>このむ</c><37>ねにかがやいているすとーりー</c><1></c>,む
61.879,62.613,-1,-1,<1></c><2>この胸</c><37>に　輝いている　ストーリー</c><1></c>,胸
62.413,62.613,-1,0,<1></c><2>このむね</c><37>にかがやいているすとーりー</c><1></c>,ね
62.613,63.514,-1,0,<1></c><2>このむねに</c><37>かがやいているすとーりー</c><1></c>,に
62.613,63.514,-1,-1,<1></c><2>この胸に　</c><37>輝いている　ストーリー</c><1></c>,に　
63.514,63.881,-1,0,<1></c><2>このむねにか</c><37>がやいているすとーりー</c><1></c>,か
63.514,64.648,-1,-1,<1></c><2>この胸に　輝</c><37>いている　ストーリー</c><1></c>,輝
63.881,64.248,-1,0,<1></c><2>このむねにかが</c><37>やいているすとーりー</c><1></c>,が
64.248,64.648,-1,0,<1></c><2>このむねにかがや</c><37>いているすとーりー</c><1></c>,や
64.648,64.815,-1,0,<1></c><2>このむねにかがやい</c><37>ているすとーりー</c><1></c>,い
64.648,64.815,-1,-1,<1></c><2>この胸に　輝い</c><37>ている　ストーリー</c><1></c>,い
64.815,65.349,-1,0,<1></c><2>このむねにかがやいて</c><37>いるすとーりー</c><1></c>,て
64.815,65.349,-1,-1,<1></c><2>この胸に　輝いて</c><37>いる　ストーリー</c><1></c>,て
65.349,65.549,-1,0,<1></c><2>このむねにかがやいてい</c><37>るすとーりー</c><1></c>,い
65.349,65.549,-1,-1,<1></c><2>この胸に　輝いてい</c><37>る　ストーリー</c><1></c>,い
65.549,66.283,-1,0,<1></c><2>このむねにかがやいている</c><37>すとーりー</c><1></c>,る
65.549,66.016,-1,-1,<1></c><2>この胸に　輝いている</c><37>　ストーリー</c><1></c>,る
66.016,66.283,-1,-1,<1></c><2>この胸に　輝いている　</c><37>ストーリー</c><1></c>,　
66.283,66.45,-1,0,<1></c><2>このむねにかがやいているす</c><37>とーりー</c><1></c>,す
66.283,66.45,-1,-1,<1></c><2>この胸に　輝いている　ス</c><37>トーリー</c><1></c>,ス
66.45,66.817,-1,0,<1></c><2>このむねにかがやいているすとー</c><37>りー</c><1></c>,とー
66.45,66.817,-1,-1,<1></c><2>この胸に　輝いている　ストー</c><37>リー</c><1></c>,トー
66.817,70.154,-1,0,<1></c><2>このむねにかがやいているすとーりー</c><1></c>,りー
66.817,70.154,-1,-1,<1></c><2>この胸に　輝いている　ストーリー</c><1></c>,リー
67.217,70.154,-1,7,<1></c><2>映像コンポジット3dcg:roly</c><1></c>,映像コンポジット3dcg:roly
70.154,73.09,-1,0,<1></c><2>ロゴデザイン:をとは(ofutone)</c><1></c>,ロゴデザイン:をとは(ofutone)
73.09,76.06,67,0,<1></c><2>ボーカルディレクション:nekohacker(ofutone)</c><1></c>,ボーカルディレクション:nekohacker(ofutone)
76.06,78.996,56,0,<1></c><2>ボーカルレコーディング:nnzn(ofutone)</c><1></c>,ボーカルレコーディング:nnzn(ofutone)
79.396,79.563,-1,0,<1></c><2>あ</c><37>たえることにいみなどないけど</c><1></c>,あ
79.396,79.73,-1,-1,<1></c><2>与</c><37>えることに意味などないけど</c><1></c>,与
79.563,79.73,-1,0,<1></c><2>あた</c><37>えることにいみなどないけど</c><1></c>,た
79.73,80.264,-1,0,<1></c><2>あたえ</c><37>ることにいみなどないけど</c><1></c>,え
79.73,80.264,-1,-1,<1></c><2>与え</c><37>ることに意味などないけど</c><1></c>,え
80.264,80.464,-1,0,<1></c><2>あたえる</c><37>ことにいみなどないけど</c><1></c>,る
80.264,80.464,-1,-1,<1></c><2>与える</c><37>ことに意味などないけど</c><1></c>,る
80.464,80.631,-1,0,<1></c><2>あたえるこ</c><37>とにいみなどないけど</c><1></c>,こ
80.464,80.631,-1,-1,<1></c><2>与えるこ</c><37>とに意味などないけど</c><1></c>,こ
80.631,80.831,-1,0,<1></c><2>あたえること</c><37>にいみなどないけど</c><1></c>,と
80.631,80.831,-1,-1,<1></c><2>与えること</c><37>に意味などないけど</c><1></c>,と
80.831,82.299,-1,0,<1></c><2>あたえることに</c><37>いみなどないけど</c><1></c>,に
80.831,82.299,-1,-1,<1></c><2>与えることに</c><37>意味などないけど</c><1></c>,に
82.299,82.466,-1,0,<1></c><2>あたえることにい</c><37>みなどないけど</c><1></c>,い
82.299,82.466,-1,-1,<1></c><2>与えることに意</c><37>味などないけど</c><1></c>,意
82.466,82.666,-1,0,<1></c><2>あたえることにいみ</c><37>などないけど</c><1></c>,み
82.466,82.666,-1,-1,<1></c><2>与えることに意味</c><37>などないけど</c><1></c>,味
82.666,83.233,-1,0,<1></c><2>あたえることにいみな</c><37>どないけど</c><1></c>,な
82.666,83.233,-1,-1,<1></c><2>与えることに意味な</c><37>どないけど</c><1></c>,な
83.233,83.4,-1,0,<1></c><2>あたえることにいみなど</c><37>ないけど</c><1></c>,ど
83.233,83.4,-1,-1,<1></c><2>与えることに意味など</c><37>ないけど</c><1></c>,ど
83.4,83.767,-1,0,<1></c><2>あたえることにいみなどな</c><37>いけど</c><1></c>,な
83.4,83.767,-1,-1,<1></c><2>与えることに意味などな</c><37>いけど</c><1></c>,な
83.767,84.134,-1,0,<1></c><2>あたえることにいみなどない</c><37>けど</c><1></c>,い
83.767,84.134,-1,-1,<1></c><2>与えることに意味などない</c><37>けど</c><1></c>,い
84.134,84.501,-1,0,<1></c><2>あたえることにいみなどないけ</c><37>ど</c><1></c>,け
84.134,84.501,-1,-1,<1></c><2>与えることに意味などないけ</c><37>ど</c><1></c>,け
84.501,85.269,-1,0,<1></c><2>あたえることにいみなどないけど</c><1></c>,ど
84.501,85.269,-1,-1,<1></c><2>与えることに意味などないけど</c><1></c>,ど
85.269,85.436,-1,0,<1></c><2>ひ</c><37>ろいあつめたかけらうしなうの？</c><1></c>,ひ
85.269,85.636,-1,-1,<1></c><2>拾</c><37>い集めたカケラ失うの？</c><1></c>,拾
85.436,85.636,-1,0,<1></c><2>ひろ</c><37>いあつめたかけらうしなうの？</c><1></c>,ろ
85.636,86.17,-1,0,<1></c><2>ひろい</c><37>あつめたかけらうしなうの？</c><1></c>,い
85.636,86.17,-1,-1,<1></c><2>拾い</c><37>集めたカケラ失うの？</c><1></c>,い
86.17,86.336,-1,0,<1></c><2>ひろいあ</c><37>つめたかけらうしなうの？</c><1></c>,あ
86.17,86.537,-1,-1,<1></c><2>拾い集</c><37>めたカケラ失うの？</c><1></c>,集
86.336,86.537,-1,0,<1></c><2>ひろいあつ</c><37>めたかけらうしなうの？</c><1></c>,つ
86.537,86.737,-1,0,<1></c><2>ひろいあつめ</c><37>たかけらうしなうの？</c><1></c>,め
86.537,86.737,-1,-1,<1></c><2>拾い集め</c><37>たカケラ失うの？</c><1></c>,め
86.737,88.205,-1,0,<1></c><2>ひろいあつめた</c><37>かけらうしなうの？</c><1></c>,た
86.737,88.205,-1,-1,<1></c><2>拾い集めた</c><37>カケラ失うの？</c><1></c>,た
88.205,88.405,-1,0,<1></c><2>ひろいあつめたか</c><37>けらうしなうの？</c><1></c>,か
88.205,88.405,-1,-1,<1></c><2>拾い集めたカ</c><37>ケラ失うの？</c><1></c>,カ
88.405,88.572,-1,0,<1></c><2>ひろいあつめたかけ</c><37>らうしなうの？</c><1></c>,け
88.405,88.572,-1,-1,<1></c><2>拾い集めたカケ</c><37>ラ失うの？</c><1></c>,ケ
88.572,89.139,-1,0,<1></c><2>ひろいあつめたかけら</c><37>うしなうの？</c><1></c>,ら
88.572,89.139,-1,-1,<1></c><2>拾い集めたカケラ</c><37>失うの？</c><1></c>,ラ
89.139,89.306,-1,0,<1></c><2>ひろいあつめたかけらう</c><37>しなうの？</c><1></c>,う
89.139,90.04,-1,-1,<1></c><2>拾い集めたカケラ失</c><37>うの？</c><1></c>,失
89.306,89.673,-1,0,<1></c><2>ひろいあつめたかけらうし</c><37>なうの？</c><1></c>,し
89.673,90.04,-1,0,<1></c><2>ひろいあつめたかけらうしな</c><37>うの？</c><1></c>,な
90.04,90.374,-1,0,<1></c><2>ひろいあつめたかけらうしなう</c><37>の？</c><1></c>,う
90.04,90.374,-1,-1,<1></c><2>拾い集めたカケラ失う</c><37>の？</c><1></c>,う
90.374,91.175,-1,0,<1></c><2>ひろいあつめたかけらうしなうの？</c><1></c>,の？
90.374,91.175,-1,-1,<1></c><2>拾い集めたカケラ失うの？</c><1></c>,の？
91.175,91.508,-1,0,<1></c><2>そ</c><37>してよるはそのつめたさを</c><1></c>,そ
91.175,91.508,-1,-1,<1></c><2>そ</c><37>して夜はその冷たさを</c><1></c>,そ
91.508,91.875,-1,0,<1></c><2>そし</c><37>てよるはそのつめたさを</c><1></c>,し
91.508,91.875,-1,-1,<1></c><2>そし</c><37>て夜はその冷たさを</c><1></c>,し
91.875,92.643,-1,0,<1></c><2>そして</c><37>よるはそのつめたさを</c><1></c>,て
91.875,92.643,-1,-1,<1></c><2>そして</c><37>夜はその冷たさを</c><1></c>,て
92.643,92.976,-1,0,<1></c><2>そしてよ</c><37>るはそのつめたさを</c><1></c>,よ
92.643,93.343,-1,-1,<1></c><2>そして夜</c><37>はその冷たさを</c><1></c>,夜
92.976,93.343,-1,0,<1></c><2>そしてよる</c><37>はそのつめたさを</c><1></c>,る
93.343,94.111,-1,0,<1></c><2>そしてよるは</c><37>そのつめたさを</c><1></c>,は
93.343,94.111,-1,-1,<1></c><2>そして夜は</c><37>その冷たさを</c><1></c>,は
94.111,94.445,-1,0,<1></c><2>そしてよるはそ</c><37>のつめたさを</c><1></c>,そ
94.111,94.445,-1,-1,<1></c><2>そして夜はそ</c><37>の冷たさを</c><1></c>,そ
94.445,94.812,-1,0,<1></c><2>そしてよるはその</c><37>つめたさを</c><1></c>,の
94.445,94.812,-1,-1,<1></c><2>そして夜はその</c><37>冷たさを</c><1></c>,の
94.812,95.012,-1,0,<1></c><2>そしてよるはそのつ</c><37>めたさを</c><1></c>,つ
94.812,95.579,-1,-1,<1></c><2>そして夜はその冷</c><37>たさを</c><1></c>,冷
95.012,95.579,-1,0,<1></c><2>そしてよるはそのつめ</c><37>たさを</c><1></c>,め
95.579,95.946,-1,0,<1></c><2>そしてよるはそのつめた</c><37>さを</c><1></c>,た
95.579,95.946,-1,-1,<1></c><2>そして夜はその冷た</c><37>さを</c><1></c>,た
95.946,96.313,-1,0,<1></c><2>そしてよるはそのつめたさ</c><37>を</c><1></c>,さ
95.946,96.313,-1,-1,<1></c><2>そして夜はその冷たさ</c><37>を</c><1></c>,さ
96.313,97.014,-1,0,<1></c><2>そしてよるはそのつめたさを</c><1></c>,を
96.313,97.014,-1,-1,<1></c><2>そして夜はその冷たさを</c><1></c>,を
97.014,97.381,-1,0,<1></c><2>と</c><37>かしててをのばした</c><1></c>,と
97.014,97.381,-1,-1,<1></c><2>溶</c><37>かして手を伸ばした</c><1></c>,溶
97.381,97.748,-1,0,<1></c><2>とか</c><37>しててをのばした</c><1></c>,か
97.381,97.748,-1,-1,<1></c><2>溶か</c><37>して手を伸ばした</c><1></c>,か
97.748,97.948,-1,0,<1></c><2>とかし</c><37>ててをのばした</c><1></c>,し
97.748,97.948,-1,-1,<1></c><2>溶かし</c><37>て手を伸ばした</c><1></c>,し
97.948,98.449,-1,0,<1></c><2>とかして</c><37>てをのばした</c><1></c>,て
97.948,98.449,-1,-1,<1></c><2>溶かして</c><37>手を伸ばした</c><1></c>,て
98.449,98.849,-1,0,<1></c><2>とかしてて</c><37>をのばした</c><1></c>,て
98.449,98.849,-1,-1,<1></c><2>溶かして手</c><37>を伸ばした</c><1></c>,手
98.849,99.216,-1,0,<1></c><2>とかしててを</c><37>のばした</c><1></c>,を
98.849,99.216,-1,-1,<1></c><2>溶かして手を</c><37>伸ばした</c><1></c>,を
99.216,99.583,-1,0,<1></c><2>とかしててをの</c><37>ばした</c><1></c>,の
99.216,99.583,-1,-1,<1></c><2>溶かして手を伸</c><37>ばした</c><1></c>,伸
99.583,100.15,-1,0,<1></c><2>とかしててをのば</c><37>した</c><1></c>,ば
99.583,100.15,-1,-1,<1></c><2>溶かして手を伸ば</c><37>した</c><1></c>,ば
100.15,100.684,-1,0,<1></c><2>とかしててをのばし</c><37>た</c><1></c>,し
100.15,100.684,-1,-1,<1></c><2>溶かして手を伸ばし</c><37>た</c><1></c>,し
100.684,101.452,-1,0,<1></c><2>とかしててをのばした</c><1></c>,た
100.684,101.452,-1,-1,<1></c><2>溶かして手を伸ばした</c><1></c>,た
101.452,101.652,-1,0,<1></c><2>も</c><37>ういいよ</c><1></c>,も
101.452,101.652,-1,-1,<1></c><2>も</c><37>ういいよ</c><1></c>,も
101.652,101.819,-1,0,<1></c><2>もう</c><37>いいよ</c><1></c>,う
101.652,101.819,-1,-1,<1></c><2>もう</c><37>いいよ</c><1></c>,う
101.819,101.985,-1,0,<1></c><2>もうい</c><37>いよ</c><1></c>,い
101.819,101.985,-1,-1,<1></c><2>もうい</c><37>いよ</c><1></c>,い
101.985,102.152,-1,0,<1></c><2>もういい</c><37>よ</c><1></c>,い
101.985,102.152,-1,-1,<1></c><2>もういい</c><37>よ</c><1></c>,い
102.152,102.92,-1,0,<1></c><2>もういいよ</c><1></c>,よ
102.152,102.92,-1,-1,<1></c><2>もういいよ</c><1></c>,よ
102.92,103.087,-1,0,<1></c><2>と</c><37>おくてもとどけたいわたしは</c><1></c>,と
102.92,103.287,-1,-1,<1></c><2>遠</c><37>くても　届けたい　私は</c><1></c>,遠
103.087,103.287,-1,0,<1></c><2>とお</c><37>くてもとどけたいわたしは</c><1></c>,お
103.287,103.487,-1,0,<1></c><2>とおく</c><37>てもとどけたいわたしは</c><1></c>,く
103.287,103.487,-1,-1,<1></c><2>遠く</c><37>ても　届けたい　私は</c><1></c>,く
103.487,103.654,-1,0,<1></c><2>とおくて</c><37>もとどけたいわたしは</c><1></c>,て
103.487,103.654,-1,-1,<1></c><2>遠くて</c><37>も　届けたい　私は</c><1></c>,て
103.654,104.388,-1,0,<1></c><2>とおくても</c><37>とどけたいわたしは</c><1></c>,も
103.654,104.388,-1,-1,<1></c><2>遠くても　</c><37>届けたい　私は</c><1></c>,も　
104.388,104.755,-1,0,<1></c><2>とおくてもと</c><37>どけたいわたしは</c><1></c>,と
104.388,104.922,-1,-1,<1></c><2>遠くても　届</c><37>けたい　私は</c><1></c>,届
104.755,104.922,-1,0,<1></c><2>とおくてもとど</c><37>けたいわたしは</c><1></c>,ど
104.922,105.122,-1,0,<1></c><2>とおくてもとどけ</c><37>たいわたしは</c><1></c>,け
104.922,105.122,-1,-1,<1></c><2>遠くても　届け</c><37>たい　私は</c><1></c>,け
105.122,105.422,-1,0,<1></c><2>とおくてもとどけた</c><37>いわたしは</c><1></c>,た
105.122,105.422,-1,-1,<1></c><2>遠くても　届けた</c><37>い　私は</c><1></c>,た
105.422,105.856,-1,0,<1></c><2>とおくてもとどけたい</c><37>わたしは</c><1></c>,い
105.422,105.856,-1,-1,<1></c><2>遠くても　届けたい　</c><37>私は</c><1></c>,い　
105.856,106.223,-1,0,<1></c><2>とおくてもとどけたいわ</c><37>たしは</c><1></c>,わ
105.856,106.623,-1,-1,<1></c><2>遠くても　届けたい　私</c><37>は</c><1></c>,私
106.223,106.423,-1,0,<1></c><2>とおくてもとどけたいわた</c><37>しは</c><1></c>,た
106.423,106.623,-1,0,<1></c><2>とおくてもとどけたいわたし</c><37>は</c><1></c>,し
106.623,107.257,-1,0,<1></c><2>とおくてもとどけたいわたしは</c><1></c>,は
106.623,107.257,-1,-1,<1></c><2>遠くても　届けたい　私は</c><1></c>,は
107.257,107.624,-1,0,<1></c><2>う</c><37>けとめてくなみだもだきしめていたいのに</c><1></c>,う
107.257,107.624,-1,-1,<1></c><2>受</c><37>け止めてく涙も抱きしめていたいのに</c><1></c>,受
107.624,108.192,-1,0,<1></c><2>うけ</c><37>とめてくなみだもだきしめていたいのに</c><1></c>,け
107.624,108.192,-1,-1,<1></c><2>受け</c><37>止めてく涙も抱きしめていたいのに</c><1></c>,け
108.192,108.392,-1,0,<1></c><2>うけと</c><37>めてくなみだもだきしめていたいのに</c><1></c>,と
108.192,108.392,-1,-1,<1></c><2>受け止</c><37>めてく涙も抱きしめていたいのに</c><1></c>,止
108.392,108.592,-1,0,<1></c><2>うけとめ</c><37>てくなみだもだきしめていたいのに</c><1></c>,め
108.392,108.592,-1,-1,<1></c><2>受け止め</c><37>てく涙も抱きしめていたいのに</c><1></c>,め
108.592,108.792,-1,0,<1></c><2>うけとめて</c><37>くなみだもだきしめていたいのに</c><1></c>,て
108.592,108.792,-1,-1,<1></c><2>受け止めて</c><37>く涙も抱きしめていたいのに</c><1></c>,て
108.792,109.526,-1,0,<1></c><2>うけとめてく</c><37>なみだもだきしめていたいのに</c><1></c>,く
108.792,109.526,-1,-1,<1></c><2>受け止めてく</c><37>涙も抱きしめていたいのに</c><1></c>,く
109.526,109.693,-1,0,<1></c><2>うけとめてくな</c><37>みだもだきしめていたいのに</c><1></c>,な
109.526,110.227,-1,-1,<1></c><2>受け止めてく涙</c><37>も抱きしめていたいのに</c><1></c>,涙
109.693,110.027,-1,0,<1></c><2>うけとめてくなみ</c><37>だもだきしめていたいのに</c><1></c>,み
110.027,110.227,-1,0,<1></c><2>うけとめてくなみだ</c><37>もだきしめていたいのに</c><1></c>,だ
110.227,110.961,-1,0,<1></c><2>うけとめてくなみだも</c><37>だきしめていたいのに</c><1></c>,も
110.227,110.961,-1,-1,<1></c><2>受け止めてく涙も</c><37>抱きしめていたいのに</c><1></c>,も
110.961,111.361,-1,0,<1></c><2>うけとめてくなみだもだ</c><37>きしめていたいのに</c><1></c>,だ
110.961,111.361,-1,-1,<1></c><2>受け止めてく涙も抱</c><37>きしめていたいのに</c><1></c>,抱
111.361,111.728,-1,0,<1></c><2>うけとめてくなみだもだき</c><37>しめていたいのに</c><1></c>,き
111.361,111.728,-1,-1,<1></c><2>受け止めてく涙も抱き</c><37>しめていたいのに</c><1></c>,き
111.728,112.096,-1,0,<1></c><2>うけとめてくなみだもだきし</c><37>めていたいのに</c><1></c>,し
111.728,112.096,-1,-1,<1></c><2>受け止めてく涙も抱きし</c><37>めていたいのに</c><1></c>,し
112.096,112.529,-1,0,<1></c><2>うけとめてくなみだもだきしめ</c><37>ていたいのに</c><1></c>,め
112.096,112.529,-1,-1,<1></c><2>受け止めてく涙も抱きしめ</c><37>ていたいのに</c><1></c>,め
112.529,112.663,-1,0,<1></c><2>うけとめてくなみだもだきしめて</c><37>いたいのに</c><1></c>,て
112.529,112.663,-1,-1,<1></c><2>受け止めてく涙も抱きしめて</c><37>いたいのに</c><1></c>,て
112.663,112.863,-1,0,<1></c><2>うけとめてくなみだもだきしめてい</c><37>たいのに</c><1></c>,い
112.663,112.863,-1,-1,<1></c><2>受け止めてく涙も抱きしめてい</c><37>たいのに</c><1></c>,い
112.863,113.363,-1,0,<1></c><2>うけとめてくなみだもだきしめていた</c><37>いのに</c><1></c>,た
112.863,113.363,-1,-1,<1></c><2>受け止めてく涙も抱きしめていた</c><37>いのに</c><1></c>,た
113.363,113.564,-1,0,<1></c><2>うけとめてくなみだもだきしめていたい</c><37>のに</c><1></c>,い
113.363,113.564,-1,-1,<1></c><2>受け止めてく涙も抱きしめていたい</c><37>のに</c><1></c>,い
113.564,113.764,-1,0,<1></c><2>うけとめてくなみだもだきしめていたいの</c><37>に</c><1></c>,の
113.564,113.764,-1,-1,<1></c><2>受け止めてく涙も抱きしめていたいの</c><37>に</c><1></c>,の
113.764,114.131,-1,0,<1></c><2>うけとめてくなみだもだきしめていたいのに</c><1></c>,に
113.764,114.131,-1,-1,<1></c><2>受け止めてく涙も抱きしめていたいのに</c><1></c>,に
114.131,114.331,-1,0,<1></c><2>ゆ</c><37>めのきゃんばすに&nbsp;&nbsp;こころこめるのは</c><1></c>,ゆ
114.131,114.698,-1,-1,<1></c><2>夢</c><37>のキャンバスに　心込めるのは</c><1></c>,夢
114.331,114.698,-1,0,<1></c><2>ゆめ</c><37>のきゃんばすに&nbsp;&nbsp;こころこめるのは</c><1></c>,め
114.698,114.898,-1,0,<1></c><2>ゆめの</c><37>きゃんばすに&nbsp;&nbsp;こころこめるのは</c><1></c>,の
114.698,114.898,-1,-1,<1></c><2>夢の</c><37>キャンバスに　心込めるのは</c><1></c>,の
114.898,115.432,-1,0,<1></c><2>ゆめのきゃ</c><37>んばすに&nbsp;&nbsp;こころこめるのは</c><1></c>,きゃ
114.898,115.432,-1,-1,<1></c><2>夢のキャ</c><37>ンバスに　心込めるのは</c><1></c>,キャ
115.432,115.599,-1,0,<1></c><2>ゆめのきゃん</c><37>ばすに&nbsp;&nbsp;こころこめるのは</c><1></c>,ん
115.432,115.599,-1,-1,<1></c><2>夢のキャン</c><37>バスに　心込めるのは</c><1></c>,ン
115.599,116.1,-1,0,<1></c><2>ゆめのきゃんば</c><37>すに&nbsp;&nbsp;こころこめるのは</c><1></c>,ば
115.599,116.1,-1,-1,<1></c><2>夢のキャンバ</c><37>スに　心込めるのは</c><1></c>,バ
116.1,116.366,-1,0,<1></c><2>ゆめのきゃんばす</c><37>に&nbsp;&nbsp;こころこめるのは</c><1></c>,す
116.1,116.366,-1,-1,<1></c><2>夢のキャンバス</c><37>に　心込めるのは</c><1></c>,ス
116.366,116.9,-1,0,<1></c><2>ゆめのきゃんばすに</c><37>こころこめるのは</c><1></c>,ゆめのきゃんばすにこころこめるのは
116.366,116.9,-1,-1,<1></c><2>夢のキャンバスに</c><37>　心込めるのは</c><1></c>,に
116.9,117.101,-1,0,<1></c><2>ゆめのきゃんばすに&nbsp;&nbsp;</c><37>こころこめるのは</c><1></c>,に&nbsp;&nbsp;
116.9,117.101,-1,-1,<1></c><2>夢のキャンバスに　</c><37>心込めるのは</c><1></c>,　
117.101,117.267,-1,0,<1></c><2>ゆめのきゃんばすに&nbsp;&nbsp;こ</c><37>ころこめるのは</c><1></c>,こ
117.101,117.835,-1,-1,<1></c><2>夢のキャンバスに　心</c><37>込めるのは</c><1></c>,心
117.267,117.668,-1,0,<1></c><2>ゆめのきゃんばすに&nbsp;&nbsp;ここ</c><37>ろこめるのは</c><1></c>,こ
117.668,117.835,-1,0,<1></c><2>ゆめのきゃんばすに&nbsp;&nbsp;こころ</c><37>こめるのは</c><1></c>,ろ
117.835,118.335,-1,0,<1></c><2>ゆめのきゃんばすに&nbsp;&nbsp;こころこ</c><37>めるのは</c><1></c>,こ
117.835,118.335,-1,-1,<1></c><2>夢のキャンバスに　心込</c><37>めるのは</c><1></c>,込
118.335,118.569,-1,0,<1></c><2>ゆめのきゃんばすに&nbsp;&nbsp;こころこめ</c><37>るのは</c><1></c>,め
118.335,118.569,-1,-1,<1></c><2>夢のキャンバスに　心込め</c><37>るのは</c><1></c>,め
118.569,119.103,-1,0,<1></c><2>ゆめのきゃんばすに&nbsp;&nbsp;こころこめる</c><37>のは</c><1></c>,る
118.569,119.103,-1,-1,<1></c><2>夢のキャンバスに　心込める</c><37>のは</c><1></c>,る
119.103,119.303,-1,0,<1></c><2>ゆめのきゃんばすに&nbsp;&nbsp;こころこめるの</c><37>は</c><1></c>,の
119.103,119.303,-1,-1,<1></c><2>夢のキャンバスに　心込めるの</c><37>は</c><1></c>,の
119.303,120.17,-1,0,<1></c><2>ゆめのきゃんばすに&nbsp;&nbsp;こころこめるのは</c><1></c>,は
119.303,120.17,-1,-1,<1></c><2>夢のキャンバスに　心込めるのは</c><1></c>,は
120.17,120.537,-1,0,<1></c><2>こ</c><37>のそらにえがきだしてくすとーりー</c><1></c>,こ
120.17,120.537,-1,-1,<1></c><2>こ</c><37>の空に　描きだしてく　ストーリー</c><1></c>,こ
120.537,120.737,-1,0,<1></c><2>この</c><37>そらにえがきだしてくすとーりー</c><1></c>,の
120.537,120.737,-1,-1,<1></c><2>この</c><37>空に　描きだしてく　ストーリー</c><1></c>,の
120.737,121.271,-1,0,<1></c><2>このそ</c><37>らにえがきだしてくすとーりー</c><1></c>,そ
120.737,121.505,-1,-1,<1></c><2>この空</c><37>に　描きだしてく　ストーリー</c><1></c>,空
121.271,121.505,-1,0,<1></c><2>このそら</c><37>にえがきだしてくすとーりー</c><1></c>,ら
121.505,122.406,-1,0,<1></c><2>このそらに</c><37>えがきだしてくすとーりー</c><1></c>,に
121.505,122.406,-1,-1,<1></c><2>この空に　</c><37>描きだしてく　ストーリー</c><1></c>,に　
122.406,122.773,-1,0,<1></c><2>このそらにえ</c><37>がきだしてくすとーりー</c><1></c>,え
122.406,123.14,-1,-1,<1></c><2>この空に　描</c><37>きだしてく　ストーリー</c><1></c>,描
122.773,123.14,-1,0,<1></c><2>このそらにえが</c><37>きだしてくすとーりー</c><1></c>,が
123.14,123.54,-1,0,<1></c><2>このそらにえがき</c><37>だしてくすとーりー</c><1></c>,き
123.14,123.54,-1,-1,<1></c><2>この空に　描き</c><37>だしてく　ストーリー</c><1></c>,き
123.54,123.707,-1,0,<1></c><2>このそらにえがきだ</c><37>してくすとーりー</c><1></c>,だ
123.54,123.707,-1,-1,<1></c><2>この空に　描きだ</c><37>してく　ストーリー</c><1></c>,だ
123.707,124.241,-1,0,<1></c><2>このそらにえがきだし</c><37>てくすとーりー</c><1></c>,し
123.707,124.241,-1,-1,<1></c><2>この空に　描きだし</c><37>てく　ストーリー</c><1></c>,し
124.241,124.441,-1,0,<1></c><2>このそらにえがきだして</c><37>くすとーりー</c><1></c>,て
124.241,124.441,-1,-1,<1></c><2>この空に　描きだして</c><37>く　ストーリー</c><1></c>,て
124.441,125.175,-1,0,<1></c><2>このそらにえがきだしてく</c><37>すとーりー</c><1></c>,く
124.441,124.942,-1,-1,<1></c><2>この空に　描きだしてく</c><37>　ストーリー</c><1></c>,く
124.942,125.175,-1,-1,<1></c><2>この空に　描きだしてく　</c><37>ストーリー</c><1></c>,　
125.175,125.375,-1,0,<1></c><2>このそらにえがきだしてくす</c><37>とーりー</c><1></c>,す
125.175,125.375,-1,-1,<1></c><2>この空に　描きだしてく　ス</c><37>トーリー</c><1></c>,ス
125.375,125.709,-1,0,<1></c><2>このそらにえがきだしてくすとー</c><37>りー</c><1></c>,とー
125.375,125.709,-1,-1,<1></c><2>この空に　描きだしてく　ストー</c><37>リー</c><1></c>,トー
125.709,129.046,-1,0,<1></c><2>このそらにえがきだしてくすとーりー</c><1></c>,りー
125.709,129.046,-1,-1,<1></c><2>この空に　描きだしてく　ストーリー</c><1></c>,リー
138.322,138.722,-1,0,<1></c><2>そ</c><37>してよるはそのつめたさを</c><1></c>,そ
138.322,138.722,-1,-1,<1></c><2>そ</c><37>して夜はその冷たさを</c><1></c>,そ
138.722,139.056,-1,0,<1></c><2>そし</c><37>てよるはそのつめたさを</c><1></c>,し
138.722,139.056,-1,-1,<1></c><2>そし</c><37>て夜はその冷たさを</c><1></c>,し
139.056,139.756,-1,0,<1></c><2>そして</c><37>よるはそのつめたさを</c><1></c>,て
139.056,139.756,-1,-1,<1></c><2>そして</c><37>夜はその冷たさを</c><1></c>,て
139.756,140.157,-1,0,<1></c><2>そしてよ</c><37>るはそのつめたさを</c><1></c>,よ
139.756,140.491,-1,-1,<1></c><2>そして夜</c><37>はその冷たさを</c><1></c>,夜
140.157,140.491,-1,0,<1></c><2>そしてよる</c><37>はそのつめたさを</c><1></c>,る
140.491,141.291,-1,0,<1></c><2>そしてよるは</c><37>そのつめたさを</c><1></c>,は
140.491,141.291,-1,-1,<1></c><2>そして夜は</c><37>その冷たさを</c><1></c>,は
141.291,141.592,-1,0,<1></c><2>そしてよるはそ</c><37>のつめたさを</c><1></c>,そ
141.291,141.592,-1,-1,<1></c><2>そして夜はそ</c><37>の冷たさを</c><1></c>,そ
141.592,141.959,-1,0,<1></c><2>そしてよるはその</c><37>つめたさを</c><1></c>,の
141.592,141.959,-1,-1,<1></c><2>そして夜はその</c><37>冷たさを</c><1></c>,の
141.959,142.159,-1,0,<1></c><2>そしてよるはそのつ</c><37>めたさを</c><1></c>,つ
141.959,142.659,-1,-1,<1></c><2>そして夜はその冷</c><37>たさを</c><1></c>,冷
142.159,142.659,-1,0,<1></c><2>そしてよるはそのつめ</c><37>たさを</c><1></c>,め
142.659,143.06,-1,0,<1></c><2>そしてよるはそのつめた</c><37>さを</c><1></c>,た
142.659,143.06,-1,-1,<1></c><2>そして夜はその冷た</c><37>さを</c><1></c>,た
143.06,143.427,-1,0,<1></c><2>そしてよるはそのつめたさ</c><37>を</c><1></c>,さ
143.06,143.427,-1,-1,<1></c><2>そして夜はその冷たさ</c><37>を</c><1></c>,さ
143.427,144.128,-1,0,<1></c><2>そしてよるはそのつめたさを</c><1></c>,を
143.427,144.128,-1,-1,<1></c><2>そして夜はその冷たさを</c><1></c>,を
144.128,144.528,-1,0,<1></c><2>と</c><37>かしててをのばした</c><1></c>,と
144.128,144.528,-1,-1,<1></c><2>溶</c><37>かして手を伸ばした</c><1></c>,溶
144.528,144.862,-1,0,<1></c><2>とか</c><37>しててをのばした</c><1></c>,か
144.528,144.862,-1,-1,<1></c><2>溶か</c><37>して手を伸ばした</c><1></c>,か
144.862,145.062,-1,0,<1></c><2>とかし</c><37>ててをのばした</c><1></c>,し
144.862,145.062,-1,-1,<1></c><2>溶かし</c><37>て手を伸ばした</c><1></c>,し
145.062,145.596,-1,0,<1></c><2>とかして</c><37>てをのばした</c><1></c>,て
145.062,145.596,-1,-1,<1></c><2>溶かして</c><37>手を伸ばした</c><1></c>,て
145.596,145.996,-1,0,<1></c><2>とかしてて</c><37>をのばした</c><1></c>,て
145.596,145.996,-1,-1,<1></c><2>溶かして手</c><37>を伸ばした</c><1></c>,手
145.996,146.363,-1,0,<1></c><2>とかしててを</c><37>のばした</c><1></c>,を
145.996,146.363,-1,-1,<1></c><2>溶かして手を</c><37>伸ばした</c><1></c>,を
146.363,146.697,-1,0,<1></c><2>とかしててをの</c><37>ばした</c><1></c>,の
146.363,146.697,-1,-1,<1></c><2>溶かして手を伸</c><37>ばした</c><1></c>,伸
146.697,147.297,-1,0,<1></c><2>とかしててをのば</c><37>した</c><1></c>,ば
146.697,147.297,-1,-1,<1></c><2>溶かして手を伸ば</c><37>した</c><1></c>,ば
147.297,147.798,-1,0,<1></c><2>とかしててをのばし</c><37>た</c><1></c>,し
147.297,147.798,-1,-1,<1></c><2>溶かして手を伸ばし</c><37>た</c><1></c>,し
147.798,148.599,-1,0,<1></c><2>とかしててをのばした</c><1></c>,た
147.798,148.599,-1,-1,<1></c><2>溶かして手を伸ばした</c><1></c>,た
148.599,148.832,-1,0,<1></c><2>も</c><37>ういいの</c><1></c>,も
148.599,148.832,-1,-1,<1></c><2>も</c><37>ういいの</c><1></c>,も
148.832,148.966,-1,0,<1></c><2>もう</c><37>いいの</c><1></c>,う
148.832,148.966,-1,-1,<1></c><2>もう</c><37>いいの</c><1></c>,う
148.966,149.099,-1,0,<1></c><2>もうい</c><37>いの</c><1></c>,い
148.966,149.099,-1,-1,<1></c><2>もうい</c><37>いの</c><1></c>,い
149.099,149.299,-1,0,<1></c><2>もういい</c><37>の</c><1></c>,い
149.099,149.299,-1,-1,<1></c><2>もういい</c><37>の</c><1></c>,い
149.299,150.033,-1,0,<1></c><2>もういいの</c><1></c>,の
149.299,150.033,-1,-1,<1></c><2>もういいの</c><1></c>,の
150.033,150.2,-1,0,<1></c><2>と</c><37>おくてもかなえたいわたしの</c><1></c>,と
150.033,150.4,-1,-1,<1></c><2>遠</c><37>くても　叶えたい　私の</c><1></c>,遠
150.2,150.4,-1,0,<1></c><2>とお</c><37>くてもかなえたいわたしの</c><1></c>,お
150.4,150.601,-1,0,<1></c><2>とおく</c><37>てもかなえたいわたしの</c><1></c>,く
150.4,150.601,-1,-1,<1></c><2>遠く</c><37>ても　叶えたい　私の</c><1></c>,く
150.601,150.801,-1,0,<1></c><2>とおくて</c><37>もかなえたいわたしの</c><1></c>,て
150.601,150.801,-1,-1,<1></c><2>遠くて</c><37>も　叶えたい　私の</c><1></c>,て
150.801,151.502,-1,0,<1></c><2>とおくても</c><37>かなえたいわたしの</c><1></c>,も
150.801,151.502,-1,-1,<1></c><2>遠くても　</c><37>叶えたい　私の</c><1></c>,も　
151.502,151.869,-1,0,<1></c><2>とおくてもか</c><37>なえたいわたしの</c><1></c>,か
151.502,152.002,-1,-1,<1></c><2>遠くても　叶</c><37>えたい　私の</c><1></c>,叶
151.869,152.002,-1,0,<1></c><2>とおくてもかな</c><37>えたいわたしの</c><1></c>,な
152.002,152.236,-1,0,<1></c><2>とおくてもかなえ</c><37>たいわたしの</c><1></c>,え
152.002,152.236,-1,-1,<1></c><2>遠くても　叶え</c><37>たい　私の</c><1></c>,え
152.236,152.436,-1,0,<1></c><2>とおくてもかなえた</c><37>いわたしの</c><1></c>,た
152.236,152.436,-1,-1,<1></c><2>遠くても　叶えた</c><37>い　私の</c><1></c>,た
152.436,152.97,-1,0,<1></c><2>とおくてもかなえたい</c><37>わたしの</c><1></c>,い
152.436,152.97,-1,-1,<1></c><2>遠くても　叶えたい　</c><37>私の</c><1></c>,い　
152.97,153.303,-1,0,<1></c><2>とおくてもかなえたいわ</c><37>たしの</c><1></c>,わ
152.97,153.704,-1,-1,<1></c><2>遠くても　叶えたい　私</c><37>の</c><1></c>,私
153.303,153.47,-1,0,<1></c><2>とおくてもかなえたいわた</c><37>しの</c><1></c>,た
153.47,153.704,-1,0,<1></c><2>とおくてもかなえたいわたし</c><37>の</c><1></c>,し
153.704,154.438,-1,0,<1></c><2>とおくてもかなえたいわたしの</c><1></c>,の
153.704,154.438,-1,-1,<1></c><2>遠くても　叶えたい　私の</c><1></c>,の
154.438,154.838,-1,0,<1></c><52>こ</c><37>んなせかいおもいもことばでつつんだ</c><1></c>,こ
154.438,154.838,-1,-1,<1></c><52>こ</c><37>んな世界　想いも言葉で包んだ</c><1></c>,こ
154.838,155.405,-1,0,<1></c><52>こ</c><53>ん</c><37>なせかいおもいもことばでつつんだ</c><1></c>,ん
154.838,155.405,-1,-1,<1></c><52>こ</c><53>ん</c><37>な世界　想いも言葉で包んだ</c><1></c>,ん
155.405,155.572,-1,0,<1></c><52>こ</c><53>ん</c><59>な</c><37>せかいおもいもことばでつつんだ</c><1></c>,な
155.405,155.572,-1,-1,<1></c><52>こ</c><53>ん</c><59>な</c><37>世界　想いも言葉で包んだ</c><1></c>,な
155.572,155.772,56,0,<1></c><52>こ</c><53>ん</c><59>な</c><64>せ</c><37>かいおもいもことばでつつんだ</c><1></c>,せ
155.572,155.772,-1,-1,<1></c><52>こ</c><53>ん</c><59>な</c><64>世</c><37>界　想いも言葉で包んだ</c><1></c>,世
155.772,155.939,58,0,<1></c><52>こ</c><53>ん</c><59>な</c><64>せ</c><67>か</c><37>いおもいもことばでつつんだ</c><1></c>,か
155.772,155.939,-1,-1,<1></c><52>こ</c><53>ん</c><59>な</c><64>世</c><67>界</c><37>　想いも言葉で包んだ</c><1></c>,界
155.939,156.673,59,0,<1></c><52>こ</c><53>ん</c><59>な</c><64>せ</c><67>か</c><70>い</c><37>おもいもことばでつつんだ</c><1></c>,い
155.939,156.673,-1,-1,<1></c><52>こ</c><53>ん</c><59>な</c><64>世</c><67>界</c><70>　</c><37>想いも言葉で包んだ</c><1></c>,　
156.673,156.874,61,0,<1></c><52>こ</c><53>ん</c><59>な</c><64>せ</c><67>か</c><70>い</c><51>お</c><37>もいもことばでつつんだ</c><1></c>,お
156.673,157.241,-1,-1,<1></c><52>こ</c><53>ん</c><59>な</c><64>世</c><67>界</c><70>　</c><51>想</c><37>いも言葉で包んだ</c><1></c>,想
156.874,157.241,63,0,<1></c><52>こ</c><53>ん</c><59>な</c><64>せ</c><67>か</c><70>い</c><51>お</c><46>も</c><37>いもことばでつつんだ</c><1></c>,も
157.241,157.407,64,0,<1></c><52>こ</c><53>ん</c><59>な</c><64>せ</c><67>か</c><70>い</c><51>お</c><46>も</c><29>い</c><37>もことばでつつんだ</c><1></c>,い
157.241,157.407,-1,-1,<1></c><52>こ</c><53>ん</c><59>な</c><64>世</c><67>界</c><70>　</c><51>想</c><29>い</c><37>も言葉で包んだ</c><1></c>,い
157.407,158.142,66,0,<1></c><52>こ</c><53>ん</c><59>な</c><64>せ</c><67>か</c><70>い</c><51>お</c><46>も</c><29>い</c><19>も</c><37>ことばでつつんだ</c><1></c>,も
157.407,158.142,-1,-1,<1></c><52>こ</c><53>ん</c><59>な</c><64>世</c><67>界</c><70>　</c><51>想</c><29>い</c><19>も</c><37>言葉で包んだ</c><1></c>,も
158.142,158.509,67,0,<1></c><52>こ</c><53>ん</c><59>な</c><64>せ</c><67>か</c><70>い</c><51>お</c><46>も</c><29>い</c><19>も</c><14>こ</c><37>とばでつつんだ</c><1></c>,こ
158.142,158.876,-1,-1,<1></c><52>こ</c><53>ん</c><59>な</c><64>世</c><67>界</c><70>　</c><51>想</c><29>い</c><19>も</c><14>言</c><37>葉で包んだ</c><1></c>,言
158.509,158.876,69,0,<1></c><52>こ</c><53>ん</c><59>な</c><64>せ</c><67>か</c><70>い</c><51>お</c><46>も</c><29>い</c><19>も</c><14>こ</c><9>と</c><37>ばでつつんだ</c><1></c>,と
158.876,159.243,70,0,<1></c><52>こ</c><53>ん</c><59>な</c><64>せ</c><67>か</c><70>い</c><51>お</c><46>も</c><29>い</c><19>も</c><14>こ</c><9>と</c><24>ば</c><37>でつつんだ</c><1></c>,ば
158.876,159.243,-1,-1,<1></c><52>こ</c><53>ん</c><59>な</c><64>世</c><67>界</c><70>　</c><51>想</c><29>い</c><19>も</c><14>言</c><24>葉</c><37>で包んだ</c><1></c>,葉
159.243,159.576,72,0,<1></c><52>こ</c><53>ん</c><59>な</c><64>せ</c><67>か</c><70>い</c><51>お</c><46>も</c><29>い</c><19>も</c><14>こ</c><9>と</c><24>ば</c><31>で</c><37>つつんだ</c><1></c>,で
159.243,159.576,-1,-1,<1></c><52>こ</c><53>ん</c><59>な</c><64>世</c><67>界</c><70>　</c><51>想</c><29>い</c><19>も</c><14>言</c><24>葉</c><31>で</c><37>包んだ</c><1></c>,で
159.576,159.943,73,0,<1></c><52>こ</c><53>ん</c><59>な</c><64>せ</c><67>か</c><70>い</c><51>お</c><46>も</c><29>い</c><19>も</c><14>こ</c><9>と</c><24>ば</c><31>で</c><41>つ</c><37>つんだ</c><1></c>,つ
159.576,160.544,56,-1,<1></c><52>こ</c><53>ん</c><59>な</c><64>世</c><67>界</c><70>　</c><51>想</c><29>い</c><19>も</c><14>言</c><24>葉</c><31>で</c><41>包</c><37>んだ</c><1></c>,包
159.943,160.544,75,0,<1></c><52>こ</c><53>ん</c><59>な</c><64>せ</c><67>か</c><70>い</c><51>お</c><46>も</c><29>い</c><19>も</c><14>こ</c><9>と</c><24>ば</c><31>で</c><41>つ</c><27>つ</c><37>んだ</c><1></c>,つ
160.544,160.677,77,0,<1></c><52>こ</c><53>ん</c><59>な</c><64>せ</c><67>か</c><70>い</c><51>お</c><46>も</c><29>い</c><19>も</c><14>こ</c><9>と</c><24>ば</c><31>で</c><41>つ</c><27>つ</c><3>ん</c><37>だ</c><1></c>,ん
160.544,160.677,58,-1,<1></c><52>こ</c><53>ん</c><59>な</c><64>世</c><67>界</c><70>　</c><51>想</c><29>い</c><19>も</c><14>言</c><24>葉</c><31>で</c><41>包</c><3>ん</c><37>だ</c><1></c>,ん
160.677,161.245,77,0,<1></c><52>こ</c><53>ん</c><59>な</c><64>せ</c><67>か</c><70>い</c><51>お</c><46>も</c><29>い</c><19>も</c><14>こ</c><9>と</c><24>ば</c><31>で</c><41>つ</c><27>つ</c><3>ん</c><2>だ</c><1></c>,だ
160.677,161.245,58,-1,<1></c><52>こ</c><53>ん</c><59>な</c><64>世</c><67>界</c><70>　</c><51>想</c><29>い</c><19>も</c><14>言</c><24>葉</c><31>で</c><41>包</c><3>ん</c><2>だ</c><1></c>,だ
161.245,161.445,-1,0,<1></c><52>ゆ</c><37>めのきゃんばすにいろをたしてゆく</c><1></c>,ゆ
161.245,161.778,-1,-1,<1></c><52>夢</c><37>のキャンバスに　色を足してゆく</c><1></c>,夢
161.445,161.778,-1,0,<1></c><52>ゆ</c><54>め</c><37>のきゃんばすにいろをたしてゆく</c><1></c>,め
161.778,161.979,-1,0,<1></c><52>ゆ</c><54>め</c><60>の</c><37>きゃんばすにいろをたしてゆく</c><1></c>,の
161.778,161.979,-1,-1,<1></c><52>夢</c><60>の</c><37>キャンバスに　色を足してゆく</c><1></c>,の
161.979,162.546,56,0,<1></c><52>ゆ</c><54>め</c><60>の</c><65>き</c><68>ゃ</c><37>んばすにいろをたしてゆく</c><1></c>,きゃ
161.979,162.546,-1,-1,<1></c><52>夢</c><60>の</c><65>キ</c><68>ャ</c><37>ンバスに　色を足してゆく</c><1></c>,キャ
162.546,162.713,58,0,<1></c><52>ゆ</c><54>め</c><60>の</c><65>き</c><68>ゃ</c><72>ん</c><37>ばすにいろをたしてゆく</c><1></c>,ん
162.546,162.713,-1,-1,<1></c><52>夢</c><60>の</c><65>キ</c><68>ャ</c><72>ン</c><37>バスに　色を足してゆく</c><1></c>,ン
162.713,163.28,59,0,<1></c><52>ゆ</c><54>め</c><60>の</c><65>き</c><68>ゃ</c><72>ん</c><48>ば</c><37>すにいろをたしてゆく</c><1></c>,ば
162.713,163.28,-1,-1,<1></c><52>夢</c><60>の</c><65>キ</c><68>ャ</c><72>ン</c><48>バ</c><37>スに　色を足してゆく</c><1></c>,バ
163.28,163.48,61,0,<1></c><52>ゆ</c><54>め</c><60>の</c><65>き</c><68>ゃ</c><72>ん</c><48>ば</c><43>す</c><37>にいろをたしてゆく</c><1></c>,す
163.28,163.48,-1,-1,<1></c><52>夢</c><60>の</c><65>キ</c><68>ャ</c><72>ン</c><48>バ</c><43>ス</c><37>に　色を足してゆく</c><1></c>,ス
163.48,164.214,63,0,<1></c><52>ゆ</c><54>め</c><60>の</c><65>き</c><68>ゃ</c><72>ん</c><48>ば</c><43>す</c><20>に</c><37>いろをたしてゆく</c><1></c>,に
163.48,164.214,-1,-1,<1></c><52>夢</c><60>の</c><65>キ</c><68>ャ</c><72>ン</c><48>バ</c><43>ス</c><20>に　</c><37>色を足してゆく</c><1></c>,に　
164.214,164.414,64,0,<1></c><52>ゆ</c><54>め</c><60>の</c><65>き</c><68>ゃ</c><72>ん</c><48>ば</c><43>す</c><20>に</c><16>い</c><37>ろをたしてゆく</c><1></c>,い
164.214,164.781,-1,-1,<1></c><52>夢</c><60>の</c><65>キ</c><68>ャ</c><72>ン</c><48>バ</c><43>ス</c><20>に　</c><16>色</c><37>を足してゆく</c><1></c>,色
164.414,164.781,66,0,<1></c><52>ゆ</c><54>め</c><60>の</c><65>き</c><68>ゃ</c><72>ん</c><48>ば</c><43>す</c><20>に</c><16>い</c><12>ろ</c><37>をたしてゆく</c><1></c>,ろ
164.781,164.948,67,0,<1></c><52>ゆ</c><54>め</c><60>の</c><65>き</c><68>ゃ</c><72>ん</c><48>ば</c><43>す</c><20>に</c><16>い</c><12>ろ</c><23>を</c><37>たしてゆく</c><1></c>,を
164.781,164.948,-1,-1,<1></c><52>夢</c><60>の</c><65>キ</c><68>ャ</c><72>ン</c><48>バ</c><43>ス</c><20>に　</c><16>色</c><23>を</c><37>足してゆく</c><1></c>,を
164.948,165.516,69,0,<1></c><52>ゆ</c><54>め</c><60>の</c><65>き</c><68>ゃ</c><72>ん</c><48>ば</c><43>す</c><20>に</c><16>い</c><12>ろ</c><23>を</c><28>た</c><37>してゆく</c><1></c>,た
164.948,165.516,-1,-1,<1></c><52>夢</c><60>の</c><65>キ</c><68>ャ</c><72>ン</c><48>バ</c><43>ス</c><20>に　</c><16>色</c><23>を</c><28>足</c><37>してゆく</c><1></c>,足
165.516,165.682,70,0,<1></c><52>ゆ</c><54>め</c><60>の</c><65>き</c><68>ゃ</c><72>ん</c><48>ば</c><43>す</c><20>に</c><16>い</c><12>ろ</c><23>を</c><28>た</c><39>し</c><37>てゆく</c><1></c>,し
165.516,165.682,56,-1,<1></c><52>夢</c><60>の</c><65>キ</c><68>ャ</c><72>ン</c><48>バ</c><43>ス</c><20>に　</c><16>色</c><23>を</c><28>足</c><39>し</c><37>てゆく</c><1></c>,し
165.682,166.25,72,0,<1></c><52>ゆ</c><54>め</c><60>の</c><65>き</c><68>ゃ</c><72>ん</c><48>ば</c><43>す</c><20>に</c><16>い</c><12>ろ</c><23>を</c><28>た</c><39>し</c><30>て</c><37>ゆく</c><1></c>,て
165.682,166.25,58,-1,<1></c><52>夢</c><60>の</c><65>キ</c><68>ャ</c><72>ン</c><48>バ</c><43>ス</c><20>に　</c><16>色</c><23>を</c><28>足</c><39>し</c><30>て</c><37>ゆく</c><1></c>,て
166.25,166.416,73,0,<1></c><52>ゆ</c><54>め</c><60>の</c><65>き</c><68>ゃ</c><72>ん</c><48>ば</c><43>す</c><20>に</c><16>い</c><12>ろ</c><23>を</c><28>た</c><39>し</c><30>て</c><4>ゆ</c><37>く</c><1></c>,ゆ
166.25,166.416,59,-1,<1></c><52>夢</c><60>の</c><65>キ</c><68>ャ</c><72>ン</c><48>バ</c><43>ス</c><20>に　</c><16>色</c><23>を</c><28>足</c><39>し</c><30>て</c><4>ゆ</c><37>く</c><1></c>,ゆ
166.416,167.317,73,0,<1></c><52>ゆ</c><54>め</c><60>の</c><65>き</c><68>ゃ</c><72>ん</c><48>ば</c><43>す</c><20>に</c><16>い</c><12>ろ</c><23>を</c><28>た</c><39>し</c><30>て</c><4>ゆ</c><2>く</c><1></c>,く
166.416,167.317,59,-1,<1></c><52>夢</c><60>の</c><65>キ</c><68>ャ</c><72>ン</c><48>バ</c><43>ス</c><20>に　</c><16>色</c><23>を</c><28>足</c><39>し</c><30>て</c><4>ゆ</c><2>く</c><1></c>,く
167.317,167.751,-1,0,<1></c><52>こ</c><37>のむねにいまかがやいて</c><1></c>,こ
167.317,167.751,-1,-1,<1></c><52>こ</c><37>の胸に　今　輝いて</c><1></c>,こ
167.751,167.918,-1,0,<1></c><52>こ</c><58>の</c><37>むねにいまかがやいて</c><1></c>,の
167.751,167.918,-1,-1,<1></c><52>こ</c><58>の</c><37>胸に　今　輝いて</c><1></c>,の
167.918,168.418,-1,0,<1></c><52>こ</c><58>の</c><65>む</c><37>ねにいまかがやいて</c><1></c>,む
167.918,168.619,-1,-1,<1></c><52>こ</c><58>の</c><65>胸</c><37>に　今　輝いて</c><1></c>,胸
168.418,168.619,-1,0,<1></c><52>こ</c><58>の</c><65>む</c><69>ね</c><37>にいまかがやいて</c><1></c>,ね
168.619,169.52,-1,0,<1></c><52>こ</c><58>の</c><65>む</c><69>ね</c><49>に</c><37>いまかがやいて</c><1></c>,に
168.619,169.52,-1,-1,<1></c><52>こ</c><58>の</c><65>胸</c><49>に　</c><37>今　輝いて</c><1></c>,に　
169.52,169.92,-1,0,<1></c><52>こ</c><58>の</c><65>む</c><69>ね</c><49>に</c><36>い</c><37>まかがやいて</c><1></c>,い
169.52,169.92,-1,-1,<1></c><52>こ</c><58>の</c><65>胸</c><49>に　</c><36>今</c><37>　輝いて</c><1></c>,今
169.92,170.254,-1,0,<1></c><52>こ</c><58>の</c><65>む</c><69>ね</c><49>に</c><36>い</c><17>ま</c><37>かがやいて</c><1></c>,ま
169.92,170.254,-1,-1,<1></c><52>こ</c><58>の</c><65>胸</c><49>に　</c><36>今</c><17>　</c><37>輝いて</c><1></c>,　
170.254,170.654,-1,0,<1></c><52>こ</c><58>の</c><65>む</c><69>ね</c><49>に</c><36>い</c><17>ま</c><11>か</c><37>がやいて</c><1></c>,か
170.254,171.388,-1,-1,<1></c><52>こ</c><58>の</c><65>胸</c><49>に　</c><36>今</c><17>　</c><11>輝</c><37>いて</c><1></c>,輝
170.654,170.821,-1,0,<1></c><52>こ</c><58>の</c><65>む</c><69>ね</c><49>に</c><36>い</c><17>ま</c><11>か</c><26>が</c><37>やいて</c><1></c>,が
170.821,171.388,-1,0,<1></c><52>こ</c><58>の</c><65>む</c><69>ね</c><49>に</c><36>い</c><17>ま</c><11>か</c><26>が</c><40>や</c><37>いて</c><1></c>,や
171.388,171.588,-1,0,<1></c><52>こ</c><58>の</c><65>む</c><69>ね</c><49>に</c><36>い</c><17>ま</c><11>か</c><26>が</c><40>や</c><21>い</c><37>て</c><1></c>,い
171.388,171.588,-1,-1,<1></c><52>こ</c><58>の</c><65>胸</c><49>に　</c><36>今</c><17>　</c><11>輝</c><21>い</c><37>て</c><1></c>,い
171.588,172.789,-1,0,<1></c><52>こ</c><58>の</c><65>む</c><69>ね</c><49>に</c><36>い</c><17>ま</c><11>か</c><26>が</c><40>や</c><21>い</c><2>て</c><1></c>,て
171.588,172.789,-1,-1,<1></c><52>こ</c><58>の</c><65>胸</c><49>に　</c><36>今</c><17>　</c><11>輝</c><21>い</c><2>て</c><1></c>,て
172.789,173.223,-1,0,<1></c><52>つ</c><37>よくなくてもいい</c><1></c>,つ
172.789,173.557,-1,-1,<1></c><52>強</c><37>くなくてもいい</c><1></c>,強
173.223,173.557,-1,0,<1></c><52>つ</c><60>よ</c><37>くなくてもいい</c><1></c>,よ
173.557,173.757,-1,0,<1></c><52>つ</c><60>よ</c><68>く</c><37>なくてもいい</c><1></c>,く
173.557,173.757,-1,-1,<1></c><52>強</c><68>く</c><37>なくてもいい</c><1></c>,く
173.757,174.291,-1,0,<1></c><52>つ</c><60>よ</c><68>く</c><48>な</c><37>くてもいい</c><1></c>,な
173.757,174.291,-1,-1,<1></c><52>強</c><68>く</c><48>な</c><37>くてもいい</c><1></c>,な
174.291,174.525,-1,0,<1></c><52>つ</c><60>よ</c><68>く</c><48>な</c><20>く</c><37>てもいい</c><1></c>,く
174.291,174.525,-1,-1,<1></c><52>強</c><68>く</c><48>な</c><20>く</c><37>てもいい</c><1></c>,く
174.525,175.058,-1,0,<1></c><52>つ</c><60>よ</c><68>く</c><48>な</c><20>く</c><12>て</c><37>もいい</c><1></c>,て
174.525,175.058,-1,-1,<1></c><52>強</c><68>く</c><48>な</c><20>く</c><12>て</c><37>もいい</c><1></c>,て
175.058,175.259,-1,0,<1></c><52>つ</c><60>よ</c><68>く</c><48>な</c><20>く</c><12>て</c><28>も</c><37>いい</c><1></c>,も
175.058,175.259,-1,-1,<1></c><52>強</c><68>く</c><48>な</c><20>く</c><12>て</c><28>も</c><37>いい</c><1></c>,も
175.259,175.425,-1,0,<1></c><52>つ</c><60>よ</c><68>く</c><48>な</c><20>く</c><12>て</c><28>も</c><30>い</c><37>い</c><1></c>,い
175.259,175.425,-1,-1,<1></c><52>強</c><68>く</c><48>な</c><20>く</c><12>て</c><28>も</c><30>い</c><37>い</c><1></c>,い
175.425,176.026,-1,0,<1></c><52>つ</c><60>よ</c><68>く</c><48>な</c><20>く</c><12>て</c><28>も</c><30>い</c><2>い</c><1></c>,い
175.425,176.026,-1,-1,<1></c><52>強</c><68>く</c><48>な</c><20>く</c><12>て</c><28>も</c><30>い</c><2>い</c><1></c>,い
176.026,176.16,-1,0,<1></c><52>こ</c><37>われかけてもいい</c><1></c>,こ
176.026,176.527,-1,-1,<1></c><52>壊</c><37>れかけてもいい</c><1></c>,壊
176.16,176.527,-1,0,<1></c><52>こ</c><60>わ</c><37>れかけてもいい</c><1></c>,わ
176.527,176.727,-1,0,<1></c><52>こ</c><60>わ</c><68>れ</c><37>かけてもいい</c><1></c>,れ
176.527,176.727,-1,-1,<1></c><52>壊</c><68>れ</c><37>かけてもいい</c><1></c>,れ
176.727,177.227,-1,0,<1></c><52>こ</c><60>わ</c><68>れ</c><48>か</c><37>けてもいい</c><1></c>,か
176.727,177.227,-1,-1,<1></c><52>壊</c><68>れ</c><48>か</c><37>けてもいい</c><1></c>,か
177.227,177.461,-1,0,<1></c><52>こ</c><60>わ</c><68>れ</c><48>か</c><20>け</c><37>てもいい</c><1></c>,け
177.227,177.461,-1,-1,<1></c><52>壊</c><68>れ</c><48>か</c><20>け</c><37>てもいい</c><1></c>,け
177.461,177.995,-1,0,<1></c><52>こ</c><60>わ</c><68>れ</c><48>か</c><20>け</c><12>て</c><37>もいい</c><1></c>,て
177.461,177.995,-1,-1,<1></c><52>壊</c><68>れ</c><48>か</c><20>け</c><12>て</c><37>もいい</c><1></c>,て
177.995,178.162,-1,0,<1></c><52>こ</c><60>わ</c><68>れ</c><48>か</c><20>け</c><12>て</c><28>も</c><37>いい</c><1></c>,も
177.995,178.162,-1,-1,<1></c><52>壊</c><68>れ</c><48>か</c><20>け</c><12>て</c><28>も</c><37>いい</c><1></c>,も
178.162,178.328,-1,0,<1></c><52>こ</c><60>わ</c><68>れ</c><48>か</c><20>け</c><12>て</c><28>も</c><30>い</c><37>い</c><1></c>,い
178.162,178.328,-1,-1,<1></c><52>壊</c><68>れ</c><48>か</c><20>け</c><12>て</c><28>も</c><30>い</c><37>い</c><1></c>,い
178.328,178.929,-1,0,<1></c><52>こ</c><60>わ</c><68>れ</c><48>か</c><20>け</c><12>て</c><28>も</c><30>い</c><2>い</c><1></c>,い
178.328,178.929,-1,-1,<1></c><52>壊</c><68>れ</c><48>か</c><20>け</c><12>て</c><28>も</c><30>い</c><2>い</c><1></c>,い
178.929,179.096,-1,0,<1></c><52>こ</c><37>のこころはトワにはばたいて</c><1></c>,こ
178.929,179.096,-1,-1,<1></c><52>こ</c><37>の心は永遠に羽ばたいて</c><1></c>,こ
179.096,179.496,-1,0,<1></c><52>こ</c><56>の</c><37>こころはトワにはばたいて</c><1></c>,の
179.096,179.496,-1,-1,<1></c><52>こ</c><55>の</c><37>心は永遠に羽ばたいて</c><1></c>,の
179.496,179.696,-1,0,<1></c><52>こ</c><56>の</c><62>こ</c><37>ころはトワにはばたいて</c><1></c>,こ
179.496,180.364,-1,-1,<1></c><52>こ</c><55>の</c><61>心</c><37>は永遠に羽ばたいて</c><1></c>,心
179.696,180.197,-1,0,<1></c><52>こ</c><56>の</c><62>こ</c><66>こ</c><37>ろはトワにはばたいて</c><1></c>,こ
180.197,180.364,-1,0,<1></c><52>こ</c><56>の</c><62>こ</c><66>こ</c><71>ろ</c><37>はトワにはばたいて</c><1></c>,ろ
180.364,180.931,-1,0,<1></c><52>こ</c><56>の</c><62>こ</c><66>こ</c><71>ろ</c><47>は</c><37>トワにはばたいて</c><1></c>,は
180.364,180.931,-1,-1,<1></c><52>こ</c><55>の</c><61>心</c><50>は</c><37>永遠に羽ばたいて</c><1></c>,は
180.931,181.131,-1,0,<1></c><52>こ</c><56>の</c><62>こ</c><66>こ</c><71>ろ</c><47>は</c><33>ト</c><37>ワにはばたいて</c><1></c>,ト
180.931,181.698,-1,-1,<1></c><52>こ</c><55>の</c><61>心</c><50>は</c><44>永</c><20>遠</c><37>に羽ばたいて</c><1></c>,永遠
181.131,181.698,-1,0,<1></c><52>こ</c><56>の</c><62>こ</c><66>こ</c><71>ろ</c><47>は</c><33>ト</c><18>ワ</c><37>にはばたいて</c><1></c>,ワ
181.698,181.899,56,0,<1></c><52>こ</c><56>の</c><62>こ</c><66>こ</c><71>ろ</c><47>は</c><33>ト</c><18>ワ</c><13>に</c><37>はばたいて</c><1></c>,に
181.698,181.899,-1,-1,<1></c><52>こ</c><55>の</c><61>心</c><50>は</c><44>永</c><20>遠</c><10>に</c><37>羽ばたいて</c><1></c>,に
181.899,182.432,58,0,<1></c><52>こ</c><56>の</c><62>こ</c><66>こ</c><71>ろ</c><47>は</c><33>ト</c><18>ワ</c><13>に</c><22>は</c><37>ばたいて</c><1></c>,は
181.899,182.432,-1,-1,<1></c><52>こ</c><55>の</c><61>心</c><50>は</c><44>永</c><20>遠</c><10>に</c><25>羽</c><37>ばたいて</c><1></c>,羽
182.432,182.599,59,0,<1></c><52>こ</c><56>の</c><62>こ</c><66>こ</c><71>ろ</c><47>は</c><33>ト</c><18>ワ</c><13>に</c><22>は</c><32>ば</c><37>たいて</c><1></c>,ば
182.432,182.599,-1,-1,<1></c><52>こ</c><55>の</c><61>心</c><50>は</c><44>永</c><20>遠</c><10>に</c><25>羽</c><35>ば</c><37>たいて</c><1></c>,ば
182.599,183.0,61,0,<1></c><52>こ</c><56>の</c><62>こ</c><66>こ</c><71>ろ</c><47>は</c><33>ト</c><18>ワ</c><13>に</c><22>は</c><32>ば</c><38>た</c><37>いて</c><1></c>,た
182.599,183.0,-1,-1,<1></c><52>こ</c><55>の</c><61>心</c><50>は</c><44>永</c><20>遠</c><10>に</c><25>羽</c><35>ば</c><34>た</c><37>いて</c><1></c>,た
183.0,183.2,63,0,<1></c><52>こ</c><56>の</c><62>こ</c><66>こ</c><71>ろ</c><47>は</c><33>ト</c><18>ワ</c><13>に</c><22>は</c><32>ば</c><38>た</c><6>い</c><37>て</c><1></c>,い
183.0,183.2,-1,-1,<1></c><52>こ</c><55>の</c><61>心</c><50>は</c><44>永</c><20>遠</c><10>に</c><25>羽</c><35>ば</c><34>た</c><5>い</c><37>て</c><1></c>,い
183.2,184.601,63,0,<1></c><52>こ</c><56>の</c><62>こ</c><66>こ</c><71>ろ</c><47>は</c><33>ト</c><18>ワ</c><13>に</c><22>は</c><32>ば</c><38>た</c><6>い</c><2>て</c><1></c>,て
183.2,184.601,-1,-1,<1></c><52>こ</c><55>の</c><61>心</c><50>は</c><44>永</c><20>遠</c><10>に</c><25>羽</c><35>ば</c><34>た</c><5>い</c><2>て</c><1></c>,て
184.601,185.002,-1,0,<1></c><52>ひ</c><37>びくようにぬりかえていくぱれっと</c><1></c>,ひ
184.601,185.369,-1,-1,<1></c><52>響</c><37>くように塗り替えていく　palette</c><1></c>,響
185.002,185.369,-1,0,<1></c><52>ひ</c><57>び</c><37>くようにぬりかえていくぱれっと</c><1></c>,び
185.369,185.602,-1,0,<1></c><52>ひ</c><57>び</c><63>く</c><37>ようにぬりかえていくぱれっと</c><1></c>,く
185.369,185.602,-1,-1,<1></c><52>響</c><63>く</c><37>ように塗り替えていく　palette</c><1></c>,く
185.602,186.036,-1,0,<1></c><52>ひ</c><57>び</c><63>く</c><68>よ</c><37>うにぬりかえていくぱれっと</c><1></c>,よ
185.602,186.036,-1,-1,<1></c><52>響</c><63>く</c><68>よ</c><37>うに塗り替えていく　palette</c><1></c>,よ
186.036,186.336,-1,0,<1></c><52>ひ</c><57>び</c><63>く</c><68>よ</c><73>う</c><37>にぬりかえていくぱれっと</c><1></c>,う
186.036,186.336,-1,-1,<1></c><52>響</c><63>く</c><68>よ</c><73>う</c><37>に塗り替えていく　palette</c><1></c>,う
186.336,187.171,-1,0,<1></c><52>ひ</c><57>び</c><63>く</c><68>よ</c><73>う</c><45>に</c><37>ぬりかえていくぱれっと</c><1></c>,に
186.336,187.171,-1,-1,<1></c><52>響</c><63>く</c><68>よ</c><73>う</c><45>に</c><37>塗り替えていく　palette</c><1></c>,に
187.171,187.538,-1,0,<1></c><52>ひ</c><57>び</c><63>く</c><68>よ</c><73>う</c><45>に</c><20>ぬ</c><37>りかえていくぱれっと</c><1></c>,ぬ
187.171,187.538,-1,-1,<1></c><52>響</c><63>く</c><68>よ</c><73>う</c><45>に</c><20>塗</c><37>り替えていく　palette</c><1></c>,塗
187.538,187.905,56,0,<1></c><52>ひ</c><57>び</c><63>く</c><68>よ</c><73>う</c><45>に</c><20>ぬ</c><15>り</c><37>かえていくぱれっと</c><1></c>,り
187.538,187.905,-1,-1,<1></c><52>響</c><63>く</c><68>よ</c><73>う</c><45>に</c><20>塗</c><15>り</c><37>替えていく　palette</c><1></c>,り
187.905,188.238,58,0,<1></c><52>ひ</c><57>び</c><63>く</c><68>よ</c><73>う</c><45>に</c><20>ぬ</c><15>り</c><8>か</c><37>えていくぱれっと</c><1></c>,か
187.905,188.238,56,-1,<1></c><52>響</c><63>く</c><68>よ</c><73>う</c><45>に</c><20>塗</c><15>り</c><8>替</c><37>えていく　palette</c><1></c>,替
188.238,188.505,59,0,<1></c><52>ひ</c><57>び</c><63>く</c><68>よ</c><73>う</c><45>に</c><20>ぬ</c><15>り</c><8>か</c><28>え</c><37>ていくぱれっと</c><1></c>,え
188.238,188.505,58,-1,<1></c><52>響</c><63>く</c><68>よ</c><73>う</c><45>に</c><20>塗</c><15>り</c><8>替</c><28>え</c><37>ていく　palette</c><1></c>,え
188.505,188.939,61,0,<1></c><52>ひ</c><57>び</c><63>く</c><68>よ</c><73>う</c><45>に</c><20>ぬ</c><15>り</c><8>か</c><28>え</c><42>て</c><37>いくぱれっと</c><1></c>,て
188.505,188.939,59,-1,<1></c><52>響</c><63>く</c><68>よ</c><73>う</c><45>に</c><20>塗</c><15>り</c><8>替</c><28>え</c><42>て</c><37>いく　palette</c><1></c>,て
188.939,189.206,63,0,<1></c><52>ひ</c><57>び</c><63>く</c><68>よ</c><73>う</c><45>に</c><20>ぬ</c><15>り</c><8>か</c><28>え</c><42>て</c><7>い</c><37>くぱれっと</c><1></c>,い
188.939,189.206,61,-1,<1></c><52>響</c><63>く</c><68>よ</c><73>う</c><45>に</c><20>塗</c><15>り</c><8>替</c><28>え</c><42>て</c><7>い</c><37>く　palette</c><1></c>,い
189.206,189.907,64,0,<1></c><52>ひ</c><57>び</c><63>く</c><68>よ</c><73>う</c><45>に</c><20>ぬ</c><15>り</c><8>か</c><28>え</c><42>て</c><7>い</c><2>く</c><37>ぱれっと</c><1></c>,く
189.206,189.907,63,-1,<1></c><52>響</c><63>く</c><68>よ</c><73>う</c><45>に</c><20>塗</c><15>り</c><8>替</c><28>え</c><42>て</c><7>い</c><2>く　</c><37>palette</c><1></c>,く　
189.907,190.107,64,0,<1></c><52>ひ</c><57>び</c><63>く</c><68>よ</c><73>う</c><45>に</c><20>ぬ</c><15>り</c><8>か</c><28>え</c><42>て</c><7>い</c><2>くぱ</c><37>れっと</c><1></c>,ぱ
189.907,190.107,63,-1,<1></c><52>響</c><63>く</c><68>よ</c><73>う</c><45>に</c><20>塗</c><15>り</c><8>替</c><28>え</c><42>て</c><7>い</c><2>く　pa</c><37>lette</c><1></c>,pa
190.107,190.474,64,0,<1></c><52>ひ</c><57>び</c><63>く</c><68>よ</c><73>う</c><45>に</c><20>ぬ</c><15>り</c><8>か</c><28>え</c><42>て</c><7>い</c><2>くぱれ</c><37>っと</c><1></c>,れ
190.107,190.474,63,-1,<1></c><52>響</c><63>く</c><68>よ</c><73>う</c><45>に</c><20>塗</c><15>り</c><8>替</c><28>え</c><42>て</c><7>い</c><2>く　pale</c><37>tte</c><1></c>,le
190.474,190.707,64,0,<1></c><52>ひ</c><57>び</c><63>く</c><68>よ</c><73>う</c><45>に</c><20>ぬ</c><15>り</c><8>か</c><28>え</c><42>て</c><7>い</c><2>くぱれっ</c><37>と</c><1></c>,っ
190.474,190.707,63,-1,<1></c><52>響</c><63>く</c><68>よ</c><73>う</c><45>に</c><20>塗</c><15>り</c><8>替</c><28>え</c><42>て</c><7>い</c><2>く　palet</c><37>te</c><1></c>,t
190.707,196.78,63,0,<1></c><52>ひ</c><57>び</c><63>く</c><68>よ</c><73>う</c><45>に</c><20>ぬ</c><15>り</c><8>か</c><28>え</c><42>て</c><7>い</c><2>くぱれっと</c><1></c>,と
190.707,196.78,61,-1,<1></c><52>響</c><63>く</c><68>よ</c><73>う</c><45>に</c><20>塗</c><15>り</c><8>替</c><28>え</c><42>て</c><7>い</c><2>く　palette</c><1></c>,te
