start,end,position,line,text,token
12.162,14.765,-1,92,<13>作詞:角巻わため</c>,作詞:角巻わため
12.162,22.473,-1,0,<13>角巻わため-holidays!</c>,角巻わため-holidays!
14.765,17.334,-1,92,<13>作曲:ナノウ</c>,作曲:ナノウ
17.334,19.903,-1,92,<13>編曲:ナノウ</c>,編曲:ナノウ
19.903,22.473,-1,92,<13>唄:角巻わため</c>,唄:角巻わため
32.816,33.484,-1,92,<13>あぁ、</c><14>目が覚めたら　陽が昇り</c>,あぁ、
32.816,33.484,-1,0,<13>あぁ、</c><14>めがさめたらひがのぼり</c>,あぁ、
33.484,33.684,-1,92,<13>あぁ、目</c><14>が覚めたら　陽が昇り</c>,目
33.484,33.684,-1,0,<13>あぁ、め</c><14>がさめたらひがのぼり</c>,め
33.684,33.817,-1,92,<13>あぁ、目が</c><14>覚めたら　陽が昇り</c>,が
33.684,33.817,-1,0,<13>あぁ、めが</c><14>さめたらひがのぼり</c>,が
33.817,34.018,-1,92,<13>あぁ、目が覚</c><14>めたら　陽が昇り</c>,覚
33.817,34.018,-1,0,<13>あぁ、めがさ</c><14>めたらひがのぼり</c>,さ
34.018,34.118,-1,92,<13>あぁ、目が覚め</c><14>たら　陽が昇り</c>,め
34.018,34.118,-1,0,<13>あぁ、めがさめ</c><14>たらひがのぼり</c>,め
34.118,34.451,-1,92,<13>あぁ、目が覚めた</c><14>ら　陽が昇り</c>,た
34.118,34.451,-1,0,<13>あぁ、めがさめた</c><14>らひがのぼり</c>,た
34.451,35.085,-1,92,<13>あぁ、目が覚めたら　</c><14>陽が昇り</c>,ら　
34.451,35.085,-1,0,<13>あぁ、めがさめたら</c><14>ひがのぼり</c>,ら
35.085,35.419,-1,92,<13>あぁ、目が覚めたら　陽</c><14>が昇り</c>,陽
35.085,35.419,-1,0,<13>あぁ、めがさめたらひ</c><14>がのぼり</c>,ひ
35.419,35.753,-1,92,<13>あぁ、目が覚めたら　陽が</c><14>昇り</c>,が
35.419,35.753,-1,0,<13>あぁ、めがさめたらひが</c><14>のぼり</c>,が
35.753,36.387,-1,92,<13>あぁ、目が覚めたら　陽が昇</c><14>り</c>,昇
35.753,36.053,-1,0,<13>あぁ、めがさめたらひがの</c><14>ぼり</c>,の
36.053,36.387,-1,0,<13>あぁ、めがさめたらひがのぼ</c><14>り</c>,ぼ
36.387,37.021,-1,92,<13>あぁ、目が覚めたら　陽が昇り</c>,り
36.387,37.021,-1,0,<13>あぁ、めがさめたらひがのぼり</c>,り
37.021,37.321,-1,92,<13>ま</c><14>だまだ眠たい　そんな休日</c>,ま
37.021,37.321,-1,0,<13>ま</c><14>だまだねむたいそんなきゅうじつ</c>,ま
37.321,37.654,-1,92,<13>まだ</c><14>まだ眠たい　そんな休日</c>,だ
37.321,37.654,-1,0,<13>まだ</c><14>まだねむたいそんなきゅうじつ</c>,だ
37.654,37.988,-1,92,<13>まだま</c><14>だ眠たい　そんな休日</c>,ま
37.654,37.988,-1,0,<13>まだま</c><14>だねむたいそんなきゅうじつ</c>,ま
37.988,38.322,-1,92,<13>まだまだ</c><14>眠たい　そんな休日</c>,だ
37.988,38.322,-1,0,<13>まだまだ</c><14>ねむたいそんなきゅうじつ</c>,だ
38.322,38.956,-1,92,<13>まだまだ眠</c><14>たい　そんな休日</c>,眠
38.322,38.622,-1,0,<13>まだまだね</c><14>むたいそんなきゅうじつ</c>,ね
38.622,38.956,-1,0,<13>まだまだねむ</c><14>たいそんなきゅうじつ</c>,む
38.956,39.59,-1,92,<13>まだまだ眠たい　</c><14>そんな休日</c>,たい　
38.956,39.59,-1,0,<13>まだまだねむたい</c><14>そんなきゅうじつ</c>,たい
39.59,39.923,-1,92,<13>まだまだ眠たい　そ</c><14>んな休日</c>,そ
39.59,39.923,-1,0,<13>まだまだねむたいそ</c><14>んなきゅうじつ</c>,そ
39.923,40.224,-1,92,<13>まだまだ眠たい　そん</c><14>な休日</c>,ん
39.923,40.224,-1,0,<13>まだまだねむたいそん</c><14>なきゅうじつ</c>,ん
40.224,40.557,-1,92,<13>まだまだ眠たい　そんな</c><14>休日</c>,な
40.224,40.557,-1,0,<13>まだまだねむたいそんな</c><14>きゅうじつ</c>,な
40.557,41.191,-1,92,<13>まだまだ眠たい　そんな休</c><14>日</c>,休
40.557,40.891,-1,0,<13>まだまだねむたいそんなきゅ</c><14>うじつ</c>,きゅ
40.891,41.191,-1,0,<13>まだまだねむたいそんなきゅう</c><14>じつ</c>,う
41.191,43.127,-1,92,<13>まだまだ眠たい　そんな休日</c>,日
41.191,41.525,-1,0,<13>まだまだねむたいそんなきゅうじ</c><14>つ</c>,じ
41.525,43.127,-1,0,<13>まだまだねむたいそんなきゅうじつ</c>,つ
43.127,43.794,-1,92,<13>さぁ、</c><14>焼きたてパン　頬張って</c>,さぁ、
43.127,43.794,-1,0,<13>さぁ、</c><14>やきたてぱんほおばって</c>,さぁ、
43.794,43.961,-1,92,<13>さぁ、焼</c><14>きたてパン　頬張って</c>,焼
43.794,43.961,-1,0,<13>さぁ、や</c><14>きたてぱんほおばって</c>,や
43.961,44.094,-1,92,<13>さぁ、焼き</c><14>たてパン　頬張って</c>,き
43.961,44.094,-1,0,<13>さぁ、やき</c><14>たてぱんほおばって</c>,き
44.094,44.294,-1,92,<13>さぁ、焼きた</c><14>てパン　頬張って</c>,た
44.094,44.294,-1,0,<13>さぁ、やきた</c><14>てぱんほおばって</c>,た
44.294,44.428,-1,92,<13>さぁ、焼きたて</c><14>パン　頬張って</c>,て
44.294,44.428,-1,0,<13>さぁ、やきたて</c><14>ぱんほおばって</c>,て
44.428,44.728,-1,92,<13>さぁ、焼きたてパ</c><14>ン　頬張って</c>,パ
44.428,44.728,-1,0,<13>さぁ、やきたてぱ</c><14>んほおばって</c>,ぱ
44.728,45.362,-1,92,<13>さぁ、焼きたてパン　</c><14>頬張って</c>,ン　
44.728,45.362,-1,0,<13>さぁ、やきたてぱん</c><14>ほおばって</c>,ん
45.362,46.03,-1,92,<13>さぁ、焼きたてパン　頬</c><14>張って</c>,頬
45.362,45.729,-1,0,<13>さぁ、やきたてぱんほ</c><14>おばって</c>,ほ
45.729,46.03,-1,0,<13>さぁ、やきたてぱんほお</c><14>ばって</c>,お
46.03,46.363,-1,92,<13>さぁ、焼きたてパン　頬張</c><14>って</c>,張
46.03,46.363,-1,0,<13>さぁ、やきたてぱんほおば</c><14>って</c>,ば
46.363,46.663,-1,92,<13>さぁ、焼きたてパン　頬張っ</c><14>て</c>,っ
46.363,46.663,-1,0,<13>さぁ、やきたてぱんほおばっ</c><14>て</c>,っ
46.663,47.331,-1,92,<13>さぁ、焼きたてパン　頬張って</c>,て
46.663,47.331,-1,0,<13>さぁ、やきたてぱんほおばって</c>,て
47.331,47.965,-1,92,<13>眠</c><14>い目擦り　街に繰り出そう</c>,眠
47.331,47.664,-1,0,<13>ね</c><14>むいめこすりまちにくりだそう</c>,ね
47.664,47.965,-1,0,<13>ねむ</c><14>いめこすりまちにくりだそう</c>,む
47.965,48.298,-1,92,<13>眠い</c><14>目擦り　街に繰り出そう</c>,い
47.965,48.298,-1,0,<13>ねむい</c><14>めこすりまちにくりだそう</c>,い
48.298,48.632,-1,92,<13>眠い目</c><14>擦り　街に繰り出そう</c>,目
48.298,48.632,-1,0,<13>ねむいめ</c><14>こすりまちにくりだそう</c>,め
48.632,49.266,-1,92,<13>眠い目擦</c><14>り　街に繰り出そう</c>,擦
48.632,48.932,-1,0,<13>ねむいめこ</c><14>すりまちにくりだそう</c>,こ
48.932,49.266,-1,0,<13>ねむいめこす</c><14>りまちにくりだそう</c>,す
49.266,49.9,-1,92,<13>眠い目擦り　</c><14>街に繰り出そう</c>,り　
49.266,49.9,-1,0,<13>ねむいめこすり</c><14>まちにくりだそう</c>,り
49.9,50.567,-1,92,<13>眠い目擦り　街</c><14>に繰り出そう</c>,街
49.9,50.2,-1,0,<13>ねむいめこすりま</c><14>ちにくりだそう</c>,ま
50.2,50.567,-1,0,<13>ねむいめこすりまち</c><14>にくりだそう</c>,ち
50.567,50.868,-1,92,<13>眠い目擦り　街に</c><14>繰り出そう</c>,に
50.567,50.868,-1,0,<13>ねむいめこすりまちに</c><14>くりだそう</c>,に
50.868,51.201,-1,92,<13>眠い目擦り　街に繰</c><14>り出そう</c>,繰
50.868,51.201,-1,0,<13>ねむいめこすりまちにく</c><14>りだそう</c>,く
51.201,51.535,-1,92,<13>眠い目擦り　街に繰り</c><14>出そう</c>,り
51.201,51.535,-1,0,<13>ねむいめこすりまちにくり</c><14>だそう</c>,り
51.535,51.869,-1,92,<13>眠い目擦り　街に繰り出</c><14>そう</c>,出
51.535,51.869,-1,0,<13>ねむいめこすりまちにくりだ</c><14>そう</c>,だ
51.869,52.202,-1,92,<13>眠い目擦り　街に繰り出そう</c>,そう
51.869,52.202,-1,0,<13>ねむいめこすりまちにくりだそう</c>,そう
53.137,53.337,-1,92,<13>日</c><14>向で寝そべって</c>,日
53.137,53.337,-1,0,<13>ひ</c><14>なたでねそべって</c>,ひ
53.337,53.771,-1,92,<13>日向</c><14>で寝そべって</c>,向
53.337,53.47,-1,0,<13>ひな</c><14>たでねそべって</c>,な
53.47,53.771,-1,0,<13>ひなた</c><14>でねそべって</c>,た
53.771,54.104,-1,92,<13>日向で</c><14>寝そべって</c>,で
53.771,54.104,-1,0,<13>ひなたで</c><14>ねそべって</c>,で
54.104,54.438,-1,92,<13>日向で寝</c><14>そべって</c>,寝
54.104,54.438,-1,0,<13>ひなたでね</c><14>そべって</c>,ね
54.438,54.738,-1,92,<13>日向で寝そ</c><14>べって</c>,そ
54.438,54.738,-1,0,<13>ひなたでねそ</c><14>べって</c>,そ
54.738,55.072,-1,92,<13>日向で寝そべ</c><14>って</c>,べ
54.738,55.072,-1,0,<13>ひなたでねそべ</c><14>って</c>,べ
55.072,55.305,-1,92,<13>日向で寝そべっ</c><14>て</c>,っ
55.072,55.305,-1,0,<13>ひなたでねそべっ</c><14>て</c>,っ
55.305,55.706,-1,92,<13>日向で寝そべって</c>,て
55.305,55.706,-1,0,<13>ひなたでねそべって</c>,て
55.706,55.906,-1,92,<13>地</c><10>面を踏みしめて</c>,地
55.706,55.906,-1,0,<13>じ</c><10>めんをふみしめて</c>,じ
55.906,56.34,-1,92,<13>地面</c><10>を踏みしめて</c>,面
55.906,56.04,-1,0,<13>じめ</c><10>んをふみしめて</c>,め
56.04,56.34,-1,0,<13>じめん</c><10>をふみしめて</c>,ん
56.34,56.673,-1,92,<13>地面を</c><10>踏みしめて</c>,を
56.34,56.673,-1,0,<13>じめんを</c><10>ふみしめて</c>,を
56.673,57.007,-1,92,<13>地面を踏</c><10>みしめて</c>,踏
56.673,57.007,-1,0,<13>じめんをふ</c><10>みしめて</c>,ふ
57.007,57.341,-1,92,<13>地面を踏み</c><10>しめて</c>,み
57.007,57.341,-1,0,<13>じめんをふみ</c><10>しめて</c>,み
57.341,57.641,-1,92,<13>地面を踏みし</c><10>めて</c>,し
57.341,57.641,-1,0,<13>じめんをふみし</c><10>めて</c>,し
57.641,57.841,-1,92,<13>地面を踏みしめ</c><10>て</c>,め
57.641,57.841,-1,0,<13>じめんをふみしめ</c><10>て</c>,め
57.841,58.275,-1,92,<13>地面を踏みしめて</c>,て
57.841,58.275,-1,0,<13>じめんをふみしめて</c>,て
58.275,58.609,-1,92,<13>思</c><1>うままに　ステップ踏んで</c>,思
58.275,58.475,-1,0,<13>お</c><1>もうままにすてっぷふんで</c>,お
58.475,58.609,-1,0,<13>おも</c><1>うままにすてっぷふんで</c>,も
58.609,58.942,-1,92,<13>思う</c><1>ままに　ステップ踏んで</c>,う
58.609,58.942,-1,0,<13>おもう</c><1>ままにすてっぷふんで</c>,う
58.942,59.243,-1,92,<13>思うま</c><1>まに　ステップ踏んで</c>,ま
58.942,59.243,-1,0,<13>おもうま</c><1>まにすてっぷふんで</c>,ま
59.243,59.576,-1,92,<13>思うまま</c><1>に　ステップ踏んで</c>,ま
59.243,59.576,-1,0,<13>おもうまま</c><1>にすてっぷふんで</c>,ま
59.576,60.21,-1,92,<13>思うままに　</c><1>ステップ踏んで</c>,に　
59.576,60.21,-1,0,<13>おもうままに</c><1>すてっぷふんで</c>,に
60.21,60.511,-1,92,<13>思うままに　ス</c><1>テップ踏んで</c>,ス
60.21,60.511,-1,0,<13>おもうままにす</c><1>てっぷふんで</c>,す
60.511,60.878,-1,92,<13>思うままに　ステ</c><1>ップ踏んで</c>,テ
60.511,60.878,-1,0,<13>おもうままにすて</c><1>っぷふんで</c>,て
60.878,61.178,-1,92,<13>思うままに　ステッ</c><1>プ踏んで</c>,ッ
60.878,61.178,-1,0,<13>おもうままにすてっ</c><1>ぷふんで</c>,っ
61.178,61.512,-1,92,<13>思うままに　ステップ</c><1>踏んで</c>,プ
61.178,61.512,-1,0,<13>おもうままにすてっぷ</c><1>ふんで</c>,ぷ
61.512,61.812,-1,92,<13>思うままに　ステップ踏</c><1>んで</c>,踏
61.512,61.812,-1,0,<13>おもうままにすてっぷふ</c><1>んで</c>,ふ
61.812,62.146,-1,92,<13>思うままに　ステップ踏ん</c><1>で</c>,ん
61.812,62.146,-1,0,<13>おもうままにすてっぷふん</c><1>で</c>,ん
62.146,63.447,-1,92,<13>思うままに　ステップ踏んで</c>,で
62.146,63.447,-1,0,<13>おもうままにすてっぷふんで</c>,で
63.447,64.114,-1,92,<13>心</c><8>が躍り出す</c>,心
63.447,63.68,-1,0,<13>こ</c><8>ころがおどりだす</c>,こ
63.68,63.781,-1,0,<13>ここ</c><8>ろがおどりだす</c>,こ
63.781,64.114,-1,0,<13>こころ</c><8>がおどりだす</c>,ろ
64.114,64.415,-1,92,<13>心が</c><8>躍り出す</c>,が
64.114,64.415,-1,0,<13>こころが</c><8>おどりだす</c>,が
64.415,65.049,-1,92,<13>心が躍</c><8>り出す</c>,躍
64.415,64.748,-1,0,<13>こころがお</c><8>どりだす</c>,お
64.748,65.049,-1,0,<13>こころがおど</c><8>りだす</c>,ど
65.049,65.382,-1,92,<13>心が躍り</c><8>出す</c>,り
65.049,65.382,-1,0,<13>こころがおどり</c><8>だす</c>,り
65.382,65.582,-1,92,<13>心が躍り出</c><8>す</c>,出
65.382,65.582,-1,0,<13>こころがおどりだ</c><8>す</c>,だ
65.582,66.016,-1,92,<13>心が躍り出す</c>,す
65.582,66.016,-1,0,<13>こころがおどりだす</c>,す
66.016,66.25,-1,92,<13>笑</c><5>顔が溢れてく</c>,笑
66.016,66.25,-1,0,<13>え</c><5>がおがあふれてく</c>,え
66.25,66.65,-1,92,<13>笑顔</c><5>が溢れてく</c>,顔
66.25,66.35,-1,0,<13>えが</c><5>おがあふれてく</c>,が
66.35,66.65,-1,0,<13>えがお</c><5>があふれてく</c>,お
66.65,66.984,-1,92,<13>笑顔が</c><5>溢れてく</c>,が
66.65,66.984,-1,0,<13>えがおが</c><5>あふれてく</c>,が
66.984,67.618,-1,92,<13>笑顔が溢</c><5>れてく</c>,溢
66.984,67.317,-1,0,<13>えがおがあ</c><5>ふれてく</c>,あ
67.317,67.618,-1,0,<13>えがおがあふ</c><5>れてく</c>,ふ
67.618,67.951,-1,92,<13>笑顔が溢れ</c><5>てく</c>,れ
67.618,67.951,-1,0,<13>えがおがあふれ</c><5>てく</c>,れ
67.951,68.152,-1,92,<13>笑顔が溢れて</c><5>く</c>,て
67.951,68.152,-1,0,<13>えがおがあふれて</c><5>く</c>,て
68.152,68.619,-1,92,<13>笑顔が溢れてく</c>,く
68.152,68.619,-1,0,<13>えがおがあふれてく</c>,く
68.619,69.253,-1,92,<13>心</c><14>のまま　今日を描く</c>,心
68.619,68.819,-1,0,<13>こ</c><14>ころのままきょうをえがく</c>,こ
68.819,68.952,-1,0,<13>ここ</c><14>ろのままきょうをえがく</c>,こ
68.952,69.253,-1,0,<13>こころ</c><14>のままきょうをえがく</c>,ろ
69.253,69.586,-1,92,<13>心の</c><14>まま　今日を描く</c>,の
69.253,69.586,-1,0,<13>こころの</c><14>ままきょうをえがく</c>,の
69.586,69.92,-1,92,<13>心のま</c><14>ま　今日を描く</c>,ま
69.586,69.92,-1,0,<13>こころのま</c><14>まきょうをえがく</c>,ま
69.92,70.554,-1,92,<13>心のまま　</c><14>今日を描く</c>,ま　
69.92,70.554,-1,0,<13>こころのまま</c><14>きょうをえがく</c>,ま
70.554,71.188,-1,92,<13>心のまま　今日</c><14>を描く</c>,今日
70.554,70.888,-1,0,<13>こころのままきょ</c><14>うをえがく</c>,きょ
70.888,71.188,-1,0,<13>こころのままきょう</c><14>をえがく</c>,う
71.188,71.522,-1,92,<13>心のまま　今日を</c><14>描く</c>,を
71.188,71.522,-1,0,<13>こころのままきょうを</c><14>えがく</c>,を
71.522,72.823,-1,92,<13>心のまま　今日を描</c><14>く</c>,描
71.522,72.156,-1,0,<13>こころのままきょうをえ</c><14>がく</c>,え
72.156,72.823,-1,0,<13>こころのままきょうをえが</c><14>く</c>,が
72.823,74.091,-1,92,<13>心のまま　今日を描く</c>,く
72.823,74.091,-1,0,<13>こころのままきょうをえがく</c>,く
75.592,75.893,-1,92,<13>鳥</c><14>は歌って　空を自由に飛び回って</c>,鳥
75.592,75.692,-1,0,<13>と</c><14>りはうたってそらをじゆうにとびまわって</c>,と
75.692,75.893,-1,0,<13>とり</c><14>はうたってそらをじゆうにとびまわって</c>,り
75.893,76.026,-1,92,<13>鳥は</c><14>歌って　空を自由に飛び回って</c>,は
75.893,76.026,-1,0,<13>とりは</c><14>うたってそらをじゆうにとびまわって</c>,は
76.026,76.36,-1,92,<13>鳥は歌</c><14>って　空を自由に飛び回って</c>,歌
76.026,76.226,-1,0,<13>とりはう</c><14>たってそらをじゆうにとびまわって</c>,う
76.226,76.36,-1,0,<13>とりはうた</c><14>ってそらをじゆうにとびまわって</c>,た
76.36,76.56,-1,92,<13>鳥は歌っ</c><14>て　空を自由に飛び回って</c>,っ
76.36,76.56,-1,0,<13>とりはうたっ</c><14>てそらをじゆうにとびまわって</c>,っ
76.56,76.66,-1,92,<13>鳥は歌って　</c><14>空を自由に飛び回って</c>,て　
76.56,76.66,-1,0,<13>とりはうたって</c><14>そらをじゆうにとびまわって</c>,て
76.66,76.994,-1,92,<13>鳥は歌って　空</c><14>を自由に飛び回って</c>,空
76.66,76.894,-1,0,<13>とりはうたってそ</c><14>らをじゆうにとびまわって</c>,そ
76.894,76.994,-1,0,<13>とりはうたってそら</c><14>をじゆうにとびまわって</c>,ら
76.994,77.194,-1,92,<13>鳥は歌って　空を</c><14>自由に飛び回って</c>,を
76.994,77.194,-1,0,<13>とりはうたってそらを</c><14>じゆうにとびまわって</c>,を
77.194,77.327,-1,92,<13>鳥は歌って　空を自</c><14>由に飛び回って</c>,自
77.194,77.327,-1,0,<13>とりはうたってそらをじ</c><14>ゆうにとびまわって</c>,じ
77.327,77.628,-1,92,<13>鳥は歌って　空を自由</c><14>に飛び回って</c>,由
77.327,77.528,-1,0,<13>とりはうたってそらをじゆ</c><14>うにとびまわって</c>,ゆ
77.528,77.628,-1,0,<13>とりはうたってそらをじゆう</c><14>にとびまわって</c>,う
77.628,77.961,-1,92,<13>鳥は歌って　空を自由に</c><14>飛び回って</c>,に
77.628,77.961,-1,0,<13>とりはうたってそらをじゆうに</c><14>とびまわって</c>,に
77.961,78.162,-1,92,<13>鳥は歌って　空を自由に飛</c><14>び回って</c>,飛
77.961,78.162,-1,0,<13>とりはうたってそらをじゆうにと</c><14>びまわって</c>,と
78.162,78.295,-1,92,<13>鳥は歌って　空を自由に飛び</c><14>回って</c>,び
78.162,78.295,-1,0,<13>とりはうたってそらをじゆうにとび</c><14>まわって</c>,び
78.295,78.595,-1,92,<13>鳥は歌って　空を自由に飛び回</c><14>って</c>,回
78.295,78.495,-1,0,<13>とりはうたってそらをじゆうにとびま</c><14>わって</c>,ま
78.495,78.595,-1,0,<13>とりはうたってそらをじゆうにとびまわ</c><14>って</c>,わ
78.595,78.929,-1,92,<13>鳥は歌って　空を自由に飛び回っ</c><14>て</c>,っ
78.595,78.929,-1,0,<13>とりはうたってそらをじゆうにとびまわっ</c><14>て</c>,っ
78.929,79.263,-1,92,<13>鳥は歌って　空を自由に飛び回って</c>,て
78.929,79.263,-1,0,<13>とりはうたってそらをじゆうにとびまわって</c>,て
80.731,81.065,-1,92,<13>猫</c><14>は走って　気ままにじゃれてる</c>,猫
80.731,80.864,-1,0,<13>ね</c><14>こははしってきままにじゃれてる</c>,ね
80.864,81.065,-1,0,<13>ねこ</c><14>ははしってきままにじゃれてる</c>,こ
81.065,81.198,-1,92,<13>猫は</c><14>走って　気ままにじゃれてる</c>,は
81.065,81.198,-1,0,<13>ねこは</c><14>はしってきままにじゃれてる</c>,は
81.198,81.532,-1,92,<13>猫は走</c><14>って　気ままにじゃれてる</c>,走
81.198,81.398,-1,0,<13>ねこはは</c><14>しってきままにじゃれてる</c>,は
81.398,81.532,-1,0,<13>ねこははし</c><14>ってきままにじゃれてる</c>,し
81.532,81.698,-1,92,<13>猫は走っ</c><14>て　気ままにじゃれてる</c>,っ
81.532,81.698,-1,0,<13>ねこははしっ</c><14>てきままにじゃれてる</c>,っ
81.698,81.832,-1,92,<13>猫は走って　</c><14>気ままにじゃれてる</c>,て　
81.698,81.832,-1,0,<13>ねこははしって</c><14>きままにじゃれてる</c>,て
81.832,82.032,-1,92,<13>猫は走って　気</c><14>ままにじゃれてる</c>,気
81.832,82.032,-1,0,<13>ねこははしってき</c><14>ままにじゃれてる</c>,き
82.032,82.166,-1,92,<13>猫は走って　気ま</c><14>まにじゃれてる</c>,ま
82.032,82.166,-1,0,<13>ねこははしってきま</c><14>まにじゃれてる</c>,ま
82.166,82.366,-1,92,<13>猫は走って　気まま</c><14>にじゃれてる</c>,ま
82.166,82.366,-1,0,<13>ねこははしってきまま</c><14>にじゃれてる</c>,ま
82.366,82.466,-1,92,<13>猫は走って　気ままに</c><14>じゃれてる</c>,に
82.366,82.466,-1,0,<13>ねこははしってきままに</c><14>じゃれてる</c>,に
82.466,82.8,-1,92,<13>猫は走って　気ままにじゃ</c><14>れてる</c>,じゃ
82.466,82.8,-1,0,<13>ねこははしってきままにじゃ</c><14>れてる</c>,じゃ
82.8,83.133,-1,92,<13>猫は走って　気ままにじゃれ</c><14>てる</c>,れ
82.8,83.133,-1,0,<13>ねこははしってきままにじゃれ</c><14>てる</c>,れ
83.133,83.767,-1,92,<13>猫は走って　気ままにじゃれて</c><14>る</c>,て
83.133,83.767,-1,0,<13>ねこははしってきままにじゃれて</c><14>る</c>,て
83.767,84.435,-1,92,<13>猫は走って　気ままにじゃれてる</c>,る
83.767,84.435,-1,0,<13>ねこははしってきままにじゃれてる</c>,る
85.903,86.236,-1,92,<13>花</c><14>はそよいで　右に左　風と遊んでる</c>,花
85.903,86.036,-1,0,<13>は</c><14>なはそよいでみぎにひだりかぜとあそんでる</c>,は
86.036,86.236,-1,0,<13>はな</c><14>はそよいでみぎにひだりかぜとあそんでる</c>,な
86.236,86.37,-1,92,<13>花は</c><14>そよいで　右に左　風と遊んでる</c>,は
86.236,86.37,-1,0,<13>はなは</c><14>そよいでみぎにひだりかぜとあそんでる</c>,は
86.37,86.537,-1,92,<13>花はそ</c><14>よいで　右に左　風と遊んでる</c>,そ
86.37,86.537,-1,0,<13>はなはそ</c><14>よいでみぎにひだりかぜとあそんでる</c>,そ
86.537,86.67,-1,92,<13>花はそよ</c><14>いで　右に左　風と遊んでる</c>,よ
86.537,86.67,-1,0,<13>はなはそよ</c><14>いでみぎにひだりかぜとあそんでる</c>,よ
86.67,86.87,-1,92,<13>花はそよい</c><14>で　右に左　風と遊んでる</c>,い
86.67,86.87,-1,0,<13>はなはそよい</c><14>でみぎにひだりかぜとあそんでる</c>,い
86.87,86.97,-1,92,<13>花はそよいで　</c><14>右に左　風と遊んでる</c>,で　
86.87,86.97,-1,0,<13>はなはそよいで</c><14>みぎにひだりかぜとあそんでる</c>,で
86.97,87.337,-1,92,<13>花はそよいで　右</c><14>に左　風と遊んでる</c>,右
86.97,87.204,-1,0,<13>はなはそよいでみ</c><14>ぎにひだりかぜとあそんでる</c>,み
87.204,87.337,-1,0,<13>はなはそよいでみぎ</c><14>にひだりかぜとあそんでる</c>,ぎ
87.337,87.538,-1,92,<13>花はそよいで　右に</c><14>左　風と遊んでる</c>,に
87.337,87.538,-1,0,<13>はなはそよいでみぎに</c><14>ひだりかぜとあそんでる</c>,に
87.538,87.971,-1,92,<13>花はそよいで　右に左</c><14>　風と遊んでる</c>,左
87.538,87.638,-1,0,<13>はなはそよいでみぎにひ</c><14>だりかぜとあそんでる</c>,ひ
87.638,87.971,-1,0,<13>はなはそよいでみぎにひだ</c><14>りかぜとあそんでる</c>,だ
87.971,88.305,-1,92,<13>花はそよいで　右に左　</c><14>風と遊んでる</c>,　
87.971,88.305,-1,0,<13>はなはそよいでみぎにひだり</c><14>かぜとあそんでる</c>,り
88.305,88.605,-1,92,<13>花はそよいで　右に左　風</c><14>と遊んでる</c>,風
88.305,88.472,-1,0,<13>はなはそよいでみぎにひだりか</c><14>ぜとあそんでる</c>,か
88.472,88.605,-1,0,<13>はなはそよいでみぎにひだりかぜ</c><14>とあそんでる</c>,ぜ
88.605,88.806,-1,92,<13>花はそよいで　右に左　風と</c><14>遊んでる</c>,と
88.605,88.806,-1,0,<13>はなはそよいでみぎにひだりかぜと</c><14>あそんでる</c>,と
88.806,89.073,-1,92,<13>花はそよいで　右に左　風と遊</c><14>んでる</c>,遊
88.806,88.939,-1,0,<13>はなはそよいでみぎにひだりかぜとあ</c><14>そんでる</c>,あ
88.939,89.073,-1,0,<13>はなはそよいでみぎにひだりかぜとあそ</c><14>んでる</c>,そ
89.073,89.239,-1,92,<13>花はそよいで　右に左　風と遊ん</c><14>でる</c>,ん
89.073,89.239,-1,0,<13>はなはそよいでみぎにひだりかぜとあそん</c><14>でる</c>,ん
89.239,89.573,-1,92,<13>花はそよいで　右に左　風と遊んで</c><14>る</c>,で
89.239,89.573,-1,0,<13>はなはそよいでみぎにひだりかぜとあそんで</c><14>る</c>,で
89.573,90.541,-1,92,<13>花はそよいで　右に左　風と遊んでる</c>,る
89.573,90.541,-1,0,<13>はなはそよいでみぎにひだりかぜとあそんでる</c>,る
90.541,90.908,-1,92,<7>あ</c><13>ぁ　虹が架かる</c>,あ
90.541,90.908,-1,0,<7>あ</c><13>ぁにじがかかる</c>,あ
90.908,91.842,-1,92,<7>あ</c><11>ぁ　</c><13>虹が架かる</c>,ぁ　
90.908,91.842,-1,0,<7>あ</c><11>ぁ</c><13>にじがかかる</c>,ぁ
91.842,92.81,-1,92,<7>あ</c><11>ぁ　</c><12>虹</c><13>が架かる</c>,虹
91.842,92.176,-1,0,<7>あ</c><11>ぁ</c><12>に</c><13>じがかかる</c>,に
92.176,92.81,-1,0,<7>あ</c><11>ぁ</c><12>に</c><9>じ</c><13>がかかる</c>,じ
92.81,93.477,-1,92,<7>あ</c><11>ぁ　</c><12>虹</c><4>が</c><13>架かる</c>,が
92.81,93.477,-1,0,<7>あ</c><11>ぁ</c><12>に</c><9>じ</c><4>が</c><13>かかる</c>,が
93.477,94.111,-1,92,<7>あ</c><11>ぁ　</c><12>虹</c><4>が</c><2>架</c><13>かる</c>,架
93.477,94.111,-1,0,<7>あ</c><11>ぁ</c><12>に</c><9>じ</c><4>が</c><2>か</c><13>かる</c>,か
94.111,94.745,-1,92,<7>あ</c><11>ぁ　</c><12>虹</c><4>が</c><2>架</c><3>か</c><13>る</c>,か
94.111,94.745,-1,0,<7>あ</c><11>ぁ</c><12>に</c><9>じ</c><4>が</c><2>か</c><3>か</c><13>る</c>,か
94.745,97.314,-1,92,<7>あ</c><11>ぁ　</c><12>虹</c><4>が</c><2>架</c><3>か</c><6>る</c>,る
94.745,97.314,-1,0,<7>あ</c><11>ぁ</c><12>に</c><9>じ</c><4>が</c><2>か</c><3>か</c><6>る</c>,る
99.917,100.217,-1,92,<13>ぽ</c><14>かぽか　満たされてく</c>,ぽ
99.917,100.217,-1,0,<13>ぽ</c><14>かぽかみたされてく</c>,ぽ
100.217,100.584,-1,92,<13>ぽか</c><14>ぽか　満たされてく</c>,か
100.217,100.584,-1,0,<13>ぽか</c><14>ぽかみたされてく</c>,か
100.584,100.884,-1,92,<13>ぽかぽ</c><14>か　満たされてく</c>,ぽ
100.584,100.884,-1,0,<13>ぽかぽ</c><14>かみたされてく</c>,ぽ
100.884,101.518,-1,92,<13>ぽかぽか　</c><14>満たされてく</c>,か　
100.884,101.518,-1,0,<13>ぽかぽか</c><14>みたされてく</c>,か
101.518,101.852,-1,92,<13>ぽかぽか　満</c><14>たされてく</c>,満
101.518,101.852,-1,0,<13>ぽかぽかみ</c><14>たされてく</c>,み
101.852,102.186,-1,92,<13>ぽかぽか　満た</c><14>されてく</c>,た
101.852,102.186,-1,0,<13>ぽかぽかみた</c><14>されてく</c>,た
102.186,102.82,-1,92,<13>ぽかぽか　満たさ</c><14>れてく</c>,さ
102.186,102.82,-1,0,<13>ぽかぽかみたさ</c><14>れてく</c>,さ
102.82,103.153,-1,92,<13>ぽかぽか　満たされ</c><14>てく</c>,れ
102.82,103.153,-1,0,<13>ぽかぽかみたされ</c><14>てく</c>,れ
103.153,103.487,-1,92,<13>ぽかぽか　満たされて</c><14>く</c>,て
103.153,103.487,-1,0,<13>ぽかぽかみたされて</c><14>く</c>,て
103.487,105.055,-1,92,<13>ぽかぽか　満たされてく</c>,く
103.487,105.055,-1,0,<13>ぽかぽかみたされてく</c>,く
105.055,105.689,-1,92,<13>何</c><14>気ない日常が</c>,何
105.055,105.355,-1,0,<13>な</c><14>にげないにちじょうが</c>,な
105.355,105.689,-1,0,<13>なに</c><14>げないにちじょうが</c>,に
105.689,106.023,-1,92,<13>何気</c><14>ない日常が</c>,気
105.689,106.023,-1,0,<13>なにげ</c><14>ないにちじょうが</c>,げ
106.023,106.657,-1,92,<13>何気ない</c><14>日常が</c>,ない
106.023,106.657,-1,0,<13>なにげない</c><14>にちじょうが</c>,ない
106.657,107.291,-1,92,<13>何気ない日</c><14>常が</c>,日
106.657,106.957,-1,0,<13>なにげないに</c><14>ちじょうが</c>,に
106.957,107.291,-1,0,<13>なにげないにち</c><14>じょうが</c>,ち
107.291,108.592,-1,92,<13>何気ない日常</c><14>が</c>,常
107.291,107.958,-1,0,<13>なにげないにちじょ</c><14>うが</c>,じょ
107.958,108.592,-1,0,<13>なにげないにちじょう</c><14>が</c>,う
108.592,109.259,-1,92,<13>何気ない日常が</c>,が
108.592,109.259,-1,0,<13>なにげないにちじょうが</c>,が
109.259,109.927,-1,92,<13>僕</c><14>の髪には花簪</c>,僕
109.259,109.593,-1,0,<13>ぼ</c><14>くのかみにははなかんざし</c>,ぼ
109.593,109.927,-1,0,<13>ぼく</c><14>のかみにははなかんざし</c>,く
109.927,110.194,-1,92,<13>僕の</c><14>髪には花簪</c>,の
109.927,110.194,-1,0,<13>ぼくの</c><14>かみにははなかんざし</c>,の
110.194,110.894,-1,92,<13>僕の髪</c><14>には花簪</c>,髪
110.194,110.561,-1,0,<13>ぼくのか</c><14>みにははなかんざし</c>,か
110.561,110.894,-1,0,<13>ぼくのかみ</c><14>にははなかんざし</c>,み
110.894,111.228,-1,92,<13>僕の髪に</c><14>は花簪</c>,に
110.894,111.228,-1,0,<13>ぼくのかみに</c><14>ははなかんざし</c>,に
111.228,111.829,-1,92,<13>僕の髪には</c><14>花簪</c>,は
111.228,111.829,-1,0,<13>ぼくのかみには</c><14>はなかんざし</c>,は
111.829,112.496,-1,92,<13>僕の髪には花</c><14>簪</c>,花
111.829,112.162,-1,0,<13>ぼくのかみにはは</c><14>なかんざし</c>,は
112.162,112.496,-1,0,<13>ぼくのかみにははな</c><14>かんざし</c>,な
112.496,114.398,-1,92,<13>僕の髪には花簪</c>,簪
112.496,113.13,-1,0,<13>ぼくのかみにははなか</c><14>んざし</c>,か
113.13,113.464,-1,0,<13>ぼくのかみにははなかん</c><14>ざし</c>,ん
113.464,113.73,-1,0,<13>ぼくのかみにははなかんざ</c><14>し</c>,ざ
113.73,114.398,-1,0,<13>ぼくのかみにははなかんざし</c>,し
114.398,115.065,-1,92,<13>君</c><14>がくれた大切な物</c>,君
114.398,114.731,-1,0,<13>き</c><14>みがくれたたいせつなもの</c>,き
114.731,115.065,-1,0,<13>きみ</c><14>がくれたたいせつなもの</c>,み
115.065,115.666,-1,92,<13>君が</c><14>くれた大切な物</c>,が
115.065,115.666,-1,0,<13>きみが</c><14>くれたたいせつなもの</c>,が
115.666,116.033,-1,92,<13>君がく</c><14>れた大切な物</c>,く
115.666,116.033,-1,0,<13>きみがく</c><14>れたたいせつなもの</c>,く
116.033,116.333,-1,92,<13>君がくれ</c><14>た大切な物</c>,れ
116.033,116.333,-1,0,<13>きみがくれ</c><14>たたいせつなもの</c>,れ
116.333,117.0,-1,92,<13>君がくれた</c><14>大切な物</c>,た
116.333,117.0,-1,0,<13>きみがくれた</c><14>たいせつなもの</c>,た
117.0,117.634,-1,92,<13>君がくれた大</c><14>切な物</c>,大
117.0,117.334,-1,0,<13>きみがくれたた</c><14>いせつなもの</c>,た
117.334,117.634,-1,0,<13>きみがくれたたい</c><14>せつなもの</c>,い
117.634,118.302,-1,92,<13>君がくれた大切</c><14>な物</c>,切
117.634,118.168,-1,0,<13>きみがくれたたいせ</c><14>つなもの</c>,せ
118.168,118.302,-1,0,<13>きみがくれたたいせつ</c><14>なもの</c>,つ
118.302,118.602,-1,92,<13>君がくれた大切な</c><14>物</c>,な
118.302,118.602,-1,0,<13>きみがくれたたいせつな</c><14>もの</c>,な
118.602,119.937,-1,92,<13>君がくれた大切な物</c>,物
118.602,118.936,-1,0,<13>きみがくれたたいせつなも</c><14>の</c>,も
118.936,119.937,-1,0,<13>きみがくれたたいせつなもの</c>,の
130.881,131.515,-1,92,<13>はぁ、</c><14>たまにはほら　落ち込んで</c>,はぁ、
130.881,131.515,-1,0,<13>はぁ、</c><14>たまにはほらおちこんで</c>,はぁ、
131.515,131.748,-1,92,<13>はぁ、た</c><14>まにはほら　落ち込んで</c>,た
131.515,131.748,-1,0,<13>はぁ、た</c><14>まにはほらおちこんで</c>,た
131.748,131.849,-1,92,<13>はぁ、たま</c><14>にはほら　落ち込んで</c>,ま
131.748,131.849,-1,0,<13>はぁ、たま</c><14>にはほらおちこんで</c>,ま
131.849,132.049,-1,92,<13>はぁ、たまに</c><14>はほら　落ち込んで</c>,に
131.849,132.049,-1,0,<13>はぁ、たまに</c><14>はほらおちこんで</c>,に
132.049,132.149,-1,92,<13>はぁ、たまには</c><14>ほら　落ち込んで</c>,は
132.049,132.149,-1,0,<13>はぁ、たまには</c><14>ほらおちこんで</c>,は
132.149,132.483,-1,92,<13>はぁ、たまにはほ</c><14>ら　落ち込んで</c>,ほ
132.149,132.483,-1,0,<13>はぁ、たまにはほ</c><14>らおちこんで</c>,ほ
132.483,133.15,-1,92,<13>はぁ、たまにはほら　</c><14>落ち込んで</c>,ら　
132.483,133.15,-1,0,<13>はぁ、たまにはほら</c><14>おちこんで</c>,ら
133.15,133.417,-1,92,<13>はぁ、たまにはほら　落</c><14>ち込んで</c>,落
133.15,133.417,-1,0,<13>はぁ、たまにはほらお</c><14>ちこんで</c>,お
133.417,133.784,-1,92,<13>はぁ、たまにはほら　落ち</c><14>込んで</c>,ち
133.417,133.784,-1,0,<13>はぁ、たまにはほらおち</c><14>こんで</c>,ち
133.784,134.084,-1,92,<13>はぁ、たまにはほら　落ち込</c><14>んで</c>,込
133.784,134.084,-1,0,<13>はぁ、たまにはほらおちこ</c><14>んで</c>,こ
134.084,134.418,-1,92,<13>はぁ、たまにはほら　落ち込ん</c><14>で</c>,ん
134.084,134.418,-1,0,<13>はぁ、たまにはほらおちこん</c><14>で</c>,ん
134.418,135.085,-1,92,<13>はぁ、たまにはほら　落ち込んで</c>,で
134.418,135.085,-1,0,<13>はぁ、たまにはほらおちこんで</c>,で
135.085,135.752,-1,92,<13>眠</c><14>れない夜が訪れたり</c>,眠
135.085,135.385,-1,0,<13>ね</c><14>むれないよるがおとずれたり</c>,ね
135.385,135.752,-1,0,<13>ねむ</c><14>れないよるがおとずれたり</c>,む
135.752,136.053,-1,92,<13>眠れ</c><14>ない夜が訪れたり</c>,れ
135.752,136.053,-1,0,<13>ねむれ</c><14>ないよるがおとずれたり</c>,れ
136.053,136.386,-1,92,<13>眠れな</c><14>い夜が訪れたり</c>,な
136.053,136.386,-1,0,<13>ねむれな</c><14>いよるがおとずれたり</c>,な
136.386,136.687,-1,92,<13>眠れない</c><14>夜が訪れたり</c>,い
136.386,136.687,-1,0,<13>ねむれない</c><14>よるがおとずれたり</c>,い
136.687,137.654,-1,92,<13>眠れない夜</c><14>が訪れたり</c>,夜
136.687,137.02,-1,0,<13>ねむれないよ</c><14>るがおとずれたり</c>,よ
137.02,137.654,-1,0,<13>ねむれないよる</c><14>がおとずれたり</c>,る
137.654,137.988,-1,92,<13>眠れない夜が</c><14>訪れたり</c>,が
137.654,137.988,-1,0,<13>ねむれないよるが</c><14>おとずれたり</c>,が
137.988,138.956,-1,92,<13>眠れない夜が訪</c><14>れたり</c>,訪
137.988,138.322,-1,0,<13>ねむれないよるがお</c><14>とずれたり</c>,お
138.322,138.622,-1,0,<13>ねむれないよるがおと</c><14>ずれたり</c>,と
138.622,138.956,-1,0,<13>ねむれないよるがおとず</c><14>れたり</c>,ず
138.956,139.289,-1,92,<13>眠れない夜が訪れ</c><14>たり</c>,れ
138.956,139.289,-1,0,<13>ねむれないよるがおとずれ</c><14>たり</c>,れ
139.289,139.623,-1,92,<13>眠れない夜が訪れた</c><14>り</c>,た
139.289,139.623,-1,0,<13>ねむれないよるがおとずれた</c><14>り</c>,た
139.623,141.191,-1,92,<13>眠れない夜が訪れたり</c>,り
139.623,141.191,-1,0,<13>ねむれないよるがおとずれたり</c>,り
141.191,141.825,-1,92,<13>あぁ、</c><14>見せられないな　腫れた目は</c>,あぁ、
141.191,141.825,-1,0,<13>あぁ、</c><14>みせられないなはれためは</c>,あぁ、
141.825,142.059,-1,92,<13>あぁ、見</c><14>せられないな　腫れた目は</c>,見
141.825,142.059,-1,0,<13>あぁ、み</c><14>せられないなはれためは</c>,み
142.059,142.159,-1,92,<13>あぁ、見せ</c><14>られないな　腫れた目は</c>,せ
142.059,142.159,-1,0,<13>あぁ、みせ</c><14>られないなはれためは</c>,せ
142.159,142.359,-1,92,<13>あぁ、見せら</c><14>れないな　腫れた目は</c>,ら
142.159,142.359,-1,0,<13>あぁ、みせら</c><14>れないなはれためは</c>,ら
142.359,142.493,-1,92,<13>あぁ、見せられ</c><14>ないな　腫れた目は</c>,れ
142.359,142.493,-1,0,<13>あぁ、みせられ</c><14>ないなはれためは</c>,れ
142.493,142.659,-1,92,<13>あぁ、見せられな</c><14>いな　腫れた目は</c>,な
142.493,142.659,-1,0,<13>あぁ、みせられな</c><14>いなはれためは</c>,な
142.659,142.793,-1,92,<13>あぁ、見せられない</c><14>な　腫れた目は</c>,い
142.659,142.793,-1,0,<13>あぁ、みせられない</c><14>なはれためは</c>,い
142.793,143.46,-1,92,<13>あぁ、見せられないな　</c><14>腫れた目は</c>,な　
142.793,143.46,-1,0,<13>あぁ、みせられないな</c><14>はれためは</c>,な
143.46,143.76,-1,92,<13>あぁ、見せられないな　腫</c><14>れた目は</c>,腫
143.46,143.76,-1,0,<13>あぁ、みせられないなは</c><14>れためは</c>,は
143.76,144.094,-1,92,<13>あぁ、見せられないな　腫れ</c><14>た目は</c>,れ
143.76,144.094,-1,0,<13>あぁ、みせられないなはれ</c><14>ためは</c>,れ
144.094,144.428,-1,92,<13>あぁ、見せられないな　腫れた</c><14>目は</c>,た
144.094,144.428,-1,0,<13>あぁ、みせられないなはれた</c><14>めは</c>,た
144.428,144.761,-1,92,<13>あぁ、見せられないな　腫れた目</c><14>は</c>,目
144.428,144.761,-1,0,<13>あぁ、みせられないなはれため</c><14>は</c>,め
144.761,145.395,-1,92,<13>あぁ、見せられないな　腫れた目は</c>,は
144.761,145.395,-1,0,<13>あぁ、みせられないなはれためは</c>,は
145.395,146.063,-1,92,<13>優</c><14>しい君は　すぐ気付くから</c>,優
145.395,145.729,-1,0,<13>や</c><14>さしいきみはすぐきづくから</c>,や
145.729,146.063,-1,0,<13>やさ</c><14>しいきみはすぐきづくから</c>,さ
146.063,146.363,-1,92,<13>優し</c><14>い君は　すぐ気付くから</c>,し
146.063,146.363,-1,0,<13>やさし</c><14>いきみはすぐきづくから</c>,し
146.363,146.663,-1,92,<13>優しい</c><14>君は　すぐ気付くから</c>,い
146.363,146.663,-1,0,<13>やさしい</c><14>きみはすぐきづくから</c>,い
146.663,147.331,-1,92,<13>優しい君</c><14>は　すぐ気付くから</c>,君
146.663,146.997,-1,0,<13>やさしいき</c><14>みはすぐきづくから</c>,き
146.997,147.331,-1,0,<13>やさしいきみ</c><14>はすぐきづくから</c>,み
147.331,147.998,-1,92,<13>優しい君は　</c><14>すぐ気付くから</c>,は　
147.331,147.998,-1,0,<13>やさしいきみは</c><14>すぐきづくから</c>,は
147.998,148.298,-1,92,<13>優しい君は　す</c><14>ぐ気付くから</c>,す
147.998,148.298,-1,0,<13>やさしいきみはす</c><14>ぐきづくから</c>,す
148.298,148.599,-1,92,<13>優しい君は　すぐ</c><14>気付くから</c>,ぐ
148.298,148.599,-1,0,<13>やさしいきみはすぐ</c><14>きづくから</c>,ぐ
148.599,148.932,-1,92,<13>優しい君は　すぐ気</c><14>付くから</c>,気
148.599,148.932,-1,0,<13>やさしいきみはすぐき</c><14>づくから</c>,き
148.932,149.266,-1,92,<13>優しい君は　すぐ気付</c><14>くから</c>,付
148.932,149.266,-1,0,<13>やさしいきみはすぐきづ</c><14>くから</c>,づ
149.266,149.6,-1,92,<13>優しい君は　すぐ気付く</c><14>から</c>,く
149.266,149.6,-1,0,<13>やさしいきみはすぐきづく</c><14>から</c>,く
149.6,149.9,-1,92,<13>優しい君は　すぐ気付くか</c><14>ら</c>,か
149.6,149.9,-1,0,<13>やさしいきみはすぐきづくか</c><14>ら</c>,か
149.9,151.535,-1,92,<13>優しい君は　すぐ気付くから</c>,ら
149.9,151.535,-1,0,<13>やさしいきみはすぐきづくから</c>,ら
153.003,153.303,-1,92,<13>何</c><14>も出来ずに　窓の外も暗くなって</c>,何
153.003,153.137,-1,0,<13>な</c><14>にもできずにまどのそともくらくなって</c>,な
153.137,153.303,-1,0,<13>なに</c><14>もできずにまどのそともくらくなって</c>,に
153.303,153.47,-1,92,<13>何も</c><14>出来ずに　窓の外も暗くなって</c>,も
153.303,153.47,-1,0,<13>なにも</c><14>できずにまどのそともくらくなって</c>,も
153.47,153.637,-1,92,<13>何も出</c><14>来ずに　窓の外も暗くなって</c>,出
153.47,153.637,-1,0,<13>なにもで</c><14>きずにまどのそともくらくなって</c>,で
153.637,153.77,-1,92,<13>何も出来</c><14>ずに　窓の外も暗くなって</c>,来
153.637,153.77,-1,0,<13>なにもでき</c><14>ずにまどのそともくらくなって</c>,き
153.77,153.971,-1,92,<13>何も出来ず</c><14>に　窓の外も暗くなって</c>,ず
153.77,153.971,-1,0,<13>なにもできず</c><14>にまどのそともくらくなって</c>,ず
153.971,154.104,-1,92,<13>何も出来ずに　</c><14>窓の外も暗くなって</c>,に　
153.971,154.104,-1,0,<13>なにもできずに</c><14>まどのそともくらくなって</c>,に
154.104,154.404,-1,92,<13>何も出来ずに　窓</c><14>の外も暗くなって</c>,窓
154.104,154.304,-1,0,<13>なにもできずにま</c><14>どのそともくらくなって</c>,ま
154.304,154.404,-1,0,<13>なにもできずにまど</c><14>のそともくらくなって</c>,ど
154.404,154.605,-1,92,<13>何も出来ずに　窓の</c><14>外も暗くなって</c>,の
154.404,154.605,-1,0,<13>なにもできずにまどの</c><14>そともくらくなって</c>,の
154.605,155.072,-1,92,<13>何も出来ずに　窓の外</c><14>も暗くなって</c>,外
154.605,154.738,-1,0,<13>なにもできずにまどのそ</c><14>ともくらくなって</c>,そ
154.738,155.072,-1,0,<13>なにもできずにまどのそと</c><14>もくらくなって</c>,と
155.072,155.372,-1,92,<13>何も出来ずに　窓の外も</c><14>暗くなって</c>,も
155.072,155.372,-1,0,<13>なにもできずにまどのそとも</c><14>くらくなって</c>,も
155.372,155.706,-1,92,<13>何も出来ずに　窓の外も暗</c><14>くなって</c>,暗
155.372,155.572,-1,0,<13>なにもできずにまどのそともく</c><14>らくなって</c>,く
155.572,155.706,-1,0,<13>なにもできずにまどのそともくら</c><14>くなって</c>,ら
155.706,155.906,-1,92,<13>何も出来ずに　窓の外も暗く</c><14>なって</c>,く
155.706,155.906,-1,0,<13>なにもできずにまどのそともくらく</c><14>なって</c>,く
155.906,156.039,-1,92,<13>何も出来ずに　窓の外も暗くな</c><14>って</c>,な
155.906,156.039,-1,0,<13>なにもできずにまどのそともくらくな</c><14>って</c>,な
156.039,156.34,-1,92,<13>何も出来ずに　窓の外も暗くなっ</c><14>て</c>,っ
156.039,156.34,-1,0,<13>なにもできずにまどのそともくらくなっ</c><14>て</c>,っ
156.34,156.707,-1,92,<13>何も出来ずに　窓の外も暗くなって</c>,て
156.34,156.707,-1,0,<13>なにもできずにまどのそともくらくなって</c>,て
158.142,158.275,-1,92,<13>ふ</c><14>と思い出す　僕のこと呼ぶ声</c>,ふ
158.142,158.275,-1,0,<13>ふ</c><14>とおもいだすぼくのことよぶこえ</c>,ふ
158.275,158.442,-1,92,<13>ふと</c><14>思い出す　僕のこと呼ぶ声</c>,と
158.275,158.442,-1,0,<13>ふと</c><14>おもいだすぼくのことよぶこえ</c>,と
158.442,158.809,-1,92,<13>ふと思</c><14>い出す　僕のこと呼ぶ声</c>,思
158.442,158.609,-1,0,<13>ふとお</c><14>もいだすぼくのことよぶこえ</c>,お
158.609,158.809,-1,0,<13>ふとおも</c><14>いだすぼくのことよぶこえ</c>,も
158.809,158.942,-1,92,<13>ふと思い</c><14>出す　僕のこと呼ぶ声</c>,い
158.809,158.942,-1,0,<13>ふとおもい</c><14>だすぼくのことよぶこえ</c>,い
158.942,159.143,-1,92,<13>ふと思い出</c><14>す　僕のこと呼ぶ声</c>,出
158.942,159.143,-1,0,<13>ふとおもいだ</c><14>すぼくのことよぶこえ</c>,だ
159.143,159.243,-1,92,<13>ふと思い出す　</c><14>僕のこと呼ぶ声</c>,す　
159.143,159.243,-1,0,<13>ふとおもいだす</c><14>ぼくのことよぶこえ</c>,す
159.243,159.576,-1,92,<13>ふと思い出す　僕</c><14>のこと呼ぶ声</c>,僕
159.243,159.443,-1,0,<13>ふとおもいだすぼ</c><14>くのことよぶこえ</c>,ぼ
159.443,159.576,-1,0,<13>ふとおもいだすぼく</c><14>のことよぶこえ</c>,く
159.576,159.776,-1,92,<13>ふと思い出す　僕の</c><14>こと呼ぶ声</c>,の
159.576,159.776,-1,0,<13>ふとおもいだすぼくの</c><14>ことよぶこえ</c>,の
159.776,159.877,-1,92,<13>ふと思い出す　僕のこ</c><14>と呼ぶ声</c>,こ
159.776,159.877,-1,0,<13>ふとおもいだすぼくのこ</c><14>とよぶこえ</c>,こ
159.877,160.21,-1,92,<13>ふと思い出す　僕のこと</c><14>呼ぶ声</c>,と
159.877,160.21,-1,0,<13>ふとおもいだすぼくのこと</c><14>よぶこえ</c>,と
160.21,160.41,-1,92,<13>ふと思い出す　僕のこと呼</c><14>ぶ声</c>,呼
160.21,160.41,-1,0,<13>ふとおもいだすぼくのことよ</c><14>ぶこえ</c>,よ
160.41,160.544,-1,92,<13>ふと思い出す　僕のこと呼ぶ</c><14>声</c>,ぶ
160.41,160.544,-1,0,<13>ふとおもいだすぼくのことよぶ</c><14>こえ</c>,ぶ
160.544,161.845,-1,92,<13>ふと思い出す　僕のこと呼ぶ声</c>,声
160.544,161.178,-1,0,<13>ふとおもいだすぼくのことよぶこ</c><14>え</c>,こ
161.178,161.845,-1,0,<13>ふとおもいだすぼくのことよぶこえ</c>,え
163.28,163.447,-1,92,<13>そ</c><14>うやって日々　支えられて進んでくから</c>,そ
163.28,163.447,-1,0,<13>そ</c><14>うやってひびささえられてすすんでくから</c>,そ
163.447,163.68,-1,92,<13>そう</c><14>やって日々　支えられて進んでくから</c>,う
163.447,163.68,-1,0,<13>そう</c><14>やってひびささえられてすすんでくから</c>,う
163.68,163.78,-1,92,<13>そうや</c><14>って日々　支えられて進んでくから</c>,や
163.68,163.78,-1,0,<13>そうや</c><14>ってひびささえられてすすんでくから</c>,や
163.78,163.981,-1,92,<13>そうやっ</c><14>て日々　支えられて進んでくから</c>,っ
163.78,163.981,-1,0,<13>そうやっ</c><14>てひびささえられてすすんでくから</c>,っ
163.981,164.114,-1,92,<13>そうやって</c><14>日々　支えられて進んでくから</c>,て
163.981,164.114,-1,0,<13>そうやって</c><14>ひびささえられてすすんでくから</c>,て
164.114,164.314,-1,92,<13>そうやって日</c><14>々　支えられて進んでくから</c>,日
164.114,164.314,-1,0,<13>そうやってひ</c><14>びささえられてすすんでくから</c>,ひ
164.314,164.414,-1,92,<13>そうやって日々　</c><14>支えられて進んでくから</c>,々　
164.314,164.414,-1,0,<13>そうやってひび</c><14>ささえられてすすんでくから</c>,び
164.414,164.748,-1,92,<13>そうやって日々　支</c><14>えられて進んでくから</c>,支
164.414,164.648,-1,0,<13>そうやってひびさ</c><14>さえられてすすんでくから</c>,さ
164.648,164.748,-1,0,<13>そうやってひびささ</c><14>えられてすすんでくから</c>,さ
164.748,164.948,-1,92,<13>そうやって日々　支え</c><14>られて進んでくから</c>,え
164.748,164.948,-1,0,<13>そうやってひびささえ</c><14>られてすすんでくから</c>,え
164.948,165.082,-1,92,<13>そうやって日々　支えら</c><14>れて進んでくから</c>,ら
164.948,165.082,-1,0,<13>そうやってひびささえら</c><14>れてすすんでくから</c>,ら
165.082,165.382,-1,92,<13>そうやって日々　支えられ</c><14>て進んでくから</c>,れ
165.082,165.382,-1,0,<13>そうやってひびささえられ</c><14>てすすんでくから</c>,れ
165.382,165.716,-1,92,<13>そうやって日々　支えられて</c><14>進んでくから</c>,て
165.382,165.716,-1,0,<13>そうやってひびささえられて</c><14>すすんでくから</c>,て
165.716,166.016,-1,92,<13>そうやって日々　支えられて進</c><14>んでくから</c>,進
165.716,165.849,-1,0,<13>そうやってひびささえられてす</c><14>すんでくから</c>,す
165.849,166.016,-1,0,<13>そうやってひびささえられてすす</c><14>んでくから</c>,す
166.016,166.25,-1,92,<13>そうやって日々　支えられて進ん</c><14>でくから</c>,ん
166.016,166.25,-1,0,<13>そうやってひびささえられてすすん</c><14>でくから</c>,ん
166.25,166.35,-1,92,<13>そうやって日々　支えられて進んで</c><14>くから</c>,で
166.25,166.35,-1,0,<13>そうやってひびささえられてすすんで</c><14>くから</c>,で
166.35,166.65,-1,92,<13>そうやって日々　支えられて進んでく</c><14>から</c>,く
166.35,166.65,-1,0,<13>そうやってひびささえられてすすんでく</c><14>から</c>,く
166.65,167.017,-1,92,<13>そうやって日々　支えられて進んでくか</c><14>ら</c>,か
166.65,167.017,-1,0,<13>そうやってひびささえられてすすんでくか</c><14>ら</c>,か
167.017,167.985,-1,92,<13>そうやって日々　支えられて進んでくから</c>,ら
167.017,167.985,-1,0,<13>そうやってひびささえられてすすんでくから</c>,ら
167.985,168.318,-1,92,<13>ま</c><14>た　前を向ける</c>,ま
167.985,168.318,-1,0,<13>ま</c><14>たまえをむける</c>,ま
168.318,169.253,-1,92,<13>また　</c><14>前を向ける</c>,た　
168.318,169.253,-1,0,<13>また</c><14>まえをむける</c>,た
169.253,169.586,-1,92,<13>また　前</c><14>を向ける</c>,前
169.253,169.453,-1,0,<13>またま</c><14>えをむける</c>,ま
169.453,169.586,-1,0,<13>またまえ</c><14>をむける</c>,え
169.586,170.22,-1,92,<13>また　前を</c><14>向ける</c>,を
169.586,170.22,-1,0,<13>またまえを</c><14>むける</c>,を
170.22,170.854,-1,92,<13>また　前を向</c><14>ける</c>,向
170.22,170.854,-1,0,<13>またまえをむ</c><14>ける</c>,む
170.854,171.522,-1,92,<13>また　前を向け</c><14>る</c>,け
170.854,171.522,-1,0,<13>またまえをむけ</c><14>る</c>,け
171.522,173.123,-1,92,<13>また　前を向ける</c>,る
171.522,173.123,-1,0,<13>またまえをむける</c>,る
177.327,178.295,-1,92,<13>涙</c><14>で濡れた日々も</c>,涙
177.327,177.661,-1,0,<13>な</c><14>みだでぬれたひびも</c>,な
177.661,177.961,-1,0,<13>なみ</c><14>だでぬれたひびも</c>,み
177.961,178.295,-1,0,<13>なみだ</c><14>でぬれたひびも</c>,だ
178.295,178.962,-1,92,<13>涙で</c><14>濡れた日々も</c>,で
178.295,178.962,-1,0,<13>なみだで</c><14>ぬれたひびも</c>,で
178.962,179.263,-1,92,<13>涙で濡</c><14>れた日々も</c>,濡
178.962,179.263,-1,0,<13>なみだでぬ</c><14>れたひびも</c>,ぬ
179.263,179.596,-1,92,<13>涙で濡れ</c><14>た日々も</c>,れ
179.263,179.596,-1,0,<13>なみだでぬれ</c><14>たひびも</c>,れ
179.596,180.23,-1,92,<13>涙で濡れた</c><14>日々も</c>,た
179.596,180.23,-1,0,<13>なみだでぬれた</c><14>ひびも</c>,た
180.23,180.564,-1,92,<13>涙で濡れた日</c><14>々も</c>,日
180.23,180.564,-1,0,<13>なみだでぬれたひ</c><14>びも</c>,ひ
180.564,180.898,-1,92,<13>涙で濡れた日々</c><14>も</c>,々
180.564,180.898,-1,0,<13>なみだでぬれたひび</c><14>も</c>,び
180.898,182.466,-1,92,<13>涙で濡れた日々も</c>,も
180.898,182.466,-1,0,<13>なみだでぬれたひびも</c>,も
182.466,182.833,-1,92,<13>笑</c><14>顔に変わってく</c>,笑
182.466,182.833,-1,0,<13>え</c><14>がおにかわってく</c>,え
182.833,183.433,-1,92,<13>笑顔</c><14>に変わってく</c>,顔
182.833,183.133,-1,0,<13>えが</c><14>おにかわってく</c>,が
183.133,183.433,-1,0,<13>えがお</c><14>にかわってく</c>,お
183.433,184.101,-1,92,<13>笑顔に</c><14>変わってく</c>,に
183.433,184.101,-1,0,<13>えがおに</c><14>かわってく</c>,に
184.101,184.401,-1,92,<13>笑顔に変</c><14>わってく</c>,変
184.101,184.401,-1,0,<13>えがおにか</c><14>わってく</c>,か
184.401,184.735,-1,92,<13>笑顔に変わ</c><14>ってく</c>,わ
184.401,184.735,-1,0,<13>えがおにかわ</c><14>ってく</c>,わ
184.735,185.369,-1,92,<13>笑顔に変わっ</c><14>てく</c>,っ
184.735,185.369,-1,0,<13>えがおにかわっ</c><14>てく</c>,っ
185.369,186.036,-1,92,<13>笑顔に変わって</c><14>く</c>,て
185.369,186.036,-1,0,<13>えがおにかわって</c><14>く</c>,て
186.036,186.67,-1,92,<13>笑顔に変わってく</c>,く
186.036,186.67,-1,0,<13>えがおにかわってく</c>,く
186.67,187.304,-1,92,<13>僕</c><14>の心に咲き誇るよ</c>,僕
186.67,186.97,-1,0,<13>ぼ</c><14>くのこころにさきほこるよ</c>,ぼ
186.97,187.304,-1,0,<13>ぼく</c><14>のこころにさきほこるよ</c>,く
187.304,187.604,-1,92,<13>僕の</c><14>心に咲き誇るよ</c>,の
187.304,187.604,-1,0,<13>ぼくの</c><14>こころにさきほこるよ</c>,の
187.604,188.605,-1,92,<13>僕の心</c><14>に咲き誇るよ</c>,心
187.604,187.971,-1,0,<13>ぼくのこ</c><14>ころにさきほこるよ</c>,こ
187.971,188.272,-1,0,<13>ぼくのここ</c><14>ろにさきほこるよ</c>,こ
188.272,188.605,-1,0,<13>ぼくのこころ</c><14>にさきほこるよ</c>,ろ
188.605,189.206,-1,92,<13>僕の心に</c><14>咲き誇るよ</c>,に
188.605,189.206,-1,0,<13>ぼくのこころに</c><14>さきほこるよ</c>,に
189.206,189.573,-1,92,<13>僕の心に咲</c><14>き誇るよ</c>,咲
189.206,189.573,-1,0,<13>ぼくのこころにさ</c><14>きほこるよ</c>,さ
189.573,189.907,-1,92,<13>僕の心に咲き</c><14>誇るよ</c>,き
189.573,189.907,-1,0,<13>ぼくのこころにさき</c><14>ほこるよ</c>,き
189.907,190.841,-1,92,<13>僕の心に咲き誇</c><14>るよ</c>,誇
189.907,190.541,-1,0,<13>ぼくのこころにさきほ</c><14>こるよ</c>,ほ
190.541,190.841,-1,0,<13>ぼくのこころにさきほこ</c><14>るよ</c>,こ
190.841,191.175,-1,92,<13>僕の心に咲き誇る</c><14>よ</c>,る
190.841,191.175,-1,0,<13>ぼくのこころにさきほこる</c><14>よ</c>,る
191.175,191.842,-1,92,<13>僕の心に咲き誇るよ</c>,よ
191.175,191.842,-1,0,<13>ぼくのこころにさきほこるよ</c>,よ
191.842,192.509,-1,92,<13>君</c><14>がくれた大切な日々</c>,君
191.842,192.176,-1,0,<13>き</c><14>みがくれたたいせつなひび</c>,き
192.176,192.509,-1,0,<13>きみ</c><14>がくれたたいせつなひび</c>,み
192.509,193.11,-1,92,<13>君が</c><14>くれた大切な日々</c>,が
192.509,193.11,-1,0,<13>きみが</c><14>くれたたいせつなひび</c>,が
193.11,193.443,-1,92,<13>君がく</c><14>れた大切な日々</c>,く
193.11,193.443,-1,0,<13>きみがく</c><14>れたたいせつなひび</c>,く
193.443,193.777,-1,92,<13>君がくれ</c><14>た大切な日々</c>,れ
193.443,193.777,-1,0,<13>きみがくれ</c><14>たたいせつなひび</c>,れ
193.777,194.444,-1,92,<13>君がくれた</c><14>大切な日々</c>,た
193.777,194.444,-1,0,<13>きみがくれた</c><14>たいせつなひび</c>,た
194.444,195.045,-1,92,<13>君がくれた大</c><14>切な日々</c>,大
194.444,194.745,-1,0,<13>きみがくれたた</c><14>いせつなひび</c>,た
194.745,195.045,-1,0,<13>きみがくれたたい</c><14>せつなひび</c>,い
195.045,195.712,-1,92,<13>君がくれた大切</c><14>な日々</c>,切
195.045,195.579,-1,0,<13>きみがくれたたいせ</c><14>つなひび</c>,せ
195.579,195.712,-1,0,<13>きみがくれたたいせつ</c><14>なひび</c>,つ
195.712,196.013,-1,92,<13>君がくれた大切な</c><14>日々</c>,な
195.712,196.013,-1,0,<13>きみがくれたたいせつな</c><14>ひび</c>,な
196.013,196.38,-1,92,<13>君がくれた大切な日</c><14>々</c>,日
196.013,196.38,-1,0,<13>きみがくれたたいせつなひ</c><14>び</c>,ひ
196.38,197.281,-1,92,<13>君がくれた大切な日々</c>,々
196.38,197.281,-1,0,<13>きみがくれたたいせつなひび</c>,び
197.281,197.514,-1,92,<13>変</c><14>わり映えのしない　日常だけど</c>,変
197.281,197.514,-1,0,<13>か</c><14>わりばえのしないにちじょうだけど</c>,か
197.514,197.648,-1,92,<13>変わ</c><14>り映えのしない　日常だけど</c>,わ
197.514,197.648,-1,0,<13>かわ</c><14>りばえのしないにちじょうだけど</c>,わ
197.648,197.848,-1,92,<13>変わり</c><14>映えのしない　日常だけど</c>,り
197.648,197.848,-1,0,<13>かわり</c><14>ばえのしないにちじょうだけど</c>,り
197.848,197.948,-1,92,<13>変わり映</c><14>えのしない　日常だけど</c>,映
197.848,197.948,-1,0,<13>かわりば</c><14>えのしないにちじょうだけど</c>,ば
197.948,198.282,-1,92,<13>変わり映え</c><14>のしない　日常だけど</c>,え
197.948,198.282,-1,0,<13>かわりばえ</c><14>のしないにちじょうだけど</c>,え
198.282,198.615,-1,92,<13>変わり映えの</c><14>しない　日常だけど</c>,の
198.282,198.615,-1,0,<13>かわりばえの</c><14>しないにちじょうだけど</c>,の
198.615,198.916,-1,92,<13>変わり映えのし</c><14>ない　日常だけど</c>,し
198.615,198.916,-1,0,<13>かわりばえのし</c><14>ないにちじょうだけど</c>,し
198.916,199.249,-1,92,<13>変わり映えのしな</c><14>い　日常だけど</c>,な
198.916,199.249,-1,0,<13>かわりばえのしな</c><14>いにちじょうだけど</c>,な
199.249,200.184,-1,92,<13>変わり映えのしない　</c><14>日常だけど</c>,い　
199.249,200.184,-1,0,<13>かわりばえのしない</c><14>にちじょうだけど</c>,い
200.184,200.517,-1,92,<13>変わり映えのしない　日</c><14>常だけど</c>,日
200.184,200.417,-1,0,<13>かわりばえのしないに</c><14>ちじょうだけど</c>,に
200.417,200.517,-1,0,<13>かわりばえのしないにち</c><14>じょうだけど</c>,ち
200.517,201.185,-1,92,<13>変わり映えのしない　日常</c><14>だけど</c>,常
200.517,200.884,-1,0,<13>かわりばえのしないにちじょ</c><14>うだけど</c>,じょ
200.884,201.185,-1,0,<13>かわりばえのしないにちじょう</c><14>だけど</c>,う
201.185,201.485,-1,92,<13>変わり映えのしない　日常だ</c><14>けど</c>,だ
201.185,201.485,-1,0,<13>かわりばえのしないにちじょうだ</c><14>けど</c>,だ
201.485,201.818,-1,92,<13>変わり映えのしない　日常だけ</c><14>ど</c>,け
201.485,201.818,-1,0,<13>かわりばえのしないにちじょうだけ</c><14>ど</c>,け
201.818,202.753,-1,92,<13>変わり映えのしない　日常だけど</c>,ど
201.818,202.753,-1,0,<13>かわりばえのしないにちじょうだけど</c>,ど
202.753,203.453,-1,92,<13>幸</c><14>せはほら　降り積もってる</c>,幸
202.753,202.986,-1,0,<13>し</c><14>あわせはほらふりつもってる</c>,し
202.986,203.12,-1,0,<13>しあ</c><14>わせはほらふりつもってる</c>,あ
203.12,203.453,-1,0,<13>しあわ</c><14>せはほらふりつもってる</c>,わ
203.453,203.787,-1,92,<13>幸せ</c><14>はほら　降り積もってる</c>,せ
203.453,203.787,-1,0,<13>しあわせ</c><14>はほらふりつもってる</c>,せ
203.787,204.087,-1,92,<13>幸せは</c><14>ほら　降り積もってる</c>,は
203.787,204.087,-1,0,<13>しあわせは</c><14>ほらふりつもってる</c>,は
204.087,204.421,-1,92,<13>幸せはほ</c><14>ら　降り積もってる</c>,ほ
204.087,204.421,-1,0,<13>しあわせはほ</c><14>らふりつもってる</c>,ほ
204.421,205.055,-1,92,<13>幸せはほら　</c><14>降り積もってる</c>,ら　
204.421,205.055,-1,0,<13>しあわせはほら</c><14>ふりつもってる</c>,ら
205.055,205.389,-1,92,<13>幸せはほら　降</c><14>り積もってる</c>,降
205.055,205.389,-1,0,<13>しあわせはほらふ</c><14>りつもってる</c>,ふ
205.389,205.689,-1,92,<13>幸せはほら　降り</c><14>積もってる</c>,り
205.389,205.689,-1,0,<13>しあわせはほらふり</c><14>つもってる</c>,り
205.689,206.056,-1,92,<13>幸せはほら　降り積</c><14>もってる</c>,積
205.689,206.056,-1,0,<13>しあわせはほらふりつ</c><14>もってる</c>,つ
206.056,206.356,-1,92,<13>幸せはほら　降り積も</c><14>ってる</c>,も
206.056,206.356,-1,0,<13>しあわせはほらふりつも</c><14>ってる</c>,も
206.356,206.69,-1,92,<13>幸せはほら　降り積もっ</c><14>てる</c>,っ
206.356,206.69,-1,0,<13>しあわせはほらふりつもっ</c><14>てる</c>,っ
206.69,206.99,-1,92,<13>幸せはほら　降り積もって</c><14>る</c>,て
206.69,206.99,-1,0,<13>しあわせはほらふりつもって</c><14>る</c>,て
206.99,207.658,-1,92,<13>幸せはほら　降り積もってる</c>,る
206.99,207.658,-1,0,<13>しあわせはほらふりつもってる</c>,る
207.658,207.858,-1,92,<13>目</c><14>には見えなくても　掴めなくても</c>,目
207.658,207.858,-1,0,<13>め</c><14>にはみえなくてもつかめなくても</c>,め
207.858,207.991,-1,92,<13>目に</c><14>は見えなくても　掴めなくても</c>,に
207.858,207.991,-1,0,<13>めに</c><14>はみえなくてもつかめなくても</c>,に
207.991,208.192,-1,92,<13>目には</c><14>見えなくても　掴めなくても</c>,は
207.991,208.192,-1,0,<13>めには</c><14>みえなくてもつかめなくても</c>,は
208.192,208.325,-1,92,<13>目には見</c><14>えなくても　掴めなくても</c>,見
208.192,208.325,-1,0,<13>めにはみ</c><14>えなくてもつかめなくても</c>,み
208.325,208.625,-1,92,<13>目には見え</c><14>なくても　掴めなくても</c>,え
208.325,208.625,-1,0,<13>めにはみえ</c><14>なくてもつかめなくても</c>,え
208.625,208.926,-1,92,<13>目には見えな</c><14>くても　掴めなくても</c>,な
208.625,208.926,-1,0,<13>めにはみえな</c><14>くてもつかめなくても</c>,な
208.926,209.259,-1,92,<13>目には見えなく</c><14>ても　掴めなくても</c>,く
208.926,209.259,-1,0,<13>めにはみえなく</c><14>てもつかめなくても</c>,く
209.259,209.593,-1,92,<13>目には見えなくて</c><14>も　掴めなくても</c>,て
209.259,209.593,-1,0,<13>めにはみえなくて</c><14>もつかめなくても</c>,て
209.593,210.494,-1,92,<13>目には見えなくても　</c><14>掴めなくても</c>,も　
209.593,210.494,-1,0,<13>めにはみえなくても</c><14>つかめなくても</c>,も
210.494,210.894,-1,92,<13>目には見えなくても　掴</c><14>めなくても</c>,掴
210.494,210.761,-1,0,<13>めにはみえなくてもつ</c><14>かめなくても</c>,つ
210.761,210.894,-1,0,<13>めにはみえなくてもつか</c><14>めなくても</c>,か
210.894,211.195,-1,92,<13>目には見えなくても　掴め</c><14>なくても</c>,め
210.894,211.195,-1,0,<13>めにはみえなくてもつかめ</c><14>なくても</c>,め
211.195,211.528,-1,92,<13>目には見えなくても　掴めな</c><14>くても</c>,な
211.195,211.528,-1,0,<13>めにはみえなくてもつかめな</c><14>くても</c>,な
211.528,211.862,-1,92,<13>目には見えなくても　掴めなく</c><14>ても</c>,く
211.528,211.862,-1,0,<13>めにはみえなくてもつかめなく</c><14>ても</c>,く
211.862,212.162,-1,92,<13>目には見えなくても　掴めなくて</c><14>も</c>,て
211.862,212.162,-1,0,<13>めにはみえなくてもつかめなくて</c><14>も</c>,て
212.162,213.096,-1,92,<13>目には見えなくても　掴めなくても</c>,も
212.162,213.096,-1,0,<13>めにはみえなくてもつかめなくても</c>,も
213.096,213.764,-1,92,<13>君</c><14>と僕で一緒にいこう　生きよう</c>,君
213.096,213.33,-1,0,<13>き</c><14>みとぼくでいっしょにいこういきよう</c>,き
213.33,213.764,-1,0,<13>きみ</c><14>とぼくでいっしょにいこういきよう</c>,み
213.764,214.431,-1,92,<13>君と</c><14>僕で一緒にいこう　生きよう</c>,と
213.764,214.431,-1,0,<13>きみと</c><14>ぼくでいっしょにいこういきよう</c>,と
214.431,215.065,-1,92,<13>君と僕</c><14>で一緒にいこう　生きよう</c>,僕
214.431,214.731,-1,0,<13>きみとぼ</c><14>くでいっしょにいこういきよう</c>,ぼ
214.731,215.065,-1,0,<13>きみとぼく</c><14>でいっしょにいこういきよう</c>,く
215.065,215.732,-1,92,<13>君と僕で</c><14>一緒にいこう　生きよう</c>,で
215.065,215.732,-1,0,<13>きみとぼくで</c><14>いっしょにいこういきよう</c>,で
215.732,216.7,-1,92,<13>君と僕で一</c><14>緒にいこう　生きよう</c>,一
215.732,216.033,-1,0,<13>きみとぼくでい</c><14>っしょにいこういきよう</c>,い
216.033,216.7,-1,0,<13>きみとぼくでいっ</c><14>しょにいこういきよう</c>,っ
216.7,217.334,-1,92,<13>君と僕で一緒</c><14>にいこう　生きよう</c>,緒
216.7,217.334,-1,0,<13>きみとぼくでいっしょ</c><14>にいこういきよう</c>,しょ
217.334,217.968,-1,92,<13>君と僕で一緒に</c><14>いこう　生きよう</c>,に
217.334,217.968,-1,0,<13>きみとぼくでいっしょに</c><14>いこういきよう</c>,に
217.968,218.602,-1,92,<13>君と僕で一緒にい</c><14>こう　生きよう</c>,い
217.968,218.602,-1,0,<13>きみとぼくでいっしょにい</c><14>こういきよう</c>,い
218.602,218.969,-1,92,<13>君と僕で一緒にいこ</c><14>う　生きよう</c>,こ
218.602,218.969,-1,0,<13>きみとぼくでいっしょにいこ</c><14>ういきよう</c>,こ
218.969,219.903,-1,92,<13>君と僕で一緒にいこう　</c><14>生きよう</c>,う　
218.969,219.903,-1,0,<13>きみとぼくでいっしょにいこう</c><14>いきよう</c>,う
219.903,220.571,-1,92,<13>君と僕で一緒にいこう　生</c><14>きよう</c>,生
219.903,220.571,-1,0,<13>きみとぼくでいっしょにいこうい</c><14>きよう</c>,い
220.571,221.205,-1,92,<13>君と僕で一緒にいこう　生き</c><14>よう</c>,き
220.571,221.205,-1,0,<13>きみとぼくでいっしょにいこういき</c><14>よう</c>,き
221.205,221.538,-1,92,<13>君と僕で一緒にいこう　生きよ</c><14>う</c>,よ
221.205,221.538,-1,0,<13>きみとぼくでいっしょにいこういきよ</c><14>う</c>,よ
221.538,223.84,-1,92,<13>君と僕で一緒にいこう　生きよう</c>,う
221.538,223.84,-1,0,<13>きみとぼくでいっしょにいこういきよう</c>,う
226.31,226.677,-1,92,<13>そ</c><14>れでも壊れていく　心は脆いもので</c>,そ
226.31,226.677,-1,0,<13>そ</c><14>れでもこわれていくこころはもろいもので</c>,そ
226.677,227.01,-1,92,<13>それ</c><14>でも壊れていく　心は脆いもので</c>,れ
226.677,227.01,-1,0,<13>それ</c><14>でもこわれていくこころはもろいもので</c>,れ
227.01,227.344,-1,92,<13>それで</c><14>も壊れていく　心は脆いもので</c>,で
227.01,227.344,-1,0,<13>それで</c><14>もこわれていくこころはもろいもので</c>,で
227.344,227.978,-1,92,<13>それでも</c><14>壊れていく　心は脆いもので</c>,も
227.344,227.978,-1,0,<13>それでも</c><14>こわれていくこころはもろいもので</c>,も
227.978,228.645,-1,92,<13>それでも壊</c><14>れていく　心は脆いもので</c>,壊
227.978,228.312,-1,0,<13>それでもこ</c><14>われていくこころはもろいもので</c>,こ
228.312,228.645,-1,0,<13>それでもこわ</c><14>れていくこころはもろいもので</c>,わ
228.645,229.279,-1,92,<13>それでも壊れ</c><14>ていく　心は脆いもので</c>,れ
228.645,229.279,-1,0,<13>それでもこわれ</c><14>ていくこころはもろいもので</c>,れ
229.279,229.58,-1,92,<13>それでも壊れて</c><14>いく　心は脆いもので</c>,て
229.279,229.58,-1,0,<13>それでもこわれて</c><14>いくこころはもろいもので</c>,て
229.58,229.947,-1,92,<13>それでも壊れてい</c><14>く　心は脆いもので</c>,い
229.58,229.947,-1,0,<13>それでもこわれてい</c><14>くこころはもろいもので</c>,い
229.947,231.515,-1,92,<13>それでも壊れていく　</c><14>心は脆いもので</c>,く　
229.947,231.515,-1,0,<13>それでもこわれていく</c><14>こころはもろいもので</c>,く
231.515,232.516,-1,92,<13>それでも壊れていく　心</c><14>は脆いもので</c>,心
231.515,231.848,-1,0,<13>それでもこわれていくこ</c><14>ころはもろいもので</c>,こ
231.848,232.182,-1,0,<13>それでもこわれていくここ</c><14>ろはもろいもので</c>,こ
232.182,232.516,-1,0,<13>それでもこわれていくこころ</c><14>はもろいもので</c>,ろ
232.516,233.116,-1,92,<13>それでも壊れていく　心は</c><14>脆いもので</c>,は
232.516,233.116,-1,0,<13>それでもこわれていくこころは</c><14>もろいもので</c>,は
233.116,233.784,-1,92,<13>それでも壊れていく　心は脆</c><14>いもので</c>,脆
233.116,233.45,-1,0,<13>それでもこわれていくこころはも</c><14>ろいもので</c>,も
233.45,233.784,-1,0,<13>それでもこわれていくこころはもろ</c><14>いもので</c>,ろ
233.784,234.418,-1,92,<13>それでも壊れていく　心は脆い</c><14>もので</c>,い
233.784,234.418,-1,0,<13>それでもこわれていくこころはもろい</c><14>もので</c>,い
234.418,234.751,-1,92,<13>それでも壊れていく　心は脆いも</c><14>ので</c>,も
234.418,234.751,-1,0,<13>それでもこわれていくこころはもろいも</c><14>ので</c>,も
234.751,235.085,-1,92,<13>それでも壊れていく　心は脆いもの</c><14>で</c>,の
234.751,235.085,-1,0,<13>それでもこわれていくこころはもろいもの</c><14>で</c>,の
235.085,235.719,-1,92,<13>それでも壊れていく　心は脆いもので</c>,で
235.085,235.719,-1,0,<13>それでもこわれていくこころはもろいもので</c>,で
235.719,236.353,-1,92,<13>何</c><14>度だって絶望するだろう　それでも僕は</c>,何
235.719,236.053,-1,0,<13>な</c><14>んどだってぜつぼうするだろうそれでもぼくは</c>,な
236.053,236.353,-1,0,<13>なん</c><14>どだってぜつぼうするだろうそれでもぼくは</c>,ん
236.353,236.687,-1,92,<13>何度</c><14>だって絶望するだろう　それでも僕は</c>,度
236.353,236.687,-1,0,<13>なんど</c><14>だってぜつぼうするだろうそれでもぼくは</c>,ど
236.687,236.987,-1,92,<13>何度だ</c><14>って絶望するだろう　それでも僕は</c>,だ
236.687,236.987,-1,0,<13>なんどだ</c><14>ってぜつぼうするだろうそれでもぼくは</c>,だ
236.987,237.354,-1,92,<13>何度だっ</c><14>て絶望するだろう　それでも僕は</c>,っ
236.987,237.354,-1,0,<13>なんどだっ</c><14>てぜつぼうするだろうそれでもぼくは</c>,っ
237.354,237.688,-1,92,<13>何度だって</c><14>絶望するだろう　それでも僕は</c>,て
237.354,237.688,-1,0,<13>なんどだって</c><14>ぜつぼうするだろうそれでもぼくは</c>,て
237.688,238.288,-1,92,<13>何度だって絶</c><14>望するだろう　それでも僕は</c>,絶
237.688,238.188,-1,0,<13>なんどだってぜ</c><14>つぼうするだろうそれでもぼくは</c>,ぜ
238.188,238.288,-1,0,<13>なんどだってぜつ</c><14>ぼうするだろうそれでもぼくは</c>,つ
238.288,238.989,-1,92,<13>何度だって絶望</c><14>するだろう　それでも僕は</c>,望
238.288,238.622,-1,0,<13>なんどだってぜつぼ</c><14>うするだろうそれでもぼくは</c>,ぼ
238.622,238.989,-1,0,<13>なんどだってぜつぼう</c><14>するだろうそれでもぼくは</c>,う
238.989,239.59,-1,92,<13>何度だって絶望す</c><14>るだろう　それでも僕は</c>,す
238.989,239.59,-1,0,<13>なんどだってぜつぼうす</c><14>るだろうそれでもぼくは</c>,す
239.59,239.923,-1,92,<13>何度だって絶望する</c><14>だろう　それでも僕は</c>,る
239.59,239.923,-1,0,<13>なんどだってぜつぼうする</c><14>だろうそれでもぼくは</c>,る
239.923,240.257,-1,92,<13>何度だって絶望するだ</c><14>ろう　それでも僕は</c>,だ
239.923,240.257,-1,0,<13>なんどだってぜつぼうするだ</c><14>ろうそれでもぼくは</c>,だ
240.257,240.557,-1,92,<13>何度だって絶望するだろ</c><14>う　それでも僕は</c>,ろ
240.257,240.557,-1,0,<13>なんどだってぜつぼうするだろ</c><14>うそれでもぼくは</c>,ろ
240.557,241.858,-1,92,<13>何度だって絶望するだろう　</c><14>それでも僕は</c>,う　
240.557,241.858,-1,0,<13>なんどだってぜつぼうするだろう</c><14>それでもぼくは</c>,う
241.858,242.159,-1,92,<13>何度だって絶望するだろう　そ</c><14>れでも僕は</c>,そ
241.858,242.159,-1,0,<13>なんどだってぜつぼうするだろうそ</c><14>れでもぼくは</c>,そ
242.159,242.492,-1,92,<13>何度だって絶望するだろう　それ</c><14>でも僕は</c>,れ
242.159,242.492,-1,0,<13>なんどだってぜつぼうするだろうそれ</c><14>でもぼくは</c>,れ
242.492,242.826,-1,92,<13>何度だって絶望するだろう　それで</c><14>も僕は</c>,で
242.492,242.826,-1,0,<13>なんどだってぜつぼうするだろうそれで</c><14>もぼくは</c>,で
242.826,243.46,-1,92,<13>何度だって絶望するだろう　それでも</c><14>僕は</c>,も
242.826,243.46,-1,0,<13>なんどだってぜつぼうするだろうそれでも</c><14>ぼくは</c>,も
243.46,244.094,-1,92,<13>何度だって絶望するだろう　それでも僕</c><14>は</c>,僕
243.46,243.794,-1,0,<13>なんどだってぜつぼうするだろうそれでもぼ</c><14>くは</c>,ぼ
243.794,244.094,-1,0,<13>なんどだってぜつぼうするだろうそれでもぼく</c><14>は</c>,く
244.094,246.363,-1,92,<13>何度だって絶望するだろう　それでも僕は</c>,は
244.094,246.363,-1,0,<13>なんどだってぜつぼうするだろうそれでもぼくは</c>,は
246.997,247.297,-1,92,<13>ぽ</c><14>かぽか　満たされてく</c>,ぽ
246.997,247.297,-1,0,<13>ぽ</c><14>かぽかみたされてく</c>,ぽ
247.297,247.631,-1,92,<13>ぽか</c><14>ぽか　満たされてく</c>,か
247.297,247.631,-1,0,<13>ぽか</c><14>ぽかみたされてく</c>,か
247.631,247.965,-1,92,<13>ぽかぽ</c><14>か　満たされてく</c>,ぽ
247.631,247.965,-1,0,<13>ぽかぽ</c><14>かみたされてく</c>,ぽ
247.965,248.599,-1,92,<13>ぽかぽか　</c><14>満たされてく</c>,か　
247.965,248.599,-1,0,<13>ぽかぽか</c><14>みたされてく</c>,か
248.599,248.932,-1,92,<13>ぽかぽか　満</c><14>たされてく</c>,満
248.599,248.932,-1,0,<13>ぽかぽかみ</c><14>たされてく</c>,み
248.932,249.266,-1,92,<13>ぽかぽか　満た</c><14>されてく</c>,た
248.932,249.266,-1,0,<13>ぽかぽかみた</c><14>されてく</c>,た
249.266,249.9,-1,92,<13>ぽかぽか　満たさ</c><14>れてく</c>,さ
249.266,249.9,-1,0,<13>ぽかぽかみたさ</c><14>れてく</c>,さ
249.9,250.234,-1,92,<13>ぽかぽか　満たされ</c><14>てく</c>,れ
249.9,250.234,-1,0,<13>ぽかぽかみたされ</c><14>てく</c>,れ
250.234,250.567,-1,92,<13>ぽかぽか　満たされて</c><14>く</c>,て
250.234,250.567,-1,0,<13>ぽかぽかみたされて</c><14>く</c>,て
250.567,252.135,-1,92,<13>ぽかぽか　満たされてく</c>,く
250.567,252.135,-1,0,<13>ぽかぽかみたされてく</c>,く
252.135,252.769,-1,92,<13>平</c><14>和な日常が</c>,平
252.135,252.469,-1,0,<13>へ</c><14>いわなにちじょうが</c>,へ
252.469,252.769,-1,0,<13>へい</c><14>わなにちじょうが</c>,い
252.769,253.103,-1,92,<13>平和</c><14>な日常が</c>,和
252.769,253.103,-1,0,<13>へいわ</c><14>なにちじょうが</c>,わ
253.103,253.737,-1,92,<13>平和な</c><14>日常が</c>,な
253.103,253.737,-1,0,<13>へいわな</c><14>にちじょうが</c>,な
253.737,254.371,-1,92,<13>平和な日</c><14>常が</c>,日
253.737,254.037,-1,0,<13>へいわなに</c><14>ちじょうが</c>,に
254.037,254.371,-1,0,<13>へいわなにち</c><14>じょうが</c>,ち
254.371,255.672,-1,92,<13>平和な日常</c><14>が</c>,常
254.371,255.038,-1,0,<13>へいわなにちじょ</c><14>うが</c>,じょ
255.038,255.672,-1,0,<13>へいわなにちじょう</c><14>が</c>,う
255.672,256.34,-1,92,<13>平和な日常が</c>,が
255.672,256.34,-1,0,<13>へいわなにちじょうが</c>,が
256.34,256.673,-1,92,<13>ず</c><14>っと続いていけばいいな</c>,ず
256.34,256.673,-1,0,<13>ず</c><14>っとつづいていけばいいな</c>,ず
256.673,257.007,-1,92,<13>ずっ</c><14>と続いていけばいいな</c>,っ
256.673,257.007,-1,0,<13>ずっ</c><14>とつづいていけばいいな</c>,っ
257.007,257.307,-1,92,<13>ずっと</c><14>続いていけばいいな</c>,と
257.007,257.307,-1,0,<13>ずっと</c><14>つづいていけばいいな</c>,と
257.307,257.941,-1,92,<13>ずっと続</c><14>いていけばいいな</c>,続
257.307,257.641,-1,0,<13>ずっとつ</c><14>づいていけばいいな</c>,つ
257.641,257.941,-1,0,<13>ずっとつづ</c><14>いていけばいいな</c>,づ
257.941,258.308,-1,92,<13>ずっと続い</c><14>ていけばいいな</c>,い
257.941,258.308,-1,0,<13>ずっとつづい</c><14>ていけばいいな</c>,い
258.308,258.942,-1,92,<13>ずっと続いて</c><14>いけばいいな</c>,て
258.308,258.942,-1,0,<13>ずっとつづいて</c><14>いけばいいな</c>,て
258.942,259.276,-1,92,<13>ずっと続いてい</c><14>けばいいな</c>,い
258.942,259.276,-1,0,<13>ずっとつづいてい</c><14>けばいいな</c>,い
259.276,259.576,-1,92,<13>ずっと続いていけ</c><14>ばいいな</c>,け
259.276,259.576,-1,0,<13>ずっとつづいていけ</c><14>ばいいな</c>,け
259.576,260.244,-1,92,<13>ずっと続いていけば</c><14>いいな</c>,ば
259.576,260.244,-1,0,<13>ずっとつづいていけば</c><14>いいな</c>,ば
260.244,260.544,-1,92,<13>ずっと続いていけばい</c><14>いな</c>,い
260.244,260.544,-1,0,<13>ずっとつづいていけばい</c><14>いな</c>,い
260.544,260.877,-1,92,<13>ずっと続いていけばいい</c><14>な</c>,い
260.544,260.877,-1,0,<13>ずっとつづいていけばいい</c><14>な</c>,い
260.877,261.478,-1,92,<13>ずっと続いていけばいいな</c>,な
260.877,261.478,-1,0,<13>ずっとつづいていけばいいな</c>,な
261.478,261.845,-1,92,<13>そ</c><14>う願って　一緒に歌おう</c>,そ
261.478,261.845,-1,0,<13>そ</c><14>うねがっていっしょにうたおう</c>,そ
261.845,262.145,-1,92,<13>そう</c><14>願って　一緒に歌おう</c>,う
261.845,262.145,-1,0,<13>そう</c><14>ねがっていっしょにうたおう</c>,う
262.145,263.113,-1,92,<13>そう願</c><14>って　一緒に歌おう</c>,願
262.145,262.813,-1,0,<13>そうね</c><14>がっていっしょにうたおう</c>,ね
262.813,263.113,-1,0,<13>そうねが</c><14>っていっしょにうたおう</c>,が
263.113,263.413,-1,92,<13>そう願っ</c><14>て　一緒に歌おう</c>,っ
263.113,263.413,-1,0,<13>そうねがっ</c><14>ていっしょにうたおう</c>,っ
263.413,264.081,-1,92,<13>そう願って　</c><14>一緒に歌おう</c>,て　
263.413,264.081,-1,0,<13>そうねがって</c><14>いっしょにうたおう</c>,て
264.081,264.715,-1,92,<13>そう願って　一</c><14>緒に歌おう</c>,一
264.081,264.414,-1,0,<13>そうねがってい</c><14>っしょにうたおう</c>,い
264.414,264.715,-1,0,<13>そうねがっていっ</c><14>しょにうたおう</c>,っ
264.715,265.382,-1,92,<13>そう願って　一緒</c><14>に歌おう</c>,緒
264.715,265.382,-1,0,<13>そうねがっていっしょ</c><14>にうたおう</c>,しょ
265.382,265.716,-1,92,<13>そう願って　一緒に</c><14>歌おう</c>,に
265.382,265.716,-1,0,<13>そうねがっていっしょに</c><14>うたおう</c>,に
265.716,266.95,-1,92,<13>そう願って　一緒に歌</c><14>おう</c>,歌
265.716,266.016,-1,0,<13>そうねがっていっしょにう</c><14>たおう</c>,う
266.016,266.95,-1,0,<13>そうねがっていっしょにうた</c><14>おう</c>,た
266.95,267.618,-1,92,<13>そう願って　一緒に歌お</c><14>う</c>,お
266.95,267.618,-1,0,<13>そうねがっていっしょにうたお</c><14>う</c>,お
267.618,270.22,-1,92,<13>そう願って　一緒に歌おう</c>,う
267.618,270.22,-1,0,<13>そうねがっていっしょにうたおう</c>,う
277.961,280.564,67,92,<13>videodirection&amp;composite:をとは(ofutone)</c>,videodirection&amp;composite:をとは(ofutone)
280.564,283.166,-1,92,<13>3dcgengineer:ふにゃ(ofutone)</c>,3dcgengineer:ふにゃ(ofutone)
283.166,285.736,69,92,<13>recording&amp;mixingengineer:nnzn(ofutone)</c>,recording&amp;mixingengineer:nnzn(ofutone)
285.736,288.305,56,92,<13>vocaldirection:かっさん(nekohacker)</c>,vocaldirection:かっさん(nekohacker)
288.305,290.874,-1,92,<13>tsunomakiproductionteam</c>,tsunomakiproductionteam
293.443,300.384,-1,0,<13>specialthanks:わためいと／watamates</c>,specialthanks:わためいと／watamates
