start,end,position,line,text,token
2.252,2.453,-1,78,<2>手</c><28>を上げて</c>,手
2.252,2.453,-1,0,<2>て</c><28>をあげて</c>,て
2.453,2.686,-1,78,<2>手を</c><28>上げて</c>,を
2.453,2.686,-1,0,<2>てを</c><28>あげて</c>,を
2.686,2.886,-1,78,<2>手を上</c><28>げて</c>,上
2.686,2.886,-1,0,<2>てをあ</c><28>げて</c>,あ
2.886,3.087,-1,78,<2>手を上げ</c><28>て</c>,げ
2.886,3.087,-1,0,<2>てをあげ</c><28>て</c>,げ
3.087,3.287,-1,78,<2>手を上げて</c>,て
3.087,3.287,-1,0,<2>てをあげて</c>,て
3.287,3.687,-1,78,<2>clap</c><28>yourhands海の向こうまで</c>,clap
3.287,3.687,-1,0,<2>clap</c><28>yourhandsうみのむこうまで</c>,clap
3.687,4.121,-1,78,<2>clapyour</c><28>hands海の向こうまで</c>,your
3.687,4.121,-1,0,<2>clapyour</c><28>handsうみのむこうまで</c>,your
4.121,4.521,-1,78,<2>clapyourhands</c><28>海の向こうまで</c>,hands
4.121,4.521,-1,0,<2>clapyourhands</c><28>うみのむこうまで</c>,hands
4.521,4.922,-1,78,<2>clapyourhands海</c><28>の向こうまで</c>,海
4.521,4.755,-1,0,<2>clapyourhandsう</c><28>みのむこうまで</c>,う
4.755,4.922,-1,0,<2>clapyourhandsうみ</c><28>のむこうまで</c>,み
4.922,5.122,-1,78,<2>clapyourhands海の</c><28>向こうまで</c>,の
4.922,5.122,-1,0,<2>clapyourhandsうみの</c><28>むこうまで</c>,の
5.122,5.356,-1,78,<2>clapyourhands海の向</c><28>こうまで</c>,向
5.122,5.356,-1,0,<2>clapyourhandsうみのむ</c><28>こうまで</c>,む
5.356,5.589,-1,78,<2>clapyourhands海の向こ</c><28>うまで</c>,こ
5.356,5.589,-1,0,<2>clapyourhandsうみのむこ</c><28>うまで</c>,こ
5.589,5.789,-1,78,<2>clapyourhands海の向こう</c><28>まで</c>,う
5.589,5.789,-1,0,<2>clapyourhandsうみのむこう</c><28>まで</c>,う
5.789,6.19,-1,78,<2>clapyourhands海の向こうま</c><28>で</c>,ま
5.789,6.19,-1,0,<2>clapyourhandsうみのむこうま</c><28>で</c>,ま
6.19,6.59,-1,78,<2>clapyourhands海の向こうまで</c>,で
6.19,6.59,-1,0,<2>clapyourhandsうみのむこうまで</c>,で
6.59,6.991,-1,78,<2>clap</c><28>yourhands届きますように</c>,clap
6.59,6.991,-1,0,<2>clap</c><28>yourhandsとどきますように</c>,clap
6.991,7.424,-1,78,<2>clapyour</c><28>hands届きますように</c>,your
6.991,7.424,-1,0,<2>clapyour</c><28>handsとどきますように</c>,your
7.424,7.825,-1,78,<2>clapyourhands</c><28>届きますように</c>,hands
7.424,7.825,-1,0,<2>clapyourhands</c><28>とどきますように</c>,hands
7.825,8.225,-1,78,<2>clapyourhands届</c><28>きますように</c>,届
7.825,8.025,-1,0,<2>clapyourhandsと</c><28>どきますように</c>,と
8.025,8.225,-1,0,<2>clapyourhandsとど</c><28>きますように</c>,ど
8.225,8.459,-1,78,<2>clapyourhands届き</c><28>ますように</c>,き
8.225,8.459,-1,0,<2>clapyourhandsとどき</c><28>ますように</c>,き
8.459,8.659,-1,78,<2>clapyourhands届きま</c><28>すように</c>,ま
8.459,8.659,-1,0,<2>clapyourhandsとどきま</c><28>すように</c>,ま
8.659,8.859,-1,78,<2>clapyourhands届きます</c><28>ように</c>,す
8.659,8.859,-1,0,<2>clapyourhandsとどきます</c><28>ように</c>,す
8.859,9.059,-1,78,<2>clapyourhands届きますよう</c><28>に</c>,よう
8.859,9.059,-1,0,<2>clapyourhandsとどきますよう</c><28>に</c>,よう
9.059,9.693,-1,78,<2>clapyourhands届きますように</c>,に
9.059,9.693,-1,0,<2>clapyourhandsとどきますように</c>,に
9.693,9.793,-1,78,<45>手</c><28>を叩こう</c>,手
9.693,9.793,-1,0,<45>て</c><28>をたたこう</c>,て
9.793,9.927,-1,78,<45>手を</c><28>叩こう</c>,を
9.793,9.927,-1,0,<45>てを</c><28>たたこう</c>,を
9.927,10.327,-1,78,<45>手を叩</c><28>こう</c>,叩
9.927,10.127,-1,0,<45>てをた</c><28>たこう</c>,た
10.127,10.327,-1,0,<45>てをたた</c><28>こう</c>,た
10.327,10.728,-1,78,<45>手を叩こう</c>,こう
10.327,10.728,-1,0,<45>てをたたこう</c>,こう
10.728,11.328,-1,78,<1>👏👏👏</c>,👏👏👏
11.328,11.428,-1,78,<3>手</c><28>を叩こう</c>,手
11.328,11.428,-1,0,<3>て</c><28>をたたこう</c>,て
11.428,11.562,-1,78,<3>手を</c><28>叩こう</c>,を
11.428,11.562,-1,0,<3>てを</c><28>たたこう</c>,を
11.562,11.962,-1,78,<3>手を叩</c><28>こう</c>,叩
11.562,11.762,-1,0,<3>てをた</c><28>たこう</c>,た
11.762,11.962,-1,0,<3>てをたた</c><28>こう</c>,た
11.962,12.396,-1,78,<3>手を叩こう</c>,こう
11.962,12.396,-1,0,<3>てをたたこう</c>,こう
12.396,13.197,-1,78,<1>👏👏👏</c>,👏👏👏
13.197,13.63,-1,78,<4>ほ</c><28>ら一緒に</c>,ほ
13.197,13.63,-1,0,<4>ほ</c><28>らいっしょに</c>,ほ
13.63,14.031,-1,78,<4>ほ</c><14>ら</c><28>一緒に</c>,ら
13.63,14.031,-1,0,<4>ほ</c><14>ら</c><28>いっしょに</c>,ら
14.031,14.365,-1,78,<4>ほ</c><14>ら</c><24>一</c><28>緒に</c>,一
14.031,14.365,-1,0,<4>ほ</c><14>ら</c><24>いっ</c><28>しょに</c>,いっ
14.365,14.665,-1,78,<4>ほ</c><14>ら</c><24>一</c><36>緒</c><28>に</c>,緒
14.365,14.665,-1,0,<4>ほ</c><14>ら</c><24>いっ</c><36>しょ</c><28>に</c>,しょ
14.665,15.699,-1,78,<4>ほ</c><14>ら</c><24>一</c><36>緒</c><46>に</c>,に
14.665,15.699,-1,0,<4>ほ</c><14>ら</c><24>いっ</c><36>しょ</c><46>に</c>,に
15.699,15.899,-1,78,<45>e</c><40>v</c><35>e</c><28>rybody</c>,eve
15.699,15.899,-1,0,<45>e</c><40>v</c><35>e</c><28>rybody</c>,eve
15.899,16.1,-1,78,<45>e</c><40>v</c><35>e</c><30>r</c><23>y</c><28>body</c>,ry
15.899,16.1,-1,0,<45>e</c><40>v</c><35>e</c><30>r</c><23>y</c><28>body</c>,ry
16.1,16.3,-1,78,<45>e</c><40>v</c><35>e</c><30>r</c><23>y</c><18>b</c><12>o</c><7>d</c><28>y</c>,bod
16.1,16.3,-1,0,<45>e</c><40>v</c><35>e</c><30>r</c><23>y</c><18>b</c><12>o</c><7>d</c><28>y</c>,bod
16.3,16.5,-1,78,<45>e</c><40>v</c><35>e</c><30>r</c><23>y</c><18>b</c><12>o</c><7>d</c><3>y</c>,y
16.3,16.5,-1,0,<45>e</c><40>v</c><35>e</c><30>r</c><23>y</c><18>b</c><12>o</c><7>d</c><3>y</c>,y
16.5,16.9,-1,78,<2>clap</c><28>yourhands空の向こうまで</c>,clap
16.5,16.9,-1,0,<2>clap</c><28>yourhandsそらのむこうまで</c>,clap
16.9,17.334,-1,78,<2>clapyour</c><28>hands空の向こうまで</c>,your
16.9,17.334,-1,0,<2>clapyour</c><28>handsそらのむこうまで</c>,your
17.334,17.735,-1,78,<2>clapyourhands</c><28>空の向こうまで</c>,hands
17.334,17.735,-1,0,<2>clapyourhands</c><28>そらのむこうまで</c>,hands
17.735,18.168,-1,78,<2>clapyourhands空</c><28>の向こうまで</c>,空
17.735,17.935,-1,0,<2>clapyourhandsそ</c><28>らのむこうまで</c>,そ
17.935,18.168,-1,0,<2>clapyourhandsそら</c><28>のむこうまで</c>,ら
18.168,18.335,-1,78,<2>clapyourhands空の</c><28>向こうまで</c>,の
18.168,18.335,-1,0,<2>clapyourhandsそらの</c><28>むこうまで</c>,の
18.335,18.569,-1,78,<2>clapyourhands空の向</c><28>こうまで</c>,向
18.335,18.569,-1,0,<2>clapyourhandsそらのむ</c><28>こうまで</c>,む
18.569,18.769,-1,78,<2>clapyourhands空の向こ</c><28>うまで</c>,こ
18.569,18.769,-1,0,<2>clapyourhandsそらのむこ</c><28>うまで</c>,こ
18.769,19.003,-1,78,<2>clapyourhands空の向こう</c><28>まで</c>,う
18.769,19.003,-1,0,<2>clapyourhandsそらのむこう</c><28>まで</c>,う
19.003,19.403,-1,78,<2>clapyourhands空の向こうま</c><28>で</c>,ま
19.003,19.403,-1,0,<2>clapyourhandsそらのむこうま</c><28>で</c>,ま
19.403,19.837,-1,78,<2>clapyourhands空の向こうまで</c>,で
19.403,19.837,-1,0,<2>clapyourhandsそらのむこうまで</c>,で
19.837,20.237,-1,78,<2>clap</c><28>yourhands響きますように</c>,clap
19.837,20.237,-1,0,<2>clap</c><28>yourhandsひびきますように</c>,clap
20.237,20.671,-1,78,<2>clapyour</c><28>hands響きますように</c>,your
20.237,20.671,-1,0,<2>clapyour</c><28>handsひびきますように</c>,your
20.671,21.071,-1,78,<2>clapyourhands</c><28>響きますように</c>,hands
20.671,21.071,-1,0,<2>clapyourhands</c><28>ひびきますように</c>,hands
21.071,21.472,-1,78,<2>clapyourhands響</c><28>きますように</c>,響
21.071,21.305,-1,0,<2>clapyourhandsひ</c><28>びきますように</c>,ひ
21.305,21.472,-1,0,<2>clapyourhandsひび</c><28>きますように</c>,び
21.472,21.672,-1,78,<2>clapyourhands響き</c><28>ますように</c>,き
21.472,21.672,-1,0,<2>clapyourhandsひびき</c><28>ますように</c>,き
21.672,21.872,-1,78,<2>clapyourhands響きま</c><28>すように</c>,ま
21.672,21.872,-1,0,<2>clapyourhandsひびきま</c><28>すように</c>,ま
21.872,22.106,-1,78,<2>clapyourhands響きます</c><28>ように</c>,す
21.872,22.106,-1,0,<2>clapyourhandsひびきます</c><28>ように</c>,す
22.106,22.306,-1,78,<2>clapyourhands響きますよう</c><28>に</c>,よう
22.106,22.306,-1,0,<2>clapyourhandsひびきますよう</c><28>に</c>,よう
22.306,22.94,-1,78,<2>clapyourhands響きますように</c>,に
22.306,22.94,-1,0,<2>clapyourhandsひびきますように</c>,に
22.94,23.04,-1,78,<4>手</c><28>を叩こう</c>,手
22.94,23.04,-1,0,<4>て</c><28>をたたこう</c>,て
23.04,23.14,-1,78,<4>手を</c><28>叩こう</c>,を
23.04,23.14,-1,0,<4>てを</c><28>たたこう</c>,を
23.14,23.54,-1,78,<4>手を叩</c><28>こう</c>,叩
23.14,23.34,-1,0,<4>てをた</c><28>たこう</c>,た
23.34,23.54,-1,0,<4>てをたた</c><28>こう</c>,た
23.54,23.974,-1,78,<4>手を叩こう</c>,こう
23.54,23.974,-1,0,<4>てをたたこう</c>,こう
23.974,24.575,-1,78,<1>👏👏👏</c>,👏👏👏
24.575,24.675,-1,78,<46>手</c><28>を叩こう</c>,手
24.575,24.675,-1,0,<46>て</c><28>をたたこう</c>,て
24.675,24.775,-1,78,<46>手を</c><28>叩こう</c>,を
24.675,24.775,-1,0,<46>てを</c><28>たたこう</c>,を
24.775,25.175,-1,78,<46>手を叩</c><28>こう</c>,叩
24.775,24.975,-1,0,<46>てをた</c><28>たこう</c>,た
24.975,25.175,-1,0,<46>てをたた</c><28>こう</c>,た
25.175,25.609,-1,78,<46>手を叩こう</c>,こう
25.175,25.609,-1,0,<46>てをたたこう</c>,こう
25.609,26.443,-1,78,<1>👏👏👏</c>,👏👏👏
26.443,27.678,-1,78,<2>光</c><28>射す僕たちの未来</c>,光
26.443,26.844,-1,0,<2>ひ</c><28>かりさすぼくたちのみらい</c>,ひ
26.844,27.277,-1,0,<2>ひか</c><28>りさすぼくたちのみらい</c>,か
27.277,27.678,-1,0,<2>ひかり</c><28>さすぼくたちのみらい</c>,り
27.678,28.112,-1,78,<2>光射</c><28>す僕たちの未来</c>,射
27.678,28.112,-1,0,<2>ひかりさ</c><28>すぼくたちのみらい</c>,さ
28.112,28.712,-1,78,<2>光射す</c><28>僕たちの未来</c>,す
28.112,28.712,-1,0,<2>ひかりさす</c><28>ぼくたちのみらい</c>,す
28.712,28.912,-1,78,<2>光射す僕</c><28>たちの未来</c>,僕
28.712,28.812,-1,0,<2>ひかりさすぼ</c><28>くたちのみらい</c>,ぼ
28.812,28.912,-1,0,<2>ひかりさすぼく</c><28>たちのみらい</c>,く
28.912,29.146,-1,78,<2>光射す僕た</c><28>ちの未来</c>,た
28.912,29.146,-1,0,<2>ひかりさすぼくた</c><28>ちのみらい</c>,た
29.146,29.346,-1,78,<2>光射す僕たち</c><28>の未来</c>,ち
29.146,29.346,-1,0,<2>ひかりさすぼくたち</c><28>のみらい</c>,ち
29.346,29.546,-1,78,<2>光射す僕たちの</c><28>未来</c>,の
29.346,29.546,-1,0,<2>ひかりさすぼくたちの</c><28>みらい</c>,の
29.546,29.613,-1,78,<2>光射す僕たちの未</c><28>来</c>,未
29.546,29.613,-1,0,<2>ひかりさすぼくたちのみ</c><28>らい</c>,み
29.613,30.18,-1,78,<2>光射す僕たちの未来</c>,来
29.613,29.98,-1,0,<2>ひかりさすぼくたちのみら</c><28>い</c>,ら
29.747,33.017,-1,-1,<2>5</c><28>4321</c>,5
29.98,30.18,-1,0,<2>ひかりさすぼくたちのみらい</c>,い
33.017,36.286,-1,-1,<2>54</c><28>321</c>,4
36.286,37.988,-1,-1,<2>543</c><28>21</c>,3
37.988,39.623,-1,-1,<2>5432</c><28>1</c>,2
39.623,41.325,-1,-1,<2>54321</c>,1
42.893,43.093,-1,78,<1>ho</c><44>lolive5thstars</c>,ho
43.093,43.327,-1,78,<1>holo</c><44>live5thstars</c>,lo
43.327,43.727,-1,78,<1>hololive</c><44>5thstars</c>,live
43.727,44.228,-1,78,<1>hololive5th</c><44>stars</c>,5th
44.228,44.661,-1,78,<1>hololive5thstars</c>,stars
44.862,45.229,-1,78,<45>始</c><28>めようかさぁdiving</c>,始
44.862,45.062,-1,0,<45>は</c><28>じめようかさぁdiving</c>,は
45.062,45.229,-1,0,<45>はじ</c><28>めようかさぁdiving</c>,じ
45.229,45.396,-1,78,<45>始め</c><28>ようかさぁdiving</c>,め
45.229,45.396,-1,0,<45>はじめ</c><28>ようかさぁdiving</c>,め
45.396,45.629,-1,78,<45>始めよう</c><28>かさぁdiving</c>,よう
45.396,45.629,-1,0,<45>はじめよう</c><28>かさぁdiving</c>,よう
45.629,45.796,-1,78,<45>始めようか</c><28>さぁdiving</c>,か
45.629,45.796,-1,0,<45>はじめようか</c><28>さぁdiving</c>,か
45.796,45.896,-1,78,<45>始めようかさぁ</c><28>diving</c>,さぁ
45.796,45.896,-1,0,<45>はじめようかさぁ</c><28>diving</c>,さぁ
45.896,46.096,-1,78,<45>始めようかさぁdiv</c><28>ing</c>,div
45.896,46.096,-1,0,<45>はじめようかさぁdiv</c><28>ing</c>,div
46.096,46.497,-1,78,<45>始めようかさぁdiving</c>,ing
46.096,46.497,-1,0,<45>はじめようかさぁdiving</c>,ing
46.497,46.697,-1,78,<3>待っ</c><28>ても意味ないtiming</c>,待っ
46.497,46.697,-1,0,<3>まっ</c><28>てもいみないtiming</c>,まっ
46.697,46.897,-1,78,<3>待って</c><28>も意味ないtiming</c>,て
46.697,46.897,-1,0,<3>まって</c><28>もいみないtiming</c>,て
46.897,47.031,-1,78,<3>待っても</c><28>意味ないtiming</c>,も
46.897,47.031,-1,0,<3>まっても</c><28>いみないtiming</c>,も
47.031,47.231,-1,78,<3>待っても意</c><28>味ないtiming</c>,意
47.031,47.231,-1,0,<3>まってもい</c><28>みないtiming</c>,い
47.231,47.297,-1,78,<3>待っても意味</c><28>ないtiming</c>,味
47.231,47.297,-1,0,<3>まってもいみ</c><28>ないtiming</c>,み
47.297,47.431,-1,78,<3>待っても意味な</c><28>いtiming</c>,な
47.297,47.431,-1,0,<3>まってもいみな</c><28>いtiming</c>,な
47.431,47.531,-1,78,<3>待っても意味ない</c><28>timing</c>,い
47.431,47.531,-1,0,<3>まってもいみない</c><28>timing</c>,い
47.531,47.731,-1,78,<3>待っても意味ないtim</c><28>ing</c>,tim
47.531,47.731,-1,0,<3>まってもいみないtim</c><28>ing</c>,tim
47.731,48.165,-1,78,<3>待っても意味ないtiming</c>,ing
47.731,48.165,-1,0,<3>まってもいみないtiming</c>,ing
48.165,48.365,-1,78,<4>あ</c><28>の魚みたいにswimmingswimming</c>,あ
48.165,48.365,-1,0,<4>あ</c><28>のさかなみたいにswimmingswimming</c>,あ
48.365,48.565,-1,78,<4>あの</c><28>魚みたいにswimmingswimming</c>,の
48.365,48.565,-1,0,<4>あの</c><28>さかなみたいにswimmingswimming</c>,の
48.565,49.099,-1,78,<4>あの魚</c><28>みたいにswimmingswimming</c>,魚
48.565,48.699,-1,0,<4>あのさ</c><28>かなみたいにswimmingswimming</c>,さ
48.699,48.899,-1,0,<4>あのさか</c><28>なみたいにswimmingswimming</c>,か
48.899,49.099,-1,0,<4>あのさかな</c><28>みたいにswimmingswimming</c>,な
49.099,49.199,-1,78,<4>あの魚み</c><28>たいにswimmingswimming</c>,み
49.099,49.199,-1,0,<4>あのさかなみ</c><28>たいにswimmingswimming</c>,み
49.199,49.299,-1,78,<4>あの魚みた</c><28>いにswimmingswimming</c>,た
49.199,49.299,-1,0,<4>あのさかなみた</c><28>いにswimmingswimming</c>,た
49.299,49.4,-1,78,<4>あの魚みたい</c><28>にswimmingswimming</c>,い
49.299,49.4,-1,0,<4>あのさかなみたい</c><28>にswimmingswimming</c>,い
49.4,49.6,-1,78,<4>あの魚みたいに</c><28>swimmingswimming</c>,に
49.4,49.6,-1,0,<4>あのさかなみたいに</c><28>swimmingswimming</c>,に
49.6,50.0,-1,78,<4>あの魚みたいにswim</c><28>mingswimming</c>,swim
49.6,50.0,-1,0,<4>あのさかなみたいにswim</c><28>mingswimming</c>,swim
50.0,50.434,-1,78,<4>あの魚みたいにswimming</c><28>swimming</c>,ming
50.0,50.434,-1,0,<4>あのさかなみたいにswimming</c><28>swimming</c>,ming
50.434,50.834,-1,78,<4>あの魚みたいにswimmingswim</c><28>ming</c>,swim
50.434,50.834,-1,0,<4>あのさかなみたいにswimmingswim</c><28>ming</c>,swim
50.834,51.435,-1,78,<4>あの魚みたいにswimmingswimming</c>,ming
50.834,51.435,-1,0,<4>あのさかなみたいにswimmingswimming</c>,ming
51.435,51.668,-1,78,<46>引</c><28>き寄せるのlighting</c>,引
51.435,51.668,-1,0,<46>ひ</c><28>きよせるのlighting</c>,ひ
51.668,51.869,-1,78,<46>引き</c><28>寄せるのlighting</c>,き
51.668,51.869,-1,0,<46>ひき</c><28>よせるのlighting</c>,き
51.869,52.002,-1,78,<46>引き寄</c><28>せるのlighting</c>,寄
51.869,52.002,-1,0,<46>ひきよ</c><28>せるのlighting</c>,よ
52.002,52.202,-1,78,<46>引き寄せ</c><28>るのlighting</c>,せ
52.002,52.202,-1,0,<46>ひきよせ</c><28>るのlighting</c>,せ
52.202,52.403,-1,78,<46>引き寄せる</c><28>のlighting</c>,る
52.202,52.403,-1,0,<46>ひきよせる</c><28>のlighting</c>,る
52.403,52.503,-1,78,<46>引き寄せるの</c><28>lighting</c>,の
52.403,52.503,-1,0,<46>ひきよせるの</c><28>lighting</c>,の
52.503,52.736,-1,78,<46>引き寄せるのlight</c><28>ing</c>,light
52.503,52.736,-1,0,<46>ひきよせるのlight</c><28>ing</c>,light
52.736,53.137,-1,78,<46>引き寄せるのlighting</c>,ing
52.736,53.137,-1,0,<46>ひきよせるのlighting</c>,ing
53.137,53.337,-1,78,<45>ま</c><28>だ見えないよmaybe</c>,ま
53.137,53.337,-1,0,<45>ま</c><28>だみえないよmaybe</c>,ま
53.337,53.537,-1,78,<45>まだ</c><28>見えないよmaybe</c>,だ
53.337,53.537,-1,0,<45>まだ</c><28>みえないよmaybe</c>,だ
53.537,53.637,-1,78,<45>まだ見</c><28>えないよmaybe</c>,見
53.537,53.637,-1,0,<45>まだみ</c><28>えないよmaybe</c>,み
53.637,53.837,-1,78,<45>まだ見え</c><28>ないよmaybe</c>,え
53.637,53.837,-1,0,<45>まだみえ</c><28>ないよmaybe</c>,え
53.837,53.937,-1,78,<45>まだ見えな</c><28>いよmaybe</c>,な
53.837,53.937,-1,0,<45>まだみえな</c><28>いよmaybe</c>,な
53.937,54.038,-1,78,<45>まだ見えない</c><28>よmaybe</c>,い
53.937,54.038,-1,0,<45>まだみえない</c><28>よmaybe</c>,い
54.038,54.138,-1,78,<45>まだ見えないよ</c><28>maybe</c>,よ
54.038,54.138,-1,0,<45>まだみえないよ</c><28>maybe</c>,よ
54.138,54.371,-1,78,<45>まだ見えないよmay</c><28>be</c>,may
54.138,54.371,-1,0,<45>まだみえないよmay</c><28>be</c>,may
54.371,54.805,-1,78,<45>まだ見えないよmaybe</c>,be
54.371,54.805,-1,0,<45>まだみえないよmaybe</c>,be
54.805,55.005,-1,78,<3>こ</c><28>の先には何があるの？</c>,こ
54.805,55.005,-1,0,<3>こ</c><28>のさきにはなにがあるの？</c>,こ
55.005,55.205,-1,78,<3>この</c><28>先には何があるの？</c>,の
55.005,55.205,-1,0,<3>この</c><28>さきにはなにがあるの？</c>,の
55.205,55.572,-1,78,<3>この先</c><28>には何があるの？</c>,先
55.205,55.339,-1,0,<3>このさ</c><28>きにはなにがあるの？</c>,さ
55.339,55.572,-1,0,<3>このさき</c><28>にはなにがあるの？</c>,き
55.572,55.706,-1,78,<3>この先に</c><28>は何があるの？</c>,に
55.572,55.706,-1,0,<3>このさきに</c><28>はなにがあるの？</c>,に
55.706,55.839,-1,78,<3>この先には</c><28>何があるの？</c>,は
55.706,55.839,-1,0,<3>このさきには</c><28>なにがあるの？</c>,は
55.839,56.24,-1,78,<3>この先には何</c><28>があるの？</c>,何
55.839,56.04,-1,0,<3>このさきにはな</c><28>にがあるの？</c>,な
56.04,56.24,-1,0,<3>このさきにはなに</c><28>があるの？</c>,に
56.24,56.673,-1,78,<3>この先には何が</c><28>あるの？</c>,が
56.24,56.673,-1,0,<3>このさきにはなにが</c><28>あるの？</c>,が
56.673,57.074,-1,78,<3>この先には何があ</c><28>るの？</c>,あ
56.673,57.074,-1,0,<3>このさきにはなにがあ</c><28>るの？</c>,あ
57.074,57.508,-1,78,<3>この先には何がある</c><28>の？</c>,る
57.074,57.508,-1,0,<3>このさきにはなにがある</c><28>の？</c>,る
57.508,58.075,-1,78,<3>この先には何があるの？</c>,の？
57.508,58.075,-1,0,<3>このさきにはなにがあるの？</c>,の？
58.075,58.308,-1,78,<4>ま</c><28>だ早いよtakeit</c>,ま
58.075,58.308,-1,0,<4>ま</c><28>だはやいよtakeit</c>,ま
58.308,58.542,-1,78,<4>まだ</c><28>早いよtakeit</c>,だ
58.308,58.542,-1,0,<4>まだ</c><28>はやいよtakeit</c>,だ
58.542,58.842,-1,78,<4>まだ早</c><28>いよtakeit</c>,早
58.542,58.642,-1,0,<4>まだは</c><28>やいよtakeit</c>,は
58.642,58.842,-1,0,<4>まだはや</c><28>いよtakeit</c>,や
58.842,59.009,-1,78,<4>まだ早い</c><28>よtakeit</c>,い
58.842,59.009,-1,0,<4>まだはやい</c><28>よtakeit</c>,い
59.009,59.143,-1,78,<4>まだ早いよ</c><28>takeit</c>,よ
59.009,59.143,-1,0,<4>まだはやいよ</c><28>takeit</c>,よ
59.143,59.343,-1,78,<4>まだ早いよtake</c><28>it</c>,take
59.143,59.343,-1,0,<4>まだはやいよtake</c><28>it</c>,take
59.343,59.743,-1,78,<4>まだ早いよtakeit</c>,it
59.343,59.743,-1,0,<4>まだはやいよtakeit</c>,it
59.743,59.943,-1,78,<46>追</c><28>いつくまでshaking</c>,追
59.743,59.943,-1,0,<46>お</c><28>いつくまでshaking</c>,お
59.943,60.277,-1,78,<46>追い</c><28>つくまでshaking</c>,い
59.943,60.277,-1,0,<46>おい</c><28>つくまでshaking</c>,い
60.277,60.377,-1,78,<46>追いつ</c><28>くまでshaking</c>,つ
60.277,60.377,-1,0,<46>おいつ</c><28>くまでshaking</c>,つ
60.377,60.477,-1,78,<46>追いつく</c><28>までshaking</c>,く
60.377,60.477,-1,0,<46>おいつく</c><28>までshaking</c>,く
60.477,60.677,-1,78,<46>追いつくま</c><28>でshaking</c>,ま
60.477,60.677,-1,0,<46>おいつくま</c><28>でshaking</c>,ま
60.677,60.778,-1,78,<46>追いつくまで</c><28>shaking</c>,で
60.677,60.778,-1,0,<46>おいつくまで</c><28>shaking</c>,で
60.778,60.978,-1,78,<46>追いつくまでshak</c><28>ing</c>,shak
60.778,60.978,-1,0,<46>おいつくまでshak</c><28>ing</c>,shak
60.978,61.412,-1,78,<46>追いつくまでshaking</c>,ing
60.978,61.412,-1,0,<46>おいつくまでshaking</c>,ing
61.412,61.612,-1,78,<45>で</c><28>もたまに止まってthinkingthinking</c>,で
61.412,61.612,-1,0,<45>で</c><28>もたまにとまってthinkingthinking</c>,で
61.612,61.812,-1,78,<45>でも</c><28>たまに止まってthinkingthinking</c>,も
61.612,61.812,-1,0,<45>でも</c><28>たまにとまってthinkingthinking</c>,も
61.812,61.945,-1,78,<45>でもた</c><28>まに止まってthinkingthinking</c>,た
61.812,61.945,-1,0,<45>でもた</c><28>まにとまってthinkingthinking</c>,た
61.945,62.146,-1,78,<45>でもたま</c><28>に止まってthinkingthinking</c>,ま
61.945,62.146,-1,0,<45>でもたま</c><28>にとまってthinkingthinking</c>,ま
62.146,62.346,-1,78,<45>でもたまに</c><28>止まってthinkingthinking</c>,に
62.146,62.346,-1,0,<45>でもたまに</c><28>とまってthinkingthinking</c>,に
62.346,62.446,-1,78,<45>でもたまに止</c><28>まってthinkingthinking</c>,止
62.346,62.446,-1,0,<45>でもたまにと</c><28>まってthinkingthinking</c>,と
62.446,62.646,-1,78,<45>でもたまに止まっ</c><28>てthinkingthinking</c>,まっ
62.446,62.646,-1,0,<45>でもたまにとまっ</c><28>てthinkingthinking</c>,まっ
62.646,62.813,-1,78,<45>でもたまに止まって</c><28>thinkingthinking</c>,て
62.646,62.813,-1,0,<45>でもたまにとまって</c><28>thinkingthinking</c>,て
62.813,63.247,-1,78,<45>でもたまに止まってthink</c><28>ingthinking</c>,think
62.813,63.247,-1,0,<45>でもたまにとまってthink</c><28>ingthinking</c>,think
63.247,63.714,-1,78,<45>でもたまに止まってthinking</c><28>thinking</c>,ing
63.247,63.714,-1,0,<45>でもたまにとまってthinking</c><28>thinking</c>,ing
63.714,64.114,-1,78,<45>でもたまに止まってthinkingthink</c><28>ing</c>,think
63.714,64.114,-1,0,<45>でもたまにとまってthinkingthink</c><28>ing</c>,think
64.114,64.715,-1,78,<45>でもたまに止まってthinkingthinking</c>,ing
64.114,64.715,-1,0,<45>でもたまにとまってthinkingthinking</c>,ing
64.715,64.915,-1,78,<3>変</c><28>えてみせるchange</c>,変
64.715,64.915,-1,0,<3>か</c><28>えてみせるchange</c>,か
64.915,65.149,-1,78,<3>変え</c><28>てみせるchange</c>,え
64.915,65.149,-1,0,<3>かえ</c><28>てみせるchange</c>,え
65.149,65.215,-1,78,<3>変えて</c><28>みせるchange</c>,て
65.149,65.215,-1,0,<3>かえて</c><28>みせるchange</c>,て
65.215,65.382,-1,78,<3>変えてみ</c><28>せるchange</c>,み
65.215,65.382,-1,0,<3>かえてみ</c><28>せるchange</c>,み
65.382,65.649,-1,78,<3>変えてみせ</c><28>るchange</c>,せ
65.382,65.649,-1,0,<3>かえてみせ</c><28>るchange</c>,せ
65.649,65.749,-1,78,<3>変えてみせる</c><28>change</c>,る
65.649,65.749,-1,0,<3>かえてみせる</c><28>change</c>,る
65.749,65.983,-1,78,<3>変えてみせるchan</c><28>ge</c>,chan
65.749,65.983,-1,0,<3>かえてみせるchan</c><28>ge</c>,chan
65.983,66.383,-1,78,<3>変えてみせるchange</c>,ge
65.983,66.383,-1,0,<3>かえてみせるchange</c>,ge
66.383,66.517,-1,78,<4>踏</c><28>み出すのさstepping</c>,踏
66.383,66.517,-1,0,<4>ふ</c><28>みだすのさstepping</c>,ふ
66.517,66.583,-1,78,<4>踏み</c><28>出すのさstepping</c>,み
66.517,66.583,-1,0,<4>ふみ</c><28>だすのさstepping</c>,み
66.583,66.784,-1,78,<4>踏み出</c><28>すのさstepping</c>,出
66.583,66.784,-1,0,<4>ふみだ</c><28>すのさstepping</c>,だ
66.784,66.917,-1,78,<4>踏み出す</c><28>のさstepping</c>,す
66.784,66.917,-1,0,<4>ふみだす</c><28>のさstepping</c>,す
66.917,67.117,-1,78,<4>踏み出すの</c><28>さstepping</c>,の
66.917,67.117,-1,0,<4>ふみだすの</c><28>さstepping</c>,の
67.117,67.384,-1,78,<4>踏み出すのさ</c><28>stepping</c>,さ
67.117,67.384,-1,0,<4>ふみだすのさ</c><28>stepping</c>,さ
67.384,67.618,-1,78,<4>踏み出すのさstep</c><28>ping</c>,step
67.384,67.618,-1,0,<4>ふみだすのさstep</c><28>ping</c>,step
67.618,68.018,-1,78,<4>踏み出すのさstepping</c>,ping
67.618,68.018,-1,0,<4>ふみだすのさstepping</c>,ping
68.018,68.385,-1,78,<46>掴</c><28>んでみせるよキラキラmydream</c>,掴
68.018,68.218,-1,0,<46>つ</c><28>かんでみせるよきらきらmydream</c>,つ
68.218,68.385,-1,0,<46>つか</c><28>んでみせるよきらきらmydream</c>,か
68.385,68.552,-1,78,<46>掴ん</c><28>でみせるよキラキラmydream</c>,ん
68.385,68.552,-1,0,<46>つかん</c><28>でみせるよきらきらmydream</c>,ん
68.552,68.752,-1,78,<46>掴んで</c><28>みせるよキラキラmydream</c>,で
68.552,68.752,-1,0,<46>つかんで</c><28>みせるよきらきらmydream</c>,で
68.752,68.952,-1,78,<46>掴んでみ</c><28>せるよキラキラmydream</c>,み
68.752,68.952,-1,0,<46>つかんでみ</c><28>せるよきらきらmydream</c>,み
68.952,69.053,-1,78,<46>掴んでみせ</c><28>るよキラキラmydream</c>,せ
68.952,69.053,-1,0,<46>つかんでみせ</c><28>るよきらきらmydream</c>,せ
69.053,69.253,-1,78,<46>掴んでみせる</c><28>よキラキラmydream</c>,る
69.053,69.253,-1,0,<46>つかんでみせる</c><28>よきらきらmydream</c>,る
69.253,69.453,-1,78,<46>掴んでみせるよ</c><28>キラキラmydream</c>,よ
69.253,69.453,-1,0,<46>つかんでみせるよ</c><28>きらきらmydream</c>,よ
69.453,69.887,-1,78,<46>掴んでみせるよキ</c><28>ラキラmydream</c>,キ
69.453,69.887,-1,0,<46>つかんでみせるよき</c><28>らきらmydream</c>,き
69.887,70.32,-1,78,<46>掴んでみせるよキラ</c><28>キラmydream</c>,ラ
69.887,70.32,-1,0,<46>つかんでみせるよきら</c><28>きらmydream</c>,ら
70.32,70.721,-1,78,<46>掴んでみせるよキラキ</c><28>ラmydream</c>,キ
70.32,70.721,-1,0,<46>つかんでみせるよきらき</c><28>らmydream</c>,き
70.721,71.121,-1,78,<46>掴んでみせるよキラキラ</c><28>mydream</c>,ラ
70.721,71.121,-1,0,<46>つかんでみせるよきらきら</c><28>mydream</c>,ら
71.121,71.755,-1,78,<46>掴んでみせるよキラキラmy</c><28>dream</c>,my
71.121,71.755,-1,0,<46>つかんでみせるよきらきらmy</c><28>dream</c>,my
71.755,72.99,-1,78,<46>掴んでみせるよキラキラmydream</c>,dream
71.755,72.99,-1,0,<46>つかんでみせるよきらきらmydream</c>,dream
72.99,73.59,-1,78,<45>叶</c><28>う日までstory繋ぐから</c>,叶
72.99,73.19,-1,0,<45>か</c><28>なうひまでstoryつなぐから</c>,か
73.19,73.59,-1,0,<45>か</c><42>な</c><28>うひまでstoryつなぐから</c>,な
73.59,73.791,-1,78,<45>叶</c><39>う</c><28>日までstory繋ぐから</c>,う
73.59,73.791,-1,0,<45>か</c><42>な</c><39>う</c><28>ひまでstoryつなぐから</c>,う
73.791,74.024,-1,78,<45>叶</c><39>う</c><37>日</c><28>までstory繋ぐから</c>,日
73.791,74.024,-1,0,<45>か</c><42>な</c><39>う</c><37>ひ</c><28>までstoryつなぐから</c>,ひ
74.024,74.224,-1,78,<45>叶</c><39>う</c><37>日</c><33>ま</c><28>でstory繋ぐから</c>,ま
74.024,74.224,-1,0,<45>か</c><42>な</c><39>う</c><37>ひ</c><33>ま</c><28>でstoryつなぐから</c>,ま
74.224,74.425,-1,78,<45>叶</c><39>う</c><37>日</c><33>ま</c><31>で</c><28>story繋ぐから</c>,で
74.224,74.425,-1,0,<45>か</c><42>な</c><39>う</c><37>ひ</c><33>ま</c><31>で</c><28>storyつなぐから</c>,で
74.425,75.059,-1,78,<45>叶</c><39>う</c><37>日</c><33>ま</c><31>で</c><27>s</c><25>t</c><21>o</c><28>ry繋ぐから</c>,sto
74.425,75.059,-1,0,<45>か</c><42>な</c><39>う</c><37>ひ</c><33>ま</c><31>で</c><27>s</c><25>t</c><21>o</c><28>ryつなぐから</c>,sto
75.059,76.293,-1,78,<45>叶</c><39>う</c><37>日</c><33>ま</c><31>で</c><27>s</c><25>t</c><21>o</c><19>r</c><16>y</c><28>繋ぐから</c>,ry
75.059,76.293,-1,0,<45>か</c><42>な</c><39>う</c><37>ひ</c><33>ま</c><31>で</c><27>s</c><25>t</c><21>o</c><19>r</c><16>y</c><28>つなぐから</c>,ry
76.293,76.927,-1,78,<45>叶</c><39>う</c><37>日</c><33>ま</c><31>で</c><27>s</c><25>t</c><21>o</c><19>r</c><16>y</c><13>繋</c><28>ぐから</c>,繋
76.293,76.493,-1,0,<45>か</c><42>な</c><39>う</c><37>ひ</c><33>ま</c><31>で</c><27>s</c><25>t</c><21>o</c><19>r</c><16>y</c><13>つ</c><28>なぐから</c>,つ
76.493,76.927,56,0,<45>か</c><42>な</c><39>う</c><37>ひ</c><33>ま</c><31>で</c><27>s</c><25>t</c><21>o</c><19>r</c><16>y</c><13>つ</c><10>な</c><28>ぐから</c>,な
76.927,77.127,-1,78,<45>叶</c><39>う</c><37>日</c><33>ま</c><31>で</c><27>s</c><25>t</c><21>o</c><19>r</c><16>y</c><13>繋</c><8>ぐ</c><28>から</c>,ぐ
76.927,77.127,58,0,<45>か</c><42>な</c><39>う</c><37>ひ</c><33>ま</c><31>で</c><27>s</c><25>t</c><21>o</c><19>r</c><16>y</c><13>つ</c><10>な</c><8>ぐ</c><28>から</c>,ぐ
77.127,77.294,-1,78,<45>叶</c><39>う</c><37>日</c><33>ま</c><31>で</c><27>s</c><25>t</c><21>o</c><19>r</c><16>y</c><13>繋</c><8>ぐ</c><5>か</c><28>ら</c>,か
77.127,77.294,59,0,<45>か</c><42>な</c><39>う</c><37>ひ</c><33>ま</c><31>で</c><27>s</c><25>t</c><21>o</c><19>r</c><16>y</c><13>つ</c><10>な</c><8>ぐ</c><5>か</c><28>ら</c>,か
77.294,77.961,-1,78,<45>叶</c><39>う</c><37>日</c><33>ま</c><31>で</c><27>s</c><25>t</c><21>o</c><19>r</c><16>y</c><13>繋</c><8>ぐ</c><5>か</c><3>ら</c>,ら
77.294,77.961,59,0,<45>か</c><42>な</c><39>う</c><37>ひ</c><33>ま</c><31>で</c><27>s</c><25>t</c><21>o</c><19>r</c><16>y</c><13>つ</c><10>な</c><8>ぐ</c><5>か</c><3>ら</c>,ら
77.961,78.162,-1,78,<4>だ</c><28>って君にずっと見てほしいから</c>,だ
77.961,78.162,-1,0,<4>だ</c><28>ってきみにずっとみてほしいから</c>,だ
78.162,78.462,-1,78,<4>だ</c><6>っ</c><28>て君にずっと見てほしいから</c>,っ
78.162,78.462,-1,0,<4>だ</c><6>っ</c><28>てきみにずっとみてほしいから</c>,っ
78.462,78.595,-1,78,<4>だ</c><6>っ</c><9>て</c><28>君にずっと見てほしいから</c>,て
78.462,78.595,-1,0,<4>だ</c><6>っ</c><9>て</c><28>きみにずっとみてほしいから</c>,て
78.595,78.996,-1,78,<4>だ</c><6>っ</c><9>て</c><11>君</c><28>にずっと見てほしいから</c>,君
78.595,78.796,-1,0,<4>だ</c><6>っ</c><9>て</c><11>き</c><28>みにずっとみてほしいから</c>,き
78.796,78.996,-1,0,<4>だ</c><6>っ</c><9>て</c><11>き</c><15>み</c><28>にずっとみてほしいから</c>,み
78.996,79.596,-1,78,<4>だ</c><6>っ</c><9>て</c><11>君</c><17>に</c><28>ずっと見てほしいから</c>,に
78.996,79.596,-1,0,<4>だ</c><6>っ</c><9>て</c><11>き</c><15>み</c><17>に</c><28>ずっとみてほしいから</c>,に
79.596,79.83,-1,78,<4>だ</c><6>っ</c><9>て</c><11>君</c><17>に</c><20>ず</c><28>っと見てほしいから</c>,ず
79.596,79.83,-1,0,<4>だ</c><6>っ</c><9>て</c><11>き</c><15>み</c><17>に</c><20>ず</c><28>っとみてほしいから</c>,ず
79.83,80.13,-1,78,<4>だ</c><6>っ</c><9>て</c><11>君</c><17>に</c><20>ず</c><22>っ</c><28>と見てほしいから</c>,っ
79.83,80.13,-1,0,<4>だ</c><6>っ</c><9>て</c><11>き</c><15>み</c><17>に</c><20>ず</c><22>っ</c><28>とみてほしいから</c>,っ
80.13,80.23,-1,78,<4>だ</c><6>っ</c><9>て</c><11>君</c><17>に</c><20>ず</c><22>っ</c><26>と</c><28>見てほしいから</c>,と
80.13,80.23,-1,0,<4>だ</c><6>っ</c><9>て</c><11>き</c><15>み</c><17>に</c><20>ず</c><22>っ</c><26>と</c><28>みてほしいから</c>,と
80.23,80.431,-1,78,<4>だ</c><6>っ</c><9>て</c><11>君</c><17>に</c><20>ず</c><22>っ</c><26>と</c><29>見</c><28>てほしいから</c>,見
80.23,80.431,-1,0,<4>だ</c><6>っ</c><9>て</c><11>き</c><15>み</c><17>に</c><20>ず</c><22>っ</c><26>と</c><29>み</c><28>てほしいから</c>,み
80.431,80.631,-1,78,<4>だ</c><6>っ</c><9>て</c><11>君</c><17>に</c><20>ず</c><22>っ</c><26>と</c><29>見</c><32>て</c><28>ほしいから</c>,て
80.431,80.631,-1,0,<4>だ</c><6>っ</c><9>て</c><11>き</c><15>み</c><17>に</c><20>ず</c><22>っ</c><26>と</c><29>み</c><32>て</c><28>ほしいから</c>,て
80.631,80.864,-1,78,<4>だ</c><6>っ</c><9>て</c><11>君</c><17>に</c><20>ず</c><22>っ</c><26>と</c><29>見</c><32>て</c><34>ほ</c><28>しいから</c>,ほ
80.631,80.864,56,0,<4>だ</c><6>っ</c><9>て</c><11>き</c><15>み</c><17>に</c><20>ず</c><22>っ</c><26>と</c><29>み</c><32>て</c><34>ほ</c><28>しいから</c>,ほ
80.864,81.065,-1,78,<4>だ</c><6>っ</c><9>て</c><11>君</c><17>に</c><20>ず</c><22>っ</c><26>と</c><29>見</c><32>て</c><34>ほ</c><38>し</c><28>いから</c>,し
80.864,81.065,58,0,<4>だ</c><6>っ</c><9>て</c><11>き</c><15>み</c><17>に</c><20>ず</c><22>っ</c><26>と</c><29>み</c><32>て</c><34>ほ</c><38>し</c><28>いから</c>,し
81.065,82.299,-1,78,<4>だ</c><6>っ</c><9>て</c><11>君</c><17>に</c><20>ず</c><22>っ</c><26>と</c><29>見</c><32>て</c><34>ほ</c><38>し</c><41>い</c><28>から</c>,い
81.065,82.299,59,0,<4>だ</c><6>っ</c><9>て</c><11>き</c><15>み</c><17>に</c><20>ず</c><22>っ</c><26>と</c><29>み</c><32>て</c><34>ほ</c><38>し</c><41>い</c><28>から</c>,い
82.299,82.499,-1,78,<4>だ</c><6>っ</c><9>て</c><11>君</c><17>に</c><20>ず</c><22>っ</c><26>と</c><29>見</c><32>て</c><34>ほ</c><38>し</c><41>い</c><43>か</c><28>ら</c>,か
82.299,82.499,61,0,<4>だ</c><6>っ</c><9>て</c><11>き</c><15>み</c><17>に</c><20>ず</c><22>っ</c><26>と</c><29>み</c><32>て</c><34>ほ</c><38>し</c><41>い</c><43>か</c><28>ら</c>,か
82.499,82.733,-1,78,<4>だ</c><6>っ</c><9>て</c><11>君</c><17>に</c><20>ず</c><22>っ</c><26>と</c><29>見</c><32>て</c><34>ほ</c><38>し</c><41>い</c><43>か</c><46>ら</c>,ら
82.499,82.733,61,0,<4>だ</c><6>っ</c><9>て</c><11>き</c><15>み</c><17>に</c><20>ず</c><22>っ</c><26>と</c><29>み</c><32>て</c><34>ほ</c><38>し</c><41>い</c><43>か</c><46>ら</c>,ら
83.367,83.567,-1,78,<2>手</c><28>を上げて</c>,手
83.367,83.567,-1,0,<2>て</c><28>をあげて</c>,て
83.567,83.801,-1,78,<2>手を</c><28>上げて</c>,を
83.567,83.801,-1,0,<2>てを</c><28>あげて</c>,を
83.801,84.001,-1,78,<2>手を上</c><28>げて</c>,上
83.801,84.001,-1,0,<2>てをあ</c><28>げて</c>,あ
84.001,84.201,-1,78,<2>手を上げ</c><28>て</c>,げ
84.001,84.201,-1,0,<2>てをあげ</c><28>て</c>,げ
84.201,84.368,-1,78,<2>手を上げて</c>,て
84.201,84.368,-1,0,<2>てをあげて</c>,て
84.368,84.768,-1,78,<2>clap</c><28>yourhands海の向こうまで</c>,clap
84.368,84.768,-1,0,<2>clap</c><28>yourhandsうみのむこうまで</c>,clap
84.768,85.202,-1,78,<2>clapyour</c><28>hands海の向こうまで</c>,your
84.768,85.202,-1,0,<2>clapyour</c><28>handsうみのむこうまで</c>,your
85.202,85.636,-1,78,<2>clapyourhands</c><28>海の向こうまで</c>,hands
85.202,85.636,-1,0,<2>clapyourhands</c><28>うみのむこうまで</c>,hands
85.636,86.036,-1,78,<2>clapyourhands海</c><28>の向こうまで</c>,海
85.636,85.836,-1,0,<2>clapyourhandsう</c><28>みのむこうまで</c>,う
85.836,86.036,-1,0,<2>clapyourhandsうみ</c><28>のむこうまで</c>,み
86.036,86.236,-1,78,<2>clapyourhands海の</c><28>向こうまで</c>,の
86.036,86.236,-1,0,<2>clapyourhandsうみの</c><28>むこうまで</c>,の
86.236,86.437,-1,78,<2>clapyourhands海の向</c><28>こうまで</c>,向
86.236,86.437,-1,0,<2>clapyourhandsうみのむ</c><28>こうまで</c>,む
86.437,86.67,-1,78,<2>clapyourhands海の向こ</c><28>うまで</c>,こ
86.437,86.67,-1,0,<2>clapyourhandsうみのむこ</c><28>うまで</c>,こ
86.67,86.87,-1,78,<2>clapyourhands海の向こう</c><28>まで</c>,う
86.67,86.87,-1,0,<2>clapyourhandsうみのむこう</c><28>まで</c>,う
86.87,87.271,-1,78,<2>clapyourhands海の向こうま</c><28>で</c>,ま
86.87,87.271,-1,0,<2>clapyourhandsうみのむこうま</c><28>で</c>,ま
87.271,87.671,-1,78,<2>clapyourhands海の向こうまで</c>,で
87.271,87.671,-1,0,<2>clapyourhandsうみのむこうまで</c>,で
87.671,88.072,-1,78,<2>clap</c><28>yourhands届きますように</c>,clap
87.671,88.072,-1,0,<2>clap</c><28>yourhandsとどきますように</c>,clap
88.072,88.505,-1,78,<2>clapyour</c><28>hands届きますように</c>,your
88.072,88.505,-1,0,<2>clapyour</c><28>handsとどきますように</c>,your
88.505,88.906,-1,78,<2>clapyourhands</c><28>届きますように</c>,hands
88.505,88.906,-1,0,<2>clapyourhands</c><28>とどきますように</c>,hands
88.906,89.306,-1,78,<2>clapyourhands届</c><28>きますように</c>,届
88.906,89.106,-1,0,<2>clapyourhandsと</c><28>どきますように</c>,と
89.106,89.306,-1,0,<2>clapyourhandsとど</c><28>きますように</c>,ど
89.306,89.54,-1,78,<2>clapyourhands届き</c><28>ますように</c>,き
89.306,89.54,-1,0,<2>clapyourhandsとどき</c><28>ますように</c>,き
89.54,89.74,-1,78,<2>clapyourhands届きま</c><28>すように</c>,ま
89.54,89.74,-1,0,<2>clapyourhandsとどきま</c><28>すように</c>,ま
89.74,89.94,-1,78,<2>clapyourhands届きます</c><28>ように</c>,す
89.74,89.94,-1,0,<2>clapyourhandsとどきます</c><28>ように</c>,す
89.94,90.174,-1,78,<2>clapyourhands届きますよう</c><28>に</c>,よう
89.94,90.174,-1,0,<2>clapyourhandsとどきますよう</c><28>に</c>,よう
90.174,90.808,-1,78,<2>clapyourhands届きますように</c>,に
90.174,90.808,-1,0,<2>clapyourhandsとどきますように</c>,に
90.808,90.908,-1,78,<45>手</c><28>を叩こう</c>,手
90.808,90.908,-1,0,<45>て</c><28>をたたこう</c>,て
90.908,91.008,-1,78,<45>手を</c><28>叩こう</c>,を
90.908,91.008,-1,0,<45>てを</c><28>たたこう</c>,を
91.008,91.442,-1,78,<45>手を叩</c><28>こう</c>,叩
91.008,91.208,-1,0,<45>てをた</c><28>たこう</c>,た
91.208,91.442,-1,0,<45>てをたた</c><28>こう</c>,た
91.442,91.809,-1,78,<45>手を叩こう</c>,こう
91.442,91.809,-1,0,<45>てをたたこう</c>,こう
91.809,92.443,-1,78,<1>👏👏👏</c>,👏👏👏
92.443,92.543,-1,78,<3>手</c><28>を叩こう</c>,手
92.443,92.543,-1,0,<3>て</c><28>をたたこう</c>,て
92.543,92.643,-1,78,<3>手を</c><28>叩こう</c>,を
92.543,92.643,-1,0,<3>てを</c><28>たたこう</c>,を
92.643,93.043,-1,78,<3>手を叩</c><28>こう</c>,叩
92.643,92.843,-1,0,<3>てをた</c><28>たこう</c>,た
92.843,93.043,-1,0,<3>てをたた</c><28>こう</c>,た
93.043,93.477,-1,78,<3>手を叩こう</c>,こう
93.043,93.477,-1,0,<3>てをたたこう</c>,こう
93.477,94.311,-1,78,<1>👏👏👏</c>,👏👏👏
94.311,94.711,-1,78,<4>ほ</c><28>ら一緒に</c>,ほ
94.311,94.711,-1,0,<4>ほ</c><28>らいっしょに</c>,ほ
94.711,95.145,-1,78,<4>ほ</c><14>ら</c><28>一緒に</c>,ら
94.711,95.145,-1,0,<4>ほ</c><14>ら</c><28>いっしょに</c>,ら
95.145,95.446,-1,78,<4>ほ</c><14>ら</c><24>一</c><28>緒に</c>,一
95.145,95.446,-1,0,<4>ほ</c><14>ら</c><24>いっ</c><28>しょに</c>,いっ
95.446,95.746,-1,78,<4>ほ</c><14>ら</c><24>一</c><36>緒</c><28>に</c>,緒
95.446,95.746,-1,0,<4>ほ</c><14>ら</c><24>いっ</c><36>しょ</c><28>に</c>,しょ
95.746,96.814,-1,78,<4>ほ</c><14>ら</c><24>一</c><36>緒</c><46>に</c>,に
95.746,96.814,-1,0,<4>ほ</c><14>ら</c><24>いっ</c><36>しょ</c><46>に</c>,に
96.814,97.014,-1,78,<45>e</c><40>v</c><35>e</c><28>rybody</c>,eve
96.814,97.014,-1,0,<45>e</c><40>v</c><35>e</c><28>rybody</c>,eve
97.014,97.214,-1,78,<45>e</c><40>v</c><35>e</c><30>r</c><23>y</c><28>body</c>,ry
97.014,97.214,-1,0,<45>e</c><40>v</c><35>e</c><30>r</c><23>y</c><28>body</c>,ry
97.214,97.414,-1,78,<45>e</c><40>v</c><35>e</c><30>r</c><23>y</c><18>b</c><12>o</c><7>d</c><28>y</c>,bod
97.214,97.414,-1,0,<45>e</c><40>v</c><35>e</c><30>r</c><23>y</c><18>b</c><12>o</c><7>d</c><28>y</c>,bod
97.414,97.614,-1,78,<45>e</c><40>v</c><35>e</c><30>r</c><23>y</c><18>b</c><12>o</c><7>d</c><3>y</c>,y
97.414,97.614,-1,0,<45>e</c><40>v</c><35>e</c><30>r</c><23>y</c><18>b</c><12>o</c><7>d</c><3>y</c>,y
97.614,98.015,-1,78,<2>clap</c><28>yourhands空の向こうまで</c>,clap
97.614,98.015,-1,0,<2>clap</c><28>yourhandsそらのむこうまで</c>,clap
98.015,98.415,-1,78,<2>clapyour</c><28>hands空の向こうまで</c>,your
98.015,98.415,-1,0,<2>clapyour</c><28>handsそらのむこうまで</c>,your
98.415,98.849,-1,78,<2>clapyourhands</c><28>空の向こうまで</c>,hands
98.415,98.849,-1,0,<2>clapyourhands</c><28>そらのむこうまで</c>,hands
98.849,99.249,-1,78,<2>clapyourhands空</c><28>の向こうまで</c>,空
98.849,99.049,-1,0,<2>clapyourhandsそ</c><28>らのむこうまで</c>,そ
99.049,99.249,-1,0,<2>clapyourhandsそら</c><28>のむこうまで</c>,ら
99.249,99.45,-1,78,<2>clapyourhands空の</c><28>向こうまで</c>,の
99.249,99.45,-1,0,<2>clapyourhandsそらの</c><28>むこうまで</c>,の
99.45,99.683,-1,78,<2>clapyourhands空の向</c><28>こうまで</c>,向
99.45,99.683,-1,0,<2>clapyourhandsそらのむ</c><28>こうまで</c>,む
99.683,99.883,-1,78,<2>clapyourhands空の向こ</c><28>うまで</c>,こ
99.683,99.883,-1,0,<2>clapyourhandsそらのむこ</c><28>うまで</c>,こ
99.883,100.084,-1,78,<2>clapyourhands空の向こう</c><28>まで</c>,う
99.883,100.084,-1,0,<2>clapyourhandsそらのむこう</c><28>まで</c>,う
100.084,100.484,-1,78,<2>clapyourhands空の向こうま</c><28>で</c>,ま
100.084,100.484,-1,0,<2>clapyourhandsそらのむこうま</c><28>で</c>,ま
100.484,100.918,-1,78,<2>clapyourhands空の向こうまで</c>,で
100.484,100.918,-1,0,<2>clapyourhandsそらのむこうまで</c>,で
100.918,101.318,-1,78,<2>clap</c><28>yourhands響きますように</c>,clap
100.918,101.318,-1,0,<2>clap</c><28>yourhandsひびきますように</c>,clap
101.318,101.752,-1,78,<2>clapyour</c><28>hands響きますように</c>,your
101.318,101.752,-1,0,<2>clapyour</c><28>handsひびきますように</c>,your
101.752,102.152,-1,78,<2>clapyourhands</c><28>響きますように</c>,hands
101.752,102.152,-1,0,<2>clapyourhands</c><28>ひびきますように</c>,hands
102.152,102.553,-1,78,<2>clapyourhands響</c><28>きますように</c>,響
102.152,102.386,-1,0,<2>clapyourhandsひ</c><28>びきますように</c>,ひ
102.386,102.553,-1,0,<2>clapyourhandsひび</c><28>きますように</c>,び
102.553,102.753,-1,78,<2>clapyourhands響き</c><28>ますように</c>,き
102.553,102.753,-1,0,<2>clapyourhandsひびき</c><28>ますように</c>,き
102.753,102.953,-1,78,<2>clapyourhands響きま</c><28>すように</c>,ま
102.753,102.953,-1,0,<2>clapyourhandsひびきま</c><28>すように</c>,ま
102.953,103.187,-1,78,<2>clapyourhands響きます</c><28>ように</c>,す
102.953,103.187,-1,0,<2>clapyourhandsひびきます</c><28>ように</c>,す
103.187,103.387,-1,78,<2>clapyourhands響きますよう</c><28>に</c>,よう
103.187,103.387,-1,0,<2>clapyourhandsひびきますよう</c><28>に</c>,よう
103.387,104.021,-1,78,<2>clapyourhands響きますように</c>,に
103.387,104.021,-1,0,<2>clapyourhandsひびきますように</c>,に
104.021,104.121,-1,78,<4>手</c><28>を叩こう</c>,手
104.021,104.121,-1,0,<4>て</c><28>をたたこう</c>,て
104.121,104.254,-1,78,<4>手を</c><28>叩こう</c>,を
104.121,104.254,-1,0,<4>てを</c><28>たたこう</c>,を
104.254,104.621,-1,78,<4>手を叩</c><28>こう</c>,叩
104.254,104.421,-1,0,<4>てをた</c><28>たこう</c>,た
104.421,104.621,-1,0,<4>てをたた</c><28>こう</c>,た
104.621,105.055,-1,78,<4>手を叩こう</c>,こう
104.621,105.055,-1,0,<4>てをたたこう</c>,こう
105.055,105.689,-1,78,<1>👏👏👏</c>,👏👏👏
105.689,105.789,-1,78,<46>手</c><28>を叩こう</c>,手
105.689,105.789,-1,0,<46>て</c><28>をたたこう</c>,て
105.789,105.889,-1,78,<46>手を</c><28>叩こう</c>,を
105.789,105.889,-1,0,<46>てを</c><28>たたこう</c>,を
105.889,106.323,-1,78,<46>手を叩</c><28>こう</c>,叩
105.889,106.09,-1,0,<46>てをた</c><28>たこう</c>,た
106.09,106.323,-1,0,<46>てをたた</c><28>こう</c>,た
106.323,106.723,-1,78,<46>手を叩こう</c>,こう
106.323,106.723,-1,0,<46>てをたたこう</c>,こう
106.723,107.558,-1,78,<1>👏👏👏</c>,👏👏👏
107.558,108.792,-1,78,<2>光</c><28>射す僕たちの未来</c>,光
107.558,107.958,-1,0,<2>ひ</c><28>かりさすぼくたちのみらい</c>,ひ
107.958,108.392,-1,0,<2>ひか</c><28>りさすぼくたちのみらい</c>,か
108.392,108.792,-1,0,<2>ひかり</c><28>さすぼくたちのみらい</c>,り
108.792,109.226,-1,78,<2>光射</c><28>す僕たちの未来</c>,射
108.792,109.226,-1,0,<2>ひかりさ</c><28>すぼくたちのみらい</c>,さ
109.226,109.827,-1,78,<2>光射す</c><28>僕たちの未来</c>,す
109.226,109.827,-1,0,<2>ひかりさす</c><28>ぼくたちのみらい</c>,す
109.827,110.027,-1,78,<2>光射す僕</c><28>たちの未来</c>,僕
109.827,109.927,-1,0,<2>ひかりさすぼ</c><28>くたちのみらい</c>,ぼ
109.927,110.027,-1,0,<2>ひかりさすぼく</c><28>たちのみらい</c>,く
110.027,110.26,-1,78,<2>光射す僕た</c><28>ちの未来</c>,た
110.027,110.26,-1,0,<2>ひかりさすぼくた</c><28>ちのみらい</c>,た
110.26,110.461,-1,78,<2>光射す僕たち</c><28>の未来</c>,ち
110.26,110.461,-1,0,<2>ひかりさすぼくたち</c><28>のみらい</c>,ち
110.461,110.661,-1,78,<2>光射す僕たちの</c><28>未来</c>,の
110.461,110.661,-1,0,<2>ひかりさすぼくたちの</c><28>みらい</c>,の
110.661,110.727,-1,78,<2>光射す僕たちの未</c><28>来</c>,未
110.661,110.727,-1,0,<2>ひかりさすぼくたちのみ</c><28>らい</c>,み
110.727,111.295,-1,78,<2>光射す僕たちの未来</c>,来
110.727,111.095,-1,0,<2>ひかりさすぼくたちのみら</c><28>い</c>,ら
110.861,120.804,80,43,<1>blueclapper</c>,blueclapper
110.861,120.804,34,43,<44>hololiveidolproject</c>,hololiveidolproject
111.095,111.295,-1,0,<2>ひかりさすぼくたちのみらい</c>,い
114.164,120.804,-1,78,<44>作詞・作編曲:</c><1>pandaboy</c>,作詞・作編曲:pandaboy
117.468,120.804,-1,-1,<44>歌:</c><1>雪花ラミィ桃鈴ねね獅白ぼたん尾丸ポルカ</c>,歌:雪花ラミィ桃鈴ねね獅白ぼたん尾丸ポルカ
