start,end,position,line,text,token
0.351,13.697,-1,0,<1></c><2>moonahoshinova-愛の小さな歌</c><1></c>,moonahoshinova-愛の小さな歌
0.351,3.053,70,-1,<1></c><2>lyric:moonahoshinova平出健祐奥村アキラ</c><1></c>,lyric:moonahoshinova平出健祐奥村アキラ
3.053,5.723,58,-1,<1></c><2>composerandarranger:東京テラス</c><1></c>,composerandarranger:東京テラス
5.723,8.359,-1,-1,<1></c><2>illustration:furaisen</c><1></c>,illustration:furaisen
8.359,11.028,-1,-1,<1></c><2>animation:harutandhira</c><1></c>,animation:harutandhira
11.028,13.697,-1,-1,<1></c><2>vocal:moonahoshinova</c><1></c>,vocal:moonahoshinova
16.033,16.4,63,0,<1></c><2>い</c><3>ましあわせなのはほがらかなあなたのぬくもりが</c><1></c>,い
16.033,19.77,-1,-1,<1></c><2>今</c><3>幸せなのは朗らかなあなたの温もりが</c><1></c>,今
16.4,19.77,63,0,<1></c><2>いま</c><3>しあわせなのはほがらかなあなたのぬくもりが</c><1></c>,ま
19.77,20.037,63,0,<1></c><2>いまし</c><3>あわせなのはほがらかなあなたのぬくもりが</c><1></c>,し
19.77,20.704,-1,-1,<1></c><2>今幸</c><3>せなのは朗らかなあなたの温もりが</c><1></c>,幸
20.037,20.237,63,0,<1></c><2>いましあ</c><3>わせなのはほがらかなあなたのぬくもりが</c><1></c>,あ
20.237,20.704,63,0,<1></c><2>いましあわ</c><3>せなのはほがらかなあなたのぬくもりが</c><1></c>,わ
20.704,21.038,63,0,<1></c><2>いましあわせ</c><3>なのはほがらかなあなたのぬくもりが</c><1></c>,せ
20.704,21.038,-1,-1,<1></c><2>今幸せ</c><3>なのは朗らかなあなたの温もりが</c><1></c>,せ
21.038,21.405,63,0,<1></c><2>いましあわせな</c><3>のはほがらかなあなたのぬくもりが</c><1></c>,な
21.038,21.405,-1,-1,<1></c><2>今幸せな</c><3>のは朗らかなあなたの温もりが</c><1></c>,な
21.405,21.739,63,0,<1></c><2>いましあわせなの</c><3>はほがらかなあなたのぬくもりが</c><1></c>,の
21.405,21.739,-1,-1,<1></c><2>今幸せなの</c><3>は朗らかなあなたの温もりが</c><1></c>,の
21.739,25.109,63,0,<1></c><2>いましあわせなのは</c><3>ほがらかなあなたのぬくもりが</c><1></c>,は
21.739,25.109,-1,-1,<1></c><2>今幸せなのは</c><3>朗らかなあなたの温もりが</c><1></c>,は
25.109,25.409,63,0,<1></c><2>いましあわせなのはほ</c><3>がらかなあなたのぬくもりが</c><1></c>,ほ
25.109,25.576,-1,-1,<1></c><2>今幸せなのは朗</c><3>らかなあなたの温もりが</c><1></c>,朗
25.409,25.576,63,0,<1></c><2>いましあわせなのはほが</c><3>らかなあなたのぬくもりが</c><1></c>,が
25.576,26.043,63,0,<1></c><2>いましあわせなのはほがら</c><3>かなあなたのぬくもりが</c><1></c>,ら
25.576,26.043,-1,-1,<1></c><2>今幸せなのは朗ら</c><3>かなあなたの温もりが</c><1></c>,ら
26.043,26.377,63,0,<1></c><2>いましあわせなのはほがらか</c><3>なあなたのぬくもりが</c><1></c>,か
26.043,26.377,-1,-1,<1></c><2>今幸せなのは朗らか</c><3>なあなたの温もりが</c><1></c>,か
26.377,26.71,63,0,<1></c><2>いましあわせなのはほがらかな</c><3>あなたのぬくもりが</c><1></c>,な
26.377,26.71,-1,-1,<1></c><2>今幸せなのは朗らかな</c><3>あなたの温もりが</c><1></c>,な
26.71,27.077,63,0,<1></c><2>いましあわせなのはほがらかなあ</c><3>なたのぬくもりが</c><1></c>,あ
26.71,27.077,-1,-1,<1></c><2>今幸せなのは朗らかなあ</c><3>なたの温もりが</c><1></c>,あ
27.077,28.078,63,0,<1></c><2>いましあわせなのはほがらかなあな</c><3>たのぬくもりが</c><1></c>,な
27.077,28.078,-1,-1,<1></c><2>今幸せなのは朗らかなあな</c><3>たの温もりが</c><1></c>,な
28.078,28.445,63,0,<1></c><2>いましあわせなのはほがらかなあなた</c><3>のぬくもりが</c><1></c>,た
28.078,28.445,-1,-1,<1></c><2>今幸せなのは朗らかなあなた</c><3>の温もりが</c><1></c>,た
28.445,30.681,63,0,<1></c><2>いましあわせなのはほがらかなあなたの</c><3>ぬくもりが</c><1></c>,の
28.445,30.681,-1,-1,<1></c><2>今幸せなのは朗らかなあなたの</c><3>温もりが</c><1></c>,の
30.681,31.015,63,0,<1></c><2>いましあわせなのはほがらかなあなたのぬ</c><3>くもりが</c><1></c>,ぬ
30.681,31.482,-1,-1,<1></c><2>今幸せなのは朗らかなあなたの温</c><3>もりが</c><1></c>,温
31.015,31.482,63,0,<1></c><2>いましあわせなのはほがらかなあなたのぬく</c><3>もりが</c><1></c>,く
31.482,32.049,63,0,<1></c><2>いましあわせなのはほがらかなあなたのぬくも</c><3>りが</c><1></c>,も
31.482,32.049,-1,-1,<1></c><2>今幸せなのは朗らかなあなたの温も</c><3>りが</c><1></c>,も
32.049,32.449,63,0,<1></c><2>いましあわせなのはほがらかなあなたのぬくもり</c><3>が</c><1></c>,り
32.049,32.449,-1,-1,<1></c><2>今幸せなのは朗らかなあなたの温もり</c><3>が</c><1></c>,り
32.449,35.753,63,0,<1></c><2>いましあわせなのはほがらかなあなたのぬくもりが</c><1></c>,が
32.449,35.753,-1,-1,<1></c><2>今幸せなのは朗らかなあなたの温もりが</c><1></c>,が
35.753,36.053,59,0,<1></c><2>か</c><3>げりゆくわたしのこころをあのつきのように</c><1></c>,か
35.753,36.387,-1,-1,<1></c><2>陰</c><3>りゆく私の心をあの月のように</c><1></c>,陰
36.053,36.387,59,0,<1></c><2>かげ</c><3>りゆくわたしのこころをあのつきのように</c><1></c>,げ
36.387,36.72,59,0,<1></c><2>かげり</c><3>ゆくわたしのこころをあのつきのように</c><1></c>,り
36.387,36.72,-1,-1,<1></c><2>陰り</c><3>ゆく私の心をあの月のように</c><1></c>,り
36.72,37.021,59,0,<1></c><2>かげりゆ</c><3>くわたしのこころをあのつきのように</c><1></c>,ゆ
36.72,37.021,-1,-1,<1></c><2>陰りゆ</c><3>く私の心をあの月のように</c><1></c>,ゆ
37.021,37.354,59,0,<1></c><2>かげりゆく</c><3>わたしのこころをあのつきのように</c><1></c>,く
37.021,37.354,-1,-1,<1></c><2>陰りゆく</c><3>私の心をあの月のように</c><1></c>,く
37.354,37.688,59,0,<1></c><2>かげりゆくわ</c><3>たしのこころをあのつきのように</c><1></c>,わ
37.354,40.09,-1,-1,<1></c><2>陰りゆく私</c><3>の心をあの月のように</c><1></c>,私
37.688,39.823,59,0,<1></c><2>かげりゆくわた</c><3>しのこころをあのつきのように</c><1></c>,た
39.823,40.09,59,0,<1></c><2>かげりゆくわたし</c><3>のこころをあのつきのように</c><1></c>,し
40.09,40.357,59,0,<1></c><2>かげりゆくわたしの</c><3>こころをあのつきのように</c><1></c>,の
40.09,40.357,-1,-1,<1></c><2>陰りゆく私の</c><3>心をあの月のように</c><1></c>,の
40.357,40.724,59,0,<1></c><2>かげりゆくわたしのこ</c><3>ころをあのつきのように</c><1></c>,こ
40.357,41.692,-1,-1,<1></c><2>陰りゆく私の心</c><3>をあの月のように</c><1></c>,心
40.724,41.058,59,0,<1></c><2>かげりゆくわたしのここ</c><3>ろをあのつきのように</c><1></c>,こ
41.058,41.692,59,0,<1></c><2>かげりゆくわたしのこころ</c><3>をあのつきのように</c><1></c>,ろ
41.692,42.726,59,0,<1></c><2>かげりゆくわたしのこころを</c><3>あのつきのように</c><1></c>,を
41.692,42.726,-1,-1,<1></c><2>陰りゆく私の心を</c><3>あの月のように</c><1></c>,を
42.726,43.027,59,0,<1></c><2>かげりゆくわたしのこころをあ</c><3>のつきのように</c><1></c>,あ
42.726,43.027,-1,-1,<1></c><2>陰りゆく私の心をあ</c><3>の月のように</c><1></c>,あ
43.027,45.095,59,0,<1></c><2>かげりゆくわたしのこころをあの</c><3>つきのように</c><1></c>,の
43.027,45.095,-1,-1,<1></c><2>陰りゆく私の心をあの</c><3>月のように</c><1></c>,の
45.095,45.429,59,0,<1></c><2>かげりゆくわたしのこころをあのつ</c><3>きのように</c><1></c>,つ
45.095,45.696,-1,-1,<1></c><2>陰りゆく私の心をあの月</c><3>のように</c><1></c>,月
45.429,45.696,59,0,<1></c><2>かげりゆくわたしのこころをあのつき</c><3>のように</c><1></c>,き
45.696,46.03,59,0,<1></c><2>かげりゆくわたしのこころをあのつきの</c><3>ように</c><1></c>,の
45.696,46.03,-1,-1,<1></c><2>陰りゆく私の心をあの月の</c><3>ように</c><1></c>,の
46.03,46.397,59,0,<1></c><2>かげりゆくわたしのこころをあのつきのよ</c><3>うに</c><1></c>,よ
46.03,46.397,-1,-1,<1></c><2>陰りゆく私の心をあの月のよ</c><3>うに</c><1></c>,よ
46.397,47.031,59,0,<1></c><2>かげりゆくわたしのこころをあのつきのよう</c><3>に</c><1></c>,う
46.397,47.031,-1,-1,<1></c><2>陰りゆく私の心をあの月のよう</c><3>に</c><1></c>,う
47.031,48.032,59,0,<1></c><2>かげりゆくわたしのこころをあのつきのように</c><1></c>,に
47.031,48.032,-1,-1,<1></c><2>陰りゆく私の心をあの月のように</c><1></c>,に
48.032,48.399,-1,0,<1></c><2>や</c><3>さしくてらしてそしてすべて</c><1></c>,や
48.032,49.366,-1,-1,<1></c><2>優</c><3>しく照らしてそしてすべて</c><1></c>,優
48.399,49.366,-1,0,<1></c><2>やさ</c><3>しくてらしてそしてすべて</c><1></c>,さ
49.366,49.7,-1,0,<1></c><2>やさし</c><3>くてらしてそしてすべて</c><1></c>,し
49.366,49.7,-1,-1,<1></c><2>優し</c><3>く照らしてそしてすべて</c><1></c>,し
49.7,50.768,-1,0,<1></c><2>やさしく</c><3>てらしてそしてすべて</c><1></c>,く
49.7,50.768,-1,-1,<1></c><2>優しく</c><3>照らしてそしてすべて</c><1></c>,く
50.768,51.035,-1,0,<1></c><2>やさしくて</c><3>らしてそしてすべて</c><1></c>,て
50.768,51.035,-1,-1,<1></c><2>優しく照</c><3>らしてそしてすべて</c><1></c>,照
51.035,52.036,-1,0,<1></c><2>やさしくてら</c><3>してそしてすべて</c><1></c>,ら
51.035,52.036,-1,-1,<1></c><2>優しく照ら</c><3>してそしてすべて</c><1></c>,ら
52.036,52.369,-1,0,<1></c><2>やさしくてらし</c><3>てそしてすべて</c><1></c>,し
52.036,52.369,-1,-1,<1></c><2>優しく照らし</c><3>てそしてすべて</c><1></c>,し
52.369,53.103,-1,0,<1></c><2>やさしくてらして</c><3>そしてすべて</c><1></c>,て
52.369,53.103,-1,-1,<1></c><2>優しく照らして</c><3>そしてすべて</c><1></c>,て
53.103,53.404,-1,0,<1></c><2>やさしくてらしてそ</c><3>してすべて</c><1></c>,そ
53.103,53.404,-1,-1,<1></c><2>優しく照らしてそ</c><3>してすべて</c><1></c>,そ
53.404,53.704,-1,0,<1></c><2>やさしくてらしてそし</c><3>てすべて</c><1></c>,し
53.404,53.704,-1,-1,<1></c><2>優しく照らしてそし</c><3>てすべて</c><1></c>,し
53.704,55.439,-1,0,<1></c><2>やさしくてらしてそして</c><3>すべて</c><1></c>,て
53.704,55.439,-1,-1,<1></c><2>優しく照らしてそして</c><3>すべて</c><1></c>,て
55.439,55.739,-1,0,<1></c><2>やさしくてらしてそしてす</c><3>べて</c><1></c>,す
55.439,55.739,-1,-1,<1></c><2>優しく照らしてそしてす</c><3>べて</c><1></c>,す
55.739,56.073,-1,0,<1></c><2>やさしくてらしてそしてすべ</c><3>て</c><1></c>,べ
55.739,56.073,-1,-1,<1></c><2>優しく照らしてそしてすべ</c><3>て</c><1></c>,べ
56.073,57.374,-1,0,<1></c><2>やさしくてらしてそしてすべて</c><1></c>,て
56.073,57.374,-1,-1,<1></c><2>優しく照らしてそしてすべて</c><1></c>,て
57.374,57.674,-1,0,<1></c><2>つ</c><3>つんでくれたもやをはらしてくれた</c><1></c>,つ
57.374,58.442,-1,-1,<1></c><2>包</c><3>んでくれた靄を晴らしてくれた</c><1></c>,包
57.674,58.442,-1,0,<1></c><2>つつ</c><3>んでくれたもやをはらしてくれた</c><1></c>,つ
58.442,58.709,-1,0,<1></c><2>つつん</c><3>でくれたもやをはらしてくれた</c><1></c>,ん
58.442,58.709,-1,-1,<1></c><2>包ん</c><3>でくれた靄を晴らしてくれた</c><1></c>,ん
58.709,59.009,-1,0,<1></c><2>つつんで</c><3>くれたもやをはらしてくれた</c><1></c>,で
58.709,59.009,-1,-1,<1></c><2>包んで</c><3>くれた靄を晴らしてくれた</c><1></c>,で
59.009,61.045,-1,0,<1></c><2>つつんでく</c><3>れたもやをはらしてくれた</c><1></c>,く
59.009,61.045,-1,-1,<1></c><2>包んでく</c><3>れた靄を晴らしてくれた</c><1></c>,く
61.045,61.378,-1,0,<1></c><2>つつんでくれ</c><3>たもやをはらしてくれた</c><1></c>,れ
61.045,61.378,-1,-1,<1></c><2>包んでくれ</c><3>た靄を晴らしてくれた</c><1></c>,れ
61.378,62.713,-1,0,<1></c><2>つつんでくれた</c><3>もやをはらしてくれた</c><1></c>,た
61.378,62.713,-1,-1,<1></c><2>包んでくれた</c><3>靄を晴らしてくれた</c><1></c>,た
62.713,62.88,-1,0,<1></c><2>つつんでくれたも</c><3>やをはらしてくれた</c><1></c>,も
62.713,63.047,-1,-1,<1></c><2>包んでくれた靄</c><3>を晴らしてくれた</c><1></c>,靄
62.88,63.047,-1,0,<1></c><2>つつんでくれたもや</c><3>をはらしてくれた</c><1></c>,や
63.047,63.514,-1,0,<1></c><2>つつんでくれたもやを</c><3>はらしてくれた</c><1></c>,を
63.047,63.514,-1,-1,<1></c><2>包んでくれた靄を</c><3>晴らしてくれた</c><1></c>,を
63.514,64.014,-1,0,<1></c><2>つつんでくれたもやをは</c><3>らしてくれた</c><1></c>,は
63.514,64.014,-1,-1,<1></c><2>包んでくれた靄を晴</c><3>らしてくれた</c><1></c>,晴
64.014,64.348,-1,0,<1></c><2>つつんでくれたもやをはら</c><3>してくれた</c><1></c>,ら
64.014,64.348,-1,-1,<1></c><2>包んでくれた靄を晴ら</c><3>してくれた</c><1></c>,ら
64.348,65.682,-1,0,<1></c><2>つつんでくれたもやをはらし</c><3>てくれた</c><1></c>,し
64.348,65.682,-1,-1,<1></c><2>包んでくれた靄を晴らし</c><3>てくれた</c><1></c>,し
65.682,66.35,-1,0,<1></c><2>つつんでくれたもやをはらして</c><3>くれた</c><1></c>,て
65.682,66.35,-1,-1,<1></c><2>包んでくれた靄を晴らして</c><3>くれた</c><1></c>,て
66.35,66.683,-1,0,<1></c><2>つつんでくれたもやをはらしてく</c><3>れた</c><1></c>,く
66.35,66.683,-1,-1,<1></c><2>包んでくれた靄を晴らしてく</c><3>れた</c><1></c>,く
66.683,66.884,-1,0,<1></c><2>つつんでくれたもやをはらしてくれ</c><3>た</c><1></c>,れ
66.683,66.884,-1,-1,<1></c><2>包んでくれた靄を晴らしてくれ</c><3>た</c><1></c>,れ
66.884,68.318,-1,0,<1></c><2>つつんでくれたもやをはらしてくれた</c><1></c>,た
66.884,68.318,-1,-1,<1></c><2>包んでくれた靄を晴らしてくれた</c><1></c>,た
68.318,68.886,70,0,<1></c><2>あ</c><3>なたがいなければわたしはほしのようにかがやけないまま</c><1></c>,あ
68.318,68.886,-1,-1,<1></c><2>あ</c><3>なたがいなければ私は星のように輝けないまま</c><1></c>,あ
68.886,69.353,70,0,<1></c><2>あな</c><3>たがいなければわたしはほしのようにかがやけないまま</c><1></c>,な
68.886,69.353,-1,-1,<1></c><2>あな</c><3>たがいなければ私は星のように輝けないまま</c><1></c>,な
69.353,69.686,70,0,<1></c><2>あなた</c><3>がいなければわたしはほしのようにかがやけないまま</c><1></c>,た
69.353,69.686,-1,-1,<1></c><2>あなた</c><3>がいなければ私は星のように輝けないまま</c><1></c>,た
69.686,70.421,70,0,<1></c><2>あなたが</c><3>いなければわたしはほしのようにかがやけないまま</c><1></c>,が
69.686,70.421,-1,-1,<1></c><2>あなたが</c><3>いなければ私は星のように輝けないまま</c><1></c>,が
70.421,70.687,70,0,<1></c><2>あなたがい</c><3>なければわたしはほしのようにかがやけないまま</c><1></c>,い
70.421,70.687,-1,-1,<1></c><2>あなたがい</c><3>なければ私は星のように輝けないまま</c><1></c>,い
70.687,71.188,70,0,<1></c><2>あなたがいな</c><3>ければわたしはほしのようにかがやけないまま</c><1></c>,な
70.687,71.188,-1,-1,<1></c><2>あなたがいな</c><3>ければ私は星のように輝けないまま</c><1></c>,な
71.188,71.688,70,0,<1></c><2>あなたがいなけ</c><3>ればわたしはほしのようにかがやけないまま</c><1></c>,け
71.188,71.688,-1,-1,<1></c><2>あなたがいなけ</c><3>れば私は星のように輝けないまま</c><1></c>,け
71.688,72.056,70,0,<1></c><2>あなたがいなけれ</c><3>ばわたしはほしのようにかがやけないまま</c><1></c>,れ
71.688,72.056,-1,-1,<1></c><2>あなたがいなけれ</c><3>ば私は星のように輝けないまま</c><1></c>,れ
72.056,72.356,70,0,<1></c><2>あなたがいなければ</c><3>わたしはほしのようにかがやけないまま</c><1></c>,ば
72.056,72.356,-1,-1,<1></c><2>あなたがいなければ</c><3>私は星のように輝けないまま</c><1></c>,ば
72.356,72.856,70,0,<1></c><2>あなたがいなければわ</c><3>たしはほしのようにかがやけないまま</c><1></c>,わ
72.356,73.524,-1,-1,<1></c><2>あなたがいなければ私</c><3>は星のように輝けないまま</c><1></c>,私
72.856,73.323,70,0,<1></c><2>あなたがいなければわた</c><3>しはほしのようにかがやけないまま</c><1></c>,た
73.323,73.524,70,0,<1></c><2>あなたがいなければわたし</c><3>はほしのようにかがやけないまま</c><1></c>,し
73.524,74.358,70,0,<1></c><2>あなたがいなければわたしは</c><3>ほしのようにかがやけないまま</c><1></c>,は
73.524,74.358,-1,-1,<1></c><2>あなたがいなければ私は</c><3>星のように輝けないまま</c><1></c>,は
74.358,75.025,70,0,<1></c><2>あなたがいなければわたしはほ</c><3>しのようにかがやけないまま</c><1></c>,ほ
74.358,76.693,-1,-1,<1></c><2>あなたがいなければ私は星</c><3>のように輝けないまま</c><1></c>,星
75.025,76.693,70,0,<1></c><2>あなたがいなければわたしはほし</c><3>のようにかがやけないまま</c><1></c>,し
76.693,77.027,70,0,<1></c><2>あなたがいなければわたしはほしの</c><3>ようにかがやけないまま</c><1></c>,の
76.693,77.027,-1,-1,<1></c><2>あなたがいなければ私は星の</c><3>ように輝けないまま</c><1></c>,の
77.027,77.361,70,0,<1></c><2>あなたがいなければわたしはほしのよ</c><3>うにかがやけないまま</c><1></c>,よ
77.027,77.361,-1,-1,<1></c><2>あなたがいなければ私は星のよ</c><3>うに輝けないまま</c><1></c>,よ
77.361,77.728,70,0,<1></c><2>あなたがいなければわたしはほしのよう</c><3>にかがやけないまま</c><1></c>,う
77.361,77.728,-1,-1,<1></c><2>あなたがいなければ私は星のよう</c><3>に輝けないまま</c><1></c>,う
77.728,78.662,70,0,<1></c><2>あなたがいなければわたしはほしのように</c><3>かがやけないまま</c><1></c>,に
77.728,78.662,-1,-1,<1></c><2>あなたがいなければ私は星のように</c><3>輝けないまま</c><1></c>,に
78.662,79.029,70,0,<1></c><2>あなたがいなければわたしはほしのようにか</c><3>がやけないまま</c><1></c>,か
78.662,80.03,-1,-1,<1></c><2>あなたがいなければ私は星のように輝</c><3>けないまま</c><1></c>,輝
79.029,79.53,70,0,<1></c><2>あなたがいなければわたしはほしのようにかが</c><3>やけないまま</c><1></c>,が
79.53,80.03,70,0,<1></c><2>あなたがいなければわたしはほしのようにかがや</c><3>けないまま</c><1></c>,や
80.03,80.364,70,0,<1></c><2>あなたがいなければわたしはほしのようにかがやけ</c><3>ないまま</c><1></c>,け
80.03,80.364,-1,-1,<1></c><2>あなたがいなければ私は星のように輝け</c><3>ないまま</c><1></c>,け
80.364,81.765,70,0,<1></c><2>あなたがいなければわたしはほしのようにかがやけな</c><3>いまま</c><1></c>,な
80.364,81.765,-1,-1,<1></c><2>あなたがいなければ私は星のように輝けな</c><3>いまま</c><1></c>,な
81.765,82.366,70,0,<1></c><2>あなたがいなければわたしはほしのようにかがやけない</c><3>まま</c><1></c>,い
81.765,82.366,-1,-1,<1></c><2>あなたがいなければ私は星のように輝けない</c><3>まま</c><1></c>,い
82.366,82.733,70,0,<1></c><2>あなたがいなければわたしはほしのようにかがやけないま</c><3>ま</c><1></c>,ま
82.366,82.733,-1,-1,<1></c><2>あなたがいなければ私は星のように輝けないま</c><3>ま</c><1></c>,ま
82.733,84.034,70,0,<1></c><2>あなたがいなければわたしはほしのようにかがやけないまま</c><1></c>,ま
82.733,84.034,-1,-1,<1></c><2>あなたがいなければ私は星のように輝けないまま</c><1></c>,ま
84.034,84.234,-1,0,<1></c><2>あ</c><3>いのちいさなうたは</c><1></c>,あ
84.034,84.401,-1,-1,<1></c><2>愛</c><3>の小さな歌は</c><1></c>,愛
84.234,84.401,-1,0,<1></c><2>あい</c><3>のちいさなうたは</c><1></c>,い
84.401,84.868,-1,0,<1></c><2>あいの</c><3>ちいさなうたは</c><1></c>,の
84.401,84.868,-1,-1,<1></c><2>愛の</c><3>小さな歌は</c><1></c>,の
84.868,85.402,-1,0,<1></c><2>あいのち</c><3>いさなうたは</c><1></c>,ち
84.868,85.702,-1,-1,<1></c><2>愛の小</c><3>さな歌は</c><1></c>,小
85.402,85.702,-1,0,<1></c><2>あいのちい</c><3>さなうたは</c><1></c>,い
85.702,87.671,-1,0,<1></c><2>あいのちいさ</c><3>なうたは</c><1></c>,さ
85.702,87.671,-1,-1,<1></c><2>愛の小さ</c><3>な歌は</c><1></c>,さ
87.671,88.172,-1,0,<1></c><2>あいのちいさな</c><3>うたは</c><1></c>,な
87.671,88.172,-1,-1,<1></c><2>愛の小さな</c><3>歌は</c><1></c>,な
88.172,88.672,-1,0,<1></c><2>あいのちいさなう</c><3>たは</c><1></c>,う
88.172,89.006,-1,-1,<1></c><2>愛の小さな歌</c><3>は</c><1></c>,歌
88.672,89.006,-1,0,<1></c><2>あいのちいさなうた</c><3>は</c><1></c>,た
89.006,92.076,-1,0,<1></c><2>あいのちいさなうたは</c><1></c>,は
89.006,92.076,-1,-1,<1></c><2>愛の小さな歌は</c><1></c>,は
92.076,92.242,-1,0,<1></c><2>た</c><3>だあなたがきいてくれるだけでいい</c><1></c>,た
92.076,92.242,-1,-1,<1></c><2>た</c><3>だあなたが聴いてくれるだけでいい</c><1></c>,た
92.242,92.409,-1,0,<1></c><2>ただ</c><3>あなたがきいてくれるだけでいい</c><1></c>,だ
92.242,92.409,-1,-1,<1></c><2>ただ</c><3>あなたが聴いてくれるだけでいい</c><1></c>,だ
92.409,92.876,-1,0,<1></c><2>ただあ</c><3>なたがきいてくれるだけでいい</c><1></c>,あ
92.409,92.876,-1,-1,<1></c><2>ただあ</c><3>なたが聴いてくれるだけでいい</c><1></c>,あ
92.876,93.377,-1,0,<1></c><2>ただあな</c><3>たがきいてくれるだけでいい</c><1></c>,な
92.876,93.377,-1,-1,<1></c><2>ただあな</c><3>たが聴いてくれるだけでいい</c><1></c>,な
93.377,93.71,-1,0,<1></c><2>ただあなた</c><3>がきいてくれるだけでいい</c><1></c>,た
93.377,93.71,-1,-1,<1></c><2>ただあなた</c><3>が聴いてくれるだけでいい</c><1></c>,た
93.71,94.211,-1,0,<1></c><2>ただあなたが</c><3>きいてくれるだけでいい</c><1></c>,が
93.71,94.211,-1,-1,<1></c><2>ただあなたが</c><3>聴いてくれるだけでいい</c><1></c>,が
94.211,94.611,-1,0,<1></c><2>ただあなたがき</c><3>いてくれるだけでいい</c><1></c>,き
94.211,94.611,-1,-1,<1></c><2>ただあなたが聴</c><3>いてくれるだけでいい</c><1></c>,聴
94.611,94.878,-1,0,<1></c><2>ただあなたがきい</c><3>てくれるだけでいい</c><1></c>,い
94.611,94.878,-1,-1,<1></c><2>ただあなたが聴い</c><3>てくれるだけでいい</c><1></c>,い
94.878,95.746,-1,0,<1></c><2>ただあなたがきいて</c><3>くれるだけでいい</c><1></c>,て
94.878,95.746,-1,-1,<1></c><2>ただあなたが聴いて</c><3>くれるだけでいい</c><1></c>,て
95.746,96.413,-1,0,<1></c><2>ただあなたがきいてく</c><3>れるだけでいい</c><1></c>,く
95.746,96.413,-1,-1,<1></c><2>ただあなたが聴いてく</c><3>れるだけでいい</c><1></c>,く
96.413,98.348,-1,0,<1></c><2>ただあなたがきいてくれ</c><3>るだけでいい</c><1></c>,れ
96.413,98.348,-1,-1,<1></c><2>ただあなたが聴いてくれ</c><3>るだけでいい</c><1></c>,れ
98.348,99.016,-1,0,<1></c><2>ただあなたがきいてくれる</c><3>だけでいい</c><1></c>,る
98.348,99.016,-1,-1,<1></c><2>ただあなたが聴いてくれる</c><3>だけでいい</c><1></c>,る
99.016,100.384,-1,0,<1></c><2>ただあなたがきいてくれるだ</c><3>けでいい</c><1></c>,だ
99.016,100.384,-1,-1,<1></c><2>ただあなたが聴いてくれるだ</c><3>けでいい</c><1></c>,だ
100.384,100.918,-1,0,<1></c><2>ただあなたがきいてくれるだけ</c><3>でいい</c><1></c>,け
100.384,100.918,-1,-1,<1></c><2>ただあなたが聴いてくれるだけ</c><3>でいい</c><1></c>,け
100.918,101.351,-1,0,<1></c><2>ただあなたがきいてくれるだけで</c><3>いい</c><1></c>,で
100.918,101.351,-1,-1,<1></c><2>ただあなたが聴いてくれるだけで</c><3>いい</c><1></c>,で
101.351,101.718,-1,0,<1></c><2>ただあなたがきいてくれるだけでい</c><3>い</c><1></c>,い
101.351,101.718,-1,-1,<1></c><2>ただあなたが聴いてくれるだけでい</c><3>い</c><1></c>,い
101.718,104.021,-1,0,<1></c><2>ただあなたがきいてくれるだけでいい</c><1></c>,い
101.718,104.021,-1,-1,<1></c><2>ただあなたが聴いてくれるだけでいい</c><1></c>,い
117.367,117.734,77,0,<1></c><2>い</c><3>ま、こころにかいたひかりにみちているあしたへとわたしは</c><1></c>,い
117.367,121.038,-1,-1,<1></c><2>今、</c><3>心に描いた光に満ちている明日へと私は</c><1></c>,今、
117.734,121.038,77,0,<1></c><2>いま、</c><3>こころにかいたひかりにみちているあしたへとわたしは</c><1></c>,ま、
121.038,121.371,77,0,<1></c><2>いま、こ</c><3>ころにかいたひかりにみちているあしたへとわたしは</c><1></c>,こ
121.038,122.039,-1,-1,<1></c><2>今、心</c><3>に描いた光に満ちている明日へと私は</c><1></c>,心
121.371,121.572,77,0,<1></c><2>いま、ここ</c><3>ろにかいたひかりにみちているあしたへとわたしは</c><1></c>,こ
121.572,122.039,77,0,<1></c><2>いま、こころ</c><3>にかいたひかりにみちているあしたへとわたしは</c><1></c>,ろ
122.039,122.372,77,0,<1></c><2>いま、こころに</c><3>かいたひかりにみちているあしたへとわたしは</c><1></c>,に
122.039,122.372,-1,-1,<1></c><2>今、心に</c><3>描いた光に満ちている明日へと私は</c><1></c>,に
122.372,122.706,77,0,<1></c><2>いま、こころにか</c><3>いたひかりにみちているあしたへとわたしは</c><1></c>,か
122.372,122.706,-1,-1,<1></c><2>今、心に描</c><3>いた光に満ちている明日へと私は</c><1></c>,描
122.706,123.04,77,0,<1></c><2>いま、こころにかい</c><3>たひかりにみちているあしたへとわたしは</c><1></c>,い
122.706,123.04,-1,-1,<1></c><2>今、心に描い</c><3>た光に満ちている明日へと私は</c><1></c>,い
123.04,126.41,77,0,<1></c><2>いま、こころにかいた</c><3>ひかりにみちているあしたへとわたしは</c><1></c>,た
123.04,126.41,-1,-1,<1></c><2>今、心に描いた</c><3>光に満ちている明日へと私は</c><1></c>,た
126.41,126.71,77,0,<1></c><2>いま、こころにかいたひ</c><3>かりにみちているあしたへとわたしは</c><1></c>,ひ
126.41,127.344,-1,-1,<1></c><2>今、心に描いた光</c><3>に満ちている明日へと私は</c><1></c>,光
126.71,126.91,77,0,<1></c><2>いま、こころにかいたひか</c><3>りにみちているあしたへとわたしは</c><1></c>,か
126.91,127.344,77,0,<1></c><2>いま、こころにかいたひかり</c><3>にみちているあしたへとわたしは</c><1></c>,り
127.344,127.711,77,0,<1></c><2>いま、こころにかいたひかりに</c><3>みちているあしたへとわたしは</c><1></c>,に
127.344,127.711,-1,-1,<1></c><2>今、心に描いた光に</c><3>満ちている明日へと私は</c><1></c>,に
127.711,128.011,77,0,<1></c><2>いま、こころにかいたひかりにみ</c><3>ちているあしたへとわたしは</c><1></c>,み
127.711,128.011,-1,-1,<1></c><2>今、心に描いた光に満</c><3>ちている明日へと私は</c><1></c>,満
128.011,128.378,77,0,<1></c><2>いま、こころにかいたひかりにみち</c><3>ているあしたへとわたしは</c><1></c>,ち
128.011,128.378,-1,-1,<1></c><2>今、心に描いた光に満ち</c><3>ている明日へと私は</c><1></c>,ち
128.378,129.346,77,0,<1></c><2>いま、こころにかいたひかりにみちて</c><3>いるあしたへとわたしは</c><1></c>,て
128.378,129.346,-1,-1,<1></c><2>今、心に描いた光に満ちて</c><3>いる明日へと私は</c><1></c>,て
129.346,129.713,77,0,<1></c><2>いま、こころにかいたひかりにみちてい</c><3>るあしたへとわたしは</c><1></c>,い
129.346,129.713,-1,-1,<1></c><2>今、心に描いた光に満ちてい</c><3>る明日へと私は</c><1></c>,い
129.713,132.049,77,0,<1></c><2>いま、こころにかいたひかりにみちている</c><3>あしたへとわたしは</c><1></c>,る
129.713,132.049,-1,-1,<1></c><2>今、心に描いた光に満ちている</c><3>明日へと私は</c><1></c>,る
132.049,132.349,77,0,<1></c><2>いま、こころにかいたひかりにみちているあ</c><3>したへとわたしは</c><1></c>,あ
132.049,132.816,-1,-1,<1></c><2>今、心に描いた光に満ちている明</c><3>日へと私は</c><1></c>,明
132.349,132.816,77,0,<1></c><2>いま、こころにかいたひかりにみちているあし</c><3>たへとわたしは</c><1></c>,し
132.816,133.283,77,0,<1></c><2>いま、こころにかいたひかりにみちているあした</c><3>へとわたしは</c><1></c>,た
132.816,133.283,-1,-1,<1></c><2>今、心に描いた光に満ちている明日</c><3>へと私は</c><1></c>,日
133.283,133.717,77,0,<1></c><2>いま、こころにかいたひかりにみちているあしたへ</c><3>とわたしは</c><1></c>,へ
133.283,133.717,-1,-1,<1></c><2>今、心に描いた光に満ちている明日へ</c><3>と私は</c><1></c>,へ
133.717,135.652,77,0,<1></c><2>いま、こころにかいたひかりにみちているあしたへと</c><3>わたしは</c><1></c>,と
133.717,135.652,-1,-1,<1></c><2>今、心に描いた光に満ちている明日へと</c><3>私は</c><1></c>,と
135.652,136.019,77,0,<1></c><2>いま、こころにかいたひかりにみちているあしたへとわ</c><3>たしは</c><1></c>,わ
135.652,137.788,-1,-1,<1></c><2>今、心に描いた光に満ちている明日へと私</c><3>は</c><1></c>,私
136.019,137.387,77,0,<1></c><2>いま、こころにかいたひかりにみちているあしたへとわた</c><3>しは</c><1></c>,た
137.387,137.788,77,0,<1></c><2>いま、こころにかいたひかりにみちているあしたへとわたし</c><3>は</c><1></c>,し
137.788,138.355,77,0,<1></c><2>いま、こころにかいたひかりにみちているあしたへとわたしは</c><1></c>,は
137.788,138.355,-1,-1,<1></c><2>今、心に描いた光に満ちている明日へと私は</c><1></c>,は
138.355,138.689,-1,0,<1></c><2>ひ</c><3>とりゆめをおいつづけながらもさまよった</c><1></c>,ひ
138.355,139.022,-1,-1,<1></c><2>一</c><3>人夢を追い続けながらも彷徨った</c><1></c>,一
138.689,139.022,-1,0,<1></c><2>ひと</c><3>りゆめをおいつづけながらもさまよった</c><1></c>,と
139.022,141.024,-1,0,<1></c><2>ひとり</c><3>ゆめをおいつづけながらもさまよった</c><1></c>,り
139.022,141.024,-1,-1,<1></c><2>一人</c><3>夢を追い続けながらも彷徨った</c><1></c>,人
141.024,141.391,-1,0,<1></c><2>ひとりゆ</c><3>めをおいつづけながらもさまよった</c><1></c>,ゆ
141.024,141.692,-1,-1,<1></c><2>一人夢</c><3>を追い続けながらも彷徨った</c><1></c>,夢
141.391,141.692,-1,0,<1></c><2>ひとりゆめ</c><3>をおいつづけながらもさまよった</c><1></c>,め
141.692,142.059,-1,0,<1></c><2>ひとりゆめを</c><3>おいつづけながらもさまよった</c><1></c>,を
141.692,142.059,-1,-1,<1></c><2>一人夢を</c><3>追い続けながらも彷徨った</c><1></c>,を
142.059,142.426,-1,0,<1></c><2>ひとりゆめをお</c><3>いつづけながらもさまよった</c><1></c>,お
142.059,142.426,-1,-1,<1></c><2>一人夢を追</c><3>い続けながらも彷徨った</c><1></c>,追
142.426,143.026,-1,0,<1></c><2>ひとりゆめをおい</c><3>つづけながらもさまよった</c><1></c>,い
142.426,143.026,-1,-1,<1></c><2>一人夢を追い</c><3>続けながらも彷徨った</c><1></c>,い
143.026,143.76,-1,0,<1></c><2>ひとりゆめをおいつ</c><3>づけながらもさまよった</c><1></c>,つ
143.026,144.027,-1,-1,<1></c><2>一人夢を追い続</c><3>けながらも彷徨った</c><1></c>,続
143.76,144.027,-1,0,<1></c><2>ひとりゆめをおいつづ</c><3>けながらもさまよった</c><1></c>,づ
144.027,146.396,-1,0,<1></c><2>ひとりゆめをおいつづけ</c><3>ながらもさまよった</c><1></c>,け
144.027,146.396,-1,-1,<1></c><2>一人夢を追い続け</c><3>ながらも彷徨った</c><1></c>,け
146.396,146.73,-1,0,<1></c><2>ひとりゆめをおいつづけな</c><3>がらもさまよった</c><1></c>,な
146.396,146.73,-1,-1,<1></c><2>一人夢を追い続けな</c><3>がらも彷徨った</c><1></c>,な
146.73,147.03,-1,0,<1></c><2>ひとりゆめをおいつづけなが</c><3>らもさまよった</c><1></c>,が
146.73,147.03,-1,-1,<1></c><2>一人夢を追い続けなが</c><3>らも彷徨った</c><1></c>,が
147.03,147.364,-1,0,<1></c><2>ひとりゆめをおいつづけながら</c><3>もさまよった</c><1></c>,ら
147.03,147.364,-1,-1,<1></c><2>一人夢を追い続けながら</c><3>も彷徨った</c><1></c>,ら
147.364,147.731,-1,0,<1></c><2>ひとりゆめをおいつづけながらも</c><3>さまよった</c><1></c>,も
147.364,147.731,-1,-1,<1></c><2>一人夢を追い続けながらも</c><3>彷徨った</c><1></c>,も
147.731,148.365,-1,0,<1></c><2>ひとりゆめをおいつづけながらもさ</c><3>まよった</c><1></c>,さ
147.731,149.032,-1,-1,<1></c><2>一人夢を追い続けながらも彷</c><3>徨った</c><1></c>,彷
148.365,149.032,-1,0,<1></c><2>ひとりゆめをおいつづけながらもさま</c><3>よった</c><1></c>,ま
149.032,149.7,-1,0,<1></c><2>ひとりゆめをおいつづけながらもさまよ</c><3>った</c><1></c>,よ
149.032,149.7,-1,-1,<1></c><2>一人夢を追い続けながらも彷徨</c><3>った</c><1></c>,徨
149.7,151.034,-1,0,<1></c><2>ひとりゆめをおいつづけながらもさまよっ</c><3>た</c><1></c>,っ
149.7,151.034,-1,-1,<1></c><2>一人夢を追い続けながらも彷徨っ</c><3>た</c><1></c>,っ
151.034,152.069,-1,0,<1></c><2>ひとりゆめをおいつづけながらもさまよった</c><1></c>,た
151.034,152.069,-1,-1,<1></c><2>一人夢を追い続けながらも彷徨った</c><1></c>,た
152.069,152.369,-1,0,<1></c><2>あ</c><3>なたがいてくれたから</c><1></c>,あ
152.069,152.369,-1,-1,<1></c><2>あ</c><3>なたが居てくれたから</c><1></c>,あ
152.369,153.403,-1,0,<1></c><2>あな</c><3>たがいてくれたから</c><1></c>,な
152.369,153.403,-1,-1,<1></c><2>あな</c><3>たが居てくれたから</c><1></c>,な
153.403,153.704,-1,0,<1></c><2>あなた</c><3>がいてくれたから</c><1></c>,た
153.403,153.704,-1,-1,<1></c><2>あなた</c><3>が居てくれたから</c><1></c>,た
153.704,154.371,-1,0,<1></c><2>あなたが</c><3>いてくれたから</c><1></c>,が
153.704,154.371,-1,-1,<1></c><2>あなたが</c><3>居てくれたから</c><1></c>,が
154.371,154.671,-1,0,<1></c><2>あなたがい</c><3>てくれたから</c><1></c>,い
154.371,154.671,-1,-1,<1></c><2>あなたが居</c><3>てくれたから</c><1></c>,居
154.671,155.038,-1,0,<1></c><2>あなたがいて</c><3>くれたから</c><1></c>,て
154.671,155.038,-1,-1,<1></c><2>あなたが居て</c><3>くれたから</c><1></c>,て
155.038,156.74,-1,0,<1></c><2>あなたがいてく</c><3>れたから</c><1></c>,く
155.038,156.74,-1,-1,<1></c><2>あなたが居てく</c><3>れたから</c><1></c>,く
156.74,157.04,-1,0,<1></c><2>あなたがいてくれ</c><3>たから</c><1></c>,れ
156.74,157.04,-1,-1,<1></c><2>あなたが居てくれ</c><3>たから</c><1></c>,れ
157.04,157.374,-1,0,<1></c><2>あなたがいてくれた</c><3>から</c><1></c>,た
157.04,157.374,-1,-1,<1></c><2>あなたが居てくれた</c><3>から</c><1></c>,た
157.374,157.708,-1,0,<1></c><2>あなたがいてくれたか</c><3>ら</c><1></c>,か
157.374,157.708,-1,-1,<1></c><2>あなたが居てくれたか</c><3>ら</c><1></c>,か
157.708,158.709,-1,0,<1></c><2>あなたがいてくれたから</c><1></c>,ら
157.708,158.709,-1,-1,<1></c><2>あなたが居てくれたから</c><1></c>,ら
158.709,159.009,-1,0,<1></c><2>つ</c><3>づけられたわえがおのひびおくれた</c><1></c>,つ
158.709,159.476,-1,-1,<1></c><2>続</c><3>けられたわ笑顔の日々送れた</c><1></c>,続
159.009,159.476,-1,0,<1></c><2>つづ</c><3>けられたわえがおのひびおくれた</c><1></c>,づ
159.476,160.01,-1,0,<1></c><2>つづけ</c><3>られたわえがおのひびおくれた</c><1></c>,け
159.476,160.01,-1,-1,<1></c><2>続け</c><3>られたわ笑顔の日々送れた</c><1></c>,け
160.01,160.344,-1,0,<1></c><2>つづけら</c><3>れたわえがおのひびおくれた</c><1></c>,ら
160.01,160.344,-1,-1,<1></c><2>続けら</c><3>れたわ笑顔の日々送れた</c><1></c>,ら
160.344,162.312,-1,0,<1></c><2>つづけられ</c><3>たわえがおのひびおくれた</c><1></c>,れ
160.344,162.312,-1,-1,<1></c><2>続けられ</c><3>たわ笑顔の日々送れた</c><1></c>,れ
162.312,162.679,-1,0,<1></c><2>つづけられた</c><3>わえがおのひびおくれた</c><1></c>,た
162.312,162.679,-1,-1,<1></c><2>続けられた</c><3>わ笑顔の日々送れた</c><1></c>,た
162.679,164.014,-1,0,<1></c><2>つづけられたわ</c><3>えがおのひびおくれた</c><1></c>,わ
162.679,164.014,-1,-1,<1></c><2>続けられたわ</c><3>笑顔の日々送れた</c><1></c>,わ
164.014,164.214,-1,0,<1></c><2>つづけられたわえ</c><3>がおのひびおくれた</c><1></c>,え
164.014,164.214,-1,-1,<1></c><2>続けられたわ笑</c><3>顔の日々送れた</c><1></c>,笑
164.214,164.381,-1,0,<1></c><2>つづけられたわえが</c><3>おのひびおくれた</c><1></c>,が
164.214,164.848,-1,-1,<1></c><2>続けられたわ笑顔</c><3>の日々送れた</c><1></c>,顔
164.381,164.848,-1,0,<1></c><2>つづけられたわえがお</c><3>のひびおくれた</c><1></c>,お
164.848,165.349,-1,0,<1></c><2>つづけられたわえがおの</c><3>ひびおくれた</c><1></c>,の
164.848,165.349,-1,-1,<1></c><2>続けられたわ笑顔の</c><3>日々送れた</c><1></c>,の
165.349,165.716,-1,0,<1></c><2>つづけられたわえがおのひ</c><3>びおくれた</c><1></c>,ひ
165.349,165.716,-1,-1,<1></c><2>続けられたわ笑顔の日</c><3>々送れた</c><1></c>,日
165.716,167.017,-1,0,<1></c><2>つづけられたわえがおのひび</c><3>おくれた</c><1></c>,び
165.716,167.017,-1,-1,<1></c><2>続けられたわ笑顔の日々</c><3>送れた</c><1></c>,々
167.017,167.618,-1,0,<1></c><2>つづけられたわえがおのひびお</c><3>くれた</c><1></c>,お
167.017,167.985,-1,-1,<1></c><2>続けられたわ笑顔の日々送</c><3>れた</c><1></c>,送
167.618,167.985,-1,0,<1></c><2>つづけられたわえがおのひびおく</c><3>れた</c><1></c>,く
167.985,168.118,-1,0,<1></c><2>つづけられたわえがおのひびおくれ</c><3>た</c><1></c>,れ
167.985,168.118,-1,-1,<1></c><2>続けられたわ笑顔の日々送れ</c><3>た</c><1></c>,れ
168.118,169.686,-1,0,<1></c><2>つづけられたわえがおのひびおくれた</c><1></c>,た
168.118,169.686,-1,-1,<1></c><2>続けられたわ笑顔の日々送れた</c><1></c>,た
169.686,170.22,-1,0,<1></c><2>あ</c><3>なたがいなければわたしはながれぼしよ</c><1></c>,あ
169.686,170.22,-1,-1,<1></c><2>あ</c><3>なたがいなければ私は流れ星よ</c><1></c>,あ
170.22,170.687,-1,0,<1></c><2>あな</c><3>たがいなければわたしはながれぼしよ</c><1></c>,な
170.22,170.687,-1,-1,<1></c><2>あな</c><3>たがいなければ私は流れ星よ</c><1></c>,な
170.687,171.054,-1,0,<1></c><2>あなた</c><3>がいなければわたしはながれぼしよ</c><1></c>,た
170.687,171.054,-1,-1,<1></c><2>あなた</c><3>がいなければ私は流れ星よ</c><1></c>,た
171.054,171.788,-1,0,<1></c><2>あなたが</c><3>いなければわたしはながれぼしよ</c><1></c>,が
171.054,171.788,-1,-1,<1></c><2>あなたが</c><3>いなければ私は流れ星よ</c><1></c>,が
171.788,172.055,-1,0,<1></c><2>あなたがい</c><3>なければわたしはながれぼしよ</c><1></c>,い
171.788,172.055,-1,-1,<1></c><2>あなたがい</c><3>なければ私は流れ星よ</c><1></c>,い
172.055,172.589,-1,0,<1></c><2>あなたがいな</c><3>ければわたしはながれぼしよ</c><1></c>,な
172.055,172.589,-1,-1,<1></c><2>あなたがいな</c><3>ければ私は流れ星よ</c><1></c>,な
172.589,173.056,-1,0,<1></c><2>あなたがいなけ</c><3>ればわたしはながれぼしよ</c><1></c>,け
172.589,173.056,-1,-1,<1></c><2>あなたがいなけ</c><3>れば私は流れ星よ</c><1></c>,け
173.056,173.357,-1,0,<1></c><2>あなたがいなけれ</c><3>ばわたしはながれぼしよ</c><1></c>,れ
173.056,173.357,-1,-1,<1></c><2>あなたがいなけれ</c><3>ば私は流れ星よ</c><1></c>,れ
173.357,173.657,-1,0,<1></c><2>あなたがいなければ</c><3>わたしはながれぼしよ</c><1></c>,ば
173.357,173.657,-1,-1,<1></c><2>あなたがいなければ</c><3>私は流れ星よ</c><1></c>,ば
173.657,174.191,-1,0,<1></c><2>あなたがいなければわ</c><3>たしはながれぼしよ</c><1></c>,わ
173.657,174.858,-1,-1,<1></c><2>あなたがいなければ私</c><3>は流れ星よ</c><1></c>,私
174.191,174.691,-1,0,<1></c><2>あなたがいなければわた</c><3>しはながれぼしよ</c><1></c>,た
174.691,174.858,-1,0,<1></c><2>あなたがいなければわたし</c><3>はながれぼしよ</c><1></c>,し
174.858,175.692,-1,0,<1></c><2>あなたがいなければわたしは</c><3>ながれぼしよ</c><1></c>,は
174.858,175.692,-1,-1,<1></c><2>あなたがいなければ私は</c><3>流れ星よ</c><1></c>,は
175.692,176.393,-1,0,<1></c><2>あなたがいなければわたしはな</c><3>がれぼしよ</c><1></c>,な
175.692,178.095,-1,-1,<1></c><2>あなたがいなければ私は流</c><3>れ星よ</c><1></c>,流
176.393,178.095,-1,0,<1></c><2>あなたがいなければわたしはなが</c><3>れぼしよ</c><1></c>,が
178.095,178.362,-1,0,<1></c><2>あなたがいなければわたしはながれ</c><3>ぼしよ</c><1></c>,れ
178.095,178.362,-1,-1,<1></c><2>あなたがいなければ私は流れ</c><3>星よ</c><1></c>,れ
178.362,178.695,-1,0,<1></c><2>あなたがいなければわたしはながれぼ</c><3>しよ</c><1></c>,ぼ
178.362,179.029,-1,-1,<1></c><2>あなたがいなければ私は流れ星</c><3>よ</c><1></c>,星
178.695,179.029,-1,0,<1></c><2>あなたがいなければわたしはながれぼし</c><3>よ</c><1></c>,し
179.029,179.963,-1,0,<1></c><2>あなたがいなければわたしはながれぼしよ</c><1></c>,よ
179.029,179.963,-1,-1,<1></c><2>あなたがいなければ私は流れ星よ</c><1></c>,よ
179.963,180.33,-1,0,<1></c><2>あ</c><3>いのちいさなうたよ</c><1></c>,あ
179.963,180.831,-1,-1,<1></c><2>愛</c><3>の小さな歌よ</c><1></c>,愛
180.33,180.831,-1,0,<1></c><2>あい</c><3>のちいさなうたよ</c><1></c>,い
180.831,181.365,-1,0,<1></c><2>あいの</c><3>ちいさなうたよ</c><1></c>,の
180.831,181.365,-1,-1,<1></c><2>愛の</c><3>小さな歌よ</c><1></c>,の
181.365,181.698,-1,0,<1></c><2>あいのち</c><3>いさなうたよ</c><1></c>,ち
181.365,183.734,-1,-1,<1></c><2>愛の小</c><3>さな歌よ</c><1></c>,小
181.698,183.734,-1,0,<1></c><2>あいのちい</c><3>さなうたよ</c><1></c>,い
183.734,184.101,-1,0,<1></c><2>あいのちいさ</c><3>なうたよ</c><1></c>,さ
183.734,184.101,-1,-1,<1></c><2>愛の小さ</c><3>な歌よ</c><1></c>,さ
184.101,185.402,-1,0,<1></c><2>あいのちいさな</c><3>うたよ</c><1></c>,な
184.101,185.402,-1,-1,<1></c><2>愛の小さな</c><3>歌よ</c><1></c>,な
185.402,185.602,-1,0,<1></c><2>あいのちいさなう</c><3>たよ</c><1></c>,う
185.402,185.736,-1,-1,<1></c><2>愛の小さな歌</c><3>よ</c><1></c>,歌
185.602,185.736,-1,0,<1></c><2>あいのちいさなうた</c><3>よ</c><1></c>,た
185.736,186.17,-1,0,<1></c><2>あいのちいさなうたよ</c><1></c>,よ
185.736,186.17,-1,-1,<1></c><2>愛の小さな歌よ</c><1></c>,よ
186.17,186.703,58,0,<1></c><2>あ</c><3>なたにとってわすれがたいひとでありたいの</c><1></c>,あ
186.17,186.703,-1,-1,<1></c><2>あ</c><3>なたにとって忘れがたい人でありたいの</c><1></c>,あ
186.703,187.037,58,0,<1></c><2>あな</c><3>たにとってわすれがたいひとでありたいの</c><1></c>,な
186.703,187.037,-1,-1,<1></c><2>あな</c><3>たにとって忘れがたい人でありたいの</c><1></c>,な
187.037,189.039,58,0,<1></c><2>あなた</c><3>にとってわすれがたいひとでありたいの</c><1></c>,た
187.037,189.039,-1,-1,<1></c><2>あなた</c><3>にとって忘れがたい人でありたいの</c><1></c>,た
189.039,189.406,58,0,<1></c><2>あなたに</c><3>とってわすれがたいひとでありたいの</c><1></c>,に
189.039,189.406,-1,-1,<1></c><2>あなたに</c><3>とって忘れがたい人でありたいの</c><1></c>,に
189.406,190.04,58,0,<1></c><2>あなたにと</c><3>ってわすれがたいひとでありたいの</c><1></c>,と
189.406,190.04,-1,-1,<1></c><2>あなたにと</c><3>って忘れがたい人でありたいの</c><1></c>,と
190.04,190.374,58,0,<1></c><2>あなたにとっ</c><3>てわすれがたいひとでありたいの</c><1></c>,っ
190.04,190.374,-1,-1,<1></c><2>あなたにとっ</c><3>て忘れがたい人でありたいの</c><1></c>,っ
190.374,193.277,58,0,<1></c><2>あなたにとって</c><3>わすれがたいひとでありたいの</c><1></c>,て
190.374,193.277,-1,-1,<1></c><2>あなたにとって</c><3>忘れがたい人でありたいの</c><1></c>,て
193.277,193.71,58,0,<1></c><2>あなたにとってわ</c><3>すれがたいひとでありたいの</c><1></c>,わ
193.277,194.211,-1,-1,<1></c><2>あなたにとって忘</c><3>れがたい人でありたいの</c><1></c>,忘
193.71,194.211,58,0,<1></c><2>あなたにとってわす</c><3>れがたいひとでありたいの</c><1></c>,す
194.211,194.678,58,0,<1></c><2>あなたにとってわすれ</c><3>がたいひとでありたいの</c><1></c>,れ
194.211,194.678,-1,-1,<1></c><2>あなたにとって忘れ</c><3>がたい人でありたいの</c><1></c>,れ
194.678,195.045,58,0,<1></c><2>あなたにとってわすれが</c><3>たいひとでありたいの</c><1></c>,が
194.678,195.045,-1,-1,<1></c><2>あなたにとって忘れが</c><3>たい人でありたいの</c><1></c>,が
195.045,195.579,58,0,<1></c><2>あなたにとってわすれがた</c><3>いひとでありたいの</c><1></c>,た
195.045,195.579,-1,-1,<1></c><2>あなたにとって忘れがた</c><3>い人でありたいの</c><1></c>,た
195.579,195.979,58,0,<1></c><2>あなたにとってわすれがたい</c><3>ひとでありたいの</c><1></c>,い
195.579,195.979,-1,-1,<1></c><2>あなたにとって忘れがたい</c><3>人でありたいの</c><1></c>,い
195.979,196.246,58,0,<1></c><2>あなたにとってわすれがたいひ</c><3>とでありたいの</c><1></c>,ひ
195.979,197.014,-1,-1,<1></c><2>あなたにとって忘れがたい人</c><3>でありたいの</c><1></c>,人
196.246,197.014,58,0,<1></c><2>あなたにとってわすれがたいひと</c><3>でありたいの</c><1></c>,と
197.014,197.681,58,0,<1></c><2>あなたにとってわすれがたいひとで</c><3>ありたいの</c><1></c>,で
197.014,197.681,-1,-1,<1></c><2>あなたにとって忘れがたい人で</c><3>ありたいの</c><1></c>,で
197.681,199.683,58,0,<1></c><2>あなたにとってわすれがたいひとであ</c><3>りたいの</c><1></c>,あ
197.681,199.683,-1,-1,<1></c><2>あなたにとって忘れがたい人であ</c><3>りたいの</c><1></c>,あ
199.683,200.35,58,0,<1></c><2>あなたにとってわすれがたいひとであり</c><3>たいの</c><1></c>,り
199.683,200.35,-1,-1,<1></c><2>あなたにとって忘れがたい人であり</c><3>たいの</c><1></c>,り
200.35,201.718,58,0,<1></c><2>あなたにとってわすれがたいひとでありた</c><3>いの</c><1></c>,た
200.35,201.718,-1,-1,<1></c><2>あなたにとって忘れがたい人でありた</c><3>いの</c><1></c>,た
201.718,203.02,58,0,<1></c><2>あなたにとってわすれがたいひとでありたい</c><3>の</c><1></c>,い
201.718,203.02,-1,-1,<1></c><2>あなたにとって忘れがたい人でありたい</c><3>の</c><1></c>,い
203.02,206.19,58,0,<1></c><2>あなたにとってわすれがたいひとでありたいの</c><1></c>,の
203.02,206.19,-1,-1,<1></c><2>あなたにとって忘れがたい人でありたいの</c><1></c>,の
219.636,220.003,59,0,<1></c><2>よ</c><3>るはせいじゃくでかぜがはだをさがしている</c><1></c>,よ
219.636,220.204,-1,-1,<1></c><2>夜</c><3>は静寂で風が肌を探している</c><1></c>,夜
220.003,220.204,59,0,<1></c><2>よる</c><3>はせいじゃくでかぜがはだをさがしている</c><1></c>,る
220.204,221.004,59,0,<1></c><2>よるは</c><3>せいじゃくでかぜがはだをさがしている</c><1></c>,は
220.204,221.004,-1,-1,<1></c><2>夜は</c><3>静寂で風が肌を探している</c><1></c>,は
221.004,221.305,59,0,<1></c><2>よるはせ</c><3>いじゃくでかぜがはだをさがしている</c><1></c>,せ
221.004,221.705,-1,-1,<1></c><2>夜は静</c><3>寂で風が肌を探している</c><1></c>,静
221.305,221.705,59,0,<1></c><2>よるはせい</c><3>じゃくでかぜがはだをさがしている</c><1></c>,い
221.705,222.005,59,0,<1></c><2>よるはせいじゃ</c><3>くでかぜがはだをさがしている</c><1></c>,じゃ
221.705,222.172,-1,-1,<1></c><2>夜は静寂</c><3>で風が肌を探している</c><1></c>,寂
222.005,222.172,59,0,<1></c><2>よるはせいじゃく</c><3>でかぜがはだをさがしている</c><1></c>,く
222.172,224.975,59,0,<1></c><2>よるはせいじゃくで</c><3>かぜがはだをさがしている</c><1></c>,で
222.172,224.975,-1,-1,<1></c><2>夜は静寂で</c><3>風が肌を探している</c><1></c>,で
224.975,225.375,59,0,<1></c><2>よるはせいじゃくでか</c><3>ぜがはだをさがしている</c><1></c>,か
224.975,225.709,-1,-1,<1></c><2>夜は静寂で風</c><3>が肌を探している</c><1></c>,風
225.375,225.709,59,0,<1></c><2>よるはせいじゃくでかぜ</c><3>がはだをさがしている</c><1></c>,ぜ
225.709,226.31,59,0,<1></c><2>よるはせいじゃくでかぜが</c><3>はだをさがしている</c><1></c>,が
225.709,226.31,-1,-1,<1></c><2>夜は静寂で風が</c><3>肌を探している</c><1></c>,が
226.31,226.643,59,0,<1></c><2>よるはせいじゃくでかぜがは</c><3>だをさがしている</c><1></c>,は
226.31,227.01,-1,-1,<1></c><2>夜は静寂で風が肌</c><3>を探している</c><1></c>,肌
226.643,227.01,59,0,<1></c><2>よるはせいじゃくでかぜがはだ</c><3>をさがしている</c><1></c>,だ
227.01,227.344,59,0,<1></c><2>よるはせいじゃくでかぜがはだを</c><3>さがしている</c><1></c>,を
227.01,227.344,-1,-1,<1></c><2>夜は静寂で風が肌を</c><3>探している</c><1></c>,を
227.344,227.511,59,0,<1></c><2>よるはせいじゃくでかぜがはだをさ</c><3>がしている</c><1></c>,さ
227.344,228.011,-1,-1,<1></c><2>夜は静寂で風が肌を探</c><3>している</c><1></c>,探
227.511,228.011,59,0,<1></c><2>よるはせいじゃくでかぜがはだをさが</c><3>している</c><1></c>,が
228.011,228.178,59,0,<1></c><2>よるはせいじゃくでかぜがはだをさがし</c><3>ている</c><1></c>,し
228.011,228.178,-1,-1,<1></c><2>夜は静寂で風が肌を探し</c><3>ている</c><1></c>,し
228.178,228.512,59,0,<1></c><2>よるはせいじゃくでかぜがはだをさがして</c><3>いる</c><1></c>,て
228.178,228.512,-1,-1,<1></c><2>夜は静寂で風が肌を探して</c><3>いる</c><1></c>,て
228.512,228.679,59,0,<1></c><2>よるはせいじゃくでかぜがはだをさがしてい</c><3>る</c><1></c>,い
228.512,228.679,-1,-1,<1></c><2>夜は静寂で風が肌を探してい</c><3>る</c><1></c>,い
228.679,230.347,59,0,<1></c><2>よるはせいじゃくでかぜがはだをさがしている</c><1></c>,る
228.679,230.347,-1,-1,<1></c><2>夜は静寂で風が肌を探している</c><1></c>,る
230.347,230.647,-1,0,<1></c><2>す</c><3>こしねむたいめとつきのねいろ</c><1></c>,す
230.347,230.881,-1,-1,<1></c><2>少</c><3>し眠たい目と月の音色</c><1></c>,少
230.647,230.881,-1,0,<1></c><2>すこ</c><3>しねむたいめとつきのねいろ</c><1></c>,こ
230.881,231.315,-1,0,<1></c><2>すこし</c><3>ねむたいめとつきのねいろ</c><1></c>,し
230.881,231.315,-1,-1,<1></c><2>少し</c><3>眠たい目と月の音色</c><1></c>,し
231.315,231.648,-1,0,<1></c><2>すこしね</c><3>むたいめとつきのねいろ</c><1></c>,ね
231.315,232.015,-1,-1,<1></c><2>少し眠</c><3>たい目と月の音色</c><1></c>,眠
231.648,232.015,-1,0,<1></c><2>すこしねむ</c><3>たいめとつきのねいろ</c><1></c>,む
232.015,232.349,-1,0,<1></c><2>すこしねむた</c><3>いめとつきのねいろ</c><1></c>,た
232.015,232.349,-1,-1,<1></c><2>少し眠た</c><3>い目と月の音色</c><1></c>,た
232.349,232.816,-1,0,<1></c><2>すこしねむたい</c><3>めとつきのねいろ</c><1></c>,い
232.349,232.816,-1,-1,<1></c><2>少し眠たい</c><3>目と月の音色</c><1></c>,い
232.816,233.35,-1,0,<1></c><2>すこしねむたいめ</c><3>とつきのねいろ</c><1></c>,め
232.816,233.35,-1,-1,<1></c><2>少し眠たい目</c><3>と月の音色</c><1></c>,目
233.35,234.351,-1,0,<1></c><2>すこしねむたいめと</c><3>つきのねいろ</c><1></c>,と
233.35,234.351,-1,-1,<1></c><2>少し眠たい目と</c><3>月の音色</c><1></c>,と
234.351,235.018,-1,0,<1></c><2>すこしねむたいめとつ</c><3>きのねいろ</c><1></c>,つ
234.351,236.286,-1,-1,<1></c><2>少し眠たい目と月</c><3>の音色</c><1></c>,月
235.018,236.286,-1,0,<1></c><2>すこしねむたいめとつき</c><3>のねいろ</c><1></c>,き
236.286,236.954,-1,0,<1></c><2>すこしねむたいめとつきの</c><3>ねいろ</c><1></c>,の
236.286,236.954,-1,-1,<1></c><2>少し眠たい目と月の</c><3>音色</c><1></c>,の
236.954,237.321,-1,0,<1></c><2>すこしねむたいめとつきのね</c><3>いろ</c><1></c>,ね
236.954,237.321,-1,-1,<1></c><2>少し眠たい目と月の音</c><3>色</c><1></c>,音
237.321,237.487,-1,0,<1></c><2>すこしねむたいめとつきのねい</c><3>ろ</c><1></c>,い
237.321,241.325,-1,-1,<1></c><2>少し眠たい目と月の音色</c><1></c>,色
237.487,241.325,-1,0,<1></c><2>すこしねむたいめとつきのねいろ</c><1></c>,ろ
241.325,241.692,-1,0,<1></c><2>あ</c><3>いしていますほねがとけそうなほど</c><1></c>,あ
241.325,242.159,-1,-1,<1></c><2>愛</c><3>しています骨が溶けそうなほど</c><1></c>,愛
241.692,242.159,-1,0,<1></c><2>あい</c><3>していますほねがとけそうなほど</c><1></c>,い
242.159,242.659,-1,0,<1></c><2>あいし</c><3>ていますほねがとけそうなほど</c><1></c>,し
242.159,242.659,-1,-1,<1></c><2>愛し</c><3>ています骨が溶けそうなほど</c><1></c>,し
242.659,243.026,-1,0,<1></c><2>あいして</c><3>いますほねがとけそうなほど</c><1></c>,て
242.659,243.026,-1,-1,<1></c><2>愛して</c><3>います骨が溶けそうなほど</c><1></c>,て
243.026,245.028,-1,0,<1></c><2>あいしてい</c><3>ますほねがとけそうなほど</c><1></c>,い
243.026,245.028,-1,-1,<1></c><2>愛してい</c><3>ます骨が溶けそうなほど</c><1></c>,い
245.028,245.395,-1,0,<1></c><2>あいしていま</c><3>すほねがとけそうなほど</c><1></c>,ま
245.028,245.395,-1,-1,<1></c><2>愛していま</c><3>す骨が溶けそうなほど</c><1></c>,ま
245.395,246.73,-1,0,<1></c><2>あいしています</c><3>ほねがとけそうなほど</c><1></c>,す
245.395,246.73,-1,-1,<1></c><2>愛しています</c><3>骨が溶けそうなほど</c><1></c>,す
246.73,246.897,-1,0,<1></c><2>あいしていますほ</c><3>ねがとけそうなほど</c><1></c>,ほ
246.73,247.064,-1,-1,<1></c><2>愛しています骨</c><3>が溶けそうなほど</c><1></c>,骨
246.897,247.064,-1,0,<1></c><2>あいしていますほね</c><3>がとけそうなほど</c><1></c>,ね
247.064,247.531,-1,0,<1></c><2>あいしていますほねが</c><3>とけそうなほど</c><1></c>,が
247.064,247.531,-1,-1,<1></c><2>愛しています骨が</c><3>溶けそうなほど</c><1></c>,が
247.531,247.998,-1,0,<1></c><2>あいしていますほねがと</c><3>けそうなほど</c><1></c>,と
247.531,247.998,-1,-1,<1></c><2>愛しています骨が溶</c><3>けそうなほど</c><1></c>,溶
247.998,248.365,-1,0,<1></c><2>あいしていますほねがとけ</c><3>そうなほど</c><1></c>,け
247.998,248.365,-1,-1,<1></c><2>愛しています骨が溶け</c><3>そうなほど</c><1></c>,け
248.365,249.666,-1,0,<1></c><2>あいしていますほねがとけそ</c><3>うなほど</c><1></c>,そ
248.365,249.666,-1,-1,<1></c><2>愛しています骨が溶けそ</c><3>うなほど</c><1></c>,そ
249.666,250.367,-1,0,<1></c><2>あいしていますほねがとけそう</c><3>なほど</c><1></c>,う
249.666,250.367,-1,-1,<1></c><2>愛しています骨が溶けそう</c><3>なほど</c><1></c>,う
250.367,250.667,-1,0,<1></c><2>あいしていますほねがとけそうな</c><3>ほど</c><1></c>,な
250.367,250.667,-1,-1,<1></c><2>愛しています骨が溶けそうな</c><3>ほど</c><1></c>,な
250.667,250.867,-1,0,<1></c><2>あいしていますほねがとけそうなほ</c><3>ど</c><1></c>,ほ
250.667,250.867,-1,-1,<1></c><2>愛しています骨が溶けそうなほ</c><3>ど</c><1></c>,ほ
250.867,252.336,-1,0,<1></c><2>あいしていますほねがとけそうなほど</c><1></c>,ど
250.867,252.336,-1,-1,<1></c><2>愛しています骨が溶けそうなほど</c><1></c>,ど
252.336,252.903,69,0,<1></c><2>あ</c><3>なたがいなければわたしはほしのようにかがやけぬまま</c><1></c>,あ
252.336,252.903,-1,-1,<1></c><2>あ</c><3>なたがいなければ私は星のように輝けぬまま</c><1></c>,あ
252.903,253.403,69,0,<1></c><2>あな</c><3>たがいなければわたしはほしのようにかがやけぬまま</c><1></c>,な
252.903,253.403,-1,-1,<1></c><2>あな</c><3>たがいなければ私は星のように輝けぬまま</c><1></c>,な
253.403,253.704,69,0,<1></c><2>あなた</c><3>がいなければわたしはほしのようにかがやけぬまま</c><1></c>,た
253.403,253.704,-1,-1,<1></c><2>あなた</c><3>がいなければ私は星のように輝けぬまま</c><1></c>,た
253.704,254.371,69,0,<1></c><2>あなたが</c><3>いなければわたしはほしのようにかがやけぬまま</c><1></c>,が
253.704,254.371,-1,-1,<1></c><2>あなたが</c><3>いなければ私は星のように輝けぬまま</c><1></c>,が
254.371,254.705,69,0,<1></c><2>あなたがい</c><3>なければわたしはほしのようにかがやけぬまま</c><1></c>,い
254.371,254.705,-1,-1,<1></c><2>あなたがい</c><3>なければ私は星のように輝けぬまま</c><1></c>,い
254.705,255.205,69,0,<1></c><2>あなたがいな</c><3>ければわたしはほしのようにかがやけぬまま</c><1></c>,な
254.705,255.205,-1,-1,<1></c><2>あなたがいな</c><3>ければ私は星のように輝けぬまま</c><1></c>,な
255.205,255.706,69,0,<1></c><2>あなたがいなけ</c><3>ればわたしはほしのようにかがやけぬまま</c><1></c>,け
255.205,255.706,-1,-1,<1></c><2>あなたがいなけ</c><3>れば私は星のように輝けぬまま</c><1></c>,け
255.706,256.039,69,0,<1></c><2>あなたがいなけれ</c><3>ばわたしはほしのようにかがやけぬまま</c><1></c>,れ
255.706,256.039,-1,-1,<1></c><2>あなたがいなけれ</c><3>ば私は星のように輝けぬまま</c><1></c>,れ
256.039,256.406,69,0,<1></c><2>あなたがいなければ</c><3>わたしはほしのようにかがやけぬまま</c><1></c>,ば
256.039,256.406,-1,-1,<1></c><2>あなたがいなければ</c><3>私は星のように輝けぬまま</c><1></c>,ば
256.406,256.873,69,0,<1></c><2>あなたがいなければわ</c><3>たしはほしのようにかがやけぬまま</c><1></c>,わ
256.406,257.507,-1,-1,<1></c><2>あなたがいなければ私</c><3>は星のように輝けぬまま</c><1></c>,私
256.873,257.374,69,0,<1></c><2>あなたがいなければわた</c><3>しはほしのようにかがやけぬまま</c><1></c>,た
257.374,257.507,69,0,<1></c><2>あなたがいなければわたし</c><3>はほしのようにかがやけぬまま</c><1></c>,し
257.507,258.342,69,0,<1></c><2>あなたがいなければわたしは</c><3>ほしのようにかがやけぬまま</c><1></c>,は
257.507,258.342,-1,-1,<1></c><2>あなたがいなければ私は</c><3>星のように輝けぬまま</c><1></c>,は
258.342,259.076,69,0,<1></c><2>あなたがいなければわたしはほ</c><3>しのようにかがやけぬまま</c><1></c>,ほ
258.342,260.711,-1,-1,<1></c><2>あなたがいなければ私は星</c><3>のように輝けぬまま</c><1></c>,星
259.076,260.711,69,0,<1></c><2>あなたがいなければわたしはほし</c><3>のようにかがやけぬまま</c><1></c>,し
260.711,261.011,69,0,<1></c><2>あなたがいなければわたしはほしの</c><3>ようにかがやけぬまま</c><1></c>,の
260.711,261.011,-1,-1,<1></c><2>あなたがいなければ私は星の</c><3>ように輝けぬまま</c><1></c>,の
261.011,261.378,69,0,<1></c><2>あなたがいなければわたしはほしのよ</c><3>うにかがやけぬまま</c><1></c>,よ
261.011,261.378,-1,-1,<1></c><2>あなたがいなければ私は星のよ</c><3>うに輝けぬまま</c><1></c>,よ
261.378,261.712,69,0,<1></c><2>あなたがいなければわたしはほしのよう</c><3>にかがやけぬまま</c><1></c>,う
261.378,261.712,-1,-1,<1></c><2>あなたがいなければ私は星のよう</c><3>に輝けぬまま</c><1></c>,う
261.712,262.646,69,0,<1></c><2>あなたがいなければわたしはほしのように</c><3>かがやけぬまま</c><1></c>,に
261.712,262.646,-1,-1,<1></c><2>あなたがいなければ私は星のように</c><3>輝けぬまま</c><1></c>,に
262.646,263.013,69,0,<1></c><2>あなたがいなければわたしはほしのようにか</c><3>がやけぬまま</c><1></c>,か
262.646,263.947,-1,-1,<1></c><2>あなたがいなければ私は星のように輝</c><3>けぬまま</c><1></c>,輝
263.013,263.48,69,0,<1></c><2>あなたがいなければわたしはほしのようにかが</c><3>やけぬまま</c><1></c>,が
263.48,263.947,69,0,<1></c><2>あなたがいなければわたしはほしのようにかがや</c><3>けぬまま</c><1></c>,や
263.947,264.314,69,0,<1></c><2>あなたがいなければわたしはほしのようにかがやけ</c><3>ぬまま</c><1></c>,け
263.947,264.314,-1,-1,<1></c><2>あなたがいなければ私は星のように輝け</c><3>ぬまま</c><1></c>,け
264.314,266.35,69,0,<1></c><2>あなたがいなければわたしはほしのようにかがやけぬ</c><3>まま</c><1></c>,ぬ
264.314,266.35,-1,-1,<1></c><2>あなたがいなければ私は星のように輝けぬ</c><3>まま</c><1></c>,ぬ
266.35,266.717,69,0,<1></c><2>あなたがいなければわたしはほしのようにかがやけぬま</c><3>ま</c><1></c>,ま
266.35,266.717,-1,-1,<1></c><2>あなたがいなければ私は星のように輝けぬま</c><3>ま</c><1></c>,ま
266.717,268.051,69,0,<1></c><2>あなたがいなければわたしはほしのようにかがやけぬまま</c><1></c>,ま
266.717,268.051,-1,-1,<1></c><2>あなたがいなければ私は星のように輝けぬまま</c><1></c>,ま
268.051,268.218,-1,0,<1></c><2>あ</c><3>いのちいさなうたは</c><1></c>,あ
268.051,268.385,-1,-1,<1></c><2>愛</c><3>の小さな歌は</c><1></c>,愛
268.218,268.385,-1,0,<1></c><2>あい</c><3>のちいさなうたは</c><1></c>,い
268.385,268.852,-1,0,<1></c><2>あいの</c><3>ちいさなうたは</c><1></c>,の
268.385,268.852,-1,-1,<1></c><2>愛の</c><3>小さな歌は</c><1></c>,の
268.852,269.286,-1,0,<1></c><2>あいのち</c><3>いさなうたは</c><1></c>,ち
268.852,269.653,-1,-1,<1></c><2>愛の小</c><3>さな歌は</c><1></c>,小
269.286,269.653,-1,0,<1></c><2>あいのちい</c><3>さなうたは</c><1></c>,い
269.653,271.622,-1,0,<1></c><2>あいのちいさ</c><3>なうたは</c><1></c>,さ
269.653,271.622,-1,-1,<1></c><2>愛の小さ</c><3>な歌は</c><1></c>,さ
271.622,272.089,-1,0,<1></c><2>あいのちいさな</c><3>うたは</c><1></c>,な
271.622,272.089,-1,-1,<1></c><2>愛の小さな</c><3>歌は</c><1></c>,な
272.089,272.623,-1,0,<1></c><2>あいのちいさなう</c><3>たは</c><1></c>,う
272.089,272.99,-1,-1,<1></c><2>愛の小さな歌</c><3>は</c><1></c>,歌
272.623,272.99,-1,0,<1></c><2>あいのちいさなうた</c><3>は</c><1></c>,た
272.99,276.026,-1,0,<1></c><2>あいのちいさなうたは</c><1></c>,は
272.99,276.026,-1,-1,<1></c><2>愛の小さな歌は</c><1></c>,は
276.026,276.193,-1,0,<1></c><2>た</c><3>だあなたがきいてくれるだけでいい</c><1></c>,た
276.026,276.193,-1,-1,<1></c><2>た</c><3>だあなたが聴いてくれるだけでいい</c><1></c>,た
276.193,276.36,-1,0,<1></c><2>ただ</c><3>あなたがきいてくれるだけでいい</c><1></c>,だ
276.193,276.36,-1,-1,<1></c><2>ただ</c><3>あなたが聴いてくれるだけでいい</c><1></c>,だ
276.36,276.86,-1,0,<1></c><2>ただあ</c><3>なたがきいてくれるだけでいい</c><1></c>,あ
276.36,276.86,-1,-1,<1></c><2>ただあ</c><3>なたが聴いてくれるだけでいい</c><1></c>,あ
276.86,277.327,-1,0,<1></c><2>ただあな</c><3>たがきいてくれるだけでいい</c><1></c>,な
276.86,277.327,-1,-1,<1></c><2>ただあな</c><3>たが聴いてくれるだけでいい</c><1></c>,な
277.327,277.661,-1,0,<1></c><2>ただあなた</c><3>がきいてくれるだけでいい</c><1></c>,た
277.327,277.661,-1,-1,<1></c><2>ただあなた</c><3>が聴いてくれるだけでいい</c><1></c>,た
277.661,278.195,-1,0,<1></c><2>ただあなたが</c><3>きいてくれるだけでいい</c><1></c>,が
277.661,278.195,-1,-1,<1></c><2>ただあなたが</c><3>聴いてくれるだけでいい</c><1></c>,が
278.195,278.562,-1,0,<1></c><2>ただあなたがき</c><3>いてくれるだけでいい</c><1></c>,き
278.195,278.562,-1,-1,<1></c><2>ただあなたが聴</c><3>いてくれるだけでいい</c><1></c>,聴
278.562,278.829,-1,0,<1></c><2>ただあなたがきい</c><3>てくれるだけでいい</c><1></c>,い
278.562,278.829,-1,-1,<1></c><2>ただあなたが聴い</c><3>てくれるだけでいい</c><1></c>,い
278.829,279.696,-1,0,<1></c><2>ただあなたがきいて</c><3>くれるだけでいい</c><1></c>,て
278.829,279.696,-1,-1,<1></c><2>ただあなたが聴いて</c><3>くれるだけでいい</c><1></c>,て
279.696,280.364,-1,0,<1></c><2>ただあなたがきいてく</c><3>れるだけでいい</c><1></c>,く
279.696,280.364,-1,-1,<1></c><2>ただあなたが聴いてく</c><3>れるだけでいい</c><1></c>,く
280.364,282.332,-1,0,<1></c><2>ただあなたがきいてくれ</c><3>るだけでいい</c><1></c>,れ
280.364,282.332,-1,-1,<1></c><2>ただあなたが聴いてくれ</c><3>るだけでいい</c><1></c>,れ
282.332,283.033,-1,0,<1></c><2>ただあなたがきいてくれる</c><3>だけでいい</c><1></c>,る
282.332,283.033,-1,-1,<1></c><2>ただあなたが聴いてくれる</c><3>だけでいい</c><1></c>,る
283.033,284.368,-1,0,<1></c><2>ただあなたがきいてくれるだ</c><3>けでいい</c><1></c>,だ
283.033,284.368,-1,-1,<1></c><2>ただあなたが聴いてくれるだ</c><3>けでいい</c><1></c>,だ
284.368,284.868,-1,0,<1></c><2>ただあなたがきいてくれるだけ</c><3>でいい</c><1></c>,け
284.368,284.868,-1,-1,<1></c><2>ただあなたが聴いてくれるだけ</c><3>でいい</c><1></c>,け
284.868,285.369,-1,0,<1></c><2>ただあなたがきいてくれるだけで</c><3>いい</c><1></c>,で
284.868,285.369,-1,-1,<1></c><2>ただあなたが聴いてくれるだけで</c><3>いい</c><1></c>,で
285.369,285.669,-1,0,<1></c><2>ただあなたがきいてくれるだけでい</c><3>い</c><1></c>,い
285.369,285.669,-1,-1,<1></c><2>ただあなたが聴いてくれるだけでい</c><3>い</c><1></c>,い
285.669,288.071,-1,0,<1></c><2>ただあなたがきいてくれるだけでいい</c><1></c>,い
285.669,288.071,-1,-1,<1></c><2>ただあなたが聴いてくれるだけでいい</c><1></c>,い
