start,end,position,line,text,token
10.461,12.529,-1,92,<1></c><2>vocals：ハコス・ベールズ</c><1></c>,vocals：ハコス・ベールズ
10.461,18.802,-1,0,<1></c><2>暁／志方あきこ</c><1></c><2>(coveredbyハコス・ベールズ)</c><1></c>,暁／志方あきこ(coveredbyハコス・ベールズ)
12.529,14.665,-1,91,<1></c><2>mix：妃舞ゆにこ</c><1></c><2>編曲：奥村アキラ</c><1></c>,mix：妃舞ゆにこ編曲：奥村アキラ
14.665,16.7,-1,92,<1></c><2>art：武藤此史</c><1></c>,art：武藤此史
16.7,18.802,-1,92,<1></c><2>movie：ねびる</c><1></c>,movie：ねびる
21.839,23.04,-1,92,<1></c><2>戻</c><3>らない日々に涙零して</c><1></c>,戻
21.839,22.406,-1,0,<1></c><2>も</c><3>どらないひびになみだこぼして</c><1></c>,も
22.406,23.04,-1,0,<1></c><2>もど</c><3>らないひびになみだこぼして</c><1></c>,ど
23.04,23.607,-1,92,<1></c><2>戻ら</c><3>ない日々に涙零して</c><1></c>,ら
23.04,23.607,-1,0,<1></c><2>もどら</c><3>ないひびになみだこぼして</c><1></c>,ら
23.607,24.208,-1,92,<1></c><2>戻らな</c><3>い日々に涙零して</c><1></c>,な
23.607,24.208,-1,0,<1></c><2>もどらな</c><3>いひびになみだこぼして</c><1></c>,な
24.208,24.775,-1,92,<1></c><2>戻らない</c><3>日々に涙零して</c><1></c>,い
24.208,24.775,-1,0,<1></c><2>もどらない</c><3>ひびになみだこぼして</c><1></c>,い
24.775,25.075,-1,92,<1></c><2>戻らない日</c><3>々に涙零して</c><1></c>,日
24.775,25.075,-1,0,<1></c><2>もどらないひ</c><3>びになみだこぼして</c><1></c>,ひ
25.075,25.676,-1,92,<1></c><2>戻らない日々</c><3>に涙零して</c><1></c>,々
25.075,25.676,-1,0,<1></c><2>もどらないひび</c><3>になみだこぼして</c><1></c>,び
25.676,26.744,-1,92,<1></c><2>戻らない日々に</c><3>涙零して</c><1></c>,に
25.676,26.744,-1,0,<1></c><2>もどらないひびに</c><3>なみだこぼして</c><1></c>,に
26.744,28.178,-1,92,<1></c><2>戻らない日々に涙</c><3>零して</c><1></c>,涙
26.744,27.011,-1,0,<1></c><2>もどらないひびにな</c><3>みだこぼして</c><1></c>,な
27.011,27.344,-1,0,<1></c><2>もどらないひびになみ</c><3>だこぼして</c><1></c>,み
27.344,28.178,-1,0,<1></c><2>もどらないひびになみだ</c><3>こぼして</c><1></c>,だ
28.178,29.046,-1,92,<1></c><2>戻らない日々に涙零</c><3>して</c><1></c>,零
28.178,28.479,-1,0,<1></c><2>もどらないひびになみだこ</c><3>ぼして</c><1></c>,こ
28.479,29.046,-1,0,<1></c><2>もどらないひびになみだこぼ</c><3>して</c><1></c>,ぼ
29.046,29.747,-1,92,<1></c><2>戻らない日々に涙零し</c><3>て</c><1></c>,し
29.046,29.747,-1,0,<1></c><2>もどらないひびになみだこぼし</c><3>て</c><1></c>,し
29.747,30.814,-1,92,<1></c><2>戻らない日々に涙零して</c><1></c>,て
29.747,30.814,-1,0,<1></c><2>もどらないひびになみだこぼして</c><1></c>,て
30.814,31.081,-1,92,<1></c><2>見</c><3>上げた空はあかくあかく燃える</c><1></c>,見
30.814,31.081,-1,0,<1></c><2>み</c><3>あげたそらはあかくあかくもえる</c><1></c>,み
31.081,31.382,-1,92,<1></c><2>見上</c><3>げた空はあかくあかく燃える</c><1></c>,上
31.081,31.382,-1,0,<1></c><2>みあ</c><3>げたそらはあかくあかくもえる</c><1></c>,あ
31.382,31.882,-1,92,<1></c><2>見上げ</c><3>た空はあかくあかく燃える</c><1></c>,げ
31.382,31.882,-1,0,<1></c><2>みあげ</c><3>たそらはあかくあかくもえる</c><1></c>,げ
31.882,32.416,-1,92,<1></c><2>見上げた</c><3>空はあかくあかく燃える</c><1></c>,た
31.882,32.416,-1,0,<1></c><2>みあげた</c><3>そらはあかくあかくもえる</c><1></c>,た
32.416,33.183,-1,92,<1></c><2>見上げた空</c><3>はあかくあかく燃える</c><1></c>,空
32.416,32.95,-1,0,<1></c><2>みあげたそ</c><3>らはあかくあかくもえる</c><1></c>,そ
32.95,33.183,-1,0,<1></c><2>みあげたそら</c><3>はあかくあかくもえる</c><1></c>,ら
33.183,33.484,-1,92,<1></c><2>見上げた空は</c><3>あかくあかく燃える</c><1></c>,は
33.183,33.484,-1,0,<1></c><2>みあげたそらは</c><3>あかくあかくもえる</c><1></c>,は
33.484,34.284,-1,92,<1></c><2>見上げた空はあ</c><3>かくあかく燃える</c><1></c>,あ
33.484,34.284,-1,0,<1></c><2>みあげたそらはあ</c><3>かくあかくもえる</c><1></c>,あ
34.284,34.618,-1,92,<1></c><2>見上げた空はあか</c><3>くあかく燃える</c><1></c>,か
34.284,34.618,-1,0,<1></c><2>みあげたそらはあか</c><3>くあかくもえる</c><1></c>,か
34.618,35.586,-1,92,<1></c><2>見上げた空はあかく</c><3>あかく燃える</c><1></c>,く
34.618,35.586,-1,0,<1></c><2>みあげたそらはあかく</c><3>あかくもえる</c><1></c>,く
35.586,36.12,-1,92,<1></c><2>見上げた空はあかくあ</c><3>かく燃える</c><1></c>,あ
35.586,36.12,-1,0,<1></c><2>みあげたそらはあかくあ</c><3>かくもえる</c><1></c>,あ
36.12,36.754,-1,92,<1></c><2>見上げた空はあかくあか</c><3>く燃える</c><1></c>,か
36.12,36.754,-1,0,<1></c><2>みあげたそらはあかくあか</c><3>くもえる</c><1></c>,か
36.754,37.254,-1,92,<1></c><2>見上げた空はあかくあかく</c><3>燃える</c><1></c>,く
36.754,37.254,-1,0,<1></c><2>みあげたそらはあかくあかく</c><3>もえる</c><1></c>,く
37.254,37.488,-1,92,<1></c><2>見上げた空はあかくあかく燃</c><3>える</c><1></c>,燃
37.254,37.488,-1,0,<1></c><2>みあげたそらはあかくあかくも</c><3>える</c><1></c>,も
37.488,38.155,-1,92,<1></c><2>見上げた空はあかくあかく燃え</c><3>る</c><1></c>,え
37.488,38.155,-1,0,<1></c><2>みあげたそらはあかくあかくもえ</c><3>る</c><1></c>,え
38.155,40.724,-1,92,<1></c><2>見上げた空はあかくあかく燃える</c><1></c>,る
38.155,40.724,-1,0,<1></c><2>みあげたそらはあかくあかくもえる</c><1></c>,る
40.724,41.258,-1,92,<1></c><2>自</c><3>分の強さ弱さ気づけたのなら今</c><1></c>,自
40.724,41.258,-1,0,<1></c><2>じ</c><3>ぶんのつよさよわさきづけたのならいま</c><1></c>,じ
41.258,42.259,-1,92,<1></c><2>自分</c><3>の強さ弱さ気づけたのなら今</c><1></c>,分
41.258,41.792,-1,0,<1></c><2>じぶ</c><3>んのつよさよわさきづけたのならいま</c><1></c>,ぶ
41.792,42.259,-1,0,<1></c><2>じぶん</c><3>のつよさよわさきづけたのならいま</c><1></c>,ん
42.259,42.826,-1,92,<1></c><2>自分の</c><3>強さ弱さ気づけたのなら今</c><1></c>,の
42.259,42.826,-1,0,<1></c><2>じぶんの</c><3>つよさよわさきづけたのならいま</c><1></c>,の
42.826,43.594,-1,92,<1></c><2>自分の強</c><3>さ弱さ気づけたのなら今</c><1></c>,強
42.826,43.293,-1,0,<1></c><2>じぶんのつ</c><3>よさよわさきづけたのならいま</c><1></c>,つ
43.293,43.594,-1,0,<1></c><2>じぶんのつよ</c><3>さよわさきづけたのならいま</c><1></c>,よ
43.594,43.861,-1,92,<1></c><2>自分の強さ</c><3>弱さ気づけたのなら今</c><1></c>,さ
43.594,43.861,-1,0,<1></c><2>じぶんのつよさ</c><3>よわさきづけたのならいま</c><1></c>,さ
43.861,44.862,-1,92,<1></c><2>自分の強さ弱</c><3>さ気づけたのなら今</c><1></c>,弱
43.861,44.361,-1,0,<1></c><2>じぶんのつよさよ</c><3>わさきづけたのならいま</c><1></c>,よ
44.361,44.862,-1,0,<1></c><2>じぶんのつよさよわ</c><3>さきづけたのならいま</c><1></c>,わ
44.862,45.929,-1,92,<1></c><2>自分の強さ弱さ</c><3>気づけたのなら今</c><1></c>,さ
44.862,45.929,-1,0,<1></c><2>じぶんのつよさよわさ</c><3>きづけたのならいま</c><1></c>,さ
45.929,46.196,-1,92,<1></c><2>自分の強さ弱さ気</c><3>づけたのなら今</c><1></c>,気
45.929,46.196,-1,0,<1></c><2>じぶんのつよさよわさき</c><3>づけたのならいま</c><1></c>,き
46.196,46.43,-1,92,<1></c><2>自分の強さ弱さ気づ</c><3>けたのなら今</c><1></c>,づ
46.196,46.43,-1,0,<1></c><2>じぶんのつよさよわさきづ</c><3>けたのならいま</c><1></c>,づ
46.43,46.697,-1,92,<1></c><2>自分の強さ弱さ気づけ</c><3>たのなら今</c><1></c>,け
46.43,46.697,-1,0,<1></c><2>じぶんのつよさよわさきづけ</c><3>たのならいま</c><1></c>,け
46.697,46.964,-1,92,<1></c><2>自分の強さ弱さ気づけた</c><3>のなら今</c><1></c>,た
46.697,46.964,-1,0,<1></c><2>じぶんのつよさよわさきづけた</c><3>のならいま</c><1></c>,た
46.964,47.464,-1,92,<1></c><2>自分の強さ弱さ気づけたの</c><3>なら今</c><1></c>,の
46.964,47.464,-1,0,<1></c><2>じぶんのつよさよわさきづけたの</c><3>ならいま</c><1></c>,の
47.464,47.998,-1,92,<1></c><2>自分の強さ弱さ気づけたのな</c><3>ら今</c><1></c>,な
47.464,47.998,-1,0,<1></c><2>じぶんのつよさよわさきづけたのな</c><3>らいま</c><1></c>,な
47.998,49.566,-1,92,<1></c><2>自分の強さ弱さ気づけたのなら</c><3>今</c><1></c>,ら
47.998,49.566,-1,0,<1></c><2>じぶんのつよさよわさきづけたのなら</c><3>いま</c><1></c>,ら
49.566,53.237,-1,92,<1></c><2>自分の強さ弱さ気づけたのなら今</c><1></c>,今
49.566,50.134,-1,0,<1></c><2>じぶんのつよさよわさきづけたのならい</c><3>ま</c><1></c>,い
50.134,53.237,-1,0,<1></c><2>じぶんのつよさよわさきづけたのならいま</c><1></c>,ま
53.237,54.238,-1,92,<1></c><2>君</c><3>よ恐れるな</c><1></c>,君
53.237,53.704,-1,0,<1></c><2>き</c><3>みよおそれるな</c><1></c>,き
53.704,54.238,-1,0,<1></c><2>きみ</c><3>よおそれるな</c><1></c>,み
54.238,55.005,-1,92,<1></c><2>君よ</c><3>恐れるな</c><1></c>,よ
54.238,55.005,-1,0,<1></c><2>きみよ</c><3>おそれるな</c><1></c>,よ
55.005,55.739,-1,92,<1></c><2>君よ恐</c><3>れるな</c><1></c>,恐
55.005,55.239,-1,0,<1></c><2>きみよお</c><3>それるな</c><1></c>,お
55.239,55.739,-1,0,<1></c><2>きみよおそ</c><3>れるな</c><1></c>,そ
55.739,56.006,-1,92,<1></c><2>君よ恐れ</c><3>るな</c><1></c>,れ
55.739,56.006,-1,0,<1></c><2>きみよおそれ</c><3>るな</c><1></c>,れ
56.006,56.24,-1,92,<1></c><2>君よ恐れる</c><3>な</c><1></c>,る
56.006,56.24,-1,0,<1></c><2>きみよおそれる</c><3>な</c><1></c>,る
56.24,57.241,-1,92,<1></c><2>君よ恐れるな</c><1></c>,な
56.24,57.241,-1,0,<1></c><2>きみよおそれるな</c><1></c>,な
57.241,58.976,-1,92,<1></c><2>心</c><3>赴くまま風を切り進む</c><1></c>,心
57.241,57.741,-1,0,<1></c><2>こ</c><3>ころおもむくままかぜをきりすすむ</c><1></c>,こ
57.741,58.242,-1,0,<1></c><2>ここ</c><3>ろおもむくままかぜをきりすすむ</c><1></c>,こ
58.242,58.976,-1,0,<1></c><2>こころ</c><3>おもむくままかぜをきりすすむ</c><1></c>,ろ
58.976,59.777,-1,92,<1></c><2>心赴</c><3>くまま風を切り進む</c><1></c>,赴
58.976,59.243,-1,0,<1></c><2>こころお</c><3>もむくままかぜをきりすすむ</c><1></c>,お
59.243,59.51,-1,0,<1></c><2>こころおも</c><3>むくままかぜをきりすすむ</c><1></c>,も
59.51,59.777,-1,0,<1></c><2>こころおもむ</c><3>くままかぜをきりすすむ</c><1></c>,む
59.777,60.01,-1,92,<1></c><2>心赴く</c><3>まま風を切り進む</c><1></c>,く
59.777,60.01,-1,0,<1></c><2>こころおもむく</c><3>ままかぜをきりすすむ</c><1></c>,く
60.01,60.277,-1,92,<1></c><2>心赴くま</c><3>ま風を切り進む</c><1></c>,ま
60.01,60.277,-1,0,<1></c><2>こころおもむくま</c><3>まかぜをきりすすむ</c><1></c>,ま
60.277,61.278,-1,92,<1></c><2>心赴くまま</c><3>風を切り進む</c><1></c>,ま
60.277,61.278,-1,0,<1></c><2>こころおもむくまま</c><3>かぜをきりすすむ</c><1></c>,ま
61.278,62.279,-1,92,<1></c><2>心赴くまま風</c><3>を切り進む</c><1></c>,風
61.278,61.779,-1,0,<1></c><2>こころおもむくままか</c><3>ぜをきりすすむ</c><1></c>,か
61.779,62.279,-1,0,<1></c><2>こころおもむくままかぜ</c><3>をきりすすむ</c><1></c>,ぜ
62.279,62.78,-1,92,<1></c><2>心赴くまま風を</c><3>切り進む</c><1></c>,を
62.279,62.78,-1,0,<1></c><2>こころおもむくままかぜを</c><3>きりすすむ</c><1></c>,を
62.78,63.013,-1,92,<1></c><2>心赴くまま風を切</c><3>り進む</c><1></c>,切
62.78,63.013,-1,0,<1></c><2>こころおもむくままかぜをき</c><3>りすすむ</c><1></c>,き
63.013,63.28,-1,92,<1></c><2>心赴くまま風を切り</c><3>進む</c><1></c>,り
63.013,63.28,-1,0,<1></c><2>こころおもむくままかぜをきり</c><3>すすむ</c><1></c>,り
63.28,63.781,-1,92,<1></c><2>心赴くまま風を切り進</c><3>む</c><1></c>,進
63.28,63.547,-1,0,<1></c><2>こころおもむくままかぜをきりす</c><3>すむ</c><1></c>,す
63.547,63.781,-1,0,<1></c><2>こころおもむくままかぜをきりすす</c><3>む</c><1></c>,す
63.781,64.314,-1,92,<1></c><2>心赴くまま風を切り進む</c><1></c>,む
63.781,64.314,-1,0,<1></c><2>こころおもむくままかぜをきりすすむ</c><1></c>,む
64.314,64.815,-1,92,<1></c><2>そ</c><3>の旅路を暁が照らす</c><1></c>,そ
64.314,64.815,-1,0,<1></c><2>そ</c><3>のたびじをあかつきがてらす</c><1></c>,そ
64.815,65.082,-1,92,<1></c><2>その</c><3>旅路を暁が照らす</c><1></c>,の
64.815,65.082,-1,0,<1></c><2>その</c><3>たびじをあかつきがてらす</c><1></c>,の
65.082,65.582,-1,92,<1></c><2>その旅</c><3>路を暁が照らす</c><1></c>,旅
65.082,65.315,-1,0,<1></c><2>そのた</c><3>びじをあかつきがてらす</c><1></c>,た
65.315,65.582,-1,0,<1></c><2>そのたび</c><3>じをあかつきがてらす</c><1></c>,び
65.582,65.816,-1,92,<1></c><2>その旅路</c><3>を暁が照らす</c><1></c>,路
65.582,65.816,-1,0,<1></c><2>そのたびじ</c><3>をあかつきがてらす</c><1></c>,じ
65.816,66.35,-1,92,<1></c><2>その旅路を</c><3>暁が照らす</c><1></c>,を
65.816,66.35,-1,0,<1></c><2>そのたびじを</c><3>あかつきがてらす</c><1></c>,を
66.35,67.384,-1,92,<1></c><2>その旅路を暁</c><3>が照らす</c><1></c>,暁
66.35,66.583,-1,0,<1></c><2>そのたびじをあ</c><3>かつきがてらす</c><1></c>,あ
66.583,66.85,-1,0,<1></c><2>そのたびじをあか</c><3>つきがてらす</c><1></c>,か
66.85,67.117,-1,0,<1></c><2>そのたびじをあかつ</c><3>きがてらす</c><1></c>,つ
67.117,67.384,-1,0,<1></c><2>そのたびじをあかつき</c><3>がてらす</c><1></c>,き
67.384,67.918,-1,92,<1></c><2>その旅路を暁が</c><3>照らす</c><1></c>,が
67.384,67.918,-1,0,<1></c><2>そのたびじをあかつきが</c><3>てらす</c><1></c>,が
67.885,68.419,-1,85,<1></c><2>集</c><3>え</c><1></c>,集
67.885,68.118,-1,7,<1></c><2>つ</c><3>どえ</c><1></c>,つ
67.918,68.152,-1,92,<1></c><2>その旅路を暁が照</c><3>らす</c><1></c>,照
67.918,68.152,-1,0,<1></c><2>そのたびじをあかつきがて</c><3>らす</c><1></c>,て
68.118,68.419,-1,7,<1></c><2>つど</c><3>え</c><1></c>,ど
68.152,68.419,-1,92,<1></c><2>その旅路を暁が照ら</c><3>す</c><1></c>,ら
68.152,68.419,-1,0,<1></c><2>そのたびじをあかつきがてら</c><3>す</c><1></c>,ら
68.419,69.153,-1,92,<1></c><2>その旅路を暁が照らす</c><1></c>,す
68.419,70.454,-1,85,<1></c><2>集え</c><1></c>,え
68.419,70.454,-1,7,<1></c><2>つどえ</c><1></c>,え
68.419,69.153,-1,0,<1></c><2>そのたびじをあかつきがてらす</c><1></c>,す
69.153,69.686,-1,92,<1></c><2>猛</c><3>き腕</c><1></c>,猛
69.153,69.453,-1,0,<1></c><2>た</c><3>けきカイナ</c><1></c>,た
69.453,69.686,-1,0,<1></c><2>たけ</c><3>きカイナ</c><1></c>,け
69.686,69.953,-1,92,<1></c><2>猛き</c><3>腕</c><1></c>,き
69.686,69.953,-1,0,<1></c><2>たけき</c><3>カイナ</c><1></c>,き
69.953,71.488,-1,92,<1></c><2>猛き腕</c><1></c>,腕
69.953,70.187,-1,0,<1></c><2>たけきカ</c><3>イナ</c><1></c>,カ
70.187,70.421,-1,0,<1></c><2>たけきカイ</c><3>ナ</c><1></c>,イ
70.421,71.488,-1,0,<1></c><2>たけきカイナ</c><1></c>,ナ
70.454,70.988,-1,85,<1></c><2>千</c><3>里の瞳</c><1></c>,千
70.454,70.788,-1,7,<1></c><2>せ</c><3>んりのひとみ</c><1></c>,せ
70.788,70.988,-1,7,<1></c><2>せん</c><3>りのひとみ</c><1></c>,ん
70.988,71.221,-1,85,<1></c><2>千里</c><3>の瞳</c><1></c>,里
70.988,71.221,-1,7,<1></c><2>せんり</c><3>のひとみ</c><1></c>,り
71.221,71.488,-1,85,<1></c><2>千里の</c><3>瞳</c><1></c>,の
71.221,71.488,-1,7,<1></c><2>せんりの</c><3>ひとみ</c><1></c>,の
71.488,72.489,-1,92,<1></c><2>天</c><3>を翔け行く脚</c><1></c>,天
71.488,72.489,-1,85,<1></c><2>千里の瞳</c><1></c>,瞳
71.488,71.722,-1,7,<1></c><2>せんりのひ</c><3>とみ</c><1></c>,ひ
71.488,71.989,-1,0,<1></c><2>ソ</c><3>ラをかけゆくあし</c><1></c>,ソ
71.722,71.989,-1,7,<1></c><2>せんりのひと</c><3>み</c><1></c>,と
71.989,72.489,-1,7,<1></c><2>せんりのひとみ</c><1></c>,み
71.989,72.489,-1,0,<1></c><2>ソラ</c><3>をかけゆくあし</c><1></c>,ラ
72.489,73.257,-1,92,<1></c><2>天を</c><3>翔け行く脚</c><1></c>,を
72.489,73.257,-1,0,<1></c><2>ソラを</c><3>かけゆくあし</c><1></c>,を
73.257,73.524,-1,92,<1></c><2>天を翔</c><3>け行く脚</c><1></c>,翔
73.257,73.524,-1,0,<1></c><2>ソラをか</c><3>けゆくあし</c><1></c>,か
73.524,73.791,-1,92,<1></c><2>天を翔け</c><3>行く脚</c><1></c>,け
73.524,73.791,-1,0,<1></c><2>ソラをかけ</c><3>ゆくあし</c><1></c>,け
73.791,74.024,-1,92,<1></c><2>天を翔け行</c><3>く脚</c><1></c>,行
73.791,74.024,-1,0,<1></c><2>ソラをかけゆ</c><3>くあし</c><1></c>,ゆ
74.024,74.258,-1,92,<1></c><2>天を翔け行く</c><3>脚</c><1></c>,く
74.024,74.258,-1,0,<1></c><2>ソラをかけゆく</c><3>あし</c><1></c>,く
74.258,75.559,-1,92,<1></c><2>天を翔け行く脚</c><1></c>,脚
74.258,74.525,-1,0,<1></c><2>ソラをかけゆくあ</c><3>し</c><1></c>,あ
74.525,74.792,-1,85,<1></c><2>久</c><3>遠の盾</c><1></c>,久
74.525,74.792,-1,7,<1></c><2>く</c><3>おんのたて</c><1></c>,く
74.525,75.559,-1,0,<1></c><2>ソラをかけゆくあし</c><1></c>,し
74.792,75.292,-1,85,<1></c><2>久遠</c><3>の盾</c><1></c>,遠
74.792,75.025,-1,7,<1></c><2>くお</c><3>んのたて</c><1></c>,お
75.025,75.292,-1,7,<1></c><2>くおん</c><3>のたて</c><1></c>,ん
75.292,75.526,-1,85,<1></c><2>久遠の</c><3>盾</c><1></c>,の
75.292,75.526,-1,7,<1></c><2>くおんの</c><3>たて</c><1></c>,の
75.526,76.593,-1,85,<1></c><2>久遠の盾</c><1></c>,盾
75.526,76.06,-1,7,<1></c><2>くおんのた</c><3>て</c><1></c>,た
75.559,77.294,-1,92,<1></c><2>古</c><3>の誓いいま果たして</c><1></c>,古
75.559,76.06,-1,0,<1></c><2>い</c><3>にしえのちかいいまはたして</c><1></c>,い
76.06,76.593,-1,7,<1></c><2>くおんのたて</c><1></c>,て
76.06,76.593,-1,0,<1></c><2>いに</c><3>しえのちかいいまはたして</c><1></c>,に
76.593,77.061,-1,0,<1></c><2>いにし</c><3>えのちかいいまはたして</c><1></c>,し
77.061,77.294,-1,0,<1></c><2>いにしえ</c><3>のちかいいまはたして</c><1></c>,え
77.294,77.594,-1,92,<1></c><2>古の</c><3>誓いいま果たして</c><1></c>,の
77.294,77.594,-1,0,<1></c><2>いにしえの</c><3>ちかいいまはたして</c><1></c>,の
77.594,78.095,-1,92,<1></c><2>古の誓</c><3>いいま果たして</c><1></c>,誓
77.594,77.828,-1,0,<1></c><2>いにしえのち</c><3>かいいまはたして</c><1></c>,ち
77.828,78.095,-1,0,<1></c><2>いにしえのちか</c><3>いいまはたして</c><1></c>,か
78.095,78.595,-1,92,<1></c><2>古の誓い</c><3>いま果たして</c><1></c>,い
78.095,78.595,-1,0,<1></c><2>いにしえのちかい</c><3>いまはたして</c><1></c>,い
78.595,79.096,-1,92,<1></c><2>古の誓いい</c><3>ま果たして</c><1></c>,い
78.595,79.096,-1,0,<1></c><2>いにしえのちかいい</c><3>まはたして</c><1></c>,い
79.096,79.363,-1,92,<1></c><2>古の誓いいま</c><3>果たして</c><1></c>,ま
79.096,79.363,-1,0,<1></c><2>いにしえのちかいいま</c><3>はたして</c><1></c>,ま
79.363,79.63,-1,92,<1></c><2>古の誓いいま果</c><3>たして</c><1></c>,果
79.363,79.63,-1,0,<1></c><2>いにしえのちかいいまは</c><3>たして</c><1></c>,は
79.63,79.863,-1,92,<1></c><2>古の誓いいま果た</c><3>して</c><1></c>,た
79.63,79.863,-1,0,<1></c><2>いにしえのちかいいまはた</c><3>して</c><1></c>,た
79.863,80.13,-1,92,<1></c><2>古の誓いいま果たし</c><3>て</c><1></c>,し
79.863,80.13,-1,0,<1></c><2>いにしえのちかいいまはたし</c><3>て</c><1></c>,し
80.13,80.631,-1,92,<1></c><2>古の誓いいま果たして</c><1></c>,て
80.13,80.631,-1,0,<1></c><2>いにしえのちかいいまはたして</c><1></c>,て
80.631,81.131,-1,92,<1></c><2>夜</c><3>よ明けてゆけ</c><1></c>,夜
80.631,80.898,-1,0,<1></c><2>よ</c><3>るよあけてゆけ</c><1></c>,よ
80.898,81.131,-1,0,<1></c><2>よる</c><3>よあけてゆけ</c><1></c>,る
81.131,81.398,-1,92,<1></c><2>夜よ</c><3>明けてゆけ</c><1></c>,よ
81.131,81.398,-1,0,<1></c><2>よるよ</c><3>あけてゆけ</c><1></c>,よ
81.398,81.665,-1,92,<1></c><2>夜よ明</c><3>けてゆけ</c><1></c>,明
81.398,81.665,-1,0,<1></c><2>よるよあ</c><3>けてゆけ</c><1></c>,あ
81.665,82.166,-1,92,<1></c><2>夜よ明け</c><3>てゆけ</c><1></c>,け
81.665,82.166,-1,0,<1></c><2>よるよあけ</c><3>てゆけ</c><1></c>,け
82.166,82.433,-1,92,<1></c><2>夜よ明けて</c><3>ゆけ</c><1></c>,て
82.166,82.433,-1,0,<1></c><2>よるよあけて</c><3>ゆけ</c><1></c>,て
82.433,82.666,-1,92,<1></c><2>夜よ明けてゆ</c><3>け</c><1></c>,ゆ
82.433,82.666,-1,0,<1></c><2>よるよあけてゆ</c><3>け</c><1></c>,ゆ
82.666,86.77,-1,92,<1></c><2>夜よ明けてゆけ</c><1></c>,け
82.666,86.77,-1,0,<1></c><2>よるよあけてゆけ</c><1></c>,け
90.808,91.341,-1,92,<1></c><2>水</c><3>面落ちる花一つ</c><1></c>,水
90.808,91.075,-1,0,<1></c><2>み</c><3>なもおちるはなひとつ</c><1></c>,み
91.075,91.341,-1,0,<1></c><2>みな</c><3>もおちるはなひとつ</c><1></c>,な
91.341,91.675,-1,92,<1></c><2>水面</c><3>落ちる花一つ</c><1></c>,面
91.341,91.675,-1,0,<1></c><2>みなも</c><3>おちるはなひとつ</c><1></c>,も
91.675,92.109,-1,92,<1></c><2>水面落</c><3>ちる花一つ</c><1></c>,落
91.675,92.109,-1,0,<1></c><2>みなもお</c><3>ちるはなひとつ</c><1></c>,お
92.109,92.342,-1,92,<1></c><2>水面落ち</c><3>る花一つ</c><1></c>,ち
92.109,92.342,-1,0,<1></c><2>みなもおち</c><3>るはなひとつ</c><1></c>,ち
92.342,92.843,-1,92,<1></c><2>水面落ちる</c><3>花一つ</c><1></c>,る
92.342,92.843,-1,0,<1></c><2>みなもおちる</c><3>はなひとつ</c><1></c>,る
92.843,93.343,-1,92,<1></c><2>水面落ちる花</c><3>一つ</c><1></c>,花
92.843,93.077,-1,0,<1></c><2>みなもおちるは</c><3>なひとつ</c><1></c>,は
93.077,93.343,-1,0,<1></c><2>みなもおちるはな</c><3>ひとつ</c><1></c>,な
93.343,93.844,-1,92,<1></c><2>水面落ちる花一</c><3>つ</c><1></c>,一
93.343,93.577,-1,0,<1></c><2>みなもおちるはなひ</c><3>とつ</c><1></c>,ひ
93.577,93.844,-1,0,<1></c><2>みなもおちるはなひと</c><3>つ</c><1></c>,と
93.844,94.845,-1,92,<1></c><2>水面落ちる花一つ</c><1></c>,つ
93.844,94.845,-1,0,<1></c><2>みなもおちるはなひとつ</c><1></c>,つ
94.845,95.379,-1,92,<1></c><2>ど</c><3>こへどこへ流れ</c><1></c>,ど
94.845,95.379,-1,0,<1></c><2>ど</c><3>こへどこへながれ</c><1></c>,ど
95.379,95.879,-1,92,<1></c><2>どこ</c><3>へどこへ流れ</c><1></c>,こ
95.379,95.879,-1,0,<1></c><2>どこ</c><3>へどこへながれ</c><1></c>,こ
95.879,96.113,-1,92,<1></c><2>どこへ</c><3>どこへ流れ</c><1></c>,へ
95.879,96.113,-1,0,<1></c><2>どこへ</c><3>どこへながれ</c><1></c>,へ
96.113,96.38,-1,92,<1></c><2>どこへど</c><3>こへ流れ</c><1></c>,ど
96.113,96.38,-1,0,<1></c><2>どこへど</c><3>こへながれ</c><1></c>,ど
96.38,96.613,-1,92,<1></c><2>どこへどこ</c><3>へ流れ</c><1></c>,こ
96.38,96.613,-1,0,<1></c><2>どこへどこ</c><3>へながれ</c><1></c>,こ
96.613,96.847,-1,92,<1></c><2>どこへどこへ</c><3>流れ</c><1></c>,へ
96.613,96.847,-1,0,<1></c><2>どこへどこへ</c><3>ながれ</c><1></c>,へ
96.847,97.915,-1,92,<1></c><2>どこへどこへ流</c><3>れ</c><1></c>,流
96.847,97.381,-1,0,<1></c><2>どこへどこへな</c><3>がれ</c><1></c>,な
97.381,97.915,-1,0,<1></c><2>どこへどこへなが</c><3>れ</c><1></c>,が
97.915,98.949,-1,92,<1></c><2>どこへどこへ流れ</c><1></c>,れ
97.915,98.949,-1,0,<1></c><2>どこへどこへながれ</c><1></c>,れ
98.949,99.483,-1,92,<1></c><2>誰</c><3>が知るか君王の</c><1></c>,誰
98.949,99.216,-1,0,<1></c><2>だ</c><3>れがしるかくんのうの</c><1></c>,だ
99.216,99.483,-1,0,<1></c><2>だれ</c><3>がしるかくんのうの</c><1></c>,れ
99.483,99.95,-1,92,<1></c><2>誰が</c><3>知るか君王の</c><1></c>,が
99.483,99.95,-1,0,<1></c><2>だれが</c><3>しるかくんのうの</c><1></c>,が
99.95,100.217,-1,92,<1></c><2>誰が知</c><3>るか君王の</c><1></c>,知
99.95,100.217,-1,0,<1></c><2>だれがし</c><3>るかくんのうの</c><1></c>,し
100.217,100.484,-1,92,<1></c><2>誰が知る</c><3>か君王の</c><1></c>,る
100.217,100.484,-1,0,<1></c><2>だれがしる</c><3>かくんのうの</c><1></c>,る
100.484,101.051,-1,92,<1></c><2>誰が知るか</c><3>君王の</c><1></c>,か
100.484,101.051,-1,0,<1></c><2>だれがしるか</c><3>くんのうの</c><1></c>,か
101.051,101.518,-1,92,<1></c><2>誰が知るか君</c><3>王の</c><1></c>,君
101.051,101.285,-1,0,<1></c><2>だれがしるかく</c><3>んのうの</c><1></c>,く
101.285,101.518,-1,0,<1></c><2>だれがしるかくん</c><3>のうの</c><1></c>,ん
101.518,102.019,-1,92,<1></c><2>誰が知るか君王</c><3>の</c><1></c>,王
101.518,101.785,-1,0,<1></c><2>だれがしるかくんの</c><3>うの</c><1></c>,の
101.785,102.019,-1,0,<1></c><2>だれがしるかくんのう</c><3>の</c><1></c>,う
102.019,103.053,-1,92,<1></c><2>誰が知るか君王の</c><1></c>,の
102.019,103.053,-1,0,<1></c><2>だれがしるかくんのうの</c><1></c>,の
103.053,104.288,-1,92,<1></c><2>心</c><3>はまだ雲の中</c><1></c>,心
103.053,103.554,-1,0,<1></c><2>こ</c><3>ころはまだくものなか</c><1></c>,こ
103.554,104.054,-1,0,<1></c><2>ここ</c><3>ろはまだくものなか</c><1></c>,こ
104.054,104.288,-1,0,<1></c><2>こころ</c><3>はまだくものなか</c><1></c>,ろ
104.288,104.555,-1,92,<1></c><2>心は</c><3>まだ雲の中</c><1></c>,は
104.288,104.555,-1,0,<1></c><2>こころは</c><3>まだくものなか</c><1></c>,は
104.555,104.822,-1,92,<1></c><2>心はま</c><3>だ雲の中</c><1></c>,ま
104.555,104.822,-1,0,<1></c><2>こころはま</c><3>だくものなか</c><1></c>,ま
104.822,105.055,-1,92,<1></c><2>心はまだ</c><3>雲の中</c><1></c>,だ
104.822,105.055,-1,0,<1></c><2>こころはまだ</c><3>くものなか</c><1></c>,だ
105.055,105.589,-1,92,<1></c><2>心はまだ雲</c><3>の中</c><1></c>,雲
105.055,105.289,-1,0,<1></c><2>こころはまだく</c><3>ものなか</c><1></c>,く
105.289,105.589,-1,0,<1></c><2>こころはまだくも</c><3>のなか</c><1></c>,も
105.589,105.823,-1,92,<1></c><2>心はまだ雲の</c><3>中</c><1></c>,の
105.589,105.823,-1,0,<1></c><2>こころはまだくもの</c><3>なか</c><1></c>,の
105.823,107.091,-1,92,<1></c><2>心はまだ雲の中</c><1></c>,中
105.823,106.156,-1,0,<1></c><2>こころはまだくものな</c><3>か</c><1></c>,な
106.156,107.091,-1,0,<1></c><2>こころはまだくものなか</c><1></c>,か
125.075,125.375,-1,92,<1></c><2>よ</c><3>ぎる迷いを貫くように</c><1></c>,よ
125.075,125.375,-1,0,<1></c><2>よ</c><3>ぎるまよいをつらぬくように</c><1></c>,よ
125.375,125.876,-1,92,<1></c><2>よぎ</c><3>る迷いを貫くように</c><1></c>,ぎ
125.375,125.876,-1,0,<1></c><2>よぎ</c><3>るまよいをつらぬくように</c><1></c>,ぎ
125.876,126.376,-1,92,<1></c><2>よぎる</c><3>迷いを貫くように</c><1></c>,る
125.876,126.376,-1,0,<1></c><2>よぎる</c><3>まよいをつらぬくように</c><1></c>,る
126.376,127.144,-1,92,<1></c><2>よぎる迷</c><3>いを貫くように</c><1></c>,迷
126.376,126.91,-1,0,<1></c><2>よぎるま</c><3>よいをつらぬくように</c><1></c>,ま
126.91,127.144,-1,0,<1></c><2>よぎるまよ</c><3>いをつらぬくように</c><1></c>,よ
127.144,127.411,-1,92,<1></c><2>よぎる迷い</c><3>を貫くように</c><1></c>,い
127.144,127.411,-1,0,<1></c><2>よぎるまよい</c><3>をつらぬくように</c><1></c>,い
127.411,128.912,-1,92,<1></c><2>よぎる迷いを</c><3>貫くように</c><1></c>,を
127.411,128.912,-1,0,<1></c><2>よぎるまよいを</c><3>つらぬくように</c><1></c>,を
128.912,130.18,-1,92,<1></c><2>よぎる迷いを貫</c><3>くように</c><1></c>,貫
128.912,129.179,-1,0,<1></c><2>よぎるまよいをつ</c><3>らぬくように</c><1></c>,つ
129.179,129.446,-1,0,<1></c><2>よぎるまよいをつら</c><3>ぬくように</c><1></c>,ら
129.446,130.18,-1,0,<1></c><2>よぎるまよいをつらぬ</c><3>くように</c><1></c>,ぬ
130.18,130.447,-1,92,<1></c><2>よぎる迷いを貫く</c><3>ように</c><1></c>,く
130.18,130.447,-1,0,<1></c><2>よぎるまよいをつらぬく</c><3>ように</c><1></c>,く
130.447,130.981,-1,92,<1></c><2>よぎる迷いを貫くよ</c><3>うに</c><1></c>,よ
130.447,130.981,-1,0,<1></c><2>よぎるまよいをつらぬくよ</c><3>うに</c><1></c>,よ
130.981,131.482,-1,92,<1></c><2>よぎる迷いを貫くよう</c><3>に</c><1></c>,う
130.981,131.482,-1,0,<1></c><2>よぎるまよいをつらぬくよう</c><3>に</c><1></c>,う
131.482,133.016,-1,92,<1></c><2>よぎる迷いを貫くように</c><1></c>,に
131.482,133.016,-1,0,<1></c><2>よぎるまよいをつらぬくように</c><1></c>,に
133.016,133.517,-1,92,<1></c><2>弓</c><3>に矢つがえとおくとおく放つ</c><1></c>,弓
133.016,133.283,-1,0,<1></c><2>ゆ</c><3>みにやつがえとおくとおくはなつ</c><1></c>,ゆ
133.283,133.517,-1,0,<1></c><2>ゆみ</c><3>にやつがえとおくとおくはなつ</c><1></c>,み
133.517,134.017,-1,92,<1></c><2>弓に</c><3>矢つがえとおくとおく放つ</c><1></c>,に
133.517,134.017,-1,0,<1></c><2>ゆみに</c><3>やつがえとおくとおくはなつ</c><1></c>,に
134.017,134.551,-1,92,<1></c><2>弓に矢</c><3>つがえとおくとおく放つ</c><1></c>,矢
134.017,134.551,-1,0,<1></c><2>ゆみにや</c><3>つがえとおくとおくはなつ</c><1></c>,や
134.551,135.052,-1,92,<1></c><2>弓に矢つ</c><3>がえとおくとおく放つ</c><1></c>,つ
134.551,135.052,-1,0,<1></c><2>ゆみにやつ</c><3>がえとおくとおくはなつ</c><1></c>,つ
135.052,135.319,-1,92,<1></c><2>弓に矢つが</c><3>えとおくとおく放つ</c><1></c>,が
135.052,135.319,-1,0,<1></c><2>ゆみにやつが</c><3>えとおくとおくはなつ</c><1></c>,が
135.319,135.552,-1,92,<1></c><2>弓に矢つがえ</c><3>とおくとおく放つ</c><1></c>,え
135.319,135.552,-1,0,<1></c><2>ゆみにやつがえ</c><3>とおくとおくはなつ</c><1></c>,え
135.552,136.053,-1,92,<1></c><2>弓に矢つがえと</c><3>おくとおく放つ</c><1></c>,と
135.552,136.053,-1,0,<1></c><2>ゆみにやつがえと</c><3>おくとおくはなつ</c><1></c>,と
136.053,136.587,-1,92,<1></c><2>弓に矢つがえとお</c><3>くとおく放つ</c><1></c>,お
136.053,136.587,-1,0,<1></c><2>ゆみにやつがえとお</c><3>くとおくはなつ</c><1></c>,お
136.587,137.588,-1,92,<1></c><2>弓に矢つがえとおく</c><3>とおく放つ</c><1></c>,く
136.587,137.588,-1,0,<1></c><2>ゆみにやつがえとおく</c><3>とおくはなつ</c><1></c>,く
137.588,138.088,-1,92,<1></c><2>弓に矢つがえとおくと</c><3>おく放つ</c><1></c>,と
137.588,138.088,-1,0,<1></c><2>ゆみにやつがえとおくと</c><3>おくはなつ</c><1></c>,と
138.088,138.622,-1,92,<1></c><2>弓に矢つがえとおくとお</c><3>く放つ</c><1></c>,お
138.088,138.622,-1,0,<1></c><2>ゆみにやつがえとおくとお</c><3>くはなつ</c><1></c>,お
138.622,139.123,-1,92,<1></c><2>弓に矢つがえとおくとおく</c><3>放つ</c><1></c>,く
138.622,139.123,-1,0,<1></c><2>ゆみにやつがえとおくとおく</c><3>はなつ</c><1></c>,く
139.123,139.623,-1,92,<1></c><2>弓に矢つがえとおくとおく放</c><3>つ</c><1></c>,放
139.123,139.389,-1,0,<1></c><2>ゆみにやつがえとおくとおくは</c><3>なつ</c><1></c>,は
139.389,139.623,-1,0,<1></c><2>ゆみにやつがえとおくとおくはな</c><3>つ</c><1></c>,な
139.623,141.625,-1,92,<1></c><2>弓に矢つがえとおくとおく放つ</c><1></c>,つ
139.623,141.625,-1,0,<1></c><2>ゆみにやつがえとおくとおくはなつ</c><1></c>,つ
141.625,142.159,-1,92,<1></c><2>朱</c><3>の髪をなびかせて</c><1></c>,朱
141.625,141.892,-1,0,<1></c><2>ア</c><3>カのかみをなびかせて</c><1></c>,ア
141.892,142.159,-1,0,<1></c><2>アカ</c><3>のかみをなびかせて</c><1></c>,カ
142.159,142.626,-1,92,<1></c><2>朱の</c><3>髪をなびかせて</c><1></c>,の
142.159,142.626,-1,0,<1></c><2>アカの</c><3>かみをなびかせて</c><1></c>,の
142.626,143.16,-1,92,<1></c><2>朱の髪</c><3>をなびかせて</c><1></c>,髪
142.626,142.893,-1,0,<1></c><2>アカのか</c><3>みをなびかせて</c><1></c>,か
142.893,143.16,-1,0,<1></c><2>アカのかみ</c><3>をなびかせて</c><1></c>,み
143.16,143.66,-1,92,<1></c><2>朱の髪を</c><3>なびかせて</c><1></c>,を
143.16,143.66,-1,0,<1></c><2>アカのかみを</c><3>なびかせて</c><1></c>,を
143.66,143.927,-1,92,<1></c><2>朱の髪をな</c><3>びかせて</c><1></c>,な
143.66,143.927,-1,0,<1></c><2>アカのかみをな</c><3>びかせて</c><1></c>,な
143.927,144.194,-1,92,<1></c><2>朱の髪をなび</c><3>かせて</c><1></c>,び
143.927,144.194,-1,0,<1></c><2>アカのかみをなび</c><3>かせて</c><1></c>,び
144.194,144.428,-1,92,<1></c><2>朱の髪をなびか</c><3>せて</c><1></c>,か
144.194,144.428,-1,0,<1></c><2>アカのかみをなびか</c><3>せて</c><1></c>,か
144.428,144.728,-1,92,<1></c><2>朱の髪をなびかせ</c><3>て</c><1></c>,せ
144.428,144.728,-1,0,<1></c><2>アカのかみをなびかせ</c><3>て</c><1></c>,せ
144.728,145.729,-1,92,<1></c><2>朱の髪をなびかせて</c><1></c>,て
144.728,145.729,-1,0,<1></c><2>アカのかみをなびかせて</c><1></c>,て
145.729,146.23,-1,92,<1></c><2>生</c><3>きる事を決めたなら</c><1></c>,生
145.729,146.23,-1,0,<1></c><2>い</c><3>きることをきめたなら</c><1></c>,い
146.23,146.73,-1,92,<1></c><2>生き</c><3>る事を決めたなら</c><1></c>,き
146.23,146.73,-1,0,<1></c><2>いき</c><3>ることをきめたなら</c><1></c>,き
146.73,146.997,-1,92,<1></c><2>生きる</c><3>事を決めたなら</c><1></c>,る
146.73,146.997,-1,0,<1></c><2>いきる</c><3>ことをきめたなら</c><1></c>,る
146.997,147.498,-1,92,<1></c><2>生きる事</c><3>を決めたなら</c><1></c>,事
146.997,147.231,-1,0,<1></c><2>いきるこ</c><3>とをきめたなら</c><1></c>,こ
147.231,147.498,-1,0,<1></c><2>いきること</c><3>をきめたなら</c><1></c>,と
147.498,147.764,-1,92,<1></c><2>生きる事を</c><3>決めたなら</c><1></c>,を
147.498,147.764,-1,0,<1></c><2>いきることを</c><3>きめたなら</c><1></c>,を
147.764,147.965,-1,92,<1></c><2>生きる事を決</c><3>めたなら</c><1></c>,決
147.764,147.965,-1,0,<1></c><2>いきることをき</c><3>めたなら</c><1></c>,き
147.965,148.265,-1,92,<1></c><2>生きる事を決め</c><3>たなら</c><1></c>,め
147.965,148.265,-1,0,<1></c><2>いきることをきめ</c><3>たなら</c><1></c>,め
148.265,148.499,-1,92,<1></c><2>生きる事を決めた</c><3>なら</c><1></c>,た
148.265,148.499,-1,0,<1></c><2>いきることをきめた</c><3>なら</c><1></c>,た
148.499,148.765,-1,92,<1></c><2>生きる事を決めたな</c><3>ら</c><1></c>,な
148.499,148.765,-1,0,<1></c><2>いきることをきめたな</c><3>ら</c><1></c>,な
148.765,149.766,-1,92,<1></c><2>生きる事を決めたなら</c><1></c>,ら
148.765,149.766,-1,0,<1></c><2>いきることをきめたなら</c><1></c>,ら
149.766,150.033,-1,92,<1></c><2>割</c><3>れた爪も傷跡も</c><1></c>,割
149.766,150.033,-1,0,<1></c><2>わ</c><3>れたつめもきずあとも</c><1></c>,わ
150.033,150.267,-1,92,<1></c><2>割れ</c><3>た爪も傷跡も</c><1></c>,れ
150.033,150.267,-1,0,<1></c><2>われ</c><3>たつめもきずあとも</c><1></c>,れ
150.267,150.767,-1,92,<1></c><2>割れた</c><3>爪も傷跡も</c><1></c>,た
150.267,150.767,-1,0,<1></c><2>われた</c><3>つめもきずあとも</c><1></c>,た
150.767,151.301,-1,92,<1></c><2>割れた爪</c><3>も傷跡も</c><1></c>,爪
150.767,151.034,-1,0,<1></c><2>われたつ</c><3>めもきずあとも</c><1></c>,つ
151.034,151.301,-1,0,<1></c><2>われたつめ</c><3>もきずあとも</c><1></c>,め
151.301,151.802,-1,92,<1></c><2>割れた爪も</c><3>傷跡も</c><1></c>,も
151.301,151.802,-1,0,<1></c><2>われたつめも</c><3>きずあとも</c><1></c>,も
151.802,152.302,-1,92,<1></c><2>割れた爪も傷</c><3>跡も</c><1></c>,傷
151.802,152.069,-1,0,<1></c><2>われたつめもき</c><3>ずあとも</c><1></c>,き
152.069,152.302,-1,0,<1></c><2>われたつめもきず</c><3>あとも</c><1></c>,ず
152.302,152.803,-1,92,<1></c><2>割れた爪も傷跡</c><3>も</c><1></c>,跡
152.302,152.569,-1,0,<1></c><2>われたつめもきずあ</c><3>とも</c><1></c>,あ
152.569,152.803,-1,0,<1></c><2>われたつめもきずあと</c><3>も</c><1></c>,と
152.803,153.837,-1,92,<1></c><2>割れた爪も傷跡も</c><1></c>,も
152.803,153.837,-1,0,<1></c><2>われたつめもきずあとも</c><1></c>,も
153.837,154.872,-1,92,<1></c><2>明</c><3>日への糧にして</c><1></c>,明
153.837,154.371,-1,0,<1></c><2>あ</c><3>したへのかてにして</c><1></c>,あ
154.371,154.872,-1,0,<1></c><2>あし</c><3>たへのかてにして</c><1></c>,し
154.872,155.372,-1,92,<1></c><2>明日</c><3>への糧にして</c><1></c>,日
154.872,155.372,-1,0,<1></c><2>あした</c><3>へのかてにして</c><1></c>,た
155.372,155.606,-1,92,<1></c><2>明日へ</c><3>の糧にして</c><1></c>,へ
155.372,155.606,-1,0,<1></c><2>あしたへ</c><3>のかてにして</c><1></c>,へ
155.606,155.873,-1,92,<1></c><2>明日への</c><3>糧にして</c><1></c>,の
155.606,155.873,-1,0,<1></c><2>あしたへの</c><3>かてにして</c><1></c>,の
155.873,156.406,-1,92,<1></c><2>明日への糧</c><3>にして</c><1></c>,糧
155.873,156.14,-1,0,<1></c><2>あしたへのか</c><3>てにして</c><1></c>,か
156.14,156.406,-1,0,<1></c><2>あしたへのかて</c><3>にして</c><1></c>,て
156.406,156.74,-1,92,<1></c><2>明日への糧に</c><3>して</c><1></c>,に
156.406,156.74,-1,0,<1></c><2>あしたへのかてに</c><3>して</c><1></c>,に
156.74,157.107,-1,92,<1></c><2>明日への糧にし</c><3>て</c><1></c>,し
156.74,157.107,-1,0,<1></c><2>あしたへのかてにし</c><3>て</c><1></c>,し
157.107,160.477,-1,92,<1></c><2>明日への糧にして</c><1></c>,て
157.107,160.477,-1,0,<1></c><2>あしたへのかてにして</c><1></c>,て
160.978,162.012,-1,92,<1></c><2>君</c><3>よ忘れるな</c><1></c>,君
160.978,161.478,-1,0,<1></c><2>き</c><3>みよわすれるな</c><1></c>,き
161.478,162.012,-1,0,<1></c><2>きみ</c><3>よわすれるな</c><1></c>,み
162.012,162.746,-1,92,<1></c><2>君よ</c><3>忘れるな</c><1></c>,よ
162.012,162.746,-1,0,<1></c><2>きみよ</c><3>わすれるな</c><1></c>,よ
162.746,163.514,-1,92,<1></c><2>君よ忘</c><3>れるな</c><1></c>,忘
162.746,163.013,-1,0,<1></c><2>きみよわ</c><3>すれるな</c><1></c>,わ
163.013,163.514,-1,0,<1></c><2>きみよわす</c><3>れるな</c><1></c>,す
163.514,163.78,-1,92,<1></c><2>君よ忘れ</c><3>るな</c><1></c>,れ
163.514,163.78,-1,0,<1></c><2>きみよわすれ</c><3>るな</c><1></c>,れ
163.78,164.047,-1,92,<1></c><2>君よ忘れる</c><3>な</c><1></c>,る
163.78,164.047,-1,0,<1></c><2>きみよわすれる</c><3>な</c><1></c>,る
164.047,165.048,-1,92,<1></c><2>君よ忘れるな</c><1></c>,な
164.047,165.048,-1,0,<1></c><2>きみよわすれるな</c><1></c>,な
165.048,165.549,-1,92,<1></c><2>燃</c><3>ゆる空の果てにいつか視た夢の</c><1></c>,燃
165.048,165.549,-1,0,<1></c><2>も</c><3>ゆるそらのはてにいつかみたゆめの</c><1></c>,も
165.549,166.049,-1,92,<1></c><2>燃ゆ</c><3>る空の果てにいつか視た夢の</c><1></c>,ゆ
165.549,166.049,-1,0,<1></c><2>もゆ</c><3>るそらのはてにいつかみたゆめの</c><1></c>,ゆ
166.049,166.817,-1,92,<1></c><2>燃ゆる</c><3>空の果てにいつか視た夢の</c><1></c>,る
166.049,166.817,-1,0,<1></c><2>もゆる</c><3>そらのはてにいつかみたゆめの</c><1></c>,る
166.817,167.317,-1,92,<1></c><2>燃ゆる空</c><3>の果てにいつか視た夢の</c><1></c>,空
166.817,167.084,-1,0,<1></c><2>もゆるそ</c><3>らのはてにいつかみたゆめの</c><1></c>,そ
167.084,167.317,-1,0,<1></c><2>もゆるそら</c><3>のはてにいつかみたゆめの</c><1></c>,ら
167.317,167.584,-1,92,<1></c><2>燃ゆる空の</c><3>果てにいつか視た夢の</c><1></c>,の
167.317,167.584,-1,0,<1></c><2>もゆるそらの</c><3>はてにいつかみたゆめの</c><1></c>,の
167.584,167.851,-1,92,<1></c><2>燃ゆる空の果</c><3>てにいつか視た夢の</c><1></c>,果
167.584,167.851,-1,0,<1></c><2>もゆるそらのは</c><3>てにいつかみたゆめの</c><1></c>,は
167.851,168.085,-1,92,<1></c><2>燃ゆる空の果て</c><3>にいつか視た夢の</c><1></c>,て
167.851,168.085,-1,0,<1></c><2>もゆるそらのはて</c><3>にいつかみたゆめの</c><1></c>,て
168.085,169.119,-1,92,<1></c><2>燃ゆる空の果てに</c><3>いつか視た夢の</c><1></c>,に
168.085,169.119,-1,0,<1></c><2>もゆるそらのはてに</c><3>いつかみたゆめの</c><1></c>,に
169.119,169.62,-1,92,<1></c><2>燃ゆる空の果てにい</c><3>つか視た夢の</c><1></c>,い
169.119,169.62,-1,0,<1></c><2>もゆるそらのはてにい</c><3>つかみたゆめの</c><1></c>,い
169.62,170.154,-1,92,<1></c><2>燃ゆる空の果てにいつ</c><3>か視た夢の</c><1></c>,つ
169.62,170.154,-1,0,<1></c><2>もゆるそらのはてにいつ</c><3>かみたゆめの</c><1></c>,つ
170.154,170.654,-1,92,<1></c><2>燃ゆる空の果てにいつか</c><3>視た夢の</c><1></c>,か
170.154,170.654,-1,0,<1></c><2>もゆるそらのはてにいつか</c><3>みたゆめの</c><1></c>,か
170.654,170.888,-1,92,<1></c><2>燃ゆる空の果てにいつか視</c><3>た夢の</c><1></c>,視
170.654,170.888,-1,0,<1></c><2>もゆるそらのはてにいつかみ</c><3>たゆめの</c><1></c>,み
170.888,171.155,-1,92,<1></c><2>燃ゆる空の果てにいつか視た</c><3>夢の</c><1></c>,た
170.888,171.155,-1,0,<1></c><2>もゆるそらのはてにいつかみた</c><3>ゆめの</c><1></c>,た
171.155,171.655,-1,92,<1></c><2>燃ゆる空の果てにいつか視た夢</c><3>の</c><1></c>,夢
171.155,171.388,-1,0,<1></c><2>もゆるそらのはてにいつかみたゆ</c><3>めの</c><1></c>,ゆ
171.388,171.655,-1,0,<1></c><2>もゆるそらのはてにいつかみたゆめ</c><3>の</c><1></c>,め
171.655,172.156,-1,92,<1></c><2>燃ゆる空の果てにいつか視た夢の</c><1></c>,の
171.655,172.156,-1,0,<1></c><2>もゆるそらのはてにいつかみたゆめの</c><1></c>,の
172.156,172.656,-1,92,<1></c><2>そ</c><3>の欠片が目覚め待つだろう</c><1></c>,そ
172.156,172.656,-1,0,<1></c><2>そ</c><3>のかけらがめざめまつだろう</c><1></c>,そ
172.656,172.923,-1,92,<1></c><2>その</c><3>欠片が目覚め待つだろう</c><1></c>,の
172.656,172.923,-1,0,<1></c><2>その</c><3>かけらがめざめまつだろう</c><1></c>,の
172.923,173.423,-1,92,<1></c><2>その欠</c><3>片が目覚め待つだろう</c><1></c>,欠
172.923,173.157,-1,0,<1></c><2>そのか</c><3>けらがめざめまつだろう</c><1></c>,か
173.157,173.423,-1,0,<1></c><2>そのかけ</c><3>らがめざめまつだろう</c><1></c>,け
173.423,173.69,-1,92,<1></c><2>その欠片</c><3>が目覚め待つだろう</c><1></c>,片
173.423,173.69,-1,0,<1></c><2>そのかけら</c><3>がめざめまつだろう</c><1></c>,ら
173.69,174.191,-1,92,<1></c><2>その欠片が</c><3>目覚め待つだろう</c><1></c>,が
173.69,174.191,-1,0,<1></c><2>そのかけらが</c><3>めざめまつだろう</c><1></c>,が
174.191,174.424,-1,92,<1></c><2>その欠片が目</c><3>覚め待つだろう</c><1></c>,目
174.191,174.424,-1,0,<1></c><2>そのかけらがめ</c><3>ざめまつだろう</c><1></c>,め
174.424,174.691,-1,92,<1></c><2>その欠片が目覚</c><3>め待つだろう</c><1></c>,覚
174.424,174.691,-1,0,<1></c><2>そのかけらがめざ</c><3>めまつだろう</c><1></c>,ざ
174.691,174.958,-1,92,<1></c><2>その欠片が目覚め</c><3>待つだろう</c><1></c>,め
174.691,174.958,-1,0,<1></c><2>そのかけらがめざめ</c><3>まつだろう</c><1></c>,め
174.958,175.192,-1,92,<1></c><2>その欠片が目覚め待</c><3>つだろう</c><1></c>,待
174.958,175.192,-1,0,<1></c><2>そのかけらがめざめま</c><3>つだろう</c><1></c>,ま
175.192,175.692,-1,92,<1></c><2>その欠片が目覚め待つ</c><3>だろう</c><1></c>,つ
175.192,175.692,-1,0,<1></c><2>そのかけらがめざめまつ</c><3>だろう</c><1></c>,つ
175.692,175.959,-1,92,<1></c><2>その欠片が目覚め待つだ</c><3>ろう</c><1></c>,だ
175.692,175.959,-1,0,<1></c><2>そのかけらがめざめまつだ</c><3>ろう</c><1></c>,だ
175.959,176.226,-1,92,<1></c><2>その欠片が目覚め待つだろ</c><3>う</c><1></c>,ろ
175.959,176.226,-1,0,<1></c><2>そのかけらがめざめまつだろ</c><3>う</c><1></c>,ろ
176.226,182.332,-1,92,<1></c><2>その欠片が目覚め待つだろう</c><1></c>,う
176.226,182.332,-1,0,<1></c><2>そのかけらがめざめまつだろう</c><1></c>,う
191.475,192.509,-1,92,<1></c><2>君</c><3>よ恐れるな</c><1></c>,君
191.475,191.975,-1,0,<1></c><2>き</c><3>みよおそれるな</c><1></c>,き
191.975,192.509,-1,0,<1></c><2>きみ</c><3>よおそれるな</c><1></c>,み
192.509,193.243,-1,92,<1></c><2>君よ</c><3>恐れるな</c><1></c>,よ
192.509,193.243,-1,0,<1></c><2>きみよ</c><3>おそれるな</c><1></c>,よ
193.243,194.011,-1,92,<1></c><2>君よ恐</c><3>れるな</c><1></c>,恐
193.243,193.51,-1,0,<1></c><2>きみよお</c><3>それるな</c><1></c>,お
193.51,194.011,-1,0,<1></c><2>きみよおそ</c><3>れるな</c><1></c>,そ
194.011,194.278,-1,92,<1></c><2>君よ恐れ</c><3>るな</c><1></c>,れ
194.011,194.278,-1,0,<1></c><2>きみよおそれ</c><3>るな</c><1></c>,れ
194.278,194.511,-1,92,<1></c><2>君よ恐れる</c><3>な</c><1></c>,る
194.278,194.511,-1,0,<1></c><2>きみよおそれる</c><3>な</c><1></c>,る
194.511,195.546,-1,92,<1></c><2>君よ恐れるな</c><1></c>,な
194.511,195.546,-1,0,<1></c><2>きみよおそれるな</c><1></c>,な
195.546,197.314,-1,92,<1></c><2>心</c><3>赴くまま眼差しの炎</c><1></c>,心
195.546,196.079,-1,0,<1></c><2>こ</c><3>ころおもむくまままなざしのほのお</c><1></c>,こ
196.079,196.58,-1,0,<1></c><2>ここ</c><3>ろおもむくまままなざしのほのお</c><1></c>,こ
196.58,197.314,-1,0,<1></c><2>こころ</c><3>おもむくまままなざしのほのお</c><1></c>,ろ
197.314,198.081,-1,92,<1></c><2>心赴</c><3>くまま眼差しの炎</c><1></c>,赴
197.314,197.581,-1,0,<1></c><2>こころお</c><3>もむくまままなざしのほのお</c><1></c>,お
197.581,197.814,-1,0,<1></c><2>こころおも</c><3>むくまままなざしのほのお</c><1></c>,も
197.814,198.081,-1,0,<1></c><2>こころおもむ</c><3>くまままなざしのほのお</c><1></c>,む
198.081,198.348,-1,92,<1></c><2>心赴く</c><3>まま眼差しの炎</c><1></c>,く
198.081,198.348,-1,0,<1></c><2>こころおもむく</c><3>まままなざしのほのお</c><1></c>,く
198.348,198.582,-1,92,<1></c><2>心赴くま</c><3>ま眼差しの炎</c><1></c>,ま
198.348,198.582,-1,0,<1></c><2>こころおもむくま</c><3>ままなざしのほのお</c><1></c>,ま
198.582,199.616,-1,92,<1></c><2>心赴くまま</c><3>眼差しの炎</c><1></c>,ま
198.582,199.616,-1,0,<1></c><2>こころおもむくまま</c><3>まなざしのほのお</c><1></c>,ま
199.616,200.651,-1,92,<1></c><2>心赴くまま眼</c><3>差しの炎</c><1></c>,眼
199.616,200.117,-1,0,<1></c><2>こころおもむくままま</c><3>なざしのほのお</c><1></c>,ま
200.117,200.651,-1,0,<1></c><2>こころおもむくまままな</c><3>ざしのほのお</c><1></c>,な
200.651,201.151,-1,92,<1></c><2>心赴くまま眼差</c><3>しの炎</c><1></c>,差
200.651,201.151,-1,0,<1></c><2>こころおもむくまままなざ</c><3>しのほのお</c><1></c>,ざ
201.151,201.385,-1,92,<1></c><2>心赴くまま眼差し</c><3>の炎</c><1></c>,し
201.151,201.385,-1,0,<1></c><2>こころおもむくまままなざし</c><3>のほのお</c><1></c>,し
201.385,201.652,-1,92,<1></c><2>心赴くまま眼差しの</c><3>炎</c><1></c>,の
201.385,201.652,-1,0,<1></c><2>こころおもむくまままなざしの</c><3>ほのお</c><1></c>,の
201.652,202.653,-1,92,<1></c><2>心赴くまま眼差しの炎</c><1></c>,炎
201.652,202.152,-1,0,<1></c><2>こころおもむくまままなざしのほ</c><3>のお</c><1></c>,ほ
202.152,202.653,-1,0,<1></c><2>こころおもむくまままなざしのほのお</c><1></c>,のお
202.653,203.187,-1,92,<1></c><2>絶</c><3>やさぬよう君らしく進め</c><1></c>,絶
202.653,203.187,-1,0,<1></c><2>た</c><3>やさぬようきみらしくすすめ</c><1></c>,た
203.187,203.453,-1,92,<1></c><2>絶や</c><3>さぬよう君らしく進め</c><1></c>,や
203.187,203.453,-1,0,<1></c><2>たや</c><3>さぬようきみらしくすすめ</c><1></c>,や
203.453,203.687,-1,92,<1></c><2>絶やさ</c><3>ぬよう君らしく進め</c><1></c>,さ
203.453,203.687,-1,0,<1></c><2>たやさ</c><3>ぬようきみらしくすすめ</c><1></c>,さ
203.687,203.921,-1,92,<1></c><2>絶やさぬ</c><3>よう君らしく進め</c><1></c>,ぬ
203.687,203.921,-1,0,<1></c><2>たやさぬ</c><3>ようきみらしくすすめ</c><1></c>,ぬ
203.921,204.188,-1,92,<1></c><2>絶やさぬよ</c><3>う君らしく進め</c><1></c>,よ
203.921,204.188,-1,0,<1></c><2>たやさぬよ</c><3>うきみらしくすすめ</c><1></c>,よ
204.188,204.688,-1,92,<1></c><2>絶やさぬよう</c><3>君らしく進め</c><1></c>,う
204.188,204.688,-1,0,<1></c><2>たやさぬよう</c><3>きみらしくすすめ</c><1></c>,う
204.688,205.189,-1,92,<1></c><2>絶やさぬよう君</c><3>らしく進め</c><1></c>,君
204.688,204.955,-1,0,<1></c><2>たやさぬようき</c><3>みらしくすすめ</c><1></c>,き
204.955,205.189,-1,0,<1></c><2>たやさぬようきみ</c><3>らしくすすめ</c><1></c>,み
205.189,205.455,-1,92,<1></c><2>絶やさぬよう君ら</c><3>しく進め</c><1></c>,ら
205.189,205.455,-1,0,<1></c><2>たやさぬようきみら</c><3>しくすすめ</c><1></c>,ら
205.455,205.722,-1,92,<1></c><2>絶やさぬよう君らし</c><3>く進め</c><1></c>,し
205.455,205.722,-1,0,<1></c><2>たやさぬようきみらし</c><3>くすすめ</c><1></c>,し
205.722,206.223,-1,92,<1></c><2>絶やさぬよう君らしく</c><3>進め</c><1></c>,く
205.722,206.223,-1,0,<1></c><2>たやさぬようきみらしく</c><3>すすめ</c><1></c>,く
206.223,206.957,-1,92,<1></c><2>絶やさぬよう君らしく進</c><3>め</c><1></c>,進
206.223,206.49,-1,0,<1></c><2>たやさぬようきみらしくす</c><3>すめ</c><1></c>,す
206.49,206.957,-1,0,<1></c><2>たやさぬようきみらしくすす</c><3>め</c><1></c>,す
206.723,207.758,-1,85,<1></c><2>白</c><3>き絆を交わし</c><1></c>,白
206.723,207.224,-1,7,<1></c><2>し</c><3>ろききずなをかわし</c><1></c>,し
206.957,209.76,-1,92,<1></c><2>絶やさぬよう君らしく進め</c><1></c>,め
206.957,209.76,-1,0,<1></c><2>たやさぬようきみらしくすすめ</c><1></c>,め
207.224,207.758,-1,7,<1></c><2>しろ</c><3>ききずなをかわし</c><1></c>,ろ
207.758,208.258,-1,85,<1></c><2>白き</c><3>絆を交わし</c><1></c>,き
207.758,208.258,-1,7,<1></c><2>しろき</c><3>きずなをかわし</c><1></c>,き
208.258,209.026,-1,85,<1></c><2>白き絆</c><3>を交わし</c><1></c>,絆
208.258,208.525,-1,7,<1></c><2>しろきき</c><3>ずなをかわし</c><1></c>,き
208.525,208.759,-1,7,<1></c><2>しろききず</c><3>なをかわし</c><1></c>,ず
208.759,209.026,-1,7,<1></c><2>しろききずな</c><3>をかわし</c><1></c>,な
209.026,209.259,-1,85,<1></c><2>白き絆を</c><3>交わし</c><1></c>,を
209.026,209.259,-1,7,<1></c><2>しろききずなを</c><3>かわし</c><1></c>,を
209.259,209.526,-1,85,<1></c><2>白き絆を交</c><3>わし</c><1></c>,交
209.259,209.526,-1,7,<1></c><2>しろききずなをか</c><3>わし</c><1></c>,か
209.526,209.76,-1,85,<1></c><2>白き絆を交わ</c><3>し</c><1></c>,わ
209.526,209.76,-1,7,<1></c><2>しろききずなをかわ</c><3>し</c><1></c>,わ
209.76,210.794,-1,85,<1></c><2>白き絆を交わし</c><1></c>,し
209.76,210.794,-1,7,<1></c><2>しろききずなをかわし</c><1></c>,し
210.794,211.295,-1,92,<1></c><2>青</c><3>の夜に祈り捧げ</c><1></c>,青
210.794,211.061,-1,0,<1></c><2>あ</c><3>おのよるにいのりささげ</c><1></c>,あ
211.061,211.295,-1,0,<1></c><2>あお</c><3>のよるにいのりささげ</c><1></c>,お
211.295,211.828,-1,92,<1></c><2>青の</c><3>夜に祈り捧げ</c><1></c>,の
211.295,211.828,-1,0,<1></c><2>あおの</c><3>よるにいのりささげ</c><1></c>,の
211.828,212.329,-1,92,<1></c><2>青の夜</c><3>に祈り捧げ</c><1></c>,夜
211.828,212.062,-1,0,<1></c><2>あおのよ</c><3>るにいのりささげ</c><1></c>,よ
212.062,212.329,-1,0,<1></c><2>あおのよる</c><3>にいのりささげ</c><1></c>,る
212.329,212.829,-1,92,<1></c><2>青の夜に</c><3>祈り捧げ</c><1></c>,に
212.329,212.829,-1,0,<1></c><2>あおのよるに</c><3>いのりささげ</c><1></c>,に
212.829,213.33,-1,92,<1></c><2>青の夜に祈</c><3>り捧げ</c><1></c>,祈
212.829,213.096,-1,0,<1></c><2>あおのよるにい</c><3>のりささげ</c><1></c>,い
213.096,213.33,-1,0,<1></c><2>あおのよるにいの</c><3>りささげ</c><1></c>,の
213.33,213.597,-1,92,<1></c><2>青の夜に祈り</c><3>捧げ</c><1></c>,り
213.33,213.597,-1,0,<1></c><2>あおのよるにいのり</c><3>ささげ</c><1></c>,り
213.597,214.364,-1,92,<1></c><2>青の夜に祈り捧</c><3>げ</c><1></c>,捧
213.597,213.864,-1,0,<1></c><2>あおのよるにいのりさ</c><3>さげ</c><1></c>,さ
213.864,214.364,-1,0,<1></c><2>あおのよるにいのりささ</c><3>げ</c><1></c>,さ
214.364,214.898,-1,92,<1></c><2>青の夜に祈り捧げ</c><1></c>,げ
214.364,214.898,-1,0,<1></c><2>あおのよるにいのりささげ</c><1></c>,げ
214.898,216.366,-1,92,<1></c><2>緑</c><3>の種を蒔きて</c><1></c>,緑
214.898,215.365,-1,0,<1></c><2>み</c><3>どりのたねをまきて</c><1></c>,み
215.365,215.866,-1,0,<1></c><2>みど</c><3>りのたねをまきて</c><1></c>,ど
215.866,216.366,-1,0,<1></c><2>みどり</c><3>のたねをまきて</c><1></c>,り
216.366,216.633,-1,92,<1></c><2>緑の</c><3>種を蒔きて</c><1></c>,の
216.366,216.633,-1,0,<1></c><2>みどりの</c><3>たねをまきて</c><1></c>,の
216.633,217.134,-1,92,<1></c><2>緑の種</c><3>を蒔きて</c><1></c>,種
216.633,216.9,-1,0,<1></c><2>みどりのた</c><3>ねをまきて</c><1></c>,た
216.9,217.134,-1,0,<1></c><2>みどりのたね</c><3>をまきて</c><1></c>,ね
217.134,217.401,-1,92,<1></c><2>緑の種を</c><3>蒔きて</c><1></c>,を
217.134,217.401,-1,0,<1></c><2>みどりのたねを</c><3>まきて</c><1></c>,を
217.401,217.634,-1,92,<1></c><2>緑の種を蒔</c><3>きて</c><1></c>,蒔
217.401,217.634,-1,0,<1></c><2>みどりのたねをま</c><3>きて</c><1></c>,ま
217.634,217.901,-1,92,<1></c><2>緑の種を蒔き</c><3>て</c><1></c>,き
217.634,217.901,-1,0,<1></c><2>みどりのたねをまき</c><3>て</c><1></c>,き
217.901,218.936,-1,92,<1></c><2>緑の種を蒔きて</c><1></c>,て
217.901,218.936,-1,0,<1></c><2>みどりのたねをまきて</c><1></c>,て
218.936,219.97,-1,92,<1></c><2>黄</c><3>金の実りを抱け</c><1></c>,黄
218.936,219.469,-1,0,<1></c><2>お</c><3>うごんのみのりをいだけ</c><1></c>,お
219.469,219.97,-1,0,<1></c><2>おう</c><3>ごんのみのりをいだけ</c><1></c>,う
219.97,220.704,-1,92,<1></c><2>黄金</c><3>の実りを抱け</c><1></c>,金
219.97,220.47,-1,0,<1></c><2>おうご</c><3>んのみのりをいだけ</c><1></c>,ご
220.47,220.704,-1,0,<1></c><2>おうごん</c><3>のみのりをいだけ</c><1></c>,ん
220.704,220.971,-1,92,<1></c><2>黄金の</c><3>実りを抱け</c><1></c>,の
220.704,220.971,-1,0,<1></c><2>おうごんの</c><3>みのりをいだけ</c><1></c>,の
220.971,221.471,-1,92,<1></c><2>黄金の実</c><3>りを抱け</c><1></c>,実
220.971,221.238,-1,0,<1></c><2>おうごんのみ</c><3>のりをいだけ</c><1></c>,み
221.238,221.471,-1,0,<1></c><2>おうごんのみの</c><3>りをいだけ</c><1></c>,の
221.471,221.605,-1,92,<1></c><2>黄金の実り</c><3>を抱け</c><1></c>,り
221.471,221.605,-1,0,<1></c><2>おうごんのみのり</c><3>をいだけ</c><1></c>,り
221.605,221.672,-1,92,<1></c><2>黄金の実りを</c><3>抱け</c><1></c>,を
221.605,221.672,-1,0,<1></c><2>おうごんのみのりを</c><3>いだけ</c><1></c>,を
221.672,222.139,-1,92,<1></c><2>黄金の実りを抱</c><3>け</c><1></c>,抱
221.672,221.738,-1,0,<1></c><2>おうごんのみのりをい</c><3>だけ</c><1></c>,い
221.738,222.139,-1,0,<1></c><2>おうごんのみのりをいだ</c><3>け</c><1></c>,だ
222.139,225.042,-1,92,<1></c><2>黄金の実りを抱け</c><1></c>,け
222.139,225.042,-1,0,<1></c><2>おうごんのみのりをいだけ</c><1></c>,け
