start,end,position,line,text,token
1.552,1.719,0,0,<2>ゆ</c><1>めならばどれほどよかったでしょう</c>,ゆ
1.552,1.885,0,-1,<2>夢</c><1>ならばどれほどよかったでしょう</c>,夢
1.719,1.885,0,0,<2>ゆめ</c><1>ならばどれほどよかったでしょう</c>,め
1.885,2.186,0,0,<2>ゆめな</c><1>らばどれほどよかったでしょう</c>,な
1.885,2.186,0,-1,<2>夢な</c><1>らばどれほどよかったでしょう</c>,な
2.186,2.386,0,0,<2>ゆめなら</c><1>ばどれほどよかったでしょう</c>,ら
2.186,2.386,0,-1,<2>夢なら</c><1>ばどれほどよかったでしょう</c>,ら
2.386,2.92,0,0,<2>ゆめならば</c><1>どれほどよかったでしょう</c>,ば
2.386,2.92,0,-1,<2>夢ならば</c><1>どれほどよかったでしょう</c>,ば
2.92,3.253,0,0,<2>ゆめならばど</c><1>れほどよかったでしょう</c>,ど
2.92,3.253,0,-1,<2>夢ならばど</c><1>れほどよかったでしょう</c>,ど
3.253,3.587,0,0,<2>ゆめならばどれ</c><1>ほどよかったでしょう</c>,れ
3.253,3.587,0,-1,<2>夢ならばどれ</c><1>ほどよかったでしょう</c>,れ
3.587,3.787,0,0,<2>ゆめならばどれほ</c><1>どよかったでしょう</c>,ほ
3.587,3.787,0,-1,<2>夢ならばどれほ</c><1>どよかったでしょう</c>,ほ
3.787,4.288,0,0,<2>ゆめならばどれほど</c><1>よかったでしょう</c>,ど
3.787,4.288,0,-1,<2>夢ならばどれほど</c><1>よかったでしょう</c>,ど
4.288,4.621,0,0,<2>ゆめならばどれほどよ</c><1>かったでしょう</c>,よ
4.288,4.621,0,-1,<2>夢ならばどれほどよ</c><1>かったでしょう</c>,よ
4.621,4.822,0,0,<2>ゆめならばどれほどよか</c><1>ったでしょう</c>,か
4.621,4.822,0,-1,<2>夢ならばどれほどよか</c><1>ったでしょう</c>,か
4.822,4.955,0,0,<2>ゆめならばどれほどよかっ</c><1>たでしょう</c>,っ
4.822,4.955,0,-1,<2>夢ならばどれほどよかっ</c><1>たでしょう</c>,っ
4.955,5.155,0,0,<2>ゆめならばどれほどよかった</c><1>でしょう</c>,た
4.955,5.155,0,-1,<2>夢ならばどれほどよかった</c><1>でしょう</c>,た
5.155,5.689,0,0,<2>ゆめならばどれほどよかったで</c><1>しょう</c>,で
5.155,5.689,0,-1,<2>夢ならばどれほどよかったで</c><1>しょう</c>,で
5.689,6.023,0,0,<2>ゆめならばどれほどよかったでしょ</c><1>う</c>,しょ
5.689,6.023,0,-1,<2>夢ならばどれほどよかったでしょ</c><1>う</c>,しょ
6.023,7.057,0,0,<2>ゆめならばどれほどよかったでしょう</c>,う
6.023,7.057,0,-1,<2>夢ならばどれほどよかったでしょう</c>,う
7.057,7.224,0,0,<2>い</c><1>まだにあなたのことをゆめにみる</c>,い
7.057,7.391,0,-1,<2>未</c><1>だにあなたのことを夢にみる</c>,未
7.224,7.391,0,0,<2>いま</c><1>だにあなたのことをゆめにみる</c>,ま
7.391,8.092,0,0,<2>いまだ</c><1>にあなたのことをゆめにみる</c>,だ
7.391,8.092,0,-1,<2>未だ</c><1>にあなたのことを夢にみる</c>,だ
8.092,8.392,0,0,<2>いまだに</c><1>あなたのことをゆめにみる</c>,に
8.092,8.392,0,-1,<2>未だに</c><1>あなたのことを夢にみる</c>,に
8.392,8.592,0,0,<2>いまだにあ</c><1>なたのことをゆめにみる</c>,あ
8.392,8.592,0,-1,<2>未だにあ</c><1>なたのことを夢にみる</c>,あ
8.592,8.759,0,0,<2>いまだにあな</c><1>たのことをゆめにみる</c>,な
8.592,8.759,0,-1,<2>未だにあな</c><1>たのことを夢にみる</c>,な
8.759,9.426,0,0,<2>いまだにあなた</c><1>のことをゆめにみる</c>,た
8.759,9.426,0,-1,<2>未だにあなた</c><1>のことを夢にみる</c>,た
9.426,9.793,0,0,<2>いまだにあなたの</c><1>ことをゆめにみる</c>,の
9.426,9.793,0,-1,<2>未だにあなたの</c><1>ことを夢にみる</c>,の
9.793,9.96,0,0,<2>いまだにあなたのこ</c><1>とをゆめにみる</c>,こ
9.793,9.96,0,-1,<2>未だにあなたのこ</c><1>とを夢にみる</c>,こ
9.96,10.127,0,0,<2>いまだにあなたのこと</c><1>をゆめにみる</c>,と
9.96,10.127,0,-1,<2>未だにあなたのこと</c><1>を夢にみる</c>,と
10.127,10.694,0,0,<2>いまだにあなたのことを</c><1>ゆめにみる</c>,を
10.127,10.694,0,-1,<2>未だにあなたのことを</c><1>夢にみる</c>,を
10.694,10.828,0,0,<2>いまだにあなたのことをゆ</c><1>めにみる</c>,ゆ
10.694,11.161,0,-1,<2>未だにあなたのことを夢</c><1>にみる</c>,夢
10.828,11.161,0,0,<2>いまだにあなたのことをゆめ</c><1>にみる</c>,め
11.161,11.328,0,0,<2>いまだにあなたのことをゆめに</c><1>みる</c>,に
11.161,11.328,0,-1,<2>未だにあなたのことを夢に</c><1>みる</c>,に
11.328,11.495,0,0,<2>いまだにあなたのことをゆめにみ</c><1>る</c>,み
11.328,11.495,0,-1,<2>未だにあなたのことを夢にみ</c><1>る</c>,み
11.495,12.496,0,0,<2>いまだにあなたのことをゆめにみる</c>,る
11.495,12.496,0,-1,<2>未だにあなたのことを夢にみる</c>,る
12.496,12.73,0,0,<2>わ</c><1>すれたものをとりにかえるように</c>,わ
12.496,12.896,0,-1,<2>忘</c><1>れた物を取りに帰るように</c>,忘
12.73,12.896,0,0,<2>わす</c><1>れたものをとりにかえるように</c>,す
12.896,13.23,0,0,<2>わすれ</c><1>たものをとりにかえるように</c>,れ
12.896,13.23,0,-1,<2>忘れ</c><1>た物を取りに帰るように</c>,れ
13.23,13.43,0,0,<2>わすれた</c><1>ものをとりにかえるように</c>,た
13.23,13.43,0,-1,<2>忘れた</c><1>物を取りに帰るように</c>,た
13.43,13.931,0,0,<2>わすれたも</c><1>のをとりにかえるように</c>,も
13.43,14.298,0,-1,<2>忘れた物</c><1>を取りに帰るように</c>,物
13.931,14.298,0,0,<2>わすれたもの</c><1>をとりにかえるように</c>,の
14.298,14.598,0,0,<2>わすれたものを</c><1>とりにかえるように</c>,を
14.298,14.598,0,-1,<2>忘れた物を</c><1>取りに帰るように</c>,を
14.598,14.798,0,0,<2>わすれたものをと</c><1>りにかえるように</c>,と
14.598,14.798,0,-1,<2>忘れた物を取</c><1>りに帰るように</c>,取
14.798,15.332,0,0,<2>わすれたものをとり</c><1>にかえるように</c>,り
14.798,15.332,0,-1,<2>忘れた物を取り</c><1>に帰るように</c>,り
15.332,15.632,0,0,<2>わすれたものをとりに</c><1>かえるように</c>,に
15.332,15.632,0,-1,<2>忘れた物を取りに</c><1>帰るように</c>,に
15.632,15.966,0,0,<2>わすれたものをとりにか</c><1>えるように</c>,か
15.632,16.2,0,-1,<2>忘れた物を取りに帰</c><1>るように</c>,帰
15.966,16.2,0,0,<2>わすれたものをとりにかえ</c><1>るように</c>,え
16.2,16.667,0,0,<2>わすれたものをとりにかえる</c><1>ように</c>,る
16.2,16.667,0,-1,<2>忘れた物を取りに帰る</c><1>ように</c>,る
16.667,16.834,0,0,<2>わすれたものをとりにかえるよ</c><1>うに</c>,よ
16.667,16.834,0,-1,<2>忘れた物を取りに帰るよ</c><1>うに</c>,よ
16.834,17.067,0,0,<2>わすれたものをとりにかえるよう</c><1>に</c>,う
16.834,17.067,0,-1,<2>忘れた物を取りに帰るよう</c><1>に</c>,う
17.067,18.035,0,0,<2>わすれたものをとりにかえるように</c>,に
17.067,18.035,0,-1,<2>忘れた物を取りに帰るように</c>,に
18.035,18.202,0,0,<2>ふ</c><1>るびたおもいでのほこりをはらう</c>,ふ
18.035,18.402,0,-1,<2>古</c><1>びた思い出の埃を払う</c>,古
18.202,18.402,0,0,<2>ふる</c><1>びたおもいでのほこりをはらう</c>,る
18.402,19.103,0,0,<2>ふるび</c><1>たおもいでのほこりをはらう</c>,び
18.402,19.103,0,-1,<2>古び</c><1>た思い出の埃を払う</c>,び
19.103,19.436,0,0,<2>ふるびた</c><1>おもいでのほこりをはらう</c>,た
19.103,19.436,0,-1,<2>古びた</c><1>思い出の埃を払う</c>,た
19.436,19.57,0,0,<2>ふるびたお</c><1>もいでのほこりをはらう</c>,お
19.436,19.77,0,-1,<2>古びた思</c><1>い出の埃を払う</c>,思
19.57,19.77,0,0,<2>ふるびたおも</c><1>いでのほこりをはらう</c>,も
19.77,20.137,0,0,<2>ふるびたおもい</c><1>でのほこりをはらう</c>,い
19.77,20.137,0,-1,<2>古びた思い</c><1>出の埃を払う</c>,い
20.137,20.471,0,0,<2>ふるびたおもいで</c><1>のほこりをはらう</c>,で
20.137,20.471,0,-1,<2>古びた思い出</c><1>の埃を払う</c>,出
20.471,20.838,0,0,<2>ふるびたおもいでの</c><1>ほこりをはらう</c>,の
20.471,20.838,0,-1,<2>古びた思い出の</c><1>埃を払う</c>,の
20.838,21.171,0,0,<2>ふるびたおもいでのほ</c><1>こりをはらう</c>,ほ
20.838,21.872,0,-1,<2>古びた思い出の埃</c><1>を払う</c>,埃
21.171,21.739,0,0,<2>ふるびたおもいでのほこ</c><1>りをはらう</c>,こ
21.739,21.872,0,0,<2>ふるびたおもいでのほこり</c><1>をはらう</c>,り
21.872,22.373,0,0,<2>ふるびたおもいでのほこりを</c><1>はらう</c>,を
21.872,22.373,0,-1,<2>古びた思い出の埃を</c><1>払う</c>,を
22.373,22.539,0,0,<2>ふるびたおもいでのほこりをは</c><1>らう</c>,は
22.373,23.307,0,-1,<2>古びた思い出の埃を払</c><1>う</c>,払
22.539,23.307,0,0,<2>ふるびたおもいでのほこりをはら</c><1>う</c>,ら
23.307,23.98,0,0,<2>ふるびたおもいでのほこりをはらう</c>,う
23.307,23.98,0,-1,<2>古びた思い出の埃を払う</c>,う
26.343,26.51,0,0,<2>も</c><1>どらないしあわせがあることを</c>,も
26.343,26.677,0,-1,<2>戻</c><1>らない幸せがあることを</c>,戻
26.51,26.677,0,0,<2>もど</c><1>らないしあわせがあることを</c>,ど
26.677,27.011,0,0,<2>もどら</c><1>ないしあわせがあることを</c>,ら
26.677,27.011,0,-1,<2>戻ら</c><1>ない幸せがあることを</c>,ら
27.011,27.211,0,0,<2>もどらな</c><1>いしあわせがあることを</c>,な
27.011,27.211,0,-1,<2>戻らな</c><1>い幸せがあることを</c>,な
27.211,27.711,0,0,<2>もどらない</c><1>しあわせがあることを</c>,い
27.211,27.711,0,-1,<2>戻らない</c><1>幸せがあることを</c>,い
27.711,28.045,0,0,<2>もどらないし</c><1>あわせがあることを</c>,し
27.711,28.645,0,-1,<2>戻らない幸</c><1>せがあることを</c>,幸
28.045,28.412,0,0,<2>もどらないしあ</c><1>わせがあることを</c>,あ
28.412,28.645,0,0,<2>もどらないしあわ</c><1>せがあることを</c>,わ
28.645,29.113,0,0,<2>もどらないしあわせ</c><1>があることを</c>,せ
28.645,29.113,0,-1,<2>戻らない幸せ</c><1>があることを</c>,せ
29.113,29.446,0,0,<2>もどらないしあわせが</c><1>あることを</c>,が
29.113,29.446,0,-1,<2>戻らない幸せが</c><1>あることを</c>,が
29.446,29.813,0,0,<2>もどらないしあわせがあ</c><1>ることを</c>,あ
29.446,29.813,0,-1,<2>戻らない幸せがあ</c><1>ることを</c>,あ
29.813,30.014,0,0,<2>もどらないしあわせがある</c><1>ことを</c>,る
29.813,30.014,0,-1,<2>戻らない幸せがある</c><1>ことを</c>,る
30.014,30.481,0,0,<2>もどらないしあわせがあるこ</c><1>とを</c>,こ
30.014,30.481,0,-1,<2>戻らない幸せがあるこ</c><1>とを</c>,こ
30.481,30.848,0,0,<2>もどらないしあわせがあること</c><1>を</c>,と
30.481,30.848,0,-1,<2>戻らない幸せがあること</c><1>を</c>,と
30.848,31.849,0,0,<2>もどらないしあわせがあることを</c>,を
30.848,31.849,0,-1,<2>戻らない幸せがあることを</c>,を
31.849,32.016,0,0,<2>さ</c><1>いごにあなたがおしえてくれた</c>,さ
31.849,32.216,0,-1,<2>最</c><1>後にあなたが教えてくれた</c>,最
32.016,32.216,0,0,<2>さい</c><1>ごにあなたがおしえてくれた</c>,い
32.216,32.916,0,0,<2>さいご</c><1>にあなたがおしえてくれた</c>,ご
32.216,32.916,0,-1,<2>最後</c><1>にあなたが教えてくれた</c>,後
32.916,33.25,0,0,<2>さいごに</c><1>あなたがおしえてくれた</c>,に
32.916,33.25,0,-1,<2>最後に</c><1>あなたが教えてくれた</c>,に
33.25,33.417,0,0,<2>さいごにあ</c><1>なたがおしえてくれた</c>,あ
33.25,33.417,0,-1,<2>最後にあ</c><1>なたが教えてくれた</c>,あ
33.417,33.584,0,0,<2>さいごにあな</c><1>たがおしえてくれた</c>,な
33.417,33.584,0,-1,<2>最後にあな</c><1>たが教えてくれた</c>,な
33.584,34.284,0,0,<2>さいごにあなた</c><1>がおしえてくれた</c>,た
33.584,34.284,0,-1,<2>最後にあなた</c><1>が教えてくれた</c>,た
34.284,34.618,0,0,<2>さいごにあなたが</c><1>おしえてくれた</c>,が
34.284,34.618,0,-1,<2>最後にあなたが</c><1>教えてくれた</c>,が
34.618,34.718,0,0,<2>さいごにあなたがお</c><1>しえてくれた</c>,お
34.618,34.985,0,-1,<2>最後にあなたが教</c><1>えてくれた</c>,教
34.718,34.985,0,0,<2>さいごにあなたがおし</c><1>えてくれた</c>,し
34.985,35.652,0,0,<2>さいごにあなたがおしえ</c><1>てくれた</c>,え
34.985,35.652,0,-1,<2>最後にあなたが教え</c><1>てくれた</c>,え
35.652,35.986,0,0,<2>さいごにあなたがおしえて</c><1>くれた</c>,て
35.652,35.986,0,-1,<2>最後にあなたが教えて</c><1>くれた</c>,て
35.986,36.153,0,0,<2>さいごにあなたがおしえてく</c><1>れた</c>,く
35.986,36.153,0,-1,<2>最後にあなたが教えてく</c><1>れた</c>,く
36.153,36.353,0,0,<2>さいごにあなたがおしえてくれ</c><1>た</c>,れ
36.153,36.353,0,-1,<2>最後にあなたが教えてくれ</c><1>た</c>,れ
36.353,37.388,0,0,<2>さいごにあなたがおしえてくれた</c>,た
36.353,37.388,0,-1,<2>最後にあなたが教えてくれた</c>,た
37.388,37.588,0,0,<2>い</c><1>えずにかくしてたくらいかこも</c>,い
37.388,37.588,0,-1,<2>言</c><1>えずに隠してた昏い過去も</c>,言
37.588,37.721,0,0,<2>いえ</c><1>ずにかくしてたくらいかこも</c>,え
37.588,37.721,0,-1,<2>言え</c><1>ずに隠してた昏い過去も</c>,え
37.721,38.055,0,0,<2>いえず</c><1>にかくしてたくらいかこも</c>,ず
37.721,38.055,0,-1,<2>言えず</c><1>に隠してた昏い過去も</c>,ず
38.055,38.222,0,0,<2>いえずに</c><1>かくしてたくらいかこも</c>,に
38.055,38.222,0,-1,<2>言えずに</c><1>隠してた昏い過去も</c>,に
38.222,38.756,0,0,<2>いえずにか</c><1>くしてたくらいかこも</c>,か
38.222,39.089,0,-1,<2>言えずに隠</c><1>してた昏い過去も</c>,隠
38.756,39.089,0,0,<2>いえずにかく</c><1>してたくらいかこも</c>,く
39.089,39.423,0,0,<2>いえずにかくし</c><1>てたくらいかこも</c>,し
39.089,39.423,0,-1,<2>言えずに隠し</c><1>てた昏い過去も</c>,し
39.423,39.623,0,0,<2>いえずにかくして</c><1>たくらいかこも</c>,て
39.423,39.623,0,-1,<2>言えずに隠して</c><1>た昏い過去も</c>,て
39.623,40.157,0,0,<2>いえずにかくしてた</c><1>くらいかこも</c>,た
39.623,40.157,0,-1,<2>言えずに隠してた</c><1>昏い過去も</c>,た
40.157,40.491,0,0,<2>いえずにかくしてたく</c><1>らいかこも</c>,く
40.157,40.824,0,-1,<2>言えずに隠してた昏</c><1>い過去も</c>,昏
40.491,40.824,0,0,<2>いえずにかくしてたくら</c><1>いかこも</c>,ら
40.824,40.991,0,0,<2>いえずにかくしてたくらい</c><1>かこも</c>,い
40.824,40.991,0,-1,<2>言えずに隠してた昏い</c><1>過去も</c>,い
40.991,41.525,0,0,<2>いえずにかくしてたくらいか</c><1>こも</c>,か
40.991,41.525,0,-1,<2>言えずに隠してた昏い過</c><1>去も</c>,過
41.525,41.859,0,0,<2>いえずにかくしてたくらいかこ</c><1>も</c>,こ
41.525,41.859,0,-1,<2>言えずに隠してた昏い過去</c><1>も</c>,去
41.859,42.86,0,0,<2>いえずにかくしてたくらいかこも</c>,も
41.859,42.86,0,-1,<2>言えずに隠してた昏い過去も</c>,も
42.86,43.027,0,0,<2>あ</c><1>なたがいなきゃえいえんにくらいまま</c>,あ
42.86,43.027,0,-1,<2>あ</c><1>なたがいなきゃ永遠に昏いまま</c>,あ
43.027,43.26,0,0,<2>あな</c><1>たがいなきゃえいえんにくらいまま</c>,な
43.027,43.26,0,-1,<2>あな</c><1>たがいなきゃ永遠に昏いまま</c>,な
43.26,43.927,0,0,<2>あなた</c><1>がいなきゃえいえんにくらいまま</c>,た
43.26,43.927,0,-1,<2>あなた</c><1>がいなきゃ永遠に昏いまま</c>,た
43.927,44.294,0,0,<2>あなたが</c><1>いなきゃえいえんにくらいまま</c>,が
43.927,44.294,0,-1,<2>あなたが</c><1>いなきゃ永遠に昏いまま</c>,が
44.294,44.428,0,0,<2>あなたがい</c><1>なきゃえいえんにくらいまま</c>,い
44.294,44.428,0,-1,<2>あなたがい</c><1>なきゃ永遠に昏いまま</c>,い
44.428,44.595,0,0,<2>あなたがいな</c><1>きゃえいえんにくらいまま</c>,な
44.428,44.595,0,-1,<2>あなたがいな</c><1>きゃ永遠に昏いまま</c>,な
44.595,44.962,0,0,<2>あなたがいなきゃ</c><1>えいえんにくらいまま</c>,きゃ
44.595,44.962,0,-1,<2>あなたがいなきゃ</c><1>永遠に昏いまま</c>,きゃ
44.962,45.095,0,0,<2>あなたがいなきゃえ</c><1>いえんにくらいまま</c>,え
44.962,45.295,0,-1,<2>あなたがいなきゃ永</c><1>遠に昏いまま</c>,永
45.095,45.295,0,0,<2>あなたがいなきゃえい</c><1>えんにくらいまま</c>,い
45.295,45.462,0,0,<2>あなたがいなきゃえいえ</c><1>んにくらいまま</c>,え
45.295,45.662,0,-1,<2>あなたがいなきゃ永遠</c><1>に昏いまま</c>,遠
45.462,45.662,0,0,<2>あなたがいなきゃえいえん</c><1>にくらいまま</c>,ん
45.662,45.996,0,0,<2>あなたがいなきゃえいえんに</c><1>くらいまま</c>,に
45.662,45.996,0,-1,<2>あなたがいなきゃ永遠に</c><1>昏いまま</c>,に
45.996,46.196,0,0,<2>あなたがいなきゃえいえんにく</c><1>らいまま</c>,く
45.996,46.697,0,-1,<2>あなたがいなきゃ永遠に昏</c><1>いまま</c>,昏
46.196,46.697,0,0,<2>あなたがいなきゃえいえんにくら</c><1>いまま</c>,ら
46.697,47.231,0,0,<2>あなたがいなきゃえいえんにくらい</c><1>まま</c>,い
46.697,47.231,0,-1,<2>あなたがいなきゃ永遠に昏い</c><1>まま</c>,い
47.231,47.464,0,0,<2>あなたがいなきゃえいえんにくらいま</c><1>ま</c>,ま
47.231,47.464,0,-1,<2>あなたがいなきゃ永遠に昏いま</c><1>ま</c>,ま
47.464,48.732,0,0,<2>あなたがいなきゃえいえんにくらいまま</c>,ま
47.464,48.732,0,-1,<2>あなたがいなきゃ永遠に昏いまま</c>,ま
48.732,48.899,0,0,<2>き</c><1>っともうこれいじょう　きずつくことなど</c>,き
48.732,48.899,0,-1,<2>き</c><1>っともうこれ以上　傷つくことなど</c>,き
48.899,49.266,0,0,<2>きっ</c><1>ともうこれいじょう　きずつくことなど</c>,っ
48.899,49.266,0,-1,<2>きっ</c><1>ともうこれ以上　傷つくことなど</c>,っ
49.266,49.433,0,0,<2>きっと</c><1>もうこれいじょう　きずつくことなど</c>,と
49.266,49.433,0,-1,<2>きっと</c><1>もうこれ以上　傷つくことなど</c>,と
49.433,49.566,0,0,<2>きっとも</c><1>うこれいじょう　きずつくことなど</c>,も
49.433,49.566,0,-1,<2>きっとも</c><1>うこれ以上　傷つくことなど</c>,も
49.566,49.8,0,0,<2>きっともう</c><1>これいじょう　きずつくことなど</c>,う
49.566,49.8,0,-1,<2>きっともう</c><1>これ以上　傷つくことなど</c>,う
49.8,49.967,0,0,<2>きっともうこ</c><1>れいじょう　きずつくことなど</c>,こ
49.8,49.967,0,-1,<2>きっともうこ</c><1>れ以上　傷つくことなど</c>,こ
49.967,50.134,0,0,<2>きっともうこれ</c><1>いじょう　きずつくことなど</c>,れ
49.967,50.134,0,-1,<2>きっともうこれ</c><1>以上　傷つくことなど</c>,れ
50.134,50.801,0,0,<2>きっともうこれい</c><1>じょう　きずつくことなど</c>,い
50.134,50.801,0,-1,<2>きっともうこれ以</c><1>上　傷つくことなど</c>,以
50.801,51.001,0,0,<2>きっともうこれいじょ</c><1>う　きずつくことなど</c>,じょ
50.801,51.535,0,-1,<2>きっともうこれ以上</c><1>　傷つくことなど</c>,上
51.001,51.535,0,0,<2>きっともうこれいじょう　</c><1>きずつくことなど</c>,う　
51.535,52.036,0,0,<2>きっともうこれいじょう　き</c><1>ずつくことなど</c>,き
51.535,52.236,0,-1,<2>きっともうこれ以上　傷</c><1>つくことなど</c>,　傷
52.036,52.236,0,0,<2>きっともうこれいじょう　きず</c><1>つくことなど</c>,ず
52.236,52.536,0,0,<2>きっともうこれいじょう　きずつ</c><1>くことなど</c>,つ
52.236,52.536,0,-1,<2>きっともうこれ以上　傷つ</c><1>くことなど</c>,つ
52.536,52.703,0,0,<2>きっともうこれいじょう　きずつく</c><1>ことなど</c>,く
52.536,52.703,0,-1,<2>きっともうこれ以上　傷つく</c><1>ことなど</c>,く
52.703,52.903,0,0,<2>きっともうこれいじょう　きずつくこ</c><1>となど</c>,こ
52.703,52.903,0,-1,<2>きっともうこれ以上　傷つくこ</c><1>となど</c>,こ
52.903,53.237,0,0,<2>きっともうこれいじょう　きずつくこと</c><1>など</c>,と
52.903,53.237,0,-1,<2>きっともうこれ以上　傷つくこと</c><1>など</c>,と
53.237,53.57,0,0,<2>きっともうこれいじょう　きずつくことな</c><1>ど</c>,な
53.237,53.57,0,-1,<2>きっともうこれ以上　傷つくことな</c><1>ど</c>,な
53.57,54.271,0,0,<2>きっともうこれいじょう　きずつくことなど</c>,ど
53.57,54.271,0,-1,<2>きっともうこれ以上　傷つくことなど</c>,ど
54.271,54.772,0,0,<2>あ</c><1>りはしないとわかっている</c>,あ
54.271,54.772,0,-1,<2>あ</c><1>りはしないとわかっている</c>,あ
54.772,54.972,0,0,<2>あり</c><1>はしないとわかっている</c>,り
54.772,54.972,0,-1,<2>あり</c><1>はしないとわかっている</c>,り
54.972,55.305,0,0,<2>ありは</c><1>しないとわかっている</c>,は
54.972,55.305,0,-1,<2>ありは</c><1>しないとわかっている</c>,は
55.305,55.472,0,0,<2>ありはし</c><1>ないとわかっている</c>,し
55.305,55.472,0,-1,<2>ありはし</c><1>ないとわかっている</c>,し
55.472,55.672,0,0,<2>ありはしな</c><1>いとわかっている</c>,な
55.472,55.672,0,-1,<2>ありはしな</c><1>いとわかっている</c>,な
55.672,56.34,0,0,<2>ありはしない</c><1>とわかっている</c>,い
55.672,56.34,0,-1,<2>ありはしない</c><1>とわかっている</c>,い
56.34,56.707,0,0,<2>ありはしないと</c><1>わかっている</c>,と
56.34,56.707,0,-1,<2>ありはしないと</c><1>わかっている</c>,と
56.707,57.007,0,0,<2>ありはしないとわ</c><1>かっている</c>,わ
56.707,57.007,0,-1,<2>ありはしないとわ</c><1>かっている</c>,わ
57.007,57.474,0,0,<2>ありはしないとわか</c><1>っている</c>,か
57.007,57.474,0,-1,<2>ありはしないとわか</c><1>っている</c>,か
57.474,57.741,0,0,<2>ありはしないとわかっ</c><1>ている</c>,っ
57.474,57.741,0,-1,<2>ありはしないとわかっ</c><1>ている</c>,っ
57.741,58.075,0,0,<2>ありはしないとわかって</c><1>いる</c>,て
57.741,58.075,0,-1,<2>ありはしないとわかって</c><1>いる</c>,て
58.075,58.409,0,0,<2>ありはしないとわかってい</c><1>る</c>,い
58.075,58.409,0,-1,<2>ありはしないとわかってい</c><1>る</c>,い
58.409,59.076,0,0,<2>ありはしないとわかっている</c>,る
58.409,59.076,0,-1,<2>ありはしないとわかっている</c>,る
59.076,59.309,0,0,<2>あ</c><1>のひのかなしみさえ　あのひのくるしみさえ</c>,あ
59.076,59.309,0,-1,<2>あ</c><1>の日の悲しみさえ　あの日の苦しみさえ</c>,あ
59.309,59.443,0,0,<2>あの</c><1>ひのかなしみさえ　あのひのくるしみさえ</c>,の
59.309,59.443,0,-1,<2>あの</c><1>日の悲しみさえ　あの日の苦しみさえ</c>,の
59.443,59.643,0,0,<2>あのひ</c><1>のかなしみさえ　あのひのくるしみさえ</c>,ひ
59.443,59.643,0,-1,<2>あの日</c><1>の悲しみさえ　あの日の苦しみさえ</c>,日
59.643,59.81,0,0,<2>あのひの</c><1>かなしみさえ　あのひのくるしみさえ</c>,の
59.643,59.81,0,-1,<2>あの日の</c><1>悲しみさえ　あの日の苦しみさえ</c>,の
59.81,60.044,0,0,<2>あのひのか</c><1>なしみさえ　あのひのくるしみさえ</c>,か
59.81,60.477,0,-1,<2>あの日の悲</c><1>しみさえ　あの日の苦しみさえ</c>,悲
60.044,60.477,0,0,<2>あのひのかな</c><1>しみさえ　あのひのくるしみさえ</c>,な
60.477,60.711,0,0,<2>あのひのかなし</c><1>みさえ　あのひのくるしみさえ</c>,し
60.477,60.711,0,-1,<2>あの日の悲し</c><1>みさえ　あの日の苦しみさえ</c>,し
60.711,61.145,0,0,<2>あのひのかなしみ</c><1>さえ　あのひのくるしみさえ</c>,み
60.711,61.145,0,-1,<2>あの日の悲しみ</c><1>さえ　あの日の苦しみさえ</c>,み
61.145,61.445,0,0,<2>あのひのかなしみさ</c><1>え　あのひのくるしみさえ</c>,さ
61.145,61.445,0,-1,<2>あの日の悲しみさ</c><1>え　あの日の苦しみさえ</c>,さ
61.445,61.845,0,0,<2>あのひのかなしみさえ　</c><1>あのひのくるしみさえ</c>,え　
61.445,61.845,0,-1,<2>あの日の悲しみさえ　</c><1>あの日の苦しみさえ</c>,え　
61.845,62.079,0,0,<2>あのひのかなしみさえ　あ</c><1>のひのくるしみさえ</c>,あ
61.845,62.079,0,-1,<2>あの日の悲しみさえ　あ</c><1>の日の苦しみさえ</c>,あ
62.079,62.246,0,0,<2>あのひのかなしみさえ　あの</c><1>ひのくるしみさえ</c>,の
62.079,62.246,0,-1,<2>あの日の悲しみさえ　あの</c><1>日の苦しみさえ</c>,の
62.246,62.413,0,0,<2>あのひのかなしみさえ　あのひ</c><1>のくるしみさえ</c>,ひ
62.246,62.413,0,-1,<2>あの日の悲しみさえ　あの日</c><1>の苦しみさえ</c>,日
62.413,62.546,0,0,<2>あのひのかなしみさえ　あのひの</c><1>くるしみさえ</c>,の
62.413,62.546,0,-1,<2>あの日の悲しみさえ　あの日の</c><1>苦しみさえ</c>,の
62.546,62.78,0,0,<2>あのひのかなしみさえ　あのひのく</c><1>るしみさえ</c>,く
62.546,63.247,0,-1,<2>あの日の悲しみさえ　あの日の苦</c><1>しみさえ</c>,苦
62.78,63.247,0,0,<2>あのひのかなしみさえ　あのひのくる</c><1>しみさえ</c>,る
63.247,63.447,0,0,<2>あのひのかなしみさえ　あのひのくるし</c><1>みさえ</c>,し
63.247,63.447,0,-1,<2>あの日の悲しみさえ　あの日の苦し</c><1>みさえ</c>,し
63.447,63.947,0,0,<2>あのひのかなしみさえ　あのひのくるしみ</c><1>さえ</c>,み
63.447,63.947,0,-1,<2>あの日の悲しみさえ　あの日の苦しみ</c><1>さえ</c>,み
63.947,64.148,0,0,<2>あのひのかなしみさえ　あのひのくるしみさ</c><1>え</c>,さ
63.947,64.148,0,-1,<2>あの日の悲しみさえ　あの日の苦しみさ</c><1>え</c>,さ
64.148,64.615,0,0,<2>あのひのかなしみさえ　あのひのくるしみさえ</c>,え
64.148,64.615,0,-1,<2>あの日の悲しみさえ　あの日の苦しみさえ</c>,え
64.615,64.815,0,0,<2>そ</c><1>のすべてをあいしてた　あなたとともに</c>,そ
64.615,64.815,0,-1,<2>そ</c><1>のすべてを愛してた　あなたとともに</c>,そ
64.815,64.982,0,0,<2>その</c><1>すべてをあいしてた　あなたとともに</c>,の
64.815,64.982,0,-1,<2>その</c><1>すべてを愛してた　あなたとともに</c>,の
64.982,65.149,0,0,<2>そのす</c><1>べてをあいしてた　あなたとともに</c>,す
64.982,65.149,0,-1,<2>そのす</c><1>べてを愛してた　あなたとともに</c>,す
65.149,65.315,0,0,<2>そのすべ</c><1>てをあいしてた　あなたとともに</c>,べ
65.149,65.315,0,-1,<2>そのすべ</c><1>てを愛してた　あなたとともに</c>,べ
65.315,65.549,0,0,<2>そのすべて</c><1>をあいしてた　あなたとともに</c>,て
65.315,65.549,0,-1,<2>そのすべて</c><1>を愛してた　あなたとともに</c>,て
65.549,65.983,0,0,<2>そのすべてを</c><1>あいしてた　あなたとともに</c>,を
65.549,65.983,0,-1,<2>そのすべてを</c><1>愛してた　あなたとともに</c>,を
65.983,66.283,0,0,<2>そのすべてをあ</c><1>いしてた　あなたとともに</c>,あ
65.983,66.55,0,-1,<2>そのすべてを愛</c><1>してた　あなたとともに</c>,愛
66.283,66.55,0,0,<2>そのすべてをあい</c><1>してた　あなたとともに</c>,い
66.55,66.683,0,0,<2>そのすべてをあいし</c><1>てた　あなたとともに</c>,し
66.55,66.683,0,-1,<2>そのすべてを愛し</c><1>てた　あなたとともに</c>,し
66.683,66.884,0,0,<2>そのすべてをあいして</c><1>た　あなたとともに</c>,て
66.683,66.884,0,-1,<2>そのすべてを愛して</c><1>た　あなたとともに</c>,て
66.884,67.284,0,0,<2>そのすべてをあいしてた　</c><1>あなたとともに</c>,た　
66.884,67.284,0,-1,<2>そのすべてを愛してた　</c><1>あなたとともに</c>,た　
67.284,67.584,0,0,<2>そのすべてをあいしてた　あ</c><1>なたとともに</c>,あ
67.284,67.584,0,-1,<2>そのすべてを愛してた　あ</c><1>なたとともに</c>,あ
67.584,68.085,0,0,<2>そのすべてをあいしてた　あな</c><1>たとともに</c>,な
67.584,68.085,0,-1,<2>そのすべてを愛してた　あな</c><1>たとともに</c>,な
68.085,68.285,0,0,<2>そのすべてをあいしてた　あなた</c><1>とともに</c>,た
68.085,68.285,0,-1,<2>そのすべてを愛してた　あなた</c><1>とともに</c>,た
68.285,68.752,0,0,<2>そのすべてをあいしてた　あなたと</c><1>ともに</c>,と
68.285,68.752,0,-1,<2>そのすべてを愛してた　あなたと</c><1>ともに</c>,と
68.752,68.952,0,0,<2>そのすべてをあいしてた　あなたとと</c><1>もに</c>,と
68.752,68.952,0,-1,<2>そのすべてを愛してた　あなたとと</c><1>もに</c>,と
68.952,69.486,0,0,<2>そのすべてをあいしてた　あなたととも</c><1>に</c>,も
68.952,69.486,0,-1,<2>そのすべてを愛してた　あなたととも</c><1>に</c>,も
69.486,70.154,0,0,<2>そのすべてをあいしてた　あなたとともに</c>,に
69.486,70.154,0,-1,<2>そのすべてを愛してた　あなたとともに</c>,に
70.154,70.354,0,0,<2>む</c><1>ねにのこりはなれない　にがいレモンのにおい</c>,む
70.154,70.487,0,-1,<2>胸</c><1>に残り離れない　苦いレモンの匂い</c>,胸
70.354,70.487,0,0,<2>むね</c><1>にのこりはなれない　にがいレモンのにおい</c>,ね
70.487,70.687,0,0,<2>むねに</c><1>のこりはなれない　にがいレモンのにおい</c>,に
70.487,70.687,0,-1,<2>胸に</c><1>残り離れない　苦いレモンの匂い</c>,に
70.687,70.821,0,0,<2>むねにの</c><1>こりはなれない　にがいレモンのにおい</c>,の
70.687,71.088,0,-1,<2>胸に残</c><1>り離れない　苦いレモンの匂い</c>,残
70.821,71.088,0,0,<2>むねにのこ</c><1>りはなれない　にがいレモンのにおい</c>,こ
71.088,71.555,0,0,<2>むねにのこり</c><1>はなれない　にがいレモンのにおい</c>,り
71.088,71.555,0,-1,<2>胸に残り</c><1>離れない　苦いレモンの匂い</c>,り
71.555,71.755,0,0,<2>むねにのこりは</c><1>なれない　にがいレモンのにおい</c>,は
71.555,72.256,0,-1,<2>胸に残り離</c><1>れない　苦いレモンの匂い</c>,離
71.755,72.256,0,0,<2>むねにのこりはな</c><1>れない　にがいレモンのにおい</c>,な
72.256,72.456,0,0,<2>むねにのこりはなれ</c><1>ない　にがいレモンのにおい</c>,れ
72.256,72.456,0,-1,<2>胸に残り離れ</c><1>ない　苦いレモンの匂い</c>,れ
72.456,72.89,0,0,<2>むねにのこりはなれな</c><1>い　にがいレモンのにおい</c>,な
72.456,72.89,0,-1,<2>胸に残り離れな</c><1>い　苦いレモンの匂い</c>,な
72.89,73.09,0,0,<2>むねにのこりはなれない　</c><1>にがいレモンのにおい</c>,い　
72.89,73.09,0,-1,<2>胸に残り離れない　</c><1>苦いレモンの匂い</c>,い　
73.09,73.223,0,0,<2>むねにのこりはなれない　に</c><1>がいレモンのにおい</c>,に
73.09,73.424,0,-1,<2>胸に残り離れない　苦</c><1>いレモンの匂い</c>,苦
73.223,73.424,0,0,<2>むねにのこりはなれない　にが</c><1>いレモンのにおい</c>,が
73.424,73.59,0,0,<2>むねにのこりはなれない　にがい</c><1>レモンのにおい</c>,い
73.424,73.59,0,-1,<2>胸に残り離れない　苦い</c><1>レモンの匂い</c>,い
73.59,73.791,0,0,<2>むねにのこりはなれない　にがいレ</c><1>モンのにおい</c>,レ
73.59,73.791,0,-1,<2>胸に残り離れない　苦いレ</c><1>モンの匂い</c>,レ
73.791,74.058,0,0,<2>むねにのこりはなれない　にがいレモ</c><1>ンのにおい</c>,モ
73.791,74.058,0,-1,<2>胸に残り離れない　苦いレモ</c><1>ンの匂い</c>,モ
74.058,74.258,0,0,<2>むねにのこりはなれない　にがいレモン</c><1>のにおい</c>,ン
74.058,74.258,0,-1,<2>胸に残り離れない　苦いレモン</c><1>の匂い</c>,ン
74.258,74.491,0,0,<2>むねにのこりはなれない　にがいレモンの</c><1>におい</c>,の
74.258,74.491,0,-1,<2>胸に残り離れない　苦いレモンの</c><1>匂い</c>,の
74.491,74.925,0,0,<2>むねにのこりはなれない　にがいレモンのに</c><1>おい</c>,に
74.491,75.392,0,-1,<2>胸に残り離れない　苦いレモンの匂</c><1>い</c>,匂
74.925,75.392,0,0,<2>むねにのこりはなれない　にがいレモンのにお</c><1>い</c>,お
75.392,75.959,0,0,<2>むねにのこりはなれない　にがいレモンのにおい</c>,い
75.392,75.959,0,-1,<2>胸に残り離れない　苦いレモンの匂い</c>,い
75.959,76.16,0,0,<2>あ</c><1>めがふりやむまではかえれない</c>,あ
75.959,76.326,0,-1,<2>雨</c><1>が降り止むまでは帰れない</c>,雨
76.16,76.326,0,0,<2>あめ</c><1>がふりやむまではかえれない</c>,め
76.326,76.693,0,0,<2>あめが</c><1>ふりやむまではかえれない</c>,が
76.326,76.693,0,-1,<2>雨が</c><1>降り止むまでは帰れない</c>,が
76.693,77.027,0,0,<2>あめがふ</c><1>りやむまではかえれない</c>,ふ
76.693,77.027,0,-1,<2>雨が降</c><1>り止むまでは帰れない</c>,降
77.027,77.361,0,0,<2>あめがふり</c><1>やむまではかえれない</c>,り
77.027,77.361,0,-1,<2>雨が降り</c><1>止むまでは帰れない</c>,り
77.361,77.728,0,0,<2>あめがふりや</c><1>むまではかえれない</c>,や
77.361,77.728,0,-1,<2>雨が降り止</c><1>むまでは帰れない</c>,止
77.728,78.062,0,0,<2>あめがふりやむ</c><1>まではかえれない</c>,む
77.728,78.062,0,-1,<2>雨が降り止む</c><1>までは帰れない</c>,む
78.062,78.395,0,0,<2>あめがふりやむま</c><1>ではかえれない</c>,ま
78.062,78.395,0,-1,<2>雨が降り止むま</c><1>では帰れない</c>,ま
78.395,78.595,0,0,<2>あめがふりやむまで</c><1>はかえれない</c>,で
78.395,78.595,0,-1,<2>雨が降り止むまで</c><1>は帰れない</c>,で
78.595,79.096,0,0,<2>あめがふりやむまでは</c><1>かえれない</c>,は
78.595,79.096,0,-1,<2>雨が降り止むまでは</c><1>帰れない</c>,は
79.096,79.296,0,0,<2>あめがふりやむまではか</c><1>えれない</c>,か
79.096,79.797,0,-1,<2>雨が降り止むまでは帰</c><1>れない</c>,帰
79.296,79.797,0,0,<2>あめがふりやむまではかえ</c><1>れない</c>,え
79.797,79.997,0,0,<2>あめがふりやむまではかえれ</c><1>ない</c>,れ
79.797,79.997,0,-1,<2>雨が降り止むまでは帰れ</c><1>ない</c>,れ
79.997,80.497,0,0,<2>あめがふりやむまではかえれな</c><1>い</c>,な
79.997,80.497,0,-1,<2>雨が降り止むまでは帰れな</c><1>い</c>,な
80.497,81.532,0,0,<2>あめがふりやむまではかえれない</c>,い
80.497,81.532,0,-1,<2>雨が降り止むまでは帰れない</c>,い
81.532,81.698,0,0,<2>い</c><1>までもあなたはわたしのひかり</c>,い
81.532,81.865,0,-1,<2>今</c><1>でもあなたはわたしの光</c>,今
81.698,81.865,0,0,<2>いま</c><1>でもあなたはわたしのひかり</c>,ま
81.865,82.199,0,0,<2>いまで</c><1>もあなたはわたしのひかり</c>,で
81.865,82.199,0,-1,<2>今で</c><1>もあなたはわたしの光</c>,で
82.199,82.566,0,0,<2>いまでも</c><1>あなたはわたしのひかり</c>,も
82.199,82.566,0,-1,<2>今でも</c><1>あなたはわたしの光</c>,も
82.566,82.9,0,0,<2>いまでもあ</c><1>なたはわたしのひかり</c>,あ
82.566,82.9,0,-1,<2>今でもあ</c><1>なたはわたしの光</c>,あ
82.9,83.233,0,0,<2>いまでもあな</c><1>たはわたしのひかり</c>,な
82.9,83.233,0,-1,<2>今でもあな</c><1>たはわたしの光</c>,な
83.233,83.6,0,0,<2>いまでもあなた</c><1>はわたしのひかり</c>,た
83.233,83.6,0,-1,<2>今でもあなた</c><1>はわたしの光</c>,た
83.6,83.934,0,0,<2>いまでもあなたは</c><1>わたしのひかり</c>,は
83.6,83.934,0,-1,<2>今でもあなたは</c><1>わたしの光</c>,は
83.934,84.168,0,0,<2>いまでもあなたはわ</c><1>たしのひかり</c>,わ
83.934,84.168,0,-1,<2>今でもあなたはわ</c><1>たしの光</c>,わ
84.168,84.635,0,0,<2>いまでもあなたはわた</c><1>しのひかり</c>,た
84.168,84.635,0,-1,<2>今でもあなたはわた</c><1>しの光</c>,た
84.635,84.835,0,0,<2>いまでもあなたはわたし</c><1>のひかり</c>,し
84.635,84.835,0,-1,<2>今でもあなたはわたし</c><1>の光</c>,し
84.835,85.302,0,0,<2>いまでもあなたはわたしの</c><1>ひかり</c>,の
84.835,85.302,0,-1,<2>今でもあなたはわたしの</c><1>光</c>,の
85.302,85.569,0,0,<2>いまでもあなたはわたしのひ</c><1>かり</c>,ひ
85.302,87.55,0,-1,<2>今でもあなたはわたしの光</c>,光
85.569,86.003,0,0,<2>いまでもあなたはわたしのひか</c><1>り</c>,か
86.003,87.55,0,0,<2>いまでもあなたはわたしのひかり</c>,り
98.115,98.248,0,0,<2>く</c><1>らやみであなたのせをなぞった</c>,く
98.115,98.415,0,-1,<2>暗</c><1>闇であなたの背をなぞった</c>,暗
98.248,98.415,0,0,<2>くら</c><1>やみであなたのせをなぞった</c>,ら
98.415,98.749,0,0,<2>くらや</c><1>みであなたのせをなぞった</c>,や
98.415,98.949,0,-1,<2>暗闇</c><1>であなたの背をなぞった</c>,闇
98.749,98.949,0,0,<2>くらやみ</c><1>であなたのせをなぞった</c>,み
98.949,99.416,0,0,<2>くらやみで</c><1>あなたのせをなぞった</c>,で
98.949,99.416,0,-1,<2>暗闇で</c><1>あなたの背をなぞった</c>,で
99.416,99.783,0,0,<2>くらやみであ</c><1>なたのせをなぞった</c>,あ
99.416,99.783,0,-1,<2>暗闇であ</c><1>なたの背をなぞった</c>,あ
99.783,100.117,0,0,<2>くらやみであな</c><1>たのせをなぞった</c>,な
99.783,100.117,0,-1,<2>暗闇であな</c><1>たの背をなぞった</c>,な
100.117,100.317,0,0,<2>くらやみであなた</c><1>のせをなぞった</c>,た
100.117,100.317,0,-1,<2>暗闇であなた</c><1>の背をなぞった</c>,た
100.317,100.851,0,0,<2>くらやみであなたの</c><1>せをなぞった</c>,の
100.317,100.851,0,-1,<2>暗闇であなたの</c><1>背をなぞった</c>,の
100.851,101.185,0,0,<2>くらやみであなたのせ</c><1>をなぞった</c>,せ
100.851,101.185,0,-1,<2>暗闇であなたの背</c><1>をなぞった</c>,背
101.185,101.518,0,0,<2>くらやみであなたのせを</c><1>なぞった</c>,を
101.185,101.518,0,-1,<2>暗闇であなたの背を</c><1>なぞった</c>,を
101.518,101.718,0,0,<2>くらやみであなたのせをな</c><1>ぞった</c>,な
101.518,101.718,0,-1,<2>暗闇であなたの背をな</c><1>ぞった</c>,な
101.718,102.219,0,0,<2>くらやみであなたのせをなぞ</c><1>った</c>,ぞ
101.718,102.219,0,-1,<2>暗闇であなたの背をなぞ</c><1>った</c>,ぞ
102.219,102.553,0,0,<2>くらやみであなたのせをなぞっ</c><1>た</c>,っ
102.219,102.553,0,-1,<2>暗闇であなたの背をなぞっ</c><1>た</c>,っ
102.553,103.587,0,0,<2>くらやみであなたのせをなぞった</c>,た
102.553,103.587,0,-1,<2>暗闇であなたの背をなぞった</c>,た
103.587,103.754,0,0,<2>そ</c><1>のりんかくをせんめいにおぼえている</c>,そ
103.587,103.754,0,-1,<2>そ</c><1>の輪郭を鮮明に覚えている</c>,そ
103.754,103.954,0,0,<2>その</c><1>りんかくをせんめいにおぼえている</c>,の
103.754,103.954,0,-1,<2>その</c><1>輪郭を鮮明に覚えている</c>,の
103.954,104.354,0,0,<2>そのり</c><1>んかくをせんめいにおぼえている</c>,り
103.954,104.621,0,-1,<2>その輪</c><1>郭を鮮明に覚えている</c>,輪
104.354,104.621,0,0,<2>そのりん</c><1>かくをせんめいにおぼえている</c>,ん
104.621,104.955,0,0,<2>そのりんか</c><1>くをせんめいにおぼえている</c>,か
104.621,105.089,0,-1,<2>その輪郭</c><1>を鮮明に覚えている</c>,郭
104.955,105.089,0,0,<2>そのりんかく</c><1>をせんめいにおぼえている</c>,く
105.089,105.322,0,0,<2>そのりんかくを</c><1>せんめいにおぼえている</c>,を
105.089,105.322,0,-1,<2>その輪郭を</c><1>鮮明に覚えている</c>,を
105.322,105.656,0,0,<2>そのりんかくをせ</c><1>んめいにおぼえている</c>,せ
105.322,105.989,0,-1,<2>その輪郭を鮮</c><1>明に覚えている</c>,鮮
105.656,105.989,0,0,<2>そのりんかくをせん</c><1>めいにおぼえている</c>,ん
105.989,106.156,0,0,<2>そのりんかくをせんめ</c><1>いにおぼえている</c>,め
105.989,106.356,0,-1,<2>その輪郭を鮮明</c><1>に覚えている</c>,明
106.156,106.356,0,0,<2>そのりんかくをせんめい</c><1>におぼえている</c>,い
106.356,106.523,0,0,<2>そのりんかくをせんめいに</c><1>おぼえている</c>,に
106.356,106.523,0,-1,<2>その輪郭を鮮明に</c><1>覚えている</c>,に
106.523,106.69,0,0,<2>そのりんかくをせんめいにお</c><1>ぼえている</c>,お
106.523,107.391,0,-1,<2>その輪郭を鮮明に覚</c><1>えている</c>,覚
106.69,107.391,0,0,<2>そのりんかくをせんめいにおぼ</c><1>えている</c>,ぼ
107.391,107.724,0,0,<2>そのりんかくをせんめいにおぼえ</c><1>ている</c>,え
107.391,107.724,0,-1,<2>その輪郭を鮮明に覚え</c><1>ている</c>,え
107.724,107.891,0,0,<2>そのりんかくをせんめいにおぼえて</c><1>いる</c>,て
107.724,107.891,0,-1,<2>その輪郭を鮮明に覚えて</c><1>いる</c>,て
107.891,108.058,0,0,<2>そのりんかくをせんめいにおぼえてい</c><1>る</c>,い
107.891,108.058,0,-1,<2>その輪郭を鮮明に覚えてい</c><1>る</c>,い
108.058,109.093,0,0,<2>そのりんかくをせんめいにおぼえている</c>,る
108.058,109.093,0,-1,<2>その輪郭を鮮明に覚えている</c>,る
109.093,109.259,0,0,<2>う</c><1>けとめきれないものとであうたび</c>,う
109.093,109.259,0,-1,<2>受</c><1>け止めきれないものと出会うたび</c>,受
109.259,109.46,0,0,<2>うけ</c><1>とめきれないものとであうたび</c>,け
109.259,109.46,0,-1,<2>受け</c><1>止めきれないものと出会うたび</c>,け
109.46,109.76,0,0,<2>うけと</c><1>めきれないものとであうたび</c>,と
109.46,109.76,0,-1,<2>受け止</c><1>めきれないものと出会うたび</c>,止
109.76,109.927,0,0,<2>うけとめ</c><1>きれないものとであうたび</c>,め
109.76,109.927,0,-1,<2>受け止め</c><1>きれないものと出会うたび</c>,め
109.927,110.494,0,0,<2>うけとめき</c><1>れないものとであうたび</c>,き
109.927,110.494,0,-1,<2>受け止めき</c><1>れないものと出会うたび</c>,き
110.494,110.828,0,0,<2>うけとめきれ</c><1>ないものとであうたび</c>,れ
110.494,110.828,0,-1,<2>受け止めきれ</c><1>ないものと出会うたび</c>,れ
110.828,110.994,0,0,<2>うけとめきれな</c><1>いものとであうたび</c>,な
110.828,110.994,0,-1,<2>受け止めきれな</c><1>いものと出会うたび</c>,な
110.994,111.161,0,0,<2>うけとめきれない</c><1>ものとであうたび</c>,い
110.994,111.161,0,-1,<2>受け止めきれない</c><1>ものと出会うたび</c>,い
111.161,111.361,0,0,<2>うけとめきれないも</c><1>のとであうたび</c>,も
111.161,111.361,0,-1,<2>受け止めきれないも</c><1>のと出会うたび</c>,も
111.361,111.862,0,0,<2>うけとめきれないもの</c><1>とであうたび</c>,の
111.361,111.862,0,-1,<2>受け止めきれないもの</c><1>と出会うたび</c>,の
111.862,112.196,0,0,<2>うけとめきれないものと</c><1>であうたび</c>,と
111.862,112.196,0,-1,<2>受け止めきれないものと</c><1>出会うたび</c>,と
112.196,112.529,0,0,<2>うけとめきれないものとで</c><1>あうたび</c>,で
112.196,112.529,0,-1,<2>受け止めきれないものと出</c><1>会うたび</c>,出
112.529,112.729,0,0,<2>うけとめきれないものとであ</c><1>うたび</c>,あ
112.529,112.729,0,-1,<2>受け止めきれないものと出会</c><1>うたび</c>,会
112.729,113.23,0,0,<2>うけとめきれないものとであう</c><1>たび</c>,う
112.729,113.23,0,-1,<2>受け止めきれないものと出会う</c><1>たび</c>,う
113.23,113.597,0,0,<2>うけとめきれないものとであうた</c><1>び</c>,た
113.23,113.597,0,-1,<2>受け止めきれないものと出会うた</c><1>び</c>,た
113.597,114.598,0,0,<2>うけとめきれないものとであうたび</c>,び
113.597,114.598,0,-1,<2>受け止めきれないものと出会うたび</c>,び
114.598,114.798,0,0,<2>あ</c><1>ふれてやまないのはなみだだけ</c>,あ
114.598,114.965,0,-1,<2>溢</c><1>れてやまないのは涙だけ</c>,溢
114.798,114.965,0,0,<2>あふ</c><1>れてやまないのはなみだだけ</c>,ふ
114.965,115.666,0,0,<2>あふれ</c><1>てやまないのはなみだだけ</c>,れ
114.965,115.666,0,-1,<2>溢れ</c><1>てやまないのは涙だけ</c>,れ
115.666,115.999,0,0,<2>あふれて</c><1>やまないのはなみだだけ</c>,て
115.666,115.999,0,-1,<2>溢れて</c><1>やまないのは涙だけ</c>,て
115.999,116.166,0,0,<2>あふれてや</c><1>まないのはなみだだけ</c>,や
115.999,116.166,0,-1,<2>溢れてや</c><1>まないのは涙だけ</c>,や
116.166,116.366,0,0,<2>あふれてやま</c><1>ないのはなみだだけ</c>,ま
116.166,116.366,0,-1,<2>溢れてやま</c><1>ないのは涙だけ</c>,ま
116.366,116.7,0,0,<2>あふれてやまな</c><1>いのはなみだだけ</c>,な
116.366,116.7,0,-1,<2>溢れてやまな</c><1>いのは涙だけ</c>,な
116.7,117.034,0,0,<2>あふれてやまない</c><1>のはなみだだけ</c>,い
116.7,117.034,0,-1,<2>溢れてやまない</c><1>のは涙だけ</c>,い
117.034,117.367,0,0,<2>あふれてやまないの</c><1>はなみだだけ</c>,の
117.034,117.367,0,-1,<2>溢れてやまないの</c><1>は涙だけ</c>,の
117.367,117.734,0,0,<2>あふれてやまないのは</c><1>なみだだけ</c>,は
117.367,117.734,0,-1,<2>溢れてやまないのは</c><1>涙だけ</c>,は
117.734,117.935,0,0,<2>あふれてやまないのはな</c><1>みだだけ</c>,な
117.734,118.602,0,-1,<2>溢れてやまないのは涙</c><1>だけ</c>,涙
117.935,118.435,0,0,<2>あふれてやまないのはなみ</c><1>だだけ</c>,み
118.435,118.602,0,0,<2>あふれてやまないのはなみだ</c><1>だけ</c>,だ
118.602,119.103,0,0,<2>あふれてやまないのはなみだだ</c><1>け</c>,だ
118.602,119.103,0,-1,<2>溢れてやまないのは涙だ</c><1>け</c>,だ
119.103,120.471,0,0,<2>あふれてやまないのはなみだだけ</c>,け
119.103,120.471,0,-1,<2>溢れてやまないのは涙だけ</c>,け
120.471,120.971,0,0,<2>な</c><1>にをしていたの　なにをみていたの</c>,な
120.471,121.171,0,-1,<2>何</c><1>をしていたの　何を見ていたの</c>,何
120.971,121.171,0,0,<2>なに</c><1>をしていたの　なにをみていたの</c>,に
121.171,121.405,0,0,<2>なにを</c><1>していたの　なにをみていたの</c>,を
121.171,121.405,0,-1,<2>何を</c><1>していたの　何を見ていたの</c>,を
121.405,121.672,0,0,<2>なにをし</c><1>ていたの　なにをみていたの</c>,し
121.405,121.672,0,-1,<2>何をし</c><1>ていたの　何を見ていたの</c>,し
121.672,121.839,0,0,<2>なにをして</c><1>いたの　なにをみていたの</c>,て
121.672,121.839,0,-1,<2>何をして</c><1>いたの　何を見ていたの</c>,て
121.839,122.206,0,0,<2>なにをしてい</c><1>たの　なにをみていたの</c>,い
121.839,122.206,0,-1,<2>何をしてい</c><1>たの　何を見ていたの</c>,い
122.206,122.573,0,0,<2>なにをしていた</c><1>の　なにをみていたの</c>,た
122.206,122.573,0,-1,<2>何をしていた</c><1>の　何を見ていたの</c>,た
122.573,123.207,0,0,<2>なにをしていたの　</c><1>なにをみていたの</c>,の　
122.573,123.207,0,-1,<2>何をしていたの　</c><1>何を見ていたの</c>,の　
123.207,123.74,0,0,<2>なにをしていたの　な</c><1>にをみていたの</c>,な
123.207,123.907,0,-1,<2>何をしていたの　何</c><1>を見ていたの</c>,何
123.74,123.907,0,0,<2>なにをしていたの　なに</c><1>をみていたの</c>,に
123.907,124.274,0,0,<2>なにをしていたの　なにを</c><1>みていたの</c>,を
123.907,124.274,0,-1,<2>何をしていたの　何を</c><1>見ていたの</c>,を
124.274,124.408,0,0,<2>なにをしていたの　なにをみ</c><1>ていたの</c>,み
124.274,124.408,0,-1,<2>何をしていたの　何を見</c><1>ていたの</c>,見
124.408,124.608,0,0,<2>なにをしていたの　なにをみて</c><1>いたの</c>,て
124.408,124.608,0,-1,<2>何をしていたの　何を見て</c><1>いたの</c>,て
124.608,124.942,0,0,<2>なにをしていたの　なにをみてい</c><1>たの</c>,い
124.608,124.942,0,-1,<2>何をしていたの　何を見てい</c><1>たの</c>,い
124.942,125.309,0,0,<2>なにをしていたの　なにをみていた</c><1>の</c>,た
124.942,125.309,0,-1,<2>何をしていたの　何を見ていた</c><1>の</c>,た
125.309,125.976,0,0,<2>なにをしていたの　なにをみていたの</c>,の
125.309,125.976,0,-1,<2>何をしていたの　何を見ていたの</c>,の
125.976,126.543,0,0,<2>わ</c><1>たしのしらないよこがおで</c>,わ
125.976,126.543,0,-1,<2>わ</c><1>たしの知らない横顔で</c>,わ
126.543,126.677,0,0,<2>わた</c><1>しのしらないよこがおで</c>,た
126.543,126.677,0,-1,<2>わた</c><1>しの知らない横顔で</c>,た
126.677,127.044,0,0,<2>わたし</c><1>のしらないよこがおで</c>,し
126.677,127.044,0,-1,<2>わたし</c><1>の知らない横顔で</c>,し
127.044,127.277,0,0,<2>わたしの</c><1>しらないよこがおで</c>,の
127.044,127.277,0,-1,<2>わたしの</c><1>知らない横顔で</c>,の
127.277,127.411,0,0,<2>わたしのし</c><1>らないよこがおで</c>,し
127.277,127.411,0,-1,<2>わたしの知</c><1>らない横顔で</c>,知
127.411,127.744,0,0,<2>わたしのしら</c><1>ないよこがおで</c>,ら
127.411,127.744,0,-1,<2>わたしの知ら</c><1>ない横顔で</c>,ら
127.744,128.078,0,0,<2>わたしのしらな</c><1>いよこがおで</c>,な
127.744,128.078,0,-1,<2>わたしの知らな</c><1>い横顔で</c>,な
128.078,128.412,0,0,<2>わたしのしらない</c><1>よこがおで</c>,い
128.078,128.412,0,-1,<2>わたしの知らない</c><1>横顔で</c>,い
128.412,128.745,0,0,<2>わたしのしらないよ</c><1>こがおで</c>,よ
128.412,129.48,0,-1,<2>わたしの知らない横</c><1>顔で</c>,横
128.745,129.48,0,0,<2>わたしのしらないよこ</c><1>がおで</c>,こ
129.48,129.813,0,0,<2>わたしのしらないよこが</c><1>おで</c>,が
129.48,130.147,0,-1,<2>わたしの知らない横顔</c><1>で</c>,顔
129.813,130.147,0,0,<2>わたしのしらないよこがお</c><1>で</c>,お
130.147,130.814,0,0,<2>わたしのしらないよこがおで</c>,で
130.147,130.814,0,-1,<2>わたしの知らない横顔で</c>,で
130.814,131.014,0,0,<2>ど</c><1>こかであなたがいま　わたしとおなじような</c>,ど
130.814,131.014,0,-1,<2>ど</c><1>こかであなたが今　わたしと同じ様な</c>,ど
131.014,131.148,0,0,<2>どこ</c><1>かであなたがいま　わたしとおなじような</c>,こ
131.014,131.148,0,-1,<2>どこ</c><1>かであなたが今　わたしと同じ様な</c>,こ
131.148,131.348,0,0,<2>どこか</c><1>であなたがいま　わたしとおなじような</c>,か
131.148,131.348,0,-1,<2>どこか</c><1>であなたが今　わたしと同じ様な</c>,か
131.348,131.515,0,0,<2>どこかで</c><1>あなたがいま　わたしとおなじような</c>,で
131.348,131.515,0,-1,<2>どこかで</c><1>あなたが今　わたしと同じ様な</c>,で
131.515,131.748,0,0,<2>どこかであ</c><1>なたがいま　わたしとおなじような</c>,あ
131.515,131.748,0,-1,<2>どこかであ</c><1>なたが今　わたしと同じ様な</c>,あ
131.748,132.182,0,0,<2>どこかであな</c><1>たがいま　わたしとおなじような</c>,な
131.748,132.182,0,-1,<2>どこかであな</c><1>たが今　わたしと同じ様な</c>,な
132.182,132.416,0,0,<2>どこかであなた</c><1>がいま　わたしとおなじような</c>,た
132.182,132.416,0,-1,<2>どこかであなた</c><1>が今　わたしと同じ様な</c>,た
132.416,132.883,0,0,<2>どこかであなたが</c><1>いま　わたしとおなじような</c>,が
132.416,132.883,0,-1,<2>どこかであなたが</c><1>今　わたしと同じ様な</c>,が
132.883,133.117,0,0,<2>どこかであなたがい</c><1>ま　わたしとおなじような</c>,い
132.883,133.584,0,-1,<2>どこかであなたが今</c><1>　わたしと同じ様な</c>,今
133.117,133.584,0,0,<2>どこかであなたがいま　</c><1>わたしとおなじような</c>,ま　
133.584,133.784,0,0,<2>どこかであなたがいま　わ</c><1>たしとおなじような</c>,わ
133.584,133.784,0,-1,<2>どこかであなたが今　わ</c><1>たしと同じ様な</c>,　わ
133.784,133.951,0,0,<2>どこかであなたがいま　わた</c><1>しとおなじような</c>,た
133.784,133.951,0,-1,<2>どこかであなたが今　わた</c><1>しと同じ様な</c>,た
133.951,134.118,0,0,<2>どこかであなたがいま　わたし</c><1>とおなじような</c>,し
133.951,134.118,0,-1,<2>どこかであなたが今　わたし</c><1>と同じ様な</c>,し
134.118,134.284,0,0,<2>どこかであなたがいま　わたしと</c><1>おなじような</c>,と
134.118,134.284,0,-1,<2>どこかであなたが今　わたしと</c><1>同じ様な</c>,と
134.284,134.485,0,0,<2>どこかであなたがいま　わたしとお</c><1>なじような</c>,お
134.284,134.952,0,-1,<2>どこかであなたが今　わたしと同</c><1>じ様な</c>,同
134.485,134.952,0,0,<2>どこかであなたがいま　わたしとおな</c><1>じような</c>,な
134.952,135.152,0,0,<2>どこかであなたがいま　わたしとおなじ</c><1>ような</c>,じ
134.952,135.152,0,-1,<2>どこかであなたが今　わたしと同じ</c><1>様な</c>,じ
135.152,135.652,0,0,<2>どこかであなたがいま　わたしとおなじよ</c><1>うな</c>,よ
135.152,135.886,0,-1,<2>どこかであなたが今　わたしと同じ様</c><1>な</c>,様
135.652,135.886,0,0,<2>どこかであなたがいま　わたしとおなじよう</c><1>な</c>,う
135.886,136.32,0,0,<2>どこかであなたがいま　わたしとおなじような</c>,な
135.886,136.32,0,-1,<2>どこかであなたが今　わたしと同じ様な</c>,な
136.32,136.553,0,0,<2>な</c><1>みだにくれ　さびしさのなかにいるなら</c>,な
136.32,136.92,0,-1,<2>涙</c><1>にくれ　淋しさの中にいるなら</c>,涙
136.553,136.687,0,0,<2>なみ</c><1>だにくれ　さびしさのなかにいるなら</c>,み
136.687,136.92,0,0,<2>なみだ</c><1>にくれ　さびしさのなかにいるなら</c>,だ
136.92,137.054,0,0,<2>なみだに</c><1>くれ　さびしさのなかにいるなら</c>,に
136.92,137.054,0,-1,<2>涙に</c><1>くれ　淋しさの中にいるなら</c>,に
137.054,137.254,0,0,<2>なみだにく</c><1>れ　さびしさのなかにいるなら</c>,く
137.054,137.254,0,-1,<2>涙にく</c><1>れ　淋しさの中にいるなら</c>,く
137.254,137.721,0,0,<2>なみだにくれ　</c><1>さびしさのなかにいるなら</c>,れ　
137.254,137.721,0,-1,<2>涙にくれ　</c><1>淋しさの中にいるなら</c>,れ　
137.721,137.955,0,0,<2>なみだにくれ　さ</c><1>びしさのなかにいるなら</c>,さ
137.721,138.255,0,-1,<2>涙にくれ　淋</c><1>しさの中にいるなら</c>,淋
137.955,138.255,0,0,<2>なみだにくれ　さび</c><1>しさのなかにいるなら</c>,び
138.255,138.422,0,0,<2>なみだにくれ　さびし</c><1>さのなかにいるなら</c>,し
138.255,138.422,0,-1,<2>涙にくれ　淋し</c><1>さの中にいるなら</c>,し
138.422,138.622,0,0,<2>なみだにくれ　さびしさ</c><1>のなかにいるなら</c>,さ
138.422,138.622,0,-1,<2>涙にくれ　淋しさ</c><1>の中にいるなら</c>,さ
138.622,139.123,0,0,<2>なみだにくれ　さびしさの</c><1>なかにいるなら</c>,の
138.622,139.123,0,-1,<2>涙にくれ　淋しさの</c><1>中にいるなら</c>,の
139.123,139.323,0,0,<2>なみだにくれ　さびしさのな</c><1>かにいるなら</c>,な
139.123,139.79,0,-1,<2>涙にくれ　淋しさの中</c><1>にいるなら</c>,中
139.323,139.79,0,0,<2>なみだにくれ　さびしさのなか</c><1>にいるなら</c>,か
139.79,139.99,0,0,<2>なみだにくれ　さびしさのなかに</c><1>いるなら</c>,に
139.79,139.99,0,-1,<2>涙にくれ　淋しさの中に</c><1>いるなら</c>,に
139.99,140.491,0,0,<2>なみだにくれ　さびしさのなかにい</c><1>るなら</c>,い
139.99,140.491,0,-1,<2>涙にくれ　淋しさの中にい</c><1>るなら</c>,い
140.491,140.691,0,0,<2>なみだにくれ　さびしさのなかにいる</c><1>なら</c>,る
140.491,140.691,0,-1,<2>涙にくれ　淋しさの中にいる</c><1>なら</c>,る
140.691,141.191,0,0,<2>なみだにくれ　さびしさのなかにいるな</c><1>ら</c>,な
140.691,141.191,0,-1,<2>涙にくれ　淋しさの中にいるな</c><1>ら</c>,な
141.191,141.825,0,0,<2>なみだにくれ　さびしさのなかにいるなら</c>,ら
141.191,141.825,0,-1,<2>涙にくれ　淋しさの中にいるなら</c>,ら
141.825,142.059,0,0,<2>わ</c><1>たしのことなどどうか　わすれてください</c>,わ
141.825,142.059,0,-1,<2>わ</c><1>たしのことなどどうか　忘れてください</c>,わ
142.059,142.226,0,0,<2>わた</c><1>しのことなどどうか　わすれてください</c>,た
142.059,142.226,0,-1,<2>わた</c><1>しのことなどどうか　忘れてください</c>,た
142.226,142.359,0,0,<2>わたし</c><1>のことなどどうか　わすれてください</c>,し
142.226,142.359,0,-1,<2>わたし</c><1>のことなどどうか　忘れてください</c>,し
142.359,142.559,0,0,<2>わたしの</c><1>ことなどどうか　わすれてください</c>,の
142.359,142.559,0,-1,<2>わたしの</c><1>ことなどどうか　忘れてください</c>,の
142.559,142.759,0,0,<2>わたしのこ</c><1>となどどうか　わすれてください</c>,こ
142.559,142.759,0,-1,<2>わたしのこ</c><1>となどどうか　忘れてください</c>,こ
142.759,143.227,0,0,<2>わたしのこと</c><1>などどうか　わすれてください</c>,と
142.759,143.227,0,-1,<2>わたしのこと</c><1>などどうか　忘れてください</c>,と
143.227,143.427,0,0,<2>わたしのことな</c><1>どどうか　わすれてください</c>,な
143.227,143.427,0,-1,<2>わたしのことな</c><1>どどうか　忘れてください</c>,な
143.427,143.927,0,0,<2>わたしのことなど</c><1>どうか　わすれてください</c>,ど
143.427,143.927,0,-1,<2>わたしのことなど</c><1>どうか　忘れてください</c>,ど
143.927,144.161,0,0,<2>わたしのことなどど</c><1>うか　わすれてください</c>,ど
143.927,144.161,0,-1,<2>わたしのことなどど</c><1>うか　忘れてください</c>,ど
144.161,144.628,0,0,<2>わたしのことなどどう</c><1>か　わすれてください</c>,う
144.161,144.628,0,-1,<2>わたしのことなどどう</c><1>か　忘れてください</c>,う
144.628,144.962,0,0,<2>わたしのことなどどうか　</c><1>わすれてください</c>,か　
144.628,144.962,0,-1,<2>わたしのことなどどうか　</c><1>忘れてください</c>,か　
144.962,145.162,0,0,<2>わたしのことなどどうか　わ</c><1>すれてください</c>,わ
144.962,145.329,0,-1,<2>わたしのことなどどうか　忘</c><1>れてください</c>,忘
145.162,145.329,0,0,<2>わたしのことなどどうか　わす</c><1>れてください</c>,す
145.329,145.529,0,0,<2>わたしのことなどどうか　わすれ</c><1>てください</c>,れ
145.329,145.529,0,-1,<2>わたしのことなどどうか　忘れ</c><1>てください</c>,れ
145.529,145.996,0,0,<2>わたしのことなどどうか　わすれて</c><1>ください</c>,て
145.529,145.996,0,-1,<2>わたしのことなどどうか　忘れて</c><1>ください</c>,て
145.996,146.196,0,0,<2>わたしのことなどどうか　わすれてく</c><1>ださい</c>,く
145.996,146.196,0,-1,<2>わたしのことなどどうか　忘れてく</c><1>ださい</c>,く
146.196,146.697,0,0,<2>わたしのことなどどうか　わすれてくだ</c><1>さい</c>,だ
146.196,146.697,0,-1,<2>わたしのことなどどうか　忘れてくだ</c><1>さい</c>,だ
146.697,147.197,0,0,<2>わたしのことなどどうか　わすれてくださ</c><1>い</c>,さ
146.697,147.197,0,-1,<2>わたしのことなどどうか　忘れてくださ</c><1>い</c>,さ
147.197,147.731,0,0,<2>わたしのことなどどうか　わすれてください</c>,い
147.197,147.731,0,-1,<2>わたしのことなどどうか　忘れてください</c>,い
147.731,147.898,0,0,<2>そ</c><1>んなことこころからねがうほどに</c>,そ
147.731,147.898,0,-1,<2>そ</c><1>んなこと心から願うほどに</c>,そ
147.898,148.065,0,0,<2>そん</c><1>なことこころからねがうほどに</c>,ん
147.898,148.065,0,-1,<2>そん</c><1>なこと心から願うほどに</c>,ん
148.065,148.432,0,0,<2>そんな</c><1>ことこころからねがうほどに</c>,な
148.065,148.432,0,-1,<2>そんな</c><1>こと心から願うほどに</c>,な
148.432,148.765,0,0,<2>そんなこ</c><1>とこころからねがうほどに</c>,こ
148.432,148.765,0,-1,<2>そんなこ</c><1>と心から願うほどに</c>,こ
148.765,149.099,0,0,<2>そんなこと</c><1>こころからねがうほどに</c>,と
148.765,149.099,0,-1,<2>そんなこと</c><1>心から願うほどに</c>,と
149.099,149.466,0,0,<2>そんなことこ</c><1>ころからねがうほどに</c>,こ
149.099,150.134,0,-1,<2>そんなこと心</c><1>から願うほどに</c>,心
149.466,149.833,0,0,<2>そんなことここ</c><1>ろからねがうほどに</c>,こ
149.833,150.134,0,0,<2>そんなことこころ</c><1>からねがうほどに</c>,ろ
150.134,150.367,0,0,<2>そんなことこころか</c><1>らねがうほどに</c>,か
150.134,150.367,0,-1,<2>そんなこと心か</c><1>ら願うほどに</c>,か
150.367,150.667,0,0,<2>そんなことこころから</c><1>ねがうほどに</c>,ら
150.367,150.667,0,-1,<2>そんなこと心から</c><1>願うほどに</c>,ら
150.667,150.834,0,0,<2>そんなことこころからね</c><1>がうほどに</c>,ね
150.667,151.135,0,-1,<2>そんなこと心から願</c><1>うほどに</c>,願
150.834,151.135,0,0,<2>そんなことこころからねが</c><1>うほどに</c>,が
151.135,151.535,0,0,<2>そんなことこころからねがう</c><1>ほどに</c>,う
151.135,151.535,0,-1,<2>そんなこと心から願う</c><1>ほどに</c>,う
151.535,151.735,0,0,<2>そんなことこころからねがうほ</c><1>どに</c>,ほ
151.535,151.735,0,-1,<2>そんなこと心から願うほ</c><1>どに</c>,ほ
151.735,152.236,0,0,<2>そんなことこころからねがうほど</c><1>に</c>,ど
151.735,152.236,0,-1,<2>そんなこと心から願うほど</c><1>に</c>,ど
152.236,153.237,0,0,<2>そんなことこころからねがうほどに</c>,に
152.236,153.237,0,-1,<2>そんなこと心から願うほどに</c>,に
153.237,153.403,0,0,<2>い</c><1>までもあなたはわたしのひかり</c>,い
153.237,153.604,0,-1,<2>今</c><1>でもあなたはわたしの光</c>,今
153.403,153.604,0,0,<2>いま</c><1>でもあなたはわたしのひかり</c>,ま
153.604,153.937,0,0,<2>いまで</c><1>もあなたはわたしのひかり</c>,で
153.604,153.937,0,-1,<2>今で</c><1>もあなたはわたしの光</c>,で
153.937,154.271,0,0,<2>いまでも</c><1>あなたはわたしのひかり</c>,も
153.937,154.271,0,-1,<2>今でも</c><1>あなたはわたしの光</c>,も
154.271,154.638,0,0,<2>いまでもあ</c><1>なたはわたしのひかり</c>,あ
154.271,154.638,0,-1,<2>今でもあ</c><1>なたはわたしの光</c>,あ
154.638,154.972,0,0,<2>いまでもあな</c><1>たはわたしのひかり</c>,な
154.638,154.972,0,-1,<2>今でもあな</c><1>たはわたしの光</c>,な
154.972,155.305,0,0,<2>いまでもあなた</c><1>はわたしのひかり</c>,た
154.972,155.305,0,-1,<2>今でもあなた</c><1>はわたしの光</c>,た
155.305,155.672,0,0,<2>いまでもあなたは</c><1>わたしのひかり</c>,は
155.305,155.672,0,-1,<2>今でもあなたは</c><1>わたしの光</c>,は
155.672,155.873,0,0,<2>いまでもあなたはわ</c><1>たしのひかり</c>,わ
155.672,155.873,0,-1,<2>今でもあなたはわ</c><1>たしの光</c>,わ
155.873,156.34,0,0,<2>いまでもあなたはわた</c><1>しのひかり</c>,た
155.873,156.34,0,-1,<2>今でもあなたはわた</c><1>しの光</c>,た
156.34,156.573,0,0,<2>いまでもあなたはわたし</c><1>のひかり</c>,し
156.34,156.573,0,-1,<2>今でもあなたはわたし</c><1>の光</c>,し
156.573,157.007,0,0,<2>いまでもあなたはわたしの</c><1>ひかり</c>,の
156.573,157.007,0,-1,<2>今でもあなたはわたしの</c><1>光</c>,の
157.007,157.241,0,0,<2>いまでもあなたはわたしのひ</c><1>かり</c>,ひ
157.007,159.27,0,-1,<2>今でもあなたはわたしの光</c>,光
157.241,157.741,0,0,<2>いまでもあなたはわたしのひか</c><1>り</c>,か
157.741,159.27,0,0,<2>いまでもあなたはわたしのひかり</c>,り
161.845,162.579,0,0,<2>じ</c><1>ぶんがおもうより</c>,じ
161.845,162.579,0,-1,<2>自</c><1>分が思うより</c>,自
162.579,163.213,0,0,<2>じぶ</c><1>んがおもうより</c>,ぶ
162.579,163.947,0,-1,<2>自分</c><1>が思うより</c>,分
163.213,163.947,0,0,<2>じぶん</c><1>がおもうより</c>,ん
163.947,164.348,0,0,<2>じぶんが</c><1>おもうより</c>,が
163.947,164.348,0,-1,<2>自分が</c><1>思うより</c>,が
164.348,164.615,0,0,<2>じぶんがお</c><1>もうより</c>,お
164.348,164.882,0,-1,<2>自分が思</c><1>うより</c>,思
164.615,164.882,0,0,<2>じぶんがおも</c><1>うより</c>,も
164.882,165.282,0,0,<2>じぶんがおもう</c><1>より</c>,う
164.882,165.282,0,-1,<2>自分が思う</c><1>より</c>,う
165.282,166.016,0,0,<2>じぶんがおもうよ</c><1>り</c>,よ
165.282,166.016,0,-1,<2>自分が思うよ</c><1>り</c>,よ
166.016,167.384,0,0,<2>じぶんがおもうより</c>,り
166.016,167.384,0,-1,<2>自分が思うより</c>,り
167.384,167.885,0,0,<2>こ</c><1>いをしていたあなたに</c>,こ
167.384,168.085,0,-1,<2>恋</c><1>をしていたあなたに</c>,恋
167.885,168.085,0,0,<2>こい</c><1>をしていたあなたに</c>,い
168.085,168.552,0,0,<2>こいを</c><1>していたあなたに</c>,を
168.085,168.552,0,-1,<2>恋を</c><1>していたあなたに</c>,を
168.552,168.752,0,0,<2>こいをし</c><1>ていたあなたに</c>,し
168.552,168.752,0,-1,<2>恋をし</c><1>ていたあなたに</c>,し
168.752,169.153,0,0,<2>こいをして</c><1>いたあなたに</c>,て
168.752,169.153,0,-1,<2>恋をして</c><1>いたあなたに</c>,て
169.153,169.453,0,0,<2>こいをしてい</c><1>たあなたに</c>,い
169.153,169.453,0,-1,<2>恋をしてい</c><1>たあなたに</c>,い
169.453,169.786,0,0,<2>こいをしていた</c><1>あなたに</c>,た
169.453,169.786,0,-1,<2>恋をしていた</c><1>あなたに</c>,た
169.786,170.154,0,0,<2>こいをしていたあ</c><1>なたに</c>,あ
169.786,170.154,0,-1,<2>恋をしていたあ</c><1>なたに</c>,あ
170.154,170.854,0,0,<2>こいをしていたあな</c><1>たに</c>,な
170.154,170.854,0,-1,<2>恋をしていたあな</c><1>たに</c>,な
170.854,171.522,0,0,<2>こいをしていたあなた</c><1>に</c>,た
170.854,171.522,0,-1,<2>恋をしていたあなた</c><1>に</c>,た
171.522,172.89,0,0,<2>こいをしていたあなたに</c>,に
171.522,172.89,0,-1,<2>恋をしていたあなたに</c>,に
172.89,173.59,0,0,<2>あ</c><1>れからおもうように</c>,あ
172.89,173.59,0,-1,<2>あ</c><1>れから思うように</c>,あ
173.59,174.258,0,0,<2>あれ</c><1>からおもうように</c>,れ
173.59,174.258,0,-1,<2>あれ</c><1>から思うように</c>,れ
174.258,175.025,0,0,<2>あれか</c><1>らおもうように</c>,か
174.258,175.025,0,-1,<2>あれか</c><1>ら思うように</c>,か
175.025,175.392,0,0,<2>あれから</c><1>おもうように</c>,ら
175.025,175.392,0,-1,<2>あれから</c><1>思うように</c>,ら
175.392,175.659,0,0,<2>あれからお</c><1>もうように</c>,お
175.392,175.926,0,-1,<2>あれから思</c><1>うように</c>,思
175.659,175.926,0,0,<2>あれからおも</c><1>うように</c>,も
175.926,176.326,0,0,<2>あれからおもう</c><1>ように</c>,う
175.926,176.326,0,-1,<2>あれから思う</c><1>ように</c>,う
176.326,176.66,0,0,<2>あれからおもうよ</c><1>うに</c>,よ
176.326,176.66,0,-1,<2>あれから思うよ</c><1>うに</c>,よ
176.66,177.027,0,0,<2>あれからおもうよう</c><1>に</c>,う
176.66,177.027,0,-1,<2>あれから思うよう</c><1>に</c>,う
177.027,178.395,0,0,<2>あれからおもうように</c>,に
177.027,178.395,0,-1,<2>あれから思うように</c>,に
178.395,179.129,0,0,<2>い</c><1>きができない</c>,い
178.395,179.796,0,-1,<2>息</c><1>ができない</c>,息
179.129,179.796,0,0,<2>いき</c><1>ができない</c>,き
179.796,180.497,0,0,<2>いきが</c><1>できない</c>,が
179.796,180.497,0,-1,<2>息が</c><1>できない</c>,が
180.497,181.165,0,0,<2>いきがで</c><1>きない</c>,で
180.497,181.165,0,-1,<2>息がで</c><1>きない</c>,で
181.165,181.899,0,0,<2>いきができ</c><1>ない</c>,き
181.165,181.899,0,-1,<2>息ができ</c><1>ない</c>,き
181.899,182.566,0,0,<2>いきができな</c><1>い</c>,な
181.899,182.566,0,-1,<2>息ができな</c><1>い</c>,な
182.566,183.433,0,0,<2>いきができない</c>,い
182.566,183.433,0,-1,<2>息ができない</c>,い
183.433,183.634,0,0,<2>あ</c><1>んなにそばにいたのに</c>,あ
183.433,183.634,0,-1,<2>あ</c><1>んなに側にいたのに</c>,あ
183.634,183.767,0,0,<2>あん</c><1>なにそばにいたのに</c>,ん
183.634,183.767,0,-1,<2>あん</c><1>なに側にいたのに</c>,ん
183.767,183.934,0,0,<2>あんな</c><1>にそばにいたのに</c>,な
183.767,183.934,0,-1,<2>あんな</c><1>に側にいたのに</c>,な
183.934,184.635,0,0,<2>あんなに</c><1>そばにいたのに</c>,に
183.934,184.635,0,-1,<2>あんなに</c><1>側にいたのに</c>,に
184.635,185.335,0,0,<2>あんなにそ</c><1>ばにいたのに</c>,そ
184.635,186.003,0,-1,<2>あんなに側</c><1>にいたのに</c>,側
185.335,186.003,0,0,<2>あんなにそば</c><1>にいたのに</c>,ば
186.003,186.436,0,0,<2>あんなにそばに</c><1>いたのに</c>,に
186.003,186.436,0,-1,<2>あんなに側に</c><1>いたのに</c>,に
186.436,186.703,0,0,<2>あんなにそばにい</c><1>たのに</c>,い
186.436,186.703,0,-1,<2>あんなに側にい</c><1>たのに</c>,い
186.703,187.371,0,0,<2>あんなにそばにいた</c><1>のに</c>,た
186.703,187.371,0,-1,<2>あんなに側にいた</c><1>のに</c>,た
187.371,188.105,0,0,<2>あんなにそばにいたの</c><1>に</c>,の
187.371,188.105,0,-1,<2>あんなに側にいたの</c><1>に</c>,の
188.105,189.473,0,0,<2>あんなにそばにいたのに</c>,に
188.105,189.473,0,-1,<2>あんなに側にいたのに</c>,に
189.473,190.174,0,0,<2>ま</c><1>るでうそみたい</c>,ま
189.473,190.174,0,-1,<2>ま</c><1>るで嘘みたい</c>,ま
190.174,190.807,0,0,<2>まる</c><1>でうそみたい</c>,る
190.174,190.807,0,-1,<2>まる</c><1>で嘘みたい</c>,る
190.807,191.542,0,0,<2>まるで</c><1>うそみたい</c>,で
190.807,191.542,0,-1,<2>まるで</c><1>嘘みたい</c>,で
191.542,192.209,0,0,<2>まるでう</c><1>そみたい</c>,う
191.542,192.91,0,-1,<2>まるで嘘</c><1>みたい</c>,嘘
192.209,192.91,0,0,<2>まるでうそ</c><1>みたい</c>,そ
192.91,193.577,0,0,<2>まるでうそみ</c><1>たい</c>,み
192.91,193.577,0,-1,<2>まるで嘘み</c><1>たい</c>,み
193.577,193.877,0,0,<2>まるでうそみた</c><1>い</c>,た
193.577,193.877,0,-1,<2>まるで嘘みた</c><1>い</c>,た
193.877,194.645,0,0,<2>まるでうそみたい</c>,い
193.877,194.645,0,-1,<2>まるで嘘みたい</c>,い
194.645,194.745,0,0,<2>と</c><1>てもわすれられない</c>,と
194.645,194.745,0,-1,<2>と</c><1>ても忘れられない</c>,と
194.745,194.945,0,0,<2>とて</c><1>もわすれられない</c>,て
194.745,194.945,0,-1,<2>とて</c><1>も忘れられない</c>,て
194.945,195.646,0,0,<2>とても</c><1>わすれられない</c>,も
194.945,195.646,0,-1,<2>とても</c><1>忘れられない</c>,も
195.646,196.113,0,0,<2>とてもわ</c><1>すれられない</c>,わ
195.646,196.346,0,-1,<2>とても忘</c><1>れられない</c>,忘
196.113,196.346,0,0,<2>とてもわす</c><1>れられない</c>,す
196.346,197.014,0,0,<2>とてもわすれ</c><1>られない</c>,れ
196.346,197.014,0,-1,<2>とても忘れ</c><1>られない</c>,れ
197.014,197.748,0,0,<2>とてもわすれら</c><1>れない</c>,ら
197.014,197.748,0,-1,<2>とても忘れら</c><1>れない</c>,ら
197.748,198.415,0,0,<2>とてもわすれられ</c><1>ない</c>,れ
197.748,198.415,0,-1,<2>とても忘れられ</c><1>ない</c>,れ
198.415,199.116,0,0,<2>とてもわすれられな</c><1>い</c>,な
198.415,199.116,0,-1,<2>とても忘れられな</c><1>い</c>,な
199.116,200.517,0,0,<2>とてもわすれられない</c>,い
199.116,200.517,0,-1,<2>とても忘れられない</c>,い
200.517,201.218,0,0,<2>そ</c><1>れだけがたしか</c>,そ
200.517,201.218,0,-1,<2>そ</c><1>れだけが確か</c>,そ
201.218,201.885,0,0,<2>それ</c><1>だけがたしか</c>,れ
201.218,201.885,0,-1,<2>それ</c><1>だけが確か</c>,れ
201.885,202.553,0,0,<2>それだ</c><1>けがたしか</c>,だ
201.885,202.553,0,-1,<2>それだ</c><1>けが確か</c>,だ
202.553,203.253,0,0,<2>それだけ</c><1>がたしか</c>,け
202.553,203.253,0,-1,<2>それだけ</c><1>が確か</c>,け
203.253,203.954,0,0,<2>それだけが</c><1>たしか</c>,が
203.253,203.954,0,-1,<2>それだけが</c><1>確か</c>,が
203.954,204.588,0,0,<2>それだけがた</c><1>しか</c>,た
203.954,205.322,0,-1,<2>それだけが確</c><1>か</c>,確
204.588,205.322,0,0,<2>それだけがたし</c><1>か</c>,し
205.322,206.36,0,0,<2>それだけがたしか</c>,か
205.322,206.36,0,-1,<2>それだけが確か</c>,か
210.861,211.061,0,0,<2>あ</c><1>のひのかなしみさえ　あのひのくるしみさえ</c>,あ
210.861,211.061,0,-1,<2>あ</c><1>の日の悲しみさえ　あの日の苦しみさえ</c>,あ
211.061,211.195,0,0,<2>あの</c><1>ひのかなしみさえ　あのひのくるしみさえ</c>,の
211.061,211.195,0,-1,<2>あの</c><1>日の悲しみさえ　あの日の苦しみさえ</c>,の
211.195,211.395,0,0,<2>あのひ</c><1>のかなしみさえ　あのひのくるしみさえ</c>,ひ
211.195,211.395,0,-1,<2>あの日</c><1>の悲しみさえ　あの日の苦しみさえ</c>,日
211.395,211.528,0,0,<2>あのひの</c><1>かなしみさえ　あのひのくるしみさえ</c>,の
211.395,211.528,0,-1,<2>あの日の</c><1>悲しみさえ　あの日の苦しみさえ</c>,の
211.528,211.795,0,0,<2>あのひのか</c><1>なしみさえ　あのひのくるしみさえ</c>,か
211.528,212.196,0,-1,<2>あの日の悲</c><1>しみさえ　あの日の苦しみさえ</c>,悲
211.795,212.196,0,0,<2>あのひのかな</c><1>しみさえ　あのひのくるしみさえ</c>,な
212.196,212.429,0,0,<2>あのひのかなし</c><1>みさえ　あのひのくるしみさえ</c>,し
212.196,212.429,0,-1,<2>あの日の悲し</c><1>みさえ　あの日の苦しみさえ</c>,し
212.429,212.896,0,0,<2>あのひのかなしみ</c><1>さえ　あのひのくるしみさえ</c>,み
212.429,212.896,0,-1,<2>あの日の悲しみ</c><1>さえ　あの日の苦しみさえ</c>,み
212.896,213.13,0,0,<2>あのひのかなしみさ</c><1>え　あのひのくるしみさえ</c>,さ
212.896,213.13,0,-1,<2>あの日の悲しみさ</c><1>え　あの日の苦しみさえ</c>,さ
213.13,213.597,0,0,<2>あのひのかなしみさえ　</c><1>あのひのくるしみさえ</c>,え　
213.13,213.597,0,-1,<2>あの日の悲しみさえ　</c><1>あの日の苦しみさえ</c>,え　
213.597,213.797,0,0,<2>あのひのかなしみさえ　あ</c><1>のひのくるしみさえ</c>,あ
213.597,213.797,0,-1,<2>あの日の悲しみさえ　あ</c><1>の日の苦しみさえ</c>,あ
213.797,213.964,0,0,<2>あのひのかなしみさえ　あの</c><1>ひのくるしみさえ</c>,の
213.797,213.964,0,-1,<2>あの日の悲しみさえ　あの</c><1>日の苦しみさえ</c>,の
213.964,214.131,0,0,<2>あのひのかなしみさえ　あのひ</c><1>のくるしみさえ</c>,ひ
213.964,214.131,0,-1,<2>あの日の悲しみさえ　あの日</c><1>の苦しみさえ</c>,日
214.131,214.298,0,0,<2>あのひのかなしみさえ　あのひの</c><1>くるしみさえ</c>,の
214.131,214.298,0,-1,<2>あの日の悲しみさえ　あの日の</c><1>苦しみさえ</c>,の
214.298,214.498,0,0,<2>あのひのかなしみさえ　あのひのく</c><1>るしみさえ</c>,く
214.298,214.965,0,-1,<2>あの日の悲しみさえ　あの日の苦</c><1>しみさえ</c>,苦
214.498,214.965,0,0,<2>あのひのかなしみさえ　あのひのくる</c><1>しみさえ</c>,る
214.965,215.165,0,0,<2>あのひのかなしみさえ　あのひのくるし</c><1>みさえ</c>,し
214.965,215.165,0,-1,<2>あの日の悲しみさえ　あの日の苦し</c><1>みさえ</c>,し
215.165,215.666,0,0,<2>あのひのかなしみさえ　あのひのくるしみ</c><1>さえ</c>,み
215.165,215.666,0,-1,<2>あの日の悲しみさえ　あの日の苦しみ</c><1>さえ</c>,み
215.666,215.899,0,0,<2>あのひのかなしみさえ　あのひのくるしみさ</c><1>え</c>,さ
215.666,215.899,0,-1,<2>あの日の悲しみさえ　あの日の苦しみさ</c><1>え</c>,さ
215.899,216.366,0,0,<2>あのひのかなしみさえ　あのひのくるしみさえ</c>,え
215.899,216.366,0,-1,<2>あの日の悲しみさえ　あの日の苦しみさえ</c>,え
216.366,216.567,0,0,<2>そ</c><1>のすべてをあいしてた　あなたとともに</c>,そ
216.366,216.567,0,-1,<2>そ</c><1>のすべてを愛してた　あなたとともに</c>,そ
216.567,216.733,0,0,<2>その</c><1>すべてをあいしてた　あなたとともに</c>,の
216.567,216.733,0,-1,<2>その</c><1>すべてを愛してた　あなたとともに</c>,の
216.733,216.9,0,0,<2>そのす</c><1>べてをあいしてた　あなたとともに</c>,す
216.733,216.9,0,-1,<2>そのす</c><1>べてを愛してた　あなたとともに</c>,す
216.9,217.034,0,0,<2>そのすべ</c><1>てをあいしてた　あなたとともに</c>,べ
216.9,217.034,0,-1,<2>そのすべ</c><1>てを愛してた　あなたとともに</c>,べ
217.034,217.267,0,0,<2>そのすべて</c><1>をあいしてた　あなたとともに</c>,て
217.034,217.267,0,-1,<2>そのすべて</c><1>を愛してた　あなたとともに</c>,て
217.267,217.734,0,0,<2>そのすべてを</c><1>あいしてた　あなたとともに</c>,を
217.267,217.734,0,-1,<2>そのすべてを</c><1>愛してた　あなたとともに</c>,を
217.734,217.968,0,0,<2>そのすべてをあ</c><1>いしてた　あなたとともに</c>,あ
217.734,218.268,0,-1,<2>そのすべてを愛</c><1>してた　あなたとともに</c>,愛
217.968,218.268,0,0,<2>そのすべてをあい</c><1>してた　あなたとともに</c>,い
218.268,218.435,0,0,<2>そのすべてをあいし</c><1>てた　あなたとともに</c>,し
218.268,218.435,0,-1,<2>そのすべてを愛し</c><1>てた　あなたとともに</c>,し
218.435,218.602,0,0,<2>そのすべてをあいして</c><1>た　あなたとともに</c>,て
218.435,218.602,0,-1,<2>そのすべてを愛して</c><1>た　あなたとともに</c>,て
218.602,219.102,0,0,<2>そのすべてをあいしてた　</c><1>あなたとともに</c>,た　
218.602,219.102,0,-1,<2>そのすべてを愛してた　</c><1>あなたとともに</c>,た　
219.102,219.336,0,0,<2>そのすべてをあいしてた　あ</c><1>なたとともに</c>,あ
219.102,219.336,0,-1,<2>そのすべてを愛してた　あ</c><1>なたとともに</c>,あ
219.336,219.803,0,0,<2>そのすべてをあいしてた　あな</c><1>たとともに</c>,な
219.336,219.803,0,-1,<2>そのすべてを愛してた　あな</c><1>たとともに</c>,な
219.803,220.003,0,0,<2>そのすべてをあいしてた　あなた</c><1>とともに</c>,た
219.803,220.003,0,-1,<2>そのすべてを愛してた　あなた</c><1>とともに</c>,た
220.003,220.504,0,0,<2>そのすべてをあいしてた　あなたと</c><1>ともに</c>,と
220.003,220.504,0,-1,<2>そのすべてを愛してた　あなたと</c><1>ともに</c>,と
220.504,220.671,0,0,<2>そのすべてをあいしてた　あなたとと</c><1>もに</c>,と
220.504,220.671,0,-1,<2>そのすべてを愛してた　あなたとと</c><1>もに</c>,と
220.671,221.171,0,0,<2>そのすべてをあいしてた　あなたととも</c><1>に</c>,も
220.671,221.171,0,-1,<2>そのすべてを愛してた　あなたととも</c><1>に</c>,も
221.171,221.838,0,0,<2>そのすべてをあいしてた　あなたとともに</c>,に
221.171,221.838,0,-1,<2>そのすべてを愛してた　あなたとともに</c>,に
221.838,222.072,0,0,<2>む</c><1>ねにのこりはなれない　にがいレモンのにおい</c>,む
221.838,222.172,0,-1,<2>胸</c><1>に残り離れない　苦いレモンの匂い</c>,胸
222.072,222.172,0,0,<2>むね</c><1>にのこりはなれない　にがいレモンのにおい</c>,ね
222.172,222.406,0,0,<2>むねに</c><1>のこりはなれない　にがいレモンのにおい</c>,に
222.172,222.406,0,-1,<2>胸に</c><1>残り離れない　苦いレモンの匂い</c>,に
222.406,222.539,0,0,<2>むねにの</c><1>こりはなれない　にがいレモンのにおい</c>,の
222.406,222.773,0,-1,<2>胸に残</c><1>り離れない　苦いレモンの匂い</c>,残
222.539,222.773,0,0,<2>むねにのこ</c><1>りはなれない　にがいレモンのにおい</c>,こ
222.773,223.24,0,0,<2>むねにのこり</c><1>はなれない　にがいレモンのにおい</c>,り
222.773,223.24,0,-1,<2>胸に残り</c><1>離れない　苦いレモンの匂い</c>,り
223.24,223.507,0,0,<2>むねにのこりは</c><1>なれない　にがいレモンのにおい</c>,は
223.24,223.941,0,-1,<2>胸に残り離</c><1>れない　苦いレモンの匂い</c>,離
223.507,223.941,0,0,<2>むねにのこりはな</c><1>れない　にがいレモンのにおい</c>,な
223.941,224.208,0,0,<2>むねにのこりはなれ</c><1>ない　にがいレモンのにおい</c>,れ
223.941,224.208,0,-1,<2>胸に残り離れ</c><1>ない　苦いレモンの匂い</c>,れ
224.208,224.608,0,0,<2>むねにのこりはなれな</c><1>い　にがいレモンのにおい</c>,な
224.208,224.608,0,-1,<2>胸に残り離れな</c><1>い　苦いレモンの匂い</c>,な
224.608,224.808,0,0,<2>むねにのこりはなれない　</c><1>にがいレモンのにおい</c>,い　
224.608,224.808,0,-1,<2>胸に残り離れない　</c><1>苦いレモンの匂い</c>,い　
224.808,224.975,0,0,<2>むねにのこりはなれない　に</c><1>がいレモンのにおい</c>,に
224.808,225.142,0,-1,<2>胸に残り離れない　苦</c><1>いレモンの匂い</c>,苦
224.975,225.142,0,0,<2>むねにのこりはなれない　にが</c><1>いレモンのにおい</c>,が
225.142,225.309,0,0,<2>むねにのこりはなれない　にがい</c><1>レモンのにおい</c>,い
225.142,225.309,0,-1,<2>胸に残り離れない　苦い</c><1>レモンの匂い</c>,い
225.309,225.576,0,0,<2>むねにのこりはなれない　にがいレ</c><1>モンのにおい</c>,レ
225.309,225.576,0,-1,<2>胸に残り離れない　苦いレ</c><1>モンの匂い</c>,レ
225.576,225.876,0,0,<2>むねにのこりはなれない　にがいレモ</c><1>ンのにおい</c>,モ
225.576,225.876,0,-1,<2>胸に残り離れない　苦いレモ</c><1>ンの匂い</c>,モ
225.876,226.009,0,0,<2>むねにのこりはなれない　にがいレモン</c><1>のにおい</c>,ン
225.876,226.009,0,-1,<2>胸に残り離れない　苦いレモン</c><1>の匂い</c>,ン
226.009,226.243,0,0,<2>むねにのこりはなれない　にがいレモンの</c><1>におい</c>,の
226.009,226.243,0,-1,<2>胸に残り離れない　苦いレモンの</c><1>匂い</c>,の
226.243,226.677,0,0,<2>むねにのこりはなれない　にがいレモンのに</c><1>おい</c>,に
226.243,227.11,0,-1,<2>胸に残り離れない　苦いレモンの匂</c><1>い</c>,匂
226.677,227.11,0,0,<2>むねにのこりはなれない　にがいレモンのにお</c><1>い</c>,お
227.11,227.678,0,0,<2>むねにのこりはなれない　にがいレモンのにおい</c>,い
227.11,227.678,0,-1,<2>胸に残り離れない　苦いレモンの匂い</c>,い
227.678,227.878,0,0,<2>あ</c><1>めがふりやむまではかえれない</c>,あ
227.678,228.045,0,-1,<2>雨</c><1>が降り止むまでは帰れない</c>,雨
227.878,228.045,0,0,<2>あめ</c><1>がふりやむまではかえれない</c>,め
228.045,228.412,0,0,<2>あめが</c><1>ふりやむまではかえれない</c>,が
228.045,228.412,0,-1,<2>雨が</c><1>降り止むまでは帰れない</c>,が
228.412,228.745,0,0,<2>あめがふ</c><1>りやむまではかえれない</c>,ふ
228.412,228.745,0,-1,<2>雨が降</c><1>り止むまでは帰れない</c>,降
228.745,229.112,0,0,<2>あめがふり</c><1>やむまではかえれない</c>,り
228.745,229.112,0,-1,<2>雨が降り</c><1>止むまでは帰れない</c>,り
229.112,229.446,0,0,<2>あめがふりや</c><1>むまではかえれない</c>,や
229.112,229.446,0,-1,<2>雨が降り止</c><1>むまでは帰れない</c>,止
229.446,229.813,0,0,<2>あめがふりやむ</c><1>まではかえれない</c>,む
229.446,229.813,0,-1,<2>雨が降り止む</c><1>までは帰れない</c>,む
229.813,230.147,0,0,<2>あめがふりやむま</c><1>ではかえれない</c>,ま
229.813,230.147,0,-1,<2>雨が降り止むま</c><1>では帰れない</c>,ま
230.147,230.347,0,0,<2>あめがふりやむまで</c><1>はかえれない</c>,で
230.147,230.347,0,-1,<2>雨が降り止むまで</c><1>は帰れない</c>,で
230.347,230.847,0,0,<2>あめがふりやむまでは</c><1>かえれない</c>,は
230.347,230.847,0,-1,<2>雨が降り止むまでは</c><1>帰れない</c>,は
230.847,231.048,0,0,<2>あめがふりやむまではか</c><1>えれない</c>,か
230.847,231.515,0,-1,<2>雨が降り止むまでは帰</c><1>れない</c>,帰
231.048,231.515,0,0,<2>あめがふりやむまではかえ</c><1>れない</c>,え
231.515,231.748,0,0,<2>あめがふりやむまではかえれ</c><1>ない</c>,れ
231.515,231.748,0,-1,<2>雨が降り止むまでは帰れ</c><1>ない</c>,れ
231.748,232.249,0,0,<2>あめがふりやむまではかえれな</c><1>い</c>,な
231.748,232.249,0,-1,<2>雨が降り止むまでは帰れな</c><1>い</c>,な
232.249,233.283,0,0,<2>あめがふりやむまではかえれない</c>,い
232.249,233.283,0,-1,<2>雨が降り止むまでは帰れない</c>,い
233.283,233.417,0,0,<2>き</c><1>りわけたかじつのかたほうのように</c>,き
233.283,233.417,0,-1,<2>切</c><1>り分けた果実の片方の様に</c>,切
233.417,233.584,0,0,<2>きり</c><1>わけたかじつのかたほうのように</c>,り
233.417,233.584,0,-1,<2>切り</c><1>分けた果実の片方の様に</c>,り
233.584,233.951,0,0,<2>きりわ</c><1>けたかじつのかたほうのように</c>,わ
233.584,233.951,0,-1,<2>切り分</c><1>けた果実の片方の様に</c>,分
233.951,234.284,0,0,<2>きりわけ</c><1>たかじつのかたほうのように</c>,け
233.951,234.284,0,-1,<2>切り分け</c><1>た果実の片方の様に</c>,け
234.284,234.618,0,0,<2>きりわけた</c><1>かじつのかたほうのように</c>,た
234.284,234.618,0,-1,<2>切り分けた</c><1>果実の片方の様に</c>,た
234.618,234.985,0,0,<2>きりわけたか</c><1>じつのかたほうのように</c>,か
234.618,234.985,0,-1,<2>切り分けた果</c><1>実の片方の様に</c>,果
234.985,235.219,0,0,<2>きりわけたかじ</c><1>つのかたほうのように</c>,じ
234.985,235.652,0,-1,<2>切り分けた果実</c><1>の片方の様に</c>,実
235.219,235.652,0,0,<2>きりわけたかじつ</c><1>のかたほうのように</c>,つ
235.652,235.852,0,0,<2>きりわけたかじつの</c><1>かたほうのように</c>,の
235.652,235.852,0,-1,<2>切り分けた果実の</c><1>片方の様に</c>,の
235.852,236.353,0,0,<2>きりわけたかじつのか</c><1>たほうのように</c>,か
235.852,236.587,0,-1,<2>切り分けた果実の片</c><1>方の様に</c>,片
236.353,236.587,0,0,<2>きりわけたかじつのかた</c><1>ほうのように</c>,た
236.587,236.753,0,0,<2>きりわけたかじつのかたほ</c><1>うのように</c>,ほ
236.587,237.02,0,-1,<2>切り分けた果実の片方</c><1>の様に</c>,方
236.753,237.02,0,0,<2>きりわけたかじつのかたほう</c><1>のように</c>,う
237.02,237.221,0,0,<2>きりわけたかじつのかたほうの</c><1>ように</c>,の
237.02,237.221,0,-1,<2>切り分けた果実の片方の</c><1>様に</c>,の
237.221,237.521,0,0,<2>きりわけたかじつのかたほうのよ</c><1>うに</c>,よ
237.221,237.721,0,-1,<2>切り分けた果実の片方の様</c><1>に</c>,様
237.521,237.721,0,0,<2>きりわけたかじつのかたほうのよう</c><1>に</c>,う
237.721,238.755,0,0,<2>きりわけたかじつのかたほうのように</c>,に
237.721,238.755,0,-1,<2>切り分けた果実の片方の様に</c>,に
238.755,238.956,0,0,<2>い</c><1>までもあなたはわたしのひかり</c>,い
238.755,239.122,0,-1,<2>今</c><1>でもあなたはわたしの光</c>,今
238.956,239.122,0,0,<2>いま</c><1>でもあなたはわたしのひかり</c>,ま
239.122,239.456,0,0,<2>いまで</c><1>もあなたはわたしのひかり</c>,で
239.122,239.456,0,-1,<2>今で</c><1>もあなたはわたしの光</c>,で
239.456,239.79,0,0,<2>いまでも</c><1>あなたはわたしのひかり</c>,も
239.456,239.79,0,-1,<2>今でも</c><1>あなたはわたしの光</c>,も
239.79,240.157,0,0,<2>いまでもあ</c><1>なたはわたしのひかり</c>,あ
239.79,240.157,0,-1,<2>今でもあ</c><1>なたはわたしの光</c>,あ
240.157,240.49,0,0,<2>いまでもあな</c><1>たはわたしのひかり</c>,な
240.157,240.49,0,-1,<2>今でもあな</c><1>たはわたしの光</c>,な
240.49,240.824,0,0,<2>いまでもあなた</c><1>はわたしのひかり</c>,た
240.49,240.824,0,-1,<2>今でもあなた</c><1>はわたしの光</c>,た
240.824,241.191,0,0,<2>いまでもあなたは</c><1>わたしのひかり</c>,は
240.824,241.191,0,-1,<2>今でもあなたは</c><1>わたしの光</c>,は
241.191,241.425,0,0,<2>いまでもあなたはわ</c><1>たしのひかり</c>,わ
241.191,241.425,0,-1,<2>今でもあなたはわ</c><1>たしの光</c>,わ
241.425,241.858,0,0,<2>いまでもあなたはわた</c><1>しのひかり</c>,た
241.425,241.858,0,-1,<2>今でもあなたはわた</c><1>しの光</c>,た
241.858,242.125,0,0,<2>いまでもあなたはわたし</c><1>のひかり</c>,し
241.858,242.125,0,-1,<2>今でもあなたはわたし</c><1>の光</c>,し
242.125,242.559,0,0,<2>いまでもあなたはわたしの</c><1>ひかり</c>,の
242.125,242.559,0,-1,<2>今でもあなたはわたしの</c><1>光</c>,の
242.559,242.826,0,0,<2>いまでもあなたはわたしのひ</c><1>かり</c>,ひ
242.559,245.24,0,-1,<2>今でもあなたはわたしの光</c>,光
242.826,243.327,0,0,<2>いまでもあなたはわたしのひか</c><1>り</c>,か
243.327,245.24,0,0,<2>いまでもあなたはわたしのひかり</c>,り
