start,end,position,line,text,token
1.41,1.61,-1,0,<2>ポン</c><1>コツなんて言わないでよ野暮なこと</c>,ポン
1.41,1.61,-1,-1,<2>ポン</c><1>コツなんていわないでよやぼなこと</c>,ポン
1.61,1.78,-1,0,<2>ポンコ</c><1>ツなんて言わないでよ野暮なこと</c>,コ
1.61,1.78,-1,-1,<2>ポンコ</c><1>ツなんていわないでよやぼなこと</c>,コ
1.78,1.89,-1,0,<2>ポンコツ</c><1>なんて言わないでよ野暮なこと</c>,ツ
1.78,1.89,-1,-1,<2>ポンコツ</c><1>なんていわないでよやぼなこと</c>,ツ
1.89,2.11,-1,0,<2>ポンコツなん</c><1>て言わないでよ野暮なこと</c>,なん
1.89,2.11,-1,-1,<2>ポンコツなん</c><1>ていわないでよやぼなこと</c>,なん
2.11,2.22,-1,0,<2>ポンコツなんて</c><1>言わないでよ野暮なこと</c>,て
2.11,2.22,-1,-1,<2>ポンコツなんて</c><1>いわないでよやぼなこと</c>,て
2.22,2.29,-1,0,<2>ポンコツなんて言</c><1>わないでよ野暮なこと</c>,言
2.22,2.29,-1,-1,<2>ポンコツなんてい</c><1>わないでよやぼなこと</c>,い
2.29,2.42,-1,0,<2>ポンコツなんて言わ</c><1>ないでよ野暮なこと</c>,わ
2.29,2.42,-1,-1,<2>ポンコツなんていわ</c><1>ないでよやぼなこと</c>,わ
2.42,2.61,-1,0,<2>ポンコツなんて言わな</c><1>いでよ野暮なこと</c>,な
2.42,2.61,-1,-1,<2>ポンコツなんていわな</c><1>いでよやぼなこと</c>,な
2.61,2.82,-1,0,<2>ポンコツなんて言わない</c><1>でよ野暮なこと</c>,い
2.61,2.82,-1,-1,<2>ポンコツなんていわない</c><1>でよやぼなこと</c>,い
2.82,3.01,-1,0,<2>ポンコツなんて言わないで</c><1>よ野暮なこと</c>,で
2.82,3.01,-1,-1,<2>ポンコツなんていわないで</c><1>よやぼなこと</c>,で
3.01,3.18,-1,0,<2>ポンコツなんて言わないでよ</c><1>野暮なこと</c>,よ
3.01,3.18,-1,-1,<2>ポンコツなんていわないでよ</c><1>やぼなこと</c>,よ
3.18,3.42,-1,0,<2>ポンコツなんて言わないでよ野</c><1>暮なこと</c>,野
3.18,3.42,-1,-1,<2>ポンコツなんていわないでよや</c><1>ぼなこと</c>,や
3.42,3.6,-1,0,<2>ポンコツなんて言わないでよ野暮</c><1>なこと</c>,暮
3.42,3.6,-1,-1,<2>ポンコツなんていわないでよやぼ</c><1>なこと</c>,ぼ
3.6,3.81,-1,0,<2>ポンコツなんて言わないでよ野暮な</c><1>こと</c>,な
3.6,3.81,-1,-1,<2>ポンコツなんていわないでよやぼな</c><1>こと</c>,な
3.81,4.02,-1,0,<2>ポンコツなんて言わないでよ野暮なこ</c><1>と</c>,こ
3.81,4.02,-1,-1,<2>ポンコツなんていわないでよやぼなこ</c><1>と</c>,こ
4.02,4.61,-1,0,<2>ポンコツなんて言わないでよ野暮なこと</c><1></c>,と
4.02,4.61,-1,-1,<2>ポンコツなんていわないでよやぼなこと</c><1></c>,と
4.61,4.82,-1,0,<2>こ</c><1>れこそがあたしのリアル</c>,こ
4.61,4.82,-1,-1,<2>こ</c><1>れこそがあたしのリアル</c>,こ
4.82,5.22,-1,0,<2>これ</c><1>こそがあたしのリアル</c>,れ
4.82,5.22,-1,-1,<2>これ</c><1>こそがあたしのリアル</c>,れ
5.22,5.62,-1,0,<2>これこ</c><1>そがあたしのリアル</c>,こ
5.22,5.62,-1,-1,<2>これこ</c><1>そがあたしのリアル</c>,こ
5.62,6.02,-1,0,<2>これこそ</c><1>があたしのリアル</c>,そ
5.62,6.02,-1,-1,<2>これこそ</c><1>があたしのリアル</c>,そ
6.02,6.42,-1,0,<2>これこそが</c><1>あたしのリアル</c>,が
6.02,6.42,-1,-1,<2>これこそが</c><1>あたしのリアル</c>,が
6.42,6.63,-1,0,<2>これこそがあ</c><1>たしのリアル</c>,あ
6.42,6.63,-1,-1,<2>これこそがあ</c><1>たしのリアル</c>,あ
6.63,6.81,-1,0,<2>これこそがあた</c><1>しのリアル</c>,た
6.63,6.81,-1,-1,<2>これこそがあた</c><1>しのリアル</c>,た
6.81,7.02,-1,0,<2>これこそがあたし</c><1>のリアル</c>,し
6.81,7.02,-1,-1,<2>これこそがあたし</c><1>のリアル</c>,し
7.02,7.21,-1,0,<2>これこそがあたしの</c><1>リアル</c>,の
7.02,7.21,-1,-1,<2>これこそがあたしの</c><1>リアル</c>,の
7.21,7.42,-1,0,<2>これこそがあたしのリ</c><1>アル</c>,リ
7.21,7.42,-1,-1,<2>これこそがあたしのリ</c><1>アル</c>,リ
7.42,7.62,-1,0,<2>これこそがあたしのリア</c><1>ル</c>,ア
7.42,7.62,-1,-1,<2>これこそがあたしのリア</c><1>ル</c>,ア
7.62,8.0,-1,0,<2>これこそがあたしのリアル</c><1></c>,ル
7.62,8.0,-1,-1,<2>これこそがあたしのリアル</c><1></c>,ル
8.0,8.14,-1,0,<2>り</c><1>ちゅいちゅいりちゅいっとボタン押した?</c>,り
8.0,8.14,-1,-1,<2>り</c><1>ちゅいちゅいりちゅいっとボタンおした?</c>,り
8.14,8.31,-1,0,<2>りちゅ</c><1>いちゅいりちゅいっとボタン押した?</c>,ちゅ
8.14,8.31,-1,-1,<2>りちゅ</c><1>いちゅいりちゅいっとボタンおした?</c>,ちゅ
8.31,8.53,-1,0,<2>りちゅい</c><1>ちゅいりちゅいっとボタン押した?</c>,い
8.31,8.53,-1,-1,<2>りちゅい</c><1>ちゅいりちゅいっとボタンおした?</c>,い
8.53,8.64,-1,0,<2>りちゅいちゅ</c><1>いりちゅいっとボタン押した?</c>,ちゅ
8.53,8.64,-1,-1,<2>りちゅいちゅ</c><1>いりちゅいっとボタンおした?</c>,ちゅ
8.64,8.73,-1,0,<2>りちゅいちゅい</c><1>りちゅいっとボタン押した?</c>,い
8.64,8.73,-1,-1,<2>りちゅいちゅい</c><1>りちゅいっとボタンおした?</c>,い
8.73,8.81,-1,0,<2>りちゅいちゅいり</c><1>ちゅいっとボタン押した?</c>,り
8.73,8.81,-1,-1,<2>りちゅいちゅいり</c><1>ちゅいっとボタンおした?</c>,り
8.81,9.0,-1,0,<2>りちゅいちゅいりちゅ</c><1>いっとボタン押した?</c>,ちゅ
8.81,9.0,-1,-1,<2>りちゅいちゅいりちゅ</c><1>いっとボタンおした?</c>,ちゅ
9.0,9.2,-1,0,<2>りちゅいちゅいりちゅい</c><1>っとボタン押した?</c>,い
9.0,9.2,-1,-1,<2>りちゅいちゅいりちゅい</c><1>っとボタンおした?</c>,い
9.2,9.4,-1,0,<2>りちゅいちゅいりちゅいっと</c><1>ボタン押した?</c>,っと
9.2,9.4,-1,-1,<2>りちゅいちゅいりちゅいっと</c><1>ボタンおした?</c>,っと
9.4,9.6,-1,0,<2>りちゅいちゅいりちゅいっとボ</c><1>タン押した?</c>,ボ
9.4,9.6,-1,-1,<2>りちゅいちゅいりちゅいっとボ</c><1>タンおした?</c>,ボ
9.6,9.81,-1,0,<2>りちゅいちゅいりちゅいっとボタ</c><1>ン押した?</c>,タ
9.6,9.81,-1,-1,<2>りちゅいちゅいりちゅいっとボタ</c><1>ンおした?</c>,タ
9.81,9.99,-1,0,<2>りちゅいちゅいりちゅいっとボタン</c><1>押した?</c>,ン
9.81,9.99,-1,-1,<2>りちゅいちゅいりちゅいっとボタン</c><1>おした?</c>,ン
9.99,10.22,-1,0,<2>りちゅいちゅいりちゅいっとボタン押</c><1>した?</c>,押
9.99,10.22,-1,-1,<2>りちゅいちゅいりちゅいっとボタンお</c><1>した?</c>,お
10.22,10.4,-1,0,<2>りちゅいちゅいりちゅいっとボタン押し</c><1>た?</c>,し
10.22,10.4,-1,-1,<2>りちゅいちゅいりちゅいっとボタンおし</c><1>た?</c>,し
10.4,10.99,-1,0,<2>りちゅいちゅいりちゅいっとボタン押した?</c><1></c>,た?
10.4,10.99,-1,-1,<2>りちゅいちゅいりちゅいっとボタンおした?</c><1></c>,た?
10.99,11.6,-1,0,<2>始</c><1>まるよ生放送</c>,始
10.99,11.2,-1,-1,<2>は</c><1>じまるよなまほうそう</c>,は
11.2,11.6,-1,-1,<2>はじ</c><1>まるよなまほうそう</c>,じ
11.6,12.0,-1,0,<2>始ま</c><1>るよ生放送</c>,ま
11.6,12.0,-1,-1,<2>はじま</c><1>るよなまほうそう</c>,ま
12.0,12.42,-1,0,<2>始まる</c><1>よ生放送</c>,る
12.0,12.42,-1,-1,<2>はじまる</c><1>よなまほうそう</c>,る
12.42,12.78,-1,0,<2>始まるよ</c><1>生放送</c>,よ
12.42,12.78,-1,-1,<2>はじまるよ</c><1>なまほうそう</c>,よ
12.78,13.18,-1,0,<2>始まるよ生</c><1>放送</c>,生
12.78,12.97,-1,-1,<2>はじまるよな</c><1>まほうそう</c>,な
12.97,13.18,-1,-1,<2>はじまるよなま</c><1>ほうそう</c>,ま
13.18,13.62,-1,0,<2>始まるよ生放</c><1>送</c>,放
13.18,13.39,-1,-1,<2>はじまるよなまほ</c><1>うそう</c>,ほ
13.39,13.62,-1,-1,<2>はじまるよなまほう</c><1>そう</c>,う
13.62,14.39,-1,0,<2>始まるよ生放送</c><1></c>,送
13.62,13.98,-1,-1,<2>はじまるよなまほうそ</c><1>う</c>,そ
13.98,14.39,-1,-1,<2>はじまるよなまほうそう</c><1></c>,う
14.39,14.8,-1,0,<2>(子</c><1>兎音!子兎音様!)</c>,(子
14.39,14.8,-1,-1,<2>(こ</c><1>とね!ことねさま!)</c>,(こ
14.8,15.19,-1,0,<2>(子兎</c><1>音!子兎音様!)</c>,兎
14.8,15.19,-1,-1,<2>(こと</c><1>ね!ことねさま!)</c>,と
15.19,15.79,-1,0,<2>(子兎音!</c><1>子兎音様!)</c>,音!
15.19,15.79,-1,-1,<2>(ことね!</c><1>ことねさま!)</c>,ね!
15.79,16.19,-1,0,<2>(子兎音!子</c><1>兎音様!)</c>,子
15.79,16.19,-1,-1,<2>(ことね!こ</c><1>とねさま!)</c>,こ
16.19,16.4,-1,0,<2>(子兎音!子兎</c><1>音様!)</c>,兎
16.19,16.4,-1,-1,<2>(ことね!こと</c><1>ねさま!)</c>,と
16.4,16.6,-1,0,<2>(子兎音!子兎音</c><1>様!)</c>,音
16.4,16.6,-1,-1,<2>(ことね!ことね</c><1>さま!)</c>,ね
16.6,17.23,-1,0,<2>(子兎音!子兎音様!)</c><1></c>,様!)
16.6,16.8,-1,-1,<2>(ことね!ことねさ</c><1>ま!)</c>,さ
16.8,17.23,-1,-1,<2>(ことね!ことねさま!)</c><1></c>,ま!)
17.23,17.61,-1,0,<2>ハ</c><1>ローハローいま両手鳴らして</c>,ハ
17.23,17.61,-1,-1,<2>ハ</c><1>ローハローいまりょうてならして</c>,ハ
17.61,18.2,-1,0,<2>ハロー</c><1>ハローいま両手鳴らして</c>,ロー
17.61,18.2,-1,-1,<2>ハロー</c><1>ハローいまりょうてならして</c>,ロー
18.2,18.42,-1,0,<2>ハローハ</c><1>ローいま両手鳴らして</c>,ハ
18.2,18.42,-1,-1,<2>ハローハ</c><1>ローいまりょうてならして</c>,ハ
18.42,18.82,-1,0,<2>ハローハロー</c><1>いま両手鳴らして</c>,ロー
18.42,18.82,-1,-1,<2>ハローハロー</c><1>いまりょうてならして</c>,ロー
18.82,19.02,-1,0,<2>ハローハローい</c><1>ま両手鳴らして</c>,い
18.82,19.02,-1,-1,<2>ハローハローい</c><1>まりょうてならして</c>,い
19.02,19.2,-1,0,<2>ハローハローいま</c><1>両手鳴らして</c>,ま
19.02,19.2,-1,-1,<2>ハローハローいま</c><1>りょうてならして</c>,ま
19.2,19.54,-1,0,<2>ハローハローいま両</c><1>手鳴らして</c>,両
19.2,19.37,-1,-1,<2>ハローハローいまりょ</c><1>うてならして</c>,りょ
19.37,19.54,-1,-1,<2>ハローハローいまりょう</c><1>てならして</c>,う
19.54,19.81,-1,0,<2>ハローハローいま両手</c><1>鳴らして</c>,手
19.54,19.81,-1,-1,<2>ハローハローいまりょうて</c><1>ならして</c>,て
19.81,20.0,-1,0,<2>ハローハローいま両手鳴</c><1>らして</c>,鳴
19.81,20.0,-1,-1,<2>ハローハローいまりょうてな</c><1>らして</c>,な
20.0,20.19,-1,0,<2>ハローハローいま両手鳴ら</c><1>して</c>,ら
20.0,20.19,-1,-1,<2>ハローハローいまりょうてなら</c><1>して</c>,ら
20.19,20.4,-1,0,<2>ハローハローいま両手鳴らし</c><1>て</c>,し
20.19,20.4,-1,-1,<2>ハローハローいまりょうてならし</c><1>て</c>,し
20.4,20.8,-1,0,<2>ハローハローいま両手鳴らして</c><1></c>,て
20.4,20.8,-1,-1,<2>ハローハローいまりょうてならして</c><1></c>,て
20.8,21.21,-1,0,<2>(子</c><1>兎音!子兎音様!)</c>,(子
20.8,21.21,-1,-1,<2>(こ</c><1>とね!ことねさま!)</c>,(こ
21.21,21.6,-1,0,<2>(子兎</c><1>音!子兎音様!)</c>,兎
21.21,21.6,-1,-1,<2>(こと</c><1>ね!ことねさま!)</c>,と
21.6,22.2,-1,0,<2>(子兎音!</c><1>子兎音様!)</c>,音!
21.6,22.2,-1,-1,<2>(ことね!</c><1>ことねさま!)</c>,ね!
22.2,22.6,-1,0,<2>(子兎音!子</c><1>兎音様!)</c>,子
22.2,22.6,-1,-1,<2>(ことね!こ</c><1>とねさま!)</c>,こ
22.6,22.81,-1,0,<2>(子兎音!子兎</c><1>音様!)</c>,兎
22.6,22.81,-1,-1,<2>(ことね!こと</c><1>ねさま!)</c>,と
22.81,23.01,-1,0,<2>(子兎音!子兎音</c><1>様!)</c>,音
22.81,23.01,-1,-1,<2>(ことね!ことね</c><1>さま!)</c>,ね
23.01,23.61,-1,0,<2>(子兎音!子兎音様!)</c><1></c>,様!)
23.01,23.21,-1,-1,<2>(ことね!ことねさ</c><1>ま!)</c>,さ
23.21,23.61,-1,-1,<2>(ことね!ことねさま!)</c><1></c>,ま!)
23.61,24.0,-1,0,<2>世</c><1>界へはばたけvtuber</c>,世
23.61,24.0,-1,-1,<2>せ</c><1>かいへはばたけvtuber</c>,せ
24.0,24.57,-1,0,<2>世界</c><1>へはばたけvtuber</c>,界
24.0,24.57,-1,-1,<2>せかい</c><1>へはばたけvtuber</c>,かい
24.57,24.84,-1,0,<2>世界へ</c><1>はばたけvtuber</c>,へ
24.57,24.84,-1,-1,<2>せかいへ</c><1>はばたけvtuber</c>,へ
24.84,25.01,-1,0,<2>世界へは</c><1>ばたけvtuber</c>,は
24.84,25.01,-1,-1,<2>せかいへは</c><1>ばたけvtuber</c>,は
25.01,25.21,-1,0,<2>世界へはば</c><1>たけvtuber</c>,ば
25.01,25.21,-1,-1,<2>せかいへはば</c><1>たけvtuber</c>,ば
25.21,25.41,-1,0,<2>世界へはばた</c><1>けvtuber</c>,た
25.21,25.41,-1,-1,<2>せかいへはばた</c><1>けvtuber</c>,た
25.41,25.6,-1,0,<2>世界へはばたけ</c><1>vtuber</c>,け
25.41,25.6,-1,-1,<2>せかいへはばたけ</c><1>vtuber</c>,け
25.6,26.01,-1,0,<2>世界へはばたけv</c><1>tuber</c>,v
25.6,26.01,-1,-1,<2>せかいへはばたけv</c><1>tuber</c>,v
26.01,26.39,-1,0,<2>世界へはばたけvtu</c><1>ber</c>,tu
26.01,26.39,-1,-1,<2>せかいへはばたけvtu</c><1>ber</c>,tu
26.39,27.2,-1,0,<2>世界へはばたけvtuber</c><1></c>,ber
26.39,27.2,-1,-1,<2>せかいへはばたけvtuber</c><1></c>,ber
27.2,30.42,-1,0,<2>天神子兎音-フーアーユーなんて言わないで</c>,天神子兎音-フーアーユーなんて言わないで
30.42,33.62,19,0,<2>作詞:tmiyachi作編曲:和田たけあき</c>,作詞:tmiyachi作編曲:和田たけあき
33.81,33.88,-1,0,<2>ア</c><1>ニメ・ゲーム・声優、サイ＆コー</c>,ア
33.81,33.88,-1,-1,<2>ア</c><1>ニメ・ゲーム・せいゆう、サイアンドコー</c>,ア
33.88,34.01,-1,0,<2>アニ</c><1>メ・ゲーム・声優、サイ＆コー</c>,ニ
33.88,34.01,-1,-1,<2>アニ</c><1>メ・ゲーム・せいゆう、サイアンドコー</c>,ニ
34.01,34.22,-1,0,<2>アニメ・</c><1>ゲーム・声優、サイ＆コー</c>,メ・
34.01,34.22,-1,-1,<2>アニメ・</c><1>ゲーム・せいゆう、サイアンドコー</c>,メ・
34.22,34.42,-1,0,<2>アニメ・ゲー</c><1>ム・声優、サイ＆コー</c>,ゲー
34.22,34.42,-1,-1,<2>アニメ・ゲー</c><1>ム・せいゆう、サイアンドコー</c>,ゲー
34.42,34.63,-1,0,<2>アニメ・ゲーム・</c><1>声優、サイ＆コー</c>,ム・
34.42,34.63,-1,-1,<2>アニメ・ゲーム・</c><1>せいゆう、サイアンドコー</c>,ム・
34.63,34.83,-1,0,<2>アニメ・ゲーム・声</c><1>優、サイ＆コー</c>,声
34.63,34.83,-1,-1,<2>アニメ・ゲーム・せい</c><1>ゆう、サイアンドコー</c>,せい
34.83,35.42,-1,0,<2>アニメ・ゲーム・声優、</c><1>サイ＆コー</c>,優、
34.83,35.02,-1,-1,<2>アニメ・ゲーム・せいゆ</c><1>う、サイアンドコー</c>,ゆ
35.02,35.42,-1,-1,<2>アニメ・ゲーム・せいゆう、</c><1>サイアンドコー</c>,う、
35.42,35.62,-1,0,<2>アニメ・ゲーム・声優、サ</c><1>イ＆コー</c>,サ
35.42,35.62,-1,-1,<2>アニメ・ゲーム・せいゆう、サ</c><1>イアンドコー</c>,サ
35.62,36.01,-1,0,<2>アニメ・ゲーム・声優、サイ</c><1>＆コー</c>,イ
35.62,36.01,-1,-1,<2>アニメ・ゲーム・せいゆう、サイ</c><1>アンドコー</c>,イ
36.01,36.62,-1,0,<2>アニメ・ゲーム・声優、サイ＆</c><1>コー</c>,＆
36.01,36.34,-1,-1,<2>アニメ・ゲーム・せいゆう、サイアン</c><1>ドコー</c>,アン
36.34,36.62,-1,-1,<2>アニメ・ゲーム・せいゆう、サイアンド</c><1>コー</c>,ド
36.62,37.02,-1,0,<2>アニメ・ゲーム・声優、サイ＆コー</c><1></c>,コー
36.62,37.02,-1,-1,<2>アニメ・ゲーム・せいゆう、サイアンドコー</c><1></c>,コー
37.02,37.1,-1,0,<2>う</c><1>ちもみんなのハートをノックするよ</c>,う
37.02,37.1,-1,-1,<2>う</c><1>ちもみんなのハートをノックするよ</c>,う
37.1,37.23,-1,0,<2>うち</c><1>もみんなのハートをノックするよ</c>,ち
37.1,37.23,-1,-1,<2>うち</c><1>もみんなのハートをノックするよ</c>,ち
37.23,37.37,-1,0,<2>うちも</c><1>みんなのハートをノックするよ</c>,も
37.23,37.37,-1,-1,<2>うちも</c><1>みんなのハートをノックするよ</c>,も
37.37,37.6,-1,0,<2>うちもみん</c><1>なのハートをノックするよ</c>,みん
37.37,37.6,-1,-1,<2>うちもみん</c><1>なのハートをノックするよ</c>,みん
37.6,37.8,-1,0,<2>うちもみんな</c><1>のハートをノックするよ</c>,な
37.6,37.8,-1,-1,<2>うちもみんな</c><1>のハートをノックするよ</c>,な
37.8,37.96,-1,0,<2>うちもみんなの</c><1>ハートをノックするよ</c>,の
37.8,37.96,-1,-1,<2>うちもみんなの</c><1>ハートをノックするよ</c>,の
37.96,38.23,-1,0,<2>うちもみんなのハー</c><1>トをノックするよ</c>,ハー
37.96,38.23,-1,-1,<2>うちもみんなのハー</c><1>トをノックするよ</c>,ハー
38.23,38.42,-1,0,<2>うちもみんなのハート</c><1>をノックするよ</c>,ト
38.23,38.42,-1,-1,<2>うちもみんなのハート</c><1>をノックするよ</c>,ト
38.42,38.62,-1,0,<2>うちもみんなのハートを</c><1>ノックするよ</c>,を
38.42,38.62,-1,-1,<2>うちもみんなのハートを</c><1>ノックするよ</c>,を
38.62,39.01,-1,0,<2>うちもみんなのハートをノ</c><1>ックするよ</c>,ノ
38.62,39.01,-1,-1,<2>うちもみんなのハートをノ</c><1>ックするよ</c>,ノ
39.01,39.21,-1,0,<2>うちもみんなのハートをノック</c><1>するよ</c>,ック
39.01,39.21,-1,-1,<2>うちもみんなのハートをノック</c><1>するよ</c>,ック
39.21,39.39,-1,0,<2>うちもみんなのハートをノックす</c><1>るよ</c>,す
39.21,39.39,-1,-1,<2>うちもみんなのハートをノックす</c><1>るよ</c>,す
39.39,39.61,-1,0,<2>うちもみんなのハートをノックする</c><1>よ</c>,る
39.39,39.61,-1,-1,<2>うちもみんなのハートをノックする</c><1>よ</c>,る
39.61,40.03,-1,0,<2>うちもみんなのハートをノックするよ</c><1></c>,よ
39.61,40.03,-1,-1,<2>うちもみんなのハートをノックするよ</c><1></c>,よ
40.03,40.62,-1,0,<2>ず</c><1>っと消えない存在感</c>,ず
40.03,40.62,-1,-1,<2>ず</c><1>っときえないそんざいかん</c>,ず
40.62,40.78,-1,0,<2>ずっと</c><1>消えない存在感</c>,っと
40.62,40.78,-1,-1,<2>ずっと</c><1>きえないそんざいかん</c>,っと
40.78,41.01,-1,0,<2>ずっと消</c><1>えない存在感</c>,消
40.78,41.01,-1,-1,<2>ずっとき</c><1>えないそんざいかん</c>,き
41.01,41.22,-1,0,<2>ずっと消え</c><1>ない存在感</c>,え
41.01,41.22,-1,-1,<2>ずっときえ</c><1>ないそんざいかん</c>,え
41.22,41.41,-1,0,<2>ずっと消えな</c><1>い存在感</c>,な
41.22,41.41,-1,-1,<2>ずっときえな</c><1>いそんざいかん</c>,な
41.41,41.61,-1,0,<2>ずっと消えない</c><1>存在感</c>,い
41.41,41.61,-1,-1,<2>ずっときえない</c><1>そんざいかん</c>,い
41.61,42.03,-1,0,<2>ずっと消えない存</c><1>在感</c>,存
41.61,42.03,-1,-1,<2>ずっときえないそん</c><1>ざいかん</c>,そん
42.03,42.43,-1,0,<2>ずっと消えない存在</c><1>感</c>,在
42.03,42.43,-1,-1,<2>ずっときえないそんざい</c><1>かん</c>,ざい
42.43,43.01,-1,0,<2>ずっと消えない存在感</c><1></c>,感
42.43,43.01,-1,-1,<2>ずっときえないそんざいかん</c><1></c>,かん
43.01,43.22,-1,0,<2>つ</c><1>いてきてや</c>,つ
43.01,43.22,-1,-1,<2>つ</c><1>いてきてや</c>,つ
43.22,43.63,-1,0,<2>つい</c><1>てきてや</c>,い
43.22,43.63,-1,-1,<2>つい</c><1>てきてや</c>,い
43.63,44.02,-1,0,<2>ついて</c><1>きてや</c>,て
43.63,44.02,-1,-1,<2>ついて</c><1>きてや</c>,て
44.02,44.41,-1,0,<2>ついてき</c><1>てや</c>,き
44.02,44.41,-1,-1,<2>ついてき</c><1>てや</c>,き
44.41,44.78,-1,0,<2>ついてきて</c><1>や</c>,て
44.41,44.78,-1,-1,<2>ついてきて</c><1>や</c>,て
44.78,45.98,-1,0,<2>ついてきてや</c><1></c>,や
44.78,45.98,-1,-1,<2>ついてきてや</c><1></c>,や
46.6,46.82,-1,0,<2>原</c><1>点にして頂点やうちの動画</c>,原
46.6,46.82,-1,-1,<2>げん</c><1>てんにしてちょうてんやうちのどうが</c>,げん
46.82,47.02,-1,0,<2>原点</c><1>にして頂点やうちの動画</c>,点
46.82,47.02,-1,-1,<2>げんてん</c><1>にしてちょうてんやうちのどうが</c>,てん
47.02,47.13,-1,0,<2>原点に</c><1>して頂点やうちの動画</c>,に
47.02,47.13,-1,-1,<2>げんてんに</c><1>してちょうてんやうちのどうが</c>,に
47.13,47.21,-1,0,<2>原点にし</c><1>て頂点やうちの動画</c>,し
47.13,47.21,-1,-1,<2>げんてんにし</c><1>てちょうてんやうちのどうが</c>,し
47.21,47.39,-1,0,<2>原点にして</c><1>頂点やうちの動画</c>,て
47.21,47.39,-1,-1,<2>げんてんにして</c><1>ちょうてんやうちのどうが</c>,て
47.39,47.62,-1,0,<2>原点にして頂</c><1>点やうちの動画</c>,頂
47.39,47.62,-1,-1,<2>げんてんにしてちょう</c><1>てんやうちのどうが</c>,ちょう
47.62,47.83,-1,0,<2>原点にして頂点</c><1>やうちの動画</c>,点
47.62,47.83,-1,-1,<2>げんてんにしてちょうてん</c><1>やうちのどうが</c>,てん
47.83,48.02,-1,0,<2>原点にして頂点や</c><1>うちの動画</c>,や
47.83,48.02,-1,-1,<2>げんてんにしてちょうてんや</c><1>うちのどうが</c>,や
48.02,48.4,-1,0,<2>原点にして頂点やう</c><1>ちの動画</c>,う
48.02,48.4,-1,-1,<2>げんてんにしてちょうてんやう</c><1>ちのどうが</c>,う
48.4,48.61,-1,0,<2>原点にして頂点やうち</c><1>の動画</c>,ち
48.4,48.61,-1,-1,<2>げんてんにしてちょうてんやうち</c><1>のどうが</c>,ち
48.61,48.82,-1,0,<2>原点にして頂点やうちの</c><1>動画</c>,の
48.61,48.82,-1,-1,<2>げんてんにしてちょうてんやうちの</c><1>どうが</c>,の
48.82,49.22,-1,0,<2>原点にして頂点やうちの動</c><1>画</c>,動
48.82,49.03,-1,-1,<2>げんてんにしてちょうてんやうちのど</c><1>うが</c>,ど
49.03,49.22,-1,-1,<2>げんてんにしてちょうてんやうちのどう</c><1>が</c>,う
49.22,49.8,-1,0,<2>原点にして頂点やうちの動画</c><1></c>,画
49.22,49.8,-1,-1,<2>げんてんにしてちょうてんやうちのどうが</c><1></c>,が
49.8,50.02,-1,0,<2>イン</c><1>ターネットの海にアップしたら</c>,イン
49.8,50.02,-1,-1,<2>イン</c><1>ターネットのうみにアップしたら</c>,イン
50.02,50.21,-1,0,<2>インター</c><1>ネットの海にアップしたら</c>,ター
50.02,50.21,-1,-1,<2>インター</c><1>ネットのうみにアップしたら</c>,ター
50.21,50.42,-1,0,<2>インターネ</c><1>ットの海にアップしたら</c>,ネ
50.21,50.42,-1,-1,<2>インターネ</c><1>ットのうみにアップしたら</c>,ネ
50.42,50.63,-1,0,<2>インターネット</c><1>の海にアップしたら</c>,ット
50.42,50.63,-1,-1,<2>インターネット</c><1>のうみにアップしたら</c>,ット
50.63,50.82,-1,0,<2>インターネットの</c><1>海にアップしたら</c>,の
50.63,50.82,-1,-1,<2>インターネットの</c><1>うみにアップしたら</c>,の
50.82,51.21,-1,0,<2>インターネットの海</c><1>にアップしたら</c>,海
50.82,51.02,-1,-1,<2>インターネットのう</c><1>みにアップしたら</c>,う
51.02,51.21,-1,-1,<2>インターネットのうみ</c><1>にアップしたら</c>,み
51.21,51.48,-1,0,<2>インターネットの海に</c><1>アップしたら</c>,に
51.21,51.48,-1,-1,<2>インターネットのうみに</c><1>アップしたら</c>,に
51.48,51.82,-1,0,<2>インターネットの海にア</c><1>ップしたら</c>,ア
51.48,51.82,-1,-1,<2>インターネットのうみにア</c><1>ップしたら</c>,ア
51.82,52.02,-1,0,<2>インターネットの海にアップ</c><1>したら</c>,ップ
51.82,52.02,-1,-1,<2>インターネットのうみにアップ</c><1>したら</c>,ップ
52.02,52.22,-1,0,<2>インターネットの海にアップし</c><1>たら</c>,し
52.02,52.22,-1,-1,<2>インターネットのうみにアップし</c><1>たら</c>,し
52.22,52.42,-1,0,<2>インターネットの海にアップした</c><1>ら</c>,た
52.22,52.42,-1,-1,<2>インターネットのうみにアップした</c><1>ら</c>,た
52.42,52.81,-1,0,<2>インターネットの海にアップしたら</c><1></c>,ら
52.42,52.81,-1,-1,<2>インターネットのうみにアップしたら</c><1></c>,ら
52.81,53.43,-1,0,<2>あ</c><1>っという間にコメント祭り</c>,あ
52.81,53.43,-1,-1,<2>あ</c><1>っというまにコメントまつり</c>,あ
53.43,53.54,-1,0,<2>あっと</c><1>いう間にコメント祭り</c>,っと
53.43,53.54,-1,-1,<2>あっと</c><1>いうまにコメントまつり</c>,っと
53.54,53.62,-1,0,<2>あっとい</c><1>う間にコメント祭り</c>,い
53.54,53.62,-1,-1,<2>あっとい</c><1>うまにコメントまつり</c>,い
53.62,54.01,-1,0,<2>あっという</c><1>間にコメント祭り</c>,う
53.62,54.01,-1,-1,<2>あっという</c><1>まにコメントまつり</c>,う
54.01,54.2,-1,0,<2>あっという間</c><1>にコメント祭り</c>,間
54.01,54.2,-1,-1,<2>あっというま</c><1>にコメントまつり</c>,ま
54.2,54.42,-1,0,<2>あっという間に</c><1>コメント祭り</c>,に
54.2,54.42,-1,-1,<2>あっというまに</c><1>コメントまつり</c>,に
54.42,54.61,-1,0,<2>あっという間にコ</c><1>メント祭り</c>,コ
54.42,54.61,-1,-1,<2>あっというまにコ</c><1>メントまつり</c>,コ
54.61,54.82,-1,0,<2>あっという間にコメ</c><1>ント祭り</c>,メ
54.61,54.82,-1,-1,<2>あっというまにコメ</c><1>ントまつり</c>,メ
54.82,55.01,-1,0,<2>あっという間にコメン</c><1>ト祭り</c>,ン
54.82,55.01,-1,-1,<2>あっというまにコメン</c><1>トまつり</c>,ン
55.01,55.21,-1,0,<2>あっという間にコメント</c><1>祭り</c>,ト
55.01,55.21,-1,-1,<2>あっというまにコメント</c><1>まつり</c>,ト
55.21,56.03,-1,0,<2>あっという間にコメント祭</c><1>り</c>,祭
55.21,55.62,-1,-1,<2>あっというまにコメントま</c><1>つり</c>,ま
55.62,56.03,-1,-1,<2>あっというまにコメントまつ</c><1>り</c>,つ
56.03,57.63,-1,0,<2>あっという間にコメント祭り</c><1></c>,り
56.03,57.63,-1,-1,<2>あっというまにコメントまつり</c><1></c>,り
58.62,58.81,-1,0,<2>カ</c><1>メラ前で張り切って</c>,カ
58.62,58.81,-1,-1,<2>カ</c><1>メラまえではりきって</c>,カ
58.81,59.02,-1,0,<2>カメ</c><1>ラ前で張り切って</c>,メ
58.81,59.02,-1,-1,<2>カメ</c><1>ラまえではりきって</c>,メ
59.02,59.2,-1,0,<2>カメラ</c><1>前で張り切って</c>,ラ
59.02,59.2,-1,-1,<2>カメラ</c><1>まえではりきって</c>,ラ
59.2,60.01,-1,0,<2>カメラ前</c><1>で張り切って</c>,前
59.2,59.8,-1,-1,<2>カメラま</c><1>えではりきって</c>,ま
59.8,60.01,-1,-1,<2>カメラまえ</c><1>ではりきって</c>,え
60.01,60.62,-1,0,<2>カメラ前で</c><1>張り切って</c>,で
60.01,60.62,-1,-1,<2>カメラまえで</c><1>はりきって</c>,で
60.62,60.82,-1,0,<2>カメラ前で張</c><1>り切って</c>,張
60.62,60.82,-1,-1,<2>カメラまえでは</c><1>りきって</c>,は
60.82,61.22,-1,0,<2>カメラ前で張り</c><1>切って</c>,り
60.82,61.22,-1,-1,<2>カメラまえではり</c><1>きって</c>,り
61.22,61.62,-1,0,<2>カメラ前で張り切</c><1>って</c>,切
61.22,61.62,-1,-1,<2>カメラまえではりき</c><1>って</c>,き
61.62,62.21,-1,0,<2>カメラ前で張り切って</c><1></c>,って
61.62,62.21,-1,-1,<2>カメラまえではりきって</c><1></c>,って
62.21,62.82,-1,0,<2>歌</c><1>って踊って凹んで</c>,歌
62.21,62.41,-1,-1,<2>う</c><1>たっておどってへこんで</c>,う
62.41,62.82,-1,-1,<2>うた</c><1>っておどってへこんで</c>,た
62.82,63.02,-1,0,<2>歌って</c><1>踊って凹んで</c>,って
62.82,63.02,-1,-1,<2>うたって</c><1>おどってへこんで</c>,って
63.02,63.62,-1,0,<2>歌って踊</c><1>って凹んで</c>,踊
63.02,63.22,-1,-1,<2>うたってお</c><1>どってへこんで</c>,お
63.22,63.62,-1,-1,<2>うたっておど</c><1>ってへこんで</c>,ど
63.62,63.82,-1,0,<2>歌って踊って</c><1>凹んで</c>,って
63.62,63.82,-1,-1,<2>うたっておどって</c><1>へこんで</c>,って
63.82,64.21,-1,0,<2>歌って踊って凹</c><1>んで</c>,凹
63.82,64.02,-1,-1,<2>うたっておどってへ</c><1>こんで</c>,へ
64.02,64.21,-1,-1,<2>うたっておどってへこ</c><1>んで</c>,こ
64.21,64.41,-1,0,<2>歌って踊って凹ん</c><1>で</c>,ん
64.21,64.41,-1,-1,<2>うたっておどってへこん</c><1>で</c>,ん
64.41,64.59,-1,0,<2>歌って踊って凹んで</c><1></c>,で
64.41,64.59,-1,-1,<2>うたっておどってへこんで</c><1></c>,で
64.59,64.83,-1,0,<2>不</c><1>安でも今は進まないと</c>,不
64.59,64.83,-1,-1,<2>ふ</c><1>あんでもいまはすすまないと</c>,ふ
64.83,65.22,-1,0,<2>不安</c><1>でも今は進まないと</c>,安
64.83,65.08,-1,-1,<2>ふあ</c><1>んでもいまはすすまないと</c>,あ
65.08,65.22,-1,-1,<2>ふあん</c><1>でもいまはすすまないと</c>,ん
65.22,65.38,-1,0,<2>不安で</c><1>も今は進まないと</c>,で
65.22,65.38,-1,-1,<2>ふあんで</c><1>もいまはすすまないと</c>,で
65.38,65.62,-1,0,<2>不安でも</c><1>今は進まないと</c>,も
65.38,65.62,-1,-1,<2>ふあんでも</c><1>いまはすすまないと</c>,も
65.62,66.43,-1,0,<2>不安でも今</c><1>は進まないと</c>,今
65.62,66.2,-1,-1,<2>ふあんでもい</c><1>まはすすまないと</c>,い
66.2,66.43,-1,-1,<2>ふあんでもいま</c><1>はすすまないと</c>,ま
66.43,67.02,-1,0,<2>不安でも今は</c><1>進まないと</c>,は
66.43,67.02,-1,-1,<2>ふあんでもいまは</c><1>すすまないと</c>,は
67.02,67.42,-1,0,<2>不安でも今は進</c><1>まないと</c>,進
67.02,67.22,-1,-1,<2>ふあんでもいまはす</c><1>すまないと</c>,す
67.22,67.42,-1,-1,<2>ふあんでもいまはすす</c><1>まないと</c>,す
67.42,67.62,-1,0,<2>不安でも今は進ま</c><1>ないと</c>,ま
67.42,67.62,-1,-1,<2>ふあんでもいまはすすま</c><1>ないと</c>,ま
67.62,67.81,-1,0,<2>不安でも今は進まな</c><1>いと</c>,な
67.62,67.81,-1,-1,<2>ふあんでもいまはすすまな</c><1>いと</c>,な
67.81,68.03,-1,0,<2>不安でも今は進まない</c><1>と</c>,い
67.81,68.03,-1,-1,<2>ふあんでもいまはすすまない</c><1>と</c>,い
68.03,68.62,-1,0,<2>不安でも今は進まないと</c><1></c>,と
68.03,68.62,-1,-1,<2>ふあんでもいまはすすまないと</c><1></c>,と
68.62,68.79,-1,0,<2>こ</c><1>の先生きのこれない</c>,こ
68.62,68.79,-1,-1,<2>こ</c><1>のせんせいきのこれない</c>,こ
68.79,69.14,-1,0,<2>この</c><1>先生きのこれない</c>,の
68.79,69.14,-1,-1,<2>この</c><1>せんせいきのこれない</c>,の
69.14,69.38,-1,0,<2>この先</c><1>生きのこれない</c>,先
69.14,69.38,-1,-1,<2>このせん</c><1>せいきのこれない</c>,せん
69.38,69.59,-1,0,<2>この先生</c><1>きのこれない</c>,生
69.38,69.59,-1,-1,<2>このせんせい</c><1>きのこれない</c>,せい
69.59,69.93,-1,0,<2>この先生き</c><1>のこれない</c>,き
69.59,69.93,-1,-1,<2>このせんせいき</c><1>のこれない</c>,き
69.93,70.19,-1,0,<2>この先生きの</c><1>これない</c>,の
69.93,70.19,-1,-1,<2>このせんせいきの</c><1>これない</c>,の
70.19,70.42,-1,0,<2>この先生きのこ</c><1>れない</c>,こ
70.19,70.42,-1,-1,<2>このせんせいきのこ</c><1>れない</c>,こ
70.42,70.8,-1,0,<2>この先生きのこれ</c><1>ない</c>,れ
70.42,70.8,-1,-1,<2>このせんせいきのこれ</c><1>ない</c>,れ
70.8,71.22,-1,0,<2>この先生きのこれな</c><1>い</c>,な
70.8,71.22,-1,-1,<2>このせんせいきのこれな</c><1>い</c>,な
71.22,71.59,-1,0,<2>この先生きのこれない</c><1></c>,い
71.22,71.59,-1,-1,<2>このせんせいきのこれない</c><1></c>,い
71.79,71.87,-1,0,<2>フー</c><1>アーユー?なんて言わないで無意味だから</c>,フー
71.79,71.87,-1,-1,<2>フー</c><1>アーユー?なんていわないでむいみだから</c>,フー
71.87,72.0,-1,0,<2>フーアー</c><1>ユー?なんて言わないで無意味だから</c>,アー
71.87,72.0,-1,-1,<2>フーアー</c><1>ユー?なんていわないでむいみだから</c>,アー
72.0,72.21,-1,0,<2>フーアーユー?</c><1>なんて言わないで無意味だから</c>,ユー?
72.0,72.21,-1,-1,<2>フーアーユー?</c><1>なんていわないでむいみだから</c>,ユー?
72.21,72.36,-1,0,<2>フーアーユー?な</c><1>んて言わないで無意味だから</c>,な
72.21,72.36,-1,-1,<2>フーアーユー?な</c><1>んていわないでむいみだから</c>,な
72.36,72.53,-1,0,<2>フーアーユー?なん</c><1>て言わないで無意味だから</c>,ん
72.36,72.53,-1,-1,<2>フーアーユー?なん</c><1>ていわないでむいみだから</c>,ん
72.53,72.61,-1,0,<2>フーアーユー?なんて</c><1>言わないで無意味だから</c>,て
72.53,72.61,-1,-1,<2>フーアーユー?なんて</c><1>いわないでむいみだから</c>,て
72.61,72.71,-1,0,<2>フーアーユー?なんて言</c><1>わないで無意味だから</c>,言
72.61,72.71,-1,-1,<2>フーアーユー?なんてい</c><1>わないでむいみだから</c>,い
72.71,72.82,-1,0,<2>フーアーユー?なんて言わ</c><1>ないで無意味だから</c>,わ
72.71,72.82,-1,-1,<2>フーアーユー?なんていわ</c><1>ないでむいみだから</c>,わ
72.82,73.01,-1,0,<2>フーアーユー?なんて言わな</c><1>いで無意味だから</c>,な
72.82,73.01,-1,-1,<2>フーアーユー?なんていわな</c><1>いでむいみだから</c>,な
73.01,73.22,-1,0,<2>フーアーユー?なんて言わない</c><1>で無意味だから</c>,い
73.01,73.22,-1,-1,<2>フーアーユー?なんていわない</c><1>でむいみだから</c>,い
73.22,73.42,-1,0,<2>フーアーユー?なんて言わないで</c><1>無意味だから</c>,で
73.22,73.42,-1,-1,<2>フーアーユー?なんていわないで</c><1>むいみだから</c>,で
73.42,73.62,-1,0,<2>フーアーユー?なんて言わないで無</c><1>意味だから</c>,無
73.42,73.62,-1,-1,<2>フーアーユー?なんていわないでむ</c><1>いみだから</c>,む
73.62,73.82,-1,0,<2>フーアーユー?なんて言わないで無意</c><1>味だから</c>,意
73.62,73.82,-1,-1,<2>フーアーユー?なんていわないでむい</c><1>みだから</c>,い
73.82,74.01,-1,0,<2>フーアーユー?なんて言わないで無意味</c><1>だから</c>,味
73.82,74.01,-1,-1,<2>フーアーユー?なんていわないでむいみ</c><1>だから</c>,み
74.01,74.22,-1,0,<2>フーアーユー?なんて言わないで無意味だ</c><1>から</c>,だ
74.01,74.22,-1,-1,<2>フーアーユー?なんていわないでむいみだ</c><1>から</c>,だ
74.22,74.41,-1,0,<2>フーアーユー?なんて言わないで無意味だか</c><1>ら</c>,か
74.22,74.41,-1,-1,<2>フーアーユー?なんていわないでむいみだか</c><1>ら</c>,か
74.41,75.02,-1,0,<2>フーアーユー?なんて言わないで無意味だから</c><1></c>,ら
74.41,75.02,-1,-1,<2>フーアーユー?なんていわないでむいみだから</c><1></c>,ら
75.02,75.23,-1,0,<2>こ</c><1>のキャラがみんなのリアル</c>,こ
75.02,75.23,-1,-1,<2>こ</c><1>のキャラがみんなのリアル</c>,こ
75.23,75.62,-1,0,<2>この</c><1>キャラがみんなのリアル</c>,の
75.23,75.62,-1,-1,<2>この</c><1>キャラがみんなのリアル</c>,の
75.62,76.0,-1,0,<2>このキャ</c><1>ラがみんなのリアル</c>,キャ
75.62,76.0,-1,-1,<2>このキャ</c><1>ラがみんなのリアル</c>,キャ
76.0,76.41,-1,0,<2>このキャラ</c><1>がみんなのリアル</c>,ラ
76.0,76.41,-1,-1,<2>このキャラ</c><1>がみんなのリアル</c>,ラ
76.41,76.83,-1,0,<2>このキャラが</c><1>みんなのリアル</c>,が
76.41,76.83,-1,-1,<2>このキャラが</c><1>みんなのリアル</c>,が
76.83,77.07,-1,0,<2>このキャラがみ</c><1>んなのリアル</c>,み
76.83,77.07,-1,-1,<2>このキャラがみ</c><1>んなのリアル</c>,み
77.07,77.22,-1,0,<2>このキャラがみん</c><1>なのリアル</c>,ん
77.07,77.22,-1,-1,<2>このキャラがみん</c><1>なのリアル</c>,ん
77.22,77.42,-1,0,<2>このキャラがみんな</c><1>のリアル</c>,な
77.22,77.42,-1,-1,<2>このキャラがみんな</c><1>のリアル</c>,な
77.42,77.62,-1,0,<2>このキャラがみんなの</c><1>リアル</c>,の
77.42,77.62,-1,-1,<2>このキャラがみんなの</c><1>リアル</c>,の
77.62,77.81,-1,0,<2>このキャラがみんなのリ</c><1>アル</c>,リ
77.62,77.81,-1,-1,<2>このキャラがみんなのリ</c><1>アル</c>,リ
77.81,78.01,-1,0,<2>このキャラがみんなのリア</c><1>ル</c>,ア
77.81,78.01,-1,-1,<2>このキャラがみんなのリア</c><1>ル</c>,ア
78.01,78.41,-1,0,<2>このキャラがみんなのリアル</c><1></c>,ル
78.01,78.41,-1,-1,<2>このキャラがみんなのリアル</c><1></c>,ル
78.41,78.6,-1,0,<2>り</c><1>ちゅいちゅいりちゅいっと押せば広がる</c>,り
78.41,78.6,-1,-1,<2>り</c><1>ちゅいちゅいりちゅいっとおせばひろがる</c>,り
78.6,78.77,-1,0,<2>りちゅ</c><1>いちゅいりちゅいっと押せば広がる</c>,ちゅ
78.6,78.77,-1,-1,<2>りちゅ</c><1>いちゅいりちゅいっとおせばひろがる</c>,ちゅ
78.77,78.94,-1,0,<2>りちゅい</c><1>ちゅいりちゅいっと押せば広がる</c>,い
78.77,78.94,-1,-1,<2>りちゅい</c><1>ちゅいりちゅいっとおせばひろがる</c>,い
78.94,79.05,-1,0,<2>りちゅいちゅ</c><1>いりちゅいっと押せば広がる</c>,ちゅ
78.94,79.05,-1,-1,<2>りちゅいちゅ</c><1>いりちゅいっとおせばひろがる</c>,ちゅ
79.05,79.14,-1,0,<2>りちゅいちゅい</c><1>りちゅいっと押せば広がる</c>,い
79.05,79.14,-1,-1,<2>りちゅいちゅい</c><1>りちゅいっとおせばひろがる</c>,い
79.14,79.22,-1,0,<2>りちゅいちゅいり</c><1>ちゅいっと押せば広がる</c>,り
79.14,79.22,-1,-1,<2>りちゅいちゅいり</c><1>ちゅいっとおせばひろがる</c>,り
79.22,79.41,-1,0,<2>りちゅいちゅいりちゅ</c><1>いっと押せば広がる</c>,ちゅ
79.22,79.41,-1,-1,<2>りちゅいちゅいりちゅ</c><1>いっとおせばひろがる</c>,ちゅ
79.41,79.61,-1,0,<2>りちゅいちゅいりちゅい</c><1>っと押せば広がる</c>,い
79.41,79.61,-1,-1,<2>りちゅいちゅいりちゅい</c><1>っとおせばひろがる</c>,い
79.61,79.81,-1,0,<2>りちゅいちゅいりちゅいっと</c><1>押せば広がる</c>,っと
79.61,79.81,-1,-1,<2>りちゅいちゅいりちゅいっと</c><1>おせばひろがる</c>,っと
79.81,80.01,-1,0,<2>りちゅいちゅいりちゅいっと押</c><1>せば広がる</c>,押
79.81,80.01,-1,-1,<2>りちゅいちゅいりちゅいっとお</c><1>せばひろがる</c>,お
80.01,80.22,-1,0,<2>りちゅいちゅいりちゅいっと押せ</c><1>ば広がる</c>,せ
80.01,80.22,-1,-1,<2>りちゅいちゅいりちゅいっとおせ</c><1>ばひろがる</c>,せ
80.22,80.4,-1,0,<2>りちゅいちゅいりちゅいっと押せば</c><1>広がる</c>,ば
80.22,80.4,-1,-1,<2>りちゅいちゅいりちゅいっとおせば</c><1>ひろがる</c>,ば
80.4,80.82,-1,0,<2>りちゅいちゅいりちゅいっと押せば広</c><1>がる</c>,広
80.4,80.62,-1,-1,<2>りちゅいちゅいりちゅいっとおせばひ</c><1>ろがる</c>,ひ
80.62,80.82,-1,-1,<2>りちゅいちゅいりちゅいっとおせばひろ</c><1>がる</c>,ろ
80.82,81.02,-1,0,<2>りちゅいちゅいりちゅいっと押せば広が</c><1>る</c>,が
80.82,81.02,-1,-1,<2>りちゅいちゅいりちゅいっとおせばひろが</c><1>る</c>,が
81.02,81.4,-1,0,<2>りちゅいちゅいりちゅいっと押せば広がる</c><1></c>,る
81.02,81.4,-1,-1,<2>りちゅいちゅいりちゅいっとおせばひろがる</c><1></c>,る
81.4,81.61,-1,0,<2>聞</c><1>きにきてうちの歌</c>,聞
81.4,81.61,-1,-1,<2>き</c><1>きにきてうちのうた</c>,き
81.61,82.01,-1,0,<2>聞き</c><1>にきてうちの歌</c>,き
81.61,82.01,-1,-1,<2>きき</c><1>にきてうちのうた</c>,き
82.01,82.41,-1,0,<2>聞きに</c><1>きてうちの歌</c>,に
82.01,82.41,-1,-1,<2>ききに</c><1>きてうちのうた</c>,に
82.41,82.83,-1,0,<2>聞きにき</c><1>てうちの歌</c>,き
82.41,82.83,-1,-1,<2>ききにき</c><1>てうちのうた</c>,き
82.83,83.22,-1,0,<2>聞きにきて</c><1>うちの歌</c>,て
82.83,83.22,-1,-1,<2>ききにきて</c><1>うちのうた</c>,て
83.22,83.42,-1,0,<2>聞きにきてう</c><1>ちの歌</c>,う
83.22,83.42,-1,-1,<2>ききにきてう</c><1>ちのうた</c>,う
83.42,83.62,-1,0,<2>聞きにきてうち</c><1>の歌</c>,ち
83.42,83.62,-1,-1,<2>ききにきてうち</c><1>のうた</c>,ち
83.62,83.81,-1,0,<2>聞きにきてうちの</c><1>歌</c>,の
83.62,83.81,-1,-1,<2>ききにきてうちの</c><1>うた</c>,の
83.81,84.81,-1,0,<2>聞きにきてうちの歌</c><1></c>,歌
83.81,84.03,-1,-1,<2>ききにきてうちのう</c><1>た</c>,う
84.03,84.81,-1,-1,<2>ききにきてうちのうた</c><1></c>,た
84.81,85.22,-1,0,<2>(子</c><1>兎音!子兎音様!)</c>,(子
84.81,85.22,-1,-1,<2>(こ</c><1>とね!ことねさま!)</c>,(こ
85.22,85.61,-1,0,<2>(子兎</c><1>音!子兎音様!)</c>,兎
85.22,85.61,-1,-1,<2>(こと</c><1>ね!ことねさま!)</c>,と
85.61,86.21,-1,0,<2>(子兎音!</c><1>子兎音様!)</c>,音!
85.61,86.21,-1,-1,<2>(ことね!</c><1>ことねさま!)</c>,ね!
86.21,86.61,-1,0,<2>(子兎音!子</c><1>兎音様!)</c>,子
86.21,86.61,-1,-1,<2>(ことね!こ</c><1>とねさま!)</c>,こ
86.61,86.82,-1,0,<2>(子兎音!子兎</c><1>音様!)</c>,兎
86.61,86.82,-1,-1,<2>(ことね!こと</c><1>ねさま!)</c>,と
86.82,87.02,-1,0,<2>(子兎音!子兎音</c><1>様!)</c>,音
86.82,87.02,-1,-1,<2>(ことね!ことね</c><1>さま!)</c>,ね
87.02,87.6,-1,0,<2>(子兎音!子兎音様!)</c><1></c>,様!)
87.02,87.22,-1,-1,<2>(ことね!ことねさ</c><1>ま!)</c>,さ
87.22,87.6,-1,-1,<2>(ことね!ことねさま!)</c><1></c>,ま!)
87.6,88.0,-1,0,<2>ハ</c><1>ローハローさあ両手広げて</c>,ハ
87.6,88.0,-1,-1,<2>ハ</c><1>ローハローさありょうてひろげて</c>,ハ
88.0,88.61,-1,0,<2>ハロー</c><1>ハローさあ両手広げて</c>,ロー
88.0,88.61,-1,-1,<2>ハロー</c><1>ハローさありょうてひろげて</c>,ロー
88.61,88.81,-1,0,<2>ハローハ</c><1>ローさあ両手広げて</c>,ハ
88.61,88.81,-1,-1,<2>ハローハ</c><1>ローさありょうてひろげて</c>,ハ
88.81,89.21,-1,0,<2>ハローハロー</c><1>さあ両手広げて</c>,ロー
88.81,89.21,-1,-1,<2>ハローハロー</c><1>さありょうてひろげて</c>,ロー
89.21,89.41,-1,0,<2>ハローハローさ</c><1>あ両手広げて</c>,さ
89.21,89.41,-1,-1,<2>ハローハローさ</c><1>ありょうてひろげて</c>,さ
89.41,89.61,-1,0,<2>ハローハローさあ</c><1>両手広げて</c>,あ
89.41,89.61,-1,-1,<2>ハローハローさあ</c><1>りょうてひろげて</c>,あ
89.61,89.93,-1,0,<2>ハローハローさあ両</c><1>手広げて</c>,両
89.61,89.76,-1,-1,<2>ハローハローさありょ</c><1>うてひろげて</c>,りょ
89.76,89.93,-1,-1,<2>ハローハローさありょう</c><1>てひろげて</c>,う
89.93,90.2,-1,0,<2>ハローハローさあ両手</c><1>広げて</c>,手
89.93,90.2,-1,-1,<2>ハローハローさありょうて</c><1>ひろげて</c>,て
90.2,90.62,-1,0,<2>ハローハローさあ両手広</c><1>げて</c>,広
90.2,90.42,-1,-1,<2>ハローハローさありょうてひ</c><1>ろげて</c>,ひ
90.42,90.62,-1,-1,<2>ハローハローさありょうてひろ</c><1>げて</c>,ろ
90.62,90.79,-1,0,<2>ハローハローさあ両手広げ</c><1>て</c>,げ
90.62,90.79,-1,-1,<2>ハローハローさありょうてひろげ</c><1>て</c>,げ
90.79,91.21,-1,0,<2>ハローハローさあ両手広げて</c><1></c>,て
90.79,91.21,-1,-1,<2>ハローハローさありょうてひろげて</c><1></c>,て
91.21,91.6,-1,0,<2>(子</c><1>兎音!子兎音様!)</c>,(子
91.21,91.6,-1,-1,<2>(こ</c><1>とね!ことねさま!)</c>,(こ
91.6,92.01,-1,0,<2>(子兎</c><1>音!子兎音様!)</c>,兎
91.6,92.01,-1,-1,<2>(こと</c><1>ね!ことねさま!)</c>,と
92.01,92.59,-1,0,<2>(子兎音!</c><1>子兎音様!)</c>,音!
92.01,92.59,-1,-1,<2>(ことね!</c><1>ことねさま!)</c>,ね!
92.59,93.02,-1,0,<2>(子兎音!子</c><1>兎音様!)</c>,子
92.59,93.02,-1,-1,<2>(ことね!こ</c><1>とねさま!)</c>,こ
93.02,93.21,-1,0,<2>(子兎音!子兎</c><1>音様!)</c>,兎
93.02,93.21,-1,-1,<2>(ことね!こと</c><1>ねさま!)</c>,と
93.21,93.4,-1,0,<2>(子兎音!子兎音</c><1>様!)</c>,音
93.21,93.4,-1,-1,<2>(ことね!ことね</c><1>さま!)</c>,ね
93.4,94.02,-1,0,<2>(子兎音!子兎音様!)</c><1></c>,様!)
93.4,93.6,-1,-1,<2>(ことね!ことねさ</c><1>ま!)</c>,さ
93.6,94.02,-1,-1,<2>(ことね!ことねさま!)</c><1></c>,ま!)
94.02,94.41,-1,0,<2>世</c><1>界へはばたけvtuber</c>,世
94.02,94.41,-1,-1,<2>せ</c><1>かいへはばたけvtuber</c>,せ
94.41,94.98,-1,0,<2>世界</c><1>へはばたけvtuber</c>,界
94.41,94.98,-1,-1,<2>せかい</c><1>へはばたけvtuber</c>,かい
94.98,95.25,-1,0,<2>世界へ</c><1>はばたけvtuber</c>,へ
94.98,95.25,-1,-1,<2>せかいへ</c><1>はばたけvtuber</c>,へ
95.25,95.42,-1,0,<2>世界へは</c><1>ばたけvtuber</c>,は
95.25,95.42,-1,-1,<2>せかいへは</c><1>ばたけvtuber</c>,は
95.42,95.62,-1,0,<2>世界へはば</c><1>たけvtuber</c>,ば
95.42,95.62,-1,-1,<2>せかいへはば</c><1>たけvtuber</c>,ば
95.62,95.82,-1,0,<2>世界へはばた</c><1>けvtuber</c>,た
95.62,95.82,-1,-1,<2>せかいへはばた</c><1>けvtuber</c>,た
95.82,96.01,-1,0,<2>世界へはばたけ</c><1>vtuber</c>,け
95.82,96.01,-1,-1,<2>せかいへはばたけ</c><1>vtuber</c>,け
96.01,96.42,-1,0,<2>世界へはばたけv</c><1>tuber</c>,v
96.01,96.42,-1,-1,<2>せかいへはばたけv</c><1>tuber</c>,v
96.42,96.8,-1,0,<2>世界へはばたけvtu</c><1>ber</c>,tu
96.42,96.8,-1,-1,<2>せかいへはばたけvtu</c><1>ber</c>,tu
96.8,97.62,-1,0,<2>世界へはばたけvtuber</c><1></c>,ber
96.8,97.62,-1,-1,<2>せかいへはばたけvtuber</c><1></c>,ber
119.43,119.61,-1,0,<2>マン</c><1>ガ・フィギュア・アイドル、サイ＆コー</c>,マン
119.43,119.61,-1,-1,<2>マン</c><1>ガ・フィギュア・アイドル、サイアンドコー</c>,マン
119.61,119.82,-1,0,<2>マンガ・</c><1>フィギュア・アイドル、サイ＆コー</c>,ガ・
119.61,119.82,-1,-1,<2>マンガ・</c><1>フィギュア・アイドル、サイアンドコー</c>,ガ・
119.82,119.93,-1,0,<2>マンガ・フィ</c><1>ギュア・アイドル、サイ＆コー</c>,フィ
119.82,119.93,-1,-1,<2>マンガ・フィ</c><1>ギュア・アイドル、サイアンドコー</c>,フィ
119.93,120.02,-1,0,<2>マンガ・フィギュ</c><1>ア・アイドル、サイ＆コー</c>,ギュ
119.93,120.02,-1,-1,<2>マンガ・フィギュ</c><1>ア・アイドル、サイアンドコー</c>,ギュ
120.02,120.22,-1,0,<2>マンガ・フィギュア・</c><1>アイドル、サイ＆コー</c>,ア・
120.02,120.22,-1,-1,<2>マンガ・フィギュア・</c><1>アイドル、サイアンドコー</c>,ア・
120.22,120.43,-1,0,<2>マンガ・フィギュア・アイ</c><1>ドル、サイ＆コー</c>,アイ
120.22,120.43,-1,-1,<2>マンガ・フィギュア・アイ</c><1>ドル、サイアンドコー</c>,アイ
120.43,120.63,-1,0,<2>マンガ・フィギュア・アイド</c><1>ル、サイ＆コー</c>,ド
120.43,120.63,-1,-1,<2>マンガ・フィギュア・アイド</c><1>ル、サイアンドコー</c>,ド
120.63,121.01,-1,0,<2>マンガ・フィギュア・アイドル、</c><1>サイ＆コー</c>,ル、
120.63,121.01,-1,-1,<2>マンガ・フィギュア・アイドル、</c><1>サイアンドコー</c>,ル、
121.01,121.21,-1,0,<2>マンガ・フィギュア・アイドル、サ</c><1>イ＆コー</c>,サ
121.01,121.21,-1,-1,<2>マンガ・フィギュア・アイドル、サ</c><1>イアンドコー</c>,サ
121.21,121.58,-1,0,<2>マンガ・フィギュア・アイドル、サイ</c><1>＆コー</c>,イ
121.21,121.58,-1,-1,<2>マンガ・フィギュア・アイドル、サイ</c><1>アンドコー</c>,イ
121.58,122.21,-1,0,<2>マンガ・フィギュア・アイドル、サイ＆</c><1>コー</c>,＆
121.58,121.92,-1,-1,<2>マンガ・フィギュア・アイドル、サイアン</c><1>ドコー</c>,アン
121.92,122.21,-1,-1,<2>マンガ・フィギュア・アイドル、サイアンド</c><1>コー</c>,ド
122.21,122.58,-1,0,<2>マンガ・フィギュア・アイドル、サイ＆コー</c><1></c>,コー
122.21,122.58,-1,-1,<2>マンガ・フィギュア・アイドル、サイアンドコー</c><1></c>,コー
122.58,122.69,-1,0,<2>う</c><1>ちもみんなのハートをノックするよ</c>,う
122.58,122.69,-1,-1,<2>う</c><1>ちもみんなのハートをノックするよ</c>,う
122.69,122.82,-1,0,<2>うち</c><1>もみんなのハートをノックするよ</c>,ち
122.69,122.82,-1,-1,<2>うち</c><1>もみんなのハートをノックするよ</c>,ち
122.82,123.0,-1,0,<2>うちも</c><1>みんなのハートをノックするよ</c>,も
122.82,123.0,-1,-1,<2>うちも</c><1>みんなのハートをノックするよ</c>,も
123.0,123.22,-1,0,<2>うちもみん</c><1>なのハートをノックするよ</c>,みん
123.0,123.22,-1,-1,<2>うちもみん</c><1>なのハートをノックするよ</c>,みん
123.22,123.39,-1,0,<2>うちもみんな</c><1>のハートをノックするよ</c>,な
123.22,123.39,-1,-1,<2>うちもみんな</c><1>のハートをノックするよ</c>,な
123.39,123.62,-1,0,<2>うちもみんなの</c><1>ハートをノックするよ</c>,の
123.39,123.62,-1,-1,<2>うちもみんなの</c><1>ハートをノックするよ</c>,の
123.62,123.82,-1,0,<2>うちもみんなのハー</c><1>トをノックするよ</c>,ハー
123.62,123.82,-1,-1,<2>うちもみんなのハー</c><1>トをノックするよ</c>,ハー
123.82,124.02,-1,0,<2>うちもみんなのハート</c><1>をノックするよ</c>,ト
123.82,124.02,-1,-1,<2>うちもみんなのハート</c><1>をノックするよ</c>,ト
124.02,124.28,-1,0,<2>うちもみんなのハートを</c><1>ノックするよ</c>,を
124.02,124.28,-1,-1,<2>うちもみんなのハートを</c><1>ノックするよ</c>,を
124.28,124.6,-1,0,<2>うちもみんなのハートをノ</c><1>ックするよ</c>,ノ
124.28,124.6,-1,-1,<2>うちもみんなのハートをノ</c><1>ックするよ</c>,ノ
124.6,124.82,-1,0,<2>うちもみんなのハートをノック</c><1>するよ</c>,ック
124.6,124.82,-1,-1,<2>うちもみんなのハートをノック</c><1>するよ</c>,ック
124.82,125.01,-1,0,<2>うちもみんなのハートをノックす</c><1>るよ</c>,す
124.82,125.01,-1,-1,<2>うちもみんなのハートをノックす</c><1>るよ</c>,す
125.01,125.2,-1,0,<2>うちもみんなのハートをノックする</c><1>よ</c>,る
125.01,125.2,-1,-1,<2>うちもみんなのハートをノックする</c><1>よ</c>,る
125.2,125.59,-1,0,<2>うちもみんなのハートをノックするよ</c><1></c>,よ
125.2,125.59,-1,-1,<2>うちもみんなのハートをノックするよ</c><1></c>,よ
125.59,126.2,-1,0,<2>ぱ</c><1>っと輝く鮮烈デビュー</c>,ぱ
125.59,126.2,-1,-1,<2>ぱ</c><1>っとかがやくせんれつデビュー</c>,ぱ
126.2,126.4,-1,0,<2>ぱっと</c><1>輝く鮮烈デビュー</c>,っと
126.2,126.4,-1,-1,<2>ぱっと</c><1>かがやくせんれつデビュー</c>,っと
126.4,126.99,-1,0,<2>ぱっと輝</c><1>く鮮烈デビュー</c>,輝
126.4,126.59,-1,-1,<2>ぱっとか</c><1>がやくせんれつデビュー</c>,か
126.59,126.79,-1,-1,<2>ぱっとかが</c><1>やくせんれつデビュー</c>,が
126.79,126.99,-1,-1,<2>ぱっとかがや</c><1>くせんれつデビュー</c>,や
126.99,127.19,-1,0,<2>ぱっと輝く</c><1>鮮烈デビュー</c>,く
126.99,127.19,-1,-1,<2>ぱっとかがやく</c><1>せんれつデビュー</c>,く
127.19,127.61,-1,0,<2>ぱっと輝く鮮</c><1>烈デビュー</c>,鮮
127.19,127.61,-1,-1,<2>ぱっとかがやくせん</c><1>れつデビュー</c>,せん
127.61,128.02,-1,0,<2>ぱっと輝く鮮烈</c><1>デビュー</c>,烈
127.61,127.79,-1,-1,<2>ぱっとかがやくせんれ</c><1>つデビュー</c>,れ
127.79,128.02,-1,-1,<2>ぱっとかがやくせんれつ</c><1>デビュー</c>,つ
128.02,128.39,-1,0,<2>ぱっと輝く鮮烈デ</c><1>ビュー</c>,デ
128.02,128.39,-1,-1,<2>ぱっとかがやくせんれつデ</c><1>ビュー</c>,デ
128.39,128.83,-1,0,<2>ぱっと輝く鮮烈デビュ</c><1>ー</c>,ビュ
128.39,128.83,-1,-1,<2>ぱっとかがやくせんれつデビュ</c><1>ー</c>,ビュ
128.83,130.42,-1,0,<2>ぱっと輝く鮮烈デビュー</c><1></c>,ー
128.83,130.42,-1,-1,<2>ぱっとかがやくせんれつデビュー</c><1></c>,ー
131.41,131.6,-1,0,<2>カ</c><1>メラ前で張り切って</c>,カ
131.41,131.6,-1,-1,<2>カ</c><1>メラまえではりきって</c>,カ
131.6,131.81,-1,0,<2>カメ</c><1>ラ前で張り切って</c>,メ
131.6,131.81,-1,-1,<2>カメ</c><1>ラまえではりきって</c>,メ
131.81,131.99,-1,0,<2>カメラ</c><1>前で張り切って</c>,ラ
131.81,131.99,-1,-1,<2>カメラ</c><1>まえではりきって</c>,ラ
131.99,132.8,-1,0,<2>カメラ前</c><1>で張り切って</c>,前
131.99,132.59,-1,-1,<2>カメラま</c><1>えではりきって</c>,ま
132.59,132.8,-1,-1,<2>カメラまえ</c><1>ではりきって</c>,え
132.8,133.41,-1,0,<2>カメラ前で</c><1>張り切って</c>,で
132.8,133.41,-1,-1,<2>カメラまえで</c><1>はりきって</c>,で
133.41,133.61,-1,0,<2>カメラ前で張</c><1>り切って</c>,張
133.41,133.61,-1,-1,<2>カメラまえでは</c><1>りきって</c>,は
133.61,134.01,-1,0,<2>カメラ前で張り</c><1>切って</c>,り
133.61,134.01,-1,-1,<2>カメラまえではり</c><1>きって</c>,り
134.01,134.41,-1,0,<2>カメラ前で張り切</c><1>って</c>,切
134.01,134.41,-1,-1,<2>カメラまえではりき</c><1>って</c>,き
134.41,135.01,-1,0,<2>カメラ前で張り切って</c><1></c>,って
134.41,135.01,-1,-1,<2>カメラまえではりきって</c><1></c>,って
135.01,135.61,-1,0,<2>喋</c><1>って絡んで外して</c>,喋
135.01,135.22,-1,-1,<2>しゃ</c><1>べってからんではずして</c>,しゃ
135.22,135.61,-1,-1,<2>しゃべ</c><1>ってからんではずして</c>,べ
135.61,135.83,-1,0,<2>喋って</c><1>絡んで外して</c>,って
135.61,135.83,-1,-1,<2>しゃべって</c><1>からんではずして</c>,って
135.83,136.23,-1,0,<2>喋って絡</c><1>んで外して</c>,絡
135.83,136.04,-1,-1,<2>しゃべってか</c><1>らんではずして</c>,か
136.04,136.23,-1,-1,<2>しゃべってから</c><1>んではずして</c>,ら
136.23,136.42,-1,0,<2>喋って絡ん</c><1>で外して</c>,ん
136.23,136.42,-1,-1,<2>しゃべってからん</c><1>ではずして</c>,ん
136.42,136.57,-1,0,<2>喋って絡んで</c><1>外して</c>,で
136.42,136.57,-1,-1,<2>しゃべってからんで</c><1>はずして</c>,で
136.57,137.02,-1,0,<2>喋って絡んで外</c><1>して</c>,外
136.57,136.79,-1,-1,<2>しゃべってからんでは</c><1>ずして</c>,は
136.79,137.02,-1,-1,<2>しゃべってからんではず</c><1>して</c>,ず
137.02,137.21,-1,0,<2>喋って絡んで外し</c><1>て</c>,し
137.02,137.21,-1,-1,<2>しゃべってからんではずし</c><1>て</c>,し
137.21,137.4,-1,0,<2>喋って絡んで外して</c><1></c>,て
137.21,137.4,-1,-1,<2>しゃべってからんではずして</c><1></c>,て
137.4,137.82,-1,0,<2>辛</c><1>くても今は進まないと</c>,辛
137.4,137.6,-1,-1,<2>つ</c><1>らくてもいまはすすまないと</c>,つ
137.6,137.82,-1,-1,<2>つら</c><1>くてもいまはすすまないと</c>,ら
137.82,138.01,-1,0,<2>辛く</c><1>ても今は進まないと</c>,く
137.82,138.01,-1,-1,<2>つらく</c><1>てもいまはすすまないと</c>,く
138.01,138.17,-1,0,<2>辛くて</c><1>も今は進まないと</c>,て
138.01,138.17,-1,-1,<2>つらくて</c><1>もいまはすすまないと</c>,て
138.17,138.41,-1,0,<2>辛くても</c><1>今は進まないと</c>,も
138.17,138.41,-1,-1,<2>つらくても</c><1>いまはすすまないと</c>,も
138.41,139.22,-1,0,<2>辛くても今</c><1>は進まないと</c>,今
138.41,139.0,-1,-1,<2>つらくてもい</c><1>まはすすまないと</c>,い
139.0,139.22,-1,-1,<2>つらくてもいま</c><1>はすすまないと</c>,ま
139.22,139.82,-1,0,<2>辛くても今は</c><1>進まないと</c>,は
139.22,139.82,-1,-1,<2>つらくてもいまは</c><1>すすまないと</c>,は
139.82,140.23,-1,0,<2>辛くても今は進</c><1>まないと</c>,進
139.82,140.02,-1,-1,<2>つらくてもいまはす</c><1>すまないと</c>,す
140.02,140.23,-1,-1,<2>つらくてもいまはすす</c><1>まないと</c>,す
140.23,140.39,-1,0,<2>辛くても今は進ま</c><1>ないと</c>,ま
140.23,140.39,-1,-1,<2>つらくてもいまはすすま</c><1>ないと</c>,ま
140.39,140.62,-1,0,<2>辛くても今は進まな</c><1>いと</c>,な
140.39,140.62,-1,-1,<2>つらくてもいまはすすまな</c><1>いと</c>,な
140.62,140.81,-1,0,<2>辛くても今は進まない</c><1>と</c>,い
140.62,140.81,-1,-1,<2>つらくてもいまはすすまない</c><1>と</c>,い
140.81,141.4,-1,0,<2>辛くても今は進まないと</c><1></c>,と
140.81,141.4,-1,-1,<2>つらくてもいまはすすまないと</c><1></c>,と
141.4,141.62,-1,0,<2>こ</c><1>の先生きのこれない</c>,こ
141.4,141.62,-1,-1,<2>こ</c><1>のさきいきのこれない</c>,こ
141.62,141.91,-1,0,<2>この</c><1>先生きのこれない</c>,の
141.62,141.91,-1,-1,<2>この</c><1>さきいきのこれない</c>,の
141.91,142.38,-1,0,<2>この先</c><1>生きのこれない</c>,先
141.91,142.18,-1,-1,<2>このさ</c><1>きいきのこれない</c>,さ
142.18,142.38,-1,-1,<2>このさき</c><1>いきのこれない</c>,き
142.38,142.57,-1,0,<2>この先生</c><1>きのこれない</c>,生
142.38,142.57,-1,-1,<2>このさきい</c><1>きのこれない</c>,い
142.57,142.81,-1,0,<2>この先生き</c><1>のこれない</c>,き
142.57,142.81,-1,-1,<2>このさきいき</c><1>のこれない</c>,き
142.81,143.02,-1,0,<2>この先生きの</c><1>これない</c>,の
142.81,143.02,-1,-1,<2>このさきいきの</c><1>これない</c>,の
143.02,143.21,-1,0,<2>この先生きのこ</c><1>れない</c>,こ
143.02,143.21,-1,-1,<2>このさきいきのこ</c><1>れない</c>,こ
143.21,143.61,-1,0,<2>この先生きのこれ</c><1>ない</c>,れ
143.21,143.61,-1,-1,<2>このさきいきのこれ</c><1>ない</c>,れ
143.61,144.02,-1,0,<2>この先生きのこれな</c><1>い</c>,な
143.61,144.02,-1,-1,<2>このさきいきのこれな</c><1>い</c>,な
144.02,144.31,-1,0,<2>この先生きのこれない</c><1></c>,い
144.02,144.31,-1,-1,<2>このさきいきのこれない</c><1></c>,い
146.2,146.28,-1,0,<2>フー</c><1>アーユー?なんて言わないで無意味だから</c>,フー
146.2,146.28,-1,-1,<2>フー</c><1>アーユー?なんていわないでむいみだから</c>,フー
146.28,146.41,-1,0,<2>フーアー</c><1>ユー?なんて言わないで無意味だから</c>,アー
146.28,146.41,-1,-1,<2>フーアー</c><1>ユー?なんていわないでむいみだから</c>,アー
146.41,146.62,-1,0,<2>フーアーユー?</c><1>なんて言わないで無意味だから</c>,ユー?
146.41,146.62,-1,-1,<2>フーアーユー?</c><1>なんていわないでむいみだから</c>,ユー?
146.62,146.77,-1,0,<2>フーアーユー?な</c><1>んて言わないで無意味だから</c>,な
146.62,146.77,-1,-1,<2>フーアーユー?な</c><1>んていわないでむいみだから</c>,な
146.77,146.92,-1,0,<2>フーアーユー?なん</c><1>て言わないで無意味だから</c>,ん
146.77,146.92,-1,-1,<2>フーアーユー?なん</c><1>ていわないでむいみだから</c>,ん
146.92,147.02,-1,0,<2>フーアーユー?なんて</c><1>言わないで無意味だから</c>,て
146.92,147.02,-1,-1,<2>フーアーユー?なんて</c><1>いわないでむいみだから</c>,て
147.02,147.12,-1,0,<2>フーアーユー?なんて言</c><1>わないで無意味だから</c>,言
147.02,147.12,-1,-1,<2>フーアーユー?なんてい</c><1>わないでむいみだから</c>,い
147.12,147.23,-1,0,<2>フーアーユー?なんて言わ</c><1>ないで無意味だから</c>,わ
147.12,147.23,-1,-1,<2>フーアーユー?なんていわ</c><1>ないでむいみだから</c>,わ
147.23,147.42,-1,0,<2>フーアーユー?なんて言わな</c><1>いで無意味だから</c>,な
147.23,147.42,-1,-1,<2>フーアーユー?なんていわな</c><1>いでむいみだから</c>,な
147.42,147.63,-1,0,<2>フーアーユー?なんて言わない</c><1>で無意味だから</c>,い
147.42,147.63,-1,-1,<2>フーアーユー?なんていわない</c><1>でむいみだから</c>,い
147.63,147.82,-1,0,<2>フーアーユー?なんて言わないで</c><1>無意味だから</c>,で
147.63,147.82,-1,-1,<2>フーアーユー?なんていわないで</c><1>むいみだから</c>,で
147.82,148.02,-1,0,<2>フーアーユー?なんて言わないで無</c><1>意味だから</c>,無
147.82,148.02,-1,-1,<2>フーアーユー?なんていわないでむ</c><1>いみだから</c>,む
148.02,148.23,-1,0,<2>フーアーユー?なんて言わないで無意</c><1>味だから</c>,意
148.02,148.23,-1,-1,<2>フーアーユー?なんていわないでむい</c><1>みだから</c>,い
148.23,148.42,-1,0,<2>フーアーユー?なんて言わないで無意味</c><1>だから</c>,味
148.23,148.42,-1,-1,<2>フーアーユー?なんていわないでむいみ</c><1>だから</c>,み
148.42,148.63,-1,0,<2>フーアーユー?なんて言わないで無意味だ</c><1>から</c>,だ
148.42,148.63,-1,-1,<2>フーアーユー?なんていわないでむいみだ</c><1>から</c>,だ
148.63,148.82,-1,0,<2>フーアーユー?なんて言わないで無意味だか</c><1>ら</c>,か
148.63,148.82,-1,-1,<2>フーアーユー?なんていわないでむいみだか</c><1>ら</c>,か
148.82,149.42,-1,0,<2>フーアーユー?なんて言わないで無意味だから</c><1></c>,ら
148.82,149.42,-1,-1,<2>フーアーユー?なんていわないでむいみだから</c><1></c>,ら
149.42,149.63,-1,0,<2>こ</c><1>のキャラが未来のリアル</c>,こ
149.42,149.63,-1,-1,<2>こ</c><1>のキャラがみらいのリアル</c>,こ
149.63,150.02,-1,0,<2>この</c><1>キャラが未来のリアル</c>,の
149.63,150.02,-1,-1,<2>この</c><1>キャラがみらいのリアル</c>,の
150.02,150.4,-1,0,<2>このキャ</c><1>ラが未来のリアル</c>,キャ
150.02,150.4,-1,-1,<2>このキャ</c><1>ラがみらいのリアル</c>,キャ
150.4,150.82,-1,0,<2>このキャラ</c><1>が未来のリアル</c>,ラ
150.4,150.82,-1,-1,<2>このキャラ</c><1>がみらいのリアル</c>,ラ
150.82,151.23,-1,0,<2>このキャラが</c><1>未来のリアル</c>,が
150.82,151.23,-1,-1,<2>このキャラが</c><1>みらいのリアル</c>,が
151.23,151.41,-1,0,<2>このキャラが未</c><1>来のリアル</c>,未
151.23,151.41,-1,-1,<2>このキャラがみ</c><1>らいのリアル</c>,み
151.41,151.82,-1,0,<2>このキャラが未来</c><1>のリアル</c>,来
151.41,151.62,-1,-1,<2>このキャラがみら</c><1>いのリアル</c>,ら
151.62,151.82,-1,-1,<2>このキャラがみらい</c><1>のリアル</c>,い
151.82,152.02,-1,0,<2>このキャラが未来の</c><1>リアル</c>,の
151.82,152.02,-1,-1,<2>このキャラがみらいの</c><1>リアル</c>,の
152.02,152.21,-1,0,<2>このキャラが未来のリ</c><1>アル</c>,リ
152.02,152.21,-1,-1,<2>このキャラがみらいのリ</c><1>アル</c>,リ
152.21,152.41,-1,0,<2>このキャラが未来のリア</c><1>ル</c>,ア
152.21,152.41,-1,-1,<2>このキャラがみらいのリア</c><1>ル</c>,ア
152.41,152.81,-1,0,<2>このキャラが未来のリアル</c><1></c>,ル
152.41,152.81,-1,-1,<2>このキャラがみらいのリアル</c><1></c>,ル
152.81,153.0,-1,0,<2>り</c><1>ちゅいちゅいりちゅいっとボタン押した?</c>,り
152.81,153.0,-1,-1,<2>り</c><1>ちゅいちゅいりちゅいっとボタンおした?</c>,り
153.0,153.17,-1,0,<2>りちゅ</c><1>いちゅいりちゅいっとボタン押した?</c>,ちゅ
153.0,153.17,-1,-1,<2>りちゅ</c><1>いちゅいりちゅいっとボタンおした?</c>,ちゅ
153.17,153.32,-1,0,<2>りちゅい</c><1>ちゅいりちゅいっとボタン押した?</c>,い
153.17,153.32,-1,-1,<2>りちゅい</c><1>ちゅいりちゅいっとボタンおした?</c>,い
153.32,153.42,-1,0,<2>りちゅいちゅ</c><1>いりちゅいっとボタン押した?</c>,ちゅ
153.32,153.42,-1,-1,<2>りちゅいちゅ</c><1>いりちゅいっとボタンおした?</c>,ちゅ
153.42,153.54,-1,0,<2>りちゅいちゅい</c><1>りちゅいっとボタン押した?</c>,い
153.42,153.54,-1,-1,<2>りちゅいちゅい</c><1>りちゅいっとボタンおした?</c>,い
153.54,153.62,-1,0,<2>りちゅいちゅいり</c><1>ちゅいっとボタン押した?</c>,り
153.54,153.62,-1,-1,<2>りちゅいちゅいり</c><1>ちゅいっとボタンおした?</c>,り
153.62,153.82,-1,0,<2>りちゅいちゅいりちゅ</c><1>いっとボタン押した?</c>,ちゅ
153.62,153.82,-1,-1,<2>りちゅいちゅいりちゅ</c><1>いっとボタンおした?</c>,ちゅ
153.82,154.01,-1,0,<2>りちゅいちゅいりちゅい</c><1>っとボタン押した?</c>,い
153.82,154.01,-1,-1,<2>りちゅいちゅいりちゅい</c><1>っとボタンおした?</c>,い
154.01,154.24,-1,0,<2>りちゅいちゅいりちゅいっと</c><1>ボタン押した?</c>,っと
154.01,154.24,-1,-1,<2>りちゅいちゅいりちゅいっと</c><1>ボタンおした?</c>,っと
154.24,154.41,-1,0,<2>りちゅいちゅいりちゅいっとボ</c><1>タン押した?</c>,ボ
154.24,154.41,-1,-1,<2>りちゅいちゅいりちゅいっとボ</c><1>タンおした?</c>,ボ
154.41,154.62,-1,0,<2>りちゅいちゅいりちゅいっとボタ</c><1>ン押した?</c>,タ
154.41,154.62,-1,-1,<2>りちゅいちゅいりちゅいっとボタ</c><1>ンおした?</c>,タ
154.62,154.8,-1,0,<2>りちゅいちゅいりちゅいっとボタン</c><1>押した?</c>,ン
154.62,154.8,-1,-1,<2>りちゅいちゅいりちゅいっとボタン</c><1>おした?</c>,ン
154.8,155.03,-1,0,<2>りちゅいちゅいりちゅいっとボタン押</c><1>した?</c>,押
154.8,155.03,-1,-1,<2>りちゅいちゅいりちゅいっとボタンお</c><1>した?</c>,お
155.03,155.21,-1,0,<2>りちゅいちゅいりちゅいっとボタン押し</c><1>た?</c>,し
155.03,155.21,-1,-1,<2>りちゅいちゅいりちゅいっとボタンおし</c><1>た?</c>,し
155.21,155.81,-1,0,<2>りちゅいちゅいりちゅいっとボタン押した?</c><1></c>,た?
155.21,155.81,-1,-1,<2>りちゅいちゅいりちゅいっとボタンおした?</c><1></c>,た?
155.81,156.42,-1,0,<2>始</c><1>まるよ生放送</c>,始
155.81,156.02,-1,-1,<2>は</c><1>じまるよなまほうそう</c>,は
156.02,156.42,-1,-1,<2>はじ</c><1>まるよなまほうそう</c>,じ
156.42,156.82,-1,0,<2>始ま</c><1>るよ生放送</c>,ま
156.42,156.82,-1,-1,<2>はじま</c><1>るよなまほうそう</c>,ま
156.82,157.22,-1,0,<2>始まる</c><1>よ生放送</c>,る
156.82,157.22,-1,-1,<2>はじまる</c><1>よなまほうそう</c>,る
157.22,157.6,-1,0,<2>始まるよ</c><1>生放送</c>,よ
157.22,157.6,-1,-1,<2>はじまるよ</c><1>なまほうそう</c>,よ
157.6,158.0,-1,0,<2>始まるよ生</c><1>放送</c>,生
157.6,157.79,-1,-1,<2>はじまるよな</c><1>まほうそう</c>,な
157.79,158.0,-1,-1,<2>はじまるよなま</c><1>ほうそう</c>,ま
158.0,158.44,-1,0,<2>始まるよ生放</c><1>送</c>,放
158.0,158.21,-1,-1,<2>はじまるよなまほ</c><1>うそう</c>,ほ
158.21,158.44,-1,-1,<2>はじまるよなまほう</c><1>そう</c>,う
158.44,159.02,-1,0,<2>始まるよ生放送</c><1></c>,送
158.44,158.8,-1,-1,<2>はじまるよなまほうそ</c><1>う</c>,そ
158.8,159.02,-1,-1,<2>はじまるよなまほうそう</c><1></c>,う
159.02,159.1,-1,0,<2>フー</c><1>アーユー?なんて言わないで無意味だから</c>,フー
159.02,159.1,-1,-1,<2>フー</c><1>アーユー?なんていわないでむいみだから</c>,フー
159.1,159.23,-1,0,<2>フーアー</c><1>ユー?なんて言わないで無意味だから</c>,アー
159.1,159.23,-1,-1,<2>フーアー</c><1>ユー?なんていわないでむいみだから</c>,アー
159.23,159.41,-1,0,<2>フーアーユー?</c><1>なんて言わないで無意味だから</c>,ユー?
159.23,159.41,-1,-1,<2>フーアーユー?</c><1>なんていわないでむいみだから</c>,ユー?
159.41,159.56,-1,0,<2>フーアーユー?な</c><1>んて言わないで無意味だから</c>,な
159.41,159.56,-1,-1,<2>フーアーユー?な</c><1>んていわないでむいみだから</c>,な
159.56,159.73,-1,0,<2>フーアーユー?なん</c><1>て言わないで無意味だから</c>,ん
159.56,159.73,-1,-1,<2>フーアーユー?なん</c><1>ていわないでむいみだから</c>,ん
159.73,159.81,-1,0,<2>フーアーユー?なんて</c><1>言わないで無意味だから</c>,て
159.73,159.81,-1,-1,<2>フーアーユー?なんて</c><1>いわないでむいみだから</c>,て
159.81,159.91,-1,0,<2>フーアーユー?なんて言</c><1>わないで無意味だから</c>,言
159.81,159.91,-1,-1,<2>フーアーユー?なんてい</c><1>わないでむいみだから</c>,い
159.91,160.02,-1,0,<2>フーアーユー?なんて言わ</c><1>ないで無意味だから</c>,わ
159.91,160.02,-1,-1,<2>フーアーユー?なんていわ</c><1>ないでむいみだから</c>,わ
160.02,160.21,-1,0,<2>フーアーユー?なんて言わな</c><1>いで無意味だから</c>,な
160.02,160.21,-1,-1,<2>フーアーユー?なんていわな</c><1>いでむいみだから</c>,な
160.21,160.42,-1,0,<2>フーアーユー?なんて言わない</c><1>で無意味だから</c>,い
160.21,160.42,-1,-1,<2>フーアーユー?なんていわない</c><1>でむいみだから</c>,い
160.42,160.62,-1,0,<2>フーアーユー?なんて言わないで</c><1>無意味だから</c>,で
160.42,160.62,-1,-1,<2>フーアーユー?なんていわないで</c><1>むいみだから</c>,で
160.62,160.82,-1,0,<2>フーアーユー?なんて言わないで無</c><1>意味だから</c>,無
160.62,160.82,-1,-1,<2>フーアーユー?なんていわないでむ</c><1>いみだから</c>,む
160.82,161.02,-1,0,<2>フーアーユー?なんて言わないで無意</c><1>味だから</c>,意
160.82,161.02,-1,-1,<2>フーアーユー?なんていわないでむい</c><1>みだから</c>,い
161.02,161.21,-1,0,<2>フーアーユー?なんて言わないで無意味</c><1>だから</c>,味
161.02,161.21,-1,-1,<2>フーアーユー?なんていわないでむいみ</c><1>だから</c>,み
161.21,161.42,-1,0,<2>フーアーユー?なんて言わないで無意味だ</c><1>から</c>,だ
161.21,161.42,-1,-1,<2>フーアーユー?なんていわないでむいみだ</c><1>から</c>,だ
161.42,161.61,-1,0,<2>フーアーユー?なんて言わないで無意味だか</c><1>ら</c>,か
161.42,161.61,-1,-1,<2>フーアーユー?なんていわないでむいみだか</c><1>ら</c>,か
161.61,162.21,-1,0,<2>フーアーユー?なんて言わないで無意味だから</c><1></c>,ら
161.61,162.21,-1,-1,<2>フーアーユー?なんていわないでむいみだから</c><1></c>,ら
162.21,162.42,-1,0,<2>こ</c><1>のキャラがみんなのリアル</c>,こ
162.21,162.42,-1,-1,<2>こ</c><1>のキャラがみんなのリアル</c>,こ
162.42,162.81,-1,0,<2>この</c><1>キャラがみんなのリアル</c>,の
162.42,162.81,-1,-1,<2>この</c><1>キャラがみんなのリアル</c>,の
162.81,163.19,-1,0,<2>このキャ</c><1>ラがみんなのリアル</c>,キャ
162.81,163.19,-1,-1,<2>このキャ</c><1>ラがみんなのリアル</c>,キャ
163.19,163.6,-1,0,<2>このキャラ</c><1>がみんなのリアル</c>,ラ
163.19,163.6,-1,-1,<2>このキャラ</c><1>がみんなのリアル</c>,ラ
163.6,164.02,-1,0,<2>このキャラが</c><1>みんなのリアル</c>,が
163.6,164.02,-1,-1,<2>このキャラが</c><1>みんなのリアル</c>,が
164.02,164.27,-1,0,<2>このキャラがみ</c><1>んなのリアル</c>,み
164.02,164.27,-1,-1,<2>このキャラがみ</c><1>んなのリアル</c>,み
164.27,164.41,-1,0,<2>このキャラがみん</c><1>なのリアル</c>,ん
164.27,164.41,-1,-1,<2>このキャラがみん</c><1>なのリアル</c>,ん
164.41,164.61,-1,0,<2>このキャラがみんな</c><1>のリアル</c>,な
164.41,164.61,-1,-1,<2>このキャラがみんな</c><1>のリアル</c>,な
164.61,164.81,-1,0,<2>このキャラがみんなの</c><1>リアル</c>,の
164.61,164.81,-1,-1,<2>このキャラがみんなの</c><1>リアル</c>,の
164.81,165.0,-1,0,<2>このキャラがみんなのリ</c><1>アル</c>,リ
164.81,165.0,-1,-1,<2>このキャラがみんなのリ</c><1>アル</c>,リ
165.0,165.2,-1,0,<2>このキャラがみんなのリア</c><1>ル</c>,ア
165.0,165.2,-1,-1,<2>このキャラがみんなのリア</c><1>ル</c>,ア
165.2,165.62,-1,0,<2>このキャラがみんなのリアル</c><1></c>,ル
165.2,165.62,-1,-1,<2>このキャラがみんなのリアル</c><1></c>,ル
165.62,165.81,-1,0,<2>り</c><1>ちゅいちゅいりちゅいっと押せば広がる</c>,り
165.62,165.81,-1,-1,<2>り</c><1>ちゅいちゅいりちゅいっとおせばひろがる</c>,り
165.81,165.95,-1,0,<2>りちゅ</c><1>いちゅいりちゅいっと押せば広がる</c>,ちゅ
165.81,165.95,-1,-1,<2>りちゅ</c><1>いちゅいりちゅいっとおせばひろがる</c>,ちゅ
165.95,166.11,-1,0,<2>りちゅい</c><1>ちゅいりちゅいっと押せば広がる</c>,い
165.95,166.11,-1,-1,<2>りちゅい</c><1>ちゅいりちゅいっとおせばひろがる</c>,い
166.11,166.21,-1,0,<2>りちゅいちゅ</c><1>いりちゅいっと押せば広がる</c>,ちゅ
166.11,166.21,-1,-1,<2>りちゅいちゅ</c><1>いりちゅいっとおせばひろがる</c>,ちゅ
166.21,166.3,-1,0,<2>りちゅいちゅい</c><1>りちゅいっと押せば広がる</c>,い
166.21,166.3,-1,-1,<2>りちゅいちゅい</c><1>りちゅいっとおせばひろがる</c>,い
166.3,166.43,-1,0,<2>りちゅいちゅいり</c><1>ちゅいっと押せば広がる</c>,り
166.3,166.43,-1,-1,<2>りちゅいちゅいり</c><1>ちゅいっとおせばひろがる</c>,り
166.43,166.61,-1,0,<2>りちゅいちゅいりちゅ</c><1>いっと押せば広がる</c>,ちゅ
166.43,166.61,-1,-1,<2>りちゅいちゅいりちゅ</c><1>いっとおせばひろがる</c>,ちゅ
166.61,166.82,-1,0,<2>りちゅいちゅいりちゅい</c><1>っと押せば広がる</c>,い
166.61,166.82,-1,-1,<2>りちゅいちゅいりちゅい</c><1>っとおせばひろがる</c>,い
166.82,167.02,-1,0,<2>りちゅいちゅいりちゅいっと</c><1>押せば広がる</c>,っと
166.82,167.02,-1,-1,<2>りちゅいちゅいりちゅいっと</c><1>おせばひろがる</c>,っと
167.02,167.22,-1,0,<2>りちゅいちゅいりちゅいっと押</c><1>せば広がる</c>,押
167.02,167.22,-1,-1,<2>りちゅいちゅいりちゅいっとお</c><1>せばひろがる</c>,お
167.22,167.43,-1,0,<2>りちゅいちゅいりちゅいっと押せ</c><1>ば広がる</c>,せ
167.22,167.43,-1,-1,<2>りちゅいちゅいりちゅいっとおせ</c><1>ばひろがる</c>,せ
167.43,167.61,-1,0,<2>りちゅいちゅいりちゅいっと押せば</c><1>広がる</c>,ば
167.43,167.61,-1,-1,<2>りちゅいちゅいりちゅいっとおせば</c><1>ひろがる</c>,ば
167.61,168.04,-1,0,<2>りちゅいちゅいりちゅいっと押せば広</c><1>がる</c>,広
167.61,167.82,-1,-1,<2>りちゅいちゅいりちゅいっとおせばひ</c><1>ろがる</c>,ひ
167.82,168.04,-1,-1,<2>りちゅいちゅいりちゅいっとおせばひろ</c><1>がる</c>,ろ
168.04,168.23,-1,0,<2>りちゅいちゅいりちゅいっと押せば広が</c><1>る</c>,が
168.04,168.23,-1,-1,<2>りちゅいちゅいりちゅいっとおせばひろが</c><1>る</c>,が
168.23,168.6,-1,0,<2>りちゅいちゅいりちゅいっと押せば広がる</c><1></c>,る
168.23,168.6,-1,-1,<2>りちゅいちゅいりちゅいっとおせばひろがる</c><1></c>,る
168.6,168.81,-1,0,<2>聞</c><1>きにきてうちの歌</c>,聞
168.6,168.81,-1,-1,<2>き</c><1>きにきてうちのうた</c>,き
168.81,169.21,-1,0,<2>聞き</c><1>にきてうちの歌</c>,き
168.81,169.21,-1,-1,<2>きき</c><1>にきてうちのうた</c>,き
169.21,169.61,-1,0,<2>聞きに</c><1>きてうちの歌</c>,に
169.21,169.61,-1,-1,<2>ききに</c><1>きてうちのうた</c>,に
169.61,170.03,-1,0,<2>聞きにき</c><1>てうちの歌</c>,き
169.61,170.03,-1,-1,<2>ききにき</c><1>てうちのうた</c>,き
170.03,170.42,-1,0,<2>聞きにきて</c><1>うちの歌</c>,て
170.03,170.42,-1,-1,<2>ききにきて</c><1>うちのうた</c>,て
170.42,170.62,-1,0,<2>聞きにきてう</c><1>ちの歌</c>,う
170.42,170.62,-1,-1,<2>ききにきてう</c><1>ちのうた</c>,う
170.62,170.82,-1,0,<2>聞きにきてうち</c><1>の歌</c>,ち
170.62,170.82,-1,-1,<2>ききにきてうち</c><1>のうた</c>,ち
170.82,171.01,-1,0,<2>聞きにきてうちの</c><1>歌</c>,の
170.82,171.01,-1,-1,<2>ききにきてうちの</c><1>うた</c>,の
171.01,172.02,-1,0,<2>聞きにきてうちの歌</c><1></c>,歌
171.01,171.23,-1,-1,<2>ききにきてうちのう</c><1>た</c>,う
171.23,172.02,-1,-1,<2>ききにきてうちのうた</c><1></c>,た
172.02,172.41,-1,0,<2>(子</c><1>兎音!子兎音様!)</c>,(子
172.02,172.41,-1,-1,<2>(こ</c><1>とね!ことねさま!)</c>,(こ
172.41,172.8,-1,0,<2>(子兎</c><1>音!子兎音様!)</c>,兎
172.41,172.8,-1,-1,<2>(こと</c><1>ね!ことねさま!)</c>,と
172.8,173.4,-1,0,<2>(子兎音!</c><1>子兎音様!)</c>,音!
172.8,173.4,-1,-1,<2>(ことね!</c><1>ことねさま!)</c>,ね!
173.4,173.8,-1,0,<2>(子兎音!子</c><1>兎音様!)</c>,子
173.4,173.8,-1,-1,<2>(ことね!こ</c><1>とねさま!)</c>,こ
173.8,174.01,-1,0,<2>(子兎音!子兎</c><1>音様!)</c>,兎
173.8,174.01,-1,-1,<2>(ことね!こと</c><1>ねさま!)</c>,と
174.01,174.21,-1,0,<2>(子兎音!子兎音</c><1>様!)</c>,音
174.01,174.21,-1,-1,<2>(ことね!ことね</c><1>さま!)</c>,ね
174.21,174.81,-1,0,<2>(子兎音!子兎音様!)</c><1></c>,様!)
174.21,174.41,-1,-1,<2>(ことね!ことねさ</c><1>ま!)</c>,さ
174.41,174.81,-1,-1,<2>(ことね!ことねさま!)</c><1></c>,ま!)
174.81,175.21,-1,0,<2>ハ</c><1>ローハローさあ両手鳴らして</c>,ハ
174.81,175.21,-1,-1,<2>ハ</c><1>ローハローさありょうてならして</c>,ハ
175.21,175.82,-1,0,<2>ハロー</c><1>ハローさあ両手鳴らして</c>,ロー
175.21,175.82,-1,-1,<2>ハロー</c><1>ハローさありょうてならして</c>,ロー
175.82,176.02,-1,0,<2>ハローハ</c><1>ローさあ両手鳴らして</c>,ハ
175.82,176.02,-1,-1,<2>ハローハ</c><1>ローさありょうてならして</c>,ハ
176.02,176.42,-1,0,<2>ハローハロー</c><1>さあ両手鳴らして</c>,ロー
176.02,176.42,-1,-1,<2>ハローハロー</c><1>さありょうてならして</c>,ロー
176.42,176.62,-1,0,<2>ハローハローさ</c><1>あ両手鳴らして</c>,さ
176.42,176.62,-1,-1,<2>ハローハローさ</c><1>ありょうてならして</c>,さ
176.62,176.82,-1,0,<2>ハローハローさあ</c><1>両手鳴らして</c>,あ
176.62,176.82,-1,-1,<2>ハローハローさあ</c><1>りょうてならして</c>,あ
176.82,177.14,-1,0,<2>ハローハローさあ両</c><1>手鳴らして</c>,両
176.82,176.97,-1,-1,<2>ハローハローさありょ</c><1>うてならして</c>,りょ
176.97,177.14,-1,-1,<2>ハローハローさありょう</c><1>てならして</c>,う
177.14,177.41,-1,0,<2>ハローハローさあ両手</c><1>鳴らして</c>,手
177.14,177.41,-1,-1,<2>ハローハローさありょうて</c><1>ならして</c>,て
177.41,177.63,-1,0,<2>ハローハローさあ両手鳴</c><1>らして</c>,鳴
177.41,177.63,-1,-1,<2>ハローハローさありょうてな</c><1>らして</c>,な
177.63,177.8,-1,0,<2>ハローハローさあ両手鳴ら</c><1>して</c>,ら
177.63,177.8,-1,-1,<2>ハローハローさありょうてなら</c><1>して</c>,ら
177.8,178.0,-1,0,<2>ハローハローさあ両手鳴らし</c><1>て</c>,し
177.8,178.0,-1,-1,<2>ハローハローさありょうてならし</c><1>て</c>,し
178.0,178.41,-1,0,<2>ハローハローさあ両手鳴らして</c><1></c>,て
178.0,178.41,-1,-1,<2>ハローハローさありょうてならして</c><1></c>,て
178.41,178.82,-1,0,<2>(子</c><1>兎音!子兎音様!)</c>,(子
178.41,178.82,-1,-1,<2>(こ</c><1>とね!ことねさま!)</c>,(こ
178.82,179.21,-1,0,<2>(子兎</c><1>音!子兎音様!)</c>,兎
178.82,179.21,-1,-1,<2>(こと</c><1>ね!ことねさま!)</c>,と
179.21,179.81,-1,0,<2>(子兎音!</c><1>子兎音様!)</c>,音!
179.21,179.81,-1,-1,<2>(ことね!</c><1>ことねさま!)</c>,ね!
179.81,180.21,-1,0,<2>(子兎音!子</c><1>兎音様!)</c>,子
179.81,180.21,-1,-1,<2>(ことね!こ</c><1>とねさま!)</c>,こ
180.21,180.42,-1,0,<2>(子兎音!子兎</c><1>音様!)</c>,兎
180.21,180.42,-1,-1,<2>(ことね!こと</c><1>ねさま!)</c>,と
180.42,180.62,-1,0,<2>(子兎音!子兎音</c><1>様!)</c>,音
180.42,180.62,-1,-1,<2>(ことね!ことね</c><1>さま!)</c>,ね
180.62,181.2,-1,0,<2>(子兎音!子兎音様!)</c><1></c>,様!)
180.62,180.82,-1,-1,<2>(ことね!ことねさ</c><1>ま!)</c>,さ
180.82,181.2,-1,-1,<2>(ことね!ことねさま!)</c><1></c>,ま!)
181.2,181.6,-1,0,<2>お</c><1>待ちかねの時間だよ</c>,お
181.2,181.6,-1,-1,<2>お</c><1>まちかねのじかんだよ</c>,お
181.6,182.16,-1,0,<2>お待</c><1>ちかねの時間だよ</c>,待
181.6,182.16,-1,-1,<2>おま</c><1>ちかねのじかんだよ</c>,ま
182.16,182.43,-1,0,<2>お待ち</c><1>かねの時間だよ</c>,ち
182.16,182.43,-1,-1,<2>おまち</c><1>かねのじかんだよ</c>,ち
182.43,182.82,-1,0,<2>お待ちか</c><1>ねの時間だよ</c>,か
182.43,182.82,-1,-1,<2>おまちか</c><1>ねのじかんだよ</c>,か
182.82,183.01,-1,0,<2>お待ちかね</c><1>の時間だよ</c>,ね
182.82,183.01,-1,-1,<2>おまちかね</c><1>のじかんだよ</c>,ね
183.01,183.21,-1,0,<2>お待ちかねの</c><1>時間だよ</c>,の
183.01,183.21,-1,-1,<2>おまちかねの</c><1>じかんだよ</c>,の
183.21,183.41,-1,0,<2>お待ちかねの時</c><1>間だよ</c>,時
183.21,183.41,-1,-1,<2>おまちかねのじ</c><1>かんだよ</c>,じ
183.41,183.83,-1,0,<2>お待ちかねの時間</c><1>だよ</c>,間
183.41,183.6,-1,-1,<2>おまちかねのじか</c><1>んだよ</c>,か
183.6,183.83,-1,-1,<2>おまちかねのじかん</c><1>だよ</c>,ん
183.83,184.02,-1,0,<2>お待ちかねの時間だ</c><1>よ</c>,だ
183.83,184.02,-1,-1,<2>おまちかねのじかんだ</c><1>よ</c>,だ
184.02,184.81,-1,0,<2>お待ちかねの時間だよ</c><1></c>,よ
184.02,184.81,-1,-1,<2>おまちかねのじかんだよ</c><1></c>,よ
184.81,185.22,-1,0,<2>(子</c><1>兎音!子兎音様!)</c>,(子
184.81,185.22,-1,-1,<2>(こ</c><1>とね!ことねさま!)</c>,(こ
185.22,185.61,-1,0,<2>(子兎</c><1>音!子兎音様!)</c>,兎
185.22,185.61,-1,-1,<2>(こと</c><1>ね!ことねさま!)</c>,と
185.61,186.21,-1,0,<2>(子兎音!</c><1>子兎音様!)</c>,音!
185.61,186.21,-1,-1,<2>(ことね!</c><1>ことねさま!)</c>,ね!
186.21,186.61,-1,0,<2>(子兎音!子</c><1>兎音様!)</c>,子
186.21,186.61,-1,-1,<2>(ことね!こ</c><1>とねさま!)</c>,こ
186.61,186.82,-1,0,<2>(子兎音!子兎</c><1>音様!)</c>,兎
186.61,186.82,-1,-1,<2>(ことね!こと</c><1>ねさま!)</c>,と
186.82,187.02,-1,0,<2>(子兎音!子兎音</c><1>様!)</c>,音
186.82,187.02,-1,-1,<2>(ことね!ことね</c><1>さま!)</c>,ね
187.02,187.58,-1,0,<2>(子兎音!子兎音様!)</c><1></c>,様!)
187.02,187.22,-1,-1,<2>(ことね!ことねさ</c><1>ま!)</c>,さ
187.22,187.58,-1,-1,<2>(ことね!ことねさま!)</c><1></c>,ま!)
191.22,191.61,-1,0,<2>(子</c><1>兎音!子兎音様!)</c>,(子
191.22,191.61,-1,-1,<2>(こ</c><1>とね!ことねさま!)</c>,(こ
191.61,192.0,-1,0,<2>(子兎</c><1>音!子兎音様!)</c>,兎
191.61,192.0,-1,-1,<2>(こと</c><1>ね!ことねさま!)</c>,と
192.0,192.6,-1,0,<2>(子兎音!</c><1>子兎音様!)</c>,音!
192.0,192.6,-1,-1,<2>(ことね!</c><1>ことねさま!)</c>,ね!
192.6,193.0,-1,0,<2>(子兎音!子</c><1>兎音様!)</c>,子
192.6,193.0,-1,-1,<2>(ことね!こ</c><1>とねさま!)</c>,こ
193.0,193.21,-1,0,<2>(子兎音!子兎</c><1>音様!)</c>,兎
193.0,193.21,-1,-1,<2>(ことね!こと</c><1>ねさま!)</c>,と
193.21,193.41,-1,0,<2>(子兎音!子兎音</c><1>様!)</c>,音
193.21,193.41,-1,-1,<2>(ことね!ことね</c><1>さま!)</c>,ね
193.41,194.02,-1,0,<2>(子兎音!子兎音様!)</c><1></c>,様!)
193.41,193.61,-1,-1,<2>(ことね!ことねさ</c><1>ま!)</c>,さ
193.61,194.02,-1,-1,<2>(ことね!ことねさま!)</c><1></c>,ま!)
194.02,194.41,-1,0,<2>世</c><1>界へはばたけvtuber</c>,世
194.02,194.41,-1,-1,<2>せ</c><1>かいへはばたけvtuber</c>,せ
194.41,194.98,-1,0,<2>世界</c><1>へはばたけvtuber</c>,界
194.41,194.98,-1,-1,<2>せかい</c><1>へはばたけvtuber</c>,かい
194.98,195.25,-1,0,<2>世界へ</c><1>はばたけvtuber</c>,へ
194.98,195.25,-1,-1,<2>せかいへ</c><1>はばたけvtuber</c>,へ
195.25,195.42,-1,0,<2>世界へは</c><1>ばたけvtuber</c>,は
195.25,195.42,-1,-1,<2>せかいへは</c><1>ばたけvtuber</c>,は
195.42,195.62,-1,0,<2>世界へはば</c><1>たけvtuber</c>,ば
195.42,195.62,-1,-1,<2>せかいへはば</c><1>たけvtuber</c>,ば
195.62,195.82,-1,0,<2>世界へはばた</c><1>けvtuber</c>,た
195.62,195.82,-1,-1,<2>せかいへはばた</c><1>けvtuber</c>,た
195.82,196.01,-1,0,<2>世界へはばたけ</c><1>vtuber</c>,け
195.82,196.01,-1,-1,<2>せかいへはばたけ</c><1>vtuber</c>,け
196.01,196.42,-1,0,<2>世界へはばたけv</c><1>tuber</c>,v
196.01,196.42,-1,-1,<2>せかいへはばたけv</c><1>tuber</c>,v
196.42,196.8,-1,0,<2>世界へはばたけvtu</c><1>ber</c>,tu
196.42,196.8,-1,-1,<2>せかいへはばたけvtu</c><1>ber</c>,tu
196.8,197.21,-1,0,<2>世界へはばたけvtuber</c><1></c>,ber
196.8,197.21,-1,-1,<2>せかいへはばたけvtuber</c><1></c>,ber
