start,end,line,unformatted,segments,ref_start,ref_end,common_number
7.091,8.892,-1,bass:須長和広drums:masuke,"[(7, 'bass:須長和広'), (7, 'drums:masuke')]",True,True,0
5.322,7.091,-1,electricguitaracousticguitar:三代(hifumiinc.),"[(7, 'electricguitaracousticguitar:三代(hifumiinc.)')]",True,True,0
10.661,12.429,-1,mixingengineer:石塚陽大(hifumiinc.),"[(7, 'mixingengineer:石塚陽大(hifumiinc.)')]",True,True,0
8.892,10.661,-1,recordingengineer:石塚陽大(hifumiinc.),"[(7, 'recordingengineer:石塚陽大(hifumiinc.)')]",True,True,0
199.082,202.653,0,specialthanks:わためいと,"[(7, 'specialthanks:わためいと')]",True,True,0
28.178,29.646,0,あるいてきたはてしないみち,"[(7, 'あるいてきたはてしないみち')]",True,False,4
27.778,28.178,0,あるいてきたはてしないみち,"[(7, 'あるいてきたはてしないみ'), (4, 'ち')]",False,False,4
27.378,27.778,0,あるいてきたはてしないみち,"[(7, 'あるいてきたはてしない'), (4, 'みち')]",False,False,4
27.111,27.378,0,あるいてきたはてしないみち,"[(7, 'あるいてきたはてしな'), (4, 'いみち')]",False,False,4
26.677,27.111,0,あるいてきたはてしないみち,"[(7, 'あるいてきたはてし'), (4, 'ないみち')]",False,False,4
26.443,26.677,0,あるいてきたはてしないみち,"[(7, 'あるいてきたはて'), (4, 'しないみち')]",False,False,4
26.176,26.443,0,あるいてきたはてしないみち,"[(7, 'あるいてきたは'), (4, 'てしないみち')]",False,False,4
25.576,26.176,0,あるいてきたはてしないみち,"[(7, 'あるいてきた'), (4, 'はてしないみち')]",False,False,4
25.075,25.576,0,あるいてきたはてしないみち,"[(7, 'あるいてき'), (4, 'たはてしないみち')]",False,False,4
24.675,25.075,0,あるいてきたはてしないみち,"[(7, 'あるいて'), (4, 'きたはてしないみち')]",False,False,4
24.341,24.675,0,あるいてきたはてしないみち,"[(7, 'あるい'), (4, 'てきたはてしないみち')]",False,False,4
24.008,24.341,0,あるいてきたはてしないみち,"[(7, 'ある'), (4, 'いてきたはてしないみち')]",False,False,4
23.774,24.008,0,あるいてきたはてしないみち,"[(7, 'あ'), (4, 'るいてきたはてしないみち')]",False,True,4
158.208,158.876,0,うたにのせてとどけよう,"[(7, 'うたにのせてとどけよう')]",True,False,4
157.975,158.208,0,うたにのせてとどけよう,"[(7, 'うたにのせてとどけよ'), (4, 'う')]",False,False,4
157.541,157.975,0,うたにのせてとどけよう,"[(7, 'うたにのせてとどけ'), (4, 'よう')]",False,False,4
157.107,157.541,0,うたにのせてとどけよう,"[(7, 'うたにのせてとど'), (4, 'けよう')]",False,False,4
156.874,157.107,0,うたにのせてとどけよう,"[(7, 'うたにのせてと'), (4, 'どけよう')]",False,False,4
156.44,156.874,0,うたにのせてとどけよう,"[(7, 'うたにのせて'), (4, 'とどけよう')]",False,False,4
156.206,156.44,0,うたにのせてとどけよう,"[(7, 'うたにのせ'), (4, 'てとどけよう')]",False,False,4
155.973,156.206,0,うたにのせてとどけよう,"[(7, 'うたにの'), (4, 'せてとどけよう')]",False,False,4
155.772,155.973,0,うたにのせてとどけよう,"[(7, 'うたに'), (4, 'のせてとどけよう')]",False,False,4
155.539,155.772,0,うたにのせてとどけよう,"[(7, 'うた'), (4, 'にのせてとどけよう')]",False,False,4
155.339,155.539,0,うたにのせてとどけよう,"[(7, 'う'), (4, 'たにのせてとどけよう')]",False,True,4
172.389,173.29,0,うたをうたいつづけよう,"[(7, 'うたをうたいつづけよう')]",True,False,4
172.189,172.389,0,うたをうたいつづけよう,"[(7, 'うたをうたいつづけよ'), (4, 'う')]",False,False,4
171.755,172.189,0,うたをうたいつづけよう,"[(7, 'うたをうたいつづけ'), (4, 'よう')]",False,False,4
171.321,171.755,0,うたをうたいつづけよう,"[(7, 'うたをうたいつづ'), (4, 'けよう')]",False,False,4
171.088,171.321,0,うたをうたいつづけよう,"[(7, 'うたをうたいつ'), (4, 'づけよう')]",False,False,4
170.654,171.088,0,うたをうたいつづけよう,"[(7, 'うたをうたい'), (4, 'つづけよう')]",False,False,4
170.42,170.654,0,うたをうたいつづけよう,"[(7, 'うたをうた'), (4, 'いつづけよう')]",False,False,4
170.187,170.42,0,うたをうたいつづけよう,"[(7, 'うたをう'), (4, 'たいつづけよう')]",False,False,4
169.987,170.187,0,うたをうたいつづけよう,"[(7, 'うたを'), (4, 'うたいつづけよう')]",False,False,4
169.753,169.987,0,うたをうたいつづけよう,"[(7, 'うた'), (4, 'をうたいつづけよう')]",False,False,4
169.52,169.753,0,うたをうたいつづけよう,"[(7, 'う'), (4, 'たをうたいつづけよう')]",False,False,4
71.121,71.989,0,うたをうたいつづけよう,"[(7, 'うたをうたいつづけよう')]",False,False,4
70.888,71.121,0,うたをうたいつづけよう,"[(7, 'うたをうたいつづけよ'), (4, 'う')]",False,False,4
70.454,70.888,0,うたをうたいつづけよう,"[(7, 'うたをうたいつづけ'), (4, 'よう')]",False,False,4
69.987,70.454,0,うたをうたいつづけよう,"[(7, 'うたをうたいつづ'), (4, 'けよう')]",False,False,4
69.753,69.987,0,うたをうたいつづけよう,"[(7, 'うたをうたいつ'), (4, 'づけよう')]",False,False,4
69.319,69.753,0,うたをうたいつづけよう,"[(7, 'うたをうたい'), (4, 'つづけよう')]",False,False,4
69.086,69.319,0,うたをうたいつづけよう,"[(7, 'うたをうた'), (4, 'いつづけよう')]",False,False,4
68.886,69.086,0,うたをうたいつづけよう,"[(7, 'うたをう'), (4, 'たいつづけよう')]",False,False,4
68.652,68.886,0,うたをうたいつづけよう,"[(7, 'うたを'), (4, 'うたいつづけよう')]",False,False,4
68.452,68.652,0,うたをうたいつづけよう,"[(7, 'うた'), (4, 'をうたいつづけよう')]",False,False,4
68.218,68.452,0,うたをうたいつづけよう,"[(7, 'う'), (4, 'たをうたいつづけよう')]",False,True,4
136.653,138.455,0,きっときみもひとりではかがやけない,"[(7, 'きっときみもひとりではかがやけない')]",True,False,4
136.22,136.653,0,きっときみもひとりではかがやけない,"[(7, 'きっときみもひとりではかがやけな'), (4, 'い')]",False,False,4
135.752,136.22,0,きっときみもひとりではかがやけない,"[(7, 'きっときみもひとりではかがやけ'), (4, 'ない')]",False,False,4
135.452,135.752,0,きっときみもひとりではかがやけない,"[(7, 'きっときみもひとりではかがや'), (4, 'けない')]",False,False,4
135.119,135.452,0,きっときみもひとりではかがやけない,"[(7, 'きっときみもひとりではかが'), (4, 'やけない')]",False,False,4
134.852,135.119,0,きっときみもひとりではかがやけない,"[(7, 'きっときみもひとりではか'), (4, 'がやけない')]",False,False,4
134.418,134.852,0,きっときみもひとりではかがやけない,"[(7, 'きっときみもひとりでは'), (4, 'かがやけない')]",False,False,4
133.984,134.418,0,きっときみもひとりではかがやけない,"[(7, 'きっときみもひとりで'), (4, 'はかがやけない')]",False,False,4
133.65,133.984,0,きっときみもひとりではかがやけない,"[(7, 'きっときみもひとり'), (4, 'ではかがやけない')]",False,False,4
133.317,133.65,0,きっときみもひとりではかがやけない,"[(7, 'きっときみもひと'), (4, 'りではかがやけない')]",False,False,4
133.083,133.317,0,きっときみもひとりではかがやけない,"[(7, 'きっときみもひ'), (4, 'とりではかがやけない')]",False,False,4
132.783,133.083,0,きっときみもひとりではかがやけない,"[(7, 'きっときみも'), (4, 'ひとりではかがやけない')]",False,False,4
132.416,132.783,0,きっときみもひとりではかがやけない,"[(7, 'きっときみ'), (4, 'もひとりではかがやけない')]",False,False,4
132.216,132.416,0,きっときみもひとりではかがやけない,"[(7, 'きっとき'), (4, 'みもひとりではかがやけない')]",False,False,4
131.882,132.216,0,きっときみもひとりではかがやけない,"[(7, 'きっと'), (4, 'きみもひとりではかがやけない')]",False,False,4
131.548,131.882,0,きっときみもひとりではかがやけない,"[(7, 'きっ'), (4, 'ときみもひとりではかがやけない')]",False,False,4
131.315,131.548,0,きっときみもひとりではかがやけない,"[(7, 'き'), (4, 'っときみもひとりではかがやけない')]",False,True,4
74.458,75.526,0,きっとほら,"[(7, 'きっとほら')]",True,False,4
74.224,74.458,0,きっとほら,"[(7, 'きっとほ'), (4, 'ら')]",False,False,4
72.656,74.224,0,きっとほら,"[(7, 'きっと'), (4, 'ほら')]",False,False,4
72.222,72.656,0,きっとほら,"[(7, 'きっ'), (4, 'とほら')]",False,False,4
71.989,72.222,0,きっとほら,"[(7, 'き'), (4, 'っとほら')]",False,False,4
74.458,75.526,-1,きっとほら,"[(7, 'きっとほら')]",False,False,4
74.224,74.458,-1,きっとほら,"[(7, 'きっとほ'), (4, 'ら')]",False,False,4
72.656,74.224,-1,きっとほら,"[(7, 'きっと'), (4, 'ほら')]",False,False,4
72.222,72.656,-1,きっとほら,"[(7, 'きっ'), (4, 'とほら')]",False,False,4
71.989,72.222,-1,きっとほら,"[(7, 'き'), (4, 'っとほら')]",False,True,4
49.6,51.335,0,きっとぼくはじぶんだけじゃかがやけない,"[(7, 'きっとぼくはじぶんだけじゃかがやけない')]",True,False,4
49.099,49.6,0,きっとぼくはじぶんだけじゃかがやけない,"[(7, 'きっとぼくはじぶんだけじゃかがやけな'), (4, 'い')]",False,False,4
48.665,49.099,0,きっとぼくはじぶんだけじゃかがやけない,"[(7, 'きっとぼくはじぶんだけじゃかがやけ'), (4, 'ない')]",False,False,4
48.332,48.665,0,きっとぼくはじぶんだけじゃかがやけない,"[(7, 'きっとぼくはじぶんだけじゃかがや'), (4, 'けない')]",False,False,4
47.998,48.332,0,きっとぼくはじぶんだけじゃかがやけない,"[(7, 'きっとぼくはじぶんだけじゃかが'), (4, 'やけない')]",False,False,4
47.765,47.998,0,きっとぼくはじぶんだけじゃかがやけない,"[(7, 'きっとぼくはじぶんだけじゃか'), (4, 'がやけない')]",False,False,4
47.297,47.765,0,きっとぼくはじぶんだけじゃかがやけない,"[(7, 'きっとぼくはじぶんだけじゃ'), (4, 'かがやけない')]",False,False,4
46.897,47.297,0,きっとぼくはじぶんだけじゃかがやけない,"[(7, 'きっとぼくはじぶんだけ'), (4, 'じゃかがやけない')]",False,False,4
46.563,46.897,0,きっとぼくはじぶんだけじゃかがやけない,"[(7, 'きっとぼくはじぶんだ'), (4, 'けじゃかがやけない')]",False,False,4
46.23,46.563,0,きっとぼくはじぶんだけじゃかがやけない,"[(7, 'きっとぼくはじぶん'), (4, 'だけじゃかがやけない')]",False,False,4
45.996,46.23,0,きっとぼくはじぶんだけじゃかがやけない,"[(7, 'きっとぼくはじ'), (4, 'ぶんだけじゃかがやけない')]",False,False,4
45.662,45.996,0,きっとぼくはじぶんだけじゃかがやけない,"[(7, 'きっとぼくは'), (4, 'じぶんだけじゃかがやけない')]",False,False,4
45.329,45.662,0,きっとぼくはじぶんだけじゃかがやけない,"[(7, 'きっとぼく'), (4, 'はじぶんだけじゃかがやけない')]",False,False,4
45.129,45.329,0,きっとぼくはじぶんだけじゃかがやけない,"[(7, 'きっとぼ'), (4, 'くはじぶんだけじゃかがやけない')]",False,False,4
44.762,45.129,0,きっとぼくはじぶんだけじゃかがやけない,"[(7, 'きっと'), (4, 'ぼくはじぶんだけじゃかがやけない')]",False,False,4
44.428,44.762,0,きっとぼくはじぶんだけじゃかがやけない,"[(7, 'きっ'), (4, 'とぼくはじぶんだけじゃかがやけない')]",False,False,4
44.194,44.428,0,きっとぼくはじぶんだけじゃかがやけない,"[(7, 'き'), (4, 'っとぼくはじぶんだけじゃかがやけない')]",False,True,4
136.653,138.455,-1,きっとキミもひとりでは輝けない,"[(7, 'きっとキミもひとりでは輝けない')]",True,False,4
136.22,136.653,-1,きっとキミもひとりでは輝けない,"[(7, 'きっとキミもひとりでは輝けな'), (4, 'い')]",False,False,4
135.752,136.22,-1,きっとキミもひとりでは輝けない,"[(7, 'きっとキミもひとりでは輝け'), (4, 'ない')]",False,False,4
135.452,135.752,-1,きっとキミもひとりでは輝けない,"[(7, 'きっとキミもひとりでは輝'), (4, 'けない')]",False,False,4
135.119,135.452,-1,きっとキミもひとりでは輝けない,"[(7, 'きっとキミもひとりでは輝'), (4, 'けない')]",False,False,4
134.852,135.119,-1,きっとキミもひとりでは輝けない,"[(7, 'きっとキミもひとりでは輝'), (4, 'けない')]",False,False,4
134.418,134.852,-1,きっとキミもひとりでは輝けない,"[(7, 'きっとキミもひとりでは'), (4, '輝けない')]",False,False,4
133.984,134.418,-1,きっとキミもひとりでは輝けない,"[(7, 'きっとキミもひとりで'), (4, 'は輝けない')]",False,False,4
133.65,133.984,-1,きっとキミもひとりでは輝けない,"[(7, 'きっとキミもひとり'), (4, 'では輝けない')]",False,False,4
133.317,133.65,-1,きっとキミもひとりでは輝けない,"[(7, 'きっとキミもひと'), (4, 'りでは輝けない')]",False,False,4
133.083,133.317,-1,きっとキミもひとりでは輝けない,"[(7, 'きっとキミもひ'), (4, 'とりでは輝けない')]",False,False,4
132.783,133.083,-1,きっとキミもひとりでは輝けない,"[(7, 'きっとキミも'), (4, 'ひとりでは輝けない')]",False,False,4
132.416,132.783,-1,きっとキミもひとりでは輝けない,"[(7, 'きっとキミ'), (4, 'もひとりでは輝けない')]",False,False,4
132.216,132.416,-1,きっとキミもひとりでは輝けない,"[(7, 'きっとキ'), (4, 'ミもひとりでは輝けない')]",False,False,4
131.882,132.216,-1,きっとキミもひとりでは輝けない,"[(7, 'きっと'), (4, 'キミもひとりでは輝けない')]",False,False,4
131.548,131.882,-1,きっとキミもひとりでは輝けない,"[(7, 'きっ'), (4, 'とキミもひとりでは輝けない')]",False,False,4
131.315,131.548,-1,きっとキミもひとりでは輝けない,"[(7, 'き'), (4, 'っとキミもひとりでは輝けない')]",False,True,4
49.6,51.335,-1,きっとボクは自分だけじゃ輝けない,"[(7, 'きっとボクは自分だけじゃ輝けない')]",True,False,4
49.099,49.6,-1,きっとボクは自分だけじゃ輝けない,"[(7, 'きっとボクは自分だけじゃ輝けな'), (4, 'い')]",False,False,4
48.665,49.099,-1,きっとボクは自分だけじゃ輝けない,"[(7, 'きっとボクは自分だけじゃ輝け'), (4, 'ない')]",False,False,4
48.332,48.665,-1,きっとボクは自分だけじゃ輝けない,"[(7, 'きっとボクは自分だけじゃ輝'), (4, 'けない')]",False,False,4
47.998,48.332,-1,きっとボクは自分だけじゃ輝けない,"[(7, 'きっとボクは自分だけじゃ輝'), (4, 'けない')]",False,False,4
47.765,47.998,-1,きっとボクは自分だけじゃ輝けない,"[(7, 'きっとボクは自分だけじゃ輝'), (4, 'けない')]",False,False,4
47.297,47.765,-1,きっとボクは自分だけじゃ輝けない,"[(7, 'きっとボクは自分だけじゃ'), (4, '輝けない')]",False,False,4
46.897,47.297,-1,きっとボクは自分だけじゃ輝けない,"[(7, 'きっとボクは自分だけ'), (4, 'じゃ輝けない')]",False,False,4
46.563,46.897,-1,きっとボクは自分だけじゃ輝けない,"[(7, 'きっとボクは自分だ'), (4, 'けじゃ輝けない')]",False,False,4
46.23,46.563,-1,きっとボクは自分だけじゃ輝けない,"[(7, 'きっとボクは自分'), (4, 'だけじゃ輝けない')]",False,False,4
45.996,46.23,-1,きっとボクは自分だけじゃ輝けない,"[(7, 'きっとボクは自'), (4, '分だけじゃ輝けない')]",False,False,4
45.662,45.996,-1,きっとボクは自分だけじゃ輝けない,"[(7, 'きっとボクは'), (4, '自分だけじゃ輝けない')]",False,False,4
45.329,45.662,-1,きっとボクは自分だけじゃ輝けない,"[(7, 'きっとボク'), (4, 'は自分だけじゃ輝けない')]",False,False,4
45.129,45.329,-1,きっとボクは自分だけじゃ輝けない,"[(7, 'きっとボ'), (4, 'クは自分だけじゃ輝けない')]",False,False,4
44.762,45.129,-1,きっとボクは自分だけじゃ輝けない,"[(7, 'きっと'), (4, 'ボクは自分だけじゃ輝けない')]",False,False,4
44.428,44.762,-1,きっとボクは自分だけじゃ輝けない,"[(7, 'きっ'), (4, 'とボクは自分だけじゃ輝けない')]",False,False,4
44.194,44.428,-1,きっとボクは自分だけじゃ輝けない,"[(7, 'き'), (4, 'っとボクは自分だけじゃ輝けない')]",False,True,4
106.457,109.126,0,きみのためにとくべつなうたを,"[(7, 'きみのためにとくべつなうたを')]",True,False,4
105.956,106.457,0,きみのためにとくべつなうたを,"[(7, 'きみのためにとくべつなうた'), (4, 'を')]",False,False,4
105.556,105.956,0,きみのためにとくべつなうたを,"[(7, 'きみのためにとくべつなう'), (4, 'たを')]",False,False,4
105.322,105.556,0,きみのためにとくべつなうたを,"[(7, 'きみのためにとくべつな'), (4, 'うたを')]",False,False,4
105.222,105.322,0,きみのためにとくべつなうたを,"[(7, 'きみのためにとくべつ'), (4, 'なうたを')]",False,False,4
104.888,105.222,0,きみのためにとくべつなうたを,"[(7, 'きみのためにとくべ'), (4, 'つなうたを')]",False,False,4
104.655,104.888,0,きみのためにとくべつなうたを,"[(7, 'きみのためにとく'), (4, 'べつなうたを')]",False,False,4
104.421,104.655,0,きみのためにとくべつなうたを,"[(7, 'きみのためにと'), (4, 'くべつなうたを')]",False,False,4
103.754,104.421,0,きみのためにとくべつなうたを,"[(7, 'きみのために'), (4, 'とくべつなうたを')]",False,False,4
103.32,103.754,0,きみのためにとくべつなうたを,"[(7, 'きみのため'), (4, 'にとくべつなうたを')]",False,False,4
102.886,103.32,0,きみのためにとくべつなうたを,"[(7, 'きみのた'), (4, 'めにとくべつなうたを')]",False,False,4
102.553,102.886,0,きみのためにとくべつなうたを,"[(7, 'きみの'), (4, 'ためにとくべつなうたを')]",False,False,4
102.186,102.553,0,きみのためにとくべつなうたを,"[(7, 'きみ'), (4, 'のためにとくべつなうたを')]",False,False,4
102.019,102.186,0,きみのためにとくべつなうたを,"[(7, 'き'), (4, 'みのためにとくべつなうたを')]",False,True,4
63.981,64.648,0,ここからまたはじめよう,"[(5, 'ここ'), (7, 'からまたはじめよう')]",True,False,4
63.747,63.981,0,ここからまたはじめよう,"[(5, 'ここ'), (7, 'からまたはじめよ'), (4, 'う')]",False,False,4
63.347,63.747,0,ここからまたはじめよう,"[(5, 'ここ'), (7, 'からまたはじめ'), (4, 'よう')]",False,False,4
62.913,63.347,0,ここからまたはじめよう,"[(5, 'ここ'), (7, 'からまたはじ'), (4, 'めよう')]",False,False,4
62.646,62.913,0,ここからまたはじめよう,"[(5, 'ここ'), (7, 'からまたは'), (4, 'じめよう')]",False,False,4
62.212,62.646,0,ここからまたはじめよう,"[(5, 'ここ'), (7, 'からまた'), (4, 'はじめよう')]",False,False,4
61.979,62.212,0,ここからまたはじめよう,"[(5, 'ここ'), (7, 'からま'), (4, 'たはじめよう')]",False,False,4
61.779,61.979,0,ここからまたはじめよう,"[(5, 'ここ'), (7, 'から'), (4, 'またはじめよう')]",False,False,4
61.545,61.779,0,ここからまたはじめよう,"[(5, 'ここ'), (7, 'か'), (4, 'らまたはじめよう')]",False,False,4
61.311,61.545,0,ここからまたはじめよう,"[(5, 'ここ'), (4, 'からまたはじめよう')]",False,False,4
61.111,61.311,0,ここからまたはじめよう,"[(5, 'こ'), (4, 'こからまたはじめよう')]",False,True,4
179.329,180.43,0,こころから,"[(7, 'こころから')]",True,False,4
179.062,179.329,0,こころから,"[(7, 'こころか'), (4, 'ら')]",False,False,4
177.528,179.062,0,こころから,"[(7, 'こころ'), (4, 'から')]",False,False,4
177.094,177.528,0,こころから,"[(7, 'ここ'), (4, 'ろから')]",False,False,4
176.827,177.094,0,こころから,"[(7, 'こ'), (4, 'ころから')]",False,True,4
150.868,151.768,0,ことばにできなくても,"[(7, 'ことばにできなくても')]",True,False,4
150.4,150.868,0,ことばにできなくても,"[(7, 'ことばにできなくて'), (4, 'も')]",False,False,4
150.0,150.4,0,ことばにできなくても,"[(7, 'ことばにできなく'), (4, 'ても')]",False,False,4
149.733,150.0,0,ことばにできなくても,"[(7, 'ことばにできな'), (4, 'くても')]",False,False,4
149.299,149.733,0,ことばにできなくても,"[(7, 'ことばにでき'), (4, 'なくても')]",False,False,4
149.099,149.299,0,ことばにできなくても,"[(7, 'ことばにで'), (4, 'きなくても')]",False,False,4
148.832,149.099,0,ことばにできなくても,"[(7, 'ことばに'), (4, 'できなくても')]",False,False,4
148.665,148.832,0,ことばにできなくても,"[(7, 'ことば'), (4, 'にできなくても')]",False,False,4
148.398,148.665,0,ことばにできなくても,"[(7, 'こと'), (4, 'ばにできなくても')]",False,False,4
148.198,148.398,0,ことばにできなくても,"[(7, 'こ'), (4, 'とばにできなくても')]",False,True,4
154.671,155.339,0,このおもいをはるかかなた,"[(7, 'このおもいをはるか'), (1, 'かなた')]",True,False,4
154.438,154.671,0,このおもいをはるかかなた,"[(7, 'このおもいをはるか'), (1, 'かな'), (4, 'た')]",False,False,4
154.204,154.438,0,このおもいをはるかかなた,"[(7, 'このおもいをはるか'), (1, 'か'), (4, 'なた')]",False,False,4
154.004,154.204,0,このおもいをはるかかなた,"[(7, 'このおもいをはるか'), (4, 'かなた')]",False,False,4
153.77,154.004,0,このおもいをはるかかなた,"[(7, 'このおもいをはる'), (4, 'かかなた')]",False,False,4
153.504,153.77,0,このおもいをはるかかなた,"[(7, 'このおもいをは'), (4, 'るかかなた')]",False,False,4
152.903,153.504,0,このおもいをはるかかなた,"[(7, 'このおもいを'), (4, 'はるかかなた')]",False,False,4
152.669,152.903,0,このおもいをはるかかなた,"[(7, 'このおもい'), (4, 'をはるかかなた')]",False,False,4
152.436,152.669,0,このおもいをはるかかなた,"[(7, 'このおも'), (4, 'いをはるかかなた')]",False,False,4
152.202,152.436,0,このおもいをはるかかなた,"[(7, 'このお'), (4, 'もいをはるかかなた')]",False,False,4
151.969,152.202,0,このおもいをはるかかなた,"[(7, 'この'), (4, 'おもいをはるかかなた')]",False,False,4
151.768,151.969,0,このおもいをはるかかなた,"[(7, 'こ'), (4, 'のおもいをはるかかなた')]",False,True,4
188.205,191.542,0,このめろでぃ,"[(7, 'このめろでぃ')]",True,False,4
187.871,188.205,0,このめろでぃ,"[(7, 'このめろ'), (4, 'でぃ')]",False,False,4
187.538,187.871,0,このめろでぃ,"[(7, 'このめ'), (4, 'ろでぃ')]",False,False,4
187.437,187.538,0,このめろでぃ,"[(7, 'この'), (4, 'めろでぃ')]",False,False,4
187.304,187.437,0,このめろでぃ,"[(7, 'こ'), (4, 'のめろでぃ')]",False,True,4
188.205,191.542,-1,このメロディ,"[(7, 'このメロディ')]",True,False,4
187.871,188.205,-1,このメロディ,"[(7, 'このメロ'), (4, 'ディ')]",False,False,4
187.538,187.871,-1,このメロディ,"[(7, 'このメ'), (4, 'ロディ')]",False,False,4
187.437,187.538,-1,このメロディ,"[(7, 'この'), (4, 'メロディ')]",False,False,4
187.304,187.437,-1,このメロディ,"[(7, 'こ'), (4, 'のメロディ')]",False,True,4
154.671,155.339,-1,この思いを遥か彼方,"[(7, 'この思いを遥か'), (1, '彼方')]",True,False,4
154.438,154.671,-1,この思いを遥か彼方,"[(7, 'この思いを遥か'), (1, '彼'), (4, '方')]",False,False,4
154.204,154.438,-1,この思いを遥か彼方,"[(7, 'この思いを遥か'), (1, '彼'), (4, '方')]",False,False,4
154.004,154.204,-1,この思いを遥か彼方,"[(7, 'この思いを遥か'), (4, '彼方')]",False,False,4
153.77,154.004,-1,この思いを遥か彼方,"[(7, 'この思いを遥'), (4, 'か彼方')]",False,False,4
153.504,153.77,-1,この思いを遥か彼方,"[(7, 'この思いを遥'), (4, 'か彼方')]",False,False,4
152.903,153.504,-1,この思いを遥か彼方,"[(7, 'この思いを'), (4, '遥か彼方')]",False,False,4
152.669,152.903,-1,この思いを遥か彼方,"[(7, 'この思い'), (4, 'を遥か彼方')]",False,False,4
152.436,152.669,-1,この思いを遥か彼方,"[(7, 'この思'), (4, 'いを遥か彼方')]",False,False,4
152.202,152.436,-1,この思いを遥か彼方,"[(7, 'この思'), (4, 'いを遥か彼方')]",False,False,4
151.969,152.202,-1,この思いを遥か彼方,"[(7, 'この'), (4, '思いを遥か彼方')]",False,False,4
151.768,151.969,-1,この思いを遥か彼方,"[(7, 'こ'), (4, 'の思いを遥か彼方')]",False,True,4
161.778,162.446,0,これからさきこのたびじで,"[(7, 'これからさきこのたびじで')]",True,False,4
161.512,161.778,0,これからさきこのたびじで,"[(7, 'これからさきこのたびじ'), (4, 'で')]",False,False,4
161.311,161.512,0,これからさきこのたびじで,"[(7, 'これからさきこのたび'), (4, 'じで')]",False,False,4
161.078,161.311,0,これからさきこのたびじで,"[(7, 'これからさきこのた'), (4, 'びじで')]",False,False,4
160.844,161.078,0,これからさきこのたびじで,"[(7, 'これからさきこの'), (4, 'たびじで')]",False,False,4
160.611,160.844,0,これからさきこのたびじで,"[(7, 'これからさきこ'), (4, 'のたびじで')]",False,False,4
159.977,160.611,0,これからさきこのたびじで,"[(7, 'これからさき'), (4, 'このたびじで')]",False,False,4
159.743,159.977,0,これからさきこのたびじで,"[(7, 'これからさ'), (4, 'きこのたびじで')]",False,False,4
159.543,159.743,0,これからさきこのたびじで,"[(7, 'これから'), (4, 'さきこのたびじで')]",False,False,4
159.309,159.543,0,これからさきこのたびじで,"[(7, 'これか'), (4, 'らさきこのたびじで')]",False,False,4
159.076,159.309,0,これからさきこのたびじで,"[(7, 'これ'), (4, 'からさきこのたびじで')]",False,False,4
158.876,159.076,0,これからさきこのたびじで,"[(7, 'こ'), (4, 'れからさきこのたびじで')]",False,True,4
161.778,162.446,-1,これから先この旅路で,"[(7, 'これから先この旅路で')]",True,False,4
161.512,161.778,-1,これから先この旅路で,"[(7, 'これから先この旅路'), (4, 'で')]",False,False,4
161.311,161.512,-1,これから先この旅路で,"[(7, 'これから先この旅'), (4, '路で')]",False,False,4
161.078,161.311,-1,これから先この旅路で,"[(7, 'これから先この旅'), (4, '路で')]",False,False,4
160.844,161.078,-1,これから先この旅路で,"[(7, 'これから先この'), (4, '旅路で')]",False,False,4
160.611,160.844,-1,これから先この旅路で,"[(7, 'これから先こ'), (4, 'の旅路で')]",False,False,4
159.977,160.611,-1,これから先この旅路で,"[(7, 'これから先'), (4, 'この旅路で')]",False,False,4
159.743,159.977,-1,これから先この旅路で,"[(7, 'これから先'), (4, 'この旅路で')]",False,False,4
159.543,159.743,-1,これから先この旅路で,"[(7, 'これから'), (4, '先この旅路で')]",False,False,4
159.309,159.543,-1,これから先この旅路で,"[(7, 'これか'), (4, 'ら先この旅路で')]",False,False,4
159.076,159.309,-1,これから先この旅路で,"[(7, 'これ'), (4, 'から先この旅路で')]",False,False,4
158.876,159.076,-1,これから先この旅路で,"[(7, 'こ'), (4, 'れから先この旅路で')]",False,True,4
21.105,23.774,0,すごしてきたたくさんのひび,"[(7, 'すごしてきたたくさんのひび')]",True,False,4
20.671,21.105,0,すごしてきたたくさんのひび,"[(7, 'すごしてきたたくさんのひ'), (4, 'び')]",False,False,4
20.237,20.671,0,すごしてきたたくさんのひび,"[(7, 'すごしてきたたくさんの'), (4, 'ひび')]",False,False,4
20.004,20.237,0,すごしてきたたくさんのひび,"[(7, 'すごしてきたたくさん'), (4, 'のひび')]",False,False,4
19.57,20.004,0,すごしてきたたくさんのひび,"[(7, 'すごしてきたたくさ'), (4, 'んのひび')]",False,False,4
19.336,19.57,0,すごしてきたたくさんのひび,"[(7, 'すごしてきたたく'), (4, 'さんのひび')]",False,False,4
19.103,19.336,0,すごしてきたたくさんのひび,"[(7, 'すごしてきたた'), (4, 'くさんのひび')]",False,False,4
18.435,19.103,0,すごしてきたたくさんのひび,"[(7, 'すごしてきた'), (4, 'たくさんのひび')]",False,False,4
17.968,18.435,0,すごしてきたたくさんのひび,"[(7, 'すごしてき'), (4, 'たたくさんのひび')]",False,False,4
17.568,17.968,0,すごしてきたたくさんのひび,"[(7, 'すごして'), (4, 'きたたくさんのひび')]",False,False,4
17.201,17.568,0,すごしてきたたくさんのひび,"[(7, 'すごし'), (4, 'てきたたくさんのひび')]",False,False,4
16.9,17.201,0,すごしてきたたくさんのひび,"[(7, 'すご'), (4, 'してきたたくさんのひび')]",False,False,4
16.533,16.9,0,すごしてきたたくさんのひび,"[(7, 'す'), (4, 'ごしてきたたくさんのひび')]",False,True,4
56.673,57.541,0,それはまるでよぞらのつきのようで…,"[(7, 'それはまるでよぞらの'), (6, 'つき'), (7, 'のようで…')]",True,False,4
56.44,56.673,0,それはまるでよぞらのつきのようで…,"[(7, 'それはまるでよぞらの'), (6, 'つき'), (7, 'のよう'), (4, 'で…')]",False,False,4
56.206,56.44,0,それはまるでよぞらのつきのようで…,"[(7, 'それはまるでよぞらの'), (6, 'つき'), (7, 'のよ'), (4, 'うで…')]",False,False,4
55.105,56.206,0,それはまるでよぞらのつきのようで…,"[(7, 'それはまるでよぞらの'), (6, 'つき'), (7, 'の'), (4, 'ようで…')]",False,False,4
54.872,55.105,0,それはまるでよぞらのつきのようで…,"[(7, 'それはまるでよぞらの'), (6, 'つき'), (4, 'のようで…')]",False,False,4
54.438,54.872,0,それはまるでよぞらのつきのようで…,"[(7, 'それはまるでよぞらの'), (6, 'つ'), (4, 'きのようで…')]",False,False,4
53.971,54.438,0,それはまるでよぞらのつきのようで…,"[(7, 'それはまるでよぞらの'), (4, 'つきのようで…')]",False,False,4
53.67,53.971,0,それはまるでよぞらのつきのようで…,"[(7, 'それはまるでよぞら'), (4, 'のつきのようで…')]",False,False,4
53.303,53.67,0,それはまるでよぞらのつきのようで…,"[(7, 'それはまるでよぞ'), (4, 'らのつきのようで…')]",False,False,4
53.103,53.303,0,それはまるでよぞらのつきのようで…,"[(7, 'それはまるでよ'), (4, 'ぞらのつきのようで…')]",False,False,4
52.77,53.103,0,それはまるでよぞらのつきのようで…,"[(7, 'それはまるで'), (4, 'よぞらのつきのようで…')]",False,False,4
52.436,52.77,0,それはまるでよぞらのつきのようで…,"[(7, 'それはまる'), (4, 'でよぞらのつきのようで…')]",False,False,4
52.202,52.436,0,それはまるでよぞらのつきのようで…,"[(7, 'それはま'), (4, 'るでよぞらのつきのようで…')]",False,False,4
51.869,52.202,0,それはまるでよぞらのつきのようで…,"[(7, 'それは'), (4, 'まるでよぞらのつきのようで…')]",False,False,4
51.568,51.869,0,それはまるでよぞらのつきのようで…,"[(7, 'それ'), (4, 'はまるでよぞらのつきのようで…')]",False,False,4
51.335,51.568,0,それはまるでよぞらのつきのようで…,"[(7, 'そ'), (4, 'れはまるでよぞらのつきのようで…')]",False,True,4
56.673,57.541,-1,それはまるで夜空の月のようで…,"[(7, 'それはまるで夜空の'), (6, '月'), (7, 'のようで…')]",True,False,4
56.44,56.673,-1,それはまるで夜空の月のようで…,"[(7, 'それはまるで夜空の'), (6, '月'), (7, 'のよう'), (4, 'で…')]",False,False,4
56.206,56.44,-1,それはまるで夜空の月のようで…,"[(7, 'それはまるで夜空の'), (6, '月'), (7, 'のよ'), (4, 'うで…')]",False,False,4
55.105,56.206,-1,それはまるで夜空の月のようで…,"[(7, 'それはまるで夜空の'), (6, '月'), (7, 'の'), (4, 'ようで…')]",False,False,4
54.872,55.105,-1,それはまるで夜空の月のようで…,"[(7, 'それはまるで夜空の'), (6, '月'), (4, 'のようで…')]",False,False,4
54.438,54.872,-1,それはまるで夜空の月のようで…,"[(7, 'それはまるで夜空の'), (6, '月'), (4, 'のようで…')]",False,False,4
53.971,54.438,-1,それはまるで夜空の月のようで…,"[(7, 'それはまるで夜空の'), (4, '月のようで…')]",False,False,4
53.67,53.971,-1,それはまるで夜空の月のようで…,"[(7, 'それはまるで夜空'), (4, 'の月のようで…')]",False,False,4
53.303,53.67,-1,それはまるで夜空の月のようで…,"[(7, 'それはまるで夜空'), (4, 'の月のようで…')]",False,False,4
53.103,53.303,-1,それはまるで夜空の月のようで…,"[(7, 'それはまるで夜'), (4, '空の月のようで…')]",False,False,4
52.77,53.103,-1,それはまるで夜空の月のようで…,"[(7, 'それはまるで'), (4, '夜空の月のようで…')]",False,False,4
52.436,52.77,-1,それはまるで夜空の月のようで…,"[(7, 'それはまる'), (4, 'で夜空の月のようで…')]",False,False,4
52.202,52.436,-1,それはまるで夜空の月のようで…,"[(7, 'それはま'), (4, 'るで夜空の月のようで…')]",False,False,4
51.869,52.202,-1,それはまるで夜空の月のようで…,"[(7, 'それは'), (4, 'まるで夜空の月のようで…')]",False,False,4
51.568,51.869,-1,それはまるで夜空の月のようで…,"[(7, 'それ'), (4, 'はまるで夜空の月のようで…')]",False,False,4
51.335,51.568,-1,それはまるで夜空の月のようで…,"[(7, 'そ'), (4, 'れはまるで夜空の月のようで…')]",False,True,4
169.119,169.52,0,だいじょうぶきみといっしょに,"[(7, 'だいじょうぶきみといっしょに')]",True,False,4
168.986,169.119,0,だいじょうぶきみといっしょに,"[(7, 'だいじょうぶきみといっしょ'), (4, 'に')]",False,False,4
168.886,168.986,0,だいじょうぶきみといっしょに,"[(7, 'だいじょうぶきみといっ'), (4, 'しょに')]",False,False,4
168.652,168.886,0,だいじょうぶきみといっしょに,"[(7, 'だいじょうぶきみとい'), (4, 'っしょに')]",False,False,4
168.318,168.652,0,だいじょうぶきみといっしょに,"[(7, 'だいじょうぶきみと'), (4, 'いっしょに')]",False,False,4
167.951,168.318,0,だいじょうぶきみといっしょに,"[(7, 'だいじょうぶきみ'), (4, 'といっしょに')]",False,False,4
167.751,167.951,0,だいじょうぶきみといっしょに,"[(7, 'だいじょうぶき'), (4, 'みといっしょに')]",False,False,4
167.117,167.751,0,だいじょうぶきみといっしょに,"[(7, 'だいじょうぶ'), (4, 'きみといっしょに')]",False,False,4
166.884,167.117,0,だいじょうぶきみといっしょに,"[(7, 'だいじょう'), (4, 'ぶきみといっしょに')]",False,False,4
166.55,166.884,0,だいじょうぶきみといっしょに,"[(7, 'だいじょ'), (4, 'うぶきみといっしょに')]",False,False,4
166.216,166.55,0,だいじょうぶきみといっしょに,"[(7, 'だい'), (4, 'じょうぶきみといっしょに')]",False,False,4
165.983,166.216,0,だいじょうぶきみといっしょに,"[(7, 'だ'), (4, 'いじょうぶきみといっしょに')]",False,True,4
143.76,144.661,0,だからぼくがずっととなりにいよう,"[(7, 'だからぼくがずっととなりにいよう')]",True,False,4
143.527,143.76,0,だからぼくがずっととなりにいよう,"[(7, 'だからぼくがずっととなりにいよ'), (4, 'う')]",False,False,4
143.327,143.527,0,だからぼくがずっととなりにいよう,"[(7, 'だからぼくがずっととなりにい'), (4, 'よう')]",False,False,4
142.192,143.327,0,だからぼくがずっととなりにいよう,"[(7, 'だからぼくがずっととなりに'), (4, 'いよう')]",False,False,4
141.992,142.192,0,だからぼくがずっととなりにいよう,"[(7, 'だからぼくがずっととなり'), (4, 'にいよう')]",False,False,4
141.558,141.992,0,だからぼくがずっととなりにいよう,"[(7, 'だからぼくがずっととな'), (4, 'りにいよう')]",False,False,4
141.091,141.558,0,だからぼくがずっととなりにいよう,"[(7, 'だからぼくがずっとと'), (4, 'なりにいよう')]",False,False,4
140.757,141.091,0,だからぼくがずっととなりにいよう,"[(7, 'だからぼくがずっと'), (4, 'となりにいよう')]",False,False,4
140.457,140.757,0,だからぼくがずっととなりにいよう,"[(7, 'だからぼくがずっ'), (4, 'ととなりにいよう')]",False,False,4
140.224,140.457,0,だからぼくがずっととなりにいよう,"[(7, 'だからぼくがず'), (4, 'っととなりにいよう')]",False,False,4
139.89,140.224,0,だからぼくがずっととなりにいよう,"[(7, 'だからぼくが'), (4, 'ずっととなりにいよう')]",False,False,4
139.556,139.89,0,だからぼくがずっととなりにいよう,"[(7, 'だからぼく'), (4, 'がずっととなりにいよう')]",False,False,4
139.323,139.556,0,だからぼくがずっととなりにいよう,"[(7, 'だからぼ'), (4, 'くがずっととなりにいよう')]",False,False,4
138.989,139.323,0,だからぼくがずっととなりにいよう,"[(7, 'だから'), (4, 'ぼくがずっととなりにいよう')]",False,False,4
138.655,138.989,0,だからぼくがずっととなりにいよう,"[(7, 'だか'), (4, 'らぼくがずっととなりにいよう')]",False,False,4
138.455,138.655,0,だからぼくがずっととなりにいよう,"[(7, 'だ'), (4, 'からぼくがずっととなりにいよう')]",False,True,4
143.76,144.661,-1,だからボクがずっと隣にいよう,"[(7, 'だからボクがずっと隣にいよう')]",True,False,4
143.527,143.76,-1,だからボクがずっと隣にいよう,"[(7, 'だからボクがずっと隣にいよ'), (4, 'う')]",False,False,4
143.327,143.527,-1,だからボクがずっと隣にいよう,"[(7, 'だからボクがずっと隣にい'), (4, 'よう')]",False,False,4
142.192,143.327,-1,だからボクがずっと隣にいよう,"[(7, 'だからボクがずっと隣に'), (4, 'いよう')]",False,False,4
141.992,142.192,-1,だからボクがずっと隣にいよう,"[(7, 'だからボクがずっと隣'), (4, 'にいよう')]",False,False,4
141.558,141.992,-1,だからボクがずっと隣にいよう,"[(7, 'だからボクがずっと隣'), (4, 'にいよう')]",False,False,4
141.091,141.558,-1,だからボクがずっと隣にいよう,"[(7, 'だからボクがずっと隣'), (4, 'にいよう')]",False,False,4
140.757,141.091,-1,だからボクがずっと隣にいよう,"[(7, 'だからボクがずっと'), (4, '隣にいよう')]",False,False,4
140.457,140.757,-1,だからボクがずっと隣にいよう,"[(7, 'だからボクがずっ'), (4, 'と隣にいよう')]",False,False,4
140.224,140.457,-1,だからボクがずっと隣にいよう,"[(7, 'だからボクがず'), (4, 'っと隣にいよう')]",False,False,4
139.89,140.224,-1,だからボクがずっと隣にいよう,"[(7, 'だからボクが'), (4, 'ずっと隣にいよう')]",False,False,4
139.556,139.89,-1,だからボクがずっと隣にいよう,"[(7, 'だからボク'), (4, 'がずっと隣にいよう')]",False,False,4
139.323,139.556,-1,だからボクがずっと隣にいよう,"[(7, 'だからボ'), (4, 'クがずっと隣にいよう')]",False,False,4
138.989,139.323,-1,だからボクがずっと隣にいよう,"[(7, 'だから'), (4, 'ボクがずっと隣にいよう')]",False,False,4
138.655,138.989,-1,だからボクがずっと隣にいよう,"[(7, 'だか'), (4, 'らボクがずっと隣にいよう')]",False,False,4
138.455,138.655,-1,だからボクがずっと隣にいよう,"[(7, 'だ'), (4, 'からボクがずっと隣にいよう')]",False,True,4
60.444,61.111,0,つまずいてもきずついても,"[(7, 'つまずいてもきずついても')]",True,False,4
60.21,60.444,0,つまずいてもきずついても,"[(7, 'つまずいてもきずついて'), (4, 'も')]",False,False,4
59.977,60.21,0,つまずいてもきずついても,"[(7, 'つまずいてもきずつい'), (4, 'ても')]",False,False,4
59.777,59.977,0,つまずいてもきずついても,"[(7, 'つまずいてもきずつ'), (4, 'いても')]",False,False,4
59.543,59.777,0,つまずいてもきずついても,"[(7, 'つまずいてもきず'), (4, 'ついても')]",False,False,4
59.309,59.543,0,つまずいてもきずついても,"[(7, 'つまずいてもき'), (4, 'ずついても')]",False,False,4
58.675,59.309,0,つまずいてもきずついても,"[(7, 'つまずいても'), (4, 'きずついても')]",False,False,4
58.442,58.675,0,つまずいてもきずついても,"[(7, 'つまずいて'), (4, 'もきずついても')]",False,False,4
58.208,58.442,0,つまずいてもきずついても,"[(7, 'つまずい'), (4, 'てもきずついても')]",False,False,4
58.008,58.208,0,つまずいてもきずついても,"[(7, 'つまず'), (4, 'いてもきずついても')]",False,False,4
57.775,58.008,0,つまずいてもきずついても,"[(7, 'つま'), (4, 'ずいてもきずついても')]",False,False,4
57.541,57.775,0,つまずいてもきずついても,"[(7, 'つ'), (4, 'まずいてもきずついても')]",False,True,4
60.444,61.111,-1,つまずいても傷ついても,"[(7, 'つまずいても傷ついても')]",True,False,4
60.21,60.444,-1,つまずいても傷ついても,"[(7, 'つまずいても傷ついて'), (4, 'も')]",False,False,4
59.977,60.21,-1,つまずいても傷ついても,"[(7, 'つまずいても傷つい'), (4, 'ても')]",False,False,4
59.777,59.977,-1,つまずいても傷ついても,"[(7, 'つまずいても傷つ'), (4, 'いても')]",False,False,4
59.543,59.777,-1,つまずいても傷ついても,"[(7, 'つまずいても傷'), (4, 'ついても')]",False,False,4
59.309,59.543,-1,つまずいても傷ついても,"[(7, 'つまずいても傷'), (4, 'ついても')]",False,False,4
58.675,59.309,-1,つまずいても傷ついても,"[(7, 'つまずいても'), (4, '傷ついても')]",False,False,4
58.442,58.675,-1,つまずいても傷ついても,"[(7, 'つまずいて'), (4, 'も傷ついても')]",False,False,4
58.208,58.442,-1,つまずいても傷ついても,"[(7, 'つまずい'), (4, 'ても傷ついても')]",False,False,4
58.008,58.208,-1,つまずいても傷ついても,"[(7, 'つまず'), (4, 'いても傷ついても')]",False,False,4
57.775,58.008,-1,つまずいても傷ついても,"[(7, 'つま'), (4, 'ずいても傷ついても')]",False,False,4
57.541,57.775,-1,つまずいても傷ついても,"[(7, 'つ'), (4, 'まずいても傷ついても')]",False,True,4
115.532,117.334,0,つむぎだそうさぁひびけきみだけのめろでぃ,"[(7, 'つむぎだそうさぁひびけきみだけのめろでぃ')]",True,False,4
115.332,115.532,0,つむぎだそうさぁひびけきみだけのめろでぃ,"[(7, 'つむぎだそうさぁひびけきみだけのめろ'), (4, 'でぃ')]",False,False,4
115.099,115.332,0,つむぎだそうさぁひびけきみだけのめろでぃ,"[(7, 'つむぎだそうさぁひびけきみだけのめ'), (4, 'ろでぃ')]",False,False,4
114.865,115.099,0,つむぎだそうさぁひびけきみだけのめろでぃ,"[(7, 'つむぎだそうさぁひびけきみだけの'), (4, 'めろでぃ')]",False,False,4
114.631,114.865,0,つむぎだそうさぁひびけきみだけのめろでぃ,"[(7, 'つむぎだそうさぁひびけきみだけ'), (4, 'のめろでぃ')]",False,False,4
114.431,114.631,0,つむぎだそうさぁひびけきみだけのめろでぃ,"[(7, 'つむぎだそうさぁひびけきみだ'), (4, 'けのめろでぃ')]",False,False,4
114.198,114.431,0,つむぎだそうさぁひびけきみだけのめろでぃ,"[(7, 'つむぎだそうさぁひびけきみ'), (4, 'だけのめろでぃ')]",False,False,4
113.997,114.198,0,つむぎだそうさぁひびけきみだけのめろでぃ,"[(7, 'つむぎだそうさぁひびけき'), (4, 'みだけのめろでぃ')]",False,False,4
113.764,113.997,0,つむぎだそうさぁひびけきみだけのめろでぃ,"[(7, 'つむぎだそうさぁひびけ'), (4, 'きみだけのめろでぃ')]",False,False,4
113.564,113.764,0,つむぎだそうさぁひびけきみだけのめろでぃ,"[(7, 'つむぎだそうさぁひび'), (4, 'けきみだけのめろでぃ')]",False,False,4
113.263,113.564,0,つむぎだそうさぁひびけきみだけのめろでぃ,"[(7, 'つむぎだそうさぁひ'), (4, 'びけきみだけのめろでぃ')]",False,False,4
111.995,113.263,0,つむぎだそうさぁひびけきみだけのめろでぃ,"[(7, 'つむぎだそうさぁ'), (4, 'ひびけきみだけのめろでぃ')]",False,False,4
111.528,111.995,0,つむぎだそうさぁひびけきみだけのめろでぃ,"[(7, 'つむぎだそうさ'), (4, 'ぁひびけきみだけのめろでぃ')]",False,False,4
110.894,111.528,0,つむぎだそうさぁひびけきみだけのめろでぃ,"[(7, 'つむぎだそう'), (4, 'さぁひびけきみだけのめろでぃ')]",False,False,4
110.427,110.894,0,つむぎだそうさぁひびけきみだけのめろでぃ,"[(7, 'つむぎだそ'), (4, 'うさぁひびけきみだけのめろでぃ')]",False,False,4
110.027,110.427,0,つむぎだそうさぁひびけきみだけのめろでぃ,"[(7, 'つむぎだ'), (4, 'そうさぁひびけきみだけのめろでぃ')]",False,False,4
109.693,110.027,0,つむぎだそうさぁひびけきみだけのめろでぃ,"[(7, 'つむぎ'), (4, 'だそうさぁひびけきみだけのめろでぃ')]",False,False,4
109.326,109.693,0,つむぎだそうさぁひびけきみだけのめろでぃ,"[(7, 'つむ'), (4, 'ぎだそうさぁひびけきみだけのめろでぃ')]",False,False,4
109.126,109.326,0,つむぎだそうさぁひびけきみだけのめろでぃ,"[(7, 'つ'), (4, 'むぎだそうさぁひびけきみだけのめろでぃ')]",False,True,4
92.209,94.912,0,であいのひはいわいのうたを,"[(7, 'であいのひはいわいのうたを')]",True,False,4
91.775,92.209,0,であいのひはいわいのうたを,"[(7, 'であいのひはいわいのうた'), (4, 'を')]",False,False,4
91.308,91.775,0,であいのひはいわいのうたを,"[(7, 'であいのひはいわいのう'), (4, 'たを')]",False,False,4
91.075,91.308,0,であいのひはいわいのうたを,"[(7, 'であいのひはいわいの'), (4, 'うたを')]",False,False,4
90.674,91.075,0,であいのひはいわいのうたを,"[(7, 'であいのひはいわい'), (4, 'のうたを')]",False,False,4
90.407,90.674,0,であいのひはいわいのうたを,"[(7, 'であいのひはいわ'), (4, 'いのうたを')]",False,False,4
90.207,90.407,0,であいのひはいわいのうたを,"[(7, 'であいのひはい'), (4, 'わいのうたを')]",False,False,4
89.54,90.207,0,であいのひはいわいのうたを,"[(7, 'であいのひは'), (4, 'いわいのうたを')]",False,False,4
89.039,89.54,0,であいのひはいわいのうたを,"[(7, 'であいのひ'), (4, 'はいわいのうたを')]",False,False,4
88.672,89.039,0,であいのひはいわいのうたを,"[(7, 'であいの'), (4, 'ひはいわいのうたを')]",False,False,4
88.305,88.672,0,であいのひはいわいのうたを,"[(7, 'であい'), (4, 'のひはいわいのうたを')]",False,False,4
87.971,88.305,0,であいのひはいわいのうたを,"[(7, 'であ'), (4, 'いのひはいわいのうたを')]",False,False,4
87.771,87.971,0,であいのひはいわいのうたを,"[(7, 'で'), (4, 'あいのひはいわいのうたを')]",False,True,4
77.995,79.096,0,とどくから,"[(7, 'とどくから')]",True,False,4
77.761,77.995,0,とどくから,"[(7, 'とどくか'), (4, 'ら')]",False,False,4
76.193,77.761,0,とどくから,"[(7, 'とどく'), (4, 'から')]",False,False,4
75.759,76.193,0,とどくから,"[(7, 'とど'), (4, 'くから')]",False,False,4
75.526,75.759,0,とどくから,"[(7, 'と'), (4, 'どくから')]",False,True,4
175.759,176.827,0,とどくように,"[(7, 'とどくように')]",True,False,4
175.626,175.759,0,とどくように,"[(7, 'とどくよう'), (4, 'に')]",False,False,4
175.492,175.626,0,とどくように,"[(7, 'とどくよ'), (4, 'うに')]",False,False,4
173.957,175.492,0,とどくように,"[(7, 'とどく'), (4, 'ように')]",False,False,4
173.524,173.957,0,とどくように,"[(7, 'とど'), (4, 'くように')]",False,False,4
173.29,173.524,0,とどくように,"[(7, 'と'), (4, 'どくように')]",False,True,4
181.098,183.967,0,とわに,"[(3, 'とわ'), (7, 'に')]",True,False,4
180.764,181.098,0,とわに,"[(3, 'とわ'), (4, 'に')]",False,False,4
180.43,180.764,0,とわに,"[(3, 'と'), (4, 'わに')]",False,True,4
165.315,165.983,0,どんなあらしがおそってきても,"[(7, 'どんなあらしがおそってきても')]",True,False,4
165.082,165.315,0,どんなあらしがおそってきても,"[(7, 'どんなあらしがおそってきて'), (4, 'も')]",False,False,4
164.982,165.082,0,どんなあらしがおそってきても,"[(7, 'どんなあらしがおそってき'), (4, 'ても')]",False,False,4
164.781,164.982,0,どんなあらしがおそってきても,"[(7, 'どんなあらしがおそって'), (4, 'きても')]",False,False,4
164.414,164.781,0,どんなあらしがおそってきても,"[(7, 'どんなあらしがおそっ'), (4, 'てきても')]",False,False,4
164.181,164.414,0,どんなあらしがおそってきても,"[(7, 'どんなあらしがお'), (4, 'そってきても')]",False,False,4
163.881,164.181,0,どんなあらしがおそってきても,"[(7, 'どんなあらしが'), (4, 'おそってきても')]",False,False,4
163.547,163.881,0,どんなあらしがおそってきても,"[(7, 'どんなあらし'), (4, 'がおそってきても')]",False,False,4
163.347,163.547,0,どんなあらしがおそってきても,"[(7, 'どんなあら'), (4, 'しがおそってきても')]",False,False,4
163.08,163.347,0,どんなあらしがおそってきても,"[(7, 'どんなあ'), (4, 'らしがおそってきても')]",False,False,4
162.88,163.08,0,どんなあらしがおそってきても,"[(7, 'どんな'), (4, 'あらしがおそってきても')]",False,False,4
162.646,162.88,0,どんなあらしがおそってきても,"[(7, 'どん'), (4, 'なあらしがおそってきても')]",False,False,4
162.446,162.646,0,どんなあらしがおそってきても,"[(7, 'ど'), (4, 'んなあらしがおそってきても')]",False,True,4
165.315,165.983,-1,どんな嵐が襲ってきても,"[(7, 'どんな嵐が襲ってきても')]",True,False,4
165.082,165.315,-1,どんな嵐が襲ってきても,"[(7, 'どんな嵐が襲ってきて'), (4, 'も')]",False,False,4
164.982,165.082,-1,どんな嵐が襲ってきても,"[(7, 'どんな嵐が襲ってき'), (4, 'ても')]",False,False,4
164.781,164.982,-1,どんな嵐が襲ってきても,"[(7, 'どんな嵐が襲って'), (4, 'きても')]",False,False,4
164.414,164.781,-1,どんな嵐が襲ってきても,"[(7, 'どんな嵐が襲っ'), (4, 'てきても')]",False,False,4
164.181,164.414,-1,どんな嵐が襲ってきても,"[(7, 'どんな嵐が襲っ'), (4, 'てきても')]",False,False,4
163.881,164.181,-1,どんな嵐が襲ってきても,"[(7, 'どんな嵐が'), (4, '襲ってきても')]",False,False,4
163.547,163.881,-1,どんな嵐が襲ってきても,"[(7, 'どんな嵐'), (4, 'が襲ってきても')]",False,False,4
163.347,163.547,-1,どんな嵐が襲ってきても,"[(7, 'どんな嵐'), (4, 'が襲ってきても')]",False,False,4
163.08,163.347,-1,どんな嵐が襲ってきても,"[(7, 'どんな嵐'), (4, 'が襲ってきても')]",False,False,4
162.88,163.08,-1,どんな嵐が襲ってきても,"[(7, 'どんな'), (4, '嵐が襲ってきても')]",False,False,4
162.646,162.88,-1,どんな嵐が襲ってきても,"[(7, 'どん'), (4, 'な嵐が襲ってきても')]",False,False,4
162.446,162.646,-1,どんな嵐が襲ってきても,"[(7, 'ど'), (4, 'んな嵐が襲ってきても')]",False,True,4
83.3,85.335,28,ひびけ,"[(7, 'ひびけ')]",True,False,4
83.0,83.3,28,ひびけ,"[(7, 'ひび'), (4, 'け')]",False,False,4
82.666,83.0,28,ひびけ,"[(7, 'ひ'), (4, 'びけ')]",False,False,4
79.763,82.199,0,ひびけ,"[(7, 'ひびけ')]",False,False,4
79.463,79.763,0,ひびけ,"[(7, 'ひび'), (4, 'け')]",False,False,4
79.096,79.463,0,ひびけ,"[(7, 'ひ'), (4, 'びけ')]",False,True,4
186.436,187.304,0,ひびけほら,"[(7, 'ひびけほら')]",True,False,4
186.17,186.436,0,ひびけほら,"[(7, 'ひびけほ'), (4, 'ら')]",False,False,4
184.635,186.17,0,ひびけほら,"[(7, 'ひびけ'), (4, 'ほら')]",False,False,4
184.334,184.635,0,ひびけほら,"[(7, 'ひび'), (4, 'けほら')]",False,False,4
183.967,184.334,0,ひびけほら,"[(7, 'ひ'), (4, 'びけほら')]",False,True,4
67.518,68.218,0,ぶきようでもちいさくても,"[(7, 'ぶきようでもちいさくても')]",True,False,4
67.317,67.518,0,ぶきようでもちいさくても,"[(7, 'ぶきようでもちいさくて'), (4, 'も')]",False,False,4
67.051,67.317,0,ぶきようでもちいさくても,"[(7, 'ぶきようでもちいさく'), (4, 'ても')]",False,False,4
66.85,67.051,0,ぶきようでもちいさくても,"[(7, 'ぶきようでもちいさ'), (4, 'くても')]",False,False,4
66.617,66.85,0,ぶきようでもちいさくても,"[(7, 'ぶきようでもちい'), (4, 'さくても')]",False,False,4
66.35,66.617,0,ぶきようでもちいさくても,"[(7, 'ぶきようでもち'), (4, 'いさくても')]",False,False,4
65.749,66.35,0,ぶきようでもちいさくても,"[(7, 'ぶきようでも'), (4, 'ちいさくても')]",False,False,4
65.516,65.749,0,ぶきようでもちいさくても,"[(7, 'ぶきようで'), (4, 'もちいさくても')]",False,False,4
65.315,65.516,0,ぶきようでもちいさくても,"[(7, 'ぶきよう'), (4, 'でもちいさくても')]",False,False,4
65.082,65.315,0,ぶきようでもちいさくても,"[(7, 'ぶきよ'), (4, 'うでもちいさくても')]",False,False,4
64.848,65.082,0,ぶきようでもちいさくても,"[(7, 'ぶき'), (4, 'ようでもちいさくても')]",False,False,4
64.648,64.848,0,ぶきようでもちいさくても,"[(7, 'ぶ'), (4, 'きようでもちいさくても')]",False,True,4
147.564,148.198,0,みてきたものかんじたこと,"[(7, 'みてきたものかんじたこと')]",True,False,4
147.331,147.564,0,みてきたものかんじたこと,"[(7, 'みてきたものかんじたこ'), (4, 'と')]",False,False,4
147.097,147.331,0,みてきたものかんじたこと,"[(7, 'みてきたものかんじた'), (4, 'こと')]",False,False,4
146.864,147.097,0,みてきたものかんじたこと,"[(7, 'みてきたものかんじ'), (4, 'たこと')]",False,False,4
146.663,146.864,0,みてきたものかんじたこと,"[(7, 'みてきたものかん'), (4, 'じたこと')]",False,False,4
146.43,146.663,0,みてきたものかんじたこと,"[(7, 'みてきたものか'), (4, 'んじたこと')]",False,False,4
145.796,146.43,0,みてきたものかんじたこと,"[(7, 'みてきたもの'), (4, 'かんじたこと')]",False,False,4
145.562,145.796,0,みてきたものかんじたこと,"[(7, 'みてきたも'), (4, 'のかんじたこと')]",False,False,4
145.329,145.562,0,みてきたものかんじたこと,"[(7, 'みてきた'), (4, 'ものかんじたこと')]",False,False,4
145.129,145.329,0,みてきたものかんじたこと,"[(7, 'みてき'), (4, 'たものかんじたこと')]",False,False,4
144.862,145.129,0,みてきたものかんじたこと,"[(7, 'みて'), (4, 'きたものかんじたこと')]",False,False,4
144.661,144.862,0,みてきたものかんじたこと,"[(7, 'み'), (4, 'てきたものかんじたこと')]",False,True,4
43.494,44.194,0,ものがたりはまだつづいてく,"[(7, 'ものがたりはまだつづいてく')]",True,False,4
43.293,43.494,0,ものがたりはまだつづいてく,"[(7, 'ものがたりはまだつづいて'), (4, 'く')]",False,False,4
42.96,43.293,0,ものがたりはまだつづいてく,"[(7, 'ものがたりはまだつづい'), (4, 'てく')]",False,False,4
42.659,42.96,0,ものがたりはまだつづいてく,"[(7, 'ものがたりはまだつづ'), (4, 'いてく')]",False,False,4
42.393,42.659,0,ものがたりはまだつづいてく,"[(7, 'ものがたりはまだつ'), (4, 'づいてく')]",False,False,4
40.858,42.393,0,ものがたりはまだつづいてく,"[(7, 'ものがたりはまだ'), (4, 'つづいてく')]",False,False,4
40.424,40.858,0,ものがたりはまだつづいてく,"[(7, 'ものがたりはま'), (4, 'だつづいてく')]",False,False,4
39.79,40.424,0,ものがたりはまだつづいてく,"[(7, 'ものがたりは'), (4, 'まだつづいてく')]",False,False,4
39.323,39.79,0,ものがたりはまだつづいてく,"[(7, 'ものがたり'), (4, 'はまだつづいてく')]",False,False,4
38.889,39.323,0,ものがたりはまだつづいてく,"[(7, 'ものがた'), (4, 'りはまだつづいてく')]",False,False,4
38.555,38.889,0,ものがたりはまだつづいてく,"[(7, 'ものが'), (4, 'たりはまだつづいてく')]",False,False,4
38.222,38.555,0,ものがたりはまだつづいてく,"[(7, 'もの'), (4, 'がたりはまだつづいてく')]",False,False,4
37.988,38.222,0,ものがたりはまだつづいてく,"[(7, 'も'), (4, 'のがたりはまだつづいてく')]",False,True,4
35.319,37.988,0,ゆめのけしきたどりつくため,"[(7, 'ゆめのけしきたどりつくため')]",True,False,4
34.885,35.319,0,ゆめのけしきたどりつくため,"[(7, 'ゆめのけしきたどりつくた'), (4, 'め')]",False,False,4
34.451,34.885,0,ゆめのけしきたどりつくため,"[(7, 'ゆめのけしきたどりつく'), (4, 'ため')]",False,False,4
34.184,34.451,0,ゆめのけしきたどりつくため,"[(7, 'ゆめのけしきたどりつ'), (4, 'くため')]",False,False,4
33.784,34.184,0,ゆめのけしきたどりつくため,"[(7, 'ゆめのけしきたどり'), (4, 'つくため')]",False,False,4
33.55,33.784,0,ゆめのけしきたどりつくため,"[(7, 'ゆめのけしきたど'), (4, 'りつくため')]",False,False,4
33.283,33.55,0,ゆめのけしきたどりつくため,"[(7, 'ゆめのけしきた'), (4, 'どりつくため')]",False,False,4
32.649,33.283,0,ゆめのけしきたどりつくため,"[(7, 'ゆめのけしき'), (4, 'たどりつくため')]",False,False,4
32.216,32.649,0,ゆめのけしきたどりつくため,"[(7, 'ゆめのけし'), (4, 'きたどりつくため')]",False,False,4
31.815,32.216,0,ゆめのけしきたどりつくため,"[(7, 'ゆめのけ'), (4, 'しきたどりつくため')]",False,False,4
31.415,31.815,0,ゆめのけしきたどりつくため,"[(7, 'ゆめの'), (4, 'けしきたどりつくため')]",False,False,4
31.081,31.415,0,ゆめのけしきたどりつくため,"[(7, 'ゆめ'), (4, 'のけしきたどりつくため')]",False,False,4
30.848,31.081,0,ゆめのけしきたどりつくため,"[(7, 'ゆ'), (4, 'めのけしきたどりつくため')]",False,True,4
192.009,195.078,0,らら,"[(7, 'らら')]",True,False,4
191.542,192.009,0,らら,"[(7, 'ら'), (4, 'ら')]",False,False,4
120.871,123.974,0,らら,"[(7, 'らら')]",False,False,4
120.404,120.871,0,らら,"[(7, 'ら'), (4, 'ら')]",False,True,4
195.546,199.082,0,ららら…,"[(7, 'ららら…')]",True,False,4
195.312,195.546,0,ららら…,"[(7, 'らら'), (4, 'ら…')]",False,False,4
195.078,195.312,0,ららら…,"[(7, 'ら'), (4, 'らら…')]",False,False,4
124.441,127.978,0,ららら…,"[(7, 'ららら…')]",False,False,4
124.208,124.441,0,ららら…,"[(7, 'らら'), (4, 'ら…')]",False,False,4
123.974,124.208,0,ららら…,"[(7, 'ら'), (4, 'らら…')]",False,True,4
99.349,100.884,0,わかれのひはたびだちのうたを,"[(7, 'わかれのひはたびだちのうたを')]",True,False,4
98.916,99.349,0,わかれのひはたびだちのうたを,"[(7, 'わかれのひはたびだちのうた'), (4, 'を')]",False,False,4
98.449,98.916,0,わかれのひはたびだちのうたを,"[(7, 'わかれのひはたびだちのう'), (4, 'たを')]",False,False,4
98.215,98.449,0,わかれのひはたびだちのうたを,"[(7, 'わかれのひはたびだちの'), (4, 'うたを')]",False,False,4
98.082,98.215,0,わかれのひはたびだちのうたを,"[(7, 'わかれのひはたびだち'), (4, 'のうたを')]",False,False,4
97.781,98.082,0,わかれのひはたびだちのうたを,"[(7, 'わかれのひはたびだ'), (4, 'ちのうたを')]",False,False,4
97.548,97.781,0,わかれのひはたびだちのうたを,"[(7, 'わかれのひはたび'), (4, 'だちのうたを')]",False,False,4
97.347,97.548,0,わかれのひはたびだちのうたを,"[(7, 'わかれのひはた'), (4, 'びだちのうたを')]",False,False,4
96.647,97.347,0,わかれのひはたびだちのうたを,"[(7, 'わかれのひは'), (4, 'たびだちのうたを')]",False,False,4
96.18,96.647,0,わかれのひはたびだちのうたを,"[(7, 'わかれのひ'), (4, 'はたびだちのうたを')]",False,False,4
95.779,96.18,0,わかれのひはたびだちのうたを,"[(7, 'わかれの'), (4, 'ひはたびだちのうたを')]",False,False,4
95.446,95.779,0,わかれのひはたびだちのうたを,"[(7, 'わかれ'), (4, 'のひはたびだちのうたを')]",False,False,4
95.112,95.446,0,わかれのひはたびだちのうたを,"[(7, 'わか'), (4, 'れのひはたびだちのうたを')]",False,False,4
94.912,95.112,0,わかれのひはたびだちのうたを,"[(7, 'わ'), (4, 'かれのひはたびだちのうたを')]",False,True,4
12.429,14.198,-1,イラスト:チェリ子(@chie_rico)movie:quro(@nicoquro),"[(7, 'イラスト:チェリ子(@chie_rico)'), (7, 'movie:quro(@nicoquro)')]",True,True,0
106.457,109.126,-1,キミのためにトクベツな詩を,"[(7, 'キミのためにトクベツな詩を')]",True,False,4
105.956,106.457,-1,キミのためにトクベツな詩を,"[(7, 'キミのためにトクベツな詩'), (4, 'を')]",False,False,4
105.556,105.956,-1,キミのためにトクベツな詩を,"[(7, 'キミのためにトクベツな詩'), (4, 'を')]",False,False,4
105.322,105.556,-1,キミのためにトクベツな詩を,"[(7, 'キミのためにトクベツな'), (4, '詩を')]",False,False,4
105.222,105.322,-1,キミのためにトクベツな詩を,"[(7, 'キミのためにトクベツ'), (4, 'な詩を')]",False,False,4
104.888,105.222,-1,キミのためにトクベツな詩を,"[(7, 'キミのためにトクベ'), (4, 'ツな詩を')]",False,False,4
104.655,104.888,-1,キミのためにトクベツな詩を,"[(7, 'キミのためにトク'), (4, 'ベツな詩を')]",False,False,4
104.421,104.655,-1,キミのためにトクベツな詩を,"[(7, 'キミのためにト'), (4, 'クベツな詩を')]",False,False,4
103.754,104.421,-1,キミのためにトクベツな詩を,"[(7, 'キミのために'), (4, 'トクベツな詩を')]",False,False,4
103.32,103.754,-1,キミのためにトクベツな詩を,"[(7, 'キミのため'), (4, 'にトクベツな詩を')]",False,False,4
102.886,103.32,-1,キミのためにトクベツな詩を,"[(7, 'キミのた'), (4, 'めにトクベツな詩を')]",False,False,4
102.553,102.886,-1,キミのためにトクベツな詩を,"[(7, 'キミの'), (4, 'ためにトクベツな詩を')]",False,False,4
102.186,102.553,-1,キミのためにトクベツな詩を,"[(7, 'キミ'), (4, 'のためにトクベツな詩を')]",False,False,4
102.019,102.186,-1,キミのためにトクベツな詩を,"[(7, 'キ'), (4, 'ミのためにトクベツな詩を')]",False,True,4
35.319,37.988,-1,ユメの景色たどり着くため,"[(7, 'ユメの景色たどり着くため')]",True,False,4
34.885,35.319,-1,ユメの景色たどり着くため,"[(7, 'ユメの景色たどり着くた'), (4, 'め')]",False,False,4
34.451,34.885,-1,ユメの景色たどり着くため,"[(7, 'ユメの景色たどり着く'), (4, 'ため')]",False,False,4
34.184,34.451,-1,ユメの景色たどり着くため,"[(7, 'ユメの景色たどり着'), (4, 'くため')]",False,False,4
33.784,34.184,-1,ユメの景色たどり着くため,"[(7, 'ユメの景色たどり'), (4, '着くため')]",False,False,4
33.55,33.784,-1,ユメの景色たどり着くため,"[(7, 'ユメの景色たど'), (4, 'り着くため')]",False,False,4
33.283,33.55,-1,ユメの景色たどり着くため,"[(7, 'ユメの景色た'), (4, 'どり着くため')]",False,False,4
32.649,33.283,-1,ユメの景色たどり着くため,"[(7, 'ユメの景色'), (4, 'たどり着くため')]",False,False,4
32.216,32.649,-1,ユメの景色たどり着くため,"[(7, 'ユメの景色'), (4, 'たどり着くため')]",False,False,4
31.815,32.216,-1,ユメの景色たどり着くため,"[(7, 'ユメの景'), (4, '色たどり着くため')]",False,False,4
31.415,31.815,-1,ユメの景色たどり着くため,"[(7, 'ユメの'), (4, '景色たどり着くため')]",False,False,4
31.081,31.415,-1,ユメの景色たどり着くため,"[(7, 'ユメ'), (4, 'の景色たどり着くため')]",False,False,4
30.848,31.081,-1,ユメの景色たどり着くため,"[(7, 'ユ'), (4, 'メの景色たどり着くため')]",False,True,4
192.009,195.078,-1,ララ,"[(7, 'ララ')]",True,False,4
191.542,192.009,-1,ララ,"[(7, 'ラ'), (4, 'ラ')]",False,False,4
120.871,123.974,-1,ララ,"[(7, 'ララ')]",False,False,4
120.404,120.871,-1,ララ,"[(7, 'ラ'), (4, 'ラ')]",False,True,4
195.546,199.082,-1,ラララ…,"[(7, 'ラララ…')]",True,False,4
195.312,195.546,-1,ラララ…,"[(7, 'ララ'), (4, 'ラ…')]",False,False,4
195.078,195.312,-1,ラララ…,"[(7, 'ラ'), (4, 'ララ…')]",False,False,4
124.441,127.978,-1,ラララ…,"[(7, 'ラララ…')]",False,False,4
124.208,124.441,-1,ラララ…,"[(7, 'ララ'), (4, 'ラ…')]",False,False,4
123.974,124.208,-1,ラララ…,"[(7, 'ラ'), (4, 'ララ…')]",False,True,4
67.518,68.218,-1,不器用でも小さくても,"[(7, '不器用でも小さくても')]",True,False,4
67.317,67.518,-1,不器用でも小さくても,"[(7, '不器用でも小さくて'), (4, 'も')]",False,False,4
67.051,67.317,-1,不器用でも小さくても,"[(7, '不器用でも小さく'), (4, 'ても')]",False,False,4
66.85,67.051,-1,不器用でも小さくても,"[(7, '不器用でも小さ'), (4, 'くても')]",False,False,4
66.617,66.85,-1,不器用でも小さくても,"[(7, '不器用でも小'), (4, 'さくても')]",False,False,4
66.35,66.617,-1,不器用でも小さくても,"[(7, '不器用でも小'), (4, 'さくても')]",False,False,4
65.749,66.35,-1,不器用でも小さくても,"[(7, '不器用でも'), (4, '小さくても')]",False,False,4
65.516,65.749,-1,不器用でも小さくても,"[(7, '不器用で'), (4, 'も小さくても')]",False,False,4
65.315,65.516,-1,不器用でも小さくても,"[(7, '不器用'), (4, 'でも小さくても')]",False,False,4
65.082,65.315,-1,不器用でも小さくても,"[(7, '不器用'), (4, 'でも小さくても')]",False,False,4
64.848,65.082,-1,不器用でも小さくても,"[(7, '不器'), (4, '用でも小さくても')]",False,False,4
64.648,64.848,-1,不器用でも小さくても,"[(7, '不'), (4, '器用でも小さくても')]",False,True,4
3.554,5.322,-1,作曲編曲:彦田元気(hifumiinc.),"[(7, '作曲編曲:彦田元気(hifumiinc.)')]",True,True,0
1.785,3.554,-1,作詞:saji(hifumiinc.)おぐらあすか(hifumiinc.),"[(7, '作詞:saji(hifumiinc.)おぐらあすか(hifumiinc.)')]",True,True,0
92.209,94.912,-1,出会いの日は祝いの詩を,"[(7, '出会いの日は祝いの詩を')]",True,False,4
91.775,92.209,-1,出会いの日は祝いの詩を,"[(7, '出会いの日は祝いの詩'), (4, 'を')]",False,False,4
91.308,91.775,-1,出会いの日は祝いの詩を,"[(7, '出会いの日は祝いの詩'), (4, 'を')]",False,False,4
91.075,91.308,-1,出会いの日は祝いの詩を,"[(7, '出会いの日は祝いの'), (4, '詩を')]",False,False,4
90.674,91.075,-1,出会いの日は祝いの詩を,"[(7, '出会いの日は祝い'), (4, 'の詩を')]",False,False,4
90.407,90.674,-1,出会いの日は祝いの詩を,"[(7, '出会いの日は祝'), (4, 'いの詩を')]",False,False,4
90.207,90.407,-1,出会いの日は祝いの詩を,"[(7, '出会いの日は祝'), (4, 'いの詩を')]",False,False,4
89.54,90.207,-1,出会いの日は祝いの詩を,"[(7, '出会いの日は'), (4, '祝いの詩を')]",False,False,4
89.039,89.54,-1,出会いの日は祝いの詩を,"[(7, '出会いの日'), (4, 'は祝いの詩を')]",False,False,4
88.672,89.039,-1,出会いの日は祝いの詩を,"[(7, '出会いの'), (4, '日は祝いの詩を')]",False,False,4
88.305,88.672,-1,出会いの日は祝いの詩を,"[(7, '出会い'), (4, 'の日は祝いの詩を')]",False,False,4
87.971,88.305,-1,出会いの日は祝いの詩を,"[(7, '出会'), (4, 'いの日は祝いの詩を')]",False,False,4
87.771,87.971,-1,出会いの日は祝いの詩を,"[(7, '出'), (4, '会いの日は祝いの詩を')]",False,True,4
99.349,100.884,-1,別れの日は旅立ちの詩を,"[(7, '別れの日は旅立ちの詩を')]",True,False,4
98.916,99.349,-1,別れの日は旅立ちの詩を,"[(7, '別れの日は旅立ちの詩'), (4, 'を')]",False,False,4
98.449,98.916,-1,別れの日は旅立ちの詩を,"[(7, '別れの日は旅立ちの詩'), (4, 'を')]",False,False,4
98.215,98.449,-1,別れの日は旅立ちの詩を,"[(7, '別れの日は旅立ちの'), (4, '詩を')]",False,False,4
98.082,98.215,-1,別れの日は旅立ちの詩を,"[(7, '別れの日は旅立ち'), (4, 'の詩を')]",False,False,4
97.781,98.082,-1,別れの日は旅立ちの詩を,"[(7, '別れの日は旅立'), (4, 'ちの詩を')]",False,False,4
97.548,97.781,-1,別れの日は旅立ちの詩を,"[(7, '別れの日は旅'), (4, '立ちの詩を')]",False,False,4
97.347,97.548,-1,別れの日は旅立ちの詩を,"[(7, '別れの日は旅'), (4, '立ちの詩を')]",False,False,4
96.647,97.347,-1,別れの日は旅立ちの詩を,"[(7, '別れの日は'), (4, '旅立ちの詩を')]",False,False,4
96.18,96.647,-1,別れの日は旅立ちの詩を,"[(7, '別れの日'), (4, 'は旅立ちの詩を')]",False,False,4
95.779,96.18,-1,別れの日は旅立ちの詩を,"[(7, '別れの'), (4, '日は旅立ちの詩を')]",False,False,4
95.446,95.779,-1,別れの日は旅立ちの詩を,"[(7, '別れ'), (4, 'の日は旅立ちの詩を')]",False,False,4
95.112,95.446,-1,別れの日は旅立ちの詩を,"[(7, '別'), (4, 'れの日は旅立ちの詩を')]",False,False,4
94.912,95.112,-1,別れの日は旅立ちの詩を,"[(7, '別'), (4, 'れの日は旅立ちの詩を')]",False,True,4
169.119,169.52,-1,大丈夫キミと一緒に,"[(7, '大丈夫キミと一緒に')]",True,False,4
168.986,169.119,-1,大丈夫キミと一緒に,"[(7, '大丈夫キミと一緒'), (4, 'に')]",False,False,4
168.886,168.986,-1,大丈夫キミと一緒に,"[(7, '大丈夫キミと一'), (4, '緒に')]",False,False,4
168.652,168.886,-1,大丈夫キミと一緒に,"[(7, '大丈夫キミと一'), (4, '緒に')]",False,False,4
168.318,168.652,-1,大丈夫キミと一緒に,"[(7, '大丈夫キミと'), (4, '一緒に')]",False,False,4
167.951,168.318,-1,大丈夫キミと一緒に,"[(7, '大丈夫キミ'), (4, 'と一緒に')]",False,False,4
167.751,167.951,-1,大丈夫キミと一緒に,"[(7, '大丈夫キ'), (4, 'ミと一緒に')]",False,False,4
167.117,167.751,-1,大丈夫キミと一緒に,"[(7, '大丈夫'), (4, 'キミと一緒に')]",False,False,4
166.884,167.117,-1,大丈夫キミと一緒に,"[(7, '大丈'), (4, '夫キミと一緒に')]",False,False,4
166.55,166.884,-1,大丈夫キミと一緒に,"[(7, '大丈'), (4, '夫キミと一緒に')]",False,False,4
166.216,166.55,-1,大丈夫キミと一緒に,"[(7, '大'), (4, '丈夫キミと一緒に')]",False,False,4
165.983,166.216,-1,大丈夫キミと一緒に,"[(7, '大'), (4, '丈夫キミと一緒に')]",False,True,4
77.995,79.096,-1,届くから,"[(7, '届くから')]",True,False,4
77.761,77.995,-1,届くから,"[(7, '届くか'), (4, 'ら')]",False,False,4
76.193,77.761,-1,届くから,"[(7, '届く'), (4, 'から')]",False,False,4
75.759,76.193,-1,届くから,"[(7, '届'), (4, 'くから')]",False,False,4
75.526,75.759,-1,届くから,"[(7, '届'), (4, 'くから')]",False,True,4
175.759,176.827,-1,届くように,"[(7, '届くように')]",True,False,4
175.626,175.759,-1,届くように,"[(7, '届くよう'), (4, 'に')]",False,False,4
175.492,175.626,-1,届くように,"[(7, '届くよ'), (4, 'うに')]",False,False,4
173.957,175.492,-1,届くように,"[(7, '届く'), (4, 'ように')]",False,False,4
173.524,173.957,-1,届くように,"[(7, '届'), (4, 'くように')]",False,False,4
173.29,173.524,-1,届くように,"[(7, '届'), (4, 'くように')]",False,True,4
179.329,180.43,-1,心から,"[(7, '心から')]",True,False,4
179.062,179.329,-1,心から,"[(7, '心か'), (4, 'ら')]",False,False,4
177.528,179.062,-1,心から,"[(7, '心'), (4, 'から')]",False,False,4
177.094,177.528,-1,心から,"[(7, '心'), (4, 'から')]",False,False,4
176.827,177.094,-1,心から,"[(7, '心'), (4, 'から')]",False,True,4
63.981,64.648,-1,此処からまた始めよう,"[(5, '此処'), (7, 'からまた始めよう')]",True,False,4
63.747,63.981,-1,此処からまた始めよう,"[(5, '此処'), (7, 'からまた始めよ'), (4, 'う')]",False,False,4
63.347,63.747,-1,此処からまた始めよう,"[(5, '此処'), (7, 'からまた始め'), (4, 'よう')]",False,False,4
62.913,63.347,-1,此処からまた始めよう,"[(5, '此処'), (7, 'からまた始'), (4, 'めよう')]",False,False,4
62.646,62.913,-1,此処からまた始めよう,"[(5, '此処'), (7, 'からまた始'), (4, 'めよう')]",False,False,4
62.212,62.646,-1,此処からまた始めよう,"[(5, '此処'), (7, 'からまた'), (4, '始めよう')]",False,False,4
61.979,62.212,-1,此処からまた始めよう,"[(5, '此処'), (7, 'からま'), (4, 'た始めよう')]",False,False,4
61.779,61.979,-1,此処からまた始めよう,"[(5, '此処'), (7, 'から'), (4, 'また始めよう')]",False,False,4
61.545,61.779,-1,此処からまた始めよう,"[(5, '此処'), (7, 'か'), (4, 'らまた始めよう')]",False,False,4
61.311,61.545,-1,此処からまた始めよう,"[(5, '此処'), (4, 'からまた始めよう')]",False,False,4
61.111,61.311,-1,此処からまた始めよう,"[(5, '此'), (4, '処からまた始めよう')]",False,True,4
27.778,29.646,-1,歩いてきた果てしない道,"[(7, '歩いてきた果てしない道')]",True,False,4
27.378,27.778,-1,歩いてきた果てしない道,"[(7, '歩いてきた果てしない'), (4, '道')]",False,False,4
27.111,27.378,-1,歩いてきた果てしない道,"[(7, '歩いてきた果てしな'), (4, 'い道')]",False,False,4
26.677,27.111,-1,歩いてきた果てしない道,"[(7, '歩いてきた果てし'), (4, 'ない道')]",False,False,4
26.443,26.677,-1,歩いてきた果てしない道,"[(7, '歩いてきた果て'), (4, 'しない道')]",False,False,4
26.176,26.443,-1,歩いてきた果てしない道,"[(7, '歩いてきた果'), (4, 'てしない道')]",False,False,4
25.576,26.176,-1,歩いてきた果てしない道,"[(7, '歩いてきた'), (4, '果てしない道')]",False,False,4
25.075,25.576,-1,歩いてきた果てしない道,"[(7, '歩いてき'), (4, 'た果てしない道')]",False,False,4
24.675,25.075,-1,歩いてきた果てしない道,"[(7, '歩いて'), (4, 'きた果てしない道')]",False,False,4
24.341,24.675,-1,歩いてきた果てしない道,"[(7, '歩い'), (4, 'てきた果てしない道')]",False,False,4
24.008,24.341,-1,歩いてきた果てしない道,"[(7, '歩'), (4, 'いてきた果てしない道')]",False,False,4
23.774,24.008,-1,歩いてきた果てしない道,"[(7, '歩'), (4, 'いてきた果てしない道')]",False,True,4
181.098,183.967,-1,永遠に,"[(3, '永遠'), (7, 'に')]",True,False,4
180.764,181.098,-1,永遠に,"[(3, '永遠'), (4, 'に')]",False,False,4
180.43,180.764,-1,永遠に,"[(3, '永'), (4, '遠に')]",False,True,4
43.494,44.194,-1,物語はまだ続いてく,"[(7, '物語はまだ続いてく')]",True,False,4
43.293,43.494,-1,物語はまだ続いてく,"[(7, '物語はまだ続いて'), (4, 'く')]",False,False,4
42.96,43.293,-1,物語はまだ続いてく,"[(7, '物語はまだ続い'), (4, 'てく')]",False,False,4
42.659,42.96,-1,物語はまだ続いてく,"[(7, '物語はまだ続'), (4, 'いてく')]",False,False,4
42.393,42.659,-1,物語はまだ続いてく,"[(7, '物語はまだ続'), (4, 'いてく')]",False,False,4
40.858,42.393,-1,物語はまだ続いてく,"[(7, '物語はまだ'), (4, '続いてく')]",False,False,4
40.424,40.858,-1,物語はまだ続いてく,"[(7, '物語はま'), (4, 'だ続いてく')]",False,False,4
39.79,40.424,-1,物語はまだ続いてく,"[(7, '物語は'), (4, 'まだ続いてく')]",False,False,4
39.323,39.79,-1,物語はまだ続いてく,"[(7, '物語'), (4, 'はまだ続いてく')]",False,False,4
38.889,39.323,-1,物語はまだ続いてく,"[(7, '物語'), (4, 'はまだ続いてく')]",False,False,4
38.555,38.889,-1,物語はまだ続いてく,"[(7, '物語'), (4, 'はまだ続いてく')]",False,False,4
38.222,38.555,-1,物語はまだ続いてく,"[(7, '物'), (4, '語はまだ続いてく')]",False,False,4
37.988,38.222,-1,物語はまだ続いてく,"[(7, '物'), (4, '語はまだ続いてく')]",False,True,4
115.532,117.334,-1,紡ぎだそうさぁ響けキミだけのメロディ,"[(7, '紡ぎだそうさぁ響けキミだけのメロディ')]",True,False,4
115.332,115.532,-1,紡ぎだそうさぁ響けキミだけのメロディ,"[(7, '紡ぎだそうさぁ響けキミだけのメロ'), (4, 'ディ')]",False,False,4
115.099,115.332,-1,紡ぎだそうさぁ響けキミだけのメロディ,"[(7, '紡ぎだそうさぁ響けキミだけのメ'), (4, 'ロディ')]",False,False,4
114.865,115.099,-1,紡ぎだそうさぁ響けキミだけのメロディ,"[(7, '紡ぎだそうさぁ響けキミだけの'), (4, 'メロディ')]",False,False,4
114.631,114.865,-1,紡ぎだそうさぁ響けキミだけのメロディ,"[(7, '紡ぎだそうさぁ響けキミだけ'), (4, 'のメロディ')]",False,False,4
114.431,114.631,-1,紡ぎだそうさぁ響けキミだけのメロディ,"[(7, '紡ぎだそうさぁ響けキミだ'), (4, 'けのメロディ')]",False,False,4
114.198,114.431,-1,紡ぎだそうさぁ響けキミだけのメロディ,"[(7, '紡ぎだそうさぁ響けキミ'), (4, 'だけのメロディ')]",False,False,4
113.997,114.198,-1,紡ぎだそうさぁ響けキミだけのメロディ,"[(7, '紡ぎだそうさぁ響けキ'), (4, 'ミだけのメロディ')]",False,False,4
113.764,113.997,-1,紡ぎだそうさぁ響けキミだけのメロディ,"[(7, '紡ぎだそうさぁ響け'), (4, 'キミだけのメロディ')]",False,False,4
113.564,113.764,-1,紡ぎだそうさぁ響けキミだけのメロディ,"[(7, '紡ぎだそうさぁ響'), (4, 'けキミだけのメロディ')]",False,False,4
113.263,113.564,-1,紡ぎだそうさぁ響けキミだけのメロディ,"[(7, '紡ぎだそうさぁ響'), (4, 'けキミだけのメロディ')]",False,False,4
111.995,113.263,-1,紡ぎだそうさぁ響けキミだけのメロディ,"[(7, '紡ぎだそうさぁ'), (4, '響けキミだけのメロディ')]",False,False,4
111.528,111.995,-1,紡ぎだそうさぁ響けキミだけのメロディ,"[(7, '紡ぎだそうさ'), (4, 'ぁ響けキミだけのメロディ')]",False,False,4
110.894,111.528,-1,紡ぎだそうさぁ響けキミだけのメロディ,"[(7, '紡ぎだそう'), (4, 'さぁ響けキミだけのメロディ')]",False,False,4
110.427,110.894,-1,紡ぎだそうさぁ響けキミだけのメロディ,"[(7, '紡ぎだそ'), (4, 'うさぁ響けキミだけのメロディ')]",False,False,4
110.027,110.427,-1,紡ぎだそうさぁ響けキミだけのメロディ,"[(7, '紡ぎだ'), (4, 'そうさぁ響けキミだけのメロディ')]",False,False,4
109.693,110.027,-1,紡ぎだそうさぁ響けキミだけのメロディ,"[(7, '紡ぎ'), (4, 'だそうさぁ響けキミだけのメロディ')]",False,False,4
109.326,109.693,-1,紡ぎだそうさぁ響けキミだけのメロディ,"[(7, '紡'), (4, 'ぎだそうさぁ響けキミだけのメロディ')]",False,False,4
109.126,109.326,-1,紡ぎだそうさぁ響けキミだけのメロディ,"[(7, '紡'), (4, 'ぎだそうさぁ響けキミだけのメロディ')]",False,True,4
147.564,148.198,-1,見てきたモノ感じたコト,"[(7, '見てきたモノ感じたコト')]",True,False,4
147.331,147.564,-1,見てきたモノ感じたコト,"[(7, '見てきたモノ感じたコ'), (4, 'ト')]",False,False,4
147.097,147.331,-1,見てきたモノ感じたコト,"[(7, '見てきたモノ感じた'), (4, 'コト')]",False,False,4
146.864,147.097,-1,見てきたモノ感じたコト,"[(7, '見てきたモノ感じ'), (4, 'たコト')]",False,False,4
146.663,146.864,-1,見てきたモノ感じたコト,"[(7, '見てきたモノ感'), (4, 'じたコト')]",False,False,4
146.43,146.663,-1,見てきたモノ感じたコト,"[(7, '見てきたモノ感'), (4, 'じたコト')]",False,False,4
145.796,146.43,-1,見てきたモノ感じたコト,"[(7, '見てきたモノ'), (4, '感じたコト')]",False,False,4
145.562,145.796,-1,見てきたモノ感じたコト,"[(7, '見てきたモ'), (4, 'ノ感じたコト')]",False,False,4
145.329,145.562,-1,見てきたモノ感じたコト,"[(7, '見てきた'), (4, 'モノ感じたコト')]",False,False,4
145.129,145.329,-1,見てきたモノ感じたコト,"[(7, '見てき'), (4, 'たモノ感じたコト')]",False,False,4
144.862,145.129,-1,見てきたモノ感じたコト,"[(7, '見て'), (4, 'きたモノ感じたコト')]",False,False,4
144.661,144.862,-1,見てきたモノ感じたコト,"[(7, '見'), (4, 'てきたモノ感じたコト')]",False,True,4
14.198,16.0,-1,角巻productionteam,"[(7, '角巻productionteam')]",True,True,0
1.785,16.0,0,角巻わため-キミだけのメロディ,"[(7, '角巻わため-キミだけのメロディ')]",True,True,0
150.868,151.768,-1,言葉にできなくても,"[(7, '言葉にできなくても')]",True,False,4
150.4,150.868,-1,言葉にできなくても,"[(7, '言葉にできなくて'), (4, 'も')]",False,False,4
150.0,150.4,-1,言葉にできなくても,"[(7, '言葉にできなく'), (4, 'ても')]",False,False,4
149.733,150.0,-1,言葉にできなくても,"[(7, '言葉にできな'), (4, 'くても')]",False,False,4
149.299,149.733,-1,言葉にできなくても,"[(7, '言葉にでき'), (4, 'なくても')]",False,False,4
149.099,149.299,-1,言葉にできなくても,"[(7, '言葉にで'), (4, 'きなくても')]",False,False,4
148.832,149.099,-1,言葉にできなくても,"[(7, '言葉に'), (4, 'できなくても')]",False,False,4
148.665,148.832,-1,言葉にできなくても,"[(7, '言葉'), (4, 'にできなくても')]",False,False,4
148.398,148.665,-1,言葉にできなくても,"[(7, '言'), (4, '葉にできなくても')]",False,False,4
148.198,148.398,-1,言葉にできなくても,"[(7, '言'), (4, '葉にできなくても')]",False,True,4
158.208,158.876,-1,詩に乗せて届けよう,"[(7, '詩に乗せて届けよう')]",True,False,4
157.975,158.208,-1,詩に乗せて届けよう,"[(7, '詩に乗せて届けよ'), (4, 'う')]",False,False,4
157.541,157.975,-1,詩に乗せて届けよう,"[(7, '詩に乗せて届け'), (4, 'よう')]",False,False,4
157.107,157.541,-1,詩に乗せて届けよう,"[(7, '詩に乗せて届'), (4, 'けよう')]",False,False,4
156.874,157.107,-1,詩に乗せて届けよう,"[(7, '詩に乗せて届'), (4, 'けよう')]",False,False,4
156.44,156.874,-1,詩に乗せて届けよう,"[(7, '詩に乗せて'), (4, '届けよう')]",False,False,4
156.206,156.44,-1,詩に乗せて届けよう,"[(7, '詩に乗せ'), (4, 'て届けよう')]",False,False,4
155.973,156.206,-1,詩に乗せて届けよう,"[(7, '詩に乗'), (4, 'せて届けよう')]",False,False,4
155.772,155.973,-1,詩に乗せて届けよう,"[(7, '詩に'), (4, '乗せて届けよう')]",False,False,4
155.539,155.772,-1,詩に乗せて届けよう,"[(7, '詩'), (4, 'に乗せて届けよう')]",False,False,4
155.339,155.539,-1,詩に乗せて届けよう,"[(7, '詩'), (4, 'に乗せて届けよう')]",False,True,4
71.121,71.989,-1,詩を唄い続けよう,"[(7, '詩を唄い続けよう')]",True,False,4
70.888,71.121,-1,詩を唄い続けよう,"[(7, '詩を唄い続けよ'), (4, 'う')]",False,False,4
70.454,70.888,-1,詩を唄い続けよう,"[(7, '詩を唄い続け'), (4, 'よう')]",False,False,4
69.987,70.454,-1,詩を唄い続けよう,"[(7, '詩を唄い続'), (4, 'けよう')]",False,False,4
69.753,69.987,-1,詩を唄い続けよう,"[(7, '詩を唄い続'), (4, 'けよう')]",False,False,4
69.319,69.753,-1,詩を唄い続けよう,"[(7, '詩を唄い'), (4, '続けよう')]",False,False,4
69.086,69.319,-1,詩を唄い続けよう,"[(7, '詩を唄'), (4, 'い続けよう')]",False,False,4
68.886,69.086,-1,詩を唄い続けよう,"[(7, '詩を唄'), (4, 'い続けよう')]",False,False,4
68.652,68.886,-1,詩を唄い続けよう,"[(7, '詩を'), (4, '唄い続けよう')]",False,False,4
68.452,68.652,-1,詩を唄い続けよう,"[(7, '詩'), (4, 'を唄い続けよう')]",False,False,4
68.218,68.452,-1,詩を唄い続けよう,"[(7, '詩'), (4, 'を唄い続けよう')]",False,True,4
172.389,173.29,-1,詩を歌い続けよう,"[(7, '詩を歌い続けよう')]",True,False,4
172.189,172.389,-1,詩を歌い続けよう,"[(7, '詩を歌い続けよ'), (4, 'う')]",False,False,4
171.755,172.189,-1,詩を歌い続けよう,"[(7, '詩を歌い続け'), (4, 'よう')]",False,False,4
171.321,171.755,-1,詩を歌い続けよう,"[(7, '詩を歌い続'), (4, 'けよう')]",False,False,4
171.088,171.321,-1,詩を歌い続けよう,"[(7, '詩を歌い続'), (4, 'けよう')]",False,False,4
170.654,171.088,-1,詩を歌い続けよう,"[(7, '詩を歌い'), (4, '続けよう')]",False,False,4
170.42,170.654,-1,詩を歌い続けよう,"[(7, '詩を歌'), (4, 'い続けよう')]",False,False,4
170.187,170.42,-1,詩を歌い続けよう,"[(7, '詩を歌'), (4, 'い続けよう')]",False,False,4
169.987,170.187,-1,詩を歌い続けよう,"[(7, '詩を'), (4, '歌い続けよう')]",False,False,4
169.753,169.987,-1,詩を歌い続けよう,"[(7, '詩'), (4, 'を歌い続けよう')]",False,False,4
169.52,169.753,-1,詩を歌い続けよう,"[(7, '詩'), (4, 'を歌い続けよう')]",False,True,4
21.105,23.774,-1,過ごしてきたたくさんの日々,"[(7, '過ごしてきたたくさんの日々')]",True,False,4
20.671,21.105,-1,過ごしてきたたくさんの日々,"[(7, '過ごしてきたたくさんの日'), (4, '々')]",False,False,4
20.237,20.671,-1,過ごしてきたたくさんの日々,"[(7, '過ごしてきたたくさんの'), (4, '日々')]",False,False,4
20.004,20.237,-1,過ごしてきたたくさんの日々,"[(7, '過ごしてきたたくさん'), (4, 'の日々')]",False,False,4
19.57,20.004,-1,過ごしてきたたくさんの日々,"[(7, '過ごしてきたたくさ'), (4, 'んの日々')]",False,False,4
19.336,19.57,-1,過ごしてきたたくさんの日々,"[(7, '過ごしてきたたく'), (4, 'さんの日々')]",False,False,4
19.103,19.336,-1,過ごしてきたたくさんの日々,"[(7, '過ごしてきたた'), (4, 'くさんの日々')]",False,False,4
18.435,19.103,-1,過ごしてきたたくさんの日々,"[(7, '過ごしてきた'), (4, 'たくさんの日々')]",False,False,4
17.968,18.435,-1,過ごしてきたたくさんの日々,"[(7, '過ごしてき'), (4, 'たたくさんの日々')]",False,False,4
17.568,17.968,-1,過ごしてきたたくさんの日々,"[(7, '過ごして'), (4, 'きたたくさんの日々')]",False,False,4
17.201,17.568,-1,過ごしてきたたくさんの日々,"[(7, '過ごし'), (4, 'てきたたくさんの日々')]",False,False,4
16.9,17.201,-1,過ごしてきたたくさんの日々,"[(7, '過ご'), (4, 'してきたたくさんの日々')]",False,False,4
16.533,16.9,-1,過ごしてきたたくさんの日々,"[(7, '過'), (4, 'ごしてきたたくさんの日々')]",False,True,4
83.3,85.335,64,響け,"[(7, '響け')]",True,False,4
83.0,83.3,64,響け,"[(7, '響'), (4, 'け')]",False,False,4
82.666,83.0,64,響け,"[(7, '響'), (4, 'け')]",False,False,4
79.763,82.199,-1,響け,"[(7, '響け')]",False,False,4
79.463,79.763,-1,響け,"[(7, '響'), (4, 'け')]",False,False,4
79.096,79.463,-1,響け,"[(7, '響'), (4, 'け')]",False,True,4
186.436,187.304,-1,響けほら,"[(7, '響けほら')]",True,False,4
186.17,186.436,-1,響けほら,"[(7, '響けほ'), (4, 'ら')]",False,False,4
184.635,186.17,-1,響けほら,"[(7, '響け'), (4, 'ほら')]",False,False,4
184.334,184.635,-1,響けほら,"[(7, '響'), (4, 'けほら')]",False,False,4
183.967,184.334,-1,響けほら,"[(7, '響'), (4, 'けほら')]",False,True,4
