start,end,line,unformatted,segments,ref_start,ref_end,common_number
72.89,73.323,85,(fu),"[(3, '(fu)')]",True,False,0
72.022,72.456,85,(fu),"[(3, '(fu)')]",False,True,0
98.749,99.483,85,(hey),"[(3, '(hey)')]",True,False,0
41.792,42.459,85,(hey),"[(3, '(hey)')]",False,True,0
67.718,67.918,85,(ohyeah),"[(3, '(ohyeah)')]",True,False,2
67.518,67.718,85,(ohyeah),"[(3, '(ohye'), (2, 'ah)')]",False,False,2
67.084,67.518,85,(ohyeah),"[(3, '(oh'), (2, 'yeah)')]",False,False,2
10.761,11.362,85,(ohyeah),"[(3, '(ohyeah)')]",False,False,2
10.527,10.761,85,(ohyeah),"[(3, '(ohye'), (2, 'ah)')]",False,False,2
10.094,10.527,85,(ohyeah),"[(3, '(oh'), (2, 'yeah)')]",False,True,2
55.606,55.873,85,(wooh),"[(3, '(wooh)')]",True,False,2
55.406,55.606,85,(wooh),"[(3, '(wo'), (2, 'oh)')]",False,False,2
53.904,54.338,85,(wooh),"[(3, '(wooh)')]",False,False,2
53.704,53.904,85,(wooh),"[(3, '(wo'), (2, 'oh)')]",False,True,2
48.932,49.366,85,(シンパシー),"[(3, '(シンパシー)')]",True,False,2
48.732,48.932,85,(シンパシー),"[(3, '(シンパ'), (2, 'シー)')]",False,False,2
48.499,48.732,85,(シンパシー),"[(3, '(シン'), (2, 'パシー)')]",False,False,2
48.298,48.499,85,(シンパシー),"[(3, '(シ'), (2, 'ンパシー)')]",False,True,2
57.574,57.808,85,(ドキドキ),"[(3, '(ドキドキ)')]",True,False,2
57.241,57.574,85,(ドキドキ),"[(3, '(ドキド'), (2, 'キ)')]",False,False,2
57.141,57.241,85,(ドキドキ),"[(3, '(ドキ'), (2, 'ドキ)')]",False,False,2
56.907,57.141,85,(ドキドキ),"[(3, '(ド'), (2, 'キドキ)')]",False,True,2
28.245,28.645,85,(ページ),"[(3, '(ページ)')]",True,False,2
27.911,28.245,85,(ページ),"[(3, '(ペー'), (2, 'ジ)')]",False,False,2
27.578,27.911,85,(ページ),"[(3, '(ペ'), (2, 'ージ)')]",False,True,2
45.496,45.896,85,(メロディ),"[(3, '(メロディ)')]",True,False,2
45.262,45.496,85,(メロディ),"[(3, '(メロ'), (2, 'ディ)')]",False,False,2
44.828,45.262,85,(メロディ),"[(3, '(メ'), (2, 'ロディ)')]",False,True,2
35.152,35.552,85,(超えて),"[(3, '(超えて)')]",True,False,2
34.818,35.152,85,(超えて),"[(3, '(超え'), (2, 'て)')]",False,False,2
34.485,34.818,85,(超えて),"[(3, '(超'), (2, 'えて)')]",False,True,2
60.377,60.577,85,ah...,"[(3, 'ah...')]",True,False,0
59.943,60.577,85,ah...,"[(3, 'ah...')]",False,False,0
59.476,60.577,85,ah...,"[(3, 'ah...')]",False,True,0
44.628,45.896,0,ahみえなくたって,"[(3, 'ahみえなくたって')]",True,False,2
44.395,44.628,0,ahみえなくたって,"[(3, 'ahみえなくたっ'), (2, 'て')]",False,False,2
43.961,44.395,0,ahみえなくたって,"[(3, 'ahみえなくた'), (2, 'って')]",False,False,2
43.761,43.961,0,ahみえなくたって,"[(3, 'ahみえなく'), (2, 'たって')]",False,False,2
43.527,43.761,0,ahみえなくたって,"[(3, 'ahみえな'), (2, 'くたって')]",False,False,2
43.327,43.527,0,ahみえなくたって,"[(3, 'ahみえ'), (2, 'なくたって')]",False,False,2
43.093,43.327,0,ahみえなくたって,"[(3, 'ahみ'), (2, 'えなくたって')]",False,False,2
42.459,43.093,0,ahみえなくたって,"[(3, 'ah'), (2, 'みえなくたって')]",False,True,2
44.628,45.896,-1,ah見えなくたって,"[(3, 'ah見えなくたって')]",True,False,2
44.395,44.628,-1,ah見えなくたって,"[(3, 'ah見えなくたっ'), (2, 'て')]",False,False,2
43.961,44.395,-1,ah見えなくたって,"[(3, 'ah見えなくた'), (2, 'って')]",False,False,2
43.761,43.961,-1,ah見えなくたって,"[(3, 'ah見えなく'), (2, 'たって')]",False,False,2
43.527,43.761,-1,ah見えなくたって,"[(3, 'ah見えな'), (2, 'くたって')]",False,False,2
43.327,43.527,-1,ah見えなくたって,"[(3, 'ah見え'), (2, 'なくたって')]",False,False,2
43.093,43.327,-1,ah見えなくたって,"[(3, 'ah見'), (2, 'えなくたって')]",False,False,2
42.459,43.093,-1,ah見えなくたって,"[(3, 'ah'), (2, '見えなくたって')]",False,True,2
34.251,35.552,0,flyじげんもこえて,"[(3, 'flyじげんもこえて')]",True,False,2
33.917,34.251,0,flyじげんもこえて,"[(3, 'flyじげんもこえ'), (2, 'て')]",False,False,2
33.617,33.917,0,flyじげんもこえて,"[(3, 'flyじげんもこ'), (2, 'えて')]",False,False,2
33.384,33.617,0,flyじげんもこえて,"[(3, 'flyじげんも'), (2, 'こえて')]",False,False,2
33.083,33.384,0,flyじげんもこえて,"[(3, 'flyじげん'), (2, 'もこえて')]",False,False,2
32.75,33.083,0,flyじげんもこえて,"[(3, 'flyじげ'), (2, 'んもこえて')]",False,False,2
32.516,32.75,0,flyじげんもこえて,"[(3, 'flyじ'), (2, 'げんもこえて')]",False,False,2
31.882,32.516,0,flyじげんもこえて,"[(3, 'fly'), (2, 'じげんもこえて')]",False,True,2
34.251,35.552,-1,fly次元も超えて,"[(3, 'fly次元も超えて')]",True,False,2
33.917,34.251,-1,fly次元も超えて,"[(3, 'fly次元も超え'), (2, 'て')]",False,False,2
33.617,33.917,-1,fly次元も超えて,"[(3, 'fly次元も超'), (2, 'えて')]",False,False,2
33.384,33.617,-1,fly次元も超えて,"[(3, 'fly次元も'), (2, '超えて')]",False,False,2
33.083,33.384,-1,fly次元も超えて,"[(3, 'fly次元'), (2, 'も超えて')]",False,False,2
32.75,33.083,-1,fly次元も超えて,"[(3, 'fly次元'), (2, 'も超えて')]",False,False,2
32.516,32.75,-1,fly次元も超えて,"[(3, 'fly次'), (2, '元も超えて')]",False,False,2
31.882,32.516,-1,fly次元も超えて,"[(3, 'fly'), (2, '次元も超えて')]",False,True,2
77.961,78.495,0,hihihi!さいこう,"[(3, 'hihihi!さいこう')]",True,False,2
77.694,77.961,0,hihihi!さいこう,"[(3, 'hihihi!さい'), (2, 'こう')]",False,False,2
77.428,77.694,0,hihihi!さいこう,"[(3, 'hihihi!さ'), (2, 'いこう')]",False,False,2
77.194,77.428,0,hihihi!さいこう,"[(3, 'hihihi!'), (2, 'さいこう')]",False,False,2
76.96,77.194,0,hihihi!さいこう,"[(3, 'hihi'), (2, 'hi!さいこう')]",False,False,2
76.56,76.96,0,hihihi!さいこう,"[(3, 'hi'), (2, 'hihi!さいこう')]",False,True,2
64.148,64.681,0,hihihi!はなて,"[(3, 'hihihi!はなて')]",True,False,2
63.814,64.148,0,hihihi!はなて,"[(3, 'hihihi!はな'), (2, 'て')]",False,False,2
63.614,63.814,0,hihihi!はなて,"[(3, 'hihihi!は'), (2, 'なて')]",False,False,2
63.38,63.614,0,hihihi!はなて,"[(3, 'hihihi!'), (2, 'はなて')]",False,False,2
63.18,63.38,0,hihihi!はなて,"[(3, 'hihi'), (2, 'hi!はなて')]",False,False,2
62.746,63.18,0,hihihi!はなて,"[(3, 'hi'), (2, 'hihi!はなて')]",False,True,2
64.148,64.681,-1,hihihi!放て,"[(3, 'hihihi!放て')]",True,False,2
63.814,64.148,-1,hihihi!放て,"[(3, 'hihihi!放'), (2, 'て')]",False,False,2
63.614,63.814,-1,hihihi!放て,"[(3, 'hihihi!放'), (2, 'て')]",False,False,2
63.38,63.614,-1,hihihi!放て,"[(3, 'hihihi!'), (2, '放て')]",False,False,2
63.18,63.38,-1,hihihi!放て,"[(3, 'hihi'), (2, 'hi!放て')]",False,False,2
62.746,63.18,-1,hihihi!放て,"[(3, 'hi'), (2, 'hihi!放て')]",False,True,2
77.961,78.495,-1,hihihi!最高,"[(3, 'hihihi!最高')]",True,False,2
77.694,77.961,-1,hihihi!最高,"[(3, 'hihihi!最'), (2, '高')]",False,False,2
77.428,77.694,-1,hihihi!最高,"[(3, 'hihihi!最'), (2, '高')]",False,False,2
77.194,77.428,-1,hihihi!最高,"[(3, 'hihihi!'), (2, '最高')]",False,False,2
76.96,77.194,-1,hihihi!最高,"[(3, 'hihi'), (2, 'hi!最高')]",False,False,2
76.56,76.96,-1,hihihi!最高,"[(3, 'hi'), (2, 'hihi!最高')]",False,True,2
21.538,23.24,-1,movie:よし,"[(3, 'movie:よし')]",True,True,0
27.378,28.645,0,whiteまっしろぺーじ,"[(3, 'whiteまっしろぺーじ')]",True,False,2
27.044,27.378,0,whiteまっしろぺーじ,"[(3, 'whiteまっしろぺー'), (2, 'じ')]",False,False,2
26.71,27.044,0,whiteまっしろぺーじ,"[(3, 'whiteまっしろぺ'), (2, 'ーじ')]",False,False,2
26.51,26.71,0,whiteまっしろぺーじ,"[(3, 'whiteまっしろ'), (2, 'ぺーじ')]",False,False,2
26.176,26.51,0,whiteまっしろぺーじ,"[(3, 'whiteまっし'), (2, 'ろぺーじ')]",False,False,2
25.843,26.176,0,whiteまっしろぺーじ,"[(3, 'whiteまっ'), (2, 'しろぺーじ')]",False,False,2
25.642,25.843,0,whiteまっしろぺーじ,"[(3, 'whiteま'), (2, 'っしろぺーじ')]",False,False,2
24.975,25.642,0,whiteまっしろぺーじ,"[(3, 'white'), (2, 'まっしろぺーじ')]",False,True,2
27.378,28.645,-1,white真っ白ページ,"[(3, 'white真っ白ページ')]",True,False,2
27.044,27.378,-1,white真っ白ページ,"[(3, 'white真っ白ペー'), (2, 'ジ')]",False,False,2
26.71,27.044,-1,white真っ白ページ,"[(3, 'white真っ白ペ'), (2, 'ージ')]",False,False,2
26.51,26.71,-1,white真っ白ページ,"[(3, 'white真っ白'), (2, 'ページ')]",False,False,2
26.176,26.51,-1,white真っ白ページ,"[(3, 'white真っ白'), (2, 'ページ')]",False,False,2
25.843,26.176,-1,white真っ白ページ,"[(3, 'white真っ'), (2, '白ページ')]",False,False,2
25.642,25.843,-1,white真っ白ページ,"[(3, 'white真'), (2, 'っ白ページ')]",False,False,2
24.975,25.642,-1,white真っ白ページ,"[(3, 'white'), (2, '真っ白ページ')]",False,True,2
41.392,42.459,0,あたらしいみらいへ,"[(3, 'あたらしいみらいへ')]",True,False,2
40.958,41.392,0,あたらしいみらいへ,"[(3, 'あたらしいみらい'), (2, 'へ')]",False,False,2
40.524,40.958,0,あたらしいみらいへ,"[(3, 'あたらしいみら'), (2, 'いへ')]",False,False,2
40.29,40.524,0,あたらしいみらいへ,"[(3, 'あたらしいみ'), (2, 'らいへ')]",False,False,2
39.99,40.29,0,あたらしいみらいへ,"[(3, 'あたらしい'), (2, 'みらいへ')]",False,False,2
39.656,39.99,0,あたらしいみらいへ,"[(3, 'あたらし'), (2, 'いみらいへ')]",False,False,2
39.456,39.656,0,あたらしいみらいへ,"[(3, 'あたら'), (2, 'しいみらいへ')]",False,False,2
39.123,39.456,0,あたらしいみらいへ,"[(3, 'あた'), (2, 'らしいみらいへ')]",False,False,2
38.789,39.123,0,あたらしいみらいへ,"[(3, 'あ'), (2, 'たらしいみらいへ')]",False,True,2
62.413,62.746,0,いくよはいてんしょん！もっと,"[(3, 'いくよはいてんしょん！もっと')]",True,False,2
62.112,62.413,0,いくよはいてんしょん！もっと,"[(3, 'いくよはいてんしょん！もっ'), (2, 'と')]",False,False,2
61.879,62.112,0,いくよはいてんしょん！もっと,"[(3, 'いくよはいてんしょん！も'), (2, 'っと')]",False,False,2
61.645,61.879,0,いくよはいてんしょん！もっと,"[(3, 'いくよはいてんしょん！'), (2, 'もっと')]",False,False,2
61.445,61.645,0,いくよはいてんしょん！もっと,"[(3, 'いくよはいてん'), (2, 'しょん！もっと')]",False,False,2
61.245,61.445,0,いくよはいてんしょん！もっと,"[(3, 'いくよはい'), (2, 'てんしょん！もっと')]",False,False,2
61.011,61.245,0,いくよはいてんしょん！もっと,"[(3, 'いくよ'), (2, 'はいてんしょん！もっと')]",False,False,2
60.811,61.011,0,いくよはいてんしょん！もっと,"[(3, 'いく'), (2, 'よはいてんしょん！もっと')]",False,False,2
60.577,60.811,0,いくよはいてんしょん！もっと,"[(3, 'い'), (2, 'くよはいてんしょん！もっと')]",False,True,2
62.413,62.746,-1,いくよハイテンション！もっと,"[(3, 'いくよハイテンション！もっと')]",True,False,2
62.112,62.413,-1,いくよハイテンション！もっと,"[(3, 'いくよハイテンション！もっ'), (2, 'と')]",False,False,2
61.879,62.112,-1,いくよハイテンション！もっと,"[(3, 'いくよハイテンション！も'), (2, 'っと')]",False,False,2
61.645,61.879,-1,いくよハイテンション！もっと,"[(3, 'いくよハイテンション！'), (2, 'もっと')]",False,False,2
61.445,61.645,-1,いくよハイテンション！もっと,"[(3, 'いくよハイテン'), (2, 'ション！もっと')]",False,False,2
61.245,61.445,-1,いくよハイテンション！もっと,"[(3, 'いくよハイ'), (2, 'テンション！もっと')]",False,False,2
61.011,61.245,-1,いくよハイテンション！もっと,"[(3, 'いくよ'), (2, 'ハイテンション！もっと')]",False,False,2
60.811,61.011,-1,いくよハイテンション！もっと,"[(3, 'いく'), (2, 'よハイテンション！もっと')]",False,False,2
60.577,60.811,-1,いくよハイテンション！もっと,"[(3, 'い'), (2, 'くよハイテンション！もっと')]",False,True,2
31.448,31.882,0,いまごせんふがしゅつげんだ,"[(3, 'いまごせんふがしゅつげんだ')]",True,False,2
31.248,31.448,0,いまごせんふがしゅつげんだ,"[(3, 'いまごせんふがしゅつげん'), (2, 'だ')]",False,False,2
30.814,31.248,0,いまごせんふがしゅつげんだ,"[(3, 'いまごせんふがしゅつげ'), (2, 'んだ')]",False,False,2
30.481,30.814,0,いまごせんふがしゅつげんだ,"[(3, 'いまごせんふがしゅつ'), (2, 'げんだ')]",False,False,2
30.147,30.481,0,いまごせんふがしゅつげんだ,"[(3, 'いまごせんふがしゅ'), (2, 'つげんだ')]",False,False,2
29.947,30.147,0,いまごせんふがしゅつげんだ,"[(3, 'いまごせんふが'), (2, 'しゅつげんだ')]",False,False,2
29.613,29.947,0,いまごせんふがしゅつげんだ,"[(3, 'いまごせんふ'), (2, 'がしゅつげんだ')]",False,False,2
29.279,29.613,0,いまごせんふがしゅつげんだ,"[(3, 'いまごせん'), (2, 'ふがしゅつげんだ')]",False,False,2
29.079,29.279,0,いまごせんふがしゅつげんだ,"[(3, 'いまご'), (2, 'せんふがしゅつげんだ')]",False,False,2
28.846,29.079,0,いまごせんふがしゅつげんだ,"[(3, 'いま'), (2, 'ごせんふがしゅつげんだ')]",False,False,2
28.645,28.846,0,いまごせんふがしゅつげんだ,"[(3, 'い'), (2, 'まごせんふがしゅつげんだ')]",False,True,2
31.448,31.882,-1,いま五線譜が出現だ,"[(3, 'いま五線譜が出現だ')]",True,False,2
31.248,31.448,-1,いま五線譜が出現だ,"[(3, 'いま五線譜が出現'), (2, 'だ')]",False,False,2
30.814,31.248,-1,いま五線譜が出現だ,"[(3, 'いま五線譜が出現'), (2, 'だ')]",False,False,2
30.481,30.814,-1,いま五線譜が出現だ,"[(3, 'いま五線譜が出'), (2, '現だ')]",False,False,2
30.147,30.481,-1,いま五線譜が出現だ,"[(3, 'いま五線譜が出'), (2, '現だ')]",False,False,2
29.947,30.147,-1,いま五線譜が出現だ,"[(3, 'いま五線譜が'), (2, '出現だ')]",False,False,2
29.613,29.947,-1,いま五線譜が出現だ,"[(3, 'いま五線譜'), (2, 'が出現だ')]",False,False,2
29.279,29.613,-1,いま五線譜が出現だ,"[(3, 'いま五線'), (2, '譜が出現だ')]",False,False,2
29.079,29.279,-1,いま五線譜が出現だ,"[(3, 'いま五'), (2, '線譜が出現だ')]",False,False,2
28.846,29.079,-1,いま五線譜が出現だ,"[(3, 'いま'), (2, '五線譜が出現だ')]",False,False,2
28.645,28.846,-1,いま五線譜が出現だ,"[(3, 'い'), (2, 'ま五線譜が出現だ')]",False,True,2
51.735,52.403,0,いろとりどりのゆめ,"[(3, 'いろとりどりのゆめ')]",True,False,2
51.301,51.735,0,いろとりどりのゆめ,"[(3, 'いろとりどりのゆ'), (2, 'め')]",False,False,2
50.868,51.301,0,いろとりどりのゆめ,"[(3, 'いろとりどりの'), (2, 'ゆめ')]",False,False,2
50.667,50.868,0,いろとりどりのゆめ,"[(3, 'いろとりどり'), (2, 'のゆめ')]",False,False,2
50.434,50.667,0,いろとりどりのゆめ,"[(3, 'いろとりど'), (2, 'りのゆめ')]",False,False,2
50.234,50.434,0,いろとりどりのゆめ,"[(3, 'いろとり'), (2, 'どりのゆめ')]",False,False,2
50.0,50.234,0,いろとりどりのゆめ,"[(3, 'いろと'), (2, 'りどりのゆめ')]",False,False,2
49.8,50.0,0,いろとりどりのゆめ,"[(3, 'いろ'), (2, 'とりどりのゆめ')]",False,False,2
49.366,49.8,0,いろとりどりのゆめ,"[(3, 'い'), (2, 'ろとりどりのゆめ')]",False,True,2
9.259,11.362,0,うたえやおどれ,"[(3, 'うたえやおどれ')]",True,False,2
9.026,9.259,0,うたえやおどれ,"[(3, 'うたえやおど'), (2, 'れ')]",False,False,2
8.592,9.026,0,うたえやおどれ,"[(3, 'うたえやお'), (2, 'どれ')]",False,False,2
8.359,8.592,0,うたえやおどれ,"[(3, 'うたえや'), (2, 'おどれ')]",False,False,2
8.158,8.359,0,うたえやおどれ,"[(3, 'うたえ'), (2, 'やおどれ')]",False,False,2
7.958,8.158,0,うたえやおどれ,"[(3, 'うた'), (2, 'えやおどれ')]",False,False,2
7.725,7.958,0,うたえやおどれ,"[(3, 'う'), (2, 'たえやおどれ')]",False,True,2
81.065,82.166,0,えがおみてたいだから,"[(3, 'えがおみてたいだから')]",True,False,2
80.964,81.065,0,えがおみてたいだから,"[(3, 'えがおみてたいだか'), (2, 'ら')]",False,False,2
80.864,80.964,0,えがおみてたいだから,"[(3, 'えがおみてたいだ'), (2, 'から')]",False,False,2
79.997,80.864,0,えがおみてたいだから,"[(3, 'えがおみてたい'), (2, 'だから')]",False,False,2
79.797,79.997,0,えがおみてたいだから,"[(3, 'えがおみてた'), (2, 'いだから')]",False,False,2
79.363,79.797,0,えがおみてたいだから,"[(3, 'えがおみて'), (2, 'たいだから')]",False,False,2
79.129,79.363,0,えがおみてたいだから,"[(3, 'えがおみ'), (2, 'てたいだから')]",False,False,2
78.929,79.129,0,えがおみてたいだから,"[(3, 'えがお'), (2, 'みてたいだから')]",False,False,2
78.695,78.929,0,えがおみてたいだから,"[(3, 'えが'), (2, 'おみてたいだから')]",False,False,2
78.495,78.695,0,えがおみてたいだから,"[(3, 'え'), (2, 'がおみてたいだから')]",False,True,2
66.183,67.918,0,おとにあわせて,"[(3, 'おとにあわせて')]",True,False,2
65.983,66.183,0,おとにあわせて,"[(3, 'おとにあわせ'), (2, 'て')]",False,False,2
65.549,65.983,0,おとにあわせて,"[(3, 'おとにあわ'), (2, 'せて')]",False,False,2
65.315,65.549,0,おとにあわせて,"[(3, 'おとにあ'), (2, 'わせて')]",False,False,2
65.115,65.315,0,おとにあわせて,"[(3, 'おとに'), (2, 'あわせて')]",False,False,2
64.915,65.115,0,おとにあわせて,"[(3, 'おと'), (2, 'にあわせて')]",False,False,2
64.681,64.915,0,おとにあわせて,"[(3, 'お'), (2, 'とにあわせて')]",False,True,2
38.389,38.789,0,きみとおもいでかさねたら,"[(3, 'きみとおもいでかさねたら')]",True,False,2
37.955,38.389,0,きみとおもいでかさねたら,"[(3, 'きみとおもいでかさねた'), (2, 'ら')]",False,False,2
37.721,37.955,0,きみとおもいでかさねたら,"[(3, 'きみとおもいでかさね'), (2, 'たら')]",False,False,2
37.388,37.721,0,きみとおもいでかさねたら,"[(3, 'きみとおもいでかさ'), (2, 'ねたら')]",False,False,2
37.087,37.388,0,きみとおもいでかさねたら,"[(3, 'きみとおもいでか'), (2, 'さねたら')]",False,False,2
36.854,37.087,0,きみとおもいでかさねたら,"[(3, 'きみとおもいで'), (2, 'かさねたら')]",False,False,2
36.587,36.854,0,きみとおもいでかさねたら,"[(3, 'きみとおもい'), (2, 'でかさねたら')]",False,False,2
36.42,36.587,0,きみとおもいでかさねたら,"[(3, 'きみとおも'), (2, 'いでかさねたら')]",False,False,2
36.22,36.42,0,きみとおもいでかさねたら,"[(3, 'きみとお'), (2, 'もいでかさねたら')]",False,False,2
36.02,36.22,0,きみとおもいでかさねたら,"[(3, 'きみと'), (2, 'おもいでかさねたら')]",False,False,2
35.786,36.02,0,きみとおもいでかさねたら,"[(3, 'きみ'), (2, 'とおもいでかさねたら')]",False,False,2
35.552,35.786,0,きみとおもいでかさねたら,"[(3, 'き'), (2, 'みとおもいでかさねたら')]",False,True,2
84.301,84.968,0,このときがいっつしょーたいむ,"[(3, 'このときがいっつしょーたいむ')]",True,False,2
83.901,84.301,0,このときがいっつしょーたいむ,"[(3, 'このときがいっつしょー'), (2, 'たいむ')]",False,False,2
83.467,83.901,0,このときがいっつしょーたいむ,"[(3, 'このときがいっつ'), (2, 'しょーたいむ')]",False,False,2
83.133,83.467,0,このときがいっつしょーたいむ,"[(3, 'このときが'), (2, 'いっつしょーたいむ')]",False,False,2
82.8,83.133,0,このときがいっつしょーたいむ,"[(3, 'このとき'), (2, 'がいっつしょーたいむ')]",False,False,2
82.599,82.8,0,このときがいっつしょーたいむ,"[(3, 'このと'), (2, 'きがいっつしょーたいむ')]",False,False,2
82.366,82.599,0,このときがいっつしょーたいむ,"[(3, 'この'), (2, 'ときがいっつしょーたいむ')]",False,False,2
82.166,82.366,0,このときがいっつしょーたいむ,"[(3, 'こ'), (2, 'のときがいっつしょーたいむ')]",False,True,2
84.301,84.968,-1,この時がイッツショータイム,"[(3, 'この時がイッツショータイム')]",True,False,2
83.901,84.301,-1,この時がイッツショータイム,"[(3, 'この時がイッツショー'), (2, 'タイム')]",False,False,2
83.467,83.901,-1,この時がイッツショータイム,"[(3, 'この時がイッツ'), (2, 'ショータイム')]",False,False,2
83.133,83.467,-1,この時がイッツショータイム,"[(3, 'この時が'), (2, 'イッツショータイム')]",False,False,2
82.8,83.133,-1,この時がイッツショータイム,"[(3, 'この時'), (2, 'がイッツショータイム')]",False,False,2
82.599,82.8,-1,この時がイッツショータイム,"[(3, 'この時'), (2, 'がイッツショータイム')]",False,False,2
82.366,82.599,-1,この時がイッツショータイム,"[(3, 'この'), (2, '時がイッツショータイム')]",False,False,2
82.166,82.366,-1,この時がイッツショータイム,"[(3, 'こ'), (2, 'の時がイッツショータイム')]",False,True,2
74.591,75.059,0,だからしゃきっむねはってこーgo!,"[(3, 'だからしゃきっむねはってこーgo!')]",True,False,2
74.191,74.591,0,だからしゃきっむねはってこーgo!,"[(3, 'だからしゃきっむねはってこー'), (2, 'go!')]",False,False,2
73.957,74.191,0,だからしゃきっむねはってこーgo!,"[(3, 'だからしゃきっむねはって'), (2, 'こーgo!')]",False,False,2
73.624,73.957,0,だからしゃきっむねはってこーgo!,"[(3, 'だからしゃきっむねはっ'), (2, 'てこーgo!')]",False,False,2
73.323,73.624,0,だからしゃきっむねはってこーgo!,"[(3, 'だからしゃきっむね'), (2, 'はってこーgo!')]",False,False,2
73.09,73.323,0,だからしゃきっむねはってこーgo!,"[(3, 'だからしゃきっむ'), (2, 'ねはってこーgo!')]",False,False,2
72.456,73.09,0,だからしゃきっむねはってこーgo!,"[(3, 'だからしゃきっ'), (2, 'むねはってこーgo!')]",False,False,2
72.222,72.456,0,だからしゃきっむねはってこーgo!,"[(3, 'だからしゃ'), (2, 'きっむねはってこーgo!')]",False,False,2
71.588,72.222,0,だからしゃきっむねはってこーgo!,"[(3, 'だから'), (2, 'しゃきっむねはってこーgo!')]",False,False,2
71.488,71.588,0,だからしゃきっむねはってこーgo!,"[(3, 'だか'), (2, 'らしゃきっむねはってこーgo!')]",False,False,2
71.355,71.488,0,だからしゃきっむねはってこーgo!,"[(3, 'だ'), (2, 'からしゃきっむねはってこーgo!')]",False,True,2
74.591,75.059,-1,だからシャキッ胸張ってこーgo!,"[(3, 'だからシャキッ胸張ってこーgo!')]",True,False,2
74.191,74.591,-1,だからシャキッ胸張ってこーgo!,"[(3, 'だからシャキッ胸張ってこー'), (2, 'go!')]",False,False,2
73.957,74.191,-1,だからシャキッ胸張ってこーgo!,"[(3, 'だからシャキッ胸張って'), (2, 'こーgo!')]",False,False,2
73.624,73.957,-1,だからシャキッ胸張ってこーgo!,"[(3, 'だからシャキッ胸張っ'), (2, 'てこーgo!')]",False,False,2
73.323,73.624,-1,だからシャキッ胸張ってこーgo!,"[(3, 'だからシャキッ胸'), (2, '張ってこーgo!')]",False,False,2
73.09,73.323,-1,だからシャキッ胸張ってこーgo!,"[(3, 'だからシャキッ胸'), (2, '張ってこーgo!')]",False,False,2
72.456,73.09,-1,だからシャキッ胸張ってこーgo!,"[(3, 'だからシャキッ'), (2, '胸張ってこーgo!')]",False,False,2
72.222,72.456,-1,だからシャキッ胸張ってこーgo!,"[(3, 'だからシャ'), (2, 'キッ胸張ってこーgo!')]",False,False,2
71.588,72.222,-1,だからシャキッ胸張ってこーgo!,"[(3, 'だから'), (2, 'シャキッ胸張ってこーgo!')]",False,False,2
71.488,71.588,-1,だからシャキッ胸張ってこーgo!,"[(3, 'だか'), (2, 'らシャキッ胸張ってこーgo!')]",False,False,2
71.355,71.488,-1,だからシャキッ胸張ってこーgo!,"[(3, 'だ'), (2, 'からシャキッ胸張ってこーgo!')]",False,True,2
13.53,14.164,0,ちきゅうごとれっつしょーたいむ,"[(3, 'ちきゅうごとれっつしょーたいむ')]",True,False,2
13.097,13.53,0,ちきゅうごとれっつしょーたいむ,"[(3, 'ちきゅうごとれっつしょー'), (2, 'たいむ')]",False,False,2
12.663,13.097,0,ちきゅうごとれっつしょーたいむ,"[(3, 'ちきゅうごとれっつ'), (2, 'しょーたいむ')]",False,False,2
12.329,12.663,0,ちきゅうごとれっつしょーたいむ,"[(3, 'ちきゅうごと'), (2, 'れっつしょーたいむ')]",False,False,2
12.029,12.329,0,ちきゅうごとれっつしょーたいむ,"[(3, 'ちきゅうご'), (2, 'とれっつしょーたいむ')]",False,False,2
11.795,12.029,0,ちきゅうごとれっつしょーたいむ,"[(3, 'ちきゅう'), (2, 'ごとれっつしょーたいむ')]",False,False,2
11.595,11.795,0,ちきゅうごとれっつしょーたいむ,"[(3, 'ちきゅ'), (2, 'うごとれっつしょーたいむ')]",False,False,2
11.362,11.595,0,ちきゅうごとれっつしょーたいむ,"[(3, 'ち'), (2, 'きゅうごとれっつしょーたいむ')]",False,True,2
88.005,88.639,0,であえたきせきにすまいりー,"[(3, 'であえたきせきにすまいりー')]",True,False,2
87.771,88.005,0,であえたきせきにすまいりー,"[(3, 'であえたきせきにすまい'), (2, 'りー')]",False,False,2
87.438,87.771,0,であえたきせきにすまいりー,"[(3, 'であえたきせきにすま'), (2, 'いりー')]",False,False,2
87.137,87.438,0,であえたきせきにすまいりー,"[(3, 'であえたきせきにす'), (2, 'まいりー')]",False,False,2
86.904,87.137,0,であえたきせきにすまいりー,"[(3, 'であえたきせきに'), (2, 'すまいりー')]",False,False,2
86.603,86.904,0,であえたきせきにすまいりー,"[(3, 'であえたきせき'), (2, 'にすまいりー')]",False,False,2
86.47,86.603,0,であえたきせきにすまいりー,"[(3, 'であえたきせ'), (2, 'きにすまいりー')]",False,False,2
86.27,86.47,0,であえたきせきにすまいりー,"[(3, 'であえたき'), (2, 'せきにすまいりー')]",False,False,2
85.836,86.27,0,であえたきせきにすまいりー,"[(3, 'であえた'), (2, 'きせきにすまいりー')]",False,False,2
85.402,85.836,0,であえたきせきにすまいりー,"[(3, 'であえ'), (2, 'たきせきにすまいりー')]",False,False,2
85.202,85.402,0,であえたきせきにすまいりー,"[(3, 'であ'), (2, 'えたきせきにすまいりー')]",False,False,2
84.968,85.202,0,であえたきせきにすまいりー,"[(3, 'で'), (2, 'あえたきせきにすまいりー')]",False,True,2
17.201,18.068,0,とびきりのまつりはじめよう,"[(3, 'とびきりのまつりはじめよう')]",True,False,2
16.967,17.201,0,とびきりのまつりはじめよう,"[(3, 'とびきりのまつりはじめ'), (2, 'よう')]",False,False,2
16.7,16.967,0,とびきりのまつりはじめよう,"[(3, 'とびきりのまつりはじ'), (2, 'めよう')]",False,False,2
16.433,16.7,0,とびきりのまつりはじめよう,"[(3, 'とびきりのまつりは'), (2, 'じめよう')]",False,False,2
16.133,16.433,0,とびきりのまつりはじめよう,"[(3, 'とびきりのまつり'), (2, 'はじめよう')]",False,False,2
15.799,16.133,0,とびきりのまつりはじめよう,"[(3, 'とびきりのまつ'), (2, 'りはじめよう')]",False,False,2
15.699,15.799,0,とびきりのまつりはじめよう,"[(3, 'とびきりのま'), (2, 'つりはじめよう')]",False,False,2
15.466,15.699,0,とびきりのまつりはじめよう,"[(3, 'とびきりの'), (2, 'まつりはじめよう')]",False,False,2
15.032,15.466,0,とびきりのまつりはじめよう,"[(3, 'とびきり'), (2, 'のまつりはじめよう')]",False,False,2
14.598,15.032,0,とびきりのまつりはじめよう,"[(3, 'とびき'), (2, 'りのまつりはじめよう')]",False,False,2
14.398,14.598,0,とびきりのまつりはじめよう,"[(3, 'とび'), (2, 'きりのまつりはじめよう')]",False,False,2
14.164,14.398,0,とびきりのまつりはじめよう,"[(3, 'と'), (2, 'びきりのまつりはじめよう')]",False,True,2
17.201,18.068,-1,とびきりの祭り始めよう,"[(3, 'とびきりの祭り始めよう')]",True,False,2
16.967,17.201,-1,とびきりの祭り始めよう,"[(3, 'とびきりの祭り始め'), (2, 'よう')]",False,False,2
16.7,16.967,-1,とびきりの祭り始めよう,"[(3, 'とびきりの祭り始'), (2, 'めよう')]",False,False,2
16.433,16.7,-1,とびきりの祭り始めよう,"[(3, 'とびきりの祭り始'), (2, 'めよう')]",False,False,2
16.133,16.433,-1,とびきりの祭り始めよう,"[(3, 'とびきりの祭り'), (2, '始めよう')]",False,False,2
15.799,16.133,-1,とびきりの祭り始めよう,"[(3, 'とびきりの祭'), (2, 'り始めよう')]",False,False,2
15.699,15.799,-1,とびきりの祭り始めよう,"[(3, 'とびきりの祭'), (2, 'り始めよう')]",False,False,2
15.466,15.699,-1,とびきりの祭り始めよう,"[(3, 'とびきりの'), (2, '祭り始めよう')]",False,False,2
15.032,15.466,-1,とびきりの祭り始めよう,"[(3, 'とびきり'), (2, 'の祭り始めよう')]",False,False,2
14.598,15.032,-1,とびきりの祭り始めよう,"[(3, 'とびき'), (2, 'りの祭り始めよう')]",False,False,2
14.398,14.598,-1,とびきりの祭り始めよう,"[(3, 'とび'), (2, 'きりの祭り始めよう')]",False,False,2
14.164,14.398,-1,とびきりの祭り始めよう,"[(3, 'と'), (2, 'びきりの祭り始めよう')]",False,True,2
48.065,49.366,0,なんでだろつたわる,"[(3, 'なんでだろつたわる')]",True,False,2
47.831,48.065,0,なんでだろつたわる,"[(3, 'なんでだろつたわ'), (2, 'る')]",False,False,2
47.431,47.831,0,なんでだろつたわる,"[(3, 'なんでだろつた'), (2, 'わる')]",False,False,2
47.197,47.431,0,なんでだろつたわる,"[(3, 'なんでだろつ'), (2, 'たわる')]",False,False,2
46.964,47.197,0,なんでだろつたわる,"[(3, 'なんでだろ'), (2, 'つたわる')]",False,False,2
46.764,46.964,0,なんでだろつたわる,"[(3, 'なんでだ'), (2, 'ろつたわる')]",False,False,2
46.563,46.764,0,なんでだろつたわる,"[(3, 'なんで'), (2, 'だろつたわる')]",False,False,2
46.33,46.563,0,なんでだろつたわる,"[(3, 'なん'), (2, 'でだろつたわる')]",False,False,2
45.896,46.33,0,なんでだろつたわる,"[(3, 'な'), (2, 'んでだろつたわる')]",False,True,2
48.065,49.366,-1,なんでだろ伝わる,"[(3, 'なんでだろ伝わる')]",True,False,2
47.831,48.065,-1,なんでだろ伝わる,"[(3, 'なんでだろ伝わ'), (2, 'る')]",False,False,2
47.431,47.831,-1,なんでだろ伝わる,"[(3, 'なんでだろ伝'), (2, 'わる')]",False,False,2
47.197,47.431,-1,なんでだろ伝わる,"[(3, 'なんでだろ伝'), (2, 'わる')]",False,False,2
46.964,47.197,-1,なんでだろ伝わる,"[(3, 'なんでだろ'), (2, '伝わる')]",False,False,2
46.764,46.964,-1,なんでだろ伝わる,"[(3, 'なんでだ'), (2, 'ろ伝わる')]",False,False,2
46.563,46.764,-1,なんでだろ伝わる,"[(3, 'なんで'), (2, 'だろ伝わる')]",False,False,2
46.33,46.563,-1,なんでだろ伝わる,"[(3, 'なん'), (2, 'でだろ伝わる')]",False,False,2
45.896,46.33,-1,なんでだろ伝わる,"[(3, 'な'), (2, 'んでだろ伝わる')]",False,True,2
76.226,76.56,0,はいてんしょん！いーねっ,"[(3, 'はいてんしょん！いーねっ')]",True,False,2
75.926,76.226,0,はいてんしょん！いーねっ,"[(3, 'はいてんしょん！いー'), (2, 'ねっ')]",False,False,2
75.726,75.926,0,はいてんしょん！いーねっ,"[(3, 'はいてんしょん！い'), (2, 'ーねっ')]",False,False,2
75.459,75.726,0,はいてんしょん！いーねっ,"[(3, 'はいてんしょん！'), (2, 'いーねっ')]",False,False,2
75.259,75.459,0,はいてんしょん！いーねっ,"[(3, 'はいてん'), (2, 'しょん！いーねっ')]",False,False,2
75.059,75.259,0,はいてんしょん！いーねっ,"[(3, 'はい'), (2, 'てんしょん！いーねっ')]",False,True,2
55.205,55.873,0,はなびみたいうちあがる,"[(3, 'はなびみたいうちあがる')]",True,False,2
55.005,55.205,0,はなびみたいうちあがる,"[(3, 'はなびみたいうちあが'), (2, 'る')]",False,False,2
54.671,55.005,0,はなびみたいうちあがる,"[(3, 'はなびみたいうちあ'), (2, 'がる')]",False,False,2
54.338,54.671,0,はなびみたいうちあがる,"[(3, 'はなびみたいうち'), (2, 'あがる')]",False,False,2
54.138,54.338,0,はなびみたいうちあがる,"[(3, 'はなびみたいう'), (2, 'ちあがる')]",False,False,2
53.704,54.138,0,はなびみたいうちあがる,"[(3, 'はなびみたい'), (2, 'うちあがる')]",False,False,2
53.504,53.704,0,はなびみたいうちあがる,"[(3, 'はなびみた'), (2, 'いうちあがる')]",False,False,2
53.27,53.504,0,はなびみたいうちあがる,"[(3, 'はなびみ'), (2, 'たいうちあがる')]",False,False,2
52.936,53.27,0,はなびみたいうちあがる,"[(3, 'はなび'), (2, 'みたいうちあがる')]",False,False,2
52.636,52.936,0,はなびみたいうちあがる,"[(3, 'はな'), (2, 'びみたいうちあがる')]",False,False,2
52.403,52.636,0,はなびみたいうちあがる,"[(3, 'は'), (2, 'なびみたいうちあがる')]",False,True,2
7.191,7.725,0,ぱっとまんかいえがおさかせ,"[(3, 'ぱっとまんかいえがおさかせ')]",True,False,2
6.857,7.191,0,ぱっとまんかいえがおさかせ,"[(3, 'ぱっとまんかいえがおさか'), (2, 'せ')]",False,False,2
6.623,6.857,0,ぱっとまんかいえがおさかせ,"[(3, 'ぱっとまんかいえがおさ'), (2, 'かせ')]",False,False,2
6.423,6.623,0,ぱっとまんかいえがおさかせ,"[(3, 'ぱっとまんかいえがお'), (2, 'さかせ')]",False,False,2
6.223,6.423,0,ぱっとまんかいえがおさかせ,"[(3, 'ぱっとまんかいえが'), (2, 'おさかせ')]",False,False,2
5.789,6.223,0,ぱっとまんかいえがおさかせ,"[(3, 'ぱっとまんかいえ'), (2, 'がおさかせ')]",False,False,2
5.456,5.789,0,ぱっとまんかいえがおさかせ,"[(3, 'ぱっとまんかい'), (2, 'えがおさかせ')]",False,False,2
5.155,5.456,0,ぱっとまんかいえがおさかせ,"[(3, 'ぱっとまん'), (2, 'かいえがおさかせ')]",False,False,2
4.922,5.155,0,ぱっとまんかいえがおさかせ,"[(3, 'ぱっとま'), (2, 'んかいえがおさかせ')]",False,False,2
4.722,4.922,0,ぱっとまんかいえがおさかせ,"[(3, 'ぱっと'), (2, 'まんかいえがおさかせ')]",False,False,2
4.488,4.722,0,ぱっとまんかいえがおさかせ,"[(3, 'ぱっ'), (2, 'とまんかいえがおさかせ')]",False,False,2
4.254,4.488,0,ぱっとまんかいえがおさかせ,"[(3, 'ぱ'), (2, 'っとまんかいえがおさかせ')]",False,True,2
98.348,99.483,0,まつりがつれてくよほらてをつなごう,"[(3, 'まつりがつれてくよほらてをつなごう')]",True,False,2
98.115,98.348,0,まつりがつれてくよほらてをつなごう,"[(3, 'まつりがつれてくよほらてをつな'), (2, 'ごう')]",False,False,2
97.815,98.115,0,まつりがつれてくよほらてをつなごう,"[(3, 'まつりがつれてくよほらてをつ'), (2, 'なごう')]",False,False,2
97.481,97.815,0,まつりがつれてくよほらてをつなごう,"[(3, 'まつりがつれてくよほらてを'), (2, 'つなごう')]",False,False,2
97.247,97.481,0,まつりがつれてくよほらてをつなごう,"[(3, 'まつりがつれてくよほらて'), (2, 'をつなごう')]",False,False,2
96.613,97.247,0,まつりがつれてくよほらてをつなごう,"[(3, 'まつりがつれてくよほら'), (2, 'てをつなごう')]",False,False,2
96.413,96.613,0,まつりがつれてくよほらてをつなごう,"[(3, 'まつりがつれてくよほ'), (2, 'らてをつなごう')]",False,False,2
95.746,96.413,0,まつりがつれてくよほらてをつなごう,"[(3, 'まつりがつれてくよ'), (2, 'ほらてをつなごう')]",False,False,2
95.312,95.746,0,まつりがつれてくよほらてをつなごう,"[(3, 'まつりがつれてく'), (2, 'よほらてをつなごう')]",False,False,2
94.912,95.312,0,まつりがつれてくよほらてをつなごう,"[(3, 'まつりがつれて'), (2, 'くよほらてをつなごう')]",False,False,2
94.478,94.912,0,まつりがつれてくよほらてをつなごう,"[(3, 'まつりがつれ'), (2, 'てくよほらてをつなごう')]",False,False,2
94.044,94.478,0,まつりがつれてくよほらてをつなごう,"[(3, 'まつりがつ'), (2, 'れてくよほらてをつなごう')]",False,False,2
93.61,94.044,0,まつりがつれてくよほらてをつなごう,"[(3, 'まつりが'), (2, 'つれてくよほらてをつなごう')]",False,False,2
92.309,93.61,0,まつりがつれてくよほらてをつなごう,"[(3, 'まつり'), (2, 'がつれてくよほらてをつなごう')]",False,False,2
92.209,92.309,0,まつりがつれてくよほらてをつなごう,"[(3, 'まつ'), (2, 'りがつれてくよほらてをつなごう')]",False,False,2
92.076,92.209,0,まつりがつれてくよほらてをつなごう,"[(3, 'ま'), (2, 'つりがつれてくよほらてをつなごう')]",False,True,2
98.348,99.483,-1,まつりが連れてくよほら手を繋ごう,"[(3, 'まつりが連れてくよほら手を繋ごう')]",True,False,2
98.115,98.348,-1,まつりが連れてくよほら手を繋ごう,"[(3, 'まつりが連れてくよほら手を繋'), (2, 'ごう')]",False,False,2
97.815,98.115,-1,まつりが連れてくよほら手を繋ごう,"[(3, 'まつりが連れてくよほら手を繋'), (2, 'ごう')]",False,False,2
97.481,97.815,-1,まつりが連れてくよほら手を繋ごう,"[(3, 'まつりが連れてくよほら手を'), (2, '繋ごう')]",False,False,2
97.247,97.481,-1,まつりが連れてくよほら手を繋ごう,"[(3, 'まつりが連れてくよほら手'), (2, 'を繋ごう')]",False,False,2
96.613,97.247,-1,まつりが連れてくよほら手を繋ごう,"[(3, 'まつりが連れてくよほら'), (2, '手を繋ごう')]",False,False,2
96.413,96.613,-1,まつりが連れてくよほら手を繋ごう,"[(3, 'まつりが連れてくよほ'), (2, 'ら手を繋ごう')]",False,False,2
95.746,96.413,-1,まつりが連れてくよほら手を繋ごう,"[(3, 'まつりが連れてくよ'), (2, 'ほら手を繋ごう')]",False,False,2
95.312,95.746,-1,まつりが連れてくよほら手を繋ごう,"[(3, 'まつりが連れてく'), (2, 'よほら手を繋ごう')]",False,False,2
94.912,95.312,-1,まつりが連れてくよほら手を繋ごう,"[(3, 'まつりが連れて'), (2, 'くよほら手を繋ごう')]",False,False,2
94.478,94.912,-1,まつりが連れてくよほら手を繋ごう,"[(3, 'まつりが連れ'), (2, 'てくよほら手を繋ごう')]",False,False,2
94.044,94.478,-1,まつりが連れてくよほら手を繋ごう,"[(3, 'まつりが連'), (2, 'れてくよほら手を繋ごう')]",False,False,2
93.61,94.044,-1,まつりが連れてくよほら手を繋ごう,"[(3, 'まつりが'), (2, '連れてくよほら手を繋ごう')]",False,False,2
92.309,93.61,-1,まつりが連れてくよほら手を繋ごう,"[(3, 'まつり'), (2, 'が連れてくよほら手を繋ごう')]",False,False,2
92.209,92.309,-1,まつりが連れてくよほら手を繋ごう,"[(3, 'まつ'), (2, 'りが連れてくよほら手を繋ごう')]",False,False,2
92.076,92.209,-1,まつりが連れてくよほら手を繋ごう,"[(3, 'ま'), (2, 'つりが連れてくよほら手を繋ごう')]",False,True,2
91.442,92.076,0,みんなでいろどるひすとりー,"[(3, 'みんなでいろどるひすとりー')]",True,False,2
91.208,91.442,0,みんなでいろどるひすとりー,"[(3, 'みんなでいろどるひすと'), (2, 'りー')]",False,False,2
90.908,91.208,0,みんなでいろどるひすとりー,"[(3, 'みんなでいろどるひす'), (2, 'とりー')]",False,False,2
90.574,90.908,0,みんなでいろどるひすとりー,"[(3, 'みんなでいろどるひ'), (2, 'すとりー')]",False,False,2
90.374,90.574,0,みんなでいろどるひすとりー,"[(3, 'みんなでいろどる'), (2, 'ひすとりー')]",False,False,2
90.04,90.374,0,みんなでいろどるひすとりー,"[(3, 'みんなでいろど'), (2, 'るひすとりー')]",False,False,2
89.94,90.04,0,みんなでいろどるひすとりー,"[(3, 'みんなでいろ'), (2, 'どるひすとりー')]",False,False,2
89.706,89.94,0,みんなでいろどるひすとりー,"[(3, 'みんなでい'), (2, 'ろどるひすとりー')]",False,False,2
89.306,89.706,0,みんなでいろどるひすとりー,"[(3, 'みんなで'), (2, 'いろどるひすとりー')]",False,False,2
88.872,89.306,0,みんなでいろどるひすとりー,"[(3, 'みんな'), (2, 'でいろどるひすとりー')]",False,False,2
88.772,88.872,0,みんなでいろどるひすとりー,"[(3, 'みん'), (2, 'なでいろどるひすとりー')]",False,False,2
88.639,88.772,0,みんなでいろどるひすとりー,"[(3, 'み'), (2, 'んなでいろどるひすとりー')]",False,True,2
91.442,92.076,-1,みんなで彩るヒストリー,"[(3, 'みんなで彩るヒストリー')]",True,False,2
91.208,91.442,-1,みんなで彩るヒストリー,"[(3, 'みんなで彩るヒスト'), (2, 'リー')]",False,False,2
90.908,91.208,-1,みんなで彩るヒストリー,"[(3, 'みんなで彩るヒス'), (2, 'トリー')]",False,False,2
90.574,90.908,-1,みんなで彩るヒストリー,"[(3, 'みんなで彩るヒ'), (2, 'ストリー')]",False,False,2
90.374,90.574,-1,みんなで彩るヒストリー,"[(3, 'みんなで彩る'), (2, 'ヒストリー')]",False,False,2
90.04,90.374,-1,みんなで彩るヒストリー,"[(3, 'みんなで彩'), (2, 'るヒストリー')]",False,False,2
89.94,90.04,-1,みんなで彩るヒストリー,"[(3, 'みんなで彩'), (2, 'るヒストリー')]",False,False,2
89.706,89.94,-1,みんなで彩るヒストリー,"[(3, 'みんなで彩'), (2, 'るヒストリー')]",False,False,2
89.306,89.706,-1,みんなで彩るヒストリー,"[(3, 'みんなで'), (2, '彩るヒストリー')]",False,False,2
88.872,89.306,-1,みんなで彩るヒストリー,"[(3, 'みんな'), (2, 'で彩るヒストリー')]",False,False,2
88.772,88.872,-1,みんなで彩るヒストリー,"[(3, 'みん'), (2, 'なで彩るヒストリー')]",False,False,2
88.639,88.772,-1,みんなで彩るヒストリー,"[(3, 'み'), (2, 'んなで彩るヒストリー')]",False,True,2
58.675,59.476,0,わくわくまくあけだ,"[(3, 'わくわくまくあけだ')]",True,False,2
58.475,58.675,0,わくわくまくあけだ,"[(3, 'わくわくまくあけ'), (2, 'だ')]",False,False,2
58.242,58.475,0,わくわくまくあけだ,"[(3, 'わくわくまくあ'), (2, 'けだ')]",False,False,2
58.008,58.242,0,わくわくまくあけだ,"[(3, 'わくわくまく'), (2, 'あけだ')]",False,False,2
57.808,58.008,0,わくわくまくあけだ,"[(3, 'わくわくま'), (2, 'くあけだ')]",False,False,2
56.74,57.808,0,わくわくまくあけだ,"[(3, 'わくわく'), (2, 'まくあけだ')]",False,False,2
56.373,56.74,0,わくわくまくあけだ,"[(3, 'わくわ'), (2, 'くまくあけだ')]",False,False,2
56.073,56.373,0,わくわくまくあけだ,"[(3, 'わく'), (2, 'わくまくあけだ')]",False,False,2
55.873,56.073,0,わくわくまくあけだ,"[(3, 'わ'), (2, 'くわくまくあけだ')]",False,True,2
70.521,71.355,0,わたしもここならしゅじんこう,"[(3, 'わたしもここならしゅじんこう')]",True,False,2
70.287,70.521,0,わたしもここならしゅじんこう,"[(3, 'わたしもここならしゅじん'), (2, 'こう')]",False,False,2
70.087,70.287,0,わたしもここならしゅじんこう,"[(3, 'わたしもここならしゅじ'), (2, 'んこう')]",False,False,2
69.653,70.087,0,わたしもここならしゅじんこう,"[(3, 'わたしもここならしゅ'), (2, 'じんこう')]",False,False,2
69.453,69.653,0,わたしもここならしゅじんこう,"[(3, 'わたしもここなら'), (2, 'しゅじんこう')]",False,False,2
69.219,69.453,0,わたしもここならしゅじんこう,"[(3, 'わたしもここな'), (2, 'らしゅじんこう')]",False,False,2
68.786,69.219,0,わたしもここならしゅじんこう,"[(3, 'わたしもここ'), (2, 'ならしゅじんこう')]",False,False,2
68.585,68.786,0,わたしもここならしゅじんこう,"[(3, 'わたしもこ'), (2, 'こならしゅじんこう')]",False,False,2
68.352,68.585,0,わたしもここならしゅじんこう,"[(3, 'わたしも'), (2, 'ここならしゅじんこう')]",False,False,2
68.152,68.352,0,わたしもここならしゅじんこう,"[(3, 'わたし'), (2, 'もここならしゅじんこう')]",False,False,2
68.018,68.152,0,わたしもここならしゅじんこう,"[(3, 'わた'), (2, 'しもここならしゅじんこう')]",False,False,2
67.918,68.018,0,わたしもここならしゅじんこう,"[(3, 'わ'), (2, 'たしもここならしゅじんこう')]",False,True,2
41.392,42.459,-1,アタラシイミライへ,"[(3, 'アタラシイミライへ')]",True,False,2
40.958,41.392,-1,アタラシイミライへ,"[(3, 'アタラシイミライ'), (2, 'へ')]",False,False,2
40.524,40.958,-1,アタラシイミライへ,"[(3, 'アタラシイミラ'), (2, 'イへ')]",False,False,2
40.29,40.524,-1,アタラシイミライへ,"[(3, 'アタラシイミ'), (2, 'ライへ')]",False,False,2
39.99,40.29,-1,アタラシイミライへ,"[(3, 'アタラシイ'), (2, 'ミライへ')]",False,False,2
39.656,39.99,-1,アタラシイミライへ,"[(3, 'アタラシ'), (2, 'イミライへ')]",False,False,2
39.456,39.656,-1,アタラシイミライへ,"[(3, 'アタラ'), (2, 'シイミライへ')]",False,False,2
39.123,39.456,-1,アタラシイミライへ,"[(3, 'アタ'), (2, 'ラシイミライへ')]",False,False,2
38.789,39.123,-1,アタラシイミライへ,"[(3, 'ア'), (2, 'タラシイミライへ')]",False,True,2
76.226,76.56,-1,ハイテンション！いーねっ,"[(3, 'ハイテンション！いーねっ')]",True,False,2
75.926,76.226,-1,ハイテンション！いーねっ,"[(3, 'ハイテンション！いー'), (2, 'ねっ')]",False,False,2
75.726,75.926,-1,ハイテンション！いーねっ,"[(3, 'ハイテンション！い'), (2, 'ーねっ')]",False,False,2
75.459,75.726,-1,ハイテンション！いーねっ,"[(3, 'ハイテンション！'), (2, 'いーねっ')]",False,False,2
75.259,75.459,-1,ハイテンション！いーねっ,"[(3, 'ハイテン'), (2, 'ション！いーねっ')]",False,False,2
75.059,75.259,-1,ハイテンション！いーねっ,"[(3, 'ハイ'), (2, 'テンション！いーねっ')]",False,True,2
7.191,7.725,-1,パッと満開笑顔咲かせ,"[(3, 'パッと満開笑顔咲かせ')]",True,False,2
6.857,7.191,-1,パッと満開笑顔咲かせ,"[(3, 'パッと満開笑顔咲か'), (2, 'せ')]",False,False,2
6.623,6.857,-1,パッと満開笑顔咲かせ,"[(3, 'パッと満開笑顔咲'), (2, 'かせ')]",False,False,2
6.423,6.623,-1,パッと満開笑顔咲かせ,"[(3, 'パッと満開笑顔'), (2, '咲かせ')]",False,False,2
6.223,6.423,-1,パッと満開笑顔咲かせ,"[(3, 'パッと満開笑顔'), (2, '咲かせ')]",False,False,2
5.789,6.223,-1,パッと満開笑顔咲かせ,"[(3, 'パッと満開笑'), (2, '顔咲かせ')]",False,False,2
5.456,5.789,-1,パッと満開笑顔咲かせ,"[(3, 'パッと満開'), (2, '笑顔咲かせ')]",False,False,2
5.155,5.456,-1,パッと満開笑顔咲かせ,"[(3, 'パッと満'), (2, '開笑顔咲かせ')]",False,False,2
4.922,5.155,-1,パッと満開笑顔咲かせ,"[(3, 'パッと満'), (2, '開笑顔咲かせ')]",False,False,2
4.722,4.922,-1,パッと満開笑顔咲かせ,"[(3, 'パッと'), (2, '満開笑顔咲かせ')]",False,False,2
4.488,4.722,-1,パッと満開笑顔咲かせ,"[(3, 'パッ'), (2, 'と満開笑顔咲かせ')]",False,False,2
4.254,4.488,-1,パッと満開笑顔咲かせ,"[(3, 'パ'), (2, 'ッと満開笑顔咲かせ')]",False,True,2
58.675,59.476,-1,ワクワク幕開けだ,"[(3, 'ワクワク幕開けだ')]",True,False,2
58.475,58.675,-1,ワクワク幕開けだ,"[(3, 'ワクワク幕開け'), (2, 'だ')]",False,False,2
58.242,58.475,-1,ワクワク幕開けだ,"[(3, 'ワクワク幕開'), (2, 'けだ')]",False,False,2
58.008,58.242,-1,ワクワク幕開けだ,"[(3, 'ワクワク幕'), (2, '開けだ')]",False,False,2
57.808,58.008,-1,ワクワク幕開けだ,"[(3, 'ワクワク幕'), (2, '開けだ')]",False,False,2
56.74,57.808,-1,ワクワク幕開けだ,"[(3, 'ワクワク'), (2, '幕開けだ')]",False,False,2
56.373,56.74,-1,ワクワク幕開けだ,"[(3, 'ワクワ'), (2, 'ク幕開けだ')]",False,False,2
56.073,56.373,-1,ワクワク幕開けだ,"[(3, 'ワク'), (2, 'ワク幕開けだ')]",False,False,2
55.873,56.073,-1,ワクワク幕開けだ,"[(3, 'ワ'), (2, 'クワク幕開けだ')]",False,True,2
19.803,21.538,-1,作曲、編曲:アッシュ井上,"[(3, '作曲、編曲:アッシュ井上')]",True,True,0
18.068,19.803,-1,作詞:しらゆき美優,"[(3, '作詞:しらゆき美優')]",True,True,0
88.005,88.639,-1,出逢えた奇跡にスマイリー,"[(3, '出逢えた奇跡にスマイリー')]",True,False,2
87.771,88.005,-1,出逢えた奇跡にスマイリー,"[(3, '出逢えた奇跡にスマイ'), (2, 'リー')]",False,False,2
87.438,87.771,-1,出逢えた奇跡にスマイリー,"[(3, '出逢えた奇跡にスマ'), (2, 'イリー')]",False,False,2
87.137,87.438,-1,出逢えた奇跡にスマイリー,"[(3, '出逢えた奇跡にス'), (2, 'マイリー')]",False,False,2
86.904,87.137,-1,出逢えた奇跡にスマイリー,"[(3, '出逢えた奇跡に'), (2, 'スマイリー')]",False,False,2
86.603,86.904,-1,出逢えた奇跡にスマイリー,"[(3, '出逢えた奇跡'), (2, 'にスマイリー')]",False,False,2
86.47,86.603,-1,出逢えた奇跡にスマイリー,"[(3, '出逢えた奇跡'), (2, 'にスマイリー')]",False,False,2
86.27,86.47,-1,出逢えた奇跡にスマイリー,"[(3, '出逢えた奇'), (2, '跡にスマイリー')]",False,False,2
85.836,86.27,-1,出逢えた奇跡にスマイリー,"[(3, '出逢えた'), (2, '奇跡にスマイリー')]",False,False,2
85.402,85.836,-1,出逢えた奇跡にスマイリー,"[(3, '出逢え'), (2, 'た奇跡にスマイリー')]",False,False,2
85.202,85.402,-1,出逢えた奇跡にスマイリー,"[(3, '出逢'), (2, 'えた奇跡にスマイリー')]",False,False,2
84.968,85.202,-1,出逢えた奇跡にスマイリー,"[(3, '出'), (2, '逢えた奇跡にスマイリー')]",False,True,2
38.389,38.789,-1,君と思い出重ねたら,"[(3, '君と思い出重ねたら')]",True,False,2
37.955,38.389,-1,君と思い出重ねたら,"[(3, '君と思い出重ねた'), (2, 'ら')]",False,False,2
37.721,37.955,-1,君と思い出重ねたら,"[(3, '君と思い出重ね'), (2, 'たら')]",False,False,2
37.388,37.721,-1,君と思い出重ねたら,"[(3, '君と思い出重'), (2, 'ねたら')]",False,False,2
37.087,37.388,-1,君と思い出重ねたら,"[(3, '君と思い出重'), (2, 'ねたら')]",False,False,2
36.854,37.087,-1,君と思い出重ねたら,"[(3, '君と思い出'), (2, '重ねたら')]",False,False,2
36.587,36.854,-1,君と思い出重ねたら,"[(3, '君と思い'), (2, '出重ねたら')]",False,False,2
36.42,36.587,-1,君と思い出重ねたら,"[(3, '君と思'), (2, 'い出重ねたら')]",False,False,2
36.22,36.42,-1,君と思い出重ねたら,"[(3, '君と思'), (2, 'い出重ねたら')]",False,False,2
36.02,36.22,-1,君と思い出重ねたら,"[(3, '君と'), (2, '思い出重ねたら')]",False,False,2
35.786,36.02,-1,君と思い出重ねたら,"[(3, '君'), (2, 'と思い出重ねたら')]",False,False,2
35.552,35.786,-1,君と思い出重ねたら,"[(3, '君'), (2, 'と思い出重ねたら')]",False,True,2
13.53,14.164,-1,地球ごとレッツショータイム,"[(3, '地球ごとレッツショータイム')]",True,False,2
13.097,13.53,-1,地球ごとレッツショータイム,"[(3, '地球ごとレッツショー'), (2, 'タイム')]",False,False,2
12.663,13.097,-1,地球ごとレッツショータイム,"[(3, '地球ごとレッツ'), (2, 'ショータイム')]",False,False,2
12.329,12.663,-1,地球ごとレッツショータイム,"[(3, '地球ごと'), (2, 'レッツショータイム')]",False,False,2
12.029,12.329,-1,地球ごとレッツショータイム,"[(3, '地球ご'), (2, 'とレッツショータイム')]",False,False,2
11.795,12.029,-1,地球ごとレッツショータイム,"[(3, '地球'), (2, 'ごとレッツショータイム')]",False,False,2
11.595,11.795,-1,地球ごとレッツショータイム,"[(3, '地球'), (2, 'ごとレッツショータイム')]",False,False,2
11.362,11.595,-1,地球ごとレッツショータイム,"[(3, '地'), (2, '球ごとレッツショータイム')]",False,True,2
18.068,23.24,0,夏色まつり-hihiハイテンション！,"[(3, '夏色まつり-hihiハイテンション！')]",True,True,0
9.259,11.362,-1,歌えや踊れ,"[(3, '歌えや踊れ')]",True,False,2
9.026,9.259,-1,歌えや踊れ,"[(3, '歌えや踊'), (2, 'れ')]",False,False,2
8.592,9.026,-1,歌えや踊れ,"[(3, '歌えや踊'), (2, 'れ')]",False,False,2
8.359,8.592,-1,歌えや踊れ,"[(3, '歌えや'), (2, '踊れ')]",False,False,2
8.158,8.359,-1,歌えや踊れ,"[(3, '歌え'), (2, 'や踊れ')]",False,False,2
7.958,8.158,-1,歌えや踊れ,"[(3, '歌'), (2, 'えや踊れ')]",False,False,2
7.725,7.958,-1,歌えや踊れ,"[(3, '歌'), (2, 'えや踊れ')]",False,True,2
70.521,71.355,-1,私もここなら主人公,"[(3, '私もここなら主人公')]",True,False,2
70.287,70.521,-1,私もここなら主人公,"[(3, '私もここなら主人'), (2, '公')]",False,False,2
70.087,70.287,-1,私もここなら主人公,"[(3, '私もここなら主人'), (2, '公')]",False,False,2
69.653,70.087,-1,私もここなら主人公,"[(3, '私もここなら主'), (2, '人公')]",False,False,2
69.453,69.653,-1,私もここなら主人公,"[(3, '私もここなら'), (2, '主人公')]",False,False,2
69.219,69.453,-1,私もここなら主人公,"[(3, '私もここな'), (2, 'ら主人公')]",False,False,2
68.786,69.219,-1,私もここなら主人公,"[(3, '私もここ'), (2, 'なら主人公')]",False,False,2
68.585,68.786,-1,私もここなら主人公,"[(3, '私もこ'), (2, 'こなら主人公')]",False,False,2
68.352,68.585,-1,私もここなら主人公,"[(3, '私も'), (2, 'ここなら主人公')]",False,False,2
68.152,68.352,-1,私もここなら主人公,"[(3, '私'), (2, 'もここなら主人公')]",False,False,2
68.018,68.152,-1,私もここなら主人公,"[(3, '私'), (2, 'もここなら主人公')]",False,False,2
67.918,68.018,-1,私もここなら主人公,"[(3, '私'), (2, 'もここなら主人公')]",False,True,2
81.065,82.166,-1,笑顔見てたいだから,"[(3, '笑顔見てたいだから')]",True,False,2
80.964,81.065,-1,笑顔見てたいだから,"[(3, '笑顔見てたいだか'), (2, 'ら')]",False,False,2
80.864,80.964,-1,笑顔見てたいだから,"[(3, '笑顔見てたいだ'), (2, 'から')]",False,False,2
79.997,80.864,-1,笑顔見てたいだから,"[(3, '笑顔見てたい'), (2, 'だから')]",False,False,2
79.797,79.997,-1,笑顔見てたいだから,"[(3, '笑顔見てた'), (2, 'いだから')]",False,False,2
79.363,79.797,-1,笑顔見てたいだから,"[(3, '笑顔見て'), (2, 'たいだから')]",False,False,2
79.129,79.363,-1,笑顔見てたいだから,"[(3, '笑顔見'), (2, 'てたいだから')]",False,False,2
78.929,79.129,-1,笑顔見てたいだから,"[(3, '笑顔'), (2, '見てたいだから')]",False,False,2
78.695,78.929,-1,笑顔見てたいだから,"[(3, '笑顔'), (2, '見てたいだから')]",False,False,2
78.495,78.695,-1,笑顔見てたいだから,"[(3, '笑'), (2, '顔見てたいだから')]",False,True,2
51.301,52.403,-1,色とりどりの夢,"[(3, '色とりどりの夢')]",True,False,2
50.868,51.301,-1,色とりどりの夢,"[(3, '色とりどりの'), (2, '夢')]",False,False,2
50.667,50.868,-1,色とりどりの夢,"[(3, '色とりどり'), (2, 'の夢')]",False,False,2
50.434,50.667,-1,色とりどりの夢,"[(3, '色とりど'), (2, 'りの夢')]",False,False,2
50.234,50.434,-1,色とりどりの夢,"[(3, '色とり'), (2, 'どりの夢')]",False,False,2
50.0,50.234,-1,色とりどりの夢,"[(3, '色と'), (2, 'りどりの夢')]",False,False,2
49.8,50.0,-1,色とりどりの夢,"[(3, '色'), (2, 'とりどりの夢')]",False,False,2
49.366,49.8,-1,色とりどりの夢,"[(3, '色'), (2, 'とりどりの夢')]",False,True,2
55.205,55.873,-1,花火みたい打ち上がる,"[(3, '花火みたい打ち上がる')]",True,False,2
55.005,55.205,-1,花火みたい打ち上がる,"[(3, '花火みたい打ち上が'), (2, 'る')]",False,False,2
54.671,55.005,-1,花火みたい打ち上がる,"[(3, '花火みたい打ち上'), (2, 'がる')]",False,False,2
54.338,54.671,-1,花火みたい打ち上がる,"[(3, '花火みたい打ち'), (2, '上がる')]",False,False,2
54.138,54.338,-1,花火みたい打ち上がる,"[(3, '花火みたい打'), (2, 'ち上がる')]",False,False,2
53.704,54.138,-1,花火みたい打ち上がる,"[(3, '花火みたい'), (2, '打ち上がる')]",False,False,2
53.504,53.704,-1,花火みたい打ち上がる,"[(3, '花火みた'), (2, 'い打ち上がる')]",False,False,2
53.27,53.504,-1,花火みたい打ち上がる,"[(3, '花火み'), (2, 'たい打ち上がる')]",False,False,2
52.936,53.27,-1,花火みたい打ち上がる,"[(3, '花火'), (2, 'みたい打ち上がる')]",False,False,2
52.636,52.936,-1,花火みたい打ち上がる,"[(3, '花'), (2, '火みたい打ち上がる')]",False,False,2
52.403,52.636,-1,花火みたい打ち上がる,"[(3, '花'), (2, '火みたい打ち上がる')]",False,True,2
66.183,67.918,-1,音に合わせて,"[(3, '音に合わせて')]",True,False,2
65.983,66.183,-1,音に合わせて,"[(3, '音に合わせ'), (2, 'て')]",False,False,2
65.549,65.983,-1,音に合わせて,"[(3, '音に合わ'), (2, 'せて')]",False,False,2
65.315,65.549,-1,音に合わせて,"[(3, '音に合'), (2, 'わせて')]",False,False,2
65.115,65.315,-1,音に合わせて,"[(3, '音に'), (2, '合わせて')]",False,False,2
64.915,65.115,-1,音に合わせて,"[(3, '音'), (2, 'に合わせて')]",False,False,2
64.681,64.915,-1,音に合わせて,"[(3, '音'), (2, 'に合わせて')]",False,True,2
