start,end,line,unformatted,segments,ref_start,ref_end,common_number
13.197,13.263,92,aworldofourfictionawaits...,"[(1, 'aworldofourfictionawaits...')]",True,False,2
13.13,13.197,92,aworldofourfictionawaits...,"[(1, 'aworldofourfictionawaits...')]",False,False,2
13.063,13.13,92,aworldofourfictionawaits...,"[(1, 'aworldofourfictionawaits...')]",False,False,2
12.997,13.063,92,aworldofourfictionawaits...,"[(1, 'aworldofourfictionawaits...')]",False,False,2
12.93,12.997,92,aworldofourfictionawaits...,"[(1, 'aworldofourfictionawaits...')]",False,False,2
12.863,12.93,92,aworldofourfictionawaits...,"[(1, 'aworldofourfictionawaits...')]",False,False,2
12.796,12.863,92,aworldofourfictionawaits...,"[(1, 'aworldofourfictionawaits...')]",False,False,2
12.73,12.796,92,aworldofourfictionawaits...,"[(1, 'aworldofourfictionawaits...')]",False,False,2
12.663,12.73,92,aworldofourfictionawaits...,"[(1, 'aworldofourfictionawaits...')]",False,False,2
12.596,12.663,92,aworldofourfictionawaits...,"[(1, 'aworldofourfictionawaits...')]",False,False,2
12.529,12.596,92,aworldofourfictionawaits...,"[(1, 'aworldofourfictionawaits...')]",False,False,2
12.463,12.529,92,aworldofourfictionawaits...,"[(1, 'aworldofourfictionawaits...')]",False,False,2
12.396,12.463,92,aworldofourfictionawaits...,"[(1, 'aworldofourfictionawaits...')]",False,False,2
12.329,12.396,92,aworldofourfictionawaits...,"[(1, 'aworldofourfictionawaits...')]",False,False,2
12.262,12.329,92,aworldofourfictionawaits...,"[(1, 'aworldofourfictionawaits...')]",False,False,2
10.894,12.262,92,aworldofourfictionawaits...,"[(1, 'aworldofourfictionawaits...')]",False,False,2
10.561,10.894,92,aworldofourfictionawaits...,"[(1, 'aworldofourfictiona'), (2, 'waits...')]",False,False,2
10.127,10.561,92,aworldofourfictionawaits...,"[(1, 'aworldofourfiction'), (2, 'awaits...')]",False,False,2
9.66,10.127,92,aworldofourfictionawaits...,"[(1, 'aworldofourfic'), (2, 'tionawaits...')]",False,False,2
9.36,9.66,92,aworldofourfictionawaits...,"[(1, 'aworldofour'), (2, 'fictionawaits...')]",False,False,2
8.892,9.36,92,aworldofourfictionawaits...,"[(1, 'aworldof'), (2, 'ourfictionawaits...')]",False,False,2
8.425,8.892,92,aworldofourfictionawaits...,"[(1, 'aworld'), (2, 'ofourfictionawaits...')]",False,False,2
8.125,8.425,92,aworldofourfictionawaits...,"[(1, 'a'), (2, 'worldofourfictionawaits...')]",False,True,2
57.408,58.942,92,ihope...,"[(1, 'ihope...')]",True,False,2
57.107,57.408,92,ihope...,"[(1, 'i'), (2, 'hope...')]",False,False,2
57.408,58.942,0,ihope...,"[(1, 'ihope...')]",False,False,2
57.107,57.408,0,ihope...,"[(1, 'i'), (2, 'hope...')]",False,True,2
60.944,61.412,0,いだいてるゆめを,"[(1, 'いだいてるゆめを')]",True,False,2
60.644,60.944,0,いだいてるゆめを,"[(1, 'いだいてるゆめ'), (2, 'を')]",False,False,2
60.377,60.644,0,いだいてるゆめを,"[(1, 'いだいてるゆ'), (2, 'めを')]",False,False,2
60.177,60.377,0,いだいてるゆめを,"[(1, 'いだいてる'), (2, 'ゆめを')]",False,False,2
59.877,60.177,0,いだいてるゆめを,"[(1, 'いだいて'), (2, 'るゆめを')]",False,False,2
59.576,59.877,0,いだいてるゆめを,"[(1, 'いだい'), (2, 'てるゆめを')]",False,False,2
59.243,59.576,0,いだいてるゆめを,"[(1, 'いだ'), (2, 'いてるゆめを')]",False,False,2
58.942,59.243,0,いだいてるゆめを,"[(1, 'い'), (2, 'だいてるゆめを')]",False,True,2
83.033,85.202,0,いつのひにかきっと,"[(1, 'いつのひにかきっと')]",True,False,2
82.733,83.033,0,いつのひにかきっと,"[(1, 'いつのひにかきっ'), (2, 'と')]",False,False,2
82.433,82.733,0,いつのひにかきっと,"[(1, 'いつのひにかき'), (2, 'っと')]",False,False,2
82.132,82.433,0,いつのひにかきっと,"[(1, 'いつのひにか'), (2, 'きっと')]",False,False,2
81.799,82.132,0,いつのひにかきっと,"[(1, 'いつのひに'), (2, 'かきっと')]",False,False,2
81.498,81.799,0,いつのひにかきっと,"[(1, 'いつのひ'), (2, 'にかきっと')]",False,False,2
81.365,81.498,0,いつのひにかきっと,"[(1, 'いつの'), (2, 'ひにかきっと')]",False,False,2
81.198,81.365,0,いつのひにかきっと,"[(1, 'いつ'), (2, 'のひにかきっと')]",False,False,2
81.031,81.198,0,いつのひにかきっと,"[(1, 'い'), (2, 'つのひにかきっと')]",False,True,2
83.033,85.202,92,いつの日にかきっと,"[(1, 'いつの日にかきっと')]",True,False,2
82.733,83.033,92,いつの日にかきっと,"[(1, 'いつの日にかきっ'), (2, 'と')]",False,False,2
82.433,82.733,92,いつの日にかきっと,"[(1, 'いつの日にかき'), (2, 'っと')]",False,False,2
82.132,82.433,92,いつの日にかきっと,"[(1, 'いつの日にか'), (2, 'きっと')]",False,False,2
81.799,82.132,92,いつの日にかきっと,"[(1, 'いつの日に'), (2, 'かきっと')]",False,False,2
81.498,81.799,92,いつの日にかきっと,"[(1, 'いつの日'), (2, 'にかきっと')]",False,False,2
81.365,81.498,92,いつの日にかきっと,"[(1, 'いつの'), (2, '日にかきっと')]",False,False,2
81.198,81.365,92,いつの日にかきっと,"[(1, 'いつ'), (2, 'の日にかきっと')]",False,False,2
81.031,81.198,92,いつの日にかきっと,"[(1, 'い'), (2, 'つの日にかきっと')]",False,True,2
91.675,91.742,0,えがいたせかいへたどりつけるように,"[(1, 'えがいたせかいへたどりつけるように')]",True,False,2
91.608,91.675,0,えがいたせかいへたどりつけるように,"[(1, 'えがいたせかいへたどりつけるように')]",False,False,2
91.542,91.608,0,えがいたせかいへたどりつけるように,"[(1, 'えがいたせかいへたどりつけるように')]",False,False,2
91.475,91.542,0,えがいたせかいへたどりつけるように,"[(1, 'えがいたせかいへたどりつけるように')]",False,False,2
91.408,91.475,0,えがいたせかいへたどりつけるように,"[(1, 'えがいたせかいへたどりつけるように')]",False,False,2
91.341,91.408,0,えがいたせかいへたどりつけるように,"[(1, 'えがいたせかいへたどりつけるように')]",False,False,2
91.275,91.341,0,えがいたせかいへたどりつけるように,"[(1, 'えがいたせかいへたどりつけるように')]",False,False,2
91.208,91.275,0,えがいたせかいへたどりつけるように,"[(1, 'えがいたせかいへたどりつけるように')]",False,False,2
91.141,91.208,0,えがいたせかいへたどりつけるように,"[(1, 'えがいたせかいへたどりつけるように')]",False,False,2
91.075,91.141,0,えがいたせかいへたどりつけるように,"[(1, 'えがいたせかいへたどりつけるように')]",False,False,2
91.008,91.075,0,えがいたせかいへたどりつけるように,"[(1, 'えがいたせかいへたどりつけるように')]",False,False,2
90.941,91.008,0,えがいたせかいへたどりつけるように,"[(1, 'えがいたせかいへたどりつけるように')]",False,False,2
90.874,90.941,0,えがいたせかいへたどりつけるように,"[(1, 'えがいたせかいへたどりつけるように')]",False,False,2
90.808,90.874,0,えがいたせかいへたどりつけるように,"[(1, 'えがいたせかいへたどりつけるように')]",False,False,2
90.741,90.808,0,えがいたせかいへたどりつけるように,"[(1, 'えがいたせかいへたどりつけるように')]",False,False,2
89.306,90.741,0,えがいたせかいへたどりつけるように,"[(1, 'えがいたせかいへたどりつけるように')]",False,False,2
89.073,89.306,0,えがいたせかいへたどりつけるように,"[(1, 'えがいたせかいへたどりつけるよう'), (2, 'に')]",False,False,2
88.839,89.073,0,えがいたせかいへたどりつけるように,"[(1, 'えがいたせかいへたどりつけるよ'), (2, 'うに')]",False,False,2
88.572,88.839,0,えがいたせかいへたどりつけるように,"[(1, 'えがいたせかいへたどりつける'), (2, 'ように')]",False,False,2
88.405,88.572,0,えがいたせかいへたどりつけるように,"[(1, 'えがいたせかいへたどりつけ'), (2, 'るように')]",False,False,2
88.105,88.405,0,えがいたせかいへたどりつけるように,"[(1, 'えがいたせかいへたどりつ'), (2, 'けるように')]",False,False,2
87.938,88.105,0,えがいたせかいへたどりつけるように,"[(1, 'えがいたせかいへたどり'), (2, 'つけるように')]",False,False,2
87.805,87.938,0,えがいたせかいへたどりつけるように,"[(1, 'えがいたせかいへたど'), (2, 'りつけるように')]",False,False,2
87.638,87.805,0,えがいたせかいへたどりつけるように,"[(1, 'えがいたせかいへた'), (2, 'どりつけるように')]",False,False,2
86.737,87.638,0,えがいたせかいへたどりつけるように,"[(1, 'えがいたせかいへ'), (2, 'たどりつけるように')]",False,False,2
86.437,86.737,0,えがいたせかいへたどりつけるように,"[(1, 'えがいたせかい'), (2, 'へたどりつけるように')]",False,False,2
86.103,86.437,0,えがいたせかいへたどりつけるように,"[(1, 'えがいたせか'), (2, 'いへたどりつけるように')]",False,False,2
85.969,86.103,0,えがいたせかいへたどりつけるように,"[(1, 'えがいたせ'), (2, 'かいへたどりつけるように')]",False,False,2
85.669,85.969,0,えがいたせかいへたどりつけるように,"[(1, 'えがいた'), (2, 'せかいへたどりつけるように')]",False,False,2
85.469,85.669,0,えがいたせかいへたどりつけるように,"[(1, 'えがい'), (2, 'たせかいへたどりつけるように')]",False,False,2
85.335,85.469,0,えがいたせかいへたどりつけるように,"[(1, 'えが'), (2, 'いたせかいへたどりつけるように')]",False,False,2
85.202,85.335,0,えがいたせかいへたどりつけるように,"[(1, 'え'), (2, 'がいたせかいへたどりつけるように')]",False,True,2
73.29,74.291,0,おいかけていまあのshootingstar,"[(1, 'おいかけていまあのshootingstar')]",True,False,2
73.09,73.29,0,おいかけていまあのshootingstar,"[(1, 'おいかけていまあのshooting'), (2, 'star')]",False,False,2
72.056,73.09,0,おいかけていまあのshootingstar,"[(1, 'おいかけていまあのshoot'), (2, 'ingstar')]",False,False,2
71.755,72.056,0,おいかけていまあのshootingstar,"[(1, 'おいかけていまあの'), (2, 'shootingstar')]",False,False,2
71.555,71.755,0,おいかけていまあのshootingstar,"[(1, 'おいかけていまあ'), (2, 'のshootingstar')]",False,False,2
70.821,71.555,0,おいかけていまあのshootingstar,"[(1, 'おいかけていま'), (2, 'あのshootingstar')]",False,False,2
70.621,70.821,0,おいかけていまあのshootingstar,"[(1, 'おいかけてい'), (2, 'まあのshootingstar')]",False,False,2
69.586,70.621,0,おいかけていまあのshootingstar,"[(1, 'おいかけて'), (2, 'いまあのshootingstar')]",False,False,2
69.286,69.586,0,おいかけていまあのshootingstar,"[(1, 'おいかけ'), (2, 'ていまあのshootingstar')]",False,False,2
69.119,69.286,0,おいかけていまあのshootingstar,"[(1, 'おいか'), (2, 'けていまあのshootingstar')]",False,False,2
68.952,69.119,0,おいかけていまあのshootingstar,"[(1, 'おい'), (2, 'かけていまあのshootingstar')]",False,False,2
68.819,68.952,0,おいかけていまあのshootingstar,"[(1, 'お'), (2, 'いかけていまあのshootingstar')]",False,True,2
36.453,37.521,0,きづかないふりをしてたんだ,"[(1, 'きづかないふりをしてたんだ')]",True,False,2
36.153,36.453,0,きづかないふりをしてたんだ,"[(1, 'きづかないふりをしてたん'), (2, 'だ')]",False,False,2
35.853,36.153,0,きづかないふりをしてたんだ,"[(1, 'きづかないふりをしてた'), (2, 'んだ')]",False,False,2
35.686,35.853,0,きづかないふりをしてたんだ,"[(1, 'きづかないふりをして'), (2, 'たんだ')]",False,False,2
35.386,35.686,0,きづかないふりをしてたんだ,"[(1, 'きづかないふりをし'), (2, 'てたんだ')]",False,False,2
35.185,35.386,0,きづかないふりをしてたんだ,"[(1, 'きづかないふりを'), (2, 'してたんだ')]",False,False,2
34.918,35.185,0,きづかないふりをしてたんだ,"[(1, 'きづかないふり'), (2, 'をしてたんだ')]",False,False,2
34.618,34.918,0,きづかないふりをしてたんだ,"[(1, 'きづかないふ'), (2, 'りをしてたんだ')]",False,False,2
34.385,34.618,0,きづかないふりをしてたんだ,"[(1, 'きづかない'), (2, 'ふりをしてたんだ')]",False,False,2
34.018,34.385,0,きづかないふりをしてたんだ,"[(1, 'きづかな'), (2, 'いふりをしてたんだ')]",False,False,2
33.851,34.018,0,きづかないふりをしてたんだ,"[(1, 'きづか'), (2, 'ないふりをしてたんだ')]",False,False,2
33.684,33.851,0,きづかないふりをしてたんだ,"[(1, 'きづ'), (2, 'かないふりをしてたんだ')]",False,False,2
33.55,33.684,0,きづかないふりをしてたんだ,"[(1, 'き'), (2, 'づかないふりをしてたんだ')]",False,True,2
32.783,33.55,0,ずっとおなじまいにちにまよいがあっても,"[(1, 'ずっとおなじまいにちにまよいがあっても')]",True,False,2
32.449,32.783,0,ずっとおなじまいにちにまよいがあっても,"[(1, 'ずっとおなじまいにちにまよいがあって'), (2, 'も')]",False,False,2
32.182,32.449,0,ずっとおなじまいにちにまよいがあっても,"[(1, 'ずっとおなじまいにちにまよいがあっ'), (2, 'ても')]",False,False,2
31.982,32.182,0,ずっとおなじまいにちにまよいがあっても,"[(1, 'ずっとおなじまいにちにまよいがあ'), (2, 'っても')]",False,False,2
31.582,31.982,0,ずっとおなじまいにちにまよいがあっても,"[(1, 'ずっとおなじまいにちにまよいが'), (2, 'あっても')]",False,False,2
31.281,31.582,0,ずっとおなじまいにちにまよいがあっても,"[(1, 'ずっとおなじまいにちにまよい'), (2, 'があっても')]",False,False,2
30.948,31.281,0,ずっとおなじまいにちにまよいがあっても,"[(1, 'ずっとおなじまいにちにまよ'), (2, 'いがあっても')]",False,False,2
30.814,30.948,0,ずっとおなじまいにちにまよいがあっても,"[(1, 'ずっとおなじまいにちにま'), (2, 'よいがあっても')]",False,False,2
30.514,30.814,0,ずっとおなじまいにちにまよいがあっても,"[(1, 'ずっとおなじまいにちに'), (2, 'まよいがあっても')]",False,False,2
30.28,30.514,0,ずっとおなじまいにちにまよいがあっても,"[(1, 'ずっとおなじまいにち'), (2, 'にまよいがあっても')]",False,False,2
29.98,30.28,0,ずっとおなじまいにちにまよいがあっても,"[(1, 'ずっとおなじまいに'), (2, 'ちにまよいがあっても')]",False,False,2
29.68,29.98,0,ずっとおなじまいにちにまよいがあっても,"[(1, 'ずっとおなじまい'), (2, 'にちにまよいがあっても')]",False,False,2
29.413,29.68,0,ずっとおなじまいにちにまよいがあっても,"[(1, 'ずっとおなじま'), (2, 'いにちにまよいがあっても')]",False,False,2
29.279,29.413,0,ずっとおなじまいにちにまよいがあっても,"[(1, 'ずっとおなじ'), (2, 'まいにちにまよいがあっても')]",False,False,2
29.079,29.279,0,ずっとおなじまいにちにまよいがあっても,"[(1, 'ずっとおな'), (2, 'じまいにちにまよいがあっても')]",False,False,2
28.946,29.079,0,ずっとおなじまいにちにまよいがあっても,"[(1, 'ずっとお'), (2, 'なじまいにちにまよいがあっても')]",False,False,2
28.045,28.946,0,ずっとおなじまいにちにまよいがあっても,"[(1, 'ずっと'), (2, 'おなじまいにちにまよいがあっても')]",False,False,2
27.644,28.045,0,ずっとおなじまいにちにまよいがあっても,"[(1, 'ずっ'), (2, 'とおなじまいにちにまよいがあっても')]",False,True,2
32.783,33.55,92,ずっと同じ毎日に迷いがあっても,"[(1, 'ずっと同じ毎日に迷いがあっても')]",True,False,2
32.449,32.783,92,ずっと同じ毎日に迷いがあっても,"[(1, 'ずっと同じ毎日に迷いがあって'), (2, 'も')]",False,False,2
32.182,32.449,92,ずっと同じ毎日に迷いがあっても,"[(1, 'ずっと同じ毎日に迷いがあっ'), (2, 'ても')]",False,False,2
31.982,32.182,92,ずっと同じ毎日に迷いがあっても,"[(1, 'ずっと同じ毎日に迷いがあ'), (2, 'っても')]",False,False,2
31.582,31.982,92,ずっと同じ毎日に迷いがあっても,"[(1, 'ずっと同じ毎日に迷いが'), (2, 'あっても')]",False,False,2
31.281,31.582,92,ずっと同じ毎日に迷いがあっても,"[(1, 'ずっと同じ毎日に迷い'), (2, 'があっても')]",False,False,2
30.948,31.281,92,ずっと同じ毎日に迷いがあっても,"[(1, 'ずっと同じ毎日に迷'), (2, 'いがあっても')]",False,False,2
30.814,30.948,92,ずっと同じ毎日に迷いがあっても,"[(1, 'ずっと同じ毎日に迷'), (2, 'いがあっても')]",False,False,2
30.514,30.814,92,ずっと同じ毎日に迷いがあっても,"[(1, 'ずっと同じ毎日に'), (2, '迷いがあっても')]",False,False,2
30.28,30.514,92,ずっと同じ毎日に迷いがあっても,"[(1, 'ずっと同じ毎日'), (2, 'に迷いがあっても')]",False,False,2
29.98,30.28,92,ずっと同じ毎日に迷いがあっても,"[(1, 'ずっと同じ毎日'), (2, 'に迷いがあっても')]",False,False,2
29.68,29.98,92,ずっと同じ毎日に迷いがあっても,"[(1, 'ずっと同じ毎'), (2, '日に迷いがあっても')]",False,False,2
29.413,29.68,92,ずっと同じ毎日に迷いがあっても,"[(1, 'ずっと同じ毎'), (2, '日に迷いがあっても')]",False,False,2
29.279,29.413,92,ずっと同じ毎日に迷いがあっても,"[(1, 'ずっと同じ'), (2, '毎日に迷いがあっても')]",False,False,2
29.079,29.279,92,ずっと同じ毎日に迷いがあっても,"[(1, 'ずっと同'), (2, 'じ毎日に迷いがあっても')]",False,False,2
28.946,29.079,92,ずっと同じ毎日に迷いがあっても,"[(1, 'ずっと同'), (2, 'じ毎日に迷いがあっても')]",False,False,2
28.045,28.946,92,ずっと同じ毎日に迷いがあっても,"[(1, 'ずっと'), (2, '同じ毎日に迷いがあっても')]",False,False,2
27.644,28.045,92,ずっと同じ毎日に迷いがあっても,"[(1, 'ずっ'), (2, 'と同じ毎日に迷いがあっても')]",False,True,2
64.615,65.349,0,ぜったいあきらめたくない,"[(1, 'ぜったいあきらめたくない')]",True,False,2
64.314,64.615,0,ぜったいあきらめたくない,"[(1, 'ぜったいあきらめたくな'), (2, 'い')]",False,False,2
63.981,64.314,0,ぜったいあきらめたくない,"[(1, 'ぜったいあきらめたく'), (2, 'ない')]",False,False,2
63.68,63.981,0,ぜったいあきらめたくない,"[(1, 'ぜったいあきらめた'), (2, 'くない')]",False,False,2
63.414,63.68,0,ぜったいあきらめたくない,"[(1, 'ぜったいあきらめ'), (2, 'たくない')]",False,False,2
63.08,63.414,0,ぜったいあきらめたくない,"[(1, 'ぜったいあきら'), (2, 'めたくない')]",False,False,2
62.813,63.08,0,ぜったいあきらめたくない,"[(1, 'ぜったいあき'), (2, 'らめたくない')]",False,False,2
62.613,62.813,0,ぜったいあきらめたくない,"[(1, 'ぜったいあ'), (2, 'きらめたくない')]",False,False,2
62.312,62.613,0,ぜったいあきらめたくない,"[(1, 'ぜったい'), (2, 'あきらめたくない')]",False,False,2
62.012,62.312,0,ぜったいあきらめたくない,"[(1, 'ぜった'), (2, 'いあきらめたくない')]",False,False,2
61.712,62.012,0,ぜったいあきらめたくない,"[(1, 'ぜっ'), (2, 'たいあきらめたくない')]",False,False,2
61.412,61.712,0,ぜったいあきらめたくない,"[(1, 'ぜ'), (2, 'ったいあきらめたくない')]",False,True,2
7.091,8.125,92,つかまえて、ほらこのshootingstar,"[(1, 'つかまえて、ほらこのshootingstar')]",True,False,2
6.857,7.091,92,つかまえて、ほらこのshootingstar,"[(1, 'つかまえて、ほらこのshooting'), (2, 'star')]",False,False,2
5.823,6.857,92,つかまえて、ほらこのshootingstar,"[(1, 'つかまえて、ほらこのshoot'), (2, 'ingstar')]",False,False,2
5.522,5.823,92,つかまえて、ほらこのshootingstar,"[(1, 'つかまえて、ほらこの'), (2, 'shootingstar')]",False,False,2
5.322,5.522,92,つかまえて、ほらこのshootingstar,"[(1, 'つかまえて、ほらこ'), (2, 'のshootingstar')]",False,False,2
4.588,5.322,92,つかまえて、ほらこのshootingstar,"[(1, 'つかまえて、ほら'), (2, 'このshootingstar')]",False,False,2
4.421,4.588,92,つかまえて、ほらこのshootingstar,"[(1, 'つかまえて、ほ'), (2, 'らこのshootingstar')]",False,False,2
3.387,4.421,92,つかまえて、ほらこのshootingstar,"[(1, 'つかまえて、'), (2, 'ほらこのshootingstar')]",False,False,2
3.12,3.387,92,つかまえて、ほらこのshootingstar,"[(1, 'つかまえ'), (2, 'て、ほらこのshootingstar')]",False,False,2
2.953,3.12,92,つかまえて、ほらこのshootingstar,"[(1, 'つかま'), (2, 'えて、ほらこのshootingstar')]",False,False,2
2.753,2.953,92,つかまえて、ほらこのshootingstar,"[(1, 'つか'), (2, 'まえて、ほらこのshootingstar')]",False,False,2
2.586,2.753,92,つかまえて、ほらこのshootingstar,"[(1, 'つ'), (2, 'かまえて、ほらこのshootingstar')]",False,False,2
7.091,8.125,0,つかまえて、ほらこのshootingstar,"[(1, 'つかまえて、ほらこのshootingstar')]",False,False,2
6.857,7.091,0,つかまえて、ほらこのshootingstar,"[(1, 'つかまえて、ほらこのshooting'), (2, 'star')]",False,False,2
5.823,6.857,0,つかまえて、ほらこのshootingstar,"[(1, 'つかまえて、ほらこのshoot'), (2, 'ingstar')]",False,False,2
5.522,5.823,0,つかまえて、ほらこのshootingstar,"[(1, 'つかまえて、ほらこの'), (2, 'shootingstar')]",False,False,2
5.322,5.522,0,つかまえて、ほらこのshootingstar,"[(1, 'つかまえて、ほらこ'), (2, 'のshootingstar')]",False,False,2
4.588,5.322,0,つかまえて、ほらこのshootingstar,"[(1, 'つかまえて、ほら'), (2, 'このshootingstar')]",False,False,2
4.421,4.588,0,つかまえて、ほらこのshootingstar,"[(1, 'つかまえて、ほ'), (2, 'らこのshootingstar')]",False,False,2
3.387,4.421,0,つかまえて、ほらこのshootingstar,"[(1, 'つかまえて、'), (2, 'ほらこのshootingstar')]",False,False,2
3.12,3.387,0,つかまえて、ほらこのshootingstar,"[(1, 'つかまえ'), (2, 'て、ほらこのshootingstar')]",False,False,2
2.953,3.12,0,つかまえて、ほらこのshootingstar,"[(1, 'つかま'), (2, 'えて、ほらこのshootingstar')]",False,False,2
2.753,2.953,0,つかまえて、ほらこのshootingstar,"[(1, 'つか'), (2, 'まえて、ほらこのshootingstar')]",False,False,2
2.586,2.753,0,つかまえて、ほらこのshootingstar,"[(1, 'つ'), (2, 'かまえて、ほらこのshootingstar')]",False,True,2
66.75,67.217,0,はしりだすから,"[(1, 'はしりだすから')]",True,False,2
66.417,66.75,0,はしりだすから,"[(1, 'はしりだすか'), (2, 'ら')]",False,False,2
66.116,66.417,0,はしりだすから,"[(1, 'はしりだす'), (2, 'から')]",False,False,2
65.816,66.116,0,はしりだすから,"[(1, 'はしりだ'), (2, 'すから')]",False,False,2
65.649,65.816,0,はしりだすから,"[(1, 'はしり'), (2, 'だすから')]",False,False,2
65.482,65.649,0,はしりだすから,"[(1, 'はし'), (2, 'りだすから')]",False,False,2
65.349,65.482,0,はしりだすから,"[(1, 'は'), (2, 'しりだすから')]",False,True,2
56.173,57.107,0,ほしにねがいをかけるんだ,"[(1, 'ほしにねがいをかけるんだ')]",True,False,2
55.906,56.173,0,ほしにねがいをかけるんだ,"[(1, 'ほしにねがいをかけるん'), (2, 'だ')]",False,False,2
55.472,55.906,0,ほしにねがいをかけるんだ,"[(1, 'ほしにねがいをかける'), (2, 'んだ')]",False,False,2
55.272,55.472,0,ほしにねがいをかけるんだ,"[(1, 'ほしにねがいをかけ'), (2, 'るんだ')]",False,False,2
54.972,55.272,0,ほしにねがいをかけるんだ,"[(1, 'ほしにねがいをか'), (2, 'けるんだ')]",False,False,2
54.671,54.972,0,ほしにねがいをかけるんだ,"[(1, 'ほしにねがいを'), (2, 'かけるんだ')]",False,False,2
54.371,54.671,0,ほしにねがいをかけるんだ,"[(1, 'ほしにねがい'), (2, 'をかけるんだ')]",False,False,2
53.737,54.371,0,ほしにねがいをかけるんだ,"[(1, 'ほしにねが'), (2, 'いをかけるんだ')]",False,False,2
53.437,53.737,0,ほしにねがいをかけるんだ,"[(1, 'ほしにね'), (2, 'がいをかけるんだ')]",False,False,2
53.137,53.437,0,ほしにねがいをかけるんだ,"[(1, 'ほしに'), (2, 'ねがいをかけるんだ')]",False,False,2
52.536,53.137,0,ほしにねがいをかけるんだ,"[(1, 'ほし'), (2, 'にねがいをかけるんだ')]",False,False,2
52.202,52.536,0,ほしにねがいをかけるんだ,"[(1, 'ほ'), (2, 'しにねがいをかけるんだ')]",False,True,2
42.559,43.327,0,ほんのちょっとのゆうきがまだだせなくって,"[(1, 'ほんのちょっとのゆうきがまだだせなくって')]",True,False,2
42.259,42.559,0,ほんのちょっとのゆうきがまだだせなくって,"[(1, 'ほんのちょっとのゆうきがまだだせなくっ'), (2, 'て')]",False,False,2
41.925,42.259,0,ほんのちょっとのゆうきがまだだせなくって,"[(1, 'ほんのちょっとのゆうきがまだだせなく'), (2, 'って')]",False,False,2
41.658,41.925,0,ほんのちょっとのゆうきがまだだせなくって,"[(1, 'ほんのちょっとのゆうきがまだだせな'), (2, 'くって')]",False,False,2
41.358,41.658,0,ほんのちょっとのゆうきがまだだせなくって,"[(1, 'ほんのちょっとのゆうきがまだだせ'), (2, 'なくって')]",False,False,2
41.058,41.358,0,ほんのちょっとのゆうきがまだだせなくって,"[(1, 'ほんのちょっとのゆうきがまだだ'), (2, 'せなくって')]",False,False,2
40.724,41.058,0,ほんのちょっとのゆうきがまだだせなくって,"[(1, 'ほんのちょっとのゆうきがまだ'), (2, 'だせなくって')]",False,False,2
40.591,40.724,0,ほんのちょっとのゆうきがまだだせなくって,"[(1, 'ほんのちょっとのゆうきがま'), (2, 'だだせなくって')]",False,False,2
40.29,40.591,0,ほんのちょっとのゆうきがまだだせなくって,"[(1, 'ほんのちょっとのゆうきが'), (2, 'まだだせなくって')]",False,False,2
40.09,40.29,0,ほんのちょっとのゆうきがまだだせなくって,"[(1, 'ほんのちょっとのゆうき'), (2, 'がまだだせなくって')]",False,False,2
39.823,40.09,0,ほんのちょっとのゆうきがまだだせなくって,"[(1, 'ほんのちょっとのゆう'), (2, 'きがまだだせなくって')]",False,False,2
39.523,39.823,0,ほんのちょっとのゆうきがまだだせなくって,"[(1, 'ほんのちょっとのゆ'), (2, 'うきがまだだせなくって')]",False,False,2
39.223,39.523,0,ほんのちょっとのゆうきがまだだせなくって,"[(1, 'ほんのちょっとの'), (2, 'ゆうきがまだだせなくって')]",False,False,2
39.023,39.223,0,ほんのちょっとのゆうきがまだだせなくって,"[(1, 'ほんのちょっと'), (2, 'のゆうきがまだだせなくって')]",False,False,2
38.689,39.023,0,ほんのちょっとのゆうきがまだだせなくって,"[(1, 'ほんのちょっ'), (2, 'とのゆうきがまだだせなくって')]",False,False,2
37.855,38.689,0,ほんのちょっとのゆうきがまだだせなくって,"[(1, 'ほんの'), (2, 'ちょっとのゆうきがまだだせなくって')]",False,False,2
37.688,37.855,0,ほんのちょっとのゆうきがまだだせなくって,"[(1, 'ほん'), (2, 'のちょっとのゆうきがまだだせなくって')]",False,False,2
37.521,37.688,0,ほんのちょっとのゆうきがまだだせなくって,"[(1, 'ほ'), (2, 'んのちょっとのゆうきがまだだせなくって')]",False,True,2
42.559,43.327,92,ほんのちょっとの勇気がまだ出せなくって,"[(1, 'ほんのちょっとの勇気がまだ出せなくって')]",True,False,2
42.259,42.559,92,ほんのちょっとの勇気がまだ出せなくって,"[(1, 'ほんのちょっとの勇気がまだ出せなくっ'), (2, 'て')]",False,False,2
41.925,42.259,92,ほんのちょっとの勇気がまだ出せなくって,"[(1, 'ほんのちょっとの勇気がまだ出せなく'), (2, 'って')]",False,False,2
41.658,41.925,92,ほんのちょっとの勇気がまだ出せなくって,"[(1, 'ほんのちょっとの勇気がまだ出せな'), (2, 'くって')]",False,False,2
41.358,41.658,92,ほんのちょっとの勇気がまだ出せなくって,"[(1, 'ほんのちょっとの勇気がまだ出せ'), (2, 'なくって')]",False,False,2
41.058,41.358,92,ほんのちょっとの勇気がまだ出せなくって,"[(1, 'ほんのちょっとの勇気がまだ出'), (2, 'せなくって')]",False,False,2
40.724,41.058,92,ほんのちょっとの勇気がまだ出せなくって,"[(1, 'ほんのちょっとの勇気がまだ'), (2, '出せなくって')]",False,False,2
40.591,40.724,92,ほんのちょっとの勇気がまだ出せなくって,"[(1, 'ほんのちょっとの勇気がま'), (2, 'だ出せなくって')]",False,False,2
40.29,40.591,92,ほんのちょっとの勇気がまだ出せなくって,"[(1, 'ほんのちょっとの勇気が'), (2, 'まだ出せなくって')]",False,False,2
40.09,40.29,92,ほんのちょっとの勇気がまだ出せなくって,"[(1, 'ほんのちょっとの勇気'), (2, 'がまだ出せなくって')]",False,False,2
39.823,40.09,92,ほんのちょっとの勇気がまだ出せなくって,"[(1, 'ほんのちょっとの勇'), (2, '気がまだ出せなくって')]",False,False,2
39.523,39.823,92,ほんのちょっとの勇気がまだ出せなくって,"[(1, 'ほんのちょっとの勇'), (2, '気がまだ出せなくって')]",False,False,2
39.223,39.523,92,ほんのちょっとの勇気がまだ出せなくって,"[(1, 'ほんのちょっとの'), (2, '勇気がまだ出せなくって')]",False,False,2
39.023,39.223,92,ほんのちょっとの勇気がまだ出せなくって,"[(1, 'ほんのちょっと'), (2, 'の勇気がまだ出せなくって')]",False,False,2
38.689,39.023,92,ほんのちょっとの勇気がまだ出せなくって,"[(1, 'ほんのちょっ'), (2, 'との勇気がまだ出せなくって')]",False,False,2
37.855,38.689,92,ほんのちょっとの勇気がまだ出せなくって,"[(1, 'ほんの'), (2, 'ちょっとの勇気がまだ出せなくって')]",False,False,2
37.688,37.855,92,ほんのちょっとの勇気がまだ出せなくって,"[(1, 'ほん'), (2, 'のちょっとの勇気がまだ出せなくって')]",False,False,2
37.521,37.688,92,ほんのちょっとの勇気がまだ出せなくって,"[(1, 'ほ'), (2, 'んのちょっとの勇気がまだ出せなくって')]",False,True,2
47.631,49.133,0,まどろむうちゅうでさまよっていた,"[(1, 'まどろむうちゅうでさまよっていた')]",True,False,2
47.131,47.631,0,まどろむうちゅうでさまよっていた,"[(1, 'まどろむうちゅうでさまよってい'), (2, 'た')]",False,False,2
46.83,47.131,0,まどろむうちゅうでさまよっていた,"[(1, 'まどろむうちゅうでさまよって'), (2, 'いた')]",False,False,2
46.563,46.83,0,まどろむうちゅうでさまよっていた,"[(1, 'まどろむうちゅうでさまよっ'), (2, 'ていた')]",False,False,2
46.23,46.563,0,まどろむうちゅうでさまよっていた,"[(1, 'まどろむうちゅうでさまよ'), (2, 'っていた')]",False,False,2
45.929,46.23,0,まどろむうちゅうでさまよっていた,"[(1, 'まどろむうちゅうでさま'), (2, 'よっていた')]",False,False,2
45.796,45.929,0,まどろむうちゅうでさまよっていた,"[(1, 'まどろむうちゅうでさ'), (2, 'まよっていた')]",False,False,2
45.029,45.796,0,まどろむうちゅうでさまよっていた,"[(1, 'まどろむうちゅうで'), (2, 'さまよっていた')]",False,False,2
44.695,45.029,0,まどろむうちゅうでさまよっていた,"[(1, 'まどろむうちゅう'), (2, 'でさまよっていた')]",False,False,2
44.395,44.695,0,まどろむうちゅうでさまよっていた,"[(1, 'まどろむうちゅ'), (2, 'うでさまよっていた')]",False,False,2
44.094,44.395,0,まどろむうちゅうでさまよっていた,"[(1, 'まどろむう'), (2, 'ちゅうでさまよっていた')]",False,False,2
43.794,44.094,0,まどろむうちゅうでさまよっていた,"[(1, 'まどろむ'), (2, 'うちゅうでさまよっていた')]",False,False,2
43.627,43.794,0,まどろむうちゅうでさまよっていた,"[(1, 'まどろ'), (2, 'むうちゅうでさまよっていた')]",False,False,2
43.494,43.627,0,まどろむうちゅうでさまよっていた,"[(1, 'まど'), (2, 'ろむうちゅうでさまよっていた')]",False,False,2
43.327,43.494,0,まどろむうちゅうでさまよっていた,"[(1, 'ま'), (2, 'どろむうちゅうでさまよっていた')]",False,True,2
47.631,49.133,92,まどろむ宇宙で彷徨っていた,"[(1, 'まどろむ宇宙で彷徨っていた')]",True,False,2
47.131,47.631,92,まどろむ宇宙で彷徨っていた,"[(1, 'まどろむ宇宙で彷徨ってい'), (2, 'た')]",False,False,2
46.83,47.131,92,まどろむ宇宙で彷徨っていた,"[(1, 'まどろむ宇宙で彷徨って'), (2, 'いた')]",False,False,2
46.563,46.83,92,まどろむ宇宙で彷徨っていた,"[(1, 'まどろむ宇宙で彷徨っ'), (2, 'ていた')]",False,False,2
46.23,46.563,92,まどろむ宇宙で彷徨っていた,"[(1, 'まどろむ宇宙で彷徨'), (2, 'っていた')]",False,False,2
45.929,46.23,92,まどろむ宇宙で彷徨っていた,"[(1, 'まどろむ宇宙で彷'), (2, '徨っていた')]",False,False,2
45.796,45.929,92,まどろむ宇宙で彷徨っていた,"[(1, 'まどろむ宇宙で彷'), (2, '徨っていた')]",False,False,2
45.029,45.796,92,まどろむ宇宙で彷徨っていた,"[(1, 'まどろむ宇宙で'), (2, '彷徨っていた')]",False,False,2
44.695,45.029,92,まどろむ宇宙で彷徨っていた,"[(1, 'まどろむ宇宙'), (2, 'で彷徨っていた')]",False,False,2
44.395,44.695,92,まどろむ宇宙で彷徨っていた,"[(1, 'まどろむ宇宙'), (2, 'で彷徨っていた')]",False,False,2
44.094,44.395,92,まどろむ宇宙で彷徨っていた,"[(1, 'まどろむ宇'), (2, '宙で彷徨っていた')]",False,False,2
43.794,44.094,92,まどろむ宇宙で彷徨っていた,"[(1, 'まどろむ'), (2, '宇宙で彷徨っていた')]",False,False,2
43.627,43.794,92,まどろむ宇宙で彷徨っていた,"[(1, 'まどろ'), (2, 'む宇宙で彷徨っていた')]",False,False,2
43.494,43.627,92,まどろむ宇宙で彷徨っていた,"[(1, 'まど'), (2, 'ろむ宇宙で彷徨っていた')]",False,False,2
43.327,43.494,92,まどろむ宇宙で彷徨っていた,"[(1, 'ま'), (2, 'どろむ宇宙で彷徨っていた')]",False,True,2
79.363,81.031,0,みたことのないすとーりーすすんでいくんだ,"[(1, 'みたことのないすとーりーすすんでいくんだ')]",True,False,2
79.096,79.363,0,みたことのないすとーりーすすんでいくんだ,"[(1, 'みたことのないすとーりーすすんでいくん'), (2, 'だ')]",False,False,2
78.762,79.096,0,みたことのないすとーりーすすんでいくんだ,"[(1, 'みたことのないすとーりーすすんでいく'), (2, 'んだ')]",False,False,2
78.462,78.762,0,みたことのないすとーりーすすんでいくんだ,"[(1, 'みたことのないすとーりーすすんでい'), (2, 'くんだ')]",False,False,2
78.128,78.462,0,みたことのないすとーりーすすんでいくんだ,"[(1, 'みたことのないすとーりーすすんで'), (2, 'いくんだ')]",False,False,2
77.961,78.128,0,みたことのないすとーりーすすんでいくんだ,"[(1, 'みたことのないすとーりーすすん'), (2, 'でいくんだ')]",False,False,2
77.828,77.961,0,みたことのないすとーりーすすんでいくんだ,"[(1, 'みたことのないすとーりーすす'), (2, 'んでいくんだ')]",False,False,2
77.661,77.828,0,みたことのないすとーりーすすんでいくんだ,"[(1, 'みたことのないすとーりーす'), (2, 'すんでいくんだ')]",False,False,2
76.927,77.661,0,みたことのないすとーりーすすんでいくんだ,"[(1, 'みたことのないすとーりー'), (2, 'すすんでいくんだ')]",False,False,2
76.593,76.927,0,みたことのないすとーりーすすんでいくんだ,"[(1, 'みたことのないすとーり'), (2, 'ーすすんでいくんだ')]",False,False,2
76.16,76.593,0,みたことのないすとーりーすすんでいくんだ,"[(1, 'みたことのないすとー'), (2, 'りーすすんでいくんだ')]",False,False,2
75.993,76.16,0,みたことのないすとーりーすすんでいくんだ,"[(1, 'みたことのないすと'), (2, 'ーりーすすんでいくんだ')]",False,False,2
75.692,75.993,0,みたことのないすとーりーすすんでいくんだ,"[(1, 'みたことのないす'), (2, 'とーりーすすんでいくんだ')]",False,False,2
75.492,75.692,0,みたことのないすとーりーすすんでいくんだ,"[(1, 'みたことのない'), (2, 'すとーりーすすんでいくんだ')]",False,False,2
75.225,75.492,0,みたことのないすとーりーすすんでいくんだ,"[(1, 'みたことのな'), (2, 'いすとーりーすすんでいくんだ')]",False,False,2
75.092,75.225,0,みたことのないすとーりーすすんでいくんだ,"[(1, 'みたことの'), (2, 'ないすとーりーすすんでいくんだ')]",False,False,2
74.925,75.092,0,みたことのないすとーりーすすんでいくんだ,"[(1, 'みたこと'), (2, 'のないすとーりーすすんでいくんだ')]",False,False,2
74.758,74.925,0,みたことのないすとーりーすすんでいくんだ,"[(1, 'みたこ'), (2, 'とのないすとーりーすすんでいくんだ')]",False,False,2
74.458,74.758,0,みたことのないすとーりーすすんでいくんだ,"[(1, 'みた'), (2, 'ことのないすとーりーすすんでいくんだ')]",False,False,2
74.291,74.458,0,みたことのないすとーりーすすんでいくんだ,"[(1, 'み'), (2, 'たことのないすとーりーすすんでいくんだ')]",False,True,2
51.368,52.202,0,よぞらにうかぶ,"[(1, 'よぞらにうかぶ')]",True,False,2
50.868,51.368,0,よぞらにうかぶ,"[(1, 'よぞらにうか'), (2, 'ぶ')]",False,False,2
50.567,50.868,0,よぞらにうかぶ,"[(1, 'よぞらにう'), (2, 'かぶ')]",False,False,2
50.401,50.567,0,よぞらにうかぶ,"[(1, 'よぞらに'), (2, 'うかぶ')]",False,False,2
50.1,50.401,0,よぞらにうかぶ,"[(1, 'よぞら'), (2, 'にうかぶ')]",False,False,2
49.5,50.1,0,よぞらにうかぶ,"[(1, 'よぞ'), (2, 'らにうかぶ')]",False,False,2
49.133,49.5,0,よぞらにうかぶ,"[(1, 'よ'), (2, 'ぞらにうかぶ')]",False,True,2
13.197,13.263,0,僕らの描いた世界が待ってるんだ,"[(1, '僕らの描いた世界が待ってるんだ')]",True,False,0
13.13,13.197,0,僕らの描いた世界が待ってるんだ,"[(1, '僕らの描いた世界が待ってるんだ')]",False,False,0
13.063,13.13,0,僕らの描いた世界が待ってるんだ,"[(1, '僕らの描いた世界が待ってるんだ')]",False,False,0
12.997,13.063,0,僕らの描いた世界が待ってるんだ,"[(1, '僕らの描いた世界が待ってるんだ')]",False,False,0
12.93,12.997,0,僕らの描いた世界が待ってるんだ,"[(1, '僕らの描いた世界が待ってるんだ')]",False,False,0
12.863,12.93,0,僕らの描いた世界が待ってるんだ,"[(1, '僕らの描いた世界が待ってるんだ')]",False,False,0
12.796,12.863,0,僕らの描いた世界が待ってるんだ,"[(1, '僕らの描いた世界が待ってるんだ')]",False,False,0
12.73,12.796,0,僕らの描いた世界が待ってるんだ,"[(1, '僕らの描いた世界が待ってるんだ')]",False,False,0
12.663,12.73,0,僕らの描いた世界が待ってるんだ,"[(1, '僕らの描いた世界が待ってるんだ')]",False,False,0
12.596,12.663,0,僕らの描いた世界が待ってるんだ,"[(1, '僕らの描いた世界が待ってるんだ')]",False,False,0
12.529,12.596,0,僕らの描いた世界が待ってるんだ,"[(1, '僕らの描いた世界が待ってるんだ')]",False,False,0
12.463,12.529,0,僕らの描いた世界が待ってるんだ,"[(1, '僕らの描いた世界が待ってるんだ')]",False,False,0
12.396,12.463,0,僕らの描いた世界が待ってるんだ,"[(1, '僕らの描いた世界が待ってるんだ')]",False,False,0
12.329,12.396,0,僕らの描いた世界が待ってるんだ,"[(1, '僕らの描いた世界が待ってるんだ')]",False,False,0
12.262,12.329,0,僕らの描いた世界が待ってるんだ,"[(1, '僕らの描いた世界が待ってるんだ')]",False,False,0
8.125,12.262,0,僕らの描いた世界が待ってるんだ,"[(1, '僕らの描いた世界が待ってるんだ')]",False,True,0
51.368,52.202,92,夜空に浮かぶ,"[(1, '夜空に浮かぶ')]",True,False,2
50.868,51.368,92,夜空に浮かぶ,"[(1, '夜空に浮か'), (2, 'ぶ')]",False,False,2
50.567,50.868,92,夜空に浮かぶ,"[(1, '夜空に浮'), (2, 'かぶ')]",False,False,2
50.401,50.567,92,夜空に浮かぶ,"[(1, '夜空に'), (2, '浮かぶ')]",False,False,2
50.1,50.401,92,夜空に浮かぶ,"[(1, '夜空'), (2, 'に浮かぶ')]",False,False,2
49.5,50.1,92,夜空に浮かぶ,"[(1, '夜空'), (2, 'に浮かぶ')]",False,False,2
49.133,49.5,92,夜空に浮かぶ,"[(1, '夜'), (2, '空に浮かぶ')]",False,True,2
60.944,61.412,92,抱いてる夢を,"[(1, '抱いてる夢を')]",True,False,2
60.644,60.944,92,抱いてる夢を,"[(1, '抱いてる夢'), (2, 'を')]",False,False,2
60.377,60.644,92,抱いてる夢を,"[(1, '抱いてる夢'), (2, 'を')]",False,False,2
60.177,60.377,92,抱いてる夢を,"[(1, '抱いてる'), (2, '夢を')]",False,False,2
59.877,60.177,92,抱いてる夢を,"[(1, '抱いて'), (2, 'る夢を')]",False,False,2
59.576,59.877,92,抱いてる夢を,"[(1, '抱い'), (2, 'てる夢を')]",False,False,2
59.243,59.576,92,抱いてる夢を,"[(1, '抱'), (2, 'いてる夢を')]",False,False,2
58.942,59.243,92,抱いてる夢を,"[(1, '抱'), (2, 'いてる夢を')]",False,True,2
91.675,91.742,92,描いたセカイへ　辿り着けるように,"[(1, '描いたセカイへ\u3000辿り着けるように')]",True,False,2
91.608,91.675,92,描いたセカイへ　辿り着けるように,"[(1, '描いたセカイへ\u3000辿り着けるように')]",False,False,2
91.542,91.608,92,描いたセカイへ　辿り着けるように,"[(1, '描いたセカイへ\u3000辿り着けるように')]",False,False,2
91.475,91.542,92,描いたセカイへ　辿り着けるように,"[(1, '描いたセカイへ\u3000辿り着けるように')]",False,False,2
91.408,91.475,92,描いたセカイへ　辿り着けるように,"[(1, '描いたセカイへ\u3000辿り着けるように')]",False,False,2
91.341,91.408,92,描いたセカイへ　辿り着けるように,"[(1, '描いたセカイへ\u3000辿り着けるように')]",False,False,2
91.275,91.341,92,描いたセカイへ　辿り着けるように,"[(1, '描いたセカイへ\u3000辿り着けるように')]",False,False,2
91.208,91.275,92,描いたセカイへ　辿り着けるように,"[(1, '描いたセカイへ\u3000辿り着けるように')]",False,False,2
91.141,91.208,92,描いたセカイへ　辿り着けるように,"[(1, '描いたセカイへ\u3000辿り着けるように')]",False,False,2
91.075,91.141,92,描いたセカイへ　辿り着けるように,"[(1, '描いたセカイへ\u3000辿り着けるように')]",False,False,2
91.008,91.075,92,描いたセカイへ　辿り着けるように,"[(1, '描いたセカイへ\u3000辿り着けるように')]",False,False,2
90.941,91.008,92,描いたセカイへ　辿り着けるように,"[(1, '描いたセカイへ\u3000辿り着けるように')]",False,False,2
90.874,90.941,92,描いたセカイへ　辿り着けるように,"[(1, '描いたセカイへ\u3000辿り着けるように')]",False,False,2
90.808,90.874,92,描いたセカイへ　辿り着けるように,"[(1, '描いたセカイへ\u3000辿り着けるように')]",False,False,2
90.741,90.808,92,描いたセカイへ　辿り着けるように,"[(1, '描いたセカイへ\u3000辿り着けるように')]",False,False,2
89.306,90.741,92,描いたセカイへ　辿り着けるように,"[(1, '描いたセカイへ\u3000辿り着けるように')]",False,False,2
89.073,89.306,92,描いたセカイへ　辿り着けるように,"[(1, '描いたセカイへ\u3000辿り着けるよう'), (2, 'に')]",False,False,2
88.839,89.073,92,描いたセカイへ　辿り着けるように,"[(1, '描いたセカイへ\u3000辿り着けるよ'), (2, 'うに')]",False,False,2
88.572,88.839,92,描いたセカイへ　辿り着けるように,"[(1, '描いたセカイへ\u3000辿り着ける'), (2, 'ように')]",False,False,2
88.405,88.572,92,描いたセカイへ　辿り着けるように,"[(1, '描いたセカイへ\u3000辿り着け'), (2, 'るように')]",False,False,2
88.105,88.405,92,描いたセカイへ　辿り着けるように,"[(1, '描いたセカイへ\u3000辿り着'), (2, 'けるように')]",False,False,2
87.938,88.105,92,描いたセカイへ　辿り着けるように,"[(1, '描いたセカイへ\u3000辿り'), (2, '着けるように')]",False,False,2
87.805,87.938,92,描いたセカイへ　辿り着けるように,"[(1, '描いたセカイへ\u3000辿'), (2, 'り着けるように')]",False,False,2
87.638,87.805,92,描いたセカイへ　辿り着けるように,"[(1, '描いたセカイへ\u3000辿'), (2, 'り着けるように')]",False,False,2
86.737,87.638,92,描いたセカイへ　辿り着けるように,"[(1, '描いたセカイへ\u3000'), (2, '辿り着けるように')]",False,False,2
86.437,86.737,92,描いたセカイへ　辿り着けるように,"[(1, '描いたセカイ'), (2, 'へ\u3000辿り着けるように')]",False,False,2
86.103,86.437,92,描いたセカイへ　辿り着けるように,"[(1, '描いたセカ'), (2, 'イへ\u3000辿り着けるように')]",False,False,2
85.969,86.103,92,描いたセカイへ　辿り着けるように,"[(1, '描いたセ'), (2, 'カイへ\u3000辿り着けるように')]",False,False,2
85.669,85.969,92,描いたセカイへ　辿り着けるように,"[(1, '描いた'), (2, 'セカイへ\u3000辿り着けるように')]",False,False,2
85.469,85.669,92,描いたセカイへ　辿り着けるように,"[(1, '描い'), (2, 'たセカイへ\u3000辿り着けるように')]",False,False,2
85.335,85.469,92,描いたセカイへ　辿り着けるように,"[(1, '描'), (2, 'いたセカイへ\u3000辿り着けるように')]",False,False,2
85.202,85.335,92,描いたセカイへ　辿り着けるように,"[(1, '描'), (2, 'いたセカイへ\u3000辿り着けるように')]",False,True,2
56.173,57.107,92,星に願いをかけるんだ,"[(1, '星に願いをかけるんだ')]",True,False,2
55.906,56.173,92,星に願いをかけるんだ,"[(1, '星に願いをかけるん'), (2, 'だ')]",False,False,2
55.472,55.906,92,星に願いをかけるんだ,"[(1, '星に願いをかける'), (2, 'んだ')]",False,False,2
55.272,55.472,92,星に願いをかけるんだ,"[(1, '星に願いをかけ'), (2, 'るんだ')]",False,False,2
54.972,55.272,92,星に願いをかけるんだ,"[(1, '星に願いをか'), (2, 'けるんだ')]",False,False,2
54.671,54.972,92,星に願いをかけるんだ,"[(1, '星に願いを'), (2, 'かけるんだ')]",False,False,2
54.371,54.671,92,星に願いをかけるんだ,"[(1, '星に願い'), (2, 'をかけるんだ')]",False,False,2
53.737,54.371,92,星に願いをかけるんだ,"[(1, '星に願'), (2, 'いをかけるんだ')]",False,False,2
53.437,53.737,92,星に願いをかけるんだ,"[(1, '星に願'), (2, 'いをかけるんだ')]",False,False,2
53.137,53.437,92,星に願いをかけるんだ,"[(1, '星に'), (2, '願いをかけるんだ')]",False,False,2
52.536,53.137,92,星に願いをかけるんだ,"[(1, '星'), (2, 'に願いをかけるんだ')]",False,False,2
52.202,52.536,92,星に願いをかけるんだ,"[(1, '星'), (2, 'に願いをかけるんだ')]",False,True,2
36.453,37.521,92,気づかないふりをしてたんだ,"[(1, '気づかないふりをしてたんだ')]",True,False,2
36.153,36.453,92,気づかないふりをしてたんだ,"[(1, '気づかないふりをしてたん'), (2, 'だ')]",False,False,2
35.853,36.153,92,気づかないふりをしてたんだ,"[(1, '気づかないふりをしてた'), (2, 'んだ')]",False,False,2
35.686,35.853,92,気づかないふりをしてたんだ,"[(1, '気づかないふりをして'), (2, 'たんだ')]",False,False,2
35.386,35.686,92,気づかないふりをしてたんだ,"[(1, '気づかないふりをし'), (2, 'てたんだ')]",False,False,2
35.185,35.386,92,気づかないふりをしてたんだ,"[(1, '気づかないふりを'), (2, 'してたんだ')]",False,False,2
34.918,35.185,92,気づかないふりをしてたんだ,"[(1, '気づかないふり'), (2, 'をしてたんだ')]",False,False,2
34.618,34.918,92,気づかないふりをしてたんだ,"[(1, '気づかないふ'), (2, 'りをしてたんだ')]",False,False,2
34.385,34.618,92,気づかないふりをしてたんだ,"[(1, '気づかない'), (2, 'ふりをしてたんだ')]",False,False,2
34.018,34.385,92,気づかないふりをしてたんだ,"[(1, '気づかな'), (2, 'いふりをしてたんだ')]",False,False,2
33.851,34.018,92,気づかないふりをしてたんだ,"[(1, '気づか'), (2, 'ないふりをしてたんだ')]",False,False,2
33.684,33.851,92,気づかないふりをしてたんだ,"[(1, '気づ'), (2, 'かないふりをしてたんだ')]",False,False,2
33.55,33.684,92,気づかないふりをしてたんだ,"[(1, '気'), (2, 'づかないふりをしてたんだ')]",False,True,2
64.615,65.349,92,絶対諦めたくない,"[(1, '絶対諦めたくない')]",True,False,2
64.314,64.615,92,絶対諦めたくない,"[(1, '絶対諦めたくな'), (2, 'い')]",False,False,2
63.981,64.314,92,絶対諦めたくない,"[(1, '絶対諦めたく'), (2, 'ない')]",False,False,2
63.68,63.981,92,絶対諦めたくない,"[(1, '絶対諦めた'), (2, 'くない')]",False,False,2
63.414,63.68,92,絶対諦めたくない,"[(1, '絶対諦め'), (2, 'たくない')]",False,False,2
63.08,63.414,92,絶対諦めたくない,"[(1, '絶対諦'), (2, 'めたくない')]",False,False,2
62.813,63.08,92,絶対諦めたくない,"[(1, '絶対諦'), (2, 'めたくない')]",False,False,2
62.613,62.813,92,絶対諦めたくない,"[(1, '絶対諦'), (2, 'めたくない')]",False,False,2
62.312,62.613,92,絶対諦めたくない,"[(1, '絶対'), (2, '諦めたくない')]",False,False,2
62.012,62.312,92,絶対諦めたくない,"[(1, '絶対'), (2, '諦めたくない')]",False,False,2
61.712,62.012,92,絶対諦めたくない,"[(1, '絶'), (2, '対諦めたくない')]",False,False,2
61.412,61.712,92,絶対諦めたくない,"[(1, '絶'), (2, '対諦めたくない')]",False,True,2
79.363,81.031,92,見たことのないストーリー進んでいくんだ,"[(1, '見たことのないストーリー進んでいくんだ')]",True,False,2
79.096,79.363,92,見たことのないストーリー進んでいくんだ,"[(1, '見たことのないストーリー進んでいくん'), (2, 'だ')]",False,False,2
78.762,79.096,92,見たことのないストーリー進んでいくんだ,"[(1, '見たことのないストーリー進んでいく'), (2, 'んだ')]",False,False,2
78.462,78.762,92,見たことのないストーリー進んでいくんだ,"[(1, '見たことのないストーリー進んでい'), (2, 'くんだ')]",False,False,2
78.128,78.462,92,見たことのないストーリー進んでいくんだ,"[(1, '見たことのないストーリー進んで'), (2, 'いくんだ')]",False,False,2
77.961,78.128,92,見たことのないストーリー進んでいくんだ,"[(1, '見たことのないストーリー進ん'), (2, 'でいくんだ')]",False,False,2
77.828,77.961,92,見たことのないストーリー進んでいくんだ,"[(1, '見たことのないストーリー進'), (2, 'んでいくんだ')]",False,False,2
77.661,77.828,92,見たことのないストーリー進んでいくんだ,"[(1, '見たことのないストーリー進'), (2, 'んでいくんだ')]",False,False,2
76.927,77.661,92,見たことのないストーリー進んでいくんだ,"[(1, '見たことのないストーリー'), (2, '進んでいくんだ')]",False,False,2
76.593,76.927,92,見たことのないストーリー進んでいくんだ,"[(1, '見たことのないストーリ'), (2, 'ー進んでいくんだ')]",False,False,2
76.16,76.593,92,見たことのないストーリー進んでいくんだ,"[(1, '見たことのないストー'), (2, 'リー進んでいくんだ')]",False,False,2
75.993,76.16,92,見たことのないストーリー進んでいくんだ,"[(1, '見たことのないスト'), (2, 'ーリー進んでいくんだ')]",False,False,2
75.692,75.993,92,見たことのないストーリー進んでいくんだ,"[(1, '見たことのないス'), (2, 'トーリー進んでいくんだ')]",False,False,2
75.492,75.692,92,見たことのないストーリー進んでいくんだ,"[(1, '見たことのない'), (2, 'ストーリー進んでいくんだ')]",False,False,2
75.225,75.492,92,見たことのないストーリー進んでいくんだ,"[(1, '見たことのな'), (2, 'いストーリー進んでいくんだ')]",False,False,2
75.092,75.225,92,見たことのないストーリー進んでいくんだ,"[(1, '見たことの'), (2, 'ないストーリー進んでいくんだ')]",False,False,2
74.925,75.092,92,見たことのないストーリー進んでいくんだ,"[(1, '見たこと'), (2, 'のないストーリー進んでいくんだ')]",False,False,2
74.758,74.925,92,見たことのないストーリー進んでいくんだ,"[(1, '見たこ'), (2, 'とのないストーリー進んでいくんだ')]",False,False,2
74.458,74.758,92,見たことのないストーリー進んでいくんだ,"[(1, '見た'), (2, 'ことのないストーリー進んでいくんだ')]",False,False,2
74.291,74.458,92,見たことのないストーリー進んでいくんだ,"[(1, '見'), (2, 'たことのないストーリー進んでいくんだ')]",False,True,2
66.75,67.217,92,走りだすから,"[(1, '走りだすから')]",True,False,2
66.417,66.75,92,走りだすから,"[(1, '走りだすか'), (2, 'ら')]",False,False,2
66.116,66.417,92,走りだすから,"[(1, '走りだす'), (2, 'から')]",False,False,2
65.816,66.116,92,走りだすから,"[(1, '走りだ'), (2, 'すから')]",False,False,2
65.649,65.816,92,走りだすから,"[(1, '走り'), (2, 'だすから')]",False,False,2
65.482,65.649,92,走りだすから,"[(1, '走'), (2, 'りだすから')]",False,False,2
65.349,65.482,92,走りだすから,"[(1, '走'), (2, 'りだすから')]",False,True,2
73.29,74.291,92,追いかけて今　あのshootingstar,"[(1, '追いかけて今\u3000あのshootingstar')]",True,False,2
73.09,73.29,92,追いかけて今　あのshootingstar,"[(1, '追いかけて今\u3000あのshooting'), (2, 'star')]",False,False,2
72.056,73.09,92,追いかけて今　あのshootingstar,"[(1, '追いかけて今\u3000あのshoot'), (2, 'ingstar')]",False,False,2
71.755,72.056,92,追いかけて今　あのshootingstar,"[(1, '追いかけて今\u3000あの'), (2, 'shootingstar')]",False,False,2
71.555,71.755,92,追いかけて今　あのshootingstar,"[(1, '追いかけて今\u3000あ'), (2, 'のshootingstar')]",False,False,2
70.821,71.555,92,追いかけて今　あのshootingstar,"[(1, '追いかけて今\u3000'), (2, 'あのshootingstar')]",False,False,2
70.621,70.821,92,追いかけて今　あのshootingstar,"[(1, '追いかけて今'), (2, '\u3000あのshootingstar')]",False,False,2
69.586,70.621,92,追いかけて今　あのshootingstar,"[(1, '追いかけて'), (2, '今\u3000あのshootingstar')]",False,False,2
69.286,69.586,92,追いかけて今　あのshootingstar,"[(1, '追いかけ'), (2, 'て今\u3000あのshootingstar')]",False,False,2
69.119,69.286,92,追いかけて今　あのshootingstar,"[(1, '追いか'), (2, 'けて今\u3000あのshootingstar')]",False,False,2
68.952,69.119,92,追いかけて今　あのshootingstar,"[(1, '追い'), (2, 'かけて今\u3000あのshootingstar')]",False,False,2
68.819,68.952,92,追いかけて今　あのshootingstar,"[(1, '追'), (2, 'いかけて今\u3000あのshootingstar')]",False,True,2
