start,end,line,unformatted,segments,ref_start,ref_end,common_number
93.877,93.977,-1,(はぁ),"[(2, '(はぁ)')]",True,False,0
93.811,93.877,-1,(はぁ),"[(2, '(はぁ)')]",False,False,0
93.744,93.811,-1,(はぁ),"[(2, '(はぁ)')]",False,False,0
93.677,93.744,-1,(はぁ),"[(2, '(はぁ)')]",False,False,0
93.61,93.677,-1,(はぁ),"[(2, '(はぁ)')]",False,False,0
93.544,93.61,-1,(はぁ),"[(2, '(はぁ)')]",False,False,0
93.477,93.544,-1,(はぁ),"[(2, '(はぁ)')]",False,False,0
48.699,48.799,-1,(はぁ),"[(2, '(はぁ)')]",False,False,0
48.632,48.699,-1,(はぁ),"[(2, '(はぁ)')]",False,False,0
48.565,48.632,-1,(はぁ),"[(2, '(はぁ)')]",False,False,0
48.499,48.565,-1,(はぁ),"[(2, '(はぁ)')]",False,False,0
48.432,48.499,-1,(はぁ),"[(2, '(はぁ)')]",False,False,0
48.365,48.432,-1,(はぁ),"[(2, '(はぁ)')]",False,False,0
48.298,48.365,-1,(はぁ),"[(2, '(はぁ)')]",False,True,0
6.39,6.59,-1,(ストレンジ),"[(2, '(ストレンジ)')]",True,False,3
5.689,6.39,-1,(ストレンジ),"[(2, '(ストレン'), (3, 'ジ)')]",False,True,3
13.263,16.5,91,art:トロ３mv:ねびる,"[(2, 'art:トロ３'), (2, 'mv:ねびる')]",True,True,0
9.893,13.263,-1,mix:なつめ千秋,"[(2, 'mix:なつめ千秋')]",True,True,0
6.59,9.893,-1,originalsong:¿?shimon,"[(2, 'originalsong:¿?shimon')]",True,True,0
16.5,19.403,-1,vocals:ハコス・ベールズ,"[(2, 'vocals:ハコス・ベールズ')]",True,True,0
42.96,43.427,0,『すべてはあなたのため』,"[(2, '『すべてはあなたのため』')]",True,False,3
42.559,42.96,0,『すべてはあなたのため』,"[(2, '『すべてはあなたのた'), (3, 'め'), (2, '』')]",False,False,3
42.159,42.559,0,『すべてはあなたのため』,"[(2, '『すべてはあなたの'), (3, 'ため'), (2, '』')]",False,False,3
41.759,42.159,0,『すべてはあなたのため』,"[(2, '『すべてはあなた'), (3, 'のため'), (2, '』')]",False,False,3
41.358,41.759,0,『すべてはあなたのため』,"[(2, '『すべてはあな'), (3, 'たのため'), (2, '』')]",False,False,3
40.924,41.358,0,『すべてはあなたのため』,"[(2, '『すべてはあ'), (3, 'なたのため'), (2, '』')]",False,False,3
40.491,40.924,0,『すべてはあなたのため』,"[(2, '『すべては'), (3, 'あなたのため'), (2, '』')]",False,False,3
40.357,40.491,0,『すべてはあなたのため』,"[(2, '『すべて'), (3, 'はあなたのため'), (2, '』')]",False,False,3
40.224,40.357,0,『すべてはあなたのため』,"[(2, '『すべ'), (3, 'てはあなたのため'), (2, '』')]",False,False,3
40.024,40.224,0,『すべてはあなたのため』,"[(2, '『す'), (3, 'べてはあなたのため'), (2, '』')]",False,True,3
87.671,88.105,0,『すべてはわがみのため』,"[(2, '『すべてはわがみのため』')]",True,False,3
87.271,87.671,0,『すべてはわがみのため』,"[(2, '『すべてはわがみのた'), (3, 'め'), (2, '』')]",False,False,3
86.87,87.271,0,『すべてはわがみのため』,"[(2, '『すべてはわがみの'), (3, 'ため'), (2, '』')]",False,False,3
86.437,86.87,0,『すべてはわがみのため』,"[(2, '『すべてはわがみ'), (3, 'のため'), (2, '』')]",False,False,3
86.036,86.437,0,『すべてはわがみのため』,"[(2, '『すべてはわが'), (3, 'みのため'), (2, '』')]",False,False,3
85.636,86.036,0,『すべてはわがみのため』,"[(2, '『すべてはわ'), (3, 'がみのため'), (2, '』')]",False,False,3
85.202,85.636,0,『すべてはわがみのため』,"[(2, '『すべては'), (3, 'わがみのため'), (2, '』')]",False,False,3
85.069,85.202,0,『すべてはわがみのため』,"[(2, '『すべて'), (3, 'はわがみのため'), (2, '』')]",False,False,3
84.935,85.069,0,『すべてはわがみのため』,"[(2, '『すべ'), (3, 'てはわがみのため'), (2, '』')]",False,False,3
84.735,84.935,0,『すべてはわがみのため』,"[(2, '『す'), (3, 'べてはわがみのため'), (2, '』')]",False,True,3
87.671,88.105,-1,『全ては我が身のため』,"[(2, '『全ては我が身のため』')]",True,False,3
87.271,87.671,-1,『全ては我が身のため』,"[(2, '『全ては我が身のた'), (3, 'め'), (2, '』')]",False,False,3
86.87,87.271,-1,『全ては我が身のため』,"[(2, '『全ては我が身の'), (3, 'ため'), (2, '』')]",False,False,3
86.437,86.87,-1,『全ては我が身のため』,"[(2, '『全ては我が身'), (3, 'のため'), (2, '』')]",False,False,3
86.036,86.437,-1,『全ては我が身のため』,"[(2, '『全ては我が'), (3, '身のため'), (2, '』')]",False,False,3
85.636,86.036,-1,『全ては我が身のため』,"[(2, '『全ては我'), (3, 'が身のため'), (2, '』')]",False,False,3
85.202,85.636,-1,『全ては我が身のため』,"[(2, '『全ては'), (3, '我が身のため'), (2, '』')]",False,False,3
85.069,85.202,-1,『全ては我が身のため』,"[(2, '『全て'), (3, 'は我が身のため'), (2, '』')]",False,False,3
84.935,85.069,-1,『全ては我が身のため』,"[(2, '『全'), (3, 'ては我が身のため'), (2, '』')]",False,False,3
84.735,84.935,-1,『全ては我が身のため』,"[(2, '『全'), (3, 'ては我が身のため'), (2, '』')]",False,True,3
42.559,43.427,-1,『全ては貴方の爲』,"[(2, '『全ては貴方の爲』')]",True,False,3
42.159,42.559,-1,『全ては貴方の爲』,"[(2, '『全ては貴方の'), (3, '爲'), (2, '』')]",False,False,3
41.759,42.159,-1,『全ては貴方の爲』,"[(2, '『全ては貴方'), (3, 'の爲'), (2, '』')]",False,False,3
41.358,41.759,-1,『全ては貴方の爲』,"[(2, '『全ては貴'), (3, '方の爲'), (2, '』')]",False,False,3
40.924,41.358,-1,『全ては貴方の爲』,"[(2, '『全ては貴'), (3, '方の爲'), (2, '』')]",False,False,3
40.491,40.924,-1,『全ては貴方の爲』,"[(2, '『全ては'), (3, '貴方の爲'), (2, '』')]",False,False,3
40.357,40.491,-1,『全ては貴方の爲』,"[(2, '『全て'), (3, 'は貴方の爲'), (2, '』')]",False,False,3
40.224,40.357,-1,『全ては貴方の爲』,"[(2, '『全'), (3, 'ては貴方の爲'), (2, '』')]",False,False,3
40.024,40.224,-1,『全ては貴方の爲』,"[(2, '『全'), (3, 'ては貴方の爲'), (2, '』')]",False,True,3
92.409,93.077,0,あーだこーだくどくどなあ..,"[(2, 'あーだこーだくどくどなあ..')]",True,False,3
91.842,92.409,0,あーだこーだくどくどなあ..,"[(2, 'あーだこーだくどくどな'), (3, 'あ'), (2, '..')]",False,False,3
91.008,91.842,0,あーだこーだくどくどなあ..,"[(2, 'あーだこーだくどくど'), (3, 'なあ'), (2, '..')]",False,False,3
90.574,91.008,0,あーだこーだくどくどなあ..,"[(2, 'あーだこーだくどく'), (3, 'どなあ'), (2, '..')]",False,False,3
90.174,90.574,0,あーだこーだくどくどなあ..,"[(2, 'あーだこーだくど'), (3, 'くどなあ'), (2, '..')]",False,False,3
89.74,90.174,0,あーだこーだくどくどなあ..,"[(2, 'あーだこーだく'), (3, 'どくどなあ'), (2, '..')]",False,False,3
89.339,89.74,0,あーだこーだくどくどなあ..,"[(2, 'あーだこーだ'), (3, 'くどくどなあ'), (2, '..')]",False,False,3
89.139,89.339,0,あーだこーだくどくどなあ..,"[(2, 'あーだこー'), (3, 'だくどくどなあ'), (2, '..')]",False,False,3
88.939,89.139,0,あーだこーだくどくどなあ..,"[(2, 'あーだこ'), (3, 'ーだくどくどなあ'), (2, '..')]",False,False,3
88.505,88.939,0,あーだこーだくどくどなあ..,"[(2, 'あーだ'), (3, 'こーだくどくどなあ'), (2, '..')]",False,False,3
88.305,88.505,0,あーだこーだくどくどなあ..,"[(2, 'あー'), (3, 'だこーだくどくどなあ'), (2, '..')]",False,False,3
88.105,88.305,0,あーだこーだくどくどなあ..,"[(2, 'あ'), (3, 'ーだこーだくどくどなあ'), (2, '..')]",False,False,3
47.731,48.032,0,あーだこーだくどくどなあ..,"[(2, 'あーだこーだくどくどなあ..')]",False,False,3
47.164,47.731,0,あーだこーだくどくどなあ..,"[(2, 'あーだこーだくどくどな'), (3, 'あ'), (2, '..')]",False,False,3
46.33,47.164,0,あーだこーだくどくどなあ..,"[(2, 'あーだこーだくどくど'), (3, 'なあ'), (2, '..')]",False,False,3
45.896,46.33,0,あーだこーだくどくどなあ..,"[(2, 'あーだこーだくどく'), (3, 'どなあ'), (2, '..')]",False,False,3
45.496,45.896,0,あーだこーだくどくどなあ..,"[(2, 'あーだこーだくど'), (3, 'くどなあ'), (2, '..')]",False,False,3
45.062,45.496,0,あーだこーだくどくどなあ..,"[(2, 'あーだこーだく'), (3, 'どくどなあ'), (2, '..')]",False,False,3
44.661,45.062,0,あーだこーだくどくどなあ..,"[(2, 'あーだこーだ'), (3, 'くどくどなあ'), (2, '..')]",False,False,3
44.461,44.661,0,あーだこーだくどくどなあ..,"[(2, 'あーだこー'), (3, 'だくどくどなあ'), (2, '..')]",False,False,3
44.261,44.461,0,あーだこーだくどくどなあ..,"[(2, 'あーだこ'), (3, 'ーだくどくどなあ'), (2, '..')]",False,False,3
43.827,44.261,0,あーだこーだくどくどなあ..,"[(2, 'あーだ'), (3, 'こーだくどくどなあ'), (2, '..')]",False,False,3
43.627,43.827,0,あーだこーだくどくどなあ..,"[(2, 'あー'), (3, 'だこーだくどくどなあ'), (2, '..')]",False,False,3
43.427,43.627,0,あーだこーだくどくどなあ..,"[(2, 'あ'), (3, 'ーだこーだくどくどなあ'), (2, '..')]",False,True,3
92.409,93.077,-1,あーだこーだクドクドなあ..,"[(2, 'あーだこーだクドクドなあ..')]",True,False,3
91.842,92.409,-1,あーだこーだクドクドなあ..,"[(2, 'あーだこーだクドクドな'), (3, 'あ'), (2, '..')]",False,False,3
91.008,91.842,-1,あーだこーだクドクドなあ..,"[(2, 'あーだこーだクドクド'), (3, 'なあ'), (2, '..')]",False,False,3
90.574,91.008,-1,あーだこーだクドクドなあ..,"[(2, 'あーだこーだクドク'), (3, 'ドなあ'), (2, '..')]",False,False,3
90.174,90.574,-1,あーだこーだクドクドなあ..,"[(2, 'あーだこーだクド'), (3, 'クドなあ'), (2, '..')]",False,False,3
89.74,90.174,-1,あーだこーだクドクドなあ..,"[(2, 'あーだこーだク'), (3, 'ドクドなあ'), (2, '..')]",False,False,3
89.339,89.74,-1,あーだこーだクドクドなあ..,"[(2, 'あーだこーだ'), (3, 'クドクドなあ'), (2, '..')]",False,False,3
89.139,89.339,-1,あーだこーだクドクドなあ..,"[(2, 'あーだこー'), (3, 'だクドクドなあ'), (2, '..')]",False,False,3
88.939,89.139,-1,あーだこーだクドクドなあ..,"[(2, 'あーだこ'), (3, 'ーだクドクドなあ'), (2, '..')]",False,False,3
88.505,88.939,-1,あーだこーだクドクドなあ..,"[(2, 'あーだ'), (3, 'こーだクドクドなあ'), (2, '..')]",False,False,3
88.305,88.505,-1,あーだこーだクドクドなあ..,"[(2, 'あー'), (3, 'だこーだクドクドなあ'), (2, '..')]",False,False,3
88.105,88.305,-1,あーだこーだクドクドなあ..,"[(2, 'あ'), (3, 'ーだこーだクドクドなあ'), (2, '..')]",False,False,3
47.731,48.032,-1,あーだこーだクドクドなあ..,"[(2, 'あーだこーだクドクドなあ..')]",False,False,3
47.164,47.731,-1,あーだこーだクドクドなあ..,"[(2, 'あーだこーだクドクドな'), (3, 'あ'), (2, '..')]",False,False,3
46.33,47.164,-1,あーだこーだクドクドなあ..,"[(2, 'あーだこーだクドクド'), (3, 'なあ'), (2, '..')]",False,False,3
45.896,46.33,-1,あーだこーだクドクドなあ..,"[(2, 'あーだこーだクドク'), (3, 'ドなあ'), (2, '..')]",False,False,3
45.496,45.896,-1,あーだこーだクドクドなあ..,"[(2, 'あーだこーだクド'), (3, 'クドなあ'), (2, '..')]",False,False,3
45.062,45.496,-1,あーだこーだクドクドなあ..,"[(2, 'あーだこーだク'), (3, 'ドクドなあ'), (2, '..')]",False,False,3
44.661,45.062,-1,あーだこーだクドクドなあ..,"[(2, 'あーだこーだ'), (3, 'クドクドなあ'), (2, '..')]",False,False,3
44.461,44.661,-1,あーだこーだクドクドなあ..,"[(2, 'あーだこー'), (3, 'だクドクドなあ'), (2, '..')]",False,False,3
44.261,44.461,-1,あーだこーだクドクドなあ..,"[(2, 'あーだこ'), (3, 'ーだクドクドなあ'), (2, '..')]",False,False,3
43.827,44.261,-1,あーだこーだクドクドなあ..,"[(2, 'あーだ'), (3, 'こーだクドクドなあ'), (2, '..')]",False,False,3
43.627,43.827,-1,あーだこーだクドクドなあ..,"[(2, 'あー'), (3, 'だこーだクドクドなあ'), (2, '..')]",False,False,3
43.427,43.627,-1,あーだこーだクドクドなあ..,"[(2, 'あ'), (3, 'ーだこーだクドクドなあ'), (2, '..')]",False,True,3
76.927,77.361,0,いびつなきりつだyou’rekiddingme,"[(2, 'いびつなきりつだyou’rekiddingme')]",True,False,3
76.727,76.927,0,いびつなきりつだyou’rekiddingme,"[(2, 'いびつなきりつだyou’rekidding'), (3, 'me')]",False,False,3
76.46,76.727,0,いびつなきりつだyou’rekiddingme,"[(2, 'いびつなきりつだyou’rekid'), (3, 'dingme')]",False,False,3
76.393,76.46,0,いびつなきりつだyou’rekiddingme,"[(2, 'いびつなきりつだyou’re'), (3, 'kiddingme')]",False,False,3
76.36,76.393,0,いびつなきりつだyou’rekiddingme,"[(2, 'いびつなきりつだ'), (3, 'you’rekiddingme')]",False,False,3
76.293,76.36,0,いびつなきりつだyou’rekiddingme,"[(2, 'いびつなきりつ'), (3, 'だyou’rekiddingme')]",False,False,3
76.226,76.293,0,いびつなきりつだyou’rekiddingme,"[(2, 'いびつなきり'), (3, 'つだyou’rekiddingme')]",False,False,3
76.093,76.226,0,いびつなきりつだyou’rekiddingme,"[(2, 'いびつなき'), (3, 'りつだyou’rekiddingme')]",False,False,3
75.993,76.093,0,いびつなきりつだyou’rekiddingme,"[(2, 'いびつな'), (3, 'きりつだyou’rekiddingme')]",False,False,3
75.893,75.993,0,いびつなきりつだyou’rekiddingme,"[(2, 'いびつ'), (3, 'なきりつだyou’rekiddingme')]",False,False,3
75.793,75.893,0,いびつなきりつだyou’rekiddingme,"[(2, 'いび'), (3, 'つなきりつだyou’rekiddingme')]",False,False,3
75.692,75.793,0,いびつなきりつだyou’rekiddingme,"[(2, 'い'), (3, 'びつなきりつだyou’rekiddingme')]",False,True,3
71.088,71.522,0,いみないおまえのきっしょいいきがい,"[(2, 'いみないおまえのきっしょいいきがい')]",True,False,3
70.721,71.088,0,いみないおまえのきっしょいいきがい,"[(2, 'いみないおまえのきっしょいいきが'), (3, 'い')]",False,False,3
70.454,70.721,0,いみないおまえのきっしょいいきがい,"[(2, 'いみないおまえのきっしょいいき'), (3, 'がい')]",False,False,3
70.32,70.454,0,いみないおまえのきっしょいいきがい,"[(2, 'いみないおまえのきっしょいい'), (3, 'きがい')]",False,False,3
70.087,70.32,0,いみないおまえのきっしょいいきがい,"[(2, 'いみないおまえのきっしょい'), (3, 'いきがい')]",False,False,3
70.02,70.087,0,いみないおまえのきっしょいいきがい,"[(2, 'いみないおまえのきっしょ'), (3, 'いいきがい')]",False,False,3
69.953,70.02,0,いみないおまえのきっしょいいきがい,"[(2, 'いみないおまえのきっ'), (3, 'しょいいきがい')]",False,False,3
69.887,69.953,0,いみないおまえのきっしょいいきがい,"[(2, 'いみないおまえのき'), (3, 'っしょいいきがい')]",False,False,3
69.787,69.887,0,いみないおまえのきっしょいいきがい,"[(2, 'いみないおまえの'), (3, 'きっしょいいきがい')]",False,False,3
69.653,69.787,0,いみないおまえのきっしょいいきがい,"[(2, 'いみないおまえ'), (3, 'のきっしょいいきがい')]",False,False,3
69.553,69.653,0,いみないおまえのきっしょいいきがい,"[(2, 'いみないおま'), (3, 'えのきっしょいいきがい')]",False,False,3
69.453,69.553,0,いみないおまえのきっしょいいきがい,"[(2, 'いみないお'), (3, 'まえのきっしょいいきがい')]",False,False,3
69.353,69.453,0,いみないおまえのきっしょいいきがい,"[(2, 'いみない'), (3, 'おまえのきっしょいいきがい')]",False,False,3
69.253,69.353,0,いみないおまえのきっしょいいきがい,"[(2, 'いみな'), (3, 'いおまえのきっしょいいきがい')]",False,False,3
69.119,69.253,0,いみないおまえのきっしょいいきがい,"[(2, 'いみ'), (3, 'ないおまえのきっしょいいきがい')]",False,False,3
69.053,69.119,0,いみないおまえのきっしょいいきがい,"[(2, 'い'), (3, 'みないおまえのきっしょいいきがい')]",False,True,3
84.368,84.735,0,うそでもわらえるでしょ,"[(2, 'うそでもわらえるでしょ')]",True,False,3
83.967,84.368,0,うそでもわらえるでしょ,"[(2, 'うそでもわらえるで'), (3, 'しょ')]",False,False,3
83.567,83.967,0,うそでもわらえるでしょ,"[(2, 'うそでもわらえる'), (3, 'でしょ')]",False,False,3
83.133,83.567,0,うそでもわらえるでしょ,"[(2, 'うそでもわらえ'), (3, 'るでしょ')]",False,False,3
82.733,83.133,0,うそでもわらえるでしょ,"[(2, 'うそでもわら'), (3, 'えるでしょ')]",False,False,3
82.332,82.733,0,うそでもわらえるでしょ,"[(2, 'うそでもわ'), (3, 'らえるでしょ')]",False,False,3
81.899,82.332,0,うそでもわらえるでしょ,"[(2, 'うそでも'), (3, 'わらえるでしょ')]",False,False,3
81.765,81.899,0,うそでもわらえるでしょ,"[(2, 'うそで'), (3, 'もわらえるでしょ')]",False,False,3
81.632,81.765,0,うそでもわらえるでしょ,"[(2, 'うそ'), (3, 'でもわらえるでしょ')]",False,False,3
81.498,81.632,0,うそでもわらえるでしょ,"[(2, 'う'), (3, 'そでもわらえるでしょ')]",False,True,3
39.69,40.024,0,うそでもわらえるのさ,"[(2, 'うそでもわらえるのさ')]",True,False,3
39.323,39.69,0,うそでもわらえるのさ,"[(2, 'うそでもわらえるの'), (3, 'さ')]",False,False,3
38.856,39.323,0,うそでもわらえるのさ,"[(2, 'うそでもわらえる'), (3, 'のさ')]",False,False,3
38.422,38.856,0,うそでもわらえるのさ,"[(2, 'うそでもわらえ'), (3, 'るのさ')]",False,False,3
38.055,38.422,0,うそでもわらえるのさ,"[(2, 'うそでもわら'), (3, 'えるのさ')]",False,False,3
37.588,38.055,0,うそでもわらえるのさ,"[(2, 'うそでもわ'), (3, 'らえるのさ')]",False,False,3
37.187,37.588,0,うそでもわらえるのさ,"[(2, 'うそでも'), (3, 'わらえるのさ')]",False,False,3
37.054,37.187,0,うそでもわらえるのさ,"[(2, 'うそで'), (3, 'もわらえるのさ')]",False,False,3
36.954,37.054,0,うそでもわらえるのさ,"[(2, 'うそ'), (3, 'でもわらえるのさ')]",False,False,3
36.787,36.954,0,うそでもわらえるのさ,"[(2, 'う'), (3, 'そでもわらえるのさ')]",False,True,3
124.141,124.208,-1,うるさい,"[(2, 'うるさい')]",True,False,3
124.074,124.141,-1,うるさい,"[(2, 'うるさい')]",False,False,3
124.007,124.074,-1,うるさい,"[(2, 'うるさい')]",False,False,3
123.941,124.007,-1,うるさい,"[(2, 'うるさい')]",False,False,3
123.841,123.941,-1,うるさい,"[(2, 'うるさ'), (3, 'い')]",False,False,3
123.774,123.841,-1,うるさい,"[(2, 'うるさ'), (3, 'い')]",False,False,3
123.74,123.774,-1,うるさい,"[(2, 'うるさ'), (3, 'い')]",False,False,3
123.44,123.74,-1,うるさい,"[(2, 'うる'), (3, 'さい')]",False,False,3
123.307,123.44,-1,うるさい,"[(2, 'う'), (3, 'るさい')]",False,True,3
105.889,107.524,-1,うるさいな,"[(2, 'うるさいな')]",True,False,3
105.656,105.889,-1,うるさいな,"[(2, 'うるさい'), (3, 'な')]",False,False,3
105.456,105.656,-1,うるさいな,"[(2, 'うるさ'), (3, 'いな')]",False,False,3
105.189,105.456,-1,うるさいな,"[(2, 'うる'), (3, 'さいな')]",False,False,3
105.055,105.189,-1,うるさいな,"[(2, 'う'), (3, 'るさいな')]",False,False,3
99.283,100.918,-1,うるさいな,"[(2, 'うるさいな')]",False,False,3
99.049,99.283,-1,うるさいな,"[(2, 'うるさい'), (3, 'な')]",False,False,3
98.849,99.049,-1,うるさいな,"[(2, 'うるさ'), (3, 'いな')]",False,False,3
98.582,98.849,-1,うるさいな,"[(2, 'うる'), (3, 'さいな')]",False,False,3
98.449,98.582,-1,うるさいな,"[(2, 'う'), (3, 'るさいな')]",False,False,3
59.543,61.211,-1,うるさいな,"[(2, 'うるさいな')]",False,False,3
59.309,59.543,-1,うるさいな,"[(2, 'うるさい'), (3, 'な')]",False,False,3
59.109,59.309,-1,うるさいな,"[(2, 'うるさ'), (3, 'いな')]",False,False,3
58.842,59.109,-1,うるさいな,"[(2, 'うる'), (3, 'さいな')]",False,False,3
58.709,58.842,-1,うるさいな,"[(2, 'う'), (3, 'るさいな')]",False,True,3
52.936,54.571,-1,うるさいな　うるさいな,"[(2, 'うるさいな\u3000うるさいな')]",True,False,3
52.736,52.936,-1,うるさいな　うるさいな,"[(2, 'うるさいな\u3000うるさい'), (3, 'な')]",False,False,3
52.536,52.736,-1,うるさいな　うるさいな,"[(2, 'うるさいな\u3000うるさ'), (3, 'いな')]",False,False,3
52.202,52.536,-1,うるさいな　うるさいな,"[(2, 'うるさいな\u3000うる'), (3, 'さいな')]",False,False,3
52.102,52.202,-1,うるさいな　うるさいな,"[(2, 'うるさいな\u3000う'), (3, 'るさいな')]",False,False,3
49.633,52.102,-1,うるさいな　うるさいな,"[(2, 'うるさいな\u3000'), (3, 'うるさいな')]",False,False,3
49.4,49.633,-1,うるさいな　うるさいな,"[(2, 'うるさい'), (3, 'な\u3000うるさいな')]",False,False,3
49.199,49.4,-1,うるさいな　うるさいな,"[(2, 'うるさ'), (3, 'いな\u3000うるさいな')]",False,False,3
48.932,49.199,-1,うるさいな　うるさいな,"[(2, 'うる'), (3, 'さいな\u3000うるさいな')]",False,False,3
48.799,48.932,-1,うるさいな　うるさいな,"[(2, 'う'), (3, 'るさいな\u3000うるさいな')]",False,True,3
122.606,122.84,-1,うるさいーうるさいーうるさい,"[(2, 'うるさいーうるさいーうるさい')]",True,False,3
122.339,122.606,-1,うるさいーうるさいーうるさい,"[(2, 'うるさいーうるさいーうるさ'), (3, 'い')]",False,False,3
122.106,122.339,-1,うるさいーうるさいーうるさい,"[(2, 'うるさいーうるさいーうる'), (3, 'さい')]",False,False,3
122.039,122.106,-1,うるさいーうるさいーうるさい,"[(2, 'うるさいーうるさいーう'), (3, 'るさい')]",False,False,3
121.805,122.039,-1,うるさいーうるさいーうるさい,"[(2, 'うるさいーうるさいー'), (3, 'うるさい')]",False,False,3
121.605,121.805,-1,うるさいーうるさいーうるさい,"[(2, 'うるさいーうるさ'), (3, 'いーうるさい')]",False,False,3
121.371,121.605,-1,うるさいーうるさいーうるさい,"[(2, 'うるさいーうる'), (3, 'さいーうるさい')]",False,False,3
121.271,121.371,-1,うるさいーうるさいーうるさい,"[(2, 'うるさいーう'), (3, 'るさいーうるさい')]",False,False,3
121.038,121.271,-1,うるさいーうるさいーうるさい,"[(2, 'うるさいー'), (3, 'うるさいーうるさい')]",False,False,3
120.771,121.038,-1,うるさいーうるさいーうるさい,"[(2, 'うるさ'), (3, 'いーうるさいーうるさい')]",False,False,3
120.504,120.771,-1,うるさいーうるさいーうるさい,"[(2, 'うる'), (3, 'さいーうるさいーうるさい')]",False,False,3
120.37,120.504,-1,うるさいーうるさいーうるさい,"[(2, 'う'), (3, 'るさいーうるさいーうるさい')]",False,False,3
120.137,120.37,-1,うるさいーうるさいーうるさい,"[(2, 'うるさいーうるさいーうるさい')]",False,False,3
119.937,120.137,-1,うるさいーうるさいーうるさい,"[(2, 'うるさいーうるさいーうるさ'), (3, 'い')]",False,False,3
119.636,119.937,-1,うるさいーうるさいーうるさい,"[(2, 'うるさいーうるさいーうる'), (3, 'さい')]",False,False,3
119.536,119.636,-1,うるさいーうるさいーうるさい,"[(2, 'うるさいーうるさいーう'), (3, 'るさい')]",False,False,3
119.303,119.536,-1,うるさいーうるさいーうるさい,"[(2, 'うるさいーうるさいー'), (3, 'うるさい')]",False,False,3
119.069,119.303,-1,うるさいーうるさいーうるさい,"[(2, 'うるさいーうるさ'), (3, 'いーうるさい')]",False,False,3
118.869,119.069,-1,うるさいーうるさいーうるさい,"[(2, 'うるさいーうる'), (3, 'さいーうるさい')]",False,False,3
118.735,118.869,-1,うるさいーうるさいーうるさい,"[(2, 'うるさいーう'), (3, 'るさいーうるさい')]",False,False,3
118.502,118.735,-1,うるさいーうるさいーうるさい,"[(2, 'うるさいー'), (3, 'うるさいーうるさい')]",False,False,3
118.302,118.502,-1,うるさいーうるさいーうるさい,"[(2, 'うるさ'), (3, 'いーうるさいーうるさい')]",False,False,3
118.035,118.302,-1,うるさいーうるさいーうるさい,"[(2, 'うる'), (3, 'さいーうるさいーうるさい')]",False,False,3
117.901,118.035,-1,うるさいーうるさいーうるさい,"[(2, 'う'), (3, 'るさいーうるさいーうるさい')]",False,False,3
117.668,117.901,-1,うるさいーうるさいーうるさい,"[(2, 'うるさいーうるさいーうるさい')]",False,False,3
117.468,117.668,-1,うるさいーうるさいーうるさい,"[(2, 'うるさいーうるさいーうるさ'), (3, 'い')]",False,False,3
117.234,117.468,-1,うるさいーうるさいーうるさい,"[(2, 'うるさいーうるさいーうる'), (3, 'さい')]",False,False,3
117.134,117.234,-1,うるさいーうるさいーうるさい,"[(2, 'うるさいーうるさいーう'), (3, 'るさい')]",False,False,3
116.867,117.134,-1,うるさいーうるさいーうるさい,"[(2, 'うるさいーうるさいー'), (3, 'うるさい')]",False,False,3
116.667,116.867,-1,うるさいーうるさいーうるさい,"[(2, 'うるさいーうるさ'), (3, 'いーうるさい')]",False,False,3
116.433,116.667,-1,うるさいーうるさいーうるさい,"[(2, 'うるさいーうる'), (3, 'さいーうるさい')]",False,False,3
116.3,116.433,-1,うるさいーうるさいーうるさい,"[(2, 'うるさいーう'), (3, 'るさいーうるさい')]",False,False,3
116.133,116.3,-1,うるさいーうるさいーうるさい,"[(2, 'うるさいー'), (3, 'うるさいーうるさい')]",False,False,3
115.866,116.133,-1,うるさいーうるさいーうるさい,"[(2, 'うるさ'), (3, 'いーうるさいーうるさい')]",False,False,3
115.666,115.866,-1,うるさいーうるさいーうるさい,"[(2, 'うる'), (3, 'さいーうるさいーうるさい')]",False,False,3
115.532,115.666,-1,うるさいーうるさいーうるさい,"[(2, 'う'), (3, 'るさいーうるさいーうるさい')]",False,False,3
115.232,115.532,-1,うるさいーうるさいーうるさい,"[(2, 'うるさいーうるさいーうるさい')]",False,False,3
114.998,115.232,-1,うるさいーうるさいーうるさい,"[(2, 'うるさいーうるさいーうるさ'), (3, 'い')]",False,False,3
114.731,114.998,-1,うるさいーうるさいーうるさい,"[(2, 'うるさいーうるさいーうる'), (3, 'さい')]",False,False,3
114.631,114.731,-1,うるさいーうるさいーうるさい,"[(2, 'うるさいーうるさいーう'), (3, 'るさい')]",False,False,3
114.398,114.631,-1,うるさいーうるさいーうるさい,"[(2, 'うるさいーうるさいー'), (3, 'うるさい')]",False,False,3
114.164,114.398,-1,うるさいーうるさいーうるさい,"[(2, 'うるさいーうるさ'), (3, 'いーうるさい')]",False,False,3
113.964,114.164,-1,うるさいーうるさいーうるさい,"[(2, 'うるさいーうる'), (3, 'さいーうるさい')]",False,False,3
113.831,113.964,-1,うるさいーうるさいーうるさい,"[(2, 'うるさいーう'), (3, 'るさいーうるさい')]",False,False,3
113.597,113.831,-1,うるさいーうるさいーうるさい,"[(2, 'うるさいー'), (3, 'うるさいーうるさい')]",False,False,3
113.363,113.597,-1,うるさいーうるさいーうるさい,"[(2, 'うるさ'), (3, 'いーうるさいーうるさい')]",False,False,3
113.13,113.363,-1,うるさいーうるさいーうるさい,"[(2, 'うる'), (3, 'さいーうるさいーうるさい')]",False,False,3
112.996,113.13,-1,うるさいーうるさいーうるさい,"[(2, 'う'), (3, 'るさいーうるさいーうるさい')]",False,False,3
112.729,112.996,-1,うるさいーうるさいーうるさい,"[(2, 'うるさいーうるさいーうるさい')]",False,False,3
112.529,112.729,-1,うるさいーうるさいーうるさい,"[(2, 'うるさいーうるさいーうるさ'), (3, 'い')]",False,False,3
112.196,112.529,-1,うるさいーうるさいーうるさい,"[(2, 'うるさいーうるさいーうる'), (3, 'さい')]",False,False,3
112.096,112.196,-1,うるさいーうるさいーうるさい,"[(2, 'うるさいーうるさいーう'), (3, 'るさい')]",False,False,3
111.862,112.096,-1,うるさいーうるさいーうるさい,"[(2, 'うるさいーうるさいー'), (3, 'うるさい')]",False,False,3
111.628,111.862,-1,うるさいーうるさいーうるさい,"[(2, 'うるさいーうるさ'), (3, 'いーうるさい')]",False,False,3
111.462,111.628,-1,うるさいーうるさいーうるさい,"[(2, 'うるさいーうる'), (3, 'さいーうるさい')]",False,False,3
111.361,111.462,-1,うるさいーうるさいーうるさい,"[(2, 'うるさいーう'), (3, 'るさいーうるさい')]",False,False,3
111.128,111.361,-1,うるさいーうるさいーうるさい,"[(2, 'うるさいー'), (3, 'うるさいーうるさい')]",False,False,3
110.861,111.128,-1,うるさいーうるさいーうるさい,"[(2, 'うるさ'), (3, 'いーうるさいーうるさい')]",False,False,3
110.627,110.861,-1,うるさいーうるさいーうるさい,"[(2, 'うる'), (3, 'さいーうるさいーうるさい')]",False,False,3
110.461,110.627,-1,うるさいーうるさいーうるさい,"[(2, 'う'), (3, 'るさいーうるさいーうるさい')]",False,True,3
81.231,81.498,0,きょうもばかみたいにわらいましょう,"[(2, 'きょうもばかみたいにわらいましょう')]",True,False,3
81.065,81.231,0,きょうもばかみたいにわらいましょう,"[(2, 'きょうもばかみたいにわらいましょ'), (3, 'う')]",False,False,3
80.631,81.065,0,きょうもばかみたいにわらいましょう,"[(2, 'きょうもばかみたいにわらいま'), (3, 'しょう')]",False,False,3
80.264,80.631,0,きょうもばかみたいにわらいましょう,"[(2, 'きょうもばかみたいにわらい'), (3, 'ましょう')]",False,False,3
79.83,80.264,0,きょうもばかみたいにわらいましょう,"[(2, 'きょうもばかみたいにわら'), (3, 'いましょう')]",False,False,3
79.43,79.83,0,きょうもばかみたいにわらいましょう,"[(2, 'きょうもばかみたいにわ'), (3, 'らいましょう')]",False,False,3
79.029,79.43,0,きょうもばかみたいにわらいましょう,"[(2, 'きょうもばかみたいに'), (3, 'わらいましょう')]",False,False,3
78.796,79.029,0,きょうもばかみたいにわらいましょう,"[(2, 'きょうもばかみたい'), (3, 'にわらいましょう')]",False,False,3
78.595,78.796,0,きょうもばかみたいにわらいましょう,"[(2, 'きょうもばかみた'), (3, 'いにわらいましょう')]",False,False,3
78.429,78.595,0,きょうもばかみたいにわらいましょう,"[(2, 'きょうもばかみ'), (3, 'たいにわらいましょう')]",False,False,3
78.328,78.429,0,きょうもばかみたいにわらいましょう,"[(2, 'きょうもばか'), (3, 'みたいにわらいましょう')]",False,False,3
78.195,78.328,0,きょうもばかみたいにわらいましょう,"[(2, 'きょうもば'), (3, 'かみたいにわらいましょう')]",False,False,3
77.761,78.195,0,きょうもばかみたいにわらいましょう,"[(2, 'きょうも'), (3, 'ばかみたいにわらいましょう')]",False,False,3
77.561,77.761,0,きょうもばかみたいにわらいましょう,"[(2, 'きょう'), (3, 'もばかみたいにわらいましょう')]",False,False,3
77.361,77.561,0,きょうもばかみたいにわらいましょう,"[(2, 'きょ'), (3, 'うもばかみたいにわらいましょう')]",False,True,3
36.387,36.787,0,きょうもばかみたいにわらうのさ,"[(2, 'きょうもばかみたいにわらうのさ')]",True,False,3
35.953,36.387,0,きょうもばかみたいにわらうのさ,"[(2, 'きょうもばかみたいにわらうの'), (3, 'さ')]",False,False,3
35.552,35.953,0,きょうもばかみたいにわらうのさ,"[(2, 'きょうもばかみたいにわらう'), (3, 'のさ')]",False,False,3
35.119,35.552,0,きょうもばかみたいにわらうのさ,"[(2, 'きょうもばかみたいにわら'), (3, 'うのさ')]",False,False,3
34.718,35.119,0,きょうもばかみたいにわらうのさ,"[(2, 'きょうもばかみたいにわ'), (3, 'らうのさ')]",False,False,3
34.318,34.718,0,きょうもばかみたいにわらうのさ,"[(2, 'きょうもばかみたいに'), (3, 'わらうのさ')]",False,False,3
34.051,34.318,0,きょうもばかみたいにわらうのさ,"[(2, 'きょうもばかみたい'), (3, 'にわらうのさ')]",False,False,3
33.884,34.051,0,きょうもばかみたいにわらうのさ,"[(2, 'きょうもばかみた'), (3, 'いにわらうのさ')]",False,False,3
33.751,33.884,0,きょうもばかみたいにわらうのさ,"[(2, 'きょうもばかみ'), (3, 'たいにわらうのさ')]",False,False,3
33.617,33.751,0,きょうもばかみたいにわらうのさ,"[(2, 'きょうもばか'), (3, 'みたいにわらうのさ')]",False,False,3
33.484,33.617,0,きょうもばかみたいにわらうのさ,"[(2, 'きょうもば'), (3, 'かみたいにわらうのさ')]",False,False,3
33.05,33.484,0,きょうもばかみたいにわらうのさ,"[(2, 'きょうも'), (3, 'ばかみたいにわらうのさ')]",False,False,3
32.883,33.05,0,きょうもばかみたいにわらうのさ,"[(2, 'きょう'), (3, 'もばかみたいにわらうのさ')]",False,False,3
32.683,32.883,0,きょうもばかみたいにわらうのさ,"[(2, 'きょ'), (3, 'うもばかみたいにわらうのさ')]",False,True,3
68.652,69.053,0,きりないとかげのしっぽぎり,"[(2, 'きりないとかげのしっぽぎり')]",True,False,3
68.552,68.652,0,きりないとかげのしっぽぎり,"[(2, 'きりないとかげのしっぽぎ'), (3, 'り')]",False,False,3
68.452,68.552,0,きりないとかげのしっぽぎり,"[(2, 'きりないとかげのしっぽ'), (3, 'ぎり')]",False,False,3
68.352,68.452,0,きりないとかげのしっぽぎり,"[(2, 'きりないとかげのしっ'), (3, 'ぽぎり')]",False,False,3
68.218,68.352,0,きりないとかげのしっぽぎり,"[(2, 'きりないとかげのし'), (3, 'っぽぎり')]",False,False,3
68.118,68.218,0,きりないとかげのしっぽぎり,"[(2, 'きりないとかげの'), (3, 'しっぽぎり')]",False,False,3
68.018,68.118,0,きりないとかげのしっぽぎり,"[(2, 'きりないとかげ'), (3, 'のしっぽぎり')]",False,False,3
67.918,68.018,0,きりないとかげのしっぽぎり,"[(2, 'きりないとか'), (3, 'げのしっぽぎり')]",False,False,3
67.818,67.918,0,きりないとかげのしっぽぎり,"[(2, 'きりないと'), (3, 'かげのしっぽぎり')]",False,False,3
67.684,67.818,0,きりないとかげのしっぽぎり,"[(2, 'きりない'), (3, 'とかげのしっぽぎり')]",False,False,3
67.584,67.684,0,きりないとかげのしっぽぎり,"[(2, 'きりな'), (3, 'いとかげのしっぽぎり')]",False,False,3
67.484,67.584,0,きりないとかげのしっぽぎり,"[(2, 'きり'), (3, 'ないとかげのしっぽぎり')]",False,False,3
67.384,67.484,0,きりないとかげのしっぽぎり,"[(2, 'き'), (3, 'りないとかげのしっぽぎり')]",False,True,3
22.306,22.706,-1,くだらない　くだらない　綺麗事並べた,"[(2, 'くだらない\u3000くだらない\u3000綺麗事並べた')]",True,False,3
22.139,22.306,-1,くだらない　くだらない　綺麗事並べた,"[(2, 'くだらない\u3000くだらない\u3000綺麗事並べ'), (3, 'た')]",False,False,3
22.039,22.139,-1,くだらない　くだらない　綺麗事並べた,"[(2, 'くだらない\u3000くだらない\u3000綺麗事並'), (3, 'べた')]",False,False,3
21.905,22.039,-1,くだらない　くだらない　綺麗事並べた,"[(2, 'くだらない\u3000くだらない\u3000綺麗事並'), (3, 'べた')]",False,False,3
21.739,21.905,-1,くだらない　くだらない　綺麗事並べた,"[(2, 'くだらない\u3000くだらない\u3000綺麗事'), (3, '並べた')]",False,False,3
21.472,21.739,-1,くだらない　くだらない　綺麗事並べた,"[(2, 'くだらない\u3000くだらない\u3000綺麗事'), (3, '並べた')]",False,False,3
21.338,21.472,-1,くだらない　くだらない　綺麗事並べた,"[(2, 'くだらない\u3000くだらない\u3000綺麗'), (3, '事並べた')]",False,False,3
21.205,21.338,-1,くだらない　くだらない　綺麗事並べた,"[(2, 'くだらない\u3000くだらない\u3000綺麗'), (3, '事並べた')]",False,False,3
21.071,21.205,-1,くだらない　くだらない　綺麗事並べた,"[(2, 'くだらない\u3000くだらない\u3000綺'), (3, '麗事並べた')]",False,False,3
20.871,21.071,-1,くだらない　くだらない　綺麗事並べた,"[(2, 'くだらない\u3000くだらない\u3000'), (3, '綺麗事並べた')]",False,False,3
20.671,20.871,-1,くだらない　くだらない　綺麗事並べた,"[(2, 'くだらない\u3000くだらな'), (3, 'い\u3000綺麗事並べた')]",False,False,3
20.504,20.671,-1,くだらない　くだらない　綺麗事並べた,"[(2, 'くだらない\u3000くだら'), (3, 'ない\u3000綺麗事並べた')]",False,False,3
20.371,20.504,-1,くだらない　くだらない　綺麗事並べた,"[(2, 'くだらない\u3000くだ'), (3, 'らない\u3000綺麗事並べた')]",False,False,3
20.237,20.371,-1,くだらない　くだらない　綺麗事並べた,"[(2, 'くだらない\u3000く'), (3, 'だらない\u3000綺麗事並べた')]",False,False,3
20.037,20.237,-1,くだらない　くだらない　綺麗事並べた,"[(2, 'くだらない\u3000'), (3, 'くだらない\u3000綺麗事並べた')]",False,False,3
19.837,20.037,-1,くだらない　くだらない　綺麗事並べた,"[(2, 'くだらな'), (3, 'い\u3000くだらない\u3000綺麗事並べた')]",False,False,3
19.703,19.837,-1,くだらない　くだらない　綺麗事並べた,"[(2, 'くだら'), (3, 'ない\u3000くだらない\u3000綺麗事並べた')]",False,False,3
19.57,19.703,-1,くだらない　くだらない　綺麗事並べた,"[(2, 'くだ'), (3, 'らない\u3000くだらない\u3000綺麗事並べた')]",False,False,3
19.403,19.57,-1,くだらない　くだらない　綺麗事並べた,"[(2, 'く'), (3, 'だらない\u3000くだらない\u3000綺麗事並べた')]",False,True,3
22.306,22.706,0,くだらないくだらないきれいごとならべた,"[(2, 'くだらないくだらないきれいごとならべた')]",True,False,3
22.139,22.306,0,くだらないくだらないきれいごとならべた,"[(2, 'くだらないくだらないきれいごとならべ'), (3, 'た')]",False,False,3
22.039,22.139,0,くだらないくだらないきれいごとならべた,"[(2, 'くだらないくだらないきれいごとなら'), (3, 'べた')]",False,False,3
21.905,22.039,0,くだらないくだらないきれいごとならべた,"[(2, 'くだらないくだらないきれいごとな'), (3, 'らべた')]",False,False,3
21.739,21.905,0,くだらないくだらないきれいごとならべた,"[(2, 'くだらないくだらないきれいごと'), (3, 'ならべた')]",False,False,3
21.472,21.739,0,くだらないくだらないきれいごとならべた,"[(2, 'くだらないくだらないきれいご'), (3, 'とならべた')]",False,False,3
21.338,21.472,0,くだらないくだらないきれいごとならべた,"[(2, 'くだらないくだらないきれい'), (3, 'ごとならべた')]",False,False,3
21.205,21.338,0,くだらないくだらないきれいごとならべた,"[(2, 'くだらないくだらないきれ'), (3, 'いごとならべた')]",False,False,3
21.071,21.205,0,くだらないくだらないきれいごとならべた,"[(2, 'くだらないくだらないき'), (3, 'れいごとならべた')]",False,False,3
20.871,21.071,0,くだらないくだらないきれいごとならべた,"[(2, 'くだらないくだらない'), (3, 'きれいごとならべた')]",False,False,3
20.671,20.871,0,くだらないくだらないきれいごとならべた,"[(2, 'くだらないくだらな'), (3, 'いきれいごとならべた')]",False,False,3
20.504,20.671,0,くだらないくだらないきれいごとならべた,"[(2, 'くだらないくだら'), (3, 'ないきれいごとならべた')]",False,False,3
20.371,20.504,0,くだらないくだらないきれいごとならべた,"[(2, 'くだらないくだ'), (3, 'らないきれいごとならべた')]",False,False,3
20.237,20.371,0,くだらないくだらないきれいごとならべた,"[(2, 'くだらないく'), (3, 'だらないきれいごとならべた')]",False,False,3
20.037,20.237,0,くだらないくだらないきれいごとならべた,"[(2, 'くだらない'), (3, 'くだらないきれいごとならべた')]",False,False,3
19.837,20.037,0,くだらないくだらないきれいごとならべた,"[(2, 'くだらな'), (3, 'いくだらないきれいごとならべた')]",False,False,3
19.703,19.837,0,くだらないくだらないきれいごとならべた,"[(2, 'くだら'), (3, 'ないくだらないきれいごとならべた')]",False,False,3
19.57,19.703,0,くだらないくだらないきれいごとならべた,"[(2, 'くだ'), (3, 'らないくだらないきれいごとならべた')]",False,False,3
19.403,19.57,0,くだらないくだらないきれいごとならべた,"[(2, 'く'), (3, 'だらないくだらないきれいごとならべた')]",False,True,3
110.16,110.227,-1,ごちゃごちゃ　うるさいな,"[(2, 'ごちゃごちゃ\u3000うるさいな')]",True,False,3
110.094,110.16,-1,ごちゃごちゃ　うるさいな,"[(2, 'ごちゃごちゃ\u3000うるさいな')]",False,False,3
110.027,110.094,-1,ごちゃごちゃ　うるさいな,"[(2, 'ごちゃごちゃ\u3000うるさいな')]",False,False,3
109.96,110.027,-1,ごちゃごちゃ　うるさいな,"[(2, 'ごちゃごちゃ\u3000うるさいな')]",False,False,3
109.893,109.96,-1,ごちゃごちゃ　うるさいな,"[(2, 'ごちゃごちゃ\u3000うるさいな')]",False,False,3
109.827,109.893,-1,ごちゃごちゃ　うるさいな,"[(2, 'ごちゃごちゃ\u3000うるさいな')]",False,False,3
109.76,109.827,-1,ごちゃごちゃ　うるさいな,"[(2, 'ごちゃごちゃ\u3000うるさいな')]",False,False,3
109.693,109.76,-1,ごちゃごちゃ　うるさいな,"[(2, 'ごちゃごちゃ\u3000うるさいな')]",False,False,3
109.626,109.693,-1,ごちゃごちゃ　うるさいな,"[(2, 'ごちゃごちゃ\u3000うるさいな')]",False,False,3
109.56,109.626,-1,ごちゃごちゃ　うるさいな,"[(2, 'ごちゃごちゃ\u3000うるさいな')]",False,False,3
109.493,109.56,-1,ごちゃごちゃ　うるさいな,"[(2, 'ごちゃごちゃ\u3000うるさいな')]",False,False,3
109.426,109.493,-1,ごちゃごちゃ　うるさいな,"[(2, 'ごちゃごちゃ\u3000うるさいな')]",False,False,3
109.359,109.426,-1,ごちゃごちゃ　うるさいな,"[(2, 'ごちゃごちゃ\u3000うるさいな')]",False,False,3
109.293,109.359,-1,ごちゃごちゃ　うるさいな,"[(2, 'ごちゃごちゃ\u3000うるさいな')]",False,False,3
109.226,109.293,-1,ごちゃごちゃ　うるさいな,"[(2, 'ごちゃごちゃ\u3000うるさいな')]",False,False,3
108.992,109.226,-1,ごちゃごちゃ　うるさいな,"[(2, 'ごちゃごちゃ\u3000うるさい'), (3, 'な')]",False,False,3
108.792,108.992,-1,ごちゃごちゃ　うるさいな,"[(2, 'ごちゃごちゃ\u3000うるさ'), (3, 'いな')]",False,False,3
108.459,108.792,-1,ごちゃごちゃ　うるさいな,"[(2, 'ごちゃごちゃ\u3000うる'), (3, 'さいな')]",False,False,3
108.392,108.459,-1,ごちゃごちゃ　うるさいな,"[(2, 'ごちゃごちゃ\u3000う'), (3, 'るさいな')]",False,False,3
108.092,108.392,-1,ごちゃごちゃ　うるさいな,"[(2, 'ごちゃごちゃ\u3000'), (3, 'うるさいな')]",False,False,3
107.958,108.092,-1,ごちゃごちゃ　うるさいな,"[(2, 'ごちゃご'), (3, 'ちゃ\u3000うるさいな')]",False,False,3
107.658,107.958,-1,ごちゃごちゃ　うるさいな,"[(2, 'ごちゃ'), (3, 'ごちゃ\u3000うるさいな')]",False,False,3
107.524,107.658,-1,ごちゃごちゃ　うるさいな,"[(2, 'ご'), (3, 'ちゃごちゃ\u3000うるさいな')]",False,False,3
102.586,105.055,-1,ごちゃごちゃ　うるさいな,"[(2, 'ごちゃごちゃ\u3000うるさいな')]",False,False,3
102.386,102.586,-1,ごちゃごちゃ　うるさいな,"[(2, 'ごちゃごちゃ\u3000うるさい'), (3, 'な')]",False,False,3
102.186,102.386,-1,ごちゃごちゃ　うるさいな,"[(2, 'ごちゃごちゃ\u3000うるさ'), (3, 'いな')]",False,False,3
101.885,102.186,-1,ごちゃごちゃ　うるさいな,"[(2, 'ごちゃごちゃ\u3000うる'), (3, 'さいな')]",False,False,3
101.752,101.885,-1,ごちゃごちゃ　うるさいな,"[(2, 'ごちゃごちゃ\u3000う'), (3, 'るさいな')]",False,False,3
101.485,101.752,-1,ごちゃごちゃ　うるさいな,"[(2, 'ごちゃごちゃ\u3000'), (3, 'うるさいな')]",False,False,3
101.351,101.485,-1,ごちゃごちゃ　うるさいな,"[(2, 'ごちゃご'), (3, 'ちゃ\u3000うるさいな')]",False,False,3
101.051,101.351,-1,ごちゃごちゃ　うるさいな,"[(2, 'ごちゃ'), (3, 'ごちゃ\u3000うるさいな')]",False,False,3
100.918,101.051,-1,ごちゃごちゃ　うるさいな,"[(2, 'ご'), (3, 'ちゃごちゃ\u3000うるさいな')]",False,False,3
95.979,98.449,-1,ごちゃごちゃ　うるさいな,"[(2, 'ごちゃごちゃ\u3000うるさいな')]",False,False,3
95.779,95.979,-1,ごちゃごちゃ　うるさいな,"[(2, 'ごちゃごちゃ\u3000うるさい'), (3, 'な')]",False,False,3
95.579,95.779,-1,ごちゃごちゃ　うるさいな,"[(2, 'ごちゃごちゃ\u3000うるさ'), (3, 'いな')]",False,False,3
95.212,95.579,-1,ごちゃごちゃ　うるさいな,"[(2, 'ごちゃごちゃ\u3000うる'), (3, 'さいな')]",False,False,3
95.145,95.212,-1,ごちゃごちゃ　うるさいな,"[(2, 'ごちゃごちゃ\u3000う'), (3, 'るさいな')]",False,False,3
94.878,95.145,-1,ごちゃごちゃ　うるさいな,"[(2, 'ごちゃごちゃ\u3000'), (3, 'うるさいな')]",False,False,3
94.711,94.878,-1,ごちゃごちゃ　うるさいな,"[(2, 'ごちゃご'), (3, 'ちゃ\u3000うるさいな')]",False,False,3
94.445,94.711,-1,ごちゃごちゃ　うるさいな,"[(2, 'ごちゃ'), (3, 'ごちゃ\u3000うるさいな')]",False,False,3
94.311,94.445,-1,ごちゃごちゃ　うるさいな,"[(2, 'ご'), (3, 'ちゃごちゃ\u3000うるさいな')]",False,False,3
64.415,64.515,-1,ごちゃごちゃ　うるさいな,"[(2, 'ごちゃごちゃ\u3000うるさいな')]",False,False,3
64.348,64.415,-1,ごちゃごちゃ　うるさいな,"[(2, 'ごちゃごちゃ\u3000うるさいな')]",False,False,3
64.281,64.348,-1,ごちゃごちゃ　うるさいな,"[(2, 'ごちゃごちゃ\u3000うるさいな')]",False,False,3
64.214,64.281,-1,ごちゃごちゃ　うるさいな,"[(2, 'ごちゃごちゃ\u3000うるさいな')]",False,False,3
64.148,64.214,-1,ごちゃごちゃ　うるさいな,"[(2, 'ごちゃごちゃ\u3000うるさいな')]",False,False,3
64.081,64.148,-1,ごちゃごちゃ　うるさいな,"[(2, 'ごちゃごちゃ\u3000うるさいな')]",False,False,3
64.014,64.081,-1,ごちゃごちゃ　うるさいな,"[(2, 'ごちゃごちゃ\u3000うるさいな')]",False,False,3
63.947,64.014,-1,ごちゃごちゃ　うるさいな,"[(2, 'ごちゃごちゃ\u3000うるさいな')]",False,False,3
63.881,63.947,-1,ごちゃごちゃ　うるさいな,"[(2, 'ごちゃごちゃ\u3000うるさいな')]",False,False,3
63.814,63.881,-1,ごちゃごちゃ　うるさいな,"[(2, 'ごちゃごちゃ\u3000うるさいな')]",False,False,3
63.747,63.814,-1,ごちゃごちゃ　うるさいな,"[(2, 'ごちゃごちゃ\u3000うるさいな')]",False,False,3
63.68,63.747,-1,ごちゃごちゃ　うるさいな,"[(2, 'ごちゃごちゃ\u3000うるさいな')]",False,False,3
63.614,63.68,-1,ごちゃごちゃ　うるさいな,"[(2, 'ごちゃごちゃ\u3000うるさいな')]",False,False,3
63.547,63.614,-1,ごちゃごちゃ　うるさいな,"[(2, 'ごちゃごちゃ\u3000うるさいな')]",False,False,3
63.48,63.547,-1,ごちゃごちゃ　うるさいな,"[(2, 'ごちゃごちゃ\u3000うるさいな')]",False,False,3
63.414,63.48,-1,ごちゃごちゃ　うるさいな,"[(2, 'ごちゃごちゃ\u3000うるさいな')]",False,False,3
63.347,63.414,-1,ごちゃごちゃ　うるさいな,"[(2, 'ごちゃごちゃ\u3000うるさいな')]",False,False,3
63.28,63.347,-1,ごちゃごちゃ　うるさいな,"[(2, 'ごちゃごちゃ\u3000うるさいな')]",False,False,3
63.213,63.28,-1,ごちゃごちゃ　うるさいな,"[(2, 'ごちゃごちゃ\u3000うるさいな')]",False,False,3
63.147,63.213,-1,ごちゃごちゃ　うるさいな,"[(2, 'ごちゃごちゃ\u3000うるさいな')]",False,False,3
63.08,63.147,-1,ごちゃごちゃ　うるさいな,"[(2, 'ごちゃごちゃ\u3000うるさいな')]",False,False,3
63.013,63.08,-1,ごちゃごちゃ　うるさいな,"[(2, 'ごちゃごちゃ\u3000うるさいな')]",False,False,3
62.946,63.013,-1,ごちゃごちゃ　うるさいな,"[(2, 'ごちゃごちゃ\u3000うるさいな')]",False,False,3
62.846,62.946,-1,ごちゃごちゃ　うるさいな,"[(2, 'ごちゃごちゃ\u3000うるさい'), (3, 'な')]",False,False,3
62.78,62.846,-1,ごちゃごちゃ　うるさいな,"[(2, 'ごちゃごちゃ\u3000うるさい'), (3, 'な')]",False,False,3
62.713,62.78,-1,ごちゃごちゃ　うるさいな,"[(2, 'ごちゃごちゃ\u3000うるさい'), (3, 'な')]",False,False,3
62.646,62.713,-1,ごちゃごちゃ　うるさいな,"[(2, 'ごちゃごちゃ\u3000うるさ'), (3, 'いな')]",False,False,3
62.579,62.646,-1,ごちゃごちゃ　うるさいな,"[(2, 'ごちゃごちゃ\u3000うるさ'), (3, 'いな')]",False,False,3
62.513,62.579,-1,ごちゃごちゃ　うるさいな,"[(2, 'ごちゃごちゃ\u3000うるさ'), (3, 'いな')]",False,False,3
62.446,62.513,-1,ごちゃごちゃ　うるさいな,"[(2, 'ごちゃごちゃ\u3000うるさ'), (3, 'いな')]",False,False,3
62.146,62.446,-1,ごちゃごちゃ　うるさいな,"[(2, 'ごちゃごちゃ\u3000うる'), (3, 'さいな')]",False,False,3
62.079,62.146,-1,ごちゃごちゃ　うるさいな,"[(2, 'ごちゃごちゃ\u3000う'), (3, 'るさいな')]",False,False,3
61.745,62.079,-1,ごちゃごちゃ　うるさいな,"[(2, 'ごちゃごちゃ\u3000'), (3, 'うるさいな')]",False,False,3
61.612,61.745,-1,ごちゃごちゃ　うるさいな,"[(2, 'ごちゃご'), (3, 'ちゃ\u3000うるさいな')]",False,False,3
61.345,61.612,-1,ごちゃごちゃ　うるさいな,"[(2, 'ごちゃ'), (3, 'ごちゃ\u3000うるさいな')]",False,False,3
61.211,61.345,-1,ごちゃごちゃ　うるさいな,"[(2, 'ご'), (3, 'ちゃごちゃ\u3000うるさいな')]",False,False,3
56.24,58.709,-1,ごちゃごちゃ　うるさいな,"[(2, 'ごちゃごちゃ\u3000うるさいな')]",False,False,3
56.006,56.24,-1,ごちゃごちゃ　うるさいな,"[(2, 'ごちゃごちゃ\u3000うるさい'), (3, 'な')]",False,False,3
55.839,56.006,-1,ごちゃごちゃ　うるさいな,"[(2, 'ごちゃごちゃ\u3000うるさ'), (3, 'いな')]",False,False,3
55.506,55.839,-1,ごちゃごちゃ　うるさいな,"[(2, 'ごちゃごちゃ\u3000うる'), (3, 'さいな')]",False,False,3
55.406,55.506,-1,ごちゃごちゃ　うるさいな,"[(2, 'ごちゃごちゃ\u3000う'), (3, 'るさいな')]",False,False,3
55.139,55.406,-1,ごちゃごちゃ　うるさいな,"[(2, 'ごちゃごちゃ\u3000'), (3, 'うるさいな')]",False,False,3
55.005,55.139,-1,ごちゃごちゃ　うるさいな,"[(2, 'ごちゃご'), (3, 'ちゃ\u3000うるさいな')]",False,False,3
54.705,55.005,-1,ごちゃごちゃ　うるさいな,"[(2, 'ごちゃ'), (3, 'ごちゃ\u3000うるさいな')]",False,False,3
54.571,54.705,-1,ごちゃごちゃ　うるさいな,"[(2, 'ご'), (3, 'ちゃごちゃ\u3000うるさいな')]",False,True,3
25.476,26.043,0,じこぎせいにせいぎなんかあったもんじゃない,"[(2, 'じこぎせいにせいぎなんかあったもんじゃない')]",True,False,3
25.209,25.476,0,じこぎせいにせいぎなんかあったもんじゃない,"[(2, 'じこぎせいにせいぎなんかあったもんじゃな'), (3, 'い')]",False,False,3
25.042,25.209,0,じこぎせいにせいぎなんかあったもんじゃない,"[(2, 'じこぎせいにせいぎなんかあったもんじゃ'), (3, 'ない')]",False,False,3
24.908,25.042,0,じこぎせいにせいぎなんかあったもんじゃない,"[(2, 'じこぎせいにせいぎなんかあったもん'), (3, 'じゃない')]",False,False,3
24.775,24.908,0,じこぎせいにせいぎなんかあったもんじゃない,"[(2, 'じこぎせいにせいぎなんかあったも'), (3, 'んじゃない')]",False,False,3
24.641,24.775,0,じこぎせいにせいぎなんかあったもんじゃない,"[(2, 'じこぎせいにせいぎなんかあった'), (3, 'もんじゃない')]",False,False,3
24.508,24.641,0,じこぎせいにせいぎなんかあったもんじゃない,"[(2, 'じこぎせいにせいぎなんかあっ'), (3, 'たもんじゃない')]",False,False,3
24.375,24.508,0,じこぎせいにせいぎなんかあったもんじゃない,"[(2, 'じこぎせいにせいぎなんかあ'), (3, 'ったもんじゃない')]",False,False,3
24.241,24.375,0,じこぎせいにせいぎなんかあったもんじゃない,"[(2, 'じこぎせいにせいぎなんか'), (3, 'あったもんじゃない')]",False,False,3
24.074,24.241,0,じこぎせいにせいぎなんかあったもんじゃない,"[(2, 'じこぎせいにせいぎなん'), (3, 'かあったもんじゃない')]",False,False,3
23.941,24.074,0,じこぎせいにせいぎなんかあったもんじゃない,"[(2, 'じこぎせいにせいぎな'), (3, 'んかあったもんじゃない')]",False,False,3
23.841,23.941,0,じこぎせいにせいぎなんかあったもんじゃない,"[(2, 'じこぎせいにせいぎ'), (3, 'なんかあったもんじゃない')]",False,False,3
23.741,23.841,0,じこぎせいにせいぎなんかあったもんじゃない,"[(2, 'じこぎせいにせい'), (3, 'ぎなんかあったもんじゃない')]",False,False,3
23.574,23.741,0,じこぎせいにせいぎなんかあったもんじゃない,"[(2, 'じこぎせいにせ'), (3, 'いぎなんかあったもんじゃない')]",False,False,3
23.374,23.574,0,じこぎせいにせいぎなんかあったもんじゃない,"[(2, 'じこぎせいに'), (3, 'せいぎなんかあったもんじゃない')]",False,False,3
23.273,23.374,0,じこぎせいにせいぎなんかあったもんじゃない,"[(2, 'じこぎせい'), (3, 'にせいぎなんかあったもんじゃない')]",False,False,3
23.14,23.273,0,じこぎせいにせいぎなんかあったもんじゃない,"[(2, 'じこぎせ'), (3, 'いにせいぎなんかあったもんじゃない')]",False,False,3
22.973,23.14,0,じこぎせいにせいぎなんかあったもんじゃない,"[(2, 'じこぎ'), (3, 'せいにせいぎなんかあったもんじゃない')]",False,False,3
22.84,22.973,0,じこぎせいにせいぎなんかあったもんじゃない,"[(2, 'じこ'), (3, 'ぎせいにせいぎなんかあったもんじゃない')]",False,False,3
22.706,22.84,0,じこぎせいにせいぎなんかあったもんじゃない,"[(2, 'じ'), (3, 'こぎせいにせいぎなんかあったもんじゃない')]",False,True,3
73.857,73.991,0,じぶんのことはにのつぎです,"[(2, 'じぶんのことはにのつぎです')]",True,False,3
73.624,73.857,0,じぶんのことはにのつぎです,"[(2, 'じぶんのことはにのつぎで'), (3, 'す')]",False,False,3
73.29,73.624,0,じぶんのことはにのつぎです,"[(2, 'じぶんのことはにのつぎ'), (3, 'です')]",False,False,3
73.157,73.29,0,じぶんのことはにのつぎです,"[(2, 'じぶんのことはにのつ'), (3, 'ぎです')]",False,False,3
72.923,73.157,0,じぶんのことはにのつぎです,"[(2, 'じぶんのことはにの'), (3, 'つぎです')]",False,False,3
72.79,72.923,0,じぶんのことはにのつぎです,"[(2, 'じぶんのことはに'), (3, 'のつぎです')]",False,False,3
72.489,72.79,0,じぶんのことはにのつぎです,"[(2, 'じぶんのことは'), (3, 'にのつぎです')]",False,False,3
72.389,72.489,0,じぶんのことはにのつぎです,"[(2, 'じぶんのこと'), (3, 'はにのつぎです')]",False,False,3
72.089,72.389,0,じぶんのことはにのつぎです,"[(2, 'じぶんのこ'), (3, 'とはにのつぎです')]",False,False,3
71.955,72.089,0,じぶんのことはにのつぎです,"[(2, 'じぶんの'), (3, 'ことはにのつぎです')]",False,False,3
71.855,71.955,0,じぶんのことはにのつぎです,"[(2, 'じぶん'), (3, 'のことはにのつぎです')]",False,False,3
71.655,71.855,0,じぶんのことはにのつぎです,"[(2, 'じぶ'), (3, 'んのことはにのつぎです')]",False,False,3
71.522,71.655,0,じぶんのことはにのつぎです,"[(2, 'じ'), (3, 'ぶんのことはにのつぎです')]",False,True,3
75.259,75.692,0,つつましくほらきっちり,"[(2, 'つつましくほらきっちり')]",True,False,3
74.992,75.259,0,つつましくほらきっちり,"[(2, 'つつましくほらきっち'), (3, 'り')]",False,False,3
74.925,74.992,0,つつましくほらきっちり,"[(2, 'つつましくほらきっ'), (3, 'ちり')]",False,False,3
74.858,74.925,0,つつましくほらきっちり,"[(2, 'つつましくほらき'), (3, 'っちり')]",False,False,3
74.725,74.858,0,つつましくほらきっちり,"[(2, 'つつましくほら'), (3, 'きっちり')]",False,False,3
74.625,74.725,0,つつましくほらきっちり,"[(2, 'つつましくほ'), (3, 'らきっちり')]",False,False,3
74.425,74.625,0,つつましくほらきっちり,"[(2, 'つつましく'), (3, 'ほらきっちり')]",False,False,3
74.291,74.425,0,つつましくほらきっちり,"[(2, 'つつまし'), (3, 'くほらきっちり')]",False,False,3
74.191,74.291,0,つつましくほらきっちり,"[(2, 'つつま'), (3, 'しくほらきっちり')]",False,False,3
74.091,74.191,0,つつましくほらきっちり,"[(2, 'つつ'), (3, 'ましくほらきっちり')]",False,False,3
73.991,74.091,0,つつましくほらきっちり,"[(2, 'つ'), (3, 'つましくほらきっちり')]",False,True,3
29.079,29.346,-1,つまらない　つまらない　毎日がしょうもない,"[(2, 'つまらない\u3000つまらない\u3000毎日がしょうもない')]",True,False,3
28.946,29.079,-1,つまらない　つまらない　毎日がしょうもない,"[(2, 'つまらない\u3000つまらない\u3000毎日がしょうもな'), (3, 'い')]",False,False,3
28.812,28.946,-1,つまらない　つまらない　毎日がしょうもない,"[(2, 'つまらない\u3000つまらない\u3000毎日がしょうも'), (3, 'ない')]",False,False,3
28.679,28.812,-1,つまらない　つまらない　毎日がしょうもない,"[(2, 'つまらない\u3000つまらない\u3000毎日がしょう'), (3, 'もない')]",False,False,3
28.512,28.679,-1,つまらない　つまらない　毎日がしょうもない,"[(2, 'つまらない\u3000つまらない\u3000毎日がしょ'), (3, 'うもない')]",False,False,3
28.412,28.512,-1,つまらない　つまらない　毎日がしょうもない,"[(2, 'つまらない\u3000つまらない\u3000毎日が'), (3, 'しょうもない')]",False,False,3
28.078,28.412,-1,つまらない　つまらない　毎日がしょうもない,"[(2, 'つまらない\u3000つまらない\u3000毎日'), (3, 'がしょうもない')]",False,False,3
27.978,28.078,-1,つまらない　つまらない　毎日がしょうもない,"[(2, 'つまらない\u3000つまらない\u3000毎日'), (3, 'がしょうもない')]",False,False,3
27.878,27.978,-1,つまらない　つまらない　毎日がしょうもない,"[(2, 'つまらない\u3000つまらない\u3000毎'), (3, '日がしょうもない')]",False,False,3
27.678,27.878,-1,つまらない　つまらない　毎日がしょうもない,"[(2, 'つまらない\u3000つまらない\u3000毎'), (3, '日がしょうもない')]",False,False,3
27.378,27.678,-1,つまらない　つまらない　毎日がしょうもない,"[(2, 'つまらない\u3000つまらない\u3000'), (3, '毎日がしょうもない')]",False,False,3
27.244,27.378,-1,つまらない　つまらない　毎日がしょうもない,"[(2, 'つまらない\u3000つまらな'), (3, 'い\u3000毎日がしょうもない')]",False,False,3
27.144,27.244,-1,つまらない　つまらない　毎日がしょうもない,"[(2, 'つまらない\u3000つまら'), (3, 'ない\u3000毎日がしょうもない')]",False,False,3
27.011,27.144,-1,つまらない　つまらない　毎日がしょうもない,"[(2, 'つまらない\u3000つま'), (3, 'らない\u3000毎日がしょうもない')]",False,False,3
26.81,27.011,-1,つまらない　つまらない　毎日がしょうもない,"[(2, 'つまらない\u3000つ'), (3, 'まらない\u3000毎日がしょうもない')]",False,False,3
26.577,26.81,-1,つまらない　つまらない　毎日がしょうもない,"[(2, 'つまらない\u3000'), (3, 'つまらない\u3000毎日がしょうもない')]",False,False,3
26.443,26.577,-1,つまらない　つまらない　毎日がしょうもない,"[(2, 'つまらな'), (3, 'い\u3000つまらない\u3000毎日がしょうもない')]",False,False,3
26.31,26.443,-1,つまらない　つまらない　毎日がしょうもない,"[(2, 'つまら'), (3, 'ない\u3000つまらない\u3000毎日がしょうもない')]",False,False,3
26.176,26.31,-1,つまらない　つまらない　毎日がしょうもない,"[(2, 'つま'), (3, 'らない\u3000つまらない\u3000毎日がしょうもない')]",False,False,3
26.043,26.176,-1,つまらない　つまらない　毎日がしょうもない,"[(2, 'つ'), (3, 'まらない\u3000つまらない\u3000毎日がしょうもない')]",False,True,3
29.079,29.346,0,つまらないつまらないまいにちがしょうもない,"[(2, 'つまらないつまらないまいにちがしょうもない')]",True,False,3
28.946,29.079,0,つまらないつまらないまいにちがしょうもない,"[(2, 'つまらないつまらないまいにちがしょうもな'), (3, 'い')]",False,False,3
28.812,28.946,0,つまらないつまらないまいにちがしょうもない,"[(2, 'つまらないつまらないまいにちがしょうも'), (3, 'ない')]",False,False,3
28.679,28.812,0,つまらないつまらないまいにちがしょうもない,"[(2, 'つまらないつまらないまいにちがしょう'), (3, 'もない')]",False,False,3
28.512,28.679,0,つまらないつまらないまいにちがしょうもない,"[(2, 'つまらないつまらないまいにちがしょ'), (3, 'うもない')]",False,False,3
28.412,28.512,0,つまらないつまらないまいにちがしょうもない,"[(2, 'つまらないつまらないまいにちが'), (3, 'しょうもない')]",False,False,3
28.078,28.412,0,つまらないつまらないまいにちがしょうもない,"[(2, 'つまらないつまらないまいにち'), (3, 'がしょうもない')]",False,False,3
27.978,28.078,0,つまらないつまらないまいにちがしょうもない,"[(2, 'つまらないつまらないまいに'), (3, 'ちがしょうもない')]",False,False,3
27.878,27.978,0,つまらないつまらないまいにちがしょうもない,"[(2, 'つまらないつまらないまい'), (3, 'にちがしょうもない')]",False,False,3
27.678,27.878,0,つまらないつまらないまいにちがしょうもない,"[(2, 'つまらないつまらないま'), (3, 'いにちがしょうもない')]",False,False,3
27.378,27.678,0,つまらないつまらないまいにちがしょうもない,"[(2, 'つまらないつまらない'), (3, 'まいにちがしょうもない')]",False,False,3
27.244,27.378,0,つまらないつまらないまいにちがしょうもない,"[(2, 'つまらないつまらな'), (3, 'いまいにちがしょうもない')]",False,False,3
27.144,27.244,0,つまらないつまらないまいにちがしょうもない,"[(2, 'つまらないつまら'), (3, 'ないまいにちがしょうもない')]",False,False,3
27.011,27.144,0,つまらないつまらないまいにちがしょうもない,"[(2, 'つまらないつま'), (3, 'らないまいにちがしょうもない')]",False,False,3
26.81,27.011,0,つまらないつまらないまいにちがしょうもない,"[(2, 'つまらないつ'), (3, 'まらないまいにちがしょうもない')]",False,False,3
26.577,26.81,0,つまらないつまらないまいにちがしょうもない,"[(2, 'つまらない'), (3, 'つまらないまいにちがしょうもない')]",False,False,3
26.443,26.577,0,つまらないつまらないまいにちがしょうもない,"[(2, 'つまらな'), (3, 'いつまらないまいにちがしょうもない')]",False,False,3
26.31,26.443,0,つまらないつまらないまいにちがしょうもない,"[(2, 'つまら'), (3, 'ないつまらないまいにちがしょうもない')]",False,False,3
26.176,26.31,0,つまらないつまらないまいにちがしょうもない,"[(2, 'つま'), (3, 'らないつまらないまいにちがしょうもない')]",False,False,3
26.043,26.176,0,つまらないつまらないまいにちがしょうもない,"[(2, 'つ'), (3, 'まらないつまらないまいにちがしょうもない')]",False,True,3
67.251,67.384,0,とくめいひぼうきもすぎです,"[(2, 'とくめいひぼうきもすぎです')]",True,False,3
66.984,67.251,0,とくめいひぼうきもすぎです,"[(2, 'とくめいひぼうきもすぎで'), (3, 'す')]",False,False,3
66.683,66.984,0,とくめいひぼうきもすぎです,"[(2, 'とくめいひぼうきもすぎ'), (3, 'です')]",False,False,3
66.55,66.683,0,とくめいひぼうきもすぎです,"[(2, 'とくめいひぼうきもす'), (3, 'ぎです')]",False,False,3
66.25,66.55,0,とくめいひぼうきもすぎです,"[(2, 'とくめいひぼうきも'), (3, 'すぎです')]",False,False,3
66.083,66.25,0,とくめいひぼうきもすぎです,"[(2, 'とくめいひぼうき'), (3, 'もすぎです')]",False,False,3
65.916,66.083,0,とくめいひぼうきもすぎです,"[(2, 'とくめいひぼう'), (3, 'きもすぎです')]",False,False,3
65.849,65.916,0,とくめいひぼうきもすぎです,"[(2, 'とくめいひぼ'), (3, 'うきもすぎです')]",False,False,3
65.682,65.849,0,とくめいひぼうきもすぎです,"[(2, 'とくめいひ'), (3, 'ぼうきもすぎです')]",False,False,3
65.582,65.682,0,とくめいひぼうきもすぎです,"[(2, 'とくめい'), (3, 'ひぼうきもすぎです')]",False,False,3
65.282,65.582,0,とくめいひぼうきもすぎです,"[(2, 'とくめ'), (3, 'いひぼうきもすぎです')]",False,False,3
65.049,65.282,0,とくめいひぼうきもすぎです,"[(2, 'とく'), (3, 'めいひぼうきもすぎです')]",False,False,3
64.915,65.049,0,とくめいひぼうきもすぎです,"[(2, 'と'), (3, 'くめいひぼうきもすぎです')]",False,True,3
31.815,32.683,0,やつみたいにたいぎなんかもってないのさ,"[(2, 'やつみたいにたいぎなんかもってないのさ')]",True,False,3
31.682,31.815,0,やつみたいにたいぎなんかもってないのさ,"[(2, 'やつみたいにたいぎなんかもってないの'), (3, 'さ')]",False,False,3
31.548,31.682,0,やつみたいにたいぎなんかもってないのさ,"[(2, 'やつみたいにたいぎなんかもってない'), (3, 'のさ')]",False,False,3
31.382,31.548,0,やつみたいにたいぎなんかもってないのさ,"[(2, 'やつみたいにたいぎなんかもってな'), (3, 'いのさ')]",False,False,3
31.248,31.382,0,やつみたいにたいぎなんかもってないのさ,"[(2, 'やつみたいにたいぎなんかもって'), (3, 'ないのさ')]",False,False,3
31.115,31.248,0,やつみたいにたいぎなんかもってないのさ,"[(2, 'やつみたいにたいぎなんかもっ'), (3, 'てないのさ')]",False,False,3
30.981,31.115,0,やつみたいにたいぎなんかもってないのさ,"[(2, 'やつみたいにたいぎなんかも'), (3, 'ってないのさ')]",False,False,3
30.848,30.981,0,やつみたいにたいぎなんかもってないのさ,"[(2, 'やつみたいにたいぎなんか'), (3, 'もってないのさ')]",False,False,3
30.714,30.848,0,やつみたいにたいぎなんかもってないのさ,"[(2, 'やつみたいにたいぎなん'), (3, 'かもってないのさ')]",False,False,3
30.581,30.714,0,やつみたいにたいぎなんかもってないのさ,"[(2, 'やつみたいにたいぎな'), (3, 'んかもってないのさ')]",False,False,3
30.447,30.581,0,やつみたいにたいぎなんかもってないのさ,"[(2, 'やつみたいにたいぎ'), (3, 'なんかもってないのさ')]",False,False,3
30.347,30.447,0,やつみたいにたいぎなんかもってないのさ,"[(2, 'やつみたいにたい'), (3, 'ぎなんかもってないのさ')]",False,False,3
30.18,30.347,0,やつみたいにたいぎなんかもってないのさ,"[(2, 'やつみたいにた'), (3, 'いぎなんかもってないのさ')]",False,False,3
30.047,30.18,0,やつみたいにたいぎなんかもってないのさ,"[(2, 'やつみたいに'), (3, 'たいぎなんかもってないのさ')]",False,False,3
29.913,30.047,0,やつみたいにたいぎなんかもってないのさ,"[(2, 'やつみたい'), (3, 'にたいぎなんかもってないのさ')]",False,False,3
29.747,29.913,0,やつみたいにたいぎなんかもってないのさ,"[(2, 'やつみた'), (3, 'いにたいぎなんかもってないのさ')]",False,False,3
29.613,29.747,0,やつみたいにたいぎなんかもってないのさ,"[(2, 'やつみ'), (3, 'たいにたいぎなんかもってないのさ')]",False,False,3
29.446,29.613,0,やつみたいにたいぎなんかもってないのさ,"[(2, 'やつ'), (3, 'みたいにたいぎなんかもってないのさ')]",False,False,3
29.346,29.446,0,やつみたいにたいぎなんかもってないのさ,"[(2, 'や'), (3, 'つみたいにたいぎなんかもってないのさ')]",False,True,3
68.652,69.053,-1,キリないトカゲの尻尾切り,"[(2, 'キリないトカゲの尻尾切り')]",True,False,3
68.552,68.652,-1,キリないトカゲの尻尾切り,"[(2, 'キリないトカゲの尻尾切'), (3, 'り')]",False,False,3
68.452,68.552,-1,キリないトカゲの尻尾切り,"[(2, 'キリないトカゲの尻尾'), (3, '切り')]",False,False,3
68.352,68.452,-1,キリないトカゲの尻尾切り,"[(2, 'キリないトカゲの尻'), (3, '尾切り')]",False,False,3
68.218,68.352,-1,キリないトカゲの尻尾切り,"[(2, 'キリないトカゲの尻'), (3, '尾切り')]",False,False,3
68.118,68.218,-1,キリないトカゲの尻尾切り,"[(2, 'キリないトカゲの'), (3, '尻尾切り')]",False,False,3
68.018,68.118,-1,キリないトカゲの尻尾切り,"[(2, 'キリないトカゲ'), (3, 'の尻尾切り')]",False,False,3
67.918,68.018,-1,キリないトカゲの尻尾切り,"[(2, 'キリないトカ'), (3, 'ゲの尻尾切り')]",False,False,3
67.818,67.918,-1,キリないトカゲの尻尾切り,"[(2, 'キリないト'), (3, 'カゲの尻尾切り')]",False,False,3
67.684,67.818,-1,キリないトカゲの尻尾切り,"[(2, 'キリない'), (3, 'トカゲの尻尾切り')]",False,False,3
67.584,67.684,-1,キリないトカゲの尻尾切り,"[(2, 'キリな'), (3, 'いトカゲの尻尾切り')]",False,False,3
67.484,67.584,-1,キリないトカゲの尻尾切り,"[(2, 'キリ'), (3, 'ないトカゲの尻尾切り')]",False,False,3
67.384,67.484,-1,キリないトカゲの尻尾切り,"[(2, 'キ'), (3, 'リないトカゲの尻尾切り')]",False,True,3
6.59,19.403,0,ストレンジ/¿?shimon,"[(2, 'ストレンジ/¿?shimon')]",True,True,0
81.231,81.498,-1,今日も馬鹿みたいに笑いましょう,"[(2, '今日も馬鹿みたいに笑いましょう')]",True,False,3
81.065,81.231,-1,今日も馬鹿みたいに笑いましょう,"[(2, '今日も馬鹿みたいに笑いましょ'), (3, 'う')]",False,False,3
80.631,81.065,-1,今日も馬鹿みたいに笑いましょう,"[(2, '今日も馬鹿みたいに笑いま'), (3, 'しょう')]",False,False,3
80.264,80.631,-1,今日も馬鹿みたいに笑いましょう,"[(2, '今日も馬鹿みたいに笑い'), (3, 'ましょう')]",False,False,3
79.83,80.264,-1,今日も馬鹿みたいに笑いましょう,"[(2, '今日も馬鹿みたいに笑'), (3, 'いましょう')]",False,False,3
79.43,79.83,-1,今日も馬鹿みたいに笑いましょう,"[(2, '今日も馬鹿みたいに笑'), (3, 'いましょう')]",False,False,3
79.029,79.43,-1,今日も馬鹿みたいに笑いましょう,"[(2, '今日も馬鹿みたいに'), (3, '笑いましょう')]",False,False,3
78.796,79.029,-1,今日も馬鹿みたいに笑いましょう,"[(2, '今日も馬鹿みたい'), (3, 'に笑いましょう')]",False,False,3
78.595,78.796,-1,今日も馬鹿みたいに笑いましょう,"[(2, '今日も馬鹿みた'), (3, 'いに笑いましょう')]",False,False,3
78.429,78.595,-1,今日も馬鹿みたいに笑いましょう,"[(2, '今日も馬鹿み'), (3, 'たいに笑いましょう')]",False,False,3
78.328,78.429,-1,今日も馬鹿みたいに笑いましょう,"[(2, '今日も馬鹿'), (3, 'みたいに笑いましょう')]",False,False,3
78.195,78.328,-1,今日も馬鹿みたいに笑いましょう,"[(2, '今日も馬'), (3, '鹿みたいに笑いましょう')]",False,False,3
77.761,78.195,-1,今日も馬鹿みたいに笑いましょう,"[(2, '今日も'), (3, '馬鹿みたいに笑いましょう')]",False,False,3
77.561,77.761,-1,今日も馬鹿みたいに笑いましょう,"[(2, '今日'), (3, 'も馬鹿みたいに笑いましょう')]",False,False,3
77.361,77.561,-1,今日も馬鹿みたいに笑いましょう,"[(2, '今'), (3, '日も馬鹿みたいに笑いましょう')]",False,True,3
36.387,36.787,-1,今日も馬鹿みたいに笑うのさ,"[(2, '今日も馬鹿みたいに笑うのさ')]",True,False,3
35.953,36.387,-1,今日も馬鹿みたいに笑うのさ,"[(2, '今日も馬鹿みたいに笑うの'), (3, 'さ')]",False,False,3
35.552,35.953,-1,今日も馬鹿みたいに笑うのさ,"[(2, '今日も馬鹿みたいに笑う'), (3, 'のさ')]",False,False,3
35.119,35.552,-1,今日も馬鹿みたいに笑うのさ,"[(2, '今日も馬鹿みたいに笑'), (3, 'うのさ')]",False,False,3
34.718,35.119,-1,今日も馬鹿みたいに笑うのさ,"[(2, '今日も馬鹿みたいに笑'), (3, 'うのさ')]",False,False,3
34.318,34.718,-1,今日も馬鹿みたいに笑うのさ,"[(2, '今日も馬鹿みたいに'), (3, '笑うのさ')]",False,False,3
34.051,34.318,-1,今日も馬鹿みたいに笑うのさ,"[(2, '今日も馬鹿みたい'), (3, 'に笑うのさ')]",False,False,3
33.884,34.051,-1,今日も馬鹿みたいに笑うのさ,"[(2, '今日も馬鹿みた'), (3, 'いに笑うのさ')]",False,False,3
33.751,33.884,-1,今日も馬鹿みたいに笑うのさ,"[(2, '今日も馬鹿み'), (3, 'たいに笑うのさ')]",False,False,3
33.617,33.751,-1,今日も馬鹿みたいに笑うのさ,"[(2, '今日も馬鹿'), (3, 'みたいに笑うのさ')]",False,False,3
33.484,33.617,-1,今日も馬鹿みたいに笑うのさ,"[(2, '今日も馬'), (3, '鹿みたいに笑うのさ')]",False,False,3
33.05,33.484,-1,今日も馬鹿みたいに笑うのさ,"[(2, '今日も'), (3, '馬鹿みたいに笑うのさ')]",False,False,3
32.883,33.05,-1,今日も馬鹿みたいに笑うのさ,"[(2, '今日'), (3, 'も馬鹿みたいに笑うのさ')]",False,False,3
32.683,32.883,-1,今日も馬鹿みたいに笑うのさ,"[(2, '今'), (3, '日も馬鹿みたいに笑うのさ')]",False,True,3
67.251,67.384,-1,匿名誹謗きもすぎです。,"[(2, '匿名誹謗きもすぎです。')]",True,False,3
66.984,67.251,-1,匿名誹謗きもすぎです。,"[(2, '匿名誹謗きもすぎで'), (3, 'す'), (2, '。')]",False,False,3
66.683,66.984,-1,匿名誹謗きもすぎです。,"[(2, '匿名誹謗きもすぎ'), (3, 'です'), (2, '。')]",False,False,3
66.55,66.683,-1,匿名誹謗きもすぎです。,"[(2, '匿名誹謗きもす'), (3, 'ぎです'), (2, '。')]",False,False,3
66.25,66.55,-1,匿名誹謗きもすぎです。,"[(2, '匿名誹謗きも'), (3, 'すぎです'), (2, '。')]",False,False,3
66.083,66.25,-1,匿名誹謗きもすぎです。,"[(2, '匿名誹謗き'), (3, 'もすぎです'), (2, '。')]",False,False,3
65.916,66.083,-1,匿名誹謗きもすぎです。,"[(2, '匿名誹謗'), (3, 'きもすぎです'), (2, '。')]",False,False,3
65.849,65.916,-1,匿名誹謗きもすぎです。,"[(2, '匿名誹謗'), (3, 'きもすぎです'), (2, '。')]",False,False,3
65.682,65.849,-1,匿名誹謗きもすぎです。,"[(2, '匿名誹'), (3, '謗きもすぎです'), (2, '。')]",False,False,3
65.582,65.682,-1,匿名誹謗きもすぎです。,"[(2, '匿名'), (3, '誹謗きもすぎです'), (2, '。')]",False,False,3
65.282,65.582,-1,匿名誹謗きもすぎです。,"[(2, '匿名'), (3, '誹謗きもすぎです'), (2, '。')]",False,False,3
65.049,65.282,-1,匿名誹謗きもすぎです。,"[(2, '匿'), (3, '名誹謗きもすぎです'), (2, '。')]",False,False,3
64.915,65.049,-1,匿名誹謗きもすぎです。,"[(2, '匿'), (3, '名誹謗きもすぎです'), (2, '。')]",False,True,3
39.69,40.024,-1,嘘でも　笑えるのさ,"[(2, '嘘でも\u3000笑えるのさ')]",True,False,3
39.323,39.69,-1,嘘でも　笑えるのさ,"[(2, '嘘でも\u3000笑えるの'), (3, 'さ')]",False,False,3
38.856,39.323,-1,嘘でも　笑えるのさ,"[(2, '嘘でも\u3000笑える'), (3, 'のさ')]",False,False,3
38.422,38.856,-1,嘘でも　笑えるのさ,"[(2, '嘘でも\u3000笑え'), (3, 'るのさ')]",False,False,3
38.055,38.422,-1,嘘でも　笑えるのさ,"[(2, '嘘でも\u3000笑'), (3, 'えるのさ')]",False,False,3
37.588,38.055,-1,嘘でも　笑えるのさ,"[(2, '嘘でも\u3000笑'), (3, 'えるのさ')]",False,False,3
37.187,37.588,-1,嘘でも　笑えるのさ,"[(2, '嘘でも\u3000'), (3, '笑えるのさ')]",False,False,3
37.054,37.187,-1,嘘でも　笑えるのさ,"[(2, '嘘で'), (3, 'も\u3000笑えるのさ')]",False,False,3
36.954,37.054,-1,嘘でも　笑えるのさ,"[(2, '嘘'), (3, 'でも\u3000笑えるのさ')]",False,False,3
36.787,36.954,-1,嘘でも　笑えるのさ,"[(2, '嘘'), (3, 'でも\u3000笑えるのさ')]",False,True,3
84.368,84.735,-1,嘘でも笑えるでしょ,"[(2, '嘘でも笑えるでしょ')]",True,False,3
83.967,84.368,-1,嘘でも笑えるでしょ,"[(2, '嘘でも笑えるで'), (3, 'しょ')]",False,False,3
83.567,83.967,-1,嘘でも笑えるでしょ,"[(2, '嘘でも笑える'), (3, 'でしょ')]",False,False,3
83.133,83.567,-1,嘘でも笑えるでしょ,"[(2, '嘘でも笑え'), (3, 'るでしょ')]",False,False,3
82.733,83.133,-1,嘘でも笑えるでしょ,"[(2, '嘘でも笑'), (3, 'えるでしょ')]",False,False,3
82.332,82.733,-1,嘘でも笑えるでしょ,"[(2, '嘘でも笑'), (3, 'えるでしょ')]",False,False,3
81.899,82.332,-1,嘘でも笑えるでしょ,"[(2, '嘘でも'), (3, '笑えるでしょ')]",False,False,3
81.765,81.899,-1,嘘でも笑えるでしょ,"[(2, '嘘で'), (3, 'も笑えるでしょ')]",False,False,3
81.632,81.765,-1,嘘でも笑えるでしょ,"[(2, '嘘'), (3, 'でも笑えるでしょ')]",False,False,3
81.498,81.632,-1,嘘でも笑えるでしょ,"[(2, '嘘'), (3, 'でも笑えるでしょ')]",False,True,3
31.815,32.683,-1,奴みたいに大義なんか持ってないのさ,"[(2, '奴みたいに大義なんか持ってないのさ')]",True,False,3
31.682,31.815,-1,奴みたいに大義なんか持ってないのさ,"[(2, '奴みたいに大義なんか持ってないの'), (3, 'さ')]",False,False,3
31.548,31.682,-1,奴みたいに大義なんか持ってないのさ,"[(2, '奴みたいに大義なんか持ってない'), (3, 'のさ')]",False,False,3
31.382,31.548,-1,奴みたいに大義なんか持ってないのさ,"[(2, '奴みたいに大義なんか持ってな'), (3, 'いのさ')]",False,False,3
31.248,31.382,-1,奴みたいに大義なんか持ってないのさ,"[(2, '奴みたいに大義なんか持って'), (3, 'ないのさ')]",False,False,3
31.115,31.248,-1,奴みたいに大義なんか持ってないのさ,"[(2, '奴みたいに大義なんか持っ'), (3, 'てないのさ')]",False,False,3
30.981,31.115,-1,奴みたいに大義なんか持ってないのさ,"[(2, '奴みたいに大義なんか持'), (3, 'ってないのさ')]",False,False,3
30.848,30.981,-1,奴みたいに大義なんか持ってないのさ,"[(2, '奴みたいに大義なんか'), (3, '持ってないのさ')]",False,False,3
30.714,30.848,-1,奴みたいに大義なんか持ってないのさ,"[(2, '奴みたいに大義なん'), (3, 'か持ってないのさ')]",False,False,3
30.581,30.714,-1,奴みたいに大義なんか持ってないのさ,"[(2, '奴みたいに大義な'), (3, 'んか持ってないのさ')]",False,False,3
30.447,30.581,-1,奴みたいに大義なんか持ってないのさ,"[(2, '奴みたいに大義'), (3, 'なんか持ってないのさ')]",False,False,3
30.347,30.447,-1,奴みたいに大義なんか持ってないのさ,"[(2, '奴みたいに大'), (3, '義なんか持ってないのさ')]",False,False,3
30.18,30.347,-1,奴みたいに大義なんか持ってないのさ,"[(2, '奴みたいに大'), (3, '義なんか持ってないのさ')]",False,False,3
30.047,30.18,-1,奴みたいに大義なんか持ってないのさ,"[(2, '奴みたいに'), (3, '大義なんか持ってないのさ')]",False,False,3
29.913,30.047,-1,奴みたいに大義なんか持ってないのさ,"[(2, '奴みたい'), (3, 'に大義なんか持ってないのさ')]",False,False,3
29.747,29.913,-1,奴みたいに大義なんか持ってないのさ,"[(2, '奴みた'), (3, 'いに大義なんか持ってないのさ')]",False,False,3
29.613,29.747,-1,奴みたいに大義なんか持ってないのさ,"[(2, '奴み'), (3, 'たいに大義なんか持ってないのさ')]",False,False,3
29.446,29.613,-1,奴みたいに大義なんか持ってないのさ,"[(2, '奴'), (3, 'みたいに大義なんか持ってないのさ')]",False,False,3
29.346,29.446,-1,奴みたいに大義なんか持ってないのさ,"[(2, '奴'), (3, 'みたいに大義なんか持ってないのさ')]",False,True,3
71.088,71.522,-1,意味ないお前のきっしょい生き甲斐,"[(2, '意味ないお前のきっしょい生き甲斐')]",True,False,3
70.721,71.088,-1,意味ないお前のきっしょい生き甲斐,"[(2, '意味ないお前のきっしょい生き甲'), (3, '斐')]",False,False,3
70.454,70.721,-1,意味ないお前のきっしょい生き甲斐,"[(2, '意味ないお前のきっしょい生き'), (3, '甲斐')]",False,False,3
70.32,70.454,-1,意味ないお前のきっしょい生き甲斐,"[(2, '意味ないお前のきっしょい生'), (3, 'き甲斐')]",False,False,3
70.087,70.32,-1,意味ないお前のきっしょい生き甲斐,"[(2, '意味ないお前のきっしょい'), (3, '生き甲斐')]",False,False,3
70.02,70.087,-1,意味ないお前のきっしょい生き甲斐,"[(2, '意味ないお前のきっしょ'), (3, 'い生き甲斐')]",False,False,3
69.953,70.02,-1,意味ないお前のきっしょい生き甲斐,"[(2, '意味ないお前のきっ'), (3, 'しょい生き甲斐')]",False,False,3
69.887,69.953,-1,意味ないお前のきっしょい生き甲斐,"[(2, '意味ないお前のき'), (3, 'っしょい生き甲斐')]",False,False,3
69.787,69.887,-1,意味ないお前のきっしょい生き甲斐,"[(2, '意味ないお前の'), (3, 'きっしょい生き甲斐')]",False,False,3
69.653,69.787,-1,意味ないお前のきっしょい生き甲斐,"[(2, '意味ないお前'), (3, 'のきっしょい生き甲斐')]",False,False,3
69.553,69.653,-1,意味ないお前のきっしょい生き甲斐,"[(2, '意味ないお前'), (3, 'のきっしょい生き甲斐')]",False,False,3
69.453,69.553,-1,意味ないお前のきっしょい生き甲斐,"[(2, '意味ないお'), (3, '前のきっしょい生き甲斐')]",False,False,3
69.353,69.453,-1,意味ないお前のきっしょい生き甲斐,"[(2, '意味ない'), (3, 'お前のきっしょい生き甲斐')]",False,False,3
69.253,69.353,-1,意味ないお前のきっしょい生き甲斐,"[(2, '意味な'), (3, 'いお前のきっしょい生き甲斐')]",False,False,3
69.119,69.253,-1,意味ないお前のきっしょい生き甲斐,"[(2, '意味'), (3, 'ないお前のきっしょい生き甲斐')]",False,False,3
69.053,69.119,-1,意味ないお前のきっしょい生き甲斐,"[(2, '意'), (3, '味ないお前のきっしょい生き甲斐')]",False,True,3
75.259,75.692,-1,慎ましくほらきっちり,"[(2, '慎ましくほらきっちり')]",True,False,3
74.992,75.259,-1,慎ましくほらきっちり,"[(2, '慎ましくほらきっち'), (3, 'り')]",False,False,3
74.925,74.992,-1,慎ましくほらきっちり,"[(2, '慎ましくほらきっ'), (3, 'ちり')]",False,False,3
74.858,74.925,-1,慎ましくほらきっちり,"[(2, '慎ましくほらき'), (3, 'っちり')]",False,False,3
74.725,74.858,-1,慎ましくほらきっちり,"[(2, '慎ましくほら'), (3, 'きっちり')]",False,False,3
74.625,74.725,-1,慎ましくほらきっちり,"[(2, '慎ましくほ'), (3, 'らきっちり')]",False,False,3
74.425,74.625,-1,慎ましくほらきっちり,"[(2, '慎ましく'), (3, 'ほらきっちり')]",False,False,3
74.291,74.425,-1,慎ましくほらきっちり,"[(2, '慎まし'), (3, 'くほらきっちり')]",False,False,3
74.191,74.291,-1,慎ましくほらきっちり,"[(2, '慎ま'), (3, 'しくほらきっちり')]",False,False,3
74.091,74.191,-1,慎ましくほらきっちり,"[(2, '慎'), (3, 'ましくほらきっちり')]",False,False,3
73.991,74.091,-1,慎ましくほらきっちり,"[(2, '慎'), (3, 'ましくほらきっちり')]",False,True,3
76.927,77.361,-1,歪な規律だyou’rekiddingme,"[(2, '歪な規律だyou’rekiddingme')]",True,False,3
76.727,76.927,-1,歪な規律だyou’rekiddingme,"[(2, '歪な規律だyou’rekidding'), (3, 'me')]",False,False,3
76.46,76.727,-1,歪な規律だyou’rekiddingme,"[(2, '歪な規律だyou’rekid'), (3, 'dingme')]",False,False,3
76.393,76.46,-1,歪な規律だyou’rekiddingme,"[(2, '歪な規律だyou’re'), (3, 'kiddingme')]",False,False,3
76.36,76.393,-1,歪な規律だyou’rekiddingme,"[(2, '歪な規律だ'), (3, 'you’rekiddingme')]",False,False,3
76.293,76.36,-1,歪な規律だyou’rekiddingme,"[(2, '歪な規律'), (3, 'だyou’rekiddingme')]",False,False,3
76.226,76.293,-1,歪な規律だyou’rekiddingme,"[(2, '歪な規律'), (3, 'だyou’rekiddingme')]",False,False,3
76.093,76.226,-1,歪な規律だyou’rekiddingme,"[(2, '歪な規'), (3, '律だyou’rekiddingme')]",False,False,3
75.993,76.093,-1,歪な規律だyou’rekiddingme,"[(2, '歪な'), (3, '規律だyou’rekiddingme')]",False,False,3
75.893,75.993,-1,歪な規律だyou’rekiddingme,"[(2, '歪'), (3, 'な規律だyou’rekiddingme')]",False,False,3
75.793,75.893,-1,歪な規律だyou’rekiddingme,"[(2, '歪'), (3, 'な規律だyou’rekiddingme')]",False,False,3
75.692,75.793,-1,歪な規律だyou’rekiddingme,"[(2, '歪'), (3, 'な規律だyou’rekiddingme')]",False,True,3
73.857,73.991,-1,自分の事は二の次です,"[(2, '自分の事は二の次です')]",True,False,3
73.624,73.857,-1,自分の事は二の次です,"[(2, '自分の事は二の次で'), (3, 'す')]",False,False,3
73.29,73.624,-1,自分の事は二の次です,"[(2, '自分の事は二の次'), (3, 'です')]",False,False,3
73.157,73.29,-1,自分の事は二の次です,"[(2, '自分の事は二の次'), (3, 'です')]",False,False,3
72.923,73.157,-1,自分の事は二の次です,"[(2, '自分の事は二の'), (3, '次です')]",False,False,3
72.79,72.923,-1,自分の事は二の次です,"[(2, '自分の事は二'), (3, 'の次です')]",False,False,3
72.489,72.79,-1,自分の事は二の次です,"[(2, '自分の事は'), (3, '二の次です')]",False,False,3
72.389,72.489,-1,自分の事は二の次です,"[(2, '自分の事'), (3, 'は二の次です')]",False,False,3
72.089,72.389,-1,自分の事は二の次です,"[(2, '自分の事'), (3, 'は二の次です')]",False,False,3
71.955,72.089,-1,自分の事は二の次です,"[(2, '自分の'), (3, '事は二の次です')]",False,False,3
71.855,71.955,-1,自分の事は二の次です,"[(2, '自分'), (3, 'の事は二の次です')]",False,False,3
71.655,71.855,-1,自分の事は二の次です,"[(2, '自分'), (3, 'の事は二の次です')]",False,False,3
71.522,71.655,-1,自分の事は二の次です,"[(2, '自'), (3, '分の事は二の次です')]",False,True,3
25.476,26.043,-1,自己犠牲に正義なんかあったもんじゃない,"[(2, '自己犠牲に正義なんかあったもんじゃない')]",True,False,3
25.209,25.476,-1,自己犠牲に正義なんかあったもんじゃない,"[(2, '自己犠牲に正義なんかあったもんじゃな'), (3, 'い')]",False,False,3
25.042,25.209,-1,自己犠牲に正義なんかあったもんじゃない,"[(2, '自己犠牲に正義なんかあったもんじゃ'), (3, 'ない')]",False,False,3
24.908,25.042,-1,自己犠牲に正義なんかあったもんじゃない,"[(2, '自己犠牲に正義なんかあったもん'), (3, 'じゃない')]",False,False,3
24.775,24.908,-1,自己犠牲に正義なんかあったもんじゃない,"[(2, '自己犠牲に正義なんかあったも'), (3, 'んじゃない')]",False,False,3
24.641,24.775,-1,自己犠牲に正義なんかあったもんじゃない,"[(2, '自己犠牲に正義なんかあった'), (3, 'もんじゃない')]",False,False,3
24.508,24.641,-1,自己犠牲に正義なんかあったもんじゃない,"[(2, '自己犠牲に正義なんかあっ'), (3, 'たもんじゃない')]",False,False,3
24.375,24.508,-1,自己犠牲に正義なんかあったもんじゃない,"[(2, '自己犠牲に正義なんかあ'), (3, 'ったもんじゃない')]",False,False,3
24.241,24.375,-1,自己犠牲に正義なんかあったもんじゃない,"[(2, '自己犠牲に正義なんか'), (3, 'あったもんじゃない')]",False,False,3
24.074,24.241,-1,自己犠牲に正義なんかあったもんじゃない,"[(2, '自己犠牲に正義なん'), (3, 'かあったもんじゃない')]",False,False,3
23.941,24.074,-1,自己犠牲に正義なんかあったもんじゃない,"[(2, '自己犠牲に正義な'), (3, 'んかあったもんじゃない')]",False,False,3
23.841,23.941,-1,自己犠牲に正義なんかあったもんじゃない,"[(2, '自己犠牲に正義'), (3, 'なんかあったもんじゃない')]",False,False,3
23.741,23.841,-1,自己犠牲に正義なんかあったもんじゃない,"[(2, '自己犠牲に正'), (3, '義なんかあったもんじゃない')]",False,False,3
23.574,23.741,-1,自己犠牲に正義なんかあったもんじゃない,"[(2, '自己犠牲に正'), (3, '義なんかあったもんじゃない')]",False,False,3
23.374,23.574,-1,自己犠牲に正義なんかあったもんじゃない,"[(2, '自己犠牲に'), (3, '正義なんかあったもんじゃない')]",False,False,3
23.273,23.374,-1,自己犠牲に正義なんかあったもんじゃない,"[(2, '自己犠牲'), (3, 'に正義なんかあったもんじゃない')]",False,False,3
23.14,23.273,-1,自己犠牲に正義なんかあったもんじゃない,"[(2, '自己犠牲'), (3, 'に正義なんかあったもんじゃない')]",False,False,3
22.973,23.14,-1,自己犠牲に正義なんかあったもんじゃない,"[(2, '自己犠'), (3, '牲に正義なんかあったもんじゃない')]",False,False,3
22.84,22.973,-1,自己犠牲に正義なんかあったもんじゃない,"[(2, '自己'), (3, '犠牲に正義なんかあったもんじゃない')]",False,False,3
22.706,22.84,-1,自己犠牲に正義なんかあったもんじゃない,"[(2, '自'), (3, '己犠牲に正義なんかあったもんじゃない')]",False,True,3
