start,end,line,unformatted,segments,ref_start,ref_end,common_number
195.379,196.146,0,あかいみがはじけた,"[(3, 'あかいみがはじけた')]",True,False,2
195.078,195.379,0,あかいみがはじけた,"[(3, 'あかいみがはじけ'), (2, 'た')]",False,False,2
194.811,195.078,0,あかいみがはじけた,"[(3, 'あかいみがはじ'), (2, 'けた')]",False,False,2
194.311,194.811,0,あかいみがはじけた,"[(3, 'あかいみがは'), (2, 'じけた')]",False,False,2
193.777,194.311,0,あかいみがはじけた,"[(3, 'あかいみが'), (2, 'はじけた')]",False,False,2
193.277,193.777,0,あかいみがはじけた,"[(3, 'あかいみ'), (2, 'がはじけた')]",False,False,2
192.476,193.277,0,あかいみがはじけた,"[(3, 'あかい'), (2, 'みがはじけた')]",False,False,2
191.975,192.476,0,あかいみがはじけた,"[(3, 'あか'), (2, 'いみがはじけた')]",False,False,2
191.441,191.975,0,あかいみがはじけた,"[(3, 'あ'), (2, 'かいみがはじけた')]",False,True,2
163.28,165.349,0,あかくそまるすきかも,"[(3, 'あかくそまるすきかも')]",True,False,2
162.746,163.28,0,あかくそまるすきかも,"[(3, 'あかくそまるすきか'), (2, 'も')]",False,False,2
162.246,162.746,0,あかくそまるすきかも,"[(3, 'あかくそまるすき'), (2, 'かも')]",False,False,2
161.712,162.246,0,あかくそまるすきかも,"[(3, 'あかくそまるす'), (2, 'きかも')]",False,False,2
159.109,161.712,0,あかくそまるすきかも,"[(3, 'あかくそまる'), (2, 'すきかも')]",False,False,2
158.842,159.109,0,あかくそまるすきかも,"[(3, 'あかくそま'), (2, 'るすきかも')]",False,False,2
158.575,158.842,0,あかくそまるすきかも,"[(3, 'あかくそ'), (2, 'まるすきかも')]",False,False,2
158.342,158.575,0,あかくそまるすきかも,"[(3, 'あかく'), (2, 'そまるすきかも')]",False,False,2
158.041,158.342,0,あかくそまるすきかも,"[(3, 'あか'), (2, 'くそまるすきかも')]",False,False,2
157.841,158.041,0,あかくそまるすきかも,"[(3, 'あ'), (2, 'かくそまるすきかも')]",False,True,2
190.641,191.441,0,いっぷんいちびょう、かけだしたい,"[(3, 'いっぷんいちびょう、かけだしたい')]",True,False,2
190.407,190.641,0,いっぷんいちびょう、かけだしたい,"[(3, 'いっぷんいちびょう、かけだした'), (2, 'い')]",False,False,2
190.14,190.407,0,いっぷんいちびょう、かけだしたい,"[(3, 'いっぷんいちびょう、かけだし'), (2, 'たい')]",False,False,2
189.873,190.14,0,いっぷんいちびょう、かけだしたい,"[(3, 'いっぷんいちびょう、かけだ'), (2, 'したい')]",False,False,2
189.64,189.873,0,いっぷんいちびょう、かけだしたい,"[(3, 'いっぷんいちびょう、かけ'), (2, 'だしたい')]",False,False,2
189.373,189.64,0,いっぷんいちびょう、かけだしたい,"[(3, 'いっぷんいちびょう、か'), (2, 'けだしたい')]",False,False,2
188.872,189.373,0,いっぷんいちびょう、かけだしたい,"[(3, 'いっぷんいちびょう、'), (2, 'かけだしたい')]",False,False,2
188.705,188.872,0,いっぷんいちびょう、かけだしたい,"[(3, 'いっぷんいち'), (2, 'びょう、かけだしたい')]",False,False,2
188.338,188.705,0,いっぷんいちびょう、かけだしたい,"[(3, 'いっぷんい'), (2, 'ちびょう、かけだしたい')]",False,False,2
187.804,188.338,0,いっぷんいちびょう、かけだしたい,"[(3, 'いっぷん'), (2, 'いちびょう、かけだしたい')]",False,False,2
187.337,187.804,0,いっぷんいちびょう、かけだしたい,"[(3, 'いっ'), (2, 'ぷんいちびょう、かけだしたい')]",False,True,2
174.024,174.825,0,いっぷんいちびょう、わけあいたい,"[(3, 'いっぷんいちびょう、わけあいたい')]",True,False,2
173.757,174.024,0,いっぷんいちびょう、わけあいたい,"[(3, 'いっぷんいちびょう、わけあいた'), (2, 'い')]",False,False,2
173.49,173.757,0,いっぷんいちびょう、わけあいたい,"[(3, 'いっぷんいちびょう、わけあい'), (2, 'たい')]",False,False,2
173.257,173.49,0,いっぷんいちびょう、わけあいたい,"[(3, 'いっぷんいちびょう、わけあ'), (2, 'いたい')]",False,False,2
172.956,173.257,0,いっぷんいちびょう、わけあいたい,"[(3, 'いっぷんいちびょう、わけ'), (2, 'あいたい')]",False,False,2
172.689,172.956,0,いっぷんいちびょう、わけあいたい,"[(3, 'いっぷんいちびょう、わ'), (2, 'けあいたい')]",False,False,2
172.189,172.689,0,いっぷんいちびょう、わけあいたい,"[(3, 'いっぷんいちびょう、'), (2, 'わけあいたい')]",False,False,2
172.055,172.189,0,いっぷんいちびょう、わけあいたい,"[(3, 'いっぷんいち'), (2, 'びょう、わけあいたい')]",False,False,2
171.655,172.055,0,いっぷんいちびょう、わけあいたい,"[(3, 'いっぷんい'), (2, 'ちびょう、わけあいたい')]",False,False,2
171.155,171.655,0,いっぷんいちびょう、わけあいたい,"[(3, 'いっぷん'), (2, 'いちびょう、わけあいたい')]",False,False,2
170.621,171.155,0,いっぷんいちびょう、わけあいたい,"[(3, 'いっ'), (2, 'ぷんいちびょう、わけあいたい')]",False,False,2
123.941,124.675,0,いっぷんいちびょう、わけあいたい,"[(3, 'いっぷんいちびょう、わけあいたい')]",False,False,2
123.674,123.941,0,いっぷんいちびょう、わけあいたい,"[(3, 'いっぷんいちびょう、わけあいた'), (2, 'い')]",False,False,2
123.407,123.674,0,いっぷんいちびょう、わけあいたい,"[(3, 'いっぷんいちびょう、わけあい'), (2, 'たい')]",False,False,2
123.14,123.407,0,いっぷんいちびょう、わけあいたい,"[(3, 'いっぷんいちびょう、わけあ'), (2, 'いたい')]",False,False,2
122.873,123.14,0,いっぷんいちびょう、わけあいたい,"[(3, 'いっぷんいちびょう、わけ'), (2, 'あいたい')]",False,False,2
122.606,122.873,0,いっぷんいちびょう、わけあいたい,"[(3, 'いっぷんいちびょう、わ'), (2, 'けあいたい')]",False,False,2
122.072,122.606,0,いっぷんいちびょう、わけあいたい,"[(3, 'いっぷんいちびょう、'), (2, 'わけあいたい')]",False,False,2
121.939,122.072,0,いっぷんいちびょう、わけあいたい,"[(3, 'いっぷんいち'), (2, 'びょう、わけあいたい')]",False,False,2
121.572,121.939,0,いっぷんいちびょう、わけあいたい,"[(3, 'いっぷんい'), (2, 'ちびょう、わけあいたい')]",False,False,2
121.038,121.572,0,いっぷんいちびょう、わけあいたい,"[(3, 'いっぷん'), (2, 'いちびょう、わけあいたい')]",False,False,2
120.537,121.038,0,いっぷんいちびょう、わけあいたい,"[(3, 'いっ'), (2, 'ぷんいちびょう、わけあいたい')]",False,False,2
61.311,62.079,0,いっぷんいちびょう、わけあいたい,"[(3, 'いっぷんいちびょう、わけあいたい')]",False,False,2
61.045,61.311,0,いっぷんいちびょう、わけあいたい,"[(3, 'いっぷんいちびょう、わけあいた'), (2, 'い')]",False,False,2
60.778,61.045,0,いっぷんいちびょう、わけあいたい,"[(3, 'いっぷんいちびょう、わけあい'), (2, 'たい')]",False,False,2
60.511,60.778,0,いっぷんいちびょう、わけあいたい,"[(3, 'いっぷんいちびょう、わけあ'), (2, 'いたい')]",False,False,2
60.244,60.511,0,いっぷんいちびょう、わけあいたい,"[(3, 'いっぷんいちびょう、わけ'), (2, 'あいたい')]",False,False,2
59.977,60.244,0,いっぷんいちびょう、わけあいたい,"[(3, 'いっぷんいちびょう、わ'), (2, 'けあいたい')]",False,False,2
59.443,59.977,0,いっぷんいちびょう、わけあいたい,"[(3, 'いっぷんいちびょう、'), (2, 'わけあいたい')]",False,False,2
59.309,59.443,0,いっぷんいちびょう、わけあいたい,"[(3, 'いっぷんいち'), (2, 'びょう、わけあいたい')]",False,False,2
58.942,59.309,0,いっぷんいちびょう、わけあいたい,"[(3, 'いっぷんい'), (2, 'ちびょう、わけあいたい')]",False,False,2
58.409,58.942,0,いっぷんいちびょう、わけあいたい,"[(3, 'いっぷん'), (2, 'いちびょう、わけあいたい')]",False,False,2
57.908,58.409,0,いっぷんいちびょう、わけあいたい,"[(3, 'いっ'), (2, 'ぷんいちびょう、わけあいたい')]",False,True,2
200.817,202.953,0,いますぐきみのそばにいくよ,"[(3, 'いますぐきみのそばにいくよ')]",True,False,2
200.317,200.817,0,いますぐきみのそばにいくよ,"[(3, 'いますぐきみのそばにいく'), (2, 'よ')]",False,False,2
200.083,200.317,0,いますぐきみのそばにいくよ,"[(3, 'いますぐきみのそばにい'), (2, 'くよ')]",False,False,2
199.55,200.083,0,いますぐきみのそばにいくよ,"[(3, 'いますぐきみのそばに'), (2, 'いくよ')]",False,False,2
199.283,199.55,0,いますぐきみのそばにいくよ,"[(3, 'いますぐきみのそば'), (2, 'にいくよ')]",False,False,2
199.016,199.283,0,いますぐきみのそばにいくよ,"[(3, 'いますぐきみのそ'), (2, 'ばにいくよ')]",False,False,2
198.515,199.016,0,いますぐきみのそばにいくよ,"[(3, 'いますぐきみの'), (2, 'そばにいくよ')]",False,False,2
197.981,198.515,0,いますぐきみのそばにいくよ,"[(3, 'いますぐきみ'), (2, 'のそばにいくよ')]",False,False,2
197.481,197.981,0,いますぐきみのそばにいくよ,"[(3, 'いますぐき'), (2, 'みのそばにいくよ')]",False,False,2
197.214,197.481,0,いますぐきみのそばにいくよ,"[(3, 'いますぐ'), (2, 'きみのそばにいくよ')]",False,False,2
196.68,197.214,0,いますぐきみのそばにいくよ,"[(3, 'います'), (2, 'ぐきみのそばにいくよ')]",False,False,2
196.413,196.68,0,いますぐきみのそばにいくよ,"[(3, 'いま'), (2, 'すぐきみのそばにいくよ')]",False,False,2
196.146,196.413,0,いますぐきみのそばにいくよ,"[(3, 'い'), (2, 'ますぐきみのそばにいくよ')]",False,True,2
134.084,136.186,0,きかせてほしい,"[(3, 'きかせてほしい')]",True,False,2
133.55,134.084,0,きかせてほしい,"[(3, 'きかせてほし'), (2, 'い')]",False,False,2
133.016,133.55,0,きかせてほしい,"[(3, 'きかせてほ'), (2, 'しい')]",False,False,2
131.782,133.016,0,きかせてほしい,"[(3, 'きかせて'), (2, 'ほしい')]",False,False,2
131.215,131.782,0,きかせてほしい,"[(3, 'きかせ'), (2, 'てほしい')]",False,False,2
130.714,131.215,0,きかせてほしい,"[(3, 'きか'), (2, 'せてほしい')]",False,False,2
130.447,130.714,0,きかせてほしい,"[(3, 'き'), (2, 'かせてほしい')]",False,True,2
107.925,108.225,0,きづくとまたおもってる,"[(3, 'きづくとまたおもってる')]",True,False,2
107.724,107.925,0,きづくとまたおもってる,"[(3, 'きづくとまたおもって'), (2, 'る')]",False,False,2
107.458,107.724,0,きづくとまたおもってる,"[(3, 'きづくとまたおもっ'), (2, 'てる')]",False,False,2
107.191,107.458,0,きづくとまたおもってる,"[(3, 'きづくとまたおも'), (2, 'ってる')]",False,False,2
106.924,107.191,0,きづくとまたおもってる,"[(3, 'きづくとまたお'), (2, 'もってる')]",False,False,2
106.657,106.924,0,きづくとまたおもってる,"[(3, 'きづくとまた'), (2, 'おもってる')]",False,False,2
106.39,106.657,0,きづくとまたおもってる,"[(3, 'きづくとま'), (2, 'たおもってる')]",False,False,2
105.889,106.39,0,きづくとまたおもってる,"[(3, 'きづくと'), (2, 'またおもってる')]",False,False,2
105.656,105.889,0,きづくとまたおもってる,"[(3, 'きづく'), (2, 'とまたおもってる')]",False,False,2
105.355,105.656,0,きづくとまたおもってる,"[(3, 'きづ'), (2, 'くとまたおもってる')]",False,False,2
105.122,105.355,0,きづくとまたおもってる,"[(3, 'き'), (2, 'づくとまたおもってる')]",False,True,2
181.832,183.167,0,きみがいないと...,"[(3, 'きみがいないと...')]",True,False,2
181.265,181.832,0,きみがいないと...,"[(3, 'きみがいない'), (2, 'と...')]",False,False,2
180.797,181.265,0,きみがいないと...,"[(3, 'きみがいな'), (2, 'いと...')]",False,False,2
180.464,180.797,0,きみがいないと...,"[(3, 'きみがい'), (2, 'ないと...')]",False,False,2
179.997,180.464,0,きみがいないと...,"[(3, 'きみが'), (2, 'いないと...')]",False,False,2
179.696,179.997,0,きみがいないと...,"[(3, 'きみ'), (2, 'がいないと...')]",False,False,2
179.463,179.696,0,きみがいないと...,"[(3, 'き'), (2, 'みがいないと...')]",False,True,2
129.88,130.447,0,きみのことなんでもいいの,"[(3, 'きみのことなんでもいいの')]",True,False,2
129.646,129.88,0,きみのことなんでもいいの,"[(3, 'きみのことなんでもいい'), (2, 'の')]",False,False,2
129.346,129.646,0,きみのことなんでもいいの,"[(3, 'きみのことなんでもい'), (2, 'いの')]",False,False,2
128.579,129.346,0,きみのことなんでもいいの,"[(3, 'きみのことなんでも'), (2, 'いいの')]",False,False,2
128.312,128.579,0,きみのことなんでもいいの,"[(3, 'きみのことなんで'), (2, 'もいいの')]",False,False,2
128.011,128.312,0,きみのことなんでもいいの,"[(3, 'きみのことなん'), (2, 'でもいいの')]",False,False,2
127.544,128.011,0,きみのことなんでもいいの,"[(3, 'きみのことな'), (2, 'んでもいいの')]",False,False,2
127.01,127.544,0,きみのことなんでもいいの,"[(3, 'きみのこと'), (2, 'なんでもいいの')]",False,False,2
126.51,127.01,0,きみのことなんでもいいの,"[(3, 'きみのこ'), (2, 'となんでもいいの')]",False,False,2
125.709,126.51,0,きみのことなんでもいいの,"[(3, 'きみの'), (2, 'ことなんでもいいの')]",False,False,2
125.175,125.709,0,きみのことなんでもいいの,"[(3, 'きみ'), (2, 'のことなんでもいいの')]",False,False,2
124.675,125.175,0,きみのことなんでもいいの,"[(3, 'き'), (2, 'みのことなんでもいいの')]",False,True,2
99.383,99.917,0,きみはいまなにしてる？,"[(3, 'きみはいまなにしてる？')]",True,False,2
98.816,99.383,0,きみはいまなにしてる？,"[(3, 'きみはいまなにして'), (2, 'る？')]",False,False,2
98.582,98.816,0,きみはいまなにしてる？,"[(3, 'きみはいまなにし'), (2, 'てる？')]",False,False,2
98.348,98.582,0,きみはいまなにしてる？,"[(3, 'きみはいまなに'), (2, 'してる？')]",False,False,2
98.048,98.348,0,きみはいまなにしてる？,"[(3, 'きみはいまな'), (2, 'にしてる？')]",False,False,2
97.815,98.048,0,きみはいまなにしてる？,"[(3, 'きみはいま'), (2, 'なにしてる？')]",False,False,2
97.548,97.815,0,きみはいまなにしてる？,"[(3, 'きみはい'), (2, 'まなにしてる？')]",False,False,2
97.314,97.548,0,きみはいまなにしてる？,"[(3, 'きみは'), (2, 'いまなにしてる？')]",False,False,2
97.047,97.314,0,きみはいまなにしてる？,"[(3, 'きみ'), (2, 'はいまなにしてる？')]",False,False,2
96.78,97.047,0,きみはいまなにしてる？,"[(3, 'き'), (2, 'みはいまなにしてる？')]",False,True,2
50.567,52.936,0,じゅんぱくのはなみずきゆれる,"[(3, 'じゅんぱくのはなみずきゆれる')]",True,False,2
50.067,50.567,0,じゅんぱくのはなみずきゆれる,"[(3, 'じゅんぱくのはなみずきゆれ'), (2, 'る')]",False,False,2
49.8,50.067,0,じゅんぱくのはなみずきゆれる,"[(3, 'じゅんぱくのはなみずきゆ'), (2, 'れる')]",False,False,2
49.299,49.8,0,じゅんぱくのはなみずきゆれる,"[(3, 'じゅんぱくのはなみずき'), (2, 'ゆれる')]",False,False,2
49.033,49.299,0,じゅんぱくのはなみずきゆれる,"[(3, 'じゅんぱくのはなみず'), (2, 'きゆれる')]",False,False,2
48.766,49.033,0,じゅんぱくのはなみずきゆれる,"[(3, 'じゅんぱくのはなみ'), (2, 'ずきゆれる')]",False,False,2
48.298,48.766,0,じゅんぱくのはなみずきゆれる,"[(3, 'じゅんぱくのはな'), (2, 'みずきゆれる')]",False,False,2
47.731,48.298,0,じゅんぱくのはなみずきゆれる,"[(3, 'じゅんぱくのは'), (2, 'なみずきゆれる')]",False,False,2
47.197,47.731,0,じゅんぱくのはなみずきゆれる,"[(3, 'じゅんぱくの'), (2, 'はなみずきゆれる')]",False,False,2
46.697,47.197,0,じゅんぱくのはなみずきゆれる,"[(3, 'じゅんぱく'), (2, 'のはなみずきゆれる')]",False,False,2
46.163,46.697,0,じゅんぱくのはなみずきゆれる,"[(3, 'じゅんぱ'), (2, 'くのはなみずきゆれる')]",False,False,2
45.896,46.163,0,じゅんぱくのはなみずきゆれる,"[(3, 'じゅん'), (2, 'ぱくのはなみずきゆれる')]",False,False,2
45.629,45.896,0,じゅんぱくのはなみずきゆれる,"[(3, 'じゅ'), (2, 'んぱくのはなみずきゆれる')]",False,True,2
113.163,115.265,0,せんりょくのはなみずきゆれる,"[(3, 'せんりょくのはなみずきゆれる')]",True,False,2
112.663,113.163,0,せんりょくのはなみずきゆれる,"[(3, 'せんりょくのはなみずきゆれ'), (2, 'る')]",False,False,2
112.396,112.663,0,せんりょくのはなみずきゆれる,"[(3, 'せんりょくのはなみずきゆ'), (2, 'れる')]",False,False,2
111.862,112.396,0,せんりょくのはなみずきゆれる,"[(3, 'せんりょくのはなみずき'), (2, 'ゆれる')]",False,False,2
111.628,111.862,0,せんりょくのはなみずきゆれる,"[(3, 'せんりょくのはなみず'), (2, 'きゆれる')]",False,False,2
111.361,111.628,0,せんりょくのはなみずきゆれる,"[(3, 'せんりょくのはなみ'), (2, 'ずきゆれる')]",False,False,2
110.861,111.361,0,せんりょくのはなみずきゆれる,"[(3, 'せんりょくのはな'), (2, 'みずきゆれる')]",False,False,2
110.294,110.861,0,せんりょくのはなみずきゆれる,"[(3, 'せんりょくのは'), (2, 'なみずきゆれる')]",False,False,2
109.793,110.294,0,せんりょくのはなみずきゆれる,"[(3, 'せんりょくの'), (2, 'はなみずきゆれる')]",False,False,2
109.293,109.793,0,せんりょくのはなみずきゆれる,"[(3, 'せんりょく'), (2, 'のはなみずきゆれる')]",False,False,2
108.759,109.293,0,せんりょくのはなみずきゆれる,"[(3, 'せんりょ'), (2, 'くのはなみずきゆれる')]",False,False,2
108.492,108.759,0,せんりょくのはなみずきゆれる,"[(3, 'せん'), (2, 'りょくのはなみずきゆれる')]",False,False,2
108.225,108.492,0,せんりょくのはなみずきゆれる,"[(3, 'せ'), (2, 'んりょくのはなみずきゆれる')]",False,True,2
95.245,95.979,0,そっとくちずさむめろでぃー,"[(3, 'そっとくちずさむめろでぃー')]",True,False,2
94.945,95.245,0,そっとくちずさむめろでぃー,"[(3, 'そっとくちずさむめろでぃ'), (2, 'ー')]",False,False,2
94.678,94.945,0,そっとくちずさむめろでぃー,"[(3, 'そっとくちずさむめろ'), (2, 'でぃー')]",False,False,2
94.178,94.678,0,そっとくちずさむめろでぃー,"[(3, 'そっとくちずさむめ'), (2, 'ろでぃー')]",False,False,2
93.911,94.178,0,そっとくちずさむめろでぃー,"[(3, 'そっとくちずさむ'), (2, 'めろでぃー')]",False,False,2
93.644,93.911,0,そっとくちずさむめろでぃー,"[(3, 'そっとくちずさ'), (2, 'むめろでぃー')]",False,False,2
93.11,93.644,0,そっとくちずさむめろでぃー,"[(3, 'そっとくちず'), (2, 'さむめろでぃー')]",False,False,2
92.843,93.11,0,そっとくちずさむめろでぃー,"[(3, 'そっとくち'), (2, 'ずさむめろでぃー')]",False,False,2
92.576,92.843,0,そっとくちずさむめろでぃー,"[(3, 'そっとく'), (2, 'ちずさむめろでぃー')]",False,False,2
92.076,92.576,0,そっとくちずさむめろでぃー,"[(3, 'そっと'), (2, 'くちずさむめろでぃー')]",False,False,2
91.809,92.076,0,そっとくちずさむめろでぃー,"[(3, 'そっ'), (2, 'とくちずさむめろでぃー')]",False,False,2
91.508,91.809,0,そっとくちずさむめろでぃー,"[(3, 'そ'), (2, 'っとくちずさむめろでぃー')]",False,True,2
95.245,95.979,-1,そっと口ずさむメロディー,"[(3, 'そっと口ずさむメロディー')]",True,False,2
94.945,95.245,-1,そっと口ずさむメロディー,"[(3, 'そっと口ずさむメロディ'), (2, 'ー')]",False,False,2
94.678,94.945,-1,そっと口ずさむメロディー,"[(3, 'そっと口ずさむメロ'), (2, 'ディー')]",False,False,2
94.178,94.678,-1,そっと口ずさむメロディー,"[(3, 'そっと口ずさむメ'), (2, 'ロディー')]",False,False,2
93.911,94.178,-1,そっと口ずさむメロディー,"[(3, 'そっと口ずさむ'), (2, 'メロディー')]",False,False,2
93.644,93.911,-1,そっと口ずさむメロディー,"[(3, 'そっと口ずさ'), (2, 'むメロディー')]",False,False,2
93.11,93.644,-1,そっと口ずさむメロディー,"[(3, 'そっと口ず'), (2, 'さむメロディー')]",False,False,2
92.843,93.11,-1,そっと口ずさむメロディー,"[(3, 'そっと口'), (2, 'ずさむメロディー')]",False,False,2
92.576,92.843,-1,そっと口ずさむメロディー,"[(3, 'そっと口'), (2, 'ずさむメロディー')]",False,False,2
92.076,92.576,-1,そっと口ずさむメロディー,"[(3, 'そっと'), (2, '口ずさむメロディー')]",False,False,2
91.809,92.076,-1,そっと口ずさむメロディー,"[(3, 'そっ'), (2, 'と口ずさむメロディー')]",False,False,2
91.508,91.809,-1,そっと口ずさむメロディー,"[(3, 'そ'), (2, 'っと口ずさむメロディー')]",False,True,2
57.141,57.908,0,ちょっと、きみにあいたい,"[(3, 'ちょっと、きみにあいたい')]",True,False,2
56.874,57.141,0,ちょっと、きみにあいたい,"[(3, 'ちょっと、きみにあいた'), (2, 'い')]",False,False,2
56.607,56.874,0,ちょっと、きみにあいたい,"[(3, 'ちょっと、きみにあい'), (2, 'たい')]",False,False,2
56.34,56.607,0,ちょっと、きみにあいたい,"[(3, 'ちょっと、きみにあ'), (2, 'いたい')]",False,False,2
55.806,56.34,0,ちょっと、きみにあいたい,"[(3, 'ちょっと、きみに'), (2, 'あいたい')]",False,False,2
55.305,55.806,0,ちょっと、きみにあいたい,"[(3, 'ちょっと、きみ'), (2, 'にあいたい')]",False,False,2
54.772,55.305,0,ちょっと、きみにあいたい,"[(3, 'ちょっと、き'), (2, 'みにあいたい')]",False,False,2
54.271,54.772,0,ちょっと、きみにあいたい,"[(3, 'ちょっと、'), (2, 'きみにあいたい')]",False,False,2
53.737,54.271,0,ちょっと、きみにあいたい,"[(3, 'ちょっ'), (2, 'と、きみにあいたい')]",False,True,2
57.141,57.908,-1,ちょっと、君に会いたい,"[(3, 'ちょっと、君に会いたい')]",True,False,2
56.874,57.141,-1,ちょっと、君に会いたい,"[(3, 'ちょっと、君に会いた'), (2, 'い')]",False,False,2
56.607,56.874,-1,ちょっと、君に会いたい,"[(3, 'ちょっと、君に会い'), (2, 'たい')]",False,False,2
56.34,56.607,-1,ちょっと、君に会いたい,"[(3, 'ちょっと、君に会'), (2, 'いたい')]",False,False,2
55.806,56.34,-1,ちょっと、君に会いたい,"[(3, 'ちょっと、君に'), (2, '会いたい')]",False,False,2
55.305,55.806,-1,ちょっと、君に会いたい,"[(3, 'ちょっと、君'), (2, 'に会いたい')]",False,False,2
54.772,55.305,-1,ちょっと、君に会いたい,"[(3, 'ちょっと、君'), (2, 'に会いたい')]",False,False,2
54.271,54.772,-1,ちょっと、君に会いたい,"[(3, 'ちょっと、'), (2, '君に会いたい')]",False,False,2
53.737,54.271,-1,ちょっと、君に会いたい,"[(3, 'ちょっ'), (2, 'と、君に会いたい')]",False,True,2
28.412,28.979,0,どこまでいくのかな,"[(3, 'どこまでいくのかな')]",True,False,2
27.911,28.412,0,どこまでいくのかな,"[(3, 'どこまでいくのか'), (2, 'な')]",False,False,2
27.644,27.911,0,どこまでいくのかな,"[(3, 'どこまでいくの'), (2, 'かな')]",False,False,2
27.378,27.644,0,どこまでいくのかな,"[(3, 'どこまでいく'), (2, 'のかな')]",False,False,2
27.077,27.378,0,どこまでいくのかな,"[(3, 'どこまでい'), (2, 'くのかな')]",False,False,2
26.577,27.077,0,どこまでいくのかな,"[(3, 'どこまで'), (2, 'いくのかな')]",False,False,2
26.31,26.577,0,どこまでいくのかな,"[(3, 'どこま'), (2, 'でいくのかな')]",False,False,2
26.043,26.31,0,どこまでいくのかな,"[(3, 'どこ'), (2, 'までいくのかな')]",False,False,2
25.809,26.043,0,どこまでいくのかな,"[(3, 'ど'), (2, 'こまでいくのかな')]",False,True,2
91.041,91.508,0,どこまでとどくかな,"[(3, 'どこまでとどくかな')]",True,False,2
90.507,91.041,0,どこまでとどくかな,"[(3, 'どこまでとどくか'), (2, 'な')]",False,False,2
90.274,90.507,0,どこまでとどくかな,"[(3, 'どこまでとどく'), (2, 'かな')]",False,False,2
90.007,90.274,0,どこまでとどくかな,"[(3, 'どこまでとど'), (2, 'くかな')]",False,False,2
89.74,90.007,0,どこまでとどくかな,"[(3, 'どこまでと'), (2, 'どくかな')]",False,False,2
89.206,89.74,0,どこまでとどくかな,"[(3, 'どこまで'), (2, 'とどくかな')]",False,False,2
88.972,89.206,0,どこまでとどくかな,"[(3, 'どこま'), (2, 'でとどくかな')]",False,False,2
88.672,88.972,0,どこまでとどくかな,"[(3, 'どこ'), (2, 'までとどくかな')]",False,False,2
88.439,88.672,0,どこまでとどくかな,"[(3, 'ど'), (2, 'こまでとどくかな')]",False,True,2
91.041,91.508,-1,どこまで届くかな,"[(3, 'どこまで届くかな')]",True,False,2
90.507,91.041,-1,どこまで届くかな,"[(3, 'どこまで届くか'), (2, 'な')]",False,False,2
90.274,90.507,-1,どこまで届くかな,"[(3, 'どこまで届く'), (2, 'かな')]",False,False,2
90.007,90.274,-1,どこまで届くかな,"[(3, 'どこまで届'), (2, 'くかな')]",False,False,2
89.74,90.007,-1,どこまで届くかな,"[(3, 'どこまで届'), (2, 'くかな')]",False,False,2
89.206,89.74,-1,どこまで届くかな,"[(3, 'どこまで'), (2, '届くかな')]",False,False,2
88.972,89.206,-1,どこまで届くかな,"[(3, 'どこま'), (2, 'で届くかな')]",False,False,2
88.672,88.972,-1,どこまで届くかな,"[(3, 'どこ'), (2, 'まで届くかな')]",False,False,2
88.439,88.672,-1,どこまで届くかな,"[(3, 'ど'), (2, 'こまで届くかな')]",False,True,2
28.412,28.979,-1,どこまで行くのかな,"[(3, 'どこまで行くのかな')]",True,False,2
27.911,28.412,-1,どこまで行くのかな,"[(3, 'どこまで行くのか'), (2, 'な')]",False,False,2
27.644,27.911,-1,どこまで行くのかな,"[(3, 'どこまで行くの'), (2, 'かな')]",False,False,2
27.378,27.644,-1,どこまで行くのかな,"[(3, 'どこまで行く'), (2, 'のかな')]",False,False,2
27.077,27.378,-1,どこまで行くのかな,"[(3, 'どこまで行'), (2, 'くのかな')]",False,False,2
26.577,27.077,-1,どこまで行くのかな,"[(3, 'どこまで'), (2, '行くのかな')]",False,False,2
26.31,26.577,-1,どこまで行くのかな,"[(3, 'どこま'), (2, 'で行くのかな')]",False,False,2
26.043,26.31,-1,どこまで行くのかな,"[(3, 'どこ'), (2, 'まで行くのかな')]",False,False,2
25.809,26.043,-1,どこまで行くのかな,"[(3, 'ど'), (2, 'こまで行くのかな')]",False,True,2
104.321,105.122,0,どんなことかんがえてるの？,"[(3, 'どんなことかんがえてるの？')]",True,False,2
104.054,104.321,0,どんなことかんがえてるの？,"[(3, 'どんなことかんがえてる'), (2, 'の？')]",False,False,2
103.52,104.054,0,どんなことかんがえてるの？,"[(3, 'どんなことかんがえて'), (2, 'るの？')]",False,False,2
103.02,103.52,0,どんなことかんがえてるの？,"[(3, 'どんなことかんがえ'), (2, 'てるの？')]",False,False,2
102.519,103.02,0,どんなことかんがえてるの？,"[(3, 'どんなことかんが'), (2, 'えてるの？')]",False,False,2
102.219,102.519,0,どんなことかんがえてるの？,"[(3, 'どんなことかん'), (2, 'がえてるの？')]",False,False,2
101.952,102.219,0,どんなことかんがえてるの？,"[(3, 'どんなことか'), (2, 'んがえてるの？')]",False,False,2
101.452,101.952,0,どんなことかんがえてるの？,"[(3, 'どんなこと'), (2, 'かんがえてるの？')]",False,False,2
100.918,101.452,0,どんなことかんがえてるの？,"[(3, 'どんなこ'), (2, 'とかんがえてるの？')]",False,False,2
100.384,100.918,0,どんなことかんがえてるの？,"[(3, 'どんな'), (2, 'ことかんがえてるの？')]",False,False,2
100.117,100.384,0,どんなことかんがえてるの？,"[(3, 'どん'), (2, 'なことかんがえてるの？')]",False,False,2
99.917,100.117,0,どんなことかんがえてるの？,"[(3, 'ど'), (2, 'んなことかんがえてるの？')]",False,True,2
104.321,105.122,-1,どんなこと考えてるの？,"[(3, 'どんなこと考えてるの？')]",True,False,2
104.054,104.321,-1,どんなこと考えてるの？,"[(3, 'どんなこと考えてる'), (2, 'の？')]",False,False,2
103.52,104.054,-1,どんなこと考えてるの？,"[(3, 'どんなこと考えて'), (2, 'るの？')]",False,False,2
103.02,103.52,-1,どんなこと考えてるの？,"[(3, 'どんなこと考え'), (2, 'てるの？')]",False,False,2
102.519,103.02,-1,どんなこと考えてるの？,"[(3, 'どんなこと考'), (2, 'えてるの？')]",False,False,2
102.219,102.519,-1,どんなこと考えてるの？,"[(3, 'どんなこと考'), (2, 'えてるの？')]",False,False,2
101.952,102.219,-1,どんなこと考えてるの？,"[(3, 'どんなこと考'), (2, 'えてるの？')]",False,False,2
101.452,101.952,-1,どんなこと考えてるの？,"[(3, 'どんなこと'), (2, '考えてるの？')]",False,False,2
100.918,101.452,-1,どんなこと考えてるの？,"[(3, 'どんなこ'), (2, 'と考えてるの？')]",False,False,2
100.384,100.918,-1,どんなこと考えてるの？,"[(3, 'どんな'), (2, 'こと考えてるの？')]",False,False,2
100.117,100.384,-1,どんなこと考えてるの？,"[(3, 'どん'), (2, 'なこと考えてるの？')]",False,False,2
99.917,100.117,-1,どんなこと考えてるの？,"[(3, 'ど'), (2, 'んなこと考えてるの？')]",False,True,2
45.129,45.629,0,どんなふうにうつってる？,"[(3, 'どんなふうにうつってる？')]",True,False,2
44.862,45.129,0,どんなふうにうつってる？,"[(3, 'どんなふうにうつって'), (2, 'る？')]",False,False,2
44.561,44.862,0,どんなふうにうつってる？,"[(3, 'どんなふうにうつっ'), (2, 'てる？')]",False,False,2
44.294,44.561,0,どんなふうにうつってる？,"[(3, 'どんなふうにうつ'), (2, 'ってる？')]",False,False,2
44.061,44.294,0,どんなふうにうつってる？,"[(3, 'どんなふうにう'), (2, 'つってる？')]",False,False,2
43.827,44.061,0,どんなふうにうつってる？,"[(3, 'どんなふうに'), (2, 'うつってる？')]",False,False,2
43.56,43.827,0,どんなふうにうつってる？,"[(3, 'どんなふう'), (2, 'にうつってる？')]",False,False,2
43.293,43.56,0,どんなふうにうつってる？,"[(3, 'どんなふ'), (2, 'うにうつってる？')]",False,False,2
43.027,43.293,0,どんなふうにうつってる？,"[(3, 'どんな'), (2, 'ふうにうつってる？')]",False,False,2
42.76,43.027,0,どんなふうにうつってる？,"[(3, 'どん'), (2, 'なふうにうつってる？')]",False,False,2
42.526,42.76,0,どんなふうにうつってる？,"[(3, 'ど'), (2, 'んなふうにうつってる？')]",False,True,2
45.129,45.629,-1,どんな風に映ってる？,"[(3, 'どんな風に映ってる？')]",True,False,2
44.862,45.129,-1,どんな風に映ってる？,"[(3, 'どんな風に映って'), (2, 'る？')]",False,False,2
44.561,44.862,-1,どんな風に映ってる？,"[(3, 'どんな風に映っ'), (2, 'てる？')]",False,False,2
44.294,44.561,-1,どんな風に映ってる？,"[(3, 'どんな風に映'), (2, 'ってる？')]",False,False,2
44.061,44.294,-1,どんな風に映ってる？,"[(3, 'どんな風に映'), (2, 'ってる？')]",False,False,2
43.827,44.061,-1,どんな風に映ってる？,"[(3, 'どんな風に'), (2, '映ってる？')]",False,False,2
43.56,43.827,-1,どんな風に映ってる？,"[(3, 'どんな風'), (2, 'に映ってる？')]",False,False,2
43.293,43.56,-1,どんな風に映ってる？,"[(3, 'どんな風'), (2, 'に映ってる？')]",False,False,2
43.027,43.293,-1,どんな風に映ってる？,"[(3, 'どんな'), (2, '風に映ってる？')]",False,False,2
42.76,43.027,-1,どんな風に映ってる？,"[(3, 'どん'), (2, 'な風に映ってる？')]",False,False,2
42.526,42.76,-1,どんな風に映ってる？,"[(3, 'ど'), (2, 'んな風に映ってる？')]",False,True,2
82.666,83.267,0,なつのそらはあおくて,"[(3, 'なつのそらはあおくて')]",True,False,2
82.166,82.666,0,なつのそらはあおくて,"[(3, 'なつのそらはあおく'), (2, 'て')]",False,False,2
81.899,82.166,0,なつのそらはあおくて,"[(3, 'なつのそらはあお'), (2, 'くて')]",False,False,2
81.632,81.899,0,なつのそらはあおくて,"[(3, 'なつのそらはあ'), (2, 'おくて')]",False,False,2
81.365,81.632,0,なつのそらはあおくて,"[(3, 'なつのそらは'), (2, 'あおくて')]",False,False,2
81.131,81.365,0,なつのそらはあおくて,"[(3, 'なつのそら'), (2, 'はあおくて')]",False,False,2
80.864,81.131,0,なつのそらはあおくて,"[(3, 'なつのそ'), (2, 'らはあおくて')]",False,False,2
80.564,80.864,0,なつのそらはあおくて,"[(3, 'なつの'), (2, 'そらはあおくて')]",False,False,2
80.33,80.564,0,なつのそらはあおくて,"[(3, 'なつ'), (2, 'のそらはあおくて')]",False,False,2
80.064,80.33,0,なつのそらはあおくて,"[(3, 'な'), (2, 'つのそらはあおくて')]",False,True,2
71.455,73.557,0,なんかききたくなったよ,"[(3, 'なんかききたくなったよ')]",True,False,2
70.921,71.455,0,なんかききたくなったよ,"[(3, 'なんかききたくなった'), (2, 'よ')]",False,False,2
70.387,70.921,0,なんかききたくなったよ,"[(3, 'なんかききたくなっ'), (2, 'たよ')]",False,False,2
70.12,70.387,0,なんかききたくなったよ,"[(3, 'なんかききたくな'), (2, 'ったよ')]",False,False,2
69.086,70.12,0,なんかききたくなったよ,"[(3, 'なんかききたく'), (2, 'なったよ')]",False,False,2
68.585,69.086,0,なんかききたくなったよ,"[(3, 'なんかききた'), (2, 'くなったよ')]",False,False,2
68.052,68.585,0,なんかききたくなったよ,"[(3, 'なんかきき'), (2, 'たくなったよ')]",False,False,2
67.818,68.052,0,なんかききたくなったよ,"[(3, 'なんかき'), (2, 'きたくなったよ')]",False,False,2
67.284,67.818,0,なんかききたくなったよ,"[(3, 'なんか'), (2, 'ききたくなったよ')]",False,False,2
67.017,67.284,0,なんかききたくなったよ,"[(3, 'なん'), (2, 'かききたくなったよ')]",False,False,2
66.75,67.017,0,なんかききたくなったよ,"[(3, 'な'), (2, 'んかききたくなったよ')]",False,True,2
71.455,73.557,-1,なんか聞きたくなったよ,"[(3, 'なんか聞きたくなったよ')]",True,False,2
70.921,71.455,-1,なんか聞きたくなったよ,"[(3, 'なんか聞きたくなった'), (2, 'よ')]",False,False,2
70.387,70.921,-1,なんか聞きたくなったよ,"[(3, 'なんか聞きたくなっ'), (2, 'たよ')]",False,False,2
70.12,70.387,-1,なんか聞きたくなったよ,"[(3, 'なんか聞きたくな'), (2, 'ったよ')]",False,False,2
69.086,70.12,-1,なんか聞きたくなったよ,"[(3, 'なんか聞きたく'), (2, 'なったよ')]",False,False,2
68.585,69.086,-1,なんか聞きたくなったよ,"[(3, 'なんか聞きた'), (2, 'くなったよ')]",False,False,2
68.052,68.585,-1,なんか聞きたくなったよ,"[(3, 'なんか聞き'), (2, 'たくなったよ')]",False,False,2
67.818,68.052,-1,なんか聞きたくなったよ,"[(3, 'なんか聞'), (2, 'きたくなったよ')]",False,False,2
67.284,67.818,-1,なんか聞きたくなったよ,"[(3, 'なんか'), (2, '聞きたくなったよ')]",False,False,2
67.017,67.284,-1,なんか聞きたくなったよ,"[(3, 'なん'), (2, 'か聞きたくなったよ')]",False,False,2
66.75,67.017,-1,なんか聞きたくなったよ,"[(3, 'な'), (2, 'んか聞きたくなったよ')]",False,True,2
169.887,170.621,0,ねぇ、きみにあいたい,"[(3, 'ねぇ、きみにあいたい')]",True,False,2
169.586,169.887,0,ねぇ、きみにあいたい,"[(3, 'ねぇ、きみにあいた'), (2, 'い')]",False,False,2
169.353,169.586,0,ねぇ、きみにあいたい,"[(3, 'ねぇ、きみにあい'), (2, 'たい')]",False,False,2
169.052,169.353,0,ねぇ、きみにあいたい,"[(3, 'ねぇ、きみにあ'), (2, 'いたい')]",False,False,2
168.519,169.052,0,ねぇ、きみにあいたい,"[(3, 'ねぇ、きみに'), (2, 'あいたい')]",False,False,2
167.985,168.519,0,ねぇ、きみにあいたい,"[(3, 'ねぇ、きみ'), (2, 'にあいたい')]",False,False,2
167.484,167.985,0,ねぇ、きみにあいたい,"[(3, 'ねぇ、き'), (2, 'みにあいたい')]",False,False,2
166.95,167.484,0,ねぇ、きみにあいたい,"[(3, 'ねぇ'), (2, '、きみにあいたい')]",False,False,2
166.35,166.95,0,ねぇ、きみにあいたい,"[(3, 'ね'), (2, 'ぇ、きみにあいたい')]",False,True,2
169.887,170.621,-1,ねぇ、君に会いたい,"[(3, 'ねぇ、君に会いたい')]",True,False,2
169.586,169.887,-1,ねぇ、君に会いたい,"[(3, 'ねぇ、君に会いた'), (2, 'い')]",False,False,2
169.353,169.586,-1,ねぇ、君に会いたい,"[(3, 'ねぇ、君に会い'), (2, 'たい')]",False,False,2
169.052,169.353,-1,ねぇ、君に会いたい,"[(3, 'ねぇ、君に会'), (2, 'いたい')]",False,False,2
168.519,169.052,-1,ねぇ、君に会いたい,"[(3, 'ねぇ、君に'), (2, '会いたい')]",False,False,2
167.985,168.519,-1,ねぇ、君に会いたい,"[(3, 'ねぇ、君'), (2, 'に会いたい')]",False,False,2
167.484,167.985,-1,ねぇ、君に会いたい,"[(3, 'ねぇ、君'), (2, 'に会いたい')]",False,False,2
166.95,167.484,-1,ねぇ、君に会いたい,"[(3, 'ねぇ'), (2, '、君に会いたい')]",False,False,2
166.35,166.95,-1,ねぇ、君に会いたい,"[(3, 'ね'), (2, 'ぇ、君に会いたい')]",False,True,2
20.07,20.637,0,はるのかぜにふかれて,"[(3, 'はるのかぜにふかれて')]",True,False,2
19.57,20.07,0,はるのかぜにふかれて,"[(3, 'はるのかぜにふかれ'), (2, 'て')]",False,False,2
19.269,19.57,0,はるのかぜにふかれて,"[(3, 'はるのかぜにふか'), (2, 'れて')]",False,False,2
19.069,19.269,0,はるのかぜにふかれて,"[(3, 'はるのかぜにふ'), (2, 'かれて')]",False,False,2
18.769,19.069,0,はるのかぜにふかれて,"[(3, 'はるのかぜに'), (2, 'ふかれて')]",False,False,2
18.535,18.769,0,はるのかぜにふかれて,"[(3, 'はるのかぜ'), (2, 'にふかれて')]",False,False,2
18.268,18.535,0,はるのかぜにふかれて,"[(3, 'はるのか'), (2, 'ぜにふかれて')]",False,False,2
18.002,18.268,0,はるのかぜにふかれて,"[(3, 'はるの'), (2, 'かぜにふかれて')]",False,False,2
17.735,18.002,0,はるのかぜにふかれて,"[(3, 'はる'), (2, 'のかぜにふかれて')]",False,False,2
17.468,17.735,0,はるのかぜにふかれて,"[(3, 'は'), (2, 'るのかぜにふかれて')]",False,True,2
87.604,88.439,0,ふうりんはなびひびきわたってく,"[(3, 'ふうりんはなびひびきわたってく')]",True,False,2
87.371,87.604,0,ふうりんはなびひびきわたってく,"[(3, 'ふうりんはなびひびきわたって'), (2, 'く')]",False,False,2
87.104,87.371,0,ふうりんはなびひびきわたってく,"[(3, 'ふうりんはなびひびきわたっ'), (2, 'てく')]",False,False,2
86.837,87.104,0,ふうりんはなびひびきわたってく,"[(3, 'ふうりんはなびひびきわた'), (2, 'ってく')]",False,False,2
86.336,86.837,0,ふうりんはなびひびきわたってく,"[(3, 'ふうりんはなびひびきわ'), (2, 'たってく')]",False,False,2
86.236,86.336,0,ふうりんはなびひびきわたってく,"[(3, 'ふうりんはなびひびき'), (2, 'わたってく')]",False,False,2
85.803,86.236,0,ふうりんはなびひびきわたってく,"[(3, 'ふうりんはなびひび'), (2, 'きわたってく')]",False,False,2
85.335,85.803,0,ふうりんはなびひびきわたってく,"[(3, 'ふうりんはなびひ'), (2, 'びきわたってく')]",False,False,2
84.768,85.335,0,ふうりんはなびひびきわたってく,"[(3, 'ふうりんはなび'), (2, 'ひびきわたってく')]",False,False,2
84.535,84.768,0,ふうりんはなびひびきわたってく,"[(3, 'ふうりんはな'), (2, 'びひびきわたってく')]",False,False,2
84.234,84.535,0,ふうりんはなびひびきわたってく,"[(3, 'ふうりんは'), (2, 'なびひびきわたってく')]",False,False,2
84.001,84.234,0,ふうりんはなびひびきわたってく,"[(3, 'ふうりん'), (2, 'はなびひびきわたってく')]",False,False,2
83.734,84.001,0,ふうりんはなびひびきわたってく,"[(3, 'ふうり'), (2, 'んはなびひびきわたってく')]",False,False,2
83.467,83.734,0,ふうりんはなびひびきわたってく,"[(3, 'ふう'), (2, 'りんはなびひびきわたってく')]",False,False,2
83.267,83.467,0,ふうりんはなびひびきわたってく,"[(3, 'ふ'), (2, 'うりんはなびひびきわたってく')]",False,True,2
36.787,37.321,0,ふっとあゆみをとめて,"[(3, 'ふっとあゆみをとめて')]",True,False,2
36.253,36.787,0,ふっとあゆみをとめて,"[(3, 'ふっとあゆみをとめ'), (2, 'て')]",False,False,2
35.986,36.253,0,ふっとあゆみをとめて,"[(3, 'ふっとあゆみをと'), (2, 'めて')]",False,False,2
35.719,35.986,0,ふっとあゆみをとめて,"[(3, 'ふっとあゆみを'), (2, 'とめて')]",False,False,2
35.486,35.719,0,ふっとあゆみをとめて,"[(3, 'ふっとあゆみ'), (2, 'をとめて')]",False,False,2
35.219,35.486,0,ふっとあゆみをとめて,"[(3, 'ふっとあゆ'), (2, 'みをとめて')]",False,False,2
34.952,35.219,0,ふっとあゆみをとめて,"[(3, 'ふっとあ'), (2, 'ゆみをとめて')]",False,False,2
34.718,34.952,0,ふっとあゆみをとめて,"[(3, 'ふっと'), (2, 'あゆみをとめて')]",False,False,2
34.184,34.718,0,ふっとあゆみをとめて,"[(3, 'ふっ'), (2, 'とあゆみをとめて')]",False,True,2
36.787,37.321,-1,ふっと歩みを止めて,"[(3, 'ふっと歩みを止めて')]",True,False,2
36.253,36.787,-1,ふっと歩みを止めて,"[(3, 'ふっと歩みを止め'), (2, 'て')]",False,False,2
35.986,36.253,-1,ふっと歩みを止めて,"[(3, 'ふっと歩みを止'), (2, 'めて')]",False,False,2
35.719,35.986,-1,ふっと歩みを止めて,"[(3, 'ふっと歩みを'), (2, '止めて')]",False,False,2
35.486,35.719,-1,ふっと歩みを止めて,"[(3, 'ふっと歩み'), (2, 'を止めて')]",False,False,2
35.219,35.486,-1,ふっと歩みを止めて,"[(3, 'ふっと歩'), (2, 'みを止めて')]",False,False,2
34.952,35.219,-1,ふっと歩みを止めて,"[(3, 'ふっと歩'), (2, 'みを止めて')]",False,False,2
34.718,34.952,-1,ふっと歩みを止めて,"[(3, 'ふっと'), (2, '歩みを止めて')]",False,False,2
34.184,34.718,-1,ふっと歩みを止めて,"[(3, 'ふっ'), (2, 'と歩みを止めて')]",False,True,2
41.725,42.526,0,ふりかえってみるじぶんは,"[(3, 'ふりかえってみるじぶんは')]",True,False,2
41.458,41.725,0,ふりかえってみるじぶんは,"[(3, 'ふりかえってみるじぶん'), (2, 'は')]",False,False,2
40.958,41.458,0,ふりかえってみるじぶんは,"[(3, 'ふりかえってみるじぶ'), (2, 'んは')]",False,False,2
40.424,40.958,0,ふりかえってみるじぶんは,"[(3, 'ふりかえってみるじ'), (2, 'ぶんは')]",False,False,2
39.957,40.424,0,ふりかえってみるじぶんは,"[(3, 'ふりかえってみる'), (2, 'じぶんは')]",False,False,2
39.39,39.957,0,ふりかえってみるじぶんは,"[(3, 'ふりかえってみ'), (2, 'るじぶんは')]",False,False,2
38.856,39.39,0,ふりかえってみるじぶんは,"[(3, 'ふりかえって'), (2, 'みるじぶんは')]",False,False,2
38.589,38.856,0,ふりかえってみるじぶんは,"[(3, 'ふりかえっ'), (2, 'てみるじぶんは')]",False,False,2
38.355,38.589,0,ふりかえってみるじぶんは,"[(3, 'ふりかえ'), (2, 'ってみるじぶんは')]",False,False,2
37.855,38.355,0,ふりかえってみるじぶんは,"[(3, 'ふりか'), (2, 'えってみるじぶんは')]",False,False,2
37.554,37.855,0,ふりかえってみるじぶんは,"[(3, 'ふり'), (2, 'かえってみるじぶんは')]",False,False,2
37.321,37.554,0,ふりかえってみるじぶんは,"[(3, 'ふ'), (2, 'りかえってみるじぶんは')]",False,True,2
178.695,179.463,0,ぼくのそばにはもう,"[(3, 'ぼくのそばにはもう')]",True,False,2
178.428,178.695,0,ぼくのそばにはもう,"[(3, 'ぼくのそばにはも'), (2, 'う')]",False,False,2
178.162,178.428,0,ぼくのそばにはもう,"[(3, 'ぼくのそばには'), (2, 'もう')]",False,False,2
177.661,178.162,0,ぼくのそばにはもう,"[(3, 'ぼくのそばに'), (2, 'はもう')]",False,False,2
177.127,177.661,0,ぼくのそばにはもう,"[(3, 'ぼくのそば'), (2, 'にはもう')]",False,False,2
176.627,177.127,0,ぼくのそばにはもう,"[(3, 'ぼくのそ'), (2, 'ばにはもう')]",False,False,2
175.826,176.627,0,ぼくのそばにはもう,"[(3, 'ぼくの'), (2, 'そばにはもう')]",False,False,2
175.325,175.826,0,ぼくのそばにはもう,"[(3, 'ぼく'), (2, 'のそばにはもう')]",False,False,2
174.825,175.325,0,ぼくのそばにはもう,"[(3, 'ぼ'), (2, 'くのそばにはもう')]",False,True,2
32.616,34.184,0,ぼくもたどりつけるかな,"[(3, 'ぼくもたどりつけるかな')]",True,False,2
32.349,32.616,0,ぼくもたどりつけるかな,"[(3, 'ぼくもたどりつけるか'), (2, 'な')]",False,False,2
32.082,32.349,0,ぼくもたどりつけるかな,"[(3, 'ぼくもたどりつける'), (2, 'かな')]",False,False,2
31.548,32.082,0,ぼくもたどりつけるかな,"[(3, 'ぼくもたどりつけ'), (2, 'るかな')]",False,False,2
31.048,31.548,0,ぼくもたどりつけるかな,"[(3, 'ぼくもたどりつ'), (2, 'けるかな')]",False,False,2
30.514,31.048,0,ぼくもたどりつけるかな,"[(3, 'ぼくもたどり'), (2, 'つけるかな')]",False,False,2
30.247,30.514,0,ぼくもたどりつけるかな,"[(3, 'ぼくもたど'), (2, 'りつけるかな')]",False,False,2
30.014,30.247,0,ぼくもたどりつけるかな,"[(3, 'ぼくもた'), (2, 'どりつけるかな')]",False,False,2
29.48,30.014,0,ぼくもたどりつけるかな,"[(3, 'ぼくも'), (2, 'たどりつけるかな')]",False,False,2
29.213,29.48,0,ぼくもたどりつけるかな,"[(3, 'ぼく'), (2, 'もたどりつけるかな')]",False,False,2
28.979,29.213,0,ぼくもたどりつけるかな,"[(3, 'ぼ'), (2, 'くもたどりつけるかな')]",False,True,2
65.983,66.75,0,やさしいあのこえいま,"[(3, 'やさしいあのこえいま')]",True,False,2
65.716,65.983,0,やさしいあのこえいま,"[(3, 'やさしいあのこえい'), (2, 'ま')]",False,False,2
65.416,65.716,0,やさしいあのこえいま,"[(3, 'やさしいあのこえ'), (2, 'いま')]",False,False,2
64.948,65.416,0,やさしいあのこえいま,"[(3, 'やさしいあのこ'), (2, 'えいま')]",False,False,2
64.415,64.948,0,やさしいあのこえいま,"[(3, 'やさしいあの'), (2, 'こえいま')]",False,False,2
63.881,64.415,0,やさしいあのこえいま,"[(3, 'やさしいあ'), (2, 'のこえいま')]",False,False,2
63.347,63.881,0,やさしいあのこえいま,"[(3, 'やさしい'), (2, 'あのこえいま')]",False,False,2
63.08,63.347,0,やさしいあのこえいま,"[(3, 'やさし'), (2, 'いあのこえいま')]",False,False,2
62.579,63.08,0,やさしいあのこえいま,"[(3, 'やさ'), (2, 'しいあのこえいま')]",False,False,2
62.079,62.579,0,やさしいあのこえいま,"[(3, 'や'), (2, 'さしいあのこえいま')]",False,True,2
186.503,187.337,0,やっぱ、きみにあいたい,"[(3, 'やっぱ、きみにあいたい')]",True,False,2
186.236,186.503,0,やっぱ、きみにあいたい,"[(3, 'やっぱ、きみにあいた'), (2, 'い')]",False,False,2
185.969,186.236,0,やっぱ、きみにあいたい,"[(3, 'やっぱ、きみにあい'), (2, 'たい')]",False,False,2
185.702,185.969,0,やっぱ、きみにあいたい,"[(3, 'やっぱ、きみにあ'), (2, 'いたい')]",False,False,2
185.202,185.702,0,やっぱ、きみにあいたい,"[(3, 'やっぱ、きみに'), (2, 'あいたい')]",False,False,2
184.668,185.202,0,やっぱ、きみにあいたい,"[(3, 'やっぱ、きみ'), (2, 'にあいたい')]",False,False,2
184.134,184.668,0,やっぱ、きみにあいたい,"[(3, 'やっぱ、き'), (2, 'みにあいたい')]",False,False,2
183.634,184.134,0,やっぱ、きみにあいたい,"[(3, 'やっぱ、'), (2, 'きみにあいたい')]",False,False,2
183.167,183.634,0,やっぱ、きみにあいたい,"[(3, 'やっ'), (2, 'ぱ、きみにあいたい')]",False,False,2
119.77,120.537,0,やっぱ、きみにあいたい,"[(3, 'やっぱ、きみにあいたい')]",False,False,2
119.47,119.77,0,やっぱ、きみにあいたい,"[(3, 'やっぱ、きみにあいた'), (2, 'い')]",False,False,2
119.203,119.47,0,やっぱ、きみにあいたい,"[(3, 'やっぱ、きみにあい'), (2, 'たい')]",False,False,2
118.969,119.203,0,やっぱ、きみにあいたい,"[(3, 'やっぱ、きみにあ'), (2, 'いたい')]",False,False,2
118.435,118.969,0,やっぱ、きみにあいたい,"[(3, 'やっぱ、きみに'), (2, 'あいたい')]",False,False,2
117.901,118.435,0,やっぱ、きみにあいたい,"[(3, 'やっぱ、きみ'), (2, 'にあいたい')]",False,False,2
117.367,117.901,0,やっぱ、きみにあいたい,"[(3, 'やっぱ、き'), (2, 'みにあいたい')]",False,False,2
116.867,117.367,0,やっぱ、きみにあいたい,"[(3, 'やっぱ、'), (2, 'きみにあいたい')]",False,False,2
116.333,116.867,0,やっぱ、きみにあいたい,"[(3, 'やっ'), (2, 'ぱ、きみにあいたい')]",False,True,2
186.503,187.337,-1,やっぱ、君に会いたい,"[(3, 'やっぱ、君に会いたい')]",True,False,2
186.236,186.503,-1,やっぱ、君に会いたい,"[(3, 'やっぱ、君に会いた'), (2, 'い')]",False,False,2
185.969,186.236,-1,やっぱ、君に会いたい,"[(3, 'やっぱ、君に会い'), (2, 'たい')]",False,False,2
185.702,185.969,-1,やっぱ、君に会いたい,"[(3, 'やっぱ、君に会'), (2, 'いたい')]",False,False,2
185.202,185.702,-1,やっぱ、君に会いたい,"[(3, 'やっぱ、君に'), (2, '会いたい')]",False,False,2
184.668,185.202,-1,やっぱ、君に会いたい,"[(3, 'やっぱ、君'), (2, 'に会いたい')]",False,False,2
184.134,184.668,-1,やっぱ、君に会いたい,"[(3, 'やっぱ、君'), (2, 'に会いたい')]",False,False,2
183.634,184.134,-1,やっぱ、君に会いたい,"[(3, 'やっぱ、'), (2, '君に会いたい')]",False,False,2
183.167,183.634,-1,やっぱ、君に会いたい,"[(3, 'やっ'), (2, 'ぱ、君に会いたい')]",False,False,2
119.77,120.537,-1,やっぱ、君に会いたい,"[(3, 'やっぱ、君に会いたい')]",False,False,2
119.47,119.77,-1,やっぱ、君に会いたい,"[(3, 'やっぱ、君に会いた'), (2, 'い')]",False,False,2
119.203,119.47,-1,やっぱ、君に会いたい,"[(3, 'やっぱ、君に会い'), (2, 'たい')]",False,False,2
118.969,119.203,-1,やっぱ、君に会いたい,"[(3, 'やっぱ、君に会'), (2, 'いたい')]",False,False,2
118.435,118.969,-1,やっぱ、君に会いたい,"[(3, 'やっぱ、君に'), (2, '会いたい')]",False,False,2
117.901,118.435,-1,やっぱ、君に会いたい,"[(3, 'やっぱ、君'), (2, 'に会いたい')]",False,False,2
117.367,117.901,-1,やっぱ、君に会いたい,"[(3, 'やっぱ、君'), (2, 'に会いたい')]",False,False,2
116.867,117.367,-1,やっぱ、君に会いたい,"[(3, 'やっぱ、'), (2, '君に会いたい')]",False,False,2
116.333,116.867,-1,やっぱ、君に会いたい,"[(3, 'やっ'), (2, 'ぱ、君に会いたい')]",False,True,2
157.04,157.841,0,よるのとばりにかくれこころきゅんと,"[(3, 'よるのとばりにかくれこころきゅんと')]",True,False,2
156.54,157.04,0,よるのとばりにかくれこころきゅんと,"[(3, 'よるのとばりにかくれこころきゅん'), (2, 'と')]",False,False,2
156.24,156.54,0,よるのとばりにかくれこころきゅんと,"[(3, 'よるのとばりにかくれこころきゅ'), (2, 'んと')]",False,False,2
155.739,156.24,0,よるのとばりにかくれこころきゅんと,"[(3, 'よるのとばりにかくれこころ'), (2, 'きゅんと')]",False,False,2
155.472,155.739,0,よるのとばりにかくれこころきゅんと,"[(3, 'よるのとばりにかくれここ'), (2, 'ろきゅんと')]",False,False,2
154.671,155.472,0,よるのとばりにかくれこころきゅんと,"[(3, 'よるのとばりにかくれこ'), (2, 'ころきゅんと')]",False,False,2
154.404,154.671,0,よるのとばりにかくれこころきゅんと,"[(3, 'よるのとばりにかくれ'), (2, 'こころきゅんと')]",False,False,2
153.637,154.404,0,よるのとばりにかくれこころきゅんと,"[(3, 'よるのとばりにかく'), (2, 'れこころきゅんと')]",False,False,2
153.37,153.637,0,よるのとばりにかくれこころきゅんと,"[(3, 'よるのとばりにか'), (2, 'くれこころきゅんと')]",False,False,2
152.636,153.37,0,よるのとばりにかくれこころきゅんと,"[(3, 'よるのとばりに'), (2, 'かくれこころきゅんと')]",False,False,2
152.336,152.636,0,よるのとばりにかくれこころきゅんと,"[(3, 'よるのとばり'), (2, 'にかくれこころきゅんと')]",False,False,2
151.568,152.336,0,よるのとばりにかくれこころきゅんと,"[(3, 'よるのとば'), (2, 'りにかくれこころきゅんと')]",False,False,2
151.301,151.568,0,よるのとばりにかくれこころきゅんと,"[(3, 'よるのと'), (2, 'ばりにかくれこころきゅんと')]",False,False,2
150.734,151.301,0,よるのとばりにかくれこころきゅんと,"[(3, 'よるの'), (2, 'とばりにかくれこころきゅんと')]",False,False,2
150.501,150.734,0,よるのとばりにかくれこころきゅんと,"[(3, 'よる'), (2, 'のとばりにかくれこころきゅんと')]",False,False,2
150.234,150.501,0,よるのとばりにかくれこころきゅんと,"[(3, 'よ'), (2, 'るのとばりにかくれこころきゅんと')]",False,True,2
25.042,25.809,0,わたげふわりよこぎってく,"[(3, 'わたげふわりよこぎってく')]",True,False,2
24.775,25.042,0,わたげふわりよこぎってく,"[(3, 'わたげふわりよこぎって'), (2, 'く')]",False,False,2
24.274,24.775,0,わたげふわりよこぎってく,"[(3, 'わたげふわりよこぎっ'), (2, 'てく')]",False,False,2
23.774,24.274,0,わたげふわりよこぎってく,"[(3, 'わたげふわりよこぎ'), (2, 'ってく')]",False,False,2
23.24,23.774,0,わたげふわりよこぎってく,"[(3, 'わたげふわりよこ'), (2, 'ぎってく')]",False,False,2
22.74,23.24,0,わたげふわりよこぎってく,"[(3, 'わたげふわりよ'), (2, 'こぎってく')]",False,False,2
22.172,22.74,0,わたげふわりよこぎってく,"[(3, 'わたげふわり'), (2, 'よこぎってく')]",False,False,2
21.905,22.172,0,わたげふわりよこぎってく,"[(3, 'わたげふわ'), (2, 'りよこぎってく')]",False,False,2
21.638,21.905,0,わたげふわりよこぎってく,"[(3, 'わたげふ'), (2, 'わりよこぎってく')]",False,False,2
21.138,21.638,0,わたげふわりよこぎってく,"[(3, 'わたげ'), (2, 'ふわりよこぎってく')]",False,False,2
20.871,21.138,0,わたげふわりよこぎってく,"[(3, 'わた'), (2, 'げふわりよこぎってく')]",False,False,2
20.637,20.871,0,わたげふわりよこぎってく,"[(3, 'わ'), (2, 'たげふわりよこぎってく')]",False,True,2
200.817,202.953,-1,今すぐ君の傍に行くよ,"[(3, '今すぐ君の傍に行くよ')]",True,False,2
200.317,200.817,-1,今すぐ君の傍に行くよ,"[(3, '今すぐ君の傍に行く'), (2, 'よ')]",False,False,2
200.083,200.317,-1,今すぐ君の傍に行くよ,"[(3, '今すぐ君の傍に行'), (2, 'くよ')]",False,False,2
199.55,200.083,-1,今すぐ君の傍に行くよ,"[(3, '今すぐ君の傍に'), (2, '行くよ')]",False,False,2
199.283,199.55,-1,今すぐ君の傍に行くよ,"[(3, '今すぐ君の傍'), (2, 'に行くよ')]",False,False,2
199.016,199.283,-1,今すぐ君の傍に行くよ,"[(3, '今すぐ君の傍'), (2, 'に行くよ')]",False,False,2
198.515,199.016,-1,今すぐ君の傍に行くよ,"[(3, '今すぐ君の'), (2, '傍に行くよ')]",False,False,2
197.981,198.515,-1,今すぐ君の傍に行くよ,"[(3, '今すぐ君'), (2, 'の傍に行くよ')]",False,False,2
197.481,197.981,-1,今すぐ君の傍に行くよ,"[(3, '今すぐ君'), (2, 'の傍に行くよ')]",False,False,2
197.214,197.481,-1,今すぐ君の傍に行くよ,"[(3, '今すぐ'), (2, '君の傍に行くよ')]",False,False,2
196.68,197.214,-1,今すぐ君の傍に行くよ,"[(3, '今す'), (2, 'ぐ君の傍に行くよ')]",False,False,2
196.413,196.68,-1,今すぐ君の傍に行くよ,"[(3, '今'), (2, 'すぐ君の傍に行くよ')]",False,False,2
196.146,196.413,-1,今すぐ君の傍に行くよ,"[(3, '今'), (2, 'すぐ君の傍に行くよ')]",False,True,2
10.961,13.063,-1,作曲：柴山太朗,"[(3, '作曲：柴山太朗')]",True,True,0
8.859,10.961,-1,作詞：角巻わため,"[(3, '作詞：角巻わため')]",True,True,0
178.695,179.463,-1,僕の傍にはもう,"[(3, '僕の傍にはもう')]",True,False,2
178.428,178.695,-1,僕の傍にはもう,"[(3, '僕の傍にはも'), (2, 'う')]",False,False,2
178.162,178.428,-1,僕の傍にはもう,"[(3, '僕の傍には'), (2, 'もう')]",False,False,2
177.661,178.162,-1,僕の傍にはもう,"[(3, '僕の傍に'), (2, 'はもう')]",False,False,2
177.127,177.661,-1,僕の傍にはもう,"[(3, '僕の傍'), (2, 'にはもう')]",False,False,2
176.627,177.127,-1,僕の傍にはもう,"[(3, '僕の傍'), (2, 'にはもう')]",False,False,2
175.826,176.627,-1,僕の傍にはもう,"[(3, '僕の'), (2, '傍にはもう')]",False,False,2
175.325,175.826,-1,僕の傍にはもう,"[(3, '僕'), (2, 'の傍にはもう')]",False,False,2
174.825,175.325,-1,僕の傍にはもう,"[(3, '僕'), (2, 'の傍にはもう')]",False,True,2
32.616,34.184,-1,僕もたどり着けるかな,"[(3, '僕もたどり着けるかな')]",True,False,2
32.349,32.616,-1,僕もたどり着けるかな,"[(3, '僕もたどり着けるか'), (2, 'な')]",False,False,2
32.082,32.349,-1,僕もたどり着けるかな,"[(3, '僕もたどり着ける'), (2, 'かな')]",False,False,2
31.548,32.082,-1,僕もたどり着けるかな,"[(3, '僕もたどり着け'), (2, 'るかな')]",False,False,2
31.048,31.548,-1,僕もたどり着けるかな,"[(3, '僕もたどり着'), (2, 'けるかな')]",False,False,2
30.514,31.048,-1,僕もたどり着けるかな,"[(3, '僕もたどり'), (2, '着けるかな')]",False,False,2
30.247,30.514,-1,僕もたどり着けるかな,"[(3, '僕もたど'), (2, 'り着けるかな')]",False,False,2
30.014,30.247,-1,僕もたどり着けるかな,"[(3, '僕もた'), (2, 'どり着けるかな')]",False,False,2
29.48,30.014,-1,僕もたどり着けるかな,"[(3, '僕も'), (2, 'たどり着けるかな')]",False,False,2
29.213,29.48,-1,僕もたどり着けるかな,"[(3, '僕'), (2, 'もたどり着けるかな')]",False,False,2
28.979,29.213,-1,僕もたどり着けるかな,"[(3, '僕'), (2, 'もたどり着けるかな')]",False,True,2
65.716,66.75,-1,優しいあの声今,"[(3, '優しいあの声今')]",True,False,2
65.416,65.716,-1,優しいあの声今,"[(3, '優しいあの声'), (2, '今')]",False,False,2
64.948,65.416,-1,優しいあの声今,"[(3, '優しいあの声'), (2, '今')]",False,False,2
64.415,64.948,-1,優しいあの声今,"[(3, '優しいあの'), (2, '声今')]",False,False,2
63.881,64.415,-1,優しいあの声今,"[(3, '優しいあ'), (2, 'の声今')]",False,False,2
63.347,63.881,-1,優しいあの声今,"[(3, '優しい'), (2, 'あの声今')]",False,False,2
63.08,63.347,-1,優しいあの声今,"[(3, '優し'), (2, 'いあの声今')]",False,False,2
62.579,63.08,-1,優しいあの声今,"[(3, '優'), (2, 'しいあの声今')]",False,False,2
62.079,62.579,-1,優しいあの声今,"[(3, '優'), (2, 'しいあの声今')]",False,True,2
181.832,183.167,-1,君がいないと...,"[(3, '君がいないと...')]",True,False,2
181.265,181.832,-1,君がいないと...,"[(3, '君がいない'), (2, 'と...')]",False,False,2
180.797,181.265,-1,君がいないと...,"[(3, '君がいな'), (2, 'いと...')]",False,False,2
180.464,180.797,-1,君がいないと...,"[(3, '君がい'), (2, 'ないと...')]",False,False,2
179.997,180.464,-1,君がいないと...,"[(3, '君が'), (2, 'いないと...')]",False,False,2
179.696,179.997,-1,君がいないと...,"[(3, '君'), (2, 'がいないと...')]",False,False,2
179.463,179.696,-1,君がいないと...,"[(3, '君'), (2, 'がいないと...')]",False,True,2
129.88,130.447,-1,君のこと何でもいいの,"[(3, '君のこと何でもいいの')]",True,False,2
129.646,129.88,-1,君のこと何でもいいの,"[(3, '君のこと何でもいい'), (2, 'の')]",False,False,2
129.346,129.646,-1,君のこと何でもいいの,"[(3, '君のこと何でもい'), (2, 'いの')]",False,False,2
128.579,129.346,-1,君のこと何でもいいの,"[(3, '君のこと何でも'), (2, 'いいの')]",False,False,2
128.312,128.579,-1,君のこと何でもいいの,"[(3, '君のこと何で'), (2, 'もいいの')]",False,False,2
128.011,128.312,-1,君のこと何でもいいの,"[(3, '君のこと何'), (2, 'でもいいの')]",False,False,2
127.544,128.011,-1,君のこと何でもいいの,"[(3, '君のこと何'), (2, 'でもいいの')]",False,False,2
127.01,127.544,-1,君のこと何でもいいの,"[(3, '君のこと'), (2, '何でもいいの')]",False,False,2
126.51,127.01,-1,君のこと何でもいいの,"[(3, '君のこ'), (2, 'と何でもいいの')]",False,False,2
125.709,126.51,-1,君のこと何でもいいの,"[(3, '君の'), (2, 'こと何でもいいの')]",False,False,2
125.175,125.709,-1,君のこと何でもいいの,"[(3, '君'), (2, 'のこと何でもいいの')]",False,False,2
124.675,125.175,-1,君のこと何でもいいの,"[(3, '君'), (2, 'のこと何でもいいの')]",False,True,2
99.383,99.917,-1,君は今何してる？,"[(3, '君は今何してる？')]",True,False,2
98.816,99.383,-1,君は今何してる？,"[(3, '君は今何して'), (2, 'る？')]",False,False,2
98.582,98.816,-1,君は今何してる？,"[(3, '君は今何し'), (2, 'てる？')]",False,False,2
98.348,98.582,-1,君は今何してる？,"[(3, '君は今何'), (2, 'してる？')]",False,False,2
98.048,98.348,-1,君は今何してる？,"[(3, '君は今何'), (2, 'してる？')]",False,False,2
97.815,98.048,-1,君は今何してる？,"[(3, '君は今'), (2, '何してる？')]",False,False,2
97.548,97.815,-1,君は今何してる？,"[(3, '君は今'), (2, '何してる？')]",False,False,2
97.314,97.548,-1,君は今何してる？,"[(3, '君は'), (2, '今何してる？')]",False,False,2
97.047,97.314,-1,君は今何してる？,"[(3, '君'), (2, 'は今何してる？')]",False,False,2
96.78,97.047,-1,君は今何してる？,"[(3, '君'), (2, 'は今何してる？')]",False,True,2
8.859,17.201,0,君色ハナミズキ/角巻わため,"[(3, '君色ハナミズキ/角巻わため')]",True,True,0
82.666,83.267,-1,夏の空は青くて,"[(3, '夏の空は青くて')]",True,False,2
82.166,82.666,-1,夏の空は青くて,"[(3, '夏の空は青く'), (2, 'て')]",False,False,2
81.899,82.166,-1,夏の空は青くて,"[(3, '夏の空は青'), (2, 'くて')]",False,False,2
81.632,81.899,-1,夏の空は青くて,"[(3, '夏の空は青'), (2, 'くて')]",False,False,2
81.365,81.632,-1,夏の空は青くて,"[(3, '夏の空は'), (2, '青くて')]",False,False,2
81.131,81.365,-1,夏の空は青くて,"[(3, '夏の空'), (2, 'は青くて')]",False,False,2
80.864,81.131,-1,夏の空は青くて,"[(3, '夏の空'), (2, 'は青くて')]",False,False,2
80.564,80.864,-1,夏の空は青くて,"[(3, '夏の'), (2, '空は青くて')]",False,False,2
80.33,80.564,-1,夏の空は青くて,"[(3, '夏'), (2, 'の空は青くて')]",False,False,2
80.064,80.33,-1,夏の空は青くて,"[(3, '夏'), (2, 'の空は青くて')]",False,True,2
157.04,157.841,-1,夜の帳に隠れ心キュンと,"[(3, '夜の帳に隠れ心キュンと')]",True,False,2
156.54,157.04,-1,夜の帳に隠れ心キュンと,"[(3, '夜の帳に隠れ心キュン'), (2, 'と')]",False,False,2
156.24,156.54,-1,夜の帳に隠れ心キュンと,"[(3, '夜の帳に隠れ心キュ'), (2, 'ンと')]",False,False,2
155.739,156.24,-1,夜の帳に隠れ心キュンと,"[(3, '夜の帳に隠れ心'), (2, 'キュンと')]",False,False,2
155.472,155.739,-1,夜の帳に隠れ心キュンと,"[(3, '夜の帳に隠れ心'), (2, 'キュンと')]",False,False,2
154.671,155.472,-1,夜の帳に隠れ心キュンと,"[(3, '夜の帳に隠れ心'), (2, 'キュンと')]",False,False,2
154.404,154.671,-1,夜の帳に隠れ心キュンと,"[(3, '夜の帳に隠れ'), (2, '心キュンと')]",False,False,2
153.637,154.404,-1,夜の帳に隠れ心キュンと,"[(3, '夜の帳に隠'), (2, 'れ心キュンと')]",False,False,2
153.37,153.637,-1,夜の帳に隠れ心キュンと,"[(3, '夜の帳に隠'), (2, 'れ心キュンと')]",False,False,2
152.636,153.37,-1,夜の帳に隠れ心キュンと,"[(3, '夜の帳に'), (2, '隠れ心キュンと')]",False,False,2
152.336,152.636,-1,夜の帳に隠れ心キュンと,"[(3, '夜の帳'), (2, 'に隠れ心キュンと')]",False,False,2
151.568,152.336,-1,夜の帳に隠れ心キュンと,"[(3, '夜の帳'), (2, 'に隠れ心キュンと')]",False,False,2
151.301,151.568,-1,夜の帳に隠れ心キュンと,"[(3, '夜の帳'), (2, 'に隠れ心キュンと')]",False,False,2
150.734,151.301,-1,夜の帳に隠れ心キュンと,"[(3, '夜の'), (2, '帳に隠れ心キュンと')]",False,False,2
150.501,150.734,-1,夜の帳に隠れ心キュンと,"[(3, '夜'), (2, 'の帳に隠れ心キュンと')]",False,False,2
150.234,150.501,-1,夜の帳に隠れ心キュンと,"[(3, '夜'), (2, 'の帳に隠れ心キュンと')]",False,True,2
41.725,42.526,-1,振り返って見る自分は,"[(3, '振り返って見る自分は')]",True,False,2
41.458,41.725,-1,振り返って見る自分は,"[(3, '振り返って見る自分'), (2, 'は')]",False,False,2
40.958,41.458,-1,振り返って見る自分は,"[(3, '振り返って見る自分'), (2, 'は')]",False,False,2
40.424,40.958,-1,振り返って見る自分は,"[(3, '振り返って見る自'), (2, '分は')]",False,False,2
39.957,40.424,-1,振り返って見る自分は,"[(3, '振り返って見る'), (2, '自分は')]",False,False,2
39.39,39.957,-1,振り返って見る自分は,"[(3, '振り返って見'), (2, 'る自分は')]",False,False,2
38.856,39.39,-1,振り返って見る自分は,"[(3, '振り返って'), (2, '見る自分は')]",False,False,2
38.355,38.856,-1,振り返って見る自分は,"[(3, '振り返っ'), (2, 'て見る自分は')]",False,False,2
37.855,38.355,-1,振り返って見る自分は,"[(3, '振り返'), (2, 'って見る自分は')]",False,False,2
37.554,37.855,-1,振り返って見る自分は,"[(3, '振り'), (2, '返って見る自分は')]",False,False,2
37.321,37.554,-1,振り返って見る自分は,"[(3, '振'), (2, 'り返って見る自分は')]",False,True,2
20.07,20.637,-1,春の風に吹かれて,"[(3, '春の風に吹かれて')]",True,False,2
19.57,20.07,-1,春の風に吹かれて,"[(3, '春の風に吹かれ'), (2, 'て')]",False,False,2
19.269,19.57,-1,春の風に吹かれて,"[(3, '春の風に吹か'), (2, 'れて')]",False,False,2
19.069,19.269,-1,春の風に吹かれて,"[(3, '春の風に吹'), (2, 'かれて')]",False,False,2
18.769,19.069,-1,春の風に吹かれて,"[(3, '春の風に'), (2, '吹かれて')]",False,False,2
18.535,18.769,-1,春の風に吹かれて,"[(3, '春の風'), (2, 'に吹かれて')]",False,False,2
18.268,18.535,-1,春の風に吹かれて,"[(3, '春の風'), (2, 'に吹かれて')]",False,False,2
18.002,18.268,-1,春の風に吹かれて,"[(3, '春の'), (2, '風に吹かれて')]",False,False,2
17.735,18.002,-1,春の風に吹かれて,"[(3, '春'), (2, 'の風に吹かれて')]",False,False,2
17.468,17.735,-1,春の風に吹かれて,"[(3, '春'), (2, 'の風に吹かれて')]",False,True,2
15.132,17.201,-1,歌：角巻わため,"[(3, '歌：角巻わため')]",True,True,0
107.925,108.225,-1,気づくとまた想ってる,"[(3, '気づくとまた想ってる')]",True,False,2
107.724,107.925,-1,気づくとまた想ってる,"[(3, '気づくとまた想って'), (2, 'る')]",False,False,2
107.458,107.724,-1,気づくとまた想ってる,"[(3, '気づくとまた想っ'), (2, 'てる')]",False,False,2
107.191,107.458,-1,気づくとまた想ってる,"[(3, '気づくとまた想'), (2, 'ってる')]",False,False,2
106.924,107.191,-1,気づくとまた想ってる,"[(3, '気づくとまた想'), (2, 'ってる')]",False,False,2
106.657,106.924,-1,気づくとまた想ってる,"[(3, '気づくとまた'), (2, '想ってる')]",False,False,2
106.39,106.657,-1,気づくとまた想ってる,"[(3, '気づくとま'), (2, 'た想ってる')]",False,False,2
105.889,106.39,-1,気づくとまた想ってる,"[(3, '気づくと'), (2, 'また想ってる')]",False,False,2
105.656,105.889,-1,気づくとまた想ってる,"[(3, '気づく'), (2, 'とまた想ってる')]",False,False,2
105.355,105.656,-1,気づくとまた想ってる,"[(3, '気づ'), (2, 'くとまた想ってる')]",False,False,2
105.122,105.355,-1,気づくとまた想ってる,"[(3, '気'), (2, 'づくとまた想ってる')]",False,True,2
163.28,165.349,-1,紅く染まる好きかも,"[(3, '紅く染まる好きかも')]",True,False,2
162.746,163.28,-1,紅く染まる好きかも,"[(3, '紅く染まる好きか'), (2, 'も')]",False,False,2
162.246,162.746,-1,紅く染まる好きかも,"[(3, '紅く染まる好き'), (2, 'かも')]",False,False,2
161.712,162.246,-1,紅く染まる好きかも,"[(3, '紅く染まる好'), (2, 'きかも')]",False,False,2
159.109,161.712,-1,紅く染まる好きかも,"[(3, '紅く染まる'), (2, '好きかも')]",False,False,2
158.842,159.109,-1,紅く染まる好きかも,"[(3, '紅く染ま'), (2, 'る好きかも')]",False,False,2
158.575,158.842,-1,紅く染まる好きかも,"[(3, '紅く染'), (2, 'まる好きかも')]",False,False,2
158.342,158.575,-1,紅く染まる好きかも,"[(3, '紅く'), (2, '染まる好きかも')]",False,False,2
158.041,158.342,-1,紅く染まる好きかも,"[(3, '紅'), (2, 'く染まる好きかも')]",False,False,2
157.841,158.041,-1,紅く染まる好きかも,"[(3, '紅'), (2, 'く染まる好きかも')]",False,True,2
50.567,52.936,-1,純白のハナミズキ揺れる,"[(3, '純白のハナミズキ揺れる')]",True,False,2
50.067,50.567,-1,純白のハナミズキ揺れる,"[(3, '純白のハナミズキ揺れ'), (2, 'る')]",False,False,2
49.8,50.067,-1,純白のハナミズキ揺れる,"[(3, '純白のハナミズキ揺'), (2, 'れる')]",False,False,2
49.299,49.8,-1,純白のハナミズキ揺れる,"[(3, '純白のハナミズキ'), (2, '揺れる')]",False,False,2
49.033,49.299,-1,純白のハナミズキ揺れる,"[(3, '純白のハナミズ'), (2, 'キ揺れる')]",False,False,2
48.766,49.033,-1,純白のハナミズキ揺れる,"[(3, '純白のハナミ'), (2, 'ズキ揺れる')]",False,False,2
48.298,48.766,-1,純白のハナミズキ揺れる,"[(3, '純白のハナ'), (2, 'ミズキ揺れる')]",False,False,2
47.731,48.298,-1,純白のハナミズキ揺れる,"[(3, '純白のハ'), (2, 'ナミズキ揺れる')]",False,False,2
47.197,47.731,-1,純白のハナミズキ揺れる,"[(3, '純白の'), (2, 'ハナミズキ揺れる')]",False,False,2
46.697,47.197,-1,純白のハナミズキ揺れる,"[(3, '純白'), (2, 'のハナミズキ揺れる')]",False,False,2
46.163,46.697,-1,純白のハナミズキ揺れる,"[(3, '純白'), (2, 'のハナミズキ揺れる')]",False,False,2
45.896,46.163,-1,純白のハナミズキ揺れる,"[(3, '純'), (2, '白のハナミズキ揺れる')]",False,False,2
45.629,45.896,-1,純白のハナミズキ揺れる,"[(3, '純'), (2, '白のハナミズキ揺れる')]",False,True,2
25.042,25.809,-1,綿毛ふわり横切ってく,"[(3, '綿毛ふわり横切ってく')]",True,False,2
24.775,25.042,-1,綿毛ふわり横切ってく,"[(3, '綿毛ふわり横切って'), (2, 'く')]",False,False,2
24.274,24.775,-1,綿毛ふわり横切ってく,"[(3, '綿毛ふわり横切っ'), (2, 'てく')]",False,False,2
23.774,24.274,-1,綿毛ふわり横切ってく,"[(3, '綿毛ふわり横切'), (2, 'ってく')]",False,False,2
23.24,23.774,-1,綿毛ふわり横切ってく,"[(3, '綿毛ふわり横'), (2, '切ってく')]",False,False,2
22.74,23.24,-1,綿毛ふわり横切ってく,"[(3, '綿毛ふわり横'), (2, '切ってく')]",False,False,2
22.172,22.74,-1,綿毛ふわり横切ってく,"[(3, '綿毛ふわり'), (2, '横切ってく')]",False,False,2
21.905,22.172,-1,綿毛ふわり横切ってく,"[(3, '綿毛ふわ'), (2, 'り横切ってく')]",False,False,2
21.638,21.905,-1,綿毛ふわり横切ってく,"[(3, '綿毛ふ'), (2, 'わり横切ってく')]",False,False,2
21.138,21.638,-1,綿毛ふわり横切ってく,"[(3, '綿毛'), (2, 'ふわり横切ってく')]",False,False,2
20.871,21.138,-1,綿毛ふわり横切ってく,"[(3, '綿'), (2, '毛ふわり横切ってく')]",False,False,2
20.637,20.871,-1,綿毛ふわり横切ってく,"[(3, '綿'), (2, '毛ふわり横切ってく')]",False,True,2
13.063,15.132,-1,編曲：山﨑佳祐,"[(3, '編曲：山﨑佳祐')]",True,True,0
134.084,136.186,-1,聞かせてほしい,"[(3, '聞かせてほしい')]",True,False,2
133.55,134.084,-1,聞かせてほしい,"[(3, '聞かせてほし'), (2, 'い')]",False,False,2
133.016,133.55,-1,聞かせてほしい,"[(3, '聞かせてほ'), (2, 'しい')]",False,False,2
131.782,133.016,-1,聞かせてほしい,"[(3, '聞かせて'), (2, 'ほしい')]",False,False,2
131.215,131.782,-1,聞かせてほしい,"[(3, '聞かせ'), (2, 'てほしい')]",False,False,2
130.714,131.215,-1,聞かせてほしい,"[(3, '聞か'), (2, 'せてほしい')]",False,False,2
130.447,130.714,-1,聞かせてほしい,"[(3, '聞'), (2, 'かせてほしい')]",False,True,2
195.379,196.146,-1,赤い実が弾けた,"[(3, '赤い実が弾けた')]",True,False,2
195.078,195.379,-1,赤い実が弾けた,"[(3, '赤い実が弾け'), (2, 'た')]",False,False,2
194.811,195.078,-1,赤い実が弾けた,"[(3, '赤い実が弾'), (2, 'けた')]",False,False,2
194.311,194.811,-1,赤い実が弾けた,"[(3, '赤い実が弾'), (2, 'けた')]",False,False,2
193.777,194.311,-1,赤い実が弾けた,"[(3, '赤い実が'), (2, '弾けた')]",False,False,2
193.277,193.777,-1,赤い実が弾けた,"[(3, '赤い実'), (2, 'が弾けた')]",False,False,2
192.476,193.277,-1,赤い実が弾けた,"[(3, '赤い'), (2, '実が弾けた')]",False,False,2
191.975,192.476,-1,赤い実が弾けた,"[(3, '赤'), (2, 'い実が弾けた')]",False,False,2
191.441,191.975,-1,赤い実が弾けた,"[(3, '赤'), (2, 'い実が弾けた')]",False,True,2
87.604,88.439,-1,風鈴花火響き渡ってく,"[(3, '風鈴花火響き渡ってく')]",True,False,2
87.371,87.604,-1,風鈴花火響き渡ってく,"[(3, '風鈴花火響き渡って'), (2, 'く')]",False,False,2
87.104,87.371,-1,風鈴花火響き渡ってく,"[(3, '風鈴花火響き渡っ'), (2, 'てく')]",False,False,2
86.837,87.104,-1,風鈴花火響き渡ってく,"[(3, '風鈴花火響き渡'), (2, 'ってく')]",False,False,2
86.336,86.837,-1,風鈴花火響き渡ってく,"[(3, '風鈴花火響き渡'), (2, 'ってく')]",False,False,2
86.236,86.336,-1,風鈴花火響き渡ってく,"[(3, '風鈴花火響き'), (2, '渡ってく')]",False,False,2
85.803,86.236,-1,風鈴花火響き渡ってく,"[(3, '風鈴花火響'), (2, 'き渡ってく')]",False,False,2
85.335,85.803,-1,風鈴花火響き渡ってく,"[(3, '風鈴花火響'), (2, 'き渡ってく')]",False,False,2
84.768,85.335,-1,風鈴花火響き渡ってく,"[(3, '風鈴花火'), (2, '響き渡ってく')]",False,False,2
84.535,84.768,-1,風鈴花火響き渡ってく,"[(3, '風鈴花'), (2, '火響き渡ってく')]",False,False,2
84.234,84.535,-1,風鈴花火響き渡ってく,"[(3, '風鈴花'), (2, '火響き渡ってく')]",False,False,2
84.001,84.234,-1,風鈴花火響き渡ってく,"[(3, '風鈴'), (2, '花火響き渡ってく')]",False,False,2
83.734,84.001,-1,風鈴花火響き渡ってく,"[(3, '風鈴'), (2, '花火響き渡ってく')]",False,False,2
83.467,83.734,-1,風鈴花火響き渡ってく,"[(3, '風'), (2, '鈴花火響き渡ってく')]",False,False,2
83.267,83.467,-1,風鈴花火響き渡ってく,"[(3, '風'), (2, '鈴花火響き渡ってく')]",False,True,2
113.163,115.265,-1,鮮緑のハナミズキ揺れる,"[(3, '鮮緑のハナミズキ揺れる')]",True,False,2
112.663,113.163,-1,鮮緑のハナミズキ揺れる,"[(3, '鮮緑のハナミズキ揺れ'), (2, 'る')]",False,False,2
112.396,112.663,-1,鮮緑のハナミズキ揺れる,"[(3, '鮮緑のハナミズキ揺'), (2, 'れる')]",False,False,2
111.862,112.396,-1,鮮緑のハナミズキ揺れる,"[(3, '鮮緑のハナミズキ'), (2, '揺れる')]",False,False,2
111.628,111.862,-1,鮮緑のハナミズキ揺れる,"[(3, '鮮緑のハナミズ'), (2, 'キ揺れる')]",False,False,2
111.361,111.628,-1,鮮緑のハナミズキ揺れる,"[(3, '鮮緑のハナミ'), (2, 'ズキ揺れる')]",False,False,2
110.861,111.361,-1,鮮緑のハナミズキ揺れる,"[(3, '鮮緑のハナ'), (2, 'ミズキ揺れる')]",False,False,2
110.294,110.861,-1,鮮緑のハナミズキ揺れる,"[(3, '鮮緑のハ'), (2, 'ナミズキ揺れる')]",False,False,2
109.793,110.294,-1,鮮緑のハナミズキ揺れる,"[(3, '鮮緑の'), (2, 'ハナミズキ揺れる')]",False,False,2
109.293,109.793,-1,鮮緑のハナミズキ揺れる,"[(3, '鮮緑'), (2, 'のハナミズキ揺れる')]",False,False,2
108.759,109.293,-1,鮮緑のハナミズキ揺れる,"[(3, '鮮緑'), (2, 'のハナミズキ揺れる')]",False,False,2
108.492,108.759,-1,鮮緑のハナミズキ揺れる,"[(3, '鮮'), (2, '緑のハナミズキ揺れる')]",False,False,2
108.225,108.492,-1,鮮緑のハナミズキ揺れる,"[(3, '鮮'), (2, '緑のハナミズキ揺れる')]",False,True,2
174.024,174.825,-1,１分１秒、分け合いたい,"[(3, '１分１秒、分け合いたい')]",True,False,2
173.757,174.024,-1,１分１秒、分け合いたい,"[(3, '１分１秒、分け合いた'), (2, 'い')]",False,False,2
173.49,173.757,-1,１分１秒、分け合いたい,"[(3, '１分１秒、分け合い'), (2, 'たい')]",False,False,2
173.257,173.49,-1,１分１秒、分け合いたい,"[(3, '１分１秒、分け合'), (2, 'いたい')]",False,False,2
172.956,173.257,-1,１分１秒、分け合いたい,"[(3, '１分１秒、分け'), (2, '合いたい')]",False,False,2
172.689,172.956,-1,１分１秒、分け合いたい,"[(3, '１分１秒、分'), (2, 'け合いたい')]",False,False,2
172.189,172.689,-1,１分１秒、分け合いたい,"[(3, '１分１秒、'), (2, '分け合いたい')]",False,False,2
172.055,172.189,-1,１分１秒、分け合いたい,"[(3, '１分１'), (2, '秒、分け合いたい')]",False,False,2
171.655,172.055,-1,１分１秒、分け合いたい,"[(3, '１分１'), (2, '秒、分け合いたい')]",False,False,2
171.155,171.655,-1,１分１秒、分け合いたい,"[(3, '１分'), (2, '１秒、分け合いたい')]",False,False,2
170.621,171.155,-1,１分１秒、分け合いたい,"[(3, '１'), (2, '分１秒、分け合いたい')]",False,False,2
123.941,124.675,-1,１分１秒、分け合いたい,"[(3, '１分１秒、分け合いたい')]",False,False,2
123.674,123.941,-1,１分１秒、分け合いたい,"[(3, '１分１秒、分け合いた'), (2, 'い')]",False,False,2
123.407,123.674,-1,１分１秒、分け合いたい,"[(3, '１分１秒、分け合い'), (2, 'たい')]",False,False,2
123.14,123.407,-1,１分１秒、分け合いたい,"[(3, '１分１秒、分け合'), (2, 'いたい')]",False,False,2
122.873,123.14,-1,１分１秒、分け合いたい,"[(3, '１分１秒、分け'), (2, '合いたい')]",False,False,2
122.606,122.873,-1,１分１秒、分け合いたい,"[(3, '１分１秒、分'), (2, 'け合いたい')]",False,False,2
122.072,122.606,-1,１分１秒、分け合いたい,"[(3, '１分１秒、'), (2, '分け合いたい')]",False,False,2
121.939,122.072,-1,１分１秒、分け合いたい,"[(3, '１分１'), (2, '秒、分け合いたい')]",False,False,2
121.572,121.939,-1,１分１秒、分け合いたい,"[(3, '１分１'), (2, '秒、分け合いたい')]",False,False,2
121.038,121.572,-1,１分１秒、分け合いたい,"[(3, '１分'), (2, '１秒、分け合いたい')]",False,False,2
120.537,121.038,-1,１分１秒、分け合いたい,"[(3, '１'), (2, '分１秒、分け合いたい')]",False,False,2
61.311,62.079,-1,１分１秒、分け合いたい,"[(3, '１分１秒、分け合いたい')]",False,False,2
61.045,61.311,-1,１分１秒、分け合いたい,"[(3, '１分１秒、分け合いた'), (2, 'い')]",False,False,2
60.778,61.045,-1,１分１秒、分け合いたい,"[(3, '１分１秒、分け合い'), (2, 'たい')]",False,False,2
60.511,60.778,-1,１分１秒、分け合いたい,"[(3, '１分１秒、分け合'), (2, 'いたい')]",False,False,2
60.244,60.511,-1,１分１秒、分け合いたい,"[(3, '１分１秒、分け'), (2, '合いたい')]",False,False,2
59.977,60.244,-1,１分１秒、分け合いたい,"[(3, '１分１秒、分'), (2, 'け合いたい')]",False,False,2
59.443,59.977,-1,１分１秒、分け合いたい,"[(3, '１分１秒、'), (2, '分け合いたい')]",False,False,2
59.309,59.443,-1,１分１秒、分け合いたい,"[(3, '１分１'), (2, '秒、分け合いたい')]",False,False,2
58.942,59.309,-1,１分１秒、分け合いたい,"[(3, '１分１'), (2, '秒、分け合いたい')]",False,False,2
58.409,58.942,-1,１分１秒、分け合いたい,"[(3, '１分'), (2, '１秒、分け合いたい')]",False,False,2
57.908,58.409,-1,１分１秒、分け合いたい,"[(3, '１'), (2, '分１秒、分け合いたい')]",False,True,2
190.641,191.441,-1,１分１秒、駆け出したい,"[(3, '１分１秒、駆け出したい')]",True,False,2
190.407,190.641,-1,１分１秒、駆け出したい,"[(3, '１分１秒、駆け出した'), (2, 'い')]",False,False,2
190.14,190.407,-1,１分１秒、駆け出したい,"[(3, '１分１秒、駆け出し'), (2, 'たい')]",False,False,2
189.873,190.14,-1,１分１秒、駆け出したい,"[(3, '１分１秒、駆け出'), (2, 'したい')]",False,False,2
189.64,189.873,-1,１分１秒、駆け出したい,"[(3, '１分１秒、駆け'), (2, '出したい')]",False,False,2
189.373,189.64,-1,１分１秒、駆け出したい,"[(3, '１分１秒、駆'), (2, 'け出したい')]",False,False,2
188.872,189.373,-1,１分１秒、駆け出したい,"[(3, '１分１秒、'), (2, '駆け出したい')]",False,False,2
188.705,188.872,-1,１分１秒、駆け出したい,"[(3, '１分１'), (2, '秒、駆け出したい')]",False,False,2
188.338,188.705,-1,１分１秒、駆け出したい,"[(3, '１分１'), (2, '秒、駆け出したい')]",False,False,2
187.804,188.338,-1,１分１秒、駆け出したい,"[(3, '１分'), (2, '１秒、駆け出したい')]",False,False,2
187.337,187.804,-1,１分１秒、駆け出したい,"[(3, '１'), (2, '分１秒、駆け出したい')]",False,True,2
