start,end,line,unformatted,segments,ref_start,ref_end,common_number
214.798,215.332,92,goodnightgoodtime…,"[(4, 'goodnightgoodtime…')]",True,False,2
214.331,214.798,92,goodnightgoodtime…,"[(4, 'goodnightgood'), (2, 'time…')]",False,False,2
213.83,214.331,92,goodnightgoodtime…,"[(4, 'goodnight'), (2, 'goodtime…')]",False,False,2
213.33,213.83,92,goodnightgoodtime…,"[(4, 'good'), (2, 'nightgoodtime…')]",False,False,2
209.493,210.661,92,goodnightgoodtime…,"[(4, 'goodnightgoodtime…')]",False,False,2
209.026,209.493,92,goodnightgoodtime…,"[(4, 'goodnightgood'), (2, 'time…')]",False,False,2
208.492,209.026,92,goodnightgoodtime…,"[(4, 'goodnight'), (2, 'goodtime…')]",False,False,2
207.991,208.492,92,goodnightgoodtime…,"[(4, 'good'), (2, 'nightgoodtime…')]",False,False,2
204.154,205.322,92,goodnightgoodtime…,"[(4, 'goodnightgoodtime…')]",False,False,2
203.654,204.154,92,goodnightgoodtime…,"[(4, 'goodnightgood'), (2, 'time…')]",False,False,2
203.12,203.654,92,goodnightgoodtime…,"[(4, 'goodnight'), (2, 'goodtime…')]",False,False,2
202.653,203.12,92,goodnightgoodtime…,"[(4, 'good'), (2, 'nightgoodtime…')]",False,False,2
198.849,199.316,92,goodnightgoodtime…,"[(4, 'goodnightgoodtime…')]",False,False,2
198.348,198.849,92,goodnightgoodtime…,"[(4, 'goodnightgood'), (2, 'time…')]",False,False,2
197.814,198.348,92,goodnightgoodtime…,"[(4, 'goodnight'), (2, 'goodtime…')]",False,False,2
197.347,197.814,92,goodnightgoodtime…,"[(4, 'good'), (2, 'nightgoodtime…')]",False,True,2
144.027,146.663,0,mixingengineer:nnzn(ofutone),"[(4, 'mixingengineer:nnzn(ofutone)')]",True,True,0
149.333,152.002,0,movie:こんぶtsunomakiproductionteam,"[(4, 'movie:こんぶ'), (4, 'tsunomakiproductionteam')]",True,True,0
141.325,144.027,0,recordingengineer:石塚陽大(hifumiinc.),"[(4, 'recordingengineer:石塚陽大(hifumiinc.)')]",True,True,0
218.669,224.074,0,specialthanks:わためいと／watamates,"[(4, 'specialthanks:わためいと／watamates')]",True,True,0
137.421,137.988,92,sweetnightsweettime…,"[(4, 'sweetnightsweettime…')]",True,False,2
136.987,137.421,92,sweetnightsweettime…,"[(4, 'sweetnightsweet'), (2, 'time…')]",False,False,2
136.487,136.987,92,sweetnightsweettime…,"[(4, 'sweetnight'), (2, 'sweettime…')]",False,False,2
135.986,136.487,92,sweetnightsweettime…,"[(4, 'sweet'), (2, 'nightsweettime…')]",False,False,2
132.082,132.616,92,sweetnightsweettime…,"[(4, 'sweetnightsweettime…')]",False,False,2
131.648,132.082,92,sweetnightsweettime…,"[(4, 'sweetnightsweet'), (2, 'time…')]",False,False,2
131.148,131.648,92,sweetnightsweettime…,"[(4, 'sweetnight'), (2, 'sweettime…')]",False,False,2
130.647,131.148,92,sweetnightsweettime…,"[(4, 'sweet'), (2, 'nightsweettime…')]",False,False,2
126.777,127.311,92,sweetnightsweettime…,"[(4, 'sweetnightsweettime…')]",False,False,2
126.31,126.777,92,sweetnightsweettime…,"[(4, 'sweetnightsweet'), (2, 'time…')]",False,False,2
125.809,126.31,92,sweetnightsweettime…,"[(4, 'sweetnight'), (2, 'sweettime…')]",False,False,2
125.342,125.809,92,sweetnightsweettime…,"[(4, 'sweet'), (2, 'nightsweettime…')]",False,False,2
121.438,121.972,92,sweetnightsweettime…,"[(4, 'sweetnightsweettime…')]",False,False,2
120.971,121.438,92,sweetnightsweettime…,"[(4, 'sweetnightsweet'), (2, 'time…')]",False,False,2
120.471,120.971,92,sweetnightsweettime…,"[(4, 'sweetnight'), (2, 'sweettime…')]",False,False,2
119.97,120.471,92,sweetnightsweettime…,"[(4, 'sweet'), (2, 'nightsweettime…')]",False,False,2
94.745,95.145,92,sweetnightsweettime…,"[(4, 'sweetnightsweettime…')]",False,False,2
94.311,94.745,92,sweetnightsweettime…,"[(4, 'sweetnightsweet'), (2, 'time…')]",False,False,2
93.811,94.311,92,sweetnightsweettime…,"[(4, 'sweetnight'), (2, 'sweettime…')]",False,False,2
93.31,93.811,92,sweetnightsweettime…,"[(4, 'sweet'), (2, 'nightsweettime…')]",False,False,2
89.44,90.174,92,sweetnightsweettime…,"[(4, 'sweetnightsweettime…')]",False,False,2
89.006,89.44,92,sweetnightsweettime…,"[(4, 'sweetnightsweet'), (2, 'time…')]",False,False,2
88.472,89.006,92,sweetnightsweettime…,"[(4, 'sweetnight'), (2, 'sweettime…')]",False,False,2
87.971,88.472,92,sweetnightsweettime…,"[(4, 'sweet'), (2, 'nightsweettime…')]",False,False,2
56.173,56.673,92,sweetnightsweettime…,"[(4, 'sweetnightsweettime…')]",False,False,2
55.672,56.173,92,sweetnightsweettime…,"[(4, 'sweetnightsweet'), (2, 'time…')]",False,False,2
55.139,55.672,92,sweetnightsweettime…,"[(4, 'sweetnight'), (2, 'sweettime…')]",False,False,2
54.671,55.139,92,sweetnightsweettime…,"[(4, 'sweet'), (2, 'nightsweettime…')]",False,False,2
50.768,51.301,92,sweetnightsweettime…,"[(4, 'sweetnightsweettime…')]",False,False,2
50.3,50.768,92,sweetnightsweettime…,"[(4, 'sweetnightsweet'), (2, 'time…')]",False,False,2
49.8,50.3,92,sweetnightsweettime…,"[(4, 'sweetnight'), (2, 'sweettime…')]",False,False,2
49.333,49.8,92,sweetnightsweettime…,"[(4, 'sweet'), (2, 'nightsweettime…')]",False,False,2
45.429,45.963,92,sweetnightsweettime…,"[(4, 'sweetnightsweettime…')]",False,False,2
44.995,45.429,92,sweetnightsweettime…,"[(4, 'sweetnightsweet'), (2, 'time…')]",False,False,2
44.495,44.995,92,sweetnightsweettime…,"[(4, 'sweetnight'), (2, 'sweettime…')]",False,False,2
43.994,44.495,92,sweetnightsweettime…,"[(4, 'sweet'), (2, 'nightsweettime…')]",False,False,2
18.769,19.336,92,sweetnightsweettime…,"[(4, 'sweetnightsweettime…')]",False,False,2
18.335,18.769,92,sweetnightsweettime…,"[(4, 'sweetnightsweet'), (2, 'time…')]",False,False,2
17.835,18.335,92,sweetnightsweettime…,"[(4, 'sweetnight'), (2, 'sweettime…')]",False,False,2
17.334,17.835,92,sweetnightsweettime…,"[(4, 'sweet'), (2, 'nightsweettime…')]",False,False,2
13.464,13.998,92,sweetnightsweettime…,"[(4, 'sweetnightsweettime…')]",False,False,2
12.997,13.464,92,sweetnightsweettime…,"[(4, 'sweetnightsweet'), (2, 'time…')]",False,False,2
12.496,12.997,92,sweetnightsweettime…,"[(4, 'sweetnight'), (2, 'sweettime…')]",False,False,2
11.996,12.496,92,sweetnightsweettime…,"[(4, 'sweet'), (2, 'nightsweettime…')]",False,False,2
8.092,8.492,92,sweetnightsweettime…,"[(4, 'sweetnightsweettime…')]",False,False,2
7.658,8.092,92,sweetnightsweettime…,"[(4, 'sweetnightsweet'), (2, 'time…')]",False,False,2
7.157,7.658,92,sweetnightsweettime…,"[(4, 'sweetnight'), (2, 'sweettime…')]",False,False,2
6.657,7.157,92,sweetnightsweettime…,"[(4, 'sweet'), (2, 'nightsweettime…')]",False,False,2
2.786,3.487,92,sweetnightsweettime…,"[(4, 'sweetnightsweettime…')]",False,False,2
2.319,2.786,92,sweetnightsweettime…,"[(4, 'sweetnightsweet'), (2, 'time…')]",False,False,2
1.852,2.319,92,sweetnightsweettime…,"[(4, 'sweetnight'), (2, 'sweettime…')]",False,False,2
1.151,1.852,92,sweetnightsweettime…,"[(4, 'sweet'), (2, 'nightsweettime…')]",False,True,2
93.143,95.145,0,いつまでも,"[(4, 'いつまでも')]",True,False,2
92.976,93.143,0,いつまでも,"[(4, 'いつまで'), (2, 'も')]",False,False,2
92.643,92.976,0,いつまでも,"[(4, 'いつま'), (2, 'でも')]",False,False,2
92.276,92.643,0,いつまでも,"[(4, 'いつ'), (2, 'までも')]",False,False,2
91.975,92.276,0,いつまでも,"[(4, 'い'), (2, 'つまでも')]",False,False,2
87.838,89.606,0,いつまでも,"[(4, 'いつまでも')]",False,False,2
87.671,87.838,0,いつまでも,"[(4, 'いつまで'), (2, 'も')]",False,False,2
87.337,87.671,0,いつまでも,"[(4, 'いつま'), (2, 'でも')]",False,False,2
86.97,87.337,0,いつまでも,"[(4, 'いつ'), (2, 'までも')]",False,False,2
86.67,86.97,0,いつまでも,"[(4, 'い'), (2, 'つまでも')]",False,False,2
93.143,95.145,-1,いつまでも,"[(4, 'いつまでも')]",False,False,2
92.976,93.143,-1,いつまでも,"[(4, 'いつまで'), (2, 'も')]",False,False,2
92.643,92.976,-1,いつまでも,"[(4, 'いつま'), (2, 'でも')]",False,False,2
92.276,92.643,-1,いつまでも,"[(4, 'いつ'), (2, 'までも')]",False,False,2
91.975,92.276,-1,いつまでも,"[(4, 'い'), (2, 'つまでも')]",False,False,2
87.838,89.606,-1,いつまでも,"[(4, 'いつまでも')]",False,False,2
87.671,87.838,-1,いつまでも,"[(4, 'いつまで'), (2, 'も')]",False,False,2
87.337,87.671,-1,いつまでも,"[(4, 'いつま'), (2, 'でも')]",False,False,2
86.97,87.337,-1,いつまでも,"[(4, 'いつ'), (2, 'までも')]",False,False,2
86.67,86.97,-1,いつまでも,"[(4, 'い'), (2, 'つまでも')]",False,True,2
186.503,187.004,0,いまだけ…,"[(4, 'いまだけ…')]",True,False,2
186.336,186.503,0,いまだけ…,"[(4, 'いまだ'), (2, 'け…')]",False,False,2
186.17,186.336,0,いまだけ…,"[(4, 'いま'), (2, 'だけ…')]",False,False,2
186.003,186.17,0,いまだけ…,"[(4, 'い'), (2, 'まだけ…')]",False,False,2
77.161,77.661,0,いまだけ…,"[(4, 'いまだけ…')]",False,False,2
76.994,77.161,0,いまだけ…,"[(4, 'いまだ'), (2, 'け…')]",False,False,2
76.827,76.994,0,いまだけ…,"[(4, 'いま'), (2, 'だけ…')]",False,False,2
76.66,76.827,0,いまだけ…,"[(4, 'い'), (2, 'まだけ…')]",False,True,2
36.987,38.322,0,えっとあしたはやすみだから,"[(4, 'えっとあしたはやすみだから')]",True,False,2
36.82,36.987,0,えっとあしたはやすみだから,"[(4, 'えっとあしたはやすみだか'), (2, 'ら')]",False,False,2
36.453,36.82,0,えっとあしたはやすみだから,"[(4, 'えっとあしたはやすみだ'), (2, 'から')]",False,False,2
36.32,36.453,0,えっとあしたはやすみだから,"[(4, 'えっとあしたはやすみ'), (2, 'だから')]",False,False,2
35.986,36.32,0,えっとあしたはやすみだから,"[(4, 'えっとあしたはやす'), (2, 'みだから')]",False,False,2
35.753,35.986,0,えっとあしたはやすみだから,"[(4, 'えっとあしたはや'), (2, 'すみだから')]",False,False,2
35.152,35.753,0,えっとあしたはやすみだから,"[(4, 'えっとあしたは'), (2, 'やすみだから')]",False,False,2
34.985,35.152,0,えっとあしたはやすみだから,"[(4, 'えっとあした'), (2, 'はやすみだから')]",False,False,2
34.785,34.985,0,えっとあしたはやすみだから,"[(4, 'えっとあし'), (2, 'たはやすみだから')]",False,False,2
34.618,34.785,0,えっとあしたはやすみだから,"[(4, 'えっとあ'), (2, 'したはやすみだから')]",False,False,2
33.984,34.618,0,えっとあしたはやすみだから,"[(4, 'えっと'), (2, 'あしたはやすみだから')]",False,False,2
33.617,33.984,0,えっとあしたはやすみだから,"[(4, 'えっ'), (2, 'とあしたはやすみだから')]",False,True,2
36.987,38.322,-1,えっと明日は休みだから,"[(4, 'えっと明日は休みだから')]",True,False,2
36.82,36.987,-1,えっと明日は休みだから,"[(4, 'えっと明日は休みだか'), (2, 'ら')]",False,False,2
36.453,36.82,-1,えっと明日は休みだから,"[(4, 'えっと明日は休みだ'), (2, 'から')]",False,False,2
36.32,36.453,-1,えっと明日は休みだから,"[(4, 'えっと明日は休み'), (2, 'だから')]",False,False,2
35.986,36.32,-1,えっと明日は休みだから,"[(4, 'えっと明日は休'), (2, 'みだから')]",False,False,2
35.753,35.986,-1,えっと明日は休みだから,"[(4, 'えっと明日は休'), (2, 'みだから')]",False,False,2
35.152,35.753,-1,えっと明日は休みだから,"[(4, 'えっと明日は'), (2, '休みだから')]",False,False,2
34.985,35.152,-1,えっと明日は休みだから,"[(4, 'えっと明日'), (2, 'は休みだから')]",False,False,2
34.785,34.985,-1,えっと明日は休みだから,"[(4, 'えっと明'), (2, '日は休みだから')]",False,False,2
34.618,34.785,-1,えっと明日は休みだから,"[(4, 'えっと明'), (2, '日は休みだから')]",False,False,2
33.984,34.618,-1,えっと明日は休みだから,"[(4, 'えっと'), (2, '明日は休みだから')]",False,False,2
33.617,33.984,-1,えっと明日は休みだから,"[(4, 'えっ'), (2, 'と明日は休みだから')]",False,True,2
102.319,103.32,0,きっとはなすのもわらうのも,"[(4, 'きっとはなすのもわらうのも')]",True,False,2
102.119,102.319,0,きっとはなすのもわらうのも,"[(4, 'きっとはなすのもわらうの'), (2, 'も')]",False,False,2
101.852,102.119,0,きっとはなすのもわらうのも,"[(4, 'きっとはなすのもわらう'), (2, 'のも')]",False,False,2
101.652,101.852,0,きっとはなすのもわらうのも,"[(4, 'きっとはなすのもわら'), (2, 'うのも')]",False,False,2
101.318,101.652,0,きっとはなすのもわらうのも,"[(4, 'きっとはなすのもわ'), (2, 'らうのも')]",False,False,2
100.517,101.318,0,きっとはなすのもわらうのも,"[(4, 'きっとはなすのも'), (2, 'わらうのも')]",False,False,2
100.317,100.517,0,きっとはなすのもわらうのも,"[(4, 'きっとはなすの'), (2, 'もわらうのも')]",False,False,2
100.15,100.317,0,きっとはなすのもわらうのも,"[(4, 'きっとはなす'), (2, 'のもわらうのも')]",False,False,2
99.983,100.15,0,きっとはなすのもわらうのも,"[(4, 'きっとはな'), (2, 'すのもわらうのも')]",False,False,2
99.817,99.983,0,きっとはなすのもわらうのも,"[(4, 'きっとは'), (2, 'なすのもわらうのも')]",False,False,2
99.316,99.817,0,きっとはなすのもわらうのも,"[(4, 'きっと'), (2, 'はなすのもわらうのも')]",False,False,2
98.949,99.316,0,きっとはなすのもわらうのも,"[(4, 'きっ'), (2, 'とはなすのもわらうのも')]",False,True,2
102.319,103.32,-1,きっと話すのも笑うのも,"[(4, 'きっと話すのも笑うのも')]",True,False,2
102.119,102.319,-1,きっと話すのも笑うのも,"[(4, 'きっと話すのも笑うの'), (2, 'も')]",False,False,2
101.852,102.119,-1,きっと話すのも笑うのも,"[(4, 'きっと話すのも笑う'), (2, 'のも')]",False,False,2
101.652,101.852,-1,きっと話すのも笑うのも,"[(4, 'きっと話すのも笑'), (2, 'うのも')]",False,False,2
101.318,101.652,-1,きっと話すのも笑うのも,"[(4, 'きっと話すのも笑'), (2, 'うのも')]",False,False,2
100.517,101.318,-1,きっと話すのも笑うのも,"[(4, 'きっと話すのも'), (2, '笑うのも')]",False,False,2
100.317,100.517,-1,きっと話すのも笑うのも,"[(4, 'きっと話すの'), (2, 'も笑うのも')]",False,False,2
100.15,100.317,-1,きっと話すのも笑うのも,"[(4, 'きっと話す'), (2, 'のも笑うのも')]",False,False,2
99.983,100.15,-1,きっと話すのも笑うのも,"[(4, 'きっと話'), (2, 'すのも笑うのも')]",False,False,2
99.817,99.983,-1,きっと話すのも笑うのも,"[(4, 'きっと話'), (2, 'すのも笑うのも')]",False,False,2
99.316,99.817,-1,きっと話すのも笑うのも,"[(4, 'きっと'), (2, '話すのも笑うのも')]",False,False,2
98.949,99.316,-1,きっと話すのも笑うのも,"[(4, 'きっ'), (2, 'と話すのも笑うのも')]",False,True,2
141.325,143.327,0,きみとあさまで,"[(4, 'きみとあさまで')]",True,False,2
140.624,141.325,0,きみとあさまで,"[(4, 'きみとあさま'), (2, 'で')]",False,False,2
139.623,140.624,0,きみとあさまで,"[(4, 'きみとあさ'), (2, 'まで')]",False,False,2
139.123,139.623,0,きみとあさまで,"[(4, 'きみとあ'), (2, 'さまで')]",False,False,2
138.622,139.123,0,きみとあさまで,"[(4, 'きみと'), (2, 'あさまで')]",False,False,2
138.355,138.622,0,きみとあさまで,"[(4, 'きみ'), (2, 'とあさまで')]",False,False,2
137.988,138.355,0,きみとあさまで,"[(4, 'き'), (2, 'みとあさまで')]",False,True,2
180.164,181.598,0,きみとりずむあわせ,"[(4, 'きみとりずむあわせ')]",True,False,2
179.83,180.164,0,きみとりずむあわせ,"[(4, 'きみとりずむあわ'), (2, 'せ')]",False,False,2
179.63,179.83,0,きみとりずむあわせ,"[(4, 'きみとりずむあ'), (2, 'わせ')]",False,False,2
179.296,179.63,0,きみとりずむあわせ,"[(4, 'きみとりずむ'), (2, 'あわせ')]",False,False,2
179.129,179.296,0,きみとりずむあわせ,"[(4, 'きみとりず'), (2, 'むあわせ')]",False,False,2
178.962,179.129,0,きみとりずむあわせ,"[(4, 'きみとり'), (2, 'ずむあわせ')]",False,False,2
178.795,178.962,0,きみとりずむあわせ,"[(4, 'きみと'), (2, 'りずむあわせ')]",False,False,2
178.629,178.795,0,きみとりずむあわせ,"[(4, 'きみ'), (2, 'とりずむあわせ')]",False,False,2
178.462,178.629,0,きみとりずむあわせ,"[(4, 'き'), (2, 'みとりずむあわせ')]",False,False,2
70.821,72.289,0,きみとりずむあわせ,"[(4, 'きみとりずむあわせ')]",False,False,2
70.487,70.821,0,きみとりずむあわせ,"[(4, 'きみとりずむあわ'), (2, 'せ')]",False,False,2
70.287,70.487,0,きみとりずむあわせ,"[(4, 'きみとりずむあ'), (2, 'わせ')]",False,False,2
69.987,70.287,0,きみとりずむあわせ,"[(4, 'きみとりずむ'), (2, 'あわせ')]",False,False,2
69.853,69.987,0,きみとりずむあわせ,"[(4, 'きみとりず'), (2, 'むあわせ')]",False,False,2
69.653,69.853,0,きみとりずむあわせ,"[(4, 'きみとり'), (2, 'ずむあわせ')]",False,False,2
69.52,69.653,0,きみとりずむあわせ,"[(4, 'きみと'), (2, 'りずむあわせ')]",False,False,2
69.353,69.52,0,きみとりずむあわせ,"[(4, 'きみ'), (2, 'とりずむあわせ')]",False,False,2
69.186,69.353,0,きみとりずむあわせ,"[(4, 'き'), (2, 'みとりずむあわせ')]",False,True,2
180.164,181.598,-1,きみとリズム合わせ,"[(4, 'きみとリズム合わせ')]",True,False,2
179.83,180.164,-1,きみとリズム合わせ,"[(4, 'きみとリズム合わ'), (2, 'せ')]",False,False,2
179.63,179.83,-1,きみとリズム合わせ,"[(4, 'きみとリズム合'), (2, 'わせ')]",False,False,2
179.296,179.63,-1,きみとリズム合わせ,"[(4, 'きみとリズム'), (2, '合わせ')]",False,False,2
179.129,179.296,-1,きみとリズム合わせ,"[(4, 'きみとリズ'), (2, 'ム合わせ')]",False,False,2
178.962,179.129,-1,きみとリズム合わせ,"[(4, 'きみとリ'), (2, 'ズム合わせ')]",False,False,2
178.795,178.962,-1,きみとリズム合わせ,"[(4, 'きみと'), (2, 'リズム合わせ')]",False,False,2
178.629,178.795,-1,きみとリズム合わせ,"[(4, 'きみ'), (2, 'とリズム合わせ')]",False,False,2
178.462,178.629,-1,きみとリズム合わせ,"[(4, 'き'), (2, 'みとリズム合わせ')]",False,False,2
70.821,72.289,-1,きみとリズム合わせ,"[(4, 'きみとリズム合わせ')]",False,False,2
70.487,70.821,-1,きみとリズム合わせ,"[(4, 'きみとリズム合わ'), (2, 'せ')]",False,False,2
70.287,70.487,-1,きみとリズム合わせ,"[(4, 'きみとリズム合'), (2, 'わせ')]",False,False,2
69.987,70.287,-1,きみとリズム合わせ,"[(4, 'きみとリズム'), (2, '合わせ')]",False,False,2
69.853,69.987,-1,きみとリズム合わせ,"[(4, 'きみとリズ'), (2, 'ム合わせ')]",False,False,2
69.653,69.853,-1,きみとリズム合わせ,"[(4, 'きみとリ'), (2, 'ズム合わせ')]",False,False,2
69.52,69.653,-1,きみとリズム合わせ,"[(4, 'きみと'), (2, 'リズム合わせ')]",False,False,2
69.353,69.52,-1,きみとリズム合わせ,"[(4, 'きみ'), (2, 'とリズム合わせ')]",False,False,2
69.186,69.353,-1,きみとリズム合わせ,"[(4, 'き'), (2, 'みとリズム合わせ')]",False,True,2
141.325,143.327,-1,きみと朝まで,"[(4, 'きみと朝まで')]",True,False,2
140.624,141.325,-1,きみと朝まで,"[(4, 'きみと朝ま'), (2, 'で')]",False,False,2
139.623,140.624,-1,きみと朝まで,"[(4, 'きみと朝'), (2, 'まで')]",False,False,2
139.123,139.623,-1,きみと朝まで,"[(4, 'きみと朝'), (2, 'まで')]",False,False,2
138.622,139.123,-1,きみと朝まで,"[(4, 'きみと'), (2, '朝まで')]",False,False,2
138.355,138.622,-1,きみと朝まで,"[(4, 'きみ'), (2, 'と朝まで')]",False,False,2
137.988,138.355,-1,きみと朝まで,"[(4, 'き'), (2, 'みと朝まで')]",False,True,2
197.314,199.316,0,ここであおう,"[(4, 'ここであおう')]",True,False,2
197.181,197.314,0,ここであおう,"[(4, 'ここであお'), (2, 'う')]",False,False,2
196.98,197.181,0,ここであおう,"[(4, 'ここであ'), (2, 'おう')]",False,False,2
196.647,196.98,0,ここであおう,"[(4, 'ここで'), (2, 'あおう')]",False,False,2
196.313,196.647,0,ここであおう,"[(4, 'ここ'), (2, 'であおう')]",False,False,2
195.979,196.313,0,ここであおう,"[(4, 'こ'), (2, 'こであおう')]",False,True,2
197.314,199.316,-1,ここで会おう,"[(4, 'ここで会おう')]",True,False,2
197.181,197.314,-1,ここで会おう,"[(4, 'ここで会お'), (2, 'う')]",False,False,2
196.98,197.181,-1,ここで会おう,"[(4, 'ここで会'), (2, 'おう')]",False,False,2
196.647,196.98,-1,ここで会おう,"[(4, 'ここで'), (2, '会おう')]",False,False,2
196.313,196.647,-1,ここで会おう,"[(4, 'ここ'), (2, 'で会おう')]",False,False,2
195.979,196.313,-1,ここで会おう,"[(4, 'こ'), (2, 'こで会おう')]",False,True,2
66.483,66.65,0,こんやは…,"[(3, 'こんやは…')]",True,False,2
66.35,66.483,0,こんやは…,"[(3, 'こんや'), (2, 'は…')]",False,False,2
66.183,66.35,0,こんやは…,"[(3, 'こん'), (2, 'やは…')]",False,False,2
66.016,66.183,0,こんやは…,"[(3, 'こ'), (2, 'んやは…')]",False,True,2
135.152,135.986,0,しゃべりたいよしゃべりたんないの,"[(4, 'しゃべりたいよしゃべりたんないの')]",True,False,2
134.985,135.152,0,しゃべりたいよしゃべりたんないの,"[(4, 'しゃべりたいよしゃべりたんない'), (2, 'の')]",False,False,2
134.818,134.985,0,しゃべりたいよしゃべりたんないの,"[(4, 'しゃべりたいよしゃべりたんな'), (2, 'いの')]",False,False,2
134.651,134.818,0,しゃべりたいよしゃべりたんないの,"[(4, 'しゃべりたいよしゃべりたん'), (2, 'ないの')]",False,False,2
134.485,134.651,0,しゃべりたいよしゃべりたんないの,"[(4, 'しゃべりたいよしゃべりた'), (2, 'んないの')]",False,False,2
134.318,134.485,0,しゃべりたいよしゃべりたんないの,"[(4, 'しゃべりたいよしゃべり'), (2, 'たんないの')]",False,False,2
134.151,134.318,0,しゃべりたいよしゃべりたんないの,"[(4, 'しゃべりたいよしゃべ'), (2, 'りたんないの')]",False,False,2
133.951,134.151,0,しゃべりたいよしゃべりたんないの,"[(4, 'しゃべりたいよしゃ'), (2, 'べりたんないの')]",False,False,2
133.484,133.951,0,しゃべりたいよしゃべりたんないの,"[(4, 'しゃべりたいよ'), (2, 'しゃべりたんないの')]",False,False,2
133.317,133.484,0,しゃべりたいよしゃべりたんないの,"[(4, 'しゃべりたい'), (2, 'よしゃべりたんないの')]",False,False,2
133.15,133.317,0,しゃべりたいよしゃべりたんないの,"[(4, 'しゃべりた'), (2, 'いよしゃべりたんないの')]",False,False,2
132.983,133.15,0,しゃべりたいよしゃべりたんないの,"[(4, 'しゃべり'), (2, 'たいよしゃべりたんないの')]",False,False,2
132.816,132.983,0,しゃべりたいよしゃべりたんないの,"[(4, 'しゃべ'), (2, 'りたいよしゃべりたんないの')]",False,False,2
132.616,132.816,0,しゃべりたいよしゃべりたんないの,"[(4, 'しゃ'), (2, 'べりたいよしゃべりたんないの')]",False,True,2
190.807,191.475,0,しらむそらみおくって,"[(4, 'しらむそらみおくって')]",True,False,2
190.474,190.807,0,しらむそらみおくって,"[(4, 'しらむそらみおくっ'), (2, 'て')]",False,False,2
190.274,190.474,0,しらむそらみおくって,"[(4, 'しらむそらみお'), (2, 'くって')]",False,False,2
189.973,190.274,0,しらむそらみおくって,"[(4, 'しらむそらみ'), (2, 'おくって')]",False,False,2
189.806,189.973,0,しらむそらみおくって,"[(4, 'しらむそら'), (2, 'みおくって')]",False,False,2
189.673,189.806,0,しらむそらみおくって,"[(4, 'しらむそ'), (2, 'らみおくって')]",False,False,2
189.506,189.673,0,しらむそらみおくって,"[(4, 'しらむ'), (2, 'そらみおくって')]",False,False,2
189.306,189.506,0,しらむそらみおくって,"[(4, 'しら'), (2, 'むそらみおくって')]",False,False,2
189.106,189.306,0,しらむそらみおくって,"[(4, 'し'), (2, 'らむそらみおくって')]",False,True,2
26.343,28.345,0,そっとひのしずむあかねのそら,"[(4, 'そっとひのしずむあかねのそら')]",True,False,2
26.21,26.343,0,そっとひのしずむあかねのそら,"[(4, 'そっとひのしずむあかねのそ'), (2, 'ら')]",False,False,2
25.843,26.21,0,そっとひのしずむあかねのそら,"[(4, 'そっとひのしずむあかねの'), (2, 'そら')]",False,False,2
25.676,25.843,0,そっとひのしずむあかねのそら,"[(4, 'そっとひのしずむあかね'), (2, 'のそら')]",False,False,2
25.342,25.676,0,そっとひのしずむあかねのそら,"[(4, 'そっとひのしずむあか'), (2, 'ねのそら')]",False,False,2
25.142,25.342,0,そっとひのしずむあかねのそら,"[(4, 'そっとひのしずむあ'), (2, 'かねのそら')]",False,False,2
24.508,25.142,0,そっとひのしずむあかねのそら,"[(4, 'そっとひのしずむ'), (2, 'あかねのそら')]",False,False,2
24.375,24.508,0,そっとひのしずむあかねのそら,"[(4, 'そっとひのしず'), (2, 'むあかねのそら')]",False,False,2
24.208,24.375,0,そっとひのしずむあかねのそら,"[(4, 'そっとひのし'), (2, 'ずむあかねのそら')]",False,False,2
24.008,24.208,0,そっとひのしずむあかねのそら,"[(4, 'そっとひの'), (2, 'しずむあかねのそら')]",False,False,2
23.907,24.008,0,そっとひのしずむあかねのそら,"[(4, 'そっとひ'), (2, 'のしずむあかねのそら')]",False,False,2
23.34,23.907,0,そっとひのしずむあかねのそら,"[(4, 'そっと'), (2, 'ひのしずむあかねのそら')]",False,False,2
23.007,23.34,0,そっとひのしずむあかねのそら,"[(4, 'そっ'), (2, 'とひのしずむあかねのそら')]",False,True,2
26.21,28.345,-1,そっと陽の沈む茜の空,"[(4, 'そっと陽の沈む茜の空')]",True,False,2
25.843,26.21,-1,そっと陽の沈む茜の空,"[(4, 'そっと陽の沈む茜の'), (2, '空')]",False,False,2
25.676,25.843,-1,そっと陽の沈む茜の空,"[(4, 'そっと陽の沈む茜'), (2, 'の空')]",False,False,2
25.342,25.676,-1,そっと陽の沈む茜の空,"[(4, 'そっと陽の沈む茜'), (2, 'の空')]",False,False,2
25.142,25.342,-1,そっと陽の沈む茜の空,"[(4, 'そっと陽の沈む茜'), (2, 'の空')]",False,False,2
24.508,25.142,-1,そっと陽の沈む茜の空,"[(4, 'そっと陽の沈む'), (2, '茜の空')]",False,False,2
24.375,24.508,-1,そっと陽の沈む茜の空,"[(4, 'そっと陽の沈'), (2, 'む茜の空')]",False,False,2
24.208,24.375,-1,そっと陽の沈む茜の空,"[(4, 'そっと陽の沈'), (2, 'む茜の空')]",False,False,2
24.008,24.208,-1,そっと陽の沈む茜の空,"[(4, 'そっと陽の'), (2, '沈む茜の空')]",False,False,2
23.907,24.008,-1,そっと陽の沈む茜の空,"[(4, 'そっと陽'), (2, 'の沈む茜の空')]",False,False,2
23.34,23.907,-1,そっと陽の沈む茜の空,"[(4, 'そっと'), (2, '陽の沈む茜の空')]",False,False,2
23.007,23.34,-1,そっと陽の沈む茜の空,"[(4, 'そっ'), (2, 'と陽の沈む茜の空')]",False,True,2
184.968,186.003,0,ちゅうやぎゃくてんをたのしむの,"[(4, 'ちゅうやぎゃくてんをたのしむの')]",True,False,2
184.801,184.968,0,ちゅうやぎゃくてんをたのしむの,"[(4, 'ちゅうやぎゃくてんをたのしむ'), (2, 'の')]",False,False,2
184.468,184.801,0,ちゅうやぎゃくてんをたのしむの,"[(4, 'ちゅうやぎゃくてんをたのし'), (2, 'むの')]",False,False,2
184.301,184.468,0,ちゅうやぎゃくてんをたのしむの,"[(4, 'ちゅうやぎゃくてんをたの'), (2, 'しむの')]",False,False,2
183.967,184.301,0,ちゅうやぎゃくてんをたのしむの,"[(4, 'ちゅうやぎゃくてんをた'), (2, 'のしむの')]",False,False,2
183.3,183.967,0,ちゅうやぎゃくてんをたのしむの,"[(4, 'ちゅうやぎゃくてんを'), (2, 'たのしむの')]",False,False,2
183.2,183.3,0,ちゅうやぎゃくてんをたのしむの,"[(4, 'ちゅうやぎゃくてん'), (2, 'をたのしむの')]",False,False,2
182.966,183.2,0,ちゅうやぎゃくてんをたのしむの,"[(4, 'ちゅうやぎゃくて'), (2, 'んをたのしむの')]",False,False,2
182.799,182.966,0,ちゅうやぎゃくてんをたのしむの,"[(4, 'ちゅうやぎゃく'), (2, 'てんをたのしむの')]",False,False,2
182.466,182.799,0,ちゅうやぎゃくてんをたのしむの,"[(4, 'ちゅうやぎゃ'), (2, 'くてんをたのしむの')]",False,False,2
181.965,182.466,0,ちゅうやぎゃくてんをたのしむの,"[(4, 'ちゅうや'), (2, 'ぎゃくてんをたのしむの')]",False,False,2
181.598,181.965,0,ちゅうやぎゃくてんをたのしむの,"[(4, 'ちゅう'), (2, 'やぎゃくてんをたのしむの')]",False,False,2
75.659,76.66,0,ちゅうやぎゃくてんをたのしむの,"[(4, 'ちゅうやぎゃくてんをたのしむの')]",False,False,2
75.492,75.659,0,ちゅうやぎゃくてんをたのしむの,"[(4, 'ちゅうやぎゃくてんをたのしむ'), (2, 'の')]",False,False,2
75.159,75.492,0,ちゅうやぎゃくてんをたのしむの,"[(4, 'ちゅうやぎゃくてんをたのし'), (2, 'むの')]",False,False,2
74.992,75.159,0,ちゅうやぎゃくてんをたのしむの,"[(4, 'ちゅうやぎゃくてんをたの'), (2, 'しむの')]",False,False,2
74.658,74.992,0,ちゅうやぎゃくてんをたのしむの,"[(4, 'ちゅうやぎゃくてんをた'), (2, 'のしむの')]",False,False,2
73.991,74.658,0,ちゅうやぎゃくてんをたのしむの,"[(4, 'ちゅうやぎゃくてんを'), (2, 'たのしむの')]",False,False,2
73.891,73.991,0,ちゅうやぎゃくてんをたのしむの,"[(4, 'ちゅうやぎゃくてん'), (2, 'をたのしむの')]",False,False,2
73.624,73.891,0,ちゅうやぎゃくてんをたのしむの,"[(4, 'ちゅうやぎゃくて'), (2, 'んをたのしむの')]",False,False,2
73.49,73.624,0,ちゅうやぎゃくてんをたのしむの,"[(4, 'ちゅうやぎゃく'), (2, 'てんをたのしむの')]",False,False,2
73.157,73.49,0,ちゅうやぎゃくてんをたのしむの,"[(4, 'ちゅうやぎゃ'), (2, 'くてんをたのしむの')]",False,False,2
72.656,73.157,0,ちゅうやぎゃくてんをたのしむの,"[(4, 'ちゅうや'), (2, 'ぎゃくてんをたのしむの')]",False,False,2
72.289,72.656,0,ちゅうやぎゃくてんをたのしむの,"[(4, 'ちゅう'), (2, 'やぎゃくてんをたのしむの')]",False,True,2
112.996,114.331,0,ちょっとうつむいたきみへむけて,"[(4, 'ちょっとうつむいたきみへむけて')]",True,False,2
112.863,112.996,0,ちょっとうつむいたきみへむけて,"[(4, 'ちょっとうつむいたきみへむけ'), (2, 'て')]",False,False,2
112.496,112.863,0,ちょっとうつむいたきみへむけて,"[(4, 'ちょっとうつむいたきみへむ'), (2, 'けて')]",False,False,2
112.329,112.496,0,ちょっとうつむいたきみへむけて,"[(4, 'ちょっとうつむいたきみへ'), (2, 'むけて')]",False,False,2
111.995,112.329,0,ちょっとうつむいたきみへむけて,"[(4, 'ちょっとうつむいたきみ'), (2, 'へむけて')]",False,False,2
111.862,111.995,0,ちょっとうつむいたきみへむけて,"[(4, 'ちょっとうつむいたき'), (2, 'みへむけて')]",False,False,2
111.195,111.862,0,ちょっとうつむいたきみへむけて,"[(4, 'ちょっとうつむいた'), (2, 'きみへむけて')]",False,False,2
110.994,111.195,0,ちょっとうつむいたきみへむけて,"[(4, 'ちょっとうつむい'), (2, 'たきみへむけて')]",False,False,2
110.828,110.994,0,ちょっとうつむいたきみへむけて,"[(4, 'ちょっとうつむ'), (2, 'いたきみへむけて')]",False,False,2
110.661,110.828,0,ちょっとうつむいたきみへむけて,"[(4, 'ちょっとうつ'), (2, 'むいたきみへむけて')]",False,False,2
110.494,110.661,0,ちょっとうつむいたきみへむけて,"[(4, 'ちょっとう'), (2, 'つむいたきみへむけて')]",False,False,2
109.993,110.494,0,ちょっとうつむいたきみへむけて,"[(4, 'ちょっと'), (2, 'うつむいたきみへむけて')]",False,False,2
109.626,109.993,0,ちょっとうつむいたきみへむけて,"[(4, 'ちょっ'), (2, 'とうつむいたきみへむけて')]",False,True,2
112.996,114.331,-1,ちょっと俯いたきみへ向けて,"[(4, 'ちょっと俯いたきみへ向けて')]",True,False,2
112.863,112.996,-1,ちょっと俯いたきみへ向けて,"[(4, 'ちょっと俯いたきみへ向け'), (2, 'て')]",False,False,2
112.496,112.863,-1,ちょっと俯いたきみへ向けて,"[(4, 'ちょっと俯いたきみへ向'), (2, 'けて')]",False,False,2
112.329,112.496,-1,ちょっと俯いたきみへ向けて,"[(4, 'ちょっと俯いたきみへ'), (2, '向けて')]",False,False,2
111.995,112.329,-1,ちょっと俯いたきみへ向けて,"[(4, 'ちょっと俯いたきみ'), (2, 'へ向けて')]",False,False,2
111.862,111.995,-1,ちょっと俯いたきみへ向けて,"[(4, 'ちょっと俯いたき'), (2, 'みへ向けて')]",False,False,2
111.195,111.862,-1,ちょっと俯いたきみへ向けて,"[(4, 'ちょっと俯いた'), (2, 'きみへ向けて')]",False,False,2
110.994,111.195,-1,ちょっと俯いたきみへ向けて,"[(4, 'ちょっと俯い'), (2, 'たきみへ向けて')]",False,False,2
110.828,110.994,-1,ちょっと俯いたきみへ向けて,"[(4, 'ちょっと俯'), (2, 'いたきみへ向けて')]",False,False,2
110.661,110.828,-1,ちょっと俯いたきみへ向けて,"[(4, 'ちょっと俯'), (2, 'いたきみへ向けて')]",False,False,2
110.494,110.661,-1,ちょっと俯いたきみへ向けて,"[(4, 'ちょっと俯'), (2, 'いたきみへ向けて')]",False,False,2
109.993,110.494,-1,ちょっと俯いたきみへ向けて,"[(4, 'ちょっと'), (2, '俯いたきみへ向けて')]",False,False,2
109.626,109.993,-1,ちょっと俯いたきみへ向けて,"[(4, 'ちょっ'), (2, 'と俯いたきみへ向けて')]",False,True,2
159.143,159.676,0,つきもしらないないしょばなしを,"[(4, 'つきもしらないないしょばなしを')]",True,False,2
158.976,159.143,0,つきもしらないないしょばなしを,"[(4, 'つきもしらないないしょばなし'), (2, 'を')]",False,False,2
158.809,158.976,0,つきもしらないないしょばなしを,"[(4, 'つきもしらないないしょばな'), (2, 'しを')]",False,False,2
158.642,158.809,0,つきもしらないないしょばなしを,"[(4, 'つきもしらないないしょば'), (2, 'なしを')]",False,False,2
158.475,158.642,0,つきもしらないないしょばなしを,"[(4, 'つきもしらないないしょ'), (2, 'ばなしを')]",False,False,2
157.975,158.475,0,つきもしらないないしょばなしを,"[(4, 'つきもしらないない'), (2, 'しょばなしを')]",False,False,2
157.641,157.975,0,つきもしらないないしょばなしを,"[(4, 'つきもしらないな'), (2, 'いしょばなしを')]",False,False,2
153.804,157.641,0,つきもしらないないしょばなしを,"[(4, 'つきもしらない'), (2, 'ないしょばなしを')]",False,False,2
153.637,153.804,0,つきもしらないないしょばなしを,"[(4, 'つきもしらな'), (2, 'いないしょばなしを')]",False,False,2
153.504,153.637,0,つきもしらないないしょばなしを,"[(4, 'つきもしら'), (2, 'ないないしょばなしを')]",False,False,2
153.303,153.504,0,つきもしらないないしょばなしを,"[(4, 'つきもし'), (2, 'らないないしょばなしを')]",False,False,2
153.137,153.303,0,つきもしらないないしょばなしを,"[(4, 'つきも'), (2, 'しらないないしょばなしを')]",False,False,2
152.636,153.137,0,つきもしらないないしょばなしを,"[(4, 'つき'), (2, 'もしらないないしょばなしを')]",False,False,2
152.269,152.636,0,つきもしらないないしょばなしを,"[(4, 'つ'), (2, 'きもしらないないしょばなしを')]",False,True,2
188.639,189.106,0,ねなーいねむらない,"[(4, 'ねなーいねむらない')]",True,False,2
188.305,188.639,0,ねなーいねむらない,"[(4, 'ねなーいねむら'), (2, 'ない')]",False,False,2
188.172,188.305,0,ねなーいねむらない,"[(4, 'ねなーいねむ'), (2, 'らない')]",False,False,2
187.838,188.172,0,ねなーいねむらない,"[(4, 'ねなーいね'), (2, 'むらない')]",False,False,2
187.671,187.838,0,ねなーいねむらない,"[(4, 'ねなーい'), (2, 'ねむらない')]",False,False,2
187.337,187.671,0,ねなーいねむらない,"[(4, 'ねなー'), (2, 'いねむらない')]",False,False,2
187.004,187.337,0,ねなーいねむらない,"[(4, 'ね'), (2, 'なーいねむらない')]",False,False,2
177.961,178.462,0,ねなーいねむらない,"[(4, 'ねなーいねむらない')]",False,False,2
177.661,177.961,0,ねなーいねむらない,"[(4, 'ねなーいねむら'), (2, 'ない')]",False,False,2
177.494,177.661,0,ねなーいねむらない,"[(4, 'ねなーいねむ'), (2, 'らない')]",False,False,2
177.161,177.494,0,ねなーいねむらない,"[(4, 'ねなーいね'), (2, 'むらない')]",False,False,2
177.027,177.161,0,ねなーいねむらない,"[(4, 'ねなーい'), (2, 'ねむらない')]",False,False,2
176.66,177.027,0,ねなーいねむらない,"[(4, 'ねなー'), (2, 'いねむらない')]",False,False,2
176.326,176.66,0,ねなーいねむらない,"[(4, 'ね'), (2, 'なーいねむらない')]",False,False,2
79.329,79.863,0,ねなーいねむらない,"[(4, 'ねなーいねむらない')]",False,False,2
78.962,79.329,0,ねなーいねむらない,"[(4, 'ねなーいねむら'), (2, 'ない')]",False,False,2
78.829,78.962,0,ねなーいねむらない,"[(4, 'ねなーいねむ'), (2, 'らない')]",False,False,2
78.495,78.829,0,ねなーいねむらない,"[(4, 'ねなーいね'), (2, 'むらない')]",False,False,2
78.328,78.495,0,ねなーいねむらない,"[(4, 'ねなーい'), (2, 'ねむらない')]",False,False,2
77.961,78.328,0,ねなーいねむらない,"[(4, 'ねなー'), (2, 'いねむらない')]",False,False,2
77.661,77.961,0,ねなーいねむらない,"[(4, 'ね'), (2, 'なーいねむらない')]",False,False,2
68.652,69.186,0,ねなーいねむらない,"[(4, 'ねなーいねむらない')]",False,False,2
68.318,68.652,0,ねなーいねむらない,"[(4, 'ねなーいねむら'), (2, 'ない')]",False,False,2
68.152,68.318,0,ねなーいねむらない,"[(4, 'ねなーいねむ'), (2, 'らない')]",False,False,2
67.851,68.152,0,ねなーいねむらない,"[(4, 'ねなーいね'), (2, 'むらない')]",False,False,2
67.718,67.851,0,ねなーいねむらない,"[(4, 'ねなーい'), (2, 'ねむらない')]",False,False,2
67.317,67.718,0,ねなーいねむらない,"[(4, 'ねなー'), (2, 'いねむらない')]",False,False,2
66.95,67.317,0,ねなーいねむらない,"[(4, 'ね'), (2, 'なーいねむらない')]",False,True,2
48.198,49.333,0,ねむくないよねむくないの,"[(4, 'ねむくないよねむくないの')]",True,False,2
48.032,48.198,0,ねむくないよねむくないの,"[(4, 'ねむくないよねむくない'), (2, 'の')]",False,False,2
47.865,48.032,0,ねむくないよねむくないの,"[(4, 'ねむくないよねむくな'), (2, 'いの')]",False,False,2
47.698,47.865,0,ねむくないよねむくないの,"[(4, 'ねむくないよねむく'), (2, 'ないの')]",False,False,2
47.531,47.698,0,ねむくないよねむくないの,"[(4, 'ねむくないよねむ'), (2, 'くないの')]",False,False,2
47.331,47.531,0,ねむくないよねむくないの,"[(4, 'ねむくないよね'), (2, 'むくないの')]",False,False,2
46.897,47.331,0,ねむくないよねむくないの,"[(4, 'ねむくないよ'), (2, 'ねむくないの')]",False,False,2
46.697,46.897,0,ねむくないよねむくないの,"[(4, 'ねむくない'), (2, 'よねむくないの')]",False,False,2
46.53,46.697,0,ねむくないよねむくないの,"[(4, 'ねむくな'), (2, 'いよねむくないの')]",False,False,2
46.33,46.53,0,ねむくないよねむくないの,"[(4, 'ねむく'), (2, 'ないよねむくないの')]",False,False,2
46.163,46.33,0,ねむくないよねむくないの,"[(4, 'ねむ'), (2, 'くないよねむくないの')]",False,False,2
45.963,46.163,0,ねむくないよねむくないの,"[(4, 'ね'), (2, 'むくないよねむくないの')]",False,True,2
124.174,125.342,0,ねむらないよねむらないの,"[(4, 'ねむらないよねむらないの')]",True,False,2
124.007,124.174,0,ねむらないよねむらないの,"[(4, 'ねむらないよねむらない'), (2, 'の')]",False,False,2
123.841,124.007,0,ねむらないよねむらないの,"[(4, 'ねむらないよねむらな'), (2, 'いの')]",False,False,2
123.674,123.841,0,ねむらないよねむらないの,"[(4, 'ねむらないよねむら'), (2, 'ないの')]",False,False,2
123.507,123.674,0,ねむらないよねむらないの,"[(4, 'ねむらないよねむ'), (2, 'らないの')]",False,False,2
123.307,123.507,0,ねむらないよねむらないの,"[(4, 'ねむらないよね'), (2, 'むらないの')]",False,False,2
122.84,123.307,0,ねむらないよねむらないの,"[(4, 'ねむらないよ'), (2, 'ねむらないの')]",False,False,2
122.673,122.84,0,ねむらないよねむらないの,"[(4, 'ねむらない'), (2, 'よねむらないの')]",False,False,2
122.506,122.673,0,ねむらないよねむらないの,"[(4, 'ねむらな'), (2, 'いよねむらないの')]",False,False,2
122.339,122.506,0,ねむらないよねむらないの,"[(4, 'ねむら'), (2, 'ないよねむらないの')]",False,False,2
122.139,122.339,0,ねむらないよねむらないの,"[(4, 'ねむ'), (2, 'らないよねむらないの')]",False,False,2
121.972,122.139,0,ねむらないよねむらないの,"[(4, 'ね'), (2, 'むらないよねむらないの')]",False,True,2
59.176,59.977,0,はなしたいよはなしたんないの,"[(4, 'はなしたいよはなしたんないの')]",True,False,2
59.009,59.176,0,はなしたいよはなしたんないの,"[(4, 'はなしたいよはなしたんない'), (2, 'の')]",False,False,2
58.842,59.009,0,はなしたいよはなしたんないの,"[(4, 'はなしたいよはなしたんな'), (2, 'いの')]",False,False,2
58.675,58.842,0,はなしたいよはなしたんないの,"[(4, 'はなしたいよはなしたん'), (2, 'ないの')]",False,False,2
58.509,58.675,0,はなしたいよはなしたんないの,"[(4, 'はなしたいよはなした'), (2, 'んないの')]",False,False,2
58.308,58.509,0,はなしたいよはなしたんないの,"[(4, 'はなしたいよはなし'), (2, 'たんないの')]",False,False,2
58.175,58.308,0,はなしたいよはなしたんないの,"[(4, 'はなしたいよはな'), (2, 'したんないの')]",False,False,2
58.008,58.175,0,はなしたいよはなしたんないの,"[(4, 'はなしたいよは'), (2, 'なしたんないの')]",False,False,2
57.508,58.008,0,はなしたいよはなしたんないの,"[(4, 'はなしたいよ'), (2, 'はなしたんないの')]",False,False,2
57.341,57.508,0,はなしたいよはなしたんないの,"[(4, 'はなしたい'), (2, 'よはなしたんないの')]",False,False,2
57.174,57.341,0,はなしたいよはなしたんないの,"[(4, 'はなした'), (2, 'いよはなしたんないの')]",False,False,2
57.007,57.174,0,はなしたいよはなしたんないの,"[(4, 'はなし'), (2, 'たいよはなしたんないの')]",False,False,2
56.84,57.007,0,はなしたいよはなしたんないの,"[(4, 'はな'), (2, 'したいよはなしたんないの')]",False,False,2
56.673,56.84,0,はなしたいよはなしたんないの,"[(4, 'は'), (2, 'なしたいよはなしたんないの')]",False,True,2
167.818,167.985,0,ぱじゃまのままでおねがい,"[(4, 'ぱじゃまのままでおねがい')]",True,False,2
167.651,167.818,0,ぱじゃまのままでおねがい,"[(4, 'ぱじゃまのままでおねが'), (2, 'い')]",False,False,2
167.317,167.651,0,ぱじゃまのままでおねがい,"[(4, 'ぱじゃまのままでおね'), (2, 'がい')]",False,False,2
166.984,167.317,0,ぱじゃまのままでおねがい,"[(4, 'ぱじゃまのままでお'), (2, 'ねがい')]",False,False,2
164.515,166.984,0,ぱじゃまのままでおねがい,"[(4, 'ぱじゃまのままで'), (2, 'おねがい')]",False,False,2
164.314,164.515,0,ぱじゃまのままでおねがい,"[(4, 'ぱじゃまのまま'), (2, 'でおねがい')]",False,False,2
164.148,164.314,0,ぱじゃまのままでおねがい,"[(4, 'ぱじゃまのま'), (2, 'までおねがい')]",False,False,2
163.981,164.148,0,ぱじゃまのままでおねがい,"[(4, 'ぱじゃまの'), (2, 'ままでおねがい')]",False,False,2
163.814,163.981,0,ぱじゃまのままでおねがい,"[(4, 'ぱじゃま'), (2, 'のままでおねがい')]",False,False,2
163.28,163.814,0,ぱじゃまのままでおねがい,"[(4, 'ぱじゃ'), (2, 'まのままでおねがい')]",False,False,2
162.98,163.28,0,ぱじゃまのままでおねがい,"[(4, 'ぱ'), (2, 'じゃまのままでおねがい')]",False,True,2
118.335,119.336,0,ひとばんじゅううたってもいい,"[(4, 'ひとばんじゅううたってもいい')]",True,False,2
118.168,118.335,0,ひとばんじゅううたってもいい,"[(4, 'ひとばんじゅううたってもい'), (2, 'い')]",False,False,2
117.835,118.168,0,ひとばんじゅううたってもいい,"[(4, 'ひとばんじゅううたっても'), (2, 'いい')]",False,False,2
117.668,117.835,0,ひとばんじゅううたってもいい,"[(4, 'ひとばんじゅううたって'), (2, 'もいい')]",False,False,2
117.334,117.668,0,ひとばんじゅううたってもいい,"[(4, 'ひとばんじゅううたっ'), (2, 'てもいい')]",False,False,2
117.167,117.334,0,ひとばんじゅううたってもいい,"[(4, 'ひとばんじゅうう'), (2, 'たってもいい')]",False,False,2
116.333,117.167,0,ひとばんじゅううたってもいい,"[(4, 'ひとばんじゅう'), (2, 'うたってもいい')]",False,False,2
116.166,116.333,0,ひとばんじゅううたってもいい,"[(4, 'ひとばんじゅ'), (2, 'ううたってもいい')]",False,False,2
115.833,116.166,0,ひとばんじゅううたってもいい,"[(4, 'ひとばん'), (2, 'じゅううたってもいい')]",False,False,2
115.332,115.833,0,ひとばんじゅううたってもいい,"[(4, 'ひとば'), (2, 'んじゅううたってもいい')]",False,False,2
114.665,115.332,0,ひとばんじゅううたってもいい,"[(4, 'ひと'), (2, 'ばんじゅううたってもいい')]",False,False,2
114.331,114.665,0,ひとばんじゅううたってもいい,"[(4, 'ひ'), (2, 'とばんじゅううたってもいい')]",False,True,2
42.326,43.327,0,ひとばんじゅうきみといっしょに,"[(4, 'ひとばんじゅうきみといっしょに')]",True,False,2
42.159,42.326,0,ひとばんじゅうきみといっしょに,"[(4, 'ひとばんじゅうきみといっしょ'), (2, 'に')]",False,False,2
41.825,42.159,0,ひとばんじゅうきみといっしょに,"[(4, 'ひとばんじゅうきみといっ'), (2, 'しょに')]",False,False,2
41.658,41.825,0,ひとばんじゅうきみといっしょに,"[(4, 'ひとばんじゅうきみと'), (2, 'いっしょに')]",False,False,2
41.325,41.658,0,ひとばんじゅうきみといっしょに,"[(4, 'ひとばんじゅうきみ'), (2, 'といっしょに')]",False,False,2
41.158,41.325,0,ひとばんじゅうきみといっしょに,"[(4, 'ひとばんじゅうき'), (2, 'みといっしょに')]",False,False,2
40.357,41.158,0,ひとばんじゅうきみといっしょに,"[(4, 'ひとばんじゅう'), (2, 'きみといっしょに')]",False,False,2
40.157,40.357,0,ひとばんじゅうきみといっしょに,"[(4, 'ひとばんじゅ'), (2, 'うきみといっしょに')]",False,False,2
39.857,40.157,0,ひとばんじゅうきみといっしょに,"[(4, 'ひとばん'), (2, 'じゅうきみといっしょに')]",False,False,2
39.323,39.857,0,ひとばんじゅうきみといっしょに,"[(4, 'ひとば'), (2, 'んじゅうきみといっしょに')]",False,False,2
38.655,39.323,0,ひとばんじゅうきみといっしょに,"[(4, 'ひと'), (2, 'ばんじゅうきみといっしょに')]",False,False,2
38.322,38.655,0,ひとばんじゅうきみといっしょに,"[(4, 'ひ'), (2, 'とばんじゅうきみといっしょに')]",False,True,2
81.498,82.166,0,ほしのなかさんぽして,"[(4, 'ほしのなかさんぽして')]",True,False,2
81.165,81.498,0,ほしのなかさんぽして,"[(4, 'ほしのなかさんぽし'), (2, 'て')]",False,False,2
80.964,81.165,0,ほしのなかさんぽして,"[(4, 'ほしのなかさんぽ'), (2, 'して')]",False,False,2
80.831,80.964,0,ほしのなかさんぽして,"[(4, 'ほしのなかさん'), (2, 'ぽして')]",False,False,2
80.664,80.831,0,ほしのなかさんぽして,"[(4, 'ほしのなかさ'), (2, 'んぽして')]",False,False,2
80.497,80.664,0,ほしのなかさんぽして,"[(4, 'ほしのなか'), (2, 'さんぽして')]",False,False,2
80.33,80.497,0,ほしのなかさんぽして,"[(4, 'ほしのな'), (2, 'かさんぽして')]",False,False,2
80.197,80.33,0,ほしのなかさんぽして,"[(4, 'ほしの'), (2, 'なかさんぽして')]",False,False,2
80.03,80.197,0,ほしのなかさんぽして,"[(4, 'ほし'), (2, 'のなかさんぽして')]",False,False,2
79.863,80.03,0,ほしのなかさんぽして,"[(4, 'ほ'), (2, 'しのなかさんぽして')]",False,True,2
207.991,210.661,0,またあした,"[(4, 'またあした')]",True,False,2
207.658,207.991,0,またあした,"[(4, 'またあし'), (2, 'た')]",False,False,2
207.324,207.658,0,またあした,"[(4, 'またあ'), (2, 'した')]",False,False,2
206.99,207.324,0,またあした,"[(4, 'また'), (2, 'あした')]",False,False,2
206.623,206.99,0,またあした,"[(4, 'ま'), (2, 'たあした')]",False,False,2
202.653,205.322,0,またあした,"[(4, 'またあした')]",False,False,2
202.319,202.653,0,またあした,"[(4, 'またあし'), (2, 'た')]",False,False,2
201.985,202.319,0,またあした,"[(4, 'またあ'), (2, 'した')]",False,False,2
201.652,201.985,0,またあした,"[(4, 'また'), (2, 'あした')]",False,False,2
201.285,201.652,0,またあした,"[(4, 'ま'), (2, 'たあした')]",False,True,2
207.991,210.661,-1,また明日,"[(4, 'また明日')]",True,False,2
207.658,207.991,-1,また明日,"[(4, 'また明'), (2, '日')]",False,False,2
207.324,207.658,-1,また明日,"[(4, 'また明'), (2, '日')]",False,False,2
206.99,207.324,-1,また明日,"[(4, 'また'), (2, '明日')]",False,False,2
206.623,206.99,-1,また明日,"[(4, 'ま'), (2, 'た明日')]",False,False,2
202.653,205.322,-1,また明日,"[(4, 'また明日')]",False,False,2
202.319,202.653,-1,また明日,"[(4, 'また明'), (2, '日')]",False,False,2
201.985,202.319,-1,また明日,"[(4, 'また明'), (2, '日')]",False,False,2
201.652,201.985,-1,また明日,"[(4, 'また'), (2, '明日')]",False,False,2
201.285,201.652,-1,また明日,"[(4, 'ま'), (2, 'た明日')]",False,True,2
52.97,54.671,0,まだまだあそびたい,"[(4, 'まだまだあそびたい')]",True,False,2
52.803,52.97,0,まだまだあそびたい,"[(4, 'まだまだあそびた'), (2, 'い')]",False,False,2
52.503,52.803,0,まだまだあそびたい,"[(4, 'まだまだあそび'), (2, 'たい')]",False,False,2
52.336,52.503,0,まだまだあそびたい,"[(4, 'まだまだあそ'), (2, 'びたい')]",False,False,2
51.969,52.336,0,まだまだあそびたい,"[(4, 'まだまだあ'), (2, 'そびたい')]",False,False,2
51.835,51.969,0,まだまだあそびたい,"[(4, 'まだまだ'), (2, 'あそびたい')]",False,False,2
51.668,51.835,0,まだまだあそびたい,"[(4, 'まだま'), (2, 'だあそびたい')]",False,False,2
51.468,51.668,0,まだまだあそびたい,"[(4, 'まだ'), (2, 'まだあそびたい')]",False,False,2
51.301,51.468,0,まだまだあそびたい,"[(4, 'ま'), (2, 'だまだあそびたい')]",False,True,2
52.97,54.671,-1,まだまだ遊びたい,"[(4, 'まだまだ遊びたい')]",True,False,2
52.803,52.97,-1,まだまだ遊びたい,"[(4, 'まだまだ遊びた'), (2, 'い')]",False,False,2
52.503,52.803,-1,まだまだ遊びたい,"[(4, 'まだまだ遊び'), (2, 'たい')]",False,False,2
52.336,52.503,-1,まだまだ遊びたい,"[(4, 'まだまだ遊'), (2, 'びたい')]",False,False,2
51.969,52.336,-1,まだまだ遊びたい,"[(4, 'まだまだ遊'), (2, 'びたい')]",False,False,2
51.835,51.969,-1,まだまだ遊びたい,"[(4, 'まだまだ'), (2, '遊びたい')]",False,False,2
51.668,51.835,-1,まだまだ遊びたい,"[(4, 'まだま'), (2, 'だ遊びたい')]",False,False,2
51.468,51.668,-1,まだまだ遊びたい,"[(4, 'まだ'), (2, 'まだ遊びたい')]",False,False,2
51.301,51.468,-1,まだまだ遊びたい,"[(4, 'ま'), (2, 'だまだ遊びたい')]",False,True,2
175.626,175.993,0,もうすこし…,"[(3, 'もうすこし…')]",True,False,2
175.325,175.626,0,もうすこし…,"[(3, 'もうすこ'), (2, 'し…')]",False,False,2
175.025,175.325,0,もうすこし…,"[(3, 'もうす'), (2, 'こし…')]",False,False,2
174.625,175.025,0,もうすこし…,"[(3, 'もう'), (2, 'すこし…')]",False,True,2
175.626,175.993,-1,もう少し…,"[(3, 'もう少し…')]",True,False,2
175.325,175.626,-1,もう少し…,"[(3, 'もう少'), (2, 'し…')]",False,False,2
175.025,175.325,-1,もう少し…,"[(3, 'もう少'), (2, 'し…')]",False,False,2
174.625,175.025,-1,もう少し…,"[(3, 'もう'), (2, '少し…')]",False,True,2
107.658,108.992,0,もっとだれかとつながるため,"[(4, 'もっとだれかとつながるため')]",True,False,2
107.491,107.658,0,もっとだれかとつながるため,"[(4, 'もっとだれかとつながるた'), (2, 'め')]",False,False,2
107.157,107.491,0,もっとだれかとつながるため,"[(4, 'もっとだれかとつながる'), (2, 'ため')]",False,False,2
106.957,107.157,0,もっとだれかとつながるため,"[(4, 'もっとだれかとつなが'), (2, 'るため')]",False,False,2
106.623,106.957,0,もっとだれかとつながるため,"[(4, 'もっとだれかとつな'), (2, 'がるため')]",False,False,2
106.423,106.623,0,もっとだれかとつながるため,"[(4, 'もっとだれかとつ'), (2, 'ながるため')]",False,False,2
105.823,106.423,0,もっとだれかとつながるため,"[(4, 'もっとだれかと'), (2, 'つながるため')]",False,False,2
105.622,105.823,0,もっとだれかとつながるため,"[(4, 'もっとだれか'), (2, 'とつながるため')]",False,False,2
105.456,105.622,0,もっとだれかとつながるため,"[(4, 'もっとだれ'), (2, 'かとつながるため')]",False,False,2
105.322,105.456,0,もっとだれかとつながるため,"[(4, 'もっとだ'), (2, 'れかとつながるため')]",False,False,2
104.655,105.322,0,もっとだれかとつながるため,"[(4, 'もっと'), (2, 'だれかとつながるため')]",False,False,2
104.288,104.655,0,もっとだれかとつながるため,"[(4, 'もっ'), (2, 'とだれかとつながるため')]",False,True,2
107.658,108.992,-1,もっと誰かとつながるため,"[(4, 'もっと誰かとつながるため')]",True,False,2
107.491,107.658,-1,もっと誰かとつながるため,"[(4, 'もっと誰かとつながるた'), (2, 'め')]",False,False,2
107.157,107.491,-1,もっと誰かとつながるため,"[(4, 'もっと誰かとつながる'), (2, 'ため')]",False,False,2
106.957,107.157,-1,もっと誰かとつながるため,"[(4, 'もっと誰かとつなが'), (2, 'るため')]",False,False,2
106.623,106.957,-1,もっと誰かとつながるため,"[(4, 'もっと誰かとつな'), (2, 'がるため')]",False,False,2
106.423,106.623,-1,もっと誰かとつながるため,"[(4, 'もっと誰かとつ'), (2, 'ながるため')]",False,False,2
105.823,106.423,-1,もっと誰かとつながるため,"[(4, 'もっと誰かと'), (2, 'つながるため')]",False,False,2
105.622,105.823,-1,もっと誰かとつながるため,"[(4, 'もっと誰か'), (2, 'とつながるため')]",False,False,2
105.456,105.622,-1,もっと誰かとつながるため,"[(4, 'もっと誰'), (2, 'かとつながるため')]",False,False,2
105.322,105.456,-1,もっと誰かとつながるため,"[(4, 'もっと誰'), (2, 'かとつながるため')]",False,False,2
104.655,105.322,-1,もっと誰かとつながるため,"[(4, 'もっと'), (2, '誰かとつながるため')]",False,False,2
104.288,104.655,-1,もっと誰かとつながるため,"[(4, 'もっ'), (2, 'と誰かとつながるため')]",False,True,2
31.682,33.617,0,やっとめざめたきみにあいさつ,"[(4, 'やっとめざめたきみにあいさつ')]",True,False,2
31.515,31.682,0,やっとめざめたきみにあいさつ,"[(4, 'やっとめざめたきみにあいさ'), (2, 'つ')]",False,False,2
31.181,31.515,0,やっとめざめたきみにあいさつ,"[(4, 'やっとめざめたきみにあい'), (2, 'さつ')]",False,False,2
30.981,31.181,0,やっとめざめたきみにあいさつ,"[(4, 'やっとめざめたきみに'), (2, 'あいさつ')]",False,False,2
30.681,30.981,0,やっとめざめたきみにあいさつ,"[(4, 'やっとめざめたきみ'), (2, 'にあいさつ')]",False,False,2
30.481,30.681,0,やっとめざめたきみにあいさつ,"[(4, 'やっとめざめたき'), (2, 'みにあいさつ')]",False,False,2
29.847,30.481,0,やっとめざめたきみにあいさつ,"[(4, 'やっとめざめた'), (2, 'きみにあいさつ')]",False,False,2
29.646,29.847,0,やっとめざめたきみにあいさつ,"[(4, 'やっとめざめ'), (2, 'たきみにあいさつ')]",False,False,2
29.513,29.646,0,やっとめざめたきみにあいさつ,"[(4, 'やっとめざ'), (2, 'めたきみにあいさつ')]",False,False,2
29.313,29.513,0,やっとめざめたきみにあいさつ,"[(4, 'やっとめ'), (2, 'ざめたきみにあいさつ')]",False,False,2
28.679,29.313,0,やっとめざめたきみにあいさつ,"[(4, 'やっと'), (2, 'めざめたきみにあいさつ')]",False,False,2
28.345,28.679,0,やっとめざめたきみにあいさつ,"[(4, 'やっ'), (2, 'とめざめたきみにあいさつ')]",False,True,2
31.515,33.617,-1,やっと目覚めたきみに挨拶,"[(4, 'やっと目覚めたきみに挨拶')]",True,False,2
31.181,31.515,-1,やっと目覚めたきみに挨拶,"[(4, 'やっと目覚めたきみに挨'), (2, '拶')]",False,False,2
30.981,31.181,-1,やっと目覚めたきみに挨拶,"[(4, 'やっと目覚めたきみに'), (2, '挨拶')]",False,False,2
30.681,30.981,-1,やっと目覚めたきみに挨拶,"[(4, 'やっと目覚めたきみ'), (2, 'に挨拶')]",False,False,2
30.481,30.681,-1,やっと目覚めたきみに挨拶,"[(4, 'やっと目覚めたき'), (2, 'みに挨拶')]",False,False,2
29.847,30.481,-1,やっと目覚めたきみに挨拶,"[(4, 'やっと目覚めた'), (2, 'きみに挨拶')]",False,False,2
29.646,29.847,-1,やっと目覚めたきみに挨拶,"[(4, 'やっと目覚め'), (2, 'たきみに挨拶')]",False,False,2
29.513,29.646,-1,やっと目覚めたきみに挨拶,"[(4, 'やっと目覚'), (2, 'めたきみに挨拶')]",False,False,2
29.313,29.513,-1,やっと目覚めたきみに挨拶,"[(4, 'やっと目'), (2, '覚めたきみに挨拶')]",False,False,2
28.679,29.313,-1,やっと目覚めたきみに挨拶,"[(4, 'やっと'), (2, '目覚めたきみに挨拶')]",False,False,2
28.345,28.679,-1,やっと目覚めたきみに挨拶,"[(4, 'やっ'), (2, 'と目覚めたきみに挨拶')]",False,True,2
171.655,173.357,0,ゆめのなかじゃものたりないから,"[(4, 'ゆめのなかじゃものたりないから')]",True,False,2
171.522,171.655,0,ゆめのなかじゃものたりないから,"[(4, 'ゆめのなかじゃものたりないか'), (2, 'ら')]",False,False,2
171.355,171.522,0,ゆめのなかじゃものたりないから,"[(4, 'ゆめのなかじゃものたりない'), (2, 'から')]",False,False,2
171.155,171.355,0,ゆめのなかじゃものたりないから,"[(4, 'ゆめのなかじゃものたりな'), (2, 'いから')]",False,False,2
170.988,171.155,0,ゆめのなかじゃものたりないから,"[(4, 'ゆめのなかじゃものたり'), (2, 'ないから')]",False,False,2
170.821,170.988,0,ゆめのなかじゃものたりないから,"[(4, 'ゆめのなかじゃものた'), (2, 'りないから')]",False,False,2
170.654,170.821,0,ゆめのなかじゃものたりないから,"[(4, 'ゆめのなかじゃもの'), (2, 'たりないから')]",False,False,2
170.487,170.654,0,ゆめのなかじゃものたりないから,"[(4, 'ゆめのなかじゃも'), (2, 'のたりないから')]",False,False,2
168.986,170.487,0,ゆめのなかじゃものたりないから,"[(4, 'ゆめのなかじゃ'), (2, 'ものたりないから')]",False,False,2
168.819,168.986,0,ゆめのなかじゃものたりないから,"[(4, 'ゆめのなか'), (2, 'じゃものたりないから')]",False,False,2
168.519,168.819,0,ゆめのなかじゃものたりないから,"[(4, 'ゆめのな'), (2, 'かじゃものたりないから')]",False,False,2
168.352,168.519,0,ゆめのなかじゃものたりないから,"[(4, 'ゆめの'), (2, 'なかじゃものたりないから')]",False,False,2
168.152,168.352,0,ゆめのなかじゃものたりないから,"[(4, 'ゆめ'), (2, 'のなかじゃものたりないから')]",False,False,2
167.985,168.152,0,ゆめのなかじゃものたりないから,"[(4, 'ゆ'), (2, 'めのなかじゃものたりないから')]",False,False,2
63.68,65.349,0,ゆめのなかじゃものたりないから,"[(4, 'ゆめのなかじゃものたりないから')]",False,False,2
63.48,63.68,0,ゆめのなかじゃものたりないから,"[(4, 'ゆめのなかじゃものたりないか'), (2, 'ら')]",False,False,2
63.313,63.48,0,ゆめのなかじゃものたりないから,"[(4, 'ゆめのなかじゃものたりない'), (2, 'から')]",False,False,2
63.147,63.313,0,ゆめのなかじゃものたりないから,"[(4, 'ゆめのなかじゃものたりな'), (2, 'いから')]",False,False,2
62.946,63.147,0,ゆめのなかじゃものたりないから,"[(4, 'ゆめのなかじゃものたり'), (2, 'ないから')]",False,False,2
62.78,62.946,0,ゆめのなかじゃものたりないから,"[(4, 'ゆめのなかじゃものた'), (2, 'りないから')]",False,False,2
62.613,62.78,0,ゆめのなかじゃものたりないから,"[(4, 'ゆめのなかじゃもの'), (2, 'たりないから')]",False,False,2
62.413,62.613,0,ゆめのなかじゃものたりないから,"[(4, 'ゆめのなかじゃも'), (2, 'のたりないから')]",False,False,2
60.978,62.413,0,ゆめのなかじゃものたりないから,"[(4, 'ゆめのなかじゃ'), (2, 'ものたりないから')]",False,False,2
60.811,60.978,0,ゆめのなかじゃものたりないから,"[(4, 'ゆめのなか'), (2, 'じゃものたりないから')]",False,False,2
60.477,60.811,0,ゆめのなかじゃものたりないから,"[(4, 'ゆめのな'), (2, 'かじゃものたりないから')]",False,False,2
60.277,60.477,0,ゆめのなかじゃものたりないから,"[(4, 'ゆめの'), (2, 'なかじゃものたりないから')]",False,False,2
60.11,60.277,0,ゆめのなかじゃものたりないから,"[(4, 'ゆめ'), (2, 'のなかじゃものたりないから')]",False,False,2
59.977,60.11,0,ゆめのなかじゃものたりないから,"[(4, 'ゆ'), (2, 'めのなかじゃものたりないから')]",False,True,2
86.303,86.67,0,よるがどうかあけないように,"[(4, 'よるがどうかあけないように')]",True,False,2
86.136,86.303,0,よるがどうかあけないように,"[(4, 'よるがどうかあけないよう'), (2, 'に')]",False,False,2
85.969,86.136,0,よるがどうかあけないように,"[(4, 'よるがどうかあけないよ'), (2, 'うに')]",False,False,2
85.669,85.969,0,よるがどうかあけないように,"[(4, 'よるがどうかあけない'), (2, 'ように')]",False,False,2
85.169,85.669,0,よるがどうかあけないように,"[(4, 'よるがどうかあけな'), (2, 'いように')]",False,False,2
85.002,85.169,0,よるがどうかあけないように,"[(4, 'よるがどうかあけ'), (2, 'ないように')]",False,False,2
84.835,85.002,0,よるがどうかあけないように,"[(4, 'よるがどうかあ'), (2, 'けないように')]",False,False,2
83.867,84.835,0,よるがどうかあけないように,"[(4, 'よるがどうか'), (2, 'あけないように')]",False,False,2
83.667,83.867,0,よるがどうかあけないように,"[(4, 'よるがどう'), (2, 'かあけないように')]",False,False,2
83.534,83.667,0,よるがどうかあけないように,"[(4, 'よるがど'), (2, 'うかあけないように')]",False,False,2
82.533,83.534,0,よるがどうかあけないように,"[(4, 'よるが'), (2, 'どうかあけないように')]",False,False,2
82.332,82.533,0,よるがどうかあけないように,"[(4, 'よる'), (2, 'がどうかあけないように')]",False,False,2
82.166,82.332,0,よるがどうかあけないように,"[(4, 'よ'), (2, 'るがどうかあけないように')]",False,True,2
129.046,130.647,0,よるごとあそびたい,"[(4, 'よるごとあそびたい')]",True,False,2
128.846,129.046,0,よるごとあそびたい,"[(4, 'よるごとあそびた'), (2, 'い')]",False,False,2
128.545,128.846,0,よるごとあそびたい,"[(4, 'よるごとあそび'), (2, 'たい')]",False,False,2
128.345,128.545,0,よるごとあそびたい,"[(4, 'よるごとあそ'), (2, 'びたい')]",False,False,2
127.978,128.345,0,よるごとあそびたい,"[(4, 'よるごとあ'), (2, 'そびたい')]",False,False,2
127.811,127.978,0,よるごとあそびたい,"[(4, 'よるごと'), (2, 'あそびたい')]",False,False,2
127.678,127.811,0,よるごとあそびたい,"[(4, 'よるご'), (2, 'とあそびたい')]",False,False,2
127.478,127.678,0,よるごとあそびたい,"[(4, 'よる'), (2, 'ごとあそびたい')]",False,False,2
127.311,127.478,0,よるごとあそびたい,"[(4, 'よ'), (2, 'るごとあそびたい')]",False,True,2
195.646,195.979,0,よるをこえようまたあしたも,"[(4, 'よるをこえようまたあしたも')]",True,False,2
195.312,195.646,0,よるをこえようまたあしたも,"[(4, 'よるをこえようまたあした'), (2, 'も')]",False,False,2
194.978,195.312,0,よるをこえようまたあしたも,"[(4, 'よるをこえようまたあし'), (2, 'たも')]",False,False,2
194.511,194.978,0,よるをこえようまたあしたも,"[(4, 'よるをこえようまたあ'), (2, 'したも')]",False,False,2
194.344,194.511,0,よるをこえようまたあしたも,"[(4, 'よるをこえようまた'), (2, 'あしたも')]",False,False,2
194.211,194.344,0,よるをこえようまたあしたも,"[(4, 'よるをこえようま'), (2, 'たあしたも')]",False,False,2
193.177,194.211,0,よるをこえようまたあしたも,"[(4, 'よるをこえよう'), (2, 'またあしたも')]",False,False,2
192.976,193.177,0,よるをこえようまたあしたも,"[(4, 'よるをこえ'), (2, 'ようまたあしたも')]",False,False,2
192.809,192.976,0,よるをこえようまたあしたも,"[(4, 'よるをこ'), (2, 'えようまたあしたも')]",False,False,2
191.808,192.809,0,よるをこえようまたあしたも,"[(4, 'よるを'), (2, 'こえようまたあしたも')]",False,False,2
191.642,191.808,0,よるをこえようまたあしたも,"[(4, 'よる'), (2, 'をこえようまたあしたも')]",False,False,2
191.475,191.642,0,よるをこえようまたあしたも,"[(4, 'よ'), (2, 'るをこえようまたあしたも')]",False,True,2
146.663,149.333,0,イラスト:上倉エク,"[(4, 'イラスト:上倉エク')]",True,True,0
167.818,167.985,-1,パジャマのままでお願い,"[(4, 'パジャマのままでお願い')]",True,False,2
167.651,167.818,-1,パジャマのままでお願い,"[(4, 'パジャマのままでお願'), (2, 'い')]",False,False,2
167.317,167.651,-1,パジャマのままでお願い,"[(4, 'パジャマのままでお願'), (2, 'い')]",False,False,2
166.984,167.317,-1,パジャマのままでお願い,"[(4, 'パジャマのままでお'), (2, '願い')]",False,False,2
164.515,166.984,-1,パジャマのままでお願い,"[(4, 'パジャマのままで'), (2, 'お願い')]",False,False,2
164.314,164.515,-1,パジャマのままでお願い,"[(4, 'パジャマのまま'), (2, 'でお願い')]",False,False,2
164.148,164.314,-1,パジャマのままでお願い,"[(4, 'パジャマのま'), (2, 'までお願い')]",False,False,2
163.981,164.148,-1,パジャマのままでお願い,"[(4, 'パジャマの'), (2, 'ままでお願い')]",False,False,2
163.814,163.981,-1,パジャマのままでお願い,"[(4, 'パジャマ'), (2, 'のままでお願い')]",False,False,2
163.28,163.814,-1,パジャマのままでお願い,"[(4, 'パジャ'), (2, 'マのままでお願い')]",False,False,2
162.98,163.28,-1,パジャマのままでお願い,"[(4, 'パ'), (2, 'ジャマのままでお願い')]",False,True,2
42.326,43.327,-1,一晩中きみといっしょに,"[(4, '一晩中きみといっしょに')]",True,False,2
42.159,42.326,-1,一晩中きみといっしょに,"[(4, '一晩中きみといっしょ'), (2, 'に')]",False,False,2
41.825,42.159,-1,一晩中きみといっしょに,"[(4, '一晩中きみといっ'), (2, 'しょに')]",False,False,2
41.658,41.825,-1,一晩中きみといっしょに,"[(4, '一晩中きみと'), (2, 'いっしょに')]",False,False,2
41.325,41.658,-1,一晩中きみといっしょに,"[(4, '一晩中きみ'), (2, 'といっしょに')]",False,False,2
41.158,41.325,-1,一晩中きみといっしょに,"[(4, '一晩中き'), (2, 'みといっしょに')]",False,False,2
40.357,41.158,-1,一晩中きみといっしょに,"[(4, '一晩中'), (2, 'きみといっしょに')]",False,False,2
40.157,40.357,-1,一晩中きみといっしょに,"[(4, '一晩中'), (2, 'きみといっしょに')]",False,False,2
39.857,40.157,-1,一晩中きみといっしょに,"[(4, '一晩'), (2, '中きみといっしょに')]",False,False,2
39.323,39.857,-1,一晩中きみといっしょに,"[(4, '一晩'), (2, '中きみといっしょに')]",False,False,2
38.655,39.323,-1,一晩中きみといっしょに,"[(4, '一'), (2, '晩中きみといっしょに')]",False,False,2
38.322,38.655,-1,一晩中きみといっしょに,"[(4, '一'), (2, '晩中きみといっしょに')]",False,True,2
118.335,119.336,-1,一晩中歌ってもいい,"[(4, '一晩中歌ってもいい')]",True,False,2
118.168,118.335,-1,一晩中歌ってもいい,"[(4, '一晩中歌ってもい'), (2, 'い')]",False,False,2
117.835,118.168,-1,一晩中歌ってもいい,"[(4, '一晩中歌っても'), (2, 'いい')]",False,False,2
117.668,117.835,-1,一晩中歌ってもいい,"[(4, '一晩中歌って'), (2, 'もいい')]",False,False,2
117.334,117.668,-1,一晩中歌ってもいい,"[(4, '一晩中歌っ'), (2, 'てもいい')]",False,False,2
117.167,117.334,-1,一晩中歌ってもいい,"[(4, '一晩中歌っ'), (2, 'てもいい')]",False,False,2
116.333,117.167,-1,一晩中歌ってもいい,"[(4, '一晩中'), (2, '歌ってもいい')]",False,False,2
116.166,116.333,-1,一晩中歌ってもいい,"[(4, '一晩中'), (2, '歌ってもいい')]",False,False,2
115.833,116.166,-1,一晩中歌ってもいい,"[(4, '一晩'), (2, '中歌ってもいい')]",False,False,2
115.332,115.833,-1,一晩中歌ってもいい,"[(4, '一晩'), (2, '中歌ってもいい')]",False,False,2
114.665,115.332,-1,一晩中歌ってもいい,"[(4, '一'), (2, '晩中歌ってもいい')]",False,False,2
114.331,114.665,-1,一晩中歌ってもいい,"[(4, '一'), (2, '晩中歌ってもいい')]",False,True,2
186.503,187.004,-1,今だけ…,"[(4, '今だけ…')]",True,False,2
186.336,186.503,-1,今だけ…,"[(4, '今だ'), (2, 'け…')]",False,False,2
186.17,186.336,-1,今だけ…,"[(4, '今'), (2, 'だけ…')]",False,False,2
186.003,186.17,-1,今だけ…,"[(4, '今'), (2, 'だけ…')]",False,False,2
77.161,77.661,-1,今だけ…,"[(4, '今だけ…')]",False,False,2
76.994,77.161,-1,今だけ…,"[(4, '今だ'), (2, 'け…')]",False,False,2
76.827,76.994,-1,今だけ…,"[(4, '今'), (2, 'だけ…')]",False,False,2
76.66,76.827,-1,今だけ…,"[(4, '今'), (2, 'だけ…')]",False,True,2
66.483,66.65,-1,今夜は…,"[(3, '今夜は…')]",True,False,2
66.35,66.483,-1,今夜は…,"[(3, '今夜'), (2, 'は…')]",False,False,2
66.183,66.35,-1,今夜は…,"[(3, '今'), (2, '夜は…')]",False,False,2
66.016,66.183,-1,今夜は…,"[(3, '今'), (2, '夜は…')]",False,True,2
135.152,135.986,-1,喋りたいよ喋り足んないの,"[(4, '喋りたいよ喋り足んないの')]",True,False,2
134.985,135.152,-1,喋りたいよ喋り足んないの,"[(4, '喋りたいよ喋り足んない'), (2, 'の')]",False,False,2
134.818,134.985,-1,喋りたいよ喋り足んないの,"[(4, '喋りたいよ喋り足んな'), (2, 'いの')]",False,False,2
134.651,134.818,-1,喋りたいよ喋り足んないの,"[(4, '喋りたいよ喋り足ん'), (2, 'ないの')]",False,False,2
134.485,134.651,-1,喋りたいよ喋り足んないの,"[(4, '喋りたいよ喋り足'), (2, 'んないの')]",False,False,2
134.318,134.485,-1,喋りたいよ喋り足んないの,"[(4, '喋りたいよ喋り'), (2, '足んないの')]",False,False,2
134.151,134.318,-1,喋りたいよ喋り足んないの,"[(4, '喋りたいよ喋'), (2, 'り足んないの')]",False,False,2
133.951,134.151,-1,喋りたいよ喋り足んないの,"[(4, '喋りたいよ喋'), (2, 'り足んないの')]",False,False,2
133.484,133.951,-1,喋りたいよ喋り足んないの,"[(4, '喋りたいよ'), (2, '喋り足んないの')]",False,False,2
133.317,133.484,-1,喋りたいよ喋り足んないの,"[(4, '喋りたい'), (2, 'よ喋り足んないの')]",False,False,2
133.15,133.317,-1,喋りたいよ喋り足んないの,"[(4, '喋りた'), (2, 'いよ喋り足んないの')]",False,False,2
132.983,133.15,-1,喋りたいよ喋り足んないの,"[(4, '喋り'), (2, 'たいよ喋り足んないの')]",False,False,2
132.816,132.983,-1,喋りたいよ喋り足んないの,"[(4, '喋'), (2, 'りたいよ喋り足んないの')]",False,False,2
132.616,132.816,-1,喋りたいよ喋り足んないの,"[(4, '喋'), (2, 'りたいよ喋り足んないの')]",False,True,2
86.303,86.67,-1,夜がどうか明けないように,"[(4, '夜がどうか明けないように')]",True,False,2
86.136,86.303,-1,夜がどうか明けないように,"[(4, '夜がどうか明けないよう'), (2, 'に')]",False,False,2
85.969,86.136,-1,夜がどうか明けないように,"[(4, '夜がどうか明けないよ'), (2, 'うに')]",False,False,2
85.669,85.969,-1,夜がどうか明けないように,"[(4, '夜がどうか明けない'), (2, 'ように')]",False,False,2
85.169,85.669,-1,夜がどうか明けないように,"[(4, '夜がどうか明けな'), (2, 'いように')]",False,False,2
85.002,85.169,-1,夜がどうか明けないように,"[(4, '夜がどうか明け'), (2, 'ないように')]",False,False,2
84.835,85.002,-1,夜がどうか明けないように,"[(4, '夜がどうか明'), (2, 'けないように')]",False,False,2
83.867,84.835,-1,夜がどうか明けないように,"[(4, '夜がどうか'), (2, '明けないように')]",False,False,2
83.667,83.867,-1,夜がどうか明けないように,"[(4, '夜がどう'), (2, 'か明けないように')]",False,False,2
83.534,83.667,-1,夜がどうか明けないように,"[(4, '夜がど'), (2, 'うか明けないように')]",False,False,2
82.533,83.534,-1,夜がどうか明けないように,"[(4, '夜が'), (2, 'どうか明けないように')]",False,False,2
82.332,82.533,-1,夜がどうか明けないように,"[(4, '夜'), (2, 'がどうか明けないように')]",False,False,2
82.166,82.332,-1,夜がどうか明けないように,"[(4, '夜'), (2, 'がどうか明けないように')]",False,True,2
129.046,130.647,-1,夜ごと遊びたい,"[(4, '夜ごと遊びたい')]",True,False,2
128.846,129.046,-1,夜ごと遊びたい,"[(4, '夜ごと遊びた'), (2, 'い')]",False,False,2
128.545,128.846,-1,夜ごと遊びたい,"[(4, '夜ごと遊び'), (2, 'たい')]",False,False,2
128.345,128.545,-1,夜ごと遊びたい,"[(4, '夜ごと遊'), (2, 'びたい')]",False,False,2
127.978,128.345,-1,夜ごと遊びたい,"[(4, '夜ごと遊'), (2, 'びたい')]",False,False,2
127.811,127.978,-1,夜ごと遊びたい,"[(4, '夜ごと'), (2, '遊びたい')]",False,False,2
127.678,127.811,-1,夜ごと遊びたい,"[(4, '夜ご'), (2, 'と遊びたい')]",False,False,2
127.478,127.678,-1,夜ごと遊びたい,"[(4, '夜'), (2, 'ごと遊びたい')]",False,False,2
127.311,127.478,-1,夜ごと遊びたい,"[(4, '夜'), (2, 'ごと遊びたい')]",False,True,2
195.646,195.979,-1,夜を超えようまた明日も,"[(4, '夜を超えようまた明日も')]",True,False,2
195.312,195.646,-1,夜を超えようまた明日も,"[(4, '夜を超えようまた明日'), (2, 'も')]",False,False,2
194.978,195.312,-1,夜を超えようまた明日も,"[(4, '夜を超えようまた明'), (2, '日も')]",False,False,2
194.511,194.978,-1,夜を超えようまた明日も,"[(4, '夜を超えようまた明'), (2, '日も')]",False,False,2
194.344,194.511,-1,夜を超えようまた明日も,"[(4, '夜を超えようまた'), (2, '明日も')]",False,False,2
194.211,194.344,-1,夜を超えようまた明日も,"[(4, '夜を超えようま'), (2, 'た明日も')]",False,False,2
193.177,194.211,-1,夜を超えようまた明日も,"[(4, '夜を超えよう'), (2, 'また明日も')]",False,False,2
192.976,193.177,-1,夜を超えようまた明日も,"[(4, '夜を超え'), (2, 'ようまた明日も')]",False,False,2
192.809,192.976,-1,夜を超えようまた明日も,"[(4, '夜を超'), (2, 'えようまた明日も')]",False,False,2
191.808,192.809,-1,夜を超えようまた明日も,"[(4, '夜を'), (2, '超えようまた明日も')]",False,False,2
191.642,191.808,-1,夜を超えようまた明日も,"[(4, '夜'), (2, 'を超えようまた明日も')]",False,False,2
191.475,191.642,-1,夜を超えようまた明日も,"[(4, '夜'), (2, 'を超えようまた明日も')]",False,True,2
171.655,173.357,-1,夢の中じゃ物足りないから,"[(4, '夢の中じゃ物足りないから')]",True,False,2
171.522,171.655,-1,夢の中じゃ物足りないから,"[(4, '夢の中じゃ物足りないか'), (2, 'ら')]",False,False,2
171.355,171.522,-1,夢の中じゃ物足りないから,"[(4, '夢の中じゃ物足りない'), (2, 'から')]",False,False,2
171.155,171.355,-1,夢の中じゃ物足りないから,"[(4, '夢の中じゃ物足りな'), (2, 'いから')]",False,False,2
170.988,171.155,-1,夢の中じゃ物足りないから,"[(4, '夢の中じゃ物足り'), (2, 'ないから')]",False,False,2
170.821,170.988,-1,夢の中じゃ物足りないから,"[(4, '夢の中じゃ物足'), (2, 'りないから')]",False,False,2
170.654,170.821,-1,夢の中じゃ物足りないから,"[(4, '夢の中じゃ物'), (2, '足りないから')]",False,False,2
170.487,170.654,-1,夢の中じゃ物足りないから,"[(4, '夢の中じゃ物'), (2, '足りないから')]",False,False,2
168.986,170.487,-1,夢の中じゃ物足りないから,"[(4, '夢の中じゃ'), (2, '物足りないから')]",False,False,2
168.819,168.986,-1,夢の中じゃ物足りないから,"[(4, '夢の中'), (2, 'じゃ物足りないから')]",False,False,2
168.519,168.819,-1,夢の中じゃ物足りないから,"[(4, '夢の中'), (2, 'じゃ物足りないから')]",False,False,2
168.352,168.519,-1,夢の中じゃ物足りないから,"[(4, '夢の'), (2, '中じゃ物足りないから')]",False,False,2
168.152,168.352,-1,夢の中じゃ物足りないから,"[(4, '夢'), (2, 'の中じゃ物足りないから')]",False,False,2
167.985,168.152,-1,夢の中じゃ物足りないから,"[(4, '夢'), (2, 'の中じゃ物足りないから')]",False,False,2
63.68,65.349,-1,夢の中じゃ物足りないから,"[(4, '夢の中じゃ物足りないから')]",False,False,2
63.48,63.68,-1,夢の中じゃ物足りないから,"[(4, '夢の中じゃ物足りないか'), (2, 'ら')]",False,False,2
63.313,63.48,-1,夢の中じゃ物足りないから,"[(4, '夢の中じゃ物足りない'), (2, 'から')]",False,False,2
63.147,63.313,-1,夢の中じゃ物足りないから,"[(4, '夢の中じゃ物足りな'), (2, 'いから')]",False,False,2
62.946,63.147,-1,夢の中じゃ物足りないから,"[(4, '夢の中じゃ物足り'), (2, 'ないから')]",False,False,2
62.78,62.946,-1,夢の中じゃ物足りないから,"[(4, '夢の中じゃ物足'), (2, 'りないから')]",False,False,2
62.613,62.78,-1,夢の中じゃ物足りないから,"[(4, '夢の中じゃ物'), (2, '足りないから')]",False,False,2
62.413,62.613,-1,夢の中じゃ物足りないから,"[(4, '夢の中じゃ物'), (2, '足りないから')]",False,False,2
60.978,62.413,-1,夢の中じゃ物足りないから,"[(4, '夢の中じゃ'), (2, '物足りないから')]",False,False,2
60.811,60.978,-1,夢の中じゃ物足りないから,"[(4, '夢の中'), (2, 'じゃ物足りないから')]",False,False,2
60.477,60.811,-1,夢の中じゃ物足りないから,"[(4, '夢の中'), (2, 'じゃ物足りないから')]",False,False,2
60.277,60.477,-1,夢の中じゃ物足りないから,"[(4, '夢の'), (2, '中じゃ物足りないから')]",False,False,2
60.11,60.277,-1,夢の中じゃ物足りないから,"[(4, '夢'), (2, 'の中じゃ物足りないから')]",False,False,2
59.977,60.11,-1,夢の中じゃ物足りないから,"[(4, '夢'), (2, 'の中じゃ物足りないから')]",False,True,2
188.639,189.106,-1,寝なーい眠らない,"[(4, '寝なーい眠らない')]",True,False,2
188.305,188.639,-1,寝なーい眠らない,"[(4, '寝なーい眠ら'), (2, 'ない')]",False,False,2
188.172,188.305,-1,寝なーい眠らない,"[(4, '寝なーい眠'), (2, 'らない')]",False,False,2
187.838,188.172,-1,寝なーい眠らない,"[(4, '寝なーい眠'), (2, 'らない')]",False,False,2
187.671,187.838,-1,寝なーい眠らない,"[(4, '寝なーい'), (2, '眠らない')]",False,False,2
187.337,187.671,-1,寝なーい眠らない,"[(4, '寝なー'), (2, 'い眠らない')]",False,False,2
187.004,187.337,-1,寝なーい眠らない,"[(4, '寝'), (2, 'なーい眠らない')]",False,False,2
177.961,178.462,-1,寝なーい眠らない,"[(4, '寝なーい眠らない')]",False,False,2
177.661,177.961,-1,寝なーい眠らない,"[(4, '寝なーい眠ら'), (2, 'ない')]",False,False,2
177.494,177.661,-1,寝なーい眠らない,"[(4, '寝なーい眠'), (2, 'らない')]",False,False,2
177.161,177.494,-1,寝なーい眠らない,"[(4, '寝なーい眠'), (2, 'らない')]",False,False,2
177.027,177.161,-1,寝なーい眠らない,"[(4, '寝なーい'), (2, '眠らない')]",False,False,2
176.66,177.027,-1,寝なーい眠らない,"[(4, '寝なー'), (2, 'い眠らない')]",False,False,2
176.326,176.66,-1,寝なーい眠らない,"[(4, '寝'), (2, 'なーい眠らない')]",False,False,2
79.329,79.863,-1,寝なーい眠らない,"[(4, '寝なーい眠らない')]",False,False,2
78.962,79.329,-1,寝なーい眠らない,"[(4, '寝なーい眠ら'), (2, 'ない')]",False,False,2
78.829,78.962,-1,寝なーい眠らない,"[(4, '寝なーい眠'), (2, 'らない')]",False,False,2
78.495,78.829,-1,寝なーい眠らない,"[(4, '寝なーい眠'), (2, 'らない')]",False,False,2
78.328,78.495,-1,寝なーい眠らない,"[(4, '寝なーい'), (2, '眠らない')]",False,False,2
77.961,78.328,-1,寝なーい眠らない,"[(4, '寝なー'), (2, 'い眠らない')]",False,False,2
77.661,77.961,-1,寝なーい眠らない,"[(4, '寝'), (2, 'なーい眠らない')]",False,False,2
68.652,69.186,-1,寝なーい眠らない,"[(4, '寝なーい眠らない')]",False,False,2
68.318,68.652,-1,寝なーい眠らない,"[(4, '寝なーい眠ら'), (2, 'ない')]",False,False,2
68.152,68.318,-1,寝なーい眠らない,"[(4, '寝なーい眠'), (2, 'らない')]",False,False,2
67.851,68.152,-1,寝なーい眠らない,"[(4, '寝なーい眠'), (2, 'らない')]",False,False,2
67.718,67.851,-1,寝なーい眠らない,"[(4, '寝なーい'), (2, '眠らない')]",False,False,2
67.317,67.718,-1,寝なーい眠らない,"[(4, '寝なー'), (2, 'い眠らない')]",False,False,2
66.95,67.317,-1,寝なーい眠らない,"[(4, '寝'), (2, 'なーい眠らない')]",False,True,2
81.498,82.166,-1,星のなか散歩して,"[(4, '星のなか散歩して')]",True,False,2
81.165,81.498,-1,星のなか散歩して,"[(4, '星のなか散歩し'), (2, 'て')]",False,False,2
80.964,81.165,-1,星のなか散歩して,"[(4, '星のなか散歩'), (2, 'して')]",False,False,2
80.831,80.964,-1,星のなか散歩して,"[(4, '星のなか散'), (2, '歩して')]",False,False,2
80.664,80.831,-1,星のなか散歩して,"[(4, '星のなか散'), (2, '歩して')]",False,False,2
80.497,80.664,-1,星のなか散歩して,"[(4, '星のなか'), (2, '散歩して')]",False,False,2
80.33,80.497,-1,星のなか散歩して,"[(4, '星のな'), (2, 'か散歩して')]",False,False,2
80.197,80.33,-1,星のなか散歩して,"[(4, '星の'), (2, 'なか散歩して')]",False,False,2
80.03,80.197,-1,星のなか散歩して,"[(4, '星'), (2, 'のなか散歩して')]",False,False,2
79.863,80.03,-1,星のなか散歩して,"[(4, '星'), (2, 'のなか散歩して')]",False,True,2
184.968,186.003,-1,昼夜逆転を楽しむの,"[(4, '昼夜逆転を楽しむの')]",True,False,2
184.801,184.968,-1,昼夜逆転を楽しむの,"[(4, '昼夜逆転を楽しむ'), (2, 'の')]",False,False,2
184.468,184.801,-1,昼夜逆転を楽しむの,"[(4, '昼夜逆転を楽し'), (2, 'むの')]",False,False,2
184.301,184.468,-1,昼夜逆転を楽しむの,"[(4, '昼夜逆転を楽'), (2, 'しむの')]",False,False,2
183.967,184.301,-1,昼夜逆転を楽しむの,"[(4, '昼夜逆転を楽'), (2, 'しむの')]",False,False,2
183.3,183.967,-1,昼夜逆転を楽しむの,"[(4, '昼夜逆転を'), (2, '楽しむの')]",False,False,2
183.2,183.3,-1,昼夜逆転を楽しむの,"[(4, '昼夜逆転'), (2, 'を楽しむの')]",False,False,2
182.966,183.2,-1,昼夜逆転を楽しむの,"[(4, '昼夜逆転'), (2, 'を楽しむの')]",False,False,2
182.799,182.966,-1,昼夜逆転を楽しむの,"[(4, '昼夜逆'), (2, '転を楽しむの')]",False,False,2
182.466,182.799,-1,昼夜逆転を楽しむの,"[(4, '昼夜逆'), (2, '転を楽しむの')]",False,False,2
181.965,182.466,-1,昼夜逆転を楽しむの,"[(4, '昼夜'), (2, '逆転を楽しむの')]",False,False,2
181.598,181.965,-1,昼夜逆転を楽しむの,"[(4, '昼'), (2, '夜逆転を楽しむの')]",False,False,2
75.659,76.66,-1,昼夜逆転を楽しむの,"[(4, '昼夜逆転を楽しむの')]",False,False,2
75.492,75.659,-1,昼夜逆転を楽しむの,"[(4, '昼夜逆転を楽しむ'), (2, 'の')]",False,False,2
75.159,75.492,-1,昼夜逆転を楽しむの,"[(4, '昼夜逆転を楽し'), (2, 'むの')]",False,False,2
74.992,75.159,-1,昼夜逆転を楽しむの,"[(4, '昼夜逆転を楽'), (2, 'しむの')]",False,False,2
74.658,74.992,-1,昼夜逆転を楽しむの,"[(4, '昼夜逆転を楽'), (2, 'しむの')]",False,False,2
73.991,74.658,-1,昼夜逆転を楽しむの,"[(4, '昼夜逆転を'), (2, '楽しむの')]",False,False,2
73.891,73.991,-1,昼夜逆転を楽しむの,"[(4, '昼夜逆転'), (2, 'を楽しむの')]",False,False,2
73.624,73.891,-1,昼夜逆転を楽しむの,"[(4, '昼夜逆転'), (2, 'を楽しむの')]",False,False,2
73.49,73.624,-1,昼夜逆転を楽しむの,"[(4, '昼夜逆'), (2, '転を楽しむの')]",False,False,2
73.157,73.49,-1,昼夜逆転を楽しむの,"[(4, '昼夜逆'), (2, '転を楽しむの')]",False,False,2
72.656,73.157,-1,昼夜逆転を楽しむの,"[(4, '昼夜'), (2, '逆転を楽しむの')]",False,False,2
72.289,72.656,-1,昼夜逆転を楽しむの,"[(4, '昼'), (2, '夜逆転を楽しむの')]",False,True,2
159.143,159.676,-1,月も知らないナイショ話を,"[(4, '月も知らないナイショ話を')]",True,False,2
158.976,159.143,-1,月も知らないナイショ話を,"[(4, '月も知らないナイショ話'), (2, 'を')]",False,False,2
158.809,158.976,-1,月も知らないナイショ話を,"[(4, '月も知らないナイショ話'), (2, 'を')]",False,False,2
158.642,158.809,-1,月も知らないナイショ話を,"[(4, '月も知らないナイショ話'), (2, 'を')]",False,False,2
158.475,158.642,-1,月も知らないナイショ話を,"[(4, '月も知らないナイショ'), (2, '話を')]",False,False,2
157.975,158.475,-1,月も知らないナイショ話を,"[(4, '月も知らないナイ'), (2, 'ショ話を')]",False,False,2
157.641,157.975,-1,月も知らないナイショ話を,"[(4, '月も知らないナ'), (2, 'イショ話を')]",False,False,2
153.804,157.641,-1,月も知らないナイショ話を,"[(4, '月も知らない'), (2, 'ナイショ話を')]",False,False,2
153.637,153.804,-1,月も知らないナイショ話を,"[(4, '月も知らな'), (2, 'いナイショ話を')]",False,False,2
153.504,153.637,-1,月も知らないナイショ話を,"[(4, '月も知ら'), (2, 'ないナイショ話を')]",False,False,2
153.303,153.504,-1,月も知らないナイショ話を,"[(4, '月も知'), (2, 'らないナイショ話を')]",False,False,2
153.137,153.303,-1,月も知らないナイショ話を,"[(4, '月も'), (2, '知らないナイショ話を')]",False,False,2
152.636,153.137,-1,月も知らないナイショ話を,"[(4, '月'), (2, 'も知らないナイショ話を')]",False,False,2
152.269,152.636,-1,月も知らないナイショ話を,"[(4, '月'), (2, 'も知らないナイショ話を')]",False,True,2
190.807,191.475,-1,白む空見送って,"[(4, '白む空見送って')]",True,False,2
190.474,190.807,-1,白む空見送って,"[(4, '白む空見送っ'), (2, 'て')]",False,False,2
190.274,190.474,-1,白む空見送って,"[(4, '白む空見送っ'), (2, 'て')]",False,False,2
189.973,190.274,-1,白む空見送って,"[(4, '白む空見'), (2, '送って')]",False,False,2
189.806,189.973,-1,白む空見送って,"[(4, '白む空'), (2, '見送って')]",False,False,2
189.673,189.806,-1,白む空見送って,"[(4, '白む空'), (2, '見送って')]",False,False,2
189.506,189.673,-1,白む空見送って,"[(4, '白む'), (2, '空見送って')]",False,False,2
189.306,189.506,-1,白む空見送って,"[(4, '白'), (2, 'む空見送って')]",False,False,2
189.106,189.306,-1,白む空見送って,"[(4, '白'), (2, 'む空見送って')]",False,True,2
48.198,49.333,-1,眠くないよ眠くないの,"[(4, '眠くないよ眠くないの')]",True,False,2
48.032,48.198,-1,眠くないよ眠くないの,"[(4, '眠くないよ眠くない'), (2, 'の')]",False,False,2
47.865,48.032,-1,眠くないよ眠くないの,"[(4, '眠くないよ眠くな'), (2, 'いの')]",False,False,2
47.698,47.865,-1,眠くないよ眠くないの,"[(4, '眠くないよ眠く'), (2, 'ないの')]",False,False,2
47.531,47.698,-1,眠くないよ眠くないの,"[(4, '眠くないよ眠'), (2, 'くないの')]",False,False,2
47.331,47.531,-1,眠くないよ眠くないの,"[(4, '眠くないよ眠'), (2, 'くないの')]",False,False,2
46.897,47.331,-1,眠くないよ眠くないの,"[(4, '眠くないよ'), (2, '眠くないの')]",False,False,2
46.697,46.897,-1,眠くないよ眠くないの,"[(4, '眠くない'), (2, 'よ眠くないの')]",False,False,2
46.53,46.697,-1,眠くないよ眠くないの,"[(4, '眠くな'), (2, 'いよ眠くないの')]",False,False,2
46.33,46.53,-1,眠くないよ眠くないの,"[(4, '眠く'), (2, 'ないよ眠くないの')]",False,False,2
46.163,46.33,-1,眠くないよ眠くないの,"[(4, '眠'), (2, 'くないよ眠くないの')]",False,False,2
45.963,46.163,-1,眠くないよ眠くないの,"[(4, '眠'), (2, 'くないよ眠くないの')]",False,True,2
124.174,125.342,-1,眠らないよ眠らないの,"[(4, '眠らないよ眠らないの')]",True,False,2
124.007,124.174,-1,眠らないよ眠らないの,"[(4, '眠らないよ眠らない'), (2, 'の')]",False,False,2
123.841,124.007,-1,眠らないよ眠らないの,"[(4, '眠らないよ眠らな'), (2, 'いの')]",False,False,2
123.674,123.841,-1,眠らないよ眠らないの,"[(4, '眠らないよ眠ら'), (2, 'ないの')]",False,False,2
123.507,123.674,-1,眠らないよ眠らないの,"[(4, '眠らないよ眠'), (2, 'らないの')]",False,False,2
123.307,123.507,-1,眠らないよ眠らないの,"[(4, '眠らないよ眠'), (2, 'らないの')]",False,False,2
122.84,123.307,-1,眠らないよ眠らないの,"[(4, '眠らないよ'), (2, '眠らないの')]",False,False,2
122.673,122.84,-1,眠らないよ眠らないの,"[(4, '眠らない'), (2, 'よ眠らないの')]",False,False,2
122.506,122.673,-1,眠らないよ眠らないの,"[(4, '眠らな'), (2, 'いよ眠らないの')]",False,False,2
122.339,122.506,-1,眠らないよ眠らないの,"[(4, '眠ら'), (2, 'ないよ眠らないの')]",False,False,2
122.139,122.339,-1,眠らないよ眠らないの,"[(4, '眠'), (2, 'らないよ眠らないの')]",False,False,2
121.972,122.139,-1,眠らないよ眠らないの,"[(4, '眠'), (2, 'らないよ眠らないの')]",False,True,2
20.004,22.673,0,角巻わため-sweetnightsweettime…,"[(4, '角巻わため-sweetnightsweettime…')]",True,True,0
14.665,17.334,0,角巻わため-sweetnightsweettime…作曲:佐高陵平(hifumiinc.),"[(4, '角巻わため-sweetnightsweettime…'), (4, '作曲:佐高陵平(hifumiinc.)')]",True,True,0
11.996,14.665,0,角巻わため-sweetnightsweettime…作詞:佐高陵平(hifumiinc.),"[(4, '角巻わため-sweetnightsweettime…'), (4, '作詞:佐高陵平(hifumiinc.)')]",True,True,0
17.334,20.004,0,角巻わため-sweetnightsweettime…編曲:佐高陵平(hifumiinc.),"[(4, '角巻わため-sweetnightsweettime…'), (4, '編曲:佐高陵平(hifumiinc.)')]",True,True,0
59.176,59.977,-1,話したいよ話し足んないの,"[(4, '話したいよ話し足んないの')]",True,False,2
59.009,59.176,-1,話したいよ話し足んないの,"[(4, '話したいよ話し足んない'), (2, 'の')]",False,False,2
58.842,59.009,-1,話したいよ話し足んないの,"[(4, '話したいよ話し足んな'), (2, 'いの')]",False,False,2
58.675,58.842,-1,話したいよ話し足んないの,"[(4, '話したいよ話し足ん'), (2, 'ないの')]",False,False,2
58.509,58.675,-1,話したいよ話し足んないの,"[(4, '話したいよ話し足'), (2, 'んないの')]",False,False,2
58.308,58.509,-1,話したいよ話し足んないの,"[(4, '話したいよ話し'), (2, '足んないの')]",False,False,2
58.175,58.308,-1,話したいよ話し足んないの,"[(4, '話したいよ話'), (2, 'し足んないの')]",False,False,2
58.008,58.175,-1,話したいよ話し足んないの,"[(4, '話したいよ話'), (2, 'し足んないの')]",False,False,2
57.508,58.008,-1,話したいよ話し足んないの,"[(4, '話したいよ'), (2, '話し足んないの')]",False,False,2
57.341,57.508,-1,話したいよ話し足んないの,"[(4, '話したい'), (2, 'よ話し足んないの')]",False,False,2
57.174,57.341,-1,話したいよ話し足んないの,"[(4, '話した'), (2, 'いよ話し足んないの')]",False,False,2
57.007,57.174,-1,話したいよ話し足んないの,"[(4, '話し'), (2, 'たいよ話し足んないの')]",False,False,2
56.84,57.007,-1,話したいよ話し足んないの,"[(4, '話'), (2, 'したいよ話し足んないの')]",False,False,2
56.673,56.84,-1,話したいよ話し足んないの,"[(4, '話'), (2, 'したいよ話し足んないの')]",False,True,2
