start,end,position,line,text,unformatted
7.057,18.335,81,0,<2></c><4>tsunomakiwatame-odetoaneternalfuture</c><2></c>,tsunomakiwatame-odetoaneternalfuture
19.37,19.536,77,0,<2></c><1>to</c><3>arusekainootoginoutakikasemashou</c><2></c>,toarusekainootoginoutakikasemashou
19.536,19.737,77,0,<2></c><1>toa</c><3>rusekainootoginoutakikasemashou</c><2></c>,toarusekainootoginoutakikasemashou
19.737,20.104,77,0,<2></c><1>toaru</c><3>sekainootoginoutakikasemashou</c><2></c>,toarusekainootoginoutakikasemashou
20.104,20.27,77,0,<2></c><1>toaruse</c><3>kainootoginoutakikasemashou</c><2></c>,toarusekainootoginoutakikasemashou
20.27,20.804,77,0,<2></c><1>toaruseka</c><3>inootoginoutakikasemashou</c><2></c>,toarusekainootoginoutakikasemashou
20.804,20.971,77,0,<2></c><1>toarusekai</c><3>nootoginoutakikasemashou</c><2></c>,toarusekainootoginoutakikasemashou
20.971,22.206,77,0,<2></c><1>toarusekaino</c><3>otoginoutakikasemashou</c><2></c>,toarusekainootoginoutakikasemashou
22.206,22.573,77,0,<2></c><1>toarusekainoo</c><3>toginoutakikasemashou</c><2></c>,toarusekainootoginoutakikasemashou
22.573,22.906,77,0,<2></c><1>toarusekainooto</c><3>ginoutakikasemashou</c><2></c>,toarusekainootoginoutakikasemashou
22.906,23.107,77,0,<2></c><1>toarusekainootogi</c><3>noutakikasemashou</c><2></c>,toarusekainootoginoutakikasemashou
23.107,23.607,77,0,<2></c><1>toarusekainootogino</c><3>utakikasemashou</c><2></c>,toarusekainootoginoutakikasemashou
23.607,23.807,77,0,<2></c><1>toarusekainootoginou</c><3>takikasemashou</c><2></c>,toarusekainootoginoutakikasemashou
23.807,25.042,77,0,<2></c><1>toarusekainootoginouta</c><3>kikasemashou</c><2></c>,toarusekainootoginoutakikasemashou
25.042,25.409,77,0,<2></c><1>toarusekainootoginoutaki</c><3>kasemashou</c><2></c>,toarusekainootoginoutakikasemashou
25.409,25.776,77,0,<2></c><1>toarusekainootoginoutakika</c><3>semashou</c><2></c>,toarusekainootoginoutakikasemashou
25.776,26.076,77,0,<2></c><1>toarusekainootoginoutakikase</c><3>mashou</c><2></c>,toarusekainootoginoutakikasemashou
26.076,26.477,77,0,<2></c><1>toarusekainootoginoutakikasema</c><3>shou</c><2></c>,toarusekainootoginoutakikasemashou
26.477,26.844,77,0,<2></c><1>toarusekainootoginoutakikasemasho</c><3>u</c><2></c>,toarusekainootoginoutakikasemashou
26.844,28.912,77,0,<2></c><1>toarusekainootoginoutakikasemashou</c><2></c>,toarusekainootoginoutakikasemashou
28.912,29.613,81,0,<2></c><1>do</c><3>kokaniarutoiu</c><4></c><3>mirai</c><4></c><3>noohanashi</c><2></c>,dokokaniarutoiumirainoohanashi
29.613,30.314,81,0,<2></c><1>doko</c><3>kaniarutoiu</c><4></c><3>mirai</c><4></c><3>noohanashi</c><2></c>,dokokaniarutoiumirainoohanashi
30.314,31.048,81,0,<2></c><1>dokoka</c><3>niarutoiu</c><4></c><3>mirai</c><4></c><3>noohanashi</c><2></c>,dokokaniarutoiumirainoohanashi
31.048,32.082,81,0,<2></c><1>dokokani</c><3>arutoiu</c><4></c><3>mirai</c><4></c><3>noohanashi</c><2></c>,dokokaniarutoiumirainoohanashi
32.082,32.449,81,0,<2></c><1>dokokania</c><3>rutoiu</c><4></c><3>mirai</c><4></c><3>noohanashi</c><2></c>,dokokaniarutoiumirainoohanashi
32.449,32.95,81,0,<2></c><1>dokokaniaru</c><3>toiu</c><4></c><3>mirai</c><4></c><3>noohanashi</c><2></c>,dokokaniarutoiumirainoohanashi
32.95,33.484,81,0,<2></c><1>dokokaniaruto</c><3>iu</c><4></c><3>mirai</c><4></c><3>noohanashi</c><2></c>,dokokaniarutoiumirainoohanashi
33.484,33.717,81,0,<2></c><1>dokokaniarutoi</c><3>u</c><4></c><3>mirai</c><4></c><3>noohanashi</c><2></c>,dokokaniarutoiumirainoohanashi
33.717,34.885,80,0,<2></c><1>dokokaniarutoiu</c><4></c><3>mirai</c><4></c><3>noohanashi</c><2></c>,dokokaniarutoiumirainoohanashi
34.885,35.252,81,0,<2></c><1>dokokaniarutoiu</c><4></c><1>mi</c><3>rai</c><4></c><3>noohanashi</c><2></c>,dokokaniarutoiumirainoohanashi
35.252,35.619,81,0,<2></c><1>dokokaniarutoiu</c><4></c><1>mira</c><3>i</c><4></c><3>noohanashi</c><2></c>,dokokaniarutoiumirainoohanashi
35.619,35.986,80,0,<2></c><1>dokokaniarutoiu</c><4></c><1>mirai</c><4></c><3>noohanashi</c><2></c>,dokokaniarutoiumirainoohanashi
35.986,36.32,81,0,<2></c><1>dokokaniarutoiu</c><4></c><1>mirai</c><4></c><1>no</c><3>ohanashi</c><2></c>,dokokaniarutoiumirainoohanashi
36.32,37.021,81,0,<2></c><1>dokokaniarutoiu</c><4></c><1>mirai</c><4></c><1>noo</c><3>hanashi</c><2></c>,dokokaniarutoiumirainoohanashi
37.021,37.388,81,0,<2></c><1>dokokaniarutoiu</c><4></c><1>mirai</c><4></c><1>nooha</c><3>nashi</c><2></c>,dokokaniarutoiumirainoohanashi
37.388,37.721,81,0,<2></c><1>dokokaniarutoiu</c><4></c><1>mirai</c><4></c><1>noohana</c><3>shi</c><2></c>,dokokaniarutoiumirainoohanashi
37.721,39.156,80,0,<2></c><1>dokokaniarutoiu</c><4></c><1>mirai</c><4></c><1>noohanashi</c><2></c>,dokokaniarutoiumirainoohanashi
40.924,42.026,94,0,<2></c><4>—</c><1>sou</c><4></c><3>sorewawasureteitayumeyarisounohate</c><4>—</c><2></c>,—sousorewawasureteitayumeyarisounohate—
42.026,42.159,95,0,<2></c><4>—</c><1>sou</c><4></c><1>so</c><3>rewawasureteitayumeyarisounohate</c><4>—</c><2></c>,—sousorewawasureteitayumeyarisounohate—
42.159,42.326,95,0,<2></c><4>—</c><1>sou</c><4></c><1>sore</c><3>wawasureteitayumeyarisounohate</c><4>—</c><2></c>,—sousorewawasureteitayumeyarisounohate—
42.326,43.427,95,0,<2></c><4>—</c><1>sou</c><4></c><1>sorewa</c><3>wasureteitayumeyarisounohate</c><4>—</c><2></c>,—sousorewawasureteitayumeyarisounohate—
43.427,43.794,95,0,<2></c><4>—</c><1>sou</c><4></c><1>sorewawa</c><3>sureteitayumeyarisounohate</c><4>—</c><2></c>,—sousorewawasureteitayumeyarisounohate—
43.794,44.294,95,0,<2></c><4>—</c><1>sou</c><4></c><1>sorewawasu</c><3>reteitayumeyarisounohate</c><4>—</c><2></c>,—sousorewawasureteitayumeyarisounohate—
44.294,44.461,95,0,<2></c><4>—</c><1>sou</c><4></c><1>sorewawasure</c><3>teitayumeyarisounohate</c><4>—</c><2></c>,—sousorewawasureteitayumeyarisounohate—
44.461,44.828,95,0,<2></c><4>—</c><1>sou</c><4></c><1>sorewawasurete</c><3>itayumeyarisounohate</c><4>—</c><2></c>,—sousorewawasureteitayumeyarisounohate—
44.828,44.995,95,0,<2></c><4>—</c><1>sou</c><4></c><1>sorewawasuretei</c><3>tayumeyarisounohate</c><4>—</c><2></c>,—sousorewawasureteitayumeyarisounohate—
44.995,45.863,95,0,<2></c><4>—</c><1>sou</c><4></c><1>sorewawasureteita</c><3>yumeyarisounohate</c><4>—</c><2></c>,—sousorewawasureteitayumeyarisounohate—
45.863,46.597,95,0,<2></c><4>—</c><1>sou</c><4></c><1>sorewawasureteitayu</c><3>meyarisounohate</c><4>—</c><2></c>,—sousorewawasureteitayumeyarisounohate—
46.597,47.297,95,0,<2></c><4>—</c><1>sou</c><4></c><1>sorewawasureteitayume</c><3>yarisounohate</c><4>—</c><2></c>,—sousorewawasureteitayumeyarisounohate—
47.297,47.998,95,0,<2></c><4>—</c><1>sou</c><4></c><1>sorewawasureteitayumeya</c><3>risounohate</c><4>—</c><2></c>,—sousorewawasureteitayumeyarisounohate—
47.998,48.532,95,0,<2></c><4>—</c><1>sou</c><4></c><1>sorewawasureteitayumeyari</c><3>sounohate</c><4>—</c><2></c>,—sousorewawasureteitayumeyarisounohate—
48.532,49.033,95,0,<2></c><4>—</c><1>sou</c><4></c><1>sorewawasureteitayumeyariso</c><3>unohate</c><4>—</c><2></c>,—sousorewawasureteitayumeyarisounohate—
49.033,49.199,95,0,<2></c><4>—</c><1>sou</c><4></c><1>sorewawasureteitayumeyarisou</c><3>nohate</c><4>—</c><2></c>,—sousorewawasureteitayumeyarisounohate—
49.199,51.502,95,0,<2></c><4>—</c><1>sou</c><4></c><1>sorewawasureteitayumeyarisouno</c><3>hate</c><4>—</c><2></c>,—sousorewawasureteitayumeyarisounohate—
51.502,51.869,95,0,<2></c><4>—</c><1>sou</c><4></c><1>sorewawasureteitayumeyarisounoha</c><3>te</c><4>—</c><2></c>,—sousorewawasureteitayumeyarisounohate—
51.869,53.604,94,0,<2></c><4>—</c><1>sou</c><4></c><1>sorewawasureteitayumeyarisounohate</c><4>—</c><2></c>,—sousorewawasureteitayumeyarisounohate—
53.604,54.338,84,0,<2></c><1>ko</c><3>noookinasekaidechippokena</c><4></c><3>boku</c><4></c><3>wa</c><2></c>,konoookinasekaidechippokenabokuwa
54.338,55.039,84,0,<2></c><1>kono</c><3>ookinasekaidechippokena</c><4></c><3>boku</c><4></c><3>wa</c><2></c>,konoookinasekaidechippokenabokuwa
55.039,55.372,84,0,<2></c><1>konoo</c><3>okinasekaidechippokena</c><4></c><3>boku</c><4></c><3>wa</c><2></c>,konoookinasekaidechippokenabokuwa
55.372,56.073,84,0,<2></c><1>konooo</c><3>kinasekaidechippokena</c><4></c><3>boku</c><4></c><3>wa</c><2></c>,konoookinasekaidechippokenabokuwa
56.073,56.273,84,0,<2></c><1>konoooki</c><3>nasekaidechippokena</c><4></c><3>boku</c><4></c><3>wa</c><2></c>,konoookinasekaidechippokenabokuwa
56.273,57.541,84,0,<2></c><1>konoookina</c><3>sekaidechippokena</c><4></c><3>boku</c><4></c><3>wa</c><2></c>,konoookinasekaidechippokenabokuwa
57.541,57.841,84,0,<2></c><1>konoookinase</c><3>kaidechippokena</c><4></c><3>boku</c><4></c><3>wa</c><2></c>,konoookinasekaidechippokenabokuwa
57.841,58.909,84,0,<2></c><1>konoookinaseka</c><3>idechippokena</c><4></c><3>boku</c><4></c><3>wa</c><2></c>,konoookinasekaidechippokenabokuwa
58.909,59.109,84,0,<2></c><1>konoookinasekai</c><3>dechippokena</c><4></c><3>boku</c><4></c><3>wa</c><2></c>,konoookinasekaidechippokenabokuwa
59.109,60.244,84,0,<2></c><1>konoookinasekaide</c><3>chippokena</c><4></c><3>boku</c><4></c><3>wa</c><2></c>,konoookinasekaidechippokenabokuwa
60.244,60.677,84,0,<2></c><1>konoookinasekaidechi</c><3>ppokena</c><4></c><3>boku</c><4></c><3>wa</c><2></c>,konoookinasekaidechippokenabokuwa
60.677,61.045,84,0,<2></c><1>konoookinasekaidechip</c><3>pokena</c><4></c><3>boku</c><4></c><3>wa</c><2></c>,konoookinasekaidechippokenabokuwa
61.045,61.378,84,0,<2></c><1>konoookinasekaidechippo</c><3>kena</c><4></c><3>boku</c><4></c><3>wa</c><2></c>,konoookinasekaidechippokenabokuwa
61.378,61.745,84,0,<2></c><1>konoookinasekaidechippoke</c><3>na</c><4></c><3>boku</c><4></c><3>wa</c><2></c>,konoookinasekaidechippokenabokuwa
61.745,62.446,83,0,<2></c><1>konoookinasekaidechippokena</c><4></c><3>boku</c><4></c><3>wa</c><2></c>,konoookinasekaidechippokenabokuwa
62.446,62.78,84,0,<2></c><1>konoookinasekaidechippokena</c><4></c><1>bo</c><3>ku</c><4></c><3>wa</c><2></c>,konoookinasekaidechippokenabokuwa
62.78,63.18,83,0,<2></c><1>konoookinasekaidechippokena</c><4></c><1>boku</c><4></c><3>wa</c><2></c>,konoookinasekaidechippokenabokuwa
63.18,65.616,83,0,<2></c><1>konoookinasekaidechippokena</c><4></c><1>boku</c><4></c><1>wa</c><2></c>,konoookinasekaidechippokenabokuwa
65.616,65.983,80,0,<2></c><1>ya</c><3>manaiamewanaitoshinjikirenakute</c><4>...</c><2></c>,yamanaiamewanaitoshinjikirenakute...
65.983,67.017,80,0,<2></c><1>yama</c><3>naiamewanaitoshinjikirenakute</c><4>...</c><2></c>,yamanaiamewanaitoshinjikirenakute...
67.017,67.418,80,0,<2></c><1>yamana</c><3>iamewanaitoshinjikirenakute</c><4>...</c><2></c>,yamanaiamewanaitoshinjikirenakute...
67.418,68.419,80,0,<2></c><1>yamanai</c><3>amewanaitoshinjikirenakute</c><4>...</c><2></c>,yamanaiamewanaitoshinjikirenakute...
68.419,68.819,80,0,<2></c><1>yamanaia</c><3>mewanaitoshinjikirenakute</c><4>...</c><2></c>,yamanaiamewanaitoshinjikirenakute...
68.819,69.52,80,0,<2></c><1>yamanaiame</c><3>wanaitoshinjikirenakute</c><4>...</c><2></c>,yamanaiamewanaitoshinjikirenakute...
69.52,69.853,80,0,<2></c><1>yamanaiamewa</c><3>naitoshinjikirenakute</c><4>...</c><2></c>,yamanaiamewanaitoshinjikirenakute...
69.853,70.054,80,0,<2></c><1>yamanaiamewana</c><3>itoshinjikirenakute</c><4>...</c><2></c>,yamanaiamewanaitoshinjikirenakute...
70.054,70.254,80,0,<2></c><1>yamanaiamewanai</c><3>toshinjikirenakute</c><4>...</c><2></c>,yamanaiamewanaitoshinjikirenakute...
70.254,71.255,80,0,<2></c><1>yamanaiamewanaito</c><3>shinjikirenakute</c><4>...</c><2></c>,yamanaiamewanaitoshinjikirenakute...
71.255,71.622,80,0,<2></c><1>yamanaiamewanaitoshi</c><3>njikirenakute</c><4>...</c><2></c>,yamanaiamewanaitoshinjikirenakute...
71.622,72.289,80,0,<2></c><1>yamanaiamewanaitoshin</c><3>jikirenakute</c><4>...</c><2></c>,yamanaiamewanaitoshinjikirenakute...
72.289,72.656,80,0,<2></c><1>yamanaiamewanaitoshinji</c><3>kirenakute</c><4>...</c><2></c>,yamanaiamewanaitoshinjikirenakute...
72.656,73.023,80,0,<2></c><1>yamanaiamewanaitoshinjiki</c><3>renakute</c><4>...</c><2></c>,yamanaiamewanaitoshinjikirenakute...
73.023,73.757,80,0,<2></c><1>yamanaiamewanaitoshinjikire</c><3>nakute</c><4>...</c><2></c>,yamanaiamewanaitoshinjikirenakute...
73.757,74.358,80,0,<2></c><1>yamanaiamewanaitoshinjikirena</c><3>kute</c><4>...</c><2></c>,yamanaiamewanaitoshinjikirenakute...
74.358,74.491,80,0,<2></c><1>yamanaiamewanaitoshinjikirenaku</c><3>te</c><4>...</c><2></c>,yamanaiamewanaitoshinjikirenakute...
74.491,76.193,78,0,<2></c><1>yamanaiamewanaitoshinjikirenakute</c><4>...</c><2></c>,yamanaiamewanaitoshinjikirenakute...
76.193,76.927,70,0,<2></c><1>no</c><3>basutenomukougawamietamonowa</c><2></c>,nobasutenomukougawamietamonowa
76.927,77.628,70,0,<2></c><1>noba</c><3>sutenomukougawamietamonowa</c><2></c>,nobasutenomukougawamietamonowa
77.628,78.662,70,0,<2></c><1>nobasu</c><3>tenomukougawamietamonowa</c><2></c>,nobasutenomukougawamietamonowa
78.662,78.862,70,0,<2></c><1>nobasute</c><3>nomukougawamietamonowa</c><2></c>,nobasutenomukougawamietamonowa
78.862,80.064,70,0,<2></c><1>nobasuteno</c><3>mukougawamietamonowa</c><2></c>,nobasutenomukougawamietamonowa
80.064,80.431,70,0,<2></c><1>nobasutenomu</c><3>kougawamietamonowa</c><2></c>,nobasutenomukougawamietamonowa
80.431,80.831,70,0,<2></c><1>nobasutenomuko</c><3>ugawamietamonowa</c><2></c>,nobasutenomukougawamietamonowa
80.831,81.498,70,0,<2></c><1>nobasutenomukou</c><3>gawamietamonowa</c><2></c>,nobasutenomukougawamietamonowa
81.498,81.698,70,0,<2></c><1>nobasutenomukouga</c><3>wamietamonowa</c><2></c>,nobasutenomukougawamietamonowa
81.698,82.933,70,0,<2></c><1>nobasutenomukougawa</c><3>mietamonowa</c><2></c>,nobasutenomukougawamietamonowa
82.933,83.267,70,0,<2></c><1>nobasutenomukougawami</c><3>etamonowa</c><2></c>,nobasutenomukougawamietamonowa
83.267,83.967,70,0,<2></c><1>nobasutenomukougawamie</c><3>tamonowa</c><2></c>,nobasutenomukougawamietamonowa
83.967,84.668,70,0,<2></c><1>nobasutenomukougawamieta</c><3>monowa</c><2></c>,nobasutenomukougawamietamonowa
84.668,85.369,70,0,<2></c><1>nobasutenomukougawamietamo</c><3>nowa</c><2></c>,nobasutenomukougawamietamonowa
85.369,85.936,70,0,<2></c><1>nobasutenomukougawamietamono</c><3>wa</c><2></c>,nobasutenomukougawamietamonowa
85.936,88.205,70,0,<2></c><1>nobasutenomukougawamietamonowa</c><2></c>,nobasutenomukougawamietamonowa
88.205,88.372,72,0,<2></c><1>zu</c><3>ttomabushisugitemeosorashiteita</c><2></c>,zuttomabushisugitemeosorashiteita
88.372,88.572,72,0,<2></c><1>zut</c><3>tomabushisugitemeosorashiteita</c><2></c>,zuttomabushisugitemeosorashiteita
88.572,89.606,72,0,<2></c><1>zutto</c><3>mabushisugitemeosorashiteita</c><2></c>,zuttomabushisugitemeosorashiteita
89.606,90.007,72,0,<2></c><1>zuttoma</c><3>bushisugitemeosorashiteita</c><2></c>,zuttomabushisugitemeosorashiteita
90.007,90.707,72,0,<2></c><1>zuttomabu</c><3>shisugitemeosorashiteita</c><2></c>,zuttomabushisugitemeosorashiteita
90.707,90.908,72,0,<2></c><1>zuttomabushi</c><3>sugitemeosorashiteita</c><2></c>,zuttomabushisugitemeosorashiteita
90.908,91.408,72,0,<2></c><1>zuttomabushisu</c><3>gitemeosorashiteita</c><2></c>,zuttomabushisugitemeosorashiteita
91.408,91.575,72,0,<2></c><1>zuttomabushisugi</c><3>temeosorashiteita</c><2></c>,zuttomabushisugitemeosorashiteita
91.575,92.776,72,0,<2></c><1>zuttomabushisugite</c><3>meosorashiteita</c><2></c>,zuttomabushisugitemeosorashiteita
92.776,92.943,72,0,<2></c><1>zuttomabushisugiteme</c><3>osorashiteita</c><2></c>,zuttomabushisugitemeosorashiteita
92.943,93.11,72,0,<2></c><1>zuttomabushisugitemeo</c><3>sorashiteita</c><2></c>,zuttomabushisugitemeosorashiteita
93.11,93.51,72,0,<2></c><1>zuttomabushisugitemeoso</c><3>rashiteita</c><2></c>,zuttomabushisugitemeosorashiteita
93.51,93.677,72,0,<2></c><1>zuttomabushisugitemeosora</c><3>shiteita</c><2></c>,zuttomabushisugitemeosorashiteita
93.677,94.044,72,0,<2></c><1>zuttomabushisugitemeosorashi</c><3>teita</c><2></c>,zuttomabushisugitemeosorashiteita
94.044,94.211,72,0,<2></c><1>zuttomabushisugitemeosorashite</c><3>ita</c><2></c>,zuttomabushisugitemeosorashiteita
94.211,94.411,72,0,<2></c><1>zuttomabushisugitemeosorashitei</c><3>ta</c><2></c>,zuttomabushisugitemeosorashiteita
94.411,98.415,72,0,<2></c><1>zuttomabushisugitemeosorashiteita</c><2></c>,zuttomabushisugitemeosorashiteita
98.415,98.582,-1,0,<2></c><1>ki</c><3>zukanaimamade</c><2></c>,kizukanaimamade
98.582,98.816,-1,0,<2></c><1>kizu</c><3>kanaimamade</c><2></c>,kizukanaimamade
98.816,99.183,-1,0,<2></c><1>kizuka</c><3>naimamade</c><2></c>,kizukanaimamade
99.183,99.383,-1,0,<2></c><1>kizukana</c><3>imamade</c><2></c>,kizukanaimamade
99.383,99.683,-1,0,<2></c><1>kizukanai</c><3>mamade</c><2></c>,kizukanaimamade
99.683,99.85,-1,0,<2></c><1>kizukanaima</c><3>made</c><2></c>,kizukanaimamade
99.85,100.05,-1,0,<2></c><1>kizukanaimama</c><3>de</c><2></c>,kizukanaimamade
100.05,101.618,-1,0,<2></c><1>kizukanaimamade</c><2></c>,kizukanaimamade
106.89,107.124,92,0,<2></c><4></c><1>mi</c><3>rai</c><4></c><3>ttemonowamabayuihodokagayaitatoiu</c><2></c>,miraittemonowamabayuihodokagayaitatoiu
107.124,107.291,92,0,<2></c><4></c><1>mira</c><3>i</c><4></c><3>ttemonowamabayuihodokagayaitatoiu</c><2></c>,miraittemonowamabayuihodokagayaitatoiu
107.291,107.624,91,0,<2></c><4></c><1>mirai</c><4></c><3>ttemonowamabayuihodokagayaitatoiu</c><2></c>,miraittemonowamabayuihodokagayaitatoiu
107.624,107.825,92,0,<2></c><4></c><1>mirai</c><4></c><1>tte</c><3>monowamabayuihodokagayaitatoiu</c><2></c>,miraittemonowamabayuihodokagayaitatoiu
107.825,108.292,92,0,<2></c><4></c><1>mirai</c><4></c><1>ttemo</c><3>nowamabayuihodokagayaitatoiu</c><2></c>,miraittemonowamabayuihodokagayaitatoiu
108.292,108.525,92,0,<2></c><4></c><1>mirai</c><4></c><1>ttemono</c><3>wamabayuihodokagayaitatoiu</c><2></c>,miraittemonowamabayuihodokagayaitatoiu
108.525,109.726,92,0,<2></c><4></c><1>mirai</c><4></c><1>ttemonowa</c><3>mabayuihodokagayaitatoiu</c><2></c>,miraittemonowamabayuihodokagayaitatoiu
109.726,110.094,92,0,<2></c><4></c><1>mirai</c><4></c><1>ttemonowama</c><3>bayuihodokagayaitatoiu</c><2></c>,miraittemonowamabayuihodokagayaitatoiu
110.094,110.461,92,0,<2></c><4></c><1>mirai</c><4></c><1>ttemonowamaba</c><3>yuihodokagayaitatoiu</c><2></c>,miraittemonowamabayuihodokagayaitatoiu
110.461,110.661,92,0,<2></c><4></c><1>mirai</c><4></c><1>ttemonowamabayu</c><3>ihodokagayaitatoiu</c><2></c>,miraittemonowamabayuihodokagayaitatoiu
110.661,111.128,92,0,<2></c><4></c><1>mirai</c><4></c><1>ttemonowamabayui</c><3>hodokagayaitatoiu</c><2></c>,miraittemonowamabayuihodokagayaitatoiu
111.128,111.328,92,0,<2></c><4></c><1>mirai</c><4></c><1>ttemonowamabayuiho</c><3>dokagayaitatoiu</c><2></c>,miraittemonowamabayuihodokagayaitatoiu
111.328,112.563,92,0,<2></c><4></c><1>mirai</c><4></c><1>ttemonowamabayuihodo</c><3>kagayaitatoiu</c><2></c>,miraittemonowamabayuihodokagayaitatoiu
112.563,112.93,92,0,<2></c><4></c><1>mirai</c><4></c><1>ttemonowamabayuihodoka</c><3>gayaitatoiu</c><2></c>,miraittemonowamabayuihodokagayaitatoiu
112.93,113.297,92,0,<2></c><4></c><1>mirai</c><4></c><1>ttemonowamabayuihodokaga</c><3>yaitatoiu</c><2></c>,miraittemonowamabayuihodokagayaitatoiu
113.297,113.464,92,0,<2></c><4></c><1>mirai</c><4></c><1>ttemonowamabayuihodokagaya</c><3>itatoiu</c><2></c>,miraittemonowamabayuihodokagayaitatoiu
113.464,113.831,92,0,<2></c><4></c><1>mirai</c><4></c><1>ttemonowamabayuihodokagayai</c><3>tatoiu</c><2></c>,miraittemonowamabayuihodokagayaitatoiu
113.831,113.997,92,0,<2></c><4></c><1>mirai</c><4></c><1>ttemonowamabayuihodokagayaita</c><3>toiu</c><2></c>,miraittemonowamabayuihodokagayaitatoiu
113.997,114.131,92,0,<2></c><4></c><1>mirai</c><4></c><1>ttemonowamabayuihodokagayaitato</c><3>iu</c><2></c>,miraittemonowamabayuihodokagayaitatoiu
114.131,114.364,92,0,<2></c><4></c><1>mirai</c><4></c><1>ttemonowamabayuihodokagayaitatoi</c><3>u</c><2></c>,miraittemonowamabayuihodokagayaitatoiu
114.364,116.467,91,0,<2></c><4></c><1>mirai</c><4></c><1>ttemonowamabayuihodokagayaitatoiu</c><2></c>,miraittemonowamabayuihodokagayaitatoiu
116.467,117.201,80,0,<2></c><1>da</c><3>renidemotenidekirusutekinaotakara</c><2></c>,darenidemotenidekirusutekinaotakara
117.201,117.868,80,0,<2></c><1>dare</c><3>nidemotenidekirusutekinaotakara</c><2></c>,darenidemotenidekirusutekinaotakara
117.868,118.235,80,0,<2></c><1>dareni</c><3>demotenidekirusutekinaotakara</c><2></c>,darenidemotenidekirusutekinaotakara
118.235,118.602,80,0,<2></c><1>darenide</c><3>motenidekirusutekinaotakara</c><2></c>,darenidemotenidekirusutekinaotakara
118.602,119.636,80,0,<2></c><1>darenidemo</c><3>tenidekirusutekinaotakara</c><2></c>,darenidemotenidekirusutekinaotakara
119.636,120.003,80,0,<2></c><1>darenidemote</c><3>nidekirusutekinaotakara</c><2></c>,darenidemotenidekirusutekinaotakara
120.003,120.537,80,0,<2></c><1>darenidemoteni</c><3>dekirusutekinaotakara</c><2></c>,darenidemotenidekirusutekinaotakara
120.537,121.071,80,0,<2></c><1>darenidemotenide</c><3>kirusutekinaotakara</c><2></c>,darenidemotenidekirusutekinaotakara
121.071,121.238,80,0,<2></c><1>darenidemotenideki</c><3>rusutekinaotakara</c><2></c>,darenidemotenidekirusutekinaotakara
121.238,122.473,80,0,<2></c><1>darenidemotenidekiru</c><3>sutekinaotakara</c><2></c>,darenidemotenidekirusutekinaotakara
122.473,122.84,80,0,<2></c><1>darenidemotenidekirusu</c><3>tekinaotakara</c><2></c>,darenidemotenidekirusutekinaotakara
122.84,123.173,80,0,<2></c><1>darenidemotenidekirusute</c><3>kinaotakara</c><2></c>,darenidemotenidekirusutekinaotakara
123.173,123.54,80,0,<2></c><1>darenidemotenidekirusuteki</c><3>naotakara</c><2></c>,darenidemotenidekirusutekinaotakara
123.54,123.841,80,0,<2></c><1>darenidemotenidekirusutekina</c><3>otakara</c><2></c>,darenidemotenidekirusutekinaotakara
123.841,124.575,80,0,<2></c><1>darenidemotenidekirusutekinao</c><3>takara</c><2></c>,darenidemotenidekirusutekinaotakara
124.575,124.942,80,0,<2></c><1>darenidemotenidekirusutekinaota</c><3>kara</c><2></c>,darenidemotenidekirusutekinaotakara
124.942,125.309,80,0,<2></c><1>darenidemotenidekirusutekinaotaka</c><3>ra</c><2></c>,darenidemotenidekirusutekinaotakara
125.309,126.71,80,0,<2></c><1>darenidemotenidekirusutekinaotakara</c><2></c>,darenidemotenidekirusutekinaotakara
128.445,129.513,98,0,<2></c><4>—</c><1>aa</c><4></c><3>dakedonazeka</c><4></c><3>boku</c><4></c><3>notewamadakaranomama</c><4>—</c><2></c>,—aadakedonazekabokunotewamadakaranomama—
129.513,129.68,97,0,<2></c><4>—</c><1>aa</c><4></c><1>da</c><3>kedonazeka</c><4></c><3>boku</c><4></c><3>notewamadakaranomama</c><4>—</c><2></c>,—aadakedonazekabokunotewamadakaranomama—
129.68,129.88,97,0,<2></c><4>—</c><1>aa</c><4></c><1>dake</c><3>donazeka</c><4></c><3>boku</c><4></c><3>notewamadakaranomama</c><4>—</c><2></c>,—aadakedonazekabokunotewamadakaranomama—
129.88,130.914,97,0,<2></c><4>—</c><1>aa</c><4></c><1>dakedo</c><3>nazeka</c><4></c><3>boku</c><4></c><3>notewamadakaranomama</c><4>—</c><2></c>,—aadakedonazekabokunotewamadakaranomama—
130.914,131.281,97,0,<2></c><4>—</c><1>aa</c><4></c><1>dakedona</c><3>zeka</c><4></c><3>boku</c><4></c><3>notewamadakaranomama</c><4>—</c><2></c>,—aadakedonazekabokunotewamadakaranomama—
131.281,131.748,97,0,<2></c><4>—</c><1>aa</c><4></c><1>dakedonaze</c><3>ka</c><4></c><3>boku</c><4></c><3>notewamadakaranomama</c><4>—</c><2></c>,—aadakedonazekabokunotewamadakaranomama—
131.748,131.982,98,0,<2></c><4>—</c><1>aa</c><4></c><1>dakedonazeka</c><4></c><3>boku</c><4></c><3>notewamadakaranomama</c><4>—</c><2></c>,—aadakedonazekabokunotewamadakaranomama—
131.982,132.282,97,0,<2></c><4>—</c><1>aa</c><4></c><1>dakedonazeka</c><4></c><1>bo</c><3>ku</c><4></c><3>notewamadakaranomama</c><4>—</c><2></c>,—aadakedonazekabokunotewamadakaranomama—
132.282,132.483,98,0,<2></c><4>—</c><1>aa</c><4></c><1>dakedonazeka</c><4></c><1>boku</c><4></c><3>notewamadakaranomama</c><4>—</c><2></c>,—aadakedonazekabokunotewamadakaranomama—
132.483,133.383,97,0,<2></c><4>—</c><1>aa</c><4></c><1>dakedonazeka</c><4></c><1>boku</c><4></c><1>no</c><3>tewamadakaranomama</c><4>—</c><2></c>,—aadakedonazekabokunotewamadakaranomama—
133.383,134.084,97,0,<2></c><4>—</c><1>aa</c><4></c><1>dakedonazeka</c><4></c><1>boku</c><4></c><1>note</c><3>wamadakaranomama</c><4>—</c><2></c>,—aadakedonazekabokunotewamadakaranomama—
134.084,134.785,97,0,<2></c><4>—</c><1>aa</c><4></c><1>dakedonazeka</c><4></c><1>boku</c><4></c><1>notewa</c><3>madakaranomama</c><4>—</c><2></c>,—aadakedonazekabokunotewamadakaranomama—
134.785,135.486,97,0,<2></c><4>—</c><1>aa</c><4></c><1>dakedonazeka</c><4></c><1>boku</c><4></c><1>notewama</c><3>dakaranomama</c><4>—</c><2></c>,—aadakedonazekabokunotewamadakaranomama—
135.486,136.053,97,0,<2></c><4>—</c><1>aa</c><4></c><1>dakedonazeka</c><4></c><1>boku</c><4></c><1>notewamada</c><3>karanomama</c><4>—</c><2></c>,—aadakedonazekabokunotewamadakaranomama—
136.053,136.553,97,0,<2></c><4>—</c><1>aa</c><4></c><1>dakedonazeka</c><4></c><1>boku</c><4></c><1>notewamadaka</c><3>ranomama</c><4>—</c><2></c>,—aadakedonazekabokunotewamadakaranomama—
136.553,136.753,97,0,<2></c><4>—</c><1>aa</c><4></c><1>dakedonazeka</c><4></c><1>boku</c><4></c><1>notewamadakara</c><3>nomama</c><4>—</c><2></c>,—aadakedonazekabokunotewamadakaranomama—
136.753,139.022,97,0,<2></c><4>—</c><1>aa</c><4></c><1>dakedonazeka</c><4></c><1>boku</c><4></c><1>notewamadakarano</c><3>mama</c><4>—</c><2></c>,—aadakedonazekabokunotewamadakaranomama—
139.022,139.389,97,0,<2></c><4>—</c><1>aa</c><4></c><1>dakedonazeka</c><4></c><1>boku</c><4></c><1>notewamadakaranoma</c><3>ma</c><4>—</c><2></c>,—aadakedonazekabokunotewamadakaranomama—
139.389,141.125,98,0,<2></c><4>—</c><1>aa</c><4></c><1>dakedonazeka</c><4></c><1>boku</c><4></c><1>notewamadakaranomama</c><4>—</c><2></c>,—aadakedonazekabokunotewamadakaranomama—
141.125,141.859,83,0,<2></c><1>ko</c><3>noookinasekaidekarappona</c><4></c><3>boku</c><4></c><3>wa</c><2></c>,konoookinasekaidekarapponabokuwa
141.859,142.559,83,0,<2></c><1>kono</c><3>ookinasekaidekarappona</c><4></c><3>boku</c><4></c><3>wa</c><2></c>,konoookinasekaidekarapponabokuwa
142.559,142.96,83,0,<2></c><1>konoo</c><3>okinasekaidekarappona</c><4></c><3>boku</c><4></c><3>wa</c><2></c>,konoookinasekaidekarapponabokuwa
142.96,143.627,83,0,<2></c><1>konooo</c><3>kinasekaidekarappona</c><4></c><3>boku</c><4></c><3>wa</c><2></c>,konoookinasekaidekarapponabokuwa
143.627,143.827,83,0,<2></c><1>konoooki</c><3>nasekaidekarappona</c><4></c><3>boku</c><4></c><3>wa</c><2></c>,konoookinasekaidekarapponabokuwa
143.827,145.062,83,0,<2></c><1>konoookina</c><3>sekaidekarappona</c><4></c><3>boku</c><4></c><3>wa</c><2></c>,konoookinasekaidekarapponabokuwa
145.062,145.395,83,0,<2></c><1>konoookinase</c><3>kaidekarappona</c><4></c><3>boku</c><4></c><3>wa</c><2></c>,konoookinasekaidekarapponabokuwa
145.395,146.43,83,0,<2></c><1>konoookinaseka</c><3>idekarappona</c><4></c><3>boku</c><4></c><3>wa</c><2></c>,konoookinasekaidekarapponabokuwa
146.43,146.63,83,0,<2></c><1>konoookinasekai</c><3>dekarappona</c><4></c><3>boku</c><4></c><3>wa</c><2></c>,konoookinasekaidekarapponabokuwa
146.63,147.898,83,0,<2></c><1>konoookinasekaide</c><3>karappona</c><4></c><3>boku</c><4></c><3>wa</c><2></c>,konoookinasekaidekarapponabokuwa
147.898,148.232,83,0,<2></c><1>konoookinasekaideka</c><3>rappona</c><4></c><3>boku</c><4></c><3>wa</c><2></c>,konoookinasekaidekarapponabokuwa
148.232,148.565,83,0,<2></c><1>konoookinasekaidekara</c><3>ppona</c><4></c><3>boku</c><4></c><3>wa</c><2></c>,konoookinasekaidekarapponabokuwa
148.565,148.932,83,0,<2></c><1>konoookinasekaidekarap</c><3>pona</c><4></c><3>boku</c><4></c><3>wa</c><2></c>,konoookinasekaidekarapponabokuwa
148.932,149.266,83,0,<2></c><1>konoookinasekaidekarappo</c><3>na</c><4></c><3>boku</c><4></c><3>wa</c><2></c>,konoookinasekaidekarapponabokuwa
149.266,150.0,81,0,<2></c><1>konoookinasekaidekarappona</c><4></c><3>boku</c><4></c><3>wa</c><2></c>,konoookinasekaidekarapponabokuwa
150.0,150.334,83,0,<2></c><1>konoookinasekaidekarappona</c><4></c><1>bo</c><3>ku</c><4></c><3>wa</c><2></c>,konoookinasekaidekarapponabokuwa
150.334,150.701,81,0,<2></c><1>konoookinasekaidekarappona</c><4></c><1>boku</c><4></c><3>wa</c><2></c>,konoookinasekaidekarapponabokuwa
150.701,153.137,81,0,<2></c><1>konoookinasekaidekarappona</c><4></c><1>boku</c><4></c><1>wa</c><2></c>,konoookinasekaidekarapponabokuwa
153.137,153.504,70,0,<2></c><1>i</c><3>kibaomiushinattemaigonomamade</c><2></c>,ikibaomiushinattemaigonomamade
153.504,154.571,70,0,<2></c><1>iki</c><3>baomiushinattemaigonomamade</c><2></c>,ikibaomiushinattemaigonomamade
154.571,154.938,70,0,<2></c><1>ikiba</c><3>omiushinattemaigonomamade</c><2></c>,ikibaomiushinattemaigonomamade
154.938,155.973,70,0,<2></c><1>ikibao</c><3>miushinattemaigonomamade</c><2></c>,ikibaomiushinattemaigonomamade
155.973,156.273,70,0,<2></c><1>ikibaomi</c><3>ushinattemaigonomamade</c><2></c>,ikibaomiushinattemaigonomamade
156.273,157.04,70,0,<2></c><1>ikibaomiu</c><3>shinattemaigonomamade</c><2></c>,ikibaomiushinattemaigonomamade
157.04,157.374,70,0,<2></c><1>ikibaomiushi</c><3>nattemaigonomamade</c><2></c>,ikibaomiushinattemaigonomamade
157.374,157.541,70,0,<2></c><1>ikibaomiushina</c><3>ttemaigonomamade</c><2></c>,ikibaomiushinattemaigonomamade
157.541,157.774,70,0,<2></c><1>ikibaomiushinat</c><3>temaigonomamade</c><2></c>,ikibaomiushinattemaigonomamade
157.774,158.809,70,0,<2></c><1>ikibaomiushinatte</c><3>maigonomamade</c><2></c>,ikibaomiushinattemaigonomamade
158.809,159.176,70,0,<2></c><1>ikibaomiushinattema</c><3>igonomamade</c><2></c>,ikibaomiushinattemaigonomamade
159.176,159.843,70,0,<2></c><1>ikibaomiushinattemai</c><3>gonomamade</c><2></c>,ikibaomiushinattemaigonomamade
159.843,160.21,70,0,<2></c><1>ikibaomiushinattemaigo</c><3>nomamade</c><2></c>,ikibaomiushinattemaigonomamade
160.21,160.577,70,0,<2></c><1>ikibaomiushinattemaigono</c><3>mamade</c><2></c>,ikibaomiushinattemaigonomamade
160.577,161.278,70,0,<2></c><1>ikibaomiushinattemaigonoma</c><3>made</c><2></c>,ikibaomiushinattemaigonomamade
161.278,162.012,70,0,<2></c><1>ikibaomiushinattemaigonomama</c><3>de</c><2></c>,ikibaomiushinattemaigonomamade
162.012,163.714,70,0,<2></c><1>ikibaomiushinattemaigonomamade</c><2></c>,ikibaomiushinattemaigonomamade
163.714,164.448,72,0,<2></c><1>ku</c><3>rayaminomukougawamitsuketanowa</c><2></c>,kurayaminomukougawamitsuketanowa
164.448,165.149,72,0,<2></c><1>kura</c><3>yaminomukougawamitsuketanowa</c><2></c>,kurayaminomukougawamitsuketanowa
165.149,166.25,72,0,<2></c><1>kuraya</c><3>minomukougawamitsuketanowa</c><2></c>,kurayaminomukougawamitsuketanowa
166.25,166.383,72,0,<2></c><1>kurayami</c><3>nomukougawamitsuketanowa</c><2></c>,kurayaminomukougawamitsuketanowa
166.383,167.618,72,0,<2></c><1>kurayamino</c><3>mukougawamitsuketanowa</c><2></c>,kurayaminomukougawamitsuketanowa
167.618,167.951,72,0,<2></c><1>kurayaminomu</c><3>kougawamitsuketanowa</c><2></c>,kurayaminomukougawamitsuketanowa
167.951,168.352,72,0,<2></c><1>kurayaminomuko</c><3>ugawamitsuketanowa</c><2></c>,kurayaminomukougawamitsuketanowa
168.352,169.019,72,0,<2></c><1>kurayaminomukou</c><3>gawamitsuketanowa</c><2></c>,kurayaminomukougawamitsuketanowa
169.019,169.219,72,0,<2></c><1>kurayaminomukouga</c><3>wamitsuketanowa</c><2></c>,kurayaminomukougawamitsuketanowa
169.219,170.454,72,0,<2></c><1>kurayaminomukougawa</c><3>mitsuketanowa</c><2></c>,kurayaminomukougawamitsuketanowa
170.454,170.787,72,0,<2></c><1>kurayaminomukougawami</c><3>tsuketanowa</c><2></c>,kurayaminomukougawamitsuketanowa
170.787,171.522,72,0,<2></c><1>kurayaminomukougawamitsu</c><3>ketanowa</c><2></c>,kurayaminomukougawamitsuketanowa
171.522,172.189,72,0,<2></c><1>kurayaminomukougawamitsuke</c><3>tanowa</c><2></c>,kurayaminomukougawamitsuketanowa
172.189,172.923,72,0,<2></c><1>kurayaminomukougawamitsuketa</c><3>nowa</c><2></c>,kurayaminomukougawamitsuketanowa
172.923,173.457,72,0,<2></c><1>kurayaminomukougawamitsuketano</c><3>wa</c><2></c>,kurayaminomukougawamitsuketanowa
173.457,175.726,72,0,<2></c><1>kurayaminomukougawamitsuketanowa</c><2></c>,kurayaminomukougawamitsuketanowa
175.726,175.926,69,0,<2></c><1>ki</c><3>ttomotometeitaanotsuyoihikari</c><2></c>,kittomotometeitaanotsuyoihikari
175.926,176.093,69,0,<2></c><1>kit</c><3>tomotometeitaanotsuyoihikari</c><2></c>,kittomotometeitaanotsuyoihikari
176.093,177.127,69,0,<2></c><1>kitto</c><3>motometeitaanotsuyoihikari</c><2></c>,kittomotometeitaanotsuyoihikari
177.127,177.494,69,0,<2></c><1>kittomo</c><3>tometeitaanotsuyoihikari</c><2></c>,kittomotometeitaanotsuyoihikari
177.494,178.195,69,0,<2></c><1>kittomoto</c><3>meteitaanotsuyoihikari</c><2></c>,kittomotometeitaanotsuyoihikari
178.195,178.395,69,0,<2></c><1>kittomotome</c><3>teitaanotsuyoihikari</c><2></c>,kittomotometeitaanotsuyoihikari
178.395,178.896,69,0,<2></c><1>kittomotomete</c><3>itaanotsuyoihikari</c><2></c>,kittomotometeitaanotsuyoihikari
178.896,179.096,69,0,<2></c><1>kittomotometei</c><3>taanotsuyoihikari</c><2></c>,kittomotometeitaanotsuyoihikari
179.096,180.33,69,0,<2></c><1>kittomotometeita</c><3>anotsuyoihikari</c><2></c>,kittomotometeitaanotsuyoihikari
180.33,180.464,69,0,<2></c><1>kittomotometeitaa</c><3>notsuyoihikari</c><2></c>,kittomotometeitaanotsuyoihikari
180.464,180.697,69,0,<2></c><1>kittomotometeitaano</c><3>tsuyoihikari</c><2></c>,kittomotometeitaanotsuyoihikari
180.697,181.031,69,0,<2></c><1>kittomotometeitaanotsu</c><3>yoihikari</c><2></c>,kittomotometeitaanotsuyoihikari
181.031,181.198,69,0,<2></c><1>kittomotometeitaanotsuyo</c><3>ihikari</c><2></c>,kittomotometeitaanotsuyoihikari
181.198,181.598,69,0,<2></c><1>kittomotometeitaanotsuyoi</c><3>hikari</c><2></c>,kittomotometeitaanotsuyoihikari
181.598,181.732,69,0,<2></c><1>kittomotometeitaanotsuyoihi</c><3>kari</c><2></c>,kittomotometeitaanotsuyoihikari
181.732,181.932,69,0,<2></c><1>kittomotometeitaanotsuyoihika</c><3>ri</c><2></c>,kittomotometeitaanotsuyoihikari
181.932,185.969,69,0,<2></c><1>kittomotometeitaanotsuyoihikari</c><2></c>,kittomotometeitaanotsuyoihikari
185.969,186.17,-1,0,<2></c><1>tsu</c><3>kaminiikou</c><2></c>,tsukaminiikou
186.17,186.37,-1,0,<2></c><1>tsuka</c><3>miniikou</c><2></c>,tsukaminiikou
186.37,186.67,-1,0,<2></c><1>tsukami</c><3>niikou</c><2></c>,tsukaminiikou
186.67,186.837,-1,0,<2></c><1>tsukamini</c><3>ikou</c><2></c>,tsukaminiikou
186.837,187.204,-1,0,<2></c><1>tsukaminii</c><3>kou</c><2></c>,tsukaminiikou
187.204,187.404,-1,0,<2></c><1>tsukaminiiko</c><3>u</c><2></c>,tsukaminiikou
187.404,189.139,-1,0,<2></c><1>tsukaminiikou</c><2></c>,tsukaminiikou
210.994,211.395,-1,0,<2></c><1>zut</c><3>tozuttozuttoyowakute</c><2></c>,zuttozuttozuttoyowakute
211.395,212.429,-1,0,<2></c><1>zutto</c><3>zuttozuttoyowakute</c><2></c>,zuttozuttozuttoyowakute
212.429,212.796,-1,0,<2></c><1>zuttozut</c><3>tozuttoyowakute</c><2></c>,zuttozuttozuttoyowakute
212.796,213.83,-1,0,<2></c><1>zuttozutto</c><3>zuttoyowakute</c><2></c>,zuttozuttozuttoyowakute
213.83,214.164,-1,0,<2></c><1>zuttozuttozut</c><3>toyowakute</c><2></c>,zuttozuttozuttoyowakute
214.164,214.898,-1,0,<2></c><1>zuttozuttozutto</c><3>yowakute</c><2></c>,zuttozuttozuttoyowakute
214.898,215.265,-1,0,<2></c><1>zuttozuttozuttoyo</c><3>wakute</c><2></c>,zuttozuttozuttoyowakute
215.265,215.432,-1,0,<2></c><1>zuttozuttozuttoyowa</c><3>kute</c><2></c>,zuttozuttozuttoyowakute
215.432,215.599,-1,0,<2></c><1>zuttozuttozuttoyowaku</c><3>te</c><2></c>,zuttozuttozuttoyowakute
215.599,216.667,-1,0,<2></c><1>zuttozuttozuttoyowakute</c><2></c>,zuttozuttozuttoyowakute
216.667,217.034,56,0,<2></c><1>o</c><3>kubyoudatta</c><4></c><3>boku</c><4></c><3>wa</c><2></c>,okubyoudattabokuwa
217.034,217.201,56,0,<2></c><1>oku</c><3>byoudatta</c><4></c><3>boku</c><4></c><3>wa</c><2></c>,okubyoudattabokuwa
217.201,217.768,56,0,<2></c><1>okubyo</c><3>udatta</c><4></c><3>boku</c><4></c><3>wa</c><2></c>,okubyoudattabokuwa
217.768,218.101,56,0,<2></c><1>okubyou</c><3>datta</c><4></c><3>boku</c><4></c><3>wa</c><2></c>,okubyoudattabokuwa
218.101,218.435,56,0,<2></c><1>okubyouda</c><3>tta</c><4></c><3>boku</c><4></c><3>wa</c><2></c>,okubyoudattabokuwa
218.435,218.802,56,0,<2></c><1>okubyoudat</c><3>ta</c><4></c><3>boku</c><4></c><3>wa</c><2></c>,okubyoudattabokuwa
218.802,219.67,-1,0,<2></c><1>okubyoudatta</c><4></c><3>boku</c><4></c><3>wa</c><2></c>,okubyoudattabokuwa
219.67,219.836,56,0,<2></c><1>okubyoudatta</c><4></c><1>bo</c><3>ku</c><4></c><3>wa</c><2></c>,okubyoudattabokuwa
219.836,220.037,56,0,<2></c><1>okubyoudatta</c><4></c><1>boku</c><4></c><1></c><3>wa</c><2></c>,okubyoudattabokuwa
220.037,222.306,-1,0,<2></c><1>okubyoudatta</c><4></c><1>boku</c><4></c><1>wa</c><2></c>,okubyoudattabokuwa
222.306,222.673,-1,0,<2></c><1>yat</c><3>toyattoyattokizuita</c><2></c>,yattoyattoyattokizuita
222.673,223.707,-1,0,<2></c><1>yatto</c><3>yattoyattokizuita</c><2></c>,yattoyattoyattokizuita
223.707,224.074,-1,0,<2></c><1>yattoyat</c><3>toyattokizuita</c><2></c>,yattoyattoyattokizuita
224.074,225.108,-1,0,<2></c><1>yattoyatto</c><3>yattokizuita</c><2></c>,yattoyattoyattokizuita
225.108,225.475,-1,0,<2></c><1>yattoyattoyat</c><3>tokizuita</c><2></c>,yattoyattoyattokizuita
225.475,226.143,-1,0,<2></c><1>yattoyattoyatto</c><3>kizuita</c><2></c>,yattoyattoyattokizuita
226.143,226.51,-1,0,<2></c><1>yattoyattoyattoki</c><3>zuita</c><2></c>,yattoyattoyattokizuita
226.51,226.71,-1,0,<2></c><1>yattoyattoyattokizu</c><3>ita</c><2></c>,yattoyattoyattokizuita
226.71,226.91,-1,0,<2></c><1>yattoyattoyattokizui</c><3>ta</c><2></c>,yattoyattoyattokizuita
226.91,227.978,-1,0,<2></c><1>yattoyattoyattokizuita</c><2></c>,yattoyattoyattokizuita
227.978,228.345,-1,0,<2></c><1>i</c><3>ppofumidasouima</c><2></c>,ippofumidasouima
228.345,228.512,-1,0,<2></c><1>ip</c><3>pofumidasouima</c><2></c>,ippofumidasouima
228.512,229.012,-1,0,<2></c><1>ippo</c><3>fumidasouima</c><2></c>,ippofumidasouima
229.012,229.213,-1,0,<2></c><1>ippofu</c><3>midasouima</c><2></c>,ippofumidasouima
229.213,229.68,-1,0,<2></c><1>ippofumi</c><3>dasouima</c><2></c>,ippofumidasouima
229.68,229.913,-1,0,<2></c><1>ippofumida</c><3>souima</c><2></c>,ippofumidasouima
229.913,230.08,-1,0,<2></c><1>ippofumidaso</c><3>uima</c><2></c>,ippofumidasouima
230.08,232.182,-1,0,<2></c><1>ippofumidasou</c><3>ima</c><2></c>,ippofumidasouima
232.182,232.549,-1,0,<2></c><1>ippofumidasoui</c><3>ma</c><2></c>,ippofumidasouima
232.549,234.318,-1,0,<2></c><1>ippofumidasouima</c><2></c>,ippofumidasouima
234.318,235.085,73,0,<2></c><1>ko</c><3>noookinasekaideagaiteitabokuwa</c><2></c>,konoookinasekaideagaiteitabokuwa
235.085,235.752,73,0,<2></c><1>kono</c><3>ookinasekaideagaiteitabokuwa</c><2></c>,konoookinasekaideagaiteitabokuwa
235.752,236.153,73,0,<2></c><1>konoo</c><3>okinasekaideagaiteitabokuwa</c><2></c>,konoookinasekaideagaiteitabokuwa
236.153,236.787,73,0,<2></c><1>konooo</c><3>kinasekaideagaiteitabokuwa</c><2></c>,konoookinasekaideagaiteitabokuwa
236.787,236.987,73,0,<2></c><1>konoooki</c><3>nasekaideagaiteitabokuwa</c><2></c>,konoookinasekaideagaiteitabokuwa
236.987,238.255,73,0,<2></c><1>konoookina</c><3>sekaideagaiteitabokuwa</c><2></c>,konoookinasekaideagaiteitabokuwa
238.255,238.589,73,0,<2></c><1>konoookinase</c><3>kaideagaiteitabokuwa</c><2></c>,konoookinasekaideagaiteitabokuwa
238.589,239.623,73,0,<2></c><1>konoookinaseka</c><3>ideagaiteitabokuwa</c><2></c>,konoookinasekaideagaiteitabokuwa
239.623,239.823,73,0,<2></c><1>konoookinasekai</c><3>deagaiteitabokuwa</c><2></c>,konoookinasekaideagaiteitabokuwa
239.823,241.058,73,0,<2></c><1>konoookinasekaide</c><3>agaiteitabokuwa</c><2></c>,konoookinasekaideagaiteitabokuwa
241.058,241.391,73,0,<2></c><1>konoookinasekaidea</c><3>gaiteitabokuwa</c><2></c>,konoookinasekaideagaiteitabokuwa
241.391,241.792,73,0,<2></c><1>konoookinasekaideaga</c><3>iteitabokuwa</c><2></c>,konoookinasekaideagaiteitabokuwa
241.792,242.125,73,0,<2></c><1>konoookinasekaideagai</c><3>teitabokuwa</c><2></c>,konoookinasekaideagaiteitabokuwa
242.125,242.359,73,0,<2></c><1>konoookinasekaideagaite</c><3>itabokuwa</c><2></c>,konoookinasekaideagaiteitabokuwa
242.359,242.492,73,0,<2></c><1>konoookinasekaideagaitei</c><3>tabokuwa</c><2></c>,konoookinasekaideagaiteitabokuwa
242.492,243.193,73,0,<2></c><1>konoookinasekaideagaiteita</c><3>bokuwa</c><2></c>,konoookinasekaideagaiteitabokuwa
243.193,243.527,73,0,<2></c><1>konoookinasekaideagaiteitabo</c><3>kuwa</c><2></c>,konoookinasekaideagaiteitabokuwa
243.527,243.894,73,0,<2></c><1>konoookinasekaideagaiteitaboku</c><3>wa</c><2></c>,konoookinasekaideagaiteitabokuwa
243.894,246.33,73,0,<2></c><1>konoookinasekaideagaiteitabokuwa</c><2></c>,konoookinasekaideagaiteitabokuwa
246.33,246.697,67,0,<2></c><1>so</c><3>redemomaeomuitearuitekunda</c><2></c>,soredemomaeomuitearuitekunda
246.697,247.731,67,0,<2></c><1>sore</c><3>demomaeomuitearuitekunda</c><2></c>,soredemomaeomuitearuitekunda
247.731,248.131,67,0,<2></c><1>sorede</c><3>momaeomuitearuitekunda</c><2></c>,soredemomaeomuitearuitekunda
248.131,249.132,67,0,<2></c><1>soredemo</c><3>maeomuitearuitekunda</c><2></c>,soredemomaeomuitearuitekunda
249.132,249.466,67,0,<2></c><1>soredemoma</c><3>eomuitearuitekunda</c><2></c>,soredemomaeomuitearuitekunda
249.466,250.2,67,0,<2></c><1>soredemomae</c><3>omuitearuitekunda</c><2></c>,soredemomaeomuitearuitekunda
250.2,250.567,67,0,<2></c><1>soredemomaeo</c><3>muitearuitekunda</c><2></c>,soredemomaeomuitearuitekunda
250.567,250.734,67,0,<2></c><1>soredemomaeomu</c><3>itearuitekunda</c><2></c>,soredemomaeomuitearuitekunda
250.734,250.934,67,0,<2></c><1>soredemomaeomui</c><3>tearuitekunda</c><2></c>,soredemomaeomuitearuitekunda
250.934,251.935,67,0,<2></c><1>soredemomaeomuite</c><3>aruitekunda</c><2></c>,soredemomaeomuitearuitekunda
251.935,252.369,67,0,<2></c><1>soredemomaeomuitea</c><3>ruitekunda</c><2></c>,soredemomaeomuitearuitekunda
252.369,253.07,67,0,<2></c><1>soredemomaeomuitearu</c><3>itekunda</c><2></c>,soredemomaeomuitearuitekunda
253.07,253.403,67,0,<2></c><1>soredemomaeomuitearui</c><3>tekunda</c><2></c>,soredemomaeomuitearuitekunda
253.403,253.737,67,0,<2></c><1>soredemomaeomuitearuite</c><3>kunda</c><2></c>,soredemomaeomuitearuitekunda
253.737,254.438,67,0,<2></c><1>soredemomaeomuitearuiteku</c><3>nda</c><2></c>,soredemomaeomuitearuitekunda
254.438,255.138,67,0,<2></c><1>soredemomaeomuitearuitekun</c><3>da</c><2></c>,soredemomaeomuitearuitekunda
255.138,256.907,67,0,<2></c><1>soredemomaeomuitearuitekunda</c><2></c>,soredemomaeomuitearuitekunda
256.907,257.608,80,0,<2></c><1>no</c><3>basutenonakaniwanozonda</c><4></c><3>mirai</c><4></c><2></c>,nobasutenonakaniwanozondamirai
257.608,258.342,80,0,<2></c><1>noba</c><3>sutenonakaniwanozonda</c><4></c><3>mirai</c><4></c><2></c>,nobasutenonakaniwanozondamirai
258.342,259.409,80,0,<2></c><1>nobasu</c><3>tenonakaniwanozonda</c><4></c><3>mirai</c><4></c><2></c>,nobasutenonakaniwanozondamirai
259.409,259.576,80,0,<2></c><1>nobasute</c><3>nonakaniwanozonda</c><4></c><3>mirai</c><4></c><2></c>,nobasutenonakaniwanozondamirai
259.576,260.811,80,0,<2></c><1>nobasuteno</c><3>nakaniwanozonda</c><4></c><3>mirai</c><4></c><2></c>,nobasutenonakaniwanozondamirai
260.811,261.144,80,0,<2></c><1>nobasutenona</c><3>kaniwanozonda</c><4></c><3>mirai</c><4></c><2></c>,nobasutenonakaniwanozondamirai
261.144,262.212,80,0,<2></c><1>nobasutenonaka</c><3>niwanozonda</c><4></c><3>mirai</c><4></c><2></c>,nobasutenonakaniwanozondamirai
262.212,262.412,80,0,<2></c><1>nobasutenonakani</c><3>wanozonda</c><4></c><3>mirai</c><4></c><2></c>,nobasutenonakaniwanozondamirai
262.412,263.647,80,0,<2></c><1>nobasutenonakaniwa</c><3>nozonda</c><4></c><3>mirai</c><4></c><2></c>,nobasutenonakaniwanozondamirai
263.647,263.947,80,0,<2></c><1>nobasutenonakaniwano</c><3>zonda</c><4></c><3>mirai</c><4></c><2></c>,nobasutenonakaniwanozondamirai
263.947,264.448,80,0,<2></c><1>nobasutenonakaniwanozo</c><3>nda</c><4></c><3>mirai</c><4></c><2></c>,nobasutenonakaniwanozondamirai
264.448,264.681,80,0,<2></c><1>nobasutenonakaniwanozon</c><3>da</c><4></c><3>mirai</c><4></c><2></c>,nobasutenonakaniwanozondamirai
264.681,265.382,78,0,<2></c><1>nobasutenonakaniwanozonda</c><4></c><3>mirai</c><4></c><2></c>,nobasutenonakaniwanozondamirai
265.382,266.083,80,0,<2></c><1>nobasutenonakaniwanozonda</c><4></c><1>mi</c><3>rai</c><4></c><2></c>,nobasutenonakaniwanozondamirai
266.083,266.65,80,0,<2></c><1>nobasutenonakaniwanozonda</c><4></c><1>mira</c><3>i</c><4></c><2></c>,nobasutenonakaniwanozondamirai
266.65,268.885,78,0,<2></c><1>nobasutenonakaniwanozonda</c><4></c><1>mirai</c><4></c><2></c>,nobasutenonakaniwanozondamirai
268.885,269.253,-1,0,<2></c><1>yat</c><3>totodoitanda</c><2></c>,yattotodoitanda
269.253,270.287,-1,0,<2></c><1>yatto</c><3>todoitanda</c><2></c>,yattotodoitanda
270.287,270.687,-1,0,<2></c><1>yattoto</c><3>doitanda</c><2></c>,yattotodoitanda
270.687,271.255,-1,0,<2></c><1>yattotodo</c><3>itanda</c><2></c>,yattotodoitanda
271.255,271.555,-1,0,<2></c><1>yattotodoi</c><3>tanda</c><2></c>,yattotodoitanda
271.555,272.055,-1,0,<2></c><1>yattotodoita</c><3>nda</c><2></c>,yattotodoitanda
272.055,272.222,-1,0,<2></c><1>yattotodoitan</c><3>da</c><2></c>,yattotodoitanda
272.222,273.523,-1,0,<2></c><1>yattotodoitanda</c><2></c>,yattotodoitanda
273.523,273.69,72,0,<2></c><1>bo</c><3>kuranomiraiwakokokarahajimaru</c><2></c>,bokuranomiraiwakokokarahajimaru
273.69,273.857,72,0,<2></c><1>boku</c><3>ranomiraiwakokokarahajimaru</c><2></c>,bokuranomiraiwakokokarahajimaru
273.857,274.224,72,0,<2></c><1>bokura</c><3>nomiraiwakokokarahajimaru</c><2></c>,bokuranomiraiwakokokarahajimaru
274.224,274.391,72,0,<2></c><1>bokurano</c><3>miraiwakokokarahajimaru</c><2></c>,bokuranomiraiwakokokarahajimaru
274.391,274.758,72,0,<2></c><1>bokuranomi</c><3>raiwakokokarahajimaru</c><2></c>,bokuranomiraiwakokokarahajimaru
274.758,274.925,72,0,<2></c><1>bokuranomira</c><3>iwakokokarahajimaru</c><2></c>,bokuranomiraiwakokokarahajimaru
274.925,275.125,72,0,<2></c><1>bokuranomirai</c><3>wakokokarahajimaru</c><2></c>,bokuranomiraiwakokokarahajimaru
275.125,279.162,72,0,<2></c><1>bokuranomiraiwa</c><3>kokokarahajimaru</c><2></c>,bokuranomiraiwakokokarahajimaru
279.162,279.329,72,0,<2></c><1>bokuranomiraiwako</c><3>kokarahajimaru</c><2></c>,bokuranomiraiwakokokarahajimaru
279.329,279.529,72,0,<2></c><1>bokuranomiraiwakoko</c><3>karahajimaru</c><2></c>,bokuranomiraiwakokokarahajimaru
279.529,279.863,72,0,<2></c><1>bokuranomiraiwakokoka</c><3>rahajimaru</c><2></c>,bokuranomiraiwakokokarahajimaru
279.863,280.097,72,0,<2></c><1>bokuranomiraiwakokokara</c><3>hajimaru</c><2></c>,bokuranomiraiwakokokarahajimaru
280.097,280.364,72,0,<2></c><1>bokuranomiraiwakokokaraha</c><3>jimaru</c><2></c>,bokuranomiraiwakokokarahajimaru
280.364,280.564,72,0,<2></c><1>bokuranomiraiwakokokarahaji</c><3>maru</c><2></c>,bokuranomiraiwakokokarahajimaru
280.564,280.764,72,0,<2></c><1>bokuranomiraiwakokokarahajima</c><3>ru</c><2></c>,bokuranomiraiwakokokarahajimaru
280.764,282.666,72,0,<2></c><1>bokuranomiraiwakokokarahajimaru</c><2></c>,bokuranomiraiwakokokarahajimaru
297.914,303.553,-1,0,<2></c><4>tsunomakiproductionteam</c><2></c>,tsunomakiproductionteam
