start,end,position,line,text,unformatted
1.785,16.0,66,0,<2></c><7>tsunomakiwatame-melodyforyou</c><2></c>,tsunomakiwatame-melodyforyou
16.533,16.9,59,0,<2></c><7>su</c><4>goshitekitatakusannohibi</c><2></c>,sugoshitekitatakusannohibi
16.9,17.201,59,0,<2></c><7>sugo</c><4>shitekitatakusannohibi</c><2></c>,sugoshitekitatakusannohibi
17.201,17.568,59,0,<2></c><7>sugoshi</c><4>tekitatakusannohibi</c><2></c>,sugoshitekitatakusannohibi
17.568,17.968,59,0,<2></c><7>sugoshite</c><4>kitatakusannohibi</c><2></c>,sugoshitekitatakusannohibi
17.968,18.435,59,0,<2></c><7>sugoshiteki</c><4>tatakusannohibi</c><2></c>,sugoshitekitatakusannohibi
18.435,19.103,59,0,<2></c><7>sugoshitekita</c><4>takusannohibi</c><2></c>,sugoshitekitatakusannohibi
19.103,19.336,59,0,<2></c><7>sugoshitekitata</c><4>kusannohibi</c><2></c>,sugoshitekitatakusannohibi
19.336,19.57,59,0,<2></c><7>sugoshitekitataku</c><4>sannohibi</c><2></c>,sugoshitekitatakusannohibi
19.57,20.004,59,0,<2></c><7>sugoshitekitatakusa</c><4>nnohibi</c><2></c>,sugoshitekitatakusannohibi
20.004,20.237,59,0,<2></c><7>sugoshitekitatakusan</c><4>nohibi</c><2></c>,sugoshitekitatakusannohibi
20.237,20.671,59,0,<2></c><7>sugoshitekitatakusanno</c><4>hibi</c><2></c>,sugoshitekitatakusannohibi
20.671,21.105,59,0,<2></c><7>sugoshitekitatakusannohi</c><4>bi</c><2></c>,sugoshitekitatakusannohibi
21.105,23.774,59,0,<2></c><7>sugoshitekitatakusannohibi</c><2></c>,sugoshitekitatakusannohibi
23.774,24.008,56,0,<2></c><7>a</c><4>ruitekitahateshinaimichi</c><2></c>,aruitekitahateshinaimichi
24.008,24.341,56,0,<2></c><7>aru</c><4>itekitahateshinaimichi</c><2></c>,aruitekitahateshinaimichi
24.341,24.675,56,0,<2></c><7>arui</c><4>tekitahateshinaimichi</c><2></c>,aruitekitahateshinaimichi
24.675,25.075,56,0,<2></c><7>aruite</c><4>kitahateshinaimichi</c><2></c>,aruitekitahateshinaimichi
25.075,25.576,56,0,<2></c><7>aruiteki</c><4>tahateshinaimichi</c><2></c>,aruitekitahateshinaimichi
25.576,26.176,56,0,<2></c><7>aruitekita</c><4>hateshinaimichi</c><2></c>,aruitekitahateshinaimichi
26.176,26.443,56,0,<2></c><7>aruitekitaha</c><4>teshinaimichi</c><2></c>,aruitekitahateshinaimichi
26.443,26.677,56,0,<2></c><7>aruitekitahate</c><4>shinaimichi</c><2></c>,aruitekitahateshinaimichi
26.677,27.111,56,0,<2></c><7>aruitekitahateshi</c><4>naimichi</c><2></c>,aruitekitahateshinaimichi
27.111,27.378,56,0,<2></c><7>aruitekitahateshina</c><4>imichi</c><2></c>,aruitekitahateshinaimichi
27.378,27.778,56,0,<2></c><7>aruitekitahateshinai</c><4>michi</c><2></c>,aruitekitahateshinaimichi
27.778,28.178,56,0,<2></c><7>aruitekitahateshinaimi</c><4>chi</c><2></c>,aruitekitahateshinaimichi
28.178,29.646,56,0,<2></c><7>aruitekitahateshinaimichi</c><2></c>,aruitekitahateshinaimichi
30.848,31.081,64,0,<2></c><7>yu</c><4>menokeshikitadoritsukutame</c><2></c>,yumenokeshikitadoritsukutame
31.081,31.415,64,0,<2></c><7>yume</c><4>nokeshikitadoritsukutame</c><2></c>,yumenokeshikitadoritsukutame
31.415,31.815,64,0,<2></c><7>yumeno</c><4>keshikitadoritsukutame</c><2></c>,yumenokeshikitadoritsukutame
31.815,32.216,64,0,<2></c><7>yumenoke</c><4>shikitadoritsukutame</c><2></c>,yumenokeshikitadoritsukutame
32.216,32.649,64,0,<2></c><7>yumenokeshi</c><4>kitadoritsukutame</c><2></c>,yumenokeshikitadoritsukutame
32.649,33.283,64,0,<2></c><7>yumenokeshiki</c><4>tadoritsukutame</c><2></c>,yumenokeshikitadoritsukutame
33.283,33.55,64,0,<2></c><7>yumenokeshikita</c><4>doritsukutame</c><2></c>,yumenokeshikitadoritsukutame
33.55,33.784,64,0,<2></c><7>yumenokeshikitado</c><4>ritsukutame</c><2></c>,yumenokeshikitadoritsukutame
33.784,34.184,64,0,<2></c><7>yumenokeshikitadori</c><4>tsukutame</c><2></c>,yumenokeshikitadoritsukutame
34.184,34.451,64,0,<2></c><7>yumenokeshikitadoritsu</c><4>kutame</c><2></c>,yumenokeshikitadoritsukutame
34.451,34.885,64,0,<2></c><7>yumenokeshikitadoritsuku</c><4>tame</c><2></c>,yumenokeshikitadoritsukutame
34.885,35.319,64,0,<2></c><7>yumenokeshikitadoritsukuta</c><4>me</c><2></c>,yumenokeshikitadoritsukutame
35.319,37.988,64,0,<2></c><7>yumenokeshikitadoritsukutame</c><2></c>,yumenokeshikitadoritsukutame
37.988,38.222,59,0,<2></c><7>mo</c><4>nogatariwamadatsuzuiteku</c><2></c>,monogatariwamadatsuzuiteku
38.222,38.555,59,0,<2></c><7>mono</c><4>gatariwamadatsuzuiteku</c><2></c>,monogatariwamadatsuzuiteku
38.555,38.889,59,0,<2></c><7>monoga</c><4>tariwamadatsuzuiteku</c><2></c>,monogatariwamadatsuzuiteku
38.889,39.323,59,0,<2></c><7>monogata</c><4>riwamadatsuzuiteku</c><2></c>,monogatariwamadatsuzuiteku
39.323,39.79,59,0,<2></c><7>monogatari</c><4>wamadatsuzuiteku</c><2></c>,monogatariwamadatsuzuiteku
39.79,40.424,59,0,<2></c><7>monogatariwa</c><4>madatsuzuiteku</c><2></c>,monogatariwamadatsuzuiteku
40.424,40.858,59,0,<2></c><7>monogatariwama</c><4>datsuzuiteku</c><2></c>,monogatariwamadatsuzuiteku
40.858,42.393,59,0,<2></c><7>monogatariwamada</c><4>tsuzuiteku</c><2></c>,monogatariwamadatsuzuiteku
42.393,42.659,59,0,<2></c><7>monogatariwamadatsu</c><4>zuiteku</c><2></c>,monogatariwamadatsuzuiteku
42.659,42.96,59,0,<2></c><7>monogatariwamadatsuzu</c><4>iteku</c><2></c>,monogatariwamadatsuzuiteku
42.96,43.293,59,0,<2></c><7>monogatariwamadatsuzui</c><4>teku</c><2></c>,monogatariwamadatsuzuiteku
43.293,43.494,59,0,<2></c><7>monogatariwamadatsuzuite</c><4>ku</c><2></c>,monogatariwamadatsuzuiteku
43.494,44.194,59,0,<2></c><7>monogatariwamadatsuzuiteku</c><2></c>,monogatariwamadatsuzuiteku
44.194,44.428,75,0,<2></c><7>ki</c><4>ttobokuwajibundakejakagayakenai</c><2></c>,kittobokuwajibundakejakagayakenai
44.428,44.762,75,0,<2></c><7>kit</c><4>tobokuwajibundakejakagayakenai</c><2></c>,kittobokuwajibundakejakagayakenai
44.762,45.129,75,0,<2></c><7>kitto</c><4>bokuwajibundakejakagayakenai</c><2></c>,kittobokuwajibundakejakagayakenai
45.129,45.329,75,0,<2></c><7>kittobo</c><4>kuwajibundakejakagayakenai</c><2></c>,kittobokuwajibundakejakagayakenai
45.329,45.662,75,0,<2></c><7>kittoboku</c><4>wajibundakejakagayakenai</c><2></c>,kittobokuwajibundakejakagayakenai
45.662,45.996,75,0,<2></c><7>kittobokuwa</c><4>jibundakejakagayakenai</c><2></c>,kittobokuwajibundakejakagayakenai
45.996,46.23,75,0,<2></c><7>kittobokuwaji</c><4>bundakejakagayakenai</c><2></c>,kittobokuwajibundakejakagayakenai
46.23,46.563,75,0,<2></c><7>kittobokuwajibun</c><4>dakejakagayakenai</c><2></c>,kittobokuwajibundakejakagayakenai
46.563,46.897,75,0,<2></c><7>kittobokuwajibunda</c><4>kejakagayakenai</c><2></c>,kittobokuwajibundakejakagayakenai
46.897,47.297,75,0,<2></c><7>kittobokuwajibundake</c><4>jakagayakenai</c><2></c>,kittobokuwajibundakejakagayakenai
47.297,47.765,75,0,<2></c><7>kittobokuwajibundakeja</c><4>kagayakenai</c><2></c>,kittobokuwajibundakejakagayakenai
47.765,47.998,75,0,<2></c><7>kittobokuwajibundakejaka</c><4>gayakenai</c><2></c>,kittobokuwajibundakejakagayakenai
47.998,48.332,75,0,<2></c><7>kittobokuwajibundakejakaga</c><4>yakenai</c><2></c>,kittobokuwajibundakejakagayakenai
48.332,48.665,75,0,<2></c><7>kittobokuwajibundakejakagaya</c><4>kenai</c><2></c>,kittobokuwajibundakejakagayakenai
48.665,49.099,75,0,<2></c><7>kittobokuwajibundakejakagayake</c><4>nai</c><2></c>,kittobokuwajibundakejakagayakenai
49.099,49.6,75,0,<2></c><7>kittobokuwajibundakejakagayakena</c><4>i</c><2></c>,kittobokuwajibundakejakagayakenai
49.6,51.335,75,0,<2></c><7>kittobokuwajibundakejakagayakenai</c><2></c>,kittobokuwajibundakejakagayakenai
51.335,51.568,81,0,<2></c><7>so</c><4>rewamarudeyozoranotsukinoyoude...</c><2></c>,sorewamarudeyozoranotsukinoyoude...
51.568,51.869,81,0,<2></c><7>sore</c><4>wamarudeyozoranotsukinoyoude...</c><2></c>,sorewamarudeyozoranotsukinoyoude...
51.869,52.202,81,0,<2></c><7>sorewa</c><4>marudeyozoranotsukinoyoude...</c><2></c>,sorewamarudeyozoranotsukinoyoude...
52.202,52.436,81,0,<2></c><7>sorewama</c><4>rudeyozoranotsukinoyoude...</c><2></c>,sorewamarudeyozoranotsukinoyoude...
52.436,52.77,81,0,<2></c><7>sorewamaru</c><4>deyozoranotsukinoyoude...</c><2></c>,sorewamarudeyozoranotsukinoyoude...
52.77,53.103,81,0,<2></c><7>sorewamarude</c><4>yozoranotsukinoyoude...</c><2></c>,sorewamarudeyozoranotsukinoyoude...
53.103,53.303,81,0,<2></c><7>sorewamarudeyo</c><4>zoranotsukinoyoude...</c><2></c>,sorewamarudeyozoranotsukinoyoude...
53.303,53.67,81,0,<2></c><7>sorewamarudeyozo</c><4>ranotsukinoyoude...</c><2></c>,sorewamarudeyozoranotsukinoyoude...
53.67,53.971,81,0,<2></c><7>sorewamarudeyozora</c><4>notsukinoyoude...</c><2></c>,sorewamarudeyozoranotsukinoyoude...
53.971,54.438,81,0,<2></c><7>sorewamarudeyozorano</c><4>tsukinoyoude...</c><2></c>,sorewamarudeyozoranotsukinoyoude...
54.438,54.872,83,0,<2></c><7>sorewamarudeyozorano</c><6>tsu</c><4>kinoyoude...</c><2></c>,sorewamarudeyozoranotsukinoyoude...
54.872,55.105,83,0,<2></c><7>sorewamarudeyozorano</c><6>tsuki</c><4>noyoude...</c><2></c>,sorewamarudeyozoranotsukinoyoude...
55.105,56.206,84,0,<2></c><7>sorewamarudeyozorano</c><6>tsuki</c><7>no</c><4>youde...</c><2></c>,sorewamarudeyozoranotsukinoyoude...
56.206,56.44,84,0,<2></c><7>sorewamarudeyozorano</c><6>tsuki</c><7>noyo</c><4>ude...</c><2></c>,sorewamarudeyozoranotsukinoyoude...
56.44,56.673,84,0,<2></c><7>sorewamarudeyozorano</c><6>tsuki</c><7>noyou</c><4>de...</c><2></c>,sorewamarudeyozoranotsukinoyoude...
56.673,57.541,83,0,<2></c><7>sorewamarudeyozorano</c><6>tsuki</c><7>noyoude...</c><2></c>,sorewamarudeyozoranotsukinoyoude...
57.541,57.775,56,0,<2></c><7>tsu</c><4>mazuitemokizutsuitemo</c><2></c>,tsumazuitemokizutsuitemo
57.775,58.008,56,0,<2></c><7>tsuma</c><4>zuitemokizutsuitemo</c><2></c>,tsumazuitemokizutsuitemo
58.008,58.208,56,0,<2></c><7>tsumazu</c><4>itemokizutsuitemo</c><2></c>,tsumazuitemokizutsuitemo
58.208,58.442,56,0,<2></c><7>tsumazui</c><4>temokizutsuitemo</c><2></c>,tsumazuitemokizutsuitemo
58.442,58.675,56,0,<2></c><7>tsumazuite</c><4>mokizutsuitemo</c><2></c>,tsumazuitemokizutsuitemo
58.675,59.309,56,0,<2></c><7>tsumazuitemo</c><4>kizutsuitemo</c><2></c>,tsumazuitemokizutsuitemo
59.309,59.543,56,0,<2></c><7>tsumazuitemoki</c><4>zutsuitemo</c><2></c>,tsumazuitemokizutsuitemo
59.543,59.777,56,0,<2></c><7>tsumazuitemokizu</c><4>tsuitemo</c><2></c>,tsumazuitemokizutsuitemo
59.777,59.977,56,0,<2></c><7>tsumazuitemokizutsu</c><4>itemo</c><2></c>,tsumazuitemokizutsuitemo
59.977,60.21,56,0,<2></c><7>tsumazuitemokizutsui</c><4>temo</c><2></c>,tsumazuitemokizutsuitemo
60.21,60.444,56,0,<2></c><7>tsumazuitemokizutsuite</c><4>mo</c><2></c>,tsumazuitemokizutsuitemo
60.444,61.111,56,0,<2></c><7>tsumazuitemokizutsuitemo</c><2></c>,tsumazuitemokizutsuitemo
61.111,61.311,-1,0,<2></c><5>ko</c><4>kokaramatahajimeyou</c><2></c>,kokokaramatahajimeyou
61.311,61.545,-1,0,<2></c><5>koko</c><4>karamatahajimeyou</c><2></c>,kokokaramatahajimeyou
61.545,61.779,-1,0,<2></c><5>koko</c><7>ka</c><4>ramatahajimeyou</c><2></c>,kokokaramatahajimeyou
61.779,61.979,-1,0,<2></c><5>koko</c><7>kara</c><4>matahajimeyou</c><2></c>,kokokaramatahajimeyou
61.979,62.212,-1,0,<2></c><5>koko</c><7>karama</c><4>tahajimeyou</c><2></c>,kokokaramatahajimeyou
62.212,62.646,-1,0,<2></c><5>koko</c><7>karamata</c><4>hajimeyou</c><2></c>,kokokaramatahajimeyou
62.646,62.913,-1,0,<2></c><5>koko</c><7>karamataha</c><4>jimeyou</c><2></c>,kokokaramatahajimeyou
62.913,63.347,-1,0,<2></c><5>koko</c><7>karamatahaji</c><4>meyou</c><2></c>,kokokaramatahajimeyou
63.347,63.747,-1,0,<2></c><5>koko</c><7>karamatahajime</c><4>you</c><2></c>,kokokaramatahajimeyou
63.747,63.981,-1,0,<2></c><5>koko</c><7>karamatahajimeyo</c><4>u</c><2></c>,kokokaramatahajimeyou
63.981,64.648,-1,0,<2></c><5>koko</c><7>karamatahajimeyou</c><2></c>,kokokaramatahajimeyou
64.648,64.848,-1,0,<2></c><7>bu</c><4>kiyoudemochiisakutemo</c><2></c>,bukiyoudemochiisakutemo
64.848,65.082,-1,0,<2></c><7>buki</c><4>youdemochiisakutemo</c><2></c>,bukiyoudemochiisakutemo
65.082,65.315,-1,0,<2></c><7>bukiyo</c><4>udemochiisakutemo</c><2></c>,bukiyoudemochiisakutemo
65.315,65.516,-1,0,<2></c><7>bukiyou</c><4>demochiisakutemo</c><2></c>,bukiyoudemochiisakutemo
65.516,65.749,-1,0,<2></c><7>bukiyoude</c><4>mochiisakutemo</c><2></c>,bukiyoudemochiisakutemo
65.749,66.35,-1,0,<2></c><7>bukiyoudemo</c><4>chiisakutemo</c><2></c>,bukiyoudemochiisakutemo
66.35,66.617,-1,0,<2></c><7>bukiyoudemochi</c><4>isakutemo</c><2></c>,bukiyoudemochiisakutemo
66.617,66.85,-1,0,<2></c><7>bukiyoudemochii</c><4>sakutemo</c><2></c>,bukiyoudemochiisakutemo
66.85,67.051,-1,0,<2></c><7>bukiyoudemochiisa</c><4>kutemo</c><2></c>,bukiyoudemochiisakutemo
67.051,67.317,-1,0,<2></c><7>bukiyoudemochiisaku</c><4>temo</c><2></c>,bukiyoudemochiisakutemo
67.317,67.518,-1,0,<2></c><7>bukiyoudemochiisakute</c><4>mo</c><2></c>,bukiyoudemochiisakutemo
67.518,68.218,-1,0,<2></c><7>bukiyoudemochiisakutemo</c><2></c>,bukiyoudemochiisakutemo
68.218,68.452,-1,0,<2></c><7>u</c><4>taoutaitsuzukeyou</c><2></c>,utaoutaitsuzukeyou
68.452,68.652,-1,0,<2></c><7>uta</c><4>outaitsuzukeyou</c><2></c>,utaoutaitsuzukeyou
68.652,68.886,-1,0,<2></c><7>utao</c><4>utaitsuzukeyou</c><2></c>,utaoutaitsuzukeyou
68.886,69.086,-1,0,<2></c><7>utaou</c><4>taitsuzukeyou</c><2></c>,utaoutaitsuzukeyou
69.086,69.319,-1,0,<2></c><7>utaouta</c><4>itsuzukeyou</c><2></c>,utaoutaitsuzukeyou
69.319,69.753,-1,0,<2></c><7>utaoutai</c><4>tsuzukeyou</c><2></c>,utaoutaitsuzukeyou
69.753,69.987,-1,0,<2></c><7>utaoutaitsu</c><4>zukeyou</c><2></c>,utaoutaitsuzukeyou
69.987,70.454,-1,0,<2></c><7>utaoutaitsuzu</c><4>keyou</c><2></c>,utaoutaitsuzukeyou
70.454,70.888,-1,0,<2></c><7>utaoutaitsuzuke</c><4>you</c><2></c>,utaoutaitsuzukeyou
70.888,71.121,-1,0,<2></c><7>utaoutaitsuzukeyo</c><4>u</c><2></c>,utaoutaitsuzukeyou
71.121,71.989,-1,0,<2></c><7>utaoutaitsuzukeyou</c><2></c>,utaoutaitsuzukeyou
71.989,72.222,-1,0,<2></c><7>ki</c><4>ttohora</c><2></c>,kittohora
72.222,72.656,-1,0,<2></c><7>kit</c><4>tohora</c><2></c>,kittohora
72.656,74.224,-1,0,<2></c><7>kitto</c><4>hora</c><2></c>,kittohora
74.224,74.458,-1,0,<2></c><7>kittoho</c><4>ra</c><2></c>,kittohora
74.458,75.526,-1,0,<2></c><7>kittohora</c><2></c>,kittohora
75.526,75.759,-1,0,<2></c><7>to</c><4>dokukara</c><2></c>,todokukara
75.759,76.193,-1,0,<2></c><7>todo</c><4>kukara</c><2></c>,todokukara
76.193,77.761,-1,0,<2></c><7>todoku</c><4>kara</c><2></c>,todokukara
77.761,77.995,-1,0,<2></c><7>todokuka</c><4>ra</c><2></c>,todokukara
77.995,79.096,-1,0,<2></c><7>todokukara</c><2></c>,todokukara
79.096,79.463,-1,0,<2></c><7>hi</c><4>bike</c><2></c>,hibike
79.463,79.763,-1,0,<2></c><7>hibi</c><4>ke</c><2></c>,hibike
79.763,82.199,-1,0,<2></c><7>hibike</c><2></c>,hibike
82.666,83.0,-1,28,<2></c><7>hi</c><4>bike</c><2></c>,hibike
83.0,83.3,-1,28,<2></c><7>hibi</c><4>ke</c><2></c>,hibike
83.3,85.335,-1,28,<2></c><7>hibike</c><2></c>,hibike
87.771,87.971,56,0,<2></c><7>de</c><4>ainohiwaiwainoutao</c><2></c>,deainohiwaiwainoutao
87.971,88.305,56,0,<2></c><7>dea</c><4>inohiwaiwainoutao</c><2></c>,deainohiwaiwainoutao
88.305,88.672,56,0,<2></c><7>deai</c><4>nohiwaiwainoutao</c><2></c>,deainohiwaiwainoutao
88.672,89.039,56,0,<2></c><7>deaino</c><4>hiwaiwainoutao</c><2></c>,deainohiwaiwainoutao
89.039,89.54,56,0,<2></c><7>deainohi</c><4>waiwainoutao</c><2></c>,deainohiwaiwainoutao
89.54,90.207,56,0,<2></c><7>deainohiwa</c><4>iwainoutao</c><2></c>,deainohiwaiwainoutao
90.207,90.407,56,0,<2></c><7>deainohiwai</c><4>wainoutao</c><2></c>,deainohiwaiwainoutao
90.407,90.674,56,0,<2></c><7>deainohiwaiwa</c><4>inoutao</c><2></c>,deainohiwaiwainoutao
90.674,91.075,56,0,<2></c><7>deainohiwaiwai</c><4>noutao</c><2></c>,deainohiwaiwainoutao
91.075,91.308,56,0,<2></c><7>deainohiwaiwaino</c><4>utao</c><2></c>,deainohiwaiwainoutao
91.308,91.775,56,0,<2></c><7>deainohiwaiwainou</c><4>tao</c><2></c>,deainohiwaiwainoutao
91.775,92.209,56,0,<2></c><7>deainohiwaiwainouta</c><4>o</c><2></c>,deainohiwaiwainoutao
92.209,94.912,56,0,<2></c><7>deainohiwaiwainoutao</c><2></c>,deainohiwaiwainoutao
94.912,95.112,67,0,<2></c><7>wa</c><4>karenohiwatabidachinoutao</c><2></c>,wakarenohiwatabidachinoutao
95.112,95.446,67,0,<2></c><7>waka</c><4>renohiwatabidachinoutao</c><2></c>,wakarenohiwatabidachinoutao
95.446,95.779,67,0,<2></c><7>wakare</c><4>nohiwatabidachinoutao</c><2></c>,wakarenohiwatabidachinoutao
95.779,96.18,67,0,<2></c><7>wakareno</c><4>hiwatabidachinoutao</c><2></c>,wakarenohiwatabidachinoutao
96.18,96.647,67,0,<2></c><7>wakarenohi</c><4>watabidachinoutao</c><2></c>,wakarenohiwatabidachinoutao
96.647,97.347,67,0,<2></c><7>wakarenohiwa</c><4>tabidachinoutao</c><2></c>,wakarenohiwatabidachinoutao
97.347,97.548,67,0,<2></c><7>wakarenohiwata</c><4>bidachinoutao</c><2></c>,wakarenohiwatabidachinoutao
97.548,97.781,67,0,<2></c><7>wakarenohiwatabi</c><4>dachinoutao</c><2></c>,wakarenohiwatabidachinoutao
97.781,98.082,67,0,<2></c><7>wakarenohiwatabida</c><4>chinoutao</c><2></c>,wakarenohiwatabidachinoutao
98.082,98.215,67,0,<2></c><7>wakarenohiwatabidachi</c><4>noutao</c><2></c>,wakarenohiwatabidachinoutao
98.215,98.449,67,0,<2></c><7>wakarenohiwatabidachino</c><4>utao</c><2></c>,wakarenohiwatabidachinoutao
98.449,98.916,67,0,<2></c><7>wakarenohiwatabidachinou</c><4>tao</c><2></c>,wakarenohiwatabidachinoutao
98.916,99.349,67,0,<2></c><7>wakarenohiwatabidachinouta</c><4>o</c><2></c>,wakarenohiwatabidachinoutao
99.349,100.884,67,0,<2></c><7>wakarenohiwatabidachinoutao</c><2></c>,wakarenohiwatabidachinoutao
102.019,102.186,66,0,<2></c><7>ki</c><4>minotamenitokubetsunautao</c><2></c>,kiminotamenitokubetsunautao
102.186,102.553,66,0,<2></c><7>kimi</c><4>notamenitokubetsunautao</c><2></c>,kiminotamenitokubetsunautao
102.553,102.886,66,0,<2></c><7>kimino</c><4>tamenitokubetsunautao</c><2></c>,kiminotamenitokubetsunautao
102.886,103.32,66,0,<2></c><7>kiminota</c><4>menitokubetsunautao</c><2></c>,kiminotamenitokubetsunautao
103.32,103.754,66,0,<2></c><7>kiminotame</c><4>nitokubetsunautao</c><2></c>,kiminotamenitokubetsunautao
103.754,104.421,66,0,<2></c><7>kiminotameni</c><4>tokubetsunautao</c><2></c>,kiminotamenitokubetsunautao
104.421,104.655,66,0,<2></c><7>kiminotamenito</c><4>kubetsunautao</c><2></c>,kiminotamenitokubetsunautao
104.655,104.888,66,0,<2></c><7>kiminotamenitoku</c><4>betsunautao</c><2></c>,kiminotamenitokubetsunautao
104.888,105.222,66,0,<2></c><7>kiminotamenitokube</c><4>tsunautao</c><2></c>,kiminotamenitokubetsunautao
105.222,105.322,66,0,<2></c><7>kiminotamenitokubetsu</c><4>nautao</c><2></c>,kiminotamenitokubetsunautao
105.322,105.556,66,0,<2></c><7>kiminotamenitokubetsuna</c><4>utao</c><2></c>,kiminotamenitokubetsunautao
105.556,105.956,66,0,<2></c><7>kiminotamenitokubetsunau</c><4>tao</c><2></c>,kiminotamenitokubetsunautao
105.956,106.457,66,0,<2></c><7>kiminotamenitokubetsunauta</c><4>o</c><2></c>,kiminotamenitokubetsunautao
106.457,109.126,66,0,<2></c><7>kiminotamenitokubetsunautao</c><2></c>,kiminotamenitokubetsunautao
109.126,109.326,81,0,<2></c><7>tsu</c><4>mugidasousaahibikekimidakenomerodi</c><2></c>,tsumugidasousaahibikekimidakenomerodi
109.326,109.693,81,0,<2></c><7>tsumu</c><4>gidasousaahibikekimidakenomerodi</c><2></c>,tsumugidasousaahibikekimidakenomerodi
109.693,110.027,81,0,<2></c><7>tsumugi</c><4>dasousaahibikekimidakenomerodi</c><2></c>,tsumugidasousaahibikekimidakenomerodi
110.027,110.427,81,0,<2></c><7>tsumugida</c><4>sousaahibikekimidakenomerodi</c><2></c>,tsumugidasousaahibikekimidakenomerodi
110.427,110.894,81,0,<2></c><7>tsumugidaso</c><4>usaahibikekimidakenomerodi</c><2></c>,tsumugidasousaahibikekimidakenomerodi
110.894,111.528,81,0,<2></c><7>tsumugidasou</c><4>saahibikekimidakenomerodi</c><2></c>,tsumugidasousaahibikekimidakenomerodi
111.528,111.995,81,0,<2></c><7>tsumugidasousa</c><4>ahibikekimidakenomerodi</c><2></c>,tsumugidasousaahibikekimidakenomerodi
111.995,113.263,81,0,<2></c><7>tsumugidasousaa</c><4>hibikekimidakenomerodi</c><2></c>,tsumugidasousaahibikekimidakenomerodi
113.263,113.564,81,0,<2></c><7>tsumugidasousaahi</c><4>bikekimidakenomerodi</c><2></c>,tsumugidasousaahibikekimidakenomerodi
113.564,113.764,81,0,<2></c><7>tsumugidasousaahibi</c><4>kekimidakenomerodi</c><2></c>,tsumugidasousaahibikekimidakenomerodi
113.764,113.997,81,0,<2></c><7>tsumugidasousaahibike</c><4>kimidakenomerodi</c><2></c>,tsumugidasousaahibikekimidakenomerodi
113.997,114.198,81,0,<2></c><7>tsumugidasousaahibikeki</c><4>midakenomerodi</c><2></c>,tsumugidasousaahibikekimidakenomerodi
114.198,114.431,81,0,<2></c><7>tsumugidasousaahibikekimi</c><4>dakenomerodi</c><2></c>,tsumugidasousaahibikekimidakenomerodi
114.431,114.631,81,0,<2></c><7>tsumugidasousaahibikekimida</c><4>kenomerodi</c><2></c>,tsumugidasousaahibikekimidakenomerodi
114.631,114.865,81,0,<2></c><7>tsumugidasousaahibikekimidake</c><4>nomerodi</c><2></c>,tsumugidasousaahibikekimidakenomerodi
114.865,115.099,81,0,<2></c><7>tsumugidasousaahibikekimidakeno</c><4>merodi</c><2></c>,tsumugidasousaahibikekimidakenomerodi
115.099,115.332,81,0,<2></c><7>tsumugidasousaahibikekimidakenome</c><4>rodi</c><2></c>,tsumugidasousaahibikekimidakenomerodi
115.332,115.532,81,0,<2></c><7>tsumugidasousaahibikekimidakenomero</c><4>di</c><2></c>,tsumugidasousaahibikekimidakenomerodi
115.532,117.334,81,0,<2></c><7>tsumugidasousaahibikekimidakenomerodi</c><2></c>,tsumugidasousaahibikekimidakenomerodi
120.404,120.871,-1,0,<2></c><7>la</c><4>la</c><2></c>,lala
120.871,123.974,-1,0,<2></c><7>lala</c><2></c>,lala
123.974,124.208,-1,0,<2></c><7>la</c><4>lala...</c><2></c>,lalala...
124.208,124.441,-1,0,<2></c><7>lala</c><4>la...</c><2></c>,lalala...
124.441,127.978,-1,0,<2></c><7>lalala...</c><2></c>,lalala...
131.315,131.548,72,0,<2></c><7>ki</c><4>ttokimimohitoridewakagayakenai</c><2></c>,kittokimimohitoridewakagayakenai
131.548,131.882,72,0,<2></c><7>kit</c><4>tokimimohitoridewakagayakenai</c><2></c>,kittokimimohitoridewakagayakenai
131.882,132.216,72,0,<2></c><7>kitto</c><4>kimimohitoridewakagayakenai</c><2></c>,kittokimimohitoridewakagayakenai
132.216,132.416,72,0,<2></c><7>kittoki</c><4>mimohitoridewakagayakenai</c><2></c>,kittokimimohitoridewakagayakenai
132.416,132.783,72,0,<2></c><7>kittokimi</c><4>mohitoridewakagayakenai</c><2></c>,kittokimimohitoridewakagayakenai
132.783,133.083,72,0,<2></c><7>kittokimimo</c><4>hitoridewakagayakenai</c><2></c>,kittokimimohitoridewakagayakenai
133.083,133.317,72,0,<2></c><7>kittokimimohi</c><4>toridewakagayakenai</c><2></c>,kittokimimohitoridewakagayakenai
133.317,133.65,72,0,<2></c><7>kittokimimohito</c><4>ridewakagayakenai</c><2></c>,kittokimimohitoridewakagayakenai
133.65,133.984,72,0,<2></c><7>kittokimimohitori</c><4>dewakagayakenai</c><2></c>,kittokimimohitoridewakagayakenai
133.984,134.418,72,0,<2></c><7>kittokimimohitoride</c><4>wakagayakenai</c><2></c>,kittokimimohitoridewakagayakenai
134.418,134.852,72,0,<2></c><7>kittokimimohitoridewa</c><4>kagayakenai</c><2></c>,kittokimimohitoridewakagayakenai
134.852,135.119,72,0,<2></c><7>kittokimimohitoridewaka</c><4>gayakenai</c><2></c>,kittokimimohitoridewakagayakenai
135.119,135.452,72,0,<2></c><7>kittokimimohitoridewakaga</c><4>yakenai</c><2></c>,kittokimimohitoridewakagayakenai
135.452,135.752,72,0,<2></c><7>kittokimimohitoridewakagaya</c><4>kenai</c><2></c>,kittokimimohitoridewakagayakenai
135.752,136.22,72,0,<2></c><7>kittokimimohitoridewakagayake</c><4>nai</c><2></c>,kittokimimohitoridewakagayakenai
136.22,136.653,72,0,<2></c><7>kittokimimohitoridewakagayakena</c><4>i</c><2></c>,kittokimimohitoridewakagayakenai
136.653,138.455,72,0,<2></c><7>kittokimimohitoridewakagayakenai</c><2></c>,kittokimimohitoridewakagayakenai
138.455,138.655,69,0,<2></c><7>da</c><4>karabokugazuttotonariniiyou</c><2></c>,dakarabokugazuttotonariniiyou
138.655,138.989,69,0,<2></c><7>daka</c><4>rabokugazuttotonariniiyou</c><2></c>,dakarabokugazuttotonariniiyou
138.989,139.323,69,0,<2></c><7>dakara</c><4>bokugazuttotonariniiyou</c><2></c>,dakarabokugazuttotonariniiyou
139.323,139.556,69,0,<2></c><7>dakarabo</c><4>kugazuttotonariniiyou</c><2></c>,dakarabokugazuttotonariniiyou
139.556,139.89,69,0,<2></c><7>dakaraboku</c><4>gazuttotonariniiyou</c><2></c>,dakarabokugazuttotonariniiyou
139.89,140.224,69,0,<2></c><7>dakarabokuga</c><4>zuttotonariniiyou</c><2></c>,dakarabokugazuttotonariniiyou
140.224,140.457,69,0,<2></c><7>dakarabokugazu</c><4>ttotonariniiyou</c><2></c>,dakarabokugazuttotonariniiyou
140.457,140.757,69,0,<2></c><7>dakarabokugazut</c><4>totonariniiyou</c><2></c>,dakarabokugazuttotonariniiyou
140.757,141.091,69,0,<2></c><7>dakarabokugazutto</c><4>tonariniiyou</c><2></c>,dakarabokugazuttotonariniiyou
141.091,141.558,69,0,<2></c><7>dakarabokugazuttoto</c><4>nariniiyou</c><2></c>,dakarabokugazuttotonariniiyou
141.558,141.992,69,0,<2></c><7>dakarabokugazuttotona</c><4>riniiyou</c><2></c>,dakarabokugazuttotonariniiyou
141.992,142.192,69,0,<2></c><7>dakarabokugazuttotonari</c><4>niiyou</c><2></c>,dakarabokugazuttotonariniiyou
142.192,143.327,69,0,<2></c><7>dakarabokugazuttotonarini</c><4>iyou</c><2></c>,dakarabokugazuttotonariniiyou
143.327,143.527,69,0,<2></c><7>dakarabokugazuttotonarinii</c><4>you</c><2></c>,dakarabokugazuttotonariniiyou
143.527,143.76,69,0,<2></c><7>dakarabokugazuttotonariniiyo</c><4>u</c><2></c>,dakarabokugazuttotonariniiyou
143.76,144.661,69,0,<2></c><7>dakarabokugazuttotonariniiyou</c><2></c>,dakarabokugazuttotonariniiyou
144.661,144.862,-1,0,<2></c><7>mi</c><4>tekitamonokanjitakoto</c><2></c>,mitekitamonokanjitakoto
144.862,145.129,-1,0,<2></c><7>mite</c><4>kitamonokanjitakoto</c><2></c>,mitekitamonokanjitakoto
145.129,145.329,-1,0,<2></c><7>miteki</c><4>tamonokanjitakoto</c><2></c>,mitekitamonokanjitakoto
145.329,145.562,-1,0,<2></c><7>mitekita</c><4>monokanjitakoto</c><2></c>,mitekitamonokanjitakoto
145.562,145.796,-1,0,<2></c><7>mitekitamo</c><4>nokanjitakoto</c><2></c>,mitekitamonokanjitakoto
145.796,146.43,-1,0,<2></c><7>mitekitamono</c><4>kanjitakoto</c><2></c>,mitekitamonokanjitakoto
146.43,146.663,-1,0,<2></c><7>mitekitamonoka</c><4>njitakoto</c><2></c>,mitekitamonokanjitakoto
146.663,146.864,-1,0,<2></c><7>mitekitamonokan</c><4>jitakoto</c><2></c>,mitekitamonokanjitakoto
146.864,147.097,-1,0,<2></c><7>mitekitamonokanji</c><4>takoto</c><2></c>,mitekitamonokanjitakoto
147.097,147.331,-1,0,<2></c><7>mitekitamonokanjita</c><4>koto</c><2></c>,mitekitamonokanjitakoto
147.331,147.564,-1,0,<2></c><7>mitekitamonokanjitako</c><4>to</c><2></c>,mitekitamonokanjitakoto
147.564,148.198,-1,0,<2></c><7>mitekitamonokanjitakoto</c><2></c>,mitekitamonokanjitakoto
148.198,148.398,-1,0,<2></c><7>ko</c><4>tobanidekinakutemo</c><2></c>,kotobanidekinakutemo
148.398,148.665,-1,0,<2></c><7>koto</c><4>banidekinakutemo</c><2></c>,kotobanidekinakutemo
148.665,148.832,-1,0,<2></c><7>kotoba</c><4>nidekinakutemo</c><2></c>,kotobanidekinakutemo
148.832,149.099,-1,0,<2></c><7>kotobani</c><4>dekinakutemo</c><2></c>,kotobanidekinakutemo
149.099,149.299,-1,0,<2></c><7>kotobanide</c><4>kinakutemo</c><2></c>,kotobanidekinakutemo
149.299,149.733,-1,0,<2></c><7>kotobanideki</c><4>nakutemo</c><2></c>,kotobanidekinakutemo
149.733,150.0,-1,0,<2></c><7>kotobanidekina</c><4>kutemo</c><2></c>,kotobanidekinakutemo
150.0,150.4,-1,0,<2></c><7>kotobanidekinaku</c><4>temo</c><2></c>,kotobanidekinakutemo
150.4,150.868,-1,0,<2></c><7>kotobanidekinakute</c><4>mo</c><2></c>,kotobanidekinakutemo
150.868,151.768,-1,0,<2></c><7>kotobanidekinakutemo</c><2></c>,kotobanidekinakutemo
151.768,151.969,-1,0,<2></c><7>ko</c><4>noomoioharukakanata</c><2></c>,konoomoioharukakanata
151.969,152.202,-1,0,<2></c><7>kono</c><4>omoioharukakanata</c><2></c>,konoomoioharukakanata
152.202,152.436,-1,0,<2></c><7>konoo</c><4>moioharukakanata</c><2></c>,konoomoioharukakanata
152.436,152.669,-1,0,<2></c><7>konoomo</c><4>ioharukakanata</c><2></c>,konoomoioharukakanata
152.669,152.903,-1,0,<2></c><7>konoomoi</c><4>oharukakanata</c><2></c>,konoomoioharukakanata
152.903,153.504,-1,0,<2></c><7>konoomoio</c><4>harukakanata</c><2></c>,konoomoioharukakanata
153.504,153.77,-1,0,<2></c><7>konoomoioha</c><4>rukakanata</c><2></c>,konoomoioharukakanata
153.77,154.004,-1,0,<2></c><7>konoomoioharu</c><4>kakanata</c><2></c>,konoomoioharukakanata
154.004,154.204,-1,0,<2></c><7>konoomoioharuka</c><4>kanata</c><2></c>,konoomoioharukakanata
154.204,154.438,-1,0,<2></c><7>konoomoioharuka</c><1>ka</c><4>nata</c><2></c>,konoomoioharukakanata
154.438,154.671,-1,0,<2></c><7>konoomoioharuka</c><1>kana</c><4>ta</c><2></c>,konoomoioharukakanata
154.671,155.339,-1,0,<2></c><7>konoomoioharuka</c><1>kanata</c><2></c>,konoomoioharukakanata
155.339,155.539,-1,0,<2></c><7>u</c><4>taninosetetodokeyou</c><2></c>,utaninosetetodokeyou
155.539,155.772,-1,0,<2></c><7>uta</c><4>ninosetetodokeyou</c><2></c>,utaninosetetodokeyou
155.772,155.973,-1,0,<2></c><7>utani</c><4>nosetetodokeyou</c><2></c>,utaninosetetodokeyou
155.973,156.206,-1,0,<2></c><7>utanino</c><4>setetodokeyou</c><2></c>,utaninosetetodokeyou
156.206,156.44,-1,0,<2></c><7>utaninose</c><4>tetodokeyou</c><2></c>,utaninosetetodokeyou
156.44,156.874,-1,0,<2></c><7>utaninosete</c><4>todokeyou</c><2></c>,utaninosetetodokeyou
156.874,157.107,-1,0,<2></c><7>utaninoseteto</c><4>dokeyou</c><2></c>,utaninosetetodokeyou
157.107,157.541,-1,0,<2></c><7>utaninosetetodo</c><4>keyou</c><2></c>,utaninosetetodokeyou
157.541,157.975,-1,0,<2></c><7>utaninosetetodoke</c><4>you</c><2></c>,utaninosetetodokeyou
157.975,158.208,-1,0,<2></c><7>utaninosetetodokeyo</c><4>u</c><2></c>,utaninosetetodokeyou
158.208,158.876,-1,0,<2></c><7>utaninosetetodokeyou</c><2></c>,utaninosetetodokeyou
158.876,159.076,58,0,<2></c><7>ko</c><4>rekarasakikonotabijide</c><2></c>,korekarasakikonotabijide
159.076,159.309,58,0,<2></c><7>kore</c><4>karasakikonotabijide</c><2></c>,korekarasakikonotabijide
159.309,159.543,58,0,<2></c><7>koreka</c><4>rasakikonotabijide</c><2></c>,korekarasakikonotabijide
159.543,159.743,58,0,<2></c><7>korekara</c><4>sakikonotabijide</c><2></c>,korekarasakikonotabijide
159.743,159.977,58,0,<2></c><7>korekarasa</c><4>kikonotabijide</c><2></c>,korekarasakikonotabijide
159.977,160.611,58,0,<2></c><7>korekarasaki</c><4>konotabijide</c><2></c>,korekarasakikonotabijide
160.611,160.844,58,0,<2></c><7>korekarasakiko</c><4>notabijide</c><2></c>,korekarasakikonotabijide
160.844,161.078,58,0,<2></c><7>korekarasakikono</c><4>tabijide</c><2></c>,korekarasakikonotabijide
161.078,161.311,58,0,<2></c><7>korekarasakikonota</c><4>bijide</c><2></c>,korekarasakikonotabijide
161.311,161.512,58,0,<2></c><7>korekarasakikonotabi</c><4>jide</c><2></c>,korekarasakikonotabijide
161.512,161.778,58,0,<2></c><7>korekarasakikonotabiji</c><4>de</c><2></c>,korekarasakikonotabijide
161.778,162.446,58,0,<2></c><7>korekarasakikonotabijide</c><2></c>,korekarasakikonotabijide
162.446,162.646,59,0,<2></c><7>do</c><4>nnaarashigaosottekitemo</c><2></c>,donnaarashigaosottekitemo
162.646,162.88,59,0,<2></c><7>don</c><4>naarashigaosottekitemo</c><2></c>,donnaarashigaosottekitemo
162.88,163.08,59,0,<2></c><7>donna</c><4>arashigaosottekitemo</c><2></c>,donnaarashigaosottekitemo
163.08,163.347,59,0,<2></c><7>donnaa</c><4>rashigaosottekitemo</c><2></c>,donnaarashigaosottekitemo
163.347,163.547,59,0,<2></c><7>donnaara</c><4>shigaosottekitemo</c><2></c>,donnaarashigaosottekitemo
163.547,163.881,59,0,<2></c><7>donnaarashi</c><4>gaosottekitemo</c><2></c>,donnaarashigaosottekitemo
163.881,164.181,59,0,<2></c><7>donnaarashiga</c><4>osottekitemo</c><2></c>,donnaarashigaosottekitemo
164.181,164.414,59,0,<2></c><7>donnaarashigao</c><4>sottekitemo</c><2></c>,donnaarashigaosottekitemo
164.414,164.781,59,0,<2></c><7>donnaarashigaosot</c><4>tekitemo</c><2></c>,donnaarashigaosottekitemo
164.781,164.982,59,0,<2></c><7>donnaarashigaosotte</c><4>kitemo</c><2></c>,donnaarashigaosottekitemo
164.982,165.082,59,0,<2></c><7>donnaarashigaosotteki</c><4>temo</c><2></c>,donnaarashigaosottekitemo
165.082,165.315,59,0,<2></c><7>donnaarashigaosottekite</c><4>mo</c><2></c>,donnaarashigaosottekitemo
165.315,165.983,59,0,<2></c><7>donnaarashigaosottekitemo</c><2></c>,donnaarashigaosottekitemo
165.983,166.216,-1,0,<2></c><7>da</c><4>ijoubukimitoisshoni</c><2></c>,daijoubukimitoisshoni
166.216,166.55,-1,0,<2></c><7>dai</c><4>joubukimitoisshoni</c><2></c>,daijoubukimitoisshoni
166.55,166.884,-1,0,<2></c><7>daijo</c><4>ubukimitoisshoni</c><2></c>,daijoubukimitoisshoni
166.884,167.117,-1,0,<2></c><7>daijou</c><4>bukimitoisshoni</c><2></c>,daijoubukimitoisshoni
167.117,167.751,-1,0,<2></c><7>daijoubu</c><4>kimitoisshoni</c><2></c>,daijoubukimitoisshoni
167.751,167.951,-1,0,<2></c><7>daijoubuki</c><4>mitoisshoni</c><2></c>,daijoubukimitoisshoni
167.951,168.318,-1,0,<2></c><7>daijoubukimi</c><4>toisshoni</c><2></c>,daijoubukimitoisshoni
168.318,168.652,-1,0,<2></c><7>daijoubukimito</c><4>isshoni</c><2></c>,daijoubukimitoisshoni
168.652,168.886,-1,0,<2></c><7>daijoubukimitoi</c><4>sshoni</c><2></c>,daijoubukimitoisshoni
168.886,168.986,-1,0,<2></c><7>daijoubukimitois</c><4>shoni</c><2></c>,daijoubukimitoisshoni
168.986,169.119,-1,0,<2></c><7>daijoubukimitoissho</c><4>ni</c><2></c>,daijoubukimitoisshoni
169.119,169.52,-1,0,<2></c><7>daijoubukimitoisshoni</c><2></c>,daijoubukimitoisshoni
169.52,169.753,-1,0,<2></c><7>u</c><4>taoutaitsuzukeyou</c><2></c>,utaoutaitsuzukeyou
169.753,169.987,-1,0,<2></c><7>uta</c><4>outaitsuzukeyou</c><2></c>,utaoutaitsuzukeyou
169.987,170.187,-1,0,<2></c><7>utao</c><4>utaitsuzukeyou</c><2></c>,utaoutaitsuzukeyou
170.187,170.42,-1,0,<2></c><7>utaou</c><4>taitsuzukeyou</c><2></c>,utaoutaitsuzukeyou
170.42,170.654,-1,0,<2></c><7>utaouta</c><4>itsuzukeyou</c><2></c>,utaoutaitsuzukeyou
170.654,171.088,-1,0,<2></c><7>utaoutai</c><4>tsuzukeyou</c><2></c>,utaoutaitsuzukeyou
171.088,171.321,-1,0,<2></c><7>utaoutaitsu</c><4>zukeyou</c><2></c>,utaoutaitsuzukeyou
171.321,171.755,-1,0,<2></c><7>utaoutaitsuzu</c><4>keyou</c><2></c>,utaoutaitsuzukeyou
171.755,172.189,-1,0,<2></c><7>utaoutaitsuzuke</c><4>you</c><2></c>,utaoutaitsuzukeyou
172.189,172.389,-1,0,<2></c><7>utaoutaitsuzukeyo</c><4>u</c><2></c>,utaoutaitsuzukeyou
172.389,173.29,-1,0,<2></c><7>utaoutaitsuzukeyou</c><2></c>,utaoutaitsuzukeyou
173.29,173.524,-1,0,<2></c><7>to</c><4>dokuyouni</c><2></c>,todokuyouni
173.524,173.957,-1,0,<2></c><7>todo</c><4>kuyouni</c><2></c>,todokuyouni
173.957,175.492,-1,0,<2></c><7>todoku</c><4>youni</c><2></c>,todokuyouni
175.492,175.626,-1,0,<2></c><7>todokuyo</c><4>uni</c><2></c>,todokuyouni
175.626,175.759,-1,0,<2></c><7>todokuyou</c><4>ni</c><2></c>,todokuyouni
175.759,176.827,-1,0,<2></c><7>todokuyouni</c><2></c>,todokuyouni
176.827,177.094,-1,0,<2></c><7>ko</c><4>korokara</c><2></c>,kokorokara
177.094,177.528,-1,0,<2></c><7>koko</c><4>rokara</c><2></c>,kokorokara
177.528,179.062,-1,0,<2></c><7>kokoro</c><4>kara</c><2></c>,kokorokara
179.062,179.329,-1,0,<2></c><7>kokoroka</c><4>ra</c><2></c>,kokorokara
179.329,180.43,-1,0,<2></c><7>kokorokara</c><2></c>,kokorokara
180.43,180.764,-1,0,<2></c><3>to</c><4>wani</c><2></c>,towani
180.764,181.098,-1,0,<2></c><3>towa</c><4>ni</c><2></c>,towani
181.098,183.967,-1,0,<2></c><3>towa</c><7>ni</c><2></c>,towani
183.967,184.334,-1,0,<2></c><7>hi</c><4>bikehora</c><2></c>,hibikehora
184.334,184.635,-1,0,<2></c><7>hibi</c><4>kehora</c><2></c>,hibikehora
184.635,186.17,-1,0,<2></c><7>hibike</c><4>hora</c><2></c>,hibikehora
186.17,186.436,-1,0,<2></c><7>hibikeho</c><4>ra</c><2></c>,hibikehora
186.436,187.304,-1,0,<2></c><7>hibikehora</c><2></c>,hibikehora
187.304,187.437,-1,0,<2></c><7>ko</c><4>nomerodi</c><2></c>,konomerodi
187.437,187.538,-1,0,<2></c><7>kono</c><4>merodi</c><2></c>,konomerodi
187.538,187.871,-1,0,<2></c><7>konome</c><4>rodi</c><2></c>,konomerodi
187.871,188.205,-1,0,<2></c><7>konomero</c><4>di</c><2></c>,konomerodi
188.205,191.542,-1,0,<2></c><7>konomerodi</c><2></c>,konomerodi
191.542,192.009,-1,0,<2></c><7>la</c><4>la</c><2></c>,lala
192.009,195.078,-1,0,<2></c><7>lala</c><2></c>,lala
195.078,195.312,-1,0,<2></c><7>la</c><4>lala...</c><2></c>,lalala...
195.312,195.546,-1,0,<2></c><7>lala</c><4>la...</c><2></c>,lalala...
195.546,199.082,-1,0,<2></c><7>lalala...</c><2></c>,lalala...
199.082,202.653,-1,0,<2></c><7>specialthanks:watamates</c><2></c>,specialthanks:watamates
