start,end,position,line,text,unformatted
0.718,5.789,-1,0,<3></c><1>bluejourney-you≠me</c><3></c>,bluejourney-you≠me
8.926,9.093,-1,0,<3></c><4>ki</c><5>koenaifurishiteta</c><3></c>,kikoenaifurishiteta
9.093,9.259,-1,0,<3></c><4>kiko</c><5>enaifurishiteta</c><3></c>,kikoenaifurishiteta
9.259,9.593,-1,0,<3></c><4>kikoe</c><5>naifurishiteta</c><3></c>,kikoenaifurishiteta
9.593,9.893,-1,0,<3></c><4>kikoena</c><5>ifurishiteta</c><3></c>,kikoenaifurishiteta
9.893,10.06,-1,0,<3></c><4>kikoenai</c><5>furishiteta</c><3></c>,kikoenaifurishiteta
10.06,10.227,-1,0,<3></c><4>kikoenaifu</c><5>rishiteta</c><3></c>,kikoenaifurishiteta
10.227,10.494,-1,0,<3></c><4>kikoenaifuri</c><5>shiteta</c><3></c>,kikoenaifurishiteta
10.494,10.861,-1,0,<3></c><4>kikoenaifurishi</c><5>teta</c><3></c>,kikoenaifurishiteta
10.861,11.628,-1,0,<3></c><4>kikoenaifurishite</c><5>ta</c><3></c>,kikoenaifurishiteta
11.628,12.73,-1,0,<3></c><4>kikoenaifurishiteta</c><3></c>,kikoenaifurishiteta
12.73,12.896,-1,0,<3></c><4>bo</c><5>kunoiyahonkatahou</c><3></c>,bokunoiyahonkatahou
12.896,13.03,-1,0,<3></c><4>boku</c><5>noiyahonkatahou</c><3></c>,bokunoiyahonkatahou
13.03,13.364,-1,0,<3></c><4>bokuno</c><5>iyahonkatahou</c><3></c>,bokunoiyahonkatahou
13.364,13.831,-1,0,<3></c><4>bokunoi</c><5>yahonkatahou</c><3></c>,bokunoiyahonkatahou
13.831,14.031,-1,0,<3></c><4>bokunoiya</c><5>honkatahou</c><3></c>,bokunoiyahonkatahou
14.031,14.164,-1,0,<3></c><4>bokunoiyaho</c><5>nkatahou</c><3></c>,bokunoiyahonkatahou
14.164,14.331,-1,0,<3></c><4>bokunoiyahon</c><5>katahou</c><3></c>,bokunoiyahonkatahou
14.331,14.631,-1,0,<3></c><4>bokunoiyahonka</c><5>tahou</c><3></c>,bokunoiyahonkatahou
14.631,14.932,-1,0,<3></c><4>bokunoiyahonkata</c><5>hou</c><3></c>,bokunoiyahonkatahou
14.932,15.099,-1,0,<3></c><4>bokunoiyahonkataho</c><5>u</c><3></c>,bokunoiyahonkatahou
15.099,15.733,-1,0,<3></c><4>bokunoiyahonkatahou</c><3></c>,bokunoiyahonkatahou
15.733,15.866,-1,0,<3></c><4>so</c><5>ttohazusukimi</c><3></c>,sottohazusukimi
15.866,16.033,-1,0,<3></c><4>sot</c><5>tohazusukimi</c><3></c>,sottohazusukimi
16.033,16.333,-1,0,<3></c><4>sotto</c><5>hazusukimi</c><3></c>,sottohazusukimi
16.333,16.5,-1,0,<3></c><4>sottoha</c><5>zusukimi</c><3></c>,sottohazusukimi
16.5,16.667,-1,0,<3></c><4>sottohazu</c><5>sukimi</c><3></c>,sottohazusukimi
16.667,16.967,-1,0,<3></c><4>sottohazusu</c><5>kimi</c><3></c>,sottohazusukimi
16.967,17.134,-1,0,<3></c><4>sottohazusuki</c><5>mi</c><3></c>,sottohazusukimi
17.134,19.036,-1,0,<3></c><4>sottohazusukimi</c><3></c>,sottohazusukimi
19.036,19.203,-1,0,<3></c><6>wa</c><5>suretaiyo</c><3></c>,wasuretaiyo
19.203,19.336,-1,0,<3></c><6>wasu</c><5>retaiyo</c><3></c>,wasuretaiyo
19.336,19.67,-1,0,<3></c><6>wasure</c><5>taiyo</c><3></c>,wasuretaiyo
19.67,20.137,-1,0,<3></c><6>wasureta</c><5>iyo</c><3></c>,wasuretaiyo
20.137,20.304,-1,0,<3></c><6>wasuretai</c><5>yo</c><3></c>,wasuretaiyo
20.304,20.637,-1,0,<3></c><6>wasuretaiyo</c><3></c>,wasuretaiyo
20.637,20.971,-1,0,<3></c><6>o</c><5>moidashitakunaiyo</c><3></c>,omoidashitakunaiyo
20.971,21.271,-1,0,<3></c><6>omo</c><5>idashitakunaiyo</c><3></c>,omoidashitakunaiyo
21.271,21.438,-1,0,<3></c><6>omoi</c><5>dashitakunaiyo</c><3></c>,omoidashitakunaiyo
21.438,21.605,-1,0,<3></c><6>omoida</c><5>shitakunaiyo</c><3></c>,omoidashitakunaiyo
21.605,21.905,-1,0,<3></c><6>omoidashi</c><5>takunaiyo</c><3></c>,omoidashitakunaiyo
21.905,22.206,-1,0,<3></c><6>omoidashita</c><5>kunaiyo</c><3></c>,omoidashitakunaiyo
22.206,22.539,-1,0,<3></c><6>omoidashitaku</c><5>naiyo</c><3></c>,omoidashitakunaiyo
22.539,22.84,-1,0,<3></c><6>omoidashitakuna</c><5>iyo</c><3></c>,omoidashitakunaiyo
22.84,23.173,-1,0,<3></c><6>omoidashitakunai</c><5>yo</c><3></c>,omoidashitakunaiyo
23.173,23.44,-1,0,<3></c><6>omoidashitakunaiyo</c><3></c>,omoidashitakunaiyo
23.44,23.54,-1,0,<3></c><7>i</c><5>kiohisomete</c><3></c>,ikiohisomete
23.54,23.607,-1,0,<3></c><7>iki</c><5>ohisomete</c><3></c>,ikiohisomete
23.607,24.108,-1,0,<3></c><7>ikio</c><5>hisomete</c><3></c>,ikiohisomete
24.108,24.241,-1,0,<3></c><7>ikiohi</c><5>somete</c><3></c>,ikiohisomete
24.241,24.575,-1,0,<3></c><7>ikiohiso</c><5>mete</c><3></c>,ikiohisomete
24.575,24.708,-1,0,<3></c><7>ikiohisome</c><5>te</c><3></c>,ikiohisomete
24.708,25.476,-1,0,<3></c><7>ikiohisomete</c><3></c>,ikiohisomete
25.476,25.642,-1,0,<3></c><7>ji</c><5>tto</c><3></c>,jitto
25.642,26.01,-1,0,<3></c><7>jit</c><5>to</c><3></c>,jitto
26.01,27.077,-1,0,<3></c><7>jitto</c><3></c>,jitto
27.077,27.244,-1,0,<3></c><7>cha</c><5>imumattenda</c><3></c>,chaimumattenda
27.244,27.578,-1,0,<3></c><7>chai</c><5>mumattenda</c><3></c>,chaimumattenda
27.578,27.878,-1,0,<3></c><7>chaimu</c><5>mattenda</c><3></c>,chaimumattenda
27.878,28.045,-1,0,<3></c><7>chaimuma</c><5>ttenda</c><3></c>,chaimumattenda
28.045,28.178,-1,0,<3></c><7>chaimumat</c><5>tenda</c><3></c>,chaimumattenda
28.178,28.345,-1,0,<3></c><7>chaimumatte</c><5>nda</c><3></c>,chaimumattenda
28.345,28.512,-1,0,<3></c><7>chaimumatten</c><5>da</c><3></c>,chaimumattenda
28.512,30.748,-1,0,<3></c><7>chaimumattenda</c><3></c>,chaimumattenda
28.679,29.313,-1,7,<3></c><2>sa</c><5>yonara</c><3></c>,sayonara
29.313,29.78,-1,7,<3></c><2>sayo</c><5>nara</c><3></c>,sayonara
29.78,30.547,-1,7,<3></c><2>sayona</c><5>ra</c><3></c>,sayonara
30.547,31.415,-1,7,<3></c><2>sayonara</c><3></c>,sayonara
30.748,30.881,58,0,<3></c><4>so</c><5>ttoteonobashitemitemo</c><3></c>,sottoteonobashitemitemo
30.881,31.048,58,0,<3></c><4>sot</c><5>toteonobashitemitemo</c><3></c>,sottoteonobashitemitemo
31.048,31.982,58,0,<3></c><4>sotto</c><5>teonobashitemitemo</c><3></c>,sottoteonobashitemitemo
31.982,32.149,58,0,<3></c><4>sottote</c><5>onobashitemitemo</c><3></c>,sottoteonobashitemitemo
32.149,32.316,58,0,<3></c><4>sottoteo</c><5>nobashitemitemo</c><3></c>,sottoteonobashitemitemo
32.316,32.483,58,0,<3></c><4>sottoteono</c><5>bashitemitemo</c><3></c>,sottoteonobashitemitemo
32.483,32.783,58,0,<3></c><4>sottoteonoba</c><5>shitemitemo</c><3></c>,sottoteonobashitemitemo
32.783,32.95,58,0,<3></c><4>sottoteonobashi</c><5>temitemo</c><3></c>,sottoteonobashitemitemo
32.95,33.25,58,0,<3></c><4>sottoteonobashite</c><5>mitemo</c><3></c>,sottoteonobashitemitemo
33.25,33.417,58,0,<3></c><4>sottoteonobashitemi</c><5>temo</c><3></c>,sottoteonobashitemitemo
33.417,33.584,58,0,<3></c><4>sottoteonobashitemite</c><5>mo</c><3></c>,sottoteonobashitemitemo
33.584,34.818,58,0,<3></c><4>sottoteonobashitemitemo</c><3></c>,sottoteonobashitemitemo
33.717,34.284,-1,7,<3></c><2>a</c><5>rigato</c><3></c>,arigato
34.284,34.818,-1,7,<3></c><2>ari</c><5>gato</c><3></c>,arigato
34.818,35.619,-1,7,<3></c><2>ariga</c><5>to</c><3></c>,arigato
35.619,36.086,-1,7,<3></c><2>arigato</c><3></c>,arigato
35.786,35.953,59,0,<3></c><7>bo</c><5>kuniwadekinaikotozenbu</c><3></c>,bokuniwadekinaikotozenbu
35.953,36.086,59,0,<3></c><7>boku</c><5>niwadekinaikotozenbu</c><3></c>,bokuniwadekinaikotozenbu
36.086,36.587,59,0,<3></c><7>bokuni</c><5>wadekinaikotozenbu</c><3></c>,bokuniwadekinaikotozenbu
36.587,36.754,59,0,<3></c><7>bokuniwa</c><5>dekinaikotozenbu</c><3></c>,bokuniwadekinaikotozenbu
36.754,37.054,59,0,<3></c><7>bokuniwade</c><5>kinaikotozenbu</c><3></c>,bokuniwadekinaikotozenbu
37.054,37.354,59,0,<3></c><7>bokuniwadeki</c><5>naikotozenbu</c><3></c>,bokuniwadekinaikotozenbu
37.354,37.521,59,0,<3></c><7>bokuniwadekina</c><5>ikotozenbu</c><3></c>,bokuniwadekinaikotozenbu
37.521,37.688,59,0,<3></c><7>bokuniwadekinai</c><5>kotozenbu</c><3></c>,bokuniwadekinaikotozenbu
37.688,37.988,59,0,<3></c><7>bokuniwadekinaiko</c><5>tozenbu</c><3></c>,bokuniwadekinaikotozenbu
37.988,38.322,59,0,<3></c><7>bokuniwadekinaikoto</c><5>zenbu</c><3></c>,bokuniwadekinaikotozenbu
38.322,38.455,59,0,<3></c><7>bokuniwadekinaikotoze</c><5>nbu</c><3></c>,bokuniwadekinaikotozenbu
38.455,38.622,59,0,<3></c><7>bokuniwadekinaikotozen</c><5>bu</c><3></c>,bokuniwadekinaikotozenbu
38.622,40.824,59,0,<3></c><7>bokuniwadekinaikotozenbu</c><3></c>,bokuniwadekinaikotozenbu
40.824,40.991,-1,0,<3></c><6>ki</c><5>miwadekirumitaida</c><3></c>,kimiwadekirumitaida
40.991,41.158,-1,0,<3></c><6>kimi</c><5>wadekirumitaida</c><3></c>,kimiwadekirumitaida
41.158,42.259,-1,0,<3></c><6>kimiwa</c><5>dekirumitaida</c><3></c>,kimiwadekirumitaida
42.259,42.426,-1,0,<3></c><6>kimiwade</c><5>kirumitaida</c><3></c>,kimiwadekirumitaida
42.426,42.559,-1,0,<3></c><6>kimiwadeki</c><5>rumitaida</c><3></c>,kimiwadekirumitaida
42.559,42.86,-1,0,<3></c><6>kimiwadekiru</c><5>mitaida</c><3></c>,kimiwadekirumitaida
42.86,43.027,-1,0,<3></c><6>kimiwadekirumi</c><5>taida</c><3></c>,kimiwadekirumitaida
43.027,43.36,-1,0,<3></c><6>kimiwadekirumita</c><5>ida</c><3></c>,kimiwadekirumitaida
43.36,43.694,-1,0,<3></c><6>kimiwadekirumitai</c><5>da</c><3></c>,kimiwadekirumitaida
43.694,44.895,-1,0,<3></c><6>kimiwadekirumitaida</c><3></c>,kimiwadekirumitaida
44.895,45.229,-1,0,<3></c><1>ki</c><5>mininaritai</c><3></c>,kimininaritai
45.229,45.396,-1,0,<3></c><1>kimi</c><5>ninaritai</c><3></c>,kimininaritai
45.396,45.562,-1,0,<3></c><1>kimini</c><5>naritai</c><3></c>,kimininaritai
45.562,45.696,-1,0,<3></c><1>kiminina</c><5>ritai</c><3></c>,kimininaritai
45.696,45.996,-1,0,<3></c><1>kimininari</c><5>tai</c><3></c>,kimininaritai
45.996,46.163,-1,0,<3></c><1>kimininarita</c><5>i</c><3></c>,kimininaritai
46.163,46.797,-1,0,<3></c><1>kimininaritai</c><3></c>,kimininaritai
46.797,46.964,-1,0,<3></c><1>zu</c><5>ttokiraidattanda</c><3></c>,zuttokiraidattanda
46.964,47.131,-1,0,<3></c><1>zut</c><5>tokiraidattanda</c><3></c>,zuttokiraidattanda
47.131,47.464,-1,0,<3></c><1>zutto</c><5>kiraidattanda</c><3></c>,zuttokiraidattanda
47.464,47.765,-1,0,<3></c><1>zuttoki</c><5>raidattanda</c><3></c>,zuttokiraidattanda
47.765,47.931,-1,0,<3></c><1>zuttokira</c><5>idattanda</c><3></c>,zuttokiraidattanda
47.931,48.098,-1,0,<3></c><1>zuttokirai</c><5>dattanda</c><3></c>,zuttokiraidattanda
48.098,48.232,-1,0,<3></c><1>zuttokiraida</c><5>ttanda</c><3></c>,zuttokiraidattanda
48.232,48.399,-1,0,<3></c><1>zuttokiraidat</c><5>tanda</c><3></c>,zuttokiraidattanda
48.399,48.565,-1,0,<3></c><1>zuttokiraidatta</c><5>nda</c><3></c>,zuttokiraidattanda
48.565,48.732,-1,0,<3></c><1>zuttokiraidattan</c><5>da</c><3></c>,zuttokiraidattanda
48.732,49.333,-1,0,<3></c><1>zuttokiraidattanda</c><3></c>,zuttokiraidattanda
49.333,49.5,-1,0,<3></c><7>tsu</c><5>yogattenemurenaiya</c><3></c>,tsuyogattenemurenaiya
49.5,49.666,-1,0,<3></c><7>tsuyo</c><5>gattenemurenaiya</c><3></c>,tsuyogattenemurenaiya
49.666,49.833,-1,0,<3></c><7>tsuyoga</c><5>ttenemurenaiya</c><3></c>,tsuyogattenemurenaiya
49.833,49.967,-1,0,<3></c><7>tsuyogat</c><5>tenemurenaiya</c><3></c>,tsuyogattenemurenaiya
49.967,50.3,-1,0,<3></c><7>tsuyogatte</c><5>nemurenaiya</c><3></c>,tsuyogattenemurenaiya
50.3,50.367,-1,0,<3></c><7>tsuyogattene</c><5>murenaiya</c><3></c>,tsuyogattenemurenaiya
50.367,50.467,-1,0,<3></c><7>tsuyogattenemu</c><5>renaiya</c><3></c>,tsuyogattenemurenaiya
50.467,50.601,-1,0,<3></c><7>tsuyogattenemure</c><5>naiya</c><3></c>,tsuyogattenemurenaiya
50.601,50.768,-1,0,<3></c><7>tsuyogattenemurena</c><5>iya</c><3></c>,tsuyogattenemurenaiya
50.768,50.934,-1,0,<3></c><7>tsuyogattenemurenai</c><5>ya</c><3></c>,tsuyogattenemurenaiya
50.934,51.235,-1,0,<3></c><7>tsuyogattenemurenaiya</c><3></c>,tsuyogattenemurenaiya
51.235,51.568,-1,0,<3></c><7>go</c><5>zenreiji</c><3></c>,gozenreiji
51.568,51.769,-1,0,<3></c><7>goze</c><5>nreiji</c><3></c>,gozenreiji
51.769,51.869,-1,0,<3></c><7>gozen</c><5>reiji</c><3></c>,gozenreiji
51.869,52.002,-1,0,<3></c><7>gozenre</c><5>iji</c><3></c>,gozenreiji
52.002,52.169,-1,0,<3></c><7>gozenrei</c><5>ji</c><3></c>,gozenreiji
52.169,52.336,-1,0,<3></c><7>gozenreiji</c><3></c>,gozenreiji
52.336,52.503,-1,0,<3></c><7>fu</c><5>andarakenobokuwa</c><3></c>,fuandarakenobokuwa
52.503,52.903,-1,0,<3></c><7>fua</c><5>ndarakenobokuwa</c><3></c>,fuandarakenobokuwa
52.903,53.303,-1,0,<3></c><7>fuan</c><5>darakenobokuwa</c><3></c>,fuandarakenobokuwa
53.303,53.437,-1,0,<3></c><7>fuanda</c><5>rakenobokuwa</c><3></c>,fuandarakenobokuwa
53.437,53.604,-1,0,<3></c><7>fuandara</c><5>kenobokuwa</c><3></c>,fuandarakenobokuwa
53.604,53.771,-1,0,<3></c><7>fuandarake</c><5>nobokuwa</c><3></c>,fuandarakenobokuwa
53.771,54.071,-1,0,<3></c><7>fuandarakeno</c><5>bokuwa</c><3></c>,fuandarakenobokuwa
54.071,54.405,-1,0,<3></c><7>fuandarakenobo</c><5>kuwa</c><3></c>,fuandarakenobokuwa
54.405,54.705,-1,0,<3></c><7>fuandarakenoboku</c><5>wa</c><3></c>,fuandarakenobokuwa
54.705,55.039,-1,0,<3></c><7>fuandarakenobokuwa</c><3></c>,fuandarakenobokuwa
55.039,55.372,-1,0,<3></c><1>da</c><5>ijoubunante</c><3></c>,daijoubunante
55.372,55.506,-1,0,<3></c><1>dai</c><5>joubunante</c><3></c>,daijoubunante
55.506,55.639,-1,0,<3></c><1>daijo</c><5>ubunante</c><3></c>,daijoubunante
55.639,55.839,-1,0,<3></c><1>daijou</c><5>bunante</c><3></c>,daijoubunante
55.839,55.973,-1,0,<3></c><1>daijoubu</c><5>nante</c><3></c>,daijoubunante
55.973,56.14,-1,0,<3></c><1>daijoubuna</c><5>nte</c><3></c>,daijoubunante
56.14,56.306,-1,0,<3></c><1>daijoubunan</c><5>te</c><3></c>,daijoubunante
56.306,56.94,-1,0,<3></c><1>daijoubunante</c><3></c>,daijoubunante
56.94,57.107,-1,0,<3></c><1>i</c><5>mawa</c><3></c>,imawa
57.107,57.241,-1,0,<3></c><1>ima</c><5>wa</c><3></c>,imawa
57.241,57.574,-1,0,<3></c><1>imawa</c><3></c>,imawa
57.574,57.775,-1,0,<3></c><1>do</c><5>udemoiindakedo</c><3></c>,doudemoiindakedo
57.775,57.908,-1,0,<3></c><1>dou</c><5>demoiindakedo</c><3></c>,doudemoiindakedo
57.908,58.042,-1,0,<3></c><1>doude</c><5>moiindakedo</c><3></c>,doudemoiindakedo
58.042,58.208,-1,0,<3></c><1>doudemo</c><5>iindakedo</c><3></c>,doudemoiindakedo
58.208,58.308,-1,0,<3></c><1>doudemoi</c><5>indakedo</c><3></c>,doudemoiindakedo
58.308,58.375,-1,0,<3></c><1>doudemoii</c><5>ndakedo</c><3></c>,doudemoiindakedo
58.375,58.542,-1,0,<3></c><1>doudemoiin</c><5>dakedo</c><3></c>,doudemoiindakedo
58.542,58.675,-1,0,<3></c><1>doudemoiinda</c><5>kedo</c><3></c>,doudemoiindakedo
58.675,58.842,-1,0,<3></c><1>doudemoiindake</c><5>do</c><3></c>,doudemoiindakedo
58.842,59.476,-1,0,<3></c><1>doudemoiindakedo</c><3></c>,doudemoiindakedo
59.476,59.777,66,0,<3></c><1>o</c><5>tonamitainakaoshitarettoukan</c><3></c>,otonamitainakaoshitarettoukan
59.777,59.943,66,0,<3></c><1>oto</c><5>namitainakaoshitarettoukan</c><3></c>,otonamitainakaoshitarettoukan
59.943,60.11,66,0,<3></c><1>otona</c><5>mitainakaoshitarettoukan</c><3></c>,otonamitainakaoshitarettoukan
60.11,60.411,66,0,<3></c><1>otonami</c><5>tainakaoshitarettoukan</c><3></c>,otonamitainakaoshitarettoukan
60.411,60.577,66,0,<3></c><1>otonamita</c><5>inakaoshitarettoukan</c><3></c>,otonamitainakaoshitarettoukan
60.577,60.744,66,0,<3></c><1>otonamitai</c><5>nakaoshitarettoukan</c><3></c>,otonamitainakaoshitarettoukan
60.744,60.911,66,0,<3></c><1>otonamitaina</c><5>kaoshitarettoukan</c><3></c>,otonamitainakaoshitarettoukan
60.911,61.045,66,0,<3></c><1>otonamitainaka</c><5>oshitarettoukan</c><3></c>,otonamitainakaoshitarettoukan
61.045,61.211,66,0,<3></c><1>otonamitainakao</c><5>shitarettoukan</c><3></c>,otonamitainakaoshitarettoukan
61.211,61.378,66,0,<3></c><1>otonamitainakaoshi</c><5>tarettoukan</c><3></c>,otonamitainakaoshitarettoukan
61.378,61.845,66,0,<3></c><1>otonamitainakaoshita</c><5>rettoukan</c><3></c>,otonamitainakaoshitarettoukan
61.845,62.012,66,0,<3></c><1>otonamitainakaoshitare</c><5>ttoukan</c><3></c>,otonamitainakaoshitarettoukan
62.012,62.146,66,0,<3></c><1>otonamitainakaoshitaret</c><5>toukan</c><3></c>,otonamitainakaoshitarettoukan
62.146,62.312,66,0,<3></c><1>otonamitainakaoshitaretto</c><5>ukan</c><3></c>,otonamitainakaoshitarettoukan
62.312,62.646,66,0,<3></c><1>otonamitainakaoshitarettou</c><5>kan</c><3></c>,otonamitainakaoshitarettoukan
62.646,63.247,66,0,<3></c><1>otonamitainakaoshitarettouka</c><5>n</c><3></c>,otonamitainakaoshitarettoukan
63.247,63.58,66,0,<3></c><1>otonamitainakaoshitarettoukan</c><3></c>,otonamitainakaoshitarettoukan
63.58,63.714,-1,0,<3></c><4>ki</c><5>mininaritakatta</c><3></c>,kimininaritakatta
63.714,63.881,-1,0,<3></c><4>kimi</c><5>ninaritakatta</c><3></c>,kimininaritakatta
63.881,64.214,-1,0,<3></c><4>kimini</c><5>naritakatta</c><3></c>,kimininaritakatta
64.214,64.381,-1,0,<3></c><4>kiminina</c><5>ritakatta</c><3></c>,kimininaritakatta
64.381,64.515,-1,0,<3></c><4>kimininari</c><5>takatta</c><3></c>,kimininaritakatta
64.515,64.681,-1,0,<3></c><4>kimininarita</c><5>katta</c><3></c>,kimininaritakatta
64.681,64.848,-1,0,<3></c><4>kimininaritaka</c><5>tta</c><3></c>,kimininaritakatta
64.848,65.149,-1,0,<3></c><4>kimininaritakat</c><5>ta</c><3></c>,kimininaritakatta
65.149,67.818,-1,0,<3></c><4>kimininaritakatta</c><3></c>,kimininaritakatta
85.536,86.17,-1,7,<3></c><2>go</c><5>menne</c><3></c>,gomenne
86.17,86.637,-1,7,<3></c><2>gome</c><5>nne</c><3></c>,gomenne
86.637,87.438,-1,7,<3></c><2>gomen</c><5>ne</c><3></c>,gomenne
87.438,88.505,-1,7,<3></c><2>gomenne</c><3></c>,gomenne
87.604,87.738,-1,0,<3></c><6>ki</c><5>zukarenaiyounijitto</c><3></c>,kizukarenaiyounijitto
87.738,87.871,-1,0,<3></c><6>kizu</c><5>karenaiyounijitto</c><3></c>,kizukarenaiyounijitto
87.871,88.839,-1,0,<3></c><6>kizuka</c><5>renaiyounijitto</c><3></c>,kizukarenaiyounijitto
88.839,89.006,-1,0,<3></c><6>kizukare</c><5>naiyounijitto</c><3></c>,kizukarenaiyounijitto
89.006,89.139,-1,0,<3></c><6>kizukarena</c><5>iyounijitto</c><3></c>,kizukarenaiyounijitto
89.139,89.306,-1,0,<3></c><6>kizukarenai</c><5>younijitto</c><3></c>,kizukarenaiyounijitto
89.306,89.64,-1,0,<3></c><6>kizukarenaiyo</c><5>unijitto</c><3></c>,kizukarenaiyounijitto
89.64,89.773,-1,0,<3></c><6>kizukarenaiyou</c><5>nijitto</c><3></c>,kizukarenaiyounijitto
89.773,90.074,-1,0,<3></c><6>kizukarenaiyouni</c><5>jitto</c><3></c>,kizukarenaiyounijitto
90.074,90.24,-1,0,<3></c><6>kizukarenaiyouniji</c><5>tto</c><3></c>,kizukarenaiyounijitto
90.24,90.441,-1,0,<3></c><6>kizukarenaiyounijit</c><5>to</c><3></c>,kizukarenaiyounijitto
90.441,92.609,-1,0,<3></c><6>kizukarenaiyounijitto</c><3></c>,kizukarenaiyounijitto
90.541,91.175,-1,7,<3></c><2>se</c><5>ishun</c><3></c>,seishun
91.175,91.675,-1,7,<3></c><2>sei</c><5>shun</c><3></c>,seishun
91.675,92.443,-1,7,<3></c><2>seishu</c><5>n</c><3></c>,seishun
92.443,92.609,-1,7,<3></c><2>seishun</c><3></c>,seishun
92.609,92.776,59,0,<3></c><4>to</c><5>modachinofurishitewarau</c><3></c>,tomodachinofurishitewarau
92.776,92.943,59,0,<3></c><4>tomo</c><5>dachinofurishitewarau</c><3></c>,tomodachinofurishitewarau
92.943,93.377,59,0,<3></c><4>tomoda</c><5>chinofurishitewarau</c><3></c>,tomodachinofurishitewarau
93.377,93.577,59,0,<3></c><4>tomodachi</c><5>nofurishitewarau</c><3></c>,tomodachinofurishitewarau
93.577,93.877,59,0,<3></c><4>tomodachino</c><5>furishitewarau</c><3></c>,tomodachinofurishitewarau
93.877,94.211,59,0,<3></c><4>tomodachinofu</c><5>rishitewarau</c><3></c>,tomodachinofurishitewarau
94.211,94.511,59,0,<3></c><4>tomodachinofuri</c><5>shitewarau</c><3></c>,tomodachinofurishitewarau
94.511,94.812,59,0,<3></c><4>tomodachinofurishi</c><5>tewarau</c><3></c>,tomodachinofurishitewarau
94.812,95.145,59,0,<3></c><4>tomodachinofurishite</c><5>warau</c><3></c>,tomodachinofurishitewarau
95.145,95.312,59,0,<3></c><4>tomodachinofurishitewa</c><5>rau</c><3></c>,tomodachinofurishitewarau
95.312,95.446,59,0,<3></c><4>tomodachinofurishitewara</c><5>u</c><3></c>,tomodachinofurishitewarau
95.446,97.681,59,0,<3></c><4>tomodachinofurishitewarau</c><3></c>,tomodachinofurishitewarau
97.681,97.815,-1,0,<3></c><4>ko</c><5>ukai</c><3></c>,koukai
97.815,97.981,-1,0,<3></c><4>kou</c><5>kai</c><3></c>,koukai
97.981,98.582,-1,0,<3></c><4>kouka</c><5>i</c><3></c>,koukai
98.582,98.916,-1,0,<3></c><4>koukai</c><3></c>,koukai
98.916,99.083,-1,0,<3></c><7>se</c><5>tsunakunankanaiyo</c><3></c>,setsunakunankanaiyo
99.083,99.216,-1,0,<3></c><7>setsu</c><5>nakunankanaiyo</c><3></c>,setsunakunankanaiyo
99.216,99.583,-1,0,<3></c><7>setsuna</c><5>kunankanaiyo</c><3></c>,setsunakunankanaiyo
99.583,99.716,-1,0,<3></c><7>setsunaku</c><5>nankanaiyo</c><3></c>,setsunakunankanaiyo
99.716,99.883,-1,0,<3></c><7>setsunakuna</c><5>nkanaiyo</c><3></c>,setsunakunankanaiyo
99.883,100.05,-1,0,<3></c><7>setsunakunan</c><5>kanaiyo</c><3></c>,setsunakunankanaiyo
100.05,100.184,-1,0,<3></c><7>setsunakunanka</c><5>naiyo</c><3></c>,setsunakunankanaiyo
100.184,100.35,-1,0,<3></c><7>setsunakunankana</c><5>iyo</c><3></c>,setsunakunankanaiyo
100.35,100.551,-1,0,<3></c><7>setsunakunankanai</c><5>yo</c><3></c>,setsunakunankanaiyo
100.551,103.187,-1,0,<3></c><7>setsunakunankanaiyo</c><3></c>,setsunakunankanaiyo
104.021,104.154,-1,0,<3></c><6>ki</c><5>zuiteshimatta</c><3></c>,kizuiteshimatta
104.154,104.288,-1,0,<3></c><6>kizu</c><5>iteshimatta</c><3></c>,kizuiteshimatta
104.288,104.788,-1,0,<3></c><6>kizui</c><5>teshimatta</c><3></c>,kizuiteshimatta
104.788,104.955,-1,0,<3></c><6>kizuite</c><5>shimatta</c><3></c>,kizuiteshimatta
104.955,105.289,-1,0,<3></c><6>kizuiteshi</c><5>matta</c><3></c>,kizuiteshimatta
105.289,105.422,-1,0,<3></c><6>kizuiteshima</c><5>tta</c><3></c>,kizuiteshimatta
105.422,105.589,-1,0,<3></c><6>kizuiteshimat</c><5>ta</c><3></c>,kizuiteshimatta
105.589,108.225,-1,0,<3></c><6>kizuiteshimatta</c><3></c>,kizuiteshimatta
109.193,109.359,-1,0,<3></c><4>bo</c><5>kujanaito</c><3></c>,bokujanaito
109.359,109.793,-1,0,<3></c><4>boku</c><5>janaito</c><3></c>,bokujanaito
109.793,109.96,-1,0,<3></c><4>bokuja</c><5>naito</c><3></c>,bokujanaito
109.96,110.427,-1,0,<3></c><4>bokujana</c><5>ito</c><3></c>,bokujanaito
110.427,110.627,-1,0,<3></c><4>bokujanai</c><5>to</c><3></c>,bokujanaito
110.627,111.562,-1,0,<3></c><4>bokujanaito</c><3></c>,bokujanaito
111.562,111.728,-1,0,<3></c><7>ki</c><5>minimuketasonoegao</c><3></c>,kiminimuketasonoegao
111.728,111.862,-1,0,<3></c><7>kimi</c><5>nimuketasonoegao</c><3></c>,kiminimuketasonoegao
111.862,112.83,-1,0,<3></c><7>kimini</c><5>muketasonoegao</c><3></c>,kiminimuketasonoegao
112.83,112.996,-1,0,<3></c><7>kiminimu</c><5>ketasonoegao</c><3></c>,kiminimuketasonoegao
112.996,113.13,-1,0,<3></c><7>kiminimuke</c><5>tasonoegao</c><3></c>,kiminimuketasonoegao
113.13,113.63,-1,0,<3></c><7>kiminimuketa</c><5>sonoegao</c><3></c>,kiminimuketasonoegao
113.63,113.931,-1,0,<3></c><7>kiminimuketaso</c><5>noegao</c><3></c>,kiminimuketasonoegao
113.931,114.064,-1,0,<3></c><7>kiminimuketasono</c><5>egao</c><3></c>,kiminimuketasonoegao
114.064,114.231,-1,0,<3></c><7>kiminimuketasonoe</c><5>gao</c><3></c>,kiminimuketasonoegao
114.231,114.398,-1,0,<3></c><7>kiminimuketasonoega</c><5>o</c><3></c>,kiminimuketasonoegao
114.398,114.731,-1,0,<3></c><7>kiminimuketasonoegao</c><3></c>,kiminimuketasonoegao
114.731,115.032,-1,0,<3></c><7>ma</c><5>bushikute</c><3></c>,mabushikute
115.032,115.365,-1,0,<3></c><7>mabu</c><5>shikute</c><3></c>,mabushikute
115.365,115.532,-1,0,<3></c><7>mabushi</c><5>kute</c><3></c>,mabushikute
115.532,115.699,-1,0,<3></c><7>mabushiku</c><5>te</c><3></c>,mabushikute
115.699,117.868,-1,0,<3></c><7>mabushikute</c><3></c>,mabushikute
117.868,118.035,-1,0,<3></c><1>i</c><5>kigatomarukigashita</c><3></c>,ikigatomarukigashita
118.035,118.202,-1,0,<3></c><1>iki</c><5>gatomarukigashita</c><3></c>,ikigatomarukigashita
118.202,119.303,-1,0,<3></c><1>ikiga</c><5>tomarukigashita</c><3></c>,ikigatomarukigashita
119.303,119.47,-1,0,<3></c><1>ikigato</c><5>marukigashita</c><3></c>,ikigatomarukigashita
119.47,119.603,-1,0,<3></c><1>ikigatoma</c><5>rukigashita</c><3></c>,ikigatomarukigashita
119.603,119.937,-1,0,<3></c><1>ikigatomaru</c><5>kigashita</c><3></c>,ikigatomarukigashita
119.937,120.104,-1,0,<3></c><1>ikigatomaruki</c><5>gashita</c><3></c>,ikigatomarukigashita
120.104,120.404,-1,0,<3></c><1>ikigatomarukiga</c><5>shita</c><3></c>,ikigatomarukigashita
120.404,120.704,-1,0,<3></c><1>ikigatomarukigashi</c><5>ta</c><3></c>,ikigatomarukigashita
120.704,123.24,-1,0,<3></c><1>ikigatomarukigashita</c><3></c>,ikigatomarukigashita
127.845,128.011,-1,0,<3></c><4>bo</c><5>kuwakimininarenai</c><3></c>,bokuwakimininarenai
128.011,128.145,-1,0,<3></c><4>boku</c><5>wakimininarenai</c><3></c>,bokuwakimininarenai
128.145,128.312,-1,0,<3></c><4>bokuwa</c><5>kimininarenai</c><3></c>,bokuwakimininarenai
128.312,128.645,-1,0,<3></c><4>bokuwaki</c><5>mininarenai</c><3></c>,bokuwakimininarenai
128.645,128.812,-1,0,<3></c><4>bokuwakimi</c><5>ninarenai</c><3></c>,bokuwakimininarenai
128.812,128.946,-1,0,<3></c><4>bokuwakimini</c><5>narenai</c><3></c>,bokuwakimininarenai
128.946,129.113,-1,0,<3></c><4>bokuwakiminina</c><5>renai</c><3></c>,bokuwakimininarenai
129.113,129.446,-1,0,<3></c><4>bokuwakimininare</c><5>nai</c><3></c>,bokuwakimininarenai
129.446,129.613,-1,0,<3></c><4>bokuwakimininarena</c><5>i</c><3></c>,bokuwakimininarenai
129.613,130.214,-1,0,<3></c><4>bokuwakimininarenai</c><3></c>,bokuwakimininarenai
130.214,130.38,-1,0,<3></c><4>ta</c><5>ttasoredakenokotosa</c><3></c>,tattasoredakenokotosa
130.38,130.547,-1,0,<3></c><4>tat</c><5>tasoredakenokotosa</c><3></c>,tattasoredakenokotosa
130.547,130.848,-1,0,<3></c><4>tatta</c><5>soredakenokotosa</c><3></c>,tattasoredakenokotosa
130.848,131.181,-1,0,<3></c><4>tattaso</c><5>redakenokotosa</c><3></c>,tattasoredakenokotosa
131.181,131.315,-1,0,<3></c><4>tattasore</c><5>dakenokotosa</c><3></c>,tattasoredakenokotosa
131.315,131.482,-1,0,<3></c><4>tattasoreda</c><5>kenokotosa</c><3></c>,tattasoredakenokotosa
131.482,131.615,-1,0,<3></c><4>tattasoredake</c><5>nokotosa</c><3></c>,tattasoredakenokotosa
131.615,131.782,-1,0,<3></c><4>tattasoredakeno</c><5>kotosa</c><3></c>,tattasoredakenokotosa
131.782,131.949,-1,0,<3></c><4>tattasoredakenoko</c><5>tosa</c><3></c>,tattasoredakenokotosa
131.949,132.116,-1,0,<3></c><4>tattasoredakenokoto</c><5>sa</c><3></c>,tattasoredakenokotosa
132.116,132.716,-1,0,<3></c><4>tattasoredakenokotosa</c><3></c>,tattasoredakenokotosa
132.716,132.883,-1,0,<3></c><6>gi</c><5>kochinakuteofutta</c><3></c>,gikochinakuteofutta
132.883,133.016,-1,0,<3></c><6>giko</c><5>chinakuteofutta</c><3></c>,gikochinakuteofutta
133.016,133.183,-1,0,<3></c><6>gikochi</c><5>nakuteofutta</c><3></c>,gikochinakuteofutta
133.183,133.35,-1,0,<3></c><6>gikochina</c><5>kuteofutta</c><3></c>,gikochinakuteofutta
133.35,133.65,-1,0,<3></c><6>gikochinaku</c><5>teofutta</c><3></c>,gikochinakuteofutta
133.65,133.817,-1,0,<3></c><6>gikochinakute</c><5>ofutta</c><3></c>,gikochinakuteofutta
133.817,133.951,-1,0,<3></c><6>gikochinakuteo</c><5>futta</c><3></c>,gikochinakuteofutta
133.951,134.118,-1,0,<3></c><6>gikochinakuteofu</c><5>tta</c><3></c>,gikochinakuteofutta
134.118,134.284,-1,0,<3></c><6>gikochinakuteofut</c><5>ta</c><3></c>,gikochinakuteofutta
134.284,134.618,-1,0,<3></c><6>gikochinakuteofutta</c><3></c>,gikochinakuteofutta
134.618,134.952,-1,0,<3></c><6>i</c><5>tsumonoyouni</c><3></c>,itsumonoyouni
134.952,135.085,-1,0,<3></c><6>itsu</c><5>monoyouni</c><3></c>,itsumonoyouni
135.085,135.252,-1,0,<3></c><6>itsumo</c><5>noyouni</c><3></c>,itsumonoyouni
135.252,135.385,-1,0,<3></c><6>itsumono</c><5>youni</c><3></c>,itsumonoyouni
135.385,135.486,-1,0,<3></c><6>itsumonoyo</c><5>uni</c><3></c>,itsumonoyouni
135.486,135.586,-1,0,<3></c><6>itsumonoyou</c><5>ni</c><3></c>,itsumonoyouni
135.586,135.686,-1,0,<3></c><6>itsumonoyouni</c><3></c>,itsumonoyouni
135.686,135.886,-1,0,<3></c><6>ho</c><5>ukagonokyoushitsu</c><3></c>,houkagonokyoushitsu
135.886,136.653,-1,0,<3></c><6>hou</c><5>kagonokyoushitsu</c><3></c>,houkagonokyoushitsu
136.653,136.82,-1,0,<3></c><6>houka</c><5>gonokyoushitsu</c><3></c>,houkagonokyoushitsu
136.82,136.987,-1,0,<3></c><6>houkago</c><5>nokyoushitsu</c><3></c>,houkagonokyoushitsu
136.987,137.154,-1,0,<3></c><6>houkagono</c><5>kyoushitsu</c><3></c>,houkagonokyoushitsu
137.154,137.454,-1,0,<3></c><6>houkagonokyo</c><5>ushitsu</c><3></c>,houkagonokyoushitsu
137.454,137.754,-1,0,<3></c><6>houkagonokyou</c><5>shitsu</c><3></c>,houkagonokyoushitsu
137.754,138.088,-1,0,<3></c><6>houkagonokyoushi</c><5>tsu</c><3></c>,houkagonokyoushitsu
138.088,138.422,-1,0,<3></c><6>houkagonokyoushitsu</c><3></c>,houkagonokyoushitsu
138.422,138.755,-1,0,<3></c><1>ko</c><5>nnaitamimo</c><3></c>,konnaitamimo
138.755,138.889,-1,0,<3></c><1>kon</c><5>naitamimo</c><3></c>,konnaitamimo
138.889,139.056,-1,0,<3></c><1>konna</c><5>itamimo</c><3></c>,konnaitamimo
139.056,139.223,-1,0,<3></c><1>konnai</c><5>tamimo</c><3></c>,konnaitamimo
139.223,139.49,-1,0,<3></c><1>konnaita</c><5>mimo</c><3></c>,konnaitamimo
139.49,139.69,-1,0,<3></c><1>konnaitami</c><5>mo</c><3></c>,konnaitamimo
139.69,140.29,-1,0,<3></c><1>konnaitamimo</c><3></c>,konnaitamimo
140.29,140.457,56,0,<3></c><1>so</c><5>udabokudakenoseishun</c><3></c>,soudabokudakenoseishun
140.457,140.624,56,0,<3></c><1>sou</c><5>dabokudakenoseishun</c><3></c>,soudabokudakenoseishun
140.624,140.924,56,0,<3></c><1>souda</c><5>bokudakenoseishun</c><3></c>,soudabokudakenoseishun
140.924,141.225,56,0,<3></c><1>soudabo</c><5>kudakenoseishun</c><3></c>,soudabokudakenoseishun
141.225,141.391,56,0,<3></c><1>soudaboku</c><5>dakenoseishun</c><3></c>,soudabokudakenoseishun
141.391,141.558,56,0,<3></c><1>soudabokuda</c><5>kenoseishun</c><3></c>,soudabokudakenoseishun
141.558,141.692,56,0,<3></c><1>soudabokudake</c><5>noseishun</c><3></c>,soudabokudakenoseishun
141.692,141.859,56,0,<3></c><1>soudabokudakeno</c><5>seishun</c><3></c>,soudabokudakenoseishun
141.859,142.025,56,0,<3></c><1>soudabokudakenose</c><5>ishun</c><3></c>,soudabokudakenoseishun
142.025,142.226,56,0,<3></c><1>soudabokudakenosei</c><5>shun</c><3></c>,soudabokudakenoseishun
142.226,142.359,56,0,<3></c><1>soudabokudakenoseishu</c><5>n</c><3></c>,soudabokudakenoseishun
142.359,142.826,56,0,<3></c><1>soudabokudakenoseishun</c><3></c>,soudabokudakenoseishun
142.826,143.16,-1,0,<3></c><1>sa</c><5>yonara</c><3></c>,sayonara
143.16,143.293,-1,0,<3></c><1>sayo</c><5>nara</c><3></c>,sayonara
143.293,143.46,-1,0,<3></c><1>sayona</c><5>ra</c><3></c>,sayonara
143.46,143.794,-1,0,<3></c><1>sayonara</c><3></c>,sayonara
143.794,143.961,-1,0,<3></c><1>i</c><5>enaimamanoichipeeji</c><3></c>,ienaimamanoichipeeji
143.961,144.128,-1,0,<3></c><1>ie</c><5>naimamanoichipeeji</c><3></c>,ienaimamanoichipeeji
144.128,144.261,-1,0,<3></c><1>iena</c><5>imamanoichipeeji</c><3></c>,ienaimamanoichipeeji
144.261,144.428,-1,0,<3></c><1>ienai</c><5>mamanoichipeeji</c><3></c>,ienaimamanoichipeeji
144.428,144.595,-1,0,<3></c><1>ienaima</c><5>manoichipeeji</c><3></c>,ienaimamanoichipeeji
144.595,144.728,-1,0,<3></c><1>ienaimama</c><5>noichipeeji</c><3></c>,ienaimamanoichipeeji
144.728,145.229,-1,0,<3></c><1>ienaimamano</c><5>ichipeeji</c><3></c>,ienaimamanoichipeeji
145.229,145.362,-1,0,<3></c><1>ienaimamanoi</c><5>chipeeji</c><3></c>,ienaimamanoichipeeji
145.362,145.529,-1,0,<3></c><1>ienaimamanoichi</c><5>peeji</c><3></c>,ienaimamanoichipeeji
145.529,145.696,-1,0,<3></c><1>ienaimamanoichipe</c><5>eji</c><3></c>,ienaimamanoichipeeji
145.696,145.963,-1,0,<3></c><1>ienaimamanoichipee</c><5>ji</c><3></c>,ienaimamanoichipeeji
145.963,146.93,-1,0,<3></c><1>ienaimamanoichipeeji</c><3></c>,ienaimamanoichipeeji
146.93,147.097,-1,0,<3></c><7>a</c><5>shitamatane</c><3></c>,ashitamatane
147.097,147.231,-1,0,<3></c><7>ashi</c><5>tamatane</c><3></c>,ashitamatane
147.231,147.865,-1,0,<3></c><7>ashita</c><5>matane</c><3></c>,ashitamatane
147.865,148.031,-1,0,<3></c><7>ashitama</c><5>tane</c><3></c>,ashitamatane
148.031,148.165,-1,0,<3></c><7>ashitamata</c><5>ne</c><3></c>,ashitamatane
148.165,148.499,-1,0,<3></c><7>ashitamatane</c><3></c>,ashitamatane
148.499,148.832,-1,0,<3></c><1>wa</c><5>suretayonante</c><3></c>,wasuretayonante
148.832,148.999,-1,0,<3></c><1>wasu</c><5>retayonante</c><3></c>,wasuretayonante
148.999,149.133,-1,0,<3></c><1>wasure</c><5>tayonante</c><3></c>,wasuretayonante
149.133,149.299,-1,0,<3></c><1>wasureta</c><5>yonante</c><3></c>,wasuretayonante
149.299,149.466,-1,0,<3></c><1>wasuretayo</c><5>nante</c><3></c>,wasuretayonante
149.466,149.6,-1,0,<3></c><1>wasuretayona</c><5>nte</c><3></c>,wasuretayonante
149.6,149.766,-1,0,<3></c><1>wasuretayonan</c><5>te</c><3></c>,wasuretayonante
149.766,150.4,-1,0,<3></c><1>wasuretayonante</c><3></c>,wasuretayonante
150.4,150.567,-1,0,<3></c><1>ki</c><5>tto</c><3></c>,kitto
150.567,150.734,-1,0,<3></c><1>kit</c><5>to</c><3></c>,kitto
150.734,151.034,-1,0,<3></c><1>kitto</c><3></c>,kitto
151.034,151.368,-1,0,<3></c><1>shi</c><5>ranaifurishite</c><3></c>,shiranaifurishite
151.368,151.502,-1,0,<3></c><1>shira</c><5>naifurishite</c><3></c>,shiranaifurishite
151.502,151.668,-1,0,<3></c><1>shirana</c><5>ifurishite</c><3></c>,shiranaifurishite
151.668,151.835,-1,0,<3></c><1>shiranai</c><5>furishite</c><3></c>,shiranaifurishite
151.835,152.002,-1,0,<3></c><1>shiranaifu</c><5>rishite</c><3></c>,shiranaifurishite
152.002,152.169,-1,0,<3></c><1>shiranaifuri</c><5>shite</c><3></c>,shiranaifurishite
152.169,152.302,-1,0,<3></c><1>shiranaifurishi</c><5>te</c><3></c>,shiranaifurishite
152.302,152.936,-1,0,<3></c><1>shiranaifurishite</c><3></c>,shiranaifurishite
152.936,153.237,66,0,<3></c><1>o</c><5>tonamitainakaoshitarettoukan</c><3></c>,otonamitainakaoshitarettoukan
153.237,153.403,66,0,<3></c><1>oto</c><5>namitainakaoshitarettoukan</c><3></c>,otonamitainakaoshitarettoukan
153.403,153.57,66,0,<3></c><1>otona</c><5>mitainakaoshitarettoukan</c><3></c>,otonamitainakaoshitarettoukan
153.57,153.871,66,0,<3></c><1>otonami</c><5>tainakaoshitarettoukan</c><3></c>,otonamitainakaoshitarettoukan
153.871,154.037,66,0,<3></c><1>otonamita</c><5>inakaoshitarettoukan</c><3></c>,otonamitainakaoshitarettoukan
154.037,154.204,66,0,<3></c><1>otonamitai</c><5>nakaoshitarettoukan</c><3></c>,otonamitainakaoshitarettoukan
154.204,154.371,66,0,<3></c><1>otonamitaina</c><5>kaoshitarettoukan</c><3></c>,otonamitainakaoshitarettoukan
154.371,154.505,66,0,<3></c><1>otonamitainaka</c><5>oshitarettoukan</c><3></c>,otonamitainakaoshitarettoukan
154.505,154.671,66,0,<3></c><1>otonamitainakao</c><5>shitarettoukan</c><3></c>,otonamitainakaoshitarettoukan
154.671,154.838,66,0,<3></c><1>otonamitainakaoshi</c><5>tarettoukan</c><3></c>,otonamitainakaoshitarettoukan
154.838,155.305,66,0,<3></c><1>otonamitainakaoshita</c><5>rettoukan</c><3></c>,otonamitainakaoshitarettoukan
155.305,155.472,66,0,<3></c><1>otonamitainakaoshitare</c><5>ttoukan</c><3></c>,otonamitainakaoshitarettoukan
155.472,155.639,66,0,<3></c><1>otonamitainakaoshitaret</c><5>toukan</c><3></c>,otonamitainakaoshitarettoukan
155.639,155.772,66,0,<3></c><1>otonamitainakaoshitaretto</c><5>ukan</c><3></c>,otonamitainakaoshitarettoukan
155.772,156.106,66,0,<3></c><1>otonamitainakaoshitarettou</c><5>kan</c><3></c>,otonamitainakaoshitarettoukan
156.106,157.674,66,0,<3></c><1>otonamitainakaoshitarettouka</c><5>n</c><3></c>,otonamitainakaoshitarettoukan
157.674,158.275,66,0,<3></c><1>otonamitainakaoshitarettoukan</c><3></c>,otonamitainakaoshitarettoukan
158.275,158.442,-1,0,<3></c><1>bo</c><5>kuwa</c><3></c>,bokuwa
158.442,158.609,-1,0,<3></c><1>boku</c><5>wa</c><3></c>,bokuwa
158.609,159.543,-1,0,<3></c><1>bokuwa</c><3></c>,bokuwa
159.543,159.71,-1,0,<3></c><1>ki</c><5>mininaritakatta</c><3></c>,kimininaritakatta
159.71,159.843,-1,0,<3></c><1>kimi</c><5>ninaritakatta</c><3></c>,kimininaritakatta
159.843,160.177,-1,0,<3></c><1>kimini</c><5>naritakatta</c><3></c>,kimininaritakatta
160.177,160.344,-1,0,<3></c><1>kiminina</c><5>ritakatta</c><3></c>,kimininaritakatta
160.344,160.511,-1,0,<3></c><1>kimininari</c><5>takatta</c><3></c>,kimininaritakatta
160.511,160.644,-1,0,<3></c><1>kimininarita</c><5>katta</c><3></c>,kimininaritakatta
160.644,160.811,-1,0,<3></c><1>kimininaritaka</c><5>tta</c><3></c>,kimininaritakatta
160.811,161.111,-1,0,<3></c><1>kimininaritakat</c><5>ta</c><3></c>,kimininaritakatta
161.111,164.148,-1,0,<3></c><1>kimininaritakatta</c><3></c>,kimininaritakatta
