start,end,line,unformatted,segments,ref_start,ref_end,common_number
85.702,88.038,-1,wecastaspellonyourdream!!,"[(3, ''), (1, 'wecastaspellonyourdream!!'), (3, '')]",True,False,10
85.269,85.702,-1,wecastaspellonyourdream!!,"[(3, ''), (1, 'wecastaspellonyour'), (10, 'dream!!'), (3, '')]",False,False,10
84.968,85.269,-1,wecastaspellonyourdream!!,"[(3, ''), (1, 'wecastaspellon'), (10, 'yourdream!!'), (3, '')]",False,False,10
84.501,84.968,-1,wecastaspellonyourdream!!,"[(3, ''), (1, 'wecastaspell'), (10, 'onyourdream!!'), (3, '')]",False,False,10
84.334,84.501,-1,wecastaspellonyourdream!!,"[(3, ''), (1, 'wecasta'), (10, 'spellonyourdream!!'), (3, '')]",False,False,10
84.201,84.334,-1,wecastaspellonyourdream!!,"[(3, ''), (1, 'wecast'), (10, 'aspellonyourdream!!'), (3, '')]",False,False,10
83.867,84.201,-1,wecastaspellonyourdream!!,"[(3, ''), (1, 'we'), (10, 'castaspellonyourdream!!'), (3, '')]",False,False,10
14.698,17.167,-1,wecastaspellonyourdream!!,"[(3, ''), (1, 'wecastaspellonyourdream!!'), (3, '')]",False,False,10
14.231,14.698,-1,wecastaspellonyourdream!!,"[(3, ''), (1, 'wecastaspellonyour'), (10, 'dream!!'), (3, '')]",False,False,10
13.931,14.231,-1,wecastaspellonyourdream!!,"[(3, ''), (1, 'wecastaspellon'), (10, 'yourdream!!'), (3, '')]",False,False,10
13.464,13.931,-1,wecastaspellonyourdream!!,"[(3, ''), (1, 'wecastaspell'), (10, 'onyourdream!!'), (3, '')]",False,False,10
13.33,13.464,-1,wecastaspellonyourdream!!,"[(3, ''), (1, 'wecasta'), (10, 'spellonyourdream!!'), (3, '')]",False,False,10
13.163,13.33,-1,wecastaspellonyourdream!!,"[(3, ''), (1, 'wecast'), (10, 'aspellonyourdream!!'), (3, '')]",False,False,10
12.863,13.163,-1,wecastaspellonyourdream!!,"[(3, ''), (1, 'we'), (10, 'castaspellonyourdream!!'), (3, '')]",False,True,10
48.532,48.899,-1,「どうして私(わたし)だけうまくいかないんだろう」,"[(3, ''), (7, '「どうして私(わたし)だけうまくいかないんだろう」'), (3, '')]",True,False,10
48.365,48.532,-1,「どうして私(わたし)だけうまくいかないんだろう」,"[(3, ''), (7, '「どうして私(わたし)だけうまくいかないんだろ'), (10, 'う」'), (3, '')]",False,False,10
48.232,48.365,-1,「どうして私(わたし)だけうまくいかないんだろう」,"[(3, ''), (7, '「どうして私(わたし)だけうまくいかないんだ'), (10, 'ろう」'), (3, '')]",False,False,10
48.065,48.232,-1,「どうして私(わたし)だけうまくいかないんだろう」,"[(3, ''), (7, '「どうして私(わたし)だけうまくいかないん'), (10, 'だろう」'), (3, '')]",False,False,10
47.831,48.065,-1,「どうして私(わたし)だけうまくいかないんだろう」,"[(3, ''), (7, '「どうして私(わたし)だけうまくいかない'), (10, 'んだろう」'), (3, '')]",False,False,10
47.464,47.831,-1,「どうして私(わたし)だけうまくいかないんだろう」,"[(3, ''), (7, '「どうして私(わたし)だけうまくいかな'), (10, 'いんだろう」'), (3, '')]",False,False,10
47.164,47.464,-1,「どうして私(わたし)だけうまくいかないんだろう」,"[(3, ''), (7, '「どうして私(わたし)だけうまくいか'), (10, 'ないんだろう」'), (3, '')]",False,False,10
46.83,47.164,-1,「どうして私(わたし)だけうまくいかないんだろう」,"[(3, ''), (7, '「どうして私(わたし)だけうまくい'), (10, 'かないんだろう」'), (3, '')]",False,False,10
46.53,46.83,-1,「どうして私(わたし)だけうまくいかないんだろう」,"[(3, ''), (7, '「どうして私(わたし)だけうまく'), (10, 'いかないんだろう」'), (3, '')]",False,False,10
46.363,46.53,-1,「どうして私(わたし)だけうまくいかないんだろう」,"[(3, ''), (7, '「どうして私(わたし)だけうま'), (10, 'くいかないんだろう」'), (3, '')]",False,False,10
46.23,46.363,-1,「どうして私(わたし)だけうまくいかないんだろう」,"[(3, ''), (7, '「どうして私(わたし)だけう'), (10, 'まくいかないんだろう」'), (3, '')]",False,False,10
45.763,46.23,-1,「どうして私(わたし)だけうまくいかないんだろう」,"[(3, ''), (7, '「どうして私(わたし)だけ'), (10, 'うまくいかないんだろう」'), (3, '')]",False,False,10
45.629,45.763,-1,「どうして私(わたし)だけうまくいかないんだろう」,"[(3, ''), (7, '「どうして私(わたし)だ'), (10, 'けうまくいかないんだろう」'), (3, '')]",False,False,10
44.995,45.629,-1,「どうして私(わたし)だけうまくいかないんだろう」,"[(3, ''), (7, '「どうして私(わたし)'), (10, 'だけうまくいかないんだろう」'), (3, '')]",False,False,10
44.561,44.995,-1,「どうして私(わたし)だけうまくいかないんだろう」,"[(3, ''), (7, '「どうして'), (10, '私(わたし)だけうまくいかないんだろう」'), (3, '')]",False,False,10
44.428,44.561,-1,「どうして私(わたし)だけうまくいかないんだろう」,"[(3, ''), (7, '「どうし'), (10, 'て私(わたし)だけうまくいかないんだろう」'), (3, '')]",False,False,10
44.228,44.428,-1,「どうして私(わたし)だけうまくいかないんだろう」,"[(3, ''), (7, '「どう'), (10, 'して私(わたし)だけうまくいかないんだろう」'), (3, '')]",False,False,10
44.094,44.228,-1,「どうして私(わたし)だけうまくいかないんだろう」,"[(3, ''), (7, '「ど'), (10, 'うして私(わたし)だけうまくいかないんだろう」'), (3, '')]",False,True,10
83.133,83.867,-1,きみに魔(ま)法(ほう)をかけるよ,"[(3, ''), (1, 'きみに魔(ま)法(ほう)をかけるよ'), (3, '')]",True,False,10
82.866,83.133,-1,きみに魔(ま)法(ほう)をかけるよ,"[(3, ''), (1, 'きみに魔(ま)法(ほう)をかける'), (10, 'よ'), (3, '')]",False,False,10
82.666,82.866,-1,きみに魔(ま)法(ほう)をかけるよ,"[(3, ''), (1, 'きみに魔(ま)法(ほう)をかけ'), (10, 'るよ'), (3, '')]",False,False,10
82.533,82.666,-1,きみに魔(ま)法(ほう)をかけるよ,"[(3, ''), (1, 'きみに魔(ま)法(ほう)をか'), (10, 'けるよ'), (3, '')]",False,False,10
81.899,82.533,-1,きみに魔(ま)法(ほう)をかけるよ,"[(3, ''), (1, 'きみに魔(ま)法(ほう)を'), (10, 'かけるよ'), (3, '')]",False,False,10
81.598,81.899,-1,きみに魔(ま)法(ほう)をかけるよ,"[(3, ''), (1, 'きみに魔(ま)法(ほう)'), (10, 'をかけるよ'), (3, '')]",False,False,10
81.465,81.598,-1,きみに魔(ま)法(ほう)をかけるよ,"[(3, ''), (1, 'きみに魔(ま)'), (10, '法(ほう)をかけるよ'), (3, '')]",False,False,10
80.697,81.465,-1,きみに魔(ま)法(ほう)をかけるよ,"[(3, ''), (1, 'きみに'), (10, '魔(ま)法(ほう)をかけるよ'), (3, '')]",False,False,10
80.397,80.697,-1,きみに魔(ま)法(ほう)をかけるよ,"[(3, ''), (1, 'きみ'), (10, 'に魔(ま)法(ほう)をかけるよ'), (3, '')]",False,False,10
80.23,80.397,-1,きみに魔(ま)法(ほう)をかけるよ,"[(3, ''), (1, 'き'), (10, 'みに魔(ま)法(ほう)をかけるよ'), (3, '')]",False,False,10
12.129,12.863,-1,きみに魔(ま)法(ほう)をかけるよ,"[(3, ''), (1, 'きみに魔(ま)法(ほう)をかけるよ'), (3, '')]",False,False,10
11.829,12.129,-1,きみに魔(ま)法(ほう)をかけるよ,"[(3, ''), (1, 'きみに魔(ま)法(ほう)をかける'), (10, 'よ'), (3, '')]",False,False,10
11.662,11.829,-1,きみに魔(ま)法(ほう)をかけるよ,"[(3, ''), (1, 'きみに魔(ま)法(ほう)をかけ'), (10, 'るよ'), (3, '')]",False,False,10
11.495,11.662,-1,きみに魔(ま)法(ほう)をかけるよ,"[(3, ''), (1, 'きみに魔(ま)法(ほう)をか'), (10, 'けるよ'), (3, '')]",False,False,10
10.894,11.495,-1,きみに魔(ま)法(ほう)をかけるよ,"[(3, ''), (1, 'きみに魔(ま)法(ほう)を'), (10, 'かけるよ'), (3, '')]",False,False,10
10.594,10.894,-1,きみに魔(ま)法(ほう)をかけるよ,"[(3, ''), (1, 'きみに魔(ま)法(ほう)'), (10, 'をかけるよ'), (3, '')]",False,False,10
10.427,10.594,-1,きみに魔(ま)法(ほう)をかけるよ,"[(3, ''), (1, 'きみに魔(ま)'), (10, '法(ほう)をかけるよ'), (3, '')]",False,False,10
9.693,10.427,-1,きみに魔(ま)法(ほう)をかけるよ,"[(3, ''), (1, 'きみに'), (10, '魔(ま)法(ほう)をかけるよ'), (3, '')]",False,False,10
9.36,9.693,-1,きみに魔(ま)法(ほう)をかけるよ,"[(3, ''), (1, 'きみ'), (10, 'に魔(ま)法(ほう)をかけるよ'), (3, '')]",False,False,10
9.226,9.36,-1,きみに魔(ま)法(ほう)をかけるよ,"[(3, ''), (1, 'き'), (10, 'みに魔(ま)法(ほう)をかけるよ'), (3, '')]",False,True,10
69.186,70.587,-1,そうだ！叶(かな)えたい掴(つか)みたい夢(ゆめ)があるから,"[(3, ''), (1, 'そうだ！叶(かな)えたい掴(つか)みたい夢(ゆめ)があるから'), (3, '')]",True,False,10
69.053,69.186,-1,そうだ！叶(かな)えたい掴(つか)みたい夢(ゆめ)があるから,"[(3, ''), (1, 'そうだ！叶(かな)えたい掴(つか)みたい夢(ゆめ)があるか'), (10, 'ら'), (3, '')]",False,False,10
68.585,69.053,-1,そうだ！叶(かな)えたい掴(つか)みたい夢(ゆめ)があるから,"[(3, ''), (1, 'そうだ！叶(かな)えたい掴(つか)みたい夢(ゆめ)がある'), (10, 'から'), (3, '')]",False,False,10
68.419,68.585,-1,そうだ！叶(かな)えたい掴(つか)みたい夢(ゆめ)があるから,"[(3, ''), (1, 'そうだ！叶(かな)えたい掴(つか)みたい夢(ゆめ)があ'), (10, 'るから'), (3, '')]",False,False,10
68.285,68.419,-1,そうだ！叶(かな)えたい掴(つか)みたい夢(ゆめ)があるから,"[(3, ''), (1, 'そうだ！叶(かな)えたい掴(つか)みたい夢(ゆめ)が'), (10, 'あるから'), (3, '')]",False,False,10
67.951,68.285,-1,そうだ！叶(かな)えたい掴(つか)みたい夢(ゆめ)があるから,"[(3, ''), (1, 'そうだ！叶(かな)えたい掴(つか)みたい夢(ゆめ)'), (10, 'があるから'), (3, '')]",False,False,10
67.651,67.951,-1,そうだ！叶(かな)えたい掴(つか)みたい夢(ゆめ)があるから,"[(3, ''), (1, 'そうだ！叶(かな)えたい掴(つか)みたい'), (10, '夢(ゆめ)があるから'), (3, '')]",False,False,10
67.518,67.651,-1,そうだ！叶(かな)えたい掴(つか)みたい夢(ゆめ)があるから,"[(3, ''), (1, 'そうだ！叶(かな)えたい掴(つか)みた'), (10, 'い夢(ゆめ)があるから'), (3, '')]",False,False,10
67.351,67.518,-1,そうだ！叶(かな)えたい掴(つか)みたい夢(ゆめ)があるから,"[(3, ''), (1, 'そうだ！叶(かな)えたい掴(つか)み'), (10, 'たい夢(ゆめ)があるから'), (3, '')]",False,False,10
67.051,67.351,-1,そうだ！叶(かな)えたい掴(つか)みたい夢(ゆめ)があるから,"[(3, ''), (1, 'そうだ！叶(かな)えたい掴(つか)'), (10, 'みたい夢(ゆめ)があるから'), (3, '')]",False,False,10
66.75,67.051,-1,そうだ！叶(かな)えたい掴(つか)みたい夢(ゆめ)があるから,"[(3, ''), (1, 'そうだ！叶(かな)えたい'), (10, '掴(つか)みたい夢(ゆめ)があるから'), (3, '')]",False,False,10
66.583,66.75,-1,そうだ！叶(かな)えたい掴(つか)みたい夢(ゆめ)があるから,"[(3, ''), (1, 'そうだ！叶(かな)えた'), (10, 'い掴(つか)みたい夢(ゆめ)があるから'), (3, '')]",False,False,10
66.45,66.583,-1,そうだ！叶(かな)えたい掴(つか)みたい夢(ゆめ)があるから,"[(3, ''), (1, 'そうだ！叶(かな)え'), (10, 'たい掴(つか)みたい夢(ゆめ)があるから'), (3, '')]",False,False,10
66.116,66.45,-1,そうだ！叶(かな)えたい掴(つか)みたい夢(ゆめ)があるから,"[(3, ''), (1, 'そうだ！叶(かな)'), (10, 'えたい掴(つか)みたい夢(ゆめ)があるから'), (3, '')]",False,False,10
65.849,66.116,-1,そうだ！叶(かな)えたい掴(つか)みたい夢(ゆめ)があるから,"[(3, ''), (1, 'そうだ！'), (10, '叶(かな)えたい掴(つか)みたい夢(ゆめ)があるから'), (3, '')]",False,False,10
65.682,65.849,-1,そうだ！叶(かな)えたい掴(つか)みたい夢(ゆめ)があるから,"[(3, ''), (1, 'そう'), (10, 'だ！叶(かな)えたい掴(つか)みたい夢(ゆめ)があるから'), (3, '')]",False,False,10
65.516,65.682,-1,そうだ！叶(かな)えたい掴(つか)みたい夢(ゆめ)があるから,"[(3, ''), (1, 'そ'), (10, 'うだ！叶(かな)えたい掴(つか)みたい夢(ゆめ)があるから'), (3, '')]",False,True,10
63.514,64.915,-1,なりたい私(わたし)になる今(いま)こそ,"[(3, ''), (6, 'なりたい私(わたし)になる今(いま)こそ'), (3, '')]",True,False,10
63.347,63.514,-1,なりたい私(わたし)になる今(いま)こそ,"[(3, ''), (6, 'なりたい私(わたし)になる今(いま)こ'), (10, 'そ'), (3, '')]",False,False,10
63.047,63.347,-1,なりたい私(わたし)になる今(いま)こそ,"[(3, ''), (6, 'なりたい私(わたし)になる今(いま)'), (10, 'こそ'), (3, '')]",False,False,10
62.312,63.047,-1,なりたい私(わたし)になる今(いま)こそ,"[(3, ''), (6, 'なりたい私(わたし)になる'), (10, '今(いま)こそ'), (3, '')]",False,False,10
61.979,62.312,-1,なりたい私(わたし)になる今(いま)こそ,"[(3, ''), (6, 'なりたい私(わたし)にな'), (10, 'る今(いま)こそ'), (3, '')]",False,False,10
61.845,61.979,-1,なりたい私(わたし)になる今(いま)こそ,"[(3, ''), (6, 'なりたい私(わたし)に'), (10, 'なる今(いま)こそ'), (3, '')]",False,False,10
60.611,61.845,-1,なりたい私(わたし)になる今(いま)こそ,"[(3, ''), (6, 'なりたい私(わたし)'), (10, 'になる今(いま)こそ'), (3, '')]",False,False,10
60.31,60.611,-1,なりたい私(わたし)になる今(いま)こそ,"[(3, ''), (6, 'なりたい'), (10, '私(わたし)になる今(いま)こそ'), (3, '')]",False,False,10
60.01,60.31,-1,なりたい私(わたし)になる今(いま)こそ,"[(3, ''), (6, 'なりた'), (10, 'い私(わたし)になる今(いま)こそ'), (3, '')]",False,False,10
59.743,60.01,-1,なりたい私(わたし)になる今(いま)こそ,"[(3, ''), (6, 'なり'), (10, 'たい私(わたし)になる今(いま)こそ'), (3, '')]",False,False,10
59.41,59.743,-1,なりたい私(わたし)になる今(いま)こそ,"[(3, ''), (6, 'な'), (10, 'りたい私(わたし)になる今(いま)こそ'), (3, '')]",False,True,10
57.408,58.776,-1,ねえきみに見(み)つけてほしくて,"[(3, ''), (5, 'ねえきみに見(み)つけてほしくて'), (3, '')]",True,False,10
57.141,57.408,-1,ねえきみに見(み)つけてほしくて,"[(3, ''), (5, 'ねえきみに見(み)つけてほしく'), (10, 'て'), (3, '')]",False,False,10
56.974,57.141,-1,ねえきみに見(み)つけてほしくて,"[(3, ''), (5, 'ねえきみに見(み)つけてほし'), (10, 'くて'), (3, '')]",False,False,10
56.64,56.974,-1,ねえきみに見(み)つけてほしくて,"[(3, ''), (5, 'ねえきみに見(み)つけてほ'), (10, 'しくて'), (3, '')]",False,False,10
56.507,56.64,-1,ねえきみに見(み)つけてほしくて,"[(3, ''), (5, 'ねえきみに見(み)つけて'), (10, 'ほしくて'), (3, '')]",False,False,10
56.206,56.507,-1,ねえきみに見(み)つけてほしくて,"[(3, ''), (5, 'ねえきみに見(み)つけ'), (10, 'てほしくて'), (3, '')]",False,False,10
55.873,56.206,-1,ねえきみに見(み)つけてほしくて,"[(3, ''), (5, 'ねえきみに見(み)つ'), (10, 'けてほしくて'), (3, '')]",False,False,10
55.739,55.873,-1,ねえきみに見(み)つけてほしくて,"[(3, ''), (5, 'ねえきみに見(み)'), (10, 'つけてほしくて'), (3, '')]",False,False,10
54.972,55.739,-1,ねえきみに見(み)つけてほしくて,"[(3, ''), (5, 'ねえきみに'), (10, '見(み)つけてほしくて'), (3, '')]",False,False,10
54.671,54.972,-1,ねえきみに見(み)つけてほしくて,"[(3, ''), (5, 'ねえきみ'), (10, 'に見(み)つけてほしくて'), (3, '')]",False,False,10
54.505,54.671,-1,ねえきみに見(み)つけてほしくて,"[(3, ''), (5, 'ねえき'), (10, 'みに見(み)つけてほしくて'), (3, '')]",False,False,10
54.038,54.505,-1,ねえきみに見(み)つけてほしくて,"[(3, ''), (5, 'ねえ'), (10, 'きみに見(み)つけてほしくて'), (3, '')]",False,False,10
53.904,54.038,-1,ねえきみに見(み)つけてほしくて,"[(3, ''), (5, 'ね'), (10, 'えきみに見(み)つけてほしくて'), (3, '')]",False,True,10
1.485,6.423,0,はじまりの魔法-charm-／魔法少女ホロウィッチ,"[(3, ''), (10, 'はじまりの魔法-charm-／魔法少女ホロウィッチ'), (3, '')]",True,True,0
28.078,28.779,-1,はじまりを告(つ)げる衝(しょう)動(どう)が響(ひび)く,"[(3, ''), (2, 'はじまりを告(つ)げる衝(しょう)動(どう)が響(ひび)く'), (3, '')]",True,False,10
27.611,28.078,-1,はじまりを告(つ)げる衝(しょう)動(どう)が響(ひび)く,"[(3, ''), (2, 'はじまりを告(つ)げる衝(しょう)動(どう)が響(ひび)'), (10, 'く'), (3, '')]",False,False,10
27.277,27.611,-1,はじまりを告(つ)げる衝(しょう)動(どう)が響(ひび)く,"[(3, ''), (2, 'はじまりを告(つ)げる衝(しょう)動(どう)が'), (10, '響(ひび)く'), (3, '')]",False,False,10
26.844,27.277,-1,はじまりを告(つ)げる衝(しょう)動(どう)が響(ひび)く,"[(3, ''), (2, 'はじまりを告(つ)げる衝(しょう)動(どう)'), (10, 'が響(ひび)く'), (3, '')]",False,False,10
26.377,26.844,-1,はじまりを告(つ)げる衝(しょう)動(どう)が響(ひび)く,"[(3, ''), (2, 'はじまりを告(つ)げる衝(しょう)'), (10, '動(どう)が響(ひび)く'), (3, '')]",False,False,10
25.642,26.377,-1,はじまりを告(つ)げる衝(しょう)動(どう)が響(ひび)く,"[(3, ''), (2, 'はじまりを告(つ)げる'), (10, '衝(しょう)動(どう)が響(ひび)く'), (3, '')]",False,False,10
25.309,25.642,-1,はじまりを告(つ)げる衝(しょう)動(どう)が響(ひび)く,"[(3, ''), (2, 'はじまりを告(つ)げ'), (10, 'る衝(しょう)動(どう)が響(ひび)く'), (3, '')]",False,False,10
25.109,25.309,-1,はじまりを告(つ)げる衝(しょう)動(どう)が響(ひび)く,"[(3, ''), (2, 'はじまりを告(つ)'), (10, 'げる衝(しょう)動(どう)が響(ひび)く'), (3, '')]",False,False,10
24.842,25.109,-1,はじまりを告(つ)げる衝(しょう)動(どう)が響(ひび)く,"[(3, ''), (2, 'はじまりを'), (10, '告(つ)げる衝(しょう)動(どう)が響(ひび)く'), (3, '')]",False,False,10
24.675,24.842,-1,はじまりを告(つ)げる衝(しょう)動(どう)が響(ひび)く,"[(3, ''), (2, 'はじまり'), (10, 'を告(つ)げる衝(しょう)動(どう)が響(ひび)く'), (3, '')]",False,False,10
24.408,24.675,-1,はじまりを告(つ)げる衝(しょう)動(どう)が響(ひび)く,"[(3, ''), (2, 'はじま'), (10, 'りを告(つ)げる衝(しょう)動(どう)が響(ひび)く'), (3, '')]",False,False,10
24.141,24.408,-1,はじまりを告(つ)げる衝(しょう)動(どう)が響(ひび)く,"[(3, ''), (2, 'はじ'), (10, 'まりを告(つ)げる衝(しょう)動(どう)が響(ひび)く'), (3, '')]",False,False,10
23.974,24.141,-1,はじまりを告(つ)げる衝(しょう)動(どう)が響(ひび)く,"[(3, ''), (2, 'は'), (10, 'じまりを告(つ)げる衝(しょう)動(どう)が響(ひび)く'), (3, '')]",False,True,10
37.855,38.589,-1,何(なに)者(もの)でもなかった日(ひ)々(び)を変(か)えたのは,"[(3, ''), (8, '何(なに)者(もの)でもなかった日(ひ)々(び)を変(か)えたのは'), (3, '')]",True,False,10
37.521,37.855,-1,何(なに)者(もの)でもなかった日(ひ)々(び)を変(か)えたのは,"[(3, ''), (8, '何(なに)者(もの)でもなかった日(ひ)々(び)を変(か)えたの'), (10, 'は'), (3, '')]",False,False,10
37.221,37.521,-1,何(なに)者(もの)でもなかった日(ひ)々(び)を変(か)えたのは,"[(3, ''), (8, '何(なに)者(もの)でもなかった日(ひ)々(び)を変(か)えた'), (10, 'のは'), (3, '')]",False,False,10
36.92,37.221,-1,何(なに)者(もの)でもなかった日(ひ)々(び)を変(か)えたのは,"[(3, ''), (8, '何(なに)者(もの)でもなかった日(ひ)々(び)を変(か)え'), (10, 'たのは'), (3, '')]",False,False,10
36.62,36.92,-1,何(なに)者(もの)でもなかった日(ひ)々(び)を変(か)えたのは,"[(3, ''), (8, '何(なに)者(もの)でもなかった日(ひ)々(び)を変(か)'), (10, 'えたのは'), (3, '')]",False,False,10
36.453,36.62,-1,何(なに)者(もの)でもなかった日(ひ)々(び)を変(か)えたのは,"[(3, ''), (8, '何(なに)者(もの)でもなかった日(ひ)々(び)を'), (10, '変(か)えたのは'), (3, '')]",False,False,10
36.32,36.453,-1,何(なに)者(もの)でもなかった日(ひ)々(び)を変(か)えたのは,"[(3, ''), (8, '何(なに)者(もの)でもなかった日(ひ)々(び)'), (10, 'を変(か)えたのは'), (3, '')]",False,False,10
36.153,36.32,-1,何(なに)者(もの)でもなかった日(ひ)々(び)を変(か)えたのは,"[(3, ''), (8, '何(なに)者(もの)でもなかった日(ひ)'), (10, '々(び)を変(か)えたのは'), (3, '')]",False,False,10
35.386,36.153,-1,何(なに)者(もの)でもなかった日(ひ)々(び)を変(か)えたのは,"[(3, ''), (8, '何(なに)者(もの)でもなかった'), (10, '日(ひ)々(び)を変(か)えたのは'), (3, '')]",False,False,10
35.219,35.386,-1,何(なに)者(もの)でもなかった日(ひ)々(び)を変(か)えたのは,"[(3, ''), (8, '何(なに)者(もの)でもなかっ'), (10, 'た日(ひ)々(び)を変(か)えたのは'), (3, '')]",False,False,10
35.085,35.219,-1,何(なに)者(もの)でもなかった日(ひ)々(び)を変(か)えたのは,"[(3, ''), (8, '何(なに)者(もの)でもなか'), (10, 'った日(ひ)々(び)を変(か)えたのは'), (3, '')]",False,False,10
34.918,35.085,-1,何(なに)者(もの)でもなかった日(ひ)々(び)を変(か)えたのは,"[(3, ''), (8, '何(なに)者(もの)でもな'), (10, 'かった日(ひ)々(び)を変(か)えたのは'), (3, '')]",False,False,10
34.618,34.918,-1,何(なに)者(もの)でもなかった日(ひ)々(び)を変(か)えたのは,"[(3, ''), (8, '何(なに)者(もの)でも'), (10, 'なかった日(ひ)々(び)を変(か)えたのは'), (3, '')]",False,False,10
34.451,34.618,-1,何(なに)者(もの)でもなかった日(ひ)々(び)を変(か)えたのは,"[(3, ''), (8, '何(なに)者(もの)で'), (10, 'もなかった日(ひ)々(び)を変(か)えたのは'), (3, '')]",False,False,10
33.984,34.451,-1,何(なに)者(もの)でもなかった日(ひ)々(び)を変(か)えたのは,"[(3, ''), (8, '何(なに)者(もの)'), (10, 'でもなかった日(ひ)々(び)を変(か)えたのは'), (3, '')]",False,False,10
33.684,33.984,-1,何(なに)者(もの)でもなかった日(ひ)々(び)を変(か)えたのは,"[(3, ''), (8, '何(なに)'), (10, '者(もの)でもなかった日(ひ)々(び)を変(か)えたのは'), (3, '')]",False,True,10
1.485,2.786,-1,作詞・作曲・編曲：三好啓太,"[(3, ''), (10, '作詞・作曲・編曲：三好啓太'), (3, '')]",True,True,0
79.463,80.23,-1,信(しん)じる力(ちから)が奇(き)跡(せき)起(お)こすように,"[(3, ''), (1, '信(しん)じる力(ちから)が奇(き)跡(せき)起(お)こすように'), (3, '')]",True,False,10
79.329,79.463,-1,信(しん)じる力(ちから)が奇(き)跡(せき)起(お)こすように,"[(3, ''), (1, '信(しん)じる力(ちから)が奇(き)跡(せき)起(お)こすよう'), (10, 'に'), (3, '')]",False,False,10
79.163,79.329,-1,信(しん)じる力(ちから)が奇(き)跡(せき)起(お)こすように,"[(3, ''), (1, '信(しん)じる力(ちから)が奇(き)跡(せき)起(お)こすよ'), (10, 'うに'), (3, '')]",False,False,10
78.862,79.163,-1,信(しん)じる力(ちから)が奇(き)跡(せき)起(お)こすように,"[(3, ''), (1, '信(しん)じる力(ちから)が奇(き)跡(せき)起(お)こす'), (10, 'ように'), (3, '')]",False,False,10
78.529,78.862,-1,信(しん)じる力(ちから)が奇(き)跡(せき)起(お)こすように,"[(3, ''), (1, '信(しん)じる力(ちから)が奇(き)跡(せき)起(お)こ'), (10, 'すように'), (3, '')]",False,False,10
78.228,78.529,-1,信(しん)じる力(ちから)が奇(き)跡(せき)起(お)こすように,"[(3, ''), (1, '信(しん)じる力(ちから)が奇(き)跡(せき)起(お)'), (10, 'こすように'), (3, '')]",False,False,10
77.928,78.228,-1,信(しん)じる力(ちから)が奇(き)跡(せき)起(お)こすように,"[(3, ''), (1, '信(しん)じる力(ちから)が奇(き)跡(せき)'), (10, '起(お)こすように'), (3, '')]",False,False,10
77.795,77.928,-1,信(しん)じる力(ちから)が奇(き)跡(せき)起(お)こすように,"[(3, ''), (1, '信(しん)じる力(ちから)が奇(き)'), (10, '跡(せき)起(お)こすように'), (3, '')]",False,False,10
77.294,77.795,-1,信(しん)じる力(ちから)が奇(き)跡(せき)起(お)こすように,"[(3, ''), (1, '信(しん)じる力(ちから)が'), (10, '奇(き)跡(せき)起(お)こすように'), (3, '')]",False,False,10
76.827,77.294,-1,信(しん)じる力(ちから)が奇(き)跡(せき)起(お)こすように,"[(3, ''), (1, '信(しん)じる力(ちから)'), (10, 'が奇(き)跡(せき)起(お)こすように'), (3, '')]",False,False,10
76.393,76.827,-1,信(しん)じる力(ちから)が奇(き)跡(せき)起(お)こすように,"[(3, ''), (1, '信(しん)じる'), (10, '力(ちから)が奇(き)跡(せき)起(お)こすように'), (3, '')]",False,False,10
76.226,76.393,-1,信(しん)じる力(ちから)が奇(き)跡(せき)起(お)こすように,"[(3, ''), (1, '信(しん)じ'), (10, 'る力(ちから)が奇(き)跡(せき)起(お)こすように'), (3, '')]",False,False,10
75.926,76.226,-1,信(しん)じる力(ちから)が奇(き)跡(せき)起(お)こすように,"[(3, ''), (1, '信(しん)'), (10, 'じる力(ちから)が奇(き)跡(せき)起(お)こすように'), (3, '')]",False,True,10
74.124,74.558,-1,塞(ふさ)ぎこんだ日(ひ)のことも連(つ)れて,"[(3, ''), (6, '塞(ふさ)ぎこんだ日(ひ)のことも連(つ)れて'), (3, '')]",True,False,10
73.957,74.124,-1,塞(ふさ)ぎこんだ日(ひ)のことも連(つ)れて,"[(3, ''), (6, '塞(ふさ)ぎこんだ日(ひ)のことも連(つ)れ'), (10, 'て'), (3, '')]",False,False,10
73.524,73.957,-1,塞(ふさ)ぎこんだ日(ひ)のことも連(つ)れて,"[(3, ''), (6, '塞(ふさ)ぎこんだ日(ひ)のことも連(つ)'), (10, 'れて'), (3, '')]",False,False,10
73.19,73.524,-1,塞(ふさ)ぎこんだ日(ひ)のことも連(つ)れて,"[(3, ''), (6, '塞(ふさ)ぎこんだ日(ひ)のことも'), (10, '連(つ)れて'), (3, '')]",False,False,10
72.89,73.19,-1,塞(ふさ)ぎこんだ日(ひ)のことも連(つ)れて,"[(3, ''), (6, '塞(ふさ)ぎこんだ日(ひ)のこと'), (10, 'も連(つ)れて'), (3, '')]",False,False,10
72.556,72.89,-1,塞(ふさ)ぎこんだ日(ひ)のことも連(つ)れて,"[(3, ''), (6, '塞(ふさ)ぎこんだ日(ひ)のこ'), (10, 'とも連(つ)れて'), (3, '')]",False,False,10
72.256,72.556,-1,塞(ふさ)ぎこんだ日(ひ)のことも連(つ)れて,"[(3, ''), (6, '塞(ふさ)ぎこんだ日(ひ)の'), (10, 'ことも連(つ)れて'), (3, '')]",False,False,10
71.955,72.256,-1,塞(ふさ)ぎこんだ日(ひ)のことも連(つ)れて,"[(3, ''), (6, '塞(ふさ)ぎこんだ日(ひ)'), (10, 'のことも連(つ)れて'), (3, '')]",False,False,10
71.655,71.955,-1,塞(ふさ)ぎこんだ日(ひ)のことも連(つ)れて,"[(3, ''), (6, '塞(ふさ)ぎこんだ'), (10, '日(ひ)のことも連(つ)れて'), (3, '')]",False,False,10
71.355,71.655,-1,塞(ふさ)ぎこんだ日(ひ)のことも連(つ)れて,"[(3, ''), (6, '塞(ふさ)ぎこん'), (10, 'だ日(ひ)のことも連(つ)れて'), (3, '')]",False,False,10
71.055,71.355,-1,塞(ふさ)ぎこんだ日(ひ)のことも連(つ)れて,"[(3, ''), (6, '塞(ふさ)ぎこ'), (10, 'んだ日(ひ)のことも連(つ)れて'), (3, '')]",False,False,10
70.888,71.055,-1,塞(ふさ)ぎこんだ日(ひ)のことも連(つ)れて,"[(3, ''), (6, '塞(ふさ)ぎ'), (10, 'こんだ日(ひ)のことも連(つ)れて'), (3, '')]",False,False,10
70.587,70.888,-1,塞(ふさ)ぎこんだ日(ひ)のことも連(つ)れて,"[(3, ''), (6, '塞(ふさ)'), (10, 'ぎこんだ日(ひ)のことも連(つ)れて'), (3, '')]",False,True,10
2.786,6.423,91,歌唱：紫咲シオン、沙花叉クロヱ、宝鐘マリン、さくらみこ、天音かなた、姫森ルーナ,"[(3, ''), (10, '歌唱：'), (4, '紫咲シオン'), (10, '、'), (5, '沙花叉クロヱ'), (10, '、'), (3, ''), (7, '宝鐘マリン'), (10, '、'), (9, 'さくらみこ'), (10, '、'), (2, '天音かなた'), (10, '、'), (8, '姫森ルーナ'), (3, '')]",True,True,0
32.916,33.684,-1,気(き)づいた時(とき)がいつだってスタートラインなんだ,"[(3, ''), (9, '気(き)づいた時(とき)がいつだってスタートラインなんだ'), (3, '')]",True,False,10
32.75,32.916,-1,気(き)づいた時(とき)がいつだってスタートラインなんだ,"[(3, ''), (9, '気(き)づいた時(とき)がいつだってスタートラインなん'), (10, 'だ'), (3, '')]",False,False,10
32.616,32.75,-1,気(き)づいた時(とき)がいつだってスタートラインなんだ,"[(3, ''), (9, '気(き)づいた時(とき)がいつだってスタートラインな'), (10, 'んだ'), (3, '')]",False,False,10
32.449,32.616,-1,気(き)づいた時(とき)がいつだってスタートラインなんだ,"[(3, ''), (9, '気(き)づいた時(とき)がいつだってスタートライン'), (10, 'なんだ'), (3, '')]",False,False,10
32.282,32.449,-1,気(き)づいた時(とき)がいつだってスタートラインなんだ,"[(3, ''), (9, '気(き)づいた時(とき)がいつだってスタートライ'), (10, 'ンなんだ'), (3, '')]",False,False,10
32.149,32.282,-1,気(き)づいた時(とき)がいつだってスタートラインなんだ,"[(3, ''), (9, '気(き)づいた時(とき)がいつだってスタートラ'), (10, 'インなんだ'), (3, '')]",False,False,10
31.982,32.149,-1,気(き)づいた時(とき)がいつだってスタートラインなんだ,"[(3, ''), (9, '気(き)づいた時(とき)がいつだってスタート'), (10, 'ラインなんだ'), (3, '')]",False,False,10
31.815,31.982,-1,気(き)づいた時(とき)がいつだってスタートラインなんだ,"[(3, ''), (9, '気(き)づいた時(とき)がいつだってスター'), (10, 'トラインなんだ'), (3, '')]",False,False,10
31.682,31.815,-1,気(き)づいた時(とき)がいつだってスタートラインなんだ,"[(3, ''), (9, '気(き)づいた時(とき)がいつだってスタ'), (10, 'ートラインなんだ'), (3, '')]",False,False,10
31.515,31.682,-1,気(き)づいた時(とき)がいつだってスタートラインなんだ,"[(3, ''), (9, '気(き)づいた時(とき)がいつだってス'), (10, 'タートラインなんだ'), (3, '')]",False,False,10
31.081,31.515,-1,気(き)づいた時(とき)がいつだってスタートラインなんだ,"[(3, ''), (9, '気(き)づいた時(とき)がいつだって'), (10, 'スタートラインなんだ'), (3, '')]",False,False,10
30.914,31.081,-1,気(き)づいた時(とき)がいつだってスタートラインなんだ,"[(3, ''), (9, '気(き)づいた時(とき)がいつだっ'), (10, 'てスタートラインなんだ'), (3, '')]",False,False,10
30.781,30.914,-1,気(き)づいた時(とき)がいつだってスタートラインなんだ,"[(3, ''), (9, '気(き)づいた時(とき)がいつだ'), (10, 'ってスタートラインなんだ'), (3, '')]",False,False,10
30.447,30.781,-1,気(き)づいた時(とき)がいつだってスタートラインなんだ,"[(3, ''), (9, '気(き)づいた時(とき)がいつ'), (10, 'だってスタートラインなんだ'), (3, '')]",False,False,10
30.314,30.447,-1,気(き)づいた時(とき)がいつだってスタートラインなんだ,"[(3, ''), (9, '気(き)づいた時(とき)がい'), (10, 'つだってスタートラインなんだ'), (3, '')]",False,False,10
30.147,30.314,-1,気(き)づいた時(とき)がいつだってスタートラインなんだ,"[(3, ''), (9, '気(き)づいた時(とき)が'), (10, 'いつだってスタートラインなんだ'), (3, '')]",False,False,10
29.847,30.147,-1,気(き)づいた時(とき)がいつだってスタートラインなんだ,"[(3, ''), (9, '気(き)づいた時(とき)'), (10, 'がいつだってスタートラインなんだ'), (3, '')]",False,False,10
29.246,29.847,-1,気(き)づいた時(とき)がいつだってスタートラインなんだ,"[(3, ''), (9, '気(き)づいた'), (10, '時(とき)がいつだってスタートラインなんだ'), (3, '')]",False,False,10
29.079,29.246,-1,気(き)づいた時(とき)がいつだってスタートラインなんだ,"[(3, ''), (9, '気(き)づい'), (10, 'た時(とき)がいつだってスタートラインなんだ'), (3, '')]",False,False,10
28.946,29.079,-1,気(き)づいた時(とき)がいつだってスタートラインなんだ,"[(3, ''), (9, '気(き)づ'), (10, 'いた時(とき)がいつだってスタートラインなんだ'), (3, '')]",False,False,10
28.779,28.946,-1,気(き)づいた時(とき)がいつだってスタートラインなんだ,"[(3, ''), (9, '気(き)'), (10, 'づいた時(とき)がいつだってスタートラインなんだ'), (3, '')]",False,True,10
53.27,53.904,-1,自(じ)分(ぶん)以(い)外(がい)の全(すべ)てが眩(まぶ)しくみえるけど,"[(3, ''), (4, '自(じ)分(ぶん)以(い)外(がい)の全(すべ)てが眩(まぶ)しくみえるけど'), (3, '')]",True,False,10
53.137,53.27,-1,自(じ)分(ぶん)以(い)外(がい)の全(すべ)てが眩(まぶ)しくみえるけど,"[(3, ''), (4, '自(じ)分(ぶん)以(い)外(がい)の全(すべ)てが眩(まぶ)しくみえるけ'), (10, 'ど'), (3, '')]",False,False,10
53.003,53.137,-1,自(じ)分(ぶん)以(い)外(がい)の全(すべ)てが眩(まぶ)しくみえるけど,"[(3, ''), (4, '自(じ)分(ぶん)以(い)外(がい)の全(すべ)てが眩(まぶ)しくみえる'), (10, 'けど'), (3, '')]",False,False,10
52.703,53.003,-1,自(じ)分(ぶん)以(い)外(がい)の全(すべ)てが眩(まぶ)しくみえるけど,"[(3, ''), (4, '自(じ)分(ぶん)以(い)外(がい)の全(すべ)てが眩(まぶ)しくみえ'), (10, 'るけど'), (3, '')]",False,False,10
52.536,52.703,-1,自(じ)分(ぶん)以(い)外(がい)の全(すべ)てが眩(まぶ)しくみえるけど,"[(3, ''), (4, '自(じ)分(ぶん)以(い)外(がい)の全(すべ)てが眩(まぶ)しくみ'), (10, 'えるけど'), (3, '')]",False,False,10
52.036,52.536,-1,自(じ)分(ぶん)以(い)外(がい)の全(すべ)てが眩(まぶ)しくみえるけど,"[(3, ''), (4, '自(じ)分(ぶん)以(い)外(がい)の全(すべ)てが眩(まぶ)しく'), (10, 'みえるけど'), (3, '')]",False,False,10
51.902,52.036,-1,自(じ)分(ぶん)以(い)外(がい)の全(すべ)てが眩(まぶ)しくみえるけど,"[(3, ''), (4, '自(じ)分(ぶん)以(い)外(がい)の全(すべ)てが眩(まぶ)し'), (10, 'くみえるけど'), (3, '')]",False,False,10
51.301,51.902,-1,自(じ)分(ぶん)以(い)外(がい)の全(すべ)てが眩(まぶ)しくみえるけど,"[(3, ''), (4, '自(じ)分(ぶん)以(い)外(がい)の全(すべ)てが眩(まぶ)'), (10, 'しくみえるけど'), (3, '')]",False,False,10
51.001,51.301,-1,自(じ)分(ぶん)以(い)外(がい)の全(すべ)てが眩(まぶ)しくみえるけど,"[(3, ''), (4, '自(じ)分(ぶん)以(い)外(がい)の全(すべ)てが'), (10, '眩(まぶ)しくみえるけど'), (3, '')]",False,False,10
50.701,51.001,-1,自(じ)分(ぶん)以(い)外(がい)の全(すべ)てが眩(まぶ)しくみえるけど,"[(3, ''), (4, '自(じ)分(ぶん)以(い)外(がい)の全(すべ)て'), (10, 'が眩(まぶ)しくみえるけど'), (3, '')]",False,False,10
50.1,50.701,-1,自(じ)分(ぶん)以(い)外(がい)の全(すべ)てが眩(まぶ)しくみえるけど,"[(3, ''), (4, '自(じ)分(ぶん)以(い)外(がい)の全(すべ)'), (10, 'てが眩(まぶ)しくみえるけど'), (3, '')]",False,False,10
49.9,50.1,-1,自(じ)分(ぶん)以(い)外(がい)の全(すべ)てが眩(まぶ)しくみえるけど,"[(3, ''), (4, '自(じ)分(ぶん)以(い)外(がい)の'), (10, '全(すべ)てが眩(まぶ)しくみえるけど'), (3, '')]",False,False,10
49.666,49.9,-1,自(じ)分(ぶん)以(い)外(がい)の全(すべ)てが眩(まぶ)しくみえるけど,"[(3, ''), (4, '自(じ)分(ぶん)以(い)外(がい)'), (10, 'の全(すべ)てが眩(まぶ)しくみえるけど'), (3, '')]",False,False,10
49.466,49.666,-1,自(じ)分(ぶん)以(い)外(がい)の全(すべ)てが眩(まぶ)しくみえるけど,"[(3, ''), (4, '自(じ)分(ぶん)以(い)'), (10, '外(がい)の全(すべ)てが眩(まぶ)しくみえるけど'), (3, '')]",False,False,10
48.999,49.466,-1,自(じ)分(ぶん)以(い)外(がい)の全(すべ)てが眩(まぶ)しくみえるけど,"[(3, ''), (4, '自(じ)分(ぶん)'), (10, '以(い)外(がい)の全(すべ)てが眩(まぶ)しくみえるけど'), (3, '')]",False,False,10
48.899,48.999,-1,自(じ)分(ぶん)以(い)外(がい)の全(すべ)てが眩(まぶ)しくみえるけど,"[(3, ''), (4, '自(じ)'), (10, '分(ぶん)以(い)外(がい)の全(すべ)てが眩(まぶ)しくみえるけど'), (3, '')]",False,True,10
43.327,44.094,-1,見(み)つけたばかりのちっぽけな輝(かがや)きの原(げん)石(せき),"[(3, ''), (10, '見(み)つけたばかりのちっぽけな輝(かがや)きの原(げん)石(せき)'), (3, '')]",True,False,6
42.559,43.327,-1,見(み)つけたばかりのちっぽけな輝(かがや)きの原(げん)石(せき),"[(3, ''), (10, '見(み)つけたばかりのちっぽけな輝(かがや)きの原(げん)'), (6, '石(せき)'), (3, '')]",False,False,6
42.292,42.559,-1,見(み)つけたばかりのちっぽけな輝(かがや)きの原(げん)石(せき),"[(3, ''), (10, '見(み)つけたばかりのちっぽけな輝(かがや)きの'), (6, '原(げん)石(せき)'), (3, '')]",False,False,6
41.959,42.292,-1,見(み)つけたばかりのちっぽけな輝(かがや)きの原(げん)石(せき),"[(3, ''), (10, '見(み)つけたばかりのちっぽけな輝(かがや)き'), (6, 'の原(げん)石(せき)'), (3, '')]",False,False,6
41.358,41.959,-1,見(み)つけたばかりのちっぽけな輝(かがや)きの原(げん)石(せき),"[(3, ''), (10, '見(み)つけたばかりのちっぽけな輝(かがや)'), (6, 'きの原(げん)石(せき)'), (3, '')]",False,False,6
40.891,41.358,-1,見(み)つけたばかりのちっぽけな輝(かがや)きの原(げん)石(せき),"[(3, ''), (10, '見(み)つけたばかりのちっぽけな'), (6, '輝(かがや)きの原(げん)石(せき)'), (3, '')]",False,False,6
40.724,40.891,-1,見(み)つけたばかりのちっぽけな輝(かがや)きの原(げん)石(せき),"[(3, ''), (10, '見(み)つけたばかりのちっぽけ'), (6, 'な輝(かがや)きの原(げん)石(せき)'), (3, '')]",False,False,6
40.29,40.724,-1,見(み)つけたばかりのちっぽけな輝(かがや)きの原(げん)石(せき),"[(3, ''), (10, '見(み)つけたばかりのちっぽ'), (6, 'けな輝(かがや)きの原(げん)石(せき)'), (3, '')]",False,False,6
40.124,40.29,-1,見(み)つけたばかりのちっぽけな輝(かがや)きの原(げん)石(せき),"[(3, ''), (10, '見(み)つけたばかりのちっ'), (6, 'ぽけな輝(かがや)きの原(げん)石(せき)'), (3, '')]",False,False,6
39.957,40.124,-1,見(み)つけたばかりのちっぽけな輝(かがや)きの原(げん)石(せき),"[(3, ''), (10, '見(み)つけたばかりのち'), (6, 'っぽけな輝(かがや)きの原(げん)石(せき)'), (3, '')]",False,False,6
39.823,39.957,-1,見(み)つけたばかりのちっぽけな輝(かがや)きの原(げん)石(せき),"[(3, ''), (10, '見(み)つけたばかりの'), (6, 'ちっぽけな輝(かがや)きの原(げん)石(せき)'), (3, '')]",False,False,6
39.656,39.823,-1,見(み)つけたばかりのちっぽけな輝(かがや)きの原(げん)石(せき),"[(3, ''), (10, '見(み)つけたばかり'), (6, 'のちっぽけな輝(かがや)きの原(げん)石(せき)'), (3, '')]",False,False,6
39.523,39.656,-1,見(み)つけたばかりのちっぽけな輝(かがや)きの原(げん)石(せき),"[(3, ''), (10, '見(み)つけたばか'), (6, 'りのちっぽけな輝(かがや)きの原(げん)石(せき)'), (3, '')]",False,False,6
39.356,39.523,-1,見(み)つけたばかりのちっぽけな輝(かがや)きの原(げん)石(せき),"[(3, ''), (10, '見(み)つけたば'), (6, 'かりのちっぽけな輝(かがや)きの原(げん)石(せき)'), (3, '')]",False,False,6
39.056,39.356,-1,見(み)つけたばかりのちっぽけな輝(かがや)きの原(げん)石(せき),"[(3, ''), (10, '見(み)つけた'), (6, 'ばかりのちっぽけな輝(かがや)きの原(げん)石(せき)'), (3, '')]",False,False,6
38.889,39.056,-1,見(み)つけたばかりのちっぽけな輝(かがや)きの原(げん)石(せき),"[(3, ''), (10, '見(み)つけ'), (6, 'たばかりのちっぽけな輝(かがや)きの原(げん)石(せき)'), (3, '')]",False,False,6
38.756,38.889,-1,見(み)つけたばかりのちっぽけな輝(かがや)きの原(げん)石(せき),"[(3, ''), (10, '見(み)つ'), (6, 'けたばかりのちっぽけな輝(かがや)きの原(げん)石(せき)'), (3, '')]",False,False,6
38.589,38.756,-1,見(み)つけたばかりのちっぽけな輝(かがや)きの原(げん)石(せき),"[(3, ''), (10, '見(み)'), (6, 'つけたばかりのちっぽけな輝(かがや)きの原(げん)石(せき)'), (3, '')]",False,True,6
75.492,75.926,-1,踏(ふ)み出(だ)すんだ,"[(3, ''), (10, '踏(ふ)み出(だ)すんだ'), (3, '')]",True,False,6
75.192,75.492,-1,踏(ふ)み出(だ)すんだ,"[(3, ''), (10, '踏(ふ)み出(だ)すん'), (6, 'だ'), (3, '')]",False,False,6
75.025,75.192,-1,踏(ふ)み出(だ)すんだ,"[(3, ''), (10, '踏(ふ)み出(だ)す'), (6, 'んだ'), (3, '')]",False,False,6
74.725,75.025,-1,踏(ふ)み出(だ)すんだ,"[(3, ''), (10, '踏(ふ)み出(だ)'), (6, 'すんだ'), (3, '')]",False,False,6
74.658,74.725,-1,踏(ふ)み出(だ)すんだ,"[(3, ''), (10, '踏(ふ)み'), (6, '出(だ)すんだ'), (3, '')]",False,False,6
74.558,74.658,-1,踏(ふ)み出(だ)すんだ,"[(3, ''), (10, '踏(ふ)'), (6, 'み出(だ)すんだ'), (3, '')]",False,True,6
70.421,71.055,85,（見(み)たいから）,"[(3, ''), (1, '（見(み)たいから）'), (3, '')]",True,False,10
70.287,70.421,85,（見(み)たいから）,"[(3, ''), (1, '（見(み)たいか'), (10, 'ら）'), (3, '')]",False,False,10
70.12,70.287,85,（見(み)たいから）,"[(3, ''), (1, '（見(み)たい'), (10, 'から）'), (3, '')]",False,False,10
69.82,70.12,85,（見(み)たいから）,"[(3, ''), (1, '（見(み)た'), (10, 'いから）'), (3, '')]",False,False,10
69.553,69.82,85,（見(み)たいから）,"[(3, ''), (1, '（見(み)'), (10, 'たいから）'), (3, '')]",False,True,10
