start,end,line,unformatted,segments,ref_start,ref_end,common_number
1.352,12.296,0,nowonstep／角巻わため,"[(1, ''), (2, 'nowonstep／角巻わため'), (1, '')]",True,True,0
119.803,120.471,-1,stepスベっても気(き)にしないで,"[(1, ''), (2, 'stepスベっても気(き)にしないで'), (1, '')]",True,False,3
119.603,119.803,-1,stepスベっても気(き)にしないで,"[(1, ''), (2, 'stepスベっても気(き)にしない'), (3, 'で'), (1, '')]",False,False,3
119.303,119.603,-1,stepスベっても気(き)にしないで,"[(1, ''), (2, 'stepスベっても気(き)にしな'), (3, 'いで'), (1, '')]",False,False,3
118.936,119.303,-1,stepスベっても気(き)にしないで,"[(1, ''), (2, 'stepスベっても気(き)にし'), (3, 'ないで'), (1, '')]",False,False,3
118.602,118.936,-1,stepスベっても気(き)にしないで,"[(1, ''), (2, 'stepスベっても気(き)に'), (3, 'しないで'), (1, '')]",False,False,3
118.268,118.602,-1,stepスベっても気(き)にしないで,"[(1, ''), (2, 'stepスベっても気(き)'), (3, 'にしないで'), (1, '')]",False,False,3
117.734,118.268,-1,stepスベっても気(き)にしないで,"[(1, ''), (2, 'stepスベっても'), (3, '気(き)にしないで'), (1, '')]",False,False,3
117.401,117.734,-1,stepスベっても気(き)にしないで,"[(1, ''), (2, 'stepスベって'), (3, 'も気(き)にしないで'), (1, '')]",False,False,3
117.234,117.401,-1,stepスベっても気(き)にしないで,"[(1, ''), (2, 'stepスベっ'), (3, 'ても気(き)にしないで'), (1, '')]",False,False,3
117.067,117.234,-1,stepスベっても気(き)にしないで,"[(1, ''), (2, 'stepスベ'), (3, 'っても気(き)にしないで'), (1, '')]",False,False,3
116.9,117.067,-1,stepスベっても気(き)にしないで,"[(1, ''), (2, 'stepス'), (3, 'ベっても気(き)にしないで'), (1, '')]",False,False,3
116.533,116.9,-1,stepスベっても気(き)にしないで,"[(1, ''), (2, 'step'), (3, 'スベっても気(き)にしないで'), (1, '')]",False,False,3
116.366,116.533,-1,stepスベっても気(き)にしないで,"[(1, ''), (2, 's'), (3, 'tepスベっても気(き)にしないで'), (1, '')]",False,True,3
196.58,197.281,-1,step捨(す)て身(み)ですれ違(ちが)って,"[(1, ''), (2, 'step捨(す)て身(み)ですれ違(ちが)って'), (1, '')]",True,False,3
196.413,196.58,-1,step捨(す)て身(み)ですれ違(ちが)って,"[(1, ''), (2, 'step捨(す)て身(み)ですれ違(ちが)っ'), (3, 'て'), (1, '')]",False,False,3
195.712,196.413,-1,step捨(す)て身(み)ですれ違(ちが)って,"[(1, ''), (2, 'step捨(す)て身(み)ですれ違(ちが)'), (3, 'って'), (1, '')]",False,False,3
195.379,195.712,-1,step捨(す)て身(み)ですれ違(ちが)って,"[(1, ''), (2, 'step捨(す)て身(み)ですれ'), (3, '違(ちが)って'), (1, '')]",False,False,3
195.078,195.379,-1,step捨(す)て身(み)ですれ違(ちが)って,"[(1, ''), (2, 'step捨(す)て身(み)です'), (3, 'れ違(ちが)って'), (1, '')]",False,False,3
194.545,195.078,-1,step捨(す)て身(み)ですれ違(ちが)って,"[(1, ''), (2, 'step捨(す)て身(み)で'), (3, 'すれ違(ちが)って'), (1, '')]",False,False,3
194.211,194.545,-1,step捨(す)て身(み)ですれ違(ちが)って,"[(1, ''), (2, 'step捨(す)て身(み)'), (3, 'ですれ違(ちが)って'), (1, '')]",False,False,3
193.877,194.211,-1,step捨(す)て身(み)ですれ違(ちが)って,"[(1, ''), (2, 'step捨(す)て'), (3, '身(み)ですれ違(ちが)って'), (1, '')]",False,False,3
193.677,193.877,-1,step捨(す)て身(み)ですれ違(ちが)って,"[(1, ''), (2, 'step捨(す)'), (3, 'て身(み)ですれ違(ちが)って'), (1, '')]",False,False,3
193.343,193.677,-1,step捨(す)て身(み)ですれ違(ちが)って,"[(1, ''), (2, 'step'), (3, '捨(す)て身(み)ですれ違(ちが)って'), (1, '')]",False,False,3
193.143,193.343,-1,step捨(す)て身(み)ですれ違(ちが)って,"[(1, ''), (2, 's'), (3, 'tep捨(す)て身(み)ですれ違(ちが)って'), (1, '')]",False,False,3
53.971,54.671,-1,step捨(す)て身(み)ですれ違(ちが)って,"[(1, ''), (2, 'step捨(す)て身(み)ですれ違(ちが)って'), (1, '')]",False,False,3
53.804,53.971,-1,step捨(す)て身(み)ですれ違(ちが)って,"[(1, ''), (2, 'step捨(す)て身(み)ですれ違(ちが)っ'), (3, 'て'), (1, '')]",False,False,3
53.103,53.804,-1,step捨(す)て身(み)ですれ違(ちが)って,"[(1, ''), (2, 'step捨(す)て身(み)ですれ違(ちが)'), (3, 'って'), (1, '')]",False,False,3
52.77,53.103,-1,step捨(す)て身(み)ですれ違(ちが)って,"[(1, ''), (2, 'step捨(す)て身(み)ですれ'), (3, '違(ちが)って'), (1, '')]",False,False,3
52.436,52.77,-1,step捨(す)て身(み)ですれ違(ちが)って,"[(1, ''), (2, 'step捨(す)て身(み)です'), (3, 'れ違(ちが)って'), (1, '')]",False,False,3
51.902,52.436,-1,step捨(す)て身(み)ですれ違(ちが)って,"[(1, ''), (2, 'step捨(す)て身(み)で'), (3, 'すれ違(ちが)って'), (1, '')]",False,False,3
51.568,51.902,-1,step捨(す)て身(み)ですれ違(ちが)って,"[(1, ''), (2, 'step捨(す)て身(み)'), (3, 'ですれ違(ちが)って'), (1, '')]",False,False,3
51.235,51.568,-1,step捨(す)て身(み)ですれ違(ちが)って,"[(1, ''), (2, 'step捨(す)て'), (3, '身(み)ですれ違(ちが)って'), (1, '')]",False,False,3
51.035,51.235,-1,step捨(す)て身(み)ですれ違(ちが)って,"[(1, ''), (2, 'step捨(す)'), (3, 'て身(み)ですれ違(ちが)って'), (1, '')]",False,False,3
50.734,51.035,-1,step捨(す)て身(み)ですれ違(ちが)って,"[(1, ''), (2, 'step'), (3, '捨(す)て身(み)ですれ違(ちが)って'), (1, '')]",False,False,3
50.467,50.734,-1,step捨(す)て身(み)ですれ違(ちが)って,"[(1, ''), (2, 's'), (3, 'tep捨(す)て身(み)ですれ違(ちが)って'), (1, '')]",False,True,3
115.699,116.366,-1,かかか関(かん)係(けい)ない朝(あさ)まで,"[(1, ''), (2, 'かかか関(かん)係(けい)ない朝(あさ)まで'), (1, '')]",True,False,3
115.332,115.699,-1,かかか関(かん)係(けい)ない朝(あさ)まで,"[(1, ''), (2, 'かかか関(かん)係(けい)ない朝(あさ)ま'), (3, 'で'), (1, '')]",False,False,3
114.798,115.332,-1,かかか関(かん)係(けい)ない朝(あさ)まで,"[(1, ''), (2, 'かかか関(かん)係(けい)ない朝(あさ)'), (3, 'まで'), (1, '')]",False,False,3
114.665,114.798,-1,かかか関(かん)係(けい)ない朝(あさ)まで,"[(1, ''), (2, 'かかか関(かん)係(けい)ない'), (3, '朝(あさ)まで'), (1, '')]",False,False,3
114.498,114.665,-1,かかか関(かん)係(けい)ない朝(あさ)まで,"[(1, ''), (2, 'かかか関(かん)係(けい)な'), (3, 'い朝(あさ)まで'), (1, '')]",False,False,3
114.131,114.498,-1,かかか関(かん)係(けい)ない朝(あさ)まで,"[(1, ''), (2, 'かかか関(かん)係(けい)'), (3, 'ない朝(あさ)まで'), (1, '')]",False,False,3
113.797,114.131,-1,かかか関(かん)係(けい)ない朝(あさ)まで,"[(1, ''), (2, 'かかか関(かん)'), (3, '係(けい)ない朝(あさ)まで'), (1, '')]",False,False,3
113.63,113.797,-1,かかか関(かん)係(けい)ない朝(あさ)まで,"[(1, ''), (2, 'かかか'), (3, '関(かん)係(けい)ない朝(あさ)まで'), (1, '')]",False,False,3
113.464,113.63,-1,かかか関(かん)係(けい)ない朝(あさ)まで,"[(1, ''), (2, 'かか'), (3, 'か関(かん)係(けい)ない朝(あさ)まで'), (1, '')]",False,False,3
113.297,113.464,-1,かかか関(かん)係(けい)ない朝(あさ)まで,"[(1, ''), (2, 'か'), (3, 'かか関(かん)係(けい)ない朝(あさ)まで'), (1, '')]",False,True,3
207.591,208.559,-1,かまって可(か)能(のう)性(せい)感(かん)じちゃって,"[(1, ''), (2, 'かまって可(か)能(のう)性(せい)感(かん)じちゃって'), (1, '')]",True,False,3
207.391,207.591,-1,かまって可(か)能(のう)性(せい)感(かん)じちゃって,"[(1, ''), (2, 'かまって可(か)能(のう)性(せい)感(かん)じちゃっ'), (3, 'て'), (1, '')]",False,False,3
207.024,207.391,-1,かまって可(か)能(のう)性(せい)感(かん)じちゃって,"[(1, ''), (2, 'かまって可(か)能(のう)性(せい)感(かん)じちゃ'), (3, 'って'), (1, '')]",False,False,3
206.69,207.024,-1,かまって可(か)能(のう)性(せい)感(かん)じちゃって,"[(1, ''), (2, 'かまって可(か)能(のう)性(せい)感(かん)じ'), (3, 'ちゃって'), (1, '')]",False,False,3
206.023,206.69,-1,かまって可(か)能(のう)性(せい)感(かん)じちゃって,"[(1, ''), (2, 'かまって可(か)能(のう)性(せい)感(かん)'), (3, 'じちゃって'), (1, '')]",False,False,3
205.556,206.023,-1,かまって可(か)能(のう)性(せい)感(かん)じちゃって,"[(1, ''), (2, 'かまって可(か)能(のう)性(せい)'), (3, '感(かん)じちゃって'), (1, '')]",False,False,3
205.189,205.556,-1,かまって可(か)能(のう)性(せい)感(かん)じちゃって,"[(1, ''), (2, 'かまって可(か)能(のう)'), (3, '性(せい)感(かん)じちゃって'), (1, '')]",False,False,3
204.821,205.189,-1,かまって可(か)能(のう)性(せい)感(かん)じちゃって,"[(1, ''), (2, 'かまって可(か)'), (3, '能(のう)性(せい)感(かん)じちゃって'), (1, '')]",False,False,3
204.655,204.821,-1,かまって可(か)能(のう)性(せい)感(かん)じちゃって,"[(1, ''), (2, 'かまって'), (3, '可(か)能(のう)性(せい)感(かん)じちゃって'), (1, '')]",False,False,3
204.488,204.655,-1,かまって可(か)能(のう)性(せい)感(かん)じちゃって,"[(1, ''), (2, 'かまっ'), (3, 'て可(か)能(のう)性(せい)感(かん)じちゃって'), (1, '')]",False,False,3
204.321,204.488,-1,かまって可(か)能(のう)性(せい)感(かん)じちゃって,"[(1, ''), (2, 'かま'), (3, 'って可(か)能(のう)性(せい)感(かん)じちゃって'), (1, '')]",False,False,3
204.154,204.321,-1,かまって可(か)能(のう)性(せい)感(かん)じちゃって,"[(1, ''), (2, 'か'), (3, 'まって可(か)能(のう)性(せい)感(かん)じちゃって'), (1, '')]",False,False,3
64.948,65.949,-1,かまって可(か)能(のう)性(せい)感(かん)じちゃって,"[(1, ''), (2, 'かまって可(か)能(のう)性(せい)感(かん)じちゃって'), (1, '')]",False,False,3
64.748,64.948,-1,かまって可(か)能(のう)性(せい)感(かん)じちゃって,"[(1, ''), (2, 'かまって可(か)能(のう)性(せい)感(かん)じちゃっ'), (3, 'て'), (1, '')]",False,False,3
64.415,64.748,-1,かまって可(か)能(のう)性(せい)感(かん)じちゃって,"[(1, ''), (2, 'かまって可(か)能(のう)性(せい)感(かん)じちゃ'), (3, 'って'), (1, '')]",False,False,3
64.048,64.415,-1,かまって可(か)能(のう)性(せい)感(かん)じちゃって,"[(1, ''), (2, 'かまって可(か)能(のう)性(せい)感(かん)じ'), (3, 'ちゃって'), (1, '')]",False,False,3
63.38,64.048,-1,かまって可(か)能(のう)性(せい)感(かん)じちゃって,"[(1, ''), (2, 'かまって可(か)能(のう)性(せい)感(かん)'), (3, 'じちゃって'), (1, '')]",False,False,3
62.913,63.38,-1,かまって可(か)能(のう)性(せい)感(かん)じちゃって,"[(1, ''), (2, 'かまって可(か)能(のう)性(せい)'), (3, '感(かん)じちゃって'), (1, '')]",False,False,3
62.546,62.913,-1,かまって可(か)能(のう)性(せい)感(かん)じちゃって,"[(1, ''), (2, 'かまって可(か)能(のう)'), (3, '性(せい)感(かん)じちゃって'), (1, '')]",False,False,3
62.179,62.546,-1,かまって可(か)能(のう)性(せい)感(かん)じちゃって,"[(1, ''), (2, 'かまって可(か)'), (3, '能(のう)性(せい)感(かん)じちゃって'), (1, '')]",False,False,3
62.012,62.179,-1,かまって可(か)能(のう)性(せい)感(かん)じちゃって,"[(1, ''), (2, 'かまって'), (3, '可(か)能(のう)性(せい)感(かん)じちゃって'), (1, '')]",False,False,3
61.845,62.012,-1,かまって可(か)能(のう)性(せい)感(かん)じちゃって,"[(1, ''), (2, 'かまっ'), (3, 'て可(か)能(のう)性(せい)感(かん)じちゃって'), (1, '')]",False,False,3
61.678,61.845,-1,かまって可(か)能(のう)性(せい)感(かん)じちゃって,"[(1, ''), (2, 'かま'), (3, 'って可(か)能(のう)性(せい)感(かん)じちゃって'), (1, '')]",False,False,3
61.512,61.678,-1,かまって可(か)能(のう)性(せい)感(かん)じちゃって,"[(1, ''), (2, 'か'), (3, 'まって可(か)能(のう)性(せい)感(かん)じちゃって'), (1, '')]",False,True,3
96.48,96.98,-1,こここここ今(こん)晩(ばん)も,"[(1, ''), (2, 'こここここ今(こん)晩(ばん)も'), (1, '')]",True,False,3
96.146,96.48,-1,こここここ今(こん)晩(ばん)も,"[(1, ''), (2, 'こここここ今(こん)晩(ばん)'), (3, 'も'), (1, '')]",False,False,3
95.779,96.146,-1,こここここ今(こん)晩(ばん)も,"[(1, ''), (2, 'こここここ今(こん)'), (3, '晩(ばん)も'), (1, '')]",False,False,3
95.446,95.779,-1,こここここ今(こん)晩(ばん)も,"[(1, ''), (2, 'こここここ'), (3, '今(こん)晩(ばん)も'), (1, '')]",False,False,3
95.279,95.446,-1,こここここ今(こん)晩(ばん)も,"[(1, ''), (2, 'ここここ'), (3, 'こ今(こん)晩(ばん)も'), (1, '')]",False,False,3
95.112,95.279,-1,こここここ今(こん)晩(ばん)も,"[(1, ''), (2, 'こここ'), (3, 'ここ今(こん)晩(ばん)も'), (1, '')]",False,False,3
94.945,95.112,-1,こここここ今(こん)晩(ばん)も,"[(1, ''), (2, 'ここ'), (3, 'こここ今(こん)晩(ばん)も'), (1, '')]",False,False,3
94.778,94.945,-1,こここここ今(こん)晩(ばん)も,"[(1, ''), (2, 'こ'), (3, 'ここここ今(こん)晩(ばん)も'), (1, '')]",False,True,3
98.816,99.249,-1,さぁ踊(おど)りましょう,"[(1, ''), (2, 'さぁ踊(おど)りましょう'), (1, '')]",True,False,3
98.682,98.816,-1,さぁ踊(おど)りましょう,"[(1, ''), (2, 'さぁ踊(おど)りましょ'), (3, 'う'), (1, '')]",False,False,3
98.348,98.682,-1,さぁ踊(おど)りましょう,"[(1, ''), (2, 'さぁ踊(おど)りま'), (3, 'しょう'), (1, '')]",False,False,3
98.015,98.348,-1,さぁ踊(おど)りましょう,"[(1, ''), (2, 'さぁ踊(おど)り'), (3, 'ましょう'), (1, '')]",False,False,3
97.314,98.015,-1,さぁ踊(おど)りましょう,"[(1, ''), (2, 'さぁ踊(おど)'), (3, 'りましょう'), (1, '')]",False,False,3
97.147,97.314,-1,さぁ踊(おど)りましょう,"[(1, ''), (2, 'さぁ'), (3, '踊(おど)りましょう'), (1, '')]",False,False,3
96.98,97.147,-1,さぁ踊(おど)りましょう,"[(1, ''), (2, 'さ'), (3, 'ぁ踊(おど)りましょう'), (1, '')]",False,False,3
32.983,33.417,-1,さぁ踊(おど)りましょう,"[(1, ''), (2, 'さぁ踊(おど)りましょう'), (1, '')]",False,False,3
32.85,32.983,-1,さぁ踊(おど)りましょう,"[(1, ''), (2, 'さぁ踊(おど)りましょ'), (3, 'う'), (1, '')]",False,False,3
32.516,32.85,-1,さぁ踊(おど)りましょう,"[(1, ''), (2, 'さぁ踊(おど)りま'), (3, 'しょう'), (1, '')]",False,False,3
32.182,32.516,-1,さぁ踊(おど)りましょう,"[(1, ''), (2, 'さぁ踊(おど)り'), (3, 'ましょう'), (1, '')]",False,False,3
31.482,32.182,-1,さぁ踊(おど)りましょう,"[(1, ''), (2, 'さぁ踊(おど)'), (3, 'りましょう'), (1, '')]",False,False,3
31.315,31.482,-1,さぁ踊(おど)りましょう,"[(1, ''), (2, 'さぁ'), (3, '踊(おど)りましょう'), (1, '')]",False,False,3
31.148,31.315,-1,さぁ踊(おど)りましょう,"[(1, ''), (2, 'さ'), (3, 'ぁ踊(おど)りましょう'), (1, '')]",False,True,3
123.941,124.274,-1,ざざざ斬(ざん)新(しん)ただ笑(わら)っちゃって,"[(1, ''), (2, 'ざざざ斬(ざん)新(しん)ただ笑(わら)っちゃって'), (1, '')]",True,False,3
123.74,123.941,-1,ざざざ斬(ざん)新(しん)ただ笑(わら)っちゃって,"[(1, ''), (2, 'ざざざ斬(ざん)新(しん)ただ笑(わら)っちゃっ'), (3, 'て'), (1, '')]",False,False,3
123.54,123.74,-1,ざざざ斬(ざん)新(しん)ただ笑(わら)っちゃって,"[(1, ''), (2, 'ざざざ斬(ざん)新(しん)ただ笑(わら)っちゃ'), (3, 'って'), (1, '')]",False,False,3
123.373,123.54,-1,ざざざ斬(ざん)新(しん)ただ笑(わら)っちゃって,"[(1, ''), (2, 'ざざざ斬(ざん)新(しん)ただ笑(わら)っ'), (3, 'ちゃって'), (1, '')]",False,False,3
123.073,123.373,-1,ざざざ斬(ざん)新(しん)ただ笑(わら)っちゃって,"[(1, ''), (2, 'ざざざ斬(ざん)新(しん)ただ笑(わら)'), (3, 'っちゃって'), (1, '')]",False,False,3
122.906,123.073,-1,ざざざ斬(ざん)新(しん)ただ笑(わら)っちゃって,"[(1, ''), (2, 'ざざざ斬(ざん)新(しん)ただ'), (3, '笑(わら)っちゃって'), (1, '')]",False,False,3
122.706,122.906,-1,ざざざ斬(ざん)新(しん)ただ笑(わら)っちゃって,"[(1, ''), (2, 'ざざざ斬(ざん)新(しん)た'), (3, 'だ笑(わら)っちゃって'), (1, '')]",False,False,3
122.372,122.706,-1,ざざざ斬(ざん)新(しん)ただ笑(わら)っちゃって,"[(1, ''), (2, 'ざざざ斬(ざん)新(しん)'), (3, 'ただ笑(わら)っちゃって'), (1, '')]",False,False,3
122.039,122.372,-1,ざざざ斬(ざん)新(しん)ただ笑(わら)っちゃって,"[(1, ''), (2, 'ざざざ斬(ざん)'), (3, '新(しん)ただ笑(わら)っちゃって'), (1, '')]",False,False,3
121.872,122.039,-1,ざざざ斬(ざん)新(しん)ただ笑(わら)っちゃって,"[(1, ''), (2, 'ざざざ'), (3, '斬(ざん)新(しん)ただ笑(わら)っちゃって'), (1, '')]",False,False,3
121.705,121.872,-1,ざざざ斬(ざん)新(しん)ただ笑(わら)っちゃって,"[(1, ''), (2, 'ざざ'), (3, 'ざ斬(ざん)新(しん)ただ笑(わら)っちゃって'), (1, '')]",False,False,3
121.505,121.705,-1,ざざざ斬(ざん)新(しん)ただ笑(わら)っちゃって,"[(1, ''), (2, 'ざ'), (3, 'ざざ斬(ざん)新(しん)ただ笑(わら)っちゃって'), (1, '')]",False,True,3
86.57,86.737,-1,それぞれゆらしてくこの場(ば)で,"[(1, ''), (2, 'それぞれゆらしてくこの場(ば)で'), (1, '')]",True,False,3
86.37,86.57,-1,それぞれゆらしてくこの場(ば)で,"[(1, ''), (2, 'それぞれゆらしてくこの場(ば)'), (3, 'で'), (1, '')]",False,False,3
86.203,86.37,-1,それぞれゆらしてくこの場(ば)で,"[(1, ''), (2, 'それぞれゆらしてくこの'), (3, '場(ば)で'), (1, '')]",False,False,3
86.036,86.203,-1,それぞれゆらしてくこの場(ば)で,"[(1, ''), (2, 'それぞれゆらしてくこ'), (3, 'の場(ば)で'), (1, '')]",False,False,3
85.536,86.036,-1,それぞれゆらしてくこの場(ば)で,"[(1, ''), (2, 'それぞれゆらしてく'), (3, 'この場(ば)で'), (1, '')]",False,False,3
85.369,85.536,-1,それぞれゆらしてくこの場(ば)で,"[(1, ''), (2, 'それぞれゆらして'), (3, 'くこの場(ば)で'), (1, '')]",False,False,3
85.169,85.369,-1,それぞれゆらしてくこの場(ば)で,"[(1, ''), (2, 'それぞれゆらし'), (3, 'てくこの場(ば)で'), (1, '')]",False,False,3
85.002,85.169,-1,それぞれゆらしてくこの場(ば)で,"[(1, ''), (2, 'それぞれゆら'), (3, 'してくこの場(ば)で'), (1, '')]",False,False,3
84.835,85.002,-1,それぞれゆらしてくこの場(ば)で,"[(1, ''), (2, 'それぞれゆ'), (3, 'らしてくこの場(ば)で'), (1, '')]",False,False,3
84.501,84.835,-1,それぞれゆらしてくこの場(ば)で,"[(1, ''), (2, 'それぞれ'), (3, 'ゆらしてくこの場(ば)で'), (1, '')]",False,False,3
84.301,84.501,-1,それぞれゆらしてくこの場(ば)で,"[(1, ''), (2, 'それぞ'), (3, 'れゆらしてくこの場(ば)で'), (1, '')]",False,False,3
83.967,84.301,-1,それぞれゆらしてくこの場(ば)で,"[(1, ''), (2, 'それ'), (3, 'ぞれゆらしてくこの場(ば)で'), (1, '')]",False,False,3
83.767,83.967,-1,それぞれゆらしてくこの場(ば)で,"[(1, ''), (2, 'そ'), (3, 'れぞれゆらしてくこの場(ば)で'), (1, '')]",False,True,3
93.744,94.778,-1,つつつつつつま弾(び)いて,"[(1, ''), (2, 'つつつつつつま弾(び)いて'), (1, '')]",True,False,3
93.577,93.744,-1,つつつつつつま弾(び)いて,"[(1, ''), (2, 'つつつつつつま弾(び)い'), (3, 'て'), (1, '')]",False,False,3
93.41,93.577,-1,つつつつつつま弾(び)いて,"[(1, ''), (2, 'つつつつつつま弾(び)'), (3, 'いて'), (1, '')]",False,False,3
93.21,93.41,-1,つつつつつつま弾(び)いて,"[(1, ''), (2, 'つつつつつつま'), (3, '弾(び)いて'), (1, '')]",False,False,3
93.01,93.21,-1,つつつつつつま弾(び)いて,"[(1, ''), (2, 'つつつつつつ'), (3, 'ま弾(び)いて'), (1, '')]",False,False,3
92.676,93.01,-1,つつつつつつま弾(び)いて,"[(1, ''), (2, 'つつつつつ'), (3, 'つま弾(び)いて'), (1, '')]",False,False,3
92.543,92.676,-1,つつつつつつま弾(び)いて,"[(1, ''), (2, 'つつつつ'), (3, 'つつま弾(び)いて'), (1, '')]",False,False,3
92.342,92.543,-1,つつつつつつま弾(び)いて,"[(1, ''), (2, 'つつつ'), (3, 'つつつま弾(び)いて'), (1, '')]",False,False,3
92.176,92.342,-1,つつつつつつま弾(び)いて,"[(1, ''), (2, 'つつ'), (3, 'つつつつま弾(び)いて'), (1, '')]",False,False,3
92.009,92.176,-1,つつつつつつま弾(び)いて,"[(1, ''), (2, 'つ'), (3, 'つつつつつま弾(び)いて'), (1, '')]",False,True,3
209.76,210.127,-1,つまりnowonstep,"[(1, ''), (2, 'つまりnowonstep'), (1, '')]",True,False,3
209.426,209.76,-1,つまりnowonstep,"[(1, ''), (2, 'つまりnowon'), (3, 'step'), (1, '')]",False,False,3
209.092,209.426,-1,つまりnowonstep,"[(1, ''), (2, 'つまりnow'), (3, 'onstep'), (1, '')]",False,False,3
208.926,209.092,-1,つまりnowonstep,"[(1, ''), (2, 'つまり'), (3, 'nowonstep'), (1, '')]",False,False,3
208.759,208.926,-1,つまりnowonstep,"[(1, ''), (2, 'つま'), (3, 'りnowonstep'), (1, '')]",False,False,3
208.559,208.759,-1,つまりnowonstep,"[(1, ''), (2, 'つ'), (3, 'まりnowonstep'), (1, '')]",False,False,3
132.983,133.35,-1,つまりnowonstep,"[(1, ''), (2, 'つまりnowonstep'), (1, '')]",False,False,3
132.649,132.983,-1,つまりnowonstep,"[(1, ''), (2, 'つまりnowon'), (3, 'step'), (1, '')]",False,False,3
132.316,132.649,-1,つまりnowonstep,"[(1, ''), (2, 'つまりnow'), (3, 'onstep'), (1, '')]",False,False,3
132.149,132.316,-1,つまりnowonstep,"[(1, ''), (2, 'つまり'), (3, 'nowonstep'), (1, '')]",False,False,3
131.949,132.149,-1,つまりnowonstep,"[(1, ''), (2, 'つま'), (3, 'りnowonstep'), (1, '')]",False,False,3
131.782,131.949,-1,つまりnowonstep,"[(1, ''), (2, 'つ'), (3, 'まりnowonstep'), (1, '')]",False,False,3
67.151,67.518,-1,つまりnowonstep,"[(1, ''), (2, 'つまりnowonstep'), (1, '')]",False,False,3
66.784,67.151,-1,つまりnowonstep,"[(1, ''), (2, 'つまりnowon'), (3, 'step'), (1, '')]",False,False,3
66.483,66.784,-1,つまりnowonstep,"[(1, ''), (2, 'つまりnow'), (3, 'onstep'), (1, '')]",False,False,3
66.316,66.483,-1,つまりnowonstep,"[(1, ''), (2, 'つまり'), (3, 'nowonstep'), (1, '')]",False,False,3
66.116,66.316,-1,つまりnowonstep,"[(1, ''), (2, 'つま'), (3, 'りnowonstep'), (1, '')]",False,False,3
65.949,66.116,-1,つまりnowonstep,"[(1, ''), (2, 'つ'), (3, 'まりnowonstep'), (1, '')]",False,True,3
126.643,127.344,-1,ててて天(てん)然(ねん)だってハッピーで,"[(1, ''), (2, 'ててて天(てん)然(ねん)だってハッピーで'), (1, '')]",True,False,3
126.477,126.643,-1,ててて天(てん)然(ねん)だってハッピーで,"[(1, ''), (2, 'ててて天(てん)然(ねん)だってハッピー'), (3, 'で'), (1, '')]",False,False,3
126.31,126.477,-1,ててて天(てん)然(ねん)だってハッピーで,"[(1, ''), (2, 'ててて天(てん)然(ねん)だってハッピ'), (3, 'ーで'), (1, '')]",False,False,3
126.143,126.31,-1,ててて天(てん)然(ねん)だってハッピーで,"[(1, ''), (2, 'ててて天(てん)然(ねん)だってハッ'), (3, 'ピーで'), (1, '')]",False,False,3
125.976,126.143,-1,ててて天(てん)然(ねん)だってハッピーで,"[(1, ''), (2, 'ててて天(てん)然(ねん)だってハ'), (3, 'ッピーで'), (1, '')]",False,False,3
125.809,125.976,-1,ててて天(てん)然(ねん)だってハッピーで,"[(1, ''), (2, 'ててて天(てん)然(ねん)だって'), (3, 'ハッピーで'), (1, '')]",False,False,3
125.609,125.809,-1,ててて天(てん)然(ねん)だってハッピーで,"[(1, ''), (2, 'ててて天(てん)然(ねん)だっ'), (3, 'てハッピーで'), (1, '')]",False,False,3
125.442,125.609,-1,ててて天(てん)然(ねん)だってハッピーで,"[(1, ''), (2, 'ててて天(てん)然(ねん)だ'), (3, 'ってハッピーで'), (1, '')]",False,False,3
125.109,125.442,-1,ててて天(てん)然(ねん)だってハッピーで,"[(1, ''), (2, 'ててて天(てん)然(ねん)'), (3, 'だってハッピーで'), (1, '')]",False,False,3
124.775,125.109,-1,ててて天(てん)然(ねん)だってハッピーで,"[(1, ''), (2, 'ててて天(てん)'), (3, '然(ねん)だってハッピーで'), (1, '')]",False,False,3
124.608,124.775,-1,ててて天(てん)然(ねん)だってハッピーで,"[(1, ''), (2, 'ててて'), (3, '天(てん)然(ねん)だってハッピーで'), (1, '')]",False,False,3
124.441,124.608,-1,ててて天(てん)然(ねん)だってハッピーで,"[(1, ''), (2, 'てて'), (3, 'て天(てん)然(ねん)だってハッピーで'), (1, '')]",False,False,3
124.274,124.441,-1,ててて天(てん)然(ねん)だってハッピーで,"[(1, ''), (2, 'て'), (3, 'てて天(てん)然(ねん)だってハッピーで'), (1, '')]",False,True,3
192.476,193.143,-1,ままま満(まん)身(しん)創(そう)痍(い)なったって,"[(1, ''), (2, 'ままま満(まん)身(しん)創(そう)痍(い)なったって'), (1, '')]",True,False,3
192.309,192.476,-1,ままま満(まん)身(しん)創(そう)痍(い)なったって,"[(1, ''), (2, 'ままま満(まん)身(しん)創(そう)痍(い)なったっ'), (3, 'て'), (1, '')]",False,False,3
192.109,192.309,-1,ままま満(まん)身(しん)創(そう)痍(い)なったって,"[(1, ''), (2, 'ままま満(まん)身(しん)創(そう)痍(い)なった'), (3, 'って'), (1, '')]",False,False,3
191.942,192.109,-1,ままま満(まん)身(しん)創(そう)痍(い)なったって,"[(1, ''), (2, 'ままま満(まん)身(しん)創(そう)痍(い)なっ'), (3, 'たって'), (1, '')]",False,False,3
191.775,191.942,-1,ままま満(まん)身(しん)創(そう)痍(い)なったって,"[(1, ''), (2, 'ままま満(まん)身(しん)創(そう)痍(い)な'), (3, 'ったって'), (1, '')]",False,False,3
191.608,191.775,-1,ままま満(まん)身(しん)創(そう)痍(い)なったって,"[(1, ''), (2, 'ままま満(まん)身(しん)創(そう)痍(い)'), (3, 'なったって'), (1, '')]",False,False,3
191.275,191.608,-1,ままま満(まん)身(しん)創(そう)痍(い)なったって,"[(1, ''), (2, 'ままま満(まん)身(しん)創(そう)'), (3, '痍(い)なったって'), (1, '')]",False,False,3
190.908,191.275,-1,ままま満(まん)身(しん)創(そう)痍(い)なったって,"[(1, ''), (2, 'ままま満(まん)身(しん)'), (3, '創(そう)痍(い)なったって'), (1, '')]",False,False,3
190.574,190.908,-1,ままま満(まん)身(しん)創(そう)痍(い)なったって,"[(1, ''), (2, 'ままま満(まん)'), (3, '身(しん)創(そう)痍(い)なったって'), (1, '')]",False,False,3
190.407,190.574,-1,ままま満(まん)身(しん)創(そう)痍(い)なったって,"[(1, ''), (2, 'ままま'), (3, '満(まん)身(しん)創(そう)痍(い)なったって'), (1, '')]",False,False,3
190.24,190.407,-1,ままま満(まん)身(しん)創(そう)痍(い)なったって,"[(1, ''), (2, 'まま'), (3, 'ま満(まん)身(しん)創(そう)痍(い)なったって'), (1, '')]",False,False,3
190.073,190.24,-1,ままま満(まん)身(しん)創(そう)痍(い)なったって,"[(1, ''), (2, 'ま'), (3, 'まま満(まん)身(しん)創(そう)痍(い)なったって'), (1, '')]",False,False,3
49.833,50.467,-1,ままま満(まん)身(しん)創(そう)痍(い)なったって,"[(1, ''), (2, 'ままま満(まん)身(しん)創(そう)痍(い)なったって'), (1, '')]",False,False,3
49.666,49.833,-1,ままま満(まん)身(しん)創(そう)痍(い)なったって,"[(1, ''), (2, 'ままま満(まん)身(しん)創(そう)痍(い)なったっ'), (3, 'て'), (1, '')]",False,False,3
49.5,49.666,-1,ままま満(まん)身(しん)創(そう)痍(い)なったって,"[(1, ''), (2, 'ままま満(まん)身(しん)創(そう)痍(い)なった'), (3, 'って'), (1, '')]",False,False,3
49.333,49.5,-1,ままま満(まん)身(しん)創(そう)痍(い)なったって,"[(1, ''), (2, 'ままま満(まん)身(しん)創(そう)痍(い)なっ'), (3, 'たって'), (1, '')]",False,False,3
49.166,49.333,-1,ままま満(まん)身(しん)創(そう)痍(い)なったって,"[(1, ''), (2, 'ままま満(まん)身(しん)創(そう)痍(い)な'), (3, 'ったって'), (1, '')]",False,False,3
48.999,49.166,-1,ままま満(まん)身(しん)創(そう)痍(い)なったって,"[(1, ''), (2, 'ままま満(まん)身(しん)創(そう)痍(い)'), (3, 'なったって'), (1, '')]",False,False,3
48.665,48.999,-1,ままま満(まん)身(しん)創(そう)痍(い)なったって,"[(1, ''), (2, 'ままま満(まん)身(しん)創(そう)'), (3, '痍(い)なったって'), (1, '')]",False,False,3
48.332,48.665,-1,ままま満(まん)身(しん)創(そう)痍(い)なったって,"[(1, ''), (2, 'ままま満(まん)身(しん)'), (3, '創(そう)痍(い)なったって'), (1, '')]",False,False,3
47.965,48.332,-1,ままま満(まん)身(しん)創(そう)痍(い)なったって,"[(1, ''), (2, 'ままま満(まん)'), (3, '身(しん)創(そう)痍(い)なったって'), (1, '')]",False,False,3
47.798,47.965,-1,ままま満(まん)身(しん)創(そう)痍(い)なったって,"[(1, ''), (2, 'ままま'), (3, '満(まん)身(しん)創(そう)痍(い)なったって'), (1, '')]",False,False,3
47.631,47.798,-1,ままま満(まん)身(しん)創(そう)痍(い)なったって,"[(1, ''), (2, 'まま'), (3, 'ま満(まん)身(しん)創(そう)痍(い)なったって'), (1, '')]",False,False,3
47.464,47.631,-1,ままま満(まん)身(しん)創(そう)痍(い)なったって,"[(1, ''), (2, 'ま'), (3, 'まま満(まん)身(しん)創(そう)痍(い)なったって'), (1, '')]",False,True,3
137.621,138.655,-1,ゆらいでる？,"[(1, ''), (2, 'ゆらいでる？'), (1, '')]",True,False,3
137.454,137.621,-1,ゆらいでる？,"[(1, ''), (2, 'ゆらいで'), (3, 'る？'), (1, '')]",False,False,3
137.254,137.454,-1,ゆらいでる？,"[(1, ''), (2, 'ゆらい'), (3, 'でる？'), (1, '')]",False,False,3
137.087,137.254,-1,ゆらいでる？,"[(1, ''), (2, 'ゆら'), (3, 'いでる？'), (1, '')]",False,False,3
136.92,137.087,-1,ゆらいでる？,"[(1, ''), (2, 'ゆ'), (3, 'らいでる？'), (1, '')]",False,True,3
27.911,28.946,-1,ギギギギギギア入(い)れて,"[(1, ''), (2, 'ギギギギギギア入(い)れて'), (1, '')]",True,False,3
27.745,27.911,-1,ギギギギギギア入(い)れて,"[(1, ''), (2, 'ギギギギギギア入(い)れ'), (3, 'て'), (1, '')]",False,False,3
27.578,27.745,-1,ギギギギギギア入(い)れて,"[(1, ''), (2, 'ギギギギギギア入(い)'), (3, 'れて'), (1, '')]",False,False,3
27.411,27.578,-1,ギギギギギギア入(い)れて,"[(1, ''), (2, 'ギギギギギギア'), (3, '入(い)れて'), (1, '')]",False,False,3
27.244,27.411,-1,ギギギギギギア入(い)れて,"[(1, ''), (2, 'ギギギギギギ'), (3, 'ア入(い)れて'), (1, '')]",False,False,3
26.877,27.244,-1,ギギギギギギア入(い)れて,"[(1, ''), (2, 'ギギギギギ'), (3, 'ギア入(い)れて'), (1, '')]",False,False,3
26.71,26.877,-1,ギギギギギギア入(い)れて,"[(1, ''), (2, 'ギギギギ'), (3, 'ギギア入(い)れて'), (1, '')]",False,False,3
26.577,26.71,-1,ギギギギギギア入(い)れて,"[(1, ''), (2, 'ギギギ'), (3, 'ギギギア入(い)れて'), (1, '')]",False,False,3
26.377,26.577,-1,ギギギギギギア入(い)れて,"[(1, ''), (2, 'ギギ'), (3, 'ギギギギア入(い)れて'), (1, '')]",False,False,3
26.21,26.377,-1,ギギギギギギア入(い)れて,"[(1, ''), (2, 'ギ'), (3, 'ギギギギギア入(い)れて'), (1, '')]",False,True,3
203.453,204.154,-1,ケケケケンケンパ進(すす)んじゃって,"[(1, ''), (2, 'ケケケケンケンパ進(すす)んじゃって'), (1, '')]",True,False,3
203.253,203.453,-1,ケケケケンケンパ進(すす)んじゃって,"[(1, ''), (2, 'ケケケケンケンパ進(すす)んじゃっ'), (3, 'て'), (1, '')]",False,False,3
203.086,203.253,-1,ケケケケンケンパ進(すす)んじゃって,"[(1, ''), (2, 'ケケケケンケンパ進(すす)んじゃ'), (3, 'って'), (1, '')]",False,False,3
202.92,203.086,-1,ケケケケンケンパ進(すす)んじゃって,"[(1, ''), (2, 'ケケケケンケンパ進(すす)ん'), (3, 'じゃって'), (1, '')]",False,False,3
202.586,202.92,-1,ケケケケンケンパ進(すす)んじゃって,"[(1, ''), (2, 'ケケケケンケンパ進(すす)'), (3, 'んじゃって'), (1, '')]",False,False,3
202.252,202.586,-1,ケケケケンケンパ進(すす)んじゃって,"[(1, ''), (2, 'ケケケケンケンパ'), (3, '進(すす)んじゃって'), (1, '')]",False,False,3
202.052,202.252,-1,ケケケケンケンパ進(すす)んじゃって,"[(1, ''), (2, 'ケケケケンケン'), (3, 'パ進(すす)んじゃって'), (1, '')]",False,False,3
201.919,202.052,-1,ケケケケンケンパ進(すす)んじゃって,"[(1, ''), (2, 'ケケケケンケ'), (3, 'ンパ進(すす)んじゃって'), (1, '')]",False,False,3
201.718,201.919,-1,ケケケケンケンパ進(すす)んじゃって,"[(1, ''), (2, 'ケケケケン'), (3, 'ケンパ進(すす)んじゃって'), (1, '')]",False,False,3
201.552,201.718,-1,ケケケケンケンパ進(すす)んじゃって,"[(1, ''), (2, 'ケケケケ'), (3, 'ンケンパ進(すす)んじゃって'), (1, '')]",False,False,3
201.385,201.552,-1,ケケケケンケンパ進(すす)んじゃって,"[(1, ''), (2, 'ケケケ'), (3, 'ケンケンパ進(すす)んじゃって'), (1, '')]",False,False,3
201.218,201.385,-1,ケケケケンケンパ進(すす)んじゃって,"[(1, ''), (2, 'ケケ'), (3, 'ケケンケンパ進(すす)んじゃって'), (1, '')]",False,False,3
201.051,201.218,-1,ケケケケンケンパ進(すす)んじゃって,"[(1, ''), (2, 'ケ'), (3, 'ケケケンケンパ進(すす)んじゃって'), (1, '')]",False,False,3
60.844,61.512,-1,ケケケケンケンパ進(すす)んじゃって,"[(1, ''), (2, 'ケケケケンケンパ進(すす)んじゃって'), (1, '')]",False,False,3
60.644,60.844,-1,ケケケケンケンパ進(すす)んじゃって,"[(1, ''), (2, 'ケケケケンケンパ進(すす)んじゃっ'), (3, 'て'), (1, '')]",False,False,3
60.477,60.644,-1,ケケケケンケンパ進(すす)んじゃって,"[(1, ''), (2, 'ケケケケンケンパ進(すす)んじゃ'), (3, 'って'), (1, '')]",False,False,3
60.31,60.477,-1,ケケケケンケンパ進(すす)んじゃって,"[(1, ''), (2, 'ケケケケンケンパ進(すす)ん'), (3, 'じゃって'), (1, '')]",False,False,3
59.977,60.31,-1,ケケケケンケンパ進(すす)んじゃって,"[(1, ''), (2, 'ケケケケンケンパ進(すす)'), (3, 'んじゃって'), (1, '')]",False,False,3
59.643,59.977,-1,ケケケケンケンパ進(すす)んじゃって,"[(1, ''), (2, 'ケケケケンケンパ'), (3, '進(すす)んじゃって'), (1, '')]",False,False,3
59.443,59.643,-1,ケケケケンケンパ進(すす)んじゃって,"[(1, ''), (2, 'ケケケケンケン'), (3, 'パ進(すす)んじゃって'), (1, '')]",False,False,3
59.309,59.443,-1,ケケケケンケンパ進(すす)んじゃって,"[(1, ''), (2, 'ケケケケンケ'), (3, 'ンパ進(すす)んじゃって'), (1, '')]",False,False,3
59.109,59.309,-1,ケケケケンケンパ進(すす)んじゃって,"[(1, ''), (2, 'ケケケケン'), (3, 'ケンパ進(すす)んじゃって'), (1, '')]",False,False,3
58.942,59.109,-1,ケケケケンケンパ進(すす)んじゃって,"[(1, ''), (2, 'ケケケケ'), (3, 'ンケンパ進(すす)んじゃって'), (1, '')]",False,False,3
58.776,58.942,-1,ケケケケンケンパ進(すす)んじゃって,"[(1, ''), (2, 'ケケケ'), (3, 'ケンケンパ進(すす)んじゃって'), (1, '')]",False,False,3
58.609,58.776,-1,ケケケケンケンパ進(すす)んじゃって,"[(1, ''), (2, 'ケケ'), (3, 'ケケンケンパ進(すす)んじゃって'), (1, '')]",False,False,3
58.442,58.609,-1,ケケケケンケンパ進(すす)んじゃって,"[(1, ''), (2, 'ケ'), (3, 'ケケケンケンパ進(すす)んじゃって'), (1, '')]",False,True,3
200.717,201.051,-1,ジャジャジャジャンケンポンで勝(か)っちゃって,"[(1, ''), (2, 'ジャジャジャジャンケンポンで勝(か)っちゃって'), (1, '')]",True,False,3
200.517,200.717,-1,ジャジャジャジャンケンポンで勝(か)っちゃって,"[(1, ''), (2, 'ジャジャジャジャンケンポンで勝(か)っちゃっ'), (3, 'て'), (1, '')]",False,False,3
200.317,200.517,-1,ジャジャジャジャンケンポンで勝(か)っちゃって,"[(1, ''), (2, 'ジャジャジャジャンケンポンで勝(か)っちゃ'), (3, 'って'), (1, '')]",False,False,3
200.184,200.317,-1,ジャジャジャジャンケンポンで勝(か)っちゃって,"[(1, ''), (2, 'ジャジャジャジャンケンポンで勝(か)っ'), (3, 'ちゃって'), (1, '')]",False,False,3
200.017,200.184,-1,ジャジャジャジャンケンポンで勝(か)っちゃって,"[(1, ''), (2, 'ジャジャジャジャンケンポンで勝(か)'), (3, 'っちゃって'), (1, '')]",False,False,3
199.85,200.017,-1,ジャジャジャジャンケンポンで勝(か)っちゃって,"[(1, ''), (2, 'ジャジャジャジャンケンポンで'), (3, '勝(か)っちゃって'), (1, '')]",False,False,3
199.683,199.85,-1,ジャジャジャジャンケンポンで勝(か)っちゃって,"[(1, ''), (2, 'ジャジャジャジャンケンポン'), (3, 'で勝(か)っちゃって'), (1, '')]",False,False,3
199.516,199.683,-1,ジャジャジャジャンケンポンで勝(か)っちゃって,"[(1, ''), (2, 'ジャジャジャジャンケンポ'), (3, 'ンで勝(か)っちゃって'), (1, '')]",False,False,3
199.316,199.516,-1,ジャジャジャジャンケンポンで勝(か)っちゃって,"[(1, ''), (2, 'ジャジャジャジャンケン'), (3, 'ポンで勝(か)っちゃって'), (1, '')]",False,False,3
199.149,199.316,-1,ジャジャジャジャンケンポンで勝(か)っちゃって,"[(1, ''), (2, 'ジャジャジャジャンケ'), (3, 'ンポンで勝(か)っちゃって'), (1, '')]",False,False,3
198.949,199.149,-1,ジャジャジャジャンケンポンで勝(か)っちゃって,"[(1, ''), (2, 'ジャジャジャジャン'), (3, 'ケンポンで勝(か)っちゃって'), (1, '')]",False,False,3
198.782,198.949,-1,ジャジャジャジャンケンポンで勝(か)っちゃって,"[(1, ''), (2, 'ジャジャジャジャ'), (3, 'ンケンポンで勝(か)っちゃって'), (1, '')]",False,False,3
198.615,198.782,-1,ジャジャジャジャンケンポンで勝(か)っちゃって,"[(1, ''), (2, 'ジャジャジャ'), (3, 'ジャンケンポンで勝(か)っちゃって'), (1, '')]",False,False,3
198.448,198.615,-1,ジャジャジャジャンケンポンで勝(か)っちゃって,"[(1, ''), (2, 'ジャジャ'), (3, 'ジャジャンケンポンで勝(か)っちゃって'), (1, '')]",False,False,3
198.282,198.448,-1,ジャジャジャジャンケンポンで勝(か)っちゃって,"[(1, ''), (2, 'ジャ'), (3, 'ジャジャジャンケンポンで勝(か)っちゃって'), (1, '')]",False,False,3
58.108,58.442,-1,ジャジャジャジャンケンポンで勝(か)っちゃって,"[(1, ''), (2, 'ジャジャジャジャンケンポンで勝(か)っちゃって'), (1, '')]",False,False,3
57.908,58.108,-1,ジャジャジャジャンケンポンで勝(か)っちゃって,"[(1, ''), (2, 'ジャジャジャジャンケンポンで勝(か)っちゃっ'), (3, 'て'), (1, '')]",False,False,3
57.708,57.908,-1,ジャジャジャジャンケンポンで勝(か)っちゃって,"[(1, ''), (2, 'ジャジャジャジャンケンポンで勝(か)っちゃ'), (3, 'って'), (1, '')]",False,False,3
57.574,57.708,-1,ジャジャジャジャンケンポンで勝(か)っちゃって,"[(1, ''), (2, 'ジャジャジャジャンケンポンで勝(か)っ'), (3, 'ちゃって'), (1, '')]",False,False,3
57.408,57.574,-1,ジャジャジャジャンケンポンで勝(か)っちゃって,"[(1, ''), (2, 'ジャジャジャジャンケンポンで勝(か)'), (3, 'っちゃって'), (1, '')]",False,False,3
57.207,57.408,-1,ジャジャジャジャンケンポンで勝(か)っちゃって,"[(1, ''), (2, 'ジャジャジャジャンケンポンで'), (3, '勝(か)っちゃって'), (1, '')]",False,False,3
57.074,57.207,-1,ジャジャジャジャンケンポンで勝(か)っちゃって,"[(1, ''), (2, 'ジャジャジャジャンケンポン'), (3, 'で勝(か)っちゃって'), (1, '')]",False,False,3
56.907,57.074,-1,ジャジャジャジャンケンポンで勝(か)っちゃって,"[(1, ''), (2, 'ジャジャジャジャンケンポ'), (3, 'ンで勝(か)っちゃって'), (1, '')]",False,False,3
56.707,56.907,-1,ジャジャジャジャンケンポンで勝(か)っちゃって,"[(1, ''), (2, 'ジャジャジャジャンケン'), (3, 'ポンで勝(か)っちゃって'), (1, '')]",False,False,3
56.54,56.707,-1,ジャジャジャジャンケンポンで勝(か)っちゃって,"[(1, ''), (2, 'ジャジャジャジャンケ'), (3, 'ンポンで勝(か)っちゃって'), (1, '')]",False,False,3
56.34,56.54,-1,ジャジャジャジャンケンポンで勝(か)っちゃって,"[(1, ''), (2, 'ジャジャジャジャン'), (3, 'ケンポンで勝(か)っちゃって'), (1, '')]",False,False,3
56.173,56.34,-1,ジャジャジャジャンケンポンで勝(か)っちゃって,"[(1, ''), (2, 'ジャジャジャジャ'), (3, 'ンケンポンで勝(か)っちゃって'), (1, '')]",False,False,3
56.04,56.173,-1,ジャジャジャジャンケンポンで勝(か)っちゃって,"[(1, ''), (2, 'ジャジャジャ'), (3, 'ジャンケンポンで勝(か)っちゃって'), (1, '')]",False,False,3
55.873,56.04,-1,ジャジャジャジャンケンポンで勝(か)っちゃって,"[(1, ''), (2, 'ジャジャ'), (3, 'ジャジャンケンポンで勝(か)っちゃって'), (1, '')]",False,False,3
55.672,55.873,-1,ジャジャジャジャンケンポンで勝(か)っちゃって,"[(1, ''), (2, 'ジャ'), (3, 'ジャジャジャンケンポンで勝(か)っちゃって'), (1, '')]",False,True,3
91.041,92.009,-1,ススススススライドして,"[(1, ''), (2, 'ススススススライドして'), (1, '')]",True,False,3
90.941,91.041,-1,ススススススライドして,"[(1, ''), (2, 'ススススススライドし'), (3, 'て'), (1, '')]",False,False,3
90.841,90.941,-1,ススススススライドして,"[(1, ''), (2, 'ススススススライド'), (3, 'して'), (1, '')]",False,False,3
90.674,90.841,-1,ススススススライドして,"[(1, ''), (2, 'ススススススライ'), (3, 'ドして'), (1, '')]",False,False,3
90.507,90.674,-1,ススススススライドして,"[(1, ''), (2, 'ススススススラ'), (3, 'イドして'), (1, '')]",False,False,3
90.307,90.507,-1,ススススススライドして,"[(1, ''), (2, 'スススススス'), (3, 'ライドして'), (1, '')]",False,False,3
89.973,90.307,-1,ススススススライドして,"[(1, ''), (2, 'ススススス'), (3, 'スライドして'), (1, '')]",False,False,3
89.807,89.973,-1,ススススススライドして,"[(1, ''), (2, 'スススス'), (3, 'ススライドして'), (1, '')]",False,False,3
89.64,89.807,-1,ススススススライドして,"[(1, ''), (2, 'ススス'), (3, 'スススライドして'), (1, '')]",False,False,3
89.473,89.64,-1,ススススススライドして,"[(1, ''), (2, 'スス'), (3, 'ススススライドして'), (1, '')]",False,False,3
89.206,89.473,-1,ススススススライドして,"[(1, ''), (2, 'ス'), (3, 'スススススライドして'), (1, '')]",False,True,3
15.065,15.399,-1,スレスレ波(なみ)打(うつ)カップの上(うえ),"[(1, ''), (2, 'スレスレ波(なみ)打(うつ)カップの上(うえ)'), (1, '')]",True,False,3
14.865,15.065,-1,スレスレ波(なみ)打(うつ)カップの上(うえ),"[(1, ''), (2, 'スレスレ波(なみ)打(うつ)カップの'), (3, '上(うえ)'), (1, '')]",False,False,3
14.698,14.865,-1,スレスレ波(なみ)打(うつ)カップの上(うえ),"[(1, ''), (2, 'スレスレ波(なみ)打(うつ)カップ'), (3, 'の上(うえ)'), (1, '')]",False,False,3
14.365,14.698,-1,スレスレ波(なみ)打(うつ)カップの上(うえ),"[(1, ''), (2, 'スレスレ波(なみ)打(うつ)カッ'), (3, 'プの上(うえ)'), (1, '')]",False,False,3
14.198,14.365,-1,スレスレ波(なみ)打(うつ)カップの上(うえ),"[(1, ''), (2, 'スレスレ波(なみ)打(うつ)カ'), (3, 'ップの上(うえ)'), (1, '')]",False,False,3
13.864,14.198,-1,スレスレ波(なみ)打(うつ)カップの上(うえ),"[(1, ''), (2, 'スレスレ波(なみ)打(うつ)'), (3, 'カップの上(うえ)'), (1, '')]",False,False,3
13.464,13.864,-1,スレスレ波(なみ)打(うつ)カップの上(うえ),"[(1, ''), (2, 'スレスレ波(なみ)'), (3, '打(うつ)カップの上(うえ)'), (1, '')]",False,False,3
13.163,13.464,-1,スレスレ波(なみ)打(うつ)カップの上(うえ),"[(1, ''), (2, 'スレスレ'), (3, '波(なみ)打(うつ)カップの上(うえ)'), (1, '')]",False,False,3
12.997,13.163,-1,スレスレ波(なみ)打(うつ)カップの上(うえ),"[(1, ''), (2, 'スレス'), (3, 'レ波(なみ)打(うつ)カップの上(うえ)'), (1, '')]",False,False,3
12.629,12.997,-1,スレスレ波(なみ)打(うつ)カップの上(うえ),"[(1, ''), (2, 'スレ'), (3, 'スレ波(なみ)打(うつ)カップの上(うえ)'), (1, '')]",False,False,3
12.429,12.629,-1,スレスレ波(なみ)打(うつ)カップの上(うえ),"[(1, ''), (2, 'ス'), (3, 'レスレ波(なみ)打(うつ)カップの上(うえ)'), (1, '')]",False,True,3
20.537,20.871,-1,ズレズレもつれた拍(ひょう)子(し)の上(うえ),"[(1, ''), (2, 'ズレズレもつれた拍(ひょう)子(し)の上(うえ)'), (1, '')]",True,False,3
20.404,20.537,-1,ズレズレもつれた拍(ひょう)子(し)の上(うえ),"[(1, ''), (2, 'ズレズレもつれた拍(ひょう)子(し)の'), (3, '上(うえ)'), (1, '')]",False,False,3
20.204,20.404,-1,ズレズレもつれた拍(ひょう)子(し)の上(うえ),"[(1, ''), (2, 'ズレズレもつれた拍(ひょう)子(し)'), (3, 'の上(うえ)'), (1, '')]",False,False,3
19.703,20.204,-1,ズレズレもつれた拍(ひょう)子(し)の上(うえ),"[(1, ''), (2, 'ズレズレもつれた拍(ひょう)'), (3, '子(し)の上(うえ)'), (1, '')]",False,False,3
19.503,19.703,-1,ズレズレもつれた拍(ひょう)子(し)の上(うえ),"[(1, ''), (2, 'ズレズレもつれた'), (3, '拍(ひょう)子(し)の上(うえ)'), (1, '')]",False,False,3
19.336,19.503,-1,ズレズレもつれた拍(ひょう)子(し)の上(うえ),"[(1, ''), (2, 'ズレズレもつれ'), (3, 'た拍(ひょう)子(し)の上(うえ)'), (1, '')]",False,False,3
19.169,19.336,-1,ズレズレもつれた拍(ひょう)子(し)の上(うえ),"[(1, ''), (2, 'ズレズレもつ'), (3, 'れた拍(ひょう)子(し)の上(うえ)'), (1, '')]",False,False,3
18.969,19.169,-1,ズレズレもつれた拍(ひょう)子(し)の上(うえ),"[(1, ''), (2, 'ズレズレも'), (3, 'つれた拍(ひょう)子(し)の上(うえ)'), (1, '')]",False,False,3
18.669,18.969,-1,ズレズレもつれた拍(ひょう)子(し)の上(うえ),"[(1, ''), (2, 'ズレズレ'), (3, 'もつれた拍(ひょう)子(し)の上(うえ)'), (1, '')]",False,False,3
18.502,18.669,-1,ズレズレもつれた拍(ひょう)子(し)の上(うえ),"[(1, ''), (2, 'ズレズ'), (3, 'レもつれた拍(ひょう)子(し)の上(うえ)'), (1, '')]",False,False,3
18.135,18.502,-1,ズレズレもつれた拍(ひょう)子(し)の上(うえ),"[(1, ''), (2, 'ズレ'), (3, 'ズレもつれた拍(ひょう)子(し)の上(うえ)'), (1, '')]",False,False,3
17.968,18.135,-1,ズレズレもつれた拍(ひょう)子(し)の上(うえ),"[(1, ''), (2, 'ズ'), (3, 'レズレもつれた拍(ひょう)子(し)の上(うえ)'), (1, '')]",False,True,3
187.671,187.838,-1,ダダダダダダダ,"[(1, ''), (2, 'ダダダダダダダ'), (1, '')]",True,False,3
187.504,187.671,-1,ダダダダダダダ,"[(1, ''), (2, 'ダダダダダダ'), (3, 'ダ'), (1, '')]",False,False,3
187.337,187.504,-1,ダダダダダダダ,"[(1, ''), (2, 'ダダダダダ'), (3, 'ダダ'), (1, '')]",False,False,3
187.137,187.337,-1,ダダダダダダダ,"[(1, ''), (2, 'ダダダダ'), (3, 'ダダダ'), (1, '')]",False,False,3
186.97,187.137,-1,ダダダダダダダ,"[(1, ''), (2, 'ダダダ'), (3, 'ダダダダ'), (1, '')]",False,False,3
186.803,186.97,-1,ダダダダダダダ,"[(1, ''), (2, 'ダダ'), (3, 'ダダダダダ'), (1, '')]",False,False,3
186.637,186.803,-1,ダダダダダダダ,"[(1, ''), (2, 'ダ'), (3, 'ダダダダダダ'), (1, '')]",False,False,3
110.894,111.061,-1,ダダダダダダダ,"[(1, ''), (2, 'ダダダダダダダ'), (1, '')]",False,False,3
110.727,110.894,-1,ダダダダダダダ,"[(1, ''), (2, 'ダダダダダダ'), (3, 'ダ'), (1, '')]",False,False,3
110.561,110.727,-1,ダダダダダダダ,"[(1, ''), (2, 'ダダダダダ'), (3, 'ダダ'), (1, '')]",False,False,3
110.36,110.561,-1,ダダダダダダダ,"[(1, ''), (2, 'ダダダダ'), (3, 'ダダダ'), (1, '')]",False,False,3
110.194,110.36,-1,ダダダダダダダ,"[(1, ''), (2, 'ダダダ'), (3, 'ダダダダ'), (1, '')]",False,False,3
110.027,110.194,-1,ダダダダダダダ,"[(1, ''), (2, 'ダダ'), (3, 'ダダダダダ'), (1, '')]",False,False,3
109.86,110.027,-1,ダダダダダダダ,"[(1, ''), (2, 'ダ'), (3, 'ダダダダダダ'), (1, '')]",False,False,3
45.062,45.229,-1,ダダダダダダダ,"[(1, ''), (2, 'ダダダダダダダ'), (1, '')]",False,False,3
44.862,45.062,-1,ダダダダダダダ,"[(1, ''), (2, 'ダダダダダダ'), (3, 'ダ'), (1, '')]",False,False,3
44.728,44.862,-1,ダダダダダダダ,"[(1, ''), (2, 'ダダダダダ'), (3, 'ダダ'), (1, '')]",False,False,3
44.528,44.728,-1,ダダダダダダダ,"[(1, ''), (2, 'ダダダダ'), (3, 'ダダダ'), (1, '')]",False,False,3
44.361,44.528,-1,ダダダダダダダ,"[(1, ''), (2, 'ダダダ'), (3, 'ダダダダ'), (1, '')]",False,False,3
44.194,44.361,-1,ダダダダダダダ,"[(1, ''), (2, 'ダダ'), (3, 'ダダダダダ'), (1, '')]",False,False,3
44.028,44.194,-1,ダダダダダダダ,"[(1, ''), (2, 'ダ'), (3, 'ダダダダダダ'), (1, '')]",False,True,3
189.706,190.073,-1,ダンシンただ踊(おど)ったって,"[(1, ''), (2, 'ダンシンただ踊(おど)ったって'), (1, '')]",True,False,3
189.54,189.706,-1,ダンシンただ踊(おど)ったって,"[(1, ''), (2, 'ダンシンただ踊(おど)ったっ'), (3, 'て'), (1, '')]",False,False,3
189.373,189.54,-1,ダンシンただ踊(おど)ったって,"[(1, ''), (2, 'ダンシンただ踊(おど)った'), (3, 'って'), (1, '')]",False,False,3
189.206,189.373,-1,ダンシンただ踊(おど)ったって,"[(1, ''), (2, 'ダンシンただ踊(おど)っ'), (3, 'たって'), (1, '')]",False,False,3
188.872,189.206,-1,ダンシンただ踊(おど)ったって,"[(1, ''), (2, 'ダンシンただ踊(おど)'), (3, 'ったって'), (1, '')]",False,False,3
188.705,188.872,-1,ダンシンただ踊(おど)ったって,"[(1, ''), (2, 'ダンシンただ'), (3, '踊(おど)ったって'), (1, '')]",False,False,3
188.505,188.705,-1,ダンシンただ踊(おど)ったって,"[(1, ''), (2, 'ダンシンた'), (3, 'だ踊(おど)ったって'), (1, '')]",False,False,3
188.338,188.505,-1,ダンシンただ踊(おど)ったって,"[(1, ''), (2, 'ダンシン'), (3, 'ただ踊(おど)ったって'), (1, '')]",False,False,3
188.172,188.338,-1,ダンシンただ踊(おど)ったって,"[(1, ''), (2, 'ダンシ'), (3, 'ンただ踊(おど)ったって'), (1, '')]",False,False,3
188.005,188.172,-1,ダンシンただ踊(おど)ったって,"[(1, ''), (2, 'ダン'), (3, 'シンただ踊(おど)ったって'), (1, '')]",False,False,3
187.838,188.005,-1,ダンシンただ踊(おど)ったって,"[(1, ''), (2, 'ダ'), (3, 'ンシンただ踊(おど)ったって'), (1, '')]",False,False,3
47.097,47.464,-1,ダンシンただ踊(おど)ったって,"[(1, ''), (2, 'ダンシンただ踊(おど)ったって'), (1, '')]",False,False,3
46.93,47.097,-1,ダンシンただ踊(おど)ったって,"[(1, ''), (2, 'ダンシンただ踊(おど)ったっ'), (3, 'て'), (1, '')]",False,False,3
46.764,46.93,-1,ダンシンただ踊(おど)ったって,"[(1, ''), (2, 'ダンシンただ踊(おど)った'), (3, 'って'), (1, '')]",False,False,3
46.597,46.764,-1,ダンシンただ踊(おど)ったって,"[(1, ''), (2, 'ダンシンただ踊(おど)っ'), (3, 'たって'), (1, '')]",False,False,3
46.263,46.597,-1,ダンシンただ踊(おど)ったって,"[(1, ''), (2, 'ダンシンただ踊(おど)'), (3, 'ったって'), (1, '')]",False,False,3
46.096,46.263,-1,ダンシンただ踊(おど)ったって,"[(1, ''), (2, 'ダンシンただ'), (3, '踊(おど)ったって'), (1, '')]",False,False,3
45.896,46.096,-1,ダンシンただ踊(おど)ったって,"[(1, ''), (2, 'ダンシンた'), (3, 'だ踊(おど)ったって'), (1, '')]",False,False,3
45.729,45.896,-1,ダンシンただ踊(おど)ったって,"[(1, ''), (2, 'ダンシン'), (3, 'ただ踊(おど)ったって'), (1, '')]",False,False,3
45.562,45.729,-1,ダンシンただ踊(おど)ったって,"[(1, ''), (2, 'ダンシ'), (3, 'ンただ踊(おど)ったって'), (1, '')]",False,False,3
45.396,45.562,-1,ダンシンただ踊(おど)ったって,"[(1, ''), (2, 'ダン'), (3, 'シンただ踊(おど)ったって'), (1, '')]",False,False,3
45.229,45.396,-1,ダンシンただ踊(おど)ったって,"[(1, ''), (2, 'ダ'), (3, 'ンシンただ踊(おど)ったって'), (1, '')]",False,True,3
112.93,113.297,-1,ダンシンまだ踊(おど)っちゃって,"[(1, ''), (2, 'ダンシンまだ踊(おど)っちゃって'), (1, '')]",True,False,3
112.729,112.93,-1,ダンシンまだ踊(おど)っちゃって,"[(1, ''), (2, 'ダンシンまだ踊(おど)っちゃっ'), (3, 'て'), (1, '')]",False,False,3
112.563,112.729,-1,ダンシンまだ踊(おど)っちゃって,"[(1, ''), (2, 'ダンシンまだ踊(おど)っちゃ'), (3, 'って'), (1, '')]",False,False,3
112.429,112.563,-1,ダンシンまだ踊(おど)っちゃって,"[(1, ''), (2, 'ダンシンまだ踊(おど)っ'), (3, 'ちゃって'), (1, '')]",False,False,3
112.096,112.429,-1,ダンシンまだ踊(おど)っちゃって,"[(1, ''), (2, 'ダンシンまだ踊(おど)'), (3, 'っちゃって'), (1, '')]",False,False,3
111.929,112.096,-1,ダンシンまだ踊(おど)っちゃって,"[(1, ''), (2, 'ダンシンまだ'), (3, '踊(おど)っちゃって'), (1, '')]",False,False,3
111.728,111.929,-1,ダンシンまだ踊(おど)っちゃって,"[(1, ''), (2, 'ダンシンま'), (3, 'だ踊(おど)っちゃって'), (1, '')]",False,False,3
111.562,111.728,-1,ダンシンまだ踊(おど)っちゃって,"[(1, ''), (2, 'ダンシン'), (3, 'まだ踊(おど)っちゃって'), (1, '')]",False,False,3
111.395,111.562,-1,ダンシンまだ踊(おど)っちゃって,"[(1, ''), (2, 'ダンシ'), (3, 'ンまだ踊(おど)っちゃって'), (1, '')]",False,False,3
111.228,111.395,-1,ダンシンまだ踊(おど)っちゃって,"[(1, ''), (2, 'ダン'), (3, 'シンまだ踊(おど)っちゃって'), (1, '')]",False,False,3
111.061,111.228,-1,ダンシンまだ踊(おど)っちゃって,"[(1, ''), (2, 'ダ'), (3, 'ンシンまだ踊(おど)っちゃって'), (1, '')]",False,True,3
25.175,26.21,-1,ドドドドドドライブして,"[(1, ''), (2, 'ドドドドドドライブして'), (1, '')]",True,False,3
25.075,25.175,-1,ドドドドドドライブして,"[(1, ''), (2, 'ドドドドドドライブし'), (3, 'て'), (1, '')]",False,False,3
24.975,25.075,-1,ドドドドドドライブして,"[(1, ''), (2, 'ドドドドドドライブ'), (3, 'して'), (1, '')]",False,False,3
24.842,24.975,-1,ドドドドドドライブして,"[(1, ''), (2, 'ドドドドドドライ'), (3, 'ブして'), (1, '')]",False,False,3
24.641,24.842,-1,ドドドドドドライブして,"[(1, ''), (2, 'ドドドドドドラ'), (3, 'イブして'), (1, '')]",False,False,3
24.475,24.641,-1,ドドドドドドライブして,"[(1, ''), (2, 'ドドドドドド'), (3, 'ライブして'), (1, '')]",False,False,3
24.141,24.475,-1,ドドドドドドライブして,"[(1, ''), (2, 'ドドドドド'), (3, 'ドライブして'), (1, '')]",False,False,3
23.974,24.141,-1,ドドドドドドライブして,"[(1, ''), (2, 'ドドドド'), (3, 'ドドライブして'), (1, '')]",False,False,3
23.807,23.974,-1,ドドドドドドライブして,"[(1, ''), (2, 'ドドド'), (3, 'ドドドライブして'), (1, '')]",False,False,3
23.607,23.807,-1,ドドドドドドライブして,"[(1, ''), (2, 'ドド'), (3, 'ドドドドライブして'), (1, '')]",False,False,3
23.44,23.607,-1,ドドドドドドライブして,"[(1, ''), (2, 'ド'), (3, 'ドドドドドライブして'), (1, '')]",False,True,3
30.647,31.148,-1,パパパパっと片(かた)付(づ)けて,"[(1, ''), (2, 'パパパパっと片(かた)付(づ)けて'), (1, '')]",True,False,3
30.481,30.647,-1,パパパパっと片(かた)付(づ)けて,"[(1, ''), (2, 'パパパパっと片(かた)付(づ)け'), (3, 'て'), (1, '')]",False,False,3
30.314,30.481,-1,パパパパっと片(かた)付(づ)けて,"[(1, ''), (2, 'パパパパっと片(かた)付(づ)'), (3, 'けて'), (1, '')]",False,False,3
29.98,30.314,-1,パパパパっと片(かた)付(づ)けて,"[(1, ''), (2, 'パパパパっと片(かた)'), (3, '付(づ)けて'), (1, '')]",False,False,3
29.813,29.98,-1,パパパパっと片(かた)付(づ)けて,"[(1, ''), (2, 'パパパパっと'), (3, '片(かた)付(づ)けて'), (1, '')]",False,False,3
29.613,29.813,-1,パパパパっと片(かた)付(づ)けて,"[(1, ''), (2, 'パパパパっ'), (3, 'と片(かた)付(づ)けて'), (1, '')]",False,False,3
29.48,29.613,-1,パパパパっと片(かた)付(づ)けて,"[(1, ''), (2, 'パパパパ'), (3, 'っと片(かた)付(づ)けて'), (1, '')]",False,False,3
29.279,29.48,-1,パパパパっと片(かた)付(づ)けて,"[(1, ''), (2, 'パパパ'), (3, 'パっと片(かた)付(づ)けて'), (1, '')]",False,False,3
29.113,29.279,-1,パパパパっと片(かた)付(づ)けて,"[(1, ''), (2, 'パパ'), (3, 'パパっと片(かた)付(づ)けて'), (1, '')]",False,False,3
28.946,29.113,-1,パパパパっと片(かた)付(づ)けて,"[(1, ''), (2, 'パ'), (3, 'パパパっと片(かた)付(づ)けて'), (1, '')]",False,True,3
141.225,142.092,-1,ミラーボールが回(まわ)ってる,"[(1, ''), (2, 'ミラーボールが回(まわ)ってる'), (1, '')]",True,False,3
140.891,141.225,-1,ミラーボールが回(まわ)ってる,"[(1, ''), (2, 'ミラーボールが回(まわ)って'), (3, 'る'), (1, '')]",False,False,3
140.524,140.891,-1,ミラーボールが回(まわ)ってる,"[(1, ''), (2, 'ミラーボールが回(まわ)っ'), (3, 'てる'), (1, '')]",False,False,3
139.823,140.524,-1,ミラーボールが回(まわ)ってる,"[(1, ''), (2, 'ミラーボールが回(まわ)'), (3, 'ってる'), (1, '')]",False,False,3
139.656,139.823,-1,ミラーボールが回(まわ)ってる,"[(1, ''), (2, 'ミラーボールが'), (3, '回(まわ)ってる'), (1, '')]",False,False,3
139.49,139.656,-1,ミラーボールが回(まわ)ってる,"[(1, ''), (2, 'ミラーボール'), (3, 'が回(まわ)ってる'), (1, '')]",False,False,3
139.323,139.49,-1,ミラーボールが回(まわ)ってる,"[(1, ''), (2, 'ミラーボー'), (3, 'ルが回(まわ)ってる'), (1, '')]",False,False,3
139.156,139.323,-1,ミラーボールが回(まわ)ってる,"[(1, ''), (2, 'ミラーボ'), (3, 'ールが回(まわ)ってる'), (1, '')]",False,False,3
138.989,139.156,-1,ミラーボールが回(まわ)ってる,"[(1, ''), (2, 'ミラー'), (3, 'ボールが回(まわ)ってる'), (1, '')]",False,False,3
138.822,138.989,-1,ミラーボールが回(まわ)ってる,"[(1, ''), (2, 'ミラ'), (3, 'ーボールが回(まわ)ってる'), (1, '')]",False,False,3
138.655,138.822,-1,ミラーボールが回(まわ)ってる,"[(1, ''), (2, 'ミ'), (3, 'ラーボールが回(まわ)ってる'), (1, '')]",False,True,3
184.902,186.637,-1,今(いま)すぐにダイビング飛(と)び込(こ)んでけ,"[(1, ''), (2, '今(いま)すぐにダイビング飛(と)び込(こ)んでけ'), (1, '')]",True,False,3
184.601,184.902,-1,今(いま)すぐにダイビング飛(と)び込(こ)んでけ,"[(1, ''), (2, '今(いま)すぐにダイビング飛(と)び込(こ)んで'), (3, 'け'), (1, '')]",False,False,3
184.401,184.601,-1,今(いま)すぐにダイビング飛(と)び込(こ)んでけ,"[(1, ''), (2, '今(いま)すぐにダイビング飛(と)び込(こ)ん'), (3, 'でけ'), (1, '')]",False,False,3
184.067,184.401,-1,今(いま)すぐにダイビング飛(と)び込(こ)んでけ,"[(1, ''), (2, '今(いま)すぐにダイビング飛(と)び込(こ)'), (3, 'んでけ'), (1, '')]",False,False,3
183.734,184.067,-1,今(いま)すぐにダイビング飛(と)び込(こ)んでけ,"[(1, ''), (2, '今(いま)すぐにダイビング飛(と)び'), (3, '込(こ)んでけ'), (1, '')]",False,False,3
183.534,183.734,-1,今(いま)すぐにダイビング飛(と)び込(こ)んでけ,"[(1, ''), (2, '今(いま)すぐにダイビング飛(と)'), (3, 'び込(こ)んでけ'), (1, '')]",False,False,3
183.367,183.534,-1,今(いま)すぐにダイビング飛(と)び込(こ)んでけ,"[(1, ''), (2, '今(いま)すぐにダイビング'), (3, '飛(と)び込(こ)んでけ'), (1, '')]",False,False,3
183.2,183.367,-1,今(いま)すぐにダイビング飛(と)び込(こ)んでけ,"[(1, ''), (2, '今(いま)すぐにダイビン'), (3, 'グ飛(と)び込(こ)んでけ'), (1, '')]",False,False,3
183.033,183.2,-1,今(いま)すぐにダイビング飛(と)び込(こ)んでけ,"[(1, ''), (2, '今(いま)すぐにダイビ'), (3, 'ング飛(と)び込(こ)んでけ'), (1, '')]",False,False,3
182.866,183.033,-1,今(いま)すぐにダイビング飛(と)び込(こ)んでけ,"[(1, ''), (2, '今(いま)すぐにダイ'), (3, 'ビング飛(と)び込(こ)んでけ'), (1, '')]",False,False,3
182.366,182.866,-1,今(いま)すぐにダイビング飛(と)び込(こ)んでけ,"[(1, ''), (2, '今(いま)すぐにダ'), (3, 'イビング飛(と)び込(こ)んでけ'), (1, '')]",False,False,3
182.199,182.366,-1,今(いま)すぐにダイビング飛(と)び込(こ)んでけ,"[(1, ''), (2, '今(いま)すぐに'), (3, 'ダイビング飛(と)び込(こ)んでけ'), (1, '')]",False,False,3
181.999,182.199,-1,今(いま)すぐにダイビング飛(と)び込(こ)んでけ,"[(1, ''), (2, '今(いま)すぐ'), (3, 'にダイビング飛(と)び込(こ)んでけ'), (1, '')]",False,False,3
181.832,181.999,-1,今(いま)すぐにダイビング飛(と)び込(こ)んでけ,"[(1, ''), (2, '今(いま)す'), (3, 'ぐにダイビング飛(と)び込(こ)んでけ'), (1, '')]",False,False,3
181.498,181.832,-1,今(いま)すぐにダイビング飛(と)び込(こ)んでけ,"[(1, ''), (2, '今(いま)'), (3, 'すぐにダイビング飛(と)び込(こ)んでけ'), (1, '')]",False,False,3
42.292,44.028,-1,今(いま)すぐにダイビング飛(と)び込(こ)んでけ,"[(1, ''), (2, '今(いま)すぐにダイビング飛(と)び込(こ)んでけ'), (1, '')]",False,False,3
41.992,42.292,-1,今(いま)すぐにダイビング飛(と)び込(こ)んでけ,"[(1, ''), (2, '今(いま)すぐにダイビング飛(と)び込(こ)んで'), (3, 'け'), (1, '')]",False,False,3
41.792,41.992,-1,今(いま)すぐにダイビング飛(と)び込(こ)んでけ,"[(1, ''), (2, '今(いま)すぐにダイビング飛(と)び込(こ)ん'), (3, 'でけ'), (1, '')]",False,False,3
41.458,41.792,-1,今(いま)すぐにダイビング飛(と)び込(こ)んでけ,"[(1, ''), (2, '今(いま)すぐにダイビング飛(と)び込(こ)'), (3, 'んでけ'), (1, '')]",False,False,3
41.125,41.458,-1,今(いま)すぐにダイビング飛(と)び込(こ)んでけ,"[(1, ''), (2, '今(いま)すぐにダイビング飛(と)び'), (3, '込(こ)んでけ'), (1, '')]",False,False,3
40.958,41.125,-1,今(いま)すぐにダイビング飛(と)び込(こ)んでけ,"[(1, ''), (2, '今(いま)すぐにダイビング飛(と)'), (3, 'び込(こ)んでけ'), (1, '')]",False,False,3
40.758,40.958,-1,今(いま)すぐにダイビング飛(と)び込(こ)んでけ,"[(1, ''), (2, '今(いま)すぐにダイビング'), (3, '飛(と)び込(こ)んでけ'), (1, '')]",False,False,3
40.591,40.758,-1,今(いま)すぐにダイビング飛(と)び込(こ)んでけ,"[(1, ''), (2, '今(いま)すぐにダイビン'), (3, 'グ飛(と)び込(こ)んでけ'), (1, '')]",False,False,3
40.424,40.591,-1,今(いま)すぐにダイビング飛(と)び込(こ)んでけ,"[(1, ''), (2, '今(いま)すぐにダイビ'), (3, 'ング飛(と)び込(こ)んでけ'), (1, '')]",False,False,3
40.257,40.424,-1,今(いま)すぐにダイビング飛(と)び込(こ)んでけ,"[(1, ''), (2, '今(いま)すぐにダイ'), (3, 'ビング飛(と)び込(こ)んでけ'), (1, '')]",False,False,3
39.757,40.257,-1,今(いま)すぐにダイビング飛(と)び込(こ)んでけ,"[(1, ''), (2, '今(いま)すぐにダ'), (3, 'イビング飛(と)び込(こ)んでけ'), (1, '')]",False,False,3
39.59,39.757,-1,今(いま)すぐにダイビング飛(と)び込(こ)んでけ,"[(1, ''), (2, '今(いま)すぐに'), (3, 'ダイビング飛(と)び込(こ)んでけ'), (1, '')]",False,False,3
39.423,39.59,-1,今(いま)すぐにダイビング飛(と)び込(こ)んでけ,"[(1, ''), (2, '今(いま)すぐ'), (3, 'にダイビング飛(と)び込(こ)んでけ'), (1, '')]",False,False,3
39.223,39.423,-1,今(いま)すぐにダイビング飛(と)び込(こ)んでけ,"[(1, ''), (2, '今(いま)す'), (3, 'ぐにダイビング飛(と)び込(こ)んでけ'), (1, '')]",False,False,3
38.889,39.223,-1,今(いま)すぐにダイビング飛(と)び込(こ)んでけ,"[(1, ''), (2, '今(いま)'), (3, 'すぐにダイビング飛(と)び込(こ)んでけ'), (1, '')]",False,True,3
4.088,6.824,-1,作曲：佐藤陽介,"[(1, ''), (2, '作曲：佐藤陽介'), (1, '')]",True,True,0
1.352,4.088,-1,作詞：佐藤陽介,"[(1, ''), (2, '作詞：佐藤陽介'), (1, '')]",True,True,0
130.781,131.782,-1,回(まわ)って万(ばん)能(のう)性(せい)感(かん)じちゃって,"[(1, ''), (2, '回(まわ)って万(ばん)能(のう)性(せい)感(かん)じちゃって'), (1, '')]",True,False,3
130.514,130.781,-1,回(まわ)って万(ばん)能(のう)性(せい)感(かん)じちゃって,"[(1, ''), (2, '回(まわ)って万(ばん)能(のう)性(せい)感(かん)じちゃっ'), (3, 'て'), (1, '')]",False,False,3
130.214,130.514,-1,回(まわ)って万(ばん)能(のう)性(せい)感(かん)じちゃって,"[(1, ''), (2, '回(まわ)って万(ばん)能(のう)性(せい)感(かん)じちゃ'), (3, 'って'), (1, '')]",False,False,3
129.913,130.214,-1,回(まわ)って万(ばん)能(のう)性(せい)感(かん)じちゃって,"[(1, ''), (2, '回(まわ)って万(ばん)能(のう)性(せい)感(かん)じ'), (3, 'ちゃって'), (1, '')]",False,False,3
129.213,129.913,-1,回(まわ)って万(ばん)能(のう)性(せい)感(かん)じちゃって,"[(1, ''), (2, '回(まわ)って万(ばん)能(のう)性(せい)感(かん)'), (3, 'じちゃって'), (1, '')]",False,False,3
128.712,129.213,-1,回(まわ)って万(ばん)能(のう)性(せい)感(かん)じちゃって,"[(1, ''), (2, '回(まわ)って万(ばん)能(のう)性(せい)'), (3, '感(かん)じちゃって'), (1, '')]",False,False,3
128.378,128.712,-1,回(まわ)って万(ばん)能(のう)性(せい)感(かん)じちゃって,"[(1, ''), (2, '回(まわ)って万(ばん)能(のう)'), (3, '性(せい)感(かん)じちゃって'), (1, '')]",False,False,3
128.045,128.378,-1,回(まわ)って万(ばん)能(のう)性(せい)感(かん)じちゃって,"[(1, ''), (2, '回(まわ)って万(ばん)'), (3, '能(のう)性(せい)感(かん)じちゃって'), (1, '')]",False,False,3
127.845,128.045,-1,回(まわ)って万(ばん)能(のう)性(せい)感(かん)じちゃって,"[(1, ''), (2, '回(まわ)って'), (3, '万(ばん)能(のう)性(せい)感(かん)じちゃって'), (1, '')]",False,False,3
127.678,127.845,-1,回(まわ)って万(ばん)能(のう)性(せい)感(かん)じちゃって,"[(1, ''), (2, '回(まわ)っ'), (3, 'て万(ばん)能(のう)性(せい)感(かん)じちゃって'), (1, '')]",False,False,3
127.344,127.678,-1,回(まわ)って万(ばん)能(のう)性(せい)感(かん)じちゃって,"[(1, ''), (2, '回(まわ)'), (3, 'って万(ばん)能(のう)性(せい)感(かん)じちゃって'), (1, '')]",False,True,3
80.864,81.231,-1,徒(つれ)然(づれ)半(はん)分(ぶん)ビートの上(うえ),"[(1, ''), (2, '徒(つれ)然(づれ)半(はん)分(ぶん)ビートの上(うえ)'), (1, '')]",True,False,3
80.697,80.864,-1,徒(つれ)然(づれ)半(はん)分(ぶん)ビートの上(うえ),"[(1, ''), (2, '徒(つれ)然(づれ)半(はん)分(ぶん)ビートの'), (3, '上(うえ)'), (1, '')]",False,False,3
80.531,80.697,-1,徒(つれ)然(づれ)半(はん)分(ぶん)ビートの上(うえ),"[(1, ''), (2, '徒(つれ)然(づれ)半(はん)分(ぶん)ビート'), (3, 'の上(うえ)'), (1, '')]",False,False,3
80.197,80.531,-1,徒(つれ)然(づれ)半(はん)分(ぶん)ビートの上(うえ),"[(1, ''), (2, '徒(つれ)然(づれ)半(はん)分(ぶん)ビー'), (3, 'トの上(うえ)'), (1, '')]",False,False,3
80.03,80.197,-1,徒(つれ)然(づれ)半(はん)分(ぶん)ビートの上(うえ),"[(1, ''), (2, '徒(つれ)然(づれ)半(はん)分(ぶん)ビ'), (3, 'ートの上(うえ)'), (1, '')]",False,False,3
79.696,80.03,-1,徒(つれ)然(づれ)半(はん)分(ぶん)ビートの上(うえ),"[(1, ''), (2, '徒(つれ)然(づれ)半(はん)分(ぶん)'), (3, 'ビートの上(うえ)'), (1, '')]",False,False,3
79.329,79.696,-1,徒(つれ)然(づれ)半(はん)分(ぶん)ビートの上(うえ),"[(1, ''), (2, '徒(つれ)然(づれ)半(はん)'), (3, '分(ぶん)ビートの上(うえ)'), (1, '')]",False,False,3
78.829,79.329,-1,徒(つれ)然(づれ)半(はん)分(ぶん)ビートの上(うえ),"[(1, ''), (2, '徒(つれ)然(づれ)'), (3, '半(はん)分(ぶん)ビートの上(うえ)'), (1, '')]",False,False,3
78.262,78.829,-1,徒(つれ)然(づれ)半(はん)分(ぶん)ビートの上(うえ),"[(1, ''), (2, '徒(つれ)'), (3, '然(づれ)半(はん)分(ぶん)ビートの上(うえ)'), (1, '')]",False,True,3
108.158,109.86,-1,楽(たの)しみたいならフロアへ直(ちょっ)行(こう),"[(1, ''), (2, '楽(たの)しみたいならフロアへ直(ちょっ)行(こう)'), (1, '')]",True,False,3
107.791,108.158,-1,楽(たの)しみたいならフロアへ直(ちょっ)行(こう),"[(1, ''), (2, '楽(たの)しみたいならフロアへ直(ちょっ)'), (3, '行(こう)'), (1, '')]",False,False,3
107.624,107.791,-1,楽(たの)しみたいならフロアへ直(ちょっ)行(こう),"[(1, ''), (2, '楽(たの)しみたいならフロアへ'), (3, '直(ちょっ)行(こう)'), (1, '')]",False,False,3
107.291,107.624,-1,楽(たの)しみたいならフロアへ直(ちょっ)行(こう),"[(1, ''), (2, '楽(たの)しみたいならフロア'), (3, 'へ直(ちょっ)行(こう)'), (1, '')]",False,False,3
106.957,107.291,-1,楽(たの)しみたいならフロアへ直(ちょっ)行(こう),"[(1, ''), (2, '楽(たの)しみたいならフロ'), (3, 'アへ直(ちょっ)行(こう)'), (1, '')]",False,False,3
106.79,106.957,-1,楽(たの)しみたいならフロアへ直(ちょっ)行(こう),"[(1, ''), (2, '楽(たの)しみたいならフ'), (3, 'ロアへ直(ちょっ)行(こう)'), (1, '')]",False,False,3
106.256,106.79,-1,楽(たの)しみたいならフロアへ直(ちょっ)行(こう),"[(1, ''), (2, '楽(たの)しみたいなら'), (3, 'フロアへ直(ちょっ)行(こう)'), (1, '')]",False,False,3
106.09,106.256,-1,楽(たの)しみたいならフロアへ直(ちょっ)行(こう),"[(1, ''), (2, '楽(たの)しみたいな'), (3, 'らフロアへ直(ちょっ)行(こう)'), (1, '')]",False,False,3
105.556,106.09,-1,楽(たの)しみたいならフロアへ直(ちょっ)行(こう),"[(1, ''), (2, '楽(たの)しみたい'), (3, 'ならフロアへ直(ちょっ)行(こう)'), (1, '')]",False,False,3
105.422,105.556,-1,楽(たの)しみたいならフロアへ直(ちょっ)行(こう),"[(1, ''), (2, '楽(たの)しみた'), (3, 'いならフロアへ直(ちょっ)行(こう)'), (1, '')]",False,False,3
105.255,105.422,-1,楽(たの)しみたいならフロアへ直(ちょっ)行(こう),"[(1, ''), (2, '楽(たの)しみ'), (3, 'たいならフロアへ直(ちょっ)行(こう)'), (1, '')]",False,False,3
105.055,105.255,-1,楽(たの)しみたいならフロアへ直(ちょっ)行(こう),"[(1, ''), (2, '楽(たの)し'), (3, 'みたいならフロアへ直(ちょっ)行(こう)'), (1, '')]",False,False,3
104.721,105.055,-1,楽(たの)しみたいならフロアへ直(ちょっ)行(こう),"[(1, ''), (2, '楽(たの)'), (3, 'しみたいならフロアへ直(ちょっ)行(こう)'), (1, '')]",False,True,3
9.56,12.296,-1,歌唱：角巻わため,"[(1, ''), (2, '歌唱：角巻わため'), (1, '')]",True,True,0
180.797,181.498,-1,点(てん)々(てん)はドットドット,"[(1, ''), (2, '点(てん)々(てん)はドットドット'), (1, '')]",True,False,3
180.631,180.797,-1,点(てん)々(てん)はドットドット,"[(1, ''), (2, '点(てん)々(てん)はドットドッ'), (3, 'ト'), (1, '')]",False,False,3
180.464,180.631,-1,点(てん)々(てん)はドットドット,"[(1, ''), (2, '点(てん)々(てん)はドットド'), (3, 'ット'), (1, '')]",False,False,3
179.963,180.464,-1,点(てん)々(てん)はドットドット,"[(1, ''), (2, '点(てん)々(てん)はドット'), (3, 'ドット'), (1, '')]",False,False,3
179.763,179.963,-1,点(てん)々(てん)はドットドット,"[(1, ''), (2, '点(てん)々(てん)はドッ'), (3, 'トドット'), (1, '')]",False,False,3
179.63,179.763,-1,点(てん)々(てん)はドットドット,"[(1, ''), (2, '点(てん)々(てん)はド'), (3, 'ットドット'), (1, '')]",False,False,3
179.429,179.63,-1,点(てん)々(てん)はドットドット,"[(1, ''), (2, '点(てん)々(てん)は'), (3, 'ドットドット'), (1, '')]",False,False,3
179.096,179.429,-1,点(てん)々(てん)はドットドット,"[(1, ''), (2, '点(てん)々(てん)'), (3, 'はドットドット'), (1, '')]",False,False,3
178.762,179.096,-1,点(てん)々(てん)はドットドット,"[(1, ''), (2, '点(てん)'), (3, '々(てん)はドットドット'), (1, '')]",False,False,3
38.188,38.889,-1,点(てん)々(てん)はドットドット,"[(1, ''), (2, '点(てん)々(てん)はドットドット'), (1, '')]",False,False,3
38.022,38.188,-1,点(てん)々(てん)はドットドット,"[(1, ''), (2, '点(てん)々(てん)はドットドッ'), (3, 'ト'), (1, '')]",False,False,3
37.855,38.022,-1,点(てん)々(てん)はドットドット,"[(1, ''), (2, '点(てん)々(てん)はドットド'), (3, 'ット'), (1, '')]",False,False,3
37.321,37.855,-1,点(てん)々(てん)はドットドット,"[(1, ''), (2, '点(てん)々(てん)はドット'), (3, 'ドット'), (1, '')]",False,False,3
37.154,37.321,-1,点(てん)々(てん)はドットドット,"[(1, ''), (2, '点(てん)々(てん)はドッ'), (3, 'トドット'), (1, '')]",False,False,3
36.987,37.154,-1,点(てん)々(てん)はドットドット,"[(1, ''), (2, '点(てん)々(てん)はド'), (3, 'ットドット'), (1, '')]",False,False,3
36.82,36.987,-1,点(てん)々(てん)はドットドット,"[(1, ''), (2, '点(てん)々(てん)は'), (3, 'ドットドット'), (1, '')]",False,False,3
36.487,36.82,-1,点(てん)々(てん)はドットドット,"[(1, ''), (2, '点(てん)々(てん)'), (3, 'はドットドット'), (1, '')]",False,False,3
36.12,36.487,-1,点(てん)々(てん)はドットドット,"[(1, ''), (2, '点(てん)'), (3, '々(てん)はドットドット'), (1, '')]",False,True,3
104.021,104.721,-1,神(かみ)様(さま)はゴッドゴッド,"[(1, ''), (2, '神(かみ)様(さま)はゴッドゴッド'), (1, '')]",True,False,3
103.821,104.021,-1,神(かみ)様(さま)はゴッドゴッド,"[(1, ''), (2, '神(かみ)様(さま)はゴッドゴッ'), (3, 'ド'), (1, '')]",False,False,3
103.687,103.821,-1,神(かみ)様(さま)はゴッドゴッド,"[(1, ''), (2, '神(かみ)様(さま)はゴッドゴ'), (3, 'ッド'), (1, '')]",False,False,3
103.153,103.687,-1,神(かみ)様(さま)はゴッドゴッド,"[(1, ''), (2, '神(かみ)様(さま)はゴッド'), (3, 'ゴッド'), (1, '')]",False,False,3
102.92,103.153,-1,神(かみ)様(さま)はゴッドゴッド,"[(1, ''), (2, '神(かみ)様(さま)はゴッ'), (3, 'ドゴッド'), (1, '')]",False,False,3
102.786,102.92,-1,神(かみ)様(さま)はゴッドゴッド,"[(1, ''), (2, '神(かみ)様(さま)はゴ'), (3, 'ッドゴッド'), (1, '')]",False,False,3
102.619,102.786,-1,神(かみ)様(さま)はゴッドゴッド,"[(1, ''), (2, '神(かみ)様(さま)は'), (3, 'ゴッドゴッド'), (1, '')]",False,False,3
102.319,102.619,-1,神(かみ)様(さま)はゴッドゴッド,"[(1, ''), (2, '神(かみ)様(さま)'), (3, 'はゴッドゴッド'), (1, '')]",False,False,3
101.952,102.319,-1,神(かみ)様(さま)はゴッドゴッド,"[(1, ''), (2, '神(かみ)'), (3, '様(さま)はゴッドゴッド'), (1, '')]",False,True,3
152.035,153.07,-1,終(お)わりが来(く)るまでずっと,"[(1, ''), (2, '終(お)わりが来(く)るまでずっと'), (1, '')]",True,False,3
151.702,152.035,-1,終(お)わりが来(く)るまでずっと,"[(1, ''), (2, '終(お)わりが来(く)るまでずっ'), (3, 'と'), (1, '')]",False,False,3
151.568,151.702,-1,終(お)わりが来(く)るまでずっと,"[(1, ''), (2, '終(お)わりが来(く)るまでず'), (3, 'っと'), (1, '')]",False,False,3
151.168,151.568,-1,終(お)わりが来(く)るまでずっと,"[(1, ''), (2, '終(お)わりが来(く)るまで'), (3, 'ずっと'), (1, '')]",False,False,3
150.667,151.168,-1,終(お)わりが来(く)るまでずっと,"[(1, ''), (2, '終(お)わりが来(く)るま'), (3, 'でずっと'), (1, '')]",False,False,3
150.501,150.667,-1,終(お)わりが来(く)るまでずっと,"[(1, ''), (2, '終(お)わりが来(く)る'), (3, 'までずっと'), (1, '')]",False,False,3
150.3,150.501,-1,終(お)わりが来(く)るまでずっと,"[(1, ''), (2, '終(お)わりが来(く)'), (3, 'るまでずっと'), (1, '')]",False,False,3
150.0,150.3,-1,終(お)わりが来(く)るまでずっと,"[(1, ''), (2, '終(お)わりが'), (3, '来(く)るまでずっと'), (1, '')]",False,False,3
149.8,150.0,-1,終(お)わりが来(く)るまでずっと,"[(1, ''), (2, '終(お)わり'), (3, 'が来(く)るまでずっと'), (1, '')]",False,False,3
149.633,149.8,-1,終(お)わりが来(く)るまでずっと,"[(1, ''), (2, '終(お)わ'), (3, 'りが来(く)るまでずっと'), (1, '')]",False,False,3
149.466,149.633,-1,終(お)わりが来(く)るまでずっと,"[(1, ''), (2, '終(お)'), (3, 'わりが来(く)るまでずっと'), (1, '')]",False,True,3
6.824,9.56,-1,編曲：佐藤陽介,"[(1, ''), (2, '編曲：佐藤陽介'), (1, '')]",True,True,0
178.061,178.762,-1,誰(だれ)よりも没(ぼっ)頭(とう)もっと,"[(1, ''), (2, '誰(だれ)よりも没(ぼっ)頭(とう)もっと'), (1, '')]",True,False,3
177.895,178.061,-1,誰(だれ)よりも没(ぼっ)頭(とう)もっと,"[(1, ''), (2, '誰(だれ)よりも没(ぼっ)頭(とう)もっ'), (3, 'と'), (1, '')]",False,False,3
177.728,177.895,-1,誰(だれ)よりも没(ぼっ)頭(とう)もっと,"[(1, ''), (2, '誰(だれ)よりも没(ぼっ)頭(とう)も'), (3, 'っと'), (1, '')]",False,False,3
177.194,177.728,-1,誰(だれ)よりも没(ぼっ)頭(とう)もっと,"[(1, ''), (2, '誰(だれ)よりも没(ぼっ)頭(とう)'), (3, 'もっと'), (1, '')]",False,False,3
176.86,177.194,-1,誰(だれ)よりも没(ぼっ)頭(とう)もっと,"[(1, ''), (2, '誰(だれ)よりも没(ぼっ)'), (3, '頭(とう)もっと'), (1, '')]",False,False,3
176.693,176.86,-1,誰(だれ)よりも没(ぼっ)頭(とう)もっと,"[(1, ''), (2, '誰(だれ)よりも'), (3, '没(ぼっ)頭(とう)もっと'), (1, '')]",False,False,3
176.527,176.693,-1,誰(だれ)よりも没(ぼっ)頭(とう)もっと,"[(1, ''), (2, '誰(だれ)より'), (3, 'も没(ぼっ)頭(とう)もっと'), (1, '')]",False,False,3
176.36,176.527,-1,誰(だれ)よりも没(ぼっ)頭(とう)もっと,"[(1, ''), (2, '誰(だれ)よ'), (3, 'りも没(ぼっ)頭(とう)もっと'), (1, '')]",False,False,3
176.026,176.36,-1,誰(だれ)よりも没(ぼっ)頭(とう)もっと,"[(1, ''), (2, '誰(だれ)'), (3, 'よりも没(ぼっ)頭(とう)もっと'), (1, '')]",False,False,3
35.452,36.12,-1,誰(だれ)よりも没(ぼっ)頭(とう)もっと,"[(1, ''), (2, '誰(だれ)よりも没(ぼっ)頭(とう)もっと'), (1, '')]",False,False,3
35.285,35.452,-1,誰(だれ)よりも没(ぼっ)頭(とう)もっと,"[(1, ''), (2, '誰(だれ)よりも没(ぼっ)頭(とう)もっ'), (3, 'と'), (1, '')]",False,False,3
35.119,35.285,-1,誰(だれ)よりも没(ぼっ)頭(とう)もっと,"[(1, ''), (2, '誰(だれ)よりも没(ぼっ)頭(とう)も'), (3, 'っと'), (1, '')]",False,False,3
34.618,35.119,-1,誰(だれ)よりも没(ぼっ)頭(とう)もっと,"[(1, ''), (2, '誰(だれ)よりも没(ぼっ)頭(とう)'), (3, 'もっと'), (1, '')]",False,False,3
34.284,34.618,-1,誰(だれ)よりも没(ぼっ)頭(とう)もっと,"[(1, ''), (2, '誰(だれ)よりも没(ぼっ)'), (3, '頭(とう)もっと'), (1, '')]",False,False,3
34.084,34.284,-1,誰(だれ)よりも没(ぼっ)頭(とう)もっと,"[(1, ''), (2, '誰(だれ)よりも'), (3, '没(ぼっ)頭(とう)もっと'), (1, '')]",False,False,3
33.917,34.084,-1,誰(だれ)よりも没(ぼっ)頭(とう)もっと,"[(1, ''), (2, '誰(だれ)より'), (3, 'も没(ぼっ)頭(とう)もっと'), (1, '')]",False,False,3
33.751,33.917,-1,誰(だれ)よりも没(ぼっ)頭(とう)もっと,"[(1, ''), (2, '誰(だれ)よ'), (3, 'りも没(ぼっ)頭(とう)もっと'), (1, '')]",False,False,3
33.417,33.751,-1,誰(だれ)よりも没(ぼっ)頭(とう)もっと,"[(1, ''), (2, '誰(だれ)'), (3, 'よりも没(ぼっ)頭(とう)もっと'), (1, '')]",False,True,3
230.881,231.415,-1,踊(おど)ってよ,"[(1, ''), (2, '踊(おど)ってよ'), (1, '')]",True,False,3
230.714,230.881,-1,踊(おど)ってよ,"[(1, ''), (2, '踊(おど)って'), (3, 'よ'), (1, '')]",False,False,3
230.514,230.714,-1,踊(おど)ってよ,"[(1, ''), (2, '踊(おど)っ'), (3, 'てよ'), (1, '')]",False,False,3
230.18,230.514,-1,踊(おど)ってよ,"[(1, ''), (2, '踊(おど)'), (3, 'ってよ'), (1, '')]",False,False,3
225.375,226.577,-1,踊(おど)ってよ,"[(1, ''), (2, '踊(おど)ってよ'), (1, '')]",False,False,3
225.209,225.375,-1,踊(おど)ってよ,"[(1, ''), (2, '踊(おど)って'), (3, 'よ'), (1, '')]",False,False,3
225.008,225.209,-1,踊(おど)ってよ,"[(1, ''), (2, '踊(おど)っ'), (3, 'てよ'), (1, '')]",False,False,3
224.708,225.008,-1,踊(おど)ってよ,"[(1, ''), (2, '踊(おど)'), (3, 'ってよ'), (1, '')]",False,False,3
219.903,221.104,-1,踊(おど)ってよ,"[(1, ''), (2, '踊(おど)ってよ'), (1, '')]",False,False,3
219.736,219.903,-1,踊(おど)ってよ,"[(1, ''), (2, '踊(おど)って'), (3, 'よ'), (1, '')]",False,False,3
219.536,219.736,-1,踊(おど)ってよ,"[(1, ''), (2, '踊(おど)っ'), (3, 'てよ'), (1, '')]",False,False,3
219.203,219.536,-1,踊(おど)ってよ,"[(1, ''), (2, '踊(おど)'), (3, 'ってよ'), (1, '')]",False,False,3
214.431,215.632,-1,踊(おど)ってよ,"[(1, ''), (2, '踊(おど)ってよ'), (1, '')]",False,False,3
214.264,214.431,-1,踊(おど)ってよ,"[(1, ''), (2, '踊(おど)って'), (3, 'よ'), (1, '')]",False,False,3
214.064,214.264,-1,踊(おど)ってよ,"[(1, ''), (2, '踊(おど)っ'), (3, 'てよ'), (1, '')]",False,False,3
213.73,214.064,-1,踊(おど)ってよ,"[(1, ''), (2, '踊(おど)'), (3, 'ってよ'), (1, '')]",False,False,3
148.599,149.466,-1,踊(おど)ってよ,"[(1, ''), (2, '踊(おど)ってよ'), (1, '')]",False,False,3
148.398,148.599,-1,踊(おど)ってよ,"[(1, ''), (2, '踊(おど)って'), (3, 'よ'), (1, '')]",False,False,3
148.232,148.398,-1,踊(おど)ってよ,"[(1, ''), (2, '踊(おど)っ'), (3, 'てよ'), (1, '')]",False,False,3
147.898,148.232,-1,踊(おど)ってよ,"[(1, ''), (2, '踊(おど)'), (3, 'ってよ'), (1, '')]",False,True,3
228.312,229.313,-1,踊(おど)ってよう,"[(1, ''), (2, '踊(おど)ってよう'), (1, '')]",True,False,3
228.145,228.312,-1,踊(おど)ってよう,"[(1, ''), (2, '踊(おど)ってよ'), (3, 'う'), (1, '')]",False,False,3
227.978,228.145,-1,踊(おど)ってよう,"[(1, ''), (2, '踊(おど)って'), (3, 'よう'), (1, '')]",False,False,3
227.778,227.978,-1,踊(おど)ってよう,"[(1, ''), (2, '踊(おど)っ'), (3, 'てよう'), (1, '')]",False,False,3
227.444,227.778,-1,踊(おど)ってよう,"[(1, ''), (2, '踊(おど)'), (3, 'ってよう'), (1, '')]",False,False,3
222.773,223.84,-1,踊(おど)ってよう,"[(1, ''), (2, '踊(おど)ってよう'), (1, '')]",False,False,3
222.639,222.773,-1,踊(おど)ってよう,"[(1, ''), (2, '踊(おど)ってよ'), (3, 'う'), (1, '')]",False,False,3
222.472,222.639,-1,踊(おど)ってよう,"[(1, ''), (2, '踊(おど)って'), (3, 'よう'), (1, '')]",False,False,3
222.272,222.472,-1,踊(おど)ってよう,"[(1, ''), (2, '踊(おど)っ'), (3, 'てよう'), (1, '')]",False,False,3
221.939,222.272,-1,踊(おど)ってよう,"[(1, ''), (2, '踊(おど)'), (3, 'ってよう'), (1, '')]",False,False,3
217.301,218.335,-1,踊(おど)ってよう,"[(1, ''), (2, '踊(おど)ってよう'), (1, '')]",False,False,3
217.167,217.301,-1,踊(おど)ってよう,"[(1, ''), (2, '踊(おど)ってよ'), (3, 'う'), (1, '')]",False,False,3
217.0,217.167,-1,踊(おど)ってよう,"[(1, ''), (2, '踊(おど)って'), (3, 'よう'), (1, '')]",False,False,3
216.8,217.0,-1,踊(おど)ってよう,"[(1, ''), (2, '踊(おど)っ'), (3, 'てよう'), (1, '')]",False,False,3
216.466,216.8,-1,踊(おど)ってよう,"[(1, ''), (2, '踊(おど)'), (3, 'ってよう'), (1, '')]",False,False,3
211.828,212.863,-1,踊(おど)ってよう,"[(1, ''), (2, '踊(おど)ってよう'), (1, '')]",False,False,3
211.662,211.828,-1,踊(おど)ってよう,"[(1, ''), (2, '踊(おど)ってよ'), (3, 'う'), (1, '')]",False,False,3
211.495,211.662,-1,踊(おど)ってよう,"[(1, ''), (2, '踊(おど)って'), (3, 'よう'), (1, '')]",False,False,3
211.295,211.495,-1,踊(おど)ってよう,"[(1, ''), (2, '踊(おど)っ'), (3, 'てよう'), (1, '')]",False,False,3
210.994,211.295,-1,踊(おど)ってよう,"[(1, ''), (2, '踊(おど)'), (3, 'ってよう'), (1, '')]",False,True,3
145.863,147.064,-1,踊(おど)ってる？,"[(1, ''), (2, '踊(おど)ってる？'), (1, '')]",True,False,3
145.662,145.863,-1,踊(おど)ってる？,"[(1, ''), (2, '踊(おど)って'), (3, 'る？'), (1, '')]",False,False,3
145.496,145.662,-1,踊(おど)ってる？,"[(1, ''), (2, '踊(おど)っ'), (3, 'てる？'), (1, '')]",False,False,3
145.162,145.496,-1,踊(おど)ってる？,"[(1, ''), (2, '踊(おど)'), (3, 'ってる？'), (1, '')]",False,False,3
134.885,136.086,-1,踊(おど)ってる？,"[(1, ''), (2, '踊(おど)ってる？'), (1, '')]",False,False,3
134.718,134.885,-1,踊(おど)ってる？,"[(1, ''), (2, '踊(おど)って'), (3, 'る？'), (1, '')]",False,False,3
134.551,134.718,-1,踊(おど)ってる？,"[(1, ''), (2, '踊(おど)っ'), (3, 'てる？'), (1, '')]",False,False,3
134.218,134.551,-1,踊(おど)ってる？,"[(1, ''), (2, '踊(おど)'), (3, 'ってる？'), (1, '')]",False,True,3
154.938,157.674,-1,踊(おど)りあかそう,"[(1, ''), (2, '踊(おど)りあかそう'), (1, '')]",True,False,3
154.605,154.938,-1,踊(おど)りあかそう,"[(1, ''), (2, '踊(おど)りあかそ'), (3, 'う'), (1, '')]",False,False,3
154.271,154.605,-1,踊(おど)りあかそう,"[(1, ''), (2, '踊(おど)りあか'), (3, 'そう'), (1, '')]",False,False,3
153.904,154.271,-1,踊(おど)りあかそう,"[(1, ''), (2, '踊(おど)りあ'), (3, 'かそう'), (1, '')]",False,False,3
153.403,153.904,-1,踊(おど)りあかそう,"[(1, ''), (2, '踊(おど)り'), (3, 'あかそう'), (1, '')]",False,False,3
153.07,153.403,-1,踊(おど)りあかそう,"[(1, ''), (2, '踊(おど)'), (3, 'りあかそう'), (1, '')]",False,True,3
101.285,101.952,-1,音(おと)鳴(な)らせもっともっと,"[(1, ''), (2, '音(おと)鳴(な)らせもっともっと'), (1, '')]",True,False,3
101.118,101.285,-1,音(おと)鳴(な)らせもっともっと,"[(1, ''), (2, '音(おと)鳴(な)らせもっともっ'), (3, 'と'), (1, '')]",False,False,3
100.951,101.118,-1,音(おと)鳴(な)らせもっともっと,"[(1, ''), (2, '音(おと)鳴(な)らせもっとも'), (3, 'っと'), (1, '')]",False,False,3
100.417,100.951,-1,音(おと)鳴(な)らせもっともっと,"[(1, ''), (2, '音(おと)鳴(な)らせもっと'), (3, 'もっと'), (1, '')]",False,False,3
100.25,100.417,-1,音(おと)鳴(な)らせもっともっと,"[(1, ''), (2, '音(おと)鳴(な)らせもっ'), (3, 'ともっと'), (1, '')]",False,False,3
100.084,100.25,-1,音(おと)鳴(な)らせもっともっと,"[(1, ''), (2, '音(おと)鳴(な)らせも'), (3, 'っともっと'), (1, '')]",False,False,3
99.917,100.084,-1,音(おと)鳴(な)らせもっともっと,"[(1, ''), (2, '音(おと)鳴(な)らせ'), (3, 'もっともっと'), (1, '')]",False,False,3
99.75,99.917,-1,音(おと)鳴(な)らせもっともっと,"[(1, ''), (2, '音(おと)鳴(な)ら'), (3, 'せもっともっと'), (1, '')]",False,False,3
99.583,99.75,-1,音(おと)鳴(な)らせもっともっと,"[(1, ''), (2, '音(おと)鳴(な)'), (3, 'らせもっともっと'), (1, '')]",False,False,3
99.249,99.583,-1,音(おと)鳴(な)らせもっともっと,"[(1, ''), (2, '音(おと)'), (3, '鳴(な)らせもっともっと'), (1, '')]",False,True,3
229.68,230.18,85,（おっおー）,"[(1, ''), (2, '（おっおー）'), (1, '')]",True,False,3
229.313,229.68,85,（おっおー）,"[(1, ''), (2, '（おっ'), (3, 'おー）'), (1, '')]",False,False,3
226.91,227.444,85,（おっおー）,"[(1, ''), (2, '（おっおー）'), (1, '')]",False,False,3
226.577,226.91,85,（おっおー）,"[(1, ''), (2, '（おっ'), (3, 'おー）'), (1, '')]",False,False,3
224.174,224.708,85,（おっおー）,"[(1, ''), (2, '（おっおー）'), (1, '')]",False,False,3
223.84,224.174,85,（おっおー）,"[(1, ''), (2, '（おっ'), (3, 'おー）'), (1, '')]",False,False,3
221.438,221.939,85,（おっおー）,"[(1, ''), (2, '（おっおー）'), (1, '')]",False,False,3
221.104,221.438,85,（おっおー）,"[(1, ''), (2, '（おっ'), (3, 'おー）'), (1, '')]",False,False,3
218.669,219.203,85,（おっおー）,"[(1, ''), (2, '（おっおー）'), (1, '')]",False,False,3
218.335,218.669,85,（おっおー）,"[(1, ''), (2, '（おっ'), (3, 'おー）'), (1, '')]",False,False,3
215.966,216.466,85,（おっおー）,"[(1, ''), (2, '（おっおー）'), (1, '')]",False,False,3
215.632,215.966,85,（おっおー）,"[(1, ''), (2, '（おっ'), (3, 'おー）'), (1, '')]",False,False,3
213.197,213.73,85,（おっおー）,"[(1, ''), (2, '（おっおー）'), (1, '')]",False,False,3
212.863,213.197,85,（おっおー）,"[(1, ''), (2, '（おっ'), (3, 'おー）'), (1, '')]",False,False,3
210.46,210.994,85,（おっおー）,"[(1, ''), (2, '（おっおー）'), (1, '')]",False,False,3
210.127,210.46,85,（おっおー）,"[(1, ''), (2, '（おっ'), (3, 'おー）'), (1, '')]",False,False,3
147.397,147.898,85,（おっおー）,"[(1, ''), (2, '（おっおー）'), (1, '')]",False,False,3
147.064,147.397,85,（おっおー）,"[(1, ''), (2, '（おっ'), (3, 'おー）'), (1, '')]",False,False,3
144.661,145.162,85,（おっおー）,"[(1, ''), (2, '（おっおー）'), (1, '')]",False,False,3
144.328,144.661,85,（おっおー）,"[(1, ''), (2, '（おっ'), (3, 'おー）'), (1, '')]",False,False,3
136.453,136.92,85,（おっおー）,"[(1, ''), (2, '（おっおー）'), (1, '')]",False,False,3
136.086,136.453,85,（おっおー）,"[(1, ''), (2, '（おっ'), (3, 'おー）'), (1, '')]",False,False,3
133.684,134.218,85,（おっおー）,"[(1, ''), (2, '（おっおー）'), (1, '')]",False,False,3
133.35,133.684,85,（おっおー）,"[(1, ''), (2, '（おっ'), (3, 'おー）'), (1, '')]",False,True,3
143.127,144.328,85,（もっと踊(おど)ってたい）,"[(1, ''), (2, '（もっと踊(おど)ってたい）'), (1, '')]",True,False,3
142.926,143.127,85,（もっと踊(おど)ってたい）,"[(1, ''), (2, '（もっと踊(おど)ってた'), (3, 'い）'), (1, '')]",False,False,3
142.759,142.926,85,（もっと踊(おど)ってたい）,"[(1, ''), (2, '（もっと踊(おど)って'), (3, 'たい）'), (1, '')]",False,False,3
142.593,142.759,85,（もっと踊(おど)ってたい）,"[(1, ''), (2, '（もっと踊(おど)っ'), (3, 'てたい）'), (1, '')]",False,False,3
142.226,142.593,85,（もっと踊(おど)ってたい）,"[(1, ''), (2, '（もっと踊(おど)'), (3, 'ってたい）'), (1, '')]",False,False,3
141.892,142.226,85,（もっと踊(おど)ってたい）,"[(1, ''), (2, '（もっと'), (3, '踊(おど)ってたい）'), (1, '')]",False,False,3
141.725,141.892,85,（もっと踊(おど)ってたい）,"[(1, ''), (2, '（もっ'), (3, 'と踊(おど)ってたい）'), (1, '')]",False,False,3
141.558,141.725,85,（もっと踊(おど)ってたい）,"[(1, ''), (2, '（も'), (3, 'っと踊(おど)ってたい）'), (1, '')]",False,True,3
197.981,198.615,85,（オッケー！踊(おど)っちゃって）,"[(1, ''), (2, '（オッケー！踊(おど)っちゃって）'), (1, '')]",True,False,3
197.814,197.981,85,（オッケー！踊(おど)っちゃって）,"[(1, ''), (2, '（オッケー！踊(おど)っちゃっ'), (3, 'て）'), (1, '')]",False,False,3
197.614,197.814,85,（オッケー！踊(おど)っちゃって）,"[(1, ''), (2, '（オッケー！踊(おど)っちゃ'), (3, 'って）'), (1, '')]",False,False,3
197.481,197.614,85,（オッケー！踊(おど)っちゃって）,"[(1, ''), (2, '（オッケー！踊(おど)っ'), (3, 'ちゃって）'), (1, '')]",False,False,3
196.947,197.481,85,（オッケー！踊(おど)っちゃって）,"[(1, ''), (2, '（オッケー！踊(おど)'), (3, 'っちゃって）'), (1, '')]",False,False,3
196.78,196.947,85,（オッケー！踊(おど)っちゃって）,"[(1, ''), (2, '（オッケー！'), (3, '踊(おど)っちゃって）'), (1, '')]",False,False,3
196.613,196.78,85,（オッケー！踊(おど)っちゃって）,"[(1, ''), (2, '（オッケ'), (3, 'ー！踊(おど)っちゃって）'), (1, '')]",False,False,3
196.547,196.613,85,（オッケー！踊(おど)っちゃって）,"[(1, ''), (2, '（オッ'), (3, 'ケー！踊(おど)っちゃって）'), (1, '')]",False,False,3
196.446,196.547,85,（オッケー！踊(おど)っちゃって）,"[(1, ''), (2, '（オ'), (3, 'ッケー！踊(おど)っちゃって）'), (1, '')]",False,False,3
121.171,121.872,85,（オッケー！踊(おど)っちゃって）,"[(1, ''), (2, '（オッケー！踊(おど)っちゃって）'), (1, '')]",False,False,3
121.004,121.171,85,（オッケー！踊(おど)っちゃって）,"[(1, ''), (2, '（オッケー！踊(おど)っちゃっ'), (3, 'て）'), (1, '')]",False,False,3
120.838,121.004,85,（オッケー！踊(おど)っちゃって）,"[(1, ''), (2, '（オッケー！踊(おど)っちゃ'), (3, 'って）'), (1, '')]",False,False,3
120.671,120.838,85,（オッケー！踊(おど)っちゃって）,"[(1, ''), (2, '（オッケー！踊(おど)っ'), (3, 'ちゃって）'), (1, '')]",False,False,3
120.137,120.671,85,（オッケー！踊(おど)っちゃって）,"[(1, ''), (2, '（オッケー！踊(おど)'), (3, 'っちゃって）'), (1, '')]",False,False,3
119.97,120.137,85,（オッケー！踊(おど)っちゃって）,"[(1, ''), (2, '（オッケー！'), (3, '踊(おど)っちゃって）'), (1, '')]",False,False,3
119.803,119.97,85,（オッケー！踊(おど)っちゃって）,"[(1, ''), (2, '（オッケ'), (3, 'ー！踊(おど)っちゃって）'), (1, '')]",False,False,3
119.736,119.803,85,（オッケー！踊(おど)っちゃって）,"[(1, ''), (2, '（オッ'), (3, 'ケー！踊(おど)っちゃって）'), (1, '')]",False,False,3
119.636,119.736,85,（オッケー！踊(おど)っちゃって）,"[(1, ''), (2, '（オ'), (3, 'ッケー！踊(おど)っちゃって）'), (1, '')]",False,False,3
55.339,56.04,85,（オッケー！踊(おど)っちゃって）,"[(1, ''), (2, '（オッケー！踊(おど)っちゃって）'), (1, '')]",False,False,3
55.172,55.339,85,（オッケー！踊(おど)っちゃって）,"[(1, ''), (2, '（オッケー！踊(おど)っちゃっ'), (3, 'て）'), (1, '')]",False,False,3
54.972,55.172,85,（オッケー！踊(おど)っちゃって）,"[(1, ''), (2, '（オッケー！踊(おど)っちゃ'), (3, 'って）'), (1, '')]",False,False,3
54.838,54.972,85,（オッケー！踊(おど)っちゃって）,"[(1, ''), (2, '（オッケー！踊(おど)っ'), (3, 'ちゃって）'), (1, '')]",False,False,3
54.304,54.838,85,（オッケー！踊(おど)っちゃって）,"[(1, ''), (2, '（オッケー！踊(おど)'), (3, 'っちゃって）'), (1, '')]",False,False,3
54.138,54.304,85,（オッケー！踊(おど)っちゃって）,"[(1, ''), (2, '（オッケー！'), (3, '踊(おど)っちゃって）'), (1, '')]",False,False,3
53.971,54.138,85,（オッケー！踊(おど)っちゃって）,"[(1, ''), (2, '（オッケ'), (3, 'ー！踊(おど)っちゃって）'), (1, '')]",False,False,3
53.904,53.971,85,（オッケー！踊(おど)っちゃって）,"[(1, ''), (2, '（オッ'), (3, 'ケー！踊(おど)っちゃって）'), (1, '')]",False,False,3
53.804,53.904,85,（オッケー！踊(おど)っちゃって）,"[(1, ''), (2, '（オ'), (3, 'ッケー！踊(おど)っちゃって）'), (1, '')]",False,True,3
