start,end,line,unformatted,segments,ref_start,ref_end,common_number
1.819,2.052,-1,1.2.3.4.,"[(1, ''), (2, '1.2.3.4.'), (1, '')]",True,False,3
1.618,1.819,-1,1.2.3.4.,"[(1, ''), (2, '1.2.3.'), (3, '4.'), (1, '')]",False,False,3
1.385,1.618,-1,1.2.3.4.,"[(1, ''), (2, '1.2.'), (3, '3.4.'), (1, '')]",False,False,3
1.151,1.385,-1,1.2.3.4.,"[(1, ''), (2, '1.'), (3, '2.3.4.'), (1, '')]",False,True,3
12.296,12.73,-1,そこの君(きみ)幸(しあわ)せそうですね,"[(1, ''), (2, 'そこの君(きみ)幸(しあわ)せそうですね'), (1, '')]",True,False,3
12.062,12.296,-1,そこの君(きみ)幸(しあわ)せそうですね,"[(1, ''), (2, 'そこの君(きみ)幸(しあわ)せそうです'), (3, 'ね'), (1, '')]",False,False,3
11.862,12.062,-1,そこの君(きみ)幸(しあわ)せそうですね,"[(1, ''), (2, 'そこの君(きみ)幸(しあわ)せそうで'), (3, 'すね'), (1, '')]",False,False,3
11.628,11.862,-1,そこの君(きみ)幸(しあわ)せそうですね,"[(1, ''), (2, 'そこの君(きみ)幸(しあわ)せそう'), (3, 'ですね'), (1, '')]",False,False,3
11.395,11.628,-1,そこの君(きみ)幸(しあわ)せそうですね,"[(1, ''), (2, 'そこの君(きみ)幸(しあわ)せそ'), (3, 'うですね'), (1, '')]",False,False,3
11.161,11.395,-1,そこの君(きみ)幸(しあわ)せそうですね,"[(1, ''), (2, 'そこの君(きみ)幸(しあわ)せ'), (3, 'そうですね'), (1, '')]",False,False,3
10.694,11.161,-1,そこの君(きみ)幸(しあわ)せそうですね,"[(1, ''), (2, 'そこの君(きみ)幸(しあわ)'), (3, 'せそうですね'), (1, '')]",False,False,3
9.626,10.694,-1,そこの君(きみ)幸(しあわ)せそうですね,"[(1, ''), (2, 'そこの君(きみ)'), (3, '幸(しあわ)せそうですね'), (1, '')]",False,False,3
9.193,9.626,-1,そこの君(きみ)幸(しあわ)せそうですね,"[(1, ''), (2, 'そこの'), (3, '君(きみ)幸(しあわ)せそうですね'), (1, '')]",False,False,3
9.059,9.193,-1,そこの君(きみ)幸(しあわ)せそうですね,"[(1, ''), (2, 'そこ'), (3, 'の君(きみ)幸(しあわ)せそうですね'), (1, '')]",False,False,3
8.926,9.059,-1,そこの君(きみ)幸(しあわ)せそうですね,"[(1, ''), (2, 'そ'), (3, 'この君(きみ)幸(しあわ)せそうですね'), (1, '')]",False,True,3
69.153,69.62,-1,そこの君(きみ)浮(う)かれちゃってますね,"[(1, ''), (2, 'そこの君(きみ)浮(う)かれちゃってますね'), (1, '')]",True,False,3
68.952,69.153,-1,そこの君(きみ)浮(う)かれちゃってますね,"[(1, ''), (2, 'そこの君(きみ)浮(う)かれちゃってます'), (3, 'ね'), (1, '')]",False,False,3
68.719,68.952,-1,そこの君(きみ)浮(う)かれちゃってますね,"[(1, ''), (2, 'そこの君(きみ)浮(う)かれちゃってま'), (3, 'すね'), (1, '')]",False,False,3
68.485,68.719,-1,そこの君(きみ)浮(う)かれちゃってますね,"[(1, ''), (2, 'そこの君(きみ)浮(う)かれちゃって'), (3, 'ますね'), (1, '')]",False,False,3
68.285,68.485,-1,そこの君(きみ)浮(う)かれちゃってますね,"[(1, ''), (2, 'そこの君(きみ)浮(う)かれちゃっ'), (3, 'てますね'), (1, '')]",False,False,3
68.052,68.285,-1,そこの君(きみ)浮(う)かれちゃってますね,"[(1, ''), (2, 'そこの君(きみ)浮(う)かれちゃ'), (3, 'ってますね'), (1, '')]",False,False,3
67.818,68.052,-1,そこの君(きみ)浮(う)かれちゃってますね,"[(1, ''), (2, 'そこの君(きみ)浮(う)かれ'), (3, 'ちゃってますね'), (1, '')]",False,False,3
67.684,67.818,-1,そこの君(きみ)浮(う)かれちゃってますね,"[(1, ''), (2, 'そこの君(きみ)浮(う)か'), (3, 'れちゃってますね'), (1, '')]",False,False,3
67.584,67.684,-1,そこの君(きみ)浮(う)かれちゃってますね,"[(1, ''), (2, 'そこの君(きみ)浮(う)'), (3, 'かれちゃってますね'), (1, '')]",False,False,3
66.483,67.584,-1,そこの君(きみ)浮(う)かれちゃってますね,"[(1, ''), (2, 'そこの君(きみ)'), (3, '浮(う)かれちゃってますね'), (1, '')]",False,False,3
66.05,66.483,-1,そこの君(きみ)浮(う)かれちゃってますね,"[(1, ''), (2, 'そこの'), (3, '君(きみ)浮(う)かれちゃってますね'), (1, '')]",False,False,3
65.949,66.05,-1,そこの君(きみ)浮(う)かれちゃってますね,"[(1, ''), (2, 'そこ'), (3, 'の君(きみ)浮(う)かれちゃってますね'), (1, '')]",False,False,3
65.816,65.949,-1,そこの君(きみ)浮(う)かれちゃってますね,"[(1, ''), (2, 'そ'), (3, 'この君(きみ)浮(う)かれちゃってますね'), (1, '')]",False,True,3
15.399,16.066,-1,ウザい…占(うらな)いましょう,"[(1, ''), (2, 'ウザい…占(うらな)いましょう'), (1, '')]",True,False,3
15.165,15.399,-1,ウザい…占(うらな)いましょう,"[(1, ''), (2, 'ウザい…占(うらな)いましょ'), (3, 'う'), (1, '')]",False,False,3
14.965,15.165,-1,ウザい…占(うらな)いましょう,"[(1, ''), (2, 'ウザい…占(うらな)いま'), (3, 'しょう'), (1, '')]",False,False,3
14.732,14.965,-1,ウザい…占(うらな)いましょう,"[(1, ''), (2, 'ウザい…占(うらな)い'), (3, 'ましょう'), (1, '')]",False,False,3
14.298,14.732,-1,ウザい…占(うらな)いましょう,"[(1, ''), (2, 'ウザい…占(うらな)'), (3, 'いましょう'), (1, '')]",False,False,3
13.63,14.298,-1,ウザい…占(うらな)いましょう,"[(1, ''), (2, 'ウザい…'), (3, '占(うらな)いましょう'), (1, '')]",False,False,3
13.197,13.63,-1,ウザい…占(うらな)いましょう,"[(1, ''), (2, 'ウザ'), (3, 'い…占(うらな)いましょう'), (1, '')]",False,False,3
12.73,13.197,-1,ウザい…占(うらな)いましょう,"[(1, ''), (2, 'ウ'), (3, 'ザい…占(うらな)いましょう'), (1, '')]",False,True,3
111.962,112.262,-1,トイレの紙(かみ)がなくなります,"[(1, ''), (2, 'トイレの紙(かみ)がなくなります'), (1, '')]",True,False,3
111.829,111.962,-1,トイレの紙(かみ)がなくなります,"[(1, ''), (2, 'トイレの紙(かみ)がなくなりま'), (3, 'す'), (1, '')]",False,False,3
111.728,111.829,-1,トイレの紙(かみ)がなくなります,"[(1, ''), (2, 'トイレの紙(かみ)がなくなり'), (3, 'ます'), (1, '')]",False,False,3
111.595,111.728,-1,トイレの紙(かみ)がなくなります,"[(1, ''), (2, 'トイレの紙(かみ)がなくな'), (3, 'ります'), (1, '')]",False,False,3
111.495,111.595,-1,トイレの紙(かみ)がなくなります,"[(1, ''), (2, 'トイレの紙(かみ)がなく'), (3, 'なります'), (1, '')]",False,False,3
111.261,111.495,-1,トイレの紙(かみ)がなくなります,"[(1, ''), (2, 'トイレの紙(かみ)がな'), (3, 'くなります'), (1, '')]",False,False,3
111.161,111.261,-1,トイレの紙(かみ)がなくなります,"[(1, ''), (2, 'トイレの紙(かみ)が'), (3, 'なくなります'), (1, '')]",False,False,3
110.961,111.161,-1,トイレの紙(かみ)がなくなります,"[(1, ''), (2, 'トイレの紙(かみ)'), (3, 'がなくなります'), (1, '')]",False,False,3
110.861,110.961,-1,トイレの紙(かみ)がなくなります,"[(1, ''), (2, 'トイレの'), (3, '紙(かみ)がなくなります'), (1, '')]",False,False,3
110.727,110.861,-1,トイレの紙(かみ)がなくなります,"[(1, ''), (2, 'トイレ'), (3, 'の紙(かみ)がなくなります'), (1, '')]",False,False,3
110.594,110.727,-1,トイレの紙(かみ)がなくなります,"[(1, ''), (2, 'トイ'), (3, 'レの紙(かみ)がなくなります'), (1, '')]",False,False,3
110.494,110.594,-1,トイレの紙(かみ)がなくなります,"[(1, ''), (2, 'ト'), (3, 'イレの紙(かみ)がなくなります'), (1, '')]",False,True,3
171.989,172.222,-1,ベー,"[(1, ''), (2, 'ベー'), (1, '')]",True,False,3
171.755,171.989,-1,ベー,"[(1, ''), (2, 'ベ'), (3, 'ー'), (1, '')]",False,False,3
58.742,58.942,-1,ベー,"[(1, ''), (2, 'ベー'), (1, '')]",False,False,3
58.509,58.742,-1,ベー,"[(1, ''), (2, 'ベ'), (3, 'ー'), (1, '')]",False,True,3
164.214,165.115,-1,マンガドラマ騙(だま)されないで,"[(1, ''), (2, 'マンガドラマ騙(だま)されないで'), (1, '')]",True,False,3
163.947,164.214,-1,マンガドラマ騙(だま)されないで,"[(1, ''), (2, 'マンガドラマ騙(だま)されない'), (3, 'で'), (1, '')]",False,False,3
163.747,163.947,-1,マンガドラマ騙(だま)されないで,"[(1, ''), (2, 'マンガドラマ騙(だま)されな'), (3, 'いで'), (1, '')]",False,False,3
163.547,163.747,-1,マンガドラマ騙(だま)されないで,"[(1, ''), (2, 'マンガドラマ騙(だま)され'), (3, 'ないで'), (1, '')]",False,False,3
163.313,163.547,-1,マンガドラマ騙(だま)されないで,"[(1, ''), (2, 'マンガドラマ騙(だま)さ'), (3, 'れないで'), (1, '')]",False,False,3
163.08,163.313,-1,マンガドラマ騙(だま)されないで,"[(1, ''), (2, 'マンガドラマ騙(だま)'), (3, 'されないで'), (1, '')]",False,False,3
162.412,163.08,-1,マンガドラマ騙(だま)されないで,"[(1, ''), (2, 'マンガドラマ'), (3, '騙(だま)されないで'), (1, '')]",False,False,3
162.312,162.412,-1,マンガドラマ騙(だま)されないで,"[(1, ''), (2, 'マンガドラ'), (3, 'マ騙(だま)されないで'), (1, '')]",False,False,3
162.212,162.312,-1,マンガドラマ騙(だま)されないで,"[(1, ''), (2, 'マンガド'), (3, 'ラマ騙(だま)されないで'), (1, '')]",False,False,3
161.545,162.212,-1,マンガドラマ騙(だま)されないで,"[(1, ''), (2, 'マンガ'), (3, 'ドラマ騙(だま)されないで'), (1, '')]",False,False,3
161.411,161.545,-1,マンガドラマ騙(だま)されないで,"[(1, ''), (2, 'マン'), (3, 'ガドラマ騙(だま)されないで'), (1, '')]",False,False,3
161.311,161.411,-1,マンガドラマ騙(だま)されないで,"[(1, ''), (2, 'マ'), (3, 'ンガドラマ騙(だま)されないで'), (1, '')]",False,False,3
50.968,51.835,-1,マンガドラマ騙(だま)されないで,"[(1, ''), (2, 'マンガドラマ騙(だま)されないで'), (1, '')]",False,False,3
50.701,50.968,-1,マンガドラマ騙(だま)されないで,"[(1, ''), (2, 'マンガドラマ騙(だま)されない'), (3, 'で'), (1, '')]",False,False,3
50.501,50.701,-1,マンガドラマ騙(だま)されないで,"[(1, ''), (2, 'マンガドラマ騙(だま)されな'), (3, 'いで'), (1, '')]",False,False,3
50.3,50.501,-1,マンガドラマ騙(だま)されないで,"[(1, ''), (2, 'マンガドラマ騙(だま)され'), (3, 'ないで'), (1, '')]",False,False,3
50.067,50.3,-1,マンガドラマ騙(だま)されないで,"[(1, ''), (2, 'マンガドラマ騙(だま)さ'), (3, 'れないで'), (1, '')]",False,False,3
49.833,50.067,-1,マンガドラマ騙(だま)されないで,"[(1, ''), (2, 'マンガドラマ騙(だま)'), (3, 'されないで'), (1, '')]",False,False,3
49.166,49.833,-1,マンガドラマ騙(だま)されないで,"[(1, ''), (2, 'マンガドラマ'), (3, '騙(だま)されないで'), (1, '')]",False,False,3
49.066,49.166,-1,マンガドラマ騙(だま)されないで,"[(1, ''), (2, 'マンガドラ'), (3, 'マ騙(だま)されないで'), (1, '')]",False,False,3
48.966,49.066,-1,マンガドラマ騙(だま)されないで,"[(1, ''), (2, 'マンガド'), (3, 'ラマ騙(だま)されないで'), (1, '')]",False,False,3
48.298,48.966,-1,マンガドラマ騙(だま)されないで,"[(1, ''), (2, 'マンガ'), (3, 'ドラマ騙(だま)されないで'), (1, '')]",False,False,3
48.165,48.298,-1,マンガドラマ騙(だま)されないで,"[(1, ''), (2, 'マン'), (3, 'ガドラマ騙(だま)されないで'), (1, '')]",False,False,3
48.065,48.165,-1,マンガドラマ騙(だま)されないで,"[(1, ''), (2, 'マ'), (3, 'ンガドラマ騙(だま)されないで'), (1, '')]",False,True,3
28.712,30.714,-1,ヤンキーさんたちも,"[(1, ''), (2, 'ヤンキーさんたちも'), (1, '')]",True,False,3
28.479,28.712,-1,ヤンキーさんたちも,"[(1, ''), (2, 'ヤンキーさんたち'), (3, 'も'), (1, '')]",False,False,3
28.178,28.479,-1,ヤンキーさんたちも,"[(1, ''), (2, 'ヤンキーさんた'), (3, 'ちも'), (1, '')]",False,False,3
28.012,28.178,-1,ヤンキーさんたちも,"[(1, ''), (2, 'ヤンキーさん'), (3, 'たちも'), (1, '')]",False,False,3
27.845,28.012,-1,ヤンキーさんたちも,"[(1, ''), (2, 'ヤンキーさ'), (3, 'んたちも'), (1, '')]",False,False,3
27.511,27.845,-1,ヤンキーさんたちも,"[(1, ''), (2, 'ヤンキー'), (3, 'さんたちも'), (1, '')]",False,False,3
27.411,27.511,-1,ヤンキーさんたちも,"[(1, ''), (2, 'ヤンキ'), (3, 'ーさんたちも'), (1, '')]",False,False,3
27.277,27.411,-1,ヤンキーさんたちも,"[(1, ''), (2, 'ヤン'), (3, 'キーさんたちも'), (1, '')]",False,False,3
27.177,27.277,-1,ヤンキーさんたちも,"[(1, ''), (2, 'ヤ'), (3, 'ンキーさんたちも'), (1, '')]",False,True,3
157.107,157.774,-1,ラブもキュンもまぼろしだから,"[(1, ''), (2, 'ラブもキュンもまぼろしだから'), (1, '')]",True,False,3
156.874,157.107,-1,ラブもキュンもまぼろしだから,"[(1, ''), (2, 'ラブもキュンもまぼろしだか'), (3, 'ら'), (1, '')]",False,False,3
156.64,156.874,-1,ラブもキュンもまぼろしだから,"[(1, ''), (2, 'ラブもキュンもまぼろしだ'), (3, 'から'), (1, '')]",False,False,3
156.44,156.64,-1,ラブもキュンもまぼろしだから,"[(1, ''), (2, 'ラブもキュンもまぼろし'), (3, 'だから'), (1, '')]",False,False,3
156.206,156.44,-1,ラブもキュンもまぼろしだから,"[(1, ''), (2, 'ラブもキュンもまぼろ'), (3, 'しだから'), (1, '')]",False,False,3
156.073,156.206,-1,ラブもキュンもまぼろしだから,"[(1, ''), (2, 'ラブもキュンもまぼ'), (3, 'ろしだから'), (1, '')]",False,False,3
155.939,156.073,-1,ラブもキュンもまぼろしだから,"[(1, ''), (2, 'ラブもキュンもま'), (3, 'ぼろしだから'), (1, '')]",False,False,3
155.305,155.939,-1,ラブもキュンもまぼろしだから,"[(1, ''), (2, 'ラブもキュンも'), (3, 'まぼろしだから'), (1, '')]",False,False,3
155.205,155.305,-1,ラブもキュンもまぼろしだから,"[(1, ''), (2, 'ラブもキュン'), (3, 'もまぼろしだから'), (1, '')]",False,False,3
155.072,155.205,-1,ラブもキュンもまぼろしだから,"[(1, ''), (2, 'ラブもキュ'), (3, 'ンもまぼろしだから'), (1, '')]",False,False,3
154.438,155.072,-1,ラブもキュンもまぼろしだから,"[(1, ''), (2, 'ラブも'), (3, 'キュンもまぼろしだから'), (1, '')]",False,False,3
154.304,154.438,-1,ラブもキュンもまぼろしだから,"[(1, ''), (2, 'ラブ'), (3, 'もキュンもまぼろしだから'), (1, '')]",False,False,3
154.204,154.304,-1,ラブもキュンもまぼろしだから,"[(1, ''), (2, 'ラ'), (3, 'ブもキュンもまぼろしだから'), (1, '')]",False,False,3
43.861,44.495,-1,ラブもキュンもまぼろしだから,"[(1, ''), (2, 'ラブもキュンもまぼろしだから'), (1, '')]",False,False,3
43.627,43.861,-1,ラブもキュンもまぼろしだから,"[(1, ''), (2, 'ラブもキュンもまぼろしだか'), (3, 'ら'), (1, '')]",False,False,3
43.394,43.627,-1,ラブもキュンもまぼろしだから,"[(1, ''), (2, 'ラブもキュンもまぼろしだ'), (3, 'から'), (1, '')]",False,False,3
43.193,43.394,-1,ラブもキュンもまぼろしだから,"[(1, ''), (2, 'ラブもキュンもまぼろし'), (3, 'だから'), (1, '')]",False,False,3
42.96,43.193,-1,ラブもキュンもまぼろしだから,"[(1, ''), (2, 'ラブもキュンもまぼろ'), (3, 'しだから'), (1, '')]",False,False,3
42.826,42.96,-1,ラブもキュンもまぼろしだから,"[(1, ''), (2, 'ラブもキュンもまぼ'), (3, 'ろしだから'), (1, '')]",False,False,3
42.693,42.826,-1,ラブもキュンもまぼろしだから,"[(1, ''), (2, 'ラブもキュンもま'), (3, 'ぼろしだから'), (1, '')]",False,False,3
42.059,42.693,-1,ラブもキュンもまぼろしだから,"[(1, ''), (2, 'ラブもキュンも'), (3, 'まぼろしだから'), (1, '')]",False,False,3
41.959,42.059,-1,ラブもキュンもまぼろしだから,"[(1, ''), (2, 'ラブもキュン'), (3, 'もまぼろしだから'), (1, '')]",False,False,3
41.825,41.959,-1,ラブもキュンもまぼろしだから,"[(1, ''), (2, 'ラブもキュ'), (3, 'ンもまぼろしだから'), (1, '')]",False,False,3
41.191,41.825,-1,ラブもキュンもまぼろしだから,"[(1, ''), (2, 'ラブも'), (3, 'キュンもまぼろしだから'), (1, '')]",False,False,3
41.058,41.191,-1,ラブもキュンもまぼろしだから,"[(1, ''), (2, 'ラブ'), (3, 'もキュンもまぼろしだから'), (1, '')]",False,False,3
40.958,41.058,-1,ラブもキュンもまぼろしだから,"[(1, ''), (2, 'ラ'), (3, 'ブもキュンもまぼろしだから'), (1, '')]",False,True,3
79.396,80.497,-1,リア充(じゅう)★撲(ぼく)滅(めつ)運(うん)動(どう),"[(1, ''), (2, 'リア充(じゅう)★撲(ぼく)滅(めつ)運(うん)動(どう)'), (1, '')]",True,False,3
78.962,79.396,-1,リア充(じゅう)★撲(ぼく)滅(めつ)運(うん)動(どう),"[(1, ''), (2, 'リア充(じゅう)★撲(ぼく)滅(めつ)運(うん)'), (3, '動(どう)'), (1, '')]",False,False,3
78.495,78.962,-1,リア充(じゅう)★撲(ぼく)滅(めつ)運(うん)動(どう),"[(1, ''), (2, 'リア充(じゅう)★撲(ぼく)滅(めつ)'), (3, '運(うん)動(どう)'), (1, '')]",False,False,3
78.262,78.495,-1,リア充(じゅう)★撲(ぼく)滅(めつ)運(うん)動(どう),"[(1, ''), (2, 'リア充(じゅう)★撲(ぼく)'), (3, '滅(めつ)運(うん)動(どう)'), (1, '')]",False,False,3
77.594,78.262,-1,リア充(じゅう)★撲(ぼく)滅(めつ)運(うん)動(どう),"[(1, ''), (2, 'リア充(じゅう)★'), (3, '撲(ぼく)滅(めつ)運(うん)動(どう)'), (1, '')]",False,False,3
77.161,77.594,-1,リア充(じゅう)★撲(ぼく)滅(めつ)運(うん)動(どう),"[(1, ''), (2, 'リア'), (3, '充(じゅう)★撲(ぼく)滅(めつ)運(うん)動(どう)'), (1, '')]",False,False,3
76.727,77.161,-1,リア充(じゅう)★撲(ぼく)滅(めつ)運(うん)動(どう),"[(1, ''), (2, 'リ'), (3, 'ア充(じゅう)★撲(ぼく)滅(めつ)運(うん)動(どう)'), (1, '')]",False,False,3
22.506,23.607,-1,リア充(じゅう)★撲(ぼく)滅(めつ)運(うん)動(どう),"[(1, ''), (2, 'リア充(じゅう)★撲(ぼく)滅(めつ)運(うん)動(どう)'), (1, '')]",False,False,3
22.072,22.506,-1,リア充(じゅう)★撲(ぼく)滅(めつ)運(うん)動(どう),"[(1, ''), (2, 'リア充(じゅう)★撲(ぼく)滅(めつ)運(うん)'), (3, '動(どう)'), (1, '')]",False,False,3
21.605,22.072,-1,リア充(じゅう)★撲(ぼく)滅(めつ)運(うん)動(どう),"[(1, ''), (2, 'リア充(じゅう)★撲(ぼく)滅(めつ)'), (3, '運(うん)動(どう)'), (1, '')]",False,False,3
21.372,21.605,-1,リア充(じゅう)★撲(ぼく)滅(めつ)運(うん)動(どう),"[(1, ''), (2, 'リア充(じゅう)★撲(ぼく)'), (3, '滅(めつ)運(うん)動(どう)'), (1, '')]",False,False,3
20.738,21.372,-1,リア充(じゅう)★撲(ぼく)滅(めつ)運(うん)動(どう),"[(1, ''), (2, 'リア充(じゅう)★'), (3, '撲(ぼく)滅(めつ)運(うん)動(どう)'), (1, '')]",False,False,3
20.27,20.738,-1,リア充(じゅう)★撲(ぼく)滅(めつ)運(うん)動(どう),"[(1, ''), (2, 'リア'), (3, '充(じゅう)★撲(ぼく)滅(めつ)運(うん)動(どう)'), (1, '')]",False,False,3
19.837,20.27,-1,リア充(じゅう)★撲(ぼく)滅(めつ)運(うん)動(どう),"[(1, ''), (2, 'リ'), (3, 'ア充(じゅう)★撲(ぼく)滅(めつ)運(うん)動(どう)'), (1, '')]",False,True,3
2.052,8.926,0,リア充★撲滅運動／紫咲シオン,"[(1, ''), (2, 'リア充★撲滅運動／紫咲シオン'), (1, '')]",True,True,0
19.636,19.837,-1,不(ふ)吉(きつ)な相(そう)が私(わたし)には見(み)えてます,"[(1, ''), (2, '不(ふ)吉(きつ)な相(そう)が私(わたし)には見(み)えてます'), (1, '')]",True,False,3
19.403,19.636,-1,不(ふ)吉(きつ)な相(そう)が私(わたし)には見(み)えてます,"[(1, ''), (2, '不(ふ)吉(きつ)な相(そう)が私(わたし)には見(み)えてま'), (3, 'す'), (1, '')]",False,False,3
19.203,19.403,-1,不(ふ)吉(きつ)な相(そう)が私(わたし)には見(み)えてます,"[(1, ''), (2, '不(ふ)吉(きつ)な相(そう)が私(わたし)には見(み)えて'), (3, 'ます'), (1, '')]",False,False,3
18.969,19.203,-1,不(ふ)吉(きつ)な相(そう)が私(わたし)には見(み)えてます,"[(1, ''), (2, '不(ふ)吉(きつ)な相(そう)が私(わたし)には見(み)え'), (3, 'てます'), (1, '')]",False,False,3
18.736,18.969,-1,不(ふ)吉(きつ)な相(そう)が私(わたし)には見(み)えてます,"[(1, ''), (2, '不(ふ)吉(きつ)な相(そう)が私(わたし)には見(み)'), (3, 'えてます'), (1, '')]",False,False,3
18.502,18.736,-1,不(ふ)吉(きつ)な相(そう)が私(わたし)には見(み)えてます,"[(1, ''), (2, '不(ふ)吉(きつ)な相(そう)が私(わたし)には'), (3, '見(み)えてます'), (1, '')]",False,False,3
18.302,18.502,-1,不(ふ)吉(きつ)な相(そう)が私(わたし)には見(み)えてます,"[(1, ''), (2, '不(ふ)吉(きつ)な相(そう)が私(わたし)に'), (3, 'は見(み)えてます'), (1, '')]",False,False,3
17.868,18.302,-1,不(ふ)吉(きつ)な相(そう)が私(わたし)には見(み)えてます,"[(1, ''), (2, '不(ふ)吉(きつ)な相(そう)が私(わたし)'), (3, 'には見(み)えてます'), (1, '')]",False,False,3
17.201,17.868,-1,不(ふ)吉(きつ)な相(そう)が私(わたし)には見(み)えてます,"[(1, ''), (2, '不(ふ)吉(きつ)な相(そう)が'), (3, '私(わたし)には見(み)えてます'), (1, '')]",False,False,3
16.734,17.201,-1,不(ふ)吉(きつ)な相(そう)が私(わたし)には見(み)えてます,"[(1, ''), (2, '不(ふ)吉(きつ)な相(そう)'), (3, 'が私(わたし)には見(み)えてます'), (1, '')]",False,False,3
16.533,16.734,-1,不(ふ)吉(きつ)な相(そう)が私(わたし)には見(み)えてます,"[(1, ''), (2, '不(ふ)吉(きつ)な'), (3, '相(そう)が私(わたし)には見(み)えてます'), (1, '')]",False,False,3
16.2,16.533,-1,不(ふ)吉(きつ)な相(そう)が私(わたし)には見(み)えてます,"[(1, ''), (2, '不(ふ)吉(きつ)'), (3, 'な相(そう)が私(わたし)には見(み)えてます'), (1, '')]",False,False,3
16.066,16.2,-1,不(ふ)吉(きつ)な相(そう)が私(わたし)には見(み)えてます,"[(1, ''), (2, '不(ふ)'), (3, '吉(きつ)な相(そう)が私(わたし)には見(み)えてます'), (1, '')]",False,True,3
90.941,91.809,-1,何卒(なにとぞ)お力(ちから)添(ぞ)えを,"[(1, ''), (2, '何卒(なにとぞ)お力(ちから)添(ぞ)えを'), (1, '')]",True,False,3
90.507,90.941,-1,何卒(なにとぞ)お力(ちから)添(ぞ)えを,"[(1, ''), (2, '何卒(なにとぞ)お力(ちから)添(ぞ)え'), (3, 'を'), (1, '')]",False,False,3
90.04,90.507,-1,何卒(なにとぞ)お力(ちから)添(ぞ)えを,"[(1, ''), (2, '何卒(なにとぞ)お力(ちから)添(ぞ)'), (3, 'えを'), (1, '')]",False,False,3
88.872,90.04,-1,何卒(なにとぞ)お力(ちから)添(ぞ)えを,"[(1, ''), (2, '何卒(なにとぞ)お力(ちから)'), (3, '添(ぞ)えを'), (1, '')]",False,False,3
88.605,88.872,-1,何卒(なにとぞ)お力(ちから)添(ぞ)えを,"[(1, ''), (2, '何卒(なにとぞ)お'), (3, '力(ちから)添(ぞ)えを'), (1, '')]",False,False,3
87.604,88.605,-1,何卒(なにとぞ)お力(ちから)添(ぞ)えを,"[(1, ''), (2, '何卒(なにとぞ)'), (3, 'お力(ちから)添(ぞ)えを'), (1, '')]",False,True,3
3.821,5.622,-1,作曲：honeyworks,"[(1, ''), (2, '作曲：honeyworks'), (1, '')]",True,True,0
2.052,3.821,-1,作詞：honeyworksmarumochi,"[(1, ''), (2, '作詞：honeyworksmarumochi'), (1, '')]",True,True,0
82.066,84.068,-1,保(ほ)護(ご)者(しゃ)さんも,"[(1, ''), (2, '保(ほ)護(ご)者(しゃ)さんも'), (1, '')]",True,False,3
81.799,82.066,-1,保(ほ)護(ご)者(しゃ)さんも,"[(1, ''), (2, '保(ほ)護(ご)者(しゃ)さん'), (3, 'も'), (1, '')]",False,False,3
81.498,81.799,-1,保(ほ)護(ご)者(しゃ)さんも,"[(1, ''), (2, '保(ほ)護(ご)者(しゃ)さ'), (3, 'んも'), (1, '')]",False,False,3
81.165,81.498,-1,保(ほ)護(ご)者(しゃ)さんも,"[(1, ''), (2, '保(ほ)護(ご)者(しゃ)'), (3, 'さんも'), (1, '')]",False,False,3
80.731,81.165,-1,保(ほ)護(ご)者(しゃ)さんも,"[(1, ''), (2, '保(ほ)護(ご)'), (3, '者(しゃ)さんも'), (1, '')]",False,False,3
80.497,80.731,-1,保(ほ)護(ご)者(しゃ)さんも,"[(1, ''), (2, '保(ほ)'), (3, '護(ご)者(しゃ)さんも'), (1, '')]",False,True,3
25.175,27.177,-1,優(ゆう)等(とう)生(せい)たちも,"[(1, ''), (2, '優(ゆう)等(とう)生(せい)たちも'), (1, '')]",True,False,3
24.908,25.175,-1,優(ゆう)等(とう)生(せい)たちも,"[(1, ''), (2, '優(ゆう)等(とう)生(せい)たち'), (3, 'も'), (1, '')]",False,False,3
24.608,24.908,-1,優(ゆう)等(とう)生(せい)たちも,"[(1, ''), (2, '優(ゆう)等(とう)生(せい)た'), (3, 'ちも'), (1, '')]",False,False,3
24.274,24.608,-1,優(ゆう)等(とう)生(せい)たちも,"[(1, ''), (2, '優(ゆう)等(とう)生(せい)'), (3, 'たちも'), (1, '')]",False,False,3
23.841,24.274,-1,優(ゆう)等(とう)生(せい)たちも,"[(1, ''), (2, '優(ゆう)等(とう)'), (3, '生(せい)たちも'), (1, '')]",False,False,3
23.607,23.841,-1,優(ゆう)等(とう)生(せい)たちも,"[(1, ''), (2, '優(ゆう)'), (3, '等(とう)生(せい)たちも'), (1, '')]",False,True,3
34.051,34.952,-1,共(とも)に力(ちから)を合(あ)わせよ,"[(1, ''), (2, '共(とも)に力(ちから)を合(あ)わせよ'), (1, '')]",True,False,3
33.617,34.051,-1,共(とも)に力(ちから)を合(あ)わせよ,"[(1, ''), (2, '共(とも)に力(ちから)を合(あ)わせ'), (3, 'よ'), (1, '')]",False,False,3
33.15,33.617,-1,共(とも)に力(ちから)を合(あ)わせよ,"[(1, ''), (2, '共(とも)に力(ちから)を合(あ)わ'), (3, 'せよ'), (1, '')]",False,False,3
32.716,33.15,-1,共(とも)に力(ちから)を合(あ)わせよ,"[(1, ''), (2, '共(とも)に力(ちから)を合(あ)'), (3, 'わせよ'), (1, '')]",False,False,3
32.282,32.716,-1,共(とも)に力(ちから)を合(あ)わせよ,"[(1, ''), (2, '共(とも)に力(ちから)を'), (3, '合(あ)わせよ'), (1, '')]",False,False,3
31.348,32.282,-1,共(とも)に力(ちから)を合(あ)わせよ,"[(1, ''), (2, '共(とも)に力(ちから)'), (3, 'を合(あ)わせよ'), (1, '')]",False,False,3
31.148,31.348,-1,共(とも)に力(ちから)を合(あ)わせよ,"[(1, ''), (2, '共(とも)に'), (3, '力(ちから)を合(あ)わせよ'), (1, '')]",False,False,3
30.714,31.148,-1,共(とも)に力(ちから)を合(あ)わせよ,"[(1, ''), (2, '共(とも)'), (3, 'に力(ちから)を合(あ)わせよ'), (1, '')]",False,True,3
72.456,72.956,-1,危(き)険(けん)！お祓(はら)いしましょう,"[(1, ''), (2, '危(き)険(けん)！お祓(はら)いしましょう'), (1, '')]",True,False,3
72.289,72.456,-1,危(き)険(けん)！お祓(はら)いしましょう,"[(1, ''), (2, '危(き)険(けん)！お祓(はら)いしましょ'), (3, 'う'), (1, '')]",False,False,3
72.056,72.289,-1,危(き)険(けん)！お祓(はら)いしましょう,"[(1, ''), (2, '危(き)険(けん)！お祓(はら)いしま'), (3, 'しょう'), (1, '')]",False,False,3
71.822,72.056,-1,危(き)険(けん)！お祓(はら)いしましょう,"[(1, ''), (2, '危(き)険(けん)！お祓(はら)いし'), (3, 'ましょう'), (1, '')]",False,False,3
71.588,71.822,-1,危(き)険(けん)！お祓(はら)いしましょう,"[(1, ''), (2, '危(き)険(けん)！お祓(はら)い'), (3, 'しましょう'), (1, '')]",False,False,3
71.255,71.588,-1,危(き)険(けん)！お祓(はら)いしましょう,"[(1, ''), (2, '危(き)険(けん)！お祓(はら)'), (3, 'いしましょう'), (1, '')]",False,False,3
71.155,71.255,-1,危(き)険(けん)！お祓(はら)いしましょう,"[(1, ''), (2, '危(き)険(けん)！お'), (3, '祓(はら)いしましょう'), (1, '')]",False,False,3
70.054,71.155,-1,危(き)険(けん)！お祓(はら)いしましょう,"[(1, ''), (2, '危(き)険(けん)！'), (3, 'お祓(はら)いしましょう'), (1, '')]",False,False,3
69.62,70.054,-1,危(き)険(けん)！お祓(はら)いしましょう,"[(1, ''), (2, '危(き)'), (3, '険(けん)！お祓(はら)いしましょう'), (1, '')]",False,True,3
121.839,122.706,-1,君(きみ)のために言(い)ってます,"[(1, ''), (2, '君(きみ)のために言(い)ってます'), (1, '')]",True,False,3
121.572,121.839,-1,君(きみ)のために言(い)ってます,"[(1, ''), (2, '君(きみ)のために言(い)ってま'), (3, 'す'), (1, '')]",False,False,3
121.238,121.572,-1,君(きみ)のために言(い)ってます,"[(1, ''), (2, '君(きみ)のために言(い)って'), (3, 'ます'), (1, '')]",False,False,3
121.105,121.238,-1,君(きみ)のために言(い)ってます,"[(1, ''), (2, '君(きみ)のために言(い)っ'), (3, 'てます'), (1, '')]",False,False,3
120.971,121.105,-1,君(きみ)のために言(い)ってます,"[(1, ''), (2, '君(きみ)のために言(い)'), (3, 'ってます'), (1, '')]",False,False,3
120.704,120.971,-1,君(きみ)のために言(い)ってます,"[(1, ''), (2, '君(きみ)のために'), (3, '言(い)ってます'), (1, '')]",False,False,3
120.404,120.704,-1,君(きみ)のために言(い)ってます,"[(1, ''), (2, '君(きみ)のため'), (3, 'に言(い)ってます'), (1, '')]",False,False,3
120.104,120.404,-1,君(きみ)のために言(い)ってます,"[(1, ''), (2, '君(きみ)のた'), (3, 'めに言(い)ってます'), (1, '')]",False,False,3
119.837,120.104,-1,君(きみ)のために言(い)ってます,"[(1, ''), (2, '君(きみ)の'), (3, 'ために言(い)ってます'), (1, '')]",False,False,3
119.269,119.837,-1,君(きみ)のために言(い)ってます,"[(1, ''), (2, '君(きみ)'), (3, 'のために言(い)ってます'), (1, '')]",False,True,3
170.854,171.755,-1,君(きみ)の未(み)来(らい)は真(ま)っ暗(くら)★,"[(1, ''), (2, '君(きみ)の未(み)来(らい)は真(ま)っ暗(くら)★'), (1, '')]",True,False,3
170.42,170.854,-1,君(きみ)の未(み)来(らい)は真(ま)っ暗(くら)★,"[(1, ''), (2, '君(きみ)の未(み)来(らい)は真(ま)っ'), (3, '暗(くら)★'), (1, '')]",False,False,3
170.187,170.42,-1,君(きみ)の未(み)来(らい)は真(ま)っ暗(くら)★,"[(1, ''), (2, '君(きみ)の未(み)来(らい)は真(ま)'), (3, 'っ暗(くら)★'), (1, '')]",False,False,3
169.987,170.187,-1,君(きみ)の未(み)来(らい)は真(ま)っ暗(くら)★,"[(1, ''), (2, '君(きみ)の未(み)来(らい)は'), (3, '真(ま)っ暗(くら)★'), (1, '')]",False,False,3
169.553,169.987,-1,君(きみ)の未(み)来(らい)は真(ま)っ暗(くら)★,"[(1, ''), (2, '君(きみ)の未(み)来(らい)'), (3, 'は真(ま)っ暗(くら)★'), (1, '')]",False,False,3
169.319,169.553,-1,君(きみ)の未(み)来(らい)は真(ま)っ暗(くら)★,"[(1, ''), (2, '君(きみ)の未(み)'), (3, '来(らい)は真(ま)っ暗(くら)★'), (1, '')]",False,False,3
169.086,169.319,-1,君(きみ)の未(み)来(らい)は真(ま)っ暗(くら)★,"[(1, ''), (2, '君(きみ)の'), (3, '未(み)来(らい)は真(ま)っ暗(くら)★'), (1, '')]",False,False,3
168.652,169.086,-1,君(きみ)の未(み)来(らい)は真(ま)っ暗(くら)★,"[(1, ''), (2, '君(きみ)'), (3, 'の未(み)来(らい)は真(ま)っ暗(くら)★'), (1, '')]",False,False,3
114.465,115.833,-1,君(きみ)の未(み)来(らい)は真(ま)っ暗(くら)★,"[(1, ''), (2, '君(きみ)の未(み)来(らい)は真(ま)っ暗(くら)★'), (1, '')]",False,False,3
114.031,114.465,-1,君(きみ)の未(み)来(らい)は真(ま)っ暗(くら)★,"[(1, ''), (2, '君(きみ)の未(み)来(らい)は真(ま)っ'), (3, '暗(くら)★'), (1, '')]",False,False,3
113.797,114.031,-1,君(きみ)の未(み)来(らい)は真(ま)っ暗(くら)★,"[(1, ''), (2, '君(きみ)の未(み)来(らい)は真(ま)'), (3, 'っ暗(くら)★'), (1, '')]",False,False,3
113.597,113.797,-1,君(きみ)の未(み)来(らい)は真(ま)っ暗(くら)★,"[(1, ''), (2, '君(きみ)の未(み)来(らい)は'), (3, '真(ま)っ暗(くら)★'), (1, '')]",False,False,3
113.163,113.597,-1,君(きみ)の未(み)来(らい)は真(ま)っ暗(くら)★,"[(1, ''), (2, '君(きみ)の未(み)来(らい)'), (3, 'は真(ま)っ暗(くら)★'), (1, '')]",False,False,3
112.93,113.163,-1,君(きみ)の未(み)来(らい)は真(ま)っ暗(くら)★,"[(1, ''), (2, '君(きみ)の未(み)'), (3, '来(らい)は真(ま)っ暗(くら)★'), (1, '')]",False,False,3
112.696,112.93,-1,君(きみ)の未(み)来(らい)は真(ま)っ暗(くら)★,"[(1, ''), (2, '君(きみ)の'), (3, '未(み)来(らい)は真(ま)っ暗(くら)★'), (1, '')]",False,False,3
112.262,112.696,-1,君(きみ)の未(み)来(らい)は真(ま)っ暗(くら)★,"[(1, ''), (2, '君(きみ)'), (3, 'の未(み)来(らい)は真(ま)っ暗(くら)★'), (1, '')]",False,False,3
57.641,58.509,-1,君(きみ)の未(み)来(らい)は真(ま)っ暗(くら)★,"[(1, ''), (2, '君(きみ)の未(み)来(らい)は真(ま)っ暗(くら)★'), (1, '')]",False,False,3
57.174,57.641,-1,君(きみ)の未(み)来(らい)は真(ま)っ暗(くら)★,"[(1, ''), (2, '君(きみ)の未(み)来(らい)は真(ま)っ'), (3, '暗(くら)★'), (1, '')]",False,False,3
56.974,57.174,-1,君(きみ)の未(み)来(らい)は真(ま)っ暗(くら)★,"[(1, ''), (2, '君(きみ)の未(み)来(らい)は真(ま)'), (3, 'っ暗(くら)★'), (1, '')]",False,False,3
56.74,56.974,-1,君(きみ)の未(み)来(らい)は真(ま)っ暗(くら)★,"[(1, ''), (2, '君(きみ)の未(み)来(らい)は'), (3, '真(ま)っ暗(くら)★'), (1, '')]",False,False,3
56.306,56.74,-1,君(きみ)の未(み)来(らい)は真(ま)っ暗(くら)★,"[(1, ''), (2, '君(きみ)の未(み)来(らい)'), (3, 'は真(ま)っ暗(くら)★'), (1, '')]",False,False,3
56.073,56.306,-1,君(きみ)の未(み)来(らい)は真(ま)っ暗(くら)★,"[(1, ''), (2, '君(きみ)の未(み)'), (3, '来(らい)は真(ま)っ暗(くら)★'), (1, '')]",False,False,3
55.839,56.073,-1,君(きみ)の未(み)来(らい)は真(ま)っ暗(くら)★,"[(1, ''), (2, '君(きみ)の'), (3, '未(み)来(らい)は真(ま)っ暗(くら)★'), (1, '')]",False,False,3
55.406,55.839,-1,君(きみ)の未(み)来(らい)は真(ま)っ暗(くら)★,"[(1, ''), (2, '君(きみ)'), (3, 'の未(み)来(らい)は真(ま)っ暗(くら)★'), (1, '')]",False,True,3
128.712,129.146,-1,君(きみ)はずっと仲(なか)間(ま)だ,"[(1, ''), (2, '君(きみ)はずっと仲(なか)間(ま)だ'), (1, '')]",True,False,3
128.412,128.712,-1,君(きみ)はずっと仲(なか)間(ま)だ,"[(1, ''), (2, '君(きみ)はずっと仲(なか)間(ま)'), (3, 'だ'), (1, '')]",False,False,3
127.845,128.412,-1,君(きみ)はずっと仲(なか)間(ま)だ,"[(1, ''), (2, '君(きみ)はずっと仲(なか)'), (3, '間(ま)だ'), (1, '')]",False,False,3
127.578,127.845,-1,君(きみ)はずっと仲(なか)間(ま)だ,"[(1, ''), (2, '君(きみ)はずっと'), (3, '仲(なか)間(ま)だ'), (1, '')]",False,False,3
127.277,127.578,-1,君(きみ)はずっと仲(なか)間(ま)だ,"[(1, ''), (2, '君(きみ)はずっ'), (3, 'と仲(なか)間(ま)だ'), (1, '')]",False,False,3
127.01,127.277,-1,君(きみ)はずっと仲(なか)間(ま)だ,"[(1, ''), (2, '君(きみ)はず'), (3, 'っと仲(なか)間(ま)だ'), (1, '')]",False,False,3
126.71,127.01,-1,君(きみ)はずっと仲(なか)間(ま)だ,"[(1, ''), (2, '君(きみ)は'), (3, 'ずっと仲(なか)間(ま)だ'), (1, '')]",False,False,3
126.143,126.71,-1,君(きみ)はずっと仲(なか)間(ま)だ,"[(1, ''), (2, '君(きみ)'), (3, 'はずっと仲(なか)間(ま)だ'), (1, '')]",False,True,3
125.275,126.143,-1,妬(ねた)みなんかじゃないよ,"[(1, ''), (2, '妬(ねた)みなんかじゃないよ'), (1, '')]",True,False,3
125.008,125.275,-1,妬(ねた)みなんかじゃないよ,"[(1, ''), (2, '妬(ねた)みなんかじゃない'), (3, 'よ'), (1, '')]",False,False,3
124.708,125.008,-1,妬(ねた)みなんかじゃないよ,"[(1, ''), (2, '妬(ねた)みなんかじゃな'), (3, 'いよ'), (1, '')]",False,False,3
124.408,124.708,-1,妬(ねた)みなんかじゃないよ,"[(1, ''), (2, '妬(ねた)みなんかじゃ'), (3, 'ないよ'), (1, '')]",False,False,3
124.141,124.408,-1,妬(ねた)みなんかじゃないよ,"[(1, ''), (2, '妬(ねた)みなんか'), (3, 'じゃないよ'), (1, '')]",False,False,3
123.841,124.141,-1,妬(ねた)みなんかじゃないよ,"[(1, ''), (2, '妬(ねた)みなん'), (3, 'かじゃないよ'), (1, '')]",False,False,3
123.574,123.841,-1,妬(ねた)みなんかじゃないよ,"[(1, ''), (2, '妬(ねた)みな'), (3, 'んかじゃないよ'), (1, '')]",False,False,3
123.273,123.574,-1,妬(ねた)みなんかじゃないよ,"[(1, ''), (2, '妬(ねた)み'), (3, 'なんかじゃないよ'), (1, '')]",False,False,3
122.706,123.273,-1,妬(ねた)みなんかじゃないよ,"[(1, ''), (2, '妬(ねた)'), (3, 'みなんかじゃないよ'), (1, '')]",False,True,3
160.878,161.311,-1,恋(こい)できないんじゃない！しないんです！,"[(1, ''), (2, '恋(こい)できないんじゃない！しないんです！'), (1, '')]",True,False,3
160.677,160.878,-1,恋(こい)できないんじゃない！しないんです！,"[(1, ''), (2, '恋(こい)できないんじゃない！しないんで'), (3, 'す！'), (1, '')]",False,False,3
160.444,160.677,-1,恋(こい)できないんじゃない！しないんです！,"[(1, ''), (2, '恋(こい)できないんじゃない！しないん'), (3, 'です！'), (1, '')]",False,False,3
160.11,160.444,-1,恋(こい)できないんじゃない！しないんです！,"[(1, ''), (2, '恋(こい)できないんじゃない！しない'), (3, 'んです！'), (1, '')]",False,False,3
160.01,160.11,-1,恋(こい)できないんじゃない！しないんです！,"[(1, ''), (2, '恋(こい)できないんじゃない！しな'), (3, 'いんです！'), (1, '')]",False,False,3
159.776,160.01,-1,恋(こい)できないんじゃない！しないんです！,"[(1, ''), (2, '恋(こい)できないんじゃない！し'), (3, 'ないんです！'), (1, '')]",False,False,3
159.543,159.776,-1,恋(こい)できないんじゃない！しないんです！,"[(1, ''), (2, '恋(こい)できないんじゃない！'), (3, 'しないんです！'), (1, '')]",False,False,3
159.309,159.543,-1,恋(こい)できないんじゃない！しないんです！,"[(1, ''), (2, '恋(こい)できないんじゃな'), (3, 'い！しないんです！'), (1, '')]",False,False,3
159.109,159.309,-1,恋(こい)できないんじゃない！しないんです！,"[(1, ''), (2, '恋(こい)できないんじゃ'), (3, 'ない！しないんです！'), (1, '')]",False,False,3
158.876,159.109,-1,恋(こい)できないんじゃない！しないんです！,"[(1, ''), (2, '恋(こい)できないん'), (3, 'じゃない！しないんです！'), (1, '')]",False,False,3
158.675,158.876,-1,恋(こい)できないんじゃない！しないんです！,"[(1, ''), (2, '恋(こい)できない'), (3, 'んじゃない！しないんです！'), (1, '')]",False,False,3
158.442,158.675,-1,恋(こい)できないんじゃない！しないんです！,"[(1, ''), (2, '恋(こい)できな'), (3, 'いんじゃない！しないんです！'), (1, '')]",False,False,3
158.208,158.442,-1,恋(こい)できないんじゃない！しないんです！,"[(1, ''), (2, '恋(こい)でき'), (3, 'ないんじゃない！しないんです！'), (1, '')]",False,False,3
158.008,158.208,-1,恋(こい)できないんじゃない！しないんです！,"[(1, ''), (2, '恋(こい)で'), (3, 'きないんじゃない！しないんです！'), (1, '')]",False,False,3
157.774,158.008,-1,恋(こい)できないんじゃない！しないんです！,"[(1, ''), (2, '恋(こい)'), (3, 'できないんじゃない！しないんです！'), (1, '')]",False,False,3
104.488,104.922,-1,恋(こい)できないんじゃない！しないんです！,"[(1, ''), (2, '恋(こい)できないんじゃない！しないんです！'), (1, '')]",False,False,3
104.288,104.488,-1,恋(こい)できないんじゃない！しないんです！,"[(1, ''), (2, '恋(こい)できないんじゃない！しないんで'), (3, 'す！'), (1, '')]",False,False,3
104.054,104.288,-1,恋(こい)できないんじゃない！しないんです！,"[(1, ''), (2, '恋(こい)できないんじゃない！しないん'), (3, 'です！'), (1, '')]",False,False,3
103.72,104.054,-1,恋(こい)できないんじゃない！しないんです！,"[(1, ''), (2, '恋(こい)できないんじゃない！しない'), (3, 'んです！'), (1, '')]",False,False,3
103.62,103.72,-1,恋(こい)できないんじゃない！しないんです！,"[(1, ''), (2, '恋(こい)できないんじゃない！しな'), (3, 'いんです！'), (1, '')]",False,False,3
103.387,103.62,-1,恋(こい)できないんじゃない！しないんです！,"[(1, ''), (2, '恋(こい)できないんじゃない！し'), (3, 'ないんです！'), (1, '')]",False,False,3
103.153,103.387,-1,恋(こい)できないんじゃない！しないんです！,"[(1, ''), (2, '恋(こい)できないんじゃない！'), (3, 'しないんです！'), (1, '')]",False,False,3
102.92,103.153,-1,恋(こい)できないんじゃない！しないんです！,"[(1, ''), (2, '恋(こい)できないんじゃな'), (3, 'い！しないんです！'), (1, '')]",False,False,3
102.719,102.92,-1,恋(こい)できないんじゃない！しないんです！,"[(1, ''), (2, '恋(こい)できないんじゃ'), (3, 'ない！しないんです！'), (1, '')]",False,False,3
102.486,102.719,-1,恋(こい)できないんじゃない！しないんです！,"[(1, ''), (2, '恋(こい)できないん'), (3, 'じゃない！しないんです！'), (1, '')]",False,False,3
102.286,102.486,-1,恋(こい)できないんじゃない！しないんです！,"[(1, ''), (2, '恋(こい)できない'), (3, 'んじゃない！しないんです！'), (1, '')]",False,False,3
102.052,102.286,-1,恋(こい)できないんじゃない！しないんです！,"[(1, ''), (2, '恋(こい)できな'), (3, 'いんじゃない！しないんです！'), (1, '')]",False,False,3
101.819,102.052,-1,恋(こい)できないんじゃない！しないんです！,"[(1, ''), (2, '恋(こい)でき'), (3, 'ないんじゃない！しないんです！'), (1, '')]",False,False,3
101.618,101.819,-1,恋(こい)できないんじゃない！しないんです！,"[(1, ''), (2, '恋(こい)で'), (3, 'きないんじゃない！しないんです！'), (1, '')]",False,False,3
101.385,101.618,-1,恋(こい)できないんじゃない！しないんです！,"[(1, ''), (2, '恋(こい)'), (3, 'できないんじゃない！しないんです！'), (1, '')]",False,False,3
47.598,48.065,-1,恋(こい)できないんじゃない！しないんです！,"[(1, ''), (2, '恋(こい)できないんじゃない！しないんです！'), (1, '')]",False,False,3
47.398,47.598,-1,恋(こい)できないんじゃない！しないんです！,"[(1, ''), (2, '恋(こい)できないんじゃない！しないんで'), (3, 'す！'), (1, '')]",False,False,3
47.164,47.398,-1,恋(こい)できないんじゃない！しないんです！,"[(1, ''), (2, '恋(こい)できないんじゃない！しないん'), (3, 'です！'), (1, '')]",False,False,3
46.864,47.164,-1,恋(こい)できないんじゃない！しないんです！,"[(1, ''), (2, '恋(こい)できないんじゃない！しない'), (3, 'んです！'), (1, '')]",False,False,3
46.73,46.864,-1,恋(こい)できないんじゃない！しないんです！,"[(1, ''), (2, '恋(こい)できないんじゃない！しな'), (3, 'いんです！'), (1, '')]",False,False,3
46.497,46.73,-1,恋(こい)できないんじゃない！しないんです！,"[(1, ''), (2, '恋(こい)できないんじゃない！し'), (3, 'ないんです！'), (1, '')]",False,False,3
46.263,46.497,-1,恋(こい)できないんじゃない！しないんです！,"[(1, ''), (2, '恋(こい)できないんじゃない！'), (3, 'しないんです！'), (1, '')]",False,False,3
46.063,46.263,-1,恋(こい)できないんじゃない！しないんです！,"[(1, ''), (2, '恋(こい)できないんじゃな'), (3, 'い！しないんです！'), (1, '')]",False,False,3
45.829,46.063,-1,恋(こい)できないんじゃない！しないんです！,"[(1, ''), (2, '恋(こい)できないんじゃ'), (3, 'ない！しないんです！'), (1, '')]",False,False,3
45.596,45.829,-1,恋(こい)できないんじゃない！しないんです！,"[(1, ''), (2, '恋(こい)できないん'), (3, 'じゃない！しないんです！'), (1, '')]",False,False,3
45.396,45.596,-1,恋(こい)できないんじゃない！しないんです！,"[(1, ''), (2, '恋(こい)できない'), (3, 'んじゃない！しないんです！'), (1, '')]",False,False,3
45.162,45.396,-1,恋(こい)できないんじゃない！しないんです！,"[(1, ''), (2, '恋(こい)できな'), (3, 'いんじゃない！しないんです！'), (1, '')]",False,False,3
44.928,45.162,-1,恋(こい)できないんじゃない！しないんです！,"[(1, ''), (2, '恋(こい)でき'), (3, 'ないんじゃない！しないんです！'), (1, '')]",False,False,3
44.728,44.928,-1,恋(こい)できないんじゃない！しないんです！,"[(1, ''), (2, '恋(こい)で'), (3, 'きないんじゃない！しないんです！'), (1, '')]",False,False,3
44.495,44.728,-1,恋(こい)できないんじゃない！しないんです！,"[(1, ''), (2, '恋(こい)'), (3, 'できないんじゃない！しないんです！'), (1, '')]",False,True,3
139.356,140.023,-1,恋(こい)なんて陰(いん)キャが夢(ゆめ)見(み)ちゃったら,"[(1, ''), (2, '恋(こい)なんて陰(いん)キャが夢(ゆめ)見(み)ちゃったら'), (1, '')]",True,False,3
139.123,139.356,-1,恋(こい)なんて陰(いん)キャが夢(ゆめ)見(み)ちゃったら,"[(1, ''), (2, '恋(こい)なんて陰(いん)キャが夢(ゆめ)見(み)ちゃった'), (3, 'ら'), (1, '')]",False,False,3
138.822,139.123,-1,恋(こい)なんて陰(いん)キャが夢(ゆめ)見(み)ちゃったら,"[(1, ''), (2, '恋(こい)なんて陰(いん)キャが夢(ゆめ)見(み)ちゃ'), (3, 'ったら'), (1, '')]",False,False,3
138.689,138.822,-1,恋(こい)なんて陰(いん)キャが夢(ゆめ)見(み)ちゃったら,"[(1, ''), (2, '恋(こい)なんて陰(いん)キャが夢(ゆめ)見(み)'), (3, 'ちゃったら'), (1, '')]",False,False,3
138.222,138.689,-1,恋(こい)なんて陰(いん)キャが夢(ゆめ)見(み)ちゃったら,"[(1, ''), (2, '恋(こい)なんて陰(いん)キャが夢(ゆめ)'), (3, '見(み)ちゃったら'), (1, '')]",False,False,3
138.021,138.222,-1,恋(こい)なんて陰(いん)キャが夢(ゆめ)見(み)ちゃったら,"[(1, ''), (2, '恋(こい)なんて陰(いん)キャが'), (3, '夢(ゆめ)見(み)ちゃったら'), (1, '')]",False,False,3
137.788,138.021,-1,恋(こい)なんて陰(いん)キャが夢(ゆめ)見(み)ちゃったら,"[(1, ''), (2, '恋(こい)なんて陰(いん)キャ'), (3, 'が夢(ゆめ)見(み)ちゃったら'), (1, '')]",False,False,3
137.321,137.788,-1,恋(こい)なんて陰(いん)キャが夢(ゆめ)見(み)ちゃったら,"[(1, ''), (2, '恋(こい)なんて陰(いん)'), (3, 'キャが夢(ゆめ)見(み)ちゃったら'), (1, '')]",False,False,3
137.121,137.321,-1,恋(こい)なんて陰(いん)キャが夢(ゆめ)見(み)ちゃったら,"[(1, ''), (2, '恋(こい)なんて'), (3, '陰(いん)キャが夢(ゆめ)見(み)ちゃったら'), (1, '')]",False,False,3
136.887,137.121,-1,恋(こい)なんて陰(いん)キャが夢(ゆめ)見(み)ちゃったら,"[(1, ''), (2, '恋(こい)なん'), (3, 'て陰(いん)キャが夢(ゆめ)見(み)ちゃったら'), (1, '')]",False,False,3
136.687,136.887,-1,恋(こい)なんて陰(いん)キャが夢(ゆめ)見(み)ちゃったら,"[(1, ''), (2, '恋(こい)な'), (3, 'んて陰(いん)キャが夢(ゆめ)見(み)ちゃったら'), (1, '')]",False,False,3
136.453,136.687,-1,恋(こい)なんて陰(いん)キャが夢(ゆめ)見(み)ちゃったら,"[(1, ''), (2, '恋(こい)'), (3, 'なんて陰(いん)キャが夢(ゆめ)見(み)ちゃったら'), (1, '')]",False,True,3
153.537,154.204,-1,恋(こい)なんて陰(いん)キャが夢(ゆめ)見(み)ちゃダメ！,"[(1, ''), (2, '恋(こい)なんて陰(いん)キャが夢(ゆめ)見(み)ちゃダメ！'), (1, '')]",True,False,3
153.303,153.537,-1,恋(こい)なんて陰(いん)キャが夢(ゆめ)見(み)ちゃダメ！,"[(1, ''), (2, '恋(こい)なんて陰(いん)キャが夢(ゆめ)見(み)ちゃダ'), (3, 'メ！'), (1, '')]",False,False,3
152.97,153.303,-1,恋(こい)なんて陰(いん)キャが夢(ゆめ)見(み)ちゃダメ！,"[(1, ''), (2, '恋(こい)なんて陰(いん)キャが夢(ゆめ)見(み)ちゃ'), (3, 'ダメ！'), (1, '')]",False,False,3
152.87,152.97,-1,恋(こい)なんて陰(いん)キャが夢(ゆめ)見(み)ちゃダメ！,"[(1, ''), (2, '恋(こい)なんて陰(いん)キャが夢(ゆめ)見(み)'), (3, 'ちゃダメ！'), (1, '')]",False,False,3
152.436,152.87,-1,恋(こい)なんて陰(いん)キャが夢(ゆめ)見(み)ちゃダメ！,"[(1, ''), (2, '恋(こい)なんて陰(いん)キャが夢(ゆめ)'), (3, '見(み)ちゃダメ！'), (1, '')]",False,False,3
152.202,152.436,-1,恋(こい)なんて陰(いん)キャが夢(ゆめ)見(み)ちゃダメ！,"[(1, ''), (2, '恋(こい)なんて陰(いん)キャが'), (3, '夢(ゆめ)見(み)ちゃダメ！'), (1, '')]",False,False,3
152.002,152.202,-1,恋(こい)なんて陰(いん)キャが夢(ゆめ)見(み)ちゃダメ！,"[(1, ''), (2, '恋(こい)なんて陰(いん)キャ'), (3, 'が夢(ゆめ)見(み)ちゃダメ！'), (1, '')]",False,False,3
151.535,152.002,-1,恋(こい)なんて陰(いん)キャが夢(ゆめ)見(み)ちゃダメ！,"[(1, ''), (2, '恋(こい)なんて陰(いん)'), (3, 'キャが夢(ゆめ)見(み)ちゃダメ！'), (1, '')]",False,False,3
151.335,151.535,-1,恋(こい)なんて陰(いん)キャが夢(ゆめ)見(み)ちゃダメ！,"[(1, ''), (2, '恋(こい)なんて'), (3, '陰(いん)キャが夢(ゆめ)見(み)ちゃダメ！'), (1, '')]",False,False,3
151.101,151.335,-1,恋(こい)なんて陰(いん)キャが夢(ゆめ)見(み)ちゃダメ！,"[(1, ''), (2, '恋(こい)なん'), (3, 'て陰(いん)キャが夢(ゆめ)見(み)ちゃダメ！'), (1, '')]",False,False,3
150.868,151.101,-1,恋(こい)なんて陰(いん)キャが夢(ゆめ)見(み)ちゃダメ！,"[(1, ''), (2, '恋(こい)な'), (3, 'んて陰(いん)キャが夢(ゆめ)見(み)ちゃダメ！'), (1, '')]",False,False,3
150.667,150.868,-1,恋(こい)なんて陰(いん)キャが夢(ゆめ)見(み)ちゃダメ！,"[(1, ''), (2, '恋(こい)'), (3, 'なんて陰(いん)キャが夢(ゆめ)見(み)ちゃダメ！'), (1, '')]",False,False,3
40.29,40.958,-1,恋(こい)なんて陰(いん)キャが夢(ゆめ)見(み)ちゃダメ！,"[(1, ''), (2, '恋(こい)なんて陰(いん)キャが夢(ゆめ)見(み)ちゃダメ！'), (1, '')]",False,False,3
40.057,40.29,-1,恋(こい)なんて陰(いん)キャが夢(ゆめ)見(み)ちゃダメ！,"[(1, ''), (2, '恋(こい)なんて陰(いん)キャが夢(ゆめ)見(み)ちゃダ'), (3, 'メ！'), (1, '')]",False,False,3
39.723,40.057,-1,恋(こい)なんて陰(いん)キャが夢(ゆめ)見(み)ちゃダメ！,"[(1, ''), (2, '恋(こい)なんて陰(いん)キャが夢(ゆめ)見(み)ちゃ'), (3, 'ダメ！'), (1, '')]",False,False,3
39.623,39.723,-1,恋(こい)なんて陰(いん)キャが夢(ゆめ)見(み)ちゃダメ！,"[(1, ''), (2, '恋(こい)なんて陰(いん)キャが夢(ゆめ)見(み)'), (3, 'ちゃダメ！'), (1, '')]",False,False,3
39.156,39.623,-1,恋(こい)なんて陰(いん)キャが夢(ゆめ)見(み)ちゃダメ！,"[(1, ''), (2, '恋(こい)なんて陰(いん)キャが夢(ゆめ)'), (3, '見(み)ちゃダメ！'), (1, '')]",False,False,3
38.956,39.156,-1,恋(こい)なんて陰(いん)キャが夢(ゆめ)見(み)ちゃダメ！,"[(1, ''), (2, '恋(こい)なんて陰(いん)キャが'), (3, '夢(ゆめ)見(み)ちゃダメ！'), (1, '')]",False,False,3
38.722,38.956,-1,恋(こい)なんて陰(いん)キャが夢(ゆめ)見(み)ちゃダメ！,"[(1, ''), (2, '恋(こい)なんて陰(いん)キャ'), (3, 'が夢(ゆめ)見(み)ちゃダメ！'), (1, '')]",False,False,3
38.255,38.722,-1,恋(こい)なんて陰(いん)キャが夢(ゆめ)見(み)ちゃダメ！,"[(1, ''), (2, '恋(こい)なんて陰(いん)'), (3, 'キャが夢(ゆめ)見(み)ちゃダメ！'), (1, '')]",False,False,3
38.055,38.255,-1,恋(こい)なんて陰(いん)キャが夢(ゆめ)見(み)ちゃダメ！,"[(1, ''), (2, '恋(こい)なんて'), (3, '陰(いん)キャが夢(ゆめ)見(み)ちゃダメ！'), (1, '')]",False,False,3
37.821,38.055,-1,恋(こい)なんて陰(いん)キャが夢(ゆめ)見(み)ちゃダメ！,"[(1, ''), (2, '恋(こい)なん'), (3, 'て陰(いん)キャが夢(ゆめ)見(み)ちゃダメ！'), (1, '')]",False,False,3
37.621,37.821,-1,恋(こい)なんて陰(いん)キャが夢(ゆめ)見(み)ちゃダメ！,"[(1, ''), (2, '恋(こい)な'), (3, 'んて陰(いん)キャが夢(ゆめ)見(み)ちゃダメ！'), (1, '')]",False,False,3
37.388,37.621,-1,恋(こい)なんて陰(いん)キャが夢(ゆめ)見(み)ちゃダメ！,"[(1, ''), (2, '恋(こい)'), (3, 'なんて陰(いん)キャが夢(ゆめ)見(み)ちゃダメ！'), (1, '')]",False,True,3
97.147,97.815,-1,恋(こい)なんて陰(いん)キャが手(て)出(だ)しちゃダメ！,"[(1, ''), (2, '恋(こい)なんて陰(いん)キャが手(て)出(だ)しちゃダメ！'), (1, '')]",True,False,3
96.914,97.147,-1,恋(こい)なんて陰(いん)キャが手(て)出(だ)しちゃダメ！,"[(1, ''), (2, '恋(こい)なんて陰(いん)キャが手(て)出(だ)しちゃダ'), (3, 'メ！'), (1, '')]",False,False,3
96.613,96.914,-1,恋(こい)なんて陰(いん)キャが手(て)出(だ)しちゃダメ！,"[(1, ''), (2, '恋(こい)なんて陰(いん)キャが手(て)出(だ)しちゃ'), (3, 'ダメ！'), (1, '')]",False,False,3
96.48,96.613,-1,恋(こい)なんて陰(いん)キャが手(て)出(だ)しちゃダメ！,"[(1, ''), (2, '恋(こい)なんて陰(いん)キャが手(て)出(だ)し'), (3, 'ちゃダメ！'), (1, '')]",False,False,3
96.246,96.48,-1,恋(こい)なんて陰(いん)キャが手(て)出(だ)しちゃダメ！,"[(1, ''), (2, '恋(こい)なんて陰(いん)キャが手(て)出(だ)'), (3, 'しちゃダメ！'), (1, '')]",False,False,3
96.046,96.246,-1,恋(こい)なんて陰(いん)キャが手(て)出(だ)しちゃダメ！,"[(1, ''), (2, '恋(こい)なんて陰(いん)キャが手(て)'), (3, '出(だ)しちゃダメ！'), (1, '')]",False,False,3
95.813,96.046,-1,恋(こい)なんて陰(いん)キャが手(て)出(だ)しちゃダメ！,"[(1, ''), (2, '恋(こい)なんて陰(いん)キャが'), (3, '手(て)出(だ)しちゃダメ！'), (1, '')]",False,False,3
95.612,95.813,-1,恋(こい)なんて陰(いん)キャが手(て)出(だ)しちゃダメ！,"[(1, ''), (2, '恋(こい)なんて陰(いん)キャ'), (3, 'が手(て)出(だ)しちゃダメ！'), (1, '')]",False,False,3
95.145,95.612,-1,恋(こい)なんて陰(いん)キャが手(て)出(だ)しちゃダメ！,"[(1, ''), (2, '恋(こい)なんて陰(いん)'), (3, 'キャが手(て)出(だ)しちゃダメ！'), (1, '')]",False,False,3
94.945,95.145,-1,恋(こい)なんて陰(いん)キャが手(て)出(だ)しちゃダメ！,"[(1, ''), (2, '恋(こい)なんて'), (3, '陰(いん)キャが手(て)出(だ)しちゃダメ！'), (1, '')]",False,False,3
94.711,94.945,-1,恋(こい)なんて陰(いん)キャが手(て)出(だ)しちゃダメ！,"[(1, ''), (2, '恋(こい)なん'), (3, 'て陰(いん)キャが手(て)出(だ)しちゃダメ！'), (1, '')]",False,False,3
94.478,94.711,-1,恋(こい)なんて陰(いん)キャが手(て)出(だ)しちゃダメ！,"[(1, ''), (2, '恋(こい)な'), (3, 'んて陰(いん)キャが手(て)出(だ)しちゃダメ！'), (1, '')]",False,False,3
94.278,94.478,-1,恋(こい)なんて陰(いん)キャが手(て)出(だ)しちゃダメ！,"[(1, ''), (2, '恋(こい)'), (3, 'なんて陰(いん)キャが手(て)出(だ)しちゃダメ！'), (1, '')]",False,True,3
149.7,150.667,-1,恋(こい)は恋(こい)はダメーー！！,"[(1, ''), (2, '恋(こい)は恋(こい)はダメーー！！'), (1, '')]",True,False,3
149.399,149.7,-1,恋(こい)は恋(こい)はダメーー！！,"[(1, ''), (2, '恋(こい)は恋(こい)はダメー'), (3, 'ー！！'), (1, '')]",False,False,3
149.133,149.399,-1,恋(こい)は恋(こい)はダメーー！！,"[(1, ''), (2, '恋(こい)は恋(こい)はダメ'), (3, 'ーー！！'), (1, '')]",False,False,3
148.899,149.133,-1,恋(こい)は恋(こい)はダメーー！！,"[(1, ''), (2, '恋(こい)は恋(こい)はダ'), (3, 'メーー！！'), (1, '')]",False,False,3
148.232,148.899,-1,恋(こい)は恋(こい)はダメーー！！,"[(1, ''), (2, '恋(こい)は恋(こい)は'), (3, 'ダメーー！！'), (1, '')]",False,False,3
147.998,148.232,-1,恋(こい)は恋(こい)はダメーー！！,"[(1, ''), (2, '恋(こい)は恋(こい)'), (3, 'はダメーー！！'), (1, '')]",False,False,3
147.364,147.998,-1,恋(こい)は恋(こい)はダメーー！！,"[(1, ''), (2, '恋(こい)は'), (3, '恋(こい)はダメーー！！'), (1, '')]",False,False,3
147.097,147.364,-1,恋(こい)は恋(こい)はダメーー！！,"[(1, ''), (2, '恋(こい)'), (3, 'は恋(こい)はダメーー！！'), (1, '')]",False,True,3
118.402,119.269,-1,憧(あこが)れちゃうの分(わ)かるけど,"[(1, ''), (2, '憧(あこが)れちゃうの分(わ)かるけど'), (1, '')]",True,False,3
118.135,118.402,-1,憧(あこが)れちゃうの分(わ)かるけど,"[(1, ''), (2, '憧(あこが)れちゃうの分(わ)かるけ'), (3, 'ど'), (1, '')]",False,False,3
117.835,118.135,-1,憧(あこが)れちゃうの分(わ)かるけど,"[(1, ''), (2, '憧(あこが)れちゃうの分(わ)かる'), (3, 'けど'), (1, '')]",False,False,3
117.568,117.835,-1,憧(あこが)れちゃうの分(わ)かるけど,"[(1, ''), (2, '憧(あこが)れちゃうの分(わ)か'), (3, 'るけど'), (1, '')]",False,False,3
117.267,117.568,-1,憧(あこが)れちゃうの分(わ)かるけど,"[(1, ''), (2, '憧(あこが)れちゃうの分(わ)'), (3, 'かるけど'), (1, '')]",False,False,3
117.0,117.267,-1,憧(あこが)れちゃうの分(わ)かるけど,"[(1, ''), (2, '憧(あこが)れちゃうの'), (3, '分(わ)かるけど'), (1, '')]",False,False,3
116.867,117.0,-1,憧(あこが)れちゃうの分(わ)かるけど,"[(1, ''), (2, '憧(あこが)れちゃう'), (3, 'の分(わ)かるけど'), (1, '')]",False,False,3
116.667,116.867,-1,憧(あこが)れちゃうの分(わ)かるけど,"[(1, ''), (2, '憧(あこが)れちゃ'), (3, 'うの分(わ)かるけど'), (1, '')]",False,False,3
116.4,116.667,-1,憧(あこが)れちゃうの分(わ)かるけど,"[(1, ''), (2, '憧(あこが)れ'), (3, 'ちゃうの分(わ)かるけど'), (1, '')]",False,False,3
115.833,116.4,-1,憧(あこが)れちゃうの分(わ)かるけど,"[(1, ''), (2, '憧(あこが)'), (3, 'れちゃうの分(わ)かるけど'), (1, '')]",False,True,3
166.683,166.884,-1,明日(あした)うんち踏(ふ)んづけます！,"[(1, ''), (2, '明日(あした)うんち踏(ふ)んづけます！'), (1, '')]",True,False,3
166.45,166.683,-1,明日(あした)うんち踏(ふ)んづけます！,"[(1, ''), (2, '明日(あした)うんち踏(ふ)んづけま'), (3, 'す！'), (1, '')]",False,False,3
166.216,166.45,-1,明日(あした)うんち踏(ふ)んづけます！,"[(1, ''), (2, '明日(あした)うんち踏(ふ)んづけ'), (3, 'ます！'), (1, '')]",False,False,3
166.116,166.216,-1,明日(あした)うんち踏(ふ)んづけます！,"[(1, ''), (2, '明日(あした)うんち踏(ふ)んづ'), (3, 'けます！'), (1, '')]",False,False,3
166.016,166.116,-1,明日(あした)うんち踏(ふ)んづけます！,"[(1, ''), (2, '明日(あした)うんち踏(ふ)ん'), (3, 'づけます！'), (1, '')]",False,False,3
165.883,166.016,-1,明日(あした)うんち踏(ふ)んづけます！,"[(1, ''), (2, '明日(あした)うんち踏(ふ)'), (3, 'んづけます！'), (1, '')]",False,False,3
165.782,165.883,-1,明日(あした)うんち踏(ふ)んづけます！,"[(1, ''), (2, '明日(あした)うんち'), (3, '踏(ふ)んづけます！'), (1, '')]",False,False,3
165.682,165.782,-1,明日(あした)うんち踏(ふ)んづけます！,"[(1, ''), (2, '明日(あした)うん'), (3, 'ち踏(ふ)んづけます！'), (1, '')]",False,False,3
165.549,165.682,-1,明日(あした)うんち踏(ふ)んづけます！,"[(1, ''), (2, '明日(あした)う'), (3, 'んち踏(ふ)んづけます！'), (1, '')]",False,False,3
165.115,165.549,-1,明日(あした)うんち踏(ふ)んづけます！,"[(1, ''), (2, '明日(あした)'), (3, 'うんち踏(ふ)んづけます！'), (1, '')]",False,False,3
53.404,53.604,-1,明日(あした)うんち踏(ふ)んづけます！,"[(1, ''), (2, '明日(あした)うんち踏(ふ)んづけます！'), (1, '')]",False,False,3
53.17,53.404,-1,明日(あした)うんち踏(ふ)んづけます！,"[(1, ''), (2, '明日(あした)うんち踏(ふ)んづけま'), (3, 'す！'), (1, '')]",False,False,3
52.97,53.17,-1,明日(あした)うんち踏(ふ)んづけます！,"[(1, ''), (2, '明日(あした)うんち踏(ふ)んづけ'), (3, 'ます！'), (1, '')]",False,False,3
52.87,52.97,-1,明日(あした)うんち踏(ふ)んづけます！,"[(1, ''), (2, '明日(あした)うんち踏(ふ)んづ'), (3, 'けます！'), (1, '')]",False,False,3
52.736,52.87,-1,明日(あした)うんち踏(ふ)んづけます！,"[(1, ''), (2, '明日(あした)うんち踏(ふ)ん'), (3, 'づけます！'), (1, '')]",False,False,3
52.603,52.736,-1,明日(あした)うんち踏(ふ)んづけます！,"[(1, ''), (2, '明日(あした)うんち踏(ふ)'), (3, 'んづけます！'), (1, '')]",False,False,3
52.503,52.603,-1,明日(あした)うんち踏(ふ)んづけます！,"[(1, ''), (2, '明日(あした)うんち'), (3, '踏(ふ)んづけます！'), (1, '')]",False,False,3
52.403,52.503,-1,明日(あした)うんち踏(ふ)んづけます！,"[(1, ''), (2, '明日(あした)うん'), (3, 'ち踏(ふ)んづけます！'), (1, '')]",False,False,3
52.269,52.403,-1,明日(あした)うんち踏(ふ)んづけます！,"[(1, ''), (2, '明日(あした)う'), (3, 'んち踏(ふ)んづけます！'), (1, '')]",False,False,3
51.835,52.269,-1,明日(あした)うんち踏(ふ)んづけます！,"[(1, ''), (2, '明日(あした)'), (3, 'うんち踏(ふ)んづけます！'), (1, '')]",False,True,3
85.636,87.604,-1,校(こう)長(ちょう)先(せん)生(せい)も,"[(1, ''), (2, '校(こう)長(ちょう)先(せん)生(せい)も'), (1, '')]",True,False,3
85.069,85.636,-1,校(こう)長(ちょう)先(せん)生(せい)も,"[(1, ''), (2, '校(こう)長(ちょう)先(せん)生(せい)'), (3, 'も'), (1, '')]",False,False,3
84.735,85.069,-1,校(こう)長(ちょう)先(せん)生(せい)も,"[(1, ''), (2, '校(こう)長(ちょう)先(せん)'), (3, '生(せい)も'), (1, '')]",False,False,3
84.301,84.735,-1,校(こう)長(ちょう)先(せん)生(せい)も,"[(1, ''), (2, '校(こう)長(ちょう)'), (3, '先(せん)生(せい)も'), (1, '')]",False,False,3
84.068,84.301,-1,校(こう)長(ちょう)先(せん)生(せい)も,"[(1, ''), (2, '校(こう)'), (3, '長(ちょう)先(せん)生(せい)も'), (1, '')]",False,True,3
146.463,147.097,-1,楽(たの)しい事(こと)なんてたくさんある,"[(1, ''), (2, '楽(たの)しい事(こと)なんてたくさんある'), (1, '')]",True,False,3
146.196,146.463,-1,楽(たの)しい事(こと)なんてたくさんある,"[(1, ''), (2, '楽(たの)しい事(こと)なんてたくさんあ'), (3, 'る'), (1, '')]",False,False,3
145.929,146.196,-1,楽(たの)しい事(こと)なんてたくさんある,"[(1, ''), (2, '楽(たの)しい事(こと)なんてたくさん'), (3, 'ある'), (1, '')]",False,False,3
145.729,145.929,-1,楽(たの)しい事(こと)なんてたくさんある,"[(1, ''), (2, '楽(たの)しい事(こと)なんてたくさ'), (3, 'んある'), (1, '')]",False,False,3
145.562,145.729,-1,楽(たの)しい事(こと)なんてたくさんある,"[(1, ''), (2, '楽(たの)しい事(こと)なんてたく'), (3, 'さんある'), (1, '')]",False,False,3
145.329,145.562,-1,楽(たの)しい事(こと)なんてたくさんある,"[(1, ''), (2, '楽(たの)しい事(こと)なんてた'), (3, 'くさんある'), (1, '')]",False,False,3
145.095,145.329,-1,楽(たの)しい事(こと)なんてたくさんある,"[(1, ''), (2, '楽(たの)しい事(こと)なんて'), (3, 'たくさんある'), (1, '')]",False,False,3
144.895,145.095,-1,楽(たの)しい事(こと)なんてたくさんある,"[(1, ''), (2, '楽(たの)しい事(こと)なん'), (3, 'てたくさんある'), (1, '')]",False,False,3
144.661,144.895,-1,楽(たの)しい事(こと)なんてたくさんある,"[(1, ''), (2, '楽(たの)しい事(こと)な'), (3, 'んてたくさんある'), (1, '')]",False,False,3
144.228,144.661,-1,楽(たの)しい事(こと)なんてたくさんある,"[(1, ''), (2, '楽(たの)しい事(こと)'), (3, 'なんてたくさんある'), (1, '')]",False,False,3
144.027,144.228,-1,楽(たの)しい事(こと)なんてたくさんある,"[(1, ''), (2, '楽(たの)しい'), (3, '事(こと)なんてたくさんある'), (1, '')]",False,False,3
143.794,144.027,-1,楽(たの)しい事(こと)なんてたくさんある,"[(1, ''), (2, '楽(たの)し'), (3, 'い事(こと)なんてたくさんある'), (1, '')]",False,False,3
143.56,143.794,-1,楽(たの)しい事(こと)なんてたくさんある,"[(1, ''), (2, '楽(たの)'), (3, 'しい事(こと)なんてたくさんある'), (1, '')]",False,True,3
7.391,8.926,-1,歌唱：紫咲シオン,"[(1, ''), (2, '歌唱：紫咲シオン'), (1, '')]",True,True,0
168.318,168.652,-1,洗(せん)顔(がん)で歯磨(はみがき)いちゃいます！！,"[(1, ''), (2, '洗(せん)顔(がん)で歯磨(はみがき)いちゃいます！！'), (1, '')]",True,False,3
168.218,168.318,-1,洗(せん)顔(がん)で歯磨(はみがき)いちゃいます！！,"[(1, ''), (2, '洗(せん)顔(がん)で歯磨(はみがき)いちゃいま'), (3, 'す！！'), (1, '')]",False,False,3
168.118,168.218,-1,洗(せん)顔(がん)で歯磨(はみがき)いちゃいます！！,"[(1, ''), (2, '洗(せん)顔(がん)で歯磨(はみがき)いちゃい'), (3, 'ます！！'), (1, '')]",False,False,3
168.018,168.118,-1,洗(せん)顔(がん)で歯磨(はみがき)いちゃいます！！,"[(1, ''), (2, '洗(せん)顔(がん)で歯磨(はみがき)いちゃ'), (3, 'います！！'), (1, '')]",False,False,3
167.885,168.018,-1,洗(せん)顔(がん)で歯磨(はみがき)いちゃいます！！,"[(1, ''), (2, '洗(せん)顔(がん)で歯磨(はみがき)い'), (3, 'ちゃいます！！'), (1, '')]",False,False,3
167.417,167.885,-1,洗(せん)顔(がん)で歯磨(はみがき)いちゃいます！！,"[(1, ''), (2, '洗(せん)顔(がん)で歯磨(はみがき)'), (3, 'いちゃいます！！'), (1, '')]",False,False,3
167.317,167.417,-1,洗(せん)顔(がん)で歯磨(はみがき)いちゃいます！！,"[(1, ''), (2, '洗(せん)顔(がん)で'), (3, '歯磨(はみがき)いちゃいます！！'), (1, '')]",False,False,3
167.117,167.317,-1,洗(せん)顔(がん)で歯磨(はみがき)いちゃいます！！,"[(1, ''), (2, '洗(せん)顔(がん)'), (3, 'で歯磨(はみがき)いちゃいます！！'), (1, '')]",False,False,3
166.884,167.117,-1,洗(せん)顔(がん)で歯磨(はみがき)いちゃいます！！,"[(1, ''), (2, '洗(せん)'), (3, '顔(がん)で歯磨(はみがき)いちゃいます！！'), (1, '')]",False,False,3
55.039,55.406,-1,洗(せん)顔(がん)で歯磨(はみがき)いちゃいます！！,"[(1, ''), (2, '洗(せん)顔(がん)で歯磨(はみがき)いちゃいます！！'), (1, '')]",False,False,3
54.938,55.039,-1,洗(せん)顔(がん)で歯磨(はみがき)いちゃいます！！,"[(1, ''), (2, '洗(せん)顔(がん)で歯磨(はみがき)いちゃいま'), (3, 'す！！'), (1, '')]",False,False,3
54.838,54.938,-1,洗(せん)顔(がん)で歯磨(はみがき)いちゃいます！！,"[(1, ''), (2, '洗(せん)顔(がん)で歯磨(はみがき)いちゃい'), (3, 'ます！！'), (1, '')]",False,False,3
54.705,54.838,-1,洗(せん)顔(がん)で歯磨(はみがき)いちゃいます！！,"[(1, ''), (2, '洗(せん)顔(がん)で歯磨(はみがき)いちゃ'), (3, 'います！！'), (1, '')]",False,False,3
54.605,54.705,-1,洗(せん)顔(がん)で歯磨(はみがき)いちゃいます！！,"[(1, ''), (2, '洗(せん)顔(がん)で歯磨(はみがき)い'), (3, 'ちゃいます！！'), (1, '')]",False,False,3
54.138,54.605,-1,洗(せん)顔(がん)で歯磨(はみがき)いちゃいます！！,"[(1, ''), (2, '洗(せん)顔(がん)で歯磨(はみがき)'), (3, 'いちゃいます！！'), (1, '')]",False,False,3
54.038,54.138,-1,洗(せん)顔(がん)で歯磨(はみがき)いちゃいます！！,"[(1, ''), (2, '洗(せん)顔(がん)で'), (3, '歯磨(はみがき)いちゃいます！！'), (1, '')]",False,False,3
53.837,54.038,-1,洗(せん)顔(がん)で歯磨(はみがき)いちゃいます！！,"[(1, ''), (2, '洗(せん)顔(がん)'), (3, 'で歯磨(はみがき)いちゃいます！！'), (1, '')]",False,False,3
53.604,53.837,-1,洗(せん)顔(がん)で歯磨(はみがき)いちゃいます！！,"[(1, ''), (2, '洗(せん)'), (3, '顔(がん)で歯磨(はみがき)いちゃいます！！'), (1, '')]",False,True,3
107.825,108.725,-1,甘(あま)いセリフ騙(だま)されないで,"[(1, ''), (2, '甘(あま)いセリフ騙(だま)されないで'), (1, '')]",True,False,3
107.591,107.825,-1,甘(あま)いセリフ騙(だま)されないで,"[(1, ''), (2, '甘(あま)いセリフ騙(だま)されない'), (3, 'で'), (1, '')]",False,False,3
107.391,107.591,-1,甘(あま)いセリフ騙(だま)されないで,"[(1, ''), (2, '甘(あま)いセリフ騙(だま)されな'), (3, 'いで'), (1, '')]",False,False,3
107.157,107.391,-1,甘(あま)いセリフ騙(だま)されないで,"[(1, ''), (2, '甘(あま)いセリフ騙(だま)され'), (3, 'ないで'), (1, '')]",False,False,3
106.957,107.157,-1,甘(あま)いセリフ騙(だま)されないで,"[(1, ''), (2, '甘(あま)いセリフ騙(だま)さ'), (3, 'れないで'), (1, '')]",False,False,3
106.69,106.957,-1,甘(あま)いセリフ騙(だま)されないで,"[(1, ''), (2, '甘(あま)いセリフ騙(だま)'), (3, 'されないで'), (1, '')]",False,False,3
106.056,106.69,-1,甘(あま)いセリフ騙(だま)されないで,"[(1, ''), (2, '甘(あま)いセリフ'), (3, '騙(だま)されないで'), (1, '')]",False,False,3
105.923,106.056,-1,甘(あま)いセリフ騙(だま)されないで,"[(1, ''), (2, '甘(あま)いセリ'), (3, 'フ騙(だま)されないで'), (1, '')]",False,False,3
105.823,105.923,-1,甘(あま)いセリフ騙(だま)されないで,"[(1, ''), (2, '甘(あま)いセ'), (3, 'リフ騙(だま)されないで'), (1, '')]",False,False,3
105.155,105.823,-1,甘(あま)いセリフ騙(だま)されないで,"[(1, ''), (2, '甘(あま)い'), (3, 'セリフ騙(だま)されないで'), (1, '')]",False,False,3
104.922,105.155,-1,甘(あま)いセリフ騙(だま)されないで,"[(1, ''), (2, '甘(あま)'), (3, 'いセリフ騙(だま)されないで'), (1, '')]",False,True,3
142.893,143.56,-1,眩(まぶ)しすぎて目(め)がくらむから,"[(1, ''), (2, '眩(まぶ)しすぎて目(め)がくらむから'), (1, '')]",True,False,3
142.693,142.893,-1,眩(まぶ)しすぎて目(め)がくらむから,"[(1, ''), (2, '眩(まぶ)しすぎて目(め)がくらむか'), (3, 'ら'), (1, '')]",False,False,3
142.459,142.693,-1,眩(まぶ)しすぎて目(め)がくらむから,"[(1, ''), (2, '眩(まぶ)しすぎて目(め)がくらむ'), (3, 'から'), (1, '')]",False,False,3
142.226,142.459,-1,眩(まぶ)しすぎて目(め)がくらむから,"[(1, ''), (2, '眩(まぶ)しすぎて目(め)がくら'), (3, 'むから'), (1, '')]",False,False,3
141.992,142.226,-1,眩(まぶ)しすぎて目(め)がくらむから,"[(1, ''), (2, '眩(まぶ)しすぎて目(め)がく'), (3, 'らむから'), (1, '')]",False,False,3
141.892,141.992,-1,眩(まぶ)しすぎて目(め)がくらむから,"[(1, ''), (2, '眩(まぶ)しすぎて目(め)が'), (3, 'くらむから'), (1, '')]",False,False,3
141.792,141.892,-1,眩(まぶ)しすぎて目(め)がくらむから,"[(1, ''), (2, '眩(まぶ)しすぎて目(め)'), (3, 'がくらむから'), (1, '')]",False,False,3
141.125,141.792,-1,眩(まぶ)しすぎて目(め)がくらむから,"[(1, ''), (2, '眩(まぶ)しすぎて'), (3, '目(め)がくらむから'), (1, '')]",False,False,3
140.991,141.125,-1,眩(まぶ)しすぎて目(め)がくらむから,"[(1, ''), (2, '眩(まぶ)しすぎ'), (3, 'て目(め)がくらむから'), (1, '')]",False,False,3
140.891,140.991,-1,眩(まぶ)しすぎて目(め)がくらむから,"[(1, ''), (2, '眩(まぶ)しす'), (3, 'ぎて目(め)がくらむから'), (1, '')]",False,False,3
140.224,140.891,-1,眩(まぶ)しすぎて目(め)がくらむから,"[(1, ''), (2, '眩(まぶ)し'), (3, 'すぎて目(め)がくらむから'), (1, '')]",False,False,3
140.023,140.224,-1,眩(まぶ)しすぎて目(め)がくらむから,"[(1, ''), (2, '眩(まぶ)'), (3, 'しすぎて目(め)がくらむから'), (1, '')]",False,True,3
5.622,7.391,-1,編曲：honeyworksmarumochi,"[(1, ''), (2, '編曲：honeyworksmarumochi'), (1, '')]",True,True,0
35.853,36.286,-1,許(ゆる)すまじ！,"[(1, ''), (2, '許(ゆる)すまじ！'), (1, '')]",True,False,3
35.619,35.853,-1,許(ゆる)すまじ！,"[(1, ''), (2, '許(ゆる)すま'), (3, 'じ！'), (1, '')]",False,False,3
35.419,35.619,-1,許(ゆる)すまじ！,"[(1, ''), (2, '許(ゆる)す'), (3, 'まじ！'), (1, '')]",False,False,3
34.952,35.419,-1,許(ゆる)すまじ！,"[(1, ''), (2, '許(ゆる)'), (3, 'すまじ！'), (1, '')]",False,True,3
76.493,76.727,-1,邪(じゃ)悪(あく)な影(かげ)私(わたし)には見(み)えてます,"[(1, ''), (2, '邪(じゃ)悪(あく)な影(かげ)私(わたし)には見(み)えてます'), (1, '')]",True,False,3
76.26,76.493,-1,邪(じゃ)悪(あく)な影(かげ)私(わたし)には見(み)えてます,"[(1, ''), (2, '邪(じゃ)悪(あく)な影(かげ)私(わたし)には見(み)えてま'), (3, 'す'), (1, '')]",False,False,3
76.06,76.26,-1,邪(じゃ)悪(あく)な影(かげ)私(わたし)には見(み)えてます,"[(1, ''), (2, '邪(じゃ)悪(あく)な影(かげ)私(わたし)には見(み)えて'), (3, 'ます'), (1, '')]",False,False,3
75.826,76.06,-1,邪(じゃ)悪(あく)な影(かげ)私(わたし)には見(み)えてます,"[(1, ''), (2, '邪(じゃ)悪(あく)な影(かげ)私(わたし)には見(み)え'), (3, 'てます'), (1, '')]",False,False,3
75.592,75.826,-1,邪(じゃ)悪(あく)な影(かげ)私(わたし)には見(み)えてます,"[(1, ''), (2, '邪(じゃ)悪(あく)な影(かげ)私(わたし)には見(み)'), (3, 'えてます'), (1, '')]",False,False,3
75.392,75.592,-1,邪(じゃ)悪(あく)な影(かげ)私(わたし)には見(み)えてます,"[(1, ''), (2, '邪(じゃ)悪(あく)な影(かげ)私(わたし)には'), (3, '見(み)えてます'), (1, '')]",False,False,3
75.159,75.392,-1,邪(じゃ)悪(あく)な影(かげ)私(わたし)には見(み)えてます,"[(1, ''), (2, '邪(じゃ)悪(あく)な影(かげ)私(わたし)に'), (3, 'は見(み)えてます'), (1, '')]",False,False,3
74.725,75.159,-1,邪(じゃ)悪(あく)な影(かげ)私(わたし)には見(み)えてます,"[(1, ''), (2, '邪(じゃ)悪(あく)な影(かげ)私(わたし)'), (3, 'には見(み)えてます'), (1, '')]",False,False,3
73.624,74.725,-1,邪(じゃ)悪(あく)な影(かげ)私(わたし)には見(み)えてます,"[(1, ''), (2, '邪(じゃ)悪(あく)な影(かげ)'), (3, '私(わたし)には見(み)えてます'), (1, '')]",False,False,3
73.39,73.624,-1,邪(じゃ)悪(あく)な影(かげ)私(わたし)には見(み)えてます,"[(1, ''), (2, '邪(じゃ)悪(あく)な'), (3, '影(かげ)私(わたし)には見(み)えてます'), (1, '')]",False,False,3
73.057,73.39,-1,邪(じゃ)悪(あく)な影(かげ)私(わたし)には見(み)えてます,"[(1, ''), (2, '邪(じゃ)悪(あく)'), (3, 'な影(かげ)私(わたし)には見(み)えてます'), (1, '')]",False,False,3
72.956,73.057,-1,邪(じゃ)悪(あく)な影(かげ)私(わたし)には見(み)えてます,"[(1, ''), (2, '邪(じゃ)'), (3, '悪(あく)な影(かげ)私(わたし)には見(み)えてます'), (1, '')]",False,True,3
100.717,101.385,-1,陽(よう)キャの真(ま)似(ね)火傷(やけど)するから,"[(1, ''), (2, '陽(よう)キャの真(ま)似(ね)火傷(やけど)するから'), (1, '')]",True,False,3
100.484,100.717,-1,陽(よう)キャの真(ま)似(ね)火傷(やけど)するから,"[(1, ''), (2, '陽(よう)キャの真(ま)似(ね)火傷(やけど)するか'), (3, 'ら'), (1, '')]",False,False,3
100.25,100.484,-1,陽(よう)キャの真(ま)似(ね)火傷(やけど)するから,"[(1, ''), (2, '陽(よう)キャの真(ま)似(ね)火傷(やけど)する'), (3, 'から'), (1, '')]",False,False,3
100.05,100.25,-1,陽(よう)キャの真(ま)似(ね)火傷(やけど)するから,"[(1, ''), (2, '陽(よう)キャの真(ま)似(ね)火傷(やけど)す'), (3, 'るから'), (1, '')]",False,False,3
99.583,100.05,-1,陽(よう)キャの真(ま)似(ね)火傷(やけど)するから,"[(1, ''), (2, '陽(よう)キャの真(ま)似(ね)火傷(やけど)'), (3, 'するから'), (1, '')]",False,False,3
98.916,99.583,-1,陽(よう)キャの真(ま)似(ね)火傷(やけど)するから,"[(1, ''), (2, '陽(よう)キャの真(ま)似(ね)'), (3, '火傷(やけど)するから'), (1, '')]",False,False,3
98.816,98.916,-1,陽(よう)キャの真(ま)似(ね)火傷(やけど)するから,"[(1, ''), (2, '陽(よう)キャの真(ま)'), (3, '似(ね)火傷(やけど)するから'), (1, '')]",False,False,3
98.715,98.816,-1,陽(よう)キャの真(ま)似(ね)火傷(やけど)するから,"[(1, ''), (2, '陽(よう)キャの'), (3, '真(ま)似(ね)火傷(やけど)するから'), (1, '')]",False,False,3
98.048,98.715,-1,陽(よう)キャの真(ま)似(ね)火傷(やけど)するから,"[(1, ''), (2, '陽(よう)キャ'), (3, 'の真(ま)似(ね)火傷(やけど)するから'), (1, '')]",False,False,3
97.815,98.048,-1,陽(よう)キャの真(ま)似(ね)火傷(やけど)するから,"[(1, ''), (2, '陽(よう)'), (3, 'キャの真(ま)似(ね)火傷(やけど)するから'), (1, '')]",False,True,3
92.91,93.177,-1,頂(いただ)きたい！,"[(1, ''), (2, '頂(いただ)きたい！'), (1, '')]",True,False,3
92.709,92.91,-1,頂(いただ)きたい！,"[(1, ''), (2, '頂(いただ)きた'), (3, 'い！'), (1, '')]",False,False,3
92.476,92.709,-1,頂(いただ)きたい！,"[(1, ''), (2, '頂(いただ)き'), (3, 'たい！'), (1, '')]",False,False,3
91.809,92.476,-1,頂(いただ)きたい！,"[(1, ''), (2, '頂(いただ)'), (3, 'きたい！'), (1, '')]",False,True,3
110.26,110.494,-1,鳥(とり)のうんち落(お)ちてきます,"[(1, ''), (2, '鳥(とり)のうんち落(お)ちてきます'), (1, '')]",True,False,3
110.06,110.26,-1,鳥(とり)のうんち落(お)ちてきます,"[(1, ''), (2, '鳥(とり)のうんち落(お)ちてきま'), (3, 'す'), (1, '')]",False,False,3
109.96,110.06,-1,鳥(とり)のうんち落(お)ちてきます,"[(1, ''), (2, '鳥(とり)のうんち落(お)ちてき'), (3, 'ます'), (1, '')]",False,False,3
109.86,109.96,-1,鳥(とり)のうんち落(お)ちてきます,"[(1, ''), (2, '鳥(とり)のうんち落(お)ちて'), (3, 'きます'), (1, '')]",False,False,3
109.76,109.86,-1,鳥(とり)のうんち落(お)ちてきます,"[(1, ''), (2, '鳥(とり)のうんち落(お)ち'), (3, 'てきます'), (1, '')]",False,False,3
109.526,109.76,-1,鳥(とり)のうんち落(お)ちてきます,"[(1, ''), (2, '鳥(とり)のうんち落(お)'), (3, 'ちてきます'), (1, '')]",False,False,3
109.393,109.526,-1,鳥(とり)のうんち落(お)ちてきます,"[(1, ''), (2, '鳥(とり)のうんち'), (3, '落(お)ちてきます'), (1, '')]",False,False,3
109.293,109.393,-1,鳥(とり)のうんち落(お)ちてきます,"[(1, ''), (2, '鳥(とり)のうん'), (3, 'ち落(お)ちてきます'), (1, '')]",False,False,3
109.193,109.293,-1,鳥(とり)のうんち落(お)ちてきます,"[(1, ''), (2, '鳥(とり)のう'), (3, 'んち落(お)ちてきます'), (1, '')]",False,False,3
108.959,109.193,-1,鳥(とり)のうんち落(お)ちてきます,"[(1, ''), (2, '鳥(とり)の'), (3, 'うんち落(お)ちてきます'), (1, '')]",False,False,3
108.725,108.959,-1,鳥(とり)のうんち落(お)ちてきます,"[(1, ''), (2, '鳥(とり)'), (3, 'のうんち落(お)ちてきます'), (1, '')]",False,True,3
87.171,87.604,85,（オイ！オイ！オイ！オイ！）,"[(1, ''), (2, '（オイ！オイ！オイ！オイ！）'), (1, '')]",True,False,3
86.737,87.171,85,（オイ！オイ！オイ！オイ！）,"[(1, ''), (2, '（オイ！オイ！オイ！'), (3, 'オイ！）'), (1, '')]",False,False,3
86.27,86.737,85,（オイ！オイ！オイ！オイ！）,"[(1, ''), (2, '（オイ！オイ！'), (3, 'オイ！オイ！）'), (1, '')]",False,False,3
85.836,86.27,85,（オイ！オイ！オイ！オイ！）,"[(1, ''), (2, '（オイ！'), (3, 'オイ！オイ！オイ！）'), (1, '')]",False,False,3
30.247,30.714,85,（オイ！オイ！オイ！オイ！）,"[(1, ''), (2, '（オイ！オイ！オイ！オイ！）'), (1, '')]",False,False,3
29.847,30.247,85,（オイ！オイ！オイ！オイ！）,"[(1, ''), (2, '（オイ！オイ！オイ！'), (3, 'オイ！）'), (1, '')]",False,False,3
29.38,29.847,85,（オイ！オイ！オイ！オイ！）,"[(1, ''), (2, '（オイ！オイ！'), (3, 'オイ！オイ！）'), (1, '')]",False,False,3
28.946,29.38,85,（オイ！オイ！オイ！オイ！）,"[(1, ''), (2, '（オイ！'), (3, 'オイ！オイ！オイ！）'), (1, '')]",False,True,3
83.6,84.068,85,（ハイ！ハイ！ハイ！ハイ！）,"[(1, ''), (2, '（ハイ！ハイ！ハイ！ハイ！）'), (1, '')]",True,False,3
83.133,83.6,85,（ハイ！ハイ！ハイ！ハイ！）,"[(1, ''), (2, '（ハイ！ハイ！ハイ！'), (3, 'ハイ！）'), (1, '')]",False,False,3
82.699,83.133,85,（ハイ！ハイ！ハイ！ハイ！）,"[(1, ''), (2, '（ハイ！ハイ！'), (3, 'ハイ！ハイ！）'), (1, '')]",False,False,3
82.266,82.699,85,（ハイ！ハイ！ハイ！ハイ！）,"[(1, ''), (2, '（ハイ！'), (3, 'ハイ！ハイ！ハイ！）'), (1, '')]",False,False,3
26.71,27.177,85,（ハイ！ハイ！ハイ！ハイ！）,"[(1, ''), (2, '（ハイ！ハイ！ハイ！ハイ！）'), (1, '')]",False,False,3
26.243,26.71,85,（ハイ！ハイ！ハイ！ハイ！）,"[(1, ''), (2, '（ハイ！ハイ！ハイ！'), (3, 'ハイ！）'), (1, '')]",False,False,3
25.809,26.243,85,（ハイ！ハイ！ハイ！ハイ！）,"[(1, ''), (2, '（ハイ！ハイ！'), (3, 'ハイ！ハイ！）'), (1, '')]",False,False,3
25.376,25.809,85,（ハイ！ハイ！ハイ！ハイ！）,"[(1, ''), (2, '（ハイ！'), (3, 'ハイ！ハイ！ハイ！）'), (1, '')]",False,True,3
