start,end,line,unformatted,segments,ref_start,ref_end,common_number
119.136,119.269,-1,dokidokidoki,"[(2, ''), (1, 'dokidokidoki'), (2, '')]",True,False,3
118.969,119.136,-1,dokidokidoki,"[(2, ''), (1, 'dokidokido'), (3, 'ki'), (2, '')]",False,False,3
118.836,118.969,-1,dokidokidoki,"[(2, ''), (1, 'dokidoki'), (3, 'doki'), (2, '')]",False,False,3
118.635,118.836,-1,dokidokidoki,"[(2, ''), (1, 'dokido'), (3, 'kidoki'), (2, '')]",False,False,3
118.535,118.635,-1,dokidokidoki,"[(2, ''), (1, 'doki'), (3, 'dokidoki'), (2, '')]",False,False,3
118.335,118.535,-1,dokidokidoki,"[(2, ''), (1, 'do'), (3, 'kidokidoki'), (2, '')]",False,True,3
36.82,37.788,85,ha...ha...,"[(2, ''), (1, 'ha...ha...'), (2, '')]",True,False,3
36.32,36.82,85,ha...ha...,"[(2, ''), (1, 'ha...'), (3, 'ha'), (1, '...'), (2, '')]",False,False,3
31.615,32.549,85,ha...ha...,"[(2, ''), (1, 'ha...ha...'), (2, '')]",False,False,3
31.115,31.615,85,ha...ha...,"[(2, ''), (1, 'ha...'), (3, 'ha'), (1, '...'), (2, '')]",False,False,3
26.377,27.311,85,ha...ha...,"[(2, ''), (1, 'ha...ha...'), (2, '')]",False,False,3
25.876,26.377,85,ha...ha...,"[(2, ''), (1, 'ha...'), (3, 'ha'), (1, '...'), (2, '')]",False,True,3
136.787,137.221,-1,holdmetight,"[(2, ''), (1, 'holdmetight'), (2, '')]",True,False,3
136.587,136.787,-1,holdmetight,"[(2, ''), (1, 'holdme'), (3, 'tight'), (2, '')]",False,False,3
136.286,136.587,-1,holdmetight,"[(2, ''), (1, 'hold'), (3, 'metight'), (2, '')]",False,False,3
71.522,71.989,-1,holdmetight,"[(2, ''), (1, 'holdmetight'), (2, '')]",False,False,3
71.355,71.522,-1,holdmetight,"[(2, ''), (1, 'holdme'), (3, 'tight'), (2, '')]",False,False,3
71.055,71.355,-1,holdmetight,"[(2, ''), (1, 'hold'), (3, 'metight'), (2, '')]",False,False,3
6.323,6.79,-1,holdmetight,"[(2, ''), (1, 'holdmetight'), (2, '')]",False,False,3
6.09,6.323,-1,holdmetight,"[(2, ''), (1, 'holdme'), (3, 'tight'), (2, '')]",False,False,3
5.823,6.09,-1,holdmetight,"[(2, ''), (1, 'hold'), (3, 'metight'), (2, '')]",False,True,3
98.449,100.05,-1,it\'sraining,"[(2, ''), (1, ""it\\'sraining""), (2, '')]",True,False,3
98.115,98.449,-1,it\'sraining,"[(2, ''), (1, ""it\\'srain""), (3, 'ing'), (2, '')]",False,False,3
97.748,98.115,-1,it\'sraining,"[(2, ''), (1, ""it\\'s""), (3, 'raining'), (2, '')]",False,True,3
108.892,110.494,-1,it\'ssnowing,"[(2, ''), (1, ""it\\'ssnowing""), (2, '')]",True,False,3
108.559,108.892,-1,it\'ssnowing,"[(2, ''), (1, ""it\\'ssnow""), (3, 'ing'), (2, '')]",False,False,3
108.225,108.559,-1,it\'ssnowing,"[(2, ''), (1, ""it\\'s""), (3, 'snowing'), (2, '')]",False,True,3
42.026,42.659,85,lalalalala...,"[(2, ''), (1, 'lalalalala...'), (2, '')]",True,False,3
41.859,42.026,85,lalalalala...,"[(2, ''), (1, 'lalalala'), (3, 'la'), (1, '...'), (2, '')]",False,False,3
41.692,41.859,85,lalalalala...,"[(2, ''), (1, 'lalala'), (3, 'lala'), (1, '...'), (2, '')]",False,False,3
41.525,41.692,85,lalalalala...,"[(2, ''), (1, 'lala'), (3, 'lalala'), (1, '...'), (2, '')]",False,False,3
41.325,41.525,85,lalalalala...,"[(2, ''), (1, 'la'), (3, 'lalalala'), (1, '...'), (2, '')]",False,True,3
159.91,160.377,85,lalalalalala,"[(2, ''), (1, 'lalalalalala'), (2, '')]",True,False,3
159.576,159.91,85,lalalalalala,"[(2, ''), (1, 'lalalalala'), (3, 'la'), (2, '')]",False,False,3
159.276,159.576,85,lalalalalala,"[(2, ''), (1, 'lalalala'), (3, 'lala'), (2, '')]",False,False,3
158.942,159.276,85,lalalalalala,"[(2, ''), (1, 'lalala'), (3, 'lalala'), (2, '')]",False,False,3
158.742,158.942,85,lalalalalala,"[(2, ''), (1, 'lala'), (3, 'lalalala'), (2, '')]",False,False,3
158.442,158.742,85,lalalalalala,"[(2, ''), (1, 'la'), (3, 'lalalalala'), (2, '')]",False,False,3
154.671,155.172,85,lalalalalala,"[(2, ''), (1, 'lalalalalala'), (2, '')]",False,False,3
154.338,154.671,85,lalalalalala,"[(2, ''), (1, 'lalalalala'), (3, 'la'), (2, '')]",False,False,3
154.037,154.338,85,lalalalalala,"[(2, ''), (1, 'lalalala'), (3, 'lala'), (2, '')]",False,False,3
153.704,154.037,85,lalalalalala,"[(2, ''), (1, 'lalala'), (3, 'lalala'), (2, '')]",False,False,3
153.504,153.704,85,lalalalalala,"[(2, ''), (1, 'lala'), (3, 'lalalala'), (2, '')]",False,False,3
153.203,153.504,85,lalalalalala,"[(2, ''), (1, 'la'), (3, 'lalalalala'), (2, '')]",False,False,3
94.678,95.179,85,lalalalalala,"[(2, ''), (1, 'lalalalalala'), (2, '')]",False,False,3
94.344,94.678,85,lalalalalala,"[(2, ''), (1, 'lalalalala'), (3, 'la'), (2, '')]",False,False,3
94.044,94.344,85,lalalalalala,"[(2, ''), (1, 'lalalala'), (3, 'lala'), (2, '')]",False,False,3
93.71,94.044,85,lalalalalala,"[(2, ''), (1, 'lalala'), (3, 'lalala'), (2, '')]",False,False,3
93.51,93.71,85,lalalalalala,"[(2, ''), (1, 'lala'), (3, 'lalalala'), (2, '')]",False,False,3
93.21,93.51,85,lalalalalala,"[(2, ''), (1, 'la'), (3, 'lalalalala'), (2, '')]",False,False,3
89.473,89.973,85,lalalalalala,"[(2, ''), (1, 'lalalalalala'), (2, '')]",False,False,3
89.139,89.473,85,lalalalalala,"[(2, ''), (1, 'lalalalala'), (3, 'la'), (2, '')]",False,False,3
88.839,89.139,85,lalalalalala,"[(2, ''), (1, 'lalalala'), (3, 'lala'), (2, '')]",False,False,3
88.505,88.839,85,lalalalalala,"[(2, ''), (1, 'lalala'), (3, 'lalala'), (2, '')]",False,False,3
88.305,88.505,85,lalalalalala,"[(2, ''), (1, 'lala'), (3, 'lalalala'), (2, '')]",False,False,3
88.005,88.305,85,lalalalalala,"[(2, ''), (1, 'la'), (3, 'lalalalala'), (2, '')]",False,False,3
19.036,19.536,85,lalalalalala,"[(2, ''), (1, 'lalalalalala'), (2, '')]",False,False,3
18.736,19.036,85,lalalalalala,"[(2, ''), (1, 'lalalalala'), (3, 'la'), (2, '')]",False,False,3
18.402,18.736,85,lalalalalala,"[(2, ''), (1, 'lalalala'), (3, 'lala'), (2, '')]",False,False,3
18.068,18.402,85,lalalalalala,"[(2, ''), (1, 'lalala'), (3, 'lalala'), (2, '')]",False,False,3
17.868,18.068,85,lalalalalala,"[(2, ''), (1, 'lala'), (3, 'lalalala'), (2, '')]",False,False,3
17.568,17.868,85,lalalalalala,"[(2, ''), (1, 'la'), (3, 'lalalalala'), (2, '')]",False,False,3
13.797,14.298,85,lalalalalala,"[(2, ''), (1, 'lalalalalala'), (2, '')]",False,False,3
13.464,13.797,85,lalalalalala,"[(2, ''), (1, 'lalalalala'), (3, 'la'), (2, '')]",False,False,3
13.163,13.464,85,lalalalalala,"[(2, ''), (1, 'lalalala'), (3, 'lala'), (2, '')]",False,False,3
12.83,13.163,85,lalalalalala,"[(2, ''), (1, 'lalala'), (3, 'lalala'), (2, '')]",False,False,3
12.629,12.83,85,lalalalalala,"[(2, ''), (1, 'lala'), (3, 'lalalala'), (2, '')]",False,False,3
12.329,12.629,85,lalalalalala,"[(2, ''), (1, 'la'), (3, 'lalalalala'), (2, '')]",False,True,3
138.856,139.79,-1,ohnanananananana,"[(2, ''), (1, 'ohnanananananana'), (2, '')]",True,False,3
138.622,138.856,-1,ohnanananananana,"[(2, ''), (1, 'ohnananananana'), (3, 'na'), (2, '')]",False,False,3
138.422,138.622,-1,ohnanananananana,"[(2, ''), (1, 'ohnanananana'), (3, 'nana'), (2, '')]",False,False,3
138.188,138.422,-1,ohnanananananana,"[(2, ''), (1, 'ohnananana'), (3, 'nanana'), (2, '')]",False,False,3
137.988,138.188,-1,ohnanananananana,"[(2, ''), (1, 'ohnanana'), (3, 'nananana'), (2, '')]",False,False,3
137.788,137.988,-1,ohnanananananana,"[(2, ''), (1, 'ohnana'), (3, 'nanananana'), (2, '')]",False,False,3
137.554,137.788,-1,ohnanananananana,"[(2, ''), (1, 'ohna'), (3, 'nananananana'), (2, '')]",False,False,3
137.221,137.554,-1,ohnanananananana,"[(2, ''), (1, 'oh'), (3, 'nanananananana'), (2, '')]",False,False,3
84.101,85.069,-1,ohnanananananana,"[(2, ''), (1, 'ohnanananananana'), (2, '')]",False,False,3
83.901,84.101,-1,ohnanananananana,"[(2, ''), (1, 'ohnananananana'), (3, 'na'), (2, '')]",False,False,3
83.667,83.901,-1,ohnanananananana,"[(2, ''), (1, 'ohnanananana'), (3, 'nana'), (2, '')]",False,False,3
83.434,83.667,-1,ohnanananananana,"[(2, ''), (1, 'ohnananana'), (3, 'nanana'), (2, '')]",False,False,3
83.233,83.434,-1,ohnanananananana,"[(2, ''), (1, 'ohnanana'), (3, 'nananana'), (2, '')]",False,False,3
83.033,83.233,-1,ohnanananananana,"[(2, ''), (1, 'ohnana'), (3, 'nanananana'), (2, '')]",False,False,3
82.833,83.033,-1,ohnanananananana,"[(2, ''), (1, 'ohna'), (3, 'nananananana'), (2, '')]",False,False,3
82.466,82.833,-1,ohnanananananana,"[(2, ''), (1, 'oh'), (3, 'nanananananana'), (2, '')]",False,False,3
73.657,74.625,-1,ohnanananananana,"[(2, ''), (1, 'ohnanananananana'), (2, '')]",False,False,3
73.424,73.657,-1,ohnanananananana,"[(2, ''), (1, 'ohnananananana'), (3, 'na'), (2, '')]",False,False,3
73.223,73.424,-1,ohnanananananana,"[(2, ''), (1, 'ohnanananana'), (3, 'nana'), (2, '')]",False,False,3
72.99,73.223,-1,ohnanananananana,"[(2, ''), (1, 'ohnananana'), (3, 'nanana'), (2, '')]",False,False,3
72.756,72.99,-1,ohnanananananana,"[(2, ''), (1, 'ohnanana'), (3, 'nananana'), (2, '')]",False,False,3
72.556,72.756,-1,ohnanananananana,"[(2, ''), (1, 'ohnana'), (3, 'nanananana'), (2, '')]",False,False,3
72.322,72.556,-1,ohnanananananana,"[(2, ''), (1, 'ohna'), (3, 'nananananana'), (2, '')]",False,False,3
71.989,72.322,-1,ohnanananananana,"[(2, ''), (1, 'oh'), (3, 'nanananananana'), (2, '')]",False,False,3
8.425,9.426,-1,ohnanananananana,"[(2, ''), (1, 'ohnanananananana'), (2, '')]",False,False,3
8.192,8.425,-1,ohnanananananana,"[(2, ''), (1, 'ohnananananana'), (3, 'na'), (2, '')]",False,False,3
7.992,8.192,-1,ohnanananananana,"[(2, ''), (1, 'ohnanananana'), (3, 'nana'), (2, '')]",False,False,3
7.758,7.992,-1,ohnanananananana,"[(2, ''), (1, 'ohnananana'), (3, 'nanana'), (2, '')]",False,False,3
7.558,7.758,-1,ohnanananananana,"[(2, ''), (1, 'ohnanana'), (3, 'nananana'), (2, '')]",False,False,3
7.324,7.558,-1,ohnanananananana,"[(2, ''), (1, 'ohnana'), (3, 'nanananana'), (2, '')]",False,False,3
7.124,7.324,-1,ohnanananananana,"[(2, ''), (1, 'ohna'), (3, 'nananananana'), (2, '')]",False,False,3
6.79,7.124,-1,ohnanananananana,"[(2, ''), (1, 'oh'), (3, 'nanananananana'), (2, '')]",False,True,3
66.784,67.117,-1,toktoktok,"[(2, ''), (1, 'toktoktok'), (2, '')]",True,False,3
66.45,66.784,-1,toktoktok,"[(2, ''), (1, 'toktok'), (3, 'tok'), (2, '')]",False,False,3
66.116,66.45,-1,toktoktok,"[(2, ''), (1, 'tok'), (3, 'toktok'), (2, '')]",False,False,3
1.585,1.919,-1,toktoktok,"[(2, ''), (1, 'toktoktok'), (2, '')]",False,False,3
1.251,1.585,-1,toktoktok,"[(2, ''), (1, 'toktok'), (3, 'tok'), (2, '')]",False,False,3
0.918,1.251,-1,toktoktok,"[(2, ''), (1, 'tok'), (3, 'toktok'), (2, '')]",False,True,3
134.118,134.618,-1,tokyowabi-sabilullaby,"[(2, ''), (1, 'tokyowabi-sabilullaby'), (2, '')]",True,False,3
133.951,134.118,-1,tokyowabi-sabilullaby,"[(2, ''), (1, 'tokyowabi-sabilulla'), (3, 'by'), (2, '')]",False,False,3
133.684,133.951,-1,tokyowabi-sabilullaby,"[(2, ''), (1, 'tokyowabi-sabilull'), (3, 'aby'), (2, '')]",False,False,3
133.484,133.684,-1,tokyowabi-sabilullaby,"[(2, ''), (1, 'tokyowabi-sabi'), (3, 'lullaby'), (2, '')]",False,False,3
133.317,133.484,-1,tokyowabi-sabilullaby,"[(2, ''), (1, 'tokyowabi-sa'), (3, 'bilullaby'), (2, '')]",False,False,3
133.15,133.317,-1,tokyowabi-sabilullaby,"[(2, ''), (1, 'tokyowabi-'), (3, 'sabilullaby'), (2, '')]",False,False,3
132.983,133.15,-1,tokyowabi-sabilullaby,"[(2, ''), (1, 'tokyowa'), (3, 'bi-sabilullaby'), (2, '')]",False,False,3
132.649,132.983,-1,tokyowabi-sabilullaby,"[(2, ''), (1, 'tokyo'), (3, 'wabi-sabilullaby'), (2, '')]",False,False,3
132.316,132.649,-1,tokyowabi-sabilullaby,"[(2, ''), (1, 'to'), (3, 'kyowabi-sabilullaby'), (2, '')]",False,False,3
68.919,69.386,-1,tokyowabi-sabilullaby,"[(2, ''), (1, 'tokyowabi-sabilullaby'), (2, '')]",False,False,3
68.752,68.919,-1,tokyowabi-sabilullaby,"[(2, ''), (1, 'tokyowabi-sabilulla'), (3, 'by'), (2, '')]",False,False,3
68.419,68.752,-1,tokyowabi-sabilullaby,"[(2, ''), (1, 'tokyowabi-sabilull'), (3, 'aby'), (2, '')]",False,False,3
68.252,68.419,-1,tokyowabi-sabilullaby,"[(2, ''), (1, 'tokyowabi-sabi'), (3, 'lullaby'), (2, '')]",False,False,3
68.085,68.252,-1,tokyowabi-sabilullaby,"[(2, ''), (1, 'tokyowabi-sa'), (3, 'bilullaby'), (2, '')]",False,False,3
67.951,68.085,-1,tokyowabi-sabilullaby,"[(2, ''), (1, 'tokyowabi-'), (3, 'sabilullaby'), (2, '')]",False,False,3
67.785,67.951,-1,tokyowabi-sabilullaby,"[(2, ''), (1, 'tokyowa'), (3, 'bi-sabilullaby'), (2, '')]",False,False,3
67.451,67.785,-1,tokyowabi-sabilullaby,"[(2, ''), (1, 'tokyo'), (3, 'wabi-sabilullaby'), (2, '')]",False,False,3
67.117,67.451,-1,tokyowabi-sabilullaby,"[(2, ''), (1, 'to'), (3, 'kyowabi-sabilullaby'), (2, '')]",False,False,3
3.721,4.154,-1,tokyowabi-sabilullaby,"[(2, ''), (1, 'tokyowabi-sabilullaby'), (2, '')]",False,False,3
3.554,3.721,-1,tokyowabi-sabilullaby,"[(2, ''), (1, 'tokyowabi-sabilulla'), (3, 'by'), (2, '')]",False,False,3
3.22,3.554,-1,tokyowabi-sabilullaby,"[(2, ''), (1, 'tokyowabi-sabilull'), (3, 'aby'), (2, '')]",False,False,3
3.053,3.22,-1,tokyowabi-sabilullaby,"[(2, ''), (1, 'tokyowabi-sabi'), (3, 'lullaby'), (2, '')]",False,False,3
2.886,3.053,-1,tokyowabi-sabilullaby,"[(2, ''), (1, 'tokyowabi-sa'), (3, 'bilullaby'), (2, '')]",False,False,3
2.753,2.886,-1,tokyowabi-sabilullaby,"[(2, ''), (1, 'tokyowabi-'), (3, 'sabilullaby'), (2, '')]",False,False,3
2.586,2.753,-1,tokyowabi-sabilullaby,"[(2, ''), (1, 'tokyowa'), (3, 'bi-sabilullaby'), (2, '')]",False,False,3
2.252,2.586,-1,tokyowabi-sabilullaby,"[(2, ''), (1, 'tokyo'), (3, 'wabi-sabilullaby'), (2, '')]",False,False,3
1.919,2.252,-1,tokyowabi-sabilullaby,"[(2, ''), (1, 'to'), (3, 'kyowabi-sabilullaby'), (2, '')]",False,True,3
12.329,22.106,0,tokyowabi-sabilullaby／がうる・ぐら,"[(2, ''), (1, 'tokyowabi-sabilullaby／がうる・ぐら'), (2, '')]",True,True,0
149.299,150.234,-1,「ああとても綺(き)麗(れい)だ」,"[(2, ''), (1, '「ああとても綺(き)麗(れい)だ」'), (2, '')]",True,False,3
148.866,149.299,-1,「ああとても綺(き)麗(れい)だ」,"[(2, ''), (1, '「ああとても綺(き)麗(れい)'), (3, 'だ'), (1, '」'), (2, '')]",False,False,3
148.632,148.866,-1,「ああとても綺(き)麗(れい)だ」,"[(2, ''), (1, '「ああとても綺(き)'), (3, '麗(れい)だ'), (1, '」'), (2, '')]",False,False,3
148.432,148.632,-1,「ああとても綺(き)麗(れい)だ」,"[(2, ''), (1, '「ああとても'), (3, '綺(き)麗(れい)だ'), (1, '」'), (2, '')]",False,False,3
148.232,148.432,-1,「ああとても綺(き)麗(れい)だ」,"[(2, ''), (1, '「ああとて'), (3, 'も綺(き)麗(れい)だ'), (1, '」'), (2, '')]",False,False,3
147.998,148.232,-1,「ああとても綺(き)麗(れい)だ」,"[(2, ''), (1, '「ああと'), (3, 'ても綺(き)麗(れい)だ'), (1, '」'), (2, '')]",False,False,3
147.831,147.998,-1,「ああとても綺(き)麗(れい)だ」,"[(2, ''), (1, '「ああ'), (3, 'とても綺(き)麗(れい)だ'), (1, '」'), (2, '')]",False,False,3
147.664,147.831,-1,「ああとても綺(き)麗(れい)だ」,"[(2, ''), (1, '「あ'), (3, 'あとても綺(き)麗(れい)だ'), (1, '」'), (2, '')]",False,True,3
81.965,82.466,-1,「またね」って君(きみ)は笑(わら)ってた,"[(2, ''), (1, '「またね」って君(きみ)は笑(わら)ってた'), (2, '')]",True,False,3
81.799,81.965,-1,「またね」って君(きみ)は笑(わら)ってた,"[(2, ''), (1, '「またね」って君(きみ)は笑(わら)って'), (3, 'た'), (2, '')]",False,False,3
81.632,81.799,-1,「またね」って君(きみ)は笑(わら)ってた,"[(2, ''), (1, '「またね」って君(きみ)は笑(わら)っ'), (3, 'てた'), (2, '')]",False,False,3
81.298,81.632,-1,「またね」って君(きみ)は笑(わら)ってた,"[(2, ''), (1, '「またね」って君(きみ)は笑(わら)'), (3, 'ってた'), (2, '')]",False,False,3
81.165,81.298,-1,「またね」って君(きみ)は笑(わら)ってた,"[(2, ''), (1, '「またね」って君(きみ)は'), (3, '笑(わら)ってた'), (2, '')]",False,False,3
80.831,81.165,-1,「またね」って君(きみ)は笑(わら)ってた,"[(2, ''), (1, '「またね」って君(きみ)'), (3, 'は笑(わら)ってた'), (2, '')]",False,False,3
80.497,80.831,-1,「またね」って君(きみ)は笑(わら)ってた,"[(2, ''), (1, '「またね」って'), (3, '君(きみ)は笑(わら)ってた'), (2, '')]",False,False,3
80.197,80.497,-1,「またね」って君(きみ)は笑(わら)ってた,"[(2, ''), (1, '「またね」'), (3, 'って君(きみ)は笑(わら)ってた'), (2, '')]",False,False,3
79.997,80.197,-1,「またね」って君(きみ)は笑(わら)ってた,"[(2, ''), (1, '「また'), (3, 'ね'), (1, '」'), (3, 'って君(きみ)は笑(わら)ってた'), (2, '')]",False,False,3
79.83,79.997,-1,「またね」って君(きみ)は笑(わら)ってた,"[(2, ''), (1, '「ま'), (3, 'たね'), (1, '」'), (3, 'って君(きみ)は笑(わら)ってた'), (2, '')]",False,True,3
125.843,126.81,-1,「やあ...久(ひさ)しぶりだね」,"[(2, ''), (1, '「やあ...久(ひさ)しぶりだね」'), (2, '')]",True,False,3
125.609,125.843,-1,「やあ...久(ひさ)しぶりだね」,"[(2, ''), (1, '「やあ...久(ひさ)しぶりだ'), (3, 'ね'), (1, '」'), (2, '')]",False,False,3
125.409,125.609,-1,「やあ...久(ひさ)しぶりだね」,"[(2, ''), (1, '「やあ...久(ひさ)しぶり'), (3, 'だね'), (1, '」'), (2, '')]",False,False,3
125.175,125.409,-1,「やあ...久(ひさ)しぶりだね」,"[(2, ''), (1, '「やあ...久(ひさ)しぶ'), (3, 'りだね'), (1, '」'), (2, '')]",False,False,3
124.875,125.175,-1,「やあ...久(ひさ)しぶりだね」,"[(2, ''), (1, '「やあ...久(ひさ)し'), (3, 'ぶりだね'), (1, '」'), (2, '')]",False,False,3
124.508,124.875,-1,「やあ...久(ひさ)しぶりだね」,"[(2, ''), (1, '「やあ...久(ひさ)'), (3, 'しぶりだね'), (1, '」'), (2, '')]",False,False,3
124.374,124.508,-1,「やあ...久(ひさ)しぶりだね」,"[(2, ''), (1, '「やあ...'), (3, '久(ひさ)しぶりだね'), (1, '」'), (2, '')]",False,False,3
124.208,124.374,-1,「やあ...久(ひさ)しぶりだね」,"[(2, ''), (1, '「や'), (3, 'あ'), (1, '...'), (3, '久(ひさ)しぶりだね'), (1, '」'), (2, '')]",False,True,3
144.561,144.995,-1,「会(あ)いに行(い)く」と伝(つた)えたら,"[(2, ''), (1, '「会(あ)いに行(い)く」と伝(つた)えたら'), (2, '')]",True,False,3
144.428,144.561,-1,「会(あ)いに行(い)く」と伝(つた)えたら,"[(2, ''), (1, '「会(あ)いに行(い)く」と伝(つた)えた'), (3, 'ら'), (2, '')]",False,False,3
144.261,144.428,-1,「会(あ)いに行(い)く」と伝(つた)えたら,"[(2, ''), (1, '「会(あ)いに行(い)く」と伝(つた)え'), (3, 'たら'), (2, '')]",False,False,3
143.927,144.261,-1,「会(あ)いに行(い)く」と伝(つた)えたら,"[(2, ''), (1, '「会(あ)いに行(い)く」と伝(つた)'), (3, 'えたら'), (2, '')]",False,False,3
143.76,143.927,-1,「会(あ)いに行(い)く」と伝(つた)えたら,"[(2, ''), (1, '「会(あ)いに行(い)く」と'), (3, '伝(つた)えたら'), (2, '')]",False,False,3
143.594,143.76,-1,「会(あ)いに行(い)く」と伝(つた)えたら,"[(2, ''), (1, '「会(あ)いに行(い)く」'), (3, 'と伝(つた)えたら'), (2, '')]",False,False,3
143.427,143.594,-1,「会(あ)いに行(い)く」と伝(つた)えたら,"[(2, ''), (1, '「会(あ)いに行(い)'), (3, 'く'), (1, '」'), (3, 'と伝(つた)えたら'), (2, '')]",False,False,3
143.26,143.427,-1,「会(あ)いに行(い)く」と伝(つた)えたら,"[(2, ''), (1, '「会(あ)いに'), (3, '行(い)く'), (1, '」'), (3, 'と伝(つた)えたら'), (2, '')]",False,False,3
143.093,143.26,-1,「会(あ)いに行(い)く」と伝(つた)えたら,"[(2, ''), (1, '「会(あ)い'), (3, 'に行(い)く'), (1, '」'), (3, 'と伝(つた)えたら'), (2, '')]",False,False,3
142.793,143.093,-1,「会(あ)いに行(い)く」と伝(つた)えたら,"[(2, ''), (1, '「会(あ)'), (3, 'いに行(い)く'), (1, '」'), (3, 'と伝(つた)えたら'), (2, '')]",False,True,3
79.363,79.83,-1,「寂(さみ)しい」を堪(こら)えて,"[(2, ''), (1, '「寂(さみ)しい」を堪(こら)えて'), (2, '')]",True,False,3
79.129,79.363,-1,「寂(さみ)しい」を堪(こら)えて,"[(2, ''), (1, '「寂(さみ)しい」を堪(こら)え'), (3, 'て'), (2, '')]",False,False,3
78.695,79.129,-1,「寂(さみ)しい」を堪(こら)えて,"[(2, ''), (1, '「寂(さみ)しい」を堪(こら)'), (3, 'えて'), (2, '')]",False,False,3
78.495,78.695,-1,「寂(さみ)しい」を堪(こら)えて,"[(2, ''), (1, '「寂(さみ)しい」を'), (3, '堪(こら)えて'), (2, '')]",False,False,3
78.362,78.495,-1,「寂(さみ)しい」を堪(こら)えて,"[(2, ''), (1, '「寂(さみ)しい」'), (3, 'を堪(こら)えて'), (2, '')]",False,False,3
78.228,78.362,-1,「寂(さみ)しい」を堪(こら)えて,"[(2, ''), (1, '「寂(さみ)し'), (3, 'い'), (1, '」'), (3, 'を堪(こら)えて'), (2, '')]",False,False,3
77.561,78.228,-1,「寂(さみ)しい」を堪(こら)えて,"[(2, ''), (1, '「寂(さみ)'), (3, 'しい'), (1, '」'), (3, 'を堪(こら)えて'), (2, '')]",False,True,3
115.165,115.365,-1,「遊(あそ)びたいな」,"[(2, ''), (1, '「遊(あそ)びたいな」'), (2, '')]",True,False,3
114.965,115.165,-1,「遊(あそ)びたいな」,"[(2, ''), (1, '「遊(あそ)びたい'), (3, 'な'), (1, '」'), (2, '')]",False,False,3
114.731,114.965,-1,「遊(あそ)びたいな」,"[(2, ''), (1, '「遊(あそ)びた'), (3, 'いな'), (1, '」'), (2, '')]",False,False,3
114.531,114.731,-1,「遊(あそ)びたいな」,"[(2, ''), (1, '「遊(あそ)び'), (3, 'たいな'), (1, '」'), (2, '')]",False,False,3
114.064,114.531,-1,「遊(あそ)びたいな」,"[(2, ''), (1, '「遊(あそ)'), (3, 'びたいな'), (1, '」'), (2, '')]",False,True,3
116.433,116.7,-1,「顔(かお)見(み)たいな」,"[(2, ''), (1, '「顔(かお)見(み)たいな」'), (2, '')]",True,False,3
116.233,116.433,-1,「顔(かお)見(み)たいな」,"[(2, ''), (1, '「顔(かお)見(み)たい'), (3, 'な'), (1, '」'), (2, '')]",False,False,3
115.999,116.233,-1,「顔(かお)見(み)たいな」,"[(2, ''), (1, '「顔(かお)見(み)た'), (3, 'いな'), (1, '」'), (2, '')]",False,False,3
115.766,115.999,-1,「顔(かお)見(み)たいな」,"[(2, ''), (1, '「顔(かお)見(み)'), (3, 'たいな'), (1, '」'), (2, '')]",False,False,3
115.365,115.766,-1,「顔(かお)見(み)たいな」,"[(2, ''), (1, '「顔(かお)'), (3, '見(み)たいな'), (1, '」'), (2, '')]",False,True,3
129.279,129.78,-1,そんな幻(げん)想(そう)　午(ご)前(ぜん)０(れい)時(じ),"[(2, ''), (1, 'そんな幻(げん)想(そう)\u3000午(ご)前(ぜん)０(れい)時(じ)'), (2, '')]",True,False,3
128.912,129.279,-1,そんな幻(げん)想(そう)　午(ご)前(ぜん)０(れい)時(じ),"[(2, ''), (1, 'そんな幻(げん)想(そう)\u3000午(ご)前(ぜん)０(れい)'), (3, '時(じ)'), (2, '')]",False,False,3
128.612,128.912,-1,そんな幻(げん)想(そう)　午(ご)前(ぜん)０(れい)時(じ),"[(2, ''), (1, 'そんな幻(げん)想(そう)\u3000午(ご)前(ぜん)'), (3, '０(れい)時(じ)'), (2, '')]",False,False,3
128.412,128.612,-1,そんな幻(げん)想(そう)　午(ご)前(ぜん)０(れい)時(じ),"[(2, ''), (1, 'そんな幻(げん)想(そう)\u3000午(ご)'), (3, '前(ぜん)０(れい)時(じ)'), (2, '')]",False,False,3
127.778,128.412,-1,そんな幻(げん)想(そう)　午(ご)前(ぜん)０(れい)時(じ),"[(2, ''), (1, 'そんな幻(げん)想(そう)\u3000'), (3, '午(ご)前(ぜん)０(れい)時(じ)'), (2, '')]",False,False,3
127.478,127.778,-1,そんな幻(げん)想(そう)　午(ご)前(ぜん)０(れい)時(じ),"[(2, ''), (1, 'そんな幻(げん)'), (3, '想(そう)\u3000午(ご)前(ぜん)０(れい)時(じ)'), (2, '')]",False,False,3
127.277,127.478,-1,そんな幻(げん)想(そう)　午(ご)前(ぜん)０(れい)時(じ),"[(2, ''), (1, 'そんな'), (3, '幻(げん)想(そう)\u3000午(ご)前(ぜん)０(れい)時(じ)'), (2, '')]",False,False,3
127.111,127.277,-1,そんな幻(げん)想(そう)　午(ご)前(ぜん)０(れい)時(じ),"[(2, ''), (1, 'そん'), (3, 'な幻(げん)想(そう)\u3000午(ご)前(ぜん)０(れい)時(じ)'), (2, '')]",False,False,3
126.81,127.111,-1,そんな幻(げん)想(そう)　午(ご)前(ぜん)０(れい)時(じ),"[(2, ''), (1, 'そ'), (3, 'んな幻(げん)想(そう)\u3000午(ご)前(ぜん)０(れい)時(じ)'), (2, '')]",False,True,3
88.539,88.639,-1,ねぇ今(こ)年(とし)の夏(なつ)また会(あ)えるかな,"[(2, ''), (1, 'ねぇ今(こ)年(とし)の夏(なつ)また会(あ)えるかな'), (2, '')]",True,False,3
88.472,88.539,-1,ねぇ今(こ)年(とし)の夏(なつ)また会(あ)えるかな,"[(2, ''), (1, 'ねぇ今(こ)年(とし)の夏(なつ)また会(あ)えるかな'), (2, '')]",False,False,3
88.405,88.472,-1,ねぇ今(こ)年(とし)の夏(なつ)また会(あ)えるかな,"[(2, ''), (1, 'ねぇ今(こ)年(とし)の夏(なつ)また会(あ)えるかな'), (2, '')]",False,False,3
88.338,88.405,-1,ねぇ今(こ)年(とし)の夏(なつ)また会(あ)えるかな,"[(2, ''), (1, 'ねぇ今(こ)年(とし)の夏(なつ)また会(あ)えるかな'), (2, '')]",False,False,3
88.272,88.338,-1,ねぇ今(こ)年(とし)の夏(なつ)また会(あ)えるかな,"[(2, ''), (1, 'ねぇ今(こ)年(とし)の夏(なつ)また会(あ)えるかな'), (2, '')]",False,False,3
88.205,88.272,-1,ねぇ今(こ)年(とし)の夏(なつ)また会(あ)えるかな,"[(2, ''), (1, 'ねぇ今(こ)年(とし)の夏(なつ)また会(あ)えるかな'), (2, '')]",False,False,3
88.138,88.205,-1,ねぇ今(こ)年(とし)の夏(なつ)また会(あ)えるかな,"[(2, ''), (1, 'ねぇ今(こ)年(とし)の夏(なつ)また会(あ)えるかな'), (2, '')]",False,False,3
88.072,88.138,-1,ねぇ今(こ)年(とし)の夏(なつ)また会(あ)えるかな,"[(2, ''), (1, 'ねぇ今(こ)年(とし)の夏(なつ)また会(あ)えるかな'), (2, '')]",False,False,3
88.005,88.072,-1,ねぇ今(こ)年(とし)の夏(なつ)また会(あ)えるかな,"[(2, ''), (1, 'ねぇ今(こ)年(とし)の夏(なつ)また会(あ)えるかな'), (2, '')]",False,False,3
87.671,88.005,-1,ねぇ今(こ)年(とし)の夏(なつ)また会(あ)えるかな,"[(2, ''), (1, 'ねぇ今(こ)年(とし)の夏(なつ)また会(あ)えるか'), (3, 'な'), (2, '')]",False,False,3
87.371,87.671,-1,ねぇ今(こ)年(とし)の夏(なつ)また会(あ)えるかな,"[(2, ''), (1, 'ねぇ今(こ)年(とし)の夏(なつ)また会(あ)える'), (3, 'かな'), (2, '')]",False,False,3
87.204,87.371,-1,ねぇ今(こ)年(とし)の夏(なつ)また会(あ)えるかな,"[(2, ''), (1, 'ねぇ今(こ)年(とし)の夏(なつ)また会(あ)え'), (3, 'るかな'), (2, '')]",False,False,3
87.037,87.204,-1,ねぇ今(こ)年(とし)の夏(なつ)また会(あ)えるかな,"[(2, ''), (1, 'ねぇ今(こ)年(とし)の夏(なつ)また会(あ)'), (3, 'えるかな'), (2, '')]",False,False,3
86.87,87.037,-1,ねぇ今(こ)年(とし)の夏(なつ)また会(あ)えるかな,"[(2, ''), (1, 'ねぇ今(こ)年(とし)の夏(なつ)また'), (3, '会(あ)えるかな'), (2, '')]",False,False,3
86.703,86.87,-1,ねぇ今(こ)年(とし)の夏(なつ)また会(あ)えるかな,"[(2, ''), (1, 'ねぇ今(こ)年(とし)の夏(なつ)ま'), (3, 'た会(あ)えるかな'), (2, '')]",False,False,3
86.036,86.703,-1,ねぇ今(こ)年(とし)の夏(なつ)また会(あ)えるかな,"[(2, ''), (1, 'ねぇ今(こ)年(とし)の夏(なつ)'), (3, 'また会(あ)えるかな'), (2, '')]",False,False,3
85.869,86.036,-1,ねぇ今(こ)年(とし)の夏(なつ)また会(あ)えるかな,"[(2, ''), (1, 'ねぇ今(こ)年(とし)の'), (3, '夏(なつ)また会(あ)えるかな'), (2, '')]",False,False,3
85.536,85.869,-1,ねぇ今(こ)年(とし)の夏(なつ)また会(あ)えるかな,"[(2, ''), (1, 'ねぇ今(こ)年(とし)'), (3, 'の夏(なつ)また会(あ)えるかな'), (2, '')]",False,False,3
85.369,85.536,-1,ねぇ今(こ)年(とし)の夏(なつ)また会(あ)えるかな,"[(2, ''), (1, 'ねぇ今(こ)'), (3, '年(とし)の夏(なつ)また会(あ)えるかな'), (2, '')]",False,False,3
85.235,85.369,-1,ねぇ今(こ)年(とし)の夏(なつ)また会(あ)えるかな,"[(2, ''), (1, 'ねぇ'), (3, '今(こ)年(とし)の夏(なつ)また会(あ)えるかな'), (2, '')]",False,False,3
85.069,85.235,-1,ねぇ今(こ)年(とし)の夏(なつ)また会(あ)えるかな,"[(2, ''), (1, 'ね'), (3, 'ぇ今(こ)年(とし)の夏(なつ)また会(あ)えるかな'), (2, '')]",False,False,3
12.896,12.997,-1,ねぇ今(こ)年(とし)の夏(なつ)また会(あ)えるかな,"[(2, ''), (1, 'ねぇ今(こ)年(とし)の夏(なつ)また会(あ)えるかな'), (2, '')]",False,False,3
12.83,12.896,-1,ねぇ今(こ)年(とし)の夏(なつ)また会(あ)えるかな,"[(2, ''), (1, 'ねぇ今(こ)年(とし)の夏(なつ)また会(あ)えるかな'), (2, '')]",False,False,3
12.763,12.83,-1,ねぇ今(こ)年(とし)の夏(なつ)また会(あ)えるかな,"[(2, ''), (1, 'ねぇ今(こ)年(とし)の夏(なつ)また会(あ)えるかな'), (2, '')]",False,False,3
12.696,12.763,-1,ねぇ今(こ)年(とし)の夏(なつ)また会(あ)えるかな,"[(2, ''), (1, 'ねぇ今(こ)年(とし)の夏(なつ)また会(あ)えるかな'), (2, '')]",False,False,3
12.629,12.696,-1,ねぇ今(こ)年(とし)の夏(なつ)また会(あ)えるかな,"[(2, ''), (1, 'ねぇ今(こ)年(とし)の夏(なつ)また会(あ)えるかな'), (2, '')]",False,False,3
12.563,12.629,-1,ねぇ今(こ)年(とし)の夏(なつ)また会(あ)えるかな,"[(2, ''), (1, 'ねぇ今(こ)年(とし)の夏(なつ)また会(あ)えるかな'), (2, '')]",False,False,3
12.496,12.563,-1,ねぇ今(こ)年(とし)の夏(なつ)また会(あ)えるかな,"[(2, ''), (1, 'ねぇ今(こ)年(とし)の夏(なつ)また会(あ)えるかな'), (2, '')]",False,False,3
12.429,12.496,-1,ねぇ今(こ)年(とし)の夏(なつ)また会(あ)えるかな,"[(2, ''), (1, 'ねぇ今(こ)年(とし)の夏(なつ)また会(あ)えるかな'), (2, '')]",False,False,3
12.363,12.429,-1,ねぇ今(こ)年(とし)の夏(なつ)また会(あ)えるかな,"[(2, ''), (1, 'ねぇ今(こ)年(とし)の夏(なつ)また会(あ)えるかな'), (2, '')]",False,False,3
12.062,12.363,-1,ねぇ今(こ)年(とし)の夏(なつ)また会(あ)えるかな,"[(2, ''), (1, 'ねぇ今(こ)年(とし)の夏(なつ)また会(あ)えるか'), (3, 'な'), (2, '')]",False,False,3
11.729,12.062,-1,ねぇ今(こ)年(とし)の夏(なつ)また会(あ)えるかな,"[(2, ''), (1, 'ねぇ今(こ)年(とし)の夏(なつ)また会(あ)える'), (3, 'かな'), (2, '')]",False,False,3
11.562,11.729,-1,ねぇ今(こ)年(とし)の夏(なつ)また会(あ)えるかな,"[(2, ''), (1, 'ねぇ今(こ)年(とし)の夏(なつ)また会(あ)え'), (3, 'るかな'), (2, '')]",False,False,3
11.395,11.562,-1,ねぇ今(こ)年(とし)の夏(なつ)また会(あ)えるかな,"[(2, ''), (1, 'ねぇ今(こ)年(とし)の夏(なつ)また会(あ)'), (3, 'えるかな'), (2, '')]",False,False,3
11.228,11.395,-1,ねぇ今(こ)年(とし)の夏(なつ)また会(あ)えるかな,"[(2, ''), (1, 'ねぇ今(こ)年(とし)の夏(なつ)また'), (3, '会(あ)えるかな'), (2, '')]",False,False,3
11.061,11.228,-1,ねぇ今(こ)年(とし)の夏(なつ)また会(あ)えるかな,"[(2, ''), (1, 'ねぇ今(こ)年(とし)の夏(なつ)ま'), (3, 'た会(あ)えるかな'), (2, '')]",False,False,3
10.394,11.061,-1,ねぇ今(こ)年(とし)の夏(なつ)また会(あ)えるかな,"[(2, ''), (1, 'ねぇ今(こ)年(とし)の夏(なつ)'), (3, 'また会(あ)えるかな'), (2, '')]",False,False,3
10.227,10.394,-1,ねぇ今(こ)年(とし)の夏(なつ)また会(あ)えるかな,"[(2, ''), (1, 'ねぇ今(こ)年(とし)の'), (3, '夏(なつ)また会(あ)えるかな'), (2, '')]",False,False,3
9.893,10.227,-1,ねぇ今(こ)年(とし)の夏(なつ)また会(あ)えるかな,"[(2, ''), (1, 'ねぇ今(こ)年(とし)'), (3, 'の夏(なつ)また会(あ)えるかな'), (2, '')]",False,False,3
9.727,9.893,-1,ねぇ今(こ)年(とし)の夏(なつ)また会(あ)えるかな,"[(2, ''), (1, 'ねぇ今(こ)'), (3, '年(とし)の夏(なつ)また会(あ)えるかな'), (2, '')]",False,False,3
9.593,9.727,-1,ねぇ今(こ)年(とし)の夏(なつ)また会(あ)えるかな,"[(2, ''), (1, 'ねぇ'), (3, '今(こ)年(とし)の夏(なつ)また会(あ)えるかな'), (2, '')]",False,False,3
9.426,9.593,-1,ねぇ今(こ)年(とし)の夏(なつ)また会(あ)えるかな,"[(2, ''), (1, 'ね'), (3, 'ぇ今(こ)年(とし)の夏(なつ)また会(あ)えるかな'), (2, '')]",False,True,3
142.292,142.793,-1,ねぇ元(げん)気(き)してる？話(はな)したいよ,"[(2, ''), (1, 'ねぇ元(げん)気(き)してる？話(はな)したいよ'), (2, '')]",True,False,3
142.126,142.292,-1,ねぇ元(げん)気(き)してる？話(はな)したいよ,"[(2, ''), (1, 'ねぇ元(げん)気(き)してる？話(はな)したい'), (3, 'よ'), (2, '')]",False,False,3
141.959,142.126,-1,ねぇ元(げん)気(き)してる？話(はな)したいよ,"[(2, ''), (1, 'ねぇ元(げん)気(き)してる？話(はな)した'), (3, 'いよ'), (2, '')]",False,False,3
141.792,141.959,-1,ねぇ元(げん)気(き)してる？話(はな)したいよ,"[(2, ''), (1, 'ねぇ元(げん)気(き)してる？話(はな)し'), (3, 'たいよ'), (2, '')]",False,False,3
141.492,141.792,-1,ねぇ元(げん)気(き)してる？話(はな)したいよ,"[(2, ''), (1, 'ねぇ元(げん)気(き)してる？話(はな)'), (3, 'したいよ'), (2, '')]",False,False,3
140.991,141.492,-1,ねぇ元(げん)気(き)してる？話(はな)したいよ,"[(2, ''), (1, 'ねぇ元(げん)気(き)してる？'), (3, '話(はな)したいよ'), (2, '')]",False,False,3
140.824,140.991,-1,ねぇ元(げん)気(き)してる？話(はな)したいよ,"[(2, ''), (1, 'ねぇ元(げん)気(き)して'), (3, 'る'), (1, '？'), (3, '話(はな)したいよ'), (2, '')]",False,False,3
140.657,140.824,-1,ねぇ元(げん)気(き)してる？話(はな)したいよ,"[(2, ''), (1, 'ねぇ元(げん)気(き)し'), (3, 'てる'), (1, '？'), (3, '話(はな)したいよ'), (2, '')]",False,False,3
140.457,140.657,-1,ねぇ元(げん)気(き)してる？話(はな)したいよ,"[(2, ''), (1, 'ねぇ元(げん)気(き)'), (3, 'してる'), (1, '？'), (3, '話(はな)したいよ'), (2, '')]",False,False,3
140.157,140.457,-1,ねぇ元(げん)気(き)してる？話(はな)したいよ,"[(2, ''), (1, 'ねぇ元(げん)'), (3, '気(き)してる'), (1, '？'), (3, '話(はな)したいよ'), (2, '')]",False,False,3
139.957,140.157,-1,ねぇ元(げん)気(き)してる？話(はな)したいよ,"[(2, ''), (1, 'ねぇ'), (3, '元(げん)気(き)してる'), (1, '？'), (3, '話(はな)したいよ'), (2, '')]",False,False,3
139.79,139.957,-1,ねぇ元(げん)気(き)してる？話(はな)したいよ,"[(2, ''), (1, 'ね'), (3, 'ぇ元(げん)気(き)してる'), (1, '？'), (3, '話(はな)したいよ'), (2, '')]",False,False,3
77.061,77.561,-1,ねぇ元(げん)気(き)してる？話(はな)したいよ,"[(2, ''), (1, 'ねぇ元(げん)気(き)してる？話(はな)したいよ'), (2, '')]",False,False,3
76.927,77.061,-1,ねぇ元(げん)気(き)してる？話(はな)したいよ,"[(2, ''), (1, 'ねぇ元(げん)気(き)してる？話(はな)したい'), (3, 'よ'), (2, '')]",False,False,3
76.727,76.927,-1,ねぇ元(げん)気(き)してる？話(はな)したいよ,"[(2, ''), (1, 'ねぇ元(げん)気(き)してる？話(はな)した'), (3, 'いよ'), (2, '')]",False,False,3
76.593,76.727,-1,ねぇ元(げん)気(き)してる？話(はな)したいよ,"[(2, ''), (1, 'ねぇ元(げん)気(き)してる？話(はな)し'), (3, 'たいよ'), (2, '')]",False,False,3
76.26,76.593,-1,ねぇ元(げん)気(き)してる？話(はな)したいよ,"[(2, ''), (1, 'ねぇ元(げん)気(き)してる？話(はな)'), (3, 'したいよ'), (2, '')]",False,False,3
75.759,76.26,-1,ねぇ元(げん)気(き)してる？話(はな)したいよ,"[(2, ''), (1, 'ねぇ元(げん)気(き)してる？'), (3, '話(はな)したいよ'), (2, '')]",False,False,3
75.592,75.759,-1,ねぇ元(げん)気(き)してる？話(はな)したいよ,"[(2, ''), (1, 'ねぇ元(げん)気(き)して'), (3, 'る'), (1, '？'), (3, '話(はな)したいよ'), (2, '')]",False,False,3
75.459,75.592,-1,ねぇ元(げん)気(き)してる？話(はな)したいよ,"[(2, ''), (1, 'ねぇ元(げん)気(き)し'), (3, 'てる'), (1, '？'), (3, '話(はな)したいよ'), (2, '')]",False,False,3
75.259,75.459,-1,ねぇ元(げん)気(き)してる？話(はな)したいよ,"[(2, ''), (1, 'ねぇ元(げん)気(き)'), (3, 'してる'), (1, '？'), (3, '話(はな)したいよ'), (2, '')]",False,False,3
74.958,75.259,-1,ねぇ元(げん)気(き)してる？話(はな)したいよ,"[(2, ''), (1, 'ねぇ元(げん)'), (3, '気(き)してる'), (1, '？'), (3, '話(はな)したいよ'), (2, '')]",False,False,3
74.792,74.958,-1,ねぇ元(げん)気(き)してる？話(はな)したいよ,"[(2, ''), (1, 'ねぇ'), (3, '元(げん)気(き)してる'), (1, '？'), (3, '話(はな)したいよ'), (2, '')]",False,False,3
74.625,74.792,-1,ねぇ元(げん)気(き)してる？話(はな)したいよ,"[(2, ''), (1, 'ね'), (3, 'ぇ元(げん)気(き)してる'), (1, '？'), (3, '話(はな)したいよ'), (2, '')]",False,True,3
153.737,153.837,-1,一(ひと)人(り)で見(み)上(あ)げた夜(よ)空(ぞら)に花(はな)火(び),"[(2, ''), (1, '一(ひと)人(り)で見(み)上(あ)げた夜(よ)空(ぞら)に花(はな)火(び)'), (2, '')]",True,False,3
153.67,153.737,-1,一(ひと)人(り)で見(み)上(あ)げた夜(よ)空(ぞら)に花(はな)火(び),"[(2, ''), (1, '一(ひと)人(り)で見(み)上(あ)げた夜(よ)空(ぞら)に花(はな)火(び)'), (2, '')]",False,False,3
153.604,153.67,-1,一(ひと)人(り)で見(み)上(あ)げた夜(よ)空(ぞら)に花(はな)火(び),"[(2, ''), (1, '一(ひと)人(り)で見(み)上(あ)げた夜(よ)空(ぞら)に花(はな)火(び)'), (2, '')]",False,False,3
153.537,153.604,-1,一(ひと)人(り)で見(み)上(あ)げた夜(よ)空(ぞら)に花(はな)火(び),"[(2, ''), (1, '一(ひと)人(り)で見(み)上(あ)げた夜(よ)空(ぞら)に花(はな)火(び)'), (2, '')]",False,False,3
153.47,153.537,-1,一(ひと)人(り)で見(み)上(あ)げた夜(よ)空(ぞら)に花(はな)火(び),"[(2, ''), (1, '一(ひと)人(り)で見(み)上(あ)げた夜(よ)空(ぞら)に花(はな)火(び)'), (2, '')]",False,False,3
153.403,153.47,-1,一(ひと)人(り)で見(み)上(あ)げた夜(よ)空(ぞら)に花(はな)火(び),"[(2, ''), (1, '一(ひと)人(り)で見(み)上(あ)げた夜(よ)空(ぞら)に花(はな)火(び)'), (2, '')]",False,False,3
153.337,153.403,-1,一(ひと)人(り)で見(み)上(あ)げた夜(よ)空(ぞら)に花(はな)火(び),"[(2, ''), (1, '一(ひと)人(り)で見(み)上(あ)げた夜(よ)空(ぞら)に花(はな)火(び)'), (2, '')]",False,False,3
153.27,153.337,-1,一(ひと)人(り)で見(み)上(あ)げた夜(よ)空(ぞら)に花(はな)火(び),"[(2, ''), (1, '一(ひと)人(り)で見(み)上(あ)げた夜(よ)空(ぞら)に花(はな)火(び)'), (2, '')]",False,False,3
153.203,153.27,-1,一(ひと)人(り)で見(み)上(あ)げた夜(よ)空(ぞら)に花(はな)火(び),"[(2, ''), (1, '一(ひと)人(り)で見(み)上(あ)げた夜(よ)空(ぞら)に花(はな)火(び)'), (2, '')]",False,False,3
152.569,153.203,-1,一(ひと)人(り)で見(み)上(あ)げた夜(よ)空(ぞら)に花(はな)火(び),"[(2, ''), (1, '一(ひと)人(り)で見(み)上(あ)げた夜(よ)空(ぞら)に花(はな)'), (3, '火(び)'), (2, '')]",False,False,3
152.402,152.569,-1,一(ひと)人(り)で見(み)上(あ)げた夜(よ)空(ぞら)に花(はな)火(び),"[(2, ''), (1, '一(ひと)人(り)で見(み)上(あ)げた夜(よ)空(ぞら)に'), (3, '花(はな)火(び)'), (2, '')]",False,False,3
152.069,152.402,-1,一(ひと)人(り)で見(み)上(あ)げた夜(よ)空(ぞら)に花(はな)火(び),"[(2, ''), (1, '一(ひと)人(り)で見(み)上(あ)げた夜(よ)空(ぞら)'), (3, 'に花(はな)火(び)'), (2, '')]",False,False,3
151.902,152.069,-1,一(ひと)人(り)で見(み)上(あ)げた夜(よ)空(ぞら)に花(はな)火(び),"[(2, ''), (1, '一(ひと)人(り)で見(み)上(あ)げた夜(よ)'), (3, '空(ぞら)に花(はな)火(び)'), (2, '')]",False,False,3
151.435,151.902,-1,一(ひと)人(り)で見(み)上(あ)げた夜(よ)空(ぞら)に花(はな)火(び),"[(2, ''), (1, '一(ひと)人(り)で見(み)上(あ)げた'), (3, '夜(よ)空(ぞら)に花(はな)火(び)'), (2, '')]",False,False,3
151.268,151.435,-1,一(ひと)人(り)で見(み)上(あ)げた夜(よ)空(ぞら)に花(はな)火(び),"[(2, ''), (1, '一(ひと)人(り)で見(み)上(あ)げ'), (3, 'た夜(よ)空(ぞら)に花(はな)火(び)'), (2, '')]",False,False,3
151.101,151.268,-1,一(ひと)人(り)で見(み)上(あ)げた夜(よ)空(ぞら)に花(はな)火(び),"[(2, ''), (1, '一(ひと)人(り)で見(み)上(あ)'), (3, 'げた夜(よ)空(ぞら)に花(はな)火(び)'), (2, '')]",False,False,3
150.934,151.101,-1,一(ひと)人(り)で見(み)上(あ)げた夜(よ)空(ぞら)に花(はな)火(び),"[(2, ''), (1, '一(ひと)人(り)で見(み)'), (3, '上(あ)げた夜(よ)空(ぞら)に花(はな)火(び)'), (2, '')]",False,False,3
150.767,150.934,-1,一(ひと)人(り)で見(み)上(あ)げた夜(よ)空(ぞら)に花(はな)火(び),"[(2, ''), (1, '一(ひと)人(り)で'), (3, '見(み)上(あ)げた夜(よ)空(ぞら)に花(はな)火(び)'), (2, '')]",False,False,3
150.601,150.767,-1,一(ひと)人(り)で見(み)上(あ)げた夜(よ)空(ぞら)に花(はな)火(び),"[(2, ''), (1, '一(ひと)人(り)'), (3, 'で見(み)上(あ)げた夜(よ)空(ぞら)に花(はな)火(び)'), (2, '')]",False,False,3
150.234,150.601,-1,一(ひと)人(り)で見(み)上(あ)げた夜(よ)空(ぞら)に花(はな)火(び),"[(2, ''), (1, '一(ひと)'), (3, '人(り)で見(み)上(あ)げた夜(よ)空(ぞら)に花(はな)火(び)'), (2, '')]",False,True,3
107.524,108.225,-1,二(ふた)人(り)で巻(ま)いたお揃(そろ)いの青(あお)いマフラー,"[(2, ''), (1, '二(ふた)人(り)で巻(ま)いたお揃(そろ)いの青(あお)いマフラー'), (2, '')]",True,False,3
107.357,107.524,-1,二(ふた)人(り)で巻(ま)いたお揃(そろ)いの青(あお)いマフラー,"[(2, ''), (1, '二(ふた)人(り)で巻(ま)いたお揃(そろ)いの青(あお)いマフラ'), (3, 'ー'), (2, '')]",False,False,3
107.124,107.357,-1,二(ふた)人(り)で巻(ま)いたお揃(そろ)いの青(あお)いマフラー,"[(2, ''), (1, '二(ふた)人(り)で巻(ま)いたお揃(そろ)いの青(あお)いマフ'), (3, 'ラー'), (2, '')]",False,False,3
106.924,107.124,-1,二(ふた)人(り)で巻(ま)いたお揃(そろ)いの青(あお)いマフラー,"[(2, ''), (1, '二(ふた)人(り)で巻(ま)いたお揃(そろ)いの青(あお)いマ'), (3, 'フラー'), (2, '')]",False,False,3
106.657,106.924,-1,二(ふた)人(り)で巻(ま)いたお揃(そろ)いの青(あお)いマフラー,"[(2, ''), (1, '二(ふた)人(り)で巻(ま)いたお揃(そろ)いの青(あお)い'), (3, 'マフラー'), (2, '')]",False,False,3
106.256,106.657,-1,二(ふた)人(り)で巻(ま)いたお揃(そろ)いの青(あお)いマフラー,"[(2, ''), (1, '二(ふた)人(り)で巻(ま)いたお揃(そろ)いの青(あお)'), (3, 'いマフラー'), (2, '')]",False,False,3
106.056,106.256,-1,二(ふた)人(り)で巻(ま)いたお揃(そろ)いの青(あお)いマフラー,"[(2, ''), (1, '二(ふた)人(り)で巻(ま)いたお揃(そろ)いの'), (3, '青(あお)いマフラー'), (2, '')]",False,False,3
105.756,106.056,-1,二(ふた)人(り)で巻(ま)いたお揃(そろ)いの青(あお)いマフラー,"[(2, ''), (1, '二(ふた)人(り)で巻(ま)いたお揃(そろ)い'), (3, 'の青(あお)いマフラー'), (2, '')]",False,False,3
105.389,105.756,-1,二(ふた)人(り)で巻(ま)いたお揃(そろ)いの青(あお)いマフラー,"[(2, ''), (1, '二(ふた)人(り)で巻(ま)いたお揃(そろ)'), (3, 'いの青(あお)いマフラー'), (2, '')]",False,False,3
105.189,105.389,-1,二(ふた)人(り)で巻(ま)いたお揃(そろ)いの青(あお)いマフラー,"[(2, ''), (1, '二(ふた)人(り)で巻(ま)いたお'), (3, '揃(そろ)いの青(あお)いマフラー'), (2, '')]",False,False,3
104.955,105.189,-1,二(ふた)人(り)で巻(ま)いたお揃(そろ)いの青(あお)いマフラー,"[(2, ''), (1, '二(ふた)人(り)で巻(ま)いた'), (3, 'お揃(そろ)いの青(あお)いマフラー'), (2, '')]",False,False,3
104.755,104.955,-1,二(ふた)人(り)で巻(ま)いたお揃(そろ)いの青(あお)いマフラー,"[(2, ''), (1, '二(ふた)人(り)で巻(ま)い'), (3, 'たお揃(そろ)いの青(あお)いマフラー'), (2, '')]",False,False,3
104.521,104.755,-1,二(ふた)人(り)で巻(ま)いたお揃(そろ)いの青(あお)いマフラー,"[(2, ''), (1, '二(ふた)人(り)で巻(ま)'), (3, 'いたお揃(そろ)いの青(あお)いマフラー'), (2, '')]",False,False,3
104.321,104.521,-1,二(ふた)人(り)で巻(ま)いたお揃(そろ)いの青(あお)いマフラー,"[(2, ''), (1, '二(ふた)人(り)で'), (3, '巻(ま)いたお揃(そろ)いの青(あお)いマフラー'), (2, '')]",False,False,3
104.088,104.321,-1,二(ふた)人(り)で巻(ま)いたお揃(そろ)いの青(あお)いマフラー,"[(2, ''), (1, '二(ふた)人(り)'), (3, 'で巻(ま)いたお揃(そろ)いの青(あお)いマフラー'), (2, '')]",False,False,3
103.587,104.088,-1,二(ふた)人(り)で巻(ま)いたお揃(そろ)いの青(あお)いマフラー,"[(2, ''), (1, '二(ふた)'), (3, '人(り)で巻(ま)いたお揃(そろ)いの青(あお)いマフラー'), (2, '')]",False,True,3
14.932,17.534,-1,作曲：honeyworksmarumochi,"[(2, ''), (1, '作曲：honeyworksmarumochi'), (2, '')]",True,True,0
12.329,14.932,71,作詞：honeyworksmarumochi,"[(2, ''), (1, '作詞：honeyworksmarumochi'), (2, '')]",True,True,0
102.986,103.587,-1,傘(かさ)を差(さ)してくれた君(きみ)と白(しろ)い吐(と)息(いき),"[(2, ''), (1, '傘(かさ)を差(さ)してくれた君(きみ)と白(しろ)い吐(と)息(いき)'), (2, '')]",True,False,3
102.82,102.986,-1,傘(かさ)を差(さ)してくれた君(きみ)と白(しろ)い吐(と)息(いき),"[(2, ''), (1, '傘(かさ)を差(さ)してくれた君(きみ)と白(しろ)い吐(と)'), (3, '息(いき)'), (2, '')]",False,False,3
102.653,102.82,-1,傘(かさ)を差(さ)してくれた君(きみ)と白(しろ)い吐(と)息(いき),"[(2, ''), (1, '傘(かさ)を差(さ)してくれた君(きみ)と白(しろ)い'), (3, '吐(と)息(いき)'), (2, '')]",False,False,3
102.319,102.653,-1,傘(かさ)を差(さ)してくれた君(きみ)と白(しろ)い吐(と)息(いき),"[(2, ''), (1, '傘(かさ)を差(さ)してくれた君(きみ)と白(しろ)'), (3, 'い吐(と)息(いき)'), (2, '')]",False,False,3
102.019,102.319,-1,傘(かさ)を差(さ)してくれた君(きみ)と白(しろ)い吐(と)息(いき),"[(2, ''), (1, '傘(かさ)を差(さ)してくれた君(きみ)と'), (3, '白(しろ)い吐(と)息(いき)'), (2, '')]",False,False,3
101.685,102.019,-1,傘(かさ)を差(さ)してくれた君(きみ)と白(しろ)い吐(と)息(いき),"[(2, ''), (1, '傘(かさ)を差(さ)してくれた君(きみ)'), (3, 'と白(しろ)い吐(と)息(いき)'), (2, '')]",False,False,3
101.518,101.685,-1,傘(かさ)を差(さ)してくれた君(きみ)と白(しろ)い吐(と)息(いき),"[(2, ''), (1, '傘(かさ)を差(さ)してくれた'), (3, '君(きみ)と白(しろ)い吐(と)息(いき)'), (2, '')]",False,False,3
101.351,101.518,-1,傘(かさ)を差(さ)してくれた君(きみ)と白(しろ)い吐(と)息(いき),"[(2, ''), (1, '傘(かさ)を差(さ)してくれ'), (3, 'た君(きみ)と白(しろ)い吐(と)息(いき)'), (2, '')]",False,False,3
101.185,101.351,-1,傘(かさ)を差(さ)してくれた君(きみ)と白(しろ)い吐(と)息(いき),"[(2, ''), (1, '傘(かさ)を差(さ)してく'), (3, 'れた君(きみ)と白(しろ)い吐(と)息(いき)'), (2, '')]",False,False,3
101.018,101.185,-1,傘(かさ)を差(さ)してくれた君(きみ)と白(しろ)い吐(と)息(いき),"[(2, ''), (1, '傘(かさ)を差(さ)して'), (3, 'くれた君(きみ)と白(しろ)い吐(と)息(いき)'), (2, '')]",False,False,3
100.884,101.018,-1,傘(かさ)を差(さ)してくれた君(きみ)と白(しろ)い吐(と)息(いき),"[(2, ''), (1, '傘(かさ)を差(さ)し'), (3, 'てくれた君(きみ)と白(しろ)い吐(と)息(いき)'), (2, '')]",False,False,3
100.717,100.884,-1,傘(かさ)を差(さ)してくれた君(きみ)と白(しろ)い吐(と)息(いき),"[(2, ''), (1, '傘(かさ)を差(さ)'), (3, 'してくれた君(きみ)と白(しろ)い吐(と)息(いき)'), (2, '')]",False,False,3
100.451,100.717,-1,傘(かさ)を差(さ)してくれた君(きみ)と白(しろ)い吐(と)息(いき),"[(2, ''), (1, '傘(かさ)を'), (3, '差(さ)してくれた君(きみ)と白(しろ)い吐(と)息(いき)'), (2, '')]",False,False,3
100.05,100.451,-1,傘(かさ)を差(さ)してくれた君(きみ)と白(しろ)い吐(と)息(いき),"[(2, ''), (1, '傘(かさ)'), (3, 'を差(さ)してくれた君(きみ)と白(しろ)い吐(と)息(いき)'), (2, '')]",False,True,3
147.164,147.664,-1,君(きみ)は笑(わら)ってくれるかな,"[(2, ''), (1, '君(きみ)は笑(わら)ってくれるかな'), (2, '')]",True,False,3
146.997,147.164,-1,君(きみ)は笑(わら)ってくれるかな,"[(2, ''), (1, '君(きみ)は笑(わら)ってくれるか'), (3, 'な'), (2, '')]",False,False,3
146.697,146.997,-1,君(きみ)は笑(わら)ってくれるかな,"[(2, ''), (1, '君(きみ)は笑(わら)ってくれる'), (3, 'かな'), (2, '')]",False,False,3
146.53,146.697,-1,君(きみ)は笑(わら)ってくれるかな,"[(2, ''), (1, '君(きみ)は笑(わら)ってくれ'), (3, 'るかな'), (2, '')]",False,False,3
146.363,146.53,-1,君(きみ)は笑(わら)ってくれるかな,"[(2, ''), (1, '君(きみ)は笑(わら)ってく'), (3, 'れるかな'), (2, '')]",False,False,3
146.196,146.363,-1,君(きみ)は笑(わら)ってくれるかな,"[(2, ''), (1, '君(きみ)は笑(わら)って'), (3, 'くれるかな'), (2, '')]",False,False,3
146.029,146.196,-1,君(きみ)は笑(わら)ってくれるかな,"[(2, ''), (1, '君(きみ)は笑(わら)っ'), (3, 'てくれるかな'), (2, '')]",False,False,3
145.696,146.029,-1,君(きみ)は笑(わら)ってくれるかな,"[(2, ''), (1, '君(きみ)は笑(わら)'), (3, 'ってくれるかな'), (2, '')]",False,False,3
145.362,145.696,-1,君(きみ)は笑(わら)ってくれるかな,"[(2, ''), (1, '君(きみ)は'), (3, '笑(わら)ってくれるかな'), (2, '')]",False,False,3
144.995,145.362,-1,君(きみ)は笑(わら)ってくれるかな,"[(2, ''), (1, '君(きみ)'), (3, 'は笑(わら)ってくれるかな'), (2, '')]",False,True,3
64.048,64.448,-1,喧(けん)噪(そう)で振(ふ)り返(かえ)る君(きみ)の影(かげ)を探(さが)した,"[(2, ''), (1, '喧(けん)噪(そう)で振(ふ)り返(かえ)る君(きみ)の影(かげ)を探(さが)した'), (2, '')]",True,False,3
63.814,64.048,-1,喧(けん)噪(そう)で振(ふ)り返(かえ)る君(きみ)の影(かげ)を探(さが)した,"[(2, ''), (1, '喧(けん)噪(そう)で振(ふ)り返(かえ)る君(きみ)の影(かげ)を探(さが)し'), (3, 'た'), (2, '')]",False,False,3
63.213,63.814,-1,喧(けん)噪(そう)で振(ふ)り返(かえ)る君(きみ)の影(かげ)を探(さが)した,"[(2, ''), (1, '喧(けん)噪(そう)で振(ふ)り返(かえ)る君(きみ)の影(かげ)を探(さが)'), (3, 'した'), (2, '')]",False,False,3
62.88,63.213,-1,喧(けん)噪(そう)で振(ふ)り返(かえ)る君(きみ)の影(かげ)を探(さが)した,"[(2, ''), (1, '喧(けん)噪(そう)で振(ふ)り返(かえ)る君(きみ)の影(かげ)を'), (3, '探(さが)した'), (2, '')]",False,False,3
62.379,62.88,-1,喧(けん)噪(そう)で振(ふ)り返(かえ)る君(きみ)の影(かげ)を探(さが)した,"[(2, ''), (1, '喧(けん)噪(そう)で振(ふ)り返(かえ)る君(きみ)の影(かげ)'), (3, 'を探(さが)した'), (2, '')]",False,False,3
62.212,62.379,-1,喧(けん)噪(そう)で振(ふ)り返(かえ)る君(きみ)の影(かげ)を探(さが)した,"[(2, ''), (1, '喧(けん)噪(そう)で振(ふ)り返(かえ)る君(きみ)の'), (3, '影(かげ)を探(さが)した'), (2, '')]",False,False,3
61.945,62.212,-1,喧(けん)噪(そう)で振(ふ)り返(かえ)る君(きみ)の影(かげ)を探(さが)した,"[(2, ''), (1, '喧(けん)噪(そう)で振(ふ)り返(かえ)る君(きみ)'), (3, 'の影(かげ)を探(さが)した'), (2, '')]",False,False,3
61.445,61.945,-1,喧(けん)噪(そう)で振(ふ)り返(かえ)る君(きみ)の影(かげ)を探(さが)した,"[(2, ''), (1, '喧(けん)噪(そう)で振(ふ)り返(かえ)る'), (3, '君(きみ)の影(かげ)を探(さが)した'), (2, '')]",False,False,3
60.944,61.445,-1,喧(けん)噪(そう)で振(ふ)り返(かえ)る君(きみ)の影(かげ)を探(さが)した,"[(2, ''), (1, '喧(けん)噪(そう)で振(ふ)り返(かえ)'), (3, 'る君(きみ)の影(かげ)を探(さが)した'), (2, '')]",False,False,3
60.611,60.944,-1,喧(けん)噪(そう)で振(ふ)り返(かえ)る君(きみ)の影(かげ)を探(さが)した,"[(2, ''), (1, '喧(けん)噪(そう)で振(ふ)り'), (3, '返(かえ)る君(きみ)の影(かげ)を探(さが)した'), (2, '')]",False,False,3
60.277,60.611,-1,喧(けん)噪(そう)で振(ふ)り返(かえ)る君(きみ)の影(かげ)を探(さが)した,"[(2, ''), (1, '喧(けん)噪(そう)で振(ふ)'), (3, 'り返(かえ)る君(きみ)の影(かげ)を探(さが)した'), (2, '')]",False,False,3
59.977,60.277,-1,喧(けん)噪(そう)で振(ふ)り返(かえ)る君(きみ)の影(かげ)を探(さが)した,"[(2, ''), (1, '喧(けん)噪(そう)で'), (3, '振(ふ)り返(かえ)る君(きみ)の影(かげ)を探(さが)した'), (2, '')]",False,False,3
59.643,59.977,-1,喧(けん)噪(そう)で振(ふ)り返(かえ)る君(きみ)の影(かげ)を探(さが)した,"[(2, ''), (1, '喧(けん)噪(そう)'), (3, 'で振(ふ)り返(かえ)る君(きみ)の影(かげ)を探(さが)した'), (2, '')]",False,False,3
59.309,59.643,-1,喧(けん)噪(そう)で振(ふ)り返(かえ)る君(きみ)の影(かげ)を探(さが)した,"[(2, ''), (1, '喧(けん)'), (3, '噪(そう)で振(ふ)り返(かえ)る君(きみ)の影(かげ)を探(さが)した'), (2, '')]",False,True,3
35.819,37.788,-1,夕(ゆう)凪(なぎ)に黄(たそ)昏(がれ)て二(ふた)人(り)だけ,"[(2, ''), (1, '夕(ゆう)凪(なぎ)に黄(たそ)昏(がれ)て二(ふた)人(り)だけ'), (2, '')]",True,False,3
35.652,35.819,-1,夕(ゆう)凪(なぎ)に黄(たそ)昏(がれ)て二(ふた)人(り)だけ,"[(2, ''), (1, '夕(ゆう)凪(なぎ)に黄(たそ)昏(がれ)て二(ふた)人(り)だ'), (3, 'け'), (2, '')]",False,False,3
35.486,35.652,-1,夕(ゆう)凪(なぎ)に黄(たそ)昏(がれ)て二(ふた)人(り)だけ,"[(2, ''), (1, '夕(ゆう)凪(なぎ)に黄(たそ)昏(がれ)て二(ふた)人(り)'), (3, 'だけ'), (2, '')]",False,False,3
35.152,35.486,-1,夕(ゆう)凪(なぎ)に黄(たそ)昏(がれ)て二(ふた)人(り)だけ,"[(2, ''), (1, '夕(ゆう)凪(なぎ)に黄(たそ)昏(がれ)て二(ふた)'), (3, '人(り)だけ'), (2, '')]",False,False,3
34.485,35.152,-1,夕(ゆう)凪(なぎ)に黄(たそ)昏(がれ)て二(ふた)人(り)だけ,"[(2, ''), (1, '夕(ゆう)凪(なぎ)に黄(たそ)昏(がれ)て'), (3, '二(ふた)人(り)だけ'), (2, '')]",False,False,3
34.184,34.485,-1,夕(ゆう)凪(なぎ)に黄(たそ)昏(がれ)て二(ふた)人(り)だけ,"[(2, ''), (1, '夕(ゆう)凪(なぎ)に黄(たそ)昏(がれ)'), (3, 'て二(ふた)人(り)だけ'), (2, '')]",False,False,3
33.851,34.184,-1,夕(ゆう)凪(なぎ)に黄(たそ)昏(がれ)て二(ふた)人(り)だけ,"[(2, ''), (1, '夕(ゆう)凪(なぎ)に黄(たそ)'), (3, '昏(がれ)て二(ふた)人(り)だけ'), (2, '')]",False,False,3
33.217,33.851,-1,夕(ゆう)凪(なぎ)に黄(たそ)昏(がれ)て二(ふた)人(り)だけ,"[(2, ''), (1, '夕(ゆう)凪(なぎ)に'), (3, '黄(たそ)昏(がれ)て二(ふた)人(り)だけ'), (2, '')]",False,False,3
32.883,33.217,-1,夕(ゆう)凪(なぎ)に黄(たそ)昏(がれ)て二(ふた)人(り)だけ,"[(2, ''), (1, '夕(ゆう)凪(なぎ)'), (3, 'に黄(たそ)昏(がれ)て二(ふた)人(り)だけ'), (2, '')]",False,False,3
32.549,32.883,-1,夕(ゆう)凪(なぎ)に黄(たそ)昏(がれ)て二(ふた)人(り)だけ,"[(2, ''), (1, '夕(ゆう)'), (3, '凪(なぎ)に黄(たそ)昏(がれ)て二(ふた)人(り)だけ'), (2, '')]",False,True,3
30.614,32.549,-1,懐(なつ)かしい故(ふる)郷(さと)のchildhoodmemories,"[(2, ''), (1, '懐(なつ)かしい故(ふる)郷(さと)のchildhoodmemories'), (2, '')]",True,False,3
30.447,30.614,-1,懐(なつ)かしい故(ふる)郷(さと)のchildhoodmemories,"[(2, ''), (1, '懐(なつ)かしい故(ふる)郷(さと)のchildhoodmemo'), (3, 'ries'), (2, '')]",False,False,3
30.28,30.447,-1,懐(なつ)かしい故(ふる)郷(さと)のchildhoodmemories,"[(2, ''), (1, '懐(なつ)かしい故(ふる)郷(さと)のchildhoodmem'), (3, 'ories'), (2, '')]",False,False,3
30.147,30.28,-1,懐(なつ)かしい故(ふる)郷(さと)のchildhoodmemories,"[(2, ''), (1, '懐(なつ)かしい故(ふる)郷(さと)のchildhood'), (3, 'memories'), (2, '')]",False,False,3
29.947,30.147,-1,懐(なつ)かしい故(ふる)郷(さと)のchildhoodmemories,"[(2, ''), (1, '懐(なつ)かしい故(ふる)郷(さと)のchild'), (3, 'hoodmemories'), (2, '')]",False,False,3
29.346,29.947,-1,懐(なつ)かしい故(ふる)郷(さと)のchildhoodmemories,"[(2, ''), (1, '懐(なつ)かしい故(ふる)郷(さと)の'), (3, 'childhoodmemories'), (2, '')]",False,False,3
29.013,29.346,-1,懐(なつ)かしい故(ふる)郷(さと)のchildhoodmemories,"[(2, ''), (1, '懐(なつ)かしい故(ふる)郷(さと)'), (3, 'のchildhoodmemories'), (2, '')]",False,False,3
28.679,29.013,-1,懐(なつ)かしい故(ふる)郷(さと)のchildhoodmemories,"[(2, ''), (1, '懐(なつ)かしい故(ふる)'), (3, '郷(さと)のchildhoodmemories'), (2, '')]",False,False,3
28.012,28.679,-1,懐(なつ)かしい故(ふる)郷(さと)のchildhoodmemories,"[(2, ''), (1, '懐(なつ)かしい'), (3, '故(ふる)郷(さと)のchildhoodmemories'), (2, '')]",False,False,3
27.845,28.012,-1,懐(なつ)かしい故(ふる)郷(さと)のchildhoodmemories,"[(2, ''), (1, '懐(なつ)かし'), (3, 'い故(ふる)郷(さと)のchildhoodmemories'), (2, '')]",False,False,3
27.644,27.845,-1,懐(なつ)かしい故(ふる)郷(さと)のchildhoodmemories,"[(2, ''), (1, '懐(なつ)か'), (3, 'しい故(ふる)郷(さと)のchildhoodmemories'), (2, '')]",False,False,3
27.311,27.644,-1,懐(なつ)かしい故(ふる)郷(さと)のchildhoodmemories,"[(2, ''), (1, '懐(なつ)'), (3, 'かしい故(ふる)郷(さと)のchildhoodmemories'), (2, '')]",False,True,3
51.468,53.07,-1,星(ほし)探(さが)して一(ひと)人(り),"[(2, ''), (1, '星(ほし)探(さが)して一(ひと)人(り)'), (2, '')]",True,False,3
50.834,51.468,-1,星(ほし)探(さが)して一(ひと)人(り),"[(2, ''), (1, '星(ほし)探(さが)して一(ひと)'), (3, '人(り)'), (2, '')]",False,False,3
50.334,50.834,-1,星(ほし)探(さが)して一(ひと)人(り),"[(2, ''), (1, '星(ほし)探(さが)して'), (3, '一(ひと)人(り)'), (2, '')]",False,False,3
50.0,50.334,-1,星(ほし)探(さが)して一(ひと)人(り),"[(2, ''), (1, '星(ほし)探(さが)し'), (3, 'て一(ひと)人(り)'), (2, '')]",False,False,3
49.366,50.0,-1,星(ほし)探(さが)して一(ひと)人(り),"[(2, ''), (1, '星(ほし)探(さが)'), (3, 'して一(ひと)人(り)'), (2, '')]",False,False,3
48.866,49.366,-1,星(ほし)探(さが)して一(ひと)人(り),"[(2, ''), (1, '星(ほし)'), (3, '探(さが)して一(ひと)人(り)'), (2, '')]",False,True,3
123.707,124.208,-1,桜(さくら)の花(はな)びらが咲(さ)き始(はじ)める頃(ころ)合(あ)いに,"[(2, ''), (1, '桜(さくら)の花(はな)びらが咲(さ)き始(はじ)める頃(ころ)合(あ)いに'), (2, '')]",True,False,3
123.574,123.707,-1,桜(さくら)の花(はな)びらが咲(さ)き始(はじ)める頃(ころ)合(あ)いに,"[(2, ''), (1, '桜(さくら)の花(はな)びらが咲(さ)き始(はじ)める頃(ころ)合(あ)い'), (3, 'に'), (2, '')]",False,False,3
123.207,123.574,-1,桜(さくら)の花(はな)びらが咲(さ)き始(はじ)める頃(ころ)合(あ)いに,"[(2, ''), (1, '桜(さくら)の花(はな)びらが咲(さ)き始(はじ)める頃(ころ)合(あ)'), (3, 'いに'), (2, '')]",False,False,3
122.906,123.207,-1,桜(さくら)の花(はな)びらが咲(さ)き始(はじ)める頃(ころ)合(あ)いに,"[(2, ''), (1, '桜(さくら)の花(はな)びらが咲(さ)き始(はじ)める頃(ころ)'), (3, '合(あ)いに'), (2, '')]",False,False,3
122.739,122.906,-1,桜(さくら)の花(はな)びらが咲(さ)き始(はじ)める頃(ころ)合(あ)いに,"[(2, ''), (1, '桜(さくら)の花(はな)びらが咲(さ)き始(はじ)める'), (3, '頃(ころ)合(あ)いに'), (2, '')]",False,False,3
122.573,122.739,-1,桜(さくら)の花(はな)びらが咲(さ)き始(はじ)める頃(ころ)合(あ)いに,"[(2, ''), (1, '桜(さくら)の花(はな)びらが咲(さ)き始(はじ)め'), (3, 'る頃(ころ)合(あ)いに'), (2, '')]",False,False,3
121.905,122.573,-1,桜(さくら)の花(はな)びらが咲(さ)き始(はじ)める頃(ころ)合(あ)いに,"[(2, ''), (1, '桜(さくら)の花(はな)びらが咲(さ)き始(はじ)'), (3, 'める頃(ころ)合(あ)いに'), (2, '')]",False,False,3
121.738,121.905,-1,桜(さくら)の花(はな)びらが咲(さ)き始(はじ)める頃(ころ)合(あ)いに,"[(2, ''), (1, '桜(さくら)の花(はな)びらが咲(さ)き'), (3, '始(はじ)める頃(ころ)合(あ)いに'), (2, '')]",False,False,3
121.538,121.738,-1,桜(さくら)の花(はな)びらが咲(さ)き始(はじ)める頃(ころ)合(あ)いに,"[(2, ''), (1, '桜(さくら)の花(はな)びらが咲(さ)'), (3, 'き始(はじ)める頃(ころ)合(あ)いに'), (2, '')]",False,False,3
121.105,121.538,-1,桜(さくら)の花(はな)びらが咲(さ)き始(はじ)める頃(ころ)合(あ)いに,"[(2, ''), (1, '桜(さくら)の花(はな)びらが'), (3, '咲(さ)き始(はじ)める頃(ころ)合(あ)いに'), (2, '')]",False,False,3
120.938,121.105,-1,桜(さくら)の花(はな)びらが咲(さ)き始(はじ)める頃(ころ)合(あ)いに,"[(2, ''), (1, '桜(さくら)の花(はな)びら'), (3, 'が咲(さ)き始(はじ)める頃(ころ)合(あ)いに'), (2, '')]",False,False,3
120.637,120.938,-1,桜(さくら)の花(はな)びらが咲(さ)き始(はじ)める頃(ころ)合(あ)いに,"[(2, ''), (1, '桜(さくら)の花(はな)び'), (3, 'らが咲(さ)き始(はじ)める頃(ころ)合(あ)いに'), (2, '')]",False,False,3
120.304,120.637,-1,桜(さくら)の花(はな)びらが咲(さ)き始(はじ)める頃(ころ)合(あ)いに,"[(2, ''), (1, '桜(さくら)の花(はな)'), (3, 'びらが咲(さ)き始(はじ)める頃(ころ)合(あ)いに'), (2, '')]",False,False,3
120.137,120.304,-1,桜(さくら)の花(はな)びらが咲(さ)き始(はじ)める頃(ころ)合(あ)いに,"[(2, ''), (1, '桜(さくら)の'), (3, '花(はな)びらが咲(さ)き始(はじ)める頃(ころ)合(あ)いに'), (2, '')]",False,False,3
119.269,120.137,-1,桜(さくら)の花(はな)びらが咲(さ)き始(はじ)める頃(ころ)合(あ)いに,"[(2, ''), (1, '桜(さくら)'), (3, 'の花(はな)びらが咲(さ)き始(はじ)める頃(ころ)合(あ)いに'), (2, '')]",False,True,3
20.137,22.106,-1,歌唱：がうる・ぐら,"[(2, ''), (1, '歌唱：がうる・ぐら'), (2, '')]",True,True,0
47.398,48.866,-1,泳(およ)ぎ疲(つか)れて彷徨(さまよ)ってmidnight,"[(2, ''), (1, '泳(およ)ぎ疲(つか)れて彷徨(さまよ)ってmidnight'), (2, '')]",True,False,3
46.897,47.398,-1,泳(およ)ぎ疲(つか)れて彷徨(さまよ)ってmidnight,"[(2, ''), (1, '泳(およ)ぎ疲(つか)れて彷徨(さまよ)ってmid'), (3, 'night'), (2, '')]",False,False,3
46.563,46.897,-1,泳(およ)ぎ疲(つか)れて彷徨(さまよ)ってmidnight,"[(2, ''), (1, '泳(およ)ぎ疲(つか)れて彷徨(さまよ)って'), (3, 'midnight'), (2, '')]",False,False,3
46.23,46.563,-1,泳(およ)ぎ疲(つか)れて彷徨(さまよ)ってmidnight,"[(2, ''), (1, '泳(およ)ぎ疲(つか)れて彷徨(さまよ)っ'), (3, 'てmidnight'), (2, '')]",False,False,3
45.262,46.23,-1,泳(およ)ぎ疲(つか)れて彷徨(さまよ)ってmidnight,"[(2, ''), (1, '泳(およ)ぎ疲(つか)れて彷徨(さまよ)'), (3, 'ってmidnight'), (2, '')]",False,False,3
44.762,45.262,-1,泳(およ)ぎ疲(つか)れて彷徨(さまよ)ってmidnight,"[(2, ''), (1, '泳(およ)ぎ疲(つか)れて'), (3, '彷徨(さまよ)ってmidnight'), (2, '')]",False,False,3
44.294,44.762,-1,泳(およ)ぎ疲(つか)れて彷徨(さまよ)ってmidnight,"[(2, ''), (1, '泳(およ)ぎ疲(つか)れ'), (3, 'て彷徨(さまよ)ってmidnight'), (2, '')]",False,False,3
43.627,44.294,-1,泳(およ)ぎ疲(つか)れて彷徨(さまよ)ってmidnight,"[(2, ''), (1, '泳(およ)ぎ疲(つか)'), (3, 'れて彷徨(さまよ)ってmidnight'), (2, '')]",False,False,3
43.327,43.627,-1,泳(およ)ぎ疲(つか)れて彷徨(さまよ)ってmidnight,"[(2, ''), (1, '泳(およ)ぎ'), (3, '疲(つか)れて彷徨(さまよ)ってmidnight'), (2, '')]",False,False,3
42.659,43.327,-1,泳(およ)ぎ疲(つか)れて彷徨(さまよ)ってmidnight,"[(2, ''), (1, '泳(およ)'), (3, 'ぎ疲(つか)れて彷徨(さまよ)ってmidnight'), (2, '')]",False,True,3
25.376,27.311,-1,海(うみ)の匂(にお)い砂(すな)の浜(はま)スイカ割(わ)り,"[(2, ''), (1, '海(うみ)の匂(にお)い砂(すな)の浜(はま)スイカ割(わ)り'), (2, '')]",True,False,3
25.209,25.376,-1,海(うみ)の匂(にお)い砂(すな)の浜(はま)スイカ割(わ)り,"[(2, ''), (1, '海(うみ)の匂(にお)い砂(すな)の浜(はま)スイカ割(わ)'), (3, 'り'), (2, '')]",False,False,3
25.042,25.209,-1,海(うみ)の匂(にお)い砂(すな)の浜(はま)スイカ割(わ)り,"[(2, ''), (1, '海(うみ)の匂(にお)い砂(すな)の浜(はま)スイカ'), (3, '割(わ)り'), (2, '')]",False,False,3
24.908,25.042,-1,海(うみ)の匂(にお)い砂(すな)の浜(はま)スイカ割(わ)り,"[(2, ''), (1, '海(うみ)の匂(にお)い砂(すな)の浜(はま)スイ'), (3, 'カ割(わ)り'), (2, '')]",False,False,3
24.742,24.908,-1,海(うみ)の匂(にお)い砂(すな)の浜(はま)スイカ割(わ)り,"[(2, ''), (1, '海(うみ)の匂(にお)い砂(すな)の浜(はま)ス'), (3, 'イカ割(わ)り'), (2, '')]",False,False,3
23.874,24.742,-1,海(うみ)の匂(にお)い砂(すな)の浜(はま)スイカ割(わ)り,"[(2, ''), (1, '海(うみ)の匂(にお)い砂(すな)の浜(はま)'), (3, 'スイカ割(わ)り'), (2, '')]",False,False,3
23.741,23.874,-1,海(うみ)の匂(にお)い砂(すな)の浜(はま)スイカ割(わ)り,"[(2, ''), (1, '海(うみ)の匂(にお)い砂(すな)の'), (3, '浜(はま)スイカ割(わ)り'), (2, '')]",False,False,3
23.44,23.741,-1,海(うみ)の匂(にお)い砂(すな)の浜(はま)スイカ割(わ)り,"[(2, ''), (1, '海(うみ)の匂(にお)い砂(すな)'), (3, 'の浜(はま)スイカ割(わ)り'), (2, '')]",False,False,3
23.073,23.44,-1,海(うみ)の匂(にお)い砂(すな)の浜(はま)スイカ割(わ)り,"[(2, ''), (1, '海(うみ)の匂(にお)い'), (3, '砂(すな)の浜(はま)スイカ割(わ)り'), (2, '')]",False,False,3
22.606,23.073,-1,海(うみ)の匂(にお)い砂(すな)の浜(はま)スイカ割(わ)り,"[(2, ''), (1, '海(うみ)の匂(にお)'), (3, 'い砂(すな)の浜(はま)スイカ割(わ)り'), (2, '')]",False,False,3
22.406,22.606,-1,海(うみ)の匂(にお)い砂(すな)の浜(はま)スイカ割(わ)り,"[(2, ''), (1, '海(うみ)の'), (3, '匂(にお)い砂(すな)の浜(はま)スイカ割(わ)り'), (2, '')]",False,False,3
22.106,22.406,-1,海(うみ)の匂(にお)い砂(すな)の浜(はま)スイカ割(わ)り,"[(2, ''), (1, '海(うみ)'), (3, 'の匂(にお)い砂(すな)の浜(はま)スイカ割(わ)り'), (2, '')]",False,True,3
41.025,42.659,-1,濡(ぬ)れ髪(がみ)をかき上(あ)げて笑(わら)った,"[(2, ''), (1, '濡(ぬ)れ髪(がみ)をかき上(あ)げて笑(わら)った'), (2, '')]",True,False,3
40.724,41.025,-1,濡(ぬ)れ髪(がみ)をかき上(あ)げて笑(わら)った,"[(2, ''), (1, '濡(ぬ)れ髪(がみ)をかき上(あ)げて笑(わら)っ'), (3, 'た'), (2, '')]",False,False,3
40.057,40.724,-1,濡(ぬ)れ髪(がみ)をかき上(あ)げて笑(わら)った,"[(2, ''), (1, '濡(ぬ)れ髪(がみ)をかき上(あ)げて笑(わら)'), (3, 'った'), (2, '')]",False,False,3
39.757,40.057,-1,濡(ぬ)れ髪(がみ)をかき上(あ)げて笑(わら)った,"[(2, ''), (1, '濡(ぬ)れ髪(がみ)をかき上(あ)げて'), (3, '笑(わら)った'), (2, '')]",False,False,3
39.59,39.757,-1,濡(ぬ)れ髪(がみ)をかき上(あ)げて笑(わら)った,"[(2, ''), (1, '濡(ぬ)れ髪(がみ)をかき上(あ)げ'), (3, 'て笑(わら)った'), (2, '')]",False,False,3
39.39,39.59,-1,濡(ぬ)れ髪(がみ)をかき上(あ)げて笑(わら)った,"[(2, ''), (1, '濡(ぬ)れ髪(がみ)をかき上(あ)'), (3, 'げて笑(わら)った'), (2, '')]",False,False,3
39.256,39.39,-1,濡(ぬ)れ髪(がみ)をかき上(あ)げて笑(わら)った,"[(2, ''), (1, '濡(ぬ)れ髪(がみ)をかき'), (3, '上(あ)げて笑(わら)った'), (2, '')]",False,False,3
39.089,39.256,-1,濡(ぬ)れ髪(がみ)をかき上(あ)げて笑(わら)った,"[(2, ''), (1, '濡(ぬ)れ髪(がみ)をか'), (3, 'き上(あ)げて笑(わら)った'), (2, '')]",False,False,3
38.455,39.089,-1,濡(ぬ)れ髪(がみ)をかき上(あ)げて笑(わら)った,"[(2, ''), (1, '濡(ぬ)れ髪(がみ)を'), (3, 'かき上(あ)げて笑(わら)った'), (2, '')]",False,False,3
38.122,38.455,-1,濡(ぬ)れ髪(がみ)をかき上(あ)げて笑(わら)った,"[(2, ''), (1, '濡(ぬ)れ髪(がみ)'), (3, 'をかき上(あ)げて笑(わら)った'), (2, '')]",False,False,3
37.955,38.122,-1,濡(ぬ)れ髪(がみ)をかき上(あ)げて笑(わら)った,"[(2, ''), (1, '濡(ぬ)れ'), (3, '髪(がみ)をかき上(あ)げて笑(わら)った'), (2, '')]",False,False,3
37.788,37.955,-1,濡(ぬ)れ髪(がみ)をかき上(あ)げて笑(わら)った,"[(2, ''), (1, '濡(ぬ)'), (3, 'れ髪(がみ)をかき上(あ)げて笑(わら)った'), (2, '')]",False,True,3
113.63,114.064,-1,片(かた)っぽずつ着(つ)けた手(て)袋(ぶくろ)と雪(ゆき)だるま,"[(2, ''), (1, '片(かた)っぽずつ着(つ)けた手(て)袋(ぶくろ)と雪(ゆき)だるま'), (2, '')]",True,False,3
113.43,113.63,-1,片(かた)っぽずつ着(つ)けた手(て)袋(ぶくろ)と雪(ゆき)だるま,"[(2, ''), (1, '片(かた)っぽずつ着(つ)けた手(て)袋(ぶくろ)と雪(ゆき)だる'), (3, 'ま'), (2, '')]",False,False,3
113.263,113.43,-1,片(かた)っぽずつ着(つ)けた手(て)袋(ぶくろ)と雪(ゆき)だるま,"[(2, ''), (1, '片(かた)っぽずつ着(つ)けた手(て)袋(ぶくろ)と雪(ゆき)だ'), (3, 'るま'), (2, '')]",False,False,3
112.796,113.263,-1,片(かた)っぽずつ着(つ)けた手(て)袋(ぶくろ)と雪(ゆき)だるま,"[(2, ''), (1, '片(かた)っぽずつ着(つ)けた手(て)袋(ぶくろ)と雪(ゆき)'), (3, 'だるま'), (2, '')]",False,False,3
112.629,112.796,-1,片(かた)っぽずつ着(つ)けた手(て)袋(ぶくろ)と雪(ゆき)だるま,"[(2, ''), (1, '片(かた)っぽずつ着(つ)けた手(て)袋(ぶくろ)と'), (3, '雪(ゆき)だるま'), (2, '')]",False,False,3
112.129,112.629,-1,片(かた)っぽずつ着(つ)けた手(て)袋(ぶくろ)と雪(ゆき)だるま,"[(2, ''), (1, '片(かた)っぽずつ着(つ)けた手(て)袋(ぶくろ)'), (3, 'と雪(ゆき)だるま'), (2, '')]",False,False,3
111.962,112.129,-1,片(かた)っぽずつ着(つ)けた手(て)袋(ぶくろ)と雪(ゆき)だるま,"[(2, ''), (1, '片(かた)っぽずつ着(つ)けた手(て)'), (3, '袋(ぶくろ)と雪(ゆき)だるま'), (2, '')]",False,False,3
111.829,111.962,-1,片(かた)っぽずつ着(つ)けた手(て)袋(ぶくろ)と雪(ゆき)だるま,"[(2, ''), (1, '片(かた)っぽずつ着(つ)けた'), (3, '手(て)袋(ぶくろ)と雪(ゆき)だるま'), (2, '')]",False,False,3
111.628,111.829,-1,片(かた)っぽずつ着(つ)けた手(て)袋(ぶくろ)と雪(ゆき)だるま,"[(2, ''), (1, '片(かた)っぽずつ着(つ)け'), (3, 'た手(て)袋(ぶくろ)と雪(ゆき)だるま'), (2, '')]",False,False,3
111.462,111.628,-1,片(かた)っぽずつ着(つ)けた手(て)袋(ぶくろ)と雪(ゆき)だるま,"[(2, ''), (1, '片(かた)っぽずつ着(つ)'), (3, 'けた手(て)袋(ぶくろ)と雪(ゆき)だるま'), (2, '')]",False,False,3
111.328,111.462,-1,片(かた)っぽずつ着(つ)けた手(て)袋(ぶくろ)と雪(ゆき)だるま,"[(2, ''), (1, '片(かた)っぽずつ'), (3, '着(つ)けた手(て)袋(ぶくろ)と雪(ゆき)だるま'), (2, '')]",False,False,3
111.161,111.328,-1,片(かた)っぽずつ着(つ)けた手(て)袋(ぶくろ)と雪(ゆき)だるま,"[(2, ''), (1, '片(かた)っぽず'), (3, 'つ着(つ)けた手(て)袋(ぶくろ)と雪(ゆき)だるま'), (2, '')]",False,False,3
110.994,111.161,-1,片(かた)っぽずつ着(つ)けた手(て)袋(ぶくろ)と雪(ゆき)だるま,"[(2, ''), (1, '片(かた)っぽ'), (3, 'ずつ着(つ)けた手(て)袋(ぶくろ)と雪(ゆき)だるま'), (2, '')]",False,False,3
110.828,110.994,-1,片(かた)っぽずつ着(つ)けた手(て)袋(ぶくろ)と雪(ゆき)だるま,"[(2, ''), (1, '片(かた)っ'), (3, 'ぽずつ着(つ)けた手(て)袋(ぶくろ)と雪(ゆき)だるま'), (2, '')]",False,False,3
110.494,110.828,-1,片(かた)っぽずつ着(つ)けた手(て)袋(ぶくろ)と雪(ゆき)だるま,"[(2, ''), (1, '片(かた)'), (3, 'っぽずつ着(つ)けた手(て)袋(ぶくろ)と雪(ゆき)だるま'), (2, '')]",False,True,3
136.053,136.286,-1,眠(ねむ)れない夜(よる)には,"[(2, ''), (1, '眠(ねむ)れない夜(よる)には'), (2, '')]",True,False,3
135.919,136.053,-1,眠(ねむ)れない夜(よる)には,"[(2, ''), (1, '眠(ねむ)れない夜(よる)に'), (3, 'は'), (2, '')]",False,False,3
135.586,135.919,-1,眠(ねむ)れない夜(よる)には,"[(2, ''), (1, '眠(ねむ)れない夜(よる)'), (3, 'には'), (2, '')]",False,False,3
135.419,135.586,-1,眠(ねむ)れない夜(よる)には,"[(2, ''), (1, '眠(ねむ)れない'), (3, '夜(よる)には'), (2, '')]",False,False,3
135.252,135.419,-1,眠(ねむ)れない夜(よる)には,"[(2, ''), (1, '眠(ねむ)れな'), (3, 'い夜(よる)には'), (2, '')]",False,False,3
134.952,135.252,-1,眠(ねむ)れない夜(よる)には,"[(2, ''), (1, '眠(ねむ)れ'), (3, 'ない夜(よる)には'), (2, '')]",False,False,3
134.618,134.952,-1,眠(ねむ)れない夜(よる)には,"[(2, ''), (1, '眠(ねむ)'), (3, 'れない夜(よる)には'), (2, '')]",False,False,3
70.854,71.055,-1,眠(ねむ)れない夜(よる)には,"[(2, ''), (1, '眠(ねむ)れない夜(よる)には'), (2, '')]",False,False,3
70.687,70.854,-1,眠(ねむ)れない夜(よる)には,"[(2, ''), (1, '眠(ねむ)れない夜(よる)に'), (3, 'は'), (2, '')]",False,False,3
70.387,70.687,-1,眠(ねむ)れない夜(よる)には,"[(2, ''), (1, '眠(ねむ)れない夜(よる)'), (3, 'には'), (2, '')]",False,False,3
70.22,70.387,-1,眠(ねむ)れない夜(よる)には,"[(2, ''), (1, '眠(ねむ)れない'), (3, '夜(よる)には'), (2, '')]",False,False,3
70.02,70.22,-1,眠(ねむ)れない夜(よる)には,"[(2, ''), (1, '眠(ねむ)れな'), (3, 'い夜(よる)には'), (2, '')]",False,False,3
69.72,70.02,-1,眠(ねむ)れない夜(よる)には,"[(2, ''), (1, '眠(ねむ)れ'), (3, 'ない夜(よる)には'), (2, '')]",False,False,3
69.386,69.72,-1,眠(ねむ)れない夜(よる)には,"[(2, ''), (1, '眠(ねむ)'), (3, 'れない夜(よる)には'), (2, '')]",False,False,3
5.656,5.823,-1,眠(ねむ)れない夜(よる)には,"[(2, ''), (1, '眠(ねむ)れない夜(よる)には'), (2, '')]",False,False,3
5.489,5.656,-1,眠(ねむ)れない夜(よる)には,"[(2, ''), (1, '眠(ねむ)れない夜(よる)に'), (3, 'は'), (2, '')]",False,False,3
5.155,5.489,-1,眠(ねむ)れない夜(よる)には,"[(2, ''), (1, '眠(ねむ)れない夜(よる)'), (3, 'には'), (2, '')]",False,False,3
4.989,5.155,-1,眠(ねむ)れない夜(よる)には,"[(2, ''), (1, '眠(ねむ)れない'), (3, '夜(よる)には'), (2, '')]",False,False,3
4.788,4.989,-1,眠(ねむ)れない夜(よる)には,"[(2, ''), (1, '眠(ねむ)れな'), (3, 'い夜(よる)には'), (2, '')]",False,False,3
4.521,4.788,-1,眠(ねむ)れない夜(よる)には,"[(2, ''), (1, '眠(ねむ)れ'), (3, 'ない夜(よる)には'), (2, '')]",False,False,3
4.154,4.521,-1,眠(ねむ)れない夜(よる)には,"[(2, ''), (1, '眠(ねむ)'), (3, 'れない夜(よる)には'), (2, '')]",False,True,3
17.534,20.137,-1,編曲：honeyworksmarumochi,"[(2, ''), (1, '編曲：honeyworksmarumochi'), (2, '')]",True,True,0
118.001,118.335,-1,胸(むね)が騒(さわ)いだ,"[(2, ''), (1, '胸(むね)が騒(さわ)いだ'), (2, '')]",True,False,3
117.768,118.001,-1,胸(むね)が騒(さわ)いだ,"[(2, ''), (1, '胸(むね)が騒(さわ)い'), (3, 'だ'), (2, '')]",False,False,3
117.367,117.768,-1,胸(むね)が騒(さわ)いだ,"[(2, ''), (1, '胸(むね)が騒(さわ)'), (3, 'いだ'), (2, '')]",False,False,3
117.134,117.367,-1,胸(むね)が騒(さわ)いだ,"[(2, ''), (1, '胸(むね)が'), (3, '騒(さわ)いだ'), (2, '')]",False,False,3
116.7,117.134,-1,胸(むね)が騒(さわ)いだ,"[(2, ''), (1, '胸(むね)'), (3, 'が騒(さわ)いだ'), (2, '')]",False,True,3
57.841,59.309,-1,自(じ)分(ぶん)で選(えら)んだ道(みち)の途(と)中(ちゅう)で,"[(2, ''), (1, '自(じ)分(ぶん)で選(えら)んだ道(みち)の途(と)中(ちゅう)で'), (2, '')]",True,False,3
57.007,57.841,-1,自(じ)分(ぶん)で選(えら)んだ道(みち)の途(と)中(ちゅう)で,"[(2, ''), (1, '自(じ)分(ぶん)で選(えら)んだ道(みち)の途(と)中(ちゅう)'), (3, 'で'), (2, '')]",False,False,3
56.707,57.007,-1,自(じ)分(ぶん)で選(えら)んだ道(みち)の途(と)中(ちゅう)で,"[(2, ''), (1, '自(じ)分(ぶん)で選(えら)んだ道(みち)の途(と)'), (3, '中(ちゅう)で'), (2, '')]",False,False,3
56.373,56.707,-1,自(じ)分(ぶん)で選(えら)んだ道(みち)の途(と)中(ちゅう)で,"[(2, ''), (1, '自(じ)分(ぶん)で選(えら)んだ道(みち)の'), (3, '途(と)中(ちゅう)で'), (2, '')]",False,False,3
55.706,56.373,-1,自(じ)分(ぶん)で選(えら)んだ道(みち)の途(と)中(ちゅう)で,"[(2, ''), (1, '自(じ)分(ぶん)で選(えら)んだ道(みち)'), (3, 'の途(と)中(ちゅう)で'), (2, '')]",False,False,3
55.239,55.706,-1,自(じ)分(ぶん)で選(えら)んだ道(みち)の途(と)中(ちゅう)で,"[(2, ''), (1, '自(じ)分(ぶん)で選(えら)んだ'), (3, '道(みち)の途(と)中(ちゅう)で'), (2, '')]",False,False,3
55.072,55.239,-1,自(じ)分(ぶん)で選(えら)んだ道(みち)の途(と)中(ちゅう)で,"[(2, ''), (1, '自(じ)分(ぶん)で選(えら)ん'), (3, 'だ道(みち)の途(と)中(ちゅう)で'), (2, '')]",False,False,3
54.405,55.072,-1,自(じ)分(ぶん)で選(えら)んだ道(みち)の途(と)中(ちゅう)で,"[(2, ''), (1, '自(じ)分(ぶん)で選(えら)'), (3, 'んだ道(みち)の途(と)中(ちゅう)で'), (2, '')]",False,False,3
54.104,54.405,-1,自(じ)分(ぶん)で選(えら)んだ道(みち)の途(と)中(ちゅう)で,"[(2, ''), (1, '自(じ)分(ぶん)で'), (3, '選(えら)んだ道(みち)の途(と)中(ちゅう)で'), (2, '')]",False,False,3
53.437,54.104,-1,自(じ)分(ぶん)で選(えら)んだ道(みち)の途(と)中(ちゅう)で,"[(2, ''), (1, '自(じ)分(ぶん)'), (3, 'で選(えら)んだ道(みち)の途(と)中(ちゅう)で'), (2, '')]",False,False,3
53.07,53.437,-1,自(じ)分(ぶん)で選(えら)んだ道(みち)の途(と)中(ちゅう)で,"[(2, ''), (1, '自(じ)'), (3, '分(ぶん)で選(えら)んだ道(みち)の途(と)中(ちゅう)で'), (2, '')]",False,True,3
