Index	Title	ID	Language
0	【Original Animation MV】Unison【hololive⧸宝鐘マリン】	_VIeV_LZXHM	ja
1	⚙original song 『リルビ-little bit-』⧸ロボ子さん	K8n-pGOrpzc	ja
2	【オリジナル曲】HiHiハイテンション!	-ivI-Vb920I	ja
3	【Original】ヒロインオーディション 3DMV【ホロライブ⧸アキ・ローゼンタール】	eN--w_NA6hs	ja
4	夢見る羊／角巻わため【original】	ozH28qYrMy4	ja
5	君色ハナミズキ／角巻わため【original】	i6ePlXqZa88	ja
6	【Animation MV】 My song ⧸ 角巻わため 【original】	6VGkeUaX-zk	ja
7	RAINBOW／角巻わため【original】	RMZNjFkJK7E	ja
8	Everlasting Soul／角巻わため【original】	5KsXVs8Vg7U	ja
9	おはようのうた／角巻わため【original】	PaCYw28Ta-w	ja
10	キミだけのメロディ／角巻わため【original】	l44ih2KWJAo	ja
11	曇天羊／角巻わため feat.Calliope Mori【original】	DGun2cWbPEM	ja
12	愛昧ショコラーテ／角巻わため【original】	P8OjkcLzYCM	ja
13	バブルラブ／角巻わため(Cover)	2I3oQIF6UaU	ja
14	メランコリック-wataAme remix-／角巻わため(Cover)	i6woCvMq5Xg	ja
15	【 #わたフィ】Vampire ⧸ ヴァンパイア  - COVER【 Airani iofifteen ⧸ Tsunomaki Watame 】	pCle6CqymLY	ja
16	【オリジナル曲】　Palette⧸常闇トワ　【フルMV】	Ud73fm4Uoq0	ja
17	【MV】Blooming in the Mud ・泥中に咲く  - ウォルピスカーター ｜｜ HAKOS BAELZ X TOKOYAMI TOWA COVER	08J6WAmX100	ja
18	沙花叉クロヱ MV - 「擬態ごっこ」	rtw9iea8QIw	ja
19	【COVER】Turing Love ｜ チューリングラブ【Moona ft Pekora ｜ ムーナ／ぺこら】	ZRCzLtCsIQs	ja
20	『ホロライブ・オルタナティブ』 ティザーPV（Fullver）	3RxlzJWWzdY	ja
21	【Original MV】浸食!! 地球全域全おーしゃん🌊🌊🌊 （Short ver.）【#UMISEA　好評配信中！】	MKEb-Ox1KEw	ja
22	【MV】Till the end of me ⧸ IRyS【Original Song】	eM3QQXzOzVE	ja
23	【MV】See the world ⧸ IRyS【Original Song】	bhkfm1dX7BM	ja
24	【MV】HERE COMES HOPE -IRyS【Original Song】	-t8Za0T1T8M	ja
25	キュートなカノジョ - Ceres Fauna 【COVER】	IdgKmhbsZt0	ja
26	【Cover】Bakushou ⧸ 爆笑 - Ouro Kronii	7HiAIzjTnxE	ja
27	「Cover」QUEEN - preYdator	lbnr0ReWfVQ	ja
28	「Cover」Dilemma ⧸ ジレンマ - Nanashi Mumei	x_MPvKf0IDE	ja
29	【MV】アニマル  ｜｜ preYdator COVER	G4upepd3jAU	ja
30	【MV】STRANGE - ¿？ ｜｜ HAKOS BAELZ COVER	s2wIscd82QE	ja
31	Stellar Stellar ⧸ 星街すいせい(official)	a51VH9BYzZA	ja
32	🌱original song 『コトノハ』⧸ロボ子さん	5A_RqpENxvg	ja
33	【MV】おにけもだんす ⧸ いろはにほへっと あやふぶみ【楽曲好評配信中！】	4Hg0Nchl3HU	ja
34	【Blu-ray発売記念に】『百花繚乱花吹雪』踊ってみた ⧸ hololive IDOL PROJECT【白上フブキ⧸百鬼あやめ⧸大神ミオ】	epdhy8MBje8	ja
35	【MV】鬼灯日和 ⧸ いろはにほへっと あやふぶみ【楽曲好評配信中！】	AvOu9B5rsdA	ja
36	宵の余、良い！⧸ 百鬼あやめ original	ECkxzFgbJqQ	ja
37	【オリジナル曲】『至上主義アドトラック』試聴動画 【夏色まつり, 大神ミオ, 不知火フレア】	x1BGG98tcrg	ja
38	キセキ結び - ホロライブ4期生	k7cpjmkc1Rw	ja
39	【おちゃめ機能】ホロライブが吹っ切れた【24人で歌ってみた】	9kQ2GtvDV3s	ja
40	【MV】マドロミ ⧸ 天音かなた・常闇トワ【ディープインサニティ アサイラム ゲーム主題歌】	23nEnPOXLEk	ja
41	【Blu-ray発売直前】大切フォトグラフ⧸ hololive IDOL PROJECT【Bloom, ダイジェストMV】	08zYuyX3mRo	ja
42	ししわたクッキング ⧸ 角巻わため×獅白ぼたん【original】	fsPSaFbonGo	ja
43	Holidays!／角巻わため【original】	keZcK802kV4	ja
44	mayday,mayday／角巻わため【original】	L_JvgkZ04t0	ja
45	御伽の詩と永久なるミライ／角巻わため【original】	ndNWnIAdhZo	ja
46	Pittari Shitai X'mas - Kiara x Watame x Kobo 【COVER】	EW_0FOYCvjs	ja
47	【MV】Over Time ⧸ ORIO【天音かなた・常闇トワ】	5ArDbvfds9k	ja
48	【ORIGINAL SONG+MV】屋根裏のエピローグ - Omaru Polka【尾丸ポルカ】	uefGU_oOCdk	ja
49	【ORIGINAL SONG+MV】サイキョウチックポルカ - Omaru Polka【尾丸ポルカ】	0bo6MVQxY6Y	ja
50	【ORIGINAL SONG+MV】HOLOGRAM CIRCUS - Omaru Polka【尾丸ポルカ⧸ホロライブ】	LQ_eazT56FA	ja
51	【ORIGINAL SONG+MV】Pastel Tea Time - Omaru Polka【尾丸ポルカ⧸ホロライブ】	kdYAZZ5SOFk	ja
52	sweet night, sweet time…／角巻わため【original】	B3rZm2cN5ZY	ja
53	【オリジナル曲】『BLUE CLAPPER』試聴動画 【雪花ラミィ, 桃鈴ねね, 獅白ぼたん, 尾丸ポルカ】	3qkXc6zheig	ja
54	【ORIGINAL SONG+MV】ペルソナ - Omaru Polka【尾丸ポルカ⧸ホロライブ】	g-K6PJi7b0o	ja
55	【Original Song】愛の小さな歌 ｜｜ Ai no Chiisana Uta - Moona Hoshinova	q4N7EhUWOAA	ja
56	【COVER】可愛くなりたい [ Kawaiku Naritai ] - HoneyWorks【Moona ft @PavoliaReine 】	Hya6rBRCd6Y	ja
57	【 IOFI x MOONA 】劣等上等  BRING IT ON  - COVER【＃ioMoona 】	nTuz_POqV9c	ja
58	【Cover】Ochame Kinou - hololive Indonesia (Generasi 2 Ver.)	eJjz3owWnbU	ja
59	【cover】 ギラギラ(Gira Gira)  ⧸ Anya Melfissa	ZmM5OgXXVA4	ja
60	【Cover】愛Dee (Ai Dee) ⧸ Pavolia Reine × Momosuzu Nene	o_xMgw2j9v8	ja
61	【COVER】The World's Continuation ⧸ 世界のつづき ⧸ Calliope Mori (ONE PIECE： FILM RED)	XmoOgPsSPTI	ja
62	Heart Challenger - Takanashi Kiara (Official Music Video)	KpSLiHAYe7k	ja
63	『VIOLET』 - Ninomae Ina'nis	8ZdLXELdF9Q	ja
64	Ochame Kinou - hololive English Cover	uFJHdT_ie9U	ja
65	【MV】Moment of my life ⧸ IRyS【Original Song】	_4Rfg8R4lOU	ja
66	Caesura of Despair - Animation MV	rDyZ3VgjcCE	ja
67	【Cover】Kimagure Mercy ⧸ 気まぐれメルシィ - Ouro Kronii	IQmeKe43FdY	ja
68	【Cover】MAFIA ⧸ マフィア - Ouro Kronii	iEr1aBephZ8	ja
69	【Original Song MV】Daydream - Ouro Kronii	6W749jRBg-4	ja
70	「Cover」Stellar Stellar - Nanashi Mumei	ql0cz-62ff0	ja
71	Dan Dan Don Don	RRq4-uktHiI	ja
72	「Cover」The Forgotten Song - Nanashi Mumei	P-bBKa8Bb_Q	ja
73	【MV】Suki Dakara・好きだから。 ／ 『ユイカ』 ｜｜ HAKOS BAELZ  X  H A Y K O	eH04zjJp8iE	ja
74	【MV】暁・Dawn - Akatsuki no Yona ｜｜ HAKOS BAELZ COVER	otVcHo52oOU	ja
75	【ホロライブ・サマー2022 MV第4弾】ホロライブJP35名で踊る『Shiny Smily Story (2022 ver.)』ショートMV	vQOPE6kHeoU	ja
76	【ホロライブ・サマー2022 MV第2弾】『ホロメン音頭』【みんなで踊ろうYAGOO Ver.】	s_uiT5C8BjQ	ja
77	【MV】よくばりキュートガール ⧸ NEGI☆U【湊あくあ・大空スバル・桃鈴ねね】	WCJ22SU5sBs	ja
78	【オリジナル曲】『Suspect』試聴動画 【ロボ子さん, アキ・ローゼンタール, 百鬼あやめ】	6sHk3CYD-IA	ja
79	【オリジナル曲】『でいり～だいあり～！』試聴動画 【夏色まつり, 大空スバル, さくらみこ, 白銀ノエル, 宝鐘マリン】	trKQ_PG4Z98	ja
80	【オリジナル曲】『百花繚乱花吹雪』試聴動画 【白上フブキ, 百鬼あやめ, 大神ミオ】	K84w0Iai40k	ja
81	【オリジナル曲】『あすいろClearSky』ショートMV【ロボ子さん, 夜空メル, アキ・ローゼンタール, 夏色まつり, 湊あくあ, 大神ミオ,さくらみこ, 不知火フレア, 常闇トワ】	UYyzAlbcw8w	ja
82	【オリジナル曲】『Dreaming Days』試聴動画 【白上フブキ, 夏色まつり, 紫咲シオン, 百鬼あやめ, 癒月ちょこ, 大空スバル, 兎田ぺこら, 宝鐘マリン, 天音かなた】	vyUYybXWtak	ja
83	【オリジナル曲】『STARDUST SONG』試聴動画 【不知火フレア, 天音かなた, 常闇トワ】	Hye06iM9640	ja
84	【オリジナル曲】『Candy-Go-Round』試聴動画 【ロボ子さん, 夜空メル, アキ・ローゼンタール, 湊あくあ, 不知火フレア】	Ciq_CDwmICU	ja
85	【original anime MV】I’m Your Treasure Box ＊あなたは マリンせんちょうを たからばこからみつけた。【hololive⧸宝鐘マリン】	vV-5W7SFHDc	ja
86	【ホロライブ・サマー2022 MV第1弾】『飛んでK！ホロライブサマー』ショートMV【ホロライブ】	zHD5MCUezVo	ja
87	REFLECT - Gawr Gura	nCQ_zZIiGLA	ja
88	【ANIMATION MV】A Million Miles Away - BELLE ｜｜ HAKOS BAELZ COVER	YzS26Ao3vt8	ja
89	【歌ってみた】lemon ⧸ 米津玄師【Kotone(天神子兎音)cover】	HnkNKssyXmM	ja
90	【歌ってみた】劣等上等 ⧸ ギガ【流石乃ルキ × Kotone(天神子兎音)coverコラボ】	omtKQ5Q_v08	ja
91	Kotone 「Erase」 MV	Mc_sQ85y2Ec	ja
92	【天神子兎音】フーアーユーなんて言わないで【オリジナル曲】	lB0TkRmEXQA	ja
