start,end,position,line,text,unformatted
13.397,13.664,64,0,<2></c><3>disu</c><4>oodaasukikatteyattemaita</c><2></c><4>mukuinotaneofunde</c><2></c>,disuoodaasukikatteyattemaitamukuinotaneofunde
13.664,13.998,64,0,<2></c><3>disuoo</c><4>daasukikatteyattemaita</c><2></c><4>mukuinotaneofunde</c><2></c>,disuoodaasukikatteyattemaitamukuinotaneofunde
13.998,14.264,64,0,<2></c><3>disuoodaa</c><4>sukikatteyattemaita</c><2></c><4>mukuinotaneofunde</c><2></c>,disuoodaasukikatteyattemaitamukuinotaneofunde
14.264,14.365,64,0,<2></c><3>disuoodaa</c><1>su</c><4>kikatteyattemaita</c><2></c><4>mukuinotaneofunde</c><2></c>,disuoodaasukikatteyattemaitamukuinotaneofunde
14.365,14.531,64,0,<2></c><3>disuoodaa</c><1>suki</c><4>katteyattemaita</c><2></c><4>mukuinotaneofunde</c><2></c>,disuoodaasukikatteyattemaitamukuinotaneofunde
14.531,14.665,64,0,<2></c><3>disuoodaa</c><1>sukika</c><4>tteyattemaita</c><2></c><4>mukuinotaneofunde</c><2></c>,disuoodaasukikatteyattemaitamukuinotaneofunde
14.665,14.798,64,0,<2></c><3>disuoodaa</c><1>sukikat</c><4>teyattemaita</c><2></c><4>mukuinotaneofunde</c><2></c>,disuoodaasukikatteyattemaitamukuinotaneofunde
14.798,14.932,64,0,<2></c><3>disuoodaa</c><1>sukikatte</c><4>yattemaita</c><2></c><4>mukuinotaneofunde</c><2></c>,disuoodaasukikatteyattemaitamukuinotaneofunde
14.932,15.099,64,0,<2></c><3>disuoodaa</c><1>sukikatteya</c><4>ttemaita</c><2></c><4>mukuinotaneofunde</c><2></c>,disuoodaasukikatteyattemaitamukuinotaneofunde
15.099,15.265,64,0,<2></c><3>disuoodaa</c><1>sukikatteyat</c><4>temaita</c><2></c><4>mukuinotaneofunde</c><2></c>,disuoodaasukikatteyattemaitamukuinotaneofunde
15.265,15.399,64,0,<2></c><3>disuoodaa</c><1>sukikatteyatte</c><4>maita</c><2></c><4>mukuinotaneofunde</c><2></c>,disuoodaasukikatteyattemaitamukuinotaneofunde
15.399,15.532,64,0,<2></c><3>disuoodaa</c><1>sukikatteyattema</c><4>ita</c><2></c><4>mukuinotaneofunde</c><2></c>,disuoodaasukikatteyattemaitamukuinotaneofunde
15.532,15.632,64,0,<2></c><3>disuoodaa</c><1>sukikatteyattemai</c><4>ta</c><2></c><4>mukuinotaneofunde</c><2></c>,disuoodaasukikatteyattemaitamukuinotaneofunde
15.632,15.766,64,0,<2></c><3>disuoodaa</c><1>sukikatteyattemaita</c><2></c><4>mukuinotaneofunde</c><2></c>,disuoodaasukikatteyattemaitamukuinotaneofunde
15.766,15.933,64,0,<2></c><3>disuoodaa</c><1>sukikatteyattemaita</c><2></c><1>mu</c><4>kuinotaneofunde</c><2></c>,disuoodaasukikatteyattemaitamukuinotaneofunde
15.933,16.066,64,0,<2></c><3>disuoodaa</c><1>sukikatteyattemaita</c><2></c><1>muku</c><4>inotaneofunde</c><2></c>,disuoodaasukikatteyattemaitamukuinotaneofunde
16.066,16.2,64,0,<2></c><3>disuoodaa</c><1>sukikatteyattemaita</c><2></c><1>mukui</c><4>notaneofunde</c><2></c>,disuoodaasukikatteyattemaitamukuinotaneofunde
16.2,16.333,64,0,<2></c><3>disuoodaa</c><1>sukikatteyattemaita</c><2></c><1>mukuino</c><4>taneofunde</c><2></c>,disuoodaasukikatteyattemaitamukuinotaneofunde
16.333,16.533,64,0,<2></c><3>disuoodaa</c><1>sukikatteyattemaita</c><2></c><1>mukuinota</c><4>neofunde</c><2></c>,disuoodaasukikatteyattemaitamukuinotaneofunde
16.533,16.633,64,0,<2></c><3>disuoodaa</c><1>sukikatteyattemaita</c><2></c><1>mukuinotane</c><4>ofunde</c><2></c>,disuoodaasukikatteyattemaitamukuinotaneofunde
16.633,16.867,64,0,<2></c><3>disuoodaa</c><1>sukikatteyattemaita</c><2></c><1>mukuinotaneo</c><4>funde</c><2></c>,disuoodaasukikatteyattemaitamukuinotaneofunde
16.867,16.967,64,0,<2></c><3>disuoodaa</c><1>sukikatteyattemaita</c><2></c><1>mukuinotaneofu</c><4>nde</c><2></c>,disuoodaasukikatteyattemaitamukuinotaneofunde
16.967,17.067,64,0,<2></c><3>disuoodaa</c><1>sukikatteyattemaita</c><2></c><1>mukuinotaneofun</c><4>de</c><2></c>,disuoodaasukikatteyattemaitamukuinotaneofunde
17.067,17.501,64,0,<2></c><3>disuoodaa</c><1>sukikatteyattemaita</c><2></c><1>mukuinotaneofunde</c><2></c>,disuoodaasukikatteyattemaitamukuinotaneofunde
17.501,17.634,75,0,<2></c><1>i</c><4>norinoutamotodokanaikonomachija</c><2></c><4>bouryokugaoniaidaroune</c><2></c>,inorinoutamotodokanaikonomachijabouryokugaoniaidaroune
17.634,17.835,75,0,<2></c><1>ino</c><4>rinoutamotodokanaikonomachija</c><2></c><4>bouryokugaoniaidaroune</c><2></c>,inorinoutamotodokanaikonomachijabouryokugaoniaidaroune
17.835,17.968,75,0,<2></c><1>inori</c><4>noutamotodokanaikonomachija</c><2></c><4>bouryokugaoniaidaroune</c><2></c>,inorinoutamotodokanaikonomachijabouryokugaoniaidaroune
17.968,18.102,75,0,<2></c><1>inorino</c><4>utamotodokanaikonomachija</c><2></c><4>bouryokugaoniaidaroune</c><2></c>,inorinoutamotodokanaikonomachijabouryokugaoniaidaroune
18.102,18.202,75,0,<2></c><1>inorinou</c><4>tamotodokanaikonomachija</c><2></c><4>bouryokugaoniaidaroune</c><2></c>,inorinoutamotodokanaikonomachijabouryokugaoniaidaroune
18.202,18.369,75,0,<2></c><1>inorinouta</c><4>motodokanaikonomachija</c><2></c><4>bouryokugaoniaidaroune</c><2></c>,inorinoutamotodokanaikonomachijabouryokugaoniaidaroune
18.369,18.502,75,0,<2></c><1>inorinoutamo</c><4>todokanaikonomachija</c><2></c><4>bouryokugaoniaidaroune</c><2></c>,inorinoutamotodokanaikonomachijabouryokugaoniaidaroune
18.502,18.635,75,0,<2></c><1>inorinoutamoto</c><4>dokanaikonomachija</c><2></c><4>bouryokugaoniaidaroune</c><2></c>,inorinoutamotodokanaikonomachijabouryokugaoniaidaroune
18.635,18.769,75,0,<2></c><1>inorinoutamotodo</c><4>kanaikonomachija</c><2></c><4>bouryokugaoniaidaroune</c><2></c>,inorinoutamotodokanaikonomachijabouryokugaoniaidaroune
18.769,18.936,75,0,<2></c><1>inorinoutamotodoka</c><4>naikonomachija</c><2></c><4>bouryokugaoniaidaroune</c><2></c>,inorinoutamotodokanaikonomachijabouryokugaoniaidaroune
18.936,19.036,75,0,<2></c><1>inorinoutamotodokana</c><4>ikonomachija</c><2></c><4>bouryokugaoniaidaroune</c><2></c>,inorinoutamotodokanaikonomachijabouryokugaoniaidaroune
19.036,19.136,75,0,<2></c><1>inorinoutamotodokanai</c><4>konomachija</c><2></c><4>bouryokugaoniaidaroune</c><2></c>,inorinoutamotodokanaikonomachijabouryokugaoniaidaroune
19.136,19.336,75,0,<2></c><1>inorinoutamotodokanaiko</c><4>nomachija</c><2></c><4>bouryokugaoniaidaroune</c><2></c>,inorinoutamotodokanaikonomachijabouryokugaoniaidaroune
19.336,19.436,75,0,<2></c><1>inorinoutamotodokanaikono</c><4>machija</c><2></c><4>bouryokugaoniaidaroune</c><2></c>,inorinoutamotodokanaikonomachijabouryokugaoniaidaroune
19.436,19.57,75,0,<2></c><1>inorinoutamotodokanaikonoma</c><4>chija</c><2></c><4>bouryokugaoniaidaroune</c><2></c>,inorinoutamotodokanaikonomachijabouryokugaoniaidaroune
19.57,19.737,75,0,<2></c><1>inorinoutamotodokanaikonomachi</c><4>ja</c><2></c><4>bouryokugaoniaidaroune</c><2></c>,inorinoutamotodokanaikonomachijabouryokugaoniaidaroune
19.737,19.937,75,0,<2></c><1>inorinoutamotodokanaikonomachija</c><2></c><4>bouryokugaoniaidaroune</c><2></c>,inorinoutamotodokanaikonomachijabouryokugaoniaidaroune
19.937,20.07,75,0,<2></c><1>inorinoutamotodokanaikonomachija</c><2></c><1>bo</c><4>uryokugaoniaidaroune</c><2></c>,inorinoutamotodokanaikonomachijabouryokugaoniaidaroune
20.07,20.17,75,0,<2></c><1>inorinoutamotodokanaikonomachija</c><2></c><1>bou</c><4>ryokugaoniaidaroune</c><2></c>,inorinoutamotodokanaikonomachijabouryokugaoniaidaroune
20.17,20.371,75,0,<2></c><1>inorinoutamotodokanaikonomachija</c><2></c><1>bouryo</c><4>kugaoniaidaroune</c><2></c>,inorinoutamotodokanaikonomachijabouryokugaoniaidaroune
20.371,20.504,75,0,<2></c><1>inorinoutamotodokanaikonomachija</c><2></c><1>bouryoku</c><4>gaoniaidaroune</c><2></c>,inorinoutamotodokanaikonomachijabouryokugaoniaidaroune
20.504,20.671,75,0,<2></c><1>inorinoutamotodokanaikonomachija</c><2></c><1>bouryokuga</c><4>oniaidaroune</c><2></c>,inorinoutamotodokanaikonomachijabouryokugaoniaidaroune
20.671,20.804,75,0,<2></c><1>inorinoutamotodokanaikonomachija</c><2></c><1>bouryokugao</c><4>niaidaroune</c><2></c>,inorinoutamotodokanaikonomachijabouryokugaoniaidaroune
20.804,20.938,75,0,<2></c><1>inorinoutamotodokanaikonomachija</c><2></c><1>bouryokugaoni</c><4>aidaroune</c><2></c>,inorinoutamotodokanaikonomachijabouryokugaoniaidaroune
20.938,21.038,75,0,<2></c><1>inorinoutamotodokanaikonomachija</c><2></c><1>bouryokugaonia</c><4>idaroune</c><2></c>,inorinoutamotodokanaikonomachijabouryokugaoniaidaroune
21.038,21.171,75,0,<2></c><1>inorinoutamotodokanaikonomachija</c><2></c><1>bouryokugaoniai</c><4>daroune</c><2></c>,inorinoutamotodokanaikonomachijabouryokugaoniaidaroune
21.171,21.338,75,0,<2></c><1>inorinoutamotodokanaikonomachija</c><2></c><1>bouryokugaoniaida</c><4>roune</c><2></c>,inorinoutamotodokanaikonomachijabouryokugaoniaidaroune
21.338,21.505,75,0,<2></c><1>inorinoutamotodokanaikonomachija</c><2></c><1>bouryokugaoniaidaro</c><4>une</c><2></c>,inorinoutamotodokanaikonomachijabouryokugaoniaidaroune
21.505,21.638,75,0,<2></c><1>inorinoutamotodokanaikonomachija</c><2></c><1>bouryokugaoniaidarou</c><4>ne</c><2></c>,inorinoutamotodokanaikonomachijabouryokugaoniaidaroune
21.638,22.206,75,0,<2></c><1>inorinoutamotodokanaikonomachija</c><2></c><1>bouryokugaoniaidaroune</c><2></c>,inorinoutamotodokanaikonomachijabouryokugaoniaidaroune
22.206,22.373,64,0,<2></c><1>ko</c><4>utsuuhounishitagatteitemo</c><2></c><4>mokutekichiniwamoutsukanaize</c><2></c>,koutsuuhounishitagatteitemomokutekichiniwamoutsukanaize
22.373,22.573,64,0,<2></c><1>kou</c><4>tsuuhounishitagatteitemo</c><2></c><4>mokutekichiniwamoutsukanaize</c><2></c>,koutsuuhounishitagatteitemomokutekichiniwamoutsukanaize
22.573,22.673,64,0,<2></c><1>koutsu</c><4>uhounishitagatteitemo</c><2></c><4>mokutekichiniwamoutsukanaize</c><2></c>,koutsuuhounishitagatteitemomokutekichiniwamoutsukanaize
22.673,22.773,64,0,<2></c><1>koutsuu</c><4>hounishitagatteitemo</c><2></c><4>mokutekichiniwamoutsukanaize</c><2></c>,koutsuuhounishitagatteitemomokutekichiniwamoutsukanaize
22.773,22.94,64,0,<2></c><1>koutsuuho</c><4>unishitagatteitemo</c><2></c><4>mokutekichiniwamoutsukanaize</c><2></c>,koutsuuhounishitagatteitemomokutekichiniwamoutsukanaize
22.94,23.173,64,0,<2></c><1>koutsuuhou</c><4>nishitagatteitemo</c><2></c><4>mokutekichiniwamoutsukanaize</c><2></c>,koutsuuhounishitagatteitemomokutekichiniwamoutsukanaize
23.173,23.307,64,0,<2></c><1>koutsuuhouni</c><4>shitagatteitemo</c><2></c><4>mokutekichiniwamoutsukanaize</c><2></c>,koutsuuhounishitagatteitemomokutekichiniwamoutsukanaize
23.307,23.474,64,0,<2></c><1>koutsuuhounishi</c><4>tagatteitemo</c><2></c><4>mokutekichiniwamoutsukanaize</c><2></c>,koutsuuhounishitagatteitemomokutekichiniwamoutsukanaize
23.474,23.64,64,0,<2></c><1>koutsuuhounishita</c><4>gatteitemo</c><2></c><4>mokutekichiniwamoutsukanaize</c><2></c>,koutsuuhounishitagatteitemomokutekichiniwamoutsukanaize
23.64,23.807,64,0,<2></c><1>koutsuuhounishitaga</c><4>tteitemo</c><2></c><4>mokutekichiniwamoutsukanaize</c><2></c>,koutsuuhounishitagatteitemomokutekichiniwamoutsukanaize
23.807,23.907,64,0,<2></c><1>koutsuuhounishitagat</c><4>teitemo</c><2></c><4>mokutekichiniwamoutsukanaize</c><2></c>,koutsuuhounishitagatteitemomokutekichiniwamoutsukanaize
23.907,24.074,64,0,<2></c><1>koutsuuhounishitagatte</c><4>itemo</c><2></c><4>mokutekichiniwamoutsukanaize</c><2></c>,koutsuuhounishitagatteitemomokutekichiniwamoutsukanaize
24.074,24.208,64,0,<2></c><1>koutsuuhounishitagattei</c><4>temo</c><2></c><4>mokutekichiniwamoutsukanaize</c><2></c>,koutsuuhounishitagatteitemomokutekichiniwamoutsukanaize
24.208,24.341,64,0,<2></c><1>koutsuuhounishitagatteite</c><4>mo</c><2></c><4>mokutekichiniwamoutsukanaize</c><2></c>,koutsuuhounishitagatteitemomokutekichiniwamoutsukanaize
24.341,24.475,64,0,<2></c><1>koutsuuhounishitagatteitemo</c><2></c><4>mokutekichiniwamoutsukanaize</c><2></c>,koutsuuhounishitagatteitemomokutekichiniwamoutsukanaize
24.475,24.608,64,0,<2></c><1>koutsuuhounishitagatteitemo</c><2></c><1>mo</c><4>kutekichiniwamoutsukanaize</c><2></c>,koutsuuhounishitagatteitemomokutekichiniwamoutsukanaize
24.608,24.775,64,0,<2></c><1>koutsuuhounishitagatteitemo</c><2></c><1>moku</c><4>tekichiniwamoutsukanaize</c><2></c>,koutsuuhounishitagatteitemomokutekichiniwamoutsukanaize
24.775,24.942,64,0,<2></c><1>koutsuuhounishitagatteitemo</c><2></c><1>mokute</c><4>kichiniwamoutsukanaize</c><2></c>,koutsuuhounishitagatteitemomokutekichiniwamoutsukanaize
24.942,25.075,64,0,<2></c><1>koutsuuhounishitagatteitemo</c><2></c><1>mokuteki</c><4>chiniwamoutsukanaize</c><2></c>,koutsuuhounishitagatteitemomokutekichiniwamoutsukanaize
25.075,25.175,64,0,<2></c><1>koutsuuhounishitagatteitemo</c><2></c><1>mokutekichi</c><4>niwamoutsukanaize</c><2></c>,koutsuuhounishitagatteitemomokutekichiniwamoutsukanaize
25.175,25.275,64,0,<2></c><1>koutsuuhounishitagatteitemo</c><2></c><1>mokutekichini</c><4>wamoutsukanaize</c><2></c>,koutsuuhounishitagatteitemomokutekichiniwamoutsukanaize
25.275,25.476,64,0,<2></c><1>koutsuuhounishitagatteitemo</c><2></c><1>mokutekichiniwa</c><4>moutsukanaize</c><2></c>,koutsuuhounishitagatteitemomokutekichiniwamoutsukanaize
25.476,25.542,64,0,<2></c><1>koutsuuhounishitagatteitemo</c><2></c><1>mokutekichiniwamo</c><4>utsukanaize</c><2></c>,koutsuuhounishitagatteitemomokutekichiniwamoutsukanaize
25.542,25.642,64,0,<2></c><1>koutsuuhounishitagatteitemo</c><2></c><1>mokutekichiniwamou</c><4>tsukanaize</c><2></c>,koutsuuhounishitagatteitemomokutekichiniwamoutsukanaize
25.642,25.776,64,0,<2></c><1>koutsuuhounishitagatteitemo</c><2></c><1>mokutekichiniwamoutsu</c><4>kanaize</c><2></c>,koutsuuhounishitagatteitemomokutekichiniwamoutsukanaize
25.776,25.909,64,0,<2></c><1>koutsuuhounishitagatteitemo</c><2></c><1>mokutekichiniwamoutsuka</c><4>naize</c><2></c>,koutsuuhounishitagatteitemomokutekichiniwamoutsukanaize
25.909,26.043,64,0,<2></c><1>koutsuuhounishitagatteitemo</c><2></c><1>mokutekichiniwamoutsukana</c><4>ize</c><2></c>,koutsuuhounishitagatteitemomokutekichiniwamoutsukanaize
26.043,26.21,64,0,<2></c><1>koutsuuhounishitagatteitemo</c><2></c><1>mokutekichiniwamoutsukanai</c><4>ze</c><2></c>,koutsuuhounishitagatteitemomokutekichiniwamoutsukanaize
26.21,26.81,64,0,<2></c><1>koutsuuhounishitagatteitemo</c><2></c><1>mokutekichiniwamoutsukanaize</c><2></c>,koutsuuhounishitagatteitemomokutekichiniwamoutsukanaize
26.81,26.977,72,0,<2></c><1>me</c><4>iyomokanemomiraimohoshiikara</c><2></c><4>kizunanochikaradeubaitore</c><2></c>,meiyomokanemomiraimohoshiikarakizunanochikaradeubaitore
26.977,27.077,72,0,<2></c><1>mei</c><4>yomokanemomiraimohoshiikara</c><2></c><4>kizunanochikaradeubaitore</c><2></c>,meiyomokanemomiraimohoshiikarakizunanochikaradeubaitore
27.077,27.211,72,0,<2></c><1>meiyo</c><4>mokanemomiraimohoshiikara</c><2></c><4>kizunanochikaradeubaitore</c><2></c>,meiyomokanemomiraimohoshiikarakizunanochikaradeubaitore
27.211,27.378,72,0,<2></c><1>meiyomo</c><4>kanemomiraimohoshiikara</c><2></c><4>kizunanochikaradeubaitore</c><2></c>,meiyomokanemomiraimohoshiikarakizunanochikaradeubaitore
27.378,27.544,72,0,<2></c><1>meiyomoka</c><4>nemomiraimohoshiikara</c><2></c><4>kizunanochikaradeubaitore</c><2></c>,meiyomokanemomiraimohoshiikarakizunanochikaradeubaitore
27.544,27.678,72,0,<2></c><1>meiyomokane</c><4>momiraimohoshiikara</c><2></c><4>kizunanochikaradeubaitore</c><2></c>,meiyomokanemomiraimohoshiikarakizunanochikaradeubaitore
27.678,27.845,72,0,<2></c><1>meiyomokanemo</c><4>miraimohoshiikara</c><2></c><4>kizunanochikaradeubaitore</c><2></c>,meiyomokanemomiraimohoshiikarakizunanochikaradeubaitore
27.845,27.978,72,0,<2></c><1>meiyomokanemomi</c><4>raimohoshiikara</c><2></c><4>kizunanochikaradeubaitore</c><2></c>,meiyomokanemomiraimohoshiikarakizunanochikaradeubaitore
27.978,28.145,72,0,<2></c><1>meiyomokanemomira</c><4>imohoshiikara</c><2></c><4>kizunanochikaradeubaitore</c><2></c>,meiyomokanemomiraimohoshiikarakizunanochikaradeubaitore
28.145,28.245,72,0,<2></c><1>meiyomokanemomirai</c><4>mohoshiikara</c><2></c><4>kizunanochikaradeubaitore</c><2></c>,meiyomokanemomiraimohoshiikarakizunanochikaradeubaitore
28.245,28.412,72,0,<2></c><1>meiyomokanemomiraimo</c><4>hoshiikara</c><2></c><4>kizunanochikaradeubaitore</c><2></c>,meiyomokanemomiraimohoshiikarakizunanochikaradeubaitore
28.412,28.579,72,0,<2></c><1>meiyomokanemomiraimoho</c><4>shiikara</c><2></c><4>kizunanochikaradeubaitore</c><2></c>,meiyomokanemomiraimohoshiikarakizunanochikaradeubaitore
28.579,28.679,72,0,<2></c><1>meiyomokanemomiraimohoshi</c><4>ikara</c><2></c><4>kizunanochikaradeubaitore</c><2></c>,meiyomokanemomiraimohoshiikarakizunanochikaradeubaitore
28.679,28.812,72,0,<2></c><1>meiyomokanemomiraimohoshii</c><4>kara</c><2></c><4>kizunanochikaradeubaitore</c><2></c>,meiyomokanemomiraimohoshiikarakizunanochikaradeubaitore
28.812,28.946,72,0,<2></c><1>meiyomokanemomiraimohoshiika</c><4>ra</c><2></c><4>kizunanochikaradeubaitore</c><2></c>,meiyomokanemomiraimohoshiikarakizunanochikaradeubaitore
28.946,29.079,72,0,<2></c><1>meiyomokanemomiraimohoshiikara</c><2></c><4>kizunanochikaradeubaitore</c><2></c>,meiyomokanemomiraimohoshiikarakizunanochikaradeubaitore
29.079,29.279,72,0,<2></c><1>meiyomokanemomiraimohoshiikara</c><2></c><3>ki</c><4>zunanochikaradeubaitore</c><2></c>,meiyomokanemomiraimohoshiikarakizunanochikaradeubaitore
29.279,29.38,72,0,<2></c><1>meiyomokanemomiraimohoshiikara</c><2></c><3>kizu</c><4>nanochikaradeubaitore</c><2></c>,meiyomokanemomiraimohoshiikarakizunanochikaradeubaitore
29.38,29.546,72,0,<2></c><1>meiyomokanemomiraimohoshiikara</c><2></c><3>kizuna</c><4>nochikaradeubaitore</c><2></c>,meiyomokanemomiraimohoshiikarakizunanochikaradeubaitore
29.546,29.646,72,0,<2></c><1>meiyomokanemomiraimohoshiikara</c><2></c><3>kizunano</c><4>chikaradeubaitore</c><2></c>,meiyomokanemomiraimohoshiikarakizunanochikaradeubaitore
29.646,29.813,72,0,<2></c><1>meiyomokanemomiraimohoshiikara</c><2></c><3>kizunanochi</c><4>karadeubaitore</c><2></c>,meiyomokanemomiraimohoshiikarakizunanochikaradeubaitore
29.813,29.947,72,0,<2></c><1>meiyomokanemomiraimohoshiikara</c><2></c><3>kizunanochika</c><4>radeubaitore</c><2></c>,meiyomokanemomiraimohoshiikarakizunanochikaradeubaitore
29.947,30.08,72,0,<2></c><1>meiyomokanemomiraimohoshiikara</c><2></c><3>kizunanochikara</c><4>deubaitore</c><2></c>,meiyomokanemomiraimohoshiikarakizunanochikaradeubaitore
30.08,30.28,72,0,<2></c><1>meiyomokanemomiraimohoshiikara</c><2></c><3>kizunanochikarade</c><4>ubaitore</c><2></c>,meiyomokanemomiraimohoshiikarakizunanochikaradeubaitore
30.28,30.414,72,0,<2></c><1>meiyomokanemomiraimohoshiikara</c><2></c><3>kizunanochikaradeu</c><4>baitore</c><2></c>,meiyomokanemomiraimohoshiikarakizunanochikaradeubaitore
30.414,30.547,72,0,<2></c><1>meiyomokanemomiraimohoshiikara</c><2></c><3>kizunanochikaradeuba</c><4>itore</c><2></c>,meiyomokanemomiraimohoshiikarakizunanochikaradeubaitore
30.547,30.647,72,0,<2></c><1>meiyomokanemomiraimohoshiikara</c><2></c><3>kizunanochikaradeubai</c><4>tore</c><2></c>,meiyomokanemomiraimohoshiikarakizunanochikaradeubaitore
30.647,30.848,72,0,<2></c><1>meiyomokanemomiraimohoshiikara</c><2></c><3>kizunanochikaradeubaito</c><4>re</c><2></c>,meiyomokanemomiraimohoshiikarakizunanochikaradeubaitore
30.848,31.382,72,0,<2></c><1>meiyomokanemomiraimohoshiikara</c><2></c><3>kizunanochikaradeubaitore</c><2></c>,meiyomokanemomiraimohoshiikarakizunanochikaradeubaitore
31.949,32.249,-1,0,<2></c><3>ro</c><4>kudenashibakka</c><2></c><4>nokemononisareteta</c><2></c>,rokudenashibakkanokemononisareteta
32.249,32.549,-1,0,<2></c><3>roku</c><4>denashibakka</c><2></c><4>nokemononisareteta</c><2></c>,rokudenashibakkanokemononisareteta
32.549,32.783,-1,0,<2></c><3>rokude</c><4>nashibakka</c><2></c><4>nokemononisareteta</c><2></c>,rokudenashibakkanokemononisareteta
32.783,33.083,-1,0,<2></c><3>rokudena</c><4>shibakka</c><2></c><4>nokemononisareteta</c><2></c>,rokudenashibakkanokemononisareteta
33.083,33.317,-1,0,<2></c><3>rokudenashi</c><4>bakka</c><2></c><4>nokemononisareteta</c><2></c>,rokudenashibakkanokemononisareteta
33.317,33.517,-1,0,<2></c><3>rokudenashiba</c><4>kka</c><2></c><4>nokemononisareteta</c><2></c>,rokudenashibakkanokemononisareteta
33.517,33.65,-1,0,<2></c><3>rokudenashibak</c><4>ka</c><2></c><4>nokemononisareteta</c><2></c>,rokudenashibakkanokemononisareteta
33.65,34.218,-1,0,<2></c><3>rokudenashibakka</c><2></c><4>nokemononisareteta</c><2></c>,rokudenashibakkanokemononisareteta
34.218,34.518,-1,0,<2></c><3>rokudenashibakka</c><2></c><1>no</c><4>kemononisareteta</c><2></c>,rokudenashibakkanokemononisareteta
34.518,34.785,-1,0,<2></c><3>rokudenashibakka</c><2></c><1>noke</c><4>mononisareteta</c><2></c>,rokudenashibakkanokemononisareteta
34.785,35.052,-1,0,<2></c><3>rokudenashibakka</c><2></c><1>noke</c><3>mo</c><4>nonisareteta</c><2></c>,rokudenashibakkanokemononisareteta
35.052,35.219,-1,0,<2></c><3>rokudenashibakka</c><2></c><1>noke</c><3>mono</c><4>nisareteta</c><2></c>,rokudenashibakkanokemononisareteta
35.219,35.452,-1,0,<2></c><3>rokudenashibakka</c><2></c><1>noke</c><3>mononi</c><4>sareteta</c><2></c>,rokudenashibakkanokemononisareteta
35.452,35.586,-1,0,<2></c><3>rokudenashibakka</c><2></c><1>noke</c><3>mononisa</c><4>reteta</c><2></c>,rokudenashibakkanokemononisareteta
35.586,35.786,-1,0,<2></c><3>rokudenashibakka</c><2></c><1>noke</c><3>mononisare</c><4>teta</c><2></c>,rokudenashibakkanokemononisareteta
35.786,35.986,-1,0,<2></c><3>rokudenashibakka</c><2></c><1>noke</c><3>mononisarete</c><4>ta</c><2></c>,rokudenashibakkanokemononisareteta
35.986,36.52,-1,0,<2></c><3>rokudenashibakka</c><2></c><1>noke</c><3>mononisareteta</c><2></c>,rokudenashibakkanokemononisareteta
36.52,36.82,-1,0,<2></c><1>go</c><4>mikasusuterare</c><2></c><4>oyaniawasukaomonai</c><2></c>,gomikasusuterareoyaniawasukaomonai
36.82,37.087,-1,0,<2></c><1>gomi</c><4>kasusuterare</c><2></c><4>oyaniawasukaomonai</c><2></c>,gomikasusuterareoyaniawasukaomonai
37.087,37.388,-1,0,<2></c><1>gomika</c><4>susuterare</c><2></c><4>oyaniawasukaomonai</c><2></c>,gomikasusuterareoyaniawasukaomonai
37.388,37.654,-1,0,<2></c><1>gomikasu</c><4>suterare</c><2></c><4>oyaniawasukaomonai</c><2></c>,gomikasusuterareoyaniawasukaomonai
37.654,37.888,-1,0,<2></c><1>gomikasu</c><3>su</c><4>terare</c><2></c><4>oyaniawasukaomonai</c><2></c>,gomikasusuterareoyaniawasukaomonai
37.888,38.055,-1,0,<2></c><1>gomikasu</c><3>sute</c><4>rare</c><2></c><4>oyaniawasukaomonai</c><2></c>,gomikasusuterareoyaniawasukaomonai
38.055,38.288,-1,0,<2></c><1>gomikasu</c><3>sutera</c><4>re</c><2></c><4>oyaniawasukaomonai</c><2></c>,gomikasusuterareoyaniawasukaomonai
38.288,38.789,-1,0,<2></c><1>gomikasu</c><3>suterare</c><2></c><4>oyaniawasukaomonai</c><2></c>,gomikasusuterareoyaniawasukaomonai
38.789,39.089,-1,0,<2></c><1>gomikasu</c><3>suterare</c><2></c><1>o</c><4>yaniawasukaomonai</c><2></c>,gomikasusuterareoyaniawasukaomonai
39.089,39.223,-1,0,<2></c><1>gomikasu</c><3>suterare</c><2></c><1>oya</c><4>niawasukaomonai</c><2></c>,gomikasusuterareoyaniawasukaomonai
39.223,39.39,-1,0,<2></c><1>gomikasu</c><3>suterare</c><2></c><1>oyani</c><4>awasukaomonai</c><2></c>,gomikasusuterareoyaniawasukaomonai
39.39,39.556,-1,0,<2></c><1>gomikasu</c><3>suterare</c><2></c><1>oyania</c><4>wasukaomonai</c><2></c>,gomikasusuterareoyaniawasukaomonai
39.556,39.79,-1,0,<2></c><1>gomikasu</c><3>suterare</c><2></c><1>oyaniawa</c><4>sukaomonai</c><2></c>,gomikasusuterareoyaniawasukaomonai
39.79,39.957,-1,0,<2></c><1>gomikasu</c><3>suterare</c><2></c><1>oyaniawasu</c><4>kaomonai</c><2></c>,gomikasusuterareoyaniawasukaomonai
39.957,40.157,-1,0,<2></c><1>gomikasu</c><3>suterare</c><2></c><1>oyaniawasuka</c><4>omonai</c><2></c>,gomikasusuterareoyaniawasukaomonai
40.157,40.357,-1,0,<2></c><1>gomikasu</c><3>suterare</c><2></c><1>oyaniawasukao</c><4>monai</c><2></c>,gomikasusuterareoyaniawasukaomonai
40.357,40.491,-1,0,<2></c><1>gomikasu</c><3>suterare</c><2></c><1>oyaniawasukaomo</c><4>nai</c><2></c>,gomikasusuterareoyaniawasukaomonai
40.491,40.624,-1,0,<2></c><1>gomikasu</c><3>suterare</c><2></c><1>oyaniawasukaomona</c><4>i</c><2></c>,gomikasusuterareoyaniawasukaomonai
40.624,41.091,-1,0,<2></c><1>gomikasu</c><3>suterare</c><2></c><1>oyaniawasukaomonai</c><2></c>,gomikasusuterareoyaniawasukaomonai
41.091,41.258,-1,0,<2></c><3>so</c><4>redemoikitetai</c><2></c>,soredemoikitetai
41.258,41.725,-1,0,<2></c><3>sore</c><4>demoikitetai</c><2></c>,soredemoikitetai
41.725,41.925,-1,0,<2></c><3>sorede</c><4>moikitetai</c><2></c>,soredemoikitetai
41.925,42.226,-1,0,<2></c><3>soredemo</c><4>ikitetai</c><2></c>,soredemoikitetai
42.226,42.393,-1,0,<2></c><3>soredemo</c><1>i</c><4>kitetai</c><2></c>,soredemoikitetai
42.393,42.559,-1,0,<2></c><3>soredemo</c><1>iki</c><4>tetai</c><2></c>,soredemoikitetai
42.559,42.793,-1,0,<2></c><3>soredemo</c><1>ikite</c><4>tai</c><2></c>,soredemoikitetai
42.793,42.96,-1,0,<2></c><3>soredemo</c><1>ikiteta</c><4>i</c><2></c>,soredemoikitetai
42.96,43.36,-1,0,<2></c><3>soredemo</c><1>ikitetai</c><2></c>,soredemoikitetai
43.36,43.56,-1,0,<2></c><3>a</c><4>itsuonaguritai</c><2></c>,aitsuonaguritai
43.56,43.861,-1,0,<2></c><3>ai</c><4>tsuonaguritai</c><2></c>,aitsuonaguritai
43.861,44.128,-1,0,<2></c><3>aitsu</c><4>onaguritai</c><2></c>,aitsuonaguritai
44.128,44.428,-1,0,<2></c><3>aitsuo</c><4>naguritai</c><2></c>,aitsuonaguritai
44.428,44.728,-1,0,<2></c><3>aitsuo</c><1>na</c><4>guritai</c><2></c>,aitsuonaguritai
44.728,44.895,-1,0,<2></c><3>aitsuo</c><1>nagu</c><4>ritai</c><2></c>,aitsuonaguritai
44.895,45.062,-1,0,<2></c><3>aitsuo</c><1>naguri</c><4>tai</c><2></c>,aitsuonaguritai
45.062,45.229,-1,0,<2></c><3>aitsuo</c><1>nagurita</c><4>i</c><2></c>,aitsuonaguritai
45.229,45.662,-1,0,<2></c><3>aitsuo</c><1>naguritai</c><2></c>,aitsuonaguritai
45.662,45.763,59,0,<2></c><1>so</c><4>uiuyatsuranohakidameda</c><2></c>,souiuyatsuranohakidameda
45.763,45.896,59,0,<2></c><1>sou</c><4>iuyatsuranohakidameda</c><2></c>,souiuyatsuranohakidameda
45.896,45.996,59,0,<2></c><1>soui</c><4>uyatsuranohakidameda</c><2></c>,souiuyatsuranohakidameda
45.996,46.23,59,0,<2></c><1>souiu</c><4>yatsuranohakidameda</c><2></c>,souiuyatsuranohakidameda
46.23,46.363,59,0,<2></c><1>souiuya</c><4>tsuranohakidameda</c><2></c>,souiuyatsuranohakidameda
46.363,46.53,59,0,<2></c><1>souiuyatsu</c><4>ranohakidameda</c><2></c>,souiuyatsuranohakidameda
46.53,46.697,59,0,<2></c><1>souiuyatsura</c><4>nohakidameda</c><2></c>,souiuyatsuranohakidameda
46.697,46.83,59,0,<2></c><1>souiuyatsurano</c><4>hakidameda</c><2></c>,souiuyatsuranohakidameda
46.83,46.964,59,0,<2></c><1>souiuyatsuranoha</c><4>kidameda</c><2></c>,souiuyatsuranohakidameda
46.964,47.097,59,0,<2></c><1>souiuyatsuranohaki</c><4>dameda</c><2></c>,souiuyatsuranohakidameda
47.097,47.264,59,0,<2></c><1>souiuyatsuranohakida</c><4>meda</c><2></c>,souiuyatsuranohakidameda
47.264,47.398,59,0,<2></c><1>souiuyatsuranohakidame</c><4>da</c><2></c>,souiuyatsuranohakidameda
47.398,47.931,59,0,<2></c><1>souiuyatsuranohakidameda</c><2></c>,souiuyatsuranohakidameda
47.931,48.098,-1,0,<2></c><1>yo</c><4>michinikiotsukena</c><2></c>,yomichinikiotsukena
48.098,48.232,-1,0,<2></c><1>yomi</c><4>chinikiotsukena</c><2></c>,yomichinikiotsukena
48.232,48.365,-1,0,<2></c><1>yomichi</c><4>nikiotsukena</c><2></c>,yomichinikiotsukena
48.365,48.499,-1,0,<2></c><1>yomichini</c><4>kiotsukena</c><2></c>,yomichinikiotsukena
48.499,48.632,-1,0,<2></c><1>yomichiniki</c><4>otsukena</c><2></c>,yomichinikiotsukena
48.632,48.799,-1,0,<2></c><1>yomichinikio</c><4>tsukena</c><2></c>,yomichinikiotsukena
48.799,48.932,-1,0,<2></c><1>yomichinikiotsu</c><4>kena</c><2></c>,yomichinikiotsukena
48.932,49.166,-1,0,<2></c><1>yomichinikiotsuke</c><4>na</c><2></c>,yomichinikiotsukena
49.166,49.366,-1,0,<2></c><1>yomichinikiotsukena</c><2></c>,yomichinikiotsukena
49.967,50.1,56,0,<2></c><3>ba</c><4>ibaidebaibaigeemunara</c><2></c><4>daitaiwasanzanyatta</c><2></c>,baibaidebaibaigeemunaradaitaiwasanzanyatta
50.1,50.234,56,0,<2></c><3>bai</c><4>baidebaibaigeemunara</c><2></c><4>daitaiwasanzanyatta</c><2></c>,baibaidebaibaigeemunaradaitaiwasanzanyatta
50.234,50.401,56,0,<2></c><3>baiba</c><4>idebaibaigeemunara</c><2></c><4>daitaiwasanzanyatta</c><2></c>,baibaidebaibaigeemunaradaitaiwasanzanyatta
50.401,50.534,56,0,<2></c><3>baibai</c><4>debaibaigeemunara</c><2></c><4>daitaiwasanzanyatta</c><2></c>,baibaidebaibaigeemunaradaitaiwasanzanyatta
50.534,50.701,56,0,<2></c><3>baibaide</c><4>baibaigeemunara</c><2></c><4>daitaiwasanzanyatta</c><2></c>,baibaidebaibaigeemunaradaitaiwasanzanyatta
50.701,50.834,56,0,<2></c><3>baibaideba</c><4>ibaigeemunara</c><2></c><4>daitaiwasanzanyatta</c><2></c>,baibaidebaibaigeemunaradaitaiwasanzanyatta
50.834,51.001,56,0,<2></c><3>baibaidebai</c><4>baigeemunara</c><2></c><4>daitaiwasanzanyatta</c><2></c>,baibaidebaibaigeemunaradaitaiwasanzanyatta
51.001,51.135,56,0,<2></c><3>baibaidebai</c><1>ba</c><4>igeemunara</c><2></c><4>daitaiwasanzanyatta</c><2></c>,baibaidebaibaigeemunaradaitaiwasanzanyatta
51.135,51.301,56,0,<2></c><3>baibaidebai</c><1>bai</c><4>geemunara</c><2></c><4>daitaiwasanzanyatta</c><2></c>,baibaidebaibaigeemunaradaitaiwasanzanyatta
51.301,51.402,56,0,<2></c><3>baibaidebai</c><1>baige</c><4>emunara</c><2></c><4>daitaiwasanzanyatta</c><2></c>,baibaidebaibaigeemunaradaitaiwasanzanyatta
51.402,51.568,56,0,<2></c><3>baibaidebai</c><1>baigee</c><4>munara</c><2></c><4>daitaiwasanzanyatta</c><2></c>,baibaidebaibaigeemunaradaitaiwasanzanyatta
51.568,51.702,56,0,<2></c><3>baibaidebai</c><1>baigeemu</c><4>nara</c><2></c><4>daitaiwasanzanyatta</c><2></c>,baibaidebaibaigeemunaradaitaiwasanzanyatta
51.702,51.835,56,0,<2></c><3>baibaidebai</c><1>baigeemuna</c><4>ra</c><2></c><4>daitaiwasanzanyatta</c><2></c>,baibaidebaibaigeemunaradaitaiwasanzanyatta
51.835,51.969,56,0,<2></c><3>baibaidebai</c><1>baigeemunara</c><2></c><4>daitaiwasanzanyatta</c><2></c>,baibaidebaibaigeemunaradaitaiwasanzanyatta
51.969,52.102,56,0,<2></c><3>baibaidebai</c><1>baigeemunara</c><2></c><1>da</c><4>itaiwasanzanyatta</c><2></c>,baibaidebaibaigeemunaradaitaiwasanzanyatta
52.102,52.269,56,0,<2></c><3>baibaidebai</c><1>baigeemunara</c><2></c><1>dai</c><4>taiwasanzanyatta</c><2></c>,baibaidebaibaigeemunaradaitaiwasanzanyatta
52.269,52.403,56,0,<2></c><3>baibaidebai</c><1>baigeemunara</c><2></c><1>daita</c><4>iwasanzanyatta</c><2></c>,baibaidebaibaigeemunaradaitaiwasanzanyatta
52.403,52.536,56,0,<2></c><3>baibaidebai</c><1>baigeemunara</c><2></c><1>daitai</c><4>wasanzanyatta</c><2></c>,baibaidebaibaigeemunaradaitaiwasanzanyatta
52.536,52.836,56,0,<2></c><3>baibaidebai</c><1>baigeemunara</c><2></c><1>daitaiwa</c><4>sanzanyatta</c><2></c>,baibaidebaibaigeemunaradaitaiwasanzanyatta
52.836,52.936,56,0,<2></c><3>baibaidebai</c><1>baigeemunara</c><2></c><1>daitaiwasa</c><4>nzanyatta</c><2></c>,baibaidebaibaigeemunaradaitaiwasanzanyatta
52.936,53.07,56,0,<2></c><3>baibaidebai</c><1>baigeemunara</c><2></c><1>daitaiwasan</c><4>zanyatta</c><2></c>,baibaidebaibaigeemunaradaitaiwasanzanyatta
53.07,53.237,56,0,<2></c><3>baibaidebai</c><1>baigeemunara</c><2></c><1>daitaiwasanza</c><4>nyatta</c><2></c>,baibaidebaibaigeemunaradaitaiwasanzanyatta
53.237,53.404,56,0,<2></c><3>baibaidebai</c><1>baigeemunara</c><2></c><1>daitaiwasanzan</c><4>yatta</c><2></c>,baibaidebaibaigeemunaradaitaiwasanzanyatta
53.404,53.537,56,0,<2></c><3>baibaidebai</c><1>baigeemunara</c><2></c><1>daitaiwasanzanya</c><4>tta</c><2></c>,baibaidebaibaigeemunaradaitaiwasanzanyatta
53.537,53.704,56,0,<2></c><3>baibaidebai</c><1>baigeemunara</c><2></c><1>daitaiwasanzanyat</c><4>ta</c><2></c>,baibaidebaibaigeemunaradaitaiwasanzanyatta
53.704,54.505,56,0,<2></c><3>baibaidebai</c><1>baigeemunara</c><2></c><1>daitaiwasanzanyatta</c><2></c>,baibaidebaibaigeemunaradaitaiwasanzanyatta
54.505,54.638,66,0,<2></c><1>ke</c><4>isatsunokenryokumokenmeide</c><2></c><4>keieinikatanshiteita</c><2></c>,keisatsunokenryokumokenmeidekeieinikatanshiteita
54.638,54.805,66,0,<2></c><1>kei</c><4>satsunokenryokumokenmeide</c><2></c><4>keieinikatanshiteita</c><2></c>,keisatsunokenryokumokenmeidekeieinikatanshiteita
54.805,54.972,66,0,<2></c><1>keisa</c><4>tsunokenryokumokenmeide</c><2></c><4>keieinikatanshiteita</c><2></c>,keisatsunokenryokumokenmeidekeieinikatanshiteita
54.972,55.072,66,0,<2></c><1>keisatsu</c><4>nokenryokumokenmeide</c><2></c><4>keieinikatanshiteita</c><2></c>,keisatsunokenryokumokenmeidekeieinikatanshiteita
55.072,55.205,66,0,<2></c><1>keisatsuno</c><4>kenryokumokenmeide</c><2></c><4>keieinikatanshiteita</c><2></c>,keisatsunokenryokumokenmeidekeieinikatanshiteita
55.205,55.372,66,0,<2></c><1>keisatsunoke</c><4>nryokumokenmeide</c><2></c><4>keieinikatanshiteita</c><2></c>,keisatsunokenryokumokenmeidekeieinikatanshiteita
55.372,55.506,66,0,<2></c><1>keisatsunoken</c><4>ryokumokenmeide</c><2></c><4>keieinikatanshiteita</c><2></c>,keisatsunokenryokumokenmeidekeieinikatanshiteita
55.506,55.639,66,0,<2></c><1>keisatsunokenryo</c><4>kumokenmeide</c><2></c><4>keieinikatanshiteita</c><2></c>,keisatsunokenryokumokenmeidekeieinikatanshiteita
55.639,55.773,66,0,<2></c><1>keisatsunokenryoku</c><4>mokenmeide</c><2></c><4>keieinikatanshiteita</c><2></c>,keisatsunokenryokumokenmeidekeieinikatanshiteita
55.773,55.939,66,0,<2></c><1>keisatsunokenryokumo</c><4>kenmeide</c><2></c><4>keieinikatanshiteita</c><2></c>,keisatsunokenryokumokenmeidekeieinikatanshiteita
55.939,56.106,66,0,<2></c><1>keisatsunokenryokumoke</c><4>nmeide</c><2></c><4>keieinikatanshiteita</c><2></c>,keisatsunokenryokumokenmeidekeieinikatanshiteita
56.106,56.273,66,0,<2></c><1>keisatsunokenryokumoken</c><4>meide</c><2></c><4>keieinikatanshiteita</c><2></c>,keisatsunokenryokumokenmeidekeieinikatanshiteita
56.273,56.407,66,0,<2></c><1>keisatsunokenryokumokenme</c><4>ide</c><2></c><4>keieinikatanshiteita</c><2></c>,keisatsunokenryokumokenmeidekeieinikatanshiteita
56.407,56.54,66,0,<2></c><1>keisatsunokenryokumokenmei</c><4>de</c><2></c><4>keieinikatanshiteita</c><2></c>,keisatsunokenryokumokenmeidekeieinikatanshiteita
56.54,56.707,66,0,<2></c><1>keisatsunokenryokumokenmeide</c><2></c><4>keieinikatanshiteita</c><2></c>,keisatsunokenryokumokenmeidekeieinikatanshiteita
56.707,56.84,66,0,<2></c><1>keisatsunokenryokumokenmeide</c><2></c><1>ke</c><4>ieinikatanshiteita</c><2></c>,keisatsunokenryokumokenmeidekeieinikatanshiteita
56.84,56.94,66,0,<2></c><1>keisatsunokenryokumokenmeide</c><2></c><1>kei</c><4>einikatanshiteita</c><2></c>,keisatsunokenryokumokenmeidekeieinikatanshiteita
56.94,57.174,66,0,<2></c><1>keisatsunokenryokumokenmeide</c><2></c><1>keie</c><4>inikatanshiteita</c><2></c>,keisatsunokenryokumokenmeidekeieinikatanshiteita
57.174,57.307,66,0,<2></c><1>keisatsunokenryokumokenmeide</c><2></c><1>keiei</c><4>nikatanshiteita</c><2></c>,keisatsunokenryokumokenmeidekeieinikatanshiteita
57.307,57.441,66,0,<2></c><1>keisatsunokenryokumokenmeide</c><2></c><1>keieini</c><4>katanshiteita</c><2></c>,keisatsunokenryokumokenmeidekeieinikatanshiteita
57.441,57.574,66,0,<2></c><1>keisatsunokenryokumokenmeide</c><2></c><1>keieinika</c><4>tanshiteita</c><2></c>,keisatsunokenryokumokenmeidekeieinikatanshiteita
57.574,57.708,66,0,<2></c><1>keisatsunokenryokumokenmeide</c><2></c><1>keieinikata</c><4>nshiteita</c><2></c>,keisatsunokenryokumokenmeidekeieinikatanshiteita
57.708,57.841,66,0,<2></c><1>keisatsunokenryokumokenmeide</c><2></c><1>keieinikatan</c><4>shiteita</c><2></c>,keisatsunokenryokumokenmeidekeieinikatanshiteita
57.841,57.941,66,0,<2></c><1>keisatsunokenryokumokenmeide</c><2></c><1>keieinikatanshi</c><4>teita</c><2></c>,keisatsunokenryokumokenmeidekeieinikatanshiteita
57.941,58.108,66,0,<2></c><1>keisatsunokenryokumokenmeide</c><2></c><1>keieinikatanshite</c><4>ita</c><2></c>,keisatsunokenryokumokenmeidekeieinikatanshiteita
58.108,58.242,66,0,<2></c><1>keisatsunokenryokumokenmeide</c><2></c><1>keieinikatanshitei</c><4>ta</c><2></c>,keisatsunokenryokumokenmeidekeieinikatanshiteita
58.242,59.076,66,0,<2></c><1>keisatsunokenryokumokenmeide</c><2></c><1>keieinikatanshiteita</c><2></c>,keisatsunokenryokumokenmeidekeieinikatanshiteita
59.076,59.243,70,0,<2></c><1>te</c><4>kitounashigotooshitayatsukara</c><2></c><4>umininagetekesushidaida</c><2></c>,tekitounashigotooshitayatsukaraumininagetekesushidaida
59.243,59.343,70,0,<2></c><1>teki</c><4>tounashigotooshitayatsukara</c><2></c><4>umininagetekesushidaida</c><2></c>,tekitounashigotooshitayatsukaraumininagetekesushidaida
59.343,59.51,70,0,<2></c><1>tekito</c><4>unashigotooshitayatsukara</c><2></c><4>umininagetekesushidaida</c><2></c>,tekitounashigotooshitayatsukaraumininagetekesushidaida
59.51,59.676,70,0,<2></c><1>tekitou</c><4>nashigotooshitayatsukara</c><2></c><4>umininagetekesushidaida</c><2></c>,tekitounashigotooshitayatsukaraumininagetekesushidaida
59.676,59.943,70,0,<2></c><1>tekitouna</c><4>shigotooshitayatsukara</c><2></c><4>umininagetekesushidaida</c><2></c>,tekitounashigotooshitayatsukaraumininagetekesushidaida
59.943,60.077,70,0,<2></c><1>tekitounashi</c><4>gotooshitayatsukara</c><2></c><4>umininagetekesushidaida</c><2></c>,tekitounashigotooshitayatsukaraumininagetekesushidaida
60.077,60.244,70,0,<2></c><1>tekitounashigo</c><4>tooshitayatsukara</c><2></c><4>umininagetekesushidaida</c><2></c>,tekitounashigotooshitayatsukaraumininagetekesushidaida
60.244,60.344,70,0,<2></c><1>tekitounashigoto</c><4>oshitayatsukara</c><2></c><4>umininagetekesushidaida</c><2></c>,tekitounashigotooshitayatsukaraumininagetekesushidaida
60.344,60.511,70,0,<2></c><1>tekitounashigotoo</c><4>shitayatsukara</c><2></c><4>umininagetekesushidaida</c><2></c>,tekitounashigotooshitayatsukaraumininagetekesushidaida
60.511,60.644,70,0,<2></c><1>tekitounashigotooshi</c><4>tayatsukara</c><2></c><4>umininagetekesushidaida</c><2></c>,tekitounashigotooshitayatsukaraumininagetekesushidaida
60.644,60.778,70,0,<2></c><1>tekitounashigotooshita</c><4>yatsukara</c><2></c><4>umininagetekesushidaida</c><2></c>,tekitounashigotooshitayatsukaraumininagetekesushidaida
60.778,60.911,70,0,<2></c><1>tekitounashigotooshitaya</c><4>tsukara</c><2></c><4>umininagetekesushidaida</c><2></c>,tekitounashigotooshitayatsukaraumininagetekesushidaida
60.911,61.011,70,0,<2></c><1>tekitounashigotooshitayatsu</c><4>kara</c><2></c><4>umininagetekesushidaida</c><2></c>,tekitounashigotooshitayatsukaraumininagetekesushidaida
61.011,61.178,70,0,<2></c><1>tekitounashigotooshitayatsuka</c><4>ra</c><2></c><4>umininagetekesushidaida</c><2></c>,tekitounashigotooshitayatsukaraumininagetekesushidaida
61.178,61.311,70,0,<2></c><1>tekitounashigotooshitayatsukara</c><2></c><4>umininagetekesushidaida</c><2></c>,tekitounashigotooshitayatsukaraumininagetekesushidaida
61.311,61.412,70,0,<2></c><1>tekitounashigotooshitayatsukara</c><2></c><1>u</c><4>mininagetekesushidaida</c><2></c>,tekitounashigotooshitayatsukaraumininagetekesushidaida
61.412,61.545,70,0,<2></c><1>tekitounashigotooshitayatsukara</c><2></c><1>umi</c><4>ninagetekesushidaida</c><2></c>,tekitounashigotooshitayatsukaraumininagetekesushidaida
61.545,61.745,70,0,<2></c><1>tekitounashigotooshitayatsukara</c><2></c><1>umini</c><4>nagetekesushidaida</c><2></c>,tekitounashigotooshitayatsukaraumininagetekesushidaida
61.745,61.845,70,0,<2></c><1>tekitounashigotooshitayatsukara</c><2></c><1>uminina</c><4>getekesushidaida</c><2></c>,tekitounashigotooshitayatsukaraumininagetekesushidaida
61.845,62.012,70,0,<2></c><1>tekitounashigotooshitayatsukara</c><2></c><1>umininage</c><4>tekesushidaida</c><2></c>,tekitounashigotooshitayatsukaraumininagetekesushidaida
62.012,62.112,70,0,<2></c><1>tekitounashigotooshitayatsukara</c><2></c><1>umininagete</c><4>kesushidaida</c><2></c>,tekitounashigotooshitayatsukaraumininagetekesushidaida
62.112,62.246,70,0,<2></c><1>tekitounashigotooshitayatsukara</c><2></c><1>umininageteke</c><4>sushidaida</c><2></c>,tekitounashigotooshitayatsukaraumininagetekesushidaida
62.246,62.379,70,0,<2></c><1>tekitounashigotooshitayatsukara</c><2></c><1>umininagetekesu</c><4>shidaida</c><2></c>,tekitounashigotooshitayatsukaraumininagetekesushidaida
62.379,62.513,70,0,<2></c><1>tekitounashigotooshitayatsukara</c><2></c><1>umininagetekesushi</c><4>daida</c><2></c>,tekitounashigotooshitayatsukaraumininagetekesushidaida
62.513,62.679,70,0,<2></c><1>tekitounashigotooshitayatsukara</c><2></c><1>umininagetekesushida</c><4>ida</c><2></c>,tekitounashigotooshitayatsukaraumininagetekesushidaida
62.679,62.813,70,0,<2></c><1>tekitounashigotooshitayatsukara</c><2></c><1>umininagetekesushidai</c><4>da</c><2></c>,tekitounashigotooshitayatsukaraumininagetekesushidaida
62.813,63.414,70,0,<2></c><1>tekitounashigotooshitayatsukara</c><2></c><1>umininagetekesushidaida</c><2></c>,tekitounashigotooshitayatsukaraumininagetekesushidaida
63.414,63.514,72,0,<2></c><3>na</c><4>kamaninattarasekaio</c><2></c><4>hanbunyarukarakocchinitsuitekina</c><2></c>,nakamaninattarasekaiohanbunyarukarakocchinitsuitekina
63.514,63.68,72,0,<2></c><3>naka</c><4>maninattarasekaio</c><2></c><4>hanbunyarukarakocchinitsuitekina</c><2></c>,nakamaninattarasekaiohanbunyarukarakocchinitsuitekina
63.68,63.781,72,0,<2></c><3>nakama</c><4>ninattarasekaio</c><2></c><4>hanbunyarukarakocchinitsuitekina</c><2></c>,nakamaninattarasekaiohanbunyarukarakocchinitsuitekina
63.781,63.947,72,0,<2></c><3>nakama</c><1>ni</c><4>nattarasekaio</c><2></c><4>hanbunyarukarakocchinitsuitekina</c><2></c>,nakamaninattarasekaiohanbunyarukarakocchinitsuitekina
63.947,64.081,72,0,<2></c><3>nakama</c><1>nina</c><4>ttarasekaio</c><2></c><4>hanbunyarukarakocchinitsuitekina</c><2></c>,nakamaninattarasekaiohanbunyarukarakocchinitsuitekina
64.081,64.248,72,0,<2></c><3>nakama</c><1>ninat</c><4>tarasekaio</c><2></c><4>hanbunyarukarakocchinitsuitekina</c><2></c>,nakamaninattarasekaiohanbunyarukarakocchinitsuitekina
64.248,64.381,72,0,<2></c><3>nakama</c><1>ninatta</c><4>rasekaio</c><2></c><4>hanbunyarukarakocchinitsuitekina</c><2></c>,nakamaninattarasekaiohanbunyarukarakocchinitsuitekina
64.381,64.548,72,0,<2></c><3>nakama</c><1>ninattara</c><4>sekaio</c><2></c><4>hanbunyarukarakocchinitsuitekina</c><2></c>,nakamaninattarasekaiohanbunyarukarakocchinitsuitekina
64.548,64.715,72,0,<2></c><3>nakama</c><1>ninattarase</c><4>kaio</c><2></c><4>hanbunyarukarakocchinitsuitekina</c><2></c>,nakamaninattarasekaiohanbunyarukarakocchinitsuitekina
64.715,64.882,72,0,<2></c><3>nakama</c><1>ninattaraseka</c><4>io</c><2></c><4>hanbunyarukarakocchinitsuitekina</c><2></c>,nakamaninattarasekaiohanbunyarukarakocchinitsuitekina
64.882,65.015,72,0,<2></c><3>nakama</c><1>ninattarasekai</c><4>o</c><2></c><4>hanbunyarukarakocchinitsuitekina</c><2></c>,nakamaninattarasekaiohanbunyarukarakocchinitsuitekina
65.015,65.149,72,0,<2></c><3>nakama</c><1>ninattarasekaio</c><2></c><4>hanbunyarukarakocchinitsuitekina</c><2></c>,nakamaninattarasekaiohanbunyarukarakocchinitsuitekina
65.149,65.282,72,0,<2></c><3>nakama</c><1>ninattarasekaio</c><2></c><1>ha</c><4>nbunyarukarakocchinitsuitekina</c><2></c>,nakamaninattarasekaiohanbunyarukarakocchinitsuitekina
65.282,65.416,72,0,<2></c><3>nakama</c><1>ninattarasekaio</c><2></c><1>han</c><4>bunyarukarakocchinitsuitekina</c><2></c>,nakamaninattarasekaiohanbunyarukarakocchinitsuitekina
65.416,65.516,72,0,<2></c><3>nakama</c><1>ninattarasekaio</c><2></c><1>hanbu</c><4>nyarukarakocchinitsuitekina</c><2></c>,nakamaninattarasekaiohanbunyarukarakocchinitsuitekina
65.516,65.682,72,0,<2></c><3>nakama</c><1>ninattarasekaio</c><2></c><1>hanbun</c><4>yarukarakocchinitsuitekina</c><2></c>,nakamaninattarasekaiohanbunyarukarakocchinitsuitekina
65.682,65.849,72,0,<2></c><3>nakama</c><1>ninattarasekaio</c><2></c><1>hanbunya</c><4>rukarakocchinitsuitekina</c><2></c>,nakamaninattarasekaiohanbunyarukarakocchinitsuitekina
65.849,65.949,72,0,<2></c><3>nakama</c><1>ninattarasekaio</c><2></c><1>hanbunyaru</c><4>karakocchinitsuitekina</c><2></c>,nakamaninattarasekaiohanbunyarukarakocchinitsuitekina
65.949,66.083,72,0,<2></c><3>nakama</c><1>ninattarasekaio</c><2></c><1>hanbunyaruka</c><4>rakocchinitsuitekina</c><2></c>,nakamaninattarasekaiohanbunyarukarakocchinitsuitekina
66.083,66.25,72,0,<2></c><3>nakama</c><1>ninattarasekaio</c><2></c><1>hanbunyarukara</c><4>kocchinitsuitekina</c><2></c>,nakamaninattarasekaiohanbunyarukarakocchinitsuitekina
66.25,66.383,72,0,<2></c><3>nakama</c><1>ninattarasekaio</c><2></c><1>hanbunyarukarako</c><4>cchinitsuitekina</c><2></c>,nakamaninattarasekaiohanbunyarukarakocchinitsuitekina
66.383,66.517,72,0,<2></c><3>nakama</c><1>ninattarasekaio</c><2></c><1>hanbunyarukarakoc</c><4>chinitsuitekina</c><2></c>,nakamaninattarasekaiohanbunyarukarakocchinitsuitekina
66.517,66.65,72,0,<2></c><3>nakama</c><1>ninattarasekaio</c><2></c><1>hanbunyarukarakocchi</c><4>nitsuitekina</c><2></c>,nakamaninattarasekaiohanbunyarukarakocchinitsuitekina
66.65,66.884,72,0,<2></c><3>nakama</c><1>ninattarasekaio</c><2></c><1>hanbunyarukarakocchini</c><4>tsuitekina</c><2></c>,nakamaninattarasekaiohanbunyarukarakocchinitsuitekina
66.884,66.984,72,0,<2></c><3>nakama</c><1>ninattarasekaio</c><2></c><1>hanbunyarukarakocchinitsu</c><4>itekina</c><2></c>,nakamaninattarasekaiohanbunyarukarakocchinitsuitekina
66.984,67.084,72,0,<2></c><3>nakama</c><1>ninattarasekaio</c><2></c><1>hanbunyarukarakocchinitsui</c><4>tekina</c><2></c>,nakamaninattarasekaiohanbunyarukarakocchinitsuitekina
67.084,67.217,72,0,<2></c><3>nakama</c><1>ninattarasekaio</c><2></c><1>hanbunyarukarakocchinitsuite</c><4>kina</c><2></c>,nakamaninattarasekaiohanbunyarukarakocchinitsuitekina
67.217,67.351,72,0,<2></c><3>nakama</c><1>ninattarasekaio</c><2></c><1>hanbunyarukarakocchinitsuiteki</c><4>na</c><2></c>,nakamaninattarasekaiohanbunyarukarakocchinitsuitekina
67.351,67.918,72,0,<2></c><3>nakama</c><1>ninattarasekaio</c><2></c><1>hanbunyarukarakocchinitsuitekina</c><2></c>,nakamaninattarasekaiohanbunyarukarakocchinitsuitekina
67.918,68.152,-1,0,<2></c><1>yo</c><4>wakimononikatakio</c><2></c>,yowakimononikatakio
68.152,68.352,-1,0,<2></c><1>yowa</c><4>kimononikatakio</c><2></c>,yowakimononikatakio
68.352,68.519,-1,0,<2></c><1>yowaki</c><4>mononikatakio</c><2></c>,yowakimononikatakio
68.519,68.752,-1,0,<2></c><1>yowaki</c><3>mo</c><4>nonikatakio</c><2></c>,yowakimononikatakio
68.752,68.919,-1,0,<2></c><1>yowaki</c><3>mono</c><4>nikatakio</c><2></c>,yowakimononikatakio
68.919,69.086,-1,0,<2></c><1>yowaki</c><3>mono</c><1>ni</c><4>katakio</c><2></c>,yowakimononikatakio
69.086,69.319,-1,0,<2></c><1>yowaki</c><3>mono</c><1>nika</c><4>takio</c><2></c>,yowakimononikatakio
69.319,69.52,-1,0,<2></c><1>yowaki</c><3>mono</c><1>nikata</c><4>kio</c><2></c>,yowakimononikatakio
69.52,69.72,-1,0,<2></c><1>yowaki</c><3>mono</c><1>nikataki</c><4>o</c><2></c>,yowakimononikatakio
69.72,70.287,-1,0,<2></c><1>yowaki</c><3>mono</c><1>nikatakio</c><2></c>,yowakimononikatakio
70.287,70.487,-1,0,<2></c><1>a</c><4>shikimononinamario</c><2></c>,ashikimononinamario
70.487,70.654,-1,0,<2></c><1>ashi</c><4>kimononinamario</c><2></c>,ashikimononinamario
70.654,70.888,-1,0,<2></c><1>ashiki</c><4>mononinamario</c><2></c>,ashikimononinamario
70.888,71.121,-1,0,<2></c><1>ashiki</c><3>mo</c><4>noninamario</c><2></c>,ashikimononinamario
71.121,71.288,-1,0,<2></c><1>ashiki</c><3>mono</c><4>ninamario</c><2></c>,ashikimononinamario
71.288,71.422,-1,0,<2></c><1>ashiki</c><3>mono</c><1>ni</c><4>namario</c><2></c>,ashikimononinamario
71.422,71.622,-1,0,<2></c><1>ashiki</c><3>mono</c><1>nina</c><4>mario</c><2></c>,ashikimononinamario
71.622,71.822,-1,0,<2></c><1>ashiki</c><3>mono</c><1>ninama</c><4>rio</c><2></c>,ashikimononinamario
71.822,71.989,-1,0,<2></c><1>ashiki</c><3>mono</c><1>ninamari</c><4>o</c><2></c>,ashikimononinamario
71.989,72.523,-1,0,<2></c><1>ashiki</c><3>mono</c><1>ninamario</c><2></c>,ashikimononinamario
72.523,72.723,-1,0,<2></c><3>yu</c><4>rusarenaikotodemo</c><2></c>,yurusarenaikotodemo
72.723,72.923,-1,0,<2></c><3>yuru</c><4>sarenaikotodemo</c><2></c>,yurusarenaikotodemo
72.923,73.09,-1,0,<2></c><3>yuru</c><1>sa</c><4>renaikotodemo</c><2></c>,yurusarenaikotodemo
73.09,73.323,-1,0,<2></c><3>yuru</c><1>sare</c><4>naikotodemo</c><2></c>,yurusarenaikotodemo
73.323,73.524,-1,0,<2></c><3>yuru</c><1>sarena</c><4>ikotodemo</c><2></c>,yurusarenaikotodemo
73.524,73.69,-1,0,<2></c><3>yuru</c><1>sarenai</c><4>kotodemo</c><2></c>,yurusarenaikotodemo
73.69,73.891,-1,0,<2></c><3>yuru</c><1>sarenaiko</c><4>todemo</c><2></c>,yurusarenaikotodemo
73.891,74.024,-1,0,<2></c><3>yuru</c><1>sarenaikoto</c><4>demo</c><2></c>,yurusarenaikotodemo
74.024,74.224,-1,0,<2></c><3>yuru</c><1>sarenaikotode</c><4>mo</c><2></c>,yurusarenaikotodemo
74.224,74.825,-1,0,<2></c><3>yuru</c><1>sarenaikotodemo</c><2></c>,yurusarenaikotodemo
74.825,75.025,-1,0,<2></c><1>o</c><4>regayurushiteyaruyo</c><2></c>,oregayurushiteyaruyo
75.025,75.192,-1,0,<2></c><1>ore</c><4>gayurushiteyaruyo</c><2></c>,oregayurushiteyaruyo
75.192,75.392,-1,0,<2></c><1>orega</c><4>yurushiteyaruyo</c><2></c>,oregayurushiteyaruyo
75.392,75.592,-1,0,<2></c><1>orega</c><3>yu</c><4>rushiteyaruyo</c><2></c>,oregayurushiteyaruyo
75.592,75.793,-1,0,<2></c><1>orega</c><3>yuru</c><4>shiteyaruyo</c><2></c>,oregayurushiteyaruyo
75.793,75.926,-1,0,<2></c><1>orega</c><3>yuru</c><1>shi</c><4>teyaruyo</c><2></c>,oregayurushiteyaruyo
75.926,76.093,-1,0,<2></c><1>orega</c><3>yuru</c><1>shite</c><4>yaruyo</c><2></c>,oregayurushiteyaruyo
76.093,76.26,-1,0,<2></c><1>orega</c><3>yuru</c><1>shiteya</c><4>ruyo</c><2></c>,oregayurushiteyaruyo
76.26,76.427,-1,0,<2></c><1>orega</c><3>yuru</c><1>shiteyaru</c><4>yo</c><2></c>,oregayurushiteyaruyo
76.427,77.127,-1,0,<2></c><1>orega</c><3>yuru</c><1>shiteyaruyo</c><2></c>,oregayurushiteyaruyo
77.127,77.294,-1,0,<2></c><3>su</c><4>beteteniirerunowa</c><2></c>,subeteteniirerunowa
77.294,77.494,-1,0,<2></c><3>sube</c><4>teteniirerunowa</c><2></c>,subeteteniirerunowa
77.494,77.628,-1,0,<2></c><3>sube</c><1>te</c><4>teniirerunowa</c><2></c>,subeteteniirerunowa
77.628,77.861,-1,0,<2></c><3>sube</c><1>tete</c><4>niirerunowa</c><2></c>,subeteteniirerunowa
77.861,78.028,-1,0,<2></c><3>sube</c><1>teteni</c><4>irerunowa</c><2></c>,subeteteniirerunowa
78.028,78.162,-1,0,<2></c><3>sube</c><1>tetenii</c><4>rerunowa</c><2></c>,subeteteniirerunowa
78.162,78.362,-1,0,<2></c><3>sube</c><1>teteniire</c><4>runowa</c><2></c>,subeteteniirerunowa
78.362,78.529,-1,0,<2></c><3>sube</c><1>teteniireru</c><4>nowa</c><2></c>,subeteteniirerunowa
78.529,78.762,-1,0,<2></c><3>sube</c><1>teteniireruno</c><4>wa</c><2></c>,subeteteniirerunowa
78.762,79.496,-1,0,<2></c><3>sube</c><1>teteniirerunowa</c><2></c>,subeteteniirerunowa
79.496,79.63,-1,0,<2></c><3>su</c><4>betesutetayatsudake</c><2></c>,subetesutetayatsudake
79.63,79.797,-1,0,<2></c><3>sube</c><4>tesutetayatsudake</c><2></c>,subetesutetayatsudake
79.797,79.963,-1,0,<2></c><3>sube</c><1>te</c><4>sutetayatsudake</c><2></c>,subetesutetayatsudake
79.963,80.164,-1,0,<2></c><3>sube</c><1>tesu</c><4>tetayatsudake</c><2></c>,subetesutetayatsudake
80.164,80.364,-1,0,<2></c><3>sube</c><1>tesute</c><4>tayatsudake</c><2></c>,subetesutetayatsudake
80.364,80.531,-1,0,<2></c><3>sube</c><1>tesuteta</c><4>yatsudake</c><2></c>,subetesutetayatsudake
80.531,80.664,-1,0,<2></c><3>sube</c><1>tesutetaya</c><4>tsudake</c><2></c>,subetesutetayatsudake
80.664,80.798,-1,0,<2></c><3>sube</c><1>tesutetayatsu</c><4>dake</c><2></c>,subetesutetayatsudake
80.798,81.031,-1,0,<2></c><3>sube</c><1>tesutetayatsuda</c><4>ke</c><2></c>,subetesutetayatsudake
81.031,81.665,-1,0,<2></c><3>sube</c><1>tesutetayatsudake</c><2></c>,subetesutetayatsudake
81.665,81.799,-1,0,<2></c><1>ke</c><4>kkyokudanganippatsude</c><2></c>,kekkyokudanganippatsude
81.799,81.932,-1,0,<2></c><1>kek</c><4>kyokudanganippatsude</c><2></c>,kekkyokudanganippatsude
81.932,82.066,-1,0,<2></c><1>kekkyo</c><4>kudanganippatsude</c><2></c>,kekkyokudanganippatsude
82.066,82.232,-1,0,<2></c><1>kekkyoku</c><4>danganippatsude</c><2></c>,kekkyokudanganippatsude
82.232,82.399,-1,0,<2></c><1>kekkyokuda</c><4>nganippatsude</c><2></c>,kekkyokudanganippatsude
82.399,82.566,-1,0,<2></c><1>kekkyokudan</c><4>ganippatsude</c><2></c>,kekkyokudanganippatsude
82.566,82.733,-1,0,<2></c><1>kekkyokudanga</c><4>nippatsude</c><2></c>,kekkyokudanganippatsude
82.733,82.833,-1,0,<2></c><1>kekkyokudangan</c><4>ippatsude</c><2></c>,kekkyokudanganippatsude
82.833,82.966,-1,0,<2></c><1>kekkyokudangani</c><4>ppatsude</c><2></c>,kekkyokudanganippatsude
82.966,83.067,-1,0,<2></c><1>kekkyokudanganip</c><4>patsude</c><2></c>,kekkyokudanganippatsude
83.067,83.233,-1,0,<2></c><1>kekkyokudanganippa</c><4>tsude</c><2></c>,kekkyokudanganippatsude
83.233,83.4,-1,0,<2></c><1>kekkyokudanganippatsu</c><4>de</c><2></c>,kekkyokudanganippatsude
83.4,83.934,-1,0,<2></c><1>kekkyokudanganippatsude</c><2></c>,kekkyokudanganippatsude
83.934,84.168,61,0,<2></c><3>wa</c><4>karaseteyarushikanaidake</c><2></c>,wakaraseteyarushikanaidake
84.168,84.268,61,0,<2></c><3>waka</c><4>raseteyarushikanaidake</c><2></c>,wakaraseteyarushikanaidake
84.268,84.368,61,0,<2></c><3>wakara</c><4>seteyarushikanaidake</c><2></c>,wakaraseteyarushikanaidake
84.368,84.501,61,0,<2></c><3>wakarase</c><4>teyarushikanaidake</c><2></c>,wakaraseteyarushikanaidake
84.501,84.668,61,0,<2></c><3>wakarasete</c><4>yarushikanaidake</c><2></c>,wakaraseteyarushikanaidake
84.668,84.802,61,0,<2></c><3>wakaraseteya</c><4>rushikanaidake</c><2></c>,wakaraseteyarushikanaidake
84.802,84.935,61,0,<2></c><3>wakaraseteyaru</c><4>shikanaidake</c><2></c>,wakaraseteyarushikanaidake
84.935,85.102,61,0,<2></c><3>wakaraseteyarushi</c><4>kanaidake</c><2></c>,wakaraseteyarushikanaidake
85.102,85.235,61,0,<2></c><3>wakaraseteyarushika</c><4>naidake</c><2></c>,wakaraseteyarushikanaidake
85.235,85.369,61,0,<2></c><3>wakaraseteyarushikana</c><4>idake</c><2></c>,wakaraseteyarushikanaidake
85.369,85.502,61,0,<2></c><3>wakaraseteyarushikanai</c><4>dake</c><2></c>,wakaraseteyarushikanaidake
85.502,85.702,61,0,<2></c><3>wakaraseteyarushikanaida</c><4>ke</c><2></c>,wakaraseteyarushikanaidake
85.702,86.236,61,0,<2></c><3>wakaraseteyarushikanaidake</c><2></c>,wakaraseteyarushikanaidake
86.804,95.946,-1,0,<2></c><3>wotaku</c><1>-</c><3>mafia</c><2></c><1>(coveredbyourokronii)</c><2></c>,wotaku-mafia(coveredbyourokronii)
105.022,105.222,-1,0,<2></c><1>ha</c><3>p</c><4>pabaitakaiga</c><2></c>,happabaitakaiga
105.222,105.355,-1,0,<2></c><1>ha</c><3>p</c><1>pa</c><4>baitakaiga</c><2></c>,happabaitakaiga
105.355,105.489,-1,0,<2></c><1>ha</c><3>p</c><1>pa</c><3>bai</c><4>takaiga</c><2></c>,happabaitakaiga
105.489,105.656,-1,0,<2></c><1>ha</c><3>p</c><1>pa</c><3>baita</c><1></c><4>kaiga</c><2></c>,happabaitakaiga
105.656,105.823,-1,0,<2></c><1>ha</c><3>p</c><1>pa</c><3>baita</c><1>kai</c><4>ga</c><2></c>,happabaitakaiga
105.823,105.956,-1,0,<2></c><1>ha</c><3>p</c><1>pa</c><3>baita</c><1>kaiga</c><2></c>,happabaitakaiga
105.956,106.123,-1,0,<2></c><1>f</c><3>a</c><1>i</c><4>amaitachainataun</c><2></c>,faiamaitachainataun
106.123,106.223,-1,0,<2></c><1>f</c><3>a</c><1>ia</c><4>maitachainataun</c><2></c>,faiamaitachainataun
106.223,106.256,-1,0,<2></c><1>f</c><3>a</c><1>ia</c><3>ma</c><4>itachainataun</c><2></c>,faiamaitachainataun
106.256,106.323,-1,0,<2></c><1>f</c><3>a</c><1>ia</c><3>ma</c><1>i</c><4>tachainataun</c><2></c>,faiamaitachainataun
106.323,106.523,-1,0,<2></c><1>f</c><3>a</c><1>ia</c><3>ma</c><1>i</c><3>ta</c><1></c><4>chainataun</c><2></c>,faiamaitachainataun
106.523,106.657,-1,0,<2></c><1>f</c><3>a</c><1>ia</c><3>ma</c><1>i</c><3>ta</c><1></c><3>chai</c><4>nataun</c><2></c>,faiamaitachainataun
106.657,106.79,-1,0,<2></c><1>f</c><3>a</c><1>ia</c><3>ma</c><1>i</c><3>ta</c><1></c><3>chai</c><1>na</c><4>taun</c><2></c>,faiamaitachainataun
106.79,107.357,-1,0,<2></c><1>f</c><3>a</c><1>ia</c><3>ma</c><1>i</c><3>ta</c><1></c><3>chai</c><1>nataun</c><2></c>,faiamaitachainataun
107.357,107.524,78,0,<2></c><3>ji</c><4>nitekinapankutaiyakakushimottanaifu</c><2></c>,jinitekinapankutaiyakakushimottanaifu
107.524,107.591,78,0,<2></c><3>jin</c><4>itekinapankutaiyakakushimottanaifu</c><2></c>,jinitekinapankutaiyakakushimottanaifu
107.591,107.691,78,0,<2></c><3>jini</c><4>tekinapankutaiyakakushimottanaifu</c><2></c>,jinitekinapankutaiyakakushimottanaifu
107.691,107.791,78,0,<2></c><3>jinite</c><4>kinapankutaiyakakushimottanaifu</c><2></c>,jinitekinapankutaiyakakushimottanaifu
107.791,107.858,78,0,<2></c><3>jiniteki</c><4>napankutaiyakakushimottanaifu</c><2></c>,jinitekinapankutaiyakakushimottanaifu
107.858,107.958,78,0,<2></c><3>jinitekina</c><4>pankutaiyakakushimottanaifu</c><2></c>,jinitekinapankutaiyakakushimottanaifu
107.958,108.058,78,0,<2></c><3>jinitekinapa</c><4>nkutaiyakakushimottanaifu</c><2></c>,jinitekinapankutaiyakakushimottanaifu
108.058,108.125,78,0,<2></c><3>jinitekinapan</c><4>kutaiyakakushimottanaifu</c><2></c>,jinitekinapankutaiyakakushimottanaifu
108.125,108.225,78,0,<2></c><3>jinitekinapanku</c><4>taiyakakushimottanaifu</c><2></c>,jinitekinapankutaiyakakushimottanaifu
108.225,108.292,78,0,<2></c><3>jinitekinapankuta</c><4>iyakakushimottanaifu</c><2></c>,jinitekinapankutaiyakakushimottanaifu
108.292,108.358,78,0,<2></c><3>jinitekinapankutai</c><4>yakakushimottanaifu</c><2></c>,jinitekinapankutaiyakakushimottanaifu
108.358,108.492,78,0,<2></c><3>jinitekinapankutaiya</c><4>kakushimottanaifu</c><2></c>,jinitekinapankutaiyakakushimottanaifu
108.492,108.625,78,0,<2></c><3>jinitekinapankutaiya</c><1>ka</c><4>kushimottanaifu</c><2></c>,jinitekinapankutaiyakakushimottanaifu
108.625,108.692,78,0,<2></c><3>jinitekinapankutaiya</c><1>kaku</c><4>shimottanaifu</c><2></c>,jinitekinapankutaiyakakushimottanaifu
108.692,108.792,78,0,<2></c><3>jinitekinapankutaiya</c><1>kakushi</c><4>mottanaifu</c><2></c>,jinitekinapankutaiyakakushimottanaifu
108.792,108.892,78,0,<2></c><3>jinitekinapankutaiya</c><1>kakushimo</c><4>ttanaifu</c><2></c>,jinitekinapankutaiyakakushimottanaifu
108.892,108.959,78,0,<2></c><3>jinitekinapankutaiya</c><1>kakushimot</c><4>tanaifu</c><2></c>,jinitekinapankutaiyakakushimottanaifu
108.959,109.059,78,0,<2></c><3>jinitekinapankutaiya</c><1>kakushimotta</c><4>naifu</c><2></c>,jinitekinapankutaiyakakushimottanaifu
109.059,109.193,78,0,<2></c><3>jinitekinapankutaiya</c><1>kakushimottana</c><4>ifu</c><2></c>,jinitekinapankutaiyakakushimottanaifu
109.193,109.359,78,0,<2></c><3>jinitekinapankutaiya</c><1>kakushimottanai</c><4>fu</c><2></c>,jinitekinapankutaiyakakushimottanaifu
109.359,109.66,78,0,<2></c><3>jinitekinapankutaiya</c><1>kakushimottanaifu</c><2></c>,jinitekinapankutaiyakakushimottanaifu
109.66,109.76,72,0,<2></c><1>na</c><4>ndakandaittenaidedamarenainoka</c><2></c>,nandakandaittenaidedamarenainoka
109.76,109.86,72,0,<2></c><1>nan</c><4>dakandaittenaidedamarenainoka</c><2></c>,nandakandaittenaidedamarenainoka
109.86,109.993,72,0,<2></c><1>nanda</c><4>kandaittenaidedamarenainoka</c><2></c>,nandakandaittenaidedamarenainoka
109.993,110.06,72,0,<2></c><1>nandaka</c><4>ndaittenaidedamarenainoka</c><2></c>,nandakandaittenaidedamarenainoka
110.06,110.16,72,0,<2></c><1>nandakan</c><4>daittenaidedamarenainoka</c><2></c>,nandakandaittenaidedamarenainoka
110.16,110.227,72,0,<2></c><1>nandakanda</c><4>ittenaidedamarenainoka</c><2></c>,nandakandaittenaidedamarenainoka
110.227,110.327,72,0,<2></c><1>nandakanda</c><3>i</c><4>ttenaidedamarenainoka</c><2></c>,nandakandaittenaidedamarenainoka
110.327,110.427,72,0,<2></c><1>nandakanda</c><3>it</c><4>tenaidedamarenainoka</c><2></c>,nandakandaittenaidedamarenainoka
110.427,110.527,72,0,<2></c><1>nandakanda</c><3>itte</c><4>naidedamarenainoka</c><2></c>,nandakandaittenaidedamarenainoka
110.527,110.627,72,0,<2></c><1>nandakanda</c><3>ittena</c><4>idedamarenainoka</c><2></c>,nandakandaittenaidedamarenainoka
110.627,110.727,72,0,<2></c><1>nandakanda</c><3>ittenai</c><4>dedamarenainoka</c><2></c>,nandakandaittenaidedamarenainoka
110.727,110.828,72,0,<2></c><1>nandakanda</c><3>ittenaide</c><4>damarenainoka</c><2></c>,nandakandaittenaidedamarenainoka
110.828,110.928,72,0,<2></c><1>nandakanda</c><3>ittenaide</c><1>da</c><4>marenainoka</c><2></c>,nandakandaittenaidedamarenainoka
110.928,111.028,72,0,<2></c><1>nandakanda</c><3>ittenaide</c><1>dama</c><4>renainoka</c><2></c>,nandakandaittenaidedamarenainoka
111.028,111.128,72,0,<2></c><1>nandakanda</c><3>ittenaide</c><1>damare</c><4>nainoka</c><2></c>,nandakandaittenaidedamarenainoka
111.128,111.195,72,0,<2></c><1>nandakanda</c><3>ittenaide</c><1>damarena</c><4>inoka</c><2></c>,nandakandaittenaidedamarenainoka
111.195,111.295,72,0,<2></c><1>nandakanda</c><3>ittenaide</c><1>damarenai</c><4>noka</c><2></c>,nandakandaittenaidedamarenainoka
111.295,111.361,72,0,<2></c><1>nandakanda</c><3>ittenaide</c><1>damarenaino</c><4>ka</c><2></c>,nandakandaittenaidedamarenainoka
111.361,111.929,72,0,<2></c><1>nandakanda</c><3>ittenaide</c><1>damarenainoka</c><2></c>,nandakandaittenaidedamarenainoka
111.929,112.096,67,0,<2></c><1>ka</c><4>nzengouidekaraninattasaifu</c><2></c>,kanzengouidekaraninattasaifu
112.096,112.262,67,0,<2></c><1>kan</c><4>zengouidekaraninattasaifu</c><2></c>,kanzengouidekaraninattasaifu
112.262,112.396,67,0,<2></c><1>kanze</c><4>ngouidekaraninattasaifu</c><2></c>,kanzengouidekaraninattasaifu
112.396,112.496,67,0,<2></c><1>kanzen</c><4>gouidekaraninattasaifu</c><2></c>,kanzengouidekaraninattasaifu
112.496,112.629,67,0,<2></c><1>kanzengo</c><4>uidekaraninattasaifu</c><2></c>,kanzengouidekaraninattasaifu
112.629,112.729,67,0,<2></c><1>kanzengou</c><4>idekaraninattasaifu</c><2></c>,kanzengouidekaraninattasaifu
112.729,112.93,67,0,<2></c><1>kanzengoui</c><4>dekaraninattasaifu</c><2></c>,kanzengouidekaraninattasaifu
112.93,113.063,67,0,<2></c><1>kanzengoui</c><3>de</c><4>karaninattasaifu</c><2></c>,kanzengouidekaraninattasaifu
113.063,113.13,67,0,<2></c><1>kanzengoui</c><3>deka</c><4>raninattasaifu</c><2></c>,kanzengouidekaraninattasaifu
113.13,113.197,67,0,<2></c><1>kanzengoui</c><3>dekara</c><4>ninattasaifu</c><2></c>,kanzengouidekaraninattasaifu
113.197,113.363,67,0,<2></c><1>kanzengoui</c><3>dekarani</c><4>nattasaifu</c><2></c>,kanzengouidekaraninattasaifu
113.363,113.497,67,0,<2></c><1>kanzengoui</c><3>dekaranina</c><4>ttasaifu</c><2></c>,kanzengouidekaraninattasaifu
113.497,113.597,67,0,<2></c><1>kanzengoui</c><3>dekaraninat</c><4>tasaifu</c><2></c>,kanzengouidekaraninattasaifu
113.597,113.697,67,0,<2></c><1>kanzengoui</c><3>dekaraninatta</c><4>saifu</c><2></c>,kanzengouidekaraninattasaifu
113.697,113.797,67,0,<2></c><1>kanzengoui</c><3>dekaraninattasa</c><4>ifu</c><2></c>,kanzengouidekaraninattasaifu
113.797,113.864,67,0,<2></c><1>kanzengoui</c><3>dekaraninattasai</c><4>fu</c><2></c>,kanzengouidekaraninattasaifu
113.864,114.231,67,0,<2></c><1>kanzengoui</c><3>dekaraninattasaifu</c><2></c>,kanzengouidekaraninattasaifu
114.231,114.331,-1,0,<2></c><3>te</c><4>ritoriidemomiai</c><2></c>,teritoriidemomiai
114.331,114.465,-1,0,<2></c><3>teri</c><4>toriidemomiai</c><2></c>,teritoriidemomiai
114.465,114.565,-1,0,<2></c><3>terito</c><4>riidemomiai</c><2></c>,teritoriidemomiai
114.565,114.698,-1,0,<2></c><3>teritorii</c><4>demomiai</c><2></c>,teritoriidemomiai
114.698,114.798,-1,0,<2></c><3>teritorii</c><1>de</c><4>momiai</c><2></c>,teritoriidemomiai
114.798,114.932,-1,0,<2></c><3>teritorii</c><1>demo</c><4>miai</c><2></c>,teritoriidemomiai
114.932,115.065,-1,0,<2></c><3>teritorii</c><1>demomi</c><4>ai</c><2></c>,teritoriidemomiai
115.065,115.165,-1,0,<2></c><3>teritorii</c><1>demomia</c><4>i</c><2></c>,teritoriidemomiai
115.165,115.365,-1,0,<2></c><3>teritorii</c><1>demomiai</c><2></c>,teritoriidemomiai
115.365,115.566,-1,0,<2></c><3>to</c><4>miigannoderibarii</c><2></c>,tomiigannoderibarii
115.566,115.699,-1,0,<2></c><3>tomii</c><4>gannoderibarii</c><2></c>,tomiigannoderibarii
115.699,115.833,-1,0,<2></c><3>tomiigan</c><4>noderibarii</c><2></c>,tomiigannoderibarii
115.833,115.933,-1,0,<2></c><3>tomiiganno</c><4>deribarii</c><2></c>,tomiigannoderibarii
115.933,116.033,-1,0,<2></c><3>tomiiganno</c><1>de</c><4>ribarii</c><2></c>,tomiigannoderibarii
116.033,116.133,-1,0,<2></c><3>tomiiganno</c><1>deri</c><4>barii</c><2></c>,tomiigannoderibarii
116.133,116.266,-1,0,<2></c><3>tomiiganno</c><1>deriba</c><4>rii</c><2></c>,tomiigannoderibarii
116.266,116.5,-1,0,<2></c><3>tomiiganno</c><1>deribarii</c><2></c>,tomiigannoderibarii
116.5,116.667,-1,0,<2></c><3>so</c><4>ugigyoushanotehai</c><2></c>,sougigyoushanotehai
116.667,116.767,-1,0,<2></c><3>sou</c><4>gigyoushanotehai</c><2></c>,sougigyoushanotehai
116.767,116.834,-1,0,<2></c><3>sougi</c><4>gyoushanotehai</c><2></c>,sougigyoushanotehai
116.834,116.9,-1,0,<2></c><3>sougigyo</c><4>ushanotehai</c><2></c>,sougigyoushanotehai
116.9,116.967,-1,0,<2></c><3>sougigyou</c><4>shanotehai</c><2></c>,sougigyoushanotehai
116.967,117.067,-1,0,<2></c><3>sougigyousha</c><4>notehai</c><2></c>,sougigyoushanotehai
117.067,117.134,-1,0,<2></c><3>sougigyousha</c><1>no</c><4>tehai</c><2></c>,sougigyoushanotehai
117.134,117.267,-1,0,<2></c><3>sougigyousha</c><1>note</c><4>hai</c><2></c>,sougigyoushanotehai
117.267,117.367,-1,0,<2></c><3>sougigyousha</c><1>noteha</c><4>i</c><2></c>,sougigyoushanotehai
117.367,117.668,-1,0,<2></c><3>sougigyousha</c><1>notehai</c><2></c>,sougigyoushanotehai
117.668,117.801,-1,0,<2></c><1>na</c><4>riyamanaijazusuwingu</c><2></c>,nariyamanaijazusuwingu
117.801,117.868,-1,0,<2></c><1>nari</c><4>yamanaijazusuwingu</c><2></c>,nariyamanaijazusuwingu
117.868,117.968,-1,0,<2></c><1>nariya</c><4>manaijazusuwingu</c><2></c>,nariyamanaijazusuwingu
117.968,118.035,-1,0,<2></c><1>nariyama</c><4>naijazusuwingu</c><2></c>,nariyamanaijazusuwingu
118.035,118.135,-1,0,<2></c><1>nariyamana</c><4>ijazusuwingu</c><2></c>,nariyamanaijazusuwingu
118.135,118.268,-1,0,<2></c><1>nariyamanai</c><4>jazusuwingu</c><2></c>,nariyamanaijazusuwingu
118.268,118.502,-1,0,<2></c><1>nariyamanai</c><3>jazu</c><4>suwingu</c><2></c>,nariyamanaijazusuwingu
118.502,118.802,-1,0,<2></c><1>nariyamanai</c><3>jazusuwingu</c><2></c>,nariyamanaijazusuwingu
118.802,119.002,-1,0,<2></c><3>uisu</c><4>kiitomatenrou</c><2></c>,uisukiitomatenrou
119.002,119.136,-1,0,<2></c><3>uisukii</c><4>tomatenrou</c><2></c>,uisukiitomatenrou
119.136,119.236,-1,0,<2></c><3>uisukii</c><1>to</c><4>matenrou</c><2></c>,uisukiitomatenrou
119.236,119.369,-1,0,<2></c><3>uisukii</c><1>toma</c><4>tenrou</c><2></c>,uisukiitomatenrou
119.369,119.47,-1,0,<2></c><3>uisukii</c><1>tomate</c><4>nrou</c><2></c>,uisukiitomatenrou
119.47,119.57,-1,0,<2></c><3>uisukii</c><1>tomaten</c><4>rou</c><2></c>,uisukiitomatenrou
119.57,119.67,-1,0,<2></c><3>uisukii</c><1>tomatenro</c><4>u</c><2></c>,uisukiitomatenrou
119.67,119.903,-1,0,<2></c><3>uisukii</c><1>tomatenrou</c><2></c>,uisukiitomatenrou
119.903,120.037,-1,0,<2></c><3>ne</c><4>murukiminoyokogao</c><2></c>,nemurukiminoyokogao
120.037,120.104,-1,0,<2></c><3>nemu</c><4>rukiminoyokogao</c><2></c>,nemurukiminoyokogao
120.104,120.237,-1,0,<2></c><3>nemuru</c><4>kiminoyokogao</c><2></c>,nemurukiminoyokogao
120.237,120.37,-1,0,<2></c><3>nemuruki</c><4>minoyokogao</c><2></c>,nemurukiminoyokogao
120.37,120.437,-1,0,<2></c><3>nemurukimi</c><4>noyokogao</c><2></c>,nemurukiminoyokogao
120.437,120.504,-1,0,<2></c><3>nemurukimi</c><1>no</c><4>yokogao</c><2></c>,nemurukiminoyokogao
120.504,120.604,-1,0,<2></c><3>nemurukimi</c><1>noyo</c><4>kogao</c><2></c>,nemurukiminoyokogao
120.604,120.671,-1,0,<2></c><3>nemurukimi</c><1>noyoko</c><4>gao</c><2></c>,nemurukiminoyokogao
120.671,120.737,-1,0,<2></c><3>nemurukimi</c><1>noyokoga</c><4>o</c><2></c>,nemurukiminoyokogao
120.737,121.071,-1,0,<2></c><3>nemurukimi</c><1>noyokogao</c><2></c>,nemurukiminoyokogao
121.071,121.205,80,0,<2></c><1>ta</c><4>ezuinochihazeruotogahibikukonyamo</c><2></c>,taezuinochihazeruotogahibikukonyamo
121.205,121.271,80,0,<2></c><1>tae</c><4>zuinochihazeruotogahibikukonyamo</c><2></c>,taezuinochihazeruotogahibikukonyamo
121.271,121.371,80,0,<2></c><1>taezu</c><4>inochihazeruotogahibikukonyamo</c><2></c>,taezuinochihazeruotogahibikukonyamo
121.371,121.472,80,0,<2></c><1>taezui</c><4>nochihazeruotogahibikukonyamo</c><2></c>,taezuinochihazeruotogahibikukonyamo
121.472,121.572,80,0,<2></c><1>taezuino</c><4>chihazeruotogahibikukonyamo</c><2></c>,taezuinochihazeruotogahibikukonyamo
121.572,121.638,80,0,<2></c><1>taezuinochi</c><4>hazeruotogahibikukonyamo</c><2></c>,taezuinochihazeruotogahibikukonyamo
121.638,121.738,80,0,<2></c><1>taezuinochiha</c><4>zeruotogahibikukonyamo</c><2></c>,taezuinochihazeruotogahibikukonyamo
121.738,121.839,80,0,<2></c><1>taezuinochihaze</c><4>ruotogahibikukonyamo</c><2></c>,taezuinochihazeruotogahibikukonyamo
121.839,121.939,80,0,<2></c><1>taezuinochihazeru</c><4>otogahibikukonyamo</c><2></c>,taezuinochihazeruotogahibikukonyamo
121.939,122.039,80,0,<2></c><1>taezuinochihazeru</c><3>o</c><4>togahibikukonyamo</c><2></c>,taezuinochihazeruotogahibikukonyamo
122.039,122.139,80,0,<2></c><1>taezuinochihazeru</c><3>oto</c><4>gahibikukonyamo</c><2></c>,taezuinochihazeruotogahibikukonyamo
122.139,122.206,80,0,<2></c><1>taezuinochihazeru</c><3>otoga</c><4>hibikukonyamo</c><2></c>,taezuinochihazeruotogahibikukonyamo
122.206,122.306,80,0,<2></c><1>taezuinochihazeru</c><3>otogahi</c><4>bikukonyamo</c><2></c>,taezuinochihazeruotogahibikukonyamo
122.306,122.406,80,0,<2></c><1>taezuinochihazeru</c><3>otogahibi</c><4>kukonyamo</c><2></c>,taezuinochihazeruotogahibikukonyamo
122.406,122.506,80,0,<2></c><1>taezuinochihazeru</c><3>otogahibiku</c><4>konyamo</c><2></c>,taezuinochihazeruotogahibikukonyamo
122.506,122.573,80,0,<2></c><1>taezuinochihazeru</c><3>otogahibikuko</c><4>nyamo</c><2></c>,taezuinochihazeruotogahibikukonyamo
122.573,122.673,80,0,<2></c><1>taezuinochihazeru</c><3>otogahibikukon</c><4>yamo</c><2></c>,taezuinochihazeruotogahibikukonyamo
122.673,122.773,80,0,<2></c><1>taezuinochihazeru</c><3>otogahibikukonya</c><4>mo</c><2></c>,taezuinochihazeruotogahibikukonyamo
122.773,123.34,80,0,<2></c><1>taezuinochihazeru</c><3>otogahibikukonyamo</c><2></c>,taezuinochihazeruotogahibikukonyamo
123.34,123.607,-1,0,<2></c><3>ke</c><4>sedokienukizuato</c><2></c>,kesedokienukizuato
123.607,123.774,-1,0,<2></c><3>ke</c><1>se</c><4>dokienukizuato</c><2></c>,kesedokienukizuato
123.774,124.007,-1,0,<2></c><3>ke</c><1>sedo</c><4>kienukizuato</c><2></c>,kesedokienukizuato
124.007,124.141,-1,0,<2></c><3>ke</c><1>sedo</c><3>ki</c><4>enukizuato</c><2></c>,kesedokienukizuato
124.141,124.341,-1,0,<2></c><3>ke</c><1>sedo</c><3>ki</c><1>e</c><4>nukizuato</c><2></c>,kesedokienukizuato
124.341,124.575,-1,0,<2></c><3>ke</c><1>sedo</c><3>ki</c><1>enu</c><4>kizuato</c><2></c>,kesedokienukizuato
124.575,124.708,-1,0,<2></c><3>ke</c><1>sedo</c><3>ki</c><1>enuki</c><4>zuato</c><2></c>,kesedokienukizuato
124.708,124.842,-1,0,<2></c><3>ke</c><1>sedo</c><3>ki</c><1>enukizu</c><4>ato</c><2></c>,kesedokienukizuato
124.842,125.109,-1,0,<2></c><3>ke</c><1>sedo</c><3>ki</c><1>enukizua</c><4>to</c><2></c>,kesedokienukizuato
125.109,125.609,-1,0,<2></c><3>ke</c><1>sedo</c><3>ki</c><1>enukizuato</c><2></c>,kesedokienukizuato
125.609,125.809,-1,0,<2></c><1>ne</c><4>temosametemosenjou</c><2></c>,netemosametemosenjou
125.809,125.976,-1,0,<2></c><1>ne</c><3>te</c><4>mosametemosenjou</c><2></c>,netemosametemosenjou
125.976,126.176,-1,0,<2></c><1>ne</c><3>temo</c><4>sametemosenjou</c><2></c>,netemosametemosenjou
126.176,126.376,-1,0,<2></c><1>ne</c><3>temo</c><1>sa</c><4>metemosenjou</c><2></c>,netemosametemosenjou
126.376,126.543,-1,0,<2></c><1>ne</c><3>temo</c><1>same</c><4>temosenjou</c><2></c>,netemosametemosenjou
126.543,126.743,-1,0,<2></c><1>ne</c><3>temo</c><1>same</c><3>te</c><4>mosenjou</c><2></c>,netemosametemosenjou
126.743,126.977,-1,0,<2></c><1>ne</c><3>temo</c><1>same</c><3>temo</c><4>senjou</c><2></c>,netemosametemosenjou
126.977,127.211,-1,0,<2></c><1>ne</c><3>temo</c><1>same</c><3>temo</c><1>se</c><4>njou</c><2></c>,netemosametemosenjou
127.211,127.344,-1,0,<2></c><1>ne</c><3>temo</c><1>same</c><3>temo</c><1>sen</c><4>jou</c><2></c>,netemosametemosenjou
127.344,127.478,-1,0,<2></c><1>ne</c><3>temo</c><1>same</c><3>temo</c><1>senjo</c><4>u</c><2></c>,netemosametemosenjou
127.478,127.911,-1,0,<2></c><1>ne</c><3>temo</c><1>same</c><3>temo</c><1>senjou</c><2></c>,netemosametemosenjou
127.911,128.112,-1,0,<2></c><1>ko</c><4>domotachinikizunao</c><2></c>,kodomotachinikizunao
128.112,128.245,-1,0,<2></c><1>kodo</c><4>motachinikizunao</c><2></c>,kodomotachinikizunao
128.245,128.445,-1,0,<2></c><1>kodomo</c><4>tachinikizunao</c><2></c>,kodomotachinikizunao
128.445,128.712,-1,0,<2></c><1>kodomota</c><4>chinikizunao</c><2></c>,kodomotachinikizunao
128.712,128.846,-1,0,<2></c><1>kodomotachi</c><4>nikizunao</c><2></c>,kodomotachinikizunao
128.846,129.046,-1,0,<2></c><1>kodomotachi</c><3>ni</c><4>kizunao</c><2></c>,kodomotachinikizunao
129.046,129.279,-1,0,<2></c><1>kodomotachi</c><3>ni</c><1>ki</c><4>zunao</c><2></c>,kodomotachinikizunao
129.279,129.446,-1,0,<2></c><1>kodomotachi</c><3>ni</c><1>kizu</c><4>nao</c><2></c>,kodomotachinikizunao
129.446,129.646,-1,0,<2></c><1>kodomotachi</c><3>ni</c><1>kizuna</c><4>o</c><2></c>,kodomotachinikizunao
129.646,130.18,-1,0,<2></c><1>kodomotachi</c><3>ni</c><1>kizuna</c><3>o</c><2></c>,kodomotachinikizunao
130.18,130.38,-1,0,<2></c><1>u</c><4>ragirimononibatsuo</c><2></c>,uragirimononibatsuo
130.38,130.614,-1,0,<2></c><1>ura</c><4>girimononibatsuo</c><2></c>,uragirimononibatsuo
130.614,130.747,-1,0,<2></c><1>uragi</c><4>rimononibatsuo</c><2></c>,uragirimononibatsuo
130.747,130.981,-1,0,<2></c><1>uragiri</c><4>mononibatsuo</c><2></c>,uragirimononibatsuo
130.981,131.181,-1,0,<2></c><1>uragirimo</c><4>nonibatsuo</c><2></c>,uragirimononibatsuo
131.181,131.348,-1,0,<2></c><1>uragirimono</c><4>nibatsuo</c><2></c>,uragirimononibatsuo
131.348,131.515,-1,0,<2></c><1>uragirimono</c><3>ni</c><4>batsuo</c><2></c>,uragirimononibatsuo
131.515,131.715,-1,0,<2></c><1>uragirimono</c><3>ni</c><1>ba</c><4>tsuo</c><2></c>,uragirimononibatsuo
131.715,131.915,-1,0,<2></c><1>uragirimono</c><3>ni</c><1>batsu</c><4>o</c><2></c>,uragirimononibatsuo
131.915,132.516,-1,0,<2></c><1>uragirimono</c><3>ni</c><1>batsu</c><3>o</c><2></c>,uragirimononibatsuo
132.516,132.749,-1,0,<2></c><1>ki</c><4>niiranaika?</c><2></c>,kiniiranaika?
132.749,132.883,-1,0,<2></c><1>kini</c><4>iranaika?</c><2></c>,kiniiranaika?
132.883,133.016,-1,0,<2></c><1>kinii</c><4>ranaika?</c><2></c>,kiniiranaika?
133.016,133.183,-1,0,<2></c><1>kiniira</c><4>naika?</c><2></c>,kiniiranaika?
133.183,133.383,-1,0,<2></c><1>kiniirana</c><4>ika?</c><2></c>,kiniiranaika?
133.383,133.584,-1,0,<2></c><1>kiniiranai</c><4>ka?</c><2></c>,kiniiranaika?
133.584,134.218,-1,0,<2></c><1>kiniiranaika</c><3>?</c><2></c>,kiniiranaika?
134.218,134.418,-1,0,<2></c><1>na</c><4>rabaomaegayarina</c><2></c>,narabaomaegayarina
134.418,134.618,-1,0,<2></c><1>nara</c><4>baomaegayarina</c><2></c>,narabaomaegayarina
134.618,134.818,-1,0,<2></c><1>naraba</c><4>omaegayarina</c><2></c>,narabaomaegayarina
134.818,135.085,-1,0,<2></c><1>naraba</c><3>o</c><4>maegayarina</c><2></c>,narabaomaegayarina
135.085,135.219,-1,0,<2></c><1>naraba</c><3>oma</c><4>egayarina</c><2></c>,narabaomaegayarina
135.219,135.352,-1,0,<2></c><1>naraba</c><3>omae</c><4>gayarina</c><2></c>,narabaomaegayarina
135.352,135.552,-1,0,<2></c><1>naraba</c><3>omaega</c><4>yarina</c><2></c>,narabaomaegayarina
135.552,135.719,-1,0,<2></c><1>naraba</c><3>omaega</c><1>ya</c><4>rina</c><2></c>,narabaomaegayarina
135.719,135.886,-1,0,<2></c><1>naraba</c><3>omaega</c><1>yari</c><4>na</c><2></c>,narabaomaegayarina
135.886,136.353,-1,0,<2></c><1>naraba</c><3>omaega</c><1>yarina</c><2></c>,narabaomaegayarina
136.353,136.62,56,0,<2></c><1>se</c><4>kkakuhirottainochinara</c><2></c>,sekkakuhirottainochinara
136.62,136.753,56,0,<2></c><1>sek</c><4>kakuhirottainochinara</c><2></c>,sekkakuhirottainochinara
136.753,136.92,56,0,<2></c><1>sekka</c><4>kuhirottainochinara</c><2></c>,sekkakuhirottainochinara
136.92,137.087,56,0,<2></c><1>sekkaku</c><4>hirottainochinara</c><2></c>,sekkakuhirottainochinara
137.087,137.187,56,0,<2></c><1>sekkakuhi</c><4>rottainochinara</c><2></c>,sekkakuhirottainochinara
137.187,137.354,56,0,<2></c><1>sekkakuhiro</c><4>ttainochinara</c><2></c>,sekkakuhirottainochinara
137.354,137.488,56,0,<2></c><1>sekkakuhirot</c><4>tainochinara</c><2></c>,sekkakuhirottainochinara
137.488,137.621,56,0,<2></c><1>sekkakuhirotta</c><4>inochinara</c><2></c>,sekkakuhirottainochinara
137.621,137.754,56,0,<2></c><1>sekkakuhirottai</c><4>nochinara</c><2></c>,sekkakuhirottainochinara
137.754,137.921,56,0,<2></c><1>sekkakuhirottaino</c><4>chinara</c><2></c>,sekkakuhirottainochinara
137.921,138.088,56,0,<2></c><1>sekkakuhirottainochi</c><4>nara</c><2></c>,sekkakuhirottainochinara
138.088,138.222,56,0,<2></c><1>sekkakuhirottainochina</c><4>ra</c><2></c>,sekkakuhirottainochinara
138.222,138.755,56,0,<2></c><1>sekkakuhirottainochinara</c><2></c>,sekkakuhirottainochinara
138.755,138.956,61,0,<2></c><1>da</c><4>ijinishiterebaiinonina</c><2></c>,daijinishiterebaiinonina
138.956,139.089,61,0,<2></c><1>dai</c><4>jinishiterebaiinonina</c><2></c>,daijinishiterebaiinonina
139.089,139.156,61,0,<2></c><1>daiji</c><4>nishiterebaiinonina</c><2></c>,daijinishiterebaiinonina
139.156,139.323,61,0,<2></c><1>daijini</c><4>shiterebaiinonina</c><2></c>,daijinishiterebaiinonina
139.323,139.456,61,0,<2></c><1>daijinishi</c><4>terebaiinonina</c><2></c>,daijinishiterebaiinonina
139.456,139.59,61,0,<2></c><1>daijinishite</c><4>rebaiinonina</c><2></c>,daijinishiterebaiinonina
139.59,139.756,61,0,<2></c><1>daijinishitere</c><4>baiinonina</c><2></c>,daijinishiterebaiinonina
139.756,139.957,61,0,<2></c><1>daijinishitereba</c><4>iinonina</c><2></c>,daijinishiterebaiinonina
139.957,140.057,61,0,<2></c><1>daijinishiterebai</c><4>inonina</c><2></c>,daijinishiterebaiinonina
140.057,140.19,61,0,<2></c><1>daijinishiterebaii</c><4>nonina</c><2></c>,daijinishiterebaiinonina
140.19,140.324,61,0,<2></c><1>daijinishiterebaiino</c><4>nina</c><2></c>,daijinishiterebaiinonina
140.324,140.457,61,0,<2></c><1>daijinishiterebaiinoni</c><4>na</c><2></c>,daijinishiterebaiinonina
140.457,141.091,61,0,<2></c><1>daijinishiterebaiinonina</c><2></c>,daijinishiterebaiinonina
