start,end,position,line,text,unformatted
0.107,0.608,-1,0,<1>ho</c><2>shigayuraideyumeomiteiru</c>,hoshigayuraideyumeomiteiru
0.608,1.042,-1,0,<1>hoshi</c><2>gayuraideyumeomiteiru</c>,hoshigayuraideyumeomiteiru
1.042,1.208,-1,0,<1>hoshiga</c><2>yuraideyumeomiteiru</c>,hoshigayuraideyumeomiteiru
1.208,1.375,-1,0,<1>hoshigayu</c><2>raideyumeomiteiru</c>,hoshigayuraideyumeomiteiru
1.375,1.575,-1,0,<1>hoshigayura</c><2>ideyumeomiteiru</c>,hoshigayuraideyumeomiteiru
1.575,1.809,-1,0,<1>hoshigayurai</c><2>deyumeomiteiru</c>,hoshigayuraideyumeomiteiru
1.809,2.61,-1,0,<1>hoshigayuraide</c><2>yumeomiteiru</c>,hoshigayuraideyumeomiteiru
2.61,2.677,-1,0,<1>hoshigayuraideyu</c><2>meomiteiru</c>,hoshigayuraideyumeomiteiru
2.677,2.843,-1,0,<1>hoshigayuraideyume</c><2>omiteiru</c>,hoshigayuraideyumeomiteiru
2.843,3.044,-1,0,<1>hoshigayuraideyumeo</c><2>miteiru</c>,hoshigayuraideyumeomiteiru
3.044,3.177,-1,0,<1>hoshigayuraideyumeomi</c><2>teiru</c>,hoshigayuraideyumeomiteiru
3.177,3.377,-1,0,<1>hoshigayuraideyumeomite</c><2>iru</c>,hoshigayuraideyumeomiteiru
3.377,3.644,-1,0,<1>hoshigayuraideyumeomitei</c><2>ru</c>,hoshigayuraideyumeomiteiru
3.644,4.445,-1,0,<1>hoshigayuraideyumeomiteiru</c>,hoshigayuraideyumeomiteiru
4.445,4.645,-1,0,<1>ko</c><2>garetasonootogamatteruno</c>,kogaretasonootogamatteruno
4.645,4.912,-1,0,<1>koga</c><2>retasonootogamatteruno</c>,kogaretasonootogamatteruno
4.912,5.012,-1,0,<1>kogare</c><2>tasonootogamatteruno</c>,kogaretasonootogamatteruno
5.012,5.246,-1,0,<1>kogareta</c><2>sonootogamatteruno</c>,kogaretasonootogamatteruno
5.246,5.479,-1,0,<1>kogaretaso</c><2>nootogamatteruno</c>,kogaretasonootogamatteruno
5.479,5.579,-1,0,<1>kogaretasono</c><2>otogamatteruno</c>,kogaretasonootogamatteruno
5.579,5.813,-1,0,<1>kogaretasonoo</c><2>togamatteruno</c>,kogaretasonootogamatteruno
5.813,6.013,-1,0,<1>kogaretasonooto</c><2>gamatteruno</c>,kogaretasonootogamatteruno
6.013,6.514,-1,0,<1>kogaretasonootoga</c><2>matteruno</c>,kogaretasonootogamatteruno
6.514,6.948,-1,0,<1>kogaretasonootogamat</c><2>teruno</c>,kogaretasonootogamatteruno
6.948,7.181,-1,0,<1>kogaretasonootogamatte</c><2>runo</c>,kogaretasonootogamatteruno
7.181,7.415,-1,0,<1>kogaretasonootogamatteru</c><2>no</c>,kogaretasonootogamatteruno
7.415,8.082,-1,0,<1>kogaretasonootogamatteruno</c>,kogaretasonootogamatteruno
8.082,8.316,-1,0,<1>ki</c><2>ramekukaraahimeteruhibini</c>,kiramekukaraahimeteruhibini
8.316,8.549,-1,0,<1>kira</c><2>mekukaraahimeteruhibini</c>,kiramekukaraahimeteruhibini
8.549,8.649,-1,0,<1>kirame</c><2>kukaraahimeteruhibini</c>,kiramekukaraahimeteruhibini
8.649,8.849,-1,0,<1>kirameku</c><2>karaahimeteruhibini</c>,kiramekukaraahimeteruhibini
8.849,9.083,-1,0,<1>kiramekuka</c><2>raahimeteruhibini</c>,kiramekukaraahimeteruhibini
9.083,9.884,-1,0,<1>kiramekukaraa</c><2>himeteruhibini</c>,kiramekukaraahimeteruhibini
9.884,10.017,-1,0,<1>kiramekukaraahi</c><2>meteruhibini</c>,kiramekukaraahimeteruhibini
10.017,10.151,-1,0,<1>kiramekukaraahime</c><2>teruhibini</c>,kiramekukaraahimeteruhibini
10.151,10.351,-1,0,<1>kiramekukaraahimete</c><2>ruhibini</c>,kiramekukaraahimeteruhibini
10.351,10.451,-1,0,<1>kiramekukaraahimeteru</c><2>hibini</c>,kiramekukaraahimeteruhibini
10.451,10.685,-1,0,<1>kiramekukaraahimeteruhi</c><2>bini</c>,kiramekukaraahimeteruhibini
10.685,10.918,-1,0,<1>kiramekukaraahimeteruhibi</c><2>ni</c>,kiramekukaraahimeteruhibini
10.918,11.686,-1,0,<1>kiramekukaraahimeteruhibini</c>,kiramekukaraahimeteruhibini
11.686,11.953,-1,0,<1>tsu</c><2>taerukonomerodi</c>,tsutaerukonomerodi
11.953,12.286,-1,0,<1>tsuta</c><2>erukonomerodi</c>,tsutaerukonomerodi
12.286,12.62,-1,0,<1>tsutae</c><2>rukonomerodi</c>,tsutaerukonomerodi
12.62,13.054,-1,0,<1>tsutaeru</c><2>konomerodi</c>,tsutaerukonomerodi
13.054,13.321,-1,0,<1>tsutaeruko</c><2>nomerodi</c>,tsutaerukonomerodi
13.321,13.554,-1,0,<1>tsutaerukono</c><2>merodi</c>,tsutaerukonomerodi
13.554,13.988,-1,0,<1>tsutaerukonome</c><2>rodi</c>,tsutaerukonomerodi
13.988,14.221,-1,0,<1>tsutaerukonomero</c><2>di</c>,tsutaerukonomerodi
14.221,15.588,-1,0,<1>tsutaerukonomerodi</c>,tsutaerukonomerodi
16.023,19.66,59,0,<1>hoshimachisuisei-nextcolorplanet</c>,hoshimachisuisei-nextcolorplanet
19.66,23.297,-1,0,<1>lyrics:hoshimachisuisei</c>,lyrics:hoshimachisuisei
23.297,26.933,83,0,<1>compositionarrangement:takuyasakai(arterefact)</c>,compositionarrangement:takuyasakai(arterefact)
29.437,29.67,69,0,<1>ma</c><2>dokaranozoitaamenofurumachinamio</c>,madokaranozoitaamenofurumachinamio
29.67,29.904,69,0,<1>mado</c><2>karanozoitaamenofurumachinamio</c>,madokaranozoitaamenofurumachinamio
29.904,30.137,69,0,<1>madoka</c><2>ranozoitaamenofurumachinamio</c>,madokaranozoitaamenofurumachinamio
30.137,31.238,69,0,<1>madokara</c><2>nozoitaamenofurumachinamio</c>,madokaranozoitaamenofurumachinamio
31.238,31.505,69,0,<1>madokarano</c><2>zoitaamenofurumachinamio</c>,madokaranozoitaamenofurumachinamio
31.505,31.739,69,0,<1>madokaranozo</c><2>itaamenofurumachinamio</c>,madokaranozoitaamenofurumachinamio
31.739,31.973,69,0,<1>madokaranozoi</c><2>taamenofurumachinamio</c>,madokaranozoitaamenofurumachinamio
31.973,33.074,69,0,<1>madokaranozoita</c><2>amenofurumachinamio</c>,madokaranozoitaamenofurumachinamio
33.074,33.307,69,0,<1>madokaranozoitaa</c><2>menofurumachinamio</c>,madokaranozoitaamenofurumachinamio
33.307,33.541,69,0,<1>madokaranozoitaame</c><2>nofurumachinamio</c>,madokaranozoitaamenofurumachinamio
33.541,33.741,69,0,<1>madokaranozoitaameno</c><2>furumachinamio</c>,madokaranozoitaamenofurumachinamio
33.741,34.408,69,0,<1>madokaranozoitaamenofu</c><2>rumachinamio</c>,madokaranozoitaamenofurumachinamio
34.408,35.309,69,0,<1>madokaranozoitaamenofuru</c><2>machinamio</c>,madokaranozoitaamenofurumachinamio
35.309,35.576,69,0,<1>madokaranozoitaamenofuruma</c><2>chinamio</c>,madokaranozoitaamenofurumachinamio
35.576,35.776,69,0,<1>madokaranozoitaamenofurumachi</c><2>namio</c>,madokaranozoitaamenofurumachinamio
35.776,36.043,69,0,<1>madokaranozoitaamenofurumachina</c><2>mio</c>,madokaranozoitaamenofurumachinamio
36.043,36.277,69,0,<1>madokaranozoitaamenofurumachinami</c><2>o</c>,madokaranozoitaamenofurumachinamio
36.277,36.711,66,0,<1>madokaranozoitaamenofurumachinamio</c>,madokaranozoitaamenofurumachinamio
36.711,36.944,94,0,<1>ha</c><2>jikeruotodakarapokettonitsumekondelet\'sdancenow</c>,hajikeruotodakarapokettonitsumekondelet\'sdancenow
36.944,37.178,94,0,<1>haji</c><2>keruotodakarapokettonitsumekondelet\'sdancenow</c>,hajikeruotodakarapokettonitsumekondelet\'sdancenow
37.178,37.411,94,0,<1>hajike</c><2>ruotodakarapokettonitsumekondelet\'sdancenow</c>,hajikeruotodakarapokettonitsumekondelet\'sdancenow
37.411,38.546,94,0,<1>hajikeru</c><2>otodakarapokettonitsumekondelet\'sdancenow</c>,hajikeruotodakarapokettonitsumekondelet\'sdancenow
38.546,38.779,94,0,<1>hajikeruo</c><2>todakarapokettonitsumekondelet\'sdancenow</c>,hajikeruotodakarapokettonitsumekondelet\'sdancenow
38.779,39.013,94,0,<1>hajikeruoto</c><2>dakarapokettonitsumekondelet\'sdancenow</c>,hajikeruotodakarapokettonitsumekondelet\'sdancenow
39.013,39.213,94,0,<1>hajikeruotoda</c><2>karapokettonitsumekondelet\'sdancenow</c>,hajikeruotodakarapokettonitsumekondelet\'sdancenow
39.213,39.847,94,0,<1>hajikeruotodaka</c><2>rapokettonitsumekondelet\'sdancenow</c>,hajikeruotodakarapokettonitsumekondelet\'sdancenow
39.847,40.781,94,0,<1>hajikeruotodakara</c><2>pokettonitsumekondelet\'sdancenow</c>,hajikeruotodakarapokettonitsumekondelet\'sdancenow
40.781,40.915,94,0,<1>hajikeruotodakarapo</c><2>kettonitsumekondelet\'sdancenow</c>,hajikeruotodakarapokettonitsumekondelet\'sdancenow
40.915,41.048,94,0,<1>hajikeruotodakarapoke</c><2>ttonitsumekondelet\'sdancenow</c>,hajikeruotodakarapokettonitsumekondelet\'sdancenow
41.048,41.282,94,0,<1>hajikeruotodakarapoket</c><2>tonitsumekondelet\'sdancenow</c>,hajikeruotodakarapokettonitsumekondelet\'sdancenow
41.282,41.482,94,0,<1>hajikeruotodakarapoketto</c><2>nitsumekondelet\'sdancenow</c>,hajikeruotodakarapokettonitsumekondelet\'sdancenow
41.482,41.682,94,0,<1>hajikeruotodakarapokettoni</c><2>tsumekondelet\'sdancenow</c>,hajikeruotodakarapokettonitsumekondelet\'sdancenow
41.682,41.816,94,0,<1>hajikeruotodakarapokettonitsu</c><2>mekondelet\'sdancenow</c>,hajikeruotodakarapokettonitsumekondelet\'sdancenow
41.816,42.149,94,0,<1>hajikeruotodakarapokettonitsume</c><2>kondelet\'sdancenow</c>,hajikeruotodakarapokettonitsumekondelet\'sdancenow
42.149,42.416,94,0,<1>hajikeruotodakarapokettonitsumeko</c><2>ndelet\'sdancenow</c>,hajikeruotodakarapokettonitsumekondelet\'sdancenow
42.416,42.616,94,0,<1>hajikeruotodakarapokettonitsumekon</c><2>delet\'sdancenow</c>,hajikeruotodakarapokettonitsumekondelet\'sdancenow
42.616,42.85,94,0,<1>hajikeruotodakarapokettonitsumekonde</c><2>let\'sdancenow</c>,hajikeruotodakarapokettonitsumekondelet\'sdancenow
42.85,43.217,94,0,<1>hajikeruotodakarapokettonitsumekondelet\'s</c><2>dancenow</c>,hajikeruotodakarapokettonitsumekondelet\'sdancenow
43.217,43.551,94,0,<1>hajikeruotodakarapokettonitsumekondelet\'sdance</c><2>now</c>,hajikeruotodakarapokettonitsumekondelet\'sdancenow
43.551,43.985,91,0,<1>hajikeruotodakarapokettonitsumekondelet\'sdancenow</c>,hajikeruotodakarapokettonitsumekondelet\'sdancenow
43.985,44.218,-1,0,<1>ki</c><2>minosukina</c>,kiminosukina
44.218,44.452,-1,0,<1>kimi</c><2>nosukina</c>,kiminosukina
44.452,44.685,-1,0,<1>kimino</c><2>sukina</c>,kiminosukina
44.685,45.019,-1,0,<1>kiminosu</c><2>kina</c>,kiminosukina
45.019,45.353,-1,0,<1>kiminosuki</c><2>na</c>,kiminosukina
45.353,46.486,-1,0,<1>kiminosukina</c>,kiminosukina
45.786,46.02,58,0,<1>(cho</c><2>ttocooldepopnapartysong)</c>,(chottocooldepopnapartysong)
46.02,46.253,58,0,<1>(chot</c><2>tocooldepopnapartysong)</c>,(chottocooldepopnapartysong)
46.253,46.387,58,0,<1>(chotto</c><2>cooldepopnapartysong)</c>,(chottocooldepopnapartysong)
46.387,46.62,58,0,<1>(chottocoo</c><2>ldepopnapartysong)</c>,(chottocooldepopnapartysong)
46.62,46.854,58,0,<1>(chottocool</c><2>depopnapartysong)</c>,(chottocooldepopnapartysong)
46.854,46.954,58,0,<1>(chottocoolde</c><2>popnapartysong)</c>,(chottocooldepopnapartysong)
46.954,47.154,58,0,<1>(chottocooldepo</c><2>pnapartysong)</c>,(chottocooldepopnapartysong)
47.154,47.254,58,0,<1>(chottocooldepop</c><2>napartysong)</c>,(chottocooldepopnapartysong)
47.254,47.388,58,0,<1>(chottocooldepopna</c><2>partysong)</c>,(chottocooldepopnapartysong)
47.388,47.655,58,0,<1>(chottocooldepopnapar</c><2>tysong)</c>,(chottocooldepopnapartysong)
47.621,47.822,-1,0,<1>ki</c><2>raachuunnosuteppuninosete</c>,kiraachuunnosuteppuninosete
47.655,47.855,58,0,<1>(chottocooldepopnaparty</c><2>song)</c>,(chottocooldepopnapartysong)
47.822,48.089,-1,0,<1>kira</c><2>achuunnosuteppuninosete</c>,kiraachuunnosuteppuninosete
47.855,48.289,-1,0,<1>(chottocooldepopnapartysong)</c>,(chottocooldepopnapartysong)
48.089,48.289,-1,0,<1>kiraa</c><2>chuunnosuteppuninosete</c>,kiraachuunnosuteppuninosete
48.289,48.656,-1,0,<1>kiraachuun</c><2>nosuteppuninosete</c>,kiraachuunnosuteppuninosete
48.656,48.956,-1,0,<1>kiraachuunno</c><2>suteppuninosete</c>,kiraachuunnosuteppuninosete
48.956,49.223,-1,0,<1>kiraachuunnosu</c><2>teppuninosete</c>,kiraachuunnosuteppuninosete
49.223,49.557,-1,0,<1>kiraachuunnosutep</c><2>puninosete</c>,kiraachuunnosuteppuninosete
49.557,49.89,-1,0,<1>kiraachuunnosuteppu</c><2>ninosete</c>,kiraachuunnosuteppuninosete
49.89,50.124,-1,0,<1>kiraachuunnosuteppuni</c><2>nosete</c>,kiraachuunnosuteppuninosete
50.124,50.491,-1,0,<1>kiraachuunnosuteppunino</c><2>sete</c>,kiraachuunnosuteppuninosete
50.491,50.791,-1,0,<1>kiraachuunnosuteppuninose</c><2>te</c>,kiraachuunnosuteppuninosete
50.791,51.258,-1,0,<1>kiraachuunnosuteppuninosete</c>,kiraachuunnosuteppuninosete
51.258,51.492,-1,0,<1>ma</c><2>hounoyouna</c>,mahounoyouna
51.492,51.692,-1,0,<1>maho</c><2>unoyouna</c>,mahounoyouna
51.692,51.959,-1,0,<1>mahou</c><2>noyouna</c>,mahounoyouna
51.959,52.259,-1,0,<1>mahouno</c><2>youna</c>,mahounoyouna
52.259,52.626,-1,0,<1>mahounoyou</c><2>na</c>,mahounoyouna
52.626,53.861,-1,0,<1>mahounoyouna</c>,mahounoyouna
53.06,53.294,56,0,<1>(mo</c><2>ttovividpassionshinyray)</c>,(mottovividpassionshinyray)
53.294,53.527,56,0,<1>(mot</c><2>tovividpassionshinyray)</c>,(mottovividpassionshinyray)
53.527,53.627,56,0,<1>(motto</c><2>vividpassionshinyray)</c>,(mottovividpassionshinyray)
53.627,53.861,56,0,<1>(mottovi</c><2>vidpassionshinyray)</c>,(mottovividpassionshinyray)
53.861,54.095,56,0,<1>(mottovivi</c><2>dpassionshinyray)</c>,(mottovividpassionshinyray)
54.095,54.195,56,0,<1>(mottovivid</c><2>passionshinyray)</c>,(mottovividpassionshinyray)
54.195,54.428,56,0,<1>(mottovividpas</c><2>sionshinyray)</c>,(mottovividpassionshinyray)
54.428,54.662,56,0,<1>(mottovividpassion</c><2>shinyray)</c>,(mottovividpassionshinyray)
54.662,54.895,56,0,<1>(mottovividpassionshi</c><2>nyray)</c>,(mottovividpassionshinyray)
54.895,55.129,56,0,<1>(mottovividpassionshiny</c><2>ray)</c>,(mottovividpassionshinyray)
55.129,55.563,-1,0,<1>(mottovividpassionshinyray)</c>,(mottovividpassionshinyray)
55.563,55.93,-1,0,<1>ra</c><2>itogawatashioterashiteru</c>,raitogawatashioterashiteru
55.93,56.263,-1,0,<1>rai</c><2>togawatashioterashiteru</c>,raitogawatashioterashiteru
56.263,56.497,-1,0,<1>raito</c><2>gawatashioterashiteru</c>,raitogawatashioterashiteru
56.497,57.164,-1,0,<1>raitoga</c><2>watashioterashiteru</c>,raitogawatashioterashiteru
57.164,57.298,-1,0,<1>raitogawa</c><2>tashioterashiteru</c>,raitogawatashioterashiteru
57.298,57.431,-1,0,<1>raitogawata</c><2>shioterashiteru</c>,raitogawatashioterashiteru
57.431,57.732,-1,0,<1>raitogawatashi</c><2>oterashiteru</c>,raitogawatashioterashiteru
57.732,58.065,-1,0,<1>raitogawatashio</c><2>terashiteru</c>,raitogawatashioterashiteru
58.065,58.299,-1,0,<1>raitogawatashiote</c><2>rashiteru</c>,raitogawatashioterashiteru
58.299,58.666,-1,0,<1>raitogawatashiotera</c><2>shiteru</c>,raitogawatashioterashiteru
58.666,59.0,-1,0,<1>raitogawatashioterashi</c><2>teru</c>,raitogawatashioterashiteru
59.0,59.233,-1,0,<1>raitogawatashioterashite</c><2>ru</c>,raitogawatashioterashiteru
59.233,61.267,-1,0,<1>raitogawatashioterashiteru</c>,raitogawatashioterashiteru
61.902,62.37,-1,0,<1>ho</c><2>shiotsumuideyumeoegakuyo</c>,hoshiotsumuideyumeoegakuyo
62.37,62.837,-1,0,<1>hoshi</c><2>otsumuideyumeoegakuyo</c>,hoshiotsumuideyumeoegakuyo
62.837,63.037,-1,0,<1>hoshio</c><2>tsumuideyumeoegakuyo</c>,hoshiotsumuideyumeoegakuyo
63.037,63.17,-1,0,<1>hoshiotsu</c><2>muideyumeoegakuyo</c>,hoshiotsumuideyumeoegakuyo
63.17,63.404,-1,0,<1>hoshiotsumu</c><2>ideyumeoegakuyo</c>,hoshiotsumuideyumeoegakuyo
63.404,63.637,-1,0,<1>hoshiotsumui</c><2>deyumeoegakuyo</c>,hoshiotsumuideyumeoegakuyo
63.637,64.405,-1,0,<1>hoshiotsumuide</c><2>yumeoegakuyo</c>,hoshiotsumuideyumeoegakuyo
64.405,64.538,-1,0,<1>hoshiotsumuideyu</c><2>meoegakuyo</c>,hoshiotsumuideyumeoegakuyo
64.538,64.672,-1,0,<1>hoshiotsumuideyume</c><2>oegakuyo</c>,hoshiotsumuideyumeoegakuyo
64.672,64.839,-1,0,<1>hoshiotsumuideyumeo</c><2>egakuyo</c>,hoshiotsumuideyumeoegakuyo
64.839,64.972,-1,0,<1>hoshiotsumuideyumeoe</c><2>gakuyo</c>,hoshiotsumuideyumeoegakuyo
64.972,65.239,-1,0,<1>hoshiotsumuideyumeoega</c><2>kuyo</c>,hoshiotsumuideyumeoegakuyo
65.239,65.439,-1,0,<1>hoshiotsumuideyumeoegaku</c><2>yo</c>,hoshiotsumuideyumeoegakuyo
65.439,66.24,-1,0,<1>hoshiotsumuideyumeoegakuyo</c>,hoshiotsumuideyumeoegakuyo
66.24,66.474,-1,0,<1>ko</c><2>garetasonokoegayonderuno</c>,kogaretasonokoegayonderuno
66.474,66.707,-1,0,<1>koga</c><2>retasonokoegayonderuno</c>,kogaretasonokoegayonderuno
66.707,66.807,-1,0,<1>kogare</c><2>tasonokoegayonderuno</c>,kogaretasonokoegayonderuno
66.807,67.074,-1,0,<1>kogareta</c><2>sonokoegayonderuno</c>,kogaretasonokoegayonderuno
67.074,67.274,-1,0,<1>kogaretaso</c><2>nokoegayonderuno</c>,kogaretasonokoegayonderuno
67.274,67.375,-1,0,<1>kogaretasono</c><2>koegayonderuno</c>,kogaretasonokoegayonderuno
67.375,67.608,-1,0,<1>kogaretasonoko</c><2>egayonderuno</c>,kogaretasonokoegayonderuno
67.608,67.842,-1,0,<1>kogaretasonokoe</c><2>gayonderuno</c>,kogaretasonokoegayonderuno
67.842,68.309,-1,0,<1>kogaretasonokoega</c><2>yonderuno</c>,kogaretasonokoegayonderuno
68.309,68.542,-1,0,<1>kogaretasonokoegayo</c><2>nderuno</c>,kogaretasonokoegayonderuno
68.542,68.776,-1,0,<1>kogaretasonokoegayon</c><2>deruno</c>,kogaretasonokoegayonderuno
68.776,69.01,-1,0,<1>kogaretasonokoegayonde</c><2>runo</c>,kogaretasonokoegayonderuno
69.01,69.21,-1,0,<1>kogaretasonokoegayonderu</c><2>no</c>,kogaretasonokoegayonderuno
69.21,69.877,-1,0,<1>kogaretasonokoegayonderuno</c>,kogaretasonokoegayonderuno
69.877,70.111,-1,0,<1>ki</c><2>ramekukaraamatottakimini</c>,kiramekukaraamatottakimini
70.111,70.344,-1,0,<1>kira</c><2>mekukaraamatottakimini</c>,kiramekukaraamatottakimini
70.344,70.444,-1,0,<1>kirame</c><2>kukaraamatottakimini</c>,kiramekukaraamatottakimini
70.444,70.678,-1,0,<1>kirameku</c><2>karaamatottakimini</c>,kiramekukaraamatottakimini
70.678,70.911,-1,0,<1>kiramekuka</c><2>raamatottakimini</c>,kiramekukaraamatottakimini
70.911,71.712,-1,0,<1>kiramekukaraa</c><2>matottakimini</c>,kiramekukaraamatottakimini
71.712,71.846,-1,0,<1>kiramekukaraama</c><2>tottakimini</c>,kiramekukaraamatottakimini
71.846,71.946,-1,0,<1>kiramekukaraamato</c><2>ttakimini</c>,kiramekukaraamatottakimini
71.946,72.179,-1,0,<1>kiramekukaraamatot</c><2>takimini</c>,kiramekukaraamatottakimini
72.179,72.279,-1,0,<1>kiramekukaraamatotta</c><2>kimini</c>,kiramekukaraamatottakimini
72.279,72.48,-1,0,<1>kiramekukaraamatottaki</c><2>mini</c>,kiramekukaraamatottakimini
72.48,72.747,-1,0,<1>kiramekukaraamatottakimi</c><2>ni</c>,kiramekukaraamatottakimini
72.747,73.514,-1,0,<1>kiramekukaraamatottakimini</c>,kiramekukaraamatottakimini
73.514,73.748,-1,0,<1>to</c><2>dokerukonomerodi</c>,todokerukonomerodi
73.748,74.081,-1,0,<1>todo</c><2>kerukonomerodi</c>,todokerukonomerodi
74.081,74.415,-1,0,<1>todoke</c><2>rukonomerodi</c>,todokerukonomerodi
74.415,74.882,-1,0,<1>todokeru</c><2>konomerodi</c>,todokerukonomerodi
74.882,75.116,-1,0,<1>todokeruko</c><2>nomerodi</c>,todokerukonomerodi
75.116,75.349,-1,0,<1>todokerukono</c><2>merodi</c>,todokerukonomerodi
75.349,75.783,-1,0,<1>todokerukonome</c><2>rodi</c>,todokerukonomerodi
75.783,76.017,-1,0,<1>todokerukonomero</c><2>di</c>,todokerukonomerodi
76.017,77.385,-1,0,<1>todokerukonomerodi</c>,todokerukonomerodi
77.385,77.618,-1,0,<1>ko</c><2>nomamajaneowarenai</c>,konomamajaneowarenai
77.618,77.852,-1,0,<1>kono</c><2>mamajaneowarenai</c>,konomamajaneowarenai
77.852,78.085,-1,0,<1>konoma</c><2>majaneowarenai</c>,konomamajaneowarenai
78.085,78.285,-1,0,<1>konomama</c><2>janeowarenai</c>,konomamajaneowarenai
78.285,78.552,-1,0,<1>konomamaja</c><2>neowarenai</c>,konomamajaneowarenai
78.552,78.986,-1,0,<1>konomamajane</c><2>owarenai</c>,konomamajaneowarenai
78.986,79.12,-1,0,<1>konomamajaneo</c><2>warenai</c>,konomamajaneowarenai
79.12,79.22,-1,0,<1>konomamajaneowa</c><2>renai</c>,konomamajaneowarenai
79.22,79.453,-1,0,<1>konomamajaneoware</c><2>nai</c>,konomamajaneowarenai
79.453,79.687,-1,0,<1>konomamajaneowarena</c><2>i</c>,konomamajaneowarenai
79.687,79.887,-1,0,<1>konomamajaneowarenai</c>,konomamajaneowarenai
79.887,80.021,-1,0,<1>(o</c><2>waranai)</c>,(owaranai)
80.021,80.121,-1,0,<1>(owa</c><2>ranai)</c>,(owaranai)
80.121,80.354,-1,0,<1>(owara</c><2>nai)</c>,(owaranai)
80.354,80.588,-1,0,<1>(owarana</c><2>i)</c>,(owaranai)
80.588,81.022,-1,0,<1>(owaranai)</c>,(owaranai)
81.022,81.255,-1,0,<1>spe</c><2>cialnastageodoriakasuno</c>,specialnastageodoriakasuno
81.255,81.489,-1,0,<1>specia</c><2>lnastageodoriakasuno</c>,specialnastageodoriakasuno
81.489,81.689,-1,0,<1>special</c><2>nastageodoriakasuno</c>,specialnastageodoriakasuno
81.689,81.922,-1,0,<1>specialna</c><2>stageodoriakasuno</c>,specialnastageodoriakasuno
81.922,82.156,-1,0,<1>specialnasta</c><2>geodoriakasuno</c>,specialnastageodoriakasuno
82.156,82.49,-1,0,<1>specialnasta</c><2>geodoriakasuno</c>,specialnastageodoriakasuno
82.49,82.623,-1,0,<1>specialnastage</c><2>odoriakasuno</c>,specialnastageodoriakasuno
82.623,82.723,-1,0,<1>specialnastageo</c><2>doriakasuno</c>,specialnastageodoriakasuno
82.723,82.857,-1,0,<1>specialnastageodo</c><2>riakasuno</c>,specialnastageodoriakasuno
82.857,83.057,-1,0,<1>specialnastageodori</c><2>akasuno</c>,specialnastageodoriakasuno
83.057,83.29,-1,0,<1>specialnastageodoria</c><2>kasuno</c>,specialnastageodoriakasuno
83.29,83.524,-1,0,<1>specialnastageodoriaka</c><2>suno</c>,specialnastageodoriakasuno
83.524,83.724,-1,0,<1>specialnastageodoriakasu</c><2>no</c>,specialnastageodoriakasuno
83.724,84.191,-1,0,<1>specialnastageodoriakasuno</c>,specialnastageodoriakasuno
83.758,83.991,-1,0,<1>(a</c><2>kasou)</c>,(akasou)
83.991,84.191,-1,0,<1>(aka</c><2>sou)</c>,(akasou)
84.191,84.625,-1,0,<1>(akasou)</c>,(akasou)
84.625,84.859,-1,0,<1>ko</c><2>nomamajittoshiterarenai</c>,konomamajittoshiterarenai
84.859,85.126,-1,0,<1>kono</c><2>mamajittoshiterarenai</c>,konomamajittoshiterarenai
85.126,85.326,-1,0,<1>konoma</c><2>majittoshiterarenai</c>,konomamajittoshiterarenai
85.326,85.559,-1,0,<1>konomama</c><2>jittoshiterarenai</c>,konomamajittoshiterarenai
85.559,85.893,-1,0,<1>konomamajit</c><2>toshiterarenai</c>,konomamajittoshiterarenai
85.893,86.227,-1,0,<1>konomamajitto</c><2>shiterarenai</c>,konomamajittoshiterarenai
86.227,86.36,-1,0,<1>konomamajittoshi</c><2>terarenai</c>,konomamajittoshiterarenai
86.36,86.46,-1,0,<1>konomamajittoshite</c><2>rarenai</c>,konomamajittoshiterarenai
86.46,86.694,-1,0,<1>konomamajittoshitera</c><2>renai</c>,konomamajittoshiterarenai
86.694,86.927,-1,0,<1>konomamajittoshiterare</c><2>nai</c>,konomamajittoshiterarenai
86.927,87.094,-1,0,<1>konomamajittoshiterarena</c><2>i</c>,konomamajittoshiterarenai
87.094,87.361,-1,0,<1>konomamajittoshiterarenai</c>,konomamajittoshiterarenai
87.094,87.261,-1,0,<1>(so</c><2>usasenai)</c>,(sousasenai)
87.261,87.361,-1,0,<1>(sou</c><2>sasenai)</c>,(sousasenai)
87.361,87.595,-1,0,<1>(sousa</c><2>senai)</c>,(sousasenai)
87.595,87.862,-1,0,<1>(sousase</c><2>nai)</c>,(sousasenai)
87.862,87.962,-1,0,<1>(sousasena</c><2>i)</c>,(sousasenai)
87.962,88.062,-1,0,<1>(sousasenai)</c>,(sousasenai)
88.062,88.195,63,0,<1>ha</c><2>shiridasouyoashitawaharerukara</c>,hashiridasouyoashitawaharerukara
88.195,88.295,63,0,<1>hashi</c><2>ridasouyoashitawaharerukara</c>,hashiridasouyoashitawaharerukara
88.295,88.529,63,0,<1>hashiri</c><2>dasouyoashitawaharerukara</c>,hashiridasouyoashitawaharerukara
88.529,88.763,63,0,<1>hashirida</c><2>souyoashitawaharerukara</c>,hashiridasouyoashitawaharerukara
88.763,88.996,63,0,<1>hashiridaso</c><2>uyoashitawaharerukara</c>,hashiridasouyoashitawaharerukara
88.996,89.23,63,0,<1>hashiridasou</c><2>yoashitawaharerukara</c>,hashiridasouyoashitawaharerukara
89.23,89.663,63,0,<1>hashiridasouyo</c><2>ashitawaharerukara</c>,hashiridasouyoashitawaharerukara
89.663,89.897,63,0,<1>hashiridasouyoa</c><2>shitawaharerukara</c>,hashiridasouyoashitawaharerukara
89.897,90.131,63,0,<1>hashiridasouyoashi</c><2>tawaharerukara</c>,hashiridasouyoashitawaharerukara
90.131,90.364,63,0,<1>hashiridasouyoashita</c><2>waharerukara</c>,hashiridasouyoashitawaharerukara
90.364,90.564,63,0,<1>hashiridasouyoashitawa</c><2>harerukara</c>,hashiridasouyoashitawaharerukara
90.564,90.798,63,0,<1>hashiridasouyoashitawaha</c><2>rerukara</c>,hashiridasouyoashitawaharerukara
90.798,91.032,63,0,<1>hashiridasouyoashitawahare</c><2>rukara</c>,hashiridasouyoashitawaharerukara
91.032,91.465,63,0,<1>hashiridasouyoashitawahareru</c><2>kara</c>,hashiridasouyoashitawaharerukara
91.465,91.932,63,0,<1>hashiridasouyoashitawahareruka</c><2>ra</c>,hashiridasouyoashitawaharerukara
91.932,92.465,59,0,<1>hashiridasouyoashitawaharerukara</c>,hashiridasouyoashitawaharerukara
105.78,106.047,64,0,<1>ma</c><2>damegasamenaikaatenohiraitemo</c>,madamegasamenaikaatenohiraitemo
106.047,106.247,64,0,<1>mada</c><2>megasamenaikaatenohiraitemo</c>,madamegasamenaikaatenohiraitemo
106.247,106.48,64,0,<1>madame</c><2>gasamenaikaatenohiraitemo</c>,madamegasamenaikaatenohiraitemo
106.48,107.615,64,0,<1>madamega</c><2>samenaikaatenohiraitemo</c>,madamegasamenaikaatenohiraitemo
107.615,107.848,64,0,<1>madamegasa</c><2>menaikaatenohiraitemo</c>,madamegasamenaikaatenohiraitemo
107.848,108.082,64,0,<1>madamegasame</c><2>naikaatenohiraitemo</c>,madamegasamenaikaatenohiraitemo
108.082,108.315,64,0,<1>madamegasamena</c><2>ikaatenohiraitemo</c>,madamegasamenaikaatenohiraitemo
108.315,109.45,64,0,<1>madamegasamenai</c><2>kaatenohiraitemo</c>,madamegasamenaikaatenohiraitemo
109.45,109.65,64,0,<1>madamegasamenaika</c><2>atenohiraitemo</c>,madamegasamenaikaatenohiraitemo
109.65,109.884,64,0,<1>madamegasamenaikaa</c><2>tenohiraitemo</c>,madamegasamenaikaatenohiraitemo
109.884,110.117,64,0,<1>madamegasamenaikaate</c><2>nohiraitemo</c>,madamegasamenaikaatenohiraitemo
110.117,110.785,64,0,<1>madamegasamenaikaaten</c><2>ohiraitemo</c>,madamegasamenaikaatenohiraitemo
110.785,111.719,64,0,<1>madamegasamenaikaateno</c><2>hiraitemo</c>,madamegasamenaikaatenohiraitemo
111.719,111.919,64,0,<1>madamegasamenaikaatenohi</c><2>raitemo</c>,madamegasamenaikaatenohiraitemo
111.919,112.153,64,0,<1>madamegasamenaikaatenohira</c><2>itemo</c>,madamegasamenaikaatenohiraitemo
112.153,112.386,64,0,<1>madamegasamenaikaatenohirai</c><2>temo</c>,madamegasamenaikaatenohiraitemo
112.386,112.62,64,0,<1>madamegasamenaikaatenohiraite</c><2>mo</c>,madamegasamenaikaatenohiraitemo
112.62,113.02,61,0,<1>madamegasamenaikaatenohiraitemo</c>,madamegasamenaikaatenohiraitemo
113.02,113.287,88,0,<1>yu</c><2>uutsusoudattekomettoganagaretaralet\'sshownow</c>,yuuutsusoudattekomettoganagaretaralet\'sshownow
113.287,113.487,88,0,<1>yuu</c><2>utsusoudattekomettoganagaretaralet\'sshownow</c>,yuuutsusoudattekomettoganagaretaralet\'sshownow
113.487,113.754,88,0,<1>yuuu</c><2>tsusoudattekomettoganagaretaralet\'sshownow</c>,yuuutsusoudattekomettoganagaretaralet\'sshownow
113.754,114.855,88,0,<1>yuuutsu</c><2>soudattekomettoganagaretaralet\'sshownow</c>,yuuutsusoudattekomettoganagaretaralet\'sshownow
114.855,115.089,88,0,<1>yuuutsuso</c><2>udattekomettoganagaretaralet\'sshownow</c>,yuuutsusoudattekomettoganagaretaralet\'sshownow
115.089,115.356,88,0,<1>yuuutsusou</c><2>dattekomettoganagaretaralet\'sshownow</c>,yuuutsusoudattekomettoganagaretaralet\'sshownow
115.356,115.589,88,0,<1>yuuutsusouda</c><2>ttekomettoganagaretaralet\'sshownow</c>,yuuutsusoudattekomettoganagaretaralet\'sshownow
115.589,116.257,88,0,<1>yuuutsusoudat</c><2>tekomettoganagaretaralet\'sshownow</c>,yuuutsusoudattekomettoganagaretaralet\'sshownow
116.257,117.158,88,0,<1>yuuutsusoudatte</c><2>komettoganagaretaralet\'sshownow</c>,yuuutsusoudattekomettoganagaretaralet\'sshownow
117.158,117.258,88,0,<1>yuuutsusoudatteko</c><2>mettoganagaretaralet\'sshownow</c>,yuuutsusoudattekomettoganagaretaralet\'sshownow
117.258,117.391,88,0,<1>yuuutsusoudattekome</c><2>ttoganagaretaralet\'sshownow</c>,yuuutsusoudattekomettoganagaretaralet\'sshownow
117.391,117.625,88,0,<1>yuuutsusoudattekomet</c><2>toganagaretaralet\'sshownow</c>,yuuutsusoudattekomettoganagaretaralet\'sshownow
117.625,117.858,88,0,<1>yuuutsusoudattekometto</c><2>ganagaretaralet\'sshownow</c>,yuuutsusoudattekomettoganagaretaralet\'sshownow
117.858,118.059,88,0,<1>yuuutsusoudattekomettoga</c><2>nagaretaralet\'sshownow</c>,yuuutsusoudattekomettoganagaretaralet\'sshownow
118.059,118.159,88,0,<1>yuuutsusoudattekomettogana</c><2>garetaralet\'sshownow</c>,yuuutsusoudattekomettoganagaretaralet\'sshownow
118.159,118.292,88,0,<1>yuuutsusoudattekomettoganaga</c><2>retaralet\'sshownow</c>,yuuutsusoudattekomettoganagaretaralet\'sshownow
118.292,118.759,88,0,<1>yuuutsusoudattekomettoganagare</c><2>taralet\'sshownow</c>,yuuutsusoudattekomettoganagaretaralet\'sshownow
118.759,118.959,88,0,<1>yuuutsusoudattekomettoganagareta</c><2>ralet\'sshownow</c>,yuuutsusoudattekomettoganagaretaralet\'sshownow
118.959,119.193,88,0,<1>yuuutsusoudattekomettoganagaretara</c><2>let\'sshownow</c>,yuuutsusoudattekomettoganagaretaralet\'sshownow
119.193,119.56,88,0,<1>yuuutsusoudattekomettoganagaretaralet\'s</c><2>shownow</c>,yuuutsusoudattekomettoganagaretaralet\'sshownow
119.56,119.86,88,0,<1>yuuutsusoudattekomettoganagaretaralet\'sshow</c><2>now</c>,yuuutsusoudattekomettoganagaretaralet\'sshownow
119.86,120.361,84,0,<1>yuuutsusoudattekomettoganagaretaralet\'sshownow</c>,yuuutsusoudattekomettoganagaretaralet\'sshownow
120.361,120.594,-1,0,<1>i</c><2>tsumokiteta</c>,itsumokiteta
120.594,120.795,-1,0,<1>itsu</c><2>mokiteta</c>,itsumokiteta
120.795,121.062,-1,0,<1>itsumo</c><2>kiteta</c>,itsumokiteta
121.062,121.395,-1,0,<1>itsumoki</c><2>teta</c>,itsumokiteta
121.395,121.729,-1,0,<1>itsumokite</c><2>ta</c>,itsumokiteta
121.729,122.862,-1,0,<1>itsumokiteta</c>,itsumokiteta
122.163,122.396,58,0,<1>(cho</c><2>ttotrendbasenagirlystyle)</c>,(chottotrendbasenagirlystyle)
122.396,122.596,58,0,<1>(chot</c><2>totrendbasenagirlystyle)</c>,(chottotrendbasenagirlystyle)
122.596,122.73,58,0,<1>(chotto</c><2>trendbasenagirlystyle)</c>,(chottotrendbasenagirlystyle)
122.73,122.997,58,0,<1>(chottot</c><2>rendbasenagirlystyle)</c>,(chottotrendbasenagirlystyle)
122.997,123.197,58,0,<1>(chottotren</c><2>dbasenagirlystyle)</c>,(chottotrendbasenagirlystyle)
123.197,123.297,58,0,<1>(chottotrend</c><2>basenagirlystyle)</c>,(chottotrendbasenagirlystyle)
123.297,123.531,58,0,<1>(chottotrendba</c><2>senagirlystyle)</c>,(chottotrendbasenagirlystyle)
123.531,123.597,58,0,<1>(chottotrendbase</c><2>nagirlystyle)</c>,(chottotrendbasenagirlystyle)
123.597,123.764,58,0,<1>(chottotrendbasena</c><2>girlystyle)</c>,(chottotrendbasenagirlystyle)
123.764,123.998,58,0,<1>(chottotrendbasenagir</c><2>lystyle)</c>,(chottotrendbasenagirlystyle)
123.964,124.198,-1,0,<1>sho</c><2>uwindounofukukigaete</c>,shouwindounofukukigaete
123.998,124.198,58,0,<1>(chottotrendbasenagirly</c><2>style)</c>,(chottotrendbasenagirlystyle)
124.198,124.432,58,0,<1>(chottotrendbasenagirlysty</c><2>le)</c>,(chottotrendbasenagirlystyle)
124.198,124.432,-1,0,<1>shou</c><2>windounofukukigaete</c>,shouwindounofukukigaete
124.432,124.665,-1,0,<1>(chottotrendbasenagirlystyle)</c>,(chottotrendbasenagirlystyle)
124.432,124.665,-1,0,<1>shouwi</c><2>ndounofukukigaete</c>,shouwindounofukukigaete
124.665,124.999,-1,0,<1>shouwin</c><2>dounofukukigaete</c>,shouwindounofukukigaete
124.999,125.332,-1,0,<1>shouwindou</c><2>nofukukigaete</c>,shouwindounofukukigaete
125.332,125.566,-1,0,<1>shouwindouno</c><2>fukukigaete</c>,shouwindounofukukigaete
125.566,125.9,-1,0,<1>shouwindounofu</c><2>kukigaete</c>,shouwindounofukukigaete
125.9,126.233,-1,0,<1>shouwindounofuku</c><2>kigaete</c>,shouwindounofukukigaete
126.233,126.467,-1,0,<1>shouwindounofukuki</c><2>gaete</c>,shouwindounofukukigaete
126.467,126.834,-1,0,<1>shouwindounofukukiga</c><2>ete</c>,shouwindounofukukigaete
126.834,127.168,-1,0,<1>shouwindounofukukigae</c><2>te</c>,shouwindounofukukigaete
127.168,127.635,-1,0,<1>shouwindounofukukigaete</c>,shouwindounofukukigaete
127.635,127.868,-1,0,<1>ma</c><2>hounoyouna</c>,mahounoyouna
127.868,128.069,-1,0,<1>maho</c><2>unoyouna</c>,mahounoyouna
128.069,128.335,-1,0,<1>mahou</c><2>noyouna</c>,mahounoyouna
128.335,128.669,-1,0,<1>mahouno</c><2>youna</c>,mahounoyouna
128.669,129.003,-1,0,<1>mahounoyou</c><2>na</c>,mahounoyouna
129.003,130.104,-1,0,<1>mahounoyouna</c>,mahounoyouna
129.403,129.603,56,0,<1>(mo</c><2>ttocooldepopnapartytime)</c>,(mottocooldepopnapartytime)
129.603,129.87,56,0,<1>(mot</c><2>tocooldepopnapartytime)</c>,(mottocooldepopnapartytime)
129.87,130.104,56,0,<1>(motto</c><2>cooldepopnapartytime)</c>,(mottocooldepopnapartytime)
130.104,130.337,56,0,<1>(mottocoo</c><2>ldepopnapartytime)</c>,(mottocooldepopnapartytime)
130.337,130.471,56,0,<1>(mottocool</c><2>depopnapartytime)</c>,(mottocooldepopnapartytime)
130.471,130.571,56,0,<1>(mottocoolde</c><2>popnapartytime)</c>,(mottocooldepopnapartytime)
130.571,130.771,56,0,<1>(mottocooldepo</c><2>pnapartytime)</c>,(mottocooldepopnapartytime)
130.771,130.905,56,0,<1>(mottocooldepop</c><2>napartytime)</c>,(mottocooldepopnapartytime)
130.905,131.038,56,0,<1>(mottocooldepopna</c><2>partytime)</c>,(mottocooldepopnapartytime)
131.038,131.238,56,0,<1>(mottocooldepopnapar</c><2>tytime)</c>,(mottocooldepopnapartytime)
131.238,131.472,56,0,<1>(mottocooldepopnaparty</c><2>time)</c>,(mottocooldepopnapartytime)
131.472,131.939,-1,0,<1>(mottocooldepopnapartytime)</c>,(mottocooldepopnapartytime)
131.939,132.306,-1,0,<1>do</c><2>resugafuwarittehirugaeru</c>,doresugafuwarittehirugaeru
132.306,132.606,-1,0,<1>dore</c><2>sugafuwarittehirugaeru</c>,doresugafuwarittehirugaeru
132.606,132.84,-1,0,<1>doresu</c><2>gafuwarittehirugaeru</c>,doresugafuwarittehirugaeru
132.84,133.541,-1,0,<1>doresuga</c><2>fuwarittehirugaeru</c>,doresugafuwarittehirugaeru
133.541,133.674,-1,0,<1>doresugafu</c><2>warittehirugaeru</c>,doresugafuwarittehirugaeru
133.674,133.774,-1,0,<1>doresugafuwa</c><2>rittehirugaeru</c>,doresugafuwarittehirugaeru
133.774,134.108,-1,0,<1>doresugafuwari</c><2>ttehirugaeru</c>,doresugafuwarittehirugaeru
134.108,134.442,-1,0,<1>doresugafuwaritte</c><2>hirugaeru</c>,doresugafuwarittehirugaeru
134.442,134.675,-1,0,<1>doresugafuwarittehi</c><2>rugaeru</c>,doresugafuwarittehirugaeru
134.675,135.009,-1,0,<1>doresugafuwarittehiru</c><2>gaeru</c>,doresugafuwarittehirugaeru
135.009,135.376,-1,0,<1>doresugafuwarittehiruga</c><2>eru</c>,doresugafuwarittehirugaeru
135.376,135.609,-1,0,<1>doresugafuwarittehirugae</c><2>ru</c>,doresugafuwarittehirugaeru
135.609,137.577,-1,0,<1>doresugafuwarittehirugaeru</c>,doresugafuwarittehirugaeru
138.045,138.312,86,0,<1>ma</c><2>ntennohoshizoranihoraukabetemiteasunobijon</c>,mantennohoshizoranihoraukabetemiteasunobijon
138.312,138.512,86,0,<1>man</c><2>tennohoshizoranihoraukabetemiteasunobijon</c>,mantennohoshizoranihoraukabetemiteasunobijon
138.512,138.712,86,0,<1>mante</c><2>nnohoshizoranihoraukabetemiteasunobijon</c>,mantennohoshizoranihoraukabetemiteasunobijon
138.712,138.946,86,0,<1>manten</c><2>nohoshizoranihoraukabetemiteasunobijon</c>,mantennohoshizoranihoraukabetemiteasunobijon
138.946,139.213,86,0,<1>mantenno</c><2>hoshizoranihoraukabetemiteasunobijon</c>,mantennohoshizoranihoraukabetemiteasunobijon
139.213,139.547,86,0,<1>mantennoho</c><2>shizoranihoraukabetemiteasunobijon</c>,mantennohoshizoranihoraukabetemiteasunobijon
139.547,139.88,86,0,<1>mantennohoshi</c><2>zoranihoraukabetemiteasunobijon</c>,mantennohoshizoranihoraukabetemiteasunobijon
139.88,140.347,86,0,<1>mantennohoshizo</c><2>ranihoraukabetemiteasunobijon</c>,mantennohoshizoranihoraukabetemiteasunobijon
140.347,140.581,86,0,<1>mantennohoshizora</c><2>nihoraukabetemiteasunobijon</c>,mantennohoshizoranihoraukabetemiteasunobijon
140.581,140.781,86,0,<1>mantennohoshizorani</c><2>horaukabetemiteasunobijon</c>,mantennohoshizoranihoraukabetemiteasunobijon
140.781,141.248,86,0,<1>mantennohoshizoraniho</c><2>raukabetemiteasunobijon</c>,mantennohoshizoranihoraukabetemiteasunobijon
141.248,141.682,86,0,<1>mantennohoshizoranihora</c><2>ukabetemiteasunobijon</c>,mantennohoshizoranihoraukabetemiteasunobijon
141.682,141.916,86,0,<1>mantennohoshizoranihorau</c><2>kabetemiteasunobijon</c>,mantennohoshizoranihoraukabetemiteasunobijon
141.916,142.183,86,0,<1>mantennohoshizoranihorauka</c><2>betemiteasunobijon</c>,mantennohoshizoranihoraukabetemiteasunobijon
142.183,142.383,86,0,<1>mantennohoshizoranihoraukabe</c><2>temiteasunobijon</c>,mantennohoshizoranihoraukabetemiteasunobijon
142.383,142.583,86,0,<1>mantennohoshizoranihoraukabete</c><2>miteasunobijon</c>,mantennohoshizoranihoraukabetemiteasunobijon
142.583,142.85,86,0,<1>mantennohoshizoranihoraukabetemi</c><2>teasunobijon</c>,mantennohoshizoranihoraukabetemiteasunobijon
142.85,143.517,86,0,<1>mantennohoshizoranihoraukabetemite</c><2>asunobijon</c>,mantennohoshizoranihoraukabetemiteasunobijon
143.517,143.984,86,0,<1>mantennohoshizoranihoraukabetemitea</c><2>sunobijon</c>,mantennohoshizoranihoraukabetemiteasunobijon
143.984,144.218,86,0,<1>mantennohoshizoranihoraukabetemiteasu</c><2>nobijon</c>,mantennohoshizoranihoraukabetemiteasunobijon
144.218,144.452,86,0,<1>mantennohoshizoranihoraukabetemiteasuno</c><2>bijon</c>,mantennohoshizoranihoraukabetemiteasunobijon
144.452,144.885,86,0,<1>mantennohoshizoranihoraukabetemiteasunobi</c><2>jon</c>,mantennohoshizoranihoraukabetemiteasunobijon
144.885,145.119,86,0,<1>mantennohoshizoranihoraukabetemiteasunobijo</c><2>n</c>,mantennohoshizoranihoraukabetemiteasunobijon
145.119,145.753,83,0,<1>mantennohoshizoranihoraukabetemiteasunobijon</c>,mantennohoshizoranihoraukabetemiteasunobijon
145.753,146.02,-1,0,<1>so</c><2>kodemierusokodemierunara</c>,sokodemierusokodemierunara
146.02,146.253,-1,0,<1>soko</c><2>demierusokodemierunara</c>,sokodemierusokodemierunara
146.253,146.487,-1,0,<1>sokode</c><2>mierusokodemierunara</c>,sokodemierusokodemierunara
146.487,146.72,-1,0,<1>sokodemi</c><2>erusokodemierunara</c>,sokodemierusokodemierunara
146.72,146.954,-1,0,<1>sokodemie</c><2>rusokodemierunara</c>,sokodemierusokodemierunara
146.954,147.588,-1,0,<1>sokodemieru</c><2>sokodemierunara</c>,sokodemierusokodemierunara
147.588,147.855,-1,0,<1>sokodemieruso</c><2>kodemierunara</c>,sokodemierusokodemierunara
147.855,148.089,-1,0,<1>sokodemierusoko</c><2>demierunara</c>,sokodemierusokodemierunara
148.089,148.322,-1,0,<1>sokodemierusokode</c><2>mierunara</c>,sokodemierusokodemierunara
148.322,148.556,-1,0,<1>sokodemierusokodemi</c><2>erunara</c>,sokodemierusokodemierunara
148.556,148.756,-1,0,<1>sokodemierusokodemie</c><2>runara</c>,sokodemierusokodemierunara
148.756,148.989,-1,0,<1>sokodemierusokodemieru</c><2>nara</c>,sokodemierusokodemierunara
148.989,149.19,-1,0,<1>sokodemierusokodemieruna</c><2>ra</c>,sokodemierusokodemierunara
149.19,150.091,-1,0,<1>sokodemierusokodemierunara</c>,sokodemierusokodemierunara
150.091,150.591,-1,0,<1>mot</c><2>totoberuyo</c>,mottotoberuyo
150.591,150.825,-1,0,<1>motto</c><2>toberuyo</c>,mottotoberuyo
150.825,151.292,-1,0,<1>mottoto</c><2>beruyo</c>,mottotoberuyo
151.292,151.525,-1,0,<1>mottotobe</c><2>ruyo</c>,mottotoberuyo
151.525,151.725,-1,0,<1>mottotoberu</c><2>yo</c>,mottotoberuyo
151.725,152.593,-1,0,<1>mottotoberuyo</c>,mottotoberuyo
152.593,152.827,81,0,<1>ma</c><2>nkainoegaonarahorautattemitekonotokimeki</c>,mankainoegaonarahorautattemitekonotokimeki
152.827,153.06,81,0,<1>man</c><2>kainoegaonarahorautattemitekonotokimeki</c>,mankainoegaonarahorautattemitekonotokimeki
153.06,153.26,81,0,<1>manka</c><2>inoegaonarahorautattemitekonotokimeki</c>,mankainoegaonarahorautattemitekonotokimeki
153.26,153.527,81,0,<1>mankai</c><2>noegaonarahorautattemitekonotokimeki</c>,mankainoegaonarahorautattemitekonotokimeki
153.527,153.727,81,0,<1>mankaino</c><2>egaonarahorautattemitekonotokimeki</c>,mankainoegaonarahorautattemitekonotokimeki
153.727,154.095,81,0,<1>mankainoe</c><2>gaonarahorautattemitekonotokimeki</c>,mankainoegaonarahorautattemitekonotokimeki
154.095,154.428,81,0,<1>mankainoega</c><2>onarahorautattemitekonotokimeki</c>,mankainoegaonarahorautattemitekonotokimeki
154.428,154.862,81,0,<1>mankainoegao</c><2>narahorautattemitekonotokimeki</c>,mankainoegaonarahorautattemitekonotokimeki
154.862,155.096,81,0,<1>mankainoegaona</c><2>rahorautattemitekonotokimeki</c>,mankainoegaonarahorautattemitekonotokimeki
155.096,155.296,81,0,<1>mankainoegaonara</c><2>horautattemitekonotokimeki</c>,mankainoegaonarahorautattemitekonotokimeki
155.296,155.796,81,0,<1>mankainoegaonaraho</c><2>rautattemitekonotokimeki</c>,mankainoegaonarahorautattemitekonotokimeki
155.796,156.23,81,0,<1>mankainoegaonarahora</c><2>utattemitekonotokimeki</c>,mankainoegaonarahorautattemitekonotokimeki
156.23,156.497,81,0,<1>mankainoegaonarahorau</c><2>tattemitekonotokimeki</c>,mankainoegaonarahorautattemitekonotokimeki
156.497,156.664,81,0,<1>mankainoegaonarahorauta</c><2>ttemitekonotokimeki</c>,mankainoegaonarahorautattemitekonotokimeki
156.664,156.931,81,0,<1>mankainoegaonarahorautat</c><2>temitekonotokimeki</c>,mankainoegaonarahorautattemitekonotokimeki
156.931,157.164,81,0,<1>mankainoegaonarahorautatte</c><2>mitekonotokimeki</c>,mankainoegaonarahorautattemitekonotokimeki
157.164,157.398,81,0,<1>mankainoegaonarahorautattemi</c><2>tekonotokimeki</c>,mankainoegaonarahorautattemitekonotokimeki
157.398,158.065,81,0,<1>mankainoegaonarahorautattemite</c><2>konotokimeki</c>,mankainoegaonarahorautattemitekonotokimeki
158.065,158.499,81,0,<1>mankainoegaonarahorautattemiteko</c><2>notokimeki</c>,mankainoegaonarahorautattemitekonotokimeki
158.499,158.766,81,0,<1>mankainoegaonarahorautattemitekono</c><2>tokimeki</c>,mankainoegaonarahorautattemitekonotokimeki
158.766,158.966,81,0,<1>mankainoegaonarahorautattemitekonoto</c><2>kimeki</c>,mankainoegaonarahorautattemitekonotokimeki
158.966,159.4,81,0,<1>mankainoegaonarahorautattemitekonotoki</c><2>meki</c>,mankainoegaonarahorautattemitekonotokimeki
159.4,159.633,81,0,<1>mankainoegaonarahorautattemitekonotokime</c><2>ki</c>,mankainoegaonarahorautattemitekonotokimeki
159.633,160.334,78,0,<1>mankainoegaonarahorautattemitekonotokimeki</c>,mankainoegaonarahorautattemitekonotokimeki
160.334,160.568,-1,0,<1>so</c><2>kodeaerusokodeaerukara</c>,sokodeaerusokodeaerukara
160.568,160.801,-1,0,<1>soko</c><2>deaerusokodeaerukara</c>,sokodeaerusokodeaerukara
160.801,161.035,-1,0,<1>sokode</c><2>aerusokodeaerukara</c>,sokodeaerusokodeaerukara
161.035,161.268,-1,0,<1>sokodea</c><2>erusokodeaerukara</c>,sokodeaerusokodeaerukara
161.268,161.502,-1,0,<1>sokodeae</c><2>rusokodeaerukara</c>,sokodeaerusokodeaerukara
161.502,162.169,-1,0,<1>sokodeaeru</c><2>sokodeaerukara</c>,sokodeaerusokodeaerukara
162.169,162.403,-1,0,<1>sokodeaeruso</c><2>kodeaerukara</c>,sokodeaerusokodeaerukara
162.403,162.636,-1,0,<1>sokodeaerusoko</c><2>deaerukara</c>,sokodeaerusokodeaerukara
162.636,162.837,-1,0,<1>sokodeaerusokode</c><2>aerukara</c>,sokodeaerusokodeaerukara
162.837,163.07,-1,0,<1>sokodeaerusokodea</c><2>erukara</c>,sokodeaerusokodeaerukara
163.07,163.304,-1,0,<1>sokodeaerusokodeae</c><2>rukara</c>,sokodeaerusokodeaerukara
163.304,163.537,-1,0,<1>sokodeaerusokodeaeru</c><2>kara</c>,sokodeaerusokodeaerukara
163.537,163.771,-1,0,<1>sokodeaerusokodeaeruka</c><2>ra</c>,sokodeaerusokodeaerukara
163.771,164.672,-1,0,<1>sokodeaerusokodeaerukara</c>,sokodeaerusokodeaerukara
164.672,165.139,56,0,<1>dat</c><2>tekittosekaiwakawarukara!</c>,dattekittosekaiwakawarukara!
165.139,165.372,56,0,<1>datte</c><2>kittosekaiwakawarukara!</c>,dattekittosekaiwakawarukara!
165.372,165.84,56,0,<1>dattekit</c><2>tosekaiwakawarukara!</c>,dattekittosekaiwakawarukara!
165.84,166.273,56,0,<1>dattekitto</c><2>sekaiwakawarukara!</c>,dattekittosekaiwakawarukara!
166.273,166.373,56,0,<1>dattekittose</c><2>kaiwakawarukara!</c>,dattekittosekaiwakawarukara!
166.373,166.474,56,0,<1>dattekittoseka</c><2>iwakawarukara!</c>,dattekittosekaiwakawarukara!
166.474,166.74,56,0,<1>dattekittosekai</c><2>wakawarukara!</c>,dattekittosekaiwakawarukara!
166.74,166.941,56,0,<1>dattekittosekaiwa</c><2>kawarukara!</c>,dattekittosekaiwakawarukara!
166.941,167.208,56,0,<1>dattekittosekaiwaka</c><2>warukara!</c>,dattekittosekaiwakawarukara!
167.208,167.408,56,0,<1>dattekittosekaiwakawa</c><2>rukara!</c>,dattekittosekaiwakawarukara!
167.408,167.842,56,0,<1>dattekittosekaiwakawaru</c><2>kara!</c>,dattekittosekaiwakawarukara!
167.842,168.342,56,0,<1>dattekittosekaiwakawaruka</c><2>ra!</c>,dattekittosekaiwakawarukara!
168.342,169.208,-1,0,<1>dattekittosekaiwakawarukara!</c>,dattekittosekaiwakawarukara!
180.788,180.921,-1,0,<1>a</c><2>shitawaharerukara</c>,ashitawaharerukara
180.921,181.021,-1,0,<1>ashi</c><2>tawaharerukara</c>,ashitawaharerukara
181.021,181.255,-1,0,<1>ashita</c><2>waharerukara</c>,ashitawaharerukara
181.255,181.455,-1,0,<1>ashitawa</c><2>harerukara</c>,ashitawaharerukara
181.455,181.722,-1,0,<1>ashitawaha</c><2>rerukara</c>,ashitawaharerukara
181.722,181.922,-1,0,<1>ashitawahare</c><2>rukara</c>,ashitawaharerukara
181.922,182.356,-1,0,<1>ashitawahareru</c><2>kara</c>,ashitawaharerukara
182.356,182.857,-1,0,<1>ashitawahareruka</c><2>ra</c>,ashitawaharerukara
182.857,183.289,-1,0,<1>ashitawaharerukara</c>,ashitawaharerukara
196.47,196.937,-1,0,<1>ho</c><2>shiotsumuideyumeoegakuyo</c>,hoshiotsumuideyumeoegakuyo
196.937,197.404,-1,0,<1>hoshi</c><2>otsumuideyumeoegakuyo</c>,hoshiotsumuideyumeoegakuyo
197.404,197.638,-1,0,<1>hoshio</c><2>tsumuideyumeoegakuyo</c>,hoshiotsumuideyumeoegakuyo
197.638,197.738,-1,0,<1>hoshiotsu</c><2>muideyumeoegakuyo</c>,hoshiotsumuideyumeoegakuyo
197.738,197.972,-1,0,<1>hoshiotsumu</c><2>ideyumeoegakuyo</c>,hoshiotsumuideyumeoegakuyo
197.972,198.172,-1,0,<1>hoshiotsumui</c><2>deyumeoegakuyo</c>,hoshiotsumuideyumeoegakuyo
198.172,198.973,-1,0,<1>hoshiotsumuide</c><2>yumeoegakuyo</c>,hoshiotsumuideyumeoegakuyo
198.973,199.073,-1,0,<1>hoshiotsumuideyu</c><2>meoegakuyo</c>,hoshiotsumuideyumeoegakuyo
199.073,199.206,-1,0,<1>hoshiotsumuideyume</c><2>oegakuyo</c>,hoshiotsumuideyumeoegakuyo
199.206,199.406,-1,0,<1>hoshiotsumuideyumeo</c><2>egakuyo</c>,hoshiotsumuideyumeoegakuyo
199.406,199.54,-1,0,<1>hoshiotsumuideyumeoe</c><2>gakuyo</c>,hoshiotsumuideyumeoegakuyo
199.54,199.773,-1,0,<1>hoshiotsumuideyumeoega</c><2>kuyo</c>,hoshiotsumuideyumeoegakuyo
199.773,199.974,-1,0,<1>hoshiotsumuideyumeoegaku</c><2>yo</c>,hoshiotsumuideyumeoegakuyo
199.974,200.808,-1,0,<1>hoshiotsumuideyumeoegakuyo</c>,hoshiotsumuideyumeoegakuyo
200.808,201.041,-1,0,<1>ko</c><2>garetasonokoegayonderuno</c>,kogaretasonokoegayonderuno
201.041,201.275,-1,0,<1>koga</c><2>retasonokoegayonderuno</c>,kogaretasonokoegayonderuno
201.275,201.408,-1,0,<1>kogare</c><2>tasonokoegayonderuno</c>,kogaretasonokoegayonderuno
201.408,201.609,-1,0,<1>kogareta</c><2>sonokoegayonderuno</c>,kogaretasonokoegayonderuno
201.609,201.809,-1,0,<1>kogaretaso</c><2>nokoegayonderuno</c>,kogaretasonokoegayonderuno
201.809,201.942,-1,0,<1>kogaretasono</c><2>koegayonderuno</c>,kogaretasonokoegayonderuno
201.942,202.176,-1,0,<1>kogaretasonoko</c><2>egayonderuno</c>,kogaretasonokoegayonderuno
202.176,202.409,-1,0,<1>kogaretasonokoe</c><2>gayonderuno</c>,kogaretasonokoegayonderuno
202.409,202.877,-1,0,<1>kogaretasonokoega</c><2>yonderuno</c>,kogaretasonokoegayonderuno
202.877,203.077,-1,0,<1>kogaretasonokoegayo</c><2>nderuno</c>,kogaretasonokoegayonderuno
203.077,203.31,-1,0,<1>kogaretasonokoegayon</c><2>deruno</c>,kogaretasonokoegayonderuno
203.31,203.544,-1,0,<1>kogaretasonokoegayonde</c><2>runo</c>,kogaretasonokoegayonderuno
203.544,203.777,-1,0,<1>kogaretasonokoegayonderu</c><2>no</c>,kogaretasonokoegayonderuno
203.777,204.411,-1,0,<1>kogaretasonokoegayonderuno</c>,kogaretasonokoegayonderuno
204.411,204.645,-1,0,<1>ki</c><2>ramekukaraamatottakimini</c>,kiramekukaraamatottakimini
204.645,204.879,-1,0,<1>kira</c><2>mekukaraamatottakimini</c>,kiramekukaraamatottakimini
204.879,205.012,-1,0,<1>kirame</c><2>kukaraamatottakimini</c>,kiramekukaraamatottakimini
205.012,205.212,-1,0,<1>kirameku</c><2>karaamatottakimini</c>,kiramekukaraamatottakimini
205.212,205.446,-1,0,<1>kiramekuka</c><2>raamatottakimini</c>,kiramekukaraamatottakimini
205.446,206.213,-1,0,<1>kiramekukaraa</c><2>matottakimini</c>,kiramekukaraamatottakimini
206.213,206.347,-1,0,<1>kiramekukaraama</c><2>tottakimini</c>,kiramekukaraamatottakimini
206.347,206.48,-1,0,<1>kiramekukaraamato</c><2>ttakimini</c>,kiramekukaraamatottakimini
206.48,206.714,-1,0,<1>kiramekukaraamatot</c><2>takimini</c>,kiramekukaraamatottakimini
206.714,206.814,-1,0,<1>kiramekukaraamatotta</c><2>kimini</c>,kiramekukaraamatottakimini
206.814,207.014,-1,0,<1>kiramekukaraamatottaki</c><2>mini</c>,kiramekukaraamatottakimini
207.014,207.248,-1,0,<1>kiramekukaraamatottakimi</c><2>ni</c>,kiramekukaraamatottakimini
207.248,208.082,-1,0,<1>kiramekukaraamatottakimini</c>,kiramekukaraamatottakimini
208.082,208.315,-1,0,<1>to</c><2>dokerukonomerodi</c>,todokerukonomerodi
208.315,208.649,-1,0,<1>todo</c><2>kerukonomerodi</c>,todokerukonomerodi
208.649,208.983,-1,0,<1>todoke</c><2>rukonomerodi</c>,todokerukonomerodi
208.983,209.416,-1,0,<1>todokeru</c><2>konomerodi</c>,todokerukonomerodi
209.416,209.683,-1,0,<1>todokeruko</c><2>nomerodi</c>,todokerukonomerodi
209.683,209.917,-1,0,<1>todokerukono</c><2>merodi</c>,todokerukonomerodi
209.917,210.351,-1,0,<1>todokerukonome</c><2>rodi</c>,todokerukonomerodi
210.351,210.584,-1,0,<1>todokerukonomero</c><2>di</c>,todokerukonomerodi
210.584,211.919,-1,0,<1>todokerukonomerodi</c>,todokerukonomerodi
211.919,212.153,-1,0,<1>ko</c><2>nomamajaneowarenai</c>,konomamajaneowarenai
212.153,212.386,-1,0,<1>kono</c><2>mamajaneowarenai</c>,konomamajaneowarenai
212.386,212.62,-1,0,<1>konoma</c><2>majaneowarenai</c>,konomamajaneowarenai
212.62,212.82,-1,0,<1>konomama</c><2>janeowarenai</c>,konomamajaneowarenai
212.82,213.053,-1,0,<1>konomamaja</c><2>neowarenai</c>,konomamajaneowarenai
213.053,213.521,-1,0,<1>konomamajane</c><2>owarenai</c>,konomamajaneowarenai
213.521,213.654,-1,0,<1>konomamajaneo</c><2>warenai</c>,konomamajaneowarenai
213.654,213.754,-1,0,<1>konomamajaneowa</c><2>renai</c>,konomamajaneowarenai
213.754,213.988,-1,0,<1>konomamajaneoware</c><2>nai</c>,konomamajaneowarenai
213.988,214.221,-1,0,<1>konomamajaneowarena</c><2>i</c>,konomamajaneowarenai
214.221,214.421,-1,0,<1>konomamajaneowarenai</c>,konomamajaneowarenai
214.421,214.522,-1,0,<1>(o</c><2>waranai)</c>,(owaranai)
214.522,214.688,-1,0,<1>(owa</c><2>ranai)</c>,(owaranai)
214.688,214.889,-1,0,<1>(owara</c><2>nai)</c>,(owaranai)
214.889,215.122,-1,0,<1>(owarana</c><2>i)</c>,(owaranai)
215.122,215.589,-1,0,<1>(owaranai)</c>,(owaranai)
215.589,215.823,-1,0,<1>spe</c><2>cialnastageodoriakasuno</c>,specialnastageodoriakasuno
215.823,216.056,-1,0,<1>specia</c><2>lnastageodoriakasuno</c>,specialnastageodoriakasuno
216.056,216.257,-1,0,<1>special</c><2>nastageodoriakasuno</c>,specialnastageodoriakasuno
216.257,216.49,-1,0,<1>specialna</c><2>stageodoriakasuno</c>,specialnastageodoriakasuno
216.49,216.724,-1,0,<1>specialnasta</c><2>geodoriakasuno</c>,specialnastageodoriakasuno
216.724,217.024,-1,0,<1>specialnasta</c><2>geodoriakasuno</c>,specialnastageodoriakasuno
217.024,217.158,-1,0,<1>specialnastage</c><2>odoriakasuno</c>,specialnastageodoriakasuno
217.158,217.291,-1,0,<1>specialnastageo</c><2>doriakasuno</c>,specialnastageodoriakasuno
217.291,217.424,-1,0,<1>specialnastageodo</c><2>riakasuno</c>,specialnastageodoriakasuno
217.424,217.625,-1,0,<1>specialnastageodori</c><2>akasuno</c>,specialnastageodoriakasuno
217.625,217.858,-1,0,<1>specialnastageodoria</c><2>kasuno</c>,specialnastageodoriakasuno
217.858,218.092,-1,0,<1>specialnastageodoriaka</c><2>suno</c>,specialnastageodoriakasuno
218.092,218.292,-1,0,<1>specialnastageodoriakasu</c><2>no</c>,specialnastageodoriakasuno
218.292,218.759,-1,0,<1>specialnastageodoriakasuno</c>,specialnastageodoriakasuno
218.292,218.559,-1,0,<1>(a</c><2>kasou)</c>,(akasou)
218.559,218.759,-1,0,<1>(aka</c><2>sou)</c>,(akasou)
218.759,219.193,-1,0,<1>(akasou)</c>,(akasou)
219.193,219.426,-1,0,<1>ko</c><2>nomamajittoshiterarenai</c>,konomamajittoshiterarenai
219.426,219.66,-1,0,<1>kono</c><2>mamajittoshiterarenai</c>,konomamajittoshiterarenai
219.66,219.894,-1,0,<1>konoma</c><2>majittoshiterarenai</c>,konomamajittoshiterarenai
219.894,220.094,-1,0,<1>konomama</c><2>jittoshiterarenai</c>,konomamajittoshiterarenai
220.094,220.461,-1,0,<1>konomamajit</c><2>toshiterarenai</c>,konomamajittoshiterarenai
220.461,220.794,-1,0,<1>konomamajitto</c><2>shiterarenai</c>,konomamajittoshiterarenai
220.794,220.895,-1,0,<1>konomamajittoshi</c><2>terarenai</c>,konomamajittoshiterarenai
220.895,221.028,-1,0,<1>konomamajittoshite</c><2>rarenai</c>,konomamajittoshiterarenai
221.028,221.262,-1,0,<1>konomamajittoshitera</c><2>renai</c>,konomamajittoshiterarenai
221.262,221.495,-1,0,<1>konomamajittoshiterare</c><2>nai</c>,konomamajittoshiterarenai
221.495,221.662,-1,0,<1>konomamajittoshiterarena</c><2>i</c>,konomamajittoshiterarenai
221.662,221.962,-1,0,<1>konomamajittoshiterarenai</c>,konomamajittoshiterarenai
221.662,221.829,-1,0,<1>(so</c><2>usasenai)</c>,(sousasenai)
221.829,221.962,-1,0,<1>(sou</c><2>sasenai)</c>,(sousasenai)
221.962,222.163,-1,0,<1>(sousa</c><2>senai)</c>,(sousasenai)
222.163,222.429,-1,0,<1>(sousase</c><2>nai)</c>,(sousasenai)
222.429,222.53,-1,0,<1>(sousasena</c><2>i)</c>,(sousasenai)
222.53,222.763,-1,0,<1>(sousasenai)</c>,(sousasenai)
222.63,222.763,61,0,<1>ha</c><2>shiridasouyosekaiwakawarukara</c>,hashiridasouyosekaiwakawarukara
222.763,222.863,61,0,<1>hashi</c><2>ridasouyosekaiwakawarukara</c>,hashiridasouyosekaiwakawarukara
222.863,223.097,61,0,<1>hashiri</c><2>dasouyosekaiwakawarukara</c>,hashiridasouyosekaiwakawarukara
223.097,223.33,61,0,<1>hashirida</c><2>souyosekaiwakawarukara</c>,hashiridasouyosekaiwakawarukara
223.33,223.531,61,0,<1>hashiridaso</c><2>uyosekaiwakawarukara</c>,hashiridasouyosekaiwakawarukara
223.531,223.764,61,0,<1>hashiridasou</c><2>yosekaiwakawarukara</c>,hashiridasouyosekaiwakawarukara
223.764,224.231,61,0,<1>hashiridasouyo</c><2>sekaiwakawarukara</c>,hashiridasouyosekaiwakawarukara
224.231,224.465,61,0,<1>hashiridasouyose</c><2>kaiwakawarukara</c>,hashiridasouyosekaiwakawarukara
224.465,224.665,61,0,<1>hashiridasouyoseka</c><2>iwakawarukara</c>,hashiridasouyosekaiwakawarukara
224.665,224.899,61,0,<1>hashiridasouyosekai</c><2>wakawarukara</c>,hashiridasouyosekaiwakawarukara
224.899,225.132,61,0,<1>hashiridasouyosekaiwa</c><2>kawarukara</c>,hashiridasouyosekaiwakawarukara
225.132,225.366,61,0,<1>hashiridasouyosekaiwaka</c><2>warukara</c>,hashiridasouyosekaiwakawarukara
225.366,225.599,61,0,<1>hashiridasouyosekaiwakawa</c><2>rukara</c>,hashiridasouyosekaiwakawarukara
225.599,226.0,61,0,<1>hashiridasouyosekaiwakawaru</c><2>kara</c>,hashiridasouyosekaiwakawarukara
226.0,226.5,61,0,<1>hashiridasouyosekaiwakawaruka</c><2>ra</c>,hashiridasouyosekaiwakawarukara
226.5,226.934,58,0,<1>hashiridasouyosekaiwakawarukara</c>,hashiridasouyosekaiwakawarukara
226.934,227.401,-1,0,<1>(la</c><2>lalalalalalalala)</c>,(lalalalalalalalala)
227.401,227.635,-1,0,<1>(lala</c><2>lalalalalalala)</c>,(lalalalalalalalala)
227.635,227.868,-1,0,<1>(lalala</c><2>lalalalalala)</c>,(lalalalalalalalala)
227.868,228.068,-1,0,<1>(lalalala</c><2>lalalalala)</c>,(lalalalalalalalala)
228.068,228.302,-1,0,<1>(lalalalala</c><2>lalalala)</c>,(lalalalalalalalala)
228.302,228.536,-1,0,<1>(lalalalalala</c><2>lalala)</c>,(lalalalalalalalala)
228.536,228.769,-1,0,<1>(lalalalalalala</c><2>lala)</c>,(lalalalalalalalala)
228.769,229.203,-1,0,<1>(lalalalalalalala</c><2>la)</c>,(lalalalalalalalala)
229.203,229.669,-1,0,<1>(lalalalalalalalala)</c>,(lalalalalalalalala)
230.538,231.005,-1,0,<1>(la</c><2>lalalalalalalala)</c>,(lalalalalalalalala)
231.005,231.272,-1,0,<1>(lala</c><2>lalalalalalala)</c>,(lalalalalalalalala)
231.272,231.472,-1,0,<1>(lalala</c><2>lalalalalala)</c>,(lalalalalalalalala)
231.472,231.705,-1,0,<1>(lalalala</c><2>lalalalala)</c>,(lalalalalalalalala)
231.705,231.939,-1,0,<1>(lalalalala</c><2>lalalala)</c>,(lalalalalalalalala)
231.939,232.173,-1,0,<1>(lalalalalala</c><2>lalala)</c>,(lalalalalalalalala)
232.173,232.373,-1,0,<1>(lalalalalalala</c><2>lala)</c>,(lalalalalalalalala)
232.373,232.84,-1,0,<1>(lalalalalalalala</c><2>la)</c>,(lalalalalalalalala)
232.84,233.306,-1,0,<1>(lalalalalalalalala)</c>,(lalalalalalalalala)
234.175,234.675,-1,0,<1>(la</c><2>lalalalalalalala)</c>,(lalalalalalalalala)
234.675,234.875,-1,0,<1>(lala</c><2>lalalalalalala)</c>,(lalalalalalalalala)
234.875,235.109,-1,0,<1>(lalala</c><2>lalalalalala)</c>,(lalalalalalalalala)
235.109,235.342,-1,0,<1>(lalalala</c><2>lalalalala)</c>,(lalalalalalalalala)
235.342,235.576,-1,0,<1>(lalalalala</c><2>lalalala)</c>,(lalalalalalalalala)
235.576,235.776,-1,0,<1>(lalalalalala</c><2>lalala)</c>,(lalalalalalalalala)
235.776,236.01,-1,0,<1>(lalalalalalala</c><2>lala)</c>,(lalalalalalalalala)
236.01,236.477,-1,0,<1>(lalalalalalalala</c><2>la)</c>,(lalalalalalalalala)
236.477,237.378,-1,0,<1>(lalalalalalalalala)</c>,(lalalalalalalalala)
237.378,237.611,-1,0,<1>(la</c><2>lalalala)</c>,(lalalalala)
237.611,237.845,-1,0,<1>(lala</c><2>lalala)</c>,(lalalalala)
237.845,238.078,-1,0,<1>(lalala</c><2>lala)</c>,(lalalalala)
238.078,238.312,-1,0,<1>(lalalala</c><2>la)</c>,(lalalalala)
238.312,238.979,-1,0,<1>(lalalalala)</c>,(lalalalala)
238.979,239.113,-1,0,<1>a</c><2>shitawaharerukara</c>,ashitawaharerukara
239.113,239.213,-1,0,<1>ashi</c><2>tawaharerukara</c>,ashitawaharerukara
239.213,239.446,-1,0,<1>ashita</c><2>waharerukara</c>,ashitawaharerukara
239.446,239.647,-1,0,<1>ashitawa</c><2>harerukara</c>,ashitawaharerukara
239.647,239.914,-1,0,<1>ashitawaha</c><2>rerukara</c>,ashitawaharerukara
239.914,240.114,-1,0,<1>ashitawahare</c><2>rukara</c>,ashitawaharerukara
240.114,240.548,-1,0,<1>ashitawahareru</c><2>kara</c>,ashitawaharerukara
240.548,241.015,-1,0,<1>ashitawahareruka</c><2>ra</c>,ashitawaharerukara
241.015,241.482,-1,0,<1>ashitawaharerukara</c>,ashitawaharerukara
241.482,241.949,-1,0,<1>(la</c><2>lalalalalalalala)</c>,(lalalalalalalalala)
241.949,242.183,-1,0,<1>(lala</c><2>lalalalalalala)</c>,(lalalalalalalalala)
242.183,242.383,-1,0,<1>(lalala</c><2>lalalalalala)</c>,(lalalalalalalalala)
242.383,242.616,-1,0,<1>(lalalala</c><2>lalalalala)</c>,(lalalalalalalalala)
242.616,242.85,-1,0,<1>(lalalalala</c><2>lalalala)</c>,(lalalalalalalalala)
242.85,243.083,-1,0,<1>(lalalalalala</c><2>lalala)</c>,(lalalalalalalalala)
243.083,243.317,-1,0,<1>(lalalalalalala</c><2>lala)</c>,(lalalalalalalalala)
243.317,243.751,-1,0,<1>(lalalalalalalala</c><2>la)</c>,(lalalalalalalalala)
243.517,243.751,-1,0,<1>la</c><2>lalalalala</c>,lalalalalala
243.751,244.185,-1,0,<1>(lalalalalalalalala)</c>,(lalalalalalalalala)
243.751,243.984,-1,0,<1>lala</c><2>lalalala</c>,lalalalalala
243.984,244.185,-1,0,<1>lalala</c><2>lalala</c>,lalalalalala
244.185,244.418,-1,0,<1>lalalala</c><2>lala</c>,lalalalalala
244.418,244.652,-1,0,<1>lalalalala</c><2>la</c>,lalalalalala
244.652,247.154,-1,0,<1>lalalalalala</c>,lalalalalala
245.085,245.553,-1,0,<1>(la</c><2>lalalalalalalala)</c>,(lalalalalalalalala)
245.553,245.819,-1,0,<1>(lala</c><2>lalalalalalala)</c>,(lalalalalalalalala)
245.819,246.02,-1,0,<1>(lalala</c><2>lalalalalala)</c>,(lalalalalalalalala)
246.02,246.253,-1,0,<1>(lalalala</c><2>lalalalala)</c>,(lalalalalalalalala)
246.253,246.487,-1,0,<1>(lalalalala</c><2>lalalala)</c>,(lalalalalalalalala)
246.487,246.72,-1,0,<1>(lalalalalala</c><2>lalala)</c>,(lalalalalalalalala)
246.72,246.921,-1,0,<1>(lalalalalalala</c><2>lala)</c>,(lalalalalalalalala)
246.921,247.388,-1,0,<1>(lalalalalalalala</c><2>la)</c>,(lalalalalalalalala)
247.154,247.388,-1,0,<1>la</c><2>lalalalala</c>,lalalalalala
247.388,247.821,-1,0,<1>(lalalalalalalalala)</c>,(lalalalalalalalala)
247.388,247.621,-1,0,<1>lala</c><2>lalalala</c>,lalalalalala
247.621,247.821,-1,0,<1>lalala</c><2>lalala</c>,lalalalalala
247.821,248.088,-1,0,<1>lalalala</c><2>lala</c>,lalalalalala
248.088,248.289,-1,0,<1>lalalalala</c><2>la</c>,lalalalalala
248.289,250.791,-1,0,<1>lalalalalala</c>,lalalalalala
248.722,249.19,-1,0,<1>(la</c><2>lalalalalalalala)</c>,(lalalalalalalalala)
249.19,249.423,-1,0,<1>(lala</c><2>lalalalalalala)</c>,(lalalalalalalalala)
249.423,249.657,-1,0,<1>(lalala</c><2>lalalalalala)</c>,(lalalalalalalalala)
249.657,249.89,-1,0,<1>(lalalala</c><2>lalalalala)</c>,(lalalalalalalalala)
249.89,250.124,-1,0,<1>(lalalalala</c><2>lalalala)</c>,(lalalalalalalalala)
250.124,250.324,-1,0,<1>(lalalalalala</c><2>lalala)</c>,(lalalalalalalalala)
250.324,250.558,-1,0,<1>(lalalalalalala</c><2>lala)</c>,(lalalalalalalalala)
250.558,251.025,-1,0,<1>(lalalalalalalala</c><2>la)</c>,(lalalalalalalalala)
250.791,251.025,-1,0,<1>la</c><2>lalalalala</c>,lalalalalala
251.025,251.959,-1,0,<1>(lalalalalalalalala)</c>,(lalalalalalalalala)
251.025,251.258,-1,0,<1>lala</c><2>lalalala</c>,lalalalalala
251.258,251.492,-1,0,<1>lalala</c><2>lalala</c>,lalalalalala
251.492,251.692,-1,0,<1>lalalala</c><2>lala</c>,lalalalalala
251.692,251.926,-1,0,<1>lalalalala</c><2>la</c>,lalalalalala
251.926,253.527,-1,0,<1>lalalalalala</c>,lalalalalala
251.959,252.193,-1,0,<1>(la</c><2>lalalala)</c>,(lalalalala)
252.193,252.393,-1,0,<1>(lala</c><2>lalala)</c>,(lalalalala)
252.393,252.626,-1,0,<1>(lalala</c><2>lala)</c>,(lalalalala)
252.626,252.86,-1,0,<1>(lalalala</c><2>la)</c>,(lalalalala)
252.86,253.527,-1,0,<1>(lalalalala)</c>,(lalalalala)
253.527,253.627,-1,0,<1>a</c><2>shitamoaerukara!</c>,ashitamoaerukara!
253.627,253.761,-1,0,<1>ashi</c><2>tamoaerukara!</c>,ashitamoaerukara!
253.761,253.994,-1,0,<1>ashita</c><2>moaerukara!</c>,ashitamoaerukara!
253.994,254.195,-1,0,<1>ashitamo</c><2>aerukara!</c>,ashitamoaerukara!
254.195,254.428,-1,0,<1>ashitamoa</c><2>erukara!</c>,ashitamoaerukara!
254.428,254.662,-1,0,<1>ashitamoae</c><2>rukara!</c>,ashitamoaerukara!
254.662,255.095,-1,0,<1>ashitamoaeru</c><2>kara!</c>,ashitamoaerukara!
255.095,255.563,-1,0,<1>ashitamoaeruka</c><2>ra!</c>,ashitamoaerukara!
255.563,256.162,-1,0,<1>ashitamoaerukara!</c>,ashitamoaerukara!
