start,end,position,line,text,unformatted
11.161,21.772,77,0,<1></c><2>monafeat.honeyworks-mottoichigoore</c><1></c><2>(coveredbysakuramiko)</c><1></c>,monafeat.honeyworks-mottoichigoore(coveredbysakuramiko)
21.772,22.106,-1,0,<1></c><2>a</c><3>nkokunisomatta</c><1></c>,ankokunisomatta
22.106,22.272,-1,0,<1></c><2>an</c><3>kokunisomatta</c><1></c>,ankokunisomatta
22.272,22.573,-1,0,<1></c><2>anko</c><3>kunisomatta</c><1></c>,ankokunisomatta
22.573,22.773,-1,0,<1></c><2>ankoku</c><3>nisomatta</c><1></c>,ankokunisomatta
22.773,23.273,-1,0,<1></c><2>ankokuni</c><3>somatta</c><1></c>,ankokunisomatta
23.273,23.407,-1,0,<1></c><2>ankokuniso</c><3>matta</c><1></c>,ankokunisomatta
23.407,23.574,-1,0,<1></c><2>ankokunisoma</c><3>tta</c><1></c>,ankokunisomatta
23.574,23.741,-1,0,<1></c><2>ankokunisomat</c><3>ta</c><1></c>,ankokunisomatta
23.741,24.408,-1,0,<1></c><2>ankokunisomatta</c><1></c>,ankokunisomatta
24.408,24.742,-1,0,<1></c><2>shu</c><3>tokanrakukomatta</c><1></c>,shutokanrakukomatta
24.742,24.942,-1,0,<1></c><2>shuto</c><3>kanrakukomatta</c><1></c>,shutokanrakukomatta
24.942,25.242,-1,0,<1></c><2>shutoka</c><3>nrakukomatta</c><1></c>,shutokanrakukomatta
25.242,25.409,-1,0,<1></c><2>shutokan</c><3>rakukomatta</c><1></c>,shutokanrakukomatta
25.409,25.709,-1,0,<1></c><2>shutokanra</c><3>kukomatta</c><1></c>,shutokanrakukomatta
25.709,25.909,-1,0,<1></c><2>shutokanraku</c><3>komatta</c><1></c>,shutokanrakukomatta
25.909,26.076,-1,0,<1></c><2>shutokanrakuko</c><3>matta</c><1></c>,shutokanrakukomatta
26.076,26.243,-1,0,<1></c><2>shutokanrakukoma</c><3>tta</c><1></c>,shutokanrakukomatta
26.243,26.41,-1,0,<1></c><2>shutokanrakukomat</c><3>ta</c><1></c>,shutokanrakukomatta
26.41,27.077,-1,0,<1></c><2>shutokanrakukomatta</c><1></c>,shutokanrakukomatta
27.077,27.411,-1,0,<1></c><2>hi</c><3>tobitowanageite</c><1></c>,hitobitowanageite
27.411,27.578,-1,0,<1></c><2>hito</c><3>bitowanageite</c><1></c>,hitobitowanageite
27.578,27.911,-1,0,<1></c><2>hitobi</c><3>towanageite</c><1></c>,hitobitowanageite
27.911,28.078,-1,0,<1></c><2>hitobito</c><3>wanageite</c><1></c>,hitobitowanageite
28.078,28.579,-1,0,<1></c><2>hitobitowa</c><3>nageite</c><1></c>,hitobitowanageite
28.579,28.712,-1,0,<1></c><2>hitobitowana</c><3>geite</c><1></c>,hitobitowanageite
28.712,28.912,-1,0,<1></c><2>hitobitowanage</c><3>ite</c><1></c>,hitobitowanageite
28.912,29.079,-1,0,<1></c><2>hitobitowanagei</c><3>te</c><1></c>,hitobitowanageite
29.079,29.413,-1,0,<1></c><2>hitobitowanageite</c><1></c>,hitobitowanageite
29.413,29.58,59,0,<1></c><2>ta</c><3>sukeomotometekoeoageru</c><1></c>,tasukeomotometekoeoageru
29.58,29.747,59,0,<1></c><2>tasu</c><3>keomotometekoeoageru</c><1></c>,tasukeomotometekoeoageru
29.747,29.847,59,0,<1></c><2>tasuke</c><3>omotometekoeoageru</c><1></c>,tasukeomotometekoeoageru
29.847,30.08,59,0,<1></c><2>tasukeo</c><3>motometekoeoageru</c><1></c>,tasukeomotometekoeoageru
30.08,30.247,59,0,<1></c><2>tasukeomo</c><3>tometekoeoageru</c><1></c>,tasukeomotometekoeoageru
30.247,30.381,59,0,<1></c><2>tasukeomoto</c><3>metekoeoageru</c><1></c>,tasukeomotometekoeoageru
30.381,30.581,59,0,<1></c><2>tasukeomotome</c><3>tekoeoageru</c><1></c>,tasukeomotometekoeoageru
30.581,30.748,59,0,<1></c><2>tasukeomotomete</c><3>koeoageru</c><1></c>,tasukeomotometekoeoageru
30.748,30.914,59,0,<1></c><2>tasukeomotometeko</c><3>eoageru</c><1></c>,tasukeomotometekoeoageru
30.914,31.048,59,0,<1></c><2>tasukeomotometekoe</c><3>oageru</c><1></c>,tasukeomotometekoeoageru
31.048,31.382,59,0,<1></c><2>tasukeomotometekoeo</c><3>ageru</c><1></c>,tasukeomotometekoeoageru
31.382,31.715,59,0,<1></c><2>tasukeomotometekoeoa</c><3>geru</c><1></c>,tasukeomotometekoeoageru
31.715,32.049,59,0,<1></c><2>tasukeomotometekoeoage</c><3>ru</c><1></c>,tasukeomotometekoeoageru
32.049,32.383,59,0,<1></c><2>tasukeomotometekoeoageru</c><1></c>,tasukeomotometekoeoageru
32.383,32.716,-1,0,<1></c><2>pi</c><3>nkuiromatotta</c><1></c>,pinkuiromatotta
32.716,32.883,-1,0,<1></c><2>pin</c><3>kuiromatotta</c><1></c>,pinkuiromatotta
32.883,33.217,-1,0,<1></c><2>pinku</c><3>iromatotta</c><1></c>,pinkuiromatotta
33.217,33.384,-1,0,<1></c><2>pinkui</c><3>romatotta</c><1></c>,pinkuiromatotta
33.384,33.851,-1,0,<1></c><2>pinkuiro</c><3>matotta</c><1></c>,pinkuiromatotta
33.851,34.051,-1,0,<1></c><2>pinkuiroma</c><3>totta</c><1></c>,pinkuiromatotta
34.051,34.218,-1,0,<1></c><2>pinkuiromato</c><3>tta</c><1></c>,pinkuiromatotta
34.218,34.385,-1,0,<1></c><2>pinkuiromatot</c><3>ta</c><1></c>,pinkuiromatotta
34.385,35.019,-1,0,<1></c><2>pinkuiromatotta</c><1></c>,pinkuiromatotta
35.019,35.352,-1,0,<1></c><2>na</c><3>zomeitabishoujo</c><1></c>,nazomeitabishoujo
35.352,35.519,-1,0,<1></c><2>nazo</c><3>meitabishoujo</c><1></c>,nazomeitabishoujo
35.519,35.853,-1,0,<1></c><2>nazome</c><3>itabishoujo</c><1></c>,nazomeitabishoujo
35.853,36.02,-1,0,<1></c><2>nazomei</c><3>tabishoujo</c><1></c>,nazomeitabishoujo
36.02,36.487,-1,0,<1></c><2>nazomeita</c><3>bishoujo</c><1></c>,nazomeitabishoujo
36.487,36.687,-1,0,<1></c><2>nazomeitabi</c><3>shoujo</c><1></c>,nazomeitabishoujo
36.687,36.854,-1,0,<1></c><2>nazomeitabisho</c><3>ujo</c><1></c>,nazomeitabishoujo
36.854,37.021,-1,0,<1></c><2>nazomeitabishou</c><3>jo</c><1></c>,nazomeitabishoujo
37.021,37.688,-1,0,<1></c><2>nazomeitabishoujo</c><1></c>,nazomeitabishoujo
37.688,38.022,-1,0,<1></c><2>hi</c><3>tobitowasugatte</c><1></c>,hitobitowasugatte
38.022,38.188,-1,0,<1></c><2>hito</c><3>bitowasugatte</c><1></c>,hitobitowasugatte
38.188,38.522,-1,0,<1></c><2>hitobi</c><3>towasugatte</c><1></c>,hitobitowasugatte
38.522,38.655,-1,0,<1></c><2>hitobito</c><3>wasugatte</c><1></c>,hitobitowasugatte
38.655,39.156,-1,0,<1></c><2>hitobitowa</c><3>sugatte</c><1></c>,hitobitowasugatte
39.156,39.323,-1,0,<1></c><2>hitobitowasu</c><3>gatte</c><1></c>,hitobitowasugatte
39.323,39.523,-1,0,<1></c><2>hitobitowasuga</c><3>tte</c><1></c>,hitobitowasugatte
39.523,39.656,-1,0,<1></c><2>hitobitowasugat</c><3>te</c><1></c>,hitobitowasugatte
39.656,39.99,-1,0,<1></c><2>hitobitowasugatte</c><1></c>,hitobitowasugatte
39.99,40.157,64,0,<1></c><2>su</c><3>betewakanojoniyudanerareta</c><1></c>,subetewakanojoniyudanerareta
40.157,40.324,64,0,<1></c><2>sube</c><3>tewakanojoniyudanerareta</c><1></c>,subetewakanojoniyudanerareta
40.324,40.491,64,0,<1></c><2>subete</c><3>wakanojoniyudanerareta</c><1></c>,subetewakanojoniyudanerareta
40.491,40.657,64,0,<1></c><2>subetewa</c><3>kanojoniyudanerareta</c><1></c>,subetewakanojoniyudanerareta
40.657,40.824,64,0,<1></c><2>subetewaka</c><3>nojoniyudanerareta</c><1></c>,subetewakanojoniyudanerareta
40.824,40.991,64,0,<1></c><2>subetewakano</c><3>joniyudanerareta</c><1></c>,subetewakanojoniyudanerareta
40.991,41.158,64,0,<1></c><2>subetewakanojo</c><3>niyudanerareta</c><1></c>,subetewakanojoniyudanerareta
41.158,41.325,64,0,<1></c><2>subetewakanojoni</c><3>yudanerareta</c><1></c>,subetewakanojoniyudanerareta
41.325,41.492,64,0,<1></c><2>subetewakanojoniyu</c><3>danerareta</c><1></c>,subetewakanojoniyudanerareta
41.492,41.658,64,0,<1></c><2>subetewakanojoniyuda</c><3>nerareta</c><1></c>,subetewakanojoniyudanerareta
41.658,41.892,64,0,<1></c><2>subetewakanojoniyudane</c><3>rareta</c><1></c>,subetewakanojoniyudanerareta
41.892,42.126,64,0,<1></c><2>subetewakanojoniyudanera</c><3>reta</c><1></c>,subetewakanojoniyudanerareta
42.126,42.326,64,0,<1></c><2>subetewakanojoniyudanerare</c><3>ta</c><1></c>,subetewakanojoniyudanerareta
42.326,42.626,64,0,<1></c><2>subetewakanojoniyudanerareta</c><1></c>,subetewakanojoniyudanerareta
42.626,43.627,-1,0,<1></c><2>oh</c><3>ohoh...</c><1></c>,ohohoh...
43.627,43.961,-1,0,<1></c><2>ohoh</c><3>oh...</c><1></c>,ohohoh...
43.961,45.295,-1,0,<1></c><2>ohohoh...</c><1></c>,ohohoh...
45.295,45.462,59,0,<1></c><2>yo</c><3>wakiotasukeakuoseibai</c><2>♡</c><1></c>,yowakiotasukeakuoseibai♡
45.462,45.629,59,0,<1></c><2>yowa</c><3>kiotasukeakuoseibai</c><2>♡</c><1></c>,yowakiotasukeakuoseibai♡
45.629,45.796,59,0,<1></c><2>yowaki</c><3>otasukeakuoseibai</c><2>♡</c><1></c>,yowakiotasukeakuoseibai♡
45.796,45.963,59,0,<1></c><2>yowakio</c><3>tasukeakuoseibai</c><2>♡</c><1></c>,yowakiotasukeakuoseibai♡
45.963,46.13,59,0,<1></c><2>yowakiota</c><3>sukeakuoseibai</c><2>♡</c><1></c>,yowakiotasukeakuoseibai♡
46.13,46.263,59,0,<1></c><2>yowakiotasu</c><3>keakuoseibai</c><2>♡</c><1></c>,yowakiotasukeakuoseibai♡
46.263,46.63,59,0,<1></c><2>yowakiotasuke</c><3>akuoseibai</c><2>♡</c><1></c>,yowakiotasukeakuoseibai♡
46.63,46.764,59,0,<1></c><2>yowakiotasukea</c><3>kuoseibai</c><2>♡</c><1></c>,yowakiotasukeakuoseibai♡
46.764,46.93,59,0,<1></c><2>yowakiotasukeaku</c><3>oseibai</c><2>♡</c><1></c>,yowakiotasukeakuoseibai♡
46.93,47.131,59,0,<1></c><2>yowakiotasukeakuo</c><3>seibai</c><2>♡</c><1></c>,yowakiotasukeakuoseibai♡
47.131,47.264,59,0,<1></c><2>yowakiotasukeakuose</c><3>ibai</c><2>♡</c><1></c>,yowakiotasukeakuoseibai♡
47.264,47.431,59,0,<1></c><2>yowakiotasukeakuosei</c><3>bai</c><2>♡</c><1></c>,yowakiotasukeakuoseibai♡
47.431,47.631,59,0,<1></c><2>yowakiotasukeakuoseiba</c><3>i</c><2>♡</c><1></c>,yowakiotasukeakuoseibai♡
47.631,47.965,59,0,<1></c><2>yowakiotasukeakuoseibai♡</c><1></c>,yowakiotasukeakuoseibai♡
47.965,48.932,-1,0,<1></c><2>oh</c><3>ohoh...</c><1></c>,ohohoh...
48.932,49.333,-1,0,<1></c><2>ohoh</c><3>oh...</c><1></c>,ohohoh...
49.333,50.601,-1,0,<1></c><2>ohohoh...</c><1></c>,ohohoh...
50.601,50.768,-1,0,<1></c><2>ko</c><3>dokunakanaisenshi</c><1></c>,kodokunakanaisenshi
50.768,50.968,-1,0,<1></c><2>kodo</c><3>kunakanaisenshi</c><1></c>,kodokunakanaisenshi
50.968,51.969,-1,0,<1></c><2>kodoku</c><3>nakanaisenshi</c><1></c>,kodokunakanaisenshi
51.969,52.102,-1,0,<1></c><2>kodokuna</c><3>kanaisenshi</c><1></c>,kodokunakanaisenshi
52.102,52.269,-1,0,<1></c><2>kodokunaka</c><3>naisenshi</c><1></c>,kodokunakanaisenshi
52.269,52.436,-1,0,<1></c><2>kodokunakana</c><3>isenshi</c><1></c>,kodokunakanaisenshi
52.436,52.603,-1,0,<1></c><2>kodokunakanai</c><3>senshi</c><1></c>,kodokunakanaisenshi
52.603,52.77,-1,0,<1></c><2>kodokunakanaise</c><3>nshi</c><1></c>,kodokunakanaisenshi
52.77,52.936,-1,0,<1></c><2>kodokunakanaisen</c><3>shi</c><1></c>,kodokunakanaisenshi
52.936,53.237,-1,0,<1></c><2>kodokunakanaisenshi</c><1></c>,kodokunakanaisenshi
53.237,54.238,-1,0,<1></c><2>oh</c><3>ohoh...</c><1></c>,ohohoh...
54.238,54.605,-1,0,<1></c><2>ohoh</c><3>oh...</c><1></c>,ohohoh...
54.605,55.906,-1,0,<1></c><2>ohohoh...</c><1></c>,ohohoh...
55.906,56.073,61,0,<1></c><2>cho</c><3>ppirishainaamatoudakedo</c><1></c>,choppirishainaamatoudakedo
56.073,56.24,61,0,<1></c><2>chop</c><3>pirishainaamatoudakedo</c><1></c>,choppirishainaamatoudakedo
56.24,56.407,61,0,<1></c><2>choppi</c><3>rishainaamatoudakedo</c><1></c>,choppirishainaamatoudakedo
56.407,56.607,61,0,<1></c><2>choppiri</c><3>shainaamatoudakedo</c><1></c>,choppirishainaamatoudakedo
56.607,56.774,61,0,<1></c><2>choppirisha</c><3>inaamatoudakedo</c><1></c>,choppirishainaamatoudakedo
56.774,56.907,61,0,<1></c><2>choppirishai</c><3>naamatoudakedo</c><1></c>,choppirishainaamatoudakedo
56.907,57.241,61,0,<1></c><2>choppirishaina</c><3>amatoudakedo</c><1></c>,choppirishainaamatoudakedo
57.241,57.408,61,0,<1></c><2>choppirishainaa</c><3>matoudakedo</c><1></c>,choppirishainaamatoudakedo
57.408,57.574,61,0,<1></c><2>choppirishainaama</c><3>toudakedo</c><1></c>,choppirishainaamatoudakedo
57.574,57.741,61,0,<1></c><2>choppirishainaamato</c><3>udakedo</c><1></c>,choppirishainaamatoudakedo
57.741,57.908,61,0,<1></c><2>choppirishainaamatou</c><3>dakedo</c><1></c>,choppirishainaamatoudakedo
57.908,58.075,61,0,<1></c><2>choppirishainaamatouda</c><3>kedo</c><1></c>,choppirishainaamatoudakedo
58.075,58.242,61,0,<1></c><2>choppirishainaamatoudake</c><3>do</c><1></c>,choppirishainaamatoudakedo
58.242,58.542,61,0,<1></c><2>choppirishainaamatoudakedo</c><1></c>,choppirishainaamatoudakedo
58.542,58.709,72,0,<1></c><2>ka</c><3>rakuchinaoshiokigahitsuyoune...</c><1></c>,karakuchinaoshiokigahitsuyoune...
58.709,58.876,72,0,<1></c><2>kara</c><3>kuchinaoshiokigahitsuyoune...</c><1></c>,karakuchinaoshiokigahitsuyoune...
58.876,59.043,72,0,<1></c><2>karaku</c><3>chinaoshiokigahitsuyoune...</c><1></c>,karakuchinaoshiokigahitsuyoune...
59.043,59.209,72,0,<1></c><2>karakuchi</c><3>naoshiokigahitsuyoune...</c><1></c>,karakuchinaoshiokigahitsuyoune...
59.209,59.376,72,0,<1></c><2>karakuchina</c><3>oshiokigahitsuyoune...</c><1></c>,karakuchinaoshiokigahitsuyoune...
59.376,59.543,72,0,<1></c><2>karakuchinao</c><3>shiokigahitsuyoune...</c><1></c>,karakuchinaoshiokigahitsuyoune...
59.543,59.71,72,0,<1></c><2>karakuchinaoshi</c><3>okigahitsuyoune...</c><1></c>,karakuchinaoshiokigahitsuyoune...
59.71,59.877,72,0,<1></c><2>karakuchinaoshio</c><3>kigahitsuyoune...</c><1></c>,karakuchinaoshiokigahitsuyoune...
59.877,60.044,72,0,<1></c><2>karakuchinaoshioki</c><3>gahitsuyoune...</c><1></c>,karakuchinaoshiokigahitsuyoune...
60.044,60.21,72,0,<1></c><2>karakuchinaoshiokiga</c><3>hitsuyoune...</c><1></c>,karakuchinaoshiokigahitsuyoune...
60.21,60.544,72,0,<1></c><2>karakuchinaoshiokigahi</c><3>tsuyoune...</c><1></c>,karakuchinaoshiokigahitsuyoune...
60.544,60.878,72,0,<1></c><2>karakuchinaoshiokigahitsu</c><3>youne...</c><1></c>,karakuchinaoshiokigahitsuyoune...
60.878,61.178,72,0,<1></c><2>karakuchinaoshiokigahitsuyo</c><3>une...</c><1></c>,karakuchinaoshiokigahitsuyoune...
61.178,61.545,72,0,<1></c><2>karakuchinaoshiokigahitsuyou</c><3>ne...</c><1></c>,karakuchinaoshiokigahitsuyoune...
61.545,62.713,72,0,<1></c><2>karakuchinaoshiokigahitsuyoune...</c><1></c>,karakuchinaoshiokigahitsuyoune...
62.713,62.88,-1,0,<1></c><2>a</c><3>nataniwa</c><1></c>,anataniwa
62.88,63.047,-1,0,<1></c><2>ana</c><3>taniwa</c><1></c>,anataniwa
63.047,63.213,-1,0,<1></c><2>anata</c><3>niwa</c><1></c>,anataniwa
63.213,63.347,-1,0,<1></c><2>anatani</c><3>wa</c><1></c>,anataniwa
63.347,63.714,-1,0,<1></c><2>anataniwa</c><1></c>,anataniwa
64.214,64.548,-1,0,<1></c><2>ha</c><3>atoute</c><1></c>,haatoute
64.548,64.882,-1,0,<1></c><2>haa</c><3>toute</c><1></c>,haatoute
64.882,65.182,-1,0,<1></c><2>haato</c><3>ute</c><1></c>,haatoute
65.182,65.382,-1,0,<1></c><2>haatou</c><3>te</c><1></c>,haatoute
65.382,66.85,-1,0,<1></c><2>haatoute</c><1></c>,haatoute
65.682,65.849,-1,7,<1></c><2>(mo</c><3>tto</c><2>☆</c><3>motto)</c><1></c>,(motto☆motto)
65.849,66.016,-1,7,<1></c><2>(mot</c><3>to</c><2>☆</c><3>motto)</c><1></c>,(motto☆motto)
66.016,66.216,-1,7,<1></c><2>(motto☆</c><3>motto)</c><1></c>,(motto☆motto)
66.216,66.383,-1,7,<1></c><2>(motto☆mo</c><3>tto)</c><1></c>,(motto☆motto)
66.383,66.517,-1,7,<1></c><2>(motto☆mot</c><3>to)</c><1></c>,(motto☆motto)
66.517,66.85,-1,7,<1></c><2>(motto☆motto)</c><1></c>,(motto☆motto)
66.85,67.184,-1,0,<1></c><2>ne</c><3>raiute</c><1></c>,neraiute
67.184,67.518,-1,0,<1></c><2>nera</c><3>iute</c><1></c>,neraiute
67.518,67.818,-1,0,<1></c><2>nerai</c><3>ute</c><1></c>,neraiute
67.818,68.018,-1,0,<1></c><2>neraiu</c><3>te</c><1></c>,neraiute
68.018,69.486,-1,0,<1></c><2>neraiute</c><1></c>,neraiute
68.352,68.519,-1,7,<1></c><2>(mo</c><3>tto</c><2>☆</c><3>motto)</c><1></c>,(motto☆motto)
68.519,68.685,-1,7,<1></c><2>(mot</c><3>to</c><2>☆</c><3>motto)</c><1></c>,(motto☆motto)
68.685,68.852,-1,7,<1></c><2>(motto☆</c><3>motto)</c><1></c>,(motto☆motto)
68.852,69.019,-1,7,<1></c><2>(motto☆mo</c><3>tto)</c><1></c>,(motto☆motto)
69.019,69.153,-1,7,<1></c><2>(motto☆mot</c><3>to)</c><1></c>,(motto☆motto)
69.153,69.486,-1,7,<1></c><2>(motto☆motto)</c><1></c>,(motto☆motto)
69.486,69.653,-1,0,<1></c><2>bu</c><3>chikamasouaioutaouze</c><1></c>,buchikamasouaioutaouze
69.653,69.82,-1,0,<1></c><2>buchi</c><3>kamasouaioutaouze</c><1></c>,buchikamasouaioutaouze
69.82,69.987,-1,0,<1></c><2>buchika</c><3>masouaioutaouze</c><1></c>,buchikamasouaioutaouze
69.987,70.154,-1,0,<1></c><2>buchikama</c><3>souaioutaouze</c><1></c>,buchikamasouaioutaouze
70.154,70.32,-1,0,<1></c><2>buchikamaso</c><3>uaioutaouze</c><1></c>,buchikamasouaioutaouze
70.32,70.654,-1,0,<1></c><2>buchikamasou</c><3>aioutaouze</c><1></c>,buchikamasouaioutaouze
70.654,70.988,-1,0,<1></c><2>buchikamasoua</c><3>ioutaouze</c><1></c>,buchikamasouaioutaouze
70.988,71.121,-1,0,<1></c><2>buchikamasouai</c><3>outaouze</c><1></c>,buchikamasouaioutaouze
71.121,71.321,-1,0,<1></c><2>buchikamasouaio</c><3>utaouze</c><1></c>,buchikamasouaioutaouze
71.321,71.488,-1,0,<1></c><2>buchikamasouaiou</c><3>taouze</c><1></c>,buchikamasouaioutaouze
71.488,71.655,-1,0,<1></c><2>buchikamasouaiouta</c><3>ouze</c><1></c>,buchikamasouaioutaouze
71.655,71.989,-1,0,<1></c><2>buchikamasouaioutao</c><3>uze</c><1></c>,buchikamasouaioutaouze
71.989,72.122,-1,0,<1></c><2>buchikamasouaioutaou</c><3>ze</c><1></c>,buchikamasouaioutaouze
72.122,73.357,-1,0,<1></c><2>buchikamasouaioutaouze</c><1></c>,buchikamasouaioutaouze
73.357,73.657,-1,0,<1></c><2>oh</c><3>ohohoh</c><1></c>,ohohohoh
73.657,74.024,-1,0,<1></c><2>ohoh</c><3>ohoh</c><1></c>,ohohohoh
74.024,74.324,-1,0,<1></c><2>ohohoh</c><3>oh</c><1></c>,ohohohoh
74.324,74.792,-1,0,<1></c><2>ohohohoh</c><1></c>,ohohohoh
74.792,75.125,-1,0,<1></c><2>mi</c><3>kobiimu</c><1></c>,mikobiimu
75.125,75.459,-1,0,<1></c><2>miko</c><3>biimu</c><1></c>,mikobiimu
75.459,75.793,-1,0,<1></c><2>mikobi</c><3>imu</c><1></c>,mikobiimu
75.793,75.959,-1,0,<1></c><2>mikobii</c><3>mu</c><1></c>,mikobiimu
75.959,77.461,-1,0,<1></c><2>mikobiimu</c><1></c>,mikobiimu
76.293,76.46,-1,7,<1></c><2>(mo</c><3>tto</c><2>☆</c><3>motto)</c><1></c>,(motto☆motto)
76.46,76.627,-1,7,<1></c><2>(mot</c><3>to</c><2>☆</c><3>motto)</c><1></c>,(motto☆motto)
76.627,76.794,-1,7,<1></c><2>(motto☆</c><3>motto)</c><1></c>,(motto☆motto)
76.794,76.96,-1,7,<1></c><2>(motto☆mo</c><3>tto)</c><1></c>,(motto☆motto)
76.96,77.127,-1,7,<1></c><2>(motto☆mot</c><3>to)</c><1></c>,(motto☆motto)
77.127,77.461,-1,7,<1></c><2>(motto☆motto)</c><1></c>,(motto☆motto)
77.461,77.795,-1,0,<1></c><2>mi</c><3>dareuchi</c><1></c>,midareuchi
77.795,78.128,-1,0,<1></c><2>mida</c><3>reuchi</c><1></c>,midareuchi
78.128,78.462,-1,0,<1></c><2>midare</c><3>uchi</c><1></c>,midareuchi
78.462,78.629,-1,0,<1></c><2>midareu</c><3>chi</c><1></c>,midareuchi
78.629,80.097,-1,0,<1></c><2>midareuchi</c><1></c>,midareuchi
78.962,79.129,-1,7,<1></c><2>(mo</c><3>tto</c><2>☆</c><3>motto)</c><1></c>,(motto☆motto)
79.129,79.296,-1,7,<1></c><2>(mot</c><3>to</c><2>☆</c><3>motto)</c><1></c>,(motto☆motto)
79.296,79.463,-1,7,<1></c><2>(motto☆</c><3>motto)</c><1></c>,(motto☆motto)
79.463,79.63,-1,7,<1></c><2>(motto☆mo</c><3>tto)</c><1></c>,(motto☆motto)
79.63,79.763,-1,7,<1></c><2>(motto☆mot</c><3>to)</c><1></c>,(motto☆motto)
79.763,80.097,-1,7,<1></c><2>(motto☆motto)</c><1></c>,(motto☆motto)
80.097,80.264,59,0,<1></c><2>su</c><3>temikakugoyosokuwafunou</c><1></c>,sutemikakugoyosokuwafunou
80.264,80.431,59,0,<1></c><2>sute</c><3>mikakugoyosokuwafunou</c><1></c>,sutemikakugoyosokuwafunou
80.431,80.597,59,0,<1></c><2>sutemi</c><3>kakugoyosokuwafunou</c><1></c>,sutemikakugoyosokuwafunou
80.597,80.764,59,0,<1></c><2>sutemika</c><3>kugoyosokuwafunou</c><1></c>,sutemikakugoyosokuwafunou
80.764,80.931,59,0,<1></c><2>sutemikaku</c><3>goyosokuwafunou</c><1></c>,sutemikakugoyosokuwafunou
80.931,81.265,59,0,<1></c><2>sutemikakugo</c><3>yosokuwafunou</c><1></c>,sutemikakugoyosokuwafunou
81.265,81.598,59,0,<1></c><2>sutemikakugoyo</c><3>sokuwafunou</c><1></c>,sutemikakugoyosokuwafunou
81.598,81.732,59,0,<1></c><2>sutemikakugoyoso</c><3>kuwafunou</c><1></c>,sutemikakugoyosokuwafunou
81.732,81.899,59,0,<1></c><2>sutemikakugoyosoku</c><3>wafunou</c><1></c>,sutemikakugoyosokuwafunou
81.899,82.066,59,0,<1></c><2>sutemikakugoyosokuwa</c><3>funou</c><1></c>,sutemikakugoyosokuwafunou
82.066,82.232,59,0,<1></c><2>sutemikakugoyosokuwafu</c><3>nou</c><1></c>,sutemikakugoyosokuwafunou
82.232,82.399,59,0,<1></c><2>sutemikakugoyosokuwafuno</c><3>u</c><1></c>,sutemikakugoyosokuwafunou
82.399,82.599,59,0,<1></c><2>sutemikakugoyosokuwafunou</c><1></c>,sutemikakugoyosokuwafunou
82.599,82.933,-1,0,<1></c><2>sho</c><3>urinoichigoore</c><1></c>,shourinoichigoore
82.933,83.267,-1,0,<1></c><2>shou</c><3>rinoichigoore</c><1></c>,shourinoichigoore
83.267,83.6,-1,0,<1></c><2>shouri</c><3>noichigoore</c><1></c>,shourinoichigoore
83.6,83.934,-1,0,<1></c><2>shourino</c><3>ichigoore</c><1></c>,shourinoichigoore
83.934,84.234,-1,0,<1></c><2>shourinoi</c><3>chigoore</c><1></c>,shourinoichigoore
84.234,84.601,-1,0,<1></c><2>shourinoichi</c><3>goore</c><1></c>,shourinoichigoore
84.601,84.902,-1,0,<1></c><2>shourinoichigo</c><3>ore</c><1></c>,shourinoichigoore
84.902,85.402,-1,0,<1></c><2>shourinoichigoo</c><3>re</c><1></c>,shourinoichigoore
85.402,87.438,-1,0,<1></c><2>shourinoichigoore</c><1></c>,shourinoichigoore
96.013,96.346,-1,0,<1></c><2>chu</c><3>useiochikatta</c><1></c>,chuuseiochikatta
96.346,96.513,-1,0,<1></c><2>chuu</c><3>seiochikatta</c><1></c>,chuuseiochikatta
96.513,96.847,-1,0,<1></c><2>chuuse</c><3>iochikatta</c><1></c>,chuuseiochikatta
96.847,97.014,-1,0,<1></c><2>chuusei</c><3>ochikatta</c><1></c>,chuuseiochikatta
97.014,97.481,-1,0,<1></c><2>chuuseio</c><3>chikatta</c><1></c>,chuuseiochikatta
97.481,97.648,-1,0,<1></c><2>chuuseiochi</c><3>katta</c><1></c>,chuuseiochikatta
97.648,97.848,-1,0,<1></c><2>chuuseiochika</c><3>tta</c><1></c>,chuuseiochikatta
97.848,98.015,-1,0,<1></c><2>chuuseiochikat</c><3>ta</c><1></c>,chuuseiochikatta
98.015,98.682,-1,0,<1></c><2>chuuseiochikatta</c><1></c>,chuuseiochikatta
98.682,99.016,-1,0,<1></c><2>vi</c><3>inasuniinotta</c><1></c>,viinasuniinotta
99.016,99.183,-1,0,<1></c><2>vii</c><3>nasuniinotta</c><1></c>,viinasuniinotta
99.183,99.516,-1,0,<1></c><2>viina</c><3>suniinotta</c><1></c>,viinasuniinotta
99.516,99.683,-1,0,<1></c><2>viinasu</c><3>niinotta</c><1></c>,viinasuniinotta
99.683,100.184,-1,0,<1></c><2>viinasuni</c><3>inotta</c><1></c>,viinasuniinotta
100.184,100.35,-1,0,<1></c><2>viinasunii</c><3>notta</c><1></c>,viinasuniinotta
100.35,100.517,-1,0,<1></c><2>viinasuniino</c><3>tta</c><1></c>,viinasuniinotta
100.517,100.684,-1,0,<1></c><2>viinasuniinot</c><3>ta</c><1></c>,viinasuniinotta
100.684,101.318,-1,0,<1></c><2>viinasuniinotta</c><1></c>,viinasuniinotta
101.318,101.652,-1,0,<1></c><2>wa</c><3>rumonoosabaite</c><1></c>,warumonoosabaite
101.652,101.819,-1,0,<1></c><2>waru</c><3>monoosabaite</c><1></c>,warumonoosabaite
101.819,102.152,-1,0,<1></c><2>warumo</c><3>noosabaite</c><1></c>,warumonoosabaite
102.152,102.319,-1,0,<1></c><2>warumono</c><3>osabaite</c><1></c>,warumonoosabaite
102.319,102.786,-1,0,<1></c><2>warumonoo</c><3>sabaite</c><1></c>,warumonoosabaite
102.786,102.953,-1,0,<1></c><2>warumonoosa</c><3>baite</c><1></c>,warumonoosabaite
102.953,103.12,-1,0,<1></c><2>warumonoosaba</c><3>ite</c><1></c>,warumonoosabaite
103.12,103.32,-1,0,<1></c><2>warumonoosabai</c><3>te</c><1></c>,warumonoosabaite
103.32,103.62,-1,0,<1></c><2>warumonoosabaite</c><1></c>,warumonoosabaite
103.62,103.787,-1,0,<1></c><2>ji</c><3>yuuomotometetatakae!</c><1></c>,jiyuuomotometetatakae!
103.787,103.954,-1,0,<1></c><2>jiyu</c><3>uomotometetatakae!</c><1></c>,jiyuuomotometetatakae!
103.954,104.121,-1,0,<1></c><2>jiyuu</c><3>omotometetatakae!</c><1></c>,jiyuuomotometetatakae!
104.121,104.288,-1,0,<1></c><2>jiyuuo</c><3>motometetatakae!</c><1></c>,jiyuuomotometetatakae!
104.288,104.455,-1,0,<1></c><2>jiyuuomo</c><3>tometetatakae!</c><1></c>,jiyuuomotometetatakae!
104.455,104.621,-1,0,<1></c><2>jiyuuomoto</c><3>metetatakae!</c><1></c>,jiyuuomotometetatakae!
104.621,104.788,-1,0,<1></c><2>jiyuuomotome</c><3>tetatakae!</c><1></c>,jiyuuomotometetatakae!
104.788,104.955,-1,0,<1></c><2>jiyuuomotomete</c><3>tatakae!</c><1></c>,jiyuuomotometetatakae!
104.955,105.122,-1,0,<1></c><2>jiyuuomotometeta</c><3>takae!</c><1></c>,jiyuuomotometetatakae!
105.122,105.289,-1,0,<1></c><2>jiyuuomotometetata</c><3>kae!</c><1></c>,jiyuuomotometetatakae!
105.289,105.622,-1,0,<1></c><2>jiyuuomotometetataka</c><3>e!</c><1></c>,jiyuuomotometetatakae!
105.622,105.956,-1,0,<1></c><2>jiyuuomotometetatakae!</c><1></c>,jiyuuomotometetatakae!
105.956,106.29,-1,0,<1></c><2>oh</c><3>oh</c><1></c>,ohoh
106.29,106.623,-1,0,<1></c><2>ohoh</c><1></c>,ohoh
106.623,106.957,-1,0,<1></c><2>pi</c><3>nkuiromatotta</c><1></c>,pinkuiromatotta
106.957,107.124,-1,0,<1></c><2>pin</c><3>kuiromatotta</c><1></c>,pinkuiromatotta
107.124,107.458,-1,0,<1></c><2>pinku</c><3>iromatotta</c><1></c>,pinkuiromatotta
107.458,107.624,-1,0,<1></c><2>pinkui</c><3>romatotta</c><1></c>,pinkuiromatotta
107.624,108.092,-1,0,<1></c><2>pinkuiro</c><3>matotta</c><1></c>,pinkuiromatotta
108.092,108.292,-1,0,<1></c><2>pinkuiroma</c><3>totta</c><1></c>,pinkuiromatotta
108.292,108.459,-1,0,<1></c><2>pinkuiromato</c><3>tta</c><1></c>,pinkuiromatotta
108.459,108.592,-1,0,<1></c><2>pinkuiromatot</c><3>ta</c><1></c>,pinkuiromatotta
108.592,109.293,-1,0,<1></c><2>pinkuiromatotta</c><1></c>,pinkuiromatotta
109.293,109.626,-1,0,<1></c><2>ki</c><3>zutsuitabishoujo</c><1></c>,kizutsuitabishoujo
109.626,109.827,-1,0,<1></c><2>kizu</c><3>tsuitabishoujo</c><1></c>,kizutsuitabishoujo
109.827,110.127,-1,0,<1></c><2>kizutsu</c><3>itabishoujo</c><1></c>,kizutsuitabishoujo
110.127,110.26,-1,0,<1></c><2>kizutsui</c><3>tabishoujo</c><1></c>,kizutsuitabishoujo
110.26,110.794,-1,0,<1></c><2>kizutsuita</c><3>bishoujo</c><1></c>,kizutsuitabishoujo
110.794,110.928,-1,0,<1></c><2>kizutsuitabi</c><3>shoujo</c><1></c>,kizutsuitabishoujo
110.928,111.128,-1,0,<1></c><2>kizutsuitabisho</c><3>ujo</c><1></c>,kizutsuitabishoujo
111.128,111.295,-1,0,<1></c><2>kizutsuitabishou</c><3>jo</c><1></c>,kizutsuitabishoujo
111.295,111.929,-1,0,<1></c><2>kizutsuitabishoujo</c><1></c>,kizutsuitabishoujo
111.929,112.262,-1,0,<1></c><2>sa</c><3>idainopinchi</c><1></c>,saidainopinchi
112.262,112.429,-1,0,<1></c><2>sai</c><3>dainopinchi</c><1></c>,saidainopinchi
112.429,112.763,-1,0,<1></c><2>saida</c><3>inopinchi</c><1></c>,saidainopinchi
112.763,112.896,-1,0,<1></c><2>saidai</c><3>nopinchi</c><1></c>,saidainopinchi
112.896,113.397,-1,0,<1></c><2>saidaino</c><3>pinchi</c><1></c>,saidainopinchi
113.397,113.564,-1,0,<1></c><2>saidainopi</c><3>nchi</c><1></c>,saidainopinchi
113.564,113.864,-1,0,<1></c><2>saidainopin</c><3>chi</c><1></c>,saidainopinchi
113.864,114.264,-1,0,<1></c><2>saidainopinchi</c><1></c>,saidainopinchi
114.264,114.431,63,0,<1></c><2>su</c><3>betenonegaigayudanerareta</c><1></c>,subetenonegaigayudanerareta
114.431,114.598,63,0,<1></c><2>sube</c><3>tenonegaigayudanerareta</c><1></c>,subetenonegaigayudanerareta
114.598,114.765,63,0,<1></c><2>subete</c><3>nonegaigayudanerareta</c><1></c>,subetenonegaigayudanerareta
114.765,114.932,63,0,<1></c><2>subeteno</c><3>negaigayudanerareta</c><1></c>,subetenonegaigayudanerareta
114.932,115.099,63,0,<1></c><2>subetenone</c><3>gaigayudanerareta</c><1></c>,subetenonegaigayudanerareta
115.099,115.265,63,0,<1></c><2>subetenonega</c><3>igayudanerareta</c><1></c>,subetenonegaigayudanerareta
115.265,115.432,63,0,<1></c><2>subetenonegai</c><3>gayudanerareta</c><1></c>,subetenonegaigayudanerareta
115.432,115.599,63,0,<1></c><2>subetenonegaiga</c><3>yudanerareta</c><1></c>,subetenonegaigayudanerareta
115.599,115.732,63,0,<1></c><2>subetenonegaigayu</c><3>danerareta</c><1></c>,subetenonegaigayudanerareta
115.732,115.899,63,0,<1></c><2>subetenonegaigayuda</c><3>nerareta</c><1></c>,subetenonegaigayudanerareta
115.899,116.166,63,0,<1></c><2>subetenonegaigayudane</c><3>rareta</c><1></c>,subetenonegaigayudanerareta
116.166,116.4,63,0,<1></c><2>subetenonegaigayudanera</c><3>reta</c><1></c>,subetenonegaigayudanerareta
116.4,116.6,63,0,<1></c><2>subetenonegaigayudanerare</c><3>ta</c><1></c>,subetenonegaigayudanerareta
116.6,116.9,63,0,<1></c><2>subetenonegaigayudanerareta</c><1></c>,subetenonegaigayudanerareta
116.9,117.868,-1,0,<1></c><2>oh</c><3>ohoh...</c><1></c>,ohohoh...
117.868,118.235,-1,0,<1></c><2>ohoh</c><3>oh...</c><1></c>,ohohoh...
118.235,119.503,-1,0,<1></c><2>ohohoh...</c><1></c>,ohohoh...
119.503,119.703,61,0,<1></c><2>tsu</c><3>raitokikosoegaoomisete</c><1></c>,tsuraitokikosoegaoomisete
119.703,119.903,61,0,<1></c><2>tsura</c><3>itokikosoegaoomisete</c><1></c>,tsuraitokikosoegaoomisete
119.903,120.07,61,0,<1></c><2>tsurai</c><3>tokikosoegaoomisete</c><1></c>,tsuraitokikosoegaoomisete
120.07,120.237,61,0,<1></c><2>tsuraito</c><3>kikosoegaoomisete</c><1></c>,tsuraitokikosoegaoomisete
120.237,120.37,61,0,<1></c><2>tsuraitoki</c><3>kosoegaoomisete</c><1></c>,tsuraitokikosoegaoomisete
120.37,120.571,61,0,<1></c><2>tsuraitokiko</c><3>soegaoomisete</c><1></c>,tsuraitokikosoegaoomisete
120.571,120.871,61,0,<1></c><2>tsuraitokikoso</c><3>egaoomisete</c><1></c>,tsuraitokikosoegaoomisete
120.871,121.038,61,0,<1></c><2>tsuraitokikosoe</c><3>gaoomisete</c><1></c>,tsuraitokikosoegaoomisete
121.038,121.205,61,0,<1></c><2>tsuraitokikosoega</c><3>oomisete</c><1></c>,tsuraitokikosoegaoomisete
121.205,121.371,61,0,<1></c><2>tsuraitokikosoegao</c><3>omisete</c><1></c>,tsuraitokikosoegaoomisete
121.371,121.538,61,0,<1></c><2>tsuraitokikosoegaoo</c><3>misete</c><1></c>,tsuraitokikosoegaoomisete
121.538,121.738,61,0,<1></c><2>tsuraitokikosoegaoomi</c><3>sete</c><1></c>,tsuraitokikosoegaoomisete
121.738,121.872,61,0,<1></c><2>tsuraitokikosoegaoomise</c><3>te</c><1></c>,tsuraitokikosoegaoomisete
121.872,122.206,61,0,<1></c><2>tsuraitokikosoegaoomisete</c><1></c>,tsuraitokikosoegaoomisete
122.206,123.173,-1,0,<1></c><2>oh</c><3>ohoh...</c><1></c>,ohohoh...
123.173,123.54,-1,0,<1></c><2>ohoh</c><3>oh...</c><1></c>,ohohoh...
123.54,124.842,-1,0,<1></c><2>ohohoh...</c><1></c>,ohohoh...
124.842,125.042,-1,0,<1></c><2>kyu</c><3>usonekookamimasu</c><1></c>,kyuusonekookamimasu
125.042,125.209,-1,0,<1></c><2>kyuu</c><3>sonekookamimasu</c><1></c>,kyuusonekookamimasu
125.209,126.176,-1,0,<1></c><2>kyuuso</c><3>nekookamimasu</c><1></c>,kyuusonekookamimasu
126.176,126.343,-1,0,<1></c><2>kyuusone</c><3>kookamimasu</c><1></c>,kyuusonekookamimasu
126.343,126.477,-1,0,<1></c><2>kyuusoneko</c><3>okamimasu</c><1></c>,kyuusonekookamimasu
126.477,126.677,-1,0,<1></c><2>kyuusonekoo</c><3>kamimasu</c><1></c>,kyuusonekookamimasu
126.677,126.844,-1,0,<1></c><2>kyuusonekooka</c><3>mimasu</c><1></c>,kyuusonekookamimasu
126.844,126.977,-1,0,<1></c><2>kyuusonekookami</c><3>masu</c><1></c>,kyuusonekookamimasu
126.977,127.144,-1,0,<1></c><2>kyuusonekookamima</c><3>su</c><1></c>,kyuusonekookamimasu
127.144,127.511,-1,0,<1></c><2>kyuusonekookamimasu</c><1></c>,kyuusonekookamimasu
127.511,128.479,-1,0,<1></c><2>oh</c><3>ohoh...</c><1></c>,ohohoh...
128.479,128.846,-1,0,<1></c><2>ohoh</c><3>oh...</c><1></c>,ohohoh...
128.846,130.147,-1,0,<1></c><2>ohohoh...</c><1></c>,ohohoh...
130.147,130.314,61,0,<1></c><2>ga</c><3>kkarisasenaihiroindakara</c><1></c>,gakkarisasenaihiroindakara
130.314,130.481,61,0,<1></c><2>gak</c><3>karisasenaihiroindakara</c><1></c>,gakkarisasenaihiroindakara
130.481,130.647,61,0,<1></c><2>gakka</c><3>risasenaihiroindakara</c><1></c>,gakkarisasenaihiroindakara
130.647,130.814,61,0,<1></c><2>gakkari</c><3>sasenaihiroindakara</c><1></c>,gakkarisasenaihiroindakara
130.814,130.981,61,0,<1></c><2>gakkarisa</c><3>senaihiroindakara</c><1></c>,gakkarisasenaihiroindakara
130.981,131.148,61,0,<1></c><2>gakkarisase</c><3>naihiroindakara</c><1></c>,gakkarisasenaihiroindakara
131.148,131.315,61,0,<1></c><2>gakkarisasena</c><3>ihiroindakara</c><1></c>,gakkarisasenaihiroindakara
131.315,131.482,61,0,<1></c><2>gakkarisasenai</c><3>hiroindakara</c><1></c>,gakkarisasenaihiroindakara
131.482,131.648,61,0,<1></c><2>gakkarisasenaihi</c><3>roindakara</c><1></c>,gakkarisasenaihiroindakara
131.648,131.815,61,0,<1></c><2>gakkarisasenaihiro</c><3>indakara</c><1></c>,gakkarisasenaihiroindakara
131.815,131.982,61,0,<1></c><2>gakkarisasenaihiroi</c><3>ndakara</c><1></c>,gakkarisasenaihiroindakara
131.982,132.149,61,0,<1></c><2>gakkarisasenaihiroin</c><3>dakara</c><1></c>,gakkarisasenaihiroindakara
132.149,132.316,61,0,<1></c><2>gakkarisasenaihiroinda</c><3>kara</c><1></c>,gakkarisasenaihiroindakara
132.316,132.483,61,0,<1></c><2>gakkarisasenaihiroindaka</c><3>ra</c><1></c>,gakkarisasenaihiroindakara
132.483,132.816,61,0,<1></c><2>gakkarisasenaihiroindakara</c><1></c>,gakkarisasenaihiroindakara
132.816,132.983,70,0,<1></c><2>ni</c><3>dotowarusasasenaitsukamaeta...</c><1></c>,nidotowarusasasenaitsukamaeta...
132.983,133.15,70,0,<1></c><2>nido</c><3>towarusasasenaitsukamaeta...</c><1></c>,nidotowarusasasenaitsukamaeta...
133.15,133.317,70,0,<1></c><2>nidoto</c><3>warusasasenaitsukamaeta...</c><1></c>,nidotowarusasasenaitsukamaeta...
133.317,133.484,70,0,<1></c><2>nidotowa</c><3>rusasasenaitsukamaeta...</c><1></c>,nidotowarusasasenaitsukamaeta...
133.484,133.65,70,0,<1></c><2>nidotowaru</c><3>sasasenaitsukamaeta...</c><1></c>,nidotowarusasasenaitsukamaeta...
133.65,133.817,70,0,<1></c><2>nidotowarusa</c><3>sasenaitsukamaeta...</c><1></c>,nidotowarusasasenaitsukamaeta...
133.817,133.984,70,0,<1></c><2>nidotowarusasa</c><3>senaitsukamaeta...</c><1></c>,nidotowarusasasenaitsukamaeta...
133.984,134.151,70,0,<1></c><2>nidotowarusasase</c><3>naitsukamaeta...</c><1></c>,nidotowarusasasenaitsukamaeta...
134.151,134.318,70,0,<1></c><2>nidotowarusasasena</c><3>itsukamaeta...</c><1></c>,nidotowarusasasenaitsukamaeta...
134.318,134.451,70,0,<1></c><2>nidotowarusasasenai</c><3>tsukamaeta...</c><1></c>,nidotowarusasasenaitsukamaeta...
134.451,134.785,70,0,<1></c><2>nidotowarusasasenaitsu</c><3>kamaeta...</c><1></c>,nidotowarusasasenaitsukamaeta...
134.785,135.119,70,0,<1></c><2>nidotowarusasasenaitsuka</c><3>maeta...</c><1></c>,nidotowarusasasenaitsukamaeta...
135.119,135.452,70,0,<1></c><2>nidotowarusasasenaitsukama</c><3>eta...</c><1></c>,nidotowarusasasenaitsukamaeta...
135.452,135.786,70,0,<1></c><2>nidotowarusasasenaitsukamae</c><3>ta...</c><1></c>,nidotowarusasasenaitsukamaeta...
135.786,137.087,70,0,<1></c><2>nidotowarusasasenaitsukamaeta...</c><1></c>,nidotowarusasasenaitsukamaeta...
137.087,137.221,-1,0,<1></c><2>o</c><3>shimaiyo</c><1></c>,oshimaiyo
137.221,137.354,-1,0,<1></c><2>oshi</c><3>maiyo</c><1></c>,oshimaiyo
137.354,137.454,-1,0,<1></c><2>oshima</c><3>iyo</c><1></c>,oshimaiyo
137.454,137.554,-1,0,<1></c><2>oshimai</c><3>yo</c><1></c>,oshimaiyo
137.554,137.788,-1,0,<1></c><2>oshimaiyo</c><1></c>,oshimaiyo
138.455,138.755,-1,0,<1></c><2>do</c><3>hadenine</c><1></c>,dohadenine
138.755,139.123,-1,0,<1></c><2>doha</c><3>denine</c><1></c>,dohadenine
139.123,139.456,-1,0,<1></c><2>dohade</c><3>nine</c><1></c>,dohadenine
139.456,139.59,-1,0,<1></c><2>dohadeni</c><3>ne</c><1></c>,dohadenine
139.59,141.091,-1,0,<1></c><2>dohadenine</c><1></c>,dohadenine
139.957,140.124,-1,7,<1></c><2>(mo</c><3>tto</c><2>☆</c><3>motto)</c><1></c>,(motto☆motto)
140.124,140.29,-1,7,<1></c><2>(mot</c><3>to</c><2>☆</c><3>motto)</c><1></c>,(motto☆motto)
140.29,140.457,-1,7,<1></c><2>(motto☆</c><3>motto)</c><1></c>,(motto☆motto)
140.457,140.624,-1,7,<1></c><2>(motto☆mo</c><3>tto)</c><1></c>,(motto☆motto)
140.624,140.791,-1,7,<1></c><2>(motto☆mot</c><3>to)</c><1></c>,(motto☆motto)
140.791,141.091,-1,7,<1></c><2>(motto☆motto)</c><1></c>,(motto☆motto)
141.091,141.425,-1,0,<1></c><2>ka</c><3>waikune</c><1></c>,kawaikune
141.425,141.758,-1,0,<1></c><2>kawa</c><3>ikune</c><1></c>,kawaikune
141.758,142.092,-1,0,<1></c><2>kawai</c><3>kune</c><1></c>,kawaikune
142.092,142.259,-1,0,<1></c><2>kawaiku</c><3>ne</c><1></c>,kawaikune
142.259,143.727,-1,0,<1></c><2>kawaikune</c><1></c>,kawaikune
142.559,142.726,-1,7,<1></c><2>(mo</c><3>tto</c><2>☆</c><3>motto)</c><1></c>,(motto☆motto)
142.726,142.893,-1,7,<1></c><2>(mot</c><3>to</c><2>☆</c><3>motto)</c><1></c>,(motto☆motto)
142.893,143.093,-1,7,<1></c><2>(motto☆</c><3>motto)</c><1></c>,(motto☆motto)
143.093,143.26,-1,7,<1></c><2>(motto☆mo</c><3>tto)</c><1></c>,(motto☆motto)
143.26,143.427,-1,7,<1></c><2>(motto☆mot</c><3>to)</c><1></c>,(motto☆motto)
143.427,143.727,-1,7,<1></c><2>(motto☆motto)</c><1></c>,(motto☆motto)
143.727,143.894,56,0,<1></c><2>ze</c><3>njinruiuchiagerohanabi</c><1></c>,zenjinruiuchiagerohanabi
143.894,144.061,56,0,<1></c><2>zen</c><3>jinruiuchiagerohanabi</c><1></c>,zenjinruiuchiagerohanabi
144.061,144.228,56,0,<1></c><2>zenji</c><3>nruiuchiagerohanabi</c><1></c>,zenjinruiuchiagerohanabi
144.228,144.394,56,0,<1></c><2>zenjin</c><3>ruiuchiagerohanabi</c><1></c>,zenjinruiuchiagerohanabi
144.394,144.595,56,0,<1></c><2>zenjinru</c><3>iuchiagerohanabi</c><1></c>,zenjinruiuchiagerohanabi
144.595,144.895,56,0,<1></c><2>zenjinrui</c><3>uchiagerohanabi</c><1></c>,zenjinruiuchiagerohanabi
144.895,145.262,56,0,<1></c><2>zenjinruiu</c><3>chiagerohanabi</c><1></c>,zenjinruiuchiagerohanabi
145.262,145.362,56,0,<1></c><2>zenjinruiuchi</c><3>agerohanabi</c><1></c>,zenjinruiuchiagerohanabi
145.362,145.562,56,0,<1></c><2>zenjinruiuchia</c><3>gerohanabi</c><1></c>,zenjinruiuchiagerohanabi
145.562,145.729,56,0,<1></c><2>zenjinruiuchiage</c><3>rohanabi</c><1></c>,zenjinruiuchiagerohanabi
145.729,145.896,56,0,<1></c><2>zenjinruiuchiagero</c><3>hanabi</c><1></c>,zenjinruiuchiagerohanabi
145.896,146.23,56,0,<1></c><2>zenjinruiuchiageroha</c><3>nabi</c><1></c>,zenjinruiuchiagerohanabi
146.23,146.396,56,0,<1></c><2>zenjinruiuchiagerohana</c><3>bi</c><1></c>,zenjinruiuchiagerohanabi
146.396,147.564,56,0,<1></c><2>zenjinruiuchiagerohanabi</c><1></c>,zenjinruiuchiagerohanabi
147.564,147.898,-1,0,<1></c><2>oh</c><3>ohohoh</c><1></c>,ohohohoh
147.898,148.232,-1,0,<1></c><2>ohoh</c><3>ohoh</c><1></c>,ohohohoh
148.232,148.565,-1,0,<1></c><2>ohohoh</c><3>oh</c><1></c>,ohohohoh
148.565,149.032,-1,0,<1></c><2>ohohohoh</c><1></c>,ohohohoh
149.032,149.366,-1,0,<1></c><2>mi</c><3>kowinku</c><1></c>,mikowinku
149.366,149.7,-1,0,<1></c><2>miko</c><3>winku</c><1></c>,mikowinku
149.7,150.033,-1,0,<1></c><2>mikowi</c><3>nku</c><1></c>,mikowinku
150.033,150.2,-1,0,<1></c><2>mikowin</c><3>ku</c><1></c>,mikowinku
150.2,151.702,-1,0,<1></c><2>mikowinku</c><1></c>,mikowinku
150.534,150.701,-1,7,<1></c><2>(mo</c><3>tto</c><2>☆</c><3>motto)</c><1></c>,(motto☆motto)
150.701,150.868,-1,7,<1></c><2>(mot</c><3>to</c><2>☆</c><3>motto)</c><1></c>,(motto☆motto)
150.868,151.034,-1,7,<1></c><2>(motto☆</c><3>motto)</c><1></c>,(motto☆motto)
151.034,151.201,-1,7,<1></c><2>(motto☆mo</c><3>tto)</c><1></c>,(motto☆motto)
151.201,151.368,-1,7,<1></c><2>(motto☆mot</c><3>to)</c><1></c>,(motto☆motto)
151.368,151.702,-1,7,<1></c><2>(motto☆motto)</c><1></c>,(motto☆motto)
151.702,152.035,-1,0,<1></c><2>a</c><3>ishitene</c><1></c>,aishitene
152.035,152.369,-1,0,<1></c><2>ai</c><3>shitene</c><1></c>,aishitene
152.369,152.703,-1,0,<1></c><2>aishi</c><3>tene</c><1></c>,aishitene
152.703,152.87,-1,0,<1></c><2>aishite</c><3>ne</c><1></c>,aishitene
152.87,154.338,-1,0,<1></c><2>aishitene</c><1></c>,aishitene
153.203,153.37,-1,7,<1></c><2>(mo</c><3>tto</c><2>☆</c><3>motto)</c><1></c>,(motto☆motto)
153.37,153.537,-1,7,<1></c><2>(mot</c><3>to</c><2>☆</c><3>motto)</c><1></c>,(motto☆motto)
153.537,153.704,-1,7,<1></c><2>(motto☆</c><3>motto)</c><1></c>,(motto☆motto)
153.704,153.871,-1,7,<1></c><2>(motto☆mo</c><3>tto)</c><1></c>,(motto☆motto)
153.871,154.037,-1,7,<1></c><2>(motto☆mot</c><3>to)</c><1></c>,(motto☆motto)
154.037,154.338,-1,7,<1></c><2>(motto☆motto)</c><1></c>,(motto☆motto)
154.338,154.505,-1,0,<1></c><2>sa</c><3>ikyoudayoikkitousen</c><1></c>,saikyoudayoikkitousen
154.505,154.671,-1,0,<1></c><2>sai</c><3>kyoudayoikkitousen</c><1></c>,saikyoudayoikkitousen
154.671,154.838,-1,0,<1></c><2>saikyo</c><3>udayoikkitousen</c><1></c>,saikyoudayoikkitousen
154.838,155.005,-1,0,<1></c><2>saikyou</c><3>dayoikkitousen</c><1></c>,saikyoudayoikkitousen
155.005,155.205,-1,0,<1></c><2>saikyouda</c><3>yoikkitousen</c><1></c>,saikyoudayoikkitousen
155.205,155.506,-1,0,<1></c><2>saikyoudayo</c><3>ikkitousen</c><1></c>,saikyoudayoikkitousen
155.506,155.672,-1,0,<1></c><2>saikyoudayoi</c><3>kkitousen</c><1></c>,saikyoudayoikkitousen
155.672,155.839,-1,0,<1></c><2>saikyoudayoik</c><3>kitousen</c><1></c>,saikyoudayoikkitousen
155.839,156.006,-1,0,<1></c><2>saikyoudayoikki</c><3>tousen</c><1></c>,saikyoudayoikkitousen
156.006,156.206,-1,0,<1></c><2>saikyoudayoikkito</c><3>usen</c><1></c>,saikyoudayoikkitousen
156.206,156.34,-1,0,<1></c><2>saikyoudayoikkitou</c><3>sen</c><1></c>,saikyoudayoikkitousen
156.34,156.507,-1,0,<1></c><2>saikyoudayoikkitouse</c><3>n</c><1></c>,saikyoudayoikkitousen
156.507,156.84,-1,0,<1></c><2>saikyoudayoikkitousen</c><1></c>,saikyoudayoikkitousen
156.84,157.174,-1,0,<1></c><2>ka</c><3>ifukumirukutii</c><1></c>,kaifukumirukutii
157.174,157.508,-1,0,<1></c><2>kai</c><3>fukumirukutii</c><1></c>,kaifukumirukutii
157.508,157.841,-1,0,<1></c><2>kaifu</c><3>kumirukutii</c><1></c>,kaifukumirukutii
157.841,158.142,-1,0,<1></c><2>kaifuku</c><3>mirukutii</c><1></c>,kaifukumirukutii
158.142,158.509,-1,0,<1></c><2>kaifukumi</c><3>rukutii</c><1></c>,kaifukumirukutii
158.509,158.842,-1,0,<1></c><2>kaifukumiru</c><3>kutii</c><1></c>,kaifukumirukutii
158.842,159.176,-1,0,<1></c><2>kaifukumiruku</c><3>tii</c><1></c>,kaifukumirukutii
159.176,159.51,-1,0,<1></c><2>kaifukumirukuti</c><3>i</c><1></c>,kaifukumirukutii
159.51,162.312,-1,0,<1></c><2>kaifukumirukutii</c><1></c>,kaifukumirukutii
164.615,165.315,-1,0,<1></c><2>yeah</c><1></c>,yeah
170.287,170.621,-1,0,<1></c><2>hi</c><3>karinouraniwa</c><1></c>,hikarinouraniwa
170.621,170.787,-1,0,<1></c><2>hika</c><3>rinouraniwa</c><1></c>,hikarinouraniwa
170.787,171.121,-1,0,<1></c><2>hikari</c><3>nouraniwa</c><1></c>,hikarinouraniwa
171.121,171.588,-1,0,<1></c><2>hikarino</c><3>uraniwa</c><1></c>,hikarinouraniwa
171.588,171.755,-1,0,<1></c><2>hikarinou</c><3>raniwa</c><1></c>,hikarinouraniwa
171.755,171.922,-1,0,<1></c><2>hikarinoura</c><3>niwa</c><1></c>,hikarinouraniwa
171.922,172.122,-1,0,<1></c><2>hikarinourani</c><3>wa</c><1></c>,hikarinouraniwa
172.122,172.923,-1,0,<1></c><2>hikarinouraniwa</c><1></c>,hikarinouraniwa
172.923,173.257,-1,0,<1></c><2>ka</c><3>gegaumareru</c><1></c>,kagegaumareru
173.257,173.423,-1,0,<1></c><2>kage</c><3>gaumareru</c><1></c>,kagegaumareru
173.423,174.091,-1,0,<1></c><2>kagega</c><3>umareru</c><1></c>,kagegaumareru
174.091,174.258,-1,0,<1></c><2>kagegau</c><3>mareru</c><1></c>,kagegaumareru
174.258,174.424,-1,0,<1></c><2>kagegauma</c><3>reru</c><1></c>,kagegaumareru
174.424,174.591,-1,0,<1></c><2>kagegaumare</c><3>ru</c><1></c>,kagegaumareru
174.591,175.559,-1,0,<1></c><2>kagegaumareru</c><1></c>,kagegaumareru
175.559,175.893,-1,0,<1></c><2>kyu</c><3>usokunaibishoujo</c><1></c>,kyuusokunaibishoujo
175.893,176.093,-1,0,<1></c><2>kyuu</c><3>sokunaibishoujo</c><1></c>,kyuusokunaibishoujo
176.093,176.393,-1,0,<1></c><2>kyuuso</c><3>kunaibishoujo</c><1></c>,kyuusokunaibishoujo
176.393,176.56,-1,0,<1></c><2>kyuusoku</c><3>naibishoujo</c><1></c>,kyuusokunaibishoujo
176.56,176.693,-1,0,<1></c><2>kyuusokuna</c><3>ibishoujo</c><1></c>,kyuusokunaibishoujo
176.693,177.06,-1,0,<1></c><2>kyuusokunai</c><3>bishoujo</c><1></c>,kyuusokunaibishoujo
177.06,177.227,-1,0,<1></c><2>kyuusokunaibi</c><3>shoujo</c><1></c>,kyuusokunaibishoujo
177.227,177.394,-1,0,<1></c><2>kyuusokunaibisho</c><3>ujo</c><1></c>,kyuusokunaibishoujo
177.394,177.561,-1,0,<1></c><2>kyuusokunaibishou</c><3>jo</c><1></c>,kyuusokunaibishoujo
177.561,177.895,-1,0,<1></c><2>kyuusokunaibishoujo</c><1></c>,kyuusokunaibishoujo
177.895,178.061,-1,0,<1></c><2>ma</c><3>takikoerukikoeru</c><1></c>,matakikoerukikoeru
178.061,178.228,-1,0,<1></c><2>mata</c><3>kikoerukikoeru</c><1></c>,matakikoerukikoeru
178.228,178.395,-1,0,<1></c><2>mataki</c><3>koerukikoeru</c><1></c>,matakikoerukikoeru
178.395,178.729,-1,0,<1></c><2>matakiko</c><3>erukikoeru</c><1></c>,matakikoerukikoeru
178.729,179.062,-1,0,<1></c><2>matakikoe</c><3>rukikoeru</c><1></c>,matakikoerukikoeru
179.062,179.363,-1,0,<1></c><2>matakikoeru</c><3>kikoeru</c><1></c>,matakikoerukikoeru
179.363,179.696,-1,0,<1></c><2>matakikoeruki</c><3>koeru</c><1></c>,matakikoerukikoeru
179.696,180.03,-1,0,<1></c><2>matakikoerukiko</c><3>eru</c><1></c>,matakikoerukikoeru
180.03,180.397,-1,0,<1></c><2>matakikoerukikoe</c><3>ru</c><1></c>,matakikoerukikoeru
180.397,180.731,-1,0,<1></c><2>matakikoerukikoeru</c><1></c>,matakikoerukikoeru
180.731,181.064,-1,0,<1></c><2>i</c><3>noriga</c><1></c>,inoriga
181.064,181.398,-1,0,<1></c><2>ino</c><3>riga</c><1></c>,inoriga
181.398,181.698,-1,0,<1></c><2>inori</c><3>ga</c><1></c>,inoriga
181.698,182.199,-1,0,<1></c><2>inoriga</c><1></c>,inoriga
183.534,183.901,-1,0,<1></c><2>ha</c><3>atoute</c><1></c>,haatoute
183.901,184.201,-1,0,<1></c><2>haa</c><3>toute</c><1></c>,haatoute
184.201,184.501,-1,0,<1></c><2>haato</c><3>ute</c><1></c>,haatoute
184.501,184.701,-1,0,<1></c><2>haatou</c><3>te</c><1></c>,haatoute
184.701,186.17,-1,0,<1></c><2>haatoute</c><1></c>,haatoute
185.002,185.169,-1,7,<1></c><2>(mo</c><3>tto</c><2>☆</c><3>motto)</c><1></c>,(motto☆motto)
185.169,185.335,-1,7,<1></c><2>(mot</c><3>to</c><2>☆</c><3>motto)</c><1></c>,(motto☆motto)
185.335,185.536,-1,7,<1></c><2>(motto☆</c><3>motto)</c><1></c>,(motto☆motto)
185.536,185.702,-1,7,<1></c><2>(motto☆mo</c><3>tto)</c><1></c>,(motto☆motto)
185.702,185.836,-1,7,<1></c><2>(motto☆mot</c><3>to)</c><1></c>,(motto☆motto)
185.836,186.17,-1,7,<1></c><2>(motto☆motto)</c><1></c>,(motto☆motto)
186.17,186.503,-1,0,<1></c><2>ne</c><3>raiute</c><1></c>,neraiute
186.503,186.837,-1,0,<1></c><2>nera</c><3>iute</c><1></c>,neraiute
186.837,187.171,-1,0,<1></c><2>nerai</c><3>ute</c><1></c>,neraiute
187.171,187.337,-1,0,<1></c><2>neraiu</c><3>te</c><1></c>,neraiute
187.337,188.805,-1,0,<1></c><2>neraiute</c><1></c>,neraiute
187.671,187.838,-1,7,<1></c><2>(mo</c><3>tto</c><2>☆</c><3>motto)</c><1></c>,(motto☆motto)
187.838,188.005,-1,7,<1></c><2>(mot</c><3>to</c><2>☆</c><3>motto)</c><1></c>,(motto☆motto)
188.005,188.172,-1,7,<1></c><2>(motto☆</c><3>motto)</c><1></c>,(motto☆motto)
188.172,188.338,-1,7,<1></c><2>(motto☆mo</c><3>tto)</c><1></c>,(motto☆motto)
188.338,188.472,-1,7,<1></c><2>(motto☆mot</c><3>to)</c><1></c>,(motto☆motto)
188.472,188.805,-1,7,<1></c><2>(motto☆motto)</c><1></c>,(motto☆motto)
188.805,188.972,-1,0,<1></c><2>bu</c><3>chikamasouaioutaouze</c><1></c>,buchikamasouaioutaouze
188.972,189.139,-1,0,<1></c><2>buchi</c><3>kamasouaioutaouze</c><1></c>,buchikamasouaioutaouze
189.139,189.306,-1,0,<1></c><2>buchika</c><3>masouaioutaouze</c><1></c>,buchikamasouaioutaouze
189.306,189.473,-1,0,<1></c><2>buchikama</c><3>souaioutaouze</c><1></c>,buchikamasouaioutaouze
189.473,189.64,-1,0,<1></c><2>buchikamaso</c><3>uaioutaouze</c><1></c>,buchikamasouaioutaouze
189.64,189.973,-1,0,<1></c><2>buchikamasou</c><3>aioutaouze</c><1></c>,buchikamasouaioutaouze
189.973,190.307,-1,0,<1></c><2>buchikamasoua</c><3>ioutaouze</c><1></c>,buchikamasouaioutaouze
190.307,190.44,-1,0,<1></c><2>buchikamasouai</c><3>outaouze</c><1></c>,buchikamasouaioutaouze
190.44,190.641,-1,0,<1></c><2>buchikamasouaio</c><3>utaouze</c><1></c>,buchikamasouaioutaouze
190.641,190.807,-1,0,<1></c><2>buchikamasouaiou</c><3>taouze</c><1></c>,buchikamasouaioutaouze
190.807,190.974,-1,0,<1></c><2>buchikamasouaiouta</c><3>ouze</c><1></c>,buchikamasouaioutaouze
190.974,191.308,-1,0,<1></c><2>buchikamasouaioutao</c><3>uze</c><1></c>,buchikamasouaioutaouze
191.308,191.475,-1,0,<1></c><2>buchikamasouaioutaou</c><3>ze</c><1></c>,buchikamasouaioutaouze
191.475,192.643,-1,0,<1></c><2>buchikamasouaioutaouze</c><1></c>,buchikamasouaioutaouze
192.643,192.976,-1,0,<1></c><2>oh</c><3>ohohoh</c><1></c>,ohohohoh
192.976,193.31,-1,0,<1></c><2>ohoh</c><3>ohoh</c><1></c>,ohohohoh
193.31,193.61,-1,0,<1></c><2>ohohoh</c><3>oh</c><1></c>,ohohohoh
193.61,194.111,-1,0,<1></c><2>ohohohoh</c><1></c>,ohohohoh
194.111,194.444,-1,0,<1></c><2>mi</c><3>kobiimu</c><1></c>,mikobiimu
194.444,194.778,-1,0,<1></c><2>miko</c><3>biimu</c><1></c>,mikobiimu
194.778,195.112,-1,0,<1></c><2>mikobi</c><3>imu</c><1></c>,mikobiimu
195.112,195.279,-1,0,<1></c><2>mikobii</c><3>mu</c><1></c>,mikobiimu
195.279,196.78,-1,0,<1></c><2>mikobiimu</c><1></c>,mikobiimu
195.646,195.812,-1,7,<1></c><2>(mo</c><3>tto</c><2>☆</c><3>motto)</c><1></c>,(motto☆motto)
195.812,195.979,-1,7,<1></c><2>(mot</c><3>to</c><2>☆</c><3>motto)</c><1></c>,(motto☆motto)
195.979,196.146,-1,7,<1></c><2>(motto☆</c><3>motto)</c><1></c>,(motto☆motto)
196.146,196.313,-1,7,<1></c><2>(motto☆mo</c><3>tto)</c><1></c>,(motto☆motto)
196.313,196.48,-1,7,<1></c><2>(motto☆mot</c><3>to)</c><1></c>,(motto☆motto)
196.48,196.78,-1,7,<1></c><2>(motto☆motto)</c><1></c>,(motto☆motto)
196.78,197.114,-1,0,<1></c><2>mi</c><3>dareuchi</c><1></c>,midareuchi
197.114,197.447,-1,0,<1></c><2>mida</c><3>reuchi</c><1></c>,midareuchi
197.447,197.781,-1,0,<1></c><2>midare</c><3>uchi</c><1></c>,midareuchi
197.781,197.915,-1,0,<1></c><2>midareu</c><3>chi</c><1></c>,midareuchi
197.915,199.416,-1,0,<1></c><2>midareuchi</c><1></c>,midareuchi
198.282,198.448,-1,7,<1></c><2>(mo</c><3>tto</c><2>☆</c><3>motto)</c><1></c>,(motto☆motto)
198.448,198.649,-1,7,<1></c><2>(mot</c><3>to</c><2>☆</c><3>motto)</c><1></c>,(motto☆motto)
198.649,198.782,-1,7,<1></c><2>(motto☆</c><3>motto)</c><1></c>,(motto☆motto)
198.782,198.949,-1,7,<1></c><2>(motto☆mo</c><3>tto)</c><1></c>,(motto☆motto)
198.949,199.116,-1,7,<1></c><2>(motto☆mot</c><3>to)</c><1></c>,(motto☆motto)
199.116,199.416,-1,7,<1></c><2>(motto☆motto)</c><1></c>,(motto☆motto)
199.416,199.583,59,0,<1></c><2>su</c><3>temikakugoyosokuwafunou</c><1></c>,sutemikakugoyosokuwafunou
199.583,199.75,59,0,<1></c><2>sute</c><3>mikakugoyosokuwafunou</c><1></c>,sutemikakugoyosokuwafunou
199.75,199.917,59,0,<1></c><2>sutemi</c><3>kakugoyosokuwafunou</c><1></c>,sutemikakugoyosokuwafunou
199.917,200.083,59,0,<1></c><2>sutemika</c><3>kugoyosokuwafunou</c><1></c>,sutemikakugoyosokuwafunou
200.083,200.284,59,0,<1></c><2>sutemikaku</c><3>goyosokuwafunou</c><1></c>,sutemikakugoyosokuwafunou
200.284,200.584,59,0,<1></c><2>sutemikakugo</c><3>yosokuwafunou</c><1></c>,sutemikakugoyosokuwafunou
200.584,200.918,59,0,<1></c><2>sutemikakugoyo</c><3>sokuwafunou</c><1></c>,sutemikakugoyosokuwafunou
200.918,201.084,59,0,<1></c><2>sutemikakugoyoso</c><3>kuwafunou</c><1></c>,sutemikakugoyosokuwafunou
201.084,201.251,59,0,<1></c><2>sutemikakugoyosoku</c><3>wafunou</c><1></c>,sutemikakugoyosokuwafunou
201.251,201.418,59,0,<1></c><2>sutemikakugoyosokuwa</c><3>funou</c><1></c>,sutemikakugoyosokuwafunou
201.418,201.585,59,0,<1></c><2>sutemikakugoyosokuwafu</c><3>nou</c><1></c>,sutemikakugoyosokuwafunou
201.585,201.752,59,0,<1></c><2>sutemikakugoyosokuwafuno</c><3>u</c><1></c>,sutemikakugoyosokuwafunou
201.752,201.919,59,0,<1></c><2>sutemikakugoyosokuwafunou</c><1></c>,sutemikakugoyosokuwafunou
201.919,202.252,-1,0,<1></c><2>sho</c><3>urinoichigoore</c><1></c>,shourinoichigoore
202.252,202.586,-1,0,<1></c><2>shou</c><3>rinoichigoore</c><1></c>,shourinoichigoore
202.586,202.92,-1,0,<1></c><2>shouri</c><3>noichigoore</c><1></c>,shourinoichigoore
202.92,203.253,-1,0,<1></c><2>shourino</c><3>ichigoore</c><1></c>,shourinoichigoore
203.253,203.554,-1,0,<1></c><2>shourinoi</c><3>chigoore</c><1></c>,shourinoichigoore
203.554,203.921,-1,0,<1></c><2>shourinoichi</c><3>goore</c><1></c>,shourinoichigoore
203.921,204.221,-1,0,<1></c><2>shourinoichigo</c><3>ore</c><1></c>,shourinoichigoore
204.221,204.721,-1,0,<1></c><2>shourinoichigoo</c><3>re</c><1></c>,shourinoichigoore
204.721,207.491,-1,0,<1></c><2>shourinoichigoore</c><1></c>,shourinoichigoore
209.726,212.696,-1,0,<1></c><2>ah</c><1></c>,ah
