start,end,position,line,text,unformatted
1.485,6.423,-1,0,<3></c><10>magicalgirlholowitches</c><3></c><10>hajimarinomahou-charm-</c><3></c>,magicalgirlholowitcheshajimarinomahou-charm-
9.226,9.36,-1,0,<3></c><1>ki</c><10>minimahouokakeruyo</c><3></c>,kiminimahouokakeruyo
9.36,9.693,-1,0,<3></c><1>kimi</c><10>nimahouokakeruyo</c><3></c>,kiminimahouokakeruyo
9.693,10.427,-1,0,<3></c><1>kimini</c><10>mahouokakeruyo</c><3></c>,kiminimahouokakeruyo
10.427,10.594,-1,0,<3></c><1>kiminima</c><10>houokakeruyo</c><3></c>,kiminimahouokakeruyo
10.594,10.728,-1,0,<3></c><1>kiminimaho</c><10>uokakeruyo</c><3></c>,kiminimahouokakeruyo
10.728,10.894,-1,0,<3></c><1>kiminimahou</c><10>okakeruyo</c><3></c>,kiminimahouokakeruyo
10.894,11.495,-1,0,<3></c><1>kiminimahouo</c><10>kakeruyo</c><3></c>,kiminimahouokakeruyo
11.495,11.662,-1,0,<3></c><1>kiminimahouoka</c><10>keruyo</c><3></c>,kiminimahouokakeruyo
11.662,11.829,-1,0,<3></c><1>kiminimahouokake</c><10>ruyo</c><3></c>,kiminimahouokakeruyo
11.829,12.129,-1,0,<3></c><1>kiminimahouokakeru</c><10>yo</c><3></c>,kiminimahouokakeruyo
12.129,12.863,-1,0,<3></c><1>kiminimahouokakeruyo</c><3></c>,kiminimahouokakeruyo
12.863,13.163,63,0,<3></c><1>we</c><10>castaspellonyourdream!!</c><3></c>,wecastaspellonyourdream!!
13.163,13.33,63,0,<3></c><1>wecast</c><10>aspellonyourdream!!</c><3></c>,wecastaspellonyourdream!!
13.33,13.464,63,0,<3></c><1>wecasta</c><10>spellonyourdream!!</c><3></c>,wecastaspellonyourdream!!
13.464,13.931,63,0,<3></c><1>wecastaspell</c><10>onyourdream!!</c><3></c>,wecastaspellonyourdream!!
13.931,14.231,63,0,<3></c><1>wecastaspellon</c><10>yourdream!!</c><3></c>,wecastaspellonyourdream!!
14.231,14.698,63,0,<3></c><1>wecastaspellonyour</c><10>dream!!</c><3></c>,wecastaspellonyourdream!!
14.698,17.167,63,0,<3></c><1>wecastaspellonyourdream!!</c><3></c>,wecastaspellonyourdream!!
23.974,24.141,70,0,<3></c><2>ha</c><10>jimariotsugerushoudougahibiku</c><3></c>,hajimariotsugerushoudougahibiku
24.141,24.408,70,0,<3></c><2>haji</c><10>mariotsugerushoudougahibiku</c><3></c>,hajimariotsugerushoudougahibiku
24.408,24.675,70,0,<3></c><2>hajima</c><10>riotsugerushoudougahibiku</c><3></c>,hajimariotsugerushoudougahibiku
24.675,24.842,70,0,<3></c><2>hajimari</c><10>otsugerushoudougahibiku</c><3></c>,hajimariotsugerushoudougahibiku
24.842,25.109,70,0,<3></c><2>hajimario</c><10>tsugerushoudougahibiku</c><3></c>,hajimariotsugerushoudougahibiku
25.109,25.309,70,0,<3></c><2>hajimariotsu</c><10>gerushoudougahibiku</c><3></c>,hajimariotsugerushoudougahibiku
25.309,25.642,70,0,<3></c><2>hajimariotsuge</c><10>rushoudougahibiku</c><3></c>,hajimariotsugerushoudougahibiku
25.642,26.377,70,0,<3></c><2>hajimariotsugeru</c><10>shoudougahibiku</c><3></c>,hajimariotsugerushoudougahibiku
26.377,26.543,70,0,<3></c><2>hajimariotsugerusho</c><10>udougahibiku</c><3></c>,hajimariotsugerushoudougahibiku
26.543,26.844,70,0,<3></c><2>hajimariotsugerushou</c><10>dougahibiku</c><3></c>,hajimariotsugerushoudougahibiku
26.844,27.111,70,0,<3></c><2>hajimariotsugerushoudo</c><10>ugahibiku</c><3></c>,hajimariotsugerushoudougahibiku
27.111,27.277,70,0,<3></c><2>hajimariotsugerushoudou</c><10>gahibiku</c><3></c>,hajimariotsugerushoudougahibiku
27.277,27.611,70,0,<3></c><2>hajimariotsugerushoudouga</c><10>hibiku</c><3></c>,hajimariotsugerushoudougahibiku
27.611,27.745,70,0,<3></c><2>hajimariotsugerushoudougahi</c><10>biku</c><3></c>,hajimariotsugerushoudougahibiku
27.745,28.078,70,0,<3></c><2>hajimariotsugerushoudougahibi</c><10>ku</c><3></c>,hajimariotsugerushoudougahibiku
28.078,28.779,70,0,<3></c><2>hajimariotsugerushoudougahibiku</c><3></c>,hajimariotsugerushoudougahibiku
28.779,28.946,83,0,<3></c><9>ki</c><10>zuitatokigaitsudattesutaatorainnanda</c><3></c>,kizuitatokigaitsudattesutaatorainnanda
28.946,29.079,83,0,<3></c><9>kizu</c><10>itatokigaitsudattesutaatorainnanda</c><3></c>,kizuitatokigaitsudattesutaatorainnanda
29.079,29.246,83,0,<3></c><9>kizui</c><10>tatokigaitsudattesutaatorainnanda</c><3></c>,kizuitatokigaitsudattesutaatorainnanda
29.246,29.847,83,0,<3></c><9>kizuita</c><10>tokigaitsudattesutaatorainnanda</c><3></c>,kizuitatokigaitsudattesutaatorainnanda
29.847,30.014,83,0,<3></c><9>kizuitato</c><10>kigaitsudattesutaatorainnanda</c><3></c>,kizuitatokigaitsudattesutaatorainnanda
30.014,30.147,83,0,<3></c><9>kizuitatoki</c><10>gaitsudattesutaatorainnanda</c><3></c>,kizuitatokigaitsudattesutaatorainnanda
30.147,30.314,83,0,<3></c><9>kizuitatokiga</c><10>itsudattesutaatorainnanda</c><3></c>,kizuitatokigaitsudattesutaatorainnanda
30.314,30.447,83,0,<3></c><9>kizuitatokigai</c><10>tsudattesutaatorainnanda</c><3></c>,kizuitatokigaitsudattesutaatorainnanda
30.447,30.781,83,0,<3></c><9>kizuitatokigaitsu</c><10>dattesutaatorainnanda</c><3></c>,kizuitatokigaitsudattesutaatorainnanda
30.781,30.914,83,0,<3></c><9>kizuitatokigaitsuda</c><10>ttesutaatorainnanda</c><3></c>,kizuitatokigaitsudattesutaatorainnanda
30.914,31.081,83,0,<3></c><9>kizuitatokigaitsudat</c><10>tesutaatorainnanda</c><3></c>,kizuitatokigaitsudattesutaatorainnanda
31.081,31.515,83,0,<3></c><9>kizuitatokigaitsudatte</c><10>sutaatorainnanda</c><3></c>,kizuitatokigaitsudattesutaatorainnanda
31.515,31.682,83,0,<3></c><9>kizuitatokigaitsudattesu</c><10>taatorainnanda</c><3></c>,kizuitatokigaitsudattesutaatorainnanda
31.682,31.815,83,0,<3></c><9>kizuitatokigaitsudattesuta</c><10>atorainnanda</c><3></c>,kizuitatokigaitsudattesutaatorainnanda
31.815,31.982,83,0,<3></c><9>kizuitatokigaitsudattesutaa</c><10>torainnanda</c><3></c>,kizuitatokigaitsudattesutaatorainnanda
31.982,32.149,83,0,<3></c><9>kizuitatokigaitsudattesutaato</c><10>rainnanda</c><3></c>,kizuitatokigaitsudattesutaatorainnanda
32.149,32.282,83,0,<3></c><9>kizuitatokigaitsudattesutaatora</c><10>innanda</c><3></c>,kizuitatokigaitsudattesutaatorainnanda
32.282,32.449,83,0,<3></c><9>kizuitatokigaitsudattesutaatorai</c><10>nnanda</c><3></c>,kizuitatokigaitsudattesutaatorainnanda
32.449,32.616,83,0,<3></c><9>kizuitatokigaitsudattesutaatorain</c><10>nanda</c><3></c>,kizuitatokigaitsudattesutaatorainnanda
32.616,32.75,83,0,<3></c><9>kizuitatokigaitsudattesutaatorainna</c><10>nda</c><3></c>,kizuitatokigaitsudattesutaatorainnanda
32.75,32.916,83,0,<3></c><9>kizuitatokigaitsudattesutaatorainnan</c><10>da</c><3></c>,kizuitatokigaitsudattesutaatorainnanda
32.916,33.684,83,0,<3></c><9>kizuitatokigaitsudattesutaatorainnanda</c><3></c>,kizuitatokigaitsudattesutaatorainnanda
33.684,33.851,78,0,<3></c><8>na</c><10>nimonodemonakattahibiokaetanowa</c><3></c>,nanimonodemonakattahibiokaetanowa
33.851,33.984,78,0,<3></c><8>nani</c><10>monodemonakattahibiokaetanowa</c><3></c>,nanimonodemonakattahibiokaetanowa
33.984,34.151,78,0,<3></c><8>nanimo</c><10>nodemonakattahibiokaetanowa</c><3></c>,nanimonodemonakattahibiokaetanowa
34.151,34.451,78,0,<3></c><8>nanimono</c><10>demonakattahibiokaetanowa</c><3></c>,nanimonodemonakattahibiokaetanowa
34.451,34.618,78,0,<3></c><8>nanimonode</c><10>monakattahibiokaetanowa</c><3></c>,nanimonodemonakattahibiokaetanowa
34.618,34.918,78,0,<3></c><8>nanimonodemo</c><10>nakattahibiokaetanowa</c><3></c>,nanimonodemonakattahibiokaetanowa
34.918,35.085,78,0,<3></c><8>nanimonodemona</c><10>kattahibiokaetanowa</c><3></c>,nanimonodemonakattahibiokaetanowa
35.085,35.219,78,0,<3></c><8>nanimonodemonaka</c><10>ttahibiokaetanowa</c><3></c>,nanimonodemonakattahibiokaetanowa
35.219,35.386,78,0,<3></c><8>nanimonodemonakat</c><10>tahibiokaetanowa</c><3></c>,nanimonodemonakattahibiokaetanowa
35.386,36.153,78,0,<3></c><8>nanimonodemonakatta</c><10>hibiokaetanowa</c><3></c>,nanimonodemonakattahibiokaetanowa
36.153,36.32,78,0,<3></c><8>nanimonodemonakattahi</c><10>biokaetanowa</c><3></c>,nanimonodemonakattahibiokaetanowa
36.32,36.453,78,0,<3></c><8>nanimonodemonakattahibi</c><10>okaetanowa</c><3></c>,nanimonodemonakattahibiokaetanowa
36.453,36.62,78,0,<3></c><8>nanimonodemonakattahibio</c><10>kaetanowa</c><3></c>,nanimonodemonakattahibiokaetanowa
36.62,36.92,78,0,<3></c><8>nanimonodemonakattahibioka</c><10>etanowa</c><3></c>,nanimonodemonakattahibiokaetanowa
36.92,37.221,78,0,<3></c><8>nanimonodemonakattahibiokae</c><10>tanowa</c><3></c>,nanimonodemonakattahibiokaetanowa
37.221,37.521,78,0,<3></c><8>nanimonodemonakattahibiokaeta</c><10>nowa</c><3></c>,nanimonodemonakattahibiokaetanowa
37.521,37.855,78,0,<3></c><8>nanimonodemonakattahibiokaetano</c><10>wa</c><3></c>,nanimonodemonakattahibiokaetanowa
37.855,38.589,78,0,<3></c><8>nanimonodemonakattahibiokaetanowa</c><3></c>,nanimonodemonakattahibiokaetanowa
38.589,38.756,92,0,<3></c><10>mi</c><6>tsuketabakarinochippokenakagayakinogenseki</c><3></c>,mitsuketabakarinochippokenakagayakinogenseki
38.756,38.889,92,0,<3></c><10>mitsu</c><6>ketabakarinochippokenakagayakinogenseki</c><3></c>,mitsuketabakarinochippokenakagayakinogenseki
38.889,39.056,92,0,<3></c><10>mitsuke</c><6>tabakarinochippokenakagayakinogenseki</c><3></c>,mitsuketabakarinochippokenakagayakinogenseki
39.056,39.356,92,0,<3></c><10>mitsuketa</c><6>bakarinochippokenakagayakinogenseki</c><3></c>,mitsuketabakarinochippokenakagayakinogenseki
39.356,39.523,92,0,<3></c><10>mitsuketaba</c><6>karinochippokenakagayakinogenseki</c><3></c>,mitsuketabakarinochippokenakagayakinogenseki
39.523,39.656,92,0,<3></c><10>mitsuketabaka</c><6>rinochippokenakagayakinogenseki</c><3></c>,mitsuketabakarinochippokenakagayakinogenseki
39.656,39.823,92,0,<3></c><10>mitsuketabakari</c><6>nochippokenakagayakinogenseki</c><3></c>,mitsuketabakarinochippokenakagayakinogenseki
39.823,39.957,92,0,<3></c><10>mitsuketabakarino</c><6>chippokenakagayakinogenseki</c><3></c>,mitsuketabakarinochippokenakagayakinogenseki
39.957,40.124,92,0,<3></c><10>mitsuketabakarinochi</c><6>ppokenakagayakinogenseki</c><3></c>,mitsuketabakarinochippokenakagayakinogenseki
40.124,40.29,92,0,<3></c><10>mitsuketabakarinochip</c><6>pokenakagayakinogenseki</c><3></c>,mitsuketabakarinochippokenakagayakinogenseki
40.29,40.724,92,0,<3></c><10>mitsuketabakarinochippo</c><6>kenakagayakinogenseki</c><3></c>,mitsuketabakarinochippokenakagayakinogenseki
40.724,40.891,92,0,<3></c><10>mitsuketabakarinochippoke</c><6>nakagayakinogenseki</c><3></c>,mitsuketabakarinochippokenakagayakinogenseki
40.891,41.358,92,0,<3></c><10>mitsuketabakarinochippokena</c><6>kagayakinogenseki</c><3></c>,mitsuketabakarinochippokenakagayakinogenseki
41.358,41.492,92,0,<3></c><10>mitsuketabakarinochippokenaka</c><6>gayakinogenseki</c><3></c>,mitsuketabakarinochippokenakagayakinogenseki
41.492,41.792,92,0,<3></c><10>mitsuketabakarinochippokenakaga</c><6>yakinogenseki</c><3></c>,mitsuketabakarinochippokenakagayakinogenseki
41.792,41.959,92,0,<3></c><10>mitsuketabakarinochippokenakagaya</c><6>kinogenseki</c><3></c>,mitsuketabakarinochippokenakagayakinogenseki
41.959,42.292,92,0,<3></c><10>mitsuketabakarinochippokenakagayaki</c><6>nogenseki</c><3></c>,mitsuketabakarinochippokenakagayakinogenseki
42.292,42.559,92,0,<3></c><10>mitsuketabakarinochippokenakagayakino</c><6>genseki</c><3></c>,mitsuketabakarinochippokenakagayakinogenseki
42.559,42.86,92,0,<3></c><10>mitsuketabakarinochippokenakagayakinoge</c><6>nseki</c><3></c>,mitsuketabakarinochippokenakagayakinogenseki
42.86,43.327,92,0,<3></c><10>mitsuketabakarinochippokenakagayakinogen</c><6>seki</c><3></c>,mitsuketabakarinochippokenakagayakinogenseki
43.327,43.494,92,0,<3></c><10>mitsuketabakarinochippokenakagayakinogense</c><6>ki</c><3></c>,mitsuketabakarinochippokenakagayakinogenseki
43.494,44.094,92,0,<3></c><10>mitsuketabakarinochippokenakagayakinogenseki</c><3></c>,mitsuketabakarinochippokenakagayakinogenseki
44.094,44.228,81,0,<3></c><7>do</c><10>ushitewatashidakeumakuikanaindarou</c><3></c>,doushitewatashidakeumakuikanaindarou
44.228,44.428,81,0,<3></c><7>dou</c><10>shitewatashidakeumakuikanaindarou</c><3></c>,doushitewatashidakeumakuikanaindarou
44.428,44.561,81,0,<3></c><7>doushi</c><10>tewatashidakeumakuikanaindarou</c><3></c>,doushitewatashidakeumakuikanaindarou
44.561,44.995,81,0,<3></c><7>doushite</c><10>watashidakeumakuikanaindarou</c><3></c>,doushitewatashidakeumakuikanaindarou
44.995,45.162,81,0,<3></c><7>doushitewa</c><10>tashidakeumakuikanaindarou</c><3></c>,doushitewatashidakeumakuikanaindarou
45.162,45.329,81,0,<3></c><7>doushitewata</c><10>shidakeumakuikanaindarou</c><3></c>,doushitewatashidakeumakuikanaindarou
45.329,45.629,81,0,<3></c><7>doushitewatashi</c><10>dakeumakuikanaindarou</c><3></c>,doushitewatashidakeumakuikanaindarou
45.629,45.763,81,0,<3></c><7>doushitewatashida</c><10>keumakuikanaindarou</c><3></c>,doushitewatashidakeumakuikanaindarou
45.763,46.23,81,0,<3></c><7>doushitewatashidake</c><10>umakuikanaindarou</c><3></c>,doushitewatashidakeumakuikanaindarou
46.23,46.363,81,0,<3></c><7>doushitewatashidakeu</c><10>makuikanaindarou</c><3></c>,doushitewatashidakeumakuikanaindarou
46.363,46.53,81,0,<3></c><7>doushitewatashidakeuma</c><10>kuikanaindarou</c><3></c>,doushitewatashidakeumakuikanaindarou
46.53,46.83,81,0,<3></c><7>doushitewatashidakeumaku</c><10>ikanaindarou</c><3></c>,doushitewatashidakeumakuikanaindarou
46.83,47.164,81,0,<3></c><7>doushitewatashidakeumakui</c><10>kanaindarou</c><3></c>,doushitewatashidakeumakuikanaindarou
47.164,47.464,81,0,<3></c><7>doushitewatashidakeumakuika</c><10>naindarou</c><3></c>,doushitewatashidakeumakuikanaindarou
47.464,47.831,81,0,<3></c><7>doushitewatashidakeumakuikana</c><10>indarou</c><3></c>,doushitewatashidakeumakuikanaindarou
47.831,48.065,81,0,<3></c><7>doushitewatashidakeumakuikanai</c><10>ndarou</c><3></c>,doushitewatashidakeumakuikanaindarou
48.065,48.232,81,0,<3></c><7>doushitewatashidakeumakuikanain</c><10>darou</c><3></c>,doushitewatashidakeumakuikanaindarou
48.232,48.365,81,0,<3></c><7>doushitewatashidakeumakuikanainda</c><10>rou</c><3></c>,doushitewatashidakeumakuikanaindarou
48.365,48.532,81,0,<3></c><7>doushitewatashidakeumakuikanaindaro</c><10>u</c><3></c>,doushitewatashidakeumakuikanaindarou
48.532,48.899,81,0,<3></c><7>doushitewatashidakeumakuikanaindarou</c><3></c>,doushitewatashidakeumakuikanaindarou
48.899,48.999,83,0,<3></c><4>ji</c><10>bunigainosubetegamabushikumierukedo</c><3></c>,jibunigainosubetegamabushikumierukedo
48.999,49.233,83,0,<3></c><4>jibu</c><10>nigainosubetegamabushikumierukedo</c><3></c>,jibunigainosubetegamabushikumierukedo
49.233,49.466,83,0,<3></c><4>jibun</c><10>igainosubetegamabushikumierukedo</c><3></c>,jibunigainosubetegamabushikumierukedo
49.466,49.666,83,0,<3></c><4>jibuni</c><10>gainosubetegamabushikumierukedo</c><3></c>,jibunigainosubetegamabushikumierukedo
49.666,49.767,83,0,<3></c><4>jibuniga</c><10>inosubetegamabushikumierukedo</c><3></c>,jibunigainosubetegamabushikumierukedo
49.767,49.9,83,0,<3></c><4>jibunigai</c><10>nosubetegamabushikumierukedo</c><3></c>,jibunigainosubetegamabushikumierukedo
49.9,50.1,83,0,<3></c><4>jibunigaino</c><10>subetegamabushikumierukedo</c><3></c>,jibunigainosubetegamabushikumierukedo
50.1,50.401,83,0,<3></c><4>jibunigainosu</c><10>betegamabushikumierukedo</c><3></c>,jibunigainosubetegamabushikumierukedo
50.401,50.701,83,0,<3></c><4>jibunigainosube</c><10>tegamabushikumierukedo</c><3></c>,jibunigainosubetegamabushikumierukedo
50.701,51.001,83,0,<3></c><4>jibunigainosubete</c><10>gamabushikumierukedo</c><3></c>,jibunigainosubetegamabushikumierukedo
51.001,51.301,83,0,<3></c><4>jibunigainosubetega</c><10>mabushikumierukedo</c><3></c>,jibunigainosubetegamabushikumierukedo
51.301,51.435,83,0,<3></c><4>jibunigainosubetegama</c><10>bushikumierukedo</c><3></c>,jibunigainosubetegamabushikumierukedo
51.435,51.902,83,0,<3></c><4>jibunigainosubetegamabu</c><10>shikumierukedo</c><3></c>,jibunigainosubetegamabushikumierukedo
51.902,52.036,83,0,<3></c><4>jibunigainosubetegamabushi</c><10>kumierukedo</c><3></c>,jibunigainosubetegamabushikumierukedo
52.036,52.536,83,0,<3></c><4>jibunigainosubetegamabushiku</c><10>mierukedo</c><3></c>,jibunigainosubetegamabushikumierukedo
52.536,52.703,83,0,<3></c><4>jibunigainosubetegamabushikumi</c><10>erukedo</c><3></c>,jibunigainosubetegamabushikumierukedo
52.703,53.003,83,0,<3></c><4>jibunigainosubetegamabushikumie</c><10>rukedo</c><3></c>,jibunigainosubetegamabushikumierukedo
53.003,53.137,83,0,<3></c><4>jibunigainosubetegamabushikumieru</c><10>kedo</c><3></c>,jibunigainosubetegamabushikumierukedo
53.137,53.27,83,0,<3></c><4>jibunigainosubetegamabushikumieruke</c><10>do</c><3></c>,jibunigainosubetegamabushikumierukedo
53.27,53.904,83,0,<3></c><4>jibunigainosubetegamabushikumierukedo</c><3></c>,jibunigainosubetegamabushikumierukedo
53.904,54.038,63,0,<3></c><5>ne</c><10>ekiminimitsuketehoshikute</c><3></c>,neekiminimitsuketehoshikute
54.038,54.505,63,0,<3></c><5>nee</c><10>kiminimitsuketehoshikute</c><3></c>,neekiminimitsuketehoshikute
54.505,54.671,63,0,<3></c><5>neeki</c><10>minimitsuketehoshikute</c><3></c>,neekiminimitsuketehoshikute
54.671,54.972,63,0,<3></c><5>neekimi</c><10>nimitsuketehoshikute</c><3></c>,neekiminimitsuketehoshikute
54.972,55.739,63,0,<3></c><5>neekimini</c><10>mitsuketehoshikute</c><3></c>,neekiminimitsuketehoshikute
55.739,55.873,63,0,<3></c><5>neekiminimi</c><10>tsuketehoshikute</c><3></c>,neekiminimitsuketehoshikute
55.873,56.206,63,0,<3></c><5>neekiminimitsu</c><10>ketehoshikute</c><3></c>,neekiminimitsuketehoshikute
56.206,56.507,63,0,<3></c><5>neekiminimitsuke</c><10>tehoshikute</c><3></c>,neekiminimitsuketehoshikute
56.507,56.64,63,0,<3></c><5>neekiminimitsukete</c><10>hoshikute</c><3></c>,neekiminimitsuketehoshikute
56.64,56.974,63,0,<3></c><5>neekiminimitsuketeho</c><10>shikute</c><3></c>,neekiminimitsuketehoshikute
56.974,57.141,63,0,<3></c><5>neekiminimitsuketehoshi</c><10>kute</c><3></c>,neekiminimitsuketehoshikute
57.141,57.408,63,0,<3></c><5>neekiminimitsuketehoshiku</c><10>te</c><3></c>,neekiminimitsuketehoshikute
57.408,58.776,63,0,<3></c><5>neekiminimitsuketehoshikute</c><3></c>,neekiminimitsuketehoshikute
59.41,59.743,63,0,<3></c><6>na</c><10>ritaiwatashininaruimakoso</c><3></c>,naritaiwatashininaruimakoso
59.743,60.01,63,0,<3></c><6>nari</c><10>taiwatashininaruimakoso</c><3></c>,naritaiwatashininaruimakoso
60.01,60.31,63,0,<3></c><6>narita</c><10>iwatashininaruimakoso</c><3></c>,naritaiwatashininaruimakoso
60.31,60.611,63,0,<3></c><6>naritai</c><10>watashininaruimakoso</c><3></c>,naritaiwatashininaruimakoso
60.611,60.911,63,0,<3></c><6>naritaiwa</c><10>tashininaruimakoso</c><3></c>,naritaiwatashininaruimakoso
60.911,61.245,63,0,<3></c><6>naritaiwata</c><10>shininaruimakoso</c><3></c>,naritaiwatashininaruimakoso
61.245,61.845,63,0,<3></c><6>naritaiwatashi</c><10>ninaruimakoso</c><3></c>,naritaiwatashininaruimakoso
61.845,61.979,63,0,<3></c><6>naritaiwatashini</c><10>naruimakoso</c><3></c>,naritaiwatashininaruimakoso
61.979,62.312,63,0,<3></c><6>naritaiwatashinina</c><10>ruimakoso</c><3></c>,naritaiwatashininaruimakoso
62.312,63.047,63,0,<3></c><6>naritaiwatashininaru</c><10>imakoso</c><3></c>,naritaiwatashininaruimakoso
63.047,63.213,63,0,<3></c><6>naritaiwatashininarui</c><10>makoso</c><3></c>,naritaiwatashininaruimakoso
63.213,63.347,63,0,<3></c><6>naritaiwatashininaruima</c><10>koso</c><3></c>,naritaiwatashininaruimakoso
63.347,63.514,63,0,<3></c><6>naritaiwatashininaruimako</c><10>so</c><3></c>,naritaiwatashininaruimakoso
63.514,64.915,63,0,<3></c><6>naritaiwatashininaruimakoso</c><3></c>,naritaiwatashininaruimakoso
65.516,65.682,83,0,<3></c><1>so</c><10>uda!kanaetaitsukamitaiyumegaarukara</c><3></c>,souda!kanaetaitsukamitaiyumegaarukara
65.682,65.849,83,0,<3></c><1>sou</c><10>da!kanaetaitsukamitaiyumegaarukara</c><3></c>,souda!kanaetaitsukamitaiyumegaarukara
65.849,66.116,83,0,<3></c><1>souda!</c><10>kanaetaitsukamitaiyumegaarukara</c><3></c>,souda!kanaetaitsukamitaiyumegaarukara
66.116,66.283,83,0,<3></c><1>souda!ka</c><10>naetaitsukamitaiyumegaarukara</c><3></c>,souda!kanaetaitsukamitaiyumegaarukara
66.283,66.45,83,0,<3></c><1>souda!kana</c><10>etaitsukamitaiyumegaarukara</c><3></c>,souda!kanaetaitsukamitaiyumegaarukara
66.45,66.583,83,0,<3></c><1>souda!kanae</c><10>taitsukamitaiyumegaarukara</c><3></c>,souda!kanaetaitsukamitaiyumegaarukara
66.583,66.75,83,0,<3></c><1>souda!kanaeta</c><10>itsukamitaiyumegaarukara</c><3></c>,souda!kanaetaitsukamitaiyumegaarukara
66.75,67.051,83,0,<3></c><1>souda!kanaetai</c><10>tsukamitaiyumegaarukara</c><3></c>,souda!kanaetaitsukamitaiyumegaarukara
67.051,67.184,83,0,<3></c><1>souda!kanaetaitsu</c><10>kamitaiyumegaarukara</c><3></c>,souda!kanaetaitsukamitaiyumegaarukara
67.184,67.351,83,0,<3></c><1>souda!kanaetaitsuka</c><10>mitaiyumegaarukara</c><3></c>,souda!kanaetaitsukamitaiyumegaarukara
67.351,67.518,83,0,<3></c><1>souda!kanaetaitsukami</c><10>taiyumegaarukara</c><3></c>,souda!kanaetaitsukamitaiyumegaarukara
67.518,67.651,83,0,<3></c><1>souda!kanaetaitsukamita</c><10>iyumegaarukara</c><3></c>,souda!kanaetaitsukamitaiyumegaarukara
67.651,67.951,83,0,<3></c><1>souda!kanaetaitsukamitai</c><10>yumegaarukara</c><3></c>,souda!kanaetaitsukamitaiyumegaarukara
67.951,68.118,83,0,<3></c><1>souda!kanaetaitsukamitaiyu</c><10>megaarukara</c><3></c>,souda!kanaetaitsukamitaiyumegaarukara
68.118,68.285,83,0,<3></c><1>souda!kanaetaitsukamitaiyume</c><10>gaarukara</c><3></c>,souda!kanaetaitsukamitaiyumegaarukara
68.285,68.419,83,0,<3></c><1>souda!kanaetaitsukamitaiyumega</c><10>arukara</c><3></c>,souda!kanaetaitsukamitaiyumegaarukara
68.419,68.585,83,0,<3></c><1>souda!kanaetaitsukamitaiyumegaa</c><10>rukara</c><3></c>,souda!kanaetaitsukamitaiyumegaarukara
68.585,69.053,83,0,<3></c><1>souda!kanaetaitsukamitaiyumegaaru</c><10>kara</c><3></c>,souda!kanaetaitsukamitaiyumegaarukara
69.053,69.186,83,0,<3></c><1>souda!kanaetaitsukamitaiyumegaaruka</c><10>ra</c><3></c>,souda!kanaetaitsukamitaiyumegaarukara
69.186,70.587,83,0,<3></c><1>souda!kanaetaitsukamitaiyumegaarukara</c><3></c>,souda!kanaetaitsukamitaiyumegaarukara
69.553,69.82,-1,7,<3></c><1>(mi</c><10>taikara)</c><3></c>,(mitaikara)
69.82,70.12,-1,7,<3></c><1>(mita</c><10>ikara)</c><3></c>,(mitaikara)
70.12,70.287,-1,7,<3></c><1>(mitai</c><10>kara)</c><3></c>,(mitaikara)
70.287,70.421,-1,7,<3></c><1>(mitaika</c><10>ra)</c><3></c>,(mitaikara)
70.421,71.055,-1,7,<3></c><1>(mitaikara)</c><3></c>,(mitaikara)
70.587,70.754,66,0,<3></c><6>fu</c><10>sagikondahinokotomotsurete</c><3></c>,fusagikondahinokotomotsurete
70.754,70.888,66,0,<3></c><6>fusa</c><10>gikondahinokotomotsurete</c><3></c>,fusagikondahinokotomotsurete
70.888,71.055,66,0,<3></c><6>fusagi</c><10>kondahinokotomotsurete</c><3></c>,fusagikondahinokotomotsurete
71.055,71.355,66,0,<3></c><6>fusagiko</c><10>ndahinokotomotsurete</c><3></c>,fusagikondahinokotomotsurete
71.355,71.655,66,0,<3></c><6>fusagikon</c><10>dahinokotomotsurete</c><3></c>,fusagikondahinokotomotsurete
71.655,71.955,66,0,<3></c><6>fusagikonda</c><10>hinokotomotsurete</c><3></c>,fusagikondahinokotomotsurete
71.955,72.256,66,0,<3></c><6>fusagikondahi</c><10>nokotomotsurete</c><3></c>,fusagikondahinokotomotsurete
72.256,72.556,66,0,<3></c><6>fusagikondahino</c><10>kotomotsurete</c><3></c>,fusagikondahinokotomotsurete
72.556,72.89,66,0,<3></c><6>fusagikondahinoko</c><10>tomotsurete</c><3></c>,fusagikondahinokotomotsurete
72.89,73.19,66,0,<3></c><6>fusagikondahinokoto</c><10>motsurete</c><3></c>,fusagikondahinokotomotsurete
73.19,73.524,66,0,<3></c><6>fusagikondahinokotomo</c><10>tsurete</c><3></c>,fusagikondahinokotomotsurete
73.524,73.957,66,0,<3></c><6>fusagikondahinokotomotsu</c><10>rete</c><3></c>,fusagikondahinokotomotsurete
73.957,74.124,66,0,<3></c><6>fusagikondahinokotomotsure</c><10>te</c><3></c>,fusagikondahinokotomotsurete
74.124,74.558,66,0,<3></c><6>fusagikondahinokotomotsurete</c><3></c>,fusagikondahinokotomotsurete
74.558,74.658,-1,0,<3></c><10>fu</c><6>midasunda</c><3></c>,fumidasunda
74.658,74.725,-1,0,<3></c><10>fumi</c><6>dasunda</c><3></c>,fumidasunda
74.725,75.025,-1,0,<3></c><10>fumida</c><6>sunda</c><3></c>,fumidasunda
75.025,75.192,-1,0,<3></c><10>fumidasu</c><6>nda</c><3></c>,fumidasunda
75.192,75.492,-1,0,<3></c><10>fumidasun</c><6>da</c><3></c>,fumidasunda
75.492,75.926,-1,0,<3></c><10>fumidasunda</c><3></c>,fumidasunda
75.926,76.093,75,0,<3></c><1>shi</c><10>njiruchikaragakisekiokosuyouni</c><3></c>,shinjiruchikaragakisekiokosuyouni
76.093,76.226,75,0,<3></c><1>shin</c><10>jiruchikaragakisekiokosuyouni</c><3></c>,shinjiruchikaragakisekiokosuyouni
76.226,76.393,75,0,<3></c><1>shinji</c><10>ruchikaragakisekiokosuyouni</c><3></c>,shinjiruchikaragakisekiokosuyouni
76.393,76.827,75,0,<3></c><1>shinjiru</c><10>chikaragakisekiokosuyouni</c><3></c>,shinjiruchikaragakisekiokosuyouni
76.827,76.994,75,0,<3></c><1>shinjiruchi</c><10>karagakisekiokosuyouni</c><3></c>,shinjiruchikaragakisekiokosuyouni
76.994,77.161,75,0,<3></c><1>shinjiruchika</c><10>ragakisekiokosuyouni</c><3></c>,shinjiruchikaragakisekiokosuyouni
77.161,77.294,75,0,<3></c><1>shinjiruchikara</c><10>gakisekiokosuyouni</c><3></c>,shinjiruchikaragakisekiokosuyouni
77.294,77.795,75,0,<3></c><1>shinjiruchikaraga</c><10>kisekiokosuyouni</c><3></c>,shinjiruchikaragakisekiokosuyouni
77.795,77.928,75,0,<3></c><1>shinjiruchikaragaki</c><10>sekiokosuyouni</c><3></c>,shinjiruchikaragakisekiokosuyouni
77.928,78.062,75,0,<3></c><1>shinjiruchikaragakise</c><10>kiokosuyouni</c><3></c>,shinjiruchikaragakisekiokosuyouni
78.062,78.228,75,0,<3></c><1>shinjiruchikaragakiseki</c><10>okosuyouni</c><3></c>,shinjiruchikaragakisekiokosuyouni
78.228,78.529,75,0,<3></c><1>shinjiruchikaragakisekio</c><10>kosuyouni</c><3></c>,shinjiruchikaragakisekiokosuyouni
78.529,78.862,75,0,<3></c><1>shinjiruchikaragakisekioko</c><10>suyouni</c><3></c>,shinjiruchikaragakisekiokosuyouni
78.862,79.163,75,0,<3></c><1>shinjiruchikaragakisekiokosu</c><10>youni</c><3></c>,shinjiruchikaragakisekiokosuyouni
79.163,79.329,75,0,<3></c><1>shinjiruchikaragakisekiokosuyo</c><10>uni</c><3></c>,shinjiruchikaragakisekiokosuyouni
79.329,79.463,75,0,<3></c><1>shinjiruchikaragakisekiokosuyou</c><10>ni</c><3></c>,shinjiruchikaragakisekiokosuyouni
79.463,80.23,75,0,<3></c><1>shinjiruchikaragakisekiokosuyouni</c><3></c>,shinjiruchikaragakisekiokosuyouni
80.23,80.397,-1,0,<3></c><1>ki</c><10>minimahouokakeruyo</c><3></c>,kiminimahouokakeruyo
80.397,80.697,-1,0,<3></c><1>kimi</c><10>nimahouokakeruyo</c><3></c>,kiminimahouokakeruyo
80.697,81.465,-1,0,<3></c><1>kimini</c><10>mahouokakeruyo</c><3></c>,kiminimahouokakeruyo
81.465,81.598,-1,0,<3></c><1>kiminima</c><10>houokakeruyo</c><3></c>,kiminimahouokakeruyo
81.598,81.765,-1,0,<3></c><1>kiminimaho</c><10>uokakeruyo</c><3></c>,kiminimahouokakeruyo
81.765,81.899,-1,0,<3></c><1>kiminimahou</c><10>okakeruyo</c><3></c>,kiminimahouokakeruyo
81.899,82.533,-1,0,<3></c><1>kiminimahouo</c><10>kakeruyo</c><3></c>,kiminimahouokakeruyo
82.533,82.666,-1,0,<3></c><1>kiminimahouoka</c><10>keruyo</c><3></c>,kiminimahouokakeruyo
82.666,82.866,-1,0,<3></c><1>kiminimahouokake</c><10>ruyo</c><3></c>,kiminimahouokakeruyo
82.866,83.133,-1,0,<3></c><1>kiminimahouokakeru</c><10>yo</c><3></c>,kiminimahouokakeruyo
83.133,83.867,-1,0,<3></c><1>kiminimahouokakeruyo</c><3></c>,kiminimahouokakeruyo
83.867,84.201,63,0,<3></c><1>we</c><10>castaspellonyourdream!!</c><3></c>,wecastaspellonyourdream!!
84.201,84.334,63,0,<3></c><1>wecast</c><10>aspellonyourdream!!</c><3></c>,wecastaspellonyourdream!!
84.334,84.501,63,0,<3></c><1>wecasta</c><10>spellonyourdream!!</c><3></c>,wecastaspellonyourdream!!
84.501,84.968,63,0,<3></c><1>wecastaspell</c><10>onyourdream!!</c><3></c>,wecastaspellonyourdream!!
84.968,85.269,63,0,<3></c><1>wecastaspellon</c><10>yourdream!!</c><3></c>,wecastaspellonyourdream!!
85.269,85.702,63,0,<3></c><1>wecastaspellonyour</c><10>dream!!</c><3></c>,wecastaspellonyourdream!!
85.702,88.038,63,0,<3></c><1>wecastaspellonyourdream!!</c><3></c>,wecastaspellonyourdream!!
