start,end,position,line,text,unformatted
12.162,22.473,-1,0,<42>tsunomakiwatame-holidays!</c>,tsunomakiwatame-holidays!
32.816,33.484,-1,0,<42>aa</c><43>megasametarahiganobori</c>,aamegasametarahiganobori
33.484,33.684,-1,0,<42>aame</c><43>gasametarahiganobori</c>,aamegasametarahiganobori
33.684,33.817,-1,0,<42>aamega</c><43>sametarahiganobori</c>,aamegasametarahiganobori
33.817,34.018,-1,0,<42>aamegasa</c><43>metarahiganobori</c>,aamegasametarahiganobori
34.018,34.118,-1,0,<42>aamegasame</c><43>tarahiganobori</c>,aamegasametarahiganobori
34.118,34.451,-1,0,<42>aamegasameta</c><43>rahiganobori</c>,aamegasametarahiganobori
34.451,35.085,-1,0,<42>aamegasametara</c><43>higanobori</c>,aamegasametarahiganobori
35.085,35.419,-1,0,<42>aamegasametarahi</c><43>ganobori</c>,aamegasametarahiganobori
35.419,35.753,-1,0,<42>aamegasametarahiga</c><43>nobori</c>,aamegasametarahiganobori
35.753,36.053,-1,0,<42>aamegasametarahigano</c><43>bori</c>,aamegasametarahiganobori
36.053,36.387,-1,0,<42>aamegasametarahiganobo</c><43>ri</c>,aamegasametarahiganobori
36.387,37.021,-1,0,<42>aamegasametarahiganobori</c>,aamegasametarahiganobori
37.021,37.321,-1,0,<42>ma</c><43>damadanemutaisonnakyuujitsu</c>,madamadanemutaisonnakyuujitsu
37.321,37.654,-1,0,<42>mada</c><43>madanemutaisonnakyuujitsu</c>,madamadanemutaisonnakyuujitsu
37.654,37.988,-1,0,<42>madama</c><43>danemutaisonnakyuujitsu</c>,madamadanemutaisonnakyuujitsu
37.988,38.322,-1,0,<42>madamada</c><43>nemutaisonnakyuujitsu</c>,madamadanemutaisonnakyuujitsu
38.322,38.622,-1,0,<42>madamadane</c><43>mutaisonnakyuujitsu</c>,madamadanemutaisonnakyuujitsu
38.622,38.956,-1,0,<42>madamadanemu</c><43>taisonnakyuujitsu</c>,madamadanemutaisonnakyuujitsu
38.956,39.59,-1,0,<42>madamadanemutai</c><43>sonnakyuujitsu</c>,madamadanemutaisonnakyuujitsu
39.59,39.923,-1,0,<42>madamadanemutaiso</c><43>nnakyuujitsu</c>,madamadanemutaisonnakyuujitsu
39.923,40.224,-1,0,<42>madamadanemutaison</c><43>nakyuujitsu</c>,madamadanemutaisonnakyuujitsu
40.224,40.557,-1,0,<42>madamadanemutaisonna</c><43>kyuujitsu</c>,madamadanemutaisonnakyuujitsu
40.557,40.891,-1,0,<42>madamadanemutaisonnakyu</c><43>ujitsu</c>,madamadanemutaisonnakyuujitsu
40.891,41.191,-1,0,<42>madamadanemutaisonnakyuu</c><43>jitsu</c>,madamadanemutaisonnakyuujitsu
41.191,41.525,-1,0,<42>madamadanemutaisonnakyuuji</c><43>tsu</c>,madamadanemutaisonnakyuujitsu
41.525,43.127,-1,0,<42>madamadanemutaisonnakyuujitsu</c>,madamadanemutaisonnakyuujitsu
43.127,43.794,-1,0,<42>saa</c><43>yakitatepanhoobatte</c>,saayakitatepanhoobatte
43.794,43.961,-1,0,<42>saaya</c><43>kitatepanhoobatte</c>,saayakitatepanhoobatte
43.961,44.094,-1,0,<42>saayaki</c><43>tatepanhoobatte</c>,saayakitatepanhoobatte
44.094,44.294,-1,0,<42>saayakita</c><43>tepanhoobatte</c>,saayakitatepanhoobatte
44.294,44.428,-1,0,<42>saayakitate</c><43>panhoobatte</c>,saayakitatepanhoobatte
44.428,44.728,-1,0,<42>saayakitatepa</c><43>nhoobatte</c>,saayakitatepanhoobatte
44.728,45.362,-1,0,<42>saayakitatepan</c><43>hoobatte</c>,saayakitatepanhoobatte
45.362,45.729,-1,0,<42>saayakitatepanho</c><43>obatte</c>,saayakitatepanhoobatte
45.729,46.03,-1,0,<42>saayakitatepanhoo</c><43>batte</c>,saayakitatepanhoobatte
46.03,46.363,-1,0,<42>saayakitatepanhooba</c><43>tte</c>,saayakitatepanhoobatte
46.363,46.663,-1,0,<42>saayakitatepanhoobat</c><43>te</c>,saayakitatepanhoobatte
46.663,47.331,-1,0,<42>saayakitatepanhoobatte</c>,saayakitatepanhoobatte
47.331,47.664,58,0,<42>ne</c><43>muimekosurimachinikuridasou</c>,nemuimekosurimachinikuridasou
47.664,47.965,58,0,<42>nemu</c><43>imekosurimachinikuridasou</c>,nemuimekosurimachinikuridasou
47.965,48.298,58,0,<42>nemui</c><43>mekosurimachinikuridasou</c>,nemuimekosurimachinikuridasou
48.298,48.632,58,0,<42>nemuime</c><43>kosurimachinikuridasou</c>,nemuimekosurimachinikuridasou
48.632,48.932,58,0,<42>nemuimeko</c><43>surimachinikuridasou</c>,nemuimekosurimachinikuridasou
48.932,49.266,58,0,<42>nemuimekosu</c><43>rimachinikuridasou</c>,nemuimekosurimachinikuridasou
49.266,49.9,58,0,<42>nemuimekosuri</c><43>machinikuridasou</c>,nemuimekosurimachinikuridasou
49.9,50.2,58,0,<42>nemuimekosurima</c><43>chinikuridasou</c>,nemuimekosurimachinikuridasou
50.2,50.567,58,0,<42>nemuimekosurimachi</c><43>nikuridasou</c>,nemuimekosurimachinikuridasou
50.567,50.868,58,0,<42>nemuimekosurimachini</c><43>kuridasou</c>,nemuimekosurimachinikuridasou
50.868,51.201,58,0,<42>nemuimekosurimachiniku</c><43>ridasou</c>,nemuimekosurimachinikuridasou
51.201,51.535,58,0,<42>nemuimekosurimachinikuri</c><43>dasou</c>,nemuimekosurimachinikuridasou
51.535,51.869,58,0,<42>nemuimekosurimachinikurida</c><43>sou</c>,nemuimekosurimachinikuridasou
51.869,52.202,-1,0,<42>nemuimekosurimachinikuridasou</c>,nemuimekosurimachinikuridasou
53.137,53.337,-1,0,<42>hi</c><43>natadenesobette</c>,hinatadenesobette
53.337,53.47,-1,0,<42>hina</c><43>tadenesobette</c>,hinatadenesobette
53.47,53.771,-1,0,<42>hinata</c><43>denesobette</c>,hinatadenesobette
53.771,54.104,-1,0,<42>hinatade</c><43>nesobette</c>,hinatadenesobette
54.104,54.438,-1,0,<42>hinatadene</c><43>sobette</c>,hinatadenesobette
54.438,54.738,-1,0,<42>hinatadeneso</c><43>bette</c>,hinatadenesobette
54.738,55.072,-1,0,<42>hinatadenesobe</c><43>tte</c>,hinatadenesobette
55.072,55.305,-1,0,<42>hinatadenesobet</c><43>te</c>,hinatadenesobette
55.305,55.706,-1,0,<42>hinatadenesobette</c>,hinatadenesobette
55.706,55.906,-1,0,<42>ji</c><32>menofumishimete</c>,jimenofumishimete
55.906,56.04,-1,0,<42>jime</c><32>nofumishimete</c>,jimenofumishimete
56.04,56.34,-1,0,<42>jimen</c><32>ofumishimete</c>,jimenofumishimete
56.34,56.673,-1,0,<42>jimeno</c><32>fumishimete</c>,jimenofumishimete
56.673,57.007,-1,0,<42>jimenofu</c><32>mishimete</c>,jimenofumishimete
57.007,57.341,-1,0,<42>jimenofumi</c><32>shimete</c>,jimenofumishimete
57.341,57.641,-1,0,<42>jimenofumishi</c><32>mete</c>,jimenofumishimete
57.641,57.841,-1,0,<42>jimenofumishime</c><32>te</c>,jimenofumishimete
57.841,58.275,-1,0,<42>jimenofumishimete</c>,jimenofumishimete
58.275,58.475,-1,0,<42>o</c><1>moumamanisuteppufunde</c>,omoumamanisuteppufunde
58.475,58.609,-1,0,<42>omo</c><1>umamanisuteppufunde</c>,omoumamanisuteppufunde
58.609,58.942,-1,0,<42>omou</c><1>mamanisuteppufunde</c>,omoumamanisuteppufunde
58.942,59.243,-1,0,<42>omouma</c><1>manisuteppufunde</c>,omoumamanisuteppufunde
59.243,59.576,-1,0,<42>omoumama</c><1>nisuteppufunde</c>,omoumamanisuteppufunde
59.576,60.21,-1,0,<42>omoumamani</c><1>suteppufunde</c>,omoumamanisuteppufunde
60.21,60.511,-1,0,<42>omoumamanisu</c><1>teppufunde</c>,omoumamanisuteppufunde
60.511,60.878,-1,0,<42>omoumamanisute</c><1>ppufunde</c>,omoumamanisuteppufunde
60.878,61.178,-1,0,<42>omoumamanisutep</c><1>pufunde</c>,omoumamanisuteppufunde
61.178,61.512,-1,0,<42>omoumamanisuteppu</c><1>funde</c>,omoumamanisuteppufunde
61.512,61.812,-1,0,<42>omoumamanisuteppufu</c><1>nde</c>,omoumamanisuteppufunde
61.812,62.146,-1,0,<42>omoumamanisuteppufun</c><1>de</c>,omoumamanisuteppufunde
62.146,63.447,-1,0,<42>omoumamanisuteppufunde</c>,omoumamanisuteppufunde
63.447,63.68,-1,0,<42>ko</c><25>korogaodoridasu</c>,kokorogaodoridasu
63.68,63.781,-1,0,<42>koko</c><25>rogaodoridasu</c>,kokorogaodoridasu
63.781,64.114,-1,0,<42>kokoro</c><25>gaodoridasu</c>,kokorogaodoridasu
64.114,64.415,-1,0,<42>kokoroga</c><25>odoridasu</c>,kokorogaodoridasu
64.415,64.748,-1,0,<42>kokorogao</c><25>doridasu</c>,kokorogaodoridasu
64.748,65.049,-1,0,<42>kokorogaodo</c><25>ridasu</c>,kokorogaodoridasu
65.049,65.382,-1,0,<42>kokorogaodori</c><25>dasu</c>,kokorogaodoridasu
65.382,65.582,-1,0,<42>kokorogaodorida</c><25>su</c>,kokorogaodoridasu
65.582,66.016,-1,0,<42>kokorogaodoridasu</c>,kokorogaodoridasu
66.016,66.25,-1,0,<42>e</c><19>gaogaafureteku</c>,egaogaafureteku
66.25,66.35,-1,0,<42>ega</c><19>ogaafureteku</c>,egaogaafureteku
66.35,66.65,-1,0,<42>egao</c><19>gaafureteku</c>,egaogaafureteku
66.65,66.984,-1,0,<42>egaoga</c><19>afureteku</c>,egaogaafureteku
66.984,67.317,-1,0,<42>egaogaa</c><19>fureteku</c>,egaogaafureteku
67.317,67.618,-1,0,<42>egaogaafu</c><19>reteku</c>,egaogaafureteku
67.618,67.951,-1,0,<42>egaogaafure</c><19>teku</c>,egaogaafureteku
67.951,68.152,-1,0,<42>egaogaafurete</c><19>ku</c>,egaogaafureteku
68.152,68.619,-1,0,<42>egaogaafureteku</c>,egaogaafureteku
68.619,68.819,-1,0,<42>ko</c><43>koronomamakyouoegaku</c>,kokoronomamakyouoegaku
68.819,68.952,-1,0,<42>koko</c><43>ronomamakyouoegaku</c>,kokoronomamakyouoegaku
68.952,69.253,-1,0,<42>kokoro</c><43>nomamakyouoegaku</c>,kokoronomamakyouoegaku
69.253,69.586,-1,0,<42>kokorono</c><43>mamakyouoegaku</c>,kokoronomamakyouoegaku
69.586,69.92,-1,0,<42>kokoronoma</c><43>makyouoegaku</c>,kokoronomamakyouoegaku
69.92,70.554,-1,0,<42>kokoronomama</c><43>kyouoegaku</c>,kokoronomamakyouoegaku
70.554,70.888,-1,0,<42>kokoronomamakyo</c><43>uoegaku</c>,kokoronomamakyouoegaku
70.888,71.188,-1,0,<42>kokoronomamakyou</c><43>oegaku</c>,kokoronomamakyouoegaku
71.188,71.522,-1,0,<42>kokoronomamakyouo</c><43>egaku</c>,kokoronomamakyouoegaku
71.522,72.156,-1,0,<42>kokoronomamakyouoe</c><43>gaku</c>,kokoronomamakyouoegaku
72.156,72.823,-1,0,<42>kokoronomamakyouoega</c><43>ku</c>,kokoronomamakyouoegaku
72.823,74.091,-1,0,<42>kokoronomamakyouoegaku</c>,kokoronomamakyouoegaku
75.592,75.692,70,0,<42>to</c><43>riwautattesoraojiyuunitobimawatte</c>,toriwautattesoraojiyuunitobimawatte
75.692,75.893,70,0,<42>tori</c><43>wautattesoraojiyuunitobimawatte</c>,toriwautattesoraojiyuunitobimawatte
75.893,76.026,70,0,<42>toriwa</c><43>utattesoraojiyuunitobimawatte</c>,toriwautattesoraojiyuunitobimawatte
76.026,76.226,70,0,<42>toriwau</c><43>tattesoraojiyuunitobimawatte</c>,toriwautattesoraojiyuunitobimawatte
76.226,76.36,70,0,<42>toriwauta</c><43>ttesoraojiyuunitobimawatte</c>,toriwautattesoraojiyuunitobimawatte
76.36,76.56,70,0,<42>toriwautat</c><43>tesoraojiyuunitobimawatte</c>,toriwautattesoraojiyuunitobimawatte
76.56,76.66,70,0,<42>toriwautatte</c><43>soraojiyuunitobimawatte</c>,toriwautattesoraojiyuunitobimawatte
76.66,76.894,70,0,<42>toriwautatteso</c><43>raojiyuunitobimawatte</c>,toriwautattesoraojiyuunitobimawatte
76.894,76.994,70,0,<42>toriwautattesora</c><43>ojiyuunitobimawatte</c>,toriwautattesoraojiyuunitobimawatte
76.994,77.194,70,0,<42>toriwautattesorao</c><43>jiyuunitobimawatte</c>,toriwautattesoraojiyuunitobimawatte
77.194,77.327,70,0,<42>toriwautattesoraoji</c><43>yuunitobimawatte</c>,toriwautattesoraojiyuunitobimawatte
77.327,77.528,70,0,<42>toriwautattesoraojiyu</c><43>unitobimawatte</c>,toriwautattesoraojiyuunitobimawatte
77.528,77.628,70,0,<42>toriwautattesoraojiyuu</c><43>nitobimawatte</c>,toriwautattesoraojiyuunitobimawatte
77.628,77.961,70,0,<42>toriwautattesoraojiyuuni</c><43>tobimawatte</c>,toriwautattesoraojiyuunitobimawatte
77.961,78.162,70,0,<42>toriwautattesoraojiyuunito</c><43>bimawatte</c>,toriwautattesoraojiyuunitobimawatte
78.162,78.295,70,0,<42>toriwautattesoraojiyuunitobi</c><43>mawatte</c>,toriwautattesoraojiyuunitobimawatte
78.295,78.495,70,0,<42>toriwautattesoraojiyuunitobima</c><43>watte</c>,toriwautattesoraojiyuunitobimawatte
78.495,78.595,70,0,<42>toriwautattesoraojiyuunitobimawa</c><43>tte</c>,toriwautattesoraojiyuunitobimawatte
78.595,78.929,70,0,<42>toriwautattesoraojiyuunitobimawat</c><43>te</c>,toriwautattesoraojiyuunitobimawatte
78.929,79.263,67,0,<42>toriwautattesoraojiyuunitobimawatte</c>,toriwautattesoraojiyuunitobimawatte
80.731,80.864,59,0,<42>ne</c><43>kowahashittekimamanijareteru</c>,nekowahashittekimamanijareteru
80.864,81.065,59,0,<42>neko</c><43>wahashittekimamanijareteru</c>,nekowahashittekimamanijareteru
81.065,81.198,59,0,<42>nekowa</c><43>hashittekimamanijareteru</c>,nekowahashittekimamanijareteru
81.198,81.398,59,0,<42>nekowaha</c><43>shittekimamanijareteru</c>,nekowahashittekimamanijareteru
81.398,81.532,59,0,<42>nekowahashi</c><43>ttekimamanijareteru</c>,nekowahashittekimamanijareteru
81.532,81.698,59,0,<42>nekowahashit</c><43>tekimamanijareteru</c>,nekowahashittekimamanijareteru
81.698,81.832,59,0,<42>nekowahashitte</c><43>kimamanijareteru</c>,nekowahashittekimamanijareteru
81.832,82.032,59,0,<42>nekowahashitteki</c><43>mamanijareteru</c>,nekowahashittekimamanijareteru
82.032,82.166,59,0,<42>nekowahashittekima</c><43>manijareteru</c>,nekowahashittekimamanijareteru
82.166,82.366,59,0,<42>nekowahashittekimama</c><43>nijareteru</c>,nekowahashittekimamanijareteru
82.366,82.466,59,0,<42>nekowahashittekimamani</c><43>jareteru</c>,nekowahashittekimamanijareteru
82.466,82.8,59,0,<42>nekowahashittekimamanija</c><43>reteru</c>,nekowahashittekimamanijareteru
82.8,83.133,59,0,<42>nekowahashittekimamanijare</c><43>teru</c>,nekowahashittekimamanijareteru
83.133,83.767,59,0,<42>nekowahashittekimamanijarete</c><43>ru</c>,nekowahashittekimamanijareteru
83.767,84.435,56,0,<42>nekowahashittekimamanijareteru</c>,nekowahashittekimamanijareteru
85.903,86.036,78,0,<42>ha</c><43>nawasoyoidemiginihidarikazetoasonderu</c>,hanawasoyoidemiginihidarikazetoasonderu
86.036,86.236,78,0,<42>hana</c><43>wasoyoidemiginihidarikazetoasonderu</c>,hanawasoyoidemiginihidarikazetoasonderu
86.236,86.37,78,0,<42>hanawa</c><43>soyoidemiginihidarikazetoasonderu</c>,hanawasoyoidemiginihidarikazetoasonderu
86.37,86.537,78,0,<42>hanawaso</c><43>yoidemiginihidarikazetoasonderu</c>,hanawasoyoidemiginihidarikazetoasonderu
86.537,86.67,78,0,<42>hanawasoyo</c><43>idemiginihidarikazetoasonderu</c>,hanawasoyoidemiginihidarikazetoasonderu
86.67,86.87,78,0,<42>hanawasoyoi</c><43>demiginihidarikazetoasonderu</c>,hanawasoyoidemiginihidarikazetoasonderu
86.87,86.97,78,0,<42>hanawasoyoide</c><43>miginihidarikazetoasonderu</c>,hanawasoyoidemiginihidarikazetoasonderu
86.97,87.204,78,0,<42>hanawasoyoidemi</c><43>ginihidarikazetoasonderu</c>,hanawasoyoidemiginihidarikazetoasonderu
87.204,87.337,78,0,<42>hanawasoyoidemigi</c><43>nihidarikazetoasonderu</c>,hanawasoyoidemiginihidarikazetoasonderu
87.337,87.538,78,0,<42>hanawasoyoidemigini</c><43>hidarikazetoasonderu</c>,hanawasoyoidemiginihidarikazetoasonderu
87.538,87.638,78,0,<42>hanawasoyoidemiginihi</c><43>darikazetoasonderu</c>,hanawasoyoidemiginihidarikazetoasonderu
87.638,87.971,78,0,<42>hanawasoyoidemiginihida</c><43>rikazetoasonderu</c>,hanawasoyoidemiginihidarikazetoasonderu
87.971,88.305,78,0,<42>hanawasoyoidemiginihidari</c><43>kazetoasonderu</c>,hanawasoyoidemiginihidarikazetoasonderu
88.305,88.472,78,0,<42>hanawasoyoidemiginihidarika</c><43>zetoasonderu</c>,hanawasoyoidemiginihidarikazetoasonderu
88.472,88.605,78,0,<42>hanawasoyoidemiginihidarikaze</c><43>toasonderu</c>,hanawasoyoidemiginihidarikazetoasonderu
88.605,88.806,78,0,<42>hanawasoyoidemiginihidarikazeto</c><43>asonderu</c>,hanawasoyoidemiginihidarikazetoasonderu
88.806,88.939,78,0,<42>hanawasoyoidemiginihidarikazetoa</c><43>sonderu</c>,hanawasoyoidemiginihidarikazetoasonderu
88.939,89.073,78,0,<42>hanawasoyoidemiginihidarikazetoaso</c><43>nderu</c>,hanawasoyoidemiginihidarikazetoasonderu
89.073,89.239,78,0,<42>hanawasoyoidemiginihidarikazetoason</c><43>deru</c>,hanawasoyoidemiginihidarikazetoasonderu
89.239,89.573,78,0,<42>hanawasoyoidemiginihidarikazetoasonde</c><43>ru</c>,hanawasoyoidemiginihidarikazetoasonderu
89.573,90.541,75,0,<42>hanawasoyoidemiginihidarikazetoasonderu</c>,hanawasoyoidemiginihidarikazetoasonderu
90.541,90.908,-1,0,<22>a</c><42>anijigakakaru</c>,aanijigakakaru
90.908,91.842,-1,0,<22>a</c><28>a</c><42>nijigakakaru</c>,aanijigakakaru
91.842,92.176,-1,0,<22>a</c><28>a</c><34>n</c><37>i</c><42>jigakakaru</c>,aanijigakakaru
92.176,92.81,-1,0,<22>a</c><28>a</c><34>n</c><37>i</c><40>j</c><30>i</c><42>gakakaru</c>,aanijigakakaru
92.81,93.477,-1,0,<22>a</c><28>a</c><34>n</c><37>i</c><40>j</c><30>i</c><23>g</c><17>a</c><42>kakaru</c>,aanijigakakaru
93.477,94.111,-1,0,<22>a</c><28>a</c><34>n</c><37>i</c><40>j</c><30>i</c><23>g</c><17>a</c><10>k</c><3>a</c><42>karu</c>,aanijigakakaru
94.111,94.745,-1,0,<22>a</c><28>a</c><34>n</c><37>i</c><40>j</c><30>i</c><23>g</c><17>a</c><10>k</c><3>a</c><6>k</c><11>a</c><42>ru</c>,aanijigakakaru
94.745,97.314,-1,0,<22>a</c><28>a</c><34>n</c><37>i</c><40>j</c><30>i</c><23>g</c><17>a</c><10>k</c><3>a</c><6>k</c><11>a</c><15>r</c><21>u</c>,aanijigakakaru
99.917,100.217,-1,0,<42>po</c><43>kapokamitasareteku</c>,pokapokamitasareteku
100.217,100.584,-1,0,<42>poka</c><43>pokamitasareteku</c>,pokapokamitasareteku
100.584,100.884,-1,0,<42>pokapo</c><43>kamitasareteku</c>,pokapokamitasareteku
100.884,101.518,-1,0,<42>pokapoka</c><43>mitasareteku</c>,pokapokamitasareteku
101.518,101.852,-1,0,<42>pokapokami</c><43>tasareteku</c>,pokapokamitasareteku
101.852,102.186,-1,0,<42>pokapokamita</c><43>sareteku</c>,pokapokamitasareteku
102.186,102.82,-1,0,<42>pokapokamitasa</c><43>reteku</c>,pokapokamitasareteku
102.82,103.153,-1,0,<42>pokapokamitasare</c><43>teku</c>,pokapokamitasareteku
103.153,103.487,-1,0,<42>pokapokamitasarete</c><43>ku</c>,pokapokamitasareteku
103.487,105.055,-1,0,<42>pokapokamitasareteku</c>,pokapokamitasareteku
105.055,105.355,-1,0,<42>na</c><43>nigenainichijouga</c>,nanigenainichijouga
105.355,105.689,-1,0,<42>nani</c><43>genainichijouga</c>,nanigenainichijouga
105.689,106.023,-1,0,<42>nanige</c><43>nainichijouga</c>,nanigenainichijouga
106.023,106.657,-1,0,<42>nanigenai</c><43>nichijouga</c>,nanigenainichijouga
106.657,106.957,-1,0,<42>nanigenaini</c><43>chijouga</c>,nanigenainichijouga
106.957,107.291,-1,0,<42>nanigenainichi</c><43>jouga</c>,nanigenainichijouga
107.291,107.958,-1,0,<42>nanigenainichijo</c><43>uga</c>,nanigenainichijouga
107.958,108.592,-1,0,<42>nanigenainichijou</c><43>ga</c>,nanigenainichijouga
108.592,109.259,-1,0,<42>nanigenainichijouga</c>,nanigenainichijouga
109.259,109.593,-1,0,<42>bo</c><43>kunokaminiwahanakanzashi</c>,bokunokaminiwahanakanzashi
109.593,109.927,-1,0,<42>boku</c><43>nokaminiwahanakanzashi</c>,bokunokaminiwahanakanzashi
109.927,110.194,-1,0,<42>bokuno</c><43>kaminiwahanakanzashi</c>,bokunokaminiwahanakanzashi
110.194,110.561,-1,0,<42>bokunoka</c><43>miniwahanakanzashi</c>,bokunokaminiwahanakanzashi
110.561,110.894,-1,0,<42>bokunokami</c><43>niwahanakanzashi</c>,bokunokaminiwahanakanzashi
110.894,111.228,-1,0,<42>bokunokamini</c><43>wahanakanzashi</c>,bokunokaminiwahanakanzashi
111.228,111.829,-1,0,<42>bokunokaminiwa</c><43>hanakanzashi</c>,bokunokaminiwahanakanzashi
111.829,112.162,-1,0,<42>bokunokaminiwaha</c><43>nakanzashi</c>,bokunokaminiwahanakanzashi
112.162,112.496,-1,0,<42>bokunokaminiwahana</c><43>kanzashi</c>,bokunokaminiwahanakanzashi
112.496,113.13,-1,0,<42>bokunokaminiwahanaka</c><43>nzashi</c>,bokunokaminiwahanakanzashi
113.13,113.464,-1,0,<42>bokunokaminiwahanakan</c><43>zashi</c>,bokunokaminiwahanakanzashi
113.464,113.73,-1,0,<42>bokunokaminiwahanakanza</c><43>shi</c>,bokunokaminiwahanakanzashi
113.73,114.398,-1,0,<42>bokunokaminiwahanakanzashi</c>,bokunokaminiwahanakanzashi
114.398,114.731,-1,0,<42>ki</c><43>migakuretataisetsunamono</c>,kimigakuretataisetsunamono
114.731,115.065,-1,0,<42>kimi</c><43>gakuretataisetsunamono</c>,kimigakuretataisetsunamono
115.065,115.666,-1,0,<42>kimiga</c><43>kuretataisetsunamono</c>,kimigakuretataisetsunamono
115.666,116.033,-1,0,<42>kimigaku</c><43>retataisetsunamono</c>,kimigakuretataisetsunamono
116.033,116.333,-1,0,<42>kimigakure</c><43>tataisetsunamono</c>,kimigakuretataisetsunamono
116.333,117.0,-1,0,<42>kimigakureta</c><43>taisetsunamono</c>,kimigakuretataisetsunamono
117.0,117.334,-1,0,<42>kimigakuretata</c><43>isetsunamono</c>,kimigakuretataisetsunamono
117.334,117.634,-1,0,<42>kimigakuretatai</c><43>setsunamono</c>,kimigakuretataisetsunamono
117.634,118.168,-1,0,<42>kimigakuretataise</c><43>tsunamono</c>,kimigakuretataisetsunamono
118.168,118.302,-1,0,<42>kimigakuretataisetsu</c><43>namono</c>,kimigakuretataisetsunamono
118.302,118.602,-1,0,<42>kimigakuretataisetsuna</c><43>mono</c>,kimigakuretataisetsunamono
118.602,118.936,-1,0,<42>kimigakuretataisetsunamo</c><43>no</c>,kimigakuretataisetsunamono
118.936,119.937,-1,0,<42>kimigakuretataisetsunamono</c>,kimigakuretataisetsunamono
130.881,131.515,-1,0,<42>haa</c><43>tamaniwahoraochikonde</c>,haatamaniwahoraochikonde
131.515,131.748,-1,0,<42>haata</c><43>maniwahoraochikonde</c>,haatamaniwahoraochikonde
131.748,131.849,-1,0,<42>haatama</c><43>niwahoraochikonde</c>,haatamaniwahoraochikonde
131.849,132.049,-1,0,<42>haatamani</c><43>wahoraochikonde</c>,haatamaniwahoraochikonde
132.049,132.149,-1,0,<42>haatamaniwa</c><43>horaochikonde</c>,haatamaniwahoraochikonde
132.149,132.483,-1,0,<42>haatamaniwaho</c><43>raochikonde</c>,haatamaniwahoraochikonde
132.483,133.15,-1,0,<42>haatamaniwahora</c><43>ochikonde</c>,haatamaniwahoraochikonde
133.15,133.417,-1,0,<42>haatamaniwahorao</c><43>chikonde</c>,haatamaniwahoraochikonde
133.417,133.784,-1,0,<42>haatamaniwahoraochi</c><43>konde</c>,haatamaniwahoraochikonde
133.784,134.084,-1,0,<42>haatamaniwahoraochiko</c><43>nde</c>,haatamaniwahoraochikonde
134.084,134.418,-1,0,<42>haatamaniwahoraochikon</c><43>de</c>,haatamaniwahoraochikonde
134.418,135.085,-1,0,<42>haatamaniwahoraochikonde</c>,haatamaniwahoraochikonde
135.085,135.385,-1,0,<42>ne</c><43>murenaiyorugaotozuretari</c>,nemurenaiyorugaotozuretari
135.385,135.752,-1,0,<42>nemu</c><43>renaiyorugaotozuretari</c>,nemurenaiyorugaotozuretari
135.752,136.053,-1,0,<42>nemure</c><43>naiyorugaotozuretari</c>,nemurenaiyorugaotozuretari
136.053,136.386,-1,0,<42>nemurena</c><43>iyorugaotozuretari</c>,nemurenaiyorugaotozuretari
136.386,136.687,-1,0,<42>nemurenai</c><43>yorugaotozuretari</c>,nemurenaiyorugaotozuretari
136.687,137.02,-1,0,<42>nemurenaiyo</c><43>rugaotozuretari</c>,nemurenaiyorugaotozuretari
137.02,137.654,-1,0,<42>nemurenaiyoru</c><43>gaotozuretari</c>,nemurenaiyorugaotozuretari
137.654,137.988,-1,0,<42>nemurenaiyoruga</c><43>otozuretari</c>,nemurenaiyorugaotozuretari
137.988,138.322,-1,0,<42>nemurenaiyorugao</c><43>tozuretari</c>,nemurenaiyorugaotozuretari
138.322,138.622,-1,0,<42>nemurenaiyorugaoto</c><43>zuretari</c>,nemurenaiyorugaotozuretari
138.622,138.956,-1,0,<42>nemurenaiyorugaotozu</c><43>retari</c>,nemurenaiyorugaotozuretari
138.956,139.289,-1,0,<42>nemurenaiyorugaotozure</c><43>tari</c>,nemurenaiyorugaotozuretari
139.289,139.623,-1,0,<42>nemurenaiyorugaotozureta</c><43>ri</c>,nemurenaiyorugaotozuretari
139.623,141.191,-1,0,<42>nemurenaiyorugaotozuretari</c>,nemurenaiyorugaotozuretari
141.191,141.825,-1,0,<42>aa</c><43>miserarenainaharetamewa</c>,aamiserarenainaharetamewa
141.825,142.059,-1,0,<42>aami</c><43>serarenainaharetamewa</c>,aamiserarenainaharetamewa
142.059,142.159,-1,0,<42>aamise</c><43>rarenainaharetamewa</c>,aamiserarenainaharetamewa
142.159,142.359,-1,0,<42>aamisera</c><43>renainaharetamewa</c>,aamiserarenainaharetamewa
142.359,142.493,-1,0,<42>aamiserare</c><43>nainaharetamewa</c>,aamiserarenainaharetamewa
142.493,142.659,-1,0,<42>aamiserarena</c><43>inaharetamewa</c>,aamiserarenainaharetamewa
142.659,142.793,-1,0,<42>aamiserarenai</c><43>naharetamewa</c>,aamiserarenainaharetamewa
142.793,143.46,-1,0,<42>aamiserarenaina</c><43>haretamewa</c>,aamiserarenainaharetamewa
143.46,143.76,-1,0,<42>aamiserarenainaha</c><43>retamewa</c>,aamiserarenainaharetamewa
143.76,144.094,-1,0,<42>aamiserarenainahare</c><43>tamewa</c>,aamiserarenainaharetamewa
144.094,144.428,-1,0,<42>aamiserarenainahareta</c><43>mewa</c>,aamiserarenainaharetamewa
144.428,144.761,-1,0,<42>aamiserarenainaharetame</c><43>wa</c>,aamiserarenainaharetamewa
144.761,145.395,-1,0,<42>aamiserarenainaharetamewa</c>,aamiserarenainaharetamewa
145.395,145.729,56,0,<42>ya</c><43>sashiikimiwasugukizukukara</c>,yasashiikimiwasugukizukukara
145.729,146.063,56,0,<42>yasa</c><43>shiikimiwasugukizukukara</c>,yasashiikimiwasugukizukukara
146.063,146.363,56,0,<42>yasashi</c><43>ikimiwasugukizukukara</c>,yasashiikimiwasugukizukukara
146.363,146.663,56,0,<42>yasashii</c><43>kimiwasugukizukukara</c>,yasashiikimiwasugukizukukara
146.663,146.997,56,0,<42>yasashiiki</c><43>miwasugukizukukara</c>,yasashiikimiwasugukizukukara
146.997,147.331,56,0,<42>yasashiikimi</c><43>wasugukizukukara</c>,yasashiikimiwasugukizukukara
147.331,147.998,56,0,<42>yasashiikimiwa</c><43>sugukizukukara</c>,yasashiikimiwasugukizukukara
147.998,148.298,56,0,<42>yasashiikimiwasu</c><43>gukizukukara</c>,yasashiikimiwasugukizukukara
148.298,148.599,56,0,<42>yasashiikimiwasugu</c><43>kizukukara</c>,yasashiikimiwasugukizukukara
148.599,148.932,56,0,<42>yasashiikimiwasuguki</c><43>zukukara</c>,yasashiikimiwasugukizukukara
148.932,149.266,56,0,<42>yasashiikimiwasugukizu</c><43>kukara</c>,yasashiikimiwasugukizukukara
149.266,149.6,56,0,<42>yasashiikimiwasugukizuku</c><43>kara</c>,yasashiikimiwasugukizukukara
149.6,149.9,56,0,<42>yasashiikimiwasugukizukuka</c><43>ra</c>,yasashiikimiwasugukizukukara
149.9,151.535,-1,0,<42>yasashiikimiwasugukizukukara</c>,yasashiikimiwasugukizukukara
153.003,153.137,77,0,<42>na</c><43>nimodekizunimadonosotomokurakunatte</c>,nanimodekizunimadonosotomokurakunatte
153.137,153.303,77,0,<42>nani</c><43>modekizunimadonosotomokurakunatte</c>,nanimodekizunimadonosotomokurakunatte
153.303,153.47,77,0,<42>nanimo</c><43>dekizunimadonosotomokurakunatte</c>,nanimodekizunimadonosotomokurakunatte
153.47,153.637,77,0,<42>nanimode</c><43>kizunimadonosotomokurakunatte</c>,nanimodekizunimadonosotomokurakunatte
153.637,153.77,77,0,<42>nanimodeki</c><43>zunimadonosotomokurakunatte</c>,nanimodekizunimadonosotomokurakunatte
153.77,153.971,77,0,<42>nanimodekizu</c><43>nimadonosotomokurakunatte</c>,nanimodekizunimadonosotomokurakunatte
153.971,154.104,77,0,<42>nanimodekizuni</c><43>madonosotomokurakunatte</c>,nanimodekizunimadonosotomokurakunatte
154.104,154.304,77,0,<42>nanimodekizunima</c><43>donosotomokurakunatte</c>,nanimodekizunimadonosotomokurakunatte
154.304,154.404,77,0,<42>nanimodekizunimado</c><43>nosotomokurakunatte</c>,nanimodekizunimadonosotomokurakunatte
154.404,154.605,77,0,<42>nanimodekizunimadono</c><43>sotomokurakunatte</c>,nanimodekizunimadonosotomokurakunatte
154.605,154.738,77,0,<42>nanimodekizunimadonoso</c><43>tomokurakunatte</c>,nanimodekizunimadonosotomokurakunatte
154.738,155.072,77,0,<42>nanimodekizunimadonosoto</c><43>mokurakunatte</c>,nanimodekizunimadonosotomokurakunatte
155.072,155.372,77,0,<42>nanimodekizunimadonosotomo</c><43>kurakunatte</c>,nanimodekizunimadonosotomokurakunatte
155.372,155.572,77,0,<42>nanimodekizunimadonosotomoku</c><43>rakunatte</c>,nanimodekizunimadonosotomokurakunatte
155.572,155.706,77,0,<42>nanimodekizunimadonosotomokura</c><43>kunatte</c>,nanimodekizunimadonosotomokurakunatte
155.706,155.906,77,0,<42>nanimodekizunimadonosotomokuraku</c><43>natte</c>,nanimodekizunimadonosotomokurakunatte
155.906,156.039,77,0,<42>nanimodekizunimadonosotomokurakuna</c><43>tte</c>,nanimodekizunimadonosotomokurakunatte
156.039,156.34,77,0,<42>nanimodekizunimadonosotomokurakunat</c><43>te</c>,nanimodekizunimadonosotomokurakunatte
156.34,156.707,73,0,<42>nanimodekizunimadonosotomokurakunatte</c>,nanimodekizunimadonosotomokurakunatte
158.142,158.275,59,0,<42>fu</c><43>toomoidasubokunokotoyobukoe</c>,futoomoidasubokunokotoyobukoe
158.275,158.442,59,0,<42>futo</c><43>omoidasubokunokotoyobukoe</c>,futoomoidasubokunokotoyobukoe
158.442,158.609,59,0,<42>futoo</c><43>moidasubokunokotoyobukoe</c>,futoomoidasubokunokotoyobukoe
158.609,158.809,59,0,<42>futoomo</c><43>idasubokunokotoyobukoe</c>,futoomoidasubokunokotoyobukoe
158.809,158.942,59,0,<42>futoomoi</c><43>dasubokunokotoyobukoe</c>,futoomoidasubokunokotoyobukoe
158.942,159.143,59,0,<42>futoomoida</c><43>subokunokotoyobukoe</c>,futoomoidasubokunokotoyobukoe
159.143,159.243,59,0,<42>futoomoidasu</c><43>bokunokotoyobukoe</c>,futoomoidasubokunokotoyobukoe
159.243,159.443,59,0,<42>futoomoidasubo</c><43>kunokotoyobukoe</c>,futoomoidasubokunokotoyobukoe
159.443,159.576,59,0,<42>futoomoidasuboku</c><43>nokotoyobukoe</c>,futoomoidasubokunokotoyobukoe
159.576,159.776,59,0,<42>futoomoidasubokuno</c><43>kotoyobukoe</c>,futoomoidasubokunokotoyobukoe
159.776,159.877,59,0,<42>futoomoidasubokunoko</c><43>toyobukoe</c>,futoomoidasubokunokotoyobukoe
159.877,160.21,59,0,<42>futoomoidasubokunokoto</c><43>yobukoe</c>,futoomoidasubokunokotoyobukoe
160.21,160.41,59,0,<42>futoomoidasubokunokotoyo</c><43>bukoe</c>,futoomoidasubokunokotoyobukoe
160.41,160.544,59,0,<42>futoomoidasubokunokotoyobu</c><43>koe</c>,futoomoidasubokunokotoyobukoe
160.544,161.178,59,0,<42>futoomoidasubokunokotoyobuko</c><43>e</c>,futoomoidasubokunokotoyobukoe
161.178,161.845,56,0,<42>futoomoidasubokunokotoyobukoe</c>,futoomoidasubokunokotoyobukoe
163.28,163.447,69,0,<42>so</c><43>uyattehibisasaeraretesusundekukara</c>,souyattehibisasaeraretesusundekukara
163.447,163.68,69,0,<42>sou</c><43>yattehibisasaeraretesusundekukara</c>,souyattehibisasaeraretesusundekukara
163.68,163.78,69,0,<42>souya</c><43>ttehibisasaeraretesusundekukara</c>,souyattehibisasaeraretesusundekukara
163.78,163.981,69,0,<42>souyat</c><43>tehibisasaeraretesusundekukara</c>,souyattehibisasaeraretesusundekukara
163.981,164.114,69,0,<42>souyatte</c><43>hibisasaeraretesusundekukara</c>,souyattehibisasaeraretesusundekukara
164.114,164.314,69,0,<42>souyattehi</c><43>bisasaeraretesusundekukara</c>,souyattehibisasaeraretesusundekukara
164.314,164.414,69,0,<42>souyattehibi</c><43>sasaeraretesusundekukara</c>,souyattehibisasaeraretesusundekukara
164.414,164.648,69,0,<42>souyattehibisa</c><43>saeraretesusundekukara</c>,souyattehibisasaeraretesusundekukara
164.648,164.748,69,0,<42>souyattehibisasa</c><43>eraretesusundekukara</c>,souyattehibisasaeraretesusundekukara
164.748,164.948,69,0,<42>souyattehibisasae</c><43>raretesusundekukara</c>,souyattehibisasaeraretesusundekukara
164.948,165.082,69,0,<42>souyattehibisasaera</c><43>retesusundekukara</c>,souyattehibisasaeraretesusundekukara
165.082,165.382,69,0,<42>souyattehibisasaerare</c><43>tesusundekukara</c>,souyattehibisasaeraretesusundekukara
165.382,165.716,69,0,<42>souyattehibisasaerarete</c><43>susundekukara</c>,souyattehibisasaeraretesusundekukara
165.716,165.849,69,0,<42>souyattehibisasaeraretesu</c><43>sundekukara</c>,souyattehibisasaeraretesusundekukara
165.849,166.016,69,0,<42>souyattehibisasaeraretesusu</c><43>ndekukara</c>,souyattehibisasaeraretesusundekukara
166.016,166.25,69,0,<42>souyattehibisasaeraretesusun</c><43>dekukara</c>,souyattehibisasaeraretesusundekukara
166.25,166.35,69,0,<42>souyattehibisasaeraretesusunde</c><43>kukara</c>,souyattehibisasaeraretesusundekukara
166.35,166.65,69,0,<42>souyattehibisasaeraretesusundeku</c><43>kara</c>,souyattehibisasaeraretesusundekukara
166.65,167.017,69,0,<42>souyattehibisasaeraretesusundekuka</c><43>ra</c>,souyattehibisasaeraretesusundekukara
167.017,167.985,66,0,<42>souyattehibisasaeraretesusundekukara</c>,souyattehibisasaeraretesusundekukara
167.985,168.318,-1,0,<42>ma</c><43>tamaeomukeru</c>,matamaeomukeru
168.318,169.253,-1,0,<42>mata</c><43>maeomukeru</c>,matamaeomukeru
169.253,169.453,-1,0,<42>matama</c><43>eomukeru</c>,matamaeomukeru
169.453,169.586,-1,0,<42>matamae</c><43>omukeru</c>,matamaeomukeru
169.586,170.22,-1,0,<42>matamaeo</c><43>mukeru</c>,matamaeomukeru
170.22,170.854,-1,0,<42>matamaeomu</c><43>keru</c>,matamaeomukeru
170.854,171.522,-1,0,<42>matamaeomuke</c><43>ru</c>,matamaeomukeru
171.522,173.123,-1,0,<42>matamaeomukeru</c>,matamaeomukeru
177.327,177.661,-1,0,<42>na</c><43>midadenuretahibimo</c>,namidadenuretahibimo
177.661,177.961,-1,0,<42>nami</c><43>dadenuretahibimo</c>,namidadenuretahibimo
177.961,178.295,-1,0,<42>namida</c><43>denuretahibimo</c>,namidadenuretahibimo
178.295,178.962,-1,0,<42>namidade</c><43>nuretahibimo</c>,namidadenuretahibimo
178.962,179.263,-1,0,<42>namidadenu</c><43>retahibimo</c>,namidadenuretahibimo
179.263,179.596,-1,0,<42>namidadenure</c><43>tahibimo</c>,namidadenuretahibimo
179.596,180.23,-1,0,<42>namidadenureta</c><43>hibimo</c>,namidadenuretahibimo
180.23,180.564,-1,0,<42>namidadenuretahi</c><43>bimo</c>,namidadenuretahibimo
180.564,180.898,-1,0,<42>namidadenuretahibi</c><43>mo</c>,namidadenuretahibimo
180.898,182.466,-1,0,<42>namidadenuretahibimo</c>,namidadenuretahibimo
182.466,182.833,-1,0,<42>e</c><43>gaonikawatteku</c>,egaonikawatteku
182.833,183.133,-1,0,<42>ega</c><43>onikawatteku</c>,egaonikawatteku
183.133,183.433,-1,0,<42>egao</c><43>nikawatteku</c>,egaonikawatteku
183.433,184.101,-1,0,<42>egaoni</c><43>kawatteku</c>,egaonikawatteku
184.101,184.401,-1,0,<42>egaonika</c><43>watteku</c>,egaonikawatteku
184.401,184.735,-1,0,<42>egaonikawa</c><43>tteku</c>,egaonikawatteku
184.735,185.369,-1,0,<42>egaonikawat</c><43>teku</c>,egaonikawatteku
185.369,186.036,-1,0,<42>egaonikawatte</c><43>ku</c>,egaonikawatteku
186.036,186.67,-1,0,<42>egaonikawatteku</c>,egaonikawatteku
186.67,186.97,-1,0,<42>bo</c><43>kunokokoronisakihokoruyo</c>,bokunokokoronisakihokoruyo
186.97,187.304,-1,0,<42>boku</c><43>nokokoronisakihokoruyo</c>,bokunokokoronisakihokoruyo
187.304,187.604,-1,0,<42>bokuno</c><43>kokoronisakihokoruyo</c>,bokunokokoronisakihokoruyo
187.604,187.971,-1,0,<42>bokunoko</c><43>koronisakihokoruyo</c>,bokunokokoronisakihokoruyo
187.971,188.272,-1,0,<42>bokunokoko</c><43>ronisakihokoruyo</c>,bokunokokoronisakihokoruyo
188.272,188.605,-1,0,<42>bokunokokoro</c><43>nisakihokoruyo</c>,bokunokokoronisakihokoruyo
188.605,189.206,-1,0,<42>bokunokokoroni</c><43>sakihokoruyo</c>,bokunokokoronisakihokoruyo
189.206,189.573,-1,0,<42>bokunokokoronisa</c><43>kihokoruyo</c>,bokunokokoronisakihokoruyo
189.573,189.907,-1,0,<42>bokunokokoronisaki</c><43>hokoruyo</c>,bokunokokoronisakihokoruyo
189.907,190.541,-1,0,<42>bokunokokoronisakiho</c><43>koruyo</c>,bokunokokoronisakihokoruyo
190.541,190.841,-1,0,<42>bokunokokoronisakihoko</c><43>ruyo</c>,bokunokokoronisakihokoruyo
190.841,191.175,-1,0,<42>bokunokokoronisakihokoru</c><43>yo</c>,bokunokokoronisakihokoruyo
191.175,191.842,-1,0,<42>bokunokokoronisakihokoruyo</c>,bokunokokoronisakihokoruyo
191.842,192.176,-1,0,<42>ki</c><43>migakuretataisetsunahibi</c>,kimigakuretataisetsunahibi
192.176,192.509,-1,0,<42>kimi</c><43>gakuretataisetsunahibi</c>,kimigakuretataisetsunahibi
192.509,193.11,-1,0,<42>kimiga</c><43>kuretataisetsunahibi</c>,kimigakuretataisetsunahibi
193.11,193.443,-1,0,<42>kimigaku</c><43>retataisetsunahibi</c>,kimigakuretataisetsunahibi
193.443,193.777,-1,0,<42>kimigakure</c><43>tataisetsunahibi</c>,kimigakuretataisetsunahibi
193.777,194.444,-1,0,<42>kimigakureta</c><43>taisetsunahibi</c>,kimigakuretataisetsunahibi
194.444,194.745,-1,0,<42>kimigakuretata</c><43>isetsunahibi</c>,kimigakuretataisetsunahibi
194.745,195.045,-1,0,<42>kimigakuretatai</c><43>setsunahibi</c>,kimigakuretataisetsunahibi
195.045,195.579,-1,0,<42>kimigakuretataise</c><43>tsunahibi</c>,kimigakuretataisetsunahibi
195.579,195.712,-1,0,<42>kimigakuretataisetsu</c><43>nahibi</c>,kimigakuretataisetsunahibi
195.712,196.013,-1,0,<42>kimigakuretataisetsuna</c><43>hibi</c>,kimigakuretataisetsunahibi
196.013,196.38,-1,0,<42>kimigakuretataisetsunahi</c><43>bi</c>,kimigakuretataisetsunahibi
196.38,197.281,-1,0,<42>kimigakuretataisetsunahibi</c>,kimigakuretataisetsunahibi
197.281,197.514,63,0,<42>ka</c><43>waribaenoshinainichijoudakedo</c>,kawaribaenoshinainichijoudakedo
197.514,197.648,63,0,<42>kawa</c><43>ribaenoshinainichijoudakedo</c>,kawaribaenoshinainichijoudakedo
197.648,197.848,63,0,<42>kawari</c><43>baenoshinainichijoudakedo</c>,kawaribaenoshinainichijoudakedo
197.848,197.948,63,0,<42>kawariba</c><43>enoshinainichijoudakedo</c>,kawaribaenoshinainichijoudakedo
197.948,198.282,63,0,<42>kawaribae</c><43>noshinainichijoudakedo</c>,kawaribaenoshinainichijoudakedo
198.282,198.615,63,0,<42>kawaribaeno</c><43>shinainichijoudakedo</c>,kawaribaenoshinainichijoudakedo
198.615,198.916,63,0,<42>kawaribaenoshi</c><43>nainichijoudakedo</c>,kawaribaenoshinainichijoudakedo
198.916,199.249,63,0,<42>kawaribaenoshina</c><43>inichijoudakedo</c>,kawaribaenoshinainichijoudakedo
199.249,200.184,63,0,<42>kawaribaenoshinai</c><43>nichijoudakedo</c>,kawaribaenoshinainichijoudakedo
200.184,200.417,63,0,<42>kawaribaenoshinaini</c><43>chijoudakedo</c>,kawaribaenoshinainichijoudakedo
200.417,200.517,63,0,<42>kawaribaenoshinainichi</c><43>joudakedo</c>,kawaribaenoshinainichijoudakedo
200.517,200.884,63,0,<42>kawaribaenoshinainichijo</c><43>udakedo</c>,kawaribaenoshinainichijoudakedo
200.884,201.185,63,0,<42>kawaribaenoshinainichijou</c><43>dakedo</c>,kawaribaenoshinainichijoudakedo
201.185,201.485,63,0,<42>kawaribaenoshinainichijouda</c><43>kedo</c>,kawaribaenoshinainichijoudakedo
201.485,201.818,63,0,<42>kawaribaenoshinainichijoudake</c><43>do</c>,kawaribaenoshinainichijoudakedo
201.818,202.753,59,0,<42>kawaribaenoshinainichijoudakedo</c>,kawaribaenoshinainichijoudakedo
202.753,202.986,-1,0,<42>shi</c><43>awasewahorafuritsumotteru</c>,shiawasewahorafuritsumotteru
202.986,203.12,-1,0,<42>shia</c><43>wasewahorafuritsumotteru</c>,shiawasewahorafuritsumotteru
203.12,203.453,-1,0,<42>shiawa</c><43>sewahorafuritsumotteru</c>,shiawasewahorafuritsumotteru
203.453,203.787,-1,0,<42>shiawase</c><43>wahorafuritsumotteru</c>,shiawasewahorafuritsumotteru
203.787,204.087,-1,0,<42>shiawasewa</c><43>horafuritsumotteru</c>,shiawasewahorafuritsumotteru
204.087,204.421,-1,0,<42>shiawasewaho</c><43>rafuritsumotteru</c>,shiawasewahorafuritsumotteru
204.421,205.055,-1,0,<42>shiawasewahora</c><43>furitsumotteru</c>,shiawasewahorafuritsumotteru
205.055,205.389,-1,0,<42>shiawasewahorafu</c><43>ritsumotteru</c>,shiawasewahorafuritsumotteru
205.389,205.689,-1,0,<42>shiawasewahorafuri</c><43>tsumotteru</c>,shiawasewahorafuritsumotteru
205.689,206.056,-1,0,<42>shiawasewahorafuritsu</c><43>motteru</c>,shiawasewahorafuritsumotteru
206.056,206.356,-1,0,<42>shiawasewahorafuritsumo</c><43>tteru</c>,shiawasewahorafuritsumotteru
206.356,206.69,-1,0,<42>shiawasewahorafuritsumot</c><43>teru</c>,shiawasewahorafuritsumotteru
206.69,206.99,-1,0,<42>shiawasewahorafuritsumotte</c><43>ru</c>,shiawasewahorafuritsumotteru
206.99,207.658,-1,0,<42>shiawasewahorafuritsumotteru</c>,shiawasewahorafuritsumotteru
207.658,207.858,64,0,<42>me</c><43>niwamienakutemotsukamenakutemo</c>,meniwamienakutemotsukamenakutemo
207.858,207.991,64,0,<42>meni</c><43>wamienakutemotsukamenakutemo</c>,meniwamienakutemotsukamenakutemo
207.991,208.192,64,0,<42>meniwa</c><43>mienakutemotsukamenakutemo</c>,meniwamienakutemotsukamenakutemo
208.192,208.325,64,0,<42>meniwami</c><43>enakutemotsukamenakutemo</c>,meniwamienakutemotsukamenakutemo
208.325,208.625,64,0,<42>meniwamie</c><43>nakutemotsukamenakutemo</c>,meniwamienakutemotsukamenakutemo
208.625,208.926,64,0,<42>meniwamiena</c><43>kutemotsukamenakutemo</c>,meniwamienakutemotsukamenakutemo
208.926,209.259,64,0,<42>meniwamienaku</c><43>temotsukamenakutemo</c>,meniwamienakutemotsukamenakutemo
209.259,209.593,64,0,<42>meniwamienakute</c><43>motsukamenakutemo</c>,meniwamienakutemotsukamenakutemo
209.593,210.494,64,0,<42>meniwamienakutemo</c><43>tsukamenakutemo</c>,meniwamienakutemotsukamenakutemo
210.494,210.761,64,0,<42>meniwamienakutemotsu</c><43>kamenakutemo</c>,meniwamienakutemotsukamenakutemo
210.761,210.894,64,0,<42>meniwamienakutemotsuka</c><43>menakutemo</c>,meniwamienakutemotsukamenakutemo
210.894,211.195,64,0,<42>meniwamienakutemotsukame</c><43>nakutemo</c>,meniwamienakutemotsukamenakutemo
211.195,211.528,64,0,<42>meniwamienakutemotsukamena</c><43>kutemo</c>,meniwamienakutemotsukamenakutemo
211.528,211.862,64,0,<42>meniwamienakutemotsukamenaku</c><43>temo</c>,meniwamienakutemotsukamenakutemo
211.862,212.162,64,0,<42>meniwamienakutemotsukamenakute</c><43>mo</c>,meniwamienakutemotsukamenakutemo
212.162,213.096,61,0,<42>meniwamienakutemotsukamenakutemo</c>,meniwamienakutemotsukamenakutemo
213.096,213.33,61,0,<42>ki</c><43>mitobokudeisshoniikouikiyou</c>,kimitobokudeisshoniikouikiyou
213.33,213.764,61,0,<42>kimi</c><43>tobokudeisshoniikouikiyou</c>,kimitobokudeisshoniikouikiyou
213.764,214.431,61,0,<42>kimito</c><43>bokudeisshoniikouikiyou</c>,kimitobokudeisshoniikouikiyou
214.431,214.731,61,0,<42>kimitobo</c><43>kudeisshoniikouikiyou</c>,kimitobokudeisshoniikouikiyou
214.731,215.065,61,0,<42>kimitoboku</c><43>deisshoniikouikiyou</c>,kimitobokudeisshoniikouikiyou
215.065,215.732,61,0,<42>kimitobokude</c><43>isshoniikouikiyou</c>,kimitobokudeisshoniikouikiyou
215.732,216.033,61,0,<42>kimitobokudei</c><43>sshoniikouikiyou</c>,kimitobokudeisshoniikouikiyou
216.033,216.7,61,0,<42>kimitobokudeis</c><43>shoniikouikiyou</c>,kimitobokudeisshoniikouikiyou
216.7,217.334,61,0,<42>kimitobokudeissho</c><43>niikouikiyou</c>,kimitobokudeisshoniikouikiyou
217.334,217.968,61,0,<42>kimitobokudeisshoni</c><43>ikouikiyou</c>,kimitobokudeisshoniikouikiyou
217.968,218.602,61,0,<42>kimitobokudeisshonii</c><43>kouikiyou</c>,kimitobokudeisshoniikouikiyou
218.602,218.969,61,0,<42>kimitobokudeisshoniiko</c><43>uikiyou</c>,kimitobokudeisshoniikouikiyou
218.969,219.903,61,0,<42>kimitobokudeisshoniikou</c><43>ikiyou</c>,kimitobokudeisshoniikouikiyou
219.903,220.571,61,0,<42>kimitobokudeisshoniikoui</c><43>kiyou</c>,kimitobokudeisshoniikouikiyou
220.571,221.205,61,0,<42>kimitobokudeisshoniikouiki</c><43>you</c>,kimitobokudeisshoniikouikiyou
221.205,221.538,61,0,<42>kimitobokudeisshoniikouikiyo</c><43>u</c>,kimitobokudeisshoniikouikiyou
221.538,223.84,58,0,<42>kimitobokudeisshoniikouikiyou</c>,kimitobokudeisshoniikouikiyou
226.31,226.677,73,0,<42>so</c><43>redemokowareteikukokorowamoroimonode</c>,soredemokowareteikukokorowamoroimonode
226.677,227.01,73,0,<42>sore</c><43>demokowareteikukokorowamoroimonode</c>,soredemokowareteikukokorowamoroimonode
227.01,227.344,73,0,<42>sorede</c><43>mokowareteikukokorowamoroimonode</c>,soredemokowareteikukokorowamoroimonode
227.344,227.978,73,0,<42>soredemo</c><43>kowareteikukokorowamoroimonode</c>,soredemokowareteikukokorowamoroimonode
227.978,228.312,73,0,<42>soredemoko</c><43>wareteikukokorowamoroimonode</c>,soredemokowareteikukokorowamoroimonode
228.312,228.645,73,0,<42>soredemokowa</c><43>reteikukokorowamoroimonode</c>,soredemokowareteikukokorowamoroimonode
228.645,229.279,73,0,<42>soredemokoware</c><43>teikukokorowamoroimonode</c>,soredemokowareteikukokorowamoroimonode
229.279,229.58,73,0,<42>soredemokowarete</c><43>ikukokorowamoroimonode</c>,soredemokowareteikukokorowamoroimonode
229.58,229.947,73,0,<42>soredemokowaretei</c><43>kukokorowamoroimonode</c>,soredemokowareteikukokorowamoroimonode
229.947,231.515,73,0,<42>soredemokowareteiku</c><43>kokorowamoroimonode</c>,soredemokowareteikukokorowamoroimonode
231.515,231.848,73,0,<42>soredemokowareteikuko</c><43>korowamoroimonode</c>,soredemokowareteikukokorowamoroimonode
231.848,232.182,73,0,<42>soredemokowareteikukoko</c><43>rowamoroimonode</c>,soredemokowareteikukokorowamoroimonode
232.182,232.516,73,0,<42>soredemokowareteikukokoro</c><43>wamoroimonode</c>,soredemokowareteikukokorowamoroimonode
232.516,233.116,73,0,<42>soredemokowareteikukokorowa</c><43>moroimonode</c>,soredemokowareteikukokorowamoroimonode
233.116,233.45,73,0,<42>soredemokowareteikukokorowamo</c><43>roimonode</c>,soredemokowareteikukokorowamoroimonode
233.45,233.784,73,0,<42>soredemokowareteikukokorowamoro</c><43>imonode</c>,soredemokowareteikukokorowamoroimonode
233.784,234.418,73,0,<42>soredemokowareteikukokorowamoroi</c><43>monode</c>,soredemokowareteikukokorowamoroimonode
234.418,234.751,73,0,<42>soredemokowareteikukokorowamoroimo</c><43>node</c>,soredemokowareteikukokorowamoroimonode
234.751,235.085,73,0,<42>soredemokowareteikukokorowamoroimono</c><43>de</c>,soredemokowareteikukokorowamoroimonode
235.085,235.719,70,0,<42>soredemokowareteikukokorowamoroimonode</c>,soredemokowareteikukokorowamoroimonode
235.719,236.053,78,0,<42>na</c><43>ndodattezetsubousurudarousoredemobokuwa</c>,nandodattezetsubousurudarousoredemobokuwa
236.053,236.353,78,0,<42>nan</c><43>dodattezetsubousurudarousoredemobokuwa</c>,nandodattezetsubousurudarousoredemobokuwa
236.353,236.687,78,0,<42>nando</c><43>dattezetsubousurudarousoredemobokuwa</c>,nandodattezetsubousurudarousoredemobokuwa
236.687,236.987,78,0,<42>nandoda</c><43>ttezetsubousurudarousoredemobokuwa</c>,nandodattezetsubousurudarousoredemobokuwa
236.987,237.354,78,0,<42>nandodat</c><43>tezetsubousurudarousoredemobokuwa</c>,nandodattezetsubousurudarousoredemobokuwa
237.354,237.688,78,0,<42>nandodatte</c><43>zetsubousurudarousoredemobokuwa</c>,nandodattezetsubousurudarousoredemobokuwa
237.688,238.188,78,0,<42>nandodatteze</c><43>tsubousurudarousoredemobokuwa</c>,nandodattezetsubousurudarousoredemobokuwa
238.188,238.288,78,0,<42>nandodattezetsu</c><43>bousurudarousoredemobokuwa</c>,nandodattezetsubousurudarousoredemobokuwa
238.288,238.622,78,0,<42>nandodattezetsubo</c><43>usurudarousoredemobokuwa</c>,nandodattezetsubousurudarousoredemobokuwa
238.622,238.989,78,0,<42>nandodattezetsubou</c><43>surudarousoredemobokuwa</c>,nandodattezetsubousurudarousoredemobokuwa
238.989,239.59,78,0,<42>nandodattezetsubousu</c><43>rudarousoredemobokuwa</c>,nandodattezetsubousurudarousoredemobokuwa
239.59,239.923,78,0,<42>nandodattezetsubousuru</c><43>darousoredemobokuwa</c>,nandodattezetsubousurudarousoredemobokuwa
239.923,240.257,78,0,<42>nandodattezetsubousuruda</c><43>rousoredemobokuwa</c>,nandodattezetsubousurudarousoredemobokuwa
240.257,240.557,78,0,<42>nandodattezetsubousurudaro</c><43>usoredemobokuwa</c>,nandodattezetsubousurudarousoredemobokuwa
240.557,241.858,78,0,<42>nandodattezetsubousurudarou</c><43>soredemobokuwa</c>,nandodattezetsubousurudarousoredemobokuwa
241.858,242.159,78,0,<42>nandodattezetsubousurudarouso</c><43>redemobokuwa</c>,nandodattezetsubousurudarousoredemobokuwa
242.159,242.492,78,0,<42>nandodattezetsubousurudarousore</c><43>demobokuwa</c>,nandodattezetsubousurudarousoredemobokuwa
242.492,242.826,78,0,<42>nandodattezetsubousurudarousorede</c><43>mobokuwa</c>,nandodattezetsubousurudarousoredemobokuwa
242.826,243.46,78,0,<42>nandodattezetsubousurudarousoredemo</c><43>bokuwa</c>,nandodattezetsubousurudarousoredemobokuwa
243.46,243.794,78,0,<42>nandodattezetsubousurudarousoredemobo</c><43>kuwa</c>,nandodattezetsubousurudarousoredemobokuwa
243.794,244.094,78,0,<42>nandodattezetsubousurudarousoredemoboku</c><43>wa</c>,nandodattezetsubousurudarousoredemobokuwa
244.094,246.363,75,0,<42>nandodattezetsubousurudarousoredemobokuwa</c>,nandodattezetsubousurudarousoredemobokuwa
246.997,247.297,-1,0,<42>po</c><43>kapokamitasareteku</c>,pokapokamitasareteku
247.297,247.631,-1,0,<42>poka</c><43>pokamitasareteku</c>,pokapokamitasareteku
247.631,247.965,-1,0,<42>pokapo</c><43>kamitasareteku</c>,pokapokamitasareteku
247.965,248.599,-1,0,<42>pokapoka</c><43>mitasareteku</c>,pokapokamitasareteku
248.599,248.932,-1,0,<42>pokapokami</c><43>tasareteku</c>,pokapokamitasareteku
248.932,249.266,-1,0,<42>pokapokamita</c><43>sareteku</c>,pokapokamitasareteku
249.266,249.9,-1,0,<42>pokapokamitasa</c><43>reteku</c>,pokapokamitasareteku
249.9,250.234,-1,0,<42>pokapokamitasare</c><43>teku</c>,pokapokamitasareteku
250.234,250.567,-1,0,<42>pokapokamitasarete</c><43>ku</c>,pokapokamitasareteku
250.567,252.135,-1,0,<42>pokapokamitasareteku</c>,pokapokamitasareteku
252.135,252.469,-1,0,<42>he</c><43>iwananichijouga</c>,heiwananichijouga
252.469,252.769,-1,0,<42>hei</c><43>wananichijouga</c>,heiwananichijouga
252.769,253.103,-1,0,<42>heiwa</c><43>nanichijouga</c>,heiwananichijouga
253.103,253.737,-1,0,<42>heiwana</c><43>nichijouga</c>,heiwananichijouga
253.737,254.037,-1,0,<42>heiwanani</c><43>chijouga</c>,heiwananichijouga
254.037,254.371,-1,0,<42>heiwananichi</c><43>jouga</c>,heiwananichijouga
254.371,255.038,-1,0,<42>heiwananichijo</c><43>uga</c>,heiwananichijouga
255.038,255.672,-1,0,<42>heiwananichijou</c><43>ga</c>,heiwananichijouga
255.672,256.34,-1,0,<42>heiwananichijouga</c>,heiwananichijouga
256.34,256.673,-1,0,<42>zu</c><43>ttotsuzuiteikebaiina</c>,zuttotsuzuiteikebaiina
256.673,257.007,-1,0,<42>zut</c><43>totsuzuiteikebaiina</c>,zuttotsuzuiteikebaiina
257.007,257.307,-1,0,<42>zutto</c><43>tsuzuiteikebaiina</c>,zuttotsuzuiteikebaiina
257.307,257.641,-1,0,<42>zuttotsu</c><43>zuiteikebaiina</c>,zuttotsuzuiteikebaiina
257.641,257.941,-1,0,<42>zuttotsuzu</c><43>iteikebaiina</c>,zuttotsuzuiteikebaiina
257.941,258.308,-1,0,<42>zuttotsuzui</c><43>teikebaiina</c>,zuttotsuzuiteikebaiina
258.308,258.942,-1,0,<42>zuttotsuzuite</c><43>ikebaiina</c>,zuttotsuzuiteikebaiina
258.942,259.276,-1,0,<42>zuttotsuzuitei</c><43>kebaiina</c>,zuttotsuzuiteikebaiina
259.276,259.576,-1,0,<42>zuttotsuzuiteike</c><43>baiina</c>,zuttotsuzuiteikebaiina
259.576,260.244,-1,0,<42>zuttotsuzuiteikeba</c><43>iina</c>,zuttotsuzuiteikebaiina
260.244,260.544,-1,0,<42>zuttotsuzuiteikebai</c><43>ina</c>,zuttotsuzuiteikebaiina
260.544,260.877,-1,0,<42>zuttotsuzuiteikebaii</c><43>na</c>,zuttotsuzuiteikebaiina
260.877,261.478,-1,0,<42>zuttotsuzuiteikebaiina</c>,zuttotsuzuiteikebaiina
261.478,261.845,-1,0,<42>so</c><43>unegatteisshoniutaou</c>,sounegatteisshoniutaou
261.845,262.145,-1,0,<42>sou</c><43>negatteisshoniutaou</c>,sounegatteisshoniutaou
262.145,262.813,-1,0,<42>soune</c><43>gatteisshoniutaou</c>,sounegatteisshoniutaou
262.813,263.113,-1,0,<42>sounega</c><43>tteisshoniutaou</c>,sounegatteisshoniutaou
263.113,263.413,-1,0,<42>sounegat</c><43>teisshoniutaou</c>,sounegatteisshoniutaou
263.413,264.081,-1,0,<42>sounegatte</c><43>isshoniutaou</c>,sounegatteisshoniutaou
264.081,264.414,-1,0,<42>sounegattei</c><43>sshoniutaou</c>,sounegatteisshoniutaou
264.414,264.715,-1,0,<42>sounegatteis</c><43>shoniutaou</c>,sounegatteisshoniutaou
264.715,265.382,-1,0,<42>sounegatteissho</c><43>niutaou</c>,sounegatteisshoniutaou
265.382,265.716,-1,0,<42>sounegatteisshoni</c><43>utaou</c>,sounegatteisshoniutaou
265.716,266.016,-1,0,<42>sounegatteisshoniu</c><43>taou</c>,sounegatteisshoniutaou
266.016,266.95,-1,0,<42>sounegatteisshoniuta</c><43>ou</c>,sounegatteisshoniutaou
266.95,267.618,-1,0,<42>sounegatteisshoniutao</c><43>u</c>,sounegatteisshoniutaou
267.618,270.22,-1,0,<42>sounegatteisshoniutaou</c>,sounegatteisshoniutaou
293.443,300.384,-1,0,<42>specialthanks:わためいと／watamates</c>,specialthanks:わためいと／watamates
