start,end,position,line,text,unformatted
22.406,22.473,-1,0,<5></c><4>souzounanteshitenakatta</c><5></c>,souzounanteshitenakatta
22.473,23.173,-1,0,<5></c><6>sou</c><4>zounanteshitenakatta</c><5></c>,souzounanteshitenakatta
23.173,23.841,56,0,<5></c><2>sou</c><6>zou</c><4>nanteshitenakatta</c><5></c>,souzounanteshitenakatta
23.841,24.108,56,0,<5></c><2>souzou</c><6>na</c><4>nteshitenakatta</c><5></c>,souzounanteshitenakatta
24.108,24.308,56,0,<5></c><2>souzouna</c><6>n</c><4>teshitenakatta</c><5></c>,souzounanteshitenakatta
24.308,24.508,56,0,<5></c><2>souzounan</c><6>te</c><4>shitenakatta</c><5></c>,souzounanteshitenakatta
24.508,24.742,56,0,<5></c><2>souzounante</c><6>shi</c><4>tenakatta</c><5></c>,souzounanteshitenakatta
24.742,24.942,56,0,<5></c><2>souzounanteshi</c><6>te</c><4>nakatta</c><5></c>,souzounanteshitenakatta
24.942,25.142,56,0,<5></c><2>souzounanteshite</c><6>na</c><4>katta</c><5></c>,souzounanteshitenakatta
25.142,25.609,56,0,<5></c><2>souzounanteshitena</c><6>kat</c><4>ta</c><5></c>,souzounanteshitenakatta
25.609,26.043,-1,0,<5></c><2>souzounanteshitenakat</c><6>ta</c><5></c>,souzounanteshitenakatta
26.043,26.643,-1,0,<5></c><6>gen</c><4>joukimimosouomotta?</c><5></c>,genjoukimimosouomotta?
26.643,27.311,56,0,<5></c><2>gen</c><6>jou</c><4>kimimosouomotta?</c><5></c>,genjoukimimosouomotta?
27.311,27.544,56,0,<5></c><2>genjou</c><6>ki</c><4>mimosouomotta?</c><5></c>,genjoukimimosouomotta?
27.544,27.778,56,0,<5></c><2>genjouki</c><6>mi</c><4>mosouomotta?</c><5></c>,genjoukimimosouomotta?
27.778,27.945,56,0,<5></c><2>genjoukimi</c><6>mo</c><4>souomotta?</c><5></c>,genjoukimimosouomotta?
27.945,28.178,56,0,<5></c><2>genjoukimimo</c><6>so</c><4>uomotta?</c><5></c>,genjoukimimosouomotta?
28.178,28.412,56,0,<5></c><2>genjoukimimoso</c><6>u</c><4>omotta?</c><5></c>,genjoukimimosouomotta?
28.412,28.612,56,0,<5></c><2>genjoukimimosou</c><6>o</c><4>motta?</c><5></c>,genjoukimimosouomotta?
28.612,29.079,56,0,<5></c><2>genjoukimimosouo</c><6>mot</c><4>ta?</c><5></c>,genjoukimimosouomotta?
29.079,29.38,-1,0,<5></c><2>genjoukimimosouomot</c><6>ta?</c><5></c>,genjoukimimosouomotta?
29.38,29.413,81,0,<5></c><4>“saikou”detomaranaiyounikoushinshitai</c><5></c>,“saikou”detomaranaiyounikoushinshitai
29.413,30.114,81,0,<5></c><6>“sai</c><4>kou”detomaranaiyounikoushinshitai</c><5></c>,“saikou”detomaranaiyounikoushinshitai
30.114,30.781,83,0,<5></c><2>“sai</c><6>kou”</c><4>detomaranaiyounikoushinshitai</c><5></c>,“saikou”detomaranaiyounikoushinshitai
30.781,31.015,83,0,<5></c><2>“saikou”</c><6>de</c><4>tomaranaiyounikoushinshitai</c><5></c>,“saikou”detomaranaiyounikoushinshitai
31.015,31.215,83,0,<5></c><2>“saikou”de</c><6>to</c><4>maranaiyounikoushinshitai</c><5></c>,“saikou”detomaranaiyounikoushinshitai
31.215,31.448,83,0,<5></c><2>“saikou”deto</c><6>ma</c><4>ranaiyounikoushinshitai</c><5></c>,“saikou”detomaranaiyounikoushinshitai
31.448,31.648,83,0,<5></c><2>“saikou”detoma</c><6>ra</c><4>naiyounikoushinshitai</c><5></c>,“saikou”detomaranaiyounikoushinshitai
31.648,31.849,83,0,<5></c><2>“saikou”detomara</c><6>na</c><4>iyounikoushinshitai</c><5></c>,“saikou”detomaranaiyounikoushinshitai
31.849,32.082,83,0,<5></c><2>“saikou”detomarana</c><6>i</c><4>younikoushinshitai</c><5></c>,“saikou”detomaranaiyounikoushinshitai
32.082,32.516,83,0,<5></c><2>“saikou”detomaranai</c><6>you</c><4>nikoushinshitai</c><5></c>,“saikou”detomaranaiyounikoushinshitai
32.516,32.916,83,0,<5></c><2>“saikou”detomaranaiyou</c><6>ni</c><4>koushinshitai</c><5></c>,“saikou”detomaranaiyounikoushinshitai
32.916,33.517,83,0,<5></c><2>“saikou”detomaranaiyouni</c><6>kou</c><4>shinshitai</c><5></c>,“saikou”detomaranaiyounikoushinshitai
33.517,34.151,83,0,<5></c><2>“saikou”detomaranaiyounikou</c><6>shin</c><4>shitai</c><5></c>,“saikou”detomaranaiyounikoushinshitai
34.151,34.451,83,0,<5></c><2>“saikou”detomaranaiyounikoushin</c><6>shi</c><4>tai</c><5></c>,“saikou”detomaranaiyounikoushinshitai
34.451,35.085,81,0,<5></c><2>“saikou”detomaranaiyounikoushinshi</c><6>tai</c><5></c>,“saikou”detomaranaiyounikoushinshitai
35.686,35.953,67,0,<5></c><6>ka</c><4>naetaiyumemadeatodorekurai?</c><5></c>,kanaetaiyumemadeatodorekurai?
35.953,36.153,69,0,<5></c><1>ka</c><6>na</c><4>etaiyumemadeatodorekurai?</c><5></c>,kanaetaiyumemadeatodorekurai?
36.153,36.353,69,0,<5></c><1>kana</c><6>e</c><4>taiyumemadeatodorekurai?</c><5></c>,kanaetaiyumemadeatodorekurai?
36.353,36.587,69,0,<5></c><1>kanae</c><6>ta</c><4>iyumemadeatodorekurai?</c><5></c>,kanaetaiyumemadeatodorekurai?
36.587,36.787,69,0,<5></c><1>kanaeta</c><6>i</c><4>yumemadeatodorekurai?</c><5></c>,kanaetaiyumemadeatodorekurai?
36.787,37.021,69,0,<5></c><1>kanaetai</c><6>yu</c><4>memadeatodorekurai?</c><5></c>,kanaetaiyumemadeatodorekurai?
37.021,37.221,69,0,<5></c><1>kanaetaiyu</c><6>me</c><4>madeatodorekurai?</c><5></c>,kanaetaiyumemadeatodorekurai?
37.221,37.488,69,0,<5></c><1>kanaetaiyume</c><6>ma</c><4>deatodorekurai?</c><5></c>,kanaetaiyumemadeatodorekurai?
37.488,37.654,69,0,<5></c><1>kanaetaiyumema</c><6>de</c><4>atodorekurai?</c><5></c>,kanaetaiyumemadeatodorekurai?
37.654,37.888,69,0,<5></c><1>kanaetaiyumemade</c><6>a</c><4>todorekurai?</c><5></c>,kanaetaiyumemadeatodorekurai?
37.888,38.088,69,0,<5></c><1>kanaetaiyumemadea</c><6>to</c><4>dorekurai?</c><5></c>,kanaetaiyumemadeatodorekurai?
38.088,38.322,69,0,<5></c><1>kanaetaiyumemadeato</c><6>do</c><4>rekurai?</c><5></c>,kanaetaiyumemadeatodorekurai?
38.322,38.522,69,0,<5></c><1>kanaetaiyumemadeatodo</c><6>re</c><4>kurai?</c><5></c>,kanaetaiyumemadeatodorekurai?
38.522,38.722,69,0,<5></c><1>kanaetaiyumemadeatodore</c><6>ku</c><4>rai?</c><5></c>,kanaetaiyumemadeatodorekurai?
38.722,39.189,67,0,<5></c><1>kanaetaiyumemadeatodoreku</c><6>rai?</c><5></c>,kanaetaiyumemadeatodorekurai?
39.189,39.423,64,0,<5></c><6>da</c><4>remoittakotoganaibashoe</c><5></c>,daremoittakotoganaibashoe
39.423,39.623,66,0,<5></c><1>da</c><6>re</c><4>moittakotoganaibashoe</c><5></c>,daremoittakotoganaibashoe
39.623,39.823,66,0,<5></c><1>dare</c><6>mo</c><4>ittakotoganaibashoe</c><5></c>,daremoittakotoganaibashoe
39.823,40.257,66,0,<5></c><1>daremo</c><6>it</c><4>takotoganaibashoe</c><5></c>,daremoittakotoganaibashoe
40.257,40.491,66,0,<5></c><1>daremoit</c><6>ta</c><4>kotoganaibashoe</c><5></c>,daremoittakotoganaibashoe
40.491,40.691,66,0,<5></c><1>daremoitta</c><6>ko</c><4>toganaibashoe</c><5></c>,daremoittakotoganaibashoe
40.691,40.924,66,0,<5></c><1>daremoittako</c><6>to</c><4>ganaibashoe</c><5></c>,daremoittakotoganaibashoe
40.924,41.125,66,0,<5></c><1>daremoittakoto</c><6>ga</c><4>naibashoe</c><5></c>,daremoittakotoganaibashoe
41.125,41.325,66,0,<5></c><1>daremoittakotoga</c><6>na</c><4>ibashoe</c><5></c>,daremoittakotoganaibashoe
41.325,41.792,66,0,<5></c><1>daremoittakotogana</c><6>i</c><4>bashoe</c><5></c>,daremoittakotoganaibashoe
41.792,41.959,66,0,<5></c><1>daremoittakotoganai</c><6>ba</c><4>shoe</c><5></c>,daremoittakotoganaibashoe
41.959,42.192,66,0,<5></c><1>daremoittakotoganaiba</c><6>sho</c><4>e</c><5></c>,daremoittakotoganaibashoe
42.192,42.659,64,0,<5></c><1>daremoittakotoganaibasho</c><6>e</c><5></c>,daremoittakotoganaibashoe
42.659,42.86,73,0,<5></c><6>ta</c><4>doritsukumadewa“bokuratomarenai”</c><5></c>,tadoritsukumadewa“bokuratomarenai”
42.86,43.093,75,0,<5></c><2>ta</c><6>do</c><4>ritsukumadewa“bokuratomarenai”</c><5></c>,tadoritsukumadewa“bokuratomarenai”
43.093,43.293,75,0,<5></c><2>tado</c><6>ri</c><4>tsukumadewa“bokuratomarenai”</c><5></c>,tadoritsukumadewa“bokuratomarenai”
43.293,43.494,75,0,<5></c><2>tadori</c><6>tsu</c><4>kumadewa“bokuratomarenai”</c><5></c>,tadoritsukumadewa“bokuratomarenai”
43.494,43.694,75,0,<5></c><2>tadoritsu</c><6>ku</c><4>madewa“bokuratomarenai”</c><5></c>,tadoritsukumadewa“bokuratomarenai”
43.694,43.927,75,0,<5></c><2>tadoritsuku</c><6>ma</c><4>dewa“bokuratomarenai”</c><5></c>,tadoritsukumadewa“bokuratomarenai”
43.927,44.161,75,0,<5></c><2>tadoritsukuma</c><6>de</c><4>wa“bokuratomarenai”</c><5></c>,tadoritsukumadewa“bokuratomarenai”
44.161,44.361,75,0,<5></c><2>tadoritsukumade</c><6>wa</c><4>“bokuratomarenai”</c><5></c>,tadoritsukumadewa“bokuratomarenai”
44.361,44.561,75,0,<5></c><2>tadoritsukumadewa</c><6>“bo</c><4>kuratomarenai”</c><5></c>,tadoritsukumadewa“bokuratomarenai”
44.561,44.795,75,0,<5></c><2>tadoritsukumadewa“bo</c><6>ku</c><4>ratomarenai”</c><5></c>,tadoritsukumadewa“bokuratomarenai”
44.795,44.995,75,0,<5></c><2>tadoritsukumadewa“boku</c><6>ra</c><4>tomarenai”</c><5></c>,tadoritsukumadewa“bokuratomarenai”
44.995,45.229,75,0,<5></c><2>tadoritsukumadewa“bokura</c><6>to</c><4>marenai”</c><5></c>,tadoritsukumadewa“bokuratomarenai”
45.229,45.429,75,0,<5></c><2>tadoritsukumadewa“bokurato</c><6>ma</c><4>renai”</c><5></c>,tadoritsukumadewa“bokuratomarenai”
45.429,45.662,75,0,<5></c><2>tadoritsukumadewa“bokuratoma</c><6>re</c><4>nai”</c><5></c>,tadoritsukumadewa“bokuratomarenai”
45.662,46.096,73,0,<5></c><2>tadoritsukumadewa“bokuratomare</c><6>nai”</c><5></c>,tadoritsukumadewa“bokuratomarenai”
46.096,46.33,73,0,<5></c><6>ta</c><4>bunshindoikedodoukayoroshikune</c><5></c>,tabunshindoikedodoukayoroshikune
46.33,46.53,75,0,<5></c><2>ta</c><6>bu</c><4>nshindoikedodoukayoroshikune</c><5></c>,tabunshindoikedodoukayoroshikune
46.53,46.697,75,0,<5></c><2>tabu</c><6>n</c><4>shindoikedodoukayoroshikune</c><5></c>,tabunshindoikedodoukayoroshikune
46.697,47.164,75,0,<5></c><2>tabun</c><6>shin</c><4>doikedodoukayoroshikune</c><5></c>,tabunshindoikedodoukayoroshikune
47.164,47.598,75,0,<5></c><2>tabunshin</c><6>doi</c><4>kedodoukayoroshikune</c><5></c>,tabunshindoikedodoukayoroshikune
47.598,47.831,75,0,<5></c><2>tabunshindoi</c><6>ke</c><4>dodoukayoroshikune</c><5></c>,tabunshindoikedodoukayoroshikune
47.831,48.232,75,0,<5></c><2>tabunshindoike</c><6>do</c><4>doukayoroshikune</c><5></c>,tabunshindoikedodoukayoroshikune
48.232,48.699,75,0,<5></c><2>tabunshindoikedo</c><6>dou</c><4>kayoroshikune</c><5></c>,tabunshindoikedodoukayoroshikune
48.699,48.899,75,0,<5></c><2>tabunshindoikedodou</c><6>ka</c><4>yoroshikune</c><5></c>,tabunshindoikedodoukayoroshikune
48.899,49.133,75,0,<5></c><2>tabunshindoikedodouka</c><6>yo</c><4>roshikune</c><5></c>,tabunshindoikedodoukayoroshikune
49.133,49.333,75,0,<5></c><2>tabunshindoikedodoukayo</c><6>ro</c><4>shikune</c><5></c>,tabunshindoikedodoukayoroshikune
49.333,49.533,75,0,<5></c><2>tabunshindoikedodoukayoro</c><6>shi</c><4>kune</c><5></c>,tabunshindoikedodoukayoroshikune
49.533,49.767,75,0,<5></c><2>tabunshindoikedodoukayoroshi</c><6>ku</c><4>ne</c><5></c>,tabunshindoikedodoukayoroshikune
49.767,50.2,73,0,<5></c><2>tabunshindoikedodoukayoroshiku</c><6>ne</c><5></c>,tabunshindoikedodoukayoroshikune
50.2,50.434,94,0,<5></c><6>nee</c><4>neetamanimeedeebokudakejatsukurenaimono</c><5></c>,neeneetamanimeedeebokudakejatsukurenaimono
50.434,50.768,95,0,<5></c><1>nee</c><6>nee</c><4>tamanimeedeebokudakejatsukurenaimono</c><5></c>,neeneetamanimeedeebokudakejatsukurenaimono
50.768,50.868,95,0,<5></c><1>neenee</c><6>ta</c><4>manimeedeebokudakejatsukurenaimono</c><5></c>,neeneetamanimeedeebokudakejatsukurenaimono
50.868,50.968,95,0,<5></c><1>neeneeta</c><6>ma</c><4>nimeedeebokudakejatsukurenaimono</c><5></c>,neeneetamanimeedeebokudakejatsukurenaimono
50.968,51.068,95,0,<5></c><1>neeneetama</c><6>ni</c><4>meedeebokudakejatsukurenaimono</c><5></c>,neeneetamanimeedeebokudakejatsukurenaimono
51.068,51.301,95,0,<5></c><1>neeneetamani</c><6>mee</c><4>deebokudakejatsukurenaimono</c><5></c>,neeneetamanimeedeebokudakejatsukurenaimono
51.301,51.735,95,0,<5></c><1>neeneetamanimee</c><6>dee</c><4>bokudakejatsukurenaimono</c><5></c>,neeneetamanimeedeebokudakejatsukurenaimono
51.735,51.802,95,0,<5></c><1>neeneetamanimeedee</c><6>bo</c><4>kudakejatsukurenaimono</c><5></c>,neeneetamanimeedeebokudakejatsukurenaimono
51.802,51.935,95,0,<5></c><1>neeneetamanimeedeebo</c><6>ku</c><4>dakejatsukurenaimono</c><5></c>,neeneetamanimeedeebokudakejatsukurenaimono
51.935,52.102,95,0,<5></c><1>neeneetamanimeedeeboku</c><6>da</c><4>kejatsukurenaimono</c><5></c>,neeneetamanimeedeebokudakejatsukurenaimono
52.102,52.236,95,0,<5></c><1>neeneetamanimeedeebokuda</c><6>ke</c><4>jatsukurenaimono</c><5></c>,neeneetamanimeedeebokudakejatsukurenaimono
52.236,52.369,95,0,<5></c><1>neeneetamanimeedeebokudake</c><6>ja</c><4>tsukurenaimono</c><5></c>,neeneetamanimeedeebokudakejatsukurenaimono
52.369,52.503,95,0,<5></c><1>neeneetamanimeedeebokudakeja</c><6>tsu</c><4>kurenaimono</c><5></c>,neeneetamanimeedeebokudakejatsukurenaimono
52.503,52.636,95,0,<5></c><1>neeneetamanimeedeebokudakejatsu</c><6>ku</c><4>renaimono</c><5></c>,neeneetamanimeedeebokudakejatsukurenaimono
52.636,52.803,95,0,<5></c><1>neeneetamanimeedeebokudakejatsuku</c><6>re</c><4>naimono</c><5></c>,neeneetamanimeedeebokudakejatsukurenaimono
52.803,52.97,95,0,<5></c><1>neeneetamanimeedeebokudakejatsukure</c><6>na</c><4>imono</c><5></c>,neeneetamanimeedeebokudakejatsukurenaimono
52.97,53.07,95,0,<5></c><1>neeneetamanimeedeebokudakejatsukurena</c><6>i</c><4>mono</c><5></c>,neeneetamanimeedeebokudakejatsukurenaimono
53.07,53.237,95,0,<5></c><1>neeneetamanimeedeebokudakejatsukurenai</c><6>mo</c><4>no</c><5></c>,neeneetamanimeedeebokudakejatsukurenaimono
53.237,53.437,94,0,<5></c><1>neeneetamanimeedeebokudakejatsukurenaimo</c><6>no</c><5></c>,neeneetamanimeedeebokudakejatsukurenaimono
53.437,53.604,97,0,<5></c><4>bokutokakimitokaatashitokakoitokaaitokamatometezenbu</c><5></c>,bokutokakimitokaatashitokakoitokaaitokamatometezenbu
53.604,53.67,97,0,<5></c><6>bo</c><4>kutokakimitokaatashitokakoitokaaitokamatometezenbu</c><5></c>,bokutokakimitokaatashitokakoitokaaitokamatometezenbu
53.67,53.737,98,0,<5></c><1>bo</c><6>ku</c><4>tokakimitokaatashitokakoitokaaitokamatometezenbu</c><5></c>,bokutokakimitokaatashitokakoitokaaitokamatometezenbu
53.737,53.871,98,0,<5></c><1>boku</c><6>to</c><4>kakimitokaatashitokakoitokaaitokamatometezenbu</c><5></c>,bokutokakimitokaatashitokakoitokaaitokamatometezenbu
53.871,53.971,98,0,<5></c><1>bokuto</c><6>ka</c><4>kimitokaatashitokakoitokaaitokamatometezenbu</c><5></c>,bokutokakimitokaatashitokakoitokaaitokamatometezenbu
53.971,54.071,98,0,<5></c><1>bokutoka</c><6>ki</c><4>mitokaatashitokakoitokaaitokamatometezenbu</c><5></c>,bokutokakimitokaatashitokakoitokaaitokamatometezenbu
54.071,54.204,98,0,<5></c><1>bokutokaki</c><6>mi</c><4>tokaatashitokakoitokaaitokamatometezenbu</c><5></c>,bokutokakimitokaatashitokakoitokaaitokamatometezenbu
54.204,54.304,98,0,<5></c><1>bokutokakimi</c><6>to</c><4>kaatashitokakoitokaaitokamatometezenbu</c><5></c>,bokutokakimitokaatashitokakoitokaaitokamatometezenbu
54.304,54.405,98,0,<5></c><1>bokutokakimito</c><6>ka</c><4>atashitokakoitokaaitokamatometezenbu</c><5></c>,bokutokakimitokaatashitokakoitokaaitokamatometezenbu
54.405,54.505,98,0,<5></c><1>bokutokakimitoka</c><6>a</c><4>tashitokakoitokaaitokamatometezenbu</c><5></c>,bokutokakimitokaatashitokakoitokaaitokamatometezenbu
54.505,54.605,98,0,<5></c><1>bokutokakimitokaa</c><6>ta</c><4>shitokakoitokaaitokamatometezenbu</c><5></c>,bokutokakimitokaatashitokakoitokaaitokamatometezenbu
54.605,54.738,98,0,<5></c><1>bokutokakimitokaata</c><6>shi</c><4>tokakoitokaaitokamatometezenbu</c><5></c>,bokutokakimitokaatashitokakoitokaaitokamatometezenbu
54.738,54.838,98,0,<5></c><1>bokutokakimitokaatashi</c><6>to</c><4>kakoitokaaitokamatometezenbu</c><5></c>,bokutokakimitokaatashitokakoitokaaitokamatometezenbu
54.838,55.072,98,0,<5></c><1>bokutokakimitokaatashito</c><6>ka</c><4>koitokaaitokamatometezenbu</c><5></c>,bokutokakimitokaatashitokakoitokaaitokamatometezenbu
55.072,55.172,98,0,<5></c><1>bokutokakimitokaatashitoka</c><6>ko</c><4>itokaaitokamatometezenbu</c><5></c>,bokutokakimitokaatashitokakoitokaaitokamatometezenbu
55.172,55.272,98,0,<5></c><1>bokutokakimitokaatashitokako</c><6>i</c><4>tokaaitokamatometezenbu</c><5></c>,bokutokakimitokaatashitokakoitokaaitokamatometezenbu
55.272,55.372,98,0,<5></c><1>bokutokakimitokaatashitokakoi</c><6>to</c><4>kaaitokamatometezenbu</c><5></c>,bokutokakimitokaatashitokakoitokaaitokamatometezenbu
55.372,55.572,98,0,<5></c><1>bokutokakimitokaatashitokakoito</c><6>ka</c><4>aitokamatometezenbu</c><5></c>,bokutokakimitokaatashitokakoitokaaitokamatometezenbu
55.572,55.706,98,0,<5></c><1>bokutokakimitokaatashitokakoitoka</c><6>a</c><4>itokamatometezenbu</c><5></c>,bokutokakimitokaatashitokakoitokaaitokamatometezenbu
55.706,55.806,98,0,<5></c><1>bokutokakimitokaatashitokakoitokaa</c><6>i</c><4>tokamatometezenbu</c><5></c>,bokutokakimitokaatashitokakoitokaaitokamatometezenbu
55.806,55.973,98,0,<5></c><1>bokutokakimitokaatashitokakoitokaai</c><6>to</c><4>kamatometezenbu</c><5></c>,bokutokakimitokaatashitokakoitokaaitokamatometezenbu
55.973,56.073,98,0,<5></c><1>bokutokakimitokaatashitokakoitokaaito</c><6>ka</c><4>matometezenbu</c><5></c>,bokutokakimitokaatashitokakoitokaaitokamatometezenbu
56.073,56.24,98,0,<5></c><1>bokutokakimitokaatashitokakoitokaaitoka</c><6>ma</c><4>tometezenbu</c><5></c>,bokutokakimitokaatashitokakoitokaaitokamatometezenbu
56.24,56.407,98,0,<5></c><1>bokutokakimitokaatashitokakoitokaaitokama</c><6>to</c><4>metezenbu</c><5></c>,bokutokakimitokaatashitokakoitokaaitokamatometezenbu
56.407,56.54,98,0,<5></c><1>bokutokakimitokaatashitokakoitokaaitokamato</c><6>me</c><4>tezenbu</c><5></c>,bokutokakimitokaatashitokakoitokaaitokamatometezenbu
56.54,56.64,98,0,<5></c><1>bokutokakimitokaatashitokakoitokaaitokamatome</c><6>te</c><4>zenbu</c><5></c>,bokutokakimitokaatashitokakoitokaaitokamatometezenbu
56.64,57.107,98,0,<5></c><1>bokutokakimitokaatashitokakoitokaaitokamatomete</c><6>zen</c><4>bu</c><5></c>,bokutokakimitokaatashitokakoitokaaitokamatometezenbu
57.107,57.307,97,0,<5></c><1>bokutokakimitokaatashitokakoitokaaitokamatometezen</c><6>bu</c><5></c>,bokutokakimitokaatashitokakoitokaaitokamatometezenbu
57.307,57.541,81,0,<5></c><6>ki</c><4>miooitedokkaniicchautokaarienaiyo</c><5></c>,kimiooitedokkaniicchautokaarienaiyo
57.541,57.775,83,0,<5></c><1>ki</c><6>mi</c><4>ooitedokkaniicchautokaarienaiyo</c><5></c>,kimiooitedokkaniicchautokaarienaiyo
57.775,57.975,83,0,<5></c><1>kimi</c><6>o</c><4>oitedokkaniicchautokaarienaiyo</c><5></c>,kimiooitedokkaniicchautokaarienaiyo
57.975,58.175,83,0,<5></c><1>kimio</c><6>o</c><4>itedokkaniicchautokaarienaiyo</c><5></c>,kimiooitedokkaniicchautokaarienaiyo
58.175,58.375,83,0,<5></c><1>kimioo</c><6>i</c><4>tedokkaniicchautokaarienaiyo</c><5></c>,kimiooitedokkaniicchautokaarienaiyo
58.375,58.609,83,0,<5></c><1>kimiooi</c><6>te</c><4>dokkaniicchautokaarienaiyo</c><5></c>,kimiooitedokkaniicchautokaarienaiyo
58.609,59.043,83,0,<5></c><1>kimiooite</c><6>dok</c><4>kaniicchautokaarienaiyo</c><5></c>,kimiooitedokkaniicchautokaarienaiyo
59.043,59.243,83,0,<5></c><1>kimiooitedok</c><6>ka</c><4>niicchautokaarienaiyo</c><5></c>,kimiooitedokkaniicchautokaarienaiyo
59.243,59.476,83,0,<5></c><1>kimiooitedokka</c><6>ni</c><4>icchautokaarienaiyo</c><5></c>,kimiooitedokkaniicchautokaarienaiyo
59.476,59.877,83,0,<5></c><1>kimiooitedokkani</c><6>ic</c><4>chautokaarienaiyo</c><5></c>,kimiooitedokkaniicchautokaarienaiyo
59.877,60.11,83,0,<5></c><1>kimiooitedokkaniic</c><6>cha</c><4>utokaarienaiyo</c><5></c>,kimiooitedokkaniicchautokaarienaiyo
60.11,60.344,83,0,<5></c><1>kimiooitedokkaniiccha</c><6>u</c><4>tokaarienaiyo</c><5></c>,kimiooitedokkaniicchautokaarienaiyo
60.344,60.544,83,0,<5></c><1>kimiooitedokkaniicchau</c><6>to</c><4>kaarienaiyo</c><5></c>,kimiooitedokkaniicchautokaarienaiyo
60.544,60.978,83,0,<5></c><1>kimiooitedokkaniicchauto</c><6>ka</c><4>arienaiyo</c><5></c>,kimiooitedokkaniicchautokaarienaiyo
60.978,61.211,83,0,<5></c><1>kimiooitedokkaniicchautoka</c><6>a</c><4>rienaiyo</c><5></c>,kimiooitedokkaniicchautokaarienaiyo
61.211,61.412,83,0,<5></c><1>kimiooitedokkaniicchautokaa</c><6>ri</c><4>enaiyo</c><5></c>,kimiooitedokkaniicchautokaarienaiyo
61.412,61.645,83,0,<5></c><1>kimiooitedokkaniicchautokaari</c><6>e</c><4>naiyo</c><5></c>,kimiooitedokkaniicchautokaarienaiyo
61.645,61.845,83,0,<5></c><1>kimiooitedokkaniicchautokaarie</c><6>na</c><4>iyo</c><5></c>,kimiooitedokkaniicchautokaarienaiyo
61.845,62.079,83,0,<5></c><1>kimiooitedokkaniicchautokaariena</c><6>i</c><4>yo</c><5></c>,kimiooitedokkaniicchautokaarienaiyo
62.079,63.347,81,0,<5></c><1>kimiooitedokkaniicchautokaarienai</c><6>yo</c><5></c>,kimiooitedokkaniicchautokaarienaiyo
63.347,63.614,77,0,<5></c><6>ki</c><4>migakuretaotonihajiketahibanani</c><5></c>,kimigakuretaotonihajiketahibanani
63.614,63.814,78,0,<5></c><2>ki</c><6>mi</c><4>gakuretaotonihajiketahibanani</c><5></c>,kimigakuretaotonihajiketahibanani
63.814,63.981,78,0,<5></c><2>kimi</c><6>ga</c><4>kuretaotonihajiketahibanani</c><5></c>,kimigakuretaotonihajiketahibanani
63.981,64.081,78,0,<5></c><2>kimiga</c><6>ku</c><4>retaotonihajiketahibanani</c><5></c>,kimigakuretaotonihajiketahibanani
64.081,64.214,78,0,<5></c><2>kimigaku</c><6>re</c><4>taotonihajiketahibanani</c><5></c>,kimigakuretaotonihajiketahibanani
64.214,64.415,78,0,<5></c><2>kimigakure</c><6>ta</c><4>otonihajiketahibanani</c><5></c>,kimigakuretaotonihajiketahibanani
64.415,64.648,78,0,<5></c><2>kimigakureta</c><6>o</c><4>tonihajiketahibanani</c><5></c>,kimigakuretaotonihajiketahibanani
64.648,64.782,78,0,<5></c><2>kimigakuretao</c><6>to</c><4>nihajiketahibanani</c><5></c>,kimigakuretaotonihajiketahibanani
64.782,65.082,78,0,<5></c><2>kimigakuretaoto</c><6>ni</c><4>hajiketahibanani</c><5></c>,kimigakuretaotonihajiketahibanani
65.082,65.282,78,0,<5></c><2>kimigakuretaotoni</c><6>ha</c><4>jiketahibanani</c><5></c>,kimigakuretaotonihajiketahibanani
65.282,65.516,78,0,<5></c><2>kimigakuretaotoniha</c><6>ji</c><4>ketahibanani</c><5></c>,kimigakuretaotonihajiketahibanani
65.516,65.716,78,0,<5></c><2>kimigakuretaotonihaji</c><6>ke</c><4>tahibanani</c><5></c>,kimigakuretaotonihajiketahibanani
65.716,65.949,78,0,<5></c><2>kimigakuretaotonihajike</c><6>ta</c><4>hibanani</c><5></c>,kimigakuretaotonihajiketahibanani
65.949,66.183,78,0,<5></c><2>kimigakuretaotonihajiketa</c><6>hi</c><4>banani</c><5></c>,kimigakuretaotonihajiketahibanani
66.183,66.383,78,0,<5></c><2>kimigakuretaotonihajiketahi</c><6>ba</c><4>nani</c><5></c>,kimigakuretaotonihajiketahibanani
66.383,66.483,78,0,<5></c><2>kimigakuretaotonihajiketahiba</c><6>na</c><4>ni</c><5></c>,kimigakuretaotonihajiketahibanani
66.483,66.817,77,0,<5></c><2>kimigakuretaotonihajiketahibana</c><6>ni</c><5></c>,kimigakuretaotonihajiketahibanani
66.817,67.017,88,0,<5></c><6>ha</c><4>jimemashitekarazuttokoishichatterundayo</c><5></c>,hajimemashitekarazuttokoishichatterundayo
67.017,67.284,89,0,<5></c><2>ha</c><6>ji</c><4>memashitekarazuttokoishichatterundayo</c><5></c>,hajimemashitekarazuttokoishichatterundayo
67.284,67.484,89,0,<5></c><2>haji</c><6>me</c><4>mashitekarazuttokoishichatterundayo</c><5></c>,hajimemashitekarazuttokoishichatterundayo
67.484,67.684,89,0,<5></c><2>hajime</c><6>ma</c><4>shitekarazuttokoishichatterundayo</c><5></c>,hajimemashitekarazuttokoishichatterundayo
67.684,67.918,89,0,<5></c><2>hajimema</c><6>shi</c><4>tekarazuttokoishichatterundayo</c><5></c>,hajimemashitekarazuttokoishichatterundayo
67.918,68.118,89,0,<5></c><2>hajimemashi</c><6>te</c><4>karazuttokoishichatterundayo</c><5></c>,hajimemashitekarazuttokoishichatterundayo
68.118,68.252,89,0,<5></c><2>hajimemashite</c><6>ka</c><4>razuttokoishichatterundayo</c><5></c>,hajimemashitekarazuttokoishichatterundayo
68.252,68.552,89,0,<5></c><2>hajimemashiteka</c><6>ra</c><4>zuttokoishichatterundayo</c><5></c>,hajimemashitekarazuttokoishichatterundayo
68.552,68.752,89,0,<5></c><2>hajimemashitekara</c><6>zut</c><4>tokoishichatterundayo</c><5></c>,hajimemashitekarazuttokoishichatterundayo
68.752,68.986,89,0,<5></c><2>hajimemashitekarazut</c><6>to</c><4>koishichatterundayo</c><5></c>,hajimemashitekarazuttokoishichatterundayo
68.986,69.119,89,0,<5></c><2>hajimemashitekarazutto</c><6>koi</c><4>shichatterundayo</c><5></c>,hajimemashitekarazuttokoishichatterundayo
69.119,69.219,89,0,<5></c><2>hajimemashitekarazuttokoi</c><6>shi</c><4>chatterundayo</c><5></c>,hajimemashitekarazuttokoishichatterundayo
69.219,69.42,89,0,<5></c><2>hajimemashitekarazuttokoishi</c><6>chat</c><4>terundayo</c><5></c>,hajimemashitekarazuttokoishichatterundayo
69.42,69.653,89,0,<5></c><2>hajimemashitekarazuttokoishichat</c><6>te</c><4>rundayo</c><5></c>,hajimemashitekarazuttokoishichatterundayo
69.653,69.853,89,0,<5></c><2>hajimemashitekarazuttokoishichatte</c><6>run</c><4>dayo</c><5></c>,hajimemashitekarazuttokoishichatterundayo
69.853,69.953,89,0,<5></c><2>hajimemashitekarazuttokoishichatterun</c><6>da</c><4>yo</c><5></c>,hajimemashitekarazuttokoishichatterundayo
69.953,70.687,88,0,<5></c><2>hajimemashitekarazuttokoishichatterunda</c><6>yo</c><5></c>,hajimemashitekarazuttokoishichatterundayo
70.687,70.888,67,0,<5></c><6>ki</c><4>minoinaimiraikangaerannaiyo</c><5></c>,kiminoinaimiraikangaerannaiyo
70.888,71.155,69,0,<5></c><2>ki</c><6>mi</c><4>noinaimiraikangaerannaiyo</c><5></c>,kiminoinaimiraikangaerannaiyo
71.155,71.355,69,0,<5></c><2>kimi</c><6>no</c><4>inaimiraikangaerannaiyo</c><5></c>,kiminoinaimiraikangaerannaiyo
71.355,71.555,69,0,<5></c><2>kimino</c><6>i</c><4>naimiraikangaerannaiyo</c><5></c>,kiminoinaimiraikangaerannaiyo
71.555,72.022,69,0,<5></c><2>kiminoi</c><6>nai</c><4>miraikangaerannaiyo</c><5></c>,kiminoinaimiraikangaerannaiyo
72.022,72.189,69,0,<5></c><2>kiminoinai</c><6>mi</c><4>raikangaerannaiyo</c><5></c>,kiminoinaimiraikangaerannaiyo
72.189,72.389,69,0,<5></c><2>kiminoinaimi</c><6>rai</c><4>kangaerannaiyo</c><5></c>,kiminoinaimiraikangaerannaiyo
72.389,72.856,69,0,<5></c><2>kiminoinaimirai</c><6>kan</c><4>gaerannaiyo</c><5></c>,kiminoinaimiraikangaerannaiyo
72.856,73.057,69,0,<5></c><2>kiminoinaimiraikan</c><6>ga</c><4>erannaiyo</c><5></c>,kiminoinaimiraikangaerannaiyo
73.057,73.29,69,0,<5></c><2>kiminoinaimiraikanga</c><6>e</c><4>rannaiyo</c><5></c>,kiminoinaimiraikangaerannaiyo
73.29,73.724,69,0,<5></c><2>kiminoinaimiraikangae</c><6>ran</c><4>naiyo</c><5></c>,kiminoinaimiraikangaerannaiyo
73.724,73.924,69,0,<5></c><2>kiminoinaimiraikangaeran</c><6>na</c><4>iyo</c><5></c>,kiminoinaimiraikangaerannaiyo
73.924,74.158,69,0,<5></c><2>kiminoinaimiraikangaeranna</c><6>i</c><4>yo</c><5></c>,kiminoinaimiraikangaerannaiyo
74.158,74.458,67,0,<5></c><2>kiminoinaimiraikangaerannai</c><6>yo</c><5></c>,kiminoinaimiraikangaerannaiyo
74.458,74.591,67,0,<5></c><6>ko</c><4>rekarasakimofutarigaiijan</c><5></c>,korekarasakimofutarigaiijan
74.591,74.691,69,0,<5></c><3>ko</c><6>re</c><4>karasakimofutarigaiijan</c><5></c>,korekarasakimofutarigaiijan
74.691,74.792,69,0,<5></c><3>kore</c><6>ka</c><4>rasakimofutarigaiijan</c><5></c>,korekarasakimofutarigaiijan
74.792,74.892,69,0,<5></c><3>koreka</c><6>ra</c><4>sakimofutarigaiijan</c><5></c>,korekarasakimofutarigaiijan
74.892,74.992,69,0,<5></c><3>korekara</c><6>sa</c><4>kimofutarigaiijan</c><5></c>,korekarasakimofutarigaiijan
74.992,75.092,69,0,<5></c><3>korekarasa</c><6>ki</c><4>mofutarigaiijan</c><5></c>,korekarasakimofutarigaiijan
75.092,75.192,69,0,<5></c><3>korekarasaki</c><6>mo</c><4>futarigaiijan</c><5></c>,korekarasakimofutarigaiijan
75.192,75.325,69,0,<5></c><3>korekarasakimo</c><6>fu</c><4>tarigaiijan</c><5></c>,korekarasakimofutarigaiijan
75.325,75.426,69,0,<5></c><3>korekarasakimofu</c><6>ta</c><4>rigaiijan</c><5></c>,korekarasakimofutarigaiijan
75.426,75.526,69,0,<5></c><3>korekarasakimofuta</c><6>ri</c><4>gaiijan</c><5></c>,korekarasakimofutarigaiijan
75.526,75.626,69,0,<5></c><3>korekarasakimofutari</c><6>ga</c><4>iijan</c><5></c>,korekarasakimofutarigaiijan
75.626,75.859,69,0,<5></c><3>korekarasakimofutariga</c><6>ii</c><4>jan</c><5></c>,korekarasakimofutarigaiijan
75.859,77.161,67,0,<5></c><3>korekarasakimofutarigaii</c><6>jan</c><5></c>,korekarasakimofutarigaiijan
77.161,77.361,77,0,<5></c><6>i</c><4>chizuninaruhodonigetakumonattayo</c><5></c>,ichizuninaruhodonigetakumonattayo
77.361,77.594,78,0,<5></c><1>i</c><6>chi</c><4>zuninaruhodonigetakumonattayo</c><5></c>,ichizuninaruhodonigetakumonattayo
77.594,77.795,78,0,<5></c><1>ichi</c><6>zu</c><4>ninaruhodonigetakumonattayo</c><5></c>,ichizuninaruhodonigetakumonattayo
77.795,78.028,78,0,<5></c><1>ichizu</c><6>ni</c><4>naruhodonigetakumonattayo</c><5></c>,ichizuninaruhodonigetakumonattayo
78.028,78.228,78,0,<5></c><1>ichizuni</c><6>na</c><4>ruhodonigetakumonattayo</c><5></c>,ichizuninaruhodonigetakumonattayo
78.228,78.429,78,0,<5></c><1>ichizunina</c><6>ru</c><4>hodonigetakumonattayo</c><5></c>,ichizuninaruhodonigetakumonattayo
78.429,78.595,78,0,<5></c><1>ichizuninaru</c><6>ho</c><4>donigetakumonattayo</c><5></c>,ichizuninaruhodonigetakumonattayo
78.595,78.896,78,0,<5></c><1>ichizuninaruho</c><6>do</c><4>nigetakumonattayo</c><5></c>,ichizuninaruhodonigetakumonattayo
78.896,79.096,78,0,<5></c><1>ichizuninaruhodo</c><6>ni</c><4>getakumonattayo</c><5></c>,ichizuninaruhodonigetakumonattayo
79.096,79.329,78,0,<5></c><1>ichizuninaruhodoni</c><6>ge</c><4>takumonattayo</c><5></c>,ichizuninaruhodonigetakumonattayo
79.329,79.53,78,0,<5></c><1>ichizuninaruhodonige</c><6>ta</c><4>kumonattayo</c><5></c>,ichizuninaruhodonigetakumonattayo
79.53,79.763,78,0,<5></c><1>ichizuninaruhodonigeta</c><6>ku</c><4>monattayo</c><5></c>,ichizuninaruhodonigetakumonattayo
79.763,79.963,78,0,<5></c><1>ichizuninaruhodonigetaku</c><6>mo</c><4>nattayo</c><5></c>,ichizuninaruhodonigetakumonattayo
79.963,80.197,78,0,<5></c><1>ichizuninaruhodonigetakumo</c><6>nat</c><4>tayo</c><5></c>,ichizuninaruhodonigetakumonattayo
80.197,80.297,78,0,<5></c><1>ichizuninaruhodonigetakumonat</c><6>ta</c><4>yo</c><5></c>,ichizuninaruhodonigetakumonattayo
80.297,80.597,77,0,<5></c><1>ichizuninaruhodonigetakumonatta</c><6>yo</c><5></c>,ichizuninaruhodonigetakumonattayo
80.597,80.798,83,0,<5></c><6>san</c><4>zannabokunokotoyondekuretearigatou</c><5></c>,sanzannabokunokotoyondekuretearigatou
80.798,81.065,84,0,<5></c><1>san</c><6>zan</c><4>nabokunokotoyondekuretearigatou</c><5></c>,sanzannabokunokotoyondekuretearigatou
81.065,81.265,84,0,<5></c><1>sanzan</c><6>na</c><4>bokunokotoyondekuretearigatou</c><5></c>,sanzannabokunokotoyondekuretearigatou
81.265,81.465,84,0,<5></c><1>sanzanna</c><6>bo</c><4>kunokotoyondekuretearigatou</c><5></c>,sanzannabokunokotoyondekuretearigatou
81.465,81.698,84,0,<5></c><1>sanzannabo</c><6>ku</c><4>nokotoyondekuretearigatou</c><5></c>,sanzannabokunokotoyondekuretearigatou
81.698,81.899,84,0,<5></c><1>sanzannaboku</c><6>no</c><4>kotoyondekuretearigatou</c><5></c>,sanzannabokunokotoyondekuretearigatou
81.899,81.999,84,0,<5></c><1>sanzannabokuno</c><6>ko</c><4>toyondekuretearigatou</c><5></c>,sanzannabokunokotoyondekuretearigatou
81.999,82.332,84,0,<5></c><1>sanzannabokunoko</c><6>to</c><4>yondekuretearigatou</c><5></c>,sanzannabokunokotoyondekuretearigatou
82.332,82.566,84,0,<5></c><1>sanzannabokunokoto</c><6>yon</c><4>dekuretearigatou</c><5></c>,sanzannabokunokotoyondekuretearigatou
82.566,82.733,84,0,<5></c><1>sanzannabokunokotoyon</c><6>de</c><4>kuretearigatou</c><5></c>,sanzannabokunokotoyondekuretearigatou
82.733,82.8,84,0,<5></c><1>sanzannabokunokotoyonde</c><6>ku</c><4>retearigatou</c><5></c>,sanzannabokunokotoyondekuretearigatou
82.8,82.966,84,0,<5></c><1>sanzannabokunokotoyondeku</c><6>re</c><4>tearigatou</c><5></c>,sanzannabokunokotoyondekuretearigatou
82.966,83.167,84,0,<5></c><1>sanzannabokunokotoyondekure</c><6>te</c><4>arigatou</c><5></c>,sanzannabokunokotoyondekuretearigatou
83.167,83.4,84,0,<5></c><1>sanzannabokunokotoyondekurete</c><6>a</c><4>rigatou</c><5></c>,sanzannabokunokotoyondekuretearigatou
83.4,83.634,84,0,<5></c><1>sanzannabokunokotoyondekuretea</c><6>ri</c><4>gatou</c><5></c>,sanzannabokunokotoyondekuretearigatou
83.634,83.734,84,0,<5></c><1>sanzannabokunokotoyondekureteari</c><6>ga</c><4>tou</c><5></c>,sanzannabokunokotoyondekuretearigatou
83.734,84.535,83,0,<5></c><1>sanzannabokunokotoyondekureteariga</c><6>tou</c><5></c>,sanzannabokunokotoyondekuretearigatou
84.535,84.768,67,0,<5></c><6>ki</c><4>minoinaimiraikangaerannaiyo</c><5></c>,kiminoinaimiraikangaerannaiyo
84.768,84.968,69,0,<5></c><1>ki</c><6>mi</c><4>noinaimiraikangaerannaiyo</c><5></c>,kiminoinaimiraikangaerannaiyo
84.968,85.169,69,0,<5></c><1>kimi</c><6>no</c><4>inaimiraikangaerannaiyo</c><5></c>,kiminoinaimiraikangaerannaiyo
85.169,85.402,69,0,<5></c><1>kimino</c><6>i</c><4>naimiraikangaerannaiyo</c><5></c>,kiminoinaimiraikangaerannaiyo
85.402,85.803,69,0,<5></c><1>kiminoi</c><6>nai</c><4>miraikangaerannaiyo</c><5></c>,kiminoinaimiraikangaerannaiyo
85.803,86.036,69,0,<5></c><1>kiminoinai</c><6>mi</c><4>raikangaerannaiyo</c><5></c>,kiminoinaimiraikangaerannaiyo
86.036,86.236,69,0,<5></c><1>kiminoinaimi</c><6>rai</c><4>kangaerannaiyo</c><5></c>,kiminoinaimiraikangaerannaiyo
86.236,86.67,69,0,<5></c><1>kiminoinaimirai</c><6>kan</c><4>gaerannaiyo</c><5></c>,kiminoinaimiraikangaerannaiyo
86.67,86.904,69,0,<5></c><1>kiminoinaimiraikan</c><6>ga</c><4>erannaiyo</c><5></c>,kiminoinaimiraikangaerannaiyo
86.904,87.104,69,0,<5></c><1>kiminoinaimiraikanga</c><6>e</c><4>rannaiyo</c><5></c>,kiminoinaimiraikangaerannaiyo
87.104,87.538,69,0,<5></c><1>kiminoinaimiraikangae</c><6>ran</c><4>naiyo</c><5></c>,kiminoinaimiraikangaerannaiyo
87.538,87.771,69,0,<5></c><1>kiminoinaimiraikangaeran</c><6>na</c><4>iyo</c><5></c>,kiminoinaimiraikangaerannaiyo
87.771,87.971,69,0,<5></c><1>kiminoinaimiraikangaeranna</c><6>i</c><4>yo</c><5></c>,kiminoinaimiraikangaerannaiyo
87.971,88.305,67,0,<5></c><1>kiminoinaimiraikangaerannai</c><6>yo</c><5></c>,kiminoinaimiraikangaerannaiyo
88.305,88.405,81,0,<5></c><6>ko</c><4>rekarasakimofutaridesoregaiijan</c><5></c>,korekarasakimofutaridesoregaiijan
88.405,88.505,83,0,<5></c><1>ko</c><6>re</c><4>karasakimofutaridesoregaiijan</c><5></c>,korekarasakimofutaridesoregaiijan
88.505,88.605,83,0,<5></c><1>kore</c><6>ka</c><4>rasakimofutaridesoregaiijan</c><5></c>,korekarasakimofutaridesoregaiijan
88.605,88.705,83,0,<5></c><1>koreka</c><6>ra</c><4>sakimofutaridesoregaiijan</c><5></c>,korekarasakimofutaridesoregaiijan
88.705,88.806,83,0,<5></c><1>korekara</c><6>sa</c><4>kimofutaridesoregaiijan</c><5></c>,korekarasakimofutaridesoregaiijan
88.806,88.939,83,0,<5></c><1>korekarasa</c><6>ki</c><4>mofutaridesoregaiijan</c><5></c>,korekarasakimofutaridesoregaiijan
88.939,89.039,83,0,<5></c><1>korekarasaki</c><6>mo</c><4>futaridesoregaiijan</c><5></c>,korekarasakimofutaridesoregaiijan
89.039,89.139,83,0,<5></c><1>korekarasakimo</c><6>fu</c><4>taridesoregaiijan</c><5></c>,korekarasakimofutaridesoregaiijan
89.139,89.273,83,0,<5></c><1>korekarasakimofu</c><6>ta</c><4>ridesoregaiijan</c><5></c>,korekarasakimofutaridesoregaiijan
89.273,89.406,83,0,<5></c><1>korekarasakimofuta</c><6>ri</c><4>desoregaiijan</c><5></c>,korekarasakimofutaridesoregaiijan
89.406,89.64,83,0,<5></c><1>korekarasakimofutari</c><6>de</c><4>soregaiijan</c><5></c>,korekarasakimofutaridesoregaiijan
89.64,90.14,83,0,<5></c><1>korekarasakimofutaride</c><6>so</c><4>regaiijan</c><5></c>,korekarasakimofutaridesoregaiijan
90.14,90.541,84,0,<5></c><1>korekarasakimofutaride</c><3>so</c><6>re</c><4>gaiijan</c><5></c>,korekarasakimofutaridesoregaiijan
90.541,91.008,84,0,<5></c><1>korekarasakimofutaride</c><3>sore</c><6>ga</c><4>iijan</c><5></c>,korekarasakimofutaridesoregaiijan
91.008,91.442,84,0,<5></c><1>korekarasakimofutaride</c><3>sorega</c><6>ii</c><4>jan</c><5></c>,korekarasakimofutaridesoregaiijan
91.442,93.41,83,0,<5></c><1>korekarasakimofutaride</c><3>soregaii</c><6>jan</c><5></c>,korekarasakimofutaridesoregaiijan
95.112,95.712,56,0,<5></c><6>mou</c><4>soufukurandekusutoorii</c><5></c>,mousoufukurandekusutoorii
95.712,96.413,58,0,<5></c><2>mou</c><6>sou</c><4>fukurandekusutoorii</c><5></c>,mousoufukurandekusutoorii
96.413,96.613,58,0,<5></c><2>mousou</c><6>fu</c><4>kurandekusutoorii</c><5></c>,mousoufukurandekusutoorii
96.613,96.814,58,0,<5></c><2>mousoufu</c><6>ku</c><4>randekusutoorii</c><5></c>,mousoufukurandekusutoorii
96.814,97.047,58,0,<5></c><2>mousoufuku</c><6>ra</c><4>ndekusutoorii</c><5></c>,mousoufukurandekusutoorii
97.047,97.281,58,0,<5></c><2>mousoufukura</c><6>n</c><4>dekusutoorii</c><5></c>,mousoufukurandekusutoorii
97.281,97.481,58,0,<5></c><2>mousoufukuran</c><6>de</c><4>kusutoorii</c><5></c>,mousoufukurandekusutoorii
97.481,97.581,58,0,<5></c><2>mousoufukurande</c><6>ku</c><4>sutoorii</c><5></c>,mousoufukurandekusutoorii
97.581,97.714,58,0,<5></c><2>mousoufukurandeku</c><6>su</c><4>toorii</c><5></c>,mousoufukurandekusutoorii
97.714,98.115,58,0,<5></c><2>mousoufukurandekusu</c><6>too</c><4>rii</c><5></c>,mousoufukurandekusutoorii
98.115,98.549,56,0,<5></c><2>mousoufukurandekusutoo</c><6>rii</c><5></c>,mousoufukurandekusutoorii
98.549,99.183,-1,0,<5></c><6>kan</c><4>shouyakenihekonjatte</c><5></c>,kanshouyakenihekonjatte
99.183,99.85,56,0,<5></c><2>kan</c><6>shou</c><4>yakenihekonjatte</c><5></c>,kanshouyakenihekonjatte
99.85,100.05,56,0,<5></c><2>kanshou</c><6>ya</c><4>kenihekonjatte</c><5></c>,kanshouyakenihekonjatte
100.05,100.284,56,0,<5></c><2>kanshouya</c><6>ke</c><4>nihekonjatte</c><5></c>,kanshouyakenihekonjatte
100.284,100.484,56,0,<5></c><2>kanshouyake</c><6>ni</c><4>hekonjatte</c><5></c>,kanshouyakenihekonjatte
100.484,100.684,56,0,<5></c><2>kanshouyakeni</c><6>he</c><4>konjatte</c><5></c>,kanshouyakenihekonjatte
100.684,100.918,56,0,<5></c><2>kanshouyakenihe</c><6>ko</c><4>njatte</c><5></c>,kanshouyakenihekonjatte
100.918,101.151,56,0,<5></c><2>kanshouyakeniheko</c><6>n</c><4>jatte</c><5></c>,kanshouyakenihekonjatte
101.151,101.585,56,0,<5></c><2>kanshouyakenihekon</c><6>jat</c><4>te</c><5></c>,kanshouyakenihekonjatte
101.585,102.019,-1,0,<5></c><2>kanshouyakenihekonjat</c><6>te</c><5></c>,kanshouyakenihekonjatte
102.019,102.619,58,0,<5></c><6>dai</c><4>shoumotomesugiwayaayo</c><5></c>,daishoumotomesugiwayaayo
102.619,103.287,59,0,<5></c><1>dai</c><6>shou</c><4>motomesugiwayaayo</c><5></c>,daishoumotomesugiwayaayo
103.287,103.52,59,0,<5></c><1>daishou</c><6>mo</c><4>tomesugiwayaayo</c><5></c>,daishoumotomesugiwayaayo
103.52,103.754,59,0,<5></c><1>daishoumo</c><6>to</c><4>mesugiwayaayo</c><5></c>,daishoumotomesugiwayaayo
103.754,103.921,59,0,<5></c><1>daishoumoto</c><6>me</c><4>sugiwayaayo</c><5></c>,daishoumotomesugiwayaayo
103.921,104.154,59,0,<5></c><1>daishoumotome</c><6>su</c><4>giwayaayo</c><5></c>,daishoumotomesugiwayaayo
104.154,104.354,59,0,<5></c><1>daishoumotomesu</c><6>gi</c><4>wayaayo</c><5></c>,daishoumotomesugiwayaayo
104.354,104.588,59,0,<5></c><1>daishoumotomesugi</c><6>wa</c><4>yaayo</c><5></c>,daishoumotomesugiwayaayo
104.588,105.055,59,0,<5></c><1>daishoumotomesugiwa</c><6>yaa</c><4>yo</c><5></c>,daishoumotomesugiwayaayo
105.055,105.422,58,0,<5></c><1>daishoumotomesugiwayaa</c><6>yo</c><5></c>,daishoumotomesugiwayaayo
105.422,105.656,64,0,<5></c><6>o</c><4>wannaiainorenmeidoudesho?</c><5></c>,owannaiainorenmeidoudesho?
105.656,105.856,66,0,<5></c><3>o</c><6>wa</c><4>nnaiainorenmeidoudesho?</c><5></c>,owannaiainorenmeidoudesho?
105.856,106.09,66,0,<5></c><3>owa</c><6>n</c><4>naiainorenmeidoudesho?</c><5></c>,owannaiainorenmeidoudesho?
106.09,106.523,66,0,<5></c><3>owan</c><6>nai</c><4>ainorenmeidoudesho?</c><5></c>,owannaiainorenmeidoudesho?
106.523,106.757,66,0,<5></c><3>owannai</c><6>ai</c><4>norenmeidoudesho?</c><5></c>,owannaiainorenmeidoudesho?
106.757,106.957,66,0,<5></c><3>owannaiai</c><6>no</c><4>renmeidoudesho?</c><5></c>,owannaiainorenmeidoudesho?
106.957,107.157,66,0,<5></c><3>owannaiaino</c><6>re</c><4>nmeidoudesho?</c><5></c>,owannaiainorenmeidoudesho?
107.157,107.391,66,0,<5></c><3>owannaiainore</c><6>n</c><4>meidoudesho?</c><5></c>,owannaiainorenmeidoudesho?
107.391,107.825,66,0,<5></c><3>owannaiainoren</c><6>mei</c><4>doudesho?</c><5></c>,owannaiainorenmeidoudesho?
107.825,108.258,66,0,<5></c><3>owannaiainorenmei</c><6>dou</c><4>desho?</c><5></c>,owannaiainorenmeidoudesho?
108.258,108.425,66,0,<5></c><3>owannaiainorenmeidou</c><6>de</c><4>sho?</c><5></c>,owannaiainorenmeidoudesho?
108.425,108.892,64,0,<5></c><3>owannaiainorenmeidoude</c><6>sho?</c><5></c>,owannaiainorenmeidoudesho?
108.892,109.126,88,0,<5></c><6>nee</c><4>neeoidemeedeebokugakiminidekirukoto</c><5></c>,neeneeoidemeedeebokugakiminidekirukoto
109.126,109.426,89,0,<5></c><2>nee</c><6>nee</c><4>oidemeedeebokugakiminidekirukoto</c><5></c>,neeneeoidemeedeebokugakiminidekirukoto
109.426,109.526,89,0,<5></c><2>neenee</c><6>o</c><4>idemeedeebokugakiminidekirukoto</c><5></c>,neeneeoidemeedeebokugakiminidekirukoto
109.526,109.66,89,0,<5></c><2>neeneeo</c><6>i</c><4>demeedeebokugakiminidekirukoto</c><5></c>,neeneeoidemeedeebokugakiminidekirukoto
109.66,109.76,89,0,<5></c><2>neeneeoi</c><6>de</c><4>meedeebokugakiminidekirukoto</c><5></c>,neeneeoidemeedeebokugakiminidekirukoto
109.76,109.993,89,0,<5></c><2>neeneeoide</c><6>mee</c><4>deebokugakiminidekirukoto</c><5></c>,neeneeoidemeedeebokugakiminidekirukoto
109.993,110.527,89,0,<5></c><2>neeneeoidemee</c><6>dee</c><4>bokugakiminidekirukoto</c><5></c>,neeneeoidemeedeebokugakiminidekirukoto
110.527,110.594,89,0,<5></c><2>neeneeoidemeedee</c><6>bo</c><4>kugakiminidekirukoto</c><5></c>,neeneeoidemeedeebokugakiminidekirukoto
110.594,110.794,89,0,<5></c><2>neeneeoidemeedeebo</c><6>ku</c><4>gakiminidekirukoto</c><5></c>,neeneeoidemeedeebokugakiminidekirukoto
110.794,110.894,89,0,<5></c><2>neeneeoidemeedeeboku</c><6>ga</c><4>kiminidekirukoto</c><5></c>,neeneeoidemeedeebokugakiminidekirukoto
110.894,111.028,89,0,<5></c><2>neeneeoidemeedeebokuga</c><6>ki</c><4>minidekirukoto</c><5></c>,neeneeoidemeedeebokugakiminidekirukoto
111.028,111.195,89,0,<5></c><2>neeneeoidemeedeebokugaki</c><6>mi</c><4>nidekirukoto</c><5></c>,neeneeoidemeedeebokugakiminidekirukoto
111.195,111.328,89,0,<5></c><2>neeneeoidemeedeebokugakimi</c><6>ni</c><4>dekirukoto</c><5></c>,neeneeoidemeedeebokugakiminidekirukoto
111.328,111.462,89,0,<5></c><2>neeneeoidemeedeebokugakimini</c><6>de</c><4>kirukoto</c><5></c>,neeneeoidemeedeebokugakiminidekirukoto
111.462,111.662,89,0,<5></c><2>neeneeoidemeedeebokugakiminide</c><6>ki</c><4>rukoto</c><5></c>,neeneeoidemeedeebokugakiminidekirukoto
111.662,111.762,89,0,<5></c><2>neeneeoidemeedeebokugakiminideki</c><6>ru</c><4>koto</c><5></c>,neeneeoidemeedeebokugakiminidekirukoto
111.762,111.895,89,0,<5></c><2>neeneeoidemeedeebokugakiminidekiru</c><6>ko</c><4>to</c><5></c>,neeneeoidemeedeebokugakiminidekirukoto
111.895,112.362,88,0,<5></c><2>neeneeoidemeedeebokugakiminidekiruko</c><6>to</c><5></c>,neeneeoidemeedeebokugakiminidekirukoto
112.362,112.496,97,0,<5></c><6>ma</c><4>damadamadamadaarukedoodorokasetaikaranaishonanda</c><5></c>,madamadamadamadaarukedoodorokasetaikaranaishonanda
112.496,112.596,98,0,<5></c><2>ma</c><6>da</c><4>madamadamadaarukedoodorokasetaikaranaishonanda</c><5></c>,madamadamadamadaarukedoodorokasetaikaranaishonanda
112.596,112.696,98,0,<5></c><2>mada</c><6>ma</c><4>damadamadaarukedoodorokasetaikaranaishonanda</c><5></c>,madamadamadamadaarukedoodorokasetaikaranaishonanda
112.696,112.796,98,0,<5></c><2>madama</c><6>da</c><4>madamadaarukedoodorokasetaikaranaishonanda</c><5></c>,madamadamadamadaarukedoodorokasetaikaranaishonanda
112.796,112.93,98,0,<5></c><2>madamada</c><6>ma</c><4>damadaarukedoodorokasetaikaranaishonanda</c><5></c>,madamadamadamadaarukedoodorokasetaikaranaishonanda
112.93,113.03,98,0,<5></c><2>madamadama</c><6>da</c><4>madaarukedoodorokasetaikaranaishonanda</c><5></c>,madamadamadamadaarukedoodorokasetaikaranaishonanda
113.03,113.13,98,0,<5></c><2>madamadamada</c><6>ma</c><4>daarukedoodorokasetaikaranaishonanda</c><5></c>,madamadamadamadaarukedoodorokasetaikaranaishonanda
113.13,113.23,98,0,<5></c><2>madamadamadama</c><6>da</c><4>arukedoodorokasetaikaranaishonanda</c><5></c>,madamadamadamadaarukedoodorokasetaikaranaishonanda
113.23,113.33,98,0,<5></c><2>madamadamadamada</c><6>a</c><4>rukedoodorokasetaikaranaishonanda</c><5></c>,madamadamadamadaarukedoodorokasetaikaranaishonanda
113.33,113.43,98,0,<5></c><2>madamadamadamadaa</c><6>ru</c><4>kedoodorokasetaikaranaishonanda</c><5></c>,madamadamadamadaarukedoodorokasetaikaranaishonanda
113.43,113.564,98,0,<5></c><2>madamadamadamadaaru</c><6>ke</c><4>doodorokasetaikaranaishonanda</c><5></c>,madamadamadamadaarukedoodorokasetaikaranaishonanda
113.564,113.797,98,0,<5></c><2>madamadamadamadaaruke</c><6>do</c><4>odorokasetaikaranaishonanda</c><5></c>,madamadamadamadaarukedoodorokasetaikaranaishonanda
113.797,113.864,98,0,<5></c><2>madamadamadamadaarukedo</c><6>o</c><4>dorokasetaikaranaishonanda</c><5></c>,madamadamadamadaarukedoodorokasetaikaranaishonanda
113.864,113.997,98,0,<5></c><2>madamadamadamadaarukedoo</c><6>do</c><4>rokasetaikaranaishonanda</c><5></c>,madamadamadamadaarukedoodorokasetaikaranaishonanda
113.997,114.098,98,0,<5></c><2>madamadamadamadaarukedoodo</c><6>ro</c><4>kasetaikaranaishonanda</c><5></c>,madamadamadamadaarukedoodorokasetaikaranaishonanda
114.098,114.231,98,0,<5></c><2>madamadamadamadaarukedoodoro</c><6>ka</c><4>setaikaranaishonanda</c><5></c>,madamadamadamadaarukedoodorokasetaikaranaishonanda
114.231,114.398,98,0,<5></c><2>madamadamadamadaarukedoodoroka</c><6>se</c><4>taikaranaishonanda</c><5></c>,madamadamadamadaarukedoodorokasetaikaranaishonanda
114.398,114.531,98,0,<5></c><2>madamadamadamadaarukedoodorokase</c><6>ta</c><4>ikaranaishonanda</c><5></c>,madamadamadamadaarukedoodorokasetaikaranaishonanda
114.531,114.665,98,0,<5></c><2>madamadamadamadaarukedoodorokaseta</c><6>i</c><4>karanaishonanda</c><5></c>,madamadamadamadaarukedoodorokasetaikaranaishonanda
114.665,114.832,98,0,<5></c><2>madamadamadamadaarukedoodorokasetai</c><6>ka</c><4>ranaishonanda</c><5></c>,madamadamadamadaarukedoodorokasetaikaranaishonanda
114.832,114.965,98,0,<5></c><2>madamadamadamadaarukedoodorokasetaika</c><6>ra</c><4>naishonanda</c><5></c>,madamadamadamadaarukedoodorokasetaikaranaishonanda
114.965,115.065,98,0,<5></c><2>madamadamadamadaarukedoodorokasetaikara</c><6>na</c><4>ishonanda</c><5></c>,madamadamadamadaarukedoodorokasetaikaranaishonanda
115.065,115.199,98,0,<5></c><2>madamadamadamadaarukedoodorokasetaikarana</c><6>i</c><4>shonanda</c><5></c>,madamadamadamadaarukedoodorokasetaikaranaishonanda
115.199,115.399,98,0,<5></c><2>madamadamadamadaarukedoodorokasetaikaranai</c><6>sho</c><4>nanda</c><5></c>,madamadamadamadaarukedoodorokasetaikaranaishonanda
115.399,115.599,98,0,<5></c><2>madamadamadamadaarukedoodorokasetaikaranaisho</c><6>na</c><4>nda</c><5></c>,madamadamadamadaarukedoodorokasetaikaranaishonanda
115.599,115.799,98,0,<5></c><2>madamadamadamadaarukedoodorokasetaikaranaishona</c><6>n</c><4>da</c><5></c>,madamadamadamadaarukedoodorokasetaikaranaishonanda
115.799,115.999,97,0,<5></c><2>madamadamadamadaarukedoodorokasetaikaranaishonan</c><6>da</c><5></c>,madamadamadamadaarukedoodorokasetaikaranaishonanda
115.999,116.233,86,0,<5></c><6>ki</c><4>minoaigaitsumokacchaukotoyurusanaiyo</c><5></c>,kiminoaigaitsumokacchaukotoyurusanaiyo
116.233,116.467,88,0,<5></c><1>ki</c><6>mi</c><4>noaigaitsumokacchaukotoyurusanaiyo</c><5></c>,kiminoaigaitsumokacchaukotoyurusanaiyo
116.467,116.667,88,0,<5></c><1>kimi</c><6>no</c><4>aigaitsumokacchaukotoyurusanaiyo</c><5></c>,kiminoaigaitsumokacchaukotoyurusanaiyo
116.667,116.9,88,0,<5></c><1>kimino</c><6>a</c><4>igaitsumokacchaukotoyurusanaiyo</c><5></c>,kiminoaigaitsumokacchaukotoyurusanaiyo
116.9,117.101,88,0,<5></c><1>kiminoa</c><6>i</c><4>gaitsumokacchaukotoyurusanaiyo</c><5></c>,kiminoaigaitsumokacchaukotoyurusanaiyo
117.101,117.334,88,0,<5></c><1>kiminoai</c><6>ga</c><4>itsumokacchaukotoyurusanaiyo</c><5></c>,kiminoaigaitsumokacchaukotoyurusanaiyo
117.334,117.734,88,0,<5></c><1>kiminoaiga</c><6>i</c><4>tsumokacchaukotoyurusanaiyo</c><5></c>,kiminoaigaitsumokacchaukotoyurusanaiyo
117.734,117.935,88,0,<5></c><1>kiminoaigai</c><6>tsu</c><4>mokacchaukotoyurusanaiyo</c><5></c>,kiminoaigaitsumokacchaukotoyurusanaiyo
117.935,118.168,88,0,<5></c><1>kiminoaigaitsu</c><6>mo</c><4>kacchaukotoyurusanaiyo</c><5></c>,kiminoaigaitsumokacchaukotoyurusanaiyo
118.168,118.569,88,0,<5></c><1>kiminoaigaitsumo</c><6>kac</c><4>chaukotoyurusanaiyo</c><5></c>,kiminoaigaitsumokacchaukotoyurusanaiyo
118.569,118.836,88,0,<5></c><1>kiminoaigaitsumokac</c><6>cha</c><4>ukotoyurusanaiyo</c><5></c>,kiminoaigaitsumokacchaukotoyurusanaiyo
118.836,119.036,88,0,<5></c><1>kiminoaigaitsumokaccha</c><6>u</c><4>kotoyurusanaiyo</c><5></c>,kiminoaigaitsumokacchaukotoyurusanaiyo
119.036,119.269,88,0,<5></c><1>kiminoaigaitsumokacchau</c><6>ko</c><4>toyurusanaiyo</c><5></c>,kiminoaigaitsumokacchaukotoyurusanaiyo
119.269,119.67,88,0,<5></c><1>kiminoaigaitsumokacchauko</c><6>to</c><4>yurusanaiyo</c><5></c>,kiminoaigaitsumokacchaukotoyurusanaiyo
119.67,119.937,88,0,<5></c><1>kiminoaigaitsumokacchaukoto</c><6>yu</c><4>rusanaiyo</c><5></c>,kiminoaigaitsumokacchaukotoyurusanaiyo
119.937,120.104,88,0,<5></c><1>kiminoaigaitsumokacchaukotoyu</c><6>ru</c><4>sanaiyo</c><5></c>,kiminoaigaitsumokacchaukotoyurusanaiyo
120.104,120.37,88,0,<5></c><1>kiminoaigaitsumokacchaukotoyuru</c><6>sa</c><4>naiyo</c><5></c>,kiminoaigaitsumokacchaukotoyurusanaiyo
120.37,120.571,88,0,<5></c><1>kiminoaigaitsumokacchaukotoyurusa</c><6>na</c><4>iyo</c><5></c>,kiminoaigaitsumokacchaukotoyurusanaiyo
120.571,120.771,88,0,<5></c><1>kiminoaigaitsumokacchaukotoyurusana</c><6>i</c><4>yo</c><5></c>,kiminoaigaitsumokacchaukotoyurusanaiyo
120.771,121.638,86,0,<5></c><1>kiminoaigaitsumokacchaukotoyurusanai</c><6>yo</c><5></c>,kiminoaigaitsumokacchaukotoyurusanaiyo
136.286,136.553,67,0,<5></c><6>ki</c><4>miigaiwayadawagamamawatada</c><5></c>,kimiigaiwayadawagamamawatada
136.553,137.187,69,0,<5></c><2>ki</c><6>mi</c><4>igaiwayadawagamamawatada</c><5></c>,kimiigaiwayadawagamamawatada
137.187,137.387,69,0,<5></c><2>kimi</c><6>i</c><4>gaiwayadawagamamawatada</c><5></c>,kimiigaiwayadawagamamawatada
137.387,137.821,69,0,<5></c><2>kimii</c><6>ga</c><4>iwayadawagamamawatada</c><5></c>,kimiigaiwayadawagamamawatada
137.821,138.255,69,0,<5></c><2>kimiiga</c><6>i</c><4>wayadawagamamawatada</c><5></c>,kimiigaiwayadawagamamawatada
138.255,139.089,69,0,<5></c><2>kimiigai</c><6>wa</c><4>yadawagamamawatada</c><5></c>,kimiigaiwayadawagamamawatada
139.089,139.323,69,0,<5></c><2>kimiigaiwa</c><6>ya</c><4>dawagamamawatada</c><5></c>,kimiigaiwayadawagamamawatada
139.323,139.923,70,0,<5></c><2>kimiigaiwa</c><3>ya</c><6>da</c><4>wagamamawatada</c><5></c>,kimiigaiwayadawagamamawatada
139.923,140.657,70,0,<5></c><2>kimiigaiwa</c><3>yada</c><6>wa</c><4>gamamawatada</c><5></c>,kimiigaiwayadawagamamawatada
140.657,140.858,72,0,<5></c><2>kimiigaiwa</c><3>yada</c><1>wa</c><6>ga</c><4>mamawatada</c><5></c>,kimiigaiwayadawagamamawatada
140.858,141.291,72,0,<5></c><2>kimiigaiwa</c><3>yada</c><1>waga</c><6>ma</c><4>mawatada</c><5></c>,kimiigaiwayadawagamamawatada
141.291,141.692,72,0,<5></c><2>kimiigaiwa</c><3>yada</c><1>wagama</c><6>ma</c><4>watada</c><5></c>,kimiigaiwayadawagamamawatada
141.692,142.593,72,0,<5></c><2>kimiigaiwa</c><3>yada</c><1>wagamama</c><6>wa</c><4>tada</c><5></c>,kimiigaiwayadawagamamawatada
142.593,142.793,72,0,<5></c><2>kimiigaiwa</c><3>yada</c><1>wagamamawa</c><6>ta</c><4>da</c><5></c>,kimiigaiwayadawagamamawatada
142.793,143.227,72,0,<5></c><2>kimiigaiwa</c><3>yada</c><1>wagamamawa</c><3>ta</c><6>da</c><5></c>,kimiigaiwayadawagamamawatada
143.227,143.427,88,0,<5></c><6>ka</c><4>waranaitokimekiozekkyoushichaunowabaka</c><5></c>,kawaranaitokimekiozekkyoushichaunowabaka
143.427,144.094,89,0,<5></c><2>ka</c><6>wa</c><4>ranaitokimekiozekkyoushichaunowabaka</c><5></c>,kawaranaitokimekiozekkyoushichaunowabaka
144.094,144.294,89,0,<5></c><2>kawa</c><6>ra</c><4>naitokimekiozekkyoushichaunowabaka</c><5></c>,kawaranaitokimekiozekkyoushichaunowabaka
144.294,144.728,89,0,<5></c><2>kawara</c><6>nai</c><4>tokimekiozekkyoushichaunowabaka</c><5></c>,kawaranaitokimekiozekkyoushichaunowabaka
144.728,144.928,89,0,<5></c><2>kawaranai</c><6>to</c><4>kimekiozekkyoushichaunowabaka</c><5></c>,kawaranaitokimekiozekkyoushichaunowabaka
144.928,145.129,89,0,<5></c><2>kawaranaito</c><6>ki</c><4>mekiozekkyoushichaunowabaka</c><5></c>,kawaranaitokimekiozekkyoushichaunowabaka
145.129,145.796,89,0,<5></c><2>kawaranaitoki</c><6>me</c><4>kiozekkyoushichaunowabaka</c><5></c>,kawaranaitokimekiozekkyoushichaunowabaka
145.796,146.029,89,0,<5></c><2>kawaranaitokime</c><6>ki</c><4>ozekkyoushichaunowabaka</c><5></c>,kawaranaitokimekiozekkyoushichaunowabaka
146.029,146.43,89,0,<5></c><2>kawaranaitokimeki</c><6>o</c><4>zekkyoushichaunowabaka</c><5></c>,kawaranaitokimekiozekkyoushichaunowabaka
146.43,146.864,89,0,<5></c><2>kawaranaitokimekio</c><6>zek</c><4>kyoushichaunowabaka</c><5></c>,kawaranaitokimekiozekkyoushichaunowabaka
146.864,147.531,91,0,<5></c><2>kawaranaitokimekio</c><3>zek</c><6>kyou</c><4>shichaunowabaka</c><5></c>,kawaranaitokimekiozekkyoushichaunowabaka
147.531,147.731,91,0,<5></c><2>kawaranaitokimekio</c><3>zekkyou</c><6>shi</c><4>chaunowabaka</c><5></c>,kawaranaitokimekiozekkyoushichaunowabaka
147.731,148.398,91,0,<5></c><2>kawaranaitokimekio</c><3>zekkyoushi</c><6>chau</c><4>nowabaka</c><5></c>,kawaranaitokimekiozekkyoushichaunowabaka
148.398,148.632,91,0,<5></c><2>kawaranaitokimekio</c><3>zekkyoushichau</c><6>no</c><4>wabaka</c><5></c>,kawaranaitokimekiozekkyoushichaunowabaka
148.632,149.466,91,0,<5></c><2>kawaranaitokimekio</c><3>zekkyoushichauno</c><6>wa</c><4>baka</c><5></c>,kawaranaitokimekiozekkyoushichaunowabaka
149.466,149.7,91,0,<5></c><2>kawaranaitokimekio</c><3>zekkyoushichaunowa</c><6>ba</c><4>ka</c><5></c>,kawaranaitokimekiozekkyoushichaunowabaka
149.7,150.167,89,0,<5></c><2>kawaranaitokimekio</c><3>zekkyoushichaunowaba</c><6>ka</c><5></c>,kawaranaitokimekiozekkyoushichaunowabaka
151.401,151.635,77,0,<5></c><6>ki</c><4>migakuretaotonihajiketahibanani</c><5></c>,kimigakuretaotonihajiketahibanani
151.635,151.869,78,0,<5></c><3>ki</c><6>mi</c><4>gakuretaotonihajiketahibanani</c><5></c>,kimigakuretaotonihajiketahibanani
151.869,152.069,78,0,<5></c><3>kimi</c><6>ga</c><4>kuretaotonihajiketahibanani</c><5></c>,kimigakuretaotonihajiketahibanani
152.069,152.136,78,0,<5></c><3>kimiga</c><6>ku</c><4>retaotonihajiketahibanani</c><5></c>,kimigakuretaotonihajiketahibanani
152.136,152.269,78,0,<5></c><3>kimigaku</c><6>re</c><4>taotonihajiketahibanani</c><5></c>,kimigakuretaotonihajiketahibanani
152.269,152.503,78,0,<5></c><3>kimigakure</c><6>ta</c><4>otonihajiketahibanani</c><5></c>,kimigakuretaotonihajiketahibanani
152.503,152.736,78,0,<5></c><3>kimigakureta</c><6>o</c><4>tonihajiketahibanani</c><5></c>,kimigakuretaotonihajiketahibanani
152.736,152.836,78,0,<5></c><3>kimigakuretao</c><6>to</c><4>nihajiketahibanani</c><5></c>,kimigakuretaotonihajiketahibanani
152.836,153.137,78,0,<5></c><3>kimigakuretaoto</c><6>ni</c><4>hajiketahibanani</c><5></c>,kimigakuretaotonihajiketahibanani
153.137,153.337,78,0,<5></c><3>kimigakuretaotoni</c><6>ha</c><4>jiketahibanani</c><5></c>,kimigakuretaotonihajiketahibanani
153.337,153.57,78,0,<5></c><3>kimigakuretaotoniha</c><6>ji</c><4>ketahibanani</c><5></c>,kimigakuretaotonihajiketahibanani
153.57,153.804,78,0,<5></c><3>kimigakuretaotonihaji</c><6>ke</c><4>tahibanani</c><5></c>,kimigakuretaotonihajiketahibanani
153.804,153.937,78,0,<5></c><3>kimigakuretaotonihajike</c><6>ta</c><4>hibanani</c><5></c>,kimigakuretaotonihajiketahibanani
153.937,154.238,78,0,<5></c><3>kimigakuretaotonihajiketa</c><6>hi</c><4>banani</c><5></c>,kimigakuretaotonihajiketahibanani
154.238,154.438,78,0,<5></c><3>kimigakuretaotonihajiketahi</c><6>ba</c><4>nani</c><5></c>,kimigakuretaotonihajiketahibanani
154.438,154.571,78,0,<5></c><3>kimigakuretaotonihajiketahiba</c><6>na</c><4>ni</c><5></c>,kimigakuretaotonihajiketahibanani
154.571,154.872,77,0,<5></c><3>kimigakuretaotonihajiketahibana</c><6>ni</c><5></c>,kimigakuretaotonihajiketahibanani
154.872,155.072,88,0,<5></c><6>ha</c><4>jimemashitekarazuttokoishichatterundayo</c><5></c>,hajimemashitekarazuttokoishichatterundayo
155.072,155.339,89,0,<5></c><3>ha</c><6>ji</c><4>memashitekarazuttokoishichatterundayo</c><5></c>,hajimemashitekarazuttokoishichatterundayo
155.339,155.539,89,0,<5></c><3>haji</c><6>me</c><4>mashitekarazuttokoishichatterundayo</c><5></c>,hajimemashitekarazuttokoishichatterundayo
155.539,155.739,89,0,<5></c><3>hajime</c><6>ma</c><4>shitekarazuttokoishichatterundayo</c><5></c>,hajimemashitekarazuttokoishichatterundayo
155.739,155.973,89,0,<5></c><3>hajimema</c><6>shi</c><4>tekarazuttokoishichatterundayo</c><5></c>,hajimemashitekarazuttokoishichatterundayo
155.973,156.173,89,0,<5></c><3>hajimemashi</c><6>te</c><4>karazuttokoishichatterundayo</c><5></c>,hajimemashitekarazuttokoishichatterundayo
156.173,156.306,89,0,<5></c><3>hajimemashite</c><6>ka</c><4>razuttokoishichatterundayo</c><5></c>,hajimemashitekarazuttokoishichatterundayo
156.306,156.607,89,0,<5></c><3>hajimemashiteka</c><6>ra</c><4>zuttokoishichatterundayo</c><5></c>,hajimemashitekarazuttokoishichatterundayo
156.607,156.807,89,0,<5></c><3>hajimemashitekara</c><6>zut</c><4>tokoishichatterundayo</c><5></c>,hajimemashitekarazuttokoishichatterundayo
156.807,157.04,89,0,<5></c><3>hajimemashitekarazut</c><6>to</c><4>koishichatterundayo</c><5></c>,hajimemashitekarazuttokoishichatterundayo
157.04,157.174,89,0,<5></c><3>hajimemashitekarazutto</c><6>koi</c><4>shichatterundayo</c><5></c>,hajimemashitekarazuttokoishichatterundayo
157.174,157.274,89,0,<5></c><3>hajimemashitekarazuttokoi</c><6>shi</c><4>chatterundayo</c><5></c>,hajimemashitekarazuttokoishichatterundayo
157.274,157.474,89,0,<5></c><3>hajimemashitekarazuttokoishi</c><6>chat</c><4>terundayo</c><5></c>,hajimemashitekarazuttokoishichatterundayo
157.474,157.708,89,0,<5></c><3>hajimemashitekarazuttokoishichat</c><6>te</c><4>rundayo</c><5></c>,hajimemashitekarazuttokoishichatterundayo
157.708,157.908,89,0,<5></c><3>hajimemashitekarazuttokoishichatte</c><6>run</c><4>dayo</c><5></c>,hajimemashitekarazuttokoishichatterundayo
157.908,158.008,89,0,<5></c><3>hajimemashitekarazuttokoishichatterun</c><6>da</c><4>yo</c><5></c>,hajimemashitekarazuttokoishichatterundayo
158.008,158.742,88,0,<5></c><3>hajimemashitekarazuttokoishichatterunda</c><6>yo</c><5></c>,hajimemashitekarazuttokoishichatterundayo
158.742,158.942,67,0,<5></c><6>ki</c><4>minoinaimiraikangaerannaiyo</c><5></c>,kiminoinaimiraikangaerannaiyo
158.942,159.176,69,0,<5></c><3>ki</c><6>mi</c><4>noinaimiraikangaerannaiyo</c><5></c>,kiminoinaimiraikangaerannaiyo
159.176,159.409,69,0,<5></c><3>kimi</c><6>no</c><4>inaimiraikangaerannaiyo</c><5></c>,kiminoinaimiraikangaerannaiyo
159.409,159.61,69,0,<5></c><3>kimino</c><6>i</c><4>naimiraikangaerannaiyo</c><5></c>,kiminoinaimiraikangaerannaiyo
159.61,160.077,69,0,<5></c><3>kiminoi</c><6>nai</c><4>miraikangaerannaiyo</c><5></c>,kiminoinaimiraikangaerannaiyo
160.077,160.244,69,0,<5></c><3>kiminoinai</c><6>mi</c><4>raikangaerannaiyo</c><5></c>,kiminoinaimiraikangaerannaiyo
160.244,160.444,69,0,<5></c><3>kiminoinaimi</c><6>rai</c><4>kangaerannaiyo</c><5></c>,kiminoinaimiraikangaerannaiyo
160.444,160.911,69,0,<5></c><3>kiminoinaimirai</c><6>kan</c><4>gaerannaiyo</c><5></c>,kiminoinaimiraikangaerannaiyo
160.911,161.111,69,0,<5></c><3>kiminoinaimiraikan</c><6>ga</c><4>erannaiyo</c><5></c>,kiminoinaimiraikangaerannaiyo
161.111,161.345,69,0,<5></c><3>kiminoinaimiraikanga</c><6>e</c><4>rannaiyo</c><5></c>,kiminoinaimiraikangaerannaiyo
161.345,161.778,69,0,<5></c><3>kiminoinaimiraikangae</c><6>ran</c><4>naiyo</c><5></c>,kiminoinaimiraikangaerannaiyo
161.778,161.979,69,0,<5></c><3>kiminoinaimiraikangaeran</c><6>na</c><4>iyo</c><5></c>,kiminoinaimiraikangaerannaiyo
161.979,162.212,69,0,<5></c><3>kiminoinaimiraikangaeranna</c><6>i</c><4>yo</c><5></c>,kiminoinaimiraikangaerannaiyo
162.212,162.546,67,0,<5></c><3>kiminoinaimiraikangaerannai</c><6>yo</c><5></c>,kiminoinaimiraikangaerannaiyo
162.546,162.646,67,0,<5></c><6>ko</c><4>rekarasakimofutarigaiijan</c><5></c>,korekarasakimofutarigaiijan
162.646,162.746,69,0,<5></c><3>ko</c><6>re</c><4>karasakimofutarigaiijan</c><5></c>,korekarasakimofutarigaiijan
162.746,162.846,69,0,<5></c><3>kore</c><6>ka</c><4>rasakimofutarigaiijan</c><5></c>,korekarasakimofutarigaiijan
162.846,162.946,69,0,<5></c><3>koreka</c><6>ra</c><4>sakimofutarigaiijan</c><5></c>,korekarasakimofutarigaiijan
162.946,163.08,69,0,<5></c><3>korekara</c><6>sa</c><4>kimofutarigaiijan</c><5></c>,korekarasakimofutarigaiijan
163.08,163.18,69,0,<5></c><3>korekarasa</c><6>ki</c><4>mofutarigaiijan</c><5></c>,korekarasakimofutarigaiijan
163.18,163.28,69,0,<5></c><3>korekarasaki</c><6>mo</c><4>futarigaiijan</c><5></c>,korekarasakimofutarigaiijan
163.28,163.38,69,0,<5></c><3>korekarasakimo</c><6>fu</c><4>tarigaiijan</c><5></c>,korekarasakimofutarigaiijan
163.38,163.514,69,0,<5></c><3>korekarasakimofu</c><6>ta</c><4>rigaiijan</c><5></c>,korekarasakimofutarigaiijan
163.514,163.614,69,0,<5></c><3>korekarasakimofuta</c><6>ri</c><4>gaiijan</c><5></c>,korekarasakimofutarigaiijan
163.614,163.714,69,0,<5></c><3>korekarasakimofutari</c><6>ga</c><4>iijan</c><5></c>,korekarasakimofutarigaiijan
163.714,163.947,69,0,<5></c><3>korekarasakimofutariga</c><6>ii</c><4>jan</c><5></c>,korekarasakimofutarigaiijan
163.947,165.215,67,0,<5></c><3>korekarasakimofutarigaii</c><6>jan</c><5></c>,korekarasakimofutarigaiijan
165.215,165.415,77,0,<5></c><6>i</c><4>chizuninaruhodonigetakumonattayo</c><5></c>,ichizuninaruhodonigetakumonattayo
165.415,165.649,78,0,<5></c><2>i</c><6>chi</c><4>zuninaruhodonigetakumonattayo</c><5></c>,ichizuninaruhodonigetakumonattayo
165.649,165.849,78,0,<5></c><2>ichi</c><6>zu</c><4>ninaruhodonigetakumonattayo</c><5></c>,ichizuninaruhodonigetakumonattayo
165.849,166.083,78,0,<5></c><2>ichizu</c><6>ni</c><4>naruhodonigetakumonattayo</c><5></c>,ichizuninaruhodonigetakumonattayo
166.083,166.283,78,0,<5></c><2>ichizuni</c><6>na</c><4>ruhodonigetakumonattayo</c><5></c>,ichizuninaruhodonigetakumonattayo
166.283,166.483,78,0,<5></c><2>ichizunina</c><6>ru</c><4>hodonigetakumonattayo</c><5></c>,ichizuninaruhodonigetakumonattayo
166.483,166.65,78,0,<5></c><2>ichizuninaru</c><6>ho</c><4>donigetakumonattayo</c><5></c>,ichizuninaruhodonigetakumonattayo
166.65,166.95,78,0,<5></c><2>ichizuninaruho</c><6>do</c><4>nigetakumonattayo</c><5></c>,ichizuninaruhodonigetakumonattayo
166.95,167.151,78,0,<5></c><2>ichizuninaruhodo</c><6>ni</c><4>getakumonattayo</c><5></c>,ichizuninaruhodonigetakumonattayo
167.151,167.384,80,0,<5></c><2>ichizuninaruhodo</c><1>ni</c><6>ge</c><4>takumonattayo</c><5></c>,ichizuninaruhodonigetakumonattayo
167.384,167.584,80,0,<5></c><2>ichizuninaruhodo</c><1>nige</c><6>ta</c><4>kumonattayo</c><5></c>,ichizuninaruhodonigetakumonattayo
167.584,167.818,80,0,<5></c><2>ichizuninaruhodo</c><1>nigeta</c><6>ku</c><4>monattayo</c><5></c>,ichizuninaruhodonigetakumonattayo
167.818,168.018,80,0,<5></c><2>ichizuninaruhodo</c><1>nigetaku</c><6>mo</c><4>nattayo</c><5></c>,ichizuninaruhodonigetakumonattayo
168.018,168.252,80,0,<5></c><2>ichizuninaruhodo</c><1>nigetakumo</c><6>nat</c><4>tayo</c><5></c>,ichizuninaruhodonigetakumonattayo
168.252,168.352,80,0,<5></c><2>ichizuninaruhodo</c><1>nigetakumonat</c><6>ta</c><4>yo</c><5></c>,ichizuninaruhodonigetakumonattayo
168.352,168.619,78,0,<5></c><2>ichizuninaruhodo</c><1>nigetakumonatta</c><6>yo</c><5></c>,ichizuninaruhodonigetakumonattayo
168.619,168.886,83,0,<5></c><6>san</c><4>zannabokunokotoyondekuretearigatou</c><5></c>,sanzannabokunokotoyondekuretearigatou
168.886,169.153,84,0,<5></c><2>san</c><6>zan</c><4>nabokunokotoyondekuretearigatou</c><5></c>,sanzannabokunokotoyondekuretearigatou
169.153,169.353,84,0,<5></c><2>sanzan</c><6>na</c><4>bokunokotoyondekuretearigatou</c><5></c>,sanzannabokunokotoyondekuretearigatou
169.353,169.553,84,0,<5></c><2>sanzanna</c><6>bo</c><4>kunokotoyondekuretearigatou</c><5></c>,sanzannabokunokotoyondekuretearigatou
169.553,169.786,84,0,<5></c><2>sanzannabo</c><6>ku</c><4>nokotoyondekuretearigatou</c><5></c>,sanzannabokunokotoyondekuretearigatou
169.786,169.987,84,0,<5></c><2>sanzannaboku</c><6>no</c><4>kotoyondekuretearigatou</c><5></c>,sanzannabokunokotoyondekuretearigatou
169.987,170.087,84,0,<5></c><2>sanzannabokuno</c><6>ko</c><4>toyondekuretearigatou</c><5></c>,sanzannabokunokotoyondekuretearigatou
170.087,170.42,84,0,<5></c><2>sanzannabokunoko</c><6>to</c><4>yondekuretearigatou</c><5></c>,sanzannabokunokotoyondekuretearigatou
170.42,170.621,84,0,<5></c><2>sanzannabokunokoto</c><6>yon</c><4>dekuretearigatou</c><5></c>,sanzannabokunokotoyondekuretearigatou
170.621,170.787,86,0,<5></c><2>sanzannabokunokoto</c><1>yon</c><6>de</c><4>kuretearigatou</c><5></c>,sanzannabokunokotoyondekuretearigatou
170.787,170.854,86,0,<5></c><2>sanzannabokunokoto</c><1>yonde</c><6>ku</c><4>retearigatou</c><5></c>,sanzannabokunokotoyondekuretearigatou
170.854,171.054,86,0,<5></c><2>sanzannabokunokoto</c><1>yondeku</c><6>re</c><4>tearigatou</c><5></c>,sanzannabokunokotoyondekuretearigatou
171.054,171.255,86,0,<5></c><2>sanzannabokunokoto</c><1>yondekure</c><6>te</c><4>arigatou</c><5></c>,sanzannabokunokotoyondekuretearigatou
171.255,171.488,86,0,<5></c><2>sanzannabokunokoto</c><1>yondekurete</c><6>a</c><4>rigatou</c><5></c>,sanzannabokunokotoyondekuretearigatou
171.488,171.722,86,0,<5></c><2>sanzannabokunokoto</c><1>yondekuretea</c><6>ri</c><4>gatou</c><5></c>,sanzannabokunokotoyondekuretearigatou
171.722,171.822,86,0,<5></c><2>sanzannabokunokoto</c><1>yondekureteari</c><6>ga</c><4>tou</c><5></c>,sanzannabokunokotoyondekuretearigatou
171.822,172.556,84,0,<5></c><2>sanzannabokunokoto</c><1>yondekureteariga</c><6>tou</c><5></c>,sanzannabokunokotoyondekuretearigatou
172.556,172.789,67,0,<5></c><6>ki</c><4>minoinaimiraikangaerannaiyo</c><5></c>,kiminoinaimiraikangaerannaiyo
172.789,173.023,69,0,<5></c><3>ki</c><6>mi</c><4>noinaimiraikangaerannaiyo</c><5></c>,kiminoinaimiraikangaerannaiyo
173.023,173.223,69,0,<5></c><3>kimi</c><6>no</c><4>inaimiraikangaerannaiyo</c><5></c>,kiminoinaimiraikangaerannaiyo
173.223,173.423,69,0,<5></c><3>kimino</c><6>i</c><4>naimiraikangaerannaiyo</c><5></c>,kiminoinaimiraikangaerannaiyo
173.423,173.891,69,0,<5></c><3>kiminoi</c><6>nai</c><4>miraikangaerannaiyo</c><5></c>,kiminoinaimiraikangaerannaiyo
173.891,174.091,69,0,<5></c><3>kiminoinai</c><6>mi</c><4>raikangaerannaiyo</c><5></c>,kiminoinaimiraikangaerannaiyo
174.091,174.291,69,0,<5></c><3>kiminoinaimi</c><6>rai</c><4>kangaerannaiyo</c><5></c>,kiminoinaimiraikangaerannaiyo
174.291,174.725,69,0,<5></c><3>kiminoinaimirai</c><6>kan</c><4>gaerannaiyo</c><5></c>,kiminoinaimiraikangaerannaiyo
174.725,174.925,69,0,<5></c><3>kiminoinaimiraikan</c><6>ga</c><4>erannaiyo</c><5></c>,kiminoinaimiraikangaerannaiyo
174.925,175.159,69,0,<5></c><3>kiminoinaimiraikanga</c><6>e</c><4>rannaiyo</c><5></c>,kiminoinaimiraikangaerannaiyo
175.159,175.592,69,0,<5></c><3>kiminoinaimiraikangae</c><6>ran</c><4>naiyo</c><5></c>,kiminoinaimiraikangaerannaiyo
175.592,175.792,69,0,<5></c><3>kiminoinaimiraikangaeran</c><6>na</c><4>iyo</c><5></c>,kiminoinaimiraikangaerannaiyo
175.792,176.026,69,0,<5></c><3>kiminoinaimiraikangaeranna</c><6>i</c><4>yo</c><5></c>,kiminoinaimiraikangaerannaiyo
176.026,176.36,67,0,<5></c><3>kiminoinaimiraikangaerannai</c><6>yo</c><5></c>,kiminoinaimiraikangaerannaiyo
176.36,176.46,81,0,<5></c><6>ko</c><4>rekarasakimofutaridesoregaiijan</c><5></c>,korekarasakimofutaridesoregaiijan
176.46,176.56,83,0,<5></c><3>ko</c><6>re</c><4>karasakimofutaridesoregaiijan</c><5></c>,korekarasakimofutaridesoregaiijan
176.56,176.66,83,0,<5></c><3>kore</c><6>ka</c><4>rasakimofutaridesoregaiijan</c><5></c>,korekarasakimofutaridesoregaiijan
176.66,176.76,83,0,<5></c><3>koreka</c><6>ra</c><4>sakimofutaridesoregaiijan</c><5></c>,korekarasakimofutaridesoregaiijan
176.76,176.86,83,0,<5></c><3>korekara</c><6>sa</c><4>kimofutaridesoregaiijan</c><5></c>,korekarasakimofutaridesoregaiijan
176.86,176.994,83,0,<5></c><3>korekarasa</c><6>ki</c><4>mofutaridesoregaiijan</c><5></c>,korekarasakimofutaridesoregaiijan
176.994,177.094,83,0,<5></c><3>korekarasaki</c><6>mo</c><4>futaridesoregaiijan</c><5></c>,korekarasakimofutaridesoregaiijan
177.094,177.194,83,0,<5></c><3>korekarasakimo</c><6>fu</c><4>taridesoregaiijan</c><5></c>,korekarasakimofutaridesoregaiijan
177.194,177.327,83,0,<5></c><3>korekarasakimofu</c><6>ta</c><4>ridesoregaiijan</c><5></c>,korekarasakimofutaridesoregaiijan
177.327,177.461,83,0,<5></c><3>korekarasakimofuta</c><6>ri</c><4>desoregaiijan</c><5></c>,korekarasakimofutaridesoregaiijan
177.461,177.694,83,0,<5></c><3>korekarasakimofutari</c><6>de</c><4>soregaiijan</c><5></c>,korekarasakimofutaridesoregaiijan
177.694,178.195,83,0,<5></c><3>korekarasakimofutaride</c><6>so</c><4>regaiijan</c><5></c>,korekarasakimofutaridesoregaiijan
178.195,178.595,83,0,<5></c><3>korekarasakimofutarideso</c><6>re</c><4>gaiijan</c><5></c>,korekarasakimofutaridesoregaiijan
178.595,179.062,83,0,<5></c><3>korekarasakimofutaridesore</c><6>ga</c><4>iijan</c><5></c>,korekarasakimofutaridesoregaiijan
178.996,179.263,-1,0,<5></c><6>o</c><4>tomekaiboudeasobouyo</c><5></c>,otomekaiboudeasobouyo
179.062,179.496,83,0,<5></c><3>korekarasakimofutaridesorega</c><6>ii</c><4>jan</c><5></c>,korekarasakimofutaridesoregaiijan
179.263,179.463,-1,0,<5></c><2>o</c><6>to</c><4>mekaiboudeasobouyo</c><5></c>,otomekaiboudeasobouyo
179.463,179.663,-1,0,<5></c><2>oto</c><6>me</c><4>kaiboudeasobouyo</c><5></c>,otomekaiboudeasobouyo
179.496,181.632,81,0,<5></c><3>korekarasakimofutaridesoregaii</c><6>jan</c><5></c>,korekarasakimofutaridesoregaiijan
179.663,180.13,-1,0,<5></c><2>otome</c><6>kai</c><4>boudeasobouyo</c><5></c>,otomekaiboudeasobouyo
180.13,180.564,-1,0,<5></c><2>otomekai</c><6>bou</c><4>deasobouyo</c><5></c>,otomekaiboudeasobouyo
180.564,180.731,-1,0,<5></c><2>otomekaibou</c><6>de</c><4>asobouyo</c><5></c>,otomekaiboudeasobouyo
180.731,180.964,-1,0,<5></c><2>otomekaiboude</c><6>a</c><4>sobouyo</c><5></c>,otomekaiboudeasobouyo
180.964,181.231,-1,0,<5></c><2>otomekaiboudea</c><6>so</c><4>bouyo</c><5></c>,otomekaiboudeasobouyo
181.231,181.632,-1,0,<5></c><2>otomekaiboudeaso</c><6>bou</c><4>yo</c><5></c>,otomekaiboudeasobouyo
181.632,182.065,-1,0,<5></c><2>otomekaiboudeasobou</c><6>yo</c><5></c>,otomekaiboudeasobouyo
182.065,182.232,66,0,<5></c><6>do</c><4>kidokishitaijankadaredatte</c><5></c>,dokidokishitaijankadaredatte
182.232,182.466,67,0,<5></c><2>do</c><6>ki</c><4>dokishitaijankadaredatte</c><5></c>,dokidokishitaijankadaredatte
182.466,182.699,67,0,<5></c><2>doki</c><6>do</c><4>kishitaijankadaredatte</c><5></c>,dokidokishitaijankadaredatte
182.699,182.9,67,0,<5></c><2>dokido</c><6>ki</c><4>shitaijankadaredatte</c><5></c>,dokidokishitaijankadaredatte
182.9,183.1,67,0,<5></c><2>dokidoki</c><6>shi</c><4>taijankadaredatte</c><5></c>,dokidokishitaijankadaredatte
183.1,183.534,67,0,<5></c><2>dokidokishi</c><6>tai</c><4>jankadaredatte</c><5></c>,dokidokishitaijankadaredatte
183.534,183.967,67,0,<5></c><2>dokidokishitai</c><6>jan</c><4>kadaredatte</c><5></c>,dokidokishitaijankadaredatte
183.967,184.234,67,0,<5></c><2>dokidokishitaijan</c><6>ka</c><4>daredatte</c><5></c>,dokidokishitaijankadaredatte
184.234,184.434,67,0,<5></c><2>dokidokishitaijanka</c><6>da</c><4>redatte</c><5></c>,dokidokishitaijankadaredatte
184.434,184.635,67,0,<5></c><2>dokidokishitaijankada</c><6>re</c><4>datte</c><5></c>,dokidokishitaijankadaredatte
184.635,185.068,67,0,<5></c><2>dokidokishitaijankadare</c><6>dat</c><4>te</c><5></c>,dokidokishitaijankadaredatte
185.068,185.502,66,0,<5></c><2>dokidokishitaijankadaredat</c><6>te</c><5></c>,dokidokishitaijankadaredatte
185.502,185.736,67,0,<5></c><6>a</c><4>ndoroidogaaruokashikunacchatta</c><5></c>,andoroidogaaruokashikunacchatta
185.736,185.936,69,0,<5></c><1>a</c><6>n</c><4>doroidogaaruokashikunacchatta</c><5></c>,andoroidogaaruokashikunacchatta
185.936,186.17,69,0,<5></c><1>an</c><6>do</c><4>roidogaaruokashikunacchatta</c><5></c>,andoroidogaaruokashikunacchatta
186.17,186.537,69,0,<5></c><1>ando</c><6>roi</c><4>dogaaruokashikunacchatta</c><5></c>,andoroidogaaruokashikunacchatta
186.537,186.57,69,0,<5></c><1>andoroi</c><6>do</c><4>gaaruokashikunacchatta</c><5></c>,andoroidogaaruokashikunacchatta
186.57,187.004,69,0,<5></c><1>andoroido</c><6>gaa</c><4>ruokashikunacchatta</c><5></c>,andoroidogaaruokashikunacchatta
187.004,187.237,69,0,<5></c><1>andoroidogaa</c><6>ru</c><4>okashikunacchatta</c><5></c>,andoroidogaaruokashikunacchatta
187.237,187.437,69,0,<5></c><1>andoroidogaaru</c><6>o</c><4>kashikunacchatta</c><5></c>,andoroidogaaruokashikunacchatta
187.437,187.704,69,0,<5></c><1>andoroidogaaruo</c><6>ka</c><4>shikunacchatta</c><5></c>,andoroidogaaruokashikunacchatta
187.704,187.871,69,0,<5></c><1>andoroidogaaruoka</c><6>shi</c><4>kunacchatta</c><5></c>,andoroidogaaruokashikunacchatta
187.871,188.105,69,0,<5></c><1>andoroidogaaruokashi</c><6>ku</c><4>nacchatta</c><5></c>,andoroidogaaruokashikunacchatta
188.105,188.505,69,0,<5></c><1>andoroidogaaruokashiku</c><6>nac</c><4>chatta</c><5></c>,andoroidogaaruokashikunacchatta
188.505,188.972,69,0,<5></c><1>andoroidogaaruokashikunac</c><6>chat</c><4>ta</c><5></c>,andoroidogaaruokashikunacchatta
188.972,189.406,67,0,<5></c><1>andoroidogaaruokashikunacchat</c><6>ta</c><5></c>,andoroidogaaruokashikunacchatta
189.406,189.606,61,0,<5></c><6>i</c><4>taminonaikisugahanarenai</c><5></c>,itaminonaikisugahanarenai
189.606,189.873,63,0,<5></c><1>i</c><6>ta</c><4>minonaikisugahanarenai</c><5></c>,itaminonaikisugahanarenai
189.873,190.073,63,0,<5></c><1>ita</c><6>mi</c><4>nonaikisugahanarenai</c><5></c>,itaminonaikisugahanarenai
190.073,190.307,63,0,<5></c><1>itami</c><6>no</c><4>naikisugahanarenai</c><5></c>,itaminonaikisugahanarenai
190.307,190.707,63,0,<5></c><1>itamino</c><6>nai</c><4>kisugahanarenai</c><5></c>,itaminonaikisugahanarenai
190.707,190.908,63,0,<5></c><1>itaminonai</c><6>ki</c><4>sugahanarenai</c><5></c>,itaminonaikisugahanarenai
190.908,191.141,63,0,<5></c><1>itaminonaiki</c><6>su</c><4>gahanarenai</c><5></c>,itaminonaikisugahanarenai
191.141,191.341,63,0,<5></c><1>itaminonaikisu</c><6>ga</c><4>hanarenai</c><5></c>,itaminonaikisugahanarenai
191.341,191.575,63,0,<5></c><1>itaminonaikisuga</c><6>ha</c><4>narenai</c><5></c>,itaminonaikisugahanarenai
191.575,192.009,63,0,<5></c><1>itaminonaikisugaha</c><6>na</c><4>renai</c><5></c>,itaminonaikisugahanarenai
192.009,192.442,63,0,<5></c><1>itaminonaikisugahana</c><6>re</c><4>nai</c><5></c>,itaminonaikisugahanarenai
192.442,193.644,61,0,<5></c><1>itaminonaikisugahanare</c><6>nai</c><5></c>,itaminonaikisugahanarenai
192.442,192.643,70,0,<5></c><6>bo</c><4>kuravanpaiaiiyosucchatteiiyo</c><5></c>,bokuravanpaiaiiyosucchatteiiyo
192.643,192.876,72,0,<5></c><2>bo</c><6>ku</c><4>ravanpaiaiiyosucchatteiiyo</c><5></c>,bokuravanpaiaiiyosucchatteiiyo
192.876,193.11,72,0,<5></c><2>boku</c><6>ra</c><4>vanpaiaiiyosucchatteiiyo</c><5></c>,bokuravanpaiaiiyosucchatteiiyo
193.11,193.51,72,0,<5></c><2>bokura</c><6>van</c><4>paiaiiyosucchatteiiyo</c><5></c>,bokuravanpaiaiiyosucchatteiiyo
193.51,193.877,72,0,<5></c><2>bokuravan</c><6>pa</c><4>iaiiyosucchatteiiyo</c><5></c>,bokuravanpaiaiiyosucchatteiiyo
193.877,194.378,72,0,<5></c><2>bokuravanpa</c><6>ia</c><4>iiyosucchatteiiyo</c><5></c>,bokuravanpaiaiiyosucchatteiiyo
194.378,194.678,72,0,<5></c><2>bokuravanpaia</c><6>ii</c><4>yosucchatteiiyo</c><5></c>,bokuravanpaiaiiyosucchatteiiyo
194.678,194.978,72,0,<5></c><2>bokuravanpaiaii</c><6>yo</c><4>succhatteiiyo</c><5></c>,bokuravanpaiaiiyosucchatteiiyo
194.978,195.412,72,0,<5></c><2>bokuravanpaiaiiyo</c><6>suc</c><4>chatteiiyo</c><5></c>,bokuravanpaiaiiyosucchatteiiyo
195.412,195.879,72,0,<5></c><2>bokuravanpaiaiiyosuc</c><6>chat</c><4>teiiyo</c><5></c>,bokuravanpaiaiiyosucchatteiiyo
195.879,196.079,72,0,<5></c><2>bokuravanpaiaiiyosucchat</c><6>te</c><4>iiyo</c><5></c>,bokuravanpaiaiiyosucchatteiiyo
196.079,196.413,72,0,<5></c><2>bokuravanpaiaiiyosucchatte</c><6>ii</c><4>yo</c><5></c>,bokuravanpaiaiiyosucchatteiiyo
196.413,196.747,70,0,<5></c><2>bokuravanpaiaiiyosucchatteii</c><6>yo</c><5></c>,bokuravanpaiaiiyosucchatteiiyo
196.747,197.181,77,0,<5></c><6>“mou</c><4>murimoumuri”dattewaruikojanai</c><5></c>,“moumurimoumuri”dattewaruikojanai
197.181,197.281,78,0,<5></c><2>“mou</c><6>mu</c><4>rimoumuri”dattewaruikojanai</c><5></c>,“moumurimoumuri”dattewaruikojanai
197.281,197.381,78,0,<5></c><2>“moumu</c><6>ri</c><4>moumuri”dattewaruikojanai</c><5></c>,“moumurimoumuri”dattewaruikojanai
197.381,197.614,78,0,<5></c><2>“moumuri</c><6>mou</c><4>muri”dattewaruikojanai</c><5></c>,“moumurimoumuri”dattewaruikojanai
197.614,197.681,78,0,<5></c><2>“moumurimou</c><6>mu</c><4>ri”dattewaruikojanai</c><5></c>,“moumurimoumuri”dattewaruikojanai
197.681,197.814,78,0,<5></c><2>“moumurimoumu</c><6>ri”</c><4>dattewaruikojanai</c><5></c>,“moumurimoumuri”dattewaruikojanai
197.814,198.115,78,0,<5></c><2>“moumurimoumuri”</c><6>dat</c><4>tewaruikojanai</c><5></c>,“moumurimoumuri”dattewaruikojanai
198.115,198.348,78,0,<5></c><2>“moumurimoumuri”dat</c><6>te</c><4>waruikojanai</c><5></c>,“moumurimoumuri”dattewaruikojanai
198.348,198.415,78,0,<5></c><2>“moumurimoumuri”datte</c><6>wa</c><4>ruikojanai</c><5></c>,“moumurimoumuri”dattewaruikojanai
198.415,198.882,78,0,<5></c><2>“moumurimoumuri”dattewa</c><6>ru</c><4>ikojanai</c><5></c>,“moumurimoumuri”dattewaruikojanai
198.882,199.082,78,0,<5></c><2>“moumurimoumuri”dattewaru</c><6>i</c><4>kojanai</c><5></c>,“moumurimoumuri”dattewaruikojanai
199.082,199.316,78,0,<5></c><2>“moumurimoumuri”dattewarui</c><6>ko</c><4>janai</c><5></c>,“moumurimoumuri”dattewaruikojanai
199.283,199.55,92,0,<5></c><6>ko</c><4>nnautautattandattekimigakagayakeruyouni</c><5></c>,konnautautattandattekimigakagayakeruyouni
199.316,199.516,78,0,<5></c><2>“moumurimoumuri”dattewaruiko</c><6>ja</c><4>nai</c><5></c>,“moumurimoumuri”dattewaruikojanai
199.516,200.384,77,0,<5></c><2>“moumurimoumuri”dattewaruikoja</c><6>nai</c><5></c>,“moumurimoumuri”dattewaruikojanai
199.55,199.95,94,0,<5></c><1>ko</c><6>n</c><4>nautautattandattekimigakagayakeruyouni</c><5></c>,konnautautattandattekimigakagayakeruyouni
199.95,200.384,94,0,<5></c><1>kon</c><6>na</c><4>utautattandattekimigakagayakeruyouni</c><5></c>,konnautautattandattekimigakagayakeruyouni
200.384,200.817,94,0,<5></c><1>konna</c><6>u</c><4>tautattandattekimigakagayakeruyouni</c><5></c>,konnautautattandattekimigakagayakeruyouni
200.817,200.951,94,0,<5></c><1>konnau</c><6>ta</c><4>utattandattekimigakagayakeruyouni</c><5></c>,konnautautattandattekimigakagayakeruyouni
200.951,201.051,94,0,<5></c><1>konnauta</c><6>u</c><4>tattandattekimigakagayakeruyouni</c><5></c>,konnautautattandattekimigakagayakeruyouni
201.051,201.485,94,0,<5></c><1>konnautau</c><6>tat</c><4>tandattekimigakagayakeruyouni</c><5></c>,konnautautattandattekimigakagayakeruyouni
201.485,201.919,94,0,<5></c><1>konnautautat</c><6>tan</c><4>dattekimigakagayakeruyouni</c><5></c>,konnautautattandattekimigakagayakeruyouni
201.919,202.352,94,0,<5></c><1>konnautautattan</c><6>dat</c><4>tekimigakagayakeruyouni</c><5></c>,konnautautattandattekimigakagayakeruyouni
202.352,202.953,94,0,<5></c><1>konnautautattandat</c><6>te</c><4>kimigakagayakeruyouni</c><5></c>,konnautautattandattekimigakagayakeruyouni
202.953,203.42,94,0,<5></c><1>konnautautattandatte</c><6>ki</c><4>migakagayakeruyouni</c><5></c>,konnautautattandattekimigakagayakeruyouni
203.42,203.854,95,0,<5></c><1>konnautautattandatte</c><3>ki</c><6>mi</c><4>gakagayakeruyouni</c><5></c>,konnautautattandattekimigakagayakeruyouni
203.854,204.688,95,0,<5></c><1>konnautautattandatte</c><3>kimi</c><6>ga</c><4>kagayakeruyouni</c><5></c>,konnautautattandattekimigakagayakeruyouni
204.688,205.155,95,0,<5></c><1>konnautautattandatte</c><3>kimiga</c><6>ka</c><4>gayakeruyouni</c><5></c>,konnautautattandattekimigakagayakeruyouni
205.155,205.589,95,0,<5></c><1>konnautautattandatte</c><3>kimigaka</c><6>ga</c><4>yakeruyouni</c><5></c>,konnautautattandattekimigakagayakeruyouni
205.589,205.989,95,0,<5></c><1>konnautautattandatte</c><3>kimigakaga</c><6>ya</c><4>keruyouni</c><5></c>,konnautautattandattekimigakagayakeruyouni
205.989,206.456,95,0,<5></c><1>konnautautattandatte</c><3>kimigakagaya</c><6>ke</c><4>ruyouni</c><5></c>,konnautautattandattekimigakagayakeruyouni
206.456,206.623,95,0,<5></c><1>konnautautattandatte</c><3>kimigakagayake</c><6>ru</c><4>youni</c><5></c>,konnautautattandattekimigakagayakeruyouni
206.623,206.857,95,0,<5></c><1>konnautautattandatte</c><3>kimigakagayakeru</c><6>yo</c><4>uni</c><5></c>,konnautautattandattekimigakagayakeruyouni
206.857,207.09,95,0,<5></c><1>konnautautattandatte</c><3>kimigakagayakeruyo</c><6>u</c><4>ni</c><5></c>,konnautautattandattekimigakagayakeruyouni
207.09,209.259,94,0,<5></c><1>konnautautattandatte</c><3>kimigakagayakeruyou</c><6>ni</c><5></c>,konnautautattandattekimigakagayakeruyouni
