start,end,position,line,text,token
0.584,10.427,-1,0,<1></c><2>ばかばっか／鷹嶺ルイ</c><1></c>,ばかばっか／鷹嶺ルイ
0.584,3.02,-1,-1,<1></c><2>作詞・作曲：deco*27</c><1></c>,作詞・作曲：deco*27
3.02,5.489,61,-1,<1></c><2>編曲：naokiitai(musicformusic)</c><1></c>,編曲：naokiitai(musicformusic)
5.489,7.958,-1,-1,<1></c><2>映像：ym</c><1></c>,映像：ym
7.958,10.427,-1,-1,<1></c><2>歌唱：鷹嶺ルイ</c><1></c>,歌唱：鷹嶺ルイ
10.728,10.894,-1,-1,<1></c><2>も</c><3>ういいじゃんムキになっちゃって</c><1></c>,も
10.894,11.028,-1,-1,<1></c><2>もう</c><3>いいじゃんムキになっちゃって</c><1></c>,う
11.028,11.195,-1,-1,<1></c><2>もうい</c><3>いじゃんムキになっちゃって</c><1></c>,い
11.195,11.328,-1,-1,<1></c><2>もういい</c><3>じゃんムキになっちゃって</c><1></c>,い
11.328,11.495,-1,-1,<1></c><2>もういいじゃ</c><3>んムキになっちゃって</c><1></c>,じゃ
11.495,11.628,-1,-1,<1></c><2>もういいじゃん</c><3>ムキになっちゃって</c><1></c>,ん
11.628,11.795,-1,-1,<1></c><2>もういいじゃんム</c><3>キになっちゃって</c><1></c>,ム
11.795,11.962,-1,-1,<1></c><2>もういいじゃんムキ</c><3>になっちゃって</c><1></c>,キ
11.962,12.096,-1,-1,<1></c><2>もういいじゃんムキに</c><3>なっちゃって</c><1></c>,に
12.096,12.262,-1,-1,<1></c><2>もういいじゃんムキにな</c><3>っちゃって</c><1></c>,な
12.262,12.396,-1,-1,<1></c><2>もういいじゃんムキになっ</c><3>ちゃって</c><1></c>,っ
12.396,12.563,-1,-1,<1></c><2>もういいじゃんムキになっちゃ</c><3>って</c><1></c>,ちゃ
12.563,12.73,-1,-1,<1></c><2>もういいじゃんムキになっちゃっ</c><3>て</c><1></c>,っ
12.73,13.197,-1,-1,<1></c><2>もういいじゃんムキになっちゃって</c><1></c>,て
13.197,13.364,-1,-1,<1></c><2>カ</c><3>ッコつけてカッコよくない</c><1></c>,カ
13.364,13.53,-1,-1,<1></c><2>カッ</c><3>コつけてカッコよくない</c><1></c>,ッ
13.53,13.664,-1,-1,<1></c><2>カッコ</c><3>つけてカッコよくない</c><1></c>,コ
13.664,13.831,-1,-1,<1></c><2>カッコつ</c><3>けてカッコよくない</c><1></c>,つ
13.831,13.964,-1,-1,<1></c><2>カッコつけ</c><3>てカッコよくない</c><1></c>,け
13.964,14.431,-1,-1,<1></c><2>カッコつけて</c><3>カッコよくない</c><1></c>,て
14.431,14.598,-1,-1,<1></c><2>カッコつけてカ</c><3>ッコよくない</c><1></c>,カ
14.598,14.732,-1,-1,<1></c><2>カッコつけてカッ</c><3>コよくない</c><1></c>,ッ
14.732,14.898,-1,-1,<1></c><2>カッコつけてカッコ</c><3>よくない</c><1></c>,コ
14.898,15.032,-1,-1,<1></c><2>カッコつけてカッコよ</c><3>くない</c><1></c>,よ
15.032,15.199,-1,-1,<1></c><2>カッコつけてカッコよく</c><3>ない</c><1></c>,く
15.199,15.332,-1,-1,<1></c><2>カッコつけてカッコよくな</c><3>い</c><1></c>,な
15.332,15.632,-1,-1,<1></c><2>カッコつけてカッコよくない</c><1></c>,い
15.632,15.799,-1,-1,<1></c><2>そ</c><3>ういうのいやになってんだ</c><1></c>,そ
15.799,15.933,-1,-1,<1></c><2>そう</c><3>いうのいやになってんだ</c><1></c>,う
15.933,16.1,-1,-1,<1></c><2>そうい</c><3>うのいやになってんだ</c><1></c>,い
16.1,16.266,-1,-1,<1></c><2>そういう</c><3>のいやになってんだ</c><1></c>,う
16.266,16.533,-1,-1,<1></c><2>そういうの</c><3>いやになってんだ</c><1></c>,の
16.533,16.7,-1,-1,<1></c><2>そういうのい</c><3>やになってんだ</c><1></c>,い
16.7,16.867,-1,-1,<1></c><2>そういうのいや</c><3>になってんだ</c><1></c>,や
16.867,17.034,-1,-1,<1></c><2>そういうのいやに</c><3>なってんだ</c><1></c>,に
17.034,17.167,-1,-1,<1></c><2>そういうのいやにな</c><3>ってんだ</c><1></c>,な
17.167,17.334,-1,-1,<1></c><2>そういうのいやになっ</c><3>てんだ</c><1></c>,っ
17.334,17.468,-1,-1,<1></c><2>そういうのいやになって</c><3>んだ</c><1></c>,て
17.468,17.634,-1,-1,<1></c><2>そういうのいやになってん</c><3>だ</c><1></c>,ん
17.634,18.102,-1,-1,<1></c><2>そういうのいやになってんだ</c><1></c>,だ
18.102,18.268,-1,-1,<1></c><2>ほ</c><3>っといてよ知(し)りたくない</c><1></c>,ほ
18.268,18.435,-1,-1,<1></c><2>ほっ</c><3>といてよ知(し)りたくない</c><1></c>,っ
18.435,18.569,-1,-1,<1></c><2>ほっと</c><3>いてよ知(し)りたくない</c><1></c>,と
18.569,18.702,-1,-1,<1></c><2>ほっとい</c><3>てよ知(し)りたくない</c><1></c>,い
18.702,18.869,-1,-1,<1></c><2>ほっといて</c><3>よ知(し)りたくない</c><1></c>,て
18.869,19.336,-1,-1,<1></c><2>ほっといてよ</c><3>知(し)りたくない</c><1></c>,よ
19.336,19.503,-1,-1,<1></c><2>ほっといてよ知(し)</c><3>りたくない</c><1></c>,知(し)
19.503,19.636,-1,-1,<1></c><2>ほっといてよ知(し)り</c><3>たくない</c><1></c>,り
19.636,19.803,-1,-1,<1></c><2>ほっといてよ知(し)りた</c><3>くない</c><1></c>,た
19.803,19.97,-1,-1,<1></c><2>ほっといてよ知(し)りたく</c><3>ない</c><1></c>,く
19.97,20.137,-1,-1,<1></c><2>ほっといてよ知(し)りたくな</c><3>い</c><1></c>,な
20.137,20.571,-1,-1,<1></c><2>ほっといてよ知(し)りたくない</c><1></c>,い
20.571,20.738,-1,-1,<1></c><2>も</c><3>ういいじゃんやけになってんの？</c><1></c>,も
20.738,20.871,-1,-1,<1></c><2>もう</c><3>いいじゃんやけになってんの？</c><1></c>,う
20.871,21.038,-1,-1,<1></c><2>もうい</c><3>いじゃんやけになってんの？</c><1></c>,い
21.038,21.171,-1,-1,<1></c><2>もういい</c><3>じゃんやけになってんの？</c><1></c>,い
21.171,21.338,-1,-1,<1></c><2>もういいじゃ</c><3>んやけになってんの？</c><1></c>,じゃ
21.338,21.472,-1,-1,<1></c><2>もういいじゃん</c><3>やけになってんの？</c><1></c>,ん
21.472,21.638,-1,-1,<1></c><2>もういいじゃんや</c><3>けになってんの？</c><1></c>,や
21.638,21.772,-1,-1,<1></c><2>もういいじゃんやけ</c><3>になってんの？</c><1></c>,け
21.772,21.972,-1,-1,<1></c><2>もういいじゃんやけに</c><3>なってんの？</c><1></c>,に
21.972,22.106,-1,-1,<1></c><2>もういいじゃんやけにな</c><3>ってんの？</c><1></c>,な
22.106,22.272,-1,-1,<1></c><2>もういいじゃんやけになっ</c><3>てんの？</c><1></c>,っ
22.272,22.406,-1,-1,<1></c><2>もういいじゃんやけになって</c><3>んの？</c><1></c>,て
22.406,22.573,-1,-1,<1></c><2>もういいじゃんやけになってん</c><3>の？</c><1></c>,ん
22.573,23.007,-1,-1,<1></c><2>もういいじゃんやけになってんの？</c><1></c>,の？
23.007,23.307,-1,-1,<1></c><2>嫉(しっ)</c><3>妬(と)したりじっとできない</c><1></c>,嫉(しっ)
23.307,23.474,-1,-1,<1></c><2>嫉(しっ)妬(と)</c><3>したりじっとできない</c><1></c>,妬(と)
23.474,23.64,-1,-1,<1></c><2>嫉(しっ)妬(と)し</c><3>たりじっとできない</c><1></c>,し
23.64,23.807,-1,-1,<1></c><2>嫉(しっ)妬(と)した</c><3>りじっとできない</c><1></c>,た
23.807,24.241,-1,-1,<1></c><2>嫉(しっ)妬(と)したり</c><3>じっとできない</c><1></c>,り
24.241,24.408,-1,-1,<1></c><2>嫉(しっ)妬(と)したりじ</c><3>っとできない</c><1></c>,じ
24.408,24.575,-1,-1,<1></c><2>嫉(しっ)妬(と)したりじっ</c><3>とできない</c><1></c>,っ
24.575,24.708,-1,-1,<1></c><2>嫉(しっ)妬(と)したりじっと</c><3>できない</c><1></c>,と
24.708,24.842,-1,-1,<1></c><2>嫉(しっ)妬(と)したりじっとで</c><3>きない</c><1></c>,で
24.842,25.009,-1,-1,<1></c><2>嫉(しっ)妬(と)したりじっとでき</c><3>ない</c><1></c>,き
25.009,25.175,-1,-1,<1></c><2>嫉(しっ)妬(と)したりじっとできな</c><3>い</c><1></c>,な
25.175,25.342,-1,-1,<1></c><2>嫉(しっ)妬(と)したりじっとできない</c><1></c>,い
25.342,25.509,-1,-1,<1></c><2>聞(き)</c><3>こえないよう耳(みみ)塞(ふさ)いだって</c><1></c>,聞(き)
25.509,25.642,-1,-1,<1></c><2>聞(き)こ</c><3>えないよう耳(みみ)塞(ふさ)いだって</c><1></c>,こ
25.642,25.809,-1,-1,<1></c><2>聞(き)こえ</c><3>ないよう耳(みみ)塞(ふさ)いだって</c><1></c>,え
25.809,25.976,-1,-1,<1></c><2>聞(き)こえな</c><3>いよう耳(みみ)塞(ふさ)いだって</c><1></c>,な
25.976,26.11,-1,-1,<1></c><2>聞(き)こえない</c><3>よう耳(みみ)塞(ふさ)いだって</c><1></c>,い
26.11,26.276,-1,-1,<1></c><2>聞(き)こえないよ</c><3>う耳(みみ)塞(ふさ)いだって</c><1></c>,よ
26.276,26.41,-1,-1,<1></c><2>聞(き)こえないよう</c><3>耳(みみ)塞(ふさ)いだって</c><1></c>,う
26.41,26.71,-1,-1,<1></c><2>聞(き)こえないよう耳(みみ)</c><3>塞(ふさ)いだって</c><1></c>,耳(みみ)
26.71,27.044,-1,-1,<1></c><2>聞(き)こえないよう耳(みみ)塞(ふさ)</c><3>いだって</c><1></c>,塞(ふさ)
27.044,27.211,-1,-1,<1></c><2>聞(き)こえないよう耳(みみ)塞(ふさ)い</c><3>だって</c><1></c>,い
27.211,27.344,-1,-1,<1></c><2>聞(き)こえないよう耳(みみ)塞(ふさ)いだ</c><3>って</c><1></c>,だ
27.344,27.511,-1,-1,<1></c><2>聞(き)こえないよう耳(みみ)塞(ふさ)いだっ</c><3>て</c><1></c>,っ
27.511,27.945,-1,-1,<1></c><2>聞(き)こえないよう耳(みみ)塞(ふさ)いだって</c><1></c>,て
27.945,28.112,-1,-1,<1></c><2>言(い)</c><3>ってくるじゃんしんどいなあ</c><1></c>,言(い)
28.112,28.245,-1,-1,<1></c><2>言(い)っ</c><3>てくるじゃんしんどいなあ</c><1></c>,っ
28.245,28.412,-1,-1,<1></c><2>言(い)って</c><3>くるじゃんしんどいなあ</c><1></c>,て
28.412,28.579,-1,-1,<1></c><2>言(い)ってく</c><3>るじゃんしんどいなあ</c><1></c>,く
28.579,28.712,-1,-1,<1></c><2>言(い)ってくる</c><3>じゃんしんどいなあ</c><1></c>,る
28.712,28.879,-1,-1,<1></c><2>言(い)ってくるじゃ</c><3>んしんどいなあ</c><1></c>,じゃ
28.879,29.179,-1,-1,<1></c><2>言(い)ってくるじゃん</c><3>しんどいなあ</c><1></c>,ん
29.179,29.346,-1,-1,<1></c><2>言(い)ってくるじゃんし</c><3>んどいなあ</c><1></c>,し
29.346,29.48,-1,-1,<1></c><2>言(い)ってくるじゃんしん</c><3>どいなあ</c><1></c>,ん
29.48,29.646,-1,-1,<1></c><2>言(い)ってくるじゃんしんど</c><3>いなあ</c><1></c>,ど
29.646,29.78,-1,-1,<1></c><2>言(い)ってくるじゃんしんどい</c><3>なあ</c><1></c>,い
29.78,29.913,-1,-1,<1></c><2>言(い)ってくるじゃんしんどいな</c><3>あ</c><1></c>,な
29.913,30.414,-1,-1,<1></c><2>言(い)ってくるじゃんしんどいなあ</c><1></c>,あ
30.414,30.748,-1,-1,<1></c><2>僕(ぼく)</c><3>は誰(だれ)も覗(のぞ)かないよ</c><1></c>,僕(ぼく)
30.748,31.048,-1,-1,<1></c><2>僕(ぼく)は</c><3>誰(だれ)も覗(のぞ)かないよ</c><1></c>,は
31.048,31.382,-1,-1,<1></c><2>僕(ぼく)は誰(だれ)</c><3>も覗(のぞ)かないよ</c><1></c>,誰(だれ)
31.382,31.648,-1,-1,<1></c><2>僕(ぼく)は誰(だれ)も</c><3>覗(のぞ)かないよ</c><1></c>,も
31.648,31.949,-1,-1,<1></c><2>僕(ぼく)は誰(だれ)も覗(のぞ)</c><3>かないよ</c><1></c>,覗(のぞ)
31.949,32.282,-1,-1,<1></c><2>僕(ぼく)は誰(だれ)も覗(のぞ)か</c><3>ないよ</c><1></c>,か
32.282,32.616,-1,-1,<1></c><2>僕(ぼく)は誰(だれ)も覗(のぞ)かな</c><3>いよ</c><1></c>,な
32.616,32.883,-1,-1,<1></c><2>僕(ぼく)は誰(だれ)も覗(のぞ)かない</c><3>よ</c><1></c>,い
32.883,33.484,-1,-1,<1></c><2>僕(ぼく)は誰(だれ)も覗(のぞ)かないよ</c><1></c>,よ
33.484,33.65,-1,-1,<1></c><2>だ</c><3>から僕(ぼく)のことそっとしといて</c><1></c>,だ
33.65,33.817,-1,-1,<1></c><2>だか</c><3>ら僕(ぼく)のことそっとしといて</c><1></c>,か
33.817,34.118,-1,-1,<1></c><2>だから</c><3>僕(ぼく)のことそっとしといて</c><1></c>,ら
34.118,34.718,-1,-1,<1></c><2>だから僕(ぼく)</c><3>のことそっとしといて</c><1></c>,僕(ぼく)
34.718,35.019,-1,-1,<1></c><2>だから僕(ぼく)の</c><3>ことそっとしといて</c><1></c>,の
35.019,35.319,-1,-1,<1></c><2>だから僕(ぼく)のこ</c><3>とそっとしといて</c><1></c>,こ
35.319,35.652,-1,-1,<1></c><2>だから僕(ぼく)のこと</c><3>そっとしといて</c><1></c>,と
35.652,35.886,-1,-1,<1></c><2>だから僕(ぼく)のことそ</c><3>っとしといて</c><1></c>,そ
35.886,36.086,-1,-1,<1></c><2>だから僕(ぼく)のことそっ</c><3>としといて</c><1></c>,っ
36.086,36.186,-1,-1,<1></c><2>だから僕(ぼく)のことそっと</c><3>しといて</c><1></c>,と
36.186,36.286,-1,-1,<1></c><2>だから僕(ぼく)のことそっとし</c><3>といて</c><1></c>,し
36.286,36.42,-1,-1,<1></c><2>だから僕(ぼく)のことそっとしと</c><3>いて</c><1></c>,と
36.42,36.553,-1,-1,<1></c><2>だから僕(ぼく)のことそっとしとい</c><3>て</c><1></c>,い
36.553,37.187,-1,-1,<1></c><2>だから僕(ぼく)のことそっとしといて</c><1></c>,て
37.187,37.354,-1,-1,<1></c><2>う</c><3>ざいだけのバカにはいはいはい</c><1></c>,う
37.354,37.521,-1,-1,<1></c><2>うざ</c><3>いだけのバカにはいはいはい</c><1></c>,ざ
37.521,37.654,-1,-1,<1></c><2>うざい</c><3>だけのバカにはいはいはい</c><1></c>,い
37.654,37.821,-1,-1,<1></c><2>うざいだ</c><3>けのバカにはいはいはい</c><1></c>,だ
37.821,37.955,-1,-1,<1></c><2>うざいだけ</c><3>のバカにはいはいはい</c><1></c>,け
37.955,38.122,-1,-1,<1></c><2>うざいだけの</c><3>バカにはいはいはい</c><1></c>,の
38.122,38.288,-1,-1,<1></c><2>うざいだけのバ</c><3>カにはいはいはい</c><1></c>,バ
38.288,38.422,-1,-1,<1></c><2>うざいだけのバカ</c><3>にはいはいはい</c><1></c>,カ
38.422,38.589,-1,-1,<1></c><2>うざいだけのバカに</c><3>はいはいはい</c><1></c>,に
38.589,38.722,-1,-1,<1></c><2>うざいだけのバカには</c><3>いはいはい</c><1></c>,は
38.722,38.889,-1,-1,<1></c><2>うざいだけのバカにはい</c><3>はいはい</c><1></c>,い
38.889,39.023,-1,-1,<1></c><2>うざいだけのバカにはいは</c><3>いはい</c><1></c>,は
39.023,39.189,-1,-1,<1></c><2>うざいだけのバカにはいはい</c><3>はい</c><1></c>,い
39.189,39.356,-1,-1,<1></c><2>うざいだけのバカにはいはいは</c><3>い</c><1></c>,は
39.356,39.49,-1,-1,<1></c><2>うざいだけのバカにはいはいはい</c><1></c>,い
39.49,39.623,-1,-1,<1></c><2>ウ</c><3>ケるまたのお越(こ)し待(ま)ってるね、だとか</c><1></c>,ウ
39.623,39.823,-1,-1,<1></c><2>ウケ</c><3>るまたのお越(こ)し待(ま)ってるね、だとか</c><1></c>,ケ
39.823,40.124,-1,-1,<1></c><2>ウケる</c><3>またのお越(こ)し待(ま)ってるね、だとか</c><1></c>,る
40.124,40.257,-1,-1,<1></c><2>ウケるま</c><3>たのお越(こ)し待(ま)ってるね、だとか</c><1></c>,ま
40.257,40.424,-1,-1,<1></c><2>ウケるまた</c><3>のお越(こ)し待(ま)ってるね、だとか</c><1></c>,た
40.424,40.591,-1,-1,<1></c><2>ウケるまたの</c><3>お越(こ)し待(ま)ってるね、だとか</c><1></c>,の
40.591,40.758,-1,-1,<1></c><2>ウケるまたのお</c><3>越(こ)し待(ま)ってるね、だとか</c><1></c>,お
40.758,40.858,-1,-1,<1></c><2>ウケるまたのお越(こ)</c><3>し待(ま)ってるね、だとか</c><1></c>,越(こ)
40.858,41.025,-1,-1,<1></c><2>ウケるまたのお越(こ)し</c><3>待(ま)ってるね、だとか</c><1></c>,し
41.025,41.191,-1,-1,<1></c><2>ウケるまたのお越(こ)し待(ま)</c><3>ってるね、だとか</c><1></c>,待(ま)
41.191,41.325,-1,-1,<1></c><2>ウケるまたのお越(こ)し待(ま)っ</c><3>てるね、だとか</c><1></c>,っ
41.325,41.492,-1,-1,<1></c><2>ウケるまたのお越(こ)し待(ま)って</c><3>るね、だとか</c><1></c>,て
41.492,41.658,-1,-1,<1></c><2>ウケるまたのお越(こ)し待(ま)ってる</c><3>ね、だとか</c><1></c>,る
41.658,41.959,-1,-1,<1></c><2>ウケるまたのお越(こ)し待(ま)ってるね、</c><3>だとか</c><1></c>,ね、
41.959,42.126,-1,-1,<1></c><2>ウケるまたのお越(こ)し待(ま)ってるね、だ</c><3>とか</c><1></c>,だ
42.126,42.292,-1,-1,<1></c><2>ウケるまたのお越(こ)し待(ま)ってるね、だと</c><3>か</c><1></c>,と
42.292,42.726,-1,-1,<1></c><2>ウケるまたのお越(こ)し待(ま)ってるね、だとか</c><1></c>,か
42.726,43.027,81,-1,<1></c><2>本(ほん)</c><3>当(と)は怯(おび)えてる吠(ほ)えるだけの弱(よわ)虫(むし)だだだ</c><1></c>,本(ほん)
43.027,43.193,81,-1,<1></c><2>本(ほん)当(と)</c><3>は怯(おび)えてる吠(ほ)えるだけの弱(よわ)虫(むし)だだだ</c><1></c>,当(と)
43.193,43.327,81,-1,<1></c><2>本(ほん)当(と)は</c><3>怯(おび)えてる吠(ほ)えるだけの弱(よわ)虫(むし)だだだ</c><1></c>,は
43.327,43.794,81,-1,<1></c><2>本(ほん)当(と)は怯(おび)</c><3>えてる吠(ほ)えるだけの弱(よわ)虫(むし)だだだ</c><1></c>,怯(おび)
43.794,43.961,81,-1,<1></c><2>本(ほん)当(と)は怯(おび)え</c><3>てる吠(ほ)えるだけの弱(よわ)虫(むし)だだだ</c><1></c>,え
43.961,44.128,81,-1,<1></c><2>本(ほん)当(と)は怯(おび)えて</c><3>る吠(ほ)えるだけの弱(よわ)虫(むし)だだだ</c><1></c>,て
44.128,44.428,81,-1,<1></c><2>本(ほん)当(と)は怯(おび)えてる</c><3>吠(ほ)えるだけの弱(よわ)虫(むし)だだだ</c><1></c>,る
44.428,44.561,81,-1,<1></c><2>本(ほん)当(と)は怯(おび)えてる吠(ほ)</c><3>えるだけの弱(よわ)虫(むし)だだだ</c><1></c>,吠(ほ)
44.561,44.728,81,-1,<1></c><2>本(ほん)当(と)は怯(おび)えてる吠(ほ)え</c><3>るだけの弱(よわ)虫(むし)だだだ</c><1></c>,え
44.728,44.862,81,-1,<1></c><2>本(ほん)当(と)は怯(おび)えてる吠(ほ)える</c><3>だけの弱(よわ)虫(むし)だだだ</c><1></c>,る
44.862,45.062,81,-1,<1></c><2>本(ほん)当(と)は怯(おび)えてる吠(ほ)えるだ</c><3>けの弱(よわ)虫(むし)だだだ</c><1></c>,だ
45.062,45.162,81,-1,<1></c><2>本(ほん)当(と)は怯(おび)えてる吠(ほ)えるだけ</c><3>の弱(よわ)虫(むし)だだだ</c><1></c>,け
45.162,45.329,81,-1,<1></c><2>本(ほん)当(と)は怯(おび)えてる吠(ほ)えるだけの</c><3>弱(よわ)虫(むし)だだだ</c><1></c>,の
45.329,45.662,81,-1,<1></c><2>本(ほん)当(と)は怯(おび)えてる吠(ほ)えるだけの弱(よわ)</c><3>虫(むし)だだだ</c><1></c>,弱(よわ)
45.662,45.963,81,-1,<1></c><2>本(ほん)当(と)は怯(おび)えてる吠(ほ)えるだけの弱(よわ)虫(むし)</c><3>だだだ</c><1></c>,虫(むし)
45.963,46.263,81,-1,<1></c><2>本(ほん)当(と)は怯(おび)えてる吠(ほ)えるだけの弱(よわ)虫(むし)だ</c><3>だだ</c><1></c>,だ
46.263,46.563,81,-1,<1></c><2>本(ほん)当(と)は怯(おび)えてる吠(ほ)えるだけの弱(よわ)虫(むし)だだ</c><3>だ</c><1></c>,だ
46.563,47.031,81,-1,<1></c><2>本(ほん)当(と)は怯(おび)えてる吠(ほ)えるだけの弱(よわ)虫(むし)だだだ</c><1></c>,だ
47.031,47.331,-1,-1,<1></c><2>痛(いた)</c><3>いくせに耐(た)えてはいはいはい</c><1></c>,痛(いた)
47.331,47.498,-1,-1,<1></c><2>痛(いた)い</c><3>くせに耐(た)えてはいはいはい</c><1></c>,い
47.498,47.698,-1,-1,<1></c><2>痛(いた)いく</c><3>せに耐(た)えてはいはいはい</c><1></c>,く
47.698,47.831,-1,-1,<1></c><2>痛(いた)いくせ</c><3>に耐(た)えてはいはいはい</c><1></c>,せ
47.831,47.965,-1,-1,<1></c><2>痛(いた)いくせに</c><3>耐(た)えてはいはいはい</c><1></c>,に
47.965,48.132,-1,-1,<1></c><2>痛(いた)いくせに耐(た)</c><3>えてはいはいはい</c><1></c>,耐(た)
48.132,48.265,-1,-1,<1></c><2>痛(いた)いくせに耐(た)え</c><3>てはいはいはい</c><1></c>,え
48.265,48.432,-1,-1,<1></c><2>痛(いた)いくせに耐(た)えて</c><3>はいはいはい</c><1></c>,て
48.432,48.599,-1,-1,<1></c><2>痛(いた)いくせに耐(た)えては</c><3>いはいはい</c><1></c>,は
48.599,48.732,-1,-1,<1></c><2>痛(いた)いくせに耐(た)えてはい</c><3>はいはい</c><1></c>,い
48.732,48.866,-1,-1,<1></c><2>痛(いた)いくせに耐(た)えてはいは</c><3>いはい</c><1></c>,は
48.866,49.066,-1,-1,<1></c><2>痛(いた)いくせに耐(た)えてはいはい</c><3>はい</c><1></c>,い
49.066,49.199,-1,-1,<1></c><2>痛(いた)いくせに耐(た)えてはいはいは</c><3>い</c><1></c>,は
49.199,49.366,-1,-1,<1></c><2>痛(いた)いくせに耐(た)えてはいはいはい</c><1></c>,い
49.366,49.5,-1,-1,<1></c><2>い</c><3>つも平(へい)気(き)なフリばっかなの</c><1></c>,い
49.5,49.666,-1,-1,<1></c><2>いつ</c><3>も平(へい)気(き)なフリばっかなの</c><1></c>,つ
49.666,49.967,-1,-1,<1></c><2>いつも</c><3>平(へい)気(き)なフリばっかなの</c><1></c>,も
49.967,50.267,-1,-1,<1></c><2>いつも平(へい)</c><3>気(き)なフリばっかなの</c><1></c>,平(へい)
50.267,50.434,-1,-1,<1></c><2>いつも平(へい)気(き)</c><3>なフリばっかなの</c><1></c>,気(き)
50.434,50.601,-1,-1,<1></c><2>いつも平(へい)気(き)な</c><3>フリばっかなの</c><1></c>,な
50.601,50.734,-1,-1,<1></c><2>いつも平(へい)気(き)なフ</c><3>リばっかなの</c><1></c>,フ
50.734,50.901,-1,-1,<1></c><2>いつも平(へい)気(き)なフリ</c><3>ばっかなの</c><1></c>,リ
50.901,51.035,-1,-1,<1></c><2>いつも平(へい)気(き)なフリば</c><3>っかなの</c><1></c>,ば
51.035,51.201,-1,-1,<1></c><2>いつも平(へい)気(き)なフリばっ</c><3>かなの</c><1></c>,っ
51.201,51.368,-1,-1,<1></c><2>いつも平(へい)気(き)なフリばっか</c><3>なの</c><1></c>,か
51.368,51.502,-1,-1,<1></c><2>いつも平(へい)気(き)なフリばっかな</c><3>の</c><1></c>,な
51.502,51.802,-1,-1,<1></c><2>いつも平(へい)気(き)なフリばっかなの</c><1></c>,の
51.802,52.102,-1,-1,<1></c><2>僕(ぼく)</c><3>は壁(かべ)を張(は)ったまま笑(わら)う</c><1></c>,僕(ぼく)
52.102,52.436,-1,-1,<1></c><2>僕(ぼく)は</c><3>壁(かべ)を張(は)ったまま笑(わら)う</c><1></c>,は
52.436,52.736,-1,-1,<1></c><2>僕(ぼく)は壁(かべ)</c><3>を張(は)ったまま笑(わら)う</c><1></c>,壁(かべ)
52.736,52.87,-1,-1,<1></c><2>僕(ぼく)は壁(かべ)を</c><3>張(は)ったまま笑(わら)う</c><1></c>,を
52.87,53.037,-1,-1,<1></c><2>僕(ぼく)は壁(かべ)を張(は)</c><3>ったまま笑(わら)う</c><1></c>,張(は)
53.037,53.17,-1,-1,<1></c><2>僕(ぼく)は壁(かべ)を張(は)っ</c><3>たまま笑(わら)う</c><1></c>,っ
53.17,53.337,-1,-1,<1></c><2>僕(ぼく)は壁(かべ)を張(は)った</c><3>まま笑(わら)う</c><1></c>,た
53.337,53.504,-1,-1,<1></c><2>僕(ぼく)は壁(かべ)を張(は)ったま</c><3>ま笑(わら)う</c><1></c>,ま
53.504,53.637,-1,-1,<1></c><2>僕(ぼく)は壁(かべ)を張(は)ったまま</c><3>笑(わら)う</c><1></c>,ま
53.637,53.937,-1,-1,<1></c><2>僕(ぼく)は壁(かべ)を張(は)ったまま笑(わら)</c><3>う</c><1></c>,笑(わら)
53.937,54.271,-1,-1,<1></c><2>僕(ぼく)は壁(かべ)を張(は)ったまま笑(わら)う</c><1></c>,う
54.271,54.405,-1,-1,<1></c><2>そ</c><3>れ以(い)上(じょう)近(ちか)づかないででで</c><1></c>,そ
54.405,54.571,-1,-1,<1></c><2>それ</c><3>以(い)上(じょう)近(ちか)づかないででで</c><1></c>,れ
54.571,54.705,-1,-1,<1></c><2>それ以(い)</c><3>上(じょう)近(ちか)づかないででで</c><1></c>,以(い)
54.705,54.905,-1,-1,<1></c><2>それ以(い)上(じょう)</c><3>近(ちか)づかないででで</c><1></c>,上(じょう)
54.905,55.172,-1,-1,<1></c><2>それ以(い)上(じょう)近(ちか)</c><3>づかないででで</c><1></c>,近(ちか)
55.172,55.339,-1,-1,<1></c><2>それ以(い)上(じょう)近(ちか)づ</c><3>かないででで</c><1></c>,づ
55.339,55.506,-1,-1,<1></c><2>それ以(い)上(じょう)近(ちか)づか</c><3>ないででで</c><1></c>,か
55.506,55.639,-1,-1,<1></c><2>それ以(い)上(じょう)近(ちか)づかな</c><3>いででで</c><1></c>,な
55.639,55.806,-1,-1,<1></c><2>それ以(い)上(じょう)近(ちか)づかない</c><3>ででで</c><1></c>,い
55.806,56.106,-1,-1,<1></c><2>それ以(い)上(じょう)近(ちか)づかないで</c><3>でで</c><1></c>,で
56.106,56.407,-1,-1,<1></c><2>それ以(い)上(じょう)近(ちか)づかないでで</c><3>で</c><1></c>,で
56.407,56.74,-1,-1,<1></c><2>それ以(い)上(じょう)近(ちか)づかないででで</c><1></c>,で
56.74,57.041,-1,-1,<1></c><2>怖(こわ)</c><3>いじゃん</c><1></c>,怖(こわ)
57.041,57.207,-1,-1,<1></c><2>怖(こわ)い</c><3>じゃん</c><1></c>,い
57.207,57.374,-1,-1,<1></c><2>怖(こわ)いじゃ</c><3>ん</c><1></c>,じゃ
57.374,57.808,-1,-1,<1></c><2>怖(こわ)いじゃん</c><1></c>,ん
57.808,57.908,-1,-1,<1></c><2>ば</c><3>かばっかばかばっか</c><1></c>,ば
57.908,58.409,-1,-1,<1></c><2>ばか</c><3>ばっかばかばっか</c><1></c>,か
58.409,58.542,-1,-1,<1></c><2>ばかば</c><3>っかばかばっか</c><1></c>,ば
58.542,59.043,-1,-1,<1></c><2>ばかばっ</c><3>かばかばっか</c><1></c>,っ
59.043,60.277,-1,-1,<1></c><2>ばかばっか</c><3>ばかばっか</c><1></c>,か
60.277,60.411,-1,-1,<1></c><2>ばかばっかば</c><3>かばっか</c><1></c>,ば
60.411,60.878,-1,-1,<1></c><2>ばかばっかばか</c><3>ばっか</c><1></c>,か
60.878,61.011,-1,-1,<1></c><2>ばかばっかばかば</c><3>っか</c><1></c>,ば
61.011,61.512,-1,-1,<1></c><2>ばかばっかばかばっ</c><3>か</c><1></c>,っ
61.512,62.713,-1,-1,<1></c><2>ばかばっかばかばっか</c><1></c>,か
62.713,62.813,-1,-1,<1></c><2>ば</c><3>かばっかやだばかばっか</c><1></c>,ば
62.813,63.347,-1,-1,<1></c><2>ばか</c><3>ばっかやだばかばっか</c><1></c>,か
63.347,63.447,-1,-1,<1></c><2>ばかば</c><3>っかやだばかばっか</c><1></c>,ば
63.447,63.914,-1,-1,<1></c><2>ばかばっ</c><3>かやだばかばっか</c><1></c>,っ
63.914,64.548,-1,-1,<1></c><2>ばかばっか</c><3>やだばかばっか</c><1></c>,か
64.548,64.681,-1,-1,<1></c><2>ばかばっかや</c><3>だばかばっか</c><1></c>,や
64.681,65.182,-1,-1,<1></c><2>ばかばっかやだ</c><3>ばかばっか</c><1></c>,だ
65.182,65.315,-1,-1,<1></c><2>ばかばっかやだば</c><3>かばっか</c><1></c>,ば
65.315,65.783,-1,-1,<1></c><2>ばかばっかやだばか</c><3>ばっか</c><1></c>,か
65.783,65.916,-1,-1,<1></c><2>ばかばっかやだばかば</c><3>っか</c><1></c>,ば
65.916,66.417,-1,-1,<1></c><2>ばかばっかやだばかばっ</c><3>か</c><1></c>,っ
66.417,67.017,-1,-1,<1></c><2>ばかばっかやだばかばっか</c><1></c>,か
69.82,69.987,-1,-1,<1></c><2>も</c><3>ういいじゃんまだ怒(おこ)ってんの</c><1></c>,も
69.987,70.12,-1,-1,<1></c><2>もう</c><3>いいじゃんまだ怒(おこ)ってんの</c><1></c>,う
70.12,70.254,-1,-1,<1></c><2>もうい</c><3>いじゃんまだ怒(おこ)ってんの</c><1></c>,い
70.254,70.421,-1,-1,<1></c><2>もういい</c><3>じゃんまだ怒(おこ)ってんの</c><1></c>,い
70.421,70.587,-1,-1,<1></c><2>もういいじゃ</c><3>んまだ怒(おこ)ってんの</c><1></c>,じゃ
70.587,70.721,-1,-1,<1></c><2>もういいじゃん</c><3>まだ怒(おこ)ってんの</c><1></c>,ん
70.721,70.888,-1,-1,<1></c><2>もういいじゃんま</c><3>だ怒(おこ)ってんの</c><1></c>,ま
70.888,71.055,-1,-1,<1></c><2>もういいじゃんまだ</c><3>怒(おこ)ってんの</c><1></c>,だ
71.055,71.355,-1,-1,<1></c><2>もういいじゃんまだ怒(おこ)</c><3>ってんの</c><1></c>,怒(おこ)
71.355,71.488,-1,-1,<1></c><2>もういいじゃんまだ怒(おこ)っ</c><3>てんの</c><1></c>,っ
71.488,71.655,-1,-1,<1></c><2>もういいじゃんまだ怒(おこ)って</c><3>んの</c><1></c>,て
71.655,71.789,-1,-1,<1></c><2>もういいじゃんまだ怒(おこ)ってん</c><3>の</c><1></c>,ん
71.789,72.256,-1,-1,<1></c><2>もういいじゃんまだ怒(おこ)ってんの</c><1></c>,の
72.256,72.423,-1,-1,<1></c><2>ほ</c><3>っといてよホッとできない</c><1></c>,ほ
72.423,72.556,-1,-1,<1></c><2>ほっ</c><3>といてよホッとできない</c><1></c>,っ
72.556,72.723,-1,-1,<1></c><2>ほっと</c><3>いてよホッとできない</c><1></c>,と
72.723,72.89,-1,-1,<1></c><2>ほっとい</c><3>てよホッとできない</c><1></c>,い
72.89,73.023,-1,-1,<1></c><2>ほっといて</c><3>よホッとできない</c><1></c>,て
73.023,73.49,-1,-1,<1></c><2>ほっといてよ</c><3>ホッとできない</c><1></c>,よ
73.49,73.657,-1,-1,<1></c><2>ほっといてよホ</c><3>ッとできない</c><1></c>,ホ
73.657,73.824,-1,-1,<1></c><2>ほっといてよホッ</c><3>とできない</c><1></c>,ッ
73.824,73.957,-1,-1,<1></c><2>ほっといてよホッと</c><3>できない</c><1></c>,と
73.957,74.124,-1,-1,<1></c><2>ほっといてよホッとで</c><3>きない</c><1></c>,で
74.124,74.258,-1,-1,<1></c><2>ほっといてよホッとでき</c><3>ない</c><1></c>,き
74.258,74.425,-1,-1,<1></c><2>ほっといてよホッとできな</c><3>い</c><1></c>,な
74.425,74.558,-1,-1,<1></c><2>ほっといてよホッとできない</c><1></c>,い
74.558,74.725,-1,-1,<1></c><2>見(み)</c><3>ないように目(め)を逸(そ)らしたって</c><1></c>,見(み)
74.725,74.858,-1,-1,<1></c><2>見(み)な</c><3>いように目(め)を逸(そ)らしたって</c><1></c>,な
74.858,75.025,-1,-1,<1></c><2>見(み)ない</c><3>ように目(め)を逸(そ)らしたって</c><1></c>,い
75.025,75.192,-1,-1,<1></c><2>見(み)ないよ</c><3>うに目(め)を逸(そ)らしたって</c><1></c>,よ
75.192,75.359,-1,-1,<1></c><2>見(み)ないよう</c><3>に目(め)を逸(そ)らしたって</c><1></c>,う
75.359,75.659,-1,-1,<1></c><2>見(み)ないように</c><3>目(め)を逸(そ)らしたって</c><1></c>,に
75.659,75.793,-1,-1,<1></c><2>見(み)ないように目(め)</c><3>を逸(そ)らしたって</c><1></c>,目(め)
75.793,75.959,-1,-1,<1></c><2>見(み)ないように目(め)を</c><3>逸(そ)らしたって</c><1></c>,を
75.959,76.093,-1,-1,<1></c><2>見(み)ないように目(め)を逸(そ)</c><3>らしたって</c><1></c>,逸(そ)
76.093,76.26,-1,-1,<1></c><2>見(み)ないように目(め)を逸(そ)ら</c><3>したって</c><1></c>,ら
76.26,76.393,-1,-1,<1></c><2>見(み)ないように目(め)を逸(そ)らし</c><3>たって</c><1></c>,し
76.393,76.727,-1,-1,<1></c><2>見(み)ないように目(め)を逸(そ)らした</c><3>って</c><1></c>,た
76.727,77.194,-1,-1,<1></c><2>見(み)ないように目(め)を逸(そ)らしたって</c><1></c>,って
77.194,77.361,-1,-1,<1></c><2>付(つ)</c><3>いてくるじゃんやっぱり</c><1></c>,付(つ)
77.361,77.494,-1,-1,<1></c><2>付(つ)い</c><3>てくるじゃんやっぱり</c><1></c>,い
77.494,77.661,-1,-1,<1></c><2>付(つ)いて</c><3>くるじゃんやっぱり</c><1></c>,て
77.661,77.795,-1,-1,<1></c><2>付(つ)いてく</c><3>るじゃんやっぱり</c><1></c>,く
77.795,77.961,-1,-1,<1></c><2>付(つ)いてくる</c><3>じゃんやっぱり</c><1></c>,る
77.961,78.128,-1,-1,<1></c><2>付(つ)いてくるじゃ</c><3>んやっぱり</c><1></c>,じゃ
78.128,78.395,-1,-1,<1></c><2>付(つ)いてくるじゃん</c><3>やっぱり</c><1></c>,ん
78.395,78.562,-1,-1,<1></c><2>付(つ)いてくるじゃんや</c><3>っぱり</c><1></c>,や
78.562,78.729,-1,-1,<1></c><2>付(つ)いてくるじゃんやっ</c><3>ぱり</c><1></c>,っ
78.729,78.862,-1,-1,<1></c><2>付(つ)いてくるじゃんやっぱ</c><3>り</c><1></c>,ぱ
78.862,79.463,-1,-1,<1></c><2>付(つ)いてくるじゃんやっぱり</c><1></c>,り
79.463,79.63,-1,-1,<1></c><2>転(ころ)</c><3>がったら起(お)きればいいじゃん</c><1></c>,転(ころ)
79.63,79.73,-1,-1,<1></c><2>転(ころ)が</c><3>ったら起(お)きればいいじゃん</c><1></c>,が
79.73,79.797,-1,-1,<1></c><2>転(ころ)がっ</c><3>たら起(お)きればいいじゃん</c><1></c>,っ
79.797,79.863,-1,-1,<1></c><2>転(ころ)がった</c><3>ら起(お)きればいいじゃん</c><1></c>,た
79.863,79.963,-1,-1,<1></c><2>転(ころ)がったら</c><3>起(お)きればいいじゃん</c><1></c>,ら
79.963,80.03,-1,-1,<1></c><2>転(ころ)がったら起(お)</c><3>きればいいじゃん</c><1></c>,起(お)
80.03,80.097,-1,-1,<1></c><2>転(ころ)がったら起(お)き</c><3>ればいいじゃん</c><1></c>,き
80.097,80.164,-1,-1,<1></c><2>転(ころ)がったら起(お)きれ</c><3>ばいいじゃん</c><1></c>,れ
80.164,80.264,-1,-1,<1></c><2>転(ころ)がったら起(お)きれば</c><3>いいじゃん</c><1></c>,ば
80.264,80.33,-1,-1,<1></c><2>転(ころ)がったら起(お)きればい</c><3>いじゃん</c><1></c>,い
80.33,80.431,-1,-1,<1></c><2>転(ころ)がったら起(お)きればいい</c><3>じゃん</c><1></c>,い
80.431,80.531,-1,-1,<1></c><2>転(ころ)がったら起(お)きればいいじゃ</c><3>ん</c><1></c>,じゃ
80.531,80.731,-1,-1,<1></c><2>転(ころ)がったら起(お)きればいいじゃん</c><1></c>,ん
80.731,80.964,-1,-1,<1></c><2>失(うしな)</c><3>ったら探(さが)せばいいじゃん</c><1></c>,失(うしな)
80.964,81.031,-1,-1,<1></c><2>失(うしな)っ</c><3>たら探(さが)せばいいじゃん</c><1></c>,っ
81.031,81.098,-1,-1,<1></c><2>失(うしな)った</c><3>ら探(さが)せばいいじゃん</c><1></c>,た
81.098,81.198,-1,-1,<1></c><2>失(うしな)ったら</c><3>探(さが)せばいいじゃん</c><1></c>,ら
81.198,81.365,-1,-1,<1></c><2>失(うしな)ったら探(さが)</c><3>せばいいじゃん</c><1></c>,探(さが)
81.365,81.432,-1,-1,<1></c><2>失(うしな)ったら探(さが)せ</c><3>ばいいじゃん</c><1></c>,せ
81.432,81.498,-1,-1,<1></c><2>失(うしな)ったら探(さが)せば</c><3>いいじゃん</c><1></c>,ば
81.498,81.598,-1,-1,<1></c><2>失(うしな)ったら探(さが)せばい</c><3>いじゃん</c><1></c>,い
81.598,81.665,-1,-1,<1></c><2>失(うしな)ったら探(さが)せばいい</c><3>じゃん</c><1></c>,い
81.665,81.732,-1,-1,<1></c><2>失(うしな)ったら探(さが)せばいいじゃ</c><3>ん</c><1></c>,じゃ
81.732,81.832,-1,-1,<1></c><2>失(うしな)ったら探(さが)せばいいじゃん</c><1></c>,ん
81.832,81.899,-1,-1,<1></c><2>い</c><3>やいやいやいやいやいやいやいや</c><1></c>,い
81.899,81.965,-1,-1,<1></c><2>いや</c><3>いやいやいやいやいやいやいや</c><1></c>,や
81.965,82.032,-1,-1,<1></c><2>いやい</c><3>やいやいやいやいやいやいや</c><1></c>,い
82.032,82.099,-1,-1,<1></c><2>いやいや</c><3>いやいやいやいやいやいや</c><1></c>,や
82.099,82.199,-1,-1,<1></c><2>いやいやい</c><3>やいやいやいやいやいや</c><1></c>,い
82.199,82.266,-1,-1,<1></c><2>いやいやいや</c><3>いやいやいやいやいや</c><1></c>,や
82.266,82.332,-1,-1,<1></c><2>いやいやいやい</c><3>やいやいやいやいや</c><1></c>,い
82.332,82.399,-1,-1,<1></c><2>いやいやいやいや</c><3>いやいやいやいや</c><1></c>,や
82.399,82.466,-1,-1,<1></c><2>いやいやいやいやい</c><3>やいやいやいや</c><1></c>,い
82.466,82.533,-1,-1,<1></c><2>いやいやいやいやいや</c><3>いやいやいや</c><1></c>,や
82.533,82.599,-1,-1,<1></c><2>いやいやいやいやいやい</c><3>やいやいや</c><1></c>,い
82.599,82.666,-1,-1,<1></c><2>いやいやいやいやいやいや</c><3>いやいや</c><1></c>,や
82.666,82.733,-1,-1,<1></c><2>いやいやいやいやいやいやい</c><3>やいや</c><1></c>,い
82.733,82.8,-1,-1,<1></c><2>いやいやいやいやいやいやいや</c><3>いや</c><1></c>,や
82.8,82.9,-1,-1,<1></c><2>いやいやいやいやいやいやいやい</c><3>や</c><1></c>,い
82.9,83.2,-1,-1,<1></c><2>いやいやいやいやいやいやいやいや</c><1></c>,や
83.2,83.367,-1,-1,<1></c><2>そ</c><3>れでよくない？</c><1></c>,そ
83.367,83.5,-1,-1,<1></c><2>それ</c><3>でよくない？</c><1></c>,れ
83.5,83.667,-1,-1,<1></c><2>それで</c><3>よくない？</c><1></c>,で
83.667,83.801,-1,-1,<1></c><2>それでよ</c><3>くない？</c><1></c>,よ
83.801,83.967,-1,-1,<1></c><2>それでよく</c><3>ない？</c><1></c>,く
83.967,84.101,-1,-1,<1></c><2>それでよくな</c><3>い？</c><1></c>,な
84.101,84.401,-1,-1,<1></c><2>それでよくない？</c><1></c>,い？
84.401,84.468,-1,-1,<1></c><2>間(ま)</c><3>違(ちが)ったら直(なお)せばいいじゃん</c><1></c>,間(ま)
84.468,84.635,-1,-1,<1></c><2>間(ま)違(ちが)</c><3>ったら直(なお)せばいいじゃん</c><1></c>,違(ちが)
84.635,84.701,-1,-1,<1></c><2>間(ま)違(ちが)っ</c><3>たら直(なお)せばいいじゃん</c><1></c>,っ
84.701,84.802,-1,-1,<1></c><2>間(ま)違(ちが)った</c><3>ら直(なお)せばいいじゃん</c><1></c>,た
84.802,84.868,-1,-1,<1></c><2>間(ま)違(ちが)ったら</c><3>直(なお)せばいいじゃん</c><1></c>,ら
84.868,85.035,-1,-1,<1></c><2>間(ま)違(ちが)ったら直(なお)</c><3>せばいいじゃん</c><1></c>,直(なお)
85.035,85.102,-1,-1,<1></c><2>間(ま)違(ちが)ったら直(なお)せ</c><3>ばいいじゃん</c><1></c>,せ
85.102,85.169,-1,-1,<1></c><2>間(ま)違(ちが)ったら直(なお)せば</c><3>いいじゃん</c><1></c>,ば
85.169,85.269,-1,-1,<1></c><2>間(ま)違(ちが)ったら直(なお)せばい</c><3>いじゃん</c><1></c>,い
85.269,85.369,-1,-1,<1></c><2>間(ま)違(ちが)ったら直(なお)せばいい</c><3>じゃん</c><1></c>,い
85.369,85.436,-1,-1,<1></c><2>間(ま)違(ちが)ったら直(なお)せばいいじゃ</c><3>ん</c><1></c>,じゃ
85.436,85.636,-1,-1,<1></c><2>間(ま)違(ちが)ったら直(なお)せばいいじゃん</c><1></c>,ん
85.636,85.702,-1,-1,<1></c><2>や</c><3>んなったらやめればいいじゃん</c><1></c>,や
85.702,85.803,-1,-1,<1></c><2>やん</c><3>なったらやめればいいじゃん</c><1></c>,ん
85.803,85.869,-1,-1,<1></c><2>やんな</c><3>ったらやめればいいじゃん</c><1></c>,な
85.869,85.936,-1,-1,<1></c><2>やんなっ</c><3>たらやめればいいじゃん</c><1></c>,っ
85.936,86.003,-1,-1,<1></c><2>やんなった</c><3>らやめればいいじゃん</c><1></c>,た
86.003,86.103,-1,-1,<1></c><2>やんなったら</c><3>やめればいいじゃん</c><1></c>,ら
86.103,86.203,-1,-1,<1></c><2>やんなったらや</c><3>めればいいじゃん</c><1></c>,や
86.203,86.27,-1,-1,<1></c><2>やんなったらやめ</c><3>ればいいじゃん</c><1></c>,め
86.27,86.336,-1,-1,<1></c><2>やんなったらやめれ</c><3>ばいいじゃん</c><1></c>,れ
86.336,86.403,-1,-1,<1></c><2>やんなったらやめれば</c><3>いいじゃん</c><1></c>,ば
86.403,86.47,-1,-1,<1></c><2>やんなったらやめればい</c><3>いじゃん</c><1></c>,い
86.47,86.537,-1,-1,<1></c><2>やんなったらやめればいい</c><3>じゃん</c><1></c>,い
86.537,86.637,-1,-1,<1></c><2>やんなったらやめればいいじゃ</c><3>ん</c><1></c>,じゃ
86.637,86.737,-1,-1,<1></c><2>やんなったらやめればいいじゃん</c><1></c>,ん
86.737,86.804,-1,-1,<1></c><2>い</c><3>やいやいやいやいやいやいやいや</c><1></c>,い
86.804,86.87,-1,-1,<1></c><2>いや</c><3>いやいやいやいやいやいやいや</c><1></c>,や
86.87,86.937,-1,-1,<1></c><2>いやい</c><3>やいやいやいやいやいやいや</c><1></c>,い
86.937,87.004,-1,-1,<1></c><2>いやいや</c><3>いやいやいやいやいやいや</c><1></c>,や
87.004,87.104,-1,-1,<1></c><2>いやいやい</c><3>やいやいやいやいやいや</c><1></c>,い
87.104,87.171,-1,-1,<1></c><2>いやいやいや</c><3>いやいやいやいやいや</c><1></c>,や
87.171,87.237,-1,-1,<1></c><2>いやいやいやい</c><3>やいやいやいやいや</c><1></c>,い
87.237,87.304,-1,-1,<1></c><2>いやいやいやいや</c><3>いやいやいやいや</c><1></c>,や
87.304,87.371,-1,-1,<1></c><2>いやいやいやいやい</c><3>やいやいやいや</c><1></c>,い
87.371,87.438,-1,-1,<1></c><2>いやいやいやいやいや</c><3>いやいやいや</c><1></c>,や
87.438,87.504,-1,-1,<1></c><2>いやいやいやいやいやい</c><3>やいやいや</c><1></c>,い
87.504,87.571,-1,-1,<1></c><2>いやいやいやいやいやいや</c><3>いやいや</c><1></c>,や
87.571,87.638,-1,-1,<1></c><2>いやいやいやいやいやいやい</c><3>やいや</c><1></c>,い
87.638,87.704,-1,-1,<1></c><2>いやいやいやいやいやいやいや</c><3>いや</c><1></c>,や
87.704,87.805,-1,-1,<1></c><2>いやいやいやいやいやいやいやい</c><3>や</c><1></c>,い
87.805,88.105,-1,-1,<1></c><2>いやいやいやいやいやいやいやいや</c><1></c>,や
88.105,88.272,-1,-1,<1></c><2>そ</c><3>れでよくない？</c><1></c>,そ
88.272,88.405,-1,-1,<1></c><2>それ</c><3>でよくない？</c><1></c>,れ
88.405,88.572,-1,-1,<1></c><2>それで</c><3>よくない？</c><1></c>,で
88.572,88.705,-1,-1,<1></c><2>それでよ</c><3>くない？</c><1></c>,よ
88.705,88.872,-1,-1,<1></c><2>それでよく</c><3>ない？</c><1></c>,く
88.872,89.006,-1,-1,<1></c><2>それでよくな</c><3>い？</c><1></c>,な
89.006,89.339,-1,-1,<1></c><2>それでよくない？</c><1></c>,い？
90.707,91.041,-1,-1,<1></c><2>僕(ぼく)</c><3>は誰(だれ)も覗(のぞ)かないよ</c><1></c>,僕(ぼく)
91.041,91.341,-1,-1,<1></c><2>僕(ぼく)は</c><3>誰(だれ)も覗(のぞ)かないよ</c><1></c>,は
91.341,91.642,-1,-1,<1></c><2>僕(ぼく)は誰(だれ)</c><3>も覗(のぞ)かないよ</c><1></c>,誰(だれ)
91.642,91.942,-1,-1,<1></c><2>僕(ぼく)は誰(だれ)も</c><3>覗(のぞ)かないよ</c><1></c>,も
91.942,92.276,-1,-1,<1></c><2>僕(ぼく)は誰(だれ)も覗(のぞ)</c><3>かないよ</c><1></c>,覗(のぞ)
92.276,92.576,-1,-1,<1></c><2>僕(ぼく)は誰(だれ)も覗(のぞ)か</c><3>ないよ</c><1></c>,か
92.576,92.876,-1,-1,<1></c><2>僕(ぼく)は誰(だれ)も覗(のぞ)かな</c><3>いよ</c><1></c>,な
92.876,93.21,-1,-1,<1></c><2>僕(ぼく)は誰(だれ)も覗(のぞ)かない</c><3>よ</c><1></c>,い
93.21,93.777,-1,-1,<1></c><2>僕(ぼく)は誰(だれ)も覗(のぞ)かないよ</c><1></c>,よ
93.777,93.911,-1,-1,<1></c><2>だ</c><3>から僕(ぼく)のことそっとしといて</c><1></c>,だ
93.911,94.111,-1,-1,<1></c><2>だか</c><3>ら僕(ぼく)のことそっとしといて</c><1></c>,か
94.111,94.411,-1,-1,<1></c><2>だから</c><3>僕(ぼく)のことそっとしといて</c><1></c>,ら
94.411,95.012,-1,-1,<1></c><2>だから僕(ぼく)</c><3>のことそっとしといて</c><1></c>,僕(ぼく)
95.012,95.312,-1,-1,<1></c><2>だから僕(ぼく)の</c><3>ことそっとしといて</c><1></c>,の
95.312,95.612,-1,-1,<1></c><2>だから僕(ぼく)のこ</c><3>とそっとしといて</c><1></c>,こ
95.612,95.946,-1,-1,<1></c><2>だから僕(ぼく)のこと</c><3>そっとしといて</c><1></c>,と
95.946,96.18,-1,-1,<1></c><2>だから僕(ぼく)のことそ</c><3>っとしといて</c><1></c>,そ
96.18,96.38,-1,-1,<1></c><2>だから僕(ぼく)のことそっ</c><3>としといて</c><1></c>,っ
96.38,96.48,-1,-1,<1></c><2>だから僕(ぼく)のことそっと</c><3>しといて</c><1></c>,と
96.48,96.547,-1,-1,<1></c><2>だから僕(ぼく)のことそっとし</c><3>といて</c><1></c>,し
96.547,96.713,-1,-1,<1></c><2>だから僕(ぼく)のことそっとしと</c><3>いて</c><1></c>,と
96.713,96.847,-1,-1,<1></c><2>だから僕(ぼく)のことそっとしとい</c><3>て</c><1></c>,い
96.847,97.181,-1,-1,<1></c><2>だから僕(ぼく)のことそっとしといて</c><1></c>,て
97.181,97.481,61,-1,<1></c><2>や</c><3>なこと全(ぜん)部(ぶ)大(だい)丈(じょう)夫(ぶ)だと</c><1></c>,や
97.481,97.781,61,-1,<1></c><2>やな</c><3>こと全(ぜん)部(ぶ)大(だい)丈(じょう)夫(ぶ)だと</c><1></c>,な
97.781,98.115,61,-1,<1></c><2>やなこ</c><3>と全(ぜん)部(ぶ)大(だい)丈(じょう)夫(ぶ)だと</c><1></c>,こ
98.115,98.415,61,-1,<1></c><2>やなこと</c><3>全(ぜん)部(ぶ)大(だい)丈(じょう)夫(ぶ)だと</c><1></c>,と
98.415,98.715,61,-1,<1></c><2>やなこと全(ぜん)</c><3>部(ぶ)大(だい)丈(じょう)夫(ぶ)だと</c><1></c>,全(ぜん)
98.715,99.016,61,-1,<1></c><2>やなこと全(ぜん)部(ぶ)</c><3>大(だい)丈(じょう)夫(ぶ)だと</c><1></c>,部(ぶ)
99.016,99.616,61,-1,<1></c><2>やなこと全(ぜん)部(ぶ)大(だい)</c><3>丈(じょう)夫(ぶ)だと</c><1></c>,大(だい)
99.616,99.95,61,-1,<1></c><2>やなこと全(ぜん)部(ぶ)大(だい)丈(じょう)</c><3>夫(ぶ)だと</c><1></c>,丈(じょう)
99.95,100.25,61,-1,<1></c><2>やなこと全(ぜん)部(ぶ)大(だい)丈(じょう)夫(ぶ)</c><3>だと</c><1></c>,夫(ぶ)
100.25,100.551,61,-1,<1></c><2>やなこと全(ぜん)部(ぶ)大(だい)丈(じょう)夫(ぶ)だ</c><3>と</c><1></c>,だ
100.551,101.185,61,-1,<1></c><2>やなこと全(ぜん)部(ぶ)大(だい)丈(じょう)夫(ぶ)だと</c><1></c>,と
101.185,101.351,-1,-1,<1></c><2>言(い)</c><3>えたらいいのにな</c><1></c>,言(い)
101.351,101.485,-1,-1,<1></c><2>言(い)え</c><3>たらいいのにな</c><1></c>,え
101.485,101.785,-1,-1,<1></c><2>言(い)えた</c><3>らいいのにな</c><1></c>,た
101.785,102.119,-1,-1,<1></c><2>言(い)えたら</c><3>いいのにな</c><1></c>,ら
102.119,102.419,-1,-1,<1></c><2>言(い)えたらい</c><3>いのにな</c><1></c>,い
102.419,102.719,-1,-1,<1></c><2>言(い)えたらいい</c><3>のにな</c><1></c>,い
102.719,103.02,-1,-1,<1></c><2>言(い)えたらいいの</c><3>にな</c><1></c>,の
103.02,103.32,-1,-1,<1></c><2>言(い)えたらいいのに</c><3>な</c><1></c>,に
103.32,104.721,-1,-1,<1></c><2>言(い)えたらいいのにな</c><1></c>,な
104.721,105.022,-1,-1,<1></c><2>思(おも)</c><3>えたらいいのにな</c><1></c>,思(おも)
105.022,105.189,-1,-1,<1></c><2>思(おも)え</c><3>たらいいのにな</c><1></c>,え
105.189,105.489,-1,-1,<1></c><2>思(おも)えた</c><3>らいいのにな</c><1></c>,た
105.489,105.789,-1,-1,<1></c><2>思(おも)えたら</c><3>いいのにな</c><1></c>,ら
105.789,106.123,-1,-1,<1></c><2>思(おも)えたらい</c><3>いのにな</c><1></c>,い
106.123,106.457,-1,-1,<1></c><2>思(おも)えたらいい</c><3>のにな</c><1></c>,い
106.457,106.69,-1,-1,<1></c><2>思(おも)えたらいいの</c><3>にな</c><1></c>,の
106.69,106.957,-1,-1,<1></c><2>思(おも)えたらいいのに</c><3>な</c><1></c>,に
106.957,107.257,-1,-1,<1></c><2>思(おも)えたらいいのにな</c><1></c>,な
108.559,108.892,56,-1,<1></c><2>違(ちが)</c><3>うよデタラメな大(だい)正(せい)解(かい)</c><1></c>,違(ちが)
108.892,109.026,56,-1,<1></c><2>違(ちが)う</c><3>よデタラメな大(だい)正(せい)解(かい)</c><1></c>,う
109.026,109.193,56,-1,<1></c><2>違(ちが)うよ</c><3>デタラメな大(だい)正(せい)解(かい)</c><1></c>,よ
109.193,109.359,56,-1,<1></c><2>違(ちが)うよデ</c><3>タラメな大(だい)正(せい)解(かい)</c><1></c>,デ
109.359,109.493,56,-1,<1></c><2>違(ちが)うよデタ</c><3>ラメな大(だい)正(せい)解(かい)</c><1></c>,タ
109.493,109.66,56,-1,<1></c><2>違(ちが)うよデタラ</c><3>メな大(だい)正(せい)解(かい)</c><1></c>,ラ
109.66,109.793,56,-1,<1></c><2>違(ちが)うよデタラメ</c><3>な大(だい)正(せい)解(かい)</c><1></c>,メ
109.793,109.96,56,-1,<1></c><2>違(ちが)うよデタラメな</c><3>大(だい)正(せい)解(かい)</c><1></c>,な
109.96,110.26,56,-1,<1></c><2>違(ちが)うよデタラメな大(だい)</c><3>正(せい)解(かい)</c><1></c>,大(だい)
110.26,110.561,56,-1,<1></c><2>違(ちが)うよデタラメな大(だい)正(せい)</c><3>解(かい)</c><1></c>,正(せい)
110.561,110.861,56,-1,<1></c><2>違(ちが)うよデタラメな大(だい)正(せい)解(かい)</c><1></c>,解(かい)
110.861,110.994,-1,-1,<1></c><2>い</c><3>つも僕(ぼく)は損(そん)なロールなの</c><1></c>,い
110.994,111.161,-1,-1,<1></c><2>いつ</c><3>も僕(ぼく)は損(そん)なロールなの</c><1></c>,つ
111.161,111.495,-1,-1,<1></c><2>いつも</c><3>僕(ぼく)は損(そん)なロールなの</c><1></c>,も
111.495,111.762,-1,-1,<1></c><2>いつも僕(ぼく)</c><3>は損(そん)なロールなの</c><1></c>,僕(ぼく)
111.762,111.962,-1,-1,<1></c><2>いつも僕(ぼく)は</c><3>損(そん)なロールなの</c><1></c>,は
111.962,112.229,-1,-1,<1></c><2>いつも僕(ぼく)は損(そん)</c><3>なロールなの</c><1></c>,損(そん)
112.229,112.396,-1,-1,<1></c><2>いつも僕(ぼく)は損(そん)な</c><3>ロールなの</c><1></c>,な
112.396,112.563,-1,-1,<1></c><2>いつも僕(ぼく)は損(そん)なロ</c><3>ールなの</c><1></c>,ロ
112.563,112.696,-1,-1,<1></c><2>いつも僕(ぼく)は損(そん)なロー</c><3>ルなの</c><1></c>,ー
112.696,112.863,-1,-1,<1></c><2>いつも僕(ぼく)は損(そん)なロール</c><3>なの</c><1></c>,ル
112.863,112.996,-1,-1,<1></c><2>いつも僕(ぼく)は損(そん)なロールな</c><3>の</c><1></c>,な
112.996,113.464,-1,-1,<1></c><2>いつも僕(ぼく)は損(そん)なロールなの</c><1></c>,の
113.464,113.664,-1,-1,<1></c><2>ま</c><3>た言(い)いたいことを殺(ころ)す</c><1></c>,ま
113.664,114.064,-1,-1,<1></c><2>また</c><3>言(い)いたいことを殺(ころ)す</c><1></c>,た
114.064,114.231,-1,-1,<1></c><2>また言(い)</c><3>いたいことを殺(ころ)す</c><1></c>,言(い)
114.231,114.398,-1,-1,<1></c><2>また言(い)い</c><3>たいことを殺(ころ)す</c><1></c>,い
114.398,114.531,-1,-1,<1></c><2>また言(い)いた</c><3>いことを殺(ころ)す</c><1></c>,た
114.531,114.698,-1,-1,<1></c><2>また言(い)いたい</c><3>ことを殺(ころ)す</c><1></c>,い
114.698,114.865,-1,-1,<1></c><2>また言(い)いたいこ</c><3>とを殺(ころ)す</c><1></c>,こ
114.865,115.032,-1,-1,<1></c><2>また言(い)いたいこと</c><3>を殺(ころ)す</c><1></c>,と
115.032,115.199,-1,-1,<1></c><2>また言(い)いたいことを</c><3>殺(ころ)す</c><1></c>,を
115.199,115.432,-1,-1,<1></c><2>また言(い)いたいことを殺(ころ)</c><3>す</c><1></c>,殺(ころ)
115.432,115.799,-1,-1,<1></c><2>また言(い)いたいことを殺(ころ)す</c><1></c>,す
115.799,115.933,-1,-1,<1></c><2>だ</c><3>からもう忘(わす)れてくれ</c><1></c>,だ
115.933,116.1,-1,-1,<1></c><2>だか</c><3>らもう忘(わす)れてくれ</c><1></c>,か
116.1,116.266,-1,-1,<1></c><2>だから</c><3>もう忘(わす)れてくれ</c><1></c>,ら
116.266,116.4,-1,-1,<1></c><2>だからも</c><3>う忘(わす)れてくれ</c><1></c>,も
116.4,116.533,-1,-1,<1></c><2>だからもう</c><3>忘(わす)れてくれ</c><1></c>,う
116.533,116.867,-1,-1,<1></c><2>だからもう忘(わす)</c><3>れてくれ</c><1></c>,忘(わす)
116.867,117.034,-1,-1,<1></c><2>だからもう忘(わす)れ</c><3>てくれ</c><1></c>,れ
117.034,117.167,-1,-1,<1></c><2>だからもう忘(わす)れて</c><3>くれ</c><1></c>,て
117.167,117.334,-1,-1,<1></c><2>だからもう忘(わす)れてく</c><3>れ</c><1></c>,く
117.334,118.569,-1,-1,<1></c><2>だからもう忘(わす)れてくれ</c><1></c>,れ
118.569,118.869,-1,-1,<1></c><2>わっ</c><3>はっは</c><1></c>,わっ
118.869,119.203,-1,-1,<1></c><2>わっはっ</c><3>は</c><1></c>,はっ
119.203,119.636,-1,-1,<1></c><2>わっはっは</c><1></c>,は
119.636,119.803,-1,-1,<1></c><2>う</c><3>ざいだけのバカにはいはいはい</c><1></c>,う
119.803,119.97,-1,-1,<1></c><2>うざ</c><3>いだけのバカにはいはいはい</c><1></c>,ざ
119.97,120.104,-1,-1,<1></c><2>うざい</c><3>だけのバカにはいはいはい</c><1></c>,い
120.104,120.27,-1,-1,<1></c><2>うざいだ</c><3>けのバカにはいはいはい</c><1></c>,だ
120.27,120.437,-1,-1,<1></c><2>うざいだけ</c><3>のバカにはいはいはい</c><1></c>,け
120.437,120.571,-1,-1,<1></c><2>うざいだけの</c><3>バカにはいはいはい</c><1></c>,の
120.571,120.737,-1,-1,<1></c><2>うざいだけのバ</c><3>カにはいはいはい</c><1></c>,バ
120.737,120.871,-1,-1,<1></c><2>うざいだけのバカ</c><3>にはいはいはい</c><1></c>,カ
120.871,121.038,-1,-1,<1></c><2>うざいだけのバカに</c><3>はいはいはい</c><1></c>,に
121.038,121.171,-1,-1,<1></c><2>うざいだけのバカには</c><3>いはいはい</c><1></c>,は
121.171,121.338,-1,-1,<1></c><2>うざいだけのバカにはい</c><3>はいはい</c><1></c>,い
121.338,121.472,-1,-1,<1></c><2>うざいだけのバカにはいは</c><3>いはい</c><1></c>,は
121.472,121.672,-1,-1,<1></c><2>うざいだけのバカにはいはい</c><3>はい</c><1></c>,い
121.672,121.805,-1,-1,<1></c><2>うざいだけのバカにはいはいは</c><3>い</c><1></c>,は
121.805,121.939,-1,-1,<1></c><2>うざいだけのバカにはいはいはい</c><1></c>,い
121.939,122.072,-1,-1,<1></c><2>ウ</c><3>ケるまたのお越(こ)し待(ま)ってるね、だとか</c><1></c>,ウ
122.072,122.239,-1,-1,<1></c><2>ウケ</c><3>るまたのお越(こ)し待(ま)ってるね、だとか</c><1></c>,ケ
122.239,122.573,-1,-1,<1></c><2>ウケる</c><3>またのお越(こ)し待(ま)ってるね、だとか</c><1></c>,る
122.573,122.706,-1,-1,<1></c><2>ウケるま</c><3>たのお越(こ)し待(ま)ってるね、だとか</c><1></c>,ま
122.706,122.873,-1,-1,<1></c><2>ウケるまた</c><3>のお越(こ)し待(ま)ってるね、だとか</c><1></c>,た
122.873,123.04,-1,-1,<1></c><2>ウケるまたの</c><3>お越(こ)し待(ま)ってるね、だとか</c><1></c>,の
123.04,123.207,-1,-1,<1></c><2>ウケるまたのお</c><3>越(こ)し待(ま)ってるね、だとか</c><1></c>,お
123.207,123.307,-1,-1,<1></c><2>ウケるまたのお越(こ)</c><3>し待(ま)ってるね、だとか</c><1></c>,越(こ)
123.307,123.474,-1,-1,<1></c><2>ウケるまたのお越(こ)し</c><3>待(ま)ってるね、だとか</c><1></c>,し
123.474,123.64,-1,-1,<1></c><2>ウケるまたのお越(こ)し待(ま)</c><3>ってるね、だとか</c><1></c>,待(ま)
123.64,123.774,-1,-1,<1></c><2>ウケるまたのお越(こ)し待(ま)っ</c><3>てるね、だとか</c><1></c>,っ
123.774,123.941,-1,-1,<1></c><2>ウケるまたのお越(こ)し待(ま)って</c><3>るね、だとか</c><1></c>,て
123.941,124.108,-1,-1,<1></c><2>ウケるまたのお越(こ)し待(ま)ってる</c><3>ね、だとか</c><1></c>,る
124.108,124.408,-1,-1,<1></c><2>ウケるまたのお越(こ)し待(ま)ってるね、</c><3>だとか</c><1></c>,ね、
124.408,124.575,-1,-1,<1></c><2>ウケるまたのお越(こ)し待(ま)ってるね、だ</c><3>とか</c><1></c>,だ
124.575,124.708,-1,-1,<1></c><2>ウケるまたのお越(こ)し待(ま)ってるね、だと</c><3>か</c><1></c>,と
124.708,125.175,-1,-1,<1></c><2>ウケるまたのお越(こ)し待(ま)ってるね、だとか</c><1></c>,か
125.175,125.476,81,-1,<1></c><2>本(ほん)</c><3>当(と)は怯(おび)えてる吠(ほ)えるだけの弱(よわ)虫(むし)だだだ</c><1></c>,本(ほん)
125.476,125.642,81,-1,<1></c><2>本(ほん)当(と)</c><3>は怯(おび)えてる吠(ほ)えるだけの弱(よわ)虫(むし)だだだ</c><1></c>,当(と)
125.642,125.776,81,-1,<1></c><2>本(ほん)当(と)は</c><3>怯(おび)えてる吠(ほ)えるだけの弱(よわ)虫(むし)だだだ</c><1></c>,は
125.776,126.243,81,-1,<1></c><2>本(ほん)当(と)は怯(おび)</c><3>えてる吠(ほ)えるだけの弱(よわ)虫(むし)だだだ</c><1></c>,怯(おび)
126.243,126.41,81,-1,<1></c><2>本(ほん)当(と)は怯(おび)え</c><3>てる吠(ほ)えるだけの弱(よわ)虫(むし)だだだ</c><1></c>,え
126.41,126.577,81,-1,<1></c><2>本(ほん)当(と)は怯(おび)えて</c><3>る吠(ほ)えるだけの弱(よわ)虫(むし)だだだ</c><1></c>,て
126.577,126.877,81,-1,<1></c><2>本(ほん)当(と)は怯(おび)えてる</c><3>吠(ほ)えるだけの弱(よわ)虫(むし)だだだ</c><1></c>,る
126.877,127.01,81,-1,<1></c><2>本(ほん)当(と)は怯(おび)えてる吠(ほ)</c><3>えるだけの弱(よわ)虫(むし)だだだ</c><1></c>,吠(ほ)
127.01,127.177,81,-1,<1></c><2>本(ほん)当(と)は怯(おび)えてる吠(ほ)え</c><3>るだけの弱(よわ)虫(むし)だだだ</c><1></c>,え
127.177,127.311,81,-1,<1></c><2>本(ほん)当(と)は怯(おび)えてる吠(ほ)える</c><3>だけの弱(よわ)虫(むし)だだだ</c><1></c>,る
127.311,127.511,81,-1,<1></c><2>本(ほん)当(と)は怯(おび)えてる吠(ほ)えるだ</c><3>けの弱(よわ)虫(むし)だだだ</c><1></c>,だ
127.511,127.611,81,-1,<1></c><2>本(ほん)当(と)は怯(おび)えてる吠(ほ)えるだけ</c><3>の弱(よわ)虫(むし)だだだ</c><1></c>,け
127.611,127.778,81,-1,<1></c><2>本(ほん)当(と)は怯(おび)えてる吠(ほ)えるだけの</c><3>弱(よわ)虫(むし)だだだ</c><1></c>,の
127.778,128.112,81,-1,<1></c><2>本(ほん)当(と)は怯(おび)えてる吠(ほ)えるだけの弱(よわ)</c><3>虫(むし)だだだ</c><1></c>,弱(よわ)
128.112,128.412,81,-1,<1></c><2>本(ほん)当(と)は怯(おび)えてる吠(ほ)えるだけの弱(よわ)虫(むし)</c><3>だだだ</c><1></c>,虫(むし)
128.412,128.712,81,-1,<1></c><2>本(ほん)当(と)は怯(おび)えてる吠(ほ)えるだけの弱(よわ)虫(むし)だ</c><3>だだ</c><1></c>,だ
128.712,129.012,81,-1,<1></c><2>本(ほん)当(と)は怯(おび)えてる吠(ほ)えるだけの弱(よわ)虫(むし)だだ</c><3>だ</c><1></c>,だ
129.012,129.48,81,-1,<1></c><2>本(ほん)当(と)は怯(おび)えてる吠(ほ)えるだけの弱(よわ)虫(むし)だだだ</c><1></c>,だ
129.48,129.78,-1,-1,<1></c><2>痛(いた)</c><3>いくせに耐(た)えてはいはいはい</c><1></c>,痛(いた)
129.78,129.947,-1,-1,<1></c><2>痛(いた)い</c><3>くせに耐(た)えてはいはいはい</c><1></c>,い
129.947,130.08,-1,-1,<1></c><2>痛(いた)いく</c><3>せに耐(た)えてはいはいはい</c><1></c>,く
130.08,130.247,-1,-1,<1></c><2>痛(いた)いくせ</c><3>に耐(た)えてはいはいはい</c><1></c>,せ
130.247,130.414,-1,-1,<1></c><2>痛(いた)いくせに</c><3>耐(た)えてはいはいはい</c><1></c>,に
130.414,130.547,-1,-1,<1></c><2>痛(いた)いくせに耐(た)</c><3>えてはいはいはい</c><1></c>,耐(た)
130.547,130.714,-1,-1,<1></c><2>痛(いた)いくせに耐(た)え</c><3>てはいはいはい</c><1></c>,え
130.714,130.848,-1,-1,<1></c><2>痛(いた)いくせに耐(た)えて</c><3>はいはいはい</c><1></c>,て
130.848,131.048,-1,-1,<1></c><2>痛(いた)いくせに耐(た)えては</c><3>いはいはい</c><1></c>,は
131.048,131.181,-1,-1,<1></c><2>痛(いた)いくせに耐(た)えてはい</c><3>はいはい</c><1></c>,い
131.181,131.348,-1,-1,<1></c><2>痛(いた)いくせに耐(た)えてはいは</c><3>いはい</c><1></c>,は
131.348,131.515,-1,-1,<1></c><2>痛(いた)いくせに耐(た)えてはいはい</c><3>はい</c><1></c>,い
131.515,131.648,-1,-1,<1></c><2>痛(いた)いくせに耐(た)えてはいはいは</c><3>い</c><1></c>,は
131.648,131.815,-1,-1,<1></c><2>痛(いた)いくせに耐(た)えてはいはいはい</c><1></c>,い
131.815,131.982,-1,-1,<1></c><2>い</c><3>つも平(へい)気(き)なフリばっかなの</c><1></c>,い
131.982,132.116,-1,-1,<1></c><2>いつ</c><3>も平(へい)気(き)なフリばっかなの</c><1></c>,つ
132.116,132.416,-1,-1,<1></c><2>いつも</c><3>平(へい)気(き)なフリばっかなの</c><1></c>,も
132.416,132.749,-1,-1,<1></c><2>いつも平(へい)</c><3>気(き)なフリばっかなの</c><1></c>,平(へい)
132.749,132.883,-1,-1,<1></c><2>いつも平(へい)気(き)</c><3>なフリばっかなの</c><1></c>,気(き)
132.883,133.05,-1,-1,<1></c><2>いつも平(へい)気(き)な</c><3>フリばっかなの</c><1></c>,な
133.05,133.183,-1,-1,<1></c><2>いつも平(へい)気(き)なフ</c><3>リばっかなの</c><1></c>,フ
133.183,133.35,-1,-1,<1></c><2>いつも平(へい)気(き)なフリ</c><3>ばっかなの</c><1></c>,リ
133.35,133.517,-1,-1,<1></c><2>いつも平(へい)気(き)なフリば</c><3>っかなの</c><1></c>,ば
133.517,133.65,-1,-1,<1></c><2>いつも平(へい)気(き)なフリばっ</c><3>かなの</c><1></c>,っ
133.65,133.817,-1,-1,<1></c><2>いつも平(へい)気(き)なフリばっか</c><3>なの</c><1></c>,か
133.817,133.984,-1,-1,<1></c><2>いつも平(へい)気(き)なフリばっかな</c><3>の</c><1></c>,な
133.984,134.251,-1,-1,<1></c><2>いつも平(へい)気(き)なフリばっかなの</c><1></c>,の
134.251,134.551,-1,-1,<1></c><2>僕(ぼく)</c><3>は壁(かべ)を張(は)ったまま笑(わら)う</c><1></c>,僕(ぼく)
134.551,134.885,-1,-1,<1></c><2>僕(ぼく)は</c><3>壁(かべ)を張(は)ったまま笑(わら)う</c><1></c>,は
134.885,135.185,-1,-1,<1></c><2>僕(ぼく)は壁(かべ)</c><3>を張(は)ったまま笑(わら)う</c><1></c>,壁(かべ)
135.185,135.319,-1,-1,<1></c><2>僕(ぼく)は壁(かべ)を</c><3>張(は)ったまま笑(わら)う</c><1></c>,を
135.319,135.486,-1,-1,<1></c><2>僕(ぼく)は壁(かべ)を張(は)</c><3>ったまま笑(わら)う</c><1></c>,張(は)
135.486,135.619,-1,-1,<1></c><2>僕(ぼく)は壁(かべ)を張(は)っ</c><3>たまま笑(わら)う</c><1></c>,っ
135.619,135.786,-1,-1,<1></c><2>僕(ぼく)は壁(かべ)を張(は)った</c><3>まま笑(わら)う</c><1></c>,た
135.786,135.953,-1,-1,<1></c><2>僕(ぼく)は壁(かべ)を張(は)ったま</c><3>ま笑(わら)う</c><1></c>,ま
135.953,136.086,-1,-1,<1></c><2>僕(ぼく)は壁(かべ)を張(は)ったまま</c><3>笑(わら)う</c><1></c>,ま
136.086,136.386,-1,-1,<1></c><2>僕(ぼく)は壁(かべ)を張(は)ったまま笑(わら)</c><3>う</c><1></c>,笑(わら)
136.386,136.72,-1,-1,<1></c><2>僕(ぼく)は壁(かべ)を張(は)ったまま笑(わら)う</c><1></c>,う
136.72,136.854,-1,-1,<1></c><2>そ</c><3>れ以(い)上(じょう)近(ちか)づかないでどうか</c><1></c>,そ
136.854,137.02,-1,-1,<1></c><2>それ</c><3>以(い)上(じょう)近(ちか)づかないでどうか</c><1></c>,れ
137.02,137.187,-1,-1,<1></c><2>それ以(い)</c><3>上(じょう)近(ちか)づかないでどうか</c><1></c>,以(い)
137.187,137.354,-1,-1,<1></c><2>それ以(い)上(じょう)</c><3>近(ちか)づかないでどうか</c><1></c>,上(じょう)
137.354,137.621,-1,-1,<1></c><2>それ以(い)上(じょう)近(ちか)</c><3>づかないでどうか</c><1></c>,近(ちか)
137.621,137.788,-1,-1,<1></c><2>それ以(い)上(じょう)近(ちか)づ</c><3>かないでどうか</c><1></c>,づ
137.788,137.955,-1,-1,<1></c><2>それ以(い)上(じょう)近(ちか)づか</c><3>ないでどうか</c><1></c>,か
137.955,138.122,-1,-1,<1></c><2>それ以(い)上(じょう)近(ちか)づかな</c><3>いでどうか</c><1></c>,な
138.122,138.255,-1,-1,<1></c><2>それ以(い)上(じょう)近(ちか)づかない</c><3>でどうか</c><1></c>,い
138.255,138.555,-1,-1,<1></c><2>それ以(い)上(じょう)近(ちか)づかないで</c><3>どうか</c><1></c>,で
138.555,138.722,-1,-1,<1></c><2>それ以(い)上(じょう)近(ちか)づかないでど</c><3>うか</c><1></c>,ど
138.722,138.856,-1,-1,<1></c><2>それ以(い)上(じょう)近(ちか)づかないでどう</c><3>か</c><1></c>,う
138.856,139.189,-1,-1,<1></c><2>それ以(い)上(じょう)近(ちか)づかないでどうか</c><1></c>,か
139.189,139.523,-1,85,<1></c><2>ah-</c><3>ah-</c><1></c>,ah-
139.523,141.925,-1,85,<1></c><2>ah-ah-</c><1></c>,ah-
139.523,139.656,-1,-1,<1></c><2>ほ</c><3>んとばかばっかいい加(か)減(げん)ばっか</c><1></c>,ほ
139.656,139.823,-1,-1,<1></c><2>ほん</c><3>とばかばっかいい加(か)減(げん)ばっか</c><1></c>,ん
139.823,139.957,-1,-1,<1></c><2>ほんと</c><3>ばかばっかいい加(か)減(げん)ばっか</c><1></c>,と
139.957,140.124,-1,-1,<1></c><2>ほんとば</c><3>かばっかいい加(か)減(げん)ばっか</c><1></c>,ば
140.124,140.257,-1,-1,<1></c><2>ほんとばか</c><3>ばっかいい加(か)減(げん)ばっか</c><1></c>,か
140.257,140.39,-1,-1,<1></c><2>ほんとばかば</c><3>っかいい加(か)減(げん)ばっか</c><1></c>,ば
140.39,140.557,-1,-1,<1></c><2>ほんとばかばっ</c><3>かいい加(か)減(げん)ばっか</c><1></c>,っ
140.557,140.757,-1,-1,<1></c><2>ほんとばかばっか</c><3>いい加(か)減(げん)ばっか</c><1></c>,か
140.757,140.891,-1,-1,<1></c><2>ほんとばかばっかい</c><3>い加(か)減(げん)ばっか</c><1></c>,い
140.891,141.024,-1,-1,<1></c><2>ほんとばかばっかいい</c><3>加(か)減(げん)ばっか</c><1></c>,い
141.024,141.191,-1,-1,<1></c><2>ほんとばかばっかいい加(か)</c><3>減(げん)ばっか</c><1></c>,加(か)
141.191,141.492,-1,-1,<1></c><2>ほんとばかばっかいい加(か)減(げん)</c><3>ばっか</c><1></c>,減(げん)
141.492,141.658,-1,-1,<1></c><2>ほんとばかばっかいい加(か)減(げん)ば</c><3>っか</c><1></c>,ば
141.658,141.792,-1,-1,<1></c><2>ほんとばかばっかいい加(か)減(げん)ばっ</c><3>か</c><1></c>,っ
141.792,141.925,-1,-1,<1></c><2>ほんとばかばっかいい加(か)減(げん)ばっか</c><1></c>,か
141.925,142.092,-1,-1,<1></c><2>と</c><3>んだバグばっかだっせーなって</c><1></c>,と
142.092,142.226,-1,-1,<1></c><2>とん</c><3>だバグばっかだっせーなって</c><1></c>,ん
142.226,142.392,-1,-1,<1></c><2>とんだ</c><3>バグばっかだっせーなって</c><1></c>,だ
142.392,142.526,-1,-1,<1></c><2>とんだバ</c><3>グばっかだっせーなって</c><1></c>,バ
142.526,142.693,-1,-1,<1></c><2>とんだバグ</c><3>ばっかだっせーなって</c><1></c>,グ
142.693,142.86,-1,-1,<1></c><2>とんだバグば</c><3>っかだっせーなって</c><1></c>,ば
142.86,142.993,-1,-1,<1></c><2>とんだバグばっ</c><3>かだっせーなって</c><1></c>,っ
142.993,143.16,-1,-1,<1></c><2>とんだバグばっか</c><3>だっせーなって</c><1></c>,か
143.16,143.327,-1,-1,<1></c><2>とんだバグばっかだ</c><3>っせーなって</c><1></c>,だ
143.327,143.46,-1,-1,<1></c><2>とんだバグばっかだっ</c><3>せーなって</c><1></c>,っ
143.46,143.627,-1,-1,<1></c><2>とんだバグばっかだっせ</c><3>ーなって</c><1></c>,せ
143.627,143.794,-1,-1,<1></c><2>とんだバグばっかだっせー</c><3>なって</c><1></c>,ー
143.794,143.927,-1,-1,<1></c><2>とんだバグばっかだっせーな</c><3>って</c><1></c>,な
143.927,144.094,-1,-1,<1></c><2>とんだバグばっかだっせーなっ</c><3>て</c><1></c>,っ
144.094,144.428,-1,-1,<1></c><2>とんだバグばっかだっせーなって</c><1></c>,て
144.428,144.595,-1,-1,<1></c><2>そ</c><3>んなことばっか思(おも)う僕(ぼく)もやっぱ</c><1></c>,そ
144.595,144.728,-1,-1,<1></c><2>そん</c><3>なことばっか思(おも)う僕(ぼく)もやっぱ</c><1></c>,ん
144.728,144.895,-1,-1,<1></c><2>そんな</c><3>ことばっか思(おも)う僕(ぼく)もやっぱ</c><1></c>,な
144.895,145.028,-1,-1,<1></c><2>そんなこ</c><3>とばっか思(おも)う僕(ぼく)もやっぱ</c><1></c>,こ
145.028,145.195,-1,-1,<1></c><2>そんなこと</c><3>ばっか思(おも)う僕(ぼく)もやっぱ</c><1></c>,と
145.195,145.362,-1,-1,<1></c><2>そんなことば</c><3>っか思(おも)う僕(ぼく)もやっぱ</c><1></c>,ば
145.362,145.496,-1,-1,<1></c><2>そんなことばっ</c><3>か思(おも)う僕(ぼく)もやっぱ</c><1></c>,っ
145.496,145.596,-1,-1,<1></c><2>そんなことばっか</c><3>思(おも)う僕(ぼく)もやっぱ</c><1></c>,か
145.596,145.796,-1,-1,<1></c><2>そんなことばっか思(おも)</c><3>う僕(ぼく)もやっぱ</c><1></c>,思(おも)
145.796,145.963,-1,-1,<1></c><2>そんなことばっか思(おも)う</c><3>僕(ぼく)もやっぱ</c><1></c>,う
145.963,146.263,-1,-1,<1></c><2>そんなことばっか思(おも)う僕(ぼく)</c><3>もやっぱ</c><1></c>,僕(ぼく)
146.263,146.396,-1,-1,<1></c><2>そんなことばっか思(おも)う僕(ぼく)も</c><3>やっぱ</c><1></c>,も
146.396,146.563,-1,-1,<1></c><2>そんなことばっか思(おも)う僕(ぼく)もや</c><3>っぱ</c><1></c>,や
146.563,146.73,-1,-1,<1></c><2>そんなことばっか思(おも)う僕(ぼく)もやっ</c><3>ぱ</c><1></c>,っ
146.73,146.897,-1,-1,<1></c><2>そんなことばっか思(おも)う僕(ぼく)もやっぱ</c><1></c>,ぱ
146.897,146.997,63,-1,<1></c><2>ど</c><3>うしようもないんだ罰(ばっ)点(てん)超(ちょう)過(か)</c><1></c>,ど
146.997,147.131,63,-1,<1></c><2>どう</c><3>しようもないんだ罰(ばっ)点(てん)超(ちょう)過(か)</c><1></c>,う
147.131,147.231,63,-1,<1></c><2>どうし</c><3>ようもないんだ罰(ばっ)点(てん)超(ちょう)過(か)</c><1></c>,し
147.231,147.364,63,-1,<1></c><2>どうしよ</c><3>うもないんだ罰(ばっ)点(てん)超(ちょう)過(か)</c><1></c>,よ
147.364,147.498,63,-1,<1></c><2>どうしよう</c><3>もないんだ罰(ばっ)点(てん)超(ちょう)過(か)</c><1></c>,う
147.498,147.664,63,-1,<1></c><2>どうしようも</c><3>ないんだ罰(ばっ)点(てん)超(ちょう)過(か)</c><1></c>,も
147.664,147.764,63,-1,<1></c><2>どうしようもな</c><3>いんだ罰(ばっ)点(てん)超(ちょう)過(か)</c><1></c>,な
147.764,147.865,63,-1,<1></c><2>どうしようもない</c><3>んだ罰(ばっ)点(てん)超(ちょう)過(か)</c><1></c>,い
147.865,147.965,63,-1,<1></c><2>どうしようもないん</c><3>だ罰(ばっ)点(てん)超(ちょう)過(か)</c><1></c>,ん
147.965,148.132,63,-1,<1></c><2>どうしようもないんだ</c><3>罰(ばっ)点(てん)超(ちょう)過(か)</c><1></c>,だ
148.132,148.432,63,-1,<1></c><2>どうしようもないんだ罰(ばっ)</c><3>点(てん)超(ちょう)過(か)</c><1></c>,罰(ばっ)
148.432,148.732,63,-1,<1></c><2>どうしようもないんだ罰(ばっ)点(てん)</c><3>超(ちょう)過(か)</c><1></c>,点(てん)
148.732,149.032,63,-1,<1></c><2>どうしようもないんだ罰(ばっ)点(てん)超(ちょう)</c><3>過(か)</c><1></c>,超(ちょう)
149.032,149.166,63,-1,<1></c><2>どうしようもないんだ罰(ばっ)点(てん)超(ちょう)過(か)</c><1></c>,過(か)
149.166,149.466,-1,-1,<1></c><2>痛(いた)</c><3>いのとか耐(た)えてらんないない</c><1></c>,痛(いた)
149.466,149.633,-1,-1,<1></c><2>痛(いた)い</c><3>のとか耐(た)えてらんないない</c><1></c>,い
149.633,149.766,-1,-1,<1></c><2>痛(いた)いの</c><3>とか耐(た)えてらんないない</c><1></c>,の
149.766,149.933,-1,-1,<1></c><2>痛(いた)いのと</c><3>か耐(た)えてらんないない</c><1></c>,と
149.933,150.1,-1,-1,<1></c><2>痛(いた)いのとか</c><3>耐(た)えてらんないない</c><1></c>,か
150.1,150.234,-1,-1,<1></c><2>痛(いた)いのとか耐(た)</c><3>えてらんないない</c><1></c>,耐(た)
150.234,150.4,-1,-1,<1></c><2>痛(いた)いのとか耐(た)え</c><3>てらんないない</c><1></c>,え
150.4,150.567,-1,-1,<1></c><2>痛(いた)いのとか耐(た)えて</c><3>らんないない</c><1></c>,て
150.567,150.701,-1,-1,<1></c><2>痛(いた)いのとか耐(た)えてら</c><3>んないない</c><1></c>,ら
150.701,150.868,-1,-1,<1></c><2>痛(いた)いのとか耐(た)えてらん</c><3>ないない</c><1></c>,ん
150.868,151.001,-1,-1,<1></c><2>痛(いた)いのとか耐(た)えてらんな</c><3>いない</c><1></c>,な
151.001,151.168,-1,-1,<1></c><2>痛(いた)いのとか耐(た)えてらんない</c><3>ない</c><1></c>,い
151.168,151.301,-1,-1,<1></c><2>痛(いた)いのとか耐(た)えてらんないな</c><3>い</c><1></c>,な
151.301,151.502,-1,-1,<1></c><2>痛(いた)いのとか耐(た)えてらんないない</c><1></c>,い
151.502,151.668,-1,-1,<1></c><2>死(し)</c><3>ねるって僕(ぼく)も口(くち)ばっかだね</c><1></c>,死(し)
151.668,151.835,-1,-1,<1></c><2>死(し)ね</c><3>るって僕(ぼく)も口(くち)ばっかだね</c><1></c>,ね
151.835,152.136,-1,-1,<1></c><2>死(し)ねる</c><3>って僕(ぼく)も口(くち)ばっかだね</c><1></c>,る
152.136,152.269,-1,-1,<1></c><2>死(し)ねるって</c><3>僕(ぼく)も口(くち)ばっかだね</c><1></c>,って
152.269,152.569,-1,-1,<1></c><2>死(し)ねるって僕(ぼく)</c><3>も口(くち)ばっかだね</c><1></c>,僕(ぼく)
152.569,152.736,-1,-1,<1></c><2>死(し)ねるって僕(ぼく)も</c><3>口(くち)ばっかだね</c><1></c>,も
152.736,153.036,-1,-1,<1></c><2>死(し)ねるって僕(ぼく)も口(くち)</c><3>ばっかだね</c><1></c>,口(くち)
153.036,153.203,-1,-1,<1></c><2>死(し)ねるって僕(ぼく)も口(くち)ば</c><3>っかだね</c><1></c>,ば
153.203,153.337,-1,-1,<1></c><2>死(し)ねるって僕(ぼく)も口(くち)ばっ</c><3>かだね</c><1></c>,っ
153.337,153.504,-1,-1,<1></c><2>死(し)ねるって僕(ぼく)も口(くち)ばっか</c><3>だね</c><1></c>,か
153.504,153.67,-1,-1,<1></c><2>死(し)ねるって僕(ぼく)も口(くち)ばっかだ</c><3>ね</c><1></c>,だ
153.67,153.971,-1,-1,<1></c><2>死(し)ねるって僕(ぼく)も口(くち)ばっかだね</c><1></c>,ね
153.971,154.138,61,-1,<1></c><2>今(きょ)</c><3>日(う)も壁(かべ)を張(は)ったまま笑(わら)う</c><1></c>,今(きょ)
154.138,154.271,61,-1,<1></c><2>今(きょ)日(う)</c><3>も壁(かべ)を張(は)ったまま笑(わら)う</c><1></c>,日(う)
154.271,154.571,61,-1,<1></c><2>今(きょ)日(う)も</c><3>壁(かべ)を張(は)ったまま笑(わら)う</c><1></c>,も
154.571,154.872,61,-1,<1></c><2>今(きょ)日(う)も壁(かべ)</c><3>を張(は)ったまま笑(わら)う</c><1></c>,壁(かべ)
154.872,155.038,61,-1,<1></c><2>今(きょ)日(う)も壁(かべ)を</c><3>張(は)ったまま笑(わら)う</c><1></c>,を
155.038,155.172,61,-1,<1></c><2>今(きょ)日(う)も壁(かべ)を張(は)</c><3>ったまま笑(わら)う</c><1></c>,張(は)
155.172,155.339,61,-1,<1></c><2>今(きょ)日(う)も壁(かべ)を張(は)っ</c><3>たまま笑(わら)う</c><1></c>,っ
155.339,155.472,61,-1,<1></c><2>今(きょ)日(う)も壁(かべ)を張(は)った</c><3>まま笑(わら)う</c><1></c>,た
155.472,155.639,61,-1,<1></c><2>今(きょ)日(う)も壁(かべ)を張(は)ったま</c><3>ま笑(わら)う</c><1></c>,ま
155.639,155.806,61,-1,<1></c><2>今(きょ)日(う)も壁(かべ)を張(は)ったまま</c><3>笑(わら)う</c><1></c>,ま
155.806,156.106,61,-1,<1></c><2>今(きょ)日(う)も壁(かべ)を張(は)ったまま笑(わら)</c><3>う</c><1></c>,笑(わら)
156.106,156.406,61,-1,<1></c><2>今(きょ)日(う)も壁(かべ)を張(は)ったまま笑(わら)う</c><1></c>,う
156.406,156.54,-1,-1,<1></c><2>そ</c><3>れ以(い)上(じょう)近(ちか)づかないででで</c><1></c>,そ
156.54,156.707,-1,-1,<1></c><2>それ</c><3>以(い)上(じょう)近(ちか)づかないででで</c><1></c>,れ
156.707,156.84,-1,-1,<1></c><2>それ以(い)</c><3>上(じょう)近(ちか)づかないででで</c><1></c>,以(い)
156.84,157.007,-1,-1,<1></c><2>それ以(い)上(じょう)</c><3>近(ちか)づかないででで</c><1></c>,上(じょう)
157.007,157.307,-1,-1,<1></c><2>それ以(い)上(じょう)近(ちか)</c><3>づかないででで</c><1></c>,近(ちか)
157.307,157.474,-1,-1,<1></c><2>それ以(い)上(じょう)近(ちか)づ</c><3>かないででで</c><1></c>,づ
157.474,157.641,-1,-1,<1></c><2>それ以(い)上(じょう)近(ちか)づか</c><3>ないででで</c><1></c>,か
157.641,157.774,-1,-1,<1></c><2>それ以(い)上(じょう)近(ちか)づかな</c><3>いででで</c><1></c>,な
157.774,157.941,-1,-1,<1></c><2>それ以(い)上(じょう)近(ちか)づかない</c><3>ででで</c><1></c>,い
157.941,158.242,-1,-1,<1></c><2>それ以(い)上(じょう)近(ちか)づかないで</c><3>でで</c><1></c>,で
158.242,158.542,-1,-1,<1></c><2>それ以(い)上(じょう)近(ちか)づかないでで</c><3>で</c><1></c>,で
158.542,158.876,-1,-1,<1></c><2>それ以(い)上(じょう)近(ちか)づかないででで</c><1></c>,で
158.876,159.176,-1,-1,<1></c><2>怖(こわ)</c><3>いじゃん</c><1></c>,怖(こわ)
159.176,159.343,-1,-1,<1></c><2>怖(こわ)い</c><3>じゃん</c><1></c>,い
159.343,159.51,-1,-1,<1></c><2>怖(こわ)いじゃ</c><3>ん</c><1></c>,じゃ
159.51,159.943,-1,-1,<1></c><2>怖(こわ)いじゃん</c><1></c>,ん
159.943,160.077,-1,-1,<1></c><2>ば</c><3>かばっかほらばかばっか</c><1></c>,ば
160.077,160.544,-1,-1,<1></c><2>ばか</c><3>ばっかほらばかばっか</c><1></c>,か
160.544,160.677,-1,-1,<1></c><2>ばかば</c><3>っかほらばかばっか</c><1></c>,ば
160.677,161.178,-1,-1,<1></c><2>ばかばっ</c><3>かほらばかばっか</c><1></c>,っ
161.178,161.778,-1,-1,<1></c><2>ばかばっか</c><3>ほらばかばっか</c><1></c>,か
161.778,161.912,-1,-1,<1></c><2>ばかばっかほ</c><3>らばかばっか</c><1></c>,ほ
161.912,162.412,-1,-1,<1></c><2>ばかばっかほら</c><3>ばかばっか</c><1></c>,ら
162.412,162.546,-1,-1,<1></c><2>ばかばっかほらば</c><3>かばっか</c><1></c>,ば
162.546,163.013,-1,-1,<1></c><2>ばかばっかほらばか</c><3>ばっか</c><1></c>,か
163.013,163.113,-1,-1,<1></c><2>ばかばっかほらばかば</c><3>っか</c><1></c>,ば
163.113,163.68,-1,-1,<1></c><2>ばかばっかほらばかばっ</c><3>か</c><1></c>,っ
163.68,164.281,-1,-1,<1></c><2>ばかばっかほらばかばっか</c><1></c>,か
