start,end,position,line,text,token
2.486,2.82,-1,92,<1></c><2>パ</c><3>パパラライズ</c><1></c>,パ
2.82,3.12,-1,92,<1></c><2>パパ</c><3>パラライズ</c><1></c>,パ
3.12,3.354,-1,92,<1></c><2>パパパ</c><3>ラライズ</c><1></c>,パ
3.354,3.654,-1,92,<1></c><2>パパパラ</c><3>ライズ</c><1></c>,ラ
3.654,4.688,-1,92,<1></c><2>パパパララ</c><3>イズ</c><1></c>,ラ
4.688,4.822,-1,92,<1></c><2>パパパラライ</c><3>ズ</c><1></c>,イ
4.822,5.022,-1,92,<1></c><2>パパパラライズ</c><1></c>,ズ
7.558,10.06,-1,92,<1></c><2>歌：沙花叉クロヱ</c><1></c>,歌：沙花叉クロヱ
7.558,15.132,-1,0,<1></c><2>パラライズ／沙花叉クロヱ</c><1></c>,パラライズ／沙花叉クロヱ
10.06,12.596,-1,92,<1></c><2>作詞作曲：てにをは</c><1></c>,作詞作曲：てにをは
12.596,15.132,-1,91,<1></c><2>illust：路地犬</c><1></c><2>movie：404</c><1></c>,illust：路地犬movie：404
16.667,17.034,75,92,<1></c><2>調(ちょう)</c><3>子(し)合(あ)わせて笑(わら)う　その度(たび)に嘲笑(わら)う</c><1></c>,調(ちょう)
17.034,17.234,75,92,<1></c><2>調(ちょう)子(し)</c><3>合(あ)わせて笑(わら)う　その度(たび)に嘲笑(わら)う</c><1></c>,子(し)
17.234,17.334,75,92,<1></c><2>調(ちょう)子(し)合(あ)</c><3>わせて笑(わら)う　その度(たび)に嘲笑(わら)う</c><1></c>,合(あ)
17.334,17.568,75,92,<1></c><2>調(ちょう)子(し)合(あ)わ</c><3>せて笑(わら)う　その度(たび)に嘲笑(わら)う</c><1></c>,わ
17.568,17.668,75,92,<1></c><2>調(ちょう)子(し)合(あ)わせ</c><3>て笑(わら)う　その度(たび)に嘲笑(わら)う</c><1></c>,せ
17.668,18.302,75,92,<1></c><2>調(ちょう)子(し)合(あ)わせて</c><3>笑(わら)う　その度(たび)に嘲笑(わら)う</c><1></c>,て
18.302,18.802,75,92,<1></c><2>調(ちょう)子(し)合(あ)わせて笑(わら)</c><3>う　その度(たび)に嘲笑(わら)う</c><1></c>,笑(わら)
18.802,19.536,75,92,<1></c><2>調(ちょう)子(し)合(あ)わせて笑(わら)う　</c><3>その度(たび)に嘲笑(わら)う</c><1></c>,う　
19.536,19.737,75,92,<1></c><2>調(ちょう)子(し)合(あ)わせて笑(わら)う　そ</c><3>の度(たび)に嘲笑(わら)う</c><1></c>,そ
19.737,19.903,75,92,<1></c><2>調(ちょう)子(し)合(あ)わせて笑(わら)う　その</c><3>度(たび)に嘲笑(わら)う</c><1></c>,の
19.903,20.204,75,92,<1></c><2>調(ちょう)子(し)合(あ)わせて笑(わら)う　その度(たび)</c><3>に嘲笑(わら)う</c><1></c>,度(たび)
20.204,20.804,75,92,<1></c><2>調(ちょう)子(し)合(あ)わせて笑(わら)う　その度(たび)に</c><3>嘲笑(わら)う</c><1></c>,に
20.804,21.372,75,92,<1></c><2>調(ちょう)子(し)合(あ)わせて笑(わら)う　その度(たび)に嘲笑(わら)</c><3>う</c><1></c>,嘲笑(わら)
21.372,22.039,75,92,<1></c><2>調(ちょう)子(し)合(あ)わせて笑(わら)う　その度(たび)に嘲笑(わら)う</c><1></c>,う
22.039,22.406,56,92,<1></c><2>も</c><3>う一(ひと)人(り)の自(じ)分(ぶん)が居(い)る</c><1></c>,も
22.406,22.706,56,92,<1></c><2>もう</c><3>一(ひと)人(り)の自(じ)分(ぶん)が居(い)る</c><1></c>,う
22.706,23.04,56,92,<1></c><2>もう一(ひと)</c><3>人(り)の自(じ)分(ぶん)が居(い)る</c><1></c>,一(ひと)
23.04,23.207,56,92,<1></c><2>もう一(ひと)人(り)</c><3>の自(じ)分(ぶん)が居(い)る</c><1></c>,人(り)
23.207,23.34,56,92,<1></c><2>もう一(ひと)人(り)の</c><3>自(じ)分(ぶん)が居(い)る</c><1></c>,の
23.34,23.54,56,92,<1></c><2>もう一(ひと)人(り)の自(じ)</c><3>分(ぶん)が居(い)る</c><1></c>,自(じ)
23.54,23.874,56,92,<1></c><2>もう一(ひと)人(り)の自(じ)分(ぶん)</c><3>が居(い)る</c><1></c>,分(ぶん)
23.874,24.274,56,92,<1></c><2>もう一(ひと)人(り)の自(じ)分(ぶん)が</c><3>居(い)る</c><1></c>,が
24.274,24.475,56,92,<1></c><2>もう一(ひと)人(り)の自(じ)分(ぶん)が居(い)</c><3>る</c><1></c>,居(い)
24.475,25.209,56,92,<1></c><2>もう一(ひと)人(り)の自(じ)分(ぶん)が居(い)る</c><1></c>,る
25.209,25.509,-1,92,<1></c><2>パ</c><3>パパラライズ</c><1></c>,パ
25.509,25.843,-1,92,<1></c><2>パパ</c><3>パラライズ</c><1></c>,パ
25.843,26.176,-1,92,<1></c><2>パパパ</c><3>ラライズ</c><1></c>,パ
26.176,26.377,-1,92,<1></c><2>パパパラ</c><3>ライズ</c><1></c>,ラ
26.377,26.777,-1,92,<1></c><2>パパパラライズ</c><1></c>,ライズ
26.777,27.077,59,92,<1></c><2>超(ちょう)</c><3>幸(しあわ)せなふりも傷(きず)ついてるふりも</c><1></c>,超(ちょう)
27.077,27.644,59,92,<1></c><2>超(ちょう)幸(しあわ)</c><3>せなふりも傷(きず)ついてるふりも</c><1></c>,幸(しあわ)
27.644,27.745,59,92,<1></c><2>超(ちょう)幸(しあわ)せ</c><3>なふりも傷(きず)ついてるふりも</c><1></c>,せ
27.745,28.412,59,92,<1></c><2>超(ちょう)幸(しあわ)せな</c><3>ふりも傷(きず)ついてるふりも</c><1></c>,な
28.412,28.679,59,92,<1></c><2>超(ちょう)幸(しあわ)せなふ</c><3>りも傷(きず)ついてるふりも</c><1></c>,ふ
28.679,28.946,59,92,<1></c><2>超(ちょう)幸(しあわ)せなふり</c><3>も傷(きず)ついてるふりも</c><1></c>,り
28.946,29.646,59,92,<1></c><2>超(ちょう)幸(しあわ)せなふりも</c><3>傷(きず)ついてるふりも</c><1></c>,も
29.646,30.28,59,92,<1></c><2>超(ちょう)幸(しあわ)せなふりも傷(きず)</c><3>ついてるふりも</c><1></c>,傷(きず)
30.28,30.414,59,92,<1></c><2>超(ちょう)幸(しあわ)せなふりも傷(きず)つ</c><3>いてるふりも</c><1></c>,つ
30.414,30.614,59,92,<1></c><2>超(ちょう)幸(しあわ)せなふりも傷(きず)つい</c><3>てるふりも</c><1></c>,い
30.614,30.814,59,92,<1></c><2>超(ちょう)幸(しあわ)せなふりも傷(きず)ついて</c><3>るふりも</c><1></c>,て
30.814,30.914,59,92,<1></c><2>超(ちょう)幸(しあわ)せなふりも傷(きず)ついてる</c><3>ふりも</c><1></c>,る
30.914,31.248,59,92,<1></c><2>超(ちょう)幸(しあわ)せなふりも傷(きず)ついてるふ</c><3>りも</c><1></c>,ふ
31.248,31.448,59,92,<1></c><2>超(ちょう)幸(しあわ)せなふりも傷(きず)ついてるふり</c><3>も</c><1></c>,り
31.448,32.149,59,92,<1></c><2>超(ちょう)幸(しあわ)せなふりも傷(きず)ついてるふりも</c><1></c>,も
32.149,32.416,-1,92,<1></c><2>見(み)</c><3>透(す)かされてるような</c><1></c>,見(み)
32.416,32.583,-1,92,<1></c><2>見(み)透(す)</c><3>かされてるような</c><1></c>,透(す)
32.583,32.783,-1,92,<1></c><2>見(み)透(す)か</c><3>されてるような</c><1></c>,か
32.783,33.117,-1,92,<1></c><2>見(み)透(す)かさ</c><3>れてるような</c><1></c>,さ
33.117,33.417,-1,92,<1></c><2>見(み)透(す)かされ</c><3>てるような</c><1></c>,れ
33.417,33.717,-1,92,<1></c><2>見(み)透(す)かされて</c><3>るような</c><1></c>,て
33.717,34.051,-1,92,<1></c><2>見(み)透(す)かされてる</c><3>ような</c><1></c>,る
34.051,34.318,-1,92,<1></c><2>見(み)透(す)かされてるよ</c><3>うな</c><1></c>,よ
34.318,34.585,-1,92,<1></c><2>見(み)透(す)かされてるよう</c><3>な</c><1></c>,う
34.585,35.319,-1,92,<1></c><2>見(み)透(す)かされてるような</c><1></c>,な
35.319,35.652,-1,92,<1></c><2>パ</c><3>パパラライズ</c><1></c>,パ
35.652,35.953,-1,92,<1></c><2>パパ</c><3>パラライズ</c><1></c>,パ
35.953,36.286,-1,92,<1></c><2>パパパ</c><3>ラライズ</c><1></c>,パ
36.286,36.487,-1,92,<1></c><2>パパパラ</c><3>ライズ</c><1></c>,ラ
36.487,37.121,-1,92,<1></c><2>パパパラライ</c><3>ズ</c><1></c>,ライ
37.121,37.554,-1,92,<1></c><2>パパパラライズ</c><1></c>,ズ
38.489,38.689,58,92,<1></c><2>自(じ)</c><3>己(こ)嫌(けん)悪(お)ならいつもいつもいつも</c><1></c>,自(じ)
38.689,38.822,58,92,<1></c><2>自(じ)己(こ)</c><3>嫌(けん)悪(お)ならいつもいつもいつも</c><1></c>,己(こ)
38.822,39.123,58,92,<1></c><2>自(じ)己(こ)嫌(けん)</c><3>悪(お)ならいつもいつもいつも</c><1></c>,嫌(けん)
39.123,39.723,58,92,<1></c><2>自(じ)己(こ)嫌(けん)悪(お)</c><3>ならいつもいつもいつも</c><1></c>,悪(お)
39.723,40.09,58,92,<1></c><2>自(じ)己(こ)嫌(けん)悪(お)な</c><3>らいつもいつもいつも</c><1></c>,な
40.09,40.391,58,92,<1></c><2>自(じ)己(こ)嫌(けん)悪(お)なら</c><3>いつもいつもいつも</c><1></c>,ら
40.391,40.591,58,92,<1></c><2>自(じ)己(こ)嫌(けん)悪(お)ならい</c><3>つもいつもいつも</c><1></c>,い
40.591,40.824,58,92,<1></c><2>自(じ)己(こ)嫌(けん)悪(お)ならいつ</c><3>もいつもいつも</c><1></c>,つ
40.824,41.025,58,92,<1></c><2>自(じ)己(こ)嫌(けん)悪(お)ならいつも</c><3>いつもいつも</c><1></c>,も
41.025,41.258,58,92,<1></c><2>自(じ)己(こ)嫌(けん)悪(お)ならいつもい</c><3>つもいつも</c><1></c>,い
41.258,41.458,58,92,<1></c><2>自(じ)己(こ)嫌(けん)悪(お)ならいつもいつ</c><3>もいつも</c><1></c>,つ
41.458,41.658,58,92,<1></c><2>自(じ)己(こ)嫌(けん)悪(お)ならいつもいつも</c><3>いつも</c><1></c>,も
41.658,41.892,58,92,<1></c><2>自(じ)己(こ)嫌(けん)悪(お)ならいつもいつもい</c><3>つも</c><1></c>,い
41.892,42.126,58,92,<1></c><2>自(じ)己(こ)嫌(けん)悪(お)ならいつもいつもいつ</c><3>も</c><1></c>,つ
42.126,43.527,58,92,<1></c><2>自(じ)己(こ)嫌(けん)悪(お)ならいつもいつもいつも</c><1></c>,も
43.527,43.727,-1,92,<1></c><2>自(じ)</c><3>嘲(ちょう)するにも恐(おそ)る恐(おそ)る</c><1></c>,自(じ)
43.727,44.094,-1,92,<1></c><2>自(じ)嘲(ちょう)</c><3>するにも恐(おそ)る恐(おそ)る</c><1></c>,嘲(ちょう)
44.094,44.161,-1,92,<1></c><2>自(じ)嘲(ちょう)す</c><3>るにも恐(おそ)る恐(おそ)る</c><1></c>,す
44.161,44.762,-1,92,<1></c><2>自(じ)嘲(ちょう)する</c><3>にも恐(おそ)る恐(おそ)る</c><1></c>,る
44.762,45.129,-1,92,<1></c><2>自(じ)嘲(ちょう)するに</c><3>も恐(おそ)る恐(おそ)る</c><1></c>,に
45.129,45.396,-1,92,<1></c><2>自(じ)嘲(ちょう)するにも</c><3>恐(おそ)る恐(おそ)る</c><1></c>,も
45.396,45.863,-1,92,<1></c><2>自(じ)嘲(ちょう)するにも恐(おそ)</c><3>る恐(おそ)る</c><1></c>,恐(おそ)
45.863,46.063,-1,92,<1></c><2>自(じ)嘲(ちょう)するにも恐(おそ)る</c><3>恐(おそ)る</c><1></c>,る
46.063,46.497,-1,92,<1></c><2>自(じ)嘲(ちょう)するにも恐(おそ)る恐(おそ)</c><3>る</c><1></c>,恐(おそ)
46.497,47.231,-1,92,<1></c><2>自(じ)嘲(ちょう)するにも恐(おそ)る恐(おそ)る</c><1></c>,る
47.231,47.331,-1,92,<1></c><2>ス</c><3>ランバー　今(いま)はスリーパー</c><1></c>,ス
47.331,47.731,-1,92,<1></c><2>スラ</c><3>ンバー　今(いま)はスリーパー</c><1></c>,ラ
47.731,47.965,-1,92,<1></c><2>スラン</c><3>バー　今(いま)はスリーパー</c><1></c>,ン
47.965,48.599,-1,92,<1></c><2>スランバー　</c><3>今(いま)はスリーパー</c><1></c>,バー　
48.599,48.932,-1,92,<1></c><2>スランバー　今(いま)</c><3>はスリーパー</c><1></c>,今(いま)
48.932,49.733,-1,92,<1></c><2>スランバー　今(いま)は</c><3>スリーパー</c><1></c>,は
49.733,49.867,-1,92,<1></c><2>スランバー　今(いま)はス</c><3>リーパー</c><1></c>,ス
49.867,50.501,-1,92,<1></c><2>スランバー　今(いま)はスリー</c><3>パー</c><1></c>,リー
50.501,51.135,-1,92,<1></c><2>スランバー　今(いま)はスリーパー</c><1></c>,パー
51.135,51.468,-1,92,<1></c><2>明(あし)</c><3>日(た)またノックしてノックしてよ</c><1></c>,明(あし)
51.468,52.369,-1,92,<1></c><2>明(あし)日(た)</c><3>またノックしてノックしてよ</c><1></c>,日(た)
52.369,52.669,-1,92,<1></c><2>明(あし)日(た)ま</c><3>たノックしてノックしてよ</c><1></c>,ま
52.669,53.003,-1,92,<1></c><2>明(あし)日(た)また</c><3>ノックしてノックしてよ</c><1></c>,た
53.003,53.303,-1,92,<1></c><2>明(あし)日(た)またノッ</c><3>クしてノックしてよ</c><1></c>,ノッ
53.303,53.537,-1,92,<1></c><2>明(あし)日(た)またノック</c><3>してノックしてよ</c><1></c>,ク
53.537,53.971,-1,92,<1></c><2>明(あし)日(た)またノックし</c><3>てノックしてよ</c><1></c>,し
53.971,54.271,-1,92,<1></c><2>明(あし)日(た)またノックして</c><3>ノックしてよ</c><1></c>,て
54.271,54.571,-1,92,<1></c><2>明(あし)日(た)またノックしてノッ</c><3>クしてよ</c><1></c>,ノッ
54.571,54.805,-1,92,<1></c><2>明(あし)日(た)またノックしてノック</c><3>してよ</c><1></c>,ク
54.805,55.205,-1,92,<1></c><2>明(あし)日(た)またノックしてノックし</c><3>てよ</c><1></c>,し
55.205,55.539,-1,92,<1></c><2>明(あし)日(た)またノックしてノックして</c><3>よ</c><1></c>,て
55.539,57.074,-1,92,<1></c><2>明(あし)日(た)またノックしてノックしてよ</c><1></c>,よ
57.074,57.508,56,92,<1></c><2>大(だい)</c><3>っ嫌(きら)いなんだよ面(つら)汚(よご)し</c><1></c>,大(だい)
57.508,57.641,56,92,<1></c><2>大(だい)っ</c><3>嫌(きら)いなんだよ面(つら)汚(よご)し</c><1></c>,っ
57.641,57.875,56,92,<1></c><2>大(だい)っ嫌(きら)</c><3>いなんだよ面(つら)汚(よご)し</c><1></c>,嫌(きら)
57.875,58.008,56,92,<1></c><2>大(だい)っ嫌(きら)い</c><3>なんだよ面(つら)汚(よご)し</c><1></c>,い
58.008,58.208,56,92,<1></c><2>大(だい)っ嫌(きら)いな</c><3>んだよ面(つら)汚(よご)し</c><1></c>,な
58.208,58.375,56,92,<1></c><2>大(だい)っ嫌(きら)いなん</c><3>だよ面(つら)汚(よご)し</c><1></c>,ん
58.375,58.609,56,92,<1></c><2>大(だい)っ嫌(きら)いなんだ</c><3>よ面(つら)汚(よご)し</c><1></c>,だ
58.609,59.043,56,92,<1></c><2>大(だい)っ嫌(きら)いなんだよ</c><3>面(つら)汚(よご)し</c><1></c>,よ
59.043,59.309,56,92,<1></c><2>大(だい)っ嫌(きら)いなんだよ面(つら)</c><3>汚(よご)し</c><1></c>,面(つら)
59.309,59.843,56,92,<1></c><2>大(だい)っ嫌(きら)いなんだよ面(つら)汚(よご)</c><3>し</c><1></c>,汚(よご)
59.843,60.277,56,92,<1></c><2>大(だい)っ嫌(きら)いなんだよ面(つら)汚(よご)し</c><1></c>,し
60.277,60.477,-1,92,<1></c><2>ハ</c><3>ローハロー幸(こう)不(ふ)幸(こう)</c><1></c>,ハ
60.477,60.611,-1,92,<1></c><2>ハロ</c><3>ーハロー幸(こう)不(ふ)幸(こう)</c><1></c>,ロ
60.611,60.911,-1,92,<1></c><2>ハロー</c><3>ハロー幸(こう)不(ふ)幸(こう)</c><1></c>,ー
60.911,61.111,-1,92,<1></c><2>ハローハ</c><3>ロー幸(こう)不(ふ)幸(こう)</c><1></c>,ハ
61.111,61.245,-1,92,<1></c><2>ハローハロ</c><3>ー幸(こう)不(ふ)幸(こう)</c><1></c>,ロ
61.245,61.545,-1,92,<1></c><2>ハローハロー</c><3>幸(こう)不(ふ)幸(こう)</c><1></c>,ー
61.545,62.012,-1,92,<1></c><2>ハローハロー幸(こう)</c><3>不(ふ)幸(こう)</c><1></c>,幸(こう)
62.012,62.179,-1,92,<1></c><2>ハローハロー幸(こう)不(ふ)</c><3>幸(こう)</c><1></c>,不(ふ)
62.179,63.147,-1,92,<1></c><2>ハローハロー幸(こう)不(ふ)幸(こう)</c><1></c>,幸(こう)
63.147,63.347,-1,92,<1></c><2>自(じ)</c><3>分(ぶん)の翅(はね)かじり笑(わら)う</c><1></c>,自(じ)
63.347,63.614,-1,92,<1></c><2>自(じ)分(ぶん)</c><3>の翅(はね)かじり笑(わら)う</c><1></c>,分(ぶん)
63.614,63.747,-1,92,<1></c><2>自(じ)分(ぶん)の</c><3>翅(はね)かじり笑(わら)う</c><1></c>,の
63.747,64.381,-1,92,<1></c><2>自(じ)分(ぶん)の翅(はね)</c><3>かじり笑(わら)う</c><1></c>,翅(はね)
64.381,64.581,-1,92,<1></c><2>自(じ)分(ぶん)の翅(はね)か</c><3>じり笑(わら)う</c><1></c>,か
64.581,64.715,-1,92,<1></c><2>自(じ)分(ぶん)の翅(はね)かじ</c><3>り笑(わら)う</c><1></c>,じ
64.715,64.915,-1,92,<1></c><2>自(じ)分(ぶん)の翅(はね)かじり</c><3>笑(わら)う</c><1></c>,り
64.915,65.215,-1,92,<1></c><2>自(じ)分(ぶん)の翅(はね)かじり笑(わら)</c><3>う</c><1></c>,笑(わら)
65.215,65.616,-1,92,<1></c><2>自(じ)分(ぶん)の翅(はね)かじり笑(わら)う</c><1></c>,う
65.616,66.25,-1,92,<1></c><2>鏡(かがみ)</c><3>越(ご)しのohohグラスホッパー</c><1></c>,鏡(かがみ)
66.25,66.55,-1,92,<1></c><2>鏡(かがみ)越(ご)</c><3>しのohohグラスホッパー</c><1></c>,越(ご)
66.55,66.717,-1,92,<1></c><2>鏡(かがみ)越(ご)し</c><3>のohohグラスホッパー</c><1></c>,し
66.717,66.85,-1,92,<1></c><2>鏡(かがみ)越(ご)しの</c><3>ohohグラスホッパー</c><1></c>,の
66.85,67.184,-1,92,<1></c><2>鏡(かがみ)越(ご)しのoh</c><3>ohグラスホッパー</c><1></c>,oh
67.184,67.518,-1,92,<1></c><2>鏡(かがみ)越(ご)しのohoh</c><3>グラスホッパー</c><1></c>,oh
67.518,67.751,-1,92,<1></c><2>鏡(かがみ)越(ご)しのohohグ</c><3>ラスホッパー</c><1></c>,グ
67.751,67.951,-1,92,<1></c><2>鏡(かがみ)越(ご)しのohohグラ</c><3>スホッパー</c><1></c>,ラ
67.951,68.152,-1,92,<1></c><2>鏡(かがみ)越(ご)しのohohグラス</c><3>ホッパー</c><1></c>,ス
68.152,68.452,-1,92,<1></c><2>鏡(かがみ)越(ご)しのohohグラスホッ</c><3>パー</c><1></c>,ホッ
68.452,69.019,-1,92,<1></c><2>鏡(かがみ)越(ご)しのohohグラスホッパー</c><1></c>,パー
69.019,69.119,-1,92,<1></c><2>そ</c><3>れで結(けっ)構(こう)</c><1></c>,そ
69.119,69.319,-1,92,<1></c><2>それ</c><3>で結(けっ)構(こう)</c><1></c>,れ
69.319,69.42,-1,92,<1></c><2>それで</c><3>結(けっ)構(こう)</c><1></c>,で
69.42,69.753,-1,92,<1></c><2>それで結(けっ)</c><3>構(こう)</c><1></c>,結(けっ)
69.753,70.387,-1,92,<1></c><2>それで結(けっ)構(こう)</c><1></c>,構(こう)
70.387,71.021,70,92,<1></c><2>共(きょう)</c><3>存(ぞん)可(か)能(のう)</c><2>？</c><3>　不(ふ)可(か)能(のう)</c><2>？</c><1></c>,共(きょう)
71.021,71.655,70,92,<1></c><2>共(きょう)存(ぞん)</c><3>可(か)能(のう)</c><2>？</c><3>　不(ふ)可(か)能(のう)</c><2>？</c><1></c>,存(ぞん)
71.655,71.889,70,92,<1></c><2>共(きょう)存(ぞん)可(か)</c><3>能(のう)</c><2>？</c><3>　不(ふ)可(か)能(のう)</c><2>？</c><1></c>,可(か)
71.889,72.022,70,92,<1></c><2>共(きょう)存(ぞん)可(か)能(のう)？</c><3>　不(ふ)可(か)能(のう)</c><2>？</c><1></c>,能(のう)？
72.022,72.156,70,92,<1></c><2>共(きょう)存(ぞん)可(か)能(のう)？　</c><3>不(ふ)可(か)能(のう)</c><2>？</c><1></c>,　
72.156,72.289,70,92,<1></c><2>共(きょう)存(ぞん)可(か)能(のう)？　不(ふ)</c><3>可(か)能(のう)</c><2>？</c><1></c>,不(ふ)
72.289,72.489,70,92,<1></c><2>共(きょう)存(ぞん)可(か)能(のう)？　不(ふ)可(か)</c><3>能(のう)</c><2>？</c><1></c>,可(か)
72.489,73.223,70,92,<1></c><2>共(きょう)存(ぞん)可(か)能(のう)？　不(ふ)可(か)能(のう)？</c><1></c>,能(のう)？
73.223,73.457,56,92,<1></c><2>途(と)</c><3>方(ほう)に暮(く)れ飽(あ)きが来(き)たら</c><1></c>,途(と)
73.457,73.757,56,92,<1></c><2>途(と)方(ほう)</c><3>に暮(く)れ飽(あ)きが来(き)たら</c><1></c>,方(ほう)
73.757,73.857,56,92,<1></c><2>途(と)方(ほう)に</c><3>暮(く)れ飽(あ)きが来(き)たら</c><1></c>,に
73.857,74.091,56,92,<1></c><2>途(と)方(ほう)に暮(く)</c><3>れ飽(あ)きが来(き)たら</c><1></c>,暮(く)
74.091,74.391,56,92,<1></c><2>途(と)方(ほう)に暮(く)れ</c><3>飽(あ)きが来(き)たら</c><1></c>,れ
74.391,74.658,56,92,<1></c><2>途(と)方(ほう)に暮(く)れ飽(あ)</c><3>きが来(き)たら</c><1></c>,飽(あ)
74.658,74.792,56,92,<1></c><2>途(と)方(ほう)に暮(く)れ飽(あ)き</c><3>が来(き)たら</c><1></c>,き
74.792,74.992,56,92,<1></c><2>途(と)方(ほう)に暮(く)れ飽(あ)きが</c><3>来(き)たら</c><1></c>,が
74.992,75.125,56,92,<1></c><2>途(と)方(ほう)に暮(く)れ飽(あ)きが来(き)</c><3>たら</c><1></c>,来(き)
75.125,75.325,56,92,<1></c><2>途(と)方(ほう)に暮(く)れ飽(あ)きが来(き)た</c><3>ら</c><1></c>,た
75.325,75.759,56,92,<1></c><2>途(と)方(ほう)に暮(く)れ飽(あ)きが来(き)たら</c><1></c>,ら
75.759,76.06,-1,92,<1></c><2>パ</c><3>パパラライズ</c><1></c>,パ
76.06,76.393,-1,92,<1></c><2>パパ</c><3>パラライズ</c><1></c>,パ
76.393,76.593,-1,92,<1></c><2>パパパ</c><3>ラライズ</c><1></c>,パ
76.593,76.86,-1,92,<1></c><2>パパパラ</c><3>ライズ</c><1></c>,ラ
76.86,77.194,-1,92,<1></c><2>パパパラライズ</c><1></c>,ライズ
77.194,77.327,-1,92,<1></c><2>麻(ま)</c><3>痺(ひ)らせて</c><1></c>,麻(ま)
77.327,77.528,-1,92,<1></c><2>麻(ま)痺(ひ)</c><3>らせて</c><1></c>,痺(ひ)
77.528,77.861,-1,92,<1></c><2>麻(ま)痺(ひ)ら</c><3>せて</c><1></c>,ら
77.861,77.961,-1,92,<1></c><2>麻(ま)痺(ひ)らせ</c><3>て</c><1></c>,せ
77.961,78.295,-1,92,<1></c><2>麻(ま)痺(ひ)らせて</c><1></c>,て
82.366,82.699,-1,92,<1></c><2>パ</c><3>パラライズ</c><1></c>,パ
82.699,82.9,-1,92,<1></c><2>パパ</c><3>ラライズ</c><1></c>,パ
82.9,83.2,-1,92,<1></c><2>パパラ</c><3>ライズ</c><1></c>,ラ
83.2,83.534,-1,92,<1></c><2>パパララ</c><3>イズ</c><1></c>,ラ
83.534,83.934,-1,92,<1></c><2>パパラライ</c><3>ズ</c><1></c>,イ
83.934,84.268,-1,92,<1></c><2>パパラライズ</c><1></c>,ズ
88.639,89.006,-1,92,<1></c><2>ラウンド</c><3>アバウト　メズマライズ</c><1></c>,ラウンド
89.006,89.206,-1,92,<1></c><2>ラウンドア</c><3>バウト　メズマライズ</c><1></c>,ア
89.206,89.54,-1,92,<1></c><2>ラウンドアバウト　</c><3>メズマライズ</c><1></c>,バウト　
89.54,89.94,-1,92,<1></c><2>ラウンドアバウト　メズ</c><3>マライズ</c><1></c>,メズ
89.94,90.14,-1,92,<1></c><2>ラウンドアバウト　メズマ</c><3>ライズ</c><1></c>,マ
90.14,90.607,-1,92,<1></c><2>ラウンドアバウト　メズマライズ</c><1></c>,ライズ
90.607,91.075,-1,92,<1></c><2>逆(さか)</c><3>しまにクルってアップサイドダウン</c><1></c>,逆(さか)
91.075,91.208,-1,92,<1></c><2>逆(さか)し</c><3>まにクルってアップサイドダウン</c><1></c>,し
91.208,91.442,-1,92,<1></c><2>逆(さか)しま</c><3>にクルってアップサイドダウン</c><1></c>,ま
91.442,91.542,-1,92,<1></c><2>逆(さか)しまに</c><3>クルってアップサイドダウン</c><1></c>,に
91.542,91.742,-1,92,<1></c><2>逆(さか)しまにク</c><3>ルってアップサイドダウン</c><1></c>,ク
91.742,92.042,-1,92,<1></c><2>逆(さか)しまにクル</c><3>ってアップサイドダウン</c><1></c>,ル
92.042,92.176,-1,92,<1></c><2>逆(さか)しまにクルって</c><3>アップサイドダウン</c><1></c>,って
92.176,92.509,-1,92,<1></c><2>逆(さか)しまにクルってアップ</c><3>サイドダウン</c><1></c>,アップ
92.509,92.81,-1,92,<1></c><2>逆(さか)しまにクルってアップサイド</c><3>ダウン</c><1></c>,サイド
92.81,93.777,-1,92,<1></c><2>逆(さか)しまにクルってアップサイドダウン</c><1></c>,ダウン
93.777,94.078,64,92,<1></c><2>だっ</c><3>たらララバイ　自(じ)分(ぶん)同(どう)士(し)パラライズ</c><1></c>,だっ
94.078,94.278,64,92,<1></c><2>だった</c><3>らララバイ　自(じ)分(ぶん)同(どう)士(し)パラライズ</c><1></c>,た
94.278,94.611,64,92,<1></c><2>だったら</c><3>ララバイ　自(じ)分(ぶん)同(どう)士(し)パラライズ</c><1></c>,ら
94.611,95.012,64,92,<1></c><2>だったらラ</c><3>ラバイ　自(じ)分(ぶん)同(どう)士(し)パラライズ</c><1></c>,ラ
95.012,95.245,64,92,<1></c><2>だったらララ</c><3>バイ　自(じ)分(ぶん)同(どう)士(し)パラライズ</c><1></c>,ラ
95.245,95.612,64,92,<1></c><2>だったらララバイ　</c><3>自(じ)分(ぶん)同(どう)士(し)パラライズ</c><1></c>,バイ　
95.612,95.879,64,92,<1></c><2>だったらララバイ　自(じ)</c><3>分(ぶん)同(どう)士(し)パラライズ</c><1></c>,自(じ)
95.879,96.28,64,92,<1></c><2>だったらララバイ　自(じ)分(ぶん)</c><3>同(どう)士(し)パラライズ</c><1></c>,分(ぶん)
96.28,96.914,64,92,<1></c><2>だったらララバイ　自(じ)分(ぶん)同(どう)</c><3>士(し)パラライズ</c><1></c>,同(どう)
96.914,97.114,64,92,<1></c><2>だったらララバイ　自(じ)分(ぶん)同(どう)士(し)</c><3>パラライズ</c><1></c>,士(し)
97.114,97.448,64,92,<1></c><2>だったらララバイ　自(じ)分(ぶん)同(どう)士(し)パ</c><3>ラライズ</c><1></c>,パ
97.448,97.748,64,92,<1></c><2>だったらララバイ　自(じ)分(ぶん)同(どう)士(し)パラ</c><3>ライズ</c><1></c>,ラ
97.748,98.215,64,92,<1></c><2>だったらララバイ　自(じ)分(ぶん)同(どう)士(し)パララ</c><3>イズ</c><1></c>,ラ
98.215,98.382,64,92,<1></c><2>だったらララバイ　自(じ)分(ぶん)同(どう)士(し)パラライ</c><3>ズ</c><1></c>,イ
98.382,99.116,64,92,<1></c><2>だったらララバイ　自(じ)分(ぶん)同(どう)士(し)パラライズ</c><1></c>,ズ
99.116,99.316,59,92,<1></c><2>自(じ)</c><3>己(こ)k(ケイ)o(オー)するいつかいつかいつか</c><1></c>,自(じ)
99.316,99.45,59,92,<1></c><2>自(じ)己(こ)</c><3>k(ケイ)o(オー)するいつかいつかいつか</c><1></c>,己(こ)
99.45,99.75,59,92,<1></c><2>自(じ)己(こ)k(ケイ)</c><3>o(オー)するいつかいつかいつか</c><1></c>,k(ケイ)
99.75,100.384,59,92,<1></c><2>自(じ)己(こ)k(ケイ)o(オー)</c><3>するいつかいつかいつか</c><1></c>,o(オー)
100.384,100.684,59,92,<1></c><2>自(じ)己(こ)k(ケイ)o(オー)す</c><3>るいつかいつかいつか</c><1></c>,す
100.684,100.984,59,92,<1></c><2>自(じ)己(こ)k(ケイ)o(オー)する</c><3>いつかいつかいつか</c><1></c>,る
100.984,101.218,59,92,<1></c><2>自(じ)己(こ)k(ケイ)o(オー)するい</c><3>つかいつかいつか</c><1></c>,い
101.218,101.418,59,92,<1></c><2>自(じ)己(こ)k(ケイ)o(オー)するいつ</c><3>かいつかいつか</c><1></c>,つ
101.418,101.618,59,92,<1></c><2>自(じ)己(こ)k(ケイ)o(オー)するいつか</c><3>いつかいつか</c><1></c>,か
101.618,101.852,59,92,<1></c><2>自(じ)己(こ)k(ケイ)o(オー)するいつかい</c><3>つかいつか</c><1></c>,い
101.852,102.052,59,92,<1></c><2>自(じ)己(こ)k(ケイ)o(オー)するいつかいつ</c><3>かいつか</c><1></c>,つ
102.052,102.252,59,92,<1></c><2>自(じ)己(こ)k(ケイ)o(オー)するいつかいつか</c><3>いつか</c><1></c>,か
102.252,102.453,59,92,<1></c><2>自(じ)己(こ)k(ケイ)o(オー)するいつかいつかい</c><3>つか</c><1></c>,い
102.453,102.653,59,92,<1></c><2>自(じ)己(こ)k(ケイ)o(オー)するいつかいつかいつ</c><3>か</c><1></c>,つ
102.653,104.188,59,92,<1></c><2>自(じ)己(こ)k(ケイ)o(オー)するいつかいつかいつか</c><1></c>,か
104.188,104.488,67,92,<1></c><2>遠(とお)</c><3>目(め)に見(み)れば喜(き)劇(げき)喜(き)劇(げき)</c><1></c>,遠(とお)
104.488,104.688,67,92,<1></c><2>遠(とお)目(め)</c><3>に見(み)れば喜(き)劇(げき)喜(き)劇(げき)</c><1></c>,目(め)
104.688,104.822,67,92,<1></c><2>遠(とお)目(め)に</c><3>見(み)れば喜(き)劇(げき)喜(き)劇(げき)</c><1></c>,に
104.822,105.456,67,92,<1></c><2>遠(とお)目(め)に見(み)</c><3>れば喜(き)劇(げき)喜(き)劇(げき)</c><1></c>,見(み)
105.456,105.756,67,92,<1></c><2>遠(とお)目(め)に見(み)れ</c><3>ば喜(き)劇(げき)喜(き)劇(げき)</c><1></c>,れ
105.756,106.09,67,92,<1></c><2>遠(とお)目(め)に見(み)れば</c><3>喜(き)劇(げき)喜(き)劇(げき)</c><1></c>,ば
106.09,106.29,67,92,<1></c><2>遠(とお)目(め)に見(み)れば喜(き)</c><3>劇(げき)喜(き)劇(げき)</c><1></c>,喜(き)
106.29,106.723,67,92,<1></c><2>遠(とお)目(め)に見(み)れば喜(き)劇(げき)</c><3>喜(き)劇(げき)</c><1></c>,劇(げき)
106.723,106.924,67,92,<1></c><2>遠(とお)目(め)に見(み)れば喜(き)劇(げき)喜(き)</c><3>劇(げき)</c><1></c>,喜(き)
106.924,107.958,67,92,<1></c><2>遠(とお)目(め)に見(み)れば喜(き)劇(げき)喜(き)劇(げき)</c><1></c>,劇(げき)
107.958,108.592,-1,92,<1></c><2>泪(なみだ)</c><3>はいつも琥珀(アンバー)みたい</c><1></c>,泪(なみだ)
108.592,109.226,-1,92,<1></c><2>泪(なみだ)は</c><3>いつも琥珀(アンバー)みたい</c><1></c>,は
109.226,109.393,-1,92,<1></c><2>泪(なみだ)はい</c><3>つも琥珀(アンバー)みたい</c><1></c>,い
109.393,109.56,-1,92,<1></c><2>泪(なみだ)はいつ</c><3>も琥珀(アンバー)みたい</c><1></c>,つ
109.56,110.494,-1,92,<1></c><2>泪(なみだ)はいつも</c><3>琥珀(アンバー)みたい</c><1></c>,も
110.494,111.762,-1,92,<1></c><2>泪(なみだ)はいつも琥珀(アンバー)</c><3>みたい</c><1></c>,琥珀(アンバー)
111.762,111.962,-1,92,<1></c><2>泪(なみだ)はいつも琥珀(アンバー)み</c><3>たい</c><1></c>,み
111.962,112.096,-1,92,<1></c><2>泪(なみだ)はいつも琥珀(アンバー)みた</c><3>い</c><1></c>,た
112.096,113.03,-1,92,<1></c><2>泪(なみだ)はいつも琥珀(アンバー)みたい</c><1></c>,い
113.03,113.33,-1,92,<1></c><2>ほ</c><3>らノックしてノックしてよ</c><1></c>,ほ
113.33,113.664,-1,92,<1></c><2>ほら</c><3>ノックしてノックしてよ</c><1></c>,ら
113.664,113.964,-1,92,<1></c><2>ほらノッ</c><3>クしてノックしてよ</c><1></c>,ノッ
113.964,114.164,-1,92,<1></c><2>ほらノック</c><3>してノックしてよ</c><1></c>,ク
114.164,114.598,-1,92,<1></c><2>ほらノックし</c><3>てノックしてよ</c><1></c>,し
114.598,114.898,-1,92,<1></c><2>ほらノックして</c><3>ノックしてよ</c><1></c>,て
114.898,115.199,-1,92,<1></c><2>ほらノックしてノッ</c><3>クしてよ</c><1></c>,ノッ
115.199,115.432,-1,92,<1></c><2>ほらノックしてノック</c><3>してよ</c><1></c>,ク
115.432,115.866,-1,92,<1></c><2>ほらノックしてノックし</c><3>てよ</c><1></c>,し
115.866,116.2,-1,92,<1></c><2>ほらノックしてノックして</c><3>よ</c><1></c>,て
116.2,117.768,-1,92,<1></c><2>ほらノックしてノックしてよ</c><1></c>,よ
117.768,118.135,56,92,<1></c><2>大(だい)</c><3>っ嫌(きら)いなんだよ面(つら)汚(よご)し</c><1></c>,大(だい)
118.135,118.302,56,92,<1></c><2>大(だい)っ</c><3>嫌(きら)いなんだよ面(つら)汚(よご)し</c><1></c>,っ
118.302,118.535,56,92,<1></c><2>大(だい)っ嫌(きら)</c><3>いなんだよ面(つら)汚(よご)し</c><1></c>,嫌(きら)
118.535,118.702,56,92,<1></c><2>大(だい)っ嫌(きら)い</c><3>なんだよ面(つら)汚(よご)し</c><1></c>,い
118.702,118.836,56,92,<1></c><2>大(だい)っ嫌(きら)いな</c><3>んだよ面(つら)汚(よご)し</c><1></c>,な
118.836,119.036,56,92,<1></c><2>大(だい)っ嫌(きら)いなん</c><3>だよ面(つら)汚(よご)し</c><1></c>,ん
119.036,119.269,56,92,<1></c><2>大(だい)っ嫌(きら)いなんだ</c><3>よ面(つら)汚(よご)し</c><1></c>,だ
119.269,119.636,56,92,<1></c><2>大(だい)っ嫌(きら)いなんだよ</c><3>面(つら)汚(よご)し</c><1></c>,よ
119.636,119.937,56,92,<1></c><2>大(だい)っ嫌(きら)いなんだよ面(つら)</c><3>汚(よご)し</c><1></c>,面(つら)
119.937,120.471,56,92,<1></c><2>大(だい)っ嫌(きら)いなんだよ面(つら)汚(よご)</c><3>し</c><1></c>,汚(よご)
120.471,120.904,56,92,<1></c><2>大(だい)っ嫌(きら)いなんだよ面(つら)汚(よご)し</c><1></c>,し
120.904,121.105,-1,92,<1></c><2>ハ</c><3>ローハロー幸(こう)不(ふ)幸(こう)</c><1></c>,ハ
121.105,121.238,-1,92,<1></c><2>ハロ</c><3>ーハロー幸(こう)不(ふ)幸(こう)</c><1></c>,ロ
121.238,121.538,-1,92,<1></c><2>ハロー</c><3>ハロー幸(こう)不(ふ)幸(こう)</c><1></c>,ー
121.538,121.738,-1,92,<1></c><2>ハローハ</c><3>ロー幸(こう)不(ふ)幸(こう)</c><1></c>,ハ
121.738,121.839,-1,92,<1></c><2>ハローハロ</c><3>ー幸(こう)不(ふ)幸(こう)</c><1></c>,ロ
121.839,122.172,-1,92,<1></c><2>ハローハロー</c><3>幸(こう)不(ふ)幸(こう)</c><1></c>,ー
122.172,122.639,-1,92,<1></c><2>ハローハロー幸(こう)</c><3>不(ふ)幸(こう)</c><1></c>,幸(こう)
122.639,122.806,-1,92,<1></c><2>ハローハロー幸(こう)不(ふ)</c><3>幸(こう)</c><1></c>,不(ふ)
122.806,123.74,-1,92,<1></c><2>ハローハロー幸(こう)不(ふ)幸(こう)</c><1></c>,幸(こう)
123.74,123.941,-1,92,<1></c><2>自(じ)</c><3>分(ぶん)の翅(はね)かじり笑(わら)う</c><1></c>,自(じ)
123.941,124.241,-1,92,<1></c><2>自(じ)分(ぶん)</c><3>の翅(はね)かじり笑(わら)う</c><1></c>,分(ぶん)
124.241,124.374,-1,92,<1></c><2>自(じ)分(ぶん)の</c><3>翅(はね)かじり笑(わら)う</c><1></c>,の
124.374,125.008,-1,92,<1></c><2>自(じ)分(ぶん)の翅(はね)</c><3>かじり笑(わら)う</c><1></c>,翅(はね)
125.008,125.175,-1,92,<1></c><2>自(じ)分(ぶん)の翅(はね)か</c><3>じり笑(わら)う</c><1></c>,か
125.175,125.342,-1,92,<1></c><2>自(じ)分(ぶん)の翅(はね)かじ</c><3>り笑(わら)う</c><1></c>,じ
125.342,125.542,-1,92,<1></c><2>自(じ)分(ぶん)の翅(はね)かじり</c><3>笑(わら)う</c><1></c>,り
125.542,125.843,-1,92,<1></c><2>自(じ)分(ぶん)の翅(はね)かじり笑(わら)</c><3>う</c><1></c>,笑(わら)
125.843,126.276,-1,92,<1></c><2>自(じ)分(ぶん)の翅(はね)かじり笑(わら)う</c><1></c>,う
126.276,126.91,-1,92,<1></c><2>鏡(かがみ)</c><3>越(ご)しのohohグラスホッパー</c><1></c>,鏡(かがみ)
126.91,127.144,-1,92,<1></c><2>鏡(かがみ)越(ご)</c><3>しのohohグラスホッパー</c><1></c>,越(ご)
127.144,127.344,-1,92,<1></c><2>鏡(かがみ)越(ご)し</c><3>のohohグラスホッパー</c><1></c>,し
127.344,127.511,-1,92,<1></c><2>鏡(かがみ)越(ご)しの</c><3>ohohグラスホッパー</c><1></c>,の
127.511,127.845,-1,92,<1></c><2>鏡(かがみ)越(ご)しのoh</c><3>ohグラスホッパー</c><1></c>,oh
127.845,128.178,-1,92,<1></c><2>鏡(かがみ)越(ご)しのohoh</c><3>グラスホッパー</c><1></c>,oh
128.178,128.378,-1,92,<1></c><2>鏡(かがみ)越(ご)しのohohグ</c><3>ラスホッパー</c><1></c>,グ
128.378,128.645,-1,92,<1></c><2>鏡(かがみ)越(ご)しのohohグラ</c><3>スホッパー</c><1></c>,ラ
128.645,128.779,-1,92,<1></c><2>鏡(かがみ)越(ご)しのohohグラス</c><3>ホッパー</c><1></c>,ス
128.779,129.113,-1,92,<1></c><2>鏡(かがみ)越(ご)しのohohグラスホッ</c><3>パー</c><1></c>,ホッ
129.113,129.646,-1,92,<1></c><2>鏡(かがみ)越(ご)しのohohグラスホッパー</c><1></c>,パー
129.646,129.746,-1,92,<1></c><2>そ</c><3>れで結(けっ)構(こう)</c><1></c>,そ
129.746,129.947,-1,92,<1></c><2>それ</c><3>で結(けっ)構(こう)</c><1></c>,れ
129.947,130.047,-1,92,<1></c><2>それで</c><3>結(けっ)構(こう)</c><1></c>,で
130.047,130.38,-1,92,<1></c><2>それで結(けっ)</c><3>構(こう)</c><1></c>,結(けっ)
130.38,131.014,-1,92,<1></c><2>それで結(けっ)構(こう)</c><1></c>,構(こう)
131.014,131.648,70,92,<1></c><2>共(きょう)</c><3>存(ぞん)可(か)能(のう)</c><2>？</c><3>　不(ふ)可(か)能(のう)</c><2>？</c><1></c>,共(きょう)
131.648,132.249,70,92,<1></c><2>共(きょう)存(ぞん)</c><3>可(か)能(のう)</c><2>？</c><3>　不(ふ)可(か)能(のう)</c><2>？</c><1></c>,存(ぞん)
132.249,132.483,70,92,<1></c><2>共(きょう)存(ぞん)可(か)</c><3>能(のう)</c><2>？</c><3>　不(ふ)可(か)能(のう)</c><2>？</c><1></c>,可(か)
132.483,132.616,70,92,<1></c><2>共(きょう)存(ぞん)可(か)能(のう)？</c><3>　不(ふ)可(か)能(のう)</c><2>？</c><1></c>,能(のう)？
132.616,132.783,70,92,<1></c><2>共(きょう)存(ぞん)可(か)能(のう)？　</c><3>不(ふ)可(か)能(のう)</c><2>？</c><1></c>,　
132.783,132.916,70,92,<1></c><2>共(きょう)存(ぞん)可(か)能(のう)？　不(ふ)</c><3>可(か)能(のう)</c><2>？</c><1></c>,不(ふ)
132.916,133.117,70,92,<1></c><2>共(きょう)存(ぞん)可(か)能(のう)？　不(ふ)可(か)</c><3>能(のう)</c><2>？</c><1></c>,可(か)
133.117,133.851,70,92,<1></c><2>共(きょう)存(ぞん)可(か)能(のう)？　不(ふ)可(か)能(のう)？</c><1></c>,能(のう)？
133.851,134.051,56,92,<1></c><2>途(と)</c><3>方(ほう)に暮(く)れ飽(あ)きが来(き)たら</c><1></c>,途(と)
134.051,134.384,56,92,<1></c><2>途(と)方(ほう)</c><3>に暮(く)れ飽(あ)きが来(き)たら</c><1></c>,方(ほう)
134.384,134.485,56,92,<1></c><2>途(と)方(ほう)に</c><3>暮(く)れ飽(あ)きが来(き)たら</c><1></c>,に
134.485,134.685,56,92,<1></c><2>途(と)方(ほう)に暮(く)</c><3>れ飽(あ)きが来(き)たら</c><1></c>,暮(く)
134.685,134.985,56,92,<1></c><2>途(と)方(ほう)に暮(く)れ</c><3>飽(あ)きが来(き)たら</c><1></c>,れ
134.985,135.285,56,92,<1></c><2>途(と)方(ほう)に暮(く)れ飽(あ)</c><3>きが来(き)たら</c><1></c>,飽(あ)
135.285,135.419,56,92,<1></c><2>途(と)方(ほう)に暮(く)れ飽(あ)き</c><3>が来(き)たら</c><1></c>,き
135.419,135.619,56,92,<1></c><2>途(と)方(ほう)に暮(く)れ飽(あ)きが</c><3>来(き)たら</c><1></c>,が
135.619,135.752,56,92,<1></c><2>途(と)方(ほう)に暮(く)れ飽(あ)きが来(き)</c><3>たら</c><1></c>,来(き)
135.752,135.986,56,92,<1></c><2>途(と)方(ほう)に暮(く)れ飽(あ)きが来(き)た</c><3>ら</c><1></c>,た
135.986,136.386,56,92,<1></c><2>途(と)方(ほう)に暮(く)れ飽(あ)きが来(き)たら</c><1></c>,ら
136.386,136.687,-1,92,<1></c><2>パ</c><3>パパラライズ</c><1></c>,パ
136.687,137.02,-1,92,<1></c><2>パパ</c><3>パラライズ</c><1></c>,パ
137.02,137.221,-1,92,<1></c><2>パパパ</c><3>ラライズ</c><1></c>,パ
137.221,137.488,-1,92,<1></c><2>パパパラ</c><3>ライズ</c><1></c>,ラ
137.488,137.855,-1,92,<1></c><2>パパパラライズ</c><1></c>,ライズ
137.855,137.988,-1,92,<1></c><2>麻(ま)</c><3>痺(ひ)らせた</c><1></c>,麻(ま)
137.988,138.188,-1,92,<1></c><2>麻(ま)痺(ひ)</c><3>らせた</c><1></c>,痺(ひ)
138.188,138.455,-1,92,<1></c><2>麻(ま)痺(ひ)ら</c><3>せた</c><1></c>,ら
138.455,138.622,-1,92,<1></c><2>麻(ま)痺(ひ)らせ</c><3>た</c><1></c>,せ
138.622,139.857,-1,92,<1></c><2>麻(ま)痺(ひ)らせた</c><1></c>,た
139.857,140.023,-1,92,<1></c><2>そ</c><3>れは</c><2>“</c><3>切(せつ)なさ</c><2>”</c><3>だった</c><1></c>,そ
140.023,140.19,-1,92,<1></c><2>それ</c><3>は</c><2>“</c><3>切(せつ)なさ</c><2>”</c><3>だった</c><1></c>,れ
140.19,141.024,-1,92,<1></c><2>それは“</c><3>切(せつ)なさ</c><2>”</c><3>だった</c><1></c>,は“
141.024,141.325,-1,92,<1></c><2>それは“切(せつ)</c><3>なさ</c><2>”</c><3>だった</c><1></c>,切(せつ)
141.325,141.792,-1,92,<1></c><2>それは“切(せつ)な</c><3>さ</c><2>”</c><3>だった</c><1></c>,な
141.792,141.959,-1,92,<1></c><2>それは“切(せつ)なさ”</c><3>だった</c><1></c>,さ”
141.959,142.392,-1,92,<1></c><2>それは“切(せつ)なさ”だ</c><3>った</c><1></c>,だ
142.392,142.593,-1,92,<1></c><2>それは“切(せつ)なさ”だっ</c><3>た</c><1></c>,っ
142.593,144.194,-1,92,<1></c><2>それは“切(せつ)なさ”だった</c><1></c>,た
144.194,144.895,-1,92,<1></c><2>夜(よる)</c><3>を深(ふか)く泳(およ)いだら</c><1></c>,夜(よる)
144.895,145.229,-1,92,<1></c><2>夜(よる)を</c><3>深(ふか)く泳(およ)いだら</c><1></c>,を
145.229,146.163,-1,92,<1></c><2>夜(よる)を深(ふか)</c><3>く泳(およ)いだら</c><1></c>,深(ふか)
146.163,146.463,-1,92,<1></c><2>夜(よる)を深(ふか)く</c><3>泳(およ)いだら</c><1></c>,く
146.463,146.964,-1,92,<1></c><2>夜(よる)を深(ふか)く泳(およ)</c><3>いだら</c><1></c>,泳(およ)
146.964,147.431,-1,92,<1></c><2>夜(よる)を深(ふか)く泳(およ)い</c><3>だら</c><1></c>,い
147.431,147.731,-1,92,<1></c><2>夜(よる)を深(ふか)く泳(およ)いだ</c><3>ら</c><1></c>,だ
147.731,148.699,-1,92,<1></c><2>夜(よる)を深(ふか)く泳(およ)いだら</c><1></c>,ら
148.699,148.932,-1,92,<1></c><2>三(み)</c><3>日(か)月(づき)の香(かお)りのする</c><1></c>,三(み)
148.932,150.0,-1,92,<1></c><2>三(み)日(か)</c><3>月(づき)の香(かお)りのする</c><1></c>,日(か)
150.0,150.267,-1,92,<1></c><2>三(み)日(か)月(づき)</c><3>の香(かお)りのする</c><1></c>,月(づき)
150.267,151.201,-1,92,<1></c><2>三(み)日(か)月(づき)の</c><3>香(かお)りのする</c><1></c>,の
151.201,151.869,-1,92,<1></c><2>三(み)日(か)月(づき)の香(かお)</c><3>りのする</c><1></c>,香(かお)
151.869,152.069,-1,92,<1></c><2>三(み)日(か)月(づき)の香(かお)り</c><3>のする</c><1></c>,り
152.069,152.503,-1,92,<1></c><2>三(み)日(か)月(づき)の香(かお)りの</c><3>する</c><1></c>,の
152.503,152.703,-1,92,<1></c><2>三(み)日(か)月(づき)の香(かお)りのす</c><3>る</c><1></c>,す
152.703,153.437,-1,92,<1></c><2>三(み)日(か)月(づき)の香(かお)りのする</c><1></c>,る
153.437,154.705,-1,92,<1></c><2>命(いのち)</c><3>を引(ひ)っ掻(か)いて</c><1></c>,命(いのち)
154.705,155.339,-1,92,<1></c><2>命(いのち)を</c><3>引(ひ)っ掻(か)いて</c><1></c>,を
155.339,155.639,-1,92,<1></c><2>命(いのち)を引(ひ)</c><3>っ掻(か)いて</c><1></c>,引(ひ)
155.639,155.973,-1,92,<1></c><2>命(いのち)を引(ひ)っ</c><3>掻(か)いて</c><1></c>,っ
155.973,156.273,-1,92,<1></c><2>命(いのち)を引(ひ)っ掻(か)</c><3>いて</c><1></c>,掻(か)
156.273,156.607,-1,92,<1></c><2>命(いのち)を引(ひ)っ掻(か)い</c><3>て</c><1></c>,い
156.607,158.075,-1,92,<1></c><2>命(いのち)を引(ひ)っ掻(か)いて</c><1></c>,て
158.075,158.175,-1,92,<1></c><2>c</c><3>rygonnacry</c><1></c>,c
158.175,158.509,-1,92,<1></c><2>cry</c><3>gonnacry</c><1></c>,ry
158.509,158.709,-1,92,<1></c><2>crygon</c><3>nacry</c><1></c>,gon
158.709,159.042,-1,92,<1></c><2>crygonna</c><3>cry</c><1></c>,na
159.042,159.109,-1,92,<1></c><2>crygonnac</c><3>ry</c><1></c>,c
159.109,161.311,-1,92,<1></c><2>crygonnacry</c><1></c>,ry
159.109,159.409,-1,85,<1></c><2>『パ</c><3>ラライズ　パラライズ</c><2>』</c><1></c>,『パ
159.409,159.676,-1,85,<1></c><2>『パラ</c><3>ライズ　パラライズ</c><2>』</c><1></c>,ラ
159.676,160.41,-1,85,<1></c><2>『パラライズ　</c><3>パラライズ</c><2>』</c><1></c>,ライズ　
160.41,160.644,-1,85,<1></c><2>『パラライズ　パ</c><3>ラライズ</c><2>』</c><1></c>,パ
160.644,160.911,-1,85,<1></c><2>『パラライズ　パラ</c><3>ライズ</c><2>』</c><1></c>,ラ
160.911,161.311,-1,85,<1></c><2>『パラライズ　パラライズ』</c><1></c>,ライズ』
161.311,162.146,-1,92,<1></c><2>『wow</c><3>ohoh</c><2>』</c><1></c>,『wow
162.146,162.913,-1,92,<1></c><2>『wowoh</c><3>oh</c><2>』</c><1></c>,oh
162.913,164.181,-1,92,<1></c><2>『wowohoh』</c><1></c>,oh』
164.181,164.481,-1,85,<1></c><2>『パ</c><3>ラライズ　レッツパラライズ</c><2>』</c><1></c>,『パ
164.481,164.715,-1,85,<1></c><2>『パラ</c><3>ライズ　レッツパラライズ</c><2>』</c><1></c>,ラ
164.715,165.149,-1,85,<1></c><2>『パラライズ　</c><3>レッツパラライズ</c><2>』</c><1></c>,ライズ　
165.149,165.449,-1,85,<1></c><2>『パラライズ　レッツ</c><3>パラライズ</c><2>』</c><1></c>,レッツ
165.449,165.749,-1,85,<1></c><2>『パラライズ　レッツパ</c><3>ラライズ</c><2>』</c><1></c>,パ
165.749,165.983,-1,85,<1></c><2>『パラライズ　レッツパラ</c><3>ライズ</c><2>』</c><1></c>,ラ
165.983,166.383,-1,85,<1></c><2>『パラライズ　レッツパラライズ』</c><1></c>,ライズ』
166.383,167.017,-1,92,<1></c><2>獰(どう)</c><3>猛(もう)にまたたく</c><1></c>,獰(どう)
167.017,167.618,-1,92,<1></c><2>獰(どう)猛(もう)</c><3>にまたたく</c><1></c>,猛(もう)
167.618,167.885,-1,92,<1></c><2>獰(どう)猛(もう)に</c><3>またたく</c><1></c>,に
167.885,168.252,-1,92,<1></c><2>獰(どう)猛(もう)にま</c><3>たたく</c><1></c>,ま
168.252,168.585,-1,92,<1></c><2>獰(どう)猛(もう)にまた</c><3>たく</c><1></c>,た
168.585,168.785,-1,92,<1></c><2>獰(どう)猛(もう)にまたた</c><3>く</c><1></c>,た
168.785,169.219,-1,92,<1></c><2>獰(どう)猛(もう)にまたたく</c><1></c>,く
169.219,169.553,-1,92,<1></c><2>パ</c><3>ラライズ　パラライズ</c><1></c>,パ
169.219,169.553,-1,85,<1></c><2>『パ</c><3>ラライズ　パラライズ</c><2>』</c><1></c>,『パ
169.553,169.72,-1,92,<1></c><2>パラ</c><3>ライズ　パラライズ</c><1></c>,ラ
169.553,169.72,-1,85,<1></c><2>『パラ</c><3>ライズ　パラライズ</c><2>』</c><1></c>,ラ
169.72,170.487,-1,92,<1></c><2>パラライズ　</c><3>パラライズ</c><1></c>,ライズ　
169.72,170.487,-1,85,<1></c><2>『パラライズ　</c><3>パラライズ</c><2>』</c><1></c>,ライズ　
170.487,170.821,-1,92,<1></c><2>パラライズ　パ</c><3>ラライズ</c><1></c>,パ
170.487,170.821,-1,85,<1></c><2>『パラライズ　パ</c><3>ラライズ</c><2>』</c><1></c>,パ
170.821,170.988,-1,92,<1></c><2>パラライズ　パラ</c><3>ライズ</c><1></c>,ラ
170.821,170.988,-1,85,<1></c><2>『パラライズ　パラ</c><3>ライズ</c><2>』</c><1></c>,ラ
170.988,171.421,-1,92,<1></c><2>パラライズ　パラライズ</c><1></c>,ライズ
170.988,171.421,-1,85,<1></c><2>『パラライズ　パラライズ』</c><1></c>,ライズ』
171.421,172.055,70,92,<1></c><2>共(きょう)</c><3>存(ぞん)可(か)能(のう)</c><2>？</c><3>　不(ふ)可(か)能(のう)</c><2>？</c><1></c>,共(きょう)
172.055,172.689,70,92,<1></c><2>共(きょう)存(ぞん)</c><3>可(か)能(のう)</c><2>？</c><3>　不(ふ)可(か)能(のう)</c><2>？</c><1></c>,存(ぞん)
172.689,172.923,70,92,<1></c><2>共(きょう)存(ぞん)可(か)</c><3>能(のう)</c><2>？</c><3>　不(ふ)可(か)能(のう)</c><2>？</c><1></c>,可(か)
172.923,173.056,70,92,<1></c><2>共(きょう)存(ぞん)可(か)能(のう)？</c><3>　不(ふ)可(か)能(のう)</c><2>？</c><1></c>,能(のう)？
173.056,173.19,70,92,<1></c><2>共(きょう)存(ぞん)可(か)能(のう)？　</c><3>不(ふ)可(か)能(のう)</c><2>？</c><1></c>,　
173.19,173.323,70,92,<1></c><2>共(きょう)存(ぞん)可(か)能(のう)？　不(ふ)</c><3>可(か)能(のう)</c><2>？</c><1></c>,不(ふ)
173.323,173.524,70,92,<1></c><2>共(きょう)存(ぞん)可(か)能(のう)？　不(ふ)可(か)</c><3>能(のう)</c><2>？</c><1></c>,可(か)
173.524,175.559,70,92,<1></c><2>共(きょう)存(ぞん)可(か)能(のう)？　不(ふ)可(か)能(のう)？</c><1></c>,能(のう)？
176.793,177.127,-1,92,<1></c><2>パ</c><3>パパラライズ</c><1></c>,パ
177.127,177.461,-1,92,<1></c><2>パパ</c><3>パラライズ</c><1></c>,パ
177.461,177.628,-1,92,<1></c><2>パパパ</c><3>ラライズ</c><1></c>,パ
177.628,177.961,-1,92,<1></c><2>パパパラ</c><3>ライズ</c><1></c>,ラ
177.961,178.262,-1,92,<1></c><2>パパパラライズ</c><1></c>,ライズ
178.262,178.395,-1,92,<1></c><2>麻(ま)</c><3>痺(ひ)らせて</c><1></c>,麻(ま)
178.395,178.595,-1,92,<1></c><2>麻(ま)痺(ひ)</c><3>らせて</c><1></c>,痺(ひ)
178.595,178.896,-1,92,<1></c><2>麻(ま)痺(ひ)ら</c><3>せて</c><1></c>,ら
178.896,179.029,-1,92,<1></c><2>麻(ま)痺(ひ)らせ</c><3>て</c><1></c>,せ
179.029,179.329,-1,92,<1></c><2>麻(ま)痺(ひ)らせて</c><1></c>,て
183.433,183.734,-1,92,<1></c><2>パ</c><3>パラライズ　andlies</c><1></c>,パ
183.734,183.967,-1,92,<1></c><2>パパ</c><3>ラライズ　andlies</c><1></c>,パ
183.967,184.268,-1,92,<1></c><2>パパラ</c><3>ライズ　andlies</c><1></c>,ラ
184.268,184.701,-1,92,<1></c><2>パパララ</c><3>イズ　andlies</c><1></c>,ラ
184.701,185.002,-1,92,<1></c><2>パパラライ</c><3>ズ　andlies</c><1></c>,イ
185.002,185.335,-1,92,<1></c><2>パパラライズ　</c><3>andlies</c><1></c>,ズ　
185.335,185.536,-1,92,<1></c><2>パパラライズ　and</c><3>lies</c><1></c>,and
185.536,186.036,-1,92,<1></c><2>パパラライズ　andli</c><3>es</c><1></c>,li
186.036,187.938,-1,92,<1></c><2>パパラライズ　andlie</c><3>s</c><1></c>,e
187.938,188.105,-1,92,<1></c><2>パパラライズ　andlies</c><1></c>,s
189.406,189.606,-1,92,<1></c><2>パ</c><3>ラライズ</c><1></c>,パ
189.606,189.773,-1,92,<1></c><2>パラ</c><3>ライズ</c><1></c>,ラ
189.773,190.007,-1,92,<1></c><2>パララ</c><3>イズ</c><1></c>,ラ
190.007,190.207,-1,92,<1></c><2>パラライ</c><3>ズ</c><1></c>,イ
190.207,190.407,-1,92,<1></c><2>パラライズ</c><1></c>,ズ
