start,end,position,line,text,token
1.952,2.419,-1,0,<24></c><1>幾</c><39>つの苦も美観主義</c><24></c>,幾
2.419,2.686,-1,0,<24></c><1>幾つ</c><39>の苦も美観主義</c><24></c>,つ
2.686,2.886,-1,0,<24></c><1>幾つの</c><39>苦も美観主義</c><24></c>,の
2.886,3.12,-1,0,<24></c><1>幾つの苦</c><39>も美観主義</c><24></c>,苦
3.12,3.354,-1,0,<24></c><1>幾つの苦も</c><39>美観主義</c><24></c>,も
3.354,3.587,-1,0,<24></c><1>幾つの苦も美</c><39>観主義</c><24></c>,美
3.587,3.988,-1,0,<24></c><1>幾つの苦も美観</c><39>主義</c><24></c>,観
3.988,4.254,-1,0,<24></c><1>幾つの苦も美観主</c><39>義</c><24></c>,主
4.254,4.722,-1,0,<24></c><1>幾つの苦も美観主義</c><24></c>,義
4.722,5.189,-1,0,<24></c><1>愛</c><39>の反戦一人じゃんけん</c><24></c>,愛
5.189,5.422,-1,0,<24></c><1>愛の</c><39>反戦一人じゃんけん</c><24></c>,の
5.422,5.856,-1,0,<24></c><1>愛の反</c><39>戦一人じゃんけん</c><24></c>,反
5.856,6.49,-1,0,<24></c><1>愛の反戦</c><39>一人じゃんけん</c><24></c>,戦
6.49,6.991,-1,0,<24></c><1>愛の反戦一</c><39>人じゃんけん</c><24></c>,一
6.991,7.224,-1,0,<24></c><1>愛の反戦一人</c><39>じゃんけん</c><24></c>,人
7.224,7.458,-1,0,<24></c><1>愛の反戦一人じゃ</c><39>んけん</c><24></c>,じゃ
7.458,7.658,-1,0,<24></c><1>愛の反戦一人じゃん</c><39>けん</c><24></c>,ん
7.658,7.958,-1,0,<24></c><1>愛の反戦一人じゃんけ</c><39>ん</c><24></c>,け
7.958,8.258,-1,0,<24></c><1>愛の反戦一人じゃんけん</c><24></c>,ん
9.259,9.493,-1,0,<24></c><1>運</c><39>命と縛り見ない振り</c><24></c>,運
9.493,9.727,-1,0,<24></c><1>運命</c><39>と縛り見ない振り</c><24></c>,命
9.727,9.927,-1,0,<24></c><1>運命と</c><39>縛り見ない振り</c><24></c>,と
9.927,10.394,-1,0,<24></c><1>運命と縛</c><39>り見ない振り</c><24></c>,縛
10.394,10.627,-1,0,<24></c><1>運命と縛り</c><39>見ない振り</c><24></c>,り
10.627,10.861,-1,0,<24></c><1>運命と縛り見</c><39>ない振り</c><24></c>,見
10.861,11.061,-1,0,<24></c><1>運命と縛り見な</c><39>い振り</c><24></c>,な
11.061,11.295,-1,0,<24></c><1>運命と縛り見ない</c><39>振り</c><24></c>,い
11.295,11.528,-1,0,<24></c><1>運命と縛り見ない振</c><39>り</c><24></c>,振
11.528,12.029,-1,0,<24></c><1>運命と縛り見ない振り</c><24></c>,り
12.029,12.229,-1,0,<24></c><1>そ</c><39>れも暗転</c><24></c>,そ
12.229,12.463,-1,0,<24></c><1>それ</c><39>も暗転</c><24></c>,れ
12.463,12.696,-1,0,<24></c><1>それも</c><39>暗転</c><24></c>,も
12.696,13.13,-1,0,<24></c><1>それも暗</c><39>転</c><24></c>,暗
13.13,13.897,-1,0,<24></c><1>それも暗転</c><24></c>,転
13.897,14.064,59,0,<24></c><1>now</c><39>iknowallaboutyoubabe</c><24></c>,now
14.064,14.231,59,0,<24></c><1>nowi</c><39>knowallaboutyoubabe</c><24></c>,i
14.231,14.465,59,0,<24></c><1>nowiknow</c><39>allaboutyoubabe</c><24></c>,know
14.465,14.932,59,0,<24></c><1>nowiknowall</c><39>aboutyoubabe</c><24></c>,all
14.932,15.165,59,0,<24></c><1>nowiknowalla</c><39>boutyoubabe</c><24></c>,a
15.165,15.566,59,0,<24></c><1>nowiknowallabout</c><39>youbabe</c><24></c>,bout
15.566,15.833,59,0,<24></c><1>nowiknowallaboutyou</c><39>babe</c><24></c>,you
15.833,16.467,59,0,<24></c><1>nowiknowallaboutyoubabe</c><24></c>,babe
16.467,16.633,98,0,<24></c><38>i</c><39>don\'twantthehandbagsthemoneyorthediamondrings</c><24></c>,i
16.633,16.767,98,0,<24></c><38>idon\'t</c><39>wantthehandbagsthemoneyorthediamondrings</c><24></c>,don\'t
16.767,17.001,98,0,<24></c><38>idon\'twant</c><39>thehandbagsthemoneyorthediamondrings</c><24></c>,want
17.001,17.201,98,0,<24></c><38>idon\'twantthe</c><39>handbagsthemoneyorthediamondrings</c><24></c>,the
17.201,17.568,98,0,<24></c><38>idon\'twantthehand</c><39>bagsthemoneyorthediamondrings</c><24></c>,hand
17.568,17.901,98,0,<24></c><38>idon\'twantthehandbags</c><39>themoneyorthediamondrings</c><24></c>,bags
17.901,18.135,98,0,<24></c><38>idon\'twantthehandbagsthe</c><39>moneyorthediamondrings</c><24></c>,the
18.135,18.369,98,0,<24></c><38>idon\'twantthehandbagsthemon</c><39>eyorthediamondrings</c><24></c>,mon
18.369,18.602,98,0,<24></c><38>idon\'twantthehandbagsthemoney</c><39>orthediamondrings</c><24></c>,ey
18.602,18.802,98,0,<24></c><38>idon\'twantthehandbagsthemoneyor</c><39>thediamondrings</c><24></c>,or
18.802,19.036,98,0,<24></c><38>idon\'twantthehandbagsthemoneyorthe</c><39>diamondrings</c><24></c>,the
19.036,19.203,98,0,<24></c><38>idon\'twantthehandbagsthemoneyorthedi</c><39>amondrings</c><24></c>,di
19.203,19.269,98,0,<24></c><38>idon\'twantthehandbagsthemoneyorthedia</c><39>mondrings</c><24></c>,a
19.269,19.503,98,0,<24></c><38>idon\'twantthehandbagsthemoneyorthediamond</c><39>rings</c><24></c>,mond
19.503,20.17,98,0,<24></c><38>idon\'twantthehandbagsthemoneyorthediamondrings</c><24></c>,rings
20.17,20.404,98,0,<24></c><38>\'cause</c><39>guyslikeyoutheyalldon\'tcareaboutthelittlethings</c><24></c>,\'cause
20.404,20.637,98,0,<24></c><38>\'causeguys</c><39>likeyoutheyalldon\'tcareaboutthelittlethings</c><24></c>,guys
20.637,20.838,98,0,<24></c><38>\'causeguyslike</c><39>youtheyalldon\'tcareaboutthelittlethings</c><24></c>,like
20.838,21.105,98,0,<24></c><38>\'causeguyslikeyou</c><39>theyalldon\'tcareaboutthelittlethings</c><24></c>,you
21.105,21.205,98,0,<24></c><38>\'causeguyslikeyouthey</c><39>alldon\'tcareaboutthelittlethings</c><24></c>,they
21.205,21.505,98,0,<24></c><38>\'causeguyslikeyoutheyall</c><39>don\'tcareaboutthelittlethings</c><24></c>,all
21.505,21.739,98,0,<24></c><38>\'causeguyslikeyoutheyalldon\'t</c><39>careaboutthelittlethings</c><24></c>,don\'t
21.739,22.006,98,0,<24></c><38>\'causeguyslikeyoutheyalldon\'tcare</c><39>aboutthelittlethings</c><24></c>,care
22.006,22.239,98,0,<24></c><38>\'causeguyslikeyoutheyalldon\'tcarea</c><39>boutthelittlethings</c><24></c>,a
22.239,22.439,98,0,<24></c><38>\'causeguyslikeyoutheyalldon\'tcareabout</c><39>thelittlethings</c><24></c>,bout
22.439,22.673,98,0,<24></c><38>\'causeguyslikeyoutheyalldon\'tcareaboutthe</c><39>littlethings</c><24></c>,the
22.673,22.906,98,0,<24></c><38>\'causeguyslikeyoutheyalldon\'tcareaboutthelit</c><39>tlethings</c><24></c>,lit
22.906,23.14,98,0,<24></c><38>\'causeguyslikeyoutheyalldon\'tcareaboutthelittle</c><39>things</c><24></c>,tle
23.14,23.374,98,0,<24></c><38>\'causeguyslikeyoutheyalldon\'tcareaboutthelittlethings</c><24></c>,things
23.374,23.607,-1,0,<24></c><1>まぁ</c><39>anyway吹っ切れた訳で</c><24></c>,まぁ
23.607,23.941,-1,0,<24></c><1>まぁan</c><39>yway吹っ切れた訳で</c><24></c>,an
23.941,24.274,-1,0,<24></c><1>まぁany</c><39>way吹っ切れた訳で</c><24></c>,y
24.274,24.708,-1,0,<24></c><1>まぁanyway</c><39>吹っ切れた訳で</c><24></c>,way
24.708,24.942,-1,0,<24></c><1>まぁanyway吹っ</c><39>切れた訳で</c><24></c>,吹っ
24.942,25.042,-1,0,<24></c><1>まぁanyway吹っ切</c><39>れた訳で</c><24></c>,切
25.042,25.209,-1,0,<24></c><1>まぁanyway吹っ切れ</c><39>た訳で</c><24></c>,れ
25.209,25.409,-1,0,<24></c><1>まぁanyway吹っ切れた</c><39>訳で</c><24></c>,た
25.409,26.076,-1,0,<24></c><1>まぁanyway吹っ切れた訳</c><39>で</c><24></c>,訳
26.076,26.543,-1,0,<24></c><1>まぁanyway吹っ切れた訳で</c><24></c>,で
26.543,26.777,-1,0,<24></c><1>棒</c><39>に当たって吠えたって圏外です</c><24></c>,棒
26.777,26.977,-1,0,<24></c><1>棒に</c><39>当たって吠えたって圏外です</c><24></c>,に
26.977,27.211,-1,0,<24></c><1>棒に当</c><39>たって吠えたって圏外です</c><24></c>,当
27.211,27.444,-1,0,<24></c><1>棒に当たっ</c><39>て吠えたって圏外です</c><24></c>,たっ
27.444,27.678,-1,0,<24></c><1>棒に当たって</c><39>吠えたって圏外です</c><24></c>,て
27.678,27.778,-1,0,<24></c><1>棒に当たって吠</c><39>えたって圏外です</c><24></c>,吠
27.778,27.911,-1,0,<24></c><1>棒に当たって吠え</c><39>たって圏外です</c><24></c>,え
27.911,28.112,-1,0,<24></c><1>棒に当たって吠えた</c><39>って圏外です</c><24></c>,た
28.112,28.345,-1,0,<24></c><1>棒に当たって吠えたって</c><39>圏外です</c><24></c>,って
28.345,28.579,-1,0,<24></c><1>棒に当たって吠えたって圏</c><39>外です</c><24></c>,圏
28.579,28.846,-1,0,<24></c><1>棒に当たって吠えたって圏外</c><39>です</c><24></c>,外
28.846,29.046,-1,0,<24></c><1>棒に当たって吠えたって圏外です</c><24></c>,です
31.081,31.315,84,0,<24></c><38>i\'m</c><39>movingonandi\'mnevereverturningback</c><24></c>,i\'m
31.315,31.548,84,0,<24></c><38>i\'mmov</c><39>ingonandi\'mnevereverturningback</c><24></c>,mov
31.548,31.749,84,0,<24></c><38>i\'mmoving</c><39>onandi\'mnevereverturningback</c><24></c>,ing
31.749,32.216,84,0,<24></c><38>i\'mmovingon</c><39>andi\'mnevereverturningback</c><24></c>,on
32.216,32.449,84,0,<24></c><38>i\'mmovingonand</c><39>i\'mnevereverturningback</c><24></c>,and
32.449,32.683,84,0,<24></c><38>i\'mmovingonandi\'m</c><39>nevereverturningback</c><24></c>,i\'m
32.683,32.916,84,0,<24></c><38>i\'mmovingonandi\'mnev</c><39>ereverturningback</c><24></c>,nev
32.916,33.117,84,0,<24></c><38>i\'mmovingonandi\'mnever</c><39>everturningback</c><24></c>,er
33.117,33.35,84,0,<24></c><38>i\'mmovingonandi\'mneverev</c><39>erturningback</c><24></c>,ev
33.35,33.55,84,0,<24></c><38>i\'mmovingonandi\'mneverever</c><39>turningback</c><24></c>,er
33.55,33.851,84,0,<24></c><38>i\'mmovingonandi\'mnevereverturn</c><39>ingback</c><24></c>,turn
33.851,34.051,84,0,<24></c><38>i\'mmovingonandi\'mnevereverturning</c><39>back</c><24></c>,ing
34.051,34.251,84,0,<24></c><38>i\'mmovingonandi\'mnevereverturningback</c><24></c>,back
34.251,34.485,58,0,<24></c><38>a</c><39>roundaroundaroundagain</c><24></c>,a
34.485,35.185,58,0,<24></c><38>around</c><39>aroundaroundagain</c><24></c>,round
35.185,35.386,58,0,<24></c><38>arounda</c><39>roundaroundagain</c><24></c>,a
35.386,36.086,58,0,<24></c><38>aroundaround</c><39>aroundagain</c><24></c>,round
36.086,36.32,58,0,<24></c><38>aroundarounda</c><39>roundagain</c><24></c>,a
36.32,36.553,58,0,<24></c><38>aroundaroundaround</c><39>again</c><24></c>,round
36.553,36.687,58,0,<24></c><38>aroundaroundarounda</c><39>gain</c><24></c>,a
36.687,37.254,58,0,<24></c><38>aroundaroundaroundagain</c><24></c>,gain
37.254,37.688,72,0,<24></c><38>now</c><39>i\'llgohigherandi\'llgohigher</c><24></c>,now
37.688,37.921,72,0,<24></c><38>nowi\'ll</c><39>gohigherandi\'llgohigher</c><24></c>,i\'ll
37.921,38.155,72,0,<24></c><38>nowi\'llgo</c><39>higherandi\'llgohigher</c><24></c>,go
38.155,38.822,72,0,<24></c><38>nowi\'llgohigh</c><39>erandi\'llgohigher</c><24></c>,high
38.822,39.289,72,0,<24></c><38>nowi\'llgohigher</c><39>andi\'llgohigher</c><24></c>,er
39.289,39.49,72,0,<24></c><38>nowi\'llgohigherand</c><39>i\'llgohigher</c><24></c>,and
39.49,39.757,72,0,<24></c><38>nowi\'llgohigherandi\'ll</c><39>gohigher</c><24></c>,i\'ll
39.757,39.99,72,0,<24></c><38>nowi\'llgohigherandi\'llgo</c><39>higher</c><24></c>,go
39.99,40.657,72,0,<24></c><38>nowi\'llgohigherandi\'llgohigh</c><39>er</c><24></c>,high
40.657,41.091,72,0,<24></c><38>nowi\'llgohigherandi\'llgohigher</c><24></c>,er
41.091,41.291,80,0,<24></c><38>and</c><39>youcouldn\'ttakemedownifyoutried</c><24></c>,and
41.291,41.492,80,0,<24></c><38>andyou</c><39>couldn\'ttakemedownifyoutried</c><24></c>,you
41.492,42.026,80,0,<24></c><38>andyoucould</c><39>n\'ttakemedownifyoutried</c><24></c>,could
42.026,42.226,80,0,<24></c><38>andyoucouldn\'t</c><39>takemedownifyoutried</c><24></c>,n\'t
42.226,42.459,80,0,<24></c><38>andyoucouldn\'ttake</c><39>medownifyoutried</c><24></c>,take
42.459,42.693,80,0,<24></c><38>andyoucouldn\'ttakeme</c><39>downifyoutried</c><24></c>,me
42.693,43.127,80,0,<24></c><38>andyoucouldn\'ttakemedown</c><39>ifyoutried</c><24></c>,down
43.127,43.36,80,0,<24></c><38>andyoucouldn\'ttakemedownif</c><39>youtried</c><24></c>,if
43.36,43.627,80,0,<24></c><38>andyoucouldn\'ttakemedownifyou</c><39>tried</c><24></c>,you
43.627,44.461,80,0,<24></c><38>andyoucouldn\'ttakemedownifyoutried</c><24></c>,tried
44.928,45.162,-1,0,<24></c><1>ば</c><39>ら撒いてた愛取返し撤退だ</c><24></c>,ば
45.162,45.396,-1,0,<24></c><1>ばら</c><39>撒いてた愛取返し撤退だ</c><24></c>,ら
45.396,45.596,-1,0,<24></c><1>ばら撒</c><39>いてた愛取返し撤退だ</c><24></c>,撒
45.596,45.829,-1,0,<24></c><1>ばら撒い</c><39>てた愛取返し撤退だ</c><24></c>,い
45.829,46.063,-1,0,<24></c><1>ばら撒いて</c><39>た愛取返し撤退だ</c><24></c>,て
46.063,46.296,-1,0,<24></c><1>ばら撒いてた</c><39>愛取返し撤退だ</c><24></c>,た
46.296,46.764,-1,0,<24></c><1>ばら撒いてた愛</c><39>取返し撤退だ</c><24></c>,愛
46.764,47.197,-1,0,<24></c><1>ばら撒いてた愛取</c><39>返し撤退だ</c><24></c>,取
47.197,47.664,-1,0,<24></c><1>ばら撒いてた愛取返</c><39>し撤退だ</c><24></c>,返
47.664,47.898,-1,0,<24></c><1>ばら撒いてた愛取返し</c><39>撤退だ</c><24></c>,し
47.898,48.332,-1,0,<24></c><1>ばら撒いてた愛取返し撤</c><39>退だ</c><24></c>,撤
48.332,48.799,-1,0,<24></c><1>ばら撒いてた愛取返し撤退</c><39>だ</c><24></c>,退
48.799,49.266,-1,0,<24></c><1>ばら撒いてた愛取返し撤退だ</c><24></c>,だ
49.266,49.5,61,0,<24></c><38>now</c><39>icanfinallyopenmyeyes</c><24></c>,now
49.5,49.7,61,0,<24></c><38>nowi</c><39>canfinallyopenmyeyes</c><24></c>,i
49.7,49.933,61,0,<24></c><38>nowican</c><39>finallyopenmyeyes</c><24></c>,can
49.933,50.2,61,0,<24></c><38>nowicanfi</c><39>nallyopenmyeyes</c><24></c>,fi
50.2,50.434,61,0,<24></c><38>nowicanfinal</c><39>lyopenmyeyes</c><24></c>,nal
50.434,50.634,61,0,<24></c><38>nowicanfinally</c><39>openmyeyes</c><24></c>,ly
50.634,51.101,61,0,<24></c><38>nowicanfinallyo</c><39>penmyeyes</c><24></c>,o
51.101,51.335,61,0,<24></c><38>nowicanfinallyopen</c><39>myeyes</c><24></c>,pen
51.335,51.535,61,0,<24></c><38>nowicanfinallyopenmy</c><39>eyes</c><24></c>,my
51.535,52.202,61,0,<24></c><38>nowicanfinallyopenmyeyes</c><24></c>,eyes
52.202,52.469,-1,0,<24></c><1>そん</c><39>で来世もっかい君への返品サイン</c><24></c>,そん
52.469,52.669,-1,0,<24></c><1>そんで</c><39>来世もっかい君への返品サイン</c><24></c>,で
52.669,53.137,-1,0,<24></c><1>そんで来</c><39>世もっかい君への返品サイン</c><24></c>,来
53.137,53.337,-1,0,<24></c><1>そんで来世</c><39>もっかい君への返品サイン</c><24></c>,世
53.337,53.57,-1,0,<24></c><1>そんで来世もっ</c><39>かい君への返品サイン</c><24></c>,もっ
53.57,53.804,-1,0,<24></c><1>そんで来世もっか</c><39>い君への返品サイン</c><24></c>,か
53.804,54.004,-1,0,<24></c><1>そんで来世もっかい</c><39>君への返品サイン</c><24></c>,い
54.004,54.505,-1,0,<24></c><1>そんで来世もっかい君</c><39>への返品サイン</c><24></c>,君
54.505,54.938,-1,0,<24></c><1>そんで来世もっかい君へ</c><39>の返品サイン</c><24></c>,へ
54.938,55.139,-1,0,<24></c><1>そんで来世もっかい君への</c><39>返品サイン</c><24></c>,の
55.139,55.639,-1,0,<24></c><1>そんで来世もっかい君への返</c><39>品サイン</c><24></c>,返
55.639,56.073,-1,0,<24></c><1>そんで来世もっかい君への返品</c><39>サイン</c><24></c>,品
56.073,56.507,-1,0,<24></c><1>そんで来世もっかい君への返品サイン</c><24></c>,サイン
56.507,56.64,-1,0,<24></c><38>get</c><39>chaoutmylifeboy</c><24></c>,get
56.64,56.774,-1,0,<24></c><38>getcha</c><39>outmylifeboy</c><24></c>,cha
56.774,57.007,-1,0,<24></c><38>getchaout</c><39>mylifeboy</c><24></c>,out
57.007,57.241,-1,0,<24></c><38>getchaoutmy</c><39>lifeboy</c><24></c>,my
57.241,57.574,-1,0,<24></c><38>getchaoutmylife</c><39>boy</c><24></c>,life
57.574,57.875,-1,0,<24></c><38>getchaoutmylifeboy</c><24></c>,boy
57.875,58.108,58,0,<24></c><38>i\'ll</c><39>getchagetchagetcha!</c><24></c>,i\'ll
58.108,58.342,58,0,<24></c><38>i\'llget</c><39>chagetchagetcha!</c><24></c>,get
58.342,58.575,58,0,<24></c><38>i\'llgetcha</c><39>getchagetcha!</c><24></c>,cha
58.575,58.809,58,0,<24></c><38>i\'llgetchaget</c><39>chagetcha!</c><24></c>,get
58.809,59.043,58,0,<24></c><38>i\'llgetchagetcha</c><39>getcha!</c><24></c>,cha
59.043,59.276,58,0,<24></c><38>i\'llgetchagetchaget</c><39>cha!</c><24></c>,get
59.276,59.51,58,0,<24></c><38>i\'llgetchagetchagetcha!</c><24></c>,cha!
59.51,59.71,-1,0,<24></c><1>待</c><39>ちっぱなしの恋なんで</c><24></c>,待
59.71,59.977,-1,0,<24></c><1>待ちっ</c><39>ぱなしの恋なんで</c><24></c>,ちっ
59.977,60.411,-1,0,<24></c><1>待ちっぱ</c><39>なしの恋なんで</c><24></c>,ぱ
60.411,60.677,-1,0,<24></c><1>待ちっぱな</c><39>しの恋なんで</c><24></c>,な
60.677,61.111,-1,0,<24></c><1>待ちっぱなし</c><39>の恋なんで</c><24></c>,し
61.111,61.545,-1,0,<24></c><1>待ちっぱなしの</c><39>恋なんで</c><24></c>,の
61.545,62.012,-1,0,<24></c><1>待ちっぱなしの恋</c><39>なんで</c><24></c>,恋
62.012,62.212,-1,0,<24></c><1>待ちっぱなしの恋な</c><39>んで</c><24></c>,な
62.212,62.446,-1,0,<24></c><1>待ちっぱなしの恋なん</c><39>で</c><24></c>,ん
62.446,63.147,-1,0,<24></c><1>待ちっぱなしの恋なんで</c><24></c>,で
63.147,63.38,-1,0,<24></c><1>錠</c><39>をかけキー捨て去って</c><24></c>,錠
63.38,63.614,-1,0,<24></c><1>錠を</c><39>かけキー捨て去って</c><24></c>,を
63.614,64.048,-1,0,<24></c><1>錠をか</c><39>けキー捨て去って</c><24></c>,か
64.048,64.281,-1,0,<24></c><1>錠をかけ</c><39>キー捨て去って</c><24></c>,け
64.281,64.515,-1,0,<24></c><1>錠をかけキ</c><39>ー捨て去って</c><24></c>,キ
64.515,64.748,-1,0,<24></c><1>錠をかけキー</c><39>捨て去って</c><24></c>,ー
64.748,65.182,-1,0,<24></c><1>錠をかけキー捨</c><39>て去って</c><24></c>,捨
65.182,65.616,-1,0,<24></c><1>錠をかけキー捨て</c><39>去って</c><24></c>,て
65.616,65.849,-1,0,<24></c><1>錠をかけキー捨て去</c><39>って</c><24></c>,去
65.849,66.116,-1,0,<24></c><1>錠をかけキー捨て去っ</c><39>て</c><24></c>,っ
66.116,66.75,-1,0,<24></c><1>錠をかけキー捨て去って</c><24></c>,て
66.75,66.984,58,0,<24></c><1>\'cause</c><39>i\'mfinei\'malright</c><24></c>,\'cause
66.984,67.217,58,0,<24></c><1>\'causei\'m</c><39>finei\'malright</c><24></c>,i\'m
67.217,67.651,58,0,<24></c><1>\'causei\'mfine</c><39>i\'malright</c><24></c>,fine
67.651,67.918,58,0,<24></c><1>\'causei\'mfinei\'m</c><39>alright</c><24></c>,i\'m
67.918,68.118,58,0,<24></c><1>\'causei\'mfinei\'mal</c><39>right</c><24></c>,al
68.118,68.585,58,0,<24></c><1>\'causei\'mfinei\'malright</c><24></c>,right
68.585,69.053,-1,0,<24></c><1>君</c><39>なしで大正解</c><24></c>,君
69.053,69.386,-1,0,<24></c><1>君な</c><39>しで大正解</c><24></c>,な
69.386,69.52,-1,0,<24></c><1>君なし</c><39>で大正解</c><24></c>,し
69.52,69.753,-1,0,<24></c><1>君なしで</c><39>大正解</c><24></c>,で
69.753,70.187,-1,0,<24></c><1>君なしで大</c><39>正解</c><24></c>,大
70.187,70.621,-1,0,<24></c><1>君なしで大正</c><39>解</c><24></c>,正
70.621,71.088,-1,0,<24></c><1>君なしで大正解</c><24></c>,解
71.088,71.221,-1,0,<24></c><38>get</c><39>chaoutmylifeboy</c><24></c>,get
71.221,71.321,-1,0,<24></c><38>getcha</c><39>outmylifeboy</c><24></c>,cha
71.321,71.555,-1,0,<24></c><38>getchaout</c><39>mylifeboy</c><24></c>,out
71.555,71.789,-1,0,<24></c><38>getchaoutmy</c><39>lifeboy</c><24></c>,my
71.789,72.122,-1,0,<24></c><38>getchaoutmylife</c><39>boy</c><24></c>,life
72.122,72.489,-1,0,<24></c><38>getchaoutmylifeboy</c><24></c>,boy
72.489,72.656,58,0,<24></c><38>i\'ll</c><39>getchagetchagetcha!</c><24></c>,i\'ll
72.656,72.856,58,0,<24></c><38>i\'llget</c><39>chagetchagetcha!</c><24></c>,get
72.856,73.123,58,0,<24></c><38>i\'llgetcha</c><39>getchagetcha!</c><24></c>,cha
73.123,73.323,58,0,<24></c><38>i\'llgetchaget</c><39>chagetcha!</c><24></c>,get
73.323,73.59,58,0,<24></c><38>i\'llgetchagetcha</c><39>getcha!</c><24></c>,cha
73.59,73.757,58,0,<24></c><38>i\'llgetchagetchaget</c><39>cha!</c><24></c>,get
73.757,74.058,58,0,<24></c><38>i\'llgetchagetchagetcha!</c><24></c>,cha!
74.725,74.825,89,0,<24></c><38>(get</c><39>chaoutmylifeboygetchaoutmylifeboy)</c><24></c>,(get
74.825,74.925,89,0,<24></c><38>(getcha</c><39>outmylifeboygetchaoutmylifeboy)</c><24></c>,cha
74.925,75.159,89,0,<24></c><38>(getchaout</c><39>mylifeboygetchaoutmylifeboy)</c><24></c>,out
75.159,75.426,89,0,<24></c><38>(getchaoutmy</c><39>lifeboygetchaoutmylifeboy)</c><24></c>,my
75.426,75.759,89,0,<24></c><38>(getchaoutmylife</c><39>boygetchaoutmylifeboy)</c><24></c>,life
75.759,76.093,89,0,<24></c><38>(getchaoutmylifeboy</c><39>getchaoutmylifeboy)</c><24></c>,boy
76.093,76.193,89,0,<24></c><38>(getchaoutmylifeboyget</c><39>chaoutmylifeboy)</c><24></c>,get
76.193,76.326,89,0,<24></c><38>(getchaoutmylifeboygetcha</c><39>outmylifeboy)</c><24></c>,cha
76.326,76.56,89,0,<24></c><38>(getchaoutmylifeboygetchaout</c><39>mylifeboy)</c><24></c>,out
76.56,76.794,89,0,<24></c><38>(getchaoutmylifeboygetchaoutmy</c><39>lifeboy)</c><24></c>,my
76.794,77.127,89,0,<24></c><38>(getchaoutmylifeboygetchaoutmylife</c><39>boy)</c><24></c>,life
77.127,77.461,89,0,<24></c><38>(getchaoutmylifeboygetchaoutmylifeboy)</c><24></c>,boy)
78.362,78.462,98,0,<24></c><38>(get</c><39>chaoutmylifeboyi\'llgetchagetchagetcha!)</c><24></c>,(get
78.462,78.562,98,0,<24></c><38>(getcha</c><39>outmylifeboyi\'llgetchagetchagetcha!)</c><24></c>,cha
78.562,78.796,98,0,<24></c><38>(getchaout</c><39>mylifeboyi\'llgetchagetchagetcha!)</c><24></c>,out
78.796,79.029,98,0,<24></c><38>(getchaoutmy</c><39>lifeboyi\'llgetchagetchagetcha!)</c><24></c>,my
79.029,79.396,98,0,<24></c><38>(getchaoutmylife</c><39>boyi\'llgetchagetchagetcha!)</c><24></c>,life
79.396,79.696,98,0,<24></c><38>(getchaoutmylifeboy</c><39>i\'llgetchagetchagetcha!)</c><24></c>,boy
79.696,79.93,98,0,<24></c><38>(getchaoutmylifeboyi\'ll</c><39>getchagetchagetcha!)</c><24></c>,i\'ll
79.93,80.13,98,0,<24></c><38>(getchaoutmylifeboyi\'llget</c><39>chagetchagetcha!)</c><24></c>,get
80.13,80.397,98,0,<24></c><38>(getchaoutmylifeboyi\'llgetcha</c><39>getchagetcha!)</c><24></c>,cha
80.397,80.564,98,0,<24></c><38>(getchaoutmylifeboyi\'llgetchaget</c><39>chagetcha!)</c><24></c>,get
80.564,80.864,98,0,<24></c><38>(getchaoutmylifeboyi\'llgetchagetcha</c><39>getcha!)</c><24></c>,cha
80.864,81.098,98,0,<24></c><38>(getchaoutmylifeboyi\'llgetchagetchaget</c><39>cha!)</c><24></c>,get
81.098,81.532,98,0,<24></c><38>(getchaoutmylifeboyi\'llgetchagetchagetcha!)</c><24></c>,cha!)
81.532,82.166,-1,0,<24></c><38>oops!</c><39>deletedyournumber</c><24></c>,oops!
82.166,82.299,-1,0,<24></c><38>oops!de</c><39>letedyournumber</c><24></c>,de
82.299,82.433,-1,0,<24></c><38>oops!delet</c><39>edyournumber</c><24></c>,let
82.433,82.533,-1,0,<24></c><38>oops!deleted</c><39>yournumber</c><24></c>,ed
82.533,82.699,-1,0,<24></c><38>oops!deletedyour</c><39>number</c><24></c>,your
82.699,82.933,-1,0,<24></c><38>oops!deletedyournum</c><39>ber</c><24></c>,num
82.933,83.133,-1,0,<24></c><38>oops!deletedyournumber</c><24></c>,ber
83.133,83.267,80,0,<24></c><38>all</c><39>ofmyfriendsusedtowarnmeaboutya</c><24></c>,all
83.267,83.367,80,0,<24></c><38>allof</c><39>myfriendsusedtowarnmeaboutya</c><24></c>,of
83.367,83.567,80,0,<24></c><38>allofmy</c><39>friendsusedtowarnmeaboutya</c><24></c>,my
83.567,83.7,80,0,<24></c><38>allofmyfriends</c><39>usedtowarnmeaboutya</c><24></c>,friends
83.7,83.834,80,0,<24></c><38>allofmyfriendsused</c><39>towarnmeaboutya</c><24></c>,used
83.834,84.034,80,0,<24></c><38>allofmyfriendsusedto</c><39>warnmeaboutya</c><24></c>,to
84.034,84.234,80,0,<24></c><38>allofmyfriendsusedtowarn</c><39>meaboutya</c><24></c>,warn
84.234,84.334,80,0,<24></c><38>allofmyfriendsusedtowarnme</c><39>aboutya</c><24></c>,me
84.334,84.468,80,0,<24></c><38>allofmyfriendsusedtowarnmea</c><39>boutya</c><24></c>,a
84.468,84.668,80,0,<24></c><38>allofmyfriendsusedtowarnmeabout</c><39>ya</c><24></c>,bout
84.668,84.935,80,0,<24></c><38>allofmyfriendsusedtowarnmeaboutya</c><24></c>,ya
84.935,85.102,80,0,<24></c><38>ba</c><39>byithoughtthaticouldn\'twithoutya</c><24></c>,ba
85.102,85.235,80,0,<24></c><38>baby</c><39>ithoughtthaticouldn\'twithoutya</c><24></c>,by
85.235,85.402,80,0,<24></c><38>babyi</c><39>thoughtthaticouldn\'twithoutya</c><24></c>,i
85.402,85.536,80,0,<24></c><38>babyithought</c><39>thaticouldn\'twithoutya</c><24></c>,thought
85.536,85.669,80,0,<24></c><38>babyithoughtthat</c><39>icouldn\'twithoutya</c><24></c>,that
85.669,85.836,80,0,<24></c><38>babyithoughtthati</c><39>couldn\'twithoutya</c><24></c>,i
85.836,86.036,80,0,<24></c><38>babyithoughtthaticould</c><39>n\'twithoutya</c><24></c>,could
86.036,86.17,80,0,<24></c><38>babyithoughtthaticouldn\'t</c><39>withoutya</c><24></c>,n\'t
86.17,86.303,80,0,<24></c><38>babyithoughtthaticouldn\'twith</c><39>outya</c><24></c>,with
86.303,86.47,80,0,<24></c><38>babyithoughtthaticouldn\'twithout</c><39>ya</c><24></c>,out
86.47,86.77,80,0,<24></c><38>babyithoughtthaticouldn\'twithoutya</c><24></c>,ya
86.77,86.904,73,0,<24></c><38>i</c><39>gotmyselfnowidon\'tneednoother</c><24></c>,i
86.904,87.004,73,0,<24></c><38>igot</c><39>myselfnowidon\'tneednoother</c><24></c>,got
87.004,87.237,73,0,<24></c><38>igotmy</c><39>selfnowidon\'tneednoother</c><24></c>,my
87.237,87.404,73,0,<24></c><38>igotmyself</c><39>nowidon\'tneednoother</c><24></c>,self
87.404,87.504,73,0,<24></c><38>igotmyselfnow</c><39>idon\'tneednoother</c><24></c>,now
87.504,87.671,73,0,<24></c><38>igotmyselfnowi</c><39>don\'tneednoother</c><24></c>,i
87.671,87.805,73,0,<24></c><38>igotmyselfnowidon\'t</c><39>neednoother</c><24></c>,don\'t
87.805,87.905,73,0,<24></c><38>igotmyselfnowidon\'tneed</c><39>noother</c><24></c>,need
87.905,88.105,73,0,<24></c><38>igotmyselfnowidon\'tneedno</c><39>other</c><24></c>,no
88.105,88.605,73,0,<24></c><38>igotmyselfnowidon\'tneednooth</c><39>er</c><24></c>,oth
88.605,88.806,73,0,<24></c><38>igotmyselfnowidon\'tneednoother</c><24></c>,er
88.806,89.039,-1,0,<24></c><1>(ah</c><39>yeah)</c><24></c>,(ah
89.039,89.306,-1,0,<24></c><1>(ahyeah)</c><24></c>,yeah)
89.306,89.473,-1,0,<24></c><1>もう</c><39>息も止まるときめきすらない今</c><24></c>,もう
89.473,89.84,-1,0,<24></c><1>もう息</c><39>も止まるときめきすらない今</c><24></c>,息
89.84,89.973,-1,0,<24></c><1>もう息も</c><39>止まるときめきすらない今</c><24></c>,も
89.973,90.107,-1,0,<24></c><1>もう息も止</c><39>まるときめきすらない今</c><24></c>,止
90.107,90.274,-1,0,<24></c><1>もう息も止ま</c><39>るときめきすらない今</c><24></c>,ま
90.274,90.441,-1,0,<24></c><1>もう息も止まる</c><39>ときめきすらない今</c><24></c>,る
90.441,90.574,-1,0,<24></c><1>もう息も止まると</c><39>きめきすらない今</c><24></c>,と
90.574,90.741,-1,0,<24></c><1>もう息も止まるとき</c><39>めきすらない今</c><24></c>,き
90.741,90.874,-1,0,<24></c><1>もう息も止まるときめ</c><39>きすらない今</c><24></c>,め
90.874,91.075,-1,0,<24></c><1>もう息も止まるときめき</c><39>すらない今</c><24></c>,き
91.075,91.208,-1,0,<24></c><1>もう息も止まるときめきす</c><39>らない今</c><24></c>,す
91.208,91.341,-1,0,<24></c><1>もう息も止まるときめきすら</c><39>ない今</c><24></c>,ら
91.341,91.475,-1,0,<24></c><1>もう息も止まるときめきすらな</c><39>い今</c><24></c>,な
91.475,91.575,-1,0,<24></c><1>もう息も止まるときめきすらない</c><39>今</c><24></c>,い
91.575,92.242,-1,0,<24></c><1>もう息も止まるときめきすらない今</c><24></c>,今
92.242,92.476,66,0,<24></c><1>酸</c><39>素吸ってはいっちょ泳いでくかlikenanananana</c><24></c>,酸
92.476,92.709,66,0,<24></c><1>酸素</c><39>吸ってはいっちょ泳いでくかlikenanananana</c><24></c>,素
92.709,92.91,66,0,<24></c><1>酸素吸っ</c><39>てはいっちょ泳いでくかlikenanananana</c><24></c>,吸っ
92.91,93.01,66,0,<24></c><1>酸素吸って</c><39>はいっちょ泳いでくかlikenanananana</c><24></c>,て
93.01,93.11,66,0,<24></c><1>酸素吸っては</c><39>いっちょ泳いでくかlikenanananana</c><24></c>,は
93.11,93.377,66,0,<24></c><1>酸素吸ってはいっ</c><39>ちょ泳いでくかlikenanananana</c><24></c>,いっ
93.377,93.544,66,0,<24></c><1>酸素吸ってはいっちょ</c><39>泳いでくかlikenanananana</c><24></c>,ちょ
93.544,93.71,66,0,<24></c><1>酸素吸ってはいっちょ泳</c><39>いでくかlikenanananana</c><24></c>,泳
93.71,93.844,66,0,<24></c><1>酸素吸ってはいっちょ泳い</c><39>でくかlikenanananana</c><24></c>,い
93.844,93.977,66,0,<24></c><1>酸素吸ってはいっちょ泳いで</c><39>くかlikenanananana</c><24></c>,で
93.977,94.078,66,0,<24></c><1>酸素吸ってはいっちょ泳いでく</c><39>かlikenanananana</c><24></c>,く
94.078,94.278,66,0,<24></c><1>酸素吸ってはいっちょ泳いでくか</c><39>likenanananana</c><24></c>,か
94.278,94.511,66,0,<24></c><1>酸素吸ってはいっちょ泳いでくかlike</c><39>nanananana</c><24></c>,like
94.511,94.978,66,0,<24></c><1>酸素吸ってはいっちょ泳いでくかlikena</c><39>nananana</c><24></c>,na
94.978,95.212,66,0,<24></c><1>酸素吸ってはいっちょ泳いでくかlikenana</c><39>nanana</c><24></c>,na
95.212,95.446,66,0,<24></c><1>酸素吸ってはいっちょ泳いでくかlikenanana</c><39>nana</c><24></c>,na
95.446,95.913,66,0,<24></c><1>酸素吸ってはいっちょ泳いでくかlikenananana</c><39>na</c><24></c>,na
95.913,96.547,66,0,<24></c><1>酸素吸ってはいっちょ泳いでくかlikenanananana</c><24></c>,na
96.547,96.647,98,0,<24></c><38>i</c><39>don\'twantthehandbagsthemoneyorthediamondrings</c><24></c>,i
96.647,96.78,98,0,<24></c><38>idon\'t</c><39>wantthehandbagsthemoneyorthediamondrings</c><24></c>,don\'t
96.78,97.014,98,0,<24></c><38>idon\'twant</c><39>thehandbagsthemoneyorthediamondrings</c><24></c>,want
97.014,97.214,98,0,<24></c><38>idon\'twantthe</c><39>handbagsthemoneyorthediamondrings</c><24></c>,the
97.214,97.581,98,0,<24></c><38>idon\'twantthehand</c><39>bagsthemoneyorthediamondrings</c><24></c>,hand
97.581,97.948,98,0,<24></c><38>idon\'twantthehandbags</c><39>themoneyorthediamondrings</c><24></c>,bags
97.948,98.148,98,0,<24></c><38>idon\'twantthehandbagsthe</c><39>moneyorthediamondrings</c><24></c>,the
98.148,98.382,98,0,<24></c><38>idon\'twantthehandbagsthemon</c><39>eyorthediamondrings</c><24></c>,mon
98.382,98.615,98,0,<24></c><38>idon\'twantthehandbagsthemoney</c><39>orthediamondrings</c><24></c>,ey
98.615,98.849,98,0,<24></c><38>idon\'twantthehandbagsthemoneyor</c><39>thediamondrings</c><24></c>,or
98.849,99.049,98,0,<24></c><38>idon\'twantthehandbagsthemoneyorthe</c><39>diamondrings</c><24></c>,the
99.049,99.216,98,0,<24></c><38>idon\'twantthehandbagsthemoneyorthedi</c><39>amondrings</c><24></c>,di
99.216,99.283,98,0,<24></c><38>idon\'twantthehandbagsthemoneyorthedia</c><39>mondrings</c><24></c>,a
99.283,99.516,98,0,<24></c><38>idon\'twantthehandbagsthemoneyorthediamond</c><39>rings</c><24></c>,mond
99.516,100.184,98,0,<24></c><38>idon\'twantthehandbagsthemoneyorthediamondrings</c><24></c>,rings
100.184,100.417,98,0,<24></c><38>\'cause</c><39>guyslikeyoutheyalldon\'tcareaboutthelittlethings</c><24></c>,\'cause
100.417,100.651,98,0,<24></c><38>\'causeguys</c><39>likeyoutheyalldon\'tcareaboutthelittlethings</c><24></c>,guys
100.651,100.851,98,0,<24></c><38>\'causeguyslike</c><39>youtheyalldon\'tcareaboutthelittlethings</c><24></c>,like
100.851,101.118,98,0,<24></c><38>\'causeguyslikeyou</c><39>theyalldon\'tcareaboutthelittlethings</c><24></c>,you
101.118,101.251,98,0,<24></c><38>\'causeguyslikeyouthey</c><39>alldon\'tcareaboutthelittlethings</c><24></c>,they
101.251,101.552,98,0,<24></c><38>\'causeguyslikeyoutheyall</c><39>don\'tcareaboutthelittlethings</c><24></c>,all
101.552,101.752,98,0,<24></c><38>\'causeguyslikeyoutheyalldon\'t</c><39>careaboutthelittlethings</c><24></c>,don\'t
101.752,102.019,98,0,<24></c><38>\'causeguyslikeyoutheyalldon\'tcare</c><39>aboutthelittlethings</c><24></c>,care
102.019,102.252,98,0,<24></c><38>\'causeguyslikeyoutheyalldon\'tcarea</c><39>boutthelittlethings</c><24></c>,a
102.252,102.453,98,0,<24></c><38>\'causeguyslikeyoutheyalldon\'tcareabout</c><39>thelittlethings</c><24></c>,bout
102.453,102.686,98,0,<24></c><38>\'causeguyslikeyoutheyalldon\'tcareaboutthe</c><39>littlethings</c><24></c>,the
102.686,102.92,98,0,<24></c><38>\'causeguyslikeyoutheyalldon\'tcareaboutthelit</c><39>tlethings</c><24></c>,lit
102.92,103.153,98,0,<24></c><38>\'causeguyslikeyoutheyalldon\'tcareaboutthelittle</c><39>things</c><24></c>,tle
103.153,103.387,98,0,<24></c><38>\'causeguyslikeyoutheyalldon\'tcareaboutthelittlethings</c><24></c>,things
103.387,103.587,-1,0,<24></c><1>そう</c><39>everyday自己愛は順調で</c><24></c>,そう
103.587,103.921,-1,0,<24></c><1>そうeve</c><39>ryday自己愛は順調で</c><24></c>,eve
103.921,104.288,-1,0,<24></c><1>そうevery</c><39>day自己愛は順調で</c><24></c>,ry
104.288,104.721,-1,0,<24></c><1>そうeveryday</c><39>自己愛は順調で</c><24></c>,day
104.721,104.855,-1,0,<24></c><1>そうeveryday自</c><39>己愛は順調で</c><24></c>,自
104.855,104.955,-1,0,<24></c><1>そうeveryday自己</c><39>愛は順調で</c><24></c>,己
104.955,105.222,-1,0,<24></c><1>そうeveryday自己愛</c><39>は順調で</c><24></c>,愛
105.222,105.422,-1,0,<24></c><1>そうeveryday自己愛は</c><39>順調で</c><24></c>,は
105.422,105.756,-1,0,<24></c><1>そうeveryday自己愛は順</c><39>調で</c><24></c>,順
105.756,106.123,-1,0,<24></c><1>そうeveryday自己愛は順調</c><39>で</c><24></c>,調
106.123,106.557,-1,0,<24></c><1>そうeveryday自己愛は順調で</c><24></c>,で
106.557,106.79,-1,0,<24></c><1>先</c><39>手打ち勝ち賞金攫ってbyebabe</c><24></c>,先
106.79,107.024,-1,0,<24></c><1>先手</c><39>打ち勝ち賞金攫ってbyebabe</c><24></c>,手
107.024,107.124,-1,0,<24></c><1>先手打</c><39>ち勝ち賞金攫ってbyebabe</c><24></c>,打
107.124,107.224,-1,0,<24></c><1>先手打ち</c><39>勝ち賞金攫ってbyebabe</c><24></c>,ち
107.224,107.324,-1,0,<24></c><1>先手打ち勝</c><39>ち賞金攫ってbyebabe</c><24></c>,勝
107.324,107.424,-1,0,<24></c><1>先手打ち勝ち</c><39>賞金攫ってbyebabe</c><24></c>,ち
107.424,107.691,-1,0,<24></c><1>先手打ち勝ち賞</c><39>金攫ってbyebabe</c><24></c>,賞
107.691,107.925,-1,0,<24></c><1>先手打ち勝ち賞金</c><39>攫ってbyebabe</c><24></c>,金
107.925,108.358,-1,0,<24></c><1>先手打ち勝ち賞金攫っ</c><39>てbyebabe</c><24></c>,攫っ
108.358,108.592,-1,0,<24></c><1>先手打ち勝ち賞金攫って</c><39>byebabe</c><24></c>,て
108.592,108.859,-1,0,<24></c><1>先手打ち勝ち賞金攫ってbye</c><39>babe</c><24></c>,bye
108.859,109.026,-1,0,<24></c><1>先手打ち勝ち賞金攫ってbyebabe</c><24></c>,babe
111.095,111.328,84,0,<24></c><38>i\'m</c><39>movingonandi\'mnevereverturningback</c><24></c>,i\'m
111.328,111.562,84,0,<24></c><38>i\'mmov</c><39>ingonandi\'mnevereverturningback</c><24></c>,mov
111.562,111.762,84,0,<24></c><38>i\'mmoving</c><39>onandi\'mnevereverturningback</c><24></c>,ing
111.762,112.229,84,0,<24></c><38>i\'mmovingon</c><39>andi\'mnevereverturningback</c><24></c>,on
112.229,112.463,84,0,<24></c><38>i\'mmovingonand</c><39>i\'mnevereverturningback</c><24></c>,and
112.463,112.663,84,0,<24></c><38>i\'mmovingonandi\'m</c><39>nevereverturningback</c><24></c>,i\'m
112.663,112.93,84,0,<24></c><38>i\'mmovingonandi\'mnev</c><39>ereverturningback</c><24></c>,nev
112.93,113.13,84,0,<24></c><38>i\'mmovingonandi\'mnever</c><39>everturningback</c><24></c>,er
113.13,113.363,84,0,<24></c><38>i\'mmovingonandi\'mneverev</c><39>erturningback</c><24></c>,ev
113.363,113.597,84,0,<24></c><38>i\'mmovingonandi\'mneverever</c><39>turningback</c><24></c>,er
113.597,113.831,84,0,<24></c><38>i\'mmovingonandi\'mnevereverturn</c><39>ingback</c><24></c>,turn
113.831,114.064,84,0,<24></c><38>i\'mmovingonandi\'mnevereverturning</c><39>back</c><24></c>,ing
114.064,114.264,84,0,<24></c><38>i\'mmovingonandi\'mnevereverturningback</c><24></c>,back
114.264,114.498,58,0,<24></c><38>a</c><39>roundaroundaroundagain</c><24></c>,a
114.498,115.199,58,0,<24></c><38>around</c><39>aroundaroundagain</c><24></c>,round
115.199,115.399,58,0,<24></c><38>arounda</c><39>roundaroundagain</c><24></c>,a
115.399,116.1,58,0,<24></c><38>aroundaround</c><39>aroundagain</c><24></c>,round
116.1,116.333,58,0,<24></c><38>aroundarounda</c><39>roundagain</c><24></c>,a
116.333,116.567,58,0,<24></c><38>aroundaroundaround</c><39>again</c><24></c>,round
116.567,116.8,58,0,<24></c><38>aroundaroundarounda</c><39>gain</c><24></c>,a
116.8,117.234,58,0,<24></c><38>aroundaroundaroundagain</c><24></c>,gain
117.234,117.701,72,0,<24></c><38>now</c><39>i\'llgohigherandi\'llgohigher</c><24></c>,now
117.701,117.901,72,0,<24></c><38>nowi\'ll</c><39>gohigherandi\'llgohigher</c><24></c>,i\'ll
117.901,118.135,72,0,<24></c><38>nowi\'llgo</c><39>higherandi\'llgohigher</c><24></c>,go
118.135,118.802,72,0,<24></c><38>nowi\'llgohigh</c><39>erandi\'llgohigher</c><24></c>,high
118.802,119.269,72,0,<24></c><38>nowi\'llgohigher</c><39>andi\'llgohigher</c><24></c>,er
119.269,119.47,72,0,<24></c><38>nowi\'llgohigherand</c><39>i\'llgohigher</c><24></c>,and
119.47,119.736,72,0,<24></c><38>nowi\'llgohigherandi\'ll</c><39>gohigher</c><24></c>,i\'ll
119.736,119.97,72,0,<24></c><38>nowi\'llgohigherandi\'llgo</c><39>higher</c><24></c>,go
119.97,120.637,72,0,<24></c><38>nowi\'llgohigherandi\'llgohigh</c><39>er</c><24></c>,high
120.637,121.105,72,0,<24></c><38>nowi\'llgohigherandi\'llgohigher</c><24></c>,er
121.105,121.305,80,0,<24></c><38>and</c><39>youcouldn\'ttakemedownifyoutried</c><24></c>,and
121.305,121.505,80,0,<24></c><38>andyou</c><39>couldn\'ttakemedownifyoutried</c><24></c>,you
121.505,122.039,80,0,<24></c><38>andyoucould</c><39>n\'ttakemedownifyoutried</c><24></c>,could
122.039,122.272,80,0,<24></c><38>andyoucouldn\'t</c><39>takemedownifyoutried</c><24></c>,n\'t
122.272,122.473,80,0,<24></c><38>andyoucouldn\'ttake</c><39>medownifyoutried</c><24></c>,take
122.473,122.706,80,0,<24></c><38>andyoucouldn\'ttakeme</c><39>downifyoutried</c><24></c>,me
122.706,123.14,80,0,<24></c><38>andyoucouldn\'ttakemedown</c><39>ifyoutried</c><24></c>,down
123.14,123.373,80,0,<24></c><38>andyoucouldn\'ttakemedownif</c><39>youtried</c><24></c>,if
123.373,123.64,80,0,<24></c><38>andyoucouldn\'ttakemedownifyou</c><39>tried</c><24></c>,you
123.64,124.475,80,0,<24></c><38>andyoucouldn\'ttakemedownifyoutried</c><24></c>,tried
124.908,125.175,-1,0,<24></c><1>ば</c><39>ら撒いてた愛取り返し撤退だ</c><24></c>,ば
125.175,125.375,-1,0,<24></c><1>ばら</c><39>撒いてた愛取り返し撤退だ</c><24></c>,ら
125.375,125.576,-1,0,<24></c><1>ばら撒</c><39>いてた愛取り返し撤退だ</c><24></c>,撒
125.576,125.843,-1,0,<24></c><1>ばら撒い</c><39>てた愛取り返し撤退だ</c><24></c>,い
125.843,126.076,-1,0,<24></c><1>ばら撒いて</c><39>た愛取り返し撤退だ</c><24></c>,て
126.076,126.31,-1,0,<24></c><1>ばら撒いてた</c><39>愛取り返し撤退だ</c><24></c>,た
126.31,126.743,-1,0,<24></c><1>ばら撒いてた愛</c><39>取り返し撤退だ</c><24></c>,愛
126.743,126.977,-1,0,<24></c><1>ばら撒いてた愛取</c><39>り返し撤退だ</c><24></c>,取
126.977,127.177,-1,0,<24></c><1>ばら撒いてた愛取り</c><39>返し撤退だ</c><24></c>,り
127.177,127.644,-1,0,<24></c><1>ばら撒いてた愛取り返</c><39>し撤退だ</c><24></c>,返
127.644,127.878,-1,0,<24></c><1>ばら撒いてた愛取り返し</c><39>撤退だ</c><24></c>,し
127.878,128.345,-1,0,<24></c><1>ばら撒いてた愛取り返し撤</c><39>退だ</c><24></c>,撤
128.345,128.779,-1,0,<24></c><1>ばら撒いてた愛取り返し撤退</c><39>だ</c><24></c>,退
128.779,129.279,-1,0,<24></c><1>ばら撒いてた愛取り返し撤退だ</c><24></c>,だ
129.279,129.513,61,0,<24></c><38>now</c><39>icanfinallyopenmyeyes</c><24></c>,now
129.513,129.713,61,0,<24></c><38>nowi</c><39>canfinallyopenmyeyes</c><24></c>,i
129.713,129.947,61,0,<24></c><38>nowican</c><39>finallyopenmyeyes</c><24></c>,can
129.947,130.214,61,0,<24></c><38>nowicanfi</c><39>nallyopenmyeyes</c><24></c>,fi
130.214,130.414,61,0,<24></c><38>nowicanfinal</c><39>lyopenmyeyes</c><24></c>,nal
130.414,130.647,61,0,<24></c><38>nowicanfinally</c><39>openmyeyes</c><24></c>,ly
130.647,131.115,61,0,<24></c><38>nowicanfinallyo</c><39>penmyeyes</c><24></c>,o
131.115,131.315,61,0,<24></c><38>nowicanfinallyopen</c><39>myeyes</c><24></c>,pen
131.315,131.548,61,0,<24></c><38>nowicanfinallyopenmy</c><39>eyes</c><24></c>,my
131.548,132.216,61,0,<24></c><38>nowicanfinallyopenmyeyes</c><24></c>,eyes
132.216,132.683,-1,0,<24></c><1>今</c><39>までにない待ちわびた最終回</c><24></c>,今
132.683,133.117,-1,0,<24></c><1>今ま</c><39>でにない待ちわびた最終回</c><24></c>,ま
133.117,133.35,-1,0,<24></c><1>今まで</c><39>にない待ちわびた最終回</c><24></c>,で
133.35,133.584,-1,0,<24></c><1>今までに</c><39>ない待ちわびた最終回</c><24></c>,に
133.584,133.784,-1,0,<24></c><1>今までにな</c><39>い待ちわびた最終回</c><24></c>,な
133.784,134.017,-1,0,<24></c><1>今までにない</c><39>待ちわびた最終回</c><24></c>,い
134.017,134.251,-1,0,<24></c><1>今までにない待</c><39>ちわびた最終回</c><24></c>,待
134.251,134.485,-1,0,<24></c><1>今までにない待ち</c><39>わびた最終回</c><24></c>,ち
134.485,134.718,-1,0,<24></c><1>今までにない待ちわ</c><39>びた最終回</c><24></c>,わ
134.718,134.952,-1,0,<24></c><1>今までにない待ちわび</c><39>た最終回</c><24></c>,び
134.952,135.185,-1,0,<24></c><1>今までにない待ちわびた</c><39>最終回</c><24></c>,た
135.185,135.619,-1,0,<24></c><1>今までにない待ちわびた最</c><39>終回</c><24></c>,最
135.619,136.053,-1,0,<24></c><1>今までにない待ちわびた最終</c><39>回</c><24></c>,終
136.053,136.487,-1,0,<24></c><1>今までにない待ちわびた最終回</c><24></c>,回
136.487,136.62,-1,0,<24></c><38>get</c><39>chaoutmylifeboy</c><24></c>,get
136.62,136.753,-1,0,<24></c><38>getcha</c><39>outmylifeboy</c><24></c>,cha
136.753,136.987,-1,0,<24></c><38>getchaout</c><39>mylifeboy</c><24></c>,out
136.987,137.221,-1,0,<24></c><38>getchaoutmy</c><39>lifeboy</c><24></c>,my
137.221,137.554,-1,0,<24></c><38>getchaoutmylife</c><39>boy</c><24></c>,life
137.554,137.921,-1,0,<24></c><38>getchaoutmylifeboy</c><24></c>,boy
137.921,138.122,58,0,<24></c><38>i\'ll</c><39>getchagetchagetcha!</c><24></c>,i\'ll
138.122,138.355,58,0,<24></c><38>i\'llget</c><39>chagetchagetcha!</c><24></c>,get
138.355,138.589,58,0,<24></c><38>i\'llgetcha</c><39>getchagetcha!</c><24></c>,cha
138.589,138.822,58,0,<24></c><38>i\'llgetchaget</c><39>chagetcha!</c><24></c>,get
138.822,139.056,58,0,<24></c><38>i\'llgetchagetcha</c><39>getcha!</c><24></c>,cha
139.056,139.256,58,0,<24></c><38>i\'llgetchagetchaget</c><39>cha!</c><24></c>,get
139.256,139.49,58,0,<24></c><38>i\'llgetchagetchagetcha!</c><24></c>,cha!
141.291,141.592,61,0,<24></c><38>all</c><39>theliesandeverymistake</c><24></c>,all
141.592,141.758,61,0,<24></c><38>allthe</c><39>liesandeverymistake</c><24></c>,the
141.758,142.226,61,0,<24></c><38>allthelies</c><39>andeverymistake</c><24></c>,lies
142.226,142.493,61,0,<24></c><38>alltheliesand</c><39>everymistake</c><24></c>,and
142.493,142.926,61,0,<24></c><38>alltheliesandeve</c><39>rymistake</c><24></c>,eve
142.926,143.427,61,0,<24></c><38>alltheliesandevery</c><39>mistake</c><24></c>,ry
143.427,144.027,61,0,<24></c><38>alltheliesandeverymis</c><39>take</c><24></c>,mis
144.027,144.962,61,0,<24></c><38>alltheliesandeverymistake</c><24></c>,take
144.962,145.262,69,0,<24></c><38>all</c><39>thegoodbyesandtheheartbreak</c><24></c>,all
145.262,145.429,69,0,<24></c><38>allthe</c><39>goodbyesandtheheartbreak</c><24></c>,the
145.429,145.863,69,0,<24></c><38>allthegood</c><39>byesandtheheartbreak</c><24></c>,good
145.863,146.163,69,0,<24></c><38>allthegoodbyes</c><39>andtheheartbreak</c><24></c>,byes
146.163,146.63,69,0,<24></c><38>allthegoodbyesand</c><39>theheartbreak</c><24></c>,and
146.63,147.064,69,0,<24></c><38>allthegoodbyesandthe</c><39>heartbreak</c><24></c>,the
147.064,147.698,69,0,<24></c><38>allthegoodbyesandtheheart</c><39>break</c><24></c>,heart
147.698,148.565,69,0,<24></c><38>allthegoodbyesandtheheartbreak</c><24></c>,break
148.565,148.799,-1,0,<24></c><1>枯</c><39>れ切った涙さえ</c><24></c>,枯
148.799,149.032,-1,0,<24></c><1>枯れ</c><39>切った涙さえ</c><24></c>,れ
149.032,149.266,-1,0,<24></c><1>枯れ切</c><39>った涙さえ</c><24></c>,切
149.266,149.5,-1,0,<24></c><1>枯れ切っ</c><39>た涙さえ</c><24></c>,っ
149.5,149.733,-1,0,<24></c><1>枯れ切った</c><39>涙さえ</c><24></c>,た
149.733,151.135,-1,0,<24></c><1>枯れ切った涙</c><39>さえ</c><24></c>,涙
151.135,151.301,-1,0,<24></c><1>枯れ切った涙さ</c><39>え</c><24></c>,さ
151.301,151.768,-1,0,<24></c><1>枯れ切った涙さえ</c><24></c>,え
151.768,152.503,-1,0,<24></c><1>no</c><39>more</c><24></c>,no
152.503,154.505,-1,0,<24></c><1>nomore</c><24></c>,more
155.839,156.306,-1,0,<24></c><38>break!!</c><24></c>,break!!
157.441,157.641,-1,0,<24></c><1>(</c><2>i</c><5>t</c><8>\'</c><10>s</c><39>gigaandkira)</c><24></c>,(it\'s
157.641,158.108,-1,0,<24></c><1>(</c><2>i</c><5>t</c><8>\'</c><10>s</c><12>g</c><15>i</c><39>gaandkira)</c><24></c>,gi
158.108,158.575,58,0,<24></c><1>(</c><2>i</c><5>t</c><8>\'</c><10>s</c><12>g</c><15>i</c><18>g</c><19>a</c><39>andkira)</c><24></c>,ga
158.575,158.775,63,0,<24></c><1>(</c><2>i</c><5>t</c><8>\'</c><10>s</c><12>g</c><15>i</c><18>g</c><19>a</c><20>a</c><23>n</c><27>d</c><39>kira)</c><24></c>,and
158.775,159.476,66,0,<24></c><1>(</c><2>i</c><5>t</c><8>\'</c><10>s</c><12>g</c><15>i</c><18>g</c><19>a</c><20>a</c><23>n</c><27>d</c><29>k</c><31>i</c><39>ra)</c><24></c>,ki
159.476,159.977,69,0,<24></c><1>(</c><2>i</c><5>t</c><8>\'</c><10>s</c><12>g</c><15>i</c><18>g</c><19>a</c><20>a</c><23>n</c><27>d</c><29>k</c><31>i</c><34>r</c><37>a</c><38>)</c><24></c>,ra)
162.412,162.679,-1,0,<24></c><38>you</c><39>ready?</c><24></c>,you
162.679,162.813,-1,0,<24></c><38>youread</c><39>y?</c><24></c>,read
162.813,163.147,-1,0,<24></c><38>youready?</c><24></c>,y?
163.814,163.947,89,0,<24></c><38>(get</c><39>chaoutmylifeboygetchaoutmylifeboy)</c><24></c>,(get
163.947,164.047,89,0,<24></c><38>(getcha</c><39>outmylifeboygetchaoutmylifeboy)</c><24></c>,cha
164.047,164.281,89,0,<24></c><38>(getchaout</c><39>mylifeboygetchaoutmylifeboy)</c><24></c>,out
164.281,164.515,89,0,<24></c><38>(getchaoutmy</c><39>lifeboygetchaoutmylifeboy)</c><24></c>,my
164.515,164.848,89,0,<24></c><38>(getchaoutmylife</c><39>boygetchaoutmylifeboy)</c><24></c>,life
164.848,165.182,89,0,<24></c><38>(getchaoutmylifeboy</c><39>getchaoutmylifeboy)</c><24></c>,boy
165.182,165.282,89,0,<24></c><38>(getchaoutmylifeboyget</c><39>chaoutmylifeboy)</c><24></c>,get
165.282,165.415,89,0,<24></c><38>(getchaoutmylifeboygetcha</c><39>outmylifeboy)</c><24></c>,cha
165.415,165.649,89,0,<24></c><38>(getchaoutmylifeboygetchaout</c><39>mylifeboy)</c><24></c>,out
165.649,165.883,89,0,<24></c><38>(getchaoutmylifeboygetchaoutmy</c><39>lifeboy)</c><24></c>,my
165.883,166.216,89,0,<24></c><38>(getchaoutmylifeboygetchaoutmylife</c><39>boy)</c><24></c>,life
166.216,166.517,89,0,<24></c><38>(getchaoutmylifeboygetchaoutmylifeboy)</c><24></c>,boy)
166.517,166.717,-1,0,<24></c><38>let\'s</c><39>go!</c><24></c>,let\'s
166.717,167.417,-1,0,<24></c><38>let\'sgo!</c><24></c>,go!
167.417,167.551,98,0,<24></c><38>(get</c><39>chaoutmylifeboyi\'llgetchagetchagetcha!)</c><24></c>,(get
167.551,167.651,98,0,<24></c><38>(getcha</c><39>outmylifeboyi\'llgetchagetchagetcha!)</c><24></c>,cha
167.651,167.885,98,0,<24></c><38>(getchaout</c><39>mylifeboyi\'llgetchagetchagetcha!)</c><24></c>,out
167.885,168.118,98,0,<24></c><38>(getchaoutmy</c><39>lifeboyi\'llgetchagetchagetcha!)</c><24></c>,my
168.118,168.485,98,0,<24></c><38>(getchaoutmylife</c><39>boyi\'llgetchagetchagetcha!)</c><24></c>,life
168.485,168.819,98,0,<24></c><38>(getchaoutmylifeboy</c><39>i\'llgetchagetchagetcha!)</c><24></c>,boy
168.819,169.052,98,0,<24></c><38>(getchaoutmylifeboyi\'ll</c><39>getchagetchagetcha!)</c><24></c>,i\'ll
169.052,169.253,98,0,<24></c><38>(getchaoutmylifeboyi\'llget</c><39>chagetchagetcha!)</c><24></c>,get
169.253,169.486,98,0,<24></c><38>(getchaoutmylifeboyi\'llgetcha</c><39>getchagetcha!)</c><24></c>,cha
169.486,169.72,98,0,<24></c><38>(getchaoutmylifeboyi\'llgetchaget</c><39>chagetcha!)</c><24></c>,get
169.72,169.953,98,0,<24></c><38>(getchaoutmylifeboyi\'llgetchagetcha</c><39>getcha!)</c><24></c>,cha
169.953,170.187,98,0,<24></c><38>(getchaoutmylifeboyi\'llgetchagetchaget</c><39>cha!)</c><24></c>,get
170.187,170.654,98,0,<24></c><38>(getchaoutmylifeboyi\'llgetchagetchagetcha!)</c><24></c>,cha!)
170.654,170.988,-1,0,<24></c><1>匿</c><39>ってた　偽造id</c><24></c>,匿
170.988,171.088,-1,0,<24></c><1>匿っ</c><39>てた　偽造id</c><24></c>,っ
171.088,171.221,-1,0,<24></c><1>匿って</c><39>た　偽造id</c><24></c>,て
171.221,171.455,-1,0,<24></c><1>匿ってた　</c><39>偽造id</c><24></c>,た　
171.455,171.555,-1,0,<24></c><1>匿ってた　偽</c><39>造id</c><24></c>,偽
171.555,171.788,-1,0,<24></c><1>匿ってた　偽造</c><39>id</c><24></c>,造
171.788,172.022,-1,0,<24></c><1>匿ってた　偽造i</c><39>d</c><24></c>,i
172.022,172.456,-1,0,<24></c><1>匿ってた　偽造id</c><24></c>,d
172.456,172.689,-1,0,<24></c><1>暴</c><39>落した価値fouronknees</c><24></c>,暴
172.689,172.923,-1,0,<24></c><1>暴落</c><39>した価値fouronknees</c><24></c>,落
172.923,173.023,-1,0,<24></c><1>暴落し</c><39>た価値fouronknees</c><24></c>,し
173.023,173.157,-1,0,<24></c><1>暴落した</c><39>価値fouronknees</c><24></c>,た
173.157,173.357,-1,0,<24></c><1>暴落した価</c><39>値fouronknees</c><24></c>,価
173.357,173.624,-1,0,<24></c><1>暴落した価値</c><39>fouronknees</c><24></c>,値
173.624,173.824,-1,0,<24></c><1>暴落した価値four</c><39>onknees</c><24></c>,four
173.824,174.057,-1,0,<24></c><1>暴落した価値fouron</c><39>knees</c><24></c>,on
174.057,174.258,-1,0,<24></c><1>暴落した価値fouronknees</c><24></c>,knees
174.258,174.491,-1,0,<24></c><1>円</c><39>滑な生活reigns</c><24></c>,円
174.491,174.758,-1,0,<24></c><1>円滑</c><39>な生活reigns</c><24></c>,滑
174.758,174.925,-1,0,<24></c><1>円滑な</c><39>生活reigns</c><24></c>,な
174.925,175.159,-1,0,<24></c><1>円滑な生</c><39>活reigns</c><24></c>,生
175.159,175.392,-1,0,<24></c><1>円滑な生活</c><39>reigns</c><24></c>,活
175.392,175.492,-1,0,<24></c><1>円滑な生活re</c><39>igns</c><24></c>,re
175.492,175.626,-1,0,<24></c><1>円滑な生活reigns</c><24></c>,igns
175.626,175.859,-1,0,<24></c><1>流</c><39>されてけスライダーouttaway</c><24></c>,流
175.859,175.959,-1,0,<24></c><1>流さ</c><39>れてけスライダーouttaway</c><24></c>,さ
175.959,176.093,-1,0,<24></c><1>流され</c><39>てけスライダーouttaway</c><24></c>,れ
176.093,176.193,-1,0,<24></c><1>流されて</c><39>けスライダーouttaway</c><24></c>,て
176.193,176.293,-1,0,<24></c><1>流されてけ</c><39>スライダーouttaway</c><24></c>,け
176.293,176.527,-1,0,<24></c><1>流されてけスライ</c><39>ダーouttaway</c><24></c>,スライ
176.527,176.76,-1,0,<24></c><1>流されてけスライダー</c><39>outtaway</c><24></c>,ダー
176.76,176.994,-1,0,<24></c><1>流されてけスライダーout</c><39>taway</c><24></c>,out
176.994,177.227,-1,0,<24></c><1>流されてけスライダーoutta</c><39>way</c><24></c>,ta
177.227,177.895,-1,0,<24></c><1>流されてけスライダーouttaway</c><24></c>,way
177.895,178.128,-1,0,<24></c><1>盲</c><39>目な愛が溶けてくアイスバー</c><24></c>,盲
178.128,178.362,-1,0,<24></c><1>盲目</c><39>な愛が溶けてくアイスバー</c><24></c>,目
178.362,178.595,-1,0,<24></c><1>盲目な</c><39>愛が溶けてくアイスバー</c><24></c>,な
178.595,178.795,-1,0,<24></c><1>盲目な愛</c><39>が溶けてくアイスバー</c><24></c>,愛
178.795,179.029,-1,0,<24></c><1>盲目な愛が</c><39>溶けてくアイスバー</c><24></c>,が
179.029,179.163,-1,0,<24></c><1>盲目な愛が溶</c><39>けてくアイスバー</c><24></c>,溶
179.163,179.263,-1,0,<24></c><1>盲目な愛が溶け</c><39>てくアイスバー</c><24></c>,け
179.263,179.363,-1,0,<24></c><1>盲目な愛が溶けて</c><39>くアイスバー</c><24></c>,て
179.363,179.496,-1,0,<24></c><1>盲目な愛が溶けてく</c><39>アイスバー</c><24></c>,く
179.496,179.73,-1,0,<24></c><1>盲目な愛が溶けてくアイス</c><39>バー</c><24></c>,アイス
179.73,179.963,-1,0,<24></c><1>盲目な愛が溶けてくアイスバー</c><24></c>,バー
179.963,180.063,-1,0,<24></c><1>も</c><39>ろく砕け泡が抜けたソーダ</c><24></c>,も
180.063,180.197,-1,0,<24></c><1>もろ</c><39>く砕け泡が抜けたソーダ</c><24></c>,ろ
180.197,180.297,-1,0,<24></c><1>もろく</c><39>砕け泡が抜けたソーダ</c><24></c>,く
180.297,180.43,-1,0,<24></c><1>もろく砕</c><39>け泡が抜けたソーダ</c><24></c>,砕
180.43,180.531,-1,0,<24></c><1>もろく砕け</c><39>泡が抜けたソーダ</c><24></c>,け
180.531,180.764,-1,0,<24></c><1>もろく砕け泡</c><39>が抜けたソーダ</c><24></c>,泡
180.764,180.964,-1,0,<24></c><1>もろく砕け泡が</c><39>抜けたソーダ</c><24></c>,が
180.964,181.098,-1,0,<24></c><1>もろく砕け泡が抜</c><39>けたソーダ</c><24></c>,抜
181.098,181.198,-1,0,<24></c><1>もろく砕け泡が抜け</c><39>たソーダ</c><24></c>,け
181.198,181.331,-1,0,<24></c><1>もろく砕け泡が抜けた</c><39>ソーダ</c><24></c>,た
181.331,181.565,-1,0,<24></c><1>もろく砕け泡が抜けたソー</c><39>ダ</c><24></c>,ソー
181.565,181.765,-1,0,<24></c><1>もろく砕け泡が抜けたソーダ</c><24></c>,ダ
181.765,181.899,-1,0,<24></c><1>か</c><39>らってnopressure</c><24></c>,か
181.899,182.099,-1,0,<24></c><1>から</c><39>ってnopressure</c><24></c>,ら
182.099,182.232,-1,0,<24></c><1>からって</c><39>nopressure</c><24></c>,って
182.232,182.432,-1,0,<24></c><1>からってno</c><39>pressure</c><24></c>,no
182.432,182.633,-1,0,<24></c><1>からってnopres</c><39>sure</c><24></c>,pres
182.633,182.9,-1,0,<24></c><1>からってnopressure</c><24></c>,sure
182.9,183.0,56,0,<24></c><1>not</c><39>topressyai’llgetcha</c><24></c>,not
183.0,183.133,56,0,<24></c><1>notto</c><39>pressyai’llgetcha</c><24></c>,to
183.133,183.233,56,0,<24></c><1>nottopress</c><39>yai’llgetcha</c><24></c>,press
183.233,183.367,56,0,<24></c><1>nottopressya</c><39>i’llgetcha</c><24></c>,ya
183.367,183.567,56,0,<24></c><1>nottopressyai’ll</c><39>getcha</c><24></c>,i’ll
183.567,183.734,56,0,<24></c><1>nottopressyai’llget</c><39>cha</c><24></c>,get
183.734,184.067,56,0,<24></c><1>nottopressyai’llgetcha</c><24></c>,cha
184.067,184.201,-1,0,<24></c><1>get</c><39>chagetcha</c><24></c>,get
184.201,184.535,-1,0,<24></c><1>getcha</c><39>getcha</c><24></c>,cha
184.535,184.635,-1,0,<24></c><1>getchaget</c><39>cha</c><24></c>,get
184.635,184.968,-1,0,<24></c><1>getchagetcha</c><24></c>,cha
184.968,185.202,-1,0,<24></c><1>ば</c><39>ら撒いてた愛取り返し撤退だ</c><24></c>,ば
185.202,185.435,-1,0,<24></c><1>ばら</c><39>撒いてた愛取り返し撤退だ</c><24></c>,ら
185.435,185.669,-1,0,<24></c><1>ばら撒</c><39>いてた愛取り返し撤退だ</c><24></c>,撒
185.669,185.869,-1,0,<24></c><1>ばら撒い</c><39>てた愛取り返し撤退だ</c><24></c>,い
185.869,186.103,-1,0,<24></c><1>ばら撒いて</c><39>た愛取り返し撤退だ</c><24></c>,て
186.103,186.336,-1,0,<24></c><1>ばら撒いてた</c><39>愛取り返し撤退だ</c><24></c>,た
186.336,186.803,-1,0,<24></c><1>ばら撒いてた愛</c><39>取り返し撤退だ</c><24></c>,愛
186.803,187.037,-1,0,<24></c><1>ばら撒いてた愛取</c><39>り返し撤退だ</c><24></c>,取
187.037,187.237,-1,0,<24></c><1>ばら撒いてた愛取り</c><39>返し撤退だ</c><24></c>,り
187.237,187.704,-1,0,<24></c><1>ばら撒いてた愛取り返</c><39>し撤退だ</c><24></c>,返
187.704,187.905,-1,0,<24></c><1>ばら撒いてた愛取り返し</c><39>撤退だ</c><24></c>,し
187.905,188.372,-1,0,<24></c><1>ばら撒いてた愛取り返し撤</c><39>退だ</c><24></c>,撤
188.372,188.839,-1,0,<24></c><1>ばら撒いてた愛取り返し撤退</c><39>だ</c><24></c>,退
188.839,189.239,-1,0,<24></c><1>ばら撒いてた愛取り返し撤退だ</c><24></c>,だ
189.239,189.473,61,0,<24></c><38>now</c><39>icanfinallyopenmyeyes</c><24></c>,now
189.473,189.673,61,0,<24></c><38>nowi</c><39>canfinallyopenmyeyes</c><24></c>,i
189.673,189.907,61,0,<24></c><38>nowican</c><39>finallyopenmyeyes</c><24></c>,can
189.907,190.174,61,0,<24></c><38>nowicanfi</c><39>nallyopenmyeyes</c><24></c>,fi
190.174,190.407,61,0,<24></c><38>nowicanfinal</c><39>lyopenmyeyes</c><24></c>,nal
190.407,190.607,61,0,<24></c><38>nowicanfinally</c><39>openmyeyes</c><24></c>,ly
190.607,191.074,61,0,<24></c><38>nowicanfinallyo</c><39>penmyeyes</c><24></c>,o
191.074,191.308,61,0,<24></c><38>nowicanfinallyopen</c><39>myeyes</c><24></c>,pen
191.308,191.508,61,0,<24></c><38>nowicanfinallyopenmy</c><39>eyes</c><24></c>,my
191.508,192.242,61,0,<24></c><38>nowicanfinallyopenmyeyes</c><24></c>,eyes
192.242,192.442,-1,0,<24></c><1>そん</c><39>で来世もっかい君への返品サイン</c><24></c>,そん
192.442,192.676,-1,0,<24></c><1>そんで</c><39>来世もっかい君への返品サイン</c><24></c>,で
192.676,193.11,-1,0,<24></c><1>そんで来</c><39>世もっかい君への返品サイン</c><24></c>,来
193.11,193.31,-1,0,<24></c><1>そんで来世</c><39>もっかい君への返品サイン</c><24></c>,世
193.31,193.577,-1,0,<24></c><1>そんで来世もっ</c><39>かい君への返品サイン</c><24></c>,もっ
193.577,193.81,-1,0,<24></c><1>そんで来世もっか</c><39>い君への返品サイン</c><24></c>,か
193.81,194.044,-1,0,<24></c><1>そんで来世もっかい</c><39>君への返品サイン</c><24></c>,い
194.044,194.478,-1,0,<24></c><1>そんで来世もっかい君</c><39>への返品サイン</c><24></c>,君
194.478,194.945,-1,0,<24></c><1>そんで来世もっかい君へ</c><39>の返品サイン</c><24></c>,へ
194.945,195.179,-1,0,<24></c><1>そんで来世もっかい君への</c><39>返品サイン</c><24></c>,の
195.179,195.612,-1,0,<24></c><1>そんで来世もっかい君への返</c><39>品サイン</c><24></c>,返
195.612,196.079,-1,0,<24></c><1>そんで来世もっかい君への返品</c><39>サイン</c><24></c>,品
196.079,196.547,-1,0,<24></c><1>そんで来世もっかい君への返品サイン</c><24></c>,サイン
196.547,196.68,-1,0,<24></c><38>get</c><39>chaoutmylifeboy</c><24></c>,get
196.68,196.78,-1,0,<24></c><38>getcha</c><39>outmylifeboy</c><24></c>,cha
196.78,197.014,-1,0,<24></c><38>getchaout</c><39>mylifeboy</c><24></c>,out
197.014,197.247,-1,0,<24></c><38>getchaoutmy</c><39>lifeboy</c><24></c>,my
197.247,197.581,-1,0,<24></c><38>getchaoutmylife</c><39>boy</c><24></c>,life
197.581,197.915,-1,0,<24></c><38>getchaoutmylifeboy</c><24></c>,boy
197.915,198.115,58,0,<24></c><38>i\'ll</c><39>getchagetchagetcha!</c><24></c>,i\'ll
198.115,198.348,58,0,<24></c><38>i\'llget</c><39>chagetchagetcha!</c><24></c>,get
198.348,198.582,58,0,<24></c><38>i\'llgetcha</c><39>getchagetcha!</c><24></c>,cha
198.582,198.815,58,0,<24></c><38>i\'llgetchaget</c><39>chagetcha!</c><24></c>,get
198.815,199.049,58,0,<24></c><38>i\'llgetchagetcha</c><39>getcha!</c><24></c>,cha
199.049,199.249,58,0,<24></c><38>i\'llgetchagetchaget</c><39>cha!</c><24></c>,get
199.249,199.483,58,0,<24></c><38>i\'llgetchagetchagetcha!</c><24></c>,cha!
199.483,199.683,-1,0,<24></c><1>待</c><39>ちっぱなしの恋なんで</c><24></c>,待
199.683,199.95,-1,0,<24></c><1>待ちっ</c><39>ぱなしの恋なんで</c><24></c>,ちっ
199.95,200.417,-1,0,<24></c><1>待ちっぱ</c><39>なしの恋なんで</c><24></c>,ぱ
200.417,200.651,-1,0,<24></c><1>待ちっぱな</c><39>しの恋なんで</c><24></c>,な
200.651,201.084,-1,0,<24></c><1>待ちっぱなし</c><39>の恋なんで</c><24></c>,し
201.084,201.552,-1,0,<24></c><1>待ちっぱなしの</c><39>恋なんで</c><24></c>,の
201.552,202.019,-1,0,<24></c><1>待ちっぱなしの恋</c><39>なんで</c><24></c>,恋
202.019,202.219,-1,0,<24></c><1>待ちっぱなしの恋な</c><39>んで</c><24></c>,な
202.219,202.486,-1,0,<24></c><1>待ちっぱなしの恋なん</c><39>で</c><24></c>,ん
202.486,203.12,-1,0,<24></c><1>待ちっぱなしの恋なんで</c><24></c>,で
203.12,203.353,-1,0,<24></c><1>錠</c><39>をかけキー捨て去って</c><24></c>,錠
203.353,203.587,-1,0,<24></c><1>錠を</c><39>かけキー捨て去って</c><24></c>,を
203.587,204.021,-1,0,<24></c><1>錠をか</c><39>けキー捨て去って</c><24></c>,か
204.021,204.254,-1,0,<24></c><1>錠をかけ</c><39>キー捨て去って</c><24></c>,け
204.254,204.488,-1,0,<24></c><1>錠をかけキ</c><39>ー捨て去って</c><24></c>,キ
204.488,204.721,-1,0,<24></c><1>錠をかけキー</c><39>捨て去って</c><24></c>,ー
204.721,205.155,-1,0,<24></c><1>錠をかけキー捨</c><39>て去って</c><24></c>,捨
205.155,205.589,-1,0,<24></c><1>錠をかけキー捨て</c><39>去って</c><24></c>,て
205.589,205.822,-1,0,<24></c><1>錠をかけキー捨て去</c><39>って</c><24></c>,去
205.822,206.089,-1,0,<24></c><1>錠をかけキー捨て去っ</c><39>て</c><24></c>,っ
206.089,206.757,-1,0,<24></c><1>錠をかけキー捨て去って</c><24></c>,て
206.757,207.224,-1,0,<24></c><1>今</c><39>までに無い待ちわびた最終回</c><24></c>,今
207.224,207.658,-1,0,<24></c><1>今ま</c><39>でに無い待ちわびた最終回</c><24></c>,ま
207.658,207.925,-1,0,<24></c><1>今まで</c><39>に無い待ちわびた最終回</c><24></c>,で
207.925,208.125,-1,0,<24></c><1>今までに</c><39>無い待ちわびた最終回</c><24></c>,に
208.125,208.325,-1,0,<24></c><1>今までに無</c><39>い待ちわびた最終回</c><24></c>,無
208.325,208.559,-1,0,<24></c><1>今までに無い</c><39>待ちわびた最終回</c><24></c>,い
208.559,208.792,-1,0,<24></c><1>今までに無い待</c><39>ちわびた最終回</c><24></c>,待
208.792,209.059,-1,0,<24></c><1>今までに無い待ち</c><39>わびた最終回</c><24></c>,ち
209.059,209.259,-1,0,<24></c><1>今までに無い待ちわ</c><39>びた最終回</c><24></c>,わ
209.259,209.493,-1,0,<24></c><1>今までに無い待ちわび</c><39>た最終回</c><24></c>,び
209.493,209.726,-1,0,<24></c><1>今までに無い待ちわびた</c><39>最終回</c><24></c>,た
209.726,210.16,-1,0,<24></c><1>今までに無い待ちわびた最</c><39>終回</c><24></c>,最
210.16,210.627,-1,0,<24></c><1>今までに無い待ちわびた最終</c><39>回</c><24></c>,終
210.627,211.028,-1,0,<24></c><1>今までに無い待ちわびた最終回</c><24></c>,回
211.028,211.161,-1,0,<24></c><38>get</c><39>chaoutmylifeboy</c><24></c>,get
211.161,211.261,-1,0,<24></c><38>getcha</c><39>outmylifeboy</c><24></c>,cha
211.261,211.495,-1,0,<24></c><38>getchaout</c><39>mylifeboy</c><24></c>,out
211.495,211.762,-1,0,<24></c><38>getchaoutmy</c><39>lifeboy</c><24></c>,my
211.762,212.129,-1,0,<24></c><38>getchaoutmylife</c><39>boy</c><24></c>,life
212.129,212.462,-1,0,<24></c><38>getchaoutmylifeboy</c><24></c>,boy
212.462,212.663,58,0,<24></c><38>i\'ll</c><39>getchagetchagetcha!</c><24></c>,i\'ll
212.663,212.896,58,0,<24></c><38>i\'llget</c><39>chagetchagetcha!</c><24></c>,get
212.896,213.13,58,0,<24></c><38>i\'llgetcha</c><39>getchagetcha!</c><24></c>,cha
213.13,213.363,58,0,<24></c><38>i\'llgetchaget</c><39>chagetcha!</c><24></c>,get
213.363,213.597,58,0,<24></c><38>i\'llgetchagetcha</c><39>getcha!</c><24></c>,cha
213.597,213.797,58,0,<24></c><38>i\'llgetchagetchaget</c><39>cha!</c><24></c>,get
213.797,214.031,58,0,<24></c><38>i\'llgetchagetchagetcha!</c><24></c>,cha!
214.498,216.333,78,91,<24></c><40>music:</c><1>g</c><5>i</c><10>g</c><15>a</c><19>&amp;</c><23>k</c><29>i</c><34>r</c><38>a</c><24></c><40>vocals:</c><1>hoshimachisuisei</c><40></c><38>moricalliope</c><24></c>,music:giga&amp;kiravocals:hoshimachisuiseimoricalliope
214.498,219.937,88,0,<24></c><1>g</c><2>i</c><5>g</c><8>a</c><10>&amp;</c><12>k</c><15>i</c><18>r</c><19>a</c><20>-</c><23>g</c><27>e</c><29>t</c><31>c</c><34>h</c><37>a</c><38>!</c><24></c><40>(coveredby</c><1>hoshimachisuisei</c><40></c><38>moricalliope</c><40>)</c><24></c>,giga&amp;kira-getcha!(coveredbyhoshimachisuiseimoricalliope)
216.333,218.135,63,91,<24></c><40>mix:</c><1>n</c><4>a</c><7>t</c><10>s</c><13>u</c><16>m</c><19>e</c><22>c</c><26>h</c><29>i</c><32>a</c><35>k</c><38>i</c><24></c><40>illust:</c><1>a</c><10>s</c><19>u</c><29>d</c><38>a</c><24></c>,mix:natsumechiakiillust:asuda
218.135,219.937,70,91,<24></c><40>inst:</c><1>s</c><3>h</c><6>i</c><9>n</c><11>o</c><14>h</c><17>a</c><19>r</c><21>a</c><25>m</c><28>i</c><30>z</c><33>u</c><36>k</c><38>i</c><24></c><40>movie:</c><1>s</c><13>a</c><26>i</c><38>a</c><24></c>,inst:shinoharamizukimovie:saia
221.305,221.538,58,0,<24></c><1>\'cause</c><39>i\'mfinei\'malright</c><24></c>,\'cause
221.538,221.772,58,0,<24></c><1>\'causei\'m</c><39>finei\'malright</c><24></c>,i\'m
221.772,222.206,58,0,<24></c><1>\'causei\'mfine</c><39>i\'malright</c><24></c>,fine
222.206,222.472,58,0,<24></c><1>\'causei\'mfinei\'m</c><39>alright</c><24></c>,i\'m
222.472,222.673,58,0,<24></c><1>\'causei\'mfinei\'mal</c><39>right</c><24></c>,al
222.673,223.106,58,0,<24></c><1>\'causei\'mfinei\'malright</c><24></c>,right
223.106,223.574,-1,0,<24></c><1>君</c><39>なしで大正解</c><24></c>,君
223.574,223.907,-1,0,<24></c><1>君な</c><39>しで大正解</c><24></c>,な
223.907,224.041,-1,0,<24></c><1>君なし</c><39>で大正解</c><24></c>,し
224.041,224.274,-1,0,<24></c><1>君なしで</c><39>大正解</c><24></c>,で
224.274,224.708,-1,0,<24></c><1>君なしで大</c><39>正解</c><24></c>,大
224.708,225.142,-1,0,<24></c><1>君なしで大正</c><39>解</c><24></c>,正
225.142,225.609,-1,0,<24></c><1>君なしで大正解</c><24></c>,解
225.609,225.742,-1,0,<24></c><38>get</c><39>chaoutmylifeboy</c><24></c>,get
225.742,225.842,-1,0,<24></c><38>getcha</c><39>outmylifeboy</c><24></c>,cha
225.842,226.076,-1,0,<24></c><38>getchaout</c><39>mylifeboy</c><24></c>,out
226.076,226.31,-1,0,<24></c><38>getchaoutmy</c><39>lifeboy</c><24></c>,my
226.31,226.643,-1,0,<24></c><38>getchaoutmylife</c><39>boy</c><24></c>,life
226.643,226.977,-1,0,<24></c><38>getchaoutmylifeboy</c><24></c>,boy
226.977,227.177,58,0,<24></c><38>i\'ll</c><39>getchagetchagetcha!</c><24></c>,i\'ll
227.177,227.444,58,0,<24></c><38>i\'llget</c><39>chagetchagetcha!</c><24></c>,get
227.444,227.678,58,0,<24></c><38>i\'llgetcha</c><39>getchagetcha!</c><24></c>,cha
227.678,227.878,58,0,<24></c><38>i\'llgetchaget</c><39>chagetcha!</c><24></c>,get
227.878,228.145,58,0,<24></c><38>i\'llgetchagetcha</c><39>getcha!</c><24></c>,cha
228.145,228.312,58,0,<24></c><38>i\'llgetchagetchaget</c><39>cha!</c><24></c>,get
228.312,228.712,58,0,<24></c><38>i\'llgetchagetchagetcha!</c><24></c>,cha!
