start,end,unformatted,segments,ref_start,ref_end,common_number
135.986,137.888,(bewithyou),"[(4, ''), (5, '(bewithyou)'), (4, '')]",True,False,6
135.719,135.986,(bewithyou),"[(4, ''), (5, '(bewith'), (6, 'you)'), (4, '')]",False,False,6
135.152,135.719,(bewithyou),"[(4, ''), (5, '(be'), (6, 'withyou)'), (4, '')]",False,False,6
57.508,59.309,(bewithyou),"[(4, ''), (1, '(bewithyou)'), (4, '')]",False,False,6
57.174,57.508,(bewithyou),"[(4, ''), (1, '(bewith'), (6, 'you)'), (4, '')]",False,False,6
56.607,57.174,(bewithyou),"[(4, ''), (1, '(be'), (6, 'withyou)'), (4, '')]",False,True,6
129.413,131.081,(fade-infade-out),"[(4, ''), (5, '(fade-infade-out)'), (4, '')]",True,False,6
129.146,129.413,(fade-infade-out),"[(4, ''), (5, '(fade-infade-'), (6, 'out)'), (4, '')]",False,False,6
128.612,129.146,(fade-infade-out),"[(4, ''), (5, '(fade-in'), (6, 'fade-out)'), (4, '')]",False,False,6
128.045,128.612,(fade-infade-out),"[(4, ''), (5, '(fade-'), (6, 'infade-out)'), (4, '')]",False,True,6
46.53,49.533,(insouthernwinds),"[(4, ''), (1, '(insouthernwinds)'), (4, '')]",True,False,6
45.996,46.53,(insouthernwinds),"[(4, ''), (1, '(insouthern'), (6, 'winds)'), (4, '')]",False,False,6
45.696,45.996,(insouthernwinds),"[(4, ''), (1, '(insouth'), (6, 'ernwinds)'), (4, '')]",False,False,6
45.162,45.696,(insouthernwinds),"[(4, ''), (1, '(in'), (6, 'southernwinds)'), (4, '')]",False,True,6
50.901,53.07,(itʼsmagicrays),"[(4, ''), (1, '(itʼsmagicrays)'), (4, '')]",True,False,6
50.367,50.901,(itʼsmagicrays),"[(4, ''), (1, '(itʼsmagic'), (6, 'rays)'), (4, '')]",False,False,6
50.1,50.367,(itʼsmagicrays),"[(4, ''), (1, '(itʼsmag'), (6, 'icrays)'), (4, '')]",False,False,6
49.533,50.1,(itʼsmagicrays),"[(4, ''), (1, '(itʼs'), (6, 'magicrays)'), (4, '')]",False,True,6
125.109,128.045,(solookalike),"[(4, ''), (5, '(solookalike)'), (4, '')]",True,False,6
124.575,125.109,(solookalike),"[(4, ''), (5, '(solooka'), (6, 'like)'), (4, '')]",False,False,6
124.274,124.575,(solookalike),"[(4, ''), (5, '(solook'), (6, 'alike)'), (4, '')]",False,False,6
123.707,124.274,(solookalike),"[(4, ''), (5, '(so'), (6, 'lookalike)'), (4, '')]",False,True,6
59.61,62.079,again,"[(4, ''), (3, 'again'), (4, '')]",True,False,6
59.309,59.61,again,"[(4, ''), (3, 'a'), (6, 'gain'), (4, '')]",False,True,6
11.895,20.604,guramarine-shinkiro,"[(4, ''), (2, 'guramarine-shinkiro'), (4, '')]",True,True,0
85.803,88.238,imadakewayorisotteageruwa,"[(4, ''), (1, 'imadakewayorisotteageruwa'), (4, '')]",True,False,6
85.402,85.803,imadakewayorisotteageruwa,"[(4, ''), (1, 'imadakewayorisotteageru'), (6, 'wa'), (4, '')]",False,False,6
85.002,85.402,imadakewayorisotteageruwa,"[(4, ''), (1, 'imadakewayorisotteage'), (6, 'ruwa'), (4, '')]",False,False,6
84.701,85.002,imadakewayorisotteageruwa,"[(4, ''), (1, 'imadakewayorisottea'), (6, 'geruwa'), (4, '')]",False,False,6
84.168,84.701,imadakewayorisotteageruwa,"[(4, ''), (1, 'imadakewayorisotte'), (6, 'ageruwa'), (4, '')]",False,False,6
83.901,84.168,imadakewayorisotteageruwa,"[(4, ''), (1, 'imadakewayorisot'), (6, 'teageruwa'), (4, '')]",False,False,6
83.634,83.901,imadakewayorisotteageruwa,"[(4, ''), (1, 'imadakewayoriso'), (6, 'tteageruwa'), (4, '')]",False,False,6
83.367,83.634,imadakewayorisotteageruwa,"[(4, ''), (1, 'imadakewayori'), (6, 'sotteageruwa'), (4, '')]",False,False,6
83.067,83.367,imadakewayorisotteageruwa,"[(4, ''), (1, 'imadakewayo'), (6, 'risotteageruwa'), (4, '')]",False,False,6
82.699,83.067,imadakewayorisotteageruwa,"[(4, ''), (1, 'imadakewa'), (6, 'yorisotteageruwa'), (4, '')]",False,False,6
82.533,82.699,imadakewayorisotteageruwa,"[(4, ''), (1, 'imadake'), (6, 'wayorisotteageruwa'), (4, '')]",False,False,6
82.266,82.533,imadakewayorisotteageruwa,"[(4, ''), (1, 'imada'), (6, 'kewayorisotteageruwa'), (4, '')]",False,False,6
81.999,82.266,imadakewayorisotteageruwa,"[(4, ''), (1, 'ima'), (6, 'dakewayorisotteageruwa'), (4, '')]",False,False,6
81.465,81.999,imadakewayorisotteageruwa,"[(4, ''), (1, 'i'), (6, 'madakewayorisotteageruwa'), (4, '')]",False,True,6
49.266,50.334,itazuranamahoune,"[(4, ''), (5, 'itazuranamahoune'), (4, '')]",True,False,6
48.732,49.266,itazuranamahoune,"[(4, ''), (5, 'itazuranamahou'), (6, 'ne'), (4, '')]",False,False,6
48.432,48.732,itazuranamahoune,"[(4, ''), (5, 'itazuranamaho'), (6, 'une'), (4, '')]",False,False,6
48.165,48.432,itazuranamahoune,"[(4, ''), (5, 'itazuranama'), (6, 'houne'), (4, '')]",False,False,6
47.898,48.165,itazuranamahoune,"[(4, ''), (5, 'itazurana'), (6, 'mahoune'), (4, '')]",False,False,6
47.331,47.898,itazuranamahoune,"[(4, ''), (5, 'itazura'), (6, 'namahoune'), (4, '')]",False,False,6
46.53,47.331,itazuranamahoune,"[(4, ''), (5, 'itazu'), (6, 'ranamahoune'), (4, '')]",False,False,6
46.263,46.53,itazuranamahoune,"[(4, ''), (5, 'ita'), (6, 'zuranamahoune'), (4, '')]",False,False,6
45.996,46.263,itazuranamahoune,"[(4, ''), (5, 'i'), (6, 'tazuranamahoune'), (4, '')]",False,True,6
225.442,227.878,itsukamatadananteineversay,"[(4, ''), (3, 'itsukamatadananteineversay'), (4, '')]",True,False,6
225.008,225.442,itsukamatadananteineversay,"[(4, ''), (3, 'itsukamatadananteinever'), (6, 'say'), (4, '')]",False,False,6
224.608,225.008,itsukamatadananteineversay,"[(4, ''), (3, 'itsukamatadananteinev'), (6, 'ersay'), (4, '')]",False,False,6
224.308,224.608,itsukamatadananteineversay,"[(4, ''), (3, 'itsukamatadanantei'), (6, 'neversay'), (4, '')]",False,False,6
223.807,224.308,itsukamatadananteineversay,"[(4, ''), (3, 'itsukamatadanante'), (6, 'ineversay'), (4, '')]",False,False,6
223.273,223.807,itsukamatadananteineversay,"[(4, ''), (3, 'itsukamatadanan'), (6, 'teineversay'), (4, '')]",False,False,6
222.973,223.273,itsukamatadananteineversay,"[(4, ''), (3, 'itsukamatadana'), (6, 'nteineversay'), (4, '')]",False,False,6
222.706,222.973,itsukamatadananteineversay,"[(4, ''), (3, 'itsukamatada'), (6, 'nanteineversay'), (4, '')]",False,False,6
222.306,222.706,itsukamatadananteineversay,"[(4, ''), (3, 'itsukamata'), (6, 'dananteineversay'), (4, '')]",False,False,6
222.172,222.306,itsukamatadananteineversay,"[(4, ''), (3, 'itsukama'), (6, 'tadananteineversay'), (4, '')]",False,False,6
221.872,222.172,itsukamatadananteineversay,"[(4, ''), (3, 'itsuka'), (6, 'matadananteineversay'), (4, '')]",False,False,6
221.605,221.872,itsukamatadananteineversay,"[(4, ''), (3, 'itsu'), (6, 'kamatadananteineversay'), (4, '')]",False,False,6
221.071,221.605,itsukamatadananteineversay,"[(4, ''), (3, 'i'), (6, 'tsukamatadananteineversay'), (4, '')]",False,True,6
108.892,110.06,katasukumetebonnettokarakoshiagete,"[(4, ''), (1, 'katasukumetebonnettokarakoshiagete'), (4, '')]",True,False,6
108.725,108.892,katasukumetebonnettokarakoshiagete,"[(4, ''), (1, 'katasukumetebonnettokarakoshiage'), (6, 'te'), (4, '')]",False,False,6
108.425,108.725,katasukumetebonnettokarakoshiagete,"[(4, ''), (1, 'katasukumetebonnettokarakoshia'), (6, 'gete'), (4, '')]",False,False,6
108.092,108.425,katasukumetebonnettokarakoshiagete,"[(4, ''), (1, 'katasukumetebonnettokarakoshi'), (6, 'agete'), (4, '')]",False,False,6
107.791,108.092,katasukumetebonnettokarakoshiagete,"[(4, ''), (1, 'katasukumetebonnettokarako'), (6, 'shiagete'), (4, '')]",False,False,6
107.524,107.791,katasukumetebonnettokarakoshiagete,"[(4, ''), (1, 'katasukumetebonnettokara'), (6, 'koshiagete'), (4, '')]",False,False,6
107.191,107.524,katasukumetebonnettokarakoshiagete,"[(4, ''), (1, 'katasukumetebonnettoka'), (6, 'rakoshiagete'), (4, '')]",False,False,6
107.024,107.191,katasukumetebonnettokarakoshiagete,"[(4, ''), (1, 'katasukumetebonnetto'), (6, 'karakoshiagete'), (4, '')]",False,False,6
106.79,107.024,katasukumetebonnettokarakoshiagete,"[(4, ''), (1, 'katasukumetebonnet'), (6, 'tokarakoshiagete'), (4, '')]",False,False,6
106.523,106.79,katasukumetebonnettokarakoshiagete,"[(4, ''), (1, 'katasukumetebonne'), (6, 'ttokarakoshiagete'), (4, '')]",False,False,6
106.256,106.523,katasukumetebonnettokarakoshiagete,"[(4, ''), (1, 'katasukumetebon'), (6, 'nettokarakoshiagete'), (4, '')]",False,False,6
105.989,106.256,katasukumetebonnettokarakoshiagete,"[(4, ''), (1, 'katasukumetebo'), (6, 'nnettokarakoshiagete'), (4, '')]",False,False,6
105.022,105.989,katasukumetebonnettokarakoshiagete,"[(4, ''), (1, 'katasukumete'), (6, 'bonnettokarakoshiagete'), (4, '')]",False,False,6
104.855,105.022,katasukumetebonnettokarakoshiagete,"[(4, ''), (1, 'katasukume'), (6, 'tebonnettokarakoshiagete'), (4, '')]",False,False,6
104.588,104.855,katasukumetebonnettokarakoshiagete,"[(4, ''), (1, 'katasuku'), (6, 'metebonnettokarakoshiagete'), (4, '')]",False,False,6
104.321,104.588,katasukumetebonnettokarakoshiagete,"[(4, ''), (1, 'katasu'), (6, 'kumetebonnettokarakoshiagete'), (4, '')]",False,False,6
104.054,104.321,katasukumetebonnettokarakoshiagete,"[(4, ''), (1, 'kata'), (6, 'sukumetebonnettokarakoshiagete'), (4, '')]",False,False,6
103.787,104.054,katasukumetebonnettokarakoshiagete,"[(4, ''), (1, 'ka'), (6, 'tasukumetebonnettokarakoshiagete'), (4, '')]",False,True,6
157.541,159.977,kisuosorasuwaigoaway,"[(4, ''), (3, 'kisuosorasuwaigoaway'), (4, '')]",True,False,6
157.274,157.541,kisuosorasuwaigoaway,"[(4, ''), (3, 'kisuosorasuwaigoa'), (6, 'way'), (4, '')]",False,False,6
155.606,157.274,kisuosorasuwaigoaway,"[(4, ''), (3, 'kisuosorasuwaigo'), (6, 'away'), (4, '')]",False,False,6
155.339,155.606,kisuosorasuwaigoaway,"[(4, ''), (3, 'kisuosorasuwai'), (6, 'goaway'), (4, '')]",False,False,6
154.004,155.339,kisuosorasuwaigoaway,"[(4, ''), (3, 'kisuosorasuwa'), (6, 'igoaway'), (4, '')]",False,False,6
153.704,154.004,kisuosorasuwaigoaway,"[(4, ''), (3, 'kisuosorasu'), (6, 'waigoaway'), (4, '')]",False,False,6
153.303,153.704,kisuosorasuwaigoaway,"[(4, ''), (3, 'kisuosora'), (6, 'suwaigoaway'), (4, '')]",False,False,6
152.903,153.303,kisuosorasuwaigoaway,"[(4, ''), (3, 'kisuoso'), (6, 'rasuwaigoaway'), (4, '')]",False,False,6
151.535,152.903,kisuosorasuwaigoaway,"[(4, ''), (3, 'kisuo'), (6, 'sorasuwaigoaway'), (4, '')]",False,False,6
151.135,151.535,kisuosorasuwaigoaway,"[(4, ''), (3, 'kisu'), (6, 'osorasuwaigoaway'), (4, '')]",False,False,6
150.701,151.135,kisuosorasuwaigoaway,"[(4, ''), (3, 'ki'), (6, 'suosorasuwaigoaway'), (4, '')]",False,True,6
78.996,81.465,kisuoubattedonʼtgoaway,"[(4, ''), (3, 'kisuoubattedonʼtgoaway'), (4, '')]",True,False,6
78.695,78.996,kisuoubattedonʼtgoaway,"[(4, ''), (3, 'kisuoubattedonʼtgoa'), (6, 'way'), (4, '')]",False,False,6
77.094,78.695,kisuoubattedonʼtgoaway,"[(4, ''), (3, 'kisuoubattedonʼtgo'), (6, 'away'), (4, '')]",False,False,6
76.794,77.094,kisuoubattedonʼtgoaway,"[(4, ''), (3, 'kisuoubattedonʼt'), (6, 'goaway'), (4, '')]",False,False,6
75.426,76.794,kisuoubattedonʼtgoaway,"[(4, ''), (3, 'kisuoubatte'), (6, 'donʼtgoaway'), (4, '')]",False,False,6
75.159,75.426,kisuoubattedonʼtgoaway,"[(4, ''), (3, 'kisuoubat'), (6, 'tedonʼtgoaway'), (4, '')]",False,False,6
74.792,75.159,kisuoubattedonʼtgoaway,"[(4, ''), (3, 'kisuouba'), (6, 'ttedonʼtgoaway'), (4, '')]",False,False,6
74.324,74.792,kisuoubattedonʼtgoaway,"[(4, ''), (3, 'kisuou'), (6, 'battedonʼtgoaway'), (4, '')]",False,False,6
72.99,74.324,kisuoubattedonʼtgoaway,"[(4, ''), (3, 'kisuo'), (6, 'ubattedonʼtgoaway'), (4, '')]",False,False,6
72.589,72.99,kisuoubattedonʼtgoaway,"[(4, ''), (3, 'kisu'), (6, 'oubattedonʼtgoaway'), (4, '')]",False,False,6
72.156,72.589,kisuoubattedonʼtgoaway,"[(4, ''), (3, 'ki'), (6, 'suoubattedonʼtgoaway'), (4, '')]",False,True,6
96.98,99.149,kuchibiruninukumorinokoshiteclosetoyou,"[(4, ''), (3, 'kuchibiruninukumorinokoshite'), (4, ''), (3, 'closetoyou'), (4, '')]",True,False,6
96.713,96.98,kuchibiruninukumorinokoshiteclosetoyou,"[(4, ''), (3, 'kuchibiruninukumorinokoshite'), (4, ''), (3, 'closeto'), (6, 'you'), (4, '')]",False,False,6
94.545,96.713,kuchibiruninukumorinokoshiteclosetoyou,"[(4, ''), (3, 'kuchibiruninukumorinokoshite'), (4, ''), (3, 'close'), (6, 'toyou'), (4, '')]",False,False,6
94.144,94.545,kuchibiruninukumorinokoshiteclosetoyou,"[(4, ''), (3, 'kuchibiruninukumorinokoshite'), (4, ''), (6, 'closetoyou'), (4, '')]",False,False,6
93.977,94.144,kuchibiruninukumorinokoshiteclosetoyou,"[(4, ''), (3, 'kuchibiruninukumorinokoshi'), (6, 'te'), (4, ''), (6, 'closetoyou'), (4, '')]",False,False,6
93.71,93.977,kuchibiruninukumorinokoshiteclosetoyou,"[(4, ''), (3, 'kuchibiruninukumorinoko'), (6, 'shite'), (4, ''), (6, 'closetoyou'), (4, '')]",False,False,6
93.477,93.71,kuchibiruninukumorinokoshiteclosetoyou,"[(4, ''), (3, 'kuchibiruninukumorino'), (6, 'koshite'), (4, ''), (6, 'closetoyou'), (4, '')]",False,False,6
92.91,93.477,kuchibiruninukumorinokoshiteclosetoyou,"[(4, ''), (3, 'kuchibiruninukumori'), (6, 'nokoshite'), (4, ''), (6, 'closetoyou'), (4, '')]",False,False,6
92.376,92.91,kuchibiruninukumorinokoshiteclosetoyou,"[(4, ''), (3, 'kuchibiruninukumo'), (6, 'rinokoshite'), (4, ''), (6, 'closetoyou'), (4, '')]",False,False,6
92.076,92.376,kuchibiruninukumorinokoshiteclosetoyou,"[(4, ''), (3, 'kuchibiruninuku'), (6, 'morinokoshite'), (4, ''), (6, 'closetoyou'), (4, '')]",False,False,6
91.809,92.076,kuchibiruninukumorinokoshiteclosetoyou,"[(4, ''), (3, 'kuchibiruninu'), (6, 'kumorinokoshite'), (4, ''), (6, 'closetoyou'), (4, '')]",False,False,6
91.442,91.809,kuchibiruninukumorinokoshiteclosetoyou,"[(4, ''), (3, 'kuchibiruni'), (6, 'nukumorinokoshite'), (4, ''), (6, 'closetoyou'), (4, '')]",False,False,6
91.275,91.442,kuchibiruninukumorinokoshiteclosetoyou,"[(4, ''), (3, 'kuchibiru'), (6, 'ninukumorinokoshite'), (4, ''), (6, 'closetoyou'), (4, '')]",False,False,6
90.974,91.275,kuchibiruninukumorinokoshiteclosetoyou,"[(4, ''), (3, 'kuchibi'), (6, 'runinukumorinokoshite'), (4, ''), (6, 'closetoyou'), (4, '')]",False,False,6
90.741,90.974,kuchibiruninukumorinokoshiteclosetoyou,"[(4, ''), (3, 'kuchi'), (6, 'biruninukumorinokoshite'), (4, ''), (6, 'closetoyou'), (4, '')]",False,False,6
90.174,90.741,kuchibiruninukumorinokoshiteclosetoyou,"[(4, ''), (3, 'ku'), (6, 'chibiruninukumorinokoshite'), (4, ''), (6, 'closetoyou'), (4, '')]",False,True,6
236.587,237.988,kuchibiruniuraharanokoshitamamade,"[(4, ''), (3, 'kuchibiruniuraharanokoshitamamade'), (4, '')]",True,False,6
236.353,236.587,kuchibiruniuraharanokoshitamamade,"[(4, ''), (3, 'kuchibiruniuraharanokoshitamama'), (6, 'de'), (4, '')]",False,False,6
234.151,236.353,kuchibiruniuraharanokoshitamamade,"[(4, ''), (3, 'kuchibiruniuraharanokoshitama'), (6, 'made'), (4, '')]",False,False,6
233.75,234.151,kuchibiruniuraharanokoshitamamade,"[(4, ''), (3, 'kuchibiruniuraharanokoshita'), (6, 'mamade'), (4, '')]",False,False,6
233.584,233.75,kuchibiruniuraharanokoshitamamade,"[(4, ''), (3, 'kuchibiruniuraharanokoshi'), (6, 'tamamade'), (4, '')]",False,False,6
233.317,233.584,kuchibiruniuraharanokoshitamamade,"[(4, ''), (3, 'kuchibiruniuraharanoko'), (6, 'shitamamade'), (4, '')]",False,False,6
233.083,233.317,kuchibiruniuraharanokoshitamamade,"[(4, ''), (3, 'kuchibiruniuraharano'), (6, 'koshitamamade'), (4, '')]",False,False,6
232.516,233.083,kuchibiruniuraharanokoshitamamade,"[(4, ''), (3, 'kuchibiruniurahara'), (6, 'nokoshitamamade'), (4, '')]",False,False,6
231.982,232.516,kuchibiruniuraharanokoshitamamade,"[(4, ''), (3, 'kuchibiruniuraha'), (6, 'ranokoshitamamade'), (4, '')]",False,False,6
231.682,231.982,kuchibiruniuraharanokoshitamamade,"[(4, ''), (3, 'kuchibiruniura'), (6, 'haranokoshitamamade'), (4, '')]",False,False,6
231.381,231.682,kuchibiruniuraharanokoshitamamade,"[(4, ''), (3, 'kuchibiruniu'), (6, 'raharanokoshitamamade'), (4, '')]",False,False,6
231.048,231.381,kuchibiruniuraharanokoshitamamade,"[(4, ''), (3, 'kuchibiruni'), (6, 'uraharanokoshitamamade'), (4, '')]",False,False,6
230.881,231.048,kuchibiruniuraharanokoshitamamade,"[(4, ''), (3, 'kuchibiru'), (6, 'niuraharanokoshitamamade'), (4, '')]",False,False,6
230.581,230.881,kuchibiruniuraharanokoshitamamade,"[(4, ''), (3, 'kuchibi'), (6, 'runiuraharanokoshitamamade'), (4, '')]",False,False,6
230.314,230.581,kuchibiruniuraharanokoshitamamade,"[(4, ''), (3, 'kuchi'), (6, 'biruniuraharanokoshitamamade'), (4, '')]",False,False,6
229.78,230.314,kuchibiruniuraharanokoshitamamade,"[(4, ''), (3, 'ku'), (6, 'chibiruniuraharanokoshitamamade'), (4, '')]",False,True,6
175.526,176.86,kuzuretekuonshoanaminomanimani,"[(4, ''), (3, 'kuzuretekuonshoanaminomanimani'), (4, '')]",True,False,6
175.259,175.526,kuzuretekuonshoanaminomanimani,"[(4, ''), (3, 'kuzuretekuonshoanaminomanima'), (6, 'ni'), (4, '')]",False,False,6
173.357,175.259,kuzuretekuonshoanaminomanimani,"[(4, ''), (3, 'kuzuretekuonshoanaminomani'), (6, 'mani'), (4, '')]",False,False,6
173.09,173.357,kuzuretekuonshoanaminomanimani,"[(4, ''), (3, 'kuzuretekuonshoanaminoma'), (6, 'nimani'), (4, '')]",False,False,6
172.623,173.09,kuzuretekuonshoanaminomanimani,"[(4, ''), (3, 'kuzuretekuonshoanamino'), (6, 'manimani'), (4, '')]",False,False,6
172.256,172.623,kuzuretekuonshoanaminomanimani,"[(4, ''), (3, 'kuzuretekuonshoanami'), (6, 'nomanimani'), (4, '')]",False,False,6
171.955,172.256,kuzuretekuonshoanaminomanimani,"[(4, ''), (3, 'kuzuretekuonshoana'), (6, 'minomanimani'), (4, '')]",False,False,6
171.455,171.955,kuzuretekuonshoanaminomanimani,"[(4, ''), (3, 'kuzuretekuonshoa'), (6, 'naminomanimani'), (4, '')]",False,False,6
170.954,171.455,kuzuretekuonshoanaminomanimani,"[(4, ''), (3, 'kuzuretekuonsho'), (6, 'anaminomanimani'), (4, '')]",False,False,6
170.621,170.954,kuzuretekuonshoanaminomanimani,"[(4, ''), (3, 'kuzuretekuon'), (6, 'shoanaminomanimani'), (4, '')]",False,False,6
170.354,170.621,kuzuretekuonshoanaminomanimani,"[(4, ''), (3, 'kuzuretekuo'), (6, 'nshoanaminomanimani'), (4, '')]",False,False,6
169.953,170.354,kuzuretekuonshoanaminomanimani,"[(4, ''), (3, 'kuzureteku'), (6, 'onshoanaminomanimani'), (4, '')]",False,False,6
169.786,169.953,kuzuretekuonshoanaminomanimani,"[(4, ''), (3, 'kuzurete'), (6, 'kuonshoanaminomanimani'), (4, '')]",False,False,6
169.52,169.786,kuzuretekuonshoanaminomanimani,"[(4, ''), (3, 'kuzure'), (6, 'tekuonshoanaminomanimani'), (4, '')]",False,False,6
169.219,169.52,kuzuretekuonshoanaminomanimani,"[(4, ''), (3, 'kuzu'), (6, 'retekuonshoanaminomanimani'), (4, '')]",False,False,6
168.719,169.219,kuzuretekuonshoanaminomanimani,"[(4, ''), (3, 'ku'), (6, 'zuretekuonshoanaminomanimani'), (4, '')]",False,True,6
206.056,208.225,maybelovestraymyheart,"[(4, ''), (3, 'maybelovestraymyheart'), (4, '')]",True,False,6
205.722,206.056,maybelovestraymyheart,"[(4, ''), (3, 'maybelovestraymy'), (6, 'heart'), (4, '')]",False,False,6
205.255,205.722,maybelovestraymyheart,"[(4, ''), (3, 'maybelovestray'), (6, 'myheart'), (4, '')]",False,False,6
203.887,205.255,maybelovestraymyheart,"[(4, ''), (3, 'maybelove'), (6, 'straymyheart'), (4, '')]",False,False,6
203.487,203.887,maybelovestraymyheart,"[(4, ''), (3, 'maybe'), (6, 'lovestraymyheart'), (4, '')]",False,False,6
203.086,203.487,maybelovestraymyheart,"[(4, ''), (3, 'may'), (6, 'belovestraymyheart'), (4, '')]",False,False,6
144.962,147.164,maybelovestraymyheart,"[(4, ''), (3, 'maybelovestraymyheart'), (4, '')]",False,False,6
144.595,144.962,maybelovestraymyheart,"[(4, ''), (3, 'maybelovestraymy'), (6, 'heart'), (4, '')]",False,False,6
144.161,144.595,maybelovestraymyheart,"[(4, ''), (3, 'maybelovestray'), (6, 'myheart'), (4, '')]",False,False,6
142.793,144.161,maybelovestraymyheart,"[(4, ''), (3, 'maybelove'), (6, 'straymyheart'), (4, '')]",False,False,6
142.392,142.793,maybelovestraymyheart,"[(4, ''), (3, 'maybe'), (6, 'lovestraymyheart'), (4, '')]",False,False,6
141.959,142.392,maybelovestraymyheart,"[(4, ''), (3, 'may'), (6, 'belovestraymyheart'), (4, '')]",False,False,6
66.45,68.619,maybelovestraymyheart,"[(4, ''), (3, 'maybelovestraymyheart'), (4, '')]",False,False,6
66.05,66.45,maybelovestraymyheart,"[(4, ''), (3, 'maybelovestraymy'), (6, 'heart'), (4, '')]",False,False,6
65.649,66.05,maybelovestraymyheart,"[(4, ''), (3, 'maybelovestray'), (6, 'myheart'), (4, '')]",False,False,6
64.281,65.649,maybelovestraymyheart,"[(4, ''), (3, 'maybelove'), (6, 'straymyheart'), (4, '')]",False,False,6
63.881,64.281,maybelovestraymyheart,"[(4, ''), (3, 'maybe'), (6, 'lovestraymyheart'), (4, '')]",False,False,6
63.447,63.881,maybelovestraymyheart,"[(4, ''), (3, 'may'), (6, 'belovestraymyheart'), (4, '')]",False,True,6
44.895,45.996,minamikazeno,"[(4, ''), (5, 'minamikazeno'), (4, '')]",True,False,6
44.361,44.895,minamikazeno,"[(4, ''), (5, 'minamikaze'), (6, 'no'), (4, '')]",False,False,6
44.061,44.361,minamikazeno,"[(4, ''), (5, 'minamika'), (6, 'zeno'), (4, '')]",False,False,6
43.527,44.061,minamikazeno,"[(4, ''), (5, 'minami'), (6, 'kazeno'), (4, '')]",False,False,6
42.993,43.527,minamikazeno,"[(4, ''), (5, 'mina'), (6, 'mikazeno'), (4, '')]",False,False,6
42.426,42.993,minamikazeno,"[(4, ''), (5, 'mi'), (6, 'namikazeno'), (4, '')]",False,True,6
37.788,38.055,mioboearuaoiwaagen,"[(4, ''), (1, 'mioboearuaoiwaagen'), (4, '')]",True,False,6
37.454,37.788,mioboearuaoiwaagen,"[(4, ''), (1, 'mioboearuaoiwaage'), (6, 'n'), (4, '')]",False,False,6
37.221,37.454,mioboearuaoiwaagen,"[(4, ''), (1, 'mioboearuaoiwaa'), (6, 'gen'), (4, '')]",False,False,6
36.987,37.221,mioboearuaoiwaagen,"[(4, ''), (1, 'mioboearuaoiwa'), (6, 'agen'), (4, '')]",False,False,6
36.72,36.987,mioboearuaoiwaagen,"[(4, ''), (1, 'mioboearuaoi'), (6, 'waagen'), (4, '')]",False,False,6
36.453,36.72,mioboearuaoiwaagen,"[(4, ''), (1, 'mioboearuao'), (6, 'iwaagen'), (4, '')]",False,False,6
36.153,36.453,mioboearuaoiwaagen,"[(4, ''), (1, 'mioboearua'), (6, 'oiwaagen'), (4, '')]",False,False,6
35.219,36.153,mioboearuaoiwaagen,"[(4, ''), (1, 'mioboearu'), (6, 'aoiwaagen'), (4, '')]",False,False,6
35.052,35.219,mioboearuaoiwaagen,"[(4, ''), (1, 'mioboea'), (6, 'ruaoiwaagen'), (4, '')]",False,False,6
34.785,35.052,mioboearuaoiwaagen,"[(4, ''), (1, 'mioboe'), (6, 'aruaoiwaagen'), (4, '')]",False,False,6
34.518,34.785,mioboearuaoiwaagen,"[(4, ''), (1, 'miobo'), (6, 'earuaoiwaagen'), (4, '')]",False,False,6
34.251,34.518,mioboearuaoiwaagen,"[(4, ''), (1, 'mio'), (6, 'boearuaoiwaagen'), (4, '')]",False,False,6
33.984,34.251,mioboearuaoiwaagen,"[(4, ''), (1, 'mi'), (6, 'oboearuaoiwaagen'), (4, '')]",False,True,6
30.314,31.515,namiuchigiwahodoketakamiboushinosaki,"[(4, ''), (5, 'namiuchigiwahodoketakamiboushinosaki'), (4, '')]",True,False,6
30.147,30.314,namiuchigiwahodoketakamiboushinosaki,"[(4, ''), (5, 'namiuchigiwahodoketakamiboushinosa'), (6, 'ki'), (4, '')]",False,False,6
29.88,30.147,namiuchigiwahodoketakamiboushinosaki,"[(4, ''), (5, 'namiuchigiwahodoketakamiboushino'), (6, 'saki'), (4, '')]",False,False,6
29.58,29.88,namiuchigiwahodoketakamiboushinosaki,"[(4, ''), (5, 'namiuchigiwahodoketakamiboushi'), (6, 'nosaki'), (4, '')]",False,False,6
29.346,29.58,namiuchigiwahodoketakamiboushinosaki,"[(4, ''), (5, 'namiuchigiwahodoketakamibou'), (6, 'shinosaki'), (4, '')]",False,False,6
29.046,29.346,namiuchigiwahodoketakamiboushinosaki,"[(4, ''), (5, 'namiuchigiwahodoketakamibo'), (6, 'ushinosaki'), (4, '')]",False,False,6
28.679,29.046,namiuchigiwahodoketakamiboushinosaki,"[(4, ''), (5, 'namiuchigiwahodoketakami'), (6, 'boushinosaki'), (4, '')]",False,False,6
28.512,28.679,namiuchigiwahodoketakamiboushinosaki,"[(4, ''), (5, 'namiuchigiwahodoketaka'), (6, 'miboushinosaki'), (4, '')]",False,False,6
28.245,28.512,namiuchigiwahodoketakamiboushinosaki,"[(4, ''), (5, 'namiuchigiwahodoketa'), (6, 'kamiboushinosaki'), (4, '')]",False,False,6
27.978,28.245,namiuchigiwahodoketakamiboushinosaki,"[(4, ''), (5, 'namiuchigiwahodoke'), (6, 'takamiboushinosaki'), (4, '')]",False,False,6
27.711,27.978,namiuchigiwahodoketakamiboushinosaki,"[(4, ''), (5, 'namiuchigiwahodo'), (6, 'ketakamiboushinosaki'), (4, '')]",False,False,6
27.411,27.711,namiuchigiwahodoketakamiboushinosaki,"[(4, ''), (5, 'namiuchigiwaho'), (6, 'doketakamiboushinosaki'), (4, '')]",False,False,6
26.51,27.411,namiuchigiwahodoketakamiboushinosaki,"[(4, ''), (5, 'namiuchigiwa'), (6, 'hodoketakamiboushinosaki'), (4, '')]",False,False,6
26.343,26.51,namiuchigiwahodoketakamiboushinosaki,"[(4, ''), (5, 'namiuchigi'), (6, 'wahodoketakamiboushinosaki'), (4, '')]",False,False,6
26.043,26.343,namiuchigiwahodoketakamiboushinosaki,"[(4, ''), (5, 'namiuchi'), (6, 'giwahodoketakamiboushinosaki'), (4, '')]",False,False,6
25.809,26.043,namiuchigiwahodoketakamiboushinosaki,"[(4, ''), (5, 'namiu'), (6, 'chigiwahodoketakamiboushinosaki'), (4, '')]",False,False,6
25.509,25.809,namiuchigiwahodoketakamiboushinosaki,"[(4, ''), (5, 'nami'), (6, 'uchigiwahodoketakamiboushinosaki'), (4, '')]",False,False,6
25.242,25.509,namiuchigiwahodoketakamiboushinosaki,"[(4, ''), (5, 'na'), (6, 'miuchigiwahodoketakamiboushinosaki'), (4, '')]",False,True,6
71.622,72.156,nanikuwanukaooshite,"[(4, ''), (3, 'nanikuwanukaooshite'), (4, '')]",True,False,6
71.055,71.622,nanikuwanukaooshite,"[(4, ''), (3, 'nanikuwanukaooshi'), (6, 'te'), (4, '')]",False,False,6
70.554,71.055,nanikuwanukaooshite,"[(4, ''), (3, 'nanikuwanukaoo'), (6, 'shite'), (4, '')]",False,False,6
70.254,70.554,nanikuwanukaooshite,"[(4, ''), (3, 'nanikuwanukao'), (6, 'oshite'), (4, '')]",False,False,6
69.987,70.254,nanikuwanukaooshite,"[(4, ''), (3, 'nanikuwanuka'), (6, 'ooshite'), (4, '')]",False,False,6
69.586,69.987,nanikuwanukaooshite,"[(4, ''), (3, 'nanikuwanu'), (6, 'kaooshite'), (4, '')]",False,False,6
69.386,69.586,nanikuwanukaooshite,"[(4, ''), (3, 'nanikuwa'), (6, 'nukaooshite'), (4, '')]",False,False,6
69.153,69.386,nanikuwanukaooshite,"[(4, ''), (3, 'naniku'), (6, 'wanukaooshite'), (4, '')]",False,False,6
68.886,69.153,nanikuwanukaooshite,"[(4, ''), (3, 'nani'), (6, 'kuwanukaooshite'), (4, '')]",False,False,6
68.619,68.886,nanikuwanukaooshite,"[(4, ''), (3, 'na'), (6, 'nikuwanukaooshite'), (4, '')]",False,True,6
211.228,211.762,nanimokamoshinkirou,"[(4, ''), (3, 'nanimokamoshinkirou'), (4, '')]",True,False,6
210.694,211.228,nanimokamoshinkirou,"[(4, ''), (3, 'nanimokamoshinkiro'), (6, 'u'), (4, '')]",False,False,6
210.16,210.694,nanimokamoshinkirou,"[(4, ''), (3, 'nanimokamoshinki'), (6, 'rou'), (4, '')]",False,False,6
209.86,210.16,nanimokamoshinkirou,"[(4, ''), (3, 'nanimokamoshin'), (6, 'kirou'), (4, '')]",False,False,6
209.56,209.86,nanimokamoshinkirou,"[(4, ''), (3, 'nanimokamoshi'), (6, 'nkirou'), (4, '')]",False,False,6
209.226,209.56,nanimokamoshinkirou,"[(4, ''), (3, 'nanimokamo'), (6, 'shinkirou'), (4, '')]",False,False,6
209.059,209.226,nanimokamoshinkirou,"[(4, ''), (3, 'nanimoka'), (6, 'moshinkirou'), (4, '')]",False,False,6
208.792,209.059,nanimokamoshinkirou,"[(4, ''), (3, 'nanimo'), (6, 'kamoshinkirou'), (4, '')]",False,False,6
208.525,208.792,nanimokamoshinkirou,"[(4, ''), (3, 'nani'), (6, 'mokamoshinkirou'), (4, '')]",False,False,6
208.225,208.525,nanimokamoshinkirou,"[(4, ''), (3, 'na'), (6, 'nimokamoshinkirou'), (4, '')]",False,True,6
218.902,221.071,natsunomegaminokimagurene,"[(4, ''), (3, 'natsunomegaminokimagurene'), (4, '')]",True,False,6
218.602,218.902,natsunomegaminokimagurene,"[(4, ''), (3, 'natsunomegaminokimagure'), (6, 'ne'), (4, '')]",False,False,6
218.335,218.602,natsunomegaminokimagurene,"[(4, ''), (3, 'natsunomegaminokimagu'), (6, 'rene'), (4, '')]",False,False,6
216.667,218.335,natsunomegaminokimagurene,"[(4, ''), (3, 'natsunomegaminokima'), (6, 'gurene'), (4, '')]",False,False,6
216.433,216.667,natsunomegaminokimagurene,"[(4, ''), (3, 'natsunomegaminoki'), (6, 'magurene'), (4, '')]",False,False,6
215.065,216.433,natsunomegaminokimagurene,"[(4, ''), (3, 'natsunomegamino'), (6, 'kimagurene'), (4, '')]",False,False,6
214.798,215.065,natsunomegaminokimagurene,"[(4, ''), (3, 'natsunomegami'), (6, 'nokimagurene'), (4, '')]",False,False,6
214.398,214.798,natsunomegaminokimagurene,"[(4, ''), (3, 'natsunomega'), (6, 'minokimagurene'), (4, '')]",False,False,6
213.997,214.398,natsunomegaminokimagurene,"[(4, ''), (3, 'natsunome'), (6, 'gaminokimagurene'), (4, '')]",False,False,6
212.629,213.997,natsunomegaminokimagurene,"[(4, ''), (3, 'natsuno'), (6, 'megaminokimagurene'), (4, '')]",False,False,6
212.196,212.629,natsunomegaminokimagurene,"[(4, ''), (3, 'natsu'), (6, 'nomegaminokimagurene'), (4, '')]",False,False,6
211.762,212.196,natsunomegaminokimagurene,"[(4, ''), (3, 'na'), (6, 'tsunomegaminokimagurene'), (4, '')]",False,True,6
123.707,124.541,nitahitomitai,"[(4, ''), (1, 'nitahitomitai'), (4, '')]",True,False,6
123.44,123.707,nitahitomitai,"[(4, ''), (1, 'nitahitomita'), (6, 'i'), (4, '')]",False,False,6
122.906,123.44,nitahitomitai,"[(4, ''), (1, 'nitahitomi'), (6, 'tai'), (4, '')]",False,False,6
122.606,122.906,nitahitomitai,"[(4, ''), (1, 'nitahito'), (6, 'mitai'), (4, '')]",False,False,6
122.072,122.606,nitahitomitai,"[(4, ''), (1, 'nitahi'), (6, 'tomitai'), (4, '')]",False,False,6
121.505,122.072,nitahitomitai,"[(4, ''), (1, 'nita'), (6, 'hitomitai'), (4, '')]",False,False,6
120.971,121.505,nitahitomitai,"[(4, ''), (1, 'ni'), (6, 'tahitomitai'), (4, '')]",False,True,6
138.188,140.624,nomore,"[(4, ''), (3, 'nomore'), (4, '')]",True,False,6
137.888,138.188,nomore,"[(4, ''), (3, 'no'), (6, 'more'), (4, '')]",False,True,6
150.167,150.701,sarigenaishigusashite,"[(4, ''), (3, 'sarigenaishigusashite'), (4, '')]",True,False,6
149.6,150.167,sarigenaishigusashite,"[(4, ''), (3, 'sarigenaishigusashi'), (6, 'te'), (4, '')]",False,False,6
149.099,149.6,sarigenaishigusashite,"[(4, ''), (3, 'sarigenaishigusa'), (6, 'shite'), (4, '')]",False,False,6
148.799,149.099,sarigenaishigusashite,"[(4, ''), (3, 'sarigenaishigu'), (6, 'sashite'), (4, '')]",False,False,6
148.532,148.799,sarigenaishigusashite,"[(4, ''), (3, 'sarigenaishi'), (6, 'gusashite'), (4, '')]",False,False,6
148.165,148.532,sarigenaishigusashite,"[(4, ''), (3, 'sarigenai'), (6, 'shigusashite'), (4, '')]",False,False,6
147.965,148.165,sarigenaishigusashite,"[(4, ''), (3, 'sarigena'), (6, 'ishigusashite'), (4, '')]",False,False,6
147.731,147.965,sarigenaishigusashite,"[(4, ''), (3, 'sarige'), (6, 'naishigusashite'), (4, '')]",False,False,6
147.431,147.731,sarigenaishigusashite,"[(4, ''), (3, 'sari'), (6, 'genaishigusashite'), (4, '')]",False,False,6
147.164,147.431,sarigenaishigusashite,"[(4, ''), (3, 'sa'), (6, 'rigenaishigusashite'), (4, '')]",False,True,6
115.966,116.6,shaberisugiyoakitekitawa,"[(4, ''), (5, 'shaberisugiyoakitekitawa'), (4, '')]",True,False,6
115.799,115.966,shaberisugiyoakitekitawa,"[(4, ''), (5, 'shaberisugiyoakitekita'), (6, 'wa'), (4, '')]",False,False,6
115.532,115.799,shaberisugiyoakitekitawa,"[(4, ''), (5, 'shaberisugiyoakiteki'), (6, 'tawa'), (4, '')]",False,False,6
115.265,115.532,shaberisugiyoakitekitawa,"[(4, ''), (5, 'shaberisugiyoakite'), (6, 'kitawa'), (4, '')]",False,False,6
114.965,115.265,shaberisugiyoakitekitawa,"[(4, ''), (5, 'shaberisugiyoaki'), (6, 'tekitawa'), (4, '')]",False,False,6
114.698,114.965,shaberisugiyoakitekitawa,"[(4, ''), (5, 'shaberisugiyoa'), (6, 'kitekitawa'), (4, '')]",False,False,6
113.764,114.698,shaberisugiyoakitekitawa,"[(4, ''), (5, 'shaberisugiyo'), (6, 'akitekitawa'), (4, '')]",False,False,6
113.63,113.764,shaberisugiyoakitekitawa,"[(4, ''), (5, 'shaberisugi'), (6, 'yoakitekitawa'), (4, '')]",False,False,6
113.33,113.63,shaberisugiyoakitekitawa,"[(4, ''), (5, 'shaberisu'), (6, 'giyoakitekitawa'), (4, '')]",False,False,6
113.063,113.33,shaberisugiyoakitekitawa,"[(4, ''), (5, 'shaberi'), (6, 'sugiyoakitekitawa'), (4, '')]",False,False,6
112.796,113.063,shaberisugiyoakitekitawa,"[(4, ''), (5, 'shabe'), (6, 'risugiyoakitekitawa'), (4, '')]",False,False,6
112.529,112.796,shaberisugiyoakitekitawa,"[(4, ''), (5, 'sha'), (6, 'berisugiyoakitekitawa'), (4, '')]",False,True,6
119.069,119.87,staytheflashlight,"[(4, ''), (5, 'staytheflashlight'), (4, '')]",True,False,6
118.535,119.069,staytheflashlight,"[(4, ''), (5, 'staytheflash'), (6, 'light'), (4, '')]",False,False,6
118.235,118.535,staytheflashlight,"[(4, ''), (5, 'staythe'), (6, 'flashlight'), (4, '')]",False,False,6
116.6,118.235,staytheflashlight,"[(4, ''), (5, 'stay'), (6, 'theflashlight'), (4, '')]",False,True,6
40.491,41.325,stoptheflashback,"[(4, ''), (1, 'stoptheflashback'), (4, '')]",True,False,6
39.99,40.491,stoptheflashback,"[(4, ''), (1, 'stoptheflash'), (6, 'back'), (4, '')]",False,False,6
39.69,39.99,stoptheflashback,"[(4, ''), (1, 'stopthe'), (6, 'flashback'), (4, '')]",False,False,6
38.055,39.69,stoptheflashback,"[(4, ''), (1, 'stop'), (6, 'theflashback'), (4, '')]",False,True,6
127.778,128.912,tokekaketamahoune,"[(4, ''), (1, 'tokekaketamahoune'), (4, '')]",True,False,6
127.244,127.778,tokekaketamahoune,"[(4, ''), (1, 'tokekaketamahou'), (6, 'ne'), (4, '')]",False,False,6
126.977,127.244,tokekaketamahoune,"[(4, ''), (1, 'tokekaketamaho'), (6, 'une'), (4, '')]",False,False,6
126.71,126.977,tokekaketamahoune,"[(4, ''), (1, 'tokekaketama'), (6, 'houne'), (4, '')]",False,False,6
126.41,126.71,tokekaketamahoune,"[(4, ''), (1, 'tokekaketa'), (6, 'mahoune'), (4, '')]",False,False,6
125.876,126.41,tokekaketamahoune,"[(4, ''), (1, 'tokekake'), (6, 'tamahoune'), (4, '')]",False,False,6
125.075,125.876,tokekaketamahoune,"[(4, ''), (1, 'tokeka'), (6, 'ketamahoune'), (4, '')]",False,False,6
124.808,125.075,tokekaketamahoune,"[(4, ''), (1, 'toke'), (6, 'kaketamahoune'), (4, '')]",False,False,6
124.541,124.808,tokekaketamahoune,"[(4, ''), (1, 'to'), (6, 'kekaketamahoune'), (4, '')]",False,True,6
135.052,137.888,tooinatsunoanomemainimodoritaino,"[(4, ''), (1, 'tooinatsunoano'), (3, 'memaini'), (1, 'modoritaino'), (4, '')]",True,False,6
134.818,135.052,tooinatsunoanomemainimodoritaino,"[(4, ''), (1, 'tooinatsunoano'), (3, 'memaini'), (1, 'modoritai'), (6, 'no'), (4, '')]",False,False,6
134.618,134.818,tooinatsunoanomemainimodoritaino,"[(4, ''), (1, 'tooinatsunoano'), (3, 'memaini'), (1, 'modorita'), (6, 'ino'), (4, '')]",False,False,6
133.817,134.618,tooinatsunoanomemainimodoritaino,"[(4, ''), (1, 'tooinatsunoano'), (3, 'memaini'), (1, 'modori'), (6, 'taino'), (4, '')]",False,False,6
133.517,133.817,tooinatsunoanomemainimodoritaino,"[(4, ''), (1, 'tooinatsunoano'), (3, 'memaini'), (1, 'modo'), (6, 'ritaino'), (4, '')]",False,False,6
133.25,133.517,tooinatsunoanomemainimodoritaino,"[(4, ''), (1, 'tooinatsunoano'), (3, 'memaini'), (1, 'mo'), (6, 'doritaino'), (4, '')]",False,False,6
132.716,133.25,tooinatsunoanomemainimodoritaino,"[(4, ''), (1, 'tooinatsunoano'), (3, 'memaini'), (6, 'modoritaino'), (4, '')]",False,False,6
132.449,132.716,tooinatsunoanomemainimodoritaino,"[(4, ''), (1, 'tooinatsunoano'), (3, 'memai'), (6, 'nimodoritaino'), (4, '')]",False,False,6
132.182,132.449,tooinatsunoanomemainimodoritaino,"[(4, ''), (1, 'tooinatsunoano'), (3, 'mema'), (6, 'inimodoritaino'), (4, '')]",False,False,6
131.648,132.182,tooinatsunoanomemainimodoritaino,"[(4, ''), (1, 'tooinatsunoano'), (3, 'me'), (6, 'mainimodoritaino'), (4, '')]",False,False,6
131.348,131.648,tooinatsunoanomemainimodoritaino,"[(4, ''), (1, 'tooinatsunoano'), (6, 'memainimodoritaino'), (4, '')]",False,False,6
131.081,131.348,tooinatsunoanomemainimodoritaino,"[(4, ''), (1, 'tooinatsunoa'), (6, 'nomemainimodoritaino'), (4, '')]",False,False,6
130.547,131.081,tooinatsunoanomemainimodoritaino,"[(4, ''), (1, 'tooinatsuno'), (6, 'anomemainimodoritaino'), (4, '')]",False,False,6
130.28,130.547,tooinatsunoanomemainimodoritaino,"[(4, ''), (1, 'tooinatsu'), (6, 'noanomemainimodoritaino'), (4, '')]",False,False,6
129.98,130.28,tooinatsunoanomemainimodoritaino,"[(4, ''), (1, 'tooina'), (6, 'tsunoanomemainimodoritaino'), (4, '')]",False,False,6
129.446,129.98,tooinatsunoanomemainimodoritaino,"[(4, ''), (1, 'tooi'), (6, 'natsunoanomemainimodoritaino'), (4, '')]",False,False,6
129.179,129.446,tooinatsunoanomemainimodoritaino,"[(4, ''), (1, 'too'), (6, 'inatsunoanomemainimodoritaino'), (4, '')]",False,False,6
128.912,129.179,tooinatsunoanomemainimodoritaino,"[(4, ''), (1, 'to'), (6, 'oinatsunoanomemainimodoritaino'), (4, '')]",False,True,6
56.407,59.309,tooinatsunoanomemainimodosanaide,"[(4, ''), (5, 'tooinatsunoano'), (3, 'memaini'), (5, 'modosanaide'), (4, '')]",True,False,6
56.24,56.407,tooinatsunoanomemainimodosanaide,"[(4, ''), (5, 'tooinatsunoano'), (3, 'memaini'), (5, 'modosanai'), (6, 'de'), (4, '')]",False,False,6
56.073,56.24,tooinatsunoanomemainimodosanaide,"[(4, ''), (5, 'tooinatsunoano'), (3, 'memaini'), (5, 'modosana'), (6, 'ide'), (4, '')]",False,False,6
55.239,56.073,tooinatsunoanomemainimodosanaide,"[(4, ''), (5, 'tooinatsunoano'), (3, 'memaini'), (5, 'modosa'), (6, 'naide'), (4, '')]",False,False,6
54.972,55.239,tooinatsunoanomemainimodosanaide,"[(4, ''), (5, 'tooinatsunoano'), (3, 'memaini'), (5, 'modo'), (6, 'sanaide'), (4, '')]",False,False,6
54.671,54.972,tooinatsunoanomemainimodosanaide,"[(4, ''), (5, 'tooinatsunoano'), (3, 'memaini'), (5, 'mo'), (6, 'dosanaide'), (4, '')]",False,False,6
54.171,54.671,tooinatsunoanomemainimodosanaide,"[(4, ''), (5, 'tooinatsunoano'), (3, 'memaini'), (6, 'modosanaide'), (4, '')]",False,False,6
53.871,54.171,tooinatsunoanomemainimodosanaide,"[(4, ''), (5, 'tooinatsunoano'), (3, 'memai'), (6, 'nimodosanaide'), (4, '')]",False,False,6
53.604,53.871,tooinatsunoanomemainimodosanaide,"[(4, ''), (5, 'tooinatsunoano'), (3, 'mema'), (6, 'inimodosanaide'), (4, '')]",False,False,6
53.07,53.604,tooinatsunoanomemainimodosanaide,"[(4, ''), (5, 'tooinatsunoano'), (3, 'me'), (6, 'mainimodosanaide'), (4, '')]",False,False,6
52.803,53.07,tooinatsunoanomemainimodosanaide,"[(4, ''), (5, 'tooinatsunoano'), (6, 'memainimodosanaide'), (4, '')]",False,False,6
52.503,52.803,tooinatsunoanomemainimodosanaide,"[(4, ''), (5, 'tooinatsunoa'), (6, 'nomemainimodosanaide'), (4, '')]",False,False,6
51.969,52.503,tooinatsunoanomemainimodosanaide,"[(4, ''), (5, 'tooinatsuno'), (6, 'anomemainimodosanaide'), (4, '')]",False,False,6
51.702,51.969,tooinatsunoanomemainimodosanaide,"[(4, ''), (5, 'tooinatsu'), (6, 'noanomemainimodosanaide'), (4, '')]",False,False,6
51.435,51.702,tooinatsunoanomemainimodosanaide,"[(4, ''), (5, 'tooina'), (6, 'tsunoanomemainimodosanaide'), (4, '')]",False,False,6
50.901,51.435,tooinatsunoanomemainimodosanaide,"[(4, ''), (5, 'tooi'), (6, 'natsunoanomemainimodosanaide'), (4, '')]",False,False,6
50.601,50.901,tooinatsunoanomemainimodosanaide,"[(4, ''), (5, 'too'), (6, 'inatsunoanomemainimodosanaide'), (4, '')]",False,False,6
50.334,50.601,tooinatsunoanomemainimodosanaide,"[(4, ''), (5, 'to'), (6, 'oinatsunoanomemainimodosanaide'), (4, '')]",False,True,6
243.06,243.16,turnaround,"[(4, ''), (3, 'turnaround'), (4, '')]",True,False,6
242.993,243.06,turnaround,"[(4, ''), (3, 'turnaround'), (4, '')]",False,False,6
242.926,242.993,turnaround,"[(4, ''), (3, 'turnaround'), (4, '')]",False,False,6
242.859,242.926,turnaround,"[(4, ''), (3, 'turnaround'), (4, '')]",False,False,6
242.793,242.859,turnaround,"[(4, ''), (3, 'turnaround'), (4, '')]",False,False,6
242.726,242.793,turnaround,"[(4, ''), (3, 'turnaround'), (4, '')]",False,False,6
242.659,242.726,turnaround,"[(4, ''), (3, 'turnaround'), (4, '')]",False,False,6
242.593,242.659,turnaround,"[(4, ''), (3, 'turnaround'), (4, '')]",False,False,6
242.526,242.593,turnaround,"[(4, ''), (3, 'turnaround'), (4, '')]",False,False,6
242.459,242.526,turnaround,"[(4, ''), (3, 'turnaround'), (4, '')]",False,False,6
242.392,242.459,turnaround,"[(4, ''), (3, 'turnaround'), (4, '')]",False,False,6
242.326,242.392,turnaround,"[(4, ''), (3, 'turnaround'), (4, '')]",False,False,6
242.259,242.326,turnaround,"[(4, ''), (3, 'turnaround'), (4, '')]",False,False,6
242.192,242.259,turnaround,"[(4, ''), (3, 'turnaround'), (4, '')]",False,False,6
242.125,242.192,turnaround,"[(4, ''), (3, 'turnaround'), (4, '')]",False,False,6
242.059,242.125,turnaround,"[(4, ''), (3, 'turnaround'), (4, '')]",False,False,6
238.555,242.059,turnaround,"[(4, ''), (3, 'turnaround'), (4, '')]",False,False,6
238.255,238.555,turnaround,"[(4, ''), (3, 'turna'), (6, 'round'), (4, '')]",False,False,6
237.988,238.255,turnaround,"[(4, ''), (3, 'turn'), (6, 'around'), (4, '')]",False,False,6
177.427,180.697,turnaround,"[(4, ''), (3, 'turnaround'), (4, '')]",False,False,6
177.161,177.427,turnaround,"[(4, ''), (3, 'turna'), (6, 'round'), (4, '')]",False,False,6
176.86,177.161,turnaround,"[(4, ''), (3, 'turn'), (6, 'around'), (4, '')]",False,True,6
164.348,166.783,yuutachinitsukiaukinaikara,"[(4, ''), (5, 'yuutachinitsukiaukinaikara'), (4, '')]",True,False,6
163.914,164.348,yuutachinitsukiaukinaikara,"[(4, ''), (5, 'yuutachinitsukiaukinaika'), (6, 'ra'), (4, '')]",False,False,6
163.514,163.914,yuutachinitsukiaukinaikara,"[(4, ''), (5, 'yuutachinitsukiaukinai'), (6, 'kara'), (4, '')]",False,False,6
163.213,163.514,yuutachinitsukiaukinaikara,"[(4, ''), (5, 'yuutachinitsukiaukina'), (6, 'ikara'), (4, '')]",False,False,6
162.713,163.213,yuutachinitsukiaukinaikara,"[(4, ''), (5, 'yuutachinitsukiauki'), (6, 'naikara'), (4, '')]",False,False,6
162.412,162.713,yuutachinitsukiaukinaikara,"[(4, ''), (5, 'yuutachinitsukiau'), (6, 'kinaikara'), (4, '')]",False,False,6
162.179,162.412,yuutachinitsukiaukinaikara,"[(4, ''), (5, 'yuutachinitsukia'), (6, 'ukinaikara'), (4, '')]",False,False,6
161.879,162.179,yuutachinitsukiaukinaikara,"[(4, ''), (5, 'yuutachinitsuki'), (6, 'aukinaikara'), (4, '')]",False,False,6
161.612,161.879,yuutachinitsukiaukinaikara,"[(4, ''), (5, 'yuutachinitsu'), (6, 'kiaukinaikara'), (4, '')]",False,False,6
161.211,161.612,yuutachinitsukiaukinaikara,"[(4, ''), (5, 'yuutachini'), (6, 'tsukiaukinaikara'), (4, '')]",False,False,6
161.044,161.211,yuutachinitsukiaukinaikara,"[(4, ''), (5, 'yuutachi'), (6, 'nitsukiaukinaikara'), (4, '')]",False,False,6
160.777,161.044,yuutachinitsukiaukinaikara,"[(4, ''), (5, 'yuuta'), (6, 'chinitsukiaukinaikara'), (4, '')]",False,False,6
160.511,160.777,yuutachinitsukiaukinaikara,"[(4, ''), (5, 'yuu'), (6, 'tachinitsukiaukinaikara'), (4, '')]",False,False,6
159.977,160.511,yuutachinitsukiaukinaikara,"[(4, ''), (5, 'yu'), (6, 'utachinitsukiaukinaikara'), (4, '')]",False,True,6
