start,end,unformatted,segments,ref_start,ref_end,common_number
44.819,45.252,acchikocchidocchi,"[(9, 'acchikocchidocchi')]",True,False,12
44.652,44.819,acchikocchidocchi,"[(9, 'acchikocchidoc'), (12, 'chi')]",False,False,12
44.452,44.652,acchikocchidocchi,"[(9, 'acchikocchi'), (12, 'docchi')]",False,False,12
44.251,44.452,acchikocchidocchi,"[(9, 'acchikoc'), (12, 'chidocchi')]",False,False,12
44.051,44.251,acchikocchidocchi,"[(9, 'acchi'), (12, 'kocchidocchi')]",False,False,12
43.851,44.051,acchikocchidocchi,"[(9, 'ac'), (12, 'chikocchidocchi')]",False,True,12
163.037,163.669,ahh,"[(24, 'ahh')]",True,True,0
69.844,70.244,areyouready?,"[(10, 'areyouready?')]",True,False,12
69.543,69.844,areyouready?,"[(10, 'areyourea'), (12, 'dy?')]",False,False,12
69.443,69.543,areyouready?,"[(10, 'areyou'), (12, 'ready?')]",False,False,12
69.243,69.443,areyouready?,"[(10, 'are'), (12, 'youready?')]",False,True,12
252.826,253.259,atogofuniyajuppunmatasete,"[(1, 'atogofuniyajuppunmatasete')]",True,False,12
252.626,252.826,atogofuniyajuppunmatasete,"[(1, 'atogofuniyajuppunmatase'), (12, 'te')]",False,False,12
252.226,252.626,atogofuniyajuppunmatasete,"[(1, 'atogofuniyajuppunmata'), (12, 'sete')]",False,False,12
252.026,252.226,atogofuniyajuppunmatasete,"[(1, 'atogofuniyajuppunma'), (12, 'tasete')]",False,False,12
251.825,252.026,atogofuniyajuppunmatasete,"[(1, 'atogofuniyajuppun'), (12, 'matasete')]",False,False,12
251.625,251.825,atogofuniyajuppunmatasete,"[(1, 'atogofuniyajup'), (12, 'punmatasete')]",False,False,12
251.425,251.625,atogofuniyajuppunmatasete,"[(1, 'atogofuniya'), (12, 'juppunmatasete')]",False,False,12
251.325,251.425,atogofuniyajuppunmatasete,"[(1, 'atogofuni'), (12, 'yajuppunmatasete')]",False,False,12
250.424,251.325,atogofuniyajuppunmatasete,"[(1, 'atogofun'), (12, 'iyajuppunmatasete')]",False,False,12
250.224,250.424,atogofuniyajuppunmatasete,"[(1, 'atogofu'), (12, 'niyajuppunmatasete')]",False,False,12
249.823,250.224,atogofuniyajuppunmatasete,"[(1, 'atogo'), (12, 'funiyajuppunmatasete')]",False,False,12
249.623,249.823,atogofuniyajuppunmatasete,"[(1, 'ato'), (12, 'gofuniyajuppunmatasete')]",False,False,12
249.423,249.623,atogofuniyajuppunmatasete,"[(1, 'a'), (12, 'togofuniyajuppunmatasete')]",False,False,12
96.037,96.469,atogofuniyajuppunmatasete,"[(18, 'atogofuniyajuppunmatasete')]",False,False,12
95.836,96.037,atogofuniyajuppunmatasete,"[(18, 'atogofuniyajuppunmatase'), (12, 'te')]",False,False,12
95.436,95.836,atogofuniyajuppunmatasete,"[(18, 'atogofuniyajuppunmata'), (12, 'sete')]",False,False,12
95.269,95.436,atogofuniyajuppunmatasete,"[(18, 'atogofuniyajuppunma'), (12, 'tasete')]",False,False,12
95.036,95.269,atogofuniyajuppunmatasete,"[(18, 'atogofuniyajuppun'), (12, 'matasete')]",False,False,12
94.835,95.036,atogofuniyajuppunmatasete,"[(18, 'atogofuniyajup'), (12, 'punmatasete')]",False,False,12
94.635,94.835,atogofuniyajuppunmatasete,"[(18, 'atogofuniya'), (12, 'juppunmatasete')]",False,False,12
94.535,94.635,atogofuniyajuppunmatasete,"[(18, 'atogofuni'), (12, 'yajuppunmatasete')]",False,False,12
93.634,94.535,atogofuniyajuppunmatasete,"[(18, 'atogofun'), (12, 'iyajuppunmatasete')]",False,False,12
93.434,93.634,atogofuniyajuppunmatasete,"[(18, 'atogofu'), (12, 'niyajuppunmatasete')]",False,False,12
93.034,93.434,atogofuniyajuppunmatasete,"[(18, 'atogo'), (12, 'funiyajuppunmatasete')]",False,False,12
92.833,93.034,atogofuniyajuppunmatasete,"[(18, 'ato'), (12, 'gofuniyajuppunmatasete')]",False,False,12
92.633,92.833,atogofuniyajuppunmatasete,"[(18, 'a'), (12, 'togofuniyajuppunmatasete')]",False,True,12
50.825,51.659,baasudeimadasakidesho?,"[(20, 'baasudeimadasakidesho?')]",True,False,12
50.624,50.825,baasudeimadasakidesho?,"[(20, 'baasudeimadasakide'), (12, 'sho?')]",False,False,12
50.458,50.624,baasudeimadasakidesho?,"[(20, 'baasudeimadasaki'), (12, 'desho?')]",False,False,12
50.224,50.458,baasudeimadasakidesho?,"[(20, 'baasudeimadasa'), (12, 'kidesho?')]",False,False,12
50.024,50.224,baasudeimadasakidesho?,"[(20, 'baasudeimada'), (12, 'sakidesho?')]",False,False,12
49.824,50.024,baasudeimadasakidesho?,"[(20, 'baasudeima'), (12, 'dasakidesho?')]",False,False,12
49.223,49.824,baasudeimadasakidesho?,"[(20, 'baasudei'), (12, 'madasakidesho?')]",False,False,12
49.023,49.223,baasudeimadasakidesho?,"[(20, 'baasu'), (12, 'deimadasakidesho?')]",False,False,12
48.422,49.023,baasudeimadasakidesho?,"[(20, 'baa'), (12, 'sudeimadasakidesho?')]",False,True,12
38.045,38.846,bakkuappuwamakasete,"[(8, 'bakkuappuwamakasete')]",True,False,12
37.845,38.045,bakkuappuwamakasete,"[(8, 'bakkuappuwamakase'), (12, 'te')]",False,False,12
37.645,37.845,bakkuappuwamakasete,"[(8, 'bakkuappuwamaka'), (12, 'sete')]",False,False,12
37.445,37.645,bakkuappuwamakasete,"[(8, 'bakkuappuwama'), (12, 'kasete')]",False,False,12
37.244,37.445,bakkuappuwamakasete,"[(8, 'bakkuappuwa'), (12, 'makasete')]",False,False,12
37.044,37.244,bakkuappuwamakasete,"[(8, 'bakkuappu'), (12, 'wamakasete')]",False,False,12
36.444,37.044,bakkuappuwamakasete,"[(8, 'bakkuap'), (12, 'puwamakasete')]",False,False,12
36.243,36.444,bakkuappuwamakasete,"[(8, 'bakku'), (12, 'appuwamakasete')]",False,False,12
35.643,36.243,bakkuappuwamakasete,"[(8, 'bak'), (12, 'kuappuwamakasete')]",False,True,12
134.442,134.642,butsukarebamataatarashiichishikihakkutsu,"[(21, 'butsukarebamataatarashiichishikihakkutsu')]",True,False,12
134.241,134.442,butsukarebamataatarashiichishikihakkutsu,"[(21, 'butsukarebamataatarashiichishikihakku'), (12, 'tsu')]",False,False,12
134.141,134.241,butsukarebamataatarashiichishikihakkutsu,"[(21, 'butsukarebamataatarashiichishikihak'), (12, 'kutsu')]",False,False,12
134.041,134.141,butsukarebamataatarashiichishikihakkutsu,"[(21, 'butsukarebamataatarashiichishiki'), (12, 'hakkutsu')]",False,False,12
133.941,134.041,butsukarebamataatarashiichishikihakkutsu,"[(21, 'butsukarebamataatarashiichishi'), (12, 'kihakkutsu')]",False,False,12
133.841,133.941,butsukarebamataatarashiichishikihakkutsu,"[(21, 'butsukarebamataatarashiichi'), (12, 'shikihakkutsu')]",False,False,12
133.741,133.841,butsukarebamataatarashiichishikihakkutsu,"[(21, 'butsukarebamataatarashii'), (12, 'chishikihakkutsu')]",False,False,12
133.641,133.741,butsukarebamataatarashiichishikihakkutsu,"[(21, 'butsukarebamataatarashi'), (12, 'ichishikihakkutsu')]",False,False,12
133.541,133.641,butsukarebamataatarashiichishikihakkutsu,"[(21, 'butsukarebamataatara'), (12, 'shiichishikihakkutsu')]",False,False,12
133.441,133.541,butsukarebamataatarashiichishikihakkutsu,"[(21, 'butsukarebamataata'), (12, 'rashiichishikihakkutsu')]",False,False,12
133.34,133.441,butsukarebamataatarashiichishikihakkutsu,"[(21, 'butsukarebamataa'), (12, 'tarashiichishikihakkutsu')]",False,False,12
133.107,133.34,butsukarebamataatarashiichishikihakkutsu,"[(21, 'butsukarebamata'), (12, 'atarashiichishikihakkutsu')]",False,False,12
133.04,133.107,butsukarebamataatarashiichishikihakkutsu,"[(21, 'butsukarebama'), (12, 'taatarashiichishikihakkutsu')]",False,False,12
132.84,133.04,butsukarebamataatarashiichishikihakkutsu,"[(21, 'butsukareba'), (12, 'mataatarashiichishikihakkutsu')]",False,False,12
132.74,132.84,butsukarebamataatarashiichishikihakkutsu,"[(21, 'butsukare'), (12, 'bamataatarashiichishikihakkutsu')]",False,False,12
132.64,132.74,butsukarebamataatarashiichishikihakkutsu,"[(21, 'butsuka'), (12, 'rebamataatarashiichishikihakkutsu')]",False,False,12
132.54,132.64,butsukarebamataatarashiichishikihakkutsu,"[(21, 'butsu'), (12, 'karebamataatarashiichishikihakkutsu')]",False,False,12
132.44,132.54,butsukarebamataatarashiichishikihakkutsu,"[(21, 'bu'), (12, 'tsukarebamataatarashiichishikihakkutsu')]",False,True,12
211.452,211.652,chikyuunouragawamadebokuohakonde,"[(13, 'chikyuunouragawamadebokuohakonde')]",True,False,12
211.218,211.452,chikyuunouragawamadebokuohakonde,"[(13, 'chikyuunouragawamadebokuohakon'), (12, 'de')]",False,False,12
211.051,211.218,chikyuunouragawamadebokuohakonde,"[(13, 'chikyuunouragawamadebokuohako'), (12, 'nde')]",False,False,12
210.751,211.051,chikyuunouragawamadebokuohakonde,"[(13, 'chikyuunouragawamadebokuoha'), (12, 'konde')]",False,False,12
210.618,210.751,chikyuunouragawamadebokuohakonde,"[(13, 'chikyuunouragawamadebokuo'), (12, 'hakonde')]",False,False,12
210.451,210.618,chikyuunouragawamadebokuohakonde,"[(13, 'chikyuunouragawamadeboku'), (12, 'ohakonde')]",False,False,12
210.251,210.451,chikyuunouragawamadebokuohakonde,"[(13, 'chikyuunouragawamadebo'), (12, 'kuohakonde')]",False,False,12
210.017,210.251,chikyuunouragawamadebokuohakonde,"[(13, 'chikyuunouragawamade'), (12, 'bokuohakonde')]",False,False,12
209.817,210.017,chikyuunouragawamadebokuohakonde,"[(13, 'chikyuunouragawama'), (12, 'debokuohakonde')]",False,False,12
209.65,209.817,chikyuunouragawamadebokuohakonde,"[(13, 'chikyuunouragawa'), (12, 'madebokuohakonde')]",False,False,12
209.45,209.65,chikyuunouragawamadebokuohakonde,"[(13, 'chikyuunouraga'), (12, 'wamadebokuohakonde')]",False,False,12
209.15,209.45,chikyuunouragawamadebokuohakonde,"[(13, 'chikyuunoura'), (12, 'gawamadebokuohakonde')]",False,False,12
209.016,209.15,chikyuunouragawamadebokuohakonde,"[(13, 'chikyuunou'), (12, 'ragawamadebokuohakonde')]",False,False,12
208.816,209.016,chikyuunouragawamadebokuohakonde,"[(13, 'chikyuuno'), (12, 'uragawamadebokuohakonde')]",False,False,12
208.649,208.816,chikyuunouragawamadebokuohakonde,"[(13, 'chikyuu'), (12, 'nouragawamadebokuohakonde')]",False,False,12
208.415,208.649,chikyuunouragawamadebokuohakonde,"[(13, 'chi'), (12, 'kyuunouragawamadebokuohakonde')]",False,False,12
147.455,147.655,chikyuunouragawamadebokuohakonde,"[(5, 'chikyuunouragawamadebokuohakonde')]",False,False,12
147.254,147.455,chikyuunouragawamadebokuohakonde,"[(5, 'chikyuunouragawamadebokuohakon'), (12, 'de')]",False,False,12
147.054,147.254,chikyuunouragawamadebokuohakonde,"[(5, 'chikyuunouragawamadebokuohako'), (12, 'nde')]",False,False,12
146.754,147.054,chikyuunouragawamadebokuohakonde,"[(5, 'chikyuunouragawamadebokuoha'), (12, 'konde')]",False,False,12
146.62,146.754,chikyuunouragawamadebokuohakonde,"[(5, 'chikyuunouragawamadebokuo'), (12, 'hakonde')]",False,False,12
146.454,146.62,chikyuunouragawamadebokuohakonde,"[(5, 'chikyuunouragawamadeboku'), (12, 'ohakonde')]",False,False,12
146.253,146.454,chikyuunouragawamadebokuohakonde,"[(5, 'chikyuunouragawamadebo'), (12, 'kuohakonde')]",False,False,12
146.02,146.253,chikyuunouragawamadebokuohakonde,"[(5, 'chikyuunouragawamade'), (12, 'bokuohakonde')]",False,False,12
145.82,146.02,chikyuunouragawamadebokuohakonde,"[(5, 'chikyuunouragawama'), (12, 'debokuohakonde')]",False,False,12
145.653,145.82,chikyuunouragawamadebokuohakonde,"[(5, 'chikyuunouragawa'), (12, 'madebokuohakonde')]",False,False,12
145.453,145.653,chikyuunouragawamadebokuohakonde,"[(5, 'chikyuunouraga'), (12, 'wamadebokuohakonde')]",False,False,12
145.152,145.453,chikyuunouragawamadebokuohakonde,"[(5, 'chikyuunoura'), (12, 'gawamadebokuohakonde')]",False,False,12
145.019,145.152,chikyuunouragawamadebokuohakonde,"[(5, 'chikyuunou'), (12, 'ragawamadebokuohakonde')]",False,False,12
144.819,145.019,chikyuunouragawamadebokuohakonde,"[(5, 'chikyuuno'), (12, 'uragawamadebokuohakonde')]",False,False,12
144.652,144.819,chikyuunouragawamadebokuohakonde,"[(5, 'chikyuu'), (12, 'nouragawamadebokuohakonde')]",False,False,12
144.418,144.652,chikyuunouragawamadebokuohakonde,"[(5, 'chi'), (12, 'kyuunouragawamadebokuohakonde')]",False,True,12
128.769,129.437,choushininoridasudemosugunihekomidasu,"[(4, 'choushininoridasudemosugunihekomidasu')]",True,False,12
128.636,128.769,choushininoridasudemosugunihekomidasu,"[(4, 'choushininoridasudemosugunihekomida'), (12, 'su')]",False,False,12
128.436,128.636,choushininoridasudemosugunihekomidasu,"[(4, 'choushininoridasudemosugunihekomi'), (12, 'dasu')]",False,False,12
128.269,128.436,choushininoridasudemosugunihekomidasu,"[(4, 'choushininoridasudemosuguniheko'), (12, 'midasu')]",False,False,12
128.035,128.269,choushininoridasudemosugunihekomidasu,"[(4, 'choushininoridasudemosugunihe'), (12, 'komidasu')]",False,False,12
127.835,128.035,choushininoridasudemosugunihekomidasu,"[(4, 'choushininoridasudemosuguni'), (12, 'hekomidasu')]",False,False,12
127.635,127.835,choushininoridasudemosugunihekomidasu,"[(4, 'choushininoridasudemosugu'), (12, 'nihekomidasu')]",False,False,12
127.435,127.635,choushininoridasudemosugunihekomidasu,"[(4, 'choushininoridasudemosu'), (12, 'gunihekomidasu')]",False,False,12
127.234,127.435,choushininoridasudemosugunihekomidasu,"[(4, 'choushininoridasudemo'), (12, 'sugunihekomidasu')]",False,False,12
127.068,127.234,choushininoridasudemosugunihekomidasu,"[(4, 'choushininoridasude'), (12, 'mosugunihekomidasu')]",False,False,12
126.634,127.068,choushininoridasudemosugunihekomidasu,"[(4, 'choushininoridasu'), (12, 'demosugunihekomidasu')]",False,False,12
126.434,126.634,choushininoridasudemosugunihekomidasu,"[(4, 'choushininorida'), (12, 'sudemosugunihekomidasu')]",False,False,12
126.233,126.434,choushininoridasudemosugunihekomidasu,"[(4, 'choushininori'), (12, 'dasudemosugunihekomidasu')]",False,False,12
126.067,126.233,choushininoridasudemosugunihekomidasu,"[(4, 'choushinino'), (12, 'ridasudemosugunihekomidasu')]",False,False,12
125.866,126.067,choushininoridasudemosugunihekomidasu,"[(4, 'choushini'), (12, 'noridasudemosugunihekomidasu')]",False,False,12
125.666,125.866,choushininoridasudemosugunihekomidasu,"[(4, 'choushi'), (12, 'ninoridasudemosugunihekomidasu')]",False,False,12
125.466,125.666,choushininoridasudemosugunihekomidasu,"[(4, 'chou'), (12, 'shininoridasudemosugunihekomidasu')]",False,True,12
136.143,136.444,demochikaratsukiteshimaebasokomade,"[(21, 'demochikaratsukiteshimaebasokomade')]",True,False,12
136.01,136.143,demochikaratsukiteshimaebasokomade,"[(21, 'demochikaratsukiteshimaebasokoma'), (12, 'de')]",False,False,12
135.91,136.01,demochikaratsukiteshimaebasokomade,"[(21, 'demochikaratsukiteshimaebasoko'), (12, 'made')]",False,False,12
135.843,135.91,demochikaratsukiteshimaebasokomade,"[(21, 'demochikaratsukiteshimaebaso'), (12, 'komade')]",False,False,12
135.743,135.843,demochikaratsukiteshimaebasokomade,"[(21, 'demochikaratsukiteshimaeba'), (12, 'sokomade')]",False,False,12
135.643,135.743,demochikaratsukiteshimaebasokomade,"[(21, 'demochikaratsukiteshimae'), (12, 'basokomade')]",False,False,12
135.543,135.643,demochikaratsukiteshimaebasokomade,"[(21, 'demochikaratsukiteshima'), (12, 'ebasokomade')]",False,False,12
135.443,135.543,demochikaratsukiteshimaebasokomade,"[(21, 'demochikaratsukiteshi'), (12, 'maebasokomade')]",False,False,12
135.342,135.443,demochikaratsukiteshimaebasokomade,"[(21, 'demochikaratsukite'), (12, 'shimaebasokomade')]",False,False,12
135.242,135.342,demochikaratsukiteshimaebasokomade,"[(21, 'demochikaratsuki'), (12, 'teshimaebasokomade')]",False,False,12
135.142,135.242,demochikaratsukiteshimaebasokomade,"[(21, 'demochikaratsu'), (12, 'kiteshimaebasokomade')]",False,False,12
135.042,135.142,demochikaratsukiteshimaebasokomade,"[(21, 'demochikara'), (12, 'tsukiteshimaebasokomade')]",False,False,12
134.942,135.042,demochikaratsukiteshimaebasokomade,"[(21, 'demochika'), (12, 'ratsukiteshimaebasokomade')]",False,False,12
134.842,134.942,demochikaratsukiteshimaebasokomade,"[(21, 'demochi'), (12, 'karatsukiteshimaebasokomade')]",False,False,12
134.742,134.842,demochikaratsukiteshimaebasokomade,"[(21, 'demo'), (12, 'chikaratsukiteshimaebasokomade')]",False,False,12
134.642,134.742,demochikaratsukiteshimaebasokomade,"[(21, 'de'), (12, 'mochikaratsukiteshimaebasokomade')]",False,True,12
236.343,236.644,dorayakiwashushokuninarenai,"[(1, 'dorayakiwashushokuninarenai')]",True,False,12
236.243,236.343,dorayakiwashushokuninarenai,"[(1, 'dorayakiwashushokuninarena'), (12, 'i')]",False,False,12
236.043,236.243,dorayakiwashushokuninarenai,"[(1, 'dorayakiwashushokuninare'), (12, 'nai')]",False,False,12
235.843,236.043,dorayakiwashushokuninarenai,"[(1, 'dorayakiwashushokunina'), (12, 'renai')]",False,False,12
235.643,235.843,dorayakiwashushokuninarenai,"[(1, 'dorayakiwashushokuni'), (12, 'narenai')]",False,False,12
235.442,235.643,dorayakiwashushokuninarenai,"[(1, 'dorayakiwashushoku'), (12, 'ninarenai')]",False,False,12
235.242,235.442,dorayakiwashushokuninarenai,"[(1, 'dorayakiwashusho'), (12, 'kuninarenai')]",False,False,12
235.042,235.242,dorayakiwashushokuninarenai,"[(1, 'dorayakiwashu'), (12, 'shokuninarenai')]",False,False,12
234.742,235.042,dorayakiwashushokuninarenai,"[(1, 'dorayakiwa'), (12, 'shushokuninarenai')]",False,False,12
234.642,234.742,dorayakiwashushokuninarenai,"[(1, 'dorayaki'), (12, 'washushokuninarenai')]",False,False,12
234.441,234.642,dorayakiwashushokuninarenai,"[(1, 'doraya'), (12, 'kiwashushokuninarenai')]",False,False,12
234.241,234.441,dorayakiwashushokuninarenai,"[(1, 'dora'), (12, 'yakiwashushokuninarenai')]",False,False,12
234.041,234.241,dorayakiwashushokuninarenai,"[(1, 'do'), (12, 'rayakiwashushokuninarenai')]",False,False,12
79.553,79.854,dorayakiwashushokuninarenai,"[(17, 'dorayakiwashushokuninarenai')]",False,False,12
79.453,79.553,dorayakiwashushokuninarenai,"[(17, 'dorayakiwashushokuninarena'), (12, 'i')]",False,False,12
79.253,79.453,dorayakiwashushokuninarenai,"[(17, 'dorayakiwashushokuninare'), (12, 'nai')]",False,False,12
79.053,79.253,dorayakiwashushokuninarenai,"[(17, 'dorayakiwashushokunina'), (12, 'renai')]",False,False,12
78.853,79.053,dorayakiwashushokuninarenai,"[(17, 'dorayakiwashushokuni'), (12, 'narenai')]",False,False,12
78.686,78.853,dorayakiwashushokuninarenai,"[(17, 'dorayakiwashushoku'), (12, 'ninarenai')]",False,False,12
78.452,78.686,dorayakiwashushokuninarenai,"[(17, 'dorayakiwashusho'), (12, 'kuninarenai')]",False,False,12
78.252,78.452,dorayakiwashushokuninarenai,"[(17, 'dorayakiwashu'), (12, 'shokuninarenai')]",False,False,12
77.918,78.252,dorayakiwashushokuninarenai,"[(17, 'dorayakiwa'), (12, 'shushokuninarenai')]",False,False,12
77.818,77.918,dorayakiwashushokuninarenai,"[(17, 'dorayaki'), (12, 'washushokuninarenai')]",False,False,12
77.618,77.818,dorayakiwashushokuninarenai,"[(17, 'doraya'), (12, 'kiwashushokuninarenai')]",False,False,12
77.451,77.618,dorayakiwashushokuninarenai,"[(17, 'dora'), (12, 'yakiwashushokuninarenai')]",False,False,12
77.218,77.451,dorayakiwashushokuninarenai,"[(17, 'do'), (12, 'rayakiwashushokuninarenai')]",False,False,12
15.556,15.856,dorayakiwashushokuninarenai,"[(1, 'dorayakiwashushokuninarenai')]",False,False,12
15.456,15.556,dorayakiwashushokuninarenai,"[(1, 'dorayakiwashushokuninarena'), (12, 'i')]",False,False,12
15.222,15.456,dorayakiwashushokuninarenai,"[(1, 'dorayakiwashushokuninare'), (12, 'nai')]",False,False,12
15.056,15.222,dorayakiwashushokuninarenai,"[(1, 'dorayakiwashushokunina'), (12, 'renai')]",False,False,12
14.822,15.056,dorayakiwashushokuninarenai,"[(1, 'dorayakiwashushokuni'), (12, 'narenai')]",False,False,12
14.655,14.822,dorayakiwashushokuninarenai,"[(1, 'dorayakiwashushoku'), (12, 'ninarenai')]",False,False,12
14.422,14.655,dorayakiwashushokuninarenai,"[(1, 'dorayakiwashusho'), (12, 'kuninarenai')]",False,False,12
14.188,14.422,dorayakiwashushokuninarenai,"[(1, 'dorayakiwashu'), (12, 'shokuninarenai')]",False,False,12
13.921,14.188,dorayakiwashushokuninarenai,"[(1, 'dorayakiwa'), (12, 'shushokuninarenai')]",False,False,12
13.821,13.921,dorayakiwashushokuninarenai,"[(1, 'dorayaki'), (12, 'washushokuninarenai')]",False,False,12
13.621,13.821,dorayakiwashushokuninarenai,"[(1, 'doraya'), (12, 'kiwashushokuninarenai')]",False,False,12
13.454,13.621,dorayakiwashushokuninarenai,"[(1, 'dora'), (12, 'yakiwashushokuninarenai')]",False,False,12
13.22,13.454,dorayakiwashushokuninarenai,"[(1, 'do'), (12, 'rayakiwashushokuninarenai')]",False,True,12
176.45,182.855,gojimajipfeat.kasaneteto-ochamekinou(coveredbyhololive),"[(1, 'gojimajipfeat.kasaneteto-ochamekinou(coveredbyhololive)')]",True,True,0
43.651,43.851,hidarikaramigietodekigotoga,"[(9, 'hidarikaramigietodekigotoga')]",True,False,12
43.451,43.651,hidarikaramigietodekigotoga,"[(9, 'hidarikaramigietodekigoto'), (12, 'ga')]",False,False,12
42.85,43.451,hidarikaramigietodekigotoga,"[(9, 'hidarikaramigietodekigo'), (12, 'toga')]",False,False,12
42.616,42.85,hidarikaramigietodekigotoga,"[(9, 'hidarikaramigietodeki'), (12, 'gotoga')]",False,False,12
42.049,42.616,hidarikaramigietodekigotoga,"[(9, 'hidarikaramigietode'), (12, 'kigotoga')]",False,False,12
41.248,42.049,hidarikaramigietodekigotoga,"[(9, 'hidarikaramigieto'), (12, 'dekigotoga')]",False,False,12
41.048,41.248,hidarikaramigietodekigotoga,"[(9, 'hidarikaramigie'), (12, 'todekigotoga')]",False,False,12
40.815,41.048,hidarikaramigietodekigotoga,"[(9, 'hidarikaramigi'), (12, 'etodekigotoga')]",False,False,12
40.648,40.815,hidarikaramigietodekigotoga,"[(9, 'hidarikarami'), (12, 'gietodekigotoga')]",False,False,12
40.448,40.648,hidarikaramigietodekigotoga,"[(9, 'hidarikara'), (12, 'migietodekigotoga')]",False,False,12
40.214,40.448,hidarikaramigietodekigotoga,"[(9, 'hidarika'), (12, 'ramigietodekigotoga')]",False,False,12
39.613,40.214,hidarikaramigietodekigotoga,"[(9, 'hidari'), (12, 'karamigietodekigotoga')]",False,False,12
39.447,39.613,hidarikaramigietodekigotoga,"[(9, 'hida'), (12, 'rikaramigietodekigotoga')]",False,False,12
38.846,39.447,hidarikaramigietodekigotoga,"[(9, 'hi'), (12, 'darikaramigietodekigotoga')]",False,True,12
102.043,102.843,hyakunengotsuzukunara,"[(2, 'hyakunengotsuzukunara')]",True,False,12
101.842,102.043,hyakunengotsuzukunara,"[(2, 'hyakunengotsuzukuna'), (12, 'ra')]",False,False,12
101.642,101.842,hyakunengotsuzukunara,"[(2, 'hyakunengotsuzuku'), (12, 'nara')]",False,False,12
101.442,101.642,hyakunengotsuzukunara,"[(2, 'hyakunengotsuzu'), (12, 'kunara')]",False,False,12
101.275,101.442,hyakunengotsuzukunara,"[(2, 'hyakunengotsu'), (12, 'zukunara')]",False,False,12
101.042,101.275,hyakunengotsuzukunara,"[(2, 'hyakunengo'), (12, 'tsuzukunara')]",False,False,12
100.841,101.042,hyakunengotsuzukunara,"[(2, 'hyakunen'), (12, 'gotsuzukunara')]",False,False,12
100.441,100.841,hyakunengotsuzukunara,"[(2, 'hyakune'), (12, 'ngotsuzukunara')]",False,False,12
100.241,100.441,hyakunengotsuzukunara,"[(2, 'hyaku'), (12, 'nengotsuzukunara')]",False,False,12
99.673,100.241,hyakunengotsuzukunara,"[(2, 'hya'), (12, 'kunengotsuzukunara')]",False,True,12
214.855,215.456,ichibankireinahanaosagashiniikunda,"[(13, 'ichibankireinahanaosagashiniikunda')]",True,False,12
214.655,214.855,ichibankireinahanaosagashiniikunda,"[(13, 'ichibankireinahanaosagashiniikun'), (12, 'da')]",False,False,12
214.455,214.655,ichibankireinahanaosagashiniikunda,"[(13, 'ichibankireinahanaosagashiniiku'), (12, 'nda')]",False,False,12
214.355,214.455,ichibankireinahanaosagashiniikunda,"[(13, 'ichibankireinahanaosagashinii'), (12, 'kunda')]",False,False,12
214.255,214.355,ichibankireinahanaosagashiniikunda,"[(13, 'ichibankireinahanaosagashini'), (12, 'ikunda')]",False,False,12
213.787,214.255,ichibankireinahanaosagashiniikunda,"[(13, 'ichibankireinahanaosagashi'), (12, 'niikunda')]",False,False,12
213.654,213.787,ichibankireinahanaosagashiniikunda,"[(13, 'ichibankireinahanaosaga'), (12, 'shiniikunda')]",False,False,12
213.554,213.654,ichibankireinahanaosagashiniikunda,"[(13, 'ichibankireinahanaosa'), (12, 'gashiniikunda')]",False,False,12
213.454,213.554,ichibankireinahanaosagashiniikunda,"[(13, 'ichibankireinahanao'), (12, 'sagashiniikunda')]",False,False,12
213.387,213.454,ichibankireinahanaosagashiniikunda,"[(13, 'ichibankireinahana'), (12, 'osagashiniikunda')]",False,False,12
213.254,213.387,ichibankireinahanaosagashiniikunda,"[(13, 'ichibankireinaha'), (12, 'naosagashiniikunda')]",False,False,12
213.053,213.254,ichibankireinahanaosagashiniikunda,"[(13, 'ichibankireina'), (12, 'hanaosagashiniikunda')]",False,False,12
212.853,213.053,ichibankireinahanaosagashiniikunda,"[(13, 'ichibankirei'), (12, 'nahanaosagashiniikunda')]",False,False,12
212.653,212.853,ichibankireinahanaosagashiniikunda,"[(13, 'ichibankire'), (12, 'inahanaosagashiniikunda')]",False,False,12
212.353,212.653,ichibankireinahanaosagashiniikunda,"[(13, 'ichibanki'), (12, 'reinahanaosagashiniikunda')]",False,False,12
212.253,212.353,ichibankireinahanaosagashiniikunda,"[(13, 'ichiban'), (12, 'kireinahanaosagashiniikunda')]",False,False,12
212.052,212.253,ichibankireinahanaosagashiniikunda,"[(13, 'ichiba'), (12, 'nkireinahanaosagashiniikunda')]",False,False,12
211.852,212.052,ichibankireinahanaosagashiniikunda,"[(13, 'ichi'), (12, 'bankireinahanaosagashiniikunda')]",False,False,12
211.652,211.852,ichibankireinahanaosagashiniikunda,"[(13, 'i'), (12, 'chibankireinahanaosagashiniikunda')]",False,False,12
150.825,151.459,ichibankireinahanaosagashiniikunda,"[(5, 'ichibankireinahanaosagashiniikunda')]",False,False,12
150.658,150.825,ichibankireinahanaosagashiniikunda,"[(5, 'ichibankireinahanaosagashiniikun'), (12, 'da')]",False,False,12
150.458,150.658,ichibankireinahanaosagashiniikunda,"[(5, 'ichibankireinahanaosagashiniiku'), (12, 'nda')]",False,False,12
150.357,150.458,ichibankireinahanaosagashiniikunda,"[(5, 'ichibankireinahanaosagashinii'), (12, 'kunda')]",False,False,12
150.257,150.357,ichibankireinahanaosagashiniikunda,"[(5, 'ichibankireinahanaosagashini'), (12, 'ikunda')]",False,False,12
149.79,150.257,ichibankireinahanaosagashiniikunda,"[(5, 'ichibankireinahanaosagashi'), (12, 'niikunda')]",False,False,12
149.657,149.79,ichibankireinahanaosagashiniikunda,"[(5, 'ichibankireinahanaosaga'), (12, 'shiniikunda')]",False,False,12
149.557,149.657,ichibankireinahanaosagashiniikunda,"[(5, 'ichibankireinahanaosa'), (12, 'gashiniikunda')]",False,False,12
149.457,149.557,ichibankireinahanaosagashiniikunda,"[(5, 'ichibankireinahanao'), (12, 'sagashiniikunda')]",False,False,12
149.39,149.457,ichibankireinahanaosagashiniikunda,"[(5, 'ichibankireinahana'), (12, 'osagashiniikunda')]",False,False,12
149.256,149.39,ichibankireinahanaosagashiniikunda,"[(5, 'ichibankireinaha'), (12, 'naosagashiniikunda')]",False,False,12
149.056,149.256,ichibankireinahanaosagashiniikunda,"[(5, 'ichibankireina'), (12, 'hanaosagashiniikunda')]",False,False,12
148.856,149.056,ichibankireinahanaosagashiniikunda,"[(5, 'ichibankirei'), (12, 'nahanaosagashiniikunda')]",False,False,12
148.656,148.856,ichibankireinahanaosagashiniikunda,"[(5, 'ichibankire'), (12, 'inahanaosagashiniikunda')]",False,False,12
148.355,148.656,ichibankireinahanaosagashiniikunda,"[(5, 'ichibanki'), (12, 'reinahanaosagashiniikunda')]",False,False,12
148.255,148.355,ichibankireinahanaosagashiniikunda,"[(5, 'ichiban'), (12, 'kireinahanaosagashiniikunda')]",False,False,12
148.055,148.255,ichibankireinahanaosagashiniikunda,"[(5, 'ichiba'), (12, 'nkireinahanaosagashiniikunda')]",False,False,12
147.855,148.055,ichibankireinahanaosagashiniikunda,"[(5, 'ichi'), (12, 'bankireinahanaosagashiniikunda')]",False,False,12
147.655,147.855,ichibankireinahanaosagashiniikunda,"[(5, 'i'), (12, 'chibankireinahanaosagashiniikunda')]",False,True,12
54.061,54.829,iikagennikoyubikara,"[(25, 'iikagennikoyubikara')]",True,False,12
53.861,54.061,iikagennikoyubikara,"[(25, 'iikagennikoyubika'), (12, 'ra')]",False,False,12
53.661,53.861,iikagennikoyubikara,"[(25, 'iikagennikoyubi'), (12, 'kara')]",False,False,12
53.461,53.661,iikagennikoyubikara,"[(25, 'iikagennikoyu'), (12, 'bikara')]",False,False,12
53.26,53.461,iikagennikoyubikara,"[(25, 'iikagenniko'), (12, 'yubikara')]",False,False,12
53.06,53.26,iikagennikoyubikara,"[(25, 'iikagenni'), (12, 'koyubikara')]",False,False,12
52.46,53.06,iikagennikoyubikara,"[(25, 'iikagen'), (12, 'nikoyubikara')]",False,False,12
52.259,52.46,iikagennikoyubikara,"[(25, 'iika'), (12, 'gennikoyubikara')]",False,False,12
51.659,52.259,iikagennikoyubikara,"[(25, 'ii'), (12, 'kagennikoyubikara')]",False,True,12
229.937,230.271,itsudemoiloveyou.kiminitakekissme.,"[(1, 'itsudemoiloveyou.kiminitakekissme.')]",True,False,12
229.837,229.937,itsudemoiloveyou.kiminitakekissme.,"[(1, 'itsudemoiloveyou.kiminitakekiss'), (12, 'me.')]",False,False,12
229.637,229.837,itsudemoiloveyou.kiminitakekissme.,"[(1, 'itsudemoiloveyou.kiminitakeki'), (12, 'ssme.')]",False,False,12
229.436,229.637,itsudemoiloveyou.kiminitakekissme.,"[(1, 'itsudemoiloveyou.kiminitake'), (12, 'kissme.')]",False,False,12
229.236,229.436,itsudemoiloveyou.kiminitakekissme.,"[(1, 'itsudemoiloveyou.kiminita'), (12, 'kekissme.')]",False,False,12
229.036,229.236,itsudemoiloveyou.kiminitakekissme.,"[(1, 'itsudemoiloveyou.kimini'), (12, 'takekissme.')]",False,False,12
228.836,229.036,itsudemoiloveyou.kiminitakekissme.,"[(1, 'itsudemoiloveyou.kimi'), (12, 'nitakekissme.')]",False,False,12
228.636,228.836,itsudemoiloveyou.kiminitakekissme.,"[(1, 'itsudemoiloveyou.ki'), (12, 'minitakekissme.')]",False,False,12
228.335,228.636,itsudemoiloveyou.kiminitakekissme.,"[(1, 'itsudemoiloveyou.'), (12, 'kiminitakekissme.')]",False,False,12
228.235,228.335,itsudemoiloveyou.kiminitakekissme.,"[(1, 'itsudemoilove'), (12, 'you.kiminitakekissme.')]",False,False,12
228.035,228.235,itsudemoiloveyou.kiminitakekissme.,"[(1, 'itsudemoi'), (12, 'loveyou.kiminitakekissme.')]",False,False,12
227.835,228.035,itsudemoiloveyou.kiminitakekissme.,"[(1, 'itsudemoi'), (12, 'loveyou.kiminitakekissme.')]",False,False,12
227.635,227.835,itsudemoiloveyou.kiminitakekissme.,"[(1, 'itsudemo'), (12, 'iloveyou.kiminitakekissme.')]",False,False,12
227.434,227.635,itsudemoiloveyou.kiminitakekissme.,"[(1, 'itsude'), (12, 'moiloveyou.kiminitakekissme.')]",False,False,12
227.234,227.434,itsudemoiloveyou.kiminitakekissme.,"[(1, 'itsu'), (12, 'demoiloveyou.kiminitakekissme.')]",False,False,12
227.034,227.234,itsudemoiloveyou.kiminitakekissme.,"[(1, 'i'), (12, 'tsudemoiloveyou.kiminitakekissme.')]",False,False,12
204.378,204.645,itsudemoiloveyou.kiminitakekissme.,"[(19, 'itsudemoiloveyou.kiminitakekissme.')]",False,False,12
204.278,204.378,itsudemoiloveyou.kiminitakekissme.,"[(19, 'itsudemoiloveyou.kiminitakekiss'), (12, 'me.')]",False,False,12
204.044,204.278,itsudemoiloveyou.kiminitakekissme.,"[(19, 'itsudemoiloveyou.kiminitakeki'), (12, 'ssme.')]",False,False,12
203.844,204.044,itsudemoiloveyou.kiminitakekissme.,"[(19, 'itsudemoiloveyou.kiminitake'), (12, 'kissme.')]",False,False,12
203.644,203.844,itsudemoiloveyou.kiminitakekissme.,"[(19, 'itsudemoiloveyou.kiminita'), (12, 'kekissme.')]",False,False,12
203.444,203.644,itsudemoiloveyou.kiminitakekissme.,"[(19, 'itsudemoiloveyou.kimini'), (12, 'takekissme.')]",False,False,12
203.244,203.444,itsudemoiloveyou.kiminitakekissme.,"[(19, 'itsudemoiloveyou.kimi'), (12, 'nitakekissme.')]",False,False,12
203.043,203.244,itsudemoiloveyou.kiminitakekissme.,"[(19, 'itsudemoiloveyou.ki'), (12, 'minitakekissme.')]",False,False,12
202.743,203.043,itsudemoiloveyou.kiminitakekissme.,"[(19, 'itsudemoiloveyou.'), (12, 'kiminitakekissme.')]",False,False,12
202.643,202.743,itsudemoiloveyou.kiminitakekissme.,"[(19, 'itsudemoilove'), (12, 'you.kiminitakekissme.')]",False,False,12
202.443,202.643,itsudemoiloveyou.kiminitakekissme.,"[(19, 'itsudemoi'), (12, 'loveyou.kiminitakekissme.')]",False,False,12
202.243,202.443,itsudemoiloveyou.kiminitakekissme.,"[(19, 'itsudemoi'), (12, 'loveyou.kiminitakekissme.')]",False,False,12
202.042,202.243,itsudemoiloveyou.kiminitakekissme.,"[(19, 'itsudemo'), (12, 'iloveyou.kiminitakekissme.')]",False,False,12
201.842,202.042,itsudemoiloveyou.kiminitakekissme.,"[(19, 'itsude'), (12, 'moiloveyou.kiminitakekissme.')]",False,False,12
201.642,201.842,itsudemoiloveyou.kiminitakekissme.,"[(19, 'itsu'), (12, 'demoiloveyou.kiminitakekissme.')]",False,False,12
201.475,201.642,itsudemoiloveyou.kiminitakekissme.,"[(19, 'i'), (12, 'tsudemoiloveyou.kiminitakekissme.')]",False,False,12
140.347,140.648,itsudemoiloveyou.kiminitakekissme.,"[(3, 'itsudemoiloveyou.kiminitakekissme.')]",False,False,12
140.247,140.347,itsudemoiloveyou.kiminitakekissme.,"[(3, 'itsudemoiloveyou.kiminitakekiss'), (12, 'me.')]",False,False,12
140.047,140.247,itsudemoiloveyou.kiminitakekissme.,"[(3, 'itsudemoiloveyou.kiminitakeki'), (12, 'ssme.')]",False,False,12
139.847,140.047,itsudemoiloveyou.kiminitakekissme.,"[(3, 'itsudemoiloveyou.kiminitake'), (12, 'kissme.')]",False,False,12
139.647,139.847,itsudemoiloveyou.kiminitakekissme.,"[(3, 'itsudemoiloveyou.kiminita'), (12, 'kekissme.')]",False,False,12
139.413,139.647,itsudemoiloveyou.kiminitakekissme.,"[(3, 'itsudemoiloveyou.kimini'), (12, 'takekissme.')]",False,False,12
139.246,139.413,itsudemoiloveyou.kiminitakekissme.,"[(3, 'itsudemoiloveyou.kimi'), (12, 'nitakekissme.')]",False,False,12
139.046,139.246,itsudemoiloveyou.kiminitakekissme.,"[(3, 'itsudemoiloveyou.ki'), (12, 'minitakekissme.')]",False,False,12
138.746,139.046,itsudemoiloveyou.kiminitakekissme.,"[(3, 'itsudemoiloveyou.'), (12, 'kiminitakekissme.')]",False,False,12
138.646,138.746,itsudemoiloveyou.kiminitakekissme.,"[(3, 'itsudemoilove'), (12, 'you.kiminitakekissme.')]",False,False,12
138.446,138.646,itsudemoiloveyou.kiminitakekissme.,"[(3, 'itsudemoi'), (12, 'loveyou.kiminitakekissme.')]",False,False,12
138.245,138.446,itsudemoiloveyou.kiminitakekissme.,"[(3, 'itsudemoi'), (12, 'loveyou.kiminitakekissme.')]",False,False,12
138.045,138.245,itsudemoiloveyou.kiminitakekissme.,"[(3, 'itsudemo'), (12, 'iloveyou.kiminitakekissme.')]",False,False,12
137.845,138.045,itsudemoiloveyou.kiminitakekissme.,"[(3, 'itsude'), (12, 'moiloveyou.kiminitakekissme.')]",False,False,12
137.645,137.845,itsudemoiloveyou.kiminitakekissme.,"[(3, 'itsu'), (12, 'demoiloveyou.kiminitakekissme.')]",False,False,12
137.445,137.645,itsudemoiloveyou.kiminitakekissme.,"[(3, 'i'), (12, 'tsudemoiloveyou.kiminitakekissme.')]",False,False,12
73.147,73.447,itsudemoiloveyou.kiminitakekissme.,"[(26, 'itsudemoiloveyou.kiminitakekissme.')]",False,False,12
73.047,73.147,itsudemoiloveyou.kiminitakekissme.,"[(26, 'itsudemoiloveyou.kiminitakekiss'), (12, 'me.')]",False,False,12
72.847,73.047,itsudemoiloveyou.kiminitakekissme.,"[(26, 'itsudemoiloveyou.kiminitakeki'), (12, 'ssme.')]",False,False,12
72.646,72.847,itsudemoiloveyou.kiminitakekissme.,"[(26, 'itsudemoiloveyou.kiminitake'), (12, 'kissme.')]",False,False,12
72.446,72.646,itsudemoiloveyou.kiminitakekissme.,"[(26, 'itsudemoiloveyou.kiminita'), (12, 'kekissme.')]",False,False,12
72.279,72.446,itsudemoiloveyou.kiminitakekissme.,"[(26, 'itsudemoiloveyou.kimini'), (12, 'takekissme.')]",False,False,12
72.046,72.279,itsudemoiloveyou.kiminitakekissme.,"[(26, 'itsudemoiloveyou.kimi'), (12, 'nitakekissme.')]",False,False,12
71.846,72.046,itsudemoiloveyou.kiminitakekissme.,"[(26, 'itsudemoiloveyou.ki'), (12, 'minitakekissme.')]",False,False,12
71.545,71.846,itsudemoiloveyou.kiminitakekissme.,"[(26, 'itsudemoiloveyou.'), (12, 'kiminitakekissme.')]",False,False,12
71.412,71.545,itsudemoiloveyou.kiminitakekissme.,"[(26, 'itsudemoilove'), (12, 'you.kiminitakekissme.')]",False,False,12
71.245,71.412,itsudemoiloveyou.kiminitakekissme.,"[(26, 'itsudemoi'), (12, 'loveyou.kiminitakekissme.')]",False,False,12
71.078,71.245,itsudemoiloveyou.kiminitakekissme.,"[(26, 'itsudemoi'), (12, 'loveyou.kiminitakekissme.')]",False,False,12
70.845,71.078,itsudemoiloveyou.kiminitakekissme.,"[(26, 'itsudemo'), (12, 'iloveyou.kiminitakekissme.')]",False,False,12
70.644,70.845,itsudemoiloveyou.kiminitakekissme.,"[(26, 'itsude'), (12, 'moiloveyou.kiminitakekissme.')]",False,False,12
70.444,70.644,itsudemoiloveyou.kiminitakekissme.,"[(26, 'itsu'), (12, 'demoiloveyou.kiminitakekissme.')]",False,False,12
70.244,70.444,itsudemoiloveyou.kiminitakekissme.,"[(26, 'i'), (12, 'tsudemoiloveyou.kiminitakekissme.')]",False,False,12
9.15,9.45,itsudemoiloveyou.kiminitakekissme.,"[(1, 'itsudemoiloveyou.kiminitakekissme.')]",False,False,12
9.05,9.15,itsudemoiloveyou.kiminitakekissme.,"[(1, 'itsudemoiloveyou.kiminitakekiss'), (12, 'me.')]",False,False,12
8.849,9.05,itsudemoiloveyou.kiminitakekissme.,"[(1, 'itsudemoiloveyou.kiminitakeki'), (12, 'ssme.')]",False,False,12
8.649,8.849,itsudemoiloveyou.kiminitakekissme.,"[(1, 'itsudemoiloveyou.kiminitake'), (12, 'kissme.')]",False,False,12
8.449,8.649,itsudemoiloveyou.kiminitakekissme.,"[(1, 'itsudemoiloveyou.kiminita'), (12, 'kekissme.')]",False,False,12
8.249,8.449,itsudemoiloveyou.kiminitakekissme.,"[(1, 'itsudemoiloveyou.kimini'), (12, 'takekissme.')]",False,False,12
8.049,8.249,itsudemoiloveyou.kiminitakekissme.,"[(1, 'itsudemoiloveyou.kimi'), (12, 'nitakekissme.')]",False,False,12
7.848,8.049,itsudemoiloveyou.kiminitakekissme.,"[(1, 'itsudemoiloveyou.ki'), (12, 'minitakekissme.')]",False,False,12
7.548,7.848,itsudemoiloveyou.kiminitakekissme.,"[(1, 'itsudemoiloveyou.'), (12, 'kiminitakekissme.')]",False,False,12
7.415,7.548,itsudemoiloveyou.kiminitakekissme.,"[(1, 'itsudemoilove'), (12, 'you.kiminitakekissme.')]",False,False,12
7.248,7.415,itsudemoiloveyou.kiminitakekissme.,"[(1, 'itsudemoi'), (12, 'loveyou.kiminitakekissme.')]",False,False,12
7.048,7.248,itsudemoiloveyou.kiminitakekissme.,"[(1, 'itsudemoi'), (12, 'loveyou.kiminitakekissme.')]",False,False,12
6.847,7.048,itsudemoiloveyou.kiminitakekissme.,"[(1, 'itsudemo'), (12, 'iloveyou.kiminitakekissme.')]",False,False,12
6.647,6.847,itsudemoiloveyou.kiminitakekissme.,"[(1, 'itsude'), (12, 'moiloveyou.kiminitakekissme.')]",False,False,12
6.447,6.647,itsudemoiloveyou.kiminitakekissme.,"[(1, 'itsu'), (12, 'demoiloveyou.kiminitakekissme.')]",False,False,12
6.247,6.447,itsudemoiloveyou.kiminitakekissme.,"[(1, 'i'), (12, 'tsudemoiloveyou.kiminitakekissme.')]",False,True,12
112.086,112.42,kanchigainotekipakiteki,"[(15, 'kanchigainotekipakiteki')]",True,False,12
111.886,112.086,kanchigainotekipakiteki,"[(15, 'kanchigainotekipakite'), (12, 'ki')]",False,False,12
111.685,111.886,kanchigainotekipakiteki,"[(15, 'kanchigainotekipaki'), (12, 'teki')]",False,False,12
111.485,111.685,kanchigainotekipakiteki,"[(15, 'kanchigainotekipa'), (12, 'kiteki')]",False,False,12
111.285,111.485,kanchigainotekipakiteki,"[(15, 'kanchigainoteki'), (12, 'pakiteki')]",False,False,12
111.085,111.285,kanchigainotekipakiteki,"[(15, 'kanchigainote'), (12, 'kipakiteki')]",False,False,12
110.885,111.085,kanchigainotekipakiteki,"[(15, 'kanchigaino'), (12, 'tekipakiteki')]",False,False,12
110.684,110.885,kanchigainotekipakiteki,"[(15, 'kanchigai'), (12, 'notekipakiteki')]",False,False,12
110.084,110.684,kanchigainotekipakiteki,"[(15, 'kanchiga'), (12, 'inotekipakiteki')]",False,False,12
109.884,110.084,kanchigainotekipakiteki,"[(15, 'kanchi'), (12, 'gainotekipakiteki')]",False,False,12
109.683,109.884,kanchigainotekipakiteki,"[(15, 'kan'), (12, 'chigainotekipakiteki')]",False,False,12
109.25,109.683,kanchigainotekipakiteki,"[(15, 'ka'), (12, 'nchigainotekipakiteki')]",False,True,12
131.872,132.44,kareinabousoudaregatometekuremasukabeibee,"[(4, 'kareinabousoudaregatometekuremasuka'), (21, 'beibee')]",True,False,12
131.639,131.872,kareinabousoudaregatometekuremasukabeibee,"[(4, 'kareinabousoudaregatometekuremasuka'), (21, 'bei'), (12, 'bee')]",False,False,12
131.472,131.639,kareinabousoudaregatometekuremasukabeibee,"[(4, 'kareinabousoudaregatometekuremasuka'), (12, 'beibee')]",False,False,12
131.372,131.472,kareinabousoudaregatometekuremasukabeibee,"[(4, 'kareinabousoudaregatometekuremasu'), (12, 'kabeibee')]",False,False,12
131.272,131.372,kareinabousoudaregatometekuremasukabeibee,"[(4, 'kareinabousoudaregatometekurema'), (12, 'sukabeibee')]",False,False,12
131.138,131.272,kareinabousoudaregatometekuremasukabeibee,"[(4, 'kareinabousoudaregatometekure'), (12, 'masukabeibee')]",False,False,12
131.038,131.138,kareinabousoudaregatometekuremasukabeibee,"[(4, 'kareinabousoudaregatometeku'), (12, 'remasukabeibee')]",False,False,12
130.938,131.038,kareinabousoudaregatometekuremasukabeibee,"[(4, 'kareinabousoudaregatomete'), (12, 'kuremasukabeibee')]",False,False,12
130.838,130.938,kareinabousoudaregatometekuremasukabeibee,"[(4, 'kareinabousoudaregatome'), (12, 'tekuremasukabeibee')]",False,False,12
130.771,130.838,kareinabousoudaregatometekuremasukabeibee,"[(4, 'kareinabousoudaregato'), (12, 'metekuremasukabeibee')]",False,False,12
130.638,130.771,kareinabousoudaregatometekuremasukabeibee,"[(4, 'kareinabousoudarega'), (12, 'tometekuremasukabeibee')]",False,False,12
130.571,130.638,kareinabousoudaregatometekuremasukabeibee,"[(4, 'kareinabousoudare'), (12, 'gatometekuremasukabeibee')]",False,False,12
130.471,130.571,kareinabousoudaregatometekuremasukabeibee,"[(4, 'kareinabousouda'), (12, 'regatometekuremasukabeibee')]",False,False,12
130.237,130.471,kareinabousoudaregatometekuremasukabeibee,"[(4, 'kareinabousou'), (12, 'daregatometekuremasukabeibee')]",False,False,12
130.037,130.237,kareinabousoudaregatometekuremasukabeibee,"[(4, 'kareinabou'), (12, 'soudaregatometekuremasukabeibee')]",False,False,12
129.837,130.037,kareinabousoudaregatometekuremasukabeibee,"[(4, 'kareina'), (12, 'bousoudaregatometekuremasukabeibee')]",False,False,12
129.637,129.837,kareinabousoudaregatometekuremasukabeibee,"[(4, 'karei'), (12, 'nabousoudaregatometekuremasukabeibee')]",False,False,12
129.437,129.637,kareinabousoudaregatometekuremasukabeibee,"[(4, 'ka'), (12, 'reinabousoudaregatometekuremasukabeibee')]",False,True,12
60.668,61.068,kawaitashinzounootoawaiuwagoto,"[(27, 'kawaitashinzounootoawaiuwagoto')]",True,False,12
60.434,60.668,kawaitashinzounootoawaiuwagoto,"[(27, 'kawaitashinzounootoawaiuwago'), (12, 'to')]",False,False,12
60.267,60.434,kawaitashinzounootoawaiuwagoto,"[(27, 'kawaitashinzounootoawaiuwa'), (12, 'goto')]",False,False,12
60.034,60.267,kawaitashinzounootoawaiuwagoto,"[(27, 'kawaitashinzounootoawaiu'), (12, 'wagoto')]",False,False,12
59.967,60.034,kawaitashinzounootoawaiuwagoto,"[(27, 'kawaitashinzounootoawai'), (12, 'uwagoto')]",False,False,12
59.867,59.967,kawaitashinzounootoawaiuwagoto,"[(27, 'kawaitashinzounootoawa'), (12, 'iuwagoto')]",False,False,12
59.767,59.867,kawaitashinzounootoawaiuwagoto,"[(27, 'kawaitashinzounootoa'), (12, 'waiuwagoto')]",False,False,12
59.533,59.767,kawaitashinzounootoawaiuwagoto,"[(27, 'kawaitashinzounooto'), (12, 'awaiuwagoto')]",False,False,12
59.433,59.533,kawaitashinzounootoawaiuwagoto,"[(27, 'kawaitashinzounoo'), (12, 'toawaiuwagoto')]",False,False,12
59.233,59.433,kawaitashinzounootoawaiuwagoto,"[(27, 'kawaitashinzouno'), (12, 'otoawaiuwagoto')]",False,False,12
59.033,59.233,kawaitashinzounootoawaiuwagoto,"[(27, 'kawaitashinzou'), (12, 'nootoawaiuwagoto')]",False,False,12
58.833,59.033,kawaitashinzounootoawaiuwagoto,"[(27, 'kawaitashin'), (12, 'zounootoawaiuwagoto')]",False,False,12
58.666,58.833,kawaitashinzounootoawaiuwagoto,"[(27, 'kawaita'), (12, 'shinzounootoawaiuwagoto')]",False,False,12
58.566,58.666,kawaitashinzounootoawaiuwagoto,"[(27, 'kawai'), (12, 'tashinzounootoawaiuwagoto')]",False,False,12
58.432,58.566,kawaitashinzounootoawaiuwagoto,"[(27, 'kawa'), (12, 'itashinzounootoawaiuwagoto')]",False,False,12
58.232,58.432,kawaitashinzounootoawaiuwagoto,"[(27, 'ka'), (12, 'waitashinzounootoawaiuwagoto')]",False,True,12
47.655,48.422,kimiwakokoniiruno?,"[(20, 'kimiwakokoniiruno?')]",True,False,12
47.455,47.655,kimiwakokoniiruno?,"[(20, 'kimiwakokoniiru'), (12, 'no?')]",False,False,12
47.254,47.455,kimiwakokoniiruno?,"[(20, 'kimiwakokonii'), (12, 'runo?')]",False,False,12
47.054,47.254,kimiwakokoniiruno?,"[(20, 'kimiwakokoni'), (12, 'iruno?')]",False,False,12
46.854,47.054,kimiwakokoniiruno?,"[(20, 'kimiwakoko'), (12, 'niiruno?')]",False,False,12
46.654,46.854,kimiwakokoniiruno?,"[(20, 'kimiwako'), (12, 'koniiruno?')]",False,False,12
46.053,46.654,kimiwakokoniiruno?,"[(20, 'kimiwa'), (12, 'kokoniiruno?')]",False,False,12
45.853,46.053,kimiwakokoniiruno?,"[(20, 'kimi'), (12, 'wakokoniiruno?')]",False,False,12
45.252,45.853,kimiwakokoniiruno?,"[(20, 'ki'), (12, 'miwakokoniiruno?')]",False,True,12
108.449,109.25,machigattameerukara,"[(15, 'machigattameerukara')]",True,False,12
108.249,108.449,machigattameerukara,"[(15, 'machigattameeruka'), (12, 'ra')]",False,False,12
108.049,108.249,machigattameerukara,"[(15, 'machigattameeru'), (12, 'kara')]",False,False,12
107.882,108.049,machigattameerukara,"[(15, 'machigattamee'), (12, 'rukara')]",False,False,12
107.648,107.882,machigattameerukara,"[(15, 'machigattame'), (12, 'erukara')]",False,False,12
107.448,107.648,machigattameerukara,"[(15, 'machigatta'), (12, 'meerukara')]",False,False,12
106.847,107.448,machigattameerukara,"[(15, 'machigat'), (12, 'tameerukara')]",False,False,12
106.647,106.847,machigattameerukara,"[(15, 'machi'), (12, 'gattameerukara')]",False,False,12
106.047,106.647,machigattameerukara,"[(15, 'ma'), (12, 'chigattameerukara')]",False,True,12
249.023,249.423,madaasawatappuriarukara,"[(1, 'madaasawatappuriarukara')]",True,False,12
248.822,249.023,madaasawatappuriarukara,"[(1, 'madaasawatappuriaruka'), (12, 'ra')]",False,False,12
248.622,248.822,madaasawatappuriarukara,"[(1, 'madaasawatappuriaru'), (12, 'kara')]",False,False,12
248.422,248.622,madaasawatappuriarukara,"[(1, 'madaasawatappuria'), (12, 'rukara')]",False,False,12
248.222,248.422,madaasawatappuriarukara,"[(1, 'madaasawatappuri'), (12, 'arukara')]",False,False,12
248.022,248.222,madaasawatappuriarukara,"[(1, 'madaasawatappu'), (12, 'riarukara')]",False,False,12
247.821,248.022,madaasawatappuriarukara,"[(1, 'madaasawatap'), (12, 'puriarukara')]",False,False,12
247.221,247.821,madaasawatappuriarukara,"[(1, 'madaasawa'), (12, 'tappuriarukara')]",False,False,12
247.021,247.221,madaasawatappuriarukara,"[(1, 'madaasa'), (12, 'watappuriarukara')]",False,False,12
246.82,247.021,madaasawatappuriarukara,"[(1, 'madaa'), (12, 'sawatappuriarukara')]",False,False,12
246.72,246.82,madaasawatappuriarukara,"[(1, 'mada'), (12, 'asawatappuriarukara')]",False,False,12
246.62,246.72,madaasawatappuriarukara,"[(1, 'ma'), (12, 'daasawatappuriarukara')]",False,False,12
92.233,92.633,madaasawatappuriarukara,"[(18, 'madaasawatappuriarukara')]",False,False,12
92.033,92.233,madaasawatappuriarukara,"[(18, 'madaasawatappuriaruka'), (12, 'ra')]",False,False,12
91.832,92.033,madaasawatappuriarukara,"[(18, 'madaasawatappuriaru'), (12, 'kara')]",False,False,12
91.632,91.832,madaasawatappuriarukara,"[(18, 'madaasawatappuria'), (12, 'rukara')]",False,False,12
91.432,91.632,madaasawatappuriarukara,"[(18, 'madaasawatappuri'), (12, 'arukara')]",False,False,12
91.232,91.432,madaasawatappuriarukara,"[(18, 'madaasawatappu'), (12, 'riarukara')]",False,False,12
91.032,91.232,madaasawatappuriarukara,"[(18, 'madaasawatap'), (12, 'puriarukara')]",False,False,12
90.431,91.032,madaasawatappuriarukara,"[(18, 'madaasawa'), (12, 'tappuriarukara')]",False,False,12
90.231,90.431,madaasawatappuriarukara,"[(18, 'madaasa'), (12, 'watappuriarukara')]",False,False,12
90.064,90.231,madaasawatappuriarukara,"[(18, 'madaa'), (12, 'sawatappuriarukara')]",False,False,12
89.93,90.064,madaasawatappuriarukara,"[(18, 'mada'), (12, 'asawatappuriarukara')]",False,False,12
89.83,89.93,madaasawatappuriarukara,"[(18, 'ma'), (12, 'daasawatappuriarukara')]",False,True,12
220.661,221.061,madakiminoatsuiomoiwaomoiwahohonitsutaunamida,"[(16, 'madakiminoatsuiomoiwaomoiwahohonitsutaunamida')]",True,False,12
220.561,220.661,madakiminoatsuiomoiwaomoiwahohonitsutaunamida,"[(16, 'madakiminoatsuiomoiwaomoiwahohonitsutaunami'), (12, 'da')]",False,False,12
220.261,220.561,madakiminoatsuiomoiwaomoiwahohonitsutaunamida,"[(16, 'madakiminoatsuiomoiwaomoiwahohonitsutauna'), (12, 'mida')]",False,False,12
220.06,220.261,madakiminoatsuiomoiwaomoiwahohonitsutaunamida,"[(16, 'madakiminoatsuiomoiwaomoiwahohonitsutau'), (12, 'namida')]",False,False,12
219.86,220.06,madakiminoatsuiomoiwaomoiwahohonitsutaunamida,"[(16, 'madakiminoatsuiomoiwaomoiwahohonitsuta'), (12, 'unamida')]",False,False,12
219.66,219.86,madakiminoatsuiomoiwaomoiwahohonitsutaunamida,"[(16, 'madakiminoatsuiomoiwaomoiwahohonitsu'), (12, 'taunamida')]",False,False,12
219.46,219.66,madakiminoatsuiomoiwaomoiwahohonitsutaunamida,"[(16, 'madakiminoatsuiomoiwaomoiwahohoni'), (12, 'tsutaunamida')]",False,False,12
219.26,219.46,madakiminoatsuiomoiwaomoiwahohonitsutaunamida,"[(16, 'madakiminoatsuiomoiwaomoiwahoho'), (12, 'nitsutaunamida')]",False,False,12
219.059,219.26,madakiminoatsuiomoiwaomoiwahohonitsutaunamida,"[(16, 'madakiminoatsuiomoiwaomoiwaho'), (12, 'honitsutaunamida')]",False,False,12
217.858,219.059,madakiminoatsuiomoiwaomoiwahohonitsutaunamida,"[(16, 'madakiminoatsuiomoiwaomoiwa'), (12, 'hohonitsutaunamida')]",False,False,12
217.691,217.858,madakiminoatsuiomoiwaomoiwahohonitsutaunamida,"[(16, 'madakiminoatsuiomoiwaomoi'), (12, 'wahohonitsutaunamida')]",False,False,12
217.458,217.691,madakiminoatsuiomoiwaomoiwahohonitsutaunamida,"[(16, 'madakiminoatsuiomoiwaomo'), (12, 'iwahohonitsutaunamida')]",False,False,12
217.258,217.458,madakiminoatsuiomoiwaomoiwahohonitsutaunamida,"[(16, 'madakiminoatsuiomoiwao'), (12, 'moiwahohonitsutaunamida')]",False,False,12
217.057,217.258,madakiminoatsuiomoiwaomoiwahohonitsutaunamida,"[(16, 'madakiminoatsuiomoiwa'), (12, 'omoiwahohonitsutaunamida')]",False,False,12
216.857,217.057,madakiminoatsuiomoiwaomoiwahohonitsutaunamida,"[(16, 'madakiminoatsuiomoi'), (12, 'waomoiwahohonitsutaunamida')]",False,False,12
216.69,216.857,madakiminoatsuiomoiwaomoiwahohonitsutaunamida,"[(16, 'madakiminoatsuiomo'), (12, 'iwaomoiwahohonitsutaunamida')]",False,False,12
216.457,216.69,madakiminoatsuiomoiwaomoiwahohonitsutaunamida,"[(16, 'madakiminoatsuio'), (12, 'moiwaomoiwahohonitsutaunamida')]",False,False,12
216.39,216.457,madakiminoatsuiomoiwaomoiwahohonitsutaunamida,"[(16, 'madakiminoatsui'), (12, 'omoiwaomoiwahohonitsutaunamida')]",False,False,12
216.257,216.39,madakiminoatsuiomoiwaomoiwahohonitsutaunamida,"[(16, 'madakiminoatsu'), (12, 'iomoiwaomoiwahohonitsutaunamida')]",False,False,12
216.157,216.257,madakiminoatsuiomoiwaomoiwahohonitsutaunamida,"[(16, 'madakiminoa'), (12, 'tsuiomoiwaomoiwahohonitsutaunamida')]",False,False,12
216.056,216.157,madakiminoatsuiomoiwaomoiwahohonitsutaunamida,"[(16, 'madakimino'), (12, 'atsuiomoiwaomoiwahohonitsutaunamida')]",False,False,12
215.856,216.056,madakiminoatsuiomoiwaomoiwahohonitsutaunamida,"[(16, 'madakimi'), (12, 'noatsuiomoiwaomoiwahohonitsutaunamida')]",False,False,12
215.656,215.856,madakiminoatsuiomoiwaomoiwahohonitsutaunamida,"[(16, 'madaki'), (12, 'minoatsuiomoiwaomoiwahohonitsutaunamida')]",False,False,12
215.556,215.656,madakiminoatsuiomoiwaomoiwahohonitsutaunamida,"[(16, 'mada'), (12, 'kiminoatsuiomoiwaomoiwahohonitsutaunamida')]",False,False,12
215.456,215.556,madakiminoatsuiomoiwaomoiwahohonitsutaunamida,"[(16, 'ma'), (12, 'dakiminoatsuiomoiwaomoiwahohonitsutaunamida')]",False,False,12
156.664,157.031,madakiminoatsuiomoiwaomoiwahohonitsutaunamida,"[(6, 'madakiminoatsuiomoiwaomoiwahohonitsutaunamida')]",False,False,12
156.564,156.664,madakiminoatsuiomoiwaomoiwahohonitsutaunamida,"[(6, 'madakiminoatsuiomoiwaomoiwahohonitsutaunami'), (12, 'da')]",False,False,12
156.263,156.564,madakiminoatsuiomoiwaomoiwahohonitsutaunamida,"[(6, 'madakiminoatsuiomoiwaomoiwahohonitsutauna'), (12, 'mida')]",False,False,12
156.03,156.263,madakiminoatsuiomoiwaomoiwahohonitsutaunamida,"[(6, 'madakiminoatsuiomoiwaomoiwahohonitsutau'), (12, 'namida')]",False,False,12
155.863,156.03,madakiminoatsuiomoiwaomoiwahohonitsutaunamida,"[(6, 'madakiminoatsuiomoiwaomoiwahohonitsuta'), (12, 'unamida')]",False,False,12
155.663,155.863,madakiminoatsuiomoiwaomoiwahohonitsutaunamida,"[(6, 'madakiminoatsuiomoiwaomoiwahohonitsu'), (12, 'taunamida')]",False,False,12
155.463,155.663,madakiminoatsuiomoiwaomoiwahohonitsutaunamida,"[(6, 'madakiminoatsuiomoiwaomoiwahohoni'), (12, 'tsutaunamida')]",False,False,12
155.262,155.463,madakiminoatsuiomoiwaomoiwahohonitsutaunamida,"[(6, 'madakiminoatsuiomoiwaomoiwahoho'), (12, 'nitsutaunamida')]",False,False,12
155.062,155.262,madakiminoatsuiomoiwaomoiwahohonitsutaunamida,"[(6, 'madakiminoatsuiomoiwaomoiwaho'), (12, 'honitsutaunamida')]",False,False,12
153.828,155.062,madakiminoatsuiomoiwaomoiwahohonitsutaunamida,"[(6, 'madakiminoatsuiomoiwaomoiwa'), (12, 'hohonitsutaunamida')]",False,False,12
153.661,153.828,madakiminoatsuiomoiwaomoiwahohonitsutaunamida,"[(6, 'madakiminoatsuiomoiwaomoi'), (12, 'wahohonitsutaunamida')]",False,False,12
153.461,153.661,madakiminoatsuiomoiwaomoiwahohonitsutaunamida,"[(6, 'madakiminoatsuiomoiwaomo'), (12, 'iwahohonitsutaunamida')]",False,False,12
153.227,153.461,madakiminoatsuiomoiwaomoiwahohonitsutaunamida,"[(6, 'madakiminoatsuiomoiwao'), (12, 'moiwahohonitsutaunamida')]",False,False,12
153.06,153.227,madakiminoatsuiomoiwaomoiwahohonitsutaunamida,"[(6, 'madakiminoatsuiomoiwa'), (12, 'omoiwahohonitsutaunamida')]",False,False,12
152.827,153.06,madakiminoatsuiomoiwaomoiwahohonitsutaunamida,"[(6, 'madakiminoatsuiomoi'), (12, 'waomoiwahohonitsutaunamida')]",False,False,12
152.66,152.827,madakiminoatsuiomoiwaomoiwahohonitsutaunamida,"[(6, 'madakiminoatsuiomo'), (12, 'iwaomoiwahohonitsutaunamida')]",False,False,12
152.493,152.66,madakiminoatsuiomoiwaomoiwahohonitsutaunamida,"[(6, 'madakiminoatsuio'), (12, 'moiwaomoiwahohonitsutaunamida')]",False,False,12
152.359,152.493,madakiminoatsuiomoiwaomoiwahohonitsutaunamida,"[(6, 'madakiminoatsui'), (12, 'omoiwaomoiwahohonitsutaunamida')]",False,False,12
152.259,152.359,madakiminoatsuiomoiwaomoiwahohonitsutaunamida,"[(6, 'madakiminoatsu'), (12, 'iomoiwaomoiwahohonitsutaunamida')]",False,False,12
152.126,152.259,madakiminoatsuiomoiwaomoiwahohonitsutaunamida,"[(6, 'madakiminoa'), (12, 'tsuiomoiwaomoiwahohonitsutaunamida')]",False,False,12
152.026,152.126,madakiminoatsuiomoiwaomoiwahohonitsutaunamida,"[(6, 'madakimino'), (12, 'atsuiomoiwaomoiwahohonitsutaunamida')]",False,False,12
151.859,152.026,madakiminoatsuiomoiwaomoiwahohonitsutaunamida,"[(6, 'madakimi'), (12, 'noatsuiomoiwaomoiwahohonitsutaunamida')]",False,False,12
151.659,151.859,madakiminoatsuiomoiwaomoiwahohonitsutaunamida,"[(6, 'madaki'), (12, 'minoatsuiomoiwaomoiwahohonitsutaunamida')]",False,False,12
151.559,151.659,madakiminoatsuiomoiwaomoiwahohonitsutaunamida,"[(6, 'mada'), (12, 'kiminoatsuiomoiwaomoiwahohonitsutaunamida')]",False,False,12
151.459,151.559,madakiminoatsuiomoiwaomoiwahohonitsutaunamida,"[(6, 'ma'), (12, 'dakiminoatsuiomoiwaomoiwahohonitsutaunamida')]",False,True,12
68.976,69.243,mazuwasasainaaisatsutokokara,"[(10, 'mazuwasasainaaisatsutokokara')]",True,False,12
68.843,68.976,mazuwasasainaaisatsutokokara,"[(10, 'mazuwasasainaaisatsutokoka'), (12, 'ra')]",False,False,12
68.743,68.843,mazuwasasainaaisatsutokokara,"[(10, 'mazuwasasainaaisatsutoko'), (12, 'kara')]",False,False,12
68.642,68.743,mazuwasasainaaisatsutokokara,"[(10, 'mazuwasasainaaisatsuto'), (12, 'kokara')]",False,False,12
68.576,68.642,mazuwasasainaaisatsutokokara,"[(10, 'mazuwasasainaaisatsu'), (12, 'tokokara')]",False,False,12
68.442,68.576,mazuwasasainaaisatsutokokara,"[(10, 'mazuwasasainaaisa'), (12, 'tsutokokara')]",False,False,12
68.342,68.442,mazuwasasainaaisatsutokokara,"[(10, 'mazuwasasainaai'), (12, 'satsutokokara')]",False,False,12
68.242,68.342,mazuwasasainaaisatsutokokara,"[(10, 'mazuwasasainaa'), (12, 'isatsutokokara')]",False,False,12
68.042,68.242,mazuwasasainaaisatsutokokara,"[(10, 'mazuwasasaina'), (12, 'aisatsutokokara')]",False,False,12
67.942,68.042,mazuwasasainaaisatsutokokara,"[(10, 'mazuwasasai'), (12, 'naaisatsutokokara')]",False,False,12
67.842,67.942,mazuwasasainaaisatsutokokara,"[(10, 'mazuwasasa'), (12, 'inaaisatsutokokara')]",False,False,12
67.742,67.842,mazuwasasainaaisatsutokokara,"[(10, 'mazuwasa'), (12, 'sainaaisatsutokokara')]",False,False,12
67.608,67.742,mazuwasasainaaisatsutokokara,"[(10, 'mazuwa'), (12, 'sasainaaisatsutokokara')]",False,False,12
67.541,67.608,mazuwasasainaaisatsutokokara,"[(10, 'mazu'), (12, 'wasasainaaisatsutokokara')]",False,False,12
67.441,67.541,mazuwasasainaaisatsutokokara,"[(10, 'ma'), (12, 'zuwasasainaaisatsutokokara')]",False,True,12
57.631,58.232,mienaiitoshuchoushinai,"[(25, 'mienaiitoshuchoushinai')]",True,False,12
57.431,57.631,mienaiitoshuchoushinai,"[(25, 'mienaiitoshuchoushina'), (12, 'i')]",False,False,12
57.231,57.431,mienaiitoshuchoushinai,"[(25, 'mienaiitoshuchoushi'), (12, 'nai')]",False,False,12
56.998,57.231,mienaiitoshuchoushinai,"[(25, 'mienaiitoshuchou'), (12, 'shinai')]",False,False,12
56.797,56.998,mienaiitoshuchoushinai,"[(25, 'mienaiitoshucho'), (12, 'ushinai')]",False,False,12
56.63,56.797,mienaiitoshuchoushinai,"[(25, 'mienaiitoshu'), (12, 'choushinai')]",False,False,12
56.43,56.63,mienaiitoshuchoushinai,"[(25, 'mienaiito'), (12, 'shuchoushinai')]",False,False,12
56.23,56.43,mienaiitoshuchoushinai,"[(25, 'mienaii'), (12, 'toshuchoushinai')]",False,False,12
56.13,56.23,mienaiitoshuchoushinai,"[(25, 'mienai'), (12, 'itoshuchoushinai')]",False,False,12
55.629,56.13,mienaiitoshuchoushinai,"[(25, 'miena'), (12, 'iitoshuchoushinai')]",False,False,12
55.429,55.629,mienaiitoshuchoushinai,"[(25, 'mie'), (12, 'naiitoshuchoushinai')]",False,False,12
54.829,55.429,mienaiitoshuchoushinai,"[(25, 'mi'), (12, 'enaiitoshuchoushinai')]",False,True,12
121.228,122.029,miteminufurisareta,"[(14, 'miteminufurisareta')]",True,False,12
121.062,121.228,miteminufurisareta,"[(14, 'miteminufurisare'), (12, 'ta')]",False,False,12
120.861,121.062,miteminufurisareta,"[(14, 'miteminufurisa'), (12, 'reta')]",False,False,12
120.661,120.861,miteminufurisareta,"[(14, 'miteminufuri'), (12, 'sareta')]",False,False,12
120.428,120.661,miteminufurisareta,"[(14, 'miteminufu'), (12, 'risareta')]",False,False,12
120.227,120.428,miteminufurisareta,"[(14, 'miteminu'), (12, 'furisareta')]",False,False,12
119.627,120.227,miteminufurisareta,"[(14, 'mitemi'), (12, 'nufurisareta')]",False,False,12
119.427,119.627,miteminufurisareta,"[(14, 'mite'), (12, 'minufurisareta')]",False,False,12
118.859,119.427,miteminufurisareta,"[(14, 'mi'), (12, 'teminufurisareta')]",False,True,12
240.447,241.048,narabauwagakishichaebabokunoomoidoori,"[(1, 'narabauwagakishichaebabokunoomoidoori')]",True,False,12
240.247,240.447,narabauwagakishichaebabokunoomoidoori,"[(1, 'narabauwagakishichaebabokunoomoidoo'), (12, 'ri')]",False,False,12
240.047,240.247,narabauwagakishichaebabokunoomoidoori,"[(1, 'narabauwagakishichaebabokunoomoido'), (12, 'ori')]",False,False,12
239.947,240.047,narabauwagakishichaebabokunoomoidoori,"[(1, 'narabauwagakishichaebabokunoomoi'), (12, 'doori')]",False,False,12
239.847,239.947,narabauwagakishichaebabokunoomoidoori,"[(1, 'narabauwagakishichaebabokunoomo'), (12, 'idoori')]",False,False,12
239.446,239.847,narabauwagakishichaebabokunoomoidoori,"[(1, 'narabauwagakishichaebabokunoo'), (12, 'moidoori')]",False,False,12
239.246,239.446,narabauwagakishichaebabokunoomoidoori,"[(1, 'narabauwagakishichaebabokuno'), (12, 'omoidoori')]",False,False,12
239.113,239.246,narabauwagakishichaebabokunoomoidoori,"[(1, 'narabauwagakishichaebaboku'), (12, 'noomoidoori')]",False,False,12
238.846,239.113,narabauwagakishichaebabokunoomoidoori,"[(1, 'narabauwagakishichaebabo'), (12, 'kunoomoidoori')]",False,False,12
238.646,238.846,narabauwagakishichaebabokunoomoidoori,"[(1, 'narabauwagakishichaeba'), (12, 'bokunoomoidoori')]",False,False,12
238.445,238.646,narabauwagakishichaebabokunoomoidoori,"[(1, 'narabauwagakishichae'), (12, 'babokunoomoidoori')]",False,False,12
238.245,238.445,narabauwagakishichaebabokunoomoidoori,"[(1, 'narabauwagakishicha'), (12, 'ebabokunoomoidoori')]",False,False,12
237.978,238.245,narabauwagakishichaebabokunoomoidoori,"[(1, 'narabauwagakishi'), (12, 'chaebabokunoomoidoori')]",False,False,12
237.845,237.978,narabauwagakishichaebabokunoomoidoori,"[(1, 'narabauwagaki'), (12, 'shichaebabokunoomoidoori')]",False,False,12
237.645,237.845,narabauwagakishichaebabokunoomoidoori,"[(1, 'narabauwaga'), (12, 'kishichaebabokunoomoidoori')]",False,False,12
237.444,237.645,narabauwagakishichaebabokunoomoidoori,"[(1, 'narabauwa'), (12, 'gakishichaebabokunoomoidoori')]",False,False,12
237.244,237.444,narabauwagakishichaebabokunoomoidoori,"[(1, 'narabau'), (12, 'wagakishichaebabokunoomoidoori')]",False,False,12
237.044,237.244,narabauwagakishichaebabokunoomoidoori,"[(1, 'naraba'), (12, 'uwagakishichaebabokunoomoidoori')]",False,False,12
236.844,237.044,narabauwagakishichaebabokunoomoidoori,"[(1, 'nara'), (12, 'bauwagakishichaebabokunoomoidoori')]",False,False,12
236.644,236.844,narabauwagakishichaebabokunoomoidoori,"[(1, 'na'), (12, 'rabauwagakishichaebabokunoomoidoori')]",False,False,12
83.657,84.225,narabauwagakishichaebabokunoomoidoori,"[(17, 'narabauwagakishichaebabokunoomoidoori')]",False,False,12
83.457,83.657,narabauwagakishichaebabokunoomoidoori,"[(17, 'narabauwagakishichaebabokunoomoidoo'), (12, 'ri')]",False,False,12
83.224,83.457,narabauwagakishichaebabokunoomoidoori,"[(17, 'narabauwagakishichaebabokunoomoido'), (12, 'ori')]",False,False,12
83.157,83.224,narabauwagakishichaebabokunoomoidoori,"[(17, 'narabauwagakishichaebabokunoomoi'), (12, 'doori')]",False,False,12
83.024,83.157,narabauwagakishichaebabokunoomoidoori,"[(17, 'narabauwagakishichaebabokunoomo'), (12, 'idoori')]",False,False,12
82.656,83.024,narabauwagakishichaebabokunoomoidoori,"[(17, 'narabauwagakishichaebabokunoo'), (12, 'moidoori')]",False,False,12
82.423,82.656,narabauwagakishichaebabokunoomoidoori,"[(17, 'narabauwagakishichaebabokuno'), (12, 'omoidoori')]",False,False,12
82.323,82.423,narabauwagakishichaebabokunoomoidoori,"[(17, 'narabauwagakishichaebaboku'), (12, 'noomoidoori')]",False,False,12
82.056,82.323,narabauwagakishichaebabokunoomoidoori,"[(17, 'narabauwagakishichaebabo'), (12, 'kunoomoidoori')]",False,False,12
81.856,82.056,narabauwagakishichaebabokunoomoidoori,"[(17, 'narabauwagakishichaeba'), (12, 'bokunoomoidoori')]",False,False,12
81.655,81.856,narabauwagakishichaebabokunoomoidoori,"[(17, 'narabauwagakishichae'), (12, 'babokunoomoidoori')]",False,False,12
81.455,81.655,narabauwagakishichaebabokunoomoidoori,"[(17, 'narabauwagakishicha'), (12, 'ebabokunoomoidoori')]",False,False,12
81.255,81.455,narabauwagakishichaebabokunoomoidoori,"[(17, 'narabauwagakishi'), (12, 'chaebabokunoomoidoori')]",False,False,12
81.155,81.255,narabauwagakishichaebabokunoomoidoori,"[(17, 'narabauwagaki'), (12, 'shichaebabokunoomoidoori')]",False,False,12
80.855,81.155,narabauwagakishichaebabokunoomoidoori,"[(17, 'narabauwaga'), (12, 'kishichaebabokunoomoidoori')]",False,False,12
80.654,80.855,narabauwagakishichaebabokunoomoidoori,"[(17, 'narabauwa'), (12, 'gakishichaebabokunoomoidoori')]",False,False,12
80.454,80.654,narabauwagakishichaebabokunoomoidoori,"[(17, 'narabau'), (12, 'wagakishichaebabokunoomoidoori')]",False,False,12
80.254,80.454,narabauwagakishichaebabokunoomoidoori,"[(17, 'naraba'), (12, 'uwagakishichaebabokunoomoidoori')]",False,False,12
80.054,80.254,narabauwagakishichaebabokunoomoidoori,"[(17, 'nara'), (12, 'bauwagakishichaebabokunoomoidoori')]",False,False,12
79.854,80.054,narabauwagakishichaebabokunoomoidoori,"[(17, 'na'), (12, 'rabauwagakishichaebabokunoomoidoori')]",False,False,12
19.66,20.059,narabauwagakishichaebabokunoomoidoori,"[(1, 'narabauwagakishichaebabokunoomoidoori')]",False,False,12
19.46,19.66,narabauwagakishichaebabokunoomoidoori,"[(1, 'narabauwagakishichaebabokunoomoidoo'), (12, 'ri')]",False,False,12
19.26,19.46,narabauwagakishichaebabokunoomoidoori,"[(1, 'narabauwagakishichaebabokunoomoido'), (12, 'ori')]",False,False,12
19.16,19.26,narabauwagakishichaebabokunoomoidoori,"[(1, 'narabauwagakishichaebabokunoomoi'), (12, 'doori')]",False,False,12
19.06,19.16,narabauwagakishichaebabokunoomoidoori,"[(1, 'narabauwagakishichaebabokunoomo'), (12, 'idoori')]",False,False,12
18.626,19.06,narabauwagakishichaebabokunoomoidoori,"[(1, 'narabauwagakishichaebabokunoo'), (12, 'moidoori')]",False,False,12
18.426,18.626,narabauwagakishichaebabokunoomoidoori,"[(1, 'narabauwagakishichaebabokuno'), (12, 'omoidoori')]",False,False,12
18.292,18.426,narabauwagakishichaebabokunoomoidoori,"[(1, 'narabauwagakishichaebaboku'), (12, 'noomoidoori')]",False,False,12
18.059,18.292,narabauwagakishichaebabokunoomoidoori,"[(1, 'narabauwagakishichaebabo'), (12, 'kunoomoidoori')]",False,False,12
17.858,18.059,narabauwagakishichaebabokunoomoidoori,"[(1, 'narabauwagakishichaeba'), (12, 'bokunoomoidoori')]",False,False,12
17.658,17.858,narabauwagakishichaebabokunoomoidoori,"[(1, 'narabauwagakishichae'), (12, 'babokunoomoidoori')]",False,False,12
17.458,17.658,narabauwagakishichaebabokunoomoidoori,"[(1, 'narabauwagakishicha'), (12, 'ebabokunoomoidoori')]",False,False,12
17.191,17.458,narabauwagakishichaebabokunoomoidoori,"[(1, 'narabauwagakishi'), (12, 'chaebabokunoomoidoori')]",False,False,12
17.058,17.191,narabauwagakishichaebabokunoomoidoori,"[(1, 'narabauwagaki'), (12, 'shichaebabokunoomoidoori')]",False,False,12
16.857,17.058,narabauwagakishichaebabokunoomoidoori,"[(1, 'narabauwaga'), (12, 'kishichaebabokunoomoidoori')]",False,False,12
16.657,16.857,narabauwagakishichaebabokunoomoidoori,"[(1, 'narabauwa'), (12, 'gakishichaebabokunoomoidoori')]",False,False,12
16.457,16.657,narabauwagakishichaebabokunoomoidoori,"[(1, 'narabau'), (12, 'wagakishichaebabokunoomoidoori')]",False,False,12
16.257,16.457,narabauwagakishichaebabokunoomoidoori,"[(1, 'naraba'), (12, 'uwagakishichaebabokunoomoidoori')]",False,False,12
16.057,16.257,narabauwagakishichaebabokunoomoidoori,"[(1, 'nara'), (12, 'bauwagakishichaebabokunoomoidoori')]",False,False,12
15.856,16.057,narabauwagakishichaebabokunoomoidoori,"[(1, 'na'), (12, 'rabauwagakishichaebabokunoomoidoori')]",False,True,12
246.253,246.62,nukumorinigenaide,"[(1, 'nukumorinigenaide')]",True,False,12
246.12,246.253,nukumorinigenaide,"[(1, 'nukumorinigenai'), (12, 'de')]",False,False,12
245.853,246.12,nukumorinigenaide,"[(1, 'nukumorinigena'), (12, 'ide')]",False,False,12
245.653,245.853,nukumorinigenaide,"[(1, 'nukumorinige'), (12, 'naide')]",False,False,12
245.452,245.653,nukumorinigenaide,"[(1, 'nukumorini'), (12, 'genaide')]",False,False,12
245.252,245.452,nukumorinigenaide,"[(1, 'nukumori'), (12, 'nigenaide')]",False,False,12
245.052,245.252,nukumorinigenaide,"[(1, 'nukumo'), (12, 'rinigenaide')]",False,False,12
244.852,245.052,nukumorinigenaide,"[(1, 'nuku'), (12, 'morinigenaide')]",False,False,12
244.652,244.852,nukumorinigenaide,"[(1, 'nu'), (12, 'kumorinigenaide')]",False,False,12
89.463,89.83,nukumorinigenaide,"[(22, 'nukumorinigenaide')]",False,False,12
89.33,89.463,nukumorinigenaide,"[(22, 'nukumorinigenai'), (12, 'de')]",False,False,12
89.063,89.33,nukumorinigenaide,"[(22, 'nukumorinigena'), (12, 'ide')]",False,False,12
88.863,89.063,nukumorinigenaide,"[(22, 'nukumorinige'), (12, 'naide')]",False,False,12
88.662,88.863,nukumorinigenaide,"[(22, 'nukumorini'), (12, 'genaide')]",False,False,12
88.462,88.662,nukumorinigenaide,"[(22, 'nukumori'), (12, 'nigenaide')]",False,False,12
88.262,88.462,nukumorinigenaide,"[(22, 'nukumo'), (12, 'rinigenaide')]",False,False,12
88.062,88.262,nukumorinigenaide,"[(22, 'nuku'), (12, 'morinigenaide')]",False,False,12
87.862,88.062,nukumorinigenaide,"[(22, 'nu'), (12, 'kumorinigenaide')]",False,True,12
137.044,137.445,ohmygod!,"[(21, 'ohmygod!')]",True,False,12
136.744,137.044,ohmygod!,"[(21, 'ohmy'), (12, 'god!')]",False,False,12
136.444,136.744,ohmygod!,"[(21, 'oh'), (12, 'mygod!')]",False,True,12
208.048,208.415,ohoshisamaninegaigotokanaetekuremasuka,"[(19, 'ohoshisamaninegaigotokanaetekuremasuka')]",True,False,12
207.948,208.048,ohoshisamaninegaigotokanaetekuremasuka,"[(19, 'ohoshisamaninegaigotokanaetekuremasu'), (12, 'ka')]",False,False,12
207.815,207.948,ohoshisamaninegaigotokanaetekuremasuka,"[(19, 'ohoshisamaninegaigotokanaetekurema'), (12, 'suka')]",False,False,12
207.748,207.815,ohoshisamaninegaigotokanaetekuremasuka,"[(19, 'ohoshisamaninegaigotokanaetekure'), (12, 'masuka')]",False,False,12
207.448,207.748,ohoshisamaninegaigotokanaetekuremasuka,"[(19, 'ohoshisamaninegaigotokanaeteku'), (12, 'remasuka')]",False,False,12
207.248,207.448,ohoshisamaninegaigotokanaetekuremasuka,"[(19, 'ohoshisamaninegaigotokanaete'), (12, 'kuremasuka')]",False,False,12
207.148,207.248,ohoshisamaninegaigotokanaetekuremasuka,"[(19, 'ohoshisamaninegaigotokanae'), (12, 'tekuremasuka')]",False,False,12
207.047,207.148,ohoshisamaninegaigotokanaetekuremasuka,"[(19, 'ohoshisamaninegaigotokana'), (12, 'etekuremasuka')]",False,False,12
206.814,207.047,ohoshisamaninegaigotokanaetekuremasuka,"[(19, 'ohoshisamaninegaigotoka'), (12, 'naetekuremasuka')]",False,False,12
206.647,206.814,ohoshisamaninegaigotokanaetekuremasuka,"[(19, 'ohoshisamaninegaigoto'), (12, 'kanaetekuremasuka')]",False,False,12
206.447,206.647,ohoshisamaninegaigotokanaetekuremasuka,"[(19, 'ohoshisamaninegaigo'), (12, 'tokanaetekuremasuka')]",False,False,12
206.247,206.447,ohoshisamaninegaigotokanaetekuremasuka,"[(19, 'ohoshisamaninegai'), (12, 'gotokanaetekuremasuka')]",False,False,12
205.946,206.247,ohoshisamaninegaigotokanaetekuremasuka,"[(19, 'ohoshisamaninega'), (12, 'igotokanaetekuremasuka')]",False,False,12
205.813,205.946,ohoshisamaninegaigotokanaetekuremasuka,"[(19, 'ohoshisamanine'), (12, 'gaigotokanaetekuremasuka')]",False,False,12
205.646,205.813,ohoshisamaninegaigotokanaetekuremasuka,"[(19, 'ohoshisamani'), (12, 'negaigotokanaetekuremasuka')]",False,False,12
205.446,205.646,ohoshisamaninegaigotokanaetekuremasuka,"[(19, 'ohoshisama'), (12, 'ninegaigotokanaetekuremasuka')]",False,False,12
205.246,205.446,ohoshisamaninegaigotokanaetekuremasuka,"[(19, 'ohoshisa'), (12, 'maninegaigotokanaetekuremasuka')]",False,False,12
205.045,205.246,ohoshisamaninegaigotokanaetekuremasuka,"[(19, 'ohoshi'), (12, 'samaninegaigotokanaetekuremasuka')]",False,False,12
204.845,205.045,ohoshisamaninegaigotokanaetekuremasuka,"[(19, 'oho'), (12, 'shisamaninegaigotokanaetekuremasuka')]",False,False,12
204.645,204.845,ohoshisamaninegaigotokanaetekuremasuka,"[(19, 'o'), (12, 'hoshisamaninegaigotokanaetekuremasuka')]",False,False,12
144.051,144.418,ohoshisamaninegaigotokanaetekuremasuka,"[(3, 'ohoshisamaninegaigotokanaetekuremasuka')]",False,False,12
143.951,144.051,ohoshisamaninegaigotokanaetekuremasuka,"[(3, 'ohoshisamaninegaigotokanaetekuremasu'), (12, 'ka')]",False,False,12
143.818,143.951,ohoshisamaninegaigotokanaetekuremasuka,"[(3, 'ohoshisamaninegaigotokanaetekurema'), (12, 'suka')]",False,False,12
143.751,143.818,ohoshisamaninegaigotokanaetekuremasuka,"[(3, 'ohoshisamaninegaigotokanaetekure'), (12, 'masuka')]",False,False,12
143.417,143.751,ohoshisamaninegaigotokanaetekuremasuka,"[(3, 'ohoshisamaninegaigotokanaeteku'), (12, 'remasuka')]",False,False,12
143.217,143.417,ohoshisamaninegaigotokanaetekuremasuka,"[(3, 'ohoshisamaninegaigotokanaete'), (12, 'kuremasuka')]",False,False,12
143.15,143.217,ohoshisamaninegaigotokanaetekuremasuka,"[(3, 'ohoshisamaninegaigotokanae'), (12, 'tekuremasuka')]",False,False,12
143.05,143.15,ohoshisamaninegaigotokanaetekuremasuka,"[(3, 'ohoshisamaninegaigotokana'), (12, 'etekuremasuka')]",False,False,12
142.817,143.05,ohoshisamaninegaigotokanaetekuremasuka,"[(3, 'ohoshisamaninegaigotoka'), (12, 'naetekuremasuka')]",False,False,12
142.65,142.817,ohoshisamaninegaigotokanaetekuremasuka,"[(3, 'ohoshisamaninegaigoto'), (12, 'kanaetekuremasuka')]",False,False,12
142.45,142.65,ohoshisamaninegaigotokanaetekuremasuka,"[(3, 'ohoshisamaninegaigo'), (12, 'tokanaetekuremasuka')]",False,False,12
142.249,142.45,ohoshisamaninegaigotokanaetekuremasuka,"[(3, 'ohoshisamaninegai'), (12, 'gotokanaetekuremasuka')]",False,False,12
141.949,142.249,ohoshisamaninegaigotokanaetekuremasuka,"[(3, 'ohoshisamaninega'), (12, 'igotokanaetekuremasuka')]",False,False,12
141.816,141.949,ohoshisamaninegaigotokanaetekuremasuka,"[(3, 'ohoshisamanine'), (12, 'gaigotokanaetekuremasuka')]",False,False,12
141.649,141.816,ohoshisamaninegaigotokanaetekuremasuka,"[(3, 'ohoshisamani'), (12, 'negaigotokanaetekuremasuka')]",False,False,12
141.449,141.649,ohoshisamaninegaigotokanaetekuremasuka,"[(3, 'ohoshisama'), (12, 'ninegaigotokanaetekuremasuka')]",False,False,12
141.248,141.449,ohoshisamaninegaigotokanaetekuremasuka,"[(3, 'ohoshisa'), (12, 'maninegaigotokanaetekuremasuka')]",False,False,12
141.048,141.248,ohoshisamaninegaigotokanaetekuremasuka,"[(3, 'ohoshi'), (12, 'samaninegaigotokanaetekuremasuka')]",False,False,12
140.848,141.048,ohoshisamaninegaigotokanaetekuremasuka,"[(3, 'oho'), (12, 'shisamaninegaigotokanaetekuremasuka')]",False,False,12
140.648,140.848,ohoshisamaninegaigotokanaetekuremasuka,"[(3, 'o'), (12, 'hoshisamaninegaigotokanaetekuremasuka')]",False,True,12
124.832,125.466,sekaigabakuhatsushichau!!,"[(14, 'sekaigabakuhatsushichau!!')]",True,False,12
124.632,124.832,sekaigabakuhatsushichau!!,"[(14, 'sekaigabakuhatsushicha'), (12, 'u!!')]",False,False,12
124.465,124.632,sekaigabakuhatsushichau!!,"[(14, 'sekaigabakuhatsushi'), (12, 'chau!!')]",False,False,12
124.231,124.465,sekaigabakuhatsushichau!!,"[(14, 'sekaigabakuhatsu'), (12, 'shichau!!')]",False,False,12
124.031,124.231,sekaigabakuhatsushichau!!,"[(14, 'sekaigabakuha'), (12, 'tsushichau!!')]",False,False,12
123.831,124.031,sekaigabakuhatsushichau!!,"[(14, 'sekaigabaku'), (12, 'hatsushichau!!')]",False,False,12
123.631,123.831,sekaigabakuhatsushichau!!,"[(14, 'sekaigaba'), (12, 'kuhatsushichau!!')]",False,False,12
123.397,123.631,sekaigabakuhatsushichau!!,"[(14, 'sekaiga'), (12, 'bakuhatsushichau!!')]",False,False,12
122.83,123.397,sekaigabakuhatsushichau!!,"[(14, 'sekai'), (12, 'gabakuhatsushichau!!')]",False,False,12
122.63,122.83,sekaigabakuhatsushichau!!,"[(14, 'seka'), (12, 'igabakuhatsushichau!!')]",False,False,12
122.029,122.63,sekaigabakuhatsushichau!!,"[(14, 'se'), (12, 'kaigabakuhatsushichau!!')]",False,True,12
63.871,64.171,shakunisawarunantekinishiterukaranikimattenjan,"[(27, 'shakunisawarunantekinishiterukaranikimattenjan')]",True,False,12
63.671,63.871,shakunisawarunantekinishiterukaranikimattenjan,"[(27, 'shakunisawarunantekinishiterukaranikimatten'), (12, 'jan')]",False,False,12
63.471,63.671,shakunisawarunantekinishiterukaranikimattenjan,"[(27, 'shakunisawarunantekinishiterukaranikimat'), (12, 'tenjan')]",False,False,12
63.404,63.471,shakunisawarunantekinishiterukaranikimattenjan,"[(27, 'shakunisawarunantekinishiterukaraniki'), (12, 'mattenjan')]",False,False,12
63.27,63.404,shakunisawarunantekinishiterukaranikimattenjan,"[(27, 'shakunisawarunantekinishiterukarani'), (12, 'kimattenjan')]",False,False,12
63.17,63.27,shakunisawarunantekinishiterukaranikimattenjan,"[(27, 'shakunisawarunantekinishiterukara'), (12, 'nikimattenjan')]",False,False,12
63.07,63.17,shakunisawarunantekinishiterukaranikimattenjan,"[(27, 'shakunisawarunantekinishiteruka'), (12, 'ranikimattenjan')]",False,False,12
62.837,63.07,shakunisawarunantekinishiterukaranikimattenjan,"[(27, 'shakunisawarunantekinishiteru'), (12, 'karanikimattenjan')]",False,False,12
62.77,62.837,shakunisawarunantekinishiterukaranikimattenjan,"[(27, 'shakunisawarunantekinishite'), (12, 'rukaranikimattenjan')]",False,False,12
62.67,62.77,shakunisawarunantekinishiterukaranikimattenjan,"[(27, 'shakunisawarunantekinishi'), (12, 'terukaranikimattenjan')]",False,False,12
62.57,62.67,shakunisawarunantekinishiterukaranikimattenjan,"[(27, 'shakunisawarunantekini'), (12, 'shiterukaranikimattenjan')]",False,False,12
62.47,62.57,shakunisawarunantekinishiterukaranikimattenjan,"[(27, 'shakunisawarunanteki'), (12, 'nishiterukaranikimattenjan')]",False,False,12
62.269,62.47,shakunisawarunantekinishiterukaranikimattenjan,"[(27, 'shakunisawarunante'), (12, 'kinishiterukaranikimattenjan')]",False,False,12
62.036,62.269,shakunisawarunantekinishiterukaranikimattenjan,"[(27, 'shakunisawarunan'), (12, 'tekinishiterukaranikimattenjan')]",False,False,12
61.869,62.036,shakunisawarunantekinishiterukaranikimattenjan,"[(27, 'shakunisawaru'), (12, 'nantekinishiterukaranikimattenjan')]",False,False,12
61.635,61.869,shakunisawarunantekinishiterukaranikimattenjan,"[(27, 'shakunisawa'), (12, 'runantekinishiterukaranikimattenjan')]",False,False,12
61.469,61.635,shakunisawarunantekinishiterukaranikimattenjan,"[(27, 'shakunisa'), (12, 'warunantekinishiterukaranikimattenjan')]",False,False,12
61.268,61.469,shakunisawarunantekinishiterukaranikimattenjan,"[(27, 'shakuni'), (12, 'sawarunantekinishiterukaranikimattenjan')]",False,False,12
61.202,61.268,shakunisawarunantekinishiterukaranikimattenjan,"[(27, 'shaku'), (12, 'nisawarunantekinishiterukaranikimattenjan')]",False,False,12
61.068,61.202,shakunisawarunantekinishiterukaranikimattenjan,"[(27, 'sha'), (12, 'kunisawarunantekinishiterukaranikimattenjan')]",False,True,12
223.464,223.831,shizukuwamunenitsutsunde,"[(11, 'shizukuwamunenitsutsunde')]",True,False,12
223.264,223.464,shizukuwamunenitsutsunde,"[(11, 'shizukuwamunenitsutsun'), (23, 'de')]",False,False,12
223.063,223.264,shizukuwamunenitsutsunde,"[(11, 'shizukuwamunenitsutsu'), (23, 'nde')]",False,False,12
222.863,223.063,shizukuwamunenitsutsunde,"[(11, 'shizukuwamunenitsu'), (23, 'tsunde')]",False,False,12
222.63,222.863,shizukuwamunenitsutsunde,"[(11, 'shizukuwamuneni'), (23, 'tsutsunde')]",False,False,12
222.463,222.63,shizukuwamunenitsutsunde,"[(11, 'shizukuwamune'), (23, 'nitsutsunde')]",False,False,12
222.263,222.463,shizukuwamunenitsutsunde,"[(11, 'shizukuwamu'), (23, 'nenitsutsunde')]",False,False,12
221.662,222.263,shizukuwamunenitsutsunde,"[(11, 'shizukuwa'), (23, 'munenitsutsunde')]",False,False,12
221.562,221.662,shizukuwamunenitsutsunde,"[(11, 'shizuku'), (23, 'wamunenitsutsunde')]",False,False,12
221.462,221.562,shizukuwamunenitsutsunde,"[(11, 'shizu'), (23, 'kuwamunenitsutsunde')]",False,False,12
221.061,221.462,shizukuwamunenitsutsunde,"[(11, 'shi'), (23, 'zukuwamunenitsutsunde')]",False,False,12
159.467,159.834,shizukuwamunenitsutsunde,"[(24, 'shizukuwamunenitsutsunde')]",False,False,12
159.266,159.467,shizukuwamunenitsutsunde,"[(24, 'shizukuwamunenitsutsun'), (12, 'de')]",False,False,12
159.066,159.266,shizukuwamunenitsutsunde,"[(24, 'shizukuwamunenitsutsu'), (12, 'nde')]",False,False,12
158.833,159.066,shizukuwamunenitsutsunde,"[(24, 'shizukuwamunenitsu'), (12, 'tsunde')]",False,False,12
158.632,158.833,shizukuwamunenitsutsunde,"[(24, 'shizukuwamuneni'), (12, 'tsutsunde')]",False,False,12
158.466,158.632,shizukuwamunenitsutsunde,"[(24, 'shizukuwamune'), (12, 'nitsutsunde')]",False,False,12
158.232,158.466,shizukuwamunenitsutsunde,"[(24, 'shizukuwamu'), (12, 'nenitsutsunde')]",False,False,12
157.665,158.232,shizukuwamunenitsutsunde,"[(24, 'shizukuwa'), (12, 'munenitsutsunde')]",False,False,12
157.565,157.665,shizukuwamunenitsutsunde,"[(24, 'shizuku'), (12, 'wamunenitsutsunde')]",False,False,12
157.431,157.565,shizukuwamunenitsutsunde,"[(24, 'shizu'), (12, 'kuwamunenitsutsunde')]",False,False,12
157.031,157.431,shizukuwamunenitsutsunde,"[(24, 'shi'), (12, 'zukuwamunenitsutsunde')]",False,True,12
67.041,67.441,soredemoshinjiteshiawaseninaruyounireigitadashiku,"[(10, 'soredemoshinjiteshiawaseninaruyounireigitadashiku')]",True,False,12
66.941,67.041,soredemoshinjiteshiawaseninaruyounireigitadashiku,"[(10, 'soredemoshinjiteshiawaseninaruyounireigitadashi'), (12, 'ku')]",False,False,12
66.841,66.941,soredemoshinjiteshiawaseninaruyounireigitadashiku,"[(10, 'soredemoshinjiteshiawaseninaruyounireigitada'), (12, 'shiku')]",False,False,12
66.741,66.841,soredemoshinjiteshiawaseninaruyounireigitadashiku,"[(10, 'soredemoshinjiteshiawaseninaruyounireigita'), (12, 'dashiku')]",False,False,12
66.64,66.741,soredemoshinjiteshiawaseninaruyounireigitadashiku,"[(10, 'soredemoshinjiteshiawaseninaruyounireigi'), (12, 'tadashiku')]",False,False,12
66.44,66.64,soredemoshinjiteshiawaseninaruyounireigitadashiku,"[(10, 'soredemoshinjiteshiawaseninaruyounirei'), (12, 'gitadashiku')]",False,False,12
66.24,66.44,soredemoshinjiteshiawaseninaruyounireigitadashiku,"[(10, 'soredemoshinjiteshiawaseninaruyouni'), (12, 'reigitadashiku')]",False,False,12
66.04,66.24,soredemoshinjiteshiawaseninaruyounireigitadashiku,"[(10, 'soredemoshinjiteshiawaseninaruyou'), (12, 'nireigitadashiku')]",False,False,12
65.973,66.04,soredemoshinjiteshiawaseninaruyounireigitadashiku,"[(10, 'soredemoshinjiteshiawaseninaru'), (12, 'younireigitadashiku')]",False,False,12
65.84,65.973,soredemoshinjiteshiawaseninaruyounireigitadashiku,"[(10, 'soredemoshinjiteshiawasenina'), (12, 'ruyounireigitadashiku')]",False,False,12
65.606,65.84,soredemoshinjiteshiawaseninaruyounireigitadashiku,"[(10, 'soredemoshinjiteshiawaseni'), (12, 'naruyounireigitadashiku')]",False,False,12
65.439,65.606,soredemoshinjiteshiawaseninaruyounireigitadashiku,"[(10, 'soredemoshinjiteshiawase'), (12, 'ninaruyounireigitadashiku')]",False,False,12
65.339,65.439,soredemoshinjiteshiawaseninaruyounireigitadashiku,"[(10, 'soredemoshinjiteshiawa'), (12, 'seninaruyounireigitadashiku')]",False,False,12
65.239,65.339,soredemoshinjiteshiawaseninaruyounireigitadashiku,"[(10, 'soredemoshinjiteshia'), (12, 'waseninaruyounireigitadashiku')]",False,False,12
65.139,65.239,soredemoshinjiteshiawaseninaruyounireigitadashiku,"[(10, 'soredemoshinjiteshi'), (12, 'awaseninaruyounireigitadashiku')]",False,False,12
65.039,65.139,soredemoshinjiteshiawaseninaruyounireigitadashiku,"[(10, 'soredemoshinjite'), (12, 'shiawaseninaruyounireigitadashiku')]",False,False,12
64.839,65.039,soredemoshinjiteshiawaseninaruyounireigitadashiku,"[(10, 'soredemoshinji'), (12, 'teshiawaseninaruyounireigitadashiku')]",False,False,12
64.638,64.839,soredemoshinjiteshiawaseninaruyounireigitadashiku,"[(10, 'soredemoshin'), (12, 'jiteshiawaseninaruyounireigitadashiku')]",False,False,12
64.438,64.638,soredemoshinjiteshiawaseninaruyounireigitadashiku,"[(10, 'soredemo'), (12, 'shinjiteshiawaseninaruyounireigitadashiku')]",False,False,12
64.372,64.438,soredemoshinjiteshiawaseninaruyounireigitadashiku,"[(10, 'sorede'), (12, 'moshinjiteshiawaseninaruyounireigitadashiku')]",False,False,12
64.271,64.372,soredemoshinjiteshiawaseninaruyounireigitadashiku,"[(10, 'sore'), (12, 'demoshinjiteshiawaseninaruyounireigitadashiku')]",False,False,12
64.171,64.271,soredemoshinjiteshiawaseninaruyounireigitadashiku,"[(10, 'so'), (12, 'redemoshinjiteshiawaseninaruyounireigitadashiku')]",False,True,12
118.059,118.859,sukoshiwachigaudesho?,"[(7, 'sukoshiwachigaudesho?')]",True,False,12
117.858,118.059,sukoshiwachigaudesho?,"[(7, 'sukoshiwachigaude'), (12, 'sho?')]",False,False,12
117.658,117.858,sukoshiwachigaudesho?,"[(7, 'sukoshiwachigau'), (12, 'desho?')]",False,False,12
117.458,117.658,sukoshiwachigaudesho?,"[(7, 'sukoshiwachiga'), (12, 'udesho?')]",False,False,12
117.224,117.458,sukoshiwachigaudesho?,"[(7, 'sukoshiwachi'), (12, 'gaudesho?')]",False,False,12
117.058,117.224,sukoshiwachigaudesho?,"[(7, 'sukoshiwa'), (12, 'chigaudesho?')]",False,False,12
116.424,117.058,sukoshiwachigaudesho?,"[(7, 'sukoshi'), (12, 'wachigaudesho?')]",False,False,12
116.257,116.424,sukoshiwachigaudesho?,"[(7, 'suko'), (12, 'shiwachigaudesho?')]",False,False,12
115.623,116.257,sukoshiwachigaudesho?,"[(7, 'su'), (12, 'koshiwachigaudesho?')]",False,True,12
114.822,115.623,sutoroonokuwaekata,"[(7, 'sutoroonokuwaekata')]",True,False,12
114.622,114.822,sutoroonokuwaekata,"[(7, 'sutoroonokuwaeka'), (12, 'ta')]",False,False,12
114.422,114.622,sutoroonokuwaekata,"[(7, 'sutoroonokuwae'), (12, 'kata')]",False,False,12
114.221,114.422,sutoroonokuwaekata,"[(7, 'sutoroonokuwa'), (12, 'ekata')]",False,False,12
114.021,114.221,sutoroonokuwaekata,"[(7, 'sutoroonoku'), (12, 'waekata')]",False,False,12
113.821,114.021,sutoroonokuwaekata,"[(7, 'sutoroono'), (12, 'kuwaekata')]",False,False,12
113.621,113.821,sutoroonokuwaekata,"[(7, 'sutoroo'), (12, 'nokuwaekata')]",False,False,12
113.22,113.621,sutoroonokuwaekata,"[(7, 'sutoro'), (12, 'onokuwaekata')]",False,False,12
113.054,113.22,sutoroonokuwaekata,"[(7, 'suto'), (12, 'roonokuwaekata')]",False,False,12
112.42,113.054,sutoroonokuwaekata,"[(7, 'su'), (12, 'toroonokuwaekata')]",False,True,12
225.833,227.034,todokeruyosorani,"[(11, 'todokeruyosorani')]",True,False,12
225.633,225.833,todokeruyosorani,"[(11, 'todokeruyosora'), (23, 'ni')]",False,False,12
225.432,225.633,todokeruyosorani,"[(11, 'todokeruyoso'), (23, 'rani')]",False,False,12
224.798,225.432,todokeruyosorani,"[(11, 'todokeruyo'), (23, 'sorani')]",False,False,12
224.632,224.798,todokeruyosorani,"[(11, 'todokeru'), (23, 'yosorani')]",False,False,12
224.231,224.632,todokeruyosorani,"[(11, 'todoke'), (23, 'ruyosorani')]",False,False,12
224.031,224.231,todokeruyosorani,"[(11, 'todo'), (23, 'keruyosorani')]",False,False,12
223.831,224.031,todokeruyosorani,"[(11, 'to'), (23, 'dokeruyosorani')]",False,False,12
161.836,163.037,todokeruyosorani,"[(24, 'todokeruyosorani')]",False,False,12
161.635,161.836,todokeruyosorani,"[(24, 'todokeruyosora'), (12, 'ni')]",False,False,12
161.435,161.635,todokeruyosorani,"[(24, 'todokeruyoso'), (12, 'rani')]",False,False,12
160.835,161.435,todokeruyosorani,"[(24, 'todokeruyo'), (12, 'sorani')]",False,False,12
160.634,160.835,todokeruyosorani,"[(24, 'todokeru'), (12, 'yosorani')]",False,False,12
160.234,160.634,todokeruyosorani,"[(24, 'todoke'), (12, 'ruyosorani')]",False,False,12
160.034,160.234,todokeruyosorani,"[(24, 'todo'), (12, 'keruyosorani')]",False,False,12
159.834,160.034,todokeruyosorani,"[(24, 'to'), (12, 'dokeruyosorani')]",False,True,12
233.674,234.041,wasurerarenaikarabokunodaijinamemorii,"[(1, 'wasurerarenaikarabokunodaijinamemorii')]",True,False,12
233.474,233.674,wasurerarenaikarabokunodaijinamemorii,"[(1, 'wasurerarenaikarabokunodaijinamemo'), (12, 'rii')]",False,False,12
233.073,233.474,wasurerarenaikarabokunodaijinamemorii,"[(1, 'wasurerarenaikarabokunodaijiname'), (12, 'morii')]",False,False,12
232.873,233.073,wasurerarenaikarabokunodaijinamemorii,"[(1, 'wasurerarenaikarabokunodaijina'), (12, 'memorii')]",False,False,12
232.773,232.873,wasurerarenaikarabokunodaijinamemorii,"[(1, 'wasurerarenaikarabokunodaiji'), (12, 'namemorii')]",False,False,12
232.706,232.773,wasurerarenaikarabokunodaijinamemorii,"[(1, 'wasurerarenaikarabokunodai'), (12, 'jinamemorii')]",False,False,12
232.473,232.706,wasurerarenaikarabokunodaijinamemorii,"[(1, 'wasurerarenaikarabokunoda'), (12, 'ijinamemorii')]",False,False,12
232.273,232.473,wasurerarenaikarabokunodaijinamemorii,"[(1, 'wasurerarenaikarabokuno'), (12, 'daijinamemorii')]",False,False,12
232.072,232.273,wasurerarenaikarabokunodaijinamemorii,"[(1, 'wasurerarenaikaraboku'), (12, 'nodaijinamemorii')]",False,False,12
231.872,232.072,wasurerarenaikarabokunodaijinamemorii,"[(1, 'wasurerarenaikarabo'), (12, 'kunodaijinamemorii')]",False,False,12
231.539,231.872,wasurerarenaikarabokunodaijinamemorii,"[(1, 'wasurerarenaikara'), (12, 'bokunodaijinamemorii')]",False,False,12
231.438,231.539,wasurerarenaikarabokunodaijinamemorii,"[(1, 'wasurerarenaika'), (12, 'rabokunodaijinamemorii')]",False,False,12
231.272,231.438,wasurerarenaikarabokunodaijinamemorii,"[(1, 'wasurerarenai'), (12, 'karabokunodaijinamemorii')]",False,False,12
231.071,231.272,wasurerarenaikarabokunodaijinamemorii,"[(1, 'wasurerare'), (12, 'naikarabokunodaijinamemorii')]",False,False,12
230.871,231.071,wasurerarenaikarabokunodaijinamemorii,"[(1, 'wasurera'), (12, 'renaikarabokunodaijinamemorii')]",False,False,12
230.671,230.871,wasurerarenaikarabokunodaijinamemorii,"[(1, 'wasure'), (12, 'rarenaikarabokunodaijinamemorii')]",False,False,12
230.471,230.671,wasurerarenaikarabokunodaijinamemorii,"[(1, 'wasu'), (12, 'rerarenaikarabokunodaijinamemorii')]",False,False,12
230.271,230.471,wasurerarenaikarabokunodaijinamemorii,"[(1, 'wa'), (12, 'surerarenaikarabokunodaijinamemorii')]",False,False,12
76.851,77.218,wasurerarenaikarabokunodaijinamemorii,"[(26, 'wasurerarenaikarabokunodaijinamemorii')]",False,False,12
76.65,76.851,wasurerarenaikarabokunodaijinamemorii,"[(26, 'wasurerarenaikarabokunodaijinamemo'), (12, 'rii')]",False,False,12
76.25,76.65,wasurerarenaikarabokunodaijinamemorii,"[(26, 'wasurerarenaikarabokunodaijiname'), (12, 'morii')]",False,False,12
76.05,76.25,wasurerarenaikarabokunodaijinamemorii,"[(26, 'wasurerarenaikarabokunodaijina'), (12, 'memorii')]",False,False,12
75.95,76.05,wasurerarenaikarabokunodaijinamemorii,"[(26, 'wasurerarenaikarabokunodaiji'), (12, 'namemorii')]",False,False,12
75.883,75.95,wasurerarenaikarabokunodaijinamemorii,"[(26, 'wasurerarenaikarabokunodai'), (12, 'jinamemorii')]",False,False,12
75.649,75.883,wasurerarenaikarabokunodaijinamemorii,"[(26, 'wasurerarenaikarabokunoda'), (12, 'ijinamemorii')]",False,False,12
75.449,75.649,wasurerarenaikarabokunodaijinamemorii,"[(26, 'wasurerarenaikarabokuno'), (12, 'daijinamemorii')]",False,False,12
75.249,75.449,wasurerarenaikarabokunodaijinamemorii,"[(26, 'wasurerarenaikaraboku'), (12, 'nodaijinamemorii')]",False,False,12
75.049,75.249,wasurerarenaikarabokunodaijinamemorii,"[(26, 'wasurerarenaikarabo'), (12, 'kunodaijinamemorii')]",False,False,12
74.715,75.049,wasurerarenaikarabokunodaijinamemorii,"[(26, 'wasurerarenaikara'), (12, 'bokunodaijinamemorii')]",False,False,12
74.648,74.715,wasurerarenaikarabokunodaijinamemorii,"[(26, 'wasurerarenaika'), (12, 'rabokunodaijinamemorii')]",False,False,12
74.415,74.648,wasurerarenaikarabokunodaijinamemorii,"[(26, 'wasurerarenai'), (12, 'karabokunodaijinamemorii')]",False,False,12
74.248,74.415,wasurerarenaikarabokunodaijinamemorii,"[(26, 'wasurerare'), (12, 'naikarabokunodaijinamemorii')]",False,False,12
74.048,74.248,wasurerarenaikarabokunodaijinamemorii,"[(26, 'wasurera'), (12, 'renaikarabokunodaijinamemorii')]",False,False,12
73.848,74.048,wasurerarenaikarabokunodaijinamemorii,"[(26, 'wasure'), (12, 'rarenaikarabokunodaijinamemorii')]",False,False,12
73.647,73.848,wasurerarenaikarabokunodaijinamemorii,"[(26, 'wasu'), (12, 'rerarenaikarabokunodaijinamemorii')]",False,False,12
73.447,73.647,wasurerarenaikarabokunodaijinamemorii,"[(26, 'wa'), (12, 'surerarenaikarabokunodaijinamemorii')]",False,False,12
12.853,13.22,wasurerarenaikarabokunodaijinamemorii,"[(1, 'wasurerarenaikarabokunodaijinamemorii')]",False,False,12
12.653,12.853,wasurerarenaikarabokunodaijinamemorii,"[(1, 'wasurerarenaikarabokunodaijinamemo'), (12, 'rii')]",False,False,12
12.253,12.653,wasurerarenaikarabokunodaijinamemorii,"[(1, 'wasurerarenaikarabokunodaijiname'), (12, 'morii')]",False,False,12
12.053,12.253,wasurerarenaikarabokunodaijinamemorii,"[(1, 'wasurerarenaikarabokunodaijina'), (12, 'memorii')]",False,False,12
11.953,12.053,wasurerarenaikarabokunodaijinamemorii,"[(1, 'wasurerarenaikarabokunodaiji'), (12, 'namemorii')]",False,False,12
11.886,11.953,wasurerarenaikarabokunodaijinamemorii,"[(1, 'wasurerarenaikarabokunodai'), (12, 'jinamemorii')]",False,False,12
11.652,11.886,wasurerarenaikarabokunodaijinamemorii,"[(1, 'wasurerarenaikarabokunoda'), (12, 'ijinamemorii')]",False,False,12
11.452,11.652,wasurerarenaikarabokunodaijinamemorii,"[(1, 'wasurerarenaikarabokuno'), (12, 'daijinamemorii')]",False,False,12
11.252,11.452,wasurerarenaikarabokunodaijinamemorii,"[(1, 'wasurerarenaikaraboku'), (12, 'nodaijinamemorii')]",False,False,12
11.052,11.252,wasurerarenaikarabokunodaijinamemorii,"[(1, 'wasurerarenaikarabo'), (12, 'kunodaijinamemorii')]",False,False,12
10.751,11.052,wasurerarenaikarabokunodaijinamemorii,"[(1, 'wasurerarenaikara'), (12, 'bokunodaijinamemorii')]",False,False,12
10.651,10.751,wasurerarenaikarabokunodaijinamemorii,"[(1, 'wasurerarenaika'), (12, 'rabokunodaijinamemorii')]",False,False,12
10.418,10.651,wasurerarenaikarabokunodaijinamemorii,"[(1, 'wasurerarenai'), (12, 'karabokunodaijinamemorii')]",False,False,12
10.217,10.418,wasurerarenaikarabokunodaijinamemorii,"[(1, 'wasurerare'), (12, 'naikarabokunodaijinamemorii')]",False,False,12
10.051,10.217,wasurerarenaikarabokunodaijinamemorii,"[(1, 'wasurera'), (12, 'renaikarabokunodaijinamemorii')]",False,False,12
9.85,10.051,wasurerarenaikarabokunodaijinamemorii,"[(1, 'wasure'), (12, 'rarenaikarabokunodaijinamemorii')]",False,False,12
9.65,9.85,wasurerarenaikarabokunodaijinamemorii,"[(1, 'wasu'), (12, 'rerarenaikarabokunodaijinamemorii')]",False,False,12
9.45,9.65,wasurerarenaikarabokunodaijinamemorii,"[(1, 'wa'), (12, 'surerarenaikarabokunodaijinamemorii')]",False,True,12
105.246,106.047,yakusokuasshukushite,"[(2, 'yakusokuasshukushite')]",True,False,12
105.046,105.246,yakusokuasshukushite,"[(2, 'yakusokuasshukushi'), (12, 'te')]",False,False,12
104.845,105.046,yakusokuasshukushite,"[(2, 'yakusokuasshuku'), (12, 'shite')]",False,False,12
104.645,104.845,yakusokuasshukushite,"[(2, 'yakusokuasshu'), (12, 'kushite')]",False,False,12
104.445,104.645,yakusokuasshukushite,"[(2, 'yakusokuas'), (12, 'shukushite')]",False,False,12
104.245,104.445,yakusokuasshukushite,"[(2, 'yakusoku'), (12, 'asshukushite')]",False,False,12
103.644,104.245,yakusokuasshukushite,"[(2, 'yakuso'), (12, 'kuasshukushite')]",False,False,12
103.444,103.644,yakusokuasshukushite,"[(2, 'yaku'), (12, 'sokuasshukushite')]",False,False,12
102.843,103.444,yakusokuasshukushite,"[(2, 'ya'), (12, 'kusokuasshukushite')]",False,True,12
243.45,244.652,yumekarapipipisamenaidesamenaide,"[(1, 'yumekarapipipisamenaidesamenaide')]",True,False,12
243.25,243.45,yumekarapipipisamenaidesamenaide,"[(1, 'yumekarapipipisamenaidesamenai'), (12, 'de')]",False,False,12
243.017,243.25,yumekarapipipisamenaidesamenaide,"[(1, 'yumekarapipipisamenaidesame'), (12, 'naide')]",False,False,12
242.85,243.017,yumekarapipipisamenaidesamenaide,"[(1, 'yumekarapipipisamenaidesa'), (12, 'menaide')]",False,False,12
242.616,242.85,yumekarapipipisamenaidesamenaide,"[(1, 'yumekarapipipisamenaide'), (12, 'samenaide')]",False,False,12
242.449,242.616,yumekarapipipisamenaidesamenaide,"[(1, 'yumekarapipipisamenai'), (12, 'desamenaide')]",False,False,12
242.249,242.449,yumekarapipipisamenaidesamenaide,"[(1, 'yumekarapipipisame'), (12, 'naidesamenaide')]",False,False,12
242.049,242.249,yumekarapipipisamenaidesamenaide,"[(1, 'yumekarapipipisa'), (12, 'menaidesamenaide')]",False,False,12
241.849,242.049,yumekarapipipisamenaidesamenaide,"[(1, 'yumekarapipipi'), (12, 'samenaidesamenaide')]",False,False,12
241.749,241.849,yumekarapipipisamenaidesamenaide,"[(1, 'yumekarapipi'), (12, 'pisamenaidesamenaide')]",False,False,12
241.615,241.749,yumekarapipipisamenaidesamenaide,"[(1, 'yumekarapi'), (12, 'pipisamenaidesamenaide')]",False,False,12
241.448,241.615,yumekarapipipisamenaidesamenaide,"[(1, 'yumekara'), (12, 'pipipisamenaidesamenaide')]",False,False,12
241.248,241.448,yumekarapipipisamenaidesamenaide,"[(1, 'yumeka'), (12, 'rapipipisamenaidesamenaide')]",False,False,12
241.148,241.248,yumekarapipipisamenaidesamenaide,"[(1, 'yume'), (12, 'karapipipisamenaidesamenaide')]",False,False,12
241.048,241.148,yumekarapipipisamenaidesamenaide,"[(1, 'yu'), (12, 'mekarapipipisamenaidesamenaide')]",False,False,12
86.66,87.862,yumekarapipipisamenaidesamenaide,"[(22, 'yumekarapipipisamenaidesamenaide')]",False,False,12
86.427,86.66,yumekarapipipisamenaidesamenaide,"[(22, 'yumekarapipipisamenaidesamenai'), (12, 'de')]",False,False,12
86.227,86.427,yumekarapipipisamenaidesamenaide,"[(22, 'yumekarapipipisamenaidesame'), (12, 'naide')]",False,False,12
86.027,86.227,yumekarapipipisamenaidesamenaide,"[(22, 'yumekarapipipisamenaidesa'), (12, 'menaide')]",False,False,12
85.826,86.027,yumekarapipipisamenaidesamenaide,"[(22, 'yumekarapipipisamenaide'), (12, 'samenaide')]",False,False,12
85.626,85.826,yumekarapipipisamenaidesamenaide,"[(22, 'yumekarapipipisamenai'), (12, 'desamenaide')]",False,False,12
85.459,85.626,yumekarapipipisamenaidesamenaide,"[(22, 'yumekarapipipisame'), (12, 'naidesamenaide')]",False,False,12
85.259,85.459,yumekarapipipisamenaidesamenaide,"[(22, 'yumekarapipipisa'), (12, 'menaidesamenaide')]",False,False,12
85.059,85.259,yumekarapipipisamenaidesamenaide,"[(22, 'yumekarapipipi'), (12, 'samenaidesamenaide')]",False,False,12
84.925,85.059,yumekarapipipisamenaidesamenaide,"[(22, 'yumekarapipi'), (12, 'pisamenaidesamenaide')]",False,False,12
84.825,84.925,yumekarapipipisamenaidesamenaide,"[(22, 'yumekarapi'), (12, 'pipisamenaidesamenaide')]",False,False,12
84.625,84.825,yumekarapipipisamenaidesamenaide,"[(22, 'yumekara'), (12, 'pipipisamenaidesamenaide')]",False,False,12
84.425,84.625,yumekarapipipisamenaidesamenaide,"[(22, 'yumeka'), (12, 'rapipipisamenaidesamenaide')]",False,False,12
84.325,84.425,yumekarapipipisamenaidesamenaide,"[(22, 'yume'), (12, 'karapipipisamenaidesamenaide')]",False,False,12
84.225,84.325,yumekarapipipisamenaidesamenaide,"[(22, 'yu'), (12, 'mekarapipipisamenaidesamenaide')]",False,True,12
34.842,35.643,zuttosobademiteruyo,"[(8, 'zuttosobademiteruyo')]",True,False,12
34.642,34.842,zuttosobademiteruyo,"[(8, 'zuttosobademiteru'), (12, 'yo')]",False,False,12
34.442,34.642,zuttosobademiteruyo,"[(8, 'zuttosobademite'), (12, 'ruyo')]",False,False,12
34.241,34.442,zuttosobademiteruyo,"[(8, 'zuttosobademi'), (12, 'teruyo')]",False,False,12
34.041,34.241,zuttosobademiteruyo,"[(8, 'zuttosobade'), (12, 'miteruyo')]",False,False,12
33.841,34.041,zuttosobademiteruyo,"[(8, 'zuttosoba'), (12, 'demiteruyo')]",False,False,12
33.24,33.841,zuttosobademiteruyo,"[(8, 'zuttoso'), (12, 'bademiteruyo')]",False,False,12
33.04,33.24,zuttosobademiteruyo,"[(8, 'zutto'), (12, 'sobademiteruyo')]",False,False,12
32.44,33.04,zuttosobademiteruyo,"[(8, 'zut'), (12, 'tosobademiteruyo')]",False,True,12
