start,end,unformatted,segments,ref_start,ref_end,common_number
230.247,232.015,aozoramitainagayoushihirogetematteru,"[(1, ''), (2, 'aozoramitainagayoushihirogetematteru'), (1, '')]",True,False,3
230.047,230.247,aozoramitainagayoushihirogetematteru,"[(1, ''), (2, 'aozoramitainagayoushihirogetematte'), (3, 'ru'), (1, '')]",False,False,3
229.846,230.047,aozoramitainagayoushihirogetematteru,"[(1, ''), (2, 'aozoramitainagayoushihirogetemat'), (3, 'teru'), (1, '')]",False,False,3
229.68,229.846,aozoramitainagayoushihirogetematteru,"[(1, ''), (2, 'aozoramitainagayoushihirogetema'), (3, 'tteru'), (1, '')]",False,False,3
229.479,229.68,aozoramitainagayoushihirogetematteru,"[(1, ''), (2, 'aozoramitainagayoushihirogete'), (3, 'matteru'), (1, '')]",False,False,3
229.279,229.479,aozoramitainagayoushihirogetematteru,"[(1, ''), (2, 'aozoramitainagayoushihiroge'), (3, 'tematteru'), (1, '')]",False,False,3
229.079,229.279,aozoramitainagayoushihirogetematteru,"[(1, ''), (2, 'aozoramitainagayoushihiro'), (3, 'getematteru'), (1, '')]",False,False,3
228.879,229.079,aozoramitainagayoushihirogetematteru,"[(1, ''), (2, 'aozoramitainagayoushihi'), (3, 'rogetematteru'), (1, '')]",False,False,3
227.844,228.879,aozoramitainagayoushihirogetematteru,"[(1, ''), (2, 'aozoramitainagayoushi'), (3, 'hirogetematteru'), (1, '')]",False,False,3
227.644,227.844,aozoramitainagayoushihirogetematteru,"[(1, ''), (2, 'aozoramitainagayou'), (3, 'shihirogetematteru'), (1, '')]",False,False,3
227.444,227.644,aozoramitainagayoushihirogetematteru,"[(1, ''), (2, 'aozoramitainagayo'), (3, 'ushihirogetematteru'), (1, '')]",False,False,3
227.244,227.444,aozoramitainagayoushihirogetematteru,"[(1, ''), (2, 'aozoramitainaga'), (3, 'youshihirogetematteru'), (1, '')]",False,False,3
227.077,227.244,aozoramitainagayoushihirogetematteru,"[(1, ''), (2, 'aozoramitaina'), (3, 'gayoushihirogetematteru'), (1, '')]",False,False,3
226.877,227.077,aozoramitainagayoushihirogetematteru,"[(1, ''), (2, 'aozoramitai'), (3, 'nagayoushihirogetematteru'), (1, '')]",False,False,3
226.677,226.877,aozoramitainagayoushihirogetematteru,"[(1, ''), (2, 'aozoramita'), (3, 'inagayoushihirogetematteru'), (1, '')]",False,False,3
226.476,226.677,aozoramitainagayoushihirogetematteru,"[(1, ''), (2, 'aozorami'), (3, 'tainagayoushihirogetematteru'), (1, '')]",False,False,3
226.276,226.476,aozoramitainagayoushihirogetematteru,"[(1, ''), (2, 'aozora'), (3, 'mitainagayoushihirogetematteru'), (1, '')]",False,False,3
226.076,226.276,aozoramitainagayoushihirogetematteru,"[(1, ''), (2, 'aozo'), (3, 'ramitainagayoushihirogetematteru'), (1, '')]",False,False,3
225.909,226.076,aozoramitainagayoushihirogetematteru,"[(1, ''), (2, 'ao'), (3, 'zoramitainagayoushihirogetematteru'), (1, '')]",False,False,3
225.676,225.909,aozoramitainagayoushihirogetematteru,"[(1, ''), (2, 'a'), (3, 'ozoramitainagayoushihirogetematteru'), (1, '')]",False,False,3
161.879,163.68,aozoramitainagayoushihirogetematteru,"[(1, ''), (2, 'aozoramitainagayoushihirogetematteru'), (1, '')]",False,False,3
161.678,161.879,aozoramitainagayoushihirogetematteru,"[(1, ''), (2, 'aozoramitainagayoushihirogetematte'), (3, 'ru'), (1, '')]",False,False,3
161.478,161.678,aozoramitainagayoushihirogetematteru,"[(1, ''), (2, 'aozoramitainagayoushihirogetemat'), (3, 'teru'), (1, '')]",False,False,3
161.278,161.478,aozoramitainagayoushihirogetematteru,"[(1, ''), (2, 'aozoramitainagayoushihirogetema'), (3, 'tteru'), (1, '')]",False,False,3
161.078,161.278,aozoramitainagayoushihirogetematteru,"[(1, ''), (2, 'aozoramitainagayoushihirogete'), (3, 'matteru'), (1, '')]",False,False,3
160.878,161.078,aozoramitainagayoushihirogetematteru,"[(1, ''), (2, 'aozoramitainagayoushihiroge'), (3, 'tematteru'), (1, '')]",False,False,3
160.677,160.878,aozoramitainagayoushihirogetematteru,"[(1, ''), (2, 'aozoramitainagayoushihiro'), (3, 'getematteru'), (1, '')]",False,False,3
160.444,160.677,aozoramitainagayoushihirogetematteru,"[(1, ''), (2, 'aozoramitainagayoushihi'), (3, 'rogetematteru'), (1, '')]",False,False,3
159.51,160.444,aozoramitainagayoushihirogetematteru,"[(1, ''), (2, 'aozoramitainagayoushi'), (3, 'hirogetematteru'), (1, '')]",False,False,3
159.276,159.51,aozoramitainagayoushihirogetematteru,"[(1, ''), (2, 'aozoramitainagayou'), (3, 'shihirogetematteru'), (1, '')]",False,False,3
159.076,159.276,aozoramitainagayoushihirogetematteru,"[(1, ''), (2, 'aozoramitainagayo'), (3, 'ushihirogetematteru'), (1, '')]",False,False,3
158.909,159.076,aozoramitainagayoushihirogetematteru,"[(1, ''), (2, 'aozoramitainaga'), (3, 'youshihirogetematteru'), (1, '')]",False,False,3
158.709,158.909,aozoramitainagayoushihirogetematteru,"[(1, ''), (2, 'aozoramitaina'), (3, 'gayoushihirogetematteru'), (1, '')]",False,False,3
158.509,158.709,aozoramitainagayoushihirogetematteru,"[(1, ''), (2, 'aozoramitai'), (3, 'nagayoushihirogetematteru'), (1, '')]",False,False,3
158.308,158.509,aozoramitainagayoushihirogetematteru,"[(1, ''), (2, 'aozoramita'), (3, 'inagayoushihirogetematteru'), (1, '')]",False,False,3
158.108,158.308,aozoramitainagayoushihirogetematteru,"[(1, ''), (2, 'aozorami'), (3, 'tainagayoushihirogetematteru'), (1, '')]",False,False,3
157.908,158.108,aozoramitainagayoushihirogetematteru,"[(1, ''), (2, 'aozora'), (3, 'mitainagayoushihirogetematteru'), (1, '')]",False,False,3
157.708,157.908,aozoramitainagayoushihirogetematteru,"[(1, ''), (2, 'aozo'), (3, 'ramitainagayoushihirogetematteru'), (1, '')]",False,False,3
157.541,157.708,aozoramitainagayoushihirogetematteru,"[(1, ''), (2, 'ao'), (3, 'zoramitainagayoushihirogetematteru'), (1, '')]",False,False,3
157.307,157.541,aozoramitainagayoushihirogetematteru,"[(1, ''), (2, 'a'), (3, 'ozoramitainagayoushihirogetematteru'), (1, '')]",False,False,3
91.975,93.71,aozoramitainagayoushihirogetematteru,"[(1, ''), (2, 'aozoramitainagayoushihirogetematteru'), (1, '')]",False,False,3
91.775,91.975,aozoramitainagayoushihirogetematteru,"[(1, ''), (2, 'aozoramitainagayoushihirogetematte'), (3, 'ru'), (1, '')]",False,False,3
91.575,91.775,aozoramitainagayoushihirogetematteru,"[(1, ''), (2, 'aozoramitainagayoushihirogetemat'), (3, 'teru'), (1, '')]",False,False,3
91.375,91.575,aozoramitainagayoushihirogetematteru,"[(1, ''), (2, 'aozoramitainagayoushihirogetema'), (3, 'tteru'), (1, '')]",False,False,3
91.175,91.375,aozoramitainagayoushihirogetematteru,"[(1, ''), (2, 'aozoramitainagayoushihirogete'), (3, 'matteru'), (1, '')]",False,False,3
90.974,91.175,aozoramitainagayoushihirogetematteru,"[(1, ''), (2, 'aozoramitainagayoushihiroge'), (3, 'tematteru'), (1, '')]",False,False,3
90.774,90.974,aozoramitainagayoushihirogetematteru,"[(1, ''), (2, 'aozoramitainagayoushihiro'), (3, 'getematteru'), (1, '')]",False,False,3
90.574,90.774,aozoramitainagayoushihirogetematteru,"[(1, ''), (2, 'aozoramitainagayoushihi'), (3, 'rogetematteru'), (1, '')]",False,False,3
89.573,90.574,aozoramitainagayoushihirogetematteru,"[(1, ''), (2, 'aozoramitainagayoushi'), (3, 'hirogetematteru'), (1, '')]",False,False,3
89.373,89.573,aozoramitainagayoushihirogetematteru,"[(1, ''), (2, 'aozoramitainagayou'), (3, 'shihirogetematteru'), (1, '')]",False,False,3
89.173,89.373,aozoramitainagayoushihirogetematteru,"[(1, ''), (2, 'aozoramitainagayo'), (3, 'ushihirogetematteru'), (1, '')]",False,False,3
88.972,89.173,aozoramitainagayoushihirogetematteru,"[(1, ''), (2, 'aozoramitainaga'), (3, 'youshihirogetematteru'), (1, '')]",False,False,3
88.772,88.972,aozoramitainagayoushihirogetematteru,"[(1, ''), (2, 'aozoramitaina'), (3, 'gayoushihirogetematteru'), (1, '')]",False,False,3
88.572,88.772,aozoramitainagayoushihirogetematteru,"[(1, ''), (2, 'aozoramitai'), (3, 'nagayoushihirogetematteru'), (1, '')]",False,False,3
88.405,88.572,aozoramitainagayoushihirogetematteru,"[(1, ''), (2, 'aozoramita'), (3, 'inagayoushihirogetematteru'), (1, '')]",False,False,3
88.205,88.405,aozoramitainagayoushihirogetematteru,"[(1, ''), (2, 'aozorami'), (3, 'tainagayoushihirogetematteru'), (1, '')]",False,False,3
87.971,88.205,aozoramitainagayoushihirogetematteru,"[(1, ''), (2, 'aozora'), (3, 'mitainagayoushihirogetematteru'), (1, '')]",False,False,3
87.805,87.971,aozoramitainagayoushihirogetematteru,"[(1, ''), (2, 'aozo'), (3, 'ramitainagayoushihirogetematteru'), (1, '')]",False,False,3
87.638,87.805,aozoramitainagayoushihirogetematteru,"[(1, ''), (2, 'ao'), (3, 'zoramitainagayoushihirogetematteru'), (1, '')]",False,False,3
87.404,87.638,aozoramitainagayoushihirogetematteru,"[(1, ''), (2, 'a'), (3, 'ozoramitainagayoushihirogetematteru'), (1, '')]",False,True,3
130.08,131.081,demoegaoninarerusekaigasugusobaniarujan!,"[(1, ''), (2, 'demoegaoninareru'), (1, ''), (2, 'sekaigasugusobaniarujan!'), (1, '')]",True,False,3
129.913,130.08,demoegaoninarerusekaigasugusobaniarujan!,"[(1, ''), (2, 'demoegaoninareru'), (1, ''), (2, 'sekaigasugusobaniaruja'), (3, 'n!'), (1, '')]",False,False,3
129.713,129.913,demoegaoninarerusekaigasugusobaniarujan!,"[(1, ''), (2, 'demoegaoninareru'), (1, ''), (2, 'sekaigasugusobaniaru'), (3, 'jan!'), (1, '')]",False,False,3
129.513,129.713,demoegaoninarerusekaigasugusobaniarujan!,"[(1, ''), (2, 'demoegaoninareru'), (1, ''), (2, 'sekaigasugusobania'), (3, 'rujan!'), (1, '')]",False,False,3
129.313,129.513,demoegaoninarerusekaigasugusobaniarujan!,"[(1, ''), (2, 'demoegaoninareru'), (1, ''), (2, 'sekaigasugusobani'), (3, 'arujan!'), (1, '')]",False,False,3
129.113,129.313,demoegaoninarerusekaigasugusobaniarujan!,"[(1, ''), (2, 'demoegaoninareru'), (1, ''), (2, 'sekaigasugusoba'), (3, 'niarujan!'), (1, '')]",False,False,3
128.912,129.113,demoegaoninarerusekaigasugusobaniarujan!,"[(1, ''), (2, 'demoegaoninareru'), (1, ''), (2, 'sekaigasuguso'), (3, 'baniarujan!'), (1, '')]",False,False,3
128.712,128.912,demoegaoninarerusekaigasugusobaniarujan!,"[(1, ''), (2, 'demoegaoninareru'), (1, ''), (2, 'sekaigasugu'), (3, 'sobaniarujan!'), (1, '')]",False,False,3
128.512,128.712,demoegaoninarerusekaigasugusobaniarujan!,"[(1, ''), (2, 'demoegaoninareru'), (1, ''), (2, 'sekaigasu'), (3, 'gusobaniarujan!'), (1, '')]",False,False,3
128.312,128.512,demoegaoninarerusekaigasugusobaniarujan!,"[(1, ''), (2, 'demoegaoninareru'), (1, ''), (2, 'sekaiga'), (3, 'sugusobaniarujan!'), (1, '')]",False,False,3
128.112,128.312,demoegaoninarerusekaigasugusobaniarujan!,"[(1, ''), (2, 'demoegaoninareru'), (1, ''), (2, 'sekai'), (3, 'gasugusobaniarujan!'), (1, '')]",False,False,3
127.911,128.112,demoegaoninarerusekaigasugusobaniarujan!,"[(1, ''), (2, 'demoegaoninareru'), (1, ''), (2, 'seka'), (3, 'igasugusobaniarujan!'), (1, '')]",False,False,3
127.711,127.911,demoegaoninarerusekaigasugusobaniarujan!,"[(1, ''), (2, 'demoegaoninareru'), (1, ''), (2, 'se'), (3, 'kaigasugusobaniarujan!'), (1, '')]",False,False,3
126.91,127.711,demoegaoninarerusekaigasugusobaniarujan!,"[(1, ''), (2, 'demoegaoninareru'), (1, ''), (3, 'sekaigasugusobaniarujan!'), (1, '')]",False,False,3
126.743,126.91,demoegaoninarerusekaigasugusobaniarujan!,"[(1, ''), (2, 'demoegaoninare'), (3, 'ru'), (1, ''), (3, 'sekaigasugusobaniarujan!'), (1, '')]",False,False,3
125.542,126.743,demoegaoninarerusekaigasugusobaniarujan!,"[(1, ''), (2, 'demoegaonina'), (3, 'reru'), (1, ''), (3, 'sekaigasugusobaniarujan!'), (1, '')]",False,False,3
125.342,125.542,demoegaoninarerusekaigasugusobaniarujan!,"[(1, ''), (2, 'demoegaoni'), (3, 'nareru'), (1, ''), (3, 'sekaigasugusobaniarujan!'), (1, '')]",False,False,3
125.142,125.342,demoegaoninarerusekaigasugusobaniarujan!,"[(1, ''), (2, 'demoegao'), (3, 'ninareru'), (1, ''), (3, 'sekaigasugusobaniarujan!'), (1, '')]",False,False,3
124.942,125.142,demoegaoninarerusekaigasugusobaniarujan!,"[(1, ''), (2, 'demoega'), (3, 'oninareru'), (1, ''), (3, 'sekaigasugusobaniarujan!'), (1, '')]",False,False,3
124.775,124.942,demoegaoninarerusekaigasugusobaniarujan!,"[(1, ''), (2, 'demoe'), (3, 'gaoninareru'), (1, ''), (3, 'sekaigasugusobaniarujan!'), (1, '')]",False,False,3
124.641,124.775,demoegaoninarerusekaigasugusobaniarujan!,"[(1, ''), (2, 'demo'), (3, 'egaoninareru'), (1, ''), (3, 'sekaigasugusobaniarujan!'), (1, '')]",False,False,3
124.575,124.641,demoegaoninarerusekaigasugusobaniarujan!,"[(1, ''), (2, 'de'), (3, 'moegaoninareru'), (1, ''), (3, 'sekaigasugusobaniarujan!'), (1, '')]",False,True,3
211.562,212.963,dokonimonaimonowadaremomadashiranaidake,"[(1, ''), (2, 'dokonimonaimonowa'), (1, ''), (2, 'daremomadashiranaidake'), (1, '')]",True,False,3
211.361,211.562,dokonimonaimonowadaremomadashiranaidake,"[(1, ''), (2, 'dokonimonaimonowa'), (1, ''), (2, 'daremomadashiranaida'), (3, 'ke'), (1, '')]",False,False,3
211.161,211.361,dokonimonaimonowadaremomadashiranaidake,"[(1, ''), (2, 'dokonimonaimonowa'), (1, ''), (2, 'daremomadashiranai'), (3, 'dake'), (1, '')]",False,False,3
210.961,211.161,dokonimonaimonowadaremomadashiranaidake,"[(1, ''), (2, 'dokonimonaimonowa'), (1, ''), (2, 'daremomadashirana'), (3, 'idake'), (1, '')]",False,False,3
210.727,210.961,dokonimonaimonowadaremomadashiranaidake,"[(1, ''), (2, 'dokonimonaimonowa'), (1, ''), (2, 'daremomadashira'), (3, 'naidake'), (1, '')]",False,False,3
210.594,210.727,dokonimonaimonowadaremomadashiranaidake,"[(1, ''), (2, 'dokonimonaimonowa'), (1, ''), (2, 'daremomadashi'), (3, 'ranaidake'), (1, '')]",False,False,3
210.36,210.594,dokonimonaimonowadaremomadashiranaidake,"[(1, ''), (2, 'dokonimonaimonowa'), (1, ''), (2, 'daremomada'), (3, 'shiranaidake'), (1, '')]",False,False,3
210.16,210.36,dokonimonaimonowadaremomadashiranaidake,"[(1, ''), (2, 'dokonimonaimonowa'), (1, ''), (2, 'daremoma'), (3, 'dashiranaidake'), (1, '')]",False,False,3
209.96,210.16,dokonimonaimonowadaremomadashiranaidake,"[(1, ''), (2, 'dokonimonaimonowa'), (1, ''), (2, 'daremo'), (3, 'madashiranaidake'), (1, '')]",False,False,3
209.76,209.96,dokonimonaimonowadaremomadashiranaidake,"[(1, ''), (2, 'dokonimonaimonowa'), (1, ''), (2, 'dare'), (3, 'momadashiranaidake'), (1, '')]",False,False,3
209.56,209.76,dokonimonaimonowadaremomadashiranaidake,"[(1, ''), (2, 'dokonimonaimonowa'), (1, ''), (2, 'da'), (3, 'remomadashiranaidake'), (1, '')]",False,False,3
208.158,209.56,dokonimonaimonowadaremomadashiranaidake,"[(1, ''), (2, 'dokonimonaimonowa'), (1, ''), (3, 'daremomadashiranaidake'), (1, '')]",False,False,3
207.958,208.158,dokonimonaimonowadaremomadashiranaidake,"[(1, ''), (2, 'dokonimonaimono'), (3, 'wa'), (1, ''), (3, 'daremomadashiranaidake'), (1, '')]",False,False,3
207.791,207.958,dokonimonaimonowadaremomadashiranaidake,"[(1, ''), (2, 'dokonimonaimo'), (3, 'nowa'), (1, ''), (3, 'daremomadashiranaidake'), (1, '')]",False,False,3
207.558,207.791,dokonimonaimonowadaremomadashiranaidake,"[(1, ''), (2, 'dokonimonai'), (3, 'monowa'), (1, ''), (3, 'daremomadashiranaidake'), (1, '')]",False,False,3
207.391,207.558,dokonimonaimonowadaremomadashiranaidake,"[(1, ''), (2, 'dokonimona'), (3, 'imonowa'), (1, ''), (3, 'daremomadashiranaidake'), (1, '')]",False,False,3
207.191,207.391,dokonimonaimonowadaremomadashiranaidake,"[(1, ''), (2, 'dokonimo'), (3, 'naimonowa'), (1, ''), (3, 'daremomadashiranaidake'), (1, '')]",False,False,3
206.99,207.191,dokonimonaimonowadaremomadashiranaidake,"[(1, ''), (2, 'dokoni'), (3, 'monaimonowa'), (1, ''), (3, 'daremomadashiranaidake'), (1, '')]",False,False,3
206.79,206.99,dokonimonaimonowadaremomadashiranaidake,"[(1, ''), (2, 'doko'), (3, 'nimonaimonowa'), (1, ''), (3, 'daremomadashiranaidake'), (1, '')]",False,False,3
206.59,206.79,dokonimonaimonowadaremomadashiranaidake,"[(1, ''), (2, 'do'), (3, 'konimonaimonowa'), (1, ''), (3, 'daremomadashiranaidake'), (1, '')]",False,False,3
73.323,74.658,dokonimonaimonowadaremomadashiranaidake,"[(1, ''), (2, 'dokonimonaimonowa'), (1, ''), (2, 'daremomadashiranaidake'), (1, '')]",False,False,3
73.09,73.323,dokonimonaimonowadaremomadashiranaidake,"[(1, ''), (2, 'dokonimonaimonowa'), (1, ''), (2, 'daremomadashiranaida'), (3, 'ke'), (1, '')]",False,False,3
72.89,73.09,dokonimonaimonowadaremomadashiranaidake,"[(1, ''), (2, 'dokonimonaimonowa'), (1, ''), (2, 'daremomadashiranai'), (3, 'dake'), (1, '')]",False,False,3
72.689,72.89,dokonimonaimonowadaremomadashiranaidake,"[(1, ''), (2, 'dokonimonaimonowa'), (1, ''), (2, 'daremomadashirana'), (3, 'idake'), (1, '')]",False,False,3
72.489,72.689,dokonimonaimonowadaremomadashiranaidake,"[(1, ''), (2, 'dokonimonaimonowa'), (1, ''), (2, 'daremomadashira'), (3, 'naidake'), (1, '')]",False,False,3
72.322,72.489,dokonimonaimonowadaremomadashiranaidake,"[(1, ''), (2, 'dokonimonaimonowa'), (1, ''), (2, 'daremomadashi'), (3, 'ranaidake'), (1, '')]",False,False,3
72.089,72.322,dokonimonaimonowadaremomadashiranaidake,"[(1, ''), (2, 'dokonimonaimonowa'), (1, ''), (2, 'daremomada'), (3, 'shiranaidake'), (1, '')]",False,False,3
71.889,72.089,dokonimonaimonowadaremomadashiranaidake,"[(1, ''), (2, 'dokonimonaimonowa'), (1, ''), (2, 'daremoma'), (3, 'dashiranaidake'), (1, '')]",False,False,3
71.688,71.889,dokonimonaimonowadaremomadashiranaidake,"[(1, ''), (2, 'dokonimonaimonowa'), (1, ''), (2, 'daremo'), (3, 'madashiranaidake'), (1, '')]",False,False,3
71.488,71.688,dokonimonaimonowadaremomadashiranaidake,"[(1, ''), (2, 'dokonimonaimonowa'), (1, ''), (2, 'dare'), (3, 'momadashiranaidake'), (1, '')]",False,False,3
71.288,71.488,dokonimonaimonowadaremomadashiranaidake,"[(1, ''), (2, 'dokonimonaimonowa'), (1, ''), (2, 'da'), (3, 'remomadashiranaidake'), (1, '')]",False,False,3
69.92,71.288,dokonimonaimonowadaremomadashiranaidake,"[(1, ''), (2, 'dokonimonaimonowa'), (1, ''), (3, 'daremomadashiranaidake'), (1, '')]",False,False,3
69.72,69.92,dokonimonaimonowadaremomadashiranaidake,"[(1, ''), (2, 'dokonimonaimono'), (3, 'wa'), (1, ''), (3, 'daremomadashiranaidake'), (1, '')]",False,False,3
69.52,69.72,dokonimonaimonowadaremomadashiranaidake,"[(1, ''), (2, 'dokonimonaimo'), (3, 'nowa'), (1, ''), (3, 'daremomadashiranaidake'), (1, '')]",False,False,3
69.319,69.52,dokonimonaimonowadaremomadashiranaidake,"[(1, ''), (2, 'dokonimonai'), (3, 'monowa'), (1, ''), (3, 'daremomadashiranaidake'), (1, '')]",False,False,3
69.119,69.319,dokonimonaimonowadaremomadashiranaidake,"[(1, ''), (2, 'dokonimona'), (3, 'imonowa'), (1, ''), (3, 'daremomadashiranaidake'), (1, '')]",False,False,3
68.919,69.119,dokonimonaimonowadaremomadashiranaidake,"[(1, ''), (2, 'dokonimo'), (3, 'naimonowa'), (1, ''), (3, 'daremomadashiranaidake'), (1, '')]",False,False,3
68.719,68.919,dokonimonaimonowadaremomadashiranaidake,"[(1, ''), (2, 'dokoni'), (3, 'monaimonowa'), (1, ''), (3, 'daremomadashiranaidake'), (1, '')]",False,False,3
68.519,68.719,dokonimonaimonowadaremomadashiranaidake,"[(1, ''), (2, 'doko'), (3, 'nimonaimonowa'), (1, ''), (3, 'daremomadashiranaidake'), (1, '')]",False,False,3
68.318,68.519,dokonimonaimonowadaremomadashiranaidake,"[(1, ''), (2, 'do'), (3, 'konimonaimonowa'), (1, ''), (3, 'daremomadashiranaidake'), (1, '')]",False,True,3
39.723,40.09,egakerutoomotteitanda,"[(1, ''), (2, 'egakerutoomotteitanda'), (1, '')]",True,False,3
39.523,39.723,egakerutoomotteitanda,"[(1, ''), (2, 'egakerutoomotteitan'), (3, 'da'), (1, '')]",False,False,3
39.323,39.523,egakerutoomotteitanda,"[(1, ''), (2, 'egakerutoomotteita'), (3, 'nda'), (1, '')]",False,False,3
39.123,39.323,egakerutoomotteitanda,"[(1, ''), (2, 'egakerutoomottei'), (3, 'tanda'), (1, '')]",False,False,3
38.922,39.123,egakerutoomotteitanda,"[(1, ''), (2, 'egakerutoomotte'), (3, 'itanda'), (1, '')]",False,False,3
38.722,38.922,egakerutoomotteitanda,"[(1, ''), (2, 'egakerutoomot'), (3, 'teitanda'), (1, '')]",False,False,3
38.522,38.722,egakerutoomotteitanda,"[(1, ''), (2, 'egakerutoomo'), (3, 'tteitanda'), (1, '')]",False,False,3
38.322,38.522,egakerutoomotteitanda,"[(1, ''), (2, 'egakerutoo'), (3, 'motteitanda'), (1, '')]",False,False,3
36.553,38.322,egakerutoomotteitanda,"[(1, ''), (2, 'egakeruto'), (3, 'omotteitanda'), (1, '')]",False,False,3
36.353,36.553,egakerutoomotteitanda,"[(1, ''), (2, 'egakeru'), (3, 'toomotteitanda'), (1, '')]",False,False,3
36.153,36.353,egakerutoomotteitanda,"[(1, ''), (2, 'egake'), (3, 'rutoomotteitanda'), (1, '')]",False,False,3
35.953,36.153,egakerutoomotteitanda,"[(1, ''), (2, 'ega'), (3, 'kerutoomotteitanda'), (1, '')]",False,False,3
35.753,35.953,egakerutoomotteitanda,"[(1, ''), (2, 'e'), (3, 'gakerutoomotteitanda'), (1, '')]",False,True,3
28.379,29.346,hashikkosukoshizutsukaketeshimattaomoichirijiri,"[(1, ''), (2, 'hashikkosukoshizutsukakete'), (1, ''), (2, 'shimattaomoichirijiri'), (1, '')]",True,False,3
27.978,28.379,hashikkosukoshizutsukaketeshimattaomoichirijiri,"[(1, ''), (2, 'hashikkosukoshizutsukakete'), (1, ''), (2, 'shimattaomoichiriji'), (3, 'ri'), (1, '')]",False,False,3
27.578,27.978,hashikkosukoshizutsukaketeshimattaomoichirijiri,"[(1, ''), (2, 'hashikkosukoshizutsukakete'), (1, ''), (2, 'shimattaomoichiri'), (3, 'jiri'), (1, '')]",False,False,3
27.378,27.578,hashikkosukoshizutsukaketeshimattaomoichirijiri,"[(1, ''), (2, 'hashikkosukoshizutsukakete'), (1, ''), (2, 'shimattaomoichi'), (3, 'rijiri'), (1, '')]",False,False,3
27.211,27.378,hashikkosukoshizutsukaketeshimattaomoichirijiri,"[(1, ''), (2, 'hashikkosukoshizutsukakete'), (1, ''), (2, 'shimattaomoi'), (3, 'chirijiri'), (1, '')]",False,False,3
26.977,27.211,hashikkosukoshizutsukaketeshimattaomoichirijiri,"[(1, ''), (2, 'hashikkosukoshizutsukakete'), (1, ''), (2, 'shimattaomo'), (3, 'ichirijiri'), (1, '')]",False,False,3
26.777,26.977,hashikkosukoshizutsukaketeshimattaomoichirijiri,"[(1, ''), (2, 'hashikkosukoshizutsukakete'), (1, ''), (2, 'shimattao'), (3, 'moichirijiri'), (1, '')]",False,False,3
26.577,26.777,hashikkosukoshizutsukaketeshimattaomoichirijiri,"[(1, ''), (2, 'hashikkosukoshizutsukakete'), (1, ''), (2, 'shimatta'), (3, 'omoichirijiri'), (1, '')]",False,False,3
26.377,26.577,hashikkosukoshizutsukaketeshimattaomoichirijiri,"[(1, ''), (2, 'hashikkosukoshizutsukakete'), (1, ''), (2, 'shimat'), (3, 'taomoichirijiri'), (1, '')]",False,False,3
26.21,26.377,hashikkosukoshizutsukaketeshimattaomoichirijiri,"[(1, ''), (2, 'hashikkosukoshizutsukakete'), (1, ''), (2, 'shima'), (3, 'ttaomoichirijiri'), (1, '')]",False,False,3
26.01,26.21,hashikkosukoshizutsukaketeshimattaomoichirijiri,"[(1, ''), (2, 'hashikkosukoshizutsukakete'), (1, ''), (2, 'shi'), (3, 'mattaomoichirijiri'), (1, '')]",False,False,3
25.776,26.01,hashikkosukoshizutsukaketeshimattaomoichirijiri,"[(1, ''), (2, 'hashikkosukoshizutsukakete'), (1, ''), (3, 'shimattaomoichirijiri'), (1, '')]",False,False,3
25.576,25.776,hashikkosukoshizutsukaketeshimattaomoichirijiri,"[(1, ''), (2, 'hashikkosukoshizutsukake'), (3, 'te'), (1, ''), (3, 'shimattaomoichirijiri'), (1, '')]",False,False,3
25.409,25.576,hashikkosukoshizutsukaketeshimattaomoichirijiri,"[(1, ''), (2, 'hashikkosukoshizutsuka'), (3, 'kete'), (1, ''), (3, 'shimattaomoichirijiri'), (1, '')]",False,False,3
25.209,25.409,hashikkosukoshizutsukaketeshimattaomoichirijiri,"[(1, ''), (2, 'hashikkosukoshizutsu'), (3, 'kakete'), (1, ''), (3, 'shimattaomoichirijiri'), (1, '')]",False,False,3
25.009,25.209,hashikkosukoshizutsukaketeshimattaomoichirijiri,"[(1, ''), (2, 'hashikkosukoshizu'), (3, 'tsukakete'), (1, ''), (3, 'shimattaomoichirijiri'), (1, '')]",False,False,3
24.808,25.009,hashikkosukoshizutsukaketeshimattaomoichirijiri,"[(1, ''), (2, 'hashikkosukoshi'), (3, 'zutsukakete'), (1, ''), (3, 'shimattaomoichirijiri'), (1, '')]",False,False,3
24.608,24.808,hashikkosukoshizutsukaketeshimattaomoichirijiri,"[(1, ''), (2, 'hashikkosuko'), (3, 'shizutsukakete'), (1, ''), (3, 'shimattaomoichirijiri'), (1, '')]",False,False,3
24.408,24.608,hashikkosukoshizutsukaketeshimattaomoichirijiri,"[(1, ''), (2, 'hashikkosu'), (3, 'koshizutsukakete'), (1, ''), (3, 'shimattaomoichirijiri'), (1, '')]",False,False,3
24.208,24.408,hashikkosukoshizutsukaketeshimattaomoichirijiri,"[(1, ''), (2, 'hashikko'), (3, 'sukoshizutsukakete'), (1, ''), (3, 'shimattaomoichirijiri'), (1, '')]",False,False,3
24.008,24.208,hashikkosukoshizutsukaketeshimattaomoichirijiri,"[(1, ''), (2, 'hashik'), (3, 'kosukoshizutsukakete'), (1, ''), (3, 'shimattaomoichirijiri'), (1, '')]",False,False,3
23.807,24.008,hashikkosukoshizutsukaketeshimattaomoichirijiri,"[(1, ''), (2, 'hashi'), (3, 'kkosukoshizutsukakete'), (1, ''), (3, 'shimattaomoichirijiri'), (1, '')]",False,False,3
23.607,23.807,hashikkosukoshizutsukaketeshimattaomoichirijiri,"[(1, ''), (2, 'ha'), (3, 'shikkosukoshizutsukakete'), (1, ''), (3, 'shimattaomoichirijiri'), (1, '')]",False,True,3
65.115,66.517,jibunnigakkarishinaiyouni,"[(1, ''), (2, 'jibunnigakkarishinaiyouni'), (1, '')]",True,False,3
64.915,65.115,jibunnigakkarishinaiyouni,"[(1, ''), (2, 'jibunnigakkarishinaiyou'), (3, 'ni'), (1, '')]",False,False,3
64.681,64.915,jibunnigakkarishinaiyouni,"[(1, ''), (2, 'jibunnigakkarishinaiyo'), (3, 'uni'), (1, '')]",False,False,3
64.515,64.681,jibunnigakkarishinaiyouni,"[(1, ''), (2, 'jibunnigakkarishinai'), (3, 'youni'), (1, '')]",False,False,3
64.314,64.515,jibunnigakkarishinaiyouni,"[(1, ''), (2, 'jibunnigakkarishina'), (3, 'iyouni'), (1, '')]",False,False,3
64.081,64.314,jibunnigakkarishinaiyouni,"[(1, ''), (2, 'jibunnigakkarishi'), (3, 'naiyouni'), (1, '')]",False,False,3
62.546,64.081,jibunnigakkarishinaiyouni,"[(1, ''), (2, 'jibunnigakkari'), (3, 'shinaiyouni'), (1, '')]",False,False,3
62.346,62.546,jibunnigakkarishinaiyouni,"[(1, ''), (2, 'jibunnigakka'), (3, 'rishinaiyouni'), (1, '')]",False,False,3
62.112,62.346,jibunnigakkarishinaiyouni,"[(1, ''), (2, 'jibunnigak'), (3, 'karishinaiyouni'), (1, '')]",False,False,3
61.945,62.112,jibunnigakkarishinaiyouni,"[(1, ''), (2, 'jibunniga'), (3, 'kkarishinaiyouni'), (1, '')]",False,False,3
61.745,61.945,jibunnigakkarishinaiyouni,"[(1, ''), (2, 'jibunni'), (3, 'gakkarishinaiyouni'), (1, '')]",False,False,3
61.545,61.745,jibunnigakkarishinaiyouni,"[(1, ''), (2, 'jibun'), (3, 'nigakkarishinaiyouni'), (1, '')]",False,False,3
61.345,61.545,jibunnigakkarishinaiyouni,"[(1, ''), (2, 'jibu'), (3, 'nnigakkarishinaiyouni'), (1, '')]",False,False,3
61.145,61.345,jibunnigakkarishinaiyouni,"[(1, ''), (2, 'ji'), (3, 'bunnigakkarishinaiyouni'), (1, '')]",False,True,3
47.464,49.033,jinseihyakunennanteiuyouninattemo,"[(1, ''), (2, 'jinseihyakunennanteiuyouninattemo'), (1, '')]",True,False,3
47.264,47.464,jinseihyakunennanteiuyouninattemo,"[(1, ''), (2, 'jinseihyakunennanteiuyouninatte'), (3, 'mo'), (1, '')]",False,False,3
47.064,47.264,jinseihyakunennanteiuyouninattemo,"[(1, ''), (2, 'jinseihyakunennanteiuyouninat'), (3, 'temo'), (1, '')]",False,False,3
46.063,47.064,jinseihyakunennanteiuyouninattemo,"[(1, ''), (2, 'jinseihyakunennanteiuyounina'), (3, 'ttemo'), (1, '')]",False,False,3
45.863,46.063,jinseihyakunennanteiuyouninattemo,"[(1, ''), (2, 'jinseihyakunennanteiuyouni'), (3, 'nattemo'), (1, '')]",False,False,3
45.662,45.863,jinseihyakunennanteiuyouninattemo,"[(1, ''), (2, 'jinseihyakunennanteiuyou'), (3, 'ninattemo'), (1, '')]",False,False,3
45.462,45.662,jinseihyakunennanteiuyouninattemo,"[(1, ''), (2, 'jinseihyakunennanteiuyo'), (3, 'uninattemo'), (1, '')]",False,False,3
45.262,45.462,jinseihyakunennanteiuyouninattemo,"[(1, ''), (2, 'jinseihyakunennanteiu'), (3, 'youninattemo'), (1, '')]",False,False,3
45.062,45.262,jinseihyakunennanteiuyouninattemo,"[(1, ''), (2, 'jinseihyakunennantei'), (3, 'uyouninattemo'), (1, '')]",False,False,3
44.862,45.062,jinseihyakunennanteiuyouninattemo,"[(1, ''), (2, 'jinseihyakunennante'), (3, 'iuyouninattemo'), (1, '')]",False,False,3
44.661,44.862,jinseihyakunennanteiuyouninattemo,"[(1, ''), (2, 'jinseihyakunennan'), (3, 'teiuyouninattemo'), (1, '')]",False,False,3
44.461,44.661,jinseihyakunennanteiuyouninattemo,"[(1, ''), (2, 'jinseihyakunenna'), (3, 'nteiuyouninattemo'), (1, '')]",False,False,3
44.261,44.461,jinseihyakunennanteiuyouninattemo,"[(1, ''), (2, 'jinseihyakunen'), (3, 'nanteiuyouninattemo'), (1, '')]",False,False,3
44.094,44.261,jinseihyakunennanteiuyouninattemo,"[(1, ''), (2, 'jinseihyakune'), (3, 'nnanteiuyouninattemo'), (1, '')]",False,False,3
43.894,44.094,jinseihyakunennanteiuyouninattemo,"[(1, ''), (2, 'jinseihyaku'), (3, 'nennanteiuyouninattemo'), (1, '')]",False,False,3
43.66,43.894,jinseihyakunennanteiuyouninattemo,"[(1, ''), (2, 'jinseihya'), (3, 'kunennanteiuyouninattemo'), (1, '')]",False,False,3
43.46,43.66,jinseihyakunennanteiuyouninattemo,"[(1, ''), (2, 'jinsei'), (3, 'hyakunennanteiuyouninattemo'), (1, '')]",False,False,3
43.293,43.46,jinseihyakunennanteiuyouninattemo,"[(1, ''), (2, 'jinse'), (3, 'ihyakunennanteiuyouninattemo'), (1, '')]",False,False,3
43.093,43.293,jinseihyakunennanteiuyouninattemo,"[(1, ''), (2, 'jin'), (3, 'seihyakunennanteiuyouninattemo'), (1, '')]",False,False,3
42.893,43.093,jinseihyakunennanteiuyouninattemo,"[(1, ''), (2, 'ji'), (3, 'nseihyakunennanteiuyouninattemo'), (1, '')]",False,True,3
185.736,187.538,kanashimiwayorokobinimazeawasete,"[(1, ''), (2, 'kanashimiwayorokobinimazeawasete'), (1, '')]",True,False,3
185.369,185.736,kanashimiwayorokobinimazeawasete,"[(1, ''), (2, 'kanashimiwayorokobinimazeawase'), (3, 'te'), (1, '')]",False,False,3
184.935,185.369,kanashimiwayorokobinimazeawasete,"[(1, ''), (2, 'kanashimiwayorokobinimazeawa'), (3, 'sete'), (1, '')]",False,False,3
184.568,184.935,kanashimiwayorokobinimazeawasete,"[(1, ''), (2, 'kanashimiwayorokobinimazea'), (3, 'wasete'), (1, '')]",False,False,3
184.168,184.568,kanashimiwayorokobinimazeawasete,"[(1, ''), (2, 'kanashimiwayorokobinimaze'), (3, 'awasete'), (1, '')]",False,False,3
183.767,184.168,kanashimiwayorokobinimazeawasete,"[(1, ''), (2, 'kanashimiwayorokobinima'), (3, 'zeawasete'), (1, '')]",False,False,3
183.233,183.767,kanashimiwayorokobinimazeawasete,"[(1, ''), (2, 'kanashimiwayorokobini'), (3, 'mazeawasete'), (1, '')]",False,False,3
183.0,183.233,kanashimiwayorokobinimazeawasete,"[(1, ''), (2, 'kanashimiwayorokobi'), (3, 'nimazeawasete'), (1, '')]",False,False,3
182.799,183.0,kanashimiwayorokobinimazeawasete,"[(1, ''), (2, 'kanashimiwayoroko'), (3, 'binimazeawasete'), (1, '')]",False,False,3
182.566,182.799,kanashimiwayorokobinimazeawasete,"[(1, ''), (2, 'kanashimiwayoro'), (3, 'kobinimazeawasete'), (1, '')]",False,False,3
182.366,182.566,kanashimiwayorokobinimazeawasete,"[(1, ''), (2, 'kanashimiwayo'), (3, 'rokobinimazeawasete'), (1, '')]",False,False,3
181.999,182.366,kanashimiwayorokobinimazeawasete,"[(1, ''), (2, 'kanashimiwa'), (3, 'yorokobinimazeawasete'), (1, '')]",False,False,3
181.798,181.999,kanashimiwayorokobinimazeawasete,"[(1, ''), (2, 'kanashimi'), (3, 'wayorokobinimazeawasete'), (1, '')]",False,False,3
181.632,181.798,kanashimiwayorokobinimazeawasete,"[(1, ''), (2, 'kanashi'), (3, 'miwayorokobinimazeawasete'), (1, '')]",False,False,3
181.398,181.632,kanashimiwayorokobinimazeawasete,"[(1, ''), (2, 'kana'), (3, 'shimiwayorokobinimazeawasete'), (1, '')]",False,False,3
181.198,181.398,kanashimiwayorokobinimazeawasete,"[(1, ''), (2, 'ka'), (3, 'nashimiwayorokobinimazeawasete'), (1, '')]",False,True,3
218.335,219.303,katachimonamaemojiyuunikakageteiinda,"[(1, ''), (2, 'katachimonamaemo'), (1, ''), (2, 'jiyuunikakageteiinda'), (1, '')]",True,False,3
218.135,218.335,katachimonamaemojiyuunikakageteiinda,"[(1, ''), (2, 'katachimonamaemo'), (1, ''), (2, 'jiyuunikakageteiin'), (3, 'da'), (1, '')]",False,False,3
217.935,218.135,katachimonamaemojiyuunikakageteiinda,"[(1, ''), (2, 'katachimonamaemo'), (1, ''), (2, 'jiyuunikakageteii'), (3, 'nda'), (1, '')]",False,False,3
217.734,217.935,katachimonamaemojiyuunikakageteiinda,"[(1, ''), (2, 'katachimonamaemo'), (1, ''), (2, 'jiyuunikakagetei'), (3, 'inda'), (1, '')]",False,False,3
217.534,217.734,katachimonamaemojiyuunikakageteiinda,"[(1, ''), (2, 'katachimonamaemo'), (1, ''), (2, 'jiyuunikakagete'), (3, 'iinda'), (1, '')]",False,False,3
217.334,217.534,katachimonamaemojiyuunikakageteiinda,"[(1, ''), (2, 'katachimonamaemo'), (1, ''), (2, 'jiyuunikakage'), (3, 'teiinda'), (1, '')]",False,False,3
217.134,217.334,katachimonamaemojiyuunikakageteiinda,"[(1, ''), (2, 'katachimonamaemo'), (1, ''), (2, 'jiyuunikaka'), (3, 'geteiinda'), (1, '')]",False,False,3
216.967,217.134,katachimonamaemojiyuunikakageteiinda,"[(1, ''), (2, 'katachimonamaemo'), (1, ''), (2, 'jiyuunika'), (3, 'kageteiinda'), (1, '')]",False,False,3
216.733,216.967,katachimonamaemojiyuunikakageteiinda,"[(1, ''), (2, 'katachimonamaemo'), (1, ''), (2, 'jiyuuni'), (3, 'kakageteiinda'), (1, '')]",False,False,3
216.533,216.733,katachimonamaemojiyuunikakageteiinda,"[(1, ''), (2, 'katachimonamaemo'), (1, ''), (2, 'jiyuu'), (3, 'nikakageteiinda'), (1, '')]",False,False,3
216.333,216.533,katachimonamaemojiyuunikakageteiinda,"[(1, ''), (2, 'katachimonamaemo'), (1, ''), (2, 'jiyu'), (3, 'unikakageteiinda'), (1, '')]",False,False,3
216.133,216.333,katachimonamaemojiyuunikakageteiinda,"[(1, ''), (2, 'katachimonamaemo'), (1, ''), (2, 'ji'), (3, 'yuunikakageteiinda'), (1, '')]",False,False,3
215.165,216.133,katachimonamaemojiyuunikakageteiinda,"[(1, ''), (2, 'katachimonamaemo'), (1, ''), (3, 'jiyuunikakageteiinda'), (1, '')]",False,False,3
214.965,215.165,katachimonamaemojiyuunikakageteiinda,"[(1, ''), (2, 'katachimonamae'), (3, 'mo'), (1, ''), (3, 'jiyuunikakageteiinda'), (1, '')]",False,False,3
214.765,214.965,katachimonamaemojiyuunikakageteiinda,"[(1, ''), (2, 'katachimonama'), (3, 'emo'), (1, ''), (3, 'jiyuunikakageteiinda'), (1, '')]",False,False,3
214.565,214.765,katachimonamaemojiyuunikakageteiinda,"[(1, ''), (2, 'katachimona'), (3, 'maemo'), (1, ''), (3, 'jiyuunikakageteiinda'), (1, '')]",False,False,3
213.564,214.565,katachimonamaemojiyuunikakageteiinda,"[(1, ''), (2, 'katachimo'), (3, 'namaemo'), (1, ''), (3, 'jiyuunikakageteiinda'), (1, '')]",False,False,3
213.363,213.564,katachimonamaemojiyuunikakageteiinda,"[(1, ''), (2, 'katachi'), (3, 'monamaemo'), (1, ''), (3, 'jiyuunikakageteiinda'), (1, '')]",False,False,3
213.163,213.363,katachimonamaemojiyuunikakageteiinda,"[(1, ''), (2, 'kata'), (3, 'chimonamaemo'), (1, ''), (3, 'jiyuunikakageteiinda'), (1, '')]",False,False,3
212.963,213.163,katachimonamaemojiyuunikakageteiinda,"[(1, ''), (2, 'ka'), (3, 'tachimonamaemo'), (1, ''), (3, 'jiyuunikakageteiinda'), (1, '')]",False,False,3
80.03,81.031,katachimonamaemojiyuunikakageteiinda,"[(1, ''), (2, 'katachimonamaemo'), (1, ''), (2, 'jiyuunikakageteiinda'), (1, '')]",False,False,3
79.83,80.03,katachimonamaemojiyuunikakageteiinda,"[(1, ''), (2, 'katachimonamaemo'), (1, ''), (2, 'jiyuunikakageteiin'), (3, 'da'), (1, '')]",False,False,3
79.63,79.83,katachimonamaemojiyuunikakageteiinda,"[(1, ''), (2, 'katachimonamaemo'), (1, ''), (2, 'jiyuunikakageteii'), (3, 'nda'), (1, '')]",False,False,3
79.43,79.63,katachimonamaemojiyuunikakageteiinda,"[(1, ''), (2, 'katachimonamaemo'), (1, ''), (2, 'jiyuunikakagetei'), (3, 'inda'), (1, '')]",False,False,3
79.229,79.43,katachimonamaemojiyuunikakageteiinda,"[(1, ''), (2, 'katachimonamaemo'), (1, ''), (2, 'jiyuunikakagete'), (3, 'iinda'), (1, '')]",False,False,3
79.029,79.229,katachimonamaemojiyuunikakageteiinda,"[(1, ''), (2, 'katachimonamaemo'), (1, ''), (2, 'jiyuunikakage'), (3, 'teiinda'), (1, '')]",False,False,3
78.829,79.029,katachimonamaemojiyuunikakageteiinda,"[(1, ''), (2, 'katachimonamaemo'), (1, ''), (2, 'jiyuunikaka'), (3, 'geteiinda'), (1, '')]",False,False,3
78.662,78.829,katachimonamaemojiyuunikakageteiinda,"[(1, ''), (2, 'katachimonamaemo'), (1, ''), (2, 'jiyuunika'), (3, 'kageteiinda'), (1, '')]",False,False,3
78.462,78.662,katachimonamaemojiyuunikakageteiinda,"[(1, ''), (2, 'katachimonamaemo'), (1, ''), (2, 'jiyuuni'), (3, 'kakageteiinda'), (1, '')]",False,False,3
78.228,78.462,katachimonamaemojiyuunikakageteiinda,"[(1, ''), (2, 'katachimonamaemo'), (1, ''), (2, 'jiyuu'), (3, 'nikakageteiinda'), (1, '')]",False,False,3
78.028,78.228,katachimonamaemojiyuunikakageteiinda,"[(1, ''), (2, 'katachimonamaemo'), (1, ''), (2, 'jiyu'), (3, 'unikakageteiinda'), (1, '')]",False,False,3
77.828,78.028,katachimonamaemojiyuunikakageteiinda,"[(1, ''), (2, 'katachimonamaemo'), (1, ''), (2, 'ji'), (3, 'yuunikakageteiinda'), (1, '')]",False,False,3
76.86,77.828,katachimonamaemojiyuunikakageteiinda,"[(1, ''), (2, 'katachimonamaemo'), (1, ''), (3, 'jiyuunikakageteiinda'), (1, '')]",False,False,3
76.66,76.86,katachimonamaemojiyuunikakageteiinda,"[(1, ''), (2, 'katachimonamae'), (3, 'mo'), (1, ''), (3, 'jiyuunikakageteiinda'), (1, '')]",False,False,3
76.493,76.66,katachimonamaemojiyuunikakageteiinda,"[(1, ''), (2, 'katachimonama'), (3, 'emo'), (1, ''), (3, 'jiyuunikakageteiinda'), (1, '')]",False,False,3
76.26,76.493,katachimonamaemojiyuunikakageteiinda,"[(1, ''), (2, 'katachimona'), (3, 'maemo'), (1, ''), (3, 'jiyuunikakageteiinda'), (1, '')]",False,False,3
75.259,76.26,katachimonamaemojiyuunikakageteiinda,"[(1, ''), (2, 'katachimo'), (3, 'namaemo'), (1, ''), (3, 'jiyuunikakageteiinda'), (1, '')]",False,False,3
75.059,75.259,katachimonamaemojiyuunikakageteiinda,"[(1, ''), (2, 'katachi'), (3, 'monamaemo'), (1, ''), (3, 'jiyuunikakageteiinda'), (1, '')]",False,False,3
74.858,75.059,katachimonamaemojiyuunikakageteiinda,"[(1, ''), (2, 'kata'), (3, 'chimonamaemo'), (1, ''), (3, 'jiyuunikakageteiinda'), (1, '')]",False,False,3
74.658,74.858,katachimonamaemojiyuunikakageteiinda,"[(1, ''), (2, 'ka'), (3, 'tachimonamaemo'), (1, ''), (3, 'jiyuunikakageteiinda'), (1, '')]",False,True,3
149.967,150.968,kewashiimichinimokawaiihanagasaiteiru,"[(1, ''), (2, 'kewashiimichinimo'), (1, ''), (2, 'kawaiihanagasaiteiru'), (1, '')]",True,False,3
149.8,149.967,kewashiimichinimokawaiihanagasaiteiru,"[(1, ''), (2, 'kewashiimichinimo'), (1, ''), (2, 'kawaiihanagasaitei'), (3, 'ru'), (1, '')]",False,False,3
149.566,149.8,kewashiimichinimokawaiihanagasaiteiru,"[(1, ''), (2, 'kewashiimichinimo'), (1, ''), (2, 'kawaiihanagasaite'), (3, 'iru'), (1, '')]",False,False,3
149.399,149.566,kewashiimichinimokawaiihanagasaiteiru,"[(1, ''), (2, 'kewashiimichinimo'), (1, ''), (2, 'kawaiihanagasai'), (3, 'teiru'), (1, '')]",False,False,3
149.199,149.399,kewashiimichinimokawaiihanagasaiteiru,"[(1, ''), (2, 'kewashiimichinimo'), (1, ''), (2, 'kawaiihanagasa'), (3, 'iteiru'), (1, '')]",False,False,3
148.999,149.199,kewashiimichinimokawaiihanagasaiteiru,"[(1, ''), (2, 'kewashiimichinimo'), (1, ''), (2, 'kawaiihanaga'), (3, 'saiteiru'), (1, '')]",False,False,3
148.799,148.999,kewashiimichinimokawaiihanagasaiteiru,"[(1, ''), (2, 'kewashiimichinimo'), (1, ''), (2, 'kawaiihana'), (3, 'gasaiteiru'), (1, '')]",False,False,3
148.599,148.799,kewashiimichinimokawaiihanagasaiteiru,"[(1, ''), (2, 'kewashiimichinimo'), (1, ''), (2, 'kawaiiha'), (3, 'nagasaiteiru'), (1, '')]",False,False,3
148.365,148.599,kewashiimichinimokawaiihanagasaiteiru,"[(1, ''), (2, 'kewashiimichinimo'), (1, ''), (2, 'kawaii'), (3, 'hanagasaiteiru'), (1, '')]",False,False,3
148.198,148.365,kewashiimichinimokawaiihanagasaiteiru,"[(1, ''), (2, 'kewashiimichinimo'), (1, ''), (2, 'kawai'), (3, 'ihanagasaiteiru'), (1, '')]",False,False,3
147.998,148.198,kewashiimichinimokawaiihanagasaiteiru,"[(1, ''), (2, 'kewashiimichinimo'), (1, ''), (2, 'kawa'), (3, 'iihanagasaiteiru'), (1, '')]",False,False,3
147.798,147.998,kewashiimichinimokawaiihanagasaiteiru,"[(1, ''), (2, 'kewashiimichinimo'), (1, ''), (2, 'ka'), (3, 'waiihanagasaiteiru'), (1, '')]",False,False,3
146.797,147.798,kewashiimichinimokawaiihanagasaiteiru,"[(1, ''), (2, 'kewashiimichinimo'), (1, ''), (3, 'kawaiihanagasaiteiru'), (1, '')]",False,False,3
146.597,146.797,kewashiimichinimokawaiihanagasaiteiru,"[(1, ''), (2, 'kewashiimichini'), (3, 'mo'), (1, ''), (3, 'kawaiihanagasaiteiru'), (1, '')]",False,False,3
146.43,146.597,kewashiimichinimokawaiihanagasaiteiru,"[(1, ''), (2, 'kewashiimichi'), (3, 'nimo'), (1, ''), (3, 'kawaiihanagasaiteiru'), (1, '')]",False,False,3
146.23,146.43,kewashiimichinimokawaiihanagasaiteiru,"[(1, ''), (2, 'kewashiimi'), (3, 'chinimo'), (1, ''), (3, 'kawaiihanagasaiteiru'), (1, '')]",False,False,3
145.229,146.23,kewashiimichinimokawaiihanagasaiteiru,"[(1, ''), (2, 'kewashii'), (3, 'michinimo'), (1, ''), (3, 'kawaiihanagasaiteiru'), (1, '')]",False,False,3
144.995,145.229,kewashiimichinimokawaiihanagasaiteiru,"[(1, ''), (2, 'kewashi'), (3, 'imichinimo'), (1, ''), (3, 'kawaiihanagasaiteiru'), (1, '')]",False,False,3
144.828,144.995,kewashiimichinimokawaiihanagasaiteiru,"[(1, ''), (2, 'kewa'), (3, 'shiimichinimo'), (1, ''), (3, 'kawaiihanagasaiteiru'), (1, '')]",False,False,3
144.595,144.828,kewashiimichinimokawaiihanagasaiteiru,"[(1, ''), (2, 'ke'), (3, 'washiimichinimo'), (1, ''), (3, 'kawaiihanagasaiteiru'), (1, '')]",False,True,3
135.085,136.487,kizuitewankurikkutobirawahiraku,"[(1, ''), (2, 'kizuitewankurikkutobirawahiraku'), (1, '')]",True,False,3
134.885,135.085,kizuitewankurikkutobirawahiraku,"[(1, ''), (2, 'kizuitewankurikkutobirawahira'), (3, 'ku'), (1, '')]",False,False,3
134.685,134.885,kizuitewankurikkutobirawahiraku,"[(1, ''), (2, 'kizuitewankurikkutobirawahi'), (3, 'raku'), (1, '')]",False,False,3
134.485,134.685,kizuitewankurikkutobirawahiraku,"[(1, ''), (2, 'kizuitewankurikkutobirawa'), (3, 'hiraku'), (1, '')]",False,False,3
134.284,134.485,kizuitewankurikkutobirawahiraku,"[(1, ''), (2, 'kizuitewankurikkutobira'), (3, 'wahiraku'), (1, '')]",False,False,3
134.051,134.284,kizuitewankurikkutobirawahiraku,"[(1, ''), (2, 'kizuitewankurikkutobi'), (3, 'rawahiraku'), (1, '')]",False,False,3
133.851,134.051,kizuitewankurikkutobirawahiraku,"[(1, ''), (2, 'kizuitewankurikkuto'), (3, 'birawahiraku'), (1, '')]",False,False,3
132.883,133.851,kizuitewankurikkutobirawahiraku,"[(1, ''), (2, 'kizuitewankurikku'), (3, 'tobirawahiraku'), (1, '')]",False,False,3
132.683,132.883,kizuitewankurikkutobirawahiraku,"[(1, ''), (2, 'kizuitewankurik'), (3, 'kutobirawahiraku'), (1, '')]",False,False,3
132.516,132.683,kizuitewankurikkutobirawahiraku,"[(1, ''), (2, 'kizuitewankuri'), (3, 'kkutobirawahiraku'), (1, '')]",False,False,3
132.282,132.516,kizuitewankurikkutobirawahiraku,"[(1, ''), (2, 'kizuitewanku'), (3, 'rikkutobirawahiraku'), (1, '')]",False,False,3
132.082,132.282,kizuitewankurikkutobirawahiraku,"[(1, ''), (2, 'kizuitewan'), (3, 'kurikkutobirawahiraku'), (1, '')]",False,False,3
131.882,132.082,kizuitewankurikkutobirawahiraku,"[(1, ''), (2, 'kizuitewa'), (3, 'nkurikkutobirawahiraku'), (1, '')]",False,False,3
131.682,131.882,kizuitewankurikkutobirawahiraku,"[(1, ''), (2, 'kizuite'), (3, 'wankurikkutobirawahiraku'), (1, '')]",False,False,3
131.482,131.682,kizuitewankurikkutobirawahiraku,"[(1, ''), (2, 'kizui'), (3, 'tewankurikkutobirawahiraku'), (1, '')]",False,False,3
131.281,131.482,kizuitewankurikkutobirawahiraku,"[(1, ''), (2, 'kizu'), (3, 'itewankurikkutobirawahiraku'), (1, '')]",False,False,3
131.081,131.281,kizuitewankurikkutobirawahiraku,"[(1, ''), (2, 'ki'), (3, 'zuitewankurikkutobirawahiraku'), (1, '')]",False,True,3
53.804,54.805,kodomodeirarerunowatattanijuunennandashi,"[(1, ''), (2, 'kodomodeirarerunowatatta'), (1, ''), (2, 'nijuunennandashi'), (1, '')]",True,False,3
53.404,53.804,kodomodeirarerunowatattanijuunennandashi,"[(1, ''), (2, 'kodomodeirarerunowatatta'), (1, ''), (2, 'nijuunennanda'), (3, 'shi'), (1, '')]",False,False,3
53.037,53.404,kodomodeirarerunowatattanijuunennandashi,"[(1, ''), (2, 'kodomodeirarerunowatatta'), (1, ''), (2, 'nijuunennan'), (3, 'dashi'), (1, '')]",False,False,3
52.803,53.037,kodomodeirarerunowatattanijuunennandashi,"[(1, ''), (2, 'kodomodeirarerunowatatta'), (1, ''), (2, 'nijuunenna'), (3, 'ndashi'), (1, '')]",False,False,3
52.436,52.803,kodomodeirarerunowatattanijuunennandashi,"[(1, ''), (2, 'kodomodeirarerunowatatta'), (1, ''), (2, 'nijuunen'), (3, 'nandashi'), (1, '')]",False,False,3
52.202,52.436,kodomodeirarerunowatattanijuunennandashi,"[(1, ''), (2, 'kodomodeirarerunowatatta'), (1, ''), (2, 'nijuune'), (3, 'nnandashi'), (1, '')]",False,False,3
52.002,52.202,kodomodeirarerunowatattanijuunennandashi,"[(1, ''), (2, 'kodomodeirarerunowatatta'), (1, ''), (2, 'nijuu'), (3, 'nennandashi'), (1, '')]",False,False,3
51.802,52.002,kodomodeirarerunowatattanijuunennandashi,"[(1, ''), (2, 'kodomodeirarerunowatatta'), (1, ''), (2, 'niju'), (3, 'unennandashi'), (1, '')]",False,False,3
51.602,51.802,kodomodeirarerunowatattanijuunennandashi,"[(1, ''), (2, 'kodomodeirarerunowatatta'), (1, ''), (2, 'ni'), (3, 'juunennandashi'), (1, '')]",False,False,3
51.402,51.602,kodomodeirarerunowatattanijuunennandashi,"[(1, ''), (2, 'kodomodeirarerunowatatta'), (1, ''), (3, 'nijuunennandashi'), (1, '')]",False,False,3
51.201,51.402,kodomodeirarerunowatattanijuunennandashi,"[(1, ''), (2, 'kodomodeirarerunowatat'), (3, 'ta'), (1, ''), (3, 'nijuunennandashi'), (1, '')]",False,False,3
51.001,51.201,kodomodeirarerunowatattanijuunennandashi,"[(1, ''), (2, 'kodomodeirarerunowata'), (3, 'tta'), (1, ''), (3, 'nijuunennandashi'), (1, '')]",False,False,3
50.801,51.001,kodomodeirarerunowatattanijuunennandashi,"[(1, ''), (2, 'kodomodeirarerunowa'), (3, 'tatta'), (1, ''), (3, 'nijuunennandashi'), (1, '')]",False,False,3
50.634,50.801,kodomodeirarerunowatattanijuunennandashi,"[(1, ''), (2, 'kodomodeirareruno'), (3, 'watatta'), (1, ''), (3, 'nijuunennandashi'), (1, '')]",False,False,3
50.434,50.634,kodomodeirarerunowatattanijuunennandashi,"[(1, ''), (2, 'kodomodeirareru'), (3, 'nowatatta'), (1, ''), (3, 'nijuunennandashi'), (1, '')]",False,False,3
50.2,50.434,kodomodeirarerunowatattanijuunennandashi,"[(1, ''), (2, 'kodomodeirare'), (3, 'runowatatta'), (1, ''), (3, 'nijuunennandashi'), (1, '')]",False,False,3
50.0,50.2,kodomodeirarerunowatattanijuunennandashi,"[(1, ''), (2, 'kodomodeira'), (3, 'rerunowatatta'), (1, ''), (3, 'nijuunennandashi'), (1, '')]",False,False,3
49.8,50.0,kodomodeirarerunowatattanijuunennandashi,"[(1, ''), (2, 'kodomodei'), (3, 'rarerunowatatta'), (1, ''), (3, 'nijuunennandashi'), (1, '')]",False,False,3
49.633,49.8,kodomodeirarerunowatattanijuunennandashi,"[(1, ''), (2, 'kodomode'), (3, 'irarerunowatatta'), (1, ''), (3, 'nijuunennandashi'), (1, '')]",False,False,3
49.433,49.633,kodomodeirarerunowatattanijuunennandashi,"[(1, ''), (2, 'kodomo'), (3, 'deirarerunowatatta'), (1, ''), (3, 'nijuunennandashi'), (1, '')]",False,False,3
49.233,49.433,kodomodeirarerunowatattanijuunennandashi,"[(1, ''), (2, 'kodo'), (3, 'modeirarerunowatatta'), (1, ''), (3, 'nijuunennandashi'), (1, '')]",False,False,3
49.033,49.233,kodomodeirarerunowatattanijuunennandashi,"[(1, ''), (2, 'ko'), (3, 'domodeirarerunowatatta'), (1, ''), (3, 'nijuunennandashi'), (1, '')]",False,True,3
192.142,193.877,kurushimiwashiawasenitokeaitai,"[(1, ''), (2, 'kurushimiwashiawasenitokeaitai'), (1, '')]",True,False,3
191.708,192.142,kurushimiwashiawasenitokeaitai,"[(1, ''), (2, 'kurushimiwashiawasenitokeaita'), (3, 'i'), (1, '')]",False,False,3
191.308,191.708,kurushimiwashiawasenitokeaitai,"[(1, ''), (2, 'kurushimiwashiawasenitokeai'), (3, 'tai'), (1, '')]",False,False,3
190.941,191.308,kurushimiwashiawasenitokeaitai,"[(1, ''), (2, 'kurushimiwashiawasenitokea'), (3, 'itai'), (1, '')]",False,False,3
190.507,190.941,kurushimiwashiawasenitokeaitai,"[(1, ''), (2, 'kurushimiwashiawasenitoke'), (3, 'aitai'), (1, '')]",False,False,3
190.14,190.507,kurushimiwashiawasenitokeaitai,"[(1, ''), (2, 'kurushimiwashiawasenito'), (3, 'keaitai'), (1, '')]",False,False,3
189.573,190.14,kurushimiwashiawasenitokeaitai,"[(1, ''), (2, 'kurushimiwashiawaseni'), (3, 'tokeaitai'), (1, '')]",False,False,3
189.339,189.573,kurushimiwashiawasenitokeaitai,"[(1, ''), (2, 'kurushimiwashiawase'), (3, 'nitokeaitai'), (1, '')]",False,False,3
189.139,189.339,kurushimiwashiawasenitokeaitai,"[(1, ''), (2, 'kurushimiwashiawa'), (3, 'senitokeaitai'), (1, '')]",False,False,3
188.906,189.139,kurushimiwashiawasenitokeaitai,"[(1, ''), (2, 'kurushimiwashia'), (3, 'wasenitokeaitai'), (1, '')]",False,False,3
188.739,188.906,kurushimiwashiawasenitokeaitai,"[(1, ''), (2, 'kurushimiwashi'), (3, 'awasenitokeaitai'), (1, '')]",False,False,3
188.305,188.739,kurushimiwashiawasenitokeaitai,"[(1, ''), (2, 'kurushimiwa'), (3, 'shiawasenitokeaitai'), (1, '')]",False,False,3
188.138,188.305,kurushimiwashiawasenitokeaitai,"[(1, ''), (2, 'kurushimi'), (3, 'washiawasenitokeaitai'), (1, '')]",False,False,3
187.971,188.138,kurushimiwashiawasenitokeaitai,"[(1, ''), (2, 'kurushi'), (3, 'miwashiawasenitokeaitai'), (1, '')]",False,False,3
187.704,187.971,kurushimiwashiawasenitokeaitai,"[(1, ''), (2, 'kuru'), (3, 'shimiwashiawasenitokeaitai'), (1, '')]",False,False,3
187.538,187.704,kurushimiwashiawasenitokeaitai,"[(1, ''), (2, 'ku'), (3, 'rushimiwashiawasenitokeaitai'), (1, '')]",False,True,3
60.11,61.145,mottoyukkuriotonaninattemoiinjanai?,"[(1, ''), (2, 'mottoyukkuriotonaninattemoiinjanai?'), (1, '')]",True,False,3
59.977,60.11,mottoyukkuriotonaninattemoiinjanai?,"[(1, ''), (2, 'mottoyukkuriotonaninattemoiinjana'), (3, 'i?'), (1, '')]",False,False,3
59.777,59.977,mottoyukkuriotonaninattemoiinjanai?,"[(1, ''), (2, 'mottoyukkuriotonaninattemoiinja'), (3, 'nai?'), (1, '')]",False,False,3
59.643,59.777,mottoyukkuriotonaninattemoiinjanai?,"[(1, ''), (2, 'mottoyukkuriotonaninattemoiin'), (3, 'janai?'), (1, '')]",False,False,3
59.51,59.643,mottoyukkuriotonaninattemoiinjanai?,"[(1, ''), (2, 'mottoyukkuriotonaninattemoii'), (3, 'njanai?'), (1, '')]",False,False,3
59.376,59.51,mottoyukkuriotonaninattemoiinjanai?,"[(1, ''), (2, 'mottoyukkuriotonaninattemoi'), (3, 'injanai?'), (1, '')]",False,False,3
59.176,59.376,mottoyukkuriotonaninattemoiinjanai?,"[(1, ''), (2, 'mottoyukkuriotonaninattemo'), (3, 'iinjanai?'), (1, '')]",False,False,3
58.976,59.176,mottoyukkuriotonaninattemoiinjanai?,"[(1, ''), (2, 'mottoyukkuriotonaninatte'), (3, 'moiinjanai?'), (1, '')]",False,False,3
58.776,58.976,mottoyukkuriotonaninattemoiinjanai?,"[(1, ''), (2, 'mottoyukkuriotonaninat'), (3, 'temoiinjanai?'), (1, '')]",False,False,3
58.575,58.776,mottoyukkuriotonaninattemoiinjanai?,"[(1, ''), (2, 'mottoyukkuriotonanina'), (3, 'ttemoiinjanai?'), (1, '')]",False,False,3
58.375,58.575,mottoyukkuriotonaninattemoiinjanai?,"[(1, ''), (2, 'mottoyukkuriotonani'), (3, 'nattemoiinjanai?'), (1, '')]",False,False,3
58.175,58.375,mottoyukkuriotonaninattemoiinjanai?,"[(1, ''), (2, 'mottoyukkuriotona'), (3, 'ninattemoiinjanai?'), (1, '')]",False,False,3
57.975,58.175,mottoyukkuriotonaninattemoiinjanai?,"[(1, ''), (2, 'mottoyukkurioto'), (3, 'naninattemoiinjanai?'), (1, '')]",False,False,3
57.741,57.975,mottoyukkuriotonaninattemoiinjanai?,"[(1, ''), (2, 'mottoyukkurio'), (3, 'tonaninattemoiinjanai?'), (1, '')]",False,False,3
57.007,57.741,mottoyukkuriotonaninattemoiinjanai?,"[(1, ''), (2, 'mottoyukkuri'), (3, 'otonaninattemoiinjanai?'), (1, '')]",False,False,3
56.774,57.007,mottoyukkuriotonaninattemoiinjanai?,"[(1, ''), (2, 'mottoyukku'), (3, 'riotonaninattemoiinjanai?'), (1, '')]",False,False,3
56.54,56.774,mottoyukkuriotonaninattemoiinjanai?,"[(1, ''), (2, 'mottoyuk'), (3, 'kuriotonaninattemoiinjanai?'), (1, '')]",False,False,3
55.406,56.54,mottoyukkuriotonaninattemoiinjanai?,"[(1, ''), (2, 'mottoyu'), (3, 'kkuriotonaninattemoiinjanai?'), (1, '')]",False,False,3
55.205,55.406,mottoyukkuriotonaninattemoiinjanai?,"[(1, ''), (2, 'motto'), (3, 'yukkuriotonaninattemoiinjanai?'), (1, '')]",False,False,3
55.005,55.205,mottoyukkuriotonaninattemoiinjanai?,"[(1, ''), (2, 'mot'), (3, 'toyukkuriotonaninattemoiinjanai?'), (1, '')]",False,False,3
54.805,55.005,mottoyukkuriotonaninattemoiinjanai?,"[(1, ''), (2, 'mo'), (3, 'ttoyukkuriotonaninattemoiinjanai?'), (1, '')]",False,True,3
85.836,87.404,mouichidoegaiteanatanoomouyouni,"[(1, ''), (2, 'mouichidoegaiteanatanoomouyouni'), (1, '')]",True,False,3
85.602,85.836,mouichidoegaiteanatanoomouyouni,"[(1, ''), (2, 'mouichidoegaiteanatanoomouyou'), (3, 'ni'), (1, '')]",False,False,3
85.402,85.602,mouichidoegaiteanatanoomouyouni,"[(1, ''), (2, 'mouichidoegaiteanatanoomouyo'), (3, 'uni'), (1, '')]",False,False,3
85.202,85.402,mouichidoegaiteanatanoomouyouni,"[(1, ''), (2, 'mouichidoegaiteanatanoomou'), (3, 'youni'), (1, '')]",False,False,3
85.002,85.202,mouichidoegaiteanatanoomouyouni,"[(1, ''), (2, 'mouichidoegaiteanatanoomo'), (3, 'uyouni'), (1, '')]",False,False,3
84.802,85.002,mouichidoegaiteanatanoomouyouni,"[(1, ''), (2, 'mouichidoegaiteanatanoo'), (3, 'mouyouni'), (1, '')]",False,False,3
84.601,84.802,mouichidoegaiteanatanoomouyouni,"[(1, ''), (2, 'mouichidoegaiteanatano'), (3, 'omouyouni'), (1, '')]",False,False,3
84.401,84.601,mouichidoegaiteanatanoomouyouni,"[(1, ''), (2, 'mouichidoegaiteanata'), (3, 'noomouyouni'), (1, '')]",False,False,3
84.201,84.401,mouichidoegaiteanatanoomouyouni,"[(1, ''), (2, 'mouichidoegaiteana'), (3, 'tanoomouyouni'), (1, '')]",False,False,3
84.001,84.201,mouichidoegaiteanatanoomouyouni,"[(1, ''), (2, 'mouichidoegaitea'), (3, 'natanoomouyouni'), (1, '')]",False,False,3
82.599,84.001,mouichidoegaiteanatanoomouyouni,"[(1, ''), (2, 'mouichidoegaite'), (3, 'anatanoomouyouni'), (1, '')]",False,False,3
82.399,82.599,mouichidoegaiteanatanoomouyouni,"[(1, ''), (2, 'mouichidoegai'), (3, 'teanatanoomouyouni'), (1, '')]",False,False,3
82.232,82.399,mouichidoegaiteanatanoomouyouni,"[(1, ''), (2, 'mouichidoega'), (3, 'iteanatanoomouyouni'), (1, '')]",False,False,3
81.999,82.232,mouichidoegaiteanatanoomouyouni,"[(1, ''), (2, 'mouichidoe'), (3, 'gaiteanatanoomouyouni'), (1, '')]",False,False,3
81.832,81.999,mouichidoegaiteanatanoomouyouni,"[(1, ''), (2, 'mouichido'), (3, 'egaiteanatanoomouyouni'), (1, '')]",False,False,3
81.598,81.832,mouichidoegaiteanatanoomouyouni,"[(1, ''), (2, 'mouichi'), (3, 'doegaiteanatanoomouyouni'), (1, '')]",False,False,3
81.432,81.598,mouichidoegaiteanatanoomouyouni,"[(1, ''), (2, 'moui'), (3, 'chidoegaiteanatanoomouyouni'), (1, '')]",False,False,3
81.231,81.432,mouichidoegaiteanatanoomouyouni,"[(1, ''), (2, 'mou'), (3, 'ichidoegaiteanatanoomouyouni'), (1, '')]",False,False,3
81.031,81.231,mouichidoegaiteanatanoomouyouni,"[(1, ''), (2, 'mo'), (3, 'uichidoegaiteanatanoomouyouni'), (1, '')]",False,True,3
224.074,225.676,mouichidoegaiteanatanosukinayouni,"[(1, ''), (2, 'mouichidoegaiteanatanosukinayouni'), (1, '')]",True,False,3
223.874,224.074,mouichidoegaiteanatanosukinayouni,"[(1, ''), (2, 'mouichidoegaiteanatanosukinayou'), (3, 'ni'), (1, '')]",False,False,3
223.674,223.874,mouichidoegaiteanatanosukinayouni,"[(1, ''), (2, 'mouichidoegaiteanatanosukinayo'), (3, 'uni'), (1, '')]",False,False,3
223.473,223.674,mouichidoegaiteanatanosukinayouni,"[(1, ''), (2, 'mouichidoegaiteanatanosukina'), (3, 'youni'), (1, '')]",False,False,3
223.307,223.473,mouichidoegaiteanatanosukinayouni,"[(1, ''), (2, 'mouichidoegaiteanatanosuki'), (3, 'nayouni'), (1, '')]",False,False,3
223.106,223.307,mouichidoegaiteanatanosukinayouni,"[(1, ''), (2, 'mouichidoegaiteanatanosu'), (3, 'kinayouni'), (1, '')]",False,False,3
222.873,223.106,mouichidoegaiteanatanosukinayouni,"[(1, ''), (2, 'mouichidoegaiteanatano'), (3, 'sukinayouni'), (1, '')]",False,False,3
222.706,222.873,mouichidoegaiteanatanosukinayouni,"[(1, ''), (2, 'mouichidoegaiteanata'), (3, 'nosukinayouni'), (1, '')]",False,False,3
222.506,222.706,mouichidoegaiteanatanosukinayouni,"[(1, ''), (2, 'mouichidoegaiteana'), (3, 'tanosukinayouni'), (1, '')]",False,False,3
222.306,222.506,mouichidoegaiteanatanosukinayouni,"[(1, ''), (2, 'mouichidoegaitea'), (3, 'natanosukinayouni'), (1, '')]",False,False,3
220.904,222.306,mouichidoegaiteanatanosukinayouni,"[(1, ''), (2, 'mouichidoegaite'), (3, 'anatanosukinayouni'), (1, '')]",False,False,3
220.671,220.904,mouichidoegaiteanatanosukinayouni,"[(1, ''), (2, 'mouichidoegai'), (3, 'teanatanosukinayouni'), (1, '')]",False,False,3
220.504,220.671,mouichidoegaiteanatanosukinayouni,"[(1, ''), (2, 'mouichidoega'), (3, 'iteanatanosukinayouni'), (1, '')]",False,False,3
220.27,220.504,mouichidoegaiteanatanosukinayouni,"[(1, ''), (2, 'mouichidoe'), (3, 'gaiteanatanosukinayouni'), (1, '')]",False,False,3
220.103,220.27,mouichidoegaiteanatanosukinayouni,"[(1, ''), (2, 'mouichido'), (3, 'egaiteanatanosukinayouni'), (1, '')]",False,False,3
219.903,220.103,mouichidoegaiteanatanosukinayouni,"[(1, ''), (2, 'mouichi'), (3, 'doegaiteanatanosukinayouni'), (1, '')]",False,False,3
219.703,219.903,mouichidoegaiteanatanosukinayouni,"[(1, ''), (2, 'moui'), (3, 'chidoegaiteanatanosukinayouni'), (1, '')]",False,False,3
219.503,219.703,mouichidoegaiteanatanosukinayouni,"[(1, ''), (2, 'mou'), (3, 'ichidoegaiteanatanosukinayouni'), (1, '')]",False,False,3
219.303,219.503,mouichidoegaiteanatanosukinayouni,"[(1, ''), (2, 'mo'), (3, 'uichidoegaiteanatanosukinayouni'), (1, '')]",False,True,3
155.739,157.307,nandodemoegaiteunuborechaujigazou,"[(1, ''), (2, 'nandodemoegaiteunuborechaujigazou'), (1, '')]",True,False,3
155.539,155.739,nandodemoegaiteunuborechaujigazou,"[(1, ''), (2, 'nandodemoegaiteunuborechaujigazo'), (3, 'u'), (1, '')]",False,False,3
155.339,155.539,nandodemoegaiteunuborechaujigazou,"[(1, ''), (2, 'nandodemoegaiteunuborechaujiga'), (3, 'zou'), (1, '')]",False,False,3
155.139,155.339,nandodemoegaiteunuborechaujigazou,"[(1, ''), (2, 'nandodemoegaiteunuborechauji'), (3, 'gazou'), (1, '')]",False,False,3
154.938,155.139,nandodemoegaiteunuborechaujigazou,"[(1, ''), (2, 'nandodemoegaiteunuborechau'), (3, 'jigazou'), (1, '')]",False,False,3
154.771,154.938,nandodemoegaiteunuborechaujigazou,"[(1, ''), (2, 'nandodemoegaiteunuborecha'), (3, 'ujigazou'), (1, '')]",False,False,3
154.571,154.771,nandodemoegaiteunuborechaujigazou,"[(1, ''), (2, 'nandodemoegaiteunubore'), (3, 'chaujigazou'), (1, '')]",False,False,3
154.371,154.571,nandodemoegaiteunuborechaujigazou,"[(1, ''), (2, 'nandodemoegaiteunubo'), (3, 'rechaujigazou'), (1, '')]",False,False,3
154.138,154.371,nandodemoegaiteunuborechaujigazou,"[(1, ''), (2, 'nandodemoegaiteunu'), (3, 'borechaujigazou'), (1, '')]",False,False,3
153.937,154.138,nandodemoegaiteunuborechaujigazou,"[(1, ''), (2, 'nandodemoegaiteu'), (3, 'nuborechaujigazou'), (1, '')]",False,False,3
152.569,153.937,nandodemoegaiteunuborechaujigazou,"[(1, ''), (2, 'nandodemoegaite'), (3, 'unuborechaujigazou'), (1, '')]",False,False,3
152.369,152.569,nandodemoegaiteunuborechaujigazou,"[(1, ''), (2, 'nandodemoegai'), (3, 'teunuborechaujigazou'), (1, '')]",False,False,3
152.169,152.369,nandodemoegaiteunuborechaujigazou,"[(1, ''), (2, 'nandodemoega'), (3, 'iteunuborechaujigazou'), (1, '')]",False,False,3
152.002,152.169,nandodemoegaiteunuborechaujigazou,"[(1, ''), (2, 'nandodemoe'), (3, 'gaiteunuborechaujigazou'), (1, '')]",False,False,3
151.802,152.002,nandodemoegaiteunuborechaujigazou,"[(1, ''), (2, 'nandodemo'), (3, 'egaiteunuborechaujigazou'), (1, '')]",False,False,3
151.568,151.802,nandodemoegaiteunuborechaujigazou,"[(1, ''), (2, 'nandode'), (3, 'moegaiteunuborechaujigazou'), (1, '')]",False,False,3
151.368,151.568,nandodemoegaiteunuborechaujigazou,"[(1, ''), (2, 'nando'), (3, 'demoegaiteunuborechaujigazou'), (1, '')]",False,False,3
151.168,151.368,nandodemoegaiteunuborechaujigazou,"[(1, ''), (2, 'nan'), (3, 'dodemoegaiteunuborechaujigazou'), (1, '')]",False,False,3
150.968,151.168,nandodemoegaiteunuborechaujigazou,"[(1, ''), (2, 'na'), (3, 'ndodemoegaiteunuborechaujigazou'), (1, '')]",False,True,3
117.401,119.002,nannimoshinainowananimodekinaikarappode,"[(1, ''), (2, 'nannimoshinainowa'), (1, ''), (2, 'nanimodekinaikarappode'), (1, '')]",True,False,3
117.201,117.401,nannimoshinainowananimodekinaikarappode,"[(1, ''), (2, 'nannimoshinainowa'), (1, ''), (2, 'nanimodekinaikarappo'), (3, 'de'), (1, '')]",False,False,3
117.034,117.201,nannimoshinainowananimodekinaikarappode,"[(1, ''), (2, 'nannimoshinainowa'), (1, ''), (2, 'nanimodekinaikarap'), (3, 'pode'), (1, '')]",False,False,3
116.033,117.034,nannimoshinainowananimodekinaikarappode,"[(1, ''), (2, 'nannimoshinainowa'), (1, ''), (2, 'nanimodekinaikara'), (3, 'ppode'), (1, '')]",False,False,3
115.833,116.033,nannimoshinainowananimodekinaikarappode,"[(1, ''), (2, 'nannimoshinainowa'), (1, ''), (2, 'nanimodekinaika'), (3, 'rappode'), (1, '')]",False,False,3
115.599,115.833,nannimoshinainowananimodekinaikarappode,"[(1, ''), (2, 'nannimoshinainowa'), (1, ''), (2, 'nanimodekinai'), (3, 'karappode'), (1, '')]",False,False,3
115.432,115.599,nannimoshinainowananimodekinaikarappode,"[(1, ''), (2, 'nannimoshinainowa'), (1, ''), (2, 'nanimodekina'), (3, 'ikarappode'), (1, '')]",False,False,3
115.232,115.432,nannimoshinainowananimodekinaikarappode,"[(1, ''), (2, 'nannimoshinainowa'), (1, ''), (2, 'nanimodeki'), (3, 'naikarappode'), (1, '')]",False,False,3
115.032,115.232,nannimoshinainowananimodekinaikarappode,"[(1, ''), (2, 'nannimoshinainowa'), (1, ''), (2, 'nanimode'), (3, 'kinaikarappode'), (1, '')]",False,False,3
114.832,115.032,nannimoshinainowananimodekinaikarappode,"[(1, ''), (2, 'nannimoshinainowa'), (1, ''), (2, 'nanimo'), (3, 'dekinaikarappode'), (1, '')]",False,False,3
114.631,114.832,nannimoshinainowananimodekinaikarappode,"[(1, ''), (2, 'nannimoshinainowa'), (1, ''), (2, 'nani'), (3, 'modekinaikarappode'), (1, '')]",False,False,3
114.431,114.631,nannimoshinainowananimodekinaikarappode,"[(1, ''), (2, 'nannimoshinainowa'), (1, ''), (2, 'na'), (3, 'nimodekinaikarappode'), (1, '')]",False,False,3
114.231,114.431,nannimoshinainowananimodekinaikarappode,"[(1, ''), (2, 'nannimoshinainowa'), (1, ''), (3, 'nanimodekinaikarappode'), (1, '')]",False,False,3
114.031,114.231,nannimoshinainowananimodekinaikarappode,"[(1, ''), (2, 'nannimoshinaino'), (3, 'wa'), (1, ''), (3, 'nanimodekinaikarappode'), (1, '')]",False,False,3
113.831,114.031,nannimoshinainowananimodekinaikarappode,"[(1, ''), (2, 'nannimoshinai'), (3, 'nowa'), (1, ''), (3, 'nanimodekinaikarappode'), (1, '')]",False,False,3
113.664,113.831,nannimoshinainowananimodekinaikarappode,"[(1, ''), (2, 'nannimoshina'), (3, 'inowa'), (1, ''), (3, 'nanimodekinaikarappode'), (1, '')]",False,False,3
113.464,113.664,nannimoshinainowananimodekinaikarappode,"[(1, ''), (2, 'nannimoshi'), (3, 'nainowa'), (1, ''), (3, 'nanimodekinaikarappode'), (1, '')]",False,False,3
113.263,113.464,nannimoshinainowananimodekinaikarappode,"[(1, ''), (2, 'nannimo'), (3, 'shinainowa'), (1, ''), (3, 'nanimodekinaikarappode'), (1, '')]",False,False,3
113.063,113.263,nannimoshinainowananimodekinaikarappode,"[(1, ''), (2, 'nanni'), (3, 'moshinainowa'), (1, ''), (3, 'nanimodekinaikarappode'), (1, '')]",False,False,3
112.83,113.063,nannimoshinainowananimodekinaikarappode,"[(1, ''), (2, 'nan'), (3, 'nimoshinainowa'), (1, ''), (3, 'nanimodekinaikarappode'), (1, '')]",False,False,3
112.596,112.83,nannimoshinainowananimodekinaikarappode,"[(1, ''), (2, 'na'), (3, 'nnimoshinainowa'), (1, ''), (3, 'nanimodekinaikarappode'), (1, '')]",False,True,3
34.752,35.753,otonaninattarakittokireini,"[(1, ''), (2, 'otonaninattarakittokireini'), (1, '')]",True,False,3
34.551,34.752,otonaninattarakittokireini,"[(1, ''), (2, 'otonaninattarakittokirei'), (3, 'ni'), (1, '')]",False,False,3
33.35,34.551,otonaninattarakittokireini,"[(1, ''), (2, 'otonaninattarakittokire'), (3, 'ini'), (1, '')]",False,False,3
33.183,33.35,otonaninattarakittokireini,"[(1, ''), (2, 'otonaninattarakittoki'), (3, 'reini'), (1, '')]",False,False,3
32.95,33.183,otonaninattarakittokireini,"[(1, ''), (2, 'otonaninattarakitto'), (3, 'kireini'), (1, '')]",False,False,3
32.783,32.95,otonaninattarakittokireini,"[(1, ''), (2, 'otonaninattarakit'), (3, 'tokireini'), (1, '')]",False,False,3
32.549,32.783,otonaninattarakittokireini,"[(1, ''), (2, 'otonaninattaraki'), (3, 'ttokireini'), (1, '')]",False,False,3
31.582,32.549,otonaninattarakittokireini,"[(1, ''), (2, 'otonaninattara'), (3, 'kittokireini'), (1, '')]",False,False,3
31.348,31.582,otonaninattarakittokireini,"[(1, ''), (2, 'otonaninatta'), (3, 'rakittokireini'), (1, '')]",False,False,3
31.148,31.348,otonaninattarakittokireini,"[(1, ''), (2, 'otonaninat'), (3, 'tarakittokireini'), (1, '')]",False,False,3
30.18,31.148,otonaninattarakittokireini,"[(1, ''), (2, 'otonanina'), (3, 'ttarakittokireini'), (1, '')]",False,False,3
29.98,30.18,otonaninattarakittokireini,"[(1, ''), (2, 'otonani'), (3, 'nattarakittokireini'), (1, '')]",False,False,3
29.747,29.98,otonaninattarakittokireini,"[(1, ''), (2, 'otona'), (3, 'ninattarakittokireini'), (1, '')]",False,False,3
29.58,29.747,otonaninattarakittokireini,"[(1, ''), (2, 'oto'), (3, 'naninattarakittokireini'), (1, '')]",False,False,3
29.346,29.58,otonaninattarakittokireini,"[(1, ''), (2, 'o'), (3, 'tonaninattarakittokireini'), (1, '')]",False,True,3
22.039,23.607,shikakuigayoushiniookinamaruoegaitara,"[(1, ''), (2, 'shikakuigayoushiniookinamaruoegaitara'), (1, '')]",True,False,3
21.839,22.039,shikakuigayoushiniookinamaruoegaitara,"[(1, ''), (2, 'shikakuigayoushiniookinamaruoegaita'), (3, 'ra'), (1, '')]",False,False,3
21.605,21.839,shikakuigayoushiniookinamaruoegaitara,"[(1, ''), (2, 'shikakuigayoushiniookinamaruoegai'), (3, 'tara'), (1, '')]",False,False,3
20.637,21.605,shikakuigayoushiniookinamaruoegaitara,"[(1, ''), (2, 'shikakuigayoushiniookinamaruoega'), (3, 'itara'), (1, '')]",False,False,3
20.437,20.637,shikakuigayoushiniookinamaruoegaitara,"[(1, ''), (2, 'shikakuigayoushiniookinamaruoe'), (3, 'gaitara'), (1, '')]",False,False,3
20.237,20.437,shikakuigayoushiniookinamaruoegaitara,"[(1, ''), (2, 'shikakuigayoushiniookinamaruo'), (3, 'egaitara'), (1, '')]",False,False,3
20.07,20.237,shikakuigayoushiniookinamaruoegaitara,"[(1, ''), (2, 'shikakuigayoushiniookinamaru'), (3, 'oegaitara'), (1, '')]",False,False,3
19.837,20.07,shikakuigayoushiniookinamaruoegaitara,"[(1, ''), (2, 'shikakuigayoushiniookinama'), (3, 'ruoegaitara'), (1, '')]",False,False,3
19.636,19.837,shikakuigayoushiniookinamaruoegaitara,"[(1, ''), (2, 'shikakuigayoushiniookina'), (3, 'maruoegaitara'), (1, '')]",False,False,3
19.47,19.636,shikakuigayoushiniookinamaruoegaitara,"[(1, ''), (2, 'shikakuigayoushiniooki'), (3, 'namaruoegaitara'), (1, '')]",False,False,3
19.269,19.47,shikakuigayoushiniookinamaruoegaitara,"[(1, ''), (2, 'shikakuigayoushinioo'), (3, 'kinamaruoegaitara'), (1, '')]",False,False,3
19.069,19.269,shikakuigayoushiniookinamaruoegaitara,"[(1, ''), (2, 'shikakuigayoushinio'), (3, 'okinamaruoegaitara'), (1, '')]",False,False,3
18.869,19.069,shikakuigayoushiniookinamaruoegaitara,"[(1, ''), (2, 'shikakuigayoushini'), (3, 'ookinamaruoegaitara'), (1, '')]",False,False,3
18.669,18.869,shikakuigayoushiniookinamaruoegaitara,"[(1, ''), (2, 'shikakuigayoushi'), (3, 'niookinamaruoegaitara'), (1, '')]",False,False,3
18.469,18.669,shikakuigayoushiniookinamaruoegaitara,"[(1, ''), (2, 'shikakuigayou'), (3, 'shiniookinamaruoegaitara'), (1, '')]",False,False,3
18.268,18.469,shikakuigayoushiniookinamaruoegaitara,"[(1, ''), (2, 'shikakuigayo'), (3, 'ushiniookinamaruoegaitara'), (1, '')]",False,False,3
18.068,18.268,shikakuigayoushiniookinamaruoegaitara,"[(1, ''), (2, 'shikakuiga'), (3, 'youshiniookinamaruoegaitara'), (1, '')]",False,False,3
17.868,18.068,shikakuigayoushiniookinamaruoegaitara,"[(1, ''), (2, 'shikakui'), (3, 'gayoushiniookinamaruoegaitara'), (1, '')]",False,False,3
17.668,17.868,shikakuigayoushiniookinamaruoegaitara,"[(1, ''), (2, 'shikaku'), (3, 'igayoushiniookinamaruoegaitara'), (1, '')]",False,False,3
17.468,17.668,shikakuigayoushiniookinamaruoegaitara,"[(1, ''), (2, 'shika'), (3, 'kuigayoushiniookinamaruoegaitara'), (1, '')]",False,False,3
17.267,17.468,shikakuigayoushiniookinamaruoegaitara,"[(1, ''), (2, 'shi'), (3, 'kakuigayoushiniookinamaruoegaitara'), (1, '')]",False,True,3
101.685,107.991,shiranuiflare-skysonar,"[(1, ''), (2, 'shiranuiflare-skysonar'), (1, '')]",True,True,0
200.25,203.42,sukinaironiumarekawarutameni,"[(1, ''), (2, 'sukinaironiumarekawarutameni'), (1, '')]",True,False,3
198.649,200.25,sukinaironiumarekawarutameni,"[(1, ''), (2, 'sukinaironiumarekawarutame'), (3, 'ni'), (1, '')]",False,False,3
197.08,198.649,sukinaironiumarekawarutameni,"[(1, ''), (2, 'sukinaironiumarekawaruta'), (3, 'meni'), (1, '')]",False,False,3
196.847,197.08,sukinaironiumarekawarutameni,"[(1, ''), (2, 'sukinaironiumarekawaru'), (3, 'tameni'), (1, '')]",False,False,3
196.58,196.847,sukinaironiumarekawarutameni,"[(1, ''), (2, 'sukinaironiumarekawa'), (3, 'rutameni'), (1, '')]",False,False,3
196.28,196.58,sukinaironiumarekawarutameni,"[(1, ''), (2, 'sukinaironiumareka'), (3, 'warutameni'), (1, '')]",False,False,3
196.046,196.28,sukinaironiumarekawarutameni,"[(1, ''), (2, 'sukinaironiumare'), (3, 'kawarutameni'), (1, '')]",False,False,3
195.779,196.046,sukinaironiumarekawarutameni,"[(1, ''), (2, 'sukinaironiuma'), (3, 'rekawarutameni'), (1, '')]",False,False,3
195.512,195.779,sukinaironiumarekawarutameni,"[(1, ''), (2, 'sukinaironiu'), (3, 'marekawarutameni'), (1, '')]",False,False,3
195.245,195.512,sukinaironiumarekawarutameni,"[(1, ''), (2, 'sukinaironi'), (3, 'umarekawarutameni'), (1, '')]",False,False,3
194.978,195.245,sukinaironiumarekawarutameni,"[(1, ''), (2, 'sukinairo'), (3, 'niumarekawarutameni'), (1, '')]",False,False,3
194.678,194.978,sukinaironiumarekawarutameni,"[(1, ''), (2, 'sukinai'), (3, 'roniumarekawarutameni'), (1, '')]",False,False,3
194.444,194.678,sukinaironiumarekawarutameni,"[(1, ''), (2, 'sukina'), (3, 'ironiumarekawarutameni'), (1, '')]",False,False,3
194.211,194.444,sukinaironiumarekawarutameni,"[(1, ''), (2, 'suki'), (3, 'naironiumarekawarutameni'), (1, '')]",False,False,3
193.877,194.211,sukinaironiumarekawarutameni,"[(1, ''), (2, 'su'), (3, 'kinaironiumarekawarutameni'), (1, '')]",False,True,3
246.23,246.33,susume,"[(1, ''), (2, 'susume'), (1, '')]",True,False,3
246.163,246.23,susume,"[(1, ''), (2, 'susume'), (1, '')]",False,False,3
246.096,246.163,susume,"[(1, ''), (2, 'susume'), (1, '')]",False,False,3
246.029,246.096,susume,"[(1, ''), (2, 'susume'), (1, '')]",False,False,3
245.963,246.029,susume,"[(1, ''), (2, 'susume'), (1, '')]",False,False,3
245.896,245.963,susume,"[(1, ''), (2, 'susume'), (1, '')]",False,False,3
245.829,245.896,susume,"[(1, ''), (2, 'susume'), (1, '')]",False,False,3
245.762,245.829,susume,"[(1, ''), (2, 'susume'), (1, '')]",False,False,3
245.696,245.762,susume,"[(1, ''), (2, 'susume'), (1, '')]",False,False,3
245.629,245.696,susume,"[(1, ''), (2, 'susume'), (1, '')]",False,False,3
245.562,245.629,susume,"[(1, ''), (2, 'susume'), (1, '')]",False,False,3
245.495,245.562,susume,"[(1, ''), (2, 'susume'), (1, '')]",False,False,3
245.429,245.495,susume,"[(1, ''), (2, 'susume'), (1, '')]",False,False,3
245.362,245.429,susume,"[(1, ''), (2, 'susume'), (1, '')]",False,False,3
245.295,245.362,susume,"[(1, ''), (2, 'susume'), (1, '')]",False,False,3
245.229,245.295,susume,"[(1, ''), (2, 'susume'), (1, '')]",False,False,3
245.162,245.229,susume,"[(1, ''), (2, 'susume'), (1, '')]",False,False,3
245.095,245.162,susume,"[(1, ''), (2, 'susume'), (1, '')]",False,False,3
245.028,245.095,susume,"[(1, ''), (2, 'susume'), (1, '')]",False,False,3
244.962,245.028,susume,"[(1, ''), (2, 'susume'), (1, '')]",False,False,3
244.895,244.962,susume,"[(1, ''), (2, 'susume'), (1, '')]",False,False,3
244.828,244.895,susume,"[(1, ''), (2, 'susume'), (1, '')]",False,False,3
242.96,244.828,susume,"[(1, ''), (2, 'susume'), (1, '')]",False,False,3
242.726,242.96,susume,"[(1, ''), (2, 'susu'), (3, 'me'), (1, '')]",False,False,3
242.559,242.726,susume,"[(1, ''), (2, 'su'), (3, 'sume'), (1, '')]",False,True,3
123.774,124.575,tasuketetoienaiminnasorezoretaihennandashi,"[(1, ''), (2, 'tasuketetoienaiminna'), (1, ''), (2, 'sorezoretaihennandashi'), (1, '')]",True,False,3
123.407,123.774,tasuketetoienaiminnasorezoretaihennandashi,"[(1, ''), (2, 'tasuketetoienaiminna'), (1, ''), (2, 'sorezoretaihennanda'), (3, 'shi'), (1, '')]",False,False,3
123.173,123.407,tasuketetoienaiminnasorezoretaihennandashi,"[(1, ''), (2, 'tasuketetoienaiminna'), (1, ''), (2, 'sorezoretaihennan'), (3, 'dashi'), (1, '')]",False,False,3
122.973,123.173,tasuketetoienaiminnasorezoretaihennandashi,"[(1, ''), (2, 'tasuketetoienaiminna'), (1, ''), (2, 'sorezoretaihenna'), (3, 'ndashi'), (1, '')]",False,False,3
122.806,122.973,tasuketetoienaiminnasorezoretaihennandashi,"[(1, ''), (2, 'tasuketetoienaiminna'), (1, ''), (2, 'sorezoretaihen'), (3, 'nandashi'), (1, '')]",False,False,3
122.606,122.806,tasuketetoienaiminnasorezoretaihennandashi,"[(1, ''), (2, 'tasuketetoienaiminna'), (1, ''), (2, 'sorezoretaihe'), (3, 'nnandashi'), (1, '')]",False,False,3
122.406,122.606,tasuketetoienaiminnasorezoretaihennandashi,"[(1, ''), (2, 'tasuketetoienaiminna'), (1, ''), (2, 'sorezoretai'), (3, 'hennandashi'), (1, '')]",False,False,3
122.172,122.406,tasuketetoienaiminnasorezoretaihennandashi,"[(1, ''), (2, 'tasuketetoienaiminna'), (1, ''), (2, 'sorezoreta'), (3, 'ihennandashi'), (1, '')]",False,False,3
121.972,122.172,tasuketetoienaiminnasorezoretaihennandashi,"[(1, ''), (2, 'tasuketetoienaiminna'), (1, ''), (2, 'sorezore'), (3, 'taihennandashi'), (1, '')]",False,False,3
121.772,121.972,tasuketetoienaiminnasorezoretaihennandashi,"[(1, ''), (2, 'tasuketetoienaiminna'), (1, ''), (2, 'sorezo'), (3, 'retaihennandashi'), (1, '')]",False,False,3
121.572,121.772,tasuketetoienaiminnasorezoretaihennandashi,"[(1, ''), (2, 'tasuketetoienaiminna'), (1, ''), (2, 'sore'), (3, 'zoretaihennandashi'), (1, '')]",False,False,3
121.371,121.572,tasuketetoienaiminnasorezoretaihennandashi,"[(1, ''), (2, 'tasuketetoienaiminna'), (1, ''), (2, 'so'), (3, 'rezoretaihennandashi'), (1, '')]",False,False,3
121.171,121.371,tasuketetoienaiminnasorezoretaihennandashi,"[(1, ''), (2, 'tasuketetoienaiminna'), (1, ''), (3, 'sorezoretaihennandashi'), (1, '')]",False,False,3
120.971,121.171,tasuketetoienaiminnasorezoretaihennandashi,"[(1, ''), (2, 'tasuketetoienaimin'), (3, 'na'), (1, ''), (3, 'sorezoretaihennandashi'), (1, '')]",False,False,3
120.804,120.971,tasuketetoienaiminnasorezoretaihennandashi,"[(1, ''), (2, 'tasuketetoienaimi'), (3, 'nna'), (1, ''), (3, 'sorezoretaihennandashi'), (1, '')]",False,False,3
120.604,120.804,tasuketetoienaiminnasorezoretaihennandashi,"[(1, ''), (2, 'tasuketetoienai'), (3, 'minna'), (1, ''), (3, 'sorezoretaihennandashi'), (1, '')]",False,False,3
120.404,120.604,tasuketetoienaiminnasorezoretaihennandashi,"[(1, ''), (2, 'tasuketetoiena'), (3, 'iminna'), (1, ''), (3, 'sorezoretaihennandashi'), (1, '')]",False,False,3
120.17,120.404,tasuketetoienaiminnasorezoretaihennandashi,"[(1, ''), (2, 'tasuketetoie'), (3, 'naiminna'), (1, ''), (3, 'sorezoretaihennandashi'), (1, '')]",False,False,3
120.003,120.17,tasuketetoienaiminnasorezoretaihennandashi,"[(1, ''), (2, 'tasuketetoi'), (3, 'enaiminna'), (1, ''), (3, 'sorezoretaihennandashi'), (1, '')]",False,False,3
119.77,120.003,tasuketetoienaiminnasorezoretaihennandashi,"[(1, ''), (2, 'tasuketeto'), (3, 'ienaiminna'), (1, ''), (3, 'sorezoretaihennandashi'), (1, '')]",False,False,3
119.603,119.77,tasuketetoienaiminnasorezoretaihennandashi,"[(1, ''), (2, 'tasukete'), (3, 'toienaiminna'), (1, ''), (3, 'sorezoretaihennandashi'), (1, '')]",False,False,3
119.369,119.603,tasuketetoienaiminnasorezoretaihennandashi,"[(1, ''), (2, 'tasuke'), (3, 'tetoienaiminna'), (1, ''), (3, 'sorezoretaihennandashi'), (1, '')]",False,False,3
119.203,119.369,tasuketetoienaiminnasorezoretaihennandashi,"[(1, ''), (2, 'tasu'), (3, 'ketetoienaiminna'), (1, ''), (3, 'sorezoretaihennandashi'), (1, '')]",False,False,3
119.002,119.203,tasuketetoienaiminnasorezoretaihennandashi,"[(1, ''), (2, 'ta'), (3, 'suketetoienaiminna'), (1, ''), (3, 'sorezoretaihennandashi'), (1, '')]",False,True,3
143.026,144.595,yasashiikaoshiterushiawasebakarijanai,"[(1, ''), (2, 'yasashiikaoshiteru'), (1, ''), (2, 'shiawasebakarijanai'), (1, '')]",True,False,3
142.826,143.026,yasashiikaoshiterushiawasebakarijanai,"[(1, ''), (2, 'yasashiikaoshiteru'), (1, ''), (2, 'shiawasebakarijana'), (3, 'i'), (1, '')]",False,False,3
142.626,142.826,yasashiikaoshiterushiawasebakarijanai,"[(1, ''), (2, 'yasashiikaoshiteru'), (1, ''), (2, 'shiawasebakarija'), (3, 'nai'), (1, '')]",False,False,3
142.426,142.626,yasashiikaoshiterushiawasebakarijanai,"[(1, ''), (2, 'yasashiikaoshiteru'), (1, ''), (2, 'shiawasebakari'), (3, 'janai'), (1, '')]",False,False,3
142.226,142.426,yasashiikaoshiterushiawasebakarijanai,"[(1, ''), (2, 'yasashiikaoshiteru'), (1, ''), (2, 'shiawasebaka'), (3, 'rijanai'), (1, '')]",False,False,3
142.025,142.226,yasashiikaoshiterushiawasebakarijanai,"[(1, ''), (2, 'yasashiikaoshiteru'), (1, ''), (2, 'shiawaseba'), (3, 'karijanai'), (1, '')]",False,False,3
141.825,142.025,yasashiikaoshiterushiawasebakarijanai,"[(1, ''), (2, 'yasashiikaoshiteru'), (1, ''), (2, 'shiawase'), (3, 'bakarijanai'), (1, '')]",False,False,3
141.625,141.825,yasashiikaoshiterushiawasebakarijanai,"[(1, ''), (2, 'yasashiikaoshiteru'), (1, ''), (2, 'shiawa'), (3, 'sebakarijanai'), (1, '')]",False,False,3
141.425,141.625,yasashiikaoshiterushiawasebakarijanai,"[(1, ''), (2, 'yasashiikaoshiteru'), (1, ''), (2, 'shia'), (3, 'wasebakarijanai'), (1, '')]",False,False,3
141.225,141.425,yasashiikaoshiterushiawasebakarijanai,"[(1, ''), (2, 'yasashiikaoshiteru'), (1, ''), (2, 'shi'), (3, 'awasebakarijanai'), (1, '')]",False,False,3
139.857,141.225,yasashiikaoshiterushiawasebakarijanai,"[(1, ''), (2, 'yasashiikaoshiteru'), (1, ''), (3, 'shiawasebakarijanai'), (1, '')]",False,False,3
139.656,139.857,yasashiikaoshiterushiawasebakarijanai,"[(1, ''), (2, 'yasashiikaoshite'), (3, 'ru'), (1, ''), (3, 'shiawasebakarijanai'), (1, '')]",False,False,3
139.49,139.656,yasashiikaoshiterushiawasebakarijanai,"[(1, ''), (2, 'yasashiikaoshi'), (3, 'teru'), (1, ''), (3, 'shiawasebakarijanai'), (1, '')]",False,False,3
139.289,139.49,yasashiikaoshiterushiawasebakarijanai,"[(1, ''), (2, 'yasashiikao'), (3, 'shiteru'), (1, ''), (3, 'shiawasebakarijanai'), (1, '')]",False,False,3
139.089,139.289,yasashiikaoshiterushiawasebakarijanai,"[(1, ''), (2, 'yasashiika'), (3, 'oshiteru'), (1, ''), (3, 'shiawasebakarijanai'), (1, '')]",False,False,3
138.856,139.089,yasashiikaoshiterushiawasebakarijanai,"[(1, ''), (2, 'yasashii'), (3, 'kaoshiteru'), (1, ''), (3, 'shiawasebakarijanai'), (1, '')]",False,False,3
138.622,138.856,yasashiikaoshiterushiawasebakarijanai,"[(1, ''), (2, 'yasashi'), (3, 'ikaoshiteru'), (1, ''), (3, 'shiawasebakarijanai'), (1, '')]",False,False,3
138.422,138.622,yasashiikaoshiterushiawasebakarijanai,"[(1, ''), (2, 'yasa'), (3, 'shiikaoshiteru'), (1, ''), (3, 'shiawasebakarijanai'), (1, '')]",False,False,3
138.222,138.422,yasashiikaoshiterushiawasebakarijanai,"[(1, ''), (2, 'ya'), (3, 'sashiikaoshiteru'), (1, ''), (3, 'shiawasebakarijanai'), (1, '')]",False,True,3
170.821,171.622,yumeyoriyumemitainamiraideaitai,"[(1, ''), (2, 'yumeyoriyumemitainamiraideaitai'), (1, '')]",True,False,3
168.218,170.821,yumeyoriyumemitainamiraideaitai,"[(1, ''), (2, 'yumeyoriyumemitainamiraideaita'), (3, 'i'), (1, '')]",False,False,3
168.018,168.218,yumeyoriyumemitainamiraideaitai,"[(1, ''), (2, 'yumeyoriyumemitainamiraideai'), (3, 'tai'), (1, '')]",False,False,3
167.818,168.018,yumeyoriyumemitainamiraideaitai,"[(1, ''), (2, 'yumeyoriyumemitainamiraidea'), (3, 'itai'), (1, '')]",False,False,3
166.25,167.818,yumeyoriyumemitainamiraideaitai,"[(1, ''), (2, 'yumeyoriyumemitainamiraide'), (3, 'aitai'), (1, '')]",False,False,3
166.049,166.25,yumeyoriyumemitainamiraideaitai,"[(1, ''), (2, 'yumeyoriyumemitainamirai'), (3, 'deaitai'), (1, '')]",False,False,3
165.883,166.049,yumeyoriyumemitainamiraideaitai,"[(1, ''), (2, 'yumeyoriyumemitainamira'), (3, 'ideaitai'), (1, '')]",False,False,3
165.682,165.883,yumeyoriyumemitainamiraideaitai,"[(1, ''), (2, 'yumeyoriyumemitainami'), (3, 'raideaitai'), (1, '')]",False,False,3
165.482,165.682,yumeyoriyumemitainamiraideaitai,"[(1, ''), (2, 'yumeyoriyumemitaina'), (3, 'miraideaitai'), (1, '')]",False,False,3
165.282,165.482,yumeyoriyumemitainamiraideaitai,"[(1, ''), (2, 'yumeyoriyumemitai'), (3, 'namiraideaitai'), (1, '')]",False,False,3
165.082,165.282,yumeyoriyumemitainamiraideaitai,"[(1, ''), (2, 'yumeyoriyumemita'), (3, 'inamiraideaitai'), (1, '')]",False,False,3
164.882,165.082,yumeyoriyumemitainamiraideaitai,"[(1, ''), (2, 'yumeyoriyumemi'), (3, 'tainamiraideaitai'), (1, '')]",False,False,3
164.681,164.882,yumeyoriyumemitainamiraideaitai,"[(1, ''), (2, 'yumeyoriyume'), (3, 'mitainamiraideaitai'), (1, '')]",False,False,3
164.481,164.681,yumeyoriyumemitainamiraideaitai,"[(1, ''), (2, 'yumeyoriyu'), (3, 'memitainamiraideaitai'), (1, '')]",False,False,3
164.281,164.481,yumeyoriyumemitainamiraideaitai,"[(1, ''), (2, 'yumeyori'), (3, 'yumemitainamiraideaitai'), (1, '')]",False,False,3
164.081,164.281,yumeyoriyumemitainamiraideaitai,"[(1, ''), (2, 'yumeyo'), (3, 'riyumemitainamiraideaitai'), (1, '')]",False,False,3
163.881,164.081,yumeyoriyumemitainamiraideaitai,"[(1, ''), (2, 'yume'), (3, 'yoriyumemitainamiraideaitai'), (1, '')]",False,False,3
163.68,163.881,yumeyoriyumemitainamiraideaitai,"[(1, ''), (2, 'yu'), (3, 'meyoriyumemitainamiraideaitai'), (1, '')]",False,True,3
239.89,239.99,yumeyoriyumemitainamiraiosusume,"[(1, ''), (2, 'yumeyoriyumemitainamiraiosusume'), (1, '')]",True,False,3
239.823,239.89,yumeyoriyumemitainamiraiosusume,"[(1, ''), (2, 'yumeyoriyumemitainamiraiosusume'), (1, '')]",False,False,3
239.756,239.823,yumeyoriyumemitainamiraiosusume,"[(1, ''), (2, 'yumeyoriyumemitainamiraiosusume'), (1, '')]",False,False,3
239.69,239.756,yumeyoriyumemitainamiraiosusume,"[(1, ''), (2, 'yumeyoriyumemitainamiraiosusume'), (1, '')]",False,False,3
239.623,239.69,yumeyoriyumemitainamiraiosusume,"[(1, ''), (2, 'yumeyoriyumemitainamiraiosusume'), (1, '')]",False,False,3
239.556,239.623,yumeyoriyumemitainamiraiosusume,"[(1, ''), (2, 'yumeyoriyumemitainamiraiosusume'), (1, '')]",False,False,3
239.489,239.556,yumeyoriyumemitainamiraiosusume,"[(1, ''), (2, 'yumeyoriyumemitainamiraiosusume'), (1, '')]",False,False,3
239.423,239.489,yumeyoriyumemitainamiraiosusume,"[(1, ''), (2, 'yumeyoriyumemitainamiraiosusume'), (1, '')]",False,False,3
239.356,239.423,yumeyoriyumemitainamiraiosusume,"[(1, ''), (2, 'yumeyoriyumemitainamiraiosusume'), (1, '')]",False,False,3
239.289,239.356,yumeyoriyumemitainamiraiosusume,"[(1, ''), (2, 'yumeyoriyumemitainamiraiosusume'), (1, '')]",False,False,3
239.223,239.289,yumeyoriyumemitainamiraiosusume,"[(1, ''), (2, 'yumeyoriyumemitainamiraiosusume'), (1, '')]",False,False,3
239.156,239.223,yumeyoriyumemitainamiraiosusume,"[(1, ''), (2, 'yumeyoriyumemitainamiraiosusume'), (1, '')]",False,False,3
239.089,239.156,yumeyoriyumemitainamiraiosusume,"[(1, ''), (2, 'yumeyoriyumemitainamiraiosusume'), (1, '')]",False,False,3
239.022,239.089,yumeyoriyumemitainamiraiosusume,"[(1, ''), (2, 'yumeyoriyumemitainamiraiosusume'), (1, '')]",False,False,3
238.956,239.022,yumeyoriyumemitainamiraiosusume,"[(1, ''), (2, 'yumeyoriyumemitainamiraiosusume'), (1, '')]",False,False,3
238.889,238.956,yumeyoriyumemitainamiraiosusume,"[(1, ''), (2, 'yumeyoriyumemitainamiraiosusume'), (1, '')]",False,False,3
238.822,238.889,yumeyoriyumemitainamiraiosusume,"[(1, ''), (2, 'yumeyoriyumemitainamiraiosusume'), (1, '')]",False,False,3
238.755,238.822,yumeyoriyumemitainamiraiosusume,"[(1, ''), (2, 'yumeyoriyumemitainamiraiosusume'), (1, '')]",False,False,3
238.689,238.755,yumeyoriyumemitainamiraiosusume,"[(1, ''), (2, 'yumeyoriyumemitainamiraiosusume'), (1, '')]",False,False,3
238.622,238.689,yumeyoriyumemitainamiraiosusume,"[(1, ''), (2, 'yumeyoriyumemitainamiraiosusume'), (1, '')]",False,False,3
238.555,238.622,yumeyoriyumemitainamiraiosusume,"[(1, ''), (2, 'yumeyoriyumemitainamiraiosusume'), (1, '')]",False,False,3
238.488,238.555,yumeyoriyumemitainamiraiosusume,"[(1, ''), (2, 'yumeyoriyumemitainamiraiosusume'), (1, '')]",False,False,3
236.62,238.488,yumeyoriyumemitainamiraiosusume,"[(1, ''), (2, 'yumeyoriyumemitainamiraiosusume'), (1, '')]",False,False,3
236.42,236.62,yumeyoriyumemitainamiraiosusume,"[(1, ''), (2, 'yumeyoriyumemitainamiraiosusu'), (3, 'me'), (1, '')]",False,False,3
236.22,236.42,yumeyoriyumemitainamiraiosusume,"[(1, ''), (2, 'yumeyoriyumemitainamiraiosu'), (3, 'sume'), (1, '')]",False,False,3
234.618,236.22,yumeyoriyumemitainamiraiosusume,"[(1, ''), (2, 'yumeyoriyumemitainamiraio'), (3, 'susume'), (1, '')]",False,False,3
234.451,234.618,yumeyoriyumemitainamiraiosusume,"[(1, ''), (2, 'yumeyoriyumemitainamirai'), (3, 'osusume'), (1, '')]",False,False,3
234.251,234.451,yumeyoriyumemitainamiraiosusume,"[(1, ''), (2, 'yumeyoriyumemitainamira'), (3, 'iosusume'), (1, '')]",False,False,3
234.051,234.251,yumeyoriyumemitainamiraiosusume,"[(1, ''), (2, 'yumeyoriyumemitainami'), (3, 'raiosusume'), (1, '')]",False,False,3
233.85,234.051,yumeyoriyumemitainamiraiosusume,"[(1, ''), (2, 'yumeyoriyumemitaina'), (3, 'miraiosusume'), (1, '')]",False,False,3
233.65,233.85,yumeyoriyumemitainamiraiosusume,"[(1, ''), (2, 'yumeyoriyumemitai'), (3, 'namiraiosusume'), (1, '')]",False,False,3
233.45,233.65,yumeyoriyumemitainamiraiosusume,"[(1, ''), (2, 'yumeyoriyumemita'), (3, 'inamiraiosusume'), (1, '')]",False,False,3
233.25,233.45,yumeyoriyumemitainamiraiosusume,"[(1, ''), (2, 'yumeyoriyumemi'), (3, 'tainamiraiosusume'), (1, '')]",False,False,3
233.05,233.25,yumeyoriyumemitainamiraiosusume,"[(1, ''), (2, 'yumeyoriyume'), (3, 'mitainamiraiosusume'), (1, '')]",False,False,3
232.849,233.05,yumeyoriyumemitainamiraiosusume,"[(1, ''), (2, 'yumeyoriyu'), (3, 'memitainamiraiosusume'), (1, '')]",False,False,3
232.649,232.849,yumeyoriyumemitainamiraiosusume,"[(1, ''), (2, 'yumeyori'), (3, 'yumemitainamiraiosusume'), (1, '')]",False,False,3
232.449,232.649,yumeyoriyumemitainamiraiosusume,"[(1, ''), (2, 'yumeyo'), (3, 'riyumemitainamiraiosusume'), (1, '')]",False,False,3
232.249,232.449,yumeyoriyumemitainamiraiosusume,"[(1, ''), (2, 'yume'), (3, 'yoriyumemitainamiraiosusume'), (1, '')]",False,False,3
232.015,232.249,yumeyoriyumemitainamiraiosusume,"[(1, ''), (2, 'yu'), (3, 'meyoriyumemitainamiraiosusume'), (1, '')]",False,False,3
101.585,101.685,yumeyoriyumemitainamiraiosusume,"[(1, ''), (2, 'yumeyoriyumemitainamiraiosusume'), (1, '')]",False,False,3
101.518,101.585,yumeyoriyumemitainamiraiosusume,"[(1, ''), (2, 'yumeyoriyumemitainamiraiosusume'), (1, '')]",False,False,3
101.452,101.518,yumeyoriyumemitainamiraiosusume,"[(1, ''), (2, 'yumeyoriyumemitainamiraiosusume'), (1, '')]",False,False,3
101.385,101.452,yumeyoriyumemitainamiraiosusume,"[(1, ''), (2, 'yumeyoriyumemitainamiraiosusume'), (1, '')]",False,False,3
101.318,101.385,yumeyoriyumemitainamiraiosusume,"[(1, ''), (2, 'yumeyoriyumemitainamiraiosusume'), (1, '')]",False,False,3
101.251,101.318,yumeyoriyumemitainamiraiosusume,"[(1, ''), (2, 'yumeyoriyumemitainamiraiosusume'), (1, '')]",False,False,3
101.185,101.251,yumeyoriyumemitainamiraiosusume,"[(1, ''), (2, 'yumeyoriyumemitainamiraiosusume'), (1, '')]",False,False,3
101.118,101.185,yumeyoriyumemitainamiraiosusume,"[(1, ''), (2, 'yumeyoriyumemitainamiraiosusume'), (1, '')]",False,False,3
101.051,101.118,yumeyoriyumemitainamiraiosusume,"[(1, ''), (2, 'yumeyoriyumemitainamiraiosusume'), (1, '')]",False,False,3
100.984,101.051,yumeyoriyumemitainamiraiosusume,"[(1, ''), (2, 'yumeyoriyumemitainamiraiosusume'), (1, '')]",False,False,3
100.918,100.984,yumeyoriyumemitainamiraiosusume,"[(1, ''), (2, 'yumeyoriyumemitainamiraiosusume'), (1, '')]",False,False,3
100.851,100.918,yumeyoriyumemitainamiraiosusume,"[(1, ''), (2, 'yumeyoriyumemitainamiraiosusume'), (1, '')]",False,False,3
100.784,100.851,yumeyoriyumemitainamiraiosusume,"[(1, ''), (2, 'yumeyoriyumemitainamiraiosusume'), (1, '')]",False,False,3
100.717,100.784,yumeyoriyumemitainamiraiosusume,"[(1, ''), (2, 'yumeyoriyumemitainamiraiosusume'), (1, '')]",False,False,3
100.651,100.717,yumeyoriyumemitainamiraiosusume,"[(1, ''), (2, 'yumeyoriyumemitainamiraiosusume'), (1, '')]",False,False,3
100.584,100.651,yumeyoriyumemitainamiraiosusume,"[(1, ''), (2, 'yumeyoriyumemitainamiraiosusume'), (1, '')]",False,False,3
100.517,100.584,yumeyoriyumemitainamiraiosusume,"[(1, ''), (2, 'yumeyoriyumemitainamiraiosusume'), (1, '')]",False,False,3
100.451,100.517,yumeyoriyumemitainamiraiosusume,"[(1, ''), (2, 'yumeyoriyumemitainamiraiosusume'), (1, '')]",False,False,3
100.384,100.451,yumeyoriyumemitainamiraiosusume,"[(1, ''), (2, 'yumeyoriyumemitainamiraiosusume'), (1, '')]",False,False,3
100.317,100.384,yumeyoriyumemitainamiraiosusume,"[(1, ''), (2, 'yumeyoriyumemitainamiraiosusume'), (1, '')]",False,False,3
100.25,100.317,yumeyoriyumemitainamiraiosusume,"[(1, ''), (2, 'yumeyoriyumemitainamiraiosusume'), (1, '')]",False,False,3
100.184,100.25,yumeyoriyumemitainamiraiosusume,"[(1, ''), (2, 'yumeyoriyumemitainamiraiosusume'), (1, '')]",False,False,3
98.315,100.184,yumeyoriyumemitainamiraiosusume,"[(1, ''), (2, 'yumeyoriyumemitainamiraiosusume'), (1, '')]",False,False,3
98.115,98.315,yumeyoriyumemitainamiraiosusume,"[(1, ''), (2, 'yumeyoriyumemitainamiraiosusu'), (3, 'me'), (1, '')]",False,False,3
97.915,98.115,yumeyoriyumemitainamiraiosusume,"[(1, ''), (2, 'yumeyoriyumemitainamiraiosu'), (3, 'sume'), (1, '')]",False,False,3
96.346,97.915,yumeyoriyumemitainamiraiosusume,"[(1, ''), (2, 'yumeyoriyumemitainamiraio'), (3, 'susume'), (1, '')]",False,False,3
96.146,96.346,yumeyoriyumemitainamiraiosusume,"[(1, ''), (2, 'yumeyoriyumemitainamirai'), (3, 'osusume'), (1, '')]",False,False,3
95.946,96.146,yumeyoriyumemitainamiraiosusume,"[(1, ''), (2, 'yumeyoriyumemitainamira'), (3, 'iosusume'), (1, '')]",False,False,3
95.746,95.946,yumeyoriyumemitainamiraiosusume,"[(1, ''), (2, 'yumeyoriyumemitainami'), (3, 'raiosusume'), (1, '')]",False,False,3
95.546,95.746,yumeyoriyumemitainamiraiosusume,"[(1, ''), (2, 'yumeyoriyumemitaina'), (3, 'miraiosusume'), (1, '')]",False,False,3
95.345,95.546,yumeyoriyumemitainamiraiosusume,"[(1, ''), (2, 'yumeyoriyumemitai'), (3, 'namiraiosusume'), (1, '')]",False,False,3
95.145,95.345,yumeyoriyumemitainamiraiosusume,"[(1, ''), (2, 'yumeyoriyumemita'), (3, 'inamiraiosusume'), (1, '')]",False,False,3
94.945,95.145,yumeyoriyumemitainamiraiosusume,"[(1, ''), (2, 'yumeyoriyumemi'), (3, 'tainamiraiosusume'), (1, '')]",False,False,3
94.745,94.945,yumeyoriyumemitainamiraiosusume,"[(1, ''), (2, 'yumeyoriyume'), (3, 'mitainamiraiosusume'), (1, '')]",False,False,3
94.545,94.745,yumeyoriyumemitainamiraiosusume,"[(1, ''), (2, 'yumeyoriyu'), (3, 'memitainamiraiosusume'), (1, '')]",False,False,3
94.344,94.545,yumeyoriyumemitainamiraiosusume,"[(1, ''), (2, 'yumeyori'), (3, 'yumemitainamiraiosusume'), (1, '')]",False,False,3
94.144,94.344,yumeyoriyumemitainamiraiosusume,"[(1, ''), (2, 'yumeyo'), (3, 'riyumemitainamiraiosusume'), (1, '')]",False,False,3
93.944,94.144,yumeyoriyumemitainamiraiosusume,"[(1, ''), (2, 'yume'), (3, 'yoriyumemitainamiraiosusume'), (1, '')]",False,False,3
93.71,93.944,yumeyoriyumemitainamiraiosusume,"[(1, ''), (2, 'yu'), (3, 'meyoriyumemitainamiraiosusume'), (1, '')]",False,True,3
