start,end,position,line,text
00:00:02.176,00:00:13.920,-1,-1,"<3><b>VENOM</b></c>"
00:00:14.221,00:00:17.491,63,-1,"<4>Whatisitthat'slackinginourlives?</c>"
00:00:14.221,00:00:14.322,63,0,"<4><i>ta</i></c><2><i>rinaimonona~nda?bokuranojinsei</i></c>"
00:00:14.322,00:00:14.422,63,0,"<4><i>tari</i></c><2><i>naimonona~nda?bokuranojinsei</i></c>"
00:00:14.422,00:00:14.655,63,0,"<4><i>tarinai</i></c><2><i>monona~nda?bokuranojinsei</i></c>"
00:00:14.655,00:00:14.789,63,0,"<4><i>tarinaimo</i></c><2><i>nona~nda?bokuranojinsei</i></c>"
00:00:14.789,00:00:15.022,63,0,"<4><i>tarinaimono</i></c><2><i>na~nda?bokuranojinsei</i></c>"
00:00:15.022,00:00:15.256,63,0,"<4><i>tarinaimonona~</i></c><2><i>nda?bokuranojinsei</i></c>"
00:00:15.256,00:00:15.323,63,0,"<4><i>tarinaimonona~n</i></c><2><i>da?bokuranojinsei</i></c>"
00:00:15.323,00:00:15.623,63,0,"<4><i>tarinaimonona~nda?</i></c><2><i>bokuranojinsei</i></c>"
00:00:15.623,00:00:15.756,63,0,"<4><i>tarinaimonona~nda?bo</i></c><2><i>kuranojinsei</i></c>"
00:00:15.756,00:00:15.856,63,0,"<4><i>tarinaimonona~nda?boku</i></c><2><i>ranojinsei</i></c>"
00:00:15.856,00:00:15.990,63,0,"<4><i>tarinaimonona~nda?bokura</i></c><2><i>nojinsei</i></c>"
00:00:15.990,00:00:16.190,63,0,"<4><i>tarinaimonona~nda?bokurano</i></c><2><i>jinsei</i></c>"
00:00:16.190,00:00:16.524,63,0,"<4><i>tarinaimonona~nda?bokuranojin</i></c><2><i>sei</i></c>"
00:00:16.524,00:00:17.491,59,0,"<4><i>tarinaimonona~nda?bokuranojinsei</i></c>"
00:00:17.491,00:00:20.460,69,-1,"<4>Where'stherightanswer?Looklookforit</c>"
00:00:17.491,00:00:17.625,58,0,"<4><i>sei</i></c><2><i>kaidokonandasagaseyosagase</i></c>"
00:00:17.625,00:00:17.792,58,0,"<4><i>seikai</i></c><2><i>dokonandasagaseyosagase</i></c>"
00:00:17.792,00:00:17.959,58,0,"<4><i>seikaido</i></c><2><i>konandasagaseyosagase</i></c>"
00:00:17.959,00:00:18.192,58,0,"<4><i>seikaidoko</i></c><2><i>nandasagaseyosagase</i></c>"
00:00:18.192,00:00:18.459,58,0,"<4><i>seikaidokonan</i></c><2><i>dasagaseyosagase</i></c>"
00:00:18.459,00:00:18.759,58,0,"<4><i>seikaidokonanda</i></c><2><i>sagaseyosagase</i></c>"
00:00:18.759,00:00:18.859,58,0,"<4><i>seikaidokonandasa</i></c><2><i>gaseyosagase</i></c>"
00:00:18.859,00:00:18.993,58,0,"<4><i>seikaidokonandasaga</i></c><2><i>seyosagase</i></c>"
00:00:18.993,00:00:19.160,58,0,"<4><i>seikaidokonandasagase</i></c><2><i>yosagase</i></c>"
00:00:19.160,00:00:19.360,58,0,"<4><i>seikaidokonandasagaseyo</i></c><2><i>sagase</i></c>"
00:00:19.360,00:00:19.727,58,0,"<4><i>seikaidokonandasagaseyosa</i></c><2><i>gase</i></c>"
00:00:19.727,00:00:20.094,58,0,"<4><i>seikaidokonandasagaseyosaga</i></c><2><i>se</i></c>"
00:00:20.094,00:00:20.460,-1,0,"<4><i>seikaidokonandasagaseyosagase</i></c>"
00:00:20.528,00:00:22.029,58,-1,"<4>(Therearenoexceptionseitherway)</c>"
00:00:20.528,00:00:20.728,-1,0,"<4><i>(rei</i></c><2><i>gainainicchimosacchimo)</i></c>"
00:00:20.728,00:00:20.928,-1,0,"<4><i>(reigai</i></c><2><i>nainicchimosacchimo)</i></c>"
00:00:20.928,00:00:21.095,-1,0,"<4><i>(reigainai</i></c><2><i>nicchimosacchimo)</i></c>"
00:00:21.095,00:00:21.262,-1,0,"<4><i>(reigainainic</i></c><2><i>chimosacchimo)</i></c>"
00:00:21.262,00:00:21.462,-1,0,"<4><i>(reigainainicchi</i></c><2><i>mosacchimo)</i></c>"
00:00:21.462,00:00:21.562,-1,0,"<4><i>(reigainainicchimo</i></c><2><i>sacchimo)</i></c>"
00:00:21.562,00:00:21.729,-1,0,"<4><i>(reigainainicchimosac</i></c><2><i>chimo)</i></c>"
00:00:21.729,00:00:21.896,-1,0,"<4><i>(reigainainicchimosacchi</i></c><2><i>mo)</i></c>"
00:00:21.896,00:00:22.029,-1,0,"<4><i>(reigainainicchimosacchimo)</i></c>"
00:00:22.029,00:00:23.564,86,-1,"<4>(Ifit'ssub-zerothenevendegradationisn'texempt)</c>"
00:00:22.029,00:00:22.229,-1,0,"<4><i>(rei</i></c><2><i>kainainararekkaigainai)</i></c>"
00:00:22.229,00:00:22.363,-1,0,"<4><i>(reika</i></c><2><i>inainararekkaigainai)</i></c>"
00:00:22.363,00:00:22.430,-1,0,"<4><i>(reikai</i></c><2><i>nainararekkaigainai)</i></c>"
00:00:22.430,00:00:22.596,-1,0,"<4><i>(reikainai</i></c><2><i>nararekkaigainai)</i></c>"
00:00:22.596,00:00:22.697,-1,0,"<4><i>(reikainaina</i></c><2><i>rarekkaigainai)</i></c>"
00:00:22.697,00:00:22.863,-1,0,"<4><i>(reikainainara</i></c><2><i>rekkaigainai)</i></c>"
00:00:22.863,00:00:22.997,-1,0,"<4><i>(reikainainararek</i></c><2><i>kaigainai)</i></c>"
00:00:22.997,00:00:23.130,-1,0,"<4><i>(reikainainararekka</i></c><2><i>igainai)</i></c>"
00:00:23.130,00:00:23.197,-1,0,"<4><i>(reikainainararekkai</i></c><2><i>gainai)</i></c>"
00:00:23.197,00:00:23.397,-1,0,"<4><i>(reikainainararekkaigai</i></c><2><i>nai)</i></c>"
00:00:23.397,00:00:23.564,-1,0,"<4><i>(reikainainararekkaigainai)</i></c>"
00:00:23.564,00:00:26.566,-1,-1,"<4>It'sbalancedlikeashittygame;wejustkeepspinningourwheels</c>"
00:00:23.564,00:00:23.864,56,0,"<4><i>shou</i></c><2><i>mikusogeedakarakaramaware</i></c>"
00:00:23.864,00:00:24.065,56,0,"<4><i>shoumi</i></c><2><i>kusogeedakarakaramaware</i></c>"
00:00:24.065,00:00:24.265,56,0,"<4><i>shoumiku</i></c><2><i>sogeedakarakaramaware</i></c>"
00:00:24.265,00:00:24.432,56,0,"<4><i>shoumikuso</i></c><2><i>geedakarakaramaware</i></c>"
00:00:24.432,00:00:24.832,56,0,"<4><i>shoumikusogee</i></c><2><i>dakarakaramaware</i></c>"
00:00:24.832,00:00:25.132,56,0,"<4><i>shoumikusogeeda</i></c><2><i>karakaramaware</i></c>"
00:00:25.132,00:00:25.299,56,0,"<4><i>shoumikusogeedaka</i></c><2><i>rakaramaware</i></c>"
00:00:25.299,00:00:25.433,56,0,"<4><i>shoumikusogeedakara</i></c><2><i>karamaware</i></c>"
00:00:25.433,00:00:25.566,56,0,"<4><i>shoumikusogeedakaraka</i></c><2><i>ramaware</i></c>"
00:00:25.566,00:00:25.800,56,0,"<4><i>shoumikusogeedakarakara</i></c><2><i>maware</i></c>"
00:00:25.800,00:00:26.000,56,0,"<4><i>shoumikusogeedakarakarama</i></c><2><i>ware</i></c>"
00:00:26.000,00:00:26.233,56,0,"<4><i>shoumikusogeedakarakaramawa</i></c><2><i>re</i></c>"
00:00:26.233,00:00:26.566,-1,0,"<4><i>shoumikusogeedakarakaramaware</i></c>"
00:00:33.040,00:00:36.110,80,-1,"<4>Inexhaustionmodeourlivesarejustsuffering</c>"
00:00:33.040,00:00:33.207,59,0,"<4><i>ken</i></c><2><i>taimoodo「ku」dabokuranojinsei</i></c>"
00:00:33.207,00:00:33.441,59,0,"<4><i>kentai</i></c><2><i>moodo「ku」dabokuranojinsei</i></c>"
00:00:33.441,00:00:33.607,59,0,"<4><i>kentaimoo</i></c><2><i>do「ku」dabokuranojinsei</i></c>"
00:00:33.607,00:00:33.741,59,0,"<4><i>kentaimoodo</i></c><2><i>「ku」dabokuranojinsei</i></c>"
00:00:33.741,00:00:34.041,59,0,"<4><i>kentaimoodo「ku」</i></c><2><i>dabokuranojinsei</i></c>"
00:00:34.041,00:00:34.342,59,0,"<4><i>kentaimoodo「ku」da</i></c><2><i>bokuranojinsei</i></c>"
00:00:34.342,00:00:34.475,59,0,"<4><i>kentaimoodo「ku」dabo</i></c><2><i>kuranojinsei</i></c>"
00:00:34.475,00:00:34.642,59,0,"<4><i>kentaimoodo「ku」daboku</i></c><2><i>ranojinsei</i></c>"
00:00:34.642,00:00:34.842,59,0,"<4><i>kentaimoodo「ku」dabokura</i></c><2><i>nojinsei</i></c>"
00:00:34.842,00:00:35.109,59,0,"<4><i>kentaimoodo「ku」dabokurano</i></c><2><i>jinsei</i></c>"
00:00:35.109,00:00:35.609,59,0,"<4><i>kentaimoodo「ku」dabokuranojin</i></c><2><i>sei</i></c>"
00:00:35.609,00:00:36.110,56,0,"<4><i>kentaimoodo「ku」dabokuranojinsei</i></c>"
00:00:36.110,00:00:39.447,78,-1,"<4>It'sadeadlypoisonon-campus;giveingivein!</c>"
00:00:36.110,00:00:36.377,58,0,"<4><i>kou</i></c><2><i>naimoudokudakagameyokagame</i></c>"
00:00:36.377,00:00:36.711,58,0,"<4><i>kounai</i></c><2><i>moudokudakagameyokagame</i></c>"
00:00:36.711,00:00:36.944,58,0,"<4><i>kounaimou</i></c><2><i>dokudakagameyokagame</i></c>"
00:00:36.944,00:00:37.078,58,0,"<4><i>kounaimoudo</i></c><2><i>kudakagameyokagame</i></c>"
00:00:37.078,00:00:37.311,58,0,"<4><i>kounaimoudoku</i></c><2><i>dakagameyokagame</i></c>"
00:00:37.311,00:00:37.678,58,0,"<4><i>kounaimoudokuda</i></c><2><i>kagameyokagame</i></c>"
00:00:37.678,00:00:37.812,58,0,"<4><i>kounaimoudokudaka</i></c><2><i>gameyokagame</i></c>"
00:00:37.812,00:00:37.945,58,0,"<4><i>kounaimoudokudakaga</i></c><2><i>meyokagame</i></c>"
00:00:37.945,00:00:38.145,58,0,"<4><i>kounaimoudokudakagame</i></c><2><i>yokagame</i></c>"
00:00:38.145,00:00:38.312,58,0,"<4><i>kounaimoudokudakagameyo</i></c><2><i>kagame</i></c>"
00:00:38.312,00:00:38.646,58,0,"<4><i>kounaimoudokudakagameyoka</i></c><2><i>game</i></c>"
00:00:38.646,00:00:38.980,58,0,"<4><i>kounaimoudokudakagameyokaga</i></c><2><i>me</i></c>"
00:00:38.980,00:00:39.447,-1,0,"<4><i>kounaimoudokudakagameyokagame</i></c>"
00:00:39.447,00:00:40.982,66,-1,"<4>(Amagnificentknightevenwhenbaskinginalovingatmosphere)</c>"
00:00:39.447,00:00:39.647,-1,0,"<4><i>(sei</i></c><2><i>daiKNIGHTwakiaigokkowa)</i></c>"
00:00:39.647,00:00:39.847,-1,0,"<4><i>(seidai</i></c><2><i>KNIGHTwakiaigokkowa)</i></c>"
00:00:39.847,00:00:40.214,-1,0,"<4><i>(seidaiKNIGHT</i></c><2><i>wakiaigokkowa)</i></c>"
00:00:40.214,00:00:40.314,-1,0,"<4><i>(seidaiKNIGHTwa</i></c><2><i>kiaigokkowa)</i></c>"
00:00:40.314,00:00:40.448,-1,0,"<4><i>(seidaiKNIGHTwaki</i></c><2><i>aigokkowa)</i></c>"
00:00:40.448,00:00:40.548,-1,0,"<4><i>(seidaiKNIGHTwakiai</i></c><2><i>gokkowa)</i></c>"
00:00:40.548,00:00:40.715,-1,0,"<4><i>(seidaiKNIGHTwakiaigok</i></c><2><i>kowa)</i></c>"
00:00:40.715,00:00:40.848,-1,0,"<4><i>(seidaiKNIGHTwakiaigokko</i></c><2><i>wa)</i></c>"
00:00:40.848,00:00:40.982,-1,0,"<4><i>(seidaiKNIGHTwakiaigokkowa)</i></c>"
00:00:40.982,00:00:42.550,78,-1,"<4>(Itspunishmentisdeathbylackofproductivity)</c>"
00:00:40.982,00:00:41.182,-1,0,"<4><i>(sei</i></c><2><i>baiDIEbyseisanseinai)</i></c>"
00:00:41.182,00:00:41.415,-1,0,"<4><i>(seibai</i></c><2><i>DIEbyseisanseinai)</i></c>"
00:00:41.415,00:00:41.649,-1,0,"<4><i>(seibaiDIE</i></c><2><i>byseisanseinai)</i></c>"
00:00:41.649,00:00:41.782,-1,0,"<4><i>(seibaiDIEby</i></c><2><i>seisanseinai)</i></c>"
00:00:41.782,00:00:41.949,-1,0,"<4><i>(seibaiDIEbysei</i></c><2><i>sanseinai)</i></c>"
00:00:41.949,00:00:42.083,-1,0,"<4><i>(seibaiDIEbyseisan</i></c><2><i>seinai)</i></c>"
00:00:42.083,00:00:42.249,-1,0,"<4><i>(seibaiDIEbyseisansei</i></c><2><i>nai)</i></c>"
00:00:42.249,00:00:42.550,-1,0,"<4><i>(seibaiDIEbyseisanseinai)</i></c>"
00:00:42.550,00:00:45.553,78,-1,"<4>Regretsarealreadyloneliness--smilesmile!</c>"
00:00:42.550,00:00:42.717,56,0,"<4><i>kou</i></c><2><i>kaimou「doku」dawaraeyowarae</i></c>"
00:00:42.717,00:00:42.950,56,0,"<4><i>koukai</i></c><2><i>mou「doku」dawaraeyowarae</i></c>"
00:00:42.950,00:00:43.150,56,0,"<4><i>koukaimou</i></c><2><i>「doku」dawaraeyowarae</i></c>"
00:00:43.150,00:00:43.317,56,0,"<4><i>koukaimou「</i></c><2><i>doku」dawaraeyowarae</i></c>"
00:00:43.317,00:00:43.417,56,0,"<4><i>koukaimou「do</i></c><2><i>ku」dawaraeyowarae</i></c>"
00:00:43.417,00:00:43.517,56,0,"<4><i>koukaimou「doku</i></c><2><i>」dawaraeyowarae</i></c>"
00:00:43.517,00:00:43.651,56,0,"<4><i>koukaimou「doku」</i></c><2><i>dawaraeyowarae</i></c>"
00:00:43.651,00:00:43.951,56,0,"<4><i>koukaimou「doku」da</i></c><2><i>waraeyowarae</i></c>"
00:00:43.951,00:00:44.118,56,0,"<4><i>koukaimou「doku」dawa</i></c><2><i>raeyowarae</i></c>"
00:00:44.118,00:00:44.251,56,0,"<4><i>koukaimou「doku」dawara</i></c><2><i>eyowarae</i></c>"
00:00:44.251,00:00:44.418,56,0,"<4><i>koukaimou「doku」dawarae</i></c><2><i>yowarae</i></c>"
00:00:44.418,00:00:44.585,56,0,"<4><i>koukaimou「doku」dawaraeyo</i></c><2><i>warae</i></c>"
00:00:44.585,00:00:44.986,56,0,"<4><i>koukaimou「doku」dawaraeyowa</i></c><2><i>rae</i></c>"
00:00:44.986,00:00:45.353,56,0,"<4><i>koukaimou「doku」dawaraeyowara</i></c><2><i>e</i></c>"
00:00:45.353,00:00:45.553,-1,0,"<4><i>koukaimou「doku」dawaraeyowarae</i></c>"
00:00:45.553,00:00:47.121,-1,-1,"<4>Therecipeformyheart</c>"
00:00:45.553,00:00:45.653,-1,0,"<4><i>ko</i></c><2><i>koronoreshipiwa</i></c>"
00:00:45.653,00:00:45.753,-1,0,"<4><i>koko</i></c><2><i>ronoreshipiwa</i></c>"
00:00:45.753,00:00:45.886,-1,0,"<4><i>kokoro</i></c><2><i>noreshipiwa</i></c>"
00:00:45.886,00:00:45.987,-1,0,"<4><i>kokorono</i></c><2><i>reshipiwa</i></c>"
00:00:45.987,00:00:46.120,-1,0,"<4><i>kokoronore</i></c><2><i>shipiwa</i></c>"
00:00:46.120,00:00:46.287,-1,0,"<4><i>kokoronoreshi</i></c><2><i>piwa</i></c>"
00:00:46.287,00:00:46.487,-1,0,"<4><i>kokoronoreshipi</i></c><2><i>wa</i></c>"
00:00:46.487,00:00:47.121,-1,0,"<4><i>kokoronoreshipiwa</i></c>"
00:00:47.121,00:00:48.889,89,-1,"<4>isflavoredwithattention-seeking;I'manirvanajunkie</c>"
00:00:47.121,00:00:47.254,-1,0,"<4><i>ka</i></c><2><i>machomijakujankii</i></c>"
00:00:47.254,00:00:47.355,-1,0,"<4><i>kama</i></c><2><i>chomijakujankii</i></c>"
00:00:47.355,00:00:47.621,-1,0,"<4><i>kamacho</i></c><2><i>mijakujankii</i></c>"
00:00:47.621,00:00:47.788,-1,0,"<4><i>kamachomi</i></c><2><i>jakujankii</i></c>"
00:00:47.788,00:00:47.855,-1,0,"<4><i>kamachomija</i></c><2><i>kujankii</i></c>"
00:00:47.855,00:00:47.989,-1,0,"<4><i>kamachomijaku</i></c><2><i>jankii</i></c>"
00:00:47.989,00:00:48.356,-1,0,"<4><i>kamachomijakujan</i></c><2><i>kii</i></c>"
00:00:48.356,00:00:48.889,-1,0,"<4><i>kamachomijakujankii</i></c>"
00:00:48.889,00:00:50.324,-1,-1,"<4>Ipretendtobestrong</c>"
00:00:48.889,00:00:49.090,-1,0,"<4><i>dan</i></c><2><i>dantsuyogatte</i></c>"
00:00:49.090,00:00:49.357,-1,0,"<4><i>dandan</i></c><2><i>tsuyogatte</i></c>"
00:00:49.357,00:00:49.657,-1,0,"<4><i>dandantsu</i></c><2><i>yogatte</i></c>"
00:00:49.657,00:00:49.857,-1,0,"<4><i>dandantsuyo</i></c><2><i>gatte</i></c>"
00:00:49.857,00:00:50.124,-1,0,"<4><i>dandantsuyogat</i></c><2><i>te</i></c>"
00:00:50.124,00:00:50.324,-1,0,"<4><i>dandantsuyogatte</i></c>"
00:00:50.324,00:00:52.159,-1,-1,"<4>andendupfacefirstinthemud</c>"
00:00:50.324,00:00:50.458,-1,0,"<4><i>do</i></c><2><i>rodoronifusu</i></c>"
00:00:50.458,00:00:50.624,-1,0,"<4><i>doro</i></c><2><i>doronifusu</i></c>"
00:00:50.624,00:00:50.691,-1,0,"<4><i>dorodo</i></c><2><i>ronifusu</i></c>"
00:00:50.691,00:00:50.825,-1,0,"<4><i>dorodoro</i></c><2><i>nifusu</i></c>"
00:00:50.825,00:00:51.025,-1,0,"<4><i>dorodoroni</i></c><2><i>fusu</i></c>"
00:00:51.025,00:00:51.225,-1,0,"<4><i>dorodoronifu</i></c><2><i>su</i></c>"
00:00:51.225,00:00:52.159,-1,0,"<4><i>dorodoronifusu</i></c>"
00:00:52.159,00:00:53.527,-1,-1,"<4>Drinkingthepoison</c>"
00:00:52.159,00:00:52.259,-1,0,"<4><i>do</i></c><2><i>kudokunomikonde</i></c>"
00:00:52.259,00:00:52.360,-1,0,"<4><i>doku</i></c><2><i>dokunomikonde</i></c>"
00:00:52.360,00:00:52.460,-1,0,"<4><i>dokudo</i></c><2><i>kunomikonde</i></c>"
00:00:52.460,00:00:52.560,-1,0,"<4><i>dokudoku</i></c><2><i>nomikonde</i></c>"
00:00:52.560,00:00:52.660,-1,0,"<4><i>dokudokuno</i></c><2><i>mikonde</i></c>"
00:00:52.660,00:00:52.760,-1,0,"<4><i>dokudokunomi</i></c><2><i>konde</i></c>"
00:00:52.760,00:00:52.893,-1,0,"<4><i>dokudokunomikon</i></c><2><i>de</i></c>"
00:00:52.893,00:00:53.527,-1,0,"<4><i>dokudokunomikonde</i></c>"
00:00:53.527,00:00:56.630,75,-1,"<4>Feelinganguishcryingthere'snothrowingup</c>"
00:00:53.527,00:00:53.627,-1,0,"<4><i>ku</i></c><2><i>rushindenaitehakidasenai</i></c>"
00:00:53.627,00:00:53.728,-1,0,"<4><i>kuru</i></c><2><i>shindenaitehakidasenai</i></c>"
00:00:53.728,00:00:53.894,-1,0,"<4><i>kurushin</i></c><2><i>denaitehakidasenai</i></c>"
00:00:53.894,00:00:54.061,-1,0,"<4><i>kurushinde</i></c><2><i>naitehakidasenai</i></c>"
00:00:54.061,00:00:54.261,-1,0,"<4><i>kurushindenai</i></c><2><i>tehakidasenai</i></c>"
00:00:54.261,00:00:54.462,-1,0,"<4><i>kurushindenaite</i></c><2><i>hakidasenai</i></c>"
00:00:54.462,00:00:54.862,-1,0,"<4><i>kurushindenaiteha</i></c><2><i>kidasenai</i></c>"
00:00:54.862,00:00:55.262,-1,0,"<4><i>kurushindenaitehaki</i></c><2><i>dasenai</i></c>"
00:00:55.262,00:00:55.629,-1,0,"<4><i>kurushindenaitehakida</i></c><2><i>senai</i></c>"
00:00:55.629,00:00:56.030,-1,0,"<4><i>kurushindenaitehakidase</i></c><2><i>nai</i></c>"
00:00:56.030,00:00:56.630,-1,0,"<4><i>kurushindenaitehakidasenai</i></c>"
00:00:56.630,00:00:59.265,-1,-1,"<4>Thisveno-venom.Goodbye.</c>"
00:00:56.630,00:00:56.797,-1,0,"<4><i>no</i></c><2><i>beno-benomusayonara</i></c>"
00:00:56.797,00:00:56.964,-1,0,"<4><i>nobe</i></c><2><i>no-benomusayonara</i></c>"
00:00:56.964,00:00:57.164,-1,0,"<4><i>nobeno-</i></c><2><i>benomusayonara</i></c>"
00:00:57.164,00:00:57.331,-1,0,"<4><i>nobeno-be</i></c><2><i>nomusayonara</i></c>"
00:00:57.331,00:00:57.465,-1,0,"<4><i>nobeno-beno</i></c><2><i>musayonara</i></c>"
00:00:57.465,00:00:57.698,-1,0,"<4><i>nobeno-benomu</i></c><2><i>sayonara</i></c>"
00:00:57.698,00:00:58.065,-1,0,"<4><i>nobeno-benomusa</i></c><2><i>yonara</i></c>"
00:00:58.065,00:00:58.466,-1,0,"<4><i>nobeno-benomusayo</i></c><2><i>nara</i></c>"
00:00:58.466,00:00:58.866,-1,0,"<4><i>nobeno-benomusayona</i></c><2><i>ra</i></c>"
00:00:58.866,00:00:59.265,-1,0,"<4><i>nobeno-benomusayonara</i></c>"
00:01:01.035,00:01:04.805,63,-1,"<4>Ohmy.Flirtinesslonelinesspoisonflowingcontinuously(morelove)</c>"
00:01:01.035,00:01:01.102,84,0,"<4><i>a</i></c><2><i>ramakyuuaiseikodokudokunagarururu(aiomotto)</i></c>"
00:01:01.102,00:01:01.268,84,0,"<4><i>ara</i></c><2><i>makyuuaiseikodokudokunagarururu(aiomotto)</i></c>"
00:01:01.268,00:01:01.469,84,0,"<4><i>arama</i></c><2><i>kyuuaiseikodokudokunagarururu(aiomotto)</i></c>"
00:01:01.469,00:01:01.769,84,0,"<4><i>aramakyuu</i></c><2><i>aiseikodokudokunagarururu(aiomotto)</i></c>"
00:01:01.769,00:01:01.936,84,0,"<4><i>aramakyuuai</i></c><2><i>seikodokudokunagarururu(aiomotto)</i></c>"
00:01:01.936,00:01:02.203,84,0,"<4><i>aramakyuuaisei</i></c><2><i>kodokudokunagarururu(aiomotto)</i></c>"
00:01:02.203,00:01:02.370,84,0,"<4><i>aramakyuuaiseiko</i></c><2><i>dokudokunagarururu(aiomotto)</i></c>"
00:01:02.370,00:01:02.503,84,0,"<4><i>aramakyuuaiseikodo</i></c><2><i>kudokunagarururu(aiomotto)</i></c>"
00:01:02.503,00:01:02.737,84,0,"<4><i>aramakyuuaiseikodoku</i></c><2><i>dokunagarururu(aiomotto)</i></c>"
00:01:02.737,00:01:02.903,84,0,"<4><i>aramakyuuaiseikodokudo</i></c><2><i>kunagarururu(aiomotto)</i></c>"
00:01:02.903,00:01:03.104,84,0,"<4><i>aramakyuuaiseikodokudoku</i></c><2><i>nagarururu(aiomotto)</i></c>"
00:01:03.104,00:01:03.270,84,0,"<4><i>aramakyuuaiseikodokudokuna</i></c><2><i>garururu(aiomotto)</i></c>"
00:01:03.270,00:01:03.437,84,0,"<4><i>aramakyuuaiseikodokudokunaga</i></c><2><i>rururu(aiomotto)</i></c>"
00:01:03.437,00:01:03.604,84,0,"<4><i>aramakyuuaiseikodokudokunagaru</i></c><2><i>ruru(aiomotto)</i></c>"
00:01:03.604,00:01:03.771,84,0,"<4><i>aramakyuuaiseikodokudokunagaruru</i></c><2><i>ru(aiomotto)</i></c>"
00:01:03.771,00:01:04.038,84,0,"<4><i>aramakyuuaiseikodokudokunagarururu</i></c><2><i>(aiomotto)</i></c>"
00:01:04.038,00:01:04.271,84,0,"<4><i>aramakyuuaiseikodokudokunagarururu(ai</i></c><2><i>omotto)</i></c>"
00:01:04.271,00:01:04.538,84,0,"<4><i>aramakyuuaiseikodokudokunagarururu(aio</i></c><2><i>motto)</i></c>"
00:01:04.538,00:01:04.805,81,0,"<4><i>aramakyuuaiseikodokudokunagarururu(aiomotto)</i></c>"
00:01:04.805,00:01:05.840,-1,-1,"<4>(morelove)giveittome</c>"
00:01:04.805,00:01:05.172,-1,0,"<4><i>chou</i></c><2><i>daina</i></c>"
00:01:05.172,00:01:05.539,-1,0,"<4><i>choudai</i></c><2><i>na</i></c>"
00:01:05.539,00:01:05.840,-1,0,"<4><i>choudaina</i></c>"
00:01:05.840,00:01:07.842,-1,-1,"<4>andmakethepaingoaway</c>"
00:01:05.840,00:01:06.173,-1,0,"<4><i>nee</i></c><2><i>itaiitainotondeke</i></c>"
00:01:06.173,00:01:06.240,-1,0,"<4><i>neei</i></c><2><i>taiitainotondeke</i></c>"
00:01:06.240,00:01:06.607,-1,0,"<4><i>neeitai</i></c><2><i>itainotondeke</i></c>"
00:01:06.607,00:01:06.674,-1,0,"<4><i>neeitaii</i></c><2><i>tainotondeke</i></c>"
00:01:06.674,00:01:06.941,-1,0,"<4><i>neeitaiitai</i></c><2><i>notondeke</i></c>"
00:01:06.941,00:01:07.108,-1,0,"<4><i>neeitaiitaino</i></c><2><i>tondeke</i></c>"
00:01:07.108,00:01:07.408,-1,0,"<4><i>neeitaiitainoton</i></c><2><i>deke</i></c>"
00:01:07.408,00:01:07.641,-1,0,"<4><i>neeitaiitainotonde</i></c><2><i>ke</i></c>"
00:01:07.641,00:01:07.842,-1,0,"<4><i>neeitaiitainotondeke</i></c>"
00:01:07.842,00:01:11.112,-1,-1,"<4>Presenceisn'tbloodspillingover(none?more!)</c>"
00:01:07.842,00:01:08.042,81,0,"<4><i>son</i></c><2><i>zaikanchidokudokukoborururu(naino?motto)</i></c>"
00:01:08.042,00:01:08.242,81,0,"<4><i>sonzai</i></c><2><i>kanchidokudokukoborururu(naino?motto)</i></c>"
00:01:08.242,00:01:08.509,81,0,"<4><i>sonzaikan</i></c><2><i>chidokudokukoborururu(naino?motto)</i></c>"
00:01:08.509,00:01:08.709,81,0,"<4><i>sonzaikanchi</i></c><2><i>dokudokukoborururu(naino?motto)</i></c>"
00:01:08.709,00:01:08.843,81,0,"<4><i>sonzaikanchido</i></c><2><i>kudokukoborururu(naino?motto)</i></c>"
00:01:08.843,00:01:09.010,81,0,"<4><i>sonzaikanchidoku</i></c><2><i>dokukoborururu(naino?motto)</i></c>"
00:01:09.010,00:01:09.143,81,0,"<4><i>sonzaikanchidokudo</i></c><2><i>kukoborururu(naino?motto)</i></c>"
00:01:09.143,00:01:09.377,81,0,"<4><i>sonzaikanchidokudoku</i></c><2><i>koborururu(naino?motto)</i></c>"
00:01:09.377,00:01:09.543,81,0,"<4><i>sonzaikanchidokudokuko</i></c><2><i>borururu(naino?motto)</i></c>"
00:01:09.543,00:01:09.710,81,0,"<4><i>sonzaikanchidokudokukobo</i></c><2><i>rururu(naino?motto)</i></c>"
00:01:09.710,00:01:09.877,81,0,"<4><i>sonzaikanchidokudokukoboru</i></c><2><i>ruru(naino?motto)</i></c>"
00:01:09.877,00:01:10.011,81,0,"<4><i>sonzaikanchidokudokukoboruru</i></c><2><i>ru(naino?motto)</i></c>"
00:01:10.011,00:01:10.277,81,0,"<4><i>sonzaikanchidokudokukoborururu</i></c><2><i>(naino?motto)</i></c>"
00:01:10.277,00:01:10.511,81,0,"<4><i>sonzaikanchidokudokukoborururu(nai</i></c><2><i>no?motto)</i></c>"
00:01:10.511,00:01:10.778,81,0,"<4><i>sonzaikanchidokudokukoborururu(naino?</i></c><2><i>motto)</i></c>"
00:01:10.778,00:01:10.945,81,0,"<4><i>sonzaikanchidokudokukoborururu(naino?mot</i></c><2><i>to)</i></c>"
00:01:10.945,00:01:11.112,78,0,"<4><i>sonzaikanchidokudokukoborururu(naino?motto)</i></c>"
00:01:11.112,00:01:12.446,56,-1,"<4>Morelove(love!)sorrow(sorrow!)</c>"
00:01:11.112,00:01:11.345,-1,0,"<4><i>ai</i></c><2><i>(ai)ai!(ai!)</i></c>"
00:01:11.345,00:01:11.746,-1,0,"<4><i>ai(ai)</i></c><2><i>ai!(ai!)</i></c>"
00:01:11.746,00:01:12.046,-1,0,"<4><i>ai(ai)ai!</i></c><2><i>(ai!)</i></c>"
00:01:12.046,00:01:12.446,-1,0,"<4><i>ai(ai)ai!(ai!)</i></c>"
00:01:12.446,00:01:14.547,-1,-1,"<4>Shoutoutvenomno!</c>"
00:01:12.446,00:01:12.580,-1,0,"<4><i>sa</i></c><2><i>kebebe-benomume!</i></c>"
00:01:12.580,00:01:12.680,-1,0,"<4><i>sake</i></c><2><i>bebe-benomume!</i></c>"
00:01:12.680,00:01:12.847,-1,0,"<4><i>sakebe</i></c><2><i>be-benomume!</i></c>"
00:01:12.847,00:01:13.114,-1,0,"<4><i>sakebebe-</i></c><2><i>benomume!</i></c>"
00:01:13.114,00:01:13.280,-1,0,"<4><i>sakebebe-be</i></c><2><i>nomume!</i></c>"
00:01:13.280,00:01:13.447,-1,0,"<4><i>sakebebe-beno</i></c><2><i>mume!</i></c>"
00:01:13.447,00:01:13.781,-1,0,"<4><i>sakebebe-benomu</i></c><2><i>me!</i></c>"
00:01:13.781,00:01:14.547,-1,0,"<4><i>sakebebe-benomume!</i></c>"
00:01:26.827,00:01:30.031,72,-1,"<4>Zeroisthehighestwe'vescoredinourlives</c>"
00:01:26.827,00:01:26.994,58,0,"<4><i>sai</i></c><2><i>koutenzerodabokuranojinsei</i></c>"
00:01:26.994,00:01:27.161,58,0,"<4><i>saikou</i></c><2><i>tenzerodabokuranojinsei</i></c>"
00:01:27.161,00:01:27.395,58,0,"<4><i>saikouten</i></c><2><i>zerodabokuranojinsei</i></c>"
00:01:27.395,00:01:27.561,58,0,"<4><i>saikoutenze</i></c><2><i>rodabokuranojinsei</i></c>"
00:01:27.561,00:01:27.795,58,0,"<4><i>saikoutenzero</i></c><2><i>dabokuranojinsei</i></c>"
00:01:27.795,00:01:28.095,58,0,"<4><i>saikoutenzeroda</i></c><2><i>bokuranojinsei</i></c>"
00:01:28.095,00:01:28.229,58,0,"<4><i>saikoutenzerodabo</i></c><2><i>kuranojinsei</i></c>"
00:01:28.229,00:01:28.362,58,0,"<4><i>saikoutenzerodaboku</i></c><2><i>ranojinsei</i></c>"
00:01:28.362,00:01:28.562,58,0,"<4><i>saikoutenzerodabokura</i></c><2><i>nojinsei</i></c>"
00:01:28.562,00:01:28.763,58,0,"<4><i>saikoutenzerodabokurano</i></c><2><i>jinsei</i></c>"
00:01:28.763,00:01:29.397,58,0,"<4><i>saikoutenzerodabokuranojin</i></c><2><i>sei</i></c>"
00:01:29.397,00:01:30.031,-1,0,"<4><i>saikoutenzerodabokuranojinsei</i></c>"
00:01:30.031,00:01:33.134,66,-1,"<4>Completelylow-energy--giveingivein!</c>"
00:01:30.031,00:01:30.197,64,0,"<4><i>dan</i></c><2><i>zentenshonroodakagameyokagame</i></c>"
00:01:30.197,00:01:30.398,64,0,"<4><i>danzen</i></c><2><i>tenshonroodakagameyokagame</i></c>"
00:01:30.398,00:01:30.531,64,0,"<4><i>danzenten</i></c><2><i>shonroodakagameyokagame</i></c>"
00:01:30.531,00:01:30.765,64,0,"<4><i>danzentenshon</i></c><2><i>roodakagameyokagame</i></c>"
00:01:30.765,00:01:30.998,64,0,"<4><i>danzentenshonroo</i></c><2><i>dakagameyokagame</i></c>"
00:01:30.998,00:01:31.298,64,0,"<4><i>danzentenshonrooda</i></c><2><i>kagameyokagame</i></c>"
00:01:31.298,00:01:31.432,64,0,"<4><i>danzentenshonroodaka</i></c><2><i>gameyokagame</i></c>"
00:01:31.432,00:01:31.565,64,0,"<4><i>danzentenshonroodakaga</i></c><2><i>meyokagame</i></c>"
00:01:31.565,00:01:31.766,64,0,"<4><i>danzentenshonroodakagame</i></c><2><i>yokagame</i></c>"
00:01:31.766,00:01:31.932,64,0,"<4><i>danzentenshonroodakagameyo</i></c><2><i>kagame</i></c>"
00:01:31.932,00:01:32.266,64,0,"<4><i>danzentenshonroodakagameyoka</i></c><2><i>game</i></c>"
00:01:32.266,00:01:32.633,64,0,"<4><i>danzentenshonroodakagameyokaga</i></c><2><i>me</i></c>"
00:01:32.633,00:01:33.134,61,0,"<4><i>danzentenshonroodakagameyokagame</i></c>"
00:01:33.134,00:01:34.769,69,-1,"<4>(Onalonelynightclockstrikesmidnight)</c>"
00:01:33.134,00:01:33.334,-1,0,"<4><i>(ron</i></c><2><i>riiNIGHTteppenmawatte)</i></c>"
00:01:33.334,00:01:33.567,-1,0,"<4><i>(ronrii</i></c><2><i>NIGHTteppenmawatte)</i></c>"
00:01:33.567,00:01:33.934,-1,0,"<4><i>(ronriiNIGHT</i></c><2><i>teppenmawatte)</i></c>"
00:01:33.934,00:01:34.101,-1,0,"<4><i>(ronriiNIGHTtep</i></c><2><i>penmawatte)</i></c>"
00:01:34.101,00:01:34.335,-1,0,"<4><i>(ronriiNIGHTteppen</i></c><2><i>mawatte)</i></c>"
00:01:34.335,00:01:34.468,-1,0,"<4><i>(ronriiNIGHTteppenma</i></c><2><i>watte)</i></c>"
00:01:34.468,00:01:34.668,-1,0,"<4><i>(ronriiNIGHTteppenmawat</i></c><2><i>te)</i></c>"
00:01:34.668,00:01:34.769,-1,0,"<4><i>(ronriiNIGHTteppenmawatte)</i></c>"
00:01:34.769,00:01:36.337,69,-1,"<4>(Inmyun-chaoticmindthere'shopeagain)</c>"
00:01:34.769,00:01:34.969,58,0,"<4><i>(rou</i></c><2><i>bainainounaiHOPEmouikkai)</i></c>"
00:01:34.969,00:01:35.136,58,0,"<4><i>(roubai</i></c><2><i>nainounaiHOPEmouikkai)</i></c>"
00:01:35.136,00:01:35.336,58,0,"<4><i>(roubainai</i></c><2><i>nounaiHOPEmouikkai)</i></c>"
00:01:35.336,00:01:35.469,58,0,"<4><i>(roubainainou</i></c><2><i>naiHOPEmouikkai)</i></c>"
00:01:35.469,00:01:35.636,58,0,"<4><i>(roubainainounai</i></c><2><i>HOPEmouikkai)</i></c>"
00:01:35.636,00:01:35.870,58,0,"<4><i>(roubainainounaiHOPE</i></c><2><i>mouikkai)</i></c>"
00:01:35.870,00:01:36.037,58,0,"<4><i>(roubainainounaiHOPEmou</i></c><2><i>ikkai)</i></c>"
00:01:36.037,00:01:36.137,58,0,"<4><i>(roubainainounaiHOPEmouik</i></c><2><i>kai)</i></c>"
00:01:36.137,00:01:36.337,-1,0,"<4><i>(roubainainounaiHOPEmouikkai)</i></c>"
00:01:36.337,00:01:39.206,-1,-1,"<4>Butthepriceisoverdosing--getupgetup!</c>"
00:01:36.337,00:01:36.470,-1,0,"<4><i>oo</i></c><2><i>baadoozukeidaagareyoagare</i></c>"
00:01:36.470,00:01:36.670,-1,0,"<4><i>oobaa</i></c><2><i>doozukeidaagareyoagare</i></c>"
00:01:36.670,00:01:36.871,-1,0,"<4><i>oobaadoo</i></c><2><i>zukeidaagareyoagare</i></c>"
00:01:36.871,00:01:37.004,-1,0,"<4><i>oobaadoozu</i></c><2><i>keidaagareyoagare</i></c>"
00:01:37.004,00:01:37.271,-1,0,"<4><i>oobaadoozukei</i></c><2><i>daagareyoagare</i></c>"
00:01:37.271,00:01:37.538,-1,0,"<4><i>oobaadoozukeida</i></c><2><i>agareyoagare</i></c>"
00:01:37.538,00:01:37.638,-1,0,"<4><i>oobaadoozukeidaa</i></c><2><i>gareyoagare</i></c>"
00:01:37.638,00:01:37.805,-1,0,"<4><i>oobaadoozukeidaaga</i></c><2><i>reyoagare</i></c>"
00:01:37.805,00:01:38.072,-1,0,"<4><i>oobaadoozukeidaagare</i></c><2><i>yoagare</i></c>"
00:01:38.072,00:01:38.239,-1,0,"<4><i>oobaadoozukeidaagareyo</i></c><2><i>agare</i></c>"
00:01:38.239,00:01:38.439,-1,0,"<4><i>oobaadoozukeidaagareyoa</i></c><2><i>gare</i></c>"
00:01:38.439,00:01:38.839,-1,0,"<4><i>oobaadoozukeidaagareyoaga</i></c><2><i>re</i></c>"
00:01:38.839,00:01:39.206,-1,0,"<4><i>oobaadoozukeidaagareyoagare</i></c>"
00:01:39.206,00:01:40.741,-1,-1,"<4>Thecontentsofmyheart</c>"
00:01:39.206,00:01:39.306,-1,0,"<4><i>ko</i></c><2><i>korononakamiwa</i></c>"
00:01:39.306,00:01:39.407,-1,0,"<4><i>koko</i></c><2><i>rononakamiwa</i></c>"
00:01:39.407,00:01:39.573,-1,0,"<4><i>kokoro</i></c><2><i>nonakamiwa</i></c>"
00:01:39.573,00:01:39.740,-1,0,"<4><i>kokorono</i></c><2><i>nakamiwa</i></c>"
00:01:39.740,00:01:39.874,-1,0,"<4><i>kokoronona</i></c><2><i>kamiwa</i></c>"
00:01:39.874,00:01:40.007,-1,0,"<4><i>kokorononaka</i></c><2><i>miwa</i></c>"
00:01:40.007,00:01:40.207,-1,0,"<4><i>kokorononakami</i></c><2><i>wa</i></c>"
00:01:40.207,00:01:40.741,-1,0,"<4><i>kokorononakamiwa</i></c>"
00:01:40.741,00:01:42.543,-1,-1,"<4>ishelplessness;I'mahelplessnessjunkie</c>"
00:01:40.741,00:01:40.875,-1,0,"<4><i>mu</i></c><2><i>riobumurijankii</i></c>"
00:01:40.875,00:01:41.075,-1,0,"<4><i>muri</i></c><2><i>obumurijankii</i></c>"
00:01:41.075,00:01:41.175,-1,0,"<4><i>murio</i></c><2><i>bumurijankii</i></c>"
00:01:41.175,00:01:41.442,-1,0,"<4><i>muriobu</i></c><2><i>murijankii</i></c>"
00:01:41.442,00:01:41.509,-1,0,"<4><i>muriobumu</i></c><2><i>rijankii</i></c>"
00:01:41.509,00:01:41.609,-1,0,"<4><i>muriobumuri</i></c><2><i>jankii</i></c>"
00:01:41.609,00:01:42.009,-1,0,"<4><i>muriobumurijan</i></c><2><i>kii</i></c>"
00:01:42.009,00:01:42.543,-1,0,"<4><i>muriobumurijankii</i></c>"
00:01:42.543,00:01:43.911,-1,-1,"<4>Ikeeppretendingtobestrong</c>"
00:01:42.543,00:01:42.743,-1,0,"<4><i>don</i></c><2><i>dontsuyogatte</i></c>"
00:01:42.743,00:01:43.010,-1,0,"<4><i>dondon</i></c><2><i>tsuyogatte</i></c>"
00:01:43.010,00:01:43.277,-1,0,"<4><i>dondontsu</i></c><2><i>yogatte</i></c>"
00:01:43.277,00:01:43.477,-1,0,"<4><i>dondontsuyo</i></c><2><i>gatte</i></c>"
00:01:43.477,00:01:43.744,-1,0,"<4><i>dondontsuyogat</i></c><2><i>te</i></c>"
00:01:43.744,00:01:43.911,-1,0,"<4><i>dondontsuyogatte</i></c>"
00:01:43.911,00:01:45.713,56,-1,"<4>andenduponthegroundinpieces</c>"
00:01:43.911,00:01:44.078,-1,0,"<4><i>ba</i></c><2><i>rabaranifusu</i></c>"
00:01:44.078,00:01:44.245,-1,0,"<4><i>bara</i></c><2><i>baranifusu</i></c>"
00:01:44.245,00:01:44.378,-1,0,"<4><i>baraba</i></c><2><i>ranifusu</i></c>"
00:01:44.378,00:01:44.612,-1,0,"<4><i>barabara</i></c><2><i>nifusu</i></c>"
00:01:44.612,00:01:44.779,-1,0,"<4><i>barabarani</i></c><2><i>fusu</i></c>"
00:01:44.779,00:01:45.246,-1,0,"<4><i>barabaranifu</i></c><2><i>su</i></c>"
00:01:45.246,00:01:45.713,-1,0,"<4><i>barabaranifusu</i></c>"
00:01:45.713,00:01:47.248,-1,-1,"<4>Downingthepoison</c>"
00:01:45.713,00:01:45.813,-1,0,"<4><i>do</i></c><2><i>kudokunomikonde</i></c>"
00:01:45.813,00:01:45.946,-1,0,"<4><i>doku</i></c><2><i>dokunomikonde</i></c>"
00:01:45.946,00:01:46.047,-1,0,"<4><i>dokudo</i></c><2><i>kunomikonde</i></c>"
00:01:46.047,00:01:46.213,-1,0,"<4><i>dokudoku</i></c><2><i>nomikonde</i></c>"
00:01:46.213,00:01:46.414,-1,0,"<4><i>dokudokuno</i></c><2><i>mikonde</i></c>"
00:01:46.414,00:01:46.647,-1,0,"<4><i>dokudokunomi</i></c><2><i>konde</i></c>"
00:01:46.647,00:01:47.014,-1,0,"<4><i>dokudokunomikon</i></c><2><i>de</i></c>"
00:01:47.014,00:01:47.248,-1,0,"<4><i>dokudokunomikonde</i></c>"
00:01:47.248,00:01:50.584,67,-1,"<4>Feelinganguishcryingthere'snoescape</c>"
00:01:47.248,00:01:47.348,-1,0,"<4><i>ku</i></c><2><i>rushindenaitenigedasenaino</i></c>"
00:01:47.348,00:01:47.448,-1,0,"<4><i>kuru</i></c><2><i>shindenaitenigedasenaino</i></c>"
00:01:47.448,00:01:47.648,-1,0,"<4><i>kurushin</i></c><2><i>denaitenigedasenaino</i></c>"
00:01:47.648,00:01:47.782,-1,0,"<4><i>kurushinde</i></c><2><i>naitenigedasenaino</i></c>"
00:01:47.782,00:01:47.948,-1,0,"<4><i>kurushindenai</i></c><2><i>tenigedasenaino</i></c>"
00:01:47.948,00:01:48.149,-1,0,"<4><i>kurushindenaite</i></c><2><i>nigedasenaino</i></c>"
00:01:48.149,00:01:48.516,-1,0,"<4><i>kurushindenaiteni</i></c><2><i>gedasenaino</i></c>"
00:01:48.516,00:01:48.883,-1,0,"<4><i>kurushindenaitenige</i></c><2><i>dasenaino</i></c>"
00:01:48.883,00:01:49.250,-1,0,"<4><i>kurushindenaitenigeda</i></c><2><i>senaino</i></c>"
00:01:49.250,00:01:49.617,-1,0,"<4><i>kurushindenaitenigedase</i></c><2><i>naino</i></c>"
00:01:49.617,00:01:50.384,-1,0,"<4><i>kurushindenaitenigedasenai</i></c><2><i>no</i></c>"
00:01:50.384,00:01:50.584,-1,0,"<4><i>kurushindenaitenigedasenaino</i></c>"
00:01:50.584,00:01:52.585,-1,-1,"<4>fromthisveno-venom.</c>"
00:01:50.584,00:01:50.951,-1,0,"<4><i>be</i></c><2><i>no-benomu</i></c>"
00:01:50.951,00:01:51.485,-1,0,"<4><i>beno-</i></c><2><i>benomu</i></c>"
00:01:51.485,00:01:51.852,-1,0,"<4><i>beno-be</i></c><2><i>nomu</i></c>"
00:01:51.852,00:01:52.219,-1,0,"<4><i>beno-beno</i></c><2><i>mu</i></c>"
00:01:52.219,00:01:52.585,-1,0,"<4><i>beno-benomu</i></c>"
00:01:53.087,00:01:56.891,63,-1,"<4>Ohmy.Flirtinesslonelinesspoisonflowingcontinuously(morelove)</c>"
00:01:53.087,00:01:53.187,84,0,"<4><i>a</i></c><2><i>ramakyuuaiseikodokudokunagarururu(aiomotto)</i></c>"
00:01:53.187,00:01:53.320,84,0,"<4><i>ara</i></c><2><i>makyuuaiseikodokudokunagarururu(aiomotto)</i></c>"
00:01:53.320,00:01:53.554,84,0,"<4><i>arama</i></c><2><i>kyuuaiseikodokudokunagarururu(aiomotto)</i></c>"
00:01:53.554,00:01:53.854,84,0,"<4><i>aramakyuu</i></c><2><i>aiseikodokudokunagarururu(aiomotto)</i></c>"
00:01:53.854,00:01:53.988,84,0,"<4><i>aramakyuuai</i></c><2><i>seikodokudokunagarururu(aiomotto)</i></c>"
00:01:53.988,00:01:54.288,84,0,"<4><i>aramakyuuaisei</i></c><2><i>kodokudokunagarururu(aiomotto)</i></c>"
00:01:54.288,00:01:54.455,84,0,"<4><i>aramakyuuaiseiko</i></c><2><i>dokudokunagarururu(aiomotto)</i></c>"
00:01:54.455,00:01:54.588,84,0,"<4><i>aramakyuuaiseikodo</i></c><2><i>kudokunagarururu(aiomotto)</i></c>"
00:01:54.588,00:01:54.822,84,0,"<4><i>aramakyuuaiseikodoku</i></c><2><i>dokunagarururu(aiomotto)</i></c>"
00:01:54.822,00:01:54.955,84,0,"<4><i>aramakyuuaiseikodokudo</i></c><2><i>kunagarururu(aiomotto)</i></c>"
00:01:54.955,00:01:55.189,84,0,"<4><i>aramakyuuaiseikodokudoku</i></c><2><i>nagarururu(aiomotto)</i></c>"
00:01:55.189,00:01:55.356,84,0,"<4><i>aramakyuuaiseikodokudokuna</i></c><2><i>garururu(aiomotto)</i></c>"
00:01:55.356,00:01:55.556,84,0,"<4><i>aramakyuuaiseikodokudokunaga</i></c><2><i>rururu(aiomotto)</i></c>"
00:01:55.556,00:01:55.756,84,0,"<4><i>aramakyuuaiseikodokudokunagaru</i></c><2><i>ruru(aiomotto)</i></c>"
00:01:55.756,00:01:55.956,84,0,"<4><i>aramakyuuaiseikodokudokunagaruru</i></c><2><i>ru(aiomotto)</i></c>"
00:01:55.956,00:01:56.257,84,0,"<4><i>aramakyuuaiseikodokudokunagarururu</i></c><2><i>(aiomotto)</i></c>"
00:01:56.257,00:01:56.457,84,0,"<4><i>aramakyuuaiseikodokudokunagarururu(ai</i></c><2><i>omotto)</i></c>"
00:01:56.457,00:01:56.624,84,0,"<4><i>aramakyuuaiseikodokudokunagarururu(aio</i></c><2><i>motto)</i></c>"
00:01:56.624,00:01:56.757,84,0,"<4><i>aramakyuuaiseikodokudokunagarururu(aiomot</i></c><2><i>to)</i></c>"
00:01:56.757,00:01:56.891,81,0,"<4><i>aramakyuuaiseikodokudokunagarururu(aiomotto)</i></c>"
00:01:56.891,00:01:57.958,-1,-1,"<4>(morelove)giveittome</c>"
00:01:56.891,00:01:57.224,-1,0,"<4><i>chou</i></c><2><i>daina</i></c>"
00:01:57.224,00:01:57.558,-1,0,"<4><i>choudai</i></c><2><i>na</i></c>"
00:01:57.558,00:01:57.958,-1,0,"<4><i>choudaina</i></c>"
00:01:57.958,00:01:59.827,-1,-1,"<4>andmakethepaingoaway</c>"
00:01:57.958,00:01:58.259,-1,0,"<4><i>nee</i></c><2><i>itaiitainotondeke</i></c>"
00:01:58.259,00:01:58.359,-1,0,"<4><i>neei</i></c><2><i>taiitainotondeke</i></c>"
00:01:58.359,00:01:58.659,-1,0,"<4><i>neeitai</i></c><2><i>itainotondeke</i></c>"
00:01:58.659,00:01:58.726,-1,0,"<4><i>neeitaii</i></c><2><i>tainotondeke</i></c>"
00:01:58.726,00:01:59.060,-1,0,"<4><i>neeitaiitai</i></c><2><i>notondeke</i></c>"
00:01:59.060,00:01:59.293,-1,0,"<4><i>neeitaiitaino</i></c><2><i>tondeke</i></c>"
00:01:59.293,00:01:59.527,-1,0,"<4><i>neeitaiitainoton</i></c><2><i>deke</i></c>"
00:01:59.527,00:01:59.660,-1,0,"<4><i>neeitaiitainotonde</i></c><2><i>ke</i></c>"
00:01:59.660,00:01:59.827,-1,0,"<4><i>neeitaiitainotondeke</i></c>"
00:01:59.827,00:02:03.097,66,-1,"<4>PresenceMessageReadDon'tyouwantsomepoison?(none?more!)</c>"
00:01:59.827,00:02:00.027,81,0,"<4><i>son</i></c><2><i>zaikankidokudokuhoshigaruru(naino?motto)</i></c>"
00:02:00.027,00:02:00.227,81,0,"<4><i>sonzai</i></c><2><i>kankidokudokuhoshigaruru(naino?motto)</i></c>"
00:02:00.227,00:02:00.494,81,0,"<4><i>sonzaikan</i></c><2><i>kidokudokuhoshigaruru(naino?motto)</i></c>"
00:02:00.494,00:02:00.628,81,0,"<4><i>sonzaikanki</i></c><2><i>dokudokuhoshigaruru(naino?motto)</i></c>"
00:02:00.628,00:02:00.761,81,0,"<4><i>sonzaikankido</i></c><2><i>kudokuhoshigaruru(naino?motto)</i></c>"
00:02:00.761,00:02:00.961,81,0,"<4><i>sonzaikankidoku</i></c><2><i>dokuhoshigaruru(naino?motto)</i></c>"
00:02:00.961,00:02:01.095,81,0,"<4><i>sonzaikankidokudo</i></c><2><i>kuhoshigaruru(naino?motto)</i></c>"
00:02:01.095,00:02:01.295,81,0,"<4><i>sonzaikankidokudoku</i></c><2><i>hoshigaruru(naino?motto)</i></c>"
00:02:01.295,00:02:01.462,81,0,"<4><i>sonzaikankidokudokuho</i></c><2><i>shigaruru(naino?motto)</i></c>"
00:02:01.462,00:02:01.729,81,0,"<4><i>sonzaikankidokudokuhoshi</i></c><2><i>garuru(naino?motto)</i></c>"
00:02:01.729,00:02:01.896,81,0,"<4><i>sonzaikankidokudokuhoshiga</i></c><2><i>ruru(naino?motto)</i></c>"
00:02:01.896,00:02:02.063,81,0,"<4><i>sonzaikankidokudokuhoshigaru</i></c><2><i>ru(naino?motto)</i></c>"
00:02:02.063,00:02:02.296,81,0,"<4><i>sonzaikankidokudokuhoshigaruru</i></c><2><i>(naino?motto)</i></c>"
00:02:02.296,00:02:02.563,81,0,"<4><i>sonzaikankidokudokuhoshigaruru(nai</i></c><2><i>no?motto)</i></c>"
00:02:02.563,00:02:02.763,81,0,"<4><i>sonzaikankidokudokuhoshigaruru(naino?</i></c><2><i>motto)</i></c>"
00:02:02.763,00:02:02.930,81,0,"<4><i>sonzaikankidokudokuhoshigaruru(naino?mot</i></c><2><i>to)</i></c>"
00:02:02.930,00:02:03.097,78,0,"<4><i>sonzaikankidokudokuhoshigaruru(naino?motto)</i></c>"
00:02:03.097,00:02:04.532,-1,-1,"<4>Morelove(love!)sorrow(sorrow!)</c>"
00:02:03.097,00:02:03.364,-1,0,"<4><i>ai</i></c><2><i>(ai)ai!(ai!)</i></c>"
00:02:03.364,00:02:03.764,-1,0,"<4><i>ai(ai)</i></c><2><i>ai!(ai!)</i></c>"
00:02:03.764,00:02:04.098,-1,0,"<4><i>ai(ai)ai!</i></c><2><i>(ai!)</i></c>"
00:02:04.098,00:02:04.532,-1,0,"<4><i>ai(ai)ai!(ai!)</i></c>"
00:02:04.532,00:02:06.632,-1,-1,"<4>Destroyitvenomno!</c>"
00:02:04.532,00:02:04.632,-1,0,"<4><i>ho</i></c><2><i>robebe-benomume!</i></c>"
00:02:04.632,00:02:04.765,-1,0,"<4><i>horo</i></c><2><i>bebe-benomume!</i></c>"
00:02:04.765,00:02:04.932,-1,0,"<4><i>horobe</i></c><2><i>be-benomume!</i></c>"
00:02:04.932,00:02:05.132,-1,0,"<4><i>horobebe-</i></c><2><i>benomume!</i></c>"
00:02:05.132,00:02:05.266,-1,0,"<4><i>horobebe-be</i></c><2><i>nomume!</i></c>"
00:02:05.266,00:02:05.399,-1,0,"<4><i>horobebe-beno</i></c><2><i>mume!</i></c>"
00:02:05.399,00:02:05.699,-1,0,"<4><i>horobebe-benomu</i></c><2><i>me!</i></c>"
00:02:05.699,00:02:06.632,-1,0,"<4><i>horobebe-benomume!</i></c>"
00:02:31.525,00:02:34.762,64,-1,"<4>Thepoisonandevilreachedtheirtargetswirlinginside(Ineedmorelove)</c>"
00:02:31.525,00:02:31.792,78,0,"<4><i>mou</i></c><2><i>akuseitodokudokumawarururu(aidemotto)</i></c>"
00:02:31.792,00:02:31.859,78,0,"<4><i>moua</i></c><2><i>kuseitodokudokumawarururu(aidemotto)</i></c>"
00:02:31.859,00:02:31.992,78,0,"<4><i>mouaku</i></c><2><i>seitodokudokumawarururu(aidemotto)</i></c>"
00:02:31.992,00:02:32.226,78,0,"<4><i>mouakusei</i></c><2><i>todokudokumawarururu(aidemotto)</i></c>"
00:02:32.226,00:02:32.393,78,0,"<4><i>mouakuseito</i></c><2><i>dokudokumawarururu(aidemotto)</i></c>"
00:02:32.393,00:02:32.526,78,0,"<4><i>mouakuseitodo</i></c><2><i>kudokumawarururu(aidemotto)</i></c>"
00:02:32.526,00:02:32.760,78,0,"<4><i>mouakuseitodoku</i></c><2><i>dokumawarururu(aidemotto)</i></c>"
00:02:32.760,00:02:32.893,78,0,"<4><i>mouakuseitodokudo</i></c><2><i>kumawarururu(aidemotto)</i></c>"
00:02:32.893,00:02:33.094,78,0,"<4><i>mouakuseitodokudoku</i></c><2><i>mawarururu(aidemotto)</i></c>"
00:02:33.094,00:02:33.260,78,0,"<4><i>mouakuseitodokudokuma</i></c><2><i>warururu(aidemotto)</i></c>"
00:02:33.260,00:02:33.427,78,0,"<4><i>mouakuseitodokudokumawa</i></c><2><i>rururu(aidemotto)</i></c>"
00:02:33.427,00:02:33.594,78,0,"<4><i>mouakuseitodokudokumawaru</i></c><2><i>ruru(aidemotto)</i></c>"
00:02:33.594,00:02:33.727,78,0,"<4><i>mouakuseitodokudokumawaruru</i></c><2><i>ru(aidemotto)</i></c>"
00:02:33.727,00:02:33.994,78,0,"<4><i>mouakuseitodokudokumawarururu</i></c><2><i>(aidemotto)</i></c>"
00:02:33.994,00:02:34.228,78,0,"<4><i>mouakuseitodokudokumawarururu(ai</i></c><2><i>demotto)</i></c>"
00:02:34.228,00:02:34.428,78,0,"<4><i>mouakuseitodokudokumawarururu(aide</i></c><2><i>motto)</i></c>"
00:02:34.428,00:02:34.595,78,0,"<4><i>mouakuseitodokudokumawarururu(aidemot</i></c><2><i>to)</i></c>"
00:02:34.595,00:02:34.762,75,0,"<4><i>mouakuseitodokudokumawarururu(aidemotto)</i></c>"
00:02:34.762,00:02:37.998,-1,-1,"<4>I'vebeenwounded;IthurtsI'msicksick.</c>"
00:02:34.762,00:02:35.062,66,0,"<4><i>shou</i></c><2><i>gainaneeitaiitainoshikushiku</i></c>"
00:02:35.062,00:02:35.362,66,0,"<4><i>shougai</i></c><2><i>naneeitaiitainoshikushiku</i></c>"
00:02:35.362,00:02:35.663,66,0,"<4><i>shougaina</i></c><2><i>neeitaiitainoshikushiku</i></c>"
00:02:35.663,00:02:36.197,66,0,"<4><i>shougainanee</i></c><2><i>itaiitainoshikushiku</i></c>"
00:02:36.197,00:02:36.263,66,0,"<4><i>shougainaneei</i></c><2><i>taiitainoshikushiku</i></c>"
00:02:36.263,00:02:36.564,66,0,"<4><i>shougainaneeitai</i></c><2><i>itainoshikushiku</i></c>"
00:02:36.564,00:02:36.597,66,0,"<4><i>shougainaneeitaii</i></c><2><i>tainoshikushiku</i></c>"
00:02:36.597,00:02:36.797,66,0,"<4><i>shougainaneeitaiitai</i></c><2><i>noshikushiku</i></c>"
00:02:36.797,00:02:37.031,66,0,"<4><i>shougainaneeitaiitaino</i></c><2><i>shikushiku</i></c>"
00:02:37.031,00:02:37.264,66,0,"<4><i>shougainaneeitaiitainoshi</i></c><2><i>kushiku</i></c>"
00:02:37.264,00:02:37.531,66,0,"<4><i>shougainaneeitaiitainoshiku</i></c><2><i>shiku</i></c>"
00:02:37.531,00:02:37.765,66,0,"<4><i>shougainaneeitaiitainoshikushi</i></c><2><i>ku</i></c>"
00:02:37.765,00:02:37.998,63,0,"<4><i>shougainaneeitaiitainoshikushiku</i></c>"
00:02:37.998,00:02:41.001,-1,-1,"<4>Thepoisontoerasemyexistencedisappeared(It'sallgone)</c>"
00:02:37.998,00:02:38.132,80,0,"<4><i>son</i></c><2><i>zaimasshoudokudokukierururu(nainozutto)</i></c>"
00:02:38.132,00:02:38.265,80,0,"<4><i>sonzai</i></c><2><i>masshoudokudokukierururu(nainozutto)</i></c>"
00:02:38.265,00:02:38.432,80,0,"<4><i>sonzaimas</i></c><2><i>shoudokudokukierururu(nainozutto)</i></c>"
00:02:38.432,00:02:38.699,80,0,"<4><i>sonzaimasshou</i></c><2><i>dokudokukierururu(nainozutto)</i></c>"
00:02:38.699,00:02:38.866,80,0,"<4><i>sonzaimasshoudo</i></c><2><i>kudokukierururu(nainozutto)</i></c>"
00:02:38.866,00:02:39.066,80,0,"<4><i>sonzaimasshoudoku</i></c><2><i>dokukierururu(nainozutto)</i></c>"
00:02:39.066,00:02:39.233,80,0,"<4><i>sonzaimasshoudokudo</i></c><2><i>kukierururu(nainozutto)</i></c>"
00:02:39.233,00:02:39.500,80,0,"<4><i>sonzaimasshoudokudoku</i></c><2><i>kierururu(nainozutto)</i></c>"
00:02:39.500,00:02:39.667,80,0,"<4><i>sonzaimasshoudokudokuki</i></c><2><i>erururu(nainozutto)</i></c>"
00:02:39.667,00:02:39.733,80,0,"<4><i>sonzaimasshoudokudokukie</i></c><2><i>rururu(nainozutto)</i></c>"
00:02:39.733,00:02:39.900,80,0,"<4><i>sonzaimasshoudokudokukieru</i></c><2><i>ruru(nainozutto)</i></c>"
00:02:39.900,00:02:40.067,80,0,"<4><i>sonzaimasshoudokudokukieruru</i></c><2><i>ru(nainozutto)</i></c>"
00:02:40.067,00:02:40.301,80,0,"<4><i>sonzaimasshoudokudokukierururu</i></c><2><i>(nainozutto)</i></c>"
00:02:40.301,00:02:40.468,80,0,"<4><i>sonzaimasshoudokudokukierururu(nai</i></c><2><i>nozutto)</i></c>"
00:02:40.468,00:02:40.668,80,0,"<4><i>sonzaimasshoudokudokukierururu(naino</i></c><2><i>zutto)</i></c>"
00:02:40.668,00:02:40.835,80,0,"<4><i>sonzaimasshoudokudokukierururu(nainozut</i></c><2><i>to)</i></c>"
00:02:40.835,00:02:41.001,77,0,"<4><i>sonzaimasshoudokudokukierururu(nainozutto)</i></c>"
00:02:41.001,00:02:44.171,-1,-1,"<4>Love(Love!)Sorrow(Sorrow!)</c>"
00:02:41.001,00:02:41.335,66,0,"<4><i>ai!</i></c><2><i>(ai!)ai!(ai!)ai!(ai!)ai!(ai!)</i></c>"
00:02:41.335,00:02:41.802,66,0,"<4><i>ai!(ai!)</i></c><2><i>ai!(ai!)ai!(ai!)ai!(ai!)</i></c>"
00:02:41.802,00:02:42.136,66,0,"<4><i>ai!(ai!)ai!</i></c><2><i>(ai!)ai!(ai!)ai!(ai!)</i></c>"
00:02:42.136,00:02:42.636,66,0,"<4><i>ai!(ai!)ai!(ai!)</i></c><2><i>ai!(ai!)ai!(ai!)</i></c>"
00:02:42.636,00:02:42.937,66,0,"<4><i>ai!(ai!)ai!(ai!)ai!</i></c><2><i>(ai!)ai!(ai!)</i></c>"
00:02:42.937,00:02:43.437,66,0,"<4><i>ai!(ai!)ai!(ai!)ai!(ai!)</i></c><2><i>ai!(ai!)</i></c>"
00:02:43.437,00:02:43.771,66,0,"<4><i>ai!(ai!)ai!(ai!)ai!(ai!)ai!</i></c><2><i>(ai!)</i></c>"
00:02:43.771,00:02:44.171,63,0,"<4><i>ai!(ai!)ai!(ai!)ai!(ai!)ai!(ai!)</i></c>"
00:02:44.171,00:02:47.408,63,-1,"<4>Flirtinesslonelinesspoisonflowingcontinuously(morelove)</c>"
00:02:44.171,00:02:44.472,75,0,"<4><i>kyuu</i></c><2><i>aiseikodokudokunagarururu(aiomotto)</i></c>"
00:02:44.472,00:02:44.605,75,0,"<4><i>kyuuai</i></c><2><i>seikodokudokunagarururu(aiomotto)</i></c>"
00:02:44.605,00:02:44.905,75,0,"<4><i>kyuuaisei</i></c><2><i>kodokudokunagarururu(aiomotto)</i></c>"
00:02:44.905,00:02:45.039,75,0,"<4><i>kyuuaiseiko</i></c><2><i>dokudokunagarururu(aiomotto)</i></c>"
00:02:45.039,00:02:45.172,75,0,"<4><i>kyuuaiseikodo</i></c><2><i>kudokunagarururu(aiomotto)</i></c>"
00:02:45.172,00:02:45.406,75,0,"<4><i>kyuuaiseikodoku</i></c><2><i>dokunagarururu(aiomotto)</i></c>"
00:02:45.406,00:02:45.539,75,0,"<4><i>kyuuaiseikodokudo</i></c><2><i>kunagarururu(aiomotto)</i></c>"
00:02:45.539,00:02:45.739,75,0,"<4><i>kyuuaiseikodokudoku</i></c><2><i>nagarururu(aiomotto)</i></c>"
00:02:45.739,00:02:45.906,75,0,"<4><i>kyuuaiseikodokudokuna</i></c><2><i>garururu(aiomotto)</i></c>"
00:02:45.906,00:02:46.073,75,0,"<4><i>kyuuaiseikodokudokunaga</i></c><2><i>rururu(aiomotto)</i></c>"
00:02:46.073,00:02:46.240,75,0,"<4><i>kyuuaiseikodokudokunagaru</i></c><2><i>ruru(aiomotto)</i></c>"
00:02:46.240,00:02:46.407,75,0,"<4><i>kyuuaiseikodokudokunagaruru</i></c><2><i>ru(aiomotto)</i></c>"
00:02:46.407,00:02:46.640,75,0,"<4><i>kyuuaiseikodokudokunagarururu</i></c><2><i>(aiomotto)</i></c>"
00:02:46.640,00:02:46.841,75,0,"<4><i>kyuuaiseikodokudokunagarururu(ai</i></c><2><i>omotto)</i></c>"
00:02:46.841,00:02:47.041,75,0,"<4><i>kyuuaiseikodokudokunagarururu(aio</i></c><2><i>motto)</i></c>"
00:02:47.041,00:02:47.208,75,0,"<4><i>kyuuaiseikodokudokunagarururu(aiomot</i></c><2><i>to)</i></c>"
00:02:47.208,00:02:47.408,72,0,"<4><i>kyuuaiseikodokudokunagarururu(aiomotto)</i></c>"
00:02:47.408,00:02:48.509,-1,-1,"<4>(morelove)giveittome</c>"
00:02:47.408,00:02:47.775,-1,0,"<4><i>choud</i></c><2><i>aina</i></c>"
00:02:47.775,00:02:48.008,-1,0,"<4><i>choudai</i></c><2><i>na</i></c>"
00:02:48.008,00:02:48.509,-1,0,"<4><i>choudaina</i></c>"
00:02:48.509,00:02:50.478,-1,-1,"<4>andmakethepaingoaway</c>"
00:02:48.509,00:02:48.843,-1,0,"<4><i>nee</i></c><2><i>itaiitainotondeke</i></c>"
00:02:48.843,00:02:48.909,-1,0,"<4><i>neei</i></c><2><i>taiitainotondeke</i></c>"
00:02:48.909,00:02:49.243,-1,0,"<4><i>neeitai</i></c><2><i>itainotondeke</i></c>"
00:02:49.243,00:02:49.310,-1,0,"<4><i>neeitaii</i></c><2><i>tainotondeke</i></c>"
00:02:49.310,00:02:49.577,-1,0,"<4><i>neeitaiitai</i></c><2><i>notondeke</i></c>"
00:02:49.577,00:02:49.743,-1,0,"<4><i>neeitaiitaino</i></c><2><i>tondeke</i></c>"
00:02:49.743,00:02:50.077,-1,0,"<4><i>neeitaiitainoton</i></c><2><i>deke</i></c>"
00:02:50.077,00:02:50.277,-1,0,"<4><i>neeitaiitainotonde</i></c><2><i>ke</i></c>"
00:02:50.277,00:02:50.478,-1,0,"<4><i>neeitaiitainotondeke</i></c>"
00:02:50.478,00:02:53.714,-1,-1,"<4>Presenceisn'tbloodspillingover(none?more!)</c>"
00:02:50.478,00:02:50.678,81,0,"<4><i>son</i></c><2><i>zaikanchidokudokukoborururu(naino?motto)</i></c>"
00:02:50.678,00:02:50.845,81,0,"<4><i>sonzai</i></c><2><i>kanchidokudokukoborururu(naino?motto)</i></c>"
00:02:50.845,00:02:51.078,81,0,"<4><i>sonzaikan</i></c><2><i>chidokudokukoborururu(naino?motto)</i></c>"
00:02:51.078,00:02:51.312,81,0,"<4><i>sonzaikanchi</i></c><2><i>dokudokukoborururu(naino?motto)</i></c>"
00:02:51.312,00:02:51.479,81,0,"<4><i>sonzaikanchido</i></c><2><i>kudokukoborururu(naino?motto)</i></c>"
00:02:51.479,00:02:51.612,81,0,"<4><i>sonzaikanchidoku</i></c><2><i>dokukoborururu(naino?motto)</i></c>"
00:02:51.612,00:02:51.779,81,0,"<4><i>sonzaikanchidokudo</i></c><2><i>kukoborururu(naino?motto)</i></c>"
00:02:51.779,00:02:52.012,81,0,"<4><i>sonzaikanchidokudoku</i></c><2><i>koborururu(naino?motto)</i></c>"
00:02:52.012,00:02:52.179,81,0,"<4><i>sonzaikanchidokudokuko</i></c><2><i>borururu(naino?motto)</i></c>"
00:02:52.179,00:02:52.346,81,0,"<4><i>sonzaikanchidokudokukobo</i></c><2><i>rururu(naino?motto)</i></c>"
00:02:52.346,00:02:52.546,81,0,"<4><i>sonzaikanchidokudokukoboru</i></c><2><i>ruru(naino?motto)</i></c>"
00:02:52.546,00:02:52.746,81,0,"<4><i>sonzaikanchidokudokukoboruru</i></c><2><i>ru(naino?motto)</i></c>"
00:02:52.746,00:02:53.013,81,0,"<4><i>sonzaikanchidokudokukoborururu</i></c><2><i>(naino?motto)</i></c>"
00:02:53.013,00:02:53.180,81,0,"<4><i>sonzaikanchidokudokukoborururu(nai</i></c><2><i>no?motto)</i></c>"
00:02:53.180,00:02:53.347,81,0,"<4><i>sonzaikanchidokudokukoborururu(naino?</i></c><2><i>motto)</i></c>"
00:02:53.347,00:02:53.547,81,0,"<4><i>sonzaikanchidokudokukoborururu(naino?mot</i></c><2><i>to)</i></c>"
00:02:53.547,00:02:53.714,78,0,"<4><i>sonzaikanchidokudokukoborururu(naino?motto)</i></c>"
00:02:53.714,00:02:54.982,56,-1,"<4>Morelove(love!)sorrow(sorrow!)</c>"
00:02:53.714,00:02:53.948,-1,0,"<4><i>ai</i></c><2><i>(ai)ai!(ai!)</i></c>"
00:02:53.948,00:02:54.315,-1,0,"<4><i>ai(ai)</i></c><2><i>ai!(ai!)</i></c>"
00:02:54.315,00:02:54.615,-1,0,"<4><i>ai(ai)ai!</i></c><2><i>(ai!)</i></c>"
00:02:54.615,00:02:54.982,-1,0,"<4><i>ai(ai)ai!(ai!)</i></c>"
00:02:54.982,00:02:58.219,-1,-1,"<4>Shoutoutvenom</c>"
00:02:54.982,00:02:55.082,-1,0,"<4><i>sa</i></c><2><i>kebebe-benomu</i></c>"
00:02:55.082,00:02:55.216,-1,0,"<4><i>sake</i></c><2><i>bebe-benomu</i></c>"
00:02:55.216,00:02:55.382,-1,0,"<4><i>sakebe</i></c><2><i>be-benomu</i></c>"
00:02:55.382,00:02:55.816,-1,0,"<4><i>sakebebe-</i></c><2><i>benomu</i></c>"
00:02:55.816,00:02:56.117,-1,0,"<4><i>sakebebe-be</i></c><2><i>nomu</i></c>"
00:02:56.117,00:02:56.417,-1,0,"<4><i>sakebebe-beno</i></c><2><i>mu</i></c>"
00:02:56.417,00:02:56.717,-1,0,"<4><i>sakebebe-benomu</i></c>"
00:02:56.717,00:02:56.784,-1,0,"<4><i>sa</i></c><2><i>kebebe-benomu</i></c>"
00:02:56.784,00:02:56.884,-1,0,"<4><i>sake</i></c><2><i>bebe-benomu</i></c>"
00:02:56.884,00:02:56.984,-1,0,"<4><i>sakebe</i></c><2><i>be-benomu</i></c>"
00:02:56.984,00:02:57.384,-1,0,"<4><i>sakebebe-</i></c><2><i>benomu</i></c>"
00:02:57.384,00:02:57.685,-1,0,"<4><i>sakebebe-be</i></c><2><i>nomu</i></c>"
00:02:57.685,00:02:57.952,-1,0,"<4><i>sakebebe-beno</i></c><2><i>mu</i></c>"
00:02:57.952,00:02:58.219,-1,0,"<4><i>sakebebe-benomu</i></c>"
00:02:58.219,00:03:00.219,-1,-1,"<4>Shoutoutvenomno!</c>"
00:02:58.219,00:02:58.319,-1,0,"<4><i>sa</i></c><2><i>kebebe-benomu!(me!)</i></c>"
00:02:58.319,00:02:58.352,-1,0,"<4><i>sak</i></c><2><i>ebebe-benomu!(me!)</i></c>"
00:02:58.352,00:02:58.552,-1,0,"<4><i>sakebe</i></c><2><i>be-benomu!(me!)</i></c>"
00:02:58.552,00:02:58.786,-1,0,"<4><i>sakebebe-</i></c><2><i>benomu!(me!)</i></c>"
00:02:58.786,00:02:58.919,-1,0,"<4><i>sakebebe-be</i></c><2><i>nomu!(me!)</i></c>"
00:02:58.919,00:02:59.086,-1,0,"<4><i>sakebebe-beno</i></c><2><i>mu!(me!)</i></c>"
00:02:59.086,00:02:59.386,-1,0,"<4><i>sakebebe-benomu!</i></c><2><i>(me!)</i></c>"
00:02:59.386,00:03:00.219,-1,0,"<4><i>sakebebe-benomu!(me!)</i></c>"
00:03:01.722,00:03:12.431,-1,-1,"<4>「Venom」LyricsComposition:KairikiBearVocals:TokinoSora</c>"
00:00:05.000,00:00:05.100,100,0,"<1><i></i></c>"
