start,end,position,line,text
00:00:13.163,00:00:22.773,-1,0,"<2></c><6>TsunomakiWatame</c><4>-Revival</c><2></c>"
00:00:13.163,00:00:15.566,-1,-1,"<2></c><4>Lyrics:</c><6>TsunomakiWatame</c><2></c>"
00:00:15.566,00:00:17.968,63,-1,"<2></c><4>CompositionArrangement:Junky</c><2></c>"
00:00:17.968,00:00:20.371,58,-1,"<2></c><4>Illustrations:NekoyamaIori</c><2></c>"
00:00:20.371,00:00:22.773,-1,-1,"<2></c><4>Vocals:</c><6>TsunomakiWatame</c><2></c>"
00:00:33.117,00:00:33.283,-1,0,"<2></c><4>ko</c><3>washitaishoudou</c><2></c>"
00:00:33.117,00:00:35.519,61,-1,"<2></c><4>Destructiveimpulsetakesover</c><2></c>"
00:00:33.283,00:00:33.417,-1,0,"<2></c><4>kowa</c><3>shitaishoudou</c><2></c>"
00:00:33.417,00:00:33.584,-1,0,"<2></c><4>kowashi</c><3>taishoudou</c><2></c>"
00:00:33.584,00:00:33.817,-1,0,"<2></c><4>kowashita</c><3>ishoudou</c><2></c>"
00:00:33.817,00:00:33.984,-1,0,"<2></c><4>kowashitai</c><3>shoudou</c><2></c>"
00:00:33.984,00:00:34.184,-1,0,"<2></c><4>kowashitaisho</c><3>udou</c><2></c>"
00:00:34.184,00:00:34.351,-1,0,"<2></c><4>kowashitaishou</c><3>dou</c><2></c>"
00:00:34.351,00:00:34.485,-1,0,"<2></c><4>kowashitaishoudo</c><3>u</c><2></c>"
00:00:34.485,00:00:35.519,-1,0,"<2></c><4>kowashitaishoudou</c><2></c>"
00:00:35.519,00:00:35.652,-1,0,"<2></c><4>ku</c><3>zuretekukanjou</c><2></c>"
00:00:35.519,00:00:37.888,-1,-1,"<2></c><4>Emotionslostforever</c><2></c>"
00:00:35.652,00:00:35.786,-1,0,"<2></c><4>kuzu</c><3>retekukanjou</c><2></c>"
00:00:35.786,00:00:35.953,-1,0,"<2></c><4>kuzure</c><3>tekukanjou</c><2></c>"
00:00:35.953,00:00:36.220,-1,0,"<2></c><4>kuzurete</c><3>kukanjou</c><2></c>"
00:00:36.220,00:00:36.387,-1,0,"<2></c><4>kuzureteku</c><3>kanjou</c><2></c>"
00:00:36.387,00:00:36.553,-1,0,"<2></c><4>kuzuretekuka</c><3>njou</c><2></c>"
00:00:36.553,00:00:36.687,-1,0,"<2></c><4>kuzuretekukan</c><3>jou</c><2></c>"
00:00:36.687,00:00:36.854,-1,0,"<2></c><4>kuzuretekukanjo</c><3>u</c><2></c>"
00:00:36.854,00:00:37.888,-1,0,"<2></c><4>kuzuretekukanjou</c><2></c>"
00:00:37.888,00:00:37.955,-1,0,"<2></c><4>sa</c><3>iushinattagankou</c><2></c>"
00:00:37.888,00:00:40.290,59,-1,"<2></c><4>Eyesthathavelostallcolor</c><2></c>"
00:00:37.955,00:00:38.055,-1,0,"<2></c><4>sai</c><3>ushinattagankou</c><2></c>"
00:00:38.055,00:00:38.155,-1,0,"<2></c><4>saiu</c><3>shinattagankou</c><2></c>"
00:00:38.155,00:00:38.355,-1,0,"<2></c><4>saiushi</c><3>nattagankou</c><2></c>"
00:00:38.355,00:00:38.455,-1,0,"<2></c><4>saiushina</c><3>ttagankou</c><2></c>"
00:00:38.455,00:00:38.655,-1,0,"<2></c><4>saiushinat</c><3>tagankou</c><2></c>"
00:00:38.655,00:00:38.822,-1,0,"<2></c><4>saiushinatta</c><3>gankou</c><2></c>"
00:00:38.822,00:00:38.956,-1,0,"<2></c><4>saiushinattaga</c><3>nkou</c><2></c>"
00:00:38.956,00:00:39.123,-1,0,"<2></c><4>saiushinattagan</c><3>kou</c><2></c>"
00:00:39.123,00:00:39.289,-1,0,"<2></c><4>saiushinattaganko</c><3>u</c><2></c>"
00:00:39.289,00:00:40.290,-1,0,"<2></c><4>saiushinattagankou</c><2></c>"
00:00:40.290,00:00:40.457,-1,0,"<2></c><4>tsu</c><3>kitsukerujuukou</c><2></c>"
00:00:40.290,00:00:41.825,56,-1,"<2></c><4>Staringdownagun'sbarrel</c><2></c>"
00:00:40.457,00:00:40.624,-1,0,"<2></c><4>tsuki</c><3>tsukerujuukou</c><2></c>"
00:00:40.624,00:00:40.758,-1,0,"<2></c><4>tsukitsu</c><3>kerujuukou</c><2></c>"
00:00:40.758,00:00:41.058,-1,0,"<2></c><4>tsukitsuke</c><3>rujuukou</c><2></c>"
00:00:41.058,00:00:41.191,-1,0,"<2></c><4>tsukitsukeru</c><3>juukou</c><2></c>"
00:00:41.191,00:00:41.358,-1,0,"<2></c><4>tsukitsukeruju</c><3>ukou</c><2></c>"
00:00:41.358,00:00:41.525,-1,0,"<2></c><4>tsukitsukerujuu</c><3>kou</c><2></c>"
00:00:41.525,00:00:41.692,-1,0,"<2></c><4>tsukitsukerujuuko</c><3>u</c><2></c>"
00:00:41.692,00:00:41.825,-1,0,"<2></c><4>tsukitsukerujuukou</c><2></c>"
00:00:41.825,00:00:41.959,67,0,"<2></c><4>ma</c><3>jimenamonogabakaomirusekai</c><2></c>"
00:00:41.825,00:00:46.563,70,-1,"<2></c><4>Inthisworldniceguysfinishlast</c><2></c>"
00:00:41.959,00:00:42.426,67,0,"<2></c><4>maji</c><3>menamonogabakaomirusekai</c><2></c>"
00:00:42.426,00:00:42.593,67,0,"<2></c><4>majime</c><3>namonogabakaomirusekai</c><2></c>"
00:00:42.593,00:00:43.160,67,0,"<2></c><4>majimena</c><3>monogabakaomirusekai</c><2></c>"
00:00:43.160,00:00:43.627,67,0,"<2></c><4>majimenamo</c><3>nogabakaomirusekai</c><2></c>"
00:00:43.627,00:00:43.761,67,0,"<2></c><4>majimenamono</c><3>gabakaomirusekai</c><2></c>"
00:00:43.761,00:00:44.194,67,0,"<2></c><4>majimenamonoga</c><3>bakaomirusekai</c><2></c>"
00:00:44.194,00:00:44.361,67,0,"<2></c><4>majimenamonogaba</c><3>kaomirusekai</c><2></c>"
00:00:44.361,00:00:44.828,67,0,"<2></c><4>majimenamonogabaka</c><3>omirusekai</c><2></c>"
00:00:44.828,00:00:44.962,67,0,"<2></c><4>majimenamonogabakao</c><3>mirusekai</c><2></c>"
00:00:44.962,00:00:45.462,67,0,"<2></c><4>majimenamonogabakaomi</c><3>rusekai</c><2></c>"
00:00:45.462,00:00:45.562,67,0,"<2></c><4>majimenamonogabakaomiru</c><3>sekai</c><2></c>"
00:00:45.562,00:00:45.996,67,0,"<2></c><4>majimenamonogabakaomiruse</c><3>kai</c><2></c>"
00:00:45.996,00:00:46.163,67,0,"<2></c><4>majimenamonogabakaomiruseka</c><3>i</c><2></c>"
00:00:46.163,00:00:46.563,67,0,"<2></c><4>majimenamonogabakaomirusekai</c><2></c>"
00:00:46.563,00:00:46.764,-1,0,"<2></c><4>su</c><3>beteobokukaraubatte</c><2></c>"
00:00:46.563,00:00:51.402,58,-1,"<2></c><4>LosingeverythingIeverhad</c><2></c>"
00:00:46.764,00:00:47.231,-1,0,"<2></c><4>sube</c><3>teobokukaraubatte</c><2></c>"
00:00:47.231,00:00:47.398,-1,0,"<2></c><4>subete</c><3>obokukaraubatte</c><2></c>"
00:00:47.398,00:00:47.831,-1,0,"<2></c><4>subeteo</c><3>bokukaraubatte</c><2></c>"
00:00:47.831,00:00:47.965,-1,0,"<2></c><4>subeteobo</c><3>kukaraubatte</c><2></c>"
00:00:47.965,00:00:48.432,-1,0,"<2></c><4>subeteoboku</c><3>karaubatte</c><2></c>"
00:00:48.432,00:00:48.599,-1,0,"<2></c><4>subeteobokuka</c><3>raubatte</c><2></c>"
00:00:48.599,00:00:48.999,-1,0,"<2></c><4>subeteobokukara</c><3>ubatte</c><2></c>"
00:00:48.999,00:00:49.166,-1,0,"<2></c><4>subeteobokukarau</c><3>batte</c><2></c>"
00:00:49.166,00:00:50.067,-1,0,"<2></c><4>subeteobokukarauba</c><3>tte</c><2></c>"
00:00:50.067,00:00:50.234,-1,0,"<2></c><4>subeteobokukaraubat</c><3>te</c><2></c>"
00:00:50.234,00:00:51.402,-1,0,"<2></c><4>subeteobokukaraubatte</c><2></c>"
00:00:51.402,00:00:51.568,72,0,"<2></c><4>do</c><3>ushiteaitsuwamikudashiwarauno?</c><2></c>"
00:00:51.402,00:00:56.206,73,-1,"<2></c><4>Whydotheylookdownonmeandsneer?</c><2></c>"
00:00:51.568,00:00:52.002,72,0,"<2></c><4>dou</c><3>shiteaitsuwamikudashiwarauno?</c><2></c>"
00:00:52.002,00:00:52.169,72,0,"<2></c><4>doushi</c><3>teaitsuwamikudashiwarauno?</c><2></c>"
00:00:52.169,00:00:52.603,72,0,"<2></c><4>doushite</c><3>aitsuwamikudashiwarauno?</c><2></c>"
00:00:52.603,00:00:52.770,72,0,"<2></c><4>doushitea</c><3>itsuwamikudashiwarauno?</c><2></c>"
00:00:52.770,00:00:53.203,72,0,"<2></c><4>doushiteai</c><3>tsuwamikudashiwarauno?</c><2></c>"
00:00:53.203,00:00:53.370,72,0,"<2></c><4>doushiteaitsu</c><3>wamikudashiwarauno?</c><2></c>"
00:00:53.370,00:00:53.804,72,0,"<2></c><4>doushiteaitsuwa</c><3>mikudashiwarauno?</c><2></c>"
00:00:53.804,00:00:53.971,72,0,"<2></c><4>doushiteaitsuwami</c><3>kudashiwarauno?</c><2></c>"
00:00:53.971,00:00:54.405,72,0,"<2></c><4>doushiteaitsuwamiku</c><3>dashiwarauno?</c><2></c>"
00:00:54.405,00:00:54.605,72,0,"<2></c><4>doushiteaitsuwamikuda</c><3>shiwarauno?</c><2></c>"
00:00:54.605,00:00:55.005,72,0,"<2></c><4>doushiteaitsuwamikudashi</c><3>warauno?</c><2></c>"
00:00:55.005,00:00:55.172,72,0,"<2></c><4>doushiteaitsuwamikudashiwa</c><3>rauno?</c><2></c>"
00:00:55.172,00:00:55.606,72,0,"<2></c><4>doushiteaitsuwamikudashiwara</c><3>uno?</c><2></c>"
00:00:55.606,00:00:55.773,72,0,"<2></c><4>doushiteaitsuwamikudashiwarau</c><3>no?</c><2></c>"
00:00:55.773,00:00:56.206,72,0,"<2></c><4>doushiteaitsuwamikudashiwarauno?</c><2></c>"
00:00:56.206,00:00:56.373,-1,0,"<2></c><4>sa</c><3>kendadogoumotodokanai</c><2></c>"
00:00:56.206,00:01:00.577,67,-1,"<2></c><4>Myscreamsofrageareneverheard</c><2></c>"
00:00:56.373,00:00:56.807,-1,0,"<2></c><4>sake</c><3>ndadogoumotodokanai</c><2></c>"
00:00:56.807,00:00:56.974,-1,0,"<2></c><4>saken</c><3>dadogoumotodokanai</c><2></c>"
00:00:56.974,00:00:57.408,-1,0,"<2></c><4>sakenda</c><3>dogoumotodokanai</c><2></c>"
00:00:57.408,00:00:57.574,-1,0,"<2></c><4>sakendado</c><3>goumotodokanai</c><2></c>"
00:00:57.574,00:00:58.008,-1,0,"<2></c><4>sakendadogo</c><3>umotodokanai</c><2></c>"
00:00:58.008,00:00:58.175,-1,0,"<2></c><4>sakendadogou</c><3>motodokanai</c><2></c>"
00:00:58.175,00:00:58.609,-1,0,"<2></c><4>sakendadogoumo</c><3>todokanai</c><2></c>"
00:00:58.609,00:00:58.742,-1,0,"<2></c><4>sakendadogoumoto</c><3>dokanai</c><2></c>"
00:00:58.742,00:00:59.643,-1,0,"<2></c><4>sakendadogoumotodo</c><3>kanai</c><2></c>"
00:00:59.643,00:00:59.843,-1,0,"<2></c><4>sakendadogoumotodoka</c><3>nai</c><2></c>"
00:00:59.843,00:01:00.010,-1,0,"<2></c><4>sakendadogoumotodokana</c><3>i</c><2></c>"
00:01:00.010,00:01:00.577,-1,0,"<2></c><4>sakendadogoumotodokanai</c><2></c>"
00:01:00.577,00:01:00.744,-1,0,"<2></c><5>na</c><3>kisakendenakiwameite</c><2></c>"
00:01:00.577,00:01:03.113,-1,-1,"<2></c><5>Cryingandwailing</c><2></c>"
00:01:00.744,00:01:00.844,-1,0,"<2></c><5>naki</c><3>sakendenakiwameite</c><2></c>"
00:01:00.844,00:01:01.045,-1,0,"<2></c><5>nakisa</c><3>kendenakiwameite</c><2></c>"
00:01:01.045,00:01:01.345,-1,0,"<2></c><5>nakisake</c><3>ndenakiwameite</c><2></c>"
00:01:01.345,00:01:01.478,-1,0,"<2></c><5>nakisaken</c><3>denakiwameite</c><2></c>"
00:01:01.478,00:01:01.779,-1,0,"<2></c><5>nakisakende</c><3>nakiwameite</c><2></c>"
00:01:01.779,00:01:01.912,-1,0,"<2></c><5>nakisakendena</c><3>kiwameite</c><2></c>"
00:01:01.912,00:01:02.079,-1,0,"<2></c><5>nakisakendenaki</c><3>wameite</c><2></c>"
00:01:02.079,00:01:02.212,-1,0,"<2></c><5>nakisakendenakiwa</c><3>meite</c><2></c>"
00:01:02.212,00:01:02.513,-1,0,"<2></c><5>nakisakendenakiwame</c><3>ite</c><2></c>"
00:01:02.513,00:01:02.679,-1,0,"<2></c><5>nakisakendenakiwamei</c><3>te</c><2></c>"
00:01:02.679,00:01:03.113,-1,0,"<2></c><5>nakisakendenakiwameite</c><2></c>"
00:01:03.113,00:01:03.280,-1,0,"<2></c><5>su</c><3>kuiomotomete</c><2></c>"
00:01:03.113,00:01:05.516,-1,-1,"<2></c><5>It'ssalvationI'mseeking</c><2></c>"
00:01:03.280,00:01:03.414,-1,0,"<2></c><5>suku</c><3>iomotomete</c><2></c>"
00:01:03.414,00:01:03.580,-1,0,"<2></c><5>sukui</c><3>omotomete</c><2></c>"
00:01:03.580,00:01:03.747,-1,0,"<2></c><5>sukuio</c><3>motomete</c><2></c>"
00:01:03.747,00:01:04.014,-1,0,"<2></c><5>sukuiomo</c><3>tomete</c><2></c>"
00:01:04.014,00:01:04.481,-1,0,"<2></c><5>sukuiomoto</c><3>mete</c><2></c>"
00:01:04.481,00:01:04.615,-1,0,"<2></c><5>sukuiomotome</c><3>te</c><2></c>"
00:01:04.615,00:01:05.516,-1,0,"<2></c><5>sukuiomotomete</c><2></c>"
00:01:05.516,00:01:05.682,-1,0,"<2></c><5>ki</c><3>risaitefuriharatte</c><2></c>"
00:01:05.516,00:01:07.918,80,-1,"<2></c><5>Cuttingthroughandpushingoffeverything</c><2></c>"
00:01:05.682,00:01:05.816,-1,0,"<2></c><5>kiri</c><3>saitefuriharatte</c><2></c>"
00:01:05.816,00:01:06.116,-1,0,"<2></c><5>kirisa</c><3>itefuriharatte</c><2></c>"
00:01:06.116,00:01:06.283,-1,0,"<2></c><5>kirisai</c><3>tefuriharatte</c><2></c>"
00:01:06.283,00:01:06.583,-1,0,"<2></c><5>kirisaite</c><3>furiharatte</c><2></c>"
00:01:06.583,00:01:06.717,-1,0,"<2></c><5>kirisaitefu</c><3>riharatte</c><2></c>"
00:01:06.717,00:01:06.850,-1,0,"<2></c><5>kirisaitefuri</c><3>haratte</c><2></c>"
00:01:06.850,00:01:07.017,-1,0,"<2></c><5>kirisaitefuriha</c><3>ratte</c><2></c>"
00:01:07.017,00:01:07.317,-1,0,"<2></c><5>kirisaitefurihara</c><3>tte</c><2></c>"
00:01:07.317,00:01:07.451,-1,0,"<2></c><5>kirisaitefuriharat</c><3>te</c><2></c>"
00:01:07.451,00:01:07.918,-1,0,"<2></c><5>kirisaitefuriharatte</c><2></c>"
00:01:07.918,00:01:08.052,-1,0,"<2></c><5>ka</c><3>ramaruitootoite</c><2></c>"
00:01:07.918,00:01:10.154,59,-1,"<2></c><5>StuckinawebI'muntangling</c><2></c>"
00:01:08.052,00:01:08.185,-1,0,"<2></c><5>kara</c><3>maruitootoite</c><2></c>"
00:01:08.185,00:01:08.352,-1,0,"<2></c><5>karama</c><3>ruitootoite</c><2></c>"
00:01:08.352,00:01:08.585,-1,0,"<2></c><5>karamaru</c><3>itootoite</c><2></c>"
00:01:08.585,00:01:08.819,-1,0,"<2></c><5>karamarui</c><3>tootoite</c><2></c>"
00:01:08.819,00:01:09.119,-1,0,"<2></c><5>karamaruito</c><3>otoite</c><2></c>"
00:01:09.119,00:01:09.253,-1,0,"<2></c><5>karamaruitoo</c><3>toite</c><2></c>"
00:01:09.253,00:01:09.553,-1,0,"<2></c><5>karamaruitooto</c><3>ite</c><2></c>"
00:01:09.553,00:01:09.853,-1,0,"<2></c><5>karamaruitootoi</c><3>te</c><2></c>"
00:01:09.853,00:01:10.154,-1,0,"<2></c><5>karamaruitootoite</c><2></c>"
00:01:10.154,00:01:10.320,-1,0,"<2></c><5>to</c><3>rawareteshibararete</c><2></c>"
00:01:10.154,00:01:12.723,73,-1,"<2></c><5>Capturedandheldprisonerfornothing</c><2></c>"
00:01:10.320,00:01:10.454,-1,0,"<2></c><5>tora</c><3>wareteshibararete</c><2></c>"
00:01:10.454,00:01:10.621,-1,0,"<2></c><5>torawa</c><3>reteshibararete</c><2></c>"
00:01:10.621,00:01:11.055,-1,0,"<2></c><5>toraware</c><3>teshibararete</c><2></c>"
00:01:11.055,00:01:11.355,-1,0,"<2></c><5>torawarete</c><3>shibararete</c><2></c>"
00:01:11.355,00:01:11.522,-1,0,"<2></c><5>torawareteshi</c><3>bararete</c><2></c>"
00:01:11.522,00:01:11.655,-1,0,"<2></c><5>torawareteshiba</c><3>rarete</c><2></c>"
00:01:11.655,00:01:11.822,-1,0,"<2></c><5>torawareteshibara</c><3>rete</c><2></c>"
00:01:11.822,00:01:12.256,-1,0,"<2></c><5>torawareteshibarare</c><3>te</c><2></c>"
00:01:12.256,00:01:12.723,-1,0,"<2></c><5>torawareteshibararete</c><2></c>"
00:01:12.723,00:01:12.856,-1,0,"<2></c><5>ki</c><3>enaiitamini</c><2></c>"
00:01:12.723,00:01:15.092,-1,-1,"<2></c><5>Thepainneverdisappears</c><2></c>"
00:01:12.856,00:01:12.990,-1,0,"<2></c><5>kie</c><3>naiitamini</c><2></c>"
00:01:12.990,00:01:13.157,-1,0,"<2></c><5>kiena</c><3>iitamini</c><2></c>"
00:01:13.157,00:01:13.323,-1,0,"<2></c><5>kienai</c><3>itamini</c><2></c>"
00:01:13.323,00:01:13.624,-1,0,"<2></c><5>kienaii</c><3>tamini</c><2></c>"
00:01:13.624,00:01:14.058,-1,0,"<2></c><5>kienaiita</c><3>mini</c><2></c>"
00:01:14.058,00:01:14.224,-1,0,"<2></c><5>kienaiitami</c><3>ni</c><2></c>"
00:01:14.224,00:01:15.092,-1,0,"<2></c><5>kienaiitamini</c><2></c>"
00:01:15.092,00:01:15.259,-1,0,"<2></c><5>so</c><3>notededakishimete</c><2></c>"
00:01:15.092,00:01:17.528,67,-1,"<2></c><5>Takemeinyourarmssoreassuring</c><2></c>"
00:01:15.259,00:01:15.392,-1,0,"<2></c><5>sono</c><3>tededakishimete</c><2></c>"
00:01:15.392,00:01:15.859,-1,0,"<2></c><5>sonote</c><3>dedakishimete</c><2></c>"
00:01:15.859,00:01:16.160,-1,0,"<2></c><5>sonotede</c><3>dakishimete</c><2></c>"
00:01:16.160,00:01:16.293,-1,0,"<2></c><5>sonotededa</c><3>kishimete</c><2></c>"
00:01:16.293,00:01:16.427,-1,0,"<2></c><5>sonotededaki</c><3>shimete</c><2></c>"
00:01:16.427,00:01:16.593,-1,0,"<2></c><5>sonotededakishi</c><3>mete</c><2></c>"
00:01:16.593,00:01:17.027,-1,0,"<2></c><5>sonotededakishime</c><3>te</c><2></c>"
00:01:17.027,00:01:17.528,-1,0,"<2></c><5>sonotededakishimete</c><2></c>"
00:01:17.528,00:01:17.661,-1,0,"<2></c><5>i</c><3>kiruimiooshiete</c><2></c>"
00:01:17.528,00:01:19.763,77,-1,"<2></c><5>Andgivemeapurposeinlifeameaning</c><2></c>"
00:01:17.661,00:01:17.795,-1,0,"<2></c><5>iki</c><3>ruimiooshiete</c><2></c>"
00:01:17.795,00:01:17.928,-1,0,"<2></c><5>ikiru</c><3>imiooshiete</c><2></c>"
00:01:17.928,00:01:18.262,-1,0,"<2></c><5>ikirui</c><3>miooshiete</c><2></c>"
00:01:18.262,00:01:18.395,-1,0,"<2></c><5>ikiruimi</c><3>ooshiete</c><2></c>"
00:01:18.395,00:01:18.562,-1,0,"<2></c><5>ikiruimio</c><3>oshiete</c><2></c>"
00:01:18.562,00:01:18.729,-1,0,"<2></c><5>ikiruimioo</c><3>shiete</c><2></c>"
00:01:18.729,00:01:18.896,-1,0,"<2></c><5>ikiruimiooshi</c><3>ete</c><2></c>"
00:01:18.896,00:01:19.296,-1,0,"<2></c><5>ikiruimiooshie</c><3>te</c><2></c>"
00:01:19.296,00:01:19.763,-1,0,"<2></c><5>ikiruimiooshiete</c><2></c>"
00:01:31.141,00:01:31.442,-1,0,"<2></c><4>ho</c><3>ntouwaaishitaina</c><2></c>"
00:01:31.141,00:01:35.946,-1,-1,"<2></c><4>HowIwishIcouldlove</c><2></c>"
00:01:31.442,00:01:31.608,-1,0,"<2></c><4>hon</c><3>touwaaishitaina</c><2></c>"
00:01:31.608,00:01:31.909,-1,0,"<2></c><4>honto</c><3>uwaaishitaina</c><2></c>"
00:01:31.909,00:01:32.042,-1,0,"<2></c><4>hontou</c><3>waaishitaina</c><2></c>"
00:01:32.042,00:01:33.544,-1,0,"<2></c><4>hontouwa</c><3>aishitaina</c><2></c>"
00:01:33.544,00:01:33.710,-1,0,"<2></c><4>hontouwaa</c><3>ishitaina</c><2></c>"
00:01:33.710,00:01:33.844,-1,0,"<2></c><4>hontouwaai</c><3>shitaina</c><2></c>"
00:01:33.844,00:01:34.011,-1,0,"<2></c><4>hontouwaaishi</c><3>taina</c><2></c>"
00:01:34.011,00:01:34.311,-1,0,"<2></c><4>hontouwaaishita</c><3>ina</c><2></c>"
00:01:34.311,00:01:34.445,-1,0,"<2></c><4>hontouwaaishitai</c><3>na</c><2></c>"
00:01:34.445,00:01:35.946,-1,0,"<2></c><4>hontouwaaishitaina</c><2></c>"
00:01:35.946,00:01:36.280,-1,0,"<2></c><4>ko</c><3>nomuneokogasuhodo...</c><2></c>"
00:01:35.946,00:01:39.850,-1,-1,"<2></c><4>Thepassionburnswithin</c><2></c>"
00:01:36.280,00:01:36.580,-1,0,"<2></c><4>kono</c><3>muneokogasuhodo...</c><2></c>"
00:01:36.580,00:01:36.880,-1,0,"<2></c><4>konomu</c><3>neokogasuhodo...</c><2></c>"
00:01:36.880,00:01:37.181,-1,0,"<2></c><4>konomune</c><3>okogasuhodo...</c><2></c>"
00:01:37.181,00:01:38.215,-1,0,"<2></c><4>konomuneo</c><3>kogasuhodo...</c><2></c>"
00:01:38.215,00:01:38.382,-1,0,"<2></c><4>konomuneoko</c><3>gasuhodo...</c><2></c>"
00:01:38.382,00:01:38.649,-1,0,"<2></c><4>konomuneokoga</c><3>suhodo...</c><2></c>"
00:01:38.649,00:01:38.982,-1,0,"<2></c><4>konomuneokogasu</c><3>hodo...</c><2></c>"
00:01:38.982,00:01:39.283,-1,0,"<2></c><4>konomuneokogasuho</c><3>do...</c><2></c>"
00:01:39.283,00:01:39.850,-1,0,"<2></c><4>konomuneokogasuhodo...</c><2></c>"
00:01:39.850,00:01:40.150,-1,0,"<2></c><4>yu</c><3>meowarawaretemo</c><2></c>"
00:01:39.850,00:01:42.252,-1,-1,"<2></c><4>Dreamsmocked</c><2></c>"
00:01:40.150,00:01:40.451,-1,0,"<2></c><4>yume</c><3>owarawaretemo</c><2></c>"
00:01:40.451,00:01:40.584,-1,0,"<2></c><4>yumeo</c><3>warawaretemo</c><2></c>"
00:01:40.584,00:01:40.751,-1,0,"<2></c><4>yumeowa</c><3>rawaretemo</c><2></c>"
00:01:40.751,00:01:41.051,-1,0,"<2></c><4>yumeowara</c><3>waretemo</c><2></c>"
00:01:41.051,00:01:41.185,-1,0,"<2></c><4>yumeowarawa</c><3>retemo</c><2></c>"
00:01:41.185,00:01:41.485,-1,0,"<2></c><4>yumeowaraware</c><3>temo</c><2></c>"
00:01:41.485,00:01:41.652,-1,0,"<2></c><4>yumeowarawarete</c><3>mo</c><2></c>"
00:01:41.652,00:01:42.252,-1,0,"<2></c><4>yumeowarawaretemo</c><2></c>"
00:01:42.252,00:01:42.386,-1,0,"<2></c><4>do</c><3>ryokuhiteisaretemo</c><2></c>"
00:01:42.252,00:01:44.655,-1,-1,"<2></c><4>Hardworkrejected</c><2></c>"
00:01:42.386,00:01:42.553,-1,0,"<2></c><4>doryo</c><3>kuhiteisaretemo</c><2></c>"
00:01:42.553,00:01:42.853,-1,0,"<2></c><4>doryoku</c><3>hiteisaretemo</c><2></c>"
00:01:42.853,00:01:43.020,-1,0,"<2></c><4>doryokuhi</c><3>teisaretemo</c><2></c>"
00:01:43.020,00:01:43.153,-1,0,"<2></c><4>doryokuhite</c><3>isaretemo</c><2></c>"
00:01:43.153,00:01:43.454,-1,0,"<2></c><4>doryokuhitei</c><3>saretemo</c><2></c>"
00:01:43.454,00:01:43.587,-1,0,"<2></c><4>doryokuhiteisa</c><3>retemo</c><2></c>"
00:01:43.587,00:01:43.887,-1,0,"<2></c><4>doryokuhiteisare</c><3>temo</c><2></c>"
00:01:43.887,00:01:44.054,-1,0,"<2></c><4>doryokuhiteisarete</c><3>mo</c><2></c>"
00:01:44.054,00:01:44.655,-1,0,"<2></c><4>doryokuhiteisaretemo</c><2></c>"
00:01:44.655,00:01:44.955,-1,0,"<2></c><4>fu</c><3>mitsukeraretedemo</c><2></c>"
00:01:44.655,00:01:46.757,-1,-1,"<2></c><4>Everythingtrampled</c><2></c>"
00:01:44.955,00:01:45.222,-1,0,"<2></c><4>fumi</c><3>tsukeraretedemo</c><2></c>"
00:01:45.222,00:01:45.422,-1,0,"<2></c><4>fumitsu</c><3>keraretedemo</c><2></c>"
00:01:45.422,00:01:45.556,-1,0,"<2></c><4>fumitsuke</c><3>raretedemo</c><2></c>"
00:01:45.556,00:01:45.856,-1,0,"<2></c><4>fumitsukera</c><3>retedemo</c><2></c>"
00:01:45.856,00:01:46.023,-1,0,"<2></c><4>fumitsukerare</c><3>tedemo</c><2></c>"
00:01:46.023,00:01:46.323,-1,0,"<2></c><4>fumitsukerarete</c><3>demo</c><2></c>"
00:01:46.323,00:01:46.457,-1,0,"<2></c><4>fumitsukeraretede</c><3>mo</c><2></c>"
00:01:46.457,00:01:46.757,-1,0,"<2></c><4>fumitsukeraretedemo</c><2></c>"
00:01:46.757,00:01:47.224,-1,7,"<2></c><4>(wa</c><3>rattewaratte)</c><2></c>"
00:01:46.757,00:01:49.460,-1,85,"<2></c><4>(Andyetkeepsmiling)</c><2></c>"
00:01:47.224,00:01:47.357,-1,7,"<2></c><4>(wara</c><3>ttewaratte)</c><2></c>"
00:01:47.357,00:01:47.658,-1,7,"<2></c><4>(warat</c><3>tewaratte)</c><2></c>"
00:01:47.658,00:01:47.958,-1,7,"<2></c><4>(waratte</c><3>waratte)</c><2></c>"
00:01:47.958,00:01:48.392,-1,7,"<2></c><4>(warattewa</c><3>ratte)</c><2></c>"
00:01:48.392,00:01:48.559,-1,7,"<2></c><4>(warattewara</c><3>tte)</c><2></c>"
00:01:48.559,00:01:48.859,-1,7,"<2></c><4>(warattewarat</c><3>te)</c><2></c>"
00:01:48.859,00:01:49.460,-1,7,"<2></c><4>(warattewaratte)</c><2></c>"
00:01:49.460,00:01:49.760,-1,0,"<2></c><4>na</c><3>nigaseikainano?</c><2></c>"
00:01:49.460,00:01:51.862,-1,-1,"<2></c><4>What'stherightanswer?</c><2></c>"
00:01:49.760,00:01:50.060,-1,0,"<2></c><4>nani</c><3>gaseikainano?</c><2></c>"
00:01:50.060,00:01:50.194,-1,0,"<2></c><4>naniga</c><3>seikainano?</c><2></c>"
00:01:50.194,00:01:50.360,-1,0,"<2></c><4>nanigase</c><3>ikainano?</c><2></c>"
00:01:50.360,00:01:50.661,-1,0,"<2></c><4>nanigasei</c><3>kainano?</c><2></c>"
00:01:50.661,00:01:50.828,-1,0,"<2></c><4>nanigaseika</c><3>inano?</c><2></c>"
00:01:50.828,00:01:51.128,-1,0,"<2></c><4>nanigaseikai</c><3>nano?</c><2></c>"
00:01:51.128,00:01:51.261,-1,0,"<2></c><4>nanigaseikaina</c><3>no?</c><2></c>"
00:01:51.261,00:01:51.862,-1,0,"<2></c><4>nanigaseikainano?</c><2></c>"
00:01:51.862,00:01:52.029,-1,0,"<2></c><4>bo</c><3>kuniwawakaranaiyo</c><2></c>"
00:01:51.862,00:01:54.264,-1,-1,"<2></c><4>Ihavenoidea</c><2></c>"
00:01:52.029,00:01:52.162,-1,0,"<2></c><4>boku</c><3>niwawakaranaiyo</c><2></c>"
00:01:52.162,00:01:52.463,-1,0,"<2></c><4>bokuni</c><3>wawakaranaiyo</c><2></c>"
00:01:52.463,00:01:52.596,-1,0,"<2></c><4>bokuniwa</c><3>wakaranaiyo</c><2></c>"
00:01:52.596,00:01:52.763,-1,0,"<2></c><4>bokuniwawa</c><3>karanaiyo</c><2></c>"
00:01:52.763,00:01:53.063,-1,0,"<2></c><4>bokuniwawaka</c><3>ranaiyo</c><2></c>"
00:01:53.063,00:01:53.197,-1,0,"<2></c><4>bokuniwawakara</c><3>naiyo</c><2></c>"
00:01:53.197,00:01:53.497,-1,0,"<2></c><4>bokuniwawakarana</c><3>iyo</c><2></c>"
00:01:53.497,00:01:53.664,-1,0,"<2></c><4>bokuniwawakaranai</c><3>yo</c><2></c>"
00:01:53.664,00:01:54.264,-1,0,"<2></c><4>bokuniwawakaranaiyo</c><2></c>"
00:01:54.264,00:01:54.431,-1,0,"<2></c><4>ka</c><3>njounantemouiranaiyo</c><2></c>"
00:01:54.264,00:01:58.168,64,-1,"<2></c><4>Butthetimeforfeelingisover</c><2></c>"
00:01:54.431,00:01:54.565,-1,0,"<2></c><4>kan</c><3>jounantemouiranaiyo</c><2></c>"
00:01:54.565,00:01:54.731,-1,0,"<2></c><4>kanjo</c><3>unantemouiranaiyo</c><2></c>"
00:01:54.731,00:01:54.865,-1,0,"<2></c><4>kanjou</c><3>nantemouiranaiyo</c><2></c>"
00:01:54.865,00:01:55.032,-1,0,"<2></c><4>kanjouna</c><3>ntemouiranaiyo</c><2></c>"
00:01:55.032,00:01:55.165,-1,0,"<2></c><4>kanjounan</c><3>temouiranaiyo</c><2></c>"
00:01:55.165,00:01:55.466,-1,0,"<2></c><4>kanjounante</c><3>mouiranaiyo</c><2></c>"
00:01:55.466,00:01:55.599,-1,0,"<2></c><4>kanjounantemo</c><3>uiranaiyo</c><2></c>"
00:01:55.599,00:01:55.899,-1,0,"<2></c><4>kanjounantemou</c><3>iranaiyo</c><2></c>"
00:01:55.899,00:01:56.066,-1,0,"<2></c><4>kanjounantemoui</c><3>ranaiyo</c><2></c>"
00:01:56.066,00:01:56.366,-1,0,"<2></c><4>kanjounantemouira</c><3>naiyo</c><2></c>"
00:01:56.366,00:01:57.301,-1,0,"<2></c><4>kanjounantemouirana</c><3>iyo</c><2></c>"
00:01:57.301,00:01:57.401,-1,0,"<2></c><4>kanjounantemouiranai</c><3>yo</c><2></c>"
00:01:57.401,00:01:58.168,-1,0,"<2></c><4>kanjounantemouiranaiyo</c><2></c>"
00:01:58.168,00:01:58.335,-1,0,"<2></c><5>na</c><3>midanadokarehatete</c><2></c>"
00:01:58.168,00:02:00.704,70,-1,"<2></c><5>Shedtoomanytearsthey'verundry</c><2></c>"
00:01:58.335,00:01:58.469,-1,0,"<2></c><5>nami</c><3>danadokarehatete</c><2></c>"
00:01:58.469,00:01:58.635,-1,0,"<2></c><5>namida</c><3>nadokarehatete</c><2></c>"
00:01:58.635,00:01:59.069,-1,0,"<2></c><5>namidana</c><3>dokarehatete</c><2></c>"
00:01:59.069,00:01:59.369,-1,0,"<2></c><5>namidanado</c><3>karehatete</c><2></c>"
00:01:59.369,00:01:59.503,-1,0,"<2></c><5>namidanadoka</c><3>rehatete</c><2></c>"
00:01:59.503,00:01:59.670,-1,0,"<2></c><5>namidanadokare</c><3>hatete</c><2></c>"
00:01:59.670,00:01:59.803,-1,0,"<2></c><5>namidanadokareha</c><3>tete</c><2></c>"
00:01:59.803,00:02:00.270,-1,0,"<2></c><5>namidanadokarehate</c><3>te</c><2></c>"
00:02:00.270,00:02:00.704,-1,0,"<2></c><5>namidanadokarehatete</c><2></c>"
00:02:00.704,00:02:00.871,-1,0,"<2></c><5>ko</c><3>noyoonikunde</c><2></c>"
00:02:00.704,00:02:03.107,-1,-1,"<2></c><5>Hatetheworlddespise</c><2></c>"
00:02:00.871,00:02:01.004,-1,0,"<2></c><5>kono</c><3>yoonikunde</c><2></c>"
00:02:01.004,00:02:01.171,-1,0,"<2></c><5>konoyo</c><3>onikunde</c><2></c>"
00:02:01.171,00:02:01.338,-1,0,"<2></c><5>konoyoo</c><3>nikunde</c><2></c>"
00:02:01.338,00:02:01.638,-1,0,"<2></c><5>konoyooni</c><3>kunde</c><2></c>"
00:02:01.638,00:02:02.039,-1,0,"<2></c><5>konoyooniku</c><3>nde</c><2></c>"
00:02:02.039,00:02:02.206,-1,0,"<2></c><5>konoyoonikun</c><3>de</c><2></c>"
00:02:02.206,00:02:03.107,-1,0,"<2></c><5>konoyoonikunde</c><2></c>"
00:02:03.107,00:02:03.240,-1,0,"<2></c><5>ka</c><3>mitsuitekizutsukete</c><2></c>"
00:02:03.107,00:02:05.509,72,-1,"<2></c><5>Hurtoneandalllookingforafight</c><2></c>"
00:02:03.240,00:02:03.407,-1,0,"<2></c><5>kami</c><3>tsuitekizutsukete</c><2></c>"
00:02:03.407,00:02:03.674,-1,0,"<2></c><5>kamitsu</c><3>itekizutsukete</c><2></c>"
00:02:03.674,00:02:03.841,-1,0,"<2></c><5>kamitsui</c><3>tekizutsukete</c><2></c>"
00:02:03.841,00:02:04.141,-1,0,"<2></c><5>kamitsuite</c><3>kizutsukete</c><2></c>"
00:02:04.141,00:02:04.274,-1,0,"<2></c><5>kamitsuiteki</c><3>zutsukete</c><2></c>"
00:02:04.274,00:02:04.441,-1,0,"<2></c><5>kamitsuitekizu</c><3>tsukete</c><2></c>"
00:02:04.441,00:02:04.575,-1,0,"<2></c><5>kamitsuitekizutsu</c><3>kete</c><2></c>"
00:02:04.575,00:02:05.042,-1,0,"<2></c><5>kamitsuitekizutsuke</c><3>te</c><2></c>"
00:02:05.042,00:02:05.509,-1,0,"<2></c><5>kamitsuitekizutsukete</c><2></c>"
00:02:05.509,00:02:05.642,-1,0,"<2></c><5>a</c><3>kaimeniutsushite</c><2></c>"
00:02:05.509,00:02:07.744,73,-1,"<2></c><5>Everythingreflectedintheseredeyes</c><2></c>"
00:02:05.642,00:02:05.809,-1,0,"<2></c><5>aka</c><3>imeniutsushite</c><2></c>"
00:02:05.809,00:02:05.943,-1,0,"<2></c><5>akai</c><3>meniutsushite</c><2></c>"
00:02:05.943,00:02:06.243,-1,0,"<2></c><5>akaime</c><3>niutsushite</c><2></c>"
00:02:06.243,00:02:06.376,-1,0,"<2></c><5>akaimeni</c><3>utsushite</c><2></c>"
00:02:06.376,00:02:06.710,-1,0,"<2></c><5>akaimeniu</c><3>tsushite</c><2></c>"
00:02:06.710,00:02:06.844,-1,0,"<2></c><5>akaimeniutsu</c><3>shite</c><2></c>"
00:02:06.844,00:02:07.444,-1,0,"<2></c><5>akaimeniutsushi</c><3>te</c><2></c>"
00:02:07.444,00:02:07.744,-1,0,"<2></c><5>akaimeniutsushite</c><2></c>"
00:02:07.744,00:02:07.878,-1,0,"<2></c><5>ki</c><3>okushitekizamikonde</c><2></c>"
00:02:07.744,00:02:10.314,-1,-1,"<2></c><5>Rememberitallmemorize</c><2></c>"
00:02:07.878,00:02:08.045,-1,0,"<2></c><5>kio</c><3>kushitekizamikonde</c><2></c>"
00:02:08.045,00:02:08.212,-1,0,"<2></c><5>kioku</c><3>shitekizamikonde</c><2></c>"
00:02:08.212,00:02:08.645,-1,0,"<2></c><5>kiokushi</c><3>tekizamikonde</c><2></c>"
00:02:08.645,00:02:08.946,-1,0,"<2></c><5>kiokushite</c><3>kizamikonde</c><2></c>"
00:02:08.946,00:02:09.113,-1,0,"<2></c><5>kiokushiteki</c><3>zamikonde</c><2></c>"
00:02:09.113,00:02:09.246,-1,0,"<2></c><5>kiokushitekiza</c><3>mikonde</c><2></c>"
00:02:09.246,00:02:09.413,-1,0,"<2></c><5>kiokushitekizami</c><3>konde</c><2></c>"
00:02:09.413,00:02:09.680,-1,0,"<2></c><5>kiokushitekizamiko</c><3>nde</c><2></c>"
00:02:09.680,00:02:09.847,-1,0,"<2></c><5>kiokushitekizamikon</c><3>de</c><2></c>"
00:02:09.847,00:02:10.314,-1,0,"<2></c><5>kiokushitekizamikonde</c><2></c>"
00:02:10.314,00:02:10.481,-1,0,"<2></c><5>ki</c><3>enaiitamio</c><2></c>"
00:02:10.314,00:02:12.749,-1,-1,"<2></c><5>Thispainneverdisappears</c><2></c>"
00:02:10.481,00:02:10.614,-1,0,"<2></c><5>kie</c><3>naiitamio</c><2></c>"
00:02:10.614,00:02:10.781,-1,0,"<2></c><5>kiena</c><3>iitamio</c><2></c>"
00:02:10.781,00:02:10.914,-1,0,"<2></c><5>kienai</c><3>itamio</c><2></c>"
00:02:10.914,00:02:11.215,-1,0,"<2></c><5>kienaii</c><3>tamio</c><2></c>"
00:02:11.215,00:02:11.648,-1,0,"<2></c><5>kienaiita</c><3>mio</c><2></c>"
00:02:11.648,00:02:11.815,-1,0,"<2></c><5>kienaiitami</c><3>o</c><2></c>"
00:02:11.815,00:02:12.749,-1,0,"<2></c><5>kienaiitamio</c><2></c>"
00:02:12.749,00:02:12.883,-1,0,"<2></c><5>ne</c><3>emoudaredemoii</c><2></c>"
00:02:12.749,00:02:15.119,-1,-1,"<2></c><5>Idon'tcarewhoanymore</c><2></c>"
00:02:12.883,00:02:13.016,-1,0,"<2></c><5>nee</c><3>moudaredemoii</c><2></c>"
00:02:13.016,00:02:13.450,-1,0,"<2></c><5>neemo</c><3>udaredemoii</c><2></c>"
00:02:13.450,00:02:13.750,-1,0,"<2></c><5>neemou</c><3>daredemoii</c><2></c>"
00:02:13.750,00:02:13.917,-1,0,"<2></c><5>neemouda</c><3>redemoii</c><2></c>"
00:02:13.917,00:02:14.051,-1,0,"<2></c><5>neemoudare</c><3>demoii</c><2></c>"
00:02:14.051,00:02:14.184,-1,0,"<2></c><5>neemoudarede</c><3>moii</c><2></c>"
00:02:14.184,00:02:14.651,-1,0,"<2></c><5>neemoudaredemo</c><3>ii</c><2></c>"
00:02:14.651,00:02:14.785,-1,0,"<2></c><5>neemoudaredemoi</c><3>i</c><2></c>"
00:02:14.785,00:02:15.119,-1,0,"<2></c><5>neemoudaredemoii</c><2></c>"
00:02:15.119,00:02:15.252,-1,0,"<2></c><5>i</c><3>kiruimiooshiete</c><2></c>"
00:02:15.119,00:02:17.654,-1,91,"<2></c><5>Pleasejustgivemea</c><2></c><5>purposeinlifeameaning</c><2></c>"
00:02:15.252,00:02:15.419,-1,0,"<2></c><5>iki</c><3>ruimiooshiete</c><2></c>"
00:02:15.419,00:02:15.552,-1,0,"<2></c><5>ikiru</c><3>imiooshiete</c><2></c>"
00:02:15.552,00:02:15.853,-1,0,"<2></c><5>ikirui</c><3>miooshiete</c><2></c>"
00:02:15.853,00:02:15.986,-1,0,"<2></c><5>ikiruimi</c><3>ooshiete</c><2></c>"
00:02:15.986,00:02:16.120,-1,0,"<2></c><5>ikiruimio</c><3>oshiete</c><2></c>"
00:02:16.120,00:02:16.353,-1,0,"<2></c><5>ikiruimioo</c><3>shiete</c><2></c>"
00:02:16.353,00:02:16.487,-1,0,"<2></c><5>ikiruimiooshi</c><3>ete</c><2></c>"
00:02:16.487,00:02:17.020,-1,0,"<2></c><5>ikiruimiooshie</c><3>te</c><2></c>"
00:02:17.020,00:02:17.654,-1,0,"<2></c><5>ikiruimiooshiete</c><2></c>"
00:02:17.654,00:02:17.988,-1,0,"<2></c><5>i</c><3>ma</c><2></c>"
00:02:17.654,00:02:19.156,-1,-1,"<2></c><5>Rightnow</c><2></c>"
00:02:17.988,00:02:19.156,-1,0,"<2></c><5>ima</c><2></c>"
00:02:38.075,00:02:38.408,-1,0,"<2></c><1>ka</c><3>sukanikikoerukoe</c><2></c>"
00:02:38.075,00:02:47.651,58,-1,"<2></c><1>Hearingavoicethat'sfaint</c><2></c>"
00:02:38.408,00:02:40.544,-1,0,"<2></c><1>kasu</c><3>kanikikoerukoe</c><2></c>"
00:02:40.544,00:02:40.711,-1,0,"<2></c><1>kasuka</c><3>nikikoerukoe</c><2></c>"
00:02:40.711,00:02:42.546,-1,0,"<2></c><1>kasukani</c><3>kikoerukoe</c><2></c>"
00:02:42.546,00:02:42.746,-1,0,"<2></c><1>kasukaniki</c><3>koerukoe</c><2></c>"
00:02:42.746,00:02:42.913,-1,0,"<2></c><1>kasukanikiko</c><3>erukoe</c><2></c>"
00:02:42.913,00:02:43.080,-1,0,"<2></c><1>kasukanikikoe</c><3>rukoe</c><2></c>"
00:02:43.080,00:02:45.282,-1,0,"<2></c><1>kasukanikikoeru</c><3>koe</c><2></c>"
00:02:45.282,00:02:45.449,-1,0,"<2></c><1>kasukanikikoeruko</c><3>e</c><2></c>"
00:02:45.449,00:02:47.651,-1,0,"<2></c><1>kasukanikikoerukoe</c><2></c>"
00:02:47.651,00:02:47.985,-1,0,"<2></c><1>ya</c><3>mimaokirisakukoe</c><2></c>"
00:02:47.651,00:02:57.227,61,-1,"<2></c><1>Avoicethatpiercesthenight</c><2></c>"
00:02:47.985,00:02:50.087,-1,0,"<2></c><1>yami</c><3>maokirisakukoe</c><2></c>"
00:02:50.087,00:02:50.254,-1,0,"<2></c><1>yamima</c><3>okirisakukoe</c><2></c>"
00:02:50.254,00:02:52.156,-1,0,"<2></c><1>yamimao</c><3>kirisakukoe</c><2></c>"
00:02:52.156,00:02:52.322,-1,0,"<2></c><1>yamimaoki</c><3>risakukoe</c><2></c>"
00:02:52.322,00:02:52.456,-1,0,"<2></c><1>yamimaokiri</c><3>sakukoe</c><2></c>"
00:02:52.456,00:02:52.656,-1,0,"<2></c><1>yamimaokirisa</c><3>kukoe</c><2></c>"
00:02:52.656,00:02:54.858,-1,0,"<2></c><1>yamimaokirisaku</c><3>koe</c><2></c>"
00:02:54.858,00:02:55.058,-1,0,"<2></c><1>yamimaokirisakuko</c><3>e</c><2></c>"
00:02:55.058,00:02:57.227,-1,0,"<2></c><1>yamimaokirisakukoe</c><2></c>"
00:02:57.227,00:02:57.561,-1,0,"<2></c><1>sa</c><3>aimaippoofumidase</c><2></c>"
00:02:57.227,00:03:06.570,-1,-1,"<2></c><1>Nowtakeastepforward</c><2></c>"
00:02:57.561,00:02:58.462,-1,0,"<2></c><1>saa</c><3>imaippoofumidase</c><2></c>"
00:02:58.462,00:02:58.629,-1,0,"<2></c><1>saai</c><3>maippoofumidase</c><2></c>"
00:02:58.629,00:02:59.663,-1,0,"<2></c><1>saaima</c><3>ippoofumidase</c><2></c>"
00:02:59.663,00:02:59.963,-1,0,"<2></c><1>saaimai</c><3>ppoofumidase</c><2></c>"
00:02:59.963,00:03:00.831,-1,0,"<2></c><1>saaimaip</c><3>poofumidase</c><2></c>"
00:03:00.831,00:03:01.031,-1,0,"<2></c><1>saaimaippo</c><3>ofumidase</c><2></c>"
00:03:01.031,00:03:02.032,-1,0,"<2></c><1>saaimaippoo</c><3>fumidase</c><2></c>"
00:03:02.032,00:03:02.366,-1,0,"<2></c><1>saaimaippoofu</c><3>midase</c><2></c>"
00:03:02.366,00:03:03.233,-1,0,"<2></c><1>saaimaippoofumi</c><3>dase</c><2></c>"
00:03:03.233,00:03:03.467,-1,0,"<2></c><1>saaimaippoofumida</c><3>se</c><2></c>"
00:03:03.467,00:03:06.570,-1,0,"<2></c><1>saaimaippoofumidase</c><2></c>"
00:03:06.570,00:03:06.703,-1,0,"<2></c><1>o</c><3>mokutemotsurakutemo</c><2></c>"
00:03:06.570,00:03:11.375,66,-1,"<2></c><1>Nomatterhowwearyhowstrained</c><2></c>"
00:03:06.703,00:03:06.837,-1,0,"<2></c><1>omo</c><3>kutemotsurakutemo</c><2></c>"
00:03:06.837,00:03:07.004,-1,0,"<2></c><1>omoku</c><3>temotsurakutemo</c><2></c>"
00:03:07.004,00:03:07.437,-1,0,"<2></c><1>omokute</c><3>motsurakutemo</c><2></c>"
00:03:07.437,00:03:08.906,-1,0,"<2></c><1>omokutemo</c><3>tsurakutemo</c><2></c>"
00:03:08.906,00:03:09.072,-1,0,"<2></c><1>omokutemotsu</c><3>rakutemo</c><2></c>"
00:03:09.072,00:03:09.239,-1,0,"<2></c><1>omokutemotsura</c><3>kutemo</c><2></c>"
00:03:09.239,00:03:09.406,-1,0,"<2></c><1>omokutemotsuraku</c><3>temo</c><2></c>"
00:03:09.406,00:03:09.873,-1,0,"<2></c><1>omokutemotsurakute</c><3>mo</c><2></c>"
00:03:09.873,00:03:11.375,-1,0,"<2></c><1>omokutemotsurakutemo</c><2></c>"
00:03:11.375,00:03:11.542,-1,0,"<2></c><1>mo</c><3>uichidotachiagare!</c><2></c>"
00:03:11.375,00:03:16.180,61,-1,"<2></c><1>Riseupagainandtakeastand</c><2></c>"
00:03:11.542,00:03:11.642,-1,0,"<2></c><1>mou</c><3>ichidotachiagare!</c><2></c>"
00:03:11.642,00:03:11.808,-1,0,"<2></c><1>moui</c><3>chidotachiagare!</c><2></c>"
00:03:11.808,00:03:12.276,-1,0,"<2></c><1>mouichi</c><3>dotachiagare!</c><2></c>"
00:03:12.276,00:03:13.744,-1,0,"<2></c><1>mouichido</c><3>tachiagare!</c><2></c>"
00:03:13.744,00:03:13.911,-1,0,"<2></c><1>mouichidota</c><3>chiagare!</c><2></c>"
00:03:13.911,00:03:14.077,-1,0,"<2></c><1>mouichidotachi</c><3>agare!</c><2></c>"
00:03:14.077,00:03:14.278,-1,0,"<2></c><1>mouichidotachia</c><3>gare!</c><2></c>"
00:03:14.278,00:03:14.711,-1,0,"<2></c><1>mouichidotachiaga</c><3>re!</c><2></c>"
00:03:14.711,00:03:16.180,-1,0,"<2></c><1>mouichidotachiagare!</c><2></c>"
00:03:16.180,00:03:16.346,-1,0,"<2></c><5>ka</c><3>kenuketeteonobashite</c><2></c>"
00:03:16.180,00:03:18.715,58,-1,"<2></c><5>Runthroughandreachingout</c><2></c>"
00:03:16.346,00:03:16.480,-1,0,"<2></c><5>kake</c><3>nuketeteonobashite</c><2></c>"
00:03:16.480,00:03:16.613,-1,0,"<2></c><5>kakenu</c><3>keteteonobashite</c><2></c>"
00:03:16.613,00:03:17.080,-1,0,"<2></c><5>kakenuke</c><3>teteonobashite</c><2></c>"
00:03:17.080,00:03:17.381,-1,0,"<2></c><5>kakenukete</c><3>teonobashite</c><2></c>"
00:03:17.381,00:03:17.514,-1,0,"<2></c><5>kakenuketete</c><3>onobashite</c><2></c>"
00:03:17.514,00:03:17.681,-1,0,"<2></c><5>kakenuketeteo</c><3>nobashite</c><2></c>"
00:03:17.681,00:03:17.814,-1,0,"<2></c><5>kakenuketeteono</c><3>bashite</c><2></c>"
00:03:17.814,00:03:18.115,-1,0,"<2></c><5>kakenuketeteonoba</c><3>shite</c><2></c>"
00:03:18.115,00:03:18.282,-1,0,"<2></c><5>kakenuketeteonobashi</c><3>te</c><2></c>"
00:03:18.282,00:03:18.715,-1,0,"<2></c><5>kakenuketeteonobashite</c><2></c>"
00:03:18.715,00:03:18.849,-1,0,"<2></c><5>hi</c><3>kariomotomete</c><2></c>"
00:03:18.715,00:03:21.118,-1,-1,"<2></c><5>Forthelight</c><2></c>"
00:03:18.849,00:03:19.016,-1,0,"<2></c><5>hika</c><3>riomotomete</c><2></c>"
00:03:19.016,00:03:19.149,-1,0,"<2></c><5>hikari</c><3>omotomete</c><2></c>"
00:03:19.149,00:03:19.316,-1,0,"<2></c><5>hikario</c><3>motomete</c><2></c>"
00:03:19.316,00:03:19.616,-1,0,"<2></c><5>hikariomo</c><3>tomete</c><2></c>"
00:03:19.616,00:03:20.050,-1,0,"<2></c><5>hikariomoto</c><3>mete</c><2></c>"
00:03:20.050,00:03:20.217,-1,0,"<2></c><5>hikariomotome</c><3>te</c><2></c>"
00:03:20.217,00:03:21.118,-1,0,"<2></c><5>hikariomotomete</c><2></c>"
00:03:21.118,00:03:21.285,-1,0,"<2></c><5>da</c><3>ijoubusukoshizutsu</c><2></c>"
00:03:21.118,00:03:23.520,-1,-1,"<2></c><5>It'sokaytakingitslow</c><2></c>"
00:03:21.285,00:03:21.418,-1,0,"<2></c><5>dai</c><3>joubusukoshizutsu</c><2></c>"
00:03:21.418,00:03:21.552,-1,0,"<2></c><5>daijo</c><3>ubusukoshizutsu</c><2></c>"
00:03:21.552,00:03:21.852,-1,0,"<2></c><5>daijou</c><3>busukoshizutsu</c><2></c>"
00:03:21.852,00:03:22.186,-1,0,"<2></c><5>daijoubu</c><3>sukoshizutsu</c><2></c>"
00:03:22.186,00:03:22.319,-1,0,"<2></c><5>daijoubusu</c><3>koshizutsu</c><2></c>"
00:03:22.319,00:03:22.486,-1,0,"<2></c><5>daijoubusuko</c><3>shizutsu</c><2></c>"
00:03:22.486,00:03:22.619,-1,0,"<2></c><5>daijoubusukoshi</c><3>zutsu</c><2></c>"
00:03:22.619,00:03:23.053,-1,0,"<2></c><5>daijoubusukoshizu</c><3>tsu</c><2></c>"
00:03:23.053,00:03:23.520,-1,0,"<2></c><5>daijoubusukoshizutsu</c><2></c>"
00:03:23.520,00:03:23.654,-1,0,"<2></c><5>a</c><3>rinomamanojibunde</c><2></c>"
00:03:23.520,00:03:25.756,-1,-1,"<2></c><5>Stayingtruetomyself</c><2></c>"
00:03:23.654,00:03:23.787,-1,0,"<2></c><5>ari</c><3>nomamanojibunde</c><2></c>"
00:03:23.787,00:03:23.954,-1,0,"<2></c><5>arino</c><3>mamanojibunde</c><2></c>"
00:03:23.954,00:03:24.254,-1,0,"<2></c><5>arinoma</c><3>manojibunde</c><2></c>"
00:03:24.254,00:03:24.421,-1,0,"<2></c><5>arinomama</c><3>nojibunde</c><2></c>"
00:03:24.421,00:03:24.721,-1,0,"<2></c><5>arinomamano</c><3>jibunde</c><2></c>"
00:03:24.721,00:03:24.855,-1,0,"<2></c><5>arinomamanoji</c><3>bunde</c><2></c>"
00:03:24.855,00:03:25.289,-1,0,"<2></c><5>arinomamanojibu</c><3>nde</c><2></c>"
00:03:25.289,00:03:25.455,-1,0,"<2></c><5>arinomamanojibun</c><3>de</c><2></c>"
00:03:25.455,00:03:25.756,-1,0,"<2></c><5>arinomamanojibunde</c><2></c>"
00:03:25.756,00:03:25.923,-1,0,"<2></c><5>ko</c><3>rondemohaiagatte</c><2></c>"
00:03:25.756,00:03:28.325,56,-1,"<2></c><5>Fallingbutgettingbackup</c><2></c>"
00:03:25.923,00:03:26.089,-1,0,"<2></c><5>koro</c><3>ndemohaiagatte</c><2></c>"
00:03:26.089,00:03:26.223,-1,0,"<2></c><5>koron</c><3>demohaiagatte</c><2></c>"
00:03:26.223,00:03:26.657,-1,0,"<2></c><5>koronde</c><3>mohaiagatte</c><2></c>"
00:03:26.657,00:03:27.024,-1,0,"<2></c><5>korondemo</c><3>haiagatte</c><2></c>"
00:03:27.024,00:03:27.157,-1,0,"<2></c><5>korondemoha</c><3>iagatte</c><2></c>"
00:03:27.157,00:03:27.291,-1,0,"<2></c><5>korondemohai</c><3>agatte</c><2></c>"
00:03:27.291,00:03:27.424,-1,0,"<2></c><5>korondemohaia</c><3>gatte</c><2></c>"
00:03:27.424,00:03:27.558,-1,0,"<2></c><5>korondemohaiaga</c><3>tte</c><2></c>"
00:03:27.558,00:03:27.858,-1,0,"<2></c><5>korondemohaiagat</c><3>te</c><2></c>"
00:03:27.858,00:03:28.325,-1,0,"<2></c><5>korondemohaiagatte</c><2></c>"
00:03:28.325,00:03:28.458,-1,0,"<2></c><5>yo</c><3>runinomaretemo</c><2></c>"
00:03:28.325,00:03:30.727,58,-1,"<2></c><5>IfI'mfadingintothenight</c><2></c>"
00:03:28.458,00:03:28.625,-1,0,"<2></c><5>yoru</c><3>ninomaretemo</c><2></c>"
00:03:28.625,00:03:28.759,-1,0,"<2></c><5>yoruni</c><3>nomaretemo</c><2></c>"
00:03:28.759,00:03:28.926,-1,0,"<2></c><5>yorunino</c><3>maretemo</c><2></c>"
00:03:28.926,00:03:29.226,-1,0,"<2></c><5>yoruninoma</c><3>retemo</c><2></c>"
00:03:29.226,00:03:29.660,-1,0,"<2></c><5>yoruninomare</c><3>temo</c><2></c>"
00:03:29.660,00:03:29.826,-1,0,"<2></c><5>yoruninomarete</c><3>mo</c><2></c>"
00:03:29.826,00:03:30.727,-1,0,"<2></c><5>yoruninomaretemo</c><2></c>"
00:03:30.727,00:03:30.861,-1,0,"<2></c><5>na</c><3>gashitanamidasae</c><2></c>"
00:03:30.727,00:03:33.130,59,-1,"<2></c><5>I'lltakethetearsI'veshed</c><2></c>"
00:03:30.861,00:03:31.028,-1,0,"<2></c><5>naga</c><3>shitanamidasae</c><2></c>"
00:03:31.028,00:03:31.461,-1,0,"<2></c><5>nagashi</c><3>tanamidasae</c><2></c>"
00:03:31.461,00:03:31.762,-1,0,"<2></c><5>nagashita</c><3>namidasae</c><2></c>"
00:03:31.762,00:03:31.929,-1,0,"<2></c><5>nagashitana</c><3>midasae</c><2></c>"
00:03:31.929,00:03:32.062,-1,0,"<2></c><5>nagashitanami</c><3>dasae</c><2></c>"
00:03:32.062,00:03:32.196,-1,0,"<2></c><5>nagashitanamida</c><3>sae</c><2></c>"
00:03:32.196,00:03:32.629,-1,0,"<2></c><5>nagashitanamidasa</c><3>e</c><2></c>"
00:03:32.629,00:03:33.130,-1,0,"<2></c><5>nagashitanamidasae</c><2></c>"
00:03:33.130,00:03:33.263,-1,0,"<2></c><5>chi</c><3>karanikaeteiku</c><2></c>"
00:03:33.130,00:03:35.332,-1,-1,"<2></c><5>Andusethemtofuelme</c><2></c>"
00:03:33.263,00:03:33.397,-1,0,"<2></c><5>chika</c><3>ranikaeteiku</c><2></c>"
00:03:33.397,00:03:33.564,-1,0,"<2></c><5>chikara</c><3>nikaeteiku</c><2></c>"
00:03:33.564,00:03:33.864,-1,0,"<2></c><5>chikarani</c><3>kaeteiku</c><2></c>"
00:03:33.864,00:03:34.031,-1,0,"<2></c><5>chikaranika</c><3>eteiku</c><2></c>"
00:03:34.031,00:03:34.331,-1,0,"<2></c><5>chikaranikae</c><3>teiku</c><2></c>"
00:03:34.331,00:03:34.464,-1,0,"<2></c><5>chikaranikaete</c><3>iku</c><2></c>"
00:03:34.464,00:03:35.032,-1,0,"<2></c><5>chikaranikaetei</c><3>ku</c><2></c>"
00:03:35.032,00:03:35.332,-1,0,"<2></c><5>chikaranikaeteiku</c><2></c>"
00:03:35.332,00:03:35.499,-1,0,"<2></c><4>ko</c><3>noinochimoeagare</c><2></c>"
00:03:35.332,00:03:40.170,-1,-1,"<2></c><4>Burnmylifeinpassion</c><2></c>"
00:03:35.499,00:03:35.666,-1,0,"<2></c><4>kono</c><3>inochimoeagare</c><2></c>"
00:03:35.666,00:03:35.799,-1,0,"<2></c><4>konoi</c><3>nochimoeagare</c><2></c>"
00:03:35.799,00:03:36.266,-1,0,"<2></c><4>konoino</c><3>chimoeagare</c><2></c>"
00:03:36.266,00:03:37.768,-1,0,"<2></c><4>konoinochi</c><3>moeagare</c><2></c>"
00:03:37.768,00:03:37.935,-1,0,"<2></c><4>konoinochimo</c><3>eagare</c><2></c>"
00:03:37.935,00:03:38.068,-1,0,"<2></c><4>konoinochimoe</c><3>agare</c><2></c>"
00:03:38.068,00:03:38.202,-1,0,"<2></c><4>konoinochimoea</c><3>gare</c><2></c>"
00:03:38.202,00:03:38.635,-1,0,"<2></c><4>konoinochimoeaga</c><3>re</c><2></c>"
00:03:38.635,00:03:40.170,-1,0,"<2></c><4>konoinochimoeagare</c><2></c>"
00:03:40.170,00:03:40.304,-1,0,"<2></c><4>bo</c><3>kuwamadaowarijanai</c><2></c>"
00:03:40.170,00:03:44.975,-1,-1,"<2></c><4>I'mnowhereneardone</c><2></c>"
00:03:40.304,00:03:40.470,-1,0,"<2></c><4>boku</c><3>wamadaowarijanai</c><2></c>"
00:03:40.470,00:03:40.604,-1,0,"<2></c><4>bokuwa</c><3>madaowarijanai</c><2></c>"
00:03:40.604,00:03:41.071,-1,0,"<2></c><4>bokuwama</c><3>daowarijanai</c><2></c>"
00:03:41.071,00:03:42.573,-1,0,"<2></c><4>bokuwamada</c><3>owarijanai</c><2></c>"
00:03:42.573,00:03:42.706,-1,0,"<2></c><4>bokuwamadao</c><3>warijanai</c><2></c>"
00:03:42.706,00:03:42.873,-1,0,"<2></c><4>bokuwamadaowa</c><3>rijanai</c><2></c>"
00:03:42.873,00:03:43.006,-1,0,"<2></c><4>bokuwamadaowari</c><3>janai</c><2></c>"
00:03:43.006,00:03:43.473,-1,0,"<2></c><4>bokuwamadaowarija</c><3>nai</c><2></c>"
00:03:43.473,00:03:44.074,-1,0,"<2></c><4>bokuwamadaowarijana</c><3>i</c><2></c>"
00:03:44.074,00:03:44.975,-1,0,"<2></c><4>bokuwamadaowarijanai</c><2></c>"
00:03:44.975,00:03:45.108,-1,0,"<2></c><4>na</c><3>ndodemonandodemo</c><2></c>"
00:03:44.975,00:03:49.746,-1,-1,"<2></c><4>Asmanytimesasittakes</c><2></c>"
00:03:45.108,00:03:45.275,-1,0,"<2></c><4>nan</c><3>dodemonandodemo</c><2></c>"
00:03:45.275,00:03:45.442,-1,0,"<2></c><4>nando</c><3>demonandodemo</c><2></c>"
00:03:45.442,00:03:45.842,-1,0,"<2></c><4>nandode</c><3>monandodemo</c><2></c>"
00:03:45.842,00:03:47.377,-1,0,"<2></c><4>nandodemo</c><3>nandodemo</c><2></c>"
00:03:47.377,00:03:47.511,-1,0,"<2></c><4>nandodemona</c><3>ndodemo</c><2></c>"
00:03:47.511,00:03:47.678,-1,0,"<2></c><4>nandodemonan</c><3>dodemo</c><2></c>"
00:03:47.678,00:03:47.811,-1,0,"<2></c><4>nandodemonando</c><3>demo</c><2></c>"
00:03:47.811,00:03:48.278,-1,0,"<2></c><4>nandodemonandode</c><3>mo</c><2></c>"
00:03:48.278,00:03:49.746,-1,0,"<2></c><4>nandodemonandodemo</c><2></c>"
00:03:49.746,00:03:49.913,63,0,"<2></c><4>bo</c><3>kudakenojinseiohajimeyou</c><2></c>"
00:03:49.746,00:03:56.053,64,-1,"<2></c><4>I'llrevivemylifelivemyown</c><2></c>"
00:03:49.913,00:03:50.047,63,0,"<2></c><4>boku</c><3>dakenojinseiohajimeyou</c><2></c>"
00:03:50.047,00:03:50.180,63,0,"<2></c><4>bokuda</c><3>kenojinseiohajimeyou</c><2></c>"
00:03:50.180,00:03:50.647,63,0,"<2></c><4>bokudake</c><3>nojinseiohajimeyou</c><2></c>"
00:03:50.647,00:03:52.082,63,0,"<2></c><4>bokudakeno</c><3>jinseiohajimeyou</c><2></c>"
00:03:52.082,00:03:52.282,63,0,"<2></c><4>bokudakenoji</c><3>nseiohajimeyou</c><2></c>"
00:03:52.282,00:03:52.449,63,0,"<2></c><4>bokudakenojin</c><3>seiohajimeyou</c><2></c>"
00:03:52.449,00:03:52.583,63,0,"<2></c><4>bokudakenojinse</c><3>iohajimeyou</c><2></c>"
00:03:52.583,00:03:53.050,63,0,"<2></c><4>bokudakenojinsei</c><3>ohajimeyou</c><2></c>"
00:03:53.050,00:03:54.184,63,0,"<2></c><4>bokudakenojinseio</c><3>hajimeyou</c><2></c>"
00:03:54.184,00:03:54.551,63,0,"<2></c><4>bokudakenojinseioha</c><3>jimeyou</c><2></c>"
00:03:54.551,00:03:54.851,63,0,"<2></c><4>bokudakenojinseiohaji</c><3>meyou</c><2></c>"
00:03:54.851,00:03:55.152,63,0,"<2></c><4>bokudakenojinseiohajime</c><3>you</c><2></c>"
00:03:55.152,00:03:55.419,63,0,"<2></c><4>bokudakenojinseiohajimeyo</c><3>u</c><2></c>"
00:03:55.419,00:03:56.053,63,0,"<2></c><4>bokudakenojinseiohajimeyou</c><2></c>"
