start,end,position,line,text
00:00:00.951,00:00:01.051,-1,0,"<2></c><1>mi</c><4>nasamagokigenyou</c><2></c>"
00:00:00.951,00:00:02.786,-1,-1,"<2></c><1>Gooddayeverybody.</c><2></c>"
00:00:01.051,00:00:01.185,-1,0,"<2></c><1>mina</c><4>samagokigenyou</c><2></c>"
00:00:01.185,00:00:01.285,-1,0,"<2></c><1>minasa</c><4>magokigenyou</c><2></c>"
00:00:01.285,00:00:01.685,-1,0,"<2></c><1>minasama</c><4>gokigenyou</c><2></c>"
00:00:01.685,00:00:01.819,-1,0,"<2></c><1>minasamago</c><4>kigenyou</c><2></c>"
00:00:01.819,00:00:01.919,-1,0,"<2></c><1>minasamagoki</c><4>genyou</c><2></c>"
00:00:01.919,00:00:02.119,-1,0,"<2></c><1>minasamagokigen</c><4>you</c><2></c>"
00:00:02.119,00:00:02.786,-1,0,"<2></c><1>minasamagokigenyou</c><2></c>"
00:00:02.786,00:00:02.953,66,0,"<2></c><3>Shi</c><4>shiroFuuzuChouriGakkou</c><2></c><4>koushinoErizabesuShishirodesu</c><2></c>"
00:00:02.786,00:00:06.757,81,-1,"<2></c><3>IamElizabethShishiroinstructoratthe</c><2></c><3>ShishiroFoodsSchoolofCulinaryArts.</c><2></c>"
00:00:02.953,00:00:03.053,66,0,"<2></c><3>Shishi</c><4>roFuuzuChouriGakkou</c><2></c><4>koushinoErizabesuShishirodesu</c><2></c>"
00:00:03.053,00:00:03.187,66,0,"<2></c><3>Shishiro</c><4>FuuzuChouriGakkou</c><2></c><4>koushinoErizabesuShishirodesu</c><2></c>"
00:00:03.187,00:00:03.387,66,0,"<2></c><3>ShishiroFuu</c><4>zuChouriGakkou</c><2></c><4>koushinoErizabesuShishirodesu</c><2></c>"
00:00:03.387,00:00:03.554,66,0,"<2></c><3>ShishiroFuuzu</c><4>ChouriGakkou</c><2></c><4>koushinoErizabesuShishirodesu</c><2></c>"
00:00:03.554,00:00:03.754,66,0,"<2></c><3>ShishiroFuuzuChou</c><4>riGakkou</c><2></c><4>koushinoErizabesuShishirodesu</c><2></c>"
00:00:03.754,00:00:03.854,66,0,"<2></c><3>ShishiroFuuzuChouri</c><4>Gakkou</c><2></c><4>koushinoErizabesuShishirodesu</c><2></c>"
00:00:03.854,00:00:04.121,66,0,"<2></c><3>ShishiroFuuzuChouriGak</c><4>kou</c><2></c><4>koushinoErizabesuShishirodesu</c><2></c>"
00:00:04.121,00:00:04.555,66,0,"<2></c><3>ShishiroFuuzuChouriGakkou</c><2></c><4>koushinoErizabesuShishirodesu</c><2></c>"
00:00:04.555,00:00:04.788,66,0,"<2></c><3>ShishiroFuuzuChouriGakkou</c><2></c><3>kou</c><4>shinoErizabesuShishirodesu</c><2></c>"
00:00:04.788,00:00:04.922,66,0,"<2></c><3>ShishiroFuuzuChouriGakkou</c><2></c><3>koushi</c><4>noErizabesuShishirodesu</c><2></c>"
00:00:04.922,00:00:05.189,66,0,"<2></c><3>ShishiroFuuzuChouriGakkou</c><2></c><3>koushino</c><4>ErizabesuShishirodesu</c><2></c>"
00:00:05.189,00:00:05.322,66,0,"<2></c><3>ShishiroFuuzuChouriGakkou</c><2></c><3>koushinoE</c><4>rizabesuShishirodesu</c><2></c>"
00:00:05.322,00:00:05.389,66,0,"<2></c><3>ShishiroFuuzuChouriGakkou</c><2></c><3>koushinoEri</c><4>zabesuShishirodesu</c><2></c>"
00:00:05.389,00:00:05.522,66,0,"<2></c><3>ShishiroFuuzuChouriGakkou</c><2></c><3>koushinoEriza</c><4>besuShishirodesu</c><2></c>"
00:00:05.522,00:00:05.689,66,0,"<2></c><3>ShishiroFuuzuChouriGakkou</c><2></c><3>koushinoErizabe</c><4>suShishirodesu</c><2></c>"
00:00:05.689,00:00:05.789,66,0,"<2></c><3>ShishiroFuuzuChouriGakkou</c><2></c><3>koushinoErizabesu</c><4>Shishirodesu</c><2></c>"
00:00:05.789,00:00:05.889,66,0,"<2></c><3>ShishiroFuuzuChouriGakkou</c><2></c><3>koushinoErizabesuShi</c><4>shirodesu</c><2></c>"
00:00:05.889,00:00:06.023,66,0,"<2></c><3>ShishiroFuuzuChouriGakkou</c><2></c><3>koushinoErizabesuShishi</c><4>rodesu</c><2></c>"
00:00:06.023,00:00:06.156,66,0,"<2></c><3>ShishiroFuuzuChouriGakkou</c><2></c><3>koushinoErizabesuShishiro</c><4>desu</c><2></c>"
00:00:06.156,00:00:06.757,66,0,"<2></c><3>ShishiroFuuzuChouriGakkou</c><2></c><3>koushinoErizabesuShishirodesu</c><2></c>"
00:00:06.757,00:00:06.890,59,0,"<2></c><5>jo</c><4>shunoMeriiWatamedesu</c><2></c>"
00:00:06.757,00:00:08.392,67,-1,"<2></c><5>IamMaryWatameherassistant.</c><2></c>"
00:00:06.890,00:00:07.024,59,0,"<2></c><5>joshu</c><4>noMeriiWatamedesu</c><2></c>"
00:00:07.024,00:00:07.391,59,0,"<2></c><5>joshuno</c><4>MeriiWatamedesu</c><2></c>"
00:00:07.391,00:00:07.524,59,0,"<2></c><5>joshunoMe</c><4>riiWatamedesu</c><2></c>"
00:00:07.524,00:00:07.691,59,0,"<2></c><5>joshunoMerii</c><4>Watamedesu</c><2></c>"
00:00:07.691,00:00:07.825,59,0,"<2></c><5>joshunoMeriiWa</c><4>tamedesu</c><2></c>"
00:00:07.825,00:00:07.925,59,0,"<2></c><5>joshunoMeriiWata</c><4>medesu</c><2></c>"
00:00:07.925,00:00:08.058,59,0,"<2></c><5>joshunoMeriiWatame</c><4>desu</c><2></c>"
00:00:08.058,00:00:08.392,59,0,"<2></c><5>joshunoMeriiWatamedesu</c><2></c>"
00:00:08.392,00:00:08.592,63,0,"<2></c><3>sas</c><4>sokuoryourinoobenkyou</c><2></c><4>hajimeteikimashouka.Watamesan</c><2></c>"
00:00:08.392,00:00:12.262,67,-1,"<2></c><3>Shallwebeginourcookinglesson</c><2></c><3>fortodayWatame-san?</c><2></c>"
00:00:08.592,00:00:08.826,63,0,"<2></c><3>sasso</c><4>kuoryourinoobenkyou</c><2></c><4>hajimeteikimashouka.Watamesan</c><2></c>"
00:00:08.826,00:00:09.093,63,0,"<2></c><3>sassoku</c><4>oryourinoobenkyou</c><2></c><4>hajimeteikimashouka.Watamesan</c><2></c>"
00:00:09.093,00:00:09.193,63,0,"<2></c><3>sassokuo</c><4>ryourinoobenkyou</c><2></c><4>hajimeteikimashouka.Watamesan</c><2></c>"
00:00:09.193,00:00:09.393,63,0,"<2></c><3>sassokuoryou</c><4>rinoobenkyou</c><2></c><4>hajimeteikimashouka.Watamesan</c><2></c>"
00:00:09.393,00:00:09.493,63,0,"<2></c><3>sassokuoryouri</c><4>noobenkyou</c><2></c><4>hajimeteikimashouka.Watamesan</c><2></c>"
00:00:09.493,00:00:09.593,63,0,"<2></c><3>sassokuoryourino</c><4>obenkyou</c><2></c><4>hajimeteikimashouka.Watamesan</c><2></c>"
00:00:09.593,00:00:09.693,63,0,"<2></c><3>sassokuoryourinoo</c><4>benkyou</c><2></c><4>hajimeteikimashouka.Watamesan</c><2></c>"
00:00:09.693,00:00:09.927,63,0,"<2></c><3>sassokuoryourinooben</c><4>kyou</c><2></c><4>hajimeteikimashouka.Watamesan</c><2></c>"
00:00:09.927,00:00:10.361,63,0,"<2></c><3>sassokuoryourinoobenkyou</c><2></c><4>hajimeteikimashouka.Watamesan</c><2></c>"
00:00:10.361,00:00:10.527,63,0,"<2></c><3>sassokuoryourinoobenkyou</c><2></c><3>ha</c><4>jimeteikimashouka.Watamesan</c><2></c>"
00:00:10.527,00:00:10.594,63,0,"<2></c><3>sassokuoryourinoobenkyou</c><2></c><3>haji</c><4>meteikimashouka.Watamesan</c><2></c>"
00:00:10.594,00:00:10.728,63,0,"<2></c><3>sassokuoryourinoobenkyou</c><2></c><3>hajime</c><4>teikimashouka.Watamesan</c><2></c>"
00:00:10.728,00:00:10.794,63,0,"<2></c><3>sassokuoryourinoobenkyou</c><2></c><3>hajimete</c><4>ikimashouka.Watamesan</c><2></c>"
00:00:10.794,00:00:10.861,63,0,"<2></c><3>sassokuoryourinoobenkyou</c><2></c><3>hajimetei</c><4>kimashouka.Watamesan</c><2></c>"
00:00:10.861,00:00:10.961,63,0,"<2></c><3>sassokuoryourinoobenkyou</c><2></c><3>hajimeteiki</c><4>mashouka.Watamesan</c><2></c>"
00:00:10.961,00:00:11.128,63,0,"<2></c><3>sassokuoryourinoobenkyou</c><2></c><3>hajimeteikima</c><4>shouka.Watamesan</c><2></c>"
00:00:11.128,00:00:11.295,63,0,"<2></c><3>sassokuoryourinoobenkyou</c><2></c><3>hajimeteikimashou</c><4>ka.Watamesan</c><2></c>"
00:00:11.295,00:00:11.595,63,0,"<2></c><3>sassokuoryourinoobenkyou</c><2></c><3>hajimeteikimashouka.</c><4>Watamesan</c><2></c>"
00:00:11.595,00:00:11.729,63,0,"<2></c><3>sassokuoryourinoobenkyou</c><2></c><3>hajimeteikimashouka.Wa</c><4>tamesan</c><2></c>"
00:00:11.729,00:00:11.862,63,0,"<2></c><3>sassokuoryourinoobenkyou</c><2></c><3>hajimeteikimashouka.Wata</c><4>mesan</c><2></c>"
00:00:11.862,00:00:11.996,63,0,"<2></c><3>sassokuoryourinoobenkyou</c><2></c><3>hajimeteikimashouka.Watame</c><4>san</c><2></c>"
00:00:11.996,00:00:12.262,63,0,"<2></c><3>sassokuoryourinoobenkyou</c><2></c><3>hajimeteikimashouka.Watamesan</c><2></c>"
00:00:12.262,00:00:12.596,-1,0,"<2></c><5>hai!</c><4>sensei!!</c><2></c>"
00:00:12.262,00:00:13.197,-1,-1,"<2></c><5>Yeschef!</c><2></c>"
00:00:12.596,00:00:12.763,-1,0,"<2></c><5>hai!sen</c><4>sei!!</c><2></c>"
00:00:12.763,00:00:13.197,-1,0,"<2></c><5>hai!sensei!!</c><2></c>"
00:00:13.197,00:00:13.430,59,14,"<2></c><1>da</c><4>isuki!ShishiWataKukkingu</c><2></c>"
00:00:13.197,00:00:16.800,77,92,"<2></c><1>Everyone'sbeloved!ShishiWataCooking!</c><2></c>"
00:00:13.430,00:00:13.964,59,14,"<2></c><1>dai</c><4>suki!ShishiWataKukkingu</c><2></c>"
00:00:13.964,00:00:14.198,59,14,"<2></c><1>daisu</c><4>ki!ShishiWataKukkingu</c><2></c>"
00:00:14.198,00:00:14.598,59,14,"<2></c><1>daisuki!</c><4>ShishiWataKukkingu</c><2></c>"
00:00:14.598,00:00:14.999,59,14,"<2></c><1>daisuki!Shi</c><4>shiWataKukkingu</c><2></c>"
00:00:14.999,00:00:15.165,59,14,"<2></c><1>daisuki!Shishi</c><4>WataKukkingu</c><2></c>"
00:00:15.165,00:00:15.399,59,14,"<2></c><1>daisuki!ShishiWa</c><4>taKukkingu</c><2></c>"
00:00:15.399,00:00:15.599,59,14,"<2></c><1>daisuki!ShishiWata</c><4>Kukkingu</c><2></c>"
00:00:15.599,00:00:16.000,59,14,"<2></c><1>daisuki!ShishiWataKuk</c><4>kingu</c><2></c>"
00:00:16.000,00:00:16.400,59,14,"<2></c><1>daisuki!ShishiWataKukkin</c><4>gu</c><2></c>"
00:00:16.400,00:00:25.976,64,0,"<2></c><1>ShishiroBotanTsunomakiWatame</c><2></c><1>ShishiWataCooking</c><2></c>"
00:00:16.400,00:00:19.570,-1,-1,"<2></c><1>Lyrics:MARON(IOSYS)</c><2></c>"
00:00:16.400,00:00:16.800,59,14,"<2></c><1>daisuki!ShishiWataKukkingu</c><2></c>"
00:00:19.570,00:00:22.806,67,-1,"<2></c><1>CompositionArrangement:REDALiCE</c><2></c>"
00:00:22.806,00:00:25.976,77,-1,"<2></c><1>Vocals:ShishiroBotanTsunomakiWatame</c><2></c>"
00:00:30.781,00:00:31.115,58,0,"<2></c><5>ma</c><4>zuwatamagopoittoirete</c><2></c>"
00:00:30.781,00:00:33.384,66,-1,"<2></c><5>Firstupdumpabunchofeggsin</c><2></c>"
00:00:31.115,00:00:31.382,58,0,"<2></c><5>mazu</c><4>watamagopoittoirete</c><2></c>"
00:00:31.382,00:00:31.749,58,0,"<2></c><5>mazuwa</c><4>tamagopoittoirete</c><2></c>"
00:00:31.749,00:00:31.949,58,0,"<2></c><5>mazuwata</c><4>magopoittoirete</c><2></c>"
00:00:31.949,00:00:32.182,58,0,"<2></c><5>mazuwatama</c><4>gopoittoirete</c><2></c>"
00:00:32.182,00:00:32.383,58,0,"<2></c><5>mazuwatamago</c><4>poittoirete</c><2></c>"
00:00:32.383,00:00:32.583,58,0,"<2></c><5>mazuwatamagopoi</c><4>ttoirete</c><2></c>"
00:00:32.583,00:00:32.783,58,0,"<2></c><5>mazuwatamagopoitto</c><4>irete</c><2></c>"
00:00:32.783,00:00:32.950,58,0,"<2></c><5>mazuwatamagopoittoi</c><4>rete</c><2></c>"
00:00:32.950,00:00:33.050,58,0,"<2></c><5>mazuwatamagopoittoire</c><4>te</c><2></c>"
00:00:33.050,00:00:33.384,58,0,"<2></c><5>mazuwatamagopoittoirete</c><2></c>"
00:00:33.384,00:00:33.584,-1,0,"<2></c><3>poi</c><4>poi</c><2></c>"
00:00:33.384,00:00:33.984,-1,-1,"<2></c><3>Dumpdump!</c><2></c>"
00:00:33.584,00:00:33.984,-1,0,"<2></c><3>poipoi</c><2></c>"
00:00:33.984,00:00:34.318,56,0,"<2></c><5>ton</c><4>tontonudeofuruimashou</c><2></c>"
00:00:33.984,00:00:36.787,81,-1,"<2></c><5>Crackcrackcracklet'smovethosehands</c><2></c>"
00:00:34.318,00:00:34.585,56,0,"<2></c><5>tonton</c><4>tonudeofuruimashou</c><2></c>"
00:00:34.585,00:00:35.019,56,0,"<2></c><5>tontonton</c><4>udeofuruimashou</c><2></c>"
00:00:35.019,00:00:35.185,56,0,"<2></c><5>tontontonu</c><4>deofuruimashou</c><2></c>"
00:00:35.185,00:00:35.386,56,0,"<2></c><5>tontontonude</c><4>ofuruimashou</c><2></c>"
00:00:35.386,00:00:35.586,56,0,"<2></c><5>tontontonudeo</c><4>furuimashou</c><2></c>"
00:00:35.586,00:00:35.786,56,0,"<2></c><5>tontontonudeofu</c><4>ruimashou</c><2></c>"
00:00:35.786,00:00:35.986,56,0,"<2></c><5>tontontonudeofuru</c><4>imashou</c><2></c>"
00:00:35.986,00:00:36.186,56,0,"<2></c><5>tontontonudeofurui</c><4>mashou</c><2></c>"
00:00:36.186,00:00:36.320,56,0,"<2></c><5>tontontonudeofuruima</c><4>shou</c><2></c>"
00:00:36.320,00:00:36.787,56,0,"<2></c><5>tontontonudeofuruimashou</c><2></c>"
00:00:36.787,00:00:36.954,56,0,"<2></c><5>a</c><4>chacha!yakedonigoyoujin</c><2></c>"
00:00:36.787,00:00:39.790,77,-1,"<2></c><5>Hothothot!Carefulnottogetburned</c><2></c>"
00:00:36.954,00:00:37.154,56,0,"<2></c><5>acha</c><4>cha!yakedonigoyoujin</c><2></c>"
00:00:37.154,00:00:37.955,56,0,"<2></c><5>achacha!</c><4>yakedonigoyoujin</c><2></c>"
00:00:37.488,00:00:37.621,-1,0,"<2></c><1>(ac</c><4>cha!)</c><2></c>"
00:00:37.488,00:00:37.955,-1,92,"<2></c><1>(Hot!)</c><2></c>"
00:00:37.621,00:00:37.955,-1,0,"<2></c><1>(accha!)</c><2></c>"
00:00:37.955,00:00:38.088,56,0,"<2></c><5>achacha!ya</c><4>kedonigoyoujin</c><2></c>"
00:00:38.088,00:00:38.155,56,0,"<2></c><5>achacha!yake</c><4>donigoyoujin</c><2></c>"
00:00:38.155,00:00:38.288,56,0,"<2></c><5>achacha!yakedo</c><4>nigoyoujin</c><2></c>"
00:00:38.288,00:00:38.355,56,0,"<2></c><5>achacha!yakedoni</c><4>goyoujin</c><2></c>"
00:00:38.355,00:00:38.555,56,0,"<2></c><5>achacha!yakedonigo</c><4>youjin</c><2></c>"
00:00:38.555,00:00:38.756,56,0,"<2></c><5>achacha!yakedonigoyo</c><4>ujin</c><2></c>"
00:00:38.756,00:00:38.956,56,0,"<2></c><5>achacha!yakedonigoyou</c><4>jin</c><2></c>"
00:00:38.956,00:00:39.156,56,0,"<2></c><5>achacha!yakedonigoyouji</c><4>n</c><2></c>"
00:00:39.156,00:00:39.790,56,0,"<2></c><5>achacha!yakedonigoyoujin</c><2></c>"
00:00:39.790,00:00:39.990,-1,0,"<2></c><5>ta</c><4>noshikuoryouri</c><2></c>"
00:00:39.790,00:00:42.793,-1,-1,"<2></c><5>Havingfuncooking</c><2></c>"
00:00:39.990,00:00:40.190,-1,0,"<2></c><5>tano</c><4>shikuoryouri</c><2></c>"
00:00:40.190,00:00:40.391,-1,0,"<2></c><5>tanoshi</c><4>kuoryouri</c><2></c>"
00:00:40.391,00:00:40.991,-1,0,"<2></c><5>tanoshiku</c><4>oryouri</c><2></c>"
00:00:40.991,00:00:41.191,-1,0,"<2></c><5>tanoshikuo</c><4>ryouri</c><2></c>"
00:00:41.191,00:00:41.592,-1,0,"<2></c><5>tanoshikuoryo</c><4>uri</c><2></c>"
00:00:41.592,00:00:41.792,-1,0,"<2></c><5>tanoshikuoryou</c><4>ri</c><2></c>"
00:00:41.792,00:00:42.793,-1,0,"<2></c><5>tanoshikuoryouri</c><2></c>"
00:00:43.794,00:00:44.028,83,0,"<2></c><5>sen</c><4>sei!tsugiwananiosurebaiidesuka?</c><2></c>"
00:00:43.794,00:00:46.196,61,-1,"<2></c><5>Chef!WhatshouldIdonext?</c><2></c>"
00:00:44.028,00:00:44.561,83,0,"<2></c><5>sensei!</c><4>tsugiwananiosurebaiidesuka?</c><2></c>"
00:00:44.561,00:00:44.661,83,0,"<2></c><5>sensei!tsu</c><4>giwananiosurebaiidesuka?</c><2></c>"
00:00:44.661,00:00:44.762,83,0,"<2></c><5>sensei!tsugi</c><4>wananiosurebaiidesuka?</c><2></c>"
00:00:44.762,00:00:44.895,83,0,"<2></c><5>sensei!tsugiwa</c><4>naniosurebaiidesuka?</c><2></c>"
00:00:44.895,00:00:44.995,83,0,"<2></c><5>sensei!tsugiwana</c><4>niosurebaiidesuka?</c><2></c>"
00:00:44.995,00:00:45.095,83,0,"<2></c><5>sensei!tsugiwanani</c><4>osurebaiidesuka?</c><2></c>"
00:00:45.095,00:00:45.195,83,0,"<2></c><5>sensei!tsugiwananio</c><4>surebaiidesuka?</c><2></c>"
00:00:45.195,00:00:45.295,83,0,"<2></c><5>sensei!tsugiwananiosu</c><4>rebaiidesuka?</c><2></c>"
00:00:45.295,00:00:45.396,83,0,"<2></c><5>sensei!tsugiwananiosure</c><4>baiidesuka?</c><2></c>"
00:00:45.396,00:00:45.496,83,0,"<2></c><5>sensei!tsugiwananiosureba</c><4>iidesuka?</c><2></c>"
00:00:45.496,00:00:45.562,83,0,"<2></c><5>sensei!tsugiwananiosurebai</c><4>idesuka?</c><2></c>"
00:00:45.562,00:00:45.629,83,0,"<2></c><5>sensei!tsugiwananiosurebaii</c><4>desuka?</c><2></c>"
00:00:45.629,00:00:45.763,83,0,"<2></c><5>sensei!tsugiwananiosurebaiide</c><4>suka?</c><2></c>"
00:00:45.763,00:00:45.829,83,0,"<2></c><5>sensei!tsugiwananiosurebaiidesu</c><4>ka?</c><2></c>"
00:00:45.829,00:00:46.196,83,0,"<2></c><5>sensei!tsugiwananiosurebaiidesuka?</c><2></c>"
00:00:46.196,00:00:46.363,92,0,"<2></c><3>ryo</c><4>uritoAimwadesunekotsugairundesuyo</c><2></c>"
00:00:46.196,00:00:48.999,84,-1,"<2></c><3>There'satricktobothcookingandaiming.</c><2></c>"
00:00:46.363,00:00:46.463,92,0,"<2></c><3>ryou</c><4>ritoAimwadesunekotsugairundesuyo</c><2></c>"
00:00:46.463,00:00:46.563,92,0,"<2></c><3>ryouri</c><4>toAimwadesunekotsugairundesuyo</c><2></c>"
00:00:46.563,00:00:46.697,92,0,"<2></c><3>ryourito</c><4>Aimwadesunekotsugairundesuyo</c><2></c>"
00:00:46.697,00:00:46.930,92,0,"<2></c><3>ryouritoAim</c><4>wadesunekotsugairundesuyo</c><2></c>"
00:00:46.930,00:00:47.064,92,0,"<2></c><3>ryouritoAimwa</c><4>desunekotsugairundesuyo</c><2></c>"
00:00:47.064,00:00:47.197,92,0,"<2></c><3>ryouritoAimwade</c><4>sunekotsugairundesuyo</c><2></c>"
00:00:47.197,00:00:47.297,92,0,"<2></c><3>ryouritoAimwadesu</c><4>nekotsugairundesuyo</c><2></c>"
00:00:47.297,00:00:47.765,92,0,"<2></c><3>ryouritoAimwadesune</c><4>kotsugairundesuyo</c><2></c>"
00:00:47.765,00:00:47.965,92,0,"<2></c><3>ryouritoAimwadesuneko</c><4>tsugairundesuyo</c><2></c>"
00:00:47.965,00:00:48.065,92,0,"<2></c><3>ryouritoAimwadesunekotsu</c><4>gairundesuyo</c><2></c>"
00:00:48.065,00:00:48.165,92,0,"<2></c><3>ryouritoAimwadesunekotsuga</c><4>irundesuyo</c><2></c>"
00:00:48.165,00:00:48.265,92,0,"<2></c><3>ryouritoAimwadesunekotsugai</c><4>rundesuyo</c><2></c>"
00:00:48.265,00:00:48.365,92,0,"<2></c><3>ryouritoAimwadesunekotsugairu</c><4>ndesuyo</c><2></c>"
00:00:48.365,00:00:48.432,92,0,"<2></c><3>ryouritoAimwadesunekotsugairun</c><4>desuyo</c><2></c>"
00:00:48.432,00:00:48.565,92,0,"<2></c><3>ryouritoAimwadesunekotsugairunde</c><4>suyo</c><2></c>"
00:00:48.565,00:00:48.699,92,0,"<2></c><3>ryouritoAimwadesunekotsugairundesu</c><4>yo</c><2></c>"
00:00:48.699,00:00:48.999,92,0,"<2></c><3>ryouritoAimwadesunekotsugairundesuyo</c><2></c>"
00:00:48.999,00:00:49.266,-1,0,"<2></c><5>na</c><4>ruhodo!</c><2></c>"
00:00:48.999,00:00:49.967,-1,-1,"<2></c><5>Ohreally!</c><2></c>"
00:00:49.266,00:00:49.366,-1,0,"<2></c><5>naru</c><4>hodo!</c><2></c>"
00:00:49.366,00:00:49.500,-1,0,"<2></c><5>naruho</c><4>do!</c><2></c>"
00:00:49.500,00:00:49.967,-1,0,"<2></c><5>naruhodo!</c><2></c>"
00:00:49.967,00:00:50.267,61,0,"<2></c><3>ma</c><4>zeyoutsukauwatsunodoriru</c><2></c>"
00:00:49.967,00:00:52.403,72,-1,"<2></c><3>Mixittogetherusingyourhorndrill</c><2></c>"
00:00:50.267,00:00:50.567,61,0,"<2></c><3>maze</c><4>youtsukauwatsunodoriru</c><2></c>"
00:00:50.567,00:00:50.968,61,0,"<2></c><3>mazeyou</c><4>tsukauwatsunodoriru</c><2></c>"
00:00:50.968,00:00:51.068,61,0,"<2></c><3>mazeyoutsu</c><4>kauwatsunodoriru</c><2></c>"
00:00:51.068,00:00:51.168,61,0,"<2></c><3>mazeyoutsuka</c><4>uwatsunodoriru</c><2></c>"
00:00:51.168,00:00:51.335,61,0,"<2></c><3>mazeyoutsukau</c><4>watsunodoriru</c><2></c>"
00:00:51.335,00:00:51.568,61,0,"<2></c><3>mazeyoutsukauwa</c><4>tsunodoriru</c><2></c>"
00:00:51.568,00:00:51.769,61,0,"<2></c><3>mazeyoutsukauwatsu</c><4>nodoriru</c><2></c>"
00:00:51.769,00:00:51.969,61,0,"<2></c><3>mazeyoutsukauwatsuno</c><4>doriru</c><2></c>"
00:00:51.969,00:00:52.169,61,0,"<2></c><3>mazeyoutsukauwatsunodo</c><4>riru</c><2></c>"
00:00:52.169,00:00:52.236,61,0,"<2></c><3>mazeyoutsukauwatsunodori</c><4>ru</c><2></c>"
00:00:52.236,00:00:52.403,61,0,"<2></c><3>mazeyoutsukauwatsunodoriru</c><2></c>"
00:00:52.403,00:00:52.536,-1,0,"<2></c><5>u</c><4>ryaryarya!</c><2></c>"
00:00:52.403,00:00:53.170,-1,-1,"<2></c><5>Drilldrilldrill!</c><2></c>"
00:00:52.536,00:00:52.669,-1,0,"<2></c><5>urya</c><4>ryarya!</c><2></c>"
00:00:52.669,00:00:52.836,-1,0,"<2></c><5>uryarya</c><4>rya!</c><2></c>"
00:00:52.836,00:00:53.170,-1,0,"<2></c><5>uryaryarya!</c><2></c>"
00:00:53.170,00:00:53.470,56,0,"<2></c><3>to</c><4>kuseisoosutsukurimashou</c><2></c>"
00:00:53.170,00:00:55.973,64,-1,"<2></c><3>Timetofinishthespecialsauce</c><2></c>"
00:00:53.470,00:00:53.804,56,0,"<2></c><3>toku</c><4>seisoosutsukurimashou</c><2></c>"
00:00:53.804,00:00:54.171,56,0,"<2></c><3>tokusei</c><4>soosutsukurimashou</c><2></c>"
00:00:54.171,00:00:54.371,56,0,"<2></c><3>tokuseiso</c><4>osutsukurimashou</c><2></c>"
00:00:54.371,00:00:54.571,56,0,"<2></c><3>tokuseisoo</c><4>sutsukurimashou</c><2></c>"
00:00:54.571,00:00:54.772,56,0,"<2></c><3>tokuseisoosu</c><4>tsukurimashou</c><2></c>"
00:00:54.772,00:00:54.972,56,0,"<2></c><3>tokuseisoosutsu</c><4>kurimashou</c><2></c>"
00:00:54.972,00:00:55.172,56,0,"<2></c><3>tokuseisoosutsuku</c><4>rimashou</c><2></c>"
00:00:55.172,00:00:55.339,56,0,"<2></c><3>tokuseisoosutsukuri</c><4>mashou</c><2></c>"
00:00:55.339,00:00:55.506,56,0,"<2></c><3>tokuseisoosutsukurima</c><4>shou</c><2></c>"
00:00:55.506,00:00:55.973,56,0,"<2></c><3>tokuseisoosutsukurimashou</c><2></c>"
00:00:55.973,00:00:56.173,-1,0,"<2></c><3>to</c><4>buzo!tsuketarawakaru</c><2></c>"
00:00:55.973,00:00:58.942,66,-1,"<2></c><3>Jumpin!You'llknowonceit'son</c><2></c>"
00:00:56.173,00:00:56.373,-1,0,"<2></c><3>tobu</c><4>zo!tsuketarawakaru</c><2></c>"
00:00:56.373,00:00:57.141,-1,0,"<2></c><3>tobuzo!</c><4>tsuketarawakaru</c><2></c>"
00:00:56.774,00:00:57.174,-1,0,"<2></c><1>(do</c><4>n!)</c><2></c>"
00:00:56.774,00:00:57.408,-1,92,"<2></c><1>(Splash!)</c><2></c>"
00:00:57.141,00:00:57.274,-1,0,"<2></c><3>tobuzo!tsu</c><4>ketarawakaru</c><2></c>"
00:00:57.174,00:00:57.408,-1,0,"<2></c><1>(don!)</c><2></c>"
00:00:57.274,00:00:57.408,-1,0,"<2></c><3>tobuzo!tsuke</c><4>tarawakaru</c><2></c>"
00:00:57.408,00:00:57.474,-1,0,"<2></c><3>tobuzo!tsuketa</c><4>rawakaru</c><2></c>"
00:00:57.474,00:00:57.574,-1,0,"<2></c><3>tobuzo!tsuketara</c><4>wakaru</c><2></c>"
00:00:57.574,00:00:57.775,-1,0,"<2></c><3>tobuzo!tsuketarawa</c><4>karu</c><2></c>"
00:00:57.775,00:00:58.208,-1,0,"<2></c><3>tobuzo!tsuketarawaka</c><4>ru</c><2></c>"
00:00:58.208,00:00:58.942,-1,0,"<2></c><3>tobuzo!tsuketarawakaru</c><2></c>"
00:00:58.942,00:00:59.176,-1,0,"<2></c><3>su</c><4>tekinaoryouri</c><2></c>"
00:00:58.942,00:01:02.379,56,-1,"<2></c><3>Whatthiswonderfuldishis</c><2></c>"
00:00:59.176,00:00:59.376,-1,0,"<2></c><3>sute</c><4>kinaoryouri</c><2></c>"
00:00:59.376,00:00:59.576,-1,0,"<2></c><3>suteki</c><4>naoryouri</c><2></c>"
00:00:59.576,00:01:00.177,-1,0,"<2></c><3>sutekina</c><4>oryouri</c><2></c>"
00:01:00.177,00:01:00.377,-1,0,"<2></c><3>sutekinao</c><4>ryouri</c><2></c>"
00:01:00.377,00:01:00.778,-1,0,"<2></c><3>sutekinaoryo</c><4>uri</c><2></c>"
00:01:00.778,00:01:00.978,-1,0,"<2></c><3>sutekinaoryou</c><4>ri</c><2></c>"
00:01:00.978,00:01:02.379,-1,0,"<2></c><3>sutekinaoryouri</c><2></c>"
00:01:02.746,00:01:02.946,61,0,"<2></c><5>saa</c><4>saakyounomeinnoryouri</c><2></c>"
00:01:02.746,00:01:04.381,58,-1,"<2></c><5>Nowtimeforthemaindish!</c><2></c>"
00:01:02.946,00:01:03.180,61,0,"<2></c><5>saasaa</c><4>kyounomeinnoryouri</c><2></c>"
00:01:03.180,00:01:03.380,61,0,"<2></c><5>saasaakyou</c><4>nomeinnoryouri</c><2></c>"
00:01:03.380,00:01:03.580,61,0,"<2></c><5>saasaakyouno</c><4>meinnoryouri</c><2></c>"
00:01:03.580,00:01:03.847,61,0,"<2></c><5>saasaakyounomein</c><4>noryouri</c><2></c>"
00:01:03.847,00:01:03.981,61,0,"<2></c><5>saasaakyounomeinno</c><4>ryouri</c><2></c>"
00:01:03.981,00:01:04.181,61,0,"<2></c><5>saasaakyounomeinnoryou</c><4>ri</c><2></c>"
00:01:04.181,00:01:04.381,61,0,"<2></c><5>saasaakyounomeinnoryouri</c><2></c>"
00:01:04.381,00:01:04.448,56,0,"<2></c><3>ko</c><4>nsomefuuminojingisukan</c><2></c>"
00:01:04.381,00:01:05.749,72,-1,"<2></c><3>Grilledlambflavoredwithaconsommé</c><2></c>"
00:01:04.448,00:01:04.548,56,0,"<2></c><3>kon</c><4>somefuuminojingisukan</c><2></c>"
00:01:04.548,00:01:04.681,56,0,"<2></c><3>konso</c><4>mefuuminojingisukan</c><2></c>"
00:01:04.681,00:01:04.815,56,0,"<2></c><3>konsome</c><4>fuuminojingisukan</c><2></c>"
00:01:04.815,00:01:04.982,56,0,"<2></c><3>konsomefuu</c><4>minojingisukan</c><2></c>"
00:01:04.982,00:01:05.049,56,0,"<2></c><3>konsomefuumi</c><4>nojingisukan</c><2></c>"
00:01:05.049,00:01:05.182,56,0,"<2></c><3>konsomefuumino</c><4>jingisukan</c><2></c>"
00:01:05.182,00:01:05.349,56,0,"<2></c><3>konsomefuuminojin</c><4>gisukan</c><2></c>"
00:01:05.349,00:01:05.582,56,0,"<2></c><3>konsomefuuminojingisu</c><4>kan</c><2></c>"
00:01:05.582,00:01:05.749,56,0,"<2></c><3>konsomefuuminojingisukan</c><2></c>"
00:01:05.749,00:01:05.983,67,0,"<2></c><5>na</c><4>nankaiuteorimasukeredo(^^;</c><2></c>"
00:01:05.749,00:01:07.584,-1,-1,"<2></c><5>Y-Youcanbesuchajoker</c><2></c>"
00:01:05.983,00:01:06.050,67,0,"<2></c><5>nana</c><4>nkaiuteorimasukeredo(^^;</c><2></c>"
00:01:06.050,00:01:06.150,67,0,"<2></c><5>nanan</c><4>kaiuteorimasukeredo(^^;</c><2></c>"
00:01:06.150,00:01:06.383,67,0,"<2></c><5>nananka</c><4>iuteorimasukeredo(^^;</c><2></c>"
00:01:06.383,00:01:06.483,67,0,"<2></c><5>nanankai</c><4>uteorimasukeredo(^^;</c><2></c>"
00:01:06.483,00:01:06.583,67,0,"<2></c><5>nanankaiu</c><4>teorimasukeredo(^^;</c><2></c>"
00:01:06.583,00:01:06.750,67,0,"<2></c><5>nanankaiute</c><4>orimasukeredo(^^;</c><2></c>"
00:01:06.750,00:01:06.850,67,0,"<2></c><5>nanankaiuteo</c><4>rimasukeredo(^^;</c><2></c>"
00:01:06.850,00:01:06.917,67,0,"<2></c><5>nanankaiuteori</c><4>masukeredo(^^;</c><2></c>"
00:01:06.917,00:01:07.051,67,0,"<2></c><5>nanankaiuteorima</c><4>sukeredo(^^;</c><2></c>"
00:01:07.051,00:01:07.151,67,0,"<2></c><5>nanankaiuteorimasu</c><4>keredo(^^;</c><2></c>"
00:01:07.151,00:01:07.284,67,0,"<2></c><5>nanankaiuteorimasuke</c><4>redo(^^;</c><2></c>"
00:01:07.284,00:01:07.351,67,0,"<2></c><5>nanankaiuteorimasukere</c><4>do(^^;</c><2></c>"
00:01:07.351,00:01:07.584,67,0,"<2></c><5>nanankaiuteorimasukeredo(^^;</c><2></c>"
00:01:07.584,00:01:07.985,-1,0,"<2></c><3>rettsu</c><4>gokicchin!</c><2></c>"
00:01:07.584,00:01:09.186,-1,-1,"<2></c><3>Let'sgotothekitchen!</c><2></c>"
00:01:07.985,00:01:08.385,-1,0,"<2></c><3>rettsugo</c><4>kicchin!</c><2></c>"
00:01:08.385,00:01:08.619,-1,0,"<2></c><3>rettsugokic</c><4>chin!</c><2></c>"
00:01:08.619,00:01:09.186,-1,0,"<2></c><3>rettsugokicchin!</c><2></c>"
00:01:09.186,00:01:09.386,75,0,"<2></c><5>na</c><4>nteyaritorimo...joudandayone?</c><2></c>"
00:01:09.186,00:01:12.356,58,-1,"<2></c><5>Allthelittleinteractions</c><2></c><5>Thatwasajokeright?</c><2></c>"
00:01:09.386,00:01:09.620,75,0,"<2></c><5>nan</c><4>teyaritorimo...joudandayone?</c><2></c>"
00:01:09.620,00:01:09.753,75,0,"<2></c><5>nante</c><4>yaritorimo...joudandayone?</c><2></c>"
00:01:09.753,00:01:10.020,75,0,"<2></c><5>nanteya</c><4>ritorimo...joudandayone?</c><2></c>"
00:01:10.020,00:01:10.220,75,0,"<2></c><5>nanteyari</c><4>torimo...joudandayone?</c><2></c>"
00:01:10.220,00:01:10.387,75,0,"<2></c><5>nanteyarito</c><4>rimo...joudandayone?</c><2></c>"
00:01:10.387,00:01:10.587,75,0,"<2></c><5>nanteyaritori</c><4>mo...joudandayone?</c><2></c>"
00:01:10.587,00:01:10.821,75,0,"<2></c><5>nanteyaritorimo</c><4>...joudandayone?</c><2></c>"
00:01:10.821,00:01:11.021,75,0,"<2></c><5>nanteyaritorimo...</c><4>joudandayone?</c><2></c>"
00:01:11.021,00:01:11.255,75,0,"<2></c><5>nanteyaritorimo...jou</c><4>dandayone?</c><2></c>"
00:01:11.255,00:01:11.655,75,0,"<2></c><5>nanteyaritorimo...joudan</c><4>dayone?</c><2></c>"
00:01:11.655,00:01:11.789,75,0,"<2></c><5>nanteyaritorimo...joudanda</c><4>yone?</c><2></c>"
00:01:11.789,00:01:11.889,75,0,"<2></c><5>nanteyaritorimo...joudandayo</c><4>ne?</c><2></c>"
00:01:11.889,00:01:12.356,75,0,"<2></c><5>nanteyaritorimo...joudandayone?</c><2></c>"
00:01:12.356,00:01:12.589,77,0,"<2></c><3>ka</c><4>kushiajidakarafufujoudandesuyo</c><2></c>"
00:01:12.356,00:01:15.592,56,-1,"<2></c><3>Aretheshow'ssecretspice</c><2></c><3>Mhm.I'mjoking.</c><2></c>"
00:01:12.589,00:01:12.756,77,0,"<2></c><3>kaku</c><4>shiajidakarafufujoudandesuyo</c><2></c>"
00:01:12.756,00:01:12.956,77,0,"<2></c><3>kakushi</c><4>ajidakarafufujoudandesuyo</c><2></c>"
00:01:12.956,00:01:13.190,77,0,"<2></c><3>kakushia</c><4>jidakarafufujoudandesuyo</c><2></c>"
00:01:13.190,00:01:13.390,77,0,"<2></c><3>kakushiaji</c><4>dakarafufujoudandesuyo</c><2></c>"
00:01:13.390,00:01:13.557,77,0,"<2></c><3>kakushiajida</c><4>karafufujoudandesuyo</c><2></c>"
00:01:13.557,00:01:13.757,77,0,"<2></c><3>kakushiajidaka</c><4>rafufujoudandesuyo</c><2></c>"
00:01:13.757,00:01:14.091,77,0,"<2></c><3>kakushiajidakara</c><4>fufujoudandesuyo</c><2></c>"
00:01:14.091,00:01:14.224,77,0,"<2></c><3>kakushiajidakarafu</c><4>fujoudandesuyo</c><2></c>"
00:01:14.224,00:01:14.591,77,0,"<2></c><3>kakushiajidakarafufu</c><4>joudandesuyo</c><2></c>"
00:01:14.591,00:01:14.758,77,0,"<2></c><3>kakushiajidakarafufujou</c><4>dandesuyo</c><2></c>"
00:01:14.758,00:01:14.925,77,0,"<2></c><3>kakushiajidakarafufujoudan</c><4>desuyo</c><2></c>"
00:01:14.925,00:01:15.059,77,0,"<2></c><3>kakushiajidakarafufujoudande</c><4>suyo</c><2></c>"
00:01:15.059,00:01:15.192,77,0,"<2></c><3>kakushiajidakarafufujoudandesu</c><4>yo</c><2></c>"
00:01:15.192,00:01:15.592,77,0,"<2></c><3>kakushiajidakarafufujoudandesuyo</c><2></c>"
00:01:15.592,00:01:16.193,-1,0,"<2></c><1>suta</c><4>nbaisaadouzo</c><2></c>"
00:01:15.592,00:01:18.762,-1,-1,"<2></c><1>Standbyhereweare</c><2></c>"
00:01:16.193,00:01:16.393,-1,0,"<2></c><1>sutan</c><4>baisaadouzo</c><2></c>"
00:01:16.393,00:01:17.161,-1,0,"<2></c><1>sutanbai</c><4>saadouzo</c><2></c>"
00:01:17.161,00:01:17.594,-1,0,"<2></c><1>sutanbaisaa</c><4>douzo</c><2></c>"
00:01:17.594,00:01:17.795,-1,0,"<2></c><1>sutanbaisaado</c><4>uzo</c><2></c>"
00:01:17.795,00:01:18.195,-1,0,"<2></c><1>sutanbaisaadou</c><4>zo</c><2></c>"
00:01:18.195,00:01:18.762,-1,0,"<2></c><1>sutanbaisaadouzo</c><2></c>"
00:01:18.762,00:01:19.029,-1,0,"<2></c><1>tee</c><4>buruegoannai</c><2></c>"
00:01:18.762,00:01:20.597,-1,-1,"<2></c><1>Thiswaytothetable</c><2></c>"
00:01:19.029,00:01:19.196,-1,0,"<2></c><1>teebu</c><4>ruegoannai</c><2></c>"
00:01:19.196,00:01:19.396,-1,0,"<2></c><1>teeburu</c><4>egoannai</c><2></c>"
00:01:19.396,00:01:19.596,-1,0,"<2></c><1>teeburue</c><4>goannai</c><2></c>"
00:01:19.596,00:01:19.763,-1,0,"<2></c><1>teeburuego</c><4>annai</c><2></c>"
00:01:19.763,00:01:19.997,-1,0,"<2></c><1>teeburuegoa</c><4>nnai</c><2></c>"
00:01:19.997,00:01:20.197,-1,0,"<2></c><1>teeburuegoan</c><4>nai</c><2></c>"
00:01:20.197,00:01:20.597,-1,0,"<2></c><1>teeburuegoannai</c><2></c>"
00:01:21.198,00:01:21.598,-1,0,"<2></c><1>tot</c><4>teokinoaijoukomete</c><2></c>"
00:01:21.198,00:01:25.169,70,-1,"<2></c><1>Foldinginourspecialbrandoflove</c><2></c>"
00:01:21.598,00:01:21.999,-1,0,"<2></c><1>totte</c><4>okinoaijoukomete</c><2></c>"
00:01:21.999,00:01:22.599,-1,0,"<2></c><1>totteo</c><4>kinoaijoukomete</c><2></c>"
00:01:22.599,00:01:22.800,-1,0,"<2></c><1>totteoki</c><4>noaijoukomete</c><2></c>"
00:01:22.800,00:01:23.367,-1,0,"<2></c><1>totteokino</c><4>aijoukomete</c><2></c>"
00:01:23.367,00:01:23.500,-1,0,"<2></c><1>totteokinoa</c><4>ijoukomete</c><2></c>"
00:01:23.500,00:01:23.600,-1,0,"<2></c><1>totteokinoai</c><4>joukomete</c><2></c>"
00:01:23.600,00:01:23.801,-1,0,"<2></c><1>totteokinoaijo</c><4>ukomete</c><2></c>"
00:01:23.801,00:01:24.001,-1,0,"<2></c><1>totteokinoaijou</c><4>komete</c><2></c>"
00:01:24.001,00:01:24.201,-1,0,"<2></c><1>totteokinoaijouko</c><4>mete</c><2></c>"
00:01:24.201,00:01:24.601,-1,0,"<2></c><1>totteokinoaijoukome</c><4>te</c><2></c>"
00:01:24.601,00:01:25.169,-1,0,"<2></c><1>totteokinoaijoukomete</c><2></c>"
00:01:25.169,00:01:25.469,-1,0,"<2></c><1>o</c><4>ishikunare</c><2></c>"
00:01:25.169,00:01:27.204,-1,-1,"<2></c><1>Tomakeitdelicious</c><2></c>"
00:01:25.469,00:01:25.769,-1,0,"<2></c><1>oi</c><4>shikunare</c><2></c>"
00:01:25.769,00:01:25.969,-1,0,"<2></c><1>oishi</c><4>kunare</c><2></c>"
00:01:25.969,00:01:26.370,-1,0,"<2></c><1>oishiku</c><4>nare</c><2></c>"
00:01:26.370,00:01:26.570,-1,0,"<2></c><1>oishikuna</c><4>re</c><2></c>"
00:01:26.570,00:01:27.204,-1,0,"<2></c><1>oishikunare</c><2></c>"
00:01:27.204,00:01:27.371,-1,0,"<2></c><1>(o</c><4>ishikunare)</c><2></c>"
00:01:27.204,00:01:29.807,-1,92,"<2></c><1>(Tomakeitdelicious)</c><2></c>"
00:01:27.371,00:01:27.571,-1,0,"<2></c><1>(oi</c><4>shikunare)</c><2></c>"
00:01:27.571,00:01:27.871,-1,0,"<2></c><1>(oishi</c><4>kunare)</c><2></c>"
00:01:27.871,00:01:28.172,-1,0,"<2></c><1>(oishiku</c><4>nare)</c><2></c>"
00:01:28.172,00:01:28.372,-1,0,"<2></c><1>(oishikuna</c><4>re)</c><2></c>"
00:01:28.205,00:01:28.272,-1,0,"<2></c><5>e</c><4>purontsukete</c><2></c>"
00:01:28.205,00:01:29.807,-1,-1,"<2></c><5>We'lldonouraprons</c><2></c>"
00:01:28.272,00:01:28.372,-1,0,"<2></c><5>epu</c><4>rontsukete</c><2></c>"
00:01:28.372,00:01:29.807,-1,0,"<2></c><1>(oishikunare)</c><2></c>"
00:01:28.372,00:01:28.572,-1,0,"<2></c><5>epuro</c><4>ntsukete</c><2></c>"
00:01:28.572,00:01:28.772,-1,0,"<2></c><5>epuron</c><4>tsukete</c><2></c>"
00:01:28.772,00:01:28.972,-1,0,"<2></c><5>epurontsu</c><4>kete</c><2></c>"
00:01:28.972,00:01:29.106,-1,0,"<2></c><5>epurontsuke</c><4>te</c><2></c>"
00:01:29.106,00:01:29.807,-1,0,"<2></c><5>epurontsukete</c><2></c>"
00:01:29.807,00:01:29.907,-1,0,"<2></c><3>o</c><4>ryourisuruyo</c><2></c>"
00:01:29.807,00:01:31.375,-1,-1,"<2></c><3>Andcookforyou</c><2></c>"
00:01:29.907,00:01:29.973,-1,0,"<2></c><3>oryo</c><4>urisuruyo</c><2></c>"
00:01:29.973,00:01:30.207,-1,0,"<2></c><3>oryou</c><4>risuruyo</c><2></c>"
00:01:30.207,00:01:30.407,-1,0,"<2></c><3>oryouri</c><4>suruyo</c><2></c>"
00:01:30.407,00:01:30.607,-1,0,"<2></c><3>oryourisu</c><4>ruyo</c><2></c>"
00:01:30.607,00:01:30.707,-1,0,"<2></c><3>oryourisuru</c><4>yo</c><2></c>"
00:01:30.707,00:01:31.375,-1,0,"<2></c><3>oryourisuruyo</c><2></c>"
00:01:31.375,00:01:31.575,-1,0,"<2></c><1>o</c><4>ideoidekocchikocchi</c><2></c>"
00:01:31.375,00:01:34.778,58,-1,"<2></c><1>Comeoncomeon!Overhere!</c><2></c>"
00:01:31.575,00:01:31.775,-1,0,"<2></c><1>oi</c><4>deoidekocchikocchi</c><2></c>"
00:01:31.775,00:01:32.176,-1,0,"<2></c><1>oide</c><4>oidekocchikocchi</c><2></c>"
00:01:31.975,00:01:32.776,-1,0,"<2></c><1>(hai!</c><4>hai!aaaau!)</c><2></c>"
00:01:31.975,00:01:34.778,-1,92,"<2></c><1>(Hi!Hi!Ah...Uh!)</c><2></c>"
00:01:32.176,00:01:32.376,-1,0,"<2></c><1>oideo</c><4>idekocchikocchi</c><2></c>"
00:01:32.376,00:01:32.576,-1,0,"<2></c><1>oideoi</c><4>dekocchikocchi</c><2></c>"
00:01:32.576,00:01:32.976,-1,0,"<2></c><1>oideoide</c><4>kocchikocchi</c><2></c>"
00:01:32.776,00:01:33.110,-1,0,"<2></c><1>(hai!hai!</c><4>aaaau!)</c><2></c>"
00:01:32.976,00:01:33.343,-1,0,"<2></c><1>oideoidekoc</c><4>chikocchi</c><2></c>"
00:01:33.110,00:01:33.410,-1,0,"<2></c><1>(hai!hai!a</c><4>aaau!)</c><2></c>"
00:01:33.343,00:01:33.577,-1,0,"<2></c><1>oideoidekocchi</c><4>kocchi</c><2></c>"
00:01:33.410,00:01:33.710,-1,0,"<2></c><1>(hai!hai!aa</c><4>aau!)</c><2></c>"
00:01:33.577,00:01:33.944,-1,0,"<2></c><1>oideoidekocchikoc</c><4>chi</c><2></c>"
00:01:33.710,00:01:34.044,-1,0,"<2></c><1>(hai!hai!aaa</c><4>au!)</c><2></c>"
00:01:33.944,00:01:34.778,-1,0,"<2></c><1>oideoidekocchikocchi</c><2></c>"
00:01:34.044,00:01:34.344,-1,0,"<2></c><1>(hai!hai!aaaa</c><4>u!)</c><2></c>"
00:01:34.344,00:01:34.778,-1,0,"<2></c><1>(hai!hai!aaaau!)</c><2></c>"
00:01:34.778,00:01:35.112,69,0,"<2></c><1>i</c><4>sshonitaberebahappiiafurerune</c><2></c>"
00:01:34.778,00:01:40.017,84,-1,"<2></c><1>Whenweeattogetherhappinessfillstheair</c><2></c>"
00:01:35.112,00:01:35.379,69,0,"<2></c><1>is</c><4>shonitaberebahappiiafurerune</c><2></c>"
00:01:35.379,00:01:35.579,69,0,"<2></c><1>issho</c><4>nitaberebahappiiafurerune</c><2></c>"
00:01:35.579,00:01:36.180,69,0,"<2></c><1>isshoni</c><4>taberebahappiiafurerune</c><2></c>"
00:01:36.180,00:01:36.280,69,0,"<2></c><1>isshonita</c><4>berebahappiiafurerune</c><2></c>"
00:01:36.280,00:01:36.346,69,0,"<2></c><1>isshonitabe</c><4>rebahappiiafurerune</c><2></c>"
00:01:36.346,00:01:36.780,69,0,"<2></c><1>isshonitabere</c><4>bahappiiafurerune</c><2></c>"
00:01:36.780,00:01:36.980,69,0,"<2></c><1>isshonitabereba</c><4>happiiafurerune</c><2></c>"
00:01:36.980,00:01:37.381,69,0,"<2></c><1>isshonitaberebahap</c><4>piiafurerune</c><2></c>"
00:01:37.381,00:01:37.981,69,0,"<2></c><1>isshonitaberebahappii</c><4>afurerune</c><2></c>"
00:01:37.981,00:01:38.582,69,0,"<2></c><1>isshonitaberebahappiia</c><4>furerune</c><2></c>"
00:01:38.582,00:01:38.749,69,0,"<2></c><1>isshonitaberebahappiiafu</c><4>rerune</c><2></c>"
00:01:38.749,00:01:39.149,69,0,"<2></c><1>isshonitaberebahappiiafure</c><4>rune</c><2></c>"
00:01:39.149,00:01:39.383,69,0,"<2></c><1>isshonitaberebahappiiafureru</c><4>ne</c><2></c>"
00:01:39.383,00:01:40.017,69,0,"<2></c><1>isshonitaberebahappiiafurerune</c><2></c>"
00:01:40.017,00:01:40.384,-1,0,"<2></c><1>(a</c><4>furerune)</c><2></c>"
00:01:40.017,00:01:42.586,-1,92,"<2></c><1>(fillstheair)</c><2></c>"
00:01:40.384,00:01:40.784,-1,0,"<2></c><1>(afu</c><4>rerune)</c><2></c>"
00:01:40.784,00:01:40.984,-1,0,"<2></c><1>(afure</c><4>rune)</c><2></c>"
00:01:40.984,00:01:41.185,-1,0,"<2></c><1>(afureru</c><4>ne)</c><2></c>"
00:01:40.984,00:01:41.085,-1,0,"<2></c><5>so</c><4>nnajikanga</c><2></c>"
00:01:40.984,00:01:42.586,-1,-1,"<2></c><5>Thesemomentsmakeit</c><2></c>"
00:01:41.085,00:01:41.185,-1,0,"<2></c><5>son</c><4>najikanga</c><2></c>"
00:01:41.185,00:01:42.586,-1,0,"<2></c><1>(afurerune)</c><2></c>"
00:01:41.185,00:01:41.385,-1,0,"<2></c><5>sonna</c><4>jikanga</c><2></c>"
00:01:41.385,00:01:41.585,-1,0,"<2></c><5>sonnaji</c><4>kanga</c><2></c>"
00:01:41.585,00:01:41.752,-1,0,"<2></c><5>sonnajika</c><4>nga</c><2></c>"
00:01:41.752,00:01:41.885,-1,0,"<2></c><5>sonnajikan</c><4>ga</c><2></c>"
00:01:41.885,00:01:42.586,-1,0,"<2></c><5>sonnajikanga</c><2></c>"
00:01:42.586,00:01:42.719,-1,0,"<2></c><3>ko</c><4>nnaegaoga</c><2></c>"
00:01:42.586,00:01:44.388,-1,-1,"<2></c><3>Thesesmilesmakeit</c><2></c>"
00:01:42.719,00:01:42.820,-1,0,"<2></c><3>kon</c><4>naegaoga</c><2></c>"
00:01:42.820,00:01:42.986,-1,0,"<2></c><3>konna</c><4>egaoga</c><2></c>"
00:01:42.986,00:01:43.187,-1,0,"<2></c><3>konnae</c><4>gaoga</c><2></c>"
00:01:43.187,00:01:43.387,-1,0,"<2></c><3>konnaega</c><4>oga</c><2></c>"
00:01:43.387,00:01:43.520,-1,0,"<2></c><3>konnaegao</c><4>ga</c><2></c>"
00:01:43.520,00:01:44.388,-1,0,"<2></c><3>konnaegaoga</c><2></c>"
00:01:44.388,00:01:44.588,58,0,"<2></c><1>da</c><4>isukiShishiWataKukkingu</c><2></c>"
00:01:44.388,00:01:47.991,77,-1,"<2></c><1>Everyone'sbeloved!ShishiWataCooking!</c><2></c>"
00:01:44.588,00:01:45.155,58,0,"<2></c><1>dai</c><4>sukiShishiWataKukkingu</c><2></c>"
00:01:45.155,00:01:45.355,58,0,"<2></c><1>daisu</c><4>kiShishiWataKukkingu</c><2></c>"
00:01:45.355,00:01:45.789,58,0,"<2></c><1>daisuki</c><4>ShishiWataKukkingu</c><2></c>"
00:01:45.789,00:01:46.190,58,0,"<2></c><1>daisukiShi</c><4>shiWataKukkingu</c><2></c>"
00:01:46.190,00:01:46.356,58,0,"<2></c><1>daisukiShishi</c><4>WataKukkingu</c><2></c>"
00:01:46.356,00:01:46.557,58,0,"<2></c><1>daisukiShishiWa</c><4>taKukkingu</c><2></c>"
00:01:46.557,00:01:46.790,58,0,"<2></c><1>daisukiShishiWata</c><4>Kukkingu</c><2></c>"
00:01:46.790,00:01:47.191,58,0,"<2></c><1>daisukiShishiWataKuk</c><4>kingu</c><2></c>"
00:01:47.191,00:01:47.558,58,0,"<2></c><1>daisukiShishiWataKukkin</c><4>gu</c><2></c>"
00:01:47.558,00:01:47.991,58,0,"<2></c><1>daisukiShishiWataKukkingu</c><2></c>"
00:01:48.358,00:01:48.592,67,0,"<2></c><5>se</c><4>tsumeishiyou!</c><2></c><4>ShishiroFuuzuChouriGakkoutowa!</c><2></c>"
00:01:48.358,00:01:51.995,88,-1,"<2></c><5>Nowtoexplain!</c><2></c><5>TheShishiroFoodsSchoolofCulinaryArtsis...</c><2></c>"
00:01:48.592,00:01:48.692,67,0,"<2></c><5>setsu</c><4>meishiyou!</c><2></c><4>ShishiroFuuzuChouriGakkoutowa!</c><2></c>"
00:01:48.692,00:01:48.926,67,0,"<2></c><5>setsumei</c><4>shiyou!</c><2></c><4>ShishiroFuuzuChouriGakkoutowa!</c><2></c>"
00:01:48.926,00:01:49.059,67,0,"<2></c><5>setsumeishi</c><4>you!</c><2></c><4>ShishiroFuuzuChouriGakkoutowa!</c><2></c>"
00:01:49.059,00:01:49.726,67,0,"<2></c><5>setsumeishiyou!</c><2></c><4>ShishiroFuuzuChouriGakkoutowa!</c><2></c>"
00:01:49.726,00:01:49.860,67,0,"<2></c><5>setsumeishiyou!</c><2></c><5>Shi</c><4>shiroFuuzuChouriGakkoutowa!</c><2></c>"
00:01:49.860,00:01:49.993,67,0,"<2></c><5>setsumeishiyou!</c><2></c><5>Shishi</c><4>roFuuzuChouriGakkoutowa!</c><2></c>"
00:01:49.993,00:01:50.160,67,0,"<2></c><5>setsumeishiyou!</c><2></c><5>Shishiro</c><4>FuuzuChouriGakkoutowa!</c><2></c>"
00:01:50.160,00:01:50.360,67,0,"<2></c><5>setsumeishiyou!</c><2></c><5>ShishiroFuu</c><4>zuChouriGakkoutowa!</c><2></c>"
00:01:50.360,00:01:50.561,67,0,"<2></c><5>setsumeishiyou!</c><2></c><5>ShishiroFuuzu</c><4>ChouriGakkoutowa!</c><2></c>"
00:01:50.561,00:01:50.727,67,0,"<2></c><5>setsumeishiyou!</c><2></c><5>ShishiroFuuzuChou</c><4>riGakkoutowa!</c><2></c>"
00:01:50.727,00:01:50.794,67,0,"<2></c><5>setsumeishiyou!</c><2></c><5>ShishiroFuuzuChouri</c><4>Gakkoutowa!</c><2></c>"
00:01:50.794,00:01:50.994,67,0,"<2></c><5>setsumeishiyou!</c><2></c><5>ShishiroFuuzuChouriGak</c><4>koutowa!</c><2></c>"
00:01:50.994,00:01:51.195,67,0,"<2></c><5>setsumeishiyou!</c><2></c><5>ShishiroFuuzuChouriGakkou</c><4>towa!</c><2></c>"
00:01:51.195,00:01:51.295,67,0,"<2></c><5>setsumeishiyou!</c><2></c><5>ShishiroFuuzuChouriGakkouto</c><4>wa!</c><2></c>"
00:01:51.295,00:01:51.995,67,0,"<2></c><5>setsumeishiyou!</c><2></c><5>ShishiroFuuzuChouriGakkoutowa!</c><2></c>"
00:01:51.995,00:01:52.196,92,0,"<2></c><5>et</c><4>tooishiiramunikuryouriokenkyuu...suru...</c><2></c>"
00:01:51.995,00:01:55.699,56,-1,"<2></c><5>Um...aresearchschoolfor</c><2></c><5>lamb—lamb—lambdishes?</c><2></c>"
00:01:52.196,00:01:52.729,92,0,"<2></c><5>etto</c><4>oishiiramunikuryouriokenkyuu...suru...</c><2></c>"
00:01:52.729,00:01:52.863,92,0,"<2></c><5>ettoo</c><4>ishiiramunikuryouriokenkyuu...suru...</c><2></c>"
00:01:52.863,00:01:52.963,92,0,"<2></c><5>ettooi</c><4>shiiramunikuryouriokenkyuu...suru...</c><2></c>"
00:01:52.963,00:01:53.097,92,0,"<2></c><5>ettooishii</c><4>ramunikuryouriokenkyuu...suru...</c><2></c>"
00:01:53.097,00:01:53.230,92,0,"<2></c><5>ettooishiira</c><4>munikuryouriokenkyuu...suru...</c><2></c>"
00:01:53.230,00:01:53.330,92,0,"<2></c><5>ettooishiiramu</c><4>nikuryouriokenkyuu...suru...</c><2></c>"
00:01:53.330,00:01:53.464,92,0,"<2></c><5>ettooishiiramuni</c><4>kuryouriokenkyuu...suru...</c><2></c>"
00:01:53.464,00:01:53.564,92,0,"<2></c><5>ettooishiiramuniku</c><4>ryouriokenkyuu...suru...</c><2></c>"
00:01:53.564,00:01:53.664,92,0,"<2></c><5>ettooishiiramunikuryo</c><4>uriokenkyuu...suru...</c><2></c>"
00:01:53.664,00:01:53.764,92,0,"<2></c><5>ettooishiiramunikuryou</c><4>riokenkyuu...suru...</c><2></c>"
00:01:53.764,00:01:53.897,92,0,"<2></c><5>ettooishiiramunikuryouri</c><4>okenkyuu...suru...</c><2></c>"
00:01:53.897,00:01:54.932,92,0,"<2></c><5>ettooishiiramunikuryourio</c><4>kenkyuu...suru...</c><2></c>"
00:01:54.932,00:01:55.132,92,0,"<2></c><5>ettooishiiramunikuryourioken</c><4>kyuu...suru...</c><2></c>"
00:01:55.132,00:01:55.265,92,0,"<2></c><5>ettooishiiramunikuryouriokenkyuu...</c><4>suru...</c><2></c>"
00:01:55.265,00:01:55.365,92,0,"<2></c><5>ettooishiiramunikuryouriokenkyuu...su</c><4>ru...</c><2></c>"
00:01:55.365,00:01:55.699,92,0,"<2></c><5>ettooishiiramunikuryouriokenkyuu...suru...</c><2></c>"
00:01:55.699,00:01:56.100,67,0,"<2></c><5>nee</c><4>Botanchankorekanpeatteru?</c><2></c>"
00:01:55.699,00:01:57.968,75,-1,"<2></c><5>HeyBotan-chanisthisscriptright?</c><2></c>"
00:01:56.100,00:01:56.233,67,0,"<2></c><5>neeBo</c><4>tanchankorekanpeatteru?</c><2></c>"
00:01:56.233,00:01:56.400,67,0,"<2></c><5>neeBotan</c><4>chankorekanpeatteru?</c><2></c>"
00:01:56.400,00:01:56.767,67,0,"<2></c><5>neeBotanchan</c><4>korekanpeatteru?</c><2></c>"
00:01:56.767,00:01:56.867,67,0,"<2></c><5>neeBotanchanko</c><4>rekanpeatteru?</c><2></c>"
00:01:56.867,00:01:57.134,67,0,"<2></c><5>neeBotanchankore</c><4>kanpeatteru?</c><2></c>"
00:01:57.134,00:01:57.234,67,0,"<2></c><5>neeBotanchankoreka</c><4>npeatteru?</c><2></c>"
00:01:57.234,00:01:57.334,67,0,"<2></c><5>neeBotanchankorekan</c><4>peatteru?</c><2></c>"
00:01:57.334,00:01:57.501,67,0,"<2></c><5>neeBotanchankorekanpe</c><4>atteru?</c><2></c>"
00:01:57.501,00:01:57.601,67,0,"<2></c><5>neeBotanchankorekanpea</c><4>tteru?</c><2></c>"
00:01:57.601,00:01:57.734,67,0,"<2></c><5>neeBotanchankorekanpeat</c><4>teru?</c><2></c>"
00:01:57.734,00:01:57.868,67,0,"<2></c><5>neeBotanchankorekanpeatte</c><4>ru?</c><2></c>"
00:01:57.868,00:01:57.968,67,0,"<2></c><5>neeBotanchankorekanpeatteru?</c><2></c>"
00:01:57.968,00:01:58.135,-1,0,"<2></c><3>at</c><4>temasuyo</c><2></c>"
00:01:57.968,00:01:59.002,-1,-1,"<2></c><3>Yesitis.</c><2></c>"
00:01:58.135,00:01:58.235,-1,0,"<2></c><3>atte</c><4>masuyo</c><2></c>"
00:01:58.235,00:01:58.368,-1,0,"<2></c><3>attema</c><4>suyo</c><2></c>"
00:01:58.368,00:01:58.502,-1,0,"<2></c><3>attemasu</c><4>yo</c><2></c>"
00:01:58.502,00:01:59.002,-1,0,"<2></c><3>attemasuyo</c><2></c>"
00:01:59.002,00:01:59.369,-1,0,"<2></c><5>fu</c><4>fuun</c><2></c>"
00:01:59.002,00:02:00.404,-1,-1,"<2></c><5>O-Oh...</c><2></c>"
00:01:59.369,00:01:59.970,-1,0,"<2></c><5>fufuu</c><4>n</c><2></c>"
00:01:59.970,00:02:00.404,-1,0,"<2></c><5>fufuun</c><2></c>"
00:02:00.404,00:02:00.871,-1,0,"<2></c><3>a</c><4>shokuzaiganai</c><2></c>"
00:02:00.404,00:02:02.005,70,-1,"<2></c><3>Oh.Wedon'thavetheingredients.</c><2></c>"
00:02:00.871,00:02:01.071,-1,0,"<2></c><3>asho</c><4>kuzaiganai</c><2></c>"
00:02:01.071,00:02:01.138,-1,0,"<2></c><3>ashoku</c><4>zaiganai</c><2></c>"
00:02:01.138,00:02:01.238,-1,0,"<2></c><3>ashokuza</c><4>iganai</c><2></c>"
00:02:01.238,00:02:01.305,-1,0,"<2></c><3>ashokuzai</c><4>ganai</c><2></c>"
00:02:01.305,00:02:01.405,-1,0,"<2></c><3>ashokuzaiga</c><4>nai</c><2></c>"
00:02:01.405,00:02:02.005,-1,0,"<2></c><3>ashokuzaiganai</c><2></c>"
00:02:02.506,00:02:02.573,73,0,"<2></c><5>so</c><4>ushitearatanashokuzaiosagashini</c><2></c>"
00:02:02.506,00:02:04.975,80,-1,"<2></c><5>Andsointhesearchfornewingredients</c><2></c>"
00:02:02.573,00:02:02.673,73,0,"<2></c><5>sou</c><4>shitearatanashokuzaiosagashini</c><2></c>"
00:02:02.673,00:02:02.773,73,0,"<2></c><5>soushi</c><4>tearatanashokuzaiosagashini</c><2></c>"
00:02:02.773,00:02:03.273,73,0,"<2></c><5>soushite</c><4>aratanashokuzaiosagashini</c><2></c>"
00:02:03.273,00:02:03.373,73,0,"<2></c><5>soushitea</c><4>ratanashokuzaiosagashini</c><2></c>"
00:02:03.373,00:02:03.474,73,0,"<2></c><5>soushiteara</c><4>tanashokuzaiosagashini</c><2></c>"
00:02:03.474,00:02:03.574,73,0,"<2></c><5>soushitearata</c><4>nashokuzaiosagashini</c><2></c>"
00:02:03.574,00:02:03.674,73,0,"<2></c><5>soushitearatana</c><4>shokuzaiosagashini</c><2></c>"
00:02:03.674,00:02:03.807,73,0,"<2></c><5>soushitearatanasho</c><4>kuzaiosagashini</c><2></c>"
00:02:03.807,00:02:03.907,73,0,"<2></c><5>soushitearatanashoku</c><4>zaiosagashini</c><2></c>"
00:02:03.907,00:02:04.007,73,0,"<2></c><5>soushitearatanashokuza</c><4>iosagashini</c><2></c>"
00:02:04.007,00:02:04.074,73,0,"<2></c><5>soushitearatanashokuzai</c><4>osagashini</c><2></c>"
00:02:04.074,00:02:04.208,73,0,"<2></c><5>soushitearatanashokuzaio</c><4>sagashini</c><2></c>"
00:02:04.208,00:02:04.274,73,0,"<2></c><5>soushitearatanashokuzaiosa</c><4>gashini</c><2></c>"
00:02:04.274,00:02:04.374,73,0,"<2></c><5>soushitearatanashokuzaiosaga</c><4>shini</c><2></c>"
00:02:04.374,00:02:04.541,73,0,"<2></c><5>soushitearatanashokuzaiosagashi</c><4>ni</c><2></c>"
00:02:04.541,00:02:04.975,73,0,"<2></c><5>soushitearatanashokuzaiosagashini</c><2></c>"
00:02:04.975,00:02:05.109,98,0,"<2></c><5>sa</c><4>bannanookuchietoyattekitanodeatta...atta...</c><2></c>"
00:02:04.975,00:02:08.378,86,-1,"<2></c><5>Wehavecomeheretotheheartofthesavanna</c><2></c>"
00:02:05.109,00:02:05.175,98,0,"<2></c><5>saba</c><4>nnanookuchietoyattekitanodeatta...atta...</c><2></c>"
00:02:05.175,00:02:05.275,98,0,"<2></c><5>saban</c><4>nanookuchietoyattekitanodeatta...atta...</c><2></c>"
00:02:05.275,00:02:05.375,98,0,"<2></c><5>sabanna</c><4>nookuchietoyattekitanodeatta...atta...</c><2></c>"
00:02:05.375,00:02:05.442,98,0,"<2></c><5>sabannano</c><4>okuchietoyattekitanodeatta...atta...</c><2></c>"
00:02:05.442,00:02:05.542,98,0,"<2></c><5>sabannanoo</c><4>kuchietoyattekitanodeatta...atta...</c><2></c>"
00:02:05.542,00:02:05.642,98,0,"<2></c><5>sabannanooku</c><4>chietoyattekitanodeatta...atta...</c><2></c>"
00:02:05.642,00:02:05.742,98,0,"<2></c><5>sabannanookuchi</c><4>etoyattekitanodeatta...atta...</c><2></c>"
00:02:05.742,00:02:05.876,98,0,"<2></c><5>sabannanookuchie</c><4>toyattekitanodeatta...atta...</c><2></c>"
00:02:05.876,00:02:06.243,98,0,"<2></c><5>sabannanookuchieto</c><4>yattekitanodeatta...atta...</c><2></c>"
00:02:06.243,00:02:06.443,98,0,"<2></c><5>sabannanookuchietoyat</c><4>tekitanodeatta...atta...</c><2></c>"
00:02:06.443,00:02:06.543,98,0,"<2></c><5>sabannanookuchietoyatte</c><4>kitanodeatta...atta...</c><2></c>"
00:02:06.543,00:02:06.643,98,0,"<2></c><5>sabannanookuchietoyatteki</c><4>tanodeatta...atta...</c><2></c>"
00:02:06.643,00:02:06.777,98,0,"<2></c><5>sabannanookuchietoyattekita</c><4>nodeatta...atta...</c><2></c>"
00:02:06.777,00:02:06.844,98,0,"<2></c><5>sabannanookuchietoyattekitano</c><4>deatta...atta...</c><2></c>"
00:02:06.844,00:02:07.111,98,0,"<2></c><5>sabannanookuchietoyattekitanode</c><4>atta...atta...</c><2></c>"
00:02:07.111,00:02:07.311,98,0,"<2></c><5>sabannanookuchietoyattekitanodeat</c><4>ta...atta...</c><2></c>"
00:02:07.311,00:02:07.644,98,0,"<2></c><5>sabannanookuchietoyattekitanodeatta...</c><4>atta...</c><2></c>"
00:02:07.644,00:02:07.878,98,0,"<2></c><5>sabannanookuchietoyattekitanodeatta...at</c><4>ta...</c><2></c>"
00:02:07.878,00:02:08.378,98,0,"<2></c><5>sabannanookuchietoyattekitanodeatta...atta...</c><2></c>"
00:02:08.378,00:02:08.679,-1,0,"<2></c><3>sa</c><4>gasegoukasandaiwagyuu</c><2></c>"
00:02:08.378,00:02:10.981,72,-1,"<2></c><3>Searchingforthemostluxuriousbeef</c><2></c>"
00:02:08.679,00:02:08.979,-1,0,"<2></c><3>saga</c><4>segoukasandaiwagyuu</c><2></c>"
00:02:08.979,00:02:09.379,-1,0,"<2></c><3>sagase</c><4>goukasandaiwagyuu</c><2></c>"
00:02:09.379,00:02:09.580,-1,0,"<2></c><3>sagasego</c><4>ukasandaiwagyuu</c><2></c>"
00:02:09.580,00:02:09.780,-1,0,"<2></c><3>sagasegou</c><4>kasandaiwagyuu</c><2></c>"
00:02:09.780,00:02:09.980,-1,0,"<2></c><3>sagasegouka</c><4>sandaiwagyuu</c><2></c>"
00:02:09.980,00:02:10.214,-1,0,"<2></c><3>sagasegoukasan</c><4>daiwagyuu</c><2></c>"
00:02:10.214,00:02:10.380,-1,0,"<2></c><3>sagasegoukasanda</c><4>iwagyuu</c><2></c>"
00:02:10.380,00:02:10.581,-1,0,"<2></c><3>sagasegoukasandai</c><4>wagyuu</c><2></c>"
00:02:10.581,00:02:10.681,-1,0,"<2></c><3>sagasegoukasandaiwa</c><4>gyuu</c><2></c>"
00:02:10.681,00:02:10.981,-1,0,"<2></c><3>sagasegoukasandaiwagyuu</c><2></c>"
00:02:10.981,00:02:11.181,-1,0,"<2></c><3>pa</c><4>on</c><2></c>"
00:02:10.981,00:02:11.582,-1,-1,"<2></c><3>Baroom!</c><2></c>"
00:02:11.181,00:02:11.582,-1,0,"<2></c><3>paon</c><2></c>"
00:02:11.582,00:02:11.882,-1,0,"<2></c><3>na</c><4>sakeyoushasabaibaru</c><2></c>"
00:02:11.582,00:02:14.384,63,-1,"<2></c><3>Compassionmercyandsurvival</c><2></c>"
00:02:11.882,00:02:12.182,-1,0,"<2></c><3>nasa</c><4>keyoushasabaibaru</c><2></c>"
00:02:12.182,00:02:12.583,-1,0,"<2></c><3>nasake</c><4>youshasabaibaru</c><2></c>"
00:02:12.583,00:02:12.783,-1,0,"<2></c><3>nasakeyo</c><4>ushasabaibaru</c><2></c>"
00:02:12.783,00:02:12.983,-1,0,"<2></c><3>nasakeyou</c><4>shasabaibaru</c><2></c>"
00:02:12.983,00:02:13.183,-1,0,"<2></c><3>nasakeyousha</c><4>sabaibaru</c><2></c>"
00:02:13.183,00:02:13.417,-1,0,"<2></c><3>nasakeyoushasa</c><4>baibaru</c><2></c>"
00:02:13.417,00:02:13.584,-1,0,"<2></c><3>nasakeyoushasaba</c><4>ibaru</c><2></c>"
00:02:13.584,00:02:13.784,-1,0,"<2></c><3>nasakeyoushasabai</c><4>baru</c><2></c>"
00:02:13.784,00:02:13.917,-1,0,"<2></c><3>nasakeyoushasabaiba</c><4>ru</c><2></c>"
00:02:13.917,00:02:14.384,-1,0,"<2></c><3>nasakeyoushasabaibaru</c><2></c>"
00:02:14.384,00:02:14.585,-1,0,"<2></c><5>do</c><4>dodo!nikutaigengo</c><2></c>"
00:02:14.384,00:02:17.354,73,-1,"<2></c><5>Bangbangbang!Seemybodylanguage</c><2></c>"
00:02:14.585,00:02:14.785,-1,0,"<2></c><5>dodo</c><4>do!nikutaigengo</c><2></c>"
00:02:14.785,00:02:15.586,-1,0,"<2></c><5>dododo!</c><4>nikutaigengo</c><2></c>"
00:02:15.219,00:02:15.552,-1,0,"<2></c><1>(doo</c><4>n!)</c><2></c>"
00:02:15.219,00:02:15.786,-1,92,"<2></c><1>(Bang!)</c><2></c>"
00:02:15.552,00:02:15.786,-1,0,"<2></c><1>(doon!)</c><2></c>"
00:02:15.586,00:02:15.719,-1,0,"<2></c><5>dododo!ni</c><4>kutaigengo</c><2></c>"
00:02:15.719,00:02:15.786,-1,0,"<2></c><5>dododo!niku</c><4>taigengo</c><2></c>"
00:02:15.786,00:02:15.886,-1,0,"<2></c><5>dododo!nikuta</c><4>igengo</c><2></c>"
00:02:15.886,00:02:15.986,-1,0,"<2></c><5>dododo!nikutai</c><4>gengo</c><2></c>"
00:02:15.986,00:02:16.186,-1,0,"<2></c><5>dododo!nikutaige</c><4>ngo</c><2></c>"
00:02:16.186,00:02:16.620,-1,0,"<2></c><5>dododo!nikutaigen</c><4>go</c><2></c>"
00:02:16.620,00:02:17.354,-1,0,"<2></c><5>dododo!nikutaigengo</c><2></c>"
00:02:17.354,00:02:17.588,-1,0,"<2></c><5>ga</c><4>ngankimatteku</c><2></c>"
00:02:17.354,00:02:20.390,-1,-1,"<2></c><5>Theycanfeelmerealgood</c><2></c>"
00:02:17.588,00:02:17.754,-1,0,"<2></c><5>gan</c><4>gankimatteku</c><2></c>"
00:02:17.754,00:02:17.988,-1,0,"<2></c><5>ganga</c><4>nkimatteku</c><2></c>"
00:02:17.988,00:02:18.522,-1,0,"<2></c><5>gangan</c><4>kimatteku</c><2></c>"
00:02:18.522,00:02:18.755,-1,0,"<2></c><5>ganganki</c><4>matteku</c><2></c>"
00:02:18.755,00:02:19.089,-1,0,"<2></c><5>gangankima</c><4>tteku</c><2></c>"
00:02:19.089,00:02:19.389,-1,0,"<2></c><5>gangankimatte</c><4>ku</c><2></c>"
00:02:19.389,00:02:20.390,-1,0,"<2></c><5>gangankimatteku</c><2></c>"
00:02:21.191,00:02:21.358,-1,0,"<2></c><3>shi</c><4>tomewabacchirito</c><2></c>"
00:02:21.191,00:02:22.793,59,-1,"<2></c><3>Ifweneedtodosomehunting</c><2></c>"
00:02:21.358,00:02:21.592,-1,0,"<2></c><3>shito</c><4>mewabacchirito</c><2></c>"
00:02:21.592,00:02:21.792,-1,0,"<2></c><3>shitome</c><4>wabacchirito</c><2></c>"
00:02:21.792,00:02:21.992,-1,0,"<2></c><3>shitomewa</c><4>bacchirito</c><2></c>"
00:02:21.992,00:02:22.192,-1,0,"<2></c><3>shitomewabac</c><4>chirito</c><2></c>"
00:02:22.192,00:02:22.259,-1,0,"<2></c><3>shitomewabacchi</c><4>rito</c><2></c>"
00:02:22.259,00:02:22.392,-1,0,"<2></c><3>shitomewabacchiri</c><4>to</c><2></c>"
00:02:22.392,00:02:22.793,-1,0,"<2></c><3>shitomewabacchirito</c><2></c>"
00:02:22.793,00:02:22.993,-1,0,"<2></c><3>ma</c><4>kasetekudasaiyo</c><2></c>"
00:02:22.793,00:02:24.394,64,-1,"<2></c><3>Leaveittomeit'llbenothing</c><2></c>"
00:02:22.993,00:02:23.193,-1,0,"<2></c><3>maka</c><4>setekudasaiyo</c><2></c>"
00:02:23.193,00:02:23.393,-1,0,"<2></c><3>makase</c><4>tekudasaiyo</c><2></c>"
00:02:23.393,00:02:23.594,-1,0,"<2></c><3>makasete</c><4>kudasaiyo</c><2></c>"
00:02:23.594,00:02:23.660,-1,0,"<2></c><3>makaseteku</c><4>dasaiyo</c><2></c>"
00:02:23.660,00:02:23.794,-1,0,"<2></c><3>makasetekuda</c><4>saiyo</c><2></c>"
00:02:23.794,00:02:23.894,-1,0,"<2></c><3>makasetekudasa</c><4>iyo</c><2></c>"
00:02:23.894,00:02:23.994,-1,0,"<2></c><3>makasetekudasai</c><4>yo</c><2></c>"
00:02:23.994,00:02:24.394,-1,0,"<2></c><3>makasetekudasaiyo</c><2></c>"
00:02:24.394,00:02:24.561,-1,0,"<2></c><5>na</c><4>ntokashitekureru</c><2></c>"
00:02:24.394,00:02:25.996,-1,-1,"<2></c><5>Shedoesitallforus</c><2></c>"
00:02:24.561,00:02:24.795,-1,0,"<2></c><5>nan</c><4>tokashitekureru</c><2></c>"
00:02:24.795,00:02:24.995,-1,0,"<2></c><5>nanto</c><4>kashitekureru</c><2></c>"
00:02:24.995,00:02:25.162,-1,0,"<2></c><5>nantoka</c><4>shitekureru</c><2></c>"
00:02:25.162,00:02:25.262,-1,0,"<2></c><5>nantokashi</c><4>tekureru</c><2></c>"
00:02:25.262,00:02:25.362,-1,0,"<2></c><5>nantokashite</c><4>kureru</c><2></c>"
00:02:25.362,00:02:25.462,-1,0,"<2></c><5>nantokashiteku</c><4>reru</c><2></c>"
00:02:25.462,00:02:25.562,-1,0,"<2></c><5>nantokashitekure</c><4>ru</c><2></c>"
00:02:25.562,00:02:25.996,-1,0,"<2></c><5>nantokashitekureru</c><2></c>"
00:02:25.996,00:02:26.163,-1,0,"<2></c><5>Shi</c><4>shiroBotan</c><2></c>"
00:02:25.996,00:02:27.564,-1,-1,"<2></c><5>ShishiroBotan</c><2></c>"
00:02:26.163,00:02:26.363,-1,0,"<2></c><5>Shishi</c><4>roBotan</c><2></c>"
00:02:26.363,00:02:26.563,-1,0,"<2></c><5>Shishiro</c><4>Botan</c><2></c>"
00:02:26.563,00:02:26.763,-1,0,"<2></c><5>ShishiroBo</c><4>tan</c><2></c>"
00:02:26.763,00:02:26.997,-1,0,"<2></c><5>ShishiroBota</c><4>n</c><2></c>"
00:02:26.997,00:02:27.564,-1,0,"<2></c><5>ShishiroBotan</c><2></c>"
00:02:27.564,00:02:27.764,-1,0,"<2></c><3>ko</c><4>noyowamarutto</c><2></c>"
00:02:27.564,00:02:29.366,-1,-1,"<2></c><3>Theworldisround</c><2></c>"
00:02:27.764,00:02:27.965,-1,0,"<2></c><3>kono</c><4>yowamarutto</c><2></c>"
00:02:27.965,00:02:28.165,-1,0,"<2></c><3>konoyo</c><4>wamarutto</c><2></c>"
00:02:28.165,00:02:28.365,-1,0,"<2></c><3>konoyowa</c><4>marutto</c><2></c>"
00:02:28.365,00:02:28.599,-1,0,"<2></c><3>konoyowama</c><4>rutto</c><2></c>"
00:02:28.599,00:02:28.765,-1,0,"<2></c><3>konoyowamaru</c><4>tto</c><2></c>"
00:02:28.765,00:02:28.999,-1,0,"<2></c><3>konoyowamarut</c><4>to</c><2></c>"
00:02:28.999,00:02:29.366,-1,0,"<2></c><3>konoyowamarutto</c><2></c>"
00:02:29.366,00:02:29.533,-1,0,"<2></c><5>san</c><4>kakushikaku!</c><2></c>"
00:02:29.366,00:02:30.767,-1,-1,"<2></c><5>Trianglesandsquares!</c><2></c>"
00:02:29.533,00:02:29.733,-1,0,"<2></c><5>sanka</c><4>kushikaku!</c><2></c>"
00:02:29.733,00:02:29.967,-1,0,"<2></c><5>sankaku</c><4>shikaku!</c><2></c>"
00:02:29.967,00:02:30.167,-1,0,"<2></c><5>sankakushi</c><4>kaku!</c><2></c>"
00:02:30.167,00:02:30.367,-1,0,"<2></c><5>sankakushika</c><4>ku!</c><2></c>"
00:02:30.367,00:02:30.767,-1,0,"<2></c><5>sankakushikaku!</c><2></c>"
00:02:30.767,00:02:30.968,-1,0,"<2></c><5>ja</c><4>kunikukyoushoku</c><2></c>"
00:02:30.767,00:02:32.369,-1,-1,"<2></c><5>Survivalofthefittest</c><2></c>"
00:02:30.968,00:02:31.168,-1,0,"<2></c><5>jaku</c><4>nikukyoushoku</c><2></c>"
00:02:31.168,00:02:31.368,-1,0,"<2></c><5>jakuni</c><4>kukyoushoku</c><2></c>"
00:02:31.368,00:02:31.568,-1,0,"<2></c><5>jakuniku</c><4>kyoushoku</c><2></c>"
00:02:31.568,00:02:31.802,-1,0,"<2></c><5>jakunikukyo</c><4>ushoku</c><2></c>"
00:02:31.802,00:02:31.969,-1,0,"<2></c><5>jakunikukyou</c><4>shoku</c><2></c>"
00:02:31.969,00:02:32.202,-1,0,"<2></c><5>jakunikukyousho</c><4>ku</c><2></c>"
00:02:32.202,00:02:32.369,-1,0,"<2></c><5>jakunikukyoushoku</c><2></c>"
00:02:32.369,00:02:32.569,-1,0,"<2></c><3>ju</c><4>ruri...</c><2></c>"
00:02:32.369,00:02:32.903,-1,-1,"<2></c><3>Drool.</c><2></c>"
00:02:32.569,00:02:32.769,-1,0,"<2></c><3>juru</c><4>ri...</c><2></c>"
00:02:32.769,00:02:32.903,-1,0,"<2></c><3>jururi...</c><2></c>"
00:02:32.903,00:02:33.103,-1,0,"<2></c><5>hi</c><4>e...!</c><2></c>"
00:02:32.903,00:02:34.004,-1,-1,"<2></c><5>Eek!</c><2></c>"
00:02:33.103,00:02:34.004,-1,0,"<2></c><5>hie...!</c><2></c>"
00:02:34.004,00:02:34.271,-1,0,"<2></c><1>mo</c><4>udameharapeko</c><2></c>"
00:02:34.004,00:02:37.174,63,-1,"<2></c><1>Ican'ttakeitI'mtoohungry</c><2></c>"
00:02:34.271,00:02:34.605,-1,0,"<2></c><1>mou</c><4>dameharapeko</c><2></c>"
00:02:34.605,00:02:34.805,-1,0,"<2></c><1>mouda</c><4>meharapeko</c><2></c>"
00:02:34.805,00:02:35.539,-1,0,"<2></c><1>moudame</c><4>harapeko</c><2></c>"
00:02:35.539,00:02:36.006,-1,0,"<2></c><1>moudameha</c><4>rapeko</c><2></c>"
00:02:36.006,00:02:36.206,-1,0,"<2></c><1>moudamehara</c><4>peko</c><2></c>"
00:02:36.206,00:02:36.607,-1,0,"<2></c><1>moudameharape</c><4>ko</c><2></c>"
00:02:36.607,00:02:37.174,-1,0,"<2></c><1>moudameharapeko</c><2></c>"
00:02:37.174,00:02:37.374,-1,0,"<2></c><1>saa</c><4>sahayakutabeyou</c><2></c>"
00:02:37.174,00:02:38.976,-1,-1,"<2></c><1>Comeonhurrylet'seat</c><2></c>"
00:02:37.374,00:02:37.608,-1,0,"<2></c><1>saasa</c><4>hayakutabeyou</c><2></c>"
00:02:37.608,00:02:37.708,-1,0,"<2></c><1>saasaha</c><4>yakutabeyou</c><2></c>"
00:02:37.708,00:02:37.808,-1,0,"<2></c><1>saasahaya</c><4>kutabeyou</c><2></c>"
00:02:37.808,00:02:38.008,-1,0,"<2></c><1>saasahayaku</c><4>tabeyou</c><2></c>"
00:02:38.008,00:02:38.208,-1,0,"<2></c><1>saasahayakuta</c><4>beyou</c><2></c>"
00:02:38.208,00:02:38.375,-1,0,"<2></c><1>saasahayakutabe</c><4>you</c><2></c>"
00:02:38.375,00:02:38.609,-1,0,"<2></c><1>saasahayakutabeyo</c><4>u</c><2></c>"
00:02:38.609,00:02:38.976,-1,0,"<2></c><1>saasahayakutabeyou</c><2></c>"
00:02:39.576,00:02:39.743,61,0,"<2></c><1>ta</c><4>iyounoshitapikunikkutoka</c><2></c>"
00:02:39.576,00:02:43.580,66,-1,"<2></c><1>Let'shaveapicnicunderthesun</c><2></c>"
00:02:39.743,00:02:39.943,61,0,"<2></c><1>tai</c><4>younoshitapikunikkutoka</c><2></c>"
00:02:39.943,00:02:40.344,61,0,"<2></c><1>taiyou</c><4>noshitapikunikkutoka</c><2></c>"
00:02:40.344,00:02:40.944,61,0,"<2></c><1>taiyouno</c><4>shitapikunikkutoka</c><2></c>"
00:02:40.944,00:02:41.178,61,0,"<2></c><1>taiyounoshi</c><4>tapikunikkutoka</c><2></c>"
00:02:41.178,00:02:41.778,61,0,"<2></c><1>taiyounoshita</c><4>pikunikkutoka</c><2></c>"
00:02:41.778,00:02:41.879,61,0,"<2></c><1>taiyounoshitapi</c><4>kunikkutoka</c><2></c>"
00:02:41.879,00:02:41.979,61,0,"<2></c><1>taiyounoshitapiku</c><4>nikkutoka</c><2></c>"
00:02:41.979,00:02:42.346,61,0,"<2></c><1>taiyounoshitapikunik</c><4>kutoka</c><2></c>"
00:02:42.346,00:02:42.579,61,0,"<2></c><1>taiyounoshitapikunikku</c><4>toka</c><2></c>"
00:02:42.579,00:02:42.980,61,0,"<2></c><1>taiyounoshitapikunikkuto</c><4>ka</c><2></c>"
00:02:42.980,00:02:43.580,61,0,"<2></c><1>taiyounoshitapikunikkutoka</c><2></c>"
00:02:43.580,00:02:44.181,-1,0,"<2></c><1>ta</c><4>noshiiyone</c><2></c>"
00:02:43.580,00:02:45.616,-1,-1,"<2></c><1>Won'titbesofun?</c><2></c>"
00:02:44.181,00:02:44.348,-1,0,"<2></c><1>tano</c><4>shiiyone</c><2></c>"
00:02:44.348,00:02:44.548,-1,0,"<2></c><1>tanoshi</c><4>iyone</c><2></c>"
00:02:44.548,00:02:44.748,-1,0,"<2></c><1>tanoshii</c><4>yone</c><2></c>"
00:02:44.748,00:02:44.982,-1,0,"<2></c><1>tanoshiiyo</c><4>ne</c><2></c>"
00:02:44.982,00:02:45.616,-1,0,"<2></c><1>tanoshiiyone</c><2></c>"
00:02:45.616,00:02:45.983,-1,0,"<2></c><1>(ta</c><4>noshiiyone)</c><2></c>"
00:02:45.616,00:02:48.185,-1,92,"<2></c><1>(Won'titbesofun?)</c><2></c>"
00:02:45.983,00:02:46.283,-1,0,"<2></c><1>(tano</c><4>shiiyone)</c><2></c>"
00:02:46.283,00:02:46.450,-1,0,"<2></c><1>(tanoshi</c><4>iyone)</c><2></c>"
00:02:46.450,00:02:46.583,-1,0,"<2></c><1>(tanoshii</c><4>yone)</c><2></c>"
00:02:46.583,00:02:46.783,-1,0,"<2></c><1>(tanoshiiyo</c><4>ne)</c><2></c>"
00:02:46.583,00:02:46.650,-1,0,"<2></c><3>i</c><4>rotoridorino</c><2></c>"
00:02:46.583,00:02:48.185,-1,-1,"<2></c><3>Allthesecolorful</c><2></c>"
00:02:46.650,00:02:46.783,-1,0,"<2></c><3>iro</c><4>toridorino</c><2></c>"
00:02:46.783,00:02:48.185,-1,0,"<2></c><1>(tanoshiiyone)</c><2></c>"
00:02:46.783,00:02:47.017,-1,0,"<2></c><3>iroto</c><4>ridorino</c><2></c>"
00:02:47.017,00:02:47.184,-1,0,"<2></c><3>irotori</c><4>dorino</c><2></c>"
00:02:47.184,00:02:47.384,-1,0,"<2></c><3>irotorido</c><4>rino</c><2></c>"
00:02:47.384,00:02:47.484,-1,0,"<2></c><3>irotoridori</c><4>no</c><2></c>"
00:02:47.484,00:02:48.185,-1,0,"<2></c><3>irotoridorino</c><2></c>"
00:02:48.185,00:02:48.285,-1,0,"<2></c><5>o</c><4>bentohakoe</c><2></c>"
00:02:48.185,00:02:49.786,-1,-1,"<2></c><5>Boxesforfood</c><2></c>"
00:02:48.285,00:02:48.385,-1,0,"<2></c><5>obe</c><4>ntohakoe</c><2></c>"
00:02:48.385,00:02:48.585,-1,0,"<2></c><5>oben</c><4>tohakoe</c><2></c>"
00:02:48.585,00:02:48.785,-1,0,"<2></c><5>obento</c><4>hakoe</c><2></c>"
00:02:48.785,00:02:48.986,-1,0,"<2></c><5>obentoha</c><4>koe</c><2></c>"
00:02:48.986,00:02:49.052,-1,0,"<2></c><5>obentohako</c><4>e</c><2></c>"
00:02:49.052,00:02:49.786,-1,0,"<2></c><5>obentohakoe</c><2></c>"
00:02:49.786,00:02:49.953,-1,0,"<2></c><1>tsu</c><4>meyoutsumeyoutokimeki</c><2></c>"
00:02:49.786,00:02:53.190,83,-1,"<2></c><1>Stuffthemfull!Stuffthemfull!Ofdreams!</c><2></c>"
00:02:49.953,00:02:50.187,-1,0,"<2></c><1>tsume</c><4>youtsumeyoutokimeki</c><2></c>"
00:02:50.187,00:02:50.587,-1,0,"<2></c><1>tsumeyou</c><4>tsumeyoutokimeki</c><2></c>"
00:02:50.387,00:02:51.188,-1,0,"<2></c><1>(hai!</c><4>hai!aaaau!)</c><2></c>"
00:02:50.387,00:02:53.190,-1,92,"<2></c><1>(Hi!Hi!Ah...Uh!)</c><2></c>"
00:02:50.587,00:02:50.754,-1,0,"<2></c><1>tsumeyoutsu</c><4>meyoutokimeki</c><2></c>"
00:02:50.754,00:02:50.988,-1,0,"<2></c><1>tsumeyoutsume</c><4>youtokimeki</c><2></c>"
00:02:50.988,00:02:51.388,-1,0,"<2></c><1>tsumeyoutsumeyou</c><4>tokimeki</c><2></c>"
00:02:51.188,00:02:51.522,-1,0,"<2></c><1>(hai!hai!</c><4>aaaau!)</c><2></c>"
00:02:51.388,00:02:51.755,-1,0,"<2></c><1>tsumeyoutsumeyouto</c><4>kimeki</c><2></c>"
00:02:51.522,00:02:51.822,-1,0,"<2></c><1>(hai!hai!a</c><4>aaau!)</c><2></c>"
00:02:51.755,00:02:51.989,-1,0,"<2></c><1>tsumeyoutsumeyoutoki</c><4>meki</c><2></c>"
00:02:51.822,00:02:52.122,-1,0,"<2></c><1>(hai!hai!aa</c><4>aau!)</c><2></c>"
00:02:51.989,00:02:52.356,-1,0,"<2></c><1>tsumeyoutsumeyoutokime</c><4>ki</c><2></c>"
00:02:52.122,00:02:52.456,-1,0,"<2></c><1>(hai!hai!aaa</c><4>au!)</c><2></c>"
00:02:52.356,00:02:53.190,-1,0,"<2></c><1>tsumeyoutsumeyoutokimeki</c><2></c>"
00:02:52.456,00:02:52.756,-1,0,"<2></c><1>(hai!hai!aaaa</c><4>u!)</c><2></c>"
00:02:52.756,00:02:53.190,-1,0,"<2></c><1>(hai!hai!aaaau!)</c><2></c>"
00:02:53.190,00:02:53.790,67,0,"<2></c><1>me</c><4>tomeawasetehappiimeshiagare</c><2></c>"
00:02:53.190,00:02:58.362,78,-1,"<2></c><1>Seeingeachothersohappyeatitallup</c><2></c>"
00:02:53.790,00:02:53.991,67,0,"<2></c><1>meto</c><4>meawasetehappiimeshiagare</c><2></c>"
00:02:53.991,00:02:54.591,67,0,"<2></c><1>metome</c><4>awasetehappiimeshiagare</c><2></c>"
00:02:54.591,00:02:54.691,67,0,"<2></c><1>metomea</c><4>wasetehappiimeshiagare</c><2></c>"
00:02:54.691,00:02:54.791,67,0,"<2></c><1>metomeawa</c><4>setehappiimeshiagare</c><2></c>"
00:02:54.791,00:02:55.192,67,0,"<2></c><1>metomeawase</c><4>tehappiimeshiagare</c><2></c>"
00:02:55.192,00:02:55.392,67,0,"<2></c><1>metomeawasete</c><4>happiimeshiagare</c><2></c>"
00:02:55.392,00:02:55.792,67,0,"<2></c><1>metomeawasetehap</c><4>piimeshiagare</c><2></c>"
00:02:55.792,00:02:56.360,67,0,"<2></c><1>metomeawasetehappii</c><4>meshiagare</c><2></c>"
00:02:56.360,00:02:56.994,67,0,"<2></c><1>metomeawasetehappiime</c><4>shiagare</c><2></c>"
00:02:56.994,00:02:57.194,67,0,"<2></c><1>metomeawasetehappiimeshi</c><4>agare</c><2></c>"
00:02:57.194,00:02:57.594,67,0,"<2></c><1>metomeawasetehappiimeshia</c><4>gare</c><2></c>"
00:02:57.594,00:02:57.828,67,0,"<2></c><1>metomeawasetehappiimeshiaga</c><4>re</c><2></c>"
00:02:57.828,00:02:58.362,67,0,"<2></c><1>metomeawasetehappiimeshiagare</c><2></c>"
00:02:58.362,00:02:58.762,-1,0,"<2></c><1>(me</c><4>shiagare)</c><2></c>"
00:02:58.362,00:03:00.998,-1,92,"<2></c><1>(eatitallup)</c><2></c>"
00:02:58.762,00:02:59.096,-1,0,"<2></c><1>(meshi</c><4>agare)</c><2></c>"
00:02:59.096,00:02:59.363,-1,0,"<2></c><1>(meshia</c><4>gare)</c><2></c>"
00:02:59.363,00:02:59.596,-1,0,"<2></c><1>(meshiaga</c><4>re)</c><2></c>"
00:02:59.396,00:02:59.496,-1,0,"<2></c><3>so</c><4>nnajikanga</c><2></c>"
00:02:59.396,00:03:00.998,-1,-1,"<2></c><3>Thesemomentsmakeit</c><2></c>"
00:02:59.496,00:02:59.596,-1,0,"<2></c><3>son</c><4>najikanga</c><2></c>"
00:02:59.596,00:03:00.998,-1,0,"<2></c><1>(meshiagare)</c><2></c>"
00:02:59.596,00:02:59.796,-1,0,"<2></c><3>sonna</c><4>jikanga</c><2></c>"
00:02:59.796,00:02:59.997,-1,0,"<2></c><3>sonnaji</c><4>kanga</c><2></c>"
00:02:59.997,00:03:00.197,-1,0,"<2></c><3>sonnajika</c><4>nga</c><2></c>"
00:03:00.197,00:03:00.297,-1,0,"<2></c><3>sonnajikan</c><4>ga</c><2></c>"
00:03:00.297,00:03:00.998,-1,0,"<2></c><3>sonnajikanga</c><2></c>"
00:03:00.998,00:03:01.098,-1,0,"<2></c><5>ko</c><4>nnaegaoga</c><2></c>"
00:03:00.998,00:03:02.766,-1,-1,"<2></c><5>Thesesmilesmakeit</c><2></c>"
00:03:01.098,00:03:01.198,-1,0,"<2></c><5>kon</c><4>naegaoga</c><2></c>"
00:03:01.198,00:03:01.365,-1,0,"<2></c><5>konna</c><4>egaoga</c><2></c>"
00:03:01.365,00:03:01.565,-1,0,"<2></c><5>konnae</c><4>gaoga</c><2></c>"
00:03:01.565,00:03:01.732,-1,0,"<2></c><5>konnaega</c><4>oga</c><2></c>"
00:03:01.732,00:03:01.899,-1,0,"<2></c><5>konnaegao</c><4>ga</c><2></c>"
00:03:01.899,00:03:02.766,-1,0,"<2></c><5>konnaegaoga</c><2></c>"
00:03:02.766,00:03:02.966,58,0,"<2></c><1>da</c><4>isukiShishiWataKukkingu</c><2></c>"
00:03:02.766,00:03:06.403,77,-1,"<2></c><1>Everyone'sbeloved!ShishiWataCooking!</c><2></c>"
00:03:02.966,00:03:03.534,58,0,"<2></c><1>dai</c><4>sukiShishiWataKukkingu</c><2></c>"
00:03:03.534,00:03:03.767,58,0,"<2></c><1>daisu</c><4>kiShishiWataKukkingu</c><2></c>"
00:03:03.767,00:03:04.168,58,0,"<2></c><1>daisuki</c><4>ShishiWataKukkingu</c><2></c>"
00:03:04.168,00:03:04.601,58,0,"<2></c><1>daisukiShi</c><4>shiWataKukkingu</c><2></c>"
00:03:04.601,00:03:04.801,58,0,"<2></c><1>daisukiShishi</c><4>WataKukkingu</c><2></c>"
00:03:04.801,00:03:04.935,58,0,"<2></c><1>daisukiShishiWa</c><4>taKukkingu</c><2></c>"
00:03:04.935,00:03:05.169,58,0,"<2></c><1>daisukiShishiWata</c><4>Kukkingu</c><2></c>"
00:03:05.169,00:03:05.569,58,0,"<2></c><1>daisukiShishiWataKuk</c><4>kingu</c><2></c>"
00:03:05.569,00:03:05.936,58,0,"<2></c><1>daisukiShishiWataKukkin</c><4>gu</c><2></c>"
00:03:05.936,00:03:06.403,58,0,"<2></c><1>daisukiShishiWataKukkingu</c><2></c>"
00:03:07.004,00:03:07.171,-1,0,"<2></c><5>Hey</c><4>yo</c><2></c>"
00:03:07.004,00:03:07.571,-1,-1,"<2></c><5>Heyyo</c><2></c>"
00:03:07.171,00:03:07.571,-1,0,"<2></c><5>Heyyo</c><2></c>"
00:03:07.571,00:03:07.704,67,0,"<2></c><5>ha</c><4>raheriPeoplePutYourHandsUp</c><2></c>"
00:03:07.571,00:03:08.972,75,-1,"<2></c><5>AllyouhungryPeoplePutYourHandsUp</c><2></c>"
00:03:07.704,00:03:07.771,67,0,"<2></c><5>hara</c><4>heriPeoplePutYourHandsUp</c><2></c>"
00:03:07.771,00:03:07.871,67,0,"<2></c><5>harahe</c><4>riPeoplePutYourHandsUp</c><2></c>"
00:03:07.871,00:03:08.005,67,0,"<2></c><5>haraheri</c><4>PeoplePutYourHandsUp</c><2></c>"
00:03:08.005,00:03:08.205,67,0,"<2></c><5>haraheriPeo</c><4>plePutYourHandsUp</c><2></c>"
00:03:08.205,00:03:08.372,67,0,"<2></c><5>haraheriPeople</c><4>PutYourHandsUp</c><2></c>"
00:03:08.372,00:03:08.472,67,0,"<2></c><5>haraheriPeoplePut</c><4>YourHandsUp</c><2></c>"
00:03:08.472,00:03:08.572,67,0,"<2></c><5>haraheriPeoplePutYour</c><4>HandsUp</c><2></c>"
00:03:08.572,00:03:08.772,67,0,"<2></c><5>haraheriPeoplePutYourHands</c><4>Up</c><2></c>"
00:03:08.772,00:03:08.972,67,0,"<2></c><5>haraheriPeoplePutYourHandsUp</c><2></c>"
00:03:08.972,00:03:09.072,64,0,"<2></c><5>sho</c><4>ukaisurukoyoinoshutsuensha</c><2></c>"
00:03:08.972,00:03:10.507,72,-1,"<2></c><5>Lemmeintroduceyoutotonight'sgrub</c><2></c>"
00:03:09.072,00:03:09.173,64,0,"<2></c><5>shou</c><4>kaisurukoyoinoshutsuensha</c><2></c>"
00:03:09.173,00:03:09.273,64,0,"<2></c><5>shouka</c><4>isurukoyoinoshutsuensha</c><2></c>"
00:03:09.273,00:03:09.373,64,0,"<2></c><5>shoukai</c><4>surukoyoinoshutsuensha</c><2></c>"
00:03:09.373,00:03:09.473,64,0,"<2></c><5>shoukaisu</c><4>rukoyoinoshutsuensha</c><2></c>"
00:03:09.473,00:03:09.573,64,0,"<2></c><5>shoukaisuru</c><4>koyoinoshutsuensha</c><2></c>"
00:03:09.573,00:03:09.673,64,0,"<2></c><5>shoukaisuruko</c><4>yoinoshutsuensha</c><2></c>"
00:03:09.673,00:03:09.773,64,0,"<2></c><5>shoukaisurukoyo</c><4>inoshutsuensha</c><2></c>"
00:03:09.773,00:03:09.873,64,0,"<2></c><5>shoukaisurukoyoi</c><4>noshutsuensha</c><2></c>"
00:03:09.873,00:03:09.973,64,0,"<2></c><5>shoukaisurukoyoino</c><4>shutsuensha</c><2></c>"
00:03:09.973,00:03:10.040,64,0,"<2></c><5>shoukaisurukoyoinoshu</c><4>tsuensha</c><2></c>"
00:03:10.040,00:03:10.140,64,0,"<2></c><5>shoukaisurukoyoinoshutsu</c><4>ensha</c><2></c>"
00:03:10.140,00:03:10.240,64,0,"<2></c><5>shoukaisurukoyoinoshutsue</c><4>nsha</c><2></c>"
00:03:10.240,00:03:10.340,64,0,"<2></c><5>shoukaisurukoyoinoshutsuen</c><4>sha</c><2></c>"
00:03:10.340,00:03:10.507,64,0,"<2></c><5>shoukaisurukoyoinoshutsuensha</c><2></c>"
00:03:10.507,00:03:10.641,-1,0,"<2></c><3>(o</c><4>niku!)</c><2></c>"
00:03:10.507,00:03:11.141,-1,92,"<2></c><3>(Meat!)</c><2></c>"
00:03:10.641,00:03:10.774,-1,0,"<2></c><3>(oni</c><4>ku!)</c><2></c>"
00:03:10.774,00:03:11.141,-1,0,"<2></c><3>(oniku!)</c><2></c>"
00:03:11.141,00:03:11.308,-1,0,"<2></c><5>ma</c><4>tenairaiongaaru</c><2></c>"
00:03:11.141,00:03:12.342,61,-1,"<2></c><5>Thisismyimpatientliongirl</c><2></c>"
00:03:11.308,00:03:11.375,-1,0,"<2></c><5>mate</c><4>nairaiongaaru</c><2></c>"
00:03:11.375,00:03:11.475,-1,0,"<2></c><5>matena</c><4>iraiongaaru</c><2></c>"
00:03:11.475,00:03:11.575,-1,0,"<2></c><5>matenai</c><4>raiongaaru</c><2></c>"
00:03:11.575,00:03:11.775,-1,0,"<2></c><5>matenairai</c><4>ongaaru</c><2></c>"
00:03:11.775,00:03:11.975,-1,0,"<2></c><5>matenairaion</c><4>gaaru</c><2></c>"
00:03:11.975,00:03:12.342,-1,0,"<2></c><5>matenairaiongaaru</c><2></c>"
00:03:12.342,00:03:12.509,63,0,"<2></c><5>ya</c><4>tsutowachottoinnengaaru</c><2></c>"
00:03:12.342,00:03:13.977,67,-1,"<2></c><5>I'vegotalittlehistorywithher</c><2></c>"
00:03:12.509,00:03:12.576,63,0,"<2></c><5>yatsu</c><4>towachottoinnengaaru</c><2></c>"
00:03:12.576,00:03:12.676,63,0,"<2></c><5>yatsuto</c><4>wachottoinnengaaru</c><2></c>"
00:03:12.676,00:03:12.776,63,0,"<2></c><5>yatsutowa</c><4>chottoinnengaaru</c><2></c>"
00:03:12.776,00:03:12.976,63,0,"<2></c><5>yatsutowachot</c><4>toinnengaaru</c><2></c>"
00:03:12.976,00:03:13.076,63,0,"<2></c><5>yatsutowachotto</c><4>innengaaru</c><2></c>"
00:03:13.076,00:03:13.277,63,0,"<2></c><5>yatsutowachottoin</c><4>nengaaru</c><2></c>"
00:03:13.277,00:03:13.443,63,0,"<2></c><5>yatsutowachottoinnen</c><4>gaaru</c><2></c>"
00:03:13.443,00:03:13.544,63,0,"<2></c><5>yatsutowachottoinnenga</c><4>aru</c><2></c>"
00:03:13.544,00:03:13.777,63,0,"<2></c><5>yatsutowachottoinnengaa</c><4>ru</c><2></c>"
00:03:13.777,00:03:13.977,63,0,"<2></c><5>yatsutowachottoinnengaaru</c><2></c>"
00:03:13.977,00:03:14.044,-1,0,"<2></c><3>(do</c><4>ya!)</c><2></c>"
00:03:13.977,00:03:14.378,-1,92,"<2></c><3>(Yeah!)</c><2></c>"
00:03:14.044,00:03:14.378,-1,0,"<2></c><3>(doya!)</c><2></c>"
00:03:14.378,00:03:14.611,63,0,"<2></c><5>raimu</c><4>okizanderaimuotsumugu</c><2></c>"
00:03:14.378,00:03:15.879,66,-1,"<2></c><5>Keepin'timewhilebustin'rhymes</c><2></c>"
00:03:14.611,00:03:14.778,63,0,"<2></c><5>raimuo</c><4>kizanderaimuotsumugu</c><2></c>"
00:03:14.778,00:03:14.878,63,0,"<2></c><5>raimuoki</c><4>zanderaimuotsumugu</c><2></c>"
00:03:14.878,00:03:14.978,63,0,"<2></c><5>raimuokiza</c><4>nderaimuotsumugu</c><2></c>"
00:03:14.978,00:03:15.078,63,0,"<2></c><5>raimuokizan</c><4>deraimuotsumugu</c><2></c>"
00:03:15.078,00:03:15.179,63,0,"<2></c><5>raimuokizande</c><4>raimuotsumugu</c><2></c>"
00:03:15.179,00:03:15.412,63,0,"<2></c><5>raimuokizanderaimu</c><4>otsumugu</c><2></c>"
00:03:15.412,00:03:15.612,63,0,"<2></c><5>raimuokizanderaimuo</c><4>tsumugu</c><2></c>"
00:03:15.612,00:03:15.679,63,0,"<2></c><5>raimuokizanderaimuotsu</c><4>mugu</c><2></c>"
00:03:15.679,00:03:15.779,63,0,"<2></c><5>raimuokizanderaimuotsumu</c><4>gu</c><2></c>"
00:03:15.779,00:03:15.879,63,0,"<2></c><5>raimuokizanderaimuotsumugu</c><2></c>"
00:03:15.879,00:03:15.979,-1,0,"<2></c><5>su</c><4>tairugamaibuumu</c><2></c>"
00:03:15.879,00:03:17.181,63,-1,"<2></c><5>Thesedaysit'smyfavepastime</c><2></c>"
00:03:15.979,00:03:16.046,-1,0,"<2></c><5>suta</c><4>irugamaibuumu</c><2></c>"
00:03:16.046,00:03:16.146,-1,0,"<2></c><5>sutai</c><4>rugamaibuumu</c><2></c>"
00:03:16.146,00:03:16.246,-1,0,"<2></c><5>sutairu</c><4>gamaibuumu</c><2></c>"
00:03:16.246,00:03:16.346,-1,0,"<2></c><5>sutairuga</c><4>maibuumu</c><2></c>"
00:03:16.346,00:03:16.580,-1,0,"<2></c><5>sutairugamai</c><4>buumu</c><2></c>"
00:03:16.580,00:03:16.780,-1,0,"<2></c><5>sutairugamaibuu</c><4>mu</c><2></c>"
00:03:16.780,00:03:17.181,-1,0,"<2></c><5>sutairugamaibuumu</c><2></c>"
00:03:17.181,00:03:17.314,58,0,"<2></c><5>wa</c><4>rukuwanaiyoteppanneta</c><2></c>"
00:03:17.181,00:03:18.782,67,-1,"<2></c><5>Ain'tnoshameinjokesno-brainer</c><2></c>"
00:03:17.314,00:03:17.381,58,0,"<2></c><5>waru</c><4>kuwanaiyoteppanneta</c><2></c>"
00:03:17.381,00:03:17.481,58,0,"<2></c><5>waruku</c><4>wanaiyoteppanneta</c><2></c>"
00:03:17.481,00:03:17.581,58,0,"<2></c><5>warukuwa</c><4>naiyoteppanneta</c><2></c>"
00:03:17.581,00:03:17.681,58,0,"<2></c><5>warukuwana</c><4>iyoteppanneta</c><2></c>"
00:03:17.681,00:03:17.748,58,0,"<2></c><5>warukuwanai</c><4>yoteppanneta</c><2></c>"
00:03:17.748,00:03:17.881,58,0,"<2></c><5>warukuwanaiyo</c><4>teppanneta</c><2></c>"
00:03:17.881,00:03:18.081,58,0,"<2></c><5>warukuwanaiyotep</c><4>panneta</c><2></c>"
00:03:18.081,00:03:18.248,58,0,"<2></c><5>warukuwanaiyoteppan</c><4>neta</c><2></c>"
00:03:18.248,00:03:18.382,58,0,"<2></c><5>warukuwanaiyoteppanne</c><4>ta</c><2></c>"
00:03:18.382,00:03:18.782,58,0,"<2></c><5>warukuwanaiyoteppanneta</c><2></c>"
00:03:18.782,00:03:18.882,-1,0,"<2></c><5>sa</c><4>nchichokusouentaateinaa</c><2></c>"
00:03:18.782,00:03:21.585,72,-1,"<2></c><5>Freshfromthefarmthisentertainer</c><2></c>"
00:03:18.882,00:03:18.982,-1,0,"<2></c><5>san</c><4>chichokusouentaateinaa</c><2></c>"
00:03:18.982,00:03:19.149,-1,0,"<2></c><5>sanchi</c><4>chokusouentaateinaa</c><2></c>"
00:03:19.149,00:03:19.249,-1,0,"<2></c><5>sanchicho</c><4>kusouentaateinaa</c><2></c>"
00:03:19.249,00:03:19.349,-1,0,"<2></c><5>sanchichoku</c><4>souentaateinaa</c><2></c>"
00:03:19.349,00:03:19.583,-1,0,"<2></c><5>sanchichokusou</c><4>entaateinaa</c><2></c>"
00:03:19.583,00:03:19.783,-1,0,"<2></c><5>sanchichokusouen</c><4>taateinaa</c><2></c>"
00:03:19.783,00:03:19.983,-1,0,"<2></c><5>sanchichokusouentaa</c><4>teinaa</c><2></c>"
00:03:19.983,00:03:20.217,-1,0,"<2></c><5>sanchichokusouentaatei</c><4>naa</c><2></c>"
00:03:20.217,00:03:21.585,-1,0,"<2></c><5>sanchichokusouentaateinaa</c><2></c>"
00:03:23.587,00:03:24.221,59,0,"<2></c><3>i</c><4>tsukatooimiraideomoidasu</c><2></c>"
00:03:23.587,00:03:29.793,80,-1,"<2></c><3>Somedayfarinthefuturewe'llremember</c><2></c>"
00:03:24.221,00:03:24.388,59,0,"<2></c><3>itsu</c><4>katooimiraideomoidasu</c><2></c>"
00:03:24.388,00:03:24.988,59,0,"<2></c><3>itsuka</c><4>tooimiraideomoidasu</c><2></c>"
00:03:24.988,00:03:25.122,59,0,"<2></c><3>itsukato</c><4>oimiraideomoidasu</c><2></c>"
00:03:25.122,00:03:25.255,59,0,"<2></c><3>itsukatoo</c><4>imiraideomoidasu</c><2></c>"
00:03:25.255,00:03:25.589,59,0,"<2></c><3>itsukatooi</c><4>miraideomoidasu</c><2></c>"
00:03:25.589,00:03:25.789,59,0,"<2></c><3>itsukatooimi</c><4>raideomoidasu</c><2></c>"
00:03:25.789,00:03:25.956,59,0,"<2></c><3>itsukatooimira</c><4>ideomoidasu</c><2></c>"
00:03:25.956,00:03:26.190,59,0,"<2></c><3>itsukatooimirai</c><4>deomoidasu</c><2></c>"
00:03:26.190,00:03:26.790,59,0,"<2></c><3>itsukatooimiraide</c><4>omoidasu</c><2></c>"
00:03:26.790,00:03:27.391,59,0,"<2></c><3>itsukatooimiraideo</c><4>moidasu</c><2></c>"
00:03:27.391,00:03:27.591,59,0,"<2></c><3>itsukatooimiraideomo</c><4>idasu</c><2></c>"
00:03:27.591,00:03:27.991,59,0,"<2></c><3>itsukatooimiraideomoi</c><4>dasu</c><2></c>"
00:03:27.991,00:03:28.192,59,0,"<2></c><3>itsukatooimiraideomoida</c><4>su</c><2></c>"
00:03:28.192,00:03:29.793,59,0,"<2></c><3>itsukatooimiraideomoidasu</c><2></c>"
00:03:29.793,00:03:29.893,-1,0,"<2></c><5>so</c><4>nnajikanokonnaegaoo</c><2></c>"
00:03:29.793,00:03:32.963,56,-1,"<2></c><5>Thesemomentsthesesmiles</c><2></c>"
00:03:29.893,00:03:29.960,-1,0,"<2></c><5>son</c><4>najikanokonnaegaoo</c><2></c>"
00:03:29.960,00:03:30.194,-1,0,"<2></c><5>sonna</c><4>jikanokonnaegaoo</c><2></c>"
00:03:30.194,00:03:30.360,-1,0,"<2></c><5>sonnaji</c><4>kanokonnaegaoo</c><2></c>"
00:03:30.360,00:03:30.527,-1,0,"<2></c><5>sonnajika</c><4>nokonnaegaoo</c><2></c>"
00:03:30.527,00:03:30.694,-1,0,"<2></c><5>sonnajikan</c><4>okonnaegaoo</c><2></c>"
00:03:30.694,00:03:31.328,-1,0,"<2></c><5>sonnajikano</c><4>konnaegaoo</c><2></c>"
00:03:31.328,00:03:31.495,-1,0,"<2></c><5>sonnajikanoko</c><4>nnaegaoo</c><2></c>"
00:03:31.495,00:03:31.562,-1,0,"<2></c><5>sonnajikanokon</c><4>naegaoo</c><2></c>"
00:03:31.562,00:03:31.795,-1,0,"<2></c><5>sonnajikanokonna</c><4>egaoo</c><2></c>"
00:03:31.795,00:03:31.995,-1,0,"<2></c><5>sonnajikanokonnae</c><4>gaoo</c><2></c>"
00:03:31.995,00:03:32.196,-1,0,"<2></c><5>sonnajikanokonnaega</c><4>oo</c><2></c>"
00:03:32.196,00:03:32.296,-1,0,"<2></c><5>sonnajikanokonnaegao</c><4>o</c><2></c>"
00:03:32.296,00:03:32.963,-1,0,"<2></c><5>sonnajikanokonnaegaoo</c><2></c>"
00:03:32.963,00:03:33.163,-1,0,"<2></c><1>mo</c><4>ttomottotsukurouyo</c><2></c>"
00:03:32.963,00:03:36.366,56,-1,"<2></c><1>Moremorelet'smakemore</c><2></c>"
00:03:33.163,00:03:33.397,-1,0,"<2></c><1>mot</c><4>tomottotsukurouyo</c><2></c>"
00:03:33.397,00:03:33.764,-1,0,"<2></c><1>motto</c><4>mottotsukurouyo</c><2></c>"
00:03:33.764,00:03:33.964,-1,0,"<2></c><1>mottomo</c><4>ttotsukurouyo</c><2></c>"
00:03:33.964,00:03:34.198,-1,0,"<2></c><1>mottomot</c><4>totsukurouyo</c><2></c>"
00:03:34.198,00:03:34.565,-1,0,"<2></c><1>mottomotto</c><4>tsukurouyo</c><2></c>"
00:03:34.565,00:03:34.998,-1,0,"<2></c><1>mottomottotsu</c><4>kurouyo</c><2></c>"
00:03:34.998,00:03:35.199,-1,0,"<2></c><1>mottomottotsuku</c><4>rouyo</c><2></c>"
00:03:35.199,00:03:35.365,-1,0,"<2></c><1>mottomottotsukuro</c><4>uyo</c><2></c>"
00:03:35.365,00:03:35.566,-1,0,"<2></c><1>mottomottotsukurou</c><4>yo</c><2></c>"
00:03:35.566,00:03:36.366,-1,0,"<2></c><1>mottomottotsukurouyo</c><2></c>"
00:03:37.167,00:03:37.568,-1,0,"<2></c><1>tot</c><4>teokinoaijoukomete</c><2></c>"
00:03:37.167,00:03:41.171,70,-1,"<2></c><1>Foldinginourspecialbrandoflove</c><2></c>"
00:03:37.568,00:03:37.968,-1,0,"<2></c><1>totte</c><4>okinoaijoukomete</c><2></c>"
00:03:37.968,00:03:38.569,-1,0,"<2></c><1>totteo</c><4>kinoaijoukomete</c><2></c>"
00:03:38.569,00:03:38.769,-1,0,"<2></c><1>totteoki</c><4>noaijoukomete</c><2></c>"
00:03:38.769,00:03:39.369,-1,0,"<2></c><1>totteokino</c><4>aijoukomete</c><2></c>"
00:03:39.369,00:03:39.469,-1,0,"<2></c><1>totteokinoa</c><4>ijoukomete</c><2></c>"
00:03:39.469,00:03:39.570,-1,0,"<2></c><1>totteokinoai</c><4>joukomete</c><2></c>"
00:03:39.570,00:03:39.770,-1,0,"<2></c><1>totteokinoaijo</c><4>ukomete</c><2></c>"
00:03:39.770,00:03:39.970,-1,0,"<2></c><1>totteokinoaijou</c><4>komete</c><2></c>"
00:03:39.970,00:03:40.170,-1,0,"<2></c><1>totteokinoaijouko</c><4>mete</c><2></c>"
00:03:40.170,00:03:40.571,-1,0,"<2></c><1>totteokinoaijoukome</c><4>te</c><2></c>"
00:03:40.571,00:03:41.171,-1,0,"<2></c><1>totteokinoaijoukomete</c><2></c>"
00:03:41.171,00:03:41.471,-1,0,"<2></c><1>o</c><4>ishikunare</c><2></c>"
00:03:41.171,00:03:43.207,-1,-1,"<2></c><1>Tomakeitdelicious</c><2></c>"
00:03:41.471,00:03:41.772,-1,0,"<2></c><1>oi</c><4>shikunare</c><2></c>"
00:03:41.772,00:03:41.972,-1,0,"<2></c><1>oishi</c><4>kunare</c><2></c>"
00:03:41.972,00:03:42.372,-1,0,"<2></c><1>oishiku</c><4>nare</c><2></c>"
00:03:42.372,00:03:42.573,-1,0,"<2></c><1>oishikuna</c><4>re</c><2></c>"
00:03:42.573,00:03:43.207,-1,0,"<2></c><1>oishikunare</c><2></c>"
00:03:43.207,00:03:43.373,-1,0,"<2></c><1>(o</c><4>ishikunare)</c><2></c>"
00:03:43.207,00:03:45.776,-1,92,"<2></c><1>(Tomakeitdelicious)</c><2></c>"
00:03:43.373,00:03:43.574,-1,0,"<2></c><1>(oi</c><4>shikunare)</c><2></c>"
00:03:43.574,00:03:43.874,-1,0,"<2></c><1>(oishi</c><4>kunare)</c><2></c>"
00:03:43.874,00:03:44.141,-1,0,"<2></c><1>(oishiku</c><4>nare)</c><2></c>"
00:03:44.141,00:03:44.374,-1,0,"<2></c><1>(oishikuna</c><4>re)</c><2></c>"
00:03:44.208,00:03:44.274,-1,0,"<2></c><5>mi</c><4>nnanotameni</c><2></c>"
00:03:44.208,00:03:45.776,-1,-1,"<2></c><5>We'rethinkingofyou</c><2></c>"
00:03:44.274,00:03:44.374,-1,0,"<2></c><5>min</c><4>nanotameni</c><2></c>"
00:03:44.374,00:03:45.776,-1,0,"<2></c><1>(oishikunare)</c><2></c>"
00:03:44.374,00:03:44.608,-1,0,"<2></c><5>minna</c><4>notameni</c><2></c>"
00:03:44.608,00:03:44.775,-1,0,"<2></c><5>minnano</c><4>tameni</c><2></c>"
00:03:44.775,00:03:45.008,-1,0,"<2></c><5>minnanota</c><4>meni</c><2></c>"
00:03:45.008,00:03:45.108,-1,0,"<2></c><5>minnanotame</c><4>ni</c><2></c>"
00:03:45.108,00:03:45.776,-1,0,"<2></c><5>minnanotameni</c><2></c>"
00:03:45.776,00:03:45.876,-1,0,"<2></c><3>o</c><4>ryourisuruyo</c><2></c>"
00:03:45.776,00:03:47.377,-1,-1,"<2></c><3>Aswecookforyou</c><2></c>"
00:03:45.876,00:03:46.009,-1,0,"<2></c><3>oryo</c><4>urisuruyo</c><2></c>"
00:03:46.009,00:03:46.176,-1,0,"<2></c><3>oryou</c><4>risuruyo</c><2></c>"
00:03:46.176,00:03:46.376,-1,0,"<2></c><3>oryouri</c><4>suruyo</c><2></c>"
00:03:46.376,00:03:46.577,-1,0,"<2></c><3>oryourisu</c><4>ruyo</c><2></c>"
00:03:46.577,00:03:46.677,-1,0,"<2></c><3>oryourisuru</c><4>yo</c><2></c>"
00:03:46.677,00:03:47.377,-1,0,"<2></c><3>oryourisuruyo</c><2></c>"
00:03:47.377,00:03:47.578,-1,0,"<2></c><1>o</c><4>ideoidekocchikocchi</c><2></c>"
00:03:47.377,00:03:50.814,58,-1,"<2></c><1>Comeoncomeon!Overhere!</c><2></c>"
00:03:47.578,00:03:47.778,-1,0,"<2></c><1>oi</c><4>deoidekocchikocchi</c><2></c>"
00:03:47.778,00:03:48.178,-1,0,"<2></c><1>oide</c><4>oidekocchikocchi</c><2></c>"
00:03:47.945,00:03:48.779,-1,0,"<2></c><1>(hai!</c><4>hai!aaaau!)</c><2></c>"
00:03:47.945,00:03:50.814,-1,92,"<2></c><1>(Hi!Hi!Ah...Uh!)</c><2></c>"
00:03:48.178,00:03:48.378,-1,0,"<2></c><1>oideo</c><4>idekocchikocchi</c><2></c>"
00:03:48.378,00:03:48.579,-1,0,"<2></c><1>oideoi</c><4>dekocchikocchi</c><2></c>"
00:03:48.579,00:03:48.979,-1,0,"<2></c><1>oideoide</c><4>kocchikocchi</c><2></c>"
00:03:48.779,00:03:49.112,-1,0,"<2></c><1>(hai!hai!</c><4>aaaau!)</c><2></c>"
00:03:48.979,00:03:49.346,-1,0,"<2></c><1>oideoidekoc</c><4>chikocchi</c><2></c>"
00:03:49.112,00:03:49.413,-1,0,"<2></c><1>(hai!hai!a</c><4>aaau!)</c><2></c>"
00:03:49.346,00:03:49.580,-1,0,"<2></c><1>oideoidekocchi</c><4>kocchi</c><2></c>"
00:03:49.413,00:03:49.713,-1,0,"<2></c><1>(hai!hai!aa</c><4>aau!)</c><2></c>"
00:03:49.580,00:03:49.947,-1,0,"<2></c><1>oideoidekocchikoc</c><4>chi</c><2></c>"
00:03:49.713,00:03:50.047,-1,0,"<2></c><1>(hai!hai!aaa</c><4>au!)</c><2></c>"
00:03:49.947,00:03:50.814,-1,0,"<2></c><1>oideoidekocchikocchi</c><2></c>"
00:03:50.047,00:03:50.347,-1,0,"<2></c><1>(hai!hai!aaaa</c><4>u!)</c><2></c>"
00:03:50.347,00:03:50.814,-1,0,"<2></c><1>(hai!hai!aaaau!)</c><2></c>"
00:03:50.814,00:03:51.148,69,0,"<2></c><1>i</c><4>sshonitaberebahappiiafurerune</c><2></c>"
00:03:50.814,00:03:55.986,84,-1,"<2></c><1>Whenweeattogetherhappinessfillstheair</c><2></c>"
00:03:51.148,00:03:51.381,69,0,"<2></c><1>is</c><4>shonitaberebahappiiafurerune</c><2></c>"
00:03:51.381,00:03:51.615,69,0,"<2></c><1>issho</c><4>nitaberebahappiiafurerune</c><2></c>"
00:03:51.615,00:03:52.216,69,0,"<2></c><1>isshoni</c><4>taberebahappiiafurerune</c><2></c>"
00:03:52.216,00:03:52.316,69,0,"<2></c><1>isshonita</c><4>berebahappiiafurerune</c><2></c>"
00:03:52.316,00:03:52.382,69,0,"<2></c><1>isshonitabe</c><4>rebahappiiafurerune</c><2></c>"
00:03:52.382,00:03:52.749,69,0,"<2></c><1>isshonitabere</c><4>bahappiiafurerune</c><2></c>"
00:03:52.749,00:03:53.016,69,0,"<2></c><1>isshonitabereba</c><4>happiiafurerune</c><2></c>"
00:03:53.016,00:03:53.417,69,0,"<2></c><1>isshonitaberebahap</c><4>piiafurerune</c><2></c>"
00:03:53.417,00:03:54.017,69,0,"<2></c><1>isshonitaberebahappii</c><4>afurerune</c><2></c>"
00:03:54.017,00:03:54.585,69,0,"<2></c><1>isshonitaberebahappiia</c><4>furerune</c><2></c>"
00:03:54.585,00:03:54.785,69,0,"<2></c><1>isshonitaberebahappiiafu</c><4>rerune</c><2></c>"
00:03:54.785,00:03:55.185,69,0,"<2></c><1>isshonitaberebahappiiafure</c><4>rune</c><2></c>"
00:03:55.185,00:03:55.419,69,0,"<2></c><1>isshonitaberebahappiiafureru</c><4>ne</c><2></c>"
00:03:55.419,00:03:55.986,69,0,"<2></c><1>isshonitaberebahappiiafurerune</c><2></c>"
00:03:55.986,00:03:56.386,-1,0,"<2></c><1>(a</c><4>furerune)</c><2></c>"
00:03:55.986,00:03:58.555,-1,92,"<2></c><1>(fillstheair)</c><2></c>"
00:03:56.386,00:03:56.687,-1,0,"<2></c><1>(afu</c><4>rerune)</c><2></c>"
00:03:56.687,00:03:56.987,-1,0,"<2></c><1>(afure</c><4>rune)</c><2></c>"
00:03:56.987,00:03:57.187,-1,0,"<2></c><1>(afureru</c><4>ne)</c><2></c>"
00:03:56.987,00:03:57.087,56,0,"<2></c><1>so</c><4>nnajikantokonnaegaoo</c><2></c>"
00:03:56.987,00:04:00.324,56,-1,"<2></c><1>Thesemomentsthesesmiles</c><2></c>"
00:03:57.087,00:03:57.187,56,0,"<2></c><1>son</c><4>najikantokonnaegaoo</c><2></c>"
00:03:57.187,00:03:58.555,-1,0,"<2></c><1>(afurerune)</c><2></c>"
00:03:57.187,00:03:57.387,56,0,"<2></c><1>sonna</c><4>jikantokonnaegaoo</c><2></c>"
00:03:57.387,00:03:57.588,56,0,"<2></c><1>sonnaji</c><4>kantokonnaegaoo</c><2></c>"
00:03:57.588,00:03:57.721,56,0,"<2></c><1>sonnajika</c><4>ntokonnaegaoo</c><2></c>"
00:03:57.721,00:03:57.888,56,0,"<2></c><1>sonnajikan</c><4>tokonnaegaoo</c><2></c>"
00:03:57.888,00:03:58.555,56,0,"<2></c><1>sonnajikanto</c><4>konnaegaoo</c><2></c>"
00:03:58.555,00:03:58.655,56,0,"<2></c><1>sonnajikantoko</c><4>nnaegaoo</c><2></c>"
00:03:58.655,00:03:58.755,56,0,"<2></c><1>sonnajikantokon</c><4>naegaoo</c><2></c>"
00:03:58.755,00:03:58.989,56,0,"<2></c><1>sonnajikantokonna</c><4>egaoo</c><2></c>"
00:03:58.989,00:03:59.189,56,0,"<2></c><1>sonnajikantokonnae</c><4>gaoo</c><2></c>"
00:03:59.189,00:03:59.389,56,0,"<2></c><1>sonnajikantokonnaega</c><4>oo</c><2></c>"
00:03:59.389,00:03:59.489,56,0,"<2></c><1>sonnajikantokonnaegao</c><4>o</c><2></c>"
00:03:59.489,00:04:00.324,56,0,"<2></c><1>sonnajikantokonnaegaoo</c><2></c>"
00:04:00.324,00:04:00.591,-1,0,"<2></c><1>ma</c><4>inichi</c><2></c>"
00:04:00.324,00:04:01.792,-1,-1,"<2></c><1>Everyday</c><2></c>"
00:04:00.591,00:04:01.091,-1,0,"<2></c><1>mai</c><4>nichi</c><2></c>"
00:04:01.091,00:04:01.391,-1,0,"<2></c><1>maini</c><4>chi</c><2></c>"
00:04:01.391,00:04:01.792,-1,0,"<2></c><1>mainichi</c><2></c>"
00:04:01.792,00:04:02.159,-1,0,"<2></c><5>o</c><4>todokesuru</c><2></c>"
00:04:01.792,00:04:03.360,-1,-1,"<2></c><5>StraighttoyourTV</c><2></c>"
00:04:02.159,00:04:02.359,-1,0,"<2></c><5>oto</c><4>dokesuru</c><2></c>"
00:04:02.359,00:04:02.559,-1,0,"<2></c><5>otodo</c><4>kesuru</c><2></c>"
00:04:02.559,00:04:02.759,-1,0,"<2></c><5>otodoke</c><4>suru</c><2></c>"
00:04:02.759,00:04:03.160,-1,0,"<2></c><5>otodokesu</c><4>ru</c><2></c>"
00:04:03.160,00:04:03.360,-1,0,"<2></c><5>otodokesuru</c><2></c>"
00:04:03.360,00:04:03.560,-1,0,"<2></c><3>ni</c><4>nkibangumi</c><2></c>"
00:04:03.360,00:04:04.995,-1,-1,"<2></c><3>Thehitshow</c><2></c>"
00:04:03.560,00:04:03.794,-1,0,"<2></c><3>nin</c><4>kibangumi</c><2></c>"
00:04:03.794,00:04:03.994,-1,0,"<2></c><3>ninki</c><4>bangumi</c><2></c>"
00:04:03.994,00:04:04.194,-1,0,"<2></c><3>ninkiba</c><4>ngumi</c><2></c>"
00:04:04.194,00:04:04.394,-1,0,"<2></c><3>ninkiban</c><4>gumi</c><2></c>"
00:04:04.394,00:04:04.795,-1,0,"<2></c><3>ninkibangu</c><4>mi</c><2></c>"
00:04:04.795,00:04:04.995,-1,0,"<2></c><3>ninkibangumi</c><2></c>"
00:04:04.995,00:04:05.429,-1,0,"<2></c><1>Shi</c><4>shiWataKukkingu</c><2></c>"
00:04:04.995,00:04:07.564,-1,-1,"<2></c><1>ShishiWataCooking!</c><2></c>"
00:04:05.429,00:04:05.596,-1,0,"<2></c><1>Shishi</c><4>WataKukkingu</c><2></c>"
00:04:05.596,00:04:05.796,-1,0,"<2></c><1>ShishiWa</c><4>taKukkingu</c><2></c>"
00:04:05.796,00:04:05.963,-1,0,"<2></c><1>ShishiWata</c><4>Kukkingu</c><2></c>"
00:04:05.963,00:04:06.363,-1,0,"<2></c><1>ShishiWataKuk</c><4>kingu</c><2></c>"
00:04:06.363,00:04:06.763,-1,0,"<2></c><1>ShishiWataKukkin</c><4>gu</c><2></c>"
00:04:06.763,00:04:07.564,-1,0,"<2></c><1>ShishiWataKukkingu</c><2></c>"
00:04:07.564,00:04:07.965,-1,0,"<2></c><1>(guu!)</c><2></c>"
00:04:07.564,00:04:07.965,-1,92,"<2></c><1>(Good!)</c><2></c>"
00:04:08.865,00:04:08.966,63,0,"<2></c><5>so</c><4>redewaminasanmataashita</c><2></c>"
00:04:08.865,00:04:11.635,80,-1,"<2></c><5>Welltheneverybody.Seeyoutomorrow!</c><2></c>"
00:04:08.966,00:04:09.099,63,0,"<2></c><5>sore</c><4>dewaminasanmataashita</c><2></c>"
00:04:09.099,00:04:09.199,63,0,"<2></c><5>sorede</c><4>waminasanmataashita</c><2></c>"
00:04:09.199,00:04:09.299,63,0,"<2></c><5>soredewa</c><4>minasanmataashita</c><2></c>"
00:04:09.299,00:04:09.399,63,0,"<2></c><5>soredewami</c><4>nasanmataashita</c><2></c>"
00:04:09.399,00:04:09.566,63,0,"<2></c><5>soredewamina</c><4>sanmataashita</c><2></c>"
00:04:09.566,00:04:10.067,63,0,"<2></c><5>soredewaminasan</c><4>mataashita</c><2></c>"
00:04:10.067,00:04:10.234,63,0,"<2></c><5>soredewaminasanma</c><4>taashita</c><2></c>"
00:04:10.234,00:04:10.334,63,0,"<2></c><5>soredewaminasanmata</c><4>ashita</c><2></c>"
00:04:10.334,00:04:10.434,63,0,"<2></c><5>soredewaminasanmataa</c><4>shita</c><2></c>"
00:04:10.434,00:04:10.534,63,0,"<2></c><5>soredewaminasanmataashi</c><4>ta</c><2></c>"
00:04:10.534,00:04:11.635,63,0,"<2></c><5>soredewaminasanmataashita</c><2></c>"
00:04:11.635,00:04:11.735,86,0,"<2></c><3>a</c><4>shitanosozaiwashinsennaramunikudesu</c><2></c>"
00:04:11.635,00:04:15.239,75,-1,"<2></c><3>Tomorrowwe'llhavesomefreshlamb.</c><2></c>"
00:04:11.735,00:04:11.835,86,0,"<2></c><3>ashi</c><4>tanosozaiwashinsennaramunikudesu</c><2></c>"
00:04:11.835,00:04:11.935,86,0,"<2></c><3>ashita</c><4>nosozaiwashinsennaramunikudesu</c><2></c>"
00:04:11.935,00:04:12.102,86,0,"<2></c><3>ashitano</c><4>sozaiwashinsennaramunikudesu</c><2></c>"
00:04:12.102,00:04:12.202,86,0,"<2></c><3>ashitanoso</c><4>zaiwashinsennaramunikudesu</c><2></c>"
00:04:12.202,00:04:12.302,86,0,"<2></c><3>ashitanosoza</c><4>iwashinsennaramunikudesu</c><2></c>"
00:04:12.302,00:04:12.369,86,0,"<2></c><3>ashitanosozai</c><4>washinsennaramunikudesu</c><2></c>"
00:04:12.369,00:04:12.903,86,0,"<2></c><3>ashitanosozaiwa</c><4>shinsennaramunikudesu</c><2></c>"
00:04:12.903,00:04:13.103,86,0,"<2></c><3>ashitanosozaiwashi</c><4>nsennaramunikudesu</c><2></c>"
00:04:13.103,00:04:13.270,86,0,"<2></c><3>ashitanosozaiwashin</c><4>sennaramunikudesu</c><2></c>"
00:04:13.270,00:04:13.370,86,0,"<2></c><3>ashitanosozaiwashinse</c><4>nnaramunikudesu</c><2></c>"
00:04:13.370,00:04:13.470,86,0,"<2></c><3>ashitanosozaiwashinsen</c><4>naramunikudesu</c><2></c>"
00:04:13.470,00:04:13.604,86,0,"<2></c><3>ashitanosozaiwashinsenna</c><4>ramunikudesu</c><2></c>"
00:04:13.604,00:04:13.737,86,0,"<2></c><3>ashitanosozaiwashinsennara</c><4>munikudesu</c><2></c>"
00:04:13.737,00:04:13.870,86,0,"<2></c><3>ashitanosozaiwashinsennaramu</c><4>nikudesu</c><2></c>"
00:04:13.870,00:04:14.004,86,0,"<2></c><3>ashitanosozaiwashinsennaramuni</c><4>kudesu</c><2></c>"
00:04:14.004,00:04:14.104,86,0,"<2></c><3>ashitanosozaiwashinsennaramuniku</c><4>desu</c><2></c>"
00:04:14.104,00:04:14.338,86,0,"<2></c><3>ashitanosozaiwashinsennaramunikude</c><4>su</c><2></c>"
00:04:14.338,00:04:15.239,86,0,"<2></c><3>ashitanosozaiwashinsennaramunikudesu</c><2></c>"
00:04:15.239,00:04:15.539,-1,0,"<2></c><5>nan</c><4>te?</c><2></c>"
00:04:15.239,00:04:15.906,-1,-1,"<2></c><5>Waitwhat?</c><2></c>"
00:04:15.539,00:04:15.906,-1,0,"<2></c><5>nante?</c><2></c>"
