start,end,position,line,text
00:00:07.057,00:00:18.335,81,0,"<2></c><4>TsunomakiWatame-OdetoanEternalFuture</c><2></c>"
00:00:07.057,00:00:09.893,-1,92,"<2></c><4>Vocals:TsunomakiWatame</c><2></c>"
00:00:09.893,00:00:12.696,66,92,"<2></c><4>Lyrics:AsukaOgura(Hifumiinc.)</c><2></c>"
00:00:12.696,00:00:15.532,73,92,"<2></c><4>Composition:YosukeSato(Hifumiinc.)</c><2></c>"
00:00:15.532,00:00:18.335,77,92,"<2></c><4>Arrangement:RyoheiSataka(Hifumiinc.)</c><2></c>"
00:00:19.370,00:00:19.536,77,0,"<2></c><1>to</c><3>arusekainootoginoutakikasemashou</c><2></c>"
00:00:19.370,00:00:28.912,80,92,"<2></c><4>Letmesingyouanodefromafarawayland</c><2></c>"
00:00:19.536,00:00:19.737,77,0,"<2></c><1>toa</c><3>rusekainootoginoutakikasemashou</c><2></c>"
00:00:19.737,00:00:20.104,77,0,"<2></c><1>toaru</c><3>sekainootoginoutakikasemashou</c><2></c>"
00:00:20.104,00:00:20.270,77,0,"<2></c><1>toaruse</c><3>kainootoginoutakikasemashou</c><2></c>"
00:00:20.270,00:00:20.804,77,0,"<2></c><1>toaruseka</c><3>inootoginoutakikasemashou</c><2></c>"
00:00:20.804,00:00:20.971,77,0,"<2></c><1>toarusekai</c><3>nootoginoutakikasemashou</c><2></c>"
00:00:20.971,00:00:22.206,77,0,"<2></c><1>toarusekaino</c><3>otoginoutakikasemashou</c><2></c>"
00:00:22.206,00:00:22.573,77,0,"<2></c><1>toarusekainoo</c><3>toginoutakikasemashou</c><2></c>"
00:00:22.573,00:00:22.906,77,0,"<2></c><1>toarusekainooto</c><3>ginoutakikasemashou</c><2></c>"
00:00:22.906,00:00:23.107,77,0,"<2></c><1>toarusekainootogi</c><3>noutakikasemashou</c><2></c>"
00:00:23.107,00:00:23.607,77,0,"<2></c><1>toarusekainootogino</c><3>utakikasemashou</c><2></c>"
00:00:23.607,00:00:23.807,77,0,"<2></c><1>toarusekainootoginou</c><3>takikasemashou</c><2></c>"
00:00:23.807,00:00:25.042,77,0,"<2></c><1>toarusekainootoginouta</c><3>kikasemashou</c><2></c>"
00:00:25.042,00:00:25.409,77,0,"<2></c><1>toarusekainootoginoutaki</c><3>kasemashou</c><2></c>"
00:00:25.409,00:00:25.776,77,0,"<2></c><1>toarusekainootoginoutakika</c><3>semashou</c><2></c>"
00:00:25.776,00:00:26.076,77,0,"<2></c><1>toarusekainootoginoutakikase</c><3>mashou</c><2></c>"
00:00:26.076,00:00:26.477,77,0,"<2></c><1>toarusekainootoginoutakikasema</c><3>shou</c><2></c>"
00:00:26.477,00:00:26.844,77,0,"<2></c><1>toarusekainootoginoutakikasemasho</c><3>u</c><2></c>"
00:00:26.844,00:00:28.912,77,0,"<2></c><1>toarusekainootoginoutakikasemashou</c><2></c>"
00:00:28.912,00:00:29.613,81,0,"<2></c><1>do</c><3>kokaniarutoiu</c><4></c><3>mirai</c><4></c><3>noohanashi</c><2></c>"
00:00:28.912,00:00:39.156,92,92,"<2></c><4>Thetaleofafuturethatisouttheretobefound</c><2></c>"
00:00:29.613,00:00:30.314,81,0,"<2></c><1>doko</c><3>kaniarutoiu</c><4></c><3>mirai</c><4></c><3>noohanashi</c><2></c>"
00:00:30.314,00:00:31.048,81,0,"<2></c><1>dokoka</c><3>niarutoiu</c><4></c><3>mirai</c><4></c><3>noohanashi</c><2></c>"
00:00:31.048,00:00:32.082,81,0,"<2></c><1>dokokani</c><3>arutoiu</c><4></c><3>mirai</c><4></c><3>noohanashi</c><2></c>"
00:00:32.082,00:00:32.449,81,0,"<2></c><1>dokokania</c><3>rutoiu</c><4></c><3>mirai</c><4></c><3>noohanashi</c><2></c>"
00:00:32.449,00:00:32.950,81,0,"<2></c><1>dokokaniaru</c><3>toiu</c><4></c><3>mirai</c><4></c><3>noohanashi</c><2></c>"
00:00:32.950,00:00:33.484,81,0,"<2></c><1>dokokaniaruto</c><3>iu</c><4></c><3>mirai</c><4></c><3>noohanashi</c><2></c>"
00:00:33.484,00:00:33.717,81,0,"<2></c><1>dokokaniarutoi</c><3>u</c><4></c><3>mirai</c><4></c><3>noohanashi</c><2></c>"
00:00:33.717,00:00:34.885,80,0,"<2></c><1>dokokaniarutoiu</c><4></c><3>mirai</c><4></c><3>noohanashi</c><2></c>"
00:00:34.885,00:00:35.252,81,0,"<2></c><1>dokokaniarutoiu</c><4></c><1>mi</c><3>rai</c><4></c><3>noohanashi</c><2></c>"
00:00:35.252,00:00:35.619,81,0,"<2></c><1>dokokaniarutoiu</c><4></c><1>mira</c><3>i</c><4></c><3>noohanashi</c><2></c>"
00:00:35.619,00:00:35.986,80,0,"<2></c><1>dokokaniarutoiu</c><4></c><1>mirai</c><4></c><3>noohanashi</c><2></c>"
00:00:35.986,00:00:36.320,81,0,"<2></c><1>dokokaniarutoiu</c><4></c><1>mirai</c><4></c><1>no</c><3>ohanashi</c><2></c>"
00:00:36.320,00:00:37.021,81,0,"<2></c><1>dokokaniarutoiu</c><4></c><1>mirai</c><4></c><1>noo</c><3>hanashi</c><2></c>"
00:00:37.021,00:00:37.388,81,0,"<2></c><1>dokokaniarutoiu</c><4></c><1>mirai</c><4></c><1>nooha</c><3>nashi</c><2></c>"
00:00:37.388,00:00:37.721,81,0,"<2></c><1>dokokaniarutoiu</c><4></c><1>mirai</c><4></c><1>noohana</c><3>shi</c><2></c>"
00:00:37.721,00:00:39.156,80,0,"<2></c><1>dokokaniarutoiu</c><4></c><1>mirai</c><4></c><1>noohanashi</c><2></c>"
00:00:40.924,00:00:42.026,94,0,"<2></c><4>—</c><1>sou</c><4></c><3>sorewawasureteitayumeyarisounohate</c><4>—</c><2></c>"
00:00:40.924,00:00:53.604,84,91,"<2></c><4>Atthefinishlinewheretheforgottendreams</c><2></c><4>andidealscometocompletion</c><2></c>"
00:00:42.026,00:00:42.159,95,0,"<2></c><4>—</c><1>sou</c><4></c><1>so</c><3>rewawasureteitayumeyarisounohate</c><4>—</c><2></c>"
00:00:42.159,00:00:42.326,95,0,"<2></c><4>—</c><1>sou</c><4></c><1>sore</c><3>wawasureteitayumeyarisounohate</c><4>—</c><2></c>"
00:00:42.326,00:00:43.427,95,0,"<2></c><4>—</c><1>sou</c><4></c><1>sorewa</c><3>wasureteitayumeyarisounohate</c><4>—</c><2></c>"
00:00:43.427,00:00:43.794,95,0,"<2></c><4>—</c><1>sou</c><4></c><1>sorewawa</c><3>sureteitayumeyarisounohate</c><4>—</c><2></c>"
00:00:43.794,00:00:44.294,95,0,"<2></c><4>—</c><1>sou</c><4></c><1>sorewawasu</c><3>reteitayumeyarisounohate</c><4>—</c><2></c>"
00:00:44.294,00:00:44.461,95,0,"<2></c><4>—</c><1>sou</c><4></c><1>sorewawasure</c><3>teitayumeyarisounohate</c><4>—</c><2></c>"
00:00:44.461,00:00:44.828,95,0,"<2></c><4>—</c><1>sou</c><4></c><1>sorewawasurete</c><3>itayumeyarisounohate</c><4>—</c><2></c>"
00:00:44.828,00:00:44.995,95,0,"<2></c><4>—</c><1>sou</c><4></c><1>sorewawasuretei</c><3>tayumeyarisounohate</c><4>—</c><2></c>"
00:00:44.995,00:00:45.863,95,0,"<2></c><4>—</c><1>sou</c><4></c><1>sorewawasureteita</c><3>yumeyarisounohate</c><4>—</c><2></c>"
00:00:45.863,00:00:46.597,95,0,"<2></c><4>—</c><1>sou</c><4></c><1>sorewawasureteitayu</c><3>meyarisounohate</c><4>—</c><2></c>"
00:00:46.597,00:00:47.297,95,0,"<2></c><4>—</c><1>sou</c><4></c><1>sorewawasureteitayume</c><3>yarisounohate</c><4>—</c><2></c>"
00:00:47.297,00:00:47.998,95,0,"<2></c><4>—</c><1>sou</c><4></c><1>sorewawasureteitayumeya</c><3>risounohate</c><4>—</c><2></c>"
00:00:47.998,00:00:48.532,95,0,"<2></c><4>—</c><1>sou</c><4></c><1>sorewawasureteitayumeyari</c><3>sounohate</c><4>—</c><2></c>"
00:00:48.532,00:00:49.033,95,0,"<2></c><4>—</c><1>sou</c><4></c><1>sorewawasureteitayumeyariso</c><3>unohate</c><4>—</c><2></c>"
00:00:49.033,00:00:49.199,95,0,"<2></c><4>—</c><1>sou</c><4></c><1>sorewawasureteitayumeyarisou</c><3>nohate</c><4>—</c><2></c>"
00:00:49.199,00:00:51.502,95,0,"<2></c><4>—</c><1>sou</c><4></c><1>sorewawasureteitayumeyarisouno</c><3>hate</c><4>—</c><2></c>"
00:00:51.502,00:00:51.869,95,0,"<2></c><4>—</c><1>sou</c><4></c><1>sorewawasureteitayumeyarisounoha</c><3>te</c><4>—</c><2></c>"
00:00:51.869,00:00:53.604,94,0,"<2></c><4>—</c><1>sou</c><4></c><1>sorewawasureteitayumeyarisounohate</c><4>—</c><2></c>"
00:00:53.604,00:00:54.338,84,0,"<2></c><1>ko</c><3>noookinasekaidechippokena</c><4></c><3>boku</c><4></c><3>wa</c><2></c>"
00:00:53.604,00:01:05.616,94,92,"<2></c><4>Inthisvastuniverse</c><1></c><4>I</c><1></c><4>feltsoinsignificant</c><2></c>"
00:00:54.338,00:00:55.039,84,0,"<2></c><1>kono</c><3>ookinasekaidechippokena</c><4></c><3>boku</c><4></c><3>wa</c><2></c>"
00:00:55.039,00:00:55.372,84,0,"<2></c><1>konoo</c><3>okinasekaidechippokena</c><4></c><3>boku</c><4></c><3>wa</c><2></c>"
00:00:55.372,00:00:56.073,84,0,"<2></c><1>konooo</c><3>kinasekaidechippokena</c><4></c><3>boku</c><4></c><3>wa</c><2></c>"
00:00:56.073,00:00:56.273,84,0,"<2></c><1>konoooki</c><3>nasekaidechippokena</c><4></c><3>boku</c><4></c><3>wa</c><2></c>"
00:00:56.273,00:00:57.541,84,0,"<2></c><1>konoookina</c><3>sekaidechippokena</c><4></c><3>boku</c><4></c><3>wa</c><2></c>"
00:00:57.541,00:00:57.841,84,0,"<2></c><1>konoookinase</c><3>kaidechippokena</c><4></c><3>boku</c><4></c><3>wa</c><2></c>"
00:00:57.841,00:00:58.909,84,0,"<2></c><1>konoookinaseka</c><3>idechippokena</c><4></c><3>boku</c><4></c><3>wa</c><2></c>"
00:00:58.909,00:00:59.109,84,0,"<2></c><1>konoookinasekai</c><3>dechippokena</c><4></c><3>boku</c><4></c><3>wa</c><2></c>"
00:00:59.109,00:01:00.244,84,0,"<2></c><1>konoookinasekaide</c><3>chippokena</c><4></c><3>boku</c><4></c><3>wa</c><2></c>"
00:01:00.244,00:01:00.677,84,0,"<2></c><1>konoookinasekaidechi</c><3>ppokena</c><4></c><3>boku</c><4></c><3>wa</c><2></c>"
00:01:00.677,00:01:01.045,84,0,"<2></c><1>konoookinasekaidechip</c><3>pokena</c><4></c><3>boku</c><4></c><3>wa</c><2></c>"
00:01:01.045,00:01:01.378,84,0,"<2></c><1>konoookinasekaidechippo</c><3>kena</c><4></c><3>boku</c><4></c><3>wa</c><2></c>"
00:01:01.378,00:01:01.745,84,0,"<2></c><1>konoookinasekaidechippoke</c><3>na</c><4></c><3>boku</c><4></c><3>wa</c><2></c>"
00:01:01.745,00:01:02.446,83,0,"<2></c><1>konoookinasekaidechippokena</c><4></c><3>boku</c><4></c><3>wa</c><2></c>"
00:01:02.446,00:01:02.780,84,0,"<2></c><1>konoookinasekaidechippokena</c><4></c><1>bo</c><3>ku</c><4></c><3>wa</c><2></c>"
00:01:02.780,00:01:03.180,83,0,"<2></c><1>konoookinasekaidechippokena</c><4></c><1>boku</c><4></c><3>wa</c><2></c>"
00:01:03.180,00:01:05.616,83,0,"<2></c><1>konoookinasekaidechippokena</c><4></c><1>boku</c><4></c><1>wa</c><2></c>"
00:01:05.616,00:01:05.983,80,0,"<2></c><1>ya</c><3>manaiamewanaitoshinjikirenakute</c><4>...</c><2></c>"
00:01:05.616,00:01:16.193,78,91,"<2></c><4>MyspiritsopunythatIcouldn'tbelieve</c><2></c><4>thatthecloudsalwaysclear</c><2></c>"
00:01:05.983,00:01:07.017,80,0,"<2></c><1>yama</c><3>naiamewanaitoshinjikirenakute</c><4>...</c><2></c>"
00:01:07.017,00:01:07.418,80,0,"<2></c><1>yamana</c><3>iamewanaitoshinjikirenakute</c><4>...</c><2></c>"
00:01:07.418,00:01:08.419,80,0,"<2></c><1>yamanai</c><3>amewanaitoshinjikirenakute</c><4>...</c><2></c>"
00:01:08.419,00:01:08.819,80,0,"<2></c><1>yamanaia</c><3>mewanaitoshinjikirenakute</c><4>...</c><2></c>"
00:01:08.819,00:01:09.520,80,0,"<2></c><1>yamanaiame</c><3>wanaitoshinjikirenakute</c><4>...</c><2></c>"
00:01:09.520,00:01:09.853,80,0,"<2></c><1>yamanaiamewa</c><3>naitoshinjikirenakute</c><4>...</c><2></c>"
00:01:09.853,00:01:10.054,80,0,"<2></c><1>yamanaiamewana</c><3>itoshinjikirenakute</c><4>...</c><2></c>"
00:01:10.054,00:01:10.254,80,0,"<2></c><1>yamanaiamewanai</c><3>toshinjikirenakute</c><4>...</c><2></c>"
00:01:10.254,00:01:11.255,80,0,"<2></c><1>yamanaiamewanaito</c><3>shinjikirenakute</c><4>...</c><2></c>"
00:01:11.255,00:01:11.622,80,0,"<2></c><1>yamanaiamewanaitoshi</c><3>njikirenakute</c><4>...</c><2></c>"
00:01:11.622,00:01:12.289,80,0,"<2></c><1>yamanaiamewanaitoshin</c><3>jikirenakute</c><4>...</c><2></c>"
00:01:12.289,00:01:12.656,80,0,"<2></c><1>yamanaiamewanaitoshinji</c><3>kirenakute</c><4>...</c><2></c>"
00:01:12.656,00:01:13.023,80,0,"<2></c><1>yamanaiamewanaitoshinjiki</c><3>renakute</c><4>...</c><2></c>"
00:01:13.023,00:01:13.757,80,0,"<2></c><1>yamanaiamewanaitoshinjikire</c><3>nakute</c><4>...</c><2></c>"
00:01:13.757,00:01:14.358,80,0,"<2></c><1>yamanaiamewanaitoshinjikirena</c><3>kute</c><4>...</c><2></c>"
00:01:14.358,00:01:14.491,80,0,"<2></c><1>yamanaiamewanaitoshinjikirenaku</c><3>te</c><4>...</c><2></c>"
00:01:14.491,00:01:16.193,78,0,"<2></c><1>yamanaiamewanaitoshinjikirenakute</c><4>...</c><2></c>"
00:01:16.193,00:01:16.927,70,0,"<2></c><1>no</c><3>basutenomukougawamietamonowa</c><2></c>"
00:01:16.193,00:01:28.205,88,92,"<2></c><4>BecausewhatIsawasIreacheduptotheskies</c><2></c>"
00:01:16.927,00:01:17.628,70,0,"<2></c><1>noba</c><3>sutenomukougawamietamonowa</c><2></c>"
00:01:17.628,00:01:18.662,70,0,"<2></c><1>nobasu</c><3>tenomukougawamietamonowa</c><2></c>"
00:01:18.662,00:01:18.862,70,0,"<2></c><1>nobasute</c><3>nomukougawamietamonowa</c><2></c>"
00:01:18.862,00:01:20.064,70,0,"<2></c><1>nobasuteno</c><3>mukougawamietamonowa</c><2></c>"
00:01:20.064,00:01:20.431,70,0,"<2></c><1>nobasutenomu</c><3>kougawamietamonowa</c><2></c>"
00:01:20.431,00:01:20.831,70,0,"<2></c><1>nobasutenomuko</c><3>ugawamietamonowa</c><2></c>"
00:01:20.831,00:01:21.498,70,0,"<2></c><1>nobasutenomukou</c><3>gawamietamonowa</c><2></c>"
00:01:21.498,00:01:21.698,70,0,"<2></c><1>nobasutenomukouga</c><3>wamietamonowa</c><2></c>"
00:01:21.698,00:01:22.933,70,0,"<2></c><1>nobasutenomukougawa</c><3>mietamonowa</c><2></c>"
00:01:22.933,00:01:23.267,70,0,"<2></c><1>nobasutenomukougawami</c><3>etamonowa</c><2></c>"
00:01:23.267,00:01:23.967,70,0,"<2></c><1>nobasutenomukougawamie</c><3>tamonowa</c><2></c>"
00:01:23.967,00:01:24.668,70,0,"<2></c><1>nobasutenomukougawamieta</c><3>monowa</c><2></c>"
00:01:24.668,00:01:25.369,70,0,"<2></c><1>nobasutenomukougawamietamo</c><3>nowa</c><2></c>"
00:01:25.369,00:01:25.936,70,0,"<2></c><1>nobasutenomukougawamietamono</c><3>wa</c><2></c>"
00:01:25.936,00:01:28.205,70,0,"<2></c><1>nobasutenomukougawamietamonowa</c><2></c>"
00:01:28.205,00:01:28.372,72,0,"<2></c><1>zu</c><3>ttomabushisugitemeosorashiteita</c><2></c>"
00:01:28.205,00:01:38.415,72,92,"<2></c><4>WassobrightthatIhadtolookaway</c><2></c>"
00:01:28.372,00:01:28.572,72,0,"<2></c><1>zut</c><3>tomabushisugitemeosorashiteita</c><2></c>"
00:01:28.572,00:01:29.606,72,0,"<2></c><1>zutto</c><3>mabushisugitemeosorashiteita</c><2></c>"
00:01:29.606,00:01:30.007,72,0,"<2></c><1>zuttoma</c><3>bushisugitemeosorashiteita</c><2></c>"
00:01:30.007,00:01:30.707,72,0,"<2></c><1>zuttomabu</c><3>shisugitemeosorashiteita</c><2></c>"
00:01:30.707,00:01:30.908,72,0,"<2></c><1>zuttomabushi</c><3>sugitemeosorashiteita</c><2></c>"
00:01:30.908,00:01:31.408,72,0,"<2></c><1>zuttomabushisu</c><3>gitemeosorashiteita</c><2></c>"
00:01:31.408,00:01:31.575,72,0,"<2></c><1>zuttomabushisugi</c><3>temeosorashiteita</c><2></c>"
00:01:31.575,00:01:32.776,72,0,"<2></c><1>zuttomabushisugite</c><3>meosorashiteita</c><2></c>"
00:01:32.776,00:01:32.943,72,0,"<2></c><1>zuttomabushisugiteme</c><3>osorashiteita</c><2></c>"
00:01:32.943,00:01:33.110,72,0,"<2></c><1>zuttomabushisugitemeo</c><3>sorashiteita</c><2></c>"
00:01:33.110,00:01:33.510,72,0,"<2></c><1>zuttomabushisugitemeoso</c><3>rashiteita</c><2></c>"
00:01:33.510,00:01:33.677,72,0,"<2></c><1>zuttomabushisugitemeosora</c><3>shiteita</c><2></c>"
00:01:33.677,00:01:34.044,72,0,"<2></c><1>zuttomabushisugitemeosorashi</c><3>teita</c><2></c>"
00:01:34.044,00:01:34.211,72,0,"<2></c><1>zuttomabushisugitemeosorashite</c><3>ita</c><2></c>"
00:01:34.211,00:01:34.411,72,0,"<2></c><1>zuttomabushisugitemeosorashitei</c><3>ta</c><2></c>"
00:01:34.411,00:01:38.415,72,0,"<2></c><1>zuttomabushisugitemeosorashiteita</c><2></c>"
00:01:38.415,00:01:38.582,-1,0,"<2></c><1>ki</c><3>zukanaimamade</c><2></c>"
00:01:38.415,00:01:41.618,-1,92,"<2></c><4>AndIneverevenrealized</c><2></c>"
00:01:38.582,00:01:38.816,-1,0,"<2></c><1>kizu</c><3>kanaimamade</c><2></c>"
00:01:38.816,00:01:39.183,-1,0,"<2></c><1>kizuka</c><3>naimamade</c><2></c>"
00:01:39.183,00:01:39.383,-1,0,"<2></c><1>kizukana</c><3>imamade</c><2></c>"
00:01:39.383,00:01:39.683,-1,0,"<2></c><1>kizukanai</c><3>mamade</c><2></c>"
00:01:39.683,00:01:39.850,-1,0,"<2></c><1>kizukanaima</c><3>made</c><2></c>"
00:01:39.850,00:01:40.050,-1,0,"<2></c><1>kizukanaimama</c><3>de</c><2></c>"
00:01:40.050,00:01:41.618,-1,0,"<2></c><1>kizukanaimamade</c><2></c>"
00:01:46.890,00:01:47.124,92,0,"<2></c><4></c><1>mi</c><3>rai</c><4></c><3>ttemonowamabayuihodokagayaitatoiu</c><2></c>"
00:01:46.890,00:01:56.467,78,92,"<2></c><4>Tomorrowshinesbrightwithpossibilities</c><2></c>"
00:01:47.124,00:01:47.291,92,0,"<2></c><4></c><1>mira</c><3>i</c><4></c><3>ttemonowamabayuihodokagayaitatoiu</c><2></c>"
00:01:47.291,00:01:47.624,91,0,"<2></c><4></c><1>mirai</c><4></c><3>ttemonowamabayuihodokagayaitatoiu</c><2></c>"
00:01:47.624,00:01:47.825,92,0,"<2></c><4></c><1>mirai</c><4></c><1>tte</c><3>monowamabayuihodokagayaitatoiu</c><2></c>"
00:01:47.825,00:01:48.292,92,0,"<2></c><4></c><1>mirai</c><4></c><1>ttemo</c><3>nowamabayuihodokagayaitatoiu</c><2></c>"
00:01:48.292,00:01:48.525,92,0,"<2></c><4></c><1>mirai</c><4></c><1>ttemono</c><3>wamabayuihodokagayaitatoiu</c><2></c>"
00:01:48.525,00:01:49.726,92,0,"<2></c><4></c><1>mirai</c><4></c><1>ttemonowa</c><3>mabayuihodokagayaitatoiu</c><2></c>"
00:01:49.726,00:01:50.094,92,0,"<2></c><4></c><1>mirai</c><4></c><1>ttemonowama</c><3>bayuihodokagayaitatoiu</c><2></c>"
00:01:50.094,00:01:50.461,92,0,"<2></c><4></c><1>mirai</c><4></c><1>ttemonowamaba</c><3>yuihodokagayaitatoiu</c><2></c>"
00:01:50.461,00:01:50.661,92,0,"<2></c><4></c><1>mirai</c><4></c><1>ttemonowamabayu</c><3>ihodokagayaitatoiu</c><2></c>"
00:01:50.661,00:01:51.128,92,0,"<2></c><4></c><1>mirai</c><4></c><1>ttemonowamabayui</c><3>hodokagayaitatoiu</c><2></c>"
00:01:51.128,00:01:51.328,92,0,"<2></c><4></c><1>mirai</c><4></c><1>ttemonowamabayuiho</c><3>dokagayaitatoiu</c><2></c>"
00:01:51.328,00:01:52.563,92,0,"<2></c><4></c><1>mirai</c><4></c><1>ttemonowamabayuihodo</c><3>kagayaitatoiu</c><2></c>"
00:01:52.563,00:01:52.930,92,0,"<2></c><4></c><1>mirai</c><4></c><1>ttemonowamabayuihodoka</c><3>gayaitatoiu</c><2></c>"
00:01:52.930,00:01:53.297,92,0,"<2></c><4></c><1>mirai</c><4></c><1>ttemonowamabayuihodokaga</c><3>yaitatoiu</c><2></c>"
00:01:53.297,00:01:53.464,92,0,"<2></c><4></c><1>mirai</c><4></c><1>ttemonowamabayuihodokagaya</c><3>itatoiu</c><2></c>"
00:01:53.464,00:01:53.831,92,0,"<2></c><4></c><1>mirai</c><4></c><1>ttemonowamabayuihodokagayai</c><3>tatoiu</c><2></c>"
00:01:53.831,00:01:53.997,92,0,"<2></c><4></c><1>mirai</c><4></c><1>ttemonowamabayuihodokagayaita</c><3>toiu</c><2></c>"
00:01:53.997,00:01:54.131,92,0,"<2></c><4></c><1>mirai</c><4></c><1>ttemonowamabayuihodokagayaitato</c><3>iu</c><2></c>"
00:01:54.131,00:01:54.364,92,0,"<2></c><4></c><1>mirai</c><4></c><1>ttemonowamabayuihodokagayaitatoi</c><3>u</c><2></c>"
00:01:54.364,00:01:56.467,91,0,"<2></c><4></c><1>mirai</c><4></c><1>ttemonowamabayuihodokagayaitatoiu</c><2></c>"
00:01:56.467,00:01:57.201,80,0,"<2></c><1>da</c><3>renidemotenidekirusutekinaotakara</c><2></c>"
00:01:56.467,00:02:06.710,97,92,"<2></c><4>Withinreachofanybody</c><1></c><4>atreasureboxwaitingtobeopened</c><2></c>"
00:01:57.201,00:01:57.868,80,0,"<2></c><1>dare</c><3>nidemotenidekirusutekinaotakara</c><2></c>"
00:01:57.868,00:01:58.235,80,0,"<2></c><1>dareni</c><3>demotenidekirusutekinaotakara</c><2></c>"
00:01:58.235,00:01:58.602,80,0,"<2></c><1>darenide</c><3>motenidekirusutekinaotakara</c><2></c>"
00:01:58.602,00:01:59.636,80,0,"<2></c><1>darenidemo</c><3>tenidekirusutekinaotakara</c><2></c>"
00:01:59.636,00:02:00.003,80,0,"<2></c><1>darenidemote</c><3>nidekirusutekinaotakara</c><2></c>"
00:02:00.003,00:02:00.537,80,0,"<2></c><1>darenidemoteni</c><3>dekirusutekinaotakara</c><2></c>"
00:02:00.537,00:02:01.071,80,0,"<2></c><1>darenidemotenide</c><3>kirusutekinaotakara</c><2></c>"
00:02:01.071,00:02:01.238,80,0,"<2></c><1>darenidemotenideki</c><3>rusutekinaotakara</c><2></c>"
00:02:01.238,00:02:02.473,80,0,"<2></c><1>darenidemotenidekiru</c><3>sutekinaotakara</c><2></c>"
00:02:02.473,00:02:02.840,80,0,"<2></c><1>darenidemotenidekirusu</c><3>tekinaotakara</c><2></c>"
00:02:02.840,00:02:03.173,80,0,"<2></c><1>darenidemotenidekirusute</c><3>kinaotakara</c><2></c>"
00:02:03.173,00:02:03.540,80,0,"<2></c><1>darenidemotenidekirusuteki</c><3>naotakara</c><2></c>"
00:02:03.540,00:02:03.841,80,0,"<2></c><1>darenidemotenidekirusutekina</c><3>otakara</c><2></c>"
00:02:03.841,00:02:04.575,80,0,"<2></c><1>darenidemotenidekirusutekinao</c><3>takara</c><2></c>"
00:02:04.575,00:02:04.942,80,0,"<2></c><1>darenidemotenidekirusutekinaota</c><3>kara</c><2></c>"
00:02:04.942,00:02:05.309,80,0,"<2></c><1>darenidemotenidekirusutekinaotaka</c><3>ra</c><2></c>"
00:02:05.309,00:02:06.710,80,0,"<2></c><1>darenidemotenidekirusutekinaotakara</c><2></c>"
00:02:08.445,00:02:09.513,98,0,"<2></c><4>—</c><1>aa</c><4></c><3>dakedonazeka</c><4></c><3>boku</c><4></c><3>notewamadakaranomama</c><4>—</c><2></c>"
00:02:08.445,00:02:21.125,84,92,"<2></c><4>Andyet</c><1></c><4>andyet</c><1></c><4>my</c><1></c><4>handsremainempty</c><2></c>"
00:02:09.513,00:02:09.680,97,0,"<2></c><4>—</c><1>aa</c><4></c><1>da</c><3>kedonazeka</c><4></c><3>boku</c><4></c><3>notewamadakaranomama</c><4>—</c><2></c>"
00:02:09.680,00:02:09.880,97,0,"<2></c><4>—</c><1>aa</c><4></c><1>dake</c><3>donazeka</c><4></c><3>boku</c><4></c><3>notewamadakaranomama</c><4>—</c><2></c>"
00:02:09.880,00:02:10.914,97,0,"<2></c><4>—</c><1>aa</c><4></c><1>dakedo</c><3>nazeka</c><4></c><3>boku</c><4></c><3>notewamadakaranomama</c><4>—</c><2></c>"
00:02:10.914,00:02:11.281,97,0,"<2></c><4>—</c><1>aa</c><4></c><1>dakedona</c><3>zeka</c><4></c><3>boku</c><4></c><3>notewamadakaranomama</c><4>—</c><2></c>"
00:02:11.281,00:02:11.748,97,0,"<2></c><4>—</c><1>aa</c><4></c><1>dakedonaze</c><3>ka</c><4></c><3>boku</c><4></c><3>notewamadakaranomama</c><4>—</c><2></c>"
00:02:11.748,00:02:11.982,98,0,"<2></c><4>—</c><1>aa</c><4></c><1>dakedonazeka</c><4></c><3>boku</c><4></c><3>notewamadakaranomama</c><4>—</c><2></c>"
00:02:11.982,00:02:12.282,97,0,"<2></c><4>—</c><1>aa</c><4></c><1>dakedonazeka</c><4></c><1>bo</c><3>ku</c><4></c><3>notewamadakaranomama</c><4>—</c><2></c>"
00:02:12.282,00:02:12.483,98,0,"<2></c><4>—</c><1>aa</c><4></c><1>dakedonazeka</c><4></c><1>boku</c><4></c><3>notewamadakaranomama</c><4>—</c><2></c>"
00:02:12.483,00:02:13.383,97,0,"<2></c><4>—</c><1>aa</c><4></c><1>dakedonazeka</c><4></c><1>boku</c><4></c><1>no</c><3>tewamadakaranomama</c><4>—</c><2></c>"
00:02:13.383,00:02:14.084,97,0,"<2></c><4>—</c><1>aa</c><4></c><1>dakedonazeka</c><4></c><1>boku</c><4></c><1>note</c><3>wamadakaranomama</c><4>—</c><2></c>"
00:02:14.084,00:02:14.785,97,0,"<2></c><4>—</c><1>aa</c><4></c><1>dakedonazeka</c><4></c><1>boku</c><4></c><1>notewa</c><3>madakaranomama</c><4>—</c><2></c>"
00:02:14.785,00:02:15.486,97,0,"<2></c><4>—</c><1>aa</c><4></c><1>dakedonazeka</c><4></c><1>boku</c><4></c><1>notewama</c><3>dakaranomama</c><4>—</c><2></c>"
00:02:15.486,00:02:16.053,97,0,"<2></c><4>—</c><1>aa</c><4></c><1>dakedonazeka</c><4></c><1>boku</c><4></c><1>notewamada</c><3>karanomama</c><4>—</c><2></c>"
00:02:16.053,00:02:16.553,97,0,"<2></c><4>—</c><1>aa</c><4></c><1>dakedonazeka</c><4></c><1>boku</c><4></c><1>notewamadaka</c><3>ranomama</c><4>—</c><2></c>"
00:02:16.553,00:02:16.753,97,0,"<2></c><4>—</c><1>aa</c><4></c><1>dakedonazeka</c><4></c><1>boku</c><4></c><1>notewamadakara</c><3>nomama</c><4>—</c><2></c>"
00:02:16.753,00:02:19.022,97,0,"<2></c><4>—</c><1>aa</c><4></c><1>dakedonazeka</c><4></c><1>boku</c><4></c><1>notewamadakarano</c><3>mama</c><4>—</c><2></c>"
00:02:19.022,00:02:19.389,97,0,"<2></c><4>—</c><1>aa</c><4></c><1>dakedonazeka</c><4></c><1>boku</c><4></c><1>notewamadakaranoma</c><3>ma</c><4>—</c><2></c>"
00:02:19.389,00:02:21.125,98,0,"<2></c><4>—</c><1>aa</c><4></c><1>dakedonazeka</c><4></c><1>boku</c><4></c><1>notewamadakaranomama</c><4>—</c><2></c>"
00:02:21.125,00:02:21.859,83,0,"<2></c><1>ko</c><3>noookinasekaidekarappona</c><4></c><3>boku</c><4></c><3>wa</c><2></c>"
00:02:21.125,00:02:33.137,92,92,"<2></c><4>Inthisvastuniverse</c><1></c><4>I</c><1></c><4>feltsoemptyinside</c><2></c>"
00:02:21.859,00:02:22.559,83,0,"<2></c><1>kono</c><3>ookinasekaidekarappona</c><4></c><3>boku</c><4></c><3>wa</c><2></c>"
00:02:22.559,00:02:22.960,83,0,"<2></c><1>konoo</c><3>okinasekaidekarappona</c><4></c><3>boku</c><4></c><3>wa</c><2></c>"
00:02:22.960,00:02:23.627,83,0,"<2></c><1>konooo</c><3>kinasekaidekarappona</c><4></c><3>boku</c><4></c><3>wa</c><2></c>"
00:02:23.627,00:02:23.827,83,0,"<2></c><1>konoooki</c><3>nasekaidekarappona</c><4></c><3>boku</c><4></c><3>wa</c><2></c>"
00:02:23.827,00:02:25.062,83,0,"<2></c><1>konoookina</c><3>sekaidekarappona</c><4></c><3>boku</c><4></c><3>wa</c><2></c>"
00:02:25.062,00:02:25.395,83,0,"<2></c><1>konoookinase</c><3>kaidekarappona</c><4></c><3>boku</c><4></c><3>wa</c><2></c>"
00:02:25.395,00:02:26.430,83,0,"<2></c><1>konoookinaseka</c><3>idekarappona</c><4></c><3>boku</c><4></c><3>wa</c><2></c>"
00:02:26.430,00:02:26.630,83,0,"<2></c><1>konoookinasekai</c><3>dekarappona</c><4></c><3>boku</c><4></c><3>wa</c><2></c>"
00:02:26.630,00:02:27.898,83,0,"<2></c><1>konoookinasekaide</c><3>karappona</c><4></c><3>boku</c><4></c><3>wa</c><2></c>"
00:02:27.898,00:02:28.232,83,0,"<2></c><1>konoookinasekaideka</c><3>rappona</c><4></c><3>boku</c><4></c><3>wa</c><2></c>"
00:02:28.232,00:02:28.565,83,0,"<2></c><1>konoookinasekaidekara</c><3>ppona</c><4></c><3>boku</c><4></c><3>wa</c><2></c>"
00:02:28.565,00:02:28.932,83,0,"<2></c><1>konoookinasekaidekarap</c><3>pona</c><4></c><3>boku</c><4></c><3>wa</c><2></c>"
00:02:28.932,00:02:29.266,83,0,"<2></c><1>konoookinasekaidekarappo</c><3>na</c><4></c><3>boku</c><4></c><3>wa</c><2></c>"
00:02:29.266,00:02:30.000,81,0,"<2></c><1>konoookinasekaidekarappona</c><4></c><3>boku</c><4></c><3>wa</c><2></c>"
00:02:30.000,00:02:30.334,83,0,"<2></c><1>konoookinasekaidekarappona</c><4></c><1>bo</c><3>ku</c><4></c><3>wa</c><2></c>"
00:02:30.334,00:02:30.701,81,0,"<2></c><1>konoookinasekaidekarappona</c><4></c><1>boku</c><4></c><3>wa</c><2></c>"
00:02:30.701,00:02:33.137,81,0,"<2></c><1>konoookinasekaidekarappona</c><4></c><1>boku</c><4></c><1>wa</c><2></c>"
00:02:33.137,00:02:33.504,70,0,"<2></c><1>i</c><3>kibaomiushinattemaigonomamade</c><2></c>"
00:02:33.137,00:02:43.714,91,92,"<2></c><4>Lostandastray</c><1></c><4>withnothingtoshowmetheway</c><2></c>"
00:02:33.504,00:02:34.571,70,0,"<2></c><1>iki</c><3>baomiushinattemaigonomamade</c><2></c>"
00:02:34.571,00:02:34.938,70,0,"<2></c><1>ikiba</c><3>omiushinattemaigonomamade</c><2></c>"
00:02:34.938,00:02:35.973,70,0,"<2></c><1>ikibao</c><3>miushinattemaigonomamade</c><2></c>"
00:02:35.973,00:02:36.273,70,0,"<2></c><1>ikibaomi</c><3>ushinattemaigonomamade</c><2></c>"
00:02:36.273,00:02:37.040,70,0,"<2></c><1>ikibaomiu</c><3>shinattemaigonomamade</c><2></c>"
00:02:37.040,00:02:37.374,70,0,"<2></c><1>ikibaomiushi</c><3>nattemaigonomamade</c><2></c>"
00:02:37.374,00:02:37.541,70,0,"<2></c><1>ikibaomiushina</c><3>ttemaigonomamade</c><2></c>"
00:02:37.541,00:02:37.774,70,0,"<2></c><1>ikibaomiushinat</c><3>temaigonomamade</c><2></c>"
00:02:37.774,00:02:38.809,70,0,"<2></c><1>ikibaomiushinatte</c><3>maigonomamade</c><2></c>"
00:02:38.809,00:02:39.176,70,0,"<2></c><1>ikibaomiushinattema</c><3>igonomamade</c><2></c>"
00:02:39.176,00:02:39.843,70,0,"<2></c><1>ikibaomiushinattemai</c><3>gonomamade</c><2></c>"
00:02:39.843,00:02:40.210,70,0,"<2></c><1>ikibaomiushinattemaigo</c><3>nomamade</c><2></c>"
00:02:40.210,00:02:40.577,70,0,"<2></c><1>ikibaomiushinattemaigono</c><3>mamade</c><2></c>"
00:02:40.577,00:02:41.278,70,0,"<2></c><1>ikibaomiushinattemaigonoma</c><3>made</c><2></c>"
00:02:41.278,00:02:42.012,70,0,"<2></c><1>ikibaomiushinattemaigonomama</c><3>de</c><2></c>"
00:02:42.012,00:02:43.714,70,0,"<2></c><1>ikibaomiushinattemaigonomamade</c><2></c>"
00:02:43.714,00:02:44.448,72,0,"<2></c><1>ku</c><3>rayaminomukougawamitsuketanowa</c><2></c>"
00:02:43.714,00:02:55.726,83,92,"<2></c><4>Butthere'salightattheendofthetunnel</c><2></c>"
00:02:44.448,00:02:45.149,72,0,"<2></c><1>kura</c><3>yaminomukougawamitsuketanowa</c><2></c>"
00:02:45.149,00:02:46.250,72,0,"<2></c><1>kuraya</c><3>minomukougawamitsuketanowa</c><2></c>"
00:02:46.250,00:02:46.383,72,0,"<2></c><1>kurayami</c><3>nomukougawamitsuketanowa</c><2></c>"
00:02:46.383,00:02:47.618,72,0,"<2></c><1>kurayamino</c><3>mukougawamitsuketanowa</c><2></c>"
00:02:47.618,00:02:47.951,72,0,"<2></c><1>kurayaminomu</c><3>kougawamitsuketanowa</c><2></c>"
00:02:47.951,00:02:48.352,72,0,"<2></c><1>kurayaminomuko</c><3>ugawamitsuketanowa</c><2></c>"
00:02:48.352,00:02:49.019,72,0,"<2></c><1>kurayaminomukou</c><3>gawamitsuketanowa</c><2></c>"
00:02:49.019,00:02:49.219,72,0,"<2></c><1>kurayaminomukouga</c><3>wamitsuketanowa</c><2></c>"
00:02:49.219,00:02:50.454,72,0,"<2></c><1>kurayaminomukougawa</c><3>mitsuketanowa</c><2></c>"
00:02:50.454,00:02:50.787,72,0,"<2></c><1>kurayaminomukougawami</c><3>tsuketanowa</c><2></c>"
00:02:50.787,00:02:51.522,72,0,"<2></c><1>kurayaminomukougawamitsu</c><3>ketanowa</c><2></c>"
00:02:51.522,00:02:52.189,72,0,"<2></c><1>kurayaminomukougawamitsuke</c><3>tanowa</c><2></c>"
00:02:52.189,00:02:52.923,72,0,"<2></c><1>kurayaminomukougawamitsuketa</c><3>nowa</c><2></c>"
00:02:52.923,00:02:53.457,72,0,"<2></c><1>kurayaminomukougawamitsuketano</c><3>wa</c><2></c>"
00:02:53.457,00:02:55.726,72,0,"<2></c><1>kurayaminomukougawamitsuketanowa</c><2></c>"
00:02:55.726,00:02:55.926,69,0,"<2></c><1>ki</c><3>ttomotometeitaanotsuyoihikari</c><2></c>"
00:02:55.726,00:03:05.969,92,92,"<2></c><4>ThelightIhavebeensearchingforallthiswhile</c><2></c>"
00:02:55.926,00:02:56.093,69,0,"<2></c><1>kit</c><3>tomotometeitaanotsuyoihikari</c><2></c>"
00:02:56.093,00:02:57.127,69,0,"<2></c><1>kitto</c><3>motometeitaanotsuyoihikari</c><2></c>"
00:02:57.127,00:02:57.494,69,0,"<2></c><1>kittomo</c><3>tometeitaanotsuyoihikari</c><2></c>"
00:02:57.494,00:02:58.195,69,0,"<2></c><1>kittomoto</c><3>meteitaanotsuyoihikari</c><2></c>"
00:02:58.195,00:02:58.395,69,0,"<2></c><1>kittomotome</c><3>teitaanotsuyoihikari</c><2></c>"
00:02:58.395,00:02:58.896,69,0,"<2></c><1>kittomotomete</c><3>itaanotsuyoihikari</c><2></c>"
00:02:58.896,00:02:59.096,69,0,"<2></c><1>kittomotometei</c><3>taanotsuyoihikari</c><2></c>"
00:02:59.096,00:03:00.330,69,0,"<2></c><1>kittomotometeita</c><3>anotsuyoihikari</c><2></c>"
00:03:00.330,00:03:00.464,69,0,"<2></c><1>kittomotometeitaa</c><3>notsuyoihikari</c><2></c>"
00:03:00.464,00:03:00.697,69,0,"<2></c><1>kittomotometeitaano</c><3>tsuyoihikari</c><2></c>"
00:03:00.697,00:03:01.031,69,0,"<2></c><1>kittomotometeitaanotsu</c><3>yoihikari</c><2></c>"
00:03:01.031,00:03:01.198,69,0,"<2></c><1>kittomotometeitaanotsuyo</c><3>ihikari</c><2></c>"
00:03:01.198,00:03:01.598,69,0,"<2></c><1>kittomotometeitaanotsuyoi</c><3>hikari</c><2></c>"
00:03:01.598,00:03:01.732,69,0,"<2></c><1>kittomotometeitaanotsuyoihi</c><3>kari</c><2></c>"
00:03:01.732,00:03:01.932,69,0,"<2></c><1>kittomotometeitaanotsuyoihika</c><3>ri</c><2></c>"
00:03:01.932,00:03:05.969,69,0,"<2></c><1>kittomotometeitaanotsuyoihikari</c><2></c>"
00:03:05.969,00:03:06.170,-1,0,"<2></c><1>tsu</c><3>kaminiikou</c><2></c>"
00:03:05.969,00:03:09.139,59,92,"<2></c><4>Anditbeckonsmetogotoit</c><2></c>"
00:03:06.170,00:03:06.370,-1,0,"<2></c><1>tsuka</c><3>miniikou</c><2></c>"
00:03:06.370,00:03:06.670,-1,0,"<2></c><1>tsukami</c><3>niikou</c><2></c>"
00:03:06.670,00:03:06.837,-1,0,"<2></c><1>tsukamini</c><3>ikou</c><2></c>"
00:03:06.837,00:03:07.204,-1,0,"<2></c><1>tsukaminii</c><3>kou</c><2></c>"
00:03:07.204,00:03:07.404,-1,0,"<2></c><1>tsukaminiiko</c><3>u</c><2></c>"
00:03:07.404,00:03:09.139,-1,0,"<2></c><1>tsukaminiikou</c><2></c>"
00:03:07.738,00:03:10.574,-1,85,"<2></c><4>Violins:MariNa</c><2></c>"
00:03:10.574,00:03:13.410,58,92,"<2></c><4>Guitar:Sandai(Hifumiinc.)</c><2></c>"
00:03:13.410,00:03:16.246,-1,92,"<2></c><4>Bass:KazuhiroSunaga</c><2></c>"
00:03:16.246,00:03:19.049,-1,92,"<2></c><4>Drums:MASUKE</c><2></c>"
00:03:19.049,00:03:21.885,89,92,"<2></c><4>RecordingEngineer:YoutaIshizuka(Hifumiinc.)</c><2></c>"
00:03:21.885,00:03:24.655,84,92,"<2></c><4>MixingEngineer:YoutaIshizuka(Hifumiinc.)</c><2></c>"
00:03:24.655,00:03:27.491,-1,92,"<2></c><4>Art:JIA</c><2></c>"
00:03:27.491,00:03:30.327,-1,92,"<2></c><4>Movie:Konbu</c><2></c>"
00:03:30.994,00:03:31.395,-1,0,"<2></c><1>zut</c><3>tozuttozuttoyowakute</c><2></c>"
00:03:30.994,00:03:36.667,70,92,"<2></c><4>Always</c><1></c><4>forever</c><1></c><4>andeversoweak</c><2></c>"
00:03:31.395,00:03:32.429,-1,0,"<2></c><1>zutto</c><3>zuttozuttoyowakute</c><2></c>"
00:03:32.429,00:03:32.796,-1,0,"<2></c><1>zuttozut</c><3>tozuttoyowakute</c><2></c>"
00:03:32.796,00:03:33.830,-1,0,"<2></c><1>zuttozutto</c><3>zuttoyowakute</c><2></c>"
00:03:33.830,00:03:34.164,-1,0,"<2></c><1>zuttozuttozut</c><3>toyowakute</c><2></c>"
00:03:34.164,00:03:34.898,-1,0,"<2></c><1>zuttozuttozutto</c><3>yowakute</c><2></c>"
00:03:34.898,00:03:35.265,-1,0,"<2></c><1>zuttozuttozuttoyo</c><3>wakute</c><2></c>"
00:03:35.265,00:03:35.432,-1,0,"<2></c><1>zuttozuttozuttoyowa</c><3>kute</c><2></c>"
00:03:35.432,00:03:35.599,-1,0,"<2></c><1>zuttozuttozuttoyowaku</c><3>te</c><2></c>"
00:03:35.599,00:03:36.667,-1,0,"<2></c><1>zuttozuttozuttoyowakute</c><2></c>"
00:03:36.667,00:03:37.034,56,0,"<2></c><1>o</c><3>kubyoudatta</c><4></c><3>boku</c><4></c><3>wa</c><2></c>"
00:03:36.667,00:03:42.306,67,92,"<2></c><1></c><4>I</c><1></c><4>havebeenacowardinhiding</c><2></c>"
00:03:37.034,00:03:37.201,56,0,"<2></c><1>oku</c><3>byoudatta</c><4></c><3>boku</c><4></c><3>wa</c><2></c>"
00:03:37.201,00:03:37.768,56,0,"<2></c><1>okubyo</c><3>udatta</c><4></c><3>boku</c><4></c><3>wa</c><2></c>"
00:03:37.768,00:03:38.101,56,0,"<2></c><1>okubyou</c><3>datta</c><4></c><3>boku</c><4></c><3>wa</c><2></c>"
00:03:38.101,00:03:38.435,56,0,"<2></c><1>okubyouda</c><3>tta</c><4></c><3>boku</c><4></c><3>wa</c><2></c>"
00:03:38.435,00:03:38.802,56,0,"<2></c><1>okubyoudat</c><3>ta</c><4></c><3>boku</c><4></c><3>wa</c><2></c>"
00:03:38.802,00:03:39.670,-1,0,"<2></c><1>okubyoudatta</c><4></c><3>boku</c><4></c><3>wa</c><2></c>"
00:03:39.670,00:03:39.836,56,0,"<2></c><1>okubyoudatta</c><4></c><1>bo</c><3>ku</c><4></c><3>wa</c><2></c>"
00:03:39.836,00:03:40.037,56,0,"<2></c><1>okubyoudatta</c><4></c><1>boku</c><4></c><1></c><3>wa</c><2></c>"
00:03:40.037,00:03:42.306,-1,0,"<2></c><1>okubyoudatta</c><4></c><1>boku</c><4></c><1>wa</c><2></c>"
00:03:42.306,00:03:42.673,-1,0,"<2></c><1>yat</c><3>toyattoyattokizuita</c><2></c>"
00:03:42.306,00:03:47.978,69,92,"<2></c><4>ButIhavefinallyfoundtheanswer</c><2></c>"
00:03:42.673,00:03:43.707,-1,0,"<2></c><1>yatto</c><3>yattoyattokizuita</c><2></c>"
00:03:43.707,00:03:44.074,-1,0,"<2></c><1>yattoyat</c><3>toyattokizuita</c><2></c>"
00:03:44.074,00:03:45.108,-1,0,"<2></c><1>yattoyatto</c><3>yattokizuita</c><2></c>"
00:03:45.108,00:03:45.475,-1,0,"<2></c><1>yattoyattoyat</c><3>tokizuita</c><2></c>"
00:03:45.475,00:03:46.143,-1,0,"<2></c><1>yattoyattoyatto</c><3>kizuita</c><2></c>"
00:03:46.143,00:03:46.510,-1,0,"<2></c><1>yattoyattoyattoki</c><3>zuita</c><2></c>"
00:03:46.510,00:03:46.710,-1,0,"<2></c><1>yattoyattoyattokizu</c><3>ita</c><2></c>"
00:03:46.710,00:03:46.910,-1,0,"<2></c><1>yattoyattoyattokizui</c><3>ta</c><2></c>"
00:03:46.910,00:03:47.978,-1,0,"<2></c><1>yattoyattoyattokizuita</c><2></c>"
00:03:47.978,00:03:48.345,-1,0,"<2></c><1>i</c><3>ppofumidasouima</c><2></c>"
00:03:47.978,00:03:54.318,72,92,"<2></c><4>Thathelpstakeabigleaponceagain</c><2></c>"
00:03:48.345,00:03:48.512,-1,0,"<2></c><1>ip</c><3>pofumidasouima</c><2></c>"
00:03:48.512,00:03:49.012,-1,0,"<2></c><1>ippo</c><3>fumidasouima</c><2></c>"
00:03:49.012,00:03:49.213,-1,0,"<2></c><1>ippofu</c><3>midasouima</c><2></c>"
00:03:49.213,00:03:49.680,-1,0,"<2></c><1>ippofumi</c><3>dasouima</c><2></c>"
00:03:49.680,00:03:49.913,-1,0,"<2></c><1>ippofumida</c><3>souima</c><2></c>"
00:03:49.913,00:03:50.080,-1,0,"<2></c><1>ippofumidaso</c><3>uima</c><2></c>"
00:03:50.080,00:03:52.182,-1,0,"<2></c><1>ippofumidasou</c><3>ima</c><2></c>"
00:03:52.182,00:03:52.549,-1,0,"<2></c><1>ippofumidasoui</c><3>ma</c><2></c>"
00:03:52.549,00:03:54.318,-1,0,"<2></c><1>ippofumidasouima</c><2></c>"
00:03:54.318,00:03:55.085,73,0,"<2></c><1>ko</c><3>noookinasekaideagaiteitabokuwa</c><2></c>"
00:03:54.318,00:04:06.330,98,92,"<2></c><4>Inthisvastuniverse</c><1></c><4>everydayisastrugglefor</c><1></c><4>I</c><1></c><2></c>"
00:03:55.085,00:03:55.752,73,0,"<2></c><1>kono</c><3>ookinasekaideagaiteitabokuwa</c><2></c>"
00:03:55.752,00:03:56.153,73,0,"<2></c><1>konoo</c><3>okinasekaideagaiteitabokuwa</c><2></c>"
00:03:56.153,00:03:56.787,73,0,"<2></c><1>konooo</c><3>kinasekaideagaiteitabokuwa</c><2></c>"
00:03:56.787,00:03:56.987,73,0,"<2></c><1>konoooki</c><3>nasekaideagaiteitabokuwa</c><2></c>"
00:03:56.987,00:03:58.255,73,0,"<2></c><1>konoookina</c><3>sekaideagaiteitabokuwa</c><2></c>"
00:03:58.255,00:03:58.589,73,0,"<2></c><1>konoookinase</c><3>kaideagaiteitabokuwa</c><2></c>"
00:03:58.589,00:03:59.623,73,0,"<2></c><1>konoookinaseka</c><3>ideagaiteitabokuwa</c><2></c>"
00:03:59.623,00:03:59.823,73,0,"<2></c><1>konoookinasekai</c><3>deagaiteitabokuwa</c><2></c>"
00:03:59.823,00:04:01.058,73,0,"<2></c><1>konoookinasekaide</c><3>agaiteitabokuwa</c><2></c>"
00:04:01.058,00:04:01.391,73,0,"<2></c><1>konoookinasekaidea</c><3>gaiteitabokuwa</c><2></c>"
00:04:01.391,00:04:01.792,73,0,"<2></c><1>konoookinasekaideaga</c><3>iteitabokuwa</c><2></c>"
00:04:01.792,00:04:02.125,73,0,"<2></c><1>konoookinasekaideagai</c><3>teitabokuwa</c><2></c>"
00:04:02.125,00:04:02.359,73,0,"<2></c><1>konoookinasekaideagaite</c><3>itabokuwa</c><2></c>"
00:04:02.359,00:04:02.492,73,0,"<2></c><1>konoookinasekaideagaitei</c><3>tabokuwa</c><2></c>"
00:04:02.492,00:04:03.193,73,0,"<2></c><1>konoookinasekaideagaiteita</c><3>bokuwa</c><2></c>"
00:04:03.193,00:04:03.527,73,0,"<2></c><1>konoookinasekaideagaiteitabo</c><3>kuwa</c><2></c>"
00:04:03.527,00:04:03.894,73,0,"<2></c><1>konoookinasekaideagaiteitaboku</c><3>wa</c><2></c>"
00:04:03.894,00:04:06.330,73,0,"<2></c><1>konoookinasekaideagaiteitabokuwa</c><2></c>"
00:04:06.330,00:04:06.697,67,0,"<2></c><1>so</c><3>redemomaeomuitearuitekunda</c><2></c>"
00:04:06.330,00:04:16.907,78,92,"<2></c><4>Butnowisthetimetokeepforgingahead</c><2></c>"
00:04:06.697,00:04:07.731,67,0,"<2></c><1>sore</c><3>demomaeomuitearuitekunda</c><2></c>"
00:04:07.731,00:04:08.131,67,0,"<2></c><1>sorede</c><3>momaeomuitearuitekunda</c><2></c>"
00:04:08.131,00:04:09.132,67,0,"<2></c><1>soredemo</c><3>maeomuitearuitekunda</c><2></c>"
00:04:09.132,00:04:09.466,67,0,"<2></c><1>soredemoma</c><3>eomuitearuitekunda</c><2></c>"
00:04:09.466,00:04:10.200,67,0,"<2></c><1>soredemomae</c><3>omuitearuitekunda</c><2></c>"
00:04:10.200,00:04:10.567,67,0,"<2></c><1>soredemomaeo</c><3>muitearuitekunda</c><2></c>"
00:04:10.567,00:04:10.734,67,0,"<2></c><1>soredemomaeomu</c><3>itearuitekunda</c><2></c>"
00:04:10.734,00:04:10.934,67,0,"<2></c><1>soredemomaeomui</c><3>tearuitekunda</c><2></c>"
00:04:10.934,00:04:11.935,67,0,"<2></c><1>soredemomaeomuite</c><3>aruitekunda</c><2></c>"
00:04:11.935,00:04:12.369,67,0,"<2></c><1>soredemomaeomuitea</c><3>ruitekunda</c><2></c>"
00:04:12.369,00:04:13.070,67,0,"<2></c><1>soredemomaeomuitearu</c><3>itekunda</c><2></c>"
00:04:13.070,00:04:13.403,67,0,"<2></c><1>soredemomaeomuitearui</c><3>tekunda</c><2></c>"
00:04:13.403,00:04:13.737,67,0,"<2></c><1>soredemomaeomuitearuite</c><3>kunda</c><2></c>"
00:04:13.737,00:04:14.438,67,0,"<2></c><1>soredemomaeomuitearuiteku</c><3>nda</c><2></c>"
00:04:14.438,00:04:15.138,67,0,"<2></c><1>soredemomaeomuitearuitekun</c><3>da</c><2></c>"
00:04:15.138,00:04:16.907,67,0,"<2></c><1>soredemomaeomuitearuitekunda</c><2></c>"
00:04:16.907,00:04:17.608,80,0,"<2></c><1>no</c><3>basutenonakaniwanozonda</c><4></c><3>mirai</c><4></c><2></c>"
00:04:16.907,00:04:28.885,83,92,"<2></c><4>Becausemyoutstretchedhandfinallyreached</c><2></c>"
00:04:17.608,00:04:18.342,80,0,"<2></c><1>noba</c><3>sutenonakaniwanozonda</c><4></c><3>mirai</c><4></c><2></c>"
00:04:18.342,00:04:19.409,80,0,"<2></c><1>nobasu</c><3>tenonakaniwanozonda</c><4></c><3>mirai</c><4></c><2></c>"
00:04:19.409,00:04:19.576,80,0,"<2></c><1>nobasute</c><3>nonakaniwanozonda</c><4></c><3>mirai</c><4></c><2></c>"
00:04:19.576,00:04:20.811,80,0,"<2></c><1>nobasuteno</c><3>nakaniwanozonda</c><4></c><3>mirai</c><4></c><2></c>"
00:04:20.811,00:04:21.144,80,0,"<2></c><1>nobasutenona</c><3>kaniwanozonda</c><4></c><3>mirai</c><4></c><2></c>"
00:04:21.144,00:04:22.212,80,0,"<2></c><1>nobasutenonaka</c><3>niwanozonda</c><4></c><3>mirai</c><4></c><2></c>"
00:04:22.212,00:04:22.412,80,0,"<2></c><1>nobasutenonakani</c><3>wanozonda</c><4></c><3>mirai</c><4></c><2></c>"
00:04:22.412,00:04:23.647,80,0,"<2></c><1>nobasutenonakaniwa</c><3>nozonda</c><4></c><3>mirai</c><4></c><2></c>"
00:04:23.647,00:04:23.947,80,0,"<2></c><1>nobasutenonakaniwano</c><3>zonda</c><4></c><3>mirai</c><4></c><2></c>"
00:04:23.947,00:04:24.448,80,0,"<2></c><1>nobasutenonakaniwanozo</c><3>nda</c><4></c><3>mirai</c><4></c><2></c>"
00:04:24.448,00:04:24.681,80,0,"<2></c><1>nobasutenonakaniwanozon</c><3>da</c><4></c><3>mirai</c><4></c><2></c>"
00:04:24.681,00:04:25.382,78,0,"<2></c><1>nobasutenonakaniwanozonda</c><4></c><3>mirai</c><4></c><2></c>"
00:04:25.382,00:04:26.083,80,0,"<2></c><1>nobasutenonakaniwanozonda</c><4></c><1>mi</c><3>rai</c><4></c><2></c>"
00:04:26.083,00:04:26.650,80,0,"<2></c><1>nobasutenonakaniwanozonda</c><4></c><1>mira</c><3>i</c><4></c><2></c>"
00:04:26.650,00:04:28.885,78,0,"<2></c><1>nobasutenonakaniwanozonda</c><4></c><1>mirai</c><4></c><2></c>"
00:04:28.885,00:04:29.253,-1,0,"<2></c><1>yat</c><3>totodoitanda</c><2></c>"
00:04:28.885,00:04:33.523,77,92,"<2></c><4>Thefutureithasalwayswantedtograsp</c><2></c>"
00:04:29.253,00:04:30.287,-1,0,"<2></c><1>yatto</c><3>todoitanda</c><2></c>"
00:04:30.287,00:04:30.687,-1,0,"<2></c><1>yattoto</c><3>doitanda</c><2></c>"
00:04:30.687,00:04:31.255,-1,0,"<2></c><1>yattotodo</c><3>itanda</c><2></c>"
00:04:31.255,00:04:31.555,-1,0,"<2></c><1>yattotodoi</c><3>tanda</c><2></c>"
00:04:31.555,00:04:32.055,-1,0,"<2></c><1>yattotodoita</c><3>nda</c><2></c>"
00:04:32.055,00:04:32.222,-1,0,"<2></c><1>yattotodoitan</c><3>da</c><2></c>"
00:04:32.222,00:04:33.523,-1,0,"<2></c><1>yattotodoitanda</c><2></c>"
00:04:33.523,00:04:33.690,72,0,"<2></c><1>bo</c><3>kuranomiraiwakokokarahajimaru</c><2></c>"
00:04:33.523,00:04:42.666,-1,92,"<2></c><4>Ourstorywillbeginanew</c><2></c>"
00:04:33.690,00:04:33.857,72,0,"<2></c><1>boku</c><3>ranomiraiwakokokarahajimaru</c><2></c>"
00:04:33.857,00:04:34.224,72,0,"<2></c><1>bokura</c><3>nomiraiwakokokarahajimaru</c><2></c>"
00:04:34.224,00:04:34.391,72,0,"<2></c><1>bokurano</c><3>miraiwakokokarahajimaru</c><2></c>"
00:04:34.391,00:04:34.758,72,0,"<2></c><1>bokuranomi</c><3>raiwakokokarahajimaru</c><2></c>"
00:04:34.758,00:04:34.925,72,0,"<2></c><1>bokuranomira</c><3>iwakokokarahajimaru</c><2></c>"
00:04:34.925,00:04:35.125,72,0,"<2></c><1>bokuranomirai</c><3>wakokokarahajimaru</c><2></c>"
00:04:35.125,00:04:39.162,72,0,"<2></c><1>bokuranomiraiwa</c><3>kokokarahajimaru</c><2></c>"
00:04:39.162,00:04:39.329,72,0,"<2></c><1>bokuranomiraiwako</c><3>kokarahajimaru</c><2></c>"
00:04:39.329,00:04:39.529,72,0,"<2></c><1>bokuranomiraiwakoko</c><3>karahajimaru</c><2></c>"
00:04:39.529,00:04:39.863,72,0,"<2></c><1>bokuranomiraiwakokoka</c><3>rahajimaru</c><2></c>"
00:04:39.863,00:04:40.097,72,0,"<2></c><1>bokuranomiraiwakokokara</c><3>hajimaru</c><2></c>"
00:04:40.097,00:04:40.364,72,0,"<2></c><1>bokuranomiraiwakokokaraha</c><3>jimaru</c><2></c>"
00:04:40.364,00:04:40.564,72,0,"<2></c><1>bokuranomiraiwakokokarahaji</c><3>maru</c><2></c>"
00:04:40.564,00:04:40.764,72,0,"<2></c><1>bokuranomiraiwakokokarahajima</c><3>ru</c><2></c>"
00:04:40.764,00:04:42.666,72,0,"<2></c><1>bokuranomiraiwakokokarahajimaru</c><2></c>"
00:04:57.914,00:05:03.553,-1,0,"<2></c><4>TsunomakiProductionteam</c><2></c>"
