start,end,position,line,text
00:00:26.276,00:00:26.744,72,0,"<3></c><4>do</c><9>ushiteanohiasondauminonioiwa</c><3></c>"
00:00:26.276,00:00:26.744,72,0,"<3></c><4>do</c><9>ushiteanohiasondauminonioiwa</c><3></c>"
00:00:26.276,00:00:39.790,77,-1,"<3></c><4>Whydoestheoceanscentofdaysgoneby</c><3></c>"
00:00:26.276,00:00:39.790,77,-1,"<3></c><4>Whydoestheoceanscentofdaysgoneby</c><3></c>"
00:00:26.744,00:00:27.411,72,0,"<3></c><4>dou</c><9>shiteanohiasondauminonioiwa</c><3></c>"
00:00:26.744,00:00:27.411,72,0,"<3></c><4>dou</c><9>shiteanohiasondauminonioiwa</c><3></c>"
00:00:27.411,00:00:27.778,72,0,"<3></c><4>doushi</c><9>teanohiasondauminonioiwa</c><3></c>"
00:00:27.411,00:00:27.778,72,0,"<3></c><4>doushi</c><9>teanohiasondauminonioiwa</c><3></c>"
00:00:27.778,00:00:30.114,72,0,"<3></c><4>doushite</c><9>anohiasondauminonioiwa</c><3></c>"
00:00:27.778,00:00:30.114,72,0,"<3></c><4>doushite</c><9>anohiasondauminonioiwa</c><3></c>"
00:00:30.114,00:00:30.547,72,0,"<3></c><4>doushitea</c><9>nohiasondauminonioiwa</c><3></c>"
00:00:30.114,00:00:30.547,72,0,"<3></c><4>doushitea</c><9>nohiasondauminonioiwa</c><3></c>"
00:00:30.547,00:00:30.981,72,0,"<3></c><4>doushiteano</c><9>hiasondauminonioiwa</c><3></c>"
00:00:30.547,00:00:30.981,72,0,"<3></c><4>doushiteano</c><9>hiasondauminonioiwa</c><3></c>"
00:00:30.981,00:00:31.382,72,0,"<3></c><4>doushiteanohi</c><9>asondauminonioiwa</c><3></c>"
00:00:30.981,00:00:31.382,72,0,"<3></c><4>doushiteanohi</c><9>asondauminonioiwa</c><3></c>"
00:00:31.382,00:00:31.849,72,0,"<3></c><4>doushiteanohia</c><9>sondauminonioiwa</c><3></c>"
00:00:31.382,00:00:31.849,72,0,"<3></c><4>doushiteanohia</c><9>sondauminonioiwa</c><3></c>"
00:00:31.849,00:00:32.216,72,0,"<3></c><4>doushiteanohiaso</c><9>ndauminonioiwa</c><3></c>"
00:00:31.849,00:00:32.216,72,0,"<3></c><4>doushiteanohiaso</c><9>ndauminonioiwa</c><3></c>"
00:00:32.216,00:00:32.649,72,0,"<3></c><4>doushiteanohiason</c><9>dauminonioiwa</c><3></c>"
00:00:32.216,00:00:32.649,72,0,"<3></c><4>doushiteanohiason</c><9>dauminonioiwa</c><3></c>"
00:00:32.649,00:00:33.050,72,0,"<3></c><4>doushiteanohiasonda</c><9>uminonioiwa</c><3></c>"
00:00:32.649,00:00:33.050,72,0,"<3></c><4>doushiteanohiasonda</c><9>uminonioiwa</c><3></c>"
00:00:33.050,00:00:34.251,72,0,"<3></c><4>doushiteanohiasondau</c><9>minonioiwa</c><3></c>"
00:00:33.050,00:00:34.251,72,0,"<3></c><4>doushiteanohiasondau</c><9>minonioiwa</c><3></c>"
00:00:34.251,00:00:34.651,72,0,"<3></c><4>doushiteanohiasondaumi</c><9>nonioiwa</c><3></c>"
00:00:34.251,00:00:34.651,72,0,"<3></c><4>doushiteanohiasondaumi</c><9>nonioiwa</c><3></c>"
00:00:34.651,00:00:36.020,72,0,"<3></c><4>doushiteanohiasondaumino</c><9>nioiwa</c><3></c>"
00:00:34.651,00:00:36.020,72,0,"<3></c><4>doushiteanohiasondaumino</c><9>nioiwa</c><3></c>"
00:00:36.020,00:00:36.286,72,0,"<3></c><4>doushiteanohiasondauminoni</c><9>oiwa</c><3></c>"
00:00:36.020,00:00:36.286,72,0,"<3></c><4>doushiteanohiasondauminoni</c><9>oiwa</c><3></c>"
00:00:36.286,00:00:37.588,72,0,"<3></c><4>doushiteanohiasondauminonio</c><9>iwa</c><3></c>"
00:00:36.286,00:00:37.588,72,0,"<3></c><4>doushiteanohiasondauminonio</c><9>iwa</c><3></c>"
00:00:37.588,00:00:37.888,72,0,"<3></c><4>doushiteanohiasondauminonioi</c><9>wa</c><3></c>"
00:00:37.588,00:00:37.888,72,0,"<3></c><4>doushiteanohiasondauminonioi</c><9>wa</c><3></c>"
00:00:37.888,00:00:39.790,72,0,"<3></c><4>doushiteanohiasondauminonioiwa</c><3></c>"
00:00:37.888,00:00:39.790,72,0,"<3></c><4>doushiteanohiasondauminonioiwa</c><3></c>"
00:00:39.790,00:00:40.257,78,0,"<3></c><4>do</c><9>ushitesugirukisetsunikieteshimauno</c><3></c>"
00:00:39.790,00:00:40.257,78,0,"<3></c><4>do</c><9>ushitesugirukisetsunikieteshimauno</c><3></c>"
00:00:39.790,00:00:52.836,73,-1,"<3></c><4>Vanishalongwiththechangingseasons</c><3></c>"
00:00:39.790,00:00:52.836,73,-1,"<3></c><4>Vanishalongwiththechangingseasons</c><3></c>"
00:00:40.257,00:00:41.125,78,0,"<3></c><4>dou</c><9>shitesugirukisetsunikieteshimauno</c><3></c>"
00:00:40.257,00:00:41.125,78,0,"<3></c><4>dou</c><9>shitesugirukisetsunikieteshimauno</c><3></c>"
00:00:41.125,00:00:41.325,78,0,"<3></c><4>doushi</c><9>tesugirukisetsunikieteshimauno</c><3></c>"
00:00:41.125,00:00:41.325,78,0,"<3></c><4>doushi</c><9>tesugirukisetsunikieteshimauno</c><3></c>"
00:00:41.325,00:00:43.660,78,0,"<3></c><4>doushite</c><9>sugirukisetsunikieteshimauno</c><3></c>"
00:00:41.325,00:00:43.660,78,0,"<3></c><4>doushite</c><9>sugirukisetsunikieteshimauno</c><3></c>"
00:00:43.660,00:00:44.028,78,0,"<3></c><4>doushitesu</c><9>girukisetsunikieteshimauno</c><3></c>"
00:00:43.660,00:00:44.028,78,0,"<3></c><4>doushitesu</c><9>girukisetsunikieteshimauno</c><3></c>"
00:00:44.028,00:00:44.461,78,0,"<3></c><4>doushitesugi</c><9>rukisetsunikieteshimauno</c><3></c>"
00:00:44.028,00:00:44.461,78,0,"<3></c><4>doushitesugi</c><9>rukisetsunikieteshimauno</c><3></c>"
00:00:44.461,00:00:44.862,78,0,"<3></c><4>doushitesugiru</c><9>kisetsunikieteshimauno</c><3></c>"
00:00:44.461,00:00:44.862,78,0,"<3></c><4>doushitesugiru</c><9>kisetsunikieteshimauno</c><3></c>"
00:00:44.862,00:00:45.362,78,0,"<3></c><4>doushitesugiruki</c><9>setsunikieteshimauno</c><3></c>"
00:00:44.862,00:00:45.362,78,0,"<3></c><4>doushitesugiruki</c><9>setsunikieteshimauno</c><3></c>"
00:00:45.362,00:00:45.796,78,0,"<3></c><4>doushitesugirukise</c><9>tsunikieteshimauno</c><3></c>"
00:00:45.362,00:00:45.796,78,0,"<3></c><4>doushitesugirukise</c><9>tsunikieteshimauno</c><3></c>"
00:00:45.796,00:00:46.196,78,0,"<3></c><4>doushitesugirukisetsu</c><9>nikieteshimauno</c><3></c>"
00:00:45.796,00:00:46.196,78,0,"<3></c><4>doushitesugirukisetsu</c><9>nikieteshimauno</c><3></c>"
00:00:46.196,00:00:46.663,78,0,"<3></c><4>doushitesugirukisetsuni</c><9>kieteshimauno</c><3></c>"
00:00:46.196,00:00:46.663,78,0,"<3></c><4>doushitesugirukisetsuni</c><9>kieteshimauno</c><3></c>"
00:00:46.663,00:00:47.831,78,0,"<3></c><4>doushitesugirukisetsuniki</c><9>eteshimauno</c><3></c>"
00:00:46.663,00:00:47.831,78,0,"<3></c><4>doushitesugirukisetsuniki</c><9>eteshimauno</c><3></c>"
00:00:47.831,00:00:48.265,78,0,"<3></c><4>doushitesugirukisetsunikie</c><9>teshimauno</c><3></c>"
00:00:47.831,00:00:48.265,78,0,"<3></c><4>doushitesugirukisetsunikie</c><9>teshimauno</c><3></c>"
00:00:48.265,00:00:49.833,78,0,"<3></c><4>doushitesugirukisetsunikiete</c><9>shimauno</c><3></c>"
00:00:48.265,00:00:49.833,78,0,"<3></c><4>doushitesugirukisetsunikiete</c><9>shimauno</c><3></c>"
00:00:49.833,00:00:50.567,78,0,"<3></c><4>doushitesugirukisetsunikieteshi</c><9>mauno</c><3></c>"
00:00:49.833,00:00:50.567,78,0,"<3></c><4>doushitesugirukisetsunikieteshi</c><9>mauno</c><3></c>"
00:00:50.567,00:00:51.335,78,0,"<3></c><4>doushitesugirukisetsunikieteshima</c><9>uno</c><3></c>"
00:00:50.567,00:00:51.335,78,0,"<3></c><4>doushitesugirukisetsunikieteshima</c><9>uno</c><3></c>"
00:00:51.335,00:00:52.069,78,0,"<3></c><4>doushitesugirukisetsunikieteshimau</c><9>no</c><3></c>"
00:00:51.335,00:00:52.069,78,0,"<3></c><4>doushitesugirukisetsunikieteshimau</c><9>no</c><3></c>"
00:00:52.069,00:00:52.836,78,0,"<3></c><4>doushitesugirukisetsunikieteshimauno</c><3></c>"
00:00:52.069,00:00:52.836,78,0,"<3></c><4>doushitesugirukisetsunikieteshimauno</c><3></c>"
00:00:52.836,00:00:53.137,56,0,"<3></c><4>ma</c><9>taonnajiutaoutautabi</c><3></c>"
00:00:52.836,00:00:53.137,56,0,"<3></c><4>ma</c><9>taonnajiutaoutautabi</c><3></c>"
00:00:52.836,00:00:59.676,59,-1,"<3></c><4>ButwhenIsingthesamesong</c><3></c>"
00:00:52.836,00:00:59.676,59,-1,"<3></c><4>ButwhenIsingthesamesong</c><3></c>"
00:00:53.137,00:00:53.337,56,0,"<3></c><4>mata</c><9>onnajiutaoutautabi</c><3></c>"
00:00:53.137,00:00:53.337,56,0,"<3></c><4>mata</c><9>onnajiutaoutautabi</c><3></c>"
00:00:53.337,00:00:53.837,56,0,"<3></c><4>matao</c><9>nnajiutaoutautabi</c><3></c>"
00:00:53.337,00:00:53.837,56,0,"<3></c><4>matao</c><9>nnajiutaoutautabi</c><3></c>"
00:00:53.837,00:00:54.204,56,0,"<3></c><4>mataon</c><9>najiutaoutautabi</c><3></c>"
00:00:53.837,00:00:54.204,56,0,"<3></c><4>mataon</c><9>najiutaoutautabi</c><3></c>"
00:00:54.204,00:00:54.772,56,0,"<3></c><4>mataonna</c><9>jiutaoutautabi</c><3></c>"
00:00:54.204,00:00:54.772,56,0,"<3></c><4>mataonna</c><9>jiutaoutautabi</c><3></c>"
00:00:54.772,00:00:55.039,56,0,"<3></c><4>mataonnaji</c><9>utaoutautabi</c><3></c>"
00:00:54.772,00:00:55.039,56,0,"<3></c><4>mataonnaji</c><9>utaoutautabi</c><3></c>"
00:00:55.039,00:00:55.305,56,0,"<3></c><4>mataonnajiu</c><9>taoutautabi</c><3></c>"
00:00:55.039,00:00:55.305,56,0,"<3></c><4>mataonnajiu</c><9>taoutautabi</c><3></c>"
00:00:55.305,00:00:55.739,56,0,"<3></c><4>mataonnajiuta</c><9>outautabi</c><3></c>"
00:00:55.305,00:00:55.739,56,0,"<3></c><4>mataonnajiuta</c><9>outautabi</c><3></c>"
00:00:55.739,00:00:57.508,56,0,"<3></c><4>mataonnajiutao</c><9>utautabi</c><3></c>"
00:00:55.739,00:00:57.508,56,0,"<3></c><4>mataonnajiutao</c><9>utautabi</c><3></c>"
00:00:57.508,00:00:58.142,56,0,"<3></c><4>mataonnajiutaou</c><9>tautabi</c><3></c>"
00:00:57.508,00:00:58.142,56,0,"<3></c><4>mataonnajiutaou</c><9>tautabi</c><3></c>"
00:00:58.142,00:00:58.442,56,0,"<3></c><4>mataonnajiutaouta</c><9>utabi</c><3></c>"
00:00:58.142,00:00:58.442,56,0,"<3></c><4>mataonnajiutaouta</c><9>utabi</c><3></c>"
00:00:58.442,00:00:58.575,56,0,"<3></c><4>mataonnajiutaoutau</c><9>tabi</c><3></c>"
00:00:58.442,00:00:58.575,56,0,"<3></c><4>mataonnajiutaoutau</c><9>tabi</c><3></c>"
00:00:58.575,00:00:59.043,56,0,"<3></c><4>mataonnajiutaoutauta</c><9>bi</c><3></c>"
00:00:58.575,00:00:59.043,56,0,"<3></c><4>mataonnajiutaoutauta</c><9>bi</c><3></c>"
00:00:59.043,00:00:59.676,56,0,"<3></c><4>mataonnajiutaoutautabi</c><3></c>"
00:00:59.043,00:00:59.676,56,0,"<3></c><4>mataonnajiutaoutautabi</c><3></c>"
00:00:59.676,00:00:59.843,-1,0,"<3></c><7>a</c><9>nataosasoudeshou</c><3></c>"
00:00:59.676,00:00:59.843,-1,0,"<3></c><7>a</c><9>nataosasoudeshou</c><3></c>"
00:00:59.676,00:01:05.682,59,-1,"<3></c><7>Iwillcallbacktoyouagain</c><3></c>"
00:00:59.676,00:01:05.682,59,-1,"<3></c><7>Iwillcallbacktoyouagain</c><3></c>"
00:00:59.843,00:01:00.044,-1,0,"<3></c><7>ana</c><9>taosasoudeshou</c><3></c>"
00:00:59.843,00:01:00.044,-1,0,"<3></c><7>ana</c><9>taosasoudeshou</c><3></c>"
00:01:00.044,00:01:00.844,-1,0,"<3></c><7>anata</c><9>osasoudeshou</c><3></c>"
00:01:00.044,00:01:00.844,-1,0,"<3></c><7>anata</c><9>osasoudeshou</c><3></c>"
00:01:00.844,00:01:01.645,-1,0,"<3></c><7>anatao</c><9>sasoudeshou</c><3></c>"
00:01:00.844,00:01:01.645,-1,0,"<3></c><7>anatao</c><9>sasoudeshou</c><3></c>"
00:01:01.645,00:01:02.446,-1,0,"<3></c><7>anataosa</c><9>soudeshou</c><3></c>"
00:01:01.645,00:01:02.446,-1,0,"<3></c><7>anataosa</c><9>soudeshou</c><3></c>"
00:01:02.446,00:01:03.313,-1,0,"<3></c><7>anataosaso</c><9>udeshou</c><3></c>"
00:01:02.446,00:01:03.313,-1,0,"<3></c><7>anataosaso</c><9>udeshou</c><3></c>"
00:01:03.313,00:01:03.747,-1,0,"<3></c><7>anataosasou</c><9>deshou</c><3></c>"
00:01:03.313,00:01:03.747,-1,0,"<3></c><7>anataosasou</c><9>deshou</c><3></c>"
00:01:03.747,00:01:04.148,-1,0,"<3></c><7>anataosasoude</c><9>shou</c><3></c>"
00:01:03.747,00:01:04.148,-1,0,"<3></c><7>anataosasoude</c><9>shou</c><3></c>"
00:01:04.148,00:01:04.515,-1,0,"<3></c><7>anataosasoudesho</c><9>u</c><3></c>"
00:01:04.148,00:01:04.515,-1,0,"<3></c><7>anataosasoudesho</c><9>u</c><3></c>"
00:01:04.515,00:01:05.682,-1,0,"<3></c><7>anataosasoudeshou</c><3></c>"
00:01:04.515,00:01:05.682,-1,0,"<3></c><7>anataosasoudeshou</c><3></c>"
00:01:07.384,00:01:07.851,56,0,"<3></c><9>shi</c><5>njirareru?shinjirareru?</c><3></c>"
00:01:07.384,00:01:07.851,56,0,"<3></c><9>shi</c><5>njirareru?shinjirareru?</c><3></c>"
00:01:07.384,00:01:13.390,75,-1,"<3></c><9>Canyoubelieveit?Canyoubelieveit?</c><3></c>"
00:01:07.384,00:01:13.390,75,-1,"<3></c><9>Canyoubelieveit?Canyoubelieveit?</c><3></c>"
00:01:07.851,00:01:08.218,56,0,"<3></c><9>shin</c><5>jirareru?shinjirareru?</c><3></c>"
00:01:07.851,00:01:08.218,56,0,"<3></c><9>shin</c><5>jirareru?shinjirareru?</c><3></c>"
00:01:08.218,00:01:08.619,56,0,"<3></c><9>shinji</c><5>rareru?shinjirareru?</c><3></c>"
00:01:08.218,00:01:08.619,56,0,"<3></c><9>shinji</c><5>rareru?shinjirareru?</c><3></c>"
00:01:08.619,00:01:09.019,56,0,"<3></c><9>shinjira</c><5>reru?shinjirareru?</c><3></c>"
00:01:08.619,00:01:09.019,56,0,"<3></c><9>shinjira</c><5>reru?shinjirareru?</c><3></c>"
00:01:09.019,00:01:09.486,56,0,"<3></c><9>shinjirare</c><5>ru?shinjirareru?</c><3></c>"
00:01:09.019,00:01:09.486,56,0,"<3></c><9>shinjirare</c><5>ru?shinjirareru?</c><3></c>"
00:01:09.486,00:01:10.721,56,0,"<3></c><9>shinjirareru?</c><5>shinjirareru?</c><3></c>"
00:01:09.486,00:01:10.721,56,0,"<3></c><9>shinjirareru?</c><5>shinjirareru?</c><3></c>"
00:01:10.721,00:01:11.121,56,0,"<3></c><9>shinjirareru?shi</c><5>njirareru?</c><3></c>"
00:01:10.721,00:01:11.121,56,0,"<3></c><9>shinjirareru?shi</c><5>njirareru?</c><3></c>"
00:01:11.121,00:01:11.488,56,0,"<3></c><9>shinjirareru?shin</c><5>jirareru?</c><3></c>"
00:01:11.121,00:01:11.488,56,0,"<3></c><9>shinjirareru?shin</c><5>jirareru?</c><3></c>"
00:01:11.488,00:01:11.922,56,0,"<3></c><9>shinjirareru?shinji</c><5>rareru?</c><3></c>"
00:01:11.488,00:01:11.922,56,0,"<3></c><9>shinjirareru?shinji</c><5>rareru?</c><3></c>"
00:01:11.922,00:01:12.356,56,0,"<3></c><9>shinjirareru?shinjira</c><5>reru?</c><3></c>"
00:01:11.922,00:01:12.356,56,0,"<3></c><9>shinjirareru?shinjira</c><5>reru?</c><3></c>"
00:01:12.356,00:01:12.756,56,0,"<3></c><9>shinjirareru?shinjirare</c><5>ru?</c><3></c>"
00:01:12.356,00:01:12.756,56,0,"<3></c><9>shinjirareru?shinjirare</c><5>ru?</c><3></c>"
00:01:12.756,00:01:13.390,56,0,"<3></c><9>shinjirareru?shinjirareru?</c><3></c>"
00:01:12.756,00:01:13.390,56,0,"<3></c><9>shinjirareru?shinjirareru?</c><3></c>"
00:01:13.390,00:01:13.757,64,0,"<3></c><9>a</c><5>nohoshiakariouminohirosao</c><3></c>"
00:01:13.390,00:01:13.757,64,0,"<3></c><9>a</c><5>nohoshiakariouminohirosao</c><3></c>"
00:01:13.390,00:01:20.531,72,-1,"<3></c><9>Believehowvastthestarlitoceanis</c><3></c>"
00:01:13.390,00:01:20.531,72,-1,"<3></c><9>Believehowvastthestarlitoceanis</c><3></c>"
00:01:13.757,00:01:13.957,64,0,"<3></c><9>ano</c><5>hoshiakariouminohirosao</c><3></c>"
00:01:13.757,00:01:13.957,64,0,"<3></c><9>ano</c><5>hoshiakariouminohirosao</c><3></c>"
00:01:13.957,00:01:14.691,64,0,"<3></c><9>anoho</c><5>shiakariouminohirosao</c><3></c>"
00:01:13.957,00:01:14.691,64,0,"<3></c><9>anoho</c><5>shiakariouminohirosao</c><3></c>"
00:01:14.691,00:01:15.159,64,0,"<3></c><9>anohoshi</c><5>akariouminohirosao</c><3></c>"
00:01:14.691,00:01:15.159,64,0,"<3></c><9>anohoshi</c><5>akariouminohirosao</c><3></c>"
00:01:15.159,00:01:15.526,64,0,"<3></c><9>anohoshia</c><5>kariouminohirosao</c><3></c>"
00:01:15.159,00:01:15.526,64,0,"<3></c><9>anohoshia</c><5>kariouminohirosao</c><3></c>"
00:01:15.526,00:01:16.393,64,0,"<3></c><9>anohoshiaka</c><5>riouminohirosao</c><3></c>"
00:01:15.526,00:01:16.393,64,0,"<3></c><9>anohoshiaka</c><5>riouminohirosao</c><3></c>"
00:01:16.393,00:01:16.593,64,0,"<3></c><9>anohoshiakari</c><5>ouminohirosao</c><3></c>"
00:01:16.393,00:01:16.593,64,0,"<3></c><9>anohoshiakari</c><5>ouminohirosao</c><3></c>"
00:01:16.593,00:01:17.628,64,0,"<3></c><9>anohoshiakario</c><5>uminohirosao</c><3></c>"
00:01:16.593,00:01:17.628,64,0,"<3></c><9>anohoshiakario</c><5>uminohirosao</c><3></c>"
00:01:17.628,00:01:18.062,64,0,"<3></c><9>anohoshiakariou</c><5>minohirosao</c><3></c>"
00:01:17.628,00:01:18.062,64,0,"<3></c><9>anohoshiakariou</c><5>minohirosao</c><3></c>"
00:01:18.062,00:01:18.395,64,0,"<3></c><9>anohoshiakarioumi</c><5>nohirosao</c><3></c>"
00:01:18.062,00:01:18.395,64,0,"<3></c><9>anohoshiakarioumi</c><5>nohirosao</c><3></c>"
00:01:18.395,00:01:18.796,64,0,"<3></c><9>anohoshiakarioumino</c><5>hirosao</c><3></c>"
00:01:18.395,00:01:18.796,64,0,"<3></c><9>anohoshiakarioumino</c><5>hirosao</c><3></c>"
00:01:18.796,00:01:19.263,64,0,"<3></c><9>anohoshiakariouminohi</c><5>rosao</c><3></c>"
00:01:18.796,00:01:19.263,64,0,"<3></c><9>anohoshiakariouminohi</c><5>rosao</c><3></c>"
00:01:19.263,00:01:19.663,64,0,"<3></c><9>anohoshiakariouminohiro</c><5>sao</c><3></c>"
00:01:19.263,00:01:19.663,64,0,"<3></c><9>anohoshiakariouminohiro</c><5>sao</c><3></c>"
00:01:19.663,00:01:20.097,64,0,"<3></c><9>anohoshiakariouminohirosa</c><5>o</c><3></c>"
00:01:19.663,00:01:20.097,64,0,"<3></c><9>anohoshiakariouminohirosa</c><5>o</c><3></c>"
00:01:20.097,00:01:20.531,64,0,"<3></c><9>anohoshiakariouminohirosao</c><3></c>"
00:01:20.097,00:01:20.531,64,0,"<3></c><9>anohoshiakariouminohirosao</c><3></c>"
00:01:20.531,00:01:20.964,63,0,"<3></c><9>shi</c><5>njirareru?shinjirarerukai?</c><3></c>"
00:01:20.531,00:01:20.964,63,0,"<3></c><9>shi</c><5>njirareru?shinjirarerukai?</c><3></c>"
00:01:20.531,00:01:27.104,88,-1,"<3></c><9>Canyoubelieveit?Canyoubelieveitthough?</c><3></c>"
00:01:20.531,00:01:27.104,88,-1,"<3></c><9>Canyoubelieveit?Canyoubelieveitthough?</c><3></c>"
00:01:20.964,00:01:21.298,63,0,"<3></c><9>shin</c><5>jirareru?shinjirarerukai?</c><3></c>"
00:01:20.964,00:01:21.298,63,0,"<3></c><9>shin</c><5>jirareru?shinjirarerukai?</c><3></c>"
00:01:21.298,00:01:21.732,63,0,"<3></c><9>shinji</c><5>rareru?shinjirarerukai?</c><3></c>"
00:01:21.298,00:01:21.732,63,0,"<3></c><9>shinji</c><5>rareru?shinjirarerukai?</c><3></c>"
00:01:21.732,00:01:22.132,63,0,"<3></c><9>shinjira</c><5>reru?shinjirarerukai?</c><3></c>"
00:01:21.732,00:01:22.132,63,0,"<3></c><9>shinjira</c><5>reru?shinjirarerukai?</c><3></c>"
00:01:22.132,00:01:22.566,63,0,"<3></c><9>shinjirare</c><5>ru?shinjirarerukai?</c><3></c>"
00:01:22.132,00:01:22.566,63,0,"<3></c><9>shinjirare</c><5>ru?shinjirarerukai?</c><3></c>"
00:01:22.566,00:01:23.834,63,0,"<3></c><9>shinjirareru?</c><5>shinjirarerukai?</c><3></c>"
00:01:22.566,00:01:23.834,63,0,"<3></c><9>shinjirareru?</c><5>shinjirarerukai?</c><3></c>"
00:01:23.834,00:01:24.234,63,0,"<3></c><9>shinjirareru?shi</c><5>njirarerukai?</c><3></c>"
00:01:23.834,00:01:24.234,63,0,"<3></c><9>shinjirareru?shi</c><5>njirarerukai?</c><3></c>"
00:01:24.234,00:01:24.635,63,0,"<3></c><9>shinjirareru?shin</c><5>jirarerukai?</c><3></c>"
00:01:24.234,00:01:24.635,63,0,"<3></c><9>shinjirareru?shin</c><5>jirarerukai?</c><3></c>"
00:01:24.635,00:01:25.069,63,0,"<3></c><9>shinjirareru?shinji</c><5>rarerukai?</c><3></c>"
00:01:24.635,00:01:25.069,63,0,"<3></c><9>shinjirareru?shinji</c><5>rarerukai?</c><3></c>"
00:01:25.069,00:01:25.436,63,0,"<3></c><9>shinjirareru?shinjira</c><5>rerukai?</c><3></c>"
00:01:25.069,00:01:25.436,63,0,"<3></c><9>shinjirareru?shinjira</c><5>rerukai?</c><3></c>"
00:01:25.436,00:01:25.903,63,0,"<3></c><9>shinjirareru?shinjirare</c><5>rukai?</c><3></c>"
00:01:25.436,00:01:25.903,63,0,"<3></c><9>shinjirareru?shinjirare</c><5>rukai?</c><3></c>"
00:01:25.903,00:01:26.470,63,0,"<3></c><9>shinjirareru?shinjirareru</c><5>kai?</c><3></c>"
00:01:25.903,00:01:26.470,63,0,"<3></c><9>shinjirareru?shinjirareru</c><5>kai?</c><3></c>"
00:01:26.470,00:01:26.837,63,0,"<3></c><9>shinjirareru?shinjirareruka</c><5>i?</c><3></c>"
00:01:26.470,00:01:26.837,63,0,"<3></c><9>shinjirareru?shinjirareruka</c><5>i?</c><3></c>"
00:01:26.837,00:01:27.104,63,0,"<3></c><9>shinjirareru?shinjirarerukai?</c><3></c>"
00:01:26.837,00:01:27.104,63,0,"<3></c><9>shinjirareru?shinjirarerukai?</c><3></c>"
00:01:27.104,00:01:27.438,59,0,"<3></c><9>a</c><5>saomatsukonohanenifuku</c><3></c>"
00:01:27.104,00:01:27.438,59,0,"<3></c><9>a</c><5>saomatsukonohanenifuku</c><3></c>"
00:01:27.104,00:01:32.943,73,-1,"<3></c><9>Buoyingmywingsastheywaitfordawn</c><3></c>"
00:01:27.104,00:01:32.943,73,-1,"<3></c><9>Buoyingmywingsastheywaitfordawn</c><3></c>"
00:01:27.438,00:01:27.905,59,0,"<3></c><9>asa</c><5>omatsukonohanenifuku</c><3></c>"
00:01:27.438,00:01:27.905,59,0,"<3></c><9>asa</c><5>omatsukonohanenifuku</c><3></c>"
00:01:27.905,00:01:28.338,59,0,"<3></c><9>asao</c><5>matsukonohanenifuku</c><3></c>"
00:01:27.905,00:01:28.338,59,0,"<3></c><9>asao</c><5>matsukonohanenifuku</c><3></c>"
00:01:28.338,00:01:28.705,59,0,"<3></c><9>asaoma</c><5>tsukonohanenifuku</c><3></c>"
00:01:28.338,00:01:28.705,59,0,"<3></c><9>asaoma</c><5>tsukonohanenifuku</c><3></c>"
00:01:28.705,00:01:29.773,59,0,"<3></c><9>asaomatsu</c><5>konohanenifuku</c><3></c>"
00:01:28.705,00:01:29.773,59,0,"<3></c><9>asaomatsu</c><5>konohanenifuku</c><3></c>"
00:01:29.773,00:01:30.107,59,0,"<3></c><9>asaomatsuko</c><5>nohanenifuku</c><3></c>"
00:01:29.773,00:01:30.107,59,0,"<3></c><9>asaomatsuko</c><5>nohanenifuku</c><3></c>"
00:01:30.107,00:01:30.307,59,0,"<3></c><9>asaomatsukono</c><5>hanenifuku</c><3></c>"
00:01:30.107,00:01:30.307,59,0,"<3></c><9>asaomatsukono</c><5>hanenifuku</c><3></c>"
00:01:30.307,00:01:30.707,59,0,"<3></c><9>asaomatsukonoha</c><5>nenifuku</c><3></c>"
00:01:30.307,00:01:30.707,59,0,"<3></c><9>asaomatsukonoha</c><5>nenifuku</c><3></c>"
00:01:30.707,00:01:31.175,59,0,"<3></c><9>asaomatsukonohane</c><5>nifuku</c><3></c>"
00:01:30.707,00:01:31.175,59,0,"<3></c><9>asaomatsukonohane</c><5>nifuku</c><3></c>"
00:01:31.175,00:01:31.642,59,0,"<3></c><9>asaomatsukonohaneni</c><5>fuku</c><3></c>"
00:01:31.175,00:01:31.642,59,0,"<3></c><9>asaomatsukonohaneni</c><5>fuku</c><3></c>"
00:01:31.642,00:01:32.076,59,0,"<3></c><9>asaomatsukonohanenifu</c><5>ku</c><3></c>"
00:01:31.642,00:01:32.076,59,0,"<3></c><9>asaomatsukonohanenifu</c><5>ku</c><3></c>"
00:01:32.076,00:01:32.943,59,0,"<3></c><9>asaomatsukonohanenifuku</c><3></c>"
00:01:32.076,00:01:32.943,59,0,"<3></c><9>asaomatsukonohanenifuku</c><3></c>"
00:01:32.943,00:01:33.377,-1,0,"<3></c><9>o</c><5>ikazenoizanausorao</c><3></c>"
00:01:32.943,00:01:33.377,-1,0,"<3></c><9>o</c><5>ikazenoizanausorao</c><3></c>"
00:01:32.943,00:01:43.120,61,-1,"<3></c><9>Atailwindbeckonedbythesky</c><3></c>"
00:01:32.943,00:01:43.120,61,-1,"<3></c><9>Atailwindbeckonedbythesky</c><3></c>"
00:01:33.377,00:01:33.677,-1,0,"<3></c><9>oi</c><5>kazenoizanausorao</c><3></c>"
00:01:33.377,00:01:33.677,-1,0,"<3></c><9>oi</c><5>kazenoizanausorao</c><3></c>"
00:01:33.677,00:01:34.044,-1,0,"<3></c><9>oika</c><5>zenoizanausorao</c><3></c>"
00:01:33.677,00:01:34.044,-1,0,"<3></c><9>oika</c><5>zenoizanausorao</c><3></c>"
00:01:34.044,00:01:34.344,-1,0,"<3></c><9>oikaze</c><5>noizanausorao</c><3></c>"
00:01:34.044,00:01:34.344,-1,0,"<3></c><9>oikaze</c><5>noizanausorao</c><3></c>"
00:01:34.344,00:01:35.312,-1,0,"<3></c><9>oikazeno</c><5>izanausorao</c><3></c>"
00:01:34.344,00:01:35.312,-1,0,"<3></c><9>oikazeno</c><5>izanausorao</c><3></c>"
00:01:35.312,00:01:35.712,-1,0,"<3></c><9>oikazenoi</c><5>zanausorao</c><3></c>"
00:01:35.312,00:01:35.712,-1,0,"<3></c><9>oikazenoi</c><5>zanausorao</c><3></c>"
00:01:35.712,00:01:36.013,-1,0,"<3></c><9>oikazenoiza</c><5>nausorao</c><3></c>"
00:01:35.712,00:01:36.013,-1,0,"<3></c><9>oikazenoiza</c><5>nausorao</c><3></c>"
00:01:36.013,00:01:36.380,-1,0,"<3></c><9>oikazenoizana</c><5>usorao</c><3></c>"
00:01:36.013,00:01:36.380,-1,0,"<3></c><9>oikazenoizana</c><5>usorao</c><3></c>"
00:01:36.380,00:01:37.381,-1,0,"<3></c><9>oikazenoizanau</c><5>sorao</c><3></c>"
00:01:36.380,00:01:37.381,-1,0,"<3></c><9>oikazenoizanau</c><5>sorao</c><3></c>"
00:01:37.381,00:01:37.915,-1,0,"<3></c><9>oikazenoizanauso</c><5>rao</c><3></c>"
00:01:37.381,00:01:37.915,-1,0,"<3></c><9>oikazenoizanauso</c><5>rao</c><3></c>"
00:01:37.915,00:01:38.348,-1,0,"<3></c><9>oikazenoizanausora</c><5>o</c><3></c>"
00:01:37.915,00:01:38.348,-1,0,"<3></c><9>oikazenoizanausora</c><5>o</c><3></c>"
00:01:38.348,00:01:43.120,-1,0,"<3></c><9>oikazenoizanausorao</c><3></c>"
00:01:38.348,00:01:43.120,-1,0,"<3></c><9>oikazenoizanausorao</c><3></c>"
00:01:43.487,00:01:49.960,-1,0,"<3></c><9>Ado-SekainoTsuzuki</c><3></c><9>TheWorld'sContinuation</c><3></c>"
00:01:43.487,00:01:49.960,-1,0,"<3></c><9>Ado-SekainoTsuzuki</c><3></c><9>TheWorld'sContinuation</c><3></c>"
00:01:43.487,00:01:46.757,58,-1,"<3></c><9>Lyrics&amp;Music:YutaOrisaka</c><3></c>"
00:01:43.487,00:01:46.757,58,-1,"<3></c><9>Lyrics&amp;Music:YutaOrisaka</c><3></c>"
00:01:46.757,00:01:49.960,61,-1,"<3></c><9>Arrangement:DaisukeKawaguchi</c><3></c>"
00:01:46.757,00:01:49.960,61,-1,"<3></c><9>Arrangement:DaisukeKawaguchi</c><3></c>"
00:01:49.960,00:01:53.197,-1,-1,"<3></c><9>Mix:Yoshiken</c><3></c>"
00:01:49.960,00:01:53.197,-1,-1,"<3></c><9>Mix:Yoshiken</c><3></c>"
00:01:53.197,00:01:56.400,-1,-1,"<3></c><9>Art:QUASARCAKE</c><3></c>"
00:01:53.197,00:01:56.400,-1,-1,"<3></c><9>Art:QUASARCAKE</c><3></c>"
00:01:56.400,00:01:59.570,-1,-1,"<3></c><9>MV:bumblingbeebo</c><3></c>"
00:01:56.400,00:01:59.570,-1,-1,"<3></c><9>MV:bumblingbeebo</c><3></c>"
00:01:59.570,00:02:02.739,81,-1,"<3></c><9>Original:Ado(UtafromONEPIECEFILMRED)</c><3></c><9>Vocals:MoriCalliope</c><3></c>"
00:01:59.570,00:02:02.739,81,-1,"<3></c><9>Original:Ado(UtafromONEPIECEFILMRED)</c><3></c><9>Vocals:MoriCalliope</c><3></c>"
00:02:02.739,00:02:03.107,75,0,"<3></c><2>do</c><9>ushitekawarukotonakumietaegaowa</c><3></c>"
00:02:02.739,00:02:03.107,75,0,"<3></c><2>do</c><9>ushitekawarukotonakumietaegaowa</c><3></c>"
00:02:02.739,00:02:15.385,81,-1,"<3></c><2>Whydoesthesmilethatalwayscametomind</c><3></c>"
00:02:02.739,00:02:15.385,81,-1,"<3></c><2>Whydoesthesmilethatalwayscametomind</c><3></c>"
00:02:03.107,00:02:03.907,75,0,"<3></c><2>dou</c><9>shitekawarukotonakumietaegaowa</c><3></c>"
00:02:03.107,00:02:03.907,75,0,"<3></c><2>dou</c><9>shitekawarukotonakumietaegaowa</c><3></c>"
00:02:03.907,00:02:04.141,75,0,"<3></c><2>doushi</c><9>tekawarukotonakumietaegaowa</c><3></c>"
00:02:03.907,00:02:04.141,75,0,"<3></c><2>doushi</c><9>tekawarukotonakumietaegaowa</c><3></c>"
00:02:04.141,00:02:06.276,75,0,"<3></c><2>doushite</c><9>kawarukotonakumietaegaowa</c><3></c>"
00:02:04.141,00:02:06.276,75,0,"<3></c><2>doushite</c><9>kawarukotonakumietaegaowa</c><3></c>"
00:02:06.276,00:02:06.710,75,0,"<3></c><2>doushiteka</c><9>warukotonakumietaegaowa</c><3></c>"
00:02:06.276,00:02:06.710,75,0,"<3></c><2>doushiteka</c><9>warukotonakumietaegaowa</c><3></c>"
00:02:06.710,00:02:07.077,75,0,"<3></c><2>doushitekawa</c><9>rukotonakumietaegaowa</c><3></c>"
00:02:06.710,00:02:07.077,75,0,"<3></c><2>doushitekawa</c><9>rukotonakumietaegaowa</c><3></c>"
00:02:07.077,00:02:07.478,75,0,"<3></c><2>doushitekawaru</c><9>kotonakumietaegaowa</c><3></c>"
00:02:07.077,00:02:07.478,75,0,"<3></c><2>doushitekawaru</c><9>kotonakumietaegaowa</c><3></c>"
00:02:07.478,00:02:07.878,75,0,"<3></c><2>doushitekawaruko</c><9>tonakumietaegaowa</c><3></c>"
00:02:07.478,00:02:07.878,75,0,"<3></c><2>doushitekawaruko</c><9>tonakumietaegaowa</c><3></c>"
00:02:07.878,00:02:08.278,75,0,"<3></c><2>doushitekawarukoto</c><9>nakumietaegaowa</c><3></c>"
00:02:07.878,00:02:08.278,75,0,"<3></c><2>doushitekawarukoto</c><9>nakumietaegaowa</c><3></c>"
00:02:08.278,00:02:08.712,75,0,"<3></c><2>doushitekawarukotona</c><9>kumietaegaowa</c><3></c>"
00:02:08.278,00:02:08.712,75,0,"<3></c><2>doushitekawarukotona</c><9>kumietaegaowa</c><3></c>"
00:02:08.712,00:02:09.146,75,0,"<3></c><2>doushitekawarukotonaku</c><9>mietaegaowa</c><3></c>"
00:02:08.712,00:02:09.146,75,0,"<3></c><2>doushitekawarukotonaku</c><9>mietaegaowa</c><3></c>"
00:02:09.146,00:02:10.147,75,0,"<3></c><2>doushitekawarukotonakumi</c><9>etaegaowa</c><3></c>"
00:02:09.146,00:02:10.147,75,0,"<3></c><2>doushitekawarukotonakumi</c><9>etaegaowa</c><3></c>"
00:02:10.147,00:02:10.547,75,0,"<3></c><2>doushitekawarukotonakumie</c><9>taegaowa</c><3></c>"
00:02:10.147,00:02:10.547,75,0,"<3></c><2>doushitekawarukotonakumie</c><9>taegaowa</c><3></c>"
00:02:10.547,00:02:11.849,75,0,"<3></c><2>doushitekawarukotonakumieta</c><9>egaowa</c><3></c>"
00:02:10.547,00:02:11.849,75,0,"<3></c><2>doushitekawarukotonakumieta</c><9>egaowa</c><3></c>"
00:02:11.849,00:02:12.082,75,0,"<3></c><2>doushitekawarukotonakumietae</c><9>gaowa</c><3></c>"
00:02:11.849,00:02:12.082,75,0,"<3></c><2>doushitekawarukotonakumietae</c><9>gaowa</c><3></c>"
00:02:12.082,00:02:13.417,75,0,"<3></c><2>doushitekawarukotonakumietaega</c><9>owa</c><3></c>"
00:02:12.082,00:02:13.417,75,0,"<3></c><2>doushitekawarukotonakumietaega</c><9>owa</c><3></c>"
00:02:13.417,00:02:13.650,75,0,"<3></c><2>doushitekawarukotonakumietaegao</c><9>wa</c><3></c>"
00:02:13.417,00:02:13.650,75,0,"<3></c><2>doushitekawarukotonakumietaegao</c><9>wa</c><3></c>"
00:02:13.650,00:02:15.385,75,0,"<3></c><2>doushitekawarukotonakumietaegaowa</c><3></c>"
00:02:13.650,00:02:15.385,75,0,"<3></c><2>doushitekawarukotonakumietaegaowa</c><3></c>"
00:02:15.385,00:02:15.786,78,0,"<3></c><2>do</c><9>ushiteyoserunaminikakureteshimauno</c><3></c>"
00:02:15.385,00:02:15.786,78,0,"<3></c><2>do</c><9>ushiteyoserunaminikakureteshimauno</c><3></c>"
00:02:15.385,00:02:27.531,61,-1,"<3></c><2>Vanishintotheoncomingwaves</c><3></c>"
00:02:15.385,00:02:27.531,61,-1,"<3></c><2>Vanishintotheoncomingwaves</c><3></c>"
00:02:15.786,00:02:16.587,78,0,"<3></c><2>dou</c><9>shiteyoserunaminikakureteshimauno</c><3></c>"
00:02:15.786,00:02:16.587,78,0,"<3></c><2>dou</c><9>shiteyoserunaminikakureteshimauno</c><3></c>"
00:02:16.587,00:02:16.753,78,0,"<3></c><2>doushi</c><9>teyoserunaminikakureteshimauno</c><3></c>"
00:02:16.587,00:02:16.753,78,0,"<3></c><2>doushi</c><9>teyoserunaminikakureteshimauno</c><3></c>"
00:02:16.753,00:02:18.856,78,0,"<3></c><2>doushite</c><9>yoserunaminikakureteshimauno</c><3></c>"
00:02:16.753,00:02:18.856,78,0,"<3></c><2>doushite</c><9>yoserunaminikakureteshimauno</c><3></c>"
00:02:18.856,00:02:19.323,78,0,"<3></c><2>doushiteyo</c><9>serunaminikakureteshimauno</c><3></c>"
00:02:18.856,00:02:19.323,78,0,"<3></c><2>doushiteyo</c><9>serunaminikakureteshimauno</c><3></c>"
00:02:19.323,00:02:19.723,78,0,"<3></c><2>doushiteyose</c><9>runaminikakureteshimauno</c><3></c>"
00:02:19.323,00:02:19.723,78,0,"<3></c><2>doushiteyose</c><9>runaminikakureteshimauno</c><3></c>"
00:02:19.723,00:02:20.157,78,0,"<3></c><2>doushiteyoseru</c><9>naminikakureteshimauno</c><3></c>"
00:02:19.723,00:02:20.157,78,0,"<3></c><2>doushiteyoseru</c><9>naminikakureteshimauno</c><3></c>"
00:02:20.157,00:02:20.557,78,0,"<3></c><2>doushiteyoseruna</c><9>minikakureteshimauno</c><3></c>"
00:02:20.157,00:02:20.557,78,0,"<3></c><2>doushiteyoseruna</c><9>minikakureteshimauno</c><3></c>"
00:02:20.557,00:02:20.924,78,0,"<3></c><2>doushiteyoserunami</c><9>nikakureteshimauno</c><3></c>"
00:02:20.557,00:02:20.924,78,0,"<3></c><2>doushiteyoserunami</c><9>nikakureteshimauno</c><3></c>"
00:02:20.924,00:02:21.325,78,0,"<3></c><2>doushiteyoserunamini</c><9>kakureteshimauno</c><3></c>"
00:02:20.924,00:02:21.325,78,0,"<3></c><2>doushiteyoserunamini</c><9>kakureteshimauno</c><3></c>"
00:02:21.325,00:02:21.692,78,0,"<3></c><2>doushiteyoserunaminika</c><9>kureteshimauno</c><3></c>"
00:02:21.325,00:02:21.692,78,0,"<3></c><2>doushiteyoserunaminika</c><9>kureteshimauno</c><3></c>"
00:02:21.692,00:02:22.893,78,0,"<3></c><2>doushiteyoserunaminikaku</c><9>reteshimauno</c><3></c>"
00:02:21.692,00:02:22.893,78,0,"<3></c><2>doushiteyoserunaminikaku</c><9>reteshimauno</c><3></c>"
00:02:22.893,00:02:23.160,78,0,"<3></c><2>doushiteyoserunaminikakure</c><9>teshimauno</c><3></c>"
00:02:22.893,00:02:23.160,78,0,"<3></c><2>doushiteyoserunaminikakure</c><9>teshimauno</c><3></c>"
00:02:23.160,00:02:24.495,78,0,"<3></c><2>doushiteyoserunaminikakurete</c><9>shimauno</c><3></c>"
00:02:23.160,00:02:24.495,78,0,"<3></c><2>doushiteyoserunaminikakurete</c><9>shimauno</c><3></c>"
00:02:24.495,00:02:24.695,78,0,"<3></c><2>doushiteyoserunaminikakureteshi</c><9>mauno</c><3></c>"
00:02:24.495,00:02:24.695,78,0,"<3></c><2>doushiteyoserunaminikakureteshi</c><9>mauno</c><3></c>"
00:02:24.695,00:02:26.063,78,0,"<3></c><2>doushiteyoserunaminikakureteshima</c><9>uno</c><3></c>"
00:02:24.695,00:02:26.063,78,0,"<3></c><2>doushiteyoserunaminikakureteshima</c><9>uno</c><3></c>"
00:02:26.063,00:02:26.230,78,0,"<3></c><2>doushiteyoserunaminikakureteshimau</c><9>no</c><3></c>"
00:02:26.063,00:02:26.230,78,0,"<3></c><2>doushiteyoserunaminikakureteshimau</c><9>no</c><3></c>"
00:02:26.230,00:02:27.531,78,0,"<3></c><2>doushiteyoserunaminikakureteshimauno</c><3></c>"
00:02:26.230,00:02:27.531,78,0,"<3></c><2>doushiteyoserunaminikakureteshimauno</c><3></c>"
00:02:27.531,00:02:27.831,56,0,"<3></c><2>ma</c><9>taonnajiutaoutautabi</c><3></c>"
00:02:27.531,00:02:27.831,56,0,"<3></c><2>ma</c><9>taonnajiutaoutautabi</c><3></c>"
00:02:27.531,00:02:33.971,59,-1,"<3></c><2>ButwhenIsingthesamesong</c><3></c>"
00:02:27.531,00:02:33.971,59,-1,"<3></c><2>ButwhenIsingthesamesong</c><3></c>"
00:02:27.831,00:02:27.998,56,0,"<3></c><2>mata</c><9>onnajiutaoutautabi</c><3></c>"
00:02:27.831,00:02:27.998,56,0,"<3></c><2>mata</c><9>onnajiutaoutautabi</c><3></c>"
00:02:27.998,00:02:28.432,56,0,"<3></c><2>matao</c><9>nnajiutaoutautabi</c><3></c>"
00:02:27.998,00:02:28.432,56,0,"<3></c><2>matao</c><9>nnajiutaoutautabi</c><3></c>"
00:02:28.432,00:02:28.799,56,0,"<3></c><2>mataon</c><9>najiutaoutautabi</c><3></c>"
00:02:28.432,00:02:28.799,56,0,"<3></c><2>mataon</c><9>najiutaoutautabi</c><3></c>"
00:02:28.799,00:02:29.333,56,0,"<3></c><2>mataonna</c><9>jiutaoutautabi</c><3></c>"
00:02:28.799,00:02:29.333,56,0,"<3></c><2>mataonna</c><9>jiutaoutautabi</c><3></c>"
00:02:29.333,00:02:29.633,56,0,"<3></c><2>mataonnaji</c><9>utaoutautabi</c><3></c>"
00:02:29.333,00:02:29.633,56,0,"<3></c><2>mataonnaji</c><9>utaoutautabi</c><3></c>"
00:02:29.633,00:02:29.900,56,0,"<3></c><2>mataonnajiu</c><9>taoutautabi</c><3></c>"
00:02:29.633,00:02:29.900,56,0,"<3></c><2>mataonnajiu</c><9>taoutautabi</c><3></c>"
00:02:29.900,00:02:30.267,56,0,"<3></c><2>mataonnajiuta</c><9>outautabi</c><3></c>"
00:02:29.900,00:02:30.267,56,0,"<3></c><2>mataonnajiuta</c><9>outautabi</c><3></c>"
00:02:30.267,00:02:31.935,56,0,"<3></c><2>mataonnajiutao</c><9>utautabi</c><3></c>"
00:02:30.267,00:02:31.935,56,0,"<3></c><2>mataonnajiutao</c><9>utautabi</c><3></c>"
00:02:31.935,00:02:32.536,56,0,"<3></c><2>mataonnajiutaou</c><9>tautabi</c><3></c>"
00:02:31.935,00:02:32.536,56,0,"<3></c><2>mataonnajiutaou</c><9>tautabi</c><3></c>"
00:02:32.536,00:02:32.769,56,0,"<3></c><2>mataonnajiutaouta</c><9>utabi</c><3></c>"
00:02:32.536,00:02:32.769,56,0,"<3></c><2>mataonnajiutaouta</c><9>utabi</c><3></c>"
00:02:32.769,00:02:33.003,56,0,"<3></c><2>mataonnajiutaoutau</c><9>tabi</c><3></c>"
00:02:32.769,00:02:33.003,56,0,"<3></c><2>mataonnajiutaoutau</c><9>tabi</c><3></c>"
00:02:33.003,00:02:33.403,56,0,"<3></c><2>mataonnajiutaoutauta</c><9>bi</c><3></c>"
00:02:33.003,00:02:33.403,56,0,"<3></c><2>mataonnajiutaoutauta</c><9>bi</c><3></c>"
00:02:33.403,00:02:33.971,56,0,"<3></c><2>mataonnajiutaoutautabi</c><3></c>"
00:02:33.403,00:02:33.971,56,0,"<3></c><2>mataonnajiutaoutautabi</c><3></c>"
00:02:33.971,00:02:34.138,-1,0,"<3></c><2>a</c><9>nataoomoudeshou</c><3></c>"
00:02:33.971,00:02:34.138,-1,0,"<3></c><2>a</c><9>nataoomoudeshou</c><3></c>"
00:02:33.971,00:02:40.644,61,-1,"<3></c><2>Iwillthinkbacktoyouagain</c><3></c>"
00:02:33.971,00:02:40.644,61,-1,"<3></c><2>Iwillthinkbacktoyouagain</c><3></c>"
00:02:34.138,00:02:34.338,-1,0,"<3></c><2>ana</c><9>taoomoudeshou</c><3></c>"
00:02:34.138,00:02:34.338,-1,0,"<3></c><2>ana</c><9>taoomoudeshou</c><3></c>"
00:02:34.338,00:02:35.072,-1,0,"<3></c><2>anata</c><9>oomoudeshou</c><3></c>"
00:02:34.338,00:02:35.072,-1,0,"<3></c><2>anata</c><9>oomoudeshou</c><3></c>"
00:02:35.072,00:02:35.906,-1,0,"<3></c><2>anatao</c><9>omoudeshou</c><3></c>"
00:02:35.072,00:02:35.906,-1,0,"<3></c><2>anatao</c><9>omoudeshou</c><3></c>"
00:02:35.906,00:02:36.673,-1,0,"<3></c><2>anataoo</c><9>moudeshou</c><3></c>"
00:02:35.906,00:02:36.673,-1,0,"<3></c><2>anataoo</c><9>moudeshou</c><3></c>"
00:02:36.673,00:02:37.474,-1,0,"<3></c><2>anataoomo</c><9>udeshou</c><3></c>"
00:02:36.673,00:02:37.474,-1,0,"<3></c><2>anataoomo</c><9>udeshou</c><3></c>"
00:02:37.474,00:02:37.875,-1,0,"<3></c><2>anataoomou</c><9>deshou</c><3></c>"
00:02:37.474,00:02:37.875,-1,0,"<3></c><2>anataoomou</c><9>deshou</c><3></c>"
00:02:37.875,00:02:38.275,-1,0,"<3></c><2>anataoomoude</c><9>shou</c><3></c>"
00:02:37.875,00:02:38.275,-1,0,"<3></c><2>anataoomoude</c><9>shou</c><3></c>"
00:02:38.275,00:02:38.642,-1,0,"<3></c><2>anataoomoudesho</c><9>u</c><3></c>"
00:02:38.275,00:02:38.642,-1,0,"<3></c><2>anataoomoudesho</c><9>u</c><3></c>"
00:02:38.642,00:02:40.644,-1,0,"<3></c><2>anataoomoudeshou</c><3></c>"
00:02:38.642,00:02:40.644,-1,0,"<3></c><2>anataoomoudeshou</c><3></c>"
00:02:40.644,00:02:41.111,-1,0,"<3></c><2>shi</c><9>njitemirushinjitemiru</c><3></c>"
00:02:40.644,00:02:41.111,-1,0,"<3></c><2>shi</c><9>njitemirushinjitemiru</c><3></c>"
00:02:40.644,00:02:46.450,77,-1,"<3></c><2>I'lltrytobelieveI'lltrytobelieve</c><3></c>"
00:02:40.644,00:02:46.450,77,-1,"<3></c><2>I'lltrytobelieveI'lltrytobelieve</c><3></c>"
00:02:41.111,00:02:41.512,-1,0,"<3></c><2>shin</c><9>jitemirushinjitemiru</c><3></c>"
00:02:41.111,00:02:41.512,-1,0,"<3></c><2>shin</c><9>jitemirushinjitemiru</c><3></c>"
00:02:41.512,00:02:41.812,-1,0,"<3></c><2>shinji</c><9>temirushinjitemiru</c><3></c>"
00:02:41.512,00:02:41.812,-1,0,"<3></c><2>shinji</c><9>temirushinjitemiru</c><3></c>"
00:02:41.812,00:02:42.212,-1,0,"<3></c><2>shinjite</c><9>mirushinjitemiru</c><3></c>"
00:02:41.812,00:02:42.212,-1,0,"<3></c><2>shinjite</c><9>mirushinjitemiru</c><3></c>"
00:02:42.212,00:02:42.613,-1,0,"<3></c><2>shinjitemi</c><9>rushinjitemiru</c><3></c>"
00:02:42.212,00:02:42.613,-1,0,"<3></c><2>shinjitemi</c><9>rushinjitemiru</c><3></c>"
00:02:42.613,00:02:43.814,-1,0,"<3></c><2>shinjitemiru</c><9>shinjitemiru</c><3></c>"
00:02:42.613,00:02:43.814,-1,0,"<3></c><2>shinjitemiru</c><9>shinjitemiru</c><3></c>"
00:02:43.814,00:02:44.248,-1,0,"<3></c><2>shinjitemirushi</c><9>njitemiru</c><3></c>"
00:02:43.814,00:02:44.248,-1,0,"<3></c><2>shinjitemirushi</c><9>njitemiru</c><3></c>"
00:02:44.248,00:02:44.548,-1,0,"<3></c><2>shinjitemirushin</c><9>jitemiru</c><3></c>"
00:02:44.248,00:02:44.548,-1,0,"<3></c><2>shinjitemirushin</c><9>jitemiru</c><3></c>"
00:02:44.548,00:02:45.015,-1,0,"<3></c><2>shinjitemirushinji</c><9>temiru</c><3></c>"
00:02:44.548,00:02:45.015,-1,0,"<3></c><2>shinjitemirushinji</c><9>temiru</c><3></c>"
00:02:45.015,00:02:45.382,-1,0,"<3></c><2>shinjitemirushinjite</c><9>miru</c><3></c>"
00:02:45.015,00:02:45.382,-1,0,"<3></c><2>shinjitemirushinjite</c><9>miru</c><3></c>"
00:02:45.382,00:02:45.782,-1,0,"<3></c><2>shinjitemirushinjitemi</c><9>ru</c><3></c>"
00:02:45.382,00:02:45.782,-1,0,"<3></c><2>shinjitemirushinjitemi</c><9>ru</c><3></c>"
00:02:45.782,00:02:46.450,-1,0,"<3></c><2>shinjitemirushinjitemiru</c><3></c>"
00:02:45.782,00:02:46.450,-1,0,"<3></c><2>shinjitemirushinjitemiru</c><3></c>"
00:02:46.450,00:02:46.850,73,0,"<3></c><2>ko</c><9>nomichinohatedeteofurukimio</c><3></c>"
00:02:46.450,00:02:46.850,73,0,"<3></c><2>ko</c><9>nomichinohatedeteofurukimio</c><3></c>"
00:02:46.450,00:02:53.290,94,-1,"<3></c><2>Believeinyouwavingtomeattheendofthisroad</c><3></c>"
00:02:46.450,00:02:53.290,94,-1,"<3></c><2>Believeinyouwavingtomeattheendofthisroad</c><3></c>"
00:02:46.850,00:02:47.050,73,0,"<3></c><2>kono</c><9>michinohatedeteofurukimio</c><3></c>"
00:02:46.850,00:02:47.050,73,0,"<3></c><2>kono</c><9>michinohatedeteofurukimio</c><3></c>"
00:02:47.050,00:02:47.751,73,0,"<3></c><2>konomi</c><9>chinohatedeteofurukimio</c><3></c>"
00:02:47.050,00:02:47.751,73,0,"<3></c><2>konomi</c><9>chinohatedeteofurukimio</c><3></c>"
00:02:47.751,00:02:48.152,73,0,"<3></c><2>konomichi</c><9>nohatedeteofurukimio</c><3></c>"
00:02:47.751,00:02:48.152,73,0,"<3></c><2>konomichi</c><9>nohatedeteofurukimio</c><3></c>"
00:02:48.152,00:02:48.552,73,0,"<3></c><2>konomichino</c><9>hatedeteofurukimio</c><3></c>"
00:02:48.152,00:02:48.552,73,0,"<3></c><2>konomichino</c><9>hatedeteofurukimio</c><3></c>"
00:02:48.552,00:02:49.319,73,0,"<3></c><2>konomichinoha</c><9>tedeteofurukimio</c><3></c>"
00:02:48.552,00:02:49.319,73,0,"<3></c><2>konomichinoha</c><9>tedeteofurukimio</c><3></c>"
00:02:49.319,00:02:49.586,73,0,"<3></c><2>konomichinohate</c><9>deteofurukimio</c><3></c>"
00:02:49.319,00:02:49.586,73,0,"<3></c><2>konomichinohate</c><9>deteofurukimio</c><3></c>"
00:02:49.586,00:02:50.521,73,0,"<3></c><2>konomichinohatede</c><9>teofurukimio</c><3></c>"
00:02:49.586,00:02:50.521,73,0,"<3></c><2>konomichinohatede</c><9>teofurukimio</c><3></c>"
00:02:50.521,00:02:50.888,73,0,"<3></c><2>konomichinohatedete</c><9>ofurukimio</c><3></c>"
00:02:50.521,00:02:50.888,73,0,"<3></c><2>konomichinohatedete</c><9>ofurukimio</c><3></c>"
00:02:50.888,00:02:51.321,73,0,"<3></c><2>konomichinohatedeteo</c><9>furukimio</c><3></c>"
00:02:50.888,00:02:51.321,73,0,"<3></c><2>konomichinohatedeteo</c><9>furukimio</c><3></c>"
00:02:51.321,00:02:51.688,73,0,"<3></c><2>konomichinohatedeteofu</c><9>rukimio</c><3></c>"
00:02:51.321,00:02:51.688,73,0,"<3></c><2>konomichinohatedeteofu</c><9>rukimio</c><3></c>"
00:02:51.688,00:02:52.089,73,0,"<3></c><2>konomichinohatedeteofuru</c><9>kimio</c><3></c>"
00:02:51.688,00:02:52.089,73,0,"<3></c><2>konomichinohatedeteofuru</c><9>kimio</c><3></c>"
00:02:52.089,00:02:52.523,73,0,"<3></c><2>konomichinohatedeteofuruki</c><9>mio</c><3></c>"
00:02:52.089,00:02:52.523,73,0,"<3></c><2>konomichinohatedeteofuruki</c><9>mio</c><3></c>"
00:02:52.523,00:02:52.856,73,0,"<3></c><2>konomichinohatedeteofurukimi</c><9>o</c><3></c>"
00:02:52.523,00:02:52.856,73,0,"<3></c><2>konomichinohatedeteofurukimi</c><9>o</c><3></c>"
00:02:52.856,00:02:53.290,73,0,"<3></c><2>konomichinohatedeteofurukimio</c><3></c>"
00:02:52.856,00:02:53.290,73,0,"<3></c><2>konomichinohatedeteofurukimio</c><3></c>"
00:02:53.290,00:02:53.757,58,0,"<3></c><2>shi</c><9>njitemirushinjitemirunda</c><3></c>"
00:02:53.290,00:02:53.757,58,0,"<3></c><2>shi</c><9>njitemirushinjitemirunda</c><3></c>"
00:02:53.290,00:02:59.596,77,-1,"<3></c><2>I'lltrytobelieveI'lltrytobelieve</c><3></c>"
00:02:53.290,00:02:59.596,77,-1,"<3></c><2>I'lltrytobelieveI'lltrytobelieve</c><3></c>"
00:02:53.757,00:02:54.057,58,0,"<3></c><2>shin</c><9>jitemirushinjitemirunda</c><3></c>"
00:02:53.757,00:02:54.057,58,0,"<3></c><2>shin</c><9>jitemirushinjitemirunda</c><3></c>"
00:02:54.057,00:02:54.458,58,0,"<3></c><2>shinji</c><9>temirushinjitemirunda</c><3></c>"
00:02:54.057,00:02:54.458,58,0,"<3></c><2>shinji</c><9>temirushinjitemirunda</c><3></c>"
00:02:54.458,00:02:54.858,58,0,"<3></c><2>shinjite</c><9>mirushinjitemirunda</c><3></c>"
00:02:54.458,00:02:54.858,58,0,"<3></c><2>shinjite</c><9>mirushinjitemirunda</c><3></c>"
00:02:54.858,00:02:55.292,58,0,"<3></c><2>shinjitemi</c><9>rushinjitemirunda</c><3></c>"
00:02:54.858,00:02:55.292,58,0,"<3></c><2>shinjitemi</c><9>rushinjitemirunda</c><3></c>"
00:02:55.292,00:02:56.426,58,0,"<3></c><2>shinjitemiru</c><9>shinjitemirunda</c><3></c>"
00:02:55.292,00:02:56.426,58,0,"<3></c><2>shinjitemiru</c><9>shinjitemirunda</c><3></c>"
00:02:56.426,00:02:56.827,58,0,"<3></c><2>shinjitemirushi</c><9>njitemirunda</c><3></c>"
00:02:56.426,00:02:56.827,58,0,"<3></c><2>shinjitemirushi</c><9>njitemirunda</c><3></c>"
00:02:56.827,00:02:57.161,58,0,"<3></c><2>shinjitemirushin</c><9>jitemirunda</c><3></c>"
00:02:56.827,00:02:57.161,58,0,"<3></c><2>shinjitemirushin</c><9>jitemirunda</c><3></c>"
00:02:57.161,00:02:57.628,58,0,"<3></c><2>shinjitemirushinji</c><9>temirunda</c><3></c>"
00:02:57.161,00:02:57.628,58,0,"<3></c><2>shinjitemirushinji</c><9>temirunda</c><3></c>"
00:02:57.628,00:02:57.995,58,0,"<3></c><2>shinjitemirushinjite</c><9>mirunda</c><3></c>"
00:02:57.628,00:02:57.995,58,0,"<3></c><2>shinjitemirushinjite</c><9>mirunda</c><3></c>"
00:02:57.995,00:02:58.462,58,0,"<3></c><2>shinjitemirushinjitemi</c><9>runda</c><3></c>"
00:02:57.995,00:02:58.462,58,0,"<3></c><2>shinjitemirushinjitemi</c><9>runda</c><3></c>"
00:02:58.462,00:02:58.829,58,0,"<3></c><2>shinjitemirushinjitemiru</c><9>nda</c><3></c>"
00:02:58.462,00:02:58.829,58,0,"<3></c><2>shinjitemirushinjitemiru</c><9>nda</c><3></c>"
00:02:58.829,00:02:59.263,58,0,"<3></c><2>shinjitemirushinjitemirun</c><9>da</c><3></c>"
00:02:58.829,00:02:59.263,58,0,"<3></c><2>shinjitemirushinjitemirun</c><9>da</c><3></c>"
00:02:59.263,00:02:59.596,58,0,"<3></c><2>shinjitemirushinjitemirunda</c><3></c>"
00:02:59.263,00:02:59.596,58,0,"<3></c><2>shinjitemirushinjitemirunda</c><3></c>"
00:02:59.596,00:03:00.030,59,0,"<3></c><1>ko</c><9>noutawawatashinoutato</c><3></c>"
00:02:59.596,00:03:00.030,59,0,"<3></c><1>ko</c><9>noutawawatashinoutato</c><3></c>"
00:02:59.596,00:03:05.335,58,-1,"<3></c><1>Thatthissongbelongstome</c><3></c>"
00:02:59.596,00:03:05.335,58,-1,"<3></c><1>Thatthissongbelongstome</c><3></c>"
00:03:00.030,00:03:00.397,59,0,"<3></c><1>kono</c><9>utawawatashinoutato</c><3></c>"
00:03:00.030,00:03:00.397,59,0,"<3></c><1>kono</c><9>utawawatashinoutato</c><3></c>"
00:03:00.397,00:03:00.797,59,0,"<3></c><1>konou</c><9>tawawatashinoutato</c><3></c>"
00:03:00.397,00:03:00.797,59,0,"<3></c><1>konou</c><9>tawawatashinoutato</c><3></c>"
00:03:00.797,00:03:01.198,59,0,"<3></c><1>konouta</c><9>wawatashinoutato</c><3></c>"
00:03:00.797,00:03:01.198,59,0,"<3></c><1>konouta</c><9>wawatashinoutato</c><3></c>"
00:03:01.198,00:03:02.266,59,0,"<3></c><1>konoutawa</c><9>watashinoutato</c><3></c>"
00:03:01.198,00:03:02.266,59,0,"<3></c><1>konoutawa</c><9>watashinoutato</c><3></c>"
00:03:02.266,00:03:02.533,59,0,"<3></c><1>konoutawawa</c><9>tashinoutato</c><3></c>"
00:03:02.266,00:03:02.533,59,0,"<3></c><1>konoutawawa</c><9>tashinoutato</c><3></c>"
00:03:02.533,00:03:02.799,59,0,"<3></c><1>konoutawawata</c><9>shinoutato</c><3></c>"
00:03:02.533,00:03:02.799,59,0,"<3></c><1>konoutawawata</c><9>shinoutato</c><3></c>"
00:03:02.799,00:03:03.167,59,0,"<3></c><1>konoutawawatashi</c><9>noutato</c><3></c>"
00:03:02.799,00:03:03.167,59,0,"<3></c><1>konoutawawatashi</c><9>noutato</c><3></c>"
00:03:03.167,00:03:03.567,59,0,"<3></c><1>konoutawawatashino</c><9>utato</c><3></c>"
00:03:03.167,00:03:03.567,59,0,"<3></c><1>konoutawawatashino</c><9>utato</c><3></c>"
00:03:03.567,00:03:03.967,59,0,"<3></c><1>konoutawawatashinou</c><9>tato</c><3></c>"
00:03:03.567,00:03:03.967,59,0,"<3></c><1>konoutawawatashinou</c><9>tato</c><3></c>"
00:03:03.967,00:03:04.334,59,0,"<3></c><1>konoutawawatashinouta</c><9>to</c><3></c>"
00:03:03.967,00:03:04.334,59,0,"<3></c><1>konoutawawatashinouta</c><9>to</c><3></c>"
00:03:04.334,00:03:05.335,59,0,"<3></c><1>konoutawawatashinoutato</c><3></c>"
00:03:04.334,00:03:05.335,59,0,"<3></c><1>konoutawawatashinoutato</c><3></c>"
00:03:05.335,00:03:05.702,59,0,"<3></c><1>ya</c><9>gateaukiminoyobukoeto</c><3></c>"
00:03:05.335,00:03:05.702,59,0,"<3></c><1>ya</c><9>gateaukiminoyobukoeto</c><3></c>"
00:03:05.335,00:03:13.810,95,-1,"<3></c><1>Andinthevoicethatwilleventuallycallyourname</c><3></c>"
00:03:05.335,00:03:13.810,95,-1,"<3></c><1>Andinthevoicethatwilleventuallycallyourname</c><3></c>"
00:03:05.702,00:03:05.936,59,0,"<3></c><1>yaga</c><9>teaukiminoyobukoeto</c><3></c>"
00:03:05.702,00:03:05.936,59,0,"<3></c><1>yaga</c><9>teaukiminoyobukoeto</c><3></c>"
00:03:05.936,00:03:06.336,59,0,"<3></c><1>yagate</c><9>aukiminoyobukoeto</c><3></c>"
00:03:05.936,00:03:06.336,59,0,"<3></c><1>yagate</c><9>aukiminoyobukoeto</c><3></c>"
00:03:06.336,00:03:06.637,59,0,"<3></c><1>yagatea</c><9>ukiminoyobukoeto</c><3></c>"
00:03:06.336,00:03:06.637,59,0,"<3></c><1>yagatea</c><9>ukiminoyobukoeto</c><3></c>"
00:03:06.637,00:03:07.337,59,0,"<3></c><1>yagateau</c><9>kiminoyobukoeto</c><3></c>"
00:03:06.637,00:03:07.337,59,0,"<3></c><1>yagateau</c><9>kiminoyobukoeto</c><3></c>"
00:03:07.337,00:03:07.504,59,0,"<3></c><1>yagateauki</c><9>minoyobukoeto</c><3></c>"
00:03:07.337,00:03:07.504,59,0,"<3></c><1>yagateauki</c><9>minoyobukoeto</c><3></c>"
00:03:07.504,00:03:07.938,59,0,"<3></c><1>yagateaukimi</c><9>noyobukoeto</c><3></c>"
00:03:07.504,00:03:07.938,59,0,"<3></c><1>yagateaukimi</c><9>noyobukoeto</c><3></c>"
00:03:07.938,00:03:08.238,59,0,"<3></c><1>yagateaukimino</c><9>yobukoeto</c><3></c>"
00:03:07.938,00:03:08.238,59,0,"<3></c><1>yagateaukimino</c><9>yobukoeto</c><3></c>"
00:03:08.238,00:03:08.572,59,0,"<3></c><1>yagateaukiminoyo</c><9>bukoeto</c><3></c>"
00:03:08.238,00:03:08.572,59,0,"<3></c><1>yagateaukiminoyo</c><9>bukoeto</c><3></c>"
00:03:08.572,00:03:09.373,59,0,"<3></c><1>yagateaukiminoyobu</c><9>koeto</c><3></c>"
00:03:08.572,00:03:09.373,59,0,"<3></c><1>yagateaukiminoyobu</c><9>koeto</c><3></c>"
00:03:09.039,00:03:09.506,56,0,"<3></c><8>shi</c><9>njirareru?shinjirareru?</c><3></c>"
00:03:09.039,00:03:09.506,56,0,"<3></c><8>shi</c><9>njirareru?shinjirareru?</c><3></c>"
00:03:09.039,00:03:14.845,75,92,"<3></c><8>Canyoubelieveit?Canyoubelieveit?</c><3></c>"
00:03:09.039,00:03:14.845,75,92,"<3></c><8>Canyoubelieveit?Canyoubelieveit?</c><3></c>"
00:03:09.373,00:03:09.806,59,0,"<3></c><1>yagateaukiminoyobuko</c><9>eto</c><3></c>"
00:03:09.373,00:03:09.806,59,0,"<3></c><1>yagateaukiminoyobuko</c><9>eto</c><3></c>"
00:03:09.506,00:03:09.873,56,0,"<3></c><8>shin</c><9>jirareru?shinjirareru?</c><3></c>"
00:03:09.506,00:03:09.873,56,0,"<3></c><8>shin</c><9>jirareru?shinjirareru?</c><3></c>"
00:03:09.806,00:03:10.174,59,0,"<3></c><1>yagateaukiminoyobukoe</c><9>to</c><3></c>"
00:03:09.806,00:03:10.174,59,0,"<3></c><1>yagateaukiminoyobukoe</c><9>to</c><3></c>"
00:03:09.873,00:03:10.274,56,0,"<3></c><8>shinji</c><9>rareru?shinjirareru?</c><3></c>"
00:03:09.873,00:03:10.274,56,0,"<3></c><8>shinji</c><9>rareru?shinjirareru?</c><3></c>"
00:03:10.174,00:03:13.810,59,0,"<3></c><1>yagateaukiminoyobukoeto</c><3></c>"
00:03:10.174,00:03:13.810,59,0,"<3></c><1>yagateaukiminoyobukoeto</c><3></c>"
00:03:10.274,00:03:10.641,56,0,"<3></c><8>shinjira</c><9>reru?shinjirareru?</c><3></c>"
00:03:10.274,00:03:10.641,56,0,"<3></c><8>shinjira</c><9>reru?shinjirareru?</c><3></c>"
00:03:10.641,00:03:11.074,56,0,"<3></c><8>shinjirare</c><9>ru?shinjirareru?</c><3></c>"
00:03:10.641,00:03:11.074,56,0,"<3></c><8>shinjirare</c><9>ru?shinjirareru?</c><3></c>"
00:03:11.074,00:03:12.209,56,0,"<3></c><8>shinjirareru?</c><9>shinjirareru?</c><3></c>"
00:03:11.074,00:03:12.209,56,0,"<3></c><8>shinjirareru?</c><9>shinjirareru?</c><3></c>"
00:03:12.209,00:03:12.676,56,0,"<3></c><8>shinjirareru?shi</c><9>njirareru?</c><3></c>"
00:03:12.209,00:03:12.676,56,0,"<3></c><8>shinjirareru?shi</c><9>njirareru?</c><3></c>"
00:03:12.676,00:03:13.076,56,0,"<3></c><8>shinjirareru?shin</c><9>jirareru?</c><3></c>"
00:03:12.676,00:03:13.076,56,0,"<3></c><8>shinjirareru?shin</c><9>jirareru?</c><3></c>"
00:03:13.076,00:03:13.410,56,0,"<3></c><8>shinjirareru?shinji</c><9>rareru?</c><3></c>"
00:03:13.076,00:03:13.410,56,0,"<3></c><8>shinjirareru?shinji</c><9>rareru?</c><3></c>"
00:03:13.410,00:03:13.810,56,0,"<3></c><8>shinjirareru?shinjira</c><9>reru?</c><3></c>"
00:03:13.410,00:03:13.810,56,0,"<3></c><8>shinjirareru?shinjira</c><9>reru?</c><3></c>"
00:03:13.810,00:03:14.244,56,0,"<3></c><8>shinjirareru?shinjirare</c><9>ru?</c><3></c>"
00:03:13.810,00:03:14.244,56,0,"<3></c><8>shinjirareru?shinjirare</c><9>ru?</c><3></c>"
00:03:14.244,00:03:14.845,56,0,"<3></c><8>shinjirareru?shinjirareru?</c><3></c>"
00:03:14.244,00:03:14.845,56,0,"<3></c><8>shinjirareru?shinjirareru?</c><3></c>"
00:03:14.845,00:03:15.179,64,0,"<3></c><8>a</c><9>nohoshiakariouminohirosao</c><3></c>"
00:03:14.845,00:03:15.179,64,0,"<3></c><8>a</c><9>nohoshiakariouminohirosao</c><3></c>"
00:03:14.845,00:03:21.718,72,-1,"<3></c><8>Believehowvastthestarlitoceanis</c><3></c>"
00:03:14.845,00:03:21.718,72,-1,"<3></c><8>Believehowvastthestarlitoceanis</c><3></c>"
00:03:15.179,00:03:15.412,64,0,"<3></c><8>ano</c><9>hoshiakariouminohirosao</c><3></c>"
00:03:15.179,00:03:15.412,64,0,"<3></c><8>ano</c><9>hoshiakariouminohirosao</c><3></c>"
00:03:15.412,00:03:16.180,64,0,"<3></c><8>anoho</c><9>shiakariouminohirosao</c><3></c>"
00:03:15.412,00:03:16.180,64,0,"<3></c><8>anoho</c><9>shiakariouminohirosao</c><3></c>"
00:03:16.180,00:03:16.580,64,0,"<3></c><8>anohoshi</c><9>akariouminohirosao</c><3></c>"
00:03:16.180,00:03:16.580,64,0,"<3></c><8>anohoshi</c><9>akariouminohirosao</c><3></c>"
00:03:16.580,00:03:16.980,64,0,"<3></c><8>anohoshia</c><9>kariouminohirosao</c><3></c>"
00:03:16.580,00:03:16.980,64,0,"<3></c><8>anohoshia</c><9>kariouminohirosao</c><3></c>"
00:03:16.980,00:03:17.781,64,0,"<3></c><8>anohoshiaka</c><9>riouminohirosao</c><3></c>"
00:03:16.980,00:03:17.781,64,0,"<3></c><8>anohoshiaka</c><9>riouminohirosao</c><3></c>"
00:03:17.781,00:03:17.981,64,0,"<3></c><8>anohoshiakari</c><9>ouminohirosao</c><3></c>"
00:03:17.781,00:03:17.981,64,0,"<3></c><8>anohoshiakari</c><9>ouminohirosao</c><3></c>"
00:03:17.981,00:03:18.949,64,0,"<3></c><8>anohoshiakario</c><9>uminohirosao</c><3></c>"
00:03:17.981,00:03:18.949,64,0,"<3></c><8>anohoshiakario</c><9>uminohirosao</c><3></c>"
00:03:18.949,00:03:19.349,64,0,"<3></c><8>anohoshiakariou</c><9>minohirosao</c><3></c>"
00:03:18.949,00:03:19.349,64,0,"<3></c><8>anohoshiakariou</c><9>minohirosao</c><3></c>"
00:03:19.349,00:03:19.750,64,0,"<3></c><8>anohoshiakarioumi</c><9>nohirosao</c><3></c>"
00:03:19.349,00:03:19.750,64,0,"<3></c><8>anohoshiakarioumi</c><9>nohirosao</c><3></c>"
00:03:19.750,00:03:20.117,64,0,"<3></c><8>anohoshiakarioumino</c><9>hirosao</c><3></c>"
00:03:19.750,00:03:20.117,64,0,"<3></c><8>anohoshiakarioumino</c><9>hirosao</c><3></c>"
00:03:20.117,00:03:20.517,64,0,"<3></c><8>anohoshiakariouminohi</c><9>rosao</c><3></c>"
00:03:20.117,00:03:20.517,64,0,"<3></c><8>anohoshiakariouminohi</c><9>rosao</c><3></c>"
00:03:20.517,00:03:20.918,64,0,"<3></c><8>anohoshiakariouminohiro</c><9>sao</c><3></c>"
00:03:20.517,00:03:20.918,64,0,"<3></c><8>anohoshiakariouminohiro</c><9>sao</c><3></c>"
00:03:20.918,00:03:21.351,64,0,"<3></c><8>anohoshiakariouminohirosa</c><9>o</c><3></c>"
00:03:20.918,00:03:21.351,64,0,"<3></c><8>anohoshiakariouminohirosa</c><9>o</c><3></c>"
00:03:21.351,00:03:21.718,64,0,"<3></c><8>anohoshiakariouminohirosao</c><3></c>"
00:03:21.351,00:03:21.718,64,0,"<3></c><8>anohoshiakariouminohirosao</c><3></c>"
00:03:21.718,00:03:22.186,-1,0,"<3></c><8>shi</c><9>njitemirushinjirareru</c><3></c>"
00:03:21.718,00:03:22.186,-1,0,"<3></c><8>shi</c><9>njitemirushinjirareru</c><3></c>"
00:03:21.718,00:03:27.524,77,-1,"<3></c><8>I'lltrytobelieveIcanbelieveinit</c><3></c>"
00:03:21.718,00:03:27.524,77,-1,"<3></c><8>I'lltrytobelieveIcanbelieveinit</c><3></c>"
00:03:22.186,00:03:22.486,-1,0,"<3></c><8>shin</c><9>jitemirushinjirareru</c><3></c>"
00:03:22.186,00:03:22.486,-1,0,"<3></c><8>shin</c><9>jitemirushinjirareru</c><3></c>"
00:03:22.486,00:03:22.886,-1,0,"<3></c><8>shinji</c><9>temirushinjirareru</c><3></c>"
00:03:22.486,00:03:22.886,-1,0,"<3></c><8>shinji</c><9>temirushinjirareru</c><3></c>"
00:03:22.886,00:03:23.287,-1,0,"<3></c><8>shinjite</c><9>mirushinjirareru</c><3></c>"
00:03:22.886,00:03:23.287,-1,0,"<3></c><8>shinjite</c><9>mirushinjirareru</c><3></c>"
00:03:23.287,00:03:23.687,-1,0,"<3></c><8>shinjitemi</c><9>rushinjirareru</c><3></c>"
00:03:23.287,00:03:23.687,-1,0,"<3></c><8>shinjitemi</c><9>rushinjirareru</c><3></c>"
00:03:23.687,00:03:24.855,-1,0,"<3></c><8>shinjitemiru</c><9>shinjirareru</c><3></c>"
00:03:23.687,00:03:24.855,-1,0,"<3></c><8>shinjitemiru</c><9>shinjirareru</c><3></c>"
00:03:24.855,00:03:25.255,-1,0,"<3></c><8>shinjitemirushi</c><9>njirareru</c><3></c>"
00:03:24.855,00:03:25.255,-1,0,"<3></c><8>shinjitemirushi</c><9>njirareru</c><3></c>"
00:03:25.255,00:03:25.589,-1,0,"<3></c><8>shinjitemirushin</c><9>jirareru</c><3></c>"
00:03:25.255,00:03:25.589,-1,0,"<3></c><8>shinjitemirushin</c><9>jirareru</c><3></c>"
00:03:25.589,00:03:26.056,-1,0,"<3></c><8>shinjitemirushinji</c><9>rareru</c><3></c>"
00:03:25.589,00:03:26.056,-1,0,"<3></c><8>shinjitemirushinji</c><9>rareru</c><3></c>"
00:03:26.056,00:03:26.423,-1,0,"<3></c><8>shinjitemirushinjira</c><9>reru</c><3></c>"
00:03:26.056,00:03:26.423,-1,0,"<3></c><8>shinjitemirushinjira</c><9>reru</c><3></c>"
00:03:26.423,00:03:26.890,-1,0,"<3></c><8>shinjitemirushinjirare</c><9>ru</c><3></c>"
00:03:26.423,00:03:26.890,-1,0,"<3></c><8>shinjitemirushinjirare</c><9>ru</c><3></c>"
00:03:26.890,00:03:27.524,-1,0,"<3></c><8>shinjitemirushinjirareru</c><3></c>"
00:03:26.890,00:03:27.524,-1,0,"<3></c><8>shinjitemirushinjirareru</c><3></c>"
00:03:27.524,00:03:27.824,64,0,"<3></c><8>yu</c><9>menotsuzukidemataaimashou</c><3></c>"
00:03:27.524,00:03:27.824,64,0,"<3></c><8>yu</c><9>menotsuzukidemataaimashou</c><3></c>"
00:03:27.524,00:03:33.664,92,-1,"<3></c><8>Maywemeetagaininthecontinuationofourdream</c><3></c>"
00:03:27.524,00:03:33.664,92,-1,"<3></c><8>Maywemeetagaininthecontinuationofourdream</c><3></c>"
00:03:27.824,00:03:28.025,64,0,"<3></c><8>yume</c><9>notsuzukidemataaimashou</c><3></c>"
00:03:27.824,00:03:28.025,64,0,"<3></c><8>yume</c><9>notsuzukidemataaimashou</c><3></c>"
00:03:28.025,00:03:28.325,64,0,"<3></c><8>yumeno</c><9>tsuzukidemataaimashou</c><3></c>"
00:03:28.025,00:03:28.325,64,0,"<3></c><8>yumeno</c><9>tsuzukidemataaimashou</c><3></c>"
00:03:28.325,00:03:28.759,64,0,"<3></c><8>yumenotsu</c><9>zukidemataaimashou</c><3></c>"
00:03:28.325,00:03:28.759,64,0,"<3></c><8>yumenotsu</c><9>zukidemataaimashou</c><3></c>"
00:03:28.759,00:03:29.193,64,0,"<3></c><8>yumenotsuzu</c><9>kidemataaimashou</c><3></c>"
00:03:28.759,00:03:29.193,64,0,"<3></c><8>yumenotsuzu</c><9>kidemataaimashou</c><3></c>"
00:03:29.193,00:03:29.593,64,0,"<3></c><8>yumenotsuzuki</c><9>demataaimashou</c><3></c>"
00:03:29.193,00:03:29.593,64,0,"<3></c><8>yumenotsuzuki</c><9>demataaimashou</c><3></c>"
00:03:29.593,00:03:30.761,64,0,"<3></c><8>yumenotsuzukide</c><9>mataaimashou</c><3></c>"
00:03:29.593,00:03:30.761,64,0,"<3></c><8>yumenotsuzukide</c><9>mataaimashou</c><3></c>"
00:03:30.761,00:03:30.961,64,0,"<3></c><8>yumenotsuzukidema</c><9>taaimashou</c><3></c>"
00:03:30.761,00:03:30.961,64,0,"<3></c><8>yumenotsuzukidema</c><9>taaimashou</c><3></c>"
00:03:30.961,00:03:31.161,64,0,"<3></c><8>yumenotsuzukidemata</c><9>aimashou</c><3></c>"
00:03:30.961,00:03:31.161,64,0,"<3></c><8>yumenotsuzukidemata</c><9>aimashou</c><3></c>"
00:03:31.161,00:03:31.562,64,0,"<3></c><8>yumenotsuzukidemataa</c><9>imashou</c><3></c>"
00:03:31.161,00:03:31.562,64,0,"<3></c><8>yumenotsuzukidemataa</c><9>imashou</c><3></c>"
00:03:31.562,00:03:31.929,64,0,"<3></c><8>yumenotsuzukidemataai</c><9>mashou</c><3></c>"
00:03:31.562,00:03:31.929,64,0,"<3></c><8>yumenotsuzukidemataai</c><9>mashou</c><3></c>"
00:03:31.929,00:03:32.362,64,0,"<3></c><8>yumenotsuzukidemataaima</c><9>shou</c><3></c>"
00:03:31.929,00:03:32.362,64,0,"<3></c><8>yumenotsuzukidemataaima</c><9>shou</c><3></c>"
00:03:32.362,00:03:32.729,64,0,"<3></c><8>yumenotsuzukidemataaimasho</c><9>u</c><3></c>"
00:03:32.362,00:03:32.729,64,0,"<3></c><8>yumenotsuzukidemataaimasho</c><9>u</c><3></c>"
00:03:32.729,00:03:33.664,64,0,"<3></c><8>yumenotsuzukidemataaimashou</c><3></c>"
00:03:32.729,00:03:33.664,64,0,"<3></c><8>yumenotsuzukidemataaimashou</c><3></c>"
00:03:33.664,00:03:34.131,58,0,"<3></c><6>a</c><9>katsukinokagayakukyouni</c><3></c>"
00:03:33.664,00:03:34.131,58,0,"<3></c><6>a</c><9>katsukinokagayakukyouni</c><3></c>"
00:03:33.664,00:03:42.206,58,-1,"<3></c><6>Indayswithadazzlingdawn</c><3></c>"
00:03:33.664,00:03:42.206,58,-1,"<3></c><6>Indayswithadazzlingdawn</c><3></c>"
00:03:34.131,00:03:34.331,58,0,"<3></c><6>aka</c><9>tsukinokagayakukyouni</c><3></c>"
00:03:34.131,00:03:34.331,58,0,"<3></c><6>aka</c><9>tsukinokagayakukyouni</c><3></c>"
00:03:34.331,00:03:34.731,58,0,"<3></c><6>akatsu</c><9>kinokagayakukyouni</c><3></c>"
00:03:34.331,00:03:34.731,58,0,"<3></c><6>akatsu</c><9>kinokagayakukyouni</c><3></c>"
00:03:34.731,00:03:35.032,58,0,"<3></c><6>akatsuki</c><9>nokagayakukyouni</c><3></c>"
00:03:34.731,00:03:35.032,58,0,"<3></c><6>akatsuki</c><9>nokagayakukyouni</c><3></c>"
00:03:35.032,00:03:35.899,58,0,"<3></c><6>akatsukino</c><9>kagayakukyouni</c><3></c>"
00:03:35.032,00:03:35.899,58,0,"<3></c><6>akatsukino</c><9>kagayakukyouni</c><3></c>"
00:03:35.899,00:03:36.266,58,0,"<3></c><6>akatsukinoka</c><9>gayakukyouni</c><3></c>"
00:03:35.899,00:03:36.266,58,0,"<3></c><6>akatsukinoka</c><9>gayakukyouni</c><3></c>"
00:03:36.266,00:03:36.600,58,0,"<3></c><6>akatsukinokaga</c><9>yakukyouni</c><3></c>"
00:03:36.266,00:03:36.600,58,0,"<3></c><6>akatsukinokaga</c><9>yakukyouni</c><3></c>"
00:03:36.600,00:03:36.934,58,0,"<3></c><6>akatsukinokagaya</c><9>kukyouni</c><3></c>"
00:03:36.600,00:03:36.934,58,0,"<3></c><6>akatsukinokagaya</c><9>kukyouni</c><3></c>"
00:03:36.934,00:03:37.868,58,0,"<3></c><6>akatsukinokagayaku</c><9>kyouni</c><3></c>"
00:03:36.934,00:03:37.868,58,0,"<3></c><6>akatsukinokagayaku</c><9>kyouni</c><3></c>"
00:03:37.467,00:03:37.935,56,0,"<3></c><9>shi</c><5>njirareru?shinjirareru?</c><3></c>"
00:03:37.467,00:03:37.935,56,0,"<3></c><9>shi</c><5>njirareru?shinjirareru?</c><3></c>"
00:03:37.467,00:03:43.273,75,92,"<3></c><9>Canyoubelieveit?Canyoubelieveit?</c><3></c>"
00:03:37.467,00:03:43.273,75,92,"<3></c><9>Canyoubelieveit?Canyoubelieveit?</c><3></c>"
00:03:37.868,00:03:38.402,58,0,"<3></c><6>akatsukinokagayakukyo</c><9>uni</c><3></c>"
00:03:37.868,00:03:38.402,58,0,"<3></c><6>akatsukinokagayakukyo</c><9>uni</c><3></c>"
00:03:37.935,00:03:38.302,56,0,"<3></c><9>shin</c><5>jirareru?shinjirareru?</c><3></c>"
00:03:37.935,00:03:38.302,56,0,"<3></c><9>shin</c><5>jirareru?shinjirareru?</c><3></c>"
00:03:38.302,00:03:38.669,56,0,"<3></c><9>shinji</c><5>rareru?shinjirareru?</c><3></c>"
00:03:38.302,00:03:38.669,56,0,"<3></c><9>shinji</c><5>rareru?shinjirareru?</c><3></c>"
00:03:38.402,00:03:38.669,58,0,"<3></c><6>akatsukinokagayakukyou</c><9>ni</c><3></c>"
00:03:38.402,00:03:38.669,58,0,"<3></c><6>akatsukinokagayakukyou</c><9>ni</c><3></c>"
00:03:38.669,00:03:42.206,58,0,"<3></c><6>akatsukinokagayakukyouni</c><3></c>"
00:03:38.669,00:03:42.206,58,0,"<3></c><6>akatsukinokagayakukyouni</c><3></c>"
00:03:38.669,00:03:39.036,56,0,"<3></c><9>shinjira</c><5>reru?shinjirareru?</c><3></c>"
00:03:38.669,00:03:39.036,56,0,"<3></c><9>shinjira</c><5>reru?shinjirareru?</c><3></c>"
00:03:39.036,00:03:39.503,56,0,"<3></c><9>shinjirare</c><5>ru?shinjirareru?</c><3></c>"
00:03:39.036,00:03:39.503,56,0,"<3></c><9>shinjirare</c><5>ru?shinjirareru?</c><3></c>"
00:03:39.503,00:03:40.637,56,0,"<3></c><9>shinjirareru?</c><5>shinjirareru?</c><3></c>"
00:03:39.503,00:03:40.637,56,0,"<3></c><9>shinjirareru?</c><5>shinjirareru?</c><3></c>"
00:03:40.637,00:03:41.071,56,0,"<3></c><9>shinjirareru?shi</c><5>njirareru?</c><3></c>"
00:03:40.637,00:03:41.071,56,0,"<3></c><9>shinjirareru?shi</c><5>njirareru?</c><3></c>"
00:03:41.071,00:03:41.471,56,0,"<3></c><9>shinjirareru?shin</c><5>jirareru?</c><3></c>"
00:03:41.071,00:03:41.471,56,0,"<3></c><9>shinjirareru?shin</c><5>jirareru?</c><3></c>"
00:03:41.471,00:03:41.838,56,0,"<3></c><9>shinjirareru?shinji</c><5>rareru?</c><3></c>"
00:03:41.471,00:03:41.838,56,0,"<3></c><9>shinjirareru?shinji</c><5>rareru?</c><3></c>"
00:03:41.838,00:03:42.206,56,0,"<3></c><9>shinjirareru?shinjira</c><5>reru?</c><3></c>"
00:03:41.838,00:03:42.206,56,0,"<3></c><9>shinjirareru?shinjira</c><5>reru?</c><3></c>"
00:03:42.206,00:03:42.639,56,0,"<3></c><9>shinjirareru?shinjirare</c><5>ru?</c><3></c>"
00:03:42.206,00:03:42.639,56,0,"<3></c><9>shinjirareru?shinjirare</c><5>ru?</c><3></c>"
00:03:42.639,00:03:43.273,56,0,"<3></c><9>shinjirareru?shinjirareru?</c><3></c>"
00:03:42.639,00:03:43.273,56,0,"<3></c><9>shinjirareru?shinjirareru?</c><3></c>"
00:03:43.273,00:03:43.607,64,0,"<3></c><9>a</c><5>nohoshiakariouminohirosao</c><3></c>"
00:03:43.273,00:03:43.607,64,0,"<3></c><9>a</c><5>nohoshiakariouminohirosao</c><3></c>"
00:03:43.273,00:03:50.113,72,-1,"<3></c><9>Believehowvastthestarlitoceanis</c><3></c>"
00:03:43.273,00:03:50.113,72,-1,"<3></c><9>Believehowvastthestarlitoceanis</c><3></c>"
00:03:43.607,00:03:43.840,64,0,"<3></c><9>ano</c><5>hoshiakariouminohirosao</c><3></c>"
00:03:43.607,00:03:43.840,64,0,"<3></c><9>ano</c><5>hoshiakariouminohirosao</c><3></c>"
00:03:43.840,00:03:44.608,64,0,"<3></c><9>anoho</c><5>shiakariouminohirosao</c><3></c>"
00:03:43.840,00:03:44.608,64,0,"<3></c><9>anoho</c><5>shiakariouminohirosao</c><3></c>"
00:03:44.608,00:03:45.008,64,0,"<3></c><9>anohoshi</c><5>akariouminohirosao</c><3></c>"
00:03:44.608,00:03:45.008,64,0,"<3></c><9>anohoshi</c><5>akariouminohirosao</c><3></c>"
00:03:45.008,00:03:45.409,64,0,"<3></c><9>anohoshia</c><5>kariouminohirosao</c><3></c>"
00:03:45.008,00:03:45.409,64,0,"<3></c><9>anohoshia</c><5>kariouminohirosao</c><3></c>"
00:03:45.409,00:03:46.210,64,0,"<3></c><9>anohoshiaka</c><5>riouminohirosao</c><3></c>"
00:03:45.409,00:03:46.210,64,0,"<3></c><9>anohoshiaka</c><5>riouminohirosao</c><3></c>"
00:03:46.210,00:03:46.410,64,0,"<3></c><9>anohoshiakari</c><5>ouminohirosao</c><3></c>"
00:03:46.210,00:03:46.410,64,0,"<3></c><9>anohoshiakari</c><5>ouminohirosao</c><3></c>"
00:03:46.410,00:03:47.377,64,0,"<3></c><9>anohoshiakario</c><5>uminohirosao</c><3></c>"
00:03:46.410,00:03:47.377,64,0,"<3></c><9>anohoshiakario</c><5>uminohirosao</c><3></c>"
00:03:47.377,00:03:47.778,64,0,"<3></c><9>anohoshiakariou</c><5>minohirosao</c><3></c>"
00:03:47.377,00:03:47.778,64,0,"<3></c><9>anohoshiakariou</c><5>minohirosao</c><3></c>"
00:03:47.778,00:03:48.145,64,0,"<3></c><9>anohoshiakarioumi</c><5>nohirosao</c><3></c>"
00:03:47.778,00:03:48.145,64,0,"<3></c><9>anohoshiakarioumi</c><5>nohirosao</c><3></c>"
00:03:48.145,00:03:48.545,64,0,"<3></c><9>anohoshiakarioumino</c><5>hirosao</c><3></c>"
00:03:48.145,00:03:48.545,64,0,"<3></c><9>anohoshiakarioumino</c><5>hirosao</c><3></c>"
00:03:48.545,00:03:48.946,64,0,"<3></c><9>anohoshiakariouminohi</c><5>rosao</c><3></c>"
00:03:48.545,00:03:48.946,64,0,"<3></c><9>anohoshiakariouminohi</c><5>rosao</c><3></c>"
00:03:48.946,00:03:49.346,64,0,"<3></c><9>anohoshiakariouminohiro</c><5>sao</c><3></c>"
00:03:48.946,00:03:49.346,64,0,"<3></c><9>anohoshiakariouminohiro</c><5>sao</c><3></c>"
00:03:49.346,00:03:49.746,64,0,"<3></c><9>anohoshiakariouminohirosa</c><5>o</c><3></c>"
00:03:49.346,00:03:49.746,64,0,"<3></c><9>anohoshiakariouminohirosa</c><5>o</c><3></c>"
00:03:49.746,00:03:50.113,64,0,"<3></c><9>anohoshiakariouminohirosao</c><3></c>"
00:03:49.746,00:03:50.113,64,0,"<3></c><9>anohoshiakariouminohirosao</c><3></c>"
00:03:50.113,00:03:50.581,-1,0,"<3></c><9>shi</c><5>njirarerushinjirareru</c><3></c>"
00:03:50.113,00:03:50.581,-1,0,"<3></c><9>shi</c><5>njirarerushinjirareru</c><3></c>"
00:03:50.113,00:03:55.686,77,-1,"<3></c><9>I'lltrytobelieveIcanbelieveinit</c><3></c>"
00:03:50.113,00:03:55.686,77,-1,"<3></c><9>I'lltrytobelieveIcanbelieveinit</c><3></c>"
00:03:50.581,00:03:50.914,-1,0,"<3></c><9>shin</c><5>jirarerushinjirareru</c><3></c>"
00:03:50.581,00:03:50.914,-1,0,"<3></c><9>shin</c><5>jirarerushinjirareru</c><3></c>"
00:03:50.914,00:03:51.281,-1,0,"<3></c><9>shinji</c><5>rarerushinjirareru</c><3></c>"
00:03:50.914,00:03:51.281,-1,0,"<3></c><9>shinji</c><5>rarerushinjirareru</c><3></c>"
00:03:51.281,00:03:51.682,-1,0,"<3></c><9>shinjira</c><5>rerushinjirareru</c><3></c>"
00:03:51.281,00:03:51.682,-1,0,"<3></c><9>shinjira</c><5>rerushinjirareru</c><3></c>"
00:03:51.682,00:03:52.082,-1,0,"<3></c><9>shinjirare</c><5>rushinjirareru</c><3></c>"
00:03:51.682,00:03:52.082,-1,0,"<3></c><9>shinjirare</c><5>rushinjirareru</c><3></c>"
00:03:52.082,00:03:53.250,-1,0,"<3></c><9>shinjirareru</c><5>shinjirareru</c><3></c>"
00:03:52.082,00:03:53.250,-1,0,"<3></c><9>shinjirareru</c><5>shinjirareru</c><3></c>"
00:03:53.250,00:03:53.717,-1,0,"<3></c><9>shinjirarerushi</c><5>njirareru</c><3></c>"
00:03:53.250,00:03:53.717,-1,0,"<3></c><9>shinjirarerushi</c><5>njirareru</c><3></c>"
00:03:53.717,00:03:54.051,-1,0,"<3></c><9>shinjirarerushin</c><5>jirareru</c><3></c>"
00:03:53.717,00:03:54.051,-1,0,"<3></c><9>shinjirarerushin</c><5>jirareru</c><3></c>"
00:03:54.051,00:03:54.484,-1,0,"<3></c><9>shinjirarerushinji</c><5>rareru</c><3></c>"
00:03:54.051,00:03:54.484,-1,0,"<3></c><9>shinjirarerushinji</c><5>rareru</c><3></c>"
00:03:54.484,00:03:54.818,-1,0,"<3></c><9>shinjirarerushinjira</c><5>reru</c><3></c>"
00:03:54.484,00:03:54.818,-1,0,"<3></c><9>shinjirarerushinjira</c><5>reru</c><3></c>"
00:03:54.818,00:03:55.285,-1,0,"<3></c><9>shinjirarerushinjirare</c><5>ru</c><3></c>"
00:03:54.818,00:03:55.285,-1,0,"<3></c><9>shinjirarerushinjirare</c><5>ru</c><3></c>"
00:03:55.285,00:03:55.686,-1,0,"<3></c><9>shinjirarerushinjirareru</c><3></c>"
00:03:55.285,00:03:55.686,-1,0,"<3></c><9>shinjirarerushinjirareru</c><3></c>"
00:03:55.686,00:03:56.053,64,0,"<3></c><9>yu</c><5>menotsuzukidetomoniikiyou</c><3></c>"
00:03:55.686,00:03:56.053,64,0,"<3></c><9>yu</c><5>menotsuzukidetomoniikiyou</c><3></c>"
00:03:55.686,00:04:02.092,97,-1,"<3></c><9>Maywelivetogetherinthecontinuationofourdream</c><3></c>"
00:03:55.686,00:04:02.092,97,-1,"<3></c><9>Maywelivetogetherinthecontinuationofourdream</c><3></c>"
00:03:56.053,00:03:56.453,64,0,"<3></c><9>yume</c><5>notsuzukidetomoniikiyou</c><3></c>"
00:03:56.053,00:03:56.453,64,0,"<3></c><9>yume</c><5>notsuzukidetomoniikiyou</c><3></c>"
00:03:56.453,00:03:56.787,64,0,"<3></c><9>yumeno</c><5>tsuzukidetomoniikiyou</c><3></c>"
00:03:56.453,00:03:56.787,64,0,"<3></c><9>yumeno</c><5>tsuzukidetomoniikiyou</c><3></c>"
00:03:56.787,00:03:57.221,64,0,"<3></c><9>yumenotsu</c><5>zukidetomoniikiyou</c><3></c>"
00:03:56.787,00:03:57.221,64,0,"<3></c><9>yumenotsu</c><5>zukidetomoniikiyou</c><3></c>"
00:03:57.221,00:03:57.621,64,0,"<3></c><9>yumenotsuzu</c><5>kidetomoniikiyou</c><3></c>"
00:03:57.221,00:03:57.621,64,0,"<3></c><9>yumenotsuzu</c><5>kidetomoniikiyou</c><3></c>"
00:03:57.621,00:03:58.055,64,0,"<3></c><9>yumenotsuzuki</c><5>detomoniikiyou</c><3></c>"
00:03:57.621,00:03:58.055,64,0,"<3></c><9>yumenotsuzuki</c><5>detomoniikiyou</c><3></c>"
00:03:58.055,00:03:59.189,64,0,"<3></c><9>yumenotsuzukide</c><5>tomoniikiyou</c><3></c>"
00:03:58.055,00:03:59.189,64,0,"<3></c><9>yumenotsuzukide</c><5>tomoniikiyou</c><3></c>"
00:03:59.189,00:03:59.423,64,0,"<3></c><9>yumenotsuzukideto</c><5>moniikiyou</c><3></c>"
00:03:59.189,00:03:59.423,64,0,"<3></c><9>yumenotsuzukideto</c><5>moniikiyou</c><3></c>"
00:03:59.423,00:03:59.623,64,0,"<3></c><9>yumenotsuzukidetomo</c><5>niikiyou</c><3></c>"
00:03:59.423,00:03:59.623,64,0,"<3></c><9>yumenotsuzukidetomo</c><5>niikiyou</c><3></c>"
00:03:59.623,00:03:59.990,64,0,"<3></c><9>yumenotsuzukidetomoni</c><5>ikiyou</c><3></c>"
00:03:59.623,00:03:59.990,64,0,"<3></c><9>yumenotsuzukidetomoni</c><5>ikiyou</c><3></c>"
00:03:59.990,00:04:00.390,64,0,"<3></c><9>yumenotsuzukidetomonii</c><5>kiyou</c><3></c>"
00:03:59.990,00:04:00.390,64,0,"<3></c><9>yumenotsuzukidetomonii</c><5>kiyou</c><3></c>"
00:04:00.390,00:04:00.791,64,0,"<3></c><9>yumenotsuzukidetomoniiki</c><5>you</c><3></c>"
00:04:00.390,00:04:00.791,64,0,"<3></c><9>yumenotsuzukidetomoniiki</c><5>you</c><3></c>"
00:04:00.791,00:04:01.158,64,0,"<3></c><9>yumenotsuzukidetomoniikiyo</c><5>u</c><3></c>"
00:04:00.791,00:04:01.158,64,0,"<3></c><9>yumenotsuzukidetomoniikiyo</c><5>u</c><3></c>"
00:04:01.158,00:04:02.092,64,0,"<3></c><9>yumenotsuzukidetomoniikiyou</c><3></c>"
00:04:01.158,00:04:02.092,64,0,"<3></c><9>yumenotsuzukidetomoniikiyou</c><3></c>"
00:04:02.092,00:04:02.526,58,0,"<3></c><9>a</c><5>katsukinokagayakukyouni</c><3></c>"
00:04:02.092,00:04:02.526,58,0,"<3></c><9>a</c><5>katsukinokagayakukyouni</c><3></c>"
00:04:02.092,00:04:13.804,58,-1,"<3></c><9>Indayswithadazzlingdawn</c><3></c>"
00:04:02.092,00:04:13.804,58,-1,"<3></c><9>Indayswithadazzlingdawn</c><3></c>"
00:04:02.526,00:04:02.759,58,0,"<3></c><9>aka</c><5>tsukinokagayakukyouni</c><3></c>"
00:04:02.526,00:04:02.759,58,0,"<3></c><9>aka</c><5>tsukinokagayakukyouni</c><3></c>"
00:04:02.759,00:04:03.126,58,0,"<3></c><9>akatsu</c><5>kinokagayakukyouni</c><3></c>"
00:04:02.759,00:04:03.126,58,0,"<3></c><9>akatsu</c><5>kinokagayakukyouni</c><3></c>"
00:04:03.126,00:04:03.427,58,0,"<3></c><9>akatsuki</c><5>nokagayakukyouni</c><3></c>"
00:04:03.126,00:04:03.427,58,0,"<3></c><9>akatsuki</c><5>nokagayakukyouni</c><3></c>"
00:04:03.427,00:04:04.328,58,0,"<3></c><9>akatsukino</c><5>kagayakukyouni</c><3></c>"
00:04:03.427,00:04:04.328,58,0,"<3></c><9>akatsukino</c><5>kagayakukyouni</c><3></c>"
00:04:04.328,00:04:04.761,58,0,"<3></c><9>akatsukinoka</c><5>gayakukyouni</c><3></c>"
00:04:04.328,00:04:04.761,58,0,"<3></c><9>akatsukinoka</c><5>gayakukyouni</c><3></c>"
00:04:04.761,00:04:05.028,58,0,"<3></c><9>akatsukinokaga</c><5>yakukyouni</c><3></c>"
00:04:04.761,00:04:05.028,58,0,"<3></c><9>akatsukinokaga</c><5>yakukyouni</c><3></c>"
00:04:05.028,00:04:05.362,58,0,"<3></c><9>akatsukinokagaya</c><5>kukyouni</c><3></c>"
00:04:05.028,00:04:05.362,58,0,"<3></c><9>akatsukinokagaya</c><5>kukyouni</c><3></c>"
00:04:05.362,00:04:06.797,58,0,"<3></c><9>akatsukinokagayaku</c><5>kyouni</c><3></c>"
00:04:05.362,00:04:06.797,58,0,"<3></c><9>akatsukinokagayaku</c><5>kyouni</c><3></c>"
00:04:06.797,00:04:07.264,58,0,"<3></c><9>akatsukinokagayakukyo</c><5>uni</c><3></c>"
00:04:06.797,00:04:07.264,58,0,"<3></c><9>akatsukinokagayakukyo</c><5>uni</c><3></c>"
00:04:07.264,00:04:09.066,58,0,"<3></c><9>akatsukinokagayakukyou</c><5>ni</c><3></c>"
00:04:07.264,00:04:09.066,58,0,"<3></c><9>akatsukinokagayakukyou</c><5>ni</c><3></c>"
00:04:09.066,00:04:13.804,58,0,"<3></c><9>akatsukinokagayakukyouni</c><3></c>"
00:04:09.066,00:04:13.804,58,0,"<3></c><9>akatsukinokagayakukyouni</c><3></c>"
