start,end,position,line,text
00:00:02.186,00:00:02.453,69,0,"<3></c><2>chi</c><5>heisenosuiheisennishitara...</c><3></c>"
00:00:02.186,00:00:05.356,83,-1,"<3></c><2>Giveupthehighroadandsailthehighseas</c><3></c>"
00:00:02.453,00:00:02.753,69,0,"<3></c><2>chihei</c><5>senosuiheisennishitara...</c><3></c>"
00:00:02.753,00:00:03.053,69,0,"<3></c><2>chiheisen</c><5>osuiheisennishitara...</c><3></c>"
00:00:03.053,00:00:03.654,69,0,"<3></c><2>chiheiseno</c><5>suiheisennishitara...</c><3></c>"
00:00:03.654,00:00:03.787,69,0,"<3></c><2>chiheisenosui</c><5>heisennishitara...</c><3></c>"
00:00:03.787,00:00:04.121,69,0,"<3></c><2>chiheisenosuihei</c><5>sennishitara...</c><3></c>"
00:00:04.121,00:00:04.388,69,0,"<3></c><2>chiheisenosuiheisen</c><5>nishitara...</c><3></c>"
00:00:04.388,00:00:04.588,69,0,"<3></c><2>chiheisenosuiheisenni</c><5>shitara...</c><3></c>"
00:00:04.588,00:00:04.722,69,0,"<3></c><2>chiheisenosuiheisennishi</c><5>tara...</c><3></c>"
00:00:04.722,00:00:04.822,69,0,"<3></c><2>chiheisenosuiheisennishita</c><5>ra...</c><3></c>"
00:00:04.822,00:00:05.356,69,0,"<3></c><2>chiheisenosuiheisennishitara...</c><3></c>"
00:00:05.356,00:00:05.556,-1,0,"<3></c><2>ra</c><5>SearaSea</c><3></c>"
00:00:05.356,00:00:06.757,-1,-1,"<3></c><2>Lesealesea</c><3></c>"
00:00:05.556,00:00:06.023,-1,0,"<3></c><2>raSea</c><5>raSea</c><3></c>"
00:00:06.023,00:00:06.256,-1,0,"<3></c><2>raSeara</c><5>Sea</c><3></c>"
00:00:06.256,00:00:06.757,-1,0,"<3></c><2>raSearaSea</c><3></c>"
00:00:06.757,00:00:06.957,-1,0,"<3></c><2>ra</c><5>Sea4(shi)shi!!!</c><3></c>"
00:00:06.757,00:00:08.359,-1,-1,"<3></c><2>Seetheseasofecstasy!</c><3></c>"
00:00:06.957,00:00:07.224,-1,0,"<3></c><2>raSea</c><5>4(shi)shi!!!</c><3></c>"
00:00:07.224,00:00:07.458,-1,0,"<3></c><2>raSea4(shi)</c><5>shi!!!</c><3></c>"
00:00:07.458,00:00:08.359,-1,0,"<3></c><2>raSea4(shi)shi!!!</c><3></c>"
00:00:08.359,00:00:09.893,-1,0,"<3></c><2>WAHHH!!!</c><3></c>"
00:00:08.359,00:00:09.893,-1,-1,"<3></c><2>Wahhh!</c><3></c>"
00:00:10.594,00:00:10.794,-1,0,"<3></c><1>(Aw</c><5>yeah)</c><3></c>"
00:00:10.594,00:00:11.128,-1,-1,"<3></c><1>(Awyeah)</c><3></c>"
00:00:10.794,00:00:11.128,-1,0,"<3></c><1>(Awyeah)</c><3></c>"
00:00:11.128,00:00:11.462,94,0,"<3></c><2>shin!</c><5>shoku!Sing!Shock!shin!shoku!Sing!Shock!</c><3></c>"
00:00:11.128,00:00:13.897,-1,-1,"<3></c><2>Sing!Shock!Sing!Shock!</c><3></c>"
00:00:11.462,00:00:11.829,94,0,"<3></c><2>shin!shoku!</c><5>Sing!Shock!shin!shoku!Sing!Shock!</c><3></c>"
00:00:11.829,00:00:12.162,94,0,"<3></c><2>shin!shoku!Sing!</c><5>Shock!shin!shoku!Sing!Shock!</c><3></c>"
00:00:12.162,00:00:12.529,94,0,"<3></c><2>shin!shoku!Sing!Shock!</c><5>shin!shoku!Sing!Shock!</c><3></c>"
00:00:12.529,00:00:12.863,94,0,"<3></c><2>shin!shoku!Sing!Shock!shin!</c><5>shoku!Sing!Shock!</c><3></c>"
00:00:12.863,00:00:13.197,94,0,"<3></c><2>shin!shoku!Sing!Shock!shin!shoku!</c><5>Sing!Shock!</c><3></c>"
00:00:13.197,00:00:13.564,94,0,"<3></c><2>shin!shoku!Sing!Shock!shin!shoku!Sing!</c><5>Shock!</c><3></c>"
00:00:13.564,00:00:13.897,94,0,"<3></c><2>shin!shoku!Sing!Shock!shin!shoku!Sing!Shock!</c><3></c>"
00:00:13.897,00:00:14.031,59,0,"<3></c><2>ha</c><5>roudeminnaniHELLOHELLO</c><3></c>"
00:00:13.897,00:00:16.700,59,-1,"<3></c><2>Uponthewaveswewavehello</c><3></c>"
00:00:14.031,00:00:14.164,59,0,"<3></c><2>harou</c><5>deminnaniHELLOHELLO</c><3></c>"
00:00:14.164,00:00:14.598,59,0,"<3></c><2>haroude</c><5>minnaniHELLOHELLO</c><3></c>"
00:00:14.598,00:00:14.765,59,0,"<3></c><2>haroudemin</c><5>naniHELLOHELLO</c><3></c>"
00:00:14.765,00:00:14.865,59,0,"<3></c><2>haroudeminna</c><5>niHELLOHELLO</c><3></c>"
00:00:14.865,00:00:15.265,59,0,"<3></c><2>haroudeminnani</c><5>HELLOHELLO</c><3></c>"
00:00:15.265,00:00:15.499,59,0,"<3></c><2>haroudeminnaniHEL</c><5>LOHELLO</c><3></c>"
00:00:15.499,00:00:15.833,59,0,"<3></c><2>haroudeminnaniHELLO</c><5>HELLO</c><3></c>"
00:00:15.833,00:00:16.000,59,0,"<3></c><2>haroudeminnaniHELLOHEL</c><5>LO</c><3></c>"
00:00:16.000,00:00:16.700,59,0,"<3></c><2>haroudeminnaniHELLOHELLO</c><3></c>"
00:00:16.700,00:00:17.067,94,0,"<3></c><2>shin!</c><5>shoku!Sing!Shock!shin!shoku!Sing!Shock!</c><3></c>"
00:00:16.700,00:00:19.536,-1,-1,"<3></c><2>Sing!Shock!Sing!Shock!</c><3></c>"
00:00:17.067,00:00:17.401,94,0,"<3></c><2>shin!shoku!</c><5>Sing!Shock!shin!shoku!Sing!Shock!</c><3></c>"
00:00:17.401,00:00:17.735,94,0,"<3></c><2>shin!shoku!Sing!</c><5>Shock!shin!shoku!Sing!Shock!</c><3></c>"
00:00:17.735,00:00:18.102,94,0,"<3></c><2>shin!shoku!Sing!Shock!</c><5>shin!shoku!Sing!Shock!</c><3></c>"
00:00:18.102,00:00:18.435,94,0,"<3></c><2>shin!shoku!Sing!Shock!shin!</c><5>shoku!Sing!Shock!</c><3></c>"
00:00:18.435,00:00:18.802,94,0,"<3></c><2>shin!shoku!Sing!Shock!shin!shoku!</c><5>Sing!Shock!</c><3></c>"
00:00:18.802,00:00:19.136,94,0,"<3></c><2>shin!shoku!Sing!Shock!shin!shoku!Sing!</c><5>Shock!</c><3></c>"
00:00:19.136,00:00:19.536,94,0,"<3></c><2>shin!shoku!Sing!Shock!shin!shoku!Sing!Shock!</c><3></c>"
00:00:19.536,00:00:19.703,59,0,"<3></c><2>shin</c><5>suishinkaiSwing&amp;Sweet</c><3></c>"
00:00:19.536,00:00:22.239,98,-1,"<3></c><2>Sincerelysailanddon'tsinkenjoytheSwing&amp;Sweet</c><3></c>"
00:00:19.703,00:00:20.204,59,0,"<3></c><2>shinsui</c><5>shinkaiSwing&amp;Sweet</c><3></c>"
00:00:20.204,00:00:20.371,59,0,"<3></c><2>shinsuishin</c><5>kaiSwing&amp;Sweet</c><3></c>"
00:00:20.371,00:00:20.571,59,0,"<3></c><2>shinsuishinka</c><5>iSwing&amp;Sweet</c><3></c>"
00:00:20.571,00:00:20.871,59,0,"<3></c><2>shinsuishinkai</c><5>Swing&amp;Sweet</c><3></c>"
00:00:20.871,00:00:21.205,59,0,"<3></c><2>shinsuishinkaiSwing</c><5>&amp;Sweet</c><3></c>"
00:00:21.205,00:00:21.572,59,0,"<3></c><2>shinsuishinkaiSwing&amp;</c><5>Sweet</c><3></c>"
00:00:21.572,00:00:22.239,59,0,"<3></c><2>shinsuishinkaiSwing&amp;Sweet</c><3></c>"
00:00:22.239,00:00:22.639,-1,0,"<3></c><2>fuf</c><5>fuuu</c><3></c>"
00:00:22.239,00:00:25.442,-1,-1,"<3></c><2>Woohoo!</c><3></c>"
00:00:22.639,00:00:25.442,-1,0,"<3></c><2>fuffuuu</c><3></c>"
00:00:25.442,00:00:25.576,63,0,"<3></c><7>to</c><5>mii❤meiyo❤seisonoshougou!</c><3></c>"
00:00:25.442,00:00:27.011,59,-1,"<3></c><7>Wealthfamesymbolsofpure</c><3></c>"
00:00:25.576,00:00:25.843,63,0,"<3></c><7>tomii❤</c><5>meiyo❤seisonoshougou!</c><3></c>"
00:00:25.843,00:00:26.043,63,0,"<3></c><7>tomii❤mei</c><5>yo❤seisonoshougou!</c><3></c>"
00:00:26.043,00:00:26.243,63,0,"<3></c><7>tomii❤meiyo❤</c><5>seisonoshougou!</c><3></c>"
00:00:26.243,00:00:26.477,63,0,"<3></c><7>tomii❤meiyo❤sei</c><5>sonoshougou!</c><3></c>"
00:00:26.477,00:00:26.543,63,0,"<3></c><7>tomii❤meiyo❤seiso</c><5>noshougou!</c><3></c>"
00:00:26.543,00:00:26.677,63,0,"<3></c><7>tomii❤meiyo❤seisono</c><5>shougou!</c><3></c>"
00:00:26.677,00:00:26.877,63,0,"<3></c><7>tomii❤meiyo❤seisonoshou</c><5>gou!</c><3></c>"
00:00:26.877,00:00:27.011,63,0,"<3></c><7>tomii❤meiyo❤seisonoshougou!</c><3></c>"
00:00:27.011,00:00:27.177,56,0,"<3></c><7>yon</c><5>nindekassaracchattaro</c><3></c>"
00:00:27.011,00:00:28.645,63,-1,"<3></c><7>Thefourofuswilltakeitall</c><3></c>"
00:00:27.177,00:00:27.311,56,0,"<3></c><7>yonnin</c><5>dekassaracchattaro</c><3></c>"
00:00:27.311,00:00:27.444,56,0,"<3></c><7>yonninde</c><5>kassaracchattaro</c><3></c>"
00:00:27.444,00:00:27.644,56,0,"<3></c><7>yonnindekas</c><5>saracchattaro</c><3></c>"
00:00:27.644,00:00:27.778,56,0,"<3></c><7>yonnindekassa</c><5>racchattaro</c><3></c>"
00:00:27.778,00:00:27.978,56,0,"<3></c><7>yonnindekassarac</c><5>chattaro</c><3></c>"
00:00:27.978,00:00:28.112,56,0,"<3></c><7>yonnindekassaracchat</c><5>taro</c><3></c>"
00:00:28.112,00:00:28.212,56,0,"<3></c><7>yonnindekassaracchatta</c><5>ro</c><3></c>"
00:00:28.212,00:00:28.645,56,0,"<3></c><7>yonnindekassaracchattaro</c><3></c>"
00:00:28.645,00:00:29.013,-1,0,"<3></c><7>saa</c><5>saasaasaa</c><3></c>"
00:00:28.645,00:00:30.214,-1,-1,"<3></c><7>Na-na-naNa-na</c><3></c>"
00:00:29.013,00:00:29.413,-1,0,"<3></c><7>saasaa</c><5>saasaa</c><3></c>"
00:00:29.413,00:00:29.847,-1,0,"<3></c><7>saasaasaa</c><5>saa</c><3></c>"
00:00:29.847,00:00:30.214,-1,0,"<3></c><7>saasaasaasaa</c><3></c>"
00:00:30.214,00:00:30.614,-1,0,"<3></c><2>(saa</c><5>saasaasaa)</c><3></c>"
00:00:30.214,00:00:31.882,-1,-1,"<3></c><2>(Na-na-naNa-na)</c><3></c>"
00:00:30.614,00:00:31.015,-1,0,"<3></c><2>(saasaa</c><5>saasaa)</c><3></c>"
00:00:31.015,00:00:31.415,-1,0,"<3></c><2>(saasaasaa</c><5>saa)</c><3></c>"
00:00:31.415,00:00:31.882,-1,0,"<3></c><2>(saasaasaasaa)</c><3></c>"
00:00:31.882,00:00:32.082,73,0,"<3></c><4>chi</c><5>kyuuoshinryakuTAKODACHkyuuzou.</c><3></c>"
00:00:31.882,00:00:35.019,81,-1,"<3></c><4>TakeovertheworldtheTakodachirunamok</c><3></c>"
00:00:32.082,00:00:32.449,73,0,"<3></c><4>chikyuu</c><5>oshinryakuTAKODACHkyuuzou.</c><3></c>"
00:00:32.449,00:00:32.683,73,0,"<3></c><4>chikyuuo</c><5>shinryakuTAKODACHkyuuzou.</c><3></c>"
00:00:32.683,00:00:33.050,73,0,"<3></c><4>chikyuuoshin</c><5>ryakuTAKODACHkyuuzou.</c><3></c>"
00:00:33.050,00:00:33.217,73,0,"<3></c><4>chikyuuoshinrya</c><5>kuTAKODACHkyuuzou.</c><3></c>"
00:00:33.217,00:00:33.417,73,0,"<3></c><4>chikyuuoshinryaku</c><5>TAKODACHkyuuzou.</c><3></c>"
00:00:33.417,00:00:33.617,73,0,"<3></c><4>chikyuuoshinryakuTA</c><5>KODACHkyuuzou.</c><3></c>"
00:00:33.617,00:00:33.817,73,0,"<3></c><4>chikyuuoshinryakuTAKO</c><5>DACHkyuuzou.</c><3></c>"
00:00:33.817,00:00:34.051,73,0,"<3></c><4>chikyuuoshinryakuTAKODA</c><5>CHkyuuzou.</c><3></c>"
00:00:34.051,00:00:34.251,73,0,"<3></c><4>chikyuuoshinryakuTAKODACH</c><5>kyuuzou.</c><3></c>"
00:00:34.251,00:00:34.685,73,0,"<3></c><4>chikyuuoshinryakuTAKODACHkyuu</c><5>zou.</c><3></c>"
00:00:34.685,00:00:35.019,73,0,"<3></c><4>chikyuuoshinryakuTAKODACHkyuuzou.</c><3></c>"
00:00:35.019,00:00:35.219,-1,0,"<3></c><2>I</c><5>naInaiinaaInaiinaa</c><3></c>"
00:00:35.019,00:00:38.322,-1,-1,"<3></c><2>InaInaI-naInaI-na</c><3></c>"
00:00:35.219,00:00:35.419,-1,0,"<3></c><2>Ina</c><5>InaiinaaInaiinaa</c><3></c>"
00:00:35.419,00:00:35.652,-1,0,"<3></c><2>InaI</c><5>naiinaaInaiinaa</c><3></c>"
00:00:35.652,00:00:35.819,-1,0,"<3></c><2>InaIna</c><5>iinaaInaiinaa</c><3></c>"
00:00:35.819,00:00:36.220,-1,0,"<3></c><2>InaInaii</c><5>naaInaiinaa</c><3></c>"
00:00:36.220,00:00:36.653,-1,0,"<3></c><2>InaInaiinaa</c><5>Inaiinaa</c><3></c>"
00:00:36.653,00:00:36.820,-1,0,"<3></c><2>InaInaiinaaI</c><5>naiinaa</c><3></c>"
00:00:36.820,00:00:37.021,-1,0,"<3></c><2>InaInaiinaaIna</c><5>iinaa</c><3></c>"
00:00:37.021,00:00:37.421,-1,0,"<3></c><2>InaInaiinaaInaii</c><5>naa</c><3></c>"
00:00:37.421,00:00:38.322,-1,0,"<3></c><2>InaInaiinaaInaiinaa</c><3></c>"
00:00:38.322,00:00:38.689,61,0,"<3></c><6>e</c><5>koredekaizokuhonshokuka!?</c><3></c>"
00:00:38.322,00:00:40.224,59,-1,"<3></c><6>WaitamIarealpiratenow?</c><3></c>"
00:00:38.689,00:00:38.789,61,0,"<3></c><6>eko</c><5>redekaizokuhonshokuka!?</c><3></c>"
00:00:38.789,00:00:38.889,61,0,"<3></c><6>ekore</c><5>dekaizokuhonshokuka!?</c><3></c>"
00:00:38.889,00:00:39.023,61,0,"<3></c><6>ekorede</c><5>kaizokuhonshokuka!?</c><3></c>"
00:00:39.023,00:00:39.189,61,0,"<3></c><6>ekoredekai</c><5>zokuhonshokuka!?</c><3></c>"
00:00:39.189,00:00:39.289,61,0,"<3></c><6>ekoredekaizo</c><5>kuhonshokuka!?</c><3></c>"
00:00:39.289,00:00:39.390,61,0,"<3></c><6>ekoredekaizoku</c><5>honshokuka!?</c><3></c>"
00:00:39.390,00:00:39.556,61,0,"<3></c><6>ekoredekaizokuhon</c><5>shokuka!?</c><3></c>"
00:00:39.556,00:00:39.623,61,0,"<3></c><6>ekoredekaizokuhonsho</c><5>kuka!?</c><3></c>"
00:00:39.623,00:00:39.723,61,0,"<3></c><6>ekoredekaizokuhonshoku</c><5>ka!?</c><3></c>"
00:00:39.723,00:00:40.224,61,0,"<3></c><6>ekoredekaizokuhonshokuka!?</c><3></c>"
00:00:40.224,00:00:40.357,59,0,"<3></c><6>da</c><5>tsukosupurettekotojan!!</c><3></c>"
00:00:40.224,00:00:41.658,-1,-1,"<3></c><6>Nomorecosplayer!</c><3></c>"
00:00:40.357,00:00:40.424,59,0,"<3></c><6>datsu</c><5>kosupurettekotojan!!</c><3></c>"
00:00:40.424,00:00:40.691,59,0,"<3></c><6>datsukosu</c><5>purettekotojan!!</c><3></c>"
00:00:40.691,00:00:40.891,59,0,"<3></c><6>datsukosupure</c><5>ttekotojan!!</c><3></c>"
00:00:40.891,00:00:40.991,59,0,"<3></c><6>datsukosupurette</c><5>kotojan!!</c><3></c>"
00:00:40.991,00:00:41.091,59,0,"<3></c><6>datsukosupuretteko</c><5>tojan!!</c><3></c>"
00:00:41.091,00:00:41.191,59,0,"<3></c><6>datsukosupurettekoto</c><5>jan!!</c><3></c>"
00:00:41.191,00:00:41.658,59,0,"<3></c><6>datsukosupurettekotojan!!</c><3></c>"
00:00:41.658,00:00:41.759,80,0,"<3></c><6>ki</c><5>mitachimohonmononoajishiritaino?</c><3></c>"
00:00:41.658,00:00:44.628,97,-1,"<3></c><6>Wouldy'alllikeatasteoftherealthingtoomateys?</c><3></c>"
00:00:41.759,00:00:41.925,80,0,"<3></c><6>kimi</c><5>tachimohonmononoajishiritaino?</c><3></c>"
00:00:41.925,00:00:42.092,80,0,"<3></c><6>kimita</c><5>chimohonmononoajishiritaino?</c><3></c>"
00:00:42.092,00:00:42.226,80,0,"<3></c><6>kimitachi</c><5>mohonmononoajishiritaino?</c><3></c>"
00:00:42.226,00:00:42.393,80,0,"<3></c><6>kimitachimo</c><5>honmononoajishiritaino?</c><3></c>"
00:00:42.226,00:00:42.426,-1,0,"<3></c><1>(ki</c><5>tsuizo!!)</c><3></c>"
00:00:42.226,00:00:43.093,-1,92,"<3></c><1>(That'sayikes...)</c><3></c>"
00:00:42.393,00:00:42.559,80,0,"<3></c><6>kimitachimoho</c><5>nmononoajishiritaino?</c><3></c>"
00:00:42.426,00:00:42.493,-1,0,"<3></c><1>(kitsu</c><5>izo!!)</c><3></c>"
00:00:42.493,00:00:42.593,-1,0,"<3></c><1>(kitsui</c><5>zo!!)</c><3></c>"
00:00:42.559,00:00:42.693,80,0,"<3></c><6>kimitachimohon</c><5>mononoajishiritaino?</c><3></c>"
00:00:42.593,00:00:43.093,-1,0,"<3></c><1>(kitsuizo!!)</c><3></c>"
00:00:42.693,00:00:42.826,80,0,"<3></c><6>kimitachimohonmo</c><5>nonoajishiritaino?</c><3></c>"
00:00:42.826,00:00:42.926,80,0,"<3></c><6>kimitachimohonmono</c><5>noajishiritaino?</c><3></c>"
00:00:42.926,00:00:43.093,80,0,"<3></c><6>kimitachimohonmonono</c><5>ajishiritaino?</c><3></c>"
00:00:43.093,00:00:43.327,80,0,"<3></c><6>kimitachimohonmononoa</c><5>jishiritaino?</c><3></c>"
00:00:43.093,00:00:43.227,-1,0,"<3></c><4>(ku</c><5>sadesu)</c><3></c>"
00:00:43.093,00:00:44.161,-1,92,"<3></c><4>(lol)</c><3></c>"
00:00:43.227,00:00:43.327,-1,0,"<3></c><4>(kusa</c><5>desu)</c><3></c>"
00:00:43.327,00:00:43.627,80,0,"<3></c><6>kimitachimohonmononoaji</c><5>shiritaino?</c><3></c>"
00:00:43.327,00:00:44.161,-1,0,"<3></c><4>(kusadesu)</c><3></c>"
00:00:43.627,00:00:43.727,80,0,"<3></c><6>kimitachimohonmononoajishi</c><5>ritaino?</c><3></c>"
00:00:43.727,00:00:43.861,80,0,"<3></c><6>kimitachimohonmononoajishiri</c><5>taino?</c><3></c>"
00:00:43.861,00:00:43.994,80,0,"<3></c><6>kimitachimohonmononoajishirita</c><5>ino?</c><3></c>"
00:00:43.994,00:00:44.128,80,0,"<3></c><6>kimitachimohonmononoajishiritai</c><5>no?</c><3></c>"
00:00:44.128,00:00:44.628,80,0,"<3></c><6>kimitachimohonmononoajishiritaino?</c><3></c>"
00:00:44.161,00:00:44.261,-1,0,"<3></c><7>(ko</c><5>wa...)</c><3></c>"
00:00:44.161,00:00:44.628,-1,92,"<3></c><7>(eep)</c><3></c>"
00:00:44.261,00:00:44.628,-1,0,"<3></c><7>(kowa...)</c><3></c>"
00:00:44.628,00:00:45.029,73,0,"<3></c><1>Shrimp</c><5>tosalmansamezenbutabemasu</c><3></c>"
00:00:44.628,00:00:48.198,91,-1,"<3></c><1>Alltheshrimpallthesalmansharkyeatitall</c><3></c>"
00:00:45.029,00:00:45.396,73,0,"<3></c><1>Shrimpto</c><5>salmansamezenbutabemasu</c><3></c>"
00:00:45.396,00:00:45.596,73,0,"<3></c><1>Shrimptosal</c><5>mansamezenbutabemasu</c><3></c>"
00:00:45.596,00:00:46.196,73,0,"<3></c><1>Shrimptosalman</c><5>samezenbutabemasu</c><3></c>"
00:00:46.196,00:00:46.430,73,0,"<3></c><1>Shrimptosalmansa</c><5>mezenbutabemasu</c><3></c>"
00:00:46.430,00:00:46.630,73,0,"<3></c><1>Shrimptosalmansame</c><5>zenbutabemasu</c><3></c>"
00:00:46.630,00:00:46.830,73,0,"<3></c><1>Shrimptosalmansamezen</c><5>butabemasu</c><3></c>"
00:00:46.830,00:00:47.031,73,0,"<3></c><1>Shrimptosalmansamezenbu</c><5>tabemasu</c><3></c>"
00:00:47.031,00:00:47.164,73,0,"<3></c><1>Shrimptosalmansamezenbuta</c><5>bemasu</c><3></c>"
00:00:47.164,00:00:47.297,73,0,"<3></c><1>Shrimptosalmansamezenbutabe</c><5>masu</c><3></c>"
00:00:47.297,00:00:48.198,73,0,"<3></c><1>Shrimptosalmansamezenbutabemasu</c><3></c>"
00:00:48.198,00:00:48.399,-1,0,"<3></c><1>(eat</c><5>shrimp...</c><3></c>"
00:00:48.198,00:00:48.866,-1,-1,"<3></c><1>(eatshrimp...</c><3></c>"
00:00:48.399,00:00:48.866,-1,0,"<3></c><1>(eatshrimp...</c><3></c>"
00:00:48.866,00:00:48.999,69,0,"<3></c><1>we</c><5>eateveryshrimpontheearth...</c><3></c>"
00:00:48.866,00:00:50.401,69,-1,"<3></c><1>weeateveryshrimpontheearth...</c><3></c>"
00:00:48.999,00:00:49.099,69,0,"<3></c><1>weeat</c><5>everyshrimpontheearth...</c><3></c>"
00:00:49.099,00:00:49.266,69,0,"<3></c><1>weeateve</c><5>ryshrimpontheearth...</c><3></c>"
00:00:49.266,00:00:49.433,69,0,"<3></c><1>weeatevery</c><5>shrimpontheearth...</c><3></c>"
00:00:49.433,00:00:49.600,69,0,"<3></c><1>weeateveryshrimp</c><5>ontheearth...</c><3></c>"
00:00:49.600,00:00:49.800,69,0,"<3></c><1>weeateveryshrimpon</c><5>theearth...</c><3></c>"
00:00:49.800,00:00:49.900,69,0,"<3></c><1>weeateveryshrimponthe</c><5>earth...</c><3></c>"
00:00:49.900,00:00:50.401,69,0,"<3></c><1>weeateveryshrimpontheearth...</c><3></c>"
00:00:50.401,00:00:50.701,-1,0,"<3></c><1>oh</c><5>mic'son!)</c><3></c>"
00:00:50.401,00:00:51.535,-1,-1,"<3></c><1>ohmic'son!)</c><3></c>"
00:00:50.701,00:00:51.001,-1,0,"<3></c><1>ohmic's</c><5>on!)</c><3></c>"
00:00:51.001,00:00:51.535,-1,0,"<3></c><1>ohmic'son!)</c><3></c>"
00:00:51.535,00:00:52.169,-1,0,"<3></c><1>A</c><3></c>"
00:00:51.535,00:00:52.169,-1,92,"<3></c><1>A</c><3></c>"
00:00:51.835,00:00:52.169,-1,0,"<3></c><6>zen</c><5>jinruijousen</c><3></c>"
00:00:51.835,00:00:54.571,-1,-1,"<3></c><6>Allmankindondeck</c><3></c>"
00:00:52.169,00:00:52.503,-1,0,"<3></c><6>zenjin</c><5>ruijousen</c><3></c>"
00:00:52.503,00:00:52.870,-1,0,"<3></c><6>zenjinrui</c><5>jousen</c><3></c>"
00:00:52.870,00:00:53.170,-1,0,"<3></c><6>zenjinruijou</c><5>sen</c><3></c>"
00:00:53.170,00:00:54.571,-1,0,"<3></c><6>zenjinruijousen</c><3></c>"
00:00:53.170,00:00:53.537,-1,0,"<3></c><4>ha</c><5>hanaruumieto</c><3></c>"
00:00:53.170,00:00:56.006,56,92,"<3></c><4>Totheall-encompassingsea</c><3></c>"
00:00:53.537,00:00:53.871,-1,0,"<3></c><4>haha</c><5>naruumieto</c><3></c>"
00:00:53.871,00:00:54.071,-1,0,"<3></c><4>hahana</c><5>ruumieto</c><3></c>"
00:00:54.071,00:00:54.271,-1,0,"<3></c><4>hahanaru</c><5>umieto</c><3></c>"
00:00:54.271,00:00:54.438,-1,0,"<3></c><4>hahanaruu</c><5>mieto</c><3></c>"
00:00:54.438,00:00:54.571,-1,0,"<3></c><4>hahanaruumi</c><5>eto</c><3></c>"
00:00:54.571,00:00:54.772,-1,0,"<3></c><4>hahanaruumie</c><5>to</c><3></c>"
00:00:54.571,00:00:54.772,-1,0,"<3></c><7>mi</c><5>zuniotosande...</c><3></c>"
00:00:54.571,00:00:57.207,-1,-1,"<3></c><7>Noonegoesoverboard</c><3></c>"
00:00:54.772,00:00:56.006,-1,0,"<3></c><4>hahanaruumieto</c><3></c>"
00:00:54.772,00:00:54.938,-1,0,"<3></c><7>mizu</c><5>niotosande...</c><3></c>"
00:00:54.938,00:00:55.105,-1,0,"<3></c><7>mizuni</c><5>otosande...</c><3></c>"
00:00:55.105,00:00:55.272,-1,0,"<3></c><7>mizunio</c><5>tosande...</c><3></c>"
00:00:55.272,00:00:55.639,-1,0,"<3></c><7>mizunioto</c><5>sande...</c><3></c>"
00:00:55.639,00:00:56.006,-1,0,"<3></c><7>mizuniotosa</c><5>nde...</c><3></c>"
00:00:56.006,00:00:56.140,-1,0,"<3></c><7>mizuniotosan</c><5>de...</c><3></c>"
00:00:56.006,00:00:56.340,-1,0,"<3></c><1>sai</c><5>kounoDeepblue</c><3></c>"
00:00:56.006,00:00:58.075,56,92,"<3></c><1>Takeinthegreatdeepblue</c><3></c>"
00:00:56.140,00:00:57.207,-1,0,"<3></c><7>mizuniotosande...</c><3></c>"
00:00:56.340,00:00:56.707,-1,0,"<3></c><1>saikou</c><5>noDeepblue</c><3></c>"
00:00:56.707,00:00:57.007,-1,0,"<3></c><1>saikouno</c><5>Deepblue</c><3></c>"
00:00:57.007,00:00:57.608,-1,0,"<3></c><1>saikounoDeep</c><5>blue</c><3></c>"
00:00:57.608,00:00:58.075,-1,0,"<3></c><1>saikounoDeepblue</c><3></c>"
00:00:58.075,00:00:58.409,63,0,"<3></c><2>wa</c><5>tashitachinoumiegoshoutai</c><3></c>"
00:00:58.075,00:01:02.312,-1,-1,"<3></c><2>Thisisourcruiseline</c><3></c>"
00:00:58.409,00:00:58.642,63,0,"<3></c><2>wata</c><5>shitachinoumiegoshoutai</c><3></c>"
00:00:58.642,00:00:58.776,63,0,"<3></c><2>watashi</c><5>tachinoumiegoshoutai</c><3></c>"
00:00:58.776,00:00:58.942,63,0,"<3></c><2>watashita</c><5>chinoumiegoshoutai</c><3></c>"
00:00:58.942,00:00:59.309,63,0,"<3></c><2>watashitachi</c><5>noumiegoshoutai</c><3></c>"
00:00:59.309,00:00:59.643,63,0,"<3></c><2>watashitachino</c><5>umiegoshoutai</c><3></c>"
00:00:59.643,00:00:59.977,63,0,"<3></c><2>watashitachinou</c><5>miegoshoutai</c><3></c>"
00:00:59.977,00:01:00.144,63,0,"<3></c><2>watashitachinoumi</c><5>egoshoutai</c><3></c>"
00:01:00.144,00:01:00.310,63,0,"<3></c><2>watashitachinoumie</c><5>goshoutai</c><3></c>"
00:01:00.310,00:01:00.511,63,0,"<3></c><2>watashitachinoumiego</c><5>shoutai</c><3></c>"
00:01:00.511,00:01:00.878,63,0,"<3></c><2>watashitachinoumiegoshou</c><5>tai</c><3></c>"
00:01:00.878,00:01:02.312,63,0,"<3></c><2>watashitachinoumiegoshoutai</c><3></c>"
00:01:01.211,00:01:01.512,-1,0,"<3></c><2>(Our</c><5>showtime!!)</c><3></c>"
00:01:01.211,00:01:02.312,-1,92,"<3></c><2>(Ourshowtime!)</c><3></c>"
00:01:01.512,00:01:01.779,-1,0,"<3></c><2>(Ourshow</c><5>time!!)</c><3></c>"
00:01:01.779,00:01:02.312,-1,0,"<3></c><2>(Ourshowtime!!)</c><3></c>"
00:01:02.312,00:01:02.479,-1,0,"<3></c><4>(hu</c><5>mu-humu.)</c><3></c>"
00:01:02.312,00:01:02.980,-1,-1,"<3></c><4>Uh-huhuh-huh</c><3></c>"
00:01:02.479,00:01:02.646,-1,0,"<3></c><4>(humu-</c><5>humu.)</c><3></c>"
00:01:02.646,00:01:02.780,-1,0,"<3></c><4>(humu-hu</c><5>mu.)</c><3></c>"
00:01:02.780,00:01:02.980,-1,0,"<3></c><4>(humu-humu.)</c><3></c>"
00:01:02.980,00:01:03.113,-1,0,"<3></c><7>son</c><5>ja</c><3></c>"
00:01:02.980,00:01:03.313,-1,-1,"<3></c><7>Okaylet'sroll</c><3></c>"
00:01:03.113,00:01:03.313,-1,0,"<3></c><7>sonja</c><3></c>"
00:01:03.313,00:01:03.680,-1,0,"<3></c><2>(1)</c><5>Departtheharbor</c><3></c>"
00:01:03.313,00:01:04.715,-1,-1,"<3></c><2>(1)</c><7>Departtheharbor</c><3></c>"
00:01:03.680,00:01:03.847,-1,0,"<3></c><2>(1)</c><7>De</c><5>parttheharbor</c><3></c>"
00:01:03.847,00:01:04.181,-1,0,"<3></c><2>(1)</c><7>Depart</c><5>theharbor</c><3></c>"
00:01:04.181,00:01:04.348,-1,0,"<3></c><2>(1)</c><7>Departthe</c><5>harbor</c><3></c>"
00:01:04.348,00:01:04.515,-1,0,"<3></c><2>(1)</c><7>Departthehar</c><5>bor</c><3></c>"
00:01:04.515,00:01:04.715,-1,0,"<3></c><2>(1)</c><7>Departtheharbor</c><3></c>"
00:01:04.715,00:01:04.882,-1,0,"<3></c><2>(2)</c><5>Launchourmarinejet</c><3></c>"
00:01:04.715,00:01:06.116,-1,-1,"<3></c><2>(2)</c><6>Launchourmarinejet</c><3></c>"
00:01:04.882,00:01:05.082,-1,0,"<3></c><2>(2)</c><6>Launch</c><5>ourmarinejet</c><3></c>"
00:01:05.082,00:01:05.382,-1,0,"<3></c><2>(2)</c><6>Launchour</c><5>marinejet</c><3></c>"
00:01:05.382,00:01:05.582,-1,0,"<3></c><2>(2)</c><6>Launchourma</c><5>rinejet</c><3></c>"
00:01:05.582,00:01:05.783,-1,0,"<3></c><2>(2)</c><6>Launchourmarine</c><5>jet</c><3></c>"
00:01:05.783,00:01:06.116,-1,0,"<3></c><2>(2)</c><6>Launchourmarinejet</c><3></c>"
00:01:06.116,00:01:06.250,-1,0,"<3></c><2>(3)</c><5>Startasharkventure</c><3></c>"
00:01:06.116,00:01:07.518,-1,-1,"<3></c><2>(3)</c><1>Startasharkventure</c><3></c>"
00:01:06.250,00:01:06.617,-1,0,"<3></c><2>(3)</c><1>Start</c><5>asharkventure</c><3></c>"
00:01:06.617,00:01:06.784,-1,0,"<3></c><2>(3)</c><1>Starta</c><5>sharkventure</c><3></c>"
00:01:06.784,00:01:07.117,-1,0,"<3></c><2>(3)</c><1>Startashark</c><5>venture</c><3></c>"
00:01:07.117,00:01:07.351,-1,0,"<3></c><2>(3)</c><1>Startasharkven</c><5>ture</c><3></c>"
00:01:07.351,00:01:07.518,-1,0,"<3></c><2>(3)</c><1>Startasharkventure</c><3></c>"
00:01:07.518,00:01:07.684,70,0,"<3></c><2>(4)</c><5>AndTAKO-overtheworldwithsea</c><3></c>"
00:01:07.518,00:01:10.654,70,-1,"<3></c><2>(4)</c><4>AndTAKO-overtheworldwithsea</c><3></c>"
00:01:07.684,00:01:07.851,72,0,"<3></c><2>(4)</c><4>And</c><5>TAKO-overtheworldwithsea</c><3></c>"
00:01:07.851,00:01:08.018,72,0,"<3></c><2>(4)</c><4>AndTA</c><5>KO-overtheworldwithsea</c><3></c>"
00:01:08.018,00:01:08.118,72,0,"<3></c><2>(4)</c><4>AndTAKO-</c><5>overtheworldwithsea</c><3></c>"
00:01:08.118,00:01:08.185,72,0,"<3></c><2>(4)</c><4>AndTAKO-o</c><5>vertheworldwithsea</c><3></c>"
00:01:08.185,00:01:08.552,72,0,"<3></c><2>(4)</c><4>AndTAKO-over</c><5>theworldwithsea</c><3></c>"
00:01:08.552,00:01:08.886,72,0,"<3></c><2>(4)</c><4>AndTAKO-overthe</c><5>worldwithsea</c><3></c>"
00:01:08.886,00:01:09.253,72,0,"<3></c><2>(4)</c><4>AndTAKO-overtheworld</c><5>withsea</c><3></c>"
00:01:09.253,00:01:09.453,72,0,"<3></c><2>(4)</c><4>AndTAKO-overtheworldwith</c><5>sea</c><3></c>"
00:01:09.453,00:01:10.654,70,0,"<3></c><2>(4)</c><4>AndTAKO-overtheworldwithsea</c><3></c>"
00:01:10.654,00:01:10.954,-1,0,"<3></c><2>Here</c><5>wego</c><3></c>"
00:01:10.654,00:01:10.954,-1,0,"<3></c><2>is</c><5>seeno</c><3></c>"
00:01:10.654,00:01:11.722,-1,92,"<3></c><2>Herewego</c><3></c>"
00:01:10.654,00:01:11.722,-1,-1,"<3></c><2>A-oneanda-two</c><3></c>"
00:01:10.954,00:01:11.321,-1,0,"<3></c><2>Herewe</c><5>go</c><3></c>"
00:01:10.954,00:01:11.321,-1,0,"<3></c><2>issee</c><5>no</c><3></c>"
00:01:11.321,00:01:11.722,-1,0,"<3></c><2>Herewego</c><3></c>"
00:01:11.321,00:01:11.722,-1,0,"<3></c><2>isseeno</c><3></c>"
00:01:11.722,00:01:12.056,-1,0,"<3></c><2>(Hi</c><5>hihai!!!)</c><3></c>"
00:01:11.722,00:01:12.756,-1,-1,"<3></c><2>(Hihiuphigh!)</c><3></c>"
00:01:12.056,00:01:12.423,-1,0,"<3></c><2>(Hihi</c><5>hai!!!)</c><3></c>"
00:01:12.423,00:01:12.756,-1,0,"<3></c><2>(Hihihai!!!)</c><3></c>"
00:01:12.756,00:01:13.123,-1,0,"<3></c><2>ou</c><5>shan🌊🌊🌊oushan🌊🌊🌊</c><3></c>"
00:01:12.756,00:01:14.258,-1,-1,"<3></c><2>Ocean🌊🌊🌊Ocean🌊🌊🌊</c><3></c>"
00:01:13.123,00:01:13.657,-1,0,"<3></c><2>oushan🌊🌊🌊</c><5>oushan🌊🌊🌊</c><3></c>"
00:01:13.657,00:01:13.791,-1,0,"<3></c><2>oushan🌊🌊🌊ou</c><5>shan🌊🌊🌊</c><3></c>"
00:01:13.791,00:01:14.258,-1,0,"<3></c><2>oushan🌊🌊🌊oushan🌊🌊🌊</c><3></c>"
00:01:14.258,00:01:14.491,-1,0,"<3></c><2>Love</c><5>lyocean</c><3></c>"
00:01:14.258,00:01:15.726,-1,-1,"<3></c><2>Lovelyocean</c><3></c>"
00:01:14.491,00:01:14.792,-1,0,"<3></c><2>Lovely</c><5>ocean</c><3></c>"
00:01:14.792,00:01:15.025,-1,0,"<3></c><2>Lovelyo</c><5>cean</c><3></c>"
00:01:15.025,00:01:15.726,-1,0,"<3></c><2>Lovelyocean</c><3></c>"
00:01:15.726,00:01:15.893,-1,0,"<3></c><2>mi</c><5>zubitashinsekai</c><3></c>"
00:01:15.726,00:01:18.128,-1,-1,"<3></c><2>Thisinundatednewworld</c><3></c>"
00:01:15.893,00:01:16.427,-1,0,"<3></c><2>mizu</c><5>bitashinsekai</c><3></c>"
00:01:16.427,00:01:16.593,-1,0,"<3></c><2>mizubi</c><5>tashinsekai</c><3></c>"
00:01:16.593,00:01:17.094,-1,0,"<3></c><2>mizubita</c><5>shinsekai</c><3></c>"
00:01:17.094,00:01:17.261,-1,0,"<3></c><2>mizubitashin</c><5>sekai</c><3></c>"
00:01:17.261,00:01:17.528,-1,0,"<3></c><2>mizubitashinse</c><5>kai</c><3></c>"
00:01:17.528,00:01:17.828,-1,0,"<3></c><2>mizubitashinseka</c><5>i</c><3></c>"
00:01:17.828,00:01:18.128,-1,0,"<3></c><2>mizubitashinsekai</c><3></c>"
00:01:18.128,00:01:18.295,67,0,"<3></c><2>a</c><5>oihoshiourutoramarinnisomete</c><3></c>"
00:01:18.128,00:01:22.866,70,-1,"<3></c><2>Paintstheplanetadeepultramarine</c><3></c>"
00:01:18.295,00:01:18.462,67,0,"<3></c><2>ao</c><5>ihoshiourutoramarinnisomete</c><3></c>"
00:01:18.462,00:01:18.629,67,0,"<3></c><2>aoi</c><5>hoshiourutoramarinnisomete</c><3></c>"
00:01:18.629,00:01:18.829,67,0,"<3></c><2>aoiho</c><5>shiourutoramarinnisomete</c><3></c>"
00:01:18.829,00:01:18.962,67,0,"<3></c><2>aoihoshi</c><5>ourutoramarinnisomete</c><3></c>"
00:01:18.962,00:01:19.563,67,0,"<3></c><2>aoihoshio</c><5>urutoramarinnisomete</c><3></c>"
00:01:19.563,00:01:19.730,67,0,"<3></c><2>aoihoshiouru</c><5>toramarinnisomete</c><3></c>"
00:01:19.730,00:01:20.064,67,0,"<3></c><2>aoihoshiourutora</c><5>marinnisomete</c><3></c>"
00:01:20.064,00:01:20.264,67,0,"<3></c><2>aoihoshiourutorama</c><5>rinnisomete</c><3></c>"
00:01:20.264,00:01:20.931,67,0,"<3></c><2>aoihoshiourutoramarin</c><5>nisomete</c><3></c>"
00:01:20.931,00:01:21.131,67,0,"<3></c><2>aoihoshiourutoramarinni</c><5>somete</c><3></c>"
00:01:21.131,00:01:21.265,67,0,"<3></c><2>aoihoshiourutoramarinniso</c><5>mete</c><3></c>"
00:01:21.265,00:01:21.465,67,0,"<3></c><2>aoihoshiourutoramarinnisome</c><5>te</c><3></c>"
00:01:21.465,00:01:22.866,67,0,"<3></c><2>aoihoshiourutoramarinnisomete</c><3></c>"
00:01:22.866,00:01:23.233,-1,0,"<3></c><2>ieei</c><5>ieeiieei!!!</c><3></c>"
00:01:22.866,00:01:23.934,-1,-1,"<3></c><2>Yayyayyay!</c><3></c>"
00:01:23.233,00:01:23.567,-1,0,"<3></c><2>ieeiieei</c><5>ieei!!!</c><3></c>"
00:01:23.567,00:01:23.934,-1,0,"<3></c><2>ieeiieeiieei!!!</c><3></c>"
00:01:23.934,00:01:24.268,-1,0,"<3></c><2>ou</c><5>shan🌊🌊🌊oushan🌊🌊🌊</c><3></c>"
00:01:23.934,00:01:25.469,-1,-1,"<3></c><2>Ocean🌊🌊🌊Ocean🌊🌊🌊</c><3></c>"
00:01:24.268,00:01:24.802,-1,0,"<3></c><2>oushan🌊🌊🌊</c><5>oushan🌊🌊🌊</c><3></c>"
00:01:24.802,00:01:25.002,-1,0,"<3></c><2>oushan🌊🌊🌊ou</c><5>shan🌊🌊🌊</c><3></c>"
00:01:25.002,00:01:25.469,-1,0,"<3></c><2>oushan🌊🌊🌊oushan🌊🌊🌊</c><3></c>"
00:01:25.469,00:01:25.636,-1,0,"<3></c><2>Ep</c><5>icocean</c><3></c>"
00:01:25.469,00:01:26.870,-1,-1,"<3></c><2>Epicocean</c><3></c>"
00:01:25.636,00:01:25.869,-1,0,"<3></c><2>Epic</c><5>ocean</c><3></c>"
00:01:25.869,00:01:26.203,-1,0,"<3></c><2>Epico</c><5>cean</c><3></c>"
00:01:26.203,00:01:26.870,-1,0,"<3></c><2>Epicocean</c><3></c>"
00:01:26.870,00:01:27.037,61,0,"<3></c><2>riku</c><5>kaikuuzenbukaikaikai!!</c><3></c>"
00:01:26.870,00:01:29.339,59,-1,"<3></c><2>Takingoverbothlandandsky</c><3></c>"
00:01:27.037,00:01:27.571,61,0,"<3></c><2>rikukai</c><5>kuuzenbukaikaikai!!</c><3></c>"
00:01:27.571,00:01:27.738,61,0,"<3></c><2>rikukaikuu</c><5>zenbukaikaikai!!</c><3></c>"
00:01:27.738,00:01:28.238,61,0,"<3></c><2>rikukaikuuzen</c><5>bukaikaikai!!</c><3></c>"
00:01:28.238,00:01:28.439,61,0,"<3></c><2>rikukaikuuzenbu</c><5>kaikaikai!!</c><3></c>"
00:01:28.439,00:01:28.705,61,0,"<3></c><2>rikukaikuuzenbukai</c><5>kaikai!!</c><3></c>"
00:01:28.705,00:01:28.972,61,0,"<3></c><2>rikukaikuuzenbukaikai</c><5>kai!!</c><3></c>"
00:01:28.972,00:01:29.339,61,0,"<3></c><2>rikukaikuuzenbukaikaikai!!</c><3></c>"
00:01:29.339,00:01:29.473,67,0,"<3></c><2>A</c><5>QUAmanpaiBluestPlanetesusume</c><3></c>"
00:01:29.339,00:01:32.609,78,-1,"<3></c><2>Destination:AbluestplanetfullofAQUA</c><3></c>"
00:01:29.473,00:01:29.807,67,0,"<3></c><2>AQUA</c><5>manpaiBluestPlanetesusume</c><3></c>"
00:01:29.807,00:01:30.107,67,0,"<3></c><2>AQUAman</c><5>paiBluestPlanetesusume</c><3></c>"
00:01:30.107,00:01:30.707,67,0,"<3></c><2>AQUAmanpai</c><5>BluestPlanetesusume</c><3></c>"
00:01:30.707,00:01:30.808,67,0,"<3></c><2>AQUAmanpaiBlu</c><5>estPlanetesusume</c><3></c>"
00:01:30.808,00:01:31.075,67,0,"<3></c><2>AQUAmanpaiBluest</c><5>Planetesusume</c><3></c>"
00:01:31.075,00:01:31.241,67,0,"<3></c><2>AQUAmanpaiBluestPlan</c><5>etesusume</c><3></c>"
00:01:31.241,00:01:31.375,67,0,"<3></c><2>AQUAmanpaiBluestPlanet</c><5>esusume</c><3></c>"
00:01:31.375,00:01:32.109,67,0,"<3></c><2>AQUAmanpaiBluestPlanete</c><5>susume</c><3></c>"
00:01:32.109,00:01:32.242,67,0,"<3></c><2>AQUAmanpaiBluestPlanetesu</c><5>sume</c><3></c>"
00:01:32.242,00:01:32.409,67,0,"<3></c><2>AQUAmanpaiBluestPlanetesusu</c><5>me</c><3></c>"
00:01:32.409,00:01:32.609,67,0,"<3></c><2>AQUAmanpaiBluestPlanetesusume</c><3></c>"
00:01:32.609,00:01:32.876,-1,0,"<3></c><2>yo-</c><5>soro-!yo-soro-!</c><3></c>"
00:01:32.609,00:01:34.878,84,-1,"<3></c><2>Keep'erniceandsteady!Steadyasshegoes!</c><3></c>"
00:01:32.876,00:01:33.177,-1,0,"<3></c><2>yo-so</c><5>ro-!yo-soro-!</c><3></c>"
00:01:33.177,00:01:34.011,-1,0,"<3></c><2>yo-soro-!</c><5>yo-soro-!</c><3></c>"
00:01:34.011,00:01:34.278,-1,0,"<3></c><2>yo-soro-!yo-</c><5>soro-!</c><3></c>"
00:01:34.278,00:01:34.545,-1,0,"<3></c><2>yo-soro-!yo-so</c><5>ro-!</c><3></c>"
00:01:34.545,00:01:34.878,-1,0,"<3></c><2>yo-soro-!yo-soro-!</c><3></c>"
00:01:34.878,00:01:35.045,73,0,"<3></c><2>ko</c><5>nohoshiohitoshizukunishitara...</c><3></c>"
00:01:34.878,00:01:38.015,84,-1,"<3></c><2>Turntheplanetintobutadropinthebucket</c><3></c>"
00:01:35.045,00:01:35.212,73,0,"<3></c><2>kono</c><5>hoshiohitoshizukunishitara...</c><3></c>"
00:01:35.212,00:01:35.446,73,0,"<3></c><2>konoho</c><5>shiohitoshizukunishitara...</c><3></c>"
00:01:35.446,00:01:35.646,73,0,"<3></c><2>konohoshi</c><5>ohitoshizukunishitara...</c><3></c>"
00:01:35.646,00:01:36.280,73,0,"<3></c><2>konohoshio</c><5>hitoshizukunishitara...</c><3></c>"
00:01:36.280,00:01:36.447,73,0,"<3></c><2>konohoshiohi</c><5>toshizukunishitara...</c><3></c>"
00:01:36.447,00:01:36.613,73,0,"<3></c><2>konohoshiohito</c><5>shizukunishitara...</c><3></c>"
00:01:36.613,00:01:36.814,73,0,"<3></c><2>konohoshiohitoshi</c><5>zukunishitara...</c><3></c>"
00:01:36.814,00:01:36.980,73,0,"<3></c><2>konohoshiohitoshizu</c><5>kunishitara...</c><3></c>"
00:01:36.980,00:01:37.081,73,0,"<3></c><2>konohoshiohitoshizuku</c><5>nishitara...</c><3></c>"
00:01:37.081,00:01:37.314,73,0,"<3></c><2>konohoshiohitoshizukuni</c><5>shitara...</c><3></c>"
00:01:37.314,00:01:37.414,73,0,"<3></c><2>konohoshiohitoshizukunishi</c><5>tara...</c><3></c>"
00:01:37.414,00:01:37.514,73,0,"<3></c><2>konohoshiohitoshizukunishita</c><5>ra...</c><3></c>"
00:01:37.514,00:01:38.015,73,0,"<3></c><2>konohoshiohitoshizukunishitara...</c><3></c>"
00:01:38.015,00:01:38.215,-1,0,"<3></c><2>ra</c><5>SearaSea</c><3></c>"
00:01:38.015,00:01:39.416,-1,-1,"<3></c><2>Lesealesea</c><3></c>"
00:01:38.215,00:01:38.715,-1,0,"<3></c><2>raSea</c><5>raSea</c><3></c>"
00:01:38.715,00:01:38.916,-1,0,"<3></c><2>raSeara</c><5>Sea</c><3></c>"
00:01:38.916,00:01:39.416,-1,0,"<3></c><2>raSearaSea</c><3></c>"
00:01:39.416,00:01:39.616,-1,0,"<3></c><2>ra</c><5>Sea4(shi)shi!!!</c><3></c>"
00:01:39.416,00:01:41.018,-1,-1,"<3></c><2>Seetheseasofecstasy!</c><3></c>"
00:01:39.616,00:01:39.883,-1,0,"<3></c><2>raSea</c><5>4(shi)shi!!!</c><3></c>"
00:01:39.883,00:01:40.117,-1,0,"<3></c><2>raSea4(shi)</c><5>shi!!!</c><3></c>"
00:01:40.117,00:01:41.018,-1,0,"<3></c><2>raSea4(shi)shi!!!</c><3></c>"
00:01:41.018,00:01:42.352,-1,0,"<3></c><2>WAHHH!!!</c><3></c>"
00:01:41.018,00:01:42.352,-1,-1,"<3></c><2>Wahhh!</c><3></c>"
00:01:42.352,00:01:42.653,-1,0,"<3></c><2>ret</c><5>tsuraoushan!!!</c><3></c>"
00:01:42.352,00:01:44.154,-1,-1,"<3></c><2>Let'socean!</c><3></c>"
00:01:42.653,00:01:42.786,-1,0,"<3></c><2>rettsu</c><5>raoushan!!!</c><3></c>"
00:01:42.786,00:01:43.053,-1,0,"<3></c><2>rettsura</c><5>oushan!!!</c><3></c>"
00:01:43.053,00:01:43.287,-1,0,"<3></c><2>rettsuraou</c><5>shan!!!</c><3></c>"
00:01:43.287,00:01:44.154,-1,0,"<3></c><2>rettsuraoushan!!!</c><3></c>"
00:01:44.154,00:01:44.855,77,0,"<3></c><1>hai!</c><5>konofunenonamaenaninisuruno?</c><3></c>"
00:01:44.154,00:01:47.658,67,-1,"<3></c><1>Kaywhatarewenamingthisship?</c><3></c>"
00:01:44.855,00:01:45.022,77,0,"<3></c><1>hai!ko</c><5>nofunenonamaenaninisuruno?</c><3></c>"
00:01:45.022,00:01:45.222,77,0,"<3></c><1>hai!kono</c><5>funenonamaenaninisuruno?</c><3></c>"
00:01:45.222,00:01:45.355,77,0,"<3></c><1>hai!konofu</c><5>nenonamaenaninisuruno?</c><3></c>"
00:01:45.355,00:01:45.522,77,0,"<3></c><1>hai!konofune</c><5>nonamaenaninisuruno?</c><3></c>"
00:01:45.522,00:01:45.689,77,0,"<3></c><1>hai!konofuneno</c><5>namaenaninisuruno?</c><3></c>"
00:01:45.689,00:01:45.856,77,0,"<3></c><1>hai!konofunenona</c><5>maenaninisuruno?</c><3></c>"
00:01:45.856,00:01:45.989,77,0,"<3></c><1>hai!konofunenonama</c><5>enaninisuruno?</c><3></c>"
00:01:45.989,00:01:46.123,77,0,"<3></c><1>hai!konofunenonamae</c><5>naninisuruno?</c><3></c>"
00:01:46.123,00:01:46.323,77,0,"<3></c><1>hai!konofunenonamaena</c><5>ninisuruno?</c><3></c>"
00:01:46.323,00:01:46.523,77,0,"<3></c><1>hai!konofunenonamaenani</c><5>nisuruno?</c><3></c>"
00:01:46.523,00:01:46.723,77,0,"<3></c><1>hai!konofunenonamaenanini</c><5>suruno?</c><3></c>"
00:01:46.723,00:01:46.890,77,0,"<3></c><1>hai!konofunenonamaenaninisu</c><5>runo?</c><3></c>"
00:01:46.890,00:01:47.024,77,0,"<3></c><1>hai!konofunenonamaenaninisuru</c><5>no?</c><3></c>"
00:01:47.024,00:01:47.658,77,0,"<3></c><1>hai!konofunenonamaenaninisuruno?</c><3></c>"
00:01:47.658,00:01:48.025,61,0,"<3></c><6>Nice</c><5>boatgoudeiinjanai?</c><3></c>"
00:01:47.658,00:01:49.726,-1,-1,"<3></c><6>HowaboutSSNiceBoat?</c><3></c>"
00:01:48.025,00:01:48.392,61,0,"<3></c><6>Niceboat</c><5>goudeiinjanai?</c><3></c>"
00:01:48.392,00:01:48.559,61,0,"<3></c><6>Niceboatgou</c><5>deiinjanai?</c><3></c>"
00:01:48.559,00:01:48.692,61,0,"<3></c><6>Niceboatgoude</c><5>iinjanai?</c><3></c>"
00:01:48.692,00:01:48.826,61,0,"<3></c><6>Niceboatgoudeii</c><5>njanai?</c><3></c>"
00:01:48.826,00:01:48.959,61,0,"<3></c><6>Niceboatgoudeiin</c><5>janai?</c><3></c>"
00:01:48.959,00:01:49.059,61,0,"<3></c><6>Niceboatgoudeiinja</c><5>nai?</c><3></c>"
00:01:49.059,00:01:49.726,61,0,"<3></c><6>Niceboatgoudeiinjanai?</c><3></c>"
00:01:49.059,00:01:49.359,72,0,"<3></c><7>so</c><5>resaawakairisunaawakannaiyo...</c><3></c>"
00:01:49.059,00:01:51.762,80,92,"<3></c><7>Youknowthezoomersaren'tgonnagetthat</c><3></c>"
00:01:49.359,00:01:49.526,72,0,"<3></c><7>sore</c><5>saawakairisunaawakannaiyo...</c><3></c>"
00:01:49.526,00:01:49.726,72,0,"<3></c><7>soresaa</c><5>wakairisunaawakannaiyo...</c><3></c>"
00:01:49.726,00:01:49.960,72,0,"<3></c><7>soresaawa</c><5>kairisunaawakannaiyo...</c><3></c>"
00:01:49.960,00:01:50.094,72,0,"<3></c><7>soresaawaka</c><5>irisunaawakannaiyo...</c><3></c>"
00:01:50.094,00:01:50.227,72,0,"<3></c><7>soresaawakai</c><5>risunaawakannaiyo...</c><3></c>"
00:01:50.227,00:01:50.294,72,0,"<3></c><7>soresaawakairi</c><5>sunaawakannaiyo...</c><3></c>"
00:01:50.294,00:01:50.360,72,0,"<3></c><7>soresaawakairisu</c><5>naawakannaiyo...</c><3></c>"
00:01:50.360,00:01:50.527,72,0,"<3></c><7>soresaawakairisunaa</c><5>wakannaiyo...</c><3></c>"
00:01:50.527,00:01:50.761,72,0,"<3></c><7>soresaawakairisunaawa</c><5>kannaiyo...</c><3></c>"
00:01:50.761,00:01:50.961,72,0,"<3></c><7>soresaawakairisunaawakan</c><5>naiyo...</c><3></c>"
00:01:50.961,00:01:51.261,72,0,"<3></c><7>soresaawakairisunaawakannai</c><5>yo...</c><3></c>"
00:01:51.261,00:01:51.762,72,0,"<3></c><7>soresaawakairisunaawakannaiyo...</c><3></c>"
00:01:51.762,00:01:52.329,75,0,"<3></c><4>uhh</c><5>Uncontrolledgouwadoudesuka?</c><3></c>"
00:01:51.762,00:01:54.131,56,-1,"<3></c><4>UhhowaboutUncontrolled?</c><3></c>"
00:01:52.329,00:01:52.596,75,0,"<3></c><4>uhhUn</c><5>controlledgouwadoudesuka?</c><3></c>"
00:01:52.596,00:01:52.796,75,0,"<3></c><4>uhhUncon</c><5>trolledgouwadoudesuka?</c><3></c>"
00:01:52.796,00:01:53.030,75,0,"<3></c><4>uhhUncontrolled</c><5>gouwadoudesuka?</c><3></c>"
00:01:53.030,00:01:53.097,75,0,"<3></c><4>uhhUncontrolledgou</c><5>wadoudesuka?</c><3></c>"
00:01:53.097,00:01:53.297,75,0,"<3></c><4>uhhUncontrolledgouwa</c><5>doudesuka?</c><3></c>"
00:01:53.297,00:01:53.530,75,0,"<3></c><4>uhhUncontrolledgouwadou</c><5>desuka?</c><3></c>"
00:01:53.530,00:01:53.764,75,0,"<3></c><4>uhhUncontrolledgouwadoudesu</c><5>ka?</c><3></c>"
00:01:53.764,00:01:54.131,75,0,"<3></c><4>uhhUncontrolledgouwadoudesuka?</c><3></c>"
00:01:54.131,00:01:54.631,-1,0,"<3></c><6>nn...</c><5>nande?douiuimi?</c><3></c>"
00:01:54.131,00:01:56.500,-1,-1,"<3></c><6>Why?What'sthatmean?</c><3></c>"
00:01:54.631,00:01:54.832,-1,0,"<3></c><6>nn...nan</c><5>de?douiuimi?</c><3></c>"
00:01:54.832,00:01:55.332,-1,0,"<3></c><6>nn...nande?</c><5>douiuimi?</c><3></c>"
00:01:55.332,00:01:55.432,-1,0,"<3></c><6>nn...nande?dou</c><5>iuimi?</c><3></c>"
00:01:55.432,00:01:55.532,-1,0,"<3></c><6>nn...nande?doui</c><5>uimi?</c><3></c>"
00:01:55.532,00:01:55.599,-1,0,"<3></c><6>nn...nande?douiu</c><5>imi?</c><3></c>"
00:01:55.599,00:01:55.699,-1,0,"<3></c><6>nn...nande?douiui</c><5>mi?</c><3></c>"
00:01:55.699,00:01:56.500,-1,0,"<3></c><6>nn...nande?douiuimi?</c><3></c>"
00:01:56.500,00:01:56.633,-1,0,"<3></c><4>ko</c><5>nogyosenwa...</c><3></c>"
00:01:56.500,00:02:01.004,94,-1,"<3></c><4>Itmeanssteeringthisarkisnowalkinthep-ark!</c><3></c>"
00:01:56.633,00:01:56.867,-1,0,"<3></c><4>kono</c><5>gyosenwa...</c><3></c>"
00:01:56.867,00:01:57.067,-1,0,"<3></c><4>konogyo</c><5>senwa...</c><3></c>"
00:01:57.067,00:01:57.267,-1,0,"<3></c><4>konogyosen</c><5>wa...</c><3></c>"
00:01:57.267,00:01:57.768,-1,0,"<3></c><4>konogyosenwa...</c><3></c>"
00:01:57.768,00:01:57.901,73,0,"<3></c><4>da</c><5>remoseigyosennoimidesu!!=w=)7</c><3></c>"
00:01:57.901,00:01:58.035,73,0,"<3></c><4>dare</c><5>moseigyosennoimidesu!!=w=)7</c><3></c>"
00:01:58.035,00:01:58.402,73,0,"<3></c><4>daremo</c><5>seigyosennoimidesu!!=w=)7</c><3></c>"
00:01:58.402,00:01:58.769,73,0,"<3></c><4>daremosei</c><5>gyosennoimidesu!!=w=)7</c><3></c>"
00:01:58.769,00:01:59.236,73,0,"<3></c><4>daremoseigyo</c><5>sennoimidesu!!=w=)7</c><3></c>"
00:01:59.236,00:01:59.736,73,0,"<3></c><4>daremoseigyosen</c><5>noimidesu!!=w=)7</c><3></c>"
00:01:59.736,00:02:00.037,73,0,"<3></c><4>daremoseigyosenno</c><5>imidesu!!=w=)7</c><3></c>"
00:02:00.037,00:02:00.170,73,0,"<3></c><4>daremoseigyosennoi</c><5>midesu!!=w=)7</c><3></c>"
00:02:00.170,00:02:00.304,73,0,"<3></c><4>daremoseigyosennoimi</c><5>desu!!=w=)7</c><3></c>"
00:02:00.304,00:02:01.004,73,0,"<3></c><4>daremoseigyosennoimidesu!!=w=)7</c><3></c>"
00:02:00.304,00:02:00.804,-1,0,"<3></c><7>e...</c><5>matadajare...</c><3></c>"
00:02:00.304,00:02:01.738,-1,92,"<3></c><7>Ohwowsopunny...</c><3></c>"
00:02:00.804,00:02:01.004,-1,0,"<3></c><7>e...ma</c><5>tadajare...</c><3></c>"
00:02:01.004,00:02:01.171,-1,0,"<3></c><7>e...mata</c><5>dajare...</c><3></c>"
00:02:01.171,00:02:01.338,-1,0,"<3></c><7>e...matada</c><5>jare...</c><3></c>"
00:02:01.338,00:02:01.505,-1,0,"<3></c><7>e...matadaja</c><5>re...</c><3></c>"
00:02:01.505,00:02:01.738,-1,0,"<3></c><7>e...matadajare...</c><3></c>"
00:02:01.738,00:02:02.039,81,0,"<3></c><1>That's</c><5>amazin-guh!samewasoresukidesu!!</c><3></c>"
00:02:01.738,00:02:05.676,84,-1,"<3></c><1>That'samazin-guh!Thumbsupfromthesh-ark!</c><3></c>"
00:02:02.039,00:02:02.239,81,0,"<3></c><1>That'sa</c><5>mazin-guh!samewasoresukidesu!!</c><3></c>"
00:02:02.072,00:02:02.339,72,14,"<3></c><6>sen</c><5>choutekiniwasore...bacchiguu</c><3></c>"
00:02:02.072,00:02:04.541,78,78,"<3></c><6>Youhavethecaptain'sstampofapproval!</c><3></c>"
00:02:02.239,00:02:02.639,81,0,"<3></c><1>That'samaz</c><5>in-guh!samewasoresukidesu!!</c><3></c>"
00:02:02.339,00:02:02.539,72,14,"<3></c><6>senchou</c><5>tekiniwasore...bacchiguu</c><3></c>"
00:02:02.539,00:02:02.639,72,14,"<3></c><6>senchoute</c><5>kiniwasore...bacchiguu</c><3></c>"
00:02:02.639,00:02:03.040,81,0,"<3></c><1>That'samazin-</c><5>guh!samewasoresukidesu!!</c><3></c>"
00:02:02.639,00:02:02.806,72,14,"<3></c><6>senchouteki</c><5>niwasore...bacchiguu</c><3></c>"
00:02:02.806,00:02:02.940,72,14,"<3></c><6>senchoutekini</c><5>wasore...bacchiguu</c><3></c>"
00:02:02.940,00:02:03.073,72,14,"<3></c><6>senchoutekiniwa</c><5>sore...bacchiguu</c><3></c>"
00:02:03.040,00:02:03.440,81,0,"<3></c><1>That'samazin-guh!</c><5>samewasoresukidesu!!</c><3></c>"
00:02:03.073,00:02:03.207,72,14,"<3></c><6>senchoutekiniwaso</c><5>re...bacchiguu</c><3></c>"
00:02:03.173,00:02:03.440,-1,0,"<3></c><7>a</c><5>no...</c><3></c>"
00:02:03.173,00:02:04.408,-1,92,"<3></c><7>Er...</c><3></c>"
00:02:03.207,00:02:03.774,72,14,"<3></c><6>senchoutekiniwasore...</c><5>bacchiguu</c><3></c>"
00:02:03.440,00:02:03.607,81,0,"<3></c><1>That'samazin-guh!sa</c><5>mewasoresukidesu!!</c><3></c>"
00:02:03.440,00:02:04.408,-1,0,"<3></c><7>ano...</c><3></c>"
00:02:03.607,00:02:03.774,81,0,"<3></c><1>That'samazin-guh!same</c><5>wasoresukidesu!!</c><3></c>"
00:02:03.774,00:02:04.041,81,0,"<3></c><1>That'samazin-guh!samewa</c><5>soresukidesu!!</c><3></c>"
00:02:03.774,00:02:03.974,72,14,"<3></c><6>senchoutekiniwasore...bac</c><5>chiguu</c><3></c>"
00:02:03.974,00:02:04.074,72,14,"<3></c><6>senchoutekiniwasore...bacchi</c><5>guu</c><3></c>"
00:02:04.041,00:02:04.274,81,0,"<3></c><1>That'samazin-guh!samewaso</c><5>resukidesu!!</c><3></c>"
00:02:04.074,00:02:04.541,72,14,"<3></c><6>senchoutekiniwasore...bacchiguu</c><3></c>"
00:02:04.274,00:02:04.508,81,0,"<3></c><1>That'samazin-guh!samewasore</c><5>sukidesu!!</c><3></c>"
00:02:04.408,00:02:04.541,59,0,"<3></c><7>(no</c><5>ridezenbususunderu...</c><3></c>"
00:02:04.408,00:02:06.743,69,92,"<3></c><7>(They'reallgoingwiththeflow...</c><3></c>"
00:02:04.508,00:02:04.675,81,0,"<3></c><1>That'samazin-guh!samewasoresu</c><5>kidesu!!</c><3></c>"
00:02:04.541,00:02:04.675,59,0,"<3></c><7>(nori</c><5>dezenbususunderu...</c><3></c>"
00:02:04.675,00:02:04.875,81,0,"<3></c><1>That'samazin-guh!samewasoresuki</c><5>desu!!</c><3></c>"
00:02:04.675,00:02:04.875,59,0,"<3></c><7>(noride</c><5>zenbususunderu...</c><3></c>"
00:02:04.875,00:02:05.275,81,0,"<3></c><1>That'samazin-guh!samewasoresukide</c><5>su!!</c><3></c>"
00:02:04.875,00:02:05.008,59,0,"<3></c><7>(noridezen</c><5>bususunderu...</c><3></c>"
00:02:05.008,00:02:05.109,59,0,"<3></c><7>(noridezenbu</c><5>susunderu...</c><3></c>"
00:02:05.109,00:02:05.209,59,0,"<3></c><7>(noridezenbusu</c><5>sunderu...</c><3></c>"
00:02:05.209,00:02:05.409,59,0,"<3></c><7>(noridezenbususu</c><5>nderu...</c><3></c>"
00:02:05.275,00:02:05.676,81,0,"<3></c><1>That'samazin-guh!samewasoresukidesu!!</c><3></c>"
00:02:05.409,00:02:05.676,59,0,"<3></c><7>(noridezenbususun</c><5>deru...</c><3></c>"
00:02:05.676,00:02:05.876,59,0,"<3></c><7>(noridezenbususunde</c><5>ru...</c><3></c>"
00:02:05.876,00:02:06.743,59,0,"<3></c><7>(noridezenbususunderu...</c><3></c>"
00:02:06.743,00:02:06.910,69,0,"<3></c><7>ko</c><5>regakomyuryoku...ttekoto!?)</c><3></c>"
00:02:06.743,00:02:08.979,69,-1,"<3></c><7>Isthisthegiftofgabinaction?)</c><3></c>"
00:02:06.910,00:02:07.044,69,0,"<3></c><7>kore</c><5>gakomyuryoku...ttekoto!?)</c><3></c>"
00:02:07.044,00:02:07.444,69,0,"<3></c><7>korega</c><5>komyuryoku...ttekoto!?)</c><3></c>"
00:02:07.444,00:02:07.678,69,0,"<3></c><7>koregako</c><5>myuryoku...ttekoto!?)</c><3></c>"
00:02:07.678,00:02:07.811,69,0,"<3></c><7>koregakomyu</c><5>ryoku...ttekoto!?)</c><3></c>"
00:02:07.678,00:02:08.312,-1,0,"<3></c><2>ou</c><5>shan🌊🌊🌊oushan🌊🌊🌊</c><3></c>"
00:02:07.678,00:02:13.484,-1,92,"<3></c><2>Ocean🌊🌊🌊Ocean🌊🌊🌊</c><3></c>"
00:02:07.811,00:02:08.011,69,0,"<3></c><7>koregakomyuryo</c><5>ku...ttekoto!?)</c><3></c>"
00:02:08.011,00:02:08.278,69,0,"<3></c><7>koregakomyuryoku...</c><5>ttekoto!?)</c><3></c>"
00:02:08.278,00:02:08.378,69,0,"<3></c><7>koregakomyuryoku...tte</c><5>koto!?)</c><3></c>"
00:02:08.312,00:02:11.148,-1,0,"<3></c><2>oushan🌊🌊🌊</c><5>oushan🌊🌊🌊</c><3></c>"
00:02:08.378,00:02:08.545,69,0,"<3></c><7>koregakomyuryoku...tteko</c><5>to!?)</c><3></c>"
00:02:08.545,00:02:08.979,69,0,"<3></c><7>koregakomyuryoku...ttekoto!?)</c><3></c>"
00:02:09.913,00:02:10.447,66,0,"<3></c><7>waarudo</c><5>waidokomyukyoukowai...</c><3></c>"
00:02:09.913,00:02:12.516,67,-1,"<3></c><7>Globalsmoothtalkerssoscary...</c><3></c>"
00:02:10.447,00:02:10.881,66,0,"<3></c><7>waarudowaido</c><5>komyukyoukowai...</c><3></c>"
00:02:10.881,00:02:11.048,66,0,"<3></c><7>waarudowaidoko</c><5>myukyoukowai...</c><3></c>"
00:02:11.048,00:02:11.181,66,0,"<3></c><7>waarudowaidokomyu</c><5>kyoukowai...</c><3></c>"
00:02:11.148,00:02:11.782,-1,0,"<3></c><2>oushan🌊🌊🌊ou</c><5>shan🌊🌊🌊</c><3></c>"
00:02:11.181,00:02:11.849,66,0,"<3></c><7>waarudowaidokomyukyou</c><5>kowai...</c><3></c>"
00:02:11.782,00:02:13.484,-1,0,"<3></c><2>oushan🌊🌊🌊oushan🌊🌊🌊</c><3></c>"
00:02:11.849,00:02:12.082,66,0,"<3></c><7>waarudowaidokomyukyouko</c><5>wai...</c><3></c>"
00:02:12.082,00:02:12.249,66,0,"<3></c><7>waarudowaidokomyukyoukowa</c><5>i...</c><3></c>"
00:02:12.249,00:02:12.516,66,0,"<3></c><7>waarudowaidokomyukyoukowai...</c><3></c>"
00:02:13.484,00:02:13.851,-1,0,"<3></c><2>Here</c><5>wego</c><3></c>"
00:02:13.484,00:02:13.851,-1,0,"<3></c><2>is</c><5>seeno</c><3></c>"
00:02:13.484,00:02:14.585,-1,92,"<3></c><2>Herewego</c><3></c>"
00:02:13.484,00:02:14.585,-1,-1,"<3></c><2>A-oneanda-two</c><3></c>"
00:02:13.851,00:02:14.184,-1,0,"<3></c><2>Herewe</c><5>go</c><3></c>"
00:02:13.851,00:02:14.184,-1,0,"<3></c><2>issee</c><5>no</c><3></c>"
00:02:14.184,00:02:14.585,-1,0,"<3></c><2>Herewego</c><3></c>"
00:02:14.184,00:02:14.585,-1,0,"<3></c><2>isseeno</c><3></c>"
00:02:14.585,00:02:15.285,-1,0,"<3></c><2>(hai?</c><5>hai?Hihihai!!!)</c><3></c>"
00:02:14.585,00:02:17.020,-1,-1,"<3></c><2>(Hihiuphigh!)</c><3></c>"
00:02:15.285,00:02:15.986,-1,0,"<3></c><2>(hai?hai?</c><5>Hihihai!!!)</c><3></c>"
00:02:15.986,00:02:16.320,-1,0,"<3></c><2>(hai?hai?Hi</c><5>hihai!!!)</c><3></c>"
00:02:16.320,00:02:16.687,-1,0,"<3></c><2>(hai?hai?Hihi</c><5>hai!!!)</c><3></c>"
00:02:16.687,00:02:17.020,-1,0,"<3></c><2>(hai?hai?Hihihai!!!)</c><3></c>"
00:02:17.020,00:02:17.387,-1,0,"<3></c><2>ou</c><5>shan🌊🌊🌊oushan🌊🌊🌊</c><3></c>"
00:02:17.020,00:02:18.589,-1,-1,"<3></c><2>Ocean🌊🌊🌊Ocean🌊🌊🌊</c><3></c>"
00:02:17.387,00:02:17.921,-1,0,"<3></c><2>oushan🌊🌊🌊</c><5>oushan🌊🌊🌊</c><3></c>"
00:02:17.921,00:02:18.055,-1,0,"<3></c><2>oushan🌊🌊🌊ou</c><5>shan🌊🌊🌊</c><3></c>"
00:02:18.055,00:02:18.589,-1,0,"<3></c><2>oushan🌊🌊🌊oushan🌊🌊🌊</c><3></c>"
00:02:18.589,00:02:18.755,-1,0,"<3></c><2>Love</c><5>lyocean</c><3></c>"
00:02:18.589,00:02:19.990,-1,-1,"<3></c><2>Lovelyocean</c><3></c>"
00:02:18.755,00:02:19.022,-1,0,"<3></c><2>Lovely</c><5>ocean</c><3></c>"
00:02:19.022,00:02:19.289,-1,0,"<3></c><2>Lovelyo</c><5>cean</c><3></c>"
00:02:19.289,00:02:19.990,-1,0,"<3></c><2>Lovelyocean</c><3></c>"
00:02:19.990,00:02:20.157,-1,0,"<3></c><2>mi</c><5>zubitashinsekai</c><3></c>"
00:02:19.990,00:02:22.426,-1,-1,"<3></c><2>Thisinundatednewworld</c><3></c>"
00:02:20.157,00:02:20.691,-1,0,"<3></c><2>mizu</c><5>bitashinsekai</c><3></c>"
00:02:20.691,00:02:20.858,-1,0,"<3></c><2>mizubi</c><5>tashinsekai</c><3></c>"
00:02:20.858,00:02:21.358,-1,0,"<3></c><2>mizubita</c><5>shinsekai</c><3></c>"
00:02:21.358,00:02:21.525,-1,0,"<3></c><2>mizubitashin</c><5>sekai</c><3></c>"
00:02:21.525,00:02:21.792,-1,0,"<3></c><2>mizubitashinse</c><5>kai</c><3></c>"
00:02:21.792,00:02:22.092,-1,0,"<3></c><2>mizubitashinseka</c><5>i</c><3></c>"
00:02:22.092,00:02:22.426,-1,0,"<3></c><2>mizubitashinsekai</c><3></c>"
00:02:22.426,00:02:22.593,67,0,"<3></c><2>a</c><5>oihoshiourutoramarinnisomete</c><3></c>"
00:02:22.426,00:02:27.131,70,-1,"<3></c><2>Paintstheplanetadeepultramarine</c><3></c>"
00:02:22.593,00:02:22.759,67,0,"<3></c><2>ao</c><5>ihoshiourutoramarinnisomete</c><3></c>"
00:02:22.759,00:02:22.926,67,0,"<3></c><2>aoi</c><5>hoshiourutoramarinnisomete</c><3></c>"
00:02:22.926,00:02:23.127,67,0,"<3></c><2>aoiho</c><5>shiourutoramarinnisomete</c><3></c>"
00:02:23.127,00:02:23.260,67,0,"<3></c><2>aoihoshi</c><5>ourutoramarinnisomete</c><3></c>"
00:02:23.260,00:02:23.827,67,0,"<3></c><2>aoihoshio</c><5>urutoramarinnisomete</c><3></c>"
00:02:23.827,00:02:23.994,67,0,"<3></c><2>aoihoshiouru</c><5>toramarinnisomete</c><3></c>"
00:02:23.994,00:02:24.361,67,0,"<3></c><2>aoihoshiourutora</c><5>marinnisomete</c><3></c>"
00:02:24.361,00:02:24.528,67,0,"<3></c><2>aoihoshiourutorama</c><5>rinnisomete</c><3></c>"
00:02:24.528,00:02:25.229,67,0,"<3></c><2>aoihoshiourutoramarin</c><5>nisomete</c><3></c>"
00:02:25.229,00:02:25.395,67,0,"<3></c><2>aoihoshiourutoramarinni</c><5>somete</c><3></c>"
00:02:25.395,00:02:25.562,67,0,"<3></c><2>aoihoshiourutoramarinniso</c><5>mete</c><3></c>"
00:02:25.562,00:02:25.729,67,0,"<3></c><2>aoihoshiourutoramarinnisome</c><5>te</c><3></c>"
00:02:25.729,00:02:27.131,67,0,"<3></c><2>aoihoshiourutoramarinnisomete</c><3></c>"
00:02:27.131,00:02:27.498,-1,0,"<3></c><2>ieei</c><5>ieeiieei!!!</c><3></c>"
00:02:27.131,00:02:28.198,-1,-1,"<3></c><2>Yayyayyay!</c><3></c>"
00:02:27.498,00:02:27.831,-1,0,"<3></c><2>ieeiieei</c><5>ieei!!!</c><3></c>"
00:02:27.831,00:02:28.198,-1,0,"<3></c><2>ieeiieeiieei!!!</c><3></c>"
00:02:28.198,00:02:28.532,-1,0,"<3></c><2>ou</c><5>shan🌊🌊🌊oushan🌊🌊🌊</c><3></c>"
00:02:28.198,00:02:29.766,-1,-1,"<3></c><2>Ocean🌊🌊🌊Ocean🌊🌊🌊</c><3></c>"
00:02:28.532,00:02:29.066,-1,0,"<3></c><2>oushan🌊🌊🌊</c><5>oushan🌊🌊🌊</c><3></c>"
00:02:29.066,00:02:29.233,-1,0,"<3></c><2>oushan🌊🌊🌊ou</c><5>shan🌊🌊🌊</c><3></c>"
00:02:29.233,00:02:29.766,-1,0,"<3></c><2>oushan🌊🌊🌊oushan🌊🌊🌊</c><3></c>"
00:02:29.766,00:02:29.933,-1,0,"<3></c><2>Ep</c><5>icocean</c><3></c>"
00:02:29.766,00:02:31.135,-1,-1,"<3></c><2>Epicocean</c><3></c>"
00:02:29.933,00:02:30.134,-1,0,"<3></c><2>Epic</c><5>ocean</c><3></c>"
00:02:30.134,00:02:30.467,-1,0,"<3></c><2>Epico</c><5>cean</c><3></c>"
00:02:30.467,00:02:31.135,-1,0,"<3></c><2>Epicocean</c><3></c>"
00:02:31.135,00:02:31.301,61,0,"<3></c><2>riku</c><5>kaikuuzenbukaikaikai!!</c><3></c>"
00:02:31.135,00:02:33.604,59,-1,"<3></c><2>Takingoverbothlandandsky</c><3></c>"
00:02:31.301,00:02:31.835,61,0,"<3></c><2>rikukai</c><5>kuuzenbukaikaikai!!</c><3></c>"
00:02:31.835,00:02:32.002,61,0,"<3></c><2>rikukaikuu</c><5>zenbukaikaikai!!</c><3></c>"
00:02:32.002,00:02:32.503,61,0,"<3></c><2>rikukaikuuzen</c><5>bukaikaikai!!</c><3></c>"
00:02:32.503,00:02:32.703,61,0,"<3></c><2>rikukaikuuzenbu</c><5>kaikaikai!!</c><3></c>"
00:02:32.703,00:02:32.970,61,0,"<3></c><2>rikukaikuuzenbukai</c><5>kaikai!!</c><3></c>"
00:02:32.970,00:02:33.237,61,0,"<3></c><2>rikukaikuuzenbukaikai</c><5>kai!!</c><3></c>"
00:02:33.237,00:02:33.604,61,0,"<3></c><2>rikukaikuuzenbukaikaikai!!</c><3></c>"
00:02:33.604,00:02:33.737,67,0,"<3></c><2>A</c><5>QUAmanpaiBluestPlanetesusume</c><3></c>"
00:02:33.604,00:02:36.940,78,-1,"<3></c><2>Destination:AbluestplanetfullofAQUA</c><3></c>"
00:02:33.737,00:02:34.071,67,0,"<3></c><2>AQUA</c><5>manpaiBluestPlanetesusume</c><3></c>"
00:02:34.071,00:02:34.371,67,0,"<3></c><2>AQUAman</c><5>paiBluestPlanetesusume</c><3></c>"
00:02:34.371,00:02:34.972,67,0,"<3></c><2>AQUAmanpai</c><5>BluestPlanetesusume</c><3></c>"
00:02:34.972,00:02:35.072,67,0,"<3></c><2>AQUAmanpaiBlu</c><5>estPlanetesusume</c><3></c>"
00:02:35.072,00:02:35.339,67,0,"<3></c><2>AQUAmanpaiBluest</c><5>Planetesusume</c><3></c>"
00:02:35.339,00:02:35.506,67,0,"<3></c><2>AQUAmanpaiBluestPlan</c><5>etesusume</c><3></c>"
00:02:35.506,00:02:35.672,67,0,"<3></c><2>AQUAmanpaiBluestPlanet</c><5>esusume</c><3></c>"
00:02:35.672,00:02:36.373,67,0,"<3></c><2>AQUAmanpaiBluestPlanete</c><5>susume</c><3></c>"
00:02:36.373,00:02:36.540,67,0,"<3></c><2>AQUAmanpaiBluestPlanetesu</c><5>sume</c><3></c>"
00:02:36.540,00:02:36.673,67,0,"<3></c><2>AQUAmanpaiBluestPlanetesusu</c><5>me</c><3></c>"
00:02:36.673,00:02:36.940,67,0,"<3></c><2>AQUAmanpaiBluestPlanetesusume</c><3></c>"
00:02:36.940,00:02:37.174,-1,0,"<3></c><2>yo-</c><5>soro-!yo-soro-!</c><3></c>"
00:02:36.940,00:02:39.176,84,-1,"<3></c><2>Keep'erniceandsteady!Steadyasshegoes!</c><3></c>"
00:02:37.174,00:02:37.441,-1,0,"<3></c><2>yo-so</c><5>ro-!yo-soro-!</c><3></c>"
00:02:37.441,00:02:38.342,-1,0,"<3></c><2>yo-soro-!</c><5>yo-soro-!</c><3></c>"
00:02:38.342,00:02:38.609,-1,0,"<3></c><2>yo-soro-!yo-</c><5>soro-!</c><3></c>"
00:02:38.609,00:02:38.809,-1,0,"<3></c><2>yo-soro-!yo-so</c><5>ro-!</c><3></c>"
00:02:38.809,00:02:39.176,-1,0,"<3></c><2>yo-soro-!yo-soro-!</c><3></c>"
00:02:39.176,00:02:39.343,73,0,"<3></c><2>ko</c><5>nohoshiohitoshizukunishitara...</c><3></c>"
00:02:39.176,00:02:42.312,84,-1,"<3></c><2>Turntheplanetintobutadropinthebucket</c><3></c>"
00:02:39.343,00:02:39.510,73,0,"<3></c><2>kono</c><5>hoshiohitoshizukunishitara...</c><3></c>"
00:02:39.510,00:02:39.743,73,0,"<3></c><2>konoho</c><5>shiohitoshizukunishitara...</c><3></c>"
00:02:39.743,00:02:39.943,73,0,"<3></c><2>konohoshi</c><5>ohitoshizukunishitara...</c><3></c>"
00:02:39.943,00:02:40.577,73,0,"<3></c><2>konohoshio</c><5>hitoshizukunishitara...</c><3></c>"
00:02:40.577,00:02:40.744,73,0,"<3></c><2>konohoshiohi</c><5>toshizukunishitara...</c><3></c>"
00:02:40.744,00:02:40.911,73,0,"<3></c><2>konohoshiohito</c><5>shizukunishitara...</c><3></c>"
00:02:40.911,00:02:41.111,73,0,"<3></c><2>konohoshiohitoshi</c><5>zukunishitara...</c><3></c>"
00:02:41.111,00:02:41.245,73,0,"<3></c><2>konohoshiohitoshizu</c><5>kunishitara...</c><3></c>"
00:02:41.245,00:02:41.345,73,0,"<3></c><2>konohoshiohitoshizuku</c><5>nishitara...</c><3></c>"
00:02:41.345,00:02:41.612,73,0,"<3></c><2>konohoshiohitoshizukuni</c><5>shitara...</c><3></c>"
00:02:41.612,00:02:41.712,73,0,"<3></c><2>konohoshiohitoshizukunishi</c><5>tara...</c><3></c>"
00:02:41.712,00:02:41.812,73,0,"<3></c><2>konohoshiohitoshizukunishita</c><5>ra...</c><3></c>"
00:02:41.812,00:02:42.312,73,0,"<3></c><2>konohoshiohitoshizukunishitara...</c><3></c>"
00:02:42.312,00:02:42.513,-1,0,"<3></c><2>ra</c><5>SearaSea</c><3></c>"
00:02:42.312,00:02:43.680,-1,-1,"<3></c><2>Lesealesea</c><3></c>"
00:02:42.513,00:02:43.013,-1,0,"<3></c><2>raSea</c><5>raSea</c><3></c>"
00:02:43.013,00:02:43.213,-1,0,"<3></c><2>raSeara</c><5>Sea</c><3></c>"
00:02:43.213,00:02:43.680,-1,0,"<3></c><2>raSearaSea</c><3></c>"
00:02:43.680,00:02:43.881,-1,0,"<3></c><2>ra</c><5>Sea4(shi)shi!!!</c><3></c>"
00:02:43.680,00:02:45.082,-1,-1,"<3></c><2>Seetheseasofecstasy!</c><3></c>"
00:02:43.881,00:02:44.148,-1,0,"<3></c><2>raSea</c><5>4(shi)shi!!!</c><3></c>"
00:02:44.148,00:02:44.381,-1,0,"<3></c><2>raSea4(shi)</c><5>shi!!!</c><3></c>"
00:02:44.381,00:02:45.082,-1,0,"<3></c><2>raSea4(shi)shi!!!</c><3></c>"
00:02:45.082,00:02:45.282,-1,0,"<3></c><2>ra</c><5>SearaSea</c><3></c>"
00:02:45.082,00:02:46.483,-1,-1,"<3></c><2>Lesealesea</c><3></c>"
00:02:45.282,00:02:45.782,-1,0,"<3></c><2>raSea</c><5>raSea</c><3></c>"
00:02:45.782,00:02:45.983,-1,0,"<3></c><2>raSeara</c><5>Sea</c><3></c>"
00:02:45.983,00:02:46.483,-1,0,"<3></c><2>raSearaSea</c><3></c>"
00:02:46.483,00:02:46.683,-1,0,"<3></c><2>ra</c><5>Sea4(shi)shi!!!</c><3></c>"
00:02:46.483,00:02:48.418,-1,-1,"<3></c><2>Seetheseasofecstasy!</c><3></c>"
00:02:46.683,00:02:46.950,-1,0,"<3></c><2>raSea</c><5>4(shi)shi!!!</c><3></c>"
00:02:46.950,00:02:47.184,-1,0,"<3></c><2>raSea4(shi)</c><5>shi!!!</c><3></c>"
00:02:47.184,00:02:48.418,-1,0,"<3></c><2>raSea4(shi)shi!!!</c><3></c>"
00:02:48.418,00:02:50.454,-1,0,"<3></c><2>(wah...)</c><3></c>"
00:02:48.418,00:02:50.454,-1,-1,"<3></c><2>(wah...)</c><3></c>"
00:02:52.656,00:02:55.492,86,0,"<3></c><2>UMISEA-Domination!AlltheWorldIsanOcean</c><3></c><2>Music/Lyrics:Camellia</c><3></c>"
00:02:52.656,00:02:55.492,69,-1,"<3></c><2>Illust:namo</c><3></c><2>Vocals:MinatoAquaHoushouMarine</c><3></c><2>NinomaeIna'nisGawrGura</c><3></c>"
