start,end,position,line,text,unformatted
8.249,8.616,-1,-1,<2>全</c><1>然つかめないきみのこと</c>,全然つかめないきみのこと
8.249,8.616,-1,0,<2>ぜん</c><1>ぜんつかめないきみのこと</c>,ぜんぜんつかめないきみのこと
8.616,9.083,-1,-1,<2>全然</c><1>つかめないきみのこと</c>,全然つかめないきみのこと
8.616,9.083,-1,0,<2>ぜんぜん</c><1>つかめないきみのこと</c>,ぜんぜんつかめないきみのこと
9.083,9.216,-1,-1,<2>全然つ</c><1>かめないきみのこと</c>,全然つかめないきみのこと
9.083,9.216,-1,0,<2>ぜんぜんつ</c><1>かめないきみのこと</c>,ぜんぜんつかめないきみのこと
9.216,9.45,-1,-1,<2>全然つか</c><1>めないきみのこと</c>,全然つかめないきみのこと
9.216,9.45,-1,0,<2>ぜんぜんつか</c><1>めないきみのこと</c>,ぜんぜんつかめないきみのこと
9.45,9.684,-1,-1,<2>全然つかめ</c><1>ないきみのこと</c>,全然つかめないきみのこと
9.45,9.684,-1,0,<2>ぜんぜんつかめ</c><1>ないきみのこと</c>,ぜんぜんつかめないきみのこと
9.684,10.084,-1,-1,<2>全然つかめない</c><1>きみのこと</c>,全然つかめないきみのこと
9.684,10.084,-1,0,<2>ぜんぜんつかめない</c><1>きみのこと</c>,ぜんぜんつかめないきみのこと
10.084,10.451,-1,-1,<2>全然つかめないき</c><1>みのこと</c>,全然つかめないきみのこと
10.084,10.451,-1,0,<2>ぜんぜんつかめないき</c><1>みのこと</c>,ぜんぜんつかめないきみのこと
10.451,10.651,-1,-1,<2>全然つかめないきみ</c><1>のこと</c>,全然つかめないきみのこと
10.451,10.651,-1,0,<2>ぜんぜんつかめないきみ</c><1>のこと</c>,ぜんぜんつかめないきみのこと
10.651,11.052,-1,-1,<2>全然つかめないきみの</c><1>こと</c>,全然つかめないきみのこと
10.651,11.052,-1,0,<2>ぜんぜんつかめないきみの</c><1>こと</c>,ぜんぜんつかめないきみのこと
11.052,11.285,-1,-1,<2>全然つかめないきみのこ</c><1>と</c>,全然つかめないきみのこと
11.052,11.285,-1,0,<2>ぜんぜんつかめないきみのこ</c><1>と</c>,ぜんぜんつかめないきみのこと
11.285,11.519,-1,-1,<2>全然つかめないきみのこと</c>,全然つかめないきみのこと
11.285,11.519,-1,0,<2>ぜんぜんつかめないきみのこと</c>,ぜんぜんつかめないきみのこと
11.519,11.919,-1,-1,<2>全</c><1>然しらないうちに</c>,全然しらないうちに
11.519,11.919,-1,0,<2>ぜん</c><1>ぜんしらないうちに</c>,ぜんぜんしらないうちに
11.919,12.353,-1,-1,<2>全然</c><1>しらないうちに</c>,全然しらないうちに
11.919,12.353,-1,0,<2>ぜんぜん</c><1>しらないうちに</c>,ぜんぜんしらないうちに
12.353,12.52,-1,-1,<2>全然し</c><1>らないうちに</c>,全然しらないうちに
12.353,12.52,-1,0,<2>ぜんぜんし</c><1>らないうちに</c>,ぜんぜんしらないうちに
12.52,12.72,-1,-1,<2>全然しら</c><1>ないうちに</c>,全然しらないうちに
12.52,12.72,-1,0,<2>ぜんぜんしら</c><1>ないうちに</c>,ぜんぜんしらないうちに
12.72,12.92,-1,-1,<2>全然しらな</c><1>いうちに</c>,全然しらないうちに
12.72,12.92,-1,0,<2>ぜんぜんしらな</c><1>いうちに</c>,ぜんぜんしらないうちに
12.92,13.387,-1,-1,<2>全然しらない</c><1>うちに</c>,全然しらないうちに
12.92,13.387,-1,0,<2>ぜんぜんしらない</c><1>うちに</c>,ぜんぜんしらないうちに
13.387,13.587,-1,-1,<2>全然しらないう</c><1>ちに</c>,全然しらないうちに
13.387,13.587,-1,0,<2>ぜんぜんしらないう</c><1>ちに</c>,ぜんぜんしらないうちに
13.587,13.988,-1,-1,<2>全然しらないうち</c><1>に</c>,全然しらないうちに
13.587,13.988,-1,0,<2>ぜんぜんしらないうち</c><1>に</c>,ぜんぜんしらないうちに
13.988,14.388,-1,-1,<2>全然しらないうちに</c>,全然しらないうちに
13.988,14.388,-1,0,<2>ぜんぜんしらないうちに</c>,ぜんぜんしらないうちに
14.388,14.789,-1,-1,<2>yeah!</c>,yeah!
14.388,14.789,-1,0,<2>yeah!</c>,yeah!
14.789,15.022,-1,-1,<2>コ</c><1>コロ奪われるなんてこと</c>,ココロ奪われるなんてこと
14.789,15.022,-1,0,<2>コ</c><1>コロうばわれるなんてこと</c>,ココロうばわれるなんてこと
15.022,15.189,-1,-1,<2>ココ</c><1>ロ奪われるなんてこと</c>,ココロ奪われるなんてこと
15.022,15.189,-1,0,<2>ココ</c><1>ロうばわれるなんてこと</c>,ココロうばわれるなんてこと
15.189,15.389,-1,-1,<2>ココロ</c><1>奪われるなんてこと</c>,ココロ奪われるなんてこと
15.189,15.389,-1,0,<2>ココロ</c><1>うばわれるなんてこと</c>,ココロうばわれるなんてこと
15.389,15.623,-1,-1,<2>ココロ奪</c><1>われるなんてこと</c>,ココロ奪われるなんてこと
15.389,15.623,-1,0,<2>ココロう</c><1>ばわれるなんてこと</c>,ココロうばわれるなんてこと
15.623,15.823,-1,-1,<2>ココロ奪</c><1>われるなんてこと</c>,ココロ奪われるなんてこと
15.623,15.823,-1,0,<2>ココロうば</c><1>われるなんてこと</c>,ココロうばわれるなんてこと
15.823,16.023,-1,-1,<2>ココロ奪わ</c><1>れるなんてこと</c>,ココロ奪われるなんてこと
15.823,16.023,-1,0,<2>ココロうばわ</c><1>れるなんてこと</c>,ココロうばわれるなんてこと
16.023,16.223,-1,-1,<2>ココロ奪われ</c><1>るなんてこと</c>,ココロ奪われるなんてこと
16.023,16.223,-1,0,<2>ココロうばわれ</c><1>るなんてこと</c>,ココロうばわれるなんてこと
16.223,16.624,-1,-1,<2>ココロ奪われる</c><1>なんてこと</c>,ココロ奪われるなんてこと
16.223,16.624,-1,0,<2>ココロうばわれる</c><1>なんてこと</c>,ココロうばわれるなんてこと
16.624,17.058,-1,-1,<2>ココロ奪われるな</c><1>んてこと</c>,ココロ奪われるなんてこと
16.624,17.058,-1,0,<2>ココロうばわれるな</c><1>んてこと</c>,ココロうばわれるなんてこと
17.058,17.258,-1,-1,<2>ココロ奪われるなん</c><1>てこと</c>,ココロ奪われるなんてこと
17.058,17.258,-1,0,<2>ココロうばわれるなん</c><1>てこと</c>,ココロうばわれるなんてこと
17.258,17.625,-1,-1,<2>ココロ奪われるなんて</c><1>こと</c>,ココロ奪われるなんてこと
17.258,17.625,-1,0,<2>ココロうばわれるなんて</c><1>こと</c>,ココロうばわれるなんてこと
17.625,17.858,-1,-1,<2>ココロ奪われるなんてこ</c><1>と</c>,ココロ奪われるなんてこと
17.625,17.858,-1,0,<2>ココロうばわれるなんてこ</c><1>と</c>,ココロうばわれるなんてこと
17.858,18.059,-1,-1,<2>ココロ奪われるなんてこと</c>,ココロ奪われるなんてこと
17.858,18.059,-1,0,<2>ココロうばわれるなんてこと</c>,ココロうばわれるなんてこと
18.059,18.492,-1,-1,<2>あ</c><1>るはずないでしょ</c>,あるはずないでしょ
18.059,18.492,-1,0,<2>あ</c><1>るはずないでしょ</c>,あるはずないでしょ
18.492,18.893,-1,-1,<2>ある</c><1>はずないでしょ</c>,あるはずないでしょ
18.492,18.893,-1,0,<2>ある</c><1>はずないでしょ</c>,あるはずないでしょ
18.893,19.36,-1,-1,<2>あるは</c><1>ずないでしょ</c>,あるはずないでしょ
18.893,19.36,-1,0,<2>あるは</c><1>ずないでしょ</c>,あるはずないでしょ
19.36,19.694,-1,-1,<2>あるはず</c><1>ないでしょ</c>,あるはずないでしょ
19.36,19.694,-1,0,<2>あるはず</c><1>ないでしょ</c>,あるはずないでしょ
19.694,20.328,-1,-1,<2>あるはずない</c><1>でしょ</c>,あるはずないでしょ
19.694,20.328,-1,0,<2>あるはずない</c><1>でしょ</c>,あるはずないでしょ
20.328,20.561,-1,-1,<2>あるはずないで</c><1>しょ</c>,あるはずないでしょ
20.328,20.561,-1,0,<2>あるはずないで</c><1>しょ</c>,あるはずないでしょ
20.561,21.362,-1,-1,<2>あるはずないでしょ</c>,あるはずないでしょ
20.561,21.362,-1,0,<2>あるはずないでしょ</c>,あるはずないでしょ
21.362,24.632,66,0,<2>junkyfeat.鏡音リン-メランコリック-wataameremix-</c>,junkyfeat.鏡音リン-メランコリック-wataameremix-
24.632,26.267,-1,0,<2>作詞・作曲:junky</c>,作詞・作曲:junky
26.267,27.935,-1,0,<2>作詞・作曲:junky編曲:じゃんパイセン</c>,作詞・作曲:junky編曲:じゃんパイセン
27.935,29.57,-1,0,<2>イラスト・アニメーション:篠月しのぶ</c>,イラスト・アニメーション:篠月しのぶ
29.57,31.205,-1,0,<2>イラスト・アニメーション:篠月しのぶ動画:カラサワ</c>,イラスト・アニメーション:篠月しのぶ動画:カラサワ
31.205,34.507,-1,0,<2>歌:角巻わため</c>,歌:角巻わため
35.543,35.743,-1,-1,<2>そ</c><1>れは無愛想な笑顔だったり</c>,それは無愛想な笑顔だったり
35.543,35.743,-1,0,<2>そ</c><1>れはぶあいそうなえがおだったり</c>,それはぶあいそうなえがおだったり
35.743,35.943,-1,-1,<2>それ</c><1>は無愛想な笑顔だったり</c>,それは無愛想な笑顔だったり
35.743,35.943,-1,0,<2>それ</c><1>はぶあいそうなえがおだったり</c>,それはぶあいそうなえがおだったり
35.943,36.544,-1,-1,<2>それは</c><1>無愛想な笑顔だったり</c>,それは無愛想な笑顔だったり
35.943,36.544,-1,0,<2>それは</c><1>ぶあいそうなえがおだったり</c>,それはぶあいそうなえがおだったり
36.544,36.978,-1,-1,<2>それは無</c><1>愛想な笑顔だったり</c>,それは無愛想な笑顔だったり
36.544,36.978,-1,0,<2>それはぶ</c><1>あいそうなえがおだったり</c>,それはぶあいそうなえがおだったり
36.978,37.411,-1,-1,<2>それは無愛</c><1>想な笑顔だったり</c>,それは無愛想な笑顔だったり
36.978,37.411,-1,0,<2>それはぶあ</c><1>いそうなえがおだったり</c>,それはぶあいそうなえがおだったり
37.411,37.778,-1,-1,<2>それは無愛</c><1>想な笑顔だったり</c>,それは無愛想な笑顔だったり
37.411,37.778,-1,0,<2>それはぶあい</c><1>そうなえがおだったり</c>,それはぶあいそうなえがおだったり
37.778,38.179,-1,-1,<2>それは無愛想</c><1>な笑顔だったり</c>,それは無愛想な笑顔だったり
37.778,38.179,-1,0,<2>それはぶあいそ</c><1>うなえがおだったり</c>,それはぶあいそうなえがおだったり
38.179,38.579,-1,-1,<2>それは無愛想</c><1>な笑顔だったり</c>,それは無愛想な笑顔だったり
38.179,38.579,-1,0,<2>それはぶあいそう</c><1>なえがおだったり</c>,それはぶあいそうなえがおだったり
38.579,39.213,-1,-1,<2>それは無愛想な</c><1>笑顔だったり</c>,それは無愛想な笑顔だったり
38.579,39.213,-1,0,<2>それはぶあいそうな</c><1>えがおだったり</c>,それはぶあいそうなえがおだったり
39.213,39.447,-1,-1,<2>それは無愛想な笑</c><1>顔だったり</c>,それは無愛想な笑顔だったり
39.213,39.447,-1,0,<2>それはぶあいそうなえ</c><1>がおだったり</c>,それはぶあいそうなえがおだったり
39.447,39.847,-1,-1,<2>それは無愛想な笑顔</c><1>だったり</c>,それは無愛想な笑顔だったり
39.447,39.847,-1,0,<2>それはぶあいそうなえが</c><1>おだったり</c>,それはぶあいそうなえがおだったり
39.847,40.247,-1,-1,<2>それは無愛想な笑顔</c><1>だったり</c>,それは無愛想な笑顔だったり
39.847,40.247,-1,0,<2>それはぶあいそうなえがお</c><1>だったり</c>,それはぶあいそうなえがおだったり
40.247,40.648,-1,-1,<2>それは無愛想な笑顔だっ</c><1>たり</c>,それは無愛想な笑顔だったり
40.247,40.648,-1,0,<2>それはぶあいそうなえがおだっ</c><1>たり</c>,それはぶあいそうなえがおだったり
40.648,40.881,-1,-1,<2>それは無愛想な笑顔だった</c><1>り</c>,それは無愛想な笑顔だったり
40.648,40.881,-1,0,<2>それはぶあいそうなえがおだった</c><1>り</c>,それはぶあいそうなえがおだったり
40.881,42.049,-1,-1,<2>それは無愛想な笑顔だったり</c>,それは無愛想な笑顔だったり
40.881,42.049,-1,0,<2>それはぶあいそうなえがおだったり</c>,それはぶあいそうなえがおだったり
42.049,42.316,-1,-1,<2>そ</c><1>れは日曜日の日暮れだったり</c>,それは日曜日の日暮れだったり
42.049,42.316,-1,0,<2>そ</c><1>れはにちようびのひぐれだったり</c>,それはにちようびのひぐれだったり
42.316,42.516,-1,-1,<2>それ</c><1>は日曜日の日暮れだったり</c>,それは日曜日の日暮れだったり
42.316,42.516,-1,0,<2>それ</c><1>はにちようびのひぐれだったり</c>,それはにちようびのひぐれだったり
42.516,43.15,-1,-1,<2>それは</c><1>日曜日の日暮れだったり</c>,それは日曜日の日暮れだったり
42.516,43.15,-1,0,<2>それは</c><1>にちようびのひぐれだったり</c>,それはにちようびのひぐれだったり
43.15,43.517,-1,-1,<2>それは日</c><1>曜日の日暮れだったり</c>,それは日曜日の日暮れだったり
43.15,43.517,-1,0,<2>それはに</c><1>ちようびのひぐれだったり</c>,それはにちようびのひぐれだったり
43.517,43.918,-1,-1,<2>それは日</c><1>曜日の日暮れだったり</c>,それは日曜日の日暮れだったり
43.517,43.918,-1,0,<2>それはにち</c><1>ようびのひぐれだったり</c>,それはにちようびのひぐれだったり
43.918,44.352,-1,-1,<2>それは日曜</c><1>日の日暮れだったり</c>,それは日曜日の日暮れだったり
43.918,44.352,-1,0,<2>それはにちよ</c><1>うびのひぐれだったり</c>,それはにちようびのひぐれだったり
44.352,44.785,-1,-1,<2>それは日曜</c><1>日の日暮れだったり</c>,それは日曜日の日暮れだったり
44.352,44.785,-1,0,<2>それはにちよう</c><1>びのひぐれだったり</c>,それはにちようびのひぐれだったり
44.785,44.986,-1,-1,<2>それは日曜日</c><1>の日暮れだったり</c>,それは日曜日の日暮れだったり
44.785,44.986,-1,0,<2>それはにちようび</c><1>のひぐれだったり</c>,それはにちようびのひぐれだったり
44.986,45.753,-1,-1,<2>それは日曜日の</c><1>日暮れだったり</c>,それは日曜日の日暮れだったり
44.986,45.753,-1,0,<2>それはにちようびの</c><1>ひぐれだったり</c>,それはにちようびのひぐれだったり
45.753,45.987,-1,-1,<2>それは日曜日の日</c><1>暮れだったり</c>,それは日曜日の日暮れだったり
45.753,45.987,-1,0,<2>それはにちようびのひ</c><1>ぐれだったり</c>,それはにちようびのひぐれだったり
45.987,46.42,-1,-1,<2>それは日曜日の日暮</c><1>れだったり</c>,それは日曜日の日暮れだったり
45.987,46.42,-1,0,<2>それはにちようびのひぐ</c><1>れだったり</c>,それはにちようびのひぐれだったり
46.42,46.854,-1,-1,<2>それは日曜日の日暮れ</c><1>だったり</c>,それは日曜日の日暮れだったり
46.42,46.854,-1,0,<2>それはにちようびのひぐれ</c><1>だったり</c>,それはにちようびのひぐれだったり
46.854,47.054,-1,-1,<2>それは日曜日の日暮れだ</c><1>ったり</c>,それは日曜日の日暮れだったり
46.854,47.054,-1,0,<2>それはにちようびのひぐれだ</c><1>ったり</c>,それはにちようびのひぐれだったり
47.054,47.254,-1,-1,<2>それは日曜日の日暮れだっ</c><1>たり</c>,それは日曜日の日暮れだったり
47.054,47.254,-1,0,<2>それはにちようびのひぐれだっ</c><1>たり</c>,それはにちようびのひぐれだったり
47.254,47.488,-1,-1,<2>それは日曜日の日暮れだった</c><1>り</c>,それは日曜日の日暮れだったり
47.254,47.488,-1,0,<2>それはにちようびのひぐれだった</c><1>り</c>,それはにちようびのひぐれだったり
47.488,48.723,-1,-1,<2>それは日曜日の日暮れだったり</c>,それは日曜日の日暮れだったり
47.488,48.723,-1,0,<2>それはにちようびのひぐれだったり</c>,それはにちようびのひぐれだったり
48.723,48.923,-1,-1,<2>そ</c><1>れはテスト∞の期間だったり</c>,それはテスト∞の期間だったり
48.723,48.923,-1,0,<2>そ</c><1>れはテストばっかのきかんだったり</c>,それはテストばっかのきかんだったり
48.923,49.123,-1,-1,<2>それ</c><1>はテスト∞の期間だったり</c>,それはテスト∞の期間だったり
48.923,49.123,-1,0,<2>それ</c><1>はテストばっかのきかんだったり</c>,それはテストばっかのきかんだったり
49.123,49.69,-1,-1,<2>それは</c><1>テスト∞の期間だったり</c>,それはテスト∞の期間だったり
49.123,49.69,-1,0,<2>それは</c><1>テストばっかのきかんだったり</c>,それはテストばっかのきかんだったり
49.69,50.091,-1,-1,<2>それはテ</c><1>スト∞の期間だったり</c>,それはテスト∞の期間だったり
49.69,50.091,-1,0,<2>それはテ</c><1>ストばっかのきかんだったり</c>,それはテストばっかのきかんだったり
50.091,50.491,-1,-1,<2>それはテス</c><1>ト∞の期間だったり</c>,それはテスト∞の期間だったり
50.091,50.491,-1,0,<2>それはテス</c><1>トばっかのきかんだったり</c>,それはテストばっかのきかんだったり
50.491,50.925,-1,-1,<2>それはテスト</c><1>∞の期間だったり</c>,それはテスト∞の期間だったり
50.491,50.925,-1,0,<2>それはテスト</c><1>ばっかのきかんだったり</c>,それはテストばっかのきかんだったり
50.925,51.359,-1,-1,<2>それはテスト∞</c><1>の期間だったり</c>,それはテスト∞の期間だったり
50.925,51.359,-1,0,<2>それはテストばっ</c><1>かのきかんだったり</c>,それはテストばっかのきかんだったり
51.359,51.559,-1,-1,<2>それはテスト∞</c><1>の期間だったり</c>,それはテスト∞の期間だったり
51.359,51.559,-1,0,<2>それはテストばっか</c><1>のきかんだったり</c>,それはテストばっかのきかんだったり
51.559,52.36,-1,-1,<2>それはテスト∞の</c><1>期間だったり</c>,それはテスト∞の期間だったり
51.559,52.36,-1,0,<2>それはテストばっかの</c><1>きかんだったり</c>,それはテストばっかのきかんだったり
52.36,52.56,-1,-1,<2>それはテスト∞の期</c><1>間だったり</c>,それはテスト∞の期間だったり
52.36,52.56,-1,0,<2>それはテストばっかのき</c><1>かんだったり</c>,それはテストばっかのきかんだったり
52.56,52.994,-1,-1,<2>それはテスト∞の期間</c><1>だったり</c>,それはテスト∞の期間だったり
52.56,52.994,-1,0,<2>それはテストばっかのきか</c><1>んだったり</c>,それはテストばっかのきかんだったり
52.994,53.394,-1,-1,<2>それはテスト∞の期間</c><1>だったり</c>,それはテスト∞の期間だったり
52.994,53.394,-1,0,<2>それはテストばっかのきかん</c><1>だったり</c>,それはテストばっかのきかんだったり
53.394,53.828,-1,-1,<2>それはテスト∞の期間だっ</c><1>たり</c>,それはテスト∞の期間だったり
53.394,53.828,-1,0,<2>それはテストばっかのきかんだっ</c><1>たり</c>,それはテストばっかのきかんだったり
53.828,54.028,-1,-1,<2>それはテスト∞の期間だった</c><1>り</c>,それはテスト∞の期間だったり
53.828,54.028,-1,0,<2>それはテストばっかのきかんだった</c><1>り</c>,それはテストばっかのきかんだったり
54.028,55.229,-1,-1,<2>それはテスト∞の期間だったり</c>,それはテスト∞の期間だったり
54.028,55.229,-1,0,<2>それはテストばっかのきかんだったり</c>,それはテストばっかのきかんだったり
55.229,55.429,-1,-1,<2>そ</c><1>れはきみとゆう名のメランコリンニスト。</c>,それはきみとゆう名のメランコリンニスト。
55.229,55.429,-1,0,<2>そ</c><1>れはきみとゆうなのメランコリンニスト。</c>,それはきみとゆうなのメランコリンニスト。
55.429,55.663,-1,-1,<2>それ</c><1>はきみとゆう名のメランコリンニスト。</c>,それはきみとゆう名のメランコリンニスト。
55.429,55.663,-1,0,<2>それ</c><1>はきみとゆうなのメランコリンニスト。</c>,それはきみとゆうなのメランコリンニスト。
55.663,56.263,-1,-1,<2>それは</c><1>きみとゆう名のメランコリンニスト。</c>,それはきみとゆう名のメランコリンニスト。
55.663,56.263,-1,0,<2>それは</c><1>きみとゆうなのメランコリンニスト。</c>,それはきみとゆうなのメランコリンニスト。
56.263,56.697,-1,-1,<2>それはき</c><1>みとゆう名のメランコリンニスト。</c>,それはきみとゆう名のメランコリンニスト。
56.263,56.697,-1,0,<2>それはき</c><1>みとゆうなのメランコリンニスト。</c>,それはきみとゆうなのメランコリンニスト。
56.697,57.098,-1,-1,<2>それはきみ</c><1>とゆう名のメランコリンニスト。</c>,それはきみとゆう名のメランコリンニスト。
56.697,57.098,-1,0,<2>それはきみ</c><1>とゆうなのメランコリンニスト。</c>,それはきみとゆうなのメランコリンニスト。
57.098,57.531,-1,-1,<2>それはきみと</c><1>ゆう名のメランコリンニスト。</c>,それはきみとゆう名のメランコリンニスト。
57.098,57.531,-1,0,<2>それはきみと</c><1>ゆうなのメランコリンニスト。</c>,それはきみとゆうなのメランコリンニスト。
57.531,57.732,-1,-1,<2>それはきみとゆ</c><1>う名のメランコリンニスト。</c>,それはきみとゆう名のメランコリンニスト。
57.531,57.732,-1,0,<2>それはきみとゆ</c><1>うなのメランコリンニスト。</c>,それはきみとゆうなのメランコリンニスト。
57.732,57.898,-1,-1,<2>それはきみとゆう</c><1>名のメランコリンニスト。</c>,それはきみとゆう名のメランコリンニスト。
57.732,57.898,-1,0,<2>それはきみとゆう</c><1>なのメランコリンニスト。</c>,それはきみとゆうなのメランコリンニスト。
57.898,58.132,-1,-1,<2>それはきみとゆう名</c><1>のメランコリンニスト。</c>,それはきみとゆう名のメランコリンニスト。
57.898,58.132,-1,0,<2>それはきみとゆうな</c><1>のメランコリンニスト。</c>,それはきみとゆうなのメランコリンニスト。
58.132,59.0,-1,-1,<2>それはきみとゆう名の</c><1>メランコリンニスト。</c>,それはきみとゆう名のメランコリンニスト。
58.132,59.0,-1,0,<2>それはきみとゆうなの</c><1>メランコリンニスト。</c>,それはきみとゆうなのメランコリンニスト。
59.0,59.166,-1,-1,<2>それはきみとゆう名のメ</c><1>ランコリンニスト。</c>,それはきみとゆう名のメランコリンニスト。
59.0,59.166,-1,0,<2>それはきみとゆうなのメ</c><1>ランコリンニスト。</c>,それはきみとゆうなのメランコリンニスト。
59.166,59.367,-1,-1,<2>それはきみとゆう名のメラ</c><1>ンコリンニスト。</c>,それはきみとゆう名のメランコリンニスト。
59.166,59.367,-1,0,<2>それはきみとゆうなのメラ</c><1>ンコリンニスト。</c>,それはきみとゆうなのメランコリンニスト。
59.367,59.567,-1,-1,<2>それはきみとゆう名のメラン</c><1>コリンニスト。</c>,それはきみとゆう名のメランコリンニスト。
59.367,59.567,-1,0,<2>それはきみとゆうなのメラン</c><1>コリンニスト。</c>,それはきみとゆうなのメランコリンニスト。
59.567,60.001,-1,-1,<2>それはきみとゆう名のメランコ</c><1>リンニスト。</c>,それはきみとゆう名のメランコリンニスト。
59.567,60.001,-1,0,<2>それはきみとゆうなのメランコ</c><1>リンニスト。</c>,それはきみとゆうなのメランコリンニスト。
60.001,60.167,-1,-1,<2>それはきみとゆう名のメランコリン</c><1>ニスト。</c>,それはきみとゆう名のメランコリンニスト。
60.001,60.167,-1,0,<2>それはきみとゆうなのメランコリン</c><1>ニスト。</c>,それはきみとゆうなのメランコリンニスト。
60.167,60.434,-1,-1,<2>それはきみとゆう名のメランコリンニ</c><1>スト。</c>,それはきみとゆう名のメランコリンニスト。
60.167,60.434,-1,0,<2>それはきみとゆうなのメランコリンニ</c><1>スト。</c>,それはきみとゆうなのメランコリンニスト。
60.434,60.601,-1,-1,<2>それはきみとゆう名のメランコリンニス</c><1>ト。</c>,それはきみとゆう名のメランコリンニスト。
60.434,60.601,-1,0,<2>それはきみとゆうなのメランコリンニス</c><1>ト。</c>,それはきみとゆうなのメランコリンニスト。
60.601,61.2,-1,-1,<2>それはきみとゆう名のメランコリンニスト。</c>,それはきみとゆう名のメランコリンニスト。
60.601,61.2,-1,0,<2>それはきみとゆうなのメランコリンニスト。</c>,それはきみとゆうなのメランコリンニスト。
61.802,62.003,-1,-1,<2>手</c><1>当たり次第強気でぶつかっても</c>,手当たり次第強気でぶつかっても
61.802,62.003,-1,0,<2>て</c><1>あたりしだいつよきでぶつかっても</c>,てあたりしだいつよきでぶつかっても
62.003,62.236,-1,-1,<2>手当</c><1>たり次第強気でぶつかっても</c>,手当たり次第強気でぶつかっても
62.003,62.236,-1,0,<2>てあ</c><1>たりしだいつよきでぶつかっても</c>,てあたりしだいつよきでぶつかっても
62.236,62.336,-1,-1,<2>手当た</c><1>り次第強気でぶつかっても</c>,手当たり次第強気でぶつかっても
62.236,62.336,-1,0,<2>てあた</c><1>りしだいつよきでぶつかっても</c>,てあたりしだいつよきでぶつかっても
62.336,62.47,-1,-1,<2>手当たり</c><1>次第強気でぶつかっても</c>,手当たり次第強気でぶつかっても
62.336,62.47,-1,0,<2>てあたり</c><1>しだいつよきでぶつかっても</c>,てあたりしだいつよきでぶつかっても
62.47,62.67,-1,-1,<2>手当たり次</c><1>第強気でぶつかっても</c>,手当たり次第強気でぶつかっても
62.47,62.67,-1,0,<2>てあたりし</c><1>だいつよきでぶつかっても</c>,てあたりしだいつよきでぶつかっても
62.67,62.803,-1,-1,<2>手当たり次第</c><1>強気でぶつかっても</c>,手当たり次第強気でぶつかっても
62.67,62.803,-1,0,<2>てあたりしだ</c><1>いつよきでぶつかっても</c>,てあたりしだいつよきでぶつかっても
62.803,62.87,-1,-1,<2>手当たり次第</c><1>強気でぶつかっても</c>,手当たり次第強気でぶつかっても
62.803,62.87,-1,0,<2>てあたりしだい</c><1>つよきでぶつかっても</c>,てあたりしだいつよきでぶつかっても
62.87,62.97,-1,-1,<2>手当たり次第強</c><1>気でぶつかっても</c>,手当たり次第強気でぶつかっても
62.87,62.97,-1,0,<2>てあたりしだいつ</c><1>よきでぶつかっても</c>,てあたりしだいつよきでぶつかっても
62.97,63.07,-1,-1,<2>手当たり次第強</c><1>気でぶつかっても</c>,手当たり次第強気でぶつかっても
62.97,63.07,-1,0,<2>てあたりしだいつよ</c><1>きでぶつかっても</c>,てあたりしだいつよきでぶつかっても
63.07,63.17,-1,-1,<2>手当たり次第強気</c><1>でぶつかっても</c>,手当たり次第強気でぶつかっても
63.07,63.17,-1,0,<2>てあたりしだいつよき</c><1>でぶつかっても</c>,てあたりしだいつよきでぶつかっても
63.17,63.27,-1,-1,<2>手当たり次第強気で</c><1>ぶつかっても</c>,手当たり次第強気でぶつかっても
63.17,63.27,-1,0,<2>てあたりしだいつよきで</c><1>ぶつかっても</c>,てあたりしだいつよきでぶつかっても
63.27,63.371,-1,-1,<2>手当たり次第強気でぶ</c><1>つかっても</c>,手当たり次第強気でぶつかっても
63.27,63.371,-1,0,<2>てあたりしだいつよきでぶ</c><1>つかっても</c>,てあたりしだいつよきでぶつかっても
63.371,63.471,-1,-1,<2>手当たり次第強気でぶつ</c><1>かっても</c>,手当たり次第強気でぶつかっても
63.371,63.471,-1,0,<2>てあたりしだいつよきでぶつ</c><1>かっても</c>,てあたりしだいつよきでぶつかっても
63.471,63.871,-1,-1,<2>手当たり次第強気でぶつかっ</c><1>ても</c>,手当たり次第強気でぶつかっても
63.471,63.871,-1,0,<2>てあたりしだいつよきでぶつかっ</c><1>ても</c>,てあたりしだいつよきでぶつかっても
63.871,64.005,-1,-1,<2>手当たり次第強気でぶつかって</c><1>も</c>,手当たり次第強気でぶつかっても
63.871,64.005,-1,0,<2>てあたりしだいつよきでぶつかって</c><1>も</c>,てあたりしだいつよきでぶつかっても
64.005,64.105,-1,-1,<2>手当たり次第強気でぶつかっても</c>,手当たり次第強気でぶつかっても
64.005,64.105,-1,0,<2>てあたりしだいつよきでぶつかっても</c>,てあたりしだいつよきでぶつかっても
64.105,64.271,-1,-1,<2>なん</c><1>にも手には残らないって思い込んでる</c>,なんにも手には残らないって思い込んでる
64.105,64.271,-1,0,<2>なん</c><1>にもてにはのこらないっておもいこんでる</c>,なんにもてにはのこらないっておもいこんでる
64.271,64.372,-1,-1,<2>なんに</c><1>も手には残らないって思い込んでる</c>,なんにも手には残らないって思い込んでる
64.271,64.372,-1,0,<2>なんに</c><1>もてにはのこらないっておもいこんでる</c>,なんにもてにはのこらないっておもいこんでる
64.372,64.505,-1,-1,<2>なんにも</c><1>手には残らないって思い込んでる</c>,なんにも手には残らないって思い込んでる
64.372,64.505,-1,0,<2>なんにも</c><1>てにはのこらないっておもいこんでる</c>,なんにもてにはのこらないっておもいこんでる
64.505,64.739,-1,-1,<2>なんにも手</c><1>には残らないって思い込んでる</c>,なんにも手には残らないって思い込んでる
64.505,64.739,-1,0,<2>なんにもて</c><1>にはのこらないっておもいこんでる</c>,なんにもてにはのこらないっておもいこんでる
64.739,64.805,-1,-1,<2>なんにも手に</c><1>は残らないって思い込んでる</c>,なんにも手には残らないって思い込んでる
64.739,64.805,-1,0,<2>なんにもてに</c><1>はのこらないっておもいこんでる</c>,なんにもてにはのこらないっておもいこんでる
64.805,64.905,-1,-1,<2>なんにも手には</c><1>残らないって思い込んでる</c>,なんにも手には残らないって思い込んでる
64.805,64.905,-1,0,<2>なんにもてには</c><1>のこらないっておもいこんでる</c>,なんにもてにはのこらないっておもいこんでる
64.905,65.006,-1,-1,<2>なんにも手には残</c><1>らないって思い込んでる</c>,なんにも手には残らないって思い込んでる
64.905,65.006,-1,0,<2>なんにもてにはの</c><1>こらないっておもいこんでる</c>,なんにもてにはのこらないっておもいこんでる
65.006,65.106,-1,-1,<2>なんにも手には残</c><1>らないって思い込んでる</c>,なんにも手には残らないって思い込んでる
65.006,65.106,-1,0,<2>なんにもてにはのこ</c><1>らないっておもいこんでる</c>,なんにもてにはのこらないっておもいこんでる
65.106,65.239,-1,-1,<2>なんにも手には残ら</c><1>ないって思い込んでる</c>,なんにも手には残らないって思い込んでる
65.106,65.239,-1,0,<2>なんにもてにはのこら</c><1>ないっておもいこんでる</c>,なんにもてにはのこらないっておもいこんでる
65.239,65.339,-1,-1,<2>なんにも手には残らな</c><1>いって思い込んでる</c>,なんにも手には残らないって思い込んでる
65.239,65.339,-1,0,<2>なんにもてにはのこらな</c><1>いっておもいこんでる</c>,なんにもてにはのこらないっておもいこんでる
65.339,65.539,-1,-1,<2>なんにも手には残らないっ</c><1>て思い込んでる</c>,なんにも手には残らないって思い込んでる
65.339,65.539,-1,0,<2>なんにもてにはのこらないっ</c><1>ておもいこんでる</c>,なんにもてにはのこらないっておもいこんでる
65.539,65.639,-1,-1,<2>なんにも手には残らないって</c><1>思い込んでる</c>,なんにも手には残らないって思い込んでる
65.539,65.639,-1,0,<2>なんにもてにはのこらないって</c><1>おもいこんでる</c>,なんにもてにはのこらないっておもいこんでる
65.639,65.773,-1,-1,<2>なんにも手には残らないって思</c><1>い込んでる</c>,なんにも手には残らないって思い込んでる
65.639,65.773,-1,0,<2>なんにもてにはのこらないってお</c><1>もいこんでる</c>,なんにもてにはのこらないっておもいこんでる
65.773,66.307,-1,-1,<2>なんにも手には残らないって思</c><1>い込んでる</c>,なんにも手には残らないって思い込んでる
65.773,66.307,-1,0,<2>なんにもてにはのこらないっておも</c><1>いこんでる</c>,なんにもてにはのこらないっておもいこんでる
66.307,66.574,-1,-1,<2>なんにも手には残らないって思い</c><1>込んでる</c>,なんにも手には残らないって思い込んでる
66.307,66.574,-1,0,<2>なんにもてにはのこらないっておもい</c><1>こんでる</c>,なんにもてにはのこらないっておもいこんでる
66.574,66.807,-1,-1,<2>なんにも手には残らないって思い込</c><1>んでる</c>,なんにも手には残らないって思い込んでる
66.574,66.807,-1,0,<2>なんにもてにはのこらないっておもいこ</c><1>んでる</c>,なんにもてにはのこらないっておもいこんでる
66.807,67.174,-1,-1,<2>なんにも手には残らないって思い込ん</c><1>でる</c>,なんにも手には残らないって思い込んでる
66.807,67.174,-1,0,<2>なんにもてにはのこらないっておもいこん</c><1>でる</c>,なんにもてにはのこらないっておもいこんでる
67.174,67.408,-1,-1,<2>なんにも手には残らないって思い込んで</c><1>る</c>,なんにも手には残らないって思い込んでる
67.174,67.408,-1,0,<2>なんにもてにはのこらないっておもいこんで</c><1>る</c>,なんにもてにはのこらないっておもいこんでる
67.408,69.01,-1,-1,<2>なんにも手には残らないって思い込んでる</c>,なんにも手には残らないって思い込んでる
67.408,69.01,-1,0,<2>なんにもてにはのこらないっておもいこんでる</c>,なんにもてにはのこらないっておもいこんでる
69.01,69.31,-1,-1,<2>ちょっ</c><1>とぐらいの勇気にだって</c>,ちょっとぐらいの勇気にだって
69.01,69.31,-1,0,<2>ちょっ</c><1>とぐらいのゆうきにだって</c>,ちょっとぐらいのゆうきにだって
69.31,69.41,-1,-1,<2>ちょっと</c><1>ぐらいの勇気にだって</c>,ちょっとぐらいの勇気にだって
69.31,69.41,-1,0,<2>ちょっと</c><1>ぐらいのゆうきにだって</c>,ちょっとぐらいのゆうきにだって
69.41,69.477,-1,-1,<2>ちょっとぐ</c><1>らいの勇気にだって</c>,ちょっとぐらいの勇気にだって
69.41,69.477,-1,0,<2>ちょっとぐ</c><1>らいのゆうきにだって</c>,ちょっとぐらいのゆうきにだって
69.477,69.577,-1,-1,<2>ちょっとぐら</c><1>いの勇気にだって</c>,ちょっとぐらいの勇気にだって
69.477,69.577,-1,0,<2>ちょっとぐら</c><1>いのゆうきにだって</c>,ちょっとぐらいのゆうきにだって
69.577,69.677,-1,-1,<2>ちょっとぐらい</c><1>の勇気にだって</c>,ちょっとぐらいの勇気にだって
69.577,69.677,-1,0,<2>ちょっとぐらい</c><1>のゆうきにだって</c>,ちょっとぐらいのゆうきにだって
69.677,69.844,-1,-1,<2>ちょっとぐらいの</c><1>勇気にだって</c>,ちょっとぐらいの勇気にだって
69.677,69.844,-1,0,<2>ちょっとぐらいの</c><1>ゆうきにだって</c>,ちょっとぐらいのゆうきにだって
69.844,69.944,-1,-1,<2>ちょっとぐらいの勇</c><1>気にだって</c>,ちょっとぐらいの勇気にだって
69.844,69.944,-1,0,<2>ちょっとぐらいのゆ</c><1>うきにだって</c>,ちょっとぐらいのゆうきにだって
69.944,70.077,-1,-1,<2>ちょっとぐらいの勇</c><1>気にだって</c>,ちょっとぐらいの勇気にだって
69.944,70.077,-1,0,<2>ちょっとぐらいのゆう</c><1>きにだって</c>,ちょっとぐらいのゆうきにだって
70.077,70.177,-1,-1,<2>ちょっとぐらいの勇気</c><1>にだって</c>,ちょっとぐらいの勇気にだって
70.077,70.177,-1,0,<2>ちょっとぐらいのゆうき</c><1>にだって</c>,ちょっとぐらいのゆうきにだって
70.177,70.277,-1,-1,<2>ちょっとぐらいの勇気に</c><1>だって</c>,ちょっとぐらいの勇気にだって
70.177,70.277,-1,0,<2>ちょっとぐらいのゆうきに</c><1>だって</c>,ちょっとぐらいのゆうきにだって
70.277,70.478,-1,-1,<2>ちょっとぐらいの勇気にだっ</c><1>て</c>,ちょっとぐらいの勇気にだって
70.277,70.478,-1,0,<2>ちょっとぐらいのゆうきにだっ</c><1>て</c>,ちょっとぐらいのゆうきにだって
70.478,70.644,-1,-1,<2>ちょっとぐらいの勇気にだって</c>,ちょっとぐらいの勇気にだって
70.478,70.644,-1,0,<2>ちょっとぐらいのゆうきにだって</c>,ちょっとぐらいのゆうきにだって
70.644,70.845,-1,-1,<2>ちっ</c><1>ちゃくなって塞ぎこんでる</c>,ちっちゃくなって塞ぎこんでる
70.644,70.845,-1,0,<2>ちっ</c><1>ちゃくなってふさぎこんでる</c>,ちっちゃくなってふさぎこんでる
70.845,71.012,-1,-1,<2>ちっちゃ</c><1>くなって塞ぎこんでる</c>,ちっちゃくなって塞ぎこんでる
70.845,71.012,-1,0,<2>ちっちゃ</c><1>くなってふさぎこんでる</c>,ちっちゃくなってふさぎこんでる
71.012,71.078,-1,-1,<2>ちっちゃく</c><1>なって塞ぎこんでる</c>,ちっちゃくなって塞ぎこんでる
71.012,71.078,-1,0,<2>ちっちゃく</c><1>なってふさぎこんでる</c>,ちっちゃくなってふさぎこんでる
71.078,71.278,-1,-1,<2>ちっちゃくなっ</c><1>て塞ぎこんでる</c>,ちっちゃくなって塞ぎこんでる
71.078,71.278,-1,0,<2>ちっちゃくなっ</c><1>てふさぎこんでる</c>,ちっちゃくなってふさぎこんでる
71.278,71.379,-1,-1,<2>ちっちゃくなって</c><1>塞ぎこんでる</c>,ちっちゃくなって塞ぎこんでる
71.278,71.379,-1,0,<2>ちっちゃくなって</c><1>ふさぎこんでる</c>,ちっちゃくなってふさぎこんでる
71.379,71.479,-1,-1,<2>ちっちゃくなって塞</c><1>ぎこんでる</c>,ちっちゃくなって塞ぎこんでる
71.379,71.479,-1,0,<2>ちっちゃくなってふ</c><1>さぎこんでる</c>,ちっちゃくなってふさぎこんでる
71.479,71.679,-1,-1,<2>ちっちゃくなって塞</c><1>ぎこんでる</c>,ちっちゃくなって塞ぎこんでる
71.479,71.679,-1,0,<2>ちっちゃくなってふさ</c><1>ぎこんでる</c>,ちっちゃくなってふさぎこんでる
71.679,71.812,-1,-1,<2>ちっちゃくなって塞ぎ</c><1>こんでる</c>,ちっちゃくなって塞ぎこんでる
71.679,71.812,-1,0,<2>ちっちゃくなってふさぎ</c><1>こんでる</c>,ちっちゃくなってふさぎこんでる
71.812,71.879,-1,-1,<2>ちっちゃくなって塞ぎこ</c><1>んでる</c>,ちっちゃくなって塞ぎこんでる
71.812,71.879,-1,0,<2>ちっちゃくなってふさぎこ</c><1>んでる</c>,ちっちゃくなってふさぎこんでる
71.879,72.113,-1,-1,<2>ちっちゃくなって塞ぎこん</c><1>でる</c>,ちっちゃくなって塞ぎこんでる
71.879,72.113,-1,0,<2>ちっちゃくなってふさぎこん</c><1>でる</c>,ちっちゃくなってふさぎこんでる
72.113,72.246,-1,-1,<2>ちっちゃくなって塞ぎこんで</c><1>る</c>,ちっちゃくなって塞ぎこんでる
72.113,72.246,-1,0,<2>ちっちゃくなってふさぎこんで</c><1>る</c>,ちっちゃくなってふさぎこんでる
72.246,72.38,-1,-1,<2>ちっちゃくなって塞ぎこんでる</c>,ちっちゃくなって塞ぎこんでる
72.246,72.38,-1,0,<2>ちっちゃくなってふさぎこんでる</c>,ちっちゃくなってふさぎこんでる
72.38,72.68,-1,-1,<2>わ</c><1>たしだから</c>,わたしだから
72.38,72.68,-1,0,<2>わ</c><1>たしだから</c>,わたしだから
72.68,72.98,-1,-1,<2>わた</c><1>しだから</c>,わたしだから
72.68,72.98,-1,0,<2>わた</c><1>しだから</c>,わたしだから
72.98,73.147,-1,-1,<2>わたし</c><1>だから</c>,わたしだから
72.98,73.147,-1,0,<2>わたし</c><1>だから</c>,わたしだから
73.147,73.748,-1,-1,<2>わたしだ</c><1>から</c>,わたしだから
73.147,73.748,-1,0,<2>わたしだ</c><1>から</c>,わたしだから
73.748,73.948,-1,-1,<2>わたしだか</c><1>ら</c>,わたしだから
73.748,73.948,-1,0,<2>わたしだか</c><1>ら</c>,わたしだから
73.948,75.181,-1,-1,<2>わたしだから</c>,わたしだから
73.948,75.181,-1,0,<2>わたしだから</c>,わたしだから
75.616,76.017,-1,-1,<2>全</c><1>然つかめないきみのこと</c>,全然つかめないきみのこと
75.616,76.017,-1,0,<2>ぜん</c><1>ぜんつかめないきみのこと</c>,ぜんぜんつかめないきみのこと
76.017,76.417,-1,-1,<2>全然</c><1>つかめないきみのこと</c>,全然つかめないきみのこと
76.017,76.417,-1,0,<2>ぜんぜん</c><1>つかめないきみのこと</c>,ぜんぜんつかめないきみのこと
76.417,76.65,-1,-1,<2>全然つ</c><1>かめないきみのこと</c>,全然つかめないきみのこと
76.417,76.65,-1,0,<2>ぜんぜんつ</c><1>かめないきみのこと</c>,ぜんぜんつかめないきみのこと
76.65,76.851,-1,-1,<2>全然つか</c><1>めないきみのこと</c>,全然つかめないきみのこと
76.65,76.851,-1,0,<2>ぜんぜんつか</c><1>めないきみのこと</c>,ぜんぜんつかめないきみのこと
76.851,77.018,-1,-1,<2>全然つかめ</c><1>ないきみのこと</c>,全然つかめないきみのこと
76.851,77.018,-1,0,<2>ぜんぜんつかめ</c><1>ないきみのこと</c>,ぜんぜんつかめないきみのこと
77.018,77.451,-1,-1,<2>全然つかめない</c><1>きみのこと</c>,全然つかめないきみのこと
77.018,77.451,-1,0,<2>ぜんぜんつかめない</c><1>きみのこと</c>,ぜんぜんつかめないきみのこと
77.451,77.852,-1,-1,<2>全然つかめないき</c><1>みのこと</c>,全然つかめないきみのこと
77.451,77.852,-1,0,<2>ぜんぜんつかめないき</c><1>みのこと</c>,ぜんぜんつかめないきみのこと
77.852,78.085,-1,-1,<2>全然つかめないきみ</c><1>のこと</c>,全然つかめないきみのこと
77.852,78.085,-1,0,<2>ぜんぜんつかめないきみ</c><1>のこと</c>,ぜんぜんつかめないきみのこと
78.085,78.452,-1,-1,<2>全然つかめないきみの</c><1>こと</c>,全然つかめないきみのこと
78.085,78.452,-1,0,<2>ぜんぜんつかめないきみの</c><1>こと</c>,ぜんぜんつかめないきみのこと
78.452,78.686,-1,-1,<2>全然つかめないきみのこ</c><1>と</c>,全然つかめないきみのこと
78.452,78.686,-1,0,<2>ぜんぜんつかめないきみのこ</c><1>と</c>,ぜんぜんつかめないきみのこと
78.686,78.886,-1,-1,<2>全然つかめないきみのこと</c>,全然つかめないきみのこと
78.686,78.886,-1,0,<2>ぜんぜんつかめないきみのこと</c>,ぜんぜんつかめないきみのこと
78.886,79.286,-1,-1,<2>全</c><1>然しらないうちに</c>,全然しらないうちに
78.886,79.286,-1,0,<2>ぜん</c><1>ぜんしらないうちに</c>,ぜんぜんしらないうちに
79.286,79.687,-1,-1,<2>全然</c><1>しらないうちに</c>,全然しらないうちに
79.286,79.687,-1,0,<2>ぜんぜん</c><1>しらないうちに</c>,ぜんぜんしらないうちに
79.687,79.887,-1,-1,<2>全然し</c><1>らないうちに</c>,全然しらないうちに
79.687,79.887,-1,0,<2>ぜんぜんし</c><1>らないうちに</c>,ぜんぜんしらないうちに
79.887,80.087,-1,-1,<2>全然しら</c><1>ないうちに</c>,全然しらないうちに
79.887,80.087,-1,0,<2>ぜんぜんしら</c><1>ないうちに</c>,ぜんぜんしらないうちに
80.087,80.287,-1,-1,<2>全然しらな</c><1>いうちに</c>,全然しらないうちに
80.087,80.287,-1,0,<2>ぜんぜんしらな</c><1>いうちに</c>,ぜんぜんしらないうちに
80.287,80.755,-1,-1,<2>全然しらない</c><1>うちに</c>,全然しらないうちに
80.287,80.755,-1,0,<2>ぜんぜんしらない</c><1>うちに</c>,ぜんぜんしらないうちに
80.755,80.921,-1,-1,<2>全然しらないう</c><1>ちに</c>,全然しらないうちに
80.755,80.921,-1,0,<2>ぜんぜんしらないう</c><1>ちに</c>,ぜんぜんしらないうちに
80.921,81.122,-1,-1,<2>全然しらないうち</c><1>に</c>,全然しらないうちに
80.921,81.122,-1,0,<2>ぜんぜんしらないうち</c><1>に</c>,ぜんぜんしらないうちに
81.122,81.756,-1,-1,<2>全然しらないうちに</c>,全然しらないうちに
81.122,81.756,-1,0,<2>ぜんぜんしらないうちに</c>,ぜんぜんしらないうちに
81.756,82.189,-1,-1,<2>yeah!</c>,yeah!
81.756,82.189,-1,0,<2>yeah!</c>,yeah!
82.189,82.423,-1,-1,<2>コ</c><1>コロ奪われるなんてこと</c>,ココロ奪われるなんてこと
82.189,82.423,-1,0,<2>コ</c><1>コロうばわれるなんてこと</c>,ココロうばわれるなんてこと
82.423,82.59,-1,-1,<2>ココ</c><1>ロ奪われるなんてこと</c>,ココロ奪われるなんてこと
82.423,82.59,-1,0,<2>ココ</c><1>ロうばわれるなんてこと</c>,ココロうばわれるなんてこと
82.59,82.79,-1,-1,<2>ココロ</c><1>奪われるなんてこと</c>,ココロ奪われるなんてこと
82.59,82.79,-1,0,<2>ココロ</c><1>うばわれるなんてこと</c>,ココロうばわれるなんてこと
82.79,83.024,-1,-1,<2>ココロ奪</c><1>われるなんてこと</c>,ココロ奪われるなんてこと
82.79,83.024,-1,0,<2>ココロう</c><1>ばわれるなんてこと</c>,ココロうばわれるなんてこと
83.024,83.224,-1,-1,<2>ココロ奪</c><1>われるなんてこと</c>,ココロ奪われるなんてこと
83.024,83.224,-1,0,<2>ココロうば</c><1>われるなんてこと</c>,ココロうばわれるなんてこと
83.224,83.424,-1,-1,<2>ココロ奪わ</c><1>れるなんてこと</c>,ココロ奪われるなんてこと
83.224,83.424,-1,0,<2>ココロうばわ</c><1>れるなんてこと</c>,ココロうばわれるなんてこと
83.424,83.624,-1,-1,<2>ココロ奪われ</c><1>るなんてこと</c>,ココロ奪われるなんてこと
83.424,83.624,-1,0,<2>ココロうばわれ</c><1>るなんてこと</c>,ココロうばわれるなんてこと
83.624,84.025,-1,-1,<2>ココロ奪われる</c><1>なんてこと</c>,ココロ奪われるなんてこと
83.624,84.025,-1,0,<2>ココロうばわれる</c><1>なんてこと</c>,ココロうばわれるなんてこと
84.025,84.458,-1,-1,<2>ココロ奪われるな</c><1>んてこと</c>,ココロ奪われるなんてこと
84.025,84.458,-1,0,<2>ココロうばわれるな</c><1>んてこと</c>,ココロうばわれるなんてこと
84.458,84.658,-1,-1,<2>ココロ奪われるなん</c><1>てこと</c>,ココロ奪われるなんてこと
84.458,84.658,-1,0,<2>ココロうばわれるなん</c><1>てこと</c>,ココロうばわれるなんてこと
84.658,85.026,-1,-1,<2>ココロ奪われるなんて</c><1>こと</c>,ココロ奪われるなんてこと
84.658,85.026,-1,0,<2>ココロうばわれるなんて</c><1>こと</c>,ココロうばわれるなんてこと
85.026,85.259,-1,-1,<2>ココロ奪われるなんてこ</c><1>と</c>,ココロ奪われるなんてこと
85.026,85.259,-1,0,<2>ココロうばわれるなんてこ</c><1>と</c>,ココロうばわれるなんてこと
85.259,85.459,-1,-1,<2>ココロ奪われるなんてこと</c>,ココロ奪われるなんてこと
85.259,85.459,-1,0,<2>ココロうばわれるなんてこと</c>,ココロうばわれるなんてこと
85.459,85.893,-1,-1,<2>あ</c><1>るはずないでしょ</c>,あるはずないでしょ
85.459,85.893,-1,0,<2>あ</c><1>るはずないでしょ</c>,あるはずないでしょ
85.893,86.293,-1,-1,<2>ある</c><1>はずないでしょ</c>,あるはずないでしょ
85.893,86.293,-1,0,<2>ある</c><1>はずないでしょ</c>,あるはずないでしょ
86.293,86.694,-1,-1,<2>あるは</c><1>ずないでしょ</c>,あるはずないでしょ
86.293,86.694,-1,0,<2>あるは</c><1>ずないでしょ</c>,あるはずないでしょ
86.694,87.094,-1,-1,<2>あるはず</c><1>ないでしょ</c>,あるはずないでしょ
86.694,87.094,-1,0,<2>あるはず</c><1>ないでしょ</c>,あるはずないでしょ
87.094,87.728,-1,-1,<2>あるはずない</c><1>でしょ</c>,あるはずないでしょ
87.094,87.728,-1,0,<2>あるはずない</c><1>でしょ</c>,あるはずないでしょ
87.728,87.928,-1,-1,<2>あるはずないで</c><1>しょ</c>,あるはずないでしょ
87.728,87.928,-1,0,<2>あるはずないで</c><1>しょ</c>,あるはずないでしょ
87.928,88.729,-1,-1,<2>あるはずないでしょ</c>,あるはずないでしょ
87.928,88.729,-1,0,<2>あるはずないでしょ</c>,あるはずないでしょ
88.729,89.13,-1,-1,<2>全</c><1>然気づかないきみなんて</c>,全然気づかないきみなんて
88.729,89.13,-1,0,<2>ぜん</c><1>ぜんきづかないきみなんて</c>,ぜんぜんきづかないきみなんて
89.13,89.53,-1,-1,<2>全然</c><1>気づかないきみなんて</c>,全然気づかないきみなんて
89.13,89.53,-1,0,<2>ぜんぜん</c><1>きづかないきみなんて</c>,ぜんぜんきづかないきみなんて
89.53,89.764,-1,-1,<2>全然気</c><1>づかないきみなんて</c>,全然気づかないきみなんて
89.53,89.764,-1,0,<2>ぜんぜんき</c><1>づかないきみなんて</c>,ぜんぜんきづかないきみなんて
89.764,89.964,-1,-1,<2>全然気づ</c><1>かないきみなんて</c>,全然気づかないきみなんて
89.764,89.964,-1,0,<2>ぜんぜんきづ</c><1>かないきみなんて</c>,ぜんぜんきづかないきみなんて
89.964,90.164,-1,-1,<2>全然気づか</c><1>ないきみなんて</c>,全然気づかないきみなんて
89.964,90.164,-1,0,<2>ぜんぜんきづか</c><1>ないきみなんて</c>,ぜんぜんきづかないきみなんて
90.164,90.564,-1,-1,<2>全然気づかない</c><1>きみなんて</c>,全然気づかないきみなんて
90.164,90.564,-1,0,<2>ぜんぜんきづかない</c><1>きみなんて</c>,ぜんぜんきづかないきみなんて
90.564,90.998,-1,-1,<2>全然気づかないき</c><1>みなんて</c>,全然気づかないきみなんて
90.564,90.998,-1,0,<2>ぜんぜんきづかないき</c><1>みなんて</c>,ぜんぜんきづかないきみなんて
90.998,91.165,-1,-1,<2>全然気づかないきみ</c><1>なんて</c>,全然気づかないきみなんて
90.998,91.165,-1,0,<2>ぜんぜんきづかないきみ</c><1>なんて</c>,ぜんぜんきづかないきみなんて
91.165,91.599,-1,-1,<2>全然気づかないきみな</c><1>んて</c>,全然気づかないきみなんて
91.165,91.599,-1,0,<2>ぜんぜんきづかないきみな</c><1>んて</c>,ぜんぜんきづかないきみなんて
91.599,91.799,-1,-1,<2>全然気づかないきみなん</c><1>て</c>,全然気づかないきみなんて
91.599,91.799,-1,0,<2>ぜんぜんきづかないきみなん</c><1>て</c>,ぜんぜんきづかないきみなんて
91.799,92.033,-1,-1,<2>全然気づかないきみなんて</c>,全然気づかないきみなんて
91.799,92.033,-1,0,<2>ぜんぜんきづかないきみなんて</c>,ぜんぜんきづかないきみなんて
92.033,92.466,-1,-1,<2>全</c><1>然知らない×知らないもん</c>,全然知らない×知らないもん
92.033,92.466,-1,0,<2>ぜん</c><1>ぜんしらないしらないもん</c>,ぜんぜんしらないしらないもん
92.466,92.867,-1,-1,<2>全然</c><1>知らない×知らないもん</c>,全然知らない×知らないもん
92.466,92.867,-1,0,<2>ぜんぜん</c><1>しらないしらないもん</c>,ぜんぜんしらないしらないもん
92.867,93.1,-1,-1,<2>全然知</c><1>らない×知らないもん</c>,全然知らない×知らないもん
92.867,93.1,-1,0,<2>ぜんぜんし</c><1>らないしらないもん</c>,ぜんぜんしらないしらないもん
93.1,93.3,-1,-1,<2>全然知ら</c><1>ない×知らないもん</c>,全然知らない×知らないもん
93.1,93.3,-1,0,<2>ぜんぜんしら</c><1>ないしらないもん</c>,ぜんぜんしらないしらないもん
93.3,93.467,-1,-1,<2>全然知らな</c><1>い×知らないもん</c>,全然知らない×知らないもん
93.3,93.467,-1,0,<2>ぜんぜんしらな</c><1>いしらないもん</c>,ぜんぜんしらないしらないもん
93.467,93.868,-1,-1,<2>全然知らない×</c><1>知らないもん</c>,全然知らない×知らないもん
93.467,93.868,-1,0,<2>ぜんぜんしらない</c><1>しらないもん</c>,ぜんぜんしらないしらないもん
93.868,94.101,-1,-1,<2>全然知らない×知</c><1>らないもん</c>,全然知らない×知らないもん
93.868,94.101,-1,0,<2>ぜんぜんしらないし</c><1>らないもん</c>,ぜんぜんしらないしらないもん
94.101,94.301,-1,-1,<2>全然知らない×知ら</c><1>ないもん</c>,全然知らない×知らないもん
94.101,94.301,-1,0,<2>ぜんぜんしらないしら</c><1>ないもん</c>,ぜんぜんしらないしらないもん
94.301,94.735,-1,-1,<2>全然知らない×知らな</c><1>いもん</c>,全然知らない×知らないもん
94.301,94.735,-1,0,<2>ぜんぜんしらないしらな</c><1>いもん</c>,ぜんぜんしらないしらないもん
94.735,94.935,-1,-1,<2>全然知らない×知らない</c><1>もん</c>,全然知らない×知らないもん
94.735,94.935,-1,0,<2>ぜんぜんしらないしらない</c><1>もん</c>,ぜんぜんしらないしらないもん
94.935,95.202,-1,-1,<2>全然知らない×知らないも</c><1>ん</c>,全然知らない×知らないもん
94.935,95.202,-1,0,<2>ぜんぜんしらないしらないも</c><1>ん</c>,ぜんぜんしらないしらないもん
95.202,95.336,-1,-1,<2>全然知らない×知らないもん</c>,全然知らない×知らないもん
95.202,95.336,-1,0,<2>ぜんぜんしらないしらないもん</c>,ぜんぜんしらないしらないもん
95.336,95.736,-1,-1,<2>「ねぇ</c><1>ねぇ」じゃないわこの笑顔</c>,「ねぇねぇ」じゃないわこの笑顔
95.336,95.736,-1,0,<2>「ねぇ</c><1>ねぇ」じゃないわこのえがお</c>,「ねぇねぇ」じゃないわこのえがお
95.736,96.137,-1,-1,<2>「ねぇねぇ」</c><1>じゃないわこの笑顔</c>,「ねぇねぇ」じゃないわこの笑顔
95.736,96.137,-1,0,<2>「ねぇねぇ」</c><1>じゃないわこのえがお</c>,「ねぇねぇ」じゃないわこのえがお
96.137,96.337,-1,-1,<2>「ねぇねぇ」じゃ</c><1>ないわこの笑顔</c>,「ねぇねぇ」じゃないわこの笑顔
96.137,96.337,-1,0,<2>「ねぇねぇ」じゃ</c><1>ないわこのえがお</c>,「ねぇねぇ」じゃないわこのえがお
96.337,96.537,-1,-1,<2>「ねぇねぇ」じゃな</c><1>いわこの笑顔</c>,「ねぇねぇ」じゃないわこの笑顔
96.337,96.537,-1,0,<2>「ねぇねぇ」じゃな</c><1>いわこのえがお</c>,「ねぇねぇ」じゃないわこのえがお
96.537,96.737,-1,-1,<2>「ねぇねぇ」じゃない</c><1>わこの笑顔</c>,「ねぇねぇ」じゃないわこの笑顔
96.537,96.737,-1,0,<2>「ねぇねぇ」じゃない</c><1>わこのえがお</c>,「ねぇねぇ」じゃないわこのえがお
96.737,97.171,-1,-1,<2>「ねぇねぇ」じゃないわ</c><1>この笑顔</c>,「ねぇねぇ」じゃないわこの笑顔
96.737,97.171,-1,0,<2>「ねぇねぇ」じゃないわ</c><1>このえがお</c>,「ねぇねぇ」じゃないわこのえがお
97.171,97.571,-1,-1,<2>「ねぇねぇ」じゃないわこ</c><1>の笑顔</c>,「ねぇねぇ」じゃないわこの笑顔
97.171,97.571,-1,0,<2>「ねぇねぇ」じゃないわこ</c><1>のえがお</c>,「ねぇねぇ」じゃないわこのえがお
97.571,97.772,-1,-1,<2>「ねぇねぇ」じゃないわこの</c><1>笑顔</c>,「ねぇねぇ」じゃないわこの笑顔
97.571,97.772,-1,0,<2>「ねぇねぇ」じゃないわこの</c><1>えがお</c>,「ねぇねぇ」じゃないわこのえがお
97.772,98.172,-1,-1,<2>「ねぇねぇ」じゃないわこの笑</c><1>顔</c>,「ねぇねぇ」じゃないわこの笑顔
97.772,98.172,-1,0,<2>「ねぇねぇ」じゃないわこのえ</c><1>がお</c>,「ねぇねぇ」じゃないわこのえがお
98.172,98.606,-1,-1,<2>「ねぇねぇ」じゃないわこの笑顔</c>,「ねぇねぇ」じゃないわこの笑顔
98.172,98.406,-1,0,<2>「ねぇねぇ」じゃないわこのえが</c><1>お</c>,「ねぇねぇ」じゃないわこのえがお
98.406,98.606,-1,0,<2>「ねぇねぇ」じゃないわこのえがお</c>,「ねぇねぇ」じゃないわこのえがお
98.606,99.006,-1,-1,<2>ま</c><1>た眠れないでしょ</c>,また眠れないでしょ
98.606,99.006,-1,0,<2>ま</c><1>たねむれないでしょ</c>,またねむれないでしょ
99.006,99.44,-1,-1,<2>また</c><1>眠れないでしょ</c>,また眠れないでしょ
99.006,99.44,-1,0,<2>また</c><1>ねむれないでしょ</c>,またねむれないでしょ
99.44,99.74,-1,-1,<2>また眠</c><1>れないでしょ</c>,また眠れないでしょ
99.44,99.74,-1,0,<2>またね</c><1>むれないでしょ</c>,またねむれないでしょ
99.74,99.84,-1,-1,<2>また眠</c><1>れないでしょ</c>,また眠れないでしょ
99.74,99.84,-1,0,<2>またねむ</c><1>れないでしょ</c>,またねむれないでしょ
99.84,100.241,-1,-1,<2>また眠れ</c><1>ないでしょ</c>,また眠れないでしょ
99.84,100.241,-1,0,<2>またねむれ</c><1>ないでしょ</c>,またねむれないでしょ
100.241,100.674,-1,-1,<2>また眠れな</c><1>いでしょ</c>,また眠れないでしょ
100.241,100.674,-1,0,<2>またねむれな</c><1>いでしょ</c>,またねむれないでしょ
100.674,100.841,-1,-1,<2>また眠れない</c><1>でしょ</c>,また眠れないでしょ
100.674,100.841,-1,0,<2>またねむれない</c><1>でしょ</c>,またねむれないでしょ
100.841,101.042,-1,-1,<2>また眠れないで</c><1>しょ</c>,また眠れないでしょ
100.841,101.042,-1,0,<2>またねむれないで</c><1>しょ</c>,またねむれないでしょ
101.042,101.908,-1,-1,<2>また眠れないでしょ</c>,また眠れないでしょ
101.042,101.908,-1,0,<2>またねむれないでしょ</c>,またねむれないでしょ
115.456,115.723,-1,-1,<2>明日</c><1>もおんなじわたしがいるのかな</c>,明日もおんなじわたしがいるのかな
115.456,115.723,-1,0,<2>あ</c><1>したもおんなじわたしがいるのかな</c>,あしたもおんなじわたしがいるのかな
115.723,116.057,-1,-1,<2>明日</c><1>もおんなじわたしがいるのかな</c>,明日もおんなじわたしがいるのかな
115.723,116.057,-1,0,<2>あし</c><1>たもおんなじわたしがいるのかな</c>,あしたもおんなじわたしがいるのかな
116.057,116.49,-1,-1,<2>明日</c><1>もおんなじわたしがいるのかな</c>,明日もおんなじわたしがいるのかな
116.057,116.49,-1,0,<2>あした</c><1>もおんなじわたしがいるのかな</c>,あしたもおんなじわたしがいるのかな
116.49,117.124,-1,-1,<2>明日も</c><1>おんなじわたしがいるのかな</c>,明日もおんなじわたしがいるのかな
116.49,117.124,-1,0,<2>あしたも</c><1>おんなじわたしがいるのかな</c>,あしたもおんなじわたしがいるのかな
117.124,117.291,-1,-1,<2>明日もお</c><1>んなじわたしがいるのかな</c>,明日もおんなじわたしがいるのかな
117.124,117.291,-1,0,<2>あしたもお</c><1>んなじわたしがいるのかな</c>,あしたもおんなじわたしがいるのかな
117.291,117.725,-1,-1,<2>明日もおん</c><1>なじわたしがいるのかな</c>,明日もおんなじわたしがいるのかな
117.291,117.725,-1,0,<2>あしたもおん</c><1>なじわたしがいるのかな</c>,あしたもおんなじわたしがいるのかな
117.725,118.125,-1,-1,<2>明日もおんな</c><1>じわたしがいるのかな</c>,明日もおんなじわたしがいるのかな
117.725,118.125,-1,0,<2>あしたもおんな</c><1>じわたしがいるのかな</c>,あしたもおんなじわたしがいるのかな
118.125,118.726,-1,-1,<2>明日もおんなじ</c><1>わたしがいるのかな</c>,明日もおんなじわたしがいるのかな
118.125,118.726,-1,0,<2>あしたもおんなじ</c><1>わたしがいるのかな</c>,あしたもおんなじわたしがいるのかな
118.726,118.959,-1,-1,<2>明日もおんなじわ</c><1>たしがいるのかな</c>,明日もおんなじわたしがいるのかな
118.726,118.959,-1,0,<2>あしたもおんなじわ</c><1>たしがいるのかな</c>,あしたもおんなじわたしがいるのかな
118.959,119.393,-1,-1,<2>明日もおんなじわた</c><1>しがいるのかな</c>,明日もおんなじわたしがいるのかな
118.959,119.393,-1,0,<2>あしたもおんなじわた</c><1>しがいるのかな</c>,あしたもおんなじわたしがいるのかな
119.393,119.794,-1,-1,<2>明日もおんなじわたし</c><1>がいるのかな</c>,明日もおんなじわたしがいるのかな
119.393,119.794,-1,0,<2>あしたもおんなじわたし</c><1>がいるのかな</c>,あしたもおんなじわたしがいるのかな
119.794,120.394,-1,-1,<2>明日もおんなじわたしが</c><1>いるのかな</c>,明日もおんなじわたしがいるのかな
119.794,120.394,-1,0,<2>あしたもおんなじわたしが</c><1>いるのかな</c>,あしたもおんなじわたしがいるのかな
120.394,120.594,-1,-1,<2>明日もおんなじわたしがい</c><1>るのかな</c>,明日もおんなじわたしがいるのかな
120.394,120.594,-1,0,<2>あしたもおんなじわたしがい</c><1>るのかな</c>,あしたもおんなじわたしがいるのかな
120.594,120.995,-1,-1,<2>明日もおんなじわたしがいる</c><1>のかな</c>,明日もおんなじわたしがいるのかな
120.594,120.995,-1,0,<2>あしたもおんなじわたしがいる</c><1>のかな</c>,あしたもおんなじわたしがいるのかな
120.995,121.195,-1,-1,<2>明日もおんなじわたしがいるの</c><1>かな</c>,明日もおんなじわたしがいるのかな
120.995,121.195,-1,0,<2>あしたもおんなじわたしがいるの</c><1>かな</c>,あしたもおんなじわたしがいるのかな
121.195,121.395,-1,-1,<2>明日もおんなじわたしがいるのか</c><1>な</c>,明日もおんなじわたしがいるのかな
121.195,121.395,-1,0,<2>あしたもおんなじわたしがいるのか</c><1>な</c>,あしたもおんなじわたしがいるのかな
121.395,121.962,-1,-1,<2>明日もおんなじわたしがいるのかな</c>,明日もおんなじわたしがいるのかな
121.395,121.962,-1,0,<2>あしたもおんなじわたしがいるのかな</c>,あしたもおんなじわたしがいるのかな
121.962,122.229,-1,-1,<2>無</c><1>愛想で無口なままのカワいくないヤツ</c>,無愛想で無口なままのカワいくないヤツ
121.962,122.229,-1,0,<2>ぶ</c><1>あいそうでむくちなままのカワいくないヤツ</c>,ぶあいそうでむくちなままのカワいくないヤツ
122.229,122.63,-1,-1,<2>無愛</c><1>想で無口なままのカワいくないヤツ</c>,無愛想で無口なままのカワいくないヤツ
122.229,122.63,-1,0,<2>ぶあい</c><1>そうでむくちなままのカワいくないヤツ</c>,ぶあいそうでむくちなままのカワいくないヤツ
122.63,123.064,-1,-1,<2>無愛想</c><1>で無口なままのカワいくないヤツ</c>,無愛想で無口なままのカワいくないヤツ
122.63,123.064,-1,0,<2>ぶあいそう</c><1>でむくちなままのカワいくないヤツ</c>,ぶあいそうでむくちなままのカワいくないヤツ
123.064,123.631,-1,-1,<2>無愛想で</c><1>無口なままのカワいくないヤツ</c>,無愛想で無口なままのカワいくないヤツ
123.064,123.631,-1,0,<2>ぶあいそうで</c><1>むくちなままのカワいくないヤツ</c>,ぶあいそうでむくちなままのカワいくないヤツ
123.631,123.864,-1,-1,<2>無愛想で無</c><1>口なままのカワいくないヤツ</c>,無愛想で無口なままのカワいくないヤツ
123.631,123.864,-1,0,<2>ぶあいそうでむ</c><1>くちなままのカワいくないヤツ</c>,ぶあいそうでむくちなままのカワいくないヤツ
123.864,124.265,-1,-1,<2>無愛想で無口</c><1>なままのカワいくないヤツ</c>,無愛想で無口なままのカワいくないヤツ
123.864,124.265,-1,0,<2>ぶあいそうでむく</c><1>ちなままのカワいくないヤツ</c>,ぶあいそうでむくちなままのカワいくないヤツ
124.265,124.665,-1,-1,<2>無愛想で無口</c><1>なままのカワいくないヤツ</c>,無愛想で無口なままのカワいくないヤツ
124.265,124.665,-1,0,<2>ぶあいそうでむくち</c><1>なままのカワいくないヤツ</c>,ぶあいそうでむくちなままのカワいくないヤツ
124.665,124.899,-1,-1,<2>無愛想で無口な</c><1>ままのカワいくないヤツ</c>,無愛想で無口なままのカワいくないヤツ
124.665,124.899,-1,0,<2>ぶあいそうでむくちな</c><1>ままのカワいくないヤツ</c>,ぶあいそうでむくちなままのカワいくないヤツ
124.899,125.499,-1,-1,<2>無愛想で無口なま</c><1>まのカワいくないヤツ</c>,無愛想で無口なままのカワいくないヤツ
124.899,125.499,-1,0,<2>ぶあいそうでむくちなま</c><1>まのカワいくないヤツ</c>,ぶあいそうでむくちなままのカワいくないヤツ
125.499,125.733,-1,-1,<2>無愛想で無口なまま</c><1>のカワいくないヤツ</c>,無愛想で無口なままのカワいくないヤツ
125.499,125.733,-1,0,<2>ぶあいそうでむくちなまま</c><1>のカワいくないヤツ</c>,ぶあいそうでむくちなままのカワいくないヤツ
125.733,126.367,-1,-1,<2>無愛想で無口なままの</c><1>カワいくないヤツ</c>,無愛想で無口なままのカワいくないヤツ
125.733,126.367,-1,0,<2>ぶあいそうでむくちなままの</c><1>カワいくないヤツ</c>,ぶあいそうでむくちなままのカワいくないヤツ
126.367,126.567,-1,-1,<2>無愛想で無口なままのカ</c><1>ワいくないヤツ</c>,無愛想で無口なままのカワいくないヤツ
126.367,126.567,-1,0,<2>ぶあいそうでむくちなままのカ</c><1>ワいくないヤツ</c>,ぶあいそうでむくちなままのカワいくないヤツ
126.567,126.901,-1,-1,<2>無愛想で無口なままのカワ</c><1>いくないヤツ</c>,無愛想で無口なままのカワいくないヤツ
126.567,126.901,-1,0,<2>ぶあいそうでむくちなままのカワ</c><1>いくないヤツ</c>,ぶあいそうでむくちなままのカワいくないヤツ
126.901,127.134,-1,-1,<2>無愛想で無口なままのカワい</c><1>くないヤツ</c>,無愛想で無口なままのカワいくないヤツ
126.901,127.134,-1,0,<2>ぶあいそうでむくちなままのカワい</c><1>くないヤツ</c>,ぶあいそうでむくちなままのカワいくないヤツ
127.134,127.334,-1,-1,<2>無愛想で無口なままのカワいく</c><1>ないヤツ</c>,無愛想で無口なままのカワいくないヤツ
127.134,127.334,-1,0,<2>ぶあいそうでむくちなままのカワいく</c><1>ないヤツ</c>,ぶあいそうでむくちなままのカワいくないヤツ
127.334,127.735,-1,-1,<2>無愛想で無口なままのカワいくな</c><1>いヤツ</c>,無愛想で無口なままのカワいくないヤツ
127.334,127.735,-1,0,<2>ぶあいそうでむくちなままのカワいくな</c><1>いヤツ</c>,ぶあいそうでむくちなままのカワいくないヤツ
127.735,128.002,-1,-1,<2>無愛想で無口なままのカワいくない</c><1>ヤツ</c>,無愛想で無口なままのカワいくないヤツ
127.735,128.002,-1,0,<2>ぶあいそうでむくちなままのカワいくない</c><1>ヤツ</c>,ぶあいそうでむくちなままのカワいくないヤツ
128.002,128.169,-1,-1,<2>無愛想で無口なままのカワいくないヤ</c><1>ツ</c>,無愛想で無口なままのカワいくないヤツ
128.002,128.169,-1,0,<2>ぶあいそうでむくちなままのカワいくないヤ</c><1>ツ</c>,ぶあいそうでむくちなままのカワいくないヤツ
128.169,129.403,-1,-1,<2>無愛想で無口なままのカワいくないヤツ</c>,無愛想で無口なままのカワいくないヤツ
128.169,129.403,-1,0,<2>ぶあいそうでむくちなままのカワいくないヤツ</c>,ぶあいそうでむくちなままのカワいくないヤツ
129.403,130.269,-1,-1,<2>ahh!</c>,ahh!
129.403,130.269,-1,0,<2>ahh!</c>,ahh!
131.505,132.273,-1,-1,<2>あ</c><1>の夢にきみが出てきたときから</c>,あの夢にきみが出てきたときから
131.505,132.273,-1,0,<2>あ</c><1>のゆめにきみがでてきたときから</c>,あのゆめにきみがでてきたときから
132.273,133.14,-1,-1,<2>あの</c><1>夢にきみが出てきたときから</c>,あの夢にきみが出てきたときから
132.273,133.14,-1,0,<2>あの</c><1>ゆめにきみがでてきたときから</c>,あのゆめにきみがでてきたときから
133.14,133.541,-1,-1,<2>あの夢</c><1>にきみが出てきたときから</c>,あの夢にきみが出てきたときから
133.14,133.541,-1,0,<2>あのゆ</c><1>めにきみがでてきたときから</c>,あのゆめにきみがでてきたときから
133.541,133.774,-1,-1,<2>あの夢</c><1>にきみが出てきたときから</c>,あの夢にきみが出てきたときから
133.541,133.774,-1,0,<2>あのゆめ</c><1>にきみがでてきたときから</c>,あのゆめにきみがでてきたときから
133.774,134.175,-1,-1,<2>あの夢に</c><1>きみが出てきたときから</c>,あの夢にきみが出てきたときから
133.774,134.175,-1,0,<2>あのゆめに</c><1>きみがでてきたときから</c>,あのゆめにきみがでてきたときから
134.175,134.375,-1,-1,<2>あの夢にき</c><1>みが出てきたときから</c>,あの夢にきみが出てきたときから
134.175,134.375,-1,0,<2>あのゆめにき</c><1>みがでてきたときから</c>,あのゆめにきみがでてきたときから
134.375,134.575,-1,-1,<2>あの夢にきみ</c><1>が出てきたときから</c>,あの夢にきみが出てきたときから
134.375,134.575,-1,0,<2>あのゆめにきみ</c><1>がでてきたときから</c>,あのゆめにきみがでてきたときから
134.575,135.609,-1,-1,<2>あの夢にきみが</c><1>出てきたときから</c>,あの夢にきみが出てきたときから
134.575,135.609,-1,0,<2>あのゆめにきみが</c><1>でてきたときから</c>,あのゆめにきみがでてきたときから
135.609,135.81,-1,-1,<2>あの夢にきみが出</c><1>てきたときから</c>,あの夢にきみが出てきたときから
135.609,135.81,-1,0,<2>あのゆめにきみがで</c><1>てきたときから</c>,あのゆめにきみがでてきたときから
135.81,136.01,-1,-1,<2>あの夢にきみが出て</c><1>きたときから</c>,あの夢にきみが出てきたときから
135.81,136.01,-1,0,<2>あのゆめにきみがでて</c><1>きたときから</c>,あのゆめにきみがでてきたときから
136.01,136.21,-1,-1,<2>あの夢にきみが出てき</c><1>たときから</c>,あの夢にきみが出てきたときから
136.01,136.21,-1,0,<2>あのゆめにきみがでてき</c><1>たときから</c>,あのゆめにきみがでてきたときから
136.21,136.844,-1,-1,<2>あの夢にきみが出てきた</c><1>ときから</c>,あの夢にきみが出てきたときから
136.21,136.844,-1,0,<2>あのゆめにきみがでてきた</c><1>ときから</c>,あのゆめにきみがでてきたときから
136.844,137.244,-1,-1,<2>あの夢にきみが出てきたと</c><1>きから</c>,あの夢にきみが出てきたときから
136.844,137.244,-1,0,<2>あのゆめにきみがでてきたと</c><1>きから</c>,あのゆめにきみがでてきたときから
137.244,137.645,-1,-1,<2>あの夢にきみが出てきたとき</c><1>から</c>,あの夢にきみが出てきたときから
137.244,137.645,-1,0,<2>あのゆめにきみがでてきたとき</c><1>から</c>,あのゆめにきみがでてきたときから
137.645,137.878,-1,-1,<2>あの夢にきみが出てきたときか</c><1>ら</c>,あの夢にきみが出てきたときから
137.645,137.878,-1,0,<2>あのゆめにきみがでてきたときか</c><1>ら</c>,あのゆめにきみがでてきたときから
137.878,139.647,-1,-1,<2>あの夢にきみが出てきたときから</c>,あの夢にきみが出てきたときから
137.878,139.647,-1,0,<2>あのゆめにきみがでてきたときから</c>,あのゆめにきみがでてきたときから
139.647,140.514,-1,-1,<2>素</c><1>直じゃないの</c>,素直じゃないの
139.647,140.514,-1,0,<2>す</c><1>なおじゃないの</c>,すなおじゃないの
140.514,141.348,-1,-1,<2>素直</c><1>じゃないの</c>,素直じゃないの
140.514,141.348,-1,0,<2>すな</c><1>おじゃないの</c>,すなおじゃないの
141.348,142.183,-1,-1,<2>素直</c><1>じゃないの</c>,素直じゃないの
141.348,142.183,-1,0,<2>すなお</c><1>じゃないの</c>,すなおじゃないの
142.183,143.017,-1,-1,<2>素直じゃ</c><1>ないの</c>,素直じゃないの
142.183,143.017,-1,0,<2>すなおじゃ</c><1>ないの</c>,すなおじゃないの
143.017,144.351,-1,-1,<2>素直じゃな</c><1>いの</c>,素直じゃないの
143.017,144.351,-1,0,<2>すなおじゃな</c><1>いの</c>,すなおじゃないの
144.351,144.618,-1,-1,<2>素直じゃない</c><1>の</c>,素直じゃないの
144.351,144.618,-1,0,<2>すなおじゃない</c><1>の</c>,すなおじゃないの
144.618,145.852,-1,-1,<2>素直じゃないの</c>,素直じゃないの
144.618,145.852,-1,0,<2>すなおじゃないの</c>,すなおじゃないの
146.253,146.654,-1,-1,<2>全</c><1>然つかめないきみのこと</c>,全然つかめないきみのこと
146.253,146.654,-1,0,<2>ぜん</c><1>ぜんつかめないきみのこと</c>,ぜんぜんつかめないきみのこと
146.654,147.054,-1,-1,<2>全然</c><1>つかめないきみのこと</c>,全然つかめないきみのこと
146.654,147.054,-1,0,<2>ぜんぜん</c><1>つかめないきみのこと</c>,ぜんぜんつかめないきみのこと
147.054,147.288,-1,-1,<2>全然つ</c><1>かめないきみのこと</c>,全然つかめないきみのこと
147.054,147.288,-1,0,<2>ぜんぜんつ</c><1>かめないきみのこと</c>,ぜんぜんつかめないきみのこと
147.288,147.521,-1,-1,<2>全然つか</c><1>めないきみのこと</c>,全然つかめないきみのこと
147.288,147.521,-1,0,<2>ぜんぜんつか</c><1>めないきみのこと</c>,ぜんぜんつかめないきみのこと
147.521,147.721,-1,-1,<2>全然つかめ</c><1>ないきみのこと</c>,全然つかめないきみのこと
147.521,147.721,-1,0,<2>ぜんぜんつかめ</c><1>ないきみのこと</c>,ぜんぜんつかめないきみのこと
147.721,148.122,-1,-1,<2>全然つかめない</c><1>きみのこと</c>,全然つかめないきみのこと
147.721,148.122,-1,0,<2>ぜんぜんつかめない</c><1>きみのこと</c>,ぜんぜんつかめないきみのこと
148.122,148.522,-1,-1,<2>全然つかめないき</c><1>みのこと</c>,全然つかめないきみのこと
148.122,148.522,-1,0,<2>ぜんぜんつかめないき</c><1>みのこと</c>,ぜんぜんつかめないきみのこと
148.522,148.722,-1,-1,<2>全然つかめないきみ</c><1>のこと</c>,全然つかめないきみのこと
148.522,148.722,-1,0,<2>ぜんぜんつかめないきみ</c><1>のこと</c>,ぜんぜんつかめないきみのこと
148.722,149.123,-1,-1,<2>全然つかめないきみの</c><1>こと</c>,全然つかめないきみのこと
148.722,149.123,-1,0,<2>ぜんぜんつかめないきみの</c><1>こと</c>,ぜんぜんつかめないきみのこと
149.123,149.356,-1,-1,<2>全然つかめないきみのこ</c><1>と</c>,全然つかめないきみのこと
149.123,149.356,-1,0,<2>ぜんぜんつかめないきみのこ</c><1>と</c>,ぜんぜんつかめないきみのこと
149.356,149.557,-1,-1,<2>全然つかめないきみのこと</c>,全然つかめないきみのこと
149.356,149.557,-1,0,<2>ぜんぜんつかめないきみのこと</c>,ぜんぜんつかめないきみのこと
149.557,149.957,-1,-1,<2>全</c><1>然しらないうちに</c>,全然しらないうちに
149.557,149.957,-1,0,<2>ぜん</c><1>ぜんしらないうちに</c>,ぜんぜんしらないうちに
149.957,150.291,-1,-1,<2>全然</c><1>しらないうちに</c>,全然しらないうちに
149.957,150.291,-1,0,<2>ぜんぜん</c><1>しらないうちに</c>,ぜんぜんしらないうちに
150.291,150.591,-1,-1,<2>全然し</c><1>らないうちに</c>,全然しらないうちに
150.291,150.591,-1,0,<2>ぜんぜんし</c><1>らないうちに</c>,ぜんぜんしらないうちに
150.591,150.791,-1,-1,<2>全然しら</c><1>ないうちに</c>,全然しらないうちに
150.591,150.791,-1,0,<2>ぜんぜんしら</c><1>ないうちに</c>,ぜんぜんしらないうちに
150.791,150.958,-1,-1,<2>全然しらな</c><1>いうちに</c>,全然しらないうちに
150.791,150.958,-1,0,<2>ぜんぜんしらな</c><1>いうちに</c>,ぜんぜんしらないうちに
150.958,151.425,-1,-1,<2>全然しらない</c><1>うちに</c>,全然しらないうちに
150.958,151.425,-1,0,<2>ぜんぜんしらない</c><1>うちに</c>,ぜんぜんしらないうちに
151.425,151.592,-1,-1,<2>全然しらないう</c><1>ちに</c>,全然しらないうちに
151.425,151.592,-1,0,<2>ぜんぜんしらないう</c><1>ちに</c>,ぜんぜんしらないうちに
151.592,151.792,-1,-1,<2>全然しらないうち</c><1>に</c>,全然しらないうちに
151.592,151.792,-1,0,<2>ぜんぜんしらないうち</c><1>に</c>,ぜんぜんしらないうちに
151.792,152.46,-1,-1,<2>全然しらないうちに</c>,全然しらないうちに
151.792,152.46,-1,0,<2>ぜんぜんしらないうちに</c>,ぜんぜんしらないうちに
152.46,152.86,-1,-1,<2>yeah!</c>,yeah!
152.46,152.86,-1,0,<2>yeah!</c>,yeah!
152.86,153.06,-1,-1,<2>こ</c><1>ころ奪おうとしてたのは</c>,こころ奪おうとしてたのは
152.86,153.06,-1,0,<2>こ</c><1>ころうばおうとしてたのは</c>,こころうばおうとしてたのは
153.06,153.26,-1,-1,<2>ここ</c><1>ろ奪おうとしてたのは</c>,こころ奪おうとしてたのは
153.06,153.26,-1,0,<2>ここ</c><1>ろうばおうとしてたのは</c>,こころうばおうとしてたのは
153.26,153.494,-1,-1,<2>こころ</c><1>奪おうとしてたのは</c>,こころ奪おうとしてたのは
153.26,153.494,-1,0,<2>こころ</c><1>うばおうとしてたのは</c>,こころうばおうとしてたのは
153.494,153.661,-1,-1,<2>こころ奪</c><1>おうとしてたのは</c>,こころ奪おうとしてたのは
153.494,153.661,-1,0,<2>こころう</c><1>ばおうとしてたのは</c>,こころうばおうとしてたのは
153.661,153.861,-1,-1,<2>こころ奪</c><1>おうとしてたのは</c>,こころ奪おうとしてたのは
153.661,153.861,-1,0,<2>こころうば</c><1>おうとしてたのは</c>,こころうばおうとしてたのは
153.861,154.028,-1,-1,<2>こころ奪お</c><1>うとしてたのは</c>,こころ奪おうとしてたのは
153.861,154.028,-1,0,<2>こころうばお</c><1>うとしてたのは</c>,こころうばおうとしてたのは
154.028,154.295,-1,-1,<2>こころ奪おう</c><1>としてたのは</c>,こころ奪おうとしてたのは
154.028,154.295,-1,0,<2>こころうばおう</c><1>としてたのは</c>,こころうばおうとしてたのは
154.295,154.695,-1,-1,<2>こころ奪おうと</c><1>してたのは</c>,こころ奪おうとしてたのは
154.295,154.695,-1,0,<2>こころうばおうと</c><1>してたのは</c>,こころうばおうとしてたのは
154.695,155.096,-1,-1,<2>こころ奪おうとし</c><1>てたのは</c>,こころ奪おうとしてたのは
154.695,155.096,-1,0,<2>こころうばおうとし</c><1>てたのは</c>,こころうばおうとしてたのは
155.096,155.296,-1,-1,<2>こころ奪おうとして</c><1>たのは</c>,こころ奪おうとしてたのは
155.096,155.296,-1,0,<2>こころうばおうとして</c><1>たのは</c>,こころうばおうとしてたのは
155.296,155.729,-1,-1,<2>こころ奪おうとしてた</c><1>のは</c>,こころ奪おうとしてたのは
155.296,155.729,-1,0,<2>こころうばおうとしてた</c><1>のは</c>,こころうばおうとしてたのは
155.729,155.93,-1,-1,<2>こころ奪おうとしてたの</c><1>は</c>,こころ奪おうとしてたのは
155.729,155.93,-1,0,<2>こころうばおうとしてたの</c><1>は</c>,こころうばおうとしてたのは
155.93,156.13,-1,-1,<2>こころ奪おうとしてたのは</c>,こころ奪おうとしてたのは
155.93,156.13,-1,0,<2>こころうばおうとしてたのは</c>,こころうばおうとしてたのは
156.13,156.53,-1,-1,<2>わ</c><1>たしのほうだもん×××</c>,わたしのほうだもん×××
156.13,156.53,-1,0,<2>わ</c><1>たしのほうだもん</c>,わたしのほうだもん
156.53,156.864,-1,-1,<2>わた</c><1>しのほうだもん×××</c>,わたしのほうだもん×××
156.53,156.864,-1,0,<2>わた</c><1>しのほうだもん</c>,わたしのほうだもん
156.864,157.364,-1,-1,<2>わたし</c><1>のほうだもん×××</c>,わたしのほうだもん×××
156.864,157.364,-1,0,<2>わたし</c><1>のほうだもん</c>,わたしのほうだもん
157.364,157.765,-1,-1,<2>わたしの</c><1>ほうだもん×××</c>,わたしのほうだもん×××
157.364,157.765,-1,0,<2>わたしの</c><1>ほうだもん</c>,わたしのほうだもん
157.765,158.065,-1,-1,<2>わたしのほ</c><1>うだもん×××</c>,わたしのほうだもん×××
157.765,158.065,-1,0,<2>わたしのほ</c><1>うだもん</c>,わたしのほうだもん
158.065,158.399,-1,-1,<2>わたしのほう</c><1>だもん×××</c>,わたしのほうだもん×××
158.065,158.399,-1,0,<2>わたしのほう</c><1>だもん</c>,わたしのほうだもん
158.399,158.566,-1,-1,<2>わたしのほうだ</c><1>もん×××</c>,わたしのほうだもん×××
158.399,158.566,-1,0,<2>わたしのほうだ</c><1>もん</c>,わたしのほうだもん
158.566,159.031,-1,-1,<2>わたしのほうだもん×××</c>,わたしのほうだもん×××
158.566,159.031,-1,0,<2>わたしのほうだもん</c>,わたしのほうだもん
165.973,166.173,-1,-1,<2>そ</c><1>ういう時期なの</c>,そういう時期なの
165.973,166.173,-1,0,<2>そ</c><1>ういうじきなの</c>,そういうじきなの
166.173,166.34,-1,-1,<2>そう</c><1>いう時期なの</c>,そういう時期なの
166.173,166.34,-1,0,<2>そう</c><1>いうじきなの</c>,そういうじきなの
166.34,166.407,-1,-1,<2>そうい</c><1>う時期なの</c>,そういう時期なの
166.34,166.407,-1,0,<2>そうい</c><1>うじきなの</c>,そういうじきなの
166.407,166.774,-1,-1,<2>そういう</c><1>時期なの</c>,そういう時期なの
166.407,166.774,-1,0,<2>そういう</c><1>じきなの</c>,そういうじきなの
166.774,167.007,-1,-1,<2>そういう時</c><1>期なの</c>,そういう時期なの
166.774,167.007,-1,0,<2>そういうじ</c><1>きなの</c>,そういうじきなの
167.007,167.208,-1,-1,<2>そういう時期</c><1>なの</c>,そういう時期なの
167.007,167.208,-1,0,<2>そういうじき</c><1>なの</c>,そういうじきなの
167.208,167.441,-1,-1,<2>そういう時期な</c><1>の</c>,そういう時期なの
167.208,167.441,-1,0,<2>そういうじきな</c><1>の</c>,そういうじきなの
167.441,167.842,-1,-1,<2>そういう時期なの</c>,そういう時期なの
167.441,167.842,-1,0,<2>そういうじきなの</c>,そういうじきなの
167.842,168.075,-1,-1,<2>お</c><1>ぼれたいのいとしの</c>,おぼれたいのいとしの
167.842,168.075,-1,0,<2>お</c><1>ぼれたいのいとしの</c>,おぼれたいのいとしの
168.075,168.242,-1,-1,<2>おぼ</c><1>れたいのいとしの</c>,おぼれたいのいとしの
168.075,168.242,-1,0,<2>おぼ</c><1>れたいのいとしの</c>,おぼれたいのいとしの
168.242,168.676,-1,-1,<2>おぼれ</c><1>たいのいとしの</c>,おぼれたいのいとしの
168.242,168.676,-1,0,<2>おぼれ</c><1>たいのいとしの</c>,おぼれたいのいとしの
168.676,168.876,-1,-1,<2>おぼれた</c><1>いのいとしの</c>,おぼれたいのいとしの
168.676,168.876,-1,0,<2>おぼれた</c><1>いのいとしの</c>,おぼれたいのいとしの
168.876,169.11,-1,-1,<2>おぼれたい</c><1>のいとしの</c>,おぼれたいのいとしの
168.876,169.11,-1,0,<2>おぼれたい</c><1>のいとしの</c>,おぼれたいのいとしの
169.11,169.31,-1,-1,<2>おぼれたいの</c><1>いとしの</c>,おぼれたいのいとしの
169.11,169.31,-1,0,<2>おぼれたいの</c><1>いとしの</c>,おぼれたいのいとしの
169.31,169.71,-1,-1,<2>おぼれたいのい</c><1>としの</c>,おぼれたいのいとしの
169.31,169.71,-1,0,<2>おぼれたいのい</c><1>としの</c>,おぼれたいのいとしの
169.71,170.111,-1,-1,<2>おぼれたいのいと</c><1>しの</c>,おぼれたいのいとしの
169.71,170.111,-1,0,<2>おぼれたいのいと</c><1>しの</c>,おぼれたいのいとしの
170.111,170.511,-1,-1,<2>おぼれたいのいとし</c><1>の</c>,おぼれたいのいとしの
170.111,170.511,-1,0,<2>おぼれたいのいとし</c><1>の</c>,おぼれたいのいとしの
170.511,170.711,-1,-1,<2>おぼれたいのいとしの</c>,おぼれたいのいとしの
170.511,170.711,-1,0,<2>おぼれたいのいとしの</c>,おぼれたいのいとしの
170.711,170.911,-1,-1,<2>メ</c><1>ランコリー</c>,メランコリー
170.711,170.911,-1,0,<2>メ</c><1>ランコリー</c>,メランコリー
170.911,171.345,-1,-1,<2>メラ</c><1>ンコリー</c>,メランコリー
170.911,171.345,-1,0,<2>メラ</c><1>ンコリー</c>,メランコリー
171.345,171.512,-1,-1,<2>メラン</c><1>コリー</c>,メランコリー
171.345,171.512,-1,0,<2>メラン</c><1>コリー</c>,メランコリー
171.512,171.745,-1,-1,<2>メランコ</c><1>リー</c>,メランコリー
171.512,171.745,-1,0,<2>メランコ</c><1>リー</c>,メランコリー
171.745,172.146,-1,-1,<2>メランコリ</c><1>ー</c>,メランコリー
171.745,172.146,-1,0,<2>メランコリ</c><1>ー</c>,メランコリー
172.146,172.578,-1,-1,<2>メランコリー</c>,メランコリー
172.146,172.578,-1,0,<2>メランコリー</c>,メランコリー
