start,end,position,line,text,unformatted
7.257,16.967,-1,0,<1></c><3>irys-心臓が止まるまで</c><1></c><3>vocal:irys</c><1></c>,irys-心臓が止まるまでvocal:irys
7.257,9.693,-1,92,<1></c><3>作詞:新田目駿(hano)</c><1></c>,作詞:新田目駿(hano)
9.693,12.096,-1,92,<1></c><3>作曲:hato</c><1></c>,作曲:hato
12.096,14.531,-1,92,<1></c><3>編曲:佐藤カズキ</c><1></c>,編曲:佐藤カズキ
14.531,16.967,-1,91,<1></c><3>イラスト:岐兎こるた</c><1></c><3>mv:あるし</c><1></c>,イラスト:岐兎こるたmv:あるし
17.568,17.868,-1,0,<1></c><3>ま</c><2>だこのあしはあるける</c><1></c>,まだこのあしはあるける
17.568,17.868,-1,92,<1></c><3>ま</c><2>だこの脚は歩ける</c><1></c>,まだこの脚は歩ける
17.868,18.836,-1,0,<1></c><3>まだ</c><2>このあしはあるける</c><1></c>,まだこのあしはあるける
17.868,18.836,-1,92,<1></c><3>まだ</c><2>この脚は歩ける</c><1></c>,まだこの脚は歩ける
18.836,19.069,-1,0,<1></c><3>まだこ</c><2>のあしはあるける</c><1></c>,まだこのあしはあるける
18.836,19.069,-1,92,<1></c><3>まだこ</c><2>の脚は歩ける</c><1></c>,まだこの脚は歩ける
19.069,19.37,-1,0,<1></c><3>まだこの</c><2>あしはあるける</c><1></c>,まだこのあしはあるける
19.069,19.37,-1,92,<1></c><3>まだこの</c><2>脚は歩ける</c><1></c>,まだこの脚は歩ける
19.37,19.87,-1,0,<1></c><3>まだこのあ</c><2>しはあるける</c><1></c>,まだこのあしはあるける
19.37,19.87,-1,92,<1></c><3>まだこの脚</c><2>は歩ける</c><1></c>,まだこの脚は歩ける
19.87,20.304,-1,0,<1></c><3>まだこのあし</c><2>はあるける</c><1></c>,まだこのあしはあるける
19.87,20.304,-1,92,<1></c><3>まだこの脚</c><2>は歩ける</c><1></c>,まだこの脚は歩ける
20.304,21.505,-1,0,<1></c><3>まだこのあしは</c><2>あるける</c><1></c>,まだこのあしはあるける
20.304,21.505,-1,92,<1></c><3>まだこの脚は</c><2>歩ける</c><1></c>,まだこの脚は歩ける
21.505,21.805,-1,0,<1></c><3>まだこのあしはあ</c><2>るける</c><1></c>,まだこのあしはあるける
21.505,21.805,-1,92,<1></c><3>まだこの脚は歩</c><2>ける</c><1></c>,まだこの脚は歩ける
21.805,22.306,-1,0,<1></c><3>まだこのあしはある</c><2>ける</c><1></c>,まだこのあしはあるける
21.805,22.306,-1,92,<1></c><3>まだこの脚は歩</c><2>ける</c><1></c>,まだこの脚は歩ける
22.306,22.706,-1,0,<1></c><3>まだこのあしはあるけ</c><2>る</c><1></c>,まだこのあしはあるける
22.306,22.706,-1,92,<1></c><3>まだこの脚は歩け</c><2>る</c><1></c>,まだこの脚は歩ける
22.706,23.607,-1,0,<1></c><3>まだこのあしはあるける</c><1></c>,まだこのあしはあるける
22.706,23.607,-1,92,<1></c><3>まだこの脚は歩ける</c><1></c>,まだこの脚は歩ける
27.244,27.544,-1,0,<1></c><3>ま</c><2>だこのりょうてはあすをつかむ</c><1></c>,まだこのりょうてはあすをつかむ
27.244,27.544,-1,92,<1></c><3>ま</c><2>だこの両手は明日を掴む</c><1></c>,まだこの両手は明日を掴む
27.544,28.479,-1,0,<1></c><3>まだ</c><2>このりょうてはあすをつかむ</c><1></c>,まだこのりょうてはあすをつかむ
27.544,28.479,-1,92,<1></c><3>まだ</c><2>この両手は明日を掴む</c><1></c>,まだこの両手は明日を掴む
28.479,28.779,-1,0,<1></c><3>まだこ</c><2>のりょうてはあすをつかむ</c><1></c>,まだこのりょうてはあすをつかむ
28.479,28.779,-1,92,<1></c><3>まだこ</c><2>の両手は明日を掴む</c><1></c>,まだこの両手は明日を掴む
28.779,29.079,-1,0,<1></c><3>まだこの</c><2>りょうてはあすをつかむ</c><1></c>,まだこのりょうてはあすをつかむ
28.779,29.079,-1,92,<1></c><3>まだこの</c><2>両手は明日を掴む</c><1></c>,まだこの両手は明日を掴む
29.079,29.313,-1,0,<1></c><3>まだこのりょ</c><2>うてはあすをつかむ</c><1></c>,まだこのりょうてはあすをつかむ
29.079,29.546,-1,92,<1></c><3>まだこの両</c><2>手は明日を掴む</c><1></c>,まだこの両手は明日を掴む
29.313,29.546,-1,0,<1></c><3>まだこのりょう</c><2>てはあすをつかむ</c><1></c>,まだこのりょうてはあすをつかむ
29.546,29.98,-1,0,<1></c><3>まだこのりょうて</c><2>はあすをつかむ</c><1></c>,まだこのりょうてはあすをつかむ
29.546,29.98,-1,92,<1></c><3>まだこの両手</c><2>は明日を掴む</c><1></c>,まだこの両手は明日を掴む
29.98,31.215,-1,0,<1></c><3>まだこのりょうては</c><2>あすをつかむ</c><1></c>,まだこのりょうてはあすをつかむ
29.98,31.215,-1,92,<1></c><3>まだこの両手は</c><2>明日を掴む</c><1></c>,まだこの両手は明日を掴む
31.215,31.515,-1,0,<1></c><3>まだこのりょうてはあ</c><2>すをつかむ</c><1></c>,まだこのりょうてはあすをつかむ
31.215,31.515,-1,92,<1></c><3>まだこの両手は明</c><2>日を掴む</c><1></c>,まだこの両手は明日を掴む
31.515,31.982,-1,0,<1></c><3>まだこのりょうてはあす</c><2>をつかむ</c><1></c>,まだこのりょうてはあすをつかむ
31.515,31.982,-1,92,<1></c><3>まだこの両手は明日</c><2>を掴む</c><1></c>,まだこの両手は明日を掴む
31.982,32.416,-1,0,<1></c><3>まだこのりょうてはあすを</c><2>つかむ</c><1></c>,まだこのりょうてはあすをつかむ
31.982,32.416,-1,92,<1></c><3>まだこの両手は明日を</c><2>掴む</c><1></c>,まだこの両手は明日を掴む
32.416,33.35,-1,0,<1></c><3>まだこのりょうてはあすをつ</c><2>かむ</c><1></c>,まだこのりょうてはあすをつかむ
32.416,33.35,-1,92,<1></c><3>まだこの両手は明日を掴</c><2>む</c><1></c>,まだこの両手は明日を掴む
33.35,33.617,-1,0,<1></c><3>まだこのりょうてはあすをつか</c><2>む</c><1></c>,まだこのりょうてはあすをつかむ
33.35,33.617,-1,92,<1></c><3>まだこの両手は明日を掴</c><2>む</c><1></c>,まだこの両手は明日を掴む
33.617,34.518,-1,0,<1></c><3>まだこのりょうてはあすをつかむ</c><1></c>,まだこのりょうてはあすをつかむ
33.617,34.518,-1,92,<1></c><3>まだこの両手は明日を掴む</c><1></c>,まだこの両手は明日を掴む
37.554,37.955,-1,0,<1></c><3>ゆ</c><2>めでさえなみだがきえないなら</c><1></c>,ゆめでさえなみだがきえないなら
37.554,37.955,-1,92,<1></c><3>夢</c><2>でさえ涙が消えないなら</c><1></c>,夢でさえ涙が消えないなら
37.955,38.155,-1,0,<1></c><3>ゆめ</c><2>でさえなみだがきえないなら</c><1></c>,ゆめでさえなみだがきえないなら
37.955,38.155,-1,92,<1></c><3>夢</c><2>でさえ涙が消えないなら</c><1></c>,夢でさえ涙が消えないなら
38.155,38.589,-1,0,<1></c><3>ゆめで</c><2>さえなみだがきえないなら</c><1></c>,ゆめでさえなみだがきえないなら
38.155,38.589,-1,92,<1></c><3>夢で</c><2>さえ涙が消えないなら</c><1></c>,夢でさえ涙が消えないなら
38.589,38.756,-1,0,<1></c><3>ゆめでさ</c><2>えなみだがきえないなら</c><1></c>,ゆめでさえなみだがきえないなら
38.589,38.756,-1,92,<1></c><3>夢でさ</c><2>え涙が消えないなら</c><1></c>,夢でさえ涙が消えないなら
38.756,40.591,-1,0,<1></c><3>ゆめでさえ</c><2>なみだがきえないなら</c><1></c>,ゆめでさえなみだがきえないなら
38.756,40.591,-1,92,<1></c><3>夢でさえ</c><2>涙が消えないなら</c><1></c>,夢でさえ涙が消えないなら
40.591,40.724,-1,0,<1></c><3>ゆめでさえな</c><2>みだがきえないなら</c><1></c>,ゆめでさえなみだがきえないなら
40.591,40.724,-1,92,<1></c><3>夢でさえ涙</c><2>が消えないなら</c><1></c>,夢でさえ涙が消えないなら
40.724,40.891,-1,0,<1></c><3>ゆめでさえなみ</c><2>だがきえないなら</c><1></c>,ゆめでさえなみだがきえないなら
40.724,40.891,-1,92,<1></c><3>夢でさえ涙</c><2>が消えないなら</c><1></c>,夢でさえ涙が消えないなら
40.891,41.191,-1,0,<1></c><3>ゆめでさえなみだ</c><2>がきえないなら</c><1></c>,ゆめでさえなみだがきえないなら
40.891,41.191,-1,92,<1></c><3>夢でさえ涙</c><2>が消えないなら</c><1></c>,夢でさえ涙が消えないなら
41.191,41.592,-1,0,<1></c><3>ゆめでさえなみだが</c><2>きえないなら</c><1></c>,ゆめでさえなみだがきえないなら
41.191,41.592,-1,92,<1></c><3>夢でさえ涙が</c><2>消えないなら</c><1></c>,夢でさえ涙が消えないなら
41.592,41.725,-1,0,<1></c><3>ゆめでさえなみだがき</c><2>えないなら</c><1></c>,ゆめでさえなみだがきえないなら
41.592,41.725,-1,92,<1></c><3>夢でさえ涙が消</c><2>えないなら</c><1></c>,夢でさえ涙が消えないなら
41.725,41.959,-1,0,<1></c><3>ゆめでさえなみだがきえ</c><2>ないなら</c><1></c>,ゆめでさえなみだがきえないなら
41.725,41.959,-1,92,<1></c><3>夢でさえ涙が消え</c><2>ないなら</c><1></c>,夢でさえ涙が消えないなら
41.959,42.092,-1,0,<1></c><3>ゆめでさえなみだがきえな</c><2>いなら</c><1></c>,ゆめでさえなみだがきえないなら
41.959,42.092,-1,92,<1></c><3>夢でさえ涙が消えな</c><2>いなら</c><1></c>,夢でさえ涙が消えないなら
42.092,45.429,-1,0,<1></c><3>ゆめでさえなみだがきえない</c><2>なら</c><1></c>,ゆめでさえなみだがきえないなら
42.092,45.429,-1,92,<1></c><3>夢でさえ涙が消えない</c><2>なら</c><1></c>,夢でさえ涙が消えないなら
45.429,45.729,-1,0,<1></c><3>ゆめでさえなみだがきえないな</c><2>ら</c><1></c>,ゆめでさえなみだがきえないなら
45.429,45.729,-1,92,<1></c><3>夢でさえ涙が消えないな</c><2>ら</c><1></c>,夢でさえ涙が消えないなら
45.729,47.264,-1,0,<1></c><3>ゆめでさえなみだがきえないなら</c><1></c>,ゆめでさえなみだがきえないなら
45.729,47.264,-1,92,<1></c><3>夢でさえ涙が消えないなら</c><1></c>,夢でさえ涙が消えないなら
47.264,47.731,-1,0,<1></c><3>ぼ</c><2>くはまだいける</c><1></c>,ぼくはまだいける
47.264,47.731,-1,92,<1></c><3>僕</c><2>はまだ行ける</c><1></c>,僕はまだ行ける
47.731,47.865,-1,0,<1></c><3>ぼく</c><2>はまだいける</c><1></c>,ぼくはまだいける
47.731,47.865,-1,92,<1></c><3>僕</c><2>はまだ行ける</c><1></c>,僕はまだ行ける
47.865,48.332,-1,0,<1></c><3>ぼくは</c><2>まだいける</c><1></c>,ぼくはまだいける
47.865,48.332,-1,92,<1></c><3>僕は</c><2>まだ行ける</c><1></c>,僕はまだ行ける
48.332,48.499,-1,0,<1></c><3>ぼくはま</c><2>だいける</c><1></c>,ぼくはまだいける
48.332,48.499,-1,92,<1></c><3>僕はま</c><2>だ行ける</c><1></c>,僕はまだ行ける
48.499,50.3,-1,0,<1></c><3>ぼくはまだ</c><2>いける</c><1></c>,ぼくはまだいける
48.499,50.3,-1,92,<1></c><3>僕はまだ</c><2>行ける</c><1></c>,僕はまだ行ける
50.3,50.467,-1,0,<1></c><3>ぼくはまだい</c><2>ける</c><1></c>,ぼくはまだいける
50.3,50.467,-1,92,<1></c><3>僕はまだ行</c><2>ける</c><1></c>,僕はまだ行ける
50.467,50.901,-1,0,<1></c><3>ぼくはまだいけ</c><2>る</c><1></c>,ぼくはまだいける
50.467,50.901,-1,92,<1></c><3>僕はまだ行け</c><2>る</c><1></c>,僕はまだ行ける
50.901,53.604,-1,0,<1></c><3>ぼくはまだいける</c><1></c>,ぼくはまだいける
50.901,53.604,-1,92,<1></c><3>僕はまだ行ける</c><1></c>,僕はまだ行ける
53.604,53.971,-1,0,<1></c><3>あ</c><2>しをふみならせ</c><1></c>,あしをふみならせ
53.604,53.971,-1,92,<1></c><3>足</c><2>を踏み鳴らせ</c><1></c>,足を踏み鳴らせ
53.971,54.238,-1,0,<1></c><3>あし</c><2>をふみならせ</c><1></c>,あしをふみならせ
53.971,54.238,-1,92,<1></c><3>足</c><2>を踏み鳴らせ</c><1></c>,足を踏み鳴らせ
54.238,54.538,-1,0,<1></c><3>あしを</c><2>ふみならせ</c><1></c>,あしをふみならせ
54.238,54.538,-1,92,<1></c><3>足を</c><2>踏み鳴らせ</c><1></c>,足を踏み鳴らせ
54.538,54.838,-1,0,<1></c><3>あしをふ</c><2>みならせ</c><1></c>,あしをふみならせ
54.538,54.838,-1,92,<1></c><3>足を踏</c><2>み鳴らせ</c><1></c>,足を踏み鳴らせ
54.838,55.139,-1,0,<1></c><3>あしをふみ</c><2>ならせ</c><1></c>,あしをふみならせ
54.838,55.139,-1,92,<1></c><3>足を踏み</c><2>鳴らせ</c><1></c>,足を踏み鳴らせ
55.139,55.439,-1,0,<1></c><3>あしをふみな</c><2>らせ</c><1></c>,あしをふみならせ
55.139,55.439,-1,92,<1></c><3>足を踏み鳴</c><2>らせ</c><1></c>,足を踏み鳴らせ
55.439,56.04,-1,0,<1></c><3>あしをふみなら</c><2>せ</c><1></c>,あしをふみならせ
55.439,56.04,-1,92,<1></c><3>足を踏み鳴ら</c><2>せ</c><1></c>,足を踏み鳴らせ
56.04,57.274,-1,0,<1></c><3>あしをふみならせ</c><1></c>,あしをふみならせ
56.04,57.274,-1,92,<1></c><3>足を踏み鳴らせ</c><1></c>,足を踏み鳴らせ
57.274,57.574,-1,0,<1></c><3>げ</c><2>んそうをつらぬいて</c><1></c>,げんそうをつらぬいて
57.274,57.574,-1,92,<1></c><3>幻</c><2>想を貫いて</c><1></c>,幻想を貫いて
57.574,57.841,-1,0,<1></c><3>げん</c><2>そうをつらぬいて</c><1></c>,げんそうをつらぬいて
57.574,57.841,-1,92,<1></c><3>幻</c><2>想を貫いて</c><1></c>,幻想を貫いて
57.841,58.275,-1,0,<1></c><3>げんそ</c><2>うをつらぬいて</c><1></c>,げんそうをつらぬいて
57.841,58.275,-1,92,<1></c><3>幻想</c><2>を貫いて</c><1></c>,幻想を貫いて
58.275,58.509,-1,0,<1></c><3>げんそう</c><2>をつらぬいて</c><1></c>,げんそうをつらぬいて
58.275,58.509,-1,92,<1></c><3>幻想</c><2>を貫いて</c><1></c>,幻想を貫いて
58.509,59.71,-1,0,<1></c><3>げんそうを</c><2>つらぬいて</c><1></c>,げんそうをつらぬいて
58.509,59.71,-1,92,<1></c><3>幻想を</c><2>貫いて</c><1></c>,幻想を貫いて
59.71,59.977,-1,0,<1></c><3>げんそうをつ</c><2>らぬいて</c><1></c>,げんそうをつらぬいて
59.71,59.977,-1,92,<1></c><3>幻想を貫</c><2>いて</c><1></c>,幻想を貫いて
59.977,60.277,-1,0,<1></c><3>げんそうをつら</c><2>ぬいて</c><1></c>,げんそうをつらぬいて
59.977,60.277,-1,92,<1></c><3>幻想を貫</c><2>いて</c><1></c>,幻想を貫いて
60.277,60.711,-1,0,<1></c><3>げんそうをつらぬ</c><2>いて</c><1></c>,げんそうをつらぬいて
60.277,60.711,-1,92,<1></c><3>幻想を貫</c><2>いて</c><1></c>,幻想を貫いて
60.711,60.911,-1,0,<1></c><3>げんそうをつらぬい</c><2>て</c><1></c>,げんそうをつらぬいて
60.711,60.911,-1,92,<1></c><3>幻想を貫い</c><2>て</c><1></c>,幻想を貫いて
60.911,62.079,-1,0,<1></c><3>げんそうをつらぬいて</c><1></c>,げんそうをつらぬいて
60.911,62.079,-1,92,<1></c><3>幻想を貫いて</c><1></c>,幻想を貫いて
61.478,61.645,-1,7,<1></c><3>（お</c><2>もいのまま）</c><1></c>,（おもいのまま）
61.478,61.645,-1,85,<1></c><3>（思</c><2>いのまま）</c><1></c>,（思いのまま）
61.645,61.812,-1,7,<1></c><3>（おも</c><2>いのまま）</c><1></c>,（おもいのまま）
61.645,61.812,-1,85,<1></c><3>（思</c><2>いのまま）</c><1></c>,（思いのまま）
61.812,62.079,-1,7,<1></c><3>（おもい</c><2>のまま）</c><1></c>,（おもいのまま）
61.812,62.079,-1,85,<1></c><3>（思い</c><2>のまま）</c><1></c>,（思いのまま）
62.079,62.246,-1,7,<1></c><3>（おもいの</c><2>まま）</c><1></c>,（おもいのまま）
62.079,62.246,-1,85,<1></c><3>（思いの</c><2>まま）</c><1></c>,（思いのまま）
62.246,62.379,-1,7,<1></c><3>（おもいのま</c><2>ま）</c><1></c>,（おもいのまま）
62.246,62.379,-1,85,<1></c><3>（思いのま</c><2>ま）</c><1></c>,（思いのまま）
62.379,63.28,-1,7,<1></c><3>（おもいのまま）</c><1></c>,（おもいのまま）
62.379,63.28,-1,85,<1></c><3>（思いのまま）</c><1></c>,（思いのまま）
63.28,63.614,-1,0,<1></c><3>か</c><2>べをふみならせ</c><1></c>,かべをふみならせ
63.28,63.614,-1,92,<1></c><3>壁</c><2>を踏み均せ</c><1></c>,壁を踏み均せ
63.614,63.881,-1,0,<1></c><3>かべ</c><2>をふみならせ</c><1></c>,かべをふみならせ
63.614,63.881,-1,92,<1></c><3>壁</c><2>を踏み均せ</c><1></c>,壁を踏み均せ
63.881,64.214,-1,0,<1></c><3>かべを</c><2>ふみならせ</c><1></c>,かべをふみならせ
63.881,64.214,-1,92,<1></c><3>壁を</c><2>踏み均せ</c><1></c>,壁を踏み均せ
64.214,64.515,-1,0,<1></c><3>かべをふ</c><2>みならせ</c><1></c>,かべをふみならせ
64.214,64.515,-1,92,<1></c><3>壁を踏</c><2>み均せ</c><1></c>,壁を踏み均せ
64.515,64.815,-1,0,<1></c><3>かべをふみ</c><2>ならせ</c><1></c>,かべをふみならせ
64.515,64.815,-1,92,<1></c><3>壁を踏み</c><2>均せ</c><1></c>,壁を踏み均せ
64.815,65.115,-1,0,<1></c><3>かべをふみな</c><2>らせ</c><1></c>,かべをふみならせ
64.815,65.115,-1,92,<1></c><3>壁を踏み均</c><2>せ</c><1></c>,壁を踏み均せ
65.115,65.716,-1,0,<1></c><3>かべをふみなら</c><2>せ</c><1></c>,かべをふみならせ
65.115,65.716,-1,92,<1></c><3>壁を踏み均</c><2>せ</c><1></c>,壁を踏み均せ
65.716,66.95,-1,0,<1></c><3>かべをふみならせ</c><1></c>,かべをふみならせ
65.716,66.95,-1,92,<1></c><3>壁を踏み均せ</c><1></c>,壁を踏み均せ
66.95,67.251,-1,0,<1></c><3>げ</c><2>んかいをしらない</c><1></c>,げんかいをしらない
66.95,67.251,-1,92,<1></c><3>限</c><2>界を知らない</c><1></c>,限界を知らない
67.251,67.551,-1,0,<1></c><3>げん</c><2>かいをしらない</c><1></c>,げんかいをしらない
67.251,67.551,-1,92,<1></c><3>限</c><2>界を知らない</c><1></c>,限界を知らない
67.551,67.851,-1,0,<1></c><3>げんか</c><2>いをしらない</c><1></c>,げんかいをしらない
67.551,67.851,-1,92,<1></c><3>限界</c><2>を知らない</c><1></c>,限界を知らない
67.851,68.185,-1,0,<1></c><3>げんかい</c><2>をしらない</c><1></c>,げんかいをしらない
67.851,68.185,-1,92,<1></c><3>限界</c><2>を知らない</c><1></c>,限界を知らない
68.185,69.253,-1,0,<1></c><3>げんかいを</c><2>しらない</c><1></c>,げんかいをしらない
68.185,69.253,-1,92,<1></c><3>限界を</c><2>知らない</c><1></c>,限界を知らない
69.253,69.653,-1,0,<1></c><3>げんかいをし</c><2>らない</c><1></c>,げんかいをしらない
69.253,69.653,-1,92,<1></c><3>限界を知</c><2>らない</c><1></c>,限界を知らない
69.653,69.987,-1,0,<1></c><3>げんかいをしら</c><2>ない</c><1></c>,げんかいをしらない
69.653,69.987,-1,92,<1></c><3>限界を知ら</c><2>ない</c><1></c>,限界を知らない
69.987,70.254,-1,0,<1></c><3>げんかいをしらな</c><2>い</c><1></c>,げんかいをしらない
69.987,70.254,-1,92,<1></c><3>限界を知らな</c><2>い</c><1></c>,限界を知らない
70.254,70.587,-1,0,<1></c><3>げんかいをしらない</c><1></c>,げんかいをしらない
70.254,70.587,-1,92,<1></c><3>限界を知らない</c><1></c>,限界を知らない
70.587,70.721,-1,0,<1></c><3>お</c><2>ろかなぼくのまま</c><1></c>,おろかなぼくのまま
70.587,70.721,-1,92,<1></c><3>愚</c><2>かな僕のまま</c><1></c>,愚かな僕のまま
70.721,70.888,-1,0,<1></c><3>おろ</c><2>かなぼくのまま</c><1></c>,おろかなぼくのまま
70.721,70.888,-1,92,<1></c><3>愚</c><2>かな僕のまま</c><1></c>,愚かな僕のまま
70.888,71.321,-1,0,<1></c><3>おろか</c><2>なぼくのまま</c><1></c>,おろかなぼくのまま
70.888,71.321,-1,92,<1></c><3>愚か</c><2>な僕のまま</c><1></c>,愚かな僕のまま
71.321,71.522,-1,0,<1></c><3>おろかな</c><2>ぼくのまま</c><1></c>,おろかなぼくのまま
71.321,71.522,-1,92,<1></c><3>愚かな</c><2>僕のまま</c><1></c>,愚かな僕のまま
71.522,71.955,-1,0,<1></c><3>おろかなぼ</c><2>くのまま</c><1></c>,おろかなぼくのまま
71.522,71.955,-1,92,<1></c><3>愚かな僕</c><2>のまま</c><1></c>,愚かな僕のまま
71.955,72.089,-1,0,<1></c><3>おろかなぼく</c><2>のまま</c><1></c>,おろかなぼくのまま
71.955,72.089,-1,92,<1></c><3>愚かな僕</c><2>のまま</c><1></c>,愚かな僕のまま
72.089,72.556,-1,0,<1></c><3>おろかなぼくの</c><2>まま</c><1></c>,おろかなぼくのまま
72.089,72.556,-1,92,<1></c><3>愚かな僕の</c><2>まま</c><1></c>,愚かな僕のまま
72.556,72.723,-1,0,<1></c><3>おろかなぼくのま</c><2>ま</c><1></c>,おろかなぼくのまま
72.556,72.723,-1,92,<1></c><3>愚かな僕のま</c><2>ま</c><1></c>,愚かな僕のまま
72.723,74.525,-1,0,<1></c><3>おろかなぼくのまま</c><1></c>,おろかなぼくのまま
72.723,74.525,-1,92,<1></c><3>愚かな僕のまま</c><1></c>,愚かな僕のまま
75.726,76.16,-1,0,<1></c><3>（な</c><2>んかいでもなんかいでもまちがっても）</c><1></c>,（なんかいでもなんかいでもまちがっても）
75.726,76.326,-1,92,<1></c><3>（何</c><2>回でも何回でも間違っても）</c><1></c>,（何回でも何回でも間違っても）
76.16,76.326,-1,0,<1></c><3>（なん</c><2>かいでもなんかいでもまちがっても）</c><1></c>,（なんかいでもなんかいでもまちがっても）
76.326,76.627,-1,0,<1></c><3>（なんか</c><2>いでもなんかいでもまちがっても）</c><1></c>,（なんかいでもなんかいでもまちがっても）
76.326,76.794,-1,92,<1></c><3>（何回</c><2>でも何回でも間違っても）</c><1></c>,（何回でも何回でも間違っても）
76.627,76.794,-1,0,<1></c><3>（なんかい</c><2>でもなんかいでもまちがっても）</c><1></c>,（なんかいでもなんかいでもまちがっても）
76.794,77.261,-1,0,<1></c><3>（なんかいで</c><2>もなんかいでもまちがっても）</c><1></c>,（なんかいでもなんかいでもまちがっても）
76.794,77.261,-1,92,<1></c><3>（何回で</c><2>も何回でも間違っても）</c><1></c>,（何回でも何回でも間違っても）
77.261,78.162,-1,0,<1></c><3>（なんかいでも</c><2>なんかいでもまちがっても）</c><1></c>,（なんかいでもなんかいでもまちがっても）
77.261,78.162,-1,92,<1></c><3>（何回でも</c><2>何回でも間違っても）</c><1></c>,（何回でも何回でも間違っても）
78.162,78.562,-1,0,<1></c><3>（なんかいでもな</c><2>んかいでもまちがっても）</c><1></c>,（なんかいでもなんかいでもまちがっても）
78.162,78.762,-1,92,<1></c><3>（何回でも何</c><2>回でも間違っても）</c><1></c>,（何回でも何回でも間違っても）
78.562,78.762,-1,0,<1></c><3>（なんかいでもなん</c><2>かいでもまちがっても）</c><1></c>,（なんかいでもなんかいでもまちがっても）
78.762,79.063,-1,0,<1></c><3>（なんかいでもなんか</c><2>いでもまちがっても）</c><1></c>,（なんかいでもなんかいでもまちがっても）
78.762,79.229,-1,92,<1></c><3>（何回でも何回</c><2>でも間違っても）</c><1></c>,（何回でも何回でも間違っても）
79.063,79.229,-1,0,<1></c><3>（なんかいでもなんかい</c><2>でもまちがっても）</c><1></c>,（なんかいでもなんかいでもまちがっても）
79.229,79.663,-1,0,<1></c><3>（なんかいでもなんかいで</c><2>もまちがっても）</c><1></c>,（なんかいでもなんかいでもまちがっても）
79.229,79.663,-1,92,<1></c><3>（何回でも何回で</c><2>も間違っても）</c><1></c>,（何回でも何回でも間違っても）
79.663,80.564,-1,0,<1></c><3>（なんかいでもなんかいでも</c><2>まちがっても）</c><1></c>,（なんかいでもなんかいでもまちがっても）
79.663,80.564,-1,92,<1></c><3>（何回でも何回でも</c><2>間違っても）</c><1></c>,（何回でも何回でも間違っても）
80.564,81.198,-1,0,<1></c><3>（なんかいでもなんかいでもま</c><2>ちがっても）</c><1></c>,（なんかいでもなんかいでもまちがっても）
80.564,81.198,-1,92,<1></c><3>（何回でも何回でも間</c><2>違っても）</c><1></c>,（何回でも何回でも間違っても）
81.198,81.465,-1,0,<1></c><3>（なんかいでもなんかいでもまち</c><2>がっても）</c><1></c>,（なんかいでもなんかいでもまちがっても）
81.198,81.465,-1,92,<1></c><3>（何回でも何回でも間違</c><2>っても）</c><1></c>,（何回でも何回でも間違っても）
81.465,81.632,-1,0,<1></c><3>（なんかいでもなんかいでもまちが</c><2>っても）</c><1></c>,（なんかいでもなんかいでもまちがっても）
81.465,81.632,-1,92,<1></c><3>（何回でも何回でも間違</c><2>っても）</c><1></c>,（何回でも何回でも間違っても）
81.632,81.765,-1,0,<1></c><3>（なんかいでもなんかいでもまちがっ</c><2>ても）</c><1></c>,（なんかいでもなんかいでもまちがっても）
81.632,81.765,-1,92,<1></c><3>（何回でも何回でも間違っ</c><2>ても）</c><1></c>,（何回でも何回でも間違っても）
81.765,82.066,-1,0,<1></c><3>（なんかいでもなんかいでもまちがって</c><2>も）</c><1></c>,（なんかいでもなんかいでもまちがっても）
81.765,82.066,-1,92,<1></c><3>（何回でも何回でも間違って</c><2>も）</c><1></c>,（何回でも何回でも間違っても）
82.066,82.699,-1,0,<1></c><3>（なんかいでもなんかいでもまちがっても）</c><1></c>,（なんかいでもなんかいでもまちがっても）
82.066,82.699,-1,92,<1></c><3>（何回でも何回でも間違っても）</c><1></c>,（何回でも何回でも間違っても）
82.699,83.0,-1,0,<1></c><3>た</c><2>しかにさきへ</c><1></c>,たしかにさきへ
82.699,83.0,-1,92,<1></c><3>確</c><2>かに先へ</c><1></c>,確かに先へ
83.0,83.3,-1,0,<1></c><3>たし</c><2>かにさきへ</c><1></c>,たしかにさきへ
83.0,83.3,-1,92,<1></c><3>確</c><2>かに先へ</c><1></c>,確かに先へ
83.3,83.6,-1,0,<1></c><3>たしか</c><2>にさきへ</c><1></c>,たしかにさきへ
83.3,83.6,-1,92,<1></c><3>確か</c><2>に先へ</c><1></c>,確かに先へ
83.6,83.901,-1,0,<1></c><3>たしかに</c><2>さきへ</c><1></c>,たしかにさきへ
83.6,83.901,-1,92,<1></c><3>確かに</c><2>先へ</c><1></c>,確かに先へ
83.901,84.201,-1,0,<1></c><3>たしかにさ</c><2>きへ</c><1></c>,たしかにさきへ
83.901,84.201,-1,92,<1></c><3>確かに先</c><2>へ</c><1></c>,確かに先へ
84.201,84.535,-1,0,<1></c><3>たしかにさき</c><2>へ</c><1></c>,たしかにさきへ
84.201,84.535,-1,92,<1></c><3>確かに先</c><2>へ</c><1></c>,確かに先へ
84.535,85.436,-1,0,<1></c><3>たしかにさきへ</c><1></c>,たしかにさきへ
84.535,85.436,-1,92,<1></c><3>確かに先へ</c><1></c>,確かに先へ
85.436,85.869,-1,0,<1></c><3>（な</c><2>んかいでもなんかいでもすすむだけ）</c><1></c>,（なんかいでもなんかいでもすすむだけ）
85.436,86.036,-1,92,<1></c><3>（何</c><2>回でも何回でも進むだけ）</c><1></c>,（何回でも何回でも進むだけ）
85.869,86.036,-1,0,<1></c><3>（なん</c><2>かいでもなんかいでもすすむだけ）</c><1></c>,（なんかいでもなんかいでもすすむだけ）
86.036,86.336,-1,0,<1></c><3>（なんか</c><2>いでもなんかいでもすすむだけ）</c><1></c>,（なんかいでもなんかいでもすすむだけ）
86.036,86.503,-1,92,<1></c><3>（何回</c><2>でも何回でも進むだけ）</c><1></c>,（何回でも何回でも進むだけ）
86.336,86.503,-1,0,<1></c><3>（なんかい</c><2>でもなんかいでもすすむだけ）</c><1></c>,（なんかいでもなんかいでもすすむだけ）
86.503,86.937,-1,0,<1></c><3>（なんかいで</c><2>もなんかいでもすすむだけ）</c><1></c>,（なんかいでもなんかいでもすすむだけ）
86.503,86.937,-1,92,<1></c><3>（何回で</c><2>も何回でも進むだけ）</c><1></c>,（何回でも何回でも進むだけ）
86.937,87.871,-1,0,<1></c><3>（なんかいでも</c><2>なんかいでもすすむだけ）</c><1></c>,（なんかいでもなんかいでもすすむだけ）
86.937,87.871,-1,92,<1></c><3>（何回でも</c><2>何回でも進むだけ）</c><1></c>,（何回でも何回でも進むだけ）
87.871,88.305,-1,0,<1></c><3>（なんかいでもな</c><2>んかいでもすすむだけ）</c><1></c>,（なんかいでもなんかいでもすすむだけ）
87.871,88.472,-1,92,<1></c><3>（何回でも何</c><2>回でも進むだけ）</c><1></c>,（何回でも何回でも進むだけ）
88.305,88.472,-1,0,<1></c><3>（なんかいでもなん</c><2>かいでもすすむだけ）</c><1></c>,（なんかいでもなんかいでもすすむだけ）
88.472,88.772,-1,0,<1></c><3>（なんかいでもなんか</c><2>いでもすすむだけ）</c><1></c>,（なんかいでもなんかいでもすすむだけ）
88.472,88.906,-1,92,<1></c><3>（何回でも何回</c><2>でも進むだけ）</c><1></c>,（何回でも何回でも進むだけ）
88.772,88.906,-1,0,<1></c><3>（なんかいでもなんかい</c><2>でもすすむだけ）</c><1></c>,（なんかいでもなんかいでもすすむだけ）
88.906,89.373,-1,0,<1></c><3>（なんかいでもなんかいで</c><2>もすすむだけ）</c><1></c>,（なんかいでもなんかいでもすすむだけ）
88.906,89.373,-1,92,<1></c><3>（何回でも何回で</c><2>も進むだけ）</c><1></c>,（何回でも何回でも進むだけ）
89.373,90.274,-1,0,<1></c><3>（なんかいでもなんかいでも</c><2>すすむだけ）</c><1></c>,（なんかいでもなんかいでもすすむだけ）
89.373,90.274,-1,92,<1></c><3>（何回でも何回でも</c><2>進むだけ）</c><1></c>,（何回でも何回でも進むだけ）
90.274,90.874,-1,0,<1></c><3>（なんかいでもなんかいでもす</c><2>すむだけ）</c><1></c>,（なんかいでもなんかいでもすすむだけ）
90.274,90.874,-1,92,<1></c><3>（何回でも何回でも進</c><2>むだけ）</c><1></c>,（何回でも何回でも進むだけ）
90.874,91.208,-1,0,<1></c><3>（なんかいでもなんかいでもすす</c><2>むだけ）</c><1></c>,（なんかいでもなんかいでもすすむだけ）
90.874,91.208,-1,92,<1></c><3>（何回でも何回でも進</c><2>むだけ）</c><1></c>,（何回でも何回でも進むだけ）
91.208,91.508,-1,0,<1></c><3>（なんかいでもなんかいでもすすむ</c><2>だけ）</c><1></c>,（なんかいでもなんかいでもすすむだけ）
91.208,91.508,-1,92,<1></c><3>（何回でも何回でも進む</c><2>だけ）</c><1></c>,（何回でも何回でも進むだけ）
91.508,91.775,-1,0,<1></c><3>（なんかいでもなんかいでもすすむだ</c><2>け）</c><1></c>,（なんかいでもなんかいでもすすむだけ）
91.508,91.775,-1,92,<1></c><3>（何回でも何回でも進むだ</c><2>け）</c><1></c>,（何回でも何回でも進むだけ）
91.775,92.409,-1,0,<1></c><3>（なんかいでもなんかいでもすすむだけ）</c><1></c>,（なんかいでもなんかいでもすすむだけ）
91.775,92.409,-1,92,<1></c><3>（何回でも何回でも進むだけ）</c><1></c>,（何回でも何回でも進むだけ）
92.409,92.543,-1,0,<1></c><3>し</c><2>んぞうがとまるまで</c><1></c>,しんぞうがとまるまで
92.409,92.543,-1,92,<1></c><3>心</c><2>臓が止まるまで</c><1></c>,心臓が止まるまで
92.543,92.676,-1,0,<1></c><3>しん</c><2>ぞうがとまるまで</c><1></c>,しんぞうがとまるまで
92.543,92.676,-1,92,<1></c><3>心</c><2>臓が止まるまで</c><1></c>,心臓が止まるまで
92.676,92.843,-1,0,<1></c><3>しんぞ</c><2>うがとまるまで</c><1></c>,しんぞうがとまるまで
92.676,92.843,-1,92,<1></c><3>心臓</c><2>が止まるまで</c><1></c>,心臓が止まるまで
92.843,93.01,-1,0,<1></c><3>しんぞう</c><2>がとまるまで</c><1></c>,しんぞうがとまるまで
92.843,93.01,-1,92,<1></c><3>心臓</c><2>が止まるまで</c><1></c>,心臓が止まるまで
93.01,93.177,-1,0,<1></c><3>しんぞうが</c><2>とまるまで</c><1></c>,しんぞうがとまるまで
93.01,93.177,-1,92,<1></c><3>心臓が</c><2>止まるまで</c><1></c>,心臓が止まるまで
93.177,93.31,-1,0,<1></c><3>しんぞうがと</c><2>まるまで</c><1></c>,しんぞうがとまるまで
93.177,93.31,-1,92,<1></c><3>心臓が止</c><2>まるまで</c><1></c>,心臓が止まるまで
93.31,93.61,-1,0,<1></c><3>しんぞうがとま</c><2>るまで</c><1></c>,しんぞうがとまるまで
93.31,93.61,-1,92,<1></c><3>心臓が止ま</c><2>るまで</c><1></c>,心臓が止まるまで
93.61,93.911,-1,0,<1></c><3>しんぞうがとまる</c><2>まで</c><1></c>,しんぞうがとまるまで
93.61,93.911,-1,92,<1></c><3>心臓が止まる</c><2>まで</c><1></c>,心臓が止まるまで
93.911,94.211,-1,0,<1></c><3>しんぞうがとまるま</c><2>で</c><1></c>,しんぞうがとまるまで
93.911,94.211,-1,92,<1></c><3>心臓が止まるま</c><2>で</c><1></c>,心臓が止まるまで
94.211,95.145,-1,0,<1></c><3>しんぞうがとまるまで</c><1></c>,しんぞうがとまるまで
94.211,95.145,-1,92,<1></c><3>心臓が止まるまで</c><1></c>,心臓が止まるまで
104.822,105.122,-1,0,<1></c><3>ま</c><2>だこのこえはかれない</c><1></c>,まだこのこえはかれない
104.822,105.122,-1,92,<1></c><3>ま</c><2>だこの声は枯れない</c><1></c>,まだこの声は枯れない
105.122,106.09,-1,0,<1></c><3>まだ</c><2>このこえはかれない</c><1></c>,まだこのこえはかれない
105.122,106.09,-1,92,<1></c><3>まだ</c><2>この声は枯れない</c><1></c>,まだこの声は枯れない
106.09,106.356,-1,0,<1></c><3>まだこ</c><2>のこえはかれない</c><1></c>,まだこのこえはかれない
106.09,106.356,-1,92,<1></c><3>まだこ</c><2>の声は枯れない</c><1></c>,まだこの声は枯れない
106.356,106.657,-1,0,<1></c><3>まだこの</c><2>こえはかれない</c><1></c>,まだこのこえはかれない
106.356,106.657,-1,92,<1></c><3>まだこの</c><2>声は枯れない</c><1></c>,まだこの声は枯れない
106.657,107.124,-1,0,<1></c><3>まだこのこ</c><2>えはかれない</c><1></c>,まだこのこえはかれない
106.657,107.124,-1,92,<1></c><3>まだこの声</c><2>は枯れない</c><1></c>,まだこの声は枯れない
107.124,107.558,-1,0,<1></c><3>まだこのこえ</c><2>はかれない</c><1></c>,まだこのこえはかれない
107.124,107.558,-1,92,<1></c><3>まだこの声</c><2>は枯れない</c><1></c>,まだこの声は枯れない
107.558,108.759,-1,0,<1></c><3>まだこのこえは</c><2>かれない</c><1></c>,まだこのこえはかれない
107.558,108.759,-1,92,<1></c><3>まだこの声は</c><2>枯れない</c><1></c>,まだこの声は枯れない
108.759,109.059,-1,0,<1></c><3>まだこのこえはか</c><2>れない</c><1></c>,まだこのこえはかれない
108.759,109.059,-1,92,<1></c><3>まだこの声は枯</c><2>れない</c><1></c>,まだこの声は枯れない
109.059,109.526,-1,0,<1></c><3>まだこのこえはかれ</c><2>ない</c><1></c>,まだこのこえはかれない
109.059,109.526,-1,92,<1></c><3>まだこの声は枯れ</c><2>ない</c><1></c>,まだこの声は枯れない
109.526,109.993,-1,0,<1></c><3>まだこのこえはかれな</c><2>い</c><1></c>,まだこのこえはかれない
109.526,109.993,-1,92,<1></c><3>まだこの声は枯れな</c><2>い</c><1></c>,まだこの声は枯れない
109.993,110.894,-1,0,<1></c><3>まだこのこえはかれない</c><1></c>,まだこのこえはかれない
109.993,110.894,-1,92,<1></c><3>まだこの声は枯れない</c><1></c>,まだこの声は枯れない
114.531,114.832,-1,0,<1></c><3>ま</c><2>だこのりょうめはひかりをうつす</c><1></c>,まだこのりょうめはひかりをうつす
114.531,114.832,-1,92,<1></c><3>ま</c><2>だこの両目は光を映す</c><1></c>,まだこの両目は光を映す
114.832,115.732,-1,0,<1></c><3>まだ</c><2>このりょうめはひかりをうつす</c><1></c>,まだこのりょうめはひかりをうつす
114.832,115.732,-1,92,<1></c><3>まだ</c><2>この両目は光を映す</c><1></c>,まだこの両目は光を映す
115.732,116.033,-1,0,<1></c><3>まだこ</c><2>のりょうめはひかりをうつす</c><1></c>,まだこのりょうめはひかりをうつす
115.732,116.033,-1,92,<1></c><3>まだこ</c><2>の両目は光を映す</c><1></c>,まだこの両目は光を映す
116.033,116.366,-1,0,<1></c><3>まだこの</c><2>りょうめはひかりをうつす</c><1></c>,まだこのりょうめはひかりをうつす
116.033,116.366,-1,92,<1></c><3>まだこの</c><2>両目は光を映す</c><1></c>,まだこの両目は光を映す
116.366,116.8,-1,0,<1></c><3>まだこのりょう</c><2>めはひかりをうつす</c><1></c>,まだこのりょうめはひかりをうつす
116.366,116.8,-1,92,<1></c><3>まだこの両</c><2>目は光を映す</c><1></c>,まだこの両目は光を映す
116.8,117.267,-1,0,<1></c><3>まだこのりょうめ</c><2>はひかりをうつす</c><1></c>,まだこのりょうめはひかりをうつす
116.8,117.267,-1,92,<1></c><3>まだこの両目</c><2>は光を映す</c><1></c>,まだこの両目は光を映す
117.267,118.469,-1,0,<1></c><3>まだこのりょうめは</c><2>ひかりをうつす</c><1></c>,まだこのりょうめはひかりをうつす
117.267,118.469,-1,92,<1></c><3>まだこの両目は</c><2>光を映す</c><1></c>,まだこの両目は光を映す
118.469,118.769,-1,0,<1></c><3>まだこのりょうめはひ</c><2>かりをうつす</c><1></c>,まだこのりょうめはひかりをうつす
118.469,118.769,-1,92,<1></c><3>まだこの両目は光</c><2>を映す</c><1></c>,まだこの両目は光を映す
118.769,119.236,-1,0,<1></c><3>まだこのりょうめはひか</c><2>りをうつす</c><1></c>,まだこのりょうめはひかりをうつす
118.769,119.236,-1,92,<1></c><3>まだこの両目は光</c><2>を映す</c><1></c>,まだこの両目は光を映す
119.236,119.67,-1,0,<1></c><3>まだこのりょうめはひかり</c><2>をうつす</c><1></c>,まだこのりょうめはひかりをうつす
119.236,119.67,-1,92,<1></c><3>まだこの両目は光</c><2>を映す</c><1></c>,まだこの両目は光を映す
119.67,120.604,-1,0,<1></c><3>まだこのりょうめはひかりを</c><2>うつす</c><1></c>,まだこのりょうめはひかりをうつす
119.67,120.604,-1,92,<1></c><3>まだこの両目は光を</c><2>映す</c><1></c>,まだこの両目は光を映す
120.604,120.938,-1,0,<1></c><3>まだこのりょうめはひかりをう</c><2>つす</c><1></c>,まだこのりょうめはひかりをうつす
120.604,120.938,-1,92,<1></c><3>まだこの両目は光を映</c><2>す</c><1></c>,まだこの両目は光を映す
120.938,122.106,-1,0,<1></c><3>まだこのりょうめはひかりをうつ</c><2>す</c><1></c>,まだこのりょうめはひかりをうつす
120.938,122.106,-1,92,<1></c><3>まだこの両目は光を映</c><2>す</c><1></c>,まだこの両目は光を映す
122.106,123.607,-1,0,<1></c><3>まだこのりょうめはひかりをうつす</c><1></c>,まだこのりょうめはひかりをうつす
122.106,123.607,-1,92,<1></c><3>まだこの両目は光を映す</c><1></c>,まだこの両目は光を映す
124.842,125.275,-1,0,<1></c><3>こ</c><2>のままじゃなににもなれない</c><1></c>,このままじゃなににもなれない
124.842,125.275,-1,92,<1></c><3>こ</c><2>のままじゃ何にもなれない</c><1></c>,このままじゃ何にもなれない
125.275,125.442,-1,0,<1></c><3>この</c><2>ままじゃなににもなれない</c><1></c>,このままじゃなににもなれない
125.275,125.442,-1,92,<1></c><3>この</c><2>ままじゃ何にもなれない</c><1></c>,このままじゃ何にもなれない
125.442,125.909,-1,0,<1></c><3>このま</c><2>まじゃなににもなれない</c><1></c>,このままじゃなににもなれない
125.442,125.909,-1,92,<1></c><3>このま</c><2>まじゃ何にもなれない</c><1></c>,このままじゃ何にもなれない
125.909,126.043,-1,0,<1></c><3>このまま</c><2>じゃなににもなれない</c><1></c>,このままじゃなににもなれない
125.909,126.043,-1,92,<1></c><3>このまま</c><2>じゃ何にもなれない</c><1></c>,このままじゃ何にもなれない
126.043,127.878,-1,0,<1></c><3>このままじゃ</c><2>なににもなれない</c><1></c>,このままじゃなににもなれない
126.043,127.878,-1,92,<1></c><3>このままじゃ</c><2>何にもなれない</c><1></c>,このままじゃ何にもなれない
127.878,128.011,-1,0,<1></c><3>このままじゃな</c><2>ににもなれない</c><1></c>,このままじゃなににもなれない
127.878,128.011,-1,92,<1></c><3>このままじゃ何</c><2>にもなれない</c><1></c>,このままじゃ何にもなれない
128.011,128.178,-1,0,<1></c><3>このままじゃなに</c><2>にもなれない</c><1></c>,このままじゃなににもなれない
128.011,128.178,-1,92,<1></c><3>このままじゃ何</c><2>にもなれない</c><1></c>,このままじゃ何にもなれない
128.178,128.479,-1,0,<1></c><3>このままじゃなにに</c><2>もなれない</c><1></c>,このままじゃなににもなれない
128.178,128.479,-1,92,<1></c><3>このままじゃ何に</c><2>もなれない</c><1></c>,このままじゃ何にもなれない
128.479,128.946,-1,0,<1></c><3>このままじゃなににも</c><2>なれない</c><1></c>,このままじゃなににもなれない
128.479,128.946,-1,92,<1></c><3>このままじゃ何にも</c><2>なれない</c><1></c>,このままじゃ何にもなれない
128.946,129.079,-1,0,<1></c><3>このままじゃなににもな</c><2>れない</c><1></c>,このままじゃなににもなれない
128.946,129.079,-1,92,<1></c><3>このままじゃ何にもな</c><2>れない</c><1></c>,このままじゃ何にもなれない
129.079,129.213,-1,0,<1></c><3>このままじゃなににもなれ</c><2>ない</c><1></c>,このままじゃなににもなれない
129.079,129.213,-1,92,<1></c><3>このままじゃ何にもなれ</c><2>ない</c><1></c>,このままじゃ何にもなれない
129.213,129.379,-1,0,<1></c><3>このままじゃなににもなれな</c><2>い</c><1></c>,このままじゃなににもなれない
129.213,129.379,-1,92,<1></c><3>このままじゃ何にもなれな</c><2>い</c><1></c>,このままじゃ何にもなれない
129.379,130.881,-1,0,<1></c><3>このままじゃなににもなれない</c><1></c>,このままじゃなににもなれない
129.379,130.881,-1,92,<1></c><3>このままじゃ何にもなれない</c><1></c>,このままじゃ何にもなれない
132.416,132.716,-1,0,<1></c><3>い</c><2>ま、あたえられたぜんぶ</c><1></c>,いま、あたえられたぜんぶ
132.416,132.716,-1,92,<1></c><3>今、</c><2>与えられた全部</c><1></c>,今、与えられた全部
132.716,133.584,-1,0,<1></c><3>いま、</c><2>あたえられたぜんぶ</c><1></c>,いま、あたえられたぜんぶ
132.716,133.584,-1,92,<1></c><3>今、</c><2>与えられた全部</c><1></c>,今、与えられた全部
133.584,133.917,-1,0,<1></c><3>いま、あ</c><2>たえられたぜんぶ</c><1></c>,いま、あたえられたぜんぶ
133.584,133.917,-1,92,<1></c><3>今、与</c><2>えられた全部</c><1></c>,今、与えられた全部
133.917,134.218,-1,0,<1></c><3>いま、あた</c><2>えられたぜんぶ</c><1></c>,いま、あたえられたぜんぶ
133.917,134.218,-1,92,<1></c><3>今、与</c><2>えられた全部</c><1></c>,今、与えられた全部
134.218,134.551,-1,0,<1></c><3>いま、あたえ</c><2>られたぜんぶ</c><1></c>,いま、あたえられたぜんぶ
134.218,134.551,-1,92,<1></c><3>今、与え</c><2>られた全部</c><1></c>,今、与えられた全部
134.551,134.852,-1,0,<1></c><3>いま、あたえら</c><2>れたぜんぶ</c><1></c>,いま、あたえられたぜんぶ
134.551,134.852,-1,92,<1></c><3>今、与えら</c><2>れた全部</c><1></c>,今、与えられた全部
134.852,135.119,-1,0,<1></c><3>いま、あたえられ</c><2>たぜんぶ</c><1></c>,いま、あたえられたぜんぶ
134.852,135.119,-1,92,<1></c><3>今、与えられ</c><2>た全部</c><1></c>,今、与えられた全部
135.119,135.452,-1,0,<1></c><3>いま、あたえられた</c><2>ぜんぶ</c><1></c>,いま、あたえられたぜんぶ
135.119,135.452,-1,92,<1></c><3>今、与えられた</c><2>全部</c><1></c>,今、与えられた全部
135.452,135.752,-1,0,<1></c><3>いま、あたえられたぜ</c><2>んぶ</c><1></c>,いま、あたえられたぜんぶ
135.452,135.752,-1,92,<1></c><3>今、与えられた全</c><2>部</c><1></c>,今、与えられた全部
135.752,136.053,-1,0,<1></c><3>いま、あたえられたぜん</c><2>ぶ</c><1></c>,いま、あたえられたぜんぶ
135.752,136.053,-1,92,<1></c><3>今、与えられた全</c><2>部</c><1></c>,今、与えられた全部
136.053,137.554,-1,0,<1></c><3>いま、あたえられたぜんぶ</c><1></c>,いま、あたえられたぜんぶ
136.053,137.554,-1,92,<1></c><3>今、与えられた全部</c><1></c>,今、与えられた全部
137.554,137.855,-1,0,<1></c><3>か</c><2>けてもいいでしょ？</c><1></c>,かけてもいいでしょ？
137.554,137.855,-1,92,<1></c><3>賭</c><2>けてもいいでしょ？</c><1></c>,賭けてもいいでしょ？
137.855,139.089,-1,0,<1></c><3>かけ</c><2>てもいいでしょ？</c><1></c>,かけてもいいでしょ？
137.855,139.089,-1,92,<1></c><3>賭け</c><2>てもいいでしょ？</c><1></c>,賭けてもいいでしょ？
139.089,139.223,-1,0,<1></c><3>かけて</c><2>もいいでしょ？</c><1></c>,かけてもいいでしょ？
139.089,139.223,-1,92,<1></c><3>賭けて</c><2>もいいでしょ？</c><1></c>,賭けてもいいでしょ？
139.223,139.69,-1,0,<1></c><3>かけても</c><2>いいでしょ？</c><1></c>,かけてもいいでしょ？
139.223,139.69,-1,92,<1></c><3>賭けても</c><2>いいでしょ？</c><1></c>,賭けてもいいでしょ？
139.69,139.823,-1,0,<1></c><3>かけてもい</c><2>いでしょ？</c><1></c>,かけてもいいでしょ？
139.69,139.823,-1,92,<1></c><3>賭けてもい</c><2>いでしょ？</c><1></c>,賭けてもいいでしょ？
139.823,140.157,-1,0,<1></c><3>かけてもいい</c><2>でしょ？</c><1></c>,かけてもいいでしょ？
139.823,140.157,-1,92,<1></c><3>賭けてもいい</c><2>でしょ？</c><1></c>,賭けてもいいでしょ？
140.157,140.29,-1,0,<1></c><3>かけてもいいで</c><2>しょ？</c><1></c>,かけてもいいでしょ？
140.157,140.29,-1,92,<1></c><3>賭けてもいいで</c><2>しょ？</c><1></c>,賭けてもいいでしょ？
140.29,141.558,-1,0,<1></c><3>かけてもいいでしょ？</c><1></c>,かけてもいいでしょ？
140.29,141.558,-1,92,<1></c><3>賭けてもいいでしょ？</c><1></c>,賭けてもいいでしょ？
141.558,141.792,-1,0,<1></c><3>そ</c><2>うでしょ？</c><1></c>,そうでしょ？
141.558,141.792,-1,92,<1></c><3>そ</c><2>うでしょ？</c><1></c>,そうでしょ？
141.792,142.126,-1,0,<1></c><3>そう</c><2>でしょ？</c><1></c>,そうでしょ？
141.792,142.126,-1,92,<1></c><3>そう</c><2>でしょ？</c><1></c>,そうでしょ？
142.126,142.426,-1,0,<1></c><3>そうで</c><2>しょ？</c><1></c>,そうでしょ？
142.126,142.426,-1,92,<1></c><3>そうで</c><2>しょ？</c><1></c>,そうでしょ？
142.426,143.026,-1,0,<1></c><3>そうでしょ？</c><1></c>,そうでしょ？
142.426,143.026,-1,92,<1></c><3>そうでしょ？</c><1></c>,そうでしょ？
143.327,143.494,-1,0,<1></c><3>き</c><2>ずだらけのみちを</c><1></c>,きずだらけのみちを
143.327,143.494,-1,92,<1></c><3>傷</c><2>だらけの道を</c><1></c>,傷だらけの道を
143.494,143.627,-1,0,<1></c><3>きず</c><2>だらけのみちを</c><1></c>,きずだらけのみちを
143.494,143.627,-1,92,<1></c><3>傷</c><2>だらけの道を</c><1></c>,傷だらけの道を
143.627,143.794,-1,0,<1></c><3>きずだ</c><2>らけのみちを</c><1></c>,きずだらけのみちを
143.627,143.794,-1,92,<1></c><3>傷だ</c><2>らけの道を</c><1></c>,傷だらけの道を
143.794,143.927,-1,0,<1></c><3>きずだら</c><2>けのみちを</c><1></c>,きずだらけのみちを
143.794,143.927,-1,92,<1></c><3>傷だら</c><2>けの道を</c><1></c>,傷だらけの道を
143.927,144.094,-1,0,<1></c><3>きずだらけ</c><2>のみちを</c><1></c>,きずだらけのみちを
143.927,144.094,-1,92,<1></c><3>傷だらけ</c><2>の道を</c><1></c>,傷だらけの道を
144.094,144.261,-1,0,<1></c><3>きずだらけの</c><2>みちを</c><1></c>,きずだらけのみちを
144.094,144.261,-1,92,<1></c><3>傷だらけの</c><2>道を</c><1></c>,傷だらけの道を
144.261,144.728,-1,0,<1></c><3>きずだらけのみ</c><2>ちを</c><1></c>,きずだらけのみちを
144.261,144.728,-1,92,<1></c><3>傷だらけの道</c><2>を</c><1></c>,傷だらけの道を
144.728,145.129,-1,0,<1></c><3>きずだらけのみち</c><2>を</c><1></c>,きずだらけのみちを
144.728,145.129,-1,92,<1></c><3>傷だらけの道</c><2>を</c><1></c>,傷だらけの道を
145.129,145.729,-1,0,<1></c><3>きずだらけのみちを</c><1></c>,きずだらけのみちを
145.129,145.729,-1,92,<1></c><3>傷だらけの道を</c><1></c>,傷だらけの道を
145.729,145.896,-1,0,<1></c><3>あ</c><2>るきつづけてきたんだ</c><1></c>,あるきつづけてきたんだ
145.729,145.896,-1,92,<1></c><3>歩</c><2>き続けてきたんだ</c><1></c>,歩き続けてきたんだ
145.896,146.063,-1,0,<1></c><3>ある</c><2>きつづけてきたんだ</c><1></c>,あるきつづけてきたんだ
145.896,146.063,-1,92,<1></c><3>歩</c><2>き続けてきたんだ</c><1></c>,歩き続けてきたんだ
146.063,146.196,-1,0,<1></c><3>あるき</c><2>つづけてきたんだ</c><1></c>,あるきつづけてきたんだ
146.063,146.196,-1,92,<1></c><3>歩き</c><2>続けてきたんだ</c><1></c>,歩き続けてきたんだ
146.196,146.33,-1,0,<1></c><3>あるきつ</c><2>づけてきたんだ</c><1></c>,あるきつづけてきたんだ
146.196,146.33,-1,92,<1></c><3>歩き続</c><2>けてきたんだ</c><1></c>,歩き続けてきたんだ
146.33,146.497,-1,0,<1></c><3>あるきつづ</c><2>けてきたんだ</c><1></c>,あるきつづけてきたんだ
146.33,146.497,-1,92,<1></c><3>歩き続</c><2>けてきたんだ</c><1></c>,歩き続けてきたんだ
146.497,146.63,-1,0,<1></c><3>あるきつづけ</c><2>てきたんだ</c><1></c>,あるきつづけてきたんだ
146.497,146.63,-1,92,<1></c><3>歩き続け</c><2>てきたんだ</c><1></c>,歩き続けてきたんだ
146.63,146.964,-1,0,<1></c><3>あるきつづけて</c><2>きたんだ</c><1></c>,あるきつづけてきたんだ
146.63,146.964,-1,92,<1></c><3>歩き続けて</c><2>きたんだ</c><1></c>,歩き続けてきたんだ
146.964,147.097,-1,0,<1></c><3>あるきつづけてき</c><2>たんだ</c><1></c>,あるきつづけてきたんだ
146.964,147.097,-1,92,<1></c><3>歩き続けてき</c><2>たんだ</c><1></c>,歩き続けてきたんだ
147.097,147.431,-1,0,<1></c><3>あるきつづけてきた</c><2>んだ</c><1></c>,あるきつづけてきたんだ
147.097,147.431,-1,92,<1></c><3>歩き続けてきた</c><2>んだ</c><1></c>,歩き続けてきたんだ
147.431,147.564,-1,0,<1></c><3>あるきつづけてきたん</c><2>だ</c><1></c>,あるきつづけてきたんだ
147.431,147.564,-1,92,<1></c><3>歩き続けてきたん</c><2>だ</c><1></c>,歩き続けてきたんだ
147.564,148.165,-1,0,<1></c><3>あるきつづけてきたんだ</c><1></c>,あるきつづけてきたんだ
147.564,148.165,-1,92,<1></c><3>歩き続けてきたんだ</c><1></c>,歩き続けてきたんだ
148.165,148.465,-1,0,<1></c><3>に</c><2>どとないじんせいを</c><1></c>,にどとないじんせいを
148.165,148.465,-1,92,<1></c><3>二</c><2>度とない人生を</c><1></c>,二度とない人生を
148.465,148.765,-1,0,<1></c><3>にど</c><2>とないじんせいを</c><1></c>,にどとないじんせいを
148.465,148.765,-1,92,<1></c><3>二度</c><2>とない人生を</c><1></c>,二度とない人生を
148.765,149.066,-1,0,<1></c><3>にどと</c><2>ないじんせいを</c><1></c>,にどとないじんせいを
148.765,149.066,-1,92,<1></c><3>二度と</c><2>ない人生を</c><1></c>,二度とない人生を
149.066,149.533,-1,0,<1></c><3>にどとな</c><2>いじんせいを</c><1></c>,にどとないじんせいを
149.066,149.533,-1,92,<1></c><3>二度とな</c><2>い人生を</c><1></c>,二度とない人生を
149.533,150.0,-1,0,<1></c><3>にどとない</c><2>じんせいを</c><1></c>,にどとないじんせいを
149.533,150.0,-1,92,<1></c><3>二度とない</c><2>人生を</c><1></c>,二度とない人生を
150.0,150.4,-1,0,<1></c><3>にどとないじ</c><2>んせいを</c><1></c>,にどとないじんせいを
150.0,150.4,-1,92,<1></c><3>二度とない人</c><2>生を</c><1></c>,二度とない人生を
150.4,150.601,-1,0,<1></c><3>にどとないじん</c><2>せいを</c><1></c>,にどとないじんせいを
150.4,150.601,-1,92,<1></c><3>二度とない人</c><2>生を</c><1></c>,二度とない人生を
150.601,151.201,-1,0,<1></c><3>にどとないじんせ</c><2>いを</c><1></c>,にどとないじんせいを
150.601,151.201,-1,92,<1></c><3>二度とない人生</c><2>を</c><1></c>,二度とない人生を
151.201,151.368,-1,0,<1></c><3>にどとないじんせい</c><2>を</c><1></c>,にどとないじんせいを
151.201,151.368,-1,92,<1></c><3>二度とない人生</c><2>を</c><1></c>,二度とない人生を
151.368,152.97,-1,0,<1></c><3>にどとないじんせいを</c><1></c>,にどとないじんせいを
151.368,152.97,-1,92,<1></c><3>二度とない人生を</c><1></c>,二度とない人生を
152.97,153.137,-1,0,<1></c><3>こ</c><2>のむねのくうはくさえ</c><1></c>,このむねのくうはくさえ
152.97,153.137,-1,92,<1></c><3>こ</c><2>の胸の空白さえ</c><1></c>,この胸の空白さえ
153.137,153.303,-1,0,<1></c><3>この</c><2>むねのくうはくさえ</c><1></c>,このむねのくうはくさえ
153.137,153.303,-1,92,<1></c><3>この</c><2>胸の空白さえ</c><1></c>,この胸の空白さえ
153.303,153.437,-1,0,<1></c><3>このむ</c><2>ねのくうはくさえ</c><1></c>,このむねのくうはくさえ
153.303,153.437,-1,92,<1></c><3>この胸</c><2>の空白さえ</c><1></c>,この胸の空白さえ
153.437,153.604,-1,0,<1></c><3>このむね</c><2>のくうはくさえ</c><1></c>,このむねのくうはくさえ
153.437,153.604,-1,92,<1></c><3>この胸</c><2>の空白さえ</c><1></c>,この胸の空白さえ
153.604,153.77,-1,0,<1></c><3>このむねの</c><2>くうはくさえ</c><1></c>,このむねのくうはくさえ
153.604,153.77,-1,92,<1></c><3>この胸の</c><2>空白さえ</c><1></c>,この胸の空白さえ
153.77,153.904,-1,0,<1></c><3>このむねのく</c><2>うはくさえ</c><1></c>,このむねのくうはくさえ
153.77,153.904,-1,92,<1></c><3>この胸の空</c><2>白さえ</c><1></c>,この胸の空白さえ
153.904,154.238,-1,0,<1></c><3>このむねのくう</c><2>はくさえ</c><1></c>,このむねのくうはくさえ
153.904,154.238,-1,92,<1></c><3>この胸の空</c><2>白さえ</c><1></c>,この胸の空白さえ
154.238,154.371,-1,0,<1></c><3>このむねのくうは</c><2>くさえ</c><1></c>,このむねのくうはくさえ
154.238,154.371,-1,92,<1></c><3>この胸の空白</c><2>さえ</c><1></c>,この胸の空白さえ
154.371,154.838,-1,0,<1></c><3>このむねのくうはく</c><2>さえ</c><1></c>,このむねのくうはくさえ
154.371,154.838,-1,92,<1></c><3>この胸の空白</c><2>さえ</c><1></c>,この胸の空白さえ
154.838,155.105,-1,0,<1></c><3>このむねのくうはくさ</c><2>え</c><1></c>,このむねのくうはくさえ
154.838,155.105,-1,92,<1></c><3>この胸の空白さ</c><2>え</c><1></c>,この胸の空白さえ
155.105,156.039,-1,0,<1></c><3>このむねのくうはくさえ</c><1></c>,このむねのくうはくさえ
155.105,156.039,-1,92,<1></c><3>この胸の空白さえ</c><1></c>,この胸の空白さえ
156.039,156.64,-1,0,<1></c><3>み</c><2>たされるしゅんかんのため</c><1></c>,みたされるしゅんかんのため
156.039,156.64,-1,92,<1></c><3>満</c><2>たされる瞬間のため</c><1></c>,満たされる瞬間のため
156.64,156.94,-1,0,<1></c><3>みた</c><2>されるしゅんかんのため</c><1></c>,みたされるしゅんかんのため
156.64,156.94,-1,92,<1></c><3>満た</c><2>される瞬間のため</c><1></c>,満たされる瞬間のため
156.94,157.241,-1,0,<1></c><3>みたさ</c><2>れるしゅんかんのため</c><1></c>,みたされるしゅんかんのため
156.94,157.241,-1,92,<1></c><3>満たさ</c><2>れる瞬間のため</c><1></c>,満たされる瞬間のため
157.241,157.541,-1,0,<1></c><3>みたされ</c><2>るしゅんかんのため</c><1></c>,みたされるしゅんかんのため
157.241,157.541,-1,92,<1></c><3>満たされ</c><2>る瞬間のため</c><1></c>,満たされる瞬間のため
157.541,158.442,-1,0,<1></c><3>みたされる</c><2>しゅんかんのため</c><1></c>,みたされるしゅんかんのため
157.541,158.442,-1,92,<1></c><3>満たされる</c><2>瞬間のため</c><1></c>,満たされる瞬間のため
158.442,158.609,-1,0,<1></c><3>みたされるしゅ</c><2>んかんのため</c><1></c>,みたされるしゅんかんのため
158.442,158.609,-1,92,<1></c><3>満たされる瞬</c><2>間のため</c><1></c>,満たされる瞬間のため
158.609,158.775,-1,0,<1></c><3>みたされるしゅん</c><2>かんのため</c><1></c>,みたされるしゅんかんのため
158.609,158.775,-1,92,<1></c><3>満たされる瞬</c><2>間のため</c><1></c>,満たされる瞬間のため
158.775,159.209,-1,0,<1></c><3>みたされるしゅんか</c><2>んのため</c><1></c>,みたされるしゅんかんのため
158.775,159.209,-1,92,<1></c><3>満たされる瞬間</c><2>のため</c><1></c>,満たされる瞬間のため
159.209,159.676,-1,0,<1></c><3>みたされるしゅんかん</c><2>のため</c><1></c>,みたされるしゅんかんのため
159.209,159.676,-1,92,<1></c><3>満たされる瞬間</c><2>のため</c><1></c>,満たされる瞬間のため
159.676,161.778,-1,0,<1></c><3>みたされるしゅんかんの</c><2>ため</c><1></c>,みたされるしゅんかんのため
159.676,161.778,-1,92,<1></c><3>満たされる瞬間の</c><2>ため</c><1></c>,満たされる瞬間のため
161.778,162.112,-1,0,<1></c><3>みたされるしゅんかんのた</c><2>め</c><1></c>,みたされるしゅんかんのため
161.778,162.112,-1,92,<1></c><3>満たされる瞬間のた</c><2>め</c><1></c>,満たされる瞬間のため
162.112,165.415,-1,0,<1></c><3>みたされるしゅんかんのため</c><1></c>,みたされるしゅんかんのため
162.112,165.415,-1,92,<1></c><3>満たされる瞬間のため</c><1></c>,満たされる瞬間のため
182.099,182.432,-1,0,<1></c><3>あ</c><2>しをふみならせ</c><1></c>,あしをふみならせ
182.099,182.432,-1,92,<1></c><3>足</c><2>を踏み鳴らせ</c><1></c>,足を踏み鳴らせ
182.432,182.733,-1,0,<1></c><3>あし</c><2>をふみならせ</c><1></c>,あしをふみならせ
182.432,182.733,-1,92,<1></c><3>足</c><2>を踏み鳴らせ</c><1></c>,足を踏み鳴らせ
182.733,183.033,-1,0,<1></c><3>あしを</c><2>ふみならせ</c><1></c>,あしをふみならせ
182.733,183.033,-1,92,<1></c><3>足を</c><2>踏み鳴らせ</c><1></c>,足を踏み鳴らせ
183.033,183.333,-1,0,<1></c><3>あしをふ</c><2>みならせ</c><1></c>,あしをふみならせ
183.033,183.333,-1,92,<1></c><3>足を踏</c><2>み鳴らせ</c><1></c>,足を踏み鳴らせ
183.333,183.634,-1,0,<1></c><3>あしをふみ</c><2>ならせ</c><1></c>,あしをふみならせ
183.333,183.634,-1,92,<1></c><3>足を踏み</c><2>鳴らせ</c><1></c>,足を踏み鳴らせ
183.634,183.934,-1,0,<1></c><3>あしをふみな</c><2>らせ</c><1></c>,あしをふみならせ
183.634,183.934,-1,92,<1></c><3>足を踏み鳴</c><2>らせ</c><1></c>,足を踏み鳴らせ
183.934,184.535,-1,0,<1></c><3>あしをふみなら</c><2>せ</c><1></c>,あしをふみならせ
183.934,184.535,-1,92,<1></c><3>足を踏み鳴ら</c><2>せ</c><1></c>,足を踏み鳴らせ
184.535,185.736,-1,0,<1></c><3>あしをふみならせ</c><1></c>,あしをふみならせ
184.535,185.736,-1,92,<1></c><3>足を踏み鳴らせ</c><1></c>,足を踏み鳴らせ
185.736,186.036,-1,0,<1></c><3>げ</c><2>んそうをつらぬいて</c><1></c>,げんそうをつらぬいて
185.736,186.036,-1,92,<1></c><3>幻</c><2>想を貫いて</c><1></c>,幻想を貫いて
186.036,186.336,-1,0,<1></c><3>げん</c><2>そうをつらぬいて</c><1></c>,げんそうをつらぬいて
186.036,186.336,-1,92,<1></c><3>幻</c><2>想を貫いて</c><1></c>,幻想を貫いて
186.336,186.737,-1,0,<1></c><3>げんそ</c><2>うをつらぬいて</c><1></c>,げんそうをつらぬいて
186.336,186.737,-1,92,<1></c><3>幻想</c><2>を貫いて</c><1></c>,幻想を貫いて
186.737,186.97,-1,0,<1></c><3>げんそう</c><2>をつらぬいて</c><1></c>,げんそうをつらぬいて
186.737,186.97,-1,92,<1></c><3>幻想</c><2>を貫いて</c><1></c>,幻想を貫いて
186.97,188.172,-1,0,<1></c><3>げんそうを</c><2>つらぬいて</c><1></c>,げんそうをつらぬいて
186.97,188.172,-1,92,<1></c><3>幻想を</c><2>貫いて</c><1></c>,幻想を貫いて
188.172,188.472,-1,0,<1></c><3>げんそうをつ</c><2>らぬいて</c><1></c>,げんそうをつらぬいて
188.172,188.472,-1,92,<1></c><3>幻想を貫</c><2>いて</c><1></c>,幻想を貫いて
188.472,188.772,-1,0,<1></c><3>げんそうをつら</c><2>ぬいて</c><1></c>,げんそうをつらぬいて
188.472,188.772,-1,92,<1></c><3>幻想を貫</c><2>いて</c><1></c>,幻想を貫いて
188.772,189.139,-1,0,<1></c><3>げんそうをつらぬ</c><2>いて</c><1></c>,げんそうをつらぬいて
188.772,189.139,-1,92,<1></c><3>幻想を貫</c><2>いて</c><1></c>,幻想を貫いて
189.139,189.373,-1,0,<1></c><3>げんそうをつらぬい</c><2>て</c><1></c>,げんそうをつらぬいて
189.139,189.373,-1,92,<1></c><3>幻想を貫い</c><2>て</c><1></c>,幻想を貫いて
189.373,190.574,-1,0,<1></c><3>げんそうをつらぬいて</c><1></c>,げんそうをつらぬいて
189.373,190.574,-1,92,<1></c><3>幻想を貫いて</c><1></c>,幻想を貫いて
189.973,190.14,-1,7,<1></c><3>（お</c><2>もいのまま）</c><1></c>,（おもいのまま）
189.973,190.14,-1,85,<1></c><3>（思</c><2>いのまま）</c><1></c>,（思いのまま）
190.14,190.274,-1,7,<1></c><3>（おも</c><2>いのまま）</c><1></c>,（おもいのまま）
190.14,190.274,-1,85,<1></c><3>（思</c><2>いのまま）</c><1></c>,（思いのまま）
190.274,190.574,-1,7,<1></c><3>（おもい</c><2>のまま）</c><1></c>,（おもいのまま）
190.274,190.574,-1,85,<1></c><3>（思い</c><2>のまま）</c><1></c>,（思いのまま）
190.574,190.741,-1,7,<1></c><3>（おもいの</c><2>まま）</c><1></c>,（おもいのまま）
190.574,190.741,-1,85,<1></c><3>（思いの</c><2>まま）</c><1></c>,（思いのまま）
190.741,190.874,-1,7,<1></c><3>（おもいのま</c><2>ま）</c><1></c>,（おもいのまま）
190.741,190.874,-1,85,<1></c><3>（思いのま</c><2>ま）</c><1></c>,（思いのまま）
190.874,191.775,-1,7,<1></c><3>（おもいのまま）</c><1></c>,（おもいのまま）
190.874,191.775,-1,85,<1></c><3>（思いのまま）</c><1></c>,（思いのまま）
191.775,192.075,-1,0,<1></c><3>か</c><2>べをふみならせ</c><1></c>,かべをふみならせ
191.775,192.075,-1,92,<1></c><3>壁</c><2>を踏み均せ</c><1></c>,壁を踏み均せ
192.075,192.376,-1,0,<1></c><3>かべ</c><2>をふみならせ</c><1></c>,かべをふみならせ
192.075,192.376,-1,92,<1></c><3>壁</c><2>を踏み均せ</c><1></c>,壁を踏み均せ
192.376,192.709,-1,0,<1></c><3>かべを</c><2>ふみならせ</c><1></c>,かべをふみならせ
192.376,192.709,-1,92,<1></c><3>壁を</c><2>踏み均せ</c><1></c>,壁を踏み均せ
192.709,193.01,-1,0,<1></c><3>かべをふ</c><2>みならせ</c><1></c>,かべをふみならせ
192.709,193.01,-1,92,<1></c><3>壁を踏</c><2>み均せ</c><1></c>,壁を踏み均せ
193.01,193.31,-1,0,<1></c><3>かべをふみ</c><2>ならせ</c><1></c>,かべをふみならせ
193.01,193.31,-1,92,<1></c><3>壁を踏み</c><2>均せ</c><1></c>,壁を踏み均せ
193.31,193.61,-1,0,<1></c><3>かべをふみな</c><2>らせ</c><1></c>,かべをふみならせ
193.31,193.61,-1,92,<1></c><3>壁を踏み均</c><2>せ</c><1></c>,壁を踏み均せ
193.61,194.211,-1,0,<1></c><3>かべをふみなら</c><2>せ</c><1></c>,かべをふみならせ
193.61,194.211,-1,92,<1></c><3>壁を踏み均</c><2>せ</c><1></c>,壁を踏み均せ
194.211,195.445,-1,0,<1></c><3>かべをふみならせ</c><1></c>,かべをふみならせ
194.211,195.445,-1,92,<1></c><3>壁を踏み均せ</c><1></c>,壁を踏み均せ
195.445,195.712,-1,0,<1></c><3>げ</c><2>んかいをしらない</c><1></c>,げんかいをしらない
195.445,195.712,-1,92,<1></c><3>限</c><2>界を知らない</c><1></c>,限界を知らない
195.712,196.013,-1,0,<1></c><3>げん</c><2>かいをしらない</c><1></c>,げんかいをしらない
195.712,196.013,-1,92,<1></c><3>限</c><2>界を知らない</c><1></c>,限界を知らない
196.013,196.346,-1,0,<1></c><3>げんか</c><2>いをしらない</c><1></c>,げんかいをしらない
196.013,196.346,-1,92,<1></c><3>限界</c><2>を知らない</c><1></c>,限界を知らない
196.346,196.68,-1,0,<1></c><3>げんかい</c><2>をしらない</c><1></c>,げんかいをしらない
196.346,196.68,-1,92,<1></c><3>限界</c><2>を知らない</c><1></c>,限界を知らない
196.68,197.748,-1,0,<1></c><3>げんかいを</c><2>しらない</c><1></c>,げんかいをしらない
196.68,197.748,-1,92,<1></c><3>限界を</c><2>知らない</c><1></c>,限界を知らない
197.748,198.148,-1,0,<1></c><3>げんかいをし</c><2>らない</c><1></c>,げんかいをしらない
197.748,198.148,-1,92,<1></c><3>限界を知</c><2>らない</c><1></c>,限界を知らない
198.148,198.448,-1,0,<1></c><3>げんかいをしら</c><2>ない</c><1></c>,げんかいをしらない
198.148,198.448,-1,92,<1></c><3>限界を知ら</c><2>ない</c><1></c>,限界を知らない
198.448,198.749,-1,0,<1></c><3>げんかいをしらな</c><2>い</c><1></c>,げんかいをしらない
198.448,198.749,-1,92,<1></c><3>限界を知らな</c><2>い</c><1></c>,限界を知らない
198.749,199.082,-1,0,<1></c><3>げんかいをしらない</c><1></c>,げんかいをしらない
198.749,199.082,-1,92,<1></c><3>限界を知らない</c><1></c>,限界を知らない
199.082,199.216,-1,0,<1></c><3>お</c><2>ろかなぼくのまま</c><1></c>,おろかなぼくのまま
199.082,199.216,-1,92,<1></c><3>愚</c><2>かな僕のまま</c><1></c>,愚かな僕のまま
199.216,199.383,-1,0,<1></c><3>おろ</c><2>かなぼくのまま</c><1></c>,おろかなぼくのまま
199.216,199.383,-1,92,<1></c><3>愚</c><2>かな僕のまま</c><1></c>,愚かな僕のまま
199.383,199.816,-1,0,<1></c><3>おろか</c><2>なぼくのまま</c><1></c>,おろかなぼくのまま
199.383,199.816,-1,92,<1></c><3>愚か</c><2>な僕のまま</c><1></c>,愚かな僕のまま
199.816,199.983,-1,0,<1></c><3>おろかな</c><2>ぼくのまま</c><1></c>,おろかなぼくのまま
199.816,199.983,-1,92,<1></c><3>愚かな</c><2>僕のまま</c><1></c>,愚かな僕のまま
199.983,200.45,-1,0,<1></c><3>おろかなぼ</c><2>くのまま</c><1></c>,おろかなぼくのまま
199.983,200.45,-1,92,<1></c><3>愚かな僕</c><2>のまま</c><1></c>,愚かな僕のまま
200.45,200.584,-1,0,<1></c><3>おろかなぼく</c><2>のまま</c><1></c>,おろかなぼくのまま
200.45,200.584,-1,92,<1></c><3>愚かな僕</c><2>のまま</c><1></c>,愚かな僕のまま
200.584,201.051,-1,0,<1></c><3>おろかなぼくの</c><2>まま</c><1></c>,おろかなぼくのまま
200.584,201.051,-1,92,<1></c><3>愚かな僕の</c><2>まま</c><1></c>,愚かな僕のまま
201.051,201.185,-1,0,<1></c><3>おろかなぼくのま</c><2>ま</c><1></c>,おろかなぼくのまま
201.051,201.185,-1,92,<1></c><3>愚かな僕のま</c><2>ま</c><1></c>,愚かな僕のまま
201.185,202.986,-1,0,<1></c><3>おろかなぼくのまま</c><1></c>,おろかなぼくのまま
201.185,202.986,-1,92,<1></c><3>愚かな僕のまま</c><1></c>,愚かな僕のまま
204.221,204.655,-1,0,<1></c><3>（な</c><2>んかいでもなんかいでもまちがっても）</c><1></c>,（なんかいでもなんかいでもまちがっても）
204.221,204.821,-1,92,<1></c><3>（何</c><2>回でも何回でも間違っても）</c><1></c>,（何回でも何回でも間違っても）
204.655,204.821,-1,0,<1></c><3>（なん</c><2>かいでもなんかいでもまちがっても）</c><1></c>,（なんかいでもなんかいでもまちがっても）
204.821,205.122,-1,0,<1></c><3>（なんか</c><2>いでもなんかいでもまちがっても）</c><1></c>,（なんかいでもなんかいでもまちがっても）
204.821,205.289,-1,92,<1></c><3>（何回</c><2>でも何回でも間違っても）</c><1></c>,（何回でも何回でも間違っても）
205.122,205.289,-1,0,<1></c><3>（なんかい</c><2>でもなんかいでもまちがっても）</c><1></c>,（なんかいでもなんかいでもまちがっても）
205.289,205.722,-1,0,<1></c><3>（なんかいで</c><2>もなんかいでもまちがっても）</c><1></c>,（なんかいでもなんかいでもまちがっても）
205.289,205.722,-1,92,<1></c><3>（何回で</c><2>も何回でも間違っても）</c><1></c>,（何回でも何回でも間違っても）
205.722,206.657,-1,0,<1></c><3>（なんかいでも</c><2>なんかいでもまちがっても）</c><1></c>,（なんかいでもなんかいでもまちがっても）
205.722,206.657,-1,92,<1></c><3>（何回でも</c><2>何回でも間違っても）</c><1></c>,（何回でも何回でも間違っても）
206.657,207.09,-1,0,<1></c><3>（なんかいでもな</c><2>んかいでもまちがっても）</c><1></c>,（なんかいでもなんかいでもまちがっても）
206.657,207.257,-1,92,<1></c><3>（何回でも何</c><2>回でも間違っても）</c><1></c>,（何回でも何回でも間違っても）
207.09,207.257,-1,0,<1></c><3>（なんかいでもなん</c><2>かいでもまちがっても）</c><1></c>,（なんかいでもなんかいでもまちがっても）
207.257,207.558,-1,0,<1></c><3>（なんかいでもなんか</c><2>いでもまちがっても）</c><1></c>,（なんかいでもなんかいでもまちがっても）
207.257,207.724,-1,92,<1></c><3>（何回でも何回</c><2>でも間違っても）</c><1></c>,（何回でも何回でも間違っても）
207.558,207.724,-1,0,<1></c><3>（なんかいでもなんかい</c><2>でもまちがっても）</c><1></c>,（なんかいでもなんかいでもまちがっても）
207.724,208.158,-1,0,<1></c><3>（なんかいでもなんかいで</c><2>もまちがっても）</c><1></c>,（なんかいでもなんかいでもまちがっても）
207.724,208.158,-1,92,<1></c><3>（何回でも何回で</c><2>も間違っても）</c><1></c>,（何回でも何回でも間違っても）
208.158,209.059,-1,0,<1></c><3>（なんかいでもなんかいでも</c><2>まちがっても）</c><1></c>,（なんかいでもなんかいでもまちがっても）
208.158,209.059,-1,92,<1></c><3>（何回でも何回でも</c><2>間違っても）</c><1></c>,（何回でも何回でも間違っても）
209.059,209.66,-1,0,<1></c><3>（なんかいでもなんかいでもま</c><2>ちがっても）</c><1></c>,（なんかいでもなんかいでもまちがっても）
209.059,209.66,-1,92,<1></c><3>（何回でも何回でも間</c><2>違っても）</c><1></c>,（何回でも何回でも間違っても）
209.66,209.96,-1,0,<1></c><3>（なんかいでもなんかいでもまち</c><2>がっても）</c><1></c>,（なんかいでもなんかいでもまちがっても）
209.66,209.96,-1,92,<1></c><3>（何回でも何回でも間違</c><2>っても）</c><1></c>,（何回でも何回でも間違っても）
209.96,210.127,-1,0,<1></c><3>（なんかいでもなんかいでもまちが</c><2>っても）</c><1></c>,（なんかいでもなんかいでもまちがっても）
209.96,210.127,-1,92,<1></c><3>（何回でも何回でも間違</c><2>っても）</c><1></c>,（何回でも何回でも間違っても）
210.127,210.26,-1,0,<1></c><3>（なんかいでもなんかいでもまちがっ</c><2>ても）</c><1></c>,（なんかいでもなんかいでもまちがっても）
210.127,210.26,-1,92,<1></c><3>（何回でも何回でも間違っ</c><2>ても）</c><1></c>,（何回でも何回でも間違っても）
210.26,210.561,-1,0,<1></c><3>（なんかいでもなんかいでもまちがって</c><2>も）</c><1></c>,（なんかいでもなんかいでもまちがっても）
210.26,210.561,-1,92,<1></c><3>（何回でも何回でも間違って</c><2>も）</c><1></c>,（何回でも何回でも間違っても）
210.561,211.195,-1,0,<1></c><3>（なんかいでもなんかいでもまちがっても）</c><1></c>,（なんかいでもなんかいでもまちがっても）
210.561,211.195,-1,92,<1></c><3>（何回でも何回でも間違っても）</c><1></c>,（何回でも何回でも間違っても）
211.195,211.495,-1,0,<1></c><3>た</c><2>しかにさきへ</c><1></c>,たしかにさきへ
211.195,211.495,-1,92,<1></c><3>確</c><2>かに先へ</c><1></c>,確かに先へ
211.495,211.795,-1,0,<1></c><3>たし</c><2>かにさきへ</c><1></c>,たしかにさきへ
211.495,211.795,-1,92,<1></c><3>確</c><2>かに先へ</c><1></c>,確かに先へ
211.795,212.095,-1,0,<1></c><3>たしか</c><2>にさきへ</c><1></c>,たしかにさきへ
211.795,212.095,-1,92,<1></c><3>確か</c><2>に先へ</c><1></c>,確かに先へ
212.095,212.396,-1,0,<1></c><3>たしかに</c><2>さきへ</c><1></c>,たしかにさきへ
212.095,212.396,-1,92,<1></c><3>確かに</c><2>先へ</c><1></c>,確かに先へ
212.396,212.696,-1,0,<1></c><3>たしかにさ</c><2>きへ</c><1></c>,たしかにさきへ
212.396,212.696,-1,92,<1></c><3>確かに先</c><2>へ</c><1></c>,確かに先へ
212.696,213.03,-1,0,<1></c><3>たしかにさき</c><2>へ</c><1></c>,たしかにさきへ
212.696,213.03,-1,92,<1></c><3>確かに先</c><2>へ</c><1></c>,確かに先へ
213.03,213.931,-1,0,<1></c><3>たしかにさきへ</c><1></c>,たしかにさきへ
213.03,213.931,-1,92,<1></c><3>確かに先へ</c><1></c>,確かに先へ
213.931,214.364,-1,0,<1></c><3>（な</c><2>んかいでもなんかいでもすすむだけ）</c><1></c>,（なんかいでもなんかいでもすすむだけ）
213.931,214.531,-1,92,<1></c><3>（何</c><2>回でも何回でも進むだけ）</c><1></c>,（何回でも何回でも進むだけ）
214.364,214.531,-1,0,<1></c><3>（なん</c><2>かいでもなんかいでもすすむだけ）</c><1></c>,（なんかいでもなんかいでもすすむだけ）
214.531,214.831,-1,0,<1></c><3>（なんか</c><2>いでもなんかいでもすすむだけ）</c><1></c>,（なんかいでもなんかいでもすすむだけ）
214.531,214.998,-1,92,<1></c><3>（何回</c><2>でも何回でも進むだけ）</c><1></c>,（何回でも何回でも進むだけ）
214.831,214.998,-1,0,<1></c><3>（なんかい</c><2>でもなんかいでもすすむだけ）</c><1></c>,（なんかいでもなんかいでもすすむだけ）
214.998,215.432,-1,0,<1></c><3>（なんかいで</c><2>もなんかいでもすすむだけ）</c><1></c>,（なんかいでもなんかいでもすすむだけ）
214.998,215.432,-1,92,<1></c><3>（何回で</c><2>も何回でも進むだけ）</c><1></c>,（何回でも何回でも進むだけ）
215.432,216.333,-1,0,<1></c><3>（なんかいでも</c><2>なんかいでもすすむだけ）</c><1></c>,（なんかいでもなんかいでもすすむだけ）
215.432,216.333,-1,92,<1></c><3>（何回でも</c><2>何回でも進むだけ）</c><1></c>,（何回でも何回でも進むだけ）
216.333,216.767,-1,0,<1></c><3>（なんかいでもな</c><2>んかいでもすすむだけ）</c><1></c>,（なんかいでもなんかいでもすすむだけ）
216.333,216.967,-1,92,<1></c><3>（何回でも何</c><2>回でも進むだけ）</c><1></c>,（何回でも何回でも進むだけ）
216.767,216.967,-1,0,<1></c><3>（なんかいでもなん</c><2>かいでもすすむだけ）</c><1></c>,（なんかいでもなんかいでもすすむだけ）
216.967,217.267,-1,0,<1></c><3>（なんかいでもなんか</c><2>いでもすすむだけ）</c><1></c>,（なんかいでもなんかいでもすすむだけ）
216.967,217.401,-1,92,<1></c><3>（何回でも何回</c><2>でも進むだけ）</c><1></c>,（何回でも何回でも進むだけ）
217.267,217.401,-1,0,<1></c><3>（なんかいでもなんかい</c><2>でもすすむだけ）</c><1></c>,（なんかいでもなんかいでもすすむだけ）
217.401,217.868,-1,0,<1></c><3>（なんかいでもなんかいで</c><2>もすすむだけ）</c><1></c>,（なんかいでもなんかいでもすすむだけ）
217.401,217.868,-1,92,<1></c><3>（何回でも何回で</c><2>も進むだけ）</c><1></c>,（何回でも何回でも進むだけ）
217.868,218.769,-1,0,<1></c><3>（なんかいでもなんかいでも</c><2>すすむだけ）</c><1></c>,（なんかいでもなんかいでもすすむだけ）
217.868,218.769,-1,92,<1></c><3>（何回でも何回でも</c><2>進むだけ）</c><1></c>,（何回でも何回でも進むだけ）
218.769,219.369,-1,0,<1></c><3>（なんかいでもなんかいでもす</c><2>すむだけ）</c><1></c>,（なんかいでもなんかいでもすすむだけ）
218.769,219.369,-1,92,<1></c><3>（何回でも何回でも進</c><2>むだけ）</c><1></c>,（何回でも何回でも進むだけ）
219.369,219.703,-1,0,<1></c><3>（なんかいでもなんかいでもすす</c><2>むだけ）</c><1></c>,（なんかいでもなんかいでもすすむだけ）
219.369,219.703,-1,92,<1></c><3>（何回でも何回でも進</c><2>むだけ）</c><1></c>,（何回でも何回でも進むだけ）
219.703,220.003,-1,0,<1></c><3>（なんかいでもなんかいでもすすむ</c><2>だけ）</c><1></c>,（なんかいでもなんかいでもすすむだけ）
219.703,220.003,-1,92,<1></c><3>（何回でも何回でも進む</c><2>だけ）</c><1></c>,（何回でも何回でも進むだけ）
220.003,220.27,-1,0,<1></c><3>（なんかいでもなんかいでもすすむだ</c><2>け）</c><1></c>,（なんかいでもなんかいでもすすむだけ）
220.003,220.27,-1,92,<1></c><3>（何回でも何回でも進むだ</c><2>け）</c><1></c>,（何回でも何回でも進むだけ）
220.27,220.904,-1,0,<1></c><3>（なんかいでもなんかいでもすすむだけ）</c><1></c>,（なんかいでもなんかいでもすすむだけ）
220.27,220.904,-1,92,<1></c><3>（何回でも何回でも進むだけ）</c><1></c>,（何回でも何回でも進むだけ）
220.904,221.071,-1,0,<1></c><3>し</c><2>んぞうがとまるまで</c><1></c>,しんぞうがとまるまで
220.904,221.071,-1,92,<1></c><3>心</c><2>臓が止まるまで</c><1></c>,心臓が止まるまで
221.071,221.205,-1,0,<1></c><3>しん</c><2>ぞうがとまるまで</c><1></c>,しんぞうがとまるまで
221.071,221.205,-1,92,<1></c><3>心</c><2>臓が止まるまで</c><1></c>,心臓が止まるまで
221.205,221.371,-1,0,<1></c><3>しんぞ</c><2>うがとまるまで</c><1></c>,しんぞうがとまるまで
221.205,221.371,-1,92,<1></c><3>心臓</c><2>が止まるまで</c><1></c>,心臓が止まるまで
221.371,221.505,-1,0,<1></c><3>しんぞう</c><2>がとまるまで</c><1></c>,しんぞうがとまるまで
221.371,221.505,-1,92,<1></c><3>心臓</c><2>が止まるまで</c><1></c>,心臓が止まるまで
221.505,221.672,-1,0,<1></c><3>しんぞうが</c><2>とまるまで</c><1></c>,しんぞうがとまるまで
221.505,221.672,-1,92,<1></c><3>心臓が</c><2>止まるまで</c><1></c>,心臓が止まるまで
221.672,221.805,-1,0,<1></c><3>しんぞうがと</c><2>まるまで</c><1></c>,しんぞうがとまるまで
221.672,221.805,-1,92,<1></c><3>心臓が止</c><2>まるまで</c><1></c>,心臓が止まるまで
221.805,222.105,-1,0,<1></c><3>しんぞうがとま</c><2>るまで</c><1></c>,しんぞうがとまるまで
221.805,222.105,-1,92,<1></c><3>心臓が止ま</c><2>るまで</c><1></c>,心臓が止まるまで
222.105,222.406,-1,0,<1></c><3>しんぞうがとまる</c><2>まで</c><1></c>,しんぞうがとまるまで
222.105,222.406,-1,92,<1></c><3>心臓が止まる</c><2>まで</c><1></c>,心臓が止まるまで
222.406,222.906,-1,0,<1></c><3>しんぞうがとまるま</c><2>で</c><1></c>,しんぞうがとまるまで
222.406,222.906,-1,92,<1></c><3>心臓が止まるま</c><2>で</c><1></c>,心臓が止まるまで
222.906,223.507,-1,0,<1></c><3>しんぞうがとまるまで</c><1></c>,しんぞうがとまるまで
222.906,223.507,-1,92,<1></c><3>心臓が止まるまで</c><1></c>,心臓が止まるまで
