start,end,position,line,text,unformatted
2.019,2.486,-1,-1,<1></c><2>let’s</c><3>seetheworld</c><1></c>,let’sseetheworld
2.486,2.853,-1,-1,<1></c><2>let’ssee</c><3>theworld</c><1></c>,let’sseetheworld
2.853,3.22,-1,-1,<1></c><2>let’sseethe</c><3>world</c><1></c>,let’sseetheworld
3.22,3.787,-1,-1,<1></c><2>let’sseetheworld</c><1></c>,let’sseetheworld
3.787,4.154,77,-1,<1></c><2>search</c><3>ingforthereasonwhyiammyself</c><1></c>,searchingforthereasonwhyiammyself
4.154,4.555,77,-1,<1></c><2>searching</c><3>forthereasonwhyiammyself</c><1></c>,searchingforthereasonwhyiammyself
4.555,5.255,77,-1,<1></c><2>searchingfor</c><3>thereasonwhyiammyself</c><1></c>,searchingforthereasonwhyiammyself
5.255,5.656,77,-1,<1></c><2>searchingforthe</c><3>reasonwhyiammyself</c><1></c>,searchingforthereasonwhyiammyself
5.656,5.823,77,-1,<1></c><2>searchingfortherea</c><3>sonwhyiammyself</c><1></c>,searchingforthereasonwhyiammyself
5.823,6.223,77,-1,<1></c><2>searchingforthereason</c><3>whyiammyself</c><1></c>,searchingforthereasonwhyiammyself
6.223,6.757,77,-1,<1></c><2>searchingforthereasonwhy</c><3>iammyself</c><1></c>,searchingforthereasonwhyiammyself
6.757,7.124,77,-1,<1></c><2>searchingforthereasonwhyi</c><3>ammyself</c><1></c>,searchingforthereasonwhyiammyself
7.124,7.324,77,-1,<1></c><2>searchingforthereasonwhyiam</c><3>myself</c><1></c>,searchingforthereasonwhyiammyself
7.324,7.524,77,-1,<1></c><2>searchingforthereasonwhyiammy</c><3>self</c><1></c>,searchingforthereasonwhyiammyself
7.524,9.259,77,-1,<1></c><2>searchingforthereasonwhyiammyself</c><1></c>,searchingforthereasonwhyiammyself
9.86,10.327,88,-1,<1></c><2>with</c><3>fearandwithjoyi’veneverfeltbefore</c><1></c>,withfearandwithjoyi’veneverfeltbefore
10.327,10.694,88,-1,<1></c><2>withfear</c><3>andwithjoyi’veneverfeltbefore</c><1></c>,withfearandwithjoyi’veneverfeltbefore
10.694,11.228,88,-1,<1></c><2>withfearand</c><3>withjoyi’veneverfeltbefore</c><1></c>,withfearandwithjoyi’veneverfeltbefore
11.228,11.595,88,-1,<1></c><2>withfearandwith</c><3>joyi’veneverfeltbefore</c><1></c>,withfearandwithjoyi’veneverfeltbefore
11.595,11.795,88,-1,<1></c><2>withfearandwithjoy</c><3>i’veneverfeltbefore</c><1></c>,withfearandwithjoyi’veneverfeltbefore
11.795,11.996,88,-1,<1></c><2>withfearandwithjoyi’ve</c><3>neverfeltbefore</c><1></c>,withfearandwithjoyi’veneverfeltbefore
11.996,12.529,88,-1,<1></c><2>withfearandwithjoyi’venev</c><3>erfeltbefore</c><1></c>,withfearandwithjoyi’veneverfeltbefore
12.529,12.896,88,-1,<1></c><2>withfearandwithjoyi’venever</c><3>feltbefore</c><1></c>,withfearandwithjoyi’veneverfeltbefore
12.896,13.297,88,-1,<1></c><2>withfearandwithjoyi’veneverfelt</c><3>before</c><1></c>,withfearandwithjoyi’veneverfeltbefore
13.297,13.464,88,-1,<1></c><2>withfearandwithjoyi’veneverfeltbe</c><3>fore</c><1></c>,withfearandwithjoyi’veneverfeltbefore
13.464,14.965,88,-1,<1></c><2>withfearandwithjoyi’veneverfeltbefore</c><1></c>,withfearandwithjoyi’veneverfeltbefore
14.965,15.165,59,-1,<1></c><2>i\'ll</c><3>singouttowardsthesky</c><1></c>,i\'llsingouttowardsthesky
15.165,15.432,59,-1,<1></c><2>i\'llsing</c><3>outtowardsthesky</c><1></c>,i\'llsingouttowardsthesky
15.432,15.699,59,-1,<1></c><2>i\'llsingout</c><3>towardsthesky</c><1></c>,i\'llsingouttowardsthesky
15.699,15.899,59,-1,<1></c><2>i\'llsingoutto</c><3>wardsthesky</c><1></c>,i\'llsingouttowardsthesky
15.899,16.166,59,-1,<1></c><2>i\'llsingouttowards</c><3>thesky</c><1></c>,i\'llsingouttowardsthesky
16.166,16.433,59,-1,<1></c><2>i\'llsingouttowardsthe</c><3>sky</c><1></c>,i\'llsingouttowardsthesky
16.433,19.436,59,-1,<1></c><2>i\'llsingouttowardsthesky</c><1></c>,i\'llsingouttowardsthesky
16.467,20.938,-1,7,<1></c><2>irys-seetheworld</c><1></c>,irys-seetheworld
16.467,17.935,-1,85,<1></c><2>作詞：hotaru（tawara）</c><1></c>,作詞：hotaru（tawara）
17.935,19.436,-1,85,<1></c><2>作曲：酒井拓也、河合泰志（arterefact）</c><1></c>,作曲：酒井拓也、河合泰志（arterefact）
19.436,20.938,-1,85,<1></c><2>編曲：酒井拓也、河合泰志（arterefact）</c><1></c>,編曲：酒井拓也、河合泰志（arterefact）
22.006,22.172,-1,-1,<1></c><2>夜</c><3>明けの紫に自分を重ねて</c><1></c>,夜明けの紫に自分を重ねて
22.006,22.172,-1,0,<1></c><2>よ</c><3>あけのむらさきにじぶんをかさねて</c><1></c>,よあけのむらさきにじぶんをかさねて
22.172,22.373,-1,-1,<1></c><2>夜明</c><3>けの紫に自分を重ねて</c><1></c>,夜明けの紫に自分を重ねて
22.172,22.373,-1,0,<1></c><2>よあ</c><3>けのむらさきにじぶんをかさねて</c><1></c>,よあけのむらさきにじぶんをかさねて
22.373,23.14,-1,-1,<1></c><2>夜明け</c><3>の紫に自分を重ねて</c><1></c>,夜明けの紫に自分を重ねて
22.373,23.14,-1,0,<1></c><2>よあけ</c><3>のむらさきにじぶんをかさねて</c><1></c>,よあけのむらさきにじぶんをかさねて
23.14,23.34,-1,-1,<1></c><2>夜明けの</c><3>紫に自分を重ねて</c><1></c>,夜明けの紫に自分を重ねて
23.14,23.34,-1,0,<1></c><2>よあけの</c><3>むらさきにじぶんをかさねて</c><1></c>,よあけのむらさきにじぶんをかさねて
23.34,23.907,-1,-1,<1></c><2>夜明けの紫</c><3>に自分を重ねて</c><1></c>,夜明けの紫に自分を重ねて
23.34,23.907,-1,0,<1></c><2>よあけのむ</c><3>らさきにじぶんをかさねて</c><1></c>,よあけのむらさきにじぶんをかさねて
23.907,24.074,-1,-1,<1></c><2>夜明けの紫</c><3>に自分を重ねて</c><1></c>,夜明けの紫に自分を重ねて
23.907,24.074,-1,0,<1></c><2>よあけのむら</c><3>さきにじぶんをかさねて</c><1></c>,よあけのむらさきにじぶんをかさねて
24.074,24.441,-1,-1,<1></c><2>夜明けの紫</c><3>に自分を重ねて</c><1></c>,夜明けの紫に自分を重ねて
24.074,24.441,-1,0,<1></c><2>よあけのむらさ</c><3>きにじぶんをかさねて</c><1></c>,よあけのむらさきにじぶんをかさねて
24.441,24.641,-1,-1,<1></c><2>夜明けの紫</c><3>に自分を重ねて</c><1></c>,夜明けの紫に自分を重ねて
24.441,24.641,-1,0,<1></c><2>よあけのむらさき</c><3>にじぶんをかさねて</c><1></c>,よあけのむらさきにじぶんをかさねて
24.641,25.342,-1,-1,<1></c><2>夜明けの紫に</c><3>自分を重ねて</c><1></c>,夜明けの紫に自分を重ねて
24.641,25.342,-1,0,<1></c><2>よあけのむらさきに</c><3>じぶんをかさねて</c><1></c>,よあけのむらさきにじぶんをかさねて
25.342,25.576,-1,-1,<1></c><2>夜明けの紫に自</c><3>分を重ねて</c><1></c>,夜明けの紫に自分を重ねて
25.342,25.576,-1,0,<1></c><2>よあけのむらさきにじ</c><3>ぶんをかさねて</c><1></c>,よあけのむらさきにじぶんをかさねて
25.576,26.143,-1,-1,<1></c><2>夜明けの紫に自分</c><3>を重ねて</c><1></c>,夜明けの紫に自分を重ねて
25.576,26.143,-1,0,<1></c><2>よあけのむらさきにじぶ</c><3>んをかさねて</c><1></c>,よあけのむらさきにじぶんをかさねて
26.143,26.31,-1,-1,<1></c><2>夜明けの紫に自分</c><3>を重ねて</c><1></c>,夜明けの紫に自分を重ねて
26.143,26.31,-1,0,<1></c><2>よあけのむらさきにじぶん</c><3>をかさねて</c><1></c>,よあけのむらさきにじぶんをかさねて
26.31,26.877,-1,-1,<1></c><2>夜明けの紫に自分を</c><3>重ねて</c><1></c>,夜明けの紫に自分を重ねて
26.31,26.877,-1,0,<1></c><2>よあけのむらさきにじぶんを</c><3>かさねて</c><1></c>,よあけのむらさきにじぶんをかさねて
26.877,27.077,-1,-1,<1></c><2>夜明けの紫に自分を重</c><3>ねて</c><1></c>,夜明けの紫に自分を重ねて
26.877,27.077,-1,0,<1></c><2>よあけのむらさきにじぶんをか</c><3>さねて</c><1></c>,よあけのむらさきにじぶんをかさねて
27.077,27.444,-1,-1,<1></c><2>夜明けの紫に自分を重</c><3>ねて</c><1></c>,夜明けの紫に自分を重ねて
27.077,27.444,-1,0,<1></c><2>よあけのむらさきにじぶんをかさ</c><3>ねて</c><1></c>,よあけのむらさきにじぶんをかさねて
27.444,27.644,-1,-1,<1></c><2>夜明けの紫に自分を重ね</c><3>て</c><1></c>,夜明けの紫に自分を重ねて
27.444,27.644,-1,0,<1></c><2>よあけのむらさきにじぶんをかさね</c><3>て</c><1></c>,よあけのむらさきにじぶんをかさねて
27.644,28.345,-1,-1,<1></c><2>夜明けの紫に自分を重ねて</c><1></c>,夜明けの紫に自分を重ねて
27.644,28.345,-1,0,<1></c><2>よあけのむらさきにじぶんをかさねて</c><1></c>,よあけのむらさきにじぶんをかさねて
28.345,28.579,-1,-1,<1></c><2>期</c><3>待と不安を交互に踏む</c><1></c>,期待と不安を交互に踏む
28.345,28.579,-1,0,<1></c><2>き</c><3>たいとふあんをこうごにふむ</c><1></c>,きたいとふあんをこうごにふむ
28.579,29.113,-1,-1,<1></c><2>期待</c><3>と不安を交互に踏む</c><1></c>,期待と不安を交互に踏む
28.579,29.113,-1,0,<1></c><2>きた</c><3>いとふあんをこうごにふむ</c><1></c>,きたいとふあんをこうごにふむ
29.113,29.313,-1,-1,<1></c><2>期待</c><3>と不安を交互に踏む</c><1></c>,期待と不安を交互に踏む
29.113,29.313,-1,0,<1></c><2>きたい</c><3>とふあんをこうごにふむ</c><1></c>,きたいとふあんをこうごにふむ
29.313,29.847,-1,-1,<1></c><2>期待と</c><3>不安を交互に踏む</c><1></c>,期待と不安を交互に踏む
29.313,29.847,-1,0,<1></c><2>きたいと</c><3>ふあんをこうごにふむ</c><1></c>,きたいとふあんをこうごにふむ
29.847,30.047,-1,-1,<1></c><2>期待と不</c><3>安を交互に踏む</c><1></c>,期待と不安を交互に踏む
29.847,30.047,-1,0,<1></c><2>きたいとふ</c><3>あんをこうごにふむ</c><1></c>,きたいとふあんをこうごにふむ
30.047,30.614,-1,-1,<1></c><2>期待と不安</c><3>を交互に踏む</c><1></c>,期待と不安を交互に踏む
30.047,30.614,-1,0,<1></c><2>きたいとふあ</c><3>んをこうごにふむ</c><1></c>,きたいとふあんをこうごにふむ
30.614,30.781,-1,-1,<1></c><2>期待と不安</c><3>を交互に踏む</c><1></c>,期待と不安を交互に踏む
30.614,30.781,-1,0,<1></c><2>きたいとふあん</c><3>をこうごにふむ</c><1></c>,きたいとふあんをこうごにふむ
30.781,31.348,-1,-1,<1></c><2>期待と不安を</c><3>交互に踏む</c><1></c>,期待と不安を交互に踏む
30.781,31.348,-1,0,<1></c><2>きたいとふあんを</c><3>こうごにふむ</c><1></c>,きたいとふあんをこうごにふむ
31.348,31.548,-1,-1,<1></c><2>期待と不安を交</c><3>互に踏む</c><1></c>,期待と不安を交互に踏む
31.348,31.548,-1,0,<1></c><2>きたいとふあんをこ</c><3>うごにふむ</c><1></c>,きたいとふあんをこうごにふむ
31.548,31.915,-1,-1,<1></c><2>期待と不安を交</c><3>互に踏む</c><1></c>,期待と不安を交互に踏む
31.548,31.915,-1,0,<1></c><2>きたいとふあんをこう</c><3>ごにふむ</c><1></c>,きたいとふあんをこうごにふむ
31.915,32.082,-1,-1,<1></c><2>期待と不安を交互</c><3>に踏む</c><1></c>,期待と不安を交互に踏む
31.915,32.082,-1,0,<1></c><2>きたいとふあんをこうご</c><3>にふむ</c><1></c>,きたいとふあんをこうごにふむ
32.082,32.416,-1,-1,<1></c><2>期待と不安を交互に</c><3>踏む</c><1></c>,期待と不安を交互に踏む
32.082,32.416,-1,0,<1></c><2>きたいとふあんをこうごに</c><3>ふむ</c><1></c>,きたいとふあんをこうごにふむ
32.416,32.85,-1,-1,<1></c><2>期待と不安を交互に踏</c><3>む</c><1></c>,期待と不安を交互に踏む
32.416,32.85,-1,0,<1></c><2>きたいとふあんをこうごにふ</c><3>む</c><1></c>,きたいとふあんをこうごにふむ
32.85,33.217,-1,-1,<1></c><2>期待と不安を交互に踏む</c><1></c>,期待と不安を交互に踏む
32.85,33.217,-1,0,<1></c><2>きたいとふあんをこうごにふむ</c><1></c>,きたいとふあんをこうごにふむ
33.984,34.184,-1,-1,<1></c><2>二</c><3>つの感情で一つの世界を</c><1></c>,二つの感情で一つの世界を
33.984,34.184,-1,0,<1></c><2>ふ</c><3>たつのかんじょうでひとつのせかいを</c><1></c>,ふたつのかんじょうでひとつのせかいを
34.184,34.351,-1,-1,<1></c><2>二</c><3>つの感情で一つの世界を</c><1></c>,二つの感情で一つの世界を
34.184,34.351,-1,0,<1></c><2>ふた</c><3>つのかんじょうでひとつのせかいを</c><1></c>,ふたつのかんじょうでひとつのせかいを
34.351,35.052,-1,-1,<1></c><2>二つ</c><3>の感情で一つの世界を</c><1></c>,二つの感情で一つの世界を
34.351,35.052,-1,0,<1></c><2>ふたつ</c><3>のかんじょうでひとつのせかいを</c><1></c>,ふたつのかんじょうでひとつのせかいを
35.052,35.285,-1,-1,<1></c><2>二つの</c><3>感情で一つの世界を</c><1></c>,二つの感情で一つの世界を
35.052,35.285,-1,0,<1></c><2>ふたつの</c><3>かんじょうでひとつのせかいを</c><1></c>,ふたつのかんじょうでひとつのせかいを
35.285,35.853,-1,-1,<1></c><2>二つの感</c><3>情で一つの世界を</c><1></c>,二つの感情で一つの世界を
35.285,35.853,-1,0,<1></c><2>ふたつのか</c><3>んじょうでひとつのせかいを</c><1></c>,ふたつのかんじょうでひとつのせかいを
35.853,36.02,-1,-1,<1></c><2>二つの感</c><3>情で一つの世界を</c><1></c>,二つの感情で一つの世界を
35.853,36.02,-1,0,<1></c><2>ふたつのかん</c><3>じょうでひとつのせかいを</c><1></c>,ふたつのかんじょうでひとつのせかいを
36.02,36.42,-1,-1,<1></c><2>二つの感情</c><3>で一つの世界を</c><1></c>,二つの感情で一つの世界を
36.02,36.42,-1,0,<1></c><2>ふたつのかんじょ</c><3>うでひとつのせかいを</c><1></c>,ふたつのかんじょうでひとつのせかいを
36.42,36.62,-1,-1,<1></c><2>二つの感情</c><3>で一つの世界を</c><1></c>,二つの感情で一つの世界を
36.42,36.62,-1,0,<1></c><2>ふたつのかんじょう</c><3>でひとつのせかいを</c><1></c>,ふたつのかんじょうでひとつのせかいを
36.62,37.321,-1,-1,<1></c><2>二つの感情で</c><3>一つの世界を</c><1></c>,二つの感情で一つの世界を
36.62,37.321,-1,0,<1></c><2>ふたつのかんじょうで</c><3>ひとつのせかいを</c><1></c>,ふたつのかんじょうでひとつのせかいを
37.321,37.521,-1,-1,<1></c><2>二つの感情で一</c><3>つの世界を</c><1></c>,二つの感情で一つの世界を
37.321,37.521,-1,0,<1></c><2>ふたつのかんじょうでひ</c><3>とつのせかいを</c><1></c>,ふたつのかんじょうでひとつのせかいを
37.521,38.088,-1,-1,<1></c><2>二つの感情で一</c><3>つの世界を</c><1></c>,二つの感情で一つの世界を
37.521,38.088,-1,0,<1></c><2>ふたつのかんじょうでひと</c><3>つのせかいを</c><1></c>,ふたつのかんじょうでひとつのせかいを
38.088,38.255,-1,-1,<1></c><2>二つの感情で一つ</c><3>の世界を</c><1></c>,二つの感情で一つの世界を
38.088,38.255,-1,0,<1></c><2>ふたつのかんじょうでひとつ</c><3>のせかいを</c><1></c>,ふたつのかんじょうでひとつのせかいを
38.255,38.822,-1,-1,<1></c><2>二つの感情で一つの</c><3>世界を</c><1></c>,二つの感情で一つの世界を
38.255,38.822,-1,0,<1></c><2>ふたつのかんじょうでひとつの</c><3>せかいを</c><1></c>,ふたつのかんじょうでひとつのせかいを
38.822,39.023,-1,-1,<1></c><2>二つの感情で一つの世</c><3>界を</c><1></c>,二つの感情で一つの世界を
38.822,39.023,-1,0,<1></c><2>ふたつのかんじょうでひとつのせ</c><3>かいを</c><1></c>,ふたつのかんじょうでひとつのせかいを
39.023,39.39,-1,-1,<1></c><2>二つの感情で一つの世界</c><3>を</c><1></c>,二つの感情で一つの世界を
39.023,39.39,-1,0,<1></c><2>ふたつのかんじょうでひとつのせか</c><3>いを</c><1></c>,ふたつのかんじょうでひとつのせかいを
39.39,39.59,-1,-1,<1></c><2>二つの感情で一つの世界</c><3>を</c><1></c>,二つの感情で一つの世界を
39.39,39.59,-1,0,<1></c><2>ふたつのかんじょうでひとつのせかい</c><3>を</c><1></c>,ふたつのかんじょうでひとつのせかいを
39.59,40.324,-1,-1,<1></c><2>二つの感情で一つの世界を</c><1></c>,二つの感情で一つの世界を
39.59,40.324,-1,0,<1></c><2>ふたつのかんじょうでひとつのせかいを</c><1></c>,ふたつのかんじょうでひとつのせかいを
40.324,40.424,-1,85,<1></c><2>映</c><3>し出した</c><1></c>,映し出した
40.324,40.424,-1,7,<1></c><2>う</c><3>つしだした</c><1></c>,うつしだした
40.424,40.524,-1,85,<1></c><2>映</c><3>し出した</c><1></c>,映し出した
40.424,40.524,-1,7,<1></c><2>うつ</c><3>しだした</c><1></c>,うつしだした
40.524,40.691,-1,85,<1></c><2>映し</c><3>出した</c><1></c>,映し出した
40.524,40.691,-1,7,<1></c><2>うつし</c><3>だした</c><1></c>,うつしだした
40.691,40.891,-1,85,<1></c><2>映し出</c><3>した</c><1></c>,映し出した
40.691,40.891,-1,7,<1></c><2>うつしだ</c><3>した</c><1></c>,うつしだした
40.891,41.091,-1,85,<1></c><2>映し出し</c><3>た</c><1></c>,映し出した
40.891,41.091,-1,7,<1></c><2>うつしだし</c><3>た</c><1></c>,うつしだした
41.091,41.792,-1,85,<1></c><2>映し出した</c><1></c>,映し出した
41.091,41.792,-1,7,<1></c><2>うつしだした</c><1></c>,うつしだした
41.792,41.892,-1,85,<1></c><2>私</c><3>は今</c><1></c>,私は今
41.792,41.892,-1,7,<1></c><2>わ</c><3>たしはいま</c><1></c>,わたしはいま
41.892,41.992,-1,85,<1></c><2>私</c><3>は今</c><1></c>,私は今
41.892,41.992,-1,7,<1></c><2>わた</c><3>しはいま</c><1></c>,わたしはいま
41.992,42.159,-1,85,<1></c><2>私</c><3>は今</c><1></c>,私は今
41.992,42.159,-1,7,<1></c><2>わたし</c><3>はいま</c><1></c>,わたしはいま
42.159,42.359,-1,85,<1></c><2>私は</c><3>今</c><1></c>,私は今
42.159,42.359,-1,7,<1></c><2>わたしは</c><3>いま</c><1></c>,わたしはいま
42.359,42.726,-1,85,<1></c><2>私は今</c><1></c>,私は今
42.359,42.559,-1,7,<1></c><2>わたしはい</c><3>ま</c><1></c>,わたしはいま
42.559,42.726,-1,7,<1></c><2>わたしはいま</c><1></c>,わたしはいま
42.726,43.027,-1,-1,<1></c><2>誰</c><3>だろう</c><1></c>,誰だろう
42.726,43.027,-1,0,<1></c><2>だ</c><3>れだろう</c><1></c>,だれだろう
43.027,43.293,-1,-1,<1></c><2>誰</c><3>だろう</c><1></c>,誰だろう
43.027,43.293,-1,0,<1></c><2>だれ</c><3>だろう</c><1></c>,だれだろう
43.293,43.494,-1,-1,<1></c><2>誰だ</c><3>ろう</c><1></c>,誰だろう
43.293,43.494,-1,0,<1></c><2>だれだ</c><3>ろう</c><1></c>,だれだろう
43.494,43.694,-1,-1,<1></c><2>誰だろ</c><3>う</c><1></c>,誰だろう
43.494,43.694,-1,0,<1></c><2>だれだろ</c><3>う</c><1></c>,だれだろう
43.694,45.262,-1,-1,<1></c><2>誰だろう</c><1></c>,誰だろう
43.694,45.262,-1,0,<1></c><2>だれだろう</c><1></c>,だれだろう
46.263,46.43,63,-1,<1></c><2>i</c><3>couldbekindorcoldhearted</c><1></c>,icouldbekindorcoldhearted
46.43,47.031,63,-1,<1></c><2>icould</c><3>bekindorcoldhearted</c><1></c>,icouldbekindorcoldhearted
47.031,47.231,63,-1,<1></c><2>icouldbe</c><3>kindorcoldhearted</c><1></c>,icouldbekindorcoldhearted
47.231,47.765,63,-1,<1></c><2>icouldbekind</c><3>orcoldhearted</c><1></c>,icouldbekindorcoldhearted
47.765,47.965,63,-1,<1></c><2>icouldbekindor</c><3>coldhearted</c><1></c>,icouldbekindorcoldhearted
47.965,48.399,63,-1,<1></c><2>icouldbekindorcold</c><3>hearted</c><1></c>,icouldbekindorcoldhearted
48.399,48.532,63,-1,<1></c><2>icouldbekindorcoldheart</c><3>ed</c><1></c>,icouldbekindorcoldhearted
48.532,49.266,63,-1,<1></c><2>icouldbekindorcoldhearted</c><1></c>,icouldbekindorcoldhearted
49.266,49.433,72,-1,<1></c><2>but</c><3>idon’tknowwhichchoicetomake</c><1></c>,butidon’tknowwhichchoicetomake
49.433,50.0,72,-1,<1></c><2>buti</c><3>don’tknowwhichchoicetomake</c><1></c>,butidon’tknowwhichchoicetomake
50.0,50.2,72,-1,<1></c><2>butidon’t</c><3>knowwhichchoicetomake</c><1></c>,butidon’tknowwhichchoicetomake
50.2,50.734,72,-1,<1></c><2>butidon’tknow</c><3>whichchoicetomake</c><1></c>,butidon’tknowwhichchoicetomake
50.734,50.934,72,-1,<1></c><2>butidon’tknowwhich</c><3>choicetomake</c><1></c>,butidon’tknowwhichchoicetomake
50.934,51.301,72,-1,<1></c><2>butidon’tknowwhichchoice</c><3>tomake</c><1></c>,butidon’tknowwhichchoicetomake
51.301,51.502,72,-1,<1></c><2>butidon’tknowwhichchoiceto</c><3>make</c><1></c>,butidon’tknowwhichchoicetomake
51.502,52.036,72,-1,<1></c><2>butidon’tknowwhichchoicetomake</c><1></c>,butidon’tknowwhichchoicetomake
52.036,52.236,69,-1,<1></c><2>i</c><3>knowmyheartiswishingforhope</c><1></c>,iknowmyheartiswishingforhope
52.236,52.97,69,-1,<1></c><2>iknow</c><3>myheartiswishingforhope</c><1></c>,iknowmyheartiswishingforhope
52.97,53.17,69,-1,<1></c><2>iknowmy</c><3>heartiswishingforhope</c><1></c>,iknowmyheartiswishingforhope
53.17,53.737,69,-1,<1></c><2>iknowmyheart</c><3>iswishingforhope</c><1></c>,iknowmyheartiswishingforhope
53.737,53.904,69,-1,<1></c><2>iknowmyheartis</c><3>wishingforhope</c><1></c>,iknowmyheartiswishingforhope
53.904,54.271,69,-1,<1></c><2>iknowmyheartiswish</c><3>ingforhope</c><1></c>,iknowmyheartiswishingforhope
54.271,54.471,69,-1,<1></c><2>iknowmyheartiswishing</c><3>forhope</c><1></c>,iknowmyheartiswishingforhope
54.471,54.838,69,-1,<1></c><2>iknowmyheartiswishingfor</c><3>hope</c><1></c>,iknowmyheartiswishingforhope
54.838,55.205,69,-1,<1></c><2>iknowmyheartiswishingforhope</c><1></c>,iknowmyheartiswishingforhope
55.205,55.372,-1,-1,<1></c><2>さ</c><3>あまぶしい未来の方へと</c><1></c>,さあまぶしい未来の方へと
55.205,55.372,-1,0,<1></c><2>さ</c><3>あまぶしいみらいのほうへと</c><1></c>,さあまぶしいみらいのほうへと
55.372,56.14,-1,-1,<1></c><2>さあ</c><3>まぶしい未来の方へと</c><1></c>,さあまぶしい未来の方へと
55.372,56.14,-1,0,<1></c><2>さあ</c><3>まぶしいみらいのほうへと</c><1></c>,さあまぶしいみらいのほうへと
56.14,56.34,-1,-1,<1></c><2>さあま</c><3>ぶしい未来の方へと</c><1></c>,さあまぶしい未来の方へと
56.14,56.34,-1,0,<1></c><2>さあま</c><3>ぶしいみらいのほうへと</c><1></c>,さあまぶしいみらいのほうへと
56.34,56.507,-1,-1,<1></c><2>さあまぶ</c><3>しい未来の方へと</c><1></c>,さあまぶしい未来の方へと
56.34,56.507,-1,0,<1></c><2>さあまぶ</c><3>しいみらいのほうへと</c><1></c>,さあまぶしいみらいのほうへと
56.507,56.707,-1,-1,<1></c><2>さあまぶし</c><3>い未来の方へと</c><1></c>,さあまぶしい未来の方へと
56.507,56.707,-1,0,<1></c><2>さあまぶし</c><3>いみらいのほうへと</c><1></c>,さあまぶしいみらいのほうへと
56.707,57.241,-1,-1,<1></c><2>さあまぶしい</c><3>未来の方へと</c><1></c>,さあまぶしい未来の方へと
56.707,57.241,-1,0,<1></c><2>さあまぶしい</c><3>みらいのほうへと</c><1></c>,さあまぶしいみらいのほうへと
57.241,57.441,-1,-1,<1></c><2>さあまぶしい未</c><3>来の方へと</c><1></c>,さあまぶしい未来の方へと
57.241,57.441,-1,0,<1></c><2>さあまぶしいみ</c><3>らいのほうへと</c><1></c>,さあまぶしいみらいのほうへと
57.441,57.808,-1,-1,<1></c><2>さあまぶしい未来</c><3>の方へと</c><1></c>,さあまぶしい未来の方へと
57.441,57.808,-1,0,<1></c><2>さあまぶしいみら</c><3>いのほうへと</c><1></c>,さあまぶしいみらいのほうへと
57.808,57.975,-1,-1,<1></c><2>さあまぶしい未来</c><3>の方へと</c><1></c>,さあまぶしい未来の方へと
57.808,57.975,-1,0,<1></c><2>さあまぶしいみらい</c><3>のほうへと</c><1></c>,さあまぶしいみらいのほうへと
57.975,58.175,-1,-1,<1></c><2>さあまぶしい未来の</c><3>方へと</c><1></c>,さあまぶしい未来の方へと
57.975,58.175,-1,0,<1></c><2>さあまぶしいみらいの</c><3>ほうへと</c><1></c>,さあまぶしいみらいのほうへと
58.175,58.375,-1,-1,<1></c><2>さあまぶしい未来の方</c><3>へと</c><1></c>,さあまぶしい未来の方へと
58.175,58.375,-1,0,<1></c><2>さあまぶしいみらいのほ</c><3>うへと</c><1></c>,さあまぶしいみらいのほうへと
58.375,59.643,-1,-1,<1></c><2>さあまぶしい未来の方</c><3>へと</c><1></c>,さあまぶしい未来の方へと
58.375,59.643,-1,0,<1></c><2>さあまぶしいみらいのほう</c><3>へと</c><1></c>,さあまぶしいみらいのほうへと
59.643,59.843,-1,-1,<1></c><2>さあまぶしい未来の方へ</c><3>と</c><1></c>,さあまぶしい未来の方へと
59.643,59.843,-1,0,<1></c><2>さあまぶしいみらいのほうへ</c><3>と</c><1></c>,さあまぶしいみらいのほうへと
59.843,61.078,-1,-1,<1></c><2>さあまぶしい未来の方へと</c><1></c>,さあまぶしい未来の方へと
59.843,61.078,-1,0,<1></c><2>さあまぶしいみらいのほうへと</c><1></c>,さあまぶしいみらいのほうへと
61.745,62.146,-1,-1,<1></c><2>let’s</c><3>seetheworld</c><1></c>,let’sseetheworld
62.146,62.513,-1,-1,<1></c><2>let’ssee</c><3>theworld</c><1></c>,let’sseetheworld
62.513,62.88,-1,-1,<1></c><2>let’sseethe</c><3>world</c><1></c>,let’sseetheworld
62.88,63.447,-1,-1,<1></c><2>let’sseetheworld</c><1></c>,let’sseetheworld
63.447,63.814,77,-1,<1></c><2>search</c><3>ingforthereasonwhyiammyself</c><1></c>,searchingforthereasonwhyiammyself
63.814,64.214,77,-1,<1></c><2>searching</c><3>forthereasonwhyiammyself</c><1></c>,searchingforthereasonwhyiammyself
64.214,64.915,77,-1,<1></c><2>searchingfor</c><3>thereasonwhyiammyself</c><1></c>,searchingforthereasonwhyiammyself
64.915,65.282,77,-1,<1></c><2>searchingforthe</c><3>reasonwhyiammyself</c><1></c>,searchingforthereasonwhyiammyself
65.282,65.482,77,-1,<1></c><2>searchingfortherea</c><3>sonwhyiammyself</c><1></c>,searchingforthereasonwhyiammyself
65.482,65.849,77,-1,<1></c><2>searchingforthereason</c><3>whyiammyself</c><1></c>,searchingforthereasonwhyiammyself
65.849,66.417,77,-1,<1></c><2>searchingforthereasonwhy</c><3>iammyself</c><1></c>,searchingforthereasonwhyiammyself
66.417,66.784,77,-1,<1></c><2>searchingforthereasonwhyi</c><3>ammyself</c><1></c>,searchingforthereasonwhyiammyself
66.784,66.984,77,-1,<1></c><2>searchingforthereasonwhyiam</c><3>myself</c><1></c>,searchingforthereasonwhyiammyself
66.984,67.184,77,-1,<1></c><2>searchingforthereasonwhyiammy</c><3>self</c><1></c>,searchingforthereasonwhyiammyself
67.184,68.085,77,-1,<1></c><2>searchingforthereasonwhyiammyself</c><1></c>,searchingforthereasonwhyiammyself
68.085,68.452,88,-1,<1></c><2>with</c><3>fearandwithjoyi’veneverfeltbefore</c><1></c>,withfearandwithjoyi’veneverfeltbefore
68.452,68.819,88,-1,<1></c><2>withfear</c><3>andwithjoyi’veneverfeltbefore</c><1></c>,withfearandwithjoyi’veneverfeltbefore
68.819,69.386,88,-1,<1></c><2>withfearand</c><3>withjoyi’veneverfeltbefore</c><1></c>,withfearandwithjoyi’veneverfeltbefore
69.386,69.753,88,-1,<1></c><2>withfearandwith</c><3>joyi’veneverfeltbefore</c><1></c>,withfearandwithjoyi’veneverfeltbefore
69.753,69.953,88,-1,<1></c><2>withfearandwithjoy</c><3>i’veneverfeltbefore</c><1></c>,withfearandwithjoyi’veneverfeltbefore
69.953,70.12,88,-1,<1></c><2>withfearandwithjoyi’ve</c><3>neverfeltbefore</c><1></c>,withfearandwithjoyi’veneverfeltbefore
70.12,70.687,88,-1,<1></c><2>withfearandwithjoyi’venev</c><3>erfeltbefore</c><1></c>,withfearandwithjoyi’veneverfeltbefore
70.687,71.055,88,-1,<1></c><2>withfearandwithjoyi’venever</c><3>feltbefore</c><1></c>,withfearandwithjoyi’veneverfeltbefore
71.055,71.422,88,-1,<1></c><2>withfearandwithjoyi’veneverfelt</c><3>before</c><1></c>,withfearandwithjoyi’veneverfeltbefore
71.422,71.655,88,-1,<1></c><2>withfearandwithjoyi’veneverfeltbe</c><3>fore</c><1></c>,withfearandwithjoyi’veneverfeltbefore
71.655,72.356,88,-1,<1></c><2>withfearandwithjoyi’veneverfeltbefore</c><1></c>,withfearandwithjoyi’veneverfeltbefore
72.356,72.556,-1,-1,<1></c><2>i</c><3>willstarttowalk</c><1></c>,iwillstarttowalk
72.556,72.756,-1,-1,<1></c><2>iwill</c><3>starttowalk</c><1></c>,iwillstarttowalk
72.756,72.923,-1,-1,<1></c><2>iwillstart</c><3>towalk</c><1></c>,iwillstarttowalk
72.923,73.123,-1,-1,<1></c><2>iwillstartto</c><3>walk</c><1></c>,iwillstarttowalk
73.123,73.857,-1,-1,<1></c><2>iwillstarttowalk</c><1></c>,iwillstarttowalk
73.857,74.024,59,-1,<1></c><2>how</c><3>manythingswillilearn?</c><1></c>,howmanythingswillilearn?
74.024,74.458,59,-1,<1></c><2>howman</c><3>ythingswillilearn?</c><1></c>,howmanythingswillilearn?
74.458,74.625,59,-1,<1></c><2>howmany</c><3>thingswillilearn?</c><1></c>,howmanythingswillilearn?
74.625,75.359,59,-1,<1></c><2>howmanythings</c><3>willilearn?</c><1></c>,howmanythingswillilearn?
75.359,75.692,59,-1,<1></c><2>howmanythingswill</c><3>ilearn?</c><1></c>,howmanythingswillilearn?
75.692,76.093,59,-1,<1></c><2>howmanythingswilli</c><3>learn?</c><1></c>,howmanythingswillilearn?
76.093,76.827,59,-1,<1></c><2>howmanythingswillilearn?</c><1></c>,howmanythingswillilearn?
76.827,77.194,67,-1,<1></c><2>how</c><3>manytimeswillisaygoodbye?</c><1></c>,howmanytimeswillisaygoodbye?
77.194,77.394,67,-1,<1></c><2>howman</c><3>ytimeswillisaygoodbye?</c><1></c>,howmanytimeswillisaygoodbye?
77.394,77.761,67,-1,<1></c><2>howmany</c><3>timeswillisaygoodbye?</c><1></c>,howmanytimeswillisaygoodbye?
77.761,78.095,67,-1,<1></c><2>howmanytimes</c><3>willisaygoodbye?</c><1></c>,howmanytimeswillisaygoodbye?
78.095,78.328,67,-1,<1></c><2>howmanytimeswill</c><3>isaygoodbye?</c><1></c>,howmanytimeswillisaygoodbye?
78.328,78.695,67,-1,<1></c><2>howmanytimeswilli</c><3>saygoodbye?</c><1></c>,howmanytimeswillisaygoodbye?
78.695,78.896,67,-1,<1></c><2>howmanytimeswillisay</c><3>goodbye?</c><1></c>,howmanytimeswillisaygoodbye?
78.896,79.063,67,-1,<1></c><2>howmanytimeswillisaygood</c><3>bye?</c><1></c>,howmanytimeswillisaygoodbye?
79.063,79.797,67,-1,<1></c><2>howmanytimeswillisaygoodbye?</c><1></c>,howmanytimeswillisaygoodbye?
79.797,79.997,69,-1,<1></c><2>o</c><3>vertheyearsohwhatwillawait?</c><1></c>,overtheyearsohwhatwillawait?
79.997,80.364,69,-1,<1></c><2>over</c><3>theyearsohwhatwillawait?</c><1></c>,overtheyearsohwhatwillawait?
80.364,80.531,69,-1,<1></c><2>overthe</c><3>yearsohwhatwillawait?</c><1></c>,overtheyearsohwhatwillawait?
80.531,81.298,69,-1,<1></c><2>overtheyears</c><3>ohwhatwillawait?</c><1></c>,overtheyearsohwhatwillawait?
81.298,81.465,69,-1,<1></c><2>overtheyearsoh</c><3>whatwillawait?</c><1></c>,overtheyearsohwhatwillawait?
81.465,81.665,69,-1,<1></c><2>overtheyearsohwhat</c><3>willawait?</c><1></c>,overtheyearsohwhatwillawait?
81.665,81.832,69,-1,<1></c><2>overtheyearsohwhatwill</c><3>await?</c><1></c>,overtheyearsohwhatwillawait?
81.832,82.032,69,-1,<1></c><2>overtheyearsohwhatwilla</c><3>wait?</c><1></c>,overtheyearsohwhatwillawait?
82.032,82.8,69,-1,<1></c><2>overtheyearsohwhatwillawait?</c><1></c>,overtheyearsohwhatwillawait?
82.8,82.966,-1,-1,<1></c><2>i</c><3>cannotforesee</c><1></c>,icannotforesee
82.966,83.167,-1,-1,<1></c><2>ican</c><3>notforesee</c><1></c>,icannotforesee
83.167,83.367,-1,-1,<1></c><2>icannot</c><3>foresee</c><1></c>,icannotforesee
83.367,83.567,-1,-1,<1></c><2>icannotfore</c><3>see</c><1></c>,icannotforesee
83.567,85.569,-1,-1,<1></c><2>icannotforesee</c><1></c>,icannotforesee
85.569,85.769,84,-1,<1></c><2>i</c><3>prayitwillbeahopethatisneverfading</c><1></c>,iprayitwillbeahopethatisneverfading
85.769,86.136,84,-1,<1></c><2>ipray</c><3>itwillbeahopethatisneverfading</c><1></c>,iprayitwillbeahopethatisneverfading
86.136,86.336,84,-1,<1></c><2>iprayit</c><3>willbeahopethatisneverfading</c><1></c>,iprayitwillbeahopethatisneverfading
86.336,86.537,84,-1,<1></c><2>iprayitwill</c><3>beahopethatisneverfading</c><1></c>,iprayitwillbeahopethatisneverfading
86.537,87.938,84,-1,<1></c><2>iprayitwillbe</c><3>ahopethatisneverfading</c><1></c>,iprayitwillbeahopethatisneverfading
87.938,88.205,84,-1,<1></c><2>iprayitwillbea</c><3>hopethatisneverfading</c><1></c>,iprayitwillbeahopethatisneverfading
88.205,88.505,84,-1,<1></c><2>iprayitwillbeahope</c><3>thatisneverfading</c><1></c>,iprayitwillbeahopethatisneverfading
88.505,88.772,84,-1,<1></c><2>iprayitwillbeahopethat</c><3>isneverfading</c><1></c>,iprayitwillbeahopethatisneverfading
88.772,88.972,84,-1,<1></c><2>iprayitwillbeahopethatis</c><3>neverfading</c><1></c>,iprayitwillbeahopethatisneverfading
88.972,89.239,84,-1,<1></c><2>iprayitwillbeahopethatisnev</c><3>erfading</c><1></c>,iprayitwillbeahopethatisneverfading
89.239,89.506,84,-1,<1></c><2>iprayitwillbeahopethatisnever</c><3>fading</c><1></c>,iprayitwillbeahopethatisneverfading
89.506,90.074,84,-1,<1></c><2>iprayitwillbeahopethatisneverfad</c><3>ing</c><1></c>,iprayitwillbeahopethatisneverfading
90.074,92.242,84,-1,<1></c><2>iprayitwillbeahopethatisneverfading</c><1></c>,iprayitwillbeahopethatisneverfading
94.745,94.945,-1,-1,<1></c><2>but</c><3>whatismytruehope?</c><1></c>,butwhatismytruehope?
94.945,95.245,-1,-1,<1></c><2>butwhat</c><3>ismytruehope?</c><1></c>,butwhatismytruehope?
95.245,95.546,-1,-1,<1></c><2>butwhatis</c><3>mytruehope?</c><1></c>,butwhatismytruehope?
95.546,97.714,-1,-1,<1></c><2>butwhatismy</c><3>truehope?</c><1></c>,butwhatismytruehope?
97.714,98.515,-1,-1,<1></c><2>butwhatismytrue</c><3>hope?</c><1></c>,butwhatismytruehope?
98.515,100.117,-1,-1,<1></c><2>butwhatismytruehope?</c><1></c>,butwhatismytruehope?
102.352,103.12,-1,85,<1></c><2>過</c><3>ぎゆく　すべてに意味があるなら…</c><1></c>,過ぎゆく　すべてに意味があるなら…
102.352,103.12,-1,7,<1></c><2>す</c><3>ぎゆくすべてにいみがあるなら…</c><1></c>,すぎゆくすべてにいみがあるなら…
103.12,103.854,-1,85,<1></c><2>過ぎ</c><3>ゆく　すべてに意味があるなら…</c><1></c>,過ぎゆく　すべてに意味があるなら…
103.12,103.854,-1,7,<1></c><2>すぎ</c><3>ゆくすべてにいみがあるなら…</c><1></c>,すぎゆくすべてにいみがあるなら…
103.854,104.588,-1,85,<1></c><2>過ぎゆ</c><3>く　すべてに意味があるなら…</c><1></c>,過ぎゆく　すべてに意味があるなら…
103.854,104.588,-1,7,<1></c><2>すぎゆ</c><3>くすべてにいみがあるなら…</c><1></c>,すぎゆくすべてにいみがあるなら…
104.588,107.558,-1,85,<1></c><2>過ぎゆく　</c><3>すべてに意味があるなら…</c><1></c>,過ぎゆく　すべてに意味があるなら…
104.588,107.558,-1,7,<1></c><2>すぎゆく</c><3>すべてにいみがあるなら…</c><1></c>,すぎゆくすべてにいみがあるなら…
107.558,108.158,-1,85,<1></c><2>過ぎゆく　す</c><3>べてに意味があるなら…</c><1></c>,過ぎゆく　すべてに意味があるなら…
107.558,108.158,-1,7,<1></c><2>すぎゆくす</c><3>べてにいみがあるなら…</c><1></c>,すぎゆくすべてにいみがあるなら…
108.158,108.325,-1,85,<1></c><2>過ぎゆく　すべ</c><3>てに意味があるなら…</c><1></c>,過ぎゆく　すべてに意味があるなら…
108.158,108.325,-1,7,<1></c><2>すぎゆくすべ</c><3>てにいみがあるなら…</c><1></c>,すぎゆくすべてにいみがあるなら…
108.325,108.892,-1,85,<1></c><2>過ぎゆく　すべて</c><3>に意味があるなら…</c><1></c>,過ぎゆく　すべてに意味があるなら…
108.325,108.892,-1,7,<1></c><2>すぎゆくすべて</c><3>にいみがあるなら…</c><1></c>,すぎゆくすべてにいみがあるなら…
108.892,109.093,-1,85,<1></c><2>過ぎゆく　すべてに</c><3>意味があるなら…</c><1></c>,過ぎゆく　すべてに意味があるなら…
108.892,109.093,-1,7,<1></c><2>すぎゆくすべてに</c><3>いみがあるなら…</c><1></c>,すぎゆくすべてにいみがあるなら…
109.093,109.626,-1,85,<1></c><2>過ぎゆく　すべてに意</c><3>味があるなら…</c><1></c>,過ぎゆく　すべてに意味があるなら…
109.093,109.626,-1,7,<1></c><2>すぎゆくすべてにい</c><3>みがあるなら…</c><1></c>,すぎゆくすべてにいみがあるなら…
109.626,109.827,-1,85,<1></c><2>過ぎゆく　すべてに意味</c><3>があるなら…</c><1></c>,過ぎゆく　すべてに意味があるなら…
109.626,109.827,-1,7,<1></c><2>すぎゆくすべてにいみ</c><3>があるなら…</c><1></c>,すぎゆくすべてにいみがあるなら…
109.827,110.394,-1,85,<1></c><2>過ぎゆく　すべてに意味が</c><3>あるなら…</c><1></c>,過ぎゆく　すべてに意味があるなら…
109.827,110.394,-1,7,<1></c><2>すぎゆくすべてにいみが</c><3>あるなら…</c><1></c>,すぎゆくすべてにいみがあるなら…
110.394,110.561,-1,85,<1></c><2>過ぎゆく　すべてに意味があ</c><3>るなら…</c><1></c>,過ぎゆく　すべてに意味があるなら…
110.394,110.561,-1,7,<1></c><2>すぎゆくすべてにいみがあ</c><3>るなら…</c><1></c>,すぎゆくすべてにいみがあるなら…
110.561,110.928,-1,85,<1></c><2>過ぎゆく　すべてに意味がある</c><3>なら…</c><1></c>,過ぎゆく　すべてに意味があるなら…
110.561,110.928,-1,7,<1></c><2>すぎゆくすべてにいみがある</c><3>なら…</c><1></c>,すぎゆくすべてにいみがあるなら…
110.928,111.161,-1,85,<1></c><2>過ぎゆく　すべてに意味があるな</c><3>ら…</c><1></c>,過ぎゆく　すべてに意味があるなら…
110.928,111.161,-1,7,<1></c><2>すぎゆくすべてにいみがあるな</c><3>ら…</c><1></c>,すぎゆくすべてにいみがあるなら…
111.161,112.229,-1,85,<1></c><2>過ぎゆく　すべてに意味があるなら…</c><1></c>,過ぎゆく　すべてに意味があるなら…
111.161,112.229,-1,7,<1></c><2>すぎゆくすべてにいみがあるなら…</c><1></c>,すぎゆくすべてにいみがあるなら…
112.963,113.163,-1,-1,<1></c><2>い</c><3>くつもの正義が一つの世界に</c><1></c>,いくつもの正義が一つの世界に
112.963,113.163,-1,0,<1></c><2>い</c><3>くつものせいぎがひとつのせかいに</c><1></c>,いくつものせいぎがひとつのせかいに
113.163,113.33,-1,-1,<1></c><2>いく</c><3>つもの正義が一つの世界に</c><1></c>,いくつもの正義が一つの世界に
113.163,113.33,-1,0,<1></c><2>いく</c><3>つものせいぎがひとつのせかいに</c><1></c>,いくつものせいぎがひとつのせかいに
113.33,114.064,-1,-1,<1></c><2>いくつ</c><3>もの正義が一つの世界に</c><1></c>,いくつもの正義が一つの世界に
113.33,114.064,-1,0,<1></c><2>いくつ</c><3>ものせいぎがひとつのせかいに</c><1></c>,いくつものせいぎがひとつのせかいに
114.064,114.264,-1,-1,<1></c><2>いくつも</c><3>の正義が一つの世界に</c><1></c>,いくつもの正義が一つの世界に
114.064,114.264,-1,0,<1></c><2>いくつも</c><3>のせいぎがひとつのせかいに</c><1></c>,いくつものせいぎがひとつのせかいに
114.264,114.832,-1,-1,<1></c><2>いくつもの</c><3>正義が一つの世界に</c><1></c>,いくつもの正義が一つの世界に
114.264,114.832,-1,0,<1></c><2>いくつもの</c><3>せいぎがひとつのせかいに</c><1></c>,いくつものせいぎがひとつのせかいに
114.832,115.199,-1,-1,<1></c><2>いくつもの正</c><3>義が一つの世界に</c><1></c>,いくつもの正義が一つの世界に
114.832,115.199,-1,0,<1></c><2>いくつものせ</c><3>いぎがひとつのせかいに</c><1></c>,いくつものせいぎがひとつのせかいに
115.199,115.399,-1,-1,<1></c><2>いくつもの正</c><3>義が一つの世界に</c><1></c>,いくつもの正義が一つの世界に
115.199,115.399,-1,0,<1></c><2>いくつものせい</c><3>ぎがひとつのせかいに</c><1></c>,いくつものせいぎがひとつのせかいに
115.399,115.599,-1,-1,<1></c><2>いくつもの正義</c><3>が一つの世界に</c><1></c>,いくつもの正義が一つの世界に
115.399,115.599,-1,0,<1></c><2>いくつものせいぎ</c><3>がひとつのせかいに</c><1></c>,いくつものせいぎがひとつのせかいに
115.599,116.333,-1,-1,<1></c><2>いくつもの正義が</c><3>一つの世界に</c><1></c>,いくつもの正義が一つの世界に
115.599,116.333,-1,0,<1></c><2>いくつものせいぎが</c><3>ひとつのせかいに</c><1></c>,いくつものせいぎがひとつのせかいに
116.333,116.5,-1,-1,<1></c><2>いくつもの正義が一</c><3>つの世界に</c><1></c>,いくつもの正義が一つの世界に
116.333,116.5,-1,0,<1></c><2>いくつものせいぎがひ</c><3>とつのせかいに</c><1></c>,いくつものせいぎがひとつのせかいに
116.5,117.067,-1,-1,<1></c><2>いくつもの正義が一</c><3>つの世界に</c><1></c>,いくつもの正義が一つの世界に
116.5,117.067,-1,0,<1></c><2>いくつものせいぎがひと</c><3>つのせかいに</c><1></c>,いくつものせいぎがひとつのせかいに
117.067,117.267,-1,-1,<1></c><2>いくつもの正義が一つ</c><3>の世界に</c><1></c>,いくつもの正義が一つの世界に
117.067,117.267,-1,0,<1></c><2>いくつものせいぎがひとつ</c><3>のせかいに</c><1></c>,いくつものせいぎがひとつのせかいに
117.267,117.801,-1,-1,<1></c><2>いくつもの正義が一つの</c><3>世界に</c><1></c>,いくつもの正義が一つの世界に
117.267,117.801,-1,0,<1></c><2>いくつものせいぎがひとつの</c><3>せかいに</c><1></c>,いくつものせいぎがひとつのせかいに
117.801,118.001,-1,-1,<1></c><2>いくつもの正義が一つの世</c><3>界に</c><1></c>,いくつもの正義が一つの世界に
117.801,118.001,-1,0,<1></c><2>いくつものせいぎがひとつのせ</c><3>かいに</c><1></c>,いくつものせいぎがひとつのせかいに
118.001,118.368,-1,-1,<1></c><2>いくつもの正義が一つの世界</c><3>に</c><1></c>,いくつもの正義が一つの世界に
118.001,118.368,-1,0,<1></c><2>いくつものせいぎがひとつのせか</c><3>いに</c><1></c>,いくつものせいぎがひとつのせかいに
118.368,118.569,-1,-1,<1></c><2>いくつもの正義が一つの世界</c><3>に</c><1></c>,いくつもの正義が一つの世界に
118.368,118.569,-1,0,<1></c><2>いくつものせいぎがひとつのせかい</c><3>に</c><1></c>,いくつものせいぎがひとつのせかいに
118.569,119.303,-1,-1,<1></c><2>いくつもの正義が一つの世界に</c><1></c>,いくつもの正義が一つの世界に
118.569,119.303,-1,0,<1></c><2>いくつものせいぎがひとつのせかいに</c><1></c>,いくつものせいぎがひとつのせかいに
119.303,119.403,-1,85,<1></c><2>あ</c><3>るのならば</c><1></c>,あるのならば
119.303,119.403,-1,7,<1></c><2>あ</c><3>るのならば</c><1></c>,あるのならば
119.403,119.503,-1,85,<1></c><2>ある</c><3>のならば</c><1></c>,あるのならば
119.403,119.503,-1,7,<1></c><2>ある</c><3>のならば</c><1></c>,あるのならば
119.503,119.67,-1,85,<1></c><2>あるの</c><3>ならば</c><1></c>,あるのならば
119.503,119.67,-1,7,<1></c><2>あるの</c><3>ならば</c><1></c>,あるのならば
119.67,119.87,-1,85,<1></c><2>あるのな</c><3>らば</c><1></c>,あるのならば
119.67,119.87,-1,7,<1></c><2>あるのな</c><3>らば</c><1></c>,あるのならば
119.87,120.07,-1,85,<1></c><2>あるのなら</c><3>ば</c><1></c>,あるのならば
119.87,120.07,-1,7,<1></c><2>あるのなら</c><3>ば</c><1></c>,あるのならば
120.07,120.804,-1,85,<1></c><2>あるのならば</c><1></c>,あるのならば
120.07,120.804,-1,7,<1></c><2>あるのならば</c><1></c>,あるのならば
120.804,120.904,-1,85,<1></c><2>い</c><3>ったい何を</c><1></c>,いったい何を
120.804,120.904,-1,7,<1></c><2>い</c><3>ったいなにを</c><1></c>,いったいなにを
120.904,121.004,-1,85,<1></c><2>いっ</c><3>たい何を</c><1></c>,いったい何を
120.904,121.004,-1,7,<1></c><2>いっ</c><3>たいなにを</c><1></c>,いったいなにを
121.004,121.071,-1,85,<1></c><2>いった</c><3>い何を</c><1></c>,いったい何を
121.004,121.071,-1,7,<1></c><2>いった</c><3>いなにを</c><1></c>,いったいなにを
121.071,121.171,-1,85,<1></c><2>いったい</c><3>何を</c><1></c>,いったい何を
121.071,121.171,-1,7,<1></c><2>いったい</c><3>なにを</c><1></c>,いったいなにを
121.171,121.371,-1,85,<1></c><2>いったい何</c><3>を</c><1></c>,いったい何を
121.171,121.371,-1,7,<1></c><2>いったいな</c><3>にを</c><1></c>,いったいなにを
121.371,121.538,-1,85,<1></c><2>いったい何</c><3>を</c><1></c>,いったい何を
121.371,121.538,-1,7,<1></c><2>いったいなに</c><3>を</c><1></c>,いったいなにを
121.538,121.738,-1,85,<1></c><2>いったい何を</c><1></c>,いったい何を
121.538,121.738,-1,7,<1></c><2>いったいなにを</c><1></c>,いったいなにを
121.738,122.039,-1,-1,<1></c><2>選</c><3>べよう</c><1></c>,選べよう
121.738,122.039,-1,0,<1></c><2>え</c><3>らべよう</c><1></c>,えらべよう
122.039,122.306,-1,-1,<1></c><2>選</c><3>べよう</c><1></c>,選べよう
122.039,122.306,-1,0,<1></c><2>えら</c><3>べよう</c><1></c>,えらべよう
122.306,122.473,-1,-1,<1></c><2>選べ</c><3>よう</c><1></c>,選べよう
122.306,122.473,-1,0,<1></c><2>えらべ</c><3>よう</c><1></c>,えらべよう
122.473,122.673,-1,-1,<1></c><2>選べよ</c><3>う</c><1></c>,選べよう
122.473,122.673,-1,0,<1></c><2>えらべよ</c><3>う</c><1></c>,えらべよう
122.673,124.074,-1,-1,<1></c><2>選べよう</c><1></c>,選べよう
122.673,124.074,-1,0,<1></c><2>えらべよう</c><1></c>,えらべよう
125.275,125.442,63,-1,<1></c><2>i</c><3>couldbekindorcoldhearted</c><1></c>,icouldbekindorcoldhearted
125.442,126.009,63,-1,<1></c><2>icould</c><3>bekindorcoldhearted</c><1></c>,icouldbekindorcoldhearted
126.009,126.21,63,-1,<1></c><2>icouldbe</c><3>kindorcoldhearted</c><1></c>,icouldbekindorcoldhearted
126.21,126.777,63,-1,<1></c><2>icouldbekind</c><3>orcoldhearted</c><1></c>,icouldbekindorcoldhearted
126.777,126.977,63,-1,<1></c><2>icouldbekindor</c><3>coldhearted</c><1></c>,icouldbekindorcoldhearted
126.977,127.277,63,-1,<1></c><2>icouldbekindorcold</c><3>hearted</c><1></c>,icouldbekindorcoldhearted
127.277,127.511,63,-1,<1></c><2>icouldbekindorcoldheart</c><3>ed</c><1></c>,icouldbekindorcoldhearted
127.511,128.245,63,-1,<1></c><2>icouldbekindorcoldhearted</c><1></c>,icouldbekindorcoldhearted
128.245,128.445,67,-1,<1></c><2>but</c><3>canichoosetherightanswer?</c><1></c>,butcanichoosetherightanswer?
128.445,129.012,67,-1,<1></c><2>butcan</c><3>ichoosetherightanswer?</c><1></c>,butcanichoosetherightanswer?
129.012,129.213,67,-1,<1></c><2>butcani</c><3>choosetherightanswer?</c><1></c>,butcanichoosetherightanswer?
129.213,129.746,67,-1,<1></c><2>butcanichoose</c><3>therightanswer?</c><1></c>,butcanichoosetherightanswer?
129.746,129.947,67,-1,<1></c><2>butcanichoosethe</c><3>rightanswer?</c><1></c>,butcanichoosetherightanswer?
129.947,130.147,67,-1,<1></c><2>butcanichoosetheright</c><3>answer?</c><1></c>,butcanichoosetherightanswer?
130.147,130.481,67,-1,<1></c><2>butcanichoosetherightan</c><3>swer?</c><1></c>,butcanichoosetherightanswer?
130.481,131.048,67,-1,<1></c><2>butcanichoosetherightanswer?</c><1></c>,butcanichoosetherightanswer?
131.048,131.248,69,-1,<1></c><2>i</c><3>knowmyheartiswishingforhope</c><1></c>,iknowmyheartiswishingforhope
131.248,131.982,69,-1,<1></c><2>iknow</c><3>myheartiswishingforhope</c><1></c>,iknowmyheartiswishingforhope
131.982,132.182,69,-1,<1></c><2>iknowmy</c><3>heartiswishingforhope</c><1></c>,iknowmyheartiswishingforhope
132.182,132.749,69,-1,<1></c><2>iknowmyheart</c><3>iswishingforhope</c><1></c>,iknowmyheartiswishingforhope
132.749,132.916,69,-1,<1></c><2>iknowmyheartis</c><3>wishingforhope</c><1></c>,iknowmyheartiswishingforhope
132.916,133.283,69,-1,<1></c><2>iknowmyheartiswish</c><3>ingforhope</c><1></c>,iknowmyheartiswishingforhope
133.283,133.484,69,-1,<1></c><2>iknowmyheartiswishing</c><3>forhope</c><1></c>,iknowmyheartiswishingforhope
133.484,133.851,69,-1,<1></c><2>iknowmyheartiswishingfor</c><3>hope</c><1></c>,iknowmyheartiswishingforhope
133.851,134.251,69,-1,<1></c><2>iknowmyheartiswishingforhope</c><1></c>,iknowmyheartiswishingforhope
134.251,134.418,-1,-1,<1></c><2>こ</c><3>の世界が求めるものはなに？</c><1></c>,この世界が求めるものはなに？
134.251,134.418,-1,0,<1></c><2>こ</c><3>のせかいがもとめるものはなに？</c><1></c>,このせかいがもとめるものはなに？
134.418,135.152,-1,-1,<1></c><2>この</c><3>世界が求めるものはなに？</c><1></c>,この世界が求めるものはなに？
134.418,135.152,-1,0,<1></c><2>この</c><3>せかいがもとめるものはなに？</c><1></c>,このせかいがもとめるものはなに？
135.152,135.352,-1,-1,<1></c><2>この世</c><3>界が求めるものはなに？</c><1></c>,この世界が求めるものはなに？
135.152,135.352,-1,0,<1></c><2>このせ</c><3>かいがもとめるものはなに？</c><1></c>,このせかいがもとめるものはなに？
135.352,135.519,-1,-1,<1></c><2>この世界</c><3>が求めるものはなに？</c><1></c>,この世界が求めるものはなに？
135.352,135.519,-1,0,<1></c><2>このせか</c><3>いがもとめるものはなに？</c><1></c>,このせかいがもとめるものはなに？
135.519,135.719,-1,-1,<1></c><2>この世界</c><3>が求めるものはなに？</c><1></c>,この世界が求めるものはなに？
135.519,135.719,-1,0,<1></c><2>このせかい</c><3>がもとめるものはなに？</c><1></c>,このせかいがもとめるものはなに？
135.719,136.253,-1,-1,<1></c><2>この世界が</c><3>求めるものはなに？</c><1></c>,この世界が求めるものはなに？
135.719,136.253,-1,0,<1></c><2>このせかいが</c><3>もとめるものはなに？</c><1></c>,このせかいがもとめるものはなに？
136.253,136.487,-1,-1,<1></c><2>この世界が求</c><3>めるものはなに？</c><1></c>,この世界が求めるものはなに？
136.253,136.487,-1,0,<1></c><2>このせかいがも</c><3>とめるものはなに？</c><1></c>,このせかいがもとめるものはなに？
136.487,136.82,-1,-1,<1></c><2>この世界が求</c><3>めるものはなに？</c><1></c>,この世界が求めるものはなに？
136.487,136.82,-1,0,<1></c><2>このせかいがもと</c><3>めるものはなに？</c><1></c>,このせかいがもとめるものはなに？
136.82,137.054,-1,-1,<1></c><2>この世界が求め</c><3>るものはなに？</c><1></c>,この世界が求めるものはなに？
136.82,137.054,-1,0,<1></c><2>このせかいがもとめ</c><3>るものはなに？</c><1></c>,このせかいがもとめるものはなに？
137.054,137.221,-1,-1,<1></c><2>この世界が求める</c><3>ものはなに？</c><1></c>,この世界が求めるものはなに？
137.054,137.221,-1,0,<1></c><2>このせかいがもとめる</c><3>ものはなに？</c><1></c>,このせかいがもとめるものはなに？
137.221,137.387,-1,-1,<1></c><2>この世界が求めるも</c><3>のはなに？</c><1></c>,この世界が求めるものはなに？
137.221,137.387,-1,0,<1></c><2>このせかいがもとめるも</c><3>のはなに？</c><1></c>,このせかいがもとめるものはなに？
137.387,139.623,-1,-1,<1></c><2>この世界が求めるもの</c><3>はなに？</c><1></c>,この世界が求めるものはなに？
137.387,139.623,-1,0,<1></c><2>このせかいがもとめるもの</c><3>はなに？</c><1></c>,このせかいがもとめるものはなに？
139.623,140.224,-1,-1,<1></c><2>この世界が求めるものは</c><3>なに？</c><1></c>,この世界が求めるものはなに？
139.623,140.224,-1,0,<1></c><2>このせかいがもとめるものは</c><3>なに？</c><1></c>,このせかいがもとめるものはなに？
140.224,140.39,-1,-1,<1></c><2>この世界が求めるものはな</c><3>に？</c><1></c>,この世界が求めるものはなに？
140.224,140.39,-1,0,<1></c><2>このせかいがもとめるものはな</c><3>に？</c><1></c>,このせかいがもとめるものはなに？
140.39,141.592,-1,-1,<1></c><2>この世界が求めるものはなに？</c><1></c>,この世界が求めるものはなに？
140.39,141.592,-1,0,<1></c><2>このせかいがもとめるものはなに？</c><1></c>,このせかいがもとめるものはなに？
141.592,141.658,-1,-1,<1></c><2>この世界が求めるものはなに？</c><1></c>,この世界が求めるものはなに？
141.592,141.658,-1,0,<1></c><2>このせかいがもとめるものはなに？</c><1></c>,このせかいがもとめるものはなに？
141.658,141.725,-1,-1,<1></c><2>この世界が求めるものはなに？</c><1></c>,この世界が求めるものはなに？
141.658,141.725,-1,0,<1></c><2>このせかいがもとめるものはなに？</c><1></c>,このせかいがもとめるものはなに？
141.725,141.792,-1,-1,<1></c><2>この世界が求めるものはなに？</c><1></c>,この世界が求めるものはなに？
141.725,141.792,-1,0,<1></c><2>このせかいがもとめるものはなに？</c><1></c>,このせかいがもとめるものはなに？
141.792,141.859,-1,-1,<1></c><2>この世界が求めるものはなに？</c><1></c>,この世界が求めるものはなに？
141.792,141.859,-1,0,<1></c><2>このせかいがもとめるものはなに？</c><1></c>,このせかいがもとめるものはなに？
141.859,141.925,-1,-1,<1></c><2>この世界が求めるものはなに？</c><1></c>,この世界が求めるものはなに？
141.859,141.925,-1,0,<1></c><2>このせかいがもとめるものはなに？</c><1></c>,このせかいがもとめるものはなに？
141.925,141.992,-1,-1,<1></c><2>この世界が求めるものはなに？</c><1></c>,この世界が求めるものはなに？
141.925,141.992,-1,0,<1></c><2>このせかいがもとめるものはなに？</c><1></c>,このせかいがもとめるものはなに？
141.992,142.059,-1,-1,<1></c><2>この世界が求めるものはなに？</c><1></c>,この世界が求めるものはなに？
141.992,142.059,-1,0,<1></c><2>このせかいがもとめるものはなに？</c><1></c>,このせかいがもとめるものはなに？
142.059,142.126,-1,-1,<1></c><2>この世界が求めるものはなに？</c><1></c>,この世界が求めるものはなに？
142.059,142.126,-1,0,<1></c><2>このせかいがもとめるものはなに？</c><1></c>,このせかいがもとめるものはなに？
142.126,142.192,-1,-1,<1></c><2>この世界が求めるものはなに？</c><1></c>,この世界が求めるものはなに？
142.126,142.192,-1,0,<1></c><2>このせかいがもとめるものはなに？</c><1></c>,このせかいがもとめるものはなに？
142.192,142.259,-1,-1,<1></c><2>この世界が求めるものはなに？</c><1></c>,この世界が求めるものはなに？
142.192,142.259,-1,0,<1></c><2>このせかいがもとめるものはなに？</c><1></c>,このせかいがもとめるものはなに？
142.259,142.326,-1,-1,<1></c><2>この世界が求めるものはなに？</c><1></c>,この世界が求めるものはなに？
142.259,142.326,-1,0,<1></c><2>このせかいがもとめるものはなに？</c><1></c>,このせかいがもとめるものはなに？
142.326,142.392,-1,-1,<1></c><2>この世界が求めるものはなに？</c><1></c>,この世界が求めるものはなに？
142.326,142.392,-1,0,<1></c><2>このせかいがもとめるものはなに？</c><1></c>,このせかいがもとめるものはなに？
142.392,142.459,-1,-1,<1></c><2>この世界が求めるものはなに？</c><1></c>,この世界が求めるものはなに？
142.392,142.459,-1,0,<1></c><2>このせかいがもとめるものはなに？</c><1></c>,このせかいがもとめるものはなに？
142.459,142.526,-1,-1,<1></c><2>この世界が求めるものはなに？</c><1></c>,この世界が求めるものはなに？
142.459,142.526,-1,0,<1></c><2>このせかいがもとめるものはなに？</c><1></c>,このせかいがもとめるものはなに？
142.526,142.593,-1,-1,<1></c><2>この世界が求めるものはなに？</c><1></c>,この世界が求めるものはなに？
142.526,142.593,-1,0,<1></c><2>このせかいがもとめるものはなに？</c><1></c>,このせかいがもとめるものはなに？
142.593,143.36,-1,-1,<1></c><2>why</c><3>me?</c><1></c>,whyme?
143.36,145.596,-1,-1,<1></c><2>whyme?</c><1></c>,whyme?
144.094,144.661,-1,85,<1></c><2>for</c><3>what?</c><1></c>,forwhat?
144.661,145.596,-1,85,<1></c><2>forwhat?</c><1></c>,forwhat?
145.596,146.13,-1,-1,<1></c><2>who</c><3>ami?</c><1></c>,whoami?
146.13,146.363,-1,-1,<1></c><2>whoam</c><3>i?</c><1></c>,whoami?
146.363,148.565,-1,-1,<1></c><2>whoami?</c><1></c>,whoami?
147.097,147.631,-1,85,<1></c><2>for</c><3>whom?</c><1></c>,forwhom?
147.631,148.565,-1,85,<1></c><2>forwhom?</c><1></c>,forwhom?
148.565,148.832,86,-1,<1></c><2>if</c><3>iwasoneortheotheritwouldbesoeasy</c><1></c>,ifiwasoneortheotheritwouldbesoeasy
148.832,149.099,86,-1,<1></c><2>ifi</c><3>wasoneortheotheritwouldbesoeasy</c><1></c>,ifiwasoneortheotheritwouldbesoeasy
149.099,149.299,86,-1,<1></c><2>ifiwas</c><3>oneortheotheritwouldbesoeasy</c><1></c>,ifiwasoneortheotheritwouldbesoeasy
149.299,150.033,86,-1,<1></c><2>ifiwasone</c><3>ortheotheritwouldbesoeasy</c><1></c>,ifiwasoneortheotheritwouldbesoeasy
150.033,150.4,86,-1,<1></c><2>ifiwasoneor</c><3>theotheritwouldbesoeasy</c><1></c>,ifiwasoneortheotheritwouldbesoeasy
150.4,150.767,86,-1,<1></c><2>ifiwasoneorthe</c><3>otheritwouldbesoeasy</c><1></c>,ifiwasoneortheotheritwouldbesoeasy
150.767,151.201,86,-1,<1></c><2>ifiwasoneortheoth</c><3>eritwouldbesoeasy</c><1></c>,ifiwasoneortheotheritwouldbesoeasy
151.201,151.535,86,-1,<1></c><2>ifiwasoneortheother</c><3>itwouldbesoeasy</c><1></c>,ifiwasoneortheotheritwouldbesoeasy
151.535,151.835,86,-1,<1></c><2>ifiwasoneortheotherit</c><3>wouldbesoeasy</c><1></c>,ifiwasoneortheotheritwouldbesoeasy
151.835,152.069,86,-1,<1></c><2>ifiwasoneortheotheritwould</c><3>besoeasy</c><1></c>,ifiwasoneortheotheritwouldbesoeasy
152.069,152.302,86,-1,<1></c><2>ifiwasoneortheotheritwouldbe</c><3>soeasy</c><1></c>,ifiwasoneortheotheritwouldbesoeasy
152.302,153.604,86,-1,<1></c><2>ifiwasoneortheotheritwouldbeso</c><3>easy</c><1></c>,ifiwasoneortheotheritwouldbesoeasy
153.604,153.804,86,-1,<1></c><2>ifiwasoneortheotheritwouldbesoeas</c><3>y</c><1></c>,ifiwasoneortheotheritwouldbesoeasy
153.804,155.272,86,-1,<1></c><2>ifiwasoneortheotheritwouldbesoeasy</c><1></c>,ifiwasoneortheotheritwouldbesoeasy
155.272,155.572,-1,-1,<1></c><2>can</c><3>ibelievemyself?</c><1></c>,canibelievemyself?
155.572,155.839,-1,-1,<1></c><2>cani</c><3>believemyself?</c><1></c>,canibelievemyself?
155.839,156.006,-1,-1,<1></c><2>canibe</c><3>lievemyself?</c><1></c>,canibelievemyself?
156.006,156.54,-1,-1,<1></c><2>canibelieve</c><3>myself?</c><1></c>,canibelievemyself?
156.54,156.807,-1,-1,<1></c><2>canibelievemy</c><3>self?</c><1></c>,canibelievemyself?
156.807,157.474,-1,-1,<1></c><2>canibelievemyself?</c><1></c>,canibelievemyself?
157.474,157.841,58,-1,<1></c><2>can</c><3>ibelievemytwohearts?</c><1></c>,canibelievemytwohearts?
157.841,158.208,58,-1,<1></c><2>cani</c><3>believemytwohearts?</c><1></c>,canibelievemytwohearts?
158.208,158.442,58,-1,<1></c><2>canibe</c><3>lievemytwohearts?</c><1></c>,canibelievemytwohearts?
158.442,158.976,58,-1,<1></c><2>canibelieve</c><3>mytwohearts?</c><1></c>,canibelievemytwohearts?
158.976,159.309,58,-1,<1></c><2>canibelievemy</c><3>twohearts?</c><1></c>,canibelievemytwohearts?
159.309,159.743,58,-1,<1></c><2>canibelievemytwo</c><3>hearts?</c><1></c>,canibelievemytwohearts?
159.743,160.878,58,-1,<1></c><2>canibelievemytwohearts?</c><1></c>,canibelievemytwohearts?
160.878,161.245,81,-1,<1></c><2>i</c><3>wanttomaketherightchoiceformyself</c><1></c>,iwanttomaketherightchoiceformyself
161.245,161.979,81,-1,<1></c><2>iwant</c><3>tomaketherightchoiceformyself</c><1></c>,iwanttomaketherightchoiceformyself
161.979,162.746,81,-1,<1></c><2>iwantto</c><3>maketherightchoiceformyself</c><1></c>,iwanttomaketherightchoiceformyself
162.746,163.48,81,-1,<1></c><2>iwanttomake</c><3>therightchoiceformyself</c><1></c>,iwanttomaketherightchoiceformyself
163.48,163.78,81,-1,<1></c><2>iwanttomakethe</c><3>rightchoiceformyself</c><1></c>,iwanttomaketherightchoiceformyself
163.78,164.214,81,-1,<1></c><2>iwanttomaketheright</c><3>choiceformyself</c><1></c>,iwanttomaketherightchoiceformyself
164.214,166.483,81,-1,<1></c><2>iwanttomaketherightchoice</c><3>formyself</c><1></c>,iwanttomaketherightchoiceformyself
166.483,166.984,81,-1,<1></c><2>iwanttomaketherightchoicefor</c><3>myself</c><1></c>,iwanttomaketherightchoiceformyself
166.984,167.217,81,-1,<1></c><2>iwanttomaketherightchoiceformy</c><3>self</c><1></c>,iwanttomaketherightchoiceformyself
167.217,167.951,81,-1,<1></c><2>iwanttomaketherightchoiceformyself</c><1></c>,iwanttomaketherightchoiceformyself
167.951,168.519,77,-1,<1></c><2>for</c><3>peopleforthisworldalloflife　</c><1></c>,forpeopleforthisworldalloflife　
168.519,168.685,77,-1,<1></c><2>forpeo</c><3>pleforthisworldalloflife　</c><1></c>,forpeopleforthisworldalloflife　
168.685,169.419,77,-1,<1></c><2>forpeople</c><3>forthisworldalloflife　</c><1></c>,forpeopleforthisworldalloflife　
169.419,169.987,77,-1,<1></c><2>forpeoplefor</c><3>thisworldalloflife　</c><1></c>,forpeopleforthisworldalloflife　
169.987,170.187,77,-1,<1></c><2>forpeopleforthis</c><3>worldalloflife　</c><1></c>,forpeopleforthisworldalloflife　
170.187,170.921,77,-1,<1></c><2>forpeopleforthisworld</c><3>alloflife　</c><1></c>,forpeopleforthisworldalloflife　
170.921,171.488,77,-1,<1></c><2>forpeopleforthisworldall</c><3>oflife　</c><1></c>,forpeopleforthisworldalloflife　
171.488,171.688,77,-1,<1></c><2>forpeopleforthisworldallof</c><3>life　</c><1></c>,forpeopleforthisworldalloflife　
171.688,173.157,77,-1,<1></c><2>forpeopleforthisworldalloflife　</c><1></c>,forpeopleforthisworldalloflife　
173.557,173.924,-1,-1,<1></c><2>let’s</c><3>seetheworld</c><1></c>,let’sseetheworld
173.924,174.291,-1,-1,<1></c><2>let’ssee</c><3>theworld</c><1></c>,let’sseetheworld
174.291,174.658,-1,-1,<1></c><2>let’sseethe</c><3>world</c><1></c>,let’sseetheworld
174.658,175.225,-1,-1,<1></c><2>let’sseetheworld</c><1></c>,let’sseetheworld
175.225,175.592,77,-1,<1></c><2>search</c><3>ingforthereasonwhyiammyself</c><1></c>,searchingforthereasonwhyiammyself
175.592,175.959,77,-1,<1></c><2>searching</c><3>forthereasonwhyiammyself</c><1></c>,searchingforthereasonwhyiammyself
175.959,176.693,77,-1,<1></c><2>searchingfor</c><3>thereasonwhyiammyself</c><1></c>,searchingforthereasonwhyiammyself
176.693,177.06,77,-1,<1></c><2>searchingforthe</c><3>reasonwhyiammyself</c><1></c>,searchingforthereasonwhyiammyself
177.06,177.261,77,-1,<1></c><2>searchingfortherea</c><3>sonwhyiammyself</c><1></c>,searchingforthereasonwhyiammyself
177.261,177.628,77,-1,<1></c><2>searchingforthereason</c><3>whyiammyself</c><1></c>,searchingforthereasonwhyiammyself
177.628,178.195,77,-1,<1></c><2>searchingforthereasonwhy</c><3>iammyself</c><1></c>,searchingforthereasonwhyiammyself
178.195,178.562,77,-1,<1></c><2>searchingforthereasonwhyi</c><3>ammyself</c><1></c>,searchingforthereasonwhyiammyself
178.562,178.762,77,-1,<1></c><2>searchingforthereasonwhyiam</c><3>myself</c><1></c>,searchingforthereasonwhyiammyself
178.762,178.962,77,-1,<1></c><2>searchingforthereasonwhyiammy</c><3>self</c><1></c>,searchingforthereasonwhyiammyself
178.962,179.696,77,-1,<1></c><2>searchingforthereasonwhyiammyself</c><1></c>,searchingforthereasonwhyiammyself
179.696,179.897,-1,-1,<1></c><2>em</c><3>bracingfear</c><1></c>,embracingfear
179.897,180.164,-1,-1,<1></c><2>embrac</c><3>ingfear</c><1></c>,embracingfear
180.164,180.43,-1,-1,<1></c><2>embracing</c><3>fear</c><1></c>,embracingfear
180.43,181.198,-1,-1,<1></c><2>embracingfear</c><1></c>,embracingfear
181.198,181.365,77,-1,<1></c><2>to</c><3>getherwithjoylikei’veneverknown</c><1></c>,togetherwithjoylikei’veneverknown
181.365,181.565,77,-1,<1></c><2>togeth</c><3>erwithjoylikei’veneverknown</c><1></c>,togetherwithjoylikei’veneverknown
181.565,181.765,77,-1,<1></c><2>together</c><3>withjoylikei’veneverknown</c><1></c>,togetherwithjoylikei’veneverknown
181.765,181.965,77,-1,<1></c><2>togetherwith</c><3>joylikei’veneverknown</c><1></c>,togetherwithjoylikei’veneverknown
181.965,182.499,77,-1,<1></c><2>togetherwithjoy</c><3>likei’veneverknown</c><1></c>,togetherwithjoylikei’veneverknown
182.499,182.866,77,-1,<1></c><2>togetherwithjoylike</c><3>i’veneverknown</c><1></c>,togetherwithjoylikei’veneverknown
182.866,183.066,77,-1,<1></c><2>togetherwithjoylikei’ve</c><3>neverknown</c><1></c>,togetherwithjoylikei’veneverknown
183.066,183.233,77,-1,<1></c><2>togetherwithjoylikei’venev</c><3>erknown</c><1></c>,togetherwithjoylikei’veneverknown
183.233,183.433,77,-1,<1></c><2>togetherwithjoylikei’venever</c><3>known</c><1></c>,togetherwithjoylikei’veneverknown
183.433,184.168,77,-1,<1></c><2>togetherwithjoylikei’veneverknown</c><1></c>,togetherwithjoylikei’veneverknown
184.168,184.334,-1,-1,<1></c><2>i</c><3>willcarryon</c><1></c>,iwillcarryon
184.334,184.568,-1,-1,<1></c><2>iwill</c><3>carryon</c><1></c>,iwillcarryon
184.568,184.735,-1,-1,<1></c><2>iwillcar</c><3>ryon</c><1></c>,iwillcarryon
184.735,184.935,-1,-1,<1></c><2>iwillcarry</c><3>on</c><1></c>,iwillcarryon
184.935,185.802,-1,-1,<1></c><2>iwillcarryon</c><1></c>,iwillcarryon
185.802,186.17,-1,-1,<1></c><2>i</c><3>amhopenowi’msure.</c><1></c>,iamhopenowi’msure.
186.17,186.37,-1,-1,<1></c><2>iam</c><3>hopenowi’msure.</c><1></c>,iamhopenowi’msure.
186.37,187.137,-1,-1,<1></c><2>iamhope</c><3>nowi’msure.</c><1></c>,iamhopenowi’msure.
187.137,187.504,-1,-1,<1></c><2>iamhopenow</c><3>i’msure.</c><1></c>,iamhopenowi’msure.
187.504,187.871,-1,-1,<1></c><2>iamhopenowi’m</c><3>sure.</c><1></c>,iamhopenowi’msure.
187.871,188.639,-1,-1,<1></c><2>iamhopenowi’msure.</c><1></c>,iamhopenowi’msure.
188.639,188.805,73,-1,<1></c><2>i’m</c><3>morethanjustanangelorademon</c><1></c>,i’mmorethanjustanangelorademon
188.805,189.206,73,-1,<1></c><2>i’mmore</c><3>thanjustanangelorademon</c><1></c>,i’mmorethanjustanangelorademon
189.206,189.54,73,-1,<1></c><2>i’mmorethan</c><3>justanangelorademon</c><1></c>,i’mmorethanjustanangelorademon
189.54,189.94,73,-1,<1></c><2>i’mmorethanjust</c><3>anangelorademon</c><1></c>,i’mmorethanjustanangelorademon
189.94,190.14,73,-1,<1></c><2>i’mmorethanjustan</c><3>angelorademon</c><1></c>,i’mmorethanjustanangelorademon
190.14,190.507,73,-1,<1></c><2>i’mmorethanjustanan</c><3>gelorademon</c><1></c>,i’mmorethanjustanangelorademon
190.507,190.674,73,-1,<1></c><2>i’mmorethanjustanangel</c><3>orademon</c><1></c>,i’mmorethanjustanangelorademon
190.674,190.774,73,-1,<1></c><2>i’mmorethanjustanangelor</c><3>ademon</c><1></c>,i’mmorethanjustanangelorademon
190.774,190.874,73,-1,<1></c><2>i’mmorethanjustanangelora</c><3>demon</c><1></c>,i’mmorethanjustanangelorademon
190.874,191.275,73,-1,<1></c><2>i’mmorethanjustanangelorade</c><3>mon</c><1></c>,i’mmorethanjustanangelorademon
191.275,191.808,73,-1,<1></c><2>i’mmorethanjustanangelorademon</c><1></c>,i’mmorethanjustanangelorademon
191.808,192.176,86,-1,<1></c><2>i</c><3>wasbornastheonlyhopetosavethisworld</c><1></c>,iwasbornastheonlyhopetosavethisworld
192.176,192.342,86,-1,<1></c><2>iwas</c><3>bornastheonlyhopetosavethisworld</c><1></c>,iwasbornastheonlyhopetosavethisworld
192.342,193.076,86,-1,<1></c><2>iwasborn</c><3>astheonlyhopetosavethisworld</c><1></c>,iwasbornastheonlyhopetosavethisworld
193.076,193.277,86,-1,<1></c><2>iwasbornas</c><3>theonlyhopetosavethisworld</c><1></c>,iwasbornastheonlyhopetosavethisworld
193.277,193.477,86,-1,<1></c><2>iwasbornasthe</c><3>onlyhopetosavethisworld</c><1></c>,iwasbornastheonlyhopetosavethisworld
193.477,193.644,86,-1,<1></c><2>iwasbornastheon</c><3>lyhopetosavethisworld</c><1></c>,iwasbornastheonlyhopetosavethisworld
193.644,193.844,86,-1,<1></c><2>iwasbornastheonly</c><3>hopetosavethisworld</c><1></c>,iwasbornastheonlyhopetosavethisworld
193.844,194.378,86,-1,<1></c><2>iwasbornastheonlyhope</c><3>tosavethisworld</c><1></c>,iwasbornastheonlyhopetosavethisworld
194.378,194.778,86,-1,<1></c><2>iwasbornastheonlyhopeto</c><3>savethisworld</c><1></c>,iwasbornastheonlyhopetosavethisworld
194.778,195.145,86,-1,<1></c><2>iwasbornastheonlyhopetosave</c><3>thisworld</c><1></c>,iwasbornastheonlyhopetosavethisworld
195.145,195.345,86,-1,<1></c><2>iwasbornastheonlyhopetosavethis</c><3>world</c><1></c>,iwasbornastheonlyhopetosavethisworld
195.345,197.381,86,-1,<1></c><2>iwasbornastheonlyhopetosavethisworld</c><1></c>,iwasbornastheonlyhopetosavethisworld
197.381,197.581,-1,-1,<1></c><2>a</c><3>worldsokind</c><1></c>,aworldsokind
197.581,198.115,-1,-1,<1></c><2>aworld</c><3>sokind</c><1></c>,aworldsokind
198.115,198.315,-1,-1,<1></c><2>aworldso</c><3>kind</c><1></c>,aworldsokind
198.315,200.384,-1,-1,<1></c><2>aworldsokind</c><1></c>,aworldsokind
198.882,199.049,-1,85,<1></c><2>but</c><3>sometimescruel</c><1></c>,butsometimescruel
199.049,199.449,-1,85,<1></c><2>butsome</c><3>timescruel</c><1></c>,butsometimescruel
199.449,199.816,-1,85,<1></c><2>butsometimes</c><3>cruel</c><1></c>,butsometimescruel
199.816,200.384,-1,85,<1></c><2>butsometimescruel</c><1></c>,butsometimescruel
200.384,200.551,-1,-1,<1></c><2>a</c><3>worldsoloving</c><1></c>,aworldsoloving
200.551,200.918,-1,-1,<1></c><2>aworld</c><3>soloving</c><1></c>,aworldsoloving
200.918,201.118,-1,-1,<1></c><2>aworldso</c><3>loving</c><1></c>,aworldsoloving
201.118,201.318,-1,-1,<1></c><2>aworldsolov</c><3>ing</c><1></c>,aworldsoloving
201.318,203.353,-1,-1,<1></c><2>aworldsoloving</c><1></c>,aworldsoloving
201.852,202.052,-1,85,<1></c><2>at</c><3>timeslonely</c><1></c>,attimeslonely
202.052,202.419,-1,85,<1></c><2>attimes</c><3>lonely</c><1></c>,attimeslonely
202.419,202.786,-1,85,<1></c><2>attimeslone</c><3>ly</c><1></c>,attimeslonely
202.786,203.353,-1,85,<1></c><2>attimeslonely</c><1></c>,attimeslonely
203.353,203.554,-1,-1,<1></c><2>al</c><3>waysbeautiful</c><1></c>,alwaysbeautiful
203.554,203.921,-1,-1,<1></c><2>always</c><3>beautiful</c><1></c>,alwaysbeautiful
203.921,204.121,-1,-1,<1></c><2>alwaysbeau</c><3>tiful</c><1></c>,alwaysbeautiful
204.121,204.288,-1,-1,<1></c><2>alwaysbeauti</c><3>ful</c><1></c>,alwaysbeautiful
204.288,205.756,-1,-1,<1></c><2>alwaysbeautiful</c><1></c>,alwaysbeautiful
205.756,205.956,61,-1,<1></c><2>and</c><3>iwillnotevergiveitup</c><1></c>,andiwillnotevergiveitup
205.956,206.256,61,-1,<1></c><2>andi</c><3>willnotevergiveitup</c><1></c>,andiwillnotevergiveitup
206.256,206.523,61,-1,<1></c><2>andiwill</c><3>notevergiveitup</c><1></c>,andiwillnotevergiveitup
206.523,206.723,61,-1,<1></c><2>andiwillnot</c><3>evergiveitup</c><1></c>,andiwillnotevergiveitup
206.723,206.99,61,-1,<1></c><2>andiwillnotev</c><3>ergiveitup</c><1></c>,andiwillnotevergiveitup
206.99,207.291,61,-1,<1></c><2>andiwillnotever</c><3>giveitup</c><1></c>,andiwillnotevergiveitup
207.291,208.759,-1,85,<1></c><2>illustration:kurage</c><1></c>,illustration:kurage
207.291,207.624,61,-1,<1></c><2>andiwillnotevergive</c><3>itup</c><1></c>,andiwillnotevergiveitup
207.624,207.824,61,-1,<1></c><2>andiwillnotevergiveit</c><3>up</c><1></c>,andiwillnotevergiveitup
207.824,211.728,61,-1,<1></c><2>andiwillnotevergiveitup</c><1></c>,andiwillnotevergiveitup
208.759,210.26,-1,85,<1></c><2>movie:lumina</c><1></c>,movie:lumina
213.23,216.2,-1,-1,<1></c><2>vocals:irys</c><1></c>,vocals:irys
