start,end,position,line,text,unformatted
5.689,6.39,-1,-1,<1></c><2>(ストレン</c><3>ジ)</c><1></c>,(ストレンジ)
6.39,6.59,-1,-1,<1></c><2>(ストレンジ)</c><1></c>,(ストレンジ)
6.59,19.403,-1,0,<1></c><2>ストレンジ/¿?shimon</c><1></c>,ストレンジ/¿?shimon
6.59,9.893,-1,-1,<1></c><2>originalsong:¿?shimon</c><1></c>,originalsong:¿?shimon
9.893,13.263,-1,-1,<1></c><2>mix:なつめ千秋</c><1></c>,mix:なつめ千秋
13.263,16.5,-1,91,<1></c><2>art:トロ３</c><1></c><2>mv:ねびる</c><1></c>,art:トロ３mv:ねびる
16.5,19.403,-1,-1,<1></c><2>vocals:ハコス・ベールズ</c><1></c>,vocals:ハコス・ベールズ
19.403,19.57,-1,0,<1></c><2>く</c><3>だらないくだらないきれいごとならべた</c><1></c>,くだらないくだらないきれいごとならべた
19.403,19.57,-1,-1,<1></c><2>く</c><3>だらない　くだらない　綺麗事並べた</c><1></c>,くだらない　くだらない　綺麗事並べた
19.57,19.703,-1,0,<1></c><2>くだ</c><3>らないくだらないきれいごとならべた</c><1></c>,くだらないくだらないきれいごとならべた
19.57,19.703,-1,-1,<1></c><2>くだ</c><3>らない　くだらない　綺麗事並べた</c><1></c>,くだらない　くだらない　綺麗事並べた
19.703,19.837,-1,0,<1></c><2>くだら</c><3>ないくだらないきれいごとならべた</c><1></c>,くだらないくだらないきれいごとならべた
19.703,19.837,-1,-1,<1></c><2>くだら</c><3>ない　くだらない　綺麗事並べた</c><1></c>,くだらない　くだらない　綺麗事並べた
19.837,20.037,-1,0,<1></c><2>くだらな</c><3>いくだらないきれいごとならべた</c><1></c>,くだらないくだらないきれいごとならべた
19.837,20.037,-1,-1,<1></c><2>くだらな</c><3>い　くだらない　綺麗事並べた</c><1></c>,くだらない　くだらない　綺麗事並べた
20.037,20.237,-1,0,<1></c><2>くだらない</c><3>くだらないきれいごとならべた</c><1></c>,くだらないくだらないきれいごとならべた
20.037,20.237,-1,-1,<1></c><2>くだらない　</c><3>くだらない　綺麗事並べた</c><1></c>,くだらない　くだらない　綺麗事並べた
20.237,20.371,-1,0,<1></c><2>くだらないく</c><3>だらないきれいごとならべた</c><1></c>,くだらないくだらないきれいごとならべた
20.237,20.371,-1,-1,<1></c><2>くだらない　く</c><3>だらない　綺麗事並べた</c><1></c>,くだらない　くだらない　綺麗事並べた
20.371,20.504,-1,0,<1></c><2>くだらないくだ</c><3>らないきれいごとならべた</c><1></c>,くだらないくだらないきれいごとならべた
20.371,20.504,-1,-1,<1></c><2>くだらない　くだ</c><3>らない　綺麗事並べた</c><1></c>,くだらない　くだらない　綺麗事並べた
20.504,20.671,-1,0,<1></c><2>くだらないくだら</c><3>ないきれいごとならべた</c><1></c>,くだらないくだらないきれいごとならべた
20.504,20.671,-1,-1,<1></c><2>くだらない　くだら</c><3>ない　綺麗事並べた</c><1></c>,くだらない　くだらない　綺麗事並べた
20.671,20.871,-1,0,<1></c><2>くだらないくだらな</c><3>いきれいごとならべた</c><1></c>,くだらないくだらないきれいごとならべた
20.671,20.871,-1,-1,<1></c><2>くだらない　くだらな</c><3>い　綺麗事並べた</c><1></c>,くだらない　くだらない　綺麗事並べた
20.871,21.071,-1,0,<1></c><2>くだらないくだらない</c><3>きれいごとならべた</c><1></c>,くだらないくだらないきれいごとならべた
20.871,21.071,-1,-1,<1></c><2>くだらない　くだらない　</c><3>綺麗事並べた</c><1></c>,くだらない　くだらない　綺麗事並べた
21.071,21.205,-1,0,<1></c><2>くだらないくだらないき</c><3>れいごとならべた</c><1></c>,くだらないくだらないきれいごとならべた
21.071,21.205,-1,-1,<1></c><2>くだらない　くだらない　綺</c><3>麗事並べた</c><1></c>,くだらない　くだらない　綺麗事並べた
21.205,21.338,-1,0,<1></c><2>くだらないくだらないきれ</c><3>いごとならべた</c><1></c>,くだらないくだらないきれいごとならべた
21.205,21.338,-1,-1,<1></c><2>くだらない　くだらない　綺麗</c><3>事並べた</c><1></c>,くだらない　くだらない　綺麗事並べた
21.338,21.472,-1,0,<1></c><2>くだらないくだらないきれい</c><3>ごとならべた</c><1></c>,くだらないくだらないきれいごとならべた
21.338,21.472,-1,-1,<1></c><2>くだらない　くだらない　綺麗</c><3>事並べた</c><1></c>,くだらない　くだらない　綺麗事並べた
21.472,21.739,-1,0,<1></c><2>くだらないくだらないきれいご</c><3>とならべた</c><1></c>,くだらないくだらないきれいごとならべた
21.472,21.739,-1,-1,<1></c><2>くだらない　くだらない　綺麗事</c><3>並べた</c><1></c>,くだらない　くだらない　綺麗事並べた
21.739,21.905,-1,0,<1></c><2>くだらないくだらないきれいごと</c><3>ならべた</c><1></c>,くだらないくだらないきれいごとならべた
21.739,21.905,-1,-1,<1></c><2>くだらない　くだらない　綺麗事</c><3>並べた</c><1></c>,くだらない　くだらない　綺麗事並べた
21.905,22.039,-1,0,<1></c><2>くだらないくだらないきれいごとな</c><3>らべた</c><1></c>,くだらないくだらないきれいごとならべた
21.905,22.039,-1,-1,<1></c><2>くだらない　くだらない　綺麗事並</c><3>べた</c><1></c>,くだらない　くだらない　綺麗事並べた
22.039,22.139,-1,0,<1></c><2>くだらないくだらないきれいごとなら</c><3>べた</c><1></c>,くだらないくだらないきれいごとならべた
22.039,22.139,-1,-1,<1></c><2>くだらない　くだらない　綺麗事並</c><3>べた</c><1></c>,くだらない　くだらない　綺麗事並べた
22.139,22.306,-1,0,<1></c><2>くだらないくだらないきれいごとならべ</c><3>た</c><1></c>,くだらないくだらないきれいごとならべた
22.139,22.306,-1,-1,<1></c><2>くだらない　くだらない　綺麗事並べ</c><3>た</c><1></c>,くだらない　くだらない　綺麗事並べた
22.306,22.706,-1,0,<1></c><2>くだらないくだらないきれいごとならべた</c><1></c>,くだらないくだらないきれいごとならべた
22.306,22.706,-1,-1,<1></c><2>くだらない　くだらない　綺麗事並べた</c><1></c>,くだらない　くだらない　綺麗事並べた
22.706,22.84,56,0,<1></c><2>じ</c><3>こぎせいにせいぎなんかあったもんじゃない</c><1></c>,じこぎせいにせいぎなんかあったもんじゃない
22.706,22.84,-1,-1,<1></c><2>自</c><3>己犠牲に正義なんかあったもんじゃない</c><1></c>,自己犠牲に正義なんかあったもんじゃない
22.84,22.973,56,0,<1></c><2>じこ</c><3>ぎせいにせいぎなんかあったもんじゃない</c><1></c>,じこぎせいにせいぎなんかあったもんじゃない
22.84,22.973,-1,-1,<1></c><2>自己</c><3>犠牲に正義なんかあったもんじゃない</c><1></c>,自己犠牲に正義なんかあったもんじゃない
22.973,23.14,56,0,<1></c><2>じこぎ</c><3>せいにせいぎなんかあったもんじゃない</c><1></c>,じこぎせいにせいぎなんかあったもんじゃない
22.973,23.14,-1,-1,<1></c><2>自己犠</c><3>牲に正義なんかあったもんじゃない</c><1></c>,自己犠牲に正義なんかあったもんじゃない
23.14,23.273,56,0,<1></c><2>じこぎせ</c><3>いにせいぎなんかあったもんじゃない</c><1></c>,じこぎせいにせいぎなんかあったもんじゃない
23.14,23.273,-1,-1,<1></c><2>自己犠牲</c><3>に正義なんかあったもんじゃない</c><1></c>,自己犠牲に正義なんかあったもんじゃない
23.273,23.374,56,0,<1></c><2>じこぎせい</c><3>にせいぎなんかあったもんじゃない</c><1></c>,じこぎせいにせいぎなんかあったもんじゃない
23.273,23.374,-1,-1,<1></c><2>自己犠牲</c><3>に正義なんかあったもんじゃない</c><1></c>,自己犠牲に正義なんかあったもんじゃない
23.374,23.574,56,0,<1></c><2>じこぎせいに</c><3>せいぎなんかあったもんじゃない</c><1></c>,じこぎせいにせいぎなんかあったもんじゃない
23.374,23.574,-1,-1,<1></c><2>自己犠牲に</c><3>正義なんかあったもんじゃない</c><1></c>,自己犠牲に正義なんかあったもんじゃない
23.574,23.741,56,0,<1></c><2>じこぎせいにせ</c><3>いぎなんかあったもんじゃない</c><1></c>,じこぎせいにせいぎなんかあったもんじゃない
23.574,23.741,-1,-1,<1></c><2>自己犠牲に正</c><3>義なんかあったもんじゃない</c><1></c>,自己犠牲に正義なんかあったもんじゃない
23.741,23.841,56,0,<1></c><2>じこぎせいにせい</c><3>ぎなんかあったもんじゃない</c><1></c>,じこぎせいにせいぎなんかあったもんじゃない
23.741,23.841,-1,-1,<1></c><2>自己犠牲に正</c><3>義なんかあったもんじゃない</c><1></c>,自己犠牲に正義なんかあったもんじゃない
23.841,23.941,56,0,<1></c><2>じこぎせいにせいぎ</c><3>なんかあったもんじゃない</c><1></c>,じこぎせいにせいぎなんかあったもんじゃない
23.841,23.941,-1,-1,<1></c><2>自己犠牲に正義</c><3>なんかあったもんじゃない</c><1></c>,自己犠牲に正義なんかあったもんじゃない
23.941,24.074,56,0,<1></c><2>じこぎせいにせいぎな</c><3>んかあったもんじゃない</c><1></c>,じこぎせいにせいぎなんかあったもんじゃない
23.941,24.074,-1,-1,<1></c><2>自己犠牲に正義な</c><3>んかあったもんじゃない</c><1></c>,自己犠牲に正義なんかあったもんじゃない
24.074,24.241,56,0,<1></c><2>じこぎせいにせいぎなん</c><3>かあったもんじゃない</c><1></c>,じこぎせいにせいぎなんかあったもんじゃない
24.074,24.241,-1,-1,<1></c><2>自己犠牲に正義なん</c><3>かあったもんじゃない</c><1></c>,自己犠牲に正義なんかあったもんじゃない
24.241,24.375,56,0,<1></c><2>じこぎせいにせいぎなんか</c><3>あったもんじゃない</c><1></c>,じこぎせいにせいぎなんかあったもんじゃない
24.241,24.375,-1,-1,<1></c><2>自己犠牲に正義なんか</c><3>あったもんじゃない</c><1></c>,自己犠牲に正義なんかあったもんじゃない
24.375,24.508,56,0,<1></c><2>じこぎせいにせいぎなんかあ</c><3>ったもんじゃない</c><1></c>,じこぎせいにせいぎなんかあったもんじゃない
24.375,24.508,-1,-1,<1></c><2>自己犠牲に正義なんかあ</c><3>ったもんじゃない</c><1></c>,自己犠牲に正義なんかあったもんじゃない
24.508,24.641,56,0,<1></c><2>じこぎせいにせいぎなんかあっ</c><3>たもんじゃない</c><1></c>,じこぎせいにせいぎなんかあったもんじゃない
24.508,24.641,-1,-1,<1></c><2>自己犠牲に正義なんかあっ</c><3>たもんじゃない</c><1></c>,自己犠牲に正義なんかあったもんじゃない
24.641,24.775,56,0,<1></c><2>じこぎせいにせいぎなんかあった</c><3>もんじゃない</c><1></c>,じこぎせいにせいぎなんかあったもんじゃない
24.641,24.775,-1,-1,<1></c><2>自己犠牲に正義なんかあった</c><3>もんじゃない</c><1></c>,自己犠牲に正義なんかあったもんじゃない
24.775,24.908,56,0,<1></c><2>じこぎせいにせいぎなんかあったも</c><3>んじゃない</c><1></c>,じこぎせいにせいぎなんかあったもんじゃない
24.775,24.908,-1,-1,<1></c><2>自己犠牲に正義なんかあったも</c><3>んじゃない</c><1></c>,自己犠牲に正義なんかあったもんじゃない
24.908,25.042,56,0,<1></c><2>じこぎせいにせいぎなんかあったもん</c><3>じゃない</c><1></c>,じこぎせいにせいぎなんかあったもんじゃない
24.908,25.042,-1,-1,<1></c><2>自己犠牲に正義なんかあったもん</c><3>じゃない</c><1></c>,自己犠牲に正義なんかあったもんじゃない
25.042,25.209,56,0,<1></c><2>じこぎせいにせいぎなんかあったもんじゃ</c><3>ない</c><1></c>,じこぎせいにせいぎなんかあったもんじゃない
25.042,25.209,-1,-1,<1></c><2>自己犠牲に正義なんかあったもんじゃ</c><3>ない</c><1></c>,自己犠牲に正義なんかあったもんじゃない
25.209,25.476,56,0,<1></c><2>じこぎせいにせいぎなんかあったもんじゃな</c><3>い</c><1></c>,じこぎせいにせいぎなんかあったもんじゃない
25.209,25.476,-1,-1,<1></c><2>自己犠牲に正義なんかあったもんじゃな</c><3>い</c><1></c>,自己犠牲に正義なんかあったもんじゃない
25.476,26.043,56,0,<1></c><2>じこぎせいにせいぎなんかあったもんじゃない</c><1></c>,じこぎせいにせいぎなんかあったもんじゃない
25.476,26.043,-1,-1,<1></c><2>自己犠牲に正義なんかあったもんじゃない</c><1></c>,自己犠牲に正義なんかあったもんじゃない
26.043,26.176,-1,0,<1></c><2>つ</c><3>まらないつまらないまいにちがしょうもない</c><1></c>,つまらないつまらないまいにちがしょうもない
26.043,26.176,-1,-1,<1></c><2>つ</c><3>まらない　つまらない　毎日がしょうもない</c><1></c>,つまらない　つまらない　毎日がしょうもない
26.176,26.31,-1,0,<1></c><2>つま</c><3>らないつまらないまいにちがしょうもない</c><1></c>,つまらないつまらないまいにちがしょうもない
26.176,26.31,-1,-1,<1></c><2>つま</c><3>らない　つまらない　毎日がしょうもない</c><1></c>,つまらない　つまらない　毎日がしょうもない
26.31,26.443,-1,0,<1></c><2>つまら</c><3>ないつまらないまいにちがしょうもない</c><1></c>,つまらないつまらないまいにちがしょうもない
26.31,26.443,-1,-1,<1></c><2>つまら</c><3>ない　つまらない　毎日がしょうもない</c><1></c>,つまらない　つまらない　毎日がしょうもない
26.443,26.577,-1,0,<1></c><2>つまらな</c><3>いつまらないまいにちがしょうもない</c><1></c>,つまらないつまらないまいにちがしょうもない
26.443,26.577,-1,-1,<1></c><2>つまらな</c><3>い　つまらない　毎日がしょうもない</c><1></c>,つまらない　つまらない　毎日がしょうもない
26.577,26.81,-1,0,<1></c><2>つまらない</c><3>つまらないまいにちがしょうもない</c><1></c>,つまらないつまらないまいにちがしょうもない
26.577,26.81,-1,-1,<1></c><2>つまらない　</c><3>つまらない　毎日がしょうもない</c><1></c>,つまらない　つまらない　毎日がしょうもない
26.81,27.011,-1,0,<1></c><2>つまらないつ</c><3>まらないまいにちがしょうもない</c><1></c>,つまらないつまらないまいにちがしょうもない
26.81,27.011,-1,-1,<1></c><2>つまらない　つ</c><3>まらない　毎日がしょうもない</c><1></c>,つまらない　つまらない　毎日がしょうもない
27.011,27.144,-1,0,<1></c><2>つまらないつま</c><3>らないまいにちがしょうもない</c><1></c>,つまらないつまらないまいにちがしょうもない
27.011,27.144,-1,-1,<1></c><2>つまらない　つま</c><3>らない　毎日がしょうもない</c><1></c>,つまらない　つまらない　毎日がしょうもない
27.144,27.244,-1,0,<1></c><2>つまらないつまら</c><3>ないまいにちがしょうもない</c><1></c>,つまらないつまらないまいにちがしょうもない
27.144,27.244,-1,-1,<1></c><2>つまらない　つまら</c><3>ない　毎日がしょうもない</c><1></c>,つまらない　つまらない　毎日がしょうもない
27.244,27.378,-1,0,<1></c><2>つまらないつまらな</c><3>いまいにちがしょうもない</c><1></c>,つまらないつまらないまいにちがしょうもない
27.244,27.378,-1,-1,<1></c><2>つまらない　つまらな</c><3>い　毎日がしょうもない</c><1></c>,つまらない　つまらない　毎日がしょうもない
27.378,27.678,-1,0,<1></c><2>つまらないつまらない</c><3>まいにちがしょうもない</c><1></c>,つまらないつまらないまいにちがしょうもない
27.378,27.678,-1,-1,<1></c><2>つまらない　つまらない　</c><3>毎日がしょうもない</c><1></c>,つまらない　つまらない　毎日がしょうもない
27.678,27.878,-1,0,<1></c><2>つまらないつまらないま</c><3>いにちがしょうもない</c><1></c>,つまらないつまらないまいにちがしょうもない
27.678,27.878,-1,-1,<1></c><2>つまらない　つまらない　毎</c><3>日がしょうもない</c><1></c>,つまらない　つまらない　毎日がしょうもない
27.878,27.978,-1,0,<1></c><2>つまらないつまらないまい</c><3>にちがしょうもない</c><1></c>,つまらないつまらないまいにちがしょうもない
27.878,27.978,-1,-1,<1></c><2>つまらない　つまらない　毎</c><3>日がしょうもない</c><1></c>,つまらない　つまらない　毎日がしょうもない
27.978,28.078,-1,0,<1></c><2>つまらないつまらないまいに</c><3>ちがしょうもない</c><1></c>,つまらないつまらないまいにちがしょうもない
27.978,28.078,-1,-1,<1></c><2>つまらない　つまらない　毎日</c><3>がしょうもない</c><1></c>,つまらない　つまらない　毎日がしょうもない
28.078,28.412,-1,0,<1></c><2>つまらないつまらないまいにち</c><3>がしょうもない</c><1></c>,つまらないつまらないまいにちがしょうもない
28.078,28.412,-1,-1,<1></c><2>つまらない　つまらない　毎日</c><3>がしょうもない</c><1></c>,つまらない　つまらない　毎日がしょうもない
28.412,28.512,-1,0,<1></c><2>つまらないつまらないまいにちが</c><3>しょうもない</c><1></c>,つまらないつまらないまいにちがしょうもない
28.412,28.512,-1,-1,<1></c><2>つまらない　つまらない　毎日が</c><3>しょうもない</c><1></c>,つまらない　つまらない　毎日がしょうもない
28.512,28.679,-1,0,<1></c><2>つまらないつまらないまいにちがしょ</c><3>うもない</c><1></c>,つまらないつまらないまいにちがしょうもない
28.512,28.679,-1,-1,<1></c><2>つまらない　つまらない　毎日がしょ</c><3>うもない</c><1></c>,つまらない　つまらない　毎日がしょうもない
28.679,28.812,-1,0,<1></c><2>つまらないつまらないまいにちがしょう</c><3>もない</c><1></c>,つまらないつまらないまいにちがしょうもない
28.679,28.812,-1,-1,<1></c><2>つまらない　つまらない　毎日がしょう</c><3>もない</c><1></c>,つまらない　つまらない　毎日がしょうもない
28.812,28.946,-1,0,<1></c><2>つまらないつまらないまいにちがしょうも</c><3>ない</c><1></c>,つまらないつまらないまいにちがしょうもない
28.812,28.946,-1,-1,<1></c><2>つまらない　つまらない　毎日がしょうも</c><3>ない</c><1></c>,つまらない　つまらない　毎日がしょうもない
28.946,29.079,-1,0,<1></c><2>つまらないつまらないまいにちがしょうもな</c><3>い</c><1></c>,つまらないつまらないまいにちがしょうもない
28.946,29.079,-1,-1,<1></c><2>つまらない　つまらない　毎日がしょうもな</c><3>い</c><1></c>,つまらない　つまらない　毎日がしょうもない
29.079,29.346,-1,0,<1></c><2>つまらないつまらないまいにちがしょうもない</c><1></c>,つまらないつまらないまいにちがしょうもない
29.079,29.346,-1,-1,<1></c><2>つまらない　つまらない　毎日がしょうもない</c><1></c>,つまらない　つまらない　毎日がしょうもない
29.346,29.446,-1,0,<1></c><2>や</c><3>つみたいにたいぎなんかもってないのさ</c><1></c>,やつみたいにたいぎなんかもってないのさ
29.346,29.446,-1,-1,<1></c><2>奴</c><3>みたいに大義なんか持ってないのさ</c><1></c>,奴みたいに大義なんか持ってないのさ
29.446,29.613,-1,0,<1></c><2>やつ</c><3>みたいにたいぎなんかもってないのさ</c><1></c>,やつみたいにたいぎなんかもってないのさ
29.446,29.613,-1,-1,<1></c><2>奴</c><3>みたいに大義なんか持ってないのさ</c><1></c>,奴みたいに大義なんか持ってないのさ
29.613,29.747,-1,0,<1></c><2>やつみ</c><3>たいにたいぎなんかもってないのさ</c><1></c>,やつみたいにたいぎなんかもってないのさ
29.613,29.747,-1,-1,<1></c><2>奴み</c><3>たいに大義なんか持ってないのさ</c><1></c>,奴みたいに大義なんか持ってないのさ
29.747,29.913,-1,0,<1></c><2>やつみた</c><3>いにたいぎなんかもってないのさ</c><1></c>,やつみたいにたいぎなんかもってないのさ
29.747,29.913,-1,-1,<1></c><2>奴みた</c><3>いに大義なんか持ってないのさ</c><1></c>,奴みたいに大義なんか持ってないのさ
29.913,30.047,-1,0,<1></c><2>やつみたい</c><3>にたいぎなんかもってないのさ</c><1></c>,やつみたいにたいぎなんかもってないのさ
29.913,30.047,-1,-1,<1></c><2>奴みたい</c><3>に大義なんか持ってないのさ</c><1></c>,奴みたいに大義なんか持ってないのさ
30.047,30.18,-1,0,<1></c><2>やつみたいに</c><3>たいぎなんかもってないのさ</c><1></c>,やつみたいにたいぎなんかもってないのさ
30.047,30.18,-1,-1,<1></c><2>奴みたいに</c><3>大義なんか持ってないのさ</c><1></c>,奴みたいに大義なんか持ってないのさ
30.18,30.347,-1,0,<1></c><2>やつみたいにた</c><3>いぎなんかもってないのさ</c><1></c>,やつみたいにたいぎなんかもってないのさ
30.18,30.347,-1,-1,<1></c><2>奴みたいに大</c><3>義なんか持ってないのさ</c><1></c>,奴みたいに大義なんか持ってないのさ
30.347,30.447,-1,0,<1></c><2>やつみたいにたい</c><3>ぎなんかもってないのさ</c><1></c>,やつみたいにたいぎなんかもってないのさ
30.347,30.447,-1,-1,<1></c><2>奴みたいに大</c><3>義なんか持ってないのさ</c><1></c>,奴みたいに大義なんか持ってないのさ
30.447,30.581,-1,0,<1></c><2>やつみたいにたいぎ</c><3>なんかもってないのさ</c><1></c>,やつみたいにたいぎなんかもってないのさ
30.447,30.581,-1,-1,<1></c><2>奴みたいに大義</c><3>なんか持ってないのさ</c><1></c>,奴みたいに大義なんか持ってないのさ
30.581,30.714,-1,0,<1></c><2>やつみたいにたいぎな</c><3>んかもってないのさ</c><1></c>,やつみたいにたいぎなんかもってないのさ
30.581,30.714,-1,-1,<1></c><2>奴みたいに大義な</c><3>んか持ってないのさ</c><1></c>,奴みたいに大義なんか持ってないのさ
30.714,30.848,-1,0,<1></c><2>やつみたいにたいぎなん</c><3>かもってないのさ</c><1></c>,やつみたいにたいぎなんかもってないのさ
30.714,30.848,-1,-1,<1></c><2>奴みたいに大義なん</c><3>か持ってないのさ</c><1></c>,奴みたいに大義なんか持ってないのさ
30.848,30.981,-1,0,<1></c><2>やつみたいにたいぎなんか</c><3>もってないのさ</c><1></c>,やつみたいにたいぎなんかもってないのさ
30.848,30.981,-1,-1,<1></c><2>奴みたいに大義なんか</c><3>持ってないのさ</c><1></c>,奴みたいに大義なんか持ってないのさ
30.981,31.115,-1,0,<1></c><2>やつみたいにたいぎなんかも</c><3>ってないのさ</c><1></c>,やつみたいにたいぎなんかもってないのさ
30.981,31.115,-1,-1,<1></c><2>奴みたいに大義なんか持</c><3>ってないのさ</c><1></c>,奴みたいに大義なんか持ってないのさ
31.115,31.248,-1,0,<1></c><2>やつみたいにたいぎなんかもっ</c><3>てないのさ</c><1></c>,やつみたいにたいぎなんかもってないのさ
31.115,31.248,-1,-1,<1></c><2>奴みたいに大義なんか持っ</c><3>てないのさ</c><1></c>,奴みたいに大義なんか持ってないのさ
31.248,31.382,-1,0,<1></c><2>やつみたいにたいぎなんかもって</c><3>ないのさ</c><1></c>,やつみたいにたいぎなんかもってないのさ
31.248,31.382,-1,-1,<1></c><2>奴みたいに大義なんか持って</c><3>ないのさ</c><1></c>,奴みたいに大義なんか持ってないのさ
31.382,31.548,-1,0,<1></c><2>やつみたいにたいぎなんかもってな</c><3>いのさ</c><1></c>,やつみたいにたいぎなんかもってないのさ
31.382,31.548,-1,-1,<1></c><2>奴みたいに大義なんか持ってな</c><3>いのさ</c><1></c>,奴みたいに大義なんか持ってないのさ
31.548,31.682,-1,0,<1></c><2>やつみたいにたいぎなんかもってない</c><3>のさ</c><1></c>,やつみたいにたいぎなんかもってないのさ
31.548,31.682,-1,-1,<1></c><2>奴みたいに大義なんか持ってない</c><3>のさ</c><1></c>,奴みたいに大義なんか持ってないのさ
31.682,31.815,-1,0,<1></c><2>やつみたいにたいぎなんかもってないの</c><3>さ</c><1></c>,やつみたいにたいぎなんかもってないのさ
31.682,31.815,-1,-1,<1></c><2>奴みたいに大義なんか持ってないの</c><3>さ</c><1></c>,奴みたいに大義なんか持ってないのさ
31.815,32.683,-1,0,<1></c><2>やつみたいにたいぎなんかもってないのさ</c><1></c>,やつみたいにたいぎなんかもってないのさ
31.815,32.683,-1,-1,<1></c><2>奴みたいに大義なんか持ってないのさ</c><1></c>,奴みたいに大義なんか持ってないのさ
32.683,32.883,-1,0,<1></c><2>きょ</c><3>うもばかみたいにわらうのさ</c><1></c>,きょうもばかみたいにわらうのさ
32.683,32.883,-1,-1,<1></c><2>今</c><3>日も馬鹿みたいに笑うのさ</c><1></c>,今日も馬鹿みたいに笑うのさ
32.883,33.05,-1,0,<1></c><2>きょう</c><3>もばかみたいにわらうのさ</c><1></c>,きょうもばかみたいにわらうのさ
32.883,33.05,-1,-1,<1></c><2>今日</c><3>も馬鹿みたいに笑うのさ</c><1></c>,今日も馬鹿みたいに笑うのさ
33.05,33.484,-1,0,<1></c><2>きょうも</c><3>ばかみたいにわらうのさ</c><1></c>,きょうもばかみたいにわらうのさ
33.05,33.484,-1,-1,<1></c><2>今日も</c><3>馬鹿みたいに笑うのさ</c><1></c>,今日も馬鹿みたいに笑うのさ
33.484,33.617,-1,0,<1></c><2>きょうもば</c><3>かみたいにわらうのさ</c><1></c>,きょうもばかみたいにわらうのさ
33.484,33.617,-1,-1,<1></c><2>今日も馬</c><3>鹿みたいに笑うのさ</c><1></c>,今日も馬鹿みたいに笑うのさ
33.617,33.751,-1,0,<1></c><2>きょうもばか</c><3>みたいにわらうのさ</c><1></c>,きょうもばかみたいにわらうのさ
33.617,33.751,-1,-1,<1></c><2>今日も馬鹿</c><3>みたいに笑うのさ</c><1></c>,今日も馬鹿みたいに笑うのさ
33.751,33.884,-1,0,<1></c><2>きょうもばかみ</c><3>たいにわらうのさ</c><1></c>,きょうもばかみたいにわらうのさ
33.751,33.884,-1,-1,<1></c><2>今日も馬鹿み</c><3>たいに笑うのさ</c><1></c>,今日も馬鹿みたいに笑うのさ
33.884,34.051,-1,0,<1></c><2>きょうもばかみた</c><3>いにわらうのさ</c><1></c>,きょうもばかみたいにわらうのさ
33.884,34.051,-1,-1,<1></c><2>今日も馬鹿みた</c><3>いに笑うのさ</c><1></c>,今日も馬鹿みたいに笑うのさ
34.051,34.318,-1,0,<1></c><2>きょうもばかみたい</c><3>にわらうのさ</c><1></c>,きょうもばかみたいにわらうのさ
34.051,34.318,-1,-1,<1></c><2>今日も馬鹿みたい</c><3>に笑うのさ</c><1></c>,今日も馬鹿みたいに笑うのさ
34.318,34.718,-1,0,<1></c><2>きょうもばかみたいに</c><3>わらうのさ</c><1></c>,きょうもばかみたいにわらうのさ
34.318,34.718,-1,-1,<1></c><2>今日も馬鹿みたいに</c><3>笑うのさ</c><1></c>,今日も馬鹿みたいに笑うのさ
34.718,35.119,-1,0,<1></c><2>きょうもばかみたいにわ</c><3>らうのさ</c><1></c>,きょうもばかみたいにわらうのさ
34.718,35.119,-1,-1,<1></c><2>今日も馬鹿みたいに笑</c><3>うのさ</c><1></c>,今日も馬鹿みたいに笑うのさ
35.119,35.552,-1,0,<1></c><2>きょうもばかみたいにわら</c><3>うのさ</c><1></c>,きょうもばかみたいにわらうのさ
35.119,35.552,-1,-1,<1></c><2>今日も馬鹿みたいに笑</c><3>うのさ</c><1></c>,今日も馬鹿みたいに笑うのさ
35.552,35.953,-1,0,<1></c><2>きょうもばかみたいにわらう</c><3>のさ</c><1></c>,きょうもばかみたいにわらうのさ
35.552,35.953,-1,-1,<1></c><2>今日も馬鹿みたいに笑う</c><3>のさ</c><1></c>,今日も馬鹿みたいに笑うのさ
35.953,36.387,-1,0,<1></c><2>きょうもばかみたいにわらうの</c><3>さ</c><1></c>,きょうもばかみたいにわらうのさ
35.953,36.387,-1,-1,<1></c><2>今日も馬鹿みたいに笑うの</c><3>さ</c><1></c>,今日も馬鹿みたいに笑うのさ
36.387,36.787,-1,0,<1></c><2>きょうもばかみたいにわらうのさ</c><1></c>,きょうもばかみたいにわらうのさ
36.387,36.787,-1,-1,<1></c><2>今日も馬鹿みたいに笑うのさ</c><1></c>,今日も馬鹿みたいに笑うのさ
36.787,36.954,-1,0,<1></c><2>う</c><3>そでもわらえるのさ</c><1></c>,うそでもわらえるのさ
36.787,36.954,-1,-1,<1></c><2>嘘</c><3>でも　笑えるのさ</c><1></c>,嘘でも　笑えるのさ
36.954,37.054,-1,0,<1></c><2>うそ</c><3>でもわらえるのさ</c><1></c>,うそでもわらえるのさ
36.954,37.054,-1,-1,<1></c><2>嘘</c><3>でも　笑えるのさ</c><1></c>,嘘でも　笑えるのさ
37.054,37.187,-1,0,<1></c><2>うそで</c><3>もわらえるのさ</c><1></c>,うそでもわらえるのさ
37.054,37.187,-1,-1,<1></c><2>嘘で</c><3>も　笑えるのさ</c><1></c>,嘘でも　笑えるのさ
37.187,37.588,-1,0,<1></c><2>うそでも</c><3>わらえるのさ</c><1></c>,うそでもわらえるのさ
37.187,37.588,-1,-1,<1></c><2>嘘でも　</c><3>笑えるのさ</c><1></c>,嘘でも　笑えるのさ
37.588,38.055,-1,0,<1></c><2>うそでもわ</c><3>らえるのさ</c><1></c>,うそでもわらえるのさ
37.588,38.055,-1,-1,<1></c><2>嘘でも　笑</c><3>えるのさ</c><1></c>,嘘でも　笑えるのさ
38.055,38.422,-1,0,<1></c><2>うそでもわら</c><3>えるのさ</c><1></c>,うそでもわらえるのさ
38.055,38.422,-1,-1,<1></c><2>嘘でも　笑</c><3>えるのさ</c><1></c>,嘘でも　笑えるのさ
38.422,38.856,-1,0,<1></c><2>うそでもわらえ</c><3>るのさ</c><1></c>,うそでもわらえるのさ
38.422,38.856,-1,-1,<1></c><2>嘘でも　笑え</c><3>るのさ</c><1></c>,嘘でも　笑えるのさ
38.856,39.323,-1,0,<1></c><2>うそでもわらえる</c><3>のさ</c><1></c>,うそでもわらえるのさ
38.856,39.323,-1,-1,<1></c><2>嘘でも　笑える</c><3>のさ</c><1></c>,嘘でも　笑えるのさ
39.323,39.69,-1,0,<1></c><2>うそでもわらえるの</c><3>さ</c><1></c>,うそでもわらえるのさ
39.323,39.69,-1,-1,<1></c><2>嘘でも　笑えるの</c><3>さ</c><1></c>,嘘でも　笑えるのさ
39.69,40.024,-1,0,<1></c><2>うそでもわらえるのさ</c><1></c>,うそでもわらえるのさ
39.69,40.024,-1,-1,<1></c><2>嘘でも　笑えるのさ</c><1></c>,嘘でも　笑えるのさ
40.024,40.224,-1,0,<1></c><2>『す</c><3>べてはあなたのため</c><2>』</c><1></c>,『すべてはあなたのため』
40.024,40.224,-1,-1,<1></c><2>『全</c><3>ては貴方の爲</c><2>』</c><1></c>,『全ては貴方の爲』
40.224,40.357,-1,0,<1></c><2>『すべ</c><3>てはあなたのため</c><2>』</c><1></c>,『すべてはあなたのため』
40.224,40.357,-1,-1,<1></c><2>『全</c><3>ては貴方の爲</c><2>』</c><1></c>,『全ては貴方の爲』
40.357,40.491,-1,0,<1></c><2>『すべて</c><3>はあなたのため</c><2>』</c><1></c>,『すべてはあなたのため』
40.357,40.491,-1,-1,<1></c><2>『全て</c><3>は貴方の爲</c><2>』</c><1></c>,『全ては貴方の爲』
40.491,40.924,-1,0,<1></c><2>『すべては</c><3>あなたのため</c><2>』</c><1></c>,『すべてはあなたのため』
40.491,40.924,-1,-1,<1></c><2>『全ては</c><3>貴方の爲</c><2>』</c><1></c>,『全ては貴方の爲』
40.924,41.358,-1,0,<1></c><2>『すべてはあ</c><3>なたのため</c><2>』</c><1></c>,『すべてはあなたのため』
40.924,41.358,-1,-1,<1></c><2>『全ては貴</c><3>方の爲</c><2>』</c><1></c>,『全ては貴方の爲』
41.358,41.759,-1,0,<1></c><2>『すべてはあな</c><3>たのため</c><2>』</c><1></c>,『すべてはあなたのため』
41.358,41.759,-1,-1,<1></c><2>『全ては貴</c><3>方の爲</c><2>』</c><1></c>,『全ては貴方の爲』
41.759,42.159,-1,0,<1></c><2>『すべてはあなた</c><3>のため</c><2>』</c><1></c>,『すべてはあなたのため』
41.759,42.159,-1,-1,<1></c><2>『全ては貴方</c><3>の爲</c><2>』</c><1></c>,『全ては貴方の爲』
42.159,42.559,-1,0,<1></c><2>『すべてはあなたの</c><3>ため</c><2>』</c><1></c>,『すべてはあなたのため』
42.159,42.559,-1,-1,<1></c><2>『全ては貴方の</c><3>爲</c><2>』</c><1></c>,『全ては貴方の爲』
42.559,42.96,-1,0,<1></c><2>『すべてはあなたのた</c><3>め</c><2>』</c><1></c>,『すべてはあなたのため』
42.559,43.427,-1,-1,<1></c><2>『全ては貴方の爲』</c><1></c>,『全ては貴方の爲』
42.96,43.427,-1,0,<1></c><2>『すべてはあなたのため』</c><1></c>,『すべてはあなたのため』
43.427,43.627,-1,0,<1></c><2>あ</c><3>ーだこーだくどくどなあ</c><2>..</c><1></c>,あーだこーだくどくどなあ..
43.427,43.627,-1,-1,<1></c><2>あ</c><3>ーだこーだクドクドなあ</c><2>..</c><1></c>,あーだこーだクドクドなあ..
43.627,43.827,-1,0,<1></c><2>あー</c><3>だこーだくどくどなあ</c><2>..</c><1></c>,あーだこーだくどくどなあ..
43.627,43.827,-1,-1,<1></c><2>あー</c><3>だこーだクドクドなあ</c><2>..</c><1></c>,あーだこーだクドクドなあ..
43.827,44.261,-1,0,<1></c><2>あーだ</c><3>こーだくどくどなあ</c><2>..</c><1></c>,あーだこーだくどくどなあ..
43.827,44.261,-1,-1,<1></c><2>あーだ</c><3>こーだクドクドなあ</c><2>..</c><1></c>,あーだこーだクドクドなあ..
44.261,44.461,-1,0,<1></c><2>あーだこ</c><3>ーだくどくどなあ</c><2>..</c><1></c>,あーだこーだくどくどなあ..
44.261,44.461,-1,-1,<1></c><2>あーだこ</c><3>ーだクドクドなあ</c><2>..</c><1></c>,あーだこーだクドクドなあ..
44.461,44.661,-1,0,<1></c><2>あーだこー</c><3>だくどくどなあ</c><2>..</c><1></c>,あーだこーだくどくどなあ..
44.461,44.661,-1,-1,<1></c><2>あーだこー</c><3>だクドクドなあ</c><2>..</c><1></c>,あーだこーだクドクドなあ..
44.661,45.062,-1,0,<1></c><2>あーだこーだ</c><3>くどくどなあ</c><2>..</c><1></c>,あーだこーだくどくどなあ..
44.661,45.062,-1,-1,<1></c><2>あーだこーだ</c><3>クドクドなあ</c><2>..</c><1></c>,あーだこーだクドクドなあ..
45.062,45.496,-1,0,<1></c><2>あーだこーだく</c><3>どくどなあ</c><2>..</c><1></c>,あーだこーだくどくどなあ..
45.062,45.496,-1,-1,<1></c><2>あーだこーだク</c><3>ドクドなあ</c><2>..</c><1></c>,あーだこーだクドクドなあ..
45.496,45.896,-1,0,<1></c><2>あーだこーだくど</c><3>くどなあ</c><2>..</c><1></c>,あーだこーだくどくどなあ..
45.496,45.896,-1,-1,<1></c><2>あーだこーだクド</c><3>クドなあ</c><2>..</c><1></c>,あーだこーだクドクドなあ..
45.896,46.33,-1,0,<1></c><2>あーだこーだくどく</c><3>どなあ</c><2>..</c><1></c>,あーだこーだくどくどなあ..
45.896,46.33,-1,-1,<1></c><2>あーだこーだクドク</c><3>ドなあ</c><2>..</c><1></c>,あーだこーだクドクドなあ..
46.33,47.164,-1,0,<1></c><2>あーだこーだくどくど</c><3>なあ</c><2>..</c><1></c>,あーだこーだくどくどなあ..
46.33,47.164,-1,-1,<1></c><2>あーだこーだクドクド</c><3>なあ</c><2>..</c><1></c>,あーだこーだクドクドなあ..
47.164,47.731,-1,0,<1></c><2>あーだこーだくどくどな</c><3>あ</c><2>..</c><1></c>,あーだこーだくどくどなあ..
47.164,47.731,-1,-1,<1></c><2>あーだこーだクドクドな</c><3>あ</c><2>..</c><1></c>,あーだこーだクドクドなあ..
47.731,48.032,-1,0,<1></c><2>あーだこーだくどくどなあ..</c><1></c>,あーだこーだくどくどなあ..
47.731,48.032,-1,-1,<1></c><2>あーだこーだクドクドなあ..</c><1></c>,あーだこーだクドクドなあ..
48.298,48.365,-1,-1,<1></c><2>(はぁ)</c><1></c>,(はぁ)
48.365,48.432,-1,-1,<1></c><2>(はぁ)</c><1></c>,(はぁ)
48.432,48.499,-1,-1,<1></c><2>(はぁ)</c><1></c>,(はぁ)
48.499,48.565,-1,-1,<1></c><2>(はぁ)</c><1></c>,(はぁ)
48.565,48.632,-1,-1,<1></c><2>(はぁ)</c><1></c>,(はぁ)
48.632,48.699,-1,-1,<1></c><2>(はぁ)</c><1></c>,(はぁ)
48.699,48.799,-1,-1,<1></c><2>(はぁ)</c><1></c>,(はぁ)
48.799,48.932,-1,-1,<1></c><2>う</c><3>るさいな　うるさいな</c><1></c>,うるさいな　うるさいな
48.932,49.199,-1,-1,<1></c><2>うる</c><3>さいな　うるさいな</c><1></c>,うるさいな　うるさいな
49.199,49.4,-1,-1,<1></c><2>うるさ</c><3>いな　うるさいな</c><1></c>,うるさいな　うるさいな
49.4,49.633,-1,-1,<1></c><2>うるさい</c><3>な　うるさいな</c><1></c>,うるさいな　うるさいな
49.633,52.102,-1,-1,<1></c><2>うるさいな　</c><3>うるさいな</c><1></c>,うるさいな　うるさいな
52.102,52.202,-1,-1,<1></c><2>うるさいな　う</c><3>るさいな</c><1></c>,うるさいな　うるさいな
52.202,52.536,-1,-1,<1></c><2>うるさいな　うる</c><3>さいな</c><1></c>,うるさいな　うるさいな
52.536,52.736,-1,-1,<1></c><2>うるさいな　うるさ</c><3>いな</c><1></c>,うるさいな　うるさいな
52.736,52.936,-1,-1,<1></c><2>うるさいな　うるさい</c><3>な</c><1></c>,うるさいな　うるさいな
52.936,54.571,-1,-1,<1></c><2>うるさいな　うるさいな</c><1></c>,うるさいな　うるさいな
54.571,54.705,-1,-1,<1></c><2>ご</c><3>ちゃごちゃ　うるさいな</c><1></c>,ごちゃごちゃ　うるさいな
54.705,55.005,-1,-1,<1></c><2>ごちゃ</c><3>ごちゃ　うるさいな</c><1></c>,ごちゃごちゃ　うるさいな
55.005,55.139,-1,-1,<1></c><2>ごちゃご</c><3>ちゃ　うるさいな</c><1></c>,ごちゃごちゃ　うるさいな
55.139,55.406,-1,-1,<1></c><2>ごちゃごちゃ　</c><3>うるさいな</c><1></c>,ごちゃごちゃ　うるさいな
55.406,55.506,-1,-1,<1></c><2>ごちゃごちゃ　う</c><3>るさいな</c><1></c>,ごちゃごちゃ　うるさいな
55.506,55.839,-1,-1,<1></c><2>ごちゃごちゃ　うる</c><3>さいな</c><1></c>,ごちゃごちゃ　うるさいな
55.839,56.006,-1,-1,<1></c><2>ごちゃごちゃ　うるさ</c><3>いな</c><1></c>,ごちゃごちゃ　うるさいな
56.006,56.24,-1,-1,<1></c><2>ごちゃごちゃ　うるさい</c><3>な</c><1></c>,ごちゃごちゃ　うるさいな
56.24,58.709,-1,-1,<1></c><2>ごちゃごちゃ　うるさいな</c><1></c>,ごちゃごちゃ　うるさいな
58.709,58.842,-1,-1,<1></c><2>う</c><3>るさいな</c><1></c>,うるさいな
58.842,59.109,-1,-1,<1></c><2>うる</c><3>さいな</c><1></c>,うるさいな
59.109,59.309,-1,-1,<1></c><2>うるさ</c><3>いな</c><1></c>,うるさいな
59.309,59.543,-1,-1,<1></c><2>うるさい</c><3>な</c><1></c>,うるさいな
59.543,61.211,-1,-1,<1></c><2>うるさいな</c><1></c>,うるさいな
61.211,61.345,-1,-1,<1></c><2>ご</c><3>ちゃごちゃ　うるさいな</c><1></c>,ごちゃごちゃ　うるさいな
61.345,61.612,-1,-1,<1></c><2>ごちゃ</c><3>ごちゃ　うるさいな</c><1></c>,ごちゃごちゃ　うるさいな
61.612,61.745,-1,-1,<1></c><2>ごちゃご</c><3>ちゃ　うるさいな</c><1></c>,ごちゃごちゃ　うるさいな
61.745,62.079,-1,-1,<1></c><2>ごちゃごちゃ　</c><3>うるさいな</c><1></c>,ごちゃごちゃ　うるさいな
62.079,62.146,-1,-1,<1></c><2>ごちゃごちゃ　う</c><3>るさいな</c><1></c>,ごちゃごちゃ　うるさいな
62.146,62.446,-1,-1,<1></c><2>ごちゃごちゃ　うる</c><3>さいな</c><1></c>,ごちゃごちゃ　うるさいな
62.446,62.513,-1,-1,<1></c><2>ごちゃごちゃ　うるさ</c><3>いな</c><1></c>,ごちゃごちゃ　うるさいな
62.513,62.579,-1,-1,<1></c><2>ごちゃごちゃ　うるさ</c><3>いな</c><1></c>,ごちゃごちゃ　うるさいな
62.579,62.646,-1,-1,<1></c><2>ごちゃごちゃ　うるさ</c><3>いな</c><1></c>,ごちゃごちゃ　うるさいな
62.646,62.713,-1,-1,<1></c><2>ごちゃごちゃ　うるさ</c><3>いな</c><1></c>,ごちゃごちゃ　うるさいな
62.713,62.78,-1,-1,<1></c><2>ごちゃごちゃ　うるさい</c><3>な</c><1></c>,ごちゃごちゃ　うるさいな
62.78,62.846,-1,-1,<1></c><2>ごちゃごちゃ　うるさい</c><3>な</c><1></c>,ごちゃごちゃ　うるさいな
62.846,62.946,-1,-1,<1></c><2>ごちゃごちゃ　うるさい</c><3>な</c><1></c>,ごちゃごちゃ　うるさいな
62.946,63.013,-1,-1,<1></c><2>ごちゃごちゃ　うるさいな</c><1></c>,ごちゃごちゃ　うるさいな
63.013,63.08,-1,-1,<1></c><2>ごちゃごちゃ　うるさいな</c><1></c>,ごちゃごちゃ　うるさいな
63.08,63.147,-1,-1,<1></c><2>ごちゃごちゃ　うるさいな</c><1></c>,ごちゃごちゃ　うるさいな
63.147,63.213,-1,-1,<1></c><2>ごちゃごちゃ　うるさいな</c><1></c>,ごちゃごちゃ　うるさいな
63.213,63.28,-1,-1,<1></c><2>ごちゃごちゃ　うるさいな</c><1></c>,ごちゃごちゃ　うるさいな
63.28,63.347,-1,-1,<1></c><2>ごちゃごちゃ　うるさいな</c><1></c>,ごちゃごちゃ　うるさいな
63.347,63.414,-1,-1,<1></c><2>ごちゃごちゃ　うるさいな</c><1></c>,ごちゃごちゃ　うるさいな
63.414,63.48,-1,-1,<1></c><2>ごちゃごちゃ　うるさいな</c><1></c>,ごちゃごちゃ　うるさいな
63.48,63.547,-1,-1,<1></c><2>ごちゃごちゃ　うるさいな</c><1></c>,ごちゃごちゃ　うるさいな
63.547,63.614,-1,-1,<1></c><2>ごちゃごちゃ　うるさいな</c><1></c>,ごちゃごちゃ　うるさいな
63.614,63.68,-1,-1,<1></c><2>ごちゃごちゃ　うるさいな</c><1></c>,ごちゃごちゃ　うるさいな
63.68,63.747,-1,-1,<1></c><2>ごちゃごちゃ　うるさいな</c><1></c>,ごちゃごちゃ　うるさいな
63.747,63.814,-1,-1,<1></c><2>ごちゃごちゃ　うるさいな</c><1></c>,ごちゃごちゃ　うるさいな
63.814,63.881,-1,-1,<1></c><2>ごちゃごちゃ　うるさいな</c><1></c>,ごちゃごちゃ　うるさいな
63.881,63.947,-1,-1,<1></c><2>ごちゃごちゃ　うるさいな</c><1></c>,ごちゃごちゃ　うるさいな
63.947,64.014,-1,-1,<1></c><2>ごちゃごちゃ　うるさいな</c><1></c>,ごちゃごちゃ　うるさいな
64.014,64.081,-1,-1,<1></c><2>ごちゃごちゃ　うるさいな</c><1></c>,ごちゃごちゃ　うるさいな
64.081,64.148,-1,-1,<1></c><2>ごちゃごちゃ　うるさいな</c><1></c>,ごちゃごちゃ　うるさいな
64.148,64.214,-1,-1,<1></c><2>ごちゃごちゃ　うるさいな</c><1></c>,ごちゃごちゃ　うるさいな
64.214,64.281,-1,-1,<1></c><2>ごちゃごちゃ　うるさいな</c><1></c>,ごちゃごちゃ　うるさいな
64.281,64.348,-1,-1,<1></c><2>ごちゃごちゃ　うるさいな</c><1></c>,ごちゃごちゃ　うるさいな
64.348,64.415,-1,-1,<1></c><2>ごちゃごちゃ　うるさいな</c><1></c>,ごちゃごちゃ　うるさいな
64.415,64.515,-1,-1,<1></c><2>ごちゃごちゃ　うるさいな</c><1></c>,ごちゃごちゃ　うるさいな
64.915,65.049,-1,0,<1></c><2>と</c><3>くめいひぼうきもすぎです</c><1></c>,とくめいひぼうきもすぎです
64.915,65.049,-1,-1,<1></c><2>匿</c><3>名誹謗きもすぎです</c><2>。</c><1></c>,匿名誹謗きもすぎです。
65.049,65.282,-1,0,<1></c><2>とく</c><3>めいひぼうきもすぎです</c><1></c>,とくめいひぼうきもすぎです
65.049,65.282,-1,-1,<1></c><2>匿</c><3>名誹謗きもすぎです</c><2>。</c><1></c>,匿名誹謗きもすぎです。
65.282,65.582,-1,0,<1></c><2>とくめ</c><3>いひぼうきもすぎです</c><1></c>,とくめいひぼうきもすぎです
65.282,65.582,-1,-1,<1></c><2>匿名</c><3>誹謗きもすぎです</c><2>。</c><1></c>,匿名誹謗きもすぎです。
65.582,65.682,-1,0,<1></c><2>とくめい</c><3>ひぼうきもすぎです</c><1></c>,とくめいひぼうきもすぎです
65.582,65.682,-1,-1,<1></c><2>匿名</c><3>誹謗きもすぎです</c><2>。</c><1></c>,匿名誹謗きもすぎです。
65.682,65.849,-1,0,<1></c><2>とくめいひ</c><3>ぼうきもすぎです</c><1></c>,とくめいひぼうきもすぎです
65.682,65.849,-1,-1,<1></c><2>匿名誹</c><3>謗きもすぎです</c><2>。</c><1></c>,匿名誹謗きもすぎです。
65.849,65.916,-1,0,<1></c><2>とくめいひぼ</c><3>うきもすぎです</c><1></c>,とくめいひぼうきもすぎです
65.849,65.916,-1,-1,<1></c><2>匿名誹謗</c><3>きもすぎです</c><2>。</c><1></c>,匿名誹謗きもすぎです。
65.916,66.083,-1,0,<1></c><2>とくめいひぼう</c><3>きもすぎです</c><1></c>,とくめいひぼうきもすぎです
65.916,66.083,-1,-1,<1></c><2>匿名誹謗</c><3>きもすぎです</c><2>。</c><1></c>,匿名誹謗きもすぎです。
66.083,66.25,-1,0,<1></c><2>とくめいひぼうき</c><3>もすぎです</c><1></c>,とくめいひぼうきもすぎです
66.083,66.25,-1,-1,<1></c><2>匿名誹謗き</c><3>もすぎです</c><2>。</c><1></c>,匿名誹謗きもすぎです。
66.25,66.55,-1,0,<1></c><2>とくめいひぼうきも</c><3>すぎです</c><1></c>,とくめいひぼうきもすぎです
66.25,66.55,-1,-1,<1></c><2>匿名誹謗きも</c><3>すぎです</c><2>。</c><1></c>,匿名誹謗きもすぎです。
66.55,66.683,-1,0,<1></c><2>とくめいひぼうきもす</c><3>ぎです</c><1></c>,とくめいひぼうきもすぎです
66.55,66.683,-1,-1,<1></c><2>匿名誹謗きもす</c><3>ぎです</c><2>。</c><1></c>,匿名誹謗きもすぎです。
66.683,66.984,-1,0,<1></c><2>とくめいひぼうきもすぎ</c><3>です</c><1></c>,とくめいひぼうきもすぎです
66.683,66.984,-1,-1,<1></c><2>匿名誹謗きもすぎ</c><3>です</c><2>。</c><1></c>,匿名誹謗きもすぎです。
66.984,67.251,-1,0,<1></c><2>とくめいひぼうきもすぎで</c><3>す</c><1></c>,とくめいひぼうきもすぎです
66.984,67.251,-1,-1,<1></c><2>匿名誹謗きもすぎで</c><3>す</c><2>。</c><1></c>,匿名誹謗きもすぎです。
67.251,67.384,-1,0,<1></c><2>とくめいひぼうきもすぎです</c><1></c>,とくめいひぼうきもすぎです
67.251,67.384,-1,-1,<1></c><2>匿名誹謗きもすぎです。</c><1></c>,匿名誹謗きもすぎです。
67.384,67.484,-1,0,<1></c><2>き</c><3>りないとかげのしっぽぎり</c><1></c>,きりないとかげのしっぽぎり
67.384,67.484,-1,-1,<1></c><2>キ</c><3>リないトカゲの尻尾切り</c><1></c>,キリないトカゲの尻尾切り
67.484,67.584,-1,0,<1></c><2>きり</c><3>ないとかげのしっぽぎり</c><1></c>,きりないとかげのしっぽぎり
67.484,67.584,-1,-1,<1></c><2>キリ</c><3>ないトカゲの尻尾切り</c><1></c>,キリないトカゲの尻尾切り
67.584,67.684,-1,0,<1></c><2>きりな</c><3>いとかげのしっぽぎり</c><1></c>,きりないとかげのしっぽぎり
67.584,67.684,-1,-1,<1></c><2>キリな</c><3>いトカゲの尻尾切り</c><1></c>,キリないトカゲの尻尾切り
67.684,67.818,-1,0,<1></c><2>きりない</c><3>とかげのしっぽぎり</c><1></c>,きりないとかげのしっぽぎり
67.684,67.818,-1,-1,<1></c><2>キリない</c><3>トカゲの尻尾切り</c><1></c>,キリないトカゲの尻尾切り
67.818,67.918,-1,0,<1></c><2>きりないと</c><3>かげのしっぽぎり</c><1></c>,きりないとかげのしっぽぎり
67.818,67.918,-1,-1,<1></c><2>キリないト</c><3>カゲの尻尾切り</c><1></c>,キリないトカゲの尻尾切り
67.918,68.018,-1,0,<1></c><2>きりないとか</c><3>げのしっぽぎり</c><1></c>,きりないとかげのしっぽぎり
67.918,68.018,-1,-1,<1></c><2>キリないトカ</c><3>ゲの尻尾切り</c><1></c>,キリないトカゲの尻尾切り
68.018,68.118,-1,0,<1></c><2>きりないとかげ</c><3>のしっぽぎり</c><1></c>,きりないとかげのしっぽぎり
68.018,68.118,-1,-1,<1></c><2>キリないトカゲ</c><3>の尻尾切り</c><1></c>,キリないトカゲの尻尾切り
68.118,68.218,-1,0,<1></c><2>きりないとかげの</c><3>しっぽぎり</c><1></c>,きりないとかげのしっぽぎり
68.118,68.218,-1,-1,<1></c><2>キリないトカゲの</c><3>尻尾切り</c><1></c>,キリないトカゲの尻尾切り
68.218,68.352,-1,0,<1></c><2>きりないとかげのし</c><3>っぽぎり</c><1></c>,きりないとかげのしっぽぎり
68.218,68.352,-1,-1,<1></c><2>キリないトカゲの尻</c><3>尾切り</c><1></c>,キリないトカゲの尻尾切り
68.352,68.452,-1,0,<1></c><2>きりないとかげのしっ</c><3>ぽぎり</c><1></c>,きりないとかげのしっぽぎり
68.352,68.452,-1,-1,<1></c><2>キリないトカゲの尻</c><3>尾切り</c><1></c>,キリないトカゲの尻尾切り
68.452,68.552,-1,0,<1></c><2>きりないとかげのしっぽ</c><3>ぎり</c><1></c>,きりないとかげのしっぽぎり
68.452,68.552,-1,-1,<1></c><2>キリないトカゲの尻尾</c><3>切り</c><1></c>,キリないトカゲの尻尾切り
68.552,68.652,-1,0,<1></c><2>きりないとかげのしっぽぎ</c><3>り</c><1></c>,きりないとかげのしっぽぎり
68.552,68.652,-1,-1,<1></c><2>キリないトカゲの尻尾切</c><3>り</c><1></c>,キリないトカゲの尻尾切り
68.652,69.053,-1,0,<1></c><2>きりないとかげのしっぽぎり</c><1></c>,きりないとかげのしっぽぎり
68.652,69.053,-1,-1,<1></c><2>キリないトカゲの尻尾切り</c><1></c>,キリないトカゲの尻尾切り
69.053,69.119,-1,0,<1></c><2>い</c><3>みないおまえのきっしょいいきがい</c><1></c>,いみないおまえのきっしょいいきがい
69.053,69.119,-1,-1,<1></c><2>意</c><3>味ないお前のきっしょい生き甲斐</c><1></c>,意味ないお前のきっしょい生き甲斐
69.119,69.253,-1,0,<1></c><2>いみ</c><3>ないおまえのきっしょいいきがい</c><1></c>,いみないおまえのきっしょいいきがい
69.119,69.253,-1,-1,<1></c><2>意味</c><3>ないお前のきっしょい生き甲斐</c><1></c>,意味ないお前のきっしょい生き甲斐
69.253,69.353,-1,0,<1></c><2>いみな</c><3>いおまえのきっしょいいきがい</c><1></c>,いみないおまえのきっしょいいきがい
69.253,69.353,-1,-1,<1></c><2>意味な</c><3>いお前のきっしょい生き甲斐</c><1></c>,意味ないお前のきっしょい生き甲斐
69.353,69.453,-1,0,<1></c><2>いみない</c><3>おまえのきっしょいいきがい</c><1></c>,いみないおまえのきっしょいいきがい
69.353,69.453,-1,-1,<1></c><2>意味ない</c><3>お前のきっしょい生き甲斐</c><1></c>,意味ないお前のきっしょい生き甲斐
69.453,69.553,-1,0,<1></c><2>いみないお</c><3>まえのきっしょいいきがい</c><1></c>,いみないおまえのきっしょいいきがい
69.453,69.553,-1,-1,<1></c><2>意味ないお</c><3>前のきっしょい生き甲斐</c><1></c>,意味ないお前のきっしょい生き甲斐
69.553,69.653,-1,0,<1></c><2>いみないおま</c><3>えのきっしょいいきがい</c><1></c>,いみないおまえのきっしょいいきがい
69.553,69.653,-1,-1,<1></c><2>意味ないお前</c><3>のきっしょい生き甲斐</c><1></c>,意味ないお前のきっしょい生き甲斐
69.653,69.787,-1,0,<1></c><2>いみないおまえ</c><3>のきっしょいいきがい</c><1></c>,いみないおまえのきっしょいいきがい
69.653,69.787,-1,-1,<1></c><2>意味ないお前</c><3>のきっしょい生き甲斐</c><1></c>,意味ないお前のきっしょい生き甲斐
69.787,69.887,-1,0,<1></c><2>いみないおまえの</c><3>きっしょいいきがい</c><1></c>,いみないおまえのきっしょいいきがい
69.787,69.887,-1,-1,<1></c><2>意味ないお前の</c><3>きっしょい生き甲斐</c><1></c>,意味ないお前のきっしょい生き甲斐
69.887,69.953,-1,0,<1></c><2>いみないおまえのき</c><3>っしょいいきがい</c><1></c>,いみないおまえのきっしょいいきがい
69.887,69.953,-1,-1,<1></c><2>意味ないお前のき</c><3>っしょい生き甲斐</c><1></c>,意味ないお前のきっしょい生き甲斐
69.953,70.02,-1,0,<1></c><2>いみないおまえのきっ</c><3>しょいいきがい</c><1></c>,いみないおまえのきっしょいいきがい
69.953,70.02,-1,-1,<1></c><2>意味ないお前のきっ</c><3>しょい生き甲斐</c><1></c>,意味ないお前のきっしょい生き甲斐
70.02,70.087,-1,0,<1></c><2>いみないおまえのきっしょ</c><3>いいきがい</c><1></c>,いみないおまえのきっしょいいきがい
70.02,70.087,-1,-1,<1></c><2>意味ないお前のきっしょ</c><3>い生き甲斐</c><1></c>,意味ないお前のきっしょい生き甲斐
70.087,70.32,-1,0,<1></c><2>いみないおまえのきっしょい</c><3>いきがい</c><1></c>,いみないおまえのきっしょいいきがい
70.087,70.32,-1,-1,<1></c><2>意味ないお前のきっしょい</c><3>生き甲斐</c><1></c>,意味ないお前のきっしょい生き甲斐
70.32,70.454,-1,0,<1></c><2>いみないおまえのきっしょいい</c><3>きがい</c><1></c>,いみないおまえのきっしょいいきがい
70.32,70.454,-1,-1,<1></c><2>意味ないお前のきっしょい生</c><3>き甲斐</c><1></c>,意味ないお前のきっしょい生き甲斐
70.454,70.721,-1,0,<1></c><2>いみないおまえのきっしょいいき</c><3>がい</c><1></c>,いみないおまえのきっしょいいきがい
70.454,70.721,-1,-1,<1></c><2>意味ないお前のきっしょい生き</c><3>甲斐</c><1></c>,意味ないお前のきっしょい生き甲斐
70.721,71.088,-1,0,<1></c><2>いみないおまえのきっしょいいきが</c><3>い</c><1></c>,いみないおまえのきっしょいいきがい
70.721,71.088,-1,-1,<1></c><2>意味ないお前のきっしょい生き甲</c><3>斐</c><1></c>,意味ないお前のきっしょい生き甲斐
71.088,71.522,-1,0,<1></c><2>いみないおまえのきっしょいいきがい</c><1></c>,いみないおまえのきっしょいいきがい
71.088,71.522,-1,-1,<1></c><2>意味ないお前のきっしょい生き甲斐</c><1></c>,意味ないお前のきっしょい生き甲斐
71.522,71.655,-1,0,<1></c><2>じ</c><3>ぶんのことはにのつぎです</c><1></c>,じぶんのことはにのつぎです
71.522,71.655,-1,-1,<1></c><2>自</c><3>分の事は二の次です</c><1></c>,自分の事は二の次です
71.655,71.855,-1,0,<1></c><2>じぶ</c><3>んのことはにのつぎです</c><1></c>,じぶんのことはにのつぎです
71.655,71.855,-1,-1,<1></c><2>自分</c><3>の事は二の次です</c><1></c>,自分の事は二の次です
71.855,71.955,-1,0,<1></c><2>じぶん</c><3>のことはにのつぎです</c><1></c>,じぶんのことはにのつぎです
71.855,71.955,-1,-1,<1></c><2>自分</c><3>の事は二の次です</c><1></c>,自分の事は二の次です
71.955,72.089,-1,0,<1></c><2>じぶんの</c><3>ことはにのつぎです</c><1></c>,じぶんのことはにのつぎです
71.955,72.089,-1,-1,<1></c><2>自分の</c><3>事は二の次です</c><1></c>,自分の事は二の次です
72.089,72.389,-1,0,<1></c><2>じぶんのこ</c><3>とはにのつぎです</c><1></c>,じぶんのことはにのつぎです
72.089,72.389,-1,-1,<1></c><2>自分の事</c><3>は二の次です</c><1></c>,自分の事は二の次です
72.389,72.489,-1,0,<1></c><2>じぶんのこと</c><3>はにのつぎです</c><1></c>,じぶんのことはにのつぎです
72.389,72.489,-1,-1,<1></c><2>自分の事</c><3>は二の次です</c><1></c>,自分の事は二の次です
72.489,72.79,-1,0,<1></c><2>じぶんのことは</c><3>にのつぎです</c><1></c>,じぶんのことはにのつぎです
72.489,72.79,-1,-1,<1></c><2>自分の事は</c><3>二の次です</c><1></c>,自分の事は二の次です
72.79,72.923,-1,0,<1></c><2>じぶんのことはに</c><3>のつぎです</c><1></c>,じぶんのことはにのつぎです
72.79,72.923,-1,-1,<1></c><2>自分の事は二</c><3>の次です</c><1></c>,自分の事は二の次です
72.923,73.157,-1,0,<1></c><2>じぶんのことはにの</c><3>つぎです</c><1></c>,じぶんのことはにのつぎです
72.923,73.157,-1,-1,<1></c><2>自分の事は二の</c><3>次です</c><1></c>,自分の事は二の次です
73.157,73.29,-1,0,<1></c><2>じぶんのことはにのつ</c><3>ぎです</c><1></c>,じぶんのことはにのつぎです
73.157,73.29,-1,-1,<1></c><2>自分の事は二の次</c><3>です</c><1></c>,自分の事は二の次です
73.29,73.624,-1,0,<1></c><2>じぶんのことはにのつぎ</c><3>です</c><1></c>,じぶんのことはにのつぎです
73.29,73.624,-1,-1,<1></c><2>自分の事は二の次</c><3>です</c><1></c>,自分の事は二の次です
73.624,73.857,-1,0,<1></c><2>じぶんのことはにのつぎで</c><3>す</c><1></c>,じぶんのことはにのつぎです
73.624,73.857,-1,-1,<1></c><2>自分の事は二の次で</c><3>す</c><1></c>,自分の事は二の次です
73.857,73.991,-1,0,<1></c><2>じぶんのことはにのつぎです</c><1></c>,じぶんのことはにのつぎです
73.857,73.991,-1,-1,<1></c><2>自分の事は二の次です</c><1></c>,自分の事は二の次です
73.991,74.091,-1,0,<1></c><2>つ</c><3>つましくほらきっちり</c><1></c>,つつましくほらきっちり
73.991,74.091,-1,-1,<1></c><2>慎</c><3>ましくほらきっちり</c><1></c>,慎ましくほらきっちり
74.091,74.191,-1,0,<1></c><2>つつ</c><3>ましくほらきっちり</c><1></c>,つつましくほらきっちり
74.091,74.191,-1,-1,<1></c><2>慎</c><3>ましくほらきっちり</c><1></c>,慎ましくほらきっちり
74.191,74.291,-1,0,<1></c><2>つつま</c><3>しくほらきっちり</c><1></c>,つつましくほらきっちり
74.191,74.291,-1,-1,<1></c><2>慎ま</c><3>しくほらきっちり</c><1></c>,慎ましくほらきっちり
74.291,74.425,-1,0,<1></c><2>つつまし</c><3>くほらきっちり</c><1></c>,つつましくほらきっちり
74.291,74.425,-1,-1,<1></c><2>慎まし</c><3>くほらきっちり</c><1></c>,慎ましくほらきっちり
74.425,74.625,-1,0,<1></c><2>つつましく</c><3>ほらきっちり</c><1></c>,つつましくほらきっちり
74.425,74.625,-1,-1,<1></c><2>慎ましく</c><3>ほらきっちり</c><1></c>,慎ましくほらきっちり
74.625,74.725,-1,0,<1></c><2>つつましくほ</c><3>らきっちり</c><1></c>,つつましくほらきっちり
74.625,74.725,-1,-1,<1></c><2>慎ましくほ</c><3>らきっちり</c><1></c>,慎ましくほらきっちり
74.725,74.858,-1,0,<1></c><2>つつましくほら</c><3>きっちり</c><1></c>,つつましくほらきっちり
74.725,74.858,-1,-1,<1></c><2>慎ましくほら</c><3>きっちり</c><1></c>,慎ましくほらきっちり
74.858,74.925,-1,0,<1></c><2>つつましくほらき</c><3>っちり</c><1></c>,つつましくほらきっちり
74.858,74.925,-1,-1,<1></c><2>慎ましくほらき</c><3>っちり</c><1></c>,慎ましくほらきっちり
74.925,74.992,-1,0,<1></c><2>つつましくほらきっ</c><3>ちり</c><1></c>,つつましくほらきっちり
74.925,74.992,-1,-1,<1></c><2>慎ましくほらきっ</c><3>ちり</c><1></c>,慎ましくほらきっちり
74.992,75.259,-1,0,<1></c><2>つつましくほらきっち</c><3>り</c><1></c>,つつましくほらきっちり
74.992,75.259,-1,-1,<1></c><2>慎ましくほらきっち</c><3>り</c><1></c>,慎ましくほらきっちり
75.259,75.692,-1,0,<1></c><2>つつましくほらきっちり</c><1></c>,つつましくほらきっちり
75.259,75.692,-1,-1,<1></c><2>慎ましくほらきっちり</c><1></c>,慎ましくほらきっちり
75.692,75.793,58,0,<1></c><2>い</c><3>びつなきりつだyou’rekiddingme</c><1></c>,いびつなきりつだyou’rekiddingme
75.692,75.793,-1,-1,<1></c><2>歪</c><3>な規律だyou’rekiddingme</c><1></c>,歪な規律だyou’rekiddingme
75.793,75.893,58,0,<1></c><2>いび</c><3>つなきりつだyou’rekiddingme</c><1></c>,いびつなきりつだyou’rekiddingme
75.793,75.893,-1,-1,<1></c><2>歪</c><3>な規律だyou’rekiddingme</c><1></c>,歪な規律だyou’rekiddingme
75.893,75.993,58,0,<1></c><2>いびつ</c><3>なきりつだyou’rekiddingme</c><1></c>,いびつなきりつだyou’rekiddingme
75.893,75.993,-1,-1,<1></c><2>歪</c><3>な規律だyou’rekiddingme</c><1></c>,歪な規律だyou’rekiddingme
75.993,76.093,58,0,<1></c><2>いびつな</c><3>きりつだyou’rekiddingme</c><1></c>,いびつなきりつだyou’rekiddingme
75.993,76.093,-1,-1,<1></c><2>歪な</c><3>規律だyou’rekiddingme</c><1></c>,歪な規律だyou’rekiddingme
76.093,76.226,58,0,<1></c><2>いびつなき</c><3>りつだyou’rekiddingme</c><1></c>,いびつなきりつだyou’rekiddingme
76.093,76.226,-1,-1,<1></c><2>歪な規</c><3>律だyou’rekiddingme</c><1></c>,歪な規律だyou’rekiddingme
76.226,76.293,58,0,<1></c><2>いびつなきり</c><3>つだyou’rekiddingme</c><1></c>,いびつなきりつだyou’rekiddingme
76.226,76.293,-1,-1,<1></c><2>歪な規律</c><3>だyou’rekiddingme</c><1></c>,歪な規律だyou’rekiddingme
76.293,76.36,58,0,<1></c><2>いびつなきりつ</c><3>だyou’rekiddingme</c><1></c>,いびつなきりつだyou’rekiddingme
76.293,76.36,-1,-1,<1></c><2>歪な規律</c><3>だyou’rekiddingme</c><1></c>,歪な規律だyou’rekiddingme
76.36,76.393,58,0,<1></c><2>いびつなきりつだ</c><3>you’rekiddingme</c><1></c>,いびつなきりつだyou’rekiddingme
76.36,76.393,-1,-1,<1></c><2>歪な規律だ</c><3>you’rekiddingme</c><1></c>,歪な規律だyou’rekiddingme
76.393,76.46,58,0,<1></c><2>いびつなきりつだyou’re</c><3>kiddingme</c><1></c>,いびつなきりつだyou’rekiddingme
76.393,76.46,-1,-1,<1></c><2>歪な規律だyou’re</c><3>kiddingme</c><1></c>,歪な規律だyou’rekiddingme
76.46,76.727,58,0,<1></c><2>いびつなきりつだyou’rekid</c><3>dingme</c><1></c>,いびつなきりつだyou’rekiddingme
76.46,76.727,-1,-1,<1></c><2>歪な規律だyou’rekid</c><3>dingme</c><1></c>,歪な規律だyou’rekiddingme
76.727,76.927,58,0,<1></c><2>いびつなきりつだyou’rekidding</c><3>me</c><1></c>,いびつなきりつだyou’rekiddingme
76.727,76.927,-1,-1,<1></c><2>歪な規律だyou’rekidding</c><3>me</c><1></c>,歪な規律だyou’rekiddingme
76.927,77.361,58,0,<1></c><2>いびつなきりつだyou’rekiddingme</c><1></c>,いびつなきりつだyou’rekiddingme
76.927,77.361,-1,-1,<1></c><2>歪な規律だyou’rekiddingme</c><1></c>,歪な規律だyou’rekiddingme
77.361,77.561,-1,0,<1></c><2>きょ</c><3>うもばかみたいにわらいましょう</c><1></c>,きょうもばかみたいにわらいましょう
77.361,77.561,-1,-1,<1></c><2>今</c><3>日も馬鹿みたいに笑いましょう</c><1></c>,今日も馬鹿みたいに笑いましょう
77.561,77.761,-1,0,<1></c><2>きょう</c><3>もばかみたいにわらいましょう</c><1></c>,きょうもばかみたいにわらいましょう
77.561,77.761,-1,-1,<1></c><2>今日</c><3>も馬鹿みたいに笑いましょう</c><1></c>,今日も馬鹿みたいに笑いましょう
77.761,78.195,-1,0,<1></c><2>きょうも</c><3>ばかみたいにわらいましょう</c><1></c>,きょうもばかみたいにわらいましょう
77.761,78.195,-1,-1,<1></c><2>今日も</c><3>馬鹿みたいに笑いましょう</c><1></c>,今日も馬鹿みたいに笑いましょう
78.195,78.328,-1,0,<1></c><2>きょうもば</c><3>かみたいにわらいましょう</c><1></c>,きょうもばかみたいにわらいましょう
78.195,78.328,-1,-1,<1></c><2>今日も馬</c><3>鹿みたいに笑いましょう</c><1></c>,今日も馬鹿みたいに笑いましょう
78.328,78.429,-1,0,<1></c><2>きょうもばか</c><3>みたいにわらいましょう</c><1></c>,きょうもばかみたいにわらいましょう
78.328,78.429,-1,-1,<1></c><2>今日も馬鹿</c><3>みたいに笑いましょう</c><1></c>,今日も馬鹿みたいに笑いましょう
78.429,78.595,-1,0,<1></c><2>きょうもばかみ</c><3>たいにわらいましょう</c><1></c>,きょうもばかみたいにわらいましょう
78.429,78.595,-1,-1,<1></c><2>今日も馬鹿み</c><3>たいに笑いましょう</c><1></c>,今日も馬鹿みたいに笑いましょう
78.595,78.796,-1,0,<1></c><2>きょうもばかみた</c><3>いにわらいましょう</c><1></c>,きょうもばかみたいにわらいましょう
78.595,78.796,-1,-1,<1></c><2>今日も馬鹿みた</c><3>いに笑いましょう</c><1></c>,今日も馬鹿みたいに笑いましょう
78.796,79.029,-1,0,<1></c><2>きょうもばかみたい</c><3>にわらいましょう</c><1></c>,きょうもばかみたいにわらいましょう
78.796,79.029,-1,-1,<1></c><2>今日も馬鹿みたい</c><3>に笑いましょう</c><1></c>,今日も馬鹿みたいに笑いましょう
79.029,79.43,-1,0,<1></c><2>きょうもばかみたいに</c><3>わらいましょう</c><1></c>,きょうもばかみたいにわらいましょう
79.029,79.43,-1,-1,<1></c><2>今日も馬鹿みたいに</c><3>笑いましょう</c><1></c>,今日も馬鹿みたいに笑いましょう
79.43,79.83,-1,0,<1></c><2>きょうもばかみたいにわ</c><3>らいましょう</c><1></c>,きょうもばかみたいにわらいましょう
79.43,79.83,-1,-1,<1></c><2>今日も馬鹿みたいに笑</c><3>いましょう</c><1></c>,今日も馬鹿みたいに笑いましょう
79.83,80.264,-1,0,<1></c><2>きょうもばかみたいにわら</c><3>いましょう</c><1></c>,きょうもばかみたいにわらいましょう
79.83,80.264,-1,-1,<1></c><2>今日も馬鹿みたいに笑</c><3>いましょう</c><1></c>,今日も馬鹿みたいに笑いましょう
80.264,80.631,-1,0,<1></c><2>きょうもばかみたいにわらい</c><3>ましょう</c><1></c>,きょうもばかみたいにわらいましょう
80.264,80.631,-1,-1,<1></c><2>今日も馬鹿みたいに笑い</c><3>ましょう</c><1></c>,今日も馬鹿みたいに笑いましょう
80.631,81.065,-1,0,<1></c><2>きょうもばかみたいにわらいま</c><3>しょう</c><1></c>,きょうもばかみたいにわらいましょう
80.631,81.065,-1,-1,<1></c><2>今日も馬鹿みたいに笑いま</c><3>しょう</c><1></c>,今日も馬鹿みたいに笑いましょう
81.065,81.231,-1,0,<1></c><2>きょうもばかみたいにわらいましょ</c><3>う</c><1></c>,きょうもばかみたいにわらいましょう
81.065,81.231,-1,-1,<1></c><2>今日も馬鹿みたいに笑いましょ</c><3>う</c><1></c>,今日も馬鹿みたいに笑いましょう
81.231,81.498,-1,0,<1></c><2>きょうもばかみたいにわらいましょう</c><1></c>,きょうもばかみたいにわらいましょう
81.231,81.498,-1,-1,<1></c><2>今日も馬鹿みたいに笑いましょう</c><1></c>,今日も馬鹿みたいに笑いましょう
81.498,81.632,-1,0,<1></c><2>う</c><3>そでもわらえるでしょ</c><1></c>,うそでもわらえるでしょ
81.498,81.632,-1,-1,<1></c><2>嘘</c><3>でも笑えるでしょ</c><1></c>,嘘でも笑えるでしょ
81.632,81.765,-1,0,<1></c><2>うそ</c><3>でもわらえるでしょ</c><1></c>,うそでもわらえるでしょ
81.632,81.765,-1,-1,<1></c><2>嘘</c><3>でも笑えるでしょ</c><1></c>,嘘でも笑えるでしょ
81.765,81.899,-1,0,<1></c><2>うそで</c><3>もわらえるでしょ</c><1></c>,うそでもわらえるでしょ
81.765,81.899,-1,-1,<1></c><2>嘘で</c><3>も笑えるでしょ</c><1></c>,嘘でも笑えるでしょ
81.899,82.332,-1,0,<1></c><2>うそでも</c><3>わらえるでしょ</c><1></c>,うそでもわらえるでしょ
81.899,82.332,-1,-1,<1></c><2>嘘でも</c><3>笑えるでしょ</c><1></c>,嘘でも笑えるでしょ
82.332,82.733,-1,0,<1></c><2>うそでもわ</c><3>らえるでしょ</c><1></c>,うそでもわらえるでしょ
82.332,82.733,-1,-1,<1></c><2>嘘でも笑</c><3>えるでしょ</c><1></c>,嘘でも笑えるでしょ
82.733,83.133,-1,0,<1></c><2>うそでもわら</c><3>えるでしょ</c><1></c>,うそでもわらえるでしょ
82.733,83.133,-1,-1,<1></c><2>嘘でも笑</c><3>えるでしょ</c><1></c>,嘘でも笑えるでしょ
83.133,83.567,-1,0,<1></c><2>うそでもわらえ</c><3>るでしょ</c><1></c>,うそでもわらえるでしょ
83.133,83.567,-1,-1,<1></c><2>嘘でも笑え</c><3>るでしょ</c><1></c>,嘘でも笑えるでしょ
83.567,83.967,-1,0,<1></c><2>うそでもわらえる</c><3>でしょ</c><1></c>,うそでもわらえるでしょ
83.567,83.967,-1,-1,<1></c><2>嘘でも笑える</c><3>でしょ</c><1></c>,嘘でも笑えるでしょ
83.967,84.368,-1,0,<1></c><2>うそでもわらえるで</c><3>しょ</c><1></c>,うそでもわらえるでしょ
83.967,84.368,-1,-1,<1></c><2>嘘でも笑えるで</c><3>しょ</c><1></c>,嘘でも笑えるでしょ
84.368,84.735,-1,0,<1></c><2>うそでもわらえるでしょ</c><1></c>,うそでもわらえるでしょ
84.368,84.735,-1,-1,<1></c><2>嘘でも笑えるでしょ</c><1></c>,嘘でも笑えるでしょ
84.735,84.935,-1,0,<1></c><2>『す</c><3>べてはわがみのため</c><2>』</c><1></c>,『すべてはわがみのため』
84.735,84.935,-1,-1,<1></c><2>『全</c><3>ては我が身のため</c><2>』</c><1></c>,『全ては我が身のため』
84.935,85.069,-1,0,<1></c><2>『すべ</c><3>てはわがみのため</c><2>』</c><1></c>,『すべてはわがみのため』
84.935,85.069,-1,-1,<1></c><2>『全</c><3>ては我が身のため</c><2>』</c><1></c>,『全ては我が身のため』
85.069,85.202,-1,0,<1></c><2>『すべて</c><3>はわがみのため</c><2>』</c><1></c>,『すべてはわがみのため』
85.069,85.202,-1,-1,<1></c><2>『全て</c><3>は我が身のため</c><2>』</c><1></c>,『全ては我が身のため』
85.202,85.636,-1,0,<1></c><2>『すべては</c><3>わがみのため</c><2>』</c><1></c>,『すべてはわがみのため』
85.202,85.636,-1,-1,<1></c><2>『全ては</c><3>我が身のため</c><2>』</c><1></c>,『全ては我が身のため』
85.636,86.036,-1,0,<1></c><2>『すべてはわ</c><3>がみのため</c><2>』</c><1></c>,『すべてはわがみのため』
85.636,86.036,-1,-1,<1></c><2>『全ては我</c><3>が身のため</c><2>』</c><1></c>,『全ては我が身のため』
86.036,86.437,-1,0,<1></c><2>『すべてはわが</c><3>みのため</c><2>』</c><1></c>,『すべてはわがみのため』
86.036,86.437,-1,-1,<1></c><2>『全ては我が</c><3>身のため</c><2>』</c><1></c>,『全ては我が身のため』
86.437,86.87,-1,0,<1></c><2>『すべてはわがみ</c><3>のため</c><2>』</c><1></c>,『すべてはわがみのため』
86.437,86.87,-1,-1,<1></c><2>『全ては我が身</c><3>のため</c><2>』</c><1></c>,『全ては我が身のため』
86.87,87.271,-1,0,<1></c><2>『すべてはわがみの</c><3>ため</c><2>』</c><1></c>,『すべてはわがみのため』
86.87,87.271,-1,-1,<1></c><2>『全ては我が身の</c><3>ため</c><2>』</c><1></c>,『全ては我が身のため』
87.271,87.671,-1,0,<1></c><2>『すべてはわがみのた</c><3>め</c><2>』</c><1></c>,『すべてはわがみのため』
87.271,87.671,-1,-1,<1></c><2>『全ては我が身のた</c><3>め</c><2>』</c><1></c>,『全ては我が身のため』
87.671,88.105,-1,0,<1></c><2>『すべてはわがみのため』</c><1></c>,『すべてはわがみのため』
87.671,88.105,-1,-1,<1></c><2>『全ては我が身のため』</c><1></c>,『全ては我が身のため』
88.105,88.305,-1,0,<1></c><2>あ</c><3>ーだこーだくどくどなあ</c><2>..</c><1></c>,あーだこーだくどくどなあ..
88.105,88.305,-1,-1,<1></c><2>あ</c><3>ーだこーだクドクドなあ</c><2>..</c><1></c>,あーだこーだクドクドなあ..
88.305,88.505,-1,0,<1></c><2>あー</c><3>だこーだくどくどなあ</c><2>..</c><1></c>,あーだこーだくどくどなあ..
88.305,88.505,-1,-1,<1></c><2>あー</c><3>だこーだクドクドなあ</c><2>..</c><1></c>,あーだこーだクドクドなあ..
88.505,88.939,-1,0,<1></c><2>あーだ</c><3>こーだくどくどなあ</c><2>..</c><1></c>,あーだこーだくどくどなあ..
88.505,88.939,-1,-1,<1></c><2>あーだ</c><3>こーだクドクドなあ</c><2>..</c><1></c>,あーだこーだクドクドなあ..
88.939,89.139,-1,0,<1></c><2>あーだこ</c><3>ーだくどくどなあ</c><2>..</c><1></c>,あーだこーだくどくどなあ..
88.939,89.139,-1,-1,<1></c><2>あーだこ</c><3>ーだクドクドなあ</c><2>..</c><1></c>,あーだこーだクドクドなあ..
89.139,89.339,-1,0,<1></c><2>あーだこー</c><3>だくどくどなあ</c><2>..</c><1></c>,あーだこーだくどくどなあ..
89.139,89.339,-1,-1,<1></c><2>あーだこー</c><3>だクドクドなあ</c><2>..</c><1></c>,あーだこーだクドクドなあ..
89.339,89.74,-1,0,<1></c><2>あーだこーだ</c><3>くどくどなあ</c><2>..</c><1></c>,あーだこーだくどくどなあ..
89.339,89.74,-1,-1,<1></c><2>あーだこーだ</c><3>クドクドなあ</c><2>..</c><1></c>,あーだこーだクドクドなあ..
89.74,90.174,-1,0,<1></c><2>あーだこーだく</c><3>どくどなあ</c><2>..</c><1></c>,あーだこーだくどくどなあ..
89.74,90.174,-1,-1,<1></c><2>あーだこーだク</c><3>ドクドなあ</c><2>..</c><1></c>,あーだこーだクドクドなあ..
90.174,90.574,-1,0,<1></c><2>あーだこーだくど</c><3>くどなあ</c><2>..</c><1></c>,あーだこーだくどくどなあ..
90.174,90.574,-1,-1,<1></c><2>あーだこーだクド</c><3>クドなあ</c><2>..</c><1></c>,あーだこーだクドクドなあ..
90.574,91.008,-1,0,<1></c><2>あーだこーだくどく</c><3>どなあ</c><2>..</c><1></c>,あーだこーだくどくどなあ..
90.574,91.008,-1,-1,<1></c><2>あーだこーだクドク</c><3>ドなあ</c><2>..</c><1></c>,あーだこーだクドクドなあ..
91.008,91.842,-1,0,<1></c><2>あーだこーだくどくど</c><3>なあ</c><2>..</c><1></c>,あーだこーだくどくどなあ..
91.008,91.842,-1,-1,<1></c><2>あーだこーだクドクド</c><3>なあ</c><2>..</c><1></c>,あーだこーだクドクドなあ..
91.842,92.409,-1,0,<1></c><2>あーだこーだくどくどな</c><3>あ</c><2>..</c><1></c>,あーだこーだくどくどなあ..
91.842,92.409,-1,-1,<1></c><2>あーだこーだクドクドな</c><3>あ</c><2>..</c><1></c>,あーだこーだクドクドなあ..
92.409,93.077,-1,0,<1></c><2>あーだこーだくどくどなあ..</c><1></c>,あーだこーだくどくどなあ..
92.409,93.077,-1,-1,<1></c><2>あーだこーだクドクドなあ..</c><1></c>,あーだこーだクドクドなあ..
93.477,93.544,-1,-1,<1></c><2>(はぁ)</c><1></c>,(はぁ)
93.544,93.61,-1,-1,<1></c><2>(はぁ)</c><1></c>,(はぁ)
93.61,93.677,-1,-1,<1></c><2>(はぁ)</c><1></c>,(はぁ)
93.677,93.744,-1,-1,<1></c><2>(はぁ)</c><1></c>,(はぁ)
93.744,93.811,-1,-1,<1></c><2>(はぁ)</c><1></c>,(はぁ)
93.811,93.877,-1,-1,<1></c><2>(はぁ)</c><1></c>,(はぁ)
93.877,93.977,-1,-1,<1></c><2>(はぁ)</c><1></c>,(はぁ)
94.311,94.445,-1,-1,<1></c><2>ご</c><3>ちゃごちゃ　うるさいな</c><1></c>,ごちゃごちゃ　うるさいな
94.445,94.711,-1,-1,<1></c><2>ごちゃ</c><3>ごちゃ　うるさいな</c><1></c>,ごちゃごちゃ　うるさいな
94.711,94.878,-1,-1,<1></c><2>ごちゃご</c><3>ちゃ　うるさいな</c><1></c>,ごちゃごちゃ　うるさいな
94.878,95.145,-1,-1,<1></c><2>ごちゃごちゃ　</c><3>うるさいな</c><1></c>,ごちゃごちゃ　うるさいな
95.145,95.212,-1,-1,<1></c><2>ごちゃごちゃ　う</c><3>るさいな</c><1></c>,ごちゃごちゃ　うるさいな
95.212,95.579,-1,-1,<1></c><2>ごちゃごちゃ　うる</c><3>さいな</c><1></c>,ごちゃごちゃ　うるさいな
95.579,95.779,-1,-1,<1></c><2>ごちゃごちゃ　うるさ</c><3>いな</c><1></c>,ごちゃごちゃ　うるさいな
95.779,95.979,-1,-1,<1></c><2>ごちゃごちゃ　うるさい</c><3>な</c><1></c>,ごちゃごちゃ　うるさいな
95.979,98.449,-1,-1,<1></c><2>ごちゃごちゃ　うるさいな</c><1></c>,ごちゃごちゃ　うるさいな
98.449,98.582,-1,-1,<1></c><2>う</c><3>るさいな</c><1></c>,うるさいな
98.582,98.849,-1,-1,<1></c><2>うる</c><3>さいな</c><1></c>,うるさいな
98.849,99.049,-1,-1,<1></c><2>うるさ</c><3>いな</c><1></c>,うるさいな
99.049,99.283,-1,-1,<1></c><2>うるさい</c><3>な</c><1></c>,うるさいな
99.283,100.918,-1,-1,<1></c><2>うるさいな</c><1></c>,うるさいな
100.918,101.051,-1,-1,<1></c><2>ご</c><3>ちゃごちゃ　うるさいな</c><1></c>,ごちゃごちゃ　うるさいな
101.051,101.351,-1,-1,<1></c><2>ごちゃ</c><3>ごちゃ　うるさいな</c><1></c>,ごちゃごちゃ　うるさいな
101.351,101.485,-1,-1,<1></c><2>ごちゃご</c><3>ちゃ　うるさいな</c><1></c>,ごちゃごちゃ　うるさいな
101.485,101.752,-1,-1,<1></c><2>ごちゃごちゃ　</c><3>うるさいな</c><1></c>,ごちゃごちゃ　うるさいな
101.752,101.885,-1,-1,<1></c><2>ごちゃごちゃ　う</c><3>るさいな</c><1></c>,ごちゃごちゃ　うるさいな
101.885,102.186,-1,-1,<1></c><2>ごちゃごちゃ　うる</c><3>さいな</c><1></c>,ごちゃごちゃ　うるさいな
102.186,102.386,-1,-1,<1></c><2>ごちゃごちゃ　うるさ</c><3>いな</c><1></c>,ごちゃごちゃ　うるさいな
102.386,102.586,-1,-1,<1></c><2>ごちゃごちゃ　うるさい</c><3>な</c><1></c>,ごちゃごちゃ　うるさいな
102.586,105.055,-1,-1,<1></c><2>ごちゃごちゃ　うるさいな</c><1></c>,ごちゃごちゃ　うるさいな
105.055,105.189,-1,-1,<1></c><2>う</c><3>るさいな</c><1></c>,うるさいな
105.189,105.456,-1,-1,<1></c><2>うる</c><3>さいな</c><1></c>,うるさいな
105.456,105.656,-1,-1,<1></c><2>うるさ</c><3>いな</c><1></c>,うるさいな
105.656,105.889,-1,-1,<1></c><2>うるさい</c><3>な</c><1></c>,うるさいな
105.889,107.524,-1,-1,<1></c><2>うるさいな</c><1></c>,うるさいな
107.524,107.658,-1,-1,<1></c><2>ご</c><3>ちゃごちゃ　うるさいな</c><1></c>,ごちゃごちゃ　うるさいな
107.658,107.958,-1,-1,<1></c><2>ごちゃ</c><3>ごちゃ　うるさいな</c><1></c>,ごちゃごちゃ　うるさいな
107.958,108.092,-1,-1,<1></c><2>ごちゃご</c><3>ちゃ　うるさいな</c><1></c>,ごちゃごちゃ　うるさいな
108.092,108.392,-1,-1,<1></c><2>ごちゃごちゃ　</c><3>うるさいな</c><1></c>,ごちゃごちゃ　うるさいな
108.392,108.459,-1,-1,<1></c><2>ごちゃごちゃ　う</c><3>るさいな</c><1></c>,ごちゃごちゃ　うるさいな
108.459,108.792,-1,-1,<1></c><2>ごちゃごちゃ　うる</c><3>さいな</c><1></c>,ごちゃごちゃ　うるさいな
108.792,108.992,-1,-1,<1></c><2>ごちゃごちゃ　うるさ</c><3>いな</c><1></c>,ごちゃごちゃ　うるさいな
108.992,109.226,-1,-1,<1></c><2>ごちゃごちゃ　うるさい</c><3>な</c><1></c>,ごちゃごちゃ　うるさいな
109.226,109.293,-1,-1,<1></c><2>ごちゃごちゃ　うるさいな</c><1></c>,ごちゃごちゃ　うるさいな
109.293,109.359,-1,-1,<1></c><2>ごちゃごちゃ　うるさいな</c><1></c>,ごちゃごちゃ　うるさいな
109.359,109.426,-1,-1,<1></c><2>ごちゃごちゃ　うるさいな</c><1></c>,ごちゃごちゃ　うるさいな
109.426,109.493,-1,-1,<1></c><2>ごちゃごちゃ　うるさいな</c><1></c>,ごちゃごちゃ　うるさいな
109.493,109.56,-1,-1,<1></c><2>ごちゃごちゃ　うるさいな</c><1></c>,ごちゃごちゃ　うるさいな
109.56,109.626,-1,-1,<1></c><2>ごちゃごちゃ　うるさいな</c><1></c>,ごちゃごちゃ　うるさいな
109.626,109.693,-1,-1,<1></c><2>ごちゃごちゃ　うるさいな</c><1></c>,ごちゃごちゃ　うるさいな
109.693,109.76,-1,-1,<1></c><2>ごちゃごちゃ　うるさいな</c><1></c>,ごちゃごちゃ　うるさいな
109.76,109.827,-1,-1,<1></c><2>ごちゃごちゃ　うるさいな</c><1></c>,ごちゃごちゃ　うるさいな
109.827,109.893,-1,-1,<1></c><2>ごちゃごちゃ　うるさいな</c><1></c>,ごちゃごちゃ　うるさいな
109.893,109.96,-1,-1,<1></c><2>ごちゃごちゃ　うるさいな</c><1></c>,ごちゃごちゃ　うるさいな
109.96,110.027,-1,-1,<1></c><2>ごちゃごちゃ　うるさいな</c><1></c>,ごちゃごちゃ　うるさいな
110.027,110.094,-1,-1,<1></c><2>ごちゃごちゃ　うるさいな</c><1></c>,ごちゃごちゃ　うるさいな
110.094,110.16,-1,-1,<1></c><2>ごちゃごちゃ　うるさいな</c><1></c>,ごちゃごちゃ　うるさいな
110.16,110.227,-1,-1,<1></c><2>ごちゃごちゃ　うるさいな</c><1></c>,ごちゃごちゃ　うるさいな
110.461,110.627,-1,-1,<1></c><2>う</c><3>るさいーうるさいーうるさい</c><1></c>,うるさいーうるさいーうるさい
110.627,110.861,-1,-1,<1></c><2>うる</c><3>さいーうるさいーうるさい</c><1></c>,うるさいーうるさいーうるさい
110.861,111.128,-1,-1,<1></c><2>うるさ</c><3>いーうるさいーうるさい</c><1></c>,うるさいーうるさいーうるさい
111.128,111.361,-1,-1,<1></c><2>うるさいー</c><3>うるさいーうるさい</c><1></c>,うるさいーうるさいーうるさい
111.361,111.462,-1,-1,<1></c><2>うるさいーう</c><3>るさいーうるさい</c><1></c>,うるさいーうるさいーうるさい
111.462,111.628,-1,-1,<1></c><2>うるさいーうる</c><3>さいーうるさい</c><1></c>,うるさいーうるさいーうるさい
111.628,111.862,-1,-1,<1></c><2>うるさいーうるさ</c><3>いーうるさい</c><1></c>,うるさいーうるさいーうるさい
111.862,112.096,-1,-1,<1></c><2>うるさいーうるさいー</c><3>うるさい</c><1></c>,うるさいーうるさいーうるさい
112.096,112.196,-1,-1,<1></c><2>うるさいーうるさいーう</c><3>るさい</c><1></c>,うるさいーうるさいーうるさい
112.196,112.529,-1,-1,<1></c><2>うるさいーうるさいーうる</c><3>さい</c><1></c>,うるさいーうるさいーうるさい
112.529,112.729,-1,-1,<1></c><2>うるさいーうるさいーうるさ</c><3>い</c><1></c>,うるさいーうるさいーうるさい
112.729,112.996,-1,-1,<1></c><2>うるさいーうるさいーうるさい</c><1></c>,うるさいーうるさいーうるさい
112.996,113.13,-1,-1,<1></c><2>う</c><3>るさいーうるさいーうるさい</c><1></c>,うるさいーうるさいーうるさい
113.13,113.363,-1,-1,<1></c><2>うる</c><3>さいーうるさいーうるさい</c><1></c>,うるさいーうるさいーうるさい
113.363,113.597,-1,-1,<1></c><2>うるさ</c><3>いーうるさいーうるさい</c><1></c>,うるさいーうるさいーうるさい
113.597,113.831,-1,-1,<1></c><2>うるさいー</c><3>うるさいーうるさい</c><1></c>,うるさいーうるさいーうるさい
113.831,113.964,-1,-1,<1></c><2>うるさいーう</c><3>るさいーうるさい</c><1></c>,うるさいーうるさいーうるさい
113.964,114.164,-1,-1,<1></c><2>うるさいーうる</c><3>さいーうるさい</c><1></c>,うるさいーうるさいーうるさい
114.164,114.398,-1,-1,<1></c><2>うるさいーうるさ</c><3>いーうるさい</c><1></c>,うるさいーうるさいーうるさい
114.398,114.631,-1,-1,<1></c><2>うるさいーうるさいー</c><3>うるさい</c><1></c>,うるさいーうるさいーうるさい
114.631,114.731,-1,-1,<1></c><2>うるさいーうるさいーう</c><3>るさい</c><1></c>,うるさいーうるさいーうるさい
114.731,114.998,-1,-1,<1></c><2>うるさいーうるさいーうる</c><3>さい</c><1></c>,うるさいーうるさいーうるさい
114.998,115.232,-1,-1,<1></c><2>うるさいーうるさいーうるさ</c><3>い</c><1></c>,うるさいーうるさいーうるさい
115.232,115.532,-1,-1,<1></c><2>うるさいーうるさいーうるさい</c><1></c>,うるさいーうるさいーうるさい
115.532,115.666,-1,-1,<1></c><2>う</c><3>るさいーうるさいーうるさい</c><1></c>,うるさいーうるさいーうるさい
115.666,115.866,-1,-1,<1></c><2>うる</c><3>さいーうるさいーうるさい</c><1></c>,うるさいーうるさいーうるさい
115.866,116.133,-1,-1,<1></c><2>うるさ</c><3>いーうるさいーうるさい</c><1></c>,うるさいーうるさいーうるさい
116.133,116.3,-1,-1,<1></c><2>うるさいー</c><3>うるさいーうるさい</c><1></c>,うるさいーうるさいーうるさい
116.3,116.433,-1,-1,<1></c><2>うるさいーう</c><3>るさいーうるさい</c><1></c>,うるさいーうるさいーうるさい
116.433,116.667,-1,-1,<1></c><2>うるさいーうる</c><3>さいーうるさい</c><1></c>,うるさいーうるさいーうるさい
116.667,116.867,-1,-1,<1></c><2>うるさいーうるさ</c><3>いーうるさい</c><1></c>,うるさいーうるさいーうるさい
116.867,117.134,-1,-1,<1></c><2>うるさいーうるさいー</c><3>うるさい</c><1></c>,うるさいーうるさいーうるさい
117.134,117.234,-1,-1,<1></c><2>うるさいーうるさいーう</c><3>るさい</c><1></c>,うるさいーうるさいーうるさい
117.234,117.468,-1,-1,<1></c><2>うるさいーうるさいーうる</c><3>さい</c><1></c>,うるさいーうるさいーうるさい
117.468,117.668,-1,-1,<1></c><2>うるさいーうるさいーうるさ</c><3>い</c><1></c>,うるさいーうるさいーうるさい
117.668,117.901,-1,-1,<1></c><2>うるさいーうるさいーうるさい</c><1></c>,うるさいーうるさいーうるさい
117.901,118.035,-1,-1,<1></c><2>う</c><3>るさいーうるさいーうるさい</c><1></c>,うるさいーうるさいーうるさい
118.035,118.302,-1,-1,<1></c><2>うる</c><3>さいーうるさいーうるさい</c><1></c>,うるさいーうるさいーうるさい
118.302,118.502,-1,-1,<1></c><2>うるさ</c><3>いーうるさいーうるさい</c><1></c>,うるさいーうるさいーうるさい
118.502,118.735,-1,-1,<1></c><2>うるさいー</c><3>うるさいーうるさい</c><1></c>,うるさいーうるさいーうるさい
118.735,118.869,-1,-1,<1></c><2>うるさいーう</c><3>るさいーうるさい</c><1></c>,うるさいーうるさいーうるさい
118.869,119.069,-1,-1,<1></c><2>うるさいーうる</c><3>さいーうるさい</c><1></c>,うるさいーうるさいーうるさい
119.069,119.303,-1,-1,<1></c><2>うるさいーうるさ</c><3>いーうるさい</c><1></c>,うるさいーうるさいーうるさい
119.303,119.536,-1,-1,<1></c><2>うるさいーうるさいー</c><3>うるさい</c><1></c>,うるさいーうるさいーうるさい
119.536,119.636,-1,-1,<1></c><2>うるさいーうるさいーう</c><3>るさい</c><1></c>,うるさいーうるさいーうるさい
119.636,119.937,-1,-1,<1></c><2>うるさいーうるさいーうる</c><3>さい</c><1></c>,うるさいーうるさいーうるさい
119.937,120.137,-1,-1,<1></c><2>うるさいーうるさいーうるさ</c><3>い</c><1></c>,うるさいーうるさいーうるさい
120.137,120.37,-1,-1,<1></c><2>うるさいーうるさいーうるさい</c><1></c>,うるさいーうるさいーうるさい
120.37,120.504,-1,-1,<1></c><2>う</c><3>るさいーうるさいーうるさい</c><1></c>,うるさいーうるさいーうるさい
120.504,120.771,-1,-1,<1></c><2>うる</c><3>さいーうるさいーうるさい</c><1></c>,うるさいーうるさいーうるさい
120.771,121.038,-1,-1,<1></c><2>うるさ</c><3>いーうるさいーうるさい</c><1></c>,うるさいーうるさいーうるさい
121.038,121.271,-1,-1,<1></c><2>うるさいー</c><3>うるさいーうるさい</c><1></c>,うるさいーうるさいーうるさい
121.271,121.371,-1,-1,<1></c><2>うるさいーう</c><3>るさいーうるさい</c><1></c>,うるさいーうるさいーうるさい
121.371,121.605,-1,-1,<1></c><2>うるさいーうる</c><3>さいーうるさい</c><1></c>,うるさいーうるさいーうるさい
121.605,121.805,-1,-1,<1></c><2>うるさいーうるさ</c><3>いーうるさい</c><1></c>,うるさいーうるさいーうるさい
121.805,122.039,-1,-1,<1></c><2>うるさいーうるさいー</c><3>うるさい</c><1></c>,うるさいーうるさいーうるさい
122.039,122.106,-1,-1,<1></c><2>うるさいーうるさいーう</c><3>るさい</c><1></c>,うるさいーうるさいーうるさい
122.106,122.339,-1,-1,<1></c><2>うるさいーうるさいーうる</c><3>さい</c><1></c>,うるさいーうるさいーうるさい
122.339,122.606,-1,-1,<1></c><2>うるさいーうるさいーうるさ</c><3>い</c><1></c>,うるさいーうるさいーうるさい
122.606,122.84,-1,-1,<1></c><2>うるさいーうるさいーうるさい</c><1></c>,うるさいーうるさいーうるさい
123.307,123.44,-1,-1,<1></c><2>う</c><3>るさい</c><1></c>,うるさい
123.44,123.74,-1,-1,<1></c><2>うる</c><3>さい</c><1></c>,うるさい
123.74,123.774,-1,-1,<1></c><2>うるさ</c><3>い</c><1></c>,うるさい
123.774,123.841,-1,-1,<1></c><2>うるさ</c><3>い</c><1></c>,うるさい
123.841,123.941,-1,-1,<1></c><2>うるさ</c><3>い</c><1></c>,うるさい
123.941,124.007,-1,-1,<1></c><2>うるさい</c><1></c>,うるさい
124.007,124.074,-1,-1,<1></c><2>うるさい</c><1></c>,うるさい
124.074,124.141,-1,-1,<1></c><2>うるさい</c><1></c>,うるさい
124.141,124.208,-1,-1,<1></c><2>うるさい</c><1></c>,うるさい
