start,end,position,line,text,unformatted
1.752,2.653,-1,-1,<1></c><3>月</c><2>の光が</c><1></c>,月の光が
1.752,2.653,-1,0,<1></c><3>つ</c><2>きのひかりが</c><1></c>,つきのひかりが
2.653,3.554,-1,-1,<1></c><3>月</c><2>の光が</c><1></c>,月の光が
2.653,3.554,-1,0,<1></c><3>つき</c><2>のひかりが</c><1></c>,つきのひかりが
3.554,5.923,-1,-1,<1></c><3>月の</c><2>光が</c><1></c>,月の光が
3.554,5.923,-1,0,<1></c><3>つきの</c><2>ひかりが</c><1></c>,つきのひかりが
5.923,6.256,-1,-1,<1></c><3>月の光</c><2>が</c><1></c>,月の光が
5.923,6.256,-1,0,<1></c><3>つきのひ</c><2>かりが</c><1></c>,つきのひかりが
6.256,6.857,-1,-1,<1></c><3>月の光</c><2>が</c><1></c>,月の光が
6.256,6.857,-1,0,<1></c><3>つきのひか</c><2>りが</c><1></c>,つきのひかりが
6.857,7.157,-1,-1,<1></c><3>月の光</c><2>が</c><1></c>,月の光が
6.857,7.157,-1,0,<1></c><3>つきのひかり</c><2>が</c><1></c>,つきのひかりが
7.157,8.359,-1,-1,<1></c><3>月の光が</c><1></c>,月の光が
7.157,8.359,-1,0,<1></c><3>つきのひかりが</c><1></c>,つきのひかりが
8.359,8.692,-1,-1,<1></c><3>映</c><2>したエピローグ</c><1></c>,映したエピローグ
8.359,8.692,-1,0,<1></c><3>う</c><2>つしたえぴろーぐ</c><1></c>,うつしたえぴろーぐ
8.692,8.959,-1,-1,<1></c><3>映</c><2>したエピローグ</c><1></c>,映したエピローグ
8.692,8.959,-1,0,<1></c><3>うつ</c><2>したえぴろーぐ</c><1></c>,うつしたえぴろーぐ
8.959,9.893,-1,-1,<1></c><3>映し</c><2>たエピローグ</c><1></c>,映したエピローグ
8.959,9.893,-1,0,<1></c><3>うつし</c><2>たえぴろーぐ</c><1></c>,うつしたえぴろーぐ
9.893,10.761,-1,-1,<1></c><3>映した</c><2>エピローグ</c><1></c>,映したエピローグ
9.893,10.761,-1,0,<1></c><3>うつした</c><2>えぴろーぐ</c><1></c>,うつしたえぴろーぐ
10.761,11.662,-1,-1,<1></c><3>映したエ</c><2>ピローグ</c><1></c>,映したエピローグ
10.761,11.662,-1,0,<1></c><3>うつしたえ</c><2>ぴろーぐ</c><1></c>,うつしたえぴろーぐ
11.662,12.563,-1,-1,<1></c><3>映したエピ</c><2>ローグ</c><1></c>,映したエピローグ
11.662,12.563,-1,0,<1></c><3>うつしたえぴ</c><2>ろーぐ</c><1></c>,うつしたえぴろーぐ
12.563,14.431,-1,-1,<1></c><3>映したエピロ</c><2>ーグ</c><1></c>,映したエピローグ
12.563,14.431,-1,0,<1></c><3>うつしたえぴろ</c><2>ーぐ</c><1></c>,うつしたえぴろーぐ
14.431,15.399,-1,-1,<1></c><3>映したエピロー</c><2>グ</c><1></c>,映したエピローグ
14.431,15.399,-1,0,<1></c><3>うつしたえぴろー</c><2>ぐ</c><1></c>,うつしたえぴろーぐ
15.399,15.899,-1,-1,<1></c><3>映したエピローグ</c><1></c>,映したエピローグ
15.399,15.899,-1,0,<1></c><3>うつしたえぴろーぐ</c><1></c>,うつしたえぴろーぐ
20.504,34.218,-1,0,<1></c><3>屋根裏のエピローグ／尾丸ポルカ</c><1></c>,屋根裏のエピローグ／尾丸ポルカ
20.504,23.941,-1,-1,<1></c><3>作詞、編曲：osterproject</c><1></c>,作詞、編曲：osterproject
23.941,27.378,-1,-1,<1></c><3>イラスト：ぼっくん</c><1></c>,イラスト：ぼっくん
27.378,30.781,-1,-1,<1></c><3>ロゴデザイン：ナゴ</c><1></c>,ロゴデザイン：ナゴ
30.781,34.218,-1,-1,<1></c><3>映像：ねびる</c><1></c>,映像：ねびる
34.218,37.654,-1,-1,<1></c><3>歌：尾丸ポルカ</c><1></c>,歌：尾丸ポルカ
47.931,48.198,-1,-1,<1></c><3>静</c><2>かに更ける夜に抱かれ</c><1></c>,静かに更ける夜に抱かれ
47.931,48.198,-1,0,<1></c><3>し</c><2>ずかにふけるよるにだかれ</c><1></c>,しずかにふけるよるにだかれ
48.198,48.499,-1,-1,<1></c><3>静</c><2>かに更ける夜に抱かれ</c><1></c>,静かに更ける夜に抱かれ
48.198,48.499,-1,0,<1></c><3>しず</c><2>かにふけるよるにだかれ</c><1></c>,しずかにふけるよるにだかれ
48.499,48.766,-1,-1,<1></c><3>静か</c><2>に更ける夜に抱かれ</c><1></c>,静かに更ける夜に抱かれ
48.499,48.766,-1,0,<1></c><3>しずか</c><2>にふけるよるにだかれ</c><1></c>,しずかにふけるよるにだかれ
48.766,49.066,-1,-1,<1></c><3>静かに</c><2>更ける夜に抱かれ</c><1></c>,静かに更ける夜に抱かれ
48.766,49.066,-1,0,<1></c><3>しずかに</c><2>ふけるよるにだかれ</c><1></c>,しずかにふけるよるにだかれ
49.066,49.366,-1,-1,<1></c><3>静かに更</c><2>ける夜に抱かれ</c><1></c>,静かに更ける夜に抱かれ
49.066,49.366,-1,0,<1></c><3>しずかにふ</c><2>けるよるにだかれ</c><1></c>,しずかにふけるよるにだかれ
49.366,49.633,-1,-1,<1></c><3>静かに更け</c><2>る夜に抱かれ</c><1></c>,静かに更ける夜に抱かれ
49.366,49.633,-1,0,<1></c><3>しずかにふけ</c><2>るよるにだかれ</c><1></c>,しずかにふけるよるにだかれ
49.633,50.501,-1,-1,<1></c><3>静かに更ける</c><2>夜に抱かれ</c><1></c>,静かに更ける夜に抱かれ
49.633,50.501,-1,0,<1></c><3>しずかにふける</c><2>よるにだかれ</c><1></c>,しずかにふけるよるにだかれ
50.501,51.068,-1,-1,<1></c><3>静かに更ける夜</c><2>に抱かれ</c><1></c>,静かに更ける夜に抱かれ
50.501,51.068,-1,0,<1></c><3>しずかにふけるよ</c><2>るにだかれ</c><1></c>,しずかにふけるよるにだかれ
51.068,51.368,-1,-1,<1></c><3>静かに更ける夜</c><2>に抱かれ</c><1></c>,静かに更ける夜に抱かれ
51.068,51.368,-1,0,<1></c><3>しずかにふけるよる</c><2>にだかれ</c><1></c>,しずかにふけるよるにだかれ
51.368,52.503,-1,-1,<1></c><3>静かに更ける夜に</c><2>抱かれ</c><1></c>,静かに更ける夜に抱かれ
51.368,52.503,-1,0,<1></c><3>しずかにふけるよるに</c><2>だかれ</c><1></c>,しずかにふけるよるにだかれ
52.503,52.803,-1,-1,<1></c><3>静かに更ける夜に抱</c><2>かれ</c><1></c>,静かに更ける夜に抱かれ
52.503,52.803,-1,0,<1></c><3>しずかにふけるよるにだ</c><2>かれ</c><1></c>,しずかにふけるよるにだかれ
52.803,53.07,-1,-1,<1></c><3>静かに更ける夜に抱か</c><2>れ</c><1></c>,静かに更ける夜に抱かれ
52.803,53.07,-1,0,<1></c><3>しずかにふけるよるにだか</c><2>れ</c><1></c>,しずかにふけるよるにだかれ
53.07,54.204,-1,-1,<1></c><3>静かに更ける夜に抱かれ</c><1></c>,静かに更ける夜に抱かれ
53.07,54.204,-1,0,<1></c><3>しずかにふけるよるにだかれ</c><1></c>,しずかにふけるよるにだかれ
54.204,54.471,-1,-1,<1></c><3>空</c><2>に消える白い息眺めた</c><1></c>,空に消える白い息眺めた
54.204,54.471,-1,0,<1></c><3>そ</c><2>らにきえるしろいいきながめた</c><1></c>,そらにきえるしろいいきながめた
54.471,54.772,-1,-1,<1></c><3>空</c><2>に消える白い息眺めた</c><1></c>,空に消える白い息眺めた
54.471,54.772,-1,0,<1></c><3>そら</c><2>にきえるしろいいきながめた</c><1></c>,そらにきえるしろいいきながめた
54.772,55.939,-1,-1,<1></c><3>空に</c><2>消える白い息眺めた</c><1></c>,空に消える白い息眺めた
54.772,55.939,-1,0,<1></c><3>そらに</c><2>きえるしろいいきながめた</c><1></c>,そらにきえるしろいいきながめた
55.939,56.206,-1,-1,<1></c><3>空に消</c><2>える白い息眺めた</c><1></c>,空に消える白い息眺めた
55.939,56.206,-1,0,<1></c><3>そらにき</c><2>えるしろいいきながめた</c><1></c>,そらにきえるしろいいきながめた
56.206,56.473,-1,-1,<1></c><3>空に消え</c><2>る白い息眺めた</c><1></c>,空に消える白い息眺めた
56.206,56.473,-1,0,<1></c><3>そらにきえ</c><2>るしろいいきながめた</c><1></c>,そらにきえるしろいいきながめた
56.473,57.608,-1,-1,<1></c><3>空に消える</c><2>白い息眺めた</c><1></c>,空に消える白い息眺めた
56.473,57.608,-1,0,<1></c><3>そらにきえる</c><2>しろいいきながめた</c><1></c>,そらにきえるしろいいきながめた
57.608,57.908,-1,-1,<1></c><3>空に消える白</c><2>い息眺めた</c><1></c>,空に消える白い息眺めた
57.608,57.908,-1,0,<1></c><3>そらにきえるし</c><2>ろいいきながめた</c><1></c>,そらにきえるしろいいきながめた
57.908,58.208,-1,-1,<1></c><3>空に消える白</c><2>い息眺めた</c><1></c>,空に消える白い息眺めた
57.908,58.208,-1,0,<1></c><3>そらにきえるしろ</c><2>いいきながめた</c><1></c>,そらにきえるしろいいきながめた
58.208,58.509,-1,-1,<1></c><3>空に消える白い</c><2>息眺めた</c><1></c>,空に消える白い息眺めた
58.208,58.509,-1,0,<1></c><3>そらにきえるしろい</c><2>いきながめた</c><1></c>,そらにきえるしろいいきながめた
58.509,58.809,-1,-1,<1></c><3>空に消える白い息</c><2>眺めた</c><1></c>,空に消える白い息眺めた
58.509,58.809,-1,0,<1></c><3>そらにきえるしろいい</c><2>きながめた</c><1></c>,そらにきえるしろいいきながめた
58.809,59.343,-1,-1,<1></c><3>空に消える白い息</c><2>眺めた</c><1></c>,空に消える白い息眺めた
58.809,59.343,-1,0,<1></c><3>そらにきえるしろいいき</c><2>ながめた</c><1></c>,そらにきえるしろいいきながめた
59.343,59.643,-1,-1,<1></c><3>空に消える白い息眺</c><2>めた</c><1></c>,空に消える白い息眺めた
59.343,59.643,-1,0,<1></c><3>そらにきえるしろいいきな</c><2>がめた</c><1></c>,そらにきえるしろいいきながめた
59.643,59.91,-1,-1,<1></c><3>空に消える白い息眺</c><2>めた</c><1></c>,空に消える白い息眺めた
59.643,59.91,-1,0,<1></c><3>そらにきえるしろいいきなが</c><2>めた</c><1></c>,そらにきえるしろいいきながめた
59.91,60.778,-1,-1,<1></c><3>空に消える白い息眺め</c><2>た</c><1></c>,空に消える白い息眺めた
59.91,60.778,-1,0,<1></c><3>そらにきえるしろいいきながめ</c><2>た</c><1></c>,そらにきえるしろいいきながめた
60.778,61.645,-1,-1,<1></c><3>空に消える白い息眺めた</c><1></c>,空に消える白い息眺めた
60.778,61.645,-1,0,<1></c><3>そらにきえるしろいいきながめた</c><1></c>,そらにきえるしろいいきながめた
61.645,61.945,-1,-1,<1></c><3>夢</c><2>のような時間はいつも</c><1></c>,夢のような時間はいつも
61.645,61.945,-1,0,<1></c><3>ゆ</c><2>めのようなじかんはいつも</c><1></c>,ゆめのようなじかんはいつも
61.945,62.212,-1,-1,<1></c><3>夢</c><2>のような時間はいつも</c><1></c>,夢のような時間はいつも
61.945,62.212,-1,0,<1></c><3>ゆめ</c><2>のようなじかんはいつも</c><1></c>,ゆめのようなじかんはいつも
62.212,62.479,-1,-1,<1></c><3>夢の</c><2>ような時間はいつも</c><1></c>,夢のような時間はいつも
62.212,62.479,-1,0,<1></c><3>ゆめの</c><2>ようなじかんはいつも</c><1></c>,ゆめのようなじかんはいつも
62.479,62.78,-1,-1,<1></c><3>夢のよ</c><2>うな時間はいつも</c><1></c>,夢のような時間はいつも
62.479,62.78,-1,0,<1></c><3>ゆめのよ</c><2>うなじかんはいつも</c><1></c>,ゆめのようなじかんはいつも
62.78,63.08,-1,-1,<1></c><3>夢のよう</c><2>な時間はいつも</c><1></c>,夢のような時間はいつも
62.78,63.08,-1,0,<1></c><3>ゆめのよう</c><2>なじかんはいつも</c><1></c>,ゆめのようなじかんはいつも
63.08,63.347,-1,-1,<1></c><3>夢のような</c><2>時間はいつも</c><1></c>,夢のような時間はいつも
63.08,63.347,-1,0,<1></c><3>ゆめのような</c><2>じかんはいつも</c><1></c>,ゆめのようなじかんはいつも
63.347,64.214,-1,-1,<1></c><3>夢のような時</c><2>間はいつも</c><1></c>,夢のような時間はいつも
63.347,64.214,-1,0,<1></c><3>ゆめのようなじ</c><2>かんはいつも</c><1></c>,ゆめのようなじかんはいつも
64.214,64.782,-1,-1,<1></c><3>夢のような時間</c><2>はいつも</c><1></c>,夢のような時間はいつも
64.214,64.782,-1,0,<1></c><3>ゆめのようなじか</c><2>んはいつも</c><1></c>,ゆめのようなじかんはいつも
64.782,65.082,-1,-1,<1></c><3>夢のような時間</c><2>はいつも</c><1></c>,夢のような時間はいつも
64.782,65.082,-1,0,<1></c><3>ゆめのようなじかん</c><2>はいつも</c><1></c>,ゆめのようなじかんはいつも
65.082,66.216,-1,-1,<1></c><3>夢のような時間は</c><2>いつも</c><1></c>,夢のような時間はいつも
65.082,66.216,-1,0,<1></c><3>ゆめのようなじかんは</c><2>いつも</c><1></c>,ゆめのようなじかんはいつも
66.216,66.483,-1,-1,<1></c><3>夢のような時間はい</c><2>つも</c><1></c>,夢のような時間はいつも
66.216,66.483,-1,0,<1></c><3>ゆめのようなじかんはい</c><2>つも</c><1></c>,ゆめのようなじかんはいつも
66.483,66.784,-1,-1,<1></c><3>夢のような時間はいつ</c><2>も</c><1></c>,夢のような時間はいつも
66.483,66.784,-1,0,<1></c><3>ゆめのようなじかんはいつ</c><2>も</c><1></c>,ゆめのようなじかんはいつも
66.784,67.951,-1,-1,<1></c><3>夢のような時間はいつも</c><1></c>,夢のような時間はいつも
66.784,67.951,-1,0,<1></c><3>ゆめのようなじかんはいつも</c><1></c>,ゆめのようなじかんはいつも
67.951,68.218,-1,-1,<1></c><3>一</c><2>瞬の煌めきでも</c><1></c>,一瞬の煌めきでも
67.951,68.218,-1,0,<1></c><3>い</c><2>っしゅんのきらめきでも</c><1></c>,いっしゅんのきらめきでも
68.218,68.519,-1,-1,<1></c><3>一</c><2>瞬の煌めきでも</c><1></c>,一瞬の煌めきでも
68.218,68.519,-1,0,<1></c><3>いっ</c><2>しゅんのきらめきでも</c><1></c>,いっしゅんのきらめきでも
68.519,69.386,-1,-1,<1></c><3>一瞬</c><2>の煌めきでも</c><1></c>,一瞬の煌めきでも
68.519,69.386,-1,0,<1></c><3>いっしゅ</c><2>んのきらめきでも</c><1></c>,いっしゅんのきらめきでも
69.386,70.22,-1,-1,<1></c><3>一瞬</c><2>の煌めきでも</c><1></c>,一瞬の煌めきでも
69.386,70.22,-1,0,<1></c><3>いっしゅん</c><2>のきらめきでも</c><1></c>,いっしゅんのきらめきでも
70.22,71.088,-1,-1,<1></c><3>一瞬の</c><2>煌めきでも</c><1></c>,一瞬の煌めきでも
70.22,71.088,-1,0,<1></c><3>いっしゅんの</c><2>きらめきでも</c><1></c>,いっしゅんのきらめきでも
71.088,71.922,-1,-1,<1></c><3>一瞬の煌</c><2>めきでも</c><1></c>,一瞬の煌めきでも
71.088,71.922,-1,0,<1></c><3>いっしゅんのき</c><2>らめきでも</c><1></c>,いっしゅんのきらめきでも
71.922,72.79,-1,-1,<1></c><3>一瞬の煌</c><2>めきでも</c><1></c>,一瞬の煌めきでも
71.922,72.79,-1,0,<1></c><3>いっしゅんのきら</c><2>めきでも</c><1></c>,いっしゅんのきらめきでも
72.79,73.09,-1,-1,<1></c><3>一瞬の煌め</c><2>きでも</c><1></c>,一瞬の煌めきでも
72.79,73.09,-1,0,<1></c><3>いっしゅんのきらめ</c><2>きでも</c><1></c>,いっしゅんのきらめきでも
73.09,73.357,-1,-1,<1></c><3>一瞬の煌めき</c><2>でも</c><1></c>,一瞬の煌めきでも
73.09,73.357,-1,0,<1></c><3>いっしゅんのきらめき</c><2>でも</c><1></c>,いっしゅんのきらめきでも
73.357,73.657,-1,-1,<1></c><3>一瞬の煌めきで</c><2>も</c><1></c>,一瞬の煌めきでも
73.357,73.657,-1,0,<1></c><3>いっしゅんのきらめきで</c><2>も</c><1></c>,いっしゅんのきらめきでも
73.657,74.792,-1,-1,<1></c><3>一瞬の煌めきでも</c><1></c>,一瞬の煌めきでも
73.657,74.792,-1,0,<1></c><3>いっしゅんのきらめきでも</c><1></c>,いっしゅんのきらめきでも
74.792,75.059,-1,-1,<1></c><3>と</c><2>ても大切なものを</c><1></c>,とても大切なものを
74.792,75.059,-1,0,<1></c><3>と</c><2>てもたいせつなものを</c><1></c>,とてもたいせつなものを
75.059,75.359,-1,-1,<1></c><3>とて</c><2>も大切なものを</c><1></c>,とても大切なものを
75.059,75.359,-1,0,<1></c><3>とて</c><2>もたいせつなものを</c><1></c>,とてもたいせつなものを
75.359,75.793,-1,-1,<1></c><3>とても</c><2>大切なものを</c><1></c>,とても大切なものを
75.359,75.793,-1,0,<1></c><3>とても</c><2>たいせつなものを</c><1></c>,とてもたいせつなものを
75.793,75.926,-1,-1,<1></c><3>とても大</c><2>切なものを</c><1></c>,とても大切なものを
75.793,75.926,-1,0,<1></c><3>とてもた</c><2>いせつなものを</c><1></c>,とてもたいせつなものを
75.926,76.226,-1,-1,<1></c><3>とても大</c><2>切なものを</c><1></c>,とても大切なものを
75.926,76.226,-1,0,<1></c><3>とてもたい</c><2>せつなものを</c><1></c>,とてもたいせつなものを
76.226,76.493,-1,-1,<1></c><3>とても大切</c><2>なものを</c><1></c>,とても大切なものを
76.226,76.493,-1,0,<1></c><3>とてもたいせ</c><2>つなものを</c><1></c>,とてもたいせつなものを
76.493,76.76,-1,-1,<1></c><3>とても大切</c><2>なものを</c><1></c>,とても大切なものを
76.493,76.76,-1,0,<1></c><3>とてもたいせつ</c><2>なものを</c><1></c>,とてもたいせつなものを
76.76,77.061,-1,-1,<1></c><3>とても大切な</c><2>ものを</c><1></c>,とても大切なものを
76.76,77.061,-1,0,<1></c><3>とてもたいせつな</c><2>ものを</c><1></c>,とてもたいせつなものを
77.061,77.327,-1,-1,<1></c><3>とても大切なも</c><2>のを</c><1></c>,とても大切なものを
77.061,77.327,-1,0,<1></c><3>とてもたいせつなも</c><2>のを</c><1></c>,とてもたいせつなものを
77.327,77.628,-1,-1,<1></c><3>とても大切なもの</c><2>を</c><1></c>,とても大切なものを
77.327,77.628,-1,0,<1></c><3>とてもたいせつなもの</c><2>を</c><1></c>,とてもたいせつなものを
77.628,78.195,-1,-1,<1></c><3>とても大切なものを</c><1></c>,とても大切なものを
77.628,78.195,-1,0,<1></c><3>とてもたいせつなものを</c><1></c>,とてもたいせつなものを
78.195,78.495,-1,-1,<1></c><3>想</c><2>い出に残して</c><1></c>,想い出に残して
78.195,78.495,-1,0,<1></c><3>お</c><2>もいでにのこして</c><1></c>,おもいでにのこして
78.495,78.762,-1,-1,<1></c><3>想</c><2>い出に残して</c><1></c>,想い出に残して
78.495,78.762,-1,0,<1></c><3>おも</c><2>いでにのこして</c><1></c>,おもいでにのこして
78.762,79.196,-1,-1,<1></c><3>想い</c><2>出に残して</c><1></c>,想い出に残して
78.762,79.196,-1,0,<1></c><3>おもい</c><2>でにのこして</c><1></c>,おもいでにのこして
79.196,79.363,-1,-1,<1></c><3>想い出</c><2>に残して</c><1></c>,想い出に残して
79.196,79.363,-1,0,<1></c><3>おもいで</c><2>にのこして</c><1></c>,おもいでにのこして
79.363,79.63,-1,-1,<1></c><3>想い出に</c><2>残して</c><1></c>,想い出に残して
79.363,79.63,-1,0,<1></c><3>おもいでに</c><2>のこして</c><1></c>,おもいでにのこして
79.63,79.93,-1,-1,<1></c><3>想い出に残</c><2>して</c><1></c>,想い出に残して
79.63,79.93,-1,0,<1></c><3>おもいでにの</c><2>こして</c><1></c>,おもいでにのこして
79.93,80.23,-1,-1,<1></c><3>想い出に残</c><2>して</c><1></c>,想い出に残して
79.93,80.23,-1,0,<1></c><3>おもいでにのこ</c><2>して</c><1></c>,おもいでにのこして
80.23,80.497,-1,-1,<1></c><3>想い出に残し</c><2>て</c><1></c>,想い出に残して
80.23,80.497,-1,0,<1></c><3>おもいでにのこし</c><2>て</c><1></c>,おもいでにのこして
80.497,81.665,-1,-1,<1></c><3>想い出に残して</c><1></c>,想い出に残して
80.497,81.665,-1,0,<1></c><3>おもいでにのこして</c><1></c>,おもいでにのこして
81.665,81.932,-1,-1,<1></c><3>私</c><2>を今日も温めてくれる</c><1></c>,私を今日も温めてくれる
81.665,81.932,-1,0,<1></c><3>わ</c><2>たしをきょうもあたためてくれる</c><1></c>,わたしをきょうもあたためてくれる
81.932,82.232,-1,-1,<1></c><3>私</c><2>を今日も温めてくれる</c><1></c>,私を今日も温めてくれる
81.932,82.232,-1,0,<1></c><3>わた</c><2>しをきょうもあたためてくれる</c><1></c>,わたしをきょうもあたためてくれる
82.232,82.633,-1,-1,<1></c><3>私</c><2>を今日も温めてくれる</c><1></c>,私を今日も温めてくれる
82.232,82.633,-1,0,<1></c><3>わたし</c><2>をきょうもあたためてくれる</c><1></c>,わたしをきょうもあたためてくれる
82.633,82.8,-1,-1,<1></c><3>私を</c><2>今日も温めてくれる</c><1></c>,私を今日も温めてくれる
82.633,82.8,-1,0,<1></c><3>わたしを</c><2>きょうもあたためてくれる</c><1></c>,わたしをきょうもあたためてくれる
82.8,83.1,-1,-1,<1></c><3>私を今</c><2>日も温めてくれる</c><1></c>,私を今日も温めてくれる
82.8,83.1,-1,0,<1></c><3>わたしをきょ</c><2>うもあたためてくれる</c><1></c>,わたしをきょうもあたためてくれる
83.1,83.367,-1,-1,<1></c><3>私を今日</c><2>も温めてくれる</c><1></c>,私を今日も温めてくれる
83.1,83.367,-1,0,<1></c><3>わたしをきょう</c><2>もあたためてくれる</c><1></c>,わたしをきょうもあたためてくれる
83.367,83.667,-1,-1,<1></c><3>私を今日も</c><2>温めてくれる</c><1></c>,私を今日も温めてくれる
83.367,83.667,-1,0,<1></c><3>わたしをきょうも</c><2>あたためてくれる</c><1></c>,わたしをきょうもあたためてくれる
83.667,83.934,-1,-1,<1></c><3>私を今日も温</c><2>めてくれる</c><1></c>,私を今日も温めてくれる
83.667,83.934,-1,0,<1></c><3>わたしをきょうもあ</c><2>たためてくれる</c><1></c>,わたしをきょうもあたためてくれる
83.934,84.234,-1,-1,<1></c><3>私を今日も温</c><2>めてくれる</c><1></c>,私を今日も温めてくれる
83.934,84.234,-1,0,<1></c><3>わたしをきょうもあた</c><2>ためてくれる</c><1></c>,わたしをきょうもあたためてくれる
84.234,84.501,-1,-1,<1></c><3>私を今日も温</c><2>めてくれる</c><1></c>,私を今日も温めてくれる
84.234,84.501,-1,0,<1></c><3>わたしをきょうもあたた</c><2>めてくれる</c><1></c>,わたしをきょうもあたためてくれる
84.501,84.802,-1,-1,<1></c><3>私を今日も温め</c><2>てくれる</c><1></c>,私を今日も温めてくれる
84.501,84.802,-1,0,<1></c><3>わたしをきょうもあたため</c><2>てくれる</c><1></c>,わたしをきょうもあたためてくれる
84.802,85.102,-1,-1,<1></c><3>私を今日も温めて</c><2>くれる</c><1></c>,私を今日も温めてくれる
84.802,85.102,-1,0,<1></c><3>わたしをきょうもあたためて</c><2>くれる</c><1></c>,わたしをきょうもあたためてくれる
85.102,85.369,-1,-1,<1></c><3>私を今日も温めてく</c><2>れる</c><1></c>,私を今日も温めてくれる
85.102,85.369,-1,0,<1></c><3>わたしをきょうもあたためてく</c><2>れる</c><1></c>,わたしをきょうもあたためてくれる
85.369,85.669,-1,-1,<1></c><3>私を今日も温めてくれ</c><2>る</c><1></c>,私を今日も温めてくれる
85.369,85.669,-1,0,<1></c><3>わたしをきょうもあたためてくれ</c><2>る</c><1></c>,わたしをきょうもあたためてくれる
85.669,87.371,-1,-1,<1></c><3>私を今日も温めてくれる</c><1></c>,私を今日も温めてくれる
85.669,87.371,-1,0,<1></c><3>わたしをきょうもあたためてくれる</c><1></c>,わたしをきょうもあたためてくれる
87.371,88.238,-1,-1,<1></c><3>流</c><2>れ星に詰め込んだ願い事</c><1></c>,流れ星に詰め込んだ願い事
87.371,88.238,-1,0,<1></c><3>な</c><2>がれぼしにつめこんだねがいごと</c><1></c>,ながれぼしにつめこんだねがいごと
88.238,89.073,-1,-1,<1></c><3>流</c><2>れ星に詰め込んだ願い事</c><1></c>,流れ星に詰め込んだ願い事
88.238,89.073,-1,0,<1></c><3>なが</c><2>れぼしにつめこんだねがいごと</c><1></c>,ながれぼしにつめこんだねがいごと
89.073,89.64,-1,-1,<1></c><3>流れ</c><2>星に詰め込んだ願い事</c><1></c>,流れ星に詰め込んだ願い事
89.073,89.64,-1,0,<1></c><3>ながれ</c><2>ぼしにつめこんだねがいごと</c><1></c>,ながれぼしにつめこんだねがいごと
89.64,89.94,-1,-1,<1></c><3>流れ星</c><2>に詰め込んだ願い事</c><1></c>,流れ星に詰め込んだ願い事
89.64,89.94,-1,0,<1></c><3>ながれぼ</c><2>しにつめこんだねがいごと</c><1></c>,ながれぼしにつめこんだねがいごと
89.94,90.207,-1,-1,<1></c><3>流れ星</c><2>に詰め込んだ願い事</c><1></c>,流れ星に詰め込んだ願い事
89.94,90.207,-1,0,<1></c><3>ながれぼし</c><2>につめこんだねがいごと</c><1></c>,ながれぼしにつめこんだねがいごと
90.207,90.507,-1,-1,<1></c><3>流れ星に</c><2>詰め込んだ願い事</c><1></c>,流れ星に詰め込んだ願い事
90.207,90.507,-1,0,<1></c><3>ながれぼしに</c><2>つめこんだねがいごと</c><1></c>,ながれぼしにつめこんだねがいごと
90.507,90.808,-1,-1,<1></c><3>流れ星に詰</c><2>め込んだ願い事</c><1></c>,流れ星に詰め込んだ願い事
90.507,90.808,-1,0,<1></c><3>ながれぼしにつ</c><2>めこんだねがいごと</c><1></c>,ながれぼしにつめこんだねがいごと
90.808,91.375,-1,-1,<1></c><3>流れ星に詰め</c><2>込んだ願い事</c><1></c>,流れ星に詰め込んだ願い事
90.808,91.375,-1,0,<1></c><3>ながれぼしにつめ</c><2>こんだねがいごと</c><1></c>,ながれぼしにつめこんだねがいごと
91.375,91.642,-1,-1,<1></c><3>流れ星に詰め込</c><2>んだ願い事</c><1></c>,流れ星に詰め込んだ願い事
91.375,91.642,-1,0,<1></c><3>ながれぼしにつめこ</c><2>んだねがいごと</c><1></c>,ながれぼしにつめこんだねがいごと
91.642,92.209,-1,-1,<1></c><3>流れ星に詰め込ん</c><2>だ願い事</c><1></c>,流れ星に詰め込んだ願い事
91.642,92.209,-1,0,<1></c><3>ながれぼしにつめこん</c><2>だねがいごと</c><1></c>,ながれぼしにつめこんだねがいごと
92.209,92.509,-1,-1,<1></c><3>流れ星に詰め込んだ</c><2>願い事</c><1></c>,流れ星に詰め込んだ願い事
92.209,92.509,-1,0,<1></c><3>ながれぼしにつめこんだ</c><2>ねがいごと</c><1></c>,ながれぼしにつめこんだねがいごと
92.509,93.377,-1,-1,<1></c><3>流れ星に詰め込んだ願</c><2>い事</c><1></c>,流れ星に詰め込んだ願い事
92.509,93.377,-1,0,<1></c><3>ながれぼしにつめこんだね</c><2>がいごと</c><1></c>,ながれぼしにつめこんだねがいごと
93.377,93.677,-1,-1,<1></c><3>流れ星に詰め込んだ願</c><2>い事</c><1></c>,流れ星に詰め込んだ願い事
93.377,93.677,-1,0,<1></c><3>ながれぼしにつめこんだねが</c><2>いごと</c><1></c>,ながれぼしにつめこんだねがいごと
93.677,93.944,-1,-1,<1></c><3>流れ星に詰め込んだ願い</c><2>事</c><1></c>,流れ星に詰め込んだ願い事
93.677,93.944,-1,0,<1></c><3>ながれぼしにつめこんだねがい</c><2>ごと</c><1></c>,ながれぼしにつめこんだねがいごと
93.944,95.345,-1,-1,<1></c><3>流れ星に詰め込んだ願い事</c><1></c>,流れ星に詰め込んだ願い事
93.944,94.244,-1,0,<1></c><3>ながれぼしにつめこんだねがいご</c><2>と</c><1></c>,ながれぼしにつめこんだねがいごと
94.244,95.345,-1,0,<1></c><3>ながれぼしにつめこんだねがいごと</c><1></c>,ながれぼしにつめこんだねがいごと
95.345,95.612,-1,-1,<1></c><3>ま</c><2>た明日笑顔で</c><1></c>,また明日笑顔で
95.345,95.612,-1,0,<1></c><3>ま</c><2>たあしたえがおで</c><1></c>,またあしたえがおで
95.612,95.913,-1,-1,<1></c><3>また</c><2>明日笑顔で</c><1></c>,また明日笑顔で
95.612,95.913,-1,0,<1></c><3>また</c><2>あしたえがおで</c><1></c>,またあしたえがおで
95.913,96.213,-1,-1,<1></c><3>また明</c><2>日笑顔で</c><1></c>,また明日笑顔で
95.913,96.213,-1,0,<1></c><3>またあ</c><2>したえがおで</c><1></c>,またあしたえがおで
96.213,96.48,-1,-1,<1></c><3>また明</c><2>日笑顔で</c><1></c>,また明日笑顔で
96.213,96.48,-1,0,<1></c><3>またあし</c><2>たえがおで</c><1></c>,またあしたえがおで
96.48,97.347,-1,-1,<1></c><3>また明日</c><2>笑顔で</c><1></c>,また明日笑顔で
96.48,97.347,-1,0,<1></c><3>またあした</c><2>えがおで</c><1></c>,またあしたえがおで
97.347,97.648,-1,-1,<1></c><3>また明日笑</c><2>顔で</c><1></c>,また明日笑顔で
97.347,97.648,-1,0,<1></c><3>またあしたえ</c><2>がおで</c><1></c>,またあしたえがおで
97.648,97.915,-1,-1,<1></c><3>また明日笑顔</c><2>で</c><1></c>,また明日笑顔で
97.648,97.915,-1,0,<1></c><3>またあしたえが</c><2>おで</c><1></c>,またあしたえがおで
97.915,98.182,-1,-1,<1></c><3>また明日笑顔</c><2>で</c><1></c>,また明日笑顔で
97.915,98.182,-1,0,<1></c><3>またあしたえがお</c><2>で</c><1></c>,またあしたえがおで
98.182,99.049,-1,-1,<1></c><3>また明日笑顔で</c><1></c>,また明日笑顔で
98.182,99.049,-1,0,<1></c><3>またあしたえがおで</c><1></c>,またあしたえがおで
99.049,99.349,-1,-1,<1></c><3>会</c><2>えますように</c><1></c>,会えますように
99.049,99.349,-1,0,<1></c><3>あ</c><2>えますように</c><1></c>,あえますように
99.349,99.917,-1,-1,<1></c><3>会え</c><2>ますように</c><1></c>,会えますように
99.349,99.917,-1,0,<1></c><3>あえ</c><2>ますように</c><1></c>,あえますように
99.917,100.484,-1,-1,<1></c><3>会えま</c><2>すように</c><1></c>,会えますように
99.917,100.484,-1,0,<1></c><3>あえま</c><2>すように</c><1></c>,あえますように
100.484,100.784,-1,-1,<1></c><3>会えます</c><2>ように</c><1></c>,会えますように
100.484,100.784,-1,0,<1></c><3>あえます</c><2>ように</c><1></c>,あえますように
100.784,101.051,-1,-1,<1></c><3>会えますよ</c><2>うに</c><1></c>,会えますように
100.784,101.051,-1,0,<1></c><3>あえますよ</c><2>うに</c><1></c>,あえますように
101.051,101.919,-1,-1,<1></c><3>会えますよう</c><2>に</c><1></c>,会えますように
101.051,101.919,-1,0,<1></c><3>あえますよう</c><2>に</c><1></c>,あえますように
101.919,102.786,-1,-1,<1></c><3>会えますように</c><1></c>,会えますように
101.919,102.786,-1,0,<1></c><3>あえますように</c><1></c>,あえますように
102.786,103.387,-1,-1,<1></c><3>閉</c><2>じた瞼の裏輝く</c><1></c>,閉じた瞼の裏輝く
102.786,103.387,-1,0,<1></c><3>と</c><2>じたまぶたのうらかがやく</c><1></c>,とじたまぶたのうらかがやく
103.387,103.654,-1,-1,<1></c><3>閉じ</c><2>た瞼の裏輝く</c><1></c>,閉じた瞼の裏輝く
103.387,103.654,-1,0,<1></c><3>とじ</c><2>たまぶたのうらかがやく</c><1></c>,とじたまぶたのうらかがやく
103.654,103.921,-1,-1,<1></c><3>閉じた</c><2>瞼の裏輝く</c><1></c>,閉じた瞼の裏輝く
103.654,103.921,-1,0,<1></c><3>とじた</c><2>まぶたのうらかがやく</c><1></c>,とじたまぶたのうらかがやく
103.921,104.221,-1,-1,<1></c><3>閉じた瞼</c><2>の裏輝く</c><1></c>,閉じた瞼の裏輝く
103.921,104.221,-1,0,<1></c><3>とじたま</c><2>ぶたのうらかがやく</c><1></c>,とじたまぶたのうらかがやく
104.221,104.488,-1,-1,<1></c><3>閉じた瞼</c><2>の裏輝く</c><1></c>,閉じた瞼の裏輝く
104.221,104.488,-1,0,<1></c><3>とじたまぶ</c><2>たのうらかがやく</c><1></c>,とじたまぶたのうらかがやく
104.488,105.055,-1,-1,<1></c><3>閉じた瞼</c><2>の裏輝く</c><1></c>,閉じた瞼の裏輝く
104.488,105.055,-1,0,<1></c><3>とじたまぶた</c><2>のうらかがやく</c><1></c>,とじたまぶたのうらかがやく
105.055,105.322,-1,-1,<1></c><3>閉じた瞼の</c><2>裏輝く</c><1></c>,閉じた瞼の裏輝く
105.055,105.322,-1,0,<1></c><3>とじたまぶたの</c><2>うらかがやく</c><1></c>,とじたまぶたのうらかがやく
105.322,105.923,-1,-1,<1></c><3>閉じた瞼の裏</c><2>輝く</c><1></c>,閉じた瞼の裏輝く
105.322,105.923,-1,0,<1></c><3>とじたまぶたのう</c><2>らかがやく</c><1></c>,とじたまぶたのうらかがやく
105.923,106.223,-1,-1,<1></c><3>閉じた瞼の裏</c><2>輝く</c><1></c>,閉じた瞼の裏輝く
105.923,106.223,-1,0,<1></c><3>とじたまぶたのうら</c><2>かがやく</c><1></c>,とじたまぶたのうらかがやく
106.223,107.357,-1,-1,<1></c><3>閉じた瞼の裏輝</c><2>く</c><1></c>,閉じた瞼の裏輝く
106.223,107.357,-1,0,<1></c><3>とじたまぶたのうらか</c><2>がやく</c><1></c>,とじたまぶたのうらかがやく
107.357,107.624,-1,-1,<1></c><3>閉じた瞼の裏輝</c><2>く</c><1></c>,閉じた瞼の裏輝く
107.357,107.624,-1,0,<1></c><3>とじたまぶたのうらかが</c><2>やく</c><1></c>,とじたまぶたのうらかがやく
107.624,107.925,-1,-1,<1></c><3>閉じた瞼の裏輝</c><2>く</c><1></c>,閉じた瞼の裏輝く
107.624,107.925,-1,0,<1></c><3>とじたまぶたのうらかがや</c><2>く</c><1></c>,とじたまぶたのうらかがやく
107.925,109.059,-1,-1,<1></c><3>閉じた瞼の裏輝く</c><1></c>,閉じた瞼の裏輝く
107.925,109.059,-1,0,<1></c><3>とじたまぶたのうらかがやく</c><1></c>,とじたまぶたのうらかがやく
109.059,109.359,-1,-1,<1></c><3>あ</c><2>の景色抱いて</c><1></c>,あの景色抱いて
109.059,109.359,-1,0,<1></c><3>あ</c><2>のけしきだいて</c><1></c>,あのけしきだいて
109.359,109.66,-1,-1,<1></c><3>あの</c><2>景色抱いて</c><1></c>,あの景色抱いて
109.359,109.66,-1,0,<1></c><3>あの</c><2>けしきだいて</c><1></c>,あのけしきだいて
109.66,109.96,-1,-1,<1></c><3>あの景</c><2>色抱いて</c><1></c>,あの景色抱いて
109.66,109.96,-1,0,<1></c><3>あのけ</c><2>しきだいて</c><1></c>,あのけしきだいて
109.96,110.227,-1,-1,<1></c><3>あの景色</c><2>抱いて</c><1></c>,あの景色抱いて
109.96,110.227,-1,0,<1></c><3>あのけし</c><2>きだいて</c><1></c>,あのけしきだいて
110.227,111.361,-1,-1,<1></c><3>あの景色</c><2>抱いて</c><1></c>,あの景色抱いて
110.227,111.361,-1,0,<1></c><3>あのけしき</c><2>だいて</c><1></c>,あのけしきだいて
111.361,111.662,-1,-1,<1></c><3>あの景色抱</c><2>いて</c><1></c>,あの景色抱いて
111.361,111.662,-1,0,<1></c><3>あのけしきだ</c><2>いて</c><1></c>,あのけしきだいて
111.662,111.929,-1,-1,<1></c><3>あの景色抱い</c><2>て</c><1></c>,あの景色抱いて
111.662,111.929,-1,0,<1></c><3>あのけしきだい</c><2>て</c><1></c>,あのけしきだいて
111.929,112.496,-1,-1,<1></c><3>あの景色抱いて</c><1></c>,あの景色抱いて
111.929,112.496,-1,0,<1></c><3>あのけしきだいて</c><1></c>,あのけしきだいて
112.496,112.763,-1,-1,<1></c><3>今</c><2>日はおやすみ</c><1></c>,今日はおやすみ
112.496,112.763,-1,0,<1></c><3>きょ</c><2>うはおやすみ</c><1></c>,きょうはおやすみ
112.763,113.063,-1,-1,<1></c><3>今日</c><2>はおやすみ</c><1></c>,今日はおやすみ
112.763,113.063,-1,0,<1></c><3>きょう</c><2>はおやすみ</c><1></c>,きょうはおやすみ
113.063,114.765,-1,-1,<1></c><3>今日は</c><2>おやすみ</c><1></c>,今日はおやすみ
113.063,114.765,-1,0,<1></c><3>きょうは</c><2>おやすみ</c><1></c>,きょうはおやすみ
114.765,115.632,-1,-1,<1></c><3>今日はお</c><2>やすみ</c><1></c>,今日はおやすみ
114.765,115.632,-1,0,<1></c><3>きょうはお</c><2>やすみ</c><1></c>,きょうはおやすみ
115.632,116.3,-1,-1,<1></c><3>今日はおや</c><2>すみ</c><1></c>,今日はおやすみ
115.632,116.3,-1,0,<1></c><3>きょうはおや</c><2>すみ</c><1></c>,きょうはおやすみ
116.3,116.5,-1,-1,<1></c><3>今日はおやす</c><2>み</c><1></c>,今日はおやすみ
116.3,116.5,-1,0,<1></c><3>きょうはおやす</c><2>み</c><1></c>,きょうはおやすみ
116.5,118.936,-1,-1,<1></c><3>今日はおやすみ</c><1></c>,今日はおやすみ
116.5,118.936,-1,0,<1></c><3>きょうはおやすみ</c><1></c>,きょうはおやすみ
118.936,119.002,-1,-1,<1></c><3>今日はおやすみ</c><1></c>,今日はおやすみ
118.936,119.002,-1,0,<1></c><3>きょうはおやすみ</c><1></c>,きょうはおやすみ
119.002,119.069,-1,-1,<1></c><3>今日はおやすみ</c><1></c>,今日はおやすみ
119.002,119.069,-1,0,<1></c><3>きょうはおやすみ</c><1></c>,きょうはおやすみ
119.069,119.136,-1,-1,<1></c><3>今日はおやすみ</c><1></c>,今日はおやすみ
119.069,119.136,-1,0,<1></c><3>きょうはおやすみ</c><1></c>,きょうはおやすみ
119.136,119.203,-1,-1,<1></c><3>今日はおやすみ</c><1></c>,今日はおやすみ
119.136,119.203,-1,0,<1></c><3>きょうはおやすみ</c><1></c>,きょうはおやすみ
119.203,119.269,-1,-1,<1></c><3>今日はおやすみ</c><1></c>,今日はおやすみ
119.203,119.269,-1,0,<1></c><3>きょうはおやすみ</c><1></c>,きょうはおやすみ
119.269,119.336,-1,-1,<1></c><3>今日はおやすみ</c><1></c>,今日はおやすみ
119.269,119.336,-1,0,<1></c><3>きょうはおやすみ</c><1></c>,きょうはおやすみ
119.336,119.403,-1,-1,<1></c><3>今日はおやすみ</c><1></c>,今日はおやすみ
119.336,119.403,-1,0,<1></c><3>きょうはおやすみ</c><1></c>,きょうはおやすみ
119.403,119.47,-1,-1,<1></c><3>今日はおやすみ</c><1></c>,今日はおやすみ
119.403,119.47,-1,0,<1></c><3>きょうはおやすみ</c><1></c>,きょうはおやすみ
119.47,119.536,-1,-1,<1></c><3>今日はおやすみ</c><1></c>,今日はおやすみ
119.47,119.536,-1,0,<1></c><3>きょうはおやすみ</c><1></c>,きょうはおやすみ
119.536,119.603,-1,-1,<1></c><3>今日はおやすみ</c><1></c>,今日はおやすみ
119.536,119.603,-1,0,<1></c><3>きょうはおやすみ</c><1></c>,きょうはおやすみ
119.603,119.67,-1,-1,<1></c><3>今日はおやすみ</c><1></c>,今日はおやすみ
119.603,119.67,-1,0,<1></c><3>きょうはおやすみ</c><1></c>,きょうはおやすみ
119.67,119.736,-1,-1,<1></c><3>今日はおやすみ</c><1></c>,今日はおやすみ
119.67,119.736,-1,0,<1></c><3>きょうはおやすみ</c><1></c>,きょうはおやすみ
119.736,119.803,-1,-1,<1></c><3>今日はおやすみ</c><1></c>,今日はおやすみ
119.736,119.803,-1,0,<1></c><3>きょうはおやすみ</c><1></c>,きょうはおやすみ
119.803,119.87,-1,-1,<1></c><3>今日はおやすみ</c><1></c>,今日はおやすみ
119.803,119.87,-1,0,<1></c><3>きょうはおやすみ</c><1></c>,きょうはおやすみ
119.87,119.937,-1,-1,<1></c><3>今日はおやすみ</c><1></c>,今日はおやすみ
119.87,119.937,-1,0,<1></c><3>きょうはおやすみ</c><1></c>,きょうはおやすみ
135.385,135.686,-1,-1,<1></c><3>待</c><2>ち遠しい夢の続きを</c><1></c>,待ち遠しい夢の続きを
135.385,135.686,-1,0,<1></c><3>ま</c><2>ちどおしいゆめのつづきを</c><1></c>,まちどおしいゆめのつづきを
135.686,135.953,-1,-1,<1></c><3>待ち</c><2>遠しい夢の続きを</c><1></c>,待ち遠しい夢の続きを
135.686,135.953,-1,0,<1></c><3>まち</c><2>どおしいゆめのつづきを</c><1></c>,まちどおしいゆめのつづきを
135.953,136.253,-1,-1,<1></c><3>待ち遠</c><2>しい夢の続きを</c><1></c>,待ち遠しい夢の続きを
135.953,136.253,-1,0,<1></c><3>まちど</c><2>おしいゆめのつづきを</c><1></c>,まちどおしいゆめのつづきを
136.253,136.52,-1,-1,<1></c><3>待ち遠</c><2>しい夢の続きを</c><1></c>,待ち遠しい夢の続きを
136.253,136.52,-1,0,<1></c><3>まちどお</c><2>しいゆめのつづきを</c><1></c>,まちどおしいゆめのつづきを
136.52,136.82,-1,-1,<1></c><3>待ち遠し</c><2>い夢の続きを</c><1></c>,待ち遠しい夢の続きを
136.52,136.82,-1,0,<1></c><3>まちどおし</c><2>いゆめのつづきを</c><1></c>,まちどおしいゆめのつづきを
136.82,137.087,-1,-1,<1></c><3>待ち遠しい</c><2>夢の続きを</c><1></c>,待ち遠しい夢の続きを
136.82,137.087,-1,0,<1></c><3>まちどおしい</c><2>ゆめのつづきを</c><1></c>,まちどおしいゆめのつづきを
137.087,137.921,-1,-1,<1></c><3>待ち遠しい夢</c><2>の続きを</c><1></c>,待ち遠しい夢の続きを
137.087,137.921,-1,0,<1></c><3>まちどおしいゆ</c><2>めのつづきを</c><1></c>,まちどおしいゆめのつづきを
137.921,138.522,-1,-1,<1></c><3>待ち遠しい夢</c><2>の続きを</c><1></c>,待ち遠しい夢の続きを
137.921,138.522,-1,0,<1></c><3>まちどおしいゆめ</c><2>のつづきを</c><1></c>,まちどおしいゆめのつづきを
138.522,138.789,-1,-1,<1></c><3>待ち遠しい夢の</c><2>続きを</c><1></c>,待ち遠しい夢の続きを
138.522,138.789,-1,0,<1></c><3>まちどおしいゆめの</c><2>つづきを</c><1></c>,まちどおしいゆめのつづきを
138.789,139.957,-1,-1,<1></c><3>待ち遠しい夢の続</c><2>きを</c><1></c>,待ち遠しい夢の続きを
138.789,139.957,-1,0,<1></c><3>まちどおしいゆめのつ</c><2>づきを</c><1></c>,まちどおしいゆめのつづきを
139.957,140.257,-1,-1,<1></c><3>待ち遠しい夢の続</c><2>きを</c><1></c>,待ち遠しい夢の続きを
139.957,140.257,-1,0,<1></c><3>まちどおしいゆめのつづ</c><2>きを</c><1></c>,まちどおしいゆめのつづきを
140.257,140.524,-1,-1,<1></c><3>待ち遠しい夢の続き</c><2>を</c><1></c>,待ち遠しい夢の続きを
140.257,140.524,-1,0,<1></c><3>まちどおしいゆめのつづき</c><2>を</c><1></c>,まちどおしいゆめのつづきを
140.524,141.658,-1,-1,<1></c><3>待ち遠しい夢の続きを</c><1></c>,待ち遠しい夢の続きを
140.524,141.658,-1,0,<1></c><3>まちどおしいゆめのつづきを</c><1></c>,まちどおしいゆめのつづきを
141.658,141.925,-1,-1,<1></c><3>待</c><2>ち切れない子供みたいに</c><1></c>,待ち切れない子供みたいに
141.658,141.925,-1,0,<1></c><3>ま</c><2>ちきれないこどもみたいに</c><1></c>,まちきれないこどもみたいに
141.925,142.226,-1,-1,<1></c><3>待ち</c><2>切れない子供みたいに</c><1></c>,待ち切れない子供みたいに
141.925,142.226,-1,0,<1></c><3>まち</c><2>きれないこどもみたいに</c><1></c>,まちきれないこどもみたいに
142.226,143.36,-1,-1,<1></c><3>待ち切</c><2>れない子供みたいに</c><1></c>,待ち切れない子供みたいに
142.226,143.36,-1,0,<1></c><3>まちき</c><2>れないこどもみたいに</c><1></c>,まちきれないこどもみたいに
143.36,143.694,-1,-1,<1></c><3>待ち切れ</c><2>ない子供みたいに</c><1></c>,待ち切れない子供みたいに
143.36,143.694,-1,0,<1></c><3>まちきれ</c><2>ないこどもみたいに</c><1></c>,まちきれないこどもみたいに
143.694,143.927,-1,-1,<1></c><3>待ち切れな</c><2>い子供みたいに</c><1></c>,待ち切れない子供みたいに
143.694,143.927,-1,0,<1></c><3>まちきれな</c><2>いこどもみたいに</c><1></c>,まちきれないこどもみたいに
143.927,145.095,-1,-1,<1></c><3>待ち切れない</c><2>子供みたいに</c><1></c>,待ち切れない子供みたいに
143.927,145.095,-1,0,<1></c><3>まちきれない</c><2>こどもみたいに</c><1></c>,まちきれないこどもみたいに
145.095,145.362,-1,-1,<1></c><3>待ち切れない子</c><2>供みたいに</c><1></c>,待ち切れない子供みたいに
145.095,145.362,-1,0,<1></c><3>まちきれないこ</c><2>どもみたいに</c><1></c>,まちきれないこどもみたいに
145.362,145.662,-1,-1,<1></c><3>待ち切れない子供</c><2>みたいに</c><1></c>,待ち切れない子供みたいに
145.362,145.662,-1,0,<1></c><3>まちきれないこど</c><2>もみたいに</c><1></c>,まちきれないこどもみたいに
145.662,146.263,-1,-1,<1></c><3>待ち切れない子供</c><2>みたいに</c><1></c>,待ち切れない子供みたいに
145.662,146.263,-1,0,<1></c><3>まちきれないこども</c><2>みたいに</c><1></c>,まちきれないこどもみたいに
146.263,146.797,-1,-1,<1></c><3>待ち切れない子供み</c><2>たいに</c><1></c>,待ち切れない子供みたいに
146.263,146.797,-1,0,<1></c><3>まちきれないこどもみ</c><2>たいに</c><1></c>,まちきれないこどもみたいに
146.797,147.097,-1,-1,<1></c><3>待ち切れない子供みた</c><2>いに</c><1></c>,待ち切れない子供みたいに
146.797,147.097,-1,0,<1></c><3>まちきれないこどもみた</c><2>いに</c><1></c>,まちきれないこどもみたいに
147.097,147.364,-1,-1,<1></c><3>待ち切れない子供みたい</c><2>に</c><1></c>,待ち切れない子供みたいに
147.097,147.364,-1,0,<1></c><3>まちきれないこどもみたい</c><2>に</c><1></c>,まちきれないこどもみたいに
147.364,148.499,-1,-1,<1></c><3>待ち切れない子供みたいに</c><1></c>,待ち切れない子供みたいに
147.364,148.499,-1,0,<1></c><3>まちきれないこどもみたいに</c><1></c>,まちきれないこどもみたいに
148.499,148.765,-1,-1,<1></c><3>降</c><2>りた幕を背に眺めた星空</c><1></c>,降りた幕を背に眺めた星空
148.499,148.765,-1,0,<1></c><3>お</c><2>りたまくをせにながめたほしぞら</c><1></c>,おりたまくをせにながめたほしぞら
148.765,149.066,-1,-1,<1></c><3>降り</c><2>た幕を背に眺めた星空</c><1></c>,降りた幕を背に眺めた星空
148.765,149.066,-1,0,<1></c><3>おり</c><2>たまくをせにながめたほしぞら</c><1></c>,おりたまくをせにながめたほしぞら
149.066,149.366,-1,-1,<1></c><3>降りた</c><2>幕を背に眺めた星空</c><1></c>,降りた幕を背に眺めた星空
149.066,149.366,-1,0,<1></c><3>おりた</c><2>まくをせにながめたほしぞら</c><1></c>,おりたまくをせにながめたほしぞら
149.366,149.666,-1,-1,<1></c><3>降りた幕</c><2>を背に眺めた星空</c><1></c>,降りた幕を背に眺めた星空
149.366,149.666,-1,0,<1></c><3>おりたま</c><2>くをせにながめたほしぞら</c><1></c>,おりたまくをせにながめたほしぞら
149.666,149.933,-1,-1,<1></c><3>降りた幕</c><2>を背に眺めた星空</c><1></c>,降りた幕を背に眺めた星空
149.666,149.933,-1,0,<1></c><3>おりたまく</c><2>をせにながめたほしぞら</c><1></c>,おりたまくをせにながめたほしぞら
149.933,150.2,-1,-1,<1></c><3>降りた幕を</c><2>背に眺めた星空</c><1></c>,降りた幕を背に眺めた星空
149.933,150.2,-1,0,<1></c><3>おりたまくを</c><2>せにながめたほしぞら</c><1></c>,おりたまくをせにながめたほしぞら
150.2,150.501,-1,-1,<1></c><3>降りた幕を背</c><2>に眺めた星空</c><1></c>,降りた幕を背に眺めた星空
150.2,150.501,-1,0,<1></c><3>おりたまくをせ</c><2>にながめたほしぞら</c><1></c>,おりたまくをせにながめたほしぞら
150.501,150.767,-1,-1,<1></c><3>降りた幕を背に</c><2>眺めた星空</c><1></c>,降りた幕を背に眺めた星空
150.501,150.767,-1,0,<1></c><3>おりたまくをせに</c><2>ながめたほしぞら</c><1></c>,おりたまくをせにながめたほしぞら
150.767,151.635,-1,-1,<1></c><3>降りた幕を背に眺</c><2>めた星空</c><1></c>,降りた幕を背に眺めた星空
150.767,151.635,-1,0,<1></c><3>おりたまくをせにな</c><2>がめたほしぞら</c><1></c>,おりたまくをせにながめたほしぞら
151.635,152.202,-1,-1,<1></c><3>降りた幕を背に眺</c><2>めた星空</c><1></c>,降りた幕を背に眺めた星空
151.635,152.202,-1,0,<1></c><3>おりたまくをせになが</c><2>めたほしぞら</c><1></c>,おりたまくをせにながめたほしぞら
152.202,152.503,-1,-1,<1></c><3>降りた幕を背に眺め</c><2>た星空</c><1></c>,降りた幕を背に眺めた星空
152.202,152.503,-1,0,<1></c><3>おりたまくをせにながめ</c><2>たほしぞら</c><1></c>,おりたまくをせにながめたほしぞら
152.503,153.337,-1,-1,<1></c><3>降りた幕を背に眺めた</c><2>星空</c><1></c>,降りた幕を背に眺めた星空
152.503,153.337,-1,0,<1></c><3>おりたまくをせにながめた</c><2>ほしぞら</c><1></c>,おりたまくをせにながめたほしぞら
153.337,153.637,-1,-1,<1></c><3>降りた幕を背に眺めた星</c><2>空</c><1></c>,降りた幕を背に眺めた星空
153.337,153.637,-1,0,<1></c><3>おりたまくをせにながめたほ</c><2>しぞら</c><1></c>,おりたまくをせにながめたほしぞら
153.637,153.937,-1,-1,<1></c><3>降りた幕を背に眺めた星</c><2>空</c><1></c>,降りた幕を背に眺めた星空
153.637,153.937,-1,0,<1></c><3>おりたまくをせにながめたほし</c><2>ぞら</c><1></c>,おりたまくをせにながめたほしぞら
153.937,155.372,-1,-1,<1></c><3>降りた幕を背に眺めた星空</c><1></c>,降りた幕を背に眺めた星空
153.937,154.204,-1,0,<1></c><3>おりたまくをせにながめたほしぞ</c><2>ら</c><1></c>,おりたまくをせにながめたほしぞら
154.204,155.372,-1,0,<1></c><3>おりたまくをせにながめたほしぞら</c><1></c>,おりたまくをせにながめたほしぞら
155.372,155.639,-1,-1,<1></c><3>明</c><2>日も輝いてたい</c><1></c>,明日も輝いてたい
155.372,155.639,-1,0,<1></c><3>あ</c><2>したもかがやいてたい</c><1></c>,あしたもかがやいてたい
155.639,155.939,-1,-1,<1></c><3>明</c><2>日も輝いてたい</c><1></c>,明日も輝いてたい
155.639,155.939,-1,0,<1></c><3>あし</c><2>たもかがやいてたい</c><1></c>,あしたもかがやいてたい
155.939,156.807,-1,-1,<1></c><3>明日</c><2>も輝いてたい</c><1></c>,明日も輝いてたい
155.939,156.807,-1,0,<1></c><3>あした</c><2>もかがやいてたい</c><1></c>,あしたもかがやいてたい
156.807,157.641,-1,-1,<1></c><3>明日も</c><2>輝いてたい</c><1></c>,明日も輝いてたい
156.807,157.641,-1,0,<1></c><3>あしたも</c><2>かがやいてたい</c><1></c>,あしたもかがやいてたい
157.641,158.509,-1,-1,<1></c><3>明日も輝</c><2>いてたい</c><1></c>,明日も輝いてたい
157.641,158.509,-1,0,<1></c><3>あしたもか</c><2>がやいてたい</c><1></c>,あしたもかがやいてたい
158.509,159.376,-1,-1,<1></c><3>明日も輝</c><2>いてたい</c><1></c>,明日も輝いてたい
158.509,159.376,-1,0,<1></c><3>あしたもかが</c><2>やいてたい</c><1></c>,あしたもかがやいてたい
159.376,160.21,-1,-1,<1></c><3>明日も輝</c><2>いてたい</c><1></c>,明日も輝いてたい
159.376,160.21,-1,0,<1></c><3>あしたもかがや</c><2>いてたい</c><1></c>,あしたもかがやいてたい
160.21,160.511,-1,-1,<1></c><3>明日も輝い</c><2>てたい</c><1></c>,明日も輝いてたい
160.21,160.511,-1,0,<1></c><3>あしたもかがやい</c><2>てたい</c><1></c>,あしたもかがやいてたい
160.511,160.777,-1,-1,<1></c><3>明日も輝いて</c><2>たい</c><1></c>,明日も輝いてたい
160.511,160.777,-1,0,<1></c><3>あしたもかがやいて</c><2>たい</c><1></c>,あしたもかがやいてたい
160.777,161.078,-1,-1,<1></c><3>明日も輝いてた</c><2>い</c><1></c>,明日も輝いてたい
160.777,161.078,-1,0,<1></c><3>あしたもかがやいてた</c><2>い</c><1></c>,あしたもかがやいてたい
161.078,162.212,-1,-1,<1></c><3>明日も輝いてたい</c><1></c>,明日も輝いてたい
161.078,162.212,-1,0,<1></c><3>あしたもかがやいてたい</c><1></c>,あしたもかがやいてたい
162.212,162.479,-1,-1,<1></c><3>消</c><2>えてゆく白熱灯</c><1></c>,消えてゆく白熱灯
162.212,162.479,-1,0,<1></c><3>き</c><2>えてゆくはくねつとう</c><1></c>,きえてゆくはくねつとう
162.479,162.779,-1,-1,<1></c><3>消え</c><2>てゆく白熱灯</c><1></c>,消えてゆく白熱灯
162.479,162.779,-1,0,<1></c><3>きえ</c><2>てゆくはくねつとう</c><1></c>,きえてゆくはくねつとう
162.779,163.213,-1,-1,<1></c><3>消えて</c><2>ゆく白熱灯</c><1></c>,消えてゆく白熱灯
162.779,163.213,-1,0,<1></c><3>きえて</c><2>ゆくはくねつとう</c><1></c>,きえてゆくはくねつとう
163.213,163.347,-1,-1,<1></c><3>消えてゆ</c><2>く白熱灯</c><1></c>,消えてゆく白熱灯
163.213,163.347,-1,0,<1></c><3>きえてゆ</c><2>くはくねつとう</c><1></c>,きえてゆくはくねつとう
163.347,163.647,-1,-1,<1></c><3>消えてゆく</c><2>白熱灯</c><1></c>,消えてゆく白熱灯
163.347,163.647,-1,0,<1></c><3>きえてゆく</c><2>はくねつとう</c><1></c>,きえてゆくはくねつとう
163.647,163.947,-1,-1,<1></c><3>消えてゆく白</c><2>熱灯</c><1></c>,消えてゆく白熱灯
163.647,163.947,-1,0,<1></c><3>きえてゆくは</c><2>くねつとう</c><1></c>,きえてゆくはくねつとう
163.947,164.214,-1,-1,<1></c><3>消えてゆく白</c><2>熱灯</c><1></c>,消えてゆく白熱灯
163.947,164.214,-1,0,<1></c><3>きえてゆくはく</c><2>ねつとう</c><1></c>,きえてゆくはくねつとう
164.214,164.481,-1,-1,<1></c><3>消えてゆく白熱</c><2>灯</c><1></c>,消えてゆく白熱灯
164.214,164.481,-1,0,<1></c><3>きえてゆくはくね</c><2>つとう</c><1></c>,きえてゆくはくねつとう
164.481,164.781,-1,-1,<1></c><3>消えてゆく白熱</c><2>灯</c><1></c>,消えてゆく白熱灯
164.481,164.781,-1,0,<1></c><3>きえてゆくはくねつ</c><2>とう</c><1></c>,きえてゆくはくねつとう
164.781,165.649,-1,-1,<1></c><3>消えてゆく白熱灯</c><1></c>,消えてゆく白熱灯
164.781,165.048,-1,0,<1></c><3>きえてゆくはくねつと</c><2>う</c><1></c>,きえてゆくはくねつとう
165.048,165.649,-1,0,<1></c><3>きえてゆくはくねつとう</c><1></c>,きえてゆくはくねつとう
165.649,165.916,-1,-1,<1></c><3>眠</c><2>りゆく街並み</c><1></c>,眠りゆく街並み
165.649,165.916,-1,0,<1></c><3>ね</c><2>むりゆくまちなみ</c><1></c>,ねむりゆくまちなみ
165.916,166.216,-1,-1,<1></c><3>眠</c><2>りゆく街並み</c><1></c>,眠りゆく街並み
165.916,166.216,-1,0,<1></c><3>ねむ</c><2>りゆくまちなみ</c><1></c>,ねむりゆくまちなみ
166.216,166.65,-1,-1,<1></c><3>眠り</c><2>ゆく街並み</c><1></c>,眠りゆく街並み
166.216,166.65,-1,0,<1></c><3>ねむり</c><2>ゆくまちなみ</c><1></c>,ねむりゆくまちなみ
166.65,166.817,-1,-1,<1></c><3>眠りゆ</c><2>く街並み</c><1></c>,眠りゆく街並み
166.65,166.817,-1,0,<1></c><3>ねむりゆ</c><2>くまちなみ</c><1></c>,ねむりゆくまちなみ
166.817,167.084,-1,-1,<1></c><3>眠りゆく</c><2>街並み</c><1></c>,眠りゆく街並み
166.817,167.084,-1,0,<1></c><3>ねむりゆく</c><2>まちなみ</c><1></c>,ねむりゆくまちなみ
167.084,167.351,-1,-1,<1></c><3>眠りゆく街</c><2>並み</c><1></c>,眠りゆく街並み
167.084,167.351,-1,0,<1></c><3>ねむりゆくま</c><2>ちなみ</c><1></c>,ねむりゆくまちなみ
167.351,167.651,-1,-1,<1></c><3>眠りゆく街</c><2>並み</c><1></c>,眠りゆく街並み
167.351,167.651,-1,0,<1></c><3>ねむりゆくまち</c><2>なみ</c><1></c>,ねむりゆくまちなみ
167.651,167.918,-1,-1,<1></c><3>眠りゆく街並</c><2>み</c><1></c>,眠りゆく街並み
167.651,167.918,-1,0,<1></c><3>ねむりゆくまちな</c><2>み</c><1></c>,ねむりゆくまちなみ
167.918,169.086,-1,-1,<1></c><3>眠りゆく街並み</c><1></c>,眠りゆく街並み
167.918,169.086,-1,0,<1></c><3>ねむりゆくまちなみ</c><1></c>,ねむりゆくまちなみ
169.086,169.353,-1,-1,<1></c><3>愛</c><2>しい終わりをこの目に映して</c><1></c>,愛しい終わりをこの目に映して
169.086,169.353,-1,0,<1></c><3>い</c><2>としいおわりをこのめにうつして</c><1></c>,いとしいおわりをこのめにうつして
169.353,169.653,-1,-1,<1></c><3>愛</c><2>しい終わりをこの目に映して</c><1></c>,愛しい終わりをこの目に映して
169.353,169.653,-1,0,<1></c><3>いと</c><2>しいおわりをこのめにうつして</c><1></c>,いとしいおわりをこのめにうつして
169.653,169.92,-1,-1,<1></c><3>愛し</c><2>い終わりをこの目に映して</c><1></c>,愛しい終わりをこの目に映して
169.653,169.92,-1,0,<1></c><3>いとし</c><2>いおわりをこのめにうつして</c><1></c>,いとしいおわりをこのめにうつして
169.92,170.087,-1,-1,<1></c><3>愛しい</c><2>終わりをこの目に映して</c><1></c>,愛しい終わりをこの目に映して
169.92,170.087,-1,0,<1></c><3>いとしい</c><2>おわりをこのめにうつして</c><1></c>,いとしいおわりをこのめにうつして
170.087,170.22,-1,-1,<1></c><3>愛しい終</c><2>わりをこの目に映して</c><1></c>,愛しい終わりをこの目に映して
170.087,170.22,-1,0,<1></c><3>いとしいお</c><2>わりをこのめにうつして</c><1></c>,いとしいおわりをこのめにうつして
170.22,170.521,-1,-1,<1></c><3>愛しい終わ</c><2>りをこの目に映して</c><1></c>,愛しい終わりをこの目に映して
170.22,170.521,-1,0,<1></c><3>いとしいおわ</c><2>りをこのめにうつして</c><1></c>,いとしいおわりをこのめにうつして
170.521,170.787,-1,-1,<1></c><3>愛しい終わり</c><2>をこの目に映して</c><1></c>,愛しい終わりをこの目に映して
170.521,170.787,-1,0,<1></c><3>いとしいおわり</c><2>をこのめにうつして</c><1></c>,いとしいおわりをこのめにうつして
170.787,171.088,-1,-1,<1></c><3>愛しい終わりを</c><2>この目に映して</c><1></c>,愛しい終わりをこの目に映して
170.787,171.088,-1,0,<1></c><3>いとしいおわりを</c><2>このめにうつして</c><1></c>,いとしいおわりをこのめにうつして
171.088,171.355,-1,-1,<1></c><3>愛しい終わりをこ</c><2>の目に映して</c><1></c>,愛しい終わりをこの目に映して
171.088,171.355,-1,0,<1></c><3>いとしいおわりをこ</c><2>のめにうつして</c><1></c>,いとしいおわりをこのめにうつして
171.355,171.655,-1,-1,<1></c><3>愛しい終わりをこの</c><2>目に映して</c><1></c>,愛しい終わりをこの目に映して
171.355,171.655,-1,0,<1></c><3>いとしいおわりをこの</c><2>めにうつして</c><1></c>,いとしいおわりをこのめにうつして
171.655,171.955,-1,-1,<1></c><3>愛しい終わりをこの目</c><2>に映して</c><1></c>,愛しい終わりをこの目に映して
171.655,171.955,-1,0,<1></c><3>いとしいおわりをこのめ</c><2>にうつして</c><1></c>,いとしいおわりをこのめにうつして
171.955,172.222,-1,-1,<1></c><3>愛しい終わりをこの目に</c><2>映して</c><1></c>,愛しい終わりをこの目に映して
171.955,172.222,-1,0,<1></c><3>いとしいおわりをこのめに</c><2>うつして</c><1></c>,いとしいおわりをこのめにうつして
172.222,172.523,-1,-1,<1></c><3>愛しい終わりをこの目に映</c><2>して</c><1></c>,愛しい終わりをこの目に映して
172.222,172.523,-1,0,<1></c><3>いとしいおわりをこのめにう</c><2>つして</c><1></c>,いとしいおわりをこのめにうつして
172.523,172.823,-1,-1,<1></c><3>愛しい終わりをこの目に映</c><2>して</c><1></c>,愛しい終わりをこの目に映して
172.523,172.823,-1,0,<1></c><3>いとしいおわりをこのめにうつ</c><2>して</c><1></c>,いとしいおわりをこのめにうつして
172.823,173.09,-1,-1,<1></c><3>愛しい終わりをこの目に映し</c><2>て</c><1></c>,愛しい終わりをこの目に映して
172.823,173.09,-1,0,<1></c><3>いとしいおわりをこのめにうつし</c><2>て</c><1></c>,いとしいおわりをこのめにうつして
173.09,176.493,-1,-1,<1></c><3>愛しい終わりをこの目に映して</c><1></c>,愛しい終わりをこの目に映して
173.09,176.493,-1,0,<1></c><3>いとしいおわりをこのめにうつして</c><1></c>,いとしいおわりをこのめにうつして
176.493,177.361,-1,-1,<1></c><3>月</c><2>明かりの差し込む屋根裏で</c><1></c>,月明かりの差し込む屋根裏で
176.493,177.361,-1,0,<1></c><3>つ</c><2>きあかりのさしこむやねうらで</c><1></c>,つきあかりのさしこむやねうらで
177.361,178.195,-1,-1,<1></c><3>月</c><2>明かりの差し込む屋根裏で</c><1></c>,月明かりの差し込む屋根裏で
177.361,178.195,-1,0,<1></c><3>つき</c><2>あかりのさしこむやねうらで</c><1></c>,つきあかりのさしこむやねうらで
178.195,178.795,-1,-1,<1></c><3>月明</c><2>かりの差し込む屋根裏で</c><1></c>,月明かりの差し込む屋根裏で
178.195,178.795,-1,0,<1></c><3>つきあ</c><2>かりのさしこむやねうらで</c><1></c>,つきあかりのさしこむやねうらで
178.795,179.329,-1,-1,<1></c><3>月明か</c><2>りの差し込む屋根裏で</c><1></c>,月明かりの差し込む屋根裏で
178.795,179.329,-1,0,<1></c><3>つきあか</c><2>りのさしこむやねうらで</c><1></c>,つきあかりのさしこむやねうらで
179.329,179.63,-1,-1,<1></c><3>月明かり</c><2>の差し込む屋根裏で</c><1></c>,月明かりの差し込む屋根裏で
179.329,179.63,-1,0,<1></c><3>つきあかり</c><2>のさしこむやねうらで</c><1></c>,つきあかりのさしこむやねうらで
179.63,179.93,-1,-1,<1></c><3>月明かりの</c><2>差し込む屋根裏で</c><1></c>,月明かりの差し込む屋根裏で
179.63,179.93,-1,0,<1></c><3>つきあかりの</c><2>さしこむやねうらで</c><1></c>,つきあかりのさしこむやねうらで
179.93,180.531,-1,-1,<1></c><3>月明かりの差</c><2>し込む屋根裏で</c><1></c>,月明かりの差し込む屋根裏で
179.93,180.531,-1,0,<1></c><3>つきあかりのさ</c><2>しこむやねうらで</c><1></c>,つきあかりのさしこむやねうらで
180.531,180.797,-1,-1,<1></c><3>月明かりの差し</c><2>込む屋根裏で</c><1></c>,月明かりの差し込む屋根裏で
180.531,180.797,-1,0,<1></c><3>つきあかりのさし</c><2>こむやねうらで</c><1></c>,つきあかりのさしこむやねうらで
180.797,181.298,-1,-1,<1></c><3>月明かりの差し込</c><2>む屋根裏で</c><1></c>,月明かりの差し込む屋根裏で
180.797,181.298,-1,0,<1></c><3>つきあかりのさしこ</c><2>むやねうらで</c><1></c>,つきあかりのさしこむやねうらで
181.298,181.632,-1,-1,<1></c><3>月明かりの差し込む</c><2>屋根裏で</c><1></c>,月明かりの差し込む屋根裏で
181.298,181.632,-1,0,<1></c><3>つきあかりのさしこむ</c><2>やねうらで</c><1></c>,つきあかりのさしこむやねうらで
181.632,182.499,-1,-1,<1></c><3>月明かりの差し込む屋</c><2>根裏で</c><1></c>,月明かりの差し込む屋根裏で
181.632,182.499,-1,0,<1></c><3>つきあかりのさしこむや</c><2>ねうらで</c><1></c>,つきあかりのさしこむやねうらで
182.499,182.799,-1,-1,<1></c><3>月明かりの差し込む屋根</c><2>裏で</c><1></c>,月明かりの差し込む屋根裏で
182.499,182.799,-1,0,<1></c><3>つきあかりのさしこむやね</c><2>うらで</c><1></c>,つきあかりのさしこむやねうらで
182.799,183.066,-1,-1,<1></c><3>月明かりの差し込む屋根裏</c><2>で</c><1></c>,月明かりの差し込む屋根裏で
182.799,183.066,-1,0,<1></c><3>つきあかりのさしこむやねう</c><2>らで</c><1></c>,つきあかりのさしこむやねうらで
183.066,183.333,-1,-1,<1></c><3>月明かりの差し込む屋根裏</c><2>で</c><1></c>,月明かりの差し込む屋根裏で
183.066,183.333,-1,0,<1></c><3>つきあかりのさしこむやねうら</c><2>で</c><1></c>,つきあかりのさしこむやねうらで
183.333,184.535,-1,-1,<1></c><3>月明かりの差し込む屋根裏で</c><1></c>,月明かりの差し込む屋根裏で
183.333,184.535,-1,0,<1></c><3>つきあかりのさしこむやねうらで</c><1></c>,つきあかりのさしこむやねうらで
184.535,184.801,-1,-1,<1></c><3>い</c><2>くつもの場面</c><1></c>,いくつもの場面
184.535,184.801,-1,0,<1></c><3>い</c><2>くつものばめん</c><1></c>,いくつものばめん
184.801,185.102,-1,-1,<1></c><3>いく</c><2>つもの場面</c><1></c>,いくつもの場面
184.801,185.102,-1,0,<1></c><3>いく</c><2>つものばめん</c><1></c>,いくつものばめん
185.102,185.369,-1,-1,<1></c><3>いくつ</c><2>もの場面</c><1></c>,いくつもの場面
185.102,185.369,-1,0,<1></c><3>いくつ</c><2>ものばめん</c><1></c>,いくつものばめん
185.369,185.669,-1,-1,<1></c><3>いくつも</c><2>の場面</c><1></c>,いくつもの場面
185.369,185.669,-1,0,<1></c><3>いくつも</c><2>のばめん</c><1></c>,いくつものばめん
185.669,186.803,-1,-1,<1></c><3>いくつもの</c><2>場面</c><1></c>,いくつもの場面
185.669,186.803,-1,0,<1></c><3>いくつもの</c><2>ばめん</c><1></c>,いくつものばめん
186.803,187.07,-1,-1,<1></c><3>いくつもの場</c><2>面</c><1></c>,いくつもの場面
186.803,187.07,-1,0,<1></c><3>いくつものば</c><2>めん</c><1></c>,いくつものばめん
187.07,188.205,-1,-1,<1></c><3>いくつもの場面</c><1></c>,いくつもの場面
187.07,187.371,-1,0,<1></c><3>いくつものばめ</c><2>ん</c><1></c>,いくつものばめん
187.371,188.205,-1,0,<1></c><3>いくつものばめん</c><1></c>,いくつものばめん
188.205,188.505,-1,-1,<1></c><3>数</c><2>え微笑む</c><1></c>,数え微笑む
188.205,188.505,-1,0,<1></c><3>か</c><2>ぞえほほえむ</c><1></c>,かぞえほほえむ
188.505,189.072,-1,-1,<1></c><3>数</c><2>え微笑む</c><1></c>,数え微笑む
188.505,189.072,-1,0,<1></c><3>かぞ</c><2>えほほえむ</c><1></c>,かぞえほほえむ
189.072,189.606,-1,-1,<1></c><3>数え</c><2>微笑む</c><1></c>,数え微笑む
189.072,189.606,-1,0,<1></c><3>かぞえ</c><2>ほほえむ</c><1></c>,かぞえほほえむ
189.606,189.907,-1,-1,<1></c><3>数え微</c><2>笑む</c><1></c>,数え微笑む
189.606,189.907,-1,0,<1></c><3>かぞえほ</c><2>ほえむ</c><1></c>,かぞえほほえむ
189.907,190.207,-1,-1,<1></c><3>数え微</c><2>笑む</c><1></c>,数え微笑む
189.907,190.207,-1,0,<1></c><3>かぞえほほ</c><2>えむ</c><1></c>,かぞえほほえむ
190.207,191.041,-1,-1,<1></c><3>数え微笑</c><2>む</c><1></c>,数え微笑む
190.207,191.041,-1,0,<1></c><3>かぞえほほえ</c><2>む</c><1></c>,かぞえほほえむ
191.041,191.909,-1,-1,<1></c><3>数え微笑む</c><1></c>,数え微笑む
191.041,191.909,-1,0,<1></c><3>かぞえほほえむ</c><1></c>,かぞえほほえむ
191.909,192.476,-1,-1,<1></c><3>ホ</c><2>ログラムで出来た夢でも</c><1></c>,ホログラムで出来た夢でも
191.909,192.476,-1,0,<1></c><3>ほ</c><2>ろぐらむでできたゆめでも</c><1></c>,ほろぐらむでできたゆめでも
192.476,192.776,-1,-1,<1></c><3>ホロ</c><2>グラムで出来た夢でも</c><1></c>,ホログラムで出来た夢でも
192.476,192.776,-1,0,<1></c><3>ほろ</c><2>ぐらむでできたゆめでも</c><1></c>,ほろぐらむでできたゆめでも
192.776,193.043,-1,-1,<1></c><3>ホログ</c><2>ラムで出来た夢でも</c><1></c>,ホログラムで出来た夢でも
192.776,193.043,-1,0,<1></c><3>ほろぐ</c><2>らむでできたゆめでも</c><1></c>,ほろぐらむでできたゆめでも
193.043,193.31,-1,-1,<1></c><3>ホログラ</c><2>ムで出来た夢でも</c><1></c>,ホログラムで出来た夢でも
193.043,193.31,-1,0,<1></c><3>ほろぐら</c><2>むでできたゆめでも</c><1></c>,ほろぐらむでできたゆめでも
193.31,193.61,-1,-1,<1></c><3>ホログラム</c><2>で出来た夢でも</c><1></c>,ホログラムで出来た夢でも
193.31,193.61,-1,0,<1></c><3>ほろぐらむ</c><2>でできたゆめでも</c><1></c>,ほろぐらむでできたゆめでも
193.61,194.211,-1,-1,<1></c><3>ホログラムで</c><2>出来た夢でも</c><1></c>,ホログラムで出来た夢でも
193.61,194.211,-1,0,<1></c><3>ほろぐらむで</c><2>できたゆめでも</c><1></c>,ほろぐらむでできたゆめでも
194.211,194.478,-1,-1,<1></c><3>ホログラムで出</c><2>来た夢でも</c><1></c>,ホログラムで出来た夢でも
194.211,194.478,-1,0,<1></c><3>ほろぐらむでで</c><2>きたゆめでも</c><1></c>,ほろぐらむでできたゆめでも
194.478,195.045,-1,-1,<1></c><3>ホログラムで出来</c><2>た夢でも</c><1></c>,ホログラムで出来た夢でも
194.478,195.045,-1,0,<1></c><3>ほろぐらむででき</c><2>たゆめでも</c><1></c>,ほろぐらむでできたゆめでも
195.045,195.345,-1,-1,<1></c><3>ホログラムで出来た</c><2>夢でも</c><1></c>,ホログラムで出来た夢でも
195.045,195.345,-1,0,<1></c><3>ほろぐらむでできた</c><2>ゆめでも</c><1></c>,ほろぐらむでできたゆめでも
195.345,196.446,-1,-1,<1></c><3>ホログラムで出来た夢</c><2>でも</c><1></c>,ホログラムで出来た夢でも
195.345,196.446,-1,0,<1></c><3>ほろぐらむでできたゆ</c><2>めでも</c><1></c>,ほろぐらむでできたゆめでも
196.446,196.78,-1,-1,<1></c><3>ホログラムで出来た夢</c><2>でも</c><1></c>,ホログラムで出来た夢でも
196.446,196.78,-1,0,<1></c><3>ほろぐらむでできたゆめ</c><2>でも</c><1></c>,ほろぐらむでできたゆめでも
196.78,197.047,-1,-1,<1></c><3>ホログラムで出来た夢で</c><2>も</c><1></c>,ホログラムで出来た夢でも
196.78,197.047,-1,0,<1></c><3>ほろぐらむでできたゆめで</c><2>も</c><1></c>,ほろぐらむでできたゆめでも
197.047,198.515,-1,-1,<1></c><3>ホログラムで出来た夢でも</c><1></c>,ホログラムで出来た夢でも
197.047,198.515,-1,0,<1></c><3>ほろぐらむでできたゆめでも</c><1></c>,ほろぐらむでできたゆめでも
198.515,198.782,-1,-1,<1></c><3>確</c><2>かに触れる</c><1></c>,確かに触れる
198.515,198.782,-1,0,<1></c><3>た</c><2>しかにさわれる</c><1></c>,たしかにさわれる
198.782,199.082,-1,-1,<1></c><3>確</c><2>かに触れる</c><1></c>,確かに触れる
198.782,199.082,-1,0,<1></c><3>たし</c><2>かにさわれる</c><1></c>,たしかにさわれる
199.082,199.383,-1,-1,<1></c><3>確か</c><2>に触れる</c><1></c>,確かに触れる
199.082,199.383,-1,0,<1></c><3>たしか</c><2>にさわれる</c><1></c>,たしかにさわれる
199.383,200.217,-1,-1,<1></c><3>確かに</c><2>触れる</c><1></c>,確かに触れる
199.383,200.217,-1,0,<1></c><3>たしかに</c><2>さわれる</c><1></c>,たしかにさわれる
200.217,200.517,-1,-1,<1></c><3>確かに触</c><2>れる</c><1></c>,確かに触れる
200.217,200.517,-1,0,<1></c><3>たしかにさ</c><2>われる</c><1></c>,たしかにさわれる
200.517,200.784,-1,-1,<1></c><3>確かに触</c><2>れる</c><1></c>,確かに触れる
200.517,200.784,-1,0,<1></c><3>たしかにさわ</c><2>れる</c><1></c>,たしかにさわれる
200.784,201.084,-1,-1,<1></c><3>確かに触れ</c><2>る</c><1></c>,確かに触れる
200.784,201.084,-1,0,<1></c><3>たしかにさわれ</c><2>る</c><1></c>,たしかにさわれる
201.084,201.652,-1,-1,<1></c><3>確かに触れる</c><1></c>,確かに触れる
201.084,201.652,-1,0,<1></c><3>たしかにさわれる</c><1></c>,たしかにさわれる
201.652,201.919,-1,-1,<1></c><3>想</c><2>い出だから</c><1></c>,想い出だから
201.652,201.919,-1,0,<1></c><3>お</c><2>もいでだから</c><1></c>,おもいでだから
201.919,202.219,-1,-1,<1></c><3>想</c><2>い出だから</c><1></c>,想い出だから
201.919,202.219,-1,0,<1></c><3>おも</c><2>いでだから</c><1></c>,おもいでだから
202.219,203.954,-1,-1,<1></c><3>想い</c><2>出だから</c><1></c>,想い出だから
202.219,203.954,-1,0,<1></c><3>おもい</c><2>でだから</c><1></c>,おもいでだから
203.954,204.788,-1,-1,<1></c><3>想い出</c><2>だから</c><1></c>,想い出だから
203.954,204.788,-1,0,<1></c><3>おもいで</c><2>だから</c><1></c>,おもいでだから
204.788,205.389,-1,-1,<1></c><3>想い出だ</c><2>から</c><1></c>,想い出だから
204.788,205.389,-1,0,<1></c><3>おもいでだ</c><2>から</c><1></c>,おもいでだから
205.389,205.656,-1,-1,<1></c><3>想い出だか</c><2>ら</c><1></c>,想い出だから
205.389,205.656,-1,0,<1></c><3>おもいでだか</c><2>ら</c><1></c>,おもいでだから
205.656,207.357,-1,-1,<1></c><3>想い出だから</c><1></c>,想い出だから
205.656,207.357,-1,0,<1></c><3>おもいでだから</c><1></c>,おもいでだから
207.357,208.225,-1,-1,<1></c><3>流</c><2>れ星に詰め込んだ願い事</c><1></c>,流れ星に詰め込んだ願い事
207.357,208.225,-1,0,<1></c><3>な</c><2>がれぼしにつめこんだねがいごと</c><1></c>,ながれぼしにつめこんだねがいごと
208.225,209.059,-1,-1,<1></c><3>流</c><2>れ星に詰め込んだ願い事</c><1></c>,流れ星に詰め込んだ願い事
208.225,209.059,-1,0,<1></c><3>なが</c><2>れぼしにつめこんだねがいごと</c><1></c>,ながれぼしにつめこんだねがいごと
209.059,209.626,-1,-1,<1></c><3>流れ</c><2>星に詰め込んだ願い事</c><1></c>,流れ星に詰め込んだ願い事
209.059,209.626,-1,0,<1></c><3>ながれ</c><2>ぼしにつめこんだねがいごと</c><1></c>,ながれぼしにつめこんだねがいごと
209.626,209.927,-1,-1,<1></c><3>流れ星</c><2>に詰め込んだ願い事</c><1></c>,流れ星に詰め込んだ願い事
209.626,209.927,-1,0,<1></c><3>ながれぼ</c><2>しにつめこんだねがいごと</c><1></c>,ながれぼしにつめこんだねがいごと
209.927,210.194,-1,-1,<1></c><3>流れ星</c><2>に詰め込んだ願い事</c><1></c>,流れ星に詰め込んだ願い事
209.927,210.194,-1,0,<1></c><3>ながれぼし</c><2>につめこんだねがいごと</c><1></c>,ながれぼしにつめこんだねがいごと
210.194,210.494,-1,-1,<1></c><3>流れ星に</c><2>詰め込んだ願い事</c><1></c>,流れ星に詰め込んだ願い事
210.194,210.494,-1,0,<1></c><3>ながれぼしに</c><2>つめこんだねがいごと</c><1></c>,ながれぼしにつめこんだねがいごと
210.494,210.794,-1,-1,<1></c><3>流れ星に詰</c><2>め込んだ願い事</c><1></c>,流れ星に詰め込んだ願い事
210.494,210.794,-1,0,<1></c><3>ながれぼしにつ</c><2>めこんだねがいごと</c><1></c>,ながれぼしにつめこんだねがいごと
210.794,211.361,-1,-1,<1></c><3>流れ星に詰め</c><2>込んだ願い事</c><1></c>,流れ星に詰め込んだ願い事
210.794,211.361,-1,0,<1></c><3>ながれぼしにつめ</c><2>こんだねがいごと</c><1></c>,ながれぼしにつめこんだねがいごと
211.361,211.628,-1,-1,<1></c><3>流れ星に詰め込</c><2>んだ願い事</c><1></c>,流れ星に詰め込んだ願い事
211.361,211.628,-1,0,<1></c><3>ながれぼしにつめこ</c><2>んだねがいごと</c><1></c>,ながれぼしにつめこんだねがいごと
211.628,212.196,-1,-1,<1></c><3>流れ星に詰め込ん</c><2>だ願い事</c><1></c>,流れ星に詰め込んだ願い事
211.628,212.196,-1,0,<1></c><3>ながれぼしにつめこん</c><2>だねがいごと</c><1></c>,ながれぼしにつめこんだねがいごと
212.196,212.496,-1,-1,<1></c><3>流れ星に詰め込んだ</c><2>願い事</c><1></c>,流れ星に詰め込んだ願い事
212.196,212.496,-1,0,<1></c><3>ながれぼしにつめこんだ</c><2>ねがいごと</c><1></c>,ながれぼしにつめこんだねがいごと
212.496,213.363,-1,-1,<1></c><3>流れ星に詰め込んだ願</c><2>い事</c><1></c>,流れ星に詰め込んだ願い事
212.496,213.363,-1,0,<1></c><3>ながれぼしにつめこんだね</c><2>がいごと</c><1></c>,ながれぼしにつめこんだねがいごと
213.363,213.664,-1,-1,<1></c><3>流れ星に詰め込んだ願</c><2>い事</c><1></c>,流れ星に詰め込んだ願い事
213.363,213.664,-1,0,<1></c><3>ながれぼしにつめこんだねが</c><2>いごと</c><1></c>,ながれぼしにつめこんだねがいごと
213.664,213.931,-1,-1,<1></c><3>流れ星に詰め込んだ願い</c><2>事</c><1></c>,流れ星に詰め込んだ願い事
213.664,213.931,-1,0,<1></c><3>ながれぼしにつめこんだねがい</c><2>ごと</c><1></c>,ながれぼしにつめこんだねがいごと
213.931,215.365,-1,-1,<1></c><3>流れ星に詰め込んだ願い事</c><1></c>,流れ星に詰め込んだ願い事
213.931,214.231,-1,0,<1></c><3>ながれぼしにつめこんだねがいご</c><2>と</c><1></c>,ながれぼしにつめこんだねがいごと
214.231,215.365,-1,0,<1></c><3>ながれぼしにつめこんだねがいごと</c><1></c>,ながれぼしにつめこんだねがいごと
215.365,215.632,-1,-1,<1></c><3>ま</c><2>たここでみんなで</c><1></c>,またここでみんなで
215.365,215.632,-1,0,<1></c><3>ま</c><2>たここでみんなで</c><1></c>,またここでみんなで
215.632,215.933,-1,-1,<1></c><3>また</c><2>ここでみんなで</c><1></c>,またここでみんなで
215.632,215.933,-1,0,<1></c><3>また</c><2>ここでみんなで</c><1></c>,またここでみんなで
215.933,216.2,-1,-1,<1></c><3>またこ</c><2>こでみんなで</c><1></c>,またここでみんなで
215.933,216.2,-1,0,<1></c><3>またこ</c><2>こでみんなで</c><1></c>,またここでみんなで
216.2,216.5,-1,-1,<1></c><3>またここ</c><2>でみんなで</c><1></c>,またここでみんなで
216.2,216.5,-1,0,<1></c><3>またここ</c><2>でみんなで</c><1></c>,またここでみんなで
216.5,217.334,-1,-1,<1></c><3>またここで</c><2>みんなで</c><1></c>,またここでみんなで
216.5,217.334,-1,0,<1></c><3>またここで</c><2>みんなで</c><1></c>,またここでみんなで
217.334,217.634,-1,-1,<1></c><3>またここでみ</c><2>んなで</c><1></c>,またここでみんなで
217.334,217.634,-1,0,<1></c><3>またここでみ</c><2>んなで</c><1></c>,またここでみんなで
217.634,217.901,-1,-1,<1></c><3>またここでみん</c><2>なで</c><1></c>,またここでみんなで
217.634,217.901,-1,0,<1></c><3>またここでみん</c><2>なで</c><1></c>,またここでみんなで
217.901,218.202,-1,-1,<1></c><3>またここでみんな</c><2>で</c><1></c>,またここでみんなで
217.901,218.202,-1,0,<1></c><3>またここでみんな</c><2>で</c><1></c>,またここでみんなで
218.202,219.036,-1,-1,<1></c><3>またここでみんなで</c><1></c>,またここでみんなで
218.202,219.036,-1,0,<1></c><3>またここでみんなで</c><1></c>,またここでみんなで
219.036,219.336,-1,-1,<1></c><3>会</c><2>えますように</c><1></c>,会えますように
219.036,219.336,-1,0,<1></c><3>あ</c><2>えますように</c><1></c>,あえますように
219.336,219.903,-1,-1,<1></c><3>会え</c><2>ますように</c><1></c>,会えますように
219.336,219.903,-1,0,<1></c><3>あえ</c><2>ますように</c><1></c>,あえますように
219.903,220.504,-1,-1,<1></c><3>会えま</c><2>すように</c><1></c>,会えますように
219.903,220.504,-1,0,<1></c><3>あえま</c><2>すように</c><1></c>,あえますように
220.504,220.771,-1,-1,<1></c><3>会えます</c><2>ように</c><1></c>,会えますように
220.504,220.771,-1,0,<1></c><3>あえます</c><2>ように</c><1></c>,あえますように
220.771,221.038,-1,-1,<1></c><3>会えますよ</c><2>うに</c><1></c>,会えますように
220.771,221.038,-1,0,<1></c><3>あえますよ</c><2>うに</c><1></c>,あえますように
221.038,221.905,-1,-1,<1></c><3>会えますよう</c><2>に</c><1></c>,会えますように
221.038,221.905,-1,0,<1></c><3>あえますよう</c><2>に</c><1></c>,あえますように
221.905,222.806,-1,-1,<1></c><3>会えますように</c><1></c>,会えますように
221.905,222.806,-1,0,<1></c><3>あえますように</c><1></c>,あえますように
222.806,223.34,-1,-1,<1></c><3>繋</c><2>がってく夢の途中で</c><1></c>,繋がってく夢の途中で
222.806,223.34,-1,0,<1></c><3>つ</c><2>ながってくゆめのとちゅうで</c><1></c>,つながってくゆめのとちゅうで
223.34,223.674,-1,-1,<1></c><3>繋</c><2>がってく夢の途中で</c><1></c>,繋がってく夢の途中で
223.34,223.674,-1,0,<1></c><3>つな</c><2>がってくゆめのとちゅうで</c><1></c>,つながってくゆめのとちゅうで
223.674,223.941,-1,-1,<1></c><3>繋が</c><2>ってく夢の途中で</c><1></c>,繋がってく夢の途中で
223.674,223.941,-1,0,<1></c><3>つなが</c><2>ってくゆめのとちゅうで</c><1></c>,つながってくゆめのとちゅうで
223.941,224.241,-1,-1,<1></c><3>繋がっ</c><2>てく夢の途中で</c><1></c>,繋がってく夢の途中で
223.941,224.241,-1,0,<1></c><3>つながっ</c><2>てくゆめのとちゅうで</c><1></c>,つながってくゆめのとちゅうで
224.241,224.508,-1,-1,<1></c><3>繋がって</c><2>く夢の途中で</c><1></c>,繋がってく夢の途中で
224.241,224.508,-1,0,<1></c><3>つながって</c><2>くゆめのとちゅうで</c><1></c>,つながってくゆめのとちゅうで
224.508,225.108,-1,-1,<1></c><3>繋がってく</c><2>夢の途中で</c><1></c>,繋がってく夢の途中で
224.508,225.108,-1,0,<1></c><3>つながってく</c><2>ゆめのとちゅうで</c><1></c>,つながってくゆめのとちゅうで
225.108,225.375,-1,-1,<1></c><3>繋がってく夢</c><2>の途中で</c><1></c>,繋がってく夢の途中で
225.108,225.375,-1,0,<1></c><3>つながってくゆ</c><2>めのとちゅうで</c><1></c>,つながってくゆめのとちゅうで
225.375,225.943,-1,-1,<1></c><3>繋がってく夢</c><2>の途中で</c><1></c>,繋がってく夢の途中で
225.375,225.943,-1,0,<1></c><3>つながってくゆめ</c><2>のとちゅうで</c><1></c>,つながってくゆめのとちゅうで
225.943,226.243,-1,-1,<1></c><3>繋がってく夢の</c><2>途中で</c><1></c>,繋がってく夢の途中で
225.943,226.243,-1,0,<1></c><3>つながってくゆめの</c><2>とちゅうで</c><1></c>,つながってくゆめのとちゅうで
226.243,227.344,-1,-1,<1></c><3>繋がってく夢の途</c><2>中で</c><1></c>,繋がってく夢の途中で
226.243,227.344,-1,0,<1></c><3>つながってくゆめのと</c><2>ちゅうで</c><1></c>,つながってくゆめのとちゅうで
227.344,227.644,-1,-1,<1></c><3>繋がってく夢の途中</c><2>で</c><1></c>,繋がってく夢の途中で
227.344,227.644,-1,0,<1></c><3>つながってくゆめのとちゅ</c><2>うで</c><1></c>,つながってくゆめのとちゅうで
227.644,227.945,-1,-1,<1></c><3>繋がってく夢の途中</c><2>で</c><1></c>,繋がってく夢の途中で
227.644,227.945,-1,0,<1></c><3>つながってくゆめのとちゅう</c><2>で</c><1></c>,つながってくゆめのとちゅうで
227.945,229.079,-1,-1,<1></c><3>繋がってく夢の途中で</c><1></c>,繋がってく夢の途中で
227.945,229.079,-1,0,<1></c><3>つながってくゆめのとちゅうで</c><1></c>,つながってくゆめのとちゅうで
229.079,229.346,-1,-1,<1></c><3>未</c><2>来への想いを抱いて</c><1></c>,未来への想いを抱いて
229.079,229.346,-1,0,<1></c><3>み</c><2>らいへのおもいをだいて</c><1></c>,みらいへのおもいをだいて
229.346,229.646,-1,-1,<1></c><3>未来</c><2>への想いを抱いて</c><1></c>,未来への想いを抱いて
229.346,229.646,-1,0,<1></c><3>みら</c><2>いへのおもいをだいて</c><1></c>,みらいへのおもいをだいて
229.646,229.913,-1,-1,<1></c><3>未来</c><2>への想いを抱いて</c><1></c>,未来への想いを抱いて
229.646,229.913,-1,0,<1></c><3>みらい</c><2>へのおもいをだいて</c><1></c>,みらいへのおもいをだいて
229.913,230.214,-1,-1,<1></c><3>未来へ</c><2>の想いを抱いて</c><1></c>,未来への想いを抱いて
229.913,230.214,-1,0,<1></c><3>みらいへ</c><2>のおもいをだいて</c><1></c>,みらいへのおもいをだいて
230.214,231.048,-1,-1,<1></c><3>未来への</c><2>想いを抱いて</c><1></c>,未来への想いを抱いて
230.214,231.048,-1,0,<1></c><3>みらいへの</c><2>おもいをだいて</c><1></c>,みらいへのおもいをだいて
231.048,231.315,-1,-1,<1></c><3>未来への想</c><2>いを抱いて</c><1></c>,未来への想いを抱いて
231.048,231.315,-1,0,<1></c><3>みらいへのお</c><2>もいをだいて</c><1></c>,みらいへのおもいをだいて
231.315,231.648,-1,-1,<1></c><3>未来への想</c><2>いを抱いて</c><1></c>,未来への想いを抱いて
231.315,231.648,-1,0,<1></c><3>みらいへのおも</c><2>いをだいて</c><1></c>,みらいへのおもいをだいて
231.648,231.915,-1,-1,<1></c><3>未来への想い</c><2>を抱いて</c><1></c>,未来への想いを抱いて
231.648,231.915,-1,0,<1></c><3>みらいへのおもい</c><2>をだいて</c><1></c>,みらいへのおもいをだいて
231.915,232.482,-1,-1,<1></c><3>未来への想いを</c><2>抱いて</c><1></c>,未来への想いを抱いて
231.915,232.482,-1,0,<1></c><3>みらいへのおもいを</c><2>だいて</c><1></c>,みらいへのおもいをだいて
232.482,232.783,-1,-1,<1></c><3>未来への想いを抱</c><2>いて</c><1></c>,未来への想いを抱いて
232.482,232.783,-1,0,<1></c><3>みらいへのおもいをだ</c><2>いて</c><1></c>,みらいへのおもいをだいて
232.783,233.05,-1,-1,<1></c><3>未来への想いを抱い</c><2>て</c><1></c>,未来への想いを抱いて
232.783,233.05,-1,0,<1></c><3>みらいへのおもいをだい</c><2>て</c><1></c>,みらいへのおもいをだいて
233.05,234.785,-1,-1,<1></c><3>未来への想いを抱いて</c><1></c>,未来への想いを抱いて
233.05,234.785,-1,0,<1></c><3>みらいへのおもいをだいて</c><1></c>,みらいへのおもいをだいて
234.785,235.619,-1,-1,<1></c><3>お</c><2>やすみ</c><1></c>,おやすみ
234.785,235.619,-1,0,<1></c><3>お</c><2>やすみ</c><1></c>,おやすみ
235.619,236.253,-1,-1,<1></c><3>おや</c><2>すみ</c><1></c>,おやすみ
235.619,236.253,-1,0,<1></c><3>おや</c><2>すみ</c><1></c>,おやすみ
236.253,236.486,-1,-1,<1></c><3>おやす</c><2>み</c><1></c>,おやすみ
236.253,236.486,-1,0,<1></c><3>おやす</c><2>み</c><1></c>,おやすみ
236.486,238.922,-1,-1,<1></c><3>おやすみ</c><1></c>,おやすみ
236.486,238.922,-1,0,<1></c><3>おやすみ</c><1></c>,おやすみ
238.922,238.989,-1,-1,<1></c><3>おやすみ</c><1></c>,おやすみ
238.922,238.989,-1,0,<1></c><3>おやすみ</c><1></c>,おやすみ
238.989,239.056,-1,-1,<1></c><3>おやすみ</c><1></c>,おやすみ
238.989,239.056,-1,0,<1></c><3>おやすみ</c><1></c>,おやすみ
239.056,239.122,-1,-1,<1></c><3>おやすみ</c><1></c>,おやすみ
239.056,239.122,-1,0,<1></c><3>おやすみ</c><1></c>,おやすみ
239.122,239.189,-1,-1,<1></c><3>おやすみ</c><1></c>,おやすみ
239.122,239.189,-1,0,<1></c><3>おやすみ</c><1></c>,おやすみ
239.189,239.256,-1,-1,<1></c><3>おやすみ</c><1></c>,おやすみ
239.189,239.256,-1,0,<1></c><3>おやすみ</c><1></c>,おやすみ
239.256,239.323,-1,-1,<1></c><3>おやすみ</c><1></c>,おやすみ
239.256,239.323,-1,0,<1></c><3>おやすみ</c><1></c>,おやすみ
239.323,239.389,-1,-1,<1></c><3>おやすみ</c><1></c>,おやすみ
239.323,239.389,-1,0,<1></c><3>おやすみ</c><1></c>,おやすみ
239.389,239.456,-1,-1,<1></c><3>おやすみ</c><1></c>,おやすみ
239.389,239.456,-1,0,<1></c><3>おやすみ</c><1></c>,おやすみ
239.456,239.523,-1,-1,<1></c><3>おやすみ</c><1></c>,おやすみ
239.456,239.523,-1,0,<1></c><3>おやすみ</c><1></c>,おやすみ
239.523,239.59,-1,-1,<1></c><3>おやすみ</c><1></c>,おやすみ
239.523,239.59,-1,0,<1></c><3>おやすみ</c><1></c>,おやすみ
239.59,239.656,-1,-1,<1></c><3>おやすみ</c><1></c>,おやすみ
239.59,239.656,-1,0,<1></c><3>おやすみ</c><1></c>,おやすみ
239.656,239.723,-1,-1,<1></c><3>おやすみ</c><1></c>,おやすみ
239.656,239.723,-1,0,<1></c><3>おやすみ</c><1></c>,おやすみ
239.723,239.79,-1,-1,<1></c><3>おやすみ</c><1></c>,おやすみ
239.723,239.79,-1,0,<1></c><3>おやすみ</c><1></c>,おやすみ
239.79,239.856,-1,-1,<1></c><3>おやすみ</c><1></c>,おやすみ
239.79,239.856,-1,0,<1></c><3>おやすみ</c><1></c>,おやすみ
239.856,239.923,-1,-1,<1></c><3>おやすみ</c><1></c>,おやすみ
239.856,239.923,-1,0,<1></c><3>おやすみ</c><1></c>,おやすみ
