start,end,position,line,text,unformatted
2.252,2.453,-1,78,<2>手</c><28>を上げて</c>,手を上げて
2.252,2.453,-1,0,<2>て</c><28>をあげて</c>,てをあげて
2.453,2.686,-1,78,<2>手を</c><28>上げて</c>,手を上げて
2.453,2.686,-1,0,<2>てを</c><28>あげて</c>,てをあげて
2.686,2.886,-1,78,<2>手を上</c><28>げて</c>,手を上げて
2.686,2.886,-1,0,<2>てをあ</c><28>げて</c>,てをあげて
2.886,3.087,-1,78,<2>手を上げ</c><28>て</c>,手を上げて
2.886,3.087,-1,0,<2>てをあげ</c><28>て</c>,てをあげて
3.087,3.287,-1,78,<2>手を上げて</c>,手を上げて
3.087,3.287,-1,0,<2>てをあげて</c>,てをあげて
3.287,3.687,-1,78,<2>clap</c><28>yourhands海の向こうまで</c>,clapyourhands海の向こうまで
3.287,3.687,-1,0,<2>clap</c><28>yourhandsうみのむこうまで</c>,clapyourhandsうみのむこうまで
3.687,4.121,-1,78,<2>clapyour</c><28>hands海の向こうまで</c>,clapyourhands海の向こうまで
3.687,4.121,-1,0,<2>clapyour</c><28>handsうみのむこうまで</c>,clapyourhandsうみのむこうまで
4.121,4.521,-1,78,<2>clapyourhands</c><28>海の向こうまで</c>,clapyourhands海の向こうまで
4.121,4.521,-1,0,<2>clapyourhands</c><28>うみのむこうまで</c>,clapyourhandsうみのむこうまで
4.521,4.755,-1,78,<2>clapyourhands海</c><28>の向こうまで</c>,clapyourhands海の向こうまで
4.521,4.755,-1,0,<2>clapyourhandsう</c><28>みのむこうまで</c>,clapyourhandsうみのむこうまで
4.755,4.922,-1,78,<2>clapyourhands海</c><28>の向こうまで</c>,clapyourhands海の向こうまで
4.755,4.922,-1,0,<2>clapyourhandsうみ</c><28>のむこうまで</c>,clapyourhandsうみのむこうまで
4.922,5.122,-1,78,<2>clapyourhands海の</c><28>向こうまで</c>,clapyourhands海の向こうまで
4.922,5.122,-1,0,<2>clapyourhandsうみの</c><28>むこうまで</c>,clapyourhandsうみのむこうまで
5.122,5.356,-1,78,<2>clapyourhands海の向</c><28>こうまで</c>,clapyourhands海の向こうまで
5.122,5.356,-1,0,<2>clapyourhandsうみのむ</c><28>こうまで</c>,clapyourhandsうみのむこうまで
5.356,5.589,-1,78,<2>clapyourhands海の向こ</c><28>うまで</c>,clapyourhands海の向こうまで
5.356,5.589,-1,0,<2>clapyourhandsうみのむこ</c><28>うまで</c>,clapyourhandsうみのむこうまで
5.589,5.789,-1,78,<2>clapyourhands海の向こう</c><28>まで</c>,clapyourhands海の向こうまで
5.589,5.789,-1,0,<2>clapyourhandsうみのむこう</c><28>まで</c>,clapyourhandsうみのむこうまで
5.789,6.19,-1,78,<2>clapyourhands海の向こうま</c><28>で</c>,clapyourhands海の向こうまで
5.789,6.19,-1,0,<2>clapyourhandsうみのむこうま</c><28>で</c>,clapyourhandsうみのむこうまで
6.19,6.59,-1,78,<2>clapyourhands海の向こうまで</c>,clapyourhands海の向こうまで
6.19,6.59,-1,0,<2>clapyourhandsうみのむこうまで</c>,clapyourhandsうみのむこうまで
6.59,6.991,-1,78,<2>clap</c><28>yourhands届きますように</c>,clapyourhands届きますように
6.59,6.991,-1,0,<2>clap</c><28>yourhandsとどきますように</c>,clapyourhandsとどきますように
6.991,7.424,-1,78,<2>clapyour</c><28>hands届きますように</c>,clapyourhands届きますように
6.991,7.424,-1,0,<2>clapyour</c><28>handsとどきますように</c>,clapyourhandsとどきますように
7.424,7.825,-1,78,<2>clapyourhands</c><28>届きますように</c>,clapyourhands届きますように
7.424,7.825,-1,0,<2>clapyourhands</c><28>とどきますように</c>,clapyourhandsとどきますように
7.825,8.025,-1,78,<2>clapyourhands届</c><28>きますように</c>,clapyourhands届きますように
7.825,8.025,-1,0,<2>clapyourhandsと</c><28>どきますように</c>,clapyourhandsとどきますように
8.025,8.225,-1,78,<2>clapyourhands届</c><28>きますように</c>,clapyourhands届きますように
8.025,8.225,-1,0,<2>clapyourhandsとど</c><28>きますように</c>,clapyourhandsとどきますように
8.225,8.459,-1,78,<2>clapyourhands届き</c><28>ますように</c>,clapyourhands届きますように
8.225,8.459,-1,0,<2>clapyourhandsとどき</c><28>ますように</c>,clapyourhandsとどきますように
8.459,8.659,-1,78,<2>clapyourhands届きま</c><28>すように</c>,clapyourhands届きますように
8.459,8.659,-1,0,<2>clapyourhandsとどきま</c><28>すように</c>,clapyourhandsとどきますように
8.659,8.859,-1,78,<2>clapyourhands届きます</c><28>ように</c>,clapyourhands届きますように
8.659,8.859,-1,0,<2>clapyourhandsとどきます</c><28>ように</c>,clapyourhandsとどきますように
8.859,9.059,-1,78,<2>clapyourhands届きますよう</c><28>に</c>,clapyourhands届きますように
8.859,9.059,-1,0,<2>clapyourhandsとどきますよう</c><28>に</c>,clapyourhandsとどきますように
9.059,9.693,-1,78,<2>clapyourhands届きますように</c>,clapyourhands届きますように
9.059,9.693,-1,0,<2>clapyourhandsとどきますように</c>,clapyourhandsとどきますように
9.693,9.793,-1,78,<45>手</c><28>を叩こう</c>,手を叩こう
9.693,9.793,-1,0,<45>て</c><28>をたたこう</c>,てをたたこう
9.793,9.927,-1,78,<45>手を</c><28>叩こう</c>,手を叩こう
9.793,9.927,-1,0,<45>てを</c><28>たたこう</c>,てをたたこう
9.927,10.127,-1,78,<45>手を叩</c><28>こう</c>,手を叩こう
9.927,10.127,-1,0,<45>てをた</c><28>たこう</c>,てをたたこう
10.127,10.327,-1,78,<45>手を叩</c><28>こう</c>,手を叩こう
10.127,10.327,-1,0,<45>てをたた</c><28>こう</c>,てをたたこう
10.327,10.728,-1,78,<45>手を叩こう</c>,手を叩こう
10.327,10.728,-1,0,<45>てをたたこう</c>,てをたたこう
10.728,11.328,-1,78,<1>👏👏👏</c>,👏👏👏
11.328,11.428,-1,78,<3>手</c><28>を叩こう</c>,手を叩こう
11.328,11.428,-1,0,<3>て</c><28>をたたこう</c>,てをたたこう
11.428,11.562,-1,78,<3>手を</c><28>叩こう</c>,手を叩こう
11.428,11.562,-1,0,<3>てを</c><28>たたこう</c>,てをたたこう
11.562,11.762,-1,78,<3>手を叩</c><28>こう</c>,手を叩こう
11.562,11.762,-1,0,<3>てをた</c><28>たこう</c>,てをたたこう
11.762,11.962,-1,78,<3>手を叩</c><28>こう</c>,手を叩こう
11.762,11.962,-1,0,<3>てをたた</c><28>こう</c>,てをたたこう
11.962,12.396,-1,78,<3>手を叩こう</c>,手を叩こう
11.962,12.396,-1,0,<3>てをたたこう</c>,てをたたこう
12.396,13.197,-1,78,<1>👏👏👏</c>,👏👏👏
13.197,13.63,-1,78,<4>ほ</c><28>ら一緒に</c>,ほら一緒に
13.197,13.63,-1,0,<4>ほ</c><28>らいっしょに</c>,ほらいっしょに
13.63,14.031,-1,78,<4>ほ</c><14>ら</c><28>一緒に</c>,ほら一緒に
13.63,14.031,-1,0,<4>ほ</c><14>ら</c><28>いっしょに</c>,ほらいっしょに
14.031,14.365,-1,78,<4>ほ</c><14>ら</c><24>一</c><28>緒に</c>,ほら一緒に
14.031,14.365,-1,0,<4>ほ</c><14>ら</c><24>いっ</c><28>しょに</c>,ほらいっしょに
14.365,14.665,-1,78,<4>ほ</c><14>ら</c><24>一</c><36>緒</c><28>に</c>,ほら一緒に
14.365,14.665,-1,0,<4>ほ</c><14>ら</c><24>いっ</c><36>しょ</c><28>に</c>,ほらいっしょに
14.665,15.699,-1,78,<4>ほ</c><14>ら</c><24>一</c><36>緒</c><46>に</c>,ほら一緒に
14.665,15.699,-1,0,<4>ほ</c><14>ら</c><24>いっ</c><36>しょ</c><46>に</c>,ほらいっしょに
15.699,15.899,-1,78,<45>e</c><40>v</c><35>e</c><28>rybody</c>,everybody
15.699,15.899,-1,0,<45>e</c><40>v</c><35>e</c><28>rybody</c>,everybody
15.899,16.1,-1,78,<45>e</c><40>v</c><35>e</c><30>r</c><23>y</c><28>body</c>,everybody
15.899,16.1,-1,0,<45>e</c><40>v</c><35>e</c><30>r</c><23>y</c><28>body</c>,everybody
16.1,16.3,-1,78,<45>e</c><40>v</c><35>e</c><30>r</c><23>y</c><18>b</c><12>o</c><7>d</c><28>y</c>,everybody
16.1,16.3,-1,0,<45>e</c><40>v</c><35>e</c><30>r</c><23>y</c><18>b</c><12>o</c><7>d</c><28>y</c>,everybody
16.3,16.5,-1,78,<45>e</c><40>v</c><35>e</c><30>r</c><23>y</c><18>b</c><12>o</c><7>d</c><3>y</c>,everybody
16.3,16.5,-1,0,<45>e</c><40>v</c><35>e</c><30>r</c><23>y</c><18>b</c><12>o</c><7>d</c><3>y</c>,everybody
16.5,16.9,-1,78,<2>clap</c><28>yourhands空の向こうまで</c>,clapyourhands空の向こうまで
16.5,16.9,-1,0,<2>clap</c><28>yourhandsそらのむこうまで</c>,clapyourhandsそらのむこうまで
16.9,17.334,-1,78,<2>clapyour</c><28>hands空の向こうまで</c>,clapyourhands空の向こうまで
16.9,17.334,-1,0,<2>clapyour</c><28>handsそらのむこうまで</c>,clapyourhandsそらのむこうまで
17.334,17.735,-1,78,<2>clapyourhands</c><28>空の向こうまで</c>,clapyourhands空の向こうまで
17.334,17.735,-1,0,<2>clapyourhands</c><28>そらのむこうまで</c>,clapyourhandsそらのむこうまで
17.735,17.935,-1,78,<2>clapyourhands空</c><28>の向こうまで</c>,clapyourhands空の向こうまで
17.735,17.935,-1,0,<2>clapyourhandsそ</c><28>らのむこうまで</c>,clapyourhandsそらのむこうまで
17.935,18.168,-1,78,<2>clapyourhands空</c><28>の向こうまで</c>,clapyourhands空の向こうまで
17.935,18.168,-1,0,<2>clapyourhandsそら</c><28>のむこうまで</c>,clapyourhandsそらのむこうまで
18.168,18.335,-1,78,<2>clapyourhands空の</c><28>向こうまで</c>,clapyourhands空の向こうまで
18.168,18.335,-1,0,<2>clapyourhandsそらの</c><28>むこうまで</c>,clapyourhandsそらのむこうまで
18.335,18.569,-1,78,<2>clapyourhands空の向</c><28>こうまで</c>,clapyourhands空の向こうまで
18.335,18.569,-1,0,<2>clapyourhandsそらのむ</c><28>こうまで</c>,clapyourhandsそらのむこうまで
18.569,18.769,-1,78,<2>clapyourhands空の向こ</c><28>うまで</c>,clapyourhands空の向こうまで
18.569,18.769,-1,0,<2>clapyourhandsそらのむこ</c><28>うまで</c>,clapyourhandsそらのむこうまで
18.769,19.003,-1,78,<2>clapyourhands空の向こう</c><28>まで</c>,clapyourhands空の向こうまで
18.769,19.003,-1,0,<2>clapyourhandsそらのむこう</c><28>まで</c>,clapyourhandsそらのむこうまで
19.003,19.403,-1,78,<2>clapyourhands空の向こうま</c><28>で</c>,clapyourhands空の向こうまで
19.003,19.403,-1,0,<2>clapyourhandsそらのむこうま</c><28>で</c>,clapyourhandsそらのむこうまで
19.403,19.837,-1,78,<2>clapyourhands空の向こうまで</c>,clapyourhands空の向こうまで
19.403,19.837,-1,0,<2>clapyourhandsそらのむこうまで</c>,clapyourhandsそらのむこうまで
19.837,20.237,-1,78,<2>clap</c><28>yourhands響きますように</c>,clapyourhands響きますように
19.837,20.237,-1,0,<2>clap</c><28>yourhandsひびきますように</c>,clapyourhandsひびきますように
20.237,20.671,-1,78,<2>clapyour</c><28>hands響きますように</c>,clapyourhands響きますように
20.237,20.671,-1,0,<2>clapyour</c><28>handsひびきますように</c>,clapyourhandsひびきますように
20.671,21.071,-1,78,<2>clapyourhands</c><28>響きますように</c>,clapyourhands響きますように
20.671,21.071,-1,0,<2>clapyourhands</c><28>ひびきますように</c>,clapyourhandsひびきますように
21.071,21.305,-1,78,<2>clapyourhands響</c><28>きますように</c>,clapyourhands響きますように
21.071,21.305,-1,0,<2>clapyourhandsひ</c><28>びきますように</c>,clapyourhandsひびきますように
21.305,21.472,-1,78,<2>clapyourhands響</c><28>きますように</c>,clapyourhands響きますように
21.305,21.472,-1,0,<2>clapyourhandsひび</c><28>きますように</c>,clapyourhandsひびきますように
21.472,21.672,-1,78,<2>clapyourhands響き</c><28>ますように</c>,clapyourhands響きますように
21.472,21.672,-1,0,<2>clapyourhandsひびき</c><28>ますように</c>,clapyourhandsひびきますように
21.672,21.872,-1,78,<2>clapyourhands響きま</c><28>すように</c>,clapyourhands響きますように
21.672,21.872,-1,0,<2>clapyourhandsひびきま</c><28>すように</c>,clapyourhandsひびきますように
21.872,22.106,-1,78,<2>clapyourhands響きます</c><28>ように</c>,clapyourhands響きますように
21.872,22.106,-1,0,<2>clapyourhandsひびきます</c><28>ように</c>,clapyourhandsひびきますように
22.106,22.306,-1,78,<2>clapyourhands響きますよう</c><28>に</c>,clapyourhands響きますように
22.106,22.306,-1,0,<2>clapyourhandsひびきますよう</c><28>に</c>,clapyourhandsひびきますように
22.306,22.94,-1,78,<2>clapyourhands響きますように</c>,clapyourhands響きますように
22.306,22.94,-1,0,<2>clapyourhandsひびきますように</c>,clapyourhandsひびきますように
22.94,23.04,-1,78,<4>手</c><28>を叩こう</c>,手を叩こう
22.94,23.04,-1,0,<4>て</c><28>をたたこう</c>,てをたたこう
23.04,23.14,-1,78,<4>手を</c><28>叩こう</c>,手を叩こう
23.04,23.14,-1,0,<4>てを</c><28>たたこう</c>,てをたたこう
23.14,23.34,-1,78,<4>手を叩</c><28>こう</c>,手を叩こう
23.14,23.34,-1,0,<4>てをた</c><28>たこう</c>,てをたたこう
23.34,23.54,-1,78,<4>手を叩</c><28>こう</c>,手を叩こう
23.34,23.54,-1,0,<4>てをたた</c><28>こう</c>,てをたたこう
23.54,23.974,-1,78,<4>手を叩こう</c>,手を叩こう
23.54,23.974,-1,0,<4>てをたたこう</c>,てをたたこう
23.974,24.575,-1,78,<1>👏👏👏</c>,👏👏👏
24.575,24.675,-1,78,<46>手</c><28>を叩こう</c>,手を叩こう
24.575,24.675,-1,0,<46>て</c><28>をたたこう</c>,てをたたこう
24.675,24.775,-1,78,<46>手を</c><28>叩こう</c>,手を叩こう
24.675,24.775,-1,0,<46>てを</c><28>たたこう</c>,てをたたこう
24.775,24.975,-1,78,<46>手を叩</c><28>こう</c>,手を叩こう
24.775,24.975,-1,0,<46>てをた</c><28>たこう</c>,てをたたこう
24.975,25.175,-1,78,<46>手を叩</c><28>こう</c>,手を叩こう
24.975,25.175,-1,0,<46>てをたた</c><28>こう</c>,てをたたこう
25.175,25.609,-1,78,<46>手を叩こう</c>,手を叩こう
25.175,25.609,-1,0,<46>てをたたこう</c>,てをたたこう
25.609,26.443,-1,78,<1>👏👏👏</c>,👏👏👏
26.443,26.844,-1,78,<2>光</c><28>射す僕たちの未来</c>,光射す僕たちの未来
26.443,26.844,-1,0,<2>ひ</c><28>かりさすぼくたちのみらい</c>,ひかりさすぼくたちのみらい
26.844,27.277,-1,78,<2>光</c><28>射す僕たちの未来</c>,光射す僕たちの未来
26.844,27.277,-1,0,<2>ひか</c><28>りさすぼくたちのみらい</c>,ひかりさすぼくたちのみらい
27.277,27.678,-1,78,<2>光</c><28>射す僕たちの未来</c>,光射す僕たちの未来
27.277,27.678,-1,0,<2>ひかり</c><28>さすぼくたちのみらい</c>,ひかりさすぼくたちのみらい
27.678,28.112,-1,78,<2>光射</c><28>す僕たちの未来</c>,光射す僕たちの未来
27.678,28.112,-1,0,<2>ひかりさ</c><28>すぼくたちのみらい</c>,ひかりさすぼくたちのみらい
28.112,28.712,-1,78,<2>光射す</c><28>僕たちの未来</c>,光射す僕たちの未来
28.112,28.712,-1,0,<2>ひかりさす</c><28>ぼくたちのみらい</c>,ひかりさすぼくたちのみらい
28.712,28.812,-1,78,<2>光射す僕</c><28>たちの未来</c>,光射す僕たちの未来
28.712,28.812,-1,0,<2>ひかりさすぼ</c><28>くたちのみらい</c>,ひかりさすぼくたちのみらい
28.812,28.912,-1,78,<2>光射す僕</c><28>たちの未来</c>,光射す僕たちの未来
28.812,28.912,-1,0,<2>ひかりさすぼく</c><28>たちのみらい</c>,ひかりさすぼくたちのみらい
28.912,29.146,-1,78,<2>光射す僕た</c><28>ちの未来</c>,光射す僕たちの未来
28.912,29.146,-1,0,<2>ひかりさすぼくた</c><28>ちのみらい</c>,ひかりさすぼくたちのみらい
29.146,29.346,-1,78,<2>光射す僕たち</c><28>の未来</c>,光射す僕たちの未来
29.146,29.346,-1,0,<2>ひかりさすぼくたち</c><28>のみらい</c>,ひかりさすぼくたちのみらい
29.346,29.546,-1,78,<2>光射す僕たちの</c><28>未来</c>,光射す僕たちの未来
29.346,29.546,-1,0,<2>ひかりさすぼくたちの</c><28>みらい</c>,ひかりさすぼくたちのみらい
29.546,29.613,-1,78,<2>光射す僕たちの未</c><28>来</c>,光射す僕たちの未来
29.546,29.613,-1,0,<2>ひかりさすぼくたちのみ</c><28>らい</c>,ひかりさすぼくたちのみらい
29.613,30.18,-1,78,<2>光射す僕たちの未来</c>,光射す僕たちの未来
29.613,29.98,-1,0,<2>ひかりさすぼくたちのみら</c><28>い</c>,ひかりさすぼくたちのみらい
29.747,33.017,-1,-1,<2>5</c><28>4321</c>,54321
29.98,30.18,-1,0,<2>ひかりさすぼくたちのみらい</c>,ひかりさすぼくたちのみらい
33.017,36.286,-1,-1,<2>54</c><28>321</c>,54321
36.286,37.988,-1,-1,<2>543</c><28>21</c>,54321
37.988,39.623,-1,-1,<2>5432</c><28>1</c>,54321
39.623,41.325,-1,-1,<2>54321</c>,54321
42.893,43.093,-1,78,<1>ho</c><44>lolive5thstars</c>,hololive5thstars
43.093,43.327,-1,78,<1>holo</c><44>live5thstars</c>,hololive5thstars
43.327,43.727,-1,78,<1>hololive</c><44>5thstars</c>,hololive5thstars
43.727,44.228,-1,78,<1>hololive5th</c><44>stars</c>,hololive5thstars
44.228,44.661,-1,78,<1>hololive5thstars</c>,hololive5thstars
44.862,45.062,-1,78,<45>始</c><28>めようかさぁdiving</c>,始めようかさぁdiving
44.862,45.062,-1,0,<45>は</c><28>じめようかさぁdiving</c>,はじめようかさぁdiving
45.062,45.229,-1,78,<45>始</c><28>めようかさぁdiving</c>,始めようかさぁdiving
45.062,45.229,-1,0,<45>はじ</c><28>めようかさぁdiving</c>,はじめようかさぁdiving
45.229,45.396,-1,78,<45>始め</c><28>ようかさぁdiving</c>,始めようかさぁdiving
45.229,45.396,-1,0,<45>はじめ</c><28>ようかさぁdiving</c>,はじめようかさぁdiving
45.396,45.629,-1,78,<45>始めよう</c><28>かさぁdiving</c>,始めようかさぁdiving
45.396,45.629,-1,0,<45>はじめよう</c><28>かさぁdiving</c>,はじめようかさぁdiving
45.629,45.796,-1,78,<45>始めようか</c><28>さぁdiving</c>,始めようかさぁdiving
45.629,45.796,-1,0,<45>はじめようか</c><28>さぁdiving</c>,はじめようかさぁdiving
45.796,45.896,-1,78,<45>始めようかさぁ</c><28>diving</c>,始めようかさぁdiving
45.796,45.896,-1,0,<45>はじめようかさぁ</c><28>diving</c>,はじめようかさぁdiving
45.896,46.096,-1,78,<45>始めようかさぁdiv</c><28>ing</c>,始めようかさぁdiving
45.896,46.096,-1,0,<45>はじめようかさぁdiv</c><28>ing</c>,はじめようかさぁdiving
46.096,46.497,-1,78,<45>始めようかさぁdiving</c>,始めようかさぁdiving
46.096,46.497,-1,0,<45>はじめようかさぁdiving</c>,はじめようかさぁdiving
46.497,46.697,-1,78,<3>待っ</c><28>ても意味ないtiming</c>,待っても意味ないtiming
46.497,46.697,-1,0,<3>まっ</c><28>てもいみないtiming</c>,まってもいみないtiming
46.697,46.897,-1,78,<3>待って</c><28>も意味ないtiming</c>,待っても意味ないtiming
46.697,46.897,-1,0,<3>まって</c><28>もいみないtiming</c>,まってもいみないtiming
46.897,47.031,-1,78,<3>待っても</c><28>意味ないtiming</c>,待っても意味ないtiming
46.897,47.031,-1,0,<3>まっても</c><28>いみないtiming</c>,まってもいみないtiming
47.031,47.231,-1,78,<3>待っても意</c><28>味ないtiming</c>,待っても意味ないtiming
47.031,47.231,-1,0,<3>まってもい</c><28>みないtiming</c>,まってもいみないtiming
47.231,47.297,-1,78,<3>待っても意味</c><28>ないtiming</c>,待っても意味ないtiming
47.231,47.297,-1,0,<3>まってもいみ</c><28>ないtiming</c>,まってもいみないtiming
47.297,47.431,-1,78,<3>待っても意味な</c><28>いtiming</c>,待っても意味ないtiming
47.297,47.431,-1,0,<3>まってもいみな</c><28>いtiming</c>,まってもいみないtiming
47.431,47.531,-1,78,<3>待っても意味ない</c><28>timing</c>,待っても意味ないtiming
47.431,47.531,-1,0,<3>まってもいみない</c><28>timing</c>,まってもいみないtiming
47.531,47.731,-1,78,<3>待っても意味ないtim</c><28>ing</c>,待っても意味ないtiming
47.531,47.731,-1,0,<3>まってもいみないtim</c><28>ing</c>,まってもいみないtiming
47.731,48.165,-1,78,<3>待っても意味ないtiming</c>,待っても意味ないtiming
47.731,48.165,-1,0,<3>まってもいみないtiming</c>,まってもいみないtiming
48.165,48.365,-1,78,<4>あ</c><28>の魚みたいにswimmingswimming</c>,あの魚みたいにswimmingswimming
48.165,48.365,-1,0,<4>あ</c><28>のさかなみたいにswimmingswimming</c>,あのさかなみたいにswimmingswimming
48.365,48.565,-1,78,<4>あの</c><28>魚みたいにswimmingswimming</c>,あの魚みたいにswimmingswimming
48.365,48.565,-1,0,<4>あの</c><28>さかなみたいにswimmingswimming</c>,あのさかなみたいにswimmingswimming
48.565,48.699,-1,78,<4>あの魚</c><28>みたいにswimmingswimming</c>,あの魚みたいにswimmingswimming
48.565,48.699,-1,0,<4>あのさ</c><28>かなみたいにswimmingswimming</c>,あのさかなみたいにswimmingswimming
48.699,48.899,-1,78,<4>あの魚</c><28>みたいにswimmingswimming</c>,あの魚みたいにswimmingswimming
48.699,48.899,-1,0,<4>あのさか</c><28>なみたいにswimmingswimming</c>,あのさかなみたいにswimmingswimming
48.899,49.099,-1,78,<4>あの魚</c><28>みたいにswimmingswimming</c>,あの魚みたいにswimmingswimming
48.899,49.099,-1,0,<4>あのさかな</c><28>みたいにswimmingswimming</c>,あのさかなみたいにswimmingswimming
49.099,49.199,-1,78,<4>あの魚み</c><28>たいにswimmingswimming</c>,あの魚みたいにswimmingswimming
49.099,49.199,-1,0,<4>あのさかなみ</c><28>たいにswimmingswimming</c>,あのさかなみたいにswimmingswimming
49.199,49.299,-1,78,<4>あの魚みた</c><28>いにswimmingswimming</c>,あの魚みたいにswimmingswimming
49.199,49.299,-1,0,<4>あのさかなみた</c><28>いにswimmingswimming</c>,あのさかなみたいにswimmingswimming
49.299,49.4,-1,78,<4>あの魚みたい</c><28>にswimmingswimming</c>,あの魚みたいにswimmingswimming
49.299,49.4,-1,0,<4>あのさかなみたい</c><28>にswimmingswimming</c>,あのさかなみたいにswimmingswimming
49.4,49.6,-1,78,<4>あの魚みたいに</c><28>swimmingswimming</c>,あの魚みたいにswimmingswimming
49.4,49.6,-1,0,<4>あのさかなみたいに</c><28>swimmingswimming</c>,あのさかなみたいにswimmingswimming
49.6,50.0,-1,78,<4>あの魚みたいにswim</c><28>mingswimming</c>,あの魚みたいにswimmingswimming
49.6,50.0,-1,0,<4>あのさかなみたいにswim</c><28>mingswimming</c>,あのさかなみたいにswimmingswimming
50.0,50.434,-1,78,<4>あの魚みたいにswimming</c><28>swimming</c>,あの魚みたいにswimmingswimming
50.0,50.434,-1,0,<4>あのさかなみたいにswimming</c><28>swimming</c>,あのさかなみたいにswimmingswimming
50.434,50.834,-1,78,<4>あの魚みたいにswimmingswim</c><28>ming</c>,あの魚みたいにswimmingswimming
50.434,50.834,-1,0,<4>あのさかなみたいにswimmingswim</c><28>ming</c>,あのさかなみたいにswimmingswimming
50.834,51.435,-1,78,<4>あの魚みたいにswimmingswimming</c>,あの魚みたいにswimmingswimming
50.834,51.435,-1,0,<4>あのさかなみたいにswimmingswimming</c>,あのさかなみたいにswimmingswimming
51.435,51.668,-1,78,<46>引</c><28>き寄せるのlighting</c>,引き寄せるのlighting
51.435,51.668,-1,0,<46>ひ</c><28>きよせるのlighting</c>,ひきよせるのlighting
51.668,51.869,-1,78,<46>引き</c><28>寄せるのlighting</c>,引き寄せるのlighting
51.668,51.869,-1,0,<46>ひき</c><28>よせるのlighting</c>,ひきよせるのlighting
51.869,52.002,-1,78,<46>引き寄</c><28>せるのlighting</c>,引き寄せるのlighting
51.869,52.002,-1,0,<46>ひきよ</c><28>せるのlighting</c>,ひきよせるのlighting
52.002,52.202,-1,78,<46>引き寄せ</c><28>るのlighting</c>,引き寄せるのlighting
52.002,52.202,-1,0,<46>ひきよせ</c><28>るのlighting</c>,ひきよせるのlighting
52.202,52.403,-1,78,<46>引き寄せる</c><28>のlighting</c>,引き寄せるのlighting
52.202,52.403,-1,0,<46>ひきよせる</c><28>のlighting</c>,ひきよせるのlighting
52.403,52.503,-1,78,<46>引き寄せるの</c><28>lighting</c>,引き寄せるのlighting
52.403,52.503,-1,0,<46>ひきよせるの</c><28>lighting</c>,ひきよせるのlighting
52.503,52.736,-1,78,<46>引き寄せるのlight</c><28>ing</c>,引き寄せるのlighting
52.503,52.736,-1,0,<46>ひきよせるのlight</c><28>ing</c>,ひきよせるのlighting
52.736,53.137,-1,78,<46>引き寄せるのlighting</c>,引き寄せるのlighting
52.736,53.137,-1,0,<46>ひきよせるのlighting</c>,ひきよせるのlighting
53.137,53.337,-1,78,<45>ま</c><28>だ見えないよmaybe</c>,まだ見えないよmaybe
53.137,53.337,-1,0,<45>ま</c><28>だみえないよmaybe</c>,まだみえないよmaybe
53.337,53.537,-1,78,<45>まだ</c><28>見えないよmaybe</c>,まだ見えないよmaybe
53.337,53.537,-1,0,<45>まだ</c><28>みえないよmaybe</c>,まだみえないよmaybe
53.537,53.637,-1,78,<45>まだ見</c><28>えないよmaybe</c>,まだ見えないよmaybe
53.537,53.637,-1,0,<45>まだみ</c><28>えないよmaybe</c>,まだみえないよmaybe
53.637,53.837,-1,78,<45>まだ見え</c><28>ないよmaybe</c>,まだ見えないよmaybe
53.637,53.837,-1,0,<45>まだみえ</c><28>ないよmaybe</c>,まだみえないよmaybe
53.837,53.937,-1,78,<45>まだ見えな</c><28>いよmaybe</c>,まだ見えないよmaybe
53.837,53.937,-1,0,<45>まだみえな</c><28>いよmaybe</c>,まだみえないよmaybe
53.937,54.038,-1,78,<45>まだ見えない</c><28>よmaybe</c>,まだ見えないよmaybe
53.937,54.038,-1,0,<45>まだみえない</c><28>よmaybe</c>,まだみえないよmaybe
54.038,54.138,-1,78,<45>まだ見えないよ</c><28>maybe</c>,まだ見えないよmaybe
54.038,54.138,-1,0,<45>まだみえないよ</c><28>maybe</c>,まだみえないよmaybe
54.138,54.371,-1,78,<45>まだ見えないよmay</c><28>be</c>,まだ見えないよmaybe
54.138,54.371,-1,0,<45>まだみえないよmay</c><28>be</c>,まだみえないよmaybe
54.371,54.805,-1,78,<45>まだ見えないよmaybe</c>,まだ見えないよmaybe
54.371,54.805,-1,0,<45>まだみえないよmaybe</c>,まだみえないよmaybe
54.805,55.005,-1,78,<3>こ</c><28>の先には何があるの？</c>,この先には何があるの？
54.805,55.005,-1,0,<3>こ</c><28>のさきにはなにがあるの？</c>,このさきにはなにがあるの？
55.005,55.205,-1,78,<3>この</c><28>先には何があるの？</c>,この先には何があるの？
55.005,55.205,-1,0,<3>この</c><28>さきにはなにがあるの？</c>,このさきにはなにがあるの？
55.205,55.339,-1,78,<3>この先</c><28>には何があるの？</c>,この先には何があるの？
55.205,55.339,-1,0,<3>このさ</c><28>きにはなにがあるの？</c>,このさきにはなにがあるの？
55.339,55.572,-1,78,<3>この先</c><28>には何があるの？</c>,この先には何があるの？
55.339,55.572,-1,0,<3>このさき</c><28>にはなにがあるの？</c>,このさきにはなにがあるの？
55.572,55.706,-1,78,<3>この先に</c><28>は何があるの？</c>,この先には何があるの？
55.572,55.706,-1,0,<3>このさきに</c><28>はなにがあるの？</c>,このさきにはなにがあるの？
55.706,55.839,-1,78,<3>この先には</c><28>何があるの？</c>,この先には何があるの？
55.706,55.839,-1,0,<3>このさきには</c><28>なにがあるの？</c>,このさきにはなにがあるの？
55.839,56.04,-1,78,<3>この先には何</c><28>があるの？</c>,この先には何があるの？
55.839,56.04,-1,0,<3>このさきにはな</c><28>にがあるの？</c>,このさきにはなにがあるの？
56.04,56.24,-1,78,<3>この先には何</c><28>があるの？</c>,この先には何があるの？
56.04,56.24,-1,0,<3>このさきにはなに</c><28>があるの？</c>,このさきにはなにがあるの？
56.24,56.673,-1,78,<3>この先には何が</c><28>あるの？</c>,この先には何があるの？
56.24,56.673,-1,0,<3>このさきにはなにが</c><28>あるの？</c>,このさきにはなにがあるの？
56.673,57.074,-1,78,<3>この先には何があ</c><28>るの？</c>,この先には何があるの？
56.673,57.074,-1,0,<3>このさきにはなにがあ</c><28>るの？</c>,このさきにはなにがあるの？
57.074,57.508,-1,78,<3>この先には何がある</c><28>の？</c>,この先には何があるの？
57.074,57.508,-1,0,<3>このさきにはなにがある</c><28>の？</c>,このさきにはなにがあるの？
57.508,58.075,-1,78,<3>この先には何があるの？</c>,この先には何があるの？
57.508,58.075,-1,0,<3>このさきにはなにがあるの？</c>,このさきにはなにがあるの？
58.075,58.308,-1,78,<4>ま</c><28>だ早いよtakeit</c>,まだ早いよtakeit
58.075,58.308,-1,0,<4>ま</c><28>だはやいよtakeit</c>,まだはやいよtakeit
58.308,58.542,-1,78,<4>まだ</c><28>早いよtakeit</c>,まだ早いよtakeit
58.308,58.542,-1,0,<4>まだ</c><28>はやいよtakeit</c>,まだはやいよtakeit
58.542,58.642,-1,78,<4>まだ早</c><28>いよtakeit</c>,まだ早いよtakeit
58.542,58.642,-1,0,<4>まだは</c><28>やいよtakeit</c>,まだはやいよtakeit
58.642,58.842,-1,78,<4>まだ早</c><28>いよtakeit</c>,まだ早いよtakeit
58.642,58.842,-1,0,<4>まだはや</c><28>いよtakeit</c>,まだはやいよtakeit
58.842,59.009,-1,78,<4>まだ早い</c><28>よtakeit</c>,まだ早いよtakeit
58.842,59.009,-1,0,<4>まだはやい</c><28>よtakeit</c>,まだはやいよtakeit
59.009,59.143,-1,78,<4>まだ早いよ</c><28>takeit</c>,まだ早いよtakeit
59.009,59.143,-1,0,<4>まだはやいよ</c><28>takeit</c>,まだはやいよtakeit
59.143,59.343,-1,78,<4>まだ早いよtake</c><28>it</c>,まだ早いよtakeit
59.143,59.343,-1,0,<4>まだはやいよtake</c><28>it</c>,まだはやいよtakeit
59.343,59.743,-1,78,<4>まだ早いよtakeit</c>,まだ早いよtakeit
59.343,59.743,-1,0,<4>まだはやいよtakeit</c>,まだはやいよtakeit
59.743,59.943,-1,78,<46>追</c><28>いつくまでshaking</c>,追いつくまでshaking
59.743,59.943,-1,0,<46>お</c><28>いつくまでshaking</c>,おいつくまでshaking
59.943,60.277,-1,78,<46>追い</c><28>つくまでshaking</c>,追いつくまでshaking
59.943,60.277,-1,0,<46>おい</c><28>つくまでshaking</c>,おいつくまでshaking
60.277,60.377,-1,78,<46>追いつ</c><28>くまでshaking</c>,追いつくまでshaking
60.277,60.377,-1,0,<46>おいつ</c><28>くまでshaking</c>,おいつくまでshaking
60.377,60.477,-1,78,<46>追いつく</c><28>までshaking</c>,追いつくまでshaking
60.377,60.477,-1,0,<46>おいつく</c><28>までshaking</c>,おいつくまでshaking
60.477,60.677,-1,78,<46>追いつくま</c><28>でshaking</c>,追いつくまでshaking
60.477,60.677,-1,0,<46>おいつくま</c><28>でshaking</c>,おいつくまでshaking
60.677,60.778,-1,78,<46>追いつくまで</c><28>shaking</c>,追いつくまでshaking
60.677,60.778,-1,0,<46>おいつくまで</c><28>shaking</c>,おいつくまでshaking
60.778,60.978,-1,78,<46>追いつくまでshak</c><28>ing</c>,追いつくまでshaking
60.778,60.978,-1,0,<46>おいつくまでshak</c><28>ing</c>,おいつくまでshaking
60.978,61.412,-1,78,<46>追いつくまでshaking</c>,追いつくまでshaking
60.978,61.412,-1,0,<46>おいつくまでshaking</c>,おいつくまでshaking
61.412,61.612,-1,78,<45>で</c><28>もたまに止まってthinkingthinking</c>,でもたまに止まってthinkingthinking
61.412,61.612,-1,0,<45>で</c><28>もたまにとまってthinkingthinking</c>,でもたまにとまってthinkingthinking
61.612,61.812,-1,78,<45>でも</c><28>たまに止まってthinkingthinking</c>,でもたまに止まってthinkingthinking
61.612,61.812,-1,0,<45>でも</c><28>たまにとまってthinkingthinking</c>,でもたまにとまってthinkingthinking
61.812,61.945,-1,78,<45>でもた</c><28>まに止まってthinkingthinking</c>,でもたまに止まってthinkingthinking
61.812,61.945,-1,0,<45>でもた</c><28>まにとまってthinkingthinking</c>,でもたまにとまってthinkingthinking
61.945,62.146,-1,78,<45>でもたま</c><28>に止まってthinkingthinking</c>,でもたまに止まってthinkingthinking
61.945,62.146,-1,0,<45>でもたま</c><28>にとまってthinkingthinking</c>,でもたまにとまってthinkingthinking
62.146,62.346,-1,78,<45>でもたまに</c><28>止まってthinkingthinking</c>,でもたまに止まってthinkingthinking
62.146,62.346,-1,0,<45>でもたまに</c><28>とまってthinkingthinking</c>,でもたまにとまってthinkingthinking
62.346,62.446,-1,78,<45>でもたまに止</c><28>まってthinkingthinking</c>,でもたまに止まってthinkingthinking
62.346,62.446,-1,0,<45>でもたまにと</c><28>まってthinkingthinking</c>,でもたまにとまってthinkingthinking
62.446,62.646,-1,78,<45>でもたまに止まっ</c><28>てthinkingthinking</c>,でもたまに止まってthinkingthinking
62.446,62.646,-1,0,<45>でもたまにとまっ</c><28>てthinkingthinking</c>,でもたまにとまってthinkingthinking
62.646,62.813,-1,78,<45>でもたまに止まって</c><28>thinkingthinking</c>,でもたまに止まってthinkingthinking
62.646,62.813,-1,0,<45>でもたまにとまって</c><28>thinkingthinking</c>,でもたまにとまってthinkingthinking
62.813,63.247,-1,78,<45>でもたまに止まってthink</c><28>ingthinking</c>,でもたまに止まってthinkingthinking
62.813,63.247,-1,0,<45>でもたまにとまってthink</c><28>ingthinking</c>,でもたまにとまってthinkingthinking
63.247,63.714,-1,78,<45>でもたまに止まってthinking</c><28>thinking</c>,でもたまに止まってthinkingthinking
63.247,63.714,-1,0,<45>でもたまにとまってthinking</c><28>thinking</c>,でもたまにとまってthinkingthinking
63.714,64.114,-1,78,<45>でもたまに止まってthinkingthink</c><28>ing</c>,でもたまに止まってthinkingthinking
63.714,64.114,-1,0,<45>でもたまにとまってthinkingthink</c><28>ing</c>,でもたまにとまってthinkingthinking
64.114,64.715,-1,78,<45>でもたまに止まってthinkingthinking</c>,でもたまに止まってthinkingthinking
64.114,64.715,-1,0,<45>でもたまにとまってthinkingthinking</c>,でもたまにとまってthinkingthinking
64.715,64.915,-1,78,<3>変</c><28>えてみせるchange</c>,変えてみせるchange
64.715,64.915,-1,0,<3>か</c><28>えてみせるchange</c>,かえてみせるchange
64.915,65.149,-1,78,<3>変え</c><28>てみせるchange</c>,変えてみせるchange
64.915,65.149,-1,0,<3>かえ</c><28>てみせるchange</c>,かえてみせるchange
65.149,65.215,-1,78,<3>変えて</c><28>みせるchange</c>,変えてみせるchange
65.149,65.215,-1,0,<3>かえて</c><28>みせるchange</c>,かえてみせるchange
65.215,65.382,-1,78,<3>変えてみ</c><28>せるchange</c>,変えてみせるchange
65.215,65.382,-1,0,<3>かえてみ</c><28>せるchange</c>,かえてみせるchange
65.382,65.649,-1,78,<3>変えてみせ</c><28>るchange</c>,変えてみせるchange
65.382,65.649,-1,0,<3>かえてみせ</c><28>るchange</c>,かえてみせるchange
65.649,65.749,-1,78,<3>変えてみせる</c><28>change</c>,変えてみせるchange
65.649,65.749,-1,0,<3>かえてみせる</c><28>change</c>,かえてみせるchange
65.749,65.983,-1,78,<3>変えてみせるchan</c><28>ge</c>,変えてみせるchange
65.749,65.983,-1,0,<3>かえてみせるchan</c><28>ge</c>,かえてみせるchange
65.983,66.383,-1,78,<3>変えてみせるchange</c>,変えてみせるchange
65.983,66.383,-1,0,<3>かえてみせるchange</c>,かえてみせるchange
66.383,66.517,-1,78,<4>踏</c><28>み出すのさstepping</c>,踏み出すのさstepping
66.383,66.517,-1,0,<4>ふ</c><28>みだすのさstepping</c>,ふみだすのさstepping
66.517,66.583,-1,78,<4>踏み</c><28>出すのさstepping</c>,踏み出すのさstepping
66.517,66.583,-1,0,<4>ふみ</c><28>だすのさstepping</c>,ふみだすのさstepping
66.583,66.784,-1,78,<4>踏み出</c><28>すのさstepping</c>,踏み出すのさstepping
66.583,66.784,-1,0,<4>ふみだ</c><28>すのさstepping</c>,ふみだすのさstepping
66.784,66.917,-1,78,<4>踏み出す</c><28>のさstepping</c>,踏み出すのさstepping
66.784,66.917,-1,0,<4>ふみだす</c><28>のさstepping</c>,ふみだすのさstepping
66.917,67.117,-1,78,<4>踏み出すの</c><28>さstepping</c>,踏み出すのさstepping
66.917,67.117,-1,0,<4>ふみだすの</c><28>さstepping</c>,ふみだすのさstepping
67.117,67.384,-1,78,<4>踏み出すのさ</c><28>stepping</c>,踏み出すのさstepping
67.117,67.384,-1,0,<4>ふみだすのさ</c><28>stepping</c>,ふみだすのさstepping
67.384,67.618,-1,78,<4>踏み出すのさstep</c><28>ping</c>,踏み出すのさstepping
67.384,67.618,-1,0,<4>ふみだすのさstep</c><28>ping</c>,ふみだすのさstepping
67.618,68.018,-1,78,<4>踏み出すのさstepping</c>,踏み出すのさstepping
67.618,68.018,-1,0,<4>ふみだすのさstepping</c>,ふみだすのさstepping
68.018,68.218,-1,78,<46>掴</c><28>んでみせるよキラキラmydream</c>,掴んでみせるよキラキラmydream
68.018,68.218,-1,0,<46>つ</c><28>かんでみせるよきらきらmydream</c>,つかんでみせるよきらきらmydream
68.218,68.385,-1,78,<46>掴</c><28>んでみせるよキラキラmydream</c>,掴んでみせるよキラキラmydream
68.218,68.385,-1,0,<46>つか</c><28>んでみせるよきらきらmydream</c>,つかんでみせるよきらきらmydream
68.385,68.552,-1,78,<46>掴ん</c><28>でみせるよキラキラmydream</c>,掴んでみせるよキラキラmydream
68.385,68.552,-1,0,<46>つかん</c><28>でみせるよきらきらmydream</c>,つかんでみせるよきらきらmydream
68.552,68.752,-1,78,<46>掴んで</c><28>みせるよキラキラmydream</c>,掴んでみせるよキラキラmydream
68.552,68.752,-1,0,<46>つかんで</c><28>みせるよきらきらmydream</c>,つかんでみせるよきらきらmydream
68.752,68.952,-1,78,<46>掴んでみ</c><28>せるよキラキラmydream</c>,掴んでみせるよキラキラmydream
68.752,68.952,-1,0,<46>つかんでみ</c><28>せるよきらきらmydream</c>,つかんでみせるよきらきらmydream
68.952,69.053,-1,78,<46>掴んでみせ</c><28>るよキラキラmydream</c>,掴んでみせるよキラキラmydream
68.952,69.053,-1,0,<46>つかんでみせ</c><28>るよきらきらmydream</c>,つかんでみせるよきらきらmydream
69.053,69.253,-1,78,<46>掴んでみせる</c><28>よキラキラmydream</c>,掴んでみせるよキラキラmydream
69.053,69.253,-1,0,<46>つかんでみせる</c><28>よきらきらmydream</c>,つかんでみせるよきらきらmydream
69.253,69.453,-1,78,<46>掴んでみせるよ</c><28>キラキラmydream</c>,掴んでみせるよキラキラmydream
69.253,69.453,-1,0,<46>つかんでみせるよ</c><28>きらきらmydream</c>,つかんでみせるよきらきらmydream
69.453,69.887,-1,78,<46>掴んでみせるよキ</c><28>ラキラmydream</c>,掴んでみせるよキラキラmydream
69.453,69.887,-1,0,<46>つかんでみせるよき</c><28>らきらmydream</c>,つかんでみせるよきらきらmydream
69.887,70.32,-1,78,<46>掴んでみせるよキラ</c><28>キラmydream</c>,掴んでみせるよキラキラmydream
69.887,70.32,-1,0,<46>つかんでみせるよきら</c><28>きらmydream</c>,つかんでみせるよきらきらmydream
70.32,70.721,-1,78,<46>掴んでみせるよキラキ</c><28>ラmydream</c>,掴んでみせるよキラキラmydream
70.32,70.721,-1,0,<46>つかんでみせるよきらき</c><28>らmydream</c>,つかんでみせるよきらきらmydream
70.721,71.121,-1,78,<46>掴んでみせるよキラキラ</c><28>mydream</c>,掴んでみせるよキラキラmydream
70.721,71.121,-1,0,<46>つかんでみせるよきらきら</c><28>mydream</c>,つかんでみせるよきらきらmydream
71.121,71.755,-1,78,<46>掴んでみせるよキラキラmy</c><28>dream</c>,掴んでみせるよキラキラmydream
71.121,71.755,-1,0,<46>つかんでみせるよきらきらmy</c><28>dream</c>,つかんでみせるよきらきらmydream
71.755,72.99,-1,78,<46>掴んでみせるよキラキラmydream</c>,掴んでみせるよキラキラmydream
71.755,72.99,-1,0,<46>つかんでみせるよきらきらmydream</c>,つかんでみせるよきらきらmydream
72.99,73.19,-1,78,<45>叶</c><28>う日までstory繋ぐから</c>,叶う日までstory繋ぐから
72.99,73.19,-1,0,<45>か</c><28>なうひまでstoryつなぐから</c>,かなうひまでstoryつなぐから
73.19,73.59,-1,78,<45>叶</c><28>う日までstory繋ぐから</c>,叶う日までstory繋ぐから
73.19,73.59,-1,0,<45>か</c><42>な</c><28>うひまでstoryつなぐから</c>,かなうひまでstoryつなぐから
73.59,73.791,-1,78,<45>叶</c><39>う</c><28>日までstory繋ぐから</c>,叶う日までstory繋ぐから
73.59,73.791,-1,0,<45>か</c><42>な</c><39>う</c><28>ひまでstoryつなぐから</c>,かなうひまでstoryつなぐから
73.791,74.024,-1,78,<45>叶</c><39>う</c><37>日</c><28>までstory繋ぐから</c>,叶う日までstory繋ぐから
73.791,74.024,-1,0,<45>か</c><42>な</c><39>う</c><37>ひ</c><28>までstoryつなぐから</c>,かなうひまでstoryつなぐから
74.024,74.224,-1,78,<45>叶</c><39>う</c><37>日</c><33>ま</c><28>でstory繋ぐから</c>,叶う日までstory繋ぐから
74.024,74.224,-1,0,<45>か</c><42>な</c><39>う</c><37>ひ</c><33>ま</c><28>でstoryつなぐから</c>,かなうひまでstoryつなぐから
74.224,74.425,-1,78,<45>叶</c><39>う</c><37>日</c><33>ま</c><31>で</c><28>story繋ぐから</c>,叶う日までstory繋ぐから
74.224,74.425,-1,0,<45>か</c><42>な</c><39>う</c><37>ひ</c><33>ま</c><31>で</c><28>storyつなぐから</c>,かなうひまでstoryつなぐから
74.425,75.059,-1,78,<45>叶</c><39>う</c><37>日</c><33>ま</c><31>で</c><27>s</c><25>t</c><21>o</c><28>ry繋ぐから</c>,叶う日までstory繋ぐから
74.425,75.059,-1,0,<45>か</c><42>な</c><39>う</c><37>ひ</c><33>ま</c><31>で</c><27>s</c><25>t</c><21>o</c><28>ryつなぐから</c>,かなうひまでstoryつなぐから
75.059,76.293,-1,78,<45>叶</c><39>う</c><37>日</c><33>ま</c><31>で</c><27>s</c><25>t</c><21>o</c><19>r</c><16>y</c><28>繋ぐから</c>,叶う日までstory繋ぐから
75.059,76.293,-1,0,<45>か</c><42>な</c><39>う</c><37>ひ</c><33>ま</c><31>で</c><27>s</c><25>t</c><21>o</c><19>r</c><16>y</c><28>つなぐから</c>,かなうひまでstoryつなぐから
76.293,76.493,-1,78,<45>叶</c><39>う</c><37>日</c><33>ま</c><31>で</c><27>s</c><25>t</c><21>o</c><19>r</c><16>y</c><13>繋</c><28>ぐから</c>,叶う日までstory繋ぐから
76.293,76.493,-1,0,<45>か</c><42>な</c><39>う</c><37>ひ</c><33>ま</c><31>で</c><27>s</c><25>t</c><21>o</c><19>r</c><16>y</c><13>つ</c><28>なぐから</c>,かなうひまでstoryつなぐから
76.493,76.927,-1,78,<45>叶</c><39>う</c><37>日</c><33>ま</c><31>で</c><27>s</c><25>t</c><21>o</c><19>r</c><16>y</c><13>繋</c><28>ぐから</c>,叶う日までstory繋ぐから
76.493,76.927,56,0,<45>か</c><42>な</c><39>う</c><37>ひ</c><33>ま</c><31>で</c><27>s</c><25>t</c><21>o</c><19>r</c><16>y</c><13>つ</c><10>な</c><28>ぐから</c>,かなうひまでstoryつなぐから
76.927,77.127,-1,78,<45>叶</c><39>う</c><37>日</c><33>ま</c><31>で</c><27>s</c><25>t</c><21>o</c><19>r</c><16>y</c><13>繋</c><8>ぐ</c><28>から</c>,叶う日までstory繋ぐから
76.927,77.127,58,0,<45>か</c><42>な</c><39>う</c><37>ひ</c><33>ま</c><31>で</c><27>s</c><25>t</c><21>o</c><19>r</c><16>y</c><13>つ</c><10>な</c><8>ぐ</c><28>から</c>,かなうひまでstoryつなぐから
77.127,77.294,-1,78,<45>叶</c><39>う</c><37>日</c><33>ま</c><31>で</c><27>s</c><25>t</c><21>o</c><19>r</c><16>y</c><13>繋</c><8>ぐ</c><5>か</c><28>ら</c>,叶う日までstory繋ぐから
77.127,77.294,59,0,<45>か</c><42>な</c><39>う</c><37>ひ</c><33>ま</c><31>で</c><27>s</c><25>t</c><21>o</c><19>r</c><16>y</c><13>つ</c><10>な</c><8>ぐ</c><5>か</c><28>ら</c>,かなうひまでstoryつなぐから
77.294,77.961,-1,78,<45>叶</c><39>う</c><37>日</c><33>ま</c><31>で</c><27>s</c><25>t</c><21>o</c><19>r</c><16>y</c><13>繋</c><8>ぐ</c><5>か</c><3>ら</c>,叶う日までstory繋ぐから
77.294,77.961,59,0,<45>か</c><42>な</c><39>う</c><37>ひ</c><33>ま</c><31>で</c><27>s</c><25>t</c><21>o</c><19>r</c><16>y</c><13>つ</c><10>な</c><8>ぐ</c><5>か</c><3>ら</c>,かなうひまでstoryつなぐから
77.961,78.162,-1,78,<4>だ</c><28>って君にずっと見てほしいから</c>,だって君にずっと見てほしいから
77.961,78.162,-1,0,<4>だ</c><28>ってきみにずっとみてほしいから</c>,だってきみにずっとみてほしいから
78.162,78.462,-1,78,<4>だ</c><6>っ</c><28>て君にずっと見てほしいから</c>,だって君にずっと見てほしいから
78.162,78.462,-1,0,<4>だ</c><6>っ</c><28>てきみにずっとみてほしいから</c>,だってきみにずっとみてほしいから
78.462,78.595,-1,78,<4>だ</c><6>っ</c><9>て</c><28>君にずっと見てほしいから</c>,だって君にずっと見てほしいから
78.462,78.595,-1,0,<4>だ</c><6>っ</c><9>て</c><28>きみにずっとみてほしいから</c>,だってきみにずっとみてほしいから
78.595,78.796,-1,78,<4>だ</c><6>っ</c><9>て</c><11>君</c><28>にずっと見てほしいから</c>,だって君にずっと見てほしいから
78.595,78.796,-1,0,<4>だ</c><6>っ</c><9>て</c><11>き</c><28>みにずっとみてほしいから</c>,だってきみにずっとみてほしいから
78.796,78.996,-1,78,<4>だ</c><6>っ</c><9>て</c><11>君</c><28>にずっと見てほしいから</c>,だって君にずっと見てほしいから
78.796,78.996,-1,0,<4>だ</c><6>っ</c><9>て</c><11>き</c><15>み</c><28>にずっとみてほしいから</c>,だってきみにずっとみてほしいから
78.996,79.596,-1,78,<4>だ</c><6>っ</c><9>て</c><11>君</c><17>に</c><28>ずっと見てほしいから</c>,だって君にずっと見てほしいから
78.996,79.596,-1,0,<4>だ</c><6>っ</c><9>て</c><11>き</c><15>み</c><17>に</c><28>ずっとみてほしいから</c>,だってきみにずっとみてほしいから
79.596,79.83,-1,78,<4>だ</c><6>っ</c><9>て</c><11>君</c><17>に</c><20>ず</c><28>っと見てほしいから</c>,だって君にずっと見てほしいから
79.596,79.83,-1,0,<4>だ</c><6>っ</c><9>て</c><11>き</c><15>み</c><17>に</c><20>ず</c><28>っとみてほしいから</c>,だってきみにずっとみてほしいから
79.83,80.13,-1,78,<4>だ</c><6>っ</c><9>て</c><11>君</c><17>に</c><20>ず</c><22>っ</c><28>と見てほしいから</c>,だって君にずっと見てほしいから
79.83,80.13,-1,0,<4>だ</c><6>っ</c><9>て</c><11>き</c><15>み</c><17>に</c><20>ず</c><22>っ</c><28>とみてほしいから</c>,だってきみにずっとみてほしいから
80.13,80.23,-1,78,<4>だ</c><6>っ</c><9>て</c><11>君</c><17>に</c><20>ず</c><22>っ</c><26>と</c><28>見てほしいから</c>,だって君にずっと見てほしいから
80.13,80.23,-1,0,<4>だ</c><6>っ</c><9>て</c><11>き</c><15>み</c><17>に</c><20>ず</c><22>っ</c><26>と</c><28>みてほしいから</c>,だってきみにずっとみてほしいから
80.23,80.431,-1,78,<4>だ</c><6>っ</c><9>て</c><11>君</c><17>に</c><20>ず</c><22>っ</c><26>と</c><29>見</c><28>てほしいから</c>,だって君にずっと見てほしいから
80.23,80.431,-1,0,<4>だ</c><6>っ</c><9>て</c><11>き</c><15>み</c><17>に</c><20>ず</c><22>っ</c><26>と</c><29>み</c><28>てほしいから</c>,だってきみにずっとみてほしいから
80.431,80.631,-1,78,<4>だ</c><6>っ</c><9>て</c><11>君</c><17>に</c><20>ず</c><22>っ</c><26>と</c><29>見</c><32>て</c><28>ほしいから</c>,だって君にずっと見てほしいから
80.431,80.631,-1,0,<4>だ</c><6>っ</c><9>て</c><11>き</c><15>み</c><17>に</c><20>ず</c><22>っ</c><26>と</c><29>み</c><32>て</c><28>ほしいから</c>,だってきみにずっとみてほしいから
80.631,80.864,-1,78,<4>だ</c><6>っ</c><9>て</c><11>君</c><17>に</c><20>ず</c><22>っ</c><26>と</c><29>見</c><32>て</c><34>ほ</c><28>しいから</c>,だって君にずっと見てほしいから
80.631,80.864,56,0,<4>だ</c><6>っ</c><9>て</c><11>き</c><15>み</c><17>に</c><20>ず</c><22>っ</c><26>と</c><29>み</c><32>て</c><34>ほ</c><28>しいから</c>,だってきみにずっとみてほしいから
80.864,81.065,-1,78,<4>だ</c><6>っ</c><9>て</c><11>君</c><17>に</c><20>ず</c><22>っ</c><26>と</c><29>見</c><32>て</c><34>ほ</c><38>し</c><28>いから</c>,だって君にずっと見てほしいから
80.864,81.065,58,0,<4>だ</c><6>っ</c><9>て</c><11>き</c><15>み</c><17>に</c><20>ず</c><22>っ</c><26>と</c><29>み</c><32>て</c><34>ほ</c><38>し</c><28>いから</c>,だってきみにずっとみてほしいから
81.065,82.299,-1,78,<4>だ</c><6>っ</c><9>て</c><11>君</c><17>に</c><20>ず</c><22>っ</c><26>と</c><29>見</c><32>て</c><34>ほ</c><38>し</c><41>い</c><28>から</c>,だって君にずっと見てほしいから
81.065,82.299,59,0,<4>だ</c><6>っ</c><9>て</c><11>き</c><15>み</c><17>に</c><20>ず</c><22>っ</c><26>と</c><29>み</c><32>て</c><34>ほ</c><38>し</c><41>い</c><28>から</c>,だってきみにずっとみてほしいから
82.299,82.499,-1,78,<4>だ</c><6>っ</c><9>て</c><11>君</c><17>に</c><20>ず</c><22>っ</c><26>と</c><29>見</c><32>て</c><34>ほ</c><38>し</c><41>い</c><43>か</c><28>ら</c>,だって君にずっと見てほしいから
82.299,82.499,61,0,<4>だ</c><6>っ</c><9>て</c><11>き</c><15>み</c><17>に</c><20>ず</c><22>っ</c><26>と</c><29>み</c><32>て</c><34>ほ</c><38>し</c><41>い</c><43>か</c><28>ら</c>,だってきみにずっとみてほしいから
82.499,82.733,-1,78,<4>だ</c><6>っ</c><9>て</c><11>君</c><17>に</c><20>ず</c><22>っ</c><26>と</c><29>見</c><32>て</c><34>ほ</c><38>し</c><41>い</c><43>か</c><46>ら</c>,だって君にずっと見てほしいから
82.499,82.733,61,0,<4>だ</c><6>っ</c><9>て</c><11>き</c><15>み</c><17>に</c><20>ず</c><22>っ</c><26>と</c><29>み</c><32>て</c><34>ほ</c><38>し</c><41>い</c><43>か</c><46>ら</c>,だってきみにずっとみてほしいから
83.367,83.567,-1,78,<2>手</c><28>を上げて</c>,手を上げて
83.367,83.567,-1,0,<2>て</c><28>をあげて</c>,てをあげて
83.567,83.801,-1,78,<2>手を</c><28>上げて</c>,手を上げて
83.567,83.801,-1,0,<2>てを</c><28>あげて</c>,てをあげて
83.801,84.001,-1,78,<2>手を上</c><28>げて</c>,手を上げて
83.801,84.001,-1,0,<2>てをあ</c><28>げて</c>,てをあげて
84.001,84.201,-1,78,<2>手を上げ</c><28>て</c>,手を上げて
84.001,84.201,-1,0,<2>てをあげ</c><28>て</c>,てをあげて
84.201,84.368,-1,78,<2>手を上げて</c>,手を上げて
84.201,84.368,-1,0,<2>てをあげて</c>,てをあげて
84.368,84.768,-1,78,<2>clap</c><28>yourhands海の向こうまで</c>,clapyourhands海の向こうまで
84.368,84.768,-1,0,<2>clap</c><28>yourhandsうみのむこうまで</c>,clapyourhandsうみのむこうまで
84.768,85.202,-1,78,<2>clapyour</c><28>hands海の向こうまで</c>,clapyourhands海の向こうまで
84.768,85.202,-1,0,<2>clapyour</c><28>handsうみのむこうまで</c>,clapyourhandsうみのむこうまで
85.202,85.636,-1,78,<2>clapyourhands</c><28>海の向こうまで</c>,clapyourhands海の向こうまで
85.202,85.636,-1,0,<2>clapyourhands</c><28>うみのむこうまで</c>,clapyourhandsうみのむこうまで
85.636,85.836,-1,78,<2>clapyourhands海</c><28>の向こうまで</c>,clapyourhands海の向こうまで
85.636,85.836,-1,0,<2>clapyourhandsう</c><28>みのむこうまで</c>,clapyourhandsうみのむこうまで
85.836,86.036,-1,78,<2>clapyourhands海</c><28>の向こうまで</c>,clapyourhands海の向こうまで
85.836,86.036,-1,0,<2>clapyourhandsうみ</c><28>のむこうまで</c>,clapyourhandsうみのむこうまで
86.036,86.236,-1,78,<2>clapyourhands海の</c><28>向こうまで</c>,clapyourhands海の向こうまで
86.036,86.236,-1,0,<2>clapyourhandsうみの</c><28>むこうまで</c>,clapyourhandsうみのむこうまで
86.236,86.437,-1,78,<2>clapyourhands海の向</c><28>こうまで</c>,clapyourhands海の向こうまで
86.236,86.437,-1,0,<2>clapyourhandsうみのむ</c><28>こうまで</c>,clapyourhandsうみのむこうまで
86.437,86.67,-1,78,<2>clapyourhands海の向こ</c><28>うまで</c>,clapyourhands海の向こうまで
86.437,86.67,-1,0,<2>clapyourhandsうみのむこ</c><28>うまで</c>,clapyourhandsうみのむこうまで
86.67,86.87,-1,78,<2>clapyourhands海の向こう</c><28>まで</c>,clapyourhands海の向こうまで
86.67,86.87,-1,0,<2>clapyourhandsうみのむこう</c><28>まで</c>,clapyourhandsうみのむこうまで
86.87,87.271,-1,78,<2>clapyourhands海の向こうま</c><28>で</c>,clapyourhands海の向こうまで
86.87,87.271,-1,0,<2>clapyourhandsうみのむこうま</c><28>で</c>,clapyourhandsうみのむこうまで
87.271,87.671,-1,78,<2>clapyourhands海の向こうまで</c>,clapyourhands海の向こうまで
87.271,87.671,-1,0,<2>clapyourhandsうみのむこうまで</c>,clapyourhandsうみのむこうまで
87.671,88.072,-1,78,<2>clap</c><28>yourhands届きますように</c>,clapyourhands届きますように
87.671,88.072,-1,0,<2>clap</c><28>yourhandsとどきますように</c>,clapyourhandsとどきますように
88.072,88.505,-1,78,<2>clapyour</c><28>hands届きますように</c>,clapyourhands届きますように
88.072,88.505,-1,0,<2>clapyour</c><28>handsとどきますように</c>,clapyourhandsとどきますように
88.505,88.906,-1,78,<2>clapyourhands</c><28>届きますように</c>,clapyourhands届きますように
88.505,88.906,-1,0,<2>clapyourhands</c><28>とどきますように</c>,clapyourhandsとどきますように
88.906,89.106,-1,78,<2>clapyourhands届</c><28>きますように</c>,clapyourhands届きますように
88.906,89.106,-1,0,<2>clapyourhandsと</c><28>どきますように</c>,clapyourhandsとどきますように
89.106,89.306,-1,78,<2>clapyourhands届</c><28>きますように</c>,clapyourhands届きますように
89.106,89.306,-1,0,<2>clapyourhandsとど</c><28>きますように</c>,clapyourhandsとどきますように
89.306,89.54,-1,78,<2>clapyourhands届き</c><28>ますように</c>,clapyourhands届きますように
89.306,89.54,-1,0,<2>clapyourhandsとどき</c><28>ますように</c>,clapyourhandsとどきますように
89.54,89.74,-1,78,<2>clapyourhands届きま</c><28>すように</c>,clapyourhands届きますように
89.54,89.74,-1,0,<2>clapyourhandsとどきま</c><28>すように</c>,clapyourhandsとどきますように
89.74,89.94,-1,78,<2>clapyourhands届きます</c><28>ように</c>,clapyourhands届きますように
89.74,89.94,-1,0,<2>clapyourhandsとどきます</c><28>ように</c>,clapyourhandsとどきますように
89.94,90.174,-1,78,<2>clapyourhands届きますよう</c><28>に</c>,clapyourhands届きますように
89.94,90.174,-1,0,<2>clapyourhandsとどきますよう</c><28>に</c>,clapyourhandsとどきますように
90.174,90.808,-1,78,<2>clapyourhands届きますように</c>,clapyourhands届きますように
90.174,90.808,-1,0,<2>clapyourhandsとどきますように</c>,clapyourhandsとどきますように
90.808,90.908,-1,78,<45>手</c><28>を叩こう</c>,手を叩こう
90.808,90.908,-1,0,<45>て</c><28>をたたこう</c>,てをたたこう
90.908,91.008,-1,78,<45>手を</c><28>叩こう</c>,手を叩こう
90.908,91.008,-1,0,<45>てを</c><28>たたこう</c>,てをたたこう
91.008,91.208,-1,78,<45>手を叩</c><28>こう</c>,手を叩こう
91.008,91.208,-1,0,<45>てをた</c><28>たこう</c>,てをたたこう
91.208,91.442,-1,78,<45>手を叩</c><28>こう</c>,手を叩こう
91.208,91.442,-1,0,<45>てをたた</c><28>こう</c>,てをたたこう
91.442,91.809,-1,78,<45>手を叩こう</c>,手を叩こう
91.442,91.809,-1,0,<45>てをたたこう</c>,てをたたこう
91.809,92.443,-1,78,<1>👏👏👏</c>,👏👏👏
92.443,92.543,-1,78,<3>手</c><28>を叩こう</c>,手を叩こう
92.443,92.543,-1,0,<3>て</c><28>をたたこう</c>,てをたたこう
92.543,92.643,-1,78,<3>手を</c><28>叩こう</c>,手を叩こう
92.543,92.643,-1,0,<3>てを</c><28>たたこう</c>,てをたたこう
92.643,92.843,-1,78,<3>手を叩</c><28>こう</c>,手を叩こう
92.643,92.843,-1,0,<3>てをた</c><28>たこう</c>,てをたたこう
92.843,93.043,-1,78,<3>手を叩</c><28>こう</c>,手を叩こう
92.843,93.043,-1,0,<3>てをたた</c><28>こう</c>,てをたたこう
93.043,93.477,-1,78,<3>手を叩こう</c>,手を叩こう
93.043,93.477,-1,0,<3>てをたたこう</c>,てをたたこう
93.477,94.311,-1,78,<1>👏👏👏</c>,👏👏👏
94.311,94.711,-1,78,<4>ほ</c><28>ら一緒に</c>,ほら一緒に
94.311,94.711,-1,0,<4>ほ</c><28>らいっしょに</c>,ほらいっしょに
94.711,95.145,-1,78,<4>ほ</c><14>ら</c><28>一緒に</c>,ほら一緒に
94.711,95.145,-1,0,<4>ほ</c><14>ら</c><28>いっしょに</c>,ほらいっしょに
95.145,95.446,-1,78,<4>ほ</c><14>ら</c><24>一</c><28>緒に</c>,ほら一緒に
95.145,95.446,-1,0,<4>ほ</c><14>ら</c><24>いっ</c><28>しょに</c>,ほらいっしょに
95.446,95.746,-1,78,<4>ほ</c><14>ら</c><24>一</c><36>緒</c><28>に</c>,ほら一緒に
95.446,95.746,-1,0,<4>ほ</c><14>ら</c><24>いっ</c><36>しょ</c><28>に</c>,ほらいっしょに
95.746,96.814,-1,78,<4>ほ</c><14>ら</c><24>一</c><36>緒</c><46>に</c>,ほら一緒に
95.746,96.814,-1,0,<4>ほ</c><14>ら</c><24>いっ</c><36>しょ</c><46>に</c>,ほらいっしょに
96.814,97.014,-1,78,<45>e</c><40>v</c><35>e</c><28>rybody</c>,everybody
96.814,97.014,-1,0,<45>e</c><40>v</c><35>e</c><28>rybody</c>,everybody
97.014,97.214,-1,78,<45>e</c><40>v</c><35>e</c><30>r</c><23>y</c><28>body</c>,everybody
97.014,97.214,-1,0,<45>e</c><40>v</c><35>e</c><30>r</c><23>y</c><28>body</c>,everybody
97.214,97.414,-1,78,<45>e</c><40>v</c><35>e</c><30>r</c><23>y</c><18>b</c><12>o</c><7>d</c><28>y</c>,everybody
97.214,97.414,-1,0,<45>e</c><40>v</c><35>e</c><30>r</c><23>y</c><18>b</c><12>o</c><7>d</c><28>y</c>,everybody
97.414,97.614,-1,78,<45>e</c><40>v</c><35>e</c><30>r</c><23>y</c><18>b</c><12>o</c><7>d</c><3>y</c>,everybody
97.414,97.614,-1,0,<45>e</c><40>v</c><35>e</c><30>r</c><23>y</c><18>b</c><12>o</c><7>d</c><3>y</c>,everybody
97.614,98.015,-1,78,<2>clap</c><28>yourhands空の向こうまで</c>,clapyourhands空の向こうまで
97.614,98.015,-1,0,<2>clap</c><28>yourhandsそらのむこうまで</c>,clapyourhandsそらのむこうまで
98.015,98.415,-1,78,<2>clapyour</c><28>hands空の向こうまで</c>,clapyourhands空の向こうまで
98.015,98.415,-1,0,<2>clapyour</c><28>handsそらのむこうまで</c>,clapyourhandsそらのむこうまで
98.415,98.849,-1,78,<2>clapyourhands</c><28>空の向こうまで</c>,clapyourhands空の向こうまで
98.415,98.849,-1,0,<2>clapyourhands</c><28>そらのむこうまで</c>,clapyourhandsそらのむこうまで
98.849,99.049,-1,78,<2>clapyourhands空</c><28>の向こうまで</c>,clapyourhands空の向こうまで
98.849,99.049,-1,0,<2>clapyourhandsそ</c><28>らのむこうまで</c>,clapyourhandsそらのむこうまで
99.049,99.249,-1,78,<2>clapyourhands空</c><28>の向こうまで</c>,clapyourhands空の向こうまで
99.049,99.249,-1,0,<2>clapyourhandsそら</c><28>のむこうまで</c>,clapyourhandsそらのむこうまで
99.249,99.45,-1,78,<2>clapyourhands空の</c><28>向こうまで</c>,clapyourhands空の向こうまで
99.249,99.45,-1,0,<2>clapyourhandsそらの</c><28>むこうまで</c>,clapyourhandsそらのむこうまで
99.45,99.683,-1,78,<2>clapyourhands空の向</c><28>こうまで</c>,clapyourhands空の向こうまで
99.45,99.683,-1,0,<2>clapyourhandsそらのむ</c><28>こうまで</c>,clapyourhandsそらのむこうまで
99.683,99.883,-1,78,<2>clapyourhands空の向こ</c><28>うまで</c>,clapyourhands空の向こうまで
99.683,99.883,-1,0,<2>clapyourhandsそらのむこ</c><28>うまで</c>,clapyourhandsそらのむこうまで
99.883,100.084,-1,78,<2>clapyourhands空の向こう</c><28>まで</c>,clapyourhands空の向こうまで
99.883,100.084,-1,0,<2>clapyourhandsそらのむこう</c><28>まで</c>,clapyourhandsそらのむこうまで
100.084,100.484,-1,78,<2>clapyourhands空の向こうま</c><28>で</c>,clapyourhands空の向こうまで
100.084,100.484,-1,0,<2>clapyourhandsそらのむこうま</c><28>で</c>,clapyourhandsそらのむこうまで
100.484,100.918,-1,78,<2>clapyourhands空の向こうまで</c>,clapyourhands空の向こうまで
100.484,100.918,-1,0,<2>clapyourhandsそらのむこうまで</c>,clapyourhandsそらのむこうまで
100.918,101.318,-1,78,<2>clap</c><28>yourhands響きますように</c>,clapyourhands響きますように
100.918,101.318,-1,0,<2>clap</c><28>yourhandsひびきますように</c>,clapyourhandsひびきますように
101.318,101.752,-1,78,<2>clapyour</c><28>hands響きますように</c>,clapyourhands響きますように
101.318,101.752,-1,0,<2>clapyour</c><28>handsひびきますように</c>,clapyourhandsひびきますように
101.752,102.152,-1,78,<2>clapyourhands</c><28>響きますように</c>,clapyourhands響きますように
101.752,102.152,-1,0,<2>clapyourhands</c><28>ひびきますように</c>,clapyourhandsひびきますように
102.152,102.386,-1,78,<2>clapyourhands響</c><28>きますように</c>,clapyourhands響きますように
102.152,102.386,-1,0,<2>clapyourhandsひ</c><28>びきますように</c>,clapyourhandsひびきますように
102.386,102.553,-1,78,<2>clapyourhands響</c><28>きますように</c>,clapyourhands響きますように
102.386,102.553,-1,0,<2>clapyourhandsひび</c><28>きますように</c>,clapyourhandsひびきますように
102.553,102.753,-1,78,<2>clapyourhands響き</c><28>ますように</c>,clapyourhands響きますように
102.553,102.753,-1,0,<2>clapyourhandsひびき</c><28>ますように</c>,clapyourhandsひびきますように
102.753,102.953,-1,78,<2>clapyourhands響きま</c><28>すように</c>,clapyourhands響きますように
102.753,102.953,-1,0,<2>clapyourhandsひびきま</c><28>すように</c>,clapyourhandsひびきますように
102.953,103.187,-1,78,<2>clapyourhands響きます</c><28>ように</c>,clapyourhands響きますように
102.953,103.187,-1,0,<2>clapyourhandsひびきます</c><28>ように</c>,clapyourhandsひびきますように
103.187,103.387,-1,78,<2>clapyourhands響きますよう</c><28>に</c>,clapyourhands響きますように
103.187,103.387,-1,0,<2>clapyourhandsひびきますよう</c><28>に</c>,clapyourhandsひびきますように
103.387,104.021,-1,78,<2>clapyourhands響きますように</c>,clapyourhands響きますように
103.387,104.021,-1,0,<2>clapyourhandsひびきますように</c>,clapyourhandsひびきますように
104.021,104.121,-1,78,<4>手</c><28>を叩こう</c>,手を叩こう
104.021,104.121,-1,0,<4>て</c><28>をたたこう</c>,てをたたこう
104.121,104.254,-1,78,<4>手を</c><28>叩こう</c>,手を叩こう
104.121,104.254,-1,0,<4>てを</c><28>たたこう</c>,てをたたこう
104.254,104.421,-1,78,<4>手を叩</c><28>こう</c>,手を叩こう
104.254,104.421,-1,0,<4>てをた</c><28>たこう</c>,てをたたこう
104.421,104.621,-1,78,<4>手を叩</c><28>こう</c>,手を叩こう
104.421,104.621,-1,0,<4>てをたた</c><28>こう</c>,てをたたこう
104.621,105.055,-1,78,<4>手を叩こう</c>,手を叩こう
104.621,105.055,-1,0,<4>てをたたこう</c>,てをたたこう
105.055,105.689,-1,78,<1>👏👏👏</c>,👏👏👏
105.689,105.789,-1,78,<46>手</c><28>を叩こう</c>,手を叩こう
105.689,105.789,-1,0,<46>て</c><28>をたたこう</c>,てをたたこう
105.789,105.889,-1,78,<46>手を</c><28>叩こう</c>,手を叩こう
105.789,105.889,-1,0,<46>てを</c><28>たたこう</c>,てをたたこう
105.889,106.09,-1,78,<46>手を叩</c><28>こう</c>,手を叩こう
105.889,106.09,-1,0,<46>てをた</c><28>たこう</c>,てをたたこう
106.09,106.323,-1,78,<46>手を叩</c><28>こう</c>,手を叩こう
106.09,106.323,-1,0,<46>てをたた</c><28>こう</c>,てをたたこう
106.323,106.723,-1,78,<46>手を叩こう</c>,手を叩こう
106.323,106.723,-1,0,<46>てをたたこう</c>,てをたたこう
106.723,107.558,-1,78,<1>👏👏👏</c>,👏👏👏
107.558,107.958,-1,78,<2>光</c><28>射す僕たちの未来</c>,光射す僕たちの未来
107.558,107.958,-1,0,<2>ひ</c><28>かりさすぼくたちのみらい</c>,ひかりさすぼくたちのみらい
107.958,108.392,-1,78,<2>光</c><28>射す僕たちの未来</c>,光射す僕たちの未来
107.958,108.392,-1,0,<2>ひか</c><28>りさすぼくたちのみらい</c>,ひかりさすぼくたちのみらい
108.392,108.792,-1,78,<2>光</c><28>射す僕たちの未来</c>,光射す僕たちの未来
108.392,108.792,-1,0,<2>ひかり</c><28>さすぼくたちのみらい</c>,ひかりさすぼくたちのみらい
108.792,109.226,-1,78,<2>光射</c><28>す僕たちの未来</c>,光射す僕たちの未来
108.792,109.226,-1,0,<2>ひかりさ</c><28>すぼくたちのみらい</c>,ひかりさすぼくたちのみらい
109.226,109.827,-1,78,<2>光射す</c><28>僕たちの未来</c>,光射す僕たちの未来
109.226,109.827,-1,0,<2>ひかりさす</c><28>ぼくたちのみらい</c>,ひかりさすぼくたちのみらい
109.827,109.927,-1,78,<2>光射す僕</c><28>たちの未来</c>,光射す僕たちの未来
109.827,109.927,-1,0,<2>ひかりさすぼ</c><28>くたちのみらい</c>,ひかりさすぼくたちのみらい
109.927,110.027,-1,78,<2>光射す僕</c><28>たちの未来</c>,光射す僕たちの未来
109.927,110.027,-1,0,<2>ひかりさすぼく</c><28>たちのみらい</c>,ひかりさすぼくたちのみらい
110.027,110.26,-1,78,<2>光射す僕た</c><28>ちの未来</c>,光射す僕たちの未来
110.027,110.26,-1,0,<2>ひかりさすぼくた</c><28>ちのみらい</c>,ひかりさすぼくたちのみらい
110.26,110.461,-1,78,<2>光射す僕たち</c><28>の未来</c>,光射す僕たちの未来
110.26,110.461,-1,0,<2>ひかりさすぼくたち</c><28>のみらい</c>,ひかりさすぼくたちのみらい
110.461,110.661,-1,78,<2>光射す僕たちの</c><28>未来</c>,光射す僕たちの未来
110.461,110.661,-1,0,<2>ひかりさすぼくたちの</c><28>みらい</c>,ひかりさすぼくたちのみらい
110.661,110.727,-1,78,<2>光射す僕たちの未</c><28>来</c>,光射す僕たちの未来
110.661,110.727,-1,0,<2>ひかりさすぼくたちのみ</c><28>らい</c>,ひかりさすぼくたちのみらい
110.727,111.295,-1,78,<2>光射す僕たちの未来</c>,光射す僕たちの未来
110.727,111.095,-1,0,<2>ひかりさすぼくたちのみら</c><28>い</c>,ひかりさすぼくたちのみらい
110.861,120.804,34,43,<44>hololiveidolproject</c>,hololiveidolproject
110.861,120.804,80,43,<1>blueclapper</c>,blueclapper
111.095,111.295,-1,0,<2>ひかりさすぼくたちのみらい</c>,ひかりさすぼくたちのみらい
114.164,120.804,-1,78,<44>作詞・作編曲:</c><1>pandaboy</c>,作詞・作編曲:pandaboy
117.468,120.804,-1,-1,<44>歌:</c><1>雪花ラミィ桃鈴ねね獅白ぼたん尾丸ポルカ</c>,歌:雪花ラミィ桃鈴ねね獅白ぼたん尾丸ポルカ
