start,end,position,line,text,unformatted
12.363,12.529,-1,-1,<191>い</c><185>つの間にか見つけてた遠い夢</c>,いつの間にか見つけてた遠い夢
12.363,12.529,-1,0,<191>い</c><185>つのまにかみつけてたとおいゆめ</c>,いつのまにかみつけてたとおいゆめ
12.529,12.696,-1,-1,<191>い</c><159>つ</c><185>の間にか見つけてた遠い夢</c>,いつの間にか見つけてた遠い夢
12.529,12.696,-1,0,<191>い</c><159>つ</c><185>のまにかみつけてたとおいゆめ</c>,いつのまにかみつけてたとおいゆめ
12.696,12.863,-1,-1,<191>い</c><159>つ</c><146>の</c><185>間にか見つけてた遠い夢</c>,いつの間にか見つけてた遠い夢
12.696,12.863,-1,0,<191>い</c><159>つ</c><146>の</c><185>まにかみつけてたとおいゆめ</c>,いつのまにかみつけてたとおいゆめ
12.863,13.03,-1,-1,<191>い</c><159>つ</c><146>の</c><135>間</c><185>にか見つけてた遠い夢</c>,いつの間にか見つけてた遠い夢
12.863,13.03,-1,0,<191>い</c><159>つ</c><146>の</c><135>ま</c><185>にかみつけてたとおいゆめ</c>,いつのまにかみつけてたとおいゆめ
13.03,13.197,-1,-1,<191>い</c><159>つ</c><146>の</c><135>間</c><122>に</c><185>か見つけてた遠い夢</c>,いつの間にか見つけてた遠い夢
13.03,13.197,-1,0,<191>い</c><159>つ</c><146>の</c><135>ま</c><122>に</c><185>かみつけてたとおいゆめ</c>,いつのまにかみつけてたとおいゆめ
13.197,13.364,-1,-1,<191>い</c><159>つ</c><146>の</c><135>間</c><122>に</c><107>か</c><185>見つけてた遠い夢</c>,いつの間にか見つけてた遠い夢
13.197,13.364,-1,0,<191>い</c><159>つ</c><146>の</c><135>ま</c><122>に</c><107>か</c><185>みつけてたとおいゆめ</c>,いつのまにかみつけてたとおいゆめ
13.364,13.53,-1,-1,<191>い</c><159>つ</c><146>の</c><135>間</c><122>に</c><107>か</c><89>見</c><185>つけてた遠い夢</c>,いつの間にか見つけてた遠い夢
13.364,13.53,-1,0,<191>い</c><159>つ</c><146>の</c><135>ま</c><122>に</c><107>か</c><89>み</c><185>つけてたとおいゆめ</c>,いつのまにかみつけてたとおいゆめ
13.53,13.697,-1,-1,<191>い</c><159>つ</c><146>の</c><135>間</c><122>に</c><107>か</c><89>見</c><71>つ</c><185>けてた遠い夢</c>,いつの間にか見つけてた遠い夢
13.53,13.697,-1,0,<191>い</c><159>つ</c><146>の</c><135>ま</c><122>に</c><107>か</c><89>み</c><71>つ</c><185>けてたとおいゆめ</c>,いつのまにかみつけてたとおいゆめ
13.697,13.864,-1,-1,<191>い</c><159>つ</c><146>の</c><135>間</c><122>に</c><107>か</c><89>見</c><71>つ</c><63>け</c><185>てた遠い夢</c>,いつの間にか見つけてた遠い夢
13.697,13.864,-1,0,<191>い</c><159>つ</c><146>の</c><135>ま</c><122>に</c><107>か</c><89>み</c><71>つ</c><63>け</c><185>てたとおいゆめ</c>,いつのまにかみつけてたとおいゆめ
13.864,14.031,-1,-1,<191>い</c><159>つ</c><146>の</c><135>間</c><122>に</c><107>か</c><89>見</c><71>つ</c><63>け</c><70>て</c><185>た遠い夢</c>,いつの間にか見つけてた遠い夢
13.864,14.031,-1,0,<191>い</c><159>つ</c><146>の</c><135>ま</c><122>に</c><107>か</c><89>み</c><71>つ</c><63>け</c><70>て</c><185>たとおいゆめ</c>,いつのまにかみつけてたとおいゆめ
14.031,14.498,-1,-1,<191>い</c><159>つ</c><146>の</c><135>間</c><122>に</c><107>か</c><89>見</c><71>つ</c><63>け</c><70>て</c><80>た</c><185>遠い夢</c>,いつの間にか見つけてた遠い夢
14.031,14.498,-1,0,<191>い</c><159>つ</c><146>の</c><135>ま</c><122>に</c><107>か</c><89>み</c><71>つ</c><63>け</c><70>て</c><80>た</c><185>とおいゆめ</c>,いつのまにかみつけてたとおいゆめ
14.498,14.698,-1,-1,<191>い</c><159>つ</c><146>の</c><135>間</c><122>に</c><107>か</c><89>見</c><71>つ</c><63>け</c><70>て</c><80>た</c><86>遠</c><185>い夢</c>,いつの間にか見つけてた遠い夢
14.498,14.698,-1,0,<191>い</c><159>つ</c><146>の</c><135>ま</c><122>に</c><107>か</c><89>み</c><71>つ</c><63>け</c><70>て</c><80>た</c><86>と</c><185>おいゆめ</c>,いつのまにかみつけてたとおいゆめ
14.698,14.965,-1,-1,<191>い</c><159>つ</c><146>の</c><135>間</c><122>に</c><107>か</c><89>見</c><71>つ</c><63>け</c><70>て</c><80>た</c><86>遠</c><185>い夢</c>,いつの間にか見つけてた遠い夢
14.698,14.965,-1,0,<191>い</c><159>つ</c><146>の</c><135>ま</c><122>に</c><107>か</c><89>み</c><71>つ</c><63>け</c><70>て</c><80>た</c><86>と</c><98>お</c><185>いゆめ</c>,いつのまにかみつけてたとおいゆめ
14.965,15.165,-1,-1,<191>い</c><159>つ</c><146>の</c><135>間</c><122>に</c><107>か</c><89>見</c><71>つ</c><63>け</c><70>て</c><80>た</c><86>遠</c><104>い</c><185>夢</c>,いつの間にか見つけてた遠い夢
14.965,15.165,-1,0,<191>い</c><159>つ</c><146>の</c><135>ま</c><122>に</c><107>か</c><89>み</c><71>つ</c><63>け</c><70>て</c><80>た</c><86>と</c><98>お</c><104>い</c><185>ゆめ</c>,いつのまにかみつけてたとおいゆめ
15.165,17.968,-1,-1,<191>い</c><159>つ</c><146>の</c><135>間</c><122>に</c><107>か</c><89>見</c><71>つ</c><63>け</c><70>て</c><80>た</c><86>遠</c><104>い</c><110>夢</c>,いつの間にか見つけてた遠い夢
15.165,15.332,56,0,<191>い</c><159>つ</c><146>の</c><135>ま</c><122>に</c><107>か</c><89>み</c><71>つ</c><63>け</c><70>て</c><80>た</c><86>と</c><98>お</c><104>い</c><110>ゆ</c><185>め</c>,いつのまにかみつけてたとおいゆめ
15.332,17.968,56,0,<191>い</c><159>つ</c><146>の</c><135>ま</c><122>に</c><107>か</c><89>み</c><71>つ</c><63>け</c><70>て</c><80>た</c><86>と</c><98>お</c><104>い</c><110>ゆ</c><117>め</c>,いつのまにかみつけてたとおいゆめ
17.968,18.102,-1,-1,<191>一</c><185>人じゃ見えなかった景色</c>,一人じゃ見えなかった景色
17.968,18.102,-1,0,<191>ひ</c><185>とりじゃみえなかったけしき</c>,ひとりじゃみえなかったけしき
18.102,18.268,-1,-1,<191>一</c><185>人じゃ見えなかった景色</c>,一人じゃ見えなかった景色
18.102,18.268,-1,0,<191>ひ</c><155>と</c><185>りじゃみえなかったけしき</c>,ひとりじゃみえなかったけしき
18.268,18.435,-1,-1,<191>一</c><142>人</c><185>じゃ見えなかった景色</c>,一人じゃ見えなかった景色
18.268,18.435,-1,0,<191>ひ</c><155>と</c><142>り</c><185>じゃみえなかったけしき</c>,ひとりじゃみえなかったけしき
18.435,18.635,-1,-1,<191>一</c><142>人</c><128>じ</c><114>ゃ</c><185>見えなかった景色</c>,一人じゃ見えなかった景色
18.435,18.635,-1,0,<191>ひ</c><155>と</c><142>り</c><128>じ</c><114>ゃ</c><185>みえなかったけしき</c>,ひとりじゃみえなかったけしき
18.635,18.802,-1,-1,<191>一</c><142>人</c><128>じ</c><114>ゃ</c><94>見</c><185>えなかった景色</c>,一人じゃ見えなかった景色
18.635,18.802,-1,0,<191>ひ</c><155>と</c><142>り</c><128>じ</c><114>ゃ</c><94>み</c><185>えなかったけしき</c>,ひとりじゃみえなかったけしき
18.802,18.969,-1,-1,<191>一</c><142>人</c><128>じ</c><114>ゃ</c><94>見</c><72>え</c><185>なかった景色</c>,一人じゃ見えなかった景色
18.802,18.969,-1,0,<191>ひ</c><155>と</c><142>り</c><128>じ</c><114>ゃ</c><94>み</c><72>え</c><185>なかったけしき</c>,ひとりじゃみえなかったけしき
18.969,19.269,-1,-1,<191>一</c><142>人</c><128>じ</c><114>ゃ</c><94>見</c><72>え</c><63>な</c><185>かった景色</c>,一人じゃ見えなかった景色
18.969,19.269,-1,0,<191>ひ</c><155>と</c><142>り</c><128>じ</c><114>ゃ</c><94>み</c><72>え</c><63>な</c><185>かったけしき</c>,ひとりじゃみえなかったけしき
19.269,19.603,-1,-1,<191>一</c><142>人</c><128>じ</c><114>ゃ</c><94>見</c><72>え</c><63>な</c><76>か</c><83>っ</c><185>た景色</c>,一人じゃ見えなかった景色
19.269,19.603,-1,0,<191>ひ</c><155>と</c><142>り</c><128>じ</c><114>ゃ</c><94>み</c><72>え</c><63>な</c><76>か</c><83>っ</c><185>たけしき</c>,ひとりじゃみえなかったけしき
19.603,19.937,-1,-1,<191>一</c><142>人</c><128>じ</c><114>ゃ</c><94>見</c><72>え</c><63>な</c><76>か</c><83>っ</c><92>た</c><185>景色</c>,一人じゃ見えなかった景色
19.603,19.937,-1,0,<191>ひ</c><155>と</c><142>り</c><128>じ</c><114>ゃ</c><94>み</c><72>え</c><63>な</c><76>か</c><83>っ</c><92>た</c><185>けしき</c>,ひとりじゃみえなかったけしき
19.937,20.27,-1,-1,<191>一</c><142>人</c><128>じ</c><114>ゃ</c><94>見</c><72>え</c><63>な</c><76>か</c><83>っ</c><92>た</c><102>景</c><185>色</c>,一人じゃ見えなかった景色
19.937,20.27,-1,0,<191>ひ</c><155>と</c><142>り</c><128>じ</c><114>ゃ</c><94>み</c><72>え</c><63>な</c><76>か</c><83>っ</c><92>た</c><102>け</c><185>しき</c>,ひとりじゃみえなかったけしき
20.27,22.406,-1,-1,<191>一</c><142>人</c><128>じ</c><114>ゃ</c><94>見</c><72>え</c><63>な</c><76>か</c><83>っ</c><92>た</c><102>景</c><110>色</c>,一人じゃ見えなかった景色
20.27,20.437,-1,0,<191>ひ</c><155>と</c><142>り</c><128>じ</c><114>ゃ</c><94>み</c><72>え</c><63>な</c><76>か</c><83>っ</c><92>た</c><102>け</c><110>し</c><185>き</c>,ひとりじゃみえなかったけしき
20.437,22.406,-1,0,<191>ひ</c><155>と</c><142>り</c><128>じ</c><114>ゃ</c><94>み</c><72>え</c><63>な</c><76>か</c><83>っ</c><92>た</c><102>け</c><110>し</c><117>き</c>,ひとりじゃみえなかったけしき
22.406,22.74,-1,-1,<162>波</c><185>打つ風の音と加速していく想いに</c>,波打つ風の音と加速していく想いに
22.406,22.74,-1,0,<162>な</c><185>みうつかぜのねとかそくしていくおもいに</c>,なみうつかぜのねとかそくしていくおもいに
22.74,23.073,-1,-1,<162>波</c><185>打つ風の音と加速していく想いに</c>,波打つ風の音と加速していく想いに
22.74,23.073,-1,0,<162>な</c><164>み</c><185>うつかぜのねとかそくしていくおもいに</c>,なみうつかぜのねとかそくしていくおもいに
23.073,23.273,-1,-1,<162>波</c><167>打</c><185>つ風の音と加速していく想いに</c>,波打つ風の音と加速していく想いに
23.073,23.273,-1,0,<162>な</c><164>み</c><167>う</c><185>つかぜのねとかそくしていくおもいに</c>,なみうつかぜのねとかそくしていくおもいに
23.273,23.574,-1,-1,<162>波</c><167>打</c><173>つ</c><185>風の音と加速していく想いに</c>,波打つ風の音と加速していく想いに
23.273,23.574,-1,0,<162>な</c><164>み</c><167>う</c><173>つ</c><185>かぜのねとかそくしていくおもいに</c>,なみうつかぜのねとかそくしていくおもいに
23.574,23.741,-1,-1,<162>波</c><167>打</c><173>つ</c><176>風</c><185>の音と加速していく想いに</c>,波打つ風の音と加速していく想いに
23.574,23.741,-1,0,<162>な</c><164>み</c><167>う</c><173>つ</c><176>か</c><185>ぜのねとかそくしていくおもいに</c>,なみうつかぜのねとかそくしていくおもいに
23.741,23.907,-1,-1,<162>波</c><167>打</c><173>つ</c><176>風</c><185>の音と加速していく想いに</c>,波打つ風の音と加速していく想いに
23.741,23.907,56,0,<162>な</c><164>み</c><167>う</c><173>つ</c><176>か</c><179>ぜ</c><185>のねとかそくしていくおもいに</c>,なみうつかぜのねとかそくしていくおもいに
23.907,24.241,-1,-1,<162>波</c><167>打</c><173>つ</c><176>風</c><181>の</c><185>音と加速していく想いに</c>,波打つ風の音と加速していく想いに
23.907,24.241,58,0,<162>な</c><164>み</c><167>う</c><173>つ</c><176>か</c><179>ぜ</c><181>の</c><185>ねとかそくしていくおもいに</c>,なみうつかぜのねとかそくしていくおもいに
24.241,24.408,-1,-1,<162>波</c><167>打</c><173>つ</c><176>風</c><181>の</c><183>音</c><185>と加速していく想いに</c>,波打つ風の音と加速していく想いに
24.241,24.408,59,0,<162>な</c><164>み</c><167>う</c><173>つ</c><176>か</c><179>ぜ</c><181>の</c><183>ね</c><185>とかそくしていくおもいに</c>,なみうつかぜのねとかそくしていくおもいに
24.408,25.042,-1,-1,<162>波</c><167>打</c><173>つ</c><176>風</c><181>の</c><183>音</c><212>と</c><185>加速していく想いに</c>,波打つ風の音と加速していく想いに
24.408,25.042,61,0,<162>な</c><164>み</c><167>う</c><173>つ</c><176>か</c><179>ぜ</c><181>の</c><183>ね</c><212>と</c><185>かそくしていくおもいに</c>,なみうつかぜのねとかそくしていくおもいに
25.042,25.376,-1,-1,<162>波</c><167>打</c><173>つ</c><176>風</c><181>の</c><183>音</c><212>と</c><220>加</c><185>速していく想いに</c>,波打つ風の音と加速していく想いに
25.042,25.376,63,0,<162>な</c><164>み</c><167>う</c><173>つ</c><176>か</c><179>ぜ</c><181>の</c><183>ね</c><212>と</c><220>か</c><185>そくしていくおもいに</c>,なみうつかぜのねとかそくしていくおもいに
25.376,25.542,-1,-1,<162>波</c><167>打</c><173>つ</c><176>風</c><181>の</c><183>音</c><212>と</c><220>加</c><221>速</c><185>していく想いに</c>,波打つ風の音と加速していく想いに
25.376,25.542,64,0,<162>な</c><164>み</c><167>う</c><173>つ</c><176>か</c><179>ぜ</c><181>の</c><183>ね</c><212>と</c><220>か</c><221>そ</c><185>くしていくおもいに</c>,なみうつかぜのねとかそくしていくおもいに
25.542,25.709,-1,-1,<162>波</c><167>打</c><173>つ</c><176>風</c><181>の</c><183>音</c><212>と</c><220>加</c><221>速</c><185>していく想いに</c>,波打つ風の音と加速していく想いに
25.542,25.709,66,0,<162>な</c><164>み</c><167>う</c><173>つ</c><176>か</c><179>ぜ</c><181>の</c><183>ね</c><212>と</c><220>か</c><221>そ</c><218>く</c><185>していくおもいに</c>,なみうつかぜのねとかそくしていくおもいに
25.709,25.876,-1,-1,<162>波</c><167>打</c><173>つ</c><176>風</c><181>の</c><183>音</c><212>と</c><220>加</c><221>速</c><214>し</c><185>ていく想いに</c>,波打つ風の音と加速していく想いに
25.709,25.876,67,0,<162>な</c><164>み</c><167>う</c><173>つ</c><176>か</c><179>ぜ</c><181>の</c><183>ね</c><212>と</c><220>か</c><221>そ</c><218>く</c><214>し</c><185>ていくおもいに</c>,なみうつかぜのねとかそくしていくおもいに
25.876,26.043,-1,-1,<162>波</c><167>打</c><173>つ</c><176>風</c><181>の</c><183>音</c><212>と</c><220>加</c><221>速</c><214>し</c><207>て</c><185>いく想いに</c>,波打つ風の音と加速していく想いに
25.876,26.043,69,0,<162>な</c><164>み</c><167>う</c><173>つ</c><176>か</c><179>ぜ</c><181>の</c><183>ね</c><212>と</c><220>か</c><221>そ</c><218>く</c><214>し</c><207>て</c><185>いくおもいに</c>,なみうつかぜのねとかそくしていくおもいに
26.043,26.21,-1,-1,<162>波</c><167>打</c><173>つ</c><176>風</c><181>の</c><183>音</c><212>と</c><220>加</c><221>速</c><214>し</c><207>て</c><206>い</c><185>く想いに</c>,波打つ風の音と加速していく想いに
26.043,26.21,70,0,<162>な</c><164>み</c><167>う</c><173>つ</c><176>か</c><179>ぜ</c><181>の</c><183>ね</c><212>と</c><220>か</c><221>そ</c><218>く</c><214>し</c><207>て</c><206>い</c><185>くおもいに</c>,なみうつかぜのねとかそくしていくおもいに
26.21,26.377,-1,-1,<162>波</c><167>打</c><173>つ</c><176>風</c><181>の</c><183>音</c><212>と</c><220>加</c><221>速</c><214>し</c><207>て</c><206>い</c><203>く</c><185>想いに</c>,波打つ風の音と加速していく想いに
26.21,26.377,72,0,<162>な</c><164>み</c><167>う</c><173>つ</c><176>か</c><179>ぜ</c><181>の</c><183>ね</c><212>と</c><220>か</c><221>そ</c><218>く</c><214>し</c><207>て</c><206>い</c><203>く</c><185>おもいに</c>,なみうつかぜのねとかそくしていくおもいに
26.377,26.543,-1,-1,<162>波</c><167>打</c><173>つ</c><176>風</c><181>の</c><183>音</c><212>と</c><220>加</c><221>速</c><214>し</c><207>て</c><206>い</c><203>く</c><199>想</c><185>いに</c>,波打つ風の音と加速していく想いに
26.377,26.543,73,0,<162>な</c><164>み</c><167>う</c><173>つ</c><176>か</c><179>ぜ</c><181>の</c><183>ね</c><212>と</c><220>か</c><221>そ</c><218>く</c><214>し</c><207>て</c><206>い</c><203>く</c><199>お</c><185>もいに</c>,なみうつかぜのねとかそくしていくおもいに
26.543,26.71,-1,-1,<162>波</c><167>打</c><173>つ</c><176>風</c><181>の</c><183>音</c><212>と</c><220>加</c><221>速</c><214>し</c><207>て</c><206>い</c><203>く</c><199>想</c><185>いに</c>,波打つ風の音と加速していく想いに
26.543,26.71,75,0,<162>な</c><164>み</c><167>う</c><173>つ</c><176>か</c><179>ぜ</c><181>の</c><183>ね</c><212>と</c><220>か</c><221>そ</c><218>く</c><214>し</c><207>て</c><206>い</c><203>く</c><199>お</c><195>も</c><185>いに</c>,なみうつかぜのねとかそくしていくおもいに
26.71,26.844,-1,-1,<162>波</c><167>打</c><173>つ</c><176>風</c><181>の</c><183>音</c><212>と</c><220>加</c><221>速</c><214>し</c><207>て</c><206>い</c><203>く</c><199>想</c><194>い</c><185>に</c>,波打つ風の音と加速していく想いに
26.71,26.844,77,0,<162>な</c><164>み</c><167>う</c><173>つ</c><176>か</c><179>ぜ</c><181>の</c><183>ね</c><212>と</c><220>か</c><221>そ</c><218>く</c><214>し</c><207>て</c><206>い</c><203>く</c><199>お</c><195>も</c><194>い</c><185>に</c>,なみうつかぜのねとかそくしていくおもいに
26.844,28.679,-1,-1,<162>波</c><167>打</c><173>つ</c><176>風</c><181>の</c><183>音</c><212>と</c><220>加</c><221>速</c><214>し</c><207>て</c><206>い</c><203>く</c><199>想</c><194>い</c><190>に</c>,波打つ風の音と加速していく想いに
26.844,28.679,77,0,<162>な</c><164>み</c><167>う</c><173>つ</c><176>か</c><179>ぜ</c><181>の</c><183>ね</c><212>と</c><220>か</c><221>そ</c><218>く</c><214>し</c><207>て</c><206>い</c><203>く</c><199>お</c><195>も</c><194>い</c><190>に</c>,なみうつかぜのねとかそくしていくおもいに
28.679,29.013,-1,-1,<162>戸</c><185>惑いを覚えた</c>,戸惑いを覚えた
28.679,29.013,-1,0,<162>と</c><185>まどいをおぼえた</c>,とまどいをおぼえた
29.013,29.346,-1,-1,<162>戸</c><169>惑</c><185>いを覚えた</c>,戸惑いを覚えた
29.013,29.346,-1,0,<162>と</c><169>ま</c><185>どいをおぼえた</c>,とまどいをおぼえた
29.346,29.68,-1,-1,<162>戸</c><169>惑</c><185>いを覚えた</c>,戸惑いを覚えた
29.346,29.68,-1,0,<162>と</c><169>ま</c><178>ど</c><185>いをおぼえた</c>,とまどいをおぼえた
29.68,30.014,-1,-1,<162>戸</c><169>惑</c><184>い</c><185>を覚えた</c>,戸惑いを覚えた
29.68,30.014,-1,0,<162>と</c><169>ま</c><178>ど</c><184>い</c><185>をおぼえた</c>,とまどいをおぼえた
30.014,30.314,-1,-1,<162>戸</c><169>惑</c><184>い</c><222>を</c><185>覚えた</c>,戸惑いを覚えた
30.014,30.314,-1,0,<162>と</c><169>ま</c><178>ど</c><184>い</c><222>を</c><185>おぼえた</c>,とまどいをおぼえた
30.314,30.514,-1,-1,<162>戸</c><169>惑</c><184>い</c><222>を</c><213>覚</c><185>えた</c>,戸惑いを覚えた
30.314,30.514,-1,0,<162>と</c><169>ま</c><178>ど</c><184>い</c><222>を</c><213>お</c><185>ぼえた</c>,とまどいをおぼえた
30.514,30.814,-1,-1,<162>戸</c><169>惑</c><184>い</c><222>を</c><213>覚</c><185>えた</c>,戸惑いを覚えた
30.514,30.814,-1,0,<162>と</c><169>ま</c><178>ど</c><184>い</c><222>を</c><213>お</c><205>ぼ</c><185>えた</c>,とまどいをおぼえた
30.814,31.015,-1,-1,<162>戸</c><169>惑</c><184>い</c><222>を</c><213>覚</c><198>え</c><185>た</c>,戸惑いを覚えた
30.814,31.015,-1,0,<162>と</c><169>ま</c><178>ど</c><184>い</c><222>を</c><213>お</c><205>ぼ</c><198>え</c><185>た</c>,とまどいをおぼえた
31.015,32.95,-1,-1,<162>戸</c><169>惑</c><184>い</c><222>を</c><213>覚</c><198>え</c><190>た</c>,戸惑いを覚えた
31.015,32.95,-1,0,<162>と</c><169>ま</c><178>ど</c><184>い</c><222>を</c><213>お</c><205>ぼ</c><198>え</c><190>た</c>,とまどいをおぼえた
32.95,33.117,-1,-1,<166>ず</c><185>っと追いかけた理想の姿は</c>,ずっと追いかけた理想の姿は
32.95,33.117,-1,0,<166>ず</c><185>っとおいかけたりそうのすがたは</c>,ずっとおいかけたりそうのすがたは
33.117,33.317,-1,-1,<166>ず</c><153>っ</c><185>と追いかけた理想の姿は</c>,ずっと追いかけた理想の姿は
33.117,33.317,-1,0,<166>ず</c><153>っ</c><185>とおいかけたりそうのすがたは</c>,ずっとおいかけたりそうのすがたは
33.317,33.951,-1,-1,<166>ず</c><153>っ</c><145>と</c><185>追いかけた理想の姿は</c>,ずっと追いかけた理想の姿は
33.317,33.951,-1,0,<166>ず</c><153>っ</c><145>と</c><185>おいかけたりそうのすがたは</c>,ずっとおいかけたりそうのすがたは
33.951,34.251,-1,-1,<166>ず</c><153>っ</c><145>と</c><133>追</c><185>いかけた理想の姿は</c>,ずっと追いかけた理想の姿は
33.951,34.251,-1,0,<166>ず</c><153>っ</c><145>と</c><133>お</c><185>いかけたりそうのすがたは</c>,ずっとおいかけたりそうのすがたは
34.251,34.418,-1,-1,<166>ず</c><153>っ</c><145>と</c><133>追</c><120>い</c><185>かけた理想の姿は</c>,ずっと追いかけた理想の姿は
34.251,34.418,-1,0,<166>ず</c><153>っ</c><145>と</c><133>お</c><120>い</c><185>かけたりそうのすがたは</c>,ずっとおいかけたりそうのすがたは
34.418,34.752,-1,-1,<166>ず</c><153>っ</c><145>と</c><133>追</c><120>い</c><108>か</c><185>けた理想の姿は</c>,ずっと追いかけた理想の姿は
34.418,34.752,-1,0,<166>ず</c><153>っ</c><145>と</c><133>お</c><120>い</c><108>か</c><185>けたりそうのすがたは</c>,ずっとおいかけたりそうのすがたは
34.752,34.952,-1,-1,<166>ず</c><153>っ</c><145>と</c><133>追</c><120>い</c><108>か</c><90>け</c><185>た理想の姿は</c>,ずっと追いかけた理想の姿は
34.752,34.952,-1,0,<166>ず</c><153>っ</c><145>と</c><133>お</c><120>い</c><108>か</c><90>け</c><185>たりそうのすがたは</c>,ずっとおいかけたりそうのすがたは
34.952,35.586,-1,-1,<166>ず</c><153>っ</c><145>と</c><133>追</c><120>い</c><108>か</c><90>け</c><73>た</c><185>理想の姿は</c>,ずっと追いかけた理想の姿は
34.952,35.586,-1,0,<166>ず</c><153>っ</c><145>と</c><133>お</c><120>い</c><108>か</c><90>け</c><73>た</c><185>りそうのすがたは</c>,ずっとおいかけたりそうのすがたは
35.586,35.919,-1,-1,<166>ず</c><153>っ</c><145>と</c><133>追</c><120>い</c><108>か</c><90>け</c><73>た</c><65>理</c><185>想の姿は</c>,ずっと追いかけた理想の姿は
35.586,35.919,-1,0,<166>ず</c><153>っ</c><145>と</c><133>お</c><120>い</c><108>か</c><90>け</c><73>た</c><65>り</c><185>そうのすがたは</c>,ずっとおいかけたりそうのすがたは
35.919,36.286,-1,-1,<166>ず</c><153>っ</c><145>と</c><133>追</c><120>い</c><108>か</c><90>け</c><73>た</c><65>理</c><60>想</c><185>の姿は</c>,ずっと追いかけた理想の姿は
35.919,36.286,-1,0,<166>ず</c><153>っ</c><145>と</c><133>お</c><120>い</c><108>か</c><90>け</c><73>た</c><65>り</c><60>そ</c><185>うのすがたは</c>,ずっとおいかけたりそうのすがたは
36.286,36.453,-1,-1,<166>ず</c><153>っ</c><145>と</c><133>追</c><120>い</c><108>か</c><90>け</c><73>た</c><65>理</c><60>想</c><185>の姿は</c>,ずっと追いかけた理想の姿は
36.286,36.453,-1,0,<166>ず</c><153>っ</c><145>と</c><133>お</c><120>い</c><108>か</c><90>け</c><73>た</c><65>り</c><60>そ</c><51>う</c><185>のすがたは</c>,ずっとおいかけたりそうのすがたは
36.453,36.754,-1,-1,<166>ず</c><153>っ</c><145>と</c><133>追</c><120>い</c><108>か</c><90>け</c><73>た</c><65>理</c><60>想</c><54>の</c><185>姿は</c>,ずっと追いかけた理想の姿は
36.453,36.754,-1,0,<166>ず</c><153>っ</c><145>と</c><133>お</c><120>い</c><108>か</c><90>け</c><73>た</c><65>り</c><60>そ</c><51>う</c><54>の</c><185>すがたは</c>,ずっとおいかけたりそうのすがたは
36.754,37.087,-1,-1,<166>ず</c><153>っ</c><145>と</c><133>追</c><120>い</c><108>か</c><90>け</c><73>た</c><65>理</c><60>想</c><54>の</c><48>姿</c><185>は</c>,ずっと追いかけた理想の姿は
36.754,37.087,56,0,<166>ず</c><153>っ</c><145>と</c><133>お</c><120>い</c><108>か</c><90>け</c><73>た</c><65>り</c><60>そ</c><51>う</c><54>の</c><48>す</c><185>がたは</c>,ずっとおいかけたりそうのすがたは
37.087,37.421,-1,-1,<166>ず</c><153>っ</c><145>と</c><133>追</c><120>い</c><108>か</c><90>け</c><73>た</c><65>理</c><60>想</c><54>の</c><48>姿</c><185>は</c>,ずっと追いかけた理想の姿は
37.087,37.421,58,0,<166>ず</c><153>っ</c><145>と</c><133>お</c><120>い</c><108>か</c><90>け</c><73>た</c><65>り</c><60>そ</c><51>う</c><54>の</c><48>す</c><44>が</c><185>たは</c>,ずっとおいかけたりそうのすがたは
37.421,37.588,-1,-1,<166>ず</c><153>っ</c><145>と</c><133>追</c><120>い</c><108>か</c><90>け</c><73>た</c><65>理</c><60>想</c><54>の</c><48>姿</c><185>は</c>,ずっと追いかけた理想の姿は
37.421,37.588,59,0,<166>ず</c><153>っ</c><145>と</c><133>お</c><120>い</c><108>か</c><90>け</c><73>た</c><65>り</c><60>そ</c><51>う</c><54>の</c><48>す</c><44>が</c><47>た</c><185>は</c>,ずっとおいかけたりそうのすがたは
37.588,38.255,-1,-1,<166>ず</c><153>っ</c><145>と</c><133>追</c><120>い</c><108>か</c><90>け</c><73>た</c><65>理</c><60>想</c><54>の</c><48>姿</c><41>は</c>,ずっと追いかけた理想の姿は
37.588,38.255,59,0,<166>ず</c><153>っ</c><145>と</c><133>お</c><120>い</c><108>か</c><90>け</c><73>た</c><65>り</c><60>そ</c><51>う</c><54>の</c><48>す</c><44>が</c><47>た</c><41>は</c>,ずっとおいかけたりそうのすがたは
38.255,38.589,-1,-1,<166>ま</c><185>だ届かなくて遠いけど</c>,まだ届かなくて遠いけど
38.255,38.589,-1,0,<166>ま</c><185>だとどかなくてとおいけど</c>,まだとどかなくてとおいけど
38.589,39.223,-1,-1,<166>ま</c><152>だ</c><185>届かなくて遠いけど</c>,まだ届かなくて遠いけど
38.589,39.223,-1,0,<166>ま</c><152>だ</c><185>とどかなくてとおいけど</c>,まだとどかなくてとおいけど
39.223,39.556,-1,-1,<166>ま</c><152>だ</c><138>届</c><185>かなくて遠いけど</c>,まだ届かなくて遠いけど
39.223,39.556,-1,0,<166>ま</c><152>だ</c><138>と</c><185>どかなくてとおいけど</c>,まだとどかなくてとおいけど
39.556,39.89,-1,-1,<166>ま</c><152>だ</c><138>届</c><185>かなくて遠いけど</c>,まだ届かなくて遠いけど
39.556,39.89,-1,0,<166>ま</c><152>だ</c><138>と</c><125>ど</c><185>かなくてとおいけど</c>,まだとどかなくてとおいけど
39.89,40.224,-1,-1,<166>ま</c><152>だ</c><138>届</c><108>か</c><185>なくて遠いけど</c>,まだ届かなくて遠いけど
39.89,40.224,-1,0,<166>ま</c><152>だ</c><138>と</c><125>ど</c><108>か</c><185>なくてとおいけど</c>,まだとどかなくてとおいけど
40.224,40.557,-1,-1,<166>ま</c><152>だ</c><138>届</c><108>か</c><87>な</c><185>くて遠いけど</c>,まだ届かなくて遠いけど
40.224,40.557,-1,0,<166>ま</c><152>だ</c><138>と</c><125>ど</c><108>か</c><87>な</c><185>くてとおいけど</c>,まだとどかなくてとおいけど
40.557,40.891,-1,-1,<166>ま</c><152>だ</c><138>届</c><108>か</c><87>な</c><64>く</c><185>て遠いけど</c>,まだ届かなくて遠いけど
40.557,40.891,-1,0,<166>ま</c><152>だ</c><138>と</c><125>ど</c><108>か</c><87>な</c><64>く</c><185>てとおいけど</c>,まだとどかなくてとおいけど
40.891,41.225,-1,-1,<166>ま</c><152>だ</c><138>届</c><108>か</c><87>な</c><64>く</c><59>て</c><185>遠いけど</c>,まだ届かなくて遠いけど
40.891,41.225,-1,0,<166>ま</c><152>だ</c><138>と</c><125>ど</c><108>か</c><87>な</c><64>く</c><59>て</c><185>とおいけど</c>,まだとどかなくてとおいけど
41.225,41.592,-1,-1,<166>ま</c><152>だ</c><138>届</c><108>か</c><87>な</c><64>く</c><59>て</c><51>遠</c><185>いけど</c>,まだ届かなくて遠いけど
41.225,41.592,-1,0,<166>ま</c><152>だ</c><138>と</c><125>ど</c><108>か</c><87>な</c><64>く</c><59>て</c><51>と</c><185>おいけど</c>,まだとどかなくてとおいけど
41.592,41.725,-1,-1,<166>ま</c><152>だ</c><138>届</c><108>か</c><87>な</c><64>く</c><59>て</c><51>遠</c><185>いけど</c>,まだ届かなくて遠いけど
41.592,41.725,-1,0,<166>ま</c><152>だ</c><138>と</c><125>ど</c><108>か</c><87>な</c><64>く</c><59>て</c><51>と</c><55>お</c><185>いけど</c>,まだとどかなくてとおいけど
41.725,42.026,-1,-1,<166>ま</c><152>だ</c><138>届</c><108>か</c><87>な</c><64>く</c><59>て</c><51>遠</c><50>い</c><185>けど</c>,まだ届かなくて遠いけど
41.725,42.026,-1,0,<166>ま</c><152>だ</c><138>と</c><125>ど</c><108>か</c><87>な</c><64>く</c><59>て</c><51>と</c><55>お</c><50>い</c><185>けど</c>,まだとどかなくてとおいけど
42.026,42.192,-1,-1,<166>ま</c><152>だ</c><138>届</c><108>か</c><87>な</c><64>く</c><59>て</c><51>遠</c><50>い</c><46>け</c><185>ど</c>,まだ届かなくて遠いけど
42.026,42.192,-1,0,<166>ま</c><152>だ</c><138>と</c><125>ど</c><108>か</c><87>な</c><64>く</c><59>て</c><51>と</c><55>お</c><50>い</c><46>け</c><185>ど</c>,まだとどかなくてとおいけど
42.192,43.494,-1,-1,<166>ま</c><152>だ</c><138>届</c><108>か</c><87>な</c><64>く</c><59>て</c><51>遠</c><50>い</c><46>け</c><41>ど</c>,まだ届かなくて遠いけど
42.192,43.494,-1,0,<166>ま</c><152>だ</c><138>と</c><125>ど</c><108>か</c><87>な</c><64>く</c><59>て</c><51>と</c><55>お</c><50>い</c><46>け</c><41>ど</c>,まだとどかなくてとおいけど
43.494,43.66,-1,-1,<191>き</c><185>っとこの瞬間をかけがえないみんなで</c>,きっとこの瞬間をかけがえないみんなで
43.494,43.66,-1,0,<191>き</c><185>っとこのしゅんかんをかけがえないみんなで</c>,きっとこのしゅんかんをかけがえないみんなで
43.66,43.861,-1,-1,<191>き</c><161>っ</c><185>とこの瞬間をかけがえないみんなで</c>,きっとこの瞬間をかけがえないみんなで
43.66,43.861,-1,0,<191>き</c><161>っ</c><185>とこのしゅんかんをかけがえないみんなで</c>,きっとこのしゅんかんをかけがえないみんなで
43.861,44.161,-1,-1,<191>き</c><161>っ</c><150>と</c><185>この瞬間をかけがえないみんなで</c>,きっとこの瞬間をかけがえないみんなで
43.861,44.161,-1,0,<191>き</c><161>っ</c><151>と</c><185>このしゅんかんをかけがえないみんなで</c>,きっとこのしゅんかんをかけがえないみんなで
44.161,44.328,-1,-1,<191>き</c><161>っ</c><150>と</c><141>こ</c><185>の瞬間をかけがえないみんなで</c>,きっとこの瞬間をかけがえないみんなで
44.161,44.328,-1,0,<191>き</c><161>っ</c><151>と</c><144>こ</c><185>のしゅんかんをかけがえないみんなで</c>,きっとこのしゅんかんをかけがえないみんなで
44.328,44.661,-1,-1,<191>き</c><161>っ</c><150>と</c><141>こ</c><132>の</c><185>瞬間をかけがえないみんなで</c>,きっとこの瞬間をかけがえないみんなで
44.328,44.661,-1,0,<191>き</c><161>っ</c><151>と</c><144>こ</c><135>の</c><185>しゅんかんをかけがえないみんなで</c>,きっとこのしゅんかんをかけがえないみんなで
44.661,44.828,-1,-1,<191>き</c><161>っ</c><150>と</c><141>こ</c><132>の</c><122>瞬</c><185>間をかけがえないみんなで</c>,きっとこの瞬間をかけがえないみんなで
44.661,44.828,58,0,<191>き</c><161>っ</c><151>と</c><144>こ</c><135>の</c><123>し</c><115>ゅ</c><185>んかんをかけがえないみんなで</c>,きっとこのしゅんかんをかけがえないみんなで
44.828,44.995,-1,-1,<191>き</c><161>っ</c><150>と</c><141>こ</c><132>の</c><122>瞬</c><185>間をかけがえないみんなで</c>,きっとこの瞬間をかけがえないみんなで
44.828,44.995,59,0,<191>き</c><161>っ</c><151>と</c><144>こ</c><135>の</c><123>し</c><115>ゅ</c><103>ん</c><185>かんをかけがえないみんなで</c>,きっとこのしゅんかんをかけがえないみんなで
44.995,45.329,-1,-1,<191>き</c><161>っ</c><150>と</c><141>こ</c><132>の</c><122>瞬</c><99>間</c><185>をかけがえないみんなで</c>,きっとこの瞬間をかけがえないみんなで
44.995,45.329,61,0,<191>き</c><161>っ</c><151>と</c><144>こ</c><135>の</c><123>し</c><115>ゅ</c><103>ん</c><89>か</c><185>んをかけがえないみんなで</c>,きっとこのしゅんかんをかけがえないみんなで
45.329,45.496,-1,-1,<191>き</c><161>っ</c><150>と</c><141>こ</c><132>の</c><122>瞬</c><99>間</c><185>をかけがえないみんなで</c>,きっとこの瞬間をかけがえないみんなで
45.329,45.496,63,0,<191>き</c><161>っ</c><151>と</c><144>こ</c><135>の</c><123>し</c><115>ゅ</c><103>ん</c><89>か</c><77>ん</c><185>をかけがえないみんなで</c>,きっとこのしゅんかんをかけがえないみんなで
45.496,45.996,-1,-1,<191>き</c><161>っ</c><150>と</c><141>こ</c><132>の</c><122>瞬</c><99>間</c><68>を</c><185>かけがえないみんなで</c>,きっとこの瞬間をかけがえないみんなで
45.496,45.996,64,0,<191>き</c><161>っ</c><151>と</c><144>こ</c><135>の</c><123>し</c><115>ゅ</c><103>ん</c><89>か</c><77>ん</c><57>を</c><185>かけがえないみんなで</c>,きっとこのしゅんかんをかけがえないみんなで
45.996,46.13,-1,-1,<191>き</c><161>っ</c><150>と</c><141>こ</c><132>の</c><122>瞬</c><99>間</c><68>を</c><63>か</c><185>けがえないみんなで</c>,きっとこの瞬間をかけがえないみんなで
45.996,46.13,66,0,<191>き</c><161>っ</c><151>と</c><144>こ</c><135>の</c><123>し</c><115>ゅ</c><103>ん</c><89>か</c><77>ん</c><57>を</c><66>か</c><185>けがえないみんなで</c>,きっとこのしゅんかんをかけがえないみんなで
46.13,46.33,-1,-1,<191>き</c><161>っ</c><150>と</c><141>こ</c><132>の</c><122>瞬</c><99>間</c><68>を</c><63>か</c><70>け</c><185>がえないみんなで</c>,きっとこの瞬間をかけがえないみんなで
46.13,46.33,67,0,<191>き</c><161>っ</c><151>と</c><144>こ</c><135>の</c><123>し</c><115>ゅ</c><103>ん</c><89>か</c><77>ん</c><57>を</c><66>か</c><70>け</c><185>がえないみんなで</c>,きっとこのしゅんかんをかけがえないみんなで
46.33,46.497,-1,-1,<191>き</c><161>っ</c><150>と</c><141>こ</c><132>の</c><122>瞬</c><99>間</c><68>を</c><63>か</c><70>け</c><76>が</c><185>えないみんなで</c>,きっとこの瞬間をかけがえないみんなで
46.33,46.497,69,0,<191>き</c><161>っ</c><151>と</c><144>こ</c><135>の</c><123>し</c><115>ゅ</c><103>ん</c><89>か</c><77>ん</c><57>を</c><66>か</c><70>け</c><80>が</c><185>えないみんなで</c>,きっとこのしゅんかんをかけがえないみんなで
46.497,46.73,-1,-1,<191>き</c><161>っ</c><150>と</c><141>こ</c><132>の</c><122>瞬</c><99>間</c><68>を</c><63>か</c><70>け</c><76>が</c><82>え</c><185>ないみんなで</c>,きっとこの瞬間をかけがえないみんなで
46.497,46.73,70,0,<191>き</c><161>っ</c><151>と</c><144>こ</c><135>の</c><123>し</c><115>ゅ</c><103>ん</c><89>か</c><77>ん</c><57>を</c><66>か</c><70>け</c><80>が</c><83>え</c><185>ないみんなで</c>,きっとこのしゅんかんをかけがえないみんなで
46.73,46.93,-1,-1,<191>き</c><161>っ</c><150>と</c><141>こ</c><132>の</c><122>瞬</c><99>間</c><68>を</c><63>か</c><70>け</c><76>が</c><82>え</c><88>な</c><185>いみんなで</c>,きっとこの瞬間をかけがえないみんなで
46.73,46.93,72,0,<191>き</c><161>っ</c><151>と</c><144>こ</c><135>の</c><123>し</c><115>ゅ</c><103>ん</c><89>か</c><77>ん</c><57>を</c><66>か</c><70>け</c><80>が</c><83>え</c><88>な</c><185>いみんなで</c>,きっとこのしゅんかんをかけがえないみんなで
46.93,47.131,-1,-1,<191>き</c><161>っ</c><150>と</c><141>こ</c><132>の</c><122>瞬</c><99>間</c><68>を</c><63>か</c><70>け</c><76>が</c><82>え</c><88>な</c><93>い</c><185>みんなで</c>,きっとこの瞬間をかけがえないみんなで
46.93,47.131,73,0,<191>き</c><161>っ</c><151>と</c><144>こ</c><135>の</c><123>し</c><115>ゅ</c><103>ん</c><89>か</c><77>ん</c><57>を</c><66>か</c><70>け</c><80>が</c><83>え</c><88>な</c><98>い</c><185>みんなで</c>,きっとこのしゅんかんをかけがえないみんなで
47.131,47.398,56,-1,<191>き</c><161>っ</c><150>と</c><141>こ</c><132>の</c><122>瞬</c><99>間</c><68>を</c><63>か</c><70>け</c><76>が</c><82>え</c><88>な</c><93>い</c><102>み</c><185>んなで</c>,きっとこの瞬間をかけがえないみんなで
47.131,47.398,75,0,<191>き</c><161>っ</c><151>と</c><144>こ</c><135>の</c><123>し</c><115>ゅ</c><103>ん</c><89>か</c><77>ん</c><57>を</c><66>か</c><70>け</c><80>が</c><83>え</c><88>な</c><98>い</c><102>み</c><185>んなで</c>,きっとこのしゅんかんをかけがえないみんなで
47.398,47.631,58,-1,<191>き</c><161>っ</c><150>と</c><141>こ</c><132>の</c><122>瞬</c><99>間</c><68>を</c><63>か</c><70>け</c><76>が</c><82>え</c><88>な</c><93>い</c><102>み</c><105>ん</c><185>なで</c>,きっとこの瞬間をかけがえないみんなで
47.398,47.631,77,0,<191>き</c><161>っ</c><151>と</c><144>こ</c><135>の</c><123>し</c><115>ゅ</c><103>ん</c><89>か</c><77>ん</c><57>を</c><66>か</c><70>け</c><80>が</c><83>え</c><88>な</c><98>い</c><102>み</c><106>ん</c><185>なで</c>,きっとこのしゅんかんをかけがえないみんなで
47.631,47.798,59,-1,<191>き</c><161>っ</c><150>と</c><141>こ</c><132>の</c><122>瞬</c><99>間</c><68>を</c><63>か</c><70>け</c><76>が</c><82>え</c><88>な</c><93>い</c><102>み</c><105>ん</c><111>な</c><185>で</c>,きっとこの瞬間をかけがえないみんなで
47.631,47.798,78,0,<191>き</c><161>っ</c><151>と</c><144>こ</c><135>の</c><123>し</c><115>ゅ</c><103>ん</c><89>か</c><77>ん</c><57>を</c><66>か</c><70>け</c><80>が</c><83>え</c><88>な</c><98>い</c><102>み</c><106>ん</c><111>な</c><185>で</c>,きっとこのしゅんかんをかけがえないみんなで
47.798,48.632,59,-1,<191>き</c><161>っ</c><150>と</c><141>こ</c><132>の</c><122>瞬</c><99>間</c><68>を</c><63>か</c><70>け</c><76>が</c><82>え</c><88>な</c><93>い</c><102>み</c><105>ん</c><111>な</c><117>で</c>,きっとこの瞬間をかけがえないみんなで
47.798,48.632,78,0,<191>き</c><161>っ</c><151>と</c><144>こ</c><135>の</c><123>し</c><115>ゅ</c><103>ん</c><89>か</c><77>ん</c><57>を</c><66>か</c><70>け</c><80>が</c><83>え</c><88>な</c><98>い</c><102>み</c><106>ん</c><111>な</c><117>で</c>,きっとこのしゅんかんをかけがえないみんなで
48.632,48.799,-1,-1,<162>共</c><185>に行くよ!</c>,共に行くよ!
48.632,48.799,-1,0,<162>と</c><185>もにいくよ!</c>,ともにいくよ!
48.799,48.966,-1,-1,<162>共</c><185>に行くよ!</c>,共に行くよ!
48.799,48.966,-1,0,<162>と</c><172>も</c><185>にいくよ!</c>,ともにいくよ!
48.966,49.133,-1,-1,<162>共</c><209>に</c><185>行くよ!</c>,共に行くよ!
48.966,49.133,-1,0,<162>と</c><172>も</c><182>に</c><185>いくよ!</c>,ともにいくよ!
49.133,49.633,-1,-1,<162>共</c><209>に</c><217>行</c><185>くよ!</c>,共に行くよ!
49.133,49.633,-1,0,<162>と</c><172>も</c><182>に</c><222>い</c><185>くよ!</c>,ともにいくよ!
49.633,50.134,-1,-1,<162>共</c><209>に</c><217>行</c><201>く</c><185>よ!</c>,共に行くよ!
49.633,50.134,-1,0,<162>と</c><172>も</c><182>に</c><222>い</c><210>く</c><185>よ!</c>,ともにいくよ!
50.134,50.601,-1,-1,<162>共</c><209>に</c><217>行</c><201>く</c><190>よ!</c>,共に行くよ!
50.134,50.601,-1,0,<162>と</c><172>も</c><182>に</c><222>い</c><210>く</c><200>よ</c><190>!</c>,ともにいくよ!
50.601,50.768,-1,-1,<162>手</c><185>を繋いで</c>,手を繋いで
50.601,50.768,-1,0,<162>て</c><185>をつないで</c>,てをつないで
50.768,50.934,-1,-1,<162>手</c><175>を</c><185>繋いで</c>,手を繋いで
50.768,50.934,-1,0,<162>て</c><175>を</c><185>つないで</c>,てをつないで
50.934,51.101,-1,-1,<162>手</c><175>を</c><209>繋</c><185>いで</c>,手を繋いで
50.934,51.101,-1,0,<162>て</c><175>を</c><209>つ</c><185>ないで</c>,てをつないで
51.101,51.435,-1,-1,<162>手</c><175>を</c><209>繋</c><185>いで</c>,手を繋いで
51.101,51.435,-1,0,<162>て</c><175>を</c><209>つ</c><217>な</c><185>いで</c>,てをつないで
51.435,51.602,-1,-1,<162>手</c><175>を</c><209>繋</c><201>い</c><185>で</c>,手を繋いで
51.435,51.602,-1,0,<162>て</c><175>を</c><209>つ</c><217>な</c><201>い</c><185>で</c>,てをつないで
51.602,51.735,-1,-1,<162>手</c><175>を</c><209>繋</c><201>い</c><190>で</c>,手を繋いで
51.602,51.735,-1,0,<162>て</c><175>を</c><209>つ</c><217>な</c><201>い</c><190>で</c>,てをつないで
51.735,52.236,-1,-1,<166>3</c><133>.</c><185>2.1!</c>,3.2.1!
51.735,52.236,-1,0,<166>3</c><133>.</c><185>2.1!</c>,3.2.1!
52.236,52.736,-1,-1,<166>3</c><133>.</c><90>2</c><60>.</c><185>1!</c>,3.2.1!
52.236,52.736,-1,0,<166>3</c><133>.</c><90>2</c><60>.</c><185>1!</c>,3.2.1!
52.736,53.237,-1,-1,<166>3</c><133>.</c><90>2</c><60>.</c><48>1</c><41>!</c>,3.2.1!
52.736,53.237,-1,0,<166>3</c><133>.</c><90>2</c><60>.</c><48>1</c><41>!</c>,3.2.1!
53.237,53.404,-1,-1,<166>輝</c><185>き宿して</c>,輝き宿して
53.237,53.404,-1,0,<166>か</c><185>がやきやどして</c>,かがやきやどして
53.404,53.57,-1,-1,<166>輝</c><185>き宿して</c>,輝き宿して
53.404,53.57,-1,0,<166>か</c><143>が</c><185>やきやどして</c>,かがやきやどして
53.57,53.737,-1,-1,<166>輝</c><185>き宿して</c>,輝き宿して
53.57,53.737,-1,0,<166>か</c><143>が</c><118>や</c><185>きやどして</c>,かがやきやどして
53.737,54.038,-1,-1,<166>輝</c><84>き</c><185>宿して</c>,輝き宿して
53.737,54.038,-1,0,<166>か</c><143>が</c><118>や</c><84>き</c><185>やどして</c>,かがやきやどして
54.038,54.238,-1,-1,<166>輝</c><84>き</c><58>宿</c><185>して</c>,輝き宿して
54.038,54.238,-1,0,<166>か</c><143>が</c><118>や</c><84>き</c><58>や</c><185>どして</c>,かがやきやどして
54.238,54.571,-1,-1,<166>輝</c><84>き</c><58>宿</c><185>して</c>,輝き宿して
54.238,54.571,-1,0,<166>か</c><143>が</c><118>や</c><84>き</c><58>や</c><53>ど</c><185>して</c>,かがやきやどして
54.571,54.738,-1,-1,<166>輝</c><84>き</c><58>宿</c><43>し</c><185>て</c>,輝き宿して
54.571,54.738,-1,0,<166>か</c><143>が</c><118>や</c><84>き</c><58>や</c><53>ど</c><43>し</c><185>て</c>,かがやきやどして
54.738,56.707,-1,-1,<166>輝</c><84>き</c><58>宿</c><43>し</c><41>て</c>,輝き宿して
54.738,56.707,-1,0,<166>か</c><143>が</c><118>や</c><84>き</c><58>や</c><53>ど</c><43>し</c><41>て</c>,かがやきやどして
56.707,57.041,-1,-1,<191>夢</c><185>の場所へ!</c>,夢の場所へ!
56.707,57.041,-1,0,<191>ゆ</c><185>めのばしょへ!</c>,ゆめのばしょへ!
57.041,57.374,-1,-1,<191>夢</c><185>の場所へ!</c>,夢の場所へ!
57.041,57.374,-1,0,<191>ゆめ</c><185>のばしょへ!</c>,ゆめのばしょへ!
57.374,57.541,-1,-1,<191>夢の</c><185>場所へ!</c>,夢の場所へ!
57.374,57.541,-1,0,<191>ゆめの</c><185>ばしょへ!</c>,ゆめのばしょへ!
57.541,57.875,-1,-1,<191>夢の場</c><185>所へ!</c>,夢の場所へ!
57.541,57.875,-1,0,<191>ゆめのば</c><185>しょへ!</c>,ゆめのばしょへ!
57.875,58.042,-1,-1,<191>夢の場所</c><185>へ!</c>,夢の場所へ!
57.875,58.042,-1,0,<191>ゆめのばしょ</c><185>へ!</c>,ゆめのばしょへ!
58.042,58.675,-1,-1,<191>夢の場所へ!</c>,夢の場所へ!
58.042,58.675,-1,0,<191>ゆめのばしょへ!</c>,ゆめのばしょへ!
58.675,59.009,-1,-1,<191>駆</c><185>け抜けていく僕たちの青春の光は</c>,駆け抜けていく僕たちの青春の光は
58.675,59.009,-1,0,<191>か</c><185>けぬけていくぼくたちのせいしゅんのひかりは</c>,かけぬけていくぼくたちのせいしゅんのひかりは
59.009,59.276,-1,-1,<191>駆</c><135>け</c><185>抜けていく僕たちの青春の光は</c>,駆け抜けていく僕たちの青春の光は
59.009,59.276,-1,0,<191>か</c><137>け</c><185>ぬけていくぼくたちのせいしゅんのひかりは</c>,かけぬけていくぼくたちのせいしゅんのひかりは
59.276,59.51,-1,-1,<191>駆</c><135>け</c><89>抜</c><185>けていく僕たちの青春の光は</c>,駆け抜けていく僕たちの青春の光は
59.276,59.51,-1,0,<191>か</c><137>け</c><95>ぬ</c><185>けていくぼくたちのせいしゅんのひかりは</c>,かけぬけていくぼくたちのせいしゅんのひかりは
59.51,59.676,-1,-1,<191>駆</c><135>け</c><89>抜</c><70>け</c><185>ていく僕たちの青春の光は</c>,駆け抜けていく僕たちの青春の光は
59.51,59.676,-1,0,<191>か</c><137>け</c><95>ぬ</c><67>け</c><185>ていくぼくたちのせいしゅんのひかりは</c>,かけぬけていくぼくたちのせいしゅんのひかりは
59.676,60.01,-1,-1,<191>駆</c><135>け</c><89>抜</c><70>け</c><98>て</c><185>いく僕たちの青春の光は</c>,駆け抜けていく僕たちの青春の光は
59.676,60.01,-1,0,<191>か</c><137>け</c><95>ぬ</c><67>け</c><88>て</c><185>いくぼくたちのせいしゅんのひかりは</c>,かけぬけていくぼくたちのせいしゅんのひかりは
60.01,60.177,-1,-1,<191>駆</c><135>け</c><89>抜</c><70>け</c><98>て</c><117>い</c><185>く僕たちの青春の光は</c>,駆け抜けていく僕たちの青春の光は
60.01,60.177,56,0,<191>か</c><137>け</c><95>ぬ</c><67>け</c><88>て</c><111>い</c><185>くぼくたちのせいしゅんのひかりは</c>,かけぬけていくぼくたちのせいしゅんのひかりは
60.177,61.311,-1,-1,<191>駆</c><135>け</c><89>抜</c><70>け</c><98>て</c><117>い</c><136>く</c><185>僕たちの青春の光は</c>,駆け抜けていく僕たちの青春の光は
60.177,61.311,58,0,<191>か</c><137>け</c><95>ぬ</c><67>け</c><88>て</c><111>い</c><131>く</c><185>ぼくたちのせいしゅんのひかりは</c>,かけぬけていくぼくたちのせいしゅんのひかりは
61.311,61.645,-1,-1,<191>駆</c><135>け</c><89>抜</c><70>け</c><98>て</c><117>い</c><136>く</c><154>僕</c><185>たちの青春の光は</c>,駆け抜けていく僕たちの青春の光は
61.311,61.645,59,0,<191>か</c><137>け</c><95>ぬ</c><67>け</c><88>て</c><111>い</c><131>く</c><147>ぼ</c><185>くたちのせいしゅんのひかりは</c>,かけぬけていくぼくたちのせいしゅんのひかりは
61.645,61.912,-1,-1,<191>駆</c><135>け</c><89>抜</c><70>け</c><98>て</c><117>い</c><136>く</c><154>僕</c><185>たちの青春の光は</c>,駆け抜けていく僕たちの青春の光は
61.645,61.912,61,0,<191>か</c><137>け</c><95>ぬ</c><67>け</c><88>て</c><111>い</c><131>く</c><147>ぼ</c><163>く</c><185>たちのせいしゅんのひかりは</c>,かけぬけていくぼくたちのせいしゅんのひかりは
61.912,62.112,-1,-1,<191>駆</c><135>け</c><89>抜</c><70>け</c><98>て</c><117>い</c><136>く</c><154>僕</c><180>た</c><185>ちの青春の光は</c>,駆け抜けていく僕たちの青春の光は
61.912,62.112,63,0,<191>か</c><137>け</c><95>ぬ</c><67>け</c><88>て</c><111>い</c><131>く</c><147>ぼ</c><163>く</c><177>た</c><185>ちのせいしゅんのひかりは</c>,かけぬけていくぼくたちのせいしゅんのひかりは
62.112,62.312,-1,-1,<191>駆</c><135>け</c><89>抜</c><70>け</c><98>て</c><117>い</c><136>く</c><154>僕</c><180>た</c><222>ち</c><185>の青春の光は</c>,駆け抜けていく僕たちの青春の光は
62.112,62.312,64,0,<191>か</c><137>け</c><95>ぬ</c><67>け</c><88>て</c><111>い</c><131>く</c><147>ぼ</c><163>く</c><177>た</c><209>ち</c><185>のせいしゅんのひかりは</c>,かけぬけていくぼくたちのせいしゅんのひかりは
62.312,62.98,-1,-1,<191>駆</c><135>け</c><89>抜</c><70>け</c><98>て</c><117>い</c><136>く</c><154>僕</c><180>た</c><222>ち</c><208>の</c><185>青春の光は</c>,駆け抜けていく僕たちの青春の光は
62.312,62.98,66,0,<191>か</c><137>け</c><95>ぬ</c><67>け</c><88>て</c><111>い</c><131>く</c><147>ぼ</c><163>く</c><177>た</c><209>ち</c><216>の</c><185>せいしゅんのひかりは</c>,かけぬけていくぼくたちのせいしゅんのひかりは
62.98,63.313,-1,-1,<191>駆</c><135>け</c><89>抜</c><70>け</c><98>て</c><117>い</c><136>く</c><154>僕</c><180>た</c><222>ち</c><208>の</c><196>青</c><185>春の光は</c>,駆け抜けていく僕たちの青春の光は
62.98,63.313,67,0,<191>か</c><137>け</c><95>ぬ</c><67>け</c><88>て</c><111>い</c><131>く</c><147>ぼ</c><163>く</c><177>た</c><209>ち</c><216>の</c><202>せ</c><185>いしゅんのひかりは</c>,かけぬけていくぼくたちのせいしゅんのひかりは
63.313,63.614,-1,-1,<191>駆</c><135>け</c><89>抜</c><70>け</c><98>て</c><117>い</c><136>く</c><154>僕</c><180>た</c><222>ち</c><208>の</c><196>青</c><185>春の光は</c>,駆け抜けていく僕たちの青春の光は
63.313,63.614,69,0,<191>か</c><137>け</c><95>ぬ</c><67>け</c><88>て</c><111>い</c><131>く</c><147>ぼ</c><163>く</c><177>た</c><209>ち</c><216>の</c><202>せ</c><192>い</c><185>しゅんのひかりは</c>,かけぬけていくぼくたちのせいしゅんのひかりは
63.614,63.947,-1,-1,<191>駆</c><135>け</c><89>抜</c><70>け</c><98>て</c><117>い</c><136>く</c><154>僕</c><180>た</c><222>ち</c><208>の</c><196>青</c><171>春</c><185>の光は</c>,駆け抜けていく僕たちの青春の光は
63.614,63.947,72,0,<191>か</c><137>け</c><95>ぬ</c><67>け</c><88>て</c><111>い</c><131>く</c><147>ぼ</c><163>く</c><177>た</c><209>ち</c><216>の</c><202>せ</c><192>い</c><174>し</c><170>ゅ</c><185>んのひかりは</c>,かけぬけていくぼくたちのせいしゅんのひかりは
63.947,64.281,-1,-1,<191>駆</c><135>け</c><89>抜</c><70>け</c><98>て</c><117>い</c><136>く</c><154>僕</c><180>た</c><222>ち</c><208>の</c><196>青</c><171>春</c><185>の光は</c>,駆け抜けていく僕たちの青春の光は
63.947,64.281,73,0,<191>か</c><137>け</c><95>ぬ</c><67>け</c><88>て</c><111>い</c><131>く</c><147>ぼ</c><163>く</c><177>た</c><209>ち</c><216>の</c><202>せ</c><192>い</c><174>し</c><170>ゅ</c><158>ん</c><185>のひかりは</c>,かけぬけていくぼくたちのせいしゅんのひかりは
64.281,64.615,-1,-1,<191>駆</c><135>け</c><89>抜</c><70>け</c><98>て</c><117>い</c><136>く</c><154>僕</c><180>た</c><222>ち</c><208>の</c><196>青</c><171>春</c><133>の</c><185>光は</c>,駆け抜けていく僕たちの青春の光は
64.281,64.615,75,0,<191>か</c><137>け</c><95>ぬ</c><67>け</c><88>て</c><111>い</c><131>く</c><147>ぼ</c><163>く</c><177>た</c><209>ち</c><216>の</c><202>せ</c><192>い</c><174>し</c><170>ゅ</c><158>ん</c><124>の</c><185>ひかりは</c>,かけぬけていくぼくたちのせいしゅんのひかりは
64.615,64.948,-1,-1,<191>駆</c><135>け</c><89>抜</c><70>け</c><98>て</c><117>い</c><136>く</c><154>僕</c><180>た</c><222>ち</c><208>の</c><196>青</c><171>春</c><133>の</c><90>光</c><185>は</c>,駆け抜けていく僕たちの青春の光は
64.615,64.948,77,0,<191>か</c><137>け</c><95>ぬ</c><67>け</c><88>て</c><111>い</c><131>く</c><147>ぼ</c><163>く</c><177>た</c><209>ち</c><216>の</c><202>せ</c><192>い</c><174>し</c><170>ゅ</c><158>ん</c><124>の</c><84>ひ</c><185>かりは</c>,かけぬけていくぼくたちのせいしゅんのひかりは
64.948,65.449,-1,-1,<191>駆</c><135>け</c><89>抜</c><70>け</c><98>て</c><117>い</c><136>く</c><154>僕</c><180>た</c><222>ち</c><208>の</c><196>青</c><171>春</c><133>の</c><90>光</c><185>は</c>,駆け抜けていく僕たちの青春の光は
64.948,65.449,78,0,<191>か</c><137>け</c><95>ぬ</c><67>け</c><88>て</c><111>い</c><131>く</c><147>ぼ</c><163>く</c><177>た</c><209>ち</c><216>の</c><202>せ</c><192>い</c><174>し</c><170>ゅ</c><158>ん</c><124>の</c><84>ひ</c><61>か</c><185>りは</c>,かけぬけていくぼくたちのせいしゅんのひかりは
65.449,65.616,-1,-1,<191>駆</c><135>け</c><89>抜</c><70>け</c><98>て</c><117>い</c><136>く</c><154>僕</c><180>た</c><222>ち</c><208>の</c><196>青</c><171>春</c><133>の</c><90>光</c><185>は</c>,駆け抜けていく僕たちの青春の光は
65.449,65.616,80,0,<191>か</c><137>け</c><95>ぬ</c><67>け</c><88>て</c><111>い</c><131>く</c><147>ぼ</c><163>く</c><177>た</c><209>ち</c><216>の</c><202>せ</c><192>い</c><174>し</c><170>ゅ</c><158>ん</c><124>の</c><84>ひ</c><61>か</c><49>り</c><185>は</c>,かけぬけていくぼくたちのせいしゅんのひかりは
65.616,67.084,-1,-1,<191>駆</c><135>け</c><89>抜</c><70>け</c><98>て</c><117>い</c><136>く</c><154>僕</c><180>た</c><222>ち</c><208>の</c><196>青</c><171>春</c><133>の</c><90>光</c><41>は</c>,駆け抜けていく僕たちの青春の光は
65.616,67.084,80,0,<191>か</c><137>け</c><95>ぬ</c><67>け</c><88>て</c><111>い</c><131>く</c><147>ぼ</c><163>く</c><177>た</c><209>ち</c><216>の</c><202>せ</c><192>い</c><174>し</c><170>ゅ</c><158>ん</c><124>の</c><84>ひ</c><61>か</c><49>り</c><41>は</c>,かけぬけていくぼくたちのせいしゅんのひかりは
67.084,67.251,-1,-1,<191>誰</c><185>にも止められないよ!</c>,誰にも止められないよ!
67.084,67.251,-1,0,<191>だ</c><185>れにもとめられないよ!</c>,だれにもとめられないよ!
67.251,67.418,-1,-1,<191>誰</c><185>にも止められないよ!</c>,誰にも止められないよ!
67.251,67.418,-1,0,<191>だ</c><100>れ</c><185>にもとめられないよ!</c>,だれにもとめられないよ!
67.418,67.584,-1,-1,<191>誰</c><85>に</c><185>も止められないよ!</c>,誰にも止められないよ!
67.418,67.584,-1,0,<191>だ</c><100>れ</c><85>に</c><185>もとめられないよ!</c>,だれにもとめられないよ!
67.584,67.918,-1,-1,<191>誰</c><85>に</c><127>も</c><185>止められないよ!</c>,誰にも止められないよ!
67.584,67.918,-1,0,<191>だ</c><100>れ</c><85>に</c><127>も</c><185>とめられないよ!</c>,だれにもとめられないよ!
67.918,68.085,-1,-1,<191>誰</c><85>に</c><127>も</c><160>止</c><185>められないよ!</c>,誰にも止められないよ!
67.918,68.085,-1,0,<191>だ</c><100>れ</c><85>に</c><127>も</c><160>と</c><185>められないよ!</c>,だれにもとめられないよ!
68.085,68.385,-1,-1,<191>誰</c><85>に</c><127>も</c><160>止</c><181>め</c><185>られないよ!</c>,誰にも止められないよ!
68.085,68.385,-1,0,<191>だ</c><100>れ</c><85>に</c><127>も</c><160>と</c><181>め</c><185>られないよ!</c>,だれにもとめられないよ!
68.385,68.552,-1,-1,<191>誰</c><85>に</c><127>も</c><160>止</c><181>め</c><211>ら</c><185>れないよ!</c>,誰にも止められないよ!
68.385,68.552,-1,0,<191>だ</c><100>れ</c><85>に</c><127>も</c><160>と</c><181>め</c><211>ら</c><185>れないよ!</c>,だれにもとめられないよ!
68.552,68.719,-1,-1,<191>誰</c><85>に</c><127>も</c><160>止</c><181>め</c><211>ら</c><189>れ</c><185>ないよ!</c>,誰にも止められないよ!
68.552,68.719,-1,0,<191>だ</c><100>れ</c><85>に</c><127>も</c><160>と</c><181>め</c><211>ら</c><189>れ</c><185>ないよ!</c>,だれにもとめられないよ!
68.719,69.053,-1,-1,<191>誰</c><85>に</c><127>も</c><160>止</c><181>め</c><211>ら</c><189>れ</c><168>な</c><185>いよ!</c>,誰にも止められないよ!
68.719,69.053,-1,0,<191>だ</c><100>れ</c><85>に</c><127>も</c><160>と</c><181>め</c><211>ら</c><189>れ</c><168>な</c><185>いよ!</c>,だれにもとめられないよ!
69.053,69.219,-1,-1,<191>誰</c><85>に</c><127>も</c><160>止</c><181>め</c><211>ら</c><189>れ</c><168>な</c><121>い</c><185>よ!</c>,誰にも止められないよ!
69.053,69.219,-1,0,<191>だ</c><100>れ</c><85>に</c><127>も</c><160>と</c><181>め</c><211>ら</c><189>れ</c><168>な</c><121>い</c><185>よ!</c>,だれにもとめられないよ!
69.219,70.554,-1,-1,<191>誰</c><85>に</c><127>も</c><160>止</c><181>め</c><211>ら</c><189>れ</c><168>な</c><121>い</c><62>よ</c><41>!</c>,誰にも止められないよ!
69.219,70.554,-1,0,<191>だ</c><100>れ</c><85>に</c><127>も</c><160>と</c><181>め</c><211>ら</c><189>れ</c><168>な</c><121>い</c><62>よ</c><41>!</c>,だれにもとめられないよ!
70.554,70.721,-1,-1,<162>笑</c><185>い合う分だけ</c>,笑い合う分だけ
70.554,70.721,-1,0,<162>わ</c><185>らいあうぶんだけ</c>,わらいあうぶんだけ
70.721,70.888,-1,-1,<162>笑</c><185>い合う分だけ</c>,笑い合う分だけ
70.721,70.888,-1,0,<162>わ</c><169>ら</c><185>いあうぶんだけ</c>,わらいあうぶんだけ
70.888,71.055,-1,-1,<162>笑</c><178>い</c><185>合う分だけ</c>,笑い合う分だけ
70.888,71.055,-1,0,<162>わ</c><169>ら</c><178>い</c><185>あうぶんだけ</c>,わらいあうぶんだけ
71.055,71.221,-1,-1,<162>笑</c><178>い</c><184>合</c><185>う分だけ</c>,笑い合う分だけ
71.055,71.221,-1,0,<162>わ</c><169>ら</c><178>い</c><184>あ</c><185>うぶんだけ</c>,わらいあうぶんだけ
71.221,71.388,-1,-1,<162>笑</c><178>い</c><184>合</c><222>う</c><185>分だけ</c>,笑い合う分だけ
71.221,71.388,-1,0,<162>わ</c><169>ら</c><178>い</c><184>あ</c><222>う</c><185>ぶんだけ</c>,わらいあうぶんだけ
71.388,71.522,-1,-1,<162>笑</c><178>い</c><184>合</c><222>う</c><213>分</c><185>だけ</c>,笑い合う分だけ
71.388,71.522,-1,0,<162>わ</c><169>ら</c><178>い</c><184>あ</c><222>う</c><213>ぶ</c><185>んだけ</c>,わらいあうぶんだけ
71.522,71.655,-1,-1,<162>笑</c><178>い</c><184>合</c><222>う</c><213>分</c><185>だけ</c>,笑い合う分だけ
71.522,71.655,-1,0,<162>わ</c><169>ら</c><178>い</c><184>あ</c><222>う</c><213>ぶ</c><205>ん</c><185>だけ</c>,わらいあうぶんだけ
71.655,71.855,-1,-1,<162>笑</c><178>い</c><184>合</c><222>う</c><213>分</c><198>だ</c><185>け</c>,笑い合う分だけ
71.655,71.855,-1,0,<162>わ</c><169>ら</c><178>い</c><184>あ</c><222>う</c><213>ぶ</c><205>ん</c><198>だ</c><185>け</c>,わらいあうぶんだけ
71.855,73.057,-1,-1,<162>笑</c><178>い</c><184>合</c><222>う</c><213>分</c><198>だ</c><190>け</c>,笑い合う分だけ
71.855,72.189,-1,85,<166>優</c><185>しく</c>,優しく
71.855,73.057,-1,0,<162>わ</c><169>ら</c><178>い</c><184>あ</c><222>う</c><213>ぶ</c><205>ん</c><198>だ</c><190>け</c>,わらいあうぶんだけ
71.855,72.189,-1,7,<166>や</c><185>さしく</c>,やさしく
72.189,72.489,-1,85,<166>優</c><185>しく</c>,優しく
72.189,72.489,-1,7,<166>や</c><108>さ</c><185>しく</c>,やさしく
72.489,72.723,-1,85,<166>優</c><51>し</c><185>く</c>,優しく
72.489,72.723,-1,7,<166>や</c><108>さ</c><51>し</c><185>く</c>,やさしく
72.723,74.491,-1,85,<166>優</c><51>し</c><41>く</c>,優しく
72.723,74.491,-1,7,<166>や</c><108>さ</c><51>し</c><41>く</c>,やさしく
73.057,73.19,-1,-1,<162>零</c><185>れる涙さえ</c>,零れる涙さえ
73.057,73.19,-1,0,<162>こ</c><185>ぼれるなみださえ</c>,こぼれるなみださえ
73.19,73.357,-1,-1,<162>零</c><185>れる涙さえ</c>,零れる涙さえ
73.19,73.357,-1,0,<162>こ</c><169>ぼ</c><185>れるなみださえ</c>,こぼれるなみださえ
73.357,73.557,-1,-1,<162>零</c><178>れ</c><185>る涙さえ</c>,零れる涙さえ
73.357,73.557,-1,0,<162>こ</c><169>ぼ</c><178>れ</c><185>るなみださえ</c>,こぼれるなみださえ
73.557,73.724,-1,-1,<162>零</c><178>れ</c><184>る</c><185>涙さえ</c>,零れる涙さえ
73.557,73.724,-1,0,<162>こ</c><169>ぼ</c><178>れ</c><184>る</c><185>なみださえ</c>,こぼれるなみださえ
73.724,73.857,-1,-1,<162>零</c><178>れ</c><184>る</c><222>涙</c><185>さえ</c>,零れる涙さえ
73.724,73.857,-1,0,<162>こ</c><169>ぼ</c><178>れ</c><184>る</c><222>な</c><185>みださえ</c>,こぼれるなみださえ
73.857,74.024,-1,-1,<162>零</c><178>れ</c><184>る</c><222>涙</c><185>さえ</c>,零れる涙さえ
73.857,74.024,-1,0,<162>こ</c><169>ぼ</c><178>れ</c><184>る</c><222>な</c><213>み</c><185>ださえ</c>,こぼれるなみださえ
74.024,74.358,-1,-1,<162>零</c><178>れ</c><184>る</c><222>涙</c><185>さえ</c>,零れる涙さえ
74.024,74.358,-1,0,<162>こ</c><169>ぼ</c><178>れ</c><184>る</c><222>な</c><213>み</c><205>だ</c><185>さえ</c>,こぼれるなみださえ
74.358,74.525,-1,-1,<162>零</c><178>れ</c><184>る</c><222>涙</c><198>さ</c><185>え</c>,零れる涙さえ
74.358,74.525,-1,0,<162>こ</c><169>ぼ</c><178>れ</c><184>る</c><222>な</c><213>み</c><205>だ</c><198>さ</c><185>え</c>,こぼれるなみださえ
74.491,75.159,-1,85,<166>今</c>,今
74.491,74.825,-1,7,<166>い</c><185>ま</c>,いま
74.525,75.159,-1,-1,<162>零</c><178>れ</c><184>る</c><222>涙</c><198>さ</c><190>え</c>,零れる涙さえ
74.525,75.159,-1,0,<162>こ</c><169>ぼ</c><178>れ</c><184>る</c><222>な</c><213>み</c><205>だ</c><198>さ</c><190>え</c>,こぼれるなみださえ
74.825,75.159,-1,7,<166>い</c><41>ま</c>,いま
75.159,75.459,-1,-1,<191>ほ</c><185>ら輝かせ</c>,ほら輝かせ
75.159,75.459,-1,0,<191>ほ</c><185>らかがやかせ</c>,ほらかがやかせ
75.459,75.959,-1,-1,<191>ほ</c><139>ら</c><185>輝かせ</c>,ほら輝かせ
75.459,75.959,-1,0,<191>ほ</c><139>ら</c><185>かがやかせ</c>,ほらかがやかせ
75.959,76.16,-1,-1,<191>ほ</c><139>ら</c><107>輝</c><185>かせ</c>,ほら輝かせ
75.959,76.16,-1,0,<191>ほ</c><139>ら</c><107>か</c><185>がやかせ</c>,ほらかがやかせ
76.16,76.36,-1,-1,<191>ほ</c><139>ら</c><107>輝</c><185>かせ</c>,ほら輝かせ
76.16,76.36,-1,0,<191>ほ</c><139>ら</c><107>か</c><57>が</c><185>やかせ</c>,ほらかがやかせ
76.36,76.627,-1,-1,<191>ほ</c><139>ら</c><107>輝</c><185>かせ</c>,ほら輝かせ
76.36,76.627,-1,0,<191>ほ</c><139>ら</c><107>か</c><57>が</c><80>や</c><185>かせ</c>,ほらかがやかせ
76.627,76.794,-1,-1,<191>ほ</c><139>ら</c><107>輝</c><102>か</c><185>せ</c>,ほら輝かせ
76.627,76.794,-1,0,<191>ほ</c><139>ら</c><107>か</c><57>が</c><80>や</c><102>か</c><185>せ</c>,ほらかがやかせ
76.794,77.294,-1,-1,<191>ほ</c><139>ら</c><107>輝</c><102>か</c><117>せ</c>,ほら輝かせ
76.794,77.294,-1,0,<191>ほ</c><139>ら</c><107>か</c><57>が</c><80>や</c><102>か</c><117>せ</c>,ほらかがやかせ
77.294,77.461,-1,-1,<191>明</c><185>日へ運ぶから</c>,明日へ運ぶから
77.294,77.461,-1,0,<191>あ</c><185>したへはこぶから</c>,あしたへはこぶから
77.461,77.694,-1,-1,<191>明</c><185>日へ運ぶから</c>,明日へ運ぶから
77.461,77.694,-1,0,<191>あ</c><57>し</c><185>たへはこぶから</c>,あしたへはこぶから
77.694,77.928,-1,-1,<191>明</c><117>日</c><185>へ運ぶから</c>,明日へ運ぶから
77.694,77.928,-1,0,<191>あ</c><57>し</c><117>た</c><185>へはこぶから</c>,あしたへはこぶから
77.928,78.128,-1,-1,<191>明</c><117>日</c><162>へ</c><185>運ぶから</c>,明日へ運ぶから
77.928,78.128,-1,0,<191>あ</c><57>し</c><117>た</c><162>へ</c><185>はこぶから</c>,あしたへはこぶから
78.128,78.629,-1,-1,<191>明</c><117>日</c><162>へ</c><222>運</c><185>ぶから</c>,明日へ運ぶから
78.128,78.629,-1,0,<191>あ</c><57>し</c><117>た</c><162>へ</c><222>は</c><185>こぶから</c>,あしたへはこぶから
78.629,78.796,-1,-1,<191>明</c><117>日</c><162>へ</c><222>運</c><185>ぶから</c>,明日へ運ぶから
78.629,78.796,-1,0,<191>あ</c><57>し</c><117>た</c><162>へ</c><222>は</c><190>こ</c><185>ぶから</c>,あしたへはこぶから
78.796,79.096,-1,-1,<191>明</c><117>日</c><162>へ</c><222>運</c><166>ぶ</c><185>から</c>,明日へ運ぶから
78.796,79.096,-1,0,<191>あ</c><57>し</c><117>た</c><162>へ</c><222>は</c><190>こ</c><166>ぶ</c><185>から</c>,あしたへはこぶから
79.096,79.296,-1,-1,<191>明</c><117>日</c><162>へ</c><222>運</c><166>ぶ</c><64>か</c><185>ら</c>,明日へ運ぶから
79.096,79.296,-1,0,<191>あ</c><57>し</c><117>た</c><162>へ</c><222>は</c><190>こ</c><166>ぶ</c><64>か</c><185>ら</c>,あしたへはこぶから
79.296,79.797,-1,-1,<191>明</c><117>日</c><162>へ</c><222>運</c><166>ぶ</c><64>か</c><41>ら</c>,明日へ運ぶから
79.296,79.797,-1,0,<191>あ</c><57>し</c><117>た</c><162>へ</c><222>は</c><190>こ</c><166>ぶ</c><64>か</c><41>ら</c>,あしたへはこぶから
79.797,80.064,-1,-1,<191>君</c><185>の隣へ僕たちは世界を超えて行く</c>,君の隣へ僕たちは世界を超えて行く
79.797,80.064,-1,0,<191>き</c><185>みのとなりへぼくたちはせかいをこえていく</c>,きみのとなりへぼくたちはせかいをこえていく
80.064,80.364,-1,-1,<191>君</c><185>の隣へ僕たちは世界を超えて行く</c>,君の隣へ僕たちは世界を超えて行く
80.064,80.364,-1,0,<191>き</c><135>み</c><185>のとなりへぼくたちはせかいをこえていく</c>,きみのとなりへぼくたちはせかいをこえていく
80.364,80.597,-1,-1,<191>君</c><89>の</c><185>隣へ僕たちは世界を超えて行く</c>,君の隣へ僕たちは世界を超えて行く
80.364,80.597,-1,0,<191>き</c><135>み</c><89>の</c><185>となりへぼくたちはせかいをこえていく</c>,きみのとなりへぼくたちはせかいをこえていく
80.597,80.764,-1,-1,<191>君</c><89>の</c><70>隣</c><185>へ僕たちは世界を超えて行く</c>,君の隣へ僕たちは世界を超えて行く
80.597,80.764,-1,0,<191>き</c><135>み</c><89>の</c><70>と</c><185>なりへぼくたちはせかいをこえていく</c>,きみのとなりへぼくたちはせかいをこえていく
80.764,83.4,98,85,<96>h</c><74>o</c><39>l</c><36>o</c><30>l</c><27>i</c><22>v</c><18>e</c><13>i</c><9>d</c><4>o</c><6>l</c><10>p</c><12>r</c><15>o</c><20>j</c><23>e</c><26>c</c><28>t</c><34>-</c><37>あ</c><40>す</c><56>い</c><69>ろ</c><81>c</c><91>l</c><101>e</c><109>a</c><119>r</c><126>s</c><134>k</c><140>y</c>,hololiveidolproject-あすいろclearsky
80.764,81.098,-1,-1,<191>君</c><89>の</c><70>隣</c><185>へ僕たちは世界を超えて行く</c>,君の隣へ僕たちは世界を超えて行く
80.764,81.098,56,0,<191>き</c><135>み</c><89>の</c><70>と</c><98>な</c><185>りへぼくたちはせかいをこえていく</c>,きみのとなりへぼくたちはせかいをこえていく
81.098,81.298,-1,-1,<191>君</c><89>の</c><70>隣</c><185>へ僕たちは世界を超えて行く</c>,君の隣へ僕たちは世界を超えて行く
81.098,81.298,58,0,<191>き</c><135>み</c><89>の</c><70>と</c><98>な</c><117>り</c><185>へぼくたちはせかいをこえていく</c>,きみのとなりへぼくたちはせかいをこえていく
81.298,82.433,-1,-1,<191>君</c><89>の</c><70>隣</c><136>へ</c><185>僕たちは世界を超えて行く</c>,君の隣へ僕たちは世界を超えて行く
81.298,82.433,59,0,<191>き</c><135>み</c><89>の</c><70>と</c><98>な</c><117>り</c><136>へ</c><185>ぼくたちはせかいをこえていく</c>,きみのとなりへぼくたちはせかいをこえていく
82.433,82.766,-1,-1,<191>君</c><89>の</c><70>隣</c><136>へ</c><154>僕</c><185>たちは世界を超えて行く</c>,君の隣へ僕たちは世界を超えて行く
82.433,82.766,61,0,<191>き</c><135>み</c><89>の</c><70>と</c><98>な</c><117>り</c><136>へ</c><154>ぼ</c><185>くたちはせかいをこえていく</c>,きみのとなりへぼくたちはせかいをこえていく
82.766,83.0,-1,-1,<191>君</c><89>の</c><70>隣</c><136>へ</c><154>僕</c><185>たちは世界を超えて行く</c>,君の隣へ僕たちは世界を超えて行く
82.766,83.0,63,0,<191>き</c><135>み</c><89>の</c><70>と</c><98>な</c><117>り</c><136>へ</c><154>ぼ</c><165>く</c><185>たちはせかいをこえていく</c>,きみのとなりへぼくたちはせかいをこえていく
83.0,83.2,-1,-1,<191>君</c><89>の</c><70>隣</c><136>へ</c><154>僕</c><180>た</c><185>ちは世界を超えて行く</c>,君の隣へ僕たちは世界を超えて行く
83.0,83.2,64,0,<191>き</c><135>み</c><89>の</c><70>と</c><98>な</c><117>り</c><136>へ</c><154>ぼ</c><165>く</c><180>た</c><185>ちはせかいをこえていく</c>,きみのとなりへぼくたちはせかいをこえていく
83.2,83.434,-1,-1,<191>君</c><89>の</c><70>隣</c><136>へ</c><154>僕</c><180>た</c><222>ち</c><185>は世界を超えて行く</c>,君の隣へ僕たちは世界を超えて行く
83.2,83.434,66,0,<191>き</c><135>み</c><89>の</c><70>と</c><98>な</c><117>り</c><136>へ</c><154>ぼ</c><165>く</c><180>た</c><222>ち</c><185>はせかいをこえていく</c>,きみのとなりへぼくたちはせかいをこえていく
83.4,86.036,-1,85,<96>作</c><32>詞</c><14>・</c><7>作</c><21>曲</c><35>:</c><75>森</c><113>本</c><140>練</c>,作詞・作曲:森本練
83.434,84.101,-1,-1,<191>君</c><89>の</c><70>隣</c><136>へ</c><154>僕</c><180>た</c><222>ち</c><208>は</c><185>世界を超えて行く</c>,君の隣へ僕たちは世界を超えて行く
83.434,84.101,67,0,<191>き</c><135>み</c><89>の</c><70>と</c><98>な</c><117>り</c><136>へ</c><154>ぼ</c><165>く</c><180>た</c><222>ち</c><208>は</c><185>せかいをこえていく</c>,きみのとなりへぼくたちはせかいをこえていく
84.101,84.435,-1,-1,<191>君</c><89>の</c><70>隣</c><136>へ</c><154>僕</c><180>た</c><222>ち</c><208>は</c><196>世</c><185>界を超えて行く</c>,君の隣へ僕たちは世界を超えて行く
84.101,84.435,69,0,<191>き</c><135>み</c><89>の</c><70>と</c><98>な</c><117>り</c><136>へ</c><154>ぼ</c><165>く</c><180>た</c><222>ち</c><208>は</c><196>せ</c><185>かいをこえていく</c>,きみのとなりへぼくたちはせかいをこえていく
84.435,84.735,-1,-1,<191>君</c><89>の</c><70>隣</c><136>へ</c><154>僕</c><180>た</c><222>ち</c><208>は</c><196>世</c><188>界</c><185>を超えて行く</c>,君の隣へ僕たちは世界を超えて行く
84.435,84.735,70,0,<191>き</c><135>み</c><89>の</c><70>と</c><98>な</c><117>り</c><136>へ</c><154>ぼ</c><165>く</c><180>た</c><222>ち</c><208>は</c><196>せ</c><188>か</c><185>いをこえていく</c>,きみのとなりへぼくたちはせかいをこえていく
84.735,85.069,-1,-1,<191>君</c><89>の</c><70>隣</c><136>へ</c><154>僕</c><180>た</c><222>ち</c><208>は</c><196>世</c><188>界</c><185>を超えて行く</c>,君の隣へ僕たちは世界を超えて行く
84.735,85.069,72,0,<191>き</c><135>み</c><89>の</c><70>と</c><98>な</c><117>り</c><136>へ</c><154>ぼ</c><165>く</c><180>た</c><222>ち</c><208>は</c><196>せ</c><188>か</c><171>い</c><185>をこえていく</c>,きみのとなりへぼくたちはせかいをこえていく
85.069,85.402,-1,-1,<191>君</c><89>の</c><70>隣</c><136>へ</c><154>僕</c><180>た</c><222>ち</c><208>は</c><196>世</c><188>界</c><166>を</c><185>超えて行く</c>,君の隣へ僕たちは世界を超えて行く
85.069,85.402,73,0,<191>き</c><135>み</c><89>の</c><70>と</c><98>な</c><117>り</c><136>へ</c><154>ぼ</c><165>く</c><180>た</c><222>ち</c><208>は</c><196>せ</c><188>か</c><171>い</c><166>を</c><185>こえていく</c>,きみのとなりへぼくたちはせかいをこえていく
85.402,85.736,-1,-1,<191>君</c><89>の</c><70>隣</c><136>へ</c><154>僕</c><180>た</c><222>ち</c><208>は</c><196>世</c><188>界</c><166>を</c><133>超</c><185>えて行く</c>,君の隣へ僕たちは世界を超えて行く
85.402,85.736,75,0,<191>き</c><135>み</c><89>の</c><70>と</c><98>な</c><117>り</c><136>へ</c><154>ぼ</c><165>く</c><180>た</c><222>ち</c><208>は</c><196>せ</c><188>か</c><171>い</c><166>を</c><133>こ</c><185>えていく</c>,きみのとなりへぼくたちはせかいをこえていく
85.736,86.07,-1,-1,<191>君</c><89>の</c><70>隣</c><136>へ</c><154>僕</c><180>た</c><222>ち</c><208>は</c><196>世</c><188>界</c><166>を</c><133>超</c><90>え</c><185>て行く</c>,君の隣へ僕たちは世界を超えて行く
85.736,86.07,77,0,<191>き</c><135>み</c><89>の</c><70>と</c><98>な</c><117>り</c><136>へ</c><154>ぼ</c><165>く</c><180>た</c><222>ち</c><208>は</c><196>せ</c><188>か</c><171>い</c><166>を</c><133>こ</c><90>え</c><185>ていく</c>,きみのとなりへぼくたちはせかいをこえていく
86.036,88.705,63,85,<96>編</c><42>曲</c><33>:</c><25>脇</c><16>眞</c><8>富</c><5>（</c><11>a</c><19>r</c><24>t</c><31>e</c><38>r</c><56>e</c><79>f</c><97>a</c><112>c</c><129>t</c><140>）</c>,編曲:脇眞富（arterefact）
86.07,86.57,-1,-1,<191>君</c><89>の</c><70>隣</c><136>へ</c><154>僕</c><180>た</c><222>ち</c><208>は</c><196>世</c><188>界</c><166>を</c><133>超</c><90>え</c><60>て</c><185>行く</c>,君の隣へ僕たちは世界を超えて行く
86.07,86.57,78,0,<191>き</c><135>み</c><89>の</c><70>と</c><98>な</c><117>り</c><136>へ</c><154>ぼ</c><165>く</c><180>た</c><222>ち</c><208>は</c><196>せ</c><188>か</c><171>い</c><166>を</c><133>こ</c><90>え</c><60>て</c><185>いく</c>,きみのとなりへぼくたちはせかいをこえていく
86.57,86.703,-1,-1,<191>君</c><89>の</c><70>隣</c><136>へ</c><154>僕</c><180>た</c><222>ち</c><208>は</c><196>世</c><188>界</c><166>を</c><133>超</c><90>え</c><60>て</c><48>行</c><185>く</c>,君の隣へ僕たちは世界を超えて行く
86.57,86.703,80,0,<191>き</c><135>み</c><89>の</c><70>と</c><98>な</c><117>り</c><136>へ</c><154>ぼ</c><165>く</c><180>た</c><222>ち</c><208>は</c><196>せ</c><188>か</c><171>い</c><166>を</c><133>こ</c><90>え</c><60>て</c><48>い</c><185>く</c>,きみのとなりへぼくたちはせかいをこえていく
86.703,87.671,-1,-1,<191>君</c><89>の</c><70>隣</c><136>へ</c><154>僕</c><180>た</c><222>ち</c><208>は</c><196>世</c><188>界</c><166>を</c><133>超</c><90>え</c><60>て</c><48>行</c><41>く</c>,君の隣へ僕たちは世界を超えて行く
86.703,87.671,80,0,<191>き</c><135>み</c><89>の</c><70>と</c><98>な</c><117>り</c><136>へ</c><154>ぼ</c><165>く</c><180>た</c><222>ち</c><208>は</c><196>せ</c><188>か</c><171>い</c><166>を</c><133>こ</c><90>え</c><60>て</c><48>い</c><41>く</c>,きみのとなりへぼくたちはせかいをこえていく
87.671,88.038,-1,-1,<191>迎</c><185>えに行くよ</c>,迎えに行くよ
87.671,88.038,-1,0,<191>む</c><185>かえにいくよ</c>,むかえにいくよ
88.038,88.305,-1,-1,<191>迎</c><185>えに行くよ</c>,迎えに行くよ
88.038,88.305,-1,0,<191>む</c><80>か</c><185>えにいくよ</c>,むかえにいくよ
88.305,88.539,-1,-1,<191>迎</c><147>え</c><185>に行くよ</c>,迎えに行くよ
88.305,88.539,-1,0,<191>む</c><80>か</c><147>え</c><185>にいくよ</c>,むかえにいくよ
88.539,88.705,-1,-1,<191>迎</c><147>え</c><222>に</c><185>行くよ</c>,迎えに行くよ
88.539,88.705,-1,0,<191>む</c><80>か</c><147>え</c><222>に</c><185>いくよ</c>,むかえにいくよ
88.705,91.341,-1,85,<1>歌:</c><3>ロボ子さん</c><1></c><193>夜空メル</c><1></c><2>アキ・ローゼンタール</c><1></c>,歌:ロボ子さん夜空メルアキ・ローゼンタール
88.705,89.006,-1,-1,<191>迎</c><147>え</c><222>に</c><174>行</c><185>くよ</c>,迎えに行くよ
88.705,89.006,-1,0,<191>む</c><80>か</c><147>え</c><222>に</c><174>い</c><185>くよ</c>,むかえにいくよ
89.006,89.173,-1,-1,<191>迎</c><147>え</c><222>に</c><174>行</c><108>く</c><185>よ</c>,迎えに行くよ
89.006,89.173,-1,0,<191>む</c><80>か</c><147>え</c><222>に</c><174>い</c><108>く</c><185>よ</c>,むかえにいくよ
89.173,90.808,-1,-1,<191>迎</c><147>え</c><222>に</c><174>行</c><108>く</c><41>よ</c>,迎えに行くよ
89.173,90.808,-1,0,<191>む</c><80>か</c><147>え</c><222>に</c><174>い</c><108>く</c><41>よ</c>,むかえにいくよ
90.808,90.974,-1,-1,<162>ま</c><185>だ見えない明日も</c>,まだ見えない明日も
90.808,90.974,-1,0,<162>ま</c><185>だみえないあしたも</c>,まだみえないあしたも
90.974,91.175,-1,-1,<162>ま</c><167>だ</c><185>見えない明日も</c>,まだ見えない明日も
90.974,91.175,-1,0,<162>ま</c><167>だ</c><185>みえないあしたも</c>,まだみえないあしたも
91.175,91.341,-1,-1,<162>ま</c><167>だ</c><177>見</c><185>えない明日も</c>,まだ見えない明日も
91.175,91.341,-1,0,<162>ま</c><167>だ</c><177>み</c><185>えないあしたも</c>,まだみえないあしたも
91.341,93.944,-1,85,<1>歌:</c><157>夏色まつり</c><1></c><186>湊あくあ</c><1></c><29>大神ミオ</c><1></c>,歌:夏色まつり湊あくあ大神ミオ
91.341,91.675,-1,-1,<162>ま</c><167>だ</c><177>見</c><182>え</c><185>ない明日も</c>,まだ見えない明日も
91.341,91.675,-1,0,<162>ま</c><167>だ</c><177>み</c><182>え</c><185>ないあしたも</c>,まだみえないあしたも
91.675,91.809,-1,-1,<162>ま</c><167>だ</c><177>見</c><182>え</c><215>な</c><185>い明日も</c>,まだ見えない明日も
91.675,91.809,-1,0,<162>ま</c><167>だ</c><177>み</c><182>え</c><215>な</c><185>いあしたも</c>,まだみえないあしたも
91.809,92.142,-1,-1,<162>ま</c><167>だ</c><177>見</c><182>え</c><215>な</c><219>い</c><185>明日も</c>,まだ見えない明日も
91.809,92.142,-1,0,<162>ま</c><167>だ</c><177>み</c><182>え</c><215>な</c><219>い</c><185>あしたも</c>,まだみえないあしたも
92.142,92.443,-1,-1,<162>ま</c><167>だ</c><177>見</c><182>え</c><215>な</c><219>い</c><210>明</c><185>日も</c>,まだ見えない明日も
92.142,92.443,-1,0,<162>ま</c><167>だ</c><177>み</c><182>え</c><215>な</c><219>い</c><210>あ</c><185>したも</c>,まだみえないあしたも
92.443,92.81,-1,-1,<162>ま</c><167>だ</c><177>見</c><182>え</c><215>な</c><219>い</c><210>明</c><185>日も</c>,まだ見えない明日も
92.443,92.81,-1,0,<162>ま</c><167>だ</c><177>み</c><182>え</c><215>な</c><219>い</c><210>あ</c><204>し</c><185>たも</c>,まだみえないあしたも
92.81,92.943,-1,-1,<162>ま</c><167>だ</c><177>見</c><182>え</c><215>な</c><219>い</c><210>明</c><197>日</c><185>も</c>,まだ見えない明日も
92.81,92.943,-1,0,<162>ま</c><167>だ</c><177>み</c><182>え</c><215>な</c><219>い</c><210>あ</c><204>し</c><197>た</c><185>も</c>,まだみえないあしたも
92.943,93.61,-1,-1,<162>ま</c><167>だ</c><177>見</c><182>え</c><215>な</c><219>い</c><210>明</c><197>日</c><190>も</c>,まだ見えない明日も
92.943,93.61,-1,0,<162>ま</c><167>だ</c><177>み</c><182>え</c><215>な</c><219>い</c><210>あ</c><204>し</c><197>た</c><190>も</c>,まだみえないあしたも
93.61,93.944,-1,-1,<166>キ</c><185>ラメキに変えてきっと</c>,キラメキに変えてきっと
93.61,93.944,-1,0,<166>き</c><185>らめきにかえてきっと</c>,きらめきにかえてきっと
93.944,96.58,-1,85,<1>歌:</c><187>さくらみこ</c><1></c><156>不知火フレア</c><1></c><17>常闇トワ</c>,歌:さくらみこ不知火フレア常闇トワ
93.944,94.278,-1,-1,<166>キ</c><148>ラ</c><185>メキに変えてきっと</c>,キラメキに変えてきっと
93.944,94.278,-1,0,<166>き</c><148>ら</c><185>めきにかえてきっと</c>,きらめきにかえてきっと
94.278,94.445,-1,-1,<166>キ</c><148>ラ</c><133>メ</c><185>キに変えてきっと</c>,キラメキに変えてきっと
94.278,94.445,-1,0,<166>き</c><148>ら</c><133>め</c><185>きにかえてきっと</c>,きらめきにかえてきっと
94.445,94.745,-1,-1,<166>キ</c><148>ラ</c><133>メ</c><116>キ</c><185>に変えてきっと</c>,キラメキに変えてきっと
94.445,94.745,-1,0,<166>き</c><148>ら</c><133>め</c><116>き</c><185>にかえてきっと</c>,きらめきにかえてきっと
94.745,95.079,-1,-1,<166>キ</c><148>ラ</c><133>メ</c><116>キ</c><90>に</c><185>変えてきっと</c>,キラメキに変えてきっと
94.745,95.079,-1,0,<166>き</c><148>ら</c><133>め</c><116>き</c><90>に</c><185>かえてきっと</c>,きらめきにかえてきっと
95.079,95.412,-1,-1,<166>キ</c><148>ラ</c><133>メ</c><116>キ</c><90>に</c><64>変</c><185>えてきっと</c>,キラメキに変えてきっと
95.079,95.412,-1,0,<166>き</c><148>ら</c><133>め</c><116>き</c><90>に</c><64>か</c><185>えてきっと</c>,きらめきにかえてきっと
95.412,95.579,-1,-1,<166>キ</c><148>ラ</c><133>メ</c><116>キ</c><90>に</c><64>変</c><60>え</c><185>てきっと</c>,キラメキに変えてきっと
95.412,95.579,-1,0,<166>き</c><148>ら</c><133>め</c><116>き</c><90>に</c><64>か</c><60>え</c><185>てきっと</c>,きらめきにかえてきっと
95.579,95.913,-1,-1,<166>キ</c><148>ラ</c><133>メ</c><116>キ</c><90>に</c><64>変</c><60>え</c><52>て</c><185>きっと</c>,キラメキに変えてきっと
95.579,95.913,-1,0,<166>き</c><148>ら</c><133>め</c><116>き</c><90>に</c><64>か</c><60>え</c><52>て</c><185>きっと</c>,きらめきにかえてきっと
95.913,96.08,-1,-1,<166>キ</c><148>ラ</c><133>メ</c><116>キ</c><90>に</c><64>変</c><60>え</c><52>て</c><48>き</c><185>っと</c>,キラメキに変えてきっと
95.913,96.08,-1,0,<166>き</c><148>ら</c><133>め</c><116>き</c><90>に</c><64>か</c><60>え</c><52>て</c><48>き</c><185>っと</c>,きらめきにかえてきっと
96.08,96.246,-1,-1,<166>キ</c><148>ラ</c><133>メ</c><116>キ</c><90>に</c><64>変</c><60>え</c><52>て</c><48>き</c><45>っ</c><185>と</c>,キラメキに変えてきっと
96.08,96.246,-1,0,<166>き</c><148>ら</c><133>め</c><116>き</c><90>に</c><64>か</c><60>え</c><52>て</c><48>き</c><45>っ</c><185>と</c>,きらめきにかえてきっと
96.246,96.914,-1,-1,<166>キ</c><148>ラ</c><133>メ</c><116>キ</c><90>に</c><64>変</c><60>え</c><52>て</c><48>き</c><45>っ</c><41>と</c>,キラメキに変えてきっと
96.246,96.914,-1,0,<166>き</c><148>ら</c><133>め</c><116>き</c><90>に</c><64>か</c><60>え</c><52>て</c><48>き</c><45>っ</c><41>と</c>,きらめきにかえてきっと
96.914,97.247,-1,-1,<191>僕</c><185>たちが未来へと</c>,僕たちが未来へと
96.914,97.247,-1,0,<191>ぼ</c><185>くたちがみらいへと</c>,ぼくたちがみらいへと
97.247,97.514,-1,-1,<191>僕</c><185>たちが未来へと</c>,僕たちが未来へと
97.247,97.514,-1,0,<191>ぼ</c><149>く</c><185>たちがみらいへと</c>,ぼくたちがみらいへと
97.514,97.714,-1,-1,<191>僕</c><130>た</c><185>ちが未来へと</c>,僕たちが未来へと
97.514,97.714,-1,0,<191>ぼ</c><149>く</c><130>た</c><185>ちがみらいへと</c>,ぼくたちがみらいへと
97.714,97.881,-1,-1,<191>僕</c><130>た</c><107>ち</c><185>が未来へと</c>,僕たちが未来へと
97.714,97.881,-1,0,<191>ぼ</c><149>く</c><130>た</c><107>ち</c><185>がみらいへと</c>,ぼくたちがみらいへと
97.881,98.382,-1,-1,<191>僕</c><130>た</c><107>ち</c><78>が</c><185>未来へと</c>,僕たちが未来へと
97.881,98.382,-1,0,<191>ぼ</c><149>く</c><130>た</c><107>ち</c><78>が</c><185>みらいへと</c>,ぼくたちがみらいへと
98.382,98.582,-1,-1,<191>僕</c><130>た</c><107>ち</c><78>が</c><66>未</c><185>来へと</c>,僕たちが未来へと
98.382,98.582,-1,0,<191>ぼ</c><149>く</c><130>た</c><107>ち</c><78>が</c><66>み</c><185>らいへと</c>,ぼくたちがみらいへと
98.582,98.816,-1,-1,<191>僕</c><130>た</c><107>ち</c><78>が</c><66>未</c><80>来</c><185>へと</c>,僕たちが未来へと
98.582,98.816,-1,0,<191>ぼ</c><149>く</c><130>た</c><107>ち</c><78>が</c><66>み</c><80>ら</c><185>いへと</c>,ぼくたちがみらいへと
98.816,99.049,-1,-1,<191>僕</c><130>た</c><107>ち</c><78>が</c><66>未</c><80>来</c><185>へと</c>,僕たちが未来へと
98.816,99.049,-1,0,<191>ぼ</c><149>く</c><130>た</c><107>ち</c><78>が</c><66>み</c><80>ら</c><93>い</c><185>へと</c>,ぼくたちがみらいへと
99.049,99.249,-1,-1,<191>僕</c><130>た</c><107>ち</c><78>が</c><66>未</c><80>来</c><104>へ</c><185>と</c>,僕たちが未来へと
99.049,99.249,-1,0,<191>ぼ</c><149>く</c><130>た</c><107>ち</c><78>が</c><66>み</c><80>ら</c><93>い</c><104>へ</c><185>と</c>,ぼくたちがみらいへと
99.249,100.884,-1,-1,<191>僕</c><130>た</c><107>ち</c><78>が</c><66>未</c><80>来</c><104>へ</c><117>と</c>,僕たちが未来へと
99.249,100.884,-1,0,<191>ぼ</c><149>く</c><130>た</c><107>ち</c><78>が</c><66>み</c><80>ら</c><93>い</c><104>へ</c><117>と</c>,ぼくたちがみらいへと
100.884,101.218,-1,-1,<191>連</c><185>れて行くから!</c>,連れて行くから!
100.884,101.218,-1,0,<191>つ</c><185>れていくから!</c>,つれていくから!
101.218,101.452,-1,-1,<191>連</c><67>れ</c><185>て行くから!</c>,連れて行くから!
101.218,101.452,-1,0,<191>つ</c><67>れ</c><185>ていくから!</c>,つれていくから!
101.452,101.718,-1,-1,<191>連</c><67>れ</c><131>て</c><185>行くから!</c>,連れて行くから!
101.452,101.718,-1,0,<191>つ</c><67>れ</c><131>て</c><185>いくから!</c>,つれていくから!
101.718,101.852,-1,-1,<191>連</c><67>れ</c><131>て</c><177>行</c><185>くから!</c>,連れて行くから!
101.718,101.852,-1,0,<191>つ</c><67>れ</c><131>て</c><177>い</c><185>くから!</c>,つれていくから!
101.852,102.219,-1,-1,<191>連</c><67>れ</c><131>て</c><177>行</c><202>く</c><185>から!</c>,連れて行くから!
101.852,102.219,-1,0,<191>つ</c><67>れ</c><131>て</c><177>い</c><202>く</c><185>から!</c>,つれていくから!
102.219,102.386,-1,-1,<191>連</c><67>れ</c><131>て</c><177>行</c><202>く</c><170>か</c><185>ら!</c>,連れて行くから!
102.219,102.386,-1,0,<191>つ</c><67>れ</c><131>て</c><177>い</c><202>く</c><170>か</c><185>ら!</c>,つれていくから!
102.386,104.521,-1,-1,<191>連</c><67>れ</c><131>て</c><177>行</c><202>く</c><170>か</c><84>ら</c><41>!</c>,連れて行くから!
102.386,104.521,-1,0,<191>つ</c><67>れ</c><131>て</c><177>い</c><202>く</c><170>か</c><84>ら</c><41>!</c>,つれていくから!
