start,end,position,line,text,unformatted
11.295,11.695,-1,78,<105></c><1>少</c><205>しずつ近づいているよ　夢に見たトキメキ</c><105></c>,少しずつ近づいているよ　夢に見たトキメキ
11.295,11.695,59,0,<105></c><1>す</c><205>こしずつちかづいているよゆめにみたときめき</c><105></c>,すこしずつちかづいているよゆめにみたときめき
11.695,12.062,-1,78,<105></c><1>少</c><205>しずつ近づいているよ　夢に見たトキメキ</c><105></c>,少しずつ近づいているよ　夢に見たトキメキ
11.695,12.062,61,0,<105></c><1>す</c><15>こ</c><205>しずつちかづいているよゆめにみたときめき</c><105></c>,すこしずつちかづいているよゆめにみたときめき
12.062,12.596,-1,78,<105></c><1>少</c><34>し</c><205>ずつ近づいているよ　夢に見たトキメキ</c><105></c>,少しずつ近づいているよ　夢に見たトキメキ
12.062,12.596,63,0,<105></c><1>す</c><15>こ</c><34>し</c><205>ずつちかづいているよゆめにみたときめき</c><105></c>,すこしずつちかづいているよゆめにみたときめき
12.596,12.796,-1,78,<105></c><1>少</c><34>し</c><56>ず</c><205>つ近づいているよ　夢に見たトキメキ</c><105></c>,少しずつ近づいているよ　夢に見たトキメキ
12.596,12.796,64,0,<105></c><1>す</c><15>こ</c><34>し</c><56>ず</c><205>つちかづいているよゆめにみたときめき</c><105></c>,すこしずつちかづいているよゆめにみたときめき
12.796,14.198,-1,78,<105></c><1>少</c><34>し</c><56>ず</c><123>つ</c><205>近づいているよ　夢に見たトキメキ</c><105></c>,少しずつ近づいているよ　夢に見たトキメキ
12.796,14.198,66,0,<105></c><1>す</c><15>こ</c><34>し</c><56>ず</c><123>つ</c><205>ちかづいているよゆめにみたときめき</c><105></c>,すこしずつちかづいているよゆめにみたときめき
14.198,14.565,-1,78,<105></c><1>少</c><34>し</c><56>ず</c><123>つ</c><167>近</c><205>づいているよ　夢に見たトキメキ</c><105></c>,少しずつ近づいているよ　夢に見たトキメキ
14.198,14.565,67,0,<105></c><1>す</c><15>こ</c><34>し</c><56>ず</c><123>つ</c><167>ち</c><205>かづいているよゆめにみたときめき</c><105></c>,すこしずつちかづいているよゆめにみたときめき
14.565,14.932,-1,78,<105></c><1>少</c><34>し</c><56>ず</c><123>つ</c><167>近</c><205>づいているよ　夢に見たトキメキ</c><105></c>,少しずつ近づいているよ　夢に見たトキメキ
14.565,14.932,69,0,<105></c><1>す</c><15>こ</c><34>し</c><56>ず</c><123>つ</c><167>ち</c><164>か</c><205>づいているよゆめにみたときめき</c><105></c>,すこしずつちかづいているよゆめにみたときめき
14.932,15.432,-1,78,<105></c><1>少</c><34>し</c><56>ず</c><123>つ</c><167>近</c><143>づ</c><205>いているよ　夢に見たトキメキ</c><105></c>,少しずつ近づいているよ　夢に見たトキメキ
14.932,15.432,70,0,<105></c><1>す</c><15>こ</c><34>し</c><56>ず</c><123>つ</c><167>ち</c><164>か</c><143>づ</c><205>いているよゆめにみたときめき</c><105></c>,すこしずつちかづいているよゆめにみたときめき
15.432,15.632,-1,78,<105></c><1>少</c><34>し</c><56>ず</c><123>つ</c><167>近</c><143>づ</c><128>い</c><205>ているよ　夢に見たトキメキ</c><105></c>,少しずつ近づいているよ　夢に見たトキメキ
15.432,15.632,72,0,<105></c><1>す</c><15>こ</c><34>し</c><56>ず</c><123>つ</c><167>ち</c><164>か</c><143>づ</c><128>い</c><205>ているよゆめにみたときめき</c><105></c>,すこしずつちかづいているよゆめにみたときめき
15.632,17.067,56,78,<105></c><1>少</c><34>し</c><56>ず</c><123>つ</c><167>近</c><143>づ</c><128>い</c><110>て</c><205>いるよ　夢に見たトキメキ</c><105></c>,少しずつ近づいているよ　夢に見たトキメキ
15.632,17.067,73,0,<105></c><1>す</c><15>こ</c><34>し</c><56>ず</c><123>つ</c><167>ち</c><164>か</c><143>づ</c><128>い</c><110>て</c><205>いるよゆめにみたときめき</c><105></c>,すこしずつちかづいているよゆめにみたときめき
17.067,17.434,58,78,<105></c><1>少</c><34>し</c><56>ず</c><123>つ</c><167>近</c><143>づ</c><128>い</c><110>て</c><79>い</c><205>るよ　夢に見たトキメキ</c><105></c>,少しずつ近づいているよ　夢に見たトキメキ
17.067,17.434,75,0,<105></c><1>す</c><15>こ</c><34>し</c><56>ず</c><123>つ</c><167>ち</c><164>か</c><143>づ</c><128>い</c><110>て</c><79>い</c><205>るよゆめにみたときめき</c><105></c>,すこしずつちかづいているよゆめにみたときめき
17.434,17.801,59,78,<105></c><1>少</c><34>し</c><56>ず</c><123>つ</c><167>近</c><143>づ</c><128>い</c><110>て</c><79>い</c><61>る</c><205>よ　夢に見たトキメキ</c><105></c>,少しずつ近づいているよ　夢に見たトキメキ
17.434,17.801,77,0,<105></c><1>す</c><15>こ</c><34>し</c><56>ず</c><123>つ</c><167>ち</c><164>か</c><143>づ</c><128>い</c><110>て</c><79>い</c><61>る</c><205>よゆめにみたときめき</c><105></c>,すこしずつちかづいているよゆめにみたときめき
17.801,18.502,61,78,<105></c><1>少</c><34>し</c><56>ず</c><123>つ</c><167>近</c><143>づ</c><128>い</c><110>て</c><79>い</c><61>る</c><67>よ　</c><205>夢に見たトキメキ</c><105></c>,少しずつ近づいているよ　夢に見たトキメキ
17.801,18.502,78,0,<105></c><1>す</c><15>こ</c><34>し</c><56>ず</c><123>つ</c><167>ち</c><164>か</c><143>づ</c><128>い</c><110>て</c><79>い</c><61>る</c><67>よ</c><205>ゆめにみたときめき</c><105></c>,すこしずつちかづいているよゆめにみたときめき
18.502,18.869,63,78,<105></c><1>少</c><34>し</c><56>ず</c><123>つ</c><167>近</c><143>づ</c><128>い</c><110>て</c><79>い</c><61>る</c><67>よ　</c><73>夢</c><205>に見たトキメキ</c><105></c>,少しずつ近づいているよ　夢に見たトキメキ
18.502,18.869,80,0,<105></c><1>す</c><15>こ</c><34>し</c><56>ず</c><123>つ</c><167>ち</c><164>か</c><143>づ</c><128>い</c><110>て</c><79>い</c><61>る</c><67>よ</c><73>ゆ</c><205>めにみたときめき</c><105></c>,すこしずつちかづいているよゆめにみたときめき
18.869,19.236,63,78,<105></c><1>少</c><34>し</c><56>ず</c><123>つ</c><167>近</c><143>づ</c><128>い</c><110>て</c><79>い</c><61>る</c><67>よ　</c><73>夢</c><205>に見たトキメキ</c><105></c>,少しずつ近づいているよ　夢に見たトキメキ
18.869,19.236,81,0,<105></c><1>す</c><15>こ</c><34>し</c><56>ず</c><123>つ</c><167>ち</c><164>か</c><143>づ</c><128>い</c><110>て</c><79>い</c><61>る</c><67>よ</c><73>ゆ</c><80>め</c><205>にみたときめき</c><105></c>,すこしずつちかづいているよゆめにみたときめき
19.236,19.737,64,78,<105></c><1>少</c><34>し</c><56>ず</c><123>つ</c><167>近</c><143>づ</c><128>い</c><110>て</c><79>い</c><61>る</c><67>よ　</c><73>夢</c><87>に</c><205>見たトキメキ</c><105></c>,少しずつ近づいているよ　夢に見たトキメキ
19.236,19.737,83,0,<105></c><1>す</c><15>こ</c><34>し</c><56>ず</c><123>つ</c><167>ち</c><164>か</c><143>づ</c><128>い</c><110>て</c><79>い</c><61>る</c><67>よ</c><73>ゆ</c><80>め</c><87>に</c><205>みたときめき</c><105></c>,すこしずつちかづいているよゆめにみたときめき
19.737,19.937,66,78,<105></c><1>少</c><34>し</c><56>ず</c><123>つ</c><167>近</c><143>づ</c><128>い</c><110>て</c><79>い</c><61>る</c><67>よ　</c><73>夢</c><87>に</c><96>見</c><205>たトキメキ</c><105></c>,少しずつ近づいているよ　夢に見たトキメキ
19.737,19.937,84,0,<105></c><1>す</c><15>こ</c><34>し</c><56>ず</c><123>つ</c><167>ち</c><164>か</c><143>づ</c><128>い</c><110>て</c><79>い</c><61>る</c><67>よ</c><73>ゆ</c><80>め</c><87>に</c><96>み</c><205>たときめき</c><105></c>,すこしずつちかづいているよゆめにみたときめき
19.937,21.005,67,78,<105></c><1>少</c><34>し</c><56>ず</c><123>つ</c><167>近</c><143>づ</c><128>い</c><110>て</c><79>い</c><61>る</c><67>よ　</c><73>夢</c><87>に</c><96>見</c><119>た</c><205>トキメキ</c><105></c>,少しずつ近づいているよ　夢に見たトキメキ
19.937,21.005,86,0,<105></c><1>す</c><15>こ</c><34>し</c><56>ず</c><123>つ</c><167>ち</c><164>か</c><143>づ</c><128>い</c><110>て</c><79>い</c><61>る</c><67>よ</c><73>ゆ</c><80>め</c><87>に</c><96>み</c><119>た</c><205>ときめき</c><105></c>,すこしずつちかづいているよゆめにみたときめき
21.005,21.338,69,78,<105></c><1>少</c><34>し</c><56>ず</c><123>つ</c><167>近</c><143>づ</c><128>い</c><110>て</c><79>い</c><61>る</c><67>よ　</c><73>夢</c><87>に</c><96>見</c><119>た</c><138>ト</c><205>キメキ</c><105></c>,少しずつ近づいているよ　夢に見たトキメキ
21.005,21.338,88,0,<105></c><1>す</c><15>こ</c><34>し</c><56>ず</c><123>つ</c><167>ち</c><164>か</c><143>づ</c><128>い</c><110>て</c><79>い</c><61>る</c><67>よ</c><73>ゆ</c><80>め</c><87>に</c><96>み</c><119>た</c><138>と</c><205>きめき</c><105></c>,すこしずつちかづいているよゆめにみたときめき
21.338,21.705,70,78,<105></c><1>少</c><34>し</c><56>ず</c><123>つ</c><167>近</c><143>づ</c><128>い</c><110>て</c><79>い</c><61>る</c><67>よ　</c><73>夢</c><87>に</c><96>見</c><119>た</c><138>ト</c><158>キ</c><205>メキ</c><105></c>,少しずつ近づいているよ　夢に見たトキメキ
21.338,21.705,89,0,<105></c><1>す</c><15>こ</c><34>し</c><56>ず</c><123>つ</c><167>ち</c><164>か</c><143>づ</c><128>い</c><110>て</c><79>い</c><61>る</c><67>よ</c><73>ゆ</c><80>め</c><87>に</c><96>み</c><119>た</c><138>と</c><158>き</c><205>めき</c><105></c>,すこしずつちかづいているよゆめにみたときめき
21.705,22.072,72,78,<105></c><1>少</c><34>し</c><56>ず</c><123>つ</c><167>近</c><143>づ</c><128>い</c><110>て</c><79>い</c><61>る</c><67>よ　</c><73>夢</c><87>に</c><96>見</c><119>た</c><138>ト</c><158>キ</c><179>メ</c><205>キ</c><105></c>,少しずつ近づいているよ　夢に見たトキメキ
21.705,22.072,91,0,<105></c><1>す</c><15>こ</c><34>し</c><56>ず</c><123>つ</c><167>ち</c><164>か</c><143>づ</c><128>い</c><110>て</c><79>い</c><61>る</c><67>よ</c><73>ゆ</c><80>め</c><87>に</c><96>み</c><119>た</c><138>と</c><158>き</c><179>め</c><205>き</c><105></c>,すこしずつちかづいているよゆめにみたときめき
22.072,22.806,72,78,<105></c><1>少</c><34>し</c><56>ず</c><123>つ</c><167>近</c><143>づ</c><128>い</c><110>て</c><79>い</c><61>る</c><67>よ　</c><73>夢</c><87>に</c><96>見</c><119>た</c><138>ト</c><158>キ</c><179>メ</c><206>キ</c><105></c>,少しずつ近づいているよ　夢に見たトキメキ
22.072,22.806,91,0,<105></c><1>す</c><15>こ</c><34>し</c><56>ず</c><123>つ</c><167>ち</c><164>か</c><143>づ</c><128>い</c><110>て</c><79>い</c><61>る</c><67>よ</c><73>ゆ</c><80>め</c><87>に</c><96>み</c><119>た</c><138>と</c><158>き</c><179>め</c><206>き</c><105></c>,すこしずつちかづいているよゆめにみたときめき
22.806,22.973,-1,78,<105></c><226>広</c><205>がってく世界中に</c><105></c>,広がってく世界中に
22.806,22.973,-1,0,<105></c><226>ひ</c><205>ろがってくせかいじゅうに</c><105></c>,ひろがってくせかいじゅうに
22.973,23.173,-1,78,<105></c><226>広</c><205>がってく世界中に</c><105></c>,広がってく世界中に
22.973,23.173,-1,0,<105></c><226>ひ</c><202>ろ</c><205>がってくせかいじゅうに</c><105></c>,ひろがってくせかいじゅうに
23.173,23.54,-1,78,<105></c><226>広</c><191>が</c><205>ってく世界中に</c><105></c>,広がってく世界中に
23.173,23.54,-1,0,<105></c><226>ひ</c><202>ろ</c><189>が</c><205>ってくせかいじゅうに</c><105></c>,ひろがってくせかいじゅうに
23.54,24.074,-1,78,<105></c><226>広</c><191>が</c><185>っ</c><205>てく世界中に</c><105></c>,広がってく世界中に
23.54,24.074,-1,0,<105></c><226>ひ</c><202>ろ</c><189>が</c><184>っ</c><205>てくせかいじゅうに</c><105></c>,ひろがってくせかいじゅうに
24.074,24.241,-1,78,<105></c><226>広</c><191>が</c><185>っ</c><170>て</c><205>く世界中に</c><105></c>,広がってく世界中に
24.074,24.241,-1,0,<105></c><226>ひ</c><202>ろ</c><189>が</c><184>っ</c><182>て</c><205>くせかいじゅうに</c><105></c>,ひろがってくせかいじゅうに
24.241,25.676,-1,78,<105></c><226>広</c><191>が</c><185>っ</c><170>て</c><103>く</c><205>世界中に</c><105></c>,広がってく世界中に
24.241,25.676,-1,0,<105></c><226>ひ</c><202>ろ</c><189>が</c><184>っ</c><182>て</c><131>く</c><205>せかいじゅうに</c><105></c>,ひろがってくせかいじゅうに
25.676,25.843,-1,78,<105></c><226>広</c><191>が</c><185>っ</c><170>て</c><103>く</c><35>世</c><205>界中に</c><105></c>,広がってく世界中に
25.676,25.843,-1,0,<105></c><226>ひ</c><202>ろ</c><189>が</c><184>っ</c><182>て</c><131>く</c><53>せ</c><205>かいじゅうに</c><105></c>,ひろがってくせかいじゅうに
25.843,26.043,-1,78,<105></c><226>広</c><191>が</c><185>っ</c><170>て</c><103>く</c><35>世</c><8>界</c><205>中に</c><105></c>,広がってく世界中に
25.843,26.043,-1,0,<105></c><226>ひ</c><202>ろ</c><189>が</c><184>っ</c><182>て</c><131>く</c><53>せ</c><24>か</c><205>いじゅうに</c><105></c>,ひろがってくせかいじゅうに
26.043,26.377,-1,78,<105></c><226>広</c><191>が</c><185>っ</c><170>て</c><103>く</c><35>世</c><8>界</c><205>中に</c><105></c>,広がってく世界中に
26.043,26.377,-1,0,<105></c><226>ひ</c><202>ろ</c><189>が</c><184>っ</c><182>て</c><131>く</c><53>せ</c><24>か</c><2>い</c><205>じゅうに</c><105></c>,ひろがってくせかいじゅうに
26.377,26.944,-1,78,<105></c><226>広</c><191>が</c><185>っ</c><170>て</c><103>く</c><35>世</c><8>界</c><36>中</c><205>に</c><105></c>,広がってく世界中に
26.377,26.944,-1,0,<105></c><226>ひ</c><202>ろ</c><189>が</c><184>っ</c><182>て</c><131>く</c><53>せ</c><24>か</c><2>い</c><19>じ</c><42>ゅ</c><205>うに</c><105></c>,ひろがってくせかいじゅうに
26.944,27.111,-1,78,<105></c><226>広</c><191>が</c><185>っ</c><170>て</c><103>く</c><35>世</c><8>界</c><36>中</c><205>に</c><105></c>,広がってく世界中に
26.944,27.111,-1,0,<105></c><226>ひ</c><202>ろ</c><189>が</c><184>っ</c><182>て</c><131>く</c><53>せ</c><24>か</c><2>い</c><19>じ</c><42>ゅ</c><94>う</c><205>に</c><105></c>,ひろがってくせかいじゅうに
27.111,28.479,-1,78,<105></c><226>広</c><191>が</c><185>っ</c><170>て</c><103>く</c><35>世</c><8>界</c><36>中</c><142>に</c><105></c>,広がってく世界中に
27.111,28.479,-1,0,<105></c><226>ひ</c><202>ろ</c><189>が</c><184>っ</c><182>て</c><131>く</c><53>せ</c><24>か</c><2>い</c><19>じ</c><42>ゅ</c><94>う</c><142>に</c><105></c>,ひろがってくせかいじゅうに
28.479,28.746,-1,78,<105></c><226>皆</c><205>を笑顔にさせるキラメキを</c><105></c>,皆を笑顔にさせるキラメキを
28.479,28.746,-1,0,<105></c><226>み</c><205>んなをえがおにさせるきらめきを</c><105></c>,みんなをえがおにさせるきらめきを
28.746,29.013,-1,78,<105></c><226>皆</c><205>を笑顔にさせるキラメキを</c><105></c>,皆を笑顔にさせるキラメキを
28.746,29.013,-1,0,<105></c><226>み</c><201>ん</c><205>なをえがおにさせるきらめきを</c><105></c>,みんなをえがおにさせるきらめきを
29.013,29.213,-1,78,<105></c><226>皆</c><205>を笑顔にさせるキラメキを</c><105></c>,皆を笑顔にさせるキラメキを
29.013,29.213,-1,0,<105></c><226>み</c><201>ん</c><198>な</c><205>をえがおにさせるきらめきを</c><105></c>,みんなをえがおにさせるきらめきを
29.213,29.947,-1,78,<105></c><226>皆</c><192>を</c><205>笑顔にさせるキラメキを</c><105></c>,皆を笑顔にさせるキラメキを
29.213,29.947,-1,0,<105></c><226>み</c><201>ん</c><198>な</c><192>を</c><205>えがおにさせるきらめきを</c><105></c>,みんなをえがおにさせるきらめきを
29.947,30.214,-1,78,<105></c><226>皆</c><192>を</c><186>笑</c><205>顔にさせるキラメキを</c><105></c>,皆を笑顔にさせるキラメキを
29.947,30.214,-1,0,<105></c><226>み</c><201>ん</c><198>な</c><192>を</c><186>え</c><205>がおにさせるきらめきを</c><105></c>,みんなをえがおにさせるきらめきを
30.214,30.447,-1,78,<105></c><226>皆</c><192>を</c><186>笑</c><182>顔</c><205>にさせるキラメキを</c><105></c>,皆を笑顔にさせるキラメキを
30.214,30.447,56,0,<105></c><226>み</c><201>ん</c><198>な</c><192>を</c><186>え</c><182>が</c><205>おにさせるきらめきを</c><105></c>,みんなをえがおにさせるきらめきを
30.447,30.681,-1,78,<105></c><226>皆</c><192>を</c><186>笑</c><182>顔</c><205>にさせるキラメキを</c><105></c>,皆を笑顔にさせるキラメキを
30.447,30.681,58,0,<105></c><226>み</c><201>ん</c><198>な</c><192>を</c><186>え</c><182>が</c><141>お</c><205>にさせるきらめきを</c><105></c>,みんなをえがおにさせるきらめきを
30.681,31.348,-1,78,<105></c><226>皆</c><192>を</c><186>笑</c><182>顔</c><92>に</c><205>させるキラメキを</c><105></c>,皆を笑顔にさせるキラメキを
30.681,31.348,59,0,<105></c><226>み</c><201>ん</c><198>な</c><192>を</c><186>え</c><182>が</c><141>お</c><92>に</c><205>させるきらめきを</c><105></c>,みんなをえがおにさせるきらめきを
31.348,31.615,-1,78,<105></c><226>皆</c><192>を</c><186>笑</c><182>顔</c><92>に</c><41>さ</c><205>せるキラメキを</c><105></c>,皆を笑顔にさせるキラメキを
31.348,31.615,61,0,<105></c><226>み</c><201>ん</c><198>な</c><192>を</c><186>え</c><182>が</c><141>お</c><92>に</c><41>さ</c><205>せるきらめきを</c><105></c>,みんなをえがおにさせるきらめきを
31.615,31.915,-1,78,<105></c><226>皆</c><192>を</c><186>笑</c><182>顔</c><92>に</c><41>さ</c><18>せ</c><205>るキラメキを</c><105></c>,皆を笑顔にさせるキラメキを
31.615,31.915,63,0,<105></c><226>み</c><201>ん</c><198>な</c><192>を</c><186>え</c><182>が</c><141>お</c><92>に</c><41>さ</c><18>せ</c><205>るきらめきを</c><105></c>,みんなをえがおにさせるきらめきを
31.915,32.082,-1,78,<105></c><226>皆</c><192>を</c><186>笑</c><182>顔</c><92>に</c><41>さ</c><18>せ</c><2>る</c><205>キラメキを</c><105></c>,皆を笑顔にさせるキラメキを
31.915,32.082,64,0,<105></c><226>み</c><201>ん</c><198>な</c><192>を</c><186>え</c><182>が</c><141>お</c><92>に</c><41>さ</c><18>せ</c><2>る</c><205>きらめきを</c><105></c>,みんなをえがおにさせるきらめきを
32.082,32.416,-1,78,<105></c><226>皆</c><192>を</c><186>笑</c><182>顔</c><92>に</c><41>さ</c><18>せ</c><2>る</c><14>キ</c><205>ラメキを</c><105></c>,皆を笑顔にさせるキラメキを
32.082,32.416,66,0,<105></c><226>み</c><201>ん</c><198>な</c><192>を</c><186>え</c><182>が</c><141>お</c><92>に</c><41>さ</c><18>せ</c><2>る</c><14>き</c><205>らめきを</c><105></c>,みんなをえがおにさせるきらめきを
32.416,32.616,-1,78,<105></c><226>皆</c><192>を</c><186>笑</c><182>顔</c><92>に</c><41>さ</c><18>せ</c><2>る</c><14>キ</c><31>ラ</c><205>メキを</c><105></c>,皆を笑顔にさせるキラメキを
32.416,32.616,67,0,<105></c><226>み</c><201>ん</c><198>な</c><192>を</c><186>え</c><182>が</c><141>お</c><92>に</c><41>さ</c><18>せ</c><2>る</c><14>き</c><31>ら</c><205>めきを</c><105></c>,みんなをえがおにさせるきらめきを
32.616,32.95,-1,78,<105></c><226>皆</c><192>を</c><186>笑</c><182>顔</c><92>に</c><41>さ</c><18>せ</c><2>る</c><14>キ</c><31>ラ</c><49>メ</c><205>キを</c><105></c>,皆を笑顔にさせるキラメキを
32.616,32.95,69,0,<105></c><226>み</c><201>ん</c><198>な</c><192>を</c><186>え</c><182>が</c><141>お</c><92>に</c><41>さ</c><18>せ</c><2>る</c><14>き</c><31>ら</c><49>め</c><205>きを</c><105></c>,みんなをえがおにさせるきらめきを
32.95,33.317,-1,78,<105></c><226>皆</c><192>を</c><186>笑</c><182>顔</c><92>に</c><41>さ</c><18>せ</c><2>る</c><14>キ</c><31>ラ</c><49>メ</c><107>キ</c><205>を</c><105></c>,皆を笑顔にさせるキラメキを
32.95,33.317,70,0,<105></c><226>み</c><201>ん</c><198>な</c><192>を</c><186>え</c><182>が</c><141>お</c><92>に</c><41>さ</c><18>せ</c><2>る</c><14>き</c><31>ら</c><49>め</c><107>き</c><205>を</c><105></c>,みんなをえがおにさせるきらめきを
33.317,34.385,-1,78,<105></c><226>皆</c><192>を</c><186>笑</c><182>顔</c><92>に</c><41>さ</c><18>せ</c><2>る</c><14>キ</c><31>ラ</c><49>メ</c><107>キ</c><142>を</c><105></c>,皆を笑顔にさせるキラメキを
33.317,34.385,70,0,<105></c><226>み</c><201>ん</c><198>な</c><192>を</c><186>え</c><182>が</c><141>お</c><92>に</c><41>さ</c><18>せ</c><2>る</c><14>き</c><31>ら</c><49>め</c><107>き</c><142>を</c><105></c>,みんなをえがおにさせるきらめきを
34.385,34.585,-1,78,<105></c><1>一</c><205>人じゃないからライバルがいるから</c><105></c>,一人じゃないからライバルがいるから
34.385,34.585,-1,0,<105></c><1>ひ</c><205>とりじゃないかららいばるがいるから</c><105></c>,ひとりじゃないかららいばるがいるから
34.585,34.785,-1,78,<105></c><1>一</c><205>人じゃないからライバルがいるから</c><105></c>,一人じゃないからライバルがいるから
34.585,34.785,-1,0,<105></c><1>ひ</c><20>と</c><205>りじゃないかららいばるがいるから</c><105></c>,ひとりじゃないかららいばるがいるから
34.785,34.952,-1,78,<105></c><1>一</c><44>人</c><205>じゃないからライバルがいるから</c><105></c>,一人じゃないからライバルがいるから
34.785,34.952,-1,0,<105></c><1>ひ</c><20>と</c><44>り</c><205>じゃないかららいばるがいるから</c><105></c>,ひとりじゃないかららいばるがいるから
34.952,35.319,-1,78,<105></c><1>一</c><44>人</c><111>じ</c><163>ゃ</c><205>ないからライバルがいるから</c><105></c>,一人じゃないからライバルがいるから
34.952,35.319,58,0,<105></c><1>ひ</c><20>と</c><44>り</c><111>じ</c><163>ゃ</c><205>ないかららいばるがいるから</c><105></c>,ひとりじゃないかららいばるがいるから
35.319,35.486,-1,78,<105></c><1>一</c><44>人</c><111>じ</c><163>ゃ</c><160>な</c><205>いからライバルがいるから</c><105></c>,一人じゃないからライバルがいるから
35.319,35.486,59,0,<105></c><1>ひ</c><20>と</c><44>り</c><111>じ</c><163>ゃ</c><160>な</c><205>いかららいばるがいるから</c><105></c>,ひとりじゃないかららいばるがいるから
35.486,35.853,-1,78,<105></c><1>一</c><44>人</c><111>じ</c><163>ゃ</c><160>な</c><137>い</c><205>からライバルがいるから</c><105></c>,一人じゃないからライバルがいるから
35.486,35.853,61,0,<105></c><1>ひ</c><20>と</c><44>り</c><111>じ</c><163>ゃ</c><160>な</c><137>い</c><205>かららいばるがいるから</c><105></c>,ひとりじゃないかららいばるがいるから
35.853,36.22,-1,78,<105></c><1>一</c><44>人</c><111>じ</c><163>ゃ</c><160>な</c><137>い</c><117>か</c><205>らライバルがいるから</c><105></c>,一人じゃないからライバルがいるから
35.853,36.22,63,0,<105></c><1>ひ</c><20>と</c><44>り</c><111>じ</c><163>ゃ</c><160>な</c><137>い</c><117>か</c><205>ららいばるがいるから</c><105></c>,ひとりじゃないかららいばるがいるから
36.22,37.087,-1,78,<105></c><1>一</c><44>人</c><111>じ</c><163>ゃ</c><160>な</c><137>い</c><117>か</c><89>ら</c><205>ライバルがいるから</c><105></c>,一人じゃないからライバルがいるから
36.22,37.087,64,0,<105></c><1>ひ</c><20>と</c><44>り</c><111>じ</c><163>ゃ</c><160>な</c><137>い</c><117>か</c><89>ら</c><205>らいばるがいるから</c><105></c>,ひとりじゃないかららいばるがいるから
37.087,37.254,-1,78,<105></c><1>一</c><44>人</c><111>じ</c><163>ゃ</c><160>な</c><137>い</c><117>か</c><89>ら</c><63>ラ</c><205>イバルがいるから</c><105></c>,一人じゃないからライバルがいるから
37.087,37.254,66,0,<105></c><1>ひ</c><20>と</c><44>り</c><111>じ</c><163>ゃ</c><160>な</c><137>い</c><117>か</c><89>ら</c><63>ら</c><205>いばるがいるから</c><105></c>,ひとりじゃないかららいばるがいるから
37.254,37.454,-1,78,<105></c><1>一</c><44>人</c><111>じ</c><163>ゃ</c><160>な</c><137>い</c><117>か</c><89>ら</c><63>ラ</c><70>イ</c><205>バルがいるから</c><105></c>,一人じゃないからライバルがいるから
37.254,37.454,67,0,<105></c><1>ひ</c><20>と</c><44>り</c><111>じ</c><163>ゃ</c><160>な</c><137>い</c><117>か</c><89>ら</c><63>ら</c><70>い</c><205>ばるがいるから</c><105></c>,ひとりじゃないかららいばるがいるから
37.454,37.621,56,78,<105></c><1>一</c><44>人</c><111>じ</c><163>ゃ</c><160>な</c><137>い</c><117>か</c><89>ら</c><63>ラ</c><70>イ</c><77>バ</c><205>ルがいるから</c><105></c>,一人じゃないからライバルがいるから
37.454,37.621,69,0,<105></c><1>ひ</c><20>と</c><44>り</c><111>じ</c><163>ゃ</c><160>な</c><137>い</c><117>か</c><89>ら</c><63>ら</c><70>い</c><77>ば</c><205>るがいるから</c><105></c>,ひとりじゃないかららいばるがいるから
37.621,37.821,58,78,<105></c><1>一</c><44>人</c><111>じ</c><163>ゃ</c><160>な</c><137>い</c><117>か</c><89>ら</c><63>ラ</c><70>イ</c><77>バ</c><85>ル</c><205>がいるから</c><105></c>,一人じゃないからライバルがいるから
37.621,37.821,70,0,<105></c><1>ひ</c><20>と</c><44>り</c><111>じ</c><163>ゃ</c><160>な</c><137>い</c><117>か</c><89>ら</c><63>ら</c><70>い</c><77>ば</c><85>る</c><205>がいるから</c><105></c>,ひとりじゃないかららいばるがいるから
37.821,38.155,59,78,<105></c><1>一</c><44>人</c><111>じ</c><163>ゃ</c><160>な</c><137>い</c><117>か</c><89>ら</c><63>ラ</c><70>イ</c><77>バ</c><85>ル</c><98>が</c><205>いるから</c><105></c>,一人じゃないからライバルがいるから
37.821,38.155,72,0,<105></c><1>ひ</c><20>と</c><44>り</c><111>じ</c><163>ゃ</c><160>な</c><137>い</c><117>か</c><89>ら</c><63>ら</c><70>い</c><77>ば</c><85>る</c><98>が</c><205>いるから</c><105></c>,ひとりじゃないかららいばるがいるから
38.155,38.355,61,78,<105></c><1>一</c><44>人</c><111>じ</c><163>ゃ</c><160>な</c><137>い</c><117>か</c><89>ら</c><63>ラ</c><70>イ</c><77>バ</c><85>ル</c><98>が</c><125>い</c><205>るから</c><105></c>,一人じゃないからライバルがいるから
38.155,38.355,73,0,<105></c><1>ひ</c><20>と</c><44>り</c><111>じ</c><163>ゃ</c><160>な</c><137>い</c><117>か</c><89>ら</c><63>ら</c><70>い</c><77>ば</c><85>る</c><98>が</c><125>い</c><205>るから</c><105></c>,ひとりじゃないかららいばるがいるから
38.355,38.689,63,78,<105></c><1>一</c><44>人</c><111>じ</c><163>ゃ</c><160>な</c><137>い</c><117>か</c><89>ら</c><63>ラ</c><70>イ</c><77>バ</c><85>ル</c><98>が</c><125>い</c><148>る</c><205>から</c><105></c>,一人じゃないからライバルがいるから
38.355,38.689,75,0,<105></c><1>ひ</c><20>と</c><44>り</c><111>じ</c><163>ゃ</c><160>な</c><137>い</c><117>か</c><89>ら</c><63>ら</c><70>い</c><77>ば</c><85>る</c><98>が</c><125>い</c><148>る</c><205>から</c><105></c>,ひとりじゃないかららいばるがいるから
38.689,39.056,64,78,<105></c><1>一</c><44>人</c><111>じ</c><163>ゃ</c><160>な</c><137>い</c><117>か</c><89>ら</c><63>ラ</c><70>イ</c><77>バ</c><85>ル</c><98>が</c><125>い</c><148>る</c><175>か</c><205>ら</c><105></c>,一人じゃないからライバルがいるから
38.689,39.056,77,0,<105></c><1>ひ</c><20>と</c><44>り</c><111>じ</c><163>ゃ</c><160>な</c><137>い</c><117>か</c><89>ら</c><63>ら</c><70>い</c><77>ば</c><85>る</c><98>が</c><125>い</c><148>る</c><175>か</c><205>ら</c><105></c>,ひとりじゃないかららいばるがいるから
39.056,39.957,64,78,<105></c><1>一</c><44>人</c><111>じ</c><163>ゃ</c><160>な</c><137>い</c><117>か</c><89>ら</c><63>ラ</c><70>イ</c><77>バ</c><85>ル</c><98>が</c><125>い</c><148>る</c><175>か</c><206>ら</c><105></c>,一人じゃないからライバルがいるから
39.056,39.957,77,0,<105></c><1>ひ</c><20>と</c><44>り</c><111>じ</c><163>ゃ</c><160>な</c><137>い</c><117>か</c><89>ら</c><63>ら</c><70>い</c><77>ば</c><85>る</c><98>が</c><125>い</c><148>る</c><175>か</c><206>ら</c><105></c>,ひとりじゃないかららいばるがいるから
39.957,40.324,-1,78,<105></c><226>競</c><205>い合うことすら</c><105></c>,競い合うことすら
39.957,40.324,-1,0,<105></c><226>き</c><205>そいあうことすら</c><105></c>,きそいあうことすら
40.324,40.691,-1,78,<105></c><226>競</c><205>い合うことすら</c><105></c>,競い合うことすら
40.324,40.691,-1,0,<105></c><226>き</c><196>そ</c><205>いあうことすら</c><105></c>,きそいあうことすら
40.691,41.392,-1,78,<105></c><226>競</c><184>い</c><205>合うことすら</c><105></c>,競い合うことすら
40.691,41.392,-1,0,<105></c><226>き</c><196>そ</c><184>い</c><205>あうことすら</c><105></c>,きそいあうことすら
41.392,41.658,-1,78,<105></c><226>競</c><184>い</c><161>合</c><205>うことすら</c><105></c>,競い合うことすら
41.392,41.658,-1,0,<105></c><226>き</c><196>そ</c><184>い</c><161>あ</c><205>うことすら</c><105></c>,きそいあうことすら
41.658,41.925,-1,78,<105></c><226>競</c><184>い</c><161>合</c><53>う</c><205>ことすら</c><105></c>,競い合うことすら
41.658,41.925,-1,0,<105></c><226>き</c><196>そ</c><184>い</c><161>あ</c><53>う</c><205>ことすら</c><105></c>,きそいあうことすら
41.925,42.092,-1,78,<105></c><226>競</c><184>い</c><161>合</c><53>う</c><11>こ</c><205>とすら</c><105></c>,競い合うことすら
41.925,42.092,-1,0,<105></c><226>き</c><196>そ</c><184>い</c><161>あ</c><53>う</c><11>こ</c><205>とすら</c><105></c>,きそいあうことすら
42.092,42.393,-1,78,<105></c><226>競</c><184>い</c><161>合</c><53>う</c><11>こ</c><19>と</c><205>すら</c><105></c>,競い合うことすら
42.092,42.393,-1,0,<105></c><226>き</c><196>そ</c><184>い</c><161>あ</c><53>う</c><11>こ</c><19>と</c><205>すら</c><105></c>,きそいあうことすら
42.393,42.659,-1,78,<105></c><226>競</c><184>い</c><161>合</c><53>う</c><11>こ</c><19>と</c><54>す</c><205>ら</c><105></c>,競い合うことすら
42.393,42.659,-1,0,<105></c><226>き</c><196>そ</c><184>い</c><161>あ</c><53>う</c><11>こ</c><19>と</c><54>す</c><205>ら</c><105></c>,きそいあうことすら
42.659,43.527,-1,78,<105></c><226>競</c><184>い</c><161>合</c><53>う</c><11>こ</c><19>と</c><54>す</c><142>ら</c><105></c>,競い合うことすら
42.659,43.527,-1,0,<105></c><226>き</c><196>そ</c><184>い</c><161>あ</c><53>う</c><11>こ</c><19>と</c><54>す</c><142>ら</c><105></c>,きそいあうことすら
43.527,43.894,-1,78,<105></c><226>楽</c><205>しくなっちゃうんだよ</c><105></c>,楽しくなっちゃうんだよ
43.527,43.894,-1,0,<105></c><226>た</c><205>のしくなっちゃうんだよ</c><105></c>,たのしくなっちゃうんだよ
43.894,44.261,-1,78,<105></c><226>楽</c><205>しくなっちゃうんだよ</c><105></c>,楽しくなっちゃうんだよ
43.894,44.261,-1,0,<105></c><226>た</c><203>の</c><205>しくなっちゃうんだよ</c><105></c>,たのしくなっちゃうんだよ
44.261,44.595,-1,78,<105></c><226>楽</c><191>し</c><205>くなっちゃうんだよ</c><105></c>,楽しくなっちゃうんだよ
44.261,44.595,-1,0,<105></c><226>た</c><203>の</c><191>し</c><205>くなっちゃうんだよ</c><105></c>,たのしくなっちゃうんだよ
44.595,44.962,-1,78,<105></c><226>楽</c><191>し</c><185>く</c><205>なっちゃうんだよ</c><105></c>,楽しくなっちゃうんだよ
44.595,44.962,-1,0,<105></c><226>た</c><203>の</c><191>し</c><185>く</c><205>なっちゃうんだよ</c><105></c>,たのしくなっちゃうんだよ
44.962,45.295,-1,78,<105></c><226>楽</c><191>し</c><185>く</c><170>な</c><205>っちゃうんだよ</c><105></c>,楽しくなっちゃうんだよ
44.962,45.295,-1,0,<105></c><226>た</c><203>の</c><191>し</c><185>く</c><170>な</c><205>っちゃうんだよ</c><105></c>,たのしくなっちゃうんだよ
45.295,45.662,-1,78,<105></c><226>楽</c><191>し</c><185>く</c><170>な</c><103>っ</c><205>ちゃうんだよ</c><105></c>,楽しくなっちゃうんだよ
45.295,45.662,-1,0,<105></c><226>た</c><203>の</c><191>し</c><185>く</c><170>な</c><103>っ</c><205>ちゃうんだよ</c><105></c>,たのしくなっちゃうんだよ
45.662,46.03,-1,78,<105></c><226>楽</c><191>し</c><185>く</c><170>な</c><103>っ</c><35>ち</c><8>ゃ</c><205>うんだよ</c><105></c>,楽しくなっちゃうんだよ
45.662,46.03,-1,0,<105></c><226>た</c><203>の</c><191>し</c><185>く</c><170>な</c><103>っ</c><35>ち</c><8>ゃ</c><205>うんだよ</c><105></c>,たのしくなっちゃうんだよ
46.03,46.397,-1,78,<105></c><226>楽</c><191>し</c><185>く</c><170>な</c><103>っ</c><35>ち</c><8>ゃ</c><13>う</c><205>んだよ</c><105></c>,楽しくなっちゃうんだよ
46.03,46.397,-1,0,<105></c><226>た</c><203>の</c><191>し</c><185>く</c><170>な</c><103>っ</c><35>ち</c><8>ゃ</c><13>う</c><205>んだよ</c><105></c>,たのしくなっちゃうんだよ
46.397,46.93,-1,78,<105></c><226>楽</c><191>し</c><185>く</c><170>な</c><103>っ</c><35>ち</c><8>ゃ</c><13>う</c><36>ん</c><205>だよ</c><105></c>,楽しくなっちゃうんだよ
46.397,46.93,-1,0,<105></c><226>た</c><203>の</c><191>し</c><185>く</c><170>な</c><103>っ</c><35>ち</c><8>ゃ</c><13>う</c><36>ん</c><205>だよ</c><105></c>,たのしくなっちゃうんだよ
46.93,47.097,-1,78,<105></c><226>楽</c><191>し</c><185>く</c><170>な</c><103>っ</c><35>ち</c><8>ゃ</c><13>う</c><36>ん</c><78>だ</c><205>よ</c><105></c>,楽しくなっちゃうんだよ
46.93,47.097,-1,0,<105></c><226>た</c><203>の</c><191>し</c><185>く</c><170>な</c><103>っ</c><35>ち</c><8>ゃ</c><13>う</c><36>ん</c><78>だ</c><205>よ</c><105></c>,たのしくなっちゃうんだよ
47.097,47.598,-1,78,<105></c><226>楽</c><191>し</c><185>く</c><170>な</c><103>っ</c><35>ち</c><8>ゃ</c><13>う</c><36>ん</c><78>だ</c><142>よ</c><105></c>,楽しくなっちゃうんだよ
47.097,47.598,-1,0,<105></c><226>た</c><203>の</c><191>し</c><185>く</c><170>な</c><103>っ</c><35>ち</c><8>ゃ</c><13>う</c><36>ん</c><78>だ</c><142>よ</c><105></c>,たのしくなっちゃうんだよ
47.598,47.765,-1,78,<105></c><1>d</c><75>e</c><205>armyfriends</c><105></c>,dearmyfriends
47.598,47.765,-1,0,<105></c><1>デ</c><178>ィ</c><205>アマイフレンズ</c><105></c>,ディアマイフレンズ
47.765,48.065,-1,78,<105></c><1>d</c><75>e</c><154>a</c><95>r</c><205>myfriends</c><105></c>,dearmyfriends
47.765,48.065,-1,0,<105></c><1>デ</c><178>ィ</c><57>ア</c><205>マイフレンズ</c><105></c>,ディアマイフレンズ
48.065,48.332,-1,78,<105></c><1>d</c><75>e</c><154>a</c><95>r</c><72>m</c><100>y</c><205>friends</c><105></c>,dearmyfriends
48.065,48.332,-1,0,<105></c><1>デ</c><178>ィ</c><57>ア</c><93>マ</c><205>イフレンズ</c><105></c>,ディアマイフレンズ
48.332,48.532,-1,78,<105></c><1>d</c><75>e</c><154>a</c><95>r</c><72>m</c><100>y</c><166></c><205>friends</c><105></c>,dearmyfriends
48.332,48.532,-1,0,<105></c><1>デ</c><178>ィ</c><57>ア</c><93>マ</c><206>イ</c><205>フレンズ</c><105></c>,ディアマイフレンズ
48.532,49.9,-1,78,<105></c><1>d</c><75>e</c><154>a</c><95>r</c><72>m</c><100>y</c><166></c><211>f</c><225>r</c><190>i</c><155>e</c><22>n</c><30>d</c><142>s</c><105></c>,dearmyfriends
48.532,49.9,-1,0,<105></c><1>デ</c><178>ィ</c><57>ア</c><93>マ</c><206>イ</c><226>フ</c><182>レ</c><2>ン</c><142>ズ</c><105></c>,ディアマイフレンズ
49.9,50.1,-1,78,<105></c><1>未</c><205>来へ走り出したらfantastic</c><105></c>,未来へ走り出したらfantastic
49.9,50.1,-1,0,<105></c><1>み</c><205>らいへはしりだしたらファンタスティック</c><105></c>,みらいへはしりだしたらファンタスティック
50.1,50.3,-1,78,<105></c><1>未</c><40>来</c><205>へ走り出したらfantastic</c><105></c>,未来へ走り出したらfantastic
50.1,50.3,-1,0,<105></c><1>み</c><40>ら</c><205>いへはしりだしたらファンタスティック</c><105></c>,みらいへはしりだしたらファンタスティック
50.3,50.467,-1,78,<105></c><1>未</c><40>来</c><205>へ走り出したらfantastic</c><105></c>,未来へ走り出したらfantastic
50.3,50.467,-1,0,<105></c><1>み</c><40>ら</c><139>い</c><205>へはしりだしたらファンタスティック</c><105></c>,みらいへはしりだしたらファンタスティック
50.467,50.667,-1,78,<105></c><1>未</c><40>来</c><151>へ</c><205>走り出したらfantastic</c><105></c>,未来へ走り出したらfantastic
50.467,50.667,-1,0,<105></c><1>み</c><40>ら</c><139>い</c><151>へ</c><205>はしりだしたらファンタスティック</c><105></c>,みらいへはしりだしたらファンタスティック
50.667,53.504,97,-1,<105></c><1>h</c><23>o</c><50>l</c><126>o</c><176>l</c><149>i</c><124>v</c><97>e</c><60>i</c><69>d</c><76>o</c><86>l</c><106>p</c><129>r</c><156>o</c><180>j</c><207>e</c><213>c</c><219>t</c><224>-</c><200>d</c><197>r</c><194>e</c><181>a</c><145>m</c><58>i</c><27>n</c><3>g</c><16>d</c><39>a</c><88>y</c><142>s</c><105></c>,hololiveidolproject-dreamingdays
50.667,50.868,-1,78,<105></c><1>未</c><40>来</c><151>へ</c><113>走</c><205>り出したらfantastic</c><105></c>,未来へ走り出したらfantastic
50.667,50.868,56,0,<105></c><1>み</c><40>ら</c><139>い</c><151>へ</c><113>は</c><205>しりだしたらファンタスティック</c><105></c>,みらいへはしりだしたらファンタスティック
50.868,51.001,-1,78,<105></c><1>未</c><40>来</c><151>へ</c><113>走</c><205>り出したらfantastic</c><105></c>,未来へ走り出したらfantastic
50.868,51.001,58,0,<105></c><1>み</c><40>ら</c><139>い</c><151>へ</c><113>は</c><62>し</c><205>りだしたらファンタスティック</c><105></c>,みらいへはしりだしたらファンタスティック
51.001,51.201,-1,78,<105></c><1>未</c><40>来</c><151>へ</c><113>走</c><74>り</c><205>出したらfantastic</c><105></c>,未来へ走り出したらfantastic
51.001,51.201,59,0,<105></c><1>み</c><40>ら</c><139>い</c><151>へ</c><113>は</c><62>し</c><74>り</c><205>だしたらファンタスティック</c><105></c>,みらいへはしりだしたらファンタスティック
51.201,51.368,-1,78,<105></c><1>未</c><40>来</c><151>へ</c><113>走</c><74>り</c><91>出</c><205>したらfantastic</c><105></c>,未来へ走り出したらfantastic
51.201,51.368,61,0,<105></c><1>み</c><40>ら</c><139>い</c><151>へ</c><113>は</c><62>し</c><74>り</c><91>だ</c><205>したらファンタスティック</c><105></c>,みらいへはしりだしたらファンタスティック
51.368,51.535,-1,78,<105></c><1>未</c><40>来</c><151>へ</c><113>走</c><74>り</c><91>出</c><133>し</c><205>たらfantastic</c><105></c>,未来へ走り出したらfantastic
51.368,51.535,63,0,<105></c><1>み</c><40>ら</c><139>い</c><151>へ</c><113>は</c><62>し</c><74>り</c><91>だ</c><133>し</c><205>たらファンタスティック</c><105></c>,みらいへはしりだしたらファンタスティック
51.535,51.735,-1,78,<105></c><1>未</c><40>来</c><151>へ</c><113>走</c><74>り</c><91>出</c><133>し</c><177>た</c><205>らfantastic</c><105></c>,未来へ走り出したらfantastic
51.535,51.735,64,0,<105></c><1>み</c><40>ら</c><139>い</c><151>へ</c><113>は</c><62>し</c><74>り</c><91>だ</c><133>し</c><177>た</c><205>らファンタスティック</c><105></c>,みらいへはしりだしたらファンタスティック
51.735,51.902,-1,78,<105></c><1>未</c><40>来</c><151>へ</c><113>走</c><74>り</c><91>出</c><133>し</c><177>た</c><208>ら</c><205>fantastic</c><105></c>,未来へ走り出したらfantastic
51.735,51.902,66,0,<105></c><1>み</c><40>ら</c><139>い</c><151>へ</c><113>は</c><62>し</c><74>り</c><91>だ</c><133>し</c><177>た</c><208>ら</c><205>ファンタスティック</c><105></c>,みらいへはしりだしたらファンタスティック
51.902,52.102,58,78,<105></c><1>未</c><40>来</c><151>へ</c><113>走</c><74>り</c><91>出</c><133>し</c><177>た</c><208>ら</c><218>f</c><227>a</c><205>ntastic</c><105></c>,未来へ走り出したらfantastic
51.902,52.102,69,0,<105></c><1>み</c><40>ら</c><139>い</c><151>へ</c><113>は</c><62>し</c><74>り</c><91>だ</c><133>し</c><177>た</c><208>ら</c><218>フ</c><227>ァ</c><205>ンタスティック</c><105></c>,みらいへはしりだしたらファンタスティック
52.102,52.603,59,78,<105></c><1>未</c><40>来</c><151>へ</c><113>走</c><74>り</c><91>出</c><133>し</c><177>た</c><208>ら</c><218>f</c><227>a</c><199>n</c><205>tastic</c><105></c>,未来へ走り出したらfantastic
52.102,52.603,70,0,<105></c><1>み</c><40>ら</c><139>い</c><151>へ</c><113>は</c><62>し</c><74>り</c><91>だ</c><133>し</c><177>た</c><208>ら</c><218>フ</c><227>ァ</c><199>ン</c><205>タスティック</c><105></c>,みらいへはしりだしたらファンタスティック
52.603,52.803,64,78,<105></c><1>未</c><40>来</c><151>へ</c><113>走</c><74>り</c><91>出</c><133>し</c><177>た</c><208>ら</c><218>f</c><227>a</c><199>n</c><187>t</c><115>a</c><25>s</c><205>tic</c><105></c>,未来へ走り出したらfantastic
52.603,52.803,73,0,<105></c><1>み</c><40>ら</c><139>い</c><151>へ</c><113>は</c><62>し</c><74>り</c><91>だ</c><133>し</c><177>た</c><208>ら</c><218>フ</c><227>ァ</c><199>ン</c><187>タ</c><115>ス</c><205>ティック</c><105></c>,みらいへはしりだしたらファンタスティック
52.803,53.504,67,78,<105></c><1>未</c><40>来</c><151>へ</c><113>走</c><74>り</c><91>出</c><133>し</c><177>た</c><208>ら</c><218>f</c><227>a</c><199>n</c><187>t</c><115>a</c><25>s</c><12>t</c><47>i</c><142>c</c><105></c>,未来へ走り出したらfantastic
52.803,53.504,78,0,<105></c><1>み</c><40>ら</c><139>い</c><151>へ</c><113>は</c><62>し</c><74>り</c><91>だ</c><133>し</c><177>た</c><208>ら</c><218>フ</c><227>ァ</c><199>ン</c><187>タ</c><115>ス</c><25>テ</c><12>ィ</c><47>ッ</c><142>ク</c><105></c>,みらいへはしりだしたらファンタスティック
53.504,56.373,73,-1,<105></c><1>作</c><43>詞</c><152>:</c><143>本</c><102>多</c><66>友</c><80>紀</c><108>（</c><150>a</c><206>r</c><216>t</c><223>e</c><195>r</c><183>e</c><136>f</c><33>a</c><7>c</c><45>t</c><142>）</c><105></c>,作詞:本多友紀（arterefact）
53.504,53.704,-1,78,<105></c><1>夢</c><205>を咲かせてourfuture</c><105></c>,夢を咲かせてourfuture
53.504,53.704,-1,0,<105></c><1>ゆ</c><205>めをさかせてアゥァフューチャー</c><105></c>,ゆめをさかせてアゥァフューチャー
53.704,53.871,-1,78,<105></c><1>夢</c><205>を咲かせてourfuture</c><105></c>,夢を咲かせてourfuture
53.704,53.871,-1,0,<105></c><1>ゆ</c><52>め</c><205>をさかせてアゥァフューチャー</c><105></c>,ゆめをさかせてアゥァフューチャー
53.871,54.038,-1,78,<105></c><1>夢</c><171>を</c><205>咲かせてourfuture</c><105></c>,夢を咲かせてourfuture
53.871,54.038,-1,0,<105></c><1>ゆ</c><52>め</c><171>を</c><205>さかせてアゥァフューチャー</c><105></c>,ゆめをさかせてアゥァフューチャー
54.038,54.238,-1,78,<105></c><1>夢</c><171>を</c><120>咲</c><205>かせてourfuture</c><105></c>,夢を咲かせてourfuture
54.038,54.238,-1,0,<105></c><1>ゆ</c><52>め</c><171>を</c><120>さ</c><205>かせてアゥァフューチャー</c><105></c>,ゆめをさかせてアゥァフューチャー
54.238,54.405,-1,78,<105></c><1>夢</c><171>を</c><120>咲</c><64>か</c><205>せてourfuture</c><105></c>,夢を咲かせてourfuture
54.238,54.405,-1,0,<105></c><1>ゆ</c><52>め</c><171>を</c><120>さ</c><64>か</c><205>せてアゥァフューチャー</c><105></c>,ゆめをさかせてアゥァフューチャー
54.405,54.605,-1,78,<105></c><1>夢</c><171>を</c><120>咲</c><64>か</c><80>せ</c><205>てourfuture</c><105></c>,夢を咲かせてourfuture
54.405,54.605,-1,0,<105></c><1>ゆ</c><52>め</c><171>を</c><120>さ</c><64>か</c><80>せ</c><205>てアゥァフューチャー</c><105></c>,ゆめをさかせてアゥァフューチャー
54.605,54.772,-1,78,<105></c><1>夢</c><171>を</c><120>咲</c><64>か</c><80>せ</c><116>て</c><205>ourfuture</c><105></c>,夢を咲かせてourfuture
54.605,54.772,-1,0,<105></c><1>ゆ</c><52>め</c><171>を</c><120>さ</c><64>か</c><80>せ</c><116>て</c><205>アゥァフューチャー</c><105></c>,ゆめをさかせてアゥァフューチャー
54.772,54.938,-1,78,<105></c><1>夢</c><171>を</c><120>咲</c><64>か</c><80>せ</c><116>て</c><169>o</c><210>u</c><205>rfuture</c><105></c>,夢を咲かせてourfuture
54.772,54.938,58,0,<105></c><1>ゆ</c><52>め</c><171>を</c><120>さ</c><64>か</c><80>せ</c><116>て</c><169>ア</c><210>ゥ</c><205>ァフューチャー</c><105></c>,ゆめをさかせてアゥァフューチャー
54.938,55.472,-1,78,<105></c><1>夢</c><171>を</c><120>咲</c><64>か</c><80>せ</c><116>て</c><169>o</c><210>u</c><221>r</c><205>future</c><105></c>,夢を咲かせてourfuture
54.938,55.472,59,0,<105></c><1>ゆ</c><52>め</c><171>を</c><120>さ</c><64>か</c><80>せ</c><116>て</c><169>ア</c><210>ゥ</c><221>ァ</c><205>フューチャー</c><105></c>,ゆめをさかせてアゥァフューチャー
55.472,55.672,-1,78,<105></c><1>夢</c><171>を</c><120>咲</c><64>か</c><80>せ</c><116>て</c><169>o</c><210>u</c><221>r</c><195>f</c><188>u</c><205>ture</c><105></c>,夢を咲かせてourfuture
55.472,55.672,64,0,<105></c><1>ゆ</c><52>め</c><171>を</c><120>さ</c><64>か</c><80>せ</c><116>て</c><169>ア</c><210>ゥ</c><221>ァ</c><195>フ</c><188>ュ</c><92>ー</c><205>チャー</c><105></c>,ゆめをさかせてアゥァフューチャー
55.672,56.206,59,78,<105></c><1>夢</c><171>を</c><120>咲</c><64>か</c><80>せ</c><116>て</c><169>o</c><210>u</c><221>r</c><195>f</c><188>u</c><92>t</c><5>u</c><37>r</c><142>e</c><105></c>,夢を咲かせてourfuture
55.672,56.206,67,0,<105></c><1>ゆ</c><52>め</c><171>を</c><120>さ</c><64>か</c><80>せ</c><116>て</c><169>ア</c><210>ゥ</c><221>ァ</c><195>フ</c><188>ュ</c><92>ー</c><5>チ</c><37>ャ</c><142>ー</c><105></c>,ゆめをさかせてアゥァフューチャー
56.206,56.407,-1,78,<105></c><1>一</c><205>歩一歩を踏み出して　トップを目指そう</c><105></c>,一歩一歩を踏み出して　トップを目指そう
56.206,56.407,56,0,<105></c><1>い</c><9>っ</c><205>ぽいっぽをふみだしてとっぷをめざそう</c><105></c>,いっぽいっぽをふみだしてとっぷをめざそう
56.373,59.209,97,-1,<105></c><1>作</c><17>曲</c><40>・</c><84>編</c><139>曲</c><174>:</c><151>本</c><132>多</c><113>友</c><81>紀</c><62>（</c><68>a</c><74>r</c><82>t</c><91>e</c><112>r</c><133>e</c><153>f</c><177>a</c><206>c</c><208>t</c><215>）</c><218>、</c><222>酒</c><227>井</c><204>拓</c><199>也</c><193>（</c><187>a</c><168>r</c><115>t</c><48>e</c><25>r</c><4>e</c><12>f</c><29>a</c><47>c</c><101>t</c><142>）</c><105></c>,作曲・編曲:本多友紀（arterefact）、酒井拓也（arterefact）
56.407,56.907,-1,78,<105></c><1>一</c><10>歩</c><205>一歩を踏み出して　トップを目指そう</c><105></c>,一歩一歩を踏み出して　トップを目指そう
56.407,56.907,58,0,<105></c><1>い</c><9>っ</c><17>ぽ</c><205>いっぽをふみだしてとっぷをめざそう</c><105></c>,いっぽいっぽをふみだしてとっぷをめざそう
56.907,57.107,-1,78,<105></c><1>一</c><10>歩</c><20>一</c><205>歩を踏み出して　トップを目指そう</c><105></c>,一歩一歩を踏み出して　トップを目指そう
56.907,57.107,61,0,<105></c><1>い</c><9>っ</c><17>ぽ</c><28>い</c><40>っ</c><205>ぽをふみだしてとっぷをめざそう</c><105></c>,いっぽいっぽをふみだしてとっぷをめざそう
57.107,57.274,-1,78,<105></c><1>一</c><10>歩</c><20>一</c><32>歩</c><205>を踏み出して　トップを目指そう</c><105></c>,一歩一歩を踏み出して　トップを目指そう
57.107,57.274,63,0,<105></c><1>い</c><9>っ</c><17>ぽ</c><28>い</c><40>っ</c><51>ぽ</c><205>をふみだしてとっぷをめざそう</c><105></c>,いっぽいっぽをふみだしてとっぷをめざそう
57.274,57.474,-1,78,<105></c><1>一</c><10>歩</c><20>一</c><32>歩</c><44>を</c><205>踏み出して　トップを目指そう</c><105></c>,一歩一歩を踏み出して　トップを目指そう
57.274,57.474,64,0,<105></c><1>い</c><9>っ</c><17>ぽ</c><28>い</c><40>っ</c><51>ぽ</c><84>を</c><205>ふみだしてとっぷをめざそう</c><105></c>,いっぽいっぽをふみだしてとっぷをめざそう
57.474,57.641,-1,78,<105></c><1>一</c><10>歩</c><20>一</c><32>歩</c><44>を</c><59>踏</c><205>み出して　トップを目指そう</c><105></c>,一歩一歩を踏み出して　トップを目指そう
57.474,57.641,66,0,<105></c><1>い</c><9>っ</c><17>ぽ</c><28>い</c><40>っ</c><51>ぽ</c><84>を</c><118>ふ</c><205>みだしてとっぷをめざそう</c><105></c>,いっぽいっぽをふみだしてとっぷをめざそう
57.641,57.808,-1,78,<105></c><1>一</c><10>歩</c><20>一</c><32>歩</c><44>を</c><59>踏</c><111>み</c><205>出して　トップを目指そう</c><105></c>,一歩一歩を踏み出して　トップを目指そう
57.641,57.808,67,0,<105></c><1>い</c><9>っ</c><17>ぽ</c><28>い</c><40>っ</c><51>ぽ</c><84>を</c><118>ふ</c><139>み</c><205>だしてとっぷをめざそう</c><105></c>,いっぽいっぽをふみだしてとっぷをめざそう
57.808,58.342,-1,78,<105></c><1>一</c><10>歩</c><20>一</c><32>歩</c><44>を</c><59>踏</c><111>み</c><135>出</c><205>して　トップを目指そう</c><105></c>,一歩一歩を踏み出して　トップを目指そう
57.808,58.342,69,0,<105></c><1>い</c><9>っ</c><17>ぽ</c><28>い</c><40>っ</c><51>ぽ</c><84>を</c><118>ふ</c><139>み</c><165>だ</c><205>してとっぷをめざそう</c><105></c>,いっぽいっぽをふみだしてとっぷをめざそう
58.342,58.542,56,78,<105></c><1>一</c><10>歩</c><20>一</c><32>歩</c><44>を</c><59>踏</c><111>み</c><135>出</c><163>し</c><205>て　トップを目指そう</c><105></c>,一歩一歩を踏み出して　トップを目指そう
58.342,58.542,70,0,<105></c><1>い</c><9>っ</c><17>ぽ</c><28>い</c><40>っ</c><51>ぽ</c><84>を</c><118>ふ</c><139>み</c><165>だ</c><174>し</c><205>てとっぷをめざそう</c><105></c>,いっぽいっぽをふみだしてとっぷをめざそう
58.542,59.076,58,78,<105></c><1>一</c><10>歩</c><20>一</c><32>歩</c><44>を</c><59>踏</c><111>み</c><135>出</c><163>し</c><172>て　</c><205>トップを目指そう</c><105></c>,一歩一歩を踏み出して　トップを目指そう
58.542,59.076,72,0,<105></c><1>い</c><9>っ</c><17>ぽ</c><28>い</c><40>っ</c><51>ぽ</c><84>を</c><118>ふ</c><139>み</c><165>だ</c><174>し</c><162>て</c><205>とっぷをめざそう</c><105></c>,いっぽいっぽをふみだしてとっぷをめざそう
59.076,59.243,59,78,<105></c><1>一</c><10>歩</c><20>一</c><32>歩</c><44>を</c><59>踏</c><111>み</c><135>出</c><163>し</c><172>て　</c><160>ト</c><205>ップを目指そう</c><105></c>,一歩一歩を踏み出して　トップを目指そう
59.076,59.243,73,0,<105></c><1>い</c><9>っ</c><17>ぽ</c><28>い</c><40>っ</c><51>ぽ</c><84>を</c><118>ふ</c><139>み</c><165>だ</c><174>し</c><162>て</c><151>と</c><205>っぷをめざそう</c><105></c>,いっぽいっぽをふみだしてとっぷをめざそう
59.209,62.046,58,-1,<105></c><205>歌:</c><1>白上フブキ</c><205></c><182>夏色まつり</c><205></c><57>紫咲シオン</c><205></c><105></c>,歌:白上フブキ夏色まつり紫咲シオン
59.243,59.443,61,78,<105></c><1>一</c><10>歩</c><20>一</c><32>歩</c><44>を</c><59>踏</c><111>み</c><135>出</c><163>し</c><172>て　</c><160>ト</c><147>ッ</c><205>プを目指そう</c><105></c>,一歩一歩を踏み出して　トップを目指そう
59.243,59.443,75,0,<105></c><1>い</c><9>っ</c><17>ぽ</c><28>い</c><40>っ</c><51>ぽ</c><84>を</c><118>ふ</c><139>み</c><165>だ</c><174>し</c><162>て</c><151>と</c><140>っ</c><205>ぷをめざそう</c><105></c>,いっぽいっぽをふみだしてとっぷをめざそう
59.443,59.61,63,78,<105></c><1>一</c><10>歩</c><20>一</c><32>歩</c><44>を</c><59>踏</c><111>み</c><135>出</c><163>し</c><172>て　</c><160>ト</c><147>ッ</c><137>プ</c><205>を目指そう</c><105></c>,一歩一歩を踏み出して　トップを目指そう
59.443,59.61,77,0,<105></c><1>い</c><9>っ</c><17>ぽ</c><28>い</c><40>っ</c><51>ぽ</c><84>を</c><118>ふ</c><139>み</c><165>だ</c><174>し</c><162>て</c><151>と</c><140>っ</c><132>ぷ</c><205>をめざそう</c><105></c>,いっぽいっぽをふみだしてとっぷをめざそう
59.61,59.81,64,78,<105></c><1>一</c><10>歩</c><20>一</c><32>歩</c><44>を</c><59>踏</c><111>み</c><135>出</c><163>し</c><172>て　</c><160>ト</c><147>ッ</c><137>プ</c><127>を</c><205>目指そう</c><105></c>,一歩一歩を踏み出して　トップを目指そう
59.61,59.81,78,0,<105></c><1>い</c><9>っ</c><17>ぽ</c><28>い</c><40>っ</c><51>ぽ</c><84>を</c><118>ふ</c><139>み</c><165>だ</c><174>し</c><162>て</c><151>と</c><140>っ</c><132>ぷ</c><122>を</c><205>めざそう</c><105></c>,いっぽいっぽをふみだしてとっぷをめざそう
59.81,60.144,66,78,<105></c><1>一</c><10>歩</c><20>一</c><32>歩</c><44>を</c><59>踏</c><111>み</c><135>出</c><163>し</c><172>て　</c><160>ト</c><147>ッ</c><137>プ</c><127>を</c><117>目</c><205>指そう</c><105></c>,一歩一歩を踏み出して　トップを目指そう
59.81,60.144,80,0,<105></c><1>い</c><9>っ</c><17>ぽ</c><28>い</c><40>っ</c><51>ぽ</c><84>を</c><118>ふ</c><139>み</c><165>だ</c><174>し</c><162>て</c><151>と</c><140>っ</c><132>ぷ</c><122>を</c><113>め</c><205>ざそう</c><105></c>,いっぽいっぽをふみだしてとっぷをめざそう
60.144,60.344,67,78,<105></c><1>一</c><10>歩</c><20>一</c><32>歩</c><44>を</c><59>踏</c><111>み</c><135>出</c><163>し</c><172>て　</c><160>ト</c><147>ッ</c><137>プ</c><127>を</c><117>目</c><104>指</c><205>そう</c><105></c>,一歩一歩を踏み出して　トップを目指そう
60.144,60.344,81,0,<105></c><1>い</c><9>っ</c><17>ぽ</c><28>い</c><40>っ</c><51>ぽ</c><84>を</c><118>ふ</c><139>み</c><165>だ</c><174>し</c><162>て</c><151>と</c><140>っ</c><132>ぷ</c><122>を</c><113>め</c><99>ざ</c><205>そう</c><105></c>,いっぽいっぽをふみだしてとっぷをめざそう
60.344,60.477,69,78,<105></c><1>一</c><10>歩</c><20>一</c><32>歩</c><44>を</c><59>踏</c><111>み</c><135>出</c><163>し</c><172>て　</c><160>ト</c><147>ッ</c><137>プ</c><127>を</c><117>目</c><104>指</c><89>そ</c><205>う</c><105></c>,一歩一歩を踏み出して　トップを目指そう
60.344,60.477,83,0,<105></c><1>い</c><9>っ</c><17>ぽ</c><28>い</c><40>っ</c><51>ぽ</c><84>を</c><118>ふ</c><139>み</c><165>だ</c><174>し</c><162>て</c><151>と</c><140>っ</c><132>ぷ</c><122>を</c><113>め</c><99>ざ</c><81>そ</c><205>う</c><105></c>,いっぽいっぽをふみだしてとっぷをめざそう
60.477,61.345,69,78,<105></c><1>一</c><10>歩</c><20>一</c><32>歩</c><44>を</c><59>踏</c><111>み</c><135>出</c><163>し</c><172>て　</c><160>ト</c><147>ッ</c><137>プ</c><127>を</c><117>目</c><104>指</c><89>そ</c><57>う</c><105></c>,一歩一歩を踏み出して　トップを目指そう
60.477,61.345,83,0,<105></c><1>い</c><9>っ</c><17>ぽ</c><28>い</c><40>っ</c><51>ぽ</c><84>を</c><118>ふ</c><139>み</c><165>だ</c><174>し</c><162>て</c><151>と</c><140>っ</c><132>ぷ</c><122>を</c><113>め</c><99>ざ</c><81>そ</c><57>う</c><105></c>,いっぽいっぽをふみだしてとっぷをめざそう
61.345,61.578,-1,78,<105></c><1>信</c><205>じる力が心のhappiness</c><105></c>,信じる力が心のhappiness
61.345,61.578,-1,0,<105></c><1>し</c><205>んじるちからがこころのハピネス</c><105></c>,しんじるちからがこころのハピネス
61.578,61.712,-1,78,<105></c><1>信</c><205>じる力が心のhappiness</c><105></c>,信じる力が心のhappiness
61.578,61.712,-1,0,<105></c><1>し</c><52>ん</c><205>じるちからがこころのハピネス</c><105></c>,しんじるちからがこころのハピネス
61.712,61.912,-1,78,<105></c><1>信</c><130>じ</c><205>る力が心のhappiness</c><105></c>,信じる力が心のhappiness
61.712,61.912,-1,0,<105></c><1>し</c><52>ん</c><171>じ</c><205>るちからがこころのハピネス</c><105></c>,しんじるちからがこころのハピネス
61.912,62.079,-1,78,<105></c><1>信</c><130>じ</c><157>る</c><205>力が心のhappiness</c><105></c>,信じる力が心のhappiness
61.912,62.079,-1,0,<105></c><1>し</c><52>ん</c><171>じ</c><120>る</c><205>ちからがこころのハピネス</c><105></c>,しんじるちからがこころのハピネス
62.046,64.915,58,-1,<105></c><38>歌:</c><206>百鬼あやめ</c><38></c><226>癒月ちょこ</c><38></c><2>大空スバル</c><38></c><105></c>,歌:百鬼あやめ癒月ちょこ大空スバル
62.079,62.279,-1,78,<105></c><1>信</c><130>じ</c><157>る</c><120>力</c><205>が心のhappiness</c><105></c>,信じる力が心のhappiness
62.079,62.279,-1,0,<105></c><1>し</c><52>ん</c><171>じ</c><120>る</c><64>ち</c><205>からがこころのハピネス</c><105></c>,しんじるちからがこころのハピネス
62.279,62.446,-1,78,<105></c><1>信</c><130>じ</c><157>る</c><120>力</c><205>が心のhappiness</c><105></c>,信じる力が心のhappiness
62.279,62.446,-1,0,<105></c><1>し</c><52>ん</c><171>じ</c><120>る</c><64>ち</c><80>か</c><205>らがこころのハピネス</c><105></c>,しんじるちからがこころのハピネス
62.446,62.613,-1,78,<105></c><1>信</c><130>じ</c><157>る</c><120>力</c><205>が心のhappiness</c><105></c>,信じる力が心のhappiness
62.446,62.613,56,0,<105></c><1>し</c><52>ん</c><171>じ</c><120>る</c><64>ち</c><80>か</c><116>ら</c><205>がこころのハピネス</c><105></c>,しんじるちからがこころのハピネス
62.613,62.813,-1,78,<105></c><1>信</c><130>じ</c><157>る</c><120>力</c><83>が</c><205>心のhappiness</c><105></c>,信じる力が心のhappiness
62.613,62.813,58,0,<105></c><1>し</c><52>ん</c><171>じ</c><120>る</c><64>ち</c><80>か</c><116>ら</c><169>が</c><205>こころのハピネス</c><105></c>,しんじるちからがこころのハピネス
62.813,62.98,-1,78,<105></c><1>信</c><130>じ</c><157>る</c><120>力</c><83>が</c><116>心</c><205>のhappiness</c><105></c>,信じる力が心のhappiness
62.813,62.98,59,0,<105></c><1>し</c><52>ん</c><171>じ</c><120>る</c><64>ち</c><80>か</c><116>ら</c><169>が</c><210>こ</c><205>ころのハピネス</c><105></c>,しんじるちからがこころのハピネス
62.98,63.18,-1,78,<105></c><1>信</c><130>じ</c><157>る</c><120>力</c><83>が</c><116>心</c><205>のhappiness</c><105></c>,信じる力が心のhappiness
62.98,63.18,61,0,<105></c><1>し</c><52>ん</c><171>じ</c><120>る</c><64>ち</c><80>か</c><116>ら</c><169>が</c><210>こ</c><221>こ</c><205>ろのハピネス</c><105></c>,しんじるちからがこころのハピネス
63.18,63.347,-1,78,<105></c><1>信</c><130>じ</c><157>る</c><120>力</c><83>が</c><116>心</c><205>のhappiness</c><105></c>,信じる力が心のhappiness
63.18,63.347,63,0,<105></c><1>し</c><52>ん</c><171>じ</c><120>る</c><64>ち</c><80>か</c><116>ら</c><169>が</c><210>こ</c><221>こ</c><195>ろ</c><205>のハピネス</c><105></c>,しんじるちからがこころのハピネス
63.347,63.514,-1,78,<105></c><1>信</c><130>じ</c><157>る</c><120>力</c><83>が</c><116>心</c><214>の</c><205>happiness</c><105></c>,信じる力が心のhappiness
63.347,63.514,64,0,<105></c><1>し</c><52>ん</c><171>じ</c><120>る</c><64>ち</c><80>か</c><116>ら</c><169>が</c><210>こ</c><221>こ</c><195>ろ</c><188>の</c><205>ハピネス</c><105></c>,しんじるちからがこころのハピネス
63.514,64.048,-1,78,<105></c><1>信</c><130>じ</c><157>る</c><120>力</c><83>が</c><116>心</c><214>の</c><221>h</c><201>a</c><192>p</c><205>piness</c><105></c>,信じる力が心のhappiness
63.514,64.048,66,0,<105></c><1>し</c><52>ん</c><171>じ</c><120>る</c><64>ち</c><80>か</c><116>ら</c><169>が</c><210>こ</c><221>こ</c><195>ろ</c><188>の</c><92>ハ</c><205>ピネス</c><105></c>,しんじるちからがこころのハピネス
64.048,64.248,56,78,<105></c><1>信</c><130>じ</c><157>る</c><120>力</c><83>が</c><116>心</c><214>の</c><221>h</c><201>a</c><192>p</c><182>p</c><92>i</c><205>ness</c><105></c>,信じる力が心のhappiness
64.048,64.248,67,0,<105></c><1>し</c><52>ん</c><171>じ</c><120>る</c><64>ち</c><80>か</c><116>ら</c><169>が</c><210>こ</c><221>こ</c><195>ろ</c><188>の</c><92>ハ</c><5>ピ</c><205>ネス</c><105></c>,しんじるちからがこころのハピネス
64.248,64.581,59,78,<105></c><1>信</c><130>じ</c><157>る</c><120>力</c><83>が</c><116>心</c><214>の</c><221>h</c><201>a</c><192>p</c><182>p</c><92>i</c><18>n</c><14>e</c><205>ss</c><105></c>,信じる力が心のhappiness
64.248,64.581,69,0,<105></c><1>し</c><52>ん</c><171>じ</c><120>る</c><64>ち</c><80>か</c><116>ら</c><169>が</c><210>こ</c><221>こ</c><195>ろ</c><188>の</c><92>ハ</c><5>ピ</c><37>ネ</c><205>ス</c><105></c>,しんじるちからがこころのハピネス
64.581,64.915,61,78,<105></c><1>信</c><130>じ</c><157>る</c><120>力</c><83>が</c><116>心</c><214>の</c><221>h</c><201>a</c><192>p</c><182>p</c><92>i</c><18>n</c><14>e</c><49>s</c><142>s</c><105></c>,信じる力が心のhappiness
64.581,64.915,69,0,<105></c><1>し</c><52>ん</c><171>じ</c><120>る</c><64>ち</c><80>か</c><116>ら</c><169>が</c><210>こ</c><221>こ</c><195>ろ</c><188>の</c><92>ハ</c><5>ピ</c><37>ネ</c><142>ス</c><105></c>,しんじるちからがこころのハピネス
64.915,67.785,-1,-1,<105></c><38>歌:</c><142>兎田ぺこら</c><38></c><178>宝鐘マリン</c><38></c><93>天音かなた</c><105></c>,歌:兎田ぺこら宝鐘マリン天音かなた
64.915,65.115,-1,78,<105></c><1>全</c><205>力で楽しもう</c><105></c>,全力で楽しもう
64.915,65.115,-1,0,<105></c><1>ぜ</c><205>んりょくでたのしもう</c><105></c>,ぜんりょくでたのしもう
65.115,65.282,-1,78,<105></c><1>全</c><205>力で楽しもう</c><105></c>,全力で楽しもう
65.115,65.282,-1,0,<105></c><1>ぜ</c><130>ん</c><205>りょくでたのしもう</c><105></c>,ぜんりょくでたのしもう
65.282,65.482,-1,78,<105></c><1>全</c><102>力</c><205>で楽しもう</c><105></c>,全力で楽しもう
65.282,65.482,-1,0,<105></c><1>ぜ</c><130>ん</c><120>り</c><71>ょ</c><205>くでたのしもう</c><105></c>,ぜんりょくでたのしもう
65.482,65.816,-1,78,<105></c><1>全</c><102>力</c><205>で楽しもう</c><105></c>,全力で楽しもう
65.482,65.816,-1,0,<105></c><1>ぜ</c><130>ん</c><120>り</c><71>ょ</c><116>く</c><205>でたのしもう</c><105></c>,ぜんりょくでたのしもう
65.816,66.183,-1,78,<105></c><1>全</c><102>力</c><150>で</c><205>楽しもう</c><105></c>,全力で楽しもう
65.816,66.183,-1,0,<105></c><1>ぜ</c><130>ん</c><120>り</c><71>ょ</c><116>く</c><206>で</c><205>たのしもう</c><105></c>,ぜんりょくでたのしもう
66.183,66.55,-1,78,<105></c><1>全</c><102>力</c><150>で</c><216>楽</c><205>しもう</c><105></c>,全力で楽しもう
66.183,66.55,-1,0,<105></c><1>ぜ</c><130>ん</c><120>り</c><71>ょ</c><116>く</c><206>で</c><221>た</c><205>のしもう</c><105></c>,ぜんりょくでたのしもう
66.55,66.717,-1,78,<105></c><1>全</c><102>力</c><150>で</c><216>楽</c><205>しもう</c><105></c>,全力で楽しもう
66.55,66.717,-1,0,<105></c><1>ぜ</c><130>ん</c><120>り</c><71>ょ</c><116>く</c><206>で</c><221>た</c><192>の</c><205>しもう</c><105></c>,ぜんりょくでたのしもう
66.717,66.884,-1,78,<105></c><1>全</c><102>力</c><150>で</c><216>楽</c><136>し</c><205>もう</c><105></c>,全力で楽しもう
66.717,66.884,-1,0,<105></c><1>ぜ</c><130>ん</c><120>り</c><71>ょ</c><116>く</c><206>で</c><221>た</c><192>の</c><92>し</c><205>もう</c><105></c>,ぜんりょくでたのしもう
66.884,67.051,-1,78,<105></c><1>全</c><102>力</c><150>で</c><216>楽</c><136>し</c><7>も</c><205>う</c><105></c>,全力で楽しもう
66.884,67.051,-1,0,<105></c><1>ぜ</c><130>ん</c><120>り</c><71>ょ</c><116>く</c><206>で</c><221>た</c><192>の</c><92>し</c><14>も</c><205>う</c><105></c>,ぜんりょくでたのしもう
67.051,67.418,-1,78,<105></c><1>全</c><102>力</c><150>で</c><216>楽</c><136>し</c><7>も</c><142>う</c><105></c>,全力で楽しもう
67.051,67.418,-1,0,<105></c><1>ぜ</c><130>ん</c><120>り</c><71>ょ</c><116>く</c><206>で</c><221>た</c><192>の</c><92>し</c><14>も</c><142>う</c><105></c>,ぜんりょくでたのしもう
67.418,67.618,-1,78,<105></c><93>そ</c><205>れはいつかきっと</c><105></c>,それはいつかきっと
67.418,67.618,-1,0,<105></c><93>そ</c><205>れはいつかきっと</c><105></c>,それはいつかきっと
67.618,67.785,-1,78,<105></c><93>そ</c><121>れ</c><205>はいつかきっと</c><105></c>,それはいつかきっと
67.618,67.785,-1,0,<105></c><93>そ</c><121>れ</c><205>はいつかきっと</c><105></c>,それはいつかきっと
67.785,68.685,-1,78,<105></c><93>そ</c><121>れ</c><144>は</c><205>いつかきっと</c><105></c>,それはいつかきっと
67.785,68.685,-1,0,<105></c><93>そ</c><121>れ</c><144>は</c><205>いつかきっと</c><105></c>,それはいつかきっと
68.685,68.852,-1,78,<105></c><93>そ</c><121>れ</c><144>は</c><173>い</c><205>つかきっと</c><105></c>,それはいつかきっと
68.685,68.852,-1,0,<105></c><93>そ</c><121>れ</c><144>は</c><173>い</c><205>つかきっと</c><105></c>,それはいつかきっと
68.852,69.053,-1,78,<105></c><93>そ</c><121>れ</c><144>は</c><173>い</c><206>つ</c><205>かきっと</c><105></c>,それはいつかきっと
68.852,69.053,-1,0,<105></c><93>そ</c><121>れ</c><144>は</c><173>い</c><206>つ</c><205>かきっと</c><105></c>,それはいつかきっと
69.053,69.386,-1,78,<105></c><93>そ</c><121>れ</c><144>は</c><173>い</c><206>つ</c><209>か</c><205>きっと</c><105></c>,それはいつかきっと
69.053,69.386,-1,0,<105></c><93>そ</c><121>れ</c><144>は</c><173>い</c><206>つ</c><209>か</c><205>きっと</c><105></c>,それはいつかきっと
69.386,69.586,-1,78,<105></c><93>そ</c><121>れ</c><144>は</c><173>い</c><206>つ</c><209>か</c><217>き</c><205>っと</c><105></c>,それはいつかきっと
69.386,69.586,-1,0,<105></c><93>そ</c><121>れ</c><144>は</c><173>い</c><206>つ</c><209>か</c><217>き</c><205>っと</c><105></c>,それはいつかきっと
69.586,69.753,-1,78,<105></c><93>そ</c><121>れ</c><144>は</c><173>い</c><206>つ</c><209>か</c><217>き</c><220>っ</c><205>と</c><105></c>,それはいつかきっと
69.586,69.753,-1,0,<105></c><93>そ</c><121>れ</c><144>は</c><173>い</c><206>つ</c><209>か</c><217>き</c><220>っ</c><205>と</c><105></c>,それはいつかきっと
69.753,70.487,-1,78,<105></c><93>そ</c><121>れ</c><144>は</c><173>い</c><206>つ</c><209>か</c><217>き</c><220>っ</c><226>と</c><105></c>,それはいつかきっと
69.753,70.487,-1,0,<105></c><93>そ</c><121>れ</c><144>は</c><173>い</c><206>つ</c><209>か</c><217>き</c><220>っ</c><226>と</c><105></c>,それはいつかきっと
70.487,70.654,-1,78,<105></c><182>大</c><205>きな夢叶えるから</c><105></c>,大きな夢叶えるから
70.487,70.654,-1,0,<105></c><182>お</c><205>おきなゆめかなえるから</c><105></c>,おおきなゆめかなえるから
70.654,71.021,-1,78,<105></c><182>大</c><205>きな夢叶えるから</c><105></c>,大きな夢叶えるから
70.654,71.021,-1,0,<105></c><182>お</c><146>お</c><205>きなゆめかなえるから</c><105></c>,おおきなゆめかなえるから
71.021,71.188,-1,78,<105></c><182>大</c><103>き</c><205>な夢叶えるから</c><105></c>,大きな夢叶えるから
71.021,71.188,-1,0,<105></c><182>お</c><146>お</c><103>き</c><205>なゆめかなえるから</c><105></c>,おおきなゆめかなえるから
71.188,71.555,-1,78,<105></c><182>大</c><103>き</c><46>な</c><205>夢叶えるから</c><105></c>,大きな夢叶えるから
71.188,71.555,-1,0,<105></c><182>お</c><146>お</c><103>き</c><46>な</c><205>ゆめかなえるから</c><105></c>,おおきなゆめかなえるから
71.555,71.922,-1,78,<105></c><182>大</c><103>き</c><46>な</c><26>夢</c><205>叶えるから</c><105></c>,大きな夢叶えるから
71.555,71.922,-1,0,<105></c><182>お</c><146>お</c><103>き</c><46>な</c><26>ゆ</c><205>めかなえるから</c><105></c>,おおきなゆめかなえるから
71.922,72.823,-1,78,<105></c><182>大</c><103>き</c><46>な</c><26>夢</c><205>叶えるから</c><105></c>,大きな夢叶えるから
71.922,72.823,-1,0,<105></c><182>お</c><146>お</c><103>き</c><46>な</c><26>ゆ</c><8>め</c><205>かなえるから</c><105></c>,おおきなゆめかなえるから
72.823,73.09,-1,78,<105></c><182>大</c><103>き</c><46>な</c><26>夢</c><6>叶</c><205>えるから</c><105></c>,大きな夢叶えるから
72.823,73.09,-1,0,<105></c><182>お</c><146>お</c><103>き</c><46>な</c><26>ゆ</c><8>め</c><6>か</c><205>なえるから</c><105></c>,おおきなゆめかなえるから
73.09,73.323,-1,78,<105></c><182>大</c><103>き</c><46>な</c><26>夢</c><6>叶</c><205>えるから</c><105></c>,大きな夢叶えるから
73.09,73.323,-1,0,<105></c><182>お</c><146>お</c><103>き</c><46>な</c><26>ゆ</c><8>め</c><6>か</c><21>な</c><205>えるから</c><105></c>,おおきなゆめかなえるから
73.323,73.524,-1,78,<105></c><182>大</c><103>き</c><46>な</c><26>夢</c><6>叶</c><36>え</c><205>るから</c><105></c>,大きな夢叶えるから
73.323,73.524,-1,0,<105></c><182>お</c><146>お</c><103>き</c><46>な</c><26>ゆ</c><8>め</c><6>か</c><21>な</c><36>え</c><205>るから</c><105></c>,おおきなゆめかなえるから
73.524,74.058,-1,78,<105></c><182>大</c><103>き</c><46>な</c><26>夢</c><6>叶</c><36>え</c><55>る</c><205>から</c><105></c>,大きな夢叶えるから
73.524,74.058,-1,0,<105></c><182>お</c><146>お</c><103>き</c><46>な</c><26>ゆ</c><8>め</c><6>か</c><21>な</c><36>え</c><55>る</c><205>から</c><105></c>,おおきなゆめかなえるから
74.058,74.224,-1,78,<105></c><182>大</c><103>き</c><46>な</c><26>夢</c><6>叶</c><36>え</c><55>る</c><109>か</c><205>ら</c><105></c>,大きな夢叶えるから
74.058,74.224,-1,0,<105></c><182>お</c><146>お</c><103>き</c><46>な</c><26>ゆ</c><8>め</c><6>か</c><21>な</c><36>え</c><55>る</c><109>か</c><205>ら</c><105></c>,おおきなゆめかなえるから
74.224,75.492,-1,78,<105></c><182>大</c><103>き</c><46>な</c><26>夢</c><6>叶</c><36>え</c><55>る</c><109>か</c><142>ら</c><105></c>,大きな夢叶えるから
74.224,75.492,-1,0,<105></c><182>お</c><146>お</c><103>き</c><46>な</c><26>ゆ</c><8>め</c><6>か</c><21>な</c><36>え</c><55>る</c><109>か</c><142>ら</c><105></c>,おおきなゆめかなえるから
75.492,75.659,-1,78,<105></c><1>d</c><205>reamingdays</c><105></c>,dreamingdays
75.492,75.659,-1,0,<105></c><1>ド</c><205>リーミングデイズ</c><105></c>,ドリーミングデイズ
75.659,76.026,-1,78,<105></c><1>d</c><114>r</c><134>e</c><65>a</c><205>mingdays</c><105></c>,dreamingdays
75.659,76.026,-1,0,<105></c><1>ド</c><178>リ</c><57>ー</c><205>ミングデイズ</c><105></c>,ドリーミングデイズ
76.026,76.36,-1,78,<105></c><1>d</c><114>r</c><134>e</c><65>a</c><90>m</c><159>i</c><212>n</c><228>g</c><205>days</c><105></c>,dreamingdays
76.026,76.36,-1,0,<105></c><1>ド</c><178>リ</c><57>ー</c><93>ミ</c><206>ン</c><226>グ</c><205>デイズ</c><105></c>,ドリーミングデイズ
76.36,78.228,-1,78,<105></c><1>d</c><114>r</c><134>e</c><65>a</c><90>m</c><159>i</c><212>n</c><228>g</c><185>d</c><46>a</c><21>y</c><142>s</c><105></c>,dreamingdays
76.36,78.228,-1,0,<105></c><1>ド</c><178>リ</c><57>ー</c><93>ミ</c><206>ン</c><226>グ</c><182>デ</c><2>イ</c><142>ズ</c><105></c>,ドリーミングデイズ
78.228,78.295,-1,78,<105></c><1>d</c><114>r</c><134>e</c><65>a</c><90>m</c><159>i</c><212>n</c><228>g</c><185>d</c><46>a</c><21>y</c><142>s</c><105></c>,dreamingdays
78.228,78.295,-1,0,<105></c><1>ド</c><178>リ</c><57>ー</c><93>ミ</c><206>ン</c><226>グ</c><182>デ</c><2>イ</c><142>ズ</c><105></c>,ドリーミングデイズ
78.295,78.362,-1,78,<105></c><1>d</c><114>r</c><134>e</c><65>a</c><90>m</c><159>i</c><212>n</c><228>g</c><185>d</c><46>a</c><21>y</c><142>s</c><105></c>,dreamingdays
78.295,78.362,-1,0,<105></c><1>ド</c><178>リ</c><57>ー</c><93>ミ</c><206>ン</c><226>グ</c><182>デ</c><2>イ</c><142>ズ</c><105></c>,ドリーミングデイズ
78.362,78.429,-1,78,<105></c><1>d</c><114>r</c><134>e</c><65>a</c><90>m</c><159>i</c><212>n</c><228>g</c><185>d</c><46>a</c><21>y</c><142>s</c><105></c>,dreamingdays
78.362,78.429,-1,0,<105></c><1>ド</c><178>リ</c><57>ー</c><93>ミ</c><206>ン</c><226>グ</c><182>デ</c><2>イ</c><142>ズ</c><105></c>,ドリーミングデイズ
78.429,78.495,-1,78,<105></c><1>d</c><114>r</c><134>e</c><65>a</c><90>m</c><159>i</c><212>n</c><228>g</c><185>d</c><46>a</c><21>y</c><142>s</c><105></c>,dreamingdays
78.429,78.495,-1,0,<105></c><1>ド</c><178>リ</c><57>ー</c><93>ミ</c><206>ン</c><226>グ</c><182>デ</c><2>イ</c><142>ズ</c><105></c>,ドリーミングデイズ
78.495,78.562,-1,78,<105></c><1>d</c><114>r</c><134>e</c><65>a</c><90>m</c><159>i</c><212>n</c><228>g</c><185>d</c><46>a</c><21>y</c><142>s</c><105></c>,dreamingdays
78.495,78.562,-1,0,<105></c><1>ド</c><178>リ</c><57>ー</c><93>ミ</c><206>ン</c><226>グ</c><182>デ</c><2>イ</c><142>ズ</c><105></c>,ドリーミングデイズ
78.562,78.629,-1,78,<105></c><1>d</c><114>r</c><134>e</c><65>a</c><90>m</c><159>i</c><212>n</c><228>g</c><185>d</c><46>a</c><21>y</c><142>s</c><105></c>,dreamingdays
78.562,78.629,-1,0,<105></c><1>ド</c><178>リ</c><57>ー</c><93>ミ</c><206>ン</c><226>グ</c><182>デ</c><2>イ</c><142>ズ</c><105></c>,ドリーミングデイズ
78.629,78.695,-1,78,<105></c><1>d</c><114>r</c><134>e</c><65>a</c><90>m</c><159>i</c><212>n</c><228>g</c><185>d</c><46>a</c><21>y</c><142>s</c><105></c>,dreamingdays
78.629,78.695,-1,0,<105></c><1>ド</c><178>リ</c><57>ー</c><93>ミ</c><206>ン</c><226>グ</c><182>デ</c><2>イ</c><142>ズ</c><105></c>,ドリーミングデイズ
78.695,78.762,-1,78,<105></c><1>d</c><114>r</c><134>e</c><65>a</c><90>m</c><159>i</c><212>n</c><228>g</c><185>d</c><46>a</c><21>y</c><142>s</c><105></c>,dreamingdays
78.695,78.762,-1,0,<105></c><1>ド</c><178>リ</c><57>ー</c><93>ミ</c><206>ン</c><226>グ</c><182>デ</c><2>イ</c><142>ズ</c><105></c>,ドリーミングデイズ
78.762,78.829,-1,78,<105></c><1>d</c><114>r</c><134>e</c><65>a</c><90>m</c><159>i</c><212>n</c><228>g</c><185>d</c><46>a</c><21>y</c><142>s</c><105></c>,dreamingdays
78.762,78.829,-1,0,<105></c><1>ド</c><178>リ</c><57>ー</c><93>ミ</c><206>ン</c><226>グ</c><182>デ</c><2>イ</c><142>ズ</c><105></c>,ドリーミングデイズ
78.829,78.896,-1,78,<105></c><1>d</c><114>r</c><134>e</c><65>a</c><90>m</c><159>i</c><212>n</c><228>g</c><185>d</c><46>a</c><21>y</c><142>s</c><105></c>,dreamingdays
78.829,78.896,-1,0,<105></c><1>ド</c><178>リ</c><57>ー</c><93>ミ</c><206>ン</c><226>グ</c><182>デ</c><2>イ</c><142>ズ</c><105></c>,ドリーミングデイズ
78.896,78.962,-1,78,<105></c><1>d</c><114>r</c><134>e</c><65>a</c><90>m</c><159>i</c><212>n</c><228>g</c><185>d</c><46>a</c><21>y</c><142>s</c><105></c>,dreamingdays
78.896,78.962,-1,0,<105></c><1>ド</c><178>リ</c><57>ー</c><93>ミ</c><206>ン</c><226>グ</c><182>デ</c><2>イ</c><142>ズ</c><105></c>,ドリーミングデイズ
78.962,79.029,-1,78,<105></c><1>d</c><114>r</c><134>e</c><65>a</c><90>m</c><159>i</c><212>n</c><228>g</c><185>d</c><46>a</c><21>y</c><142>s</c><105></c>,dreamingdays
78.962,79.029,-1,0,<105></c><1>ド</c><178>リ</c><57>ー</c><93>ミ</c><206>ン</c><226>グ</c><182>デ</c><2>イ</c><142>ズ</c><105></c>,ドリーミングデイズ
79.029,79.096,-1,78,<105></c><1>d</c><114>r</c><134>e</c><65>a</c><90>m</c><159>i</c><212>n</c><228>g</c><185>d</c><46>a</c><21>y</c><142>s</c><105></c>,dreamingdays
79.029,79.096,-1,0,<105></c><1>ド</c><178>リ</c><57>ー</c><93>ミ</c><206>ン</c><226>グ</c><182>デ</c><2>イ</c><142>ズ</c><105></c>,ドリーミングデイズ
79.096,79.163,-1,78,<105></c><1>d</c><114>r</c><134>e</c><65>a</c><90>m</c><159>i</c><212>n</c><228>g</c><185>d</c><46>a</c><21>y</c><142>s</c><105></c>,dreamingdays
79.096,79.163,-1,0,<105></c><1>ド</c><178>リ</c><57>ー</c><93>ミ</c><206>ン</c><226>グ</c><182>デ</c><2>イ</c><142>ズ</c><105></c>,ドリーミングデイズ
79.163,79.229,-1,78,<105></c><1>d</c><114>r</c><134>e</c><65>a</c><90>m</c><159>i</c><212>n</c><228>g</c><185>d</c><46>a</c><21>y</c><142>s</c><105></c>,dreamingdays
79.163,79.229,-1,0,<105></c><1>ド</c><178>リ</c><57>ー</c><93>ミ</c><206>ン</c><226>グ</c><182>デ</c><2>イ</c><142>ズ</c><105></c>,ドリーミングデイズ
