start,end,position,line,text
00:00:04.955,00:00:13.964,-1,0,"<2>Robocosan-kotonoha</c>"
00:00:04.955,00:00:07.958,59,92,"<2>Lyrics:KonomiFujimura(Hifumiinc.)</c>"
00:00:07.958,00:00:10.928,-1,91,"<2>CompositionArrangementGuitar:HideyukiGushimiyagi(Hifumiinc.)</c>"
00:00:10.928,00:00:13.964,-1,92,"<2>Vocals:Robocosan</c>"
00:00:16.967,00:00:17.334,67,0,"<2>yo</c><1>kuwaraunesouittehohoemukimino</c>"
00:00:16.967,00:00:22.973,95,92,"<2>You'realwayssocheeryyousaywithasmileonyourface</c>"
00:00:17.334,00:00:17.534,67,0,"<2>yoku</c><1>waraunesouittehohoemukimino</c>"
00:00:17.534,00:00:17.935,67,0,"<2>yokuwa</c><1>raunesouittehohoemukimino</c>"
00:00:17.935,00:00:18.102,67,0,"<2>yokuwara</c><1>unesouittehohoemukimino</c>"
00:00:18.102,00:00:18.469,67,0,"<2>yokuwarau</c><1>nesouittehohoemukimino</c>"
00:00:18.469,00:00:19.203,67,0,"<2>yokuwaraune</c><1>souittehohoemukimino</c>"
00:00:19.203,00:00:19.403,67,0,"<2>yokuwarauneso</c><1>uittehohoemukimino</c>"
00:00:19.403,00:00:19.603,67,0,"<2>yokuwaraunesou</c><1>ittehohoemukimino</c>"
00:00:19.603,00:00:19.837,67,0,"<2>yokuwaraunesoui</c><1>ttehohoemukimino</c>"
00:00:19.837,00:00:19.970,67,0,"<2>yokuwaraunesouit</c><1>tehohoemukimino</c>"
00:00:19.970,00:00:20.337,67,0,"<2>yokuwaraunesouitte</c><1>hohoemukimino</c>"
00:00:20.337,00:00:20.504,67,0,"<2>yokuwaraunesouitteho</c><1>hoemukimino</c>"
00:00:20.504,00:00:20.904,67,0,"<2>yokuwaraunesouittehoho</c><1>emukimino</c>"
00:00:20.904,00:00:21.138,67,0,"<2>yokuwaraunesouittehohoe</c><1>mukimino</c>"
00:00:21.138,00:00:21.472,67,0,"<2>yokuwaraunesouittehohoemu</c><1>kimino</c>"
00:00:21.472,00:00:21.839,67,0,"<2>yokuwaraunesouittehohoemuki</c><1>mino</c>"
00:00:21.839,00:00:22.239,67,0,"<2>yokuwaraunesouittehohoemukimi</c><1>no</c>"
00:00:22.239,00:00:22.973,64,0,"<2>yokuwaraunesouittehohoemukimino</c>"
00:00:22.973,00:00:23.340,-1,0,"<2>e</c><1>gaogakyoumotakaramonode</c>"
00:00:22.973,00:00:28.946,78,92,"<2>Givingmeanothersighttoholdclosetomyheart</c>"
00:00:23.340,00:00:23.507,-1,0,"<2>ega</c><1>ogakyoumotakaramonode</c>"
00:00:23.507,00:00:23.907,-1,0,"<2>egao</c><1>gakyoumotakaramonode</c>"
00:00:23.907,00:00:24.074,-1,0,"<2>egaoga</c><1>kyoumotakaramonode</c>"
00:00:24.074,00:00:24.274,-1,0,"<2>egaogakyo</c><1>umotakaramonode</c>"
00:00:24.274,00:00:24.441,-1,0,"<2>egaogakyou</c><1>motakaramonode</c>"
00:00:24.441,00:00:25.175,-1,0,"<2>egaogakyoumo</c><1>takaramonode</c>"
00:00:25.175,00:00:25.542,-1,0,"<2>egaogakyoumota</c><1>karamonode</c>"
00:00:25.542,00:00:25.943,-1,0,"<2>egaogakyoumotaka</c><1>ramonode</c>"
00:00:25.943,00:00:26.543,-1,0,"<2>egaogakyoumotakara</c><1>monode</c>"
00:00:26.543,00:00:27.077,-1,0,"<2>egaogakyoumotakaramo</c><1>node</c>"
00:00:27.077,00:00:27.478,-1,0,"<2>egaogakyoumotakaramono</c><1>de</c>"
00:00:27.478,00:00:28.946,-1,0,"<2>egaogakyoumotakaramonode</c>"
00:00:28.946,00:00:29.313,59,0,"<2>da</c><1>medamedemosutekitoittekureru</c>"
00:00:28.946,00:00:34.985,78,92,"<2>You'redoinggreatyousaywhenIknowI'mnot</c>"
00:00:29.313,00:00:29.513,59,0,"<2>dame</c><1>damedemosutekitoittekureru</c>"
00:00:29.513,00:00:29.913,59,0,"<2>dameda</c><1>medemosutekitoittekureru</c>"
00:00:29.913,00:00:30.080,59,0,"<2>damedame</c><1>demosutekitoittekureru</c>"
00:00:30.080,00:00:30.447,59,0,"<2>damedamede</c><1>mosutekitoittekureru</c>"
00:00:30.447,00:00:31.181,59,0,"<2>damedamedemo</c><1>sutekitoittekureru</c>"
00:00:31.181,00:00:31.582,59,0,"<2>damedamedemosu</c><1>tekitoittekureru</c>"
00:00:31.582,00:00:31.949,59,0,"<2>damedamedemosute</c><1>kitoittekureru</c>"
00:00:31.949,00:00:32.349,59,0,"<2>damedamedemosuteki</c><1>toittekureru</c>"
00:00:32.349,00:00:32.516,59,0,"<2>damedamedemosutekito</c><1>ittekureru</c>"
00:00:32.516,00:00:32.850,59,0,"<2>damedamedemosutekitoi</c><1>ttekureru</c>"
00:00:32.850,00:00:33.083,59,0,"<2>damedamedemosutekitoit</c><1>tekureru</c>"
00:00:33.083,00:00:33.450,59,0,"<2>damedamedemosutekitoitte</c><1>kureru</c>"
00:00:33.450,00:00:33.851,59,0,"<2>damedamedemosutekitoitteku</c><1>reru</c>"
00:00:33.851,00:00:34.184,59,0,"<2>damedamedemosutekitoittekure</c><1>ru</c>"
00:00:34.184,00:00:34.985,56,0,"<2>damedamedemosutekitoittekureru</c>"
00:00:34.985,00:00:35.185,-1,0,"<2>ho</c><1>ntosugoiyamahoumitai</c>"
00:00:34.985,00:00:40.190,-1,92,"<2>Castinganothermagicspellonme</c>"
00:00:35.185,00:00:35.352,-1,0,"<2>hon</c><1>tosugoiyamahoumitai</c>"
00:00:35.352,00:00:35.552,-1,0,"<2>honto</c><1>sugoiyamahoumitai</c>"
00:00:35.552,00:00:35.919,-1,0,"<2>hontosu</c><1>goiyamahoumitai</c>"
00:00:35.919,00:00:36.120,-1,0,"<2>hontosugo</c><1>iyamahoumitai</c>"
00:00:36.120,00:00:36.487,-1,0,"<2>hontosugoi</c><1>yamahoumitai</c>"
00:00:36.487,00:00:37.187,-1,0,"<2>hontosugoiya</c><1>mahoumitai</c>"
00:00:37.187,00:00:37.621,-1,0,"<2>hontosugoiyama</c><1>houmitai</c>"
00:00:37.621,00:00:37.955,-1,0,"<2>hontosugoiyamaho</c><1>umitai</c>"
00:00:37.955,00:00:38.522,-1,0,"<2>hontosugoiyamahou</c><1>mitai</c>"
00:00:38.522,00:00:39.123,-1,0,"<2>hontosugoiyamahoumi</c><1>tai</c>"
00:00:39.123,00:00:39.456,-1,0,"<2>hontosugoiyamahoumita</c><1>i</c>"
00:00:39.456,00:00:40.190,-1,0,"<2>hontosugoiyamahoumitai</c>"
00:00:40.190,00:00:40.591,73,0,"<2>na</c><1>nikanitsumazuitarikowaresouninattemo</c>"
00:00:40.190,00:00:51.068,81,92,"<2>Whentimesaretoughandthere'sabreakdowncoming</c>"
00:00:40.591,00:00:40.958,73,0,"<2>nani</c><1>kanitsumazuitarikowaresouninattemo</c>"
00:00:40.958,00:00:41.725,73,0,"<2>nanika</c><1>nitsumazuitarikowaresouninattemo</c>"
00:00:41.725,00:00:42.459,73,0,"<2>nanikani</c><1>tsumazuitarikowaresouninattemo</c>"
00:00:42.459,00:00:43.227,73,0,"<2>nanikanitsu</c><1>mazuitarikowaresouninattemo</c>"
00:00:43.227,00:00:43.627,73,0,"<2>nanikanitsuma</c><1>zuitarikowaresouninattemo</c>"
00:00:43.627,00:00:44.328,73,0,"<2>nanikanitsumazu</c><1>itarikowaresouninattemo</c>"
00:00:44.328,00:00:44.528,73,0,"<2>nanikanitsumazui</c><1>tarikowaresouninattemo</c>"
00:00:44.528,00:00:45.095,73,0,"<2>nanikanitsumazuita</c><1>rikowaresouninattemo</c>"
00:00:45.095,00:00:46.163,73,0,"<2>nanikanitsumazuitari</c><1>kowaresouninattemo</c>"
00:00:46.163,00:00:46.563,73,0,"<2>nanikanitsumazuitariko</c><1>waresouninattemo</c>"
00:00:46.563,00:00:46.964,73,0,"<2>nanikanitsumazuitarikowa</c><1>resouninattemo</c>"
00:00:46.964,00:00:47.297,73,0,"<2>nanikanitsumazuitarikoware</c><1>souninattemo</c>"
00:00:47.297,00:00:47.698,73,0,"<2>nanikanitsumazuitarikowareso</c><1>uninattemo</c>"
00:00:47.698,00:00:48.065,73,0,"<2>nanikanitsumazuitarikowaresou</c><1>ninattemo</c>"
00:00:48.065,00:00:48.465,73,0,"<2>nanikanitsumazuitarikowaresouni</c><1>nattemo</c>"
00:00:48.465,00:00:48.832,73,0,"<2>nanikanitsumazuitarikowaresounina</c><1>ttemo</c>"
00:00:48.832,00:00:49.199,73,0,"<2>nanikanitsumazuitarikowaresouninat</c><1>temo</c>"
00:00:49.199,00:00:49.566,73,0,"<2>nanikanitsumazuitarikowaresouninatte</c><1>mo</c>"
00:00:49.566,00:00:51.068,70,0,"<2>nanikanitsumazuitarikowaresouninattemo</c>"
00:00:51.068,00:00:51.435,-1,0,"<2>bo</c><1>kugairutayorinaikanaa?</c>"
00:00:51.068,00:00:58.609,86,92,"<2>I'mrightherewithyouthoughImaynotbemuchhelp</c>"
00:00:51.435,00:00:51.835,-1,0,"<2>boku</c><1>gairutayorinaikanaa?</c>"
00:00:51.835,00:00:52.202,-1,0,"<2>bokuga</c><1>irutayorinaikanaa?</c>"
00:00:52.202,00:00:52.603,-1,0,"<2>bokugai</c><1>rutayorinaikanaa?</c>"
00:00:52.603,00:00:54.071,-1,0,"<2>bokugairu</c><1>tayorinaikanaa?</c>"
00:00:54.071,00:00:54.405,-1,0,"<2>bokugairuta</c><1>yorinaikanaa?</c>"
00:00:54.405,00:00:55.205,-1,0,"<2>bokugairutayo</c><1>rinaikanaa?</c>"
00:00:55.205,00:00:55.973,-1,0,"<2>bokugairutayori</c><1>naikanaa?</c>"
00:00:55.973,00:00:56.840,-1,0,"<2>bokugairutayorina</c><1>ikanaa?</c>"
00:00:56.840,00:00:57.074,-1,0,"<2>bokugairutayorinai</c><1>kanaa?</c>"
00:00:57.074,00:00:57.474,-1,0,"<2>bokugairutayorinaika</c><1>naa?</c>"
00:00:57.474,00:00:57.674,-1,0,"<2>bokugairutayorinaikana</c><1>a?</c>"
00:00:57.674,00:00:58.609,-1,0,"<2>bokugairutayorinaikanaa?</c>"
00:00:58.609,00:00:58.776,-1,0,"<2>a</c><1>nonetsutaetaikotonohagaaru</c>"
00:00:58.609,00:01:04.948,69,92,"<2>ButtherearesomewordsIwantyoutohear</c>"
00:00:58.776,00:00:58.976,-1,0,"<2>ano</c><1>netsutaetaikotonohagaaru</c>"
00:00:58.976,00:00:59.309,-1,0,"<2>anone</c><1>tsutaetaikotonohagaaru</c>"
00:00:59.309,00:00:59.710,-1,0,"<2>anonetsu</c><1>taetaikotonohagaaru</c>"
00:00:59.710,00:01:00.144,-1,0,"<2>anonetsuta</c><1>etaikotonohagaaru</c>"
00:01:00.144,00:01:00.444,-1,0,"<2>anonetsutae</c><1>taikotonohagaaru</c>"
00:01:00.444,00:01:00.677,-1,0,"<2>anonetsutaeta</c><1>ikotonohagaaru</c>"
00:01:00.677,00:01:01.211,-1,0,"<2>anonetsutaetai</c><1>kotonohagaaru</c>"
00:01:01.211,00:01:01.612,-1,0,"<2>anonetsutaetaiko</c><1>tonohagaaru</c>"
00:01:01.612,00:01:01.979,-1,0,"<2>anonetsutaetaikoto</c><1>nohagaaru</c>"
00:01:01.979,00:01:02.579,-1,0,"<2>anonetsutaetaikotono</c><1>hagaaru</c>"
00:01:02.579,00:01:03.113,-1,0,"<2>anonetsutaetaikotonoha</c><1>gaaru</c>"
00:01:03.113,00:01:03.480,-1,0,"<2>anonetsutaetaikotonohaga</c><1>aru</c>"
00:01:03.480,00:01:04.248,-1,0,"<2>anonetsutaetaikotonohagaa</c><1>ru</c>"
00:01:04.248,00:01:04.948,-1,0,"<2>anonetsutaetaikotonohagaaru</c>"
00:01:04.948,00:01:05.315,-1,0,"<2>ha</c><1>rooharooharoo</c>"
00:01:04.948,00:01:09.086,-1,92,"<2>Isayhellohellohello</c>"
00:01:05.315,00:01:06.083,-1,0,"<2>haroo</c><1>harooharoo</c>"
00:01:06.083,00:01:06.450,-1,0,"<2>harooha</c><1>rooharoo</c>"
00:01:06.450,00:01:07.184,-1,0,"<2>harooharoo</c><1>haroo</c>"
00:01:07.184,00:01:07.584,-1,0,"<2>harooharooha</c><1>roo</c>"
00:01:07.584,00:01:09.086,-1,0,"<2>harooharooharoo</c>"
00:01:09.086,00:01:09.453,69,0,"<2>a</c><1>shitamoneeasattemoitsumademozutto</c>"
00:01:09.086,00:01:16.960,64,92,"<2>Tomorrowthedayafterandforevermore</c>"
00:01:09.453,00:01:09.820,69,0,"<2>ashi</c><1>tamoneeasattemoitsumademozutto</c>"
00:01:09.820,00:01:10.187,69,0,"<2>ashita</c><1>moneeasattemoitsumademozutto</c>"
00:01:10.187,00:01:10.554,69,0,"<2>ashitamo</c><1>neeasattemoitsumademozutto</c>"
00:01:10.554,00:01:11.321,69,0,"<2>ashitamonee</c><1>asattemoitsumademozutto</c>"
00:01:11.321,00:01:11.688,69,0,"<2>ashitamoneea</c><1>sattemoitsumademozutto</c>"
00:01:11.688,00:01:12.056,69,0,"<2>ashitamoneeasa</c><1>ttemoitsumademozutto</c>"
00:01:12.056,00:01:12.423,69,0,"<2>ashitamoneeasat</c><1>temoitsumademozutto</c>"
00:01:12.423,00:01:12.823,69,0,"<2>ashitamoneeasatte</c><1>moitsumademozutto</c>"
00:01:12.823,00:01:13.157,69,0,"<2>ashitamoneeasattemo</c><1>itsumademozutto</c>"
00:01:13.157,00:01:13.590,69,0,"<2>ashitamoneeasattemoi</c><1>tsumademozutto</c>"
00:01:13.590,00:01:13.957,69,0,"<2>ashitamoneeasattemoitsu</c><1>mademozutto</c>"
00:01:13.957,00:01:14.491,69,0,"<2>ashitamoneeasattemoitsuma</c><1>demozutto</c>"
00:01:14.491,00:01:15.059,69,0,"<2>ashitamoneeasattemoitsumade</c><1>mozutto</c>"
00:01:15.059,00:01:15.459,69,0,"<2>ashitamoneeasattemoitsumademo</c><1>zutto</c>"
00:01:15.459,00:01:15.826,69,0,"<2>ashitamoneeasattemoitsumademozu</c><1>tto</c>"
00:01:15.826,00:01:16.193,69,0,"<2>ashitamoneeasattemoitsumademozut</c><1>to</c>"
00:01:16.193,00:01:16.960,66,0,"<2>ashitamoneeasattemoitsumademozutto</c>"
00:01:16.960,00:01:17.327,-1,0,"<2>ha</c><1>rooharooharoo</c>"
00:01:16.960,00:01:21.098,-1,92,"<2>Isayhellohellohello</c>"
00:01:17.327,00:01:18.095,-1,0,"<2>haroo</c><1>harooharoo</c>"
00:01:18.095,00:01:18.462,-1,0,"<2>harooha</c><1>rooharoo</c>"
00:01:18.462,00:01:19.229,-1,0,"<2>harooharoo</c><1>haroo</c>"
00:01:19.229,00:01:19.596,-1,0,"<2>harooharooha</c><1>roo</c>"
00:01:19.596,00:01:21.098,-1,0,"<2>harooharooharoo</c>"
00:01:21.098,00:01:21.465,-1,0,"<2>so</c><1>uittemataaetanettewaraou</c>"
00:01:21.098,00:01:31.975,61,92,"<2>Andwesmilehappythatwemeetagain</c>"
00:01:21.465,00:01:21.865,-1,0,"<2>sou</c><1>ittemataaetanettewaraou</c>"
00:01:21.865,00:01:22.232,-1,0,"<2>soui</c><1>ttemataaetanettewaraou</c>"
00:01:22.232,00:01:22.599,-1,0,"<2>souit</c><1>temataaetanettewaraou</c>"
00:01:22.599,00:01:23.333,-1,0,"<2>souitte</c><1>mataaetanettewaraou</c>"
00:01:23.333,00:01:23.734,-1,0,"<2>souittema</c><1>taaetanettewaraou</c>"
00:01:23.734,00:01:24.134,-1,0,"<2>souittemata</c><1>aetanettewaraou</c>"
00:01:24.134,00:01:24.468,-1,0,"<2>souittemataa</c><1>etanettewaraou</c>"
00:01:24.468,00:01:25.202,-1,0,"<2>souittemataae</c><1>tanettewaraou</c>"
00:01:25.202,00:01:25.602,-1,0,"<2>souittemataaeta</c><1>nettewaraou</c>"
00:01:25.602,00:01:25.969,-1,0,"<2>souittemataaetane</c><1>ttewaraou</c>"
00:01:25.969,00:01:26.703,-1,0,"<2>souittemataaetanet</c><1>tewaraou</c>"
00:01:26.703,00:01:27.538,-1,0,"<2>souittemataaetanette</c><1>waraou</c>"
00:01:27.538,00:01:28.205,-1,0,"<2>souittemataaetanettewa</c><1>raou</c>"
00:01:28.205,00:01:28.972,-1,0,"<2>souittemataaetanettewara</c><1>ou</c>"
00:01:28.972,00:01:29.206,-1,0,"<2>souittemataaetanettewarao</c><1>u</c>"
00:01:29.206,00:01:31.975,-1,0,"<2>souittemataaetanettewaraou</c>"
00:01:40.951,00:01:41.318,61,0,"<2>at</c><1>toiumadanetaemanonaioshaberi</c>"
00:01:40.951,00:01:46.957,69,92,"<2>Timeflieswhenwe'retalkingaboutnothing</c>"
00:01:41.318,00:01:41.518,61,0,"<2>atto</c><1>iumadanetaemanonaioshaberi</c>"
00:01:41.518,00:01:41.685,61,0,"<2>attoi</c><1>umadanetaemanonaioshaberi</c>"
00:01:41.685,00:01:41.885,61,0,"<2>attoiu</c><1>madanetaemanonaioshaberi</c>"
00:01:41.885,00:01:42.086,61,0,"<2>attoiuma</c><1>danetaemanonaioshaberi</c>"
00:01:42.086,00:01:42.453,61,0,"<2>attoiumada</c><1>netaemanonaioshaberi</c>"
00:01:42.453,00:01:43.153,61,0,"<2>attoiumadane</c><1>taemanonaioshaberi</c>"
00:01:43.153,00:01:43.587,61,0,"<2>attoiumadaneta</c><1>emanonaioshaberi</c>"
00:01:43.587,00:01:43.954,61,0,"<2>attoiumadanetae</c><1>manonaioshaberi</c>"
00:01:43.954,00:01:44.288,61,0,"<2>attoiumadanetaema</c><1>nonaioshaberi</c>"
00:01:44.288,00:01:44.521,61,0,"<2>attoiumadanetaemano</c><1>naioshaberi</c>"
00:01:44.521,00:01:44.888,61,0,"<2>attoiumadanetaemanona</c><1>ioshaberi</c>"
00:01:44.888,00:01:45.089,61,0,"<2>attoiumadanetaemanonai</c><1>oshaberi</c>"
00:01:45.089,00:01:45.456,61,0,"<2>attoiumadanetaemanonaio</c><1>shaberi</c>"
00:01:45.456,00:01:45.823,61,0,"<2>attoiumadanetaemanonaiosha</c><1>beri</c>"
00:01:45.823,00:01:46.190,61,0,"<2>attoiumadanetaemanonaioshabe</c><1>ri</c>"
00:01:46.190,00:01:46.957,58,0,"<2>attoiumadanetaemanonaioshaberi</c>"
00:01:46.957,00:01:47.224,-1,0,"<2>mo</c><1>uchottodakeohanashishiyou</c>"
00:01:46.957,00:01:52.963,66,92,"<2>Iwannahearyourvoicelet'skeepgoing</c>"
00:01:47.224,00:01:47.524,-1,0,"<2>mou</c><1>chottodakeohanashishiyou</c>"
00:01:47.524,00:01:47.891,-1,0,"<2>mouchot</c><1>todakeohanashishiyou</c>"
00:01:47.891,00:01:48.092,-1,0,"<2>mouchotto</c><1>dakeohanashishiyou</c>"
00:01:48.092,00:01:48.425,-1,0,"<2>mouchottoda</c><1>keohanashishiyou</c>"
00:01:48.425,00:01:49.193,-1,0,"<2>mouchottodake</c><1>ohanashishiyou</c>"
00:01:49.193,00:01:49.560,-1,0,"<2>mouchottodakeo</c><1>hanashishiyou</c>"
00:01:49.560,00:01:49.960,-1,0,"<2>mouchottodakeoha</c><1>nashishiyou</c>"
00:01:49.960,00:01:50.494,-1,0,"<2>mouchottodakeohana</c><1>shishiyou</c>"
00:01:50.494,00:01:51.061,-1,0,"<2>mouchottodakeohanashi</c><1>shiyou</c>"
00:01:51.061,00:01:51.462,-1,0,"<2>mouchottodakeohanashishi</c><1>you</c>"
00:01:51.462,00:01:51.728,-1,0,"<2>mouchottodakeohanashishiyo</c><1>u</c>"
00:01:51.728,00:01:52.963,-1,0,"<2>mouchottodakeohanashishiyou</c>"
00:01:52.963,00:01:53.330,58,0,"<2>ma</c><1>taaouneoyasuminosonoatowa</c>"
00:01:52.963,00:01:58.969,69,92,"<2>Afterwesaygoodnightandgoourownways</c>"
00:01:53.330,00:01:53.530,58,0,"<2>mata</c><1>aouneoyasuminosonoatowa</c>"
00:01:53.530,00:01:53.864,58,0,"<2>mataa</c><1>ouneoyasuminosonoatowa</c>"
00:01:53.864,00:01:54.064,58,0,"<2>mataao</c><1>uneoyasuminosonoatowa</c>"
00:01:54.064,00:01:54.431,58,0,"<2>mataaou</c><1>neoyasuminosonoatowa</c>"
00:01:54.431,00:01:55.199,58,0,"<2>mataaoune</c><1>oyasuminosonoatowa</c>"
00:01:55.199,00:01:55.599,58,0,"<2>mataaouneo</c><1>yasuminosonoatowa</c>"
00:01:55.599,00:01:55.966,58,0,"<2>mataaouneoya</c><1>suminosonoatowa</c>"
00:01:55.966,00:01:56.300,58,0,"<2>mataaouneoyasu</c><1>minosonoatowa</c>"
00:01:56.300,00:01:56.533,58,0,"<2>mataaouneoyasumi</c><1>nosonoatowa</c>"
00:01:56.533,00:01:56.900,58,0,"<2>mataaouneoyasumino</c><1>sonoatowa</c>"
00:01:56.900,00:01:57.101,58,0,"<2>mataaouneoyasuminoso</c><1>noatowa</c>"
00:01:57.101,00:01:57.434,58,0,"<2>mataaouneoyasuminosono</c><1>atowa</c>"
00:01:57.434,00:01:57.835,58,0,"<2>mataaouneoyasuminosonoa</c><1>towa</c>"
00:01:57.835,00:01:58.202,58,0,"<2>mataaouneoyasuminosonoato</c><1>wa</c>"
00:01:58.202,00:01:58.969,-1,0,"<2>mataaouneoyasuminosonoatowa</c>"
00:01:58.969,00:01:59.136,56,0,"<2>i</c><1>tsumochottodakesamishiijikan</c>"
00:01:58.969,00:02:04.141,67,92,"<2>It'salwaysalittlesadeverysingleday</c>"
00:01:59.136,00:01:59.336,56,0,"<2>itsu</c><1>mochottodakesamishiijikan</c>"
00:01:59.336,00:01:59.536,56,0,"<2>itsumo</c><1>chottodakesamishiijikan</c>"
00:01:59.536,00:01:59.703,56,0,"<2>itsumocho</c><1>ttodakesamishiijikan</c>"
00:01:59.703,00:01:59.903,56,0,"<2>itsumochot</c><1>todakesamishiijikan</c>"
00:01:59.903,00:02:00.104,56,0,"<2>itsumochotto</c><1>dakesamishiijikan</c>"
00:02:00.104,00:02:00.471,56,0,"<2>itsumochottoda</c><1>kesamishiijikan</c>"
00:02:00.471,00:02:01.171,56,0,"<2>itsumochottodake</c><1>samishiijikan</c>"
00:02:01.171,00:02:01.572,56,0,"<2>itsumochottodakesa</c><1>mishiijikan</c>"
00:02:01.572,00:02:01.972,56,0,"<2>itsumochottodakesami</c><1>shiijikan</c>"
00:02:01.972,00:02:02.206,56,0,"<2>itsumochottodakesamishi</c><1>ijikan</c>"
00:02:02.206,00:02:02.506,56,0,"<2>itsumochottodakesamishii</c><1>jikan</c>"
00:02:02.506,00:02:03.107,56,0,"<2>itsumochottodakesamishiiji</c><1>kan</c>"
00:02:03.107,00:02:03.474,56,0,"<2>itsumochottodakesamishiijika</c><1>n</c>"
00:02:03.474,00:02:04.141,-1,0,"<2>itsumochottodakesamishiijikan</c>"
00:02:04.141,00:02:04.575,75,0,"<2>hi</c><1>toribocchideumaretekitakedosamishikunai</c>"
00:02:04.141,00:02:15.085,59,92,"<2>IwasbornalonebutI'mnotanymore</c>"
00:02:04.575,00:02:04.942,75,0,"<2>hito</c><1>ribocchideumaretekitakedosamishikunai</c>"
00:02:04.942,00:02:05.676,75,0,"<2>hitori</c><1>bocchideumaretekitakedosamishikunai</c>"
00:02:05.676,00:02:05.976,75,0,"<2>hitoribo</c><1>cchideumaretekitakedosamishikunai</c>"
00:02:05.976,00:02:06.376,75,0,"<2>hitoriboc</c><1>chideumaretekitakedosamishikunai</c>"
00:02:06.376,00:02:07.211,75,0,"<2>hitoribocchi</c><1>deumaretekitakedosamishikunai</c>"
00:02:07.211,00:02:07.578,75,0,"<2>hitoribocchide</c><1>umaretekitakedosamishikunai</c>"
00:02:07.578,00:02:08.278,75,0,"<2>hitoribocchideu</c><1>maretekitakedosamishikunai</c>"
00:02:08.278,00:02:08.512,75,0,"<2>hitoribocchideuma</c><1>retekitakedosamishikunai</c>"
00:02:08.512,00:02:09.079,75,0,"<2>hitoribocchideumare</c><1>tekitakedosamishikunai</c>"
00:02:09.079,00:02:10.214,75,0,"<2>hitoribocchideumarete</c><1>kitakedosamishikunai</c>"
00:02:10.214,00:02:10.547,75,0,"<2>hitoribocchideumareteki</c><1>takedosamishikunai</c>"
00:02:10.547,00:02:10.948,75,0,"<2>hitoribocchideumaretekita</c><1>kedosamishikunai</c>"
00:02:10.948,00:02:11.315,75,0,"<2>hitoribocchideumaretekitake</c><1>dosamishikunai</c>"
00:02:11.315,00:02:12.049,75,0,"<2>hitoribocchideumaretekitakedo</c><1>samishikunai</c>"
00:02:12.049,00:02:12.449,75,0,"<2>hitoribocchideumaretekitakedosa</c><1>mishikunai</c>"
00:02:12.449,00:02:12.783,75,0,"<2>hitoribocchideumaretekitakedosami</c><1>shikunai</c>"
00:02:12.783,00:02:13.150,75,0,"<2>hitoribocchideumaretekitakedosamishi</c><1>kunai</c>"
00:02:13.150,00:02:13.550,75,0,"<2>hitoribocchideumaretekitakedosamishiku</c><1>nai</c>"
00:02:13.550,00:02:14.384,75,0,"<2>hitoribocchideumaretekitakedosamishikuna</c><1>i</c>"
00:02:14.384,00:02:15.085,72,0,"<2>hitoribocchideumaretekitakedosamishikunai</c>"
00:02:15.085,00:02:15.486,-1,0,"<2>ki</c><1>migairuatatakainaa</c>"
00:02:15.085,00:02:22.559,69,92,"<2>You'rerightherewithmeitfeelssowarm</c>"
00:02:15.486,00:02:15.853,-1,0,"<2>kimi</c><1>gairuatatakainaa</c>"
00:02:15.853,00:02:16.220,-1,0,"<2>kimiga</c><1>iruatatakainaa</c>"
00:02:16.220,00:02:16.620,-1,0,"<2>kimigai</c><1>ruatatakainaa</c>"
00:02:16.620,00:02:18.088,-1,0,"<2>kimigairu</c><1>atatakainaa</c>"
00:02:18.088,00:02:18.455,-1,0,"<2>kimigairua</c><1>tatakainaa</c>"
00:02:18.455,00:02:19.223,-1,0,"<2>kimigairuata</c><1>takainaa</c>"
00:02:19.223,00:02:19.957,-1,0,"<2>kimigairuatata</c><1>kainaa</c>"
00:02:19.957,00:02:20.858,-1,0,"<2>kimigairuatataka</c><1>inaa</c>"
00:02:20.858,00:02:21.091,-1,0,"<2>kimigairuatatakai</c><1>naa</c>"
00:02:21.091,00:02:21.458,-1,0,"<2>kimigairuatatakaina</c><1>a</c>"
00:02:21.458,00:02:22.559,-1,0,"<2>kimigairuatatakainaa</c>"
00:02:22.559,00:02:22.759,-1,0,"<2>mo</c><1>ttotsutaetaikotonohagaaru</c>"
00:02:22.559,00:02:28.966,69,92,"<2>ButtherearemorewordsIwantyoutohear</c>"
00:02:22.759,00:02:22.960,-1,0,"<2>mot</c><1>totsutaetaikotonohagaaru</c>"
00:02:22.960,00:02:23.293,-1,0,"<2>motto</c><1>tsutaetaikotonohagaaru</c>"
00:02:23.293,00:02:23.694,-1,0,"<2>mottotsu</c><1>taetaikotonohagaaru</c>"
00:02:23.694,00:02:24.094,-1,0,"<2>mottotsuta</c><1>etaikotonohagaaru</c>"
00:02:24.094,00:02:24.461,-1,0,"<2>mottotsutae</c><1>taikotonohagaaru</c>"
00:02:24.461,00:02:24.628,-1,0,"<2>mottotsutaeta</c><1>ikotonohagaaru</c>"
00:02:24.628,00:02:25.195,-1,0,"<2>mottotsutaetai</c><1>kotonohagaaru</c>"
00:02:25.195,00:02:25.596,-1,0,"<2>mottotsutaetaiko</c><1>tonohagaaru</c>"
00:02:25.596,00:02:25.929,-1,0,"<2>mottotsutaetaikoto</c><1>nohagaaru</c>"
00:02:25.929,00:02:26.497,-1,0,"<2>mottotsutaetaikotono</c><1>hagaaru</c>"
00:02:26.497,00:02:27.064,-1,0,"<2>mottotsutaetaikotonoha</c><1>gaaru</c>"
00:02:27.064,00:02:27.431,-1,0,"<2>mottotsutaetaikotonohaga</c><1>aru</c>"
00:02:27.431,00:02:28.198,-1,0,"<2>mottotsutaetaikotonohagaa</c><1>ru</c>"
00:02:28.198,00:02:28.966,-1,0,"<2>mottotsutaetaikotonohagaaru</c>"
00:02:28.966,00:02:29.333,-1,0,"<2>a</c><1>rigatouiou</c>"
00:02:28.966,00:02:33.036,-1,92,"<2>Isaythankyouthankyou</c>"
00:02:29.333,00:02:30.067,-1,0,"<2>ari</c><1>gatouiou</c>"
00:02:30.067,00:02:30.467,-1,0,"<2>ariga</c><1>touiou</c>"
00:02:30.467,00:02:30.667,-1,0,"<2>arigato</c><1>uiou</c>"
00:02:30.667,00:02:31.201,-1,0,"<2>arigatou</c><1>iou</c>"
00:02:31.201,00:02:31.568,-1,0,"<2>arigatoui</c><1>ou</c>"
00:02:31.568,00:02:31.969,-1,0,"<2>arigatouio</c><1>u</c>"
00:02:31.969,00:02:33.036,-1,0,"<2>arigatouiou</c>"
00:02:33.036,00:02:33.437,67,0,"<2>ta</c><1>daimamookaerimokonobashodekitto</c>"
00:02:33.036,00:02:40.978,73,92,"<2>Thisishometheplacewealwayscomebackto</c>"
00:02:33.437,00:02:33.804,67,0,"<2>tada</c><1>imamookaerimokonobashodekitto</c>"
00:02:33.804,00:02:34.171,67,0,"<2>tadai</c><1>mamookaerimokonobashodekitto</c>"
00:02:34.171,00:02:34.571,67,0,"<2>tadaima</c><1>mookaerimokonobashodekitto</c>"
00:02:34.571,00:02:35.339,67,0,"<2>tadaimamo</c><1>okaerimokonobashodekitto</c>"
00:02:35.339,00:02:35.672,67,0,"<2>tadaimamoo</c><1>kaerimokonobashodekitto</c>"
00:02:35.672,00:02:36.073,67,0,"<2>tadaimamooka</c><1>erimokonobashodekitto</c>"
00:02:36.073,00:02:36.440,67,0,"<2>tadaimamookae</c><1>rimokonobashodekitto</c>"
00:02:36.440,00:02:36.807,67,0,"<2>tadaimamookaeri</c><1>mokonobashodekitto</c>"
00:02:36.807,00:02:37.174,67,0,"<2>tadaimamookaerimo</c><1>konobashodekitto</c>"
00:02:37.174,00:02:37.574,67,0,"<2>tadaimamookaerimoko</c><1>nobashodekitto</c>"
00:02:37.574,00:02:37.941,67,0,"<2>tadaimamookaerimokono</c><1>bashodekitto</c>"
00:02:37.941,00:02:38.475,67,0,"<2>tadaimamookaerimokonoba</c><1>shodekitto</c>"
00:02:38.475,00:02:39.076,67,0,"<2>tadaimamookaerimokonobasho</c><1>dekitto</c>"
00:02:39.076,00:02:39.443,67,0,"<2>tadaimamookaerimokonobashode</c><1>kitto</c>"
00:02:39.443,00:02:39.810,67,0,"<2>tadaimamookaerimokonobashodeki</c><1>tto</c>"
00:02:39.810,00:02:40.177,67,0,"<2>tadaimamookaerimokonobashodekit</c><1>to</c>"
00:02:40.177,00:02:40.978,64,0,"<2>tadaimamookaerimokonobashodekitto</c>"
00:02:40.978,00:02:41.345,-1,0,"<2>mo</c><1>ttohanasou</c>"
00:02:40.978,00:02:45.082,58,92,"<2>Wesayallthethingswewanttosay</c>"
00:02:41.345,00:02:42.112,-1,0,"<2>mot</c><1>tohanasou</c>"
00:02:42.112,00:02:42.479,-1,0,"<2>motto</c><1>hanasou</c>"
00:02:42.479,00:02:43.213,-1,0,"<2>mottoha</c><1>nasou</c>"
00:02:43.213,00:02:43.614,-1,0,"<2>mottohana</c><1>sou</c>"
00:02:43.614,00:02:43.981,-1,0,"<2>mottohanaso</c><1>u</c>"
00:02:43.981,00:02:45.082,-1,0,"<2>mottohanasou</c>"
00:02:45.082,00:02:45.449,-1,0,"<2>so</c><1>uyatteomoidetsukuttewaraou</c>"
00:02:45.082,00:02:55.959,77,92,"<2>Andwesmilemakingmorememoriesalongtheway</c>"
00:02:45.449,00:02:45.816,-1,0,"<2>sou</c><1>yatteomoidetsukuttewaraou</c>"
00:02:45.816,00:02:46.216,-1,0,"<2>souya</c><1>tteomoidetsukuttewaraou</c>"
00:02:46.216,00:02:46.583,-1,0,"<2>souyat</c><1>teomoidetsukuttewaraou</c>"
00:02:46.583,00:02:47.317,-1,0,"<2>souyatte</c><1>omoidetsukuttewaraou</c>"
00:02:47.317,00:02:47.718,-1,0,"<2>souyatteo</c><1>moidetsukuttewaraou</c>"
00:02:47.718,00:02:48.051,-1,0,"<2>souyatteomo</c><1>idetsukuttewaraou</c>"
00:02:48.051,00:02:48.452,-1,0,"<2>souyatteomoi</c><1>detsukuttewaraou</c>"
00:02:48.452,00:02:49.153,-1,0,"<2>souyatteomoide</c><1>tsukuttewaraou</c>"
00:02:49.153,00:02:49.586,-1,0,"<2>souyatteomoidetsu</c><1>kuttewaraou</c>"
00:02:49.586,00:02:49.920,-1,0,"<2>souyatteomoidetsuku</c><1>ttewaraou</c>"
00:02:49.920,00:02:50.721,-1,0,"<2>souyatteomoidetsukut</c><1>tewaraou</c>"
00:02:50.721,00:02:51.488,-1,0,"<2>souyatteomoidetsukutte</c><1>waraou</c>"
00:02:51.488,00:02:52.189,-1,0,"<2>souyatteomoidetsukuttewa</c><1>raou</c>"
00:02:52.189,00:02:52.956,-1,0,"<2>souyatteomoidetsukuttewara</c><1>ou</c>"
00:02:52.956,00:02:53.157,-1,0,"<2>souyatteomoidetsukuttewarao</c><1>u</c>"
00:02:53.157,00:02:55.959,-1,0,"<2>souyatteomoidetsukuttewaraou</c>"
00:03:04.968,00:03:07.971,-1,92,"<2>RecordingMixing:YoutaIshiduka</c>"
00:03:07.971,00:03:10.974,-1,92,"<2>Illustration:Ordan&amp;nosir</c>"
00:03:10.974,00:03:13.944,-1,92,"<2>Movie:KinjonoNii-chan</c>"
00:03:16.947,00:03:17.314,-1,0,"<2>ha</c><1>rooharooharoo</c>"
00:03:16.947,00:03:20.984,-1,92,"<2>Isayhellohellohello</c>"
00:03:17.314,00:03:18.081,-1,0,"<2>haroo</c><1>harooharoo</c>"
00:03:18.081,00:03:18.448,-1,0,"<2>harooha</c><1>rooharoo</c>"
00:03:18.448,00:03:19.183,-1,0,"<2>harooharoo</c><1>haroo</c>"
00:03:19.183,00:03:19.583,-1,0,"<2>harooharooha</c><1>roo</c>"
00:03:19.583,00:03:20.984,-1,0,"<2>harooharooharoo</c>"
00:03:20.984,00:03:21.418,66,0,"<2>ka</c><1>washitaneekotonohaozenbuatsumete</c>"
00:03:20.984,00:03:28.959,61,92,"<2>Iscrapeupallthewordswe'vespoken</c>"
00:03:21.418,00:03:21.818,66,0,"<2>kawa</c><1>shitaneekotonohaozenbuatsumete</c>"
00:03:21.818,00:03:22.186,66,0,"<2>kawashi</c><1>taneekotonohaozenbuatsumete</c>"
00:03:22.186,00:03:22.586,66,0,"<2>kawashita</c><1>neekotonohaozenbuatsumete</c>"
00:03:22.586,00:03:22.819,66,0,"<2>kawashitane</c><1>ekotonohaozenbuatsumete</c>"
00:03:22.819,00:03:23.320,66,0,"<2>kawashitanee</c><1>kotonohaozenbuatsumete</c>"
00:03:23.320,00:03:23.654,66,0,"<2>kawashitaneeko</c><1>tonohaozenbuatsumete</c>"
00:03:23.654,00:03:24.087,66,0,"<2>kawashitaneekoto</c><1>nohaozenbuatsumete</c>"
00:03:24.087,00:03:24.421,66,0,"<2>kawashitaneekotono</c><1>haozenbuatsumete</c>"
00:03:24.421,00:03:24.821,66,0,"<2>kawashitaneekotonoha</c><1>ozenbuatsumete</c>"
00:03:24.821,00:03:25.189,66,0,"<2>kawashitaneekotonohao</c><1>zenbuatsumete</c>"
00:03:25.189,00:03:25.589,66,0,"<2>kawashitaneekotonohaoze</c><1>nbuatsumete</c>"
00:03:25.589,00:03:25.956,66,0,"<2>kawashitaneekotonohaozen</c><1>buatsumete</c>"
00:03:25.956,00:03:26.523,66,0,"<2>kawashitaneekotonohaozenbu</c><1>atsumete</c>"
00:03:26.523,00:03:27.024,66,0,"<2>kawashitaneekotonohaozenbua</c><1>tsumete</c>"
00:03:27.024,00:03:27.457,66,0,"<2>kawashitaneekotonohaozenbuatsu</c><1>mete</c>"
00:03:27.457,00:03:28.192,66,0,"<2>kawashitaneekotonohaozenbuatsume</c><1>te</c>"
00:03:28.192,00:03:28.959,63,0,"<2>kawashitaneekotonohaozenbuatsumete</c>"
00:03:28.959,00:03:29.326,-1,0,"<2>ha</c><1>rooharooharoo</c>"
00:03:28.959,00:03:33.030,-1,92,"<2>Isayhellohellohello</c>"
00:03:29.326,00:03:30.093,-1,0,"<2>haroo</c><1>harooharoo</c>"
00:03:30.093,00:03:30.427,-1,0,"<2>harooha</c><1>rooharoo</c>"
00:03:30.427,00:03:31.195,-1,0,"<2>harooharoo</c><1>haroo</c>"
00:03:31.195,00:03:31.595,-1,0,"<2>harooharooha</c><1>roo</c>"
00:03:31.595,00:03:33.030,-1,0,"<2>harooharooharoo</c>"
00:03:33.030,00:03:33.463,-1,0,"<2>ta</c><1>isetsunakonoutaoutaou</c>"
00:03:33.030,00:03:40.971,-1,92,"<2>Andsingthissongsodeartome</c>"
00:03:33.463,00:03:33.864,-1,0,"<2>tai</c><1>setsunakonoutaoutaou</c>"
00:03:33.864,00:03:34.398,-1,0,"<2>taise</c><1>tsunakonoutaoutaou</c>"
00:03:34.398,00:03:34.598,-1,0,"<2>taisetsu</c><1>nakonoutaoutaou</c>"
00:03:34.598,00:03:35.265,-1,0,"<2>taisetsuna</c><1>konoutaoutaou</c>"
00:03:35.265,00:03:35.699,-1,0,"<2>taisetsunako</c><1>noutaoutaou</c>"
00:03:35.699,00:03:36.099,-1,0,"<2>taisetsunakono</c><1>utaoutaou</c>"
00:03:36.099,00:03:36.466,-1,0,"<2>taisetsunakonou</c><1>taoutaou</c>"
00:03:36.466,00:03:37.201,-1,0,"<2>taisetsunakonouta</c><1>outaou</c>"
00:03:37.201,00:03:37.634,-1,0,"<2>taisetsunakonoutao</c><1>utaou</c>"
00:03:37.634,00:03:37.968,-1,0,"<2>taisetsunakonoutaou</c><1>taou</c>"
00:03:37.968,00:03:39.102,-1,0,"<2>taisetsunakonoutaouta</c><1>ou</c>"
00:03:39.102,00:03:39.469,-1,0,"<2>taisetsunakonoutaoutao</c><1>u</c>"
00:03:39.469,00:03:40.971,-1,0,"<2>taisetsunakonoutaoutaou</c>"
00:03:40.971,00:03:41.338,-1,0,"<2>ki</c><1>noukyouima</c>"
00:03:40.971,00:03:45.075,-1,92,"<2>Yesterdaytodaynow</c>"
00:03:41.338,00:03:41.705,-1,0,"<2>kino</c><1>ukyouima</c>"
00:03:41.705,00:03:42.072,-1,0,"<2>kinou</c><1>kyouima</c>"
00:03:42.072,00:03:42.472,-1,0,"<2>kinoukyo</c><1>uima</c>"
00:03:42.472,00:03:43.207,-1,0,"<2>kinoukyou</c><1>ima</c>"
00:03:43.207,00:03:43.607,-1,0,"<2>kinoukyoui</c><1>ma</c>"
00:03:43.607,00:03:45.075,-1,0,"<2>kinoukyouima</c>"
00:03:45.075,00:03:45.442,69,0,"<2>a</c><1>shitamoneeasattemoitsumademozutto</c>"
00:03:45.075,00:03:52.950,64,92,"<2>Tomorrowthedayafterandforevermore</c>"
00:03:45.442,00:03:45.842,69,0,"<2>ashi</c><1>tamoneeasattemoitsumademozutto</c>"
00:03:45.842,00:03:46.210,69,0,"<2>ashita</c><1>moneeasattemoitsumademozutto</c>"
00:03:46.210,00:03:46.610,69,0,"<2>ashitamo</c><1>neeasattemoitsumademozutto</c>"
00:03:46.610,00:03:47.344,69,0,"<2>ashitamonee</c><1>asattemoitsumademozutto</c>"
00:03:47.344,00:03:47.711,69,0,"<2>ashitamoneea</c><1>sattemoitsumademozutto</c>"
00:03:47.711,00:03:48.078,69,0,"<2>ashitamoneeasa</c><1>ttemoitsumademozutto</c>"
00:03:48.078,00:03:48.478,69,0,"<2>ashitamoneeasat</c><1>temoitsumademozutto</c>"
00:03:48.478,00:03:48.845,69,0,"<2>ashitamoneeasatte</c><1>moitsumademozutto</c>"
00:03:48.845,00:03:49.213,69,0,"<2>ashitamoneeasattemo</c><1>itsumademozutto</c>"
00:03:49.213,00:03:49.613,69,0,"<2>ashitamoneeasattemoi</c><1>tsumademozutto</c>"
00:03:49.613,00:03:49.980,69,0,"<2>ashitamoneeasattemoitsu</c><1>mademozutto</c>"
00:03:49.980,00:03:50.514,69,0,"<2>ashitamoneeasattemoitsuma</c><1>demozutto</c>"
00:03:50.514,00:03:51.081,69,0,"<2>ashitamoneeasattemoitsumade</c><1>mozutto</c>"
00:03:51.081,00:03:51.481,69,0,"<2>ashitamoneeasattemoitsumademo</c><1>zutto</c>"
00:03:51.481,00:03:51.848,69,0,"<2>ashitamoneeasattemoitsumademozu</c><1>tto</c>"
00:03:51.848,00:03:52.216,69,0,"<2>ashitamoneeasattemoitsumademozut</c><1>to</c>"
00:03:52.216,00:03:52.950,66,0,"<2>ashitamoneeasattemoitsumademozutto</c>"
00:03:52.950,00:03:53.317,-1,0,"<2>ha</c><1>rooharooharoo</c>"
00:03:52.950,00:03:57.087,-1,92,"<2>Isayhellohellohello</c>"
00:03:53.317,00:03:54.084,-1,0,"<2>haroo</c><1>harooharoo</c>"
00:03:54.084,00:03:54.451,-1,0,"<2>harooha</c><1>rooharoo</c>"
00:03:54.451,00:03:55.219,-1,0,"<2>harooharoo</c><1>haroo</c>"
00:03:55.219,00:03:55.586,-1,0,"<2>harooharooha</c><1>roo</c>"
00:03:55.586,00:03:57.087,-1,0,"<2>harooharooharoo</c>"
00:03:57.087,00:03:57.454,-1,0,"<2>so</c><1>uittemataaetanettewaraou</c>"
00:03:57.087,00:04:07.965,61,92,"<2>Andwesmilehappythatwemeetagain</c>"
00:03:57.454,00:03:57.821,-1,0,"<2>sou</c><1>ittemataaetanettewaraou</c>"
00:03:57.821,00:03:58.188,-1,0,"<2>soui</c><1>ttemataaetanettewaraou</c>"
00:03:58.188,00:03:58.589,-1,0,"<2>souit</c><1>temataaetanettewaraou</c>"
00:03:58.589,00:03:59.323,-1,0,"<2>souitte</c><1>mataaetanettewaraou</c>"
00:03:59.323,00:03:59.690,-1,0,"<2>souittema</c><1>taaetanettewaraou</c>"
00:03:59.690,00:04:00.090,-1,0,"<2>souittemata</c><1>aetanettewaraou</c>"
00:04:00.090,00:04:00.457,-1,0,"<2>souittemataa</c><1>etanettewaraou</c>"
00:04:00.457,00:04:01.191,-1,0,"<2>souittemataae</c><1>tanettewaraou</c>"
00:04:01.191,00:04:01.558,-1,0,"<2>souittemataaeta</c><1>nettewaraou</c>"
00:04:01.558,00:04:01.925,-1,0,"<2>souittemataaetane</c><1>ttewaraou</c>"
00:04:01.925,00:04:02.659,-1,0,"<2>souittemataaetanet</c><1>tewaraou</c>"
00:04:02.659,00:04:03.460,-1,0,"<2>souittemataaetanette</c><1>waraou</c>"
00:04:03.460,00:04:04.194,-1,0,"<2>souittemataaetanettewa</c><1>raou</c>"
00:04:04.194,00:04:04.962,-1,0,"<2>souittemataaetanettewara</c><1>ou</c>"
00:04:04.962,00:04:05.229,-1,0,"<2>souittemataaetanettewarao</c><1>u</c>"
00:04:05.229,00:04:07.965,-1,0,"<2>souittemataaetanettewaraou</c>"
00:04:09.399,00:04:10.200,-1,0,"<2>zu</c><1>tto...</c>"
00:04:09.399,00:04:14.037,-1,92,"<2>Alwaysandforever</c>"
00:04:10.200,00:04:10.934,-1,0,"<2>zut</c><1>to...</c>"
00:04:10.934,00:04:14.037,-1,0,"<2>zutto...</c>"
