start,end,position,line,text
00:00:11.895,00:00:20.604,-1,0,"<4></c><2>GuraMarine-SHINKIRO</c><4></c>"
00:00:11.895,00:00:20.604,-1,0,"<4></c><2>GuraMarine-SHINKIRO</c><4></c>"
00:00:11.895,00:00:14.064,-1,-1,"<4></c><2>Lyrics:TakeshiMatsumoto</c><4></c>"
00:00:11.895,00:00:14.064,-1,-1,"<4></c><2>Lyrics:TakeshiMatsumoto</c><4></c>"
00:00:14.064,00:00:16.266,-1,-1,"<4></c><2>Composition:KANKE</c><4></c>"
00:00:14.064,00:00:16.266,-1,-1,"<4></c><2>Composition:KANKE</c><4></c>"
00:00:16.266,00:00:18.435,-1,91,"<4></c><2>Arrangement:</c><4></c><2>SanjuurouKashiwazaki</c><4></c>"
00:00:16.266,00:00:18.435,-1,91,"<4></c><2>Arrangement:</c><4></c><2>SanjuurouKashiwazaki</c><4></c>"
00:00:18.435,00:00:20.604,66,-1,"<4></c><2>Vocals:HoushouMarineGawrGura</c><4></c>"
00:00:18.435,00:00:20.604,66,-1,"<4></c><2>Vocals:HoushouMarineGawrGura</c><4></c>"
00:00:25.242,00:00:25.509,78,0,"<4></c><5>na</c><6>miuchigiwahodoketakamiboushinosaki</c><4></c>"
00:00:25.242,00:00:25.509,78,0,"<4></c><5>na</c><6>miuchigiwahodoketakamiboushinosaki</c><4></c>"
00:00:25.242,00:00:31.515,56,91,"<4></c><5>Flowinglocksontheshore</c><4></c><5>beyondthelipofthehat</c><4></c>"
00:00:25.242,00:00:31.515,56,91,"<4></c><5>Flowinglocksontheshore</c><4></c><5>beyondthelipofthehat</c><4></c>"
00:00:25.509,00:00:25.809,78,0,"<4></c><5>nami</c><6>uchigiwahodoketakamiboushinosaki</c><4></c>"
00:00:25.509,00:00:25.809,78,0,"<4></c><5>nami</c><6>uchigiwahodoketakamiboushinosaki</c><4></c>"
00:00:25.809,00:00:26.043,78,0,"<4></c><5>namiu</c><6>chigiwahodoketakamiboushinosaki</c><4></c>"
00:00:25.809,00:00:26.043,78,0,"<4></c><5>namiu</c><6>chigiwahodoketakamiboushinosaki</c><4></c>"
00:00:26.043,00:00:26.343,78,0,"<4></c><5>namiuchi</c><6>giwahodoketakamiboushinosaki</c><4></c>"
00:00:26.043,00:00:26.343,78,0,"<4></c><5>namiuchi</c><6>giwahodoketakamiboushinosaki</c><4></c>"
00:00:26.343,00:00:26.510,78,0,"<4></c><5>namiuchigi</c><6>wahodoketakamiboushinosaki</c><4></c>"
00:00:26.343,00:00:26.510,78,0,"<4></c><5>namiuchigi</c><6>wahodoketakamiboushinosaki</c><4></c>"
00:00:26.510,00:00:27.411,78,0,"<4></c><5>namiuchigiwa</c><6>hodoketakamiboushinosaki</c><4></c>"
00:00:26.510,00:00:27.411,78,0,"<4></c><5>namiuchigiwa</c><6>hodoketakamiboushinosaki</c><4></c>"
00:00:27.411,00:00:27.711,78,0,"<4></c><5>namiuchigiwaho</c><6>doketakamiboushinosaki</c><4></c>"
00:00:27.411,00:00:27.711,78,0,"<4></c><5>namiuchigiwaho</c><6>doketakamiboushinosaki</c><4></c>"
00:00:27.711,00:00:27.978,78,0,"<4></c><5>namiuchigiwahodo</c><6>ketakamiboushinosaki</c><4></c>"
00:00:27.711,00:00:27.978,78,0,"<4></c><5>namiuchigiwahodo</c><6>ketakamiboushinosaki</c><4></c>"
00:00:27.978,00:00:28.245,78,0,"<4></c><5>namiuchigiwahodoke</c><6>takamiboushinosaki</c><4></c>"
00:00:27.978,00:00:28.245,78,0,"<4></c><5>namiuchigiwahodoke</c><6>takamiboushinosaki</c><4></c>"
00:00:28.245,00:00:28.512,78,0,"<4></c><5>namiuchigiwahodoketa</c><6>kamiboushinosaki</c><4></c>"
00:00:28.245,00:00:28.512,78,0,"<4></c><5>namiuchigiwahodoketa</c><6>kamiboushinosaki</c><4></c>"
00:00:28.512,00:00:28.679,78,0,"<4></c><5>namiuchigiwahodoketaka</c><6>miboushinosaki</c><4></c>"
00:00:28.512,00:00:28.679,78,0,"<4></c><5>namiuchigiwahodoketaka</c><6>miboushinosaki</c><4></c>"
00:00:28.679,00:00:29.046,78,0,"<4></c><5>namiuchigiwahodoketakami</c><6>boushinosaki</c><4></c>"
00:00:28.679,00:00:29.046,78,0,"<4></c><5>namiuchigiwahodoketakami</c><6>boushinosaki</c><4></c>"
00:00:29.046,00:00:29.346,78,0,"<4></c><5>namiuchigiwahodoketakamibo</c><6>ushinosaki</c><4></c>"
00:00:29.046,00:00:29.346,78,0,"<4></c><5>namiuchigiwahodoketakamibo</c><6>ushinosaki</c><4></c>"
00:00:29.346,00:00:29.580,78,0,"<4></c><5>namiuchigiwahodoketakamibou</c><6>shinosaki</c><4></c>"
00:00:29.346,00:00:29.580,78,0,"<4></c><5>namiuchigiwahodoketakamibou</c><6>shinosaki</c><4></c>"
00:00:29.580,00:00:29.880,78,0,"<4></c><5>namiuchigiwahodoketakamiboushi</c><6>nosaki</c><4></c>"
00:00:29.580,00:00:29.880,78,0,"<4></c><5>namiuchigiwahodoketakamiboushi</c><6>nosaki</c><4></c>"
00:00:29.880,00:00:30.147,78,0,"<4></c><5>namiuchigiwahodoketakamiboushino</c><6>saki</c><4></c>"
00:00:29.880,00:00:30.147,78,0,"<4></c><5>namiuchigiwahodoketakamiboushino</c><6>saki</c><4></c>"
00:00:30.147,00:00:30.314,78,0,"<4></c><5>namiuchigiwahodoketakamiboushinosa</c><6>ki</c><4></c>"
00:00:30.147,00:00:30.314,78,0,"<4></c><5>namiuchigiwahodoketakamiboushinosa</c><6>ki</c><4></c>"
00:00:30.314,00:00:31.515,78,0,"<4></c><5>namiuchigiwahodoketakamiboushinosaki</c><4></c>"
00:00:30.314,00:00:31.515,78,0,"<4></c><5>namiuchigiwahodoketakamiboushinosaki</c><4></c>"
00:00:33.984,00:00:34.251,-1,0,"<4></c><1>mi</c><6>oboearuaoiwaagen</c><4></c>"
00:00:33.984,00:00:34.251,-1,0,"<4></c><1>mi</c><6>oboearuaoiwaagen</c><4></c>"
00:00:33.984,00:00:38.055,-1,-1,"<4></c><1>Isafamiliarbluewagen</c><4></c>"
00:00:33.984,00:00:38.055,-1,-1,"<4></c><1>Isafamiliarbluewagen</c><4></c>"
00:00:34.251,00:00:34.518,-1,0,"<4></c><1>mio</c><6>boearuaoiwaagen</c><4></c>"
00:00:34.251,00:00:34.518,-1,0,"<4></c><1>mio</c><6>boearuaoiwaagen</c><4></c>"
00:00:34.518,00:00:34.785,-1,0,"<4></c><1>miobo</c><6>earuaoiwaagen</c><4></c>"
00:00:34.518,00:00:34.785,-1,0,"<4></c><1>miobo</c><6>earuaoiwaagen</c><4></c>"
00:00:34.785,00:00:35.052,-1,0,"<4></c><1>mioboe</c><6>aruaoiwaagen</c><4></c>"
00:00:34.785,00:00:35.052,-1,0,"<4></c><1>mioboe</c><6>aruaoiwaagen</c><4></c>"
00:00:35.052,00:00:35.219,-1,0,"<4></c><1>mioboea</c><6>ruaoiwaagen</c><4></c>"
00:00:35.052,00:00:35.219,-1,0,"<4></c><1>mioboea</c><6>ruaoiwaagen</c><4></c>"
00:00:35.219,00:00:36.153,-1,0,"<4></c><1>mioboearu</c><6>aoiwaagen</c><4></c>"
00:00:35.219,00:00:36.153,-1,0,"<4></c><1>mioboearu</c><6>aoiwaagen</c><4></c>"
00:00:36.153,00:00:36.453,-1,0,"<4></c><1>mioboearua</c><6>oiwaagen</c><4></c>"
00:00:36.153,00:00:36.453,-1,0,"<4></c><1>mioboearua</c><6>oiwaagen</c><4></c>"
00:00:36.453,00:00:36.720,-1,0,"<4></c><1>mioboearuao</c><6>iwaagen</c><4></c>"
00:00:36.453,00:00:36.720,-1,0,"<4></c><1>mioboearuao</c><6>iwaagen</c><4></c>"
00:00:36.720,00:00:36.987,-1,0,"<4></c><1>mioboearuaoi</c><6>waagen</c><4></c>"
00:00:36.720,00:00:36.987,-1,0,"<4></c><1>mioboearuaoi</c><6>waagen</c><4></c>"
00:00:36.987,00:00:37.221,-1,0,"<4></c><1>mioboearuaoiwa</c><6>agen</c><4></c>"
00:00:36.987,00:00:37.221,-1,0,"<4></c><1>mioboearuaoiwa</c><6>agen</c><4></c>"
00:00:37.221,00:00:37.454,-1,0,"<4></c><1>mioboearuaoiwaa</c><6>gen</c><4></c>"
00:00:37.221,00:00:37.454,-1,0,"<4></c><1>mioboearuaoiwaa</c><6>gen</c><4></c>"
00:00:37.454,00:00:37.788,-1,0,"<4></c><1>mioboearuaoiwaage</c><6>n</c><4></c>"
00:00:37.454,00:00:37.788,-1,0,"<4></c><1>mioboearuaoiwaage</c><6>n</c><4></c>"
00:00:37.788,00:00:38.055,-1,0,"<4></c><1>mioboearuaoiwaagen</c><4></c>"
00:00:37.788,00:00:38.055,-1,0,"<4></c><1>mioboearuaoiwaagen</c><4></c>"
00:00:38.055,00:00:39.690,-1,0,"<4></c><1>Stop</c><6>theFlashback</c><4></c>"
00:00:38.055,00:00:39.690,-1,0,"<4></c><1>Stop</c><6>theFlashback</c><4></c>"
00:00:38.055,00:00:41.325,-1,-1,"<4></c><1>Stoptheflashback</c><4></c>"
00:00:38.055,00:00:41.325,-1,-1,"<4></c><1>Stoptheflashback</c><4></c>"
00:00:39.690,00:00:39.990,-1,0,"<4></c><1>Stopthe</c><6>Flashback</c><4></c>"
00:00:39.690,00:00:39.990,-1,0,"<4></c><1>Stopthe</c><6>Flashback</c><4></c>"
00:00:39.990,00:00:40.491,-1,0,"<4></c><1>StoptheFlash</c><6>back</c><4></c>"
00:00:39.990,00:00:40.491,-1,0,"<4></c><1>StoptheFlash</c><6>back</c><4></c>"
00:00:40.491,00:00:41.325,-1,0,"<4></c><1>StoptheFlashback</c><4></c>"
00:00:40.491,00:00:41.325,-1,0,"<4></c><1>StoptheFlashback</c><4></c>"
00:00:42.426,00:00:42.993,-1,0,"<4></c><5>mi</c><6>namikazeno</c><4></c>"
00:00:42.426,00:00:42.993,-1,0,"<4></c><5>mi</c><6>namikazeno</c><4></c>"
00:00:42.426,00:00:45.996,-1,-1,"<4></c><5>Thesouthernwinds</c><4></c>"
00:00:42.426,00:00:45.996,-1,-1,"<4></c><5>Thesouthernwinds</c><4></c>"
00:00:42.993,00:00:43.527,-1,0,"<4></c><5>mina</c><6>mikazeno</c><4></c>"
00:00:42.993,00:00:43.527,-1,0,"<4></c><5>mina</c><6>mikazeno</c><4></c>"
00:00:43.527,00:00:44.061,-1,0,"<4></c><5>minami</c><6>kazeno</c><4></c>"
00:00:43.527,00:00:44.061,-1,0,"<4></c><5>minami</c><6>kazeno</c><4></c>"
00:00:44.061,00:00:44.361,-1,0,"<4></c><5>minamika</c><6>zeno</c><4></c>"
00:00:44.061,00:00:44.361,-1,0,"<4></c><5>minamika</c><6>zeno</c><4></c>"
00:00:44.361,00:00:44.895,-1,0,"<4></c><5>minamikaze</c><6>no</c><4></c>"
00:00:44.361,00:00:44.895,-1,0,"<4></c><5>minamikaze</c><6>no</c><4></c>"
00:00:44.895,00:00:45.996,-1,0,"<4></c><5>minamikazeno</c><4></c>"
00:00:44.895,00:00:45.996,-1,0,"<4></c><5>minamikazeno</c><4></c>"
00:00:45.162,00:00:45.696,-1,7,"<4></c><1>(In</c><6>SouthernWinds)</c><4></c>"
00:00:45.162,00:00:45.696,-1,7,"<4></c><1>(In</c><6>SouthernWinds)</c><4></c>"
00:00:45.162,00:00:49.533,-1,85,"<4></c><1>(InSouthernWinds)</c><4></c>"
00:00:45.162,00:00:49.533,-1,85,"<4></c><1>(InSouthernWinds)</c><4></c>"
00:00:45.696,00:00:45.996,-1,7,"<4></c><1>(InSouth</c><6>ernWinds)</c><4></c>"
00:00:45.696,00:00:45.996,-1,7,"<4></c><1>(InSouth</c><6>ernWinds)</c><4></c>"
00:00:45.996,00:00:46.530,-1,7,"<4></c><1>(InSouthern</c><6>Winds)</c><4></c>"
00:00:45.996,00:00:46.530,-1,7,"<4></c><1>(InSouthern</c><6>Winds)</c><4></c>"
00:00:45.996,00:00:46.263,-1,0,"<4></c><5>i</c><6>tazuranamahoune</c><4></c>"
00:00:45.996,00:00:46.263,-1,0,"<4></c><5>i</c><6>tazuranamahoune</c><4></c>"
00:00:45.996,00:00:50.334,-1,-1,"<4></c><5>Aplayfulmagic</c><4></c>"
00:00:45.996,00:00:50.334,-1,-1,"<4></c><5>Aplayfulmagic</c><4></c>"
00:00:46.263,00:00:46.530,-1,0,"<4></c><5>ita</c><6>zuranamahoune</c><4></c>"
00:00:46.263,00:00:46.530,-1,0,"<4></c><5>ita</c><6>zuranamahoune</c><4></c>"
00:00:46.530,00:00:49.533,-1,7,"<4></c><1>(InSouthernWinds)</c><4></c>"
00:00:46.530,00:00:49.533,-1,7,"<4></c><1>(InSouthernWinds)</c><4></c>"
00:00:46.530,00:00:47.331,-1,0,"<4></c><5>itazu</c><6>ranamahoune</c><4></c>"
00:00:46.530,00:00:47.331,-1,0,"<4></c><5>itazu</c><6>ranamahoune</c><4></c>"
00:00:47.331,00:00:47.898,-1,0,"<4></c><5>itazura</c><6>namahoune</c><4></c>"
00:00:47.331,00:00:47.898,-1,0,"<4></c><5>itazura</c><6>namahoune</c><4></c>"
00:00:47.898,00:00:48.165,-1,0,"<4></c><5>itazurana</c><6>mahoune</c><4></c>"
00:00:47.898,00:00:48.165,-1,0,"<4></c><5>itazurana</c><6>mahoune</c><4></c>"
00:00:48.165,00:00:48.432,-1,0,"<4></c><5>itazuranama</c><6>houne</c><4></c>"
00:00:48.165,00:00:48.432,-1,0,"<4></c><5>itazuranama</c><6>houne</c><4></c>"
00:00:48.432,00:00:48.732,-1,0,"<4></c><5>itazuranamaho</c><6>une</c><4></c>"
00:00:48.432,00:00:48.732,-1,0,"<4></c><5>itazuranamaho</c><6>une</c><4></c>"
00:00:48.732,00:00:49.266,-1,0,"<4></c><5>itazuranamahou</c><6>ne</c><4></c>"
00:00:48.732,00:00:49.266,-1,0,"<4></c><5>itazuranamahou</c><6>ne</c><4></c>"
00:00:49.266,00:00:50.334,-1,0,"<4></c><5>itazuranamahoune</c><4></c>"
00:00:49.266,00:00:50.334,-1,0,"<4></c><5>itazuranamahoune</c><4></c>"
00:00:49.533,00:00:50.100,-1,7,"<4></c><1>(Itʼs</c><6>MagicRays)</c><4></c>"
00:00:49.533,00:00:50.100,-1,7,"<4></c><1>(Itʼs</c><6>MagicRays)</c><4></c>"
00:00:49.533,00:00:53.070,-1,71,"<4></c><1>(It'sMagicRays)</c><4></c>"
00:00:49.533,00:00:53.070,-1,71,"<4></c><1>(It'sMagicRays)</c><4></c>"
00:00:50.100,00:00:50.367,-1,7,"<4></c><1>(ItʼsMag</c><6>icRays)</c><4></c>"
00:00:50.100,00:00:50.367,-1,7,"<4></c><1>(ItʼsMag</c><6>icRays)</c><4></c>"
00:00:50.334,00:00:50.601,73,0,"<4></c><5>to</c><6>oinatsunoanomemainimodosanaide</c><4></c>"
00:00:50.334,00:00:50.601,73,0,"<4></c><5>to</c><6>oinatsunoanomemainimodosanaide</c><4></c>"
00:00:50.334,00:00:59.309,-1,91,"<4></c><5>Don'tsendmebacktothe</c><4></c><3>dizzydays</c><5>ofthatsummer</c><4></c>"
00:00:50.334,00:00:59.309,-1,91,"<4></c><5>Don'tsendmebacktothe</c><4></c><3>dizzydays</c><5>ofthatsummer</c><4></c>"
00:00:50.367,00:00:50.901,-1,7,"<4></c><1>(ItʼsMagic</c><6>Rays)</c><4></c>"
00:00:50.367,00:00:50.901,-1,7,"<4></c><1>(ItʼsMagic</c><6>Rays)</c><4></c>"
00:00:50.601,00:00:50.901,73,0,"<4></c><5>too</c><6>inatsunoanomemainimodosanaide</c><4></c>"
00:00:50.601,00:00:50.901,73,0,"<4></c><5>too</c><6>inatsunoanomemainimodosanaide</c><4></c>"
00:00:50.901,00:00:53.070,-1,7,"<4></c><1>(ItʼsMagicRays)</c><4></c>"
00:00:50.901,00:00:53.070,-1,7,"<4></c><1>(ItʼsMagicRays)</c><4></c>"
00:00:50.901,00:00:51.435,73,0,"<4></c><5>tooi</c><6>natsunoanomemainimodosanaide</c><4></c>"
00:00:50.901,00:00:51.435,73,0,"<4></c><5>tooi</c><6>natsunoanomemainimodosanaide</c><4></c>"
00:00:51.435,00:00:51.702,73,0,"<4></c><5>tooina</c><6>tsunoanomemainimodosanaide</c><4></c>"
00:00:51.435,00:00:51.702,73,0,"<4></c><5>tooina</c><6>tsunoanomemainimodosanaide</c><4></c>"
00:00:51.702,00:00:51.969,73,0,"<4></c><5>tooinatsu</c><6>noanomemainimodosanaide</c><4></c>"
00:00:51.702,00:00:51.969,73,0,"<4></c><5>tooinatsu</c><6>noanomemainimodosanaide</c><4></c>"
00:00:51.969,00:00:52.503,73,0,"<4></c><5>tooinatsuno</c><6>anomemainimodosanaide</c><4></c>"
00:00:51.969,00:00:52.503,73,0,"<4></c><5>tooinatsuno</c><6>anomemainimodosanaide</c><4></c>"
00:00:52.503,00:00:52.803,73,0,"<4></c><5>tooinatsunoa</c><6>nomemainimodosanaide</c><4></c>"
00:00:52.503,00:00:52.803,73,0,"<4></c><5>tooinatsunoa</c><6>nomemainimodosanaide</c><4></c>"
00:00:52.803,00:00:53.070,73,0,"<4></c><5>tooinatsunoano</c><6>memainimodosanaide</c><4></c>"
00:00:52.803,00:00:53.070,73,0,"<4></c><5>tooinatsunoano</c><6>memainimodosanaide</c><4></c>"
00:00:53.070,00:00:53.604,73,0,"<4></c><5>tooinatsunoano</c><3>me</c><6>mainimodosanaide</c><4></c>"
00:00:53.070,00:00:53.604,73,0,"<4></c><5>tooinatsunoano</c><3>me</c><6>mainimodosanaide</c><4></c>"
00:00:53.604,00:00:53.871,73,0,"<4></c><5>tooinatsunoano</c><3>mema</c><6>inimodosanaide</c><4></c>"
00:00:53.604,00:00:53.871,73,0,"<4></c><5>tooinatsunoano</c><3>mema</c><6>inimodosanaide</c><4></c>"
00:00:53.871,00:00:54.171,73,0,"<4></c><5>tooinatsunoano</c><3>memai</c><6>nimodosanaide</c><4></c>"
00:00:53.871,00:00:54.171,73,0,"<4></c><5>tooinatsunoano</c><3>memai</c><6>nimodosanaide</c><4></c>"
00:00:54.171,00:00:54.671,73,0,"<4></c><5>tooinatsunoano</c><3>memaini</c><6>modosanaide</c><4></c>"
00:00:54.171,00:00:54.671,73,0,"<4></c><5>tooinatsunoano</c><3>memaini</c><6>modosanaide</c><4></c>"
00:00:54.671,00:00:54.972,73,0,"<4></c><5>tooinatsunoano</c><3>memaini</c><5>mo</c><6>dosanaide</c><4></c>"
00:00:54.671,00:00:54.972,73,0,"<4></c><5>tooinatsunoano</c><3>memaini</c><5>mo</c><6>dosanaide</c><4></c>"
00:00:54.972,00:00:55.239,73,0,"<4></c><5>tooinatsunoano</c><3>memaini</c><5>modo</c><6>sanaide</c><4></c>"
00:00:54.972,00:00:55.239,73,0,"<4></c><5>tooinatsunoano</c><3>memaini</c><5>modo</c><6>sanaide</c><4></c>"
00:00:55.239,00:00:56.073,73,0,"<4></c><5>tooinatsunoano</c><3>memaini</c><5>modosa</c><6>naide</c><4></c>"
00:00:55.239,00:00:56.073,73,0,"<4></c><5>tooinatsunoano</c><3>memaini</c><5>modosa</c><6>naide</c><4></c>"
00:00:56.073,00:00:56.240,73,0,"<4></c><5>tooinatsunoano</c><3>memaini</c><5>modosana</c><6>ide</c><4></c>"
00:00:56.073,00:00:56.240,73,0,"<4></c><5>tooinatsunoano</c><3>memaini</c><5>modosana</c><6>ide</c><4></c>"
00:00:56.240,00:00:56.407,73,0,"<4></c><5>tooinatsunoano</c><3>memaini</c><5>modosanai</c><6>de</c><4></c>"
00:00:56.240,00:00:56.407,73,0,"<4></c><5>tooinatsunoano</c><3>memaini</c><5>modosanai</c><6>de</c><4></c>"
00:00:56.407,00:00:59.309,73,0,"<4></c><5>tooinatsunoano</c><3>memaini</c><5>modosanaide</c><4></c>"
00:00:56.407,00:00:59.309,73,0,"<4></c><5>tooinatsunoano</c><3>memaini</c><5>modosanaide</c><4></c>"
00:00:56.607,00:00:57.174,-1,7,"<4></c><1>(Be</c><6>WithYou)</c><4></c>"
00:00:56.607,00:00:57.174,-1,7,"<4></c><1>(Be</c><6>WithYou)</c><4></c>"
00:00:56.607,00:00:59.309,-1,71,"<4></c><1>(BeWithYou)</c><4></c>"
00:00:56.607,00:00:59.309,-1,71,"<4></c><1>(BeWithYou)</c><4></c>"
00:00:57.174,00:00:57.508,-1,7,"<4></c><1>(BeWith</c><6>You)</c><4></c>"
00:00:57.174,00:00:57.508,-1,7,"<4></c><1>(BeWith</c><6>You)</c><4></c>"
00:00:57.508,00:00:59.309,-1,7,"<4></c><1>(BeWithYou)</c><4></c>"
00:00:57.508,00:00:59.309,-1,7,"<4></c><1>(BeWithYou)</c><4></c>"
00:00:59.309,00:00:59.610,-1,0,"<4></c><3>A</c><6>gain</c><4></c>"
00:00:59.309,00:00:59.610,-1,0,"<4></c><3>A</c><6>gain</c><4></c>"
00:00:59.309,00:01:02.079,-1,-1,"<4></c><3>Again</c><4></c>"
00:00:59.309,00:01:02.079,-1,-1,"<4></c><3>Again</c><4></c>"
00:00:59.610,00:01:02.079,-1,0,"<4></c><3>Again</c><4></c>"
00:00:59.610,00:01:02.079,-1,0,"<4></c><3>Again</c><4></c>"
00:01:03.447,00:01:03.881,-1,0,"<4></c><3>May</c><6>beLoveStrayMyHeart</c><4></c>"
00:01:03.447,00:01:03.881,-1,0,"<4></c><3>May</c><6>beLoveStrayMyHeart</c><4></c>"
00:01:03.447,00:01:08.619,-1,-1,"<4></c><3>MaybeLoveStrayMyHeart</c><4></c>"
00:01:03.447,00:01:08.619,-1,-1,"<4></c><3>MaybeLoveStrayMyHeart</c><4></c>"
00:01:03.881,00:01:04.281,-1,0,"<4></c><3>Maybe</c><6>LoveStrayMyHeart</c><4></c>"
00:01:03.881,00:01:04.281,-1,0,"<4></c><3>Maybe</c><6>LoveStrayMyHeart</c><4></c>"
00:01:04.281,00:01:05.649,-1,0,"<4></c><3>MaybeLove</c><6>StrayMyHeart</c><4></c>"
00:01:04.281,00:01:05.649,-1,0,"<4></c><3>MaybeLove</c><6>StrayMyHeart</c><4></c>"
00:01:05.649,00:01:06.050,-1,0,"<4></c><3>MaybeLoveStray</c><6>MyHeart</c><4></c>"
00:01:05.649,00:01:06.050,-1,0,"<4></c><3>MaybeLoveStray</c><6>MyHeart</c><4></c>"
00:01:06.050,00:01:06.450,-1,0,"<4></c><3>MaybeLoveStrayMy</c><6>Heart</c><4></c>"
00:01:06.050,00:01:06.450,-1,0,"<4></c><3>MaybeLoveStrayMy</c><6>Heart</c><4></c>"
00:01:06.450,00:01:08.619,-1,0,"<4></c><3>MaybeLoveStrayMyHeart</c><4></c>"
00:01:06.450,00:01:08.619,-1,0,"<4></c><3>MaybeLoveStrayMyHeart</c><4></c>"
00:01:08.619,00:01:08.886,-1,0,"<4></c><3>na</c><6>nikuwanukaooshite</c><4></c>"
00:01:08.619,00:01:08.886,-1,0,"<4></c><3>na</c><6>nikuwanukaooshite</c><4></c>"
00:01:08.619,00:01:12.156,-1,-1,"<4></c><3>Withacasuallook</c><4></c>"
00:01:08.619,00:01:12.156,-1,-1,"<4></c><3>Withacasuallook</c><4></c>"
00:01:08.886,00:01:09.153,-1,0,"<4></c><3>nani</c><6>kuwanukaooshite</c><4></c>"
00:01:08.886,00:01:09.153,-1,0,"<4></c><3>nani</c><6>kuwanukaooshite</c><4></c>"
00:01:09.153,00:01:09.386,-1,0,"<4></c><3>naniku</c><6>wanukaooshite</c><4></c>"
00:01:09.153,00:01:09.386,-1,0,"<4></c><3>naniku</c><6>wanukaooshite</c><4></c>"
00:01:09.386,00:01:09.586,-1,0,"<4></c><3>nanikuwa</c><6>nukaooshite</c><4></c>"
00:01:09.386,00:01:09.586,-1,0,"<4></c><3>nanikuwa</c><6>nukaooshite</c><4></c>"
00:01:09.586,00:01:09.987,-1,0,"<4></c><3>nanikuwanu</c><6>kaooshite</c><4></c>"
00:01:09.586,00:01:09.987,-1,0,"<4></c><3>nanikuwanu</c><6>kaooshite</c><4></c>"
00:01:09.987,00:01:10.254,-1,0,"<4></c><3>nanikuwanuka</c><6>ooshite</c><4></c>"
00:01:09.987,00:01:10.254,-1,0,"<4></c><3>nanikuwanuka</c><6>ooshite</c><4></c>"
00:01:10.254,00:01:10.554,-1,0,"<4></c><3>nanikuwanukao</c><6>oshite</c><4></c>"
00:01:10.254,00:01:10.554,-1,0,"<4></c><3>nanikuwanukao</c><6>oshite</c><4></c>"
00:01:10.554,00:01:11.055,-1,0,"<4></c><3>nanikuwanukaoo</c><6>shite</c><4></c>"
00:01:10.554,00:01:11.055,-1,0,"<4></c><3>nanikuwanukaoo</c><6>shite</c><4></c>"
00:01:11.055,00:01:11.622,-1,0,"<4></c><3>nanikuwanukaooshi</c><6>te</c><4></c>"
00:01:11.055,00:01:11.622,-1,0,"<4></c><3>nanikuwanukaooshi</c><6>te</c><4></c>"
00:01:11.622,00:01:12.156,-1,0,"<4></c><3>nanikuwanukaooshite</c><4></c>"
00:01:11.622,00:01:12.156,-1,0,"<4></c><3>nanikuwanukaooshite</c><4></c>"
00:01:12.156,00:01:12.589,56,0,"<4></c><3>ki</c><6>suoubatteDonʼtGoAway</c><4></c>"
00:01:12.156,00:01:12.589,56,0,"<4></c><3>ki</c><6>suoubatteDonʼtGoAway</c><4></c>"
00:01:12.156,00:01:21.465,66,-1,"<4></c><3>Don'tstealakissDon'tGoAway</c><4></c>"
00:01:12.156,00:01:21.465,66,-1,"<4></c><3>Don'tstealakissDon'tGoAway</c><4></c>"
00:01:12.589,00:01:12.990,56,0,"<4></c><3>kisu</c><6>oubatteDonʼtGoAway</c><4></c>"
00:01:12.589,00:01:12.990,56,0,"<4></c><3>kisu</c><6>oubatteDonʼtGoAway</c><4></c>"
00:01:12.990,00:01:14.324,56,0,"<4></c><3>kisuo</c><6>ubatteDonʼtGoAway</c><4></c>"
00:01:12.990,00:01:14.324,56,0,"<4></c><3>kisuo</c><6>ubatteDonʼtGoAway</c><4></c>"
00:01:14.324,00:01:14.792,56,0,"<4></c><3>kisuou</c><6>batteDonʼtGoAway</c><4></c>"
00:01:14.324,00:01:14.792,56,0,"<4></c><3>kisuou</c><6>batteDonʼtGoAway</c><4></c>"
00:01:14.792,00:01:15.159,56,0,"<4></c><3>kisuouba</c><6>tteDonʼtGoAway</c><4></c>"
00:01:14.792,00:01:15.159,56,0,"<4></c><3>kisuouba</c><6>tteDonʼtGoAway</c><4></c>"
00:01:15.159,00:01:15.426,56,0,"<4></c><3>kisuoubat</c><6>teDonʼtGoAway</c><4></c>"
00:01:15.159,00:01:15.426,56,0,"<4></c><3>kisuoubat</c><6>teDonʼtGoAway</c><4></c>"
00:01:15.426,00:01:16.794,56,0,"<4></c><3>kisuoubatte</c><6>DonʼtGoAway</c><4></c>"
00:01:15.426,00:01:16.794,56,0,"<4></c><3>kisuoubatte</c><6>DonʼtGoAway</c><4></c>"
00:01:16.794,00:01:17.094,56,0,"<4></c><3>kisuoubatteDonʼt</c><6>GoAway</c><4></c>"
00:01:16.794,00:01:17.094,56,0,"<4></c><3>kisuoubatteDonʼt</c><6>GoAway</c><4></c>"
00:01:17.094,00:01:18.695,56,0,"<4></c><3>kisuoubatteDonʼtGo</c><6>Away</c><4></c>"
00:01:17.094,00:01:18.695,56,0,"<4></c><3>kisuoubatteDonʼtGo</c><6>Away</c><4></c>"
00:01:18.695,00:01:18.996,56,0,"<4></c><3>kisuoubatteDonʼtGoA</c><6>way</c><4></c>"
00:01:18.695,00:01:18.996,56,0,"<4></c><3>kisuoubatteDonʼtGoA</c><6>way</c><4></c>"
00:01:18.996,00:01:21.465,56,0,"<4></c><3>kisuoubatteDonʼtGoAway</c><4></c>"
00:01:18.996,00:01:21.465,56,0,"<4></c><3>kisuoubatteDonʼtGoAway</c><4></c>"
00:01:21.465,00:01:21.999,61,0,"<4></c><1>i</c><6>madakewayorisotteageruwa</c><4></c>"
00:01:21.465,00:01:21.999,61,0,"<4></c><1>i</c><6>madakewayorisotteageruwa</c><4></c>"
00:01:21.465,00:01:28.238,59,-1,"<4></c><1>InthismomentIleanonyou</c><4></c>"
00:01:21.465,00:01:28.238,59,-1,"<4></c><1>InthismomentIleanonyou</c><4></c>"
00:01:21.999,00:01:22.266,61,0,"<4></c><1>ima</c><6>dakewayorisotteageruwa</c><4></c>"
00:01:21.999,00:01:22.266,61,0,"<4></c><1>ima</c><6>dakewayorisotteageruwa</c><4></c>"
00:01:22.266,00:01:22.533,61,0,"<4></c><1>imada</c><6>kewayorisotteageruwa</c><4></c>"
00:01:22.266,00:01:22.533,61,0,"<4></c><1>imada</c><6>kewayorisotteageruwa</c><4></c>"
00:01:22.533,00:01:22.699,61,0,"<4></c><1>imadake</c><6>wayorisotteageruwa</c><4></c>"
00:01:22.533,00:01:22.699,61,0,"<4></c><1>imadake</c><6>wayorisotteageruwa</c><4></c>"
00:01:22.699,00:01:23.067,61,0,"<4></c><1>imadakewa</c><6>yorisotteageruwa</c><4></c>"
00:01:22.699,00:01:23.067,61,0,"<4></c><1>imadakewa</c><6>yorisotteageruwa</c><4></c>"
00:01:23.067,00:01:23.367,61,0,"<4></c><1>imadakewayo</c><6>risotteageruwa</c><4></c>"
00:01:23.067,00:01:23.367,61,0,"<4></c><1>imadakewayo</c><6>risotteageruwa</c><4></c>"
00:01:23.367,00:01:23.634,61,0,"<4></c><1>imadakewayori</c><6>sotteageruwa</c><4></c>"
00:01:23.367,00:01:23.634,61,0,"<4></c><1>imadakewayori</c><6>sotteageruwa</c><4></c>"
00:01:23.634,00:01:23.901,61,0,"<4></c><1>imadakewayoriso</c><6>tteageruwa</c><4></c>"
00:01:23.634,00:01:23.901,61,0,"<4></c><1>imadakewayoriso</c><6>tteageruwa</c><4></c>"
00:01:23.901,00:01:24.168,61,0,"<4></c><1>imadakewayorisot</c><6>teageruwa</c><4></c>"
00:01:23.901,00:01:24.168,61,0,"<4></c><1>imadakewayorisot</c><6>teageruwa</c><4></c>"
00:01:24.168,00:01:24.701,61,0,"<4></c><1>imadakewayorisotte</c><6>ageruwa</c><4></c>"
00:01:24.168,00:01:24.701,61,0,"<4></c><1>imadakewayorisotte</c><6>ageruwa</c><4></c>"
00:01:24.701,00:01:25.002,61,0,"<4></c><1>imadakewayorisottea</c><6>geruwa</c><4></c>"
00:01:24.701,00:01:25.002,61,0,"<4></c><1>imadakewayorisottea</c><6>geruwa</c><4></c>"
00:01:25.002,00:01:25.402,61,0,"<4></c><1>imadakewayorisotteage</c><6>ruwa</c><4></c>"
00:01:25.002,00:01:25.402,61,0,"<4></c><1>imadakewayorisotteage</c><6>ruwa</c><4></c>"
00:01:25.402,00:01:25.803,61,0,"<4></c><1>imadakewayorisotteageru</c><6>wa</c><4></c>"
00:01:25.402,00:01:25.803,61,0,"<4></c><1>imadakewayorisotteageru</c><6>wa</c><4></c>"
00:01:25.803,00:01:28.238,61,0,"<4></c><1>imadakewayorisotteageruwa</c><4></c>"
00:01:25.803,00:01:28.238,61,0,"<4></c><1>imadakewayorisotteageruwa</c><4></c>"
00:01:30.174,00:01:30.741,63,0,"<4></c><3>ku</c><6>chibiruninukumorinokoshite</c><4></c><6>CloseToYou</c><4></c>"
00:01:30.174,00:01:30.741,63,0,"<4></c><3>ku</c><6>chibiruninukumorinokoshite</c><4></c><6>CloseToYou</c><4></c>"
00:01:30.174,00:01:39.149,63,91,"<4></c><3>Alingeringwarmthonthelips</c><4></c><3>CloseToYou</c><4></c>"
00:01:30.174,00:01:39.149,63,91,"<4></c><3>Alingeringwarmthonthelips</c><4></c><3>CloseToYou</c><4></c>"
00:01:30.741,00:01:30.974,63,0,"<4></c><3>kuchi</c><6>biruninukumorinokoshite</c><4></c><6>CloseToYou</c><4></c>"
00:01:30.741,00:01:30.974,63,0,"<4></c><3>kuchi</c><6>biruninukumorinokoshite</c><4></c><6>CloseToYou</c><4></c>"
00:01:30.974,00:01:31.275,63,0,"<4></c><3>kuchibi</c><6>runinukumorinokoshite</c><4></c><6>CloseToYou</c><4></c>"
00:01:30.974,00:01:31.275,63,0,"<4></c><3>kuchibi</c><6>runinukumorinokoshite</c><4></c><6>CloseToYou</c><4></c>"
00:01:31.275,00:01:31.442,63,0,"<4></c><3>kuchibiru</c><6>ninukumorinokoshite</c><4></c><6>CloseToYou</c><4></c>"
00:01:31.275,00:01:31.442,63,0,"<4></c><3>kuchibiru</c><6>ninukumorinokoshite</c><4></c><6>CloseToYou</c><4></c>"
00:01:31.442,00:01:31.809,63,0,"<4></c><3>kuchibiruni</c><6>nukumorinokoshite</c><4></c><6>CloseToYou</c><4></c>"
00:01:31.442,00:01:31.809,63,0,"<4></c><3>kuchibiruni</c><6>nukumorinokoshite</c><4></c><6>CloseToYou</c><4></c>"
00:01:31.809,00:01:32.076,63,0,"<4></c><3>kuchibiruninu</c><6>kumorinokoshite</c><4></c><6>CloseToYou</c><4></c>"
00:01:31.809,00:01:32.076,63,0,"<4></c><3>kuchibiruninu</c><6>kumorinokoshite</c><4></c><6>CloseToYou</c><4></c>"
00:01:32.076,00:01:32.376,63,0,"<4></c><3>kuchibiruninuku</c><6>morinokoshite</c><4></c><6>CloseToYou</c><4></c>"
00:01:32.076,00:01:32.376,63,0,"<4></c><3>kuchibiruninuku</c><6>morinokoshite</c><4></c><6>CloseToYou</c><4></c>"
00:01:32.376,00:01:32.910,63,0,"<4></c><3>kuchibiruninukumo</c><6>rinokoshite</c><4></c><6>CloseToYou</c><4></c>"
00:01:32.376,00:01:32.910,63,0,"<4></c><3>kuchibiruninukumo</c><6>rinokoshite</c><4></c><6>CloseToYou</c><4></c>"
00:01:32.910,00:01:33.477,63,0,"<4></c><3>kuchibiruninukumori</c><6>nokoshite</c><4></c><6>CloseToYou</c><4></c>"
00:01:32.910,00:01:33.477,63,0,"<4></c><3>kuchibiruninukumori</c><6>nokoshite</c><4></c><6>CloseToYou</c><4></c>"
00:01:33.477,00:01:33.710,63,0,"<4></c><3>kuchibiruninukumorino</c><6>koshite</c><4></c><6>CloseToYou</c><4></c>"
00:01:33.477,00:01:33.710,63,0,"<4></c><3>kuchibiruninukumorino</c><6>koshite</c><4></c><6>CloseToYou</c><4></c>"
00:01:33.710,00:01:33.977,63,0,"<4></c><3>kuchibiruninukumorinoko</c><6>shite</c><4></c><6>CloseToYou</c><4></c>"
00:01:33.710,00:01:33.977,63,0,"<4></c><3>kuchibiruninukumorinoko</c><6>shite</c><4></c><6>CloseToYou</c><4></c>"
00:01:33.977,00:01:34.144,63,0,"<4></c><3>kuchibiruninukumorinokoshi</c><6>te</c><4></c><6>CloseToYou</c><4></c>"
00:01:33.977,00:01:34.144,63,0,"<4></c><3>kuchibiruninukumorinokoshi</c><6>te</c><4></c><6>CloseToYou</c><4></c>"
00:01:34.144,00:01:34.545,63,0,"<4></c><3>kuchibiruninukumorinokoshite</c><4></c><6>CloseToYou</c><4></c>"
00:01:34.144,00:01:34.545,63,0,"<4></c><3>kuchibiruninukumorinokoshite</c><4></c><6>CloseToYou</c><4></c>"
00:01:34.545,00:01:36.713,63,0,"<4></c><3>kuchibiruninukumorinokoshite</c><4></c><3>Close</c><6>ToYou</c><4></c>"
00:01:34.545,00:01:36.713,63,0,"<4></c><3>kuchibiruninukumorinokoshite</c><4></c><3>Close</c><6>ToYou</c><4></c>"
00:01:36.713,00:01:36.980,63,0,"<4></c><3>kuchibiruninukumorinokoshite</c><4></c><3>CloseTo</c><6>You</c><4></c>"
00:01:36.713,00:01:36.980,63,0,"<4></c><3>kuchibiruninukumorinokoshite</c><4></c><3>CloseTo</c><6>You</c><4></c>"
00:01:36.980,00:01:39.149,63,0,"<4></c><3>kuchibiruninukumorinokoshite</c><4></c><3>CloseToYou</c><4></c>"
00:01:36.980,00:01:39.149,63,0,"<4></c><3>kuchibiruninukumorinokoshite</c><4></c><3>CloseToYou</c><4></c>"
00:01:43.787,00:01:44.054,75,0,"<4></c><1>ka</c><6>tasukumetebonnettokarakoshiagete</c><4></c>"
00:01:43.787,00:01:44.054,75,0,"<4></c><1>ka</c><6>tasukumetebonnettokarakoshiagete</c><4></c>"
00:01:43.787,00:01:50.060,58,91,"<4></c><1>Hoppingoffthebonnet</c><4></c><1>withashrugoftheshoulders</c><4></c>"
00:01:43.787,00:01:50.060,58,91,"<4></c><1>Hoppingoffthebonnet</c><4></c><1>withashrugoftheshoulders</c><4></c>"
00:01:44.054,00:01:44.321,75,0,"<4></c><1>kata</c><6>sukumetebonnettokarakoshiagete</c><4></c>"
00:01:44.054,00:01:44.321,75,0,"<4></c><1>kata</c><6>sukumetebonnettokarakoshiagete</c><4></c>"
00:01:44.321,00:01:44.588,75,0,"<4></c><1>katasu</c><6>kumetebonnettokarakoshiagete</c><4></c>"
00:01:44.321,00:01:44.588,75,0,"<4></c><1>katasu</c><6>kumetebonnettokarakoshiagete</c><4></c>"
00:01:44.588,00:01:44.855,75,0,"<4></c><1>katasuku</c><6>metebonnettokarakoshiagete</c><4></c>"
00:01:44.588,00:01:44.855,75,0,"<4></c><1>katasuku</c><6>metebonnettokarakoshiagete</c><4></c>"
00:01:44.855,00:01:45.022,75,0,"<4></c><1>katasukume</c><6>tebonnettokarakoshiagete</c><4></c>"
00:01:44.855,00:01:45.022,75,0,"<4></c><1>katasukume</c><6>tebonnettokarakoshiagete</c><4></c>"
00:01:45.022,00:01:45.989,75,0,"<4></c><1>katasukumete</c><6>bonnettokarakoshiagete</c><4></c>"
00:01:45.022,00:01:45.989,75,0,"<4></c><1>katasukumete</c><6>bonnettokarakoshiagete</c><4></c>"
00:01:45.989,00:01:46.256,75,0,"<4></c><1>katasukumetebo</c><6>nnettokarakoshiagete</c><4></c>"
00:01:45.989,00:01:46.256,75,0,"<4></c><1>katasukumetebo</c><6>nnettokarakoshiagete</c><4></c>"
00:01:46.256,00:01:46.523,75,0,"<4></c><1>katasukumetebon</c><6>nettokarakoshiagete</c><4></c>"
00:01:46.256,00:01:46.523,75,0,"<4></c><1>katasukumetebon</c><6>nettokarakoshiagete</c><4></c>"
00:01:46.523,00:01:46.790,75,0,"<4></c><1>katasukumetebonne</c><6>ttokarakoshiagete</c><4></c>"
00:01:46.523,00:01:46.790,75,0,"<4></c><1>katasukumetebonne</c><6>ttokarakoshiagete</c><4></c>"
00:01:46.790,00:01:47.024,75,0,"<4></c><1>katasukumetebonnet</c><6>tokarakoshiagete</c><4></c>"
00:01:46.790,00:01:47.024,75,0,"<4></c><1>katasukumetebonnet</c><6>tokarakoshiagete</c><4></c>"
00:01:47.024,00:01:47.191,75,0,"<4></c><1>katasukumetebonnetto</c><6>karakoshiagete</c><4></c>"
00:01:47.024,00:01:47.191,75,0,"<4></c><1>katasukumetebonnetto</c><6>karakoshiagete</c><4></c>"
00:01:47.191,00:01:47.524,75,0,"<4></c><1>katasukumetebonnettoka</c><6>rakoshiagete</c><4></c>"
00:01:47.191,00:01:47.524,75,0,"<4></c><1>katasukumetebonnettoka</c><6>rakoshiagete</c><4></c>"
00:01:47.524,00:01:47.791,75,0,"<4></c><1>katasukumetebonnettokara</c><6>koshiagete</c><4></c>"
00:01:47.524,00:01:47.791,75,0,"<4></c><1>katasukumetebonnettokara</c><6>koshiagete</c><4></c>"
00:01:47.791,00:01:48.092,75,0,"<4></c><1>katasukumetebonnettokarako</c><6>shiagete</c><4></c>"
00:01:47.791,00:01:48.092,75,0,"<4></c><1>katasukumetebonnettokarako</c><6>shiagete</c><4></c>"
00:01:48.092,00:01:48.425,75,0,"<4></c><1>katasukumetebonnettokarakoshi</c><6>agete</c><4></c>"
00:01:48.092,00:01:48.425,75,0,"<4></c><1>katasukumetebonnettokarakoshi</c><6>agete</c><4></c>"
00:01:48.425,00:01:48.725,75,0,"<4></c><1>katasukumetebonnettokarakoshia</c><6>gete</c><4></c>"
00:01:48.425,00:01:48.725,75,0,"<4></c><1>katasukumetebonnettokarakoshia</c><6>gete</c><4></c>"
00:01:48.725,00:01:48.892,75,0,"<4></c><1>katasukumetebonnettokarakoshiage</c><6>te</c><4></c>"
00:01:48.725,00:01:48.892,75,0,"<4></c><1>katasukumetebonnettokarakoshiage</c><6>te</c><4></c>"
00:01:48.892,00:01:50.060,75,0,"<4></c><1>katasukumetebonnettokarakoshiagete</c><4></c>"
00:01:48.892,00:01:50.060,75,0,"<4></c><1>katasukumetebonnettokarakoshiagete</c><4></c>"
00:01:52.529,00:01:52.796,56,0,"<4></c><5>sha</c><6>berisugiyoakitekitawa</c><4></c>"
00:01:52.529,00:01:52.796,56,0,"<4></c><5>sha</c><6>berisugiyoakitekitawa</c><4></c>"
00:01:52.529,00:01:56.600,59,-1,"<4></c><5>Gettingtiredofallthetalk</c><4></c>"
00:01:52.529,00:01:56.600,59,-1,"<4></c><5>Gettingtiredofallthetalk</c><4></c>"
00:01:52.796,00:01:53.063,56,0,"<4></c><5>shabe</c><6>risugiyoakitekitawa</c><4></c>"
00:01:52.796,00:01:53.063,56,0,"<4></c><5>shabe</c><6>risugiyoakitekitawa</c><4></c>"
00:01:53.063,00:01:53.330,56,0,"<4></c><5>shaberi</c><6>sugiyoakitekitawa</c><4></c>"
00:01:53.063,00:01:53.330,56,0,"<4></c><5>shaberi</c><6>sugiyoakitekitawa</c><4></c>"
00:01:53.330,00:01:53.630,56,0,"<4></c><5>shaberisu</c><6>giyoakitekitawa</c><4></c>"
00:01:53.330,00:01:53.630,56,0,"<4></c><5>shaberisu</c><6>giyoakitekitawa</c><4></c>"
00:01:53.630,00:01:53.764,56,0,"<4></c><5>shaberisugi</c><6>yoakitekitawa</c><4></c>"
00:01:53.630,00:01:53.764,56,0,"<4></c><5>shaberisugi</c><6>yoakitekitawa</c><4></c>"
00:01:53.764,00:01:54.698,56,0,"<4></c><5>shaberisugiyo</c><6>akitekitawa</c><4></c>"
00:01:53.764,00:01:54.698,56,0,"<4></c><5>shaberisugiyo</c><6>akitekitawa</c><4></c>"
00:01:54.698,00:01:54.965,56,0,"<4></c><5>shaberisugiyoa</c><6>kitekitawa</c><4></c>"
00:01:54.698,00:01:54.965,56,0,"<4></c><5>shaberisugiyoa</c><6>kitekitawa</c><4></c>"
00:01:54.965,00:01:55.265,56,0,"<4></c><5>shaberisugiyoaki</c><6>tekitawa</c><4></c>"
00:01:54.965,00:01:55.265,56,0,"<4></c><5>shaberisugiyoaki</c><6>tekitawa</c><4></c>"
00:01:55.265,00:01:55.532,56,0,"<4></c><5>shaberisugiyoakite</c><6>kitawa</c><4></c>"
00:01:55.265,00:01:55.532,56,0,"<4></c><5>shaberisugiyoakite</c><6>kitawa</c><4></c>"
00:01:55.532,00:01:55.799,56,0,"<4></c><5>shaberisugiyoakiteki</c><6>tawa</c><4></c>"
00:01:55.532,00:01:55.799,56,0,"<4></c><5>shaberisugiyoakiteki</c><6>tawa</c><4></c>"
00:01:55.799,00:01:55.966,56,0,"<4></c><5>shaberisugiyoakitekita</c><6>wa</c><4></c>"
00:01:55.799,00:01:55.966,56,0,"<4></c><5>shaberisugiyoakitekita</c><6>wa</c><4></c>"
00:01:55.966,00:01:56.600,56,0,"<4></c><5>shaberisugiyoakitekitawa</c><4></c>"
00:01:55.966,00:01:56.600,56,0,"<4></c><5>shaberisugiyoakitekitawa</c><4></c>"
00:01:56.600,00:01:58.235,-1,0,"<4></c><5>Stay</c><6>theFlashlight</c><4></c>"
00:01:56.600,00:01:58.235,-1,0,"<4></c><5>Stay</c><6>theFlashlight</c><4></c>"
00:01:56.600,00:01:59.870,-1,-1,"<4></c><5>StaytheFlashlight</c><4></c>"
00:01:56.600,00:01:59.870,-1,-1,"<4></c><5>StaytheFlashlight</c><4></c>"
00:01:58.235,00:01:58.535,-1,0,"<4></c><5>Staythe</c><6>Flashlight</c><4></c>"
00:01:58.235,00:01:58.535,-1,0,"<4></c><5>Staythe</c><6>Flashlight</c><4></c>"
00:01:58.535,00:01:59.069,-1,0,"<4></c><5>StaytheFlash</c><6>light</c><4></c>"
00:01:58.535,00:01:59.069,-1,0,"<4></c><5>StaytheFlash</c><6>light</c><4></c>"
00:01:59.069,00:01:59.870,-1,0,"<4></c><5>StaytheFlashlight</c><4></c>"
00:01:59.069,00:01:59.870,-1,0,"<4></c><5>StaytheFlashlight</c><4></c>"
00:02:00.971,00:02:01.505,-1,0,"<4></c><1>ni</c><6>tahitomitai</c><4></c>"
00:02:00.971,00:02:01.505,-1,0,"<4></c><1>ni</c><6>tahitomitai</c><4></c>"
00:02:00.971,00:02:04.541,-1,-1,"<4></c><1>Afamiliarface</c><4></c>"
00:02:00.971,00:02:04.541,-1,-1,"<4></c><1>Afamiliarface</c><4></c>"
00:02:01.505,00:02:02.072,-1,0,"<4></c><1>nita</c><6>hitomitai</c><4></c>"
00:02:01.505,00:02:02.072,-1,0,"<4></c><1>nita</c><6>hitomitai</c><4></c>"
00:02:02.072,00:02:02.606,-1,0,"<4></c><1>nitahi</c><6>tomitai</c><4></c>"
00:02:02.072,00:02:02.606,-1,0,"<4></c><1>nitahi</c><6>tomitai</c><4></c>"
00:02:02.606,00:02:02.906,-1,0,"<4></c><1>nitahito</c><6>mitai</c><4></c>"
00:02:02.606,00:02:02.906,-1,0,"<4></c><1>nitahito</c><6>mitai</c><4></c>"
00:02:02.906,00:02:03.440,-1,0,"<4></c><1>nitahitomi</c><6>tai</c><4></c>"
00:02:02.906,00:02:03.440,-1,0,"<4></c><1>nitahitomi</c><6>tai</c><4></c>"
00:02:03.440,00:02:03.707,-1,0,"<4></c><1>nitahitomita</c><6>i</c><4></c>"
00:02:03.440,00:02:03.707,-1,0,"<4></c><1>nitahitomita</c><6>i</c><4></c>"
00:02:03.707,00:02:04.541,-1,0,"<4></c><1>nitahitomitai</c><4></c>"
00:02:03.707,00:02:04.541,-1,0,"<4></c><1>nitahitomitai</c><4></c>"
00:02:03.707,00:02:04.274,-1,7,"<4></c><5>(So</c><6>LookAlike)</c><4></c>"
00:02:03.707,00:02:04.274,-1,7,"<4></c><5>(So</c><6>LookAlike)</c><4></c>"
00:02:03.707,00:02:08.045,-1,85,"<4></c><5>(SoLookAlike)</c><4></c>"
00:02:03.707,00:02:08.045,-1,85,"<4></c><5>(SoLookAlike)</c><4></c>"
00:02:04.274,00:02:04.575,-1,7,"<4></c><5>(SoLook</c><6>Alike)</c><4></c>"
00:02:04.274,00:02:04.575,-1,7,"<4></c><5>(SoLook</c><6>Alike)</c><4></c>"
00:02:04.541,00:02:04.808,-1,0,"<4></c><1>to</c><6>kekaketamahoune</c><4></c>"
00:02:04.541,00:02:04.808,-1,0,"<4></c><1>to</c><6>kekaketamahoune</c><4></c>"
00:02:04.541,00:02:08.912,-1,-1,"<4></c><1>Themagic'swearingoff</c><4></c>"
00:02:04.541,00:02:08.912,-1,-1,"<4></c><1>Themagic'swearingoff</c><4></c>"
00:02:04.575,00:02:05.109,-1,7,"<4></c><5>(SoLookA</c><6>like)</c><4></c>"
00:02:04.575,00:02:05.109,-1,7,"<4></c><5>(SoLookA</c><6>like)</c><4></c>"
00:02:04.808,00:02:05.075,-1,0,"<4></c><1>toke</c><6>kaketamahoune</c><4></c>"
00:02:04.808,00:02:05.075,-1,0,"<4></c><1>toke</c><6>kaketamahoune</c><4></c>"
00:02:05.075,00:02:05.876,-1,0,"<4></c><1>tokeka</c><6>ketamahoune</c><4></c>"
00:02:05.075,00:02:05.876,-1,0,"<4></c><1>tokeka</c><6>ketamahoune</c><4></c>"
00:02:05.109,00:02:08.045,-1,7,"<4></c><5>(SoLookAlike)</c><4></c>"
00:02:05.109,00:02:08.045,-1,7,"<4></c><5>(SoLookAlike)</c><4></c>"
00:02:05.876,00:02:06.410,-1,0,"<4></c><1>tokekake</c><6>tamahoune</c><4></c>"
00:02:05.876,00:02:06.410,-1,0,"<4></c><1>tokekake</c><6>tamahoune</c><4></c>"
00:02:06.410,00:02:06.710,-1,0,"<4></c><1>tokekaketa</c><6>mahoune</c><4></c>"
00:02:06.410,00:02:06.710,-1,0,"<4></c><1>tokekaketa</c><6>mahoune</c><4></c>"
00:02:06.710,00:02:06.977,-1,0,"<4></c><1>tokekaketama</c><6>houne</c><4></c>"
00:02:06.710,00:02:06.977,-1,0,"<4></c><1>tokekaketama</c><6>houne</c><4></c>"
00:02:06.977,00:02:07.244,-1,0,"<4></c><1>tokekaketamaho</c><6>une</c><4></c>"
00:02:06.977,00:02:07.244,-1,0,"<4></c><1>tokekaketamaho</c><6>une</c><4></c>"
00:02:07.244,00:02:07.778,-1,0,"<4></c><1>tokekaketamahou</c><6>ne</c><4></c>"
00:02:07.244,00:02:07.778,-1,0,"<4></c><1>tokekaketamahou</c><6>ne</c><4></c>"
00:02:07.778,00:02:08.912,-1,0,"<4></c><1>tokekaketamahoune</c><4></c>"
00:02:07.778,00:02:08.912,-1,0,"<4></c><1>tokekaketamahoune</c><4></c>"
00:02:08.045,00:02:08.612,-1,7,"<4></c><5>(Fade-</c><6>InFade-Out)</c><4></c>"
00:02:08.045,00:02:08.612,-1,7,"<4></c><5>(Fade-</c><6>InFade-Out)</c><4></c>"
00:02:08.045,00:02:11.081,-1,71,"<4></c><5>(Fade-InFade-Out)</c><4></c>"
00:02:08.045,00:02:11.081,-1,71,"<4></c><5>(Fade-InFade-Out)</c><4></c>"
00:02:08.612,00:02:09.146,-1,7,"<4></c><5>(Fade-In</c><6>Fade-Out)</c><4></c>"
00:02:08.612,00:02:09.146,-1,7,"<4></c><5>(Fade-In</c><6>Fade-Out)</c><4></c>"
00:02:08.912,00:02:09.179,75,0,"<4></c><1>to</c><6>oinatsunoanomemainimodoritaino</c><4></c>"
00:02:08.912,00:02:09.179,75,0,"<4></c><1>to</c><6>oinatsunoanomemainimodoritaino</c><4></c>"
00:02:08.912,00:02:17.888,-1,91,"<4></c><1>Iwanttogobacktothe</c><4></c><3>dizzydays</c><1>ofthatsummer</c><4></c>"
00:02:08.912,00:02:17.888,-1,91,"<4></c><1>Iwanttogobacktothe</c><4></c><3>dizzydays</c><1>ofthatsummer</c><4></c>"
00:02:09.146,00:02:09.413,-1,7,"<4></c><5>(Fade-InFade-</c><6>Out)</c><4></c>"
00:02:09.146,00:02:09.413,-1,7,"<4></c><5>(Fade-InFade-</c><6>Out)</c><4></c>"
00:02:09.179,00:02:09.446,75,0,"<4></c><1>too</c><6>inatsunoanomemainimodoritaino</c><4></c>"
00:02:09.179,00:02:09.446,75,0,"<4></c><1>too</c><6>inatsunoanomemainimodoritaino</c><4></c>"
00:02:09.413,00:02:11.081,-1,7,"<4></c><5>(Fade-InFade-Out)</c><4></c>"
00:02:09.413,00:02:11.081,-1,7,"<4></c><5>(Fade-InFade-Out)</c><4></c>"
00:02:09.446,00:02:09.980,75,0,"<4></c><1>tooi</c><6>natsunoanomemainimodoritaino</c><4></c>"
00:02:09.446,00:02:09.980,75,0,"<4></c><1>tooi</c><6>natsunoanomemainimodoritaino</c><4></c>"
00:02:09.980,00:02:10.280,75,0,"<4></c><1>tooina</c><6>tsunoanomemainimodoritaino</c><4></c>"
00:02:09.980,00:02:10.280,75,0,"<4></c><1>tooina</c><6>tsunoanomemainimodoritaino</c><4></c>"
00:02:10.280,00:02:10.547,75,0,"<4></c><1>tooinatsu</c><6>noanomemainimodoritaino</c><4></c>"
00:02:10.280,00:02:10.547,75,0,"<4></c><1>tooinatsu</c><6>noanomemainimodoritaino</c><4></c>"
00:02:10.547,00:02:11.081,75,0,"<4></c><1>tooinatsuno</c><6>anomemainimodoritaino</c><4></c>"
00:02:10.547,00:02:11.081,75,0,"<4></c><1>tooinatsuno</c><6>anomemainimodoritaino</c><4></c>"
00:02:11.081,00:02:11.348,75,0,"<4></c><1>tooinatsunoa</c><6>nomemainimodoritaino</c><4></c>"
00:02:11.081,00:02:11.348,75,0,"<4></c><1>tooinatsunoa</c><6>nomemainimodoritaino</c><4></c>"
00:02:11.348,00:02:11.648,75,0,"<4></c><1>tooinatsunoano</c><6>memainimodoritaino</c><4></c>"
00:02:11.348,00:02:11.648,75,0,"<4></c><1>tooinatsunoano</c><6>memainimodoritaino</c><4></c>"
00:02:11.648,00:02:12.182,75,0,"<4></c><1>tooinatsunoano</c><3>me</c><6>mainimodoritaino</c><4></c>"
00:02:11.648,00:02:12.182,75,0,"<4></c><1>tooinatsunoano</c><3>me</c><6>mainimodoritaino</c><4></c>"
00:02:12.182,00:02:12.449,75,0,"<4></c><1>tooinatsunoano</c><3>mema</c><6>inimodoritaino</c><4></c>"
00:02:12.182,00:02:12.449,75,0,"<4></c><1>tooinatsunoano</c><3>mema</c><6>inimodoritaino</c><4></c>"
00:02:12.449,00:02:12.716,75,0,"<4></c><1>tooinatsunoano</c><3>memai</c><6>nimodoritaino</c><4></c>"
00:02:12.449,00:02:12.716,75,0,"<4></c><1>tooinatsunoano</c><3>memai</c><6>nimodoritaino</c><4></c>"
00:02:12.716,00:02:13.250,75,0,"<4></c><1>tooinatsunoano</c><3>memaini</c><6>modoritaino</c><4></c>"
00:02:12.716,00:02:13.250,75,0,"<4></c><1>tooinatsunoano</c><3>memaini</c><6>modoritaino</c><4></c>"
00:02:13.250,00:02:13.517,75,0,"<4></c><1>tooinatsunoano</c><3>memaini</c><1>mo</c><6>doritaino</c><4></c>"
00:02:13.250,00:02:13.517,75,0,"<4></c><1>tooinatsunoano</c><3>memaini</c><1>mo</c><6>doritaino</c><4></c>"
00:02:13.517,00:02:13.817,75,0,"<4></c><1>tooinatsunoano</c><3>memaini</c><1>modo</c><6>ritaino</c><4></c>"
00:02:13.517,00:02:13.817,75,0,"<4></c><1>tooinatsunoano</c><3>memaini</c><1>modo</c><6>ritaino</c><4></c>"
00:02:13.817,00:02:14.618,75,0,"<4></c><1>tooinatsunoano</c><3>memaini</c><1>modori</c><6>taino</c><4></c>"
00:02:13.817,00:02:14.618,75,0,"<4></c><1>tooinatsunoano</c><3>memaini</c><1>modori</c><6>taino</c><4></c>"
00:02:14.618,00:02:14.818,75,0,"<4></c><1>tooinatsunoano</c><3>memaini</c><1>modorita</c><6>ino</c><4></c>"
00:02:14.618,00:02:14.818,75,0,"<4></c><1>tooinatsunoano</c><3>memaini</c><1>modorita</c><6>ino</c><4></c>"
00:02:14.818,00:02:15.052,75,0,"<4></c><1>tooinatsunoano</c><3>memaini</c><1>modoritai</c><6>no</c><4></c>"
00:02:14.818,00:02:15.052,75,0,"<4></c><1>tooinatsunoano</c><3>memaini</c><1>modoritai</c><6>no</c><4></c>"
00:02:15.052,00:02:17.888,75,0,"<4></c><1>tooinatsunoano</c><3>memaini</c><1>modoritaino</c><4></c>"
00:02:15.052,00:02:17.888,75,0,"<4></c><1>tooinatsunoano</c><3>memaini</c><1>modoritaino</c><4></c>"
00:02:15.152,00:02:15.719,-1,7,"<4></c><5>(Be</c><6>WithYou)</c><4></c>"
00:02:15.152,00:02:15.719,-1,7,"<4></c><5>(Be</c><6>WithYou)</c><4></c>"
00:02:15.152,00:02:17.888,-1,71,"<4></c><5>(BeWithYou)</c><4></c>"
00:02:15.152,00:02:17.888,-1,71,"<4></c><5>(BeWithYou)</c><4></c>"
00:02:15.719,00:02:15.986,-1,7,"<4></c><5>(BeWith</c><6>You)</c><4></c>"
00:02:15.719,00:02:15.986,-1,7,"<4></c><5>(BeWith</c><6>You)</c><4></c>"
00:02:15.986,00:02:17.888,-1,7,"<4></c><5>(BeWithYou)</c><4></c>"
00:02:15.986,00:02:17.888,-1,7,"<4></c><5>(BeWithYou)</c><4></c>"
00:02:17.888,00:02:18.188,-1,0,"<4></c><3>No</c><6>more</c><4></c>"
00:02:17.888,00:02:18.188,-1,0,"<4></c><3>No</c><6>more</c><4></c>"
00:02:17.888,00:02:20.624,-1,-1,"<4></c><3>Nomore</c><4></c>"
00:02:17.888,00:02:20.624,-1,-1,"<4></c><3>Nomore</c><4></c>"
00:02:18.188,00:02:20.624,-1,0,"<4></c><3>Nomore</c><4></c>"
00:02:18.188,00:02:20.624,-1,0,"<4></c><3>Nomore</c><4></c>"
00:02:21.959,00:02:22.392,-1,0,"<4></c><3>May</c><6>beLoveStrayMyHeart</c><4></c>"
00:02:21.959,00:02:22.392,-1,0,"<4></c><3>May</c><6>beLoveStrayMyHeart</c><4></c>"
00:02:21.959,00:02:27.164,-1,-1,"<4></c><3>MaybeLoveStrayMyHeart</c><4></c>"
00:02:21.959,00:02:27.164,-1,-1,"<4></c><3>MaybeLoveStrayMyHeart</c><4></c>"
00:02:22.392,00:02:22.793,-1,0,"<4></c><3>Maybe</c><6>LoveStrayMyHeart</c><4></c>"
00:02:22.392,00:02:22.793,-1,0,"<4></c><3>Maybe</c><6>LoveStrayMyHeart</c><4></c>"
00:02:22.793,00:02:24.161,-1,0,"<4></c><3>MaybeLove</c><6>StrayMyHeart</c><4></c>"
00:02:22.793,00:02:24.161,-1,0,"<4></c><3>MaybeLove</c><6>StrayMyHeart</c><4></c>"
00:02:24.161,00:02:24.595,-1,0,"<4></c><3>MaybeLoveStray</c><6>MyHeart</c><4></c>"
00:02:24.161,00:02:24.595,-1,0,"<4></c><3>MaybeLoveStray</c><6>MyHeart</c><4></c>"
00:02:24.595,00:02:24.962,-1,0,"<4></c><3>MaybeLoveStrayMy</c><6>Heart</c><4></c>"
00:02:24.595,00:02:24.962,-1,0,"<4></c><3>MaybeLoveStrayMy</c><6>Heart</c><4></c>"
00:02:24.962,00:02:27.164,-1,0,"<4></c><3>MaybeLoveStrayMyHeart</c><4></c>"
00:02:24.962,00:02:27.164,-1,0,"<4></c><3>MaybeLoveStrayMyHeart</c><4></c>"
00:02:27.164,00:02:27.431,-1,0,"<4></c><3>sa</c><6>rigenaishigusashite</c><4></c>"
00:02:27.164,00:02:27.431,-1,0,"<4></c><3>sa</c><6>rigenaishigusashite</c><4></c>"
00:02:27.164,00:02:30.701,-1,-1,"<4></c><3>Withacasualbrushoff</c><4></c>"
00:02:27.164,00:02:30.701,-1,-1,"<4></c><3>Withacasualbrushoff</c><4></c>"
00:02:27.431,00:02:27.731,-1,0,"<4></c><3>sari</c><6>genaishigusashite</c><4></c>"
00:02:27.431,00:02:27.731,-1,0,"<4></c><3>sari</c><6>genaishigusashite</c><4></c>"
00:02:27.731,00:02:27.965,-1,0,"<4></c><3>sarige</c><6>naishigusashite</c><4></c>"
00:02:27.731,00:02:27.965,-1,0,"<4></c><3>sarige</c><6>naishigusashite</c><4></c>"
00:02:27.965,00:02:28.165,-1,0,"<4></c><3>sarigena</c><6>ishigusashite</c><4></c>"
00:02:27.965,00:02:28.165,-1,0,"<4></c><3>sarigena</c><6>ishigusashite</c><4></c>"
00:02:28.165,00:02:28.532,-1,0,"<4></c><3>sarigenai</c><6>shigusashite</c><4></c>"
00:02:28.165,00:02:28.532,-1,0,"<4></c><3>sarigenai</c><6>shigusashite</c><4></c>"
00:02:28.532,00:02:28.799,-1,0,"<4></c><3>sarigenaishi</c><6>gusashite</c><4></c>"
00:02:28.532,00:02:28.799,-1,0,"<4></c><3>sarigenaishi</c><6>gusashite</c><4></c>"
00:02:28.799,00:02:29.099,-1,0,"<4></c><3>sarigenaishigu</c><6>sashite</c><4></c>"
00:02:28.799,00:02:29.099,-1,0,"<4></c><3>sarigenaishigu</c><6>sashite</c><4></c>"
00:02:29.099,00:02:29.600,-1,0,"<4></c><3>sarigenaishigusa</c><6>shite</c><4></c>"
00:02:29.099,00:02:29.600,-1,0,"<4></c><3>sarigenaishigusa</c><6>shite</c><4></c>"
00:02:29.600,00:02:30.167,-1,0,"<4></c><3>sarigenaishigusashi</c><6>te</c><4></c>"
00:02:29.600,00:02:30.167,-1,0,"<4></c><3>sarigenaishigusashi</c><6>te</c><4></c>"
00:02:30.167,00:02:30.701,-1,0,"<4></c><3>sarigenaishigusashite</c><4></c>"
00:02:30.167,00:02:30.701,-1,0,"<4></c><3>sarigenaishigusashite</c><4></c>"
00:02:30.701,00:02:31.135,-1,0,"<4></c><3>ki</c><6>suosorasuwaIGoAway</c><4></c>"
00:02:30.701,00:02:31.135,-1,0,"<4></c><3>ki</c><6>suosorasuwaIGoAway</c><4></c>"
00:02:30.701,00:02:39.977,61,-1,"<4></c><3>IavoidthekissandIGoAway</c><4></c>"
00:02:30.701,00:02:39.977,61,-1,"<4></c><3>IavoidthekissandIGoAway</c><4></c>"
00:02:31.135,00:02:31.535,-1,0,"<4></c><3>kisu</c><6>osorasuwaIGoAway</c><4></c>"
00:02:31.135,00:02:31.535,-1,0,"<4></c><3>kisu</c><6>osorasuwaIGoAway</c><4></c>"
00:02:31.535,00:02:32.903,-1,0,"<4></c><3>kisuo</c><6>sorasuwaIGoAway</c><4></c>"
00:02:31.535,00:02:32.903,-1,0,"<4></c><3>kisuo</c><6>sorasuwaIGoAway</c><4></c>"
00:02:32.903,00:02:33.303,-1,0,"<4></c><3>kisuoso</c><6>rasuwaIGoAway</c><4></c>"
00:02:32.903,00:02:33.303,-1,0,"<4></c><3>kisuoso</c><6>rasuwaIGoAway</c><4></c>"
00:02:33.303,00:02:33.704,-1,0,"<4></c><3>kisuosora</c><6>suwaIGoAway</c><4></c>"
00:02:33.303,00:02:33.704,-1,0,"<4></c><3>kisuosora</c><6>suwaIGoAway</c><4></c>"
00:02:33.704,00:02:34.004,-1,0,"<4></c><3>kisuosorasu</c><6>waIGoAway</c><4></c>"
00:02:33.704,00:02:34.004,-1,0,"<4></c><3>kisuosorasu</c><6>waIGoAway</c><4></c>"
00:02:34.004,00:02:35.339,-1,0,"<4></c><3>kisuosorasuwa</c><6>IGoAway</c><4></c>"
00:02:34.004,00:02:35.339,-1,0,"<4></c><3>kisuosorasuwa</c><6>IGoAway</c><4></c>"
00:02:35.339,00:02:35.606,-1,0,"<4></c><3>kisuosorasuwaI</c><6>GoAway</c><4></c>"
00:02:35.339,00:02:35.606,-1,0,"<4></c><3>kisuosorasuwaI</c><6>GoAway</c><4></c>"
00:02:35.606,00:02:37.274,-1,0,"<4></c><3>kisuosorasuwaIGo</c><6>Away</c><4></c>"
00:02:35.606,00:02:37.274,-1,0,"<4></c><3>kisuosorasuwaIGo</c><6>Away</c><4></c>"
00:02:37.274,00:02:37.541,-1,0,"<4></c><3>kisuosorasuwaIGoA</c><6>way</c><4></c>"
00:02:37.274,00:02:37.541,-1,0,"<4></c><3>kisuosorasuwaIGoA</c><6>way</c><4></c>"
00:02:37.541,00:02:39.977,-1,0,"<4></c><3>kisuosorasuwaIGoAway</c><4></c>"
00:02:37.541,00:02:39.977,-1,0,"<4></c><3>kisuosorasuwaIGoAway</c><4></c>"
00:02:39.977,00:02:40.511,63,0,"<4></c><5>yu</c><6>utachinitsukiaukinaikara</c><4></c>"
00:02:39.977,00:02:40.511,63,0,"<4></c><5>yu</c><6>utachinitsukiaukinaikara</c><4></c>"
00:02:39.977,00:02:46.783,84,-1,"<4></c><5>Notgoingtoplayaroundintherainwithyou</c><4></c>"
00:02:39.977,00:02:46.783,84,-1,"<4></c><5>Notgoingtoplayaroundintherainwithyou</c><4></c>"
00:02:40.511,00:02:40.777,63,0,"<4></c><5>yuu</c><6>tachinitsukiaukinaikara</c><4></c>"
00:02:40.511,00:02:40.777,63,0,"<4></c><5>yuu</c><6>tachinitsukiaukinaikara</c><4></c>"
00:02:40.777,00:02:41.044,63,0,"<4></c><5>yuuta</c><6>chinitsukiaukinaikara</c><4></c>"
00:02:40.777,00:02:41.044,63,0,"<4></c><5>yuuta</c><6>chinitsukiaukinaikara</c><4></c>"
00:02:41.044,00:02:41.211,63,0,"<4></c><5>yuutachi</c><6>nitsukiaukinaikara</c><4></c>"
00:02:41.044,00:02:41.211,63,0,"<4></c><5>yuutachi</c><6>nitsukiaukinaikara</c><4></c>"
00:02:41.211,00:02:41.612,63,0,"<4></c><5>yuutachini</c><6>tsukiaukinaikara</c><4></c>"
00:02:41.211,00:02:41.612,63,0,"<4></c><5>yuutachini</c><6>tsukiaukinaikara</c><4></c>"
00:02:41.612,00:02:41.879,63,0,"<4></c><5>yuutachinitsu</c><6>kiaukinaikara</c><4></c>"
00:02:41.612,00:02:41.879,63,0,"<4></c><5>yuutachinitsu</c><6>kiaukinaikara</c><4></c>"
00:02:41.879,00:02:42.179,63,0,"<4></c><5>yuutachinitsuki</c><6>aukinaikara</c><4></c>"
00:02:41.879,00:02:42.179,63,0,"<4></c><5>yuutachinitsuki</c><6>aukinaikara</c><4></c>"
00:02:42.179,00:02:42.412,63,0,"<4></c><5>yuutachinitsukia</c><6>ukinaikara</c><4></c>"
00:02:42.179,00:02:42.412,63,0,"<4></c><5>yuutachinitsukia</c><6>ukinaikara</c><4></c>"
00:02:42.412,00:02:42.713,63,0,"<4></c><5>yuutachinitsukiau</c><6>kinaikara</c><4></c>"
00:02:42.412,00:02:42.713,63,0,"<4></c><5>yuutachinitsukiau</c><6>kinaikara</c><4></c>"
00:02:42.713,00:02:43.213,63,0,"<4></c><5>yuutachinitsukiauki</c><6>naikara</c><4></c>"
00:02:42.713,00:02:43.213,63,0,"<4></c><5>yuutachinitsukiauki</c><6>naikara</c><4></c>"
00:02:43.213,00:02:43.514,63,0,"<4></c><5>yuutachinitsukiaukina</c><6>ikara</c><4></c>"
00:02:43.213,00:02:43.514,63,0,"<4></c><5>yuutachinitsukiaukina</c><6>ikara</c><4></c>"
00:02:43.514,00:02:43.914,63,0,"<4></c><5>yuutachinitsukiaukinai</c><6>kara</c><4></c>"
00:02:43.514,00:02:43.914,63,0,"<4></c><5>yuutachinitsukiaukinai</c><6>kara</c><4></c>"
00:02:43.914,00:02:44.348,63,0,"<4></c><5>yuutachinitsukiaukinaika</c><6>ra</c><4></c>"
00:02:43.914,00:02:44.348,63,0,"<4></c><5>yuutachinitsukiaukinaika</c><6>ra</c><4></c>"
00:02:44.348,00:02:46.783,63,0,"<4></c><5>yuutachinitsukiaukinaikara</c><4></c>"
00:02:44.348,00:02:46.783,63,0,"<4></c><5>yuutachinitsukiaukinaikara</c><4></c>"
00:02:48.719,00:02:49.219,69,0,"<4></c><3>ku</c><6>zuretekuonshoanaminomanimani</c><4></c>"
00:02:48.719,00:02:49.219,69,0,"<4></c><3>ku</c><6>zuretekuonshoanaminomanimani</c><4></c>"
00:02:48.719,00:02:56.860,73,-1,"<4></c><3>Crumblingdownthewavesontheshore</c><4></c>"
00:02:48.719,00:02:56.860,73,-1,"<4></c><3>Crumblingdownthewavesontheshore</c><4></c>"
00:02:49.219,00:02:49.520,69,0,"<4></c><3>kuzu</c><6>retekuonshoanaminomanimani</c><4></c>"
00:02:49.219,00:02:49.520,69,0,"<4></c><3>kuzu</c><6>retekuonshoanaminomanimani</c><4></c>"
00:02:49.520,00:02:49.786,69,0,"<4></c><3>kuzure</c><6>tekuonshoanaminomanimani</c><4></c>"
00:02:49.520,00:02:49.786,69,0,"<4></c><3>kuzure</c><6>tekuonshoanaminomanimani</c><4></c>"
00:02:49.786,00:02:49.953,69,0,"<4></c><3>kuzurete</c><6>kuonshoanaminomanimani</c><4></c>"
00:02:49.786,00:02:49.953,69,0,"<4></c><3>kuzurete</c><6>kuonshoanaminomanimani</c><4></c>"
00:02:49.953,00:02:50.354,69,0,"<4></c><3>kuzureteku</c><6>onshoanaminomanimani</c><4></c>"
00:02:49.953,00:02:50.354,69,0,"<4></c><3>kuzureteku</c><6>onshoanaminomanimani</c><4></c>"
00:02:50.354,00:02:50.621,69,0,"<4></c><3>kuzuretekuo</c><6>nshoanaminomanimani</c><4></c>"
00:02:50.354,00:02:50.621,69,0,"<4></c><3>kuzuretekuo</c><6>nshoanaminomanimani</c><4></c>"
00:02:50.621,00:02:50.954,69,0,"<4></c><3>kuzuretekuon</c><6>shoanaminomanimani</c><4></c>"
00:02:50.621,00:02:50.954,69,0,"<4></c><3>kuzuretekuon</c><6>shoanaminomanimani</c><4></c>"
00:02:50.954,00:02:51.455,69,0,"<4></c><3>kuzuretekuonsho</c><6>anaminomanimani</c><4></c>"
00:02:50.954,00:02:51.455,69,0,"<4></c><3>kuzuretekuonsho</c><6>anaminomanimani</c><4></c>"
00:02:51.455,00:02:51.955,69,0,"<4></c><3>kuzuretekuonshoa</c><6>naminomanimani</c><4></c>"
00:02:51.455,00:02:51.955,69,0,"<4></c><3>kuzuretekuonshoa</c><6>naminomanimani</c><4></c>"
00:02:51.955,00:02:52.256,69,0,"<4></c><3>kuzuretekuonshoana</c><6>minomanimani</c><4></c>"
00:02:51.955,00:02:52.256,69,0,"<4></c><3>kuzuretekuonshoana</c><6>minomanimani</c><4></c>"
00:02:52.256,00:02:52.623,69,0,"<4></c><3>kuzuretekuonshoanami</c><6>nomanimani</c><4></c>"
00:02:52.256,00:02:52.623,69,0,"<4></c><3>kuzuretekuonshoanami</c><6>nomanimani</c><4></c>"
00:02:52.623,00:02:53.090,69,0,"<4></c><3>kuzuretekuonshoanamino</c><6>manimani</c><4></c>"
00:02:52.623,00:02:53.090,69,0,"<4></c><3>kuzuretekuonshoanamino</c><6>manimani</c><4></c>"
00:02:53.090,00:02:53.357,69,0,"<4></c><3>kuzuretekuonshoanaminoma</c><6>nimani</c><4></c>"
00:02:53.090,00:02:53.357,69,0,"<4></c><3>kuzuretekuonshoanaminoma</c><6>nimani</c><4></c>"
00:02:53.357,00:02:55.259,69,0,"<4></c><3>kuzuretekuonshoanaminomani</c><6>mani</c><4></c>"
00:02:53.357,00:02:55.259,69,0,"<4></c><3>kuzuretekuonshoanaminomani</c><6>mani</c><4></c>"
00:02:55.259,00:02:55.526,69,0,"<4></c><3>kuzuretekuonshoanaminomanima</c><6>ni</c><4></c>"
00:02:55.259,00:02:55.526,69,0,"<4></c><3>kuzuretekuonshoanaminomanima</c><6>ni</c><4></c>"
00:02:55.526,00:02:56.860,69,0,"<4></c><3>kuzuretekuonshoanaminomanimani</c><4></c>"
00:02:55.526,00:02:56.860,69,0,"<4></c><3>kuzuretekuonshoanaminomanimani</c><4></c>"
00:02:56.860,00:02:57.161,-1,0,"<4></c><3>Turn</c><6>around</c><4></c>"
00:02:56.860,00:02:57.161,-1,0,"<4></c><3>Turn</c><6>around</c><4></c>"
00:02:56.860,00:03:00.697,-1,-1,"<4></c><3>Turnaround</c><4></c>"
00:02:56.860,00:03:00.697,-1,-1,"<4></c><3>Turnaround</c><4></c>"
00:02:57.161,00:02:57.427,-1,0,"<4></c><3>Turna</c><6>round</c><4></c>"
00:02:57.161,00:02:57.427,-1,0,"<4></c><3>Turna</c><6>round</c><4></c>"
00:02:57.427,00:03:00.697,-1,0,"<4></c><3>Turnaround</c><4></c>"
00:02:57.427,00:03:00.697,-1,0,"<4></c><3>Turnaround</c><4></c>"
00:03:23.086,00:03:23.487,-1,0,"<4></c><3>May</c><6>beLoveStrayMyHeart</c><4></c>"
00:03:23.086,00:03:23.487,-1,0,"<4></c><3>May</c><6>beLoveStrayMyHeart</c><4></c>"
00:03:23.086,00:03:28.225,-1,-1,"<4></c><3>MaybeLoveStrayMyHeart</c><4></c>"
00:03:23.086,00:03:28.225,-1,-1,"<4></c><3>MaybeLoveStrayMyHeart</c><4></c>"
00:03:23.487,00:03:23.887,-1,0,"<4></c><3>Maybe</c><6>LoveStrayMyHeart</c><4></c>"
00:03:23.487,00:03:23.887,-1,0,"<4></c><3>Maybe</c><6>LoveStrayMyHeart</c><4></c>"
00:03:23.887,00:03:25.255,-1,0,"<4></c><3>MaybeLove</c><6>StrayMyHeart</c><4></c>"
00:03:23.887,00:03:25.255,-1,0,"<4></c><3>MaybeLove</c><6>StrayMyHeart</c><4></c>"
00:03:25.255,00:03:25.722,-1,0,"<4></c><3>MaybeLoveStray</c><6>MyHeart</c><4></c>"
00:03:25.255,00:03:25.722,-1,0,"<4></c><3>MaybeLoveStray</c><6>MyHeart</c><4></c>"
00:03:25.722,00:03:26.056,-1,0,"<4></c><3>MaybeLoveStrayMy</c><6>Heart</c><4></c>"
00:03:25.722,00:03:26.056,-1,0,"<4></c><3>MaybeLoveStrayMy</c><6>Heart</c><4></c>"
00:03:26.056,00:03:28.225,-1,0,"<4></c><3>MaybeLoveStrayMyHeart</c><4></c>"
00:03:26.056,00:03:28.225,-1,0,"<4></c><3>MaybeLoveStrayMyHeart</c><4></c>"
00:03:28.225,00:03:28.525,-1,0,"<4></c><3>na</c><6>nimokamoshinkirou</c><4></c>"
00:03:28.225,00:03:28.525,-1,0,"<4></c><3>na</c><6>nimokamoshinkirou</c><4></c>"
00:03:28.225,00:03:31.762,-1,-1,"<4></c><3>It'sallamirage</c><4></c>"
00:03:28.225,00:03:31.762,-1,-1,"<4></c><3>It'sallamirage</c><4></c>"
00:03:28.525,00:03:28.792,-1,0,"<4></c><3>nani</c><6>mokamoshinkirou</c><4></c>"
00:03:28.525,00:03:28.792,-1,0,"<4></c><3>nani</c><6>mokamoshinkirou</c><4></c>"
00:03:28.792,00:03:29.059,-1,0,"<4></c><3>nanimo</c><6>kamoshinkirou</c><4></c>"
00:03:28.792,00:03:29.059,-1,0,"<4></c><3>nanimo</c><6>kamoshinkirou</c><4></c>"
00:03:29.059,00:03:29.226,-1,0,"<4></c><3>nanimoka</c><6>moshinkirou</c><4></c>"
00:03:29.059,00:03:29.226,-1,0,"<4></c><3>nanimoka</c><6>moshinkirou</c><4></c>"
00:03:29.226,00:03:29.560,-1,0,"<4></c><3>nanimokamo</c><6>shinkirou</c><4></c>"
00:03:29.226,00:03:29.560,-1,0,"<4></c><3>nanimokamo</c><6>shinkirou</c><4></c>"
00:03:29.560,00:03:29.860,-1,0,"<4></c><3>nanimokamoshi</c><6>nkirou</c><4></c>"
00:03:29.560,00:03:29.860,-1,0,"<4></c><3>nanimokamoshi</c><6>nkirou</c><4></c>"
00:03:29.860,00:03:30.160,-1,0,"<4></c><3>nanimokamoshin</c><6>kirou</c><4></c>"
00:03:29.860,00:03:30.160,-1,0,"<4></c><3>nanimokamoshin</c><6>kirou</c><4></c>"
00:03:30.160,00:03:30.694,-1,0,"<4></c><3>nanimokamoshinki</c><6>rou</c><4></c>"
00:03:30.160,00:03:30.694,-1,0,"<4></c><3>nanimokamoshinki</c><6>rou</c><4></c>"
00:03:30.694,00:03:31.228,-1,0,"<4></c><3>nanimokamoshinkiro</c><6>u</c><4></c>"
00:03:30.694,00:03:31.228,-1,0,"<4></c><3>nanimokamoshinkiro</c><6>u</c><4></c>"
00:03:31.228,00:03:31.762,-1,0,"<4></c><3>nanimokamoshinkirou</c><4></c>"
00:03:31.228,00:03:31.762,-1,0,"<4></c><3>nanimokamoshinkirou</c><4></c>"
00:03:31.762,00:03:32.196,61,0,"<4></c><3>na</c><6>tsunomegaminokimagurene</c><4></c>"
00:03:31.762,00:03:32.196,61,0,"<4></c><3>na</c><6>tsunomegaminokimagurene</c><4></c>"
00:03:31.762,00:03:41.071,67,-1,"<4></c><3>Thewhimsofthegoddessofsummer</c><4></c>"
00:03:31.762,00:03:41.071,67,-1,"<4></c><3>Thewhimsofthegoddessofsummer</c><4></c>"
00:03:32.196,00:03:32.629,61,0,"<4></c><3>natsu</c><6>nomegaminokimagurene</c><4></c>"
00:03:32.196,00:03:32.629,61,0,"<4></c><3>natsu</c><6>nomegaminokimagurene</c><4></c>"
00:03:32.629,00:03:33.997,61,0,"<4></c><3>natsuno</c><6>megaminokimagurene</c><4></c>"
00:03:32.629,00:03:33.997,61,0,"<4></c><3>natsuno</c><6>megaminokimagurene</c><4></c>"
00:03:33.997,00:03:34.398,61,0,"<4></c><3>natsunome</c><6>gaminokimagurene</c><4></c>"
00:03:33.997,00:03:34.398,61,0,"<4></c><3>natsunome</c><6>gaminokimagurene</c><4></c>"
00:03:34.398,00:03:34.798,61,0,"<4></c><3>natsunomega</c><6>minokimagurene</c><4></c>"
00:03:34.398,00:03:34.798,61,0,"<4></c><3>natsunomega</c><6>minokimagurene</c><4></c>"
00:03:34.798,00:03:35.065,61,0,"<4></c><3>natsunomegami</c><6>nokimagurene</c><4></c>"
00:03:34.798,00:03:35.065,61,0,"<4></c><3>natsunomegami</c><6>nokimagurene</c><4></c>"
00:03:35.065,00:03:36.433,61,0,"<4></c><3>natsunomegamino</c><6>kimagurene</c><4></c>"
00:03:35.065,00:03:36.433,61,0,"<4></c><3>natsunomegamino</c><6>kimagurene</c><4></c>"
00:03:36.433,00:03:36.667,61,0,"<4></c><3>natsunomegaminoki</c><6>magurene</c><4></c>"
00:03:36.433,00:03:36.667,61,0,"<4></c><3>natsunomegaminoki</c><6>magurene</c><4></c>"
00:03:36.667,00:03:38.335,61,0,"<4></c><3>natsunomegaminokima</c><6>gurene</c><4></c>"
00:03:36.667,00:03:38.335,61,0,"<4></c><3>natsunomegaminokima</c><6>gurene</c><4></c>"
00:03:38.335,00:03:38.602,61,0,"<4></c><3>natsunomegaminokimagu</c><6>rene</c><4></c>"
00:03:38.335,00:03:38.602,61,0,"<4></c><3>natsunomegaminokimagu</c><6>rene</c><4></c>"
00:03:38.602,00:03:38.902,61,0,"<4></c><3>natsunomegaminokimagure</c><6>ne</c><4></c>"
00:03:38.602,00:03:38.902,61,0,"<4></c><3>natsunomegaminokimagure</c><6>ne</c><4></c>"
00:03:38.902,00:03:41.071,61,0,"<4></c><3>natsunomegaminokimagurene</c><4></c>"
00:03:38.902,00:03:41.071,61,0,"<4></c><3>natsunomegaminokimagurene</c><4></c>"
00:03:41.071,00:03:41.605,64,0,"<4></c><3>i</c><6>tsukamatadananteINeverSay</c><4></c>"
00:03:41.071,00:03:41.605,64,0,"<4></c><3>i</c><6>tsukamatadananteINeverSay</c><4></c>"
00:03:41.071,00:03:47.878,58,-1,"<4></c><3>SeeyousomedayIneversay</c><4></c>"
00:03:41.071,00:03:47.878,58,-1,"<4></c><3>SeeyousomedayIneversay</c><4></c>"
00:03:41.605,00:03:41.872,64,0,"<4></c><3>itsu</c><6>kamatadananteINeverSay</c><4></c>"
00:03:41.605,00:03:41.872,64,0,"<4></c><3>itsu</c><6>kamatadananteINeverSay</c><4></c>"
00:03:41.872,00:03:42.172,64,0,"<4></c><3>itsuka</c><6>matadananteINeverSay</c><4></c>"
00:03:41.872,00:03:42.172,64,0,"<4></c><3>itsuka</c><6>matadananteINeverSay</c><4></c>"
00:03:42.172,00:03:42.306,64,0,"<4></c><3>itsukama</c><6>tadananteINeverSay</c><4></c>"
00:03:42.172,00:03:42.306,64,0,"<4></c><3>itsukama</c><6>tadananteINeverSay</c><4></c>"
00:03:42.306,00:03:42.706,64,0,"<4></c><3>itsukamata</c><6>dananteINeverSay</c><4></c>"
00:03:42.306,00:03:42.706,64,0,"<4></c><3>itsukamata</c><6>dananteINeverSay</c><4></c>"
00:03:42.706,00:03:42.973,64,0,"<4></c><3>itsukamatada</c><6>nanteINeverSay</c><4></c>"
00:03:42.706,00:03:42.973,64,0,"<4></c><3>itsukamatada</c><6>nanteINeverSay</c><4></c>"
00:03:42.973,00:03:43.273,64,0,"<4></c><3>itsukamatadana</c><6>nteINeverSay</c><4></c>"
00:03:42.973,00:03:43.273,64,0,"<4></c><3>itsukamatadana</c><6>nteINeverSay</c><4></c>"
00:03:43.273,00:03:43.807,64,0,"<4></c><3>itsukamatadanan</c><6>teINeverSay</c><4></c>"
00:03:43.273,00:03:43.807,64,0,"<4></c><3>itsukamatadanan</c><6>teINeverSay</c><4></c>"
00:03:43.807,00:03:44.308,64,0,"<4></c><3>itsukamatadanante</c><6>INeverSay</c><4></c>"
00:03:43.807,00:03:44.308,64,0,"<4></c><3>itsukamatadanante</c><6>INeverSay</c><4></c>"
00:03:44.308,00:03:44.608,64,0,"<4></c><3>itsukamatadananteI</c><6>NeverSay</c><4></c>"
00:03:44.308,00:03:44.608,64,0,"<4></c><3>itsukamatadananteI</c><6>NeverSay</c><4></c>"
00:03:44.608,00:03:45.008,64,0,"<4></c><3>itsukamatadananteINev</c><6>erSay</c><4></c>"
00:03:44.608,00:03:45.008,64,0,"<4></c><3>itsukamatadananteINev</c><6>erSay</c><4></c>"
00:03:45.008,00:03:45.442,64,0,"<4></c><3>itsukamatadananteINever</c><6>Say</c><4></c>"
00:03:45.008,00:03:45.442,64,0,"<4></c><3>itsukamatadananteINever</c><6>Say</c><4></c>"
00:03:45.442,00:03:47.878,64,0,"<4></c><3>itsukamatadananteINeverSay</c><4></c>"
00:03:45.442,00:03:47.878,64,0,"<4></c><3>itsukamatadananteINeverSay</c><4></c>"
00:03:49.780,00:03:50.314,73,0,"<4></c><3>ku</c><6>chibiruniuraharanokoshitamamade</c><4></c>"
00:03:49.780,00:03:50.314,73,0,"<4></c><3>ku</c><6>chibiruniuraharanokoshitamamade</c><4></c>"
00:03:49.780,00:03:57.988,56,-1,"<4></c><3>Alingeringlieonthelips</c><4></c>"
00:03:49.780,00:03:57.988,56,-1,"<4></c><3>Alingeringlieonthelips</c><4></c>"
00:03:50.314,00:03:50.581,73,0,"<4></c><3>kuchi</c><6>biruniuraharanokoshitamamade</c><4></c>"
00:03:50.314,00:03:50.581,73,0,"<4></c><3>kuchi</c><6>biruniuraharanokoshitamamade</c><4></c>"
00:03:50.581,00:03:50.881,73,0,"<4></c><3>kuchibi</c><6>runiuraharanokoshitamamade</c><4></c>"
00:03:50.581,00:03:50.881,73,0,"<4></c><3>kuchibi</c><6>runiuraharanokoshitamamade</c><4></c>"
00:03:50.881,00:03:51.048,73,0,"<4></c><3>kuchibiru</c><6>niuraharanokoshitamamade</c><4></c>"
00:03:50.881,00:03:51.048,73,0,"<4></c><3>kuchibiru</c><6>niuraharanokoshitamamade</c><4></c>"
00:03:51.048,00:03:51.381,73,0,"<4></c><3>kuchibiruni</c><6>uraharanokoshitamamade</c><4></c>"
00:03:51.048,00:03:51.381,73,0,"<4></c><3>kuchibiruni</c><6>uraharanokoshitamamade</c><4></c>"
00:03:51.381,00:03:51.682,73,0,"<4></c><3>kuchibiruniu</c><6>raharanokoshitamamade</c><4></c>"
00:03:51.381,00:03:51.682,73,0,"<4></c><3>kuchibiruniu</c><6>raharanokoshitamamade</c><4></c>"
00:03:51.682,00:03:51.982,73,0,"<4></c><3>kuchibiruniura</c><6>haranokoshitamamade</c><4></c>"
00:03:51.682,00:03:51.982,73,0,"<4></c><3>kuchibiruniura</c><6>haranokoshitamamade</c><4></c>"
00:03:51.982,00:03:52.516,73,0,"<4></c><3>kuchibiruniuraha</c><6>ranokoshitamamade</c><4></c>"
00:03:51.982,00:03:52.516,73,0,"<4></c><3>kuchibiruniuraha</c><6>ranokoshitamamade</c><4></c>"
00:03:52.516,00:03:53.083,73,0,"<4></c><3>kuchibiruniurahara</c><6>nokoshitamamade</c><4></c>"
00:03:52.516,00:03:53.083,73,0,"<4></c><3>kuchibiruniurahara</c><6>nokoshitamamade</c><4></c>"
00:03:53.083,00:03:53.317,73,0,"<4></c><3>kuchibiruniuraharano</c><6>koshitamamade</c><4></c>"
00:03:53.083,00:03:53.317,73,0,"<4></c><3>kuchibiruniuraharano</c><6>koshitamamade</c><4></c>"
00:03:53.317,00:03:53.584,73,0,"<4></c><3>kuchibiruniuraharanoko</c><6>shitamamade</c><4></c>"
00:03:53.317,00:03:53.584,73,0,"<4></c><3>kuchibiruniuraharanoko</c><6>shitamamade</c><4></c>"
00:03:53.584,00:03:53.750,73,0,"<4></c><3>kuchibiruniuraharanokoshi</c><6>tamamade</c><4></c>"
00:03:53.584,00:03:53.750,73,0,"<4></c><3>kuchibiruniuraharanokoshi</c><6>tamamade</c><4></c>"
00:03:53.750,00:03:54.151,73,0,"<4></c><3>kuchibiruniuraharanokoshita</c><6>mamade</c><4></c>"
00:03:53.750,00:03:54.151,73,0,"<4></c><3>kuchibiruniuraharanokoshita</c><6>mamade</c><4></c>"
00:03:54.151,00:03:56.353,73,0,"<4></c><3>kuchibiruniuraharanokoshitama</c><6>made</c><4></c>"
00:03:54.151,00:03:56.353,73,0,"<4></c><3>kuchibiruniuraharanokoshitama</c><6>made</c><4></c>"
00:03:56.353,00:03:56.587,73,0,"<4></c><3>kuchibiruniuraharanokoshitamama</c><6>de</c><4></c>"
00:03:56.353,00:03:56.587,73,0,"<4></c><3>kuchibiruniuraharanokoshitamama</c><6>de</c><4></c>"
00:03:56.587,00:03:57.988,73,0,"<4></c><3>kuchibiruniuraharanokoshitamamade</c><4></c>"
00:03:56.587,00:03:57.988,73,0,"<4></c><3>kuchibiruniuraharanokoshitamamade</c><4></c>"
00:03:57.988,00:03:58.255,-1,0,"<4></c><3>Turn</c><6>around</c><4></c>"
00:03:57.988,00:03:58.255,-1,0,"<4></c><3>Turn</c><6>around</c><4></c>"
00:03:57.988,00:04:02.059,-1,-1,"<4></c><3>Turnaround</c><4></c>"
00:03:57.988,00:04:02.059,-1,-1,"<4></c><3>Turnaround</c><4></c>"
00:03:58.255,00:03:58.555,-1,0,"<4></c><3>Turna</c><6>round</c><4></c>"
00:03:58.255,00:03:58.555,-1,0,"<4></c><3>Turna</c><6>round</c><4></c>"
00:03:58.555,00:04:02.059,-1,0,"<4></c><3>Turnaround</c><4></c>"
00:03:58.555,00:04:02.059,-1,0,"<4></c><3>Turnaround</c><4></c>"
00:04:02.059,00:04:02.125,-1,0,"<4></c><3>Turnaround</c><4></c>"
00:04:02.059,00:04:02.125,-1,0,"<4></c><3>Turnaround</c><4></c>"
00:04:02.059,00:04:02.125,-1,-1,"<4></c><3>Turnaround</c><4></c>"
00:04:02.059,00:04:02.125,-1,-1,"<4></c><3>Turnaround</c><4></c>"
00:04:02.125,00:04:02.192,-1,0,"<4></c><3>Turnaround</c><4></c>"
00:04:02.125,00:04:02.192,-1,0,"<4></c><3>Turnaround</c><4></c>"
00:04:02.125,00:04:02.192,-1,-1,"<4></c><3>Turnaround</c><4></c>"
00:04:02.125,00:04:02.192,-1,-1,"<4></c><3>Turnaround</c><4></c>"
00:04:02.192,00:04:02.259,-1,0,"<4></c><3>Turnaround</c><4></c>"
00:04:02.192,00:04:02.259,-1,0,"<4></c><3>Turnaround</c><4></c>"
00:04:02.192,00:04:02.259,-1,-1,"<4></c><3>Turnaround</c><4></c>"
00:04:02.192,00:04:02.259,-1,-1,"<4></c><3>Turnaround</c><4></c>"
00:04:02.259,00:04:02.326,-1,0,"<4></c><3>Turnaround</c><4></c>"
00:04:02.259,00:04:02.326,-1,0,"<4></c><3>Turnaround</c><4></c>"
00:04:02.259,00:04:02.326,-1,-1,"<4></c><3>Turnaround</c><4></c>"
00:04:02.259,00:04:02.326,-1,-1,"<4></c><3>Turnaround</c><4></c>"
00:04:02.326,00:04:02.392,-1,0,"<4></c><3>Turnaround</c><4></c>"
00:04:02.326,00:04:02.392,-1,0,"<4></c><3>Turnaround</c><4></c>"
00:04:02.326,00:04:02.392,-1,-1,"<4></c><3>Turnaround</c><4></c>"
00:04:02.326,00:04:02.392,-1,-1,"<4></c><3>Turnaround</c><4></c>"
00:04:02.392,00:04:02.459,-1,0,"<4></c><3>Turnaround</c><4></c>"
00:04:02.392,00:04:02.459,-1,0,"<4></c><3>Turnaround</c><4></c>"
00:04:02.392,00:04:02.459,-1,-1,"<4></c><3>Turnaround</c><4></c>"
00:04:02.392,00:04:02.459,-1,-1,"<4></c><3>Turnaround</c><4></c>"
00:04:02.459,00:04:02.526,-1,0,"<4></c><3>Turnaround</c><4></c>"
00:04:02.459,00:04:02.526,-1,0,"<4></c><3>Turnaround</c><4></c>"
00:04:02.459,00:04:02.526,-1,-1,"<4></c><3>Turnaround</c><4></c>"
00:04:02.459,00:04:02.526,-1,-1,"<4></c><3>Turnaround</c><4></c>"
00:04:02.526,00:04:02.593,-1,0,"<4></c><3>Turnaround</c><4></c>"
00:04:02.526,00:04:02.593,-1,0,"<4></c><3>Turnaround</c><4></c>"
00:04:02.526,00:04:02.593,-1,-1,"<4></c><3>Turnaround</c><4></c>"
00:04:02.526,00:04:02.593,-1,-1,"<4></c><3>Turnaround</c><4></c>"
00:04:02.593,00:04:02.659,-1,0,"<4></c><3>Turnaround</c><4></c>"
00:04:02.593,00:04:02.659,-1,0,"<4></c><3>Turnaround</c><4></c>"
00:04:02.593,00:04:02.659,-1,-1,"<4></c><3>Turnaround</c><4></c>"
00:04:02.593,00:04:02.659,-1,-1,"<4></c><3>Turnaround</c><4></c>"
00:04:02.659,00:04:02.726,-1,0,"<4></c><3>Turnaround</c><4></c>"
00:04:02.659,00:04:02.726,-1,0,"<4></c><3>Turnaround</c><4></c>"
00:04:02.659,00:04:02.726,-1,-1,"<4></c><3>Turnaround</c><4></c>"
00:04:02.659,00:04:02.726,-1,-1,"<4></c><3>Turnaround</c><4></c>"
00:04:02.726,00:04:02.793,-1,0,"<4></c><3>Turnaround</c><4></c>"
00:04:02.726,00:04:02.793,-1,0,"<4></c><3>Turnaround</c><4></c>"
00:04:02.726,00:04:02.793,-1,-1,"<4></c><3>Turnaround</c><4></c>"
00:04:02.726,00:04:02.793,-1,-1,"<4></c><3>Turnaround</c><4></c>"
00:04:02.793,00:04:02.859,-1,0,"<4></c><3>Turnaround</c><4></c>"
00:04:02.793,00:04:02.859,-1,0,"<4></c><3>Turnaround</c><4></c>"
00:04:02.793,00:04:02.859,-1,-1,"<4></c><3>Turnaround</c><4></c>"
00:04:02.793,00:04:02.859,-1,-1,"<4></c><3>Turnaround</c><4></c>"
00:04:02.859,00:04:02.926,-1,0,"<4></c><3>Turnaround</c><4></c>"
00:04:02.859,00:04:02.926,-1,0,"<4></c><3>Turnaround</c><4></c>"
00:04:02.859,00:04:02.926,-1,-1,"<4></c><3>Turnaround</c><4></c>"
00:04:02.859,00:04:02.926,-1,-1,"<4></c><3>Turnaround</c><4></c>"
00:04:02.926,00:04:02.993,-1,0,"<4></c><3>Turnaround</c><4></c>"
00:04:02.926,00:04:02.993,-1,0,"<4></c><3>Turnaround</c><4></c>"
00:04:02.926,00:04:02.993,-1,-1,"<4></c><3>Turnaround</c><4></c>"
00:04:02.926,00:04:02.993,-1,-1,"<4></c><3>Turnaround</c><4></c>"
00:04:02.993,00:04:03.060,-1,0,"<4></c><3>Turnaround</c><4></c>"
00:04:02.993,00:04:03.060,-1,0,"<4></c><3>Turnaround</c><4></c>"
00:04:02.993,00:04:03.060,-1,-1,"<4></c><3>Turnaround</c><4></c>"
00:04:02.993,00:04:03.060,-1,-1,"<4></c><3>Turnaround</c><4></c>"
00:04:03.060,00:04:03.160,-1,0,"<4></c><3>Turnaround</c><4></c>"
00:04:03.060,00:04:03.160,-1,0,"<4></c><3>Turnaround</c><4></c>"
00:04:03.060,00:04:03.160,-1,-1,"<4></c><3>Turnaround</c><4></c>"
00:04:03.060,00:04:03.160,-1,-1,"<4></c><3>Turnaround</c><4></c>"
