start,end,position,line,text
00:00:01.685,00:00:05.222,-1,0,"<1></c><2>TakaneLui-EvilEyeWink</c><1></c>"
00:00:01.685,00:00:03.454,66,91,"<1></c><2>LyricsCompositionArrangement:</c><1></c><2>teniwoha</c><1></c>"
00:00:03.454,00:00:05.222,-1,-1,"<1></c><2>Vocals:TakaneLui</c><1></c>"
00:00:08.092,00:00:08.325,-1,0,"<1></c><2>My</c><3>GodMyGod</c><1></c>"
00:00:08.092,00:00:09.226,-1,-1,"<1></c><2>MyGodMyGod</c><1></c>"
00:00:08.325,00:00:08.559,-1,0,"<1></c><2>MyGod</c><3>MyGod</c><1></c>"
00:00:08.559,00:00:08.759,-1,0,"<1></c><2>MyGodMy</c><3>God</c><1></c>"
00:00:08.759,00:00:09.226,-1,0,"<1></c><2>MyGodMyGod</c><1></c>"
00:00:08.759,00:00:09.226,-1,8,"<1></c><2>I'm</c><3>comingback</c><1></c><3>comingbackcomingback</c><1></c>"
00:00:08.759,00:00:12.296,58,76,"<1></c><2>I'mcomingbackcomingback</c><1></c><2>comingback</c><1></c>"
00:00:09.226,00:00:09.326,-1,8,"<1></c><2>I'mcom</c><3>ingback</c><1></c><3>comingbackcomingback</c><1></c>"
00:00:09.326,00:00:09.660,-1,8,"<1></c><2>I'mcoming</c><3>back</c><1></c><3>comingbackcomingback</c><1></c>"
00:00:09.660,00:00:10.094,-1,8,"<1></c><2>I'mcomingback</c><1></c><3>comingbackcomingback</c><1></c>"
00:00:10.094,00:00:10.194,-1,8,"<1></c><2>I'mcomingback</c><1></c><2>com</c><3>ingbackcomingback</c><1></c>"
00:00:10.194,00:00:10.527,-1,8,"<1></c><2>I'mcomingback</c><1></c><2>coming</c><3>backcomingback</c><1></c>"
00:00:10.527,00:00:10.961,-1,8,"<1></c><2>I'mcomingback</c><1></c><2>comingback</c><3>comingback</c><1></c>"
00:00:10.961,00:00:11.095,-1,8,"<1></c><2>I'mcomingback</c><1></c><2>comingbackcom</c><3>ingback</c><1></c>"
00:00:11.095,00:00:11.395,-1,8,"<1></c><2>I'mcomingback</c><1></c><2>comingbackcoming</c><3>back</c><1></c>"
00:00:11.395,00:00:12.296,-1,8,"<1></c><2>I'mcomingback</c><1></c><2>comingbackcomingback</c><1></c>"
00:00:12.296,00:00:12.763,-1,0,"<1></c><2>I'm</c><3>comingback</c><1></c><3>comingbackcomingback</c><1></c>"
00:00:12.296,00:00:15.366,58,83,"<1></c><2>I'mcomingbackcomingback</c><1></c><2>comingback</c><1></c>"
00:00:12.763,00:00:12.863,-1,0,"<1></c><2>I'mcom</c><3>ingback</c><1></c><3>comingbackcomingback</c><1></c>"
00:00:12.863,00:00:13.197,-1,0,"<1></c><2>I'mcoming</c><3>back</c><1></c><3>comingbackcomingback</c><1></c>"
00:00:13.197,00:00:13.630,-1,0,"<1></c><2>I'mcomingback</c><1></c><3>comingbackcomingback</c><1></c>"
00:00:13.630,00:00:13.731,-1,0,"<1></c><2>I'mcomingback</c><1></c><2>com</c><3>ingbackcomingback</c><1></c>"
00:00:13.731,00:00:14.064,-1,0,"<1></c><2>I'mcomingback</c><1></c><2>coming</c><3>backcomingback</c><1></c>"
00:00:14.064,00:00:14.498,-1,0,"<1></c><2>I'mcomingback</c><1></c><2>comingback</c><3>comingback</c><1></c>"
00:00:14.498,00:00:14.631,-1,0,"<1></c><2>I'mcomingback</c><1></c><2>comingbackcom</c><3>ingback</c><1></c>"
00:00:14.631,00:00:14.932,-1,0,"<1></c><2>I'mcomingback</c><1></c><2>comingbackcoming</c><3>back</c><1></c>"
00:00:14.932,00:00:15.366,-1,0,"<1></c><2>I'mcomingback</c><1></c><2>comingbackcomingback</c><1></c>"
00:00:18.235,00:00:18.469,-1,0,"<1></c><2>Sor</c><3>rytobelate</c><1></c>"
00:00:18.235,00:00:20.904,-1,-1,"<1></c><2>Sorrytobelate</c><1></c>"
00:00:18.469,00:00:20.237,-1,0,"<1></c><2>Sorry</c><3>tobelate</c><1></c>"
00:00:20.237,00:00:20.437,-1,0,"<1></c><2>Sorryto</c><3>belate</c><1></c>"
00:00:20.437,00:00:20.571,-1,0,"<1></c><2>Sorrytobe</c><3>late</c><1></c>"
00:00:20.571,00:00:20.904,-1,0,"<1></c><2>Sorrytobelate</c><1></c>"
00:00:24.008,00:00:24.208,-1,0,"<1></c><2>Do</c><3>yourememberme?</c><1></c>"
00:00:24.008,00:00:25.542,-1,-1,"<1></c><2>Doyourememberme?</c><1></c>"
00:00:24.208,00:00:24.441,-1,0,"<1></c><2>Doyou</c><3>rememberme?</c><1></c>"
00:00:24.441,00:00:24.641,-1,0,"<1></c><2>Doyoure</c><3>memberme?</c><1></c>"
00:00:24.641,00:00:24.875,-1,0,"<1></c><2>Doyouremem</c><3>berme?</c><1></c>"
00:00:24.875,00:00:25.075,-1,0,"<1></c><2>Doyouremember</c><3>me?</c><1></c>"
00:00:25.075,00:00:25.542,-1,0,"<1></c><2>Doyourememberme?</c><1></c>"
00:00:29.513,00:00:29.646,80,0,"<1></c><2>chaa</c><3>murumetomegaattarakittorakkaka</c><1></c>"
00:00:29.513,00:00:33.484,-1,91,"<1></c><2>Charmingoureyesmeet</c><1></c><2>andyou'redownbadbad</c><1></c>"
00:00:29.646,00:00:29.713,80,0,"<1></c><2>chaamu</c><3>rumetomegaattarakittorakkaka</c><1></c>"
00:00:29.713,00:00:29.847,80,0,"<1></c><2>chaamuru</c><3>metomegaattarakittorakkaka</c><1></c>"
00:00:29.847,00:00:30.381,80,0,"<1></c><2>chaamurume</c><3>tomegaattarakittorakkaka</c><1></c>"
00:00:30.381,00:00:30.848,80,0,"<1></c><2>chaamurumeto</c><3>megaattarakittorakkaka</c><1></c>"
00:00:30.848,00:00:31.248,80,0,"<1></c><2>chaamurumetome</c><3>gaattarakittorakkaka</c><1></c>"
00:00:31.248,00:00:31.615,80,0,"<1></c><2>chaamurumetomega</c><3>attarakittorakkaka</c><1></c>"
00:00:31.615,00:00:31.715,80,0,"<1></c><2>chaamurumetomegaa</c><3>ttarakittorakkaka</c><1></c>"
00:00:31.715,00:00:31.949,80,0,"<1></c><2>chaamurumetomegaat</c><3>tarakittorakkaka</c><1></c>"
00:00:31.949,00:00:32.049,80,0,"<1></c><2>chaamurumetomegaatta</c><3>rakittorakkaka</c><1></c>"
00:00:32.049,00:00:32.149,80,0,"<1></c><2>chaamurumetomegaattara</c><3>kittorakkaka</c><1></c>"
00:00:32.149,00:00:32.249,80,0,"<1></c><2>chaamurumetomegaattaraki</c><3>ttorakkaka</c><1></c>"
00:00:32.249,00:00:32.383,80,0,"<1></c><2>chaamurumetomegaattarakit</c><3>torakkaka</c><1></c>"
00:00:32.383,00:00:32.483,80,0,"<1></c><2>chaamurumetomegaattarakitto</c><3>rakkaka</c><1></c>"
00:00:32.483,00:00:32.583,80,0,"<1></c><2>chaamurumetomegaattarakittora</c><3>kkaka</c><1></c>"
00:00:32.583,00:00:32.816,80,0,"<1></c><2>chaamurumetomegaattarakittorak</c><3>kaka</c><1></c>"
00:00:32.816,00:00:33.017,80,0,"<1></c><2>chaamurumetomegaattarakittorakka</c><3>ka</c><1></c>"
00:00:33.017,00:00:33.484,80,0,"<1></c><2>chaamurumetomegaattarakittorakkaka</c><1></c>"
00:00:33.484,00:00:33.717,63,0,"<1></c><2>ta</c><3>nnaitsumewamoumakkakkada</c><1></c>"
00:00:33.484,00:00:36.553,80,-1,"<1></c><2>Notenoughmytalonsarealreadyredred</c><1></c>"
00:00:33.717,00:00:33.917,63,0,"<1></c><2>tan</c><3>naitsumewamoumakkakkada</c><1></c>"
00:00:33.917,00:00:34.084,63,0,"<1></c><2>tanna</c><3>itsumewamoumakkakkada</c><1></c>"
00:00:34.084,00:00:34.251,63,0,"<1></c><2>tannai</c><3>tsumewamoumakkakkada</c><1></c>"
00:00:34.251,00:00:34.351,63,0,"<1></c><2>tannaitsu</c><3>mewamoumakkakkada</c><1></c>"
00:00:34.351,00:00:34.785,63,0,"<1></c><2>tannaitsume</c><3>wamoumakkakkada</c><1></c>"
00:00:34.785,00:00:34.885,63,0,"<1></c><2>tannaitsumewa</c><3>moumakkakkada</c><1></c>"
00:00:34.885,00:00:35.019,63,0,"<1></c><2>tannaitsumewamo</c><3>umakkakkada</c><1></c>"
00:00:35.019,00:00:35.252,63,0,"<1></c><2>tannaitsumewamou</c><3>makkakkada</c><1></c>"
00:00:35.252,00:00:35.386,63,0,"<1></c><2>tannaitsumewamouma</c><3>kkakkada</c><1></c>"
00:00:35.386,00:00:35.586,63,0,"<1></c><2>tannaitsumewamoumak</c><3>kakkada</c><1></c>"
00:00:35.586,00:00:35.686,63,0,"<1></c><2>tannaitsumewamoumakka</c><3>kkada</c><1></c>"
00:00:35.686,00:00:35.919,63,0,"<1></c><2>tannaitsumewamoumakkak</c><3>kada</c><1></c>"
00:00:35.919,00:00:36.120,63,0,"<1></c><2>tannaitsumewamoumakkakka</c><3>da</c><1></c>"
00:00:36.120,00:00:36.553,63,0,"<1></c><2>tannaitsumewamoumakkakkada</c><1></c>"
00:00:36.553,00:00:36.653,-1,0,"<1></c><2>so</c><3>rewaWinkoffWinkoff</c><1></c>"
00:00:36.553,00:00:38.655,58,-1,"<1></c><2>Thisisawinkoffwinkoff</c><1></c>"
00:00:36.653,00:00:36.787,-1,0,"<1></c><2>sore</c><3>waWinkoffWinkoff</c><1></c>"
00:00:36.787,00:00:36.887,-1,0,"<1></c><2>sorewa</c><3>WinkoffWinkoff</c><1></c>"
00:00:36.887,00:00:37.421,-1,0,"<1></c><2>sorewaWink</c><3>offWinkoff</c><1></c>"
00:00:37.421,00:00:37.888,-1,0,"<1></c><2>sorewaWinkoff</c><3>Winkoff</c><1></c>"
00:00:37.888,00:00:38.322,-1,0,"<1></c><2>sorewaWinkoffWink</c><3>off</c><1></c>"
00:00:38.322,00:00:38.655,-1,0,"<1></c><2>sorewaWinkoffWinkoff</c><1></c>"
00:00:38.655,00:00:38.856,-1,0,"<1></c><2>ni</c><3>getemozuttorakkaka</c><1></c>"
00:00:38.655,00:00:40.290,70,-1,"<1></c><2>Youcanrunbutyoucan'thidehide</c><1></c>"
00:00:38.856,00:00:38.956,-1,0,"<1></c><2>nige</c><3>temozuttorakkaka</c><1></c>"
00:00:38.956,00:00:39.089,-1,0,"<1></c><2>nigete</c><3>mozuttorakkaka</c><1></c>"
00:00:39.089,00:00:39.189,-1,0,"<1></c><2>nigetemo</c><3>zuttorakkaka</c><1></c>"
00:00:39.189,00:00:39.256,-1,0,"<1></c><2>nigetemozu</c><3>ttorakkaka</c><1></c>"
00:00:39.256,00:00:39.390,-1,0,"<1></c><2>nigetemozut</c><3>torakkaka</c><1></c>"
00:00:39.390,00:00:39.523,-1,0,"<1></c><2>nigetemozutto</c><3>rakkaka</c><1></c>"
00:00:39.523,00:00:39.623,-1,0,"<1></c><2>nigetemozuttora</c><3>kkaka</c><1></c>"
00:00:39.623,00:00:39.857,-1,0,"<1></c><2>nigetemozuttorak</c><3>kaka</c><1></c>"
00:00:39.857,00:00:40.057,-1,0,"<1></c><2>nigetemozuttorakka</c><3>ka</c><1></c>"
00:00:40.057,00:00:40.290,-1,0,"<1></c><2>nigetemozuttorakkaka</c><1></c>"
00:00:40.290,00:00:40.524,-1,0,"<1></c><2>I'm</c><3>Crazynataifuunome</c><1></c>"
00:00:40.290,00:00:43.127,80,-1,"<1></c><2>I'mcrazywiththeeyeofthehurricaneI</c><1></c>"
00:00:40.524,00:00:40.858,-1,0,"<1></c><2>I'mCra</c><3>zynataifuunome</c><1></c>"
00:00:40.858,00:00:41.158,-1,0,"<1></c><2>I'mCrazy</c><3>nataifuunome</c><1></c>"
00:00:41.158,00:00:41.392,-1,0,"<1></c><2>I'mCrazyna</c><3>taifuunome</c><1></c>"
00:00:41.392,00:00:41.558,-1,0,"<1></c><2>I'mCrazynata</c><3>ifuunome</c><1></c>"
00:00:41.558,00:00:41.725,-1,0,"<1></c><2>I'mCrazynatai</c><3>fuunome</c><1></c>"
00:00:41.725,00:00:41.825,-1,0,"<1></c><2>I'mCrazynataifu</c><3>unome</c><1></c>"
00:00:41.825,00:00:42.059,-1,0,"<1></c><2>I'mCrazynataifuu</c><3>nome</c><1></c>"
00:00:42.059,00:00:42.292,-1,0,"<1></c><2>I'mCrazynataifuuno</c><3>me</c><1></c>"
00:00:42.292,00:00:43.127,-1,0,"<1></c><2>I'mCrazynataifuunome</c><1></c>"
00:00:43.127,00:00:43.460,-1,0,"<1></c><2>uin</c><3>ku</c><1></c>"
00:00:43.127,00:00:44.061,-1,-1,"<1></c><2>Wink</c><1></c>"
00:00:43.460,00:00:44.061,-1,0,"<1></c><2>uinku</c><1></c>"
00:00:44.061,00:00:44.294,-1,0,"<1></c><2>Show</c><3>downomegatakai</c><1></c>"
00:00:44.061,00:00:45.362,-1,-1,"<1></c><2>Showdowngotakeeneye</c><1></c>"
00:00:44.294,00:00:44.495,-1,0,"<1></c><2>Showdown</c><3>omegatakai</c><1></c>"
00:00:44.495,00:00:44.628,-1,0,"<1></c><2>Showdowno</c><3>megatakai</c><1></c>"
00:00:44.628,00:00:44.728,-1,0,"<1></c><2>Showdownome</c><3>gatakai</c><1></c>"
00:00:44.728,00:00:44.828,-1,0,"<1></c><2>Showdownomega</c><3>takai</c><1></c>"
00:00:44.828,00:00:44.928,-1,0,"<1></c><2>Showdownomegata</c><3>kai</c><1></c>"
00:00:44.928,00:00:45.129,-1,0,"<1></c><2>Showdownomegataka</c><3>i</c><1></c>"
00:00:45.129,00:00:45.362,-1,0,"<1></c><2>Showdownomegatakai</c><1></c>"
00:00:45.362,00:00:45.496,61,0,"<1></c><2>me</c><3>niiretatteitakunaikurai</c><1></c>"
00:00:45.362,00:00:47.564,66,-1,"<1></c><2>Noharmnofoulintakingalook</c><1></c>"
00:00:45.496,00:00:45.596,61,0,"<1></c><2>meni</c><3>iretatteitakunaikurai</c><1></c>"
00:00:45.596,00:00:45.696,61,0,"<1></c><2>menii</c><3>retatteitakunaikurai</c><1></c>"
00:00:45.696,00:00:45.829,61,0,"<1></c><2>meniire</c><3>tatteitakunaikurai</c><1></c>"
00:00:45.829,00:00:46.030,61,0,"<1></c><2>meniireta</c><3>tteitakunaikurai</c><1></c>"
00:00:46.030,00:00:46.130,61,0,"<1></c><2>meniiretatte</c><3>itakunaikurai</c><1></c>"
00:00:46.130,00:00:46.263,61,0,"<1></c><2>meniiretattei</c><3>takunaikurai</c><1></c>"
00:00:46.263,00:00:46.363,61,0,"<1></c><2>meniiretatteita</c><3>kunaikurai</c><1></c>"
00:00:46.363,00:00:46.497,61,0,"<1></c><2>meniiretatteitaku</c><3>naikurai</c><1></c>"
00:00:46.497,00:00:46.597,61,0,"<1></c><2>meniiretatteitakuna</c><3>ikurai</c><1></c>"
00:00:46.597,00:00:46.697,61,0,"<1></c><2>meniiretatteitakunai</c><3>kurai</c><1></c>"
00:00:46.697,00:00:46.764,61,0,"<1></c><2>meniiretatteitakunaiku</c><3>rai</c><1></c>"
00:00:46.764,00:00:47.031,61,0,"<1></c><2>meniiretatteitakunaikura</c><3>i</c><1></c>"
00:00:47.031,00:00:47.564,61,0,"<1></c><2>meniiretatteitakunaikurai</c><1></c>"
00:00:47.564,00:00:47.798,78,0,"<1></c><2>La</c><3>LaLaLakuchibashiniSweetVengeance</c><1></c>"
00:00:47.564,00:00:51.101,75,-1,"<1></c><2>La-la-la-lasweetvengeanceonmybeak</c><1></c>"
00:00:47.798,00:00:48.032,78,0,"<1></c><2>LaLa</c><3>LaLakuchibashiniSweetVengeance</c><1></c>"
00:00:48.032,00:00:48.232,78,0,"<1></c><2>LaLaLa</c><3>LakuchibashiniSweetVengeance</c><1></c>"
00:00:48.232,00:00:48.465,78,0,"<1></c><2>LaLaLaLa</c><3>kuchibashiniSweetVengeance</c><1></c>"
00:00:48.465,00:00:48.665,78,0,"<1></c><2>LaLaLaLaku</c><3>chibashiniSweetVengeance</c><1></c>"
00:00:48.665,00:00:48.899,78,0,"<1></c><2>LaLaLaLakuchi</c><3>bashiniSweetVengeance</c><1></c>"
00:00:48.899,00:00:49.133,78,0,"<1></c><2>LaLaLaLakuchiba</c><3>shiniSweetVengeance</c><1></c>"
00:00:49.133,00:00:49.333,78,0,"<1></c><2>LaLaLaLakuchibashi</c><3>niSweetVengeance</c><1></c>"
00:00:49.333,00:00:49.767,78,0,"<1></c><2>LaLaLaLakuchibashini</c><3>SweetVengeance</c><1></c>"
00:00:49.767,00:00:50.234,78,0,"<1></c><2>LaLaLaLakuchibashiniSweet</c><3>Vengeance</c><1></c>"
00:00:50.234,00:00:50.567,78,0,"<1></c><2>LaLaLaLakuchibashiniSweetVenge</c><3>ance</c><1></c>"
00:00:50.567,00:00:51.101,78,0,"<1></c><2>LaLaLaLakuchibashiniSweetVengeance</c><1></c>"
00:00:51.101,00:00:51.468,61,0,"<1></c><2>ni</c><3>kushiminaratokkunisuteta</c><1></c>"
00:00:51.101,00:00:54.638,73,-1,"<1></c><2>Icastasidemyhatredalongtimeago</c><1></c>"
00:00:51.468,00:00:51.769,61,0,"<1></c><2>niku</c><3>shiminaratokkunisuteta</c><1></c>"
00:00:51.769,00:00:52.002,61,0,"<1></c><2>nikushi</c><3>minaratokkunisuteta</c><1></c>"
00:00:52.002,00:00:52.202,61,0,"<1></c><2>nikushimi</c><3>naratokkunisuteta</c><1></c>"
00:00:52.202,00:00:52.336,61,0,"<1></c><2>nikushimina</c><3>ratokkunisuteta</c><1></c>"
00:00:52.336,00:00:52.870,61,0,"<1></c><2>nikushiminara</c><3>tokkunisuteta</c><1></c>"
00:00:52.870,00:00:52.970,61,0,"<1></c><2>nikushiminarato</c><3>kkunisuteta</c><1></c>"
00:00:52.970,00:00:53.203,61,0,"<1></c><2>nikushiminaratok</c><3>kunisuteta</c><1></c>"
00:00:53.203,00:00:53.537,61,0,"<1></c><2>nikushiminaratokku</c><3>nisuteta</c><1></c>"
00:00:53.537,00:00:53.771,61,0,"<1></c><2>nikushiminaratokkuni</c><3>suteta</c><1></c>"
00:00:53.771,00:00:53.971,61,0,"<1></c><2>nikushiminaratokkunisu</c><3>teta</c><1></c>"
00:00:53.971,00:00:54.104,61,0,"<1></c><2>nikushiminaratokkunisute</c><3>ta</c><1></c>"
00:00:54.104,00:00:54.638,61,0,"<1></c><2>nikushiminaratokkunisuteta</c><1></c>"
00:00:54.638,00:00:54.705,-1,0,"<1></c><2>ko</c><3>wagattenno?</c><1></c>"
00:00:54.638,00:00:55.739,-1,-1,"<1></c><2>Whatyou'restillscared?</c><1></c>"
00:00:54.705,00:00:54.872,-1,0,"<1></c><2>kowa</c><3>gattenno?</c><1></c>"
00:00:54.872,00:00:54.972,-1,0,"<1></c><2>kowaga</c><3>ttenno?</c><1></c>"
00:00:54.972,00:00:55.072,-1,0,"<1></c><2>kowagat</c><3>tenno?</c><1></c>"
00:00:55.072,00:00:55.205,-1,0,"<1></c><2>kowagatte</c><3>nno?</c><1></c>"
00:00:55.205,00:00:55.305,-1,0,"<1></c><2>kowagatten</c><3>no?</c><1></c>"
00:00:55.305,00:00:55.739,-1,0,"<1></c><2>kowagattenno?</c><1></c>"
00:00:55.739,00:00:55.839,-1,0,"<1></c><2>fu</c><3>unasso</c><1></c>"
00:00:55.739,00:00:57.508,-1,-1,"<1></c><2>Huhthatso?</c><1></c>"
00:00:55.839,00:00:55.939,-1,0,"<1></c><2>fuu</c><3>nasso</c><1></c>"
00:00:55.939,00:00:56.373,-1,0,"<1></c><2>fuun</c><3>asso</c><1></c>"
00:00:56.373,00:00:56.540,-1,0,"<1></c><2>fuuna</c><3>sso</c><1></c>"
00:00:56.540,00:00:56.874,-1,0,"<1></c><2>fuunas</c><3>so</c><1></c>"
00:00:56.874,00:00:57.508,-1,0,"<1></c><2>fuunasso</c><1></c>"
00:00:57.508,00:00:57.708,-1,0,"<1></c><2>Don't</c><3>letmedown</c><1></c>"
00:00:57.508,00:00:59.043,-1,-1,"<1></c><2>Don'tletmedown</c><1></c>"
00:00:57.708,00:00:57.941,-1,0,"<1></c><2>Don'tlet</c><3>medown</c><1></c>"
00:00:57.941,00:00:58.175,-1,0,"<1></c><2>Don'tletme</c><3>down</c><1></c>"
00:00:58.175,00:00:59.043,-1,0,"<1></c><2>Don'tletmedown</c><1></c>"
00:00:59.043,00:00:59.276,59,0,"<1></c><2>Eyes</c><3>onmenowEyesonmenow</c><1></c>"
00:00:59.043,00:01:01.045,59,-1,"<1></c><2>EyesonmenowEyesonmenow</c><1></c>"
00:00:59.276,00:00:59.510,59,0,"<1></c><2>Eyeson</c><3>menowEyesonmenow</c><1></c>"
00:00:59.510,00:00:59.710,59,0,"<1></c><2>Eyesonme</c><3>nowEyesonmenow</c><1></c>"
00:00:59.710,00:00:59.943,59,0,"<1></c><2>Eyesonmenow</c><3>Eyesonmenow</c><1></c>"
00:00:59.943,00:01:00.144,59,0,"<1></c><2>EyesonmenowEyes</c><3>onmenow</c><1></c>"
00:01:00.144,00:01:00.344,59,0,"<1></c><2>EyesonmenowEyeson</c><3>menow</c><1></c>"
00:01:00.344,00:01:00.611,59,0,"<1></c><2>EyesonmenowEyesonme</c><3>now</c><1></c>"
00:01:00.611,00:01:01.045,59,0,"<1></c><2>EyesonmenowEyesonmenow</c><1></c>"
00:01:01.045,00:01:01.278,-1,0,"<1></c><2>ma</c><3>damada</c><1></c>"
00:01:01.045,00:01:02.579,-1,-1,"<1></c><2>Keepgoing</c><1></c>"
00:01:01.278,00:01:01.478,-1,0,"<1></c><2>mada</c><3>mada</c><1></c>"
00:01:01.478,00:01:01.712,-1,0,"<1></c><2>madama</c><3>da</c><1></c>"
00:01:01.712,00:01:02.579,-1,0,"<1></c><2>madamada</c><1></c>"
00:01:02.579,00:01:02.780,-1,0,"<1></c><2>a</c><3>sobinaasobina</c><1></c>"
00:01:02.579,00:01:04.348,-1,-1,"<1></c><2>Playonplayon</c><1></c>"
00:01:02.780,00:01:03.013,-1,0,"<1></c><2>aso</c><3>binaasobina</c><1></c>"
00:01:03.013,00:01:03.247,-1,0,"<1></c><2>asobi</c><3>naasobina</c><1></c>"
00:01:03.247,00:01:03.447,-1,0,"<1></c><2>asobina</c><3>asobina</c><1></c>"
00:01:03.447,00:01:03.680,-1,0,"<1></c><2>asobinaa</c><3>sobina</c><1></c>"
00:01:03.680,00:01:03.914,-1,0,"<1></c><2>asobinaaso</c><3>bina</c><1></c>"
00:01:03.914,00:01:04.114,-1,0,"<1></c><2>asobinaasobi</c><3>na</c><1></c>"
00:01:04.114,00:01:04.348,-1,0,"<1></c><2>asobinaasobina</c><1></c>"
00:01:05.215,00:01:05.382,70,0,"<1></c><2>a</c><3>nzenjanaikara?kenzenjanaikara?</c><1></c>"
00:01:05.215,00:01:08.786,69,-1,"<1></c><2>It'snotsafe?It'snotproductive?</c><1></c>"
00:01:05.382,00:01:05.582,70,0,"<1></c><2>an</c><3>zenjanaikara?kenzenjanaikara?</c><1></c>"
00:01:05.582,00:01:05.716,70,0,"<1></c><2>anze</c><3>njanaikara?kenzenjanaikara?</c><1></c>"
00:01:05.716,00:01:05.883,70,0,"<1></c><2>anzen</c><3>janaikara?kenzenjanaikara?</c><1></c>"
00:01:05.883,00:01:06.083,70,0,"<1></c><2>anzenja</c><3>naikara?kenzenjanaikara?</c><1></c>"
00:01:06.083,00:01:06.216,70,0,"<1></c><2>anzenjana</c><3>ikara?kenzenjanaikara?</c><1></c>"
00:01:06.216,00:01:06.316,70,0,"<1></c><2>anzenjanai</c><3>kara?kenzenjanaikara?</c><1></c>"
00:01:06.316,00:01:06.450,70,0,"<1></c><2>anzenjanaika</c><3>ra?kenzenjanaikara?</c><1></c>"
00:01:06.450,00:01:06.984,70,0,"<1></c><2>anzenjanaikara?</c><3>kenzenjanaikara?</c><1></c>"
00:01:06.984,00:01:07.151,70,0,"<1></c><2>anzenjanaikara?ke</c><3>nzenjanaikara?</c><1></c>"
00:01:07.151,00:01:07.317,70,0,"<1></c><2>anzenjanaikara?ken</c><3>zenjanaikara?</c><1></c>"
00:01:07.317,00:01:07.484,70,0,"<1></c><2>anzenjanaikara?kenze</c><3>njanaikara?</c><1></c>"
00:01:07.484,00:01:07.651,70,0,"<1></c><2>anzenjanaikara?kenzen</c><3>janaikara?</c><1></c>"
00:01:07.651,00:01:07.851,70,0,"<1></c><2>anzenjanaikara?kenzenja</c><3>naikara?</c><1></c>"
00:01:07.851,00:01:07.985,70,0,"<1></c><2>anzenjanaikara?kenzenjana</c><3>ikara?</c><1></c>"
00:01:07.985,00:01:08.085,70,0,"<1></c><2>anzenjanaikara?kenzenjanai</c><3>kara?</c><1></c>"
00:01:08.085,00:01:08.185,70,0,"<1></c><2>anzenjanaikara?kenzenjanaika</c><3>ra?</c><1></c>"
00:01:08.185,00:01:08.786,70,0,"<1></c><2>anzenjanaikara?kenzenjanaikara?</c><1></c>"
00:01:08.786,00:01:09.119,-1,0,"<1></c><2>so</c><3>regananda</c><1></c>"
00:01:08.786,00:01:10.521,-1,-1,"<1></c><2>Sowhatwhocares?</c><1></c>"
00:01:09.119,00:01:09.453,-1,0,"<1></c><2>sore</c><3>gananda</c><1></c>"
00:01:09.453,00:01:09.653,-1,0,"<1></c><2>sorega</c><3>nanda</c><1></c>"
00:01:09.653,00:01:09.987,-1,0,"<1></c><2>soregana</c><3>nda</c><1></c>"
00:01:09.987,00:01:10.320,-1,0,"<1></c><2>soreganan</c><3>da</c><1></c>"
00:01:10.320,00:01:10.521,-1,0,"<1></c><2>soregananda</c><1></c>"
00:01:10.521,00:01:10.754,56,0,"<1></c><2>Fran</c><3>ticdanemeniwameo</c><1></c>"
00:01:10.521,00:01:14.058,64,-1,"<1></c><2>Howfranticisaneyeforaneye</c><1></c>"
00:01:10.754,00:01:11.188,56,0,"<1></c><2>Frantic</c><3>danemeniwameo</c><1></c>"
00:01:11.188,00:01:11.622,56,0,"<1></c><2>Franticda</c><3>nemeniwameo</c><1></c>"
00:01:11.622,00:01:12.056,56,0,"<1></c><2>Franticdane</c><3>meniwameo</c><1></c>"
00:01:12.056,00:01:12.523,56,0,"<1></c><2>Franticdaneme</c><3>niwameo</c><1></c>"
00:01:12.523,00:01:12.723,56,0,"<1></c><2>Franticdanemeni</c><3>wameo</c><1></c>"
00:01:12.723,00:01:12.956,56,0,"<1></c><2>Franticdanemeniwa</c><3>meo</c><1></c>"
00:01:12.956,00:01:13.157,56,0,"<1></c><2>Franticdanemeniwame</c><3>o</c><1></c>"
00:01:13.157,00:01:14.058,56,0,"<1></c><2>Franticdanemeniwameo</c><1></c>"
00:01:14.058,00:01:14.358,-1,7,"<1></c><2>La</c><3>LaLaLaLa</c><1></c>"
00:01:14.058,00:01:15.826,-1,85,"<1></c><2>LaLaLaLaLa</c><1></c>"
00:01:14.358,00:01:14.725,-1,7,"<1></c><2>LaLa</c><3>LaLaLa</c><1></c>"
00:01:14.725,00:01:14.958,-1,7,"<1></c><2>LaLaLa</c><3>LaLa</c><1></c>"
00:01:14.958,00:01:15.392,-1,7,"<1></c><2>LaLaLaLa</c><3>La</c><1></c>"
00:01:15.392,00:01:15.826,-1,7,"<1></c><2>LaLaLaLaLa</c><1></c>"
00:01:15.826,00:01:16.493,-1,0,"<1></c><2>uinku</c><1></c>"
00:01:15.826,00:01:16.493,-1,-1,"<1></c><2>Wink</c><1></c>"
00:01:16.493,00:01:16.693,61,0,"<1></c><2>Say</c><3>LaLaLovinsekiraraGimme</c><1></c>"
00:01:16.493,00:01:19.129,61,-1,"<1></c><2>Sayla-la-lovin'freelygimme</c><1></c>"
00:01:16.693,00:01:16.894,61,0,"<1></c><2>SayLa</c><3>LaLovinsekiraraGimme</c><1></c>"
00:01:16.894,00:01:17.161,61,0,"<1></c><2>SayLaLa</c><3>LovinsekiraraGimme</c><1></c>"
00:01:17.161,00:01:17.361,61,0,"<1></c><2>SayLaLaLov</c><3>insekiraraGimme</c><1></c>"
00:01:17.361,00:01:17.594,61,0,"<1></c><2>SayLaLaLovin</c><3>sekiraraGimme</c><1></c>"
00:01:17.594,00:01:17.828,61,0,"<1></c><2>SayLaLaLovinse</c><3>kiraraGimme</c><1></c>"
00:01:17.828,00:01:18.028,61,0,"<1></c><2>SayLaLaLovinseki</c><3>raraGimme</c><1></c>"
00:01:18.028,00:01:18.262,61,0,"<1></c><2>SayLaLaLovinsekira</c><3>raGimme</c><1></c>"
00:01:18.262,00:01:18.462,61,0,"<1></c><2>SayLaLaLovinsekirara</c><3>Gimme</c><1></c>"
00:01:18.462,00:01:18.829,61,0,"<1></c><2>SayLaLaLovinsekiraraGim</c><3>me</c><1></c>"
00:01:18.829,00:01:19.129,61,0,"<1></c><2>SayLaLaLovinsekiraraGimme</c><1></c>"
00:01:19.129,00:01:19.329,-1,0,"<1></c><2>&amp;</c><3>uinku</c><1></c>"
00:01:19.129,00:01:19.997,-1,-1,"<1></c><2>Andwink</c><1></c>"
00:01:19.329,00:01:19.997,-1,0,"<1></c><2>&amp;uinku</c><1></c>"
00:01:19.997,00:01:20.230,58,0,"<1></c><2>Say</c><3>LieLieLiarmakkakkada</c><1></c>"
00:01:19.997,00:01:22.433,63,-1,"<1></c><2>Saylie-lie-liarpantsonfire</c><1></c>"
00:01:20.230,00:01:20.464,58,0,"<1></c><2>SayLie</c><3>LieLiarmakkakkada</c><1></c>"
00:01:20.464,00:01:20.664,58,0,"<1></c><2>SayLieLie</c><3>Liarmakkakkada</c><1></c>"
00:01:20.664,00:01:20.864,58,0,"<1></c><2>SayLieLieLi</c><3>armakkakkada</c><1></c>"
00:01:20.864,00:01:21.098,58,0,"<1></c><2>SayLieLieLiar</c><3>makkakkada</c><1></c>"
00:01:21.098,00:01:21.231,58,0,"<1></c><2>SayLieLieLiarma</c><3>kkakkada</c><1></c>"
00:01:21.231,00:01:21.432,58,0,"<1></c><2>SayLieLieLiarmak</c><3>kakkada</c><1></c>"
00:01:21.432,00:01:21.565,58,0,"<1></c><2>SayLieLieLiarmakka</c><3>kkada</c><1></c>"
00:01:21.565,00:01:21.765,58,0,"<1></c><2>SayLieLieLiarmakkak</c><3>kada</c><1></c>"
00:01:21.765,00:01:21.965,58,0,"<1></c><2>SayLieLieLiarmakkakka</c><3>da</c><1></c>"
00:01:21.965,00:01:22.433,58,0,"<1></c><2>SayLieLieLiarmakkakkada</c><1></c>"
00:01:22.433,00:01:22.866,-1,0,"<1></c><2>Oh</c><3>IEYEEYEwantyoude</c><1></c>"
00:01:22.433,00:01:24.635,-1,-1,"<1></c><2>OhI-eye-eyewantyou</c><1></c>"
00:01:22.866,00:01:23.333,-1,0,"<1></c><2>OhI</c><3>EYEEYEwantyoude</c><1></c>"
00:01:23.333,00:01:23.767,-1,0,"<1></c><2>OhIEYE</c><3>EYEwantyoude</c><1></c>"
00:01:23.767,00:01:23.967,-1,0,"<1></c><2>OhIEYEEYE</c><3>wantyoude</c><1></c>"
00:01:23.967,00:01:24.168,-1,0,"<1></c><2>OhIEYEEYEwant</c><3>youde</c><1></c>"
00:01:24.168,00:01:24.435,-1,0,"<1></c><2>OhIEYEEYEwantyou</c><3>de</c><1></c>"
00:01:24.435,00:01:24.635,-1,0,"<1></c><2>OhIEYEEYEwantyoude</c><1></c>"
00:01:24.635,00:01:24.868,-1,0,"<1></c><2>ba</c><3>ibaiensa</c><1></c>"
00:01:24.635,00:01:26.203,-1,-1,"<1></c><2>Bye-byegrudges</c><1></c>"
00:01:24.868,00:01:25.069,-1,0,"<1></c><2>bai</c><3>baiensa</c><1></c>"
00:01:25.069,00:01:25.302,-1,0,"<1></c><2>baiba</c><3>iensa</c><1></c>"
00:01:25.302,00:01:25.502,-1,0,"<1></c><2>baibai</c><3>ensa</c><1></c>"
00:01:25.502,00:01:25.636,-1,0,"<1></c><2>baibaie</c><3>nsa</c><1></c>"
00:01:25.636,00:01:25.769,-1,0,"<1></c><2>baibaien</c><3>sa</c><1></c>"
00:01:25.769,00:01:26.203,-1,0,"<1></c><2>baibaiensa</c><1></c>"
00:01:26.203,00:01:26.437,58,0,"<1></c><2>me</c><3>nimonomiseruMyEYEEYE</c><1></c>"
00:01:26.203,00:01:29.706,70,-1,"<1></c><2>I'llshowyouwhatIgotmyeyeeye</c><1></c>"
00:01:26.437,00:01:27.104,58,0,"<1></c><2>meni</c><3>monomiseruMyEYEEYE</c><1></c>"
00:01:27.104,00:01:27.237,58,0,"<1></c><2>menimo</c><3>nomiseruMyEYEEYE</c><1></c>"
00:01:27.237,00:01:27.738,58,0,"<1></c><2>menimono</c><3>miseruMyEYEEYE</c><1></c>"
00:01:27.738,00:01:27.871,58,0,"<1></c><2>menimonomi</c><3>seruMyEYEEYE</c><1></c>"
00:01:27.871,00:01:27.971,58,0,"<1></c><2>menimonomise</c><3>ruMyEYEEYE</c><1></c>"
00:01:27.971,00:01:28.205,58,0,"<1></c><2>menimonomiseru</c><3>MyEYEEYE</c><1></c>"
00:01:28.205,00:01:28.505,58,0,"<1></c><2>menimonomiseruMy</c><3>EYEEYE</c><1></c>"
00:01:28.505,00:01:28.839,58,0,"<1></c><2>menimonomiseruMyEYE</c><3>EYE</c><1></c>"
00:01:28.839,00:01:29.706,58,0,"<1></c><2>menimonomiseruMyEYEEYE</c><1></c>"
00:01:29.273,00:01:29.506,-1,7,"<1></c><2>(Wink</c><3>off)</c><1></c>"
00:01:29.273,00:01:29.940,-1,85,"<1></c><2>(Winkoff)</c><1></c>"
00:01:29.506,00:01:29.940,-1,7,"<1></c><2>(Winkoff)</c><1></c>"
00:01:29.706,00:01:29.807,58,0,"<1></c><2>i</c><3>iyomeotsumuruhanbunne</c><1></c>"
00:01:29.706,00:01:32.810,78,-1,"<1></c><2>OkayI'llclosemyeyesjustoneof'em</c><1></c>"
00:01:29.807,00:01:29.940,58,0,"<1></c><2>ii</c><3>yomeotsumuruhanbunne</c><1></c>"
00:01:29.940,00:01:30.574,58,0,"<1></c><2>iiyo</c><3>meotsumuruhanbunne</c><1></c>"
00:01:30.574,00:01:30.707,58,0,"<1></c><2>iiyome</c><3>otsumuruhanbunne</c><1></c>"
00:01:30.707,00:01:31.208,58,0,"<1></c><2>iiyomeo</c><3>tsumuruhanbunne</c><1></c>"
00:01:31.208,00:01:31.341,58,0,"<1></c><2>iiyomeotsu</c><3>muruhanbunne</c><1></c>"
00:01:31.341,00:01:31.475,58,0,"<1></c><2>iiyomeotsumu</c><3>ruhanbunne</c><1></c>"
00:01:31.475,00:01:31.708,58,0,"<1></c><2>iiyomeotsumuru</c><3>hanbunne</c><1></c>"
00:01:31.708,00:01:31.942,58,0,"<1></c><2>iiyomeotsumuruha</c><3>nbunne</c><1></c>"
00:01:31.942,00:01:32.076,58,0,"<1></c><2>iiyomeotsumuruhan</c><3>bunne</c><1></c>"
00:01:32.076,00:01:32.276,58,0,"<1></c><2>iiyomeotsumuruhanbu</c><3>nne</c><1></c>"
00:01:32.276,00:01:32.409,58,0,"<1></c><2>iiyomeotsumuruhanbun</c><3>ne</c><1></c>"
00:01:32.409,00:01:32.810,58,0,"<1></c><2>iiyomeotsumuruhanbunne</c><1></c>"
00:01:32.810,00:01:33.043,-1,0,"<1></c><2>ma</c><3>ganuinku</c><1></c>"
00:01:32.810,00:01:33.911,-1,-1,"<1></c><2>Evileyewink</c><1></c>"
00:01:33.043,00:01:33.277,-1,0,"<1></c><2>maga</c><3>nuinku</c><1></c>"
00:01:33.277,00:01:33.477,-1,0,"<1></c><2>magan</c><3>uinku</c><1></c>"
00:01:33.477,00:01:33.911,-1,0,"<1></c><2>maganuinku</c><1></c>"
00:01:35.012,00:01:35.112,-1,7,"<1></c><2>(yu</c><3>unougakenrankourin)</c><1></c>"
00:01:35.012,00:01:36.980,-1,85,"<1></c><2>(Herecomesthehotshot)</c><1></c>"
00:01:35.112,00:01:35.245,-1,7,"<1></c><2>(yuu</c><3>nougakenrankourin)</c><1></c>"
00:01:35.245,00:01:35.479,-1,7,"<1></c><2>(yuuno</c><3>ugakenrankourin)</c><1></c>"
00:01:35.479,00:01:35.879,-1,7,"<1></c><2>(yuunou</c><3>gakenrankourin)</c><1></c>"
00:01:35.879,00:01:36.113,-1,7,"<1></c><2>(yuunouga</c><3>kenrankourin)</c><1></c>"
00:01:36.113,00:01:36.213,-1,7,"<1></c><2>(yuunougake</c><3>nrankourin)</c><1></c>"
00:01:36.213,00:01:36.346,-1,7,"<1></c><2>(yuunougaken</c><3>rankourin)</c><1></c>"
00:01:36.346,00:01:36.447,-1,7,"<1></c><2>(yuunougakenra</c><3>nkourin)</c><1></c>"
00:01:36.447,00:01:36.547,-1,7,"<1></c><2>(yuunougakenran</c><3>kourin)</c><1></c>"
00:01:36.547,00:01:36.647,-1,7,"<1></c><2>(yuunougakenranko</c><3>urin)</c><1></c>"
00:01:36.647,00:01:36.780,-1,7,"<1></c><2>(yuunougakenrankou</c><3>rin)</c><1></c>"
00:01:36.780,00:01:36.880,-1,7,"<1></c><2>(yuunougakenrankouri</c><3>n)</c><1></c>"
00:01:36.780,00:01:36.980,-1,0,"<1></c><2>ma</c><3>gan(uinku)</c><1></c>"
00:01:36.780,00:01:38.315,-1,-1,"<1></c><2>Evileye(wink)</c><1></c>"
00:01:36.880,00:01:36.980,-1,7,"<1></c><2>(yuunougakenrankourin)</c><1></c>"
00:01:36.980,00:01:37.448,-1,0,"<1></c><2>maga</c><3>n(uinku)</c><1></c>"
00:01:37.448,00:01:37.881,-1,0,"<1></c><2>magan</c><3>(uinku)</c><1></c>"
00:01:37.881,00:01:38.315,-1,0,"<1></c><2>magan(uinku)</c><1></c>"
00:01:39.850,00:01:40.050,-1,0,"<1></c><2>My</c><3>godMygod</c><1></c>"
00:01:39.850,00:01:42.086,-1,-1,"<1></c><2>Mygodmygod</c><1></c>"
00:01:40.050,00:01:40.284,-1,0,"<1></c><2>Mygod</c><3>Mygod</c><1></c>"
00:01:40.284,00:01:40.517,-1,0,"<1></c><2>MygodMy</c><3>god</c><1></c>"
00:01:40.517,00:01:42.086,-1,0,"<1></c><2>MygodMygod</c><1></c>"
00:01:42.086,00:01:42.186,-1,7,"<1></c><2>(Suck</c><3>itupSuckitup)</c><1></c>"
00:01:42.086,00:01:43.387,-1,85,"<1></c><2>(Suckitupsuckitup)</c><1></c>"
00:01:42.186,00:01:42.319,-1,7,"<1></c><2>(Suckit</c><3>upSuckitup)</c><1></c>"
00:01:42.319,00:01:42.519,-1,7,"<1></c><2>(Suckitup</c><3>Suckitup)</c><1></c>"
00:01:42.519,00:01:42.653,-1,7,"<1></c><2>(SuckitupSuck</c><3>itup)</c><1></c>"
00:01:42.653,00:01:42.753,-1,7,"<1></c><2>(SuckitupSuckit</c><3>up)</c><1></c>"
00:01:42.753,00:01:43.387,-1,7,"<1></c><2>(SuckitupSuckitup)</c><1></c>"
00:01:43.387,00:01:43.620,-1,0,"<1></c><2>ho</c><3>ragoranmatatakumani</c><1></c>"
00:01:43.387,00:01:45.823,69,-1,"<1></c><2>Takealookintheblinkofaneye</c><1></c>"
00:01:43.620,00:01:43.854,-1,0,"<1></c><2>hora</c><3>goranmatatakumani</c><1></c>"
00:01:43.854,00:01:43.954,-1,0,"<1></c><2>horago</c><3>ranmatatakumani</c><1></c>"
00:01:43.954,00:01:44.321,-1,0,"<1></c><2>horagora</c><3>nmatatakumani</c><1></c>"
00:01:44.321,00:01:44.488,-1,0,"<1></c><2>horagoran</c><3>matatakumani</c><1></c>"
00:01:44.488,00:01:44.721,-1,0,"<1></c><2>horagoranma</c><3>tatakumani</c><1></c>"
00:01:44.721,00:01:44.822,-1,0,"<1></c><2>horagoranmata</c><3>takumani</c><1></c>"
00:01:44.822,00:01:45.155,-1,0,"<1></c><2>horagoranmatata</c><3>kumani</c><1></c>"
00:01:45.155,00:01:45.355,-1,0,"<1></c><2>horagoranmatataku</c><3>mani</c><1></c>"
00:01:45.355,00:01:45.589,-1,0,"<1></c><2>horagoranmatatakuma</c><3>ni</c><1></c>"
00:01:45.589,00:01:45.823,-1,0,"<1></c><2>horagoranmatatakumani</c><1></c>"
00:01:45.823,00:01:46.156,-1,7,"<1></c><2>(EYE</c><3>EYEEYE)</c><1></c>"
00:01:45.823,00:01:46.690,-1,85,"<1></c><2>(EYEEYEEYE)</c><1></c>"
00:01:46.156,00:01:46.490,-1,7,"<1></c><2>(EYEEYE</c><3>EYE)</c><1></c>"
00:01:46.490,00:01:46.690,-1,7,"<1></c><2>(EYEEYEEYE)</c><1></c>"
00:01:46.690,00:01:46.890,-1,0,"<1></c><2>EYE</c><3>'llkillyou</c><1></c>"
00:01:46.690,00:01:48.425,-1,-1,"<1></c><2>EYE'llkillyou</c><1></c>"
00:01:46.890,00:01:47.157,-1,0,"<1></c><2>EYE'll</c><3>killyou</c><1></c>"
00:01:47.157,00:01:47.591,-1,0,"<1></c><2>EYE'llkill</c><3>you</c><1></c>"
00:01:47.591,00:01:48.425,-1,0,"<1></c><2>EYE'llkillyou</c><1></c>"
00:01:48.425,00:01:48.792,-1,0,"<1></c><2>uin</c><3>ku</c><1></c>"
00:01:48.425,00:01:49.359,-1,-1,"<1></c><2>Wink</c><1></c>"
00:01:48.792,00:01:49.359,-1,0,"<1></c><2>uinku</c><1></c>"
00:01:50.227,00:01:50.327,77,0,"<1></c><2>u</c><3>shiroyubi?sashitainaraosukinidouzo</c><1></c>"
00:01:50.227,00:01:53.130,75,-1,"<1></c><2>Backbiting?FeelfreeIwon'tstopyou</c><1></c>"
00:01:50.327,00:01:50.461,77,0,"<1></c><2>ushi</c><3>royubi?sashitainaraosukinidouzo</c><1></c>"
00:01:50.461,00:01:50.594,77,0,"<1></c><2>ushiro</c><3>yubi?sashitainaraosukinidouzo</c><1></c>"
00:01:50.594,00:01:50.694,77,0,"<1></c><2>ushiroyu</c><3>bi?sashitainaraosukinidouzo</c><1></c>"
00:01:50.694,00:01:51.295,77,0,"<1></c><2>ushiroyubi?</c><3>sashitainaraosukinidouzo</c><1></c>"
00:01:51.295,00:01:51.428,77,0,"<1></c><2>ushiroyubi?sa</c><3>shitainaraosukinidouzo</c><1></c>"
00:01:51.428,00:01:51.562,77,0,"<1></c><2>ushiroyubi?sashi</c><3>tainaraosukinidouzo</c><1></c>"
00:01:51.562,00:01:51.662,77,0,"<1></c><2>ushiroyubi?sashita</c><3>inaraosukinidouzo</c><1></c>"
00:01:51.662,00:01:51.762,77,0,"<1></c><2>ushiroyubi?sashitai</c><3>naraosukinidouzo</c><1></c>"
00:01:51.762,00:01:51.862,77,0,"<1></c><2>ushiroyubi?sashitaina</c><3>raosukinidouzo</c><1></c>"
00:01:51.862,00:01:52.029,77,0,"<1></c><2>ushiroyubi?sashitainara</c><3>osukinidouzo</c><1></c>"
00:01:52.029,00:01:52.129,77,0,"<1></c><2>ushiroyubi?sashitainarao</c><3>sukinidouzo</c><1></c>"
00:01:52.129,00:01:52.229,77,0,"<1></c><2>ushiroyubi?sashitainaraosu</c><3>kinidouzo</c><1></c>"
00:01:52.229,00:01:52.329,77,0,"<1></c><2>ushiroyubi?sashitainaraosuki</c><3>nidouzo</c><1></c>"
00:01:52.329,00:01:52.463,77,0,"<1></c><2>ushiroyubi?sashitainaraosukini</c><3>douzo</c><1></c>"
00:01:52.463,00:01:52.563,77,0,"<1></c><2>ushiroyubi?sashitainaraosukinido</c><3>uzo</c><1></c>"
00:01:52.563,00:01:52.696,77,0,"<1></c><2>ushiroyubi?sashitainaraosukinidou</c><3>zo</c><1></c>"
00:01:52.696,00:01:53.130,77,0,"<1></c><2>ushiroyubi?sashitainaraosukinidouzo</c><1></c>"
00:01:53.130,00:01:53.230,-1,0,"<1></c><2>to</c><3>uhoutouseifurikaeranu</c><1></c><3>shozonnokonrinzai</c><1></c>"
00:01:53.130,00:01:56.633,-1,91,"<1></c><2>Neverlookingback</c><1></c><2>notnownoteveramI</c><1></c>"
00:01:53.230,00:01:53.330,-1,0,"<1></c><2>tou</c><3>houtouseifurikaeranu</c><1></c><3>shozonnokonrinzai</c><1></c>"
00:01:53.330,00:01:53.464,-1,0,"<1></c><2>touho</c><3>utouseifurikaeranu</c><1></c><3>shozonnokonrinzai</c><1></c>"
00:01:53.464,00:01:53.797,-1,0,"<1></c><2>touhou</c><3>touseifurikaeranu</c><1></c><3>shozonnokonrinzai</c><1></c>"
00:01:53.797,00:01:53.931,-1,0,"<1></c><2>touhouto</c><3>useifurikaeranu</c><1></c><3>shozonnokonrinzai</c><1></c>"
00:01:53.931,00:01:54.031,-1,0,"<1></c><2>touhoutou</c><3>seifurikaeranu</c><1></c><3>shozonnokonrinzai</c><1></c>"
00:01:54.031,00:01:54.131,-1,0,"<1></c><2>touhoutouse</c><3>ifurikaeranu</c><1></c><3>shozonnokonrinzai</c><1></c>"
00:01:54.131,00:01:54.431,-1,0,"<1></c><2>touhoutousei</c><3>furikaeranu</c><1></c><3>shozonnokonrinzai</c><1></c>"
00:01:54.431,00:01:54.498,-1,0,"<1></c><2>touhoutouseifu</c><3>rikaeranu</c><1></c><3>shozonnokonrinzai</c><1></c>"
00:01:54.498,00:01:54.665,-1,0,"<1></c><2>touhoutouseifuri</c><3>kaeranu</c><1></c><3>shozonnokonrinzai</c><1></c>"
00:01:54.665,00:01:54.731,-1,0,"<1></c><2>touhoutouseifurika</c><3>eranu</c><1></c><3>shozonnokonrinzai</c><1></c>"
00:01:54.731,00:01:54.865,-1,0,"<1></c><2>touhoutouseifurikae</c><3>ranu</c><1></c><3>shozonnokonrinzai</c><1></c>"
00:01:54.865,00:01:54.965,-1,0,"<1></c><2>touhoutouseifurikaera</c><3>nu</c><1></c><3>shozonnokonrinzai</c><1></c>"
00:01:54.965,00:01:55.099,-1,0,"<1></c><2>touhoutouseifurikaeranu</c><1></c><3>shozonnokonrinzai</c><1></c>"
00:01:55.099,00:01:55.232,-1,0,"<1></c><2>touhoutouseifurikaeranu</c><1></c><2>sho</c><3>zonnokonrinzai</c><1></c>"
00:01:55.232,00:01:55.299,-1,0,"<1></c><2>touhoutouseifurikaeranu</c><1></c><2>shozo</c><3>nnokonrinzai</c><1></c>"
00:01:55.299,00:01:55.399,-1,0,"<1></c><2>touhoutouseifurikaeranu</c><1></c><2>shozon</c><3>nokonrinzai</c><1></c>"
00:01:55.399,00:01:55.532,-1,0,"<1></c><2>touhoutouseifurikaeranu</c><1></c><2>shozonno</c><3>konrinzai</c><1></c>"
00:01:55.532,00:01:55.632,-1,0,"<1></c><2>touhoutouseifurikaeranu</c><1></c><2>shozonnoko</c><3>nrinzai</c><1></c>"
00:01:55.632,00:01:55.766,-1,0,"<1></c><2>touhoutouseifurikaeranu</c><1></c><2>shozonnokon</c><3>rinzai</c><1></c>"
00:01:55.766,00:01:55.866,-1,0,"<1></c><2>touhoutouseifurikaeranu</c><1></c><2>shozonnokonri</c><3>nzai</c><1></c>"
00:01:55.866,00:01:55.999,-1,0,"<1></c><2>touhoutouseifurikaeranu</c><1></c><2>shozonnokonrin</c><3>zai</c><1></c>"
00:01:55.999,00:01:56.200,-1,0,"<1></c><2>touhoutouseifurikaeranu</c><1></c><2>shozonnokonrinza</c><3>i</c><1></c>"
00:01:56.200,00:01:56.633,-1,0,"<1></c><2>touhoutouseifurikaeranu</c><1></c><2>shozonnokonrinzai</c><1></c>"
00:01:56.633,00:01:56.733,-1,0,"<1></c><2>o</c><3>mataseSuckoutSuckout</c><1></c>"
00:01:56.633,00:01:58.368,70,-1,"<1></c><2>Keptyouwaiting?Suckoutsuckout</c><1></c>"
00:01:56.733,00:01:56.867,-1,0,"<1></c><2>oma</c><3>taseSuckoutSuckout</c><1></c>"
00:01:56.867,00:01:57.067,-1,0,"<1></c><2>omata</c><3>seSuckoutSuckout</c><1></c>"
00:01:57.067,00:01:57.267,-1,0,"<1></c><2>omatase</c><3>SuckoutSuckout</c><1></c>"
00:01:57.267,00:01:57.501,-1,0,"<1></c><2>omataseSuck</c><3>outSuckout</c><1></c>"
00:01:57.501,00:01:57.634,-1,0,"<1></c><2>omataseSuckout</c><3>Suckout</c><1></c>"
00:01:57.634,00:01:57.968,-1,0,"<1></c><2>omataseSuckoutSuck</c><3>out</c><1></c>"
00:01:57.968,00:01:58.368,-1,0,"<1></c><2>omataseSuckoutSuckout</c><1></c>"
00:01:58.368,00:01:58.502,-1,0,"<1></c><2>o</c><3>sarabauramiCutCut</c><1></c>"
00:01:58.368,00:02:00.170,61,-1,"<1></c><2>Farewellresentmentcutcut</c><1></c>"
00:01:58.502,00:01:58.602,-1,0,"<1></c><2>osa</c><3>rabauramiCutCut</c><1></c>"
00:01:58.602,00:01:58.836,-1,0,"<1></c><2>osara</c><3>bauramiCutCut</c><1></c>"
00:01:58.836,00:01:58.936,-1,0,"<1></c><2>osaraba</c><3>uramiCutCut</c><1></c>"
00:01:58.936,00:01:59.036,-1,0,"<1></c><2>osarabau</c><3>ramiCutCut</c><1></c>"
00:01:59.036,00:01:59.269,-1,0,"<1></c><2>osarabaura</c><3>miCutCut</c><1></c>"
00:01:59.269,00:01:59.403,-1,0,"<1></c><2>osarabaurami</c><3>CutCut</c><1></c>"
00:01:59.403,00:01:59.703,-1,0,"<1></c><2>osarabauramiCut</c><3>Cut</c><1></c>"
00:01:59.703,00:02:00.170,-1,0,"<1></c><2>osarabauramiCutCut</c><1></c>"
00:02:00.170,00:02:00.270,-1,0,"<1></c><2>bu</c><3>reikounatatarime</c><1></c>"
00:02:00.170,00:02:01.839,64,-1,"<1></c><2>Hardshipsbreakingrankandfile</c><1></c>"
00:02:00.270,00:02:00.337,-1,0,"<1></c><2>bure</c><3>ikounatatarime</c><1></c>"
00:02:00.337,00:02:00.404,-1,0,"<1></c><2>burei</c><3>kounatatarime</c><1></c>"
00:02:00.404,00:02:00.504,-1,0,"<1></c><2>bureiko</c><3>unatatarime</c><1></c>"
00:02:00.504,00:02:00.604,-1,0,"<1></c><2>bureikou</c><3>natatarime</c><1></c>"
00:02:00.604,00:02:00.838,-1,0,"<1></c><2>bureikouna</c><3>tatarime</c><1></c>"
00:02:00.838,00:02:01.171,-1,0,"<1></c><2>bureikounata</c><3>tarime</c><1></c>"
00:02:01.171,00:02:01.505,-1,0,"<1></c><2>bureikounatata</c><3>rime</c><1></c>"
00:02:01.505,00:02:01.705,-1,0,"<1></c><2>bureikounatatari</c><3>me</c><1></c>"
00:02:01.705,00:02:01.839,-1,0,"<1></c><2>bureikounatatarime</c><1></c>"
00:02:02.806,00:02:03.040,75,0,"<1></c><2>I'm</c><3>comingbackcomingbackcomingback</c><1></c>"
00:02:02.806,00:02:07.010,78,-1,"<1></c><2>I'mcomingbackcomingbackcomingback</c><1></c>"
00:02:03.040,00:02:03.140,75,0,"<1></c><2>I'mcom</c><3>ingbackcomingbackcomingback</c><1></c>"
00:02:03.140,00:02:03.373,75,0,"<1></c><2>I'mcoming</c><3>backcomingbackcomingback</c><1></c>"
00:02:03.373,00:02:03.907,75,0,"<1></c><2>I'mcomingback</c><3>comingbackcomingback</c><1></c>"
00:02:03.907,00:02:04.007,75,0,"<1></c><2>I'mcomingbackcom</c><3>ingbackcomingback</c><1></c>"
00:02:04.007,00:02:04.274,75,0,"<1></c><2>I'mcomingbackcoming</c><3>backcomingback</c><1></c>"
00:02:04.274,00:02:04.775,75,0,"<1></c><2>I'mcomingbackcomingback</c><3>comingback</c><1></c>"
00:02:04.775,00:02:04.908,75,0,"<1></c><2>I'mcomingbackcomingbackcom</c><3>ingback</c><1></c>"
00:02:04.908,00:02:05.109,75,0,"<1></c><2>I'mcomingbackcomingbackcoming</c><3>back</c><1></c>"
00:02:05.109,00:02:07.010,75,0,"<1></c><2>I'mcomingbackcomingbackcomingback</c><1></c>"
00:02:05.242,00:02:05.476,63,7,"<1></c><2>(Eyes</c><3>onmenowEyesonmenow)</c><1></c>"
00:02:05.242,00:02:07.010,-1,85,"<1></c><2>(Eyesonmenow)</c><1></c>"
00:02:05.476,00:02:05.676,63,7,"<1></c><2>(Eyeson</c><3>menowEyesonmenow)</c><1></c>"
00:02:05.676,00:02:05.909,63,7,"<1></c><2>(Eyesonme</c><3>nowEyesonmenow)</c><1></c>"
00:02:05.909,00:02:06.110,63,7,"<1></c><2>(Eyesonmenow</c><3>Eyesonmenow)</c><1></c>"
00:02:06.110,00:02:06.343,63,7,"<1></c><2>(EyesonmenowEyes</c><3>onmenow)</c><1></c>"
00:02:06.343,00:02:06.577,63,7,"<1></c><2>(EyesonmenowEyeson</c><3>menow)</c><1></c>"
00:02:06.577,00:02:06.777,63,7,"<1></c><2>(EyesonmenowEyesonme</c><3>now)</c><1></c>"
00:02:06.777,00:02:07.010,63,7,"<1></c><2>(EyesonmenowEyesonmenow)</c><1></c>"
00:02:07.010,00:02:07.444,-1,0,"<1></c><2>me</c><3>janaiganchuuninai</c><1></c>"
00:02:07.010,00:02:10.114,75,-1,"<1></c><2>I'lleyeyouupbutIwon'tbataneye</c><1></c>"
00:02:07.444,00:02:07.678,-1,0,"<1></c><2>meja</c><3>naiganchuuninai</c><1></c>"
00:02:07.678,00:02:07.778,-1,0,"<1></c><2>mejana</c><3>iganchuuninai</c><1></c>"
00:02:07.778,00:02:08.112,-1,0,"<1></c><2>mejanai</c><3>ganchuuninai</c><1></c>"
00:02:08.112,00:02:08.212,-1,0,"<1></c><2>mejanaiga</c><3>nchuuninai</c><1></c>"
00:02:08.212,00:02:08.345,-1,0,"<1></c><2>mejanaigan</c><3>chuuninai</c><1></c>"
00:02:08.345,00:02:08.445,-1,0,"<1></c><2>mejanaiganchu</c><3>uninai</c><1></c>"
00:02:08.445,00:02:08.545,-1,0,"<1></c><2>mejanaiganchuu</c><3>ninai</c><1></c>"
00:02:08.545,00:02:08.679,-1,0,"<1></c><2>mejanaiganchuuni</c><3>nai</c><1></c>"
00:02:08.679,00:02:09.446,-1,0,"<1></c><2>mejanaiganchuunina</c><3>i</c><1></c>"
00:02:08.779,00:02:08.979,63,21,"<1></c><2>(Eyes</c><3>onmenowEyesonmenow)</c><1></c>"
00:02:08.779,00:02:10.547,-1,85,"<1></c><2>(Eyesonmenow)</c><1></c>"
00:02:08.979,00:02:09.213,63,21,"<1></c><2>(Eyeson</c><3>menowEyesonmenow)</c><1></c>"
00:02:09.213,00:02:09.446,63,21,"<1></c><2>(Eyesonme</c><3>nowEyesonmenow)</c><1></c>"
00:02:09.446,00:02:10.114,-1,0,"<1></c><2>mejanaiganchuuninai</c><1></c>"
00:02:09.446,00:02:09.646,63,21,"<1></c><2>(Eyesonmenow</c><3>Eyesonmenow)</c><1></c>"
00:02:09.646,00:02:09.880,63,21,"<1></c><2>(EyesonmenowEyes</c><3>onmenow)</c><1></c>"
00:02:09.880,00:02:10.114,63,21,"<1></c><2>(EyesonmenowEyeson</c><3>menow)</c><1></c>"
00:02:10.114,00:02:10.314,63,21,"<1></c><2>(EyesonmenowEyesonme</c><3>now)</c><1></c>"
00:02:10.114,00:02:10.214,-1,0,"<1></c><2>so</c><3>usazenryoujanaidarou</c><1></c><3>sairyoujanaidarou</c><1></c>"
00:02:10.114,00:02:14.051,78,-1,"<1></c><2>Maybeit'snotgoodmaybeit'snotright</c><1></c>"
00:02:10.214,00:02:10.314,-1,0,"<1></c><2>sou</c><3>sazenryoujanaidarou</c><1></c><3>sairyoujanaidarou</c><1></c>"
00:02:10.314,00:02:10.547,63,21,"<1></c><2>(EyesonmenowEyesonmenow)</c><1></c>"
00:02:10.314,00:02:10.547,-1,0,"<1></c><2>sousa</c><3>zenryoujanaidarou</c><1></c><3>sairyoujanaidarou</c><1></c>"
00:02:10.547,00:02:10.714,-1,0,"<1></c><2>sousaze</c><3>nryoujanaidarou</c><1></c><3>sairyoujanaidarou</c><1></c>"
00:02:10.714,00:02:10.881,-1,0,"<1></c><2>sousazen</c><3>ryoujanaidarou</c><1></c><3>sairyoujanaidarou</c><1></c>"
00:02:10.881,00:02:11.014,-1,0,"<1></c><2>sousazenryo</c><3>ujanaidarou</c><1></c><3>sairyoujanaidarou</c><1></c>"
00:02:11.014,00:02:11.181,-1,0,"<1></c><2>sousazenryou</c><3>janaidarou</c><1></c><3>sairyoujanaidarou</c><1></c>"
00:02:11.181,00:02:11.415,-1,0,"<1></c><2>sousazenryouja</c><3>naidarou</c><1></c><3>sairyoujanaidarou</c><1></c>"
00:02:11.415,00:02:11.548,-1,0,"<1></c><2>sousazenryoujana</c><3>idarou</c><1></c><3>sairyoujanaidarou</c><1></c>"
00:02:11.548,00:02:11.648,-1,0,"<1></c><2>sousazenryoujanai</c><3>darou</c><1></c><3>sairyoujanaidarou</c><1></c>"
00:02:11.648,00:02:11.748,-1,0,"<1></c><2>sousazenryoujanaida</c><3>rou</c><1></c><3>sairyoujanaidarou</c><1></c>"
00:02:11.748,00:02:11.849,-1,0,"<1></c><2>sousazenryoujanaidaro</c><3>u</c><1></c><3>sairyoujanaidarou</c><1></c>"
00:02:11.849,00:02:12.316,-1,0,"<1></c><2>sousazenryoujanaidarou</c><1></c><3>sairyoujanaidarou</c><1></c>"
00:02:12.316,00:02:12.483,-1,0,"<1></c><2>sousazenryoujanaidarou</c><1></c><2>sa</c><3>iryoujanaidarou</c><1></c>"
00:02:12.483,00:02:12.649,-1,0,"<1></c><2>sousazenryoujanaidarou</c><1></c><2>sai</c><3>ryoujanaidarou</c><1></c>"
00:02:12.649,00:02:12.816,-1,0,"<1></c><2>sousazenryoujanaidarou</c><1></c><2>sairyo</c><3>ujanaidarou</c><1></c>"
00:02:12.816,00:02:12.950,-1,0,"<1></c><2>sousazenryoujanaidarou</c><1></c><2>sairyou</c><3>janaidarou</c><1></c>"
00:02:12.950,00:02:13.183,-1,0,"<1></c><2>sousazenryoujanaidarou</c><1></c><2>sairyouja</c><3>naidarou</c><1></c>"
00:02:13.183,00:02:13.317,-1,0,"<1></c><2>sousazenryoujanaidarou</c><1></c><2>sairyoujana</c><3>idarou</c><1></c>"
00:02:13.317,00:02:13.417,-1,0,"<1></c><2>sousazenryoujanaidarou</c><1></c><2>sairyoujanai</c><3>darou</c><1></c>"
00:02:13.417,00:02:13.517,-1,0,"<1></c><2>sousazenryoujanaidarou</c><1></c><2>sairyoujanaida</c><3>rou</c><1></c>"
00:02:13.517,00:02:13.617,-1,0,"<1></c><2>sousazenryoujanaidarou</c><1></c><2>sairyoujanaidaro</c><3>u</c><1></c>"
00:02:13.617,00:02:14.051,-1,0,"<1></c><2>sousazenryoujanaidarou</c><1></c><2>sairyoujanaidarou</c><1></c>"
00:02:14.051,00:02:14.384,-1,0,"<1></c><2>so</c><3>regadoushitanda</c><1></c>"
00:02:14.051,00:02:15.819,56,-1,"<1></c><2>Butyouknowwhatsowhat?</c><1></c>"
00:02:14.384,00:02:14.718,-1,0,"<1></c><2>sore</c><3>gadoushitanda</c><1></c>"
00:02:14.718,00:02:14.918,-1,0,"<1></c><2>sorega</c><3>doushitanda</c><1></c>"
00:02:14.918,00:02:15.052,-1,0,"<1></c><2>soregado</c><3>ushitanda</c><1></c>"
00:02:15.052,00:02:15.152,-1,0,"<1></c><2>soregadou</c><3>shitanda</c><1></c>"
00:02:15.152,00:02:15.285,-1,0,"<1></c><2>soregadoushi</c><3>tanda</c><1></c>"
00:02:15.285,00:02:15.452,-1,0,"<1></c><2>soregadoushita</c><3>nda</c><1></c>"
00:02:15.452,00:02:15.586,-1,0,"<1></c><2>soregadoushitan</c><3>da</c><1></c>"
00:02:15.586,00:02:15.819,-1,0,"<1></c><2>soregadoushitanda</c><1></c>"
00:02:15.819,00:02:16.053,56,0,"<1></c><2>Fran</c><3>ticdanemeniwameo</c><1></c>"
00:02:15.819,00:02:19.123,64,-1,"<1></c><2>Howfranticisaneyeforaneye</c><1></c>"
00:02:16.053,00:02:16.487,56,0,"<1></c><2>Frantic</c><3>danemeniwameo</c><1></c>"
00:02:16.487,00:02:16.954,56,0,"<1></c><2>Franticda</c><3>nemeniwameo</c><1></c>"
00:02:16.954,00:02:17.354,56,0,"<1></c><2>Franticdane</c><3>meniwameo</c><1></c>"
00:02:17.354,00:02:17.821,56,0,"<1></c><2>Franticdaneme</c><3>niwameo</c><1></c>"
00:02:17.821,00:02:18.021,56,0,"<1></c><2>Franticdanemeni</c><3>wameo</c><1></c>"
00:02:18.021,00:02:18.255,56,0,"<1></c><2>Franticdanemeniwa</c><3>meo</c><1></c>"
00:02:18.255,00:02:18.455,56,0,"<1></c><2>Franticdanemeniwame</c><3>o</c><1></c>"
00:02:18.455,00:02:19.123,56,0,"<1></c><2>Franticdanemeniwameo</c><1></c>"
00:02:19.123,00:02:19.590,-1,0,"<1></c><2>ha</c><3>niwahao</c><1></c>"
00:02:19.123,00:02:21.125,-1,-1,"<1></c><2>Rufflingyourfeathers</c><1></c>"
00:02:19.590,00:02:19.790,-1,0,"<1></c><2>hani</c><3>wahao</c><1></c>"
00:02:19.790,00:02:19.990,-1,0,"<1></c><2>haniwa</c><3>hao</c><1></c>"
00:02:19.990,00:02:20.224,-1,0,"<1></c><2>haniwaha</c><3>o</c><1></c>"
00:02:20.224,00:02:21.125,-1,0,"<1></c><2>haniwahao</c><1></c>"
00:02:21.125,00:02:21.458,-1,7,"<1></c><2>La</c><3>LaLaLaLa</c><1></c>"
00:02:21.125,00:02:22.860,-1,85,"<1></c><2>LaLaLaLaLa</c><1></c>"
00:02:21.458,00:02:21.792,-1,7,"<1></c><2>LaLa</c><3>LaLaLa</c><1></c>"
00:02:21.792,00:02:21.992,-1,7,"<1></c><2>LaLaLa</c><3>LaLa</c><1></c>"
00:02:21.992,00:02:22.459,-1,7,"<1></c><2>LaLaLaLa</c><3>La</c><1></c>"
00:02:22.459,00:02:22.860,-1,7,"<1></c><2>LaLaLaLaLa</c><1></c>"
00:02:22.860,00:02:23.560,-1,0,"<1></c><2>uinku</c><1></c>"
00:02:22.860,00:02:23.560,-1,-1,"<1></c><2>Wink</c><1></c>"
00:02:23.560,00:02:23.794,-1,0,"<1></c><2>C'est</c><3>lalavie</c><1></c>"
00:02:23.560,00:02:26.363,-1,-1,"<1></c><2>C'estlalavie</c><1></c>"
00:02:23.794,00:02:24.428,-1,0,"<1></c><2>C'estla</c><3>lavie</c><1></c>"
00:02:24.428,00:02:24.695,-1,0,"<1></c><2>C'estlala</c><3>vie</c><1></c>"
00:02:24.695,00:02:26.363,-1,0,"<1></c><2>C'estlalavie</c><1></c>"
00:02:26.363,00:02:26.830,-1,0,"<1></c><2>uinku</c><1></c>"
00:02:26.363,00:02:26.830,-1,-1,"<1></c><2>Wink</c><1></c>"
00:02:27.331,00:02:27.464,-1,0,"<1></c><2>ru</c><3>iwananioyobu?</c><1></c>"
00:02:27.331,00:02:29.933,-1,-1,"<1></c><2>Whoflockstogether?</c><1></c>"
00:02:27.464,00:02:27.531,-1,0,"<1></c><2>rui</c><3>wananioyobu?</c><1></c>"
00:02:27.531,00:02:27.731,-1,0,"<1></c><2>ruiwa</c><3>nanioyobu?</c><1></c>"
00:02:27.731,00:02:27.998,-1,0,"<1></c><2>ruiwana</c><3>nioyobu?</c><1></c>"
00:02:27.998,00:02:28.198,-1,0,"<1></c><2>ruiwanani</c><3>oyobu?</c><1></c>"
00:02:28.198,00:02:29.133,-1,0,"<1></c><2>ruiwananio</c><3>yobu?</c><1></c>"
00:02:29.133,00:02:29.466,-1,0,"<1></c><2>ruiwananioyo</c><3>bu?</c><1></c>"
00:02:29.466,00:02:29.933,-1,0,"<1></c><2>ruiwananioyobu?</c><1></c>"
00:02:29.933,00:02:30.367,-1,0,"<1></c><2>uinku</c><1></c>"
00:02:29.933,00:02:30.367,-1,-1,"<1></c><2>Wink</c><1></c>"
00:02:30.367,00:02:30.801,-1,0,"<1></c><2>C'est</c><3>lavie</c><1></c>"
00:02:30.367,00:02:31.702,-1,-1,"<1></c><2>C'estlavie</c><1></c>"
00:02:30.801,00:02:31.268,-1,0,"<1></c><2>C'estla</c><3>vie</c><1></c>"
00:02:31.268,00:02:31.702,-1,0,"<1></c><2>C'estlavie</c><1></c>"
00:02:31.702,00:02:31.935,-1,0,"<1></c><2>ha</c><3>batakioshiruuingu</c><1></c>"
00:02:31.702,00:02:34.138,66,-1,"<1></c><2>Theylearnedtoflapthesewings</c><1></c>"
00:02:31.935,00:02:32.136,-1,0,"<1></c><2>haba</c><3>takioshiruuingu</c><1></c>"
00:02:32.136,00:02:32.369,-1,0,"<1></c><2>habata</c><3>kioshiruuingu</c><1></c>"
00:02:32.369,00:02:32.603,-1,0,"<1></c><2>habataki</c><3>oshiruuingu</c><1></c>"
00:02:32.603,00:02:32.936,-1,0,"<1></c><2>habatakio</c><3>shiruuingu</c><1></c>"
00:02:32.936,00:02:33.237,-1,0,"<1></c><2>habatakioshi</c><3>ruuingu</c><1></c>"
00:02:33.237,00:02:33.470,-1,0,"<1></c><2>habatakioshiru</c><3>uingu</c><1></c>"
00:02:33.470,00:02:34.138,-1,0,"<1></c><2>habatakioshiruuingu</c><1></c>"
00:02:34.138,00:02:34.371,-1,0,"<1></c><2>me</c><3>gahanasenai</c><1></c>"
00:02:34.138,00:02:36.340,-1,-1,"<1></c><2>Can'ttakeyoureyesoff</c><1></c>"
00:02:34.371,00:02:34.571,-1,0,"<1></c><2>mega</c><3>hanasenai</c><1></c>"
00:02:34.571,00:02:34.805,-1,0,"<1></c><2>megaha</c><3>nasenai</c><1></c>"
00:02:34.805,00:02:35.005,-1,0,"<1></c><2>megahana</c><3>senai</c><1></c>"
00:02:35.005,00:02:35.272,-1,0,"<1></c><2>megahanase</c><3>nai</c><1></c>"
00:02:35.272,00:02:36.006,-1,0,"<1></c><2>megahanasena</c><3>i</c><1></c>"
00:02:36.006,00:02:36.340,-1,0,"<1></c><2>megahanasenai</c><1></c>"
00:02:36.340,00:02:36.440,-1,0,"<1></c><2>ka</c><3>npekinauinku</c><1></c>"
00:02:36.340,00:02:37.641,-1,-1,"<1></c><2>Aperfectwink</c><1></c>"
00:02:36.440,00:02:36.540,-1,0,"<1></c><2>kan</c><3>pekinauinku</c><1></c>"
00:02:36.540,00:02:36.673,-1,0,"<1></c><2>kanpe</c><3>kinauinku</c><1></c>"
00:02:36.673,00:02:36.740,-1,0,"<1></c><2>kanpeki</c><3>nauinku</c><1></c>"
00:02:36.740,00:02:37.007,-1,0,"<1></c><2>kanpekina</c><3>uinku</c><1></c>"
00:02:37.007,00:02:37.641,-1,0,"<1></c><2>kanpekinauinku</c><1></c>"
00:02:37.641,00:02:37.875,61,0,"<1></c><2>Say</c><3>LaLaLovinsekiraraGimme</c><1></c>"
00:02:37.641,00:02:40.277,61,-1,"<1></c><2>Sayla-la-lovin'freelygimme</c><1></c>"
00:02:37.875,00:02:38.075,61,0,"<1></c><2>SayLa</c><3>LaLovinsekiraraGimme</c><1></c>"
00:02:38.075,00:02:38.308,61,0,"<1></c><2>SayLaLa</c><3>LovinsekiraraGimme</c><1></c>"
00:02:38.308,00:02:38.542,61,0,"<1></c><2>SayLaLaLov</c><3>insekiraraGimme</c><1></c>"
00:02:38.542,00:02:38.742,61,0,"<1></c><2>SayLaLaLovin</c><3>sekiraraGimme</c><1></c>"
00:02:38.742,00:02:38.976,61,0,"<1></c><2>SayLaLaLovinse</c><3>kiraraGimme</c><1></c>"
00:02:38.976,00:02:39.176,61,0,"<1></c><2>SayLaLaLovinseki</c><3>raraGimme</c><1></c>"
00:02:39.176,00:02:39.409,61,0,"<1></c><2>SayLaLaLovinsekira</c><3>raGimme</c><1></c>"
00:02:39.409,00:02:39.643,61,0,"<1></c><2>SayLaLaLovinsekirara</c><3>Gimme</c><1></c>"
00:02:39.643,00:02:39.977,61,0,"<1></c><2>SayLaLaLovinsekiraraGim</c><3>me</c><1></c>"
00:02:39.977,00:02:40.277,61,0,"<1></c><2>SayLaLaLovinsekiraraGimme</c><1></c>"
00:02:40.277,00:02:40.511,-1,0,"<1></c><2>&amp;</c><3>uinku</c><1></c>"
00:02:40.277,00:02:41.178,-1,-1,"<1></c><2>Andwink</c><1></c>"
00:02:40.511,00:02:41.178,-1,0,"<1></c><2>&amp;uinku</c><1></c>"
00:02:41.178,00:02:41.378,58,0,"<1></c><2>Say</c><3>LieLieLiarmakkakkada</c><1></c>"
00:02:41.178,00:02:43.614,63,-1,"<1></c><2>Saylie-lie-liarpantsonfire</c><1></c>"
00:02:41.378,00:02:41.612,58,0,"<1></c><2>SayLie</c><3>LieLiarmakkakkada</c><1></c>"
00:02:41.612,00:02:41.845,58,0,"<1></c><2>SayLieLie</c><3>Liarmakkakkada</c><1></c>"
00:02:41.845,00:02:42.045,58,0,"<1></c><2>SayLieLieLi</c><3>armakkakkada</c><1></c>"
00:02:42.045,00:02:42.279,58,0,"<1></c><2>SayLieLieLiar</c><3>makkakkada</c><1></c>"
00:02:42.279,00:02:42.412,58,0,"<1></c><2>SayLieLieLiarma</c><3>kkakkada</c><1></c>"
00:02:42.412,00:02:42.613,58,0,"<1></c><2>SayLieLieLiarmak</c><3>kakkada</c><1></c>"
00:02:42.613,00:02:42.746,58,0,"<1></c><2>SayLieLieLiarmakka</c><3>kkada</c><1></c>"
00:02:42.746,00:02:42.946,58,0,"<1></c><2>SayLieLieLiarmakkak</c><3>kada</c><1></c>"
00:02:42.946,00:02:43.147,58,0,"<1></c><2>SayLieLieLiarmakkakka</c><3>da</c><1></c>"
00:02:43.147,00:02:43.614,58,0,"<1></c><2>SayLieLieLiarmakkakkada</c><1></c>"
00:02:43.614,00:02:44.047,-1,0,"<1></c><2>Oh</c><3>IEYEEYEwantyoude</c><1></c>"
00:02:43.614,00:02:45.816,-1,-1,"<1></c><2>OhI-eye-eyewantyou</c><1></c>"
00:02:44.047,00:02:44.481,-1,0,"<1></c><2>OhI</c><3>EYEEYEwantyoude</c><1></c>"
00:02:44.481,00:02:44.915,-1,0,"<1></c><2>OhIEYE</c><3>EYEwantyoude</c><1></c>"
00:02:44.915,00:02:45.149,-1,0,"<1></c><2>OhIEYEEYE</c><3>wantyoude</c><1></c>"
00:02:45.149,00:02:45.349,-1,0,"<1></c><2>OhIEYEEYEwant</c><3>youde</c><1></c>"
00:02:45.349,00:02:45.616,-1,0,"<1></c><2>OhIEYEEYEwantyou</c><3>de</c><1></c>"
00:02:45.616,00:02:45.816,-1,0,"<1></c><2>OhIEYEEYEwantyoude</c><1></c>"
00:02:45.816,00:02:46.049,-1,0,"<1></c><2>ba</c><3>ibaiensa</c><1></c>"
00:02:45.816,00:02:47.351,-1,-1,"<1></c><2>Bye-byegrudges</c><1></c>"
00:02:46.049,00:02:46.250,-1,0,"<1></c><2>bai</c><3>baiensa</c><1></c>"
00:02:46.250,00:02:46.483,-1,0,"<1></c><2>baiba</c><3>iensa</c><1></c>"
00:02:46.483,00:02:46.683,-1,0,"<1></c><2>baibai</c><3>ensa</c><1></c>"
00:02:46.683,00:02:46.817,-1,0,"<1></c><2>baibaie</c><3>nsa</c><1></c>"
00:02:46.817,00:02:46.950,-1,0,"<1></c><2>baibaien</c><3>sa</c><1></c>"
00:02:46.950,00:02:47.351,-1,0,"<1></c><2>baibaiensa</c><1></c>"
00:02:47.351,00:02:47.584,58,0,"<1></c><2>me</c><3>nimonomiseruMyEYEEYE</c><1></c>"
00:02:47.351,00:02:50.888,70,-1,"<1></c><2>I'llshowyouwhatIgotmyeyeeye</c><1></c>"
00:02:47.584,00:02:48.252,58,0,"<1></c><2>meni</c><3>monomiseruMyEYEEYE</c><1></c>"
00:02:48.252,00:02:48.385,58,0,"<1></c><2>menimo</c><3>nomiseruMyEYEEYE</c><1></c>"
00:02:48.385,00:02:48.886,58,0,"<1></c><2>menimono</c><3>miseruMyEYEEYE</c><1></c>"
00:02:48.886,00:02:49.019,58,0,"<1></c><2>menimonomi</c><3>seruMyEYEEYE</c><1></c>"
00:02:49.019,00:02:49.119,58,0,"<1></c><2>menimonomise</c><3>ruMyEYEEYE</c><1></c>"
00:02:49.119,00:02:49.353,58,0,"<1></c><2>menimonomiseru</c><3>MyEYEEYE</c><1></c>"
00:02:49.353,00:02:49.686,58,0,"<1></c><2>menimonomiseruMy</c><3>EYEEYE</c><1></c>"
00:02:49.686,00:02:49.987,58,0,"<1></c><2>menimonomiseruMyEYE</c><3>EYE</c><1></c>"
00:02:49.987,00:02:50.888,58,0,"<1></c><2>menimonomiseruMyEYEEYE</c><1></c>"
00:02:50.454,00:02:50.687,-1,7,"<1></c><2>(Wink</c><3>off)</c><1></c>"
00:02:50.454,00:02:51.188,-1,85,"<1></c><2>(Winkoff)</c><1></c>"
00:02:50.687,00:02:51.188,-1,7,"<1></c><2>(Winkoff)</c><1></c>"
00:02:50.888,00:02:51.121,56,0,"<1></c><2>mo</c><3>umegahanasenaiEYEEYE</c><1></c>"
00:02:50.888,00:02:53.957,67,-1,"<1></c><2>NotakingyoureyesoffIeyeeye</c><1></c>"
00:02:51.121,00:02:51.755,56,0,"<1></c><2>mou</c><3>megahanasenaiEYEEYE</c><1></c>"
00:02:51.755,00:02:51.922,56,0,"<1></c><2>moume</c><3>gahanasenaiEYEEYE</c><1></c>"
00:02:51.922,00:02:52.422,56,0,"<1></c><2>moumega</c><3>hanasenaiEYEEYE</c><1></c>"
00:02:52.422,00:02:52.523,56,0,"<1></c><2>moumegaha</c><3>nasenaiEYEEYE</c><1></c>"
00:02:52.523,00:02:52.656,56,0,"<1></c><2>moumegahana</c><3>senaiEYEEYE</c><1></c>"
00:02:52.656,00:02:52.890,56,0,"<1></c><2>moumegahanase</c><3>naiEYEEYE</c><1></c>"
00:02:52.890,00:02:53.023,56,0,"<1></c><2>moumegahanasena</c><3>iEYEEYE</c><1></c>"
00:02:53.023,00:02:53.190,56,0,"<1></c><2>moumegahanasenai</c><3>EYEEYE</c><1></c>"
00:02:53.190,00:02:53.557,56,0,"<1></c><2>moumegahanasenaiEYE</c><3>EYE</c><1></c>"
00:02:53.557,00:02:53.957,56,0,"<1></c><2>moumegahanasenaiEYEEYE</c><1></c>"
00:02:53.957,00:02:54.191,-1,0,"<1></c><2>ma</c><3>ganuinku</c><1></c>"
00:02:53.957,00:02:55.092,-1,-1,"<1></c><2>Evileyewink</c><1></c>"
00:02:54.191,00:02:54.424,-1,0,"<1></c><2>maga</c><3>nuinku</c><1></c>"
00:02:54.424,00:02:54.625,-1,0,"<1></c><2>magan</c><3>uinku</c><1></c>"
00:02:54.625,00:02:55.092,-1,0,"<1></c><2>maganuinku</c><1></c>"
00:02:57.961,00:02:58.195,-1,0,"<1></c><2>ma</c><3>gan(uinku)</c><1></c>"
00:02:57.961,00:02:59.496,-1,-1,"<1></c><2>Evileye(wink)</c><1></c>"
00:02:58.195,00:02:58.629,-1,0,"<1></c><2>maga</c><3>n(uinku)</c><1></c>"
00:02:58.629,00:02:59.062,-1,0,"<1></c><2>magan</c><3>(uinku)</c><1></c>"
00:02:59.062,00:02:59.496,-1,0,"<1></c><2>magan(uinku)</c><1></c>"
00:03:01.031,00:03:01.231,-1,0,"<1></c><2>My</c><3>godMygod</c><1></c>"
00:03:01.031,00:03:02.599,-1,-1,"<1></c><2>Mygodmygod</c><1></c>"
00:03:01.231,00:03:01.465,-1,0,"<1></c><2>Mygod</c><3>Mygod</c><1></c>"
00:03:01.465,00:03:01.698,-1,0,"<1></c><2>MygodMy</c><3>god</c><1></c>"
00:03:01.698,00:03:02.599,-1,0,"<1></c><2>MygodMygod</c><1></c>"
00:03:03.233,00:03:03.333,-1,7,"<1></c><2>(Suck</c><3>itupSuckitup)</c><1></c>"
00:03:03.233,00:03:04.568,-1,85,"<1></c><2>(Suckitupsuckitup)</c><1></c>"
00:03:03.333,00:03:03.467,-1,7,"<1></c><2>(Suckit</c><3>upSuckitup)</c><1></c>"
00:03:03.467,00:03:03.667,-1,7,"<1></c><2>(Suckitup</c><3>Suckitup)</c><1></c>"
00:03:03.667,00:03:03.800,-1,7,"<1></c><2>(SuckitupSuck</c><3>itup)</c><1></c>"
00:03:03.800,00:03:03.901,-1,7,"<1></c><2>(SuckitupSuckit</c><3>up)</c><1></c>"
00:03:03.901,00:03:04.568,-1,7,"<1></c><2>(SuckitupSuckitup)</c><1></c>"
00:03:04.568,00:03:04.801,-1,0,"<1></c><2>ho</c><3>ragoranmatatakumani</c><1></c>"
00:03:04.568,00:03:07.004,69,-1,"<1></c><2>Takealookintheblinkofaneye</c><1></c>"
00:03:04.801,00:03:05.035,-1,0,"<1></c><2>hora</c><3>goranmatatakumani</c><1></c>"
00:03:05.035,00:03:05.135,-1,0,"<1></c><2>horago</c><3>ranmatatakumani</c><1></c>"
00:03:05.135,00:03:05.502,-1,0,"<1></c><2>horagora</c><3>nmatatakumani</c><1></c>"
00:03:05.502,00:03:05.669,-1,0,"<1></c><2>horagoran</c><3>matatakumani</c><1></c>"
00:03:05.669,00:03:05.903,-1,0,"<1></c><2>horagoranma</c><3>tatakumani</c><1></c>"
00:03:05.903,00:03:06.003,-1,0,"<1></c><2>horagoranmata</c><3>takumani</c><1></c>"
00:03:06.003,00:03:06.336,-1,0,"<1></c><2>horagoranmatata</c><3>kumani</c><1></c>"
00:03:06.336,00:03:06.537,-1,0,"<1></c><2>horagoranmatataku</c><3>mani</c><1></c>"
00:03:06.537,00:03:06.770,-1,0,"<1></c><2>horagoranmatatakuma</c><3>ni</c><1></c>"
00:03:06.770,00:03:07.004,-1,0,"<1></c><2>horagoranmatatakumani</c><1></c>"
00:03:07.004,00:03:07.337,-1,7,"<1></c><2>(EYE</c><3>EYEEYE)</c><1></c>"
00:03:07.004,00:03:07.871,-1,85,"<1></c><2>(EYEEYEEYE)</c><1></c>"
00:03:07.337,00:03:07.671,-1,7,"<1></c><2>(EYEEYE</c><3>EYE)</c><1></c>"
00:03:07.671,00:03:07.871,-1,7,"<1></c><2>(EYEEYEEYE)</c><1></c>"
00:03:07.871,00:03:08.205,56,0,"<1></c><2>EYE</c><3>EYEEYEEYE'llkillyou</c><1></c>"
00:03:07.871,00:03:11.208,56,-1,"<1></c><2>EYEEYEEYEEYE'llkillyou</c><1></c>"
00:03:08.205,00:03:08.539,56,0,"<1></c><2>EYEEYE</c><3>EYEEYE'llkillyou</c><1></c>"
00:03:08.539,00:03:08.772,56,0,"<1></c><2>EYEEYEEYE</c><3>EYE'llkillyou</c><1></c>"
00:03:08.772,00:03:09.373,56,0,"<1></c><2>EYEEYEEYEEYE</c><3>'llkillyou</c><1></c>"
00:03:09.373,00:03:09.673,56,0,"<1></c><2>EYEEYEEYEEYE'll</c><3>killyou</c><1></c>"
00:03:09.673,00:03:10.507,56,0,"<1></c><2>EYEEYEEYEEYE'llkill</c><3>you</c><1></c>"
00:03:10.507,00:03:11.208,56,0,"<1></c><2>EYEEYEEYEEYE'llkillyou</c><1></c>"
00:03:10.541,00:03:10.874,-1,7,"<1></c><2>La</c><3>LaLaLaLa</c><1></c>"
00:03:10.874,00:03:11.208,-1,7,"<1></c><2>LaLa</c><3>LaLaLa</c><1></c>"
00:03:11.208,00:03:11.441,-1,7,"<1></c><2>LaLaLa</c><3>LaLa</c><1></c>"
00:03:11.441,00:03:11.875,-1,7,"<1></c><2>LaLaLaLa</c><3>La</c><1></c>"
00:03:11.875,00:03:12.276,-1,7,"<1></c><2>LaLaLaLaLa</c><1></c>"
00:03:12.276,00:03:12.609,-1,7,"<1></c><2>La</c><3>LaLaLaLa</c><1></c>"
00:03:12.609,00:03:12.910,-1,7,"<1></c><2>LaLa</c><3>LaLaLa</c><1></c>"
00:03:12.910,00:03:13.143,-1,7,"<1></c><2>LaLaLa</c><3>LaLa</c><1></c>"
00:03:13.143,00:03:13.610,-1,7,"<1></c><2>LaLaLaLa</c><3>La</c><1></c>"
00:03:13.610,00:03:14.077,-1,7,"<1></c><2>LaLaLaLaLa</c><1></c>"
00:03:14.077,00:03:14.411,-1,7,"<1></c><2>La</c><3>LaLaLaLa</c><1></c>"
00:03:14.411,00:03:14.745,-1,7,"<1></c><2>LaLa</c><3>LaLaLa</c><1></c>"
00:03:14.745,00:03:14.945,-1,7,"<1></c><2>LaLaLa</c><3>LaLa</c><1></c>"
00:03:14.945,00:03:15.412,-1,7,"<1></c><2>LaLaLaLa</c><3>La</c><1></c>"
00:03:15.412,00:03:15.812,-1,7,"<1></c><2>LaLaLaLaLa</c><1></c>"
00:03:15.812,00:03:16.146,-1,7,"<1></c><2>La</c><3>LaLaLa</c><1></c>"
00:03:16.146,00:03:16.480,-1,7,"<1></c><2>LaLa</c><3>LaLa</c><1></c>"
00:03:16.480,00:03:16.713,-1,7,"<1></c><2>LaLaLa</c><3>La</c><1></c>"
00:03:16.713,00:03:16.947,-1,7,"<1></c><2>LaLaLaLa</c><1></c>"
00:03:16.947,00:03:17.147,-1,0,"<1></c><2>Wink</c><3>off</c><1></c>"
00:03:16.947,00:03:17.581,-1,-1,"<1></c><2>Winkoff</c><1></c>"
00:03:17.147,00:03:17.581,-1,0,"<1></c><2>Winkoff</c><1></c>"
00:03:17.581,00:03:17.915,-1,7,"<1></c><2>La</c><3>LaLaLaLa</c><1></c>"
00:03:17.915,00:03:18.248,-1,7,"<1></c><2>LaLa</c><3>LaLaLa</c><1></c>"
00:03:18.248,00:03:18.482,-1,7,"<1></c><2>LaLaLa</c><3>LaLa</c><1></c>"
00:03:18.482,00:03:18.916,-1,7,"<1></c><2>LaLaLaLa</c><3>La</c><1></c>"
00:03:18.916,00:03:19.349,-1,7,"<1></c><2>LaLaLaLaLa</c><1></c>"
00:03:19.349,00:03:19.683,-1,7,"<1></c><2>La</c><3>LaLaLaLa</c><1></c>"
00:03:19.683,00:03:19.983,-1,7,"<1></c><2>LaLa</c><3>LaLaLa</c><1></c>"
00:03:19.983,00:03:20.217,-1,7,"<1></c><2>LaLaLa</c><3>LaLa</c><1></c>"
00:03:20.217,00:03:20.684,-1,7,"<1></c><2>LaLaLaLa</c><3>La</c><1></c>"
00:03:20.684,00:03:21.118,-1,7,"<1></c><2>LaLaLaLaLa</c><1></c>"
00:03:21.118,00:03:21.451,-1,7,"<1></c><2>La</c><3>LaLaLaLa</c><1></c>"
00:03:21.451,00:03:21.785,-1,7,"<1></c><2>LaLa</c><3>LaLaLa</c><1></c>"
00:03:21.785,00:03:21.985,-1,7,"<1></c><2>LaLaLa</c><3>LaLa</c><1></c>"
00:03:21.985,00:03:22.452,-1,7,"<1></c><2>LaLaLaLa</c><3>La</c><1></c>"
00:03:22.452,00:03:22.886,-1,7,"<1></c><2>LaLaLaLaLa</c><1></c>"
00:03:22.886,00:03:23.220,-1,7,"<1></c><2>La</c><3>LaLaLa</c><1></c>"
00:03:23.220,00:03:23.554,-1,7,"<1></c><2>LaLa</c><3>LaLa</c><1></c>"
00:03:23.554,00:03:23.754,-1,7,"<1></c><2>LaLaLa</c><3>La</c><1></c>"
00:03:23.754,00:03:24.221,-1,7,"<1></c><2>LaLaLaLa</c><1></c>"
00:03:24.221,00:03:24.821,-1,0,"<1></c><2>Wink</c><1></c>"
00:03:24.221,00:03:24.821,-1,-1,"<1></c><2>Wink</c><1></c>"
